 demo                      SWAT+ 2026-05-13        MODULAR Rev 2026.unknown                               
         hru        year         mon         day crop/fert/pest operation  phubase        phuplant  soil_water      plant_bioms   surf_rsd       soil_no3      soil_solp         op_var           var1          var2             var3             var4            var5            var6           var7 
         ---         ---         ---         ---       ---         ---       deg_c           deg_c          mm            kg/ha      kg/ha          kg/ha          kg/ha          ---              ---           ---              ---              ---             ---             ---            ---
           1        1975           4           1 chisplow            TILLAGE   7.1317151E-02  0.0000000E+00   81.06810      0.0000000E+00   7000.000       60.29678       44.63580      0.3000000    
           2        1975           4           1 chisplow            TILLAGE   7.1317151E-02  0.0000000E+00   81.24255      0.0000000E+00   7000.000       68.89314       51.71807      0.3000000    
           3        1975           4           1 chisplow            TILLAGE   7.1317151E-02  0.0000000E+00   81.19276      0.0000000E+00   7000.000       64.87288       45.90520      0.3000000    
           4        1975           4           1 chisplow            TILLAGE   7.1317151E-02  0.0000000E+00   81.08685      0.0000000E+00   7000.000       63.80407       45.76447      0.3000000    
           5        1975           4           1 chisplow            TILLAGE   7.1317151E-02  0.0000000E+00   81.23293      0.0000000E+00   7000.000       67.42030       46.27198      0.3000000    
           6        1975           4           1 chisplow            TILLAGE   7.1317151E-02  0.0000000E+00   81.18300      0.0000000E+00   7000.000       68.69894       46.56425      0.3000000    
           7        1975           4           1 chisplow            TILLAGE   7.1317151E-02  0.0000000E+00   81.09248      0.0000000E+00   7000.000       60.38050       44.26488      0.3000000    
           8        1975           4           1 chisplow            TILLAGE   7.1317151E-02  0.0000000E+00   81.20599      0.0000000E+00   7000.000       60.29393       47.20789      0.3000000    
           9        1975           4           1 chisplow            TILLAGE   7.1317151E-02  0.0000000E+00   81.26292      0.0000000E+00   7000.000       69.94501       47.21867      0.3000000    
          10        1975           4           1 chisplow            TILLAGE   7.1317151E-02  0.0000000E+00   81.19201      0.0000000E+00   7000.000       68.34286       47.09634      0.3000000    
          11        1975           4           1 chisplow            TILLAGE   7.1317151E-02  0.0000000E+00   81.51482      0.0000000E+00   7000.000       86.25805       54.38960      0.3000000    
          12        1975           4           1 chisplow            TILLAGE   7.1317151E-02  0.0000000E+00   81.32550      0.0000000E+00   7000.000       70.73760       48.36427      0.3000000    
           1        1975           4          28 corn                                        PLANT   0.1347239      0.0000000E+00   109.3904      0.0000000E+00   14000.00       58.14274       45.03085      0.0000000E+00   6.000000    
           2        1975           4          28 corn                                        PLANT   0.1347239      0.0000000E+00   109.5517      0.0000000E+00   14000.00       67.43044       51.99791      0.0000000E+00   6.000000    
           3        1975           4          28 corn                                        PLANT   0.1347239      0.0000000E+00   109.5086      0.0000000E+00   14000.00       70.29023       46.77200      0.0000000E+00   6.000000    
           4        1975           4          28 corn                                        PLANT   0.1347239      0.0000000E+00   109.4084      0.0000000E+00   14000.00       66.25386       46.60630      0.0000000E+00   6.000000    
           5        1975           4          28 corn                                        PLANT   0.1347239      0.0000000E+00   109.5468      0.0000000E+00   14000.00       73.21300       47.27444      0.0000000E+00   6.000000    
           6        1975           4          28 corn                                        PLANT   0.1347239      0.0000000E+00   109.4995      0.0000000E+00   14000.00       76.62614       47.56640      0.0000000E+00   6.000000    
           7        1975           4          28 corn                                        PLANT   0.1347239      0.0000000E+00   109.4139      0.0000000E+00   14000.00       58.32039       44.65334      0.0000000E+00   6.000000    
           8        1975           4          28 corn                                        PLANT   0.1347239      0.0000000E+00   109.5212      0.0000000E+00   14000.00       59.09583       47.39764      0.0000000E+00   6.000000    
           9        1975           4          28 corn                                        PLANT   0.1347239      0.0000000E+00   109.5748      0.0000000E+00   14000.00       78.72530       48.27735      0.0000000E+00   6.000000    
          10        1975           4          28 corn                                        PLANT   0.1347239      0.0000000E+00   109.5082      0.0000000E+00   14000.00       72.55663       48.02829      0.0000000E+00   6.000000    
          11        1975           4          28 corn                                        PLANT   0.1347239      0.0000000E+00   109.8107      0.0000000E+00   14000.00       96.58515       55.60785      0.0000000E+00   6.000000    
          12        1975           4          28 corn                                        PLANT   0.1347239      0.0000000E+00   109.6340      0.0000000E+00   14000.00       76.86510       49.36728      0.0000000E+00   6.000000    
           1        1975           6           1 null                                        FERT   0.2633149      0.1819300       156.3814       1201.078       14000.00       33.83330       43.57782       181.4000      0.0000000E+00  0.0000000E+00  0.0000000E+00  0.0000000E+00  0.0000000E+00
           2        1975           6           1 null                                        FERT   0.2633149      0.1819300       159.5917       1187.013       14000.00       34.09006       50.49345       181.4000      0.0000000E+00  0.0000000E+00  0.0000000E+00  0.0000000E+00  0.0000000E+00
           3        1975           6           1 null                                        FERT   0.2633149      0.1819300       156.6379       1209.854       14000.00       57.84394       45.60131       181.4000      0.0000000E+00  0.0000000E+00  0.0000000E+00  0.0000000E+00  0.0000000E+00
           4        1975           6           1 null                                        FERT   0.2633149      0.1819300       156.7787       1209.344       14000.00       59.55183       45.46377       181.4000      0.0000000E+00  0.0000000E+00  0.0000000E+00  0.0000000E+00  0.0000000E+00
           5        1975           6           1 null                                        FERT   0.2633149      0.1819300       156.8072       1212.622       14000.00       62.18585       46.19690       181.4000      0.0000000E+00  0.0000000E+00  0.0000000E+00  0.0000000E+00  0.0000000E+00
           6        1975           6           1 null                                        FERT   0.2633149      0.1819300       157.0138       1212.456       14000.00       66.17351       46.50298       181.4000      0.0000000E+00  0.0000000E+00  0.0000000E+00  0.0000000E+00  0.0000000E+00
           7        1975           6           1 null                                        FERT   0.2633149      0.1819300       156.2826       1200.536       14000.00       34.78558       43.20126       181.4000      0.0000000E+00  0.0000000E+00  0.0000000E+00  0.0000000E+00  0.0000000E+00
           8        1975           6           1 null                                        FERT   0.2633149      0.1819300       158.8795       1173.311       14000.00       21.64699       45.84045       181.4000      0.0000000E+00  0.0000000E+00  0.0000000E+00  0.0000000E+00  0.0000000E+00
           9        1975           6           1 null                                        FERT   0.2633149      0.1819300       157.2403       1213.661       14000.00       67.36800       47.22393       181.4000      0.0000000E+00  0.0000000E+00  0.0000000E+00  0.0000000E+00  0.0000000E+00
          10        1975           6           1 null                                        FERT   0.2633149      0.1819300       158.1306       1209.982       14000.00       64.78318       46.92625       181.4000      0.0000000E+00  0.0000000E+00  0.0000000E+00  0.0000000E+00  0.0000000E+00
          11        1975           6           1 null                                        FERT   0.2633149      0.1819300       159.7314       1214.199       14000.00       86.31857       54.72375       181.4000      0.0000000E+00  0.0000000E+00  0.0000000E+00  0.0000000E+00  0.0000000E+00
          12        1975           6           1 null                                        FERT   0.2633149      0.1819300       158.6089       1212.739       14000.00       66.07481       48.28909       181.4000      0.0000000E+00  0.0000000E+00  0.0000000E+00  0.0000000E+00  0.0000000E+00
           1        1975          10           7 corn                                        HARV/KILL   0.8720326      0.0000000E+00  0.3911906       23393.53       18177.00       18.08346       34.73865       7160.935      0.0000000E+00  0.0000000E+00  0.0000000E+00  0.0000000E+00  0.0000000E+00
           2        1975          10           7 corn                                        HARV/KILL   0.8720326      0.0000000E+00  0.3911906       22488.32       17690.40       12.98390       41.75605       6935.240      0.0000000E+00  0.0000000E+00  0.0000000E+00  0.0000000E+00  0.0000000E+00
           3        1975          10           7 corn                                        HARV/KILL   0.8720326      0.0000000E+00  0.3911906       25178.06       19024.41       50.19833       37.13286       7712.137      0.0000000E+00  0.0000000E+00  0.0000000E+00  0.0000000E+00  0.0000000E+00
           4        1975          10           7 corn                                        HARV/KILL   0.8720326      0.0000000E+00  0.3911900       25184.30       19024.25       50.71596       36.94392       7717.031      0.0000000E+00  0.0000000E+00  0.0000000E+00  0.0000000E+00  0.0000000E+00
           5        1975          10           7 corn                                        HARV/KILL   0.8720326      0.0000000E+00  0.3911901       25188.30       19025.83       67.77345       38.06632       7718.574      0.0000000E+00  0.0000000E+00  0.0000000E+00  0.0000000E+00  0.0000000E+00
           6        1975          10           7 corn                                        HARV/KILL   0.8720326      0.0000000E+00  0.3911901       25197.52       19025.86       73.65453       38.36059       7725.542      0.0000000E+00  0.0000000E+00  0.0000000E+00  0.0000000E+00  0.0000000E+00
           7        1975          10           7 corn                                        HARV/KILL   0.8720326      0.0000000E+00  0.3911901       23316.10       18141.96       17.83579       34.38178       7135.373      0.0000000E+00  0.0000000E+00  0.0000000E+00  0.0000000E+00  0.0000000E+00
           8        1975          10           7 corn                                        HARV/KILL   0.8720326      0.0000000E+00  0.3911901       19010.61       16046.58       8.724108       38.62037       5853.820      0.0000000E+00  0.0000000E+00  0.0000000E+00  0.0000000E+00  0.0000000E+00
           9        1975          10           7 corn                                        HARV/KILL   0.8720326      0.0000000E+00  0.3911906       25208.34       19026.56       74.66000       39.20111       7733.110      0.0000000E+00  0.0000000E+00  0.0000000E+00  0.0000000E+00  0.0000000E+00
          10        1975          10           7 corn                                        HARV/KILL   0.8720326      0.0000000E+00  0.3911906       25242.83       19025.30       65.07619       38.58295       7760.518      0.0000000E+00  0.0000000E+00  0.0000000E+00  0.0000000E+00  0.0000000E+00
          11        1975          10           7 corn                                        HARV/KILL   0.8720326      0.0000000E+00  0.3911901       25308.14       19028.08       100.1174       46.88987       7807.513      0.0000000E+00  0.0000000E+00  0.0000000E+00  0.0000000E+00  0.0000000E+00
          12        1975          10           7 corn                                        HARV/KILL   0.8720326      0.0000000E+00  0.3911901       25264.61       19026.88       71.52908       40.10346       7775.570      0.0000000E+00  0.0000000E+00  0.0000000E+00  0.0000000E+00  0.0000000E+00
           1        1975          10           9 null                                        FERT   5.7405522E-03  0.0000000E+00  0.2037021      0.0000000E+00   25177.00       18.52071       34.79304       142.7000      0.0000000E+00  0.0000000E+00  0.0000000E+00  0.0000000E+00  0.0000000E+00
           2        1975          10           9 null                                        FERT   5.7405522E-03  0.0000000E+00  0.1993398      0.0000000E+00   24690.40       13.30777       41.80711       142.7000      0.0000000E+00  0.0000000E+00  0.0000000E+00  0.0000000E+00  0.0000000E+00
           3        1975          10           9 null                                        FERT   5.7405522E-03  0.0000000E+00  0.2110761      0.0000000E+00   26024.41       51.06461       37.19215       142.7000      0.0000000E+00  0.0000000E+00  0.0000000E+00  0.0000000E+00  0.0000000E+00
           4        1975          10           9 null                                        FERT   5.7405522E-03  0.0000000E+00  0.2110744      0.0000000E+00   26024.25       51.58954       37.00338       142.7000      0.0000000E+00  0.0000000E+00  0.0000000E+00  0.0000000E+00  0.0000000E+00
           5        1975          10           9 null                                        FERT   5.7405522E-03  0.0000000E+00  0.2110878      0.0000000E+00   26025.83       68.55076       38.12574       142.7000      0.0000000E+00  0.0000000E+00  0.0000000E+00  0.0000000E+00  0.0000000E+00
           6        1975          10           9 null                                        FERT   5.7405522E-03  0.0000000E+00  0.2110881      0.0000000E+00   26025.86       74.42254       38.42041       142.7000      0.0000000E+00  0.0000000E+00  0.0000000E+00  0.0000000E+00  0.0000000E+00
           7        1975          10           9 null                                        FERT   5.7405522E-03  0.0000000E+00  0.2033907      0.0000000E+00   25141.96       18.26236       34.43601       142.7000      0.0000000E+00  0.0000000E+00  0.0000000E+00  0.0000000E+00  0.0000000E+00
           8        1975          10           9 null                                        FERT   5.7405522E-03  0.0000000E+00  0.1838852      0.0000000E+00   23046.57       8.943074       38.66270       142.7000      0.0000000E+00  0.0000000E+00  0.0000000E+00  0.0000000E+00  0.0000000E+00
           9        1975          10           9 null                                        FERT   5.7405522E-03  0.0000000E+00  0.2110945      0.0000000E+00   26026.56       75.45872       39.26098       142.7000      0.0000000E+00  0.0000000E+00  0.0000000E+00  0.0000000E+00  0.0000000E+00
          10        1975          10           9 null                                        FERT   5.7405522E-03  0.0000000E+00  0.2110837      0.0000000E+00   26025.30       65.93114       38.64223       142.7000      0.0000000E+00  0.0000000E+00  0.0000000E+00  0.0000000E+00  0.0000000E+00
          11        1975          10           9 null                                        FERT   5.7405522E-03  0.0000000E+00  0.2111070      0.0000000E+00   26028.08       100.9864       46.94810       142.7000      0.0000000E+00  0.0000000E+00  0.0000000E+00  0.0000000E+00  0.0000000E+00
          12        1975          10           9 null                                        FERT   5.7405522E-03  0.0000000E+00  0.2110968      0.0000000E+00   26026.88       72.39061       40.16271       142.7000      0.0000000E+00  0.0000000E+00  0.0000000E+00  0.0000000E+00  0.0000000E+00
           1        1975          10          11 chisplow            TILLAGE   1.1715881E-02  0.0000000E+00  7.5892225E-02  0.0000000E+00   12723.90       18.96830       34.84692      0.3000000    
           2        1975          10          11 chisplow            TILLAGE   1.1715881E-02  0.0000000E+00  6.9153100E-02  0.0000000E+00   12383.28       13.63588       41.85771      0.3000000    
           3        1975          10          11 chisplow            TILLAGE   1.1715881E-02  0.0000000E+00  8.7337755E-02  0.0000000E+00   13317.09       51.95800       37.25493      0.3000000    
           4        1975          10          11 chisplow            TILLAGE   1.1715881E-02  0.0000000E+00  8.7335326E-02  0.0000000E+00   13316.98       52.48799       37.06633      0.3000000    
           5        1975          10          11 chisplow            TILLAGE   1.1715881E-02  0.0000000E+00  8.7356254E-02  0.0000000E+00   13318.08       69.36308       38.18775      0.3000000    
           6        1975          10          11 chisplow            TILLAGE   1.1715881E-02  0.0000000E+00  8.7356761E-02  0.0000000E+00   13318.10       75.22447       38.48283      0.3000000    
           7        1975          10          11 chisplow            TILLAGE   1.1715881E-02  0.0000000E+00  7.5410649E-02  0.0000000E+00   12699.37       18.69839       34.48972      0.3000000    
           8        1975          10          11 chisplow            TILLAGE   1.1715881E-02  0.0000000E+00  4.5464404E-02  0.0000000E+00   11232.60       9.164351       38.70468      0.3000000    
           9        1975          10          11 chisplow            TILLAGE   1.1715881E-02  0.0000000E+00  8.7366343E-02  0.0000000E+00   13318.59       76.29424       39.32327      0.3000000    
          10        1975          10          11 chisplow            TILLAGE   1.1715881E-02  0.0000000E+00  8.7349631E-02  0.0000000E+00   13317.71       66.81397       38.70579      0.3000000    
          11        1975          10          11 chisplow            TILLAGE   1.1715881E-02  0.0000000E+00  8.7386206E-02  0.0000000E+00   13319.66       101.7812       47.00809      0.3000000    
          12        1975          10          11 chisplow            TILLAGE   1.1715881E-02  0.0000000E+00  8.7370202E-02  0.0000000E+00   13318.81       73.28618       40.22614      0.3000000    
           1        1976           5           1 fldcult             TILLAGE   0.1520299      0.0000000E+00   156.5015      0.0000000E+00   7125.384       21.25824       39.54549      0.3000000    
           2        1976           5           1 fldcult             TILLAGE   0.1520299      0.0000000E+00   156.3029      0.0000000E+00   6934.637       8.780839       46.07084      0.3000000    
           3        1976           5           1 fldcult             TILLAGE   0.1520299      0.0000000E+00   159.6142      0.0000000E+00   7457.568       87.44102       42.79483      0.3000000    
           4        1976           5           1 fldcult             TILLAGE   0.1520299      0.0000000E+00   159.7366      0.0000000E+00   7457.507       87.50755       42.66751      0.3000000    
           5        1976           5           1 fldcult             TILLAGE   0.1520299      0.0000000E+00   159.7046      0.0000000E+00   7458.124       99.52894       43.89919      0.3000000    
           6        1976           5           1 fldcult             TILLAGE   0.1520299      0.0000000E+00   159.8452      0.0000000E+00   7458.138       106.4423       44.19406      0.3000000    
           7        1976           5           1 fldcult             TILLAGE   0.1520299      0.0000000E+00   156.3118      0.0000000E+00   7111.649       22.21143       39.22242      0.3000000    
           8        1976           5           1 fldcult             TILLAGE   0.1520299      0.0000000E+00   150.1554      0.0000000E+00   6290.257       6.043554       42.14500      0.3000000    
           9        1976           5           1 fldcult             TILLAGE   0.1520299      0.0000000E+00   159.9504      0.0000000E+00   7458.411       106.7254       45.11228      0.3000000    
          10        1976           5           1 fldcult             TILLAGE   0.1520299      0.0000000E+00   160.4795      0.0000000E+00   7457.917       104.5790       44.29805      0.3000000    
          11        1976           5           1 fldcult             TILLAGE   0.1520299      0.0000000E+00   161.1591      0.0000000E+00   7459.008       131.9169       52.85875      0.3000000    
          12        1976           5           1 fldcult             TILLAGE   0.1520299      0.0000000E+00   160.6920      0.0000000E+00   7458.535       107.1221       45.90419      0.3000000    
           1        1976           5           3 corn                                        PLANT   0.1600066      0.0000000E+00   150.4733      0.0000000E+00   9869.384       20.62321       39.59763      0.0000000E+00   6.000000    
           1        1976           5           3 null                                        FERT   0.1600066      0.0000000E+00   150.4733      0.0000000E+00   9869.384       20.62321       39.59763       26.00000      0.0000000E+00  0.0000000E+00  0.0000000E+00  0.0000000E+00  0.0000000E+00
           2        1976           5           3 corn                                        PLANT   0.1600066      0.0000000E+00   150.2073      0.0000000E+00   9678.637       8.312398       46.11494      0.0000000E+00   6.000000    
           2        1976           5           3 null                                        FERT   0.1600066      0.0000000E+00   150.2073      0.0000000E+00   9678.637       8.312398       46.11494       26.00000      0.0000000E+00  0.0000000E+00  0.0000000E+00  0.0000000E+00  0.0000000E+00
           3        1976           5           3 corn                                        PLANT   0.1600066      0.0000000E+00   153.7018      0.0000000E+00   10201.57       87.87609       42.88090      0.0000000E+00   6.000000    
           3        1976           5           3 null                                        FERT   0.1600066      0.0000000E+00   153.7018      0.0000000E+00   10201.57       87.87609       42.88090       26.00000      0.0000000E+00  0.0000000E+00  0.0000000E+00  0.0000000E+00  0.0000000E+00
           4        1976           5           3 corn                                        PLANT   0.1600066      0.0000000E+00   153.8241      0.0000000E+00   10201.51       88.33776       42.75172      0.0000000E+00   6.000000    
           4        1976           5           3 null                                        FERT   0.1600066      0.0000000E+00   153.8241      0.0000000E+00   10201.51       88.33776       42.75172       26.00000      0.0000000E+00  0.0000000E+00  0.0000000E+00  0.0000000E+00  0.0000000E+00
           5        1976           5           3 corn                                        PLANT   0.1600066      0.0000000E+00   153.7923      0.0000000E+00   10202.12       100.1344       43.99555      0.0000000E+00   6.000000    
           5        1976           5           3 null                                        FERT   0.1600066      0.0000000E+00   153.7923      0.0000000E+00   10202.12       100.1344       43.99555       26.00000      0.0000000E+00  0.0000000E+00  0.0000000E+00  0.0000000E+00  0.0000000E+00
           6        1976           5           3 corn                                        PLANT   0.1600066      0.0000000E+00   153.9329      0.0000000E+00   10202.14       107.0568       44.29053      0.0000000E+00   6.000000    
           6        1976           5           3 null                                        FERT   0.1600066      0.0000000E+00   153.9329      0.0000000E+00   10202.14       107.0568       44.29053       26.00000      0.0000000E+00  0.0000000E+00  0.0000000E+00  0.0000000E+00  0.0000000E+00
           7        1976           5           3 corn                                        PLANT   0.1600066      0.0000000E+00   150.2787      0.0000000E+00   9855.649       21.57570       39.27654      0.0000000E+00   6.000000    
           7        1976           5           3 null                                        FERT   0.1600066      0.0000000E+00   150.2787      0.0000000E+00   9855.649       21.57570       39.27654       26.00000      0.0000000E+00  0.0000000E+00  0.0000000E+00  0.0000000E+00  0.0000000E+00
           8        1976           5           3 corn                                        PLANT   0.1600066      0.0000000E+00   143.8275      0.0000000E+00   9034.258       5.697877       42.17847      0.0000000E+00   6.000000    
           8        1976           5           3 null                                        FERT   0.1600066      0.0000000E+00   143.8275      0.0000000E+00   9034.258       5.697877       42.17847       26.00000      0.0000000E+00  0.0000000E+00  0.0000000E+00  0.0000000E+00  0.0000000E+00
           9        1976           5           3 corn                                        PLANT   0.1600066      0.0000000E+00   154.0382      0.0000000E+00   10202.41       107.3437       45.21264      0.0000000E+00   6.000000    
           9        1976           5           3 null                                        FERT   0.1600066      0.0000000E+00   154.0382      0.0000000E+00   10202.41       107.3437       45.21264       26.00000      0.0000000E+00  0.0000000E+00  0.0000000E+00  0.0000000E+00  0.0000000E+00
          10        1976           5           3 corn                                        PLANT   0.1600066      0.0000000E+00   154.5671      0.0000000E+00   10201.92       105.1890       44.38932      0.0000000E+00   6.000000    
          10        1976           5           3 null                                        FERT   0.1600066      0.0000000E+00   154.5671      0.0000000E+00   10201.92       105.1890       44.38932       26.00000      0.0000000E+00  0.0000000E+00  0.0000000E+00  0.0000000E+00  0.0000000E+00
          11        1976           5           3 corn                                        PLANT   0.1600066      0.0000000E+00   155.2471      0.0000000E+00   10203.01       136.1638       52.97131      0.0000000E+00   6.000000    
          11        1976           5           3 null                                        FERT   0.1600066      0.0000000E+00   155.2471      0.0000000E+00   10203.01       136.1638       52.97131       26.00000      0.0000000E+00  0.0000000E+00  0.0000000E+00  0.0000000E+00  0.0000000E+00
          12        1976           5           3 corn                                        PLANT   0.1600066      0.0000000E+00   154.7798      0.0000000E+00   10202.54       107.6729       46.00043      0.0000000E+00   6.000000    
          12        1976           5           3 null                                        FERT   0.1600066      0.0000000E+00   154.7798      0.0000000E+00   10202.54       107.6729       46.00043       26.00000      0.0000000E+00  0.0000000E+00  0.0000000E+00  0.0000000E+00  0.0000000E+00
           1        1976           6           6 null                                        FERT   0.3016571      0.2192041       108.0668       1718.745       9869.384       1.736330       37.88865       182.6000      0.0000000E+00  0.0000000E+00  0.0000000E+00  0.0000000E+00  0.0000000E+00
           2        1976           6           6 null                                        FERT   0.3016571      0.2192041       107.7222       1191.841       9678.637       1.128511       45.16914       182.6000      0.0000000E+00  0.0000000E+00  0.0000000E+00  0.0000000E+00  0.0000000E+00
           3        1976           6           6 null                                        FERT   0.3016571      0.2192041       112.5512       1765.271       10201.57       76.01816       41.58414       182.6000      0.0000000E+00  0.0000000E+00  0.0000000E+00  0.0000000E+00  0.0000000E+00
           4        1976           6           6 null                                        FERT   0.3016571      0.2192041       112.7427       1765.030       10201.51       79.97227       41.44380       182.6000      0.0000000E+00  0.0000000E+00  0.0000000E+00  0.0000000E+00  0.0000000E+00
           5        1976           6           6 null                                        FERT   0.3016571      0.2192041       112.6944       1765.789       10202.12       88.63477       42.84282       182.6000      0.0000000E+00  0.0000000E+00  0.0000000E+00  0.0000000E+00  0.0000000E+00
           6        1976           6           6 null                                        FERT   0.3016571      0.2192041       112.9141       1765.646       10202.14       96.55953       43.14646       182.6000      0.0000000E+00  0.0000000E+00  0.0000000E+00  0.0000000E+00  0.0000000E+00
           7        1976           6           6 null                                        FERT   0.3016571      0.2192041       107.7878       1717.460       9855.649       1.693914       37.58624       182.6000      0.0000000E+00  0.0000000E+00  0.0000000E+00  0.0000000E+00  0.0000000E+00
           8        1976           6           6 null                                        FERT   0.3016571      0.2192041       99.31135       720.6510       9034.258      0.8274964       41.76349       182.6000      0.0000000E+00  0.0000000E+00  0.0000000E+00  0.0000000E+00  0.0000000E+00
           9        1976           6           6 null                                        FERT   0.3016571      0.2192041       113.0789       1765.926       10202.41       96.81632       44.11141       182.6000      0.0000000E+00  0.0000000E+00  0.0000000E+00  0.0000000E+00  0.0000000E+00
          10        1976           6           6 null                                        FERT   0.3016571      0.2192041       113.8776       1765.310       10201.92       95.24001       43.17820       182.6000      0.0000000E+00  0.0000000E+00  0.0000000E+00  0.0000000E+00  0.0000000E+00
          11        1976           6           6 null                                        FERT   0.3016571      0.2192041       114.8528       1766.219       10203.01       136.0349       52.06949       182.6000      0.0000000E+00  0.0000000E+00  0.0000000E+00  0.0000000E+00  0.0000000E+00
          12        1976           6           6 null                                        FERT   0.3016571      0.2192041       114.1938       1765.697       10202.54       99.24635       44.84993       182.6000      0.0000000E+00  0.0000000E+00  0.0000000E+00  0.0000000E+00  0.0000000E+00
           1        1976          11           9 corn                                        HARV/KILL   0.9716716      0.0000000E+00  0.4245701       10697.92       13487.88       27.12699       37.18464       2086.049      0.0000000E+00  0.0000000E+00  0.0000000E+00  0.0000000E+00  0.0000000E+00
           2        1976          11           9 corn                                        HARV/KILL   0.9716716      0.0000000E+00  0.4245701       7499.245       11394.75       19.21433       45.04736       1462.320      0.0000000E+00  0.0000000E+00  0.0000000E+00  0.0000000E+00  0.0000000E+00
           3        1976          11           9 corn                                        HARV/KILL   0.9716716      0.0000000E+00  0.4245701       15212.19       16503.10       102.9776       39.28109       2968.014      0.0000000E+00  0.0000000E+00  0.0000000E+00  0.0000000E+00  0.0000000E+00
           4        1976          11           9 corn                                        HARV/KILL   0.9716716      0.0000000E+00  0.4245698       15223.36       16509.08       105.9209       39.10348       2970.755      0.0000000E+00  0.0000000E+00  0.0000000E+00  0.0000000E+00  0.0000000E+00
           5        1976          11           9 corn                                        HARV/KILL   0.9716716      0.0000000E+00  0.4245698       15221.08       16508.51       120.6413       40.56552       2970.161      0.0000000E+00  0.0000000E+00  0.0000000E+00  0.0000000E+00  0.0000000E+00
           6        1976          11           9 corn                                        HARV/KILL   0.9716716      0.0000000E+00  0.4245699       15234.05       16515.55       130.2277       40.93648       2973.340      0.0000000E+00  0.0000000E+00  0.0000000E+00  0.0000000E+00  0.0000000E+00
           7        1976          11           9 corn                                        HARV/KILL   0.9716716      0.0000000E+00  0.4245698       10631.12       13434.42       26.93752       36.87731       2073.023      0.0000000E+00  0.0000000E+00  0.0000000E+00  0.0000000E+00  0.0000000E+00
           8        1976          11           9 corn                                        HARV/KILL   0.9716716      0.0000000E+00  0.4245698       5215.929       9392.387       13.31685       41.68203       1017.083      0.0000000E+00  0.0000000E+00  0.0000000E+00  0.0000000E+00  0.0000000E+00
           9        1976          11           9 corn                                        HARV/KILL   0.9716716      0.0000000E+00  0.4245701       15244.16       16521.32       130.8427       41.67383       2975.801      0.0000000E+00  0.0000000E+00  0.0000000E+00  0.0000000E+00  0.0000000E+00
          10        1976          11           9 corn                                        HARV/KILL   0.9716716      0.0000000E+00  0.4245701       15292.26       16546.84       125.0169       40.93932       2987.649      0.0000000E+00  0.0000000E+00  0.0000000E+00  0.0000000E+00  0.0000000E+00
          11        1976          11           9 corn                                        HARV/KILL   0.9716716      0.0000000E+00  0.4245698       15355.13       16581.92       164.9790       49.59242       3003.131      0.0000000E+00  0.0000000E+00  0.0000000E+00  0.0000000E+00  0.0000000E+00
          12        1976          11           9 corn                                        HARV/KILL   0.9716716      0.0000000E+00  0.4245698       15312.08       16558.19       132.0175       42.36110       2992.515      0.0000000E+00  0.0000000E+00  0.0000000E+00  0.0000000E+00  0.0000000E+00
           1        1976          11          14 null                                        FERT   4.1808342E-03  0.0000000E+00  1.8769689E-02  0.0000000E+00   16231.88       28.00216       37.26231       336.0000      0.0000000E+00  0.0000000E+00  0.0000000E+00  0.0000000E+00  0.0000000E+00
           2        1976          11          14 null                                        FERT   4.1808342E-03  0.0000000E+00  1.2551092E-02  0.0000000E+00   14138.75       19.86465       45.10356       336.0000      0.0000000E+00  0.0000000E+00  0.0000000E+00  0.0000000E+00  0.0000000E+00
           3        1976          11          14 null                                        FERT   4.1808342E-03  0.0000000E+00  5.7499126E-02  0.0000000E+00   19247.10       103.6237       39.38822       336.0000      0.0000000E+00  0.0000000E+00  0.0000000E+00  0.0000000E+00  0.0000000E+00
           4        1976          11          14 null                                        FERT   4.1808342E-03  0.0000000E+00  5.7591371E-02  0.0000000E+00   19253.08       106.5875       39.21263       336.0000      0.0000000E+00  0.0000000E+00  0.0000000E+00  0.0000000E+00  0.0000000E+00
           5        1976          11          14 null                                        FERT   4.1808342E-03  0.0000000E+00  5.7582460E-02  0.0000000E+00   19252.51       121.0350       40.65584       336.0000      0.0000000E+00  0.0000000E+00  0.0000000E+00  0.0000000E+00  0.0000000E+00
           6        1976          11          14 null                                        FERT   4.1808342E-03  0.0000000E+00  5.7691127E-02  0.0000000E+00   19259.55       130.5902       41.02908       336.0000      0.0000000E+00  0.0000000E+00  0.0000000E+00  0.0000000E+00  0.0000000E+00
           7        1976          11          14 null                                        FERT   4.1808342E-03  0.0000000E+00  1.8616669E-02  0.0000000E+00   16178.42       27.86646       36.95395       336.0000      0.0000000E+00  0.0000000E+00  0.0000000E+00  0.0000000E+00  0.0000000E+00
           8        1976          11          14 null                                        FERT   4.1808342E-03  0.0000000E+00  6.1496664E-03  0.0000000E+00   12136.39       13.78152       41.72862       336.0000      0.0000000E+00  0.0000000E+00  0.0000000E+00  0.0000000E+00  0.0000000E+00
           9        1976          11          14 null                                        FERT   4.1808342E-03  0.0000000E+00  5.7780378E-02  0.0000000E+00   19265.32       131.2209       41.76336       336.0000      0.0000000E+00  0.0000000E+00  0.0000000E+00  0.0000000E+00  0.0000000E+00
          10        1976          11          14 null                                        FERT   4.1808342E-03  0.0000000E+00  5.8174036E-02  0.0000000E+00   19290.84       125.8753       41.04589       336.0000      0.0000000E+00  0.0000000E+00  0.0000000E+00  0.0000000E+00  0.0000000E+00
          11        1976          11          14 null                                        FERT   4.1808342E-03  0.0000000E+00  5.8714621E-02  0.0000000E+00   19325.92       165.3945       49.68402       336.0000      0.0000000E+00  0.0000000E+00  0.0000000E+00  0.0000000E+00  0.0000000E+00
          12        1976          11          14 null                                        FERT   4.1808342E-03  0.0000000E+00  5.8348872E-02  0.0000000E+00   19302.19       133.0129       42.45131       336.0000      0.0000000E+00  0.0000000E+00  0.0000000E+00  0.0000000E+00  0.0000000E+00
           1        1977           4          24 fldcult             TILLAGE   0.1192522      0.0000000E+00   69.26007      0.0000000E+00   7553.214       39.62390       39.30804      0.3000000    
           2        1977           4          24 fldcult             TILLAGE   0.1192522      0.0000000E+00   64.06680      0.0000000E+00   6381.059       23.35719       46.63700      0.3000000    
           3        1977           4          24 fldcult             TILLAGE   0.1192522      0.0000000E+00   76.38136      0.0000000E+00   9241.734       115.7594       42.34332      0.3000000    
           4        1977           4          24 fldcult             TILLAGE   0.1192522      0.0000000E+00   76.37080      0.0000000E+00   9245.087       118.1175       42.38662      0.3000000    
           5        1977           4          24 fldcult             TILLAGE   0.1192522      0.0000000E+00   76.39941      0.0000000E+00   9244.765       125.9144       43.69597      0.3000000    
           6        1977           4          24 fldcult             TILLAGE   0.1192522      0.0000000E+00   76.40672      0.0000000E+00   9248.706       136.9982       44.06420      0.3000000    
           7        1977           4          24 fldcult             TILLAGE   0.1192522      0.0000000E+00   69.13247      0.0000000E+00   7523.275       39.56664       39.01582      0.3000000    
           8        1977           4          24 fldcult             TILLAGE   0.1192522      0.0000000E+00   59.31462      0.0000000E+00   5259.737       12.71321       42.91472      0.3000000    
           9        1977           4          24 fldcult             TILLAGE   0.1192522      0.0000000E+00   76.43611      0.0000000E+00   9251.938       136.4534       44.90508      0.3000000    
          10        1977           4          24 fldcult             TILLAGE   0.1192522      0.0000000E+00   76.47076      0.0000000E+00   9266.228       135.1194       44.05256      0.3000000    
          11        1977           4          24 fldcult             TILLAGE   0.1192522      0.0000000E+00   76.59992      0.0000000E+00   9285.877       167.1302       52.96809      0.3000000    
          12        1977           4          24 fldcult             TILLAGE   0.1192522      0.0000000E+00   76.52783      0.0000000E+00   9272.584       140.3642       45.53893      0.3000000    
           1        1977           4          25 null                                        FERT   0.1225670      0.0000000E+00   65.73908      0.0000000E+00   9089.854       39.69402       39.32640       27.00000      0.0000000E+00  0.0000000E+00  0.0000000E+00  0.0000000E+00  0.0000000E+00
           1        1977           4          25 corn                                        PLANT   0.1225670      0.0000000E+00   65.73908      0.0000000E+00   9089.854       39.69402       39.32640      0.0000000E+00   6.000000    
           2        1977           4          25 null                                        FERT   0.1225670      0.0000000E+00   60.67206      0.0000000E+00   7917.699       23.39980       46.64959       27.00000      0.0000000E+00  0.0000000E+00  0.0000000E+00  0.0000000E+00  0.0000000E+00
           2        1977           4          25 corn                                        PLANT   0.1225670      0.0000000E+00   60.67206      0.0000000E+00   7917.699       23.39980       46.64959      0.0000000E+00   6.000000    
           3        1977           4          25 null                                        FERT   0.1225670      0.0000000E+00   72.77488      0.0000000E+00   10778.37       115.9260       42.37778       27.00000      0.0000000E+00  0.0000000E+00  0.0000000E+00  0.0000000E+00  0.0000000E+00
           3        1977           4          25 corn                                        PLANT   0.1225670      0.0000000E+00   72.77488      0.0000000E+00   10778.37       115.9260       42.37778      0.0000000E+00   6.000000    
           4        1977           4          25 null                                        FERT   0.1225670      0.0000000E+00   72.76492      0.0000000E+00   10781.73       118.2736       42.41951       27.00000      0.0000000E+00  0.0000000E+00  0.0000000E+00  0.0000000E+00  0.0000000E+00
           4        1977           4          25 corn                                        PLANT   0.1225670      0.0000000E+00   72.76492      0.0000000E+00   10781.73       118.2736       42.41951      0.0000000E+00   6.000000    
           5        1977           4          25 null                                        FERT   0.1225670      0.0000000E+00   72.79348      0.0000000E+00   10781.40       126.1214       43.73475       27.00000      0.0000000E+00  0.0000000E+00  0.0000000E+00  0.0000000E+00  0.0000000E+00
           5        1977           4          25 corn                                        PLANT   0.1225670      0.0000000E+00   72.79348      0.0000000E+00   10781.40       126.1214       43.73475      0.0000000E+00   6.000000    
           6        1977           4          25 null                                        FERT   0.1225670      0.0000000E+00   72.80149      0.0000000E+00   10785.35       137.2019       44.10268       27.00000      0.0000000E+00  0.0000000E+00  0.0000000E+00  0.0000000E+00  0.0000000E+00
           6        1977           4          25 corn                                        PLANT   0.1225670      0.0000000E+00   72.80149      0.0000000E+00   10785.35       137.2019       44.10268      0.0000000E+00   6.000000    
           7        1977           4          25 null                                        FERT   0.1225670      0.0000000E+00   65.61455      0.0000000E+00   9059.915       39.63448       39.03368       27.00000      0.0000000E+00  0.0000000E+00  0.0000000E+00  0.0000000E+00  0.0000000E+00
           7        1977           4          25 corn                                        PLANT   0.1225670      0.0000000E+00   65.61455      0.0000000E+00   9059.915       39.63448       39.03368      0.0000000E+00   6.000000    
           8        1977           4          25 null                                        FERT   0.1225670      0.0000000E+00   56.04202      0.0000000E+00   6796.377       12.74000       42.92349       27.00000      0.0000000E+00  0.0000000E+00  0.0000000E+00  0.0000000E+00  0.0000000E+00
           8        1977           4          25 corn                                        PLANT   0.1225670      0.0000000E+00   56.04202      0.0000000E+00   6796.377       12.74000       42.92349      0.0000000E+00   6.000000    
           9        1977           4          25 null                                        FERT   0.1225670      0.0000000E+00   72.83147      0.0000000E+00   10788.58       136.6726       44.94585       27.00000      0.0000000E+00  0.0000000E+00  0.0000000E+00  0.0000000E+00  0.0000000E+00
           9        1977           4          25 corn                                        PLANT   0.1225670      0.0000000E+00   72.83147      0.0000000E+00   10788.58       136.6726       44.94585      0.0000000E+00   6.000000    
          10        1977           4          25 null                                        FERT   0.1225670      0.0000000E+00   72.86869      0.0000000E+00   10802.87       135.2914       44.08853       27.00000      0.0000000E+00  0.0000000E+00  0.0000000E+00  0.0000000E+00  0.0000000E+00
          10        1977           4          25 corn                                        PLANT   0.1225670      0.0000000E+00   72.86869      0.0000000E+00   10802.87       135.2914       44.08853      0.0000000E+00   6.000000    
          11        1977           4          25 null                                        FERT   0.1225670      0.0000000E+00   73.00139      0.0000000E+00   10822.52       167.3601       53.01227       27.00000      0.0000000E+00  0.0000000E+00  0.0000000E+00  0.0000000E+00  0.0000000E+00
          11        1977           4          25 corn                                        PLANT   0.1225670      0.0000000E+00   73.00139      0.0000000E+00   10822.52       167.3601       53.01227      0.0000000E+00   6.000000    
          12        1977           4          25 null                                        FERT   0.1225670      0.0000000E+00   72.92690      0.0000000E+00   10809.22       140.5541       45.57790       27.00000      0.0000000E+00  0.0000000E+00  0.0000000E+00  0.0000000E+00  0.0000000E+00
          12        1977           4          25 corn                                        PLANT   0.1225670      0.0000000E+00   72.92690      0.0000000E+00   10809.22       140.5541       45.57790      0.0000000E+00   6.000000    
           1        1977           6           4 null                                        FERT   0.2678752      0.2001308       33.90879       1460.919       9089.854       12.69765       37.64306       180.3000      0.0000000E+00  0.0000000E+00  0.0000000E+00  0.0000000E+00  0.0000000E+00
           2        1977           6           4 null                                        FERT   0.2678752      0.2001308       29.35354       1316.186       7917.699       6.666149       45.05314       180.3000      0.0000000E+00  0.0000000E+00  0.0000000E+00  0.0000000E+00  0.0000000E+00
           3        1977           6           4 null                                        FERT   0.2678752      0.2001308       40.20995       1513.783       10778.37       100.7000       41.09786       180.3000      0.0000000E+00  0.0000000E+00  0.0000000E+00  0.0000000E+00  0.0000000E+00
           4        1977           6           4 null                                        FERT   0.2678752      0.2001308       40.21294       1511.375       10781.73       103.8122       41.10347       180.3000      0.0000000E+00  0.0000000E+00  0.0000000E+00  0.0000000E+00  0.0000000E+00
           5        1977           6           4 null                                        FERT   0.2678752      0.2001308       40.23118       1515.806       10781.40       114.2255       42.58397       180.3000      0.0000000E+00  0.0000000E+00  0.0000000E+00  0.0000000E+00  0.0000000E+00
           6        1977           6           4 null                                        FERT   0.2678752      0.2001308       40.24810       1515.608       10785.35       124.4406       42.94974       180.3000      0.0000000E+00  0.0000000E+00  0.0000000E+00  0.0000000E+00  0.0000000E+00
           7        1977           6           4 null                                        FERT   0.2678752      0.2001308       33.78999       1458.954       9059.915       12.65060       37.33768       180.3000      0.0000000E+00  0.0000000E+00  0.0000000E+00  0.0000000E+00  0.0000000E+00
           8        1977           6           4 null                                        FERT   0.2678752      0.2001308       25.43895       714.2905       6796.377       4.958397       42.21179       180.3000      0.0000000E+00  0.0000000E+00  0.0000000E+00  0.0000000E+00  0.0000000E+00
           9        1977           6           4 null                                        FERT   0.2678752      0.2001308       40.27477       1515.975       10788.58       126.8995       43.85658       180.3000      0.0000000E+00  0.0000000E+00  0.0000000E+00  0.0000000E+00  0.0000000E+00
          10        1977           6           4 null                                        FERT   0.2678752      0.2001308       40.33737       1514.282       10802.87       122.3098       42.87022       180.3000      0.0000000E+00  0.0000000E+00  0.0000000E+00  0.0000000E+00  0.0000000E+00
          11        1977           6           4 null                                        FERT   0.2678752      0.2001308       40.46293       1516.212       10822.52       163.6867       52.09623       180.3000      0.0000000E+00  0.0000000E+00  0.0000000E+00  0.0000000E+00  0.0000000E+00
          12        1977           6           4 null                                        FERT   0.2678752      0.2001308       40.38822       1515.710       10809.22       127.8108       44.44741       180.3000      0.0000000E+00  0.0000000E+00  0.0000000E+00  0.0000000E+00  0.0000000E+00
           1        1977          11          10 corn                                        HARV/KILL   0.9221795      0.0000000E+00   29.13638       19386.20       15365.93       21.23211       33.21316       7311.434      0.0000000E+00  0.0000000E+00  0.0000000E+00  0.0000000E+00  0.0000000E+00
           2        1977          11          10 corn                                        HARV/KILL   0.9221795      0.0000000E+00   33.51804       13000.42       11625.17       10.08389       42.83838       4898.416      0.0000000E+00  0.0000000E+00  0.0000000E+00  0.0000000E+00  0.0000000E+00
           3        1977          11          10 corn                                        HARV/KILL   0.9221795      0.0000000E+00   26.26036       22967.26       18490.54       121.5664       36.68769       8668.752      0.0000000E+00  0.0000000E+00  0.0000000E+00  0.0000000E+00  0.0000000E+00
           4        1977          11          10 corn                                        HARV/KILL   0.9221795      0.0000000E+00   26.37639       22965.12       18493.03       124.5943       36.58136       8667.945      0.0000000E+00  0.0000000E+00  0.0000000E+00  0.0000000E+00  0.0000000E+00
           5        1977          11          10 corn                                        HARV/KILL   0.9221795      0.0000000E+00   26.33447       22970.63       18494.92       138.7985       38.61121       8670.037      0.0000000E+00  0.0000000E+00  0.0000000E+00  0.0000000E+00  0.0000000E+00
           6        1977          11          10 corn                                        HARV/KILL   0.9221795      0.0000000E+00   26.46219       22971.54       18499.21       147.8616       38.97318       8670.390      0.0000000E+00  0.0000000E+00  0.0000000E+00  0.0000000E+00  0.0000000E+00
           7        1977          11          10 corn                                        HARV/KILL   0.9221795      0.0000000E+00   29.21477       19274.59       15291.32       19.16902       32.91476       7269.050      0.0000000E+00  0.0000000E+00  0.0000000E+00  0.0000000E+00  0.0000000E+00
           8        1977          11          10 corn                                        HARV/KILL   0.9221795      0.0000000E+00   36.24695       7764.150       8395.145       7.336157       40.87624       2922.116      0.0000000E+00  0.0000000E+00  0.0000000E+00  0.0000000E+00  0.0000000E+00
           9        1977          11          10 corn                                        HARV/KILL   0.9221795      0.0000000E+00   26.54921       22973.52       18503.22       148.5947       40.07156       8671.150      0.0000000E+00  0.0000000E+00  0.0000000E+00  0.0000000E+00  0.0000000E+00
          10        1977          11          10 corn                                        HARV/KILL   0.9221795      0.0000000E+00   27.02425       22975.87       18518.42       143.0213       38.66515       8672.079      0.0000000E+00  0.0000000E+00  0.0000000E+00  0.0000000E+00  0.0000000E+00
          11        1977          11          10 corn                                        HARV/KILL   0.9221795      0.0000000E+00   27.54113       22985.31       18541.80       230.5852       48.78979       8675.711      0.0000000E+00  0.0000000E+00  0.0000000E+00  0.0000000E+00  0.0000000E+00
          12        1977          11          10 corn                                        HARV/KILL   0.9221795      0.0000000E+00   27.19195       22980.38       18526.56       149.7266       40.51291       8673.809      0.0000000E+00  0.0000000E+00  0.0000000E+00  0.0000000E+00  0.0000000E+00
           1        1977          11          12 null                                        FERT   3.5246061E-03  0.0000000E+00   26.64219      0.0000000E+00   16902.57       21.41332       33.26506       152.7000      0.0000000E+00  0.0000000E+00  0.0000000E+00  0.0000000E+00  0.0000000E+00
           2        1977          11          12 null                                        FERT   3.5246061E-03  0.0000000E+00   30.34631      0.0000000E+00   13161.81       10.19969       42.87376       152.7000      0.0000000E+00  0.0000000E+00  0.0000000E+00  0.0000000E+00  0.0000000E+00
           3        1977          11          12 null                                        FERT   3.5246061E-03  0.0000000E+00   24.24262      0.0000000E+00   20027.18       121.7784       36.75447       152.7000      0.0000000E+00  0.0000000E+00  0.0000000E+00  0.0000000E+00  0.0000000E+00
           4        1977          11          12 null                                        FERT   3.5246061E-03  0.0000000E+00   24.35901      0.0000000E+00   20029.67       124.8090       36.64787       152.7000      0.0000000E+00  0.0000000E+00  0.0000000E+00  0.0000000E+00  0.0000000E+00
           5        1977          11          12 null                                        FERT   3.5246061E-03  0.0000000E+00   24.31735      0.0000000E+00   20031.56       139.1568       38.68104       152.7000      0.0000000E+00  0.0000000E+00  0.0000000E+00  0.0000000E+00  0.0000000E+00
           6        1977          11          12 null                                        FERT   3.5246061E-03  0.0000000E+00   24.44567      0.0000000E+00   20035.85       148.2132       39.04314       152.7000      0.0000000E+00  0.0000000E+00  0.0000000E+00  0.0000000E+00  0.0000000E+00
           7        1977          11          12 null                                        FERT   3.5246061E-03  0.0000000E+00   26.70827      0.0000000E+00   16827.96       19.34685       32.96615       152.7000      0.0000000E+00  0.0000000E+00  0.0000000E+00  0.0000000E+00  0.0000000E+00
           8        1977          11          12 null                                        FERT   3.5246061E-03  0.0000000E+00   32.37909      0.0000000E+00   9931.784       7.409711       40.89915       152.7000      0.0000000E+00  0.0000000E+00  0.0000000E+00  0.0000000E+00  0.0000000E+00
           9        1977          11          12 null                                        FERT   3.5246061E-03  0.0000000E+00   24.53325      0.0000000E+00   20039.86       148.9686       40.14244       152.7000      0.0000000E+00  0.0000000E+00  0.0000000E+00  0.0000000E+00  0.0000000E+00
          10        1977          11          12 null                                        FERT   3.5246061E-03  0.0000000E+00   25.01044      0.0000000E+00   20055.06       143.2944       38.73332       152.7000      0.0000000E+00  0.0000000E+00  0.0000000E+00  0.0000000E+00  0.0000000E+00
          11        1977          11          12 null                                        FERT   3.5246061E-03  0.0000000E+00   25.53058      0.0000000E+00   20078.44       231.0524       48.85677       152.7000      0.0000000E+00  0.0000000E+00  0.0000000E+00  0.0000000E+00  0.0000000E+00
          12        1977          11          12 null                                        FERT   3.5246061E-03  0.0000000E+00   25.17928      0.0000000E+00   20063.20       150.0351       40.58261       152.7000      0.0000000E+00  0.0000000E+00  0.0000000E+00  0.0000000E+00  0.0000000E+00
           1        1977          11          16 chisplow            TILLAGE   1.0894450E-02  0.0000000E+00   22.16159      0.0000000E+00   10756.15       21.68921       33.36794      0.3000000    
           2        1977          11          16 chisplow            TILLAGE   1.0894450E-02  0.0000000E+00   25.33323      0.0000000E+00   8137.616       10.37510       42.94400      0.3000000    
           3        1977          11          16 chisplow            TILLAGE   1.0894450E-02  0.0000000E+00   20.15983      0.0000000E+00   12943.38       122.1084       36.88837      0.3000000    
           4        1977          11          16 chisplow            TILLAGE   1.0894450E-02  0.0000000E+00   20.27535      0.0000000E+00   12945.12       125.1484       36.78123      0.3000000    
           5        1977          11          16 chisplow            TILLAGE   1.0894450E-02  0.0000000E+00   20.23432      0.0000000E+00   12946.44       139.7156       38.82120      0.3000000    
           6        1977          11          16 chisplow            TILLAGE   1.0894450E-02  0.0000000E+00   20.36187      0.0000000E+00   12949.45       148.7632       39.18362      0.3000000    
           7        1977          11          16 chisplow            TILLAGE   1.0894450E-02  0.0000000E+00   22.21768      0.0000000E+00   10703.92       19.61832       33.06804      0.3000000    
           8        1977          11          16 chisplow            TILLAGE   1.0894450E-02  0.0000000E+00   26.87345      0.0000000E+00   5876.601       7.520331       40.94463      0.3000000    
           9        1977          11          16 chisplow            TILLAGE   1.0894450E-02  0.0000000E+00   20.44905      0.0000000E+00   12952.26       149.5497       40.28482      0.3000000    
          10        1977          11          16 chisplow            TILLAGE   1.0894450E-02  0.0000000E+00   20.92322      0.0000000E+00   12962.89       143.7233       38.87023      0.3000000    
          11        1977          11          16 chisplow            TILLAGE   1.0894450E-02  0.0000000E+00   21.44083      0.0000000E+00   12979.26       231.7951       48.98902      0.3000000    
          12        1977          11          16 chisplow            TILLAGE   1.0894450E-02  0.0000000E+00   21.09130      0.0000000E+00   12968.59       150.5144       40.72259      0.3000000    
           1        1978           4          16 fldcult             TILLAGE   0.1073274      0.0000000E+00   23.60201      0.0000000E+00   6023.444       33.39198       36.21854      0.3000000    
           2        1978           4          16 fldcult             TILLAGE   0.1073274      0.0000000E+00   21.52447      0.0000000E+00   4557.065       15.01400       44.72369      0.3000000    
           3        1978           4          16 fldcult             TILLAGE   0.1073274      0.0000000E+00   25.35544      0.0000000E+00   7248.293       135.6472       40.60234      0.3000000    
           4        1978           4          16 fldcult             TILLAGE   0.1073274      0.0000000E+00   25.35713      0.0000000E+00   7249.267       140.3202       40.47953      0.3000000    
           5        1978           4          16 fldcult             TILLAGE   0.1073274      0.0000000E+00   25.35764      0.0000000E+00   7250.008       161.7853       42.49781      0.3000000    
           6        1978           4          16 fldcult             TILLAGE   0.1073274      0.0000000E+00   25.36002      0.0000000E+00   7251.690       169.7039       42.87415      0.3000000    
           7        1978           4          16 fldcult             TILLAGE   0.1073274      0.0000000E+00   23.55868      0.0000000E+00   5994.196       31.34796       35.89381      0.3000000    
           8        1978           4          16 fldcult             TILLAGE   0.1073274      0.0000000E+00   19.76749      0.0000000E+00   3290.896       10.93276       42.04822      0.3000000    
           9        1978           4          16 fldcult             TILLAGE   0.1073274      0.0000000E+00   25.36162      0.0000000E+00   7253.263       172.8849       43.80353      0.3000000    
          10        1978           4          16 fldcult             TILLAGE   0.1073274      0.0000000E+00   25.36997      0.0000000E+00   7259.221       160.8998       42.61177      0.3000000    
          11        1978           4          16 fldcult             TILLAGE   0.1073274      0.0000000E+00   25.37895      0.0000000E+00   7268.384       263.3176       51.96453      0.3000000    
          12        1978           4          16 fldcult             TILLAGE   0.1073274      0.0000000E+00   25.37332      0.0000000E+00   7262.413       167.5546       44.32194      0.3000000    
           1        1978           4          30 fldcult             TILLAGE   0.1403358      0.0000000E+00   71.96040      0.0000000E+00   4216.411       34.64948       36.57734      0.3000000    
           2        1978           4          30 fldcult             TILLAGE   0.1403358      0.0000000E+00   68.27230      0.0000000E+00   3189.946       13.82459       44.93892      0.3000000    
           3        1978           4          30 fldcult             TILLAGE   0.1403358      0.0000000E+00   75.37862      0.0000000E+00   5073.805       136.7091       41.20624      0.3000000    
           4        1978           4          30 fldcult             TILLAGE   0.1403358      0.0000000E+00   75.40422      0.0000000E+00   5074.487       140.6131       41.09101      0.3000000    
           5        1978           4          30 fldcult             TILLAGE   0.1403358      0.0000000E+00   75.39856      0.0000000E+00   5075.005       173.0894       43.11264      0.3000000    
           6        1978           4          30 fldcult             TILLAGE   0.1403358      0.0000000E+00   75.42844      0.0000000E+00   5076.183       181.2490       43.48882      0.3000000    
           7        1978           4          30 fldcult             TILLAGE   0.1403358      0.0000000E+00   71.86682      0.0000000E+00   4195.938       32.57214       36.24828      0.3000000    
           8        1978           4          30 fldcult             TILLAGE   0.1403358      0.0000000E+00   64.96487      0.0000000E+00   2303.627       9.436917       42.19129      0.3000000    
           9        1978           4          30 fldcult             TILLAGE   0.1403358      0.0000000E+00   75.44977      0.0000000E+00   5077.284       186.0703       44.43823      0.3000000    
          10        1978           4          30 fldcult             TILLAGE   0.1403358      0.0000000E+00   75.55709      0.0000000E+00   5081.455       169.4934       43.20869      0.3000000    
          11        1978           4          30 fldcult             TILLAGE   0.1403358      0.0000000E+00   75.67021      0.0000000E+00   5087.869       287.0522       52.66818      0.3000000    
          12        1978           4          30 fldcult             TILLAGE   0.1403358      0.0000000E+00   75.59662      0.0000000E+00   5083.689       179.2784       44.92910      0.3000000    
           1        1978           5           6 corn                                        PLANT   0.1628935      0.0000000E+00   51.94331      0.0000000E+00   4638.065       34.62347       36.70336      0.0000000E+00   6.000000    
           2        1978           5           6 corn                                        PLANT   0.1628935      0.0000000E+00   48.88106      0.0000000E+00   3611.600       13.82416       45.01738      0.0000000E+00   6.000000    
           3        1978           5           6 corn                                        PLANT   0.1628935      0.0000000E+00   54.78375      0.0000000E+00   5495.459       136.6555       41.39247      0.0000000E+00   6.000000    
           4        1978           5           6 corn                                        PLANT   0.1628935      0.0000000E+00   54.80458      0.0000000E+00   5496.141       140.6592       41.29137      0.0000000E+00   6.000000    
           5        1978           5           6 corn                                        PLANT   0.1628935      0.0000000E+00   54.80004      0.0000000E+00   5496.659       179.0383       43.29953      0.0000000E+00   6.000000    
           6        1978           5           6 corn                                        PLANT   0.1628935      0.0000000E+00   54.82437      0.0000000E+00   5497.837       187.2100       43.67658      0.0000000E+00   6.000000    
           7        1978           5           6 corn                                        PLANT   0.1628935      0.0000000E+00   51.86602      0.0000000E+00   4617.591       32.54848       36.37337      0.0000000E+00   6.000000    
           8        1978           5           6 corn                                        PLANT   0.1628935      0.0000000E+00   46.14651      0.0000000E+00   2725.281       9.456260       42.24160      0.0000000E+00   6.000000    
           9        1978           5           6 corn                                        PLANT   0.1628935      0.0000000E+00   54.84176      0.0000000E+00   5498.938       192.0090       44.63125      0.0000000E+00   6.000000    
          10        1978           5           6 corn                                        PLANT   0.1628935      0.0000000E+00   54.92913      0.0000000E+00   5503.108       173.5155       43.39295      0.0000000E+00   6.000000    
          11        1978           5           6 corn                                        PLANT   0.1628935      0.0000000E+00   55.02138      0.0000000E+00   5509.523       298.8295       52.88866      0.0000000E+00   6.000000    
          12        1978           5           6 corn                                        PLANT   0.1628935      0.0000000E+00   54.96136      0.0000000E+00   5505.343       185.2784       45.11522      0.0000000E+00   6.000000    
           1        1978           6          17 null                                        FERT   0.3304961      0.2544011       24.82346       2157.976       4638.065       18.66089       34.64928       119.5000      0.0000000E+00  0.0000000E+00  0.0000000E+00  0.0000000E+00  0.0000000E+00
           2        1978           6          17 null                                        FERT   0.3304961      0.2544011       21.80194       888.0649       3611.600       13.66446       44.29770       119.5000      0.0000000E+00  0.0000000E+00  0.0000000E+00  0.0000000E+00  0.0000000E+00
           3        1978           6          17 null                                        FERT   0.3304961      0.2544011       27.46723       2765.744       5495.459       111.5318       38.63123       119.5000      0.0000000E+00  0.0000000E+00  0.0000000E+00  0.0000000E+00  0.0000000E+00
           4        1978           6          17 null                                        FERT   0.3304961      0.2544011       27.47991       2765.538       5496.141       114.7903       38.57030       119.5000      0.0000000E+00  0.0000000E+00  0.0000000E+00  0.0000000E+00  0.0000000E+00
           5        1978           6          17 null                                        FERT   0.3304961      0.2544011       27.47772       2765.744       5496.659       169.2792       40.52597       119.5000      0.0000000E+00  0.0000000E+00  0.0000000E+00  0.0000000E+00  0.0000000E+00
           6        1978           6          17 null                                        FERT   0.3304961      0.2544011       27.49295       2765.744       5497.837       177.8698       40.89879       119.5000      0.0000000E+00  0.0000000E+00  0.0000000E+00  0.0000000E+00  0.0000000E+00
           7        1978           6          17 null                                        FERT   0.3304961      0.2544011       24.75436       2030.405       4617.591       18.59745       34.49075       119.5000      0.0000000E+00  0.0000000E+00  0.0000000E+00  0.0000000E+00  0.0000000E+00
           8        1978           6          17 null                                        FERT   0.3304961      0.2544011       19.17677       507.0816       2725.281       10.18642       41.79710       119.5000      0.0000000E+00  0.0000000E+00  0.0000000E+00  0.0000000E+00  0.0000000E+00
           9        1978           6          17 null                                        FERT   0.3304961      0.2544011       27.50356       2765.744       5498.938       183.7870       41.88794       119.5000      0.0000000E+00  0.0000000E+00  0.0000000E+00  0.0000000E+00  0.0000000E+00
          10        1978           6          17 null                                        FERT   0.3304961      0.2544011       27.55790       2765.744       5503.108       148.0124       40.61023       119.5000      0.0000000E+00  0.0000000E+00  0.0000000E+00  0.0000000E+00  0.0000000E+00
          11        1978           6          17 null                                        FERT   0.3304961      0.2544011       27.61376       2765.744       5509.523       330.8091       50.27030       119.5000      0.0000000E+00  0.0000000E+00  0.0000000E+00  0.0000000E+00  0.0000000E+00
          12        1978           6          17 null                                        FERT   0.3304961      0.2544011       27.57771       2765.744       5505.343       163.8604       42.35590       119.5000      0.0000000E+00  0.0000000E+00  0.0000000E+00  0.0000000E+00  0.0000000E+00
           1        1978          11           4 corn                                        HARV/KILL   0.9496431      0.0000000E+00   1.362016       14473.81       10327.77       40.03702       32.29981       5194.309      0.0000000E+00  0.0000000E+00  0.0000000E+00  0.0000000E+00  0.0000000E+00
           2        1978          11           4 corn                                        HARV/KILL   0.9496431      0.0000000E+00   1.362016       8102.166       6609.168       20.08600       42.86805       2909.385      0.0000000E+00  0.0000000E+00  0.0000000E+00  0.0000000E+00  0.0000000E+00
           3        1978          11           4 corn                                        HARV/KILL   0.9496431      0.0000000E+00   1.362016       23882.35       15157.43       159.8133       33.57737       8571.142      0.0000000E+00  0.0000000E+00  0.0000000E+00  0.0000000E+00  0.0000000E+00
           4        1978          11           4 corn                                        HARV/KILL   0.9496431      0.0000000E+00   1.362015       23883.35       15158.08       169.4016       33.45943       8571.935      0.0000000E+00  0.0000000E+00  0.0000000E+00  0.0000000E+00  0.0000000E+00
           5        1978          11           4 corn                                        HARV/KILL   0.9496431      0.0000000E+00   1.362015       23883.21       15158.69       222.8510       35.82302       8571.736      0.0000000E+00  0.0000000E+00  0.0000000E+00  0.0000000E+00  0.0000000E+00
           6        1978          11           4 corn                                        HARV/KILL   0.9496431      0.0000000E+00   1.362015       23884.55       15159.93       233.6609       36.19849       8572.697      0.0000000E+00  0.0000000E+00  0.0000000E+00  0.0000000E+00  0.0000000E+00
           7        1978          11           4 corn                                        HARV/KILL   0.9496431      0.0000000E+00   1.362015       13873.51       10053.96       38.01335       32.22263       4978.743      0.0000000E+00  0.0000000E+00  0.0000000E+00  0.0000000E+00  0.0000000E+00
           8        1978          11           4 corn                                        HARV/KILL   0.9496431      0.0000000E+00   1.362015       5314.050       4546.378       13.88229       40.81177       1908.065      0.0000000E+00  0.0000000E+00  0.0000000E+00  0.0000000E+00  0.0000000E+00
           9        1978          11           4 corn                                        HARV/KILL   0.9496431      0.0000000E+00   1.362016       23885.41       15161.06       245.1820       37.34992       8573.326      0.0000000E+00  0.0000000E+00  0.0000000E+00  0.0000000E+00  0.0000000E+00
          10        1978          11           4 corn                                        HARV/KILL   0.9496431      0.0000000E+00   1.362016       23890.20       15165.42       204.4857       35.72058       8576.789      0.0000000E+00  0.0000000E+00  0.0000000E+00  0.0000000E+00  0.0000000E+00
          11        1978          11           4 corn                                        HARV/KILL   0.9496431      0.0000000E+00   1.362015       23894.45       15171.72       471.2760       46.23349       8580.126      0.0000000E+00  0.0000000E+00  0.0000000E+00  0.0000000E+00  0.0000000E+00
          12        1978          11           4 corn                                        HARV/KILL   0.9496431      0.0000000E+00   1.362015       23891.74       15167.67       221.3019       37.68282       8577.943      0.0000000E+00  0.0000000E+00  0.0000000E+00  0.0000000E+00  0.0000000E+00
           1        1978          11          21 null                                        FERT   1.9822964E-02  0.0000000E+00   50.59918      0.0000000E+00   10749.42       42.12760       32.65673       167.9600      0.0000000E+00  0.0000000E+00  0.0000000E+00  0.0000000E+00  0.0000000E+00
           2        1978          11          21 null                                        FERT   1.9822964E-02  0.0000000E+00   48.67654      0.0000000E+00   7030.822       20.79805       43.09787       167.9600      0.0000000E+00  0.0000000E+00  0.0000000E+00  0.0000000E+00  0.0000000E+00
           3        1978          11          21 null                                        FERT   1.9822964E-02  0.0000000E+00   52.73454      0.0000000E+00   15579.08       163.5460       34.16672       167.9600      0.0000000E+00  0.0000000E+00  0.0000000E+00  0.0000000E+00  0.0000000E+00
           4        1978          11          21 null                                        FERT   1.9822964E-02  0.0000000E+00   52.73547      0.0000000E+00   15579.73       174.0950       34.04619       167.9600      0.0000000E+00  0.0000000E+00  0.0000000E+00  0.0000000E+00  0.0000000E+00
           5        1978          11          21 null                                        FERT   1.9822964E-02  0.0000000E+00   52.73500      0.0000000E+00   15580.34       233.9554       36.43753       167.9600      0.0000000E+00  0.0000000E+00  0.0000000E+00  0.0000000E+00  0.0000000E+00
           6        1978          11          21 null                                        FERT   1.9822964E-02  0.0000000E+00   52.73576      0.0000000E+00   15581.59       244.8507       36.81429       167.9600      0.0000000E+00  0.0000000E+00  0.0000000E+00  0.0000000E+00  0.0000000E+00
           7        1978          11          21 null                                        FERT   1.9822964E-02  0.0000000E+00   50.46341      0.0000000E+00   10475.62       40.27004       32.56978       167.9600      0.0000000E+00  0.0000000E+00  0.0000000E+00  0.0000000E+00  0.0000000E+00
           8        1978          11          21 null                                        FERT   1.9822964E-02  0.0000000E+00   47.49152      0.0000000E+00   4968.032       13.70532       40.96454       167.9600      0.0000000E+00  0.0000000E+00  0.0000000E+00  0.0000000E+00  0.0000000E+00
           9        1978          11          21 null                                        FERT   1.9822964E-02  0.0000000E+00   52.73544      0.0000000E+00   15582.71       257.1588       37.97507       167.9600      0.0000000E+00  0.0000000E+00  0.0000000E+00  0.0000000E+00  0.0000000E+00
          10        1978          11          21 null                                        FERT   1.9822964E-02  0.0000000E+00   52.73801      0.0000000E+00   15587.07       211.4438       36.32127       167.9600      0.0000000E+00  0.0000000E+00  0.0000000E+00  0.0000000E+00  0.0000000E+00
          11        1978          11          21 null                                        FERT   1.9822964E-02  0.0000000E+00   52.73586      0.0000000E+00   15593.37       487.1235       46.87654       167.9600      0.0000000E+00  0.0000000E+00  0.0000000E+00  0.0000000E+00  0.0000000E+00
          12        1978          11          21 null                                        FERT   1.9822964E-02  0.0000000E+00   52.73759      0.0000000E+00   15589.32       229.9516       38.29512       167.9600      0.0000000E+00  0.0000000E+00  0.0000000E+00  0.0000000E+00  0.0000000E+00
           1        1979           3          31 fldcult             TILLAGE   6.2140748E-02  0.0000000E+00   72.84108      0.0000000E+00   5783.551       42.90476       34.90936      0.3000000    
           2        1979           3          31 fldcult             TILLAGE   6.2140748E-02  0.0000000E+00   59.04732      0.0000000E+00   3701.134       21.30797       44.32821      0.3000000    
           3        1979           3          31 fldcult             TILLAGE   6.2140748E-02  0.0000000E+00   91.14221      0.0000000E+00   8488.161       201.2635       37.73389      0.3000000    
           4        1979           3          31 fldcult             TILLAGE   6.2140748E-02  0.0000000E+00   91.11617      0.0000000E+00   8488.522       226.2330       37.62167      0.3000000    
           5        1979           3          31 fldcult             TILLAGE   6.2140748E-02  0.0000000E+00   91.25089      0.0000000E+00   8488.866       388.5916       40.15236      0.3000000    
           6        1979           3          31 fldcult             TILLAGE   6.2140748E-02  0.0000000E+00   91.19518      0.0000000E+00   8489.562       399.3860       40.53654      0.3000000    
           7        1979           3          31 fldcult             TILLAGE   6.2140748E-02  0.0000000E+00   71.73772      0.0000000E+00   5630.219       41.89064       34.76405      0.3000000    
           8        1979           3          31 fldcult             TILLAGE   6.2140748E-02  0.0000000E+00   52.33527      0.0000000E+00   2545.972       14.17469       41.78566      0.3000000    
           9        1979           3          31 fldcult             TILLAGE   6.2140748E-02  0.0000000E+00   91.66747      0.0000000E+00   8490.192       420.5559       41.73621      0.3000000    
          10        1979           3          31 fldcult             TILLAGE   6.2140748E-02  0.0000000E+00   91.39056      0.0000000E+00   8492.635       303.6339       39.92073      0.3000000    
          11        1979           3          31 fldcult             TILLAGE   6.2140748E-02  0.0000000E+00   93.46937      0.0000000E+00   8496.162       655.1979       50.49445      0.3000000    
          12        1979           3          31 fldcult             TILLAGE   6.2140748E-02  0.0000000E+00   92.26945      0.0000000E+00   8493.895       342.6560       41.94188      0.3000000    
           1        1979           4          16 null                                        FERT   0.1007728      0.0000000E+00   61.12452      0.0000000E+00   6019.677       42.21220       35.24221       38.30000      0.0000000E+00  0.0000000E+00  0.0000000E+00  0.0000000E+00  0.0000000E+00
           2        1979           4          16 null                                        FERT   0.1007728      0.0000000E+00   46.31087      0.0000000E+00   3937.260       20.67663       44.50578       38.30000      0.0000000E+00  0.0000000E+00  0.0000000E+00  0.0000000E+00  0.0000000E+00
           3        1979           4          16 null                                        FERT   0.1007728      0.0000000E+00   80.80266      0.0000000E+00   8724.287       215.7677       38.35643       38.30000      0.0000000E+00  0.0000000E+00  0.0000000E+00  0.0000000E+00  0.0000000E+00
           4        1979           4          16 null                                        FERT   0.1007728      0.0000000E+00   80.78083      0.0000000E+00   8724.648       240.8873       38.23854       38.30000      0.0000000E+00  0.0000000E+00  0.0000000E+00  0.0000000E+00  0.0000000E+00
           5        1979           4          16 null                                        FERT   0.1007728      0.0000000E+00   80.89810      0.0000000E+00   8724.992       418.8654       40.83470       38.30000      0.0000000E+00  0.0000000E+00  0.0000000E+00  0.0000000E+00  0.0000000E+00
           6        1979           4          16 null                                        FERT   0.1007728      0.0000000E+00   80.85089      0.0000000E+00   8725.688       429.5748       41.22024       38.30000      0.0000000E+00  0.0000000E+00  0.0000000E+00  0.0000000E+00  0.0000000E+00
           7        1979           4          16 null                                        FERT   0.1007728      0.0000000E+00   59.95871      0.0000000E+00   5866.346       41.23386       35.08816       38.30000      0.0000000E+00  0.0000000E+00  0.0000000E+00  0.0000000E+00  0.0000000E+00
           8        1979           4          16 null                                        FERT   0.1007728      0.0000000E+00   38.67152      0.0000000E+00   2782.098       13.78160       41.90340       38.30000      0.0000000E+00  0.0000000E+00  0.0000000E+00  0.0000000E+00  0.0000000E+00
           9        1979           4          16 null                                        FERT   0.1007728      0.0000000E+00   81.26144      0.0000000E+00   8726.318       451.5540       42.44222       38.30000      0.0000000E+00  0.0000000E+00  0.0000000E+00  0.0000000E+00  0.0000000E+00
          10        1979           4          16 null                                        FERT   0.1007728      0.0000000E+00   81.02521      0.0000000E+00   8728.761       329.8646       40.57186       38.30000      0.0000000E+00  0.0000000E+00  0.0000000E+00  0.0000000E+00  0.0000000E+00
          11        1979           4          16 null                                        FERT   0.1007728      0.0000000E+00   82.82826      0.0000000E+00   8732.288       696.2514       51.21956       38.30000      0.0000000E+00  0.0000000E+00  0.0000000E+00  0.0000000E+00  0.0000000E+00
          12        1979           4          16 null                                        FERT   0.1007728      0.0000000E+00   81.78863      0.0000000E+00   8730.021       369.5954       42.62337       38.30000      0.0000000E+00  0.0000000E+00  0.0000000E+00  0.0000000E+00  0.0000000E+00
           1        1979           5           5 corn                                        PLANT   0.1479050      0.0000000E+00   93.19931      0.0000000E+00   6019.677       42.48497       35.63195      0.0000000E+00   6.000000    
           2        1979           5           5 corn                                        PLANT   0.1479050      0.0000000E+00   72.82182      0.0000000E+00   3937.260       20.90002       44.71796      0.0000000E+00   6.000000    
           3        1979           5           5 corn                                        PLANT   0.1479050      0.0000000E+00   119.6890      0.0000000E+00   8724.287       236.2527       39.09149      0.0000000E+00   6.000000    
           4        1979           5           5 corn                                        PLANT   0.1479050      0.0000000E+00   119.6694      0.0000000E+00   8724.648       263.4136       38.96762      0.0000000E+00   6.000000    
           5        1979           5           5 corn                                        PLANT   0.1479050      0.0000000E+00   119.7848      0.0000000E+00   8724.992       461.4489       41.64252      0.0000000E+00   6.000000    
           6        1979           5           5 corn                                        PLANT   0.1479050      0.0000000E+00   119.7406      0.0000000E+00   8725.688       472.1644       42.03017      0.0000000E+00   6.000000    
           7        1979           5           5 corn                                        PLANT   0.1479050      0.0000000E+00   91.62070      0.0000000E+00   5866.346       41.51429       35.46796      0.0000000E+00   6.000000    
           8        1979           5           5 corn                                        PLANT   0.1479050      0.0000000E+00   62.05507      0.0000000E+00   2782.098       13.95907       42.04149      0.0000000E+00   6.000000    
           9        1979           5           5 corn                                        PLANT   0.1479050      0.0000000E+00   120.1452      0.0000000E+00   8726.318       498.1298       43.25191      0.0000000E+00   6.000000    
          10        1979           5           5 corn                                        PLANT   0.1479050      0.0000000E+00   119.9208      0.0000000E+00   8728.761       368.4001       41.34320      0.0000000E+00   6.000000    
          11        1979           5           5 corn                                        PLANT   0.1479050      0.0000000E+00   121.6976      0.0000000E+00   8732.288       756.8386       52.00293      0.0000000E+00   6.000000    
          12        1979           5           5 corn                                        PLANT   0.1479050      0.0000000E+00   120.6734      0.0000000E+00   8730.021       409.1177       43.43073      0.0000000E+00   6.000000    
           1        1979           6          11 null                                        FERT   0.2869967      0.1977610       66.69411       1626.818       6019.677       25.52848       33.77920       123.2000      0.0000000E+00  0.0000000E+00  0.0000000E+00  0.0000000E+00  0.0000000E+00
           2        1979           6          11 null                                        FERT   0.2869967      0.1977610       51.19456       721.8695       3937.260       19.02117       43.99161       123.2000      0.0000000E+00  0.0000000E+00  0.0000000E+00  0.0000000E+00  0.0000000E+00
           3        1979           6          11 null                                        FERT   0.2869967      0.1977610       87.98385       1664.388       8724.287       266.1392       37.68945       123.2000      0.0000000E+00  0.0000000E+00  0.0000000E+00  0.0000000E+00  0.0000000E+00
           4        1979           6          11 null                                        FERT   0.2869967      0.1977610       87.98277       1661.206       8724.648       296.2643       37.58890       123.2000      0.0000000E+00  0.0000000E+00  0.0000000E+00  0.0000000E+00  0.0000000E+00
           5        1979           6          11 null                                        FERT   0.2869967      0.1977610       88.04478       1667.379       8724.992       540.2009       40.17427       123.2000      0.0000000E+00  0.0000000E+00  0.0000000E+00  0.0000000E+00  0.0000000E+00
           6        1979           6          11 null                                        FERT   0.2869967      0.1977610       88.04052       1667.165       8725.688       550.8560       40.56796       123.2000      0.0000000E+00  0.0000000E+00  0.0000000E+00  0.0000000E+00  0.0000000E+00
           7        1979           6          11 null                                        FERT   0.2869967      0.1977610       65.45370       1625.498       5866.346       25.58186       33.60033       123.2000      0.0000000E+00  0.0000000E+00  0.0000000E+00  0.0000000E+00  0.0000000E+00
           8        1979           6          11 null                                        FERT   0.2869967      0.1977610       43.70766       430.9727       2782.098       14.20501       41.62363       123.2000      0.0000000E+00  0.0000000E+00  0.0000000E+00  0.0000000E+00  0.0000000E+00
           9        1979           6          11 null                                        FERT   0.2869967      0.1977610       88.24519       1667.631       8726.318       582.8212       41.72947       123.2000      0.0000000E+00  0.0000000E+00  0.0000000E+00  0.0000000E+00  0.0000000E+00
          10        1979           6          11 null                                        FERT   0.2869967      0.1977610       88.18571       1665.139       8728.761       418.2318       39.95911       123.2000      0.0000000E+00  0.0000000E+00  0.0000000E+00  0.0000000E+00  0.0000000E+00
          11        1979           6          11 null                                        FERT   0.2869967      0.1977610       89.10123       1668.210       8732.288       883.5773       50.55123       123.2000      0.0000000E+00  0.0000000E+00  0.0000000E+00  0.0000000E+00  0.0000000E+00
          12        1979           6          11 null                                        FERT   0.2869967      0.1977610       88.57413       1667.208       8730.021       476.9083       41.97119       123.2000      0.0000000E+00  0.0000000E+00  0.0000000E+00  0.0000000E+00  0.0000000E+00
           1        1979          11           5 corn                                        HARV/KILL   0.9061776      0.0000000E+00   34.70418       17467.46       13139.20       37.40365       29.38964       6287.403      0.0000000E+00  0.0000000E+00  0.0000000E+00  0.0000000E+00  0.0000000E+00
           2        1979          11           5 corn                                        HARV/KILL   0.9061776      0.0000000E+00   34.73849       9404.579       7661.119       24.04388       41.63569       3385.495      0.0000000E+00  0.0000000E+00  0.0000000E+00  0.0000000E+00  0.0000000E+00
           3        1979          11           5 corn                                        HARV/KILL   0.9061776      0.0000000E+00   34.70641       28419.10       20455.54       288.4128       29.11578       10229.50      0.0000000E+00  0.0000000E+00  0.0000000E+00  0.0000000E+00  0.0000000E+00
           4        1979          11           5 corn                                        HARV/KILL   0.9061776      0.0000000E+00   34.71090       28417.43       20455.09       324.6808       28.97571       10229.01      0.0000000E+00  0.0000000E+00  0.0000000E+00  0.0000000E+00  0.0000000E+00
           5        1979          11           5 corn                                        HARV/KILL   0.9061776      0.0000000E+00   34.70885       28424.74       20458.56       666.1839       31.82538       10231.59      0.0000000E+00  0.0000000E+00  0.0000000E+00  0.0000000E+00  0.0000000E+00
           6        1979          11           5 corn                                        HARV/KILL   0.9061776      0.0000000E+00   34.71322       28424.78       20459.15       684.9865       32.21920       10231.72      0.0000000E+00  0.0000000E+00  0.0000000E+00  0.0000000E+00  0.0000000E+00
           7        1979          11           5 corn                                        HARV/KILL   0.9061776      0.0000000E+00   34.70248       17277.96       12906.09       37.45786       29.26040       6219.167      0.0000000E+00  0.0000000E+00  0.0000000E+00  0.0000000E+00  0.0000000E+00
           8        1979          11           5 corn                                        HARV/KILL   0.9061776      0.0000000E+00   34.73927       6069.220       5101.547       16.30713       40.07212       2184.812      0.0000000E+00  0.0000000E+00  0.0000000E+00  0.0000000E+00  0.0000000E+00
           9        1979          11           5 corn                                        HARV/KILL   0.9061776      0.0000000E+00   34.71508       28429.31       20461.64       735.0370       33.50292       10233.40      0.0000000E+00  0.0000000E+00  0.0000000E+00  0.0000000E+00  0.0000000E+00
          10        1979          11           5 corn                                        HARV/KILL   0.9061776      0.0000000E+00   34.73027       28426.78       20462.61       497.1734       31.48205       10232.88      0.0000000E+00  0.0000000E+00  0.0000000E+00  0.0000000E+00  0.0000000E+00
          11        1979          11           5 corn                                        HARV/KILL   0.9061776      0.0000000E+00   34.73801       28447.21       20474.49       1125.883       42.72405       10240.46      0.0000000E+00  0.0000000E+00  0.0000000E+00  0.0000000E+00  0.0000000E+00
          12        1979          11           5 corn                                        HARV/KILL   0.9061776      0.0000000E+00   34.73345       28436.34       20467.79       578.9962       33.63556       10236.42      0.0000000E+00  0.0000000E+00  0.0000000E+00  0.0000000E+00  0.0000000E+00
           1        1979          11          10 chisplow            TILLAGE   6.0164467E-03  0.0000000E+00   53.18298      0.0000000E+00   9197.437       37.56624       29.52673      0.3000000    
           2        1979          11          10 chisplow            TILLAGE   6.0164467E-03  0.0000000E+00   50.65816      0.0000000E+00   5362.783       24.15998       41.71790      0.3000000    
           3        1979          11          10 chisplow            TILLAGE   6.0164467E-03  0.0000000E+00   55.67287      0.0000000E+00   14318.88       294.6880       29.35356      0.3000000    
           4        1979          11          10 chisplow            TILLAGE   6.0164467E-03  0.0000000E+00   55.67747      0.0000000E+00   14318.56       332.9451       29.21222      0.3000000    
           5        1979          11          10 chisplow            TILLAGE   6.0164467E-03  0.0000000E+00   55.67611      0.0000000E+00   14320.99       676.4210       32.07523      0.3000000    
           6        1979          11          10 chisplow            TILLAGE   6.0164467E-03  0.0000000E+00   55.68078      0.0000000E+00   14321.41       695.2867       32.46940      0.3000000    
           7        1979          11          10 chisplow            TILLAGE   6.0164467E-03  0.0000000E+00   53.08617      0.0000000E+00   9034.266       37.60169       29.39596      0.3000000    
           8        1979          11          10 chisplow            TILLAGE   6.0164467E-03  0.0000000E+00   49.20144      0.0000000E+00   3571.083       16.39421       40.12666      0.3000000    
           9        1979          11          10 chisplow            TILLAGE   6.0164467E-03  0.0000000E+00   55.68304      0.0000000E+00   14323.15       745.3569       33.75798      0.3000000    
          10        1979          11          10 chisplow            TILLAGE   6.0164467E-03  0.0000000E+00   55.69885      0.0000000E+00   14323.82       507.4717       31.72473      0.3000000    
          11        1979          11          10 chisplow            TILLAGE   6.0164467E-03  0.0000000E+00   55.70793      0.0000000E+00   14332.14       1141.275       42.98625      0.3000000    
          12        1979          11          10 chisplow            TILLAGE   6.0164467E-03  0.0000000E+00   55.70296      0.0000000E+00   14327.46       589.3151       33.88404      0.3000000    
           1        1979          12           2 null                                        FERT   2.4207164E-02  0.0000000E+00   48.03336      0.0000000E+00   9362.725       39.33533       30.10748       142.7000      0.0000000E+00  0.0000000E+00  0.0000000E+00  0.0000000E+00  0.0000000E+00
           2        1979          12           2 null                                        FERT   2.4207164E-02  0.0000000E+00   41.97095      0.0000000E+00   5528.072       25.55177       42.05566       142.7000      0.0000000E+00  0.0000000E+00  0.0000000E+00  0.0000000E+00  0.0000000E+00
           3        1979          12           2 null                                        FERT   2.4207164E-02  0.0000000E+00   55.66598      0.0000000E+00   14484.17       320.4708       30.34396       142.7000      0.0000000E+00  0.0000000E+00  0.0000000E+00  0.0000000E+00  0.0000000E+00
           4        1979          12           2 null                                        FERT   2.4207164E-02  0.0000000E+00   55.67034      0.0000000E+00   14483.85       358.6314       30.19490       142.7000      0.0000000E+00  0.0000000E+00  0.0000000E+00  0.0000000E+00  0.0000000E+00
           5        1979          12           2 null                                        FERT   2.4207164E-02  0.0000000E+00   55.67115      0.0000000E+00   14486.28       724.6777       33.10991       142.7000      0.0000000E+00  0.0000000E+00  0.0000000E+00  0.0000000E+00  0.0000000E+00
           6        1979          12           2 null                                        FERT   2.4207164E-02  0.0000000E+00   55.67620      0.0000000E+00   14486.70       743.8528       33.50394       142.7000      0.0000000E+00  0.0000000E+00  0.0000000E+00  0.0000000E+00  0.0000000E+00
           7        1979          12           2 null                                        FERT   2.4207164E-02  0.0000000E+00   47.77647      0.0000000E+00   9199.554       39.31929       29.96801       142.7000      0.0000000E+00  0.0000000E+00  0.0000000E+00  0.0000000E+00  0.0000000E+00
           8        1979          12           2 null                                        FERT   2.4207164E-02  0.0000000E+00   39.37660      0.0000000E+00   3736.371       17.37590       40.34981       142.7000      0.0000000E+00  0.0000000E+00  0.0000000E+00  0.0000000E+00  0.0000000E+00
           9        1979          12           2 null                                        FERT   2.4207164E-02  0.0000000E+00   55.67991      0.0000000E+00   14488.43       794.1868       34.81202       142.7000      0.0000000E+00  0.0000000E+00  0.0000000E+00  0.0000000E+00  0.0000000E+00
          10        1979          12           2 null                                        FERT   2.4207164E-02  0.0000000E+00   55.69627      0.0000000E+00   14489.11       550.7335       32.72829       142.7000      0.0000000E+00  0.0000000E+00  0.0000000E+00  0.0000000E+00  0.0000000E+00
          11        1979          12           2 null                                        FERT   2.4207164E-02  0.0000000E+00   55.71166      0.0000000E+00   14497.43       1194.734       44.04099       142.7000      0.0000000E+00  0.0000000E+00  0.0000000E+00  0.0000000E+00  0.0000000E+00
          12        1979          12           2 null                                        FERT   2.4207164E-02  0.0000000E+00   55.70334      0.0000000E+00   14492.74       635.9723       34.90949       142.7000      0.0000000E+00  0.0000000E+00  0.0000000E+00  0.0000000E+00  0.0000000E+00
           1        1980           4           1 chisplow            TILLAGE   5.3102162E-02  0.0000000E+00   13.02868      0.0000000E+00   5150.564       44.32817       32.30943      0.3000000    
           2        1980           4           1 chisplow            TILLAGE   5.3102162E-02  0.0000000E+00   6.932280      0.0000000E+00   3003.158       29.65074       43.33157      0.3000000    
           3        1980           4           1 chisplow            TILLAGE   5.3102162E-02  0.0000000E+00   22.45285      0.0000000E+00   8018.573       447.5414       33.91095      0.3000000    
           4        1980           4           1 chisplow            TILLAGE   5.3102162E-02  0.0000000E+00   22.58895      0.0000000E+00   8018.395       497.7016       33.78636      0.3000000    
           5        1980           4           1 chisplow            TILLAGE   5.3102162E-02  0.0000000E+00   22.43849      0.0000000E+00   8019.755       950.7751       36.76206      0.3000000    
           6        1980           4           1 chisplow            TILLAGE   5.3102162E-02  0.0000000E+00   22.51499      0.0000000E+00   8019.989       970.2950       37.16540      0.3000000    
           7        1980           4           1 chisplow            TILLAGE   5.3102162E-02  0.0000000E+00   12.83519      0.0000000E+00   5059.189       44.59201       32.13705      0.3000000    
           8        1980           4           1 chisplow            TILLAGE   5.3102162E-02  0.0000000E+00   4.337984      0.0000000E+00   1999.806       20.75080       41.11697      0.3000000    
           9        1980           4           1 chisplow            TILLAGE   5.3102162E-02  0.0000000E+00   22.42449      0.0000000E+00   8020.962       1020.464       38.48807      0.3000000    
          10        1980           4           1 chisplow            TILLAGE   5.3102162E-02  0.0000000E+00   22.63136      0.0000000E+00   8021.341       728.4756       36.31409      0.3000000    
          11        1980           4           1 chisplow            TILLAGE   5.3102162E-02  0.0000000E+00   22.58772      0.0000000E+00   8026.000       1439.428       47.59665      0.3000000    
          12        1980           4           1 chisplow            TILLAGE   5.3102162E-02  0.0000000E+00   22.50114      0.0000000E+00   8023.375       834.3699       38.51362      0.3000000    
           1        1980           4          28 corn                                        PLANT   0.1298327      0.0000000E+00   2.090715      0.0000000E+00   5243.126       44.15647       32.77692      0.0000000E+00   6.000000    
           2        1980           4          28 corn                                        PLANT   0.1298327      0.0000000E+00  4.9999999E-06  0.0000000E+00   3095.720       30.41422       43.58670      0.0000000E+00   6.000000    
           3        1980           4          28 corn                                        PLANT   0.1298327      0.0000000E+00   10.25531      0.0000000E+00   8111.135       488.9186       34.80079      0.0000000E+00   6.000000    
           4        1980           4          28 corn                                        PLANT   0.1298327      0.0000000E+00   10.43888      0.0000000E+00   8110.956       546.2527       34.66927      0.0000000E+00   6.000000    
           5        1980           4          28 corn                                        PLANT   0.1298327      0.0000000E+00   10.21770      0.0000000E+00   8112.316       1005.569       37.70943      0.0000000E+00   6.000000    
           6        1980           4          28 corn                                        PLANT   0.1298327      0.0000000E+00   10.31241      0.0000000E+00   8112.550       1024.833       38.11424      0.0000000E+00   6.000000    
           7        1980           4          28 corn                                        PLANT   0.1298327      0.0000000E+00   1.893601      0.0000000E+00   5151.750       44.19546       32.59615      0.0000000E+00   6.000000    
           8        1980           4          28 corn                                        PLANT   0.1298327      0.0000000E+00  4.9999999E-06  0.0000000E+00   2092.368       21.55633       41.24779      0.0000000E+00   6.000000    
           9        1980           4          28 corn                                        PLANT   0.1298327      0.0000000E+00   10.16436      0.0000000E+00   8113.524       1074.996       39.46079      0.0000000E+00   6.000000    
          10        1980           4          28 corn                                        PLANT   0.1298327      0.0000000E+00   10.41382      0.0000000E+00   8113.902       782.8771       37.23361      0.0000000E+00   6.000000    
          11        1980           4          28 corn                                        PLANT   0.1298327      0.0000000E+00   10.19663      0.0000000E+00   8118.561       1519.433       48.65592      0.0000000E+00   6.000000    
          12        1980           4          28 corn                                        PLANT   0.1298327      0.0000000E+00   10.18210      0.0000000E+00   8115.936       888.3781       39.46405      0.0000000E+00   6.000000    
           1        1980           6           1 null                                        FERT   0.2610447      0.1882735       43.13548       533.4924       5243.126       37.86700       32.39273       181.4000      0.0000000E+00  0.0000000E+00  0.0000000E+00  0.0000000E+00  0.0000000E+00
           2        1980           6           1 null                                        FERT   0.2610447      0.1882735       42.45310       316.7375       3095.720       28.92159       43.30779       181.4000      0.0000000E+00  0.0000000E+00  0.0000000E+00  0.0000000E+00  0.0000000E+00
           3        1980           6           1 null                                        FERT   0.2610447      0.1882735       43.99966       1170.841       8111.135       497.1675       33.75775       181.4000      0.0000000E+00  0.0000000E+00  0.0000000E+00  0.0000000E+00  0.0000000E+00
           4        1980           6           1 null                                        FERT   0.2610447      0.1882735       43.99873       1174.188       8110.956       556.0245       33.61617       181.4000      0.0000000E+00  0.0000000E+00  0.0000000E+00  0.0000000E+00  0.0000000E+00
           5        1980           6           1 null                                        FERT   0.2610447      0.1882735       44.00141       1170.168       8112.316       1038.643       36.67635       181.4000      0.0000000E+00  0.0000000E+00  0.0000000E+00  0.0000000E+00  0.0000000E+00
           6        1980           6           1 null                                        FERT   0.2610447      0.1882735       44.00172       1171.904       8112.550       1058.965       37.07843       181.4000      0.0000000E+00  0.0000000E+00  0.0000000E+00  0.0000000E+00  0.0000000E+00
           7        1980           6           1 null                                        FERT   0.2610447      0.1882735       43.10680       518.3463       5151.750       37.84988       32.22295       181.4000      0.0000000E+00  0.0000000E+00  0.0000000E+00  0.0000000E+00  0.0000000E+00
           8        1980           6           1 null                                        FERT   0.2610447      0.1882735       42.28983       236.4276       2092.368       21.68216       40.90335       181.4000      0.0000000E+00  0.0000000E+00  0.0000000E+00  0.0000000E+00  0.0000000E+00
           9        1980           6           1 null                                        FERT   0.2610447      0.1882735       44.00452       1169.207       8113.524       1109.516       38.43761       181.4000      0.0000000E+00  0.0000000E+00  0.0000000E+00  0.0000000E+00  0.0000000E+00
          10        1980           6           1 null                                        FERT   0.2610447      0.1882735       44.00644       1173.767       8113.902       808.2537       36.19340       181.4000      0.0000000E+00  0.0000000E+00  0.0000000E+00  0.0000000E+00  0.0000000E+00
          11        1980           6           1 null                                        FERT   0.2610447      0.1882735       44.01220       1169.859       8118.561       1566.665       47.70193       181.4000      0.0000000E+00  0.0000000E+00  0.0000000E+00  0.0000000E+00  0.0000000E+00
          12        1980           6           1 null                                        FERT   0.2610447      0.1882735       44.01105       1169.557       8115.936       918.6232       38.44002       181.4000      0.0000000E+00  0.0000000E+00  0.0000000E+00  0.0000000E+00  0.0000000E+00
           1        1980          10           7 corn                                        HARV/KILL   0.8577890      0.0000000E+00  4.9999999E-06   10371.71       10302.61       44.16978       29.62932       2988.053      0.0000000E+00  0.0000000E+00  0.0000000E+00  0.0000000E+00  0.0000000E+00
           2        1980          10           7 corn                                        HARV/KILL   0.8577890      0.0000000E+00  4.9999999E-06   7499.713       6730.924       32.23080       41.12523       2158.404      0.0000000E+00  0.0000000E+00  0.0000000E+00  0.0000000E+00  0.0000000E+00
           3        1980          10           7 corn                                        HARV/KILL   0.8577890      0.0000000E+00  4.9999999E-06   18228.67       17058.71       544.8503       29.39503       5265.663      0.0000000E+00  0.0000000E+00  0.0000000E+00  0.0000000E+00  0.0000000E+00
           4        1980          10           7 corn                                        HARV/KILL   0.8577890      0.0000000E+00  4.9999999E-06   18233.79       17060.90       609.3483       29.23303       5267.302      0.0000000E+00  0.0000000E+00  0.0000000E+00  0.0000000E+00  0.0000000E+00
           5        1980          10           7 corn                                        HARV/KILL   0.8577890      0.0000000E+00  4.9999999E-06   18227.89       17059.49       1145.531       32.45240       5265.448      0.0000000E+00  0.0000000E+00  0.0000000E+00  0.0000000E+00  0.0000000E+00
           6        1980          10           7 corn                                        HARV/KILL   0.8577890      0.0000000E+00  4.9999999E-06   18230.66       17060.98       1167.107       32.85570       5266.362      0.0000000E+00  0.0000000E+00  0.0000000E+00  0.0000000E+00  0.0000000E+00
           7        1980          10           7 corn                                        HARV/KILL   0.8577890      0.0000000E+00  4.9999999E-06   10182.74       10117.61       44.08779       29.50754       2933.388      0.0000000E+00  0.0000000E+00  0.0000000E+00  0.0000000E+00  0.0000000E+00
           8        1980          10           7 corn                                        HARV/KILL   0.8577890      0.0000000E+00  4.9999999E-06   5332.085       4650.518       23.86016       39.44759       1534.208      0.0000000E+00  0.0000000E+00  0.0000000E+00  0.0000000E+00  0.0000000E+00
           9        1980          10           7 corn                                        HARV/KILL   0.8577890      0.0000000E+00  4.9999999E-06   18226.85       17060.13       1226.050       34.28239       5265.194      0.0000000E+00  0.0000000E+00  0.0000000E+00  0.0000000E+00  0.0000000E+00
          10        1980          10           7 corn                                        HARV/KILL   0.8577890      0.0000000E+00  4.9999999E-06   18234.34       17063.87       885.1417       31.90261       5267.701      0.0000000E+00  0.0000000E+00  0.0000000E+00  0.0000000E+00  0.0000000E+00
          11        1980          10           7 corn                                        HARV/KILL   0.8577890      0.0000000E+00  4.9999999E-06   18228.82       17065.89       1737.674       43.80910       5266.008      0.0000000E+00  0.0000000E+00  0.0000000E+00  0.0000000E+00  0.0000000E+00
          12        1980          10           7 corn                                        HARV/KILL   0.8577890      0.0000000E+00  4.9999999E-06   18228.41       17063.06       1012.376       34.23098       5265.887      0.0000000E+00  0.0000000E+00  0.0000000E+00  0.0000000E+00  0.0000000E+00
           1        1980          10           9 null                                        FERT   6.9840560E-03  0.0000000E+00  4.9999999E-06  0.0000000E+00   10395.17       44.56208       29.66451       142.7000      0.0000000E+00  0.0000000E+00  0.0000000E+00  0.0000000E+00  0.0000000E+00
           2        1980          10           9 null                                        FERT   6.9840560E-03  0.0000000E+00  4.9999999E-06  0.0000000E+00   6823.486       32.49482       41.14914       142.7000      0.0000000E+00  0.0000000E+00  0.0000000E+00  0.0000000E+00  0.0000000E+00
           3        1980          10           9 null                                        FERT   6.9840560E-03  0.0000000E+00  4.9999999E-06  0.0000000E+00   17151.27       546.1024       29.45082       142.7000      0.0000000E+00  0.0000000E+00  0.0000000E+00  0.0000000E+00  0.0000000E+00
           4        1980          10           9 null                                        FERT   6.9840560E-03  0.0000000E+00  4.9999999E-06  0.0000000E+00   17153.46       610.6744       29.28891       142.7000      0.0000000E+00  0.0000000E+00  0.0000000E+00  0.0000000E+00  0.0000000E+00
           5        1980          10           9 null                                        FERT   6.9840560E-03  0.0000000E+00  4.9999999E-06  0.0000000E+00   17152.05       1147.155       32.50805       142.7000      0.0000000E+00  0.0000000E+00  0.0000000E+00  0.0000000E+00  0.0000000E+00
           6        1980          10           9 null                                        FERT   6.9840560E-03  0.0000000E+00  4.9999999E-06  0.0000000E+00   17153.54       1168.755       32.91140       142.7000      0.0000000E+00  0.0000000E+00  0.0000000E+00  0.0000000E+00  0.0000000E+00
           7        1980          10           9 null                                        FERT   6.9840560E-03  0.0000000E+00  4.9999999E-06  0.0000000E+00   10210.17       44.47630       29.54214       142.7000      0.0000000E+00  0.0000000E+00  0.0000000E+00  0.0000000E+00  0.0000000E+00
           8        1980          10           9 null                                        FERT   6.9840560E-03  0.0000000E+00  4.9999999E-06  0.0000000E+00   4743.080       24.04240       39.46470       142.7000      0.0000000E+00  0.0000000E+00  0.0000000E+00  0.0000000E+00  0.0000000E+00
           9        1980          10           9 null                                        FERT   6.9840560E-03  0.0000000E+00  4.9999999E-06  0.0000000E+00   17152.69       1227.748       34.33797       142.7000      0.0000000E+00  0.0000000E+00  0.0000000E+00  0.0000000E+00  0.0000000E+00
          10        1980          10           9 null                                        FERT   6.9840560E-03  0.0000000E+00  4.9999999E-06  0.0000000E+00   17156.43       886.5891       31.95829       142.7000      0.0000000E+00  0.0000000E+00  0.0000000E+00  0.0000000E+00  0.0000000E+00
          11        1980          10           9 null                                        FERT   6.9840560E-03  0.0000000E+00  4.9999999E-06  0.0000000E+00   17158.45       1739.692       43.86518       142.7000      0.0000000E+00  0.0000000E+00  0.0000000E+00  0.0000000E+00  0.0000000E+00
          12        1980          10           9 null                                        FERT   6.9840560E-03  0.0000000E+00  4.9999999E-06  0.0000000E+00   17155.62       1013.919       34.28683       142.7000      0.0000000E+00  0.0000000E+00  0.0000000E+00  0.0000000E+00  0.0000000E+00
           1        1980          10          11 chisplow            TILLAGE   1.5261236E-02  0.0000000E+00  4.9999999E-06  0.0000000E+00   7211.828       44.95409       29.69953      0.3000000    
           2        1980          10          11 chisplow            TILLAGE   1.5261236E-02  0.0000000E+00  4.9999999E-06  0.0000000E+00   4711.647       32.75876       41.17295      0.3000000    
           3        1980          10          11 chisplow            TILLAGE   1.5261236E-02  0.0000000E+00  4.9999999E-06  0.0000000E+00   11941.10       547.3549       29.50677      0.3000000    
           4        1980          10          11 chisplow            TILLAGE   1.5261236E-02  0.0000000E+00  4.9999999E-06  0.0000000E+00   11942.63       612.0012       29.34489      0.3000000    
           5        1980          10          11 chisplow            TILLAGE   1.5261236E-02  0.0000000E+00  4.9999999E-06  0.0000000E+00   11941.64       1148.781       32.56402      0.3000000    
           6        1980          10          11 chisplow            TILLAGE   1.5261236E-02  0.0000000E+00  4.9999999E-06  0.0000000E+00   11942.69       1170.399       32.96740      0.3000000    
           7        1980          10          11 chisplow            TILLAGE   1.5261236E-02  0.0000000E+00  4.9999999E-06  0.0000000E+00   7082.324       44.86457       29.57656      0.3000000    
           8        1980          10          11 chisplow            TILLAGE   1.5261236E-02  0.0000000E+00  4.9999999E-06  0.0000000E+00   3255.363       24.22466       39.48174      0.3000000    
           9        1980          10          11 chisplow            TILLAGE   1.5261236E-02  0.0000000E+00  4.9999999E-06  0.0000000E+00   11942.09       1229.435       34.39391      0.3000000    
          10        1980          10          11 chisplow            TILLAGE   1.5261236E-02  0.0000000E+00  4.9999999E-06  0.0000000E+00   11944.71       888.0370       32.01414      0.3000000    
          11        1980          10          11 chisplow            TILLAGE   1.5261236E-02  0.0000000E+00  4.9999999E-06  0.0000000E+00   11946.12       1741.711       43.92167      0.3000000    
          12        1980          10          11 chisplow            TILLAGE   1.5261236E-02  0.0000000E+00  4.9999999E-06  0.0000000E+00   11944.14       1015.462       34.34299      0.3000000    
           1        1981           5           1 fldcult             TILLAGE   0.1505038      0.0000000E+00  0.4924085      0.0000000E+00   4038.624       72.80539       32.35656      0.3000000    
           2        1981           5           1 fldcult             TILLAGE   0.1505038      0.0000000E+00  0.1402381      0.0000000E+00   2638.522       53.24162       42.96215      0.3000000    
           3        1981           5           1 fldcult             TILLAGE   0.1505038      0.0000000E+00   1.146235      0.0000000E+00   6687.015       661.5334       33.92238      0.3000000    
           4        1981           5           1 fldcult             TILLAGE   0.1505038      0.0000000E+00   1.146444      0.0000000E+00   6687.871       732.2359       33.74920      0.3000000    
           5        1981           5           1 fldcult             TILLAGE   0.1505038      0.0000000E+00   1.146309      0.0000000E+00   6687.319       1298.318       37.01472      0.3000000    
           6        1981           5           1 fldcult             TILLAGE   0.1505038      0.0000000E+00   1.146452      0.0000000E+00   6687.904       1322.089       37.41613      0.3000000    
           7        1981           5           1 fldcult             TILLAGE   0.1505038      0.0000000E+00  0.4743097      0.0000000E+00   3966.101       73.01723       32.18740      0.3000000    
           8        1981           5           1 fldcult             TILLAGE   0.1505038      0.0000000E+00  9.2924803E-02  0.0000000E+00   1823.003       38.61626       40.73207      0.3000000    
           9        1981           5           1 fldcult             TILLAGE   0.1505038      0.0000000E+00   1.146370      0.0000000E+00   6687.570       1384.827       38.86087      0.3000000    
          10        1981           5           1 fldcult             TILLAGE   0.1505038      0.0000000E+00   1.146729      0.0000000E+00   6689.036       1020.789       36.44928      0.3000000    
          11        1981           5           1 fldcult             TILLAGE   0.1505038      0.0000000E+00   1.146922      0.0000000E+00   6689.829       1927.091       48.46336      0.3000000    
          12        1981           5           1 fldcult             TILLAGE   0.1505038      0.0000000E+00   1.146651      0.0000000E+00   6688.721       1157.065       38.80582      0.3000000    
           1        1981           5           3 corn                                        PLANT   0.1563530      0.0000000E+00  1.9699162E-02  0.0000000E+00   4074.908       73.14422       32.37740      0.0000000E+00   6.000000    
           1        1981           5           3 null                                        FERT   0.1563530      0.0000000E+00  1.9699162E-02  0.0000000E+00   4074.908       73.14422       32.37740       26.00000      0.0000000E+00  0.0000000E+00  0.0000000E+00  0.0000000E+00  0.0000000E+00
           2        1981           5           3 corn                                        PLANT   0.1563530      0.0000000E+00  5.6124018E-03  0.0000000E+00   2674.806       53.48811       42.97572      0.0000000E+00   6.000000    
           2        1981           5           3 null                                        FERT   0.1563530      0.0000000E+00  5.6124018E-03  0.0000000E+00   2674.806       53.48811       42.97572       26.00000      0.0000000E+00  0.0000000E+00  0.0000000E+00  0.0000000E+00  0.0000000E+00
           3        1981           5           3 corn                                        PLANT   0.1563530      0.0000000E+00  0.3682153      0.0000000E+00   6723.299       662.9420       33.95869      0.0000000E+00   6.000000    
           3        1981           5           3 null                                        FERT   0.1563530      0.0000000E+00  0.3682153      0.0000000E+00   6723.299       662.9420       33.95869       26.00000      0.0000000E+00  0.0000000E+00  0.0000000E+00  0.0000000E+00  0.0000000E+00
           4        1981           5           3 corn                                        PLANT   0.1563530      0.0000000E+00  0.3684080      0.0000000E+00   6724.155       733.6946       33.78520      0.0000000E+00   6.000000    
           4        1981           5           3 null                                        FERT   0.1563530      0.0000000E+00  0.3684080      0.0000000E+00   6724.155       733.6946       33.78520       26.00000      0.0000000E+00  0.0000000E+00  0.0000000E+00  0.0000000E+00  0.0000000E+00
           5        1981           5           3 corn                                        PLANT   0.1563530      0.0000000E+00  0.3682834      0.0000000E+00   6723.604       1299.117       37.05230      0.0000000E+00   6.000000    
           5        1981           5           3 null                                        FERT   0.1563530      0.0000000E+00  0.3682834      0.0000000E+00   6723.604       1299.117       37.05230       26.00000      0.0000000E+00  0.0000000E+00  0.0000000E+00  0.0000000E+00  0.0000000E+00
           6        1981           5           3 corn                                        PLANT   0.1563530      0.0000000E+00  0.3684154      0.0000000E+00   6724.188       1322.899       37.45355      0.0000000E+00   6.000000    
           6        1981           5           3 null                                        FERT   0.1563530      0.0000000E+00  0.3684154      0.0000000E+00   6724.188       1322.899       37.45355       26.00000      0.0000000E+00  0.0000000E+00  0.0000000E+00  0.0000000E+00  0.0000000E+00
           7        1981           5           3 corn                                        PLANT   0.1563530      0.0000000E+00  1.8975221E-02  0.0000000E+00   4002.385       73.34554       32.20784      0.0000000E+00   6.000000    
           7        1981           5           3 null                                        FERT   0.1563530      0.0000000E+00  1.8975221E-02  0.0000000E+00   4002.385       73.34554       32.20784       26.00000      0.0000000E+00  0.0000000E+00  0.0000000E+00  0.0000000E+00  0.0000000E+00
           8        1981           5           3 corn                                        PLANT   0.1563530      0.0000000E+00  3.7198721E-03  0.0000000E+00   1859.287       38.79689       40.74041      0.0000000E+00   6.000000    
           8        1981           5           3 null                                        FERT   0.1563530      0.0000000E+00  3.7198721E-03  0.0000000E+00   1859.287       38.79689       40.74041       26.00000      0.0000000E+00  0.0000000E+00  0.0000000E+00  0.0000000E+00  0.0000000E+00
           9        1981           5           3 corn                                        PLANT   0.1563530      0.0000000E+00  0.3683403      0.0000000E+00   6723.854       1385.692       38.89887      0.0000000E+00   6.000000    
           9        1981           5           3 null                                        FERT   0.1563530      0.0000000E+00  0.3683403      0.0000000E+00   6723.854       1385.692       38.89887       26.00000      0.0000000E+00  0.0000000E+00  0.0000000E+00  0.0000000E+00  0.0000000E+00
          10        1981           5           3 corn                                        PLANT   0.1563530      0.0000000E+00  0.3686706      0.0000000E+00   6725.320       1022.392       36.48598      0.0000000E+00   6.000000    
          10        1981           5           3 null                                        FERT   0.1563530      0.0000000E+00  0.3686706      0.0000000E+00   6725.320       1022.392       36.48598       26.00000      0.0000000E+00  0.0000000E+00  0.0000000E+00  0.0000000E+00  0.0000000E+00
          11        1981           5           3 corn                                        PLANT   0.1563530      0.0000000E+00  0.3688488      0.0000000E+00   6726.113       1928.222       48.50289      0.0000000E+00   6.000000    
          11        1981           5           3 null                                        FERT   0.1563530      0.0000000E+00  0.3688488      0.0000000E+00   6726.113       1928.222       48.50289       26.00000      0.0000000E+00  0.0000000E+00  0.0000000E+00  0.0000000E+00  0.0000000E+00
          12        1981           5           3 corn                                        PLANT   0.1563530      0.0000000E+00  0.3685991      0.0000000E+00   6725.005       1157.791       38.84341      0.0000000E+00   6.000000    
          12        1981           5           3 null                                        FERT   0.1563530      0.0000000E+00  0.3685991      0.0000000E+00   6725.005       1157.791       38.84341       26.00000      0.0000000E+00  0.0000000E+00  0.0000000E+00  0.0000000E+00  0.0000000E+00
           1        1981           6           6 null                                        FERT   0.2884781      0.1918285      3.0794851E-03   46.58802       4074.908       78.54911       32.65051       182.6000      0.0000000E+00  0.0000000E+00  0.0000000E+00  0.0000000E+00  0.0000000E+00
           2        1981           6           6 null                                        FERT   0.2884781      0.1918285      3.3510774E-03   34.35877       2674.806       57.52224       43.15514       182.6000      0.0000000E+00  0.0000000E+00  0.0000000E+00  0.0000000E+00  0.0000000E+00
           3        1981           6           6 null                                        FERT   0.2884781      0.1918285      2.0162929E-03   397.1065       6723.299       676.5831       33.89735       182.6000      0.0000000E+00  0.0000000E+00  0.0000000E+00  0.0000000E+00  0.0000000E+00
           4        1981           6           6 null                                        FERT   0.2884781      0.1918285      2.0192917E-03   379.7751       6724.155       749.1381       33.74427       182.6000      0.0000000E+00  0.0000000E+00  0.0000000E+00  0.0000000E+00  0.0000000E+00
           5        1981           6           6 null                                        FERT   0.2884781      0.1918285      2.0157648E-03   399.2729       6723.604       1319.661       37.00071       182.6000      0.0000000E+00  0.0000000E+00  0.0000000E+00  0.0000000E+00  0.0000000E+00
           6        1981           6           6 null                                        FERT   0.2884781      0.1918285      2.0156354E-03   398.9458       6724.188       1345.312       37.40160       182.6000      0.0000000E+00  0.0000000E+00  0.0000000E+00  0.0000000E+00  0.0000000E+00
           7        1981           6           6 null                                        FERT   0.2884781      0.1918285      3.0926494E-03   45.20140       4002.385       78.60512       32.47659       182.6000      0.0000000E+00  0.0000000E+00  0.0000000E+00  0.0000000E+00  0.0000000E+00
           8        1981           6           6 null                                        FERT   0.2884781      0.1918285      3.5258681E-03   27.32961       1859.287       41.75761       40.84031       182.6000      0.0000000E+00  0.0000000E+00  0.0000000E+00  0.0000000E+00  0.0000000E+00
           9        1981           6           6 null                                        FERT   0.2884781      0.1918285      2.0155767E-03   399.8328       6723.854       1408.966       38.85175       182.6000      0.0000000E+00  0.0000000E+00  0.0000000E+00  0.0000000E+00  0.0000000E+00
          10        1981           6           6 null                                        FERT   0.2884781      0.1918285      2.0155571E-03   397.3722       6725.320       1040.393       36.42954       182.6000      0.0000000E+00  0.0000000E+00  0.0000000E+00  0.0000000E+00  0.0000000E+00
          11        1981           6           6 null                                        FERT   0.2884781      0.1918285      2.0117182E-03   416.2632       6726.113       1959.060       48.45666       182.6000      0.0000000E+00  0.0000000E+00  0.0000000E+00  0.0000000E+00  0.0000000E+00
          12        1981           6           6 null                                        FERT   0.2884781      0.1918285      2.0153327E-03   399.1049       6725.005       1177.472       38.79359       182.6000      0.0000000E+00  0.0000000E+00  0.0000000E+00  0.0000000E+00  0.0000000E+00
           1        1981          11           9 corn                                        HARV/KILL   0.9448902      0.0000000E+00   13.30760       12753.23       10042.26       58.29844       28.20060       3989.000      0.0000000E+00  0.0000000E+00  0.0000000E+00  0.0000000E+00  0.0000000E+00
           2        1981          11           9 corn                                        HARV/KILL   0.9448902      0.0000000E+00   13.30359       9660.435       7187.118       42.11980       39.70612       3020.764      0.0000000E+00  0.0000000E+00  0.0000000E+00  0.0000000E+00  0.0000000E+00
           3        1981          11           9 corn                                        HARV/KILL   0.9448902      0.0000000E+00   13.33873       17686.49       15000.80       718.1819       28.95907       5543.638      0.0000000E+00  0.0000000E+00  0.0000000E+00  0.0000000E+00  0.0000000E+00
           4        1981          11           9 corn                                        HARV/KILL   0.9448902      0.0000000E+00   13.33869       17668.27       14993.14       796.2219       28.75538       5537.883      0.0000000E+00  0.0000000E+00  0.0000000E+00  0.0000000E+00  0.0000000E+00
           5        1981          11           9 corn                                        HARV/KILL   0.9448902      0.0000000E+00   13.33871       17688.80       15002.18       1411.005       32.20370       5544.371      0.0000000E+00  0.0000000E+00  0.0000000E+00  0.0000000E+00  0.0000000E+00
           6        1981          11           9 corn                                        HARV/KILL   0.9448902      0.0000000E+00   13.33880       17688.58       15002.64       1441.802       32.60044       5544.320      0.0000000E+00  0.0000000E+00  0.0000000E+00  0.0000000E+00  0.0000000E+00
           7        1981          11           9 corn                                        HARV/KILL   0.9448902      0.0000000E+00   13.30741       12637.05       9915.112       58.42245       28.05388       3952.599      0.0000000E+00  0.0000000E+00  0.0000000E+00  0.0000000E+00  0.0000000E+00
           8        1981          11           9 corn                                        HARV/KILL   0.9448902      0.0000000E+00   13.30166       6860.725       5053.641       31.06288       38.42607       2145.045      0.0000000E+00  0.0000000E+00  0.0000000E+00  0.0000000E+00  0.0000000E+00
           9        1981          11           9 corn                                        HARV/KILL   0.9448902      0.0000000E+00   13.33862       17689.35       15002.69       1512.801       34.11985       5544.535      0.0000000E+00  0.0000000E+00  0.0000000E+00  0.0000000E+00  0.0000000E+00
          10        1981          11           9 corn                                        HARV/KILL   0.9448902      0.0000000E+00   13.33886       17687.07       15003.04       1111.503       31.55146       5543.869      0.0000000E+00  0.0000000E+00  0.0000000E+00  0.0000000E+00  0.0000000E+00
          11        1981          11           9 corn                                        HARV/KILL   0.9448902      0.0000000E+00   13.33763       17706.23       15012.94       2128.295       43.92014       5549.775      0.0000000E+00  0.0000000E+00  0.0000000E+00  0.0000000E+00  0.0000000E+00
          12        1981          11           9 corn                                        HARV/KILL   0.9448902      0.0000000E+00   13.33849       17688.61       15003.50       1263.540       33.99830       5544.309      0.0000000E+00  0.0000000E+00  0.0000000E+00  0.0000000E+00  0.0000000E+00
           1        1981          11          14 null                                        FERT   6.8887975E-03  0.0000000E+00   9.178170      0.0000000E+00   10078.54       59.03324       28.29165       336.0000      0.0000000E+00  0.0000000E+00  0.0000000E+00  0.0000000E+00  0.0000000E+00
           2        1981          11          14 null                                        FERT   6.8887975E-03  0.0000000E+00   8.675311      0.0000000E+00   7223.402       42.63422       39.77279       336.0000      0.0000000E+00  0.0000000E+00  0.0000000E+00  0.0000000E+00  0.0000000E+00
           3        1981          11          14 null                                        FERT   6.8887975E-03  0.0000000E+00   9.989398      0.0000000E+00   15037.09       721.1564       29.09352       336.0000      0.0000000E+00  0.0000000E+00  0.0000000E+00  0.0000000E+00  0.0000000E+00
           4        1981          11          14 null                                        FERT   6.8887975E-03  0.0000000E+00   9.988303      0.0000000E+00   15029.42       799.3566       28.88919       336.0000      0.0000000E+00  0.0000000E+00  0.0000000E+00  0.0000000E+00  0.0000000E+00
           5        1981          11          14 null                                        FERT   6.8887975E-03  0.0000000E+00   9.989569      0.0000000E+00   15038.47       1414.683       32.34028       336.0000      0.0000000E+00  0.0000000E+00  0.0000000E+00  0.0000000E+00  0.0000000E+00
           6        1981          11          14 null                                        FERT   6.8887975E-03  0.0000000E+00   9.989712      0.0000000E+00   15038.93       1445.525       32.73700       336.0000      0.0000000E+00  0.0000000E+00  0.0000000E+00  0.0000000E+00  0.0000000E+00
           7        1981          11          14 null                                        FERT   6.8887975E-03  0.0000000E+00   9.155707      0.0000000E+00   9951.396       59.14264       28.14396       336.0000      0.0000000E+00  0.0000000E+00  0.0000000E+00  0.0000000E+00  0.0000000E+00
           8        1981          11          14 null                                        FERT   6.8887975E-03  0.0000000E+00   8.286875      0.0000000E+00   5089.925       31.40876       38.47384       336.0000      0.0000000E+00  0.0000000E+00  0.0000000E+00  0.0000000E+00  0.0000000E+00
           9        1981          11          14 null                                        FERT   6.8887975E-03  0.0000000E+00   9.989573      0.0000000E+00   15038.98       1516.614       34.25722       336.0000      0.0000000E+00  0.0000000E+00  0.0000000E+00  0.0000000E+00  0.0000000E+00
          10        1981          11          14 null                                        FERT   6.8887975E-03  0.0000000E+00   9.989815      0.0000000E+00   15039.33       1114.916       31.68655       336.0000      0.0000000E+00  0.0000000E+00  0.0000000E+00  0.0000000E+00  0.0000000E+00
          11        1981          11          14 null                                        FERT   6.8887975E-03  0.0000000E+00   9.990219      0.0000000E+00   15049.23       2132.759       44.05733       336.0000      0.0000000E+00  0.0000000E+00  0.0000000E+00  0.0000000E+00  0.0000000E+00
          12        1981          11          14 null                                        FERT   6.8887975E-03  0.0000000E+00   9.989586      0.0000000E+00   15039.78       1267.148       34.13463       336.0000      0.0000000E+00  0.0000000E+00  0.0000000E+00  0.0000000E+00  0.0000000E+00
           1        1982           4          24 fldcult             TILLAGE   9.9045523E-02  0.0000000E+00   49.14632      0.0000000E+00   5623.664       58.00985       30.76093      0.3000000    
           2        1982           4          24 fldcult             TILLAGE   9.9045523E-02  0.0000000E+00   37.55848      0.0000000E+00   4024.786       37.76226       41.51366      0.3000000    
           3        1982           4          24 fldcult             TILLAGE   9.9045523E-02  0.0000000E+00   76.35951      0.0000000E+00   8400.449       983.4332       32.96900      0.3000000    
           4        1982           4          24 fldcult             TILLAGE   9.9045523E-02  0.0000000E+00   75.56319      0.0000000E+00   8396.157       1066.804       32.78986      0.3000000    
           5        1982           4          24 fldcult             TILLAGE   9.9045523E-02  0.0000000E+00   76.76713      0.0000000E+00   8401.222       1735.055       36.37123      0.3000000    
           6        1982           4          24 fldcult             TILLAGE   9.9045523E-02  0.0000000E+00   76.12270      0.0000000E+00   8401.481       1778.179       36.77811      0.3000000    
           7        1982           4          24 fldcult             TILLAGE   9.9045523E-02  0.0000000E+00   48.63406      0.0000000E+00   5552.463       57.24915       30.59113      0.3000000    
           8        1982           4          24 fldcult             TILLAGE   9.9045523E-02  0.0000000E+00   31.32641      0.0000000E+00   2830.039       27.92002       39.71121      0.3000000    
           9        1982           4          24 fldcult             TILLAGE   9.9045523E-02  0.0000000E+00   77.25832      0.0000000E+00   8401.509       1865.834       38.32069      0.3000000    
          10        1982           4          24 fldcult             TILLAGE   9.9045523E-02  0.0000000E+00   75.50516      0.0000000E+00   8401.703       1396.283       35.62306      0.3000000    
          11        1982           4          24 fldcult             TILLAGE   9.9045523E-02  0.0000000E+00   78.86114      0.0000000E+00   8407.248       2491.074       48.04577      0.3000000    
          12        1982           4          24 fldcult             TILLAGE   9.9045523E-02  0.0000000E+00   77.94849      0.0000000E+00   8401.958       1563.568       38.11007      0.3000000    
           1        1982           4          25 null                                        FERT   0.1008668      0.0000000E+00   46.21076      0.0000000E+00   5643.983       58.01660       30.77980       27.00000      0.0000000E+00  0.0000000E+00  0.0000000E+00  0.0000000E+00  0.0000000E+00
           1        1982           4          25 corn                                        PLANT   0.1008668      0.0000000E+00   46.21076      0.0000000E+00   5643.983       58.01660       30.77980      0.0000000E+00   6.000000    
           2        1982           4          25 null                                        FERT   0.1008668      0.0000000E+00   34.90197      0.0000000E+00   4045.105       37.71296       41.52669       27.00000      0.0000000E+00  0.0000000E+00  0.0000000E+00  0.0000000E+00  0.0000000E+00
           2        1982           4          25 corn                                        PLANT   0.1008668      0.0000000E+00   34.90197      0.0000000E+00   4045.105       37.71296       41.52669      0.0000000E+00   6.000000    
           3        1982           4          25 null                                        FERT   0.1008668      0.0000000E+00   72.73355      0.0000000E+00   8420.769       986.5306       33.00496       27.00000      0.0000000E+00  0.0000000E+00  0.0000000E+00  0.0000000E+00  0.0000000E+00
           3        1982           4          25 corn                                        PLANT   0.1008668      0.0000000E+00   72.73355      0.0000000E+00   8420.769       986.5306       33.00496      0.0000000E+00   6.000000    
           4        1982           4          25 null                                        FERT   0.1008668      0.0000000E+00   71.94804      0.0000000E+00   8416.477       1069.899       32.82541       27.00000      0.0000000E+00  0.0000000E+00  0.0000000E+00  0.0000000E+00  0.0000000E+00
           4        1982           4          25 corn                                        PLANT   0.1008668      0.0000000E+00   71.94804      0.0000000E+00   8416.477       1069.899       32.82541      0.0000000E+00   6.000000    
           5        1982           4          25 null                                        FERT   0.1008668      0.0000000E+00   73.14130      0.0000000E+00   8421.541       1739.156       36.41074       27.00000      0.0000000E+00  0.0000000E+00  0.0000000E+00  0.0000000E+00  0.0000000E+00
           5        1982           4          25 corn                                        PLANT   0.1008668      0.0000000E+00   73.14130      0.0000000E+00   8421.541       1739.156       36.41074      0.0000000E+00   6.000000    
           6        1982           4          25 null                                        FERT   0.1008668      0.0000000E+00   72.49692      0.0000000E+00   8421.801       1782.273       36.81765       27.00000      0.0000000E+00  0.0000000E+00  0.0000000E+00  0.0000000E+00  0.0000000E+00
           6        1982           4          25 corn                                        PLANT   0.1008668      0.0000000E+00   72.49692      0.0000000E+00   8421.801       1782.273       36.81765      0.0000000E+00   6.000000    
           7        1982           4          25 null                                        FERT   0.1008668      0.0000000E+00   45.71148      0.0000000E+00   5572.782       57.27853       30.60974       27.00000      0.0000000E+00  0.0000000E+00  0.0000000E+00  0.0000000E+00  0.0000000E+00
           7        1982           4          25 corn                                        PLANT   0.1008668      0.0000000E+00   45.71148      0.0000000E+00   5572.782       57.27853       30.60974      0.0000000E+00   6.000000    
           8        1982           4          25 null                                        FERT   0.1008668      0.0000000E+00   28.84615      0.0000000E+00   2850.358       27.85319       39.71990       27.00000      0.0000000E+00  0.0000000E+00  0.0000000E+00  0.0000000E+00  0.0000000E+00
           8        1982           4          25 corn                                        PLANT   0.1008668      0.0000000E+00   28.84615      0.0000000E+00   2850.358       27.85319       39.71990      0.0000000E+00   6.000000    
           9        1982           4          25 null                                        FERT   0.1008668      0.0000000E+00   73.63255      0.0000000E+00   8421.828       1869.933       38.36156       27.00000      0.0000000E+00  0.0000000E+00  0.0000000E+00  0.0000000E+00  0.0000000E+00
           9        1982           4          25 corn                                        PLANT   0.1008668      0.0000000E+00   73.63255      0.0000000E+00   8421.828       1869.933       38.36156      0.0000000E+00   6.000000    
          10        1982           4          25 null                                        FERT   0.1008668      0.0000000E+00   71.89002      0.0000000E+00   8422.022       1399.362       35.66066       27.00000      0.0000000E+00  0.0000000E+00  0.0000000E+00  0.0000000E+00  0.0000000E+00
          10        1982           4          25 corn                                        PLANT   0.1008668      0.0000000E+00   71.89002      0.0000000E+00   8422.022       1399.362       35.66066      0.0000000E+00   6.000000    
          11        1982           4          25 null                                        FERT   0.1008668      0.0000000E+00   75.23640      0.0000000E+00   8427.567       2495.153       48.09061       27.00000      0.0000000E+00  0.0000000E+00  0.0000000E+00  0.0000000E+00  0.0000000E+00
          11        1982           4          25 corn                                        PLANT   0.1008668      0.0000000E+00   75.23640      0.0000000E+00   8427.567       2495.153       48.09061      0.0000000E+00   6.000000    
          12        1982           4          25 null                                        FERT   0.1008668      0.0000000E+00   74.32280      0.0000000E+00   8422.277       1566.653       38.14948       27.00000      0.0000000E+00  0.0000000E+00  0.0000000E+00  0.0000000E+00  0.0000000E+00
          12        1982           4          25 corn                                        PLANT   0.1008668      0.0000000E+00   74.32280      0.0000000E+00   8422.277       1566.653       38.14948      0.0000000E+00   6.000000    
           1        1982           6           4 null                                        FERT   0.2249267      0.1450061       175.7505       683.9313       5643.983       47.77648       30.40525       180.3000      0.0000000E+00  0.0000000E+00  0.0000000E+00  0.0000000E+00  0.0000000E+00
           2        1982           6           4 null                                        FERT   0.2249267      0.1450061       161.1347       600.1119       4045.105       31.46713       41.08852       180.3000      0.0000000E+00  0.0000000E+00  0.0000000E+00  0.0000000E+00  0.0000000E+00
           3        1982           6           4 null                                        FERT   0.2249267      0.1450061       208.8712       715.2740       8420.769       1113.645       33.21167       180.3000      0.0000000E+00  0.0000000E+00  0.0000000E+00  0.0000000E+00  0.0000000E+00
           4        1982           6           4 null                                        FERT   0.2249267      0.1450061       208.5173       711.9404       8416.477       1199.832       33.04123       180.3000      0.0000000E+00  0.0000000E+00  0.0000000E+00  0.0000000E+00  0.0000000E+00
           5        1982           6           4 null                                        FERT   0.2249267      0.1450061       209.3998       722.1631       8421.541       1908.328       36.74796       180.3000      0.0000000E+00  0.0000000E+00  0.0000000E+00  0.0000000E+00  0.0000000E+00
           6        1982           6           4 null                                        FERT   0.2249267      0.1450061       209.2256       720.5249       8421.801       1953.810       37.16523       180.3000      0.0000000E+00  0.0000000E+00  0.0000000E+00  0.0000000E+00  0.0000000E+00
           7        1982           6           4 null                                        FERT   0.2249267      0.1450061       174.9099       682.9290       5572.782       46.57329       30.22934       180.3000      0.0000000E+00  0.0000000E+00  0.0000000E+00  0.0000000E+00  0.0000000E+00
           8        1982           6           4 null                                        FERT   0.2249267      0.1450061       149.5168       420.1144       2850.358       21.87477       39.41739       180.3000      0.0000000E+00  0.0000000E+00  0.0000000E+00  0.0000000E+00  0.0000000E+00
           9        1982           6           4 null                                        FERT   0.2249267      0.1450061       210.3631       724.0476       8421.828       2044.592       38.72153       180.3000      0.0000000E+00  0.0000000E+00  0.0000000E+00  0.0000000E+00  0.0000000E+00
          10        1982           6           4 null                                        FERT   0.2249267      0.1450061       210.3397       716.5977       8422.022       1543.348       35.94389       180.3000      0.0000000E+00  0.0000000E+00  0.0000000E+00  0.0000000E+00  0.0000000E+00
          11        1982           6           4 null                                        FERT   0.2249267      0.1450061       215.3161       727.6519       8427.567       2703.094       48.46316       180.3000      0.0000000E+00  0.0000000E+00  0.0000000E+00  0.0000000E+00  0.0000000E+00
          12        1982           6           4 null                                        FERT   0.2249267      0.1450061       212.8820       721.1136       8422.277       1722.218       38.48394       180.3000      0.0000000E+00  0.0000000E+00  0.0000000E+00  0.0000000E+00  0.0000000E+00
           1        1982          11          10 corn                                        HARV/KILL   0.8857317      0.0000000E+00   12.88721       21425.78       14822.33       14.45204       22.83928       7544.860      0.0000000E+00  0.0000000E+00  0.0000000E+00  0.0000000E+00  0.0000000E+00
           2        1982          11          10 corn                                        HARV/KILL   0.8857317      0.0000000E+00   12.88723       15179.70       10629.46       9.866223       35.96156       5262.127      0.0000000E+00  0.0000000E+00  0.0000000E+00  0.0000000E+00  0.0000000E+00
           3        1982          11          10 corn                                        HARV/KILL   0.8857317      0.0000000E+00   12.88718       27589.53       19958.12       1237.017       23.56952       9988.257      0.0000000E+00  0.0000000E+00  0.0000000E+00  0.0000000E+00  0.0000000E+00
           4        1982          11          10 corn                                        HARV/KILL   0.8857317      0.0000000E+00   12.88720       27580.91       19950.91       1340.319       23.38236       9984.479      0.0000000E+00  0.0000000E+00  0.0000000E+00  0.0000000E+00  0.0000000E+00
           5        1982          11          10 corn                                        HARV/KILL   0.8857317      0.0000000E+00   12.88717       27630.71       19971.62       2119.082       27.20759       10007.46      0.0000000E+00  0.0000000E+00  0.0000000E+00  0.0000000E+00  0.0000000E+00
           6        1982          11          10 corn                                        HARV/KILL   0.8857317      0.0000000E+00   12.88718       27634.94       19972.88       2170.516       27.62040       10009.73      0.0000000E+00  0.0000000E+00  0.0000000E+00  0.0000000E+00  0.0000000E+00
           7        1982          11          10 corn                                        HARV/KILL   0.8857317      0.0000000E+00   12.88722       21132.68       14632.85       14.31014       22.78461       7434.473      0.0000000E+00  0.0000000E+00  0.0000000E+00  0.0000000E+00  0.0000000E+00
           8        1982          11          10 corn                                        HARV/KILL   0.8857317      0.0000000E+00   12.88724       10680.08       7513.041       6.878260       35.80594       3668.011      0.0000000E+00  0.0000000E+00  0.0000000E+00  0.0000000E+00  0.0000000E+00
           9        1982          11          10 corn                                        HARV/KILL   0.8857317      0.0000000E+00   12.88715       27704.70       19993.49       2269.562       29.16636       10043.19      0.0000000E+00  0.0000000E+00  0.0000000E+00  0.0000000E+00  0.0000000E+00
          10        1982          11          10 corn                                        HARV/KILL   0.8857317      0.0000000E+00   12.88719       27755.70       20007.50       1715.451       26.30149       10068.83      0.0000000E+00  0.0000000E+00  0.0000000E+00  0.0000000E+00  0.0000000E+00
          11        1982          11          10 corn                                        HARV/KILL   0.8857317      0.0000000E+00   12.88694       28079.57       20105.20       3064.507       38.96779       10227.42      0.0000000E+00  0.0000000E+00  0.0000000E+00  0.0000000E+00  0.0000000E+00
          12        1982          11          10 corn                                        HARV/KILL   0.8857317      0.0000000E+00   12.88713       27903.55       20050.37       1918.930       28.82258       10140.71      0.0000000E+00  0.0000000E+00  0.0000000E+00  0.0000000E+00  0.0000000E+00
           1        1982          11          12 null                                        FERT   9.9474692E-04  0.0000000E+00   22.63353      0.0000000E+00   14842.65       14.73503       22.89328       152.7000      0.0000000E+00  0.0000000E+00  0.0000000E+00  0.0000000E+00  0.0000000E+00
           2        1982          11          12 null                                        FERT   9.9474692E-04  0.0000000E+00   22.54730      0.0000000E+00   10649.78       10.06389       35.99896       152.7000      0.0000000E+00  0.0000000E+00  0.0000000E+00  0.0000000E+00  0.0000000E+00
           3        1982          11          12 null                                        FERT   9.9474692E-04  0.0000000E+00   22.71720      0.0000000E+00   19978.44       1238.252       23.64284       152.7000      0.0000000E+00  0.0000000E+00  0.0000000E+00  0.0000000E+00  0.0000000E+00
           4        1982          11          12 null                                        FERT   9.9474692E-04  0.0000000E+00   22.71721      0.0000000E+00   19971.23       1341.622       23.45501       152.7000      0.0000000E+00  0.0000000E+00  0.0000000E+00  0.0000000E+00  0.0000000E+00
           5        1982          11          12 null                                        FERT   9.9474692E-04  0.0000000E+00   22.71735      0.0000000E+00   19991.94       2120.589       27.28152       152.7000      0.0000000E+00  0.0000000E+00  0.0000000E+00  0.0000000E+00  0.0000000E+00
           6        1982          11          12 null                                        FERT   9.9474692E-04  0.0000000E+00   22.71743      0.0000000E+00   19993.20       2172.071       27.69423       152.7000      0.0000000E+00  0.0000000E+00  0.0000000E+00  0.0000000E+00  0.0000000E+00
           7        1982          11          12 null                                        FERT   9.9474692E-04  0.0000000E+00   22.63005      0.0000000E+00   14653.17       14.58842       22.83792       152.7000      0.0000000E+00  0.0000000E+00  0.0000000E+00  0.0000000E+00  0.0000000E+00
           8        1982          11          12 null                                        FERT   9.9474692E-04  0.0000000E+00   22.47039      0.0000000E+00   7533.360       7.009760       35.83229       152.7000      0.0000000E+00  0.0000000E+00  0.0000000E+00  0.0000000E+00  0.0000000E+00
           9        1982          11          12 null                                        FERT   9.9474692E-04  0.0000000E+00   22.71759      0.0000000E+00   20013.81       2271.145       29.24121       152.7000      0.0000000E+00  0.0000000E+00  0.0000000E+00  0.0000000E+00  0.0000000E+00
          10        1982          11          12 null                                        FERT   9.9474692E-04  0.0000000E+00   22.71797      0.0000000E+00   20027.82       1716.850       26.37519       152.7000      0.0000000E+00  0.0000000E+00  0.0000000E+00  0.0000000E+00  0.0000000E+00
          11        1982          11          12 null                                        FERT   9.9474692E-04  0.0000000E+00   22.71823      0.0000000E+00   20125.52       3066.352       39.04453       152.7000      0.0000000E+00  0.0000000E+00  0.0000000E+00  0.0000000E+00  0.0000000E+00
          12        1982          11          12 null                                        FERT   9.9474692E-04  0.0000000E+00   22.71829      0.0000000E+00   20070.69       1920.396       28.89712       152.7000      0.0000000E+00  0.0000000E+00  0.0000000E+00  0.0000000E+00  0.0000000E+00
           1        1982          11          16 chisplow            TILLAGE   6.1407443E-03  0.0000000E+00   43.36447      0.0000000E+00   10375.63       14.84083       23.01124      0.3000000    
           2        1982          11          16 chisplow            TILLAGE   6.1407443E-03  0.0000000E+00   42.05014      0.0000000E+00   7440.625       10.70442       36.08092      0.3000000    
           3        1982          11          16 chisplow            TILLAGE   6.1407443E-03  0.0000000E+00   44.63707      0.0000000E+00   13970.68       1247.783       23.81117      0.3000000    
           4        1982          11          16 chisplow            TILLAGE   6.1407443E-03  0.0000000E+00   44.63604      0.0000000E+00   13965.64       1351.269       23.62316      0.3000000    
           5        1982          11          16 chisplow            TILLAGE   6.1407443E-03  0.0000000E+00   44.63996      0.0000000E+00   13980.13       2131.823       27.46248      0.3000000    
           6        1982          11          16 chisplow            TILLAGE   6.1407443E-03  0.0000000E+00   44.64045      0.0000000E+00   13981.01       2182.920       27.87656      0.3000000    
           7        1982          11          16 chisplow            TILLAGE   6.1407443E-03  0.0000000E+00   43.31114      0.0000000E+00   10242.99       14.72995       22.95456      0.3000000    
           8        1982          11          16 chisplow            TILLAGE   6.1407443E-03  0.0000000E+00   40.88403      0.0000000E+00   5259.128       6.424713       35.88997      0.3000000    
           9        1982          11          16 chisplow            TILLAGE   6.1407443E-03  0.0000000E+00   44.64433      0.0000000E+00   13995.44       2282.512       29.42862      0.3000000    
          10        1982          11          16 chisplow            TILLAGE   6.1407443E-03  0.0000000E+00   44.64804      0.0000000E+00   14005.25       1727.161       26.54725      0.3000000    
          11        1982          11          16 chisplow            TILLAGE   6.1407443E-03  0.0000000E+00   44.66539      0.0000000E+00   14073.64       3079.346       39.24734      0.3000000    
          12        1982          11          16 chisplow            TILLAGE   6.1407443E-03  0.0000000E+00   44.65628      0.0000000E+00   14035.26       1931.711       29.07616      0.3000000    
           1        1983           4          16 fldcult             TILLAGE   0.1076828      0.0000000E+00   218.9947      0.0000000E+00   5810.353       18.23873       26.35867      0.3000000    
           2        1983           4          16 fldcult             TILLAGE   0.1076828      0.0000000E+00   199.5534      0.0000000E+00   4166.750       4.841501       38.42533      0.3000000    
           3        1983           4          16 fldcult             TILLAGE   0.1076828      0.0000000E+00   247.3272      0.0000000E+00   7823.583       1548.957       28.53053      0.3000000    
           4        1983           4          16 fldcult             TILLAGE   0.1076828      0.0000000E+00   247.7849      0.0000000E+00   7820.757       1676.670       28.37257      0.3000000    
           5        1983           4          16 fldcult             TILLAGE   0.1076828      0.0000000E+00   247.7488      0.0000000E+00   7828.876       2530.019       32.32411      0.3000000    
           6        1983           4          16 fldcult             TILLAGE   0.1076828      0.0000000E+00   248.3374      0.0000000E+00   7829.368       2586.571       32.75292      0.3000000    
           7        1983           4          16 fldcult             TILLAGE   0.1076828      0.0000000E+00   217.7084      0.0000000E+00   5736.075       15.26959       26.26543      0.3000000    
           8        1983           4          16 fldcult             TILLAGE   0.1076828      0.0000000E+00   179.8121      0.0000000E+00   2945.112       3.128364       37.55163      0.3000000    
           9        1983           4          16 fldcult             TILLAGE   0.1076828      0.0000000E+00   248.8942      0.0000000E+00   7837.447       2691.938       34.34289      0.3000000    
          10        1983           4          16 fldcult             TILLAGE   0.1076828      0.0000000E+00   251.3603      0.0000000E+00   7842.940       2073.322       31.34097      0.3000000    
          11        1983           4          16 fldcult             TILLAGE   0.1076828      0.0000000E+00   255.7889      0.0000000E+00   7881.239       3526.216       44.25877      0.3000000    
          12        1983           4          16 fldcult             TILLAGE   0.1076828      0.0000000E+00   252.6296      0.0000000E+00   7859.746       2306.712       33.91039      0.3000000    
           1        1983           4          30 fldcult             TILLAGE   0.1358255      0.0000000E+00   171.7697      0.0000000E+00   4067.247       18.18104       26.67490      0.3000000    
           2        1983           4          30 fldcult             TILLAGE   0.1358255      0.0000000E+00   149.1475      0.0000000E+00   2916.725       4.496598       38.64188      0.3000000    
           3        1983           4          30 fldcult             TILLAGE   0.1358255      0.0000000E+00   204.0756      0.0000000E+00   5476.508       1596.888       29.04748      0.3000000    
           4        1983           4          30 fldcult             TILLAGE   0.1358255      0.0000000E+00   204.5279      0.0000000E+00   5474.530       1730.835       28.88979      0.3000000    
           5        1983           4          30 fldcult             TILLAGE   0.1358255      0.0000000E+00   204.5072      0.0000000E+00   5480.213       2591.189       32.88025      0.3000000    
           6        1983           4          30 fldcult             TILLAGE   0.1358255      0.0000000E+00   205.0968      0.0000000E+00   5480.558       2648.718       33.31115      0.3000000    
           7        1983           4          30 fldcult             TILLAGE   0.1358255      0.0000000E+00   170.3379      0.0000000E+00   4015.253       15.24674       26.57880      0.3000000    
           8        1983           4          30 fldcult             TILLAGE   0.1358255      0.0000000E+00   126.9027      0.0000000E+00   2061.578       2.126507       37.70122      0.3000000    
           9        1983           4          30 fldcult             TILLAGE   0.1358255      0.0000000E+00   205.6689      0.0000000E+00   5486.213       2756.269       34.91373      0.3000000    
          10        1983           4          30 fldcult             TILLAGE   0.1358255      0.0000000E+00   208.1455      0.0000000E+00   5490.058       2129.134       31.88102      0.3000000    
          11        1983           4          30 fldcult             TILLAGE   0.1358255      0.0000000E+00   212.6466      0.0000000E+00   5516.867       3602.946       44.88623      0.3000000    
          12        1983           4          30 fldcult             TILLAGE   0.1358255      0.0000000E+00   209.4467      0.0000000E+00   5501.822       2364.880       34.46683      0.3000000    
           1        1983           5           6 corn                                        PLANT   0.1579939      0.0000000E+00   165.1656      0.0000000E+00   4072.822       18.11765       26.81413      0.0000000E+00   6.000000    
           2        1983           5           6 corn                                        PLANT   0.1579939      0.0000000E+00   142.1131      0.0000000E+00   2922.301       4.447742       38.73949      0.0000000E+00   6.000000    
           3        1983           5           6 corn                                        PLANT   0.1579939      0.0000000E+00   198.1974      0.0000000E+00   5482.084       1619.534       29.27803      0.0000000E+00   6.000000    
           4        1983           5           6 corn                                        PLANT   0.1579939      0.0000000E+00   198.6481      0.0000000E+00   5480.106       1754.462       29.12059      0.0000000E+00   6.000000    
           5        1983           5           6 corn                                        PLANT   0.1579939      0.0000000E+00   198.6323      0.0000000E+00   5485.789       2619.749       33.12989      0.0000000E+00   6.000000    
           6        1983           5           6 corn                                        PLANT   0.1579939      0.0000000E+00   199.2223      0.0000000E+00   5486.133       2677.274       33.56179      0.0000000E+00   6.000000    
           7        1983           5           6 corn                                        PLANT   0.1579939      0.0000000E+00   163.7107      0.0000000E+00   4020.828       15.17809       26.71644      0.0000000E+00   6.000000    
           8        1983           5           6 corn                                        PLANT   0.1579939      0.0000000E+00   119.5786      0.0000000E+00   2067.154       2.046602       37.76770      0.0000000E+00   6.000000    
           9        1983           5           6 corn                                        PLANT   0.1579939      0.0000000E+00   199.7993      0.0000000E+00   5491.789       2785.816       35.17037      0.0000000E+00   6.000000    
          10        1983           5           6 corn                                        PLANT   0.1579939      0.0000000E+00   202.2794      0.0000000E+00   5495.634       2153.733       32.12276      0.0000000E+00   6.000000    
          11        1983           5           6 corn                                        PLANT   0.1579939      0.0000000E+00   206.8036      0.0000000E+00   5522.443       3637.421       45.16867      0.0000000E+00   6.000000    
          12        1983           5           6 corn                                        PLANT   0.1579939      0.0000000E+00   203.5909      0.0000000E+00   5507.397       2392.458       34.71650      0.0000000E+00   6.000000    
           1        1983           6          17 null                                        FERT   0.3284336      0.2595061       141.9729       2524.420       4072.822      0.9278769       24.49944       119.5000      0.0000000E+00  0.0000000E+00  0.0000000E+00  0.0000000E+00  0.0000000E+00
           2        1983           6          17 null                                        FERT   0.3284336      0.2595061       121.3054       1265.422       2922.301      0.5897917       37.79467       119.5000      0.0000000E+00  0.0000000E+00  0.0000000E+00  0.0000000E+00  0.0000000E+00
           3        1983           6          17 null                                        FERT   0.3284336      0.2595061       174.2546       3380.110       5482.084       1729.107       26.35617       119.5000      0.0000000E+00  0.0000000E+00  0.0000000E+00  0.0000000E+00  0.0000000E+00
           4        1983           6          17 null                                        FERT   0.3284336      0.2595061       174.9420       3378.692       5480.106       1872.975       26.20359       119.5000      0.0000000E+00  0.0000000E+00  0.0000000E+00  0.0000000E+00  0.0000000E+00
           5        1983           6          17 null                                        FERT   0.3284336      0.2595061       174.8558       3381.843       5485.789       2775.898       30.28812       119.5000      0.0000000E+00  0.0000000E+00  0.0000000E+00  0.0000000E+00  0.0000000E+00
           6        1983           6          17 null                                        FERT   0.3284336      0.2595061       175.7296       3381.572       5486.133       2838.397       30.72662       119.5000      0.0000000E+00  0.0000000E+00  0.0000000E+00  0.0000000E+00  0.0000000E+00
           7        1983           6          17 null                                        FERT   0.3284336      0.2595061       140.4285       2349.955       4020.828      0.9082166       24.62656       119.5000      0.0000000E+00  0.0000000E+00  0.0000000E+00  0.0000000E+00  0.0000000E+00
           8        1983           6          17 null                                        FERT   0.3284336      0.2595061       98.53134       758.3288       2067.154      0.4535207       37.27233       119.5000      0.0000000E+00  0.0000000E+00  0.0000000E+00  0.0000000E+00  0.0000000E+00
           9        1983           6          17 null                                        FERT   0.3284336      0.2595061       176.5290       3382.408       5491.789       2954.874       32.36517       119.5000      0.0000000E+00  0.0000000E+00  0.0000000E+00  0.0000000E+00  0.0000000E+00
          10        1983           6          17 null                                        FERT   0.3284336      0.2595061       180.3180       3380.773       5495.634       2295.108       29.25940       119.5000      0.0000000E+00  0.0000000E+00  0.0000000E+00  0.0000000E+00  0.0000000E+00
          11        1983           6          17 null                                        FERT   0.3284336      0.2595061       187.7916       3383.074       5522.443       3857.180       42.54591       119.5000      0.0000000E+00  0.0000000E+00  0.0000000E+00  0.0000000E+00  0.0000000E+00
          12        1983           6          17 null                                        FERT   0.3284336      0.2595061       182.2790       3381.926       5507.397       2544.721       31.89884       119.5000      0.0000000E+00  0.0000000E+00  0.0000000E+00  0.0000000E+00  0.0000000E+00
           1        1983          11           4 corn                                        HARV/KILL   0.9208343      0.0000000E+00   42.94776       17146.74       11061.06       5.323970       21.33284       6387.400      0.0000000E+00  0.0000000E+00  0.0000000E+00  0.0000000E+00  0.0000000E+00
           2        1983          11           4 corn                                        HARV/KILL   0.9208343      0.0000000E+00   42.93843       10419.00       7184.980       3.052922       35.69344       3863.600      0.0000000E+00  0.0000000E+00  0.0000000E+00  0.0000000E+00  0.0000000E+00
           3        1983          11           4 corn                                        HARV/KILL   0.9208343      0.0000000E+00   42.94658       28162.16       16897.89       1965.036       19.94196       10552.92      0.0000000E+00  0.0000000E+00  0.0000000E+00  0.0000000E+00  0.0000000E+00
           4        1983          11           4 corn                                        HARV/KILL   0.9208343      0.0000000E+00   42.94793       28186.92       16904.28       2130.928       19.76926       10563.79      0.0000000E+00  0.0000000E+00  0.0000000E+00  0.0000000E+00  0.0000000E+00
           5        1983          11           4 corn                                        HARV/KILL   0.9208343      0.0000000E+00   42.94653       28185.38       16909.65       3101.871       24.03811       10562.92      0.0000000E+00  0.0000000E+00  0.0000000E+00  0.0000000E+00  0.0000000E+00
           6        1983          11           4 corn                                        HARV/KILL   0.9208343      0.0000000E+00   42.94704       28213.28       16919.26       3179.383       24.47343       10575.33      0.0000000E+00  0.0000000E+00  0.0000000E+00  0.0000000E+00  0.0000000E+00
           7        1983          11           4 corn                                        HARV/KILL   0.9208343      0.0000000E+00   42.94822       16361.51       10691.25       5.287861       21.57268       6092.554      0.0000000E+00  0.0000000E+00  0.0000000E+00  0.0000000E+00  0.0000000E+00
           8        1983          11           4 corn                                        HARV/KILL   0.9208343      0.0000000E+00   42.94654       6735.613       4842.567       2.253560       35.88925       2477.126      0.0000000E+00  0.0000000E+00  0.0000000E+00  0.0000000E+00  0.0000000E+00
           9        1983          11           4 corn                                        HARV/KILL   0.9208343      0.0000000E+00   42.94555       28238.20       16933.25       3304.858       26.17025       10586.35      0.0000000E+00  0.0000000E+00  0.0000000E+00  0.0000000E+00  0.0000000E+00
          10        1983          11           4 corn                                        HARV/KILL   0.9208343      0.0000000E+00   42.94720       28381.53       16986.61       2583.051       22.84213       10648.24      0.0000000E+00  0.0000000E+00  0.0000000E+00  0.0000000E+00  0.0000000E+00
          11        1983          11           4 corn                                        HARV/KILL   0.9208343      0.0000000E+00   42.93813       28831.93       17179.96       4342.177       36.37975       10832.33      0.0000000E+00  0.0000000E+00  0.0000000E+00  0.0000000E+00  0.0000000E+00
          12        1983          11           4 corn                                        HARV/KILL   0.9208343      0.0000000E+00   42.94464       28478.54       17033.52       2858.661       25.52670       10688.58      0.0000000E+00  0.0000000E+00  0.0000000E+00  0.0000000E+00  0.0000000E+00
           1        1983          11          21 null                                        FERT   1.7949268E-02  0.0000000E+00   85.50766      0.0000000E+00   11066.63       6.351032       21.77039       167.9600      0.0000000E+00  0.0000000E+00  0.0000000E+00  0.0000000E+00  0.0000000E+00
           2        1983          11          21 null                                        FERT   1.7949268E-02  0.0000000E+00   81.24779      0.0000000E+00   7190.556       3.855616       35.97167       167.9600      0.0000000E+00  0.0000000E+00  0.0000000E+00  0.0000000E+00  0.0000000E+00
           3        1983          11          21 null                                        FERT   1.7949268E-02  0.0000000E+00   90.86649      0.0000000E+00   16903.47       2005.299       20.63727       167.9600      0.0000000E+00  0.0000000E+00  0.0000000E+00  0.0000000E+00  0.0000000E+00
           4        1983          11          21 null                                        FERT   1.7949268E-02  0.0000000E+00   90.87383      0.0000000E+00   16909.86       2175.202       20.46770       167.9600      0.0000000E+00  0.0000000E+00  0.0000000E+00  0.0000000E+00  0.0000000E+00
           5        1983          11          21 null                                        FERT   1.7949268E-02  0.0000000E+00   90.87617      0.0000000E+00   16915.23       3155.479       24.73801       167.9600      0.0000000E+00  0.0000000E+00  0.0000000E+00  0.0000000E+00  0.0000000E+00
           6        1983          11          21 null                                        FERT   1.7949268E-02  0.0000000E+00   90.88494      0.0000000E+00   16924.83       3233.104       25.17474       167.9600      0.0000000E+00  0.0000000E+00  0.0000000E+00  0.0000000E+00  0.0000000E+00
           7        1983          11          21 null                                        FERT   1.7949268E-02  0.0000000E+00   85.12691      0.0000000E+00   10696.82       6.294555       21.99591       167.9600      0.0000000E+00  0.0000000E+00  0.0000000E+00  0.0000000E+00  0.0000000E+00
           8        1983          11          21 null                                        FERT   1.7949268E-02  0.0000000E+00   78.56625      0.0000000E+00   4848.143       2.799173       36.07542       167.9600      0.0000000E+00  0.0000000E+00  0.0000000E+00  0.0000000E+00  0.0000000E+00
           9        1983          11          21 null                                        FERT   1.7949268E-02  0.0000000E+00   90.89430      0.0000000E+00   16938.83       3358.678       26.87355       167.9600      0.0000000E+00  0.0000000E+00  0.0000000E+00  0.0000000E+00  0.0000000E+00
          10        1983          11          21 null                                        FERT   1.7949268E-02  0.0000000E+00   90.94104      0.0000000E+00   16992.18       2631.651       23.54537       167.9600      0.0000000E+00  0.0000000E+00  0.0000000E+00  0.0000000E+00  0.0000000E+00
          11        1983          11          21 null                                        FERT   1.7949268E-02  0.0000000E+00   91.08646      0.0000000E+00   17185.53       4403.473       37.07870       167.9600      0.0000000E+00  0.0000000E+00  0.0000000E+00  0.0000000E+00  0.0000000E+00
          12        1983          11          21 null                                        FERT   1.7949268E-02  0.0000000E+00   90.97593      0.0000000E+00   17039.10       2912.493       26.22792       167.9600      0.0000000E+00  0.0000000E+00  0.0000000E+00  0.0000000E+00  0.0000000E+00
           1        1984           3          31 fldcult             TILLAGE   6.3017927E-02  0.0000000E+00   82.97830      0.0000000E+00   6194.192       14.49813       24.26338      0.3000000    
           2        1984           3          31 fldcult             TILLAGE   6.3017927E-02  0.0000000E+00   65.07717      0.0000000E+00   4023.589       7.751698       37.53043      0.3000000    
           3        1984           3          31 fldcult             TILLAGE   6.3017927E-02  0.0000000E+00   120.2777      0.0000000E+00   9462.820       2249.457       24.53643      0.3000000    
           4        1984           3          31 fldcult             TILLAGE   6.3017927E-02  0.0000000E+00   120.3932      0.0000000E+00   9466.398       2450.354       24.39702      0.3000000    
           5        1984           3          31 fldcult             TILLAGE   6.3017927E-02  0.0000000E+00   120.4050      0.0000000E+00   9469.405       3485.331       28.66961      0.3000000    
           6        1984           3          31 fldcult             TILLAGE   6.3017927E-02  0.0000000E+00   120.5499      0.0000000E+00   9474.784       3570.459       29.11483      0.3000000    
           7        1984           3          31 fldcult             TILLAGE   6.3017927E-02  0.0000000E+00   81.06444      0.0000000E+00   5987.098       13.38336       24.40532      0.3000000    
           8        1984           3          31 fldcult             TILLAGE   6.3017927E-02  0.0000000E+00   55.46556      0.0000000E+00   2711.838       5.438733       37.13051      0.3000000    
           9        1984           3          31 fldcult             TILLAGE   6.3017927E-02  0.0000000E+00   120.6983      0.0000000E+00   9482.622       3702.459       30.80165      0.3000000    
          10        1984           3          31 fldcult             TILLAGE   6.3017927E-02  0.0000000E+00   121.3388      0.0000000E+00   9512.499       2930.892       27.46807      0.3000000    
          11        1984           3          31 fldcult             TILLAGE   6.3017927E-02  0.0000000E+00   122.5424      0.0000000E+00   9620.774       4775.659       40.99677      0.3000000    
          12        1984           3          31 fldcult             TILLAGE   6.3017927E-02  0.0000000E+00   121.7614      0.0000000E+00   9538.771       3226.259       30.14669      0.3000000    
           1        1984           4          16 null                                        FERT   9.0068072E-02  0.0000000E+00   114.8223      0.0000000E+00   6197.314       13.29269       24.57700       38.30000      0.0000000E+00  0.0000000E+00  0.0000000E+00  0.0000000E+00  0.0000000E+00
           2        1984           4          16 null                                        FERT   9.0068072E-02  0.0000000E+00   95.01038      0.0000000E+00   4026.711       6.512451       37.73663       38.30000      0.0000000E+00  0.0000000E+00  0.0000000E+00  0.0000000E+00  0.0000000E+00
           3        1984           4          16 null                                        FERT   9.0068072E-02  0.0000000E+00   155.9579      0.0000000E+00   9465.942       2289.016       25.09709       38.30000      0.0000000E+00  0.0000000E+00  0.0000000E+00  0.0000000E+00  0.0000000E+00
           4        1984           4          16 null                                        FERT   9.0068072E-02  0.0000000E+00   156.0795      0.0000000E+00   9469.521       2497.741       24.95597       38.30000      0.0000000E+00  0.0000000E+00  0.0000000E+00  0.0000000E+00  0.0000000E+00
           5        1984           4          16 null                                        FERT   9.0068072E-02  0.0000000E+00   156.0954      0.0000000E+00   9472.527       3537.599       29.26250       38.30000      0.0000000E+00  0.0000000E+00  0.0000000E+00  0.0000000E+00  0.0000000E+00
           6        1984           4          16 null                                        FERT   9.0068072E-02  0.0000000E+00   156.2487      0.0000000E+00   9477.906       3623.539       29.70877       38.30000      0.0000000E+00  0.0000000E+00  0.0000000E+00  0.0000000E+00  0.0000000E+00
           7        1984           4          16 null                                        FERT   9.0068072E-02  0.0000000E+00   112.6886      0.0000000E+00   5990.220       12.20767       24.71141       38.30000      0.0000000E+00  0.0000000E+00  0.0000000E+00  0.0000000E+00  0.0000000E+00
           8        1984           4          16 null                                        FERT   9.0068072E-02  0.0000000E+00   84.32310      0.0000000E+00   2714.960       4.701617       37.26565       38.30000      0.0000000E+00  0.0000000E+00  0.0000000E+00  0.0000000E+00  0.0000000E+00
           9        1984           4          16 null                                        FERT   9.0068072E-02  0.0000000E+00   156.4084      0.0000000E+00   9485.744       3755.140       31.40673       38.30000      0.0000000E+00  0.0000000E+00  0.0000000E+00  0.0000000E+00  0.0000000E+00
          10        1984           4          16 null                                        FERT   9.0068072E-02  0.0000000E+00   157.0954      0.0000000E+00   9515.621       2981.557       28.04667       38.30000      0.0000000E+00  0.0000000E+00  0.0000000E+00  0.0000000E+00  0.0000000E+00
          11        1984           4          16 null                                        FERT   9.0068072E-02  0.0000000E+00   158.4600      0.0000000E+00   9623.896       4839.533       41.63894       38.30000      0.0000000E+00  0.0000000E+00  0.0000000E+00  0.0000000E+00  0.0000000E+00
          12        1984           4          16 null                                        FERT   9.0068072E-02  0.0000000E+00   157.5570      0.0000000E+00   9541.893       3276.952       30.74046       38.30000      0.0000000E+00  0.0000000E+00  0.0000000E+00  0.0000000E+00  0.0000000E+00
           1        1984           5           5 corn                                        PLANT   0.1423913      0.0000000E+00   166.9947      0.0000000E+00   6197.314       10.40184       24.99745      0.0000000E+00   6.000000    
           2        1984           5           5 corn                                        PLANT   0.1423913      0.0000000E+00   147.0629      0.0000000E+00   4026.711       5.163533       38.01567      0.0000000E+00   6.000000    
           3        1984           5           5 corn                                        PLANT   0.1423913      0.0000000E+00   212.6502      0.0000000E+00   9465.942       2361.756       25.86806      0.0000000E+00   6.000000    
           4        1984           5           5 corn                                        PLANT   0.1423913      0.0000000E+00   213.1335      0.0000000E+00   9469.521       2570.333       25.72670      0.0000000E+00   6.000000    
           5        1984           5           5 corn                                        PLANT   0.1423913      0.0000000E+00   213.0491      0.0000000E+00   9472.527       3626.388       30.09138      0.0000000E+00   6.000000    
           6        1984           5           5 corn                                        PLANT   0.1423913      0.0000000E+00   213.6361      0.0000000E+00   9477.906       3713.141       30.54077      0.0000000E+00   6.000000    
           7        1984           5           5 corn                                        PLANT   0.1423913      0.0000000E+00   164.4758      0.0000000E+00   5990.220       9.578822       25.12089      0.0000000E+00   6.000000    
           8        1984           5           5 corn                                        PLANT   0.1423913      0.0000000E+00   133.9600      0.0000000E+00   2714.960       4.469222       37.44975      0.0000000E+00   6.000000    
           9        1984           5           5 corn                                        PLANT   0.1423913      0.0000000E+00   214.1434      0.0000000E+00   9485.744       3846.385       32.25740      0.0000000E+00   6.000000    
          10        1984           5           5 corn                                        PLANT   0.1423913      0.0000000E+00   216.7818      0.0000000E+00   9515.621       3061.964       28.85353      0.0000000E+00   6.000000    
          11        1984           5           5 corn                                        PLANT   0.1423913      0.0000000E+00   222.3297      0.0000000E+00   9623.896       4945.790       42.57067      0.0000000E+00   6.000000    
          12        1984           5           5 corn                                        PLANT   0.1423913      0.0000000E+00   218.2041      0.0000000E+00   9541.893       3362.378       31.57270      0.0000000E+00   6.000000    
           1        1984           6          11 null                                        FERT   0.2839651      0.2053707       151.4641       1321.912       6197.314       1.015585       23.77074       123.2000      0.0000000E+00  0.0000000E+00  0.0000000E+00  0.0000000E+00  0.0000000E+00
           2        1984           6          11 null                                        FERT   0.2839651      0.2053707       121.5876       745.1779       4026.711      0.8408315       37.42273       123.2000      0.0000000E+00  0.0000000E+00  0.0000000E+00  0.0000000E+00  0.0000000E+00
           3        1984           6          11 null                                        FERT   0.2839651      0.2053707       213.4552       1754.807       9465.942       2493.697       24.49298       123.2000      0.0000000E+00  0.0000000E+00  0.0000000E+00  0.0000000E+00  0.0000000E+00
           4        1984           6          11 null                                        FERT   0.2839651      0.2053707       214.2575       1751.427       9469.521       2710.886       24.36235       123.2000      0.0000000E+00  0.0000000E+00  0.0000000E+00  0.0000000E+00  0.0000000E+00
           5        1984           6          11 null                                        FERT   0.2839651      0.2053707       214.1232       1761.157       9472.527       3796.504       28.75939       123.2000      0.0000000E+00  0.0000000E+00  0.0000000E+00  0.0000000E+00  0.0000000E+00
           6        1984           6          11 null                                        FERT   0.2839651      0.2053707       215.1094       1759.888       9477.906       3885.329       29.21635       123.2000      0.0000000E+00  0.0000000E+00  0.0000000E+00  0.0000000E+00  0.0000000E+00
           7        1984           6          11 null                                        FERT   0.2839651      0.2053707       147.5960       1273.326       5990.220       1.012552       23.95628       123.2000      0.0000000E+00  0.0000000E+00  0.0000000E+00  0.0000000E+00  0.0000000E+00
           8        1984           6          11 null                                        FERT   0.2839651      0.2053707       101.4962       529.4101       2714.960       2.475272       37.01011       123.2000      0.0000000E+00  0.0000000E+00  0.0000000E+00  0.0000000E+00  0.0000000E+00
           9        1984           6          11 null                                        FERT   0.2839651      0.2053707       215.9639       1762.717       9485.744       4027.611       30.94437       123.2000      0.0000000E+00  0.0000000E+00  0.0000000E+00  0.0000000E+00  0.0000000E+00
          10        1984           6          11 null                                        FERT   0.2839651      0.2053707       220.5479       1756.331       9515.621       3218.548       27.52119       123.2000      0.0000000E+00  0.0000000E+00  0.0000000E+00  0.0000000E+00  0.0000000E+00
          11        1984           6          11 null                                        FERT   0.2839651      0.2053707       231.5562       1764.104       9623.896       5167.292       41.45647       123.2000      0.0000000E+00  0.0000000E+00  0.0000000E+00  0.0000000E+00  0.0000000E+00
          12        1984           6          11 null                                        FERT   0.2839651      0.2053707       223.0635       1760.417       9541.893       3525.605       30.26133       123.2000      0.0000000E+00  0.0000000E+00  0.0000000E+00  0.0000000E+00  0.0000000E+00
           1        1984          11           5 corn                                        HARV/KILL   0.8960586      0.0000000E+00   91.61488       11814.61       11500.75       14.37142       22.04295       3937.876      0.0000000E+00  0.0000000E+00  0.0000000E+00  0.0000000E+00  0.0000000E+00
           2        1984          11           5 corn                                        HARV/KILL   0.8960586      0.0000000E+00   91.64486       7477.660       7503.685       7.238663       36.22474       2376.931      0.0000000E+00  0.0000000E+00  0.0000000E+00  0.0000000E+00  0.0000000E+00
           3        1984          11           5 corn                                        HARV/KILL   0.8960586      0.0000000E+00   91.61732       24388.44       19811.15       2696.306       18.64652       8704.300      0.0000000E+00  0.0000000E+00  0.0000000E+00  0.0000000E+00  0.0000000E+00
           4        1984          11           5 corn                                        HARV/KILL   0.8960586      0.0000000E+00   91.62379       24427.17       19822.95       2926.605       18.48089       8725.924      0.0000000E+00  0.0000000E+00  0.0000000E+00  0.0000000E+00  0.0000000E+00
           5        1984          11           5 corn                                        HARV/KILL   0.8960586      0.0000000E+00   91.62048       24428.02       19828.04       4077.388       23.02830       8724.589      0.0000000E+00  0.0000000E+00  0.0000000E+00  0.0000000E+00  0.0000000E+00
           6        1984          11           5 corn                                        HARV/KILL   0.8960586      0.0000000E+00   91.62624       24479.36       19845.25       4172.323       23.45990       8752.364      0.0000000E+00  0.0000000E+00  0.0000000E+00  0.0000000E+00  0.0000000E+00
           7        1984          11           5 corn                                        HARV/KILL   0.8960586      0.0000000E+00   91.61275       11464.75       11161.76       14.35432       22.25513       3797.278      0.0000000E+00  0.0000000E+00  0.0000000E+00  0.0000000E+00  0.0000000E+00
           8        1984          11           5 corn                                        HARV/KILL   0.8960586      0.0000000E+00   91.65245       5645.249       5425.659       4.400766       35.97868       1712.259      0.0000000E+00  0.0000000E+00  0.0000000E+00  0.0000000E+00  0.0000000E+00
           9        1984          11           5 corn                                        HARV/KILL   0.8960586      0.0000000E+00   91.62764       24527.41       19865.17       4324.645       25.21293       8777.413      0.0000000E+00  0.0000000E+00  0.0000000E+00  0.0000000E+00  0.0000000E+00
          10        1984          11           5 corn                                        HARV/KILL   0.8960586      0.0000000E+00   91.64484       24774.89       19954.96       3464.347       21.54143       8908.576      0.0000000E+00  0.0000000E+00  0.0000000E+00  0.0000000E+00  0.0000000E+00
          11        1984          11           5 corn                                        HARV/KILL   0.8960586      0.0000000E+00   91.64510       25522.44       20270.98       5591.012       35.31311       9279.360      0.0000000E+00  0.0000000E+00  0.0000000E+00  0.0000000E+00  0.0000000E+00
          12        1984          11           5 corn                                        HARV/KILL   0.8960586      0.0000000E+00   91.64585       24909.95       20014.97       3792.950       24.27923       8979.174      0.0000000E+00  0.0000000E+00  0.0000000E+00  0.0000000E+00  0.0000000E+00
           1        1984          11          10 chisplow            TILLAGE   5.4833032E-03  0.0000000E+00   90.35378      0.0000000E+00   8050.525       14.57421       22.14820      0.3000000    
           2        1984          11          10 chisplow            TILLAGE   5.4833032E-03  0.0000000E+00   88.87781      0.0000000E+00   5252.579       7.394954       36.29205      0.3000000    
           3        1984          11          10 chisplow            TILLAGE   5.4833032E-03  0.0000000E+00   92.68899      0.0000000E+00   13867.80       2711.842       18.84912      0.3000000    
           4        1984          11          10 chisplow            TILLAGE   5.4833032E-03  0.0000000E+00   92.69813      0.0000000E+00   13876.06       2942.170       18.68325      0.3000000    
           5        1984          11          10 chisplow            TILLAGE   5.4833032E-03  0.0000000E+00   92.69597      0.0000000E+00   13879.63       4095.052       23.23803      0.3000000    
           6        1984          11          10 chisplow            TILLAGE   5.4833032E-03  0.0000000E+00   92.70562      0.0000000E+00   13891.68       4190.994       23.67041      0.3000000    
           7        1984          11          10 chisplow            TILLAGE   5.4833032E-03  0.0000000E+00   90.23436      0.0000000E+00   7813.233       14.55496       22.35746      0.3000000    
           8        1984          11          10 chisplow            TILLAGE   5.4833032E-03  0.0000000E+00   87.99935      0.0000000E+00   3797.961       4.506667       36.02641      0.3000000    
           9        1984          11          10 chisplow            TILLAGE   5.4833032E-03  0.0000000E+00   92.71150      0.0000000E+00   13905.62       4343.333       25.42507      0.3000000    
          10        1984          11          10 chisplow            TILLAGE   5.4833032E-03  0.0000000E+00   92.74895      0.0000000E+00   13968.47       3479.971       21.75017      0.3000000    
          11        1984          11          10 chisplow            TILLAGE   5.4833032E-03  0.0000000E+00   92.81961      0.0000000E+00   14189.68       5611.985       35.53308      0.3000000    
          12        1984          11          10 chisplow            TILLAGE   5.4833032E-03  0.0000000E+00   92.76341      0.0000000E+00   14010.48       3808.615       24.49060      0.3000000    
           1        1984          12           2 null                                        FERT   3.0779293E-02  0.0000000E+00   91.75230      0.0000000E+00   8052.710       16.05355       22.60168       142.7000      0.0000000E+00  0.0000000E+00  0.0000000E+00  0.0000000E+00  0.0000000E+00
           2        1984          12           2 null                                        FERT   3.0779293E-02  0.0000000E+00   86.12375      0.0000000E+00   5254.765       8.515156       36.57738       142.7000      0.0000000E+00  0.0000000E+00  0.0000000E+00  0.0000000E+00  0.0000000E+00
           3        1984          12           2 null                                        FERT   3.0779293E-02  0.0000000E+00   101.9507      0.0000000E+00   13869.99       2778.436       19.73366       142.7000      0.0000000E+00  0.0000000E+00  0.0000000E+00  0.0000000E+00  0.0000000E+00
           4        1984          12           2 null                                        FERT   3.0779293E-02  0.0000000E+00   101.9703      0.0000000E+00   13878.25       3008.788       19.56617       142.7000      0.0000000E+00  0.0000000E+00  0.0000000E+00  0.0000000E+00  0.0000000E+00
           5        1984          12           2 null                                        FERT   3.0779293E-02  0.0000000E+00   101.9724      0.0000000E+00   13881.82       4168.230       24.15043       142.7000      0.0000000E+00  0.0000000E+00  0.0000000E+00  0.0000000E+00  0.0000000E+00
           6        1984          12           2 null                                        FERT   3.0779293E-02  0.0000000E+00   101.9972      0.0000000E+00   13893.86       4265.237       24.58453       142.7000      0.0000000E+00  0.0000000E+00  0.0000000E+00  0.0000000E+00  0.0000000E+00
           7        1984          12           2 null                                        FERT   3.0779293E-02  0.0000000E+00   91.29089      0.0000000E+00   7815.418       16.00486       22.79795       142.7000      0.0000000E+00  0.0000000E+00  0.0000000E+00  0.0000000E+00  0.0000000E+00
           8        1984          12           2 null                                        FERT   3.0779293E-02  0.0000000E+00   83.10536      0.0000000E+00   3800.147       5.278930       36.22880       142.7000      0.0000000E+00  0.0000000E+00  0.0000000E+00  0.0000000E+00  0.0000000E+00
           9        1984          12           2 null                                        FERT   3.0779293E-02  0.0000000E+00   102.0201      0.0000000E+00   13907.80       4420.753       26.34970       142.7000      0.0000000E+00  0.0000000E+00  0.0000000E+00  0.0000000E+00  0.0000000E+00
          10        1984          12           2 null                                        FERT   3.0779293E-02  0.0000000E+00   102.1365      0.0000000E+00   13970.66       3548.108       22.65529       142.7000      0.0000000E+00  0.0000000E+00  0.0000000E+00  0.0000000E+00  0.0000000E+00
          11        1984          12           2 null                                        FERT   3.0779293E-02  0.0000000E+00   102.4820      0.0000000E+00   14191.87       5702.210       36.48928       142.7000      0.0000000E+00  0.0000000E+00  0.0000000E+00  0.0000000E+00  0.0000000E+00
          12        1984          12           2 null                                        FERT   3.0779293E-02  0.0000000E+00   102.2030      0.0000000E+00   14012.66       3878.041       25.41005       142.7000      0.0000000E+00  0.0000000E+00  0.0000000E+00  0.0000000E+00  0.0000000E+00
           1        1985           4           1 chisplow            TILLAGE   6.5676101E-02  0.0000000E+00   67.24265      0.0000000E+00   4508.294       19.55181       24.23682      0.3000000    
           2        1985           4           1 chisplow            TILLAGE   6.5676101E-02  0.0000000E+00   54.10950      0.0000000E+00   2941.444       11.09414       37.58641      0.3000000    
           3        1985           4           1 chisplow            TILLAGE   6.5676101E-02  0.0000000E+00   98.20958      0.0000000E+00   7765.970       3005.304       22.80697      0.3000000    
           4        1985           4           1 chisplow            TILLAGE   6.5676101E-02  0.0000000E+00   98.31490      0.0000000E+00   7770.596       3243.674       22.66459      0.3000000    
           5        1985           4           1 chisplow            TILLAGE   6.5676101E-02  0.0000000E+00   98.37901      0.0000000E+00   7772.593       4470.044       27.23304      0.3000000    
           6        1985           4           1 chisplow            TILLAGE   6.5676101E-02  0.0000000E+00   98.57111      0.0000000E+00   7779.340       4571.079       27.67322      0.3000000    
           7        1985           4           1 chisplow            TILLAGE   6.5676101E-02  0.0000000E+00   65.58340      0.0000000E+00   4375.411       19.48403       24.38672      0.3000000    
           8        1985           4           1 chisplow            TILLAGE   6.5676101E-02  0.0000000E+00   46.80940      0.0000000E+00   2126.858       7.105814       36.96487      0.3000000    
           9        1985           4           1 chisplow            TILLAGE   6.5676101E-02  0.0000000E+00   98.79809      0.0000000E+00   7787.146       4732.893       29.42695      0.3000000    
          10        1985           4           1 chisplow            TILLAGE   6.5676101E-02  0.0000000E+00   99.74751      0.0000000E+00   7822.345       3805.100       25.76520      0.3000000    
          11        1985           4           1 chisplow            TILLAGE   6.5676101E-02  0.0000000E+00   102.1790      0.0000000E+00   7946.223       6022.647       39.57562      0.3000000    
          12        1985           4           1 chisplow            TILLAGE   6.5676101E-02  0.0000000E+00   100.3174      0.0000000E+00   7845.867       4150.704       28.51425      0.3000000    
           1        1985           4          28 corn                                        PLANT   0.1362229      0.0000000E+00   79.73296      0.0000000E+00   4509.518       18.49011       24.69215      0.0000000E+00   6.000000    
           2        1985           4          28 corn                                        PLANT   0.1362229      0.0000000E+00   67.29694      0.0000000E+00   2942.668       10.01364       37.88407      0.0000000E+00   6.000000    
           3        1985           4          28 corn                                        PLANT   0.1362229      0.0000000E+00   106.9783      0.0000000E+00   7767.194       3099.986       23.76147      0.0000000E+00   6.000000    
           4        1985           4          28 corn                                        PLANT   0.1362229      0.0000000E+00   107.0573      0.0000000E+00   7771.820       3342.334       23.61444      0.0000000E+00   6.000000    
           5        1985           4          28 corn                                        PLANT   0.1362229      0.0000000E+00   107.1000      0.0000000E+00   7773.817       4582.986       28.24981      0.0000000E+00   6.000000    
           6        1985           4          28 corn                                        PLANT   0.1362229      0.0000000E+00   107.2364      0.0000000E+00   7780.564       4687.686       28.69410      0.0000000E+00   6.000000    
           7        1985           4          28 corn                                        PLANT   0.1362229      0.0000000E+00   78.29891      0.0000000E+00   4376.635       18.46524       24.82966      0.0000000E+00   6.000000    
           8        1985           4          28 corn                                        PLANT   0.1362229      0.0000000E+00   60.58810      0.0000000E+00   2128.082       6.496004       37.16988      0.0000000E+00   6.000000    
           9        1985           4          28 corn                                        PLANT   0.1362229      0.0000000E+00   107.3943      0.0000000E+00   7788.370       4851.143       30.47229      0.0000000E+00   6.000000    
          10        1985           4          28 corn                                        PLANT   0.1362229      0.0000000E+00   108.0592      0.0000000E+00   7823.569       3904.385       26.76310      0.0000000E+00   6.000000    
          11        1985           4          28 corn                                        PLANT   0.1362229      0.0000000E+00   109.8235      0.0000000E+00   7947.447       6158.368       40.73174      0.0000000E+00   6.000000    
          12        1985           4          28 corn                                        PLANT   0.1362229      0.0000000E+00   108.4604      0.0000000E+00   7847.091       4256.225       29.54759      0.0000000E+00   6.000000    
           1        1985           6           1 null                                        FERT   0.2650343      0.1818503       21.52763       920.4466       4509.518       9.192254       23.68522       181.4000      0.0000000E+00  0.0000000E+00  0.0000000E+00  0.0000000E+00  0.0000000E+00
           2        1985           6           1 null                                        FERT   0.2650343      0.1818503       13.85534       464.2456       2942.668       6.678876       37.46159       181.4000      0.0000000E+00  0.0000000E+00  0.0000000E+00  0.0000000E+00  0.0000000E+00
           3        1985           6           1 null                                        FERT   0.2650343      0.1818503       38.26873       1183.062       7767.194       3199.077       22.72593       181.4000      0.0000000E+00  0.0000000E+00  0.0000000E+00  0.0000000E+00  0.0000000E+00
           4        1985           6           1 null                                        FERT   0.2650343      0.1818503       38.30725       1180.309       7771.820       3447.324       22.59576       181.4000      0.0000000E+00  0.0000000E+00  0.0000000E+00  0.0000000E+00  0.0000000E+00
           5        1985           6           1 null                                        FERT   0.2650343      0.1818503       38.33514       1188.418       7773.817       4712.080       27.26330       181.4000      0.0000000E+00  0.0000000E+00  0.0000000E+00  0.0000000E+00  0.0000000E+00
           6        1985           6           1 null                                        FERT   0.2650343      0.1818503       38.40278       1187.493       7780.564       4819.602       27.69855       181.4000      0.0000000E+00  0.0000000E+00  0.0000000E+00  0.0000000E+00  0.0000000E+00
           7        1985           6           1 null                                        FERT   0.2650343      0.1818503       20.70519       916.2259       4376.635       9.193118       23.81696       181.4000      0.0000000E+00  0.0000000E+00  0.0000000E+00  0.0000000E+00  0.0000000E+00
           8        1985           6           1 null                                        FERT   0.2650343      0.1818503       9.581098       274.3936       2128.082       5.120422       36.94647       181.4000      0.0000000E+00  0.0000000E+00  0.0000000E+00  0.0000000E+00  0.0000000E+00
           9        1985           6           1 null                                        FERT   0.2650343      0.1818503       38.48421       1190.320       7788.370       4987.071       29.51537       181.4000      0.0000000E+00  0.0000000E+00  0.0000000E+00  0.0000000E+00  0.0000000E+00
          10        1985           6           1 null                                        FERT   0.2650343      0.1818503       38.81492       1184.567       7823.569       4017.336       25.75367       181.4000      0.0000000E+00  0.0000000E+00  0.0000000E+00  0.0000000E+00  0.0000000E+00
          11        1985           6           1 null                                        FERT   0.2650343      0.1818503       39.74952       1193.049       7947.447       6332.068       39.91180       181.4000      0.0000000E+00  0.0000000E+00  0.0000000E+00  0.0000000E+00  0.0000000E+00
          12        1985           6           1 null                                        FERT   0.2650343      0.1818503       39.02284       1188.117       7847.091       4383.189       28.60443       181.4000      0.0000000E+00  0.0000000E+00  0.0000000E+00  0.0000000E+00  0.0000000E+00
           1        1985          10           7 corn                                        HARV/KILL   0.8792275      0.0000000E+00   17.75588       9531.869       8909.213       16.84725       21.68279       3063.348      0.0000000E+00  0.0000000E+00  0.0000000E+00  0.0000000E+00  0.0000000E+00
           2        1985          10           7 corn                                        HARV/KILL   0.8792275      0.0000000E+00   18.11386       5843.533       5661.096       10.04247       36.12202       1857.416      0.0000000E+00  0.0000000E+00  0.0000000E+00  0.0000000E+00  0.0000000E+00
           3        1985          10           7 corn                                        HARV/KILL   0.8792275      0.0000000E+00   17.31832       17851.91       15919.52       3320.391       18.42240       5821.578      0.0000000E+00  0.0000000E+00  0.0000000E+00  0.0000000E+00  0.0000000E+00
           4        1985          10           7 corn                                        HARV/KILL   0.8792275      0.0000000E+00   17.31842       17850.70       15923.44       3587.049       18.26995       5821.329      0.0000000E+00  0.0000000E+00  0.0000000E+00  0.0000000E+00  0.0000000E+00
           5        1985          10           7 corn                                        HARV/KILL   0.8792275      0.0000000E+00   17.31694       17859.83       15929.55       4883.983       23.02176       5824.364      0.0000000E+00  0.0000000E+00  0.0000000E+00  0.0000000E+00  0.0000000E+00
           6        1985          10           7 corn                                        HARV/KILL   0.8792275      0.0000000E+00   17.31601       17861.50       15936.82       4997.409       23.47475       5825.133      0.0000000E+00  0.0000000E+00  0.0000000E+00  0.0000000E+00  0.0000000E+00
           7        1985          10           7 corn                                        HARV/KILL   0.8792275      0.0000000E+00   17.80325       9429.014       8733.500       16.83270       21.82301       3025.865      0.0000000E+00  0.0000000E+00  0.0000000E+00  0.0000000E+00  0.0000000E+00
           8        1985          10           7 corn                                        HARV/KILL   0.8792275      0.0000000E+00   18.30662       3901.984       3950.869       6.708956       36.02501       1232.698      0.0000000E+00  0.0000000E+00  0.0000000E+00  0.0000000E+00  0.0000000E+00
           9        1985          10           7 corn                                        HARV/KILL   0.8792275      0.0000000E+00   17.31351       17867.32       15947.05       5173.952       25.29745       5827.258      0.0000000E+00  0.0000000E+00  0.0000000E+00  0.0000000E+00  0.0000000E+00
          10        1985          10           7 corn                                        HARV/KILL   0.8792275      0.0000000E+00   17.30840       17874.18       15984.30       4175.422       21.52400       5830.515      0.0000000E+00  0.0000000E+00  0.0000000E+00  0.0000000E+00  0.0000000E+00
          11        1985          10           7 corn                                        HARV/KILL   0.8792275      0.0000000E+00   17.28517       17917.60       16125.38       6648.263       35.88314       5847.174      0.0000000E+00  0.0000000E+00  0.0000000E+00  0.0000000E+00  0.0000000E+00
          12        1985          10           7 corn                                        HARV/KILL   0.8792275      0.0000000E+00   17.30285       17885.44       16012.37       4550.533       24.37837       5834.756      0.0000000E+00  0.0000000E+00  0.0000000E+00  0.0000000E+00  0.0000000E+00
           1        1985          10           9 null                                        FERT   6.9066361E-03  0.0000000E+00   16.55160      0.0000000E+00   8910.437       16.76485       21.71536       142.7000      0.0000000E+00  0.0000000E+00  0.0000000E+00  0.0000000E+00  0.0000000E+00
           2        1985          10           9 null                                        FERT   6.9066361E-03  0.0000000E+00   16.74139      0.0000000E+00   5662.320       10.00326       36.14349       142.7000      0.0000000E+00  0.0000000E+00  0.0000000E+00  0.0000000E+00  0.0000000E+00
           3        1985          10           9 null                                        FERT   6.9066361E-03  0.0000000E+00   16.57870      0.0000000E+00   15920.74       3325.611       18.47873       142.7000      0.0000000E+00  0.0000000E+00  0.0000000E+00  0.0000000E+00  0.0000000E+00
           4        1985          10           9 null                                        FERT   6.9066361E-03  0.0000000E+00   16.57882      0.0000000E+00   15924.66       3592.230       18.32769       142.7000      0.0000000E+00  0.0000000E+00  0.0000000E+00  0.0000000E+00  0.0000000E+00
           5        1985          10           9 null                                        FERT   6.9066361E-03  0.0000000E+00   16.57748      0.0000000E+00   15930.77       4890.063       23.07967       142.7000      0.0000000E+00  0.0000000E+00  0.0000000E+00  0.0000000E+00  0.0000000E+00
           6        1985          10           9 null                                        FERT   6.9066361E-03  0.0000000E+00   16.57661      0.0000000E+00   15938.05       5004.468       23.53310       142.7000      0.0000000E+00  0.0000000E+00  0.0000000E+00  0.0000000E+00  0.0000000E+00
           7        1985          10           9 null                                        FERT   6.9066361E-03  0.0000000E+00   16.59363      0.0000000E+00   8734.724       16.75108       21.85527       142.7000      0.0000000E+00  0.0000000E+00  0.0000000E+00  0.0000000E+00  0.0000000E+00
           8        1985          10           9 null                                        FERT   6.9066361E-03  0.0000000E+00   16.82989      0.0000000E+00   3952.093       6.682405       36.04016       142.7000      0.0000000E+00  0.0000000E+00  0.0000000E+00  0.0000000E+00  0.0000000E+00
           9        1985          10           9 null                                        FERT   6.9066361E-03  0.0000000E+00   16.57424      0.0000000E+00   15948.27       5180.999       25.35535       142.7000      0.0000000E+00  0.0000000E+00  0.0000000E+00  0.0000000E+00  0.0000000E+00
          10        1985          10           9 null                                        FERT   6.9066361E-03  0.0000000E+00   16.56951      0.0000000E+00   15985.52       4181.575       21.58217       142.7000      0.0000000E+00  0.0000000E+00  0.0000000E+00  0.0000000E+00  0.0000000E+00
          11        1985          10           9 null                                        FERT   6.9066361E-03  0.0000000E+00   16.54870      0.0000000E+00   16126.61       6656.304       35.94446       142.7000      0.0000000E+00  0.0000000E+00  0.0000000E+00  0.0000000E+00  0.0000000E+00
          12        1985          10           9 null                                        FERT   6.9066361E-03  0.0000000E+00   16.56436      0.0000000E+00   16013.59       4556.658       24.43649       142.7000      0.0000000E+00  0.0000000E+00  0.0000000E+00  0.0000000E+00  0.0000000E+00
           1        1985          10          11 chisplow            TILLAGE   1.0984126E-02  0.0000000E+00   24.44481      0.0000000E+00   6236.449       16.81647       21.74937      0.3000000    
           2        1985          10          11 chisplow            TILLAGE   1.0984126E-02  0.0000000E+00   24.15590      0.0000000E+00   3962.767       10.05164       36.16557      0.3000000    
           3        1985          10          11 chisplow            TILLAGE   1.0984126E-02  0.0000000E+00   25.14284      0.0000000E+00   11143.66       3331.426       18.54122      0.3000000    
           4        1985          10          11 chisplow            TILLAGE   1.0984126E-02  0.0000000E+00   25.14322      0.0000000E+00   11146.41       3598.019       18.39098      0.3000000    
           5        1985          10          11 chisplow            TILLAGE   1.0984126E-02  0.0000000E+00   25.14232      0.0000000E+00   11150.68       4895.851       23.14444      0.3000000    
           6        1985          10          11 chisplow            TILLAGE   1.0984126E-02  0.0000000E+00   25.14192      0.0000000E+00   11155.78       5010.240       23.59806      0.3000000    
           7        1985          10          11 chisplow            TILLAGE   1.0984126E-02  0.0000000E+00   24.42640      0.0000000E+00   6113.450       16.80107       21.88882      0.3000000    
           8        1985          10          11 chisplow            TILLAGE   1.0984126E-02  0.0000000E+00   24.01044      0.0000000E+00   2765.608       6.716666       36.05525      0.3000000    
           9        1985          10          11 chisplow            TILLAGE   1.0984126E-02  0.0000000E+00   25.14024      0.0000000E+00   11162.93       5187.781       25.42045      0.3000000    
          10        1985          10          11 chisplow            TILLAGE   1.0984126E-02  0.0000000E+00   25.13797      0.0000000E+00   11189.01       4187.379       21.64640      0.3000000    
          11        1985          10          11 chisplow            TILLAGE   1.0984126E-02  0.0000000E+00   25.12694      0.0000000E+00   11287.77       6664.164       36.01329      0.3000000    
          12        1985          10          11 chisplow            TILLAGE   1.0984126E-02  0.0000000E+00   25.13475      0.0000000E+00   11208.66       4562.470       24.50146      0.3000000    
           1        1986           5           1 fldcult             TILLAGE   0.1581347      0.0000000E+00   80.19112      0.0000000E+00   3492.411       21.06247       24.39680      0.3000000    
           2        1986           5           1 fldcult             TILLAGE   0.1581347      0.0000000E+00   69.18935      0.0000000E+00   2219.149       13.17628       37.79996      0.3000000    
           3        1986           5           1 fldcult             TILLAGE   0.1581347      0.0000000E+00   98.74615      0.0000000E+00   6240.451       3803.283       23.54692      0.3000000    
           4        1986           5           1 fldcult             TILLAGE   0.1581347      0.0000000E+00   98.81877      0.0000000E+00   6241.988       4105.847       23.41824      0.3000000    
           5        1986           5           1 fldcult             TILLAGE   0.1581347      0.0000000E+00   98.74988      0.0000000E+00   6244.382       5490.446       28.28050      0.3000000    
           6        1986           5           1 fldcult             TILLAGE   0.1581347      0.0000000E+00   98.84896      0.0000000E+00   6247.235       5619.423       28.74828      0.3000000    
           7        1986           5           1 fldcult             TILLAGE   0.1581347      0.0000000E+00   79.65966      0.0000000E+00   3423.532       21.04502       24.49373      0.3000000    
           8        1986           5           1 fldcult             TILLAGE   0.1581347      0.0000000E+00   65.97392      0.0000000E+00   1548.740       9.067867       37.18583      0.3000000    
           9        1986           5           1 fldcult             TILLAGE   0.1581347      0.0000000E+00   98.79945      0.0000000E+00   6251.243       5809.039       30.59714      0.3000000    
          10        1986           5           1 fldcult             TILLAGE   0.1581347      0.0000000E+00   99.07291      0.0000000E+00   6265.846       4724.545       26.73219      0.3000000    
          11        1986           5           1 fldcult             TILLAGE   0.1581347      0.0000000E+00   99.43178      0.0000000E+00   6321.149       7340.930       41.21513      0.3000000    
          12        1986           5           1 fldcult             TILLAGE   0.1581347      0.0000000E+00   99.04836      0.0000000E+00   6276.849       5122.780       29.62640      0.3000000    
           1        1986           5           3 null                                        FERT   0.1658836      0.0000000E+00   69.61134      0.0000000E+00   3492.891       21.23817       24.42717       26.00000      0.0000000E+00  0.0000000E+00  0.0000000E+00  0.0000000E+00  0.0000000E+00
           1        1986           5           3 corn                                        PLANT   0.1658836      0.0000000E+00   69.61134      0.0000000E+00   3492.891       21.23817       24.42717      0.0000000E+00   6.000000    
           2        1986           5           3 null                                        FERT   0.1658836      0.0000000E+00   57.79583      0.0000000E+00   2219.629       13.28883       37.81993       26.00000      0.0000000E+00  0.0000000E+00  0.0000000E+00  0.0000000E+00  0.0000000E+00
           2        1986           5           3 corn                                        PLANT   0.1658836      0.0000000E+00   57.79583      0.0000000E+00   2219.629       13.28883       37.81993      0.0000000E+00   6.000000    
           3        1986           5           3 null                                        FERT   0.1658836      0.0000000E+00   89.75568      0.0000000E+00   6240.931       3809.805       23.60568       26.00000      0.0000000E+00  0.0000000E+00  0.0000000E+00  0.0000000E+00  0.0000000E+00
           3        1986           5           3 corn                                        PLANT   0.1658836      0.0000000E+00   89.75568      0.0000000E+00   6240.931       3809.805       23.60568      0.0000000E+00   6.000000    
           4        1986           5           3 null                                        FERT   0.1658836      0.0000000E+00   89.82914      0.0000000E+00   6242.468       4113.372       23.47647       26.00000      0.0000000E+00  0.0000000E+00  0.0000000E+00  0.0000000E+00  0.0000000E+00
           4        1986           5           3 corn                                        PLANT   0.1658836      0.0000000E+00   89.82914      0.0000000E+00   6242.468       4113.372       23.47647      0.0000000E+00   6.000000    
           5        1986           5           3 null                                        FERT   0.1658836      0.0000000E+00   89.76152      0.0000000E+00   6244.862       5499.070       28.34399       26.00000      0.0000000E+00  0.0000000E+00  0.0000000E+00  0.0000000E+00  0.0000000E+00
           5        1986           5           3 corn                                        PLANT   0.1658836      0.0000000E+00   89.76152      0.0000000E+00   6244.862       5499.070       28.34399      0.0000000E+00   6.000000    
           6        1986           5           3 null                                        FERT   0.1658836      0.0000000E+00   89.86215      0.0000000E+00   6247.715       5628.046       28.81189       26.00000      0.0000000E+00  0.0000000E+00  0.0000000E+00  0.0000000E+00  0.0000000E+00
           6        1986           5           3 corn                                        PLANT   0.1658836      0.0000000E+00   89.86215      0.0000000E+00   6247.715       5628.046       28.81189      0.0000000E+00   6.000000    
           7        1986           5           3 null                                        FERT   0.1658836      0.0000000E+00   69.03719      0.0000000E+00   3424.011       21.21767       24.52339       26.00000      0.0000000E+00  0.0000000E+00  0.0000000E+00  0.0000000E+00  0.0000000E+00
           7        1986           5           3 corn                                        PLANT   0.1658836      0.0000000E+00   69.03719      0.0000000E+00   3424.011       21.21767       24.52339      0.0000000E+00   6.000000    
           8        1986           5           3 null                                        FERT   0.1658836      0.0000000E+00   54.13064      0.0000000E+00   1549.220       9.132669       37.19946       26.00000      0.0000000E+00  0.0000000E+00  0.0000000E+00  0.0000000E+00  0.0000000E+00
           8        1986           5           3 corn                                        PLANT   0.1658836      0.0000000E+00   54.13064      0.0000000E+00   1549.220       9.132669       37.19946      0.0000000E+00   6.000000    
           9        1986           5           3 null                                        FERT   0.1658836      0.0000000E+00   89.81480      0.0000000E+00   6251.723       5817.688       30.66254       26.00000      0.0000000E+00  0.0000000E+00  0.0000000E+00  0.0000000E+00  0.0000000E+00
           9        1986           5           3 corn                                        PLANT   0.1658836      0.0000000E+00   89.81480      0.0000000E+00   6251.723       5817.688       30.66254      0.0000000E+00   6.000000    
          10        1986           5           3 null                                        FERT   0.1658836      0.0000000E+00   90.09613      0.0000000E+00   6266.326       4733.124       26.79346       26.00000      0.0000000E+00  0.0000000E+00  0.0000000E+00  0.0000000E+00  0.0000000E+00
          10        1986           5           3 corn                                        PLANT   0.1658836      0.0000000E+00   90.09613      0.0000000E+00   6266.326       4733.124       26.79346      0.0000000E+00   6.000000    
          11        1986           5           3 null                                        FERT   0.1658836      0.0000000E+00   90.48471      0.0000000E+00   6321.629       7351.728       41.28675       26.00000      0.0000000E+00  0.0000000E+00  0.0000000E+00  0.0000000E+00  0.0000000E+00
          11        1986           5           3 corn                                        PLANT   0.1658836      0.0000000E+00   90.48471      0.0000000E+00   6321.629       7351.728       41.28675      0.0000000E+00   6.000000    
          12        1986           5           3 null                                        FERT   0.1658836      0.0000000E+00   90.07749      0.0000000E+00   6277.329       5131.397       29.69008       26.00000      0.0000000E+00  0.0000000E+00  0.0000000E+00  0.0000000E+00  0.0000000E+00
          12        1986           5           3 corn                                        PLANT   0.1658836      0.0000000E+00   90.07749      0.0000000E+00   6277.329       5131.397       29.69008      0.0000000E+00   6.000000    
           1        1986           6           6 null                                        FERT   0.2879475      0.1718392       75.48612       876.5994       3492.891       17.44217       23.42047       182.6000      0.0000000E+00  0.0000000E+00  0.0000000E+00  0.0000000E+00  0.0000000E+00
           2        1986           6           6 null                                        FERT   0.2879475      0.1718392       65.54624       522.1153       2219.629       12.46657       37.27438       182.6000      0.0000000E+00  0.0000000E+00  0.0000000E+00  0.0000000E+00  0.0000000E+00
           3        1986           6           6 null                                        FERT   0.2879475      0.1718392       93.13490       1022.622       6240.931       3924.094       22.83466       182.6000      0.0000000E+00  0.0000000E+00  0.0000000E+00  0.0000000E+00  0.0000000E+00
           4        1986           6           6 null                                        FERT   0.2879475      0.1718392       93.19785       1019.286       6242.468       4233.644       22.67212       182.6000      0.0000000E+00  0.0000000E+00  0.0000000E+00  0.0000000E+00  0.0000000E+00
           5        1986           6           6 null                                        FERT   0.2879475      0.1718392       93.17488       1029.517       6244.862       5640.467       27.62967       182.6000      0.0000000E+00  0.0000000E+00  0.0000000E+00  0.0000000E+00  0.0000000E+00
           6        1986           6           6 null                                        FERT   0.2879475      0.1718392       93.26250       1028.085       6247.715       5775.362       28.10719       182.6000      0.0000000E+00  0.0000000E+00  0.0000000E+00  0.0000000E+00  0.0000000E+00
           7        1986           6           6 null                                        FERT   0.2879475      0.1718392       74.96242       873.6448       3424.011       17.43091       23.51289       182.6000      0.0000000E+00  0.0000000E+00  0.0000000E+00  0.0000000E+00  0.0000000E+00
           8        1986           6           6 null                                        FERT   0.2879475      0.1718392       62.13318       345.8303       1549.220       9.282532       36.86597       182.6000      0.0000000E+00  0.0000000E+00  0.0000000E+00  0.0000000E+00  0.0000000E+00
           9        1986           6           6 null                                        FERT   0.2879475      0.1718392       93.27047       1031.752       6251.723       5968.012       29.96471       182.6000      0.0000000E+00  0.0000000E+00  0.0000000E+00  0.0000000E+00  0.0000000E+00
          10        1986           6           6 null                                        FERT   0.2879475      0.1718392       93.54860       1024.280       6266.326       4858.423       26.06744       182.6000      0.0000000E+00  0.0000000E+00  0.0000000E+00  0.0000000E+00  0.0000000E+00
          11        1986           6           6 null                                        FERT   0.2879475      0.1718392       94.03413       1035.148       6321.629       7538.108       40.70074       182.6000      0.0000000E+00  0.0000000E+00  0.0000000E+00  0.0000000E+00  0.0000000E+00
          12        1986           6           6 null                                        FERT   0.2879475      0.1718392       93.60770       1028.662       6277.329       5266.706       28.98233       182.6000      0.0000000E+00  0.0000000E+00  0.0000000E+00  0.0000000E+00  0.0000000E+00
           1        1986          11           9 corn                                        HARV/KILL   0.9356674      0.0000000E+00   77.05141       11386.64       8142.282       27.88428       20.80844       4236.470      0.0000000E+00  0.0000000E+00  0.0000000E+00  0.0000000E+00  0.0000000E+00
           2        1986          11           9 corn                                        HARV/KILL   0.9356674      0.0000000E+00   77.35413       7496.550       5279.843       17.90427       35.44938       2789.719      0.0000000E+00  0.0000000E+00  0.0000000E+00  0.0000000E+00  0.0000000E+00
           3        1986          11           9 corn                                        HARV/KILL   0.9356674      0.0000000E+00   77.07668       25447.84       16632.24       4207.358       15.13123       9468.156      0.0000000E+00  0.0000000E+00  0.0000000E+00  0.0000000E+00  0.0000000E+00
           4        1986          11           9 corn                                        HARV/KILL   0.9356674      0.0000000E+00   77.11061       25447.88       16633.63       4543.072       15.00317       9468.331      0.0000000E+00  0.0000000E+00  0.0000000E+00  0.0000000E+00  0.0000000E+00
           5        1986          11           9 corn                                        HARV/KILL   0.9356674      0.0000000E+00   77.09859       25457.09       16639.84       6009.173       20.04134       9471.705      0.0000000E+00  0.0000000E+00  0.0000000E+00  0.0000000E+00  0.0000000E+00
           6        1986          11           9 corn                                        HARV/KILL   0.9356674      0.0000000E+00   77.13474       25459.87       16643.63       6157.845       20.52229       9472.922      0.0000000E+00  0.0000000E+00  0.0000000E+00  0.0000000E+00  0.0000000E+00
           7        1986          11           9 corn                                        HARV/KILL   0.9356674      0.0000000E+00   77.03387       11286.75       8032.653       27.96617       20.92225       4199.269      0.0000000E+00  0.0000000E+00  0.0000000E+00  0.0000000E+00  0.0000000E+00
           8        1986          11           9 corn                                        HARV/KILL   0.9356674      0.0000000E+00   77.33950       5078.819       3622.379       11.75058       35.58371       1889.946      0.0000000E+00  0.0000000E+00  0.0000000E+00  0.0000000E+00  0.0000000E+00
           9        1986          11           9 corn                                        HARV/KILL   0.9356674      0.0000000E+00   77.15685       25465.36       16649.75       6369.671       22.44632       9475.090      0.0000000E+00  0.0000000E+00  0.0000000E+00  0.0000000E+00  0.0000000E+00
          10        1986          11           9 corn                                        HARV/KILL   0.9356674      0.0000000E+00   77.27369       25472.46       16666.55       5202.496       18.44537       9478.405      0.0000000E+00  0.0000000E+00  0.0000000E+00  0.0000000E+00  0.0000000E+00
          11        1986          11           9 corn                                        HARV/KILL   0.9356674      0.0000000E+00   77.35027       25504.02       16733.98       8099.210       33.44686       9490.866      0.0000000E+00  0.0000000E+00  0.0000000E+00  0.0000000E+00  0.0000000E+00
          12        1986          11           9 corn                                        HARV/KILL   0.9356674      0.0000000E+00   77.30502       25481.34       16680.92       5627.117       21.39546       9481.945      0.0000000E+00  0.0000000E+00  0.0000000E+00  0.0000000E+00  0.0000000E+00
           1        1986          11          14 null                                        FERT   6.7338319E-03  0.0000000E+00   70.40993      0.0000000E+00   8142.762       28.22006       20.88756       336.0000      0.0000000E+00  0.0000000E+00  0.0000000E+00  0.0000000E+00  0.0000000E+00
           2        1986          11          14 null                                        FERT   6.7338319E-03  0.0000000E+00   69.42716      0.0000000E+00   5280.323       18.18522       35.49774       336.0000      0.0000000E+00  0.0000000E+00  0.0000000E+00  0.0000000E+00  0.0000000E+00
           3        1986          11          14 null                                        FERT   6.7338319E-03  0.0000000E+00   73.44772      0.0000000E+00   16632.72       4218.362       15.29931       336.0000      0.0000000E+00  0.0000000E+00  0.0000000E+00  0.0000000E+00  0.0000000E+00
           4        1986          11          14 null                                        FERT   6.7338319E-03  0.0000000E+00   73.48211      0.0000000E+00   16634.11       4559.097       15.17215       336.0000      0.0000000E+00  0.0000000E+00  0.0000000E+00  0.0000000E+00  0.0000000E+00
           5        1986          11          14 null                                        FERT   6.7338319E-03  0.0000000E+00   73.47211      0.0000000E+00   16640.32       6025.379       20.20793       336.0000      0.0000000E+00  0.0000000E+00  0.0000000E+00  0.0000000E+00  0.0000000E+00
           6        1986          11          14 null                                        FERT   6.7338319E-03  0.0000000E+00   73.50951      0.0000000E+00   16644.12       6174.061       20.68905       336.0000      0.0000000E+00  0.0000000E+00  0.0000000E+00  0.0000000E+00  0.0000000E+00
           7        1986          11          14 null                                        FERT   6.7338319E-03  0.0000000E+00   70.34668      0.0000000E+00   8033.133       28.29686       21.00068       336.0000      0.0000000E+00  0.0000000E+00  0.0000000E+00  0.0000000E+00  0.0000000E+00
           8        1986          11          14 null                                        FERT   6.7338319E-03  0.0000000E+00   68.58936      0.0000000E+00   3622.859       11.94447       35.61758       336.0000      0.0000000E+00  0.0000000E+00  0.0000000E+00  0.0000000E+00  0.0000000E+00
           9        1986          11          14 null                                        FERT   6.7338319E-03  0.0000000E+00   73.53361      0.0000000E+00   16650.23       6385.939       22.61260       336.0000      0.0000000E+00  0.0000000E+00  0.0000000E+00  0.0000000E+00  0.0000000E+00
          10        1986          11          14 null                                        FERT   6.7338319E-03  0.0000000E+00   73.65594      0.0000000E+00   16667.03       5218.668       18.61432       336.0000      0.0000000E+00  0.0000000E+00  0.0000000E+00  0.0000000E+00  0.0000000E+00
          11        1986          11          14 null                                        FERT   6.7338319E-03  0.0000000E+00   73.75442      0.0000000E+00   16734.46       8116.184       33.60809       336.0000      0.0000000E+00  0.0000000E+00  0.0000000E+00  0.0000000E+00  0.0000000E+00
          12        1986          11          14 null                                        FERT   6.7338319E-03  0.0000000E+00   73.69195      0.0000000E+00   16681.40       5643.381       21.56060       336.0000      0.0000000E+00  0.0000000E+00  0.0000000E+00  0.0000000E+00  0.0000000E+00
           1        1987           4          24 fldcult             TILLAGE   0.1325740      0.0000000E+00   62.56471      0.0000000E+00   4559.678       31.21984       22.88588      0.3000000    
           2        1987           4          24 fldcult             TILLAGE   0.1325740      0.0000000E+00   51.82915      0.0000000E+00   2956.712       20.39248       36.77002      0.3000000    
           3        1987           4          24 fldcult             TILLAGE   0.1325740      0.0000000E+00   98.05742      0.0000000E+00   9314.057       4603.354       19.64269      0.3000000    
           4        1987           4          24 fldcult             TILLAGE   0.1325740      0.0000000E+00   98.02997      0.0000000E+00   9314.831       4962.147       19.53625      0.3000000    
           5        1987           4          24 fldcult             TILLAGE   0.1325740      0.0000000E+00   98.08353      0.0000000E+00   9318.309       6470.256       24.55014      0.3000000    
           6        1987           4          24 fldcult             TILLAGE   0.1325740      0.0000000E+00   98.16848      0.0000000E+00   9320.436       6627.652       25.03856      0.3000000    
           7        1987           4          24 fldcult             TILLAGE   0.1325740      0.0000000E+00   62.15021      0.0000000E+00   4498.286       31.29696       22.98279      0.3000000    
           8        1987           4          24 fldcult             TILLAGE   0.1325740      0.0000000E+00   45.39177      0.0000000E+00   2028.532       13.63025       36.49628      0.3000000    
           9        1987           4          24 fldcult             TILLAGE   0.1325740      0.0000000E+00   98.20507      0.0000000E+00   9323.859       6843.572       26.96088      0.3000000    
          10        1987           4          24 fldcult             TILLAGE   0.1325740      0.0000000E+00   98.34076      0.0000000E+00   9333.268       5637.971       22.99245      0.3000000    
          11        1987           4          24 fldcult             TILLAGE   0.1325740      0.0000000E+00   98.58533      0.0000000E+00   9371.029       8624.047       37.87679      0.3000000    
          12        1987           4          24 fldcult             TILLAGE   0.1325740      0.0000000E+00   98.42583      0.0000000E+00   9341.316       6079.753       25.86926      0.3000000    
           1        1987           4          25 null                                        FERT   0.1345037      0.0000000E+00   58.98045      0.0000000E+00   4559.946       31.26426       22.89990       27.00000      0.0000000E+00  0.0000000E+00  0.0000000E+00  0.0000000E+00  0.0000000E+00
           1        1987           4          25 corn                                        PLANT   0.1345037      0.0000000E+00   58.98045      0.0000000E+00   4559.946       31.26426       22.89990      0.0000000E+00   6.000000    
           2        1987           4          25 null                                        FERT   0.1345037      0.0000000E+00   48.44666      0.0000000E+00   2956.981       20.41859       36.77906       27.00000      0.0000000E+00  0.0000000E+00  0.0000000E+00  0.0000000E+00  0.0000000E+00
           2        1987           4          25 corn                                        PLANT   0.1345037      0.0000000E+00   48.44666      0.0000000E+00   2956.981       20.41859       36.77906      0.0000000E+00   6.000000    
           3        1987           4          25 null                                        FERT   0.1345037      0.0000000E+00   94.20030      0.0000000E+00   9314.325       4606.489       19.67393       27.00000      0.0000000E+00  0.0000000E+00  0.0000000E+00  0.0000000E+00  0.0000000E+00
           3        1987           4          25 corn                                        PLANT   0.1345037      0.0000000E+00   94.20030      0.0000000E+00   9314.325       4606.489       19.67393      0.0000000E+00   6.000000    
           4        1987           4          25 null                                        FERT   0.1345037      0.0000000E+00   94.17300      0.0000000E+00   9315.100       4966.279       19.56723       27.00000      0.0000000E+00  0.0000000E+00  0.0000000E+00  0.0000000E+00  0.0000000E+00
           4        1987           4          25 corn                                        PLANT   0.1345037      0.0000000E+00   94.17300      0.0000000E+00   9315.100       4966.279       19.56723      0.0000000E+00   6.000000    
           5        1987           4          25 null                                        FERT   0.1345037      0.0000000E+00   94.22723      0.0000000E+00   9318.577       6474.418       24.58311       27.00000      0.0000000E+00  0.0000000E+00  0.0000000E+00  0.0000000E+00  0.0000000E+00
           5        1987           4          25 corn                                        PLANT   0.1345037      0.0000000E+00   94.22723      0.0000000E+00   9318.577       6474.418       24.58311      0.0000000E+00   6.000000    
           6        1987           4          25 null                                        FERT   0.1345037      0.0000000E+00   94.31261      0.0000000E+00   9320.704       6631.811       25.07153       27.00000      0.0000000E+00  0.0000000E+00  0.0000000E+00  0.0000000E+00  0.0000000E+00
           6        1987           4          25 corn                                        PLANT   0.1345037      0.0000000E+00   94.31261      0.0000000E+00   9320.704       6631.811       25.07153      0.0000000E+00   6.000000    
           7        1987           4          25 null                                        FERT   0.1345037      0.0000000E+00   58.57661      0.0000000E+00   4498.554       31.34043       22.99659       27.00000      0.0000000E+00  0.0000000E+00  0.0000000E+00  0.0000000E+00  0.0000000E+00
           7        1987           4          25 corn                                        PLANT   0.1345037      0.0000000E+00   58.57661      0.0000000E+00   4498.554       31.34043       22.99659      0.0000000E+00   6.000000    
           8        1987           4          25 null                                        FERT   0.1345037      0.0000000E+00   42.09609      0.0000000E+00   2028.801       13.64749       36.50227       27.00000      0.0000000E+00  0.0000000E+00  0.0000000E+00  0.0000000E+00  0.0000000E+00
           8        1987           4          25 corn                                        PLANT   0.1345037      0.0000000E+00   42.09609      0.0000000E+00   2028.801       13.64749       36.50227      0.0000000E+00   6.000000    
           9        1987           4          25 null                                        FERT   0.1345037      0.0000000E+00   94.34985      0.0000000E+00   9324.128       6847.740       26.99461       27.00000      0.0000000E+00  0.0000000E+00  0.0000000E+00  0.0000000E+00  0.0000000E+00
           9        1987           4          25 corn                                        PLANT   0.1345037      0.0000000E+00   94.34985      0.0000000E+00   9324.128       6847.740       26.99461      0.0000000E+00   6.000000    
          10        1987           4          25 null                                        FERT   0.1345037      0.0000000E+00   94.48736      0.0000000E+00   9333.536       5642.118       23.02434       27.00000      0.0000000E+00  0.0000000E+00  0.0000000E+00  0.0000000E+00  0.0000000E+00
          10        1987           4          25 corn                                        PLANT   0.1345037      0.0000000E+00   94.48736      0.0000000E+00   9333.536       5642.118       23.02434      0.0000000E+00   6.000000    
          11        1987           4          25 null                                        FERT   0.1345037      0.0000000E+00   94.73920      0.0000000E+00   9371.298       8629.243       37.91307       27.00000      0.0000000E+00  0.0000000E+00  0.0000000E+00  0.0000000E+00  0.0000000E+00
          11        1987           4          25 corn                                        PLANT   0.1345037      0.0000000E+00   94.73920      0.0000000E+00   9371.298       8629.243       37.91307      0.0000000E+00   6.000000    
          12        1987           4          25 null                                        FERT   0.1345037      0.0000000E+00   94.57397      0.0000000E+00   9341.585       6083.911       25.90228       27.00000      0.0000000E+00  0.0000000E+00  0.0000000E+00  0.0000000E+00  0.0000000E+00
          12        1987           4          25 corn                                        PLANT   0.1345037      0.0000000E+00   94.57397      0.0000000E+00   9341.585       6083.911       25.90228      0.0000000E+00   6.000000    
           1        1987           6           4 null                                        FERT   0.2772515      0.1925652       65.08920       997.7592       4559.946       25.61277       21.84909       180.3000      0.0000000E+00  0.0000000E+00  0.0000000E+00  0.0000000E+00  0.0000000E+00
           2        1987           6           4 null                                        FERT   0.2772515      0.1925652       55.37139       528.1899       2956.981       18.76495       36.27806       180.3000      0.0000000E+00  0.0000000E+00  0.0000000E+00  0.0000000E+00  0.0000000E+00
           3        1987           6           4 null                                        FERT   0.2772515      0.1925652       95.84240       1495.502       9314.325       4714.696       18.35289       180.3000      0.0000000E+00  0.0000000E+00  0.0000000E+00  0.0000000E+00  0.0000000E+00
           4        1987           6           4 null                                        FERT   0.2772515      0.1925652       95.82671       1492.804       9315.100       5087.491       18.25232       180.3000      0.0000000E+00  0.0000000E+00  0.0000000E+00  0.0000000E+00  0.0000000E+00
           5        1987           6           4 null                                        FERT   0.2772515      0.1925652       95.87492       1500.958       9318.577       6613.840       23.29299       180.3000      0.0000000E+00  0.0000000E+00  0.0000000E+00  0.0000000E+00  0.0000000E+00
           6        1987           6           4 null                                        FERT   0.2772515      0.1925652       95.92342       1499.891       9320.704       6773.151       23.78630       180.3000      0.0000000E+00  0.0000000E+00  0.0000000E+00  0.0000000E+00  0.0000000E+00
           7        1987           6           4 null                                        FERT   0.2772515      0.1925652       64.72386       993.0834       4498.554       25.69436       21.94653       180.3000      0.0000000E+00  0.0000000E+00  0.0000000E+00  0.0000000E+00  0.0000000E+00
           8        1987           6           4 null                                        FERT   0.2772515      0.1925652       50.27113       319.5295       2028.801       13.96471       36.21280       180.3000      0.0000000E+00  0.0000000E+00  0.0000000E+00  0.0000000E+00  0.0000000E+00
           9        1987           6           4 null                                        FERT   0.2772515      0.1925652       95.95463       1502.844       9324.128       6998.095       25.71409       180.3000      0.0000000E+00  0.0000000E+00  0.0000000E+00  0.0000000E+00  0.0000000E+00
          10        1987           6           4 null                                        FERT   0.2772515      0.1925652       96.04108       1496.875       9333.536       5774.415       21.72221       180.3000      0.0000000E+00  0.0000000E+00  0.0000000E+00  0.0000000E+00  0.0000000E+00
          11        1987           6           4 null                                        FERT   0.2772515      0.1925652       96.27027       1505.399       9371.298       8820.831       36.71976       180.3000      0.0000000E+00  0.0000000E+00  0.0000000E+00  0.0000000E+00  0.0000000E+00
          12        1987           6           4 null                                        FERT   0.2772515      0.1925652       96.10938       1500.437       9341.585       6221.230       24.62116       180.3000      0.0000000E+00  0.0000000E+00  0.0000000E+00  0.0000000E+00  0.0000000E+00
           1        1987          11          10 corn                                        HARV/KILL   0.9521570      0.0000000E+00   10.30663       12772.57       9726.272       11.92000       18.83801       4798.891      0.0000000E+00  0.0000000E+00  0.0000000E+00  0.0000000E+00  0.0000000E+00
           2        1987          11          10 corn                                        HARV/KILL   0.9521570      0.0000000E+00   9.877418       8894.416       6555.431       6.735188       33.92810       3340.973      0.0000000E+00  0.0000000E+00  0.0000000E+00  0.0000000E+00  0.0000000E+00
           3        1987          11          10 corn                                        HARV/KILL   0.9521570      0.0000000E+00   10.58593       28346.70       20772.42       4949.053       10.30278       10658.05      0.0000000E+00  0.0000000E+00  0.0000000E+00  0.0000000E+00  0.0000000E+00
           4        1987          11          10 corn                                        HARV/KILL   0.9521570      0.0000000E+00   10.58594       28347.96       20773.31       5344.617       10.19560       10658.89      0.0000000E+00  0.0000000E+00  0.0000000E+00  0.0000000E+00  0.0000000E+00
           5        1987          11          10 corn                                        HARV/KILL   0.9521570      0.0000000E+00   10.58593       28355.21       20779.84       6929.557       15.40284       10661.51      0.0000000E+00  0.0000000E+00  0.0000000E+00  0.0000000E+00  0.0000000E+00
           6        1987          11          10 corn                                        HARV/KILL   0.9521570      0.0000000E+00   10.58593       28359.09       20783.09       7107.182       15.89798       10663.39      0.0000000E+00  0.0000000E+00  0.0000000E+00  0.0000000E+00  0.0000000E+00
           7        1987          11          10 corn                                        HARV/KILL   0.9521570      0.0000000E+00   10.30215       12694.17       9633.349       11.93639       18.95049       4769.258      0.0000000E+00  0.0000000E+00  0.0000000E+00  0.0000000E+00  0.0000000E+00
           8        1987          11          10 corn                                        HARV/KILL   0.9521570      0.0000000E+00   9.518252       6312.858       4585.308       3.966374       34.44875       2368.835      0.0000000E+00  0.0000000E+00  0.0000000E+00  0.0000000E+00  0.0000000E+00
           9        1987          11          10 corn                                        HARV/KILL   0.9521570      0.0000000E+00   10.58592       28365.51       20788.77       7341.964       17.87490       10666.12      0.0000000E+00  0.0000000E+00  0.0000000E+00  0.0000000E+00  0.0000000E+00
          10        1987          11          10 corn                                        HARV/KILL   0.9521570      0.0000000E+00   10.58594       28376.88       20801.06       6061.127       13.73559       10672.02      0.0000000E+00  0.0000000E+00  0.0000000E+00  0.0000000E+00  0.0000000E+00
          11        1987          11          10 corn                                        HARV/KILL   0.9521570      0.0000000E+00   10.58582       28408.58       20849.43       9329.626       29.07205       10686.04      0.0000000E+00  0.0000000E+00  0.0000000E+00  0.0000000E+00  0.0000000E+00
          12        1987          11          10 corn                                        HARV/KILL   0.9521570      0.0000000E+00   10.58591       28386.94       20812.50       6531.072       16.73172       10676.45      0.0000000E+00  0.0000000E+00  0.0000000E+00  0.0000000E+00  0.0000000E+00
           1        1987          11          12 null                                        FERT   3.8878303E-03  0.0000000E+00   6.355957      0.0000000E+00   9726.541       12.21978       18.86834       152.7000      0.0000000E+00  0.0000000E+00  0.0000000E+00  0.0000000E+00  0.0000000E+00
           2        1987          11          12 null                                        FERT   3.8878303E-03  0.0000000E+00   5.737501      0.0000000E+00   6555.699       6.942796       33.94812       152.7000      0.0000000E+00  0.0000000E+00  0.0000000E+00  0.0000000E+00  0.0000000E+00
           3        1987          11          12 null                                        FERT   3.8878303E-03  0.0000000E+00   8.071282      0.0000000E+00   20772.69       4950.527       10.37158       152.7000      0.0000000E+00  0.0000000E+00  0.0000000E+00  0.0000000E+00  0.0000000E+00
           4        1987          11          12 null                                        FERT   3.8878303E-03  0.0000000E+00   8.071405      0.0000000E+00   20773.58       5346.150       10.26415       152.7000      0.0000000E+00  0.0000000E+00  0.0000000E+00  0.0000000E+00  0.0000000E+00
           5        1987          11          12 null                                        FERT   3.8878303E-03  0.0000000E+00   8.072210      0.0000000E+00   20780.11       6931.284       15.47174       152.7000      0.0000000E+00  0.0000000E+00  0.0000000E+00  0.0000000E+00  0.0000000E+00
           6        1987          11          12 null                                        FERT   3.8878303E-03  0.0000000E+00   8.072625      0.0000000E+00   20783.36       7108.933       15.96675       152.7000      0.0000000E+00  0.0000000E+00  0.0000000E+00  0.0000000E+00  0.0000000E+00
           7        1987          11          12 null                                        FERT   3.8878303E-03  0.0000000E+00   6.340363      0.0000000E+00   9633.617       12.23543       18.98055       152.7000      0.0000000E+00  0.0000000E+00  0.0000000E+00  0.0000000E+00  0.0000000E+00
           8        1987          11          12 null                                        FERT   3.8878303E-03  0.0000000E+00   5.259372      0.0000000E+00   4585.577       4.113764       34.46295       152.7000      0.0000000E+00  0.0000000E+00  0.0000000E+00  0.0000000E+00  0.0000000E+00
           9        1987          11          12 null                                        FERT   3.8878303E-03  0.0000000E+00   8.073326      0.0000000E+00   20789.04       7343.763       17.94371       152.7000      0.0000000E+00  0.0000000E+00  0.0000000E+00  0.0000000E+00  0.0000000E+00
          10        1987          11          12 null                                        FERT   3.8878303E-03  0.0000000E+00   8.074888      0.0000000E+00   20801.33       6062.756       13.80427       152.7000      0.0000000E+00  0.0000000E+00  0.0000000E+00  0.0000000E+00  0.0000000E+00
          11        1987          11          12 null                                        FERT   3.8878303E-03  0.0000000E+00   8.080837      0.0000000E+00   20849.70       9331.701       29.13794       152.7000      0.0000000E+00  0.0000000E+00  0.0000000E+00  0.0000000E+00  0.0000000E+00
          12        1987          11          12 null                                        FERT   3.8878303E-03  0.0000000E+00   8.076293      0.0000000E+00   20812.77       6532.775       16.80080       152.7000      0.0000000E+00  0.0000000E+00  0.0000000E+00  0.0000000E+00  0.0000000E+00
           1        1987          11          16 fldcult             TILLAGE   1.0955385E-02  0.0000000E+00   3.178770      0.0000000E+00   6808.391       12.81494       18.92665      0.3000000    
           2        1987          11          16 fldcult             TILLAGE   1.0955385E-02  0.0000000E+00   2.601404      0.0000000E+00   4588.801       7.356392       33.98786      0.3000000    
           3        1987          11          16 fldcult             TILLAGE   1.0955385E-02  0.0000000E+00   5.107361      0.0000000E+00   14540.69       4953.455       10.50524      0.3000000    
           4        1987          11          16 fldcult             TILLAGE   1.0955385E-02  0.0000000E+00   5.107502      0.0000000E+00   14541.32       5349.190       10.39754      0.3000000    
           5        1987          11          16 fldcult             TILLAGE   1.0955385E-02  0.0000000E+00   5.108530      0.0000000E+00   14545.89       6934.750       15.60526      0.3000000    
           6        1987          11          16 fldcult             TILLAGE   1.0955385E-02  0.0000000E+00   5.109041      0.0000000E+00   14548.16       7112.451       16.10003      0.3000000    
           7        1987          11          16 fldcult             TILLAGE   1.0955385E-02  0.0000000E+00   3.160960      0.0000000E+00   6743.344       12.82983       19.03839      0.3000000    
           8        1987          11          16 fldcult             TILLAGE   1.0955385E-02  0.0000000E+00   2.240997      0.0000000E+00   3209.716       4.400637       34.49110      0.3000000    
           9        1987          11          16 fldcult             TILLAGE   1.0955385E-02  0.0000000E+00   5.109938      0.0000000E+00   14552.14       7347.362       18.07682      0.3000000    
          10        1987          11          16 fldcult             TILLAGE   1.0955385E-02  0.0000000E+00   5.111873      0.0000000E+00   14560.74       6065.996       13.93760      0.3000000    
          11        1987          11          16 fldcult             TILLAGE   1.0955385E-02  0.0000000E+00   5.119483      0.0000000E+00   14594.60       9335.858       29.26536      0.3000000    
          12        1987          11          16 fldcult             TILLAGE   1.0955385E-02  0.0000000E+00   5.113672      0.0000000E+00   14568.75       6536.148       16.93467      0.3000000    
           1        1988           4          16 fldcult             TILLAGE   0.1187877      0.0000000E+00  0.9401901      0.0000000E+00   3812.699       14.95818       20.88326      0.3000000    
           2        1988           4          16 fldcult             TILLAGE   0.1187877      0.0000000E+00  0.2920540      0.0000000E+00   2569.729       10.42201       35.28065      0.3000000    
           3        1988           4          16 fldcult             TILLAGE   0.1187877      0.0000000E+00   21.88802      0.0000000E+00   8142.788       5230.797       15.05343      0.3000000    
           4        1988           4          16 fldcult             TILLAGE   0.1187877      0.0000000E+00   20.64707      0.0000000E+00   8143.140       5646.574       14.95403      0.3000000    
           5        1988           4          16 fldcult             TILLAGE   0.1187877      0.0000000E+00   22.27841      0.0000000E+00   8145.697       7315.285       20.23708      0.3000000    
           6        1988           4          16 fldcult             TILLAGE   0.1187877      0.0000000E+00   21.73816      0.0000000E+00   8146.970       7498.167       20.73263      0.3000000    
           7        1988           4          16 fldcult             TILLAGE   0.1187877      0.0000000E+00  0.9213291      0.0000000E+00   3776.273       14.97458       20.98300      0.3000000    
           8        1988           4          16 fldcult             TILLAGE   0.1187877      0.0000000E+00  0.1016259      0.0000000E+00   1797.441       7.181165       35.40279      0.3000000    
           9        1988           4          16 fldcult             TILLAGE   0.1187877      0.0000000E+00   22.77444      0.0000000E+00   8149.200       7738.294       22.66436      0.3000000    
          10        1988           4          16 fldcult             TILLAGE   0.1187877      0.0000000E+00   21.50849      0.0000000E+00   8154.016       6409.636       18.50525      0.3000000    
          11        1988           4          16 fldcult             TILLAGE   0.1187877      0.0000000E+00   24.35405      0.0000000E+00   8172.978       9745.547       33.70102      0.3000000    
          12        1988           4          16 fldcult             TILLAGE   0.1187877      0.0000000E+00   23.52302      0.0000000E+00   8158.502       6891.838       21.52749      0.3000000    
           1        1988           4          30 fldcult             TILLAGE   0.1487129      0.0000000E+00   2.400830      0.0000000E+00   2668.889       17.27095       21.01387      0.3000000    
           2        1988           4          30 fldcult             TILLAGE   0.1487129      0.0000000E+00   2.109806      0.0000000E+00   1798.810       12.03276       35.37096      0.3000000    
           3        1988           4          30 fldcult             TILLAGE   0.1487129      0.0000000E+00   18.00093      0.0000000E+00   5699.951       5261.255       15.42601      0.3000000    
           4        1988           4          30 fldcult             TILLAGE   0.1487129      0.0000000E+00   16.86105      0.0000000E+00   5700.198       5679.179       15.32256      0.3000000    
           5        1988           4          30 fldcult             TILLAGE   0.1487129      0.0000000E+00   18.36034      0.0000000E+00   5701.988       7360.167       20.62588      0.3000000    
           6        1988           4          30 fldcult             TILLAGE   0.1487129      0.0000000E+00   17.86518      0.0000000E+00   5702.879       7543.094       21.12123      0.3000000    
           7        1988           4          30 fldcult             TILLAGE   0.1487129      0.0000000E+00   2.392479      0.0000000E+00   2643.391       17.27678       21.11205      0.3000000    
           8        1988           4          30 fldcult             TILLAGE   0.1487129      0.0000000E+00   1.922767      0.0000000E+00   1258.208       8.297435       35.46609      0.3000000    
           9        1988           4          30 fldcult             TILLAGE   0.1487129      0.0000000E+00   18.81661      0.0000000E+00   5704.440       7783.214       23.05136      0.3000000    
          10        1988           4          30 fldcult             TILLAGE   0.1487129      0.0000000E+00   17.65733      0.0000000E+00   5707.811       6449.359       18.88547      0.3000000    
          11        1988           4          30 fldcult             TILLAGE   0.1487129      0.0000000E+00   20.27274      0.0000000E+00   5721.084       9797.677       34.12346      0.3000000    
          12        1988           4          30 fldcult             TILLAGE   0.1487129      0.0000000E+00   19.50625      0.0000000E+00   5710.951       6936.507       21.92297      0.3000000    
           1        1988           5           6 corn                                        PLANT   0.1697378      0.0000000E+00  7.6590781E-04  0.0000000E+00   2668.963       18.21695       21.06642      0.0000000E+00   6.000000    
           2        1988           5           6 corn                                        PLANT   0.1697378      0.0000000E+00  4.2598369E-04  0.0000000E+00   1798.884       12.69597       35.40767      0.0000000E+00   6.000000    
           3        1988           5           6 corn                                        PLANT   0.1697378      0.0000000E+00   10.65865      0.0000000E+00   5700.025       5274.581       15.56111      0.0000000E+00   6.000000    
           4        1988           5           6 corn                                        PLANT   0.1697378      0.0000000E+00   9.595752      0.0000000E+00   5700.271       5692.629       15.45719      0.0000000E+00   6.000000    
           5        1988           5           6 corn                                        PLANT   0.1697378      0.0000000E+00   10.99134      0.0000000E+00   5702.062       7379.728       20.76527      0.0000000E+00   6.000000    
           6        1988           5           6 corn                                        PLANT   0.1697378      0.0000000E+00   10.52928      0.0000000E+00   5702.953       7562.698       21.26063      0.0000000E+00   6.000000    
           7        1988           5           6 corn                                        PLANT   0.1697378      0.0000000E+00  7.5611862E-04  0.0000000E+00   2643.465       18.22031       21.16396      0.0000000E+00   6.000000    
           8        1988           5           6 corn                                        PLANT   0.1697378      0.0000000E+00  2.4569200E-04  0.0000000E+00   1258.282       8.759451       35.49197      0.0000000E+00   6.000000    
           9        1988           5           6 corn                                        PLANT   0.1697378      0.0000000E+00   11.41358      0.0000000E+00   5704.514       7802.791       23.18845      0.0000000E+00   6.000000    
          10        1988           5           6 corn                                        PLANT   0.1697378      0.0000000E+00   10.33069      0.0000000E+00   5707.885       6462.848       19.02271      0.0000000E+00   6.000000    
          11        1988           5           6 corn                                        PLANT   0.1697378      0.0000000E+00   12.75092      0.0000000E+00   5721.158       9817.385       34.27377      0.0000000E+00   6.000000    
          12        1988           5           6 corn                                        PLANT   0.1697378      0.0000000E+00   12.04855      0.0000000E+00   5711.025       6955.934       22.06506      0.0000000E+00   6.000000    
           1        1988           6          17 null                                        FERT   0.3411365      0.2639695      4.0101938E-02   319.1395       2668.963       19.43528       21.03107       119.5000      0.0000000E+00  0.0000000E+00  0.0000000E+00  0.0000000E+00  0.0000000E+00
           2        1988           6          17 null                                        FERT   0.3411365      0.2639695      4.3463238E-02   171.7607       1798.884       15.41096       35.43537       119.5000      0.0000000E+00  0.0000000E+00  0.0000000E+00  0.0000000E+00  0.0000000E+00
           3        1988           6          17 null                                        FERT   0.3411365      0.2639695      2.4053693E-02   1129.396       5700.025       5309.772       14.96424       119.5000      0.0000000E+00  0.0000000E+00  0.0000000E+00  0.0000000E+00  0.0000000E+00
           4        1988           6          17 null                                        FERT   0.3411365      0.2639695      2.4174668E-02   1110.197       5700.271       5729.126       14.87230       119.5000      0.0000000E+00  0.0000000E+00  0.0000000E+00  0.0000000E+00  0.0000000E+00
           5        1988           6          17 null                                        FERT   0.3411365      0.2639695      2.3941547E-02   1154.656       5702.062       7427.844       20.15722       119.5000      0.0000000E+00  0.0000000E+00  0.0000000E+00  0.0000000E+00  0.0000000E+00
           6        1988           6          17 null                                        FERT   0.3411365      0.2639695      2.4060696E-02   1130.842       5702.953       7615.895       20.68060       119.5000      0.0000000E+00  0.0000000E+00  0.0000000E+00  0.0000000E+00  0.0000000E+00
           7        1988           6          17 null                                        FERT   0.3411365      0.2639695      4.0199205E-02   311.0645       2643.465       19.52390       21.13252       119.5000      0.0000000E+00  0.0000000E+00  0.0000000E+00  0.0000000E+00  0.0000000E+00
           8        1988           6          17 null                                        FERT   0.3411365      0.2639695      4.3927915E-02   115.6682       1258.282       11.25771       35.52171       119.5000      0.0000000E+00  0.0000000E+00  0.0000000E+00  0.0000000E+00  0.0000000E+00
           9        1988           6          17 null                                        FERT   0.3411365      0.2639695      2.3817733E-02   1176.437       5704.514       7861.346       22.53948       119.5000      0.0000000E+00  0.0000000E+00  0.0000000E+00  0.0000000E+00  0.0000000E+00
          10        1988           6          17 null                                        FERT   0.3411365      0.2639695      2.4085358E-02   1123.342       5707.885       6506.046       18.44097       119.5000      0.0000000E+00  0.0000000E+00  0.0000000E+00  0.0000000E+00  0.0000000E+00
          11        1988           6          17 null                                        FERT   0.3411365      0.2639695      2.3497477E-02   1225.166       5721.158       9899.908       33.60157       119.5000      0.0000000E+00  0.0000000E+00  0.0000000E+00  0.0000000E+00  0.0000000E+00
          12        1988           6          17 null                                        FERT   0.3411365      0.2639695      2.3657262E-02   1206.372       5711.025       7003.200       21.41151       119.5000      0.0000000E+00  0.0000000E+00  0.0000000E+00  0.0000000E+00  0.0000000E+00
           1        1988          11           4 corn                                        HARV/KILL   0.9486233      0.0000000E+00  4.9999999E-06   7503.872       6588.970       16.53830       19.06593       1978.865      0.0000000E+00  0.0000000E+00  0.0000000E+00  0.0000000E+00  0.0000000E+00
           2        1988          11           4 corn                                        HARV/KILL   0.9486233      0.0000000E+00  4.9999999E-06   6161.000       5022.418       11.21717       33.59827       1619.933      0.0000000E+00  0.0000000E+00  0.0000000E+00  0.0000000E+00  0.0000000E+00
           3        1988          11           4 corn                                        HARV/KILL   0.9486233      0.0000000E+00  4.9999999E-06   10871.74       11337.02       5480.231       13.87313       2907.307      0.0000000E+00  0.0000000E+00  0.0000000E+00  0.0000000E+00  0.0000000E+00
           4        1988          11           4 corn                                        HARV/KILL   0.9486233      0.0000000E+00  4.9999999E-06   10849.51       11326.50       5908.687       13.75883       2900.637      0.0000000E+00  0.0000000E+00  0.0000000E+00  0.0000000E+00  0.0000000E+00
           5        1988          11           4 corn                                        HARV/KILL   0.9486233      0.0000000E+00  4.9999999E-06   10899.89       11352.91       7642.692       19.18160       2915.541      0.0000000E+00  0.0000000E+00  0.0000000E+00  0.0000000E+00  0.0000000E+00
           6        1988          11           4 corn                                        HARV/KILL   0.9486233      0.0000000E+00  4.9999999E-06   10873.11       11340.67       7836.581       19.68689       2907.660      0.0000000E+00  0.0000000E+00  0.0000000E+00  0.0000000E+00  0.0000000E+00
           7        1988          11           4 corn                                        HARV/KILL   0.9486233      0.0000000E+00  4.9999999E-06   7484.691       6553.620       16.53889       19.15810       1973.648      0.0000000E+00  0.0000000E+00  0.0000000E+00  0.0000000E+00  0.0000000E+00
           8        1988          11           4 corn                                        HARV/KILL   0.9486233      0.0000000E+00  4.9999999E-06   4459.476       3591.941       8.120076       34.16031       1172.156      0.0000000E+00  0.0000000E+00  0.0000000E+00  0.0000000E+00  0.0000000E+00
           9        1988          11           4 corn                                        HARV/KILL   0.9486233      0.0000000E+00  4.9999999E-06   10924.62       11367.43       8089.816       21.54101       2922.869      0.0000000E+00  0.0000000E+00  0.0000000E+00  0.0000000E+00  0.0000000E+00
          10        1988          11           4 corn                                        HARV/KILL   0.9486233      0.0000000E+00  4.9999999E-06   10865.04       11341.57       6699.321       17.39659       2905.365      0.0000000E+00  0.0000000E+00  0.0000000E+00  0.0000000E+00  0.0000000E+00
          11        1988          11           4 corn                                        HARV/KILL   0.9486233      0.0000000E+00  4.9999999E-06   10980.25       11411.17       10245.38       32.81273       2939.405      0.0000000E+00  0.0000000E+00  0.0000000E+00  0.0000000E+00  0.0000000E+00
          12        1988          11           4 corn                                        HARV/KILL   0.9486233      0.0000000E+00  4.9999999E-06   10957.91       11390.33       7211.541       20.48556       2932.595      0.0000000E+00  0.0000000E+00  0.0000000E+00  0.0000000E+00  0.0000000E+00
           1        1988          11          21 null                                        FERT   1.6414935E-02  0.0000000E+00   33.71726      0.0000000E+00   6589.044       17.25298       19.27631       167.9600      0.0000000E+00  0.0000000E+00  0.0000000E+00  0.0000000E+00  0.0000000E+00
           2        1988          11          21 null                                        FERT   1.6414935E-02  0.0000000E+00   32.32167      0.0000000E+00   5022.492       11.85646       33.75917       167.9600      0.0000000E+00  0.0000000E+00  0.0000000E+00  0.0000000E+00  0.0000000E+00
           3        1988          11          21 null                                        FERT   1.6414935E-02  0.0000000E+00   37.38170      0.0000000E+00   11337.09       5497.780       14.24909       167.9600      0.0000000E+00  0.0000000E+00  0.0000000E+00  0.0000000E+00  0.0000000E+00
           4        1988          11          21 null                                        FERT   1.6414935E-02  0.0000000E+00   37.37484      0.0000000E+00   11326.58       5927.336       14.13492       167.9600      0.0000000E+00  0.0000000E+00  0.0000000E+00  0.0000000E+00  0.0000000E+00
           5        1988          11          21 null                                        FERT   1.6414935E-02  0.0000000E+00   37.39270      0.0000000E+00   11352.98       7664.595       19.56651       167.9600      0.0000000E+00  0.0000000E+00  0.0000000E+00  0.0000000E+00  0.0000000E+00
           6        1988          11          21 null                                        FERT   1.6414935E-02  0.0000000E+00   37.38438      0.0000000E+00   11340.75       7858.496       20.07142       167.9600      0.0000000E+00  0.0000000E+00  0.0000000E+00  0.0000000E+00  0.0000000E+00
           7        1988          11          21 null                                        FERT   1.6414935E-02  0.0000000E+00   33.68704      0.0000000E+00   6553.694       17.25528       19.36745       167.9600      0.0000000E+00  0.0000000E+00  0.0000000E+00  0.0000000E+00  0.0000000E+00
           8        1988          11          21 null                                        FERT   1.6414935E-02  0.0000000E+00   30.96087      0.0000000E+00   3592.014       8.583466       34.27509       167.9600      0.0000000E+00  0.0000000E+00  0.0000000E+00  0.0000000E+00  0.0000000E+00
           9        1988          11          21 null                                        FERT   1.6414935E-02  0.0000000E+00   37.40247      0.0000000E+00   11367.50       8111.763       21.92032       167.9600      0.0000000E+00  0.0000000E+00  0.0000000E+00  0.0000000E+00  0.0000000E+00
          10        1988          11          21 null                                        FERT   1.6414935E-02  0.0000000E+00   37.38507      0.0000000E+00   11341.64       6718.208       17.77719       167.9600      0.0000000E+00  0.0000000E+00  0.0000000E+00  0.0000000E+00  0.0000000E+00
          11        1988          11          21 null                                        FERT   1.6414935E-02  0.0000000E+00   37.43012      0.0000000E+00   11411.25       10270.89       33.19882       167.9600      0.0000000E+00  0.0000000E+00  0.0000000E+00  0.0000000E+00  0.0000000E+00
          12        1988          11          21 null                                        FERT   1.6414935E-02  0.0000000E+00   37.41803      0.0000000E+00   11390.41       7232.513       20.86825       167.9600      0.0000000E+00  0.0000000E+00  0.0000000E+00  0.0000000E+00  0.0000000E+00
           1        1989           3          31 fldcult             TILLAGE   6.6689953E-02  0.0000000E+00  0.6570179      0.0000000E+00   3689.823       21.15948       20.57570      0.3000000    
           2        1989           3          31 fldcult             TILLAGE   6.6689953E-02  0.0000000E+00  0.5960048      0.0000000E+00   2812.554       15.45850       34.73009      0.3000000    
           3        1989           3          31 fldcult             TILLAGE   6.6689953E-02  0.0000000E+00   6.142431      0.0000000E+00   6348.731       5744.729       16.57235      0.3000000    
           4        1989           3          31 fldcult             TILLAGE   6.6689953E-02  0.0000000E+00   6.150839      0.0000000E+00   6342.842       6184.810       16.47367      0.3000000    
           5        1989           3          31 fldcult             TILLAGE   6.6689953E-02  0.0000000E+00   6.301241      0.0000000E+00   6357.629       7945.438       21.95013      0.3000000    
           6        1989           3          31 fldcult             TILLAGE   6.6689953E-02  0.0000000E+00   6.087978      0.0000000E+00   6350.778       8140.341       22.44824      0.3000000    
           7        1989           3          31 fldcult             TILLAGE   6.6689953E-02  0.0000000E+00  0.6556783      0.0000000E+00   3670.027       21.26155       20.66278      0.3000000    
           8        1989           3          31 fldcult             TILLAGE   6.6689953E-02  0.0000000E+00  0.5368800      0.0000000E+00   2011.487       11.73870       34.97102      0.3000000    
           9        1989           3          31 fldcult             TILLAGE   6.6689953E-02  0.0000000E+00   6.574288      0.0000000E+00   6365.761       8394.508       24.27532      0.3000000    
          10        1989           3          31 fldcult             TILLAGE   6.6689953E-02  0.0000000E+00   6.090814      0.0000000E+00   6351.277       6984.837       20.12567      0.3000000    
          11        1989           3          31 fldcult             TILLAGE   6.6689953E-02  0.0000000E+00   5.356818      0.0000000E+00   6390.258       10586.86       35.48082      0.3000000    
          12        1989           3          31 fldcult             TILLAGE   6.6689953E-02  0.0000000E+00   5.970561      0.0000000E+00   6378.587       7505.200       23.19868      0.3000000    
           1        1989           4          16 null                                        FERT   0.1058796      0.0000000E+00  0.1299381      0.0000000E+00   3689.865       23.14773       20.70538       38.30000      0.0000000E+00  0.0000000E+00  0.0000000E+00  0.0000000E+00  0.0000000E+00
           2        1989           4          16 null                                        FERT   0.1058796      0.0000000E+00  9.9289723E-02  0.0000000E+00   2812.595       16.83329       34.82933       38.30000      0.0000000E+00  0.0000000E+00  0.0000000E+00  0.0000000E+00  0.0000000E+00
           3        1989           4          16 null                                        FERT   0.1058796      0.0000000E+00  0.5835794      0.0000000E+00   6348.773       5767.352       16.81482       38.30000      0.0000000E+00  0.0000000E+00  0.0000000E+00  0.0000000E+00  0.0000000E+00
           4        1989           4          16 null                                        FERT   0.1058796      0.0000000E+00  0.5828072      0.0000000E+00   6342.884       6208.805       16.71371       38.30000      0.0000000E+00  0.0000000E+00  0.0000000E+00  0.0000000E+00  0.0000000E+00
           5        1989           4          16 null                                        FERT   0.1058796      0.0000000E+00  0.6049806      0.0000000E+00   6357.671       7976.445       22.20293       38.30000      0.0000000E+00  0.0000000E+00  0.0000000E+00  0.0000000E+00  0.0000000E+00
           6        1989           4          16 null                                        FERT   0.1058796      0.0000000E+00  0.5819105      0.0000000E+00   6350.819       8170.836       22.68835       38.30000      0.0000000E+00  0.0000000E+00  0.0000000E+00  0.0000000E+00  0.0000000E+00
           7        1989           4          16 null                                        FERT   0.1058796      0.0000000E+00  0.1292492      0.0000000E+00   3670.068       23.25012       20.79128       38.30000      0.0000000E+00  0.0000000E+00  0.0000000E+00  0.0000000E+00  0.0000000E+00
           8        1989           4          16 null                                        FERT   0.1058796      0.0000000E+00  7.1808763E-02  0.0000000E+00   2011.528       12.68408       35.04134       38.30000      0.0000000E+00  0.0000000E+00  0.0000000E+00  0.0000000E+00  0.0000000E+00
           9        1989           4          16 null                                        FERT   0.1058796      0.0000000E+00  0.6580275      0.0000000E+00   6365.802       8426.458       24.53173       38.30000      0.0000000E+00  0.0000000E+00  0.0000000E+00  0.0000000E+00  0.0000000E+00
          10        1989           4          16 null                                        FERT   0.1058796      0.0000000E+00  0.5819727      0.0000000E+00   6351.318       7011.457       20.37070       38.30000      0.0000000E+00  0.0000000E+00  0.0000000E+00  0.0000000E+00  0.0000000E+00
          11        1989           4          16 null                                        FERT   0.1058796      0.0000000E+00  0.5819913      0.0000000E+00   6390.300       10621.21       35.73884       38.30000      0.0000000E+00  0.0000000E+00  0.0000000E+00  0.0000000E+00  0.0000000E+00
          12        1989           4          16 null                                        FERT   0.1058796      0.0000000E+00  0.5826767      0.0000000E+00   6378.629       7532.409       23.43891       38.30000      0.0000000E+00  0.0000000E+00  0.0000000E+00  0.0000000E+00  0.0000000E+00
           1        1989           5           5 corn                                        PLANT   0.1563408      0.0000000E+00   15.31293      0.0000000E+00   3689.865       22.62064       20.87850      0.0000000E+00   6.000000    
           2        1989           5           5 corn                                        PLANT   0.1563408      0.0000000E+00   14.17396      0.0000000E+00   2812.595       16.23217       34.96140      0.0000000E+00   6.000000    
           3        1989           5           5 corn                                        PLANT   0.1563408      0.0000000E+00   18.41974      0.0000000E+00   6348.773       5789.217       17.10903      0.0000000E+00   6.000000    
           4        1989           5           5 corn                                        PLANT   0.1563408      0.0000000E+00   18.41348      0.0000000E+00   6342.884       6232.853       17.00469      0.0000000E+00   6.000000    
           5        1989           5           5 corn                                        PLANT   0.1563408      0.0000000E+00   18.42959      0.0000000E+00   6357.671       8002.958       22.50553      0.0000000E+00   6.000000    
           6        1989           5           5 corn                                        PLANT   0.1563408      0.0000000E+00   18.42211      0.0000000E+00   6350.819       8198.058       22.98211      0.0000000E+00   6.000000    
           7        1989           5           5 corn                                        PLANT   0.1563408      0.0000000E+00   15.28833      0.0000000E+00   3670.068       22.69991       20.96273      0.0000000E+00   6.000000    
           8        1989           5           5 corn                                        PLANT   0.1563408      0.0000000E+00   12.99436      0.0000000E+00   2011.528       12.20637       35.13478      0.0000000E+00   6.000000    
           9        1989           5           5 corn                                        PLANT   0.1563408      0.0000000E+00   18.43843      0.0000000E+00   6365.802       8455.305       24.83658      0.0000000E+00   6.000000    
          10        1989           5           5 corn                                        PLANT   0.1563408      0.0000000E+00   18.42273      0.0000000E+00   6351.318       7037.483       20.67121      0.0000000E+00   6.000000    
          11        1989           5           5 corn                                        PLANT   0.1563408      0.0000000E+00   18.46478      0.0000000E+00   6390.300       10654.21       36.07641      0.0000000E+00   6.000000    
          12        1989           5           5 corn                                        PLANT   0.1563408      0.0000000E+00   18.45296      0.0000000E+00   6378.629       7558.228       23.73612      0.0000000E+00   6.000000    
           1        1989           6          11 null                                        FERT   0.3128293      0.2439480       4.870369       703.4799       3689.865       19.81243       20.25633       123.2000      0.0000000E+00  0.0000000E+00  0.0000000E+00  0.0000000E+00  0.0000000E+00
           2        1989           6          11 null                                        FERT   0.3128293      0.2439480       4.015346       505.1634       2812.595       13.88761       34.53957       123.2000      0.0000000E+00  0.0000000E+00  0.0000000E+00  0.0000000E+00  0.0000000E+00
           3        1989           6          11 null                                        FERT   0.3128293      0.2439480       7.851111       2710.729       6348.773       5793.855       14.03245       123.2000      0.0000000E+00  0.0000000E+00  0.0000000E+00  0.0000000E+00  0.0000000E+00
           4        1989           6          11 null                                        FERT   0.3128293      0.2439480       7.844128       2709.601       6342.884       6237.972       13.92851       123.2000      0.0000000E+00  0.0000000E+00  0.0000000E+00  0.0000000E+00  0.0000000E+00
           5        1989           6          11 null                                        FERT   0.3128293      0.2439480       7.863397       2713.075       6357.671       8025.962       19.42361       123.2000      0.0000000E+00  0.0000000E+00  0.0000000E+00  0.0000000E+00  0.0000000E+00
           6        1989           6          11 null                                        FERT   0.3128293      0.2439480       7.855580       2712.596       6350.819       8222.275       19.89586       123.2000      0.0000000E+00  0.0000000E+00  0.0000000E+00  0.0000000E+00  0.0000000E+00
           7        1989           6          11 null                                        FERT   0.3128293      0.2439480       4.853325       698.8759       3670.068       19.83792       20.34489       123.2000      0.0000000E+00  0.0000000E+00  0.0000000E+00  0.0000000E+00  0.0000000E+00
           8        1989           6          11 null                                        FERT   0.3128293      0.2439480       3.508561       369.3047       2011.528       10.40771       34.82284       123.2000      0.0000000E+00  0.0000000E+00  0.0000000E+00  0.0000000E+00  0.0000000E+00
           9        1989           6          11 null                                        FERT   0.3128293      0.2439480       7.874006       2714.180       6365.802       8481.258       21.77053       123.2000      0.0000000E+00  0.0000000E+00  0.0000000E+00  0.0000000E+00  0.0000000E+00
          10        1989           6          11 null                                        FERT   0.3128293      0.2439480       7.856753       2711.303       6351.318       7055.749       17.60530       123.2000      0.0000000E+00  0.0000000E+00  0.0000000E+00  0.0000000E+00  0.0000000E+00
          11        1989           6          11 null                                        FERT   0.3128293      0.2439480       7.904308       2716.884       6390.300       10704.03       33.05085       123.2000      0.0000000E+00  0.0000000E+00  0.0000000E+00  0.0000000E+00  0.0000000E+00
          12        1989           6          11 null                                        FERT   0.3128293      0.2439480       7.889429       2712.989       6378.629       7579.563       20.65574       123.2000      0.0000000E+00  0.0000000E+00  0.0000000E+00  0.0000000E+00  0.0000000E+00
           1        1989          11           5 corn                                        HARV/KILL   0.9453757      0.0000000E+00   22.31281       5476.491       6532.787       33.36929       19.64403       1461.318      0.0000000E+00  0.0000000E+00  0.0000000E+00  0.0000000E+00  0.0000000E+00
           2        1989          11           5 corn                                        HARV/KILL   0.9453757      0.0000000E+00   22.29570       3959.160       4871.720       21.96315       34.13422       1052.754      0.0000000E+00  0.0000000E+00  0.0000000E+00  0.0000000E+00  0.0000000E+00
           3        1989          11           5 corn                                        HARV/KILL   0.9453757      0.0000000E+00   22.64105       12608.67       12849.93       5962.726       13.70168       3406.453      0.0000000E+00  0.0000000E+00  0.0000000E+00  0.0000000E+00  0.0000000E+00
           4        1989          11           5 corn                                        HARV/KILL   0.9453757      0.0000000E+00   22.63923       12607.27       12843.43       6417.766       13.58297       3405.965      0.0000000E+00  0.0000000E+00  0.0000000E+00  0.0000000E+00  0.0000000E+00
           5        1989          11           5 corn                                        HARV/KILL   0.9453757      0.0000000E+00   22.64421       12611.60       12860.12       8230.691       19.09702       3407.450      0.0000000E+00  0.0000000E+00  0.0000000E+00  0.0000000E+00  0.0000000E+00
           6        1989          11           5 corn                                        HARV/KILL   0.9453757      0.0000000E+00   22.64216       12610.79       12852.99       8433.185       19.57841       3407.102      0.0000000E+00  0.0000000E+00  0.0000000E+00  0.0000000E+00  0.0000000E+00
           7        1989          11           5 corn                                        HARV/KILL   0.9453757      0.0000000E+00   22.31222       5426.359       6487.173       33.54041       19.74351       1447.745      0.0000000E+00  0.0000000E+00  0.0000000E+00  0.0000000E+00  0.0000000E+00
           8        1989          11           5 corn                                        HARV/KILL   0.9453757      0.0000000E+00   22.28705       2861.390       3501.229       13.06023       34.52346       759.4016      0.0000000E+00  0.0000000E+00  0.0000000E+00  0.0000000E+00  0.0000000E+00
           9        1989          11           5 corn                                        HARV/KILL   0.9453757      0.0000000E+00   22.64675       12613.22       12868.91       8695.874       21.54292       3408.051      0.0000000E+00  0.0000000E+00  0.0000000E+00  0.0000000E+00  0.0000000E+00
          10        1989          11           5 corn                                        HARV/KILL   0.9453757      0.0000000E+00   22.64202       12609.63       12852.88       7247.561       17.31172       3406.795      0.0000000E+00  0.0000000E+00  0.0000000E+00  0.0000000E+00  0.0000000E+00
          11        1989          11           5 corn                                        HARV/KILL   0.9453757      0.0000000E+00   22.65302       12617.23       12895.04       11038.13       32.98299       3409.551      0.0000000E+00  0.0000000E+00  0.0000000E+00  0.0000000E+00  0.0000000E+00
          12        1989          11           5 corn                                        HARV/KILL   0.9453757      0.0000000E+00   22.65006       12612.81       12881.29       7780.571       20.35210       3408.172      0.0000000E+00  0.0000000E+00  0.0000000E+00  0.0000000E+00  0.0000000E+00
           1        1989          11          10 chisplow            TILLAGE   4.6347496E-03  0.0000000E+00   13.30412      0.0000000E+00   4572.951       33.65396       19.69263      0.3000000    
           2        1989          11          10 chisplow            TILLAGE   4.6347496E-03  0.0000000E+00   12.68529      0.0000000E+00   3410.204       22.20196       34.16952      0.3000000    
           3        1989          11          10 chisplow            TILLAGE   4.6347496E-03  0.0000000E+00   15.59387      0.0000000E+00   8994.950       5968.972       13.80247      0.3000000    
           4        1989          11          10 chisplow            TILLAGE   4.6347496E-03  0.0000000E+00   15.59070      0.0000000E+00   8990.400       6424.060       13.68403      0.3000000    
           5        1989          11          10 chisplow            TILLAGE   4.6347496E-03  0.0000000E+00   15.59915      0.0000000E+00   9002.087       8241.174       19.20009      0.3000000    
           6        1989          11          10 chisplow            TILLAGE   4.6347496E-03  0.0000000E+00   15.59559      0.0000000E+00   8997.090       8443.685       19.68213      0.3000000    
           7        1989          11          10 chisplow            TILLAGE   4.6347496E-03  0.0000000E+00   13.28749      0.0000000E+00   4541.021       33.81664       19.79181      0.3000000    
           8        1989          11          10 chisplow            TILLAGE   4.6347496E-03  0.0000000E+00   12.17365      0.0000000E+00   2450.860       13.22763       34.54880      0.3000000    
           9        1989          11          10 chisplow            TILLAGE   4.6347496E-03  0.0000000E+00   15.60352      0.0000000E+00   9008.238       8707.408       21.64886      0.3000000    
          10        1989          11          10 chisplow            TILLAGE   4.6347496E-03  0.0000000E+00   15.59547      0.0000000E+00   8997.020       7253.962       17.41226      0.3000000    
          11        1989          11          10 chisplow            TILLAGE   4.6347496E-03  0.0000000E+00   15.61532      0.0000000E+00   9026.528       11050.08       33.08910      0.3000000    
          12        1989          11          10 chisplow            TILLAGE   4.6347496E-03  0.0000000E+00   15.60951      0.0000000E+00   9016.903       7788.038       20.45472      0.3000000    
           1        1989          12           2 null                                        FERT   3.0516908E-02  0.0000000E+00   1.829943      0.0000000E+00   4572.979       36.46962       19.89330       147.7000      0.0000000E+00  0.0000000E+00  0.0000000E+00  0.0000000E+00  0.0000000E+00
           2        1989          12           2 null                                        FERT   3.0516908E-02  0.0000000E+00   1.378811      0.0000000E+00   3410.233       24.33902       34.31660       147.7000      0.0000000E+00  0.0000000E+00  0.0000000E+00  0.0000000E+00  0.0000000E+00
           3        1989          12           2 null                                        FERT   3.0516908E-02  0.0000000E+00   3.491680      0.0000000E+00   8994.979       5991.925       14.22236       147.7000      0.0000000E+00  0.0000000E+00  0.0000000E+00  0.0000000E+00  0.0000000E+00
           4        1989          12           2 null                                        FERT   3.0516908E-02  0.0000000E+00   3.489836      0.0000000E+00   8990.430       6448.542       14.09843       147.7000      0.0000000E+00  0.0000000E+00  0.0000000E+00  0.0000000E+00  0.0000000E+00
           5        1989          12           2 null                                        FERT   3.0516908E-02  0.0000000E+00   3.494572      0.0000000E+00   9002.116       8268.653       19.61379       147.7000      0.0000000E+00  0.0000000E+00  0.0000000E+00  0.0000000E+00  0.0000000E+00
           6        1989          12           2 null                                        FERT   3.0516908E-02  0.0000000E+00   3.492557      0.0000000E+00   8997.119       8471.409       20.09700       147.7000      0.0000000E+00  0.0000000E+00  0.0000000E+00  0.0000000E+00  0.0000000E+00
           7        1989          12           2 null                                        FERT   3.0516908E-02  0.0000000E+00   1.817690      0.0000000E+00   4541.050       36.61584       19.99103       147.7000      0.0000000E+00  0.0000000E+00  0.0000000E+00  0.0000000E+00  0.0000000E+00
           8        1989          12           2 null                                        FERT   3.0516908E-02  0.0000000E+00   1.000149      0.0000000E+00   2450.889       14.72566       34.65456       147.7000      0.0000000E+00  0.0000000E+00  0.0000000E+00  0.0000000E+00  0.0000000E+00
           9        1989          12           2 null                                        FERT   3.0516908E-02  0.0000000E+00   3.497057      0.0000000E+00   9008.268       8735.490       22.07450       147.7000      0.0000000E+00  0.0000000E+00  0.0000000E+00  0.0000000E+00  0.0000000E+00
          10        1989          12           2 null                                        FERT   3.0516908E-02  0.0000000E+00   3.492506      0.0000000E+00   8997.049       7280.386       17.81903       147.7000      0.0000000E+00  0.0000000E+00  0.0000000E+00  0.0000000E+00  0.0000000E+00
          11        1989          12           2 null                                        FERT   3.0516908E-02  0.0000000E+00   3.504434      0.0000000E+00   9026.558       11085.94       33.51845       147.7000      0.0000000E+00  0.0000000E+00  0.0000000E+00  0.0000000E+00  0.0000000E+00
          12        1989          12           2 null                                        FERT   3.0516908E-02  0.0000000E+00   3.500522      0.0000000E+00   9016.933       7815.145       20.87119       147.7000      0.0000000E+00  0.0000000E+00  0.0000000E+00  0.0000000E+00  0.0000000E+00
           1        1990           4           1 fldcult             TILLAGE   8.1058443E-02  0.0000000E+00   81.48013      0.0000000E+00   2560.852       47.04402       20.73516      0.3000000    
           2        1990           4           1 fldcult             TILLAGE   8.1058443E-02  0.0000000E+00   79.23936      0.0000000E+00   1909.714       30.90678       34.93531      0.3000000    
           3        1990           4           1 fldcult             TILLAGE   8.1058443E-02  0.0000000E+00   89.70487      0.0000000E+00   5037.172       6129.879       15.91239      0.3000000    
           4        1990           4           1 fldcult             TILLAGE   8.1058443E-02  0.0000000E+00   89.70272      0.0000000E+00   5034.624       6589.924       15.80367      0.3000000    
           5        1990           4           1 fldcult             TILLAGE   8.1058443E-02  0.0000000E+00   89.72041      0.0000000E+00   5041.168       8435.156       21.30600      0.3000000    
           6        1990           4           1 fldcult             TILLAGE   8.1058443E-02  0.0000000E+00   89.71655      0.0000000E+00   5038.370       8640.913       21.80117      0.3000000    
           7        1990           4           1 fldcult             TILLAGE   8.1058443E-02  0.0000000E+00   81.41731      0.0000000E+00   2542.972       47.12420       20.82848      0.3000000    
           8        1990           4           1 fldcult             TILLAGE   8.1058443E-02  0.0000000E+00   77.35346      0.0000000E+00   1372.482       18.21973       35.09941      0.3000000    
           9        1990           4           1 fldcult             TILLAGE   8.1058443E-02  0.0000000E+00   89.73697      0.0000000E+00   5044.613       8907.306       23.80264      0.3000000    
          10        1990           4           1 fldcult             TILLAGE   8.1058443E-02  0.0000000E+00   89.72809      0.0000000E+00   5038.331       7431.287       19.47769      0.3000000    
          11        1990           4           1 fldcult             TILLAGE   8.1058443E-02  0.0000000E+00   89.77814      0.0000000E+00   5054.856       11279.22       35.27354      0.3000000    
          12        1990           4           1 fldcult             TILLAGE   8.1058443E-02  0.0000000E+00   89.76299      0.0000000E+00   5049.466       7973.540       22.56830      0.3000000    
           1        1990           4          28 corn                                        PLANT   0.1503247      0.0000000E+00   45.27081      0.0000000E+00   2560.868       47.77454       20.97223      0.0000000E+00   6.000000    
           2        1990           4          28 corn                                        PLANT   0.1503247      0.0000000E+00   43.43880      0.0000000E+00   1909.730       31.37517       35.11406      0.0000000E+00   6.000000    
           3        1990           4          28 corn                                        PLANT   0.1503247      0.0000000E+00   52.61470      0.0000000E+00   5037.188       6211.501       16.38950      0.0000000E+00   6.000000    
           4        1990           4          28 corn                                        PLANT   0.1503247      0.0000000E+00   52.61048      0.0000000E+00   5034.640       6677.354       16.29025      0.0000000E+00   6.000000    
           5        1990           4          28 corn                                        PLANT   0.1503247      0.0000000E+00   52.62766      0.0000000E+00   5041.185       8541.719       21.82945      0.0000000E+00   6.000000    
           6        1990           4          28 corn                                        PLANT   0.1503247      0.0000000E+00   52.62224      0.0000000E+00   5038.386       8747.347       22.33031      0.0000000E+00   6.000000    
           7        1990           4          28 corn                                        PLANT   0.1503247      0.0000000E+00   45.21986      0.0000000E+00   2542.988       47.84053       21.06441      0.0000000E+00   6.000000    
           8        1990           4          28 corn                                        PLANT   0.1503247      0.0000000E+00   41.94340      0.0000000E+00   1372.498       18.58988       35.22408      0.0000000E+00   6.000000    
           9        1990           4          28 corn                                        PLANT   0.1503247      0.0000000E+00   52.64045      0.0000000E+00   5044.629       9013.792       24.34145      0.0000000E+00   6.000000    
          10        1990           4          28 corn                                        PLANT   0.1503247      0.0000000E+00   52.62817      0.0000000E+00   5038.347       7535.724       19.98053      0.0000000E+00   6.000000    
          11        1990           4          28 corn                                        PLANT   0.1503247      0.0000000E+00   52.67429      0.0000000E+00   5054.872       11410.85       35.86568      0.0000000E+00   6.000000    
          12        1990           4          28 corn                                        PLANT   0.1503247      0.0000000E+00   52.65986      0.0000000E+00   5049.482       8078.944       23.08991      0.0000000E+00   6.000000    
           1        1990           6           1 null                                        FERT   0.2716061      0.1592453       128.9643       861.1710       2560.868       26.46726       19.90864       181.4000      0.0000000E+00  0.0000000E+00  0.0000000E+00  0.0000000E+00  0.0000000E+00
           2        1990           6           1 null                                        FERT   0.2716061      0.1592453       127.4002       795.9612       1909.730       13.31371       34.08017       181.4000      0.0000000E+00  0.0000000E+00  0.0000000E+00  0.0000000E+00  0.0000000E+00
           3        1990           6           1 null                                        FERT   0.2716061      0.1592453       148.5890       881.7729       5037.188       6321.899       15.62303       181.4000      0.0000000E+00  0.0000000E+00  0.0000000E+00  0.0000000E+00  0.0000000E+00
           4        1990           6           1 null                                        FERT   0.2716061      0.1592453       148.8824       879.8761       5034.640       6790.152       15.53274       181.4000      0.0000000E+00  0.0000000E+00  0.0000000E+00  0.0000000E+00  0.0000000E+00
           5        1990           6           1 null                                        FERT   0.2716061      0.1592453       148.8558       885.3538       5041.185       8680.861       21.12052       181.4000      0.0000000E+00  0.0000000E+00  0.0000000E+00  0.0000000E+00  0.0000000E+00
           6        1990           6           1 null                                        FERT   0.2716061      0.1592453       149.2029       884.7764       5038.386       8890.794       21.62886       181.4000      0.0000000E+00  0.0000000E+00  0.0000000E+00  0.0000000E+00  0.0000000E+00
           7        1990           6           1 null                                        FERT   0.2716061      0.1592453       128.6755       860.7051       2542.988       28.59892       19.99997       181.4000      0.0000000E+00  0.0000000E+00  0.0000000E+00  0.0000000E+00  0.0000000E+00
           8        1990           6           1 null                                        FERT   0.2716061      0.1592453       122.1747       427.4951       1372.498       8.273233       34.72971       181.4000      0.0000000E+00  0.0000000E+00  0.0000000E+00  0.0000000E+00  0.0000000E+00
           9        1990           6           1 null                                        FERT   0.2716061      0.1592453       149.5387       886.9041       5044.629       9159.980       23.66609       181.4000      0.0000000E+00  0.0000000E+00  0.0000000E+00  0.0000000E+00  0.0000000E+00
          10        1990           6           1 null                                        FERT   0.2716061      0.1592453       150.9553       882.7754       5038.347       7660.441       19.25161       181.4000      0.0000000E+00  0.0000000E+00  0.0000000E+00  0.0000000E+00  0.0000000E+00
          11        1990           6           1 null                                        FERT   0.2716061      0.1592453       153.2630       888.9122       5054.872       11591.02       35.31825       181.4000      0.0000000E+00  0.0000000E+00  0.0000000E+00  0.0000000E+00  0.0000000E+00
          12        1990           6           1 null                                        FERT   0.2716061      0.1592453       151.6697       885.2123       5049.482       8213.756       22.38382       181.4000      0.0000000E+00  0.0000000E+00  0.0000000E+00  0.0000000E+00  0.0000000E+00
           1        1990          10           7 corn                                        HARV/KILL   0.8812814      0.0000000E+00   16.53269       23709.88       12171.53       10.02636       10.13433       8889.369      0.0000000E+00  0.0000000E+00  0.0000000E+00  0.0000000E+00  0.0000000E+00
           2        1990          10           7 corn                                        HARV/KILL   0.8812814      0.0000000E+00   16.53278       15052.30       8002.732       7.000938       28.32331       5651.380      0.0000000E+00  0.0000000E+00  0.0000000E+00  0.0000000E+00  0.0000000E+00
           3        1990          10           7 corn                                        HARV/KILL   0.8812814      0.0000000E+00   16.53255       36099.63       19635.42       6488.587       1.508296       13567.38      0.0000000E+00  0.0000000E+00  0.0000000E+00  0.0000000E+00  0.0000000E+00
           4        1990          10           7 corn                                        HARV/KILL   0.8812814      0.0000000E+00   16.53267       36188.34       19667.08       6968.973       1.495058       13602.31      0.0000000E+00  0.0000000E+00  0.0000000E+00  0.0000000E+00  0.0000000E+00
           5        1990          10           7 corn                                        HARV/KILL   0.8812814      0.0000000E+00   16.53250       36200.68       19679.01       8927.512       6.023886       13606.57      0.0000000E+00  0.0000000E+00  0.0000000E+00  0.0000000E+00  0.0000000E+00
           6        1990          10           7 corn                                        HARV/KILL   0.8812814      0.0000000E+00   16.53258       36268.33       19701.60       9142.697       6.502719       13633.86      0.0000000E+00  0.0000000E+00  0.0000000E+00  0.0000000E+00  0.0000000E+00
           7        1990          10           7 corn                                        HARV/KILL   0.8812814      0.0000000E+00   16.53274       23998.85       12271.65       10.01567       10.07026       8996.883      0.0000000E+00  0.0000000E+00  0.0000000E+00  0.0000000E+00  0.0000000E+00
           8        1990          10           7 corn                                        HARV/KILL   0.8812814      0.0000000E+00   16.53283       9280.259       5133.008       4.697865       31.08560       3480.497      0.0000000E+00  0.0000000E+00  0.0000000E+00  0.0000000E+00  0.0000000E+00
           9        1990          10           7 corn                                        HARV/KILL   0.8812814      0.0000000E+00   16.53242       36304.84       19720.98       9423.039       8.568509       13649.13      0.0000000E+00  0.0000000E+00  0.0000000E+00  0.0000000E+00  0.0000000E+00
          10        1990          10           7 corn                                        HARV/KILL   0.8812814      0.0000000E+00   16.53262       36481.22       19777.86       7872.922       3.910085       13723.18      0.0000000E+00  0.0000000E+00  0.0000000E+00  0.0000000E+00  0.0000000E+00
          11        1990          10           7 corn                                        HARV/KILL   0.8812814      0.0000000E+00   16.53142       36869.16       19936.80       11964.73       20.05041       13882.71      0.0000000E+00  0.0000000E+00  0.0000000E+00  0.0000000E+00  0.0000000E+00
          12        1990          10           7 corn                                        HARV/KILL   0.8812814      0.0000000E+00   16.53231       36569.65       19820.97       8447.712       7.096618       13760.00      0.0000000E+00  0.0000000E+00  0.0000000E+00  0.0000000E+00  0.0000000E+00
           1        1990          10           9 null                                        FERT   4.4823862E-03  0.0000000E+00   13.40012      0.0000000E+00   12171.54       10.23954       10.19468       142.7000      0.0000000E+00  0.0000000E+00  0.0000000E+00  0.0000000E+00  0.0000000E+00
           2        1990          10           9 null                                        FERT   4.4823862E-03  0.0000000E+00   12.70891      0.0000000E+00   8002.749       7.144581       28.36156       142.7000      0.0000000E+00  0.0000000E+00  0.0000000E+00  0.0000000E+00  0.0000000E+00
           3        1990          10           9 null                                        FERT   4.4823862E-03  0.0000000E+00   14.34486      0.0000000E+00   19635.44       6489.926       1.600224       142.7000      0.0000000E+00  0.0000000E+00  0.0000000E+00  0.0000000E+00  0.0000000E+00
           4        1990          10           9 null                                        FERT   4.4823862E-03  0.0000000E+00   14.34832      0.0000000E+00   19667.09       6970.387       1.585845       142.7000      0.0000000E+00  0.0000000E+00  0.0000000E+00  0.0000000E+00  0.0000000E+00
           5        1990          10           9 null                                        FERT   4.4823862E-03  0.0000000E+00   14.34942      0.0000000E+00   19679.03       8929.099       6.122462       142.7000      0.0000000E+00  0.0000000E+00  0.0000000E+00  0.0000000E+00  0.0000000E+00
           6        1990          10           9 null                                        FERT   4.4823862E-03  0.0000000E+00   14.35187      0.0000000E+00   19701.61       9144.317       6.601330       142.7000      0.0000000E+00  0.0000000E+00  0.0000000E+00  0.0000000E+00  0.0000000E+00
           7        1990          10           9 null                                        FERT   4.4823862E-03  0.0000000E+00   13.41516      0.0000000E+00   12271.67       10.23066       10.13110       142.7000      0.0000000E+00  0.0000000E+00  0.0000000E+00  0.0000000E+00  0.0000000E+00
           8        1990          10           9 null                                        FERT   4.4823862E-03  0.0000000E+00   12.14798      0.0000000E+00   5133.024       4.792484       31.10976       142.7000      0.0000000E+00  0.0000000E+00  0.0000000E+00  0.0000000E+00  0.0000000E+00
           9        1990          10           9 null                                        FERT   4.4823862E-03  0.0000000E+00   14.35375      0.0000000E+00   19721.00       9424.680       8.668148       142.7000      0.0000000E+00  0.0000000E+00  0.0000000E+00  0.0000000E+00  0.0000000E+00
          10        1990          10           9 null                                        FERT   4.4823862E-03  0.0000000E+00   14.35993      0.0000000E+00   19777.87       7874.417       4.008523       142.7000      0.0000000E+00  0.0000000E+00  0.0000000E+00  0.0000000E+00  0.0000000E+00
          11        1990          10           9 null                                        FERT   4.4823862E-03  0.0000000E+00   14.37535      0.0000000E+00   19936.82       11966.67       20.15276       142.7000      0.0000000E+00  0.0000000E+00  0.0000000E+00  0.0000000E+00  0.0000000E+00
          12        1990          10           9 null                                        FERT   4.4823862E-03  0.0000000E+00   14.36414      0.0000000E+00   19820.98       8449.260       7.196270       142.7000      0.0000000E+00  0.0000000E+00  0.0000000E+00  0.0000000E+00  0.0000000E+00
           1        1990          10          11 chisplow            TILLAGE   9.6509187E-03  0.0000000E+00   13.74811      0.0000000E+00   8520.069       10.49457       10.25407      0.3000000    
           2        1990          10          11 chisplow            TILLAGE   9.6509187E-03  0.0000000E+00   12.40316      0.0000000E+00   5601.913       7.317682       28.39912      0.3000000    
           3        1990          10          11 chisplow            TILLAGE   9.6509187E-03  0.0000000E+00   15.91744      0.0000000E+00   13744.80       6491.354       1.690651      0.3000000    
           4        1990          10          11 chisplow            TILLAGE   9.6509187E-03  0.0000000E+00   15.92601      0.0000000E+00   13766.95       6971.882       1.675208      0.3000000    
           5        1990          10          11 chisplow            TILLAGE   9.6509187E-03  0.0000000E+00   15.92902      0.0000000E+00   13775.31       8930.788       6.219384      0.3000000    
           6        1990          10          11 chisplow            TILLAGE   9.6509187E-03  0.0000000E+00   15.93511      0.0000000E+00   13791.12       9146.037       6.698293      0.3000000    
           7        1990          10          11 chisplow            TILLAGE   9.6509187E-03  0.0000000E+00   13.77788      0.0000000E+00   8590.153       10.48621       10.19099      0.3000000    
           8        1990          10          11 chisplow            TILLAGE   9.6509187E-03  0.0000000E+00   11.35704      0.0000000E+00   3593.106       4.908425       31.13343      0.3000000    
           9        1990          10          11 chisplow            TILLAGE   9.6509187E-03  0.0000000E+00   15.94010      0.0000000E+00   13804.69       9426.429       8.766052      0.3000000    
          10        1990          10          11 chisplow            TILLAGE   9.6509187E-03  0.0000000E+00   15.95541      0.0000000E+00   13844.50       7876.003       4.105374      0.3000000    
          11        1990          10          11 chisplow            TILLAGE   9.6509187E-03  0.0000000E+00   15.99614      0.0000000E+00   13955.76       11968.72       20.25326      0.3000000    
          12        1990          10          11 chisplow            TILLAGE   9.6509187E-03  0.0000000E+00   15.96651      0.0000000E+00   13874.68       8450.910       7.294252      0.3000000    
           1        1991           5           1 fldcult             TILLAGE   0.1415335      0.0000000E+00   183.9045      0.0000000E+00   4771.239       6.903891       14.64248      0.3000000    
           2        1991           5           1 fldcult             TILLAGE   0.1415335      0.0000000E+00   167.1158      0.0000000E+00   3137.071       11.16655       31.16363      0.3000000    
           3        1991           5           1 fldcult             TILLAGE   0.1415335      0.0000000E+00   215.7244      0.0000000E+00   7697.086       6840.223       8.505302      0.3000000    
           4        1991           5           1 fldcult             TILLAGE   0.1415335      0.0000000E+00   215.7791      0.0000000E+00   7709.494       7331.560       8.473676      0.3000000    
           5        1991           5           1 fldcult             TILLAGE   0.1415335      0.0000000E+00   216.0729      0.0000000E+00   7714.172       9364.062       13.53992      0.3000000    
           6        1991           5           1 fldcult             TILLAGE   0.1415335      0.0000000E+00   216.2185      0.0000000E+00   7723.026       9585.165       14.04022      0.3000000    
           7        1991           5           1 fldcult             TILLAGE   0.1415335      0.0000000E+00   184.0665      0.0000000E+00   4810.486       6.879342       14.62293      0.3000000    
           8        1991           5           1 fldcult             TILLAGE   0.1415335      0.0000000E+00   157.8830      0.0000000E+00   2012.139       6.997577       32.88287      0.3000000    
           9        1991           5           1 fldcult             TILLAGE   0.1415335      0.0000000E+00   216.6339      0.0000000E+00   7730.625       9875.382       16.14169      0.3000000    
          10        1991           5           1 fldcult             TILLAGE   0.1415335      0.0000000E+00   215.4936      0.0000000E+00   7752.919       8252.473       11.40582      0.3000000    
          11        1991           5           1 fldcult             TILLAGE   0.1415335      0.0000000E+00   217.2302      0.0000000E+00   7815.226       12460.64       27.74717      0.3000000    
          12        1991           5           1 fldcult             TILLAGE   0.1415335      0.0000000E+00   216.3346      0.0000000E+00   7769.819       8856.844       14.64443      0.3000000    
           1        1991           5           3 corn                                        PLANT   0.1469182      0.0000000E+00   176.5289      0.0000000E+00   4771.245       5.499683       14.68547      0.0000000E+00   6.000000    
           1        1991           5           3 null                                        FERT   0.1469182      0.0000000E+00   176.5289      0.0000000E+00   4771.245       5.499683       14.68547       26.00000      0.0000000E+00  0.0000000E+00  0.0000000E+00  0.0000000E+00  0.0000000E+00
           2        1991           5           3 corn                                        PLANT   0.1469182      0.0000000E+00   159.1123      0.0000000E+00   3137.077       10.41775       31.19462      0.0000000E+00   6.000000    
           2        1991           5           3 null                                        FERT   0.1469182      0.0000000E+00   159.1123      0.0000000E+00   3137.077       10.41775       31.19462       26.00000      0.0000000E+00  0.0000000E+00  0.0000000E+00  0.0000000E+00  0.0000000E+00
           3        1991           5           3 corn                                        PLANT   0.1469182      0.0000000E+00   209.3526      0.0000000E+00   7697.093       6847.641       8.579788      0.0000000E+00   6.000000    
           3        1991           5           3 null                                        FERT   0.1469182      0.0000000E+00   209.3526      0.0000000E+00   7697.093       6847.641       8.579788       26.00000      0.0000000E+00  0.0000000E+00  0.0000000E+00  0.0000000E+00  0.0000000E+00
           4        1991           5           3 corn                                        PLANT   0.1469182      0.0000000E+00   209.4112      0.0000000E+00   7709.500       7339.958       8.547920      0.0000000E+00   6.000000    
           4        1991           5           3 null                                        FERT   0.1469182      0.0000000E+00   209.4112      0.0000000E+00   7709.500       7339.958       8.547920       26.00000      0.0000000E+00  0.0000000E+00  0.0000000E+00  0.0000000E+00  0.0000000E+00
           5        1991           5           3 corn                                        PLANT   0.1469182      0.0000000E+00   209.7065      0.0000000E+00   7714.179       9372.370       13.62264      0.0000000E+00   6.000000    
           5        1991           5           3 null                                        FERT   0.1469182      0.0000000E+00   209.7065      0.0000000E+00   7714.179       9372.370       13.62264       26.00000      0.0000000E+00  0.0000000E+00  0.0000000E+00  0.0000000E+00  0.0000000E+00
           6        1991           5           3 corn                                        PLANT   0.1469182      0.0000000E+00   209.8550      0.0000000E+00   7723.032       9594.494       14.12327      0.0000000E+00   6.000000    
           6        1991           5           3 null                                        FERT   0.1469182      0.0000000E+00   209.8550      0.0000000E+00   7723.032       9594.494       14.12327       26.00000      0.0000000E+00  0.0000000E+00  0.0000000E+00  0.0000000E+00  0.0000000E+00
           7        1991           5           3 corn                                        PLANT   0.1469182      0.0000000E+00   176.7054      0.0000000E+00   4810.492       5.473587       14.66610      0.0000000E+00   6.000000    
           7        1991           5           3 null                                        FERT   0.1469182      0.0000000E+00   176.7054      0.0000000E+00   4810.492       5.473587       14.66610       26.00000      0.0000000E+00  0.0000000E+00  0.0000000E+00  0.0000000E+00  0.0000000E+00
           8        1991           5           3 corn                                        PLANT   0.1469182      0.0000000E+00   149.4165      0.0000000E+00   2012.146       6.699220       32.90625      0.0000000E+00   6.000000    
           8        1991           5           3 null                                        FERT   0.1469182      0.0000000E+00   149.4165      0.0000000E+00   2012.146       6.699220       32.90625       26.00000      0.0000000E+00  0.0000000E+00  0.0000000E+00  0.0000000E+00  0.0000000E+00
           9        1991           5           3 corn                                        PLANT   0.1469182      0.0000000E+00   210.2728      0.0000000E+00   7730.632       9884.733       16.22642      0.0000000E+00   6.000000    
           9        1991           5           3 null                                        FERT   0.1469182      0.0000000E+00   210.2728      0.0000000E+00   7730.632       9884.733       16.22642       26.00000      0.0000000E+00  0.0000000E+00  0.0000000E+00  0.0000000E+00  0.0000000E+00
          10        1991           5           3 corn                                        PLANT   0.1469182      0.0000000E+00   209.1396      0.0000000E+00   7752.926       8260.732       11.48635      0.0000000E+00   6.000000    
          10        1991           5           3 null                                        FERT   0.1469182      0.0000000E+00   209.1396      0.0000000E+00   7752.926       8260.732       11.48635       26.00000      0.0000000E+00  0.0000000E+00  0.0000000E+00  0.0000000E+00  0.0000000E+00
          11        1991           5           3 corn                                        PLANT   0.1469182      0.0000000E+00   210.8959      0.0000000E+00   7815.232       12470.76       27.84152      0.0000000E+00   6.000000    
          11        1991           5           3 null                                        FERT   0.1469182      0.0000000E+00   210.8959      0.0000000E+00   7815.232       12470.76       27.84152       26.00000      0.0000000E+00  0.0000000E+00  0.0000000E+00  0.0000000E+00  0.0000000E+00
          12        1991           5           3 corn                                        PLANT   0.1469182      0.0000000E+00   209.9860      0.0000000E+00   7769.826       8865.149       14.72736      0.0000000E+00   6.000000    
          12        1991           5           3 null                                        FERT   0.1469182      0.0000000E+00   209.9860      0.0000000E+00   7769.826       8865.149       14.72736       26.00000      0.0000000E+00  0.0000000E+00  0.0000000E+00  0.0000000E+00  0.0000000E+00
           1        1991           6           6 null                                        FERT   0.2647726      0.1507538       205.3493       639.0192       4771.245       1.984327       14.29443       182.6000      0.0000000E+00  0.0000000E+00  0.0000000E+00  0.0000000E+00  0.0000000E+00
           2        1991           6           6 null                                        FERT   0.2647726      0.1507538       179.2086       572.0081       3137.077       1.732412       30.69817       182.6000      0.0000000E+00  0.0000000E+00  0.0000000E+00  0.0000000E+00  0.0000000E+00
           3        1991           6           6 null                                        FERT   0.2647726      0.1507538       253.3883       771.8226       7697.093       6972.048       8.377150       182.6000      0.0000000E+00  0.0000000E+00  0.0000000E+00  0.0000000E+00  0.0000000E+00
           4        1991           6           6 null                                        FERT   0.2647726      0.1507538       253.7699       768.4063       7709.500       7466.326       8.351170       182.6000      0.0000000E+00  0.0000000E+00  0.0000000E+00  0.0000000E+00  0.0000000E+00
           5        1991           6           6 null                                        FERT   0.2647726      0.1507538       254.0048       776.7146       7714.179       9526.464       13.61884       182.6000      0.0000000E+00  0.0000000E+00  0.0000000E+00  0.0000000E+00  0.0000000E+00
           6        1991           6           6 null                                        FERT   0.2647726      0.1507538       254.5095       775.9973       7723.032       9751.594       14.12223       182.6000      0.0000000E+00  0.0000000E+00  0.0000000E+00  0.0000000E+00  0.0000000E+00
           7        1991           6           6 null                                        FERT   0.2647726      0.1507538       205.6737       635.6591       4810.492       1.980751       14.28548       182.6000      0.0000000E+00  0.0000000E+00  0.0000000E+00  0.0000000E+00  0.0000000E+00
           8        1991           6           6 null                                        FERT   0.2647726      0.1507538       161.1316       376.7020       2012.146      0.6645133       32.58361       182.6000      0.0000000E+00  0.0000000E+00  0.0000000E+00  0.0000000E+00  0.0000000E+00
           9        1991           6           6 null                                        FERT   0.2647726      0.1507538       255.1931       778.2798       7730.632       10043.81       16.26366       182.6000      0.0000000E+00  0.0000000E+00  0.0000000E+00  0.0000000E+00  0.0000000E+00
          10        1991           6           6 null                                        FERT   0.2647726      0.1507538       255.6817       773.3020       7752.926       8398.865       11.40735       182.6000      0.0000000E+00  0.0000000E+00  0.0000000E+00  0.0000000E+00  0.0000000E+00
          11        1991           6           6 null                                        FERT   0.2647726      0.1507538       260.3738       780.1178       7815.232       12663.39       28.00669       182.6000      0.0000000E+00  0.0000000E+00  0.0000000E+00  0.0000000E+00  0.0000000E+00
          12        1991           6           6 null                                        FERT   0.2647726      0.1507538       257.2375       776.3660       7769.826       9013.263       14.72853       182.6000      0.0000000E+00  0.0000000E+00  0.0000000E+00  0.0000000E+00  0.0000000E+00
           1        1991          11           9 corn                                        HARV/KILL   0.9335114      0.0000000E+00   72.49548       9752.821       9460.042       10.94316       12.72801       2957.781      0.0000000E+00  0.0000000E+00  0.0000000E+00  0.0000000E+00  0.0000000E+00
           2        1991          11           9 corn                                        HARV/KILL   0.9335114      0.0000000E+00   72.68811       7522.849       6753.771       4.623855       29.35719       2281.500      0.0000000E+00  0.0000000E+00  0.0000000E+00  0.0000000E+00  0.0000000E+00
           3        1991          11           9 corn                                        HARV/KILL   0.9335114      0.0000000E+00   72.50878       22358.89       18000.09       7132.774       2.477402       7204.907      0.0000000E+00  0.0000000E+00  0.0000000E+00  0.0000000E+00  0.0000000E+00
           4        1991          11           9 corn                                        HARV/KILL   0.9335114      0.0000000E+00   72.52634       22369.88       18010.30       7646.281       2.423449       7215.344      0.0000000E+00  0.0000000E+00  0.0000000E+00  0.0000000E+00  0.0000000E+00
           5        1991          11           9 corn                                        HARV/KILL   0.9335114      0.0000000E+00   72.52034       22392.81       18022.43       9761.147       7.776108       7225.685      0.0000000E+00  0.0000000E+00  0.0000000E+00  0.0000000E+00  0.0000000E+00
           6        1991          11           9 corn                                        HARV/KILL   0.9335114      0.0000000E+00   72.53948       22411.00       18030.23       9994.217       8.280186       7240.518      0.0000000E+00  0.0000000E+00  0.0000000E+00  0.0000000E+00  0.0000000E+00
           7        1991          11           9 corn                                        HARV/KILL   0.9335114      0.0000000E+00   72.48646       9698.208       9473.031       10.93018       12.74994       2941.219      0.0000000E+00  0.0000000E+00  0.0000000E+00  0.0000000E+00  0.0000000E+00
           8        1991          11           9 corn                                        HARV/KILL   0.9335114      0.0000000E+00   72.66724       4750.328       4295.898       2.691793       31.74421       1440.677      0.0000000E+00  0.0000000E+00  0.0000000E+00  0.0000000E+00  0.0000000E+00
           9        1991          11           9 corn                                        HARV/KILL   0.9335114      0.0000000E+00   72.55200       22436.45       18038.02       10292.69       10.42593       7259.681      0.0000000E+00  0.0000000E+00  0.0000000E+00  0.0000000E+00  0.0000000E+00
          10        1991          11           9 corn                                        HARV/KILL   0.9335114      0.0000000E+00   72.62054       22464.54       18056.85       8607.917       5.542615       7284.312      0.0000000E+00  0.0000000E+00  0.0000000E+00  0.0000000E+00  0.0000000E+00
          11        1991          11           9 corn                                        HARV/KILL   0.9335114      0.0000000E+00   72.68733       22690.95       18137.69       13013.68       22.07594       7438.786      0.0000000E+00  0.0000000E+00  0.0000000E+00  0.0000000E+00  0.0000000E+00
          12        1991          11           9 corn                                        HARV/KILL   0.9335114      0.0000000E+00   72.64330       22522.04       18073.40       9241.709       8.831619       7328.342      0.0000000E+00  0.0000000E+00  0.0000000E+00  0.0000000E+00  0.0000000E+00
           1        1991          11          14 null                                        FERT   4.8623849E-03  0.0000000E+00   66.28506      0.0000000E+00   9460.048       10.77581       12.82000       336.0000      0.0000000E+00  0.0000000E+00  0.0000000E+00  0.0000000E+00  0.0000000E+00
           2        1991          11          14 null                                        FERT   4.8623849E-03  0.0000000E+00   65.64879      0.0000000E+00   6753.777       4.510344       29.42263       336.0000      0.0000000E+00  0.0000000E+00  0.0000000E+00  0.0000000E+00  0.0000000E+00
           3        1991          11          14 null                                        FERT   4.8623849E-03  0.0000000E+00   68.67867      0.0000000E+00   18000.09       7146.332       2.657753       336.0000      0.0000000E+00  0.0000000E+00  0.0000000E+00  0.0000000E+00  0.0000000E+00
           4        1991          11          14 null                                        FERT   4.8623849E-03  0.0000000E+00   68.69867      0.0000000E+00   18010.30       7659.762       2.604519       336.0000      0.0000000E+00  0.0000000E+00  0.0000000E+00  0.0000000E+00  0.0000000E+00
           5        1991          11          14 null                                        FERT   4.8623849E-03  0.0000000E+00   68.69566      0.0000000E+00   18022.44       9777.456       7.964772       336.0000      0.0000000E+00  0.0000000E+00  0.0000000E+00  0.0000000E+00  0.0000000E+00
           6        1991          11          14 null                                        FERT   4.8623849E-03  0.0000000E+00   68.71664      0.0000000E+00   18030.23       10010.48       8.469451       336.0000      0.0000000E+00  0.0000000E+00  0.0000000E+00  0.0000000E+00  0.0000000E+00
           7        1991          11          14 null                                        FERT   4.8623849E-03  0.0000000E+00   66.28049      0.0000000E+00   9473.037       10.76221       12.84215       336.0000      0.0000000E+00  0.0000000E+00  0.0000000E+00  0.0000000E+00  0.0000000E+00
           8        1991          11          14 null                                        FERT   4.8623849E-03  0.0000000E+00   64.85841      0.0000000E+00   4295.905       2.620630       31.78598       336.0000      0.0000000E+00  0.0000000E+00  0.0000000E+00  0.0000000E+00  0.0000000E+00
           9        1991          11          14 null                                        FERT   4.8623849E-03  0.0000000E+00   68.73102      0.0000000E+00   18038.02       10308.92       10.61564       336.0000      0.0000000E+00  0.0000000E+00  0.0000000E+00  0.0000000E+00  0.0000000E+00
          10        1991          11          14 null                                        FERT   4.8623849E-03  0.0000000E+00   68.80389      0.0000000E+00   18056.86       8622.330       5.730324       336.0000      0.0000000E+00  0.0000000E+00  0.0000000E+00  0.0000000E+00  0.0000000E+00
          11        1991          11          14 null                                        FERT   4.8623849E-03  0.0000000E+00   68.89017      0.0000000E+00   18137.69       13032.68       22.27019       336.0000      0.0000000E+00  0.0000000E+00  0.0000000E+00  0.0000000E+00  0.0000000E+00
          12        1991          11          14 null                                        FERT   4.8623849E-03  0.0000000E+00   68.83060      0.0000000E+00   18073.41       9257.053       9.020308       336.0000      0.0000000E+00  0.0000000E+00  0.0000000E+00  0.0000000E+00  0.0000000E+00
           1        1992           4          24 fldcult             TILLAGE   0.1047760      0.0000000E+00   166.3504      0.0000000E+00   5297.624       13.92002       14.98984      0.3000000    
           2        1992           4          24 fldcult             TILLAGE   0.1047760      0.0000000E+00   150.1006      0.0000000E+00   3782.112       6.980402       30.95170      0.3000000    
           3        1992           4          24 fldcult             TILLAGE   0.1047760      0.0000000E+00   235.7447      0.0000000E+00   10080.05       7428.060       6.901933      0.3000000    
           4        1992           4          24 fldcult             TILLAGE   0.1047760      0.0000000E+00   236.2132      0.0000000E+00   10085.77       7958.400       6.863352      0.3000000    
           5        1992           4          24 fldcult             TILLAGE   0.1047760      0.0000000E+00   236.1838      0.0000000E+00   10092.56       10138.84       12.37393      0.3000000    
           6        1992           4          24 fldcult             TILLAGE   0.1047760      0.0000000E+00   236.7017      0.0000000E+00   10096.93       10382.02       12.89164      0.3000000    
           7        1992           4          24 fldcult             TILLAGE   0.1047760      0.0000000E+00   166.3509      0.0000000E+00   5304.897       13.90099       15.01865      0.3000000    
           8        1992           4          24 fldcult             TILLAGE   0.1047760      0.0000000E+00   134.9855      0.0000000E+00   2405.703       4.494296       32.76781      0.3000000    
           9        1992           4          24 fldcult             TILLAGE   0.1047760      0.0000000E+00   237.1096      0.0000000E+00   10101.29       10692.31       15.05022      0.3000000    
          10        1992           4          24 fldcult             TILLAGE   0.1047760      0.0000000E+00   239.1113      0.0000000E+00   10111.84       8942.144       10.12383      0.3000000    
          11        1992           4          24 fldcult             TILLAGE   0.1047760      0.0000000E+00   242.4797      0.0000000E+00   10157.11       13446.59       26.76738      0.3000000    
          12        1992           4          24 fldcult             TILLAGE   0.1047760      0.0000000E+00   240.0314      0.0000000E+00   10121.11       9597.669       13.43331      0.3000000    
           1        1992           4          25 null                                        FERT   0.1082864      0.0000000E+00   165.7502      0.0000000E+00   5297.627       13.45552       15.00468       27.00000      0.0000000E+00  0.0000000E+00  0.0000000E+00  0.0000000E+00  0.0000000E+00
           1        1992           4          25 corn                                        PLANT   0.1082864      0.0000000E+00   165.7502      0.0000000E+00   5297.627       13.45552       15.00468      0.0000000E+00   6.000000    
           2        1992           4          25 null                                        FERT   0.1082864      0.0000000E+00   149.0901      0.0000000E+00   3782.115       7.026473       30.96244       27.00000      0.0000000E+00  0.0000000E+00  0.0000000E+00  0.0000000E+00  0.0000000E+00
           2        1992           4          25 corn                                        PLANT   0.1082864      0.0000000E+00   149.0901      0.0000000E+00   3782.115       7.026473       30.96244      0.0000000E+00   6.000000    
           3        1992           4          25 null                                        FERT   0.1082864      0.0000000E+00   236.2503      0.0000000E+00   10080.05       7431.082       6.930892       27.00000      0.0000000E+00  0.0000000E+00  0.0000000E+00  0.0000000E+00  0.0000000E+00
           3        1992           4          25 corn                                        PLANT   0.1082864      0.0000000E+00   236.2503      0.0000000E+00   10080.05       7431.082       6.930892      0.0000000E+00   6.000000    
           4        1992           4          25 null                                        FERT   0.1082864      0.0000000E+00   236.7201      0.0000000E+00   10085.77       7961.420       6.892194       27.00000      0.0000000E+00  0.0000000E+00  0.0000000E+00  0.0000000E+00  0.0000000E+00
           4        1992           4          25 corn                                        PLANT   0.1082864      0.0000000E+00   236.7201      0.0000000E+00   10085.77       7961.420       6.892194      0.0000000E+00   6.000000    
           5        1992           4          25 null                                        FERT   0.1082864      0.0000000E+00   236.6920      0.0000000E+00   10092.57       10141.87       12.40495       27.00000      0.0000000E+00  0.0000000E+00  0.0000000E+00  0.0000000E+00  0.0000000E+00
           5        1992           4          25 corn                                        PLANT   0.1082864      0.0000000E+00   236.6920      0.0000000E+00   10092.57       10141.87       12.40495      0.0000000E+00   6.000000    
           6        1992           4          25 null                                        FERT   0.1082864      0.0000000E+00   237.2108      0.0000000E+00   10096.93       10385.04       12.92271       27.00000      0.0000000E+00  0.0000000E+00  0.0000000E+00  0.0000000E+00  0.0000000E+00
           6        1992           4          25 corn                                        PLANT   0.1082864      0.0000000E+00   237.2108      0.0000000E+00   10096.93       10385.04       12.92271      0.0000000E+00   6.000000    
           7        1992           4          25 null                                        FERT   0.1082864      0.0000000E+00   165.7526      0.0000000E+00   5304.901       13.43584       15.03349       27.00000      0.0000000E+00  0.0000000E+00  0.0000000E+00  0.0000000E+00  0.0000000E+00
           7        1992           4          25 corn                                        PLANT   0.1082864      0.0000000E+00   165.7526      0.0000000E+00   5304.901       13.43584       15.03349      0.0000000E+00   6.000000    
           8        1992           4          25 null                                        FERT   0.1082864      0.0000000E+00   133.5764      0.0000000E+00   2405.707       4.523996       32.77469       27.00000      0.0000000E+00  0.0000000E+00  0.0000000E+00  0.0000000E+00  0.0000000E+00
           8        1992           4          25 corn                                        PLANT   0.1082864      0.0000000E+00   133.5764      0.0000000E+00   2405.707       4.523996       32.77469      0.0000000E+00   6.000000    
           9        1992           4          25 null                                        FERT   0.1082864      0.0000000E+00   237.6196      0.0000000E+00   10101.29       10696.34       15.08250       27.00000      0.0000000E+00  0.0000000E+00  0.0000000E+00  0.0000000E+00  0.0000000E+00
           9        1992           4          25 corn                                        PLANT   0.1082864      0.0000000E+00   237.6196      0.0000000E+00   10101.29       10696.34       15.08250      0.0000000E+00   6.000000    
          10        1992           4          25 null                                        FERT   0.1082864      0.0000000E+00   239.6235      0.0000000E+00   10111.84       8945.166       10.15418       27.00000      0.0000000E+00  0.0000000E+00  0.0000000E+00  0.0000000E+00  0.0000000E+00
          10        1992           4          25 corn                                        PLANT   0.1082864      0.0000000E+00   239.6235      0.0000000E+00   10111.84       8945.166       10.15418      0.0000000E+00   6.000000    
          11        1992           4          25 null                                        FERT   0.1082864      0.0000000E+00   243.0006      0.0000000E+00   10157.11       13450.58       26.80213       27.00000      0.0000000E+00  0.0000000E+00  0.0000000E+00  0.0000000E+00  0.0000000E+00
          11        1992           4          25 corn                                        PLANT   0.1082864      0.0000000E+00   243.0006      0.0000000E+00   10157.11       13450.58       26.80213      0.0000000E+00   6.000000    
          12        1992           4          25 null                                        FERT   0.1082864      0.0000000E+00   240.5453      0.0000000E+00   10121.11       9601.695       13.46443       27.00000      0.0000000E+00  0.0000000E+00  0.0000000E+00  0.0000000E+00  0.0000000E+00
          12        1992           4          25 corn                                        PLANT   0.1082864      0.0000000E+00   240.5453      0.0000000E+00   10121.11       9601.695       13.46443      0.0000000E+00   6.000000    
           1        1992           6           4 null                                        FERT   0.2597772      0.2194701       56.11082       1042.846       5297.627       1.218615       14.11810       180.3000      0.0000000E+00  0.0000000E+00  0.0000000E+00  0.0000000E+00  0.0000000E+00
           2        1992           6           4 null                                        FERT   0.2597772      0.2194701       36.11608       643.3424       3782.115       4.072222       30.47482       180.3000      0.0000000E+00  0.0000000E+00  0.0000000E+00  0.0000000E+00  0.0000000E+00
           3        1992           6           4 null                                        FERT   0.2597772      0.2194701       137.9323       1977.692       10080.05       7531.989       5.244882       180.3000      0.0000000E+00  0.0000000E+00  0.0000000E+00  0.0000000E+00  0.0000000E+00
           4        1992           6           4 null                                        FERT   0.2597772      0.2194701       138.4116       1974.973       10085.77       8070.205       5.213480       180.3000      0.0000000E+00  0.0000000E+00  0.0000000E+00  0.0000000E+00  0.0000000E+00
           5        1992           6           4 null                                        FERT   0.2597772      0.2194701       138.4082       1983.081       10092.57       10275.18       10.80283       180.3000      0.0000000E+00  0.0000000E+00  0.0000000E+00  0.0000000E+00  0.0000000E+00
           6        1992           6           4 null                                        FERT   0.2597772      0.2194701       138.9355       1982.139       10096.93       10520.28       11.32956       180.3000      0.0000000E+00  0.0000000E+00  0.0000000E+00  0.0000000E+00  0.0000000E+00
           7        1992           6           4 null                                        FERT   0.2597772      0.2194701       56.12889       1038.829       5304.901       1.209213       14.15325       180.3000      0.0000000E+00  0.0000000E+00  0.0000000E+00  0.0000000E+00  0.0000000E+00
           8        1992           6           4 null                                        FERT   0.2597772      0.2194701       28.37172       361.9924       2405.707       4.694482       32.52783       180.3000      0.0000000E+00  0.0000000E+00  0.0000000E+00  0.0000000E+00  0.0000000E+00
           9        1992           6           4 null                                        FERT   0.2597772      0.2194701       139.3578       1985.279       10101.29       10839.47       13.50560       180.3000      0.0000000E+00  0.0000000E+00  0.0000000E+00  0.0000000E+00  0.0000000E+00
          10        1992           6           4 null                                        FERT   0.2597772      0.2194701       141.3775       1978.935       10111.84       9068.671       8.536540       180.3000      0.0000000E+00  0.0000000E+00  0.0000000E+00  0.0000000E+00  0.0000000E+00
          11        1992           6           4 null                                        FERT   0.2597772      0.2194701       144.8694       1987.317       10157.11       13629.77       25.29926       180.3000      0.0000000E+00  0.0000000E+00  0.0000000E+00  0.0000000E+00  0.0000000E+00
          12        1992           6           4 null                                        FERT   0.2597772      0.2194701       142.3242       1982.536       10121.11       9732.007       11.87278       180.3000      0.0000000E+00  0.0000000E+00  0.0000000E+00  0.0000000E+00  0.0000000E+00
           1        1992          11          10 corn                                        HARV/KILL   0.9329743      0.0000000E+00   50.12973       10452.02       9620.689       11.08532       12.01084       3836.623      0.0000000E+00  0.0000000E+00  0.0000000E+00  0.0000000E+00  0.0000000E+00
           2        1992          11          10 corn                                        HARV/KILL   0.9329743      0.0000000E+00   50.20476       7032.384       6714.970       9.629826       29.08339       2558.396      0.0000000E+00  0.0000000E+00  0.0000000E+00  0.0000000E+00  0.0000000E+00
           3        1992          11          10 corn                                        HARV/KILL   0.9329743      0.0000000E+00   50.22968       28947.48       22000.54       7671.405       2.206161       10675.62      0.0000000E+00  0.0000000E+00  0.0000000E+00  0.0000000E+00  0.0000000E+00
           4        1992          11          10 corn                                        HARV/KILL   0.9329743      0.0000000E+00   50.24316       28929.22       21998.56       8229.975       2.193796       10669.06      0.0000000E+00  0.0000000E+00  0.0000000E+00  0.0000000E+00  0.0000000E+00
           5        1992          11          10 corn                                        HARV/KILL   0.9329743      0.0000000E+00   50.23859       30462.22       22636.70       10469.40       3.074497       11234.36      0.0000000E+00  0.0000000E+00  0.0000000E+00  0.0000000E+00  0.0000000E+00
           6        1992          11          10 corn                                        HARV/KILL   0.9329743      0.0000000E+00   50.25335       30512.88       22661.71       10723.49       3.152426       11253.25      0.0000000E+00  0.0000000E+00  0.0000000E+00  0.0000000E+00  0.0000000E+00
           7        1992          11          10 corn                                        HARV/KILL   0.9329743      0.0000000E+00   50.12283       10389.50       9602.125       11.07039       12.06660       3813.654      0.0000000E+00  0.0000000E+00  0.0000000E+00  0.0000000E+00  0.0000000E+00
           8        1992          11          10 corn                                        HARV/KILL   0.9329743      0.0000000E+00   50.18685       4399.479       4247.152       8.359802       31.61263       1594.228      0.0000000E+00  0.0000000E+00  0.0000000E+00  0.0000000E+00  0.0000000E+00
           9        1992          11          10 corn                                        HARV/KILL   0.9329743      0.0000000E+00   50.26311       30577.27       22692.45       11047.05       4.392836       11277.12      0.0000000E+00  0.0000000E+00  0.0000000E+00  0.0000000E+00  0.0000000E+00
          10        1992          11          10 corn                                        HARV/KILL   0.9329743      0.0000000E+00   50.31587       30339.37       22604.28       9243.992       2.733136       11190.10      0.0000000E+00  0.0000000E+00  0.0000000E+00  0.0000000E+00  0.0000000E+00
          11        1992          11          10 corn                                        HARV/KILL   0.9329743      0.0000000E+00   50.36500       30831.67       22851.56       13935.24       16.19841       11372.33      0.0000000E+00  0.0000000E+00  0.0000000E+00  0.0000000E+00  0.0000000E+00
          12        1992          11          10 corn                                        HARV/KILL   0.9329743      0.0000000E+00   50.33329       30656.80       22744.01       9918.926       3.243649       11307.41      0.0000000E+00  0.0000000E+00  0.0000000E+00  0.0000000E+00  0.0000000E+00
           1        1992          11          12 null                                        FERT   9.4389834E-04  0.0000000E+00   48.43446      0.0000000E+00   9620.693       10.78711       12.04405       152.7000      0.0000000E+00  0.0000000E+00  0.0000000E+00  0.0000000E+00  0.0000000E+00
           2        1992          11          12 null                                        FERT   9.4389834E-04  0.0000000E+00   48.36648      0.0000000E+00   6714.974       9.416390       29.10610       152.7000      0.0000000E+00  0.0000000E+00  0.0000000E+00  0.0000000E+00  0.0000000E+00
           3        1992          11          12 null                                        FERT   9.4389834E-04  0.0000000E+00   49.23062      0.0000000E+00   22000.54       7675.596       2.268277       152.7000      0.0000000E+00  0.0000000E+00  0.0000000E+00  0.0000000E+00  0.0000000E+00
           4        1992          11          12 null                                        FERT   9.4389834E-04  0.0000000E+00   49.24395      0.0000000E+00   21998.56       8235.088       2.256041       152.7000      0.0000000E+00  0.0000000E+00  0.0000000E+00  0.0000000E+00  0.0000000E+00
           5        1992          11          12 null                                        FERT   9.4389834E-04  0.0000000E+00   49.27022      0.0000000E+00   22636.70       10475.28       3.159518       152.7000      0.0000000E+00  0.0000000E+00  0.0000000E+00  0.0000000E+00  0.0000000E+00
           6        1992          11          12 null                                        FERT   9.4389834E-04  0.0000000E+00   49.28611      0.0000000E+00   22661.71       10729.32       3.239523       152.7000      0.0000000E+00  0.0000000E+00  0.0000000E+00  0.0000000E+00  0.0000000E+00
           7        1992          11          12 null                                        FERT   9.4389834E-04  0.0000000E+00   48.42601      0.0000000E+00   9602.129       10.77340       12.09971       152.7000      0.0000000E+00  0.0000000E+00  0.0000000E+00  0.0000000E+00  0.0000000E+00
           8        1992          11          12 null                                        FERT   9.4389834E-04  0.0000000E+00   48.13859      0.0000000E+00   4247.156       8.217951       31.62711       152.7000      0.0000000E+00  0.0000000E+00  0.0000000E+00  0.0000000E+00  0.0000000E+00
           9        1992          11          12 null                                        FERT   9.4389834E-04  0.0000000E+00   49.29728      0.0000000E+00   22692.46       11052.83       4.484175       152.7000      0.0000000E+00  0.0000000E+00  0.0000000E+00  0.0000000E+00  0.0000000E+00
          10        1992          11          12 null                                        FERT   9.4389834E-04  0.0000000E+00   49.34561      0.0000000E+00   22604.29       9249.994       2.809087       152.7000      0.0000000E+00  0.0000000E+00  0.0000000E+00  0.0000000E+00  0.0000000E+00
          11        1992          11          12 null                                        FERT   9.4389834E-04  0.0000000E+00   49.40622      0.0000000E+00   22851.57       13942.65       16.29017       152.7000      0.0000000E+00  0.0000000E+00  0.0000000E+00  0.0000000E+00  0.0000000E+00
          12        1992          11          12 null                                        FERT   9.4389834E-04  0.0000000E+00   49.36958      0.0000000E+00   22744.02       9924.835       3.332192       152.7000      0.0000000E+00  0.0000000E+00  0.0000000E+00  0.0000000E+00  0.0000000E+00
           1        1992          11          16 chisplow            TILLAGE   7.6923249E-03  0.0000000E+00   44.17825      0.0000000E+00   6734.482       10.64828       12.10836      0.3000000    
           2        1992          11          16 chisplow            TILLAGE   7.6923249E-03  0.0000000E+00   43.76877      0.0000000E+00   4700.479       9.329228       29.14982      0.3000000    
           3        1992          11          16 chisplow            TILLAGE   7.6923249E-03  0.0000000E+00   46.90522      0.0000000E+00   15400.38       7686.489       2.386299      0.3000000    
           4        1992          11          16 chisplow            TILLAGE   7.6923249E-03  0.0000000E+00   46.91811      0.0000000E+00   15398.99       8245.926       2.374303      0.3000000    
           5        1992          11          16 chisplow            TILLAGE   7.6923249E-03  0.0000000E+00   47.03802      0.0000000E+00   15845.69       10485.98       3.322211      0.3000000    
           6        1992          11          16 chisplow            TILLAGE   7.6923249E-03  0.0000000E+00   47.05738      0.0000000E+00   15863.20       10740.98       3.406337      0.3000000    
           7        1992          11          16 chisplow            TILLAGE   7.6923249E-03  0.0000000E+00   44.16586      0.0000000E+00   6721.487       10.63464       12.16387      0.3000000    
           8        1992          11          16 chisplow            TILLAGE   7.6923249E-03  0.0000000E+00   43.01905      0.0000000E+00   2973.007       8.164331       31.65492      0.3000000    
           9        1992          11          16 chisplow            TILLAGE   7.6923249E-03  0.0000000E+00   47.07290      0.0000000E+00   15884.72       11064.48       4.659399      0.3000000    
          10        1992          11          16 chisplow            TILLAGE   7.6923249E-03  0.0000000E+00   47.10792      0.0000000E+00   15823.00       9260.788       2.953997      0.3000000    
          11        1992          11          16 chisplow            TILLAGE   7.6923249E-03  0.0000000E+00   47.20378      0.0000000E+00   15996.09       13957.21       16.46647      0.3000000    
          12        1992          11          16 chisplow            TILLAGE   7.6923249E-03  0.0000000E+00   47.15194      0.0000000E+00   15920.81       9935.577       3.501982      0.3000000    
           1        1993           4          16 fldcult             TILLAGE   0.1004580      0.0000000E+00   77.70585      0.0000000E+00   3771.310       13.91886       13.91813      0.3000000    
           2        1993           4          16 fldcult             TILLAGE   0.1004580      0.0000000E+00   69.15828      0.0000000E+00   2632.268       11.46531       30.35526      0.3000000    
           3        1993           4          16 fldcult             TILLAGE   0.1004580      0.0000000E+00   128.6848      0.0000000E+00   8624.211       7943.632       5.608016      0.3000000    
           4        1993           4          16 fldcult             TILLAGE   0.1004580      0.0000000E+00   128.8626      0.0000000E+00   8623.434       8517.215       5.599127      0.3000000    
           5        1993           4          16 fldcult             TILLAGE   0.1004580      0.0000000E+00   131.5282      0.0000000E+00   8873.585       10816.12       7.824208      0.3000000    
           6        1993           4          16 fldcult             TILLAGE   0.1004580      0.0000000E+00   131.8702      0.0000000E+00   8883.391       11075.98       8.026697      0.3000000    
           7        1993           4          16 fldcult             TILLAGE   0.1004580      0.0000000E+00   77.52261      0.0000000E+00   3764.033       13.90740       13.96992      0.3000000    
           8        1993           4          16 fldcult             TILLAGE   0.1004580      0.0000000E+00   61.89416      0.0000000E+00   1664.884       9.814149       32.42941      0.3000000    
           9        1993           4          16 fldcult             TILLAGE   0.1004580      0.0000000E+00   132.1951      0.0000000E+00   8895.441       11406.70       9.521244      0.3000000    
          10        1993           4          16 fldcult             TILLAGE   0.1004580      0.0000000E+00   132.7650      0.0000000E+00   8860.878       9547.132       6.933907      0.3000000    
          11        1993           4          16 fldcult             TILLAGE   0.1004580      0.0000000E+00   135.3544      0.0000000E+00   8957.813       14322.25       21.35721      0.3000000    
          12        1993           4          16 fldcult             TILLAGE   0.1004580      0.0000000E+00   133.8097      0.0000000E+00   8915.652       10238.20       8.209983      0.3000000    
           1        1993           4          30 fldcult             TILLAGE   0.1366605      0.0000000E+00   63.38338      0.0000000E+00   2639.917       14.36409       14.09558      0.3000000    
           2        1993           4          30 fldcult             TILLAGE   0.1366605      0.0000000E+00   54.03135      0.0000000E+00   1842.588       11.77720       30.47963      0.3000000    
           3        1993           4          30 fldcult             TILLAGE   0.1366605      0.0000000E+00   118.7753      0.0000000E+00   6036.948       7989.901       5.968978      0.3000000    
           4        1993           4          30 fldcult             TILLAGE   0.1366605      0.0000000E+00   118.9514      0.0000000E+00   6036.403       8571.490       5.959915      0.3000000    
           5        1993           4          30 fldcult             TILLAGE   0.1366605      0.0000000E+00   122.2767      0.0000000E+00   6211.509       10872.64       8.301433      0.3000000    
           6        1993           4          30 fldcult             TILLAGE   0.1366605      0.0000000E+00   122.6446      0.0000000E+00   6218.374       11133.04       8.514048      0.3000000    
           7        1993           4          30 fldcult             TILLAGE   0.1366605      0.0000000E+00   63.21713      0.0000000E+00   2634.823       14.34947       14.14639      0.3000000    
           8        1993           4          30 fldcult             TILLAGE   0.1366605      0.0000000E+00   46.42800      0.0000000E+00   1165.419       10.04139       32.51042      0.3000000    
           9        1993           4          30 fldcult             TILLAGE   0.1366605      0.0000000E+00   123.0005      0.0000000E+00   6226.809       11464.33       10.03277      0.3000000    
          10        1993           4          30 fldcult             TILLAGE   0.1366605      0.0000000E+00   123.4803      0.0000000E+00   6202.614       9602.105       7.367470      0.3000000    
          11        1993           4          30 fldcult             TILLAGE   0.1366605      0.0000000E+00   126.3206      0.0000000E+00   6270.469       14393.93       21.91495      0.3000000    
          12        1993           4          30 fldcult             TILLAGE   0.1366605      0.0000000E+00   124.6677      0.0000000E+00   6240.957       10291.87       8.705659      0.3000000    
           1        1993           5           6 corn                                        PLANT   0.1553326      0.0000000E+00   69.06834      0.0000000E+00   2639.918       14.41658       14.17244      0.0000000E+00   6.000000    
           2        1993           5           6 corn                                        PLANT   0.1553326      0.0000000E+00   59.55161      0.0000000E+00   1842.589       11.82114       30.53363      0.0000000E+00   6.000000    
           3        1993           5           6 corn                                        PLANT   0.1553326      0.0000000E+00   123.0515      0.0000000E+00   6036.949       8013.674       6.130581      0.0000000E+00   6.000000    
           4        1993           5           6 corn                                        PLANT   0.1553326      0.0000000E+00   123.2228      0.0000000E+00   6036.404       8595.241       6.119067      0.0000000E+00   6.000000    
           5        1993           5           6 corn                                        PLANT   0.1553326      0.0000000E+00   126.6530      0.0000000E+00   6211.510       10901.66       8.515249      0.0000000E+00   6.000000    
           6        1993           5           6 corn                                        PLANT   0.1553326      0.0000000E+00   127.0270      0.0000000E+00   6218.375       11161.74       8.732381      0.0000000E+00   6.000000    
           7        1993           5           6 corn                                        PLANT   0.1553326      0.0000000E+00   68.90671      0.0000000E+00   2634.824       14.40300       14.22272      0.0000000E+00   6.000000    
           8        1993           5           6 corn                                        PLANT   0.1553326      0.0000000E+00   51.74779      0.0000000E+00   1165.420       10.08975       32.54536      0.0000000E+00   6.000000    
           9        1993           5           6 corn                                        PLANT   0.1553326      0.0000000E+00   127.3904      0.0000000E+00   6226.810       11492.73       10.26201      0.0000000E+00   6.000000    
          10        1993           5           6 corn                                        PLANT   0.1553326      0.0000000E+00   127.8489      0.0000000E+00   6202.615       9624.207       7.562771      0.0000000E+00   6.000000    
          11        1993           5           6 corn                                        PLANT   0.1553326      0.0000000E+00   130.7482      0.0000000E+00   6270.470       14425.28       22.16937      0.0000000E+00   6.000000    
          12        1993           5           6 corn                                        PLANT   0.1553326      0.0000000E+00   129.0700      0.0000000E+00   6240.958       10317.16       8.928146      0.0000000E+00   6.000000    
           1        1993           6          17 null                                        FERT   0.3188697      0.2431639       74.45844       1388.406       2639.918       9.865269       12.88824       119.5000      0.0000000E+00  0.0000000E+00  0.0000000E+00  0.0000000E+00  0.0000000E+00
           2        1993           6          17 null                                        FERT   0.3188697      0.2431639       65.09179       820.5459       1842.589       10.16996       29.84214       119.5000      0.0000000E+00  0.0000000E+00  0.0000000E+00  0.0000000E+00  0.0000000E+00
           3        1993           6          17 null                                        FERT   0.3188697      0.2431639       138.1577       2856.902       6036.949       8123.194       3.240865       119.5000      0.0000000E+00  0.0000000E+00  0.0000000E+00  0.0000000E+00  0.0000000E+00
           4        1993           6          17 null                                        FERT   0.3188697      0.2431639       138.3153       2854.351       6036.404       8712.435       3.217900       119.5000      0.0000000E+00  0.0000000E+00  0.0000000E+00  0.0000000E+00  0.0000000E+00
           5        1993           6          17 null                                        FERT   0.3188697      0.2431639       143.0693       2858.360       6211.510       11053.36       6.039335       119.5000      0.0000000E+00  0.0000000E+00  0.0000000E+00  0.0000000E+00  0.0000000E+00
           6        1993           6          17 null                                        FERT   0.3188697      0.2431639       143.4942       2858.227       6218.375       11316.46       6.289384       119.5000      0.0000000E+00  0.0000000E+00  0.0000000E+00  0.0000000E+00  0.0000000E+00
           7        1993           6          17 null                                        FERT   0.3188697      0.2431639       74.33463       1382.790       2634.824       9.858515       12.94365       119.5000      0.0000000E+00  0.0000000E+00  0.0000000E+00  0.0000000E+00  0.0000000E+00
           8        1993           6          17 null                                        FERT   0.3188697      0.2431639       58.43697       540.5087       1165.420       9.367477       32.08493       119.5000      0.0000000E+00  0.0000000E+00  0.0000000E+00  0.0000000E+00  0.0000000E+00
           9        1993           6          17 null                                        FERT   0.3188697      0.2431639       143.9210       2858.752       6226.810       11651.64       7.883309       119.5000      0.0000000E+00  0.0000000E+00  0.0000000E+00  0.0000000E+00  0.0000000E+00
          10        1993           6          17 null                                        FERT   0.3188697      0.2431639       144.1965       2857.647       6202.615       9754.779       4.932259       119.5000      0.0000000E+00  0.0000000E+00  0.0000000E+00  0.0000000E+00  0.0000000E+00
          11        1993           6          17 null                                        FERT   0.3188697      0.2431639       147.5945       2858.945       6270.470       14628.94       19.95278       119.5000      0.0000000E+00  0.0000000E+00  0.0000000E+00  0.0000000E+00  0.0000000E+00
          12        1993           6          17 null                                        FERT   0.3188697      0.2431639       145.7024       2858.264       6240.958       10461.09       6.506660       119.5000      0.0000000E+00  0.0000000E+00  0.0000000E+00  0.0000000E+00  0.0000000E+00
           1        1993          11           4 corn                                        HARV/KILL   0.9099815      0.0000000E+00   47.68515       19825.38       10603.26       4.451119       6.281608       7502.114      0.0000000E+00  0.0000000E+00  0.0000000E+00  0.0000000E+00  0.0000000E+00
           2        1993          11           4 corn                                        HARV/KILL   0.9099815      0.0000000E+00   86.52772       14611.93       7711.792       3.025128       24.62631       5529.327      0.0000000E+00  0.0000000E+00  0.0000000E+00  0.0000000E+00  0.0000000E+00
           3        1993          11           4 corn                                        HARV/KILL   0.9099815      0.0000000E+00   74.83807       33928.14       19665.04       8465.646       1.418176       12838.70      0.0000000E+00  0.0000000E+00  0.0000000E+00  0.0000000E+00  0.0000000E+00
           4        1993          11           4 corn                                        HARV/KILL   0.9099815      0.0000000E+00   76.58179       33896.45       19651.76       9088.654       1.416992       12826.71      0.0000000E+00  0.0000000E+00  0.0000000E+00  0.0000000E+00  0.0000000E+00
           5        1993          11           4 corn                                        HARV/KILL   0.9099815      0.0000000E+00   77.66039       38253.57       21577.01       11475.46       1.910613       14475.48      0.0000000E+00  0.0000000E+00  0.0000000E+00  0.0000000E+00  0.0000000E+00
           6        1993          11           4 corn                                        HARV/KILL   0.9099815      0.0000000E+00   79.83276       38435.16       21656.82       11748.92       1.954028       14544.20      0.0000000E+00  0.0000000E+00  0.0000000E+00  0.0000000E+00  0.0000000E+00
           7        1993          11           4 corn                                        HARV/KILL   0.9099815      0.0000000E+00   46.77538       19747.17       10566.75       4.446418       6.361789       7472.520      0.0000000E+00  0.0000000E+00  0.0000000E+00  0.0000000E+00  0.0000000E+00
           8        1993          11           4 corn                                        HARV/KILL   0.9099815      0.0000000E+00   63.19897       10745.98       5481.777       2.103645       28.07631       4066.405      0.0000000E+00  0.0000000E+00  0.0000000E+00  0.0000000E+00  0.0000000E+00
           9        1993          11           4 corn                                        HARV/KILL   0.9099815      0.0000000E+00   81.60381       39176.72       21963.12       12091.52       2.164602       14824.81      0.0000000E+00  0.0000000E+00  0.0000000E+00  0.0000000E+00  0.0000000E+00
          10        1993          11           4 corn                                        HARV/KILL   0.9099815      0.0000000E+00   91.60613       37081.23       21097.22       10143.99       1.726137       14031.86      0.0000000E+00  0.0000000E+00  0.0000000E+00  0.0000000E+00  0.0000000E+00
          11        1993          11           4 corn                                        HARV/KILL   0.9099815      0.0000000E+00   122.3879       39870.46       22285.36       15075.19       8.382271       15087.40      0.0000000E+00  0.0000000E+00  0.0000000E+00  0.0000000E+00  0.0000000E+00
          12        1993          11           4 corn                                        HARV/KILL   0.9099815      0.0000000E+00   97.42133       38589.73       21741.49       10870.08       2.005604       14602.69      0.0000000E+00  0.0000000E+00  0.0000000E+00  0.0000000E+00  0.0000000E+00
           1        1993          11          21 null                                        FERT   2.6572293E-02  0.0000000E+00   52.99256      0.0000000E+00   10603.26       6.167570       6.677968       167.9600      0.0000000E+00  0.0000000E+00  0.0000000E+00  0.0000000E+00  0.0000000E+00
           2        1993          11          21 null                                        FERT   2.6572293E-02  0.0000000E+00   90.79741      0.0000000E+00   7711.792       4.180306       24.90831       167.9600      0.0000000E+00  0.0000000E+00  0.0000000E+00  0.0000000E+00  0.0000000E+00
           3        1993          11          21 null                                        FERT   2.6572293E-02  0.0000000E+00   83.19207      0.0000000E+00   19665.04       8475.386       1.783502       167.9600      0.0000000E+00  0.0000000E+00  0.0000000E+00  0.0000000E+00  0.0000000E+00
           4        1993          11          21 null                                        FERT   2.6572293E-02  0.0000000E+00   84.93166      0.0000000E+00   19651.76       9098.786       1.780838       167.9600      0.0000000E+00  0.0000000E+00  0.0000000E+00  0.0000000E+00  0.0000000E+00
           5        1993          11          21 null                                        FERT   2.6572293E-02  0.0000000E+00   86.58927      0.0000000E+00   21577.01       11486.84       2.422290       167.9600      0.0000000E+00  0.0000000E+00  0.0000000E+00  0.0000000E+00  0.0000000E+00
           6        1993          11          21 null                                        FERT   2.6572293E-02  0.0000000E+00   88.78439      0.0000000E+00   21656.82       11760.52       2.479598       167.9600      0.0000000E+00  0.0000000E+00  0.0000000E+00  0.0000000E+00  0.0000000E+00
           7        1993          11          21 null                                        FERT   2.6572293E-02  0.0000000E+00   52.07017      0.0000000E+00   10566.75       6.165418       6.756682       167.9600      0.0000000E+00  0.0000000E+00  0.0000000E+00  0.0000000E+00  0.0000000E+00
           8        1993          11          21 null                                        FERT   2.6572293E-02  0.0000000E+00   66.68203      0.0000000E+00   5481.778       2.912914       28.27994       167.9600      0.0000000E+00  0.0000000E+00  0.0000000E+00  0.0000000E+00  0.0000000E+00
           9        1993          11          21 null                                        FERT   2.6572293E-02  0.0000000E+00   90.64217      0.0000000E+00   21963.12       12103.32       2.756577       167.9600      0.0000000E+00  0.0000000E+00  0.0000000E+00  0.0000000E+00  0.0000000E+00
          10        1993          11          21 null                                        FERT   2.6572293E-02  0.0000000E+00   100.3971      0.0000000E+00   21097.22       10154.56       2.179781       167.9600      0.0000000E+00  0.0000000E+00  0.0000000E+00  0.0000000E+00  0.0000000E+00
          11        1993          11          21 null                                        FERT   2.6572293E-02  0.0000000E+00   131.5164      0.0000000E+00   22285.36       15088.39       9.201134       167.9600      0.0000000E+00  0.0000000E+00  0.0000000E+00  0.0000000E+00  0.0000000E+00
          12        1993          11          21 null                                        FERT   2.6572293E-02  0.0000000E+00   106.3970      0.0000000E+00   21741.49       10881.06       2.547672       167.9600      0.0000000E+00  0.0000000E+00  0.0000000E+00  0.0000000E+00  0.0000000E+00
           1        1994           3          31 fldcult             TILLAGE   6.5598845E-02  0.0000000E+00   47.72260      0.0000000E+00   5937.824       10.76553       9.031403      0.3000000    
           2        1994           3          31 fldcult             TILLAGE   6.5598845E-02  0.0000000E+00   86.52792      0.0000000E+00   4318.603       8.627602       26.57681      0.3000000    
           3        1994           3          31 fldcult             TILLAGE   6.5598845E-02  0.0000000E+00   92.50603      0.0000000E+00   11012.42       8558.190       3.994427      0.3000000    
           4        1994           3          31 fldcult             TILLAGE   6.5598845E-02  0.0000000E+00   94.25076      0.0000000E+00   11004.99       9183.953       3.985429      0.3000000    
           5        1994           3          31 fldcult             TILLAGE   6.5598845E-02  0.0000000E+00   100.2965      0.0000000E+00   12083.13       11595.38       5.527021      0.3000000    
           6        1994           3          31 fldcult             TILLAGE   6.5598845E-02  0.0000000E+00   102.6897      0.0000000E+00   12127.82       11871.77       5.661055      0.3000000    
           7        1994           3          31 fldcult             TILLAGE   6.5598845E-02  0.0000000E+00   46.81077      0.0000000E+00   5917.379       10.82823       9.103244      0.3000000    
           8        1994           3          31 fldcult             TILLAGE   6.5598845E-02  0.0000000E+00   63.19901      0.0000000E+00   3069.795       6.171802       29.49397      0.3000000    
           9        1994           3          31 fldcult             TILLAGE   6.5598845E-02  0.0000000E+00   105.4025      0.0000000E+00   12299.35       12219.80       6.316244      0.3000000    
          10        1994           3          31 fldcult             TILLAGE   6.5598845E-02  0.0000000E+00   113.1552      0.0000000E+00   11814.44       10246.76       4.909760      0.3000000    
          11        1994           3          31 fldcult             TILLAGE   6.5598845E-02  0.0000000E+00   148.0336      0.0000000E+00   12479.80       15210.29       14.03836      0.3000000    
          12        1994           3          31 fldcult             TILLAGE   6.5598845E-02  0.0000000E+00   120.9942      0.0000000E+00   12175.23       10977.69       5.781566      0.3000000    
           1        1994           4          16 null                                        FERT   9.8514669E-02  0.0000000E+00   74.01039      0.0000000E+00   5937.824       11.86213       9.278049       38.30000      0.0000000E+00  0.0000000E+00  0.0000000E+00  0.0000000E+00  0.0000000E+00
           2        1994           4          16 null                                        FERT   9.8514669E-02  0.0000000E+00   112.1413      0.0000000E+00   4318.604       9.366391       26.75689       38.30000      0.0000000E+00  0.0000000E+00  0.0000000E+00  0.0000000E+00  0.0000000E+00
           3        1994           4          16 null                                        FERT   9.8514669E-02  0.0000000E+00   114.7992      0.0000000E+00   11012.42       8586.692       4.308341       38.30000      0.0000000E+00  0.0000000E+00  0.0000000E+00  0.0000000E+00  0.0000000E+00
           4        1994           4          16 null                                        FERT   9.8514669E-02  0.0000000E+00   116.5435      0.0000000E+00   11004.99       9212.201       4.298636       38.30000      0.0000000E+00  0.0000000E+00  0.0000000E+00  0.0000000E+00  0.0000000E+00
           5        1994           4          16 null                                        FERT   9.8514669E-02  0.0000000E+00   122.2345      0.0000000E+00   12083.13       11629.07       5.953279       38.30000      0.0000000E+00  0.0000000E+00  0.0000000E+00  0.0000000E+00  0.0000000E+00
           6        1994           4          16 null                                        FERT   9.8514669E-02  0.0000000E+00   124.6196      0.0000000E+00   12127.82       11906.23       6.096311       38.30000      0.0000000E+00  0.0000000E+00  0.0000000E+00  0.0000000E+00  0.0000000E+00
           7        1994           4          16 null                                        FERT   9.8514669E-02  0.0000000E+00   73.09164      0.0000000E+00   5917.380       12.00074       9.348412       38.30000      0.0000000E+00  0.0000000E+00  0.0000000E+00  0.0000000E+00  0.0000000E+00
           8        1994           4          16 null                                        FERT   9.8514669E-02  0.0000000E+00   88.23384      0.0000000E+00   3069.795       6.699466       29.62310       38.30000      0.0000000E+00  0.0000000E+00  0.0000000E+00  0.0000000E+00  0.0000000E+00
           9        1994           4          16 null                                        FERT   9.8514669E-02  0.0000000E+00   127.3193      0.0000000E+00   12299.35       12255.18       6.796052       38.30000      0.0000000E+00  0.0000000E+00  0.0000000E+00  0.0000000E+00  0.0000000E+00
          10        1994           4          16 null                                        FERT   9.8514669E-02  0.0000000E+00   135.2073      0.0000000E+00   11814.44       10275.16       5.293404       38.30000      0.0000000E+00  0.0000000E+00  0.0000000E+00  0.0000000E+00  0.0000000E+00
          11        1994           4          16 null                                        FERT   9.8514669E-02  0.0000000E+00   169.8774      0.0000000E+00   12479.80       15254.37       14.67599       38.30000      0.0000000E+00  0.0000000E+00  0.0000000E+00  0.0000000E+00  0.0000000E+00
          12        1994           4          16 null                                        FERT   9.8514669E-02  0.0000000E+00   142.8862      0.0000000E+00   12175.23       11009.89       6.225801       38.30000      0.0000000E+00  0.0000000E+00  0.0000000E+00  0.0000000E+00  0.0000000E+00
           1        1994           5           5 corn                                        PLANT   0.1532315      0.0000000E+00   57.40960      0.0000000E+00   5937.824       12.97349       9.572379      0.0000000E+00   6.000000    
           2        1994           5           5 corn                                        PLANT   0.1532315      0.0000000E+00   94.90665      0.0000000E+00   4318.604       10.10526       26.97441      0.0000000E+00   6.000000    
           3        1994           5           5 corn                                        PLANT   0.1532315      0.0000000E+00   99.98636      0.0000000E+00   11012.42       8623.205       4.702996      0.0000000E+00   6.000000    
           4        1994           5           5 corn                                        PLANT   0.1532315      0.0000000E+00   101.7195      0.0000000E+00   11004.99       9248.688       4.690886      0.0000000E+00   6.000000    
           5        1994           5           5 corn                                        PLANT   0.1532315      0.0000000E+00   109.7069      0.0000000E+00   12083.13       11676.23       6.481006      0.0000000E+00   6.000000    
           6        1994           5           5 corn                                        PLANT   0.1532315      0.0000000E+00   112.1884      0.0000000E+00   12127.82       11956.30       6.634457      0.0000000E+00   6.000000    
           7        1994           5           5 corn                                        PLANT   0.1532315      0.0000000E+00   56.48293      0.0000000E+00   5917.380       13.13122       9.640731      0.0000000E+00   6.000000    
           8        1994           5           5 corn                                        PLANT   0.1532315      0.0000000E+00   70.52917      0.0000000E+00   3069.795       7.164335       29.77831      0.0000000E+00   6.000000    
           9        1994           5           5 corn                                        PLANT   0.1532315      0.0000000E+00   115.2534      0.0000000E+00   12299.35       12307.11       7.387864      0.0000000E+00   6.000000    
          10        1994           5           5 corn                                        PLANT   0.1532315      0.0000000E+00   122.0898      0.0000000E+00   11814.44       10313.12       5.772482      0.0000000E+00   6.000000    
          11        1994           5           5 corn                                        PLANT   0.1532315      0.0000000E+00   158.1763      0.0000000E+00   12479.80       15312.31       15.45909      0.0000000E+00   6.000000    
          12        1994           5           5 corn                                        PLANT   0.1532315      0.0000000E+00   130.5475      0.0000000E+00   12175.23       11055.69       6.776982      0.0000000E+00   6.000000    
           1        1994           6          11 null                                        FERT   0.2995729      0.2195106       57.57903       157.0582       5937.824       16.63096       9.828603       123.2000      0.0000000E+00  0.0000000E+00  0.0000000E+00  0.0000000E+00  0.0000000E+00
           2        1994           6          11 null                                        FERT   0.2995729      0.2195106       95.56596       125.3101       4318.604       12.97078       27.15729       123.2000      0.0000000E+00  0.0000000E+00  0.0000000E+00  0.0000000E+00  0.0000000E+00
           3        1994           6          11 null                                        FERT   0.2995729      0.2195106       90.44802       2126.329       11012.42       8647.996       2.303726       123.2000      0.0000000E+00  0.0000000E+00  0.0000000E+00  0.0000000E+00  0.0000000E+00
           4        1994           6          11 null                                        FERT   0.2995729      0.2195106       92.16847       2123.920       11004.99       9277.728       2.299588       123.2000      0.0000000E+00  0.0000000E+00  0.0000000E+00  0.0000000E+00  0.0000000E+00
           5        1994           6          11 null                                        FERT   0.2995729      0.2195106       100.7056       2131.264       12083.13       11733.16       4.312889       123.2000      0.0000000E+00  0.0000000E+00  0.0000000E+00  0.0000000E+00  0.0000000E+00
           6        1994           6          11 null                                        FERT   0.2995729      0.2195106       103.2113       2130.503       12127.82       12017.14       4.489739       123.2000      0.0000000E+00  0.0000000E+00  0.0000000E+00  0.0000000E+00  0.0000000E+00
           7        1994           6          11 null                                        FERT   0.2995729      0.2195106       56.65462       154.8044       5917.380       16.78381       9.897919       123.2000      0.0000000E+00  0.0000000E+00  0.0000000E+00  0.0000000E+00  0.0000000E+00
           8        1994           6          11 null                                        FERT   0.2995729      0.2195106       71.86261       99.07911       3069.795       9.146816       29.89678       123.2000      0.0000000E+00  0.0000000E+00  0.0000000E+00  0.0000000E+00  0.0000000E+00
           9        1994           6          11 null                                        FERT   0.2995729      0.2195106       106.3595       2133.161       12299.35       12373.60       5.328115       123.2000      0.0000000E+00  0.0000000E+00  0.0000000E+00  0.0000000E+00  0.0000000E+00
          10        1994           6          11 null                                        FERT   0.2995729      0.2195106       112.9145       2127.615       11814.44       10359.42       3.535419       123.2000      0.0000000E+00  0.0000000E+00  0.0000000E+00  0.0000000E+00  0.0000000E+00
          11        1994           6          11 null                                        FERT   0.2995729      0.2195106       149.2155       2135.656       12479.80       15408.20       13.76336       123.2000      0.0000000E+00  0.0000000E+00  0.0000000E+00  0.0000000E+00  0.0000000E+00
          12        1994           6          11 null                                        FERT   0.2995729      0.2195106       121.5110       2130.811       12175.23       11112.18       4.661327       123.2000      0.0000000E+00  0.0000000E+00  0.0000000E+00  0.0000000E+00  0.0000000E+00
           1        1994          11           5 corn                                        HARV/KILL   0.9223167      0.0000000E+00   1.975539       9163.084       9747.862       6.742621       7.292600       3344.407      0.0000000E+00  0.0000000E+00  0.0000000E+00  0.0000000E+00  0.0000000E+00
           2        1994          11           5 corn                                        HARV/KILL   0.9223167      0.0000000E+00   1.975539       7288.472       7309.293       4.182286       25.04053       2698.084      0.0000000E+00  0.0000000E+00  0.0000000E+00  0.0000000E+00  0.0000000E+00
           3        1994          11           5 corn                                        HARV/KILL   0.9223167      0.0000000E+00   1.975539       23833.73       20834.50       8757.447       1.284389       8782.658      0.0000000E+00  0.0000000E+00  0.0000000E+00  0.0000000E+00  0.0000000E+00
           4        1994          11           5 corn                                        HARV/KILL   0.9223167      0.0000000E+00   1.975539       23812.14       20811.47       9394.858       1.282837       8781.066      0.0000000E+00  0.0000000E+00  0.0000000E+00  0.0000000E+00  0.0000000E+00
           5        1994          11           5 corn                                        HARV/KILL   0.9223167      0.0000000E+00   1.975539       27611.73       23424.25       11874.79       1.725716       10210.85      0.0000000E+00  0.0000000E+00  0.0000000E+00  0.0000000E+00  0.0000000E+00
           6        1994          11           5 corn                                        HARV/KILL   0.9223167      0.0000000E+00   1.975539       27809.92       23540.53       12165.84       1.764348       10293.47      0.0000000E+00  0.0000000E+00  0.0000000E+00  0.0000000E+00  0.0000000E+00
           7        1994          11           5 corn                                        HARV/KILL   0.9223167      0.0000000E+00   1.975539       9120.675       9709.807       6.744516       7.370571       3328.907      0.0000000E+00  0.0000000E+00  0.0000000E+00  0.0000000E+00  0.0000000E+00
           8        1994          11           5 corn                                        HARV/KILL   0.9223167      0.0000000E+00   1.975539       5013.206       5145.594       2.352587       28.49691       1838.027      0.0000000E+00  0.0000000E+00  0.0000000E+00  0.0000000E+00  0.0000000E+00
           9        1994          11           5 corn                                        HARV/KILL   0.9223167      0.0000000E+00   1.975539       28391.33       23939.31       12526.29       1.950392       10519.45      0.0000000E+00  0.0000000E+00  0.0000000E+00  0.0000000E+00  0.0000000E+00
          10        1994          11           5 corn                                        HARV/KILL   0.9223167      0.0000000E+00   1.975539       27017.83       22867.06       10483.41       1.549123       10033.57      0.0000000E+00  0.0000000E+00  0.0000000E+00  0.0000000E+00  0.0000000E+00
          11        1994          11           5 corn                                        HARV/KILL   0.9223167      0.0000000E+00   1.975539       31029.58       25070.53       15624.55       5.474766       11621.29      0.0000000E+00  0.0000000E+00  0.0000000E+00  0.0000000E+00  0.0000000E+00
          12        1994          11           5 corn                                        HARV/KILL   0.9223167      0.0000000E+00   1.975539       28650.87       23869.16       11248.09       1.798314       10665.43      0.0000000E+00  0.0000000E+00  0.0000000E+00  0.0000000E+00  0.0000000E+00
           1        1995           3          10 chisplow            TILLAGE   4.2564016E-02  0.0000000E+00   24.26740      0.0000000E+00   5458.803       11.17705       9.013498      0.3000000    
           2        1995           3          10 chisplow            TILLAGE   4.2564016E-02  0.0000000E+00   19.04955      0.0000000E+00   4093.204       7.556696       26.34907      0.3000000    
           3        1995           3          10 chisplow            TILLAGE   4.2564016E-02  0.0000000E+00   54.20002      0.0000000E+00   11667.32       8936.628       3.249904      0.3000000    
           4        1995           3          10 chisplow            TILLAGE   4.2564016E-02  0.0000000E+00   53.91824      0.0000000E+00   11654.42       9581.991       3.252855      0.3000000    
           5        1995           3          10 chisplow            TILLAGE   4.2564016E-02  0.0000000E+00   62.13977      0.0000000E+00   13117.58       12089.80       4.409052      0.3000000    
           6        1995           3          10 chisplow            TILLAGE   4.2564016E-02  0.0000000E+00   62.46968      0.0000000E+00   13182.70       12383.95       4.512916      0.3000000    
           7        1995           3          10 chisplow            TILLAGE   4.2564016E-02  0.0000000E+00   24.09810      0.0000000E+00   5437.492       11.16606       9.085949      0.3000000    
           8        1995           3          10 chisplow            TILLAGE   4.2564016E-02  0.0000000E+00   14.92033      0.0000000E+00   2881.533       4.998268       29.41560      0.3000000    
           9        1995           3          10 chisplow            TILLAGE   4.2564016E-02  0.0000000E+00   63.80502      0.0000000E+00   13406.01       12748.06       4.998256      0.3000000    
          10        1995           3          10 chisplow            TILLAGE   4.2564016E-02  0.0000000E+00   60.54087      0.0000000E+00   12805.55       10679.96       3.926907      0.3000000    
          11        1995           3          10 chisplow            TILLAGE   4.2564016E-02  0.0000000E+00   67.48931      0.0000000E+00   14039.50       15842.82       10.05722      0.3000000    
          12        1995           3          10 chisplow            TILLAGE   4.2564016E-02  0.0000000E+00   63.69024      0.0000000E+00   13366.73       11451.81       4.574037      0.3000000    
           1        1995          11           2 null                                        FERT   0.9036944      0.0000000E+00   37.42738      0.0000000E+00   5458.803       15.55591       11.28057       142.7000      0.0000000E+00  0.0000000E+00  0.0000000E+00  0.0000000E+00  0.0000000E+00
           2        1995          11           2 null                                        FERT   0.9036944      0.0000000E+00   30.96217      0.0000000E+00   4093.204       10.86386       28.13527       142.7000      0.0000000E+00  0.0000000E+00  0.0000000E+00  0.0000000E+00  0.0000000E+00
           3        1995          11           2 null                                        FERT   0.9036944      0.0000000E+00   84.15543      0.0000000E+00   11667.32       9804.133       6.083177       142.7000      0.0000000E+00  0.0000000E+00  0.0000000E+00  0.0000000E+00  0.0000000E+00
           4        1995          11           2 null                                        FERT   0.9036944      0.0000000E+00   83.75172      0.0000000E+00   11654.42       10491.49       6.083692       142.7000      0.0000000E+00  0.0000000E+00  0.0000000E+00  0.0000000E+00  0.0000000E+00
           5        1995          11           2 null                                        FERT   0.9036944      0.0000000E+00   110.8187      0.0000000E+00   13117.58       13184.08       8.375907       142.7000      0.0000000E+00  0.0000000E+00  0.0000000E+00  0.0000000E+00  0.0000000E+00
           6        1995          11           2 null                                        FERT   0.9036944      0.0000000E+00   112.0605      0.0000000E+00   13182.70       13501.18       8.578770       142.7000      0.0000000E+00  0.0000000E+00  0.0000000E+00  0.0000000E+00  0.0000000E+00
           7        1995          11           2 null                                        FERT   0.9036944      0.0000000E+00   37.31501      0.0000000E+00   5437.492       15.57056       11.34814       142.7000      0.0000000E+00  0.0000000E+00  0.0000000E+00  0.0000000E+00  0.0000000E+00
           8        1995          11           2 null                                        FERT   0.9036944      0.0000000E+00   24.66206      0.0000000E+00   2881.533       7.728217       30.62378       142.7000      0.0000000E+00  0.0000000E+00  0.0000000E+00  0.0000000E+00  0.0000000E+00
           9        1995          11           2 null                                        FERT   0.9036944      0.0000000E+00   116.4423      0.0000000E+00   13406.01       13883.33       9.508905       142.7000      0.0000000E+00  0.0000000E+00  0.0000000E+00  0.0000000E+00  0.0000000E+00
          10        1995          11           2 null                                        FERT   0.9036944      0.0000000E+00   105.2235      0.0000000E+00   12805.55       11653.67       7.471884       142.7000      0.0000000E+00  0.0000000E+00  0.0000000E+00  0.0000000E+00  0.0000000E+00
          11        1995          11           2 null                                        FERT   0.9036944      0.0000000E+00   131.1420      0.0000000E+00   14039.50       17214.80       17.09450       142.7000      0.0000000E+00  0.0000000E+00  0.0000000E+00  0.0000000E+00  0.0000000E+00
          12        1995          11           2 null                                        FERT   0.9036944      0.0000000E+00   115.9547      0.0000000E+00   13366.73       12535.85       8.737090       142.7000      0.0000000E+00  0.0000000E+00  0.0000000E+00  0.0000000E+00  0.0000000E+00
           1        1996           4           1 chisplow            TILLAGE   6.3004248E-02  0.0000000E+00   26.12768      0.0000000E+00   3056.930       20.15137       11.68736      0.3000000    
           2        1996           4           1 chisplow            TILLAGE   6.3004248E-02  0.0000000E+00   16.07718      0.0000000E+00   2292.194       15.22906       28.56628      0.3000000    
           3        1996           4           1 chisplow            TILLAGE   6.3004248E-02  0.0000000E+00   70.80148      0.0000000E+00   6533.701       10039.95       6.554465      0.3000000    
           4        1996           4           1 chisplow            TILLAGE   6.3004248E-02  0.0000000E+00   68.94441      0.0000000E+00   6526.477       10743.11       6.562289      0.3000000    
           5        1996           4           1 chisplow            TILLAGE   6.3004248E-02  0.0000000E+00   96.43857      0.0000000E+00   7345.844       13443.06       8.981810      0.3000000    
           6        1996           4           1 chisplow            TILLAGE   6.3004248E-02  0.0000000E+00   96.14955      0.0000000E+00   7382.312       13764.13       9.195375      0.3000000    
           7        1996           4           1 chisplow            TILLAGE   6.3004248E-02  0.0000000E+00   24.63290      0.0000000E+00   3044.996       20.24296       11.75178      0.3000000    
           8        1996           4           1 chisplow            TILLAGE   6.3004248E-02  0.0000000E+00   14.56411      0.0000000E+00   1613.658       11.40033       30.92342      0.3000000    
           9        1996           4           1 chisplow            TILLAGE   6.3004248E-02  0.0000000E+00   100.9961      0.0000000E+00   7507.368       14149.73       10.18029      0.3000000    
          10        1996           4           1 chisplow            TILLAGE   6.3004248E-02  0.0000000E+00   89.98027      0.0000000E+00   7171.109       11885.34       8.016739      0.3000000    
          11        1996           4           1 chisplow            TILLAGE   6.3004248E-02  0.0000000E+00   118.3159      0.0000000E+00   7862.119       17500.62       18.06636      0.3000000    
          12        1996           4           1 chisplow            TILLAGE   6.3004248E-02  0.0000000E+00   101.7597      0.0000000E+00   7485.368       12767.50       9.347660      0.3000000    
           1        1996           4          28 corn                                        PLANT   0.1260997      0.0000000E+00   1.081037      0.0000000E+00   3056.930       21.44924       11.76982      0.0000000E+00   6.000000    
           2        1996           4          28 corn                                        PLANT   0.1260997      0.0000000E+00  2.4039978E-04  0.0000000E+00   2292.195       17.04306       28.62836      0.0000000E+00   6.000000    
           3        1996           4          28 corn                                        PLANT   0.1260997      0.0000000E+00   37.40054      0.0000000E+00   6533.701       10091.67       6.767911      0.0000000E+00   6.000000    
           4        1996           4          28 corn                                        PLANT   0.1260997      0.0000000E+00   35.98380      0.0000000E+00   6526.477       10800.98       6.772939      0.0000000E+00   6.000000    
           5        1996           4          28 corn                                        PLANT   0.1260997      0.0000000E+00   60.59339      0.0000000E+00   7345.844       13516.40       9.264642      0.0000000E+00   6.000000    
           6        1996           4          28 corn                                        PLANT   0.1260997      0.0000000E+00   60.64468      0.0000000E+00   7382.312       13837.42       9.480413      0.0000000E+00   6.000000    
           7        1996           4          28 corn                                        PLANT   0.1260997      0.0000000E+00  5.7387240E-02  0.0000000E+00   3044.996       21.73709       11.82971      0.0000000E+00   6.000000    
           8        1996           4          28 corn                                        PLANT   0.1260997      0.0000000E+00  2.0448588E-04  0.0000000E+00   1613.659       12.62934       30.96774      0.0000000E+00   6.000000    
           9        1996           4          28 corn                                        PLANT   0.1260997      0.0000000E+00   64.81817      0.0000000E+00   7507.368       14222.64       10.48635      0.0000000E+00   6.000000    
          10        1996           4          28 corn                                        PLANT   0.1260997      0.0000000E+00   55.03560      0.0000000E+00   7171.109       11956.94       8.275368      0.0000000E+00   6.000000    
          11        1996           4          28 corn                                        PLANT   0.1260997      0.0000000E+00   79.55432      0.0000000E+00   7862.119       17592.09       18.47683      0.0000000E+00   6.000000    
          12        1996           4          28 corn                                        PLANT   0.1260997      0.0000000E+00   65.20691      0.0000000E+00   7485.368       12839.18       9.638275      0.0000000E+00   6.000000    
           1        1996           6           1 null                                        FERT   0.2397813      0.1477481       48.55576       570.1353       3056.930       17.68131       10.97794       181.4000      0.0000000E+00  0.0000000E+00  0.0000000E+00  0.0000000E+00  0.0000000E+00
           2        1996           6           1 null                                        FERT   0.2397813      0.1477481       44.69980       433.3193       2292.195       12.47559       28.05400       181.4000      0.0000000E+00  0.0000000E+00  0.0000000E+00  0.0000000E+00  0.0000000E+00
           3        1996           6           1 null                                        FERT   0.2397813      0.1477481       93.43003       788.9568       6533.701       10171.29       5.724247       181.4000      0.0000000E+00  0.0000000E+00  0.0000000E+00  0.0000000E+00  0.0000000E+00
           4        1996           6           1 null                                        FERT   0.2397813      0.1477481       92.18835       784.6679       6526.477       10885.64       5.732579       181.4000      0.0000000E+00  0.0000000E+00  0.0000000E+00  0.0000000E+00  0.0000000E+00
           5        1996           6           1 null                                        FERT   0.2397813      0.1477481       118.9046       794.3704       7345.844       13619.94       8.346487       181.4000      0.0000000E+00  0.0000000E+00  0.0000000E+00  0.0000000E+00  0.0000000E+00
           6        1996           6           1 null                                        FERT   0.2397813      0.1477481       119.2189       793.5774       7382.312       13944.01       8.558776       181.4000      0.0000000E+00  0.0000000E+00  0.0000000E+00  0.0000000E+00  0.0000000E+00
           7        1996           6           1 null                                        FERT   0.2397813      0.1477481       47.68063       567.0893       3044.996       17.70410       11.04228       181.4000      0.0000000E+00  0.0000000E+00  0.0000000E+00  0.0000000E+00  0.0000000E+00
           8        1996           6           1 null                                        FERT   0.2397813      0.1477481       41.96336       315.5901       1613.659       9.255124       30.54881       181.4000      0.0000000E+00  0.0000000E+00  0.0000000E+00  0.0000000E+00  0.0000000E+00
           9        1996           6           1 null                                        FERT   0.2397813      0.1477481       123.7331       797.0385       7507.368       14335.12       9.645660       181.4000      0.0000000E+00  0.0000000E+00  0.0000000E+00  0.0000000E+00  0.0000000E+00
          10        1996           6           1 null                                        FERT   0.2397813      0.1477481       112.9536       790.1862       7171.109       12052.56       7.276670       181.4000      0.0000000E+00  0.0000000E+00  0.0000000E+00  0.0000000E+00  0.0000000E+00
          11        1996           6           1 null                                        FERT   0.2397813      0.1477481       139.3088       799.8164       7862.119       17736.32       17.77417       181.4000      0.0000000E+00  0.0000000E+00  0.0000000E+00  0.0000000E+00  0.0000000E+00
          12        1996           6           1 null                                        FERT   0.2397813      0.1477481       123.9058       794.4507       7485.368       12938.66       8.731424       181.4000      0.0000000E+00  0.0000000E+00  0.0000000E+00  0.0000000E+00  0.0000000E+00
           1        1996          10           7 corn                                        HARV/KILL   0.8424556      0.0000000E+00  4.9999999E-06   8166.380       6674.346       25.36219       8.304324       2769.904      0.0000000E+00  0.0000000E+00  0.0000000E+00  0.0000000E+00  0.0000000E+00
           2        1996          10           7 corn                                        HARV/KILL   0.8424556      0.0000000E+00  4.9999999E-06   5989.028       4945.049       16.96784       26.06404       2031.449      0.0000000E+00  0.0000000E+00  0.0000000E+00  0.0000000E+00  0.0000000E+00
           3        1996          10           7 corn                                        HARV/KILL   0.8424556      0.0000000E+00  4.9999999E-06   24487.43       17378.23       10291.26      0.7345401       8308.147      0.0000000E+00  0.0000000E+00  0.0000000E+00  0.0000000E+00  0.0000000E+00
           4        1996          10           7 corn                                        HARV/KILL   0.8424556      0.0000000E+00  4.9999999E-06   24475.85       17368.33       11019.20      0.7341612       8301.882      0.0000000E+00  0.0000000E+00  0.0000000E+00  0.0000000E+00  0.0000000E+00
           5        1996          10           7 corn                                        HARV/KILL   0.8424556      0.0000000E+00  4.9999999E-06   26378.23       18738.93       13796.49      0.9555075       9224.022      0.0000000E+00  0.0000000E+00  0.0000000E+00  0.0000000E+00  0.0000000E+00
           6        1996          10           7 corn                                        HARV/KILL   0.8424556      0.0000000E+00  4.9999999E-06   26451.28       18797.41       14122.73      0.9733080       9258.630      0.0000000E+00  0.0000000E+00  0.0000000E+00  0.0000000E+00  0.0000000E+00
           7        1996          10           7 corn                                        HARV/KILL   0.8424556      0.0000000E+00  4.9999999E-06   8105.597       6635.491       25.49252       8.389647       2749.283      0.0000000E+00  0.0000000E+00  0.0000000E+00  0.0000000E+00  0.0000000E+00
           8        1996          10           7 corn                                        HARV/KILL   0.8424556      0.0000000E+00  4.9999999E-06   4124.910       3440.782       11.76040       29.21098       1399.165      0.0000000E+00  0.0000000E+00  0.0000000E+00  0.0000000E+00  0.0000000E+00
           9        1996          10           7 corn                                        HARV/KILL   0.8424556      0.0000000E+00  4.9999999E-06   26957.76       19095.51       14523.17       1.061384       9479.161      0.0000000E+00  0.0000000E+00  0.0000000E+00  0.0000000E+00  0.0000000E+00
          10        1996          10           7 corn                                        HARV/KILL   0.8424556      0.0000000E+00  4.9999999E-06   26097.53       18475.28       12200.01      0.8646361       9095.163      0.0000000E+00  0.0000000E+00  0.0000000E+00  0.0000000E+00  0.0000000E+00
          11        1996          10           7 corn                                        HARV/KILL   0.8424556      0.0000000E+00  4.9999999E-06   28327.58       19852.30       17998.55       5.999758       10138.28      0.0000000E+00  0.0000000E+00  0.0000000E+00  0.0000000E+00  0.0000000E+00
          12        1996          10           7 corn                                        HARV/KILL   0.8424556      0.0000000E+00  4.9999999E-06   26976.70       19055.59       13107.67      0.9830057       9510.581      0.0000000E+00  0.0000000E+00  0.0000000E+00  0.0000000E+00  0.0000000E+00
           1        1996          10           9 null                                        FERT   5.9960615E-03  0.0000000E+00  4.9999999E-06  0.0000000E+00   6674.346       25.63296       8.324442       142.7000      0.0000000E+00  0.0000000E+00  0.0000000E+00  0.0000000E+00  0.0000000E+00
           2        1996          10           9 null                                        FERT   5.9960615E-03  0.0000000E+00  4.9999999E-06  0.0000000E+00   4945.049       17.16303       26.07817       142.7000      0.0000000E+00  0.0000000E+00  0.0000000E+00  0.0000000E+00  0.0000000E+00
           3        1996          10           9 null                                        FERT   5.9960615E-03  0.0000000E+00  4.9999999E-06  0.0000000E+00   17378.23       10292.75      0.7629985       142.7000      0.0000000E+00  0.0000000E+00  0.0000000E+00  0.0000000E+00  0.0000000E+00
           4        1996          10           9 null                                        FERT   5.9960615E-03  0.0000000E+00  4.9999999E-06  0.0000000E+00   17368.33       11020.74      0.7627296       142.7000      0.0000000E+00  0.0000000E+00  0.0000000E+00  0.0000000E+00  0.0000000E+00
           5        1996          10           9 null                                        FERT   5.9960615E-03  0.0000000E+00  4.9999999E-06  0.0000000E+00   18738.93       13798.25      0.9945490       142.7000      0.0000000E+00  0.0000000E+00  0.0000000E+00  0.0000000E+00  0.0000000E+00
           6        1996          10           9 null                                        FERT   5.9960615E-03  0.0000000E+00  4.9999999E-06  0.0000000E+00   18797.41       14124.50       1.013321       142.7000      0.0000000E+00  0.0000000E+00  0.0000000E+00  0.0000000E+00  0.0000000E+00
           7        1996          10           9 null                                        FERT   5.9960615E-03  0.0000000E+00  4.9999999E-06  0.0000000E+00   6635.491       25.76272       8.409665       142.7000      0.0000000E+00  0.0000000E+00  0.0000000E+00  0.0000000E+00  0.0000000E+00
           8        1996          10           9 null                                        FERT   5.9960615E-03  0.0000000E+00  4.9999999E-06  0.0000000E+00   3440.782       11.89548       29.22080       142.7000      0.0000000E+00  0.0000000E+00  0.0000000E+00  0.0000000E+00  0.0000000E+00
           9        1996          10           9 null                                        FERT   5.9960615E-03  0.0000000E+00  4.9999999E-06  0.0000000E+00   19095.51       14524.99       1.105774       142.7000      0.0000000E+00  0.0000000E+00  0.0000000E+00  0.0000000E+00  0.0000000E+00
          10        1996          10           9 null                                        FERT   5.9960615E-03  0.0000000E+00  4.9999999E-06  0.0000000E+00   18475.28       12201.66      0.8995343       142.7000      0.0000000E+00  0.0000000E+00  0.0000000E+00  0.0000000E+00  0.0000000E+00
          11        1996          10           9 null                                        FERT   5.9960615E-03  0.0000000E+00  4.9999999E-06  0.0000000E+00   19852.30       18000.69       6.062306       142.7000      0.0000000E+00  0.0000000E+00  0.0000000E+00  0.0000000E+00  0.0000000E+00
          12        1996          10           9 null                                        FERT   5.9960615E-03  0.0000000E+00  4.9999999E-06  0.0000000E+00   19055.59       13109.39       1.023749       142.7000      0.0000000E+00  0.0000000E+00  0.0000000E+00  0.0000000E+00  0.0000000E+00
           1        1996          10          11 chisplow            TILLAGE   1.0887141E-02  0.0000000E+00  0.1121904      0.0000000E+00   4672.042       25.90117       8.344746      0.3000000    
           2        1996          10          11 chisplow            TILLAGE   1.0887141E-02  0.0000000E+00  5.8550373E-02  0.0000000E+00   3461.534       17.35606       26.09241      0.3000000    
           3        1996          10          11 chisplow            TILLAGE   1.0887141E-02  0.0000000E+00  0.3725048      0.0000000E+00   12164.76       10294.23      0.7934790      0.3000000    
           4        1996          10          11 chisplow            TILLAGE   1.0887141E-02  0.0000000E+00  0.3723130      0.0000000E+00   12157.83       11022.28      0.7933186      0.3000000    
           5        1996          10          11 chisplow            TILLAGE   1.0887141E-02  0.0000000E+00  0.3981363      0.0000000E+00   13117.25       13799.99       1.035965      0.3000000    
           6        1996          10          11 chisplow            TILLAGE   1.0887141E-02  0.0000000E+00  0.3992054      0.0000000E+00   13158.19       14126.27       1.055730      0.3000000    
           7        1996          10          11 chisplow            TILLAGE   1.0887141E-02  0.0000000E+00  0.1110255      0.0000000E+00   4644.844       26.03040       8.429857      0.3000000    
           8        1996          10          11 chisplow            TILLAGE   1.0887141E-02  0.0000000E+00  3.2004029E-02  0.0000000E+00   2408.547       12.02922       29.23071      0.3000000    
           9        1996          10          11 chisplow            TILLAGE   1.0887141E-02  0.0000000E+00  0.4046149      0.0000000E+00   13366.86       14526.80       1.152670      0.3000000    
          10        1996          10          11 chisplow            TILLAGE   1.0887141E-02  0.0000000E+00  0.3932832      0.0000000E+00   12932.70       12203.30      0.9366235      0.3000000    
          11        1996          10          11 chisplow            TILLAGE   1.0887141E-02  0.0000000E+00  0.4180468      0.0000000E+00   13896.61       18002.81       6.131041      0.3000000    
          12        1996          10          11 chisplow            TILLAGE   1.0887141E-02  0.0000000E+00  0.4038943      0.0000000E+00   13338.91       13111.10       1.066841      0.3000000    
           1        1997           5           1 fldcult             TILLAGE   0.1297202      0.0000000E+00   58.99295      0.0000000E+00   2616.344       28.23849       10.14668      0.3000000    
           2        1997           5           1 fldcult             TILLAGE   0.1297202      0.0000000E+00   53.41626      0.0000000E+00   1938.459       19.15717       27.32257      0.3000000    
           3        1997           5           1 fldcult             TILLAGE   0.1297202      0.0000000E+00   114.8517      0.0000000E+00   6812.265       10590.71       4.042689      0.3000000    
           4        1997           5           1 fldcult             TILLAGE   0.1297202      0.0000000E+00   114.8857      0.0000000E+00   6808.386       11343.62       4.062565      0.3000000    
           5        1997           5           1 fldcult             TILLAGE   0.1297202      0.0000000E+00   124.9755      0.0000000E+00   7345.661       14173.05       5.276294      0.3000000    
           6        1997           5           1 fldcult             TILLAGE   0.1297202      0.0000000E+00   125.7302      0.0000000E+00   7368.585       14505.30       5.381543      0.3000000    
           7        1997           5           1 fldcult             TILLAGE   0.1297202      0.0000000E+00   58.81760      0.0000000E+00   2601.113       28.36297       10.22240      0.3000000    
           8        1997           5           1 fldcult             TILLAGE   0.1297202      0.0000000E+00   46.94427      0.0000000E+00   1348.786       13.48951       30.08858      0.3000000    
           9        1997           5           1 fldcult             TILLAGE   0.1297202      0.0000000E+00   128.2720      0.0000000E+00   7485.441       14915.53       5.853847      0.3000000    
          10        1997           5           1 fldcult             TILLAGE   0.1297202      0.0000000E+00   125.4259      0.0000000E+00   7242.310       12535.37       4.763068      0.3000000    
          11        1997           5           1 fldcult             TILLAGE   0.1297202      0.0000000E+00   139.2056      0.0000000E+00   7782.104       18451.01       12.19976      0.3000000    
          12        1997           5           1 fldcult             TILLAGE   0.1297202      0.0000000E+00   130.6409      0.0000000E+00   7469.792       13462.31       5.404942      0.3000000    
           1        1997           5           3 corn                                        PLANT   0.1343399      0.0000000E+00   91.82304      0.0000000E+00   2616.344       28.36524       10.16771      0.0000000E+00   6.000000    
           1        1997           5           3 null                                        FERT   0.1343399      0.0000000E+00   91.82304      0.0000000E+00   2616.344       28.36524       10.16771       26.00000      0.0000000E+00  0.0000000E+00  0.0000000E+00  0.0000000E+00  0.0000000E+00
           2        1997           5           3 corn                                        PLANT   0.1343399      0.0000000E+00   86.12372      0.0000000E+00   1938.459       19.24732       27.33720      0.0000000E+00   6.000000    
           2        1997           5           3 null                                        FERT   0.1343399      0.0000000E+00   86.12372      0.0000000E+00   1938.459       19.24732       27.33720       26.00000      0.0000000E+00  0.0000000E+00  0.0000000E+00  0.0000000E+00  0.0000000E+00
           3        1997           5           3 corn                                        PLANT   0.1343399      0.0000000E+00   148.3275      0.0000000E+00   6812.265       10596.95       4.085089      0.0000000E+00   6.000000    
           3        1997           5           3 null                                        FERT   0.1343399      0.0000000E+00   148.3275      0.0000000E+00   6812.265       10596.95       4.085089       26.00000      0.0000000E+00  0.0000000E+00  0.0000000E+00  0.0000000E+00  0.0000000E+00
           4        1997           5           3 corn                                        PLANT   0.1343399      0.0000000E+00   148.3663      0.0000000E+00   6808.386       11349.84       4.104548      0.0000000E+00   6.000000    
           4        1997           5           3 null                                        FERT   0.1343399      0.0000000E+00   148.3663      0.0000000E+00   6808.386       11349.84       4.104548       26.00000      0.0000000E+00  0.0000000E+00  0.0000000E+00  0.0000000E+00  0.0000000E+00
           5        1997           5           3 corn                                        PLANT   0.1343399      0.0000000E+00   158.5112      0.0000000E+00   7345.661       14180.48       5.329019      0.0000000E+00   6.000000    
           5        1997           5           3 null                                        FERT   0.1343399      0.0000000E+00   158.5112      0.0000000E+00   7345.661       14180.48       5.329019       26.00000      0.0000000E+00  0.0000000E+00  0.0000000E+00  0.0000000E+00  0.0000000E+00
           6        1997           5           3 corn                                        PLANT   0.1343399      0.0000000E+00   159.2778      0.0000000E+00   7368.585       14512.73       5.434863      0.0000000E+00   6.000000    
           6        1997           5           3 null                                        FERT   0.1343399      0.0000000E+00   159.2778      0.0000000E+00   7368.585       14512.73       5.434863       26.00000      0.0000000E+00  0.0000000E+00  0.0000000E+00  0.0000000E+00  0.0000000E+00
           7        1997           5           3 corn                                        PLANT   0.1343399      0.0000000E+00   91.64523      0.0000000E+00   2601.113       28.48822       10.24319      0.0000000E+00   6.000000    
           7        1997           5           3 null                                        FERT   0.1343399      0.0000000E+00   91.64523      0.0000000E+00   2601.113       28.48822       10.24319       26.00000      0.0000000E+00  0.0000000E+00  0.0000000E+00  0.0000000E+00  0.0000000E+00
           8        1997           5           3 corn                                        PLANT   0.1343399      0.0000000E+00   79.54711      0.0000000E+00   1348.786       13.54871       30.09864      0.0000000E+00   6.000000    
           8        1997           5           3 null                                        FERT   0.1343399      0.0000000E+00   79.54711      0.0000000E+00   1348.786       13.54871       30.09864       26.00000      0.0000000E+00  0.0000000E+00  0.0000000E+00  0.0000000E+00  0.0000000E+00
           9        1997           5           3 corn                                        PLANT   0.1343399      0.0000000E+00   161.8374      0.0000000E+00   7485.441       14923.02       5.911067      0.0000000E+00   6.000000    
           9        1997           5           3 null                                        FERT   0.1343399      0.0000000E+00   161.8374      0.0000000E+00   7485.441       14923.02       5.911067       26.00000      0.0000000E+00  0.0000000E+00  0.0000000E+00  0.0000000E+00  0.0000000E+00
          10        1997           5           3 corn                                        PLANT   0.1343399      0.0000000E+00   158.9719      0.0000000E+00   7242.310       12541.77       4.811316      0.0000000E+00   6.000000    
          10        1997           5           3 null                                        FERT   0.1343399      0.0000000E+00   158.9719      0.0000000E+00   7242.310       12541.77       4.811316       26.00000      0.0000000E+00  0.0000000E+00  0.0000000E+00  0.0000000E+00  0.0000000E+00
          11        1997           5           3 corn                                        PLANT   0.1343399      0.0000000E+00   172.8212      0.0000000E+00   7782.104       18459.65       12.27045      0.0000000E+00   6.000000    
          11        1997           5           3 null                                        FERT   0.1343399      0.0000000E+00   172.8212      0.0000000E+00   7782.104       18459.65       12.27045       26.00000      0.0000000E+00  0.0000000E+00  0.0000000E+00  0.0000000E+00  0.0000000E+00
          12        1997           5           3 corn                                        PLANT   0.1343399      0.0000000E+00   164.2170      0.0000000E+00   7469.792       13468.80       5.458456      0.0000000E+00   6.000000    
          12        1997           5           3 null                                        FERT   0.1343399      0.0000000E+00   164.2170      0.0000000E+00   7469.792       13468.80       5.458456       26.00000      0.0000000E+00  0.0000000E+00  0.0000000E+00  0.0000000E+00  0.0000000E+00
           1        1997           6           6 null                                        FERT   0.2651104      0.1887899       28.37640       586.8564       2616.344       25.66746       9.545702       182.6000      0.0000000E+00  0.0000000E+00  0.0000000E+00  0.0000000E+00  0.0000000E+00
           2        1997           6           6 null                                        FERT   0.2651104      0.1887899       24.38407       375.6288       1938.459       18.52284       26.97157       182.6000      0.0000000E+00  0.0000000E+00  0.0000000E+00  0.0000000E+00  0.0000000E+00
           3        1997           6           6 null                                        FERT   0.2651104      0.1887899       62.07343       1184.023       6812.265       10678.96       2.736610       182.6000      0.0000000E+00  0.0000000E+00  0.0000000E+00  0.0000000E+00  0.0000000E+00
           4        1997           6           6 null                                        FERT   0.2651104      0.1887899       61.14574       1181.012       6808.386       11434.11       2.757761       182.6000      0.0000000E+00  0.0000000E+00  0.0000000E+00  0.0000000E+00  0.0000000E+00
           5        1997           6           6 null                                        FERT   0.2651104      0.1887899       72.18084       1189.671       7345.661       14288.85       4.145586       182.6000      0.0000000E+00  0.0000000E+00  0.0000000E+00  0.0000000E+00  0.0000000E+00
           6        1997           6           6 null                                        FERT   0.2651104      0.1887899       73.01232       1188.764       7368.585       14624.82       4.265142       182.6000      0.0000000E+00  0.0000000E+00  0.0000000E+00  0.0000000E+00  0.0000000E+00
           7        1997           6           6 null                                        FERT   0.2651104      0.1887899       28.26388       584.7019       2601.113       25.79212       9.622625       182.6000      0.0000000E+00  0.0000000E+00  0.0000000E+00  0.0000000E+00  0.0000000E+00
           8        1997           6           6 null                                        FERT   0.2651104      0.1887899       20.15604       239.4639       1348.786       13.81386       29.88273       182.6000      0.0000000E+00  0.0000000E+00  0.0000000E+00  0.0000000E+00  0.0000000E+00
           9        1997           6           6 null                                        FERT   0.2651104      0.1887899       75.92672       1191.874       7485.441       15035.65       4.791322       182.6000      0.0000000E+00  0.0000000E+00  0.0000000E+00  0.0000000E+00  0.0000000E+00
          10        1997           6           6 null                                        FERT   0.2651104      0.1887899       72.33621       1185.457       7242.310       12642.23       3.573905       182.6000      0.0000000E+00  0.0000000E+00  0.0000000E+00  0.0000000E+00  0.0000000E+00
          11        1997           6           6 null                                        FERT   0.2651104      0.1887899       87.79612       1194.436       7782.104       18606.22       11.37549       182.6000      0.0000000E+00  0.0000000E+00  0.0000000E+00  0.0000000E+00  0.0000000E+00
          12        1997           6           6 null                                        FERT   0.2651104      0.1887899       78.25399       1188.913       7469.792       13575.94       4.295609       182.6000      0.0000000E+00  0.0000000E+00  0.0000000E+00  0.0000000E+00  0.0000000E+00
           1        1997          11           9 corn                                        HARV/KILL   0.9050254      0.0000000E+00   27.66967       6246.930       5339.604       34.90758       8.317727       2160.570      0.0000000E+00  0.0000000E+00  0.0000000E+00  0.0000000E+00  0.0000000E+00
           2        1997          11           9 corn                                        HARV/KILL   0.9050254      0.0000000E+00   27.80036       4228.301       3784.971       23.74545       26.11867       1459.322      0.0000000E+00  0.0000000E+00  0.0000000E+00  0.0000000E+00  0.0000000E+00
           3        1997          11           9 corn                                        HARV/KILL   0.9050254      0.0000000E+00   27.34659       19574.10       15284.50       10797.83       1.152397       6827.698      0.0000000E+00  0.0000000E+00  0.0000000E+00  0.0000000E+00  0.0000000E+00
           4        1997          11           9 corn                                        HARV/KILL   0.9050254      0.0000000E+00   27.35003       19604.48       15293.64       11558.05       1.153732       6838.411      0.0000000E+00  0.0000000E+00  0.0000000E+00  0.0000000E+00  0.0000000E+00
           5        1997          11           9 corn                                        HARV/KILL   0.9050254      0.0000000E+00   27.34821       21836.29       16796.95       14441.85       1.478422       7616.859      0.0000000E+00  0.0000000E+00  0.0000000E+00  0.0000000E+00  0.0000000E+00
           6        1997          11           9 corn                                        HARV/KILL   0.9050254      0.0000000E+00   27.35140       21950.71       16869.25       14787.81       1.504414       7656.908      0.0000000E+00  0.0000000E+00  0.0000000E+00  0.0000000E+00  0.0000000E+00
           7        1997          11           9 corn                                        HARV/KILL   0.9050254      0.0000000E+00   27.67107       6206.560       5306.914       35.03236       8.401310       2146.474      0.0000000E+00  0.0000000E+00  0.0000000E+00  0.0000000E+00  0.0000000E+00
           8        1997          11           9 corn                                        HARV/KILL   0.9050254      0.0000000E+00   28.05272       2772.900       2564.705       16.11721       29.32666       952.2814      0.0000000E+00  0.0000000E+00  0.0000000E+00  0.0000000E+00  0.0000000E+00
           9        1997          11           9 corn                                        HARV/KILL   0.9050254      0.0000000E+00   27.35227       22360.72       17163.48       15205.01       1.630734       7800.015      0.0000000E+00  0.0000000E+00  0.0000000E+00  0.0000000E+00  0.0000000E+00
          10        1997          11           9 corn                                        HARV/KILL   0.9050254      0.0000000E+00   27.36316       21272.57       16448.88       12781.44       1.341789       7420.913      0.0000000E+00  0.0000000E+00  0.0000000E+00  0.0000000E+00  0.0000000E+00
          11        1997          11           9 corn                                        HARV/KILL   0.9050254      0.0000000E+00   27.36532       23374.07       17897.77       18847.40       5.160065       8154.415      0.0000000E+00  0.0000000E+00  0.0000000E+00  0.0000000E+00  0.0000000E+00
          12        1997          11           9 corn                                        HARV/KILL   0.9050254      0.0000000E+00   27.36449       22189.96       17073.25       13725.70       1.511541       7741.085      0.0000000E+00  0.0000000E+00  0.0000000E+00  0.0000000E+00  0.0000000E+00
           1        1997          11          14 null                                        FERT   3.7662738E-03  0.0000000E+00   25.47623      0.0000000E+00   5339.604       35.14563       8.365904       336.0000      0.0000000E+00  0.0000000E+00  0.0000000E+00  0.0000000E+00  0.0000000E+00
           2        1997          11          14 null                                        FERT   3.7662738E-03  0.0000000E+00   25.16911      0.0000000E+00   3784.971       23.93013       26.15168       336.0000      0.0000000E+00  0.0000000E+00  0.0000000E+00  0.0000000E+00  0.0000000E+00
           3        1997          11          14 null                                        FERT   3.7662738E-03  0.0000000E+00   28.03667      0.0000000E+00   15284.50       10808.03       1.234424       336.0000      0.0000000E+00  0.0000000E+00  0.0000000E+00  0.0000000E+00  0.0000000E+00
           4        1997          11          14 null                                        FERT   3.7662738E-03  0.0000000E+00   28.04226      0.0000000E+00   15293.64       11569.28       1.236316       336.0000      0.0000000E+00  0.0000000E+00  0.0000000E+00  0.0000000E+00  0.0000000E+00
           5        1997          11          14 null                                        FERT   3.7662738E-03  0.0000000E+00   28.37557      0.0000000E+00   16796.95       14453.26       1.584431       336.0000      0.0000000E+00  0.0000000E+00  0.0000000E+00  0.0000000E+00  0.0000000E+00
           6        1997          11          14 null                                        FERT   3.7662738E-03  0.0000000E+00   28.39428      0.0000000E+00   16869.25       14799.23       1.612479       336.0000      0.0000000E+00  0.0000000E+00  0.0000000E+00  0.0000000E+00  0.0000000E+00
           7        1997          11          14 null                                        FERT   3.7662738E-03  0.0000000E+00   25.46821      0.0000000E+00   5306.914       35.26924       8.449251       336.0000      0.0000000E+00  0.0000000E+00  0.0000000E+00  0.0000000E+00  0.0000000E+00
           8        1997          11          14 null                                        FERT   3.7662738E-03  0.0000000E+00   25.07633      0.0000000E+00   2564.705       16.24822       29.34883       336.0000      0.0000000E+00  0.0000000E+00  0.0000000E+00  0.0000000E+00  0.0000000E+00
           9        1997          11          14 null                                        FERT   3.7662738E-03  0.0000000E+00   28.45765      0.0000000E+00   17163.48       15216.48       1.747807       336.0000      0.0000000E+00  0.0000000E+00  0.0000000E+00  0.0000000E+00  0.0000000E+00
          10        1997          11          14 null                                        FERT   3.7662738E-03  0.0000000E+00   28.31512      0.0000000E+00   16448.88       12792.79       1.437614       336.0000      0.0000000E+00  0.0000000E+00  0.0000000E+00  0.0000000E+00  0.0000000E+00
          11        1997          11          14 null                                        FERT   3.7662738E-03  0.0000000E+00   28.62263      0.0000000E+00   17897.77       18859.30       5.325411       336.0000      0.0000000E+00  0.0000000E+00  0.0000000E+00  0.0000000E+00  0.0000000E+00
          12        1997          11          14 null                                        FERT   3.7662738E-03  0.0000000E+00   28.45076      0.0000000E+00   17073.25       13737.11       1.619521       336.0000      0.0000000E+00  0.0000000E+00  0.0000000E+00  0.0000000E+00  0.0000000E+00
           1        1998           4          24 fldcult             TILLAGE   0.1160438      0.0000000E+00   89.24561      0.0000000E+00   2990.178       38.37860       9.610857      0.3000000    
           2        1998           4          24 fldcult             TILLAGE   0.1160438      0.0000000E+00   78.96986      0.0000000E+00   2119.584       26.15258       26.98690      0.3000000    
           3        1998           4          24 fldcult             TILLAGE   0.1160438      0.0000000E+00   158.5581      0.0000000E+00   8559.317       11087.57       3.404610      0.3000000    
           4        1998           4          24 fldcult             TILLAGE   0.1160438      0.0000000E+00   158.6146      0.0000000E+00   8564.440       11860.03       3.425270      0.3000000    
           5        1998           4          24 fldcult             TILLAGE   0.1160438      0.0000000E+00   168.7966      0.0000000E+00   9406.292       14799.32       4.371835      0.3000000    
           6        1998           4          24 fldcult             TILLAGE   0.1160438      0.0000000E+00   169.3230      0.0000000E+00   9446.778       15151.72       4.452070      0.3000000    
           7        1998           4          24 fldcult             TILLAGE   0.1160438      0.0000000E+00   88.91713      0.0000000E+00   2971.872       38.50147       9.688665      0.3000000    
           8        1998           4          24 fldcult             TILLAGE   0.1160438      0.0000000E+00   71.38600      0.0000000E+00   1436.234       18.07299       29.91507      0.3000000    
           9        1998           4          24 fldcult             TILLAGE   0.1160438      0.0000000E+00   171.2999      0.0000000E+00   9611.547       15575.98       4.810795      0.3000000    
          10        1998           4          24 fldcult             TILLAGE   0.1160438      0.0000000E+00   166.7896      0.0000000E+00   9211.371       13098.22       3.952916      0.3000000    
          11        1998           4          24 fldcult             TILLAGE   0.1160438      0.0000000E+00   176.5015      0.0000000E+00   10022.75       19216.06       9.554033      0.3000000    
          12        1998           4          24 fldcult             TILLAGE   0.1160438      0.0000000E+00   170.9893      0.0000000E+00   9561.018       14057.24       4.437848      0.3000000    
           1        1998           4          25 null                                        FERT   0.1185832      0.0000000E+00   88.01421      0.0000000E+00   2990.178       38.42694       9.619688       27.00000      0.0000000E+00  0.0000000E+00  0.0000000E+00  0.0000000E+00  0.0000000E+00
           1        1998           4          25 corn                                        PLANT   0.1185832      0.0000000E+00   88.01421      0.0000000E+00   2990.178       38.42694       9.619688      0.0000000E+00   6.000000    
           2        1998           4          25 null                                        FERT   0.1185832      0.0000000E+00   77.68369      0.0000000E+00   2119.584       26.18717       26.99297       27.00000      0.0000000E+00  0.0000000E+00  0.0000000E+00  0.0000000E+00  0.0000000E+00
           2        1998           4          25 corn                                        PLANT   0.1185832      0.0000000E+00   77.68369      0.0000000E+00   2119.584       26.18717       26.99297      0.0000000E+00   6.000000    
           3        1998           4          25 null                                        FERT   0.1185832      0.0000000E+00   157.6260      0.0000000E+00   8559.317       11090.91       3.423842       27.00000      0.0000000E+00  0.0000000E+00  0.0000000E+00  0.0000000E+00  0.0000000E+00
           3        1998           4          25 corn                                        PLANT   0.1185832      0.0000000E+00   157.6260      0.0000000E+00   8559.317       11090.91       3.423842      0.0000000E+00   6.000000    
           4        1998           4          25 null                                        FERT   0.1185832      0.0000000E+00   157.6827      0.0000000E+00   8564.440       11863.21       3.444468       27.00000      0.0000000E+00  0.0000000E+00  0.0000000E+00  0.0000000E+00  0.0000000E+00
           4        1998           4          25 corn                                        PLANT   0.1185832      0.0000000E+00   157.6827      0.0000000E+00   8564.440       11863.21       3.444468      0.0000000E+00   6.000000    
           5        1998           4          25 null                                        FERT   0.1185832      0.0000000E+00   167.9031      0.0000000E+00   9406.292       14802.43       4.395590       27.00000      0.0000000E+00  0.0000000E+00  0.0000000E+00  0.0000000E+00  0.0000000E+00
           5        1998           4          25 corn                                        PLANT   0.1185832      0.0000000E+00   167.9031      0.0000000E+00   9406.292       14802.43       4.395590      0.0000000E+00   6.000000    
           6        1998           4          25 null                                        FERT   0.1185832      0.0000000E+00   168.4313      0.0000000E+00   9446.778       15155.88       4.476089       27.00000      0.0000000E+00  0.0000000E+00  0.0000000E+00  0.0000000E+00  0.0000000E+00
           6        1998           4          25 corn                                        PLANT   0.1185832      0.0000000E+00   168.4313      0.0000000E+00   9446.778       15155.88       4.476089      0.0000000E+00   6.000000    
           7        1998           4          25 null                                        FERT   0.1185832      0.0000000E+00   87.68460      0.0000000E+00   2971.872       38.54924       9.697419       27.00000      0.0000000E+00  0.0000000E+00  0.0000000E+00  0.0000000E+00  0.0000000E+00
           7        1998           4          25 corn                                        PLANT   0.1185832      0.0000000E+00   87.68460      0.0000000E+00   2971.872       38.54924       9.697419      0.0000000E+00   6.000000    
           8        1998           4          25 null                                        FERT   0.1185832      0.0000000E+00   70.09015      0.0000000E+00   1436.234       18.09896       29.91911       27.00000      0.0000000E+00  0.0000000E+00  0.0000000E+00  0.0000000E+00  0.0000000E+00
           8        1998           4          25 corn                                        PLANT   0.1185832      0.0000000E+00   70.09015      0.0000000E+00   1436.234       18.09896       29.91911      0.0000000E+00   6.000000    
           9        1998           4          25 null                                        FERT   0.1185832      0.0000000E+00   170.4156      0.0000000E+00   9611.547       15580.25       4.836347       27.00000      0.0000000E+00  0.0000000E+00  0.0000000E+00  0.0000000E+00  0.0000000E+00
           9        1998           4          25 corn                                        PLANT   0.1185832      0.0000000E+00   170.4156      0.0000000E+00   9611.547       15580.25       4.836347      0.0000000E+00   6.000000    
          10        1998           4          25 null                                        FERT   0.1185832      0.0000000E+00   165.8874      0.0000000E+00   9211.371       13101.32       3.974749       27.00000      0.0000000E+00  0.0000000E+00  0.0000000E+00  0.0000000E+00  0.0000000E+00
          10        1998           4          25 corn                                        PLANT   0.1185832      0.0000000E+00   165.8874      0.0000000E+00   9211.371       13101.32       3.974749      0.0000000E+00   6.000000    
          11        1998           4          25 null                                        FERT   0.1185832      0.0000000E+00   175.6352      0.0000000E+00   10022.75       19220.45       9.588181       27.00000      0.0000000E+00  0.0000000E+00  0.0000000E+00  0.0000000E+00  0.0000000E+00
          11        1998           4          25 corn                                        PLANT   0.1185832      0.0000000E+00   175.6352      0.0000000E+00   10022.75       19220.45       9.588181      0.0000000E+00   6.000000    
          12        1998           4          25 null                                        FERT   0.1185832      0.0000000E+00   170.1027      0.0000000E+00   9561.018       14060.56       4.461828       27.00000      0.0000000E+00  0.0000000E+00  0.0000000E+00  0.0000000E+00  0.0000000E+00
          12        1998           4          25 corn                                        PLANT   0.1185832      0.0000000E+00   170.1027      0.0000000E+00   9561.018       14060.56       4.461828      0.0000000E+00   6.000000    
           1        1998           6           4 null                                        FERT   0.2588384      0.1904948       70.16441       716.1215       2990.178       33.76364       8.834637       180.3000      0.0000000E+00  0.0000000E+00  0.0000000E+00  0.0000000E+00  0.0000000E+00
           2        1998           6           4 null                                        FERT   0.2588384      0.1904948       61.68190       446.8333       2119.584       24.42865       26.52764       180.3000      0.0000000E+00  0.0000000E+00  0.0000000E+00  0.0000000E+00  0.0000000E+00
           3        1998           6           4 null                                        FERT   0.2588384      0.1904948       139.5604       1460.290       8559.317       11181.21       1.790364       180.3000      0.0000000E+00  0.0000000E+00  0.0000000E+00  0.0000000E+00  0.0000000E+00
           4        1998           6           4 null                                        FERT   0.2588384      0.1904948       139.6391       1457.105       8564.440       11961.50       1.814991       180.3000      0.0000000E+00  0.0000000E+00  0.0000000E+00  0.0000000E+00  0.0000000E+00
           5        1998           6           4 null                                        FERT   0.2588384      0.1904948       154.2993       1466.552       9406.292       14929.09       2.950992       180.3000      0.0000000E+00  0.0000000E+00  0.0000000E+00  0.0000000E+00  0.0000000E+00
           6        1998           6           4 null                                        FERT   0.2588384      0.1904948       155.0558       1465.577       9446.778       15285.17       3.049110       180.3000      0.0000000E+00  0.0000000E+00  0.0000000E+00  0.0000000E+00  0.0000000E+00
           7        1998           6           4 null                                        FERT   0.2588384      0.1904948       69.91145       712.9296       2971.872       33.89011       8.915054       180.3000      0.0000000E+00  0.0000000E+00  0.0000000E+00  0.0000000E+00  0.0000000E+00
           8        1998           6           4 null                                        FERT   0.2588384      0.1904948       55.91135       273.2105       1436.234       18.34850       29.64747       180.3000      0.0000000E+00  0.0000000E+00  0.0000000E+00  0.0000000E+00  0.0000000E+00
           9        1998           6           4 null                                        FERT   0.2588384      0.1904948       157.9440       1469.156       9611.547       15714.26       3.474373       180.3000      0.0000000E+00  0.0000000E+00  0.0000000E+00  0.0000000E+00  0.0000000E+00
          10        1998           6           4 null                                        FERT   0.2588384      0.1904948       151.2399       1461.999       9211.371       13214.70       2.460669       180.3000      0.0000000E+00  0.0000000E+00  0.0000000E+00  0.0000000E+00  0.0000000E+00
          11        1998           6           4 null                                        FERT   0.2588384      0.1904948       165.3975       1472.485       10022.75       19391.50       8.539642       180.3000      0.0000000E+00  0.0000000E+00  0.0000000E+00  0.0000000E+00  0.0000000E+00
          12        1998           6           4 null                                        FERT   0.2588384      0.1904948       157.3696       1465.952       9561.018       14180.79       3.046100       180.3000      0.0000000E+00  0.0000000E+00  0.0000000E+00  0.0000000E+00  0.0000000E+00
           1        1998          11          10 corn                                        HARV/KILL   0.9144666      0.0000000E+00   8.467161       19852.23       11009.90       6.057884       1.623885       7468.962      0.0000000E+00  0.0000000E+00  0.0000000E+00  0.0000000E+00  0.0000000E+00
           2        1998          11          10 corn                                        HARV/KILL   0.9144666      0.0000000E+00   8.467160       14416.37       7941.421       4.297769       20.96196       5425.696      0.0000000E+00  0.0000000E+00  0.0000000E+00  0.0000000E+00  0.0000000E+00
           3        1998          11          10 corn                                        HARV/KILL   0.9144666      0.0000000E+00   8.467161       22702.86       17695.75       11419.11       1.035403       8574.564      0.0000000E+00  0.0000000E+00  0.0000000E+00  0.0000000E+00  0.0000000E+00
           4        1998          11          10 corn                                        HARV/KILL   0.9144666      0.0000000E+00   8.467164       22855.03       17761.60       12215.14       1.035440       8632.520      0.0000000E+00  0.0000000E+00  0.0000000E+00  0.0000000E+00  0.0000000E+00
           5        1998          11          10 corn                                        HARV/KILL   0.9144666      0.0000000E+00   8.467159       27175.45       20337.59       15210.21       1.318261       10268.61      0.0000000E+00  0.0000000E+00  0.0000000E+00  0.0000000E+00  0.0000000E+00
           6        1998          11          10 corn                                        HARV/KILL   0.9144666      0.0000000E+00   8.467158       27545.42       20526.05       15584.61       1.339932       10409.21      0.0000000E+00  0.0000000E+00  0.0000000E+00  0.0000000E+00  0.0000000E+00
           7        1998          11          10 corn                                        HARV/KILL   0.9144666      0.0000000E+00   8.467160       19841.97       10987.93       6.068339       1.631861       7464.643      0.0000000E+00  0.0000000E+00  0.0000000E+00  0.0000000E+00  0.0000000E+00
           8        1998          11          10 corn                                        HARV/KILL   0.9144666      0.0000000E+00   8.467164       10279.16       5590.725       3.039158       25.57400       3865.397      0.0000000E+00  0.0000000E+00  0.0000000E+00  0.0000000E+00  0.0000000E+00
           9        1998          11          10 corn                                        HARV/KILL   0.9144666      0.0000000E+00   8.467161       29018.99       21282.17       16013.22       1.448800       10967.35      0.0000000E+00  0.0000000E+00  0.0000000E+00  0.0000000E+00  0.0000000E+00
          10        1998          11          10 corn                                        HARV/KILL   0.9144666      0.0000000E+00   8.467161       25606.03       19508.41       13479.84       1.199945       9678.402      0.0000000E+00  0.0000000E+00  0.0000000E+00  0.0000000E+00  0.0000000E+00
          11        1998          11          10 corn                                        HARV/KILL   0.9144666      0.0000000E+00   8.467160       36133.14       24538.59       19796.22       2.432150       13671.14      0.0000000E+00  0.0000000E+00  0.0000000E+00  0.0000000E+00  0.0000000E+00
          12        1998          11          10 corn                                        HARV/KILL   0.9144666      0.0000000E+00   8.467159       27653.14       20678.21       14454.95       1.346644       10455.06      0.0000000E+00  0.0000000E+00  0.0000000E+00  0.0000000E+00  0.0000000E+00
           1        1998          11          12 null                                        FERT   1.4343221E-03  0.0000000E+00   23.17610      0.0000000E+00   11009.90       6.292966       1.666545       152.7000      0.0000000E+00  0.0000000E+00  0.0000000E+00  0.0000000E+00  0.0000000E+00
           2        1998          11          12 null                                        FERT   1.4343221E-03  0.0000000E+00   22.87925      0.0000000E+00   7941.421       4.462713       20.99355       152.7000      0.0000000E+00  0.0000000E+00  0.0000000E+00  0.0000000E+00  0.0000000E+00
           3        1998          11          12 null                                        FERT   1.4343221E-03  0.0000000E+00   23.68482      0.0000000E+00   17695.75       11420.46       1.059978       152.7000      0.0000000E+00  0.0000000E+00  0.0000000E+00  0.0000000E+00  0.0000000E+00
           4        1998          11          12 null                                        FERT   1.4343221E-03  0.0000000E+00   23.68916      0.0000000E+00   17761.60       12216.53       1.059805       152.7000      0.0000000E+00  0.0000000E+00  0.0000000E+00  0.0000000E+00  0.0000000E+00
           5        1998          11          12 null                                        FERT   1.4343221E-03  0.0000000E+00   23.84339      0.0000000E+00   20337.59       15211.79       1.349860       152.7000      0.0000000E+00  0.0000000E+00  0.0000000E+00  0.0000000E+00  0.0000000E+00
           6        1998          11          12 null                                        FERT   1.4343221E-03  0.0000000E+00   23.85400      0.0000000E+00   20526.05       15586.21       1.372027       152.7000      0.0000000E+00  0.0000000E+00  0.0000000E+00  0.0000000E+00  0.0000000E+00
           7        1998          11          12 null                                        FERT   1.4343221E-03  0.0000000E+00   23.17419      0.0000000E+00   10987.93       6.303597       1.674735       152.7000      0.0000000E+00  0.0000000E+00  0.0000000E+00  0.0000000E+00  0.0000000E+00
           8        1998          11          12 null                                        FERT   1.4343221E-03  0.0000000E+00   22.61892      0.0000000E+00   5590.725       3.154383       25.59640       152.7000      0.0000000E+00  0.0000000E+00  0.0000000E+00  0.0000000E+00  0.0000000E+00
           9        1998          11          12 null                                        FERT   1.4343221E-03  0.0000000E+00   23.89513      0.0000000E+00   21282.17       16014.86       1.483794       152.7000      0.0000000E+00  0.0000000E+00  0.0000000E+00  0.0000000E+00  0.0000000E+00
          10        1998          11          12 null                                        FERT   1.4343221E-03  0.0000000E+00   23.79596      0.0000000E+00   19508.41       13481.33       1.228513       152.7000      0.0000000E+00  0.0000000E+00  0.0000000E+00  0.0000000E+00  0.0000000E+00
          11        1998          11          12 null                                        FERT   1.4343221E-03  0.0000000E+00   24.05510      0.0000000E+00   24538.59       19798.11       2.492281       152.7000      0.0000000E+00  0.0000000E+00  0.0000000E+00  0.0000000E+00  0.0000000E+00
          12        1998          11          12 null                                        FERT   1.4343221E-03  0.0000000E+00   23.86216      0.0000000E+00   20678.21       14456.50       1.378978       152.7000      0.0000000E+00  0.0000000E+00  0.0000000E+00  0.0000000E+00  0.0000000E+00
           1        1998          11          16 fldcult             TILLAGE   5.7477807E-03  0.0000000E+00   16.13887      0.0000000E+00   7706.927       6.740743       1.749983      0.3000000    
           2        1998          11          16 fldcult             TILLAGE   5.7477807E-03  0.0000000E+00   14.94386      0.0000000E+00   5558.995       4.775209       21.05531      0.3000000    
           3        1998          11          16 fldcult             TILLAGE   5.7477807E-03  0.0000000E+00   18.32427      0.0000000E+00   12387.02       11423.07       1.107382      0.3000000    
           4        1998          11          16 fldcult             TILLAGE   5.7477807E-03  0.0000000E+00   18.34451      0.0000000E+00   12433.12       12219.25       1.106972      0.3000000    
           5        1998          11          16 fldcult             TILLAGE   5.7477807E-03  0.0000000E+00   19.08586      0.0000000E+00   14236.31       15214.86       1.411069      0.3000000    
           6        1998          11          16 fldcult             TILLAGE   5.7477807E-03  0.0000000E+00   19.13687      0.0000000E+00   14368.24       15589.33       1.434264      0.3000000    
           7        1998          11          16 fldcult             TILLAGE   5.7477807E-03  0.0000000E+00   16.13084      0.0000000E+00   7691.553       6.751959       1.758630      0.3000000    
           8        1998          11          16 fldcult             TILLAGE   5.7477807E-03  0.0000000E+00   13.94113      0.0000000E+00   3913.507       3.372579       25.64023      0.3000000    
           9        1998          11          16 fldcult             TILLAGE   5.7477807E-03  0.0000000E+00   19.34535      0.0000000E+00   14897.52       16018.04       1.551622      0.3000000    
          10        1998          11          16 fldcult             TILLAGE   5.7477807E-03  0.0000000E+00   18.85667      0.0000000E+00   13655.88       13484.22       1.283800      0.3000000    
          11        1998          11          16 fldcult             TILLAGE   5.7477807E-03  0.0000000E+00   20.18896      0.0000000E+00   17177.01       19801.76       2.609388      0.3000000    
          12        1998          11          16 fldcult             TILLAGE   5.7477807E-03  0.0000000E+00   19.17744      0.0000000E+00   14474.75       14459.50       1.441553      0.3000000    
           1        1999           4          16 fldcult             TILLAGE   9.8104857E-02  0.0000000E+00   81.42542      0.0000000E+00   4315.879       10.28132       4.259331      0.3000000    
           2        1999           4          16 fldcult             TILLAGE   9.8104857E-02  0.0000000E+00   74.10880      0.0000000E+00   3113.037       5.278872       22.88866      0.3000000    
           3        1999           4          16 fldcult             TILLAGE   9.8104857E-02  0.0000000E+00   98.33414      0.0000000E+00   6936.732       11581.08       2.699196      0.3000000    
           4        1999           4          16 fldcult             TILLAGE   9.8104857E-02  0.0000000E+00   98.41512      0.0000000E+00   6962.546       12386.55       2.708364      0.3000000    
           5        1999           4          16 fldcult             TILLAGE   9.8104857E-02  0.0000000E+00   105.1092      0.0000000E+00   7972.333       15421.46       3.478595      0.3000000    
           6        1999           4          16 fldcult             TILLAGE   9.8104857E-02  0.0000000E+00   105.4335      0.0000000E+00   8046.212       15787.42       3.530788      0.3000000    
           7        1999           4          16 fldcult             TILLAGE   9.8104857E-02  0.0000000E+00   81.25701      0.0000000E+00   4307.270       10.28649       4.281932      0.3000000    
           8        1999           4          16 fldcult             TILLAGE   9.8104857E-02  0.0000000E+00   69.55180      0.0000000E+00   2191.564       3.928521       26.94049      0.3000000    
           9        1999           4          16 fldcult             TILLAGE   9.8104857E-02  0.0000000E+00   108.0678      0.0000000E+00   8342.608       16240.11       3.833175      0.3000000    
          10        1999           4          16 fldcult             TILLAGE   9.8104857E-02  0.0000000E+00   103.1086      0.0000000E+00   7647.295       13660.49       3.131419      0.3000000    
          11        1999           4          16 fldcult             TILLAGE   9.8104857E-02  0.0000000E+00   117.7029      0.0000000E+00   9619.126       20065.88       6.388039      0.3000000    
          12        1999           4          16 fldcult             TILLAGE   9.8104857E-02  0.0000000E+00   106.8318      0.0000000E+00   8105.857       14664.41       3.549934      0.3000000    
           1        1999           4          30 fldcult             TILLAGE   0.1237191      0.0000000E+00   140.6427      0.0000000E+00   3021.115       10.87936       4.478859      0.3000000    
           2        1999           4          30 fldcult             TILLAGE   0.1237191      0.0000000E+00   131.3844      0.0000000E+00   2179.126       5.587283       23.04613      0.3000000    
           3        1999           4          30 fldcult             TILLAGE   0.1237191      0.0000000E+00   161.9573      0.0000000E+00   4855.712       11617.74       2.914720      0.3000000    
           4        1999           4          30 fldcult             TILLAGE   0.1237191      0.0000000E+00   162.1268      0.0000000E+00   4873.782       12428.10       2.925597      0.3000000    
           5        1999           4          30 fldcult             TILLAGE   0.1237191      0.0000000E+00   170.3201      0.0000000E+00   5580.633       15466.95       3.741333      0.3000000    
           6        1999           4          30 fldcult             TILLAGE   0.1237191      0.0000000E+00   170.8160      0.0000000E+00   5632.348       15832.76       3.797132      0.3000000    
           7        1999           4          30 fldcult             TILLAGE   0.1237191      0.0000000E+00   140.4419      0.0000000E+00   3015.089       10.87788       4.502275      0.3000000    
           8        1999           4          30 fldcult             TILLAGE   0.1237191      0.0000000E+00   124.9344      0.0000000E+00   1534.095       4.085711       27.05156      0.3000000    
           9        1999           4          30 fldcult             TILLAGE   0.1237191      0.0000000E+00   173.9167      0.0000000E+00   5839.826       16284.64       4.113778      0.3000000    
          10        1999           4          30 fldcult             TILLAGE   0.1237191      0.0000000E+00   168.1583      0.0000000E+00   5353.106       13704.83       3.374542      0.3000000    
          11        1999           4          30 fldcult             TILLAGE   0.1237191      0.0000000E+00   185.9420      0.0000000E+00   6733.388       20126.88       6.789948      0.3000000    
          12        1999           4          30 fldcult             TILLAGE   0.1237191      0.0000000E+00   172.6550      0.0000000E+00   5674.100       14710.20       3.812324      0.3000000    
           1        1999           5           6 corn                                        PLANT   0.1463065      0.0000000E+00   106.9778      0.0000000E+00   3021.115       10.87018       4.574363      0.0000000E+00   6.000000    
           2        1999           5           6 corn                                        PLANT   0.1463065      0.0000000E+00   98.17402      0.0000000E+00   2179.126       5.563344       23.11448      0.0000000E+00   6.000000    
           3        1999           5           6 corn                                        PLANT   0.1463065      0.0000000E+00   130.5062      0.0000000E+00   4855.712       11634.53       3.016896      0.0000000E+00   6.000000    
           4        1999           5           6 corn                                        PLANT   0.1463065      0.0000000E+00   130.7008      0.0000000E+00   4873.782       12445.78       3.029475      0.0000000E+00   6.000000    
           5        1999           5           6 corn                                        PLANT   0.1463065      0.0000000E+00   139.8730      0.0000000E+00   5580.633       15489.54       3.866197      0.0000000E+00   6.000000    
           6        1999           5           6 corn                                        PLANT   0.1463065      0.0000000E+00   140.4483      0.0000000E+00   5632.348       15854.44       3.924147      0.0000000E+00   6.000000    
           7        1999           5           6 corn                                        PLANT   0.1463065      0.0000000E+00   106.8045      0.0000000E+00   3015.089       10.87063       4.598262      0.0000000E+00   6.000000    
           8        1999           5           6 corn                                        PLANT   0.1463065      0.0000000E+00   92.44038      0.0000000E+00   1534.095       4.071721       27.09980      0.0000000E+00   6.000000    
           9        1999           5           6 corn                                        PLANT   0.1463065      0.0000000E+00   143.8655      0.0000000E+00   5839.826       16307.52       4.247309      0.0000000E+00   6.000000    
          10        1999           5           6 corn                                        PLANT   0.1463065      0.0000000E+00   137.3765      0.0000000E+00   5353.106       13725.69       3.490927      0.0000000E+00   6.000000    
          11        1999           5           6 corn                                        PLANT   0.1463065      0.0000000E+00   157.2170      0.0000000E+00   6733.388       20154.83       6.981209      0.0000000E+00   6.000000    
          12        1999           5           6 corn                                        PLANT   0.1463065      0.0000000E+00   142.3512      0.0000000E+00   5674.100       14731.26       3.937705      0.0000000E+00   6.000000    
           1        1999           6          17 null                                        FERT   0.3132020      0.2484876       142.1162       1302.887       3021.115      0.6337368       3.582061       119.5000      0.0000000E+00  0.0000000E+00  0.0000000E+00  0.0000000E+00  0.0000000E+00
           2        1999           6          17 null                                        FERT   0.3132020      0.2484876       130.9770       765.8337       2179.126      0.4616343       22.66000       119.5000      0.0000000E+00  0.0000000E+00  0.0000000E+00  0.0000000E+00  0.0000000E+00
           3        1999           6          17 null                                        FERT   0.3132020      0.2484876       174.2617       2874.221       4855.712       11722.36      0.0000000E+00   119.5000      0.0000000E+00  0.0000000E+00  0.0000000E+00  0.0000000E+00  0.0000000E+00
           4        1999           6          17 null                                        FERT   0.3132020      0.2484876       174.7770       2871.649       4873.782       12542.58      0.0000000E+00   119.5000      0.0000000E+00  0.0000000E+00  0.0000000E+00  0.0000000E+00  0.0000000E+00
           5        1999           6          17 null                                        FERT   0.3132020      0.2484876       186.9428       2878.451       5580.633       15609.51      0.9747471       119.5000      0.0000000E+00  0.0000000E+00  0.0000000E+00  0.0000000E+00  0.0000000E+00
           6        1999           6          17 null                                        FERT   0.3132020      0.2484876       188.1051       2877.920       5632.348       15977.63       1.051017       119.5000      0.0000000E+00  0.0000000E+00  0.0000000E+00  0.0000000E+00  0.0000000E+00
           7        1999           6          17 null                                        FERT   0.3132020      0.2484876       141.8361       1299.681       3015.089      0.6338291       3.612182       119.5000      0.0000000E+00  0.0000000E+00  0.0000000E+00  0.0000000E+00  0.0000000E+00
           8        1999           6          17 null                                        FERT   0.3132020      0.2484876       122.0837       539.6476       1534.095      0.3591923       26.78509       119.5000      0.0000000E+00  0.0000000E+00  0.0000000E+00  0.0000000E+00  0.0000000E+00
           9        1999           6          17 null                                        FERT   0.3132020      0.2484876       192.7242       2880.022       5839.826       16433.81       1.426678       119.5000      0.0000000E+00  0.0000000E+00  0.0000000E+00  0.0000000E+00  0.0000000E+00
          10        1999           6          17 null                                        FERT   0.3132020      0.2484876       185.1552       2875.573       5353.106       13836.06      0.5442604       119.5000      0.0000000E+00  0.0000000E+00  0.0000000E+00  0.0000000E+00  0.0000000E+00
          11        1999           6          17 null                                        FERT   0.3132020      0.2484876       214.8574       2881.027       6733.388       20344.25       4.584007       119.5000      0.0000000E+00  0.0000000E+00  0.0000000E+00  0.0000000E+00  0.0000000E+00
          12        1999           6          17 null                                        FERT   0.3132020      0.2484876       192.3453       2878.121       5674.100       14849.38       1.060283       119.5000      0.0000000E+00  0.0000000E+00  0.0000000E+00  0.0000000E+00  0.0000000E+00
           1        1999          11           4 corn                                        HARV/KILL   0.9261316      0.0000000E+00   1.083431       10686.14       7600.579       9.815332       1.350566       3770.975      0.0000000E+00  0.0000000E+00  0.0000000E+00  0.0000000E+00  0.0000000E+00
           2        1999          11           4 corn                                        HARV/KILL   0.9261316      0.0000000E+00   1.083431       7088.187       5236.514       7.037755       21.12569       2482.504      0.0000000E+00  0.0000000E+00  0.0000000E+00  0.0000000E+00  0.0000000E+00
           3        1999          11           4 corn                                        HARV/KILL   0.9261316      0.0000000E+00   1.083431       19310.00       12957.22       11882.88      0.6809132       6979.174      0.0000000E+00  0.0000000E+00  0.0000000E+00  0.0000000E+00  0.0000000E+00
           4        1999          11           4 corn                                        HARV/KILL   0.9261316      0.0000000E+00   1.083431       19383.46       13002.33       12711.72      0.6824462       7009.312      0.0000000E+00  0.0000000E+00  0.0000000E+00  0.0000000E+00  0.0000000E+00
           5        1999          11           4 corn                                        HARV/KILL   0.9261316      0.0000000E+00   1.083431       23047.21       15187.31       15799.60      0.8644102       8389.532      0.0000000E+00  0.0000000E+00  0.0000000E+00  0.0000000E+00  0.0000000E+00
           6        1999          11           4 corn                                        HARV/KILL   0.9261316      0.0000000E+00   1.083431       23310.15       15341.38       16174.44      0.8781612       8492.133      0.0000000E+00  0.0000000E+00  0.0000000E+00  0.0000000E+00  0.0000000E+00
           7        1999          11           4 corn                                        HARV/KILL   0.9261316      0.0000000E+00   1.083431       10645.44       7578.587       9.820742       1.400657       3755.213      0.0000000E+00  0.0000000E+00  0.0000000E+00  0.0000000E+00  0.0000000E+00
           8        1999          11           4 corn                                        HARV/KILL   0.9261316      0.0000000E+00   1.083431       4874.065       3654.834       4.965955       25.73843       1689.587      0.0000000E+00  0.0000000E+00  0.0000000E+00  0.0000000E+00  0.0000000E+00
           9        1999          11           4 corn                                        HARV/KILL   0.9261316      0.0000000E+00   1.083431       24540.59       16038.66       16629.59      0.9470924       8961.958      0.0000000E+00  0.0000000E+00  0.0000000E+00  0.0000000E+00  0.0000000E+00
          10        1999          11           4 corn                                        HARV/KILL   0.9261316      0.0000000E+00   1.083431       21558.84       14335.35       14016.08      0.7873958       7851.583      0.0000000E+00  0.0000000E+00  0.0000000E+00  0.0000000E+00  0.0000000E+00
          11        1999          11           4 corn                                        HARV/KILL   0.9261316      0.0000000E+00   1.083431       32109.29       19932.31       20595.35       1.579269       11864.09      0.0000000E+00  0.0000000E+00  0.0000000E+00  0.0000000E+00  0.0000000E+00
          12        1999          11           4 corn                                        HARV/KILL   0.9261316      0.0000000E+00   1.083431       23421.43       15396.66       15040.12      0.8802118       8563.859      0.0000000E+00  0.0000000E+00  0.0000000E+00  0.0000000E+00  0.0000000E+00
           1        1999          11          21 null                                        FERT   2.2930864E-02  0.0000000E+00  0.6446189      0.0000000E+00   7600.579       11.85366       1.620755       167.9600      0.0000000E+00  0.0000000E+00  0.0000000E+00  0.0000000E+00  0.0000000E+00
           2        1999          11          21 null                                        FERT   2.2930864E-02  0.0000000E+00  0.5660284      0.0000000E+00   5236.514       8.482162       21.31409       167.9600      0.0000000E+00  0.0000000E+00  0.0000000E+00  0.0000000E+00  0.0000000E+00
           3        1999          11          21 null                                        FERT   2.2930864E-02  0.0000000E+00  0.7939388      0.0000000E+00   12957.22       11894.42      0.8493998       167.9600      0.0000000E+00  0.0000000E+00  0.0000000E+00  0.0000000E+00  0.0000000E+00
           4        1999          11          21 null                                        FERT   2.2930864E-02  0.0000000E+00  0.7950445      0.0000000E+00   13002.33       12723.68      0.8523911       167.9600      0.0000000E+00  0.0000000E+00  0.0000000E+00  0.0000000E+00  0.0000000E+00
           5        1999          11          21 null                                        FERT   2.2930864E-02  0.0000000E+00  0.8458900      0.0000000E+00   15187.31       15813.16       1.080693       167.9600      0.0000000E+00  0.0000000E+00  0.0000000E+00  0.0000000E+00  0.0000000E+00
           6        1999          11          21 null                                        FERT   2.2930864E-02  0.0000000E+00  0.8492814      0.0000000E+00   15341.38       16188.21       1.098519       167.9600      0.0000000E+00  0.0000000E+00  0.0000000E+00  0.0000000E+00  0.0000000E+00
           7        1999          11          21 null                                        FERT   2.2930864E-02  0.0000000E+00  0.6439261      0.0000000E+00   7578.587       11.85819       1.670983       167.9600      0.0000000E+00  0.0000000E+00  0.0000000E+00  0.0000000E+00  0.0000000E+00
           8        1999          11          21 null                                        FERT   2.2930864E-02  0.0000000E+00  0.5085226      0.0000000E+00   3654.834       5.970809       25.87034       167.9600      0.0000000E+00  0.0000000E+00  0.0000000E+00  0.0000000E+00  0.0000000E+00
           9        1999          11          21 null                                        FERT   2.2930864E-02  0.0000000E+00  0.8643243      0.0000000E+00   16038.66       16643.64       1.185040       167.9600      0.0000000E+00  0.0000000E+00  0.0000000E+00  0.0000000E+00  0.0000000E+00
          10        1999          11          21 null                                        FERT   2.2930864E-02  0.0000000E+00  0.8266847      0.0000000E+00   14335.35       14028.88      0.9841983       167.9600      0.0000000E+00  0.0000000E+00  0.0000000E+00  0.0000000E+00  0.0000000E+00
          11        1999          11          21 null                                        FERT   2.2930864E-02  0.0000000E+00  0.9397522      0.0000000E+00   19932.31       20611.85       1.987666       167.9600      0.0000000E+00  0.0000000E+00  0.0000000E+00  0.0000000E+00  0.0000000E+00
          12        1999          11          21 null                                        FERT   2.2930864E-02  0.0000000E+00  0.8504920      0.0000000E+00   15396.66       15053.42       1.100788       167.9600      0.0000000E+00  0.0000000E+00  0.0000000E+00  0.0000000E+00  0.0000000E+00
           1        2000           3          31 fldcult             TILLAGE   7.2286308E-02  0.0000000E+00  0.5494244      0.0000000E+00   4256.324       24.39399       3.283363      0.3000000    
           2        2000           3          31 fldcult             TILLAGE   7.2286308E-02  0.0000000E+00  0.2223296      0.0000000E+00   2932.448       17.81288       22.46823      0.3000000    
           3        2000           3          31 fldcult             TILLAGE   7.2286308E-02  0.0000000E+00   1.438651      0.0000000E+00   7256.041       11974.55       1.950206      0.3000000    
           4        2000           3          31 fldcult             TILLAGE   7.2286308E-02  0.0000000E+00   1.434366      0.0000000E+00   7281.305       12807.12       1.955868      0.3000000    
           5        2000           3          31 fldcult             TILLAGE   7.2286308E-02  0.0000000E+00   2.776906      0.0000000E+00   8504.896       15906.55       2.482259      0.3000000    
           6        2000           3          31 fldcult             TILLAGE   7.2286308E-02  0.0000000E+00   2.856960      0.0000000E+00   8591.176       16283.00       2.523021      0.3000000    
           7        2000           3          31 fldcult             TILLAGE   7.2286308E-02  0.0000000E+00  0.5462936      0.0000000E+00   4244.009       24.51180       3.333799      0.3000000    
           8        2000           3          31 fldcult             TILLAGE   7.2286308E-02  0.0000000E+00  9.0082943E-02  0.0000000E+00   2046.707       12.61059       26.67868      0.3000000    
           9        2000           3          31 fldcult             TILLAGE   7.2286308E-02  0.0000000E+00   3.322100      0.0000000E+00   8981.647       16739.71       2.723207      0.3000000    
          10        2000           3          31 fldcult             TILLAGE   7.2286308E-02  0.0000000E+00   2.211515      0.0000000E+00   8027.797       14117.00       2.256884      0.3000000    
          11        2000           3          31 fldcult             TILLAGE   7.2286308E-02  0.0000000E+00   5.335287      0.0000000E+00   11162.09       20751.58       4.589758      0.3000000    
          12        2000           3          31 fldcult             TILLAGE   7.2286308E-02  0.0000000E+00   2.924953      0.0000000E+00   8622.128       15144.22       2.523644      0.3000000    
           1        2000           4          16 null                                        FERT   0.1102599      0.0000000E+00  1.4942058E-02  0.0000000E+00   4256.324       26.14402       3.449666       38.30000      0.0000000E+00  0.0000000E+00  0.0000000E+00  0.0000000E+00  0.0000000E+00
           2        2000           4          16 null                                        FERT   0.1102599      0.0000000E+00  5.6942776E-03  0.0000000E+00   2932.448       19.03436       22.58338       38.30000      0.0000000E+00  0.0000000E+00  0.0000000E+00  0.0000000E+00  0.0000000E+00
           3        2000           4          16 null                                        FERT   0.1102599      0.0000000E+00  0.1294520      0.0000000E+00   7256.041       11985.51       2.072603       38.30000      0.0000000E+00  0.0000000E+00  0.0000000E+00  0.0000000E+00  0.0000000E+00
           4        2000           4          16 null                                        FERT   0.1102599      0.0000000E+00  0.1346901      0.0000000E+00   7281.305       12818.47       2.078025       38.30000      0.0000000E+00  0.0000000E+00  0.0000000E+00  0.0000000E+00  0.0000000E+00
           5        2000           4          16 null                                        FERT   0.1102599      0.0000000E+00  0.3842256      0.0000000E+00   8504.896       15919.45       2.637497       38.30000      0.0000000E+00  0.0000000E+00  0.0000000E+00  0.0000000E+00  0.0000000E+00
           6        2000           4          16 null                                        FERT   0.1102599      0.0000000E+00  0.4015279      0.0000000E+00   8591.176       16296.08       2.680084       38.30000      0.0000000E+00  0.0000000E+00  0.0000000E+00  0.0000000E+00  0.0000000E+00
           7        2000           4          16 null                                        FERT   0.1102599      0.0000000E+00  1.4818886E-02  0.0000000E+00   4244.009       26.26150       3.499738       38.30000      0.0000000E+00  0.0000000E+00  0.0000000E+00  0.0000000E+00  0.0000000E+00
           8        2000           4          16 null                                        FERT   0.1102599      0.0000000E+00  3.6168096E-03  0.0000000E+00   2046.707       13.52236       26.75930       38.30000      0.0000000E+00  0.0000000E+00  0.0000000E+00  0.0000000E+00  0.0000000E+00
           9        2000           4          16 null                                        FERT   0.1102599      0.0000000E+00  0.4793819      0.0000000E+00   8981.647       16753.07       2.893311       38.30000      0.0000000E+00  0.0000000E+00  0.0000000E+00  0.0000000E+00  0.0000000E+00
          10        2000           4          16 null                                        FERT   0.1102599      0.0000000E+00  0.2878735      0.0000000E+00   8027.797       14129.15       2.397733       38.30000      0.0000000E+00  0.0000000E+00  0.0000000E+00  0.0000000E+00  0.0000000E+00
          11        2000           4          16 null                                        FERT   0.1102599      0.0000000E+00  0.9034768      0.0000000E+00   11162.09       20766.95       4.863249       38.30000      0.0000000E+00  0.0000000E+00  0.0000000E+00  0.0000000E+00  0.0000000E+00
          12        2000           4          16 null                                        FERT   0.1102599      0.0000000E+00  0.4077264      0.0000000E+00   8622.128       15156.86       2.681561       38.30000      0.0000000E+00  0.0000000E+00  0.0000000E+00  0.0000000E+00  0.0000000E+00
           1        2000           5           5 corn                                        PLANT   0.1687660      0.0000000E+00  4.1267005E-05  0.0000000E+00   4256.324       28.25900       3.630763      0.0000000E+00   6.000000    
           2        2000           5           5 corn                                        PLANT   0.1687660      0.0000000E+00  3.4160905E-05  0.0000000E+00   2932.448       20.58999       22.70947      0.0000000E+00   6.000000    
           3        2000           5           5 corn                                        PLANT   0.1687660      0.0000000E+00  5.4923552E-05  0.0000000E+00   7256.041       11998.79       2.197236      0.0000000E+00   6.000000    
           4        2000           5           5 corn                                        PLANT   0.1687660      0.0000000E+00  5.5035856E-05  0.0000000E+00   7281.305       12832.21       2.203590      0.0000000E+00   6.000000    
           5        2000           5           5 corn                                        PLANT   0.1687660      0.0000000E+00  6.0314633E-05  0.0000000E+00   8504.896       15935.02       2.794844      0.0000000E+00   6.000000    
           6        2000           5           5 corn                                        PLANT   0.1687660      0.0000000E+00  6.0675684E-05  0.0000000E+00   8591.176       16311.92       2.839827      0.0000000E+00   6.000000    
           7        2000           5           5 corn                                        PLANT   0.1687660      0.0000000E+00  4.1207139E-05  0.0000000E+00   4244.009       28.47847       3.680749      0.0000000E+00   6.000000    
           8        2000           5           5 corn                                        PLANT   0.1687660      0.0000000E+00  3.0433985E-05  0.0000000E+00   2046.707       14.67438       26.84782      0.0000000E+00   6.000000    
           9        2000           5           5 corn                                        PLANT   0.1687660      0.0000000E+00  6.2290390E-05  0.0000000E+00   8981.647       16769.24       3.064279      0.0000000E+00   6.000000    
          10        2000           5           5 corn                                        PLANT   0.1687660      0.0000000E+00  5.8290876E-05  0.0000000E+00   8027.797       14143.87       2.541754      0.0000000E+00   6.000000    
          11        2000           5           5 corn                                        PLANT   0.1687660      0.0000000E+00  1.0933338E-04  0.0000000E+00   11162.09       20785.95       5.145382      0.0000000E+00   6.000000    
          12        2000           5           5 corn                                        PLANT   0.1687660      0.0000000E+00  6.0804807E-05  0.0000000E+00   8622.128       15172.20       2.840880      0.0000000E+00   6.000000    
           1        2000           6          11 null                                        FERT   0.3086625      0.2038911       20.35488       1208.001       4256.324       8.915356       2.230099       123.2000      0.0000000E+00  0.0000000E+00  0.0000000E+00  0.0000000E+00  0.0000000E+00
           2        2000           6          11 null                                        FERT   0.3086625      0.2038911       18.61325       848.8059       2932.448       6.416862       21.76797       123.2000      0.0000000E+00  0.0000000E+00  0.0000000E+00  0.0000000E+00  0.0000000E+00
           3        2000           6          11 null                                        FERT   0.3086625      0.2038911       24.87422       1533.631       7256.041       12023.32      0.2961751       123.2000      0.0000000E+00  0.0000000E+00  0.0000000E+00  0.0000000E+00  0.0000000E+00
           4        2000           6          11 null                                        FERT   0.3086625      0.2038911       24.91555       1530.875       7281.305       12857.92      0.3088828       123.2000      0.0000000E+00  0.0000000E+00  0.0000000E+00  0.0000000E+00  0.0000000E+00
           5        2000           6          11 null                                        FERT   0.3086625      0.2038911       26.85266       1545.637       8504.896       15972.13      0.9714538       123.2000      0.0000000E+00  0.0000000E+00  0.0000000E+00  0.0000000E+00  0.0000000E+00
           6        2000           6          11 null                                        FERT   0.3086625      0.2038911       27.01523       1545.294       8591.176       16351.02       1.023429       123.2000      0.0000000E+00  0.0000000E+00  0.0000000E+00  0.0000000E+00  0.0000000E+00
           7        2000           6          11 null                                        FERT   0.3086625      0.2038911       20.33477       1207.335       4244.009       8.921340       2.280768       123.2000      0.0000000E+00  0.0000000E+00  0.0000000E+00  0.0000000E+00  0.0000000E+00
           8        2000           6          11 null                                        FERT   0.3086625      0.2038911       17.41404       634.6534       2046.707       4.754572       26.14059       123.2000      0.0000000E+00  0.0000000E+00  0.0000000E+00  0.0000000E+00  0.0000000E+00
           9        2000           6          11 null                                        FERT   0.3086625      0.2038911       27.65971       1546.103       8981.647       16808.90       1.273872       123.2000      0.0000000E+00  0.0000000E+00  0.0000000E+00  0.0000000E+00  0.0000000E+00
          10        2000           6          11 null                                        FERT   0.3086625      0.2038911       26.01261       1544.560       8027.797       14176.07      0.6836041       123.2000      0.0000000E+00  0.0000000E+00  0.0000000E+00  0.0000000E+00  0.0000000E+00
          11        2000           6          11 null                                        FERT   0.3086625      0.2038911       31.66250       1546.094       11162.09       20848.83       3.588292       123.2000      0.0000000E+00  0.0000000E+00  0.0000000E+00  0.0000000E+00  0.0000000E+00
          12        2000           6          11 null                                        FERT   0.3086625      0.2038911       27.11116       1545.408       8622.128       15206.14       1.022869       123.2000      0.0000000E+00  0.0000000E+00  0.0000000E+00  0.0000000E+00  0.0000000E+00
           1        2000          11           5 corn                                        HARV/KILL   0.9228654      0.0000000E+00   20.57840       8250.944       8798.854       23.59314       1.314441       1955.314      0.0000000E+00  0.0000000E+00  0.0000000E+00  0.0000000E+00  0.0000000E+00
           2        2000          11           5 corn                                        HARV/KILL   0.9228654      0.0000000E+00   20.57851       5548.219       5987.000       17.02253       21.20410       1314.822      0.0000000E+00  0.0000000E+00  0.0000000E+00  0.0000000E+00  0.0000000E+00
           3        2000          11           5 corn                                        HARV/KILL   0.9228654      0.0000000E+00   20.57822       12493.69       14134.40       12122.54      0.5271828       2960.760      0.0000000E+00  0.0000000E+00  0.0000000E+00  0.0000000E+00  0.0000000E+00
           4        2000          11           5 corn                                        HARV/KILL   0.9228654      0.0000000E+00   20.57837       12518.21       14173.16       12964.48      0.5268479       2966.574      0.0000000E+00  0.0000000E+00  0.0000000E+00  0.0000000E+00  0.0000000E+00
           5        2000          11           5 corn                                        HARV/KILL   0.9228654      0.0000000E+00   20.57817       14436.02       16452.61       16082.83      0.6592463       3421.054      0.0000000E+00  0.0000000E+00  0.0000000E+00  0.0000000E+00  0.0000000E+00
           6        2000          11           5 corn                                        HARV/KILL   0.9228654      0.0000000E+00   20.57826       14569.81       16612.54       16464.23      0.6679479       3452.760      0.0000000E+00  0.0000000E+00  0.0000000E+00  0.0000000E+00  0.0000000E+00
           7        2000          11           5 corn                                        HARV/KILL   0.9228654      0.0000000E+00   20.57846       8213.148       8765.729       23.67612       1.378375       1946.359      0.0000000E+00  0.0000000E+00  0.0000000E+00  0.0000000E+00  0.0000000E+00
           8        2000          11           5 corn                                        HARV/KILL   0.9228654      0.0000000E+00   20.57858       3970.678       4232.750       12.08612       25.75401       940.9753      0.0000000E+00  0.0000000E+00  0.0000000E+00  0.0000000E+00  0.0000000E+00
           9        2000          11           5 corn                                        HARV/KILL   0.9228654      0.0000000E+00   20.57807       15200.96       17350.49       16923.77      0.7167841       3602.326      0.0000000E+00  0.0000000E+00  0.0000000E+00  0.0000000E+00  0.0000000E+00
          10        2000          11           5 corn                                        HARV/KILL   0.9228654      0.0000000E+00   20.57832       13661.43       15549.05       14285.49      0.6021684       3237.493      0.0000000E+00  0.0000000E+00  0.0000000E+00  0.0000000E+00  0.0000000E+00
          11        2000          11           5 corn                                        HARV/KILL   0.9228654      0.0000000E+00   20.57684       18488.37       21340.85       20997.11       1.134961       4381.339      0.0000000E+00  0.0000000E+00  0.0000000E+00  0.0000000E+00  0.0000000E+00
          12        2000          11           5 corn                                        HARV/KILL   0.9228654      0.0000000E+00   20.57793       14568.79       16642.94       15313.88      0.6679880       3452.511      0.0000000E+00  0.0000000E+00  0.0000000E+00  0.0000000E+00  0.0000000E+00
           1        2000          11          10 chisplow            TILLAGE   7.1220426E-03  0.0000000E+00   50.08963      0.0000000E+00   6159.197       23.30846       1.392654      0.3000000    
           2        2000          11          10 chisplow            TILLAGE   7.1220426E-03  0.0000000E+00   49.18156      0.0000000E+00   4190.900       17.07477       21.25353      0.3000000    
           3        2000          11          10 chisplow            TILLAGE   7.1220426E-03  0.0000000E+00   51.49099      0.0000000E+00   9894.082       12130.14      0.6066227      0.3000000    
           4        2000          11          10 chisplow            TILLAGE   7.1220426E-03  0.0000000E+00   51.50056      0.0000000E+00   9921.215       12972.85      0.6067894      0.3000000    
           5        2000          11          10 chisplow            TILLAGE   7.1220426E-03  0.0000000E+00   51.99277      0.0000000E+00   11516.82       16091.95      0.7563128      0.3000000    
           6        2000          11          10 chisplow            TILLAGE   7.1220426E-03  0.0000000E+00   52.02558      0.0000000E+00   11628.78       16473.74      0.7663746      0.3000000    
           7        2000          11          10 chisplow            TILLAGE   7.1220426E-03  0.0000000E+00   50.07995      0.0000000E+00   6136.011       23.35785       1.456385      0.3000000    
           8        2000          11          10 chisplow            TILLAGE   7.1220426E-03  0.0000000E+00   48.55359      0.0000000E+00   2962.925       12.06935       25.78889      0.3000000    
           9        2000          11          10 chisplow            TILLAGE   7.1220426E-03  0.0000000E+00   52.17155      0.0000000E+00   12145.34       16932.81      0.8210552      0.3000000    
          10        2000          11          10 chisplow            TILLAGE   7.1220426E-03  0.0000000E+00   51.80445      0.0000000E+00   10884.34       14294.57      0.6914819      0.3000000    
          11        2000          11          10 chisplow            TILLAGE   7.1220426E-03  0.0000000E+00   52.87372      0.0000000E+00   14938.60       21009.45       1.284200      0.3000000    
          12        2000          11          10 chisplow            TILLAGE   7.1220426E-03  0.0000000E+00   52.03047      0.0000000E+00   11650.06       15322.92      0.7652019      0.3000000    
           1        2000          12           2 null                                        FERT   4.0467035E-02  0.0000000E+00   26.99868      0.0000000E+00   6159.197       20.75887       1.715498       142.7000      0.0000000E+00  0.0000000E+00  0.0000000E+00  0.0000000E+00  0.0000000E+00
           2        2000          12           2 null                                        FERT   4.0467035E-02  0.0000000E+00   25.28992      0.0000000E+00   4190.900       13.94045       21.46742       142.7000      0.0000000E+00  0.0000000E+00  0.0000000E+00  0.0000000E+00  0.0000000E+00
           3        2000          12           2 null                                        FERT   4.0467035E-02  0.0000000E+00   30.74389      0.0000000E+00   9894.082       12171.88      0.9328879       142.7000      0.0000000E+00  0.0000000E+00  0.0000000E+00  0.0000000E+00  0.0000000E+00
           4        2000          12           2 null                                        FERT   4.0467035E-02  0.0000000E+00   30.76867      0.0000000E+00   9921.215       13016.77      0.9332051       142.7000      0.0000000E+00  0.0000000E+00  0.0000000E+00  0.0000000E+00  0.0000000E+00
           5        2000          12           2 null                                        FERT   4.0467035E-02  0.0000000E+00   32.22419      0.0000000E+00   11516.82       16141.71       1.156757       142.7000      0.0000000E+00  0.0000000E+00  0.0000000E+00  0.0000000E+00  0.0000000E+00
           6        2000          12           2 null                                        FERT   4.0467035E-02  0.0000000E+00   32.33780      0.0000000E+00   11628.78       16523.57       1.171798       142.7000      0.0000000E+00  0.0000000E+00  0.0000000E+00  0.0000000E+00  0.0000000E+00
           7        2000          12           2 null                                        FERT   4.0467035E-02  0.0000000E+00   26.97755      0.0000000E+00   6136.011       20.76163       1.778227       142.7000      0.0000000E+00  0.0000000E+00  0.0000000E+00  0.0000000E+00  0.0000000E+00
           8        2000          12           2 null                                        FERT   4.0467035E-02  0.0000000E+00   24.28932      0.0000000E+00   2962.925       9.297885       25.93970       142.7000      0.0000000E+00  0.0000000E+00  0.0000000E+00  0.0000000E+00  0.0000000E+00
           9        2000          12           2 null                                        FERT   4.0467035E-02  0.0000000E+00   32.85327      0.0000000E+00   12145.34       16984.02       1.252467       142.7000      0.0000000E+00  0.0000000E+00  0.0000000E+00  0.0000000E+00  0.0000000E+00
          10        2000          12           2 null                                        FERT   4.0467035E-02  0.0000000E+00   31.61022      0.0000000E+00   10884.34       14340.69       1.057941       142.7000      0.0000000E+00  0.0000000E+00  0.0000000E+00  0.0000000E+00  0.0000000E+00
          11        2000          12           2 null                                        FERT   4.0467035E-02  0.0000000E+00   35.47828      0.0000000E+00   14938.60       21070.30       1.899828       142.7000      0.0000000E+00  0.0000000E+00  0.0000000E+00  0.0000000E+00  0.0000000E+00
          12        2000          12           2 null                                        FERT   4.0467035E-02  0.0000000E+00   32.35808      0.0000000E+00   11650.06       15371.56       1.165998       142.7000      0.0000000E+00  0.0000000E+00  0.0000000E+00  0.0000000E+00  0.0000000E+00
           1        2001           3          31 chisplow            TILLAGE   7.3289849E-02  0.0000000E+00   28.64140      0.0000000E+00   3449.150       23.34717       2.938766      0.3000000    
           2        2001           3          31 chisplow            TILLAGE   7.3289849E-02  0.0000000E+00   20.08934      0.0000000E+00   2346.904       15.84642       22.27440      0.3000000    
           3        2001           3          31 chisplow            TILLAGE   7.3289849E-02  0.0000000E+00   45.75272      0.0000000E+00   5540.686       12343.10       1.958161      0.3000000    
           4        2001           3          31 chisplow            TILLAGE   7.3289849E-02  0.0000000E+00   45.98558      0.0000000E+00   5555.880       13194.13       1.970733      0.3000000    
           5        2001           3          31 chisplow            TILLAGE   7.3289849E-02  0.0000000E+00   52.94268      0.0000000E+00   6449.421       16351.43       2.437138      0.3000000    
           6        2001           3          31 chisplow            TILLAGE   7.3289849E-02  0.0000000E+00   53.59141      0.0000000E+00   6512.116       16736.28       2.470674      0.3000000    
           7        2001           3          31 chisplow            TILLAGE   7.3289849E-02  0.0000000E+00   28.44445      0.0000000E+00   3436.166       23.35860       2.999488      0.3000000    
           8        2001           3          31 chisplow            TILLAGE   7.3289849E-02  0.0000000E+00   13.83933      0.0000000E+00   1659.238       10.85446       26.51664      0.3000000    
           9        2001           3          31 chisplow            TILLAGE   7.3289849E-02  0.0000000E+00   56.02289      0.0000000E+00   6801.394       17208.12       2.632393      0.3000000    
          10        2001           3          31 chisplow            TILLAGE   7.3289849E-02  0.0000000E+00   50.91286      0.0000000E+00   6095.229       14531.69       2.216604      0.3000000    
          11        2001           3          31 chisplow            TILLAGE   7.3289849E-02  0.0000000E+00   69.71422      0.0000000E+00   8365.614       21272.93       3.940005      0.3000000    
          12        2001           3          31 chisplow            TILLAGE   7.3289849E-02  0.0000000E+00   54.55033      0.0000000E+00   6524.031       15571.04       2.436346      0.3000000    
           1        2001           5           5 corn                                        PLANT   0.1669078      0.0000000E+00   102.8304      0.0000000E+00   3449.150       24.01252       3.306563      0.0000000E+00   6.000000    
           2        2001           5           5 corn                                        PLANT   0.1669078      0.0000000E+00   93.90039      0.0000000E+00   2346.904       16.13035       22.52299      0.0000000E+00   6.000000    
           3        2001           5           5 corn                                        PLANT   0.1669078      0.0000000E+00   120.8110      0.0000000E+00   5540.686       12433.63       2.347207      0.0000000E+00   6.000000    
           4        2001           5           5 corn                                        PLANT   0.1669078      0.0000000E+00   121.0234      0.0000000E+00   5555.880       13290.70       2.357642      0.0000000E+00   6.000000    
           5        2001           5           5 corn                                        PLANT   0.1669078      0.0000000E+00   128.5068      0.0000000E+00   6449.421       16457.42       2.940114      0.0000000E+00   6.000000    
           6        2001           5           5 corn                                        PLANT   0.1669078      0.0000000E+00   129.1347      0.0000000E+00   6512.116       16846.21       2.983396      0.0000000E+00   6.000000    
           7        2001           5           5 corn                                        PLANT   0.1669078      0.0000000E+00   102.6524      0.0000000E+00   3436.166       24.02633       3.365765      0.0000000E+00   6.000000    
           8        2001           5           5 corn                                        PLANT   0.1669078      0.0000000E+00   87.79060      0.0000000E+00   1659.238       10.96368       26.68764      0.0000000E+00   6.000000    
           9        2001           5           5 corn                                        PLANT   0.1669078      0.0000000E+00   131.6195      0.0000000E+00   6801.394       17323.04       3.192016      0.0000000E+00   6.000000    
          10        2001           5           5 corn                                        PLANT   0.1669078      0.0000000E+00   126.0806      0.0000000E+00   6095.229       14629.50       2.672334      0.0000000E+00   6.000000    
          11        2001           5           5 corn                                        PLANT   0.1669078      0.0000000E+00   146.2542      0.0000000E+00   8365.614       21410.52       4.782108      0.0000000E+00   6.000000    
          12        2001           5           5 corn                                        PLANT   0.1669078      0.0000000E+00   129.8353      0.0000000E+00   6524.031       15672.80       2.955769      0.0000000E+00   6.000000    
           1        2001           6          11 null                                        FERT   0.3086873      0.2063684       84.17300       886.3041       3449.150       17.50943       2.397351       181.4000      0.0000000E+00  0.0000000E+00  0.0000000E+00  0.0000000E+00  0.0000000E+00
           2        2001           6          11 null                                        FERT   0.3086873      0.2063684       72.93427       603.0966       2346.904       12.51071       21.93335       181.4000      0.0000000E+00  0.0000000E+00  0.0000000E+00  0.0000000E+00  0.0000000E+00
           3        2001           6          11 null                                        FERT   0.3086873      0.2063684       110.7263       1638.107       5540.686       12525.90      0.3113954       181.4000      0.0000000E+00  0.0000000E+00  0.0000000E+00  0.0000000E+00  0.0000000E+00
           4        2001           6          11 null                                        FERT   0.3086873      0.2063684       111.0685       1636.516       5555.880       13386.51      0.3307975       181.4000      0.0000000E+00  0.0000000E+00  0.0000000E+00  0.0000000E+00  0.0000000E+00
           5        2001           6          11 null                                        FERT   0.3086873      0.2063684       125.3138       1643.291       6449.421       16578.78      0.9889798       181.4000      0.0000000E+00  0.0000000E+00  0.0000000E+00  0.0000000E+00  0.0000000E+00
           6        2001           6          11 null                                        FERT   0.3086873      0.2063684       126.4496       1642.373       6512.116       16973.31       1.041781       181.4000      0.0000000E+00  0.0000000E+00  0.0000000E+00  0.0000000E+00  0.0000000E+00
           7        2001           6          11 null                                        FERT   0.3086873      0.2063684       83.97874       883.5444       3436.166       17.52802       2.460148       181.4000      0.0000000E+00  0.0000000E+00  0.0000000E+00  0.0000000E+00  0.0000000E+00
           8        2001           6          11 null                                        FERT   0.3086873      0.2063684       66.30278       370.5202       1659.238       9.257113       26.34294       181.4000      0.0000000E+00  0.0000000E+00  0.0000000E+00  0.0000000E+00  0.0000000E+00
           9        2001           6          11 null                                        FERT   0.3086873      0.2063684       131.1576       1645.382       6801.394       17449.30       1.275644       181.4000      0.0000000E+00  0.0000000E+00  0.0000000E+00  0.0000000E+00  0.0000000E+00
          10        2001           6          11 null                                        FERT   0.3086873      0.2063684       120.2997       1639.325       6095.229       14738.80      0.6987322       181.4000      0.0000000E+00  0.0000000E+00  0.0000000E+00  0.0000000E+00  0.0000000E+00
          11        2001           6          11 null                                        FERT   0.3086873      0.2063684       157.5313       1647.979       8365.614       21580.50       3.153626       181.4000      0.0000000E+00  0.0000000E+00  0.0000000E+00  0.0000000E+00  0.0000000E+00
          12        2001           6          11 null                                        FERT   0.3086873      0.2063684       127.4088       1642.967       6524.031       15793.48       1.016665       181.4000      0.0000000E+00  0.0000000E+00  0.0000000E+00  0.0000000E+00  0.0000000E+00
           1        2001          11           5 corn                                        HARV/KILL   0.9544691      0.0000000E+00   1.093953       6205.364       6310.846       29.39767       1.699602       1997.466      0.0000000E+00  0.0000000E+00  0.0000000E+00  0.0000000E+00  0.0000000E+00
           2        2001          11           5 corn                                        HARV/KILL   0.9544691      0.0000000E+00  0.9222241       4162.099       4278.099       20.61341       21.50514       1328.560      0.0000000E+00  0.0000000E+00  0.0000000E+00  0.0000000E+00  0.0000000E+00
           3        2001          11           5 corn                                        HARV/KILL   0.9544691      0.0000000E+00   1.093953       12095.38       11118.36       12690.33      0.7441684       3893.706      0.0000000E+00  0.0000000E+00  0.0000000E+00  0.0000000E+00  0.0000000E+00
           4        2001          11           5 corn                                        HARV/KILL   0.9544691      0.0000000E+00   1.093953       12151.88       11159.23       13551.87      0.7466727       3912.244      0.0000000E+00  0.0000000E+00  0.0000000E+00  0.0000000E+00  0.0000000E+00
           5        2001          11           5 corn                                        HARV/KILL   0.9544691      0.0000000E+00   1.093953       14004.72       12907.27       16762.46      0.9098316       4508.626      0.0000000E+00  0.0000000E+00  0.0000000E+00  0.0000000E+00  0.0000000E+00
           6        2001          11           5 corn                                        HARV/KILL   0.9544691      0.0000000E+00   1.093953       14136.08       13030.06       17160.79      0.9213276       4551.372      0.0000000E+00  0.0000000E+00  0.0000000E+00  0.0000000E+00  0.0000000E+00
           7        2001          11           5 corn                                        HARV/KILL   0.9544691      0.0000000E+00   1.093953       6167.482       6280.492       29.52072       1.772047       1985.177      0.0000000E+00  0.0000000E+00  0.0000000E+00  0.0000000E+00  0.0000000E+00
           8        2001          11           5 corn                                        HARV/KILL   0.9544691      0.0000000E+00  0.8458741       2582.664       2861.830       13.86220       26.12366       820.3623      0.0000000E+00  0.0000000E+00  0.0000000E+00  0.0000000E+00  0.0000000E+00
           9        2001          11           5 corn                                        HARV/KILL   0.9544691      0.0000000E+00   1.093953       14766.98       13609.89       17642.23      0.9779860       4754.834      0.0000000E+00  0.0000000E+00  0.0000000E+00  0.0000000E+00  0.0000000E+00
          10        2001          11           5 corn                                        HARV/KILL   0.9544691      0.0000000E+00   1.093953       13174.25       12167.75       14913.81      0.8389170       4243.534      0.0000000E+00  0.0000000E+00  0.0000000E+00  0.0000000E+00  0.0000000E+00
          11        2001          11           5 corn                                        HARV/KILL   0.9544691      0.0000000E+00   1.093953       17664.87       16505.85       21820.80       1.436194       5692.077      0.0000000E+00  0.0000000E+00  0.0000000E+00  0.0000000E+00  0.0000000E+00
          12        2001          11           5 corn                                        HARV/KILL   0.9544691      0.0000000E+00   1.093953       14100.73       13023.00       15977.40      0.9161619       4542.536      0.0000000E+00  0.0000000E+00  0.0000000E+00  0.0000000E+00  0.0000000E+00
           1        2001          12           2 null                                        FERT   3.0137002E-02  0.0000000E+00   22.73756      0.0000000E+00   6310.846       31.61282       1.942833       142.7000      0.0000000E+00  0.0000000E+00  0.0000000E+00  0.0000000E+00  0.0000000E+00
           2        2001          12           2 null                                        FERT   3.0137002E-02  0.0000000E+00   21.11175      0.0000000E+00   4278.099       22.39121       21.66549       142.7000      0.0000000E+00  0.0000000E+00  0.0000000E+00  0.0000000E+00  0.0000000E+00
           3        2001          12           2 null                                        FERT   3.0137002E-02  0.0000000E+00   26.07149      0.0000000E+00   11118.36       12710.74      0.9694929       142.7000      0.0000000E+00  0.0000000E+00  0.0000000E+00  0.0000000E+00  0.0000000E+00
           4        2001          12           2 null                                        FERT   3.0137002E-02  0.0000000E+00   26.09837      0.0000000E+00   11159.23       13572.70      0.9736478       142.7000      0.0000000E+00  0.0000000E+00  0.0000000E+00  0.0000000E+00  0.0000000E+00
           5        2001          12           2 null                                        FERT   3.0137002E-02  0.0000000E+00   27.19503      0.0000000E+00   12907.27       16788.51       1.189044       142.7000      0.0000000E+00  0.0000000E+00  0.0000000E+00  0.0000000E+00  0.0000000E+00
           6        2001          12           2 null                                        FERT   3.0137002E-02  0.0000000E+00   27.26947      0.0000000E+00   13030.06       17187.98       1.204679       142.7000      0.0000000E+00  0.0000000E+00  0.0000000E+00  0.0000000E+00  0.0000000E+00
           7        2001          12           2 null                                        FERT   3.0137002E-02  0.0000000E+00   22.71444      0.0000000E+00   6280.492       31.79350       2.014172       142.7000      0.0000000E+00  0.0000000E+00  0.0000000E+00  0.0000000E+00  0.0000000E+00
           8        2001          12           2 null                                        FERT   3.0137002E-02  0.0000000E+00   19.89009      0.0000000E+00   2861.830       15.12757       26.22854       142.7000      0.0000000E+00  0.0000000E+00  0.0000000E+00  0.0000000E+00  0.0000000E+00
           9        2001          12           2 null                                        FERT   3.0137002E-02  0.0000000E+00   27.61481      0.0000000E+00   13609.89       17669.55       1.279876       142.7000      0.0000000E+00  0.0000000E+00  0.0000000E+00  0.0000000E+00  0.0000000E+00
          10        2001          12           2 null                                        FERT   3.0137002E-02  0.0000000E+00   26.74047      0.0000000E+00   12167.75       14936.34       1.094924       142.7000      0.0000000E+00  0.0000000E+00  0.0000000E+00  0.0000000E+00  0.0000000E+00
          11        2001          12           2 null                                        FERT   3.0137002E-02  0.0000000E+00   29.25660      0.0000000E+00   16505.85       21852.28       1.896990       142.7000      0.0000000E+00  0.0000000E+00  0.0000000E+00  0.0000000E+00  0.0000000E+00
          12        2001          12           2 null                                        FERT   3.0137002E-02  0.0000000E+00   27.26468      0.0000000E+00   13023.00       16001.23       1.196923       142.7000      0.0000000E+00  0.0000000E+00  0.0000000E+00  0.0000000E+00  0.0000000E+00
           1        2002          11          10 chisplow            TILLAGE   0.9620849      0.0000000E+00   47.96520      0.0000000E+00   3534.074       43.72096       3.921375      0.3000000    
           2        2002          11          10 chisplow            TILLAGE   0.9620849      0.0000000E+00   40.63916      0.0000000E+00   2395.735       28.98027       23.21424      0.3000000    
           3        2002          11          10 chisplow            TILLAGE   0.9620849      0.0000000E+00   68.31432      0.0000000E+00   6226.279       13486.73       3.077985      0.3000000    
           4        2002          11          10 chisplow            TILLAGE   0.9620849      0.0000000E+00   68.56579      0.0000000E+00   6249.170       14398.96       3.103430      0.3000000    
           5        2002          11          10 chisplow            TILLAGE   0.9620849      0.0000000E+00   79.64034      0.0000000E+00   7228.073       17734.55       3.889037      0.3000000    
           6        2002          11          10 chisplow            TILLAGE   0.9620849      0.0000000E+00   81.15321      0.0000000E+00   7296.833       18154.93       3.954534      0.3000000    
           7        2002          11          10 chisplow            TILLAGE   0.9620849      0.0000000E+00   47.82993      0.0000000E+00   3517.075       44.83490       3.984904      0.3000000    
           8        2002          11          10 chisplow            TILLAGE   0.9620849      0.0000000E+00   35.51904      0.0000000E+00   1602.625       18.20454       27.24019      0.3000000    
           9        2002          11          10 chisplow            TILLAGE   0.9620849      0.0000000E+00   86.95056      0.0000000E+00   7621.536       18668.91       4.224372      0.3000000    
          10        2002          11          10 chisplow            TILLAGE   0.9620849      0.0000000E+00   74.32065      0.0000000E+00   6813.941       15824.08       3.547194      0.3000000    
          11        2002          11          10 chisplow            TILLAGE   0.9620849      0.0000000E+00   120.8698      0.0000000E+00   9243.275       23180.95       6.326159      0.3000000    
          12        2002          11          10 chisplow            TILLAGE   0.9620849      0.0000000E+00   83.16192      0.0000000E+00   7292.879       16947.19       3.932615      0.3000000    
           1        2003           5           1 fldcult             TILLAGE   0.1269830      0.0000000E+00   56.34801      0.0000000E+00   1979.081       49.25945       4.243437      0.3000000    
           2        2003           5           1 fldcult             TILLAGE   0.1269830      0.0000000E+00   52.59529      0.0000000E+00   1341.612       34.11230       23.39140      0.3000000    
           3        2003           5           1 fldcult             TILLAGE   0.1269830      0.0000000E+00   74.80605      0.0000000E+00   3486.716       13739.02       3.315468      0.3000000    
           4        2003           5           1 fldcult             TILLAGE   0.1269830      0.0000000E+00   74.97195      0.0000000E+00   3499.535       14692.47       3.345182      0.3000000    
           5        2003           5           1 fldcult             TILLAGE   0.1269830      0.0000000E+00   84.88303      0.0000000E+00   4047.721       18053.43       4.196807      0.3000000    
           6        2003           5           1 fldcult             TILLAGE   0.1269830      0.0000000E+00   86.35541      0.0000000E+00   4086.226       18477.66       4.267189      0.3000000    
           7        2003           5           1 fldcult             TILLAGE   0.1269830      0.0000000E+00   56.21710      0.0000000E+00   1969.562       50.40683       4.305491      0.3000000    
           8        2003           5           1 fldcult             TILLAGE   0.1269830      0.0000000E+00   51.43219      0.0000000E+00   897.4700       22.42790       27.35284      0.3000000    
           9        2003           5           1 fldcult             TILLAGE   0.1269830      0.0000000E+00   91.94128      0.0000000E+00   4268.060       18983.25       4.556844      0.3000000    
          10        2003           5           1 fldcult             TILLAGE   0.1269830      0.0000000E+00   79.88391      0.0000000E+00   3815.807       16108.34       3.818278      0.3000000    
          11        2003           5           1 fldcult             TILLAGE   0.1269830      0.0000000E+00   122.5439      0.0000000E+00   5176.234       23472.78       6.906397      0.3000000    
          12        2003           5           1 fldcult             TILLAGE   0.1269830      0.0000000E+00   88.49891      0.0000000E+00   4084.012       17233.84       4.233037      0.3000000    
           1        2003           5           3 corn                                        PLANT   0.1341984      0.0000000E+00   50.46933      0.0000000E+00   1979.081       48.51797       4.254380      0.0000000E+00   6.000000    
           1        2003           5           3 null                                        FERT   0.1341984      0.0000000E+00   50.46933      0.0000000E+00   1979.081       48.51797       4.254380       26.00000      0.0000000E+00  0.0000000E+00  0.0000000E+00  0.0000000E+00  0.0000000E+00
           2        2003           5           3 corn                                        PLANT   0.1341984      0.0000000E+00   46.40300      0.0000000E+00   1341.612       33.11689       23.39849      0.0000000E+00   6.000000    
           2        2003           5           3 null                                        FERT   0.1341984      0.0000000E+00   46.40300      0.0000000E+00   1341.612       33.11689       23.39849       26.00000      0.0000000E+00  0.0000000E+00  0.0000000E+00  0.0000000E+00  0.0000000E+00
           3        2003           5           3 corn                                        PLANT   0.1341984      0.0000000E+00   69.63011      0.0000000E+00   3486.716       13743.00       3.334219      0.0000000E+00   6.000000    
           3        2003           5           3 null                                        FERT   0.1341984      0.0000000E+00   69.63011      0.0000000E+00   3486.716       13743.00       3.334219       26.00000      0.0000000E+00  0.0000000E+00  0.0000000E+00  0.0000000E+00  0.0000000E+00
           4        2003           5           3 corn                                        PLANT   0.1341984      0.0000000E+00   69.80180      0.0000000E+00   3499.535       14698.44       3.363654      0.0000000E+00   6.000000    
           4        2003           5           3 null                                        FERT   0.1341984      0.0000000E+00   69.80180      0.0000000E+00   3499.535       14698.44       3.363654       26.00000      0.0000000E+00  0.0000000E+00  0.0000000E+00  0.0000000E+00  0.0000000E+00
           5        2003           5           3 corn                                        PLANT   0.1341984      0.0000000E+00   79.95537      0.0000000E+00   4047.721       18059.72       4.218933      0.0000000E+00   6.000000    
           5        2003           5           3 null                                        FERT   0.1341984      0.0000000E+00   79.95537      0.0000000E+00   4047.721       18059.72       4.218933       26.00000      0.0000000E+00  0.0000000E+00  0.0000000E+00  0.0000000E+00  0.0000000E+00
           6        2003           5           3 corn                                        PLANT   0.1341984      0.0000000E+00   81.44453      0.0000000E+00   4086.226       18484.00       4.289485      0.0000000E+00   6.000000    
           6        2003           5           3 null                                        FERT   0.1341984      0.0000000E+00   81.44453      0.0000000E+00   4086.226       18484.00       4.289485       26.00000      0.0000000E+00  0.0000000E+00  0.0000000E+00  0.0000000E+00  0.0000000E+00
           7        2003           5           3 corn                                        PLANT   0.1341984      0.0000000E+00   50.33383      0.0000000E+00   1969.562       49.65050       4.316322      0.0000000E+00   6.000000    
           7        2003           5           3 null                                        FERT   0.1341984      0.0000000E+00   50.33383      0.0000000E+00   1969.562       49.65050       4.316322       26.00000      0.0000000E+00  0.0000000E+00  0.0000000E+00  0.0000000E+00  0.0000000E+00
           8        2003           5           3 corn                                        PLANT   0.1341984      0.0000000E+00   45.01567      0.0000000E+00   897.4700       21.59987       27.35779      0.0000000E+00   6.000000    
           8        2003           5           3 null                                        FERT   0.1341984      0.0000000E+00   45.01567      0.0000000E+00   897.4700       21.59987       27.35779       26.00000      0.0000000E+00  0.0000000E+00  0.0000000E+00  0.0000000E+00  0.0000000E+00
           9        2003           5           3 corn                                        PLANT   0.1341984      0.0000000E+00   87.10922      0.0000000E+00   4268.060       18989.70       4.580469      0.0000000E+00   6.000000    
           9        2003           5           3 null                                        FERT   0.1341984      0.0000000E+00   87.10922      0.0000000E+00   4268.060       18989.70       4.580469       26.00000      0.0000000E+00  0.0000000E+00  0.0000000E+00  0.0000000E+00  0.0000000E+00
          10        2003           5           3 corn                                        PLANT   0.1341984      0.0000000E+00   74.85447      0.0000000E+00   3815.807       16114.36       3.838740      0.0000000E+00   6.000000    
          10        2003           5           3 null                                        FERT   0.1341984      0.0000000E+00   74.85447      0.0000000E+00   3815.807       16114.36       3.838740       26.00000      0.0000000E+00  0.0000000E+00  0.0000000E+00  0.0000000E+00  0.0000000E+00
          11        2003           5           3 corn                                        PLANT   0.1341984      0.0000000E+00   118.0949      0.0000000E+00   5176.234       23480.36       6.936284      0.0000000E+00   6.000000    
          11        2003           5           3 null                                        FERT   0.1341984      0.0000000E+00   118.0949      0.0000000E+00   5176.234       23480.36       6.936284       26.00000      0.0000000E+00  0.0000000E+00  0.0000000E+00  0.0000000E+00  0.0000000E+00
          12        2003           5           3 corn                                        PLANT   0.1341984      0.0000000E+00   83.58704      0.0000000E+00   4084.012       17240.18       4.255416      0.0000000E+00   6.000000    
          12        2003           5           3 null                                        FERT   0.1341984      0.0000000E+00   83.58704      0.0000000E+00   4084.012       17240.18       4.255416       26.00000      0.0000000E+00  0.0000000E+00  0.0000000E+00  0.0000000E+00  0.0000000E+00
           1        2003           6           6 null                                        FERT   0.2630934      0.1834117       51.81795       954.7888       1979.081       34.14228       2.851079       182.6000      0.0000000E+00  0.0000000E+00  0.0000000E+00  0.0000000E+00  0.0000000E+00
           2        2003           6           6 null                                        FERT   0.2630934      0.1834117       48.83172       523.4964       1341.612       25.07030       22.69148       182.6000      0.0000000E+00  0.0000000E+00  0.0000000E+00  0.0000000E+00  0.0000000E+00
           3        2003           6           6 null                                        FERT   0.2630934      0.1834117       63.82215       1137.057       3486.716       13824.17       1.698937       182.6000      0.0000000E+00  0.0000000E+00  0.0000000E+00  0.0000000E+00  0.0000000E+00
           4        2003           6           6 null                                        FERT   0.2630934      0.1834117       63.94788       1134.003       3499.535       14781.63       1.735912       182.6000      0.0000000E+00  0.0000000E+00  0.0000000E+00  0.0000000E+00  0.0000000E+00
           5        2003           6           6 null                                        FERT   0.2630934      0.1834117       73.60635       1142.041       4047.721       18150.88       2.609108       182.6000      0.0000000E+00  0.0000000E+00  0.0000000E+00  0.0000000E+00  0.0000000E+00
           6        2003           6           6 null                                        FERT   0.2630934      0.1834117       75.29661       1141.297       4086.226       18584.16       2.684143       182.6000      0.0000000E+00  0.0000000E+00  0.0000000E+00  0.0000000E+00  0.0000000E+00
           7        2003           6           6 null                                        FERT   0.2630934      0.1834117       51.72889       953.7694       1969.562       34.25916       2.914095       182.6000      0.0000000E+00  0.0000000E+00  0.0000000E+00  0.0000000E+00  0.0000000E+00
           8        2003           6           6 null                                        FERT   0.2630934      0.1834117       47.31202       286.3378       897.4700       18.69909       26.98434       182.6000      0.0000000E+00  0.0000000E+00  0.0000000E+00  0.0000000E+00  0.0000000E+00
           9        2003           6           6 null                                        FERT   0.2630934      0.1834117       81.68221       1144.183       4268.060       19095.99       2.979517       182.6000      0.0000000E+00  0.0000000E+00  0.0000000E+00  0.0000000E+00  0.0000000E+00
          10        2003           6           6 null                                        FERT   0.2630934      0.1834117       67.99416       1138.397       3815.807       16190.12       2.222871       182.6000      0.0000000E+00  0.0000000E+00  0.0000000E+00  0.0000000E+00  0.0000000E+00
          11        2003           6           6 null                                        FERT   0.2630934      0.1834117       116.8575       1148.098       5176.234       23613.30       5.402967       182.6000      0.0000000E+00  0.0000000E+00  0.0000000E+00  0.0000000E+00  0.0000000E+00
          12        2003           6           6 null                                        FERT   0.2630934      0.1834117       77.81406       1141.721       4084.012       17329.38       2.650998       182.6000      0.0000000E+00  0.0000000E+00  0.0000000E+00  0.0000000E+00  0.0000000E+00
           1        2003          11           9 corn                                        HARV/KILL   0.9325156      0.0000000E+00   60.84436       8490.319       6182.284       45.86575      0.9275901       2459.600      0.0000000E+00  0.0000000E+00  0.0000000E+00  0.0000000E+00  0.0000000E+00
           2        2003          11           9 corn                                        HARV/KILL   0.9325156      0.0000000E+00   60.96836       4996.774       3812.902       32.72606       21.40272       1449.823      0.0000000E+00  0.0000000E+00  0.0000000E+00  0.0000000E+00  0.0000000E+00
           3        2003          11           9 corn                                        HARV/KILL   0.9325156      0.0000000E+00   60.85310       14862.67       10844.12       13948.19      0.7791100       4306.098      0.0000000E+00  0.0000000E+00  0.0000000E+00  0.0000000E+00  0.0000000E+00
           4        2003          11           9 corn                                        HARV/KILL   0.9325156      0.0000000E+00   60.86504       14958.55       10903.80       14919.04      0.7833560       4334.449      0.0000000E+00  0.0000000E+00  0.0000000E+00  0.0000000E+00  0.0000000E+00
           5        2003          11           9 corn                                        HARV/KILL   0.9325156      0.0000000E+00   60.86082       17252.60       12587.72       18306.04      0.9461086       4998.970      0.0000000E+00  0.0000000E+00  0.0000000E+00  0.0000000E+00  0.0000000E+00
           6        2003          11           9 corn                                        HARV/KILL   0.9325156      0.0000000E+00   60.87365       17436.57       12716.51       18743.29      0.9573145       5053.025      0.0000000E+00  0.0000000E+00  0.0000000E+00  0.0000000E+00  0.0000000E+00
           7        2003          11           9 corn                                        HARV/KILL   0.9325156      0.0000000E+00   60.83837       8455.480       6155.702       46.24752      0.9770850       2449.332      0.0000000E+00  0.0000000E+00  0.0000000E+00  0.0000000E+00  0.0000000E+00
           8        2003          11           9 corn                                        HARV/KILL   0.9325156      0.0000000E+00   60.95689       3023.043       2392.786       23.79871       26.17415       876.9625      0.0000000E+00  0.0000000E+00  0.0000000E+00  0.0000000E+00  0.0000000E+00
           9        2003          11           9 corn                                        HARV/KILL   0.9325156      0.0000000E+00   60.88173       18176.31       13263.90       19257.49       1.009932       5267.947      0.0000000E+00  0.0000000E+00  0.0000000E+00  0.0000000E+00  0.0000000E+00
          10        2003          11           9 corn                                        HARV/KILL   0.9325156      0.0000000E+00   60.92696       16270.37       11865.67       16333.12      0.8728460       4718.109      0.0000000E+00  0.0000000E+00  0.0000000E+00  0.0000000E+00  0.0000000E+00
          11        2003          11           9 corn                                        HARV/KILL   0.9325156      0.0000000E+00   60.96791       22002.12       15777.27       23826.52       1.390508       6650.626      0.0000000E+00  0.0000000E+00  0.0000000E+00  0.0000000E+00  0.0000000E+00
          12        2003          11           9 corn                                        HARV/KILL   0.9325156      0.0000000E+00   60.94124       17386.81       12685.22       17481.69      0.9460396       5042.827      0.0000000E+00  0.0000000E+00  0.0000000E+00  0.0000000E+00  0.0000000E+00
           1        2003          11          14 null                                        FERT   6.0098581E-03  0.0000000E+00   53.27078      0.0000000E+00   6182.284       44.96464      0.9853846       336.0000      0.0000000E+00  0.0000000E+00  0.0000000E+00  0.0000000E+00  0.0000000E+00
           2        2003          11          14 null                                        FERT   6.0098581E-03  0.0000000E+00   52.55464      0.0000000E+00   3812.902       30.81447       21.43454       336.0000      0.0000000E+00  0.0000000E+00  0.0000000E+00  0.0000000E+00  0.0000000E+00
           3        2003          11          14 null                                        FERT   6.0098581E-03  0.0000000E+00   54.75681      0.0000000E+00   10844.12       13957.33      0.8505294       336.0000      0.0000000E+00  0.0000000E+00  0.0000000E+00  0.0000000E+00  0.0000000E+00
           4        2003          11          14 null                                        FERT   6.0098581E-03  0.0000000E+00   54.78699      0.0000000E+00   10903.80       14929.37      0.8559569       336.0000      0.0000000E+00  0.0000000E+00  0.0000000E+00  0.0000000E+00  0.0000000E+00
           5        2003          11          14 null                                        FERT   6.0098581E-03  0.0000000E+00   55.28675      0.0000000E+00   12587.72       18317.12       1.032039       336.0000      0.0000000E+00  0.0000000E+00  0.0000000E+00  0.0000000E+00  0.0000000E+00
           6        2003          11          14 null                                        FERT   6.0098581E-03  0.0000000E+00   55.33633      0.0000000E+00   12716.51       18754.95       1.044378       336.0000      0.0000000E+00  0.0000000E+00  0.0000000E+00  0.0000000E+00  0.0000000E+00
           7        2003          11          14 null                                        FERT   6.0098581E-03  0.0000000E+00   53.25604      0.0000000E+00   6155.702       45.34496       1.034993       336.0000      0.0000000E+00  0.0000000E+00  0.0000000E+00  0.0000000E+00  0.0000000E+00
           8        2003          11          14 null                                        FERT   6.0098581E-03  0.0000000E+00   52.00968      0.0000000E+00   2392.786       22.50103       26.19421       336.0000      0.0000000E+00  0.0000000E+00  0.0000000E+00  0.0000000E+00  0.0000000E+00
           9        2003          11          14 null                                        FERT   6.0098581E-03  0.0000000E+00   55.49941      0.0000000E+00   13263.90       19269.78       1.100830       336.0000      0.0000000E+00  0.0000000E+00  0.0000000E+00  0.0000000E+00  0.0000000E+00
          10        2003          11          14 null                                        FERT   6.0098581E-03  0.0000000E+00   55.13980      0.0000000E+00   11865.67       16344.49      0.9522794       336.0000      0.0000000E+00  0.0000000E+00  0.0000000E+00  0.0000000E+00  0.0000000E+00
          11        2003          11          14 null                                        FERT   6.0098581E-03  0.0000000E+00   56.25105      0.0000000E+00   15777.27       23839.49       1.507645       336.0000      0.0000000E+00  0.0000000E+00  0.0000000E+00  0.0000000E+00  0.0000000E+00
          12        2003          11          14 null                                        FERT   6.0098581E-03  0.0000000E+00   55.39344      0.0000000E+00   12685.22       17492.27       1.030892       336.0000      0.0000000E+00  0.0000000E+00  0.0000000E+00  0.0000000E+00  0.0000000E+00
           1        2004           4          24 fldcult             TILLAGE   0.1255948      0.0000000E+00   63.07285      0.0000000E+00   3462.079       47.06488       2.289913      0.3000000    
           2        2004           4          24 fldcult             TILLAGE   0.1255948      0.0000000E+00   50.83933      0.0000000E+00   2135.225       32.35108       22.17689      0.3000000    
           3        2004           4          24 fldcult             TILLAGE   0.1255948      0.0000000E+00   87.12892      0.0000000E+00   6072.706       14209.20       2.350719      0.3000000    
           4        2004           4          24 fldcult             TILLAGE   0.1255948      0.0000000E+00   87.50227      0.0000000E+00   6106.128       15197.15       2.380549      0.3000000    
           5        2004           4          24 fldcult             TILLAGE   0.1255948      0.0000000E+00   96.60549      0.0000000E+00   7049.125       18625.21       2.850646      0.3000000    
           6        2004           4          24 fldcult             TILLAGE   0.1255948      0.0000000E+00   97.45396      0.0000000E+00   7121.246       19068.82       2.887201      0.3000000    
           7        2004           4          24 fldcult             TILLAGE   0.1255948      0.0000000E+00   62.80943      0.0000000E+00   3447.193       47.43583       2.342644      0.3000000    
           8        2004           4          24 fldcult             TILLAGE   0.1255948      0.0000000E+00   43.82768      0.0000000E+00   1339.960       23.83916       26.66510      0.3000000    
           9        2004           4          24 fldcult             TILLAGE   0.1255948      0.0000000E+00   100.7551      0.0000000E+00   7427.783       19587.94       3.026800      0.3000000    
          10        2004           4          24 fldcult             TILLAGE   0.1255948      0.0000000E+00   93.30483      0.0000000E+00   6644.776       16630.81       2.619820      0.3000000    
          11        2004           4          24 fldcult             TILLAGE   0.1255948      0.0000000E+00   119.4083      0.0000000E+00   8835.273       24173.95       4.017349      0.3000000    
          12        2004           4          24 fldcult             TILLAGE   0.1255948      0.0000000E+00   98.25040      0.0000000E+00   7103.722       17789.79       2.818457      0.3000000    
           1        2004           4          25 corn                                        PLANT   0.1280189      0.0000000E+00   61.87024      0.0000000E+00   3462.079       47.09087       2.298784      0.0000000E+00   6.000000    
           1        2004           4          25 null                                        FERT   0.1280189      0.0000000E+00   61.87024      0.0000000E+00   3462.079       47.09087       2.298784       27.00000      0.0000000E+00  0.0000000E+00  0.0000000E+00  0.0000000E+00  0.0000000E+00
           2        2004           4          25 corn                                        PLANT   0.1280189      0.0000000E+00   49.75060      0.0000000E+00   2135.225       32.36979       22.18243      0.0000000E+00   6.000000    
           2        2004           4          25 null                                        FERT   0.1280189      0.0000000E+00   49.75060      0.0000000E+00   2135.225       32.36979       22.18243       27.00000      0.0000000E+00  0.0000000E+00  0.0000000E+00  0.0000000E+00  0.0000000E+00
           3        2004           4          25 corn                                        PLANT   0.1280189      0.0000000E+00   85.69649      0.0000000E+00   6072.706       14211.35       2.364751      0.0000000E+00   6.000000    
           3        2004           4          25 null                                        FERT   0.1280189      0.0000000E+00   85.69649      0.0000000E+00   6072.706       14211.35       2.364751       27.00000      0.0000000E+00  0.0000000E+00  0.0000000E+00  0.0000000E+00  0.0000000E+00
           4        2004           4          25 corn                                        PLANT   0.1280189      0.0000000E+00   86.06625      0.0000000E+00   6106.128       15200.30       2.394540      0.0000000E+00   6.000000    
           4        2004           4          25 null                                        FERT   0.1280189      0.0000000E+00   86.06625      0.0000000E+00   6106.128       15200.30       2.394540       27.00000      0.0000000E+00  0.0000000E+00  0.0000000E+00  0.0000000E+00  0.0000000E+00
           5        2004           4          25 corn                                        PLANT   0.1280189      0.0000000E+00   95.08070      0.0000000E+00   7049.125       18628.39       2.867570      0.0000000E+00   6.000000    
           5        2004           4          25 null                                        FERT   0.1280189      0.0000000E+00   95.08070      0.0000000E+00   7049.125       18628.39       2.867570       27.00000      0.0000000E+00  0.0000000E+00  0.0000000E+00  0.0000000E+00  0.0000000E+00
           6        2004           4          25 corn                                        PLANT   0.1280189      0.0000000E+00   95.92003      0.0000000E+00   7121.246       19072.01       2.904293      0.0000000E+00   6.000000    
           6        2004           4          25 null                                        FERT   0.1280189      0.0000000E+00   95.92003      0.0000000E+00   7121.246       19072.01       2.904293       27.00000      0.0000000E+00  0.0000000E+00  0.0000000E+00  0.0000000E+00  0.0000000E+00
           7        2004           4          25 corn                                        PLANT   0.1280189      0.0000000E+00   61.60920      0.0000000E+00   3447.193       47.46156       2.351470      0.0000000E+00   6.000000    
           7        2004           4          25 null                                        FERT   0.1280189      0.0000000E+00   61.60920      0.0000000E+00   3447.193       47.46156       2.351470       27.00000      0.0000000E+00  0.0000000E+00  0.0000000E+00  0.0000000E+00  0.0000000E+00
           8        2004           4          25 corn                                        PLANT   0.1280189      0.0000000E+00   42.80176      0.0000000E+00   1339.960       23.85216       26.66857      0.0000000E+00   6.000000    
           8        2004           4          25 null                                        FERT   0.1280189      0.0000000E+00   42.80176      0.0000000E+00   1339.960       23.85216       26.66857       27.00000      0.0000000E+00  0.0000000E+00  0.0000000E+00  0.0000000E+00  0.0000000E+00
           9        2004           4          25 corn                                        PLANT   0.1280189      0.0000000E+00   99.19431      0.0000000E+00   7427.783       19591.13       3.044853      0.0000000E+00   6.000000    
           9        2004           4          25 null                                        FERT   0.1280189      0.0000000E+00   99.19431      0.0000000E+00   7427.783       19591.13       3.044853       27.00000      0.0000000E+00  0.0000000E+00  0.0000000E+00  0.0000000E+00  0.0000000E+00
          10        2004           4          25 corn                                        PLANT   0.1280189      0.0000000E+00   91.81155      0.0000000E+00   6644.776       16633.99       2.635465      0.0000000E+00   6.000000    
          10        2004           4          25 null                                        FERT   0.1280189      0.0000000E+00   91.81155      0.0000000E+00   6644.776       16633.99       2.635465       27.00000      0.0000000E+00  0.0000000E+00  0.0000000E+00  0.0000000E+00  0.0000000E+00
          11        2004           4          25 corn                                        PLANT   0.1280189      0.0000000E+00   117.9536      0.0000000E+00   8835.273       24178.54       4.041353      0.0000000E+00   6.000000    
          11        2004           4          25 null                                        FERT   0.1280189      0.0000000E+00   117.9536      0.0000000E+00   8835.273       24178.54       4.041353       27.00000      0.0000000E+00  0.0000000E+00  0.0000000E+00  0.0000000E+00  0.0000000E+00
          12        2004           4          25 corn                                        PLANT   0.1280189      0.0000000E+00   96.70531      0.0000000E+00   7103.722       17792.98       2.835426      0.0000000E+00   6.000000    
          12        2004           4          25 null                                        FERT   0.1280189      0.0000000E+00   96.70531      0.0000000E+00   7103.722       17792.98       2.835426       27.00000      0.0000000E+00  0.0000000E+00  0.0000000E+00  0.0000000E+00  0.0000000E+00
           1        2004           6           4 null                                        FERT   0.2690520      0.1860333       99.26791       678.0497       3462.079       41.53618       1.576013       180.3000      0.0000000E+00  0.0000000E+00  0.0000000E+00  0.0000000E+00  0.0000000E+00
           2        2004           6           4 null                                        FERT   0.2690520      0.1860333       87.59750       423.3321       2135.225       30.76482       21.73401       180.3000      0.0000000E+00  0.0000000E+00  0.0000000E+00  0.0000000E+00  0.0000000E+00
           3        2004           6           4 null                                        FERT   0.2690520      0.1860333       127.3568       1343.249       6072.706       14291.87      0.7228993       180.3000      0.0000000E+00  0.0000000E+00  0.0000000E+00  0.0000000E+00  0.0000000E+00
           4        2004           6           4 null                                        FERT   0.2690520      0.1860333       127.8274       1340.677       6106.128       15284.68      0.7581211       180.3000      0.0000000E+00  0.0000000E+00  0.0000000E+00  0.0000000E+00  0.0000000E+00
           5        2004           6           4 null                                        FERT   0.2690520      0.1860333       138.4146       1348.548       7049.125       18732.06       1.316966       180.3000      0.0000000E+00  0.0000000E+00  0.0000000E+00  0.0000000E+00  0.0000000E+00
           6        2004           6           4 null                                        FERT   0.2690520      0.1860333       139.4422       1348.043       7121.246       19177.50       1.362032       180.3000      0.0000000E+00  0.0000000E+00  0.0000000E+00  0.0000000E+00  0.0000000E+00
           7        2004           6           4 null                                        FERT   0.2690520      0.1860333       99.01617       674.6256       3447.193       41.90749       1.632413       180.3000      0.0000000E+00  0.0000000E+00  0.0000000E+00  0.0000000E+00  0.0000000E+00
           8        2004           6           4 null                                        FERT   0.2690520      0.1860333       81.96838       272.4607       1339.960       23.15907       26.37386       180.3000      0.0000000E+00  0.0000000E+00  0.0000000E+00  0.0000000E+00  0.0000000E+00
           9        2004           6           4 null                                        FERT   0.2690520      0.1860333       143.2442       1350.473       7427.783       19701.90       1.532019       180.3000      0.0000000E+00  0.0000000E+00  0.0000000E+00  0.0000000E+00  0.0000000E+00
          10        2004           6           4 null                                        FERT   0.2690520      0.1860333       134.6964       1345.193       6644.776       16727.47       1.052845       180.3000      0.0000000E+00  0.0000000E+00  0.0000000E+00  0.0000000E+00  0.0000000E+00
          11        2004           6           4 null                                        FERT   0.2690520      0.1860333       165.4162       1354.884       8835.273       24321.84       2.758471       180.3000      0.0000000E+00  0.0000000E+00  0.0000000E+00  0.0000000E+00  0.0000000E+00
          12        2004           6           4 null                                        FERT   0.2690520      0.1860333       140.4211       1348.425       7103.722       17896.31       1.294736       180.3000      0.0000000E+00  0.0000000E+00  0.0000000E+00  0.0000000E+00  0.0000000E+00
           1        2004          11          10 corn                                        HARV/KILL   0.9436388      0.0000000E+00   18.81620       7990.505       7191.822       48.67374      0.6521848       2529.528      0.0000000E+00  0.0000000E+00  0.0000000E+00  0.0000000E+00  0.0000000E+00
           2        2004          11          10 corn                                        HARV/KILL   0.9436388      0.0000000E+00   18.81386       5372.495       4642.959       35.38905       20.27468       1700.749      0.0000000E+00  0.0000000E+00  0.0000000E+00  0.0000000E+00  0.0000000E+00
           3        2004          11          10 corn                                        HARV/KILL   0.9436388      0.0000000E+00   18.81573       14730.25       12948.38       14448.99      0.7107430       4663.097      0.0000000E+00  0.0000000E+00  0.0000000E+00  0.0000000E+00  0.0000000E+00
           4        2004          11          10 corn                                        HARV/KILL   0.9436388      0.0000000E+00   18.81623       14858.60       13041.68       15452.51      0.7154797       4703.760      0.0000000E+00  0.0000000E+00  0.0000000E+00  0.0000000E+00  0.0000000E+00
           5        2004          11          10 corn                                        HARV/KILL   0.9436388      0.0000000E+00   18.81566       17115.41       15038.12       18925.25      0.8580424       5418.166      0.0000000E+00  0.0000000E+00  0.0000000E+00  0.0000000E+00  0.0000000E+00
           6        2004          11          10 corn                                        HARV/KILL   0.9436388      0.0000000E+00   18.81589       17303.06       15197.81       19378.54      0.8675746       5477.594      0.0000000E+00  0.0000000E+00  0.0000000E+00  0.0000000E+00  0.0000000E+00
           7        2004          11          10 corn                                        HARV/KILL   0.9436388      0.0000000E+00   18.81639       7950.382       7158.208       49.03303      0.6595805       2516.827      0.0000000E+00  0.0000000E+00  0.0000000E+00  0.0000000E+00  0.0000000E+00
           8        2004          11          10 corn                                        HARV/KILL   0.9436388      0.0000000E+00   18.81605       3566.962       3004.895       26.42449       25.37889       1129.204      0.0000000E+00  0.0000000E+00  0.0000000E+00  0.0000000E+00  0.0000000E+00
           9        2004          11          10 corn                                        HARV/KILL   0.9436388      0.0000000E+00   18.81531       17971.93       15806.09       19903.98      0.9113939       5699.276      0.0000000E+00  0.0000000E+00  0.0000000E+00  0.0000000E+00  0.0000000E+00
          10        2004          11          10 corn                                        HARV/KILL   0.9436388      0.0000000E+00   18.81598       16102.39       14160.84       16915.43      0.7932555       5097.557      0.0000000E+00  0.0000000E+00  0.0000000E+00  0.0000000E+00  0.0000000E+00
          11        2004          11          10 corn                                        HARV/KILL   0.9436388      0.0000000E+00   18.81216       22241.00       18907.96       24575.49       1.226003       7334.104      0.0000000E+00  0.0000000E+00  0.0000000E+00  0.0000000E+00  0.0000000E+00
          12        2004          11          10 corn                                        HARV/KILL   0.9436388      0.0000000E+00   18.81493       17076.89       15074.68       18088.33      0.8548567       5406.026      0.0000000E+00  0.0000000E+00  0.0000000E+00  0.0000000E+00  0.0000000E+00
           1        2004          11          12 null                                        FERT   3.3825925E-03  0.0000000E+00   24.54293      0.0000000E+00   7191.822       48.43974      0.6700649       152.7000      0.0000000E+00  0.0000000E+00  0.0000000E+00  0.0000000E+00  0.0000000E+00
           2        2004          11          12 null                                        FERT   3.3825925E-03  0.0000000E+00   24.15007      0.0000000E+00   4642.959       35.24067       20.28918       152.7000      0.0000000E+00  0.0000000E+00  0.0000000E+00  0.0000000E+00  0.0000000E+00
           3        2004          11          12 null                                        FERT   3.3825925E-03  0.0000000E+00   25.26106      0.0000000E+00   12948.38       14451.51      0.7317857       152.7000      0.0000000E+00  0.0000000E+00  0.0000000E+00  0.0000000E+00  0.0000000E+00
           4        2004          11          12 null                                        FERT   3.3825925E-03  0.0000000E+00   25.27160      0.0000000E+00   13041.68       15454.95      0.7368023       152.7000      0.0000000E+00  0.0000000E+00  0.0000000E+00  0.0000000E+00  0.0000000E+00
           5        2004          11          12 null                                        FERT   3.3825925E-03  0.0000000E+00   25.47475      0.0000000E+00   15038.12       18928.52      0.8833833       152.7000      0.0000000E+00  0.0000000E+00  0.0000000E+00  0.0000000E+00  0.0000000E+00
           6        2004          11          12 null                                        FERT   3.3825925E-03  0.0000000E+00   25.49042      0.0000000E+00   15197.81       19382.76      0.8932403       152.7000      0.0000000E+00  0.0000000E+00  0.0000000E+00  0.0000000E+00  0.0000000E+00
           7        2004          11          12 null                                        FERT   3.3825925E-03  0.0000000E+00   24.53829      0.0000000E+00   7158.208       48.79834      0.6776646       152.7000      0.0000000E+00  0.0000000E+00  0.0000000E+00  0.0000000E+00  0.0000000E+00
           8        2004          11          12 null                                        FERT   3.3825925E-03  0.0000000E+00   23.87370      0.0000000E+00   3004.895       26.32232       25.38841       152.7000      0.0000000E+00  0.0000000E+00  0.0000000E+00  0.0000000E+00  0.0000000E+00
           9        2004          11          12 null                                        FERT   3.3825925E-03  0.0000000E+00   25.54750      0.0000000E+00   15806.09       19908.18      0.9382306       152.7000      0.0000000E+00  0.0000000E+00  0.0000000E+00  0.0000000E+00  0.0000000E+00
          10        2004          11          12 null                                        FERT   3.3825925E-03  0.0000000E+00   25.38806      0.0000000E+00   14160.84       16917.81      0.8166791       152.7000      0.0000000E+00  0.0000000E+00  0.0000000E+00  0.0000000E+00  0.0000000E+00
          11        2004          11          12 null                                        FERT   3.3825925E-03  0.0000000E+00   25.81255      0.0000000E+00   18907.96       24579.54       1.260723       152.7000      0.0000000E+00  0.0000000E+00  0.0000000E+00  0.0000000E+00  0.0000000E+00
          12        2004          11          12 null                                        FERT   3.3825925E-03  0.0000000E+00   25.47754      0.0000000E+00   15074.68       18091.64      0.8799562       152.7000      0.0000000E+00  0.0000000E+00  0.0000000E+00  0.0000000E+00  0.0000000E+00
           1        2004          11          16 chisplow            TILLAGE   1.0715637E-02  0.0000000E+00   16.99321      0.0000000E+00   5034.275       48.15796      0.7053509      0.3000000    
           2        2004          11          16 chisplow            TILLAGE   1.0715637E-02  0.0000000E+00   16.20172      0.0000000E+00   3250.072       35.06421       20.31796      0.3000000    
           3        2004          11          16 chisplow            TILLAGE   1.0715637E-02  0.0000000E+00   18.88505      0.0000000E+00   9063.866       14457.62      0.7734590      0.3000000    
           4        2004          11          16 chisplow            TILLAGE   1.0715637E-02  0.0000000E+00   18.91413      0.0000000E+00   9129.177       15460.96      0.7789667      0.3000000    
           5        2004          11          16 chisplow            TILLAGE   1.0715637E-02  0.0000000E+00   19.50165      0.0000000E+00   10526.68       18934.31      0.9336364      0.3000000    
           6        2004          11          16 chisplow            TILLAGE   1.0715637E-02  0.0000000E+00   19.54728      0.0000000E+00   10638.46       19388.50      0.9441206      0.3000000    
           7        2004          11          16 chisplow            TILLAGE   1.0715637E-02  0.0000000E+00   16.98321      0.0000000E+00   5010.745       48.51530      0.7133476      0.3000000    
           8        2004          11          16 chisplow            TILLAGE   1.0715637E-02  0.0000000E+00   15.67666      0.0000000E+00   2103.426       26.20227       25.40734      0.3000000    
           9        2004          11          16 chisplow            TILLAGE   1.0715637E-02  0.0000000E+00   19.72480      0.0000000E+00   11064.26       19913.88      0.9915028      0.3000000    
          10        2004          11          16 chisplow            TILLAGE   1.0715637E-02  0.0000000E+00   19.24858      0.0000000E+00   9912.585       16923.76      0.8630918      0.3000000    
          11        2004          11          16 chisplow            TILLAGE   1.0715637E-02  0.0000000E+00   20.68691      0.0000000E+00   13235.57       24589.02       1.329815      0.3000000    
          12        2004          11          16 chisplow            TILLAGE   1.0715637E-02  0.0000000E+00   19.51132      0.0000000E+00   10552.27       18097.51      0.9297622      0.3000000    
           1        2005           4          16 fldcult             TILLAGE   0.1160157      0.0000000E+00   23.28541      0.0000000E+00   2819.194       51.08423       1.730602      0.3000000    
           2        2005           4          16 fldcult             TILLAGE   0.1160157      0.0000000E+00   21.98397      0.0000000E+00   1820.040       37.86357       21.14762      0.3000000    
           3        2005           4          16 fldcult             TILLAGE   0.1160157      0.0000000E+00   33.53524      0.0000000E+00   5075.765       14644.73       2.014116      0.3000000    
           4        2005           4          16 fldcult             TILLAGE   0.1160157      0.0000000E+00   33.71780      0.0000000E+00   5112.339       15650.82       2.035891      0.3000000    
           5        2005           4          16 fldcult             TILLAGE   0.1160157      0.0000000E+00   38.57572      0.0000000E+00   5894.943       19196.48       2.440988      0.3000000    
           6        2005           4          16 fldcult             TILLAGE   0.1160157      0.0000000E+00   38.55935      0.0000000E+00   5957.541       19661.42       2.468336      0.3000000    
           7        2005           4          16 fldcult             TILLAGE   0.1160157      0.0000000E+00   23.26302      0.0000000E+00   2806.017       51.43832       1.750512      0.3000000    
           8        2005           4          16 fldcult             TILLAGE   0.1160157      0.0000000E+00   21.34226      0.0000000E+00   1177.919       28.36321       25.95250      0.3000000    
           9        2005           4          16 fldcult             TILLAGE   0.1160157      0.0000000E+00   40.87759      0.0000000E+00   6195.988       20201.40       2.591717      0.3000000    
          10        2005           4          16 fldcult             TILLAGE   0.1160157      0.0000000E+00   36.16358      0.0000000E+00   5551.047       17146.36       2.245461      0.3000000    
          11        2005           4          16 fldcult             TILLAGE   0.1160157      0.0000000E+00   49.82565      0.0000000E+00   7411.922       24875.29       3.358994      0.3000000    
          12        2005           4          16 fldcult             TILLAGE   0.1160157      0.0000000E+00   39.50722      0.0000000E+00   5909.273       18347.23       2.418960      0.3000000    
           1        2005           4          30 fldcult             TILLAGE   0.1486486      0.0000000E+00   13.92056      0.0000000E+00   1973.436       50.62725       1.821149      0.3000000    
           2        2005           4          30 fldcult             TILLAGE   0.1486486      0.0000000E+00   12.55817      0.0000000E+00   1274.028       37.13736       21.21889      0.3000000    
           3        2005           4          30 fldcult             TILLAGE   0.1486486      0.0000000E+00   23.68763      0.0000000E+00   3553.036       14673.19       2.141341      0.3000000    
           4        2005           4          30 fldcult             TILLAGE   0.1486486      0.0000000E+00   23.88205      0.0000000E+00   3578.637       15679.25       2.162636      0.3000000    
           5        2005           4          30 fldcult             TILLAGE   0.1486486      0.0000000E+00   29.07103      0.0000000E+00   4126.460       19225.66       2.598751      0.3000000    
           6        2005           4          30 fldcult             TILLAGE   0.1486486      0.0000000E+00   29.11124      0.0000000E+00   4170.278       19691.54       2.627852      0.3000000    
           7        2005           4          30 fldcult             TILLAGE   0.1486486      0.0000000E+00   13.89808      0.0000000E+00   1964.212       50.97441       1.841520      0.3000000    
           8        2005           4          30 fldcult             TILLAGE   0.1486486      0.0000000E+00   11.83825      0.0000000E+00   824.5430       27.80177       25.99937      0.3000000    
           9        2005           4          30 fldcult             TILLAGE   0.1486486      0.0000000E+00   31.46340      0.0000000E+00   4337.191       20231.79       2.761332      0.3000000    
          10        2005           4          30 fldcult             TILLAGE   0.1486486      0.0000000E+00   26.50406      0.0000000E+00   3885.733       17175.25       2.389735      0.3000000    
          11        2005           4          30 fldcult             TILLAGE   0.1486486      0.0000000E+00   41.22624      0.0000000E+00   5188.345       24919.42       3.584218      0.3000000    
          12        2005           4          30 fldcult             TILLAGE   0.1486486      0.0000000E+00   29.94815      0.0000000E+00   4136.491       18376.52       2.577390      0.3000000    
           1        2005           5           6 corn                                        PLANT   0.1715870      0.0000000E+00   4.446678      0.0000000E+00   1973.436       50.88533       1.851896      0.0000000E+00   6.000000    
           2        2005           5           6 corn                                        PLANT   0.1715870      0.0000000E+00   3.585461      0.0000000E+00   1274.028       37.29985       21.24482      0.0000000E+00   6.000000    
           3        2005           5           6 corn                                        PLANT   0.1715870      0.0000000E+00   13.06274      0.0000000E+00   3553.036       14684.43       2.178027      0.0000000E+00   6.000000    
           4        2005           5           6 corn                                        PLANT   0.1715870      0.0000000E+00   13.24070      0.0000000E+00   3578.637       15692.51       2.199780      0.0000000E+00   6.000000    
           5        2005           5           6 corn                                        PLANT   0.1715870      0.0000000E+00   17.88861      0.0000000E+00   4126.460       19238.97       2.647124      0.0000000E+00   6.000000    
           6        2005           5           6 corn                                        PLANT   0.1715870      0.0000000E+00   17.91969      0.0000000E+00   4170.278       19704.86       2.677386      0.0000000E+00   6.000000    
           7        2005           5           6 corn                                        PLANT   0.1715870      0.0000000E+00   4.430349      0.0000000E+00   1964.212       51.23117       1.872677      0.0000000E+00   6.000000    
           8        2005           5           6 corn                                        PLANT   0.1715870      0.0000000E+00   3.214088      0.0000000E+00   824.5430       27.91950       26.01630      0.0000000E+00   6.000000    
           9        2005           5           6 corn                                        PLANT   0.1715870      0.0000000E+00   20.01739      0.0000000E+00   4337.191       20245.10       2.814759      0.0000000E+00   6.000000    
          10        2005           5           6 corn                                        PLANT   0.1715870      0.0000000E+00   15.58946      0.0000000E+00   3885.733       17188.55       2.433631      0.0000000E+00   6.000000    
          11        2005           5           6 corn                                        PLANT   0.1715870      0.0000000E+00   28.65618      0.0000000E+00   5188.345       24938.41       3.665649      0.0000000E+00   6.000000    
          12        2005           5           6 corn                                        PLANT   0.1715870      0.0000000E+00   18.67873      0.0000000E+00   4136.491       18389.80       2.626710      0.0000000E+00   6.000000    
           1        2005           6          17 null                                        FERT   0.3472951      0.2720429       11.24337       721.5803       1973.436       49.87678       1.211788       119.5000      0.0000000E+00  0.0000000E+00  0.0000000E+00  0.0000000E+00  0.0000000E+00
           2        2005           6          17 null                                        FERT   0.3472951      0.2720429       10.06177       533.9691       1274.028       37.25599       20.79098       119.5000      0.0000000E+00  0.0000000E+00  0.0000000E+00  0.0000000E+00  0.0000000E+00
           3        2005           6          17 null                                        FERT   0.3472951      0.2720429       17.72323       3427.190       3553.036       14689.38      0.0000000E+00   119.5000      0.0000000E+00  0.0000000E+00  0.0000000E+00  0.0000000E+00  0.0000000E+00
           4        2005           6          17 null                                        FERT   0.3472951      0.2720429       17.85878       3444.437       3578.637       15700.42      0.0000000E+00   119.5000      0.0000000E+00  0.0000000E+00  0.0000000E+00  0.0000000E+00  0.0000000E+00
           5        2005           6          17 null                                        FERT   0.3472951      0.2720429       21.07343       3695.673       4126.460       19269.41      0.0000000E+00   119.5000      0.0000000E+00  0.0000000E+00  0.0000000E+00  0.0000000E+00  0.0000000E+00
           6        2005           6          17 null                                        FERT   0.3472951      0.2720429       21.14424       3707.165       4170.278       19738.19      0.0000000E+00   119.5000      0.0000000E+00  0.0000000E+00  0.0000000E+00  0.0000000E+00  0.0000000E+00
           7        2005           6          17 null                                        FERT   0.3472951      0.2720429       11.21948       718.5453       1964.212       50.22323       1.238255       119.5000      0.0000000E+00  0.0000000E+00  0.0000000E+00  0.0000000E+00  0.0000000E+00
           8        2005           6          17 null                                        FERT   0.3472951      0.2720429       9.385015       370.4735       824.5430       27.90857       25.71518       119.5000      0.0000000E+00  0.0000000E+00  0.0000000E+00  0.0000000E+00  0.0000000E+00
           9        2005           6          17 null                                        FERT   0.3472951      0.2720429       22.46820       3749.031       4337.191       20280.42      0.0000000E+00   119.5000      0.0000000E+00  0.0000000E+00  0.0000000E+00  0.0000000E+00  0.0000000E+00
          10        2005           6          17 null                                        FERT   0.3472951      0.2720429       19.58899       3601.153       3885.733       17214.24      0.0000000E+00   119.5000      0.0000000E+00  0.0000000E+00  0.0000000E+00  0.0000000E+00  0.0000000E+00
          11        2005           6          17 null                                        FERT   0.3472951      0.2720429       28.12615       3858.370       5188.345       25013.97      0.0000000E+00   119.5000      0.0000000E+00  0.0000000E+00  0.0000000E+00  0.0000000E+00  0.0000000E+00
          12        2005           6          17 null                                        FERT   0.3472951      0.2720429       21.60481       3690.607       4136.491       18419.31      0.0000000E+00   119.5000      0.0000000E+00  0.0000000E+00  0.0000000E+00  0.0000000E+00  0.0000000E+00
           1        2005          11           4 corn                                        HARV/KILL   0.9432241      0.0000000E+00  0.8681077       5607.081       4399.028       58.01329      0.4649478       1957.069      0.0000000E+00  0.0000000E+00  0.0000000E+00  0.0000000E+00  0.0000000E+00
           2        2005          11           4 corn                                        HARV/KILL   0.9432241      0.0000000E+00  0.8522341       4116.338       3055.372       43.18329       19.91546       1436.141      0.0000000E+00  0.0000000E+00  0.0000000E+00  0.0000000E+00  0.0000000E+00
           3        2005          11           4 corn                                        HARV/KILL   0.9432241      0.0000000E+00  0.9560638       12862.71       9100.518       14815.28      0.5442742       4505.556      0.0000000E+00  0.0000000E+00  0.0000000E+00  0.0000000E+00  0.0000000E+00
           4        2005          11           4 corn                                        HARV/KILL   0.9432241      0.0000000E+00  0.9572240       12947.50       9162.360       15830.07      0.5468396       4535.561      0.0000000E+00  0.0000000E+00  0.0000000E+00  0.0000000E+00  0.0000000E+00
           5        2005          11           4 corn                                        HARV/KILL   0.9432241      0.0000000E+00  0.9804369       14916.72       10554.72       19411.42      0.6527165       5229.859      0.0000000E+00  0.0000000E+00  0.0000000E+00  0.0000000E+00  0.0000000E+00
           6        2005          11           4 corn                                        HARV/KILL   0.9432241      0.0000000E+00  0.9808959       15044.46       10653.36       19883.03      0.6591599       5274.869      0.0000000E+00  0.0000000E+00  0.0000000E+00  0.0000000E+00  0.0000000E+00
           7        2005          11           4 corn                                        HARV/KILL   0.9432241      0.0000000E+00  0.8678124       5579.431       4377.893       58.43820      0.4696557       1947.371      0.0000000E+00  0.0000000E+00  0.0000000E+00  0.0000000E+00  0.0000000E+00
           8        2005          11           4 corn                                        HARV/KILL   0.9432241      0.0000000E+00  0.8415343       2828.948       2049.267       32.04150       25.08684       986.5131      0.0000000E+00  0.0000000E+00  0.0000000E+00  0.0000000E+00  0.0000000E+00
           9        2005          11           4 corn                                        HARV/KILL   0.9432241      0.0000000E+00  0.9888602       15607.77       11061.24       20428.94      0.6913744       5474.060      0.0000000E+00  0.0000000E+00  0.0000000E+00  0.0000000E+00  0.0000000E+00
          10        2005          11           4 corn                                        HARV/KILL   0.9432241      0.0000000E+00  0.9705523       14029.75       9932.982       17348.28      0.6048737       4917.726      0.0000000E+00  0.0000000E+00  0.0000000E+00  0.0000000E+00  0.0000000E+00
          11        2005          11           4 corn                                        HARV/KILL   0.9432241      0.0000000E+00   1.079873       18626.92       13189.15       25182.16      0.9088023       6555.698      0.0000000E+00  0.0000000E+00  0.0000000E+00  0.0000000E+00  0.0000000E+00
          12        2005          11           4 corn                                        HARV/KILL   0.9432241      0.0000000E+00  0.9837017       14868.10       10542.29       18557.39      0.6497625       5214.245      0.0000000E+00  0.0000000E+00  0.0000000E+00  0.0000000E+00  0.0000000E+00
           1        2005          11          21 null                                        FERT   2.1461871E-02  0.0000000E+00   16.33757      0.0000000E+00   4399.028       59.50756      0.5788906       167.9600      0.0000000E+00  0.0000000E+00  0.0000000E+00  0.0000000E+00  0.0000000E+00
           2        2005          11          21 null                                        FERT   2.1461871E-02  0.0000000E+00   15.43811      0.0000000E+00   3055.372       44.27735       20.01751       167.9600      0.0000000E+00  0.0000000E+00  0.0000000E+00  0.0000000E+00  0.0000000E+00
           3        2005          11          21 null                                        FERT   2.1461871E-02  0.0000000E+00   19.68396      0.0000000E+00   9100.518       14828.55      0.6819864       167.9600      0.0000000E+00  0.0000000E+00  0.0000000E+00  0.0000000E+00  0.0000000E+00
           4        2005          11          21 null                                        FERT   2.1461871E-02  0.0000000E+00   19.73110      0.0000000E+00   9162.360       15843.69      0.6853248       167.9600      0.0000000E+00  0.0000000E+00  0.0000000E+00  0.0000000E+00  0.0000000E+00
           5        2005          11          21 null                                        FERT   2.1461871E-02  0.0000000E+00   20.76320      0.0000000E+00   10554.72       19425.68      0.8198394       167.9600      0.0000000E+00  0.0000000E+00  0.0000000E+00  0.0000000E+00  0.0000000E+00
           6        2005          11          21 null                                        FERT   2.1461871E-02  0.0000000E+00   20.83811      0.0000000E+00   10653.36       19897.41      0.8281370       167.9600      0.0000000E+00  0.0000000E+00  0.0000000E+00  0.0000000E+00  0.0000000E+00
           7        2005          11          21 null                                        FERT   2.1461871E-02  0.0000000E+00   16.32381      0.0000000E+00   4377.893       59.98410      0.5848378       167.9600      0.0000000E+00  0.0000000E+00  0.0000000E+00  0.0000000E+00  0.0000000E+00
           8        2005          11          21 null                                        FERT   2.1461871E-02  0.0000000E+00   14.73432      0.0000000E+00   2049.267       32.80405       25.15581       167.9600      0.0000000E+00  0.0000000E+00  0.0000000E+00  0.0000000E+00  0.0000000E+00
           9        2005          11          21 null                                        FERT   2.1461871E-02  0.0000000E+00   21.14582      0.0000000E+00   11061.24       20443.28      0.8691272       167.9600      0.0000000E+00  0.0000000E+00  0.0000000E+00  0.0000000E+00  0.0000000E+00
          10        2005          11          21 null                                        FERT   2.1461871E-02  0.0000000E+00   20.30537      0.0000000E+00   9932.982       17362.25      0.7588506       167.9600      0.0000000E+00  0.0000000E+00  0.0000000E+00  0.0000000E+00  0.0000000E+00
          11        2005          11          21 null                                        FERT   2.1461871E-02  0.0000000E+00   22.68474      0.0000000E+00   13189.15       25201.24       1.141756       167.9600      0.0000000E+00  0.0000000E+00  0.0000000E+00  0.0000000E+00  0.0000000E+00
          12        2005          11          21 null                                        FERT   2.1461871E-02  0.0000000E+00   20.75451      0.0000000E+00   10542.29       18571.46      0.8158331       167.9600      0.0000000E+00  0.0000000E+00  0.0000000E+00  0.0000000E+00  0.0000000E+00
           1        2006           3          31 fldcult             TILLAGE   5.6068629E-02  0.0000000E+00   31.26746      0.0000000E+00   2463.456       57.10708       1.344076      0.3000000    
           2        2006           3          31 fldcult             TILLAGE   5.6068629E-02  0.0000000E+00   28.08056      0.0000000E+00   1711.008       42.39616       20.66457      0.3000000    
           3        2006           3          31 fldcult             TILLAGE   5.6068629E-02  0.0000000E+00   42.08586      0.0000000E+00   5096.290       14971.89       1.636059      0.3000000    
           4        2006           3          31 fldcult             TILLAGE   5.6068629E-02  0.0000000E+00   42.10677      0.0000000E+00   5130.922       16017.41       1.658124      0.3000000    
           5        2006           3          31 fldcult             TILLAGE   5.6068629E-02  0.0000000E+00   45.30705      0.0000000E+00   5910.644       19653.28       1.964762      0.3000000    
           6        2006           3          31 fldcult             TILLAGE   5.6068629E-02  0.0000000E+00   45.52773      0.0000000E+00   5965.880       20130.11       1.987714      0.3000000    
           7        2006           3          31 fldcult             TILLAGE   5.6068629E-02  0.0000000E+00   31.00945      0.0000000E+00   2451.620       57.90530       1.359330      0.3000000    
           8        2006           3          31 fldcult             TILLAGE   5.6068629E-02  0.0000000E+00   25.25807      0.0000000E+00   1147.589       31.69725       25.59892      0.3000000    
           9        2006           3          31 fldcult             TILLAGE   5.6068629E-02  0.0000000E+00   46.46011      0.0000000E+00   6194.295       20676.70       2.073385      0.3000000    
          10        2006           3          31 fldcult             TILLAGE   5.6068629E-02  0.0000000E+00   43.49916      0.0000000E+00   5562.470       17560.79       1.810436      0.3000000    
          11        2006           3          31 fldcult             TILLAGE   5.6068629E-02  0.0000000E+00   51.76434      0.0000000E+00   7385.922       25421.98       2.592375      0.3000000    
          12        2006           3          31 fldcult             TILLAGE   5.6068629E-02  0.0000000E+00   45.22676      0.0000000E+00   5903.685       18784.85       1.931261      0.3000000    
           1        2006           4          16 null                                        FERT   0.1000928      0.0000000E+00   39.87463      0.0000000E+00   2463.456       56.63166       1.451074       38.30000      0.0000000E+00  0.0000000E+00  0.0000000E+00  0.0000000E+00  0.0000000E+00
           2        2006           4          16 null                                        FERT   0.1000928      0.0000000E+00   35.87786      0.0000000E+00   1711.008       42.00354       20.75113       38.30000      0.0000000E+00  0.0000000E+00  0.0000000E+00  0.0000000E+00  0.0000000E+00
           3        2006           4          16 null                                        FERT   0.1000928      0.0000000E+00   53.33208      0.0000000E+00   5096.290       15002.18       1.801366       38.30000      0.0000000E+00  0.0000000E+00  0.0000000E+00  0.0000000E+00  0.0000000E+00
           4        2006           4          16 null                                        FERT   0.1000928      0.0000000E+00   53.40225      0.0000000E+00   5130.922       16047.74       1.823580       38.30000      0.0000000E+00  0.0000000E+00  0.0000000E+00  0.0000000E+00  0.0000000E+00
           5        2006           4          16 null                                        FERT   0.1000928      0.0000000E+00   57.36949      0.0000000E+00   5910.644       19694.13       2.163990       38.30000      0.0000000E+00  0.0000000E+00  0.0000000E+00  0.0000000E+00  0.0000000E+00
           6        2006           4          16 null                                        FERT   0.1000928      0.0000000E+00   57.65871      0.0000000E+00   5965.880       20171.96       2.188963       38.30000      0.0000000E+00  0.0000000E+00  0.0000000E+00  0.0000000E+00  0.0000000E+00
           7        2006           4          16 null                                        FERT   0.1000928      0.0000000E+00   39.63353      0.0000000E+00   2451.620       57.46976       1.466661       38.30000      0.0000000E+00  0.0000000E+00  0.0000000E+00  0.0000000E+00  0.0000000E+00
           8        2006           4          16 null                                        FERT   0.1000928      0.0000000E+00   32.49763      0.0000000E+00   1147.589       31.37765       25.65752       38.30000      0.0000000E+00  0.0000000E+00  0.0000000E+00  0.0000000E+00  0.0000000E+00
           9        2006           4          16 null                                        FERT   0.1000928      0.0000000E+00   58.86832      0.0000000E+00   6194.295       20719.63       2.284722       38.30000      0.0000000E+00  0.0000000E+00  0.0000000E+00  0.0000000E+00  0.0000000E+00
          10        2006           4          16 null                                        FERT   0.1000928      0.0000000E+00   55.23266      0.0000000E+00   5562.470       17595.33       1.994777       38.30000      0.0000000E+00  0.0000000E+00  0.0000000E+00  0.0000000E+00  0.0000000E+00
          11        2006           4          16 null                                        FERT   0.1000928      0.0000000E+00   65.54726      0.0000000E+00   7385.922       25469.25       2.856059       38.30000      0.0000000E+00  0.0000000E+00  0.0000000E+00  0.0000000E+00  0.0000000E+00
          12        2006           4          16 null                                        FERT   0.1000928      0.0000000E+00   57.28624      0.0000000E+00   5903.685       18822.54       2.129991       38.30000      0.0000000E+00  0.0000000E+00  0.0000000E+00  0.0000000E+00  0.0000000E+00
           1        2006           5           5 corn                                        PLANT   0.1446458      0.0000000E+00   82.46669      0.0000000E+00   2463.456       57.07142       1.560576      0.0000000E+00   6.000000    
           2        2006           5           5 corn                                        PLANT   0.1446458      0.0000000E+00   77.69115      0.0000000E+00   1711.008       42.38099       20.84604      0.0000000E+00   6.000000    
           3        2006           5           5 corn                                        PLANT   0.1446458      0.0000000E+00   100.1747      0.0000000E+00   5096.290       15043.14       1.954714      0.0000000E+00   6.000000    
           4        2006           5           5 corn                                        PLANT   0.1446458      0.0000000E+00   100.3268      0.0000000E+00   5130.922       16089.77       1.976985      0.0000000E+00   6.000000    
           5        2006           5           5 corn                                        PLANT   0.1446458      0.0000000E+00   105.8423      0.0000000E+00   5910.644       19743.61       2.353723      0.0000000E+00   6.000000    
           6        2006           5           5 corn                                        PLANT   0.1446458      0.0000000E+00   106.2413      0.0000000E+00   5965.880       20226.45       2.381103      0.0000000E+00   6.000000    
           7        2006           5           5 corn                                        PLANT   0.1446458      0.0000000E+00   82.23568      0.0000000E+00   2451.620       57.91685       1.576903      0.0000000E+00   6.000000    
           8        2006           5           5 corn                                        PLANT   0.1446458      0.0000000E+00   73.62748      0.0000000E+00   1147.589       31.66628       25.72127      0.0000000E+00   6.000000    
           9        2006           5           5 corn                                        PLANT   0.1446458      0.0000000E+00   107.8878      0.0000000E+00   6194.295       20776.19       2.489568      0.0000000E+00   6.000000    
          10        2006           5           5 corn                                        PLANT   0.1446458      0.0000000E+00   103.0559      0.0000000E+00   5562.470       17638.67       2.169324      0.0000000E+00   6.000000    
          11        2006           5           5 corn                                        PLANT   0.1446458      0.0000000E+00   116.7190      0.0000000E+00   7385.922       25531.63       3.140140      0.0000000E+00   6.000000    
          12        2006           5           5 corn                                        PLANT   0.1446458      0.0000000E+00   105.7531      0.0000000E+00   5903.685       18868.99       2.322175      0.0000000E+00   6.000000    
           1        2006           6          11 null                                        FERT   0.2978411      0.2416848       20.43339       549.2333       2463.456       56.50266       1.008876       123.2000      0.0000000E+00  0.0000000E+00  0.0000000E+00  0.0000000E+00  0.0000000E+00
           2        2006           6          11 null                                        FERT   0.2978411      0.2416848       17.31156       385.4557       1711.008       42.76915       20.53969       123.2000      0.0000000E+00  0.0000000E+00  0.0000000E+00  0.0000000E+00  0.0000000E+00
           3        2006           6          11 null                                        FERT   0.2978411      0.2416848       32.72730       2314.877       5096.290       15086.39      0.0000000E+00   123.2000      0.0000000E+00  0.0000000E+00  0.0000000E+00  0.0000000E+00  0.0000000E+00
           4        2006           6          11 null                                        FERT   0.2978411      0.2416848       32.85417       2313.954       5130.922       16139.00      0.0000000E+00   123.2000      0.0000000E+00  0.0000000E+00  0.0000000E+00  0.0000000E+00  0.0000000E+00
           5        2006           6          11 null                                        FERT   0.2978411      0.2416848       36.38498       2317.422       5910.644       19811.44      0.0000000E+00   123.2000      0.0000000E+00  0.0000000E+00  0.0000000E+00  0.0000000E+00  0.0000000E+00
           6        2006           6          11 null                                        FERT   0.2978411      0.2416848       36.62648       2317.073       5965.880       20294.23      0.0000000E+00   123.2000      0.0000000E+00  0.0000000E+00  0.0000000E+00  0.0000000E+00  0.0000000E+00
           7        2006           6          11 null                                        FERT   0.2978411      0.2416848       20.31279       547.7548       2451.620       57.33899       1.029227       123.2000      0.0000000E+00  0.0000000E+00  0.0000000E+00  0.0000000E+00  0.0000000E+00
           8        2006           6          11 null                                        FERT   0.2978411      0.2416848       15.06117       252.5292       1147.589       32.02261       25.50817       123.2000      0.0000000E+00  0.0000000E+00  0.0000000E+00  0.0000000E+00  0.0000000E+00
           9        2006           6          11 null                                        FERT   0.2978411      0.2416848       37.65625       2318.450       6194.295       20847.05      0.0000000E+00   123.2000      0.0000000E+00  0.0000000E+00  0.0000000E+00  0.0000000E+00  0.0000000E+00
          10        2006           6          11 null                                        FERT   0.2978411      0.2416848       34.74222       2315.673       5562.470       17697.38      0.0000000E+00   123.2000      0.0000000E+00  0.0000000E+00  0.0000000E+00  0.0000000E+00  0.0000000E+00
          11        2006           6          11 null                                        FERT   0.2978411      0.2416848       43.52013       2323.683       7385.922       25640.61      0.3887107       123.2000      0.0000000E+00  0.0000000E+00  0.0000000E+00  0.0000000E+00  0.0000000E+00
          12        2006           6          11 null                                        FERT   0.2978411      0.2416848       36.33904       2317.283       5903.685       18934.78      0.0000000E+00   123.2000      0.0000000E+00  0.0000000E+00  0.0000000E+00  0.0000000E+00  0.0000000E+00
           1        2006          11           5 corn                                        HARV/KILL   0.9337579      0.0000000E+00  4.9999999E-06   5591.728       4723.404       61.54166      0.4684506       2102.762      0.0000000E+00  0.0000000E+00  0.0000000E+00  0.0000000E+00  0.0000000E+00
           2        2006          11           5 corn                                        HARV/KILL   0.9337579      0.0000000E+00  4.9999999E-06   4027.039       3339.321       46.51306       19.62842       1513.653      0.0000000E+00  0.0000000E+00  0.0000000E+00  0.0000000E+00  0.0000000E+00
           3        2006          11           5 corn                                        HARV/KILL   0.9337579      0.0000000E+00  1.3147765E-02   12564.86       10167.49       15261.90      0.6495942       4731.655      0.0000000E+00  0.0000000E+00  0.0000000E+00  0.0000000E+00  0.0000000E+00
           4        2006          11           5 corn                                        HARV/KILL   0.9337579      0.0000000E+00  1.5136287E-02   12671.16       10244.96       16325.39      0.6547535       4771.750      0.0000000E+00  0.0000000E+00  0.0000000E+00  0.0000000E+00  0.0000000E+00
           5        2006          11           5 corn                                        HARV/KILL   0.9337579      0.0000000E+00  0.1576519       14582.79       11793.76       20022.66      0.7698613       5493.963      0.0000000E+00  0.0000000E+00  0.0000000E+00  0.0000000E+00  0.0000000E+00
           6        2006          11           5 corn                                        HARV/KILL   0.9337579      0.0000000E+00  0.1687430       14717.51       11903.13       20508.78      0.7777147       5544.916      0.0000000E+00  0.0000000E+00  0.0000000E+00  0.0000000E+00  0.0000000E+00
           7        2006          11           5 corn                                        HARV/KILL   0.9337579      0.0000000E+00  4.9999999E-06   5564.217       4700.490       62.35151      0.4717603       2092.378      0.0000000E+00  0.0000000E+00  0.0000000E+00  0.0000000E+00  0.0000000E+00
           8        2006          11           5 corn                                        HARV/KILL   0.9337579      0.0000000E+00  4.9999999E-06   2747.213       2258.733       34.82561       24.88325       1032.296      0.0000000E+00  0.0000000E+00  0.0000000E+00  0.0000000E+00  0.0000000E+00
           9        2006          11           5 corn                                        HARV/KILL   0.9337579      0.0000000E+00  0.1808141       15253.00       12347.36       21063.33      0.8112862       5746.868      0.0000000E+00  0.0000000E+00  0.0000000E+00  0.0000000E+00  0.0000000E+00
          10        2006          11           5 corn                                        HARV/KILL   0.9337579      0.0000000E+00  4.2930599E-02   13695.79       11089.36       17893.80      0.7183035       5158.256      0.0000000E+00  0.0000000E+00  0.0000000E+00  0.0000000E+00  0.0000000E+00
          11        2006          11           5 corn                                        HARV/KILL   0.9337579      0.0000000E+00  0.1808141       18472.32       14837.31       25896.59       1.027151       6960.138      0.0000000E+00  0.0000000E+00  0.0000000E+00  0.0000000E+00  0.0000000E+00
          12        2006          11           5 corn                                        HARV/KILL   0.9337579      0.0000000E+00  0.1554350       14484.38       11746.88       19141.43      0.7657078       5457.093      0.0000000E+00  0.0000000E+00  0.0000000E+00  0.0000000E+00  0.0000000E+00
           1        2006          11          10 fldcult             TILLAGE   5.4895729E-03  0.0000000E+00  4.9999999E-06  0.0000000E+00   3306.383       62.05852      0.4932822      0.3000000    
           2        2006          11          10 fldcult             TILLAGE   5.4895729E-03  0.0000000E+00  4.9999999E-06  0.0000000E+00   2337.525       46.88349       19.65411      0.3000000    
           3        2006          11          10 fldcult             TILLAGE   5.4895729E-03  0.0000000E+00  8.2060014E-06  0.0000000E+00   7117.240       15265.05      0.6764402      0.3000000    
           4        2006          11          10 fldcult             TILLAGE   5.4895729E-03  0.0000000E+00  8.8423285E-06  0.0000000E+00   7171.468       16328.65      0.6822623      0.3000000    
           5        2006          11          10 fldcult             TILLAGE   5.4895729E-03  0.0000000E+00  4.9150281E-04  0.0000000E+00   8255.630       20026.35      0.8024209      0.3000000    
           6        2006          11          10 fldcult             TILLAGE   5.4895729E-03  0.0000000E+00  5.7439716E-04  0.0000000E+00   8332.194       20512.52      0.8107839      0.3000000    
           7        2006          11          10 fldcult             TILLAGE   5.4895729E-03  0.0000000E+00  4.9999999E-06  0.0000000E+00   3290.343       62.86689      0.4969751      0.3000000    
           8        2006          11          10 fldcult             TILLAGE   5.4895729E-03  0.0000000E+00  4.9999999E-06  0.0000000E+00   1581.113       35.08865       24.90079      0.3000000    
           9        2006          11          10 fldcult             TILLAGE   5.4895729E-03  0.0000000E+00  6.7687943E-04  0.0000000E+00   8643.151       21067.15      0.8456948      0.3000000    
          10        2006          11          10 fldcult             TILLAGE   5.4895729E-03  0.0000000E+00  1.7736507E-05  0.0000000E+00   7762.551       17897.29      0.7485590      0.3000000    
          11        2006          11          10 fldcult             TILLAGE   5.4895729E-03  0.0000000E+00  7.6513644E-04  0.0000000E+00   10386.12       25901.07       1.073149      0.3000000    
          12        2006          11          10 fldcult             TILLAGE   5.4895729E-03  0.0000000E+00  4.7398952E-04  0.0000000E+00   8222.817       19145.06      0.7979474      0.3000000    
           1        2006          12           2 null                                        FERT   3.3191320E-02  0.0000000E+00   11.56182      0.0000000E+00   3306.383       64.19151      0.6154359       142.7000      0.0000000E+00  0.0000000E+00  0.0000000E+00  0.0000000E+00  0.0000000E+00
           2        2006          12           2 null                                        FERT   3.3191320E-02  0.0000000E+00   11.20498      0.0000000E+00   2337.525       48.41089       19.77275       142.7000      0.0000000E+00  0.0000000E+00  0.0000000E+00  0.0000000E+00  0.0000000E+00
           3        2006          12           2 null                                        FERT   3.3191320E-02  0.0000000E+00   13.82703      0.0000000E+00   7117.240       15278.40      0.8339624       142.7000      0.0000000E+00  0.0000000E+00  0.0000000E+00  0.0000000E+00  0.0000000E+00
           4        2006          12           2 null                                        FERT   3.3191320E-02  0.0000000E+00   13.85851      0.0000000E+00   7171.468       16342.49      0.8390707       142.7000      0.0000000E+00  0.0000000E+00  0.0000000E+00  0.0000000E+00  0.0000000E+00
           5        2006          12           2 null                                        FERT   3.3191320E-02  0.0000000E+00   14.47711      0.0000000E+00   8255.630       20042.00      0.9914007       142.7000      0.0000000E+00  0.0000000E+00  0.0000000E+00  0.0000000E+00  0.0000000E+00
           6        2006          12           2 null                                        FERT   3.3191320E-02  0.0000000E+00   14.52022      0.0000000E+00   8332.194       20528.40       1.001061       142.7000      0.0000000E+00  0.0000000E+00  0.0000000E+00  0.0000000E+00  0.0000000E+00
           7        2006          12           2 null                                        FERT   3.3191320E-02  0.0000000E+00   11.55312      0.0000000E+00   3290.343       64.99570      0.6200606       142.7000      0.0000000E+00  0.0000000E+00  0.0000000E+00  0.0000000E+00  0.0000000E+00
           8        2006          12           2 null                                        FERT   3.3191320E-02  0.0000000E+00   11.03682      0.0000000E+00   1581.113       36.17684       24.98145       142.7000      0.0000000E+00  0.0000000E+00  0.0000000E+00  0.0000000E+00  0.0000000E+00
           9        2006          12           2 null                                        FERT   3.3191320E-02  0.0000000E+00   14.69402      0.0000000E+00   8643.151       21083.31       1.046122       142.7000      0.0000000E+00  0.0000000E+00  0.0000000E+00  0.0000000E+00  0.0000000E+00
          10        2006          12           2 null                                        FERT   3.3191320E-02  0.0000000E+00   14.19783      0.0000000E+00   7762.551       17912.06      0.9226403       142.7000      0.0000000E+00  0.0000000E+00  0.0000000E+00  0.0000000E+00  0.0000000E+00
          11        2006          12           2 null                                        FERT   3.3191320E-02  0.0000000E+00   15.68571      0.0000000E+00   10386.12       25919.96       1.328220       142.7000      0.0000000E+00  0.0000000E+00  0.0000000E+00  0.0000000E+00  0.0000000E+00
          12        2006          12           2 null                                        FERT   3.3191320E-02  0.0000000E+00   14.45851      0.0000000E+00   8222.817       19160.39      0.9856429       142.7000      0.0000000E+00  0.0000000E+00  0.0000000E+00  0.0000000E+00  0.0000000E+00
           1        2007           4           1 fldcult             TILLAGE   6.4088732E-02  0.0000000E+00   67.80502      0.0000000E+00   1851.574       62.96972       1.173468      0.3000000    
           2        2007           4           1 fldcult             TILLAGE   6.4088732E-02  0.0000000E+00   63.58277      0.0000000E+00   1309.014       48.78203       20.28458      0.3000000    
           3        2007           4           1 fldcult             TILLAGE   6.4088732E-02  0.0000000E+00   80.32350      0.0000000E+00   3985.655       15412.05       1.574891      0.3000000    
           4        2007           4           1 fldcult             TILLAGE   6.4088732E-02  0.0000000E+00   79.57738      0.0000000E+00   4016.022       16485.06       1.588981      0.3000000    
           5        2007           4           1 fldcult             TILLAGE   6.4088732E-02  0.0000000E+00   83.97653      0.0000000E+00   4623.153       20221.00       1.881784      0.3000000    
           6        2007           4           1 fldcult             TILLAGE   6.4088732E-02  0.0000000E+00   83.91966      0.0000000E+00   4666.029       20708.81       1.900638      0.3000000    
           7        2007           4           1 fldcult             TILLAGE   6.4088732E-02  0.0000000E+00   66.75554      0.0000000E+00   1842.592       63.69752       1.180296      0.3000000    
           8        2007           4           1 fldcult             TILLAGE   6.4088732E-02  0.0000000E+00   62.34895      0.0000000E+00   885.4232       35.93188       25.32664      0.3000000    
           9        2007           4           1 fldcult             TILLAGE   6.4088732E-02  0.0000000E+00   85.44370      0.0000000E+00   4840.165       21268.72       1.983692      0.3000000    
          10        2007           4           1 fldcult             TILLAGE   6.4088732E-02  0.0000000E+00   82.04665      0.0000000E+00   4347.028       18069.25       1.738484      0.3000000    
          11        2007           4           1 fldcult             TILLAGE   6.4088732E-02  0.0000000E+00   91.25807      0.0000000E+00   5816.228       26113.23       2.450466      0.3000000    
          12        2007           4           1 fldcult             TILLAGE   6.4088732E-02  0.0000000E+00   84.81967      0.0000000E+00   4604.778       19333.15       1.857274      0.3000000    
           1        2007           4          28 corn                                        PLANT   0.1324165      0.0000000E+00   145.7381      0.0000000E+00   1851.574       62.54363       1.323127      0.0000000E+00   6.000000    
           2        2007           4          28 corn                                        PLANT   0.1324165      0.0000000E+00   143.1677      0.0000000E+00   1309.014       48.56601       20.42475      0.0000000E+00   6.000000    
           3        2007           4          28 corn                                        PLANT   0.1324165      0.0000000E+00   159.6214      0.0000000E+00   3985.655       15466.99       1.803522      0.0000000E+00   6.000000    
           4        2007           4          28 corn                                        PLANT   0.1324165      0.0000000E+00   159.4052      0.0000000E+00   4016.022       16542.57       1.819608      0.0000000E+00   6.000000    
           5        2007           4          28 corn                                        PLANT   0.1324165      0.0000000E+00   163.7767      0.0000000E+00   4623.153       20297.55       2.158298      0.0000000E+00   6.000000    
           6        2007           4          28 corn                                        PLANT   0.1324165      0.0000000E+00   164.0789      0.0000000E+00   4666.029       20786.15       2.180794      0.0000000E+00   6.000000    
           7        2007           4          28 corn                                        PLANT   0.1324165      0.0000000E+00   144.9238      0.0000000E+00   1842.592       63.58408       1.331890      0.0000000E+00   6.000000    
           8        2007           4          28 corn                                        PLANT   0.1324165      0.0000000E+00   140.9553      0.0000000E+00   885.4232       35.51505       25.42272      0.0000000E+00   6.000000    
           9        2007           4          28 corn                                        PLANT   0.1324165      0.0000000E+00   165.7084      0.0000000E+00   4840.165       21347.34       2.278155      0.0000000E+00   6.000000    
          10        2007           4          28 corn                                        PLANT   0.1324165      0.0000000E+00   162.9974      0.0000000E+00   4347.028       18136.76       1.994767      0.0000000E+00   6.000000    
          11        2007           4          28 corn                                        PLANT   0.1324165      0.0000000E+00   174.3953      0.0000000E+00   5816.228       26202.81       2.839293      0.0000000E+00   6.000000    
          12        2007           4          28 corn                                        PLANT   0.1324165      0.0000000E+00   165.9053      0.0000000E+00   4604.778       19404.93       2.132905      0.0000000E+00   6.000000    
           1        2007           6           1 null                                        FERT   0.2596451      0.1786555       118.4607       607.6738       1851.574       40.43002      0.5623878       181.4000      0.0000000E+00  0.0000000E+00  0.0000000E+00  0.0000000E+00  0.0000000E+00
           2        2007           6           1 null                                        FERT   0.2596451      0.1786555       116.1099       500.4743       1309.014       22.52181       19.83796       181.4000      0.0000000E+00  0.0000000E+00  0.0000000E+00  0.0000000E+00  0.0000000E+00
           3        2007           6           1 null                                        FERT   0.2596451      0.1786555       141.9495       1221.374       3985.655       15535.48      0.1586861       181.4000      0.0000000E+00  0.0000000E+00  0.0000000E+00  0.0000000E+00  0.0000000E+00
           4        2007           6           1 null                                        FERT   0.2596451      0.1786555       142.0544       1218.758       4016.022       16615.73      0.1842758       181.4000      0.0000000E+00  0.0000000E+00  0.0000000E+00  0.0000000E+00  0.0000000E+00
           5        2007           6           1 null                                        FERT   0.2596451      0.1786555       149.3628       1226.549       4623.153       20383.73      0.5803019       181.4000      0.0000000E+00  0.0000000E+00  0.0000000E+00  0.0000000E+00  0.0000000E+00
           6        2007           6           1 null                                        FERT   0.2596451      0.1786555       150.0770       1225.892       4666.029       20876.79      0.6087030       181.4000      0.0000000E+00  0.0000000E+00  0.0000000E+00  0.0000000E+00  0.0000000E+00
           7        2007           6           1 null                                        FERT   0.2596451      0.1786555       117.5897       606.7357       1842.592       39.65891      0.5741246       181.4000      0.0000000E+00  0.0000000E+00  0.0000000E+00  0.0000000E+00  0.0000000E+00
           8        2007           6           1 null                                        FERT   0.2596451      0.1786555       112.8294       283.3086       885.4232       21.15674       25.06436       181.4000      0.0000000E+00  0.0000000E+00  0.0000000E+00  0.0000000E+00  0.0000000E+00
           9        2007           6           1 null                                        FERT   0.2596451      0.1786555       152.6951       1228.391       4840.165       21440.78      0.7136180       181.4000      0.0000000E+00  0.0000000E+00  0.0000000E+00  0.0000000E+00  0.0000000E+00
          10        2007           6           1 null                                        FERT   0.2596451      0.1786555       148.2978       1223.252       4347.028       18217.40      0.3937881       181.4000      0.0000000E+00  0.0000000E+00  0.0000000E+00  0.0000000E+00  0.0000000E+00
          11        2007           6           1 null                                        FERT   0.2596451      0.1786555       168.8215       1231.140       5816.228       26330.58       1.372164       181.4000      0.0000000E+00  0.0000000E+00  0.0000000E+00  0.0000000E+00  0.0000000E+00
          12        2007           6           1 null                                        FERT   0.2596451      0.1786555       152.8208       1226.401       4604.778       19491.37      0.5586257       181.4000      0.0000000E+00  0.0000000E+00  0.0000000E+00  0.0000000E+00  0.0000000E+00
           1        2007          10           7 corn                                        HARV/KILL   0.8736891      0.0000000E+00   23.08734       8611.310       5353.395       2.610577      0.3224247       3217.866      0.0000000E+00  0.0000000E+00  0.0000000E+00  0.0000000E+00  0.0000000E+00
           2        2007          10           7 corn                                        HARV/KILL   0.8736891      0.0000000E+00   23.08745       10109.20       5418.360       1.791784       16.13755       3779.111      0.0000000E+00  0.0000000E+00  0.0000000E+00  0.0000000E+00  0.0000000E+00
           3        2007          10           7 corn                                        HARV/KILL   0.8736891      0.0000000E+00   23.08716       11646.57       8721.635       15718.35      0.5226036       4352.213      0.0000000E+00  0.0000000E+00  0.0000000E+00  0.0000000E+00  0.0000000E+00
           4        2007          10           7 corn                                        HARV/KILL   0.8736891      0.0000000E+00   23.08731       11739.75       8789.728       16811.80      0.5291615       4387.189      0.0000000E+00  0.0000000E+00  0.0000000E+00  0.0000000E+00  0.0000000E+00
           5        2007          10           7 corn                                        HARV/KILL   0.8736891      0.0000000E+00   23.08710       13484.00       10106.18       20605.79      0.6146890       5038.967      0.0000000E+00  0.0000000E+00  0.0000000E+00  0.0000000E+00  0.0000000E+00
           6        2007          10           7 corn                                        HARV/KILL   0.8736891      0.0000000E+00   23.08719       13603.49       10197.43       21103.98      0.6213242       5083.827      0.0000000E+00  0.0000000E+00  0.0000000E+00  0.0000000E+00  0.0000000E+00
           7        2007          10           7 corn                                        HARV/KILL   0.8736891      0.0000000E+00   23.08740       8657.898       5363.428       2.671415      0.3238473       3235.209      0.0000000E+00  0.0000000E+00  0.0000000E+00  0.0000000E+00  0.0000000E+00
           8        2007          10           7 corn                                        HARV/KILL   0.8736891      0.0000000E+00   23.08752       6080.886       3357.395       1.379979       22.91481       2273.100      0.0000000E+00  0.0000000E+00  0.0000000E+00  0.0000000E+00  0.0000000E+00
           9        2007          10           7 corn                                        HARV/KILL   0.8736891      0.0000000E+00   23.08700       14076.06       10563.56       21671.28      0.6444389       5260.578      0.0000000E+00  0.0000000E+00  0.0000000E+00  0.0000000E+00  0.0000000E+00
          10        2007          10           7 corn                                        HARV/KILL   0.8736891      0.0000000E+00   23.08725       12709.44       9514.062       18428.71      0.5787337       4750.491      0.0000000E+00  0.0000000E+00  0.0000000E+00  0.0000000E+00  0.0000000E+00
          11        2007          10           7 corn                                        HARV/KILL   0.8736891      0.0000000E+00   23.08573       16806.48       12648.01       26626.08      0.8022817       6282.731      0.0000000E+00  0.0000000E+00  0.0000000E+00  0.0000000E+00  0.0000000E+00
          12        2007          10           7 corn                                        HARV/KILL   0.8736891      0.0000000E+00   23.08685       13417.72       10059.52       19712.26      0.6127150       5015.465      0.0000000E+00  0.0000000E+00  0.0000000E+00  0.0000000E+00  0.0000000E+00
           1        2007          10           9 null                                        FERT   3.1133406E-03  0.0000000E+00   51.89594      0.0000000E+00   5353.395       2.877631      0.3365820       142.7000      0.0000000E+00  0.0000000E+00  0.0000000E+00  0.0000000E+00  0.0000000E+00
           2        2007          10           9 null                                        FERT   3.1133406E-03  0.0000000E+00   51.89597      0.0000000E+00   5418.360       1.980040       16.16438       142.7000      0.0000000E+00  0.0000000E+00  0.0000000E+00  0.0000000E+00  0.0000000E+00
           3        2007          10           9 null                                        FERT   3.1133406E-03  0.0000000E+00   52.07982      0.0000000E+00   8721.635       15721.13      0.5444774       142.7000      0.0000000E+00  0.0000000E+00  0.0000000E+00  0.0000000E+00  0.0000000E+00
           4        2007          10           9 null                                        FERT   3.1133406E-03  0.0000000E+00   52.08388      0.0000000E+00   8789.728       16814.66      0.5509918       142.7000      0.0000000E+00  0.0000000E+00  0.0000000E+00  0.0000000E+00  0.0000000E+00
           5        2007          10           9 null                                        FERT   3.1133406E-03  0.0000000E+00   52.14702      0.0000000E+00   10106.18       20608.88      0.6404538       142.7000      0.0000000E+00  0.0000000E+00  0.0000000E+00  0.0000000E+00  0.0000000E+00
           6        2007          10           9 null                                        FERT   3.1133406E-03  0.0000000E+00   52.15156      0.0000000E+00   10197.43       21107.11      0.6472844       142.7000      0.0000000E+00  0.0000000E+00  0.0000000E+00  0.0000000E+00  0.0000000E+00
           7        2007          10           9 null                                        FERT   3.1133406E-03  0.0000000E+00   51.89676      0.0000000E+00   5363.428       2.939497      0.3380474       142.7000      0.0000000E+00  0.0000000E+00  0.0000000E+00  0.0000000E+00  0.0000000E+00
           8        2007          10           9 null                                        FERT   3.1133406E-03  0.0000000E+00   51.77062      0.0000000E+00   3357.395       1.508933       22.93078       142.7000      0.0000000E+00  0.0000000E+00  0.0000000E+00  0.0000000E+00  0.0000000E+00
           9        2007          10           9 null                                        FERT   3.1133406E-03  0.0000000E+00   52.16779      0.0000000E+00   10563.56       21674.44      0.6715938       142.7000      0.0000000E+00  0.0000000E+00  0.0000000E+00  0.0000000E+00  0.0000000E+00
          10        2007          10           9 null                                        FERT   3.1133406E-03  0.0000000E+00   52.11919      0.0000000E+00   9514.062       18431.68      0.6026034       142.7000      0.0000000E+00  0.0000000E+00  0.0000000E+00  0.0000000E+00  0.0000000E+00
          11        2007          10           9 null                                        FERT   3.1133406E-03  0.0000000E+00   52.25480      0.0000000E+00   12648.01       26629.64      0.8351679       142.7000      0.0000000E+00  0.0000000E+00  0.0000000E+00  0.0000000E+00  0.0000000E+00
          12        2007          10           9 null                                        FERT   3.1133406E-03  0.0000000E+00   52.14391      0.0000000E+00   10059.52       19715.31      0.6381923       142.7000      0.0000000E+00  0.0000000E+00  0.0000000E+00  0.0000000E+00  0.0000000E+00
           1        2007          10          11 fldcult             TILLAGE   1.0753106E-02  0.0000000E+00   44.49421      0.0000000E+00   3747.376       2.484396      0.3525727      0.3000000    
           2        2007          10          11 fldcult             TILLAGE   1.0753106E-02  0.0000000E+00   44.51922      0.0000000E+00   3792.852       1.696453       16.19173      0.3000000    
           3        2007          10          11 fldcult             TILLAGE   1.0753106E-02  0.0000000E+00   45.87181      0.0000000E+00   6105.144       15724.37      0.5704837      0.3000000    
           4        2007          10          11 fldcult             TILLAGE   1.0753106E-02  0.0000000E+00   45.89799      0.0000000E+00   6152.809       16818.77      0.5772296      0.3000000    
           5        2007          10          11 fldcult             TILLAGE   1.0753106E-02  0.0000000E+00   46.37431      0.0000000E+00   7074.323       20613.64      0.6710739      0.3000000    
           6        2007          10          11 fldcult             TILLAGE   1.0753106E-02  0.0000000E+00   46.40649      0.0000000E+00   7138.199       21111.79      0.6782275      0.3000000    
           7        2007          10          11 fldcult             TILLAGE   1.0753106E-02  0.0000000E+00   44.49889      0.0000000E+00   3754.399       2.543932      0.3541054      0.3000000    
           8        2007          10          11 fldcult             TILLAGE   1.0753106E-02  0.0000000E+00   43.56060      0.0000000E+00   2350.177       1.320602       22.94717      0.3000000    
           9        2007          10          11 fldcult             TILLAGE   1.0753106E-02  0.0000000E+00   46.53238      0.0000000E+00   7394.491       21679.07      0.7037645      0.3000000    
          10        2007          10          11 fldcult             TILLAGE   1.0753106E-02  0.0000000E+00   46.16400      0.0000000E+00   6659.843       18435.64      0.6310939      0.3000000    
          11        2007          10          11 fldcult             TILLAGE   1.0753106E-02  0.0000000E+00   47.20684      0.0000000E+00   8853.609       26634.67      0.8740074      0.3000000    
          12        2007          10          11 fldcult             TILLAGE   1.0753106E-02  0.0000000E+00   46.35702      0.0000000E+00   7041.661       19719.13      0.6684204      0.3000000    
           1        2008           5           1 fldcult             TILLAGE   0.1440403      0.0000000E+00   92.15668      0.0000000E+00   2098.531       6.956956       1.204306      0.3000000    
           2        2008           5           1 fldcult             TILLAGE   0.1440403      0.0000000E+00   92.95887      0.0000000E+00   2123.997       4.639354       18.09269      0.3000000    
           3        2008           5           1 fldcult             TILLAGE   0.1440403      0.0000000E+00   106.1050      0.0000000E+00   3418.881       16058.80       1.772331      0.3000000    
           4        2008           5           1 fldcult             TILLAGE   0.1440403      0.0000000E+00   106.3146      0.0000000E+00   3445.573       17176.31       1.795634      0.3000000    
           5        2008           5           1 fldcult             TILLAGE   0.1440403      0.0000000E+00   112.5130      0.0000000E+00   3961.621       21012.68       2.122474      0.3000000    
           6        2008           5           1 fldcult             TILLAGE   0.1440403      0.0000000E+00   112.9416      0.0000000E+00   3997.392       21512.71       2.146660      0.3000000    
           7        2008           5           1 fldcult             TILLAGE   0.1440403      0.0000000E+00   92.16866      0.0000000E+00   2102.464       6.977968       1.213348      0.3000000    
           8        2008           5           1 fldcult             TILLAGE   0.1440403      0.0000000E+00   83.00206      0.0000000E+00   1316.099       3.532539       24.11218      0.3000000    
           9        2008           5           1 fldcult             TILLAGE   0.1440403      0.0000000E+00   114.7864      0.0000000E+00   4140.915       22082.47       2.233534      0.3000000    
          10        2008           5           1 fldcult             TILLAGE   0.1440403      0.0000000E+00   109.9306      0.0000000E+00   3729.512       18811.72       1.963593      0.3000000    
          11        2008           5           1 fldcult             TILLAGE   0.1440403      0.0000000E+00   125.7272      0.0000000E+00   4958.021       27076.99       2.735096      0.3000000    
          12        2008           5           1 fldcult             TILLAGE   0.1440403      0.0000000E+00   112.9267      0.0000000E+00   3943.330       20095.74       2.090481      0.3000000    
           1        2008           5           3 corn                                        PLANT   0.1505112      0.0000000E+00   86.44389      0.0000000E+00   2098.531       7.028996       1.212072      0.0000000E+00   6.000000    
           1        2008           5           3 null                                        FERT   0.1505112      0.0000000E+00   86.44389      0.0000000E+00   2098.531       7.028996       1.212072       26.00000      0.0000000E+00  0.0000000E+00  0.0000000E+00  0.0000000E+00  0.0000000E+00
           2        2008           5           3 corn                                        PLANT   0.1505112      0.0000000E+00   87.18532      0.0000000E+00   2123.997       4.688680       18.10833      0.0000000E+00   6.000000    
           2        2008           5           3 null                                        FERT   0.1505112      0.0000000E+00   87.18532      0.0000000E+00   2123.997       4.688680       18.10833       26.00000      0.0000000E+00  0.0000000E+00  0.0000000E+00  0.0000000E+00  0.0000000E+00
           3        2008           5           3 corn                                        PLANT   0.1505112      0.0000000E+00   99.28992      0.0000000E+00   3418.881       16063.10       1.784679      0.0000000E+00   6.000000    
           3        2008           5           3 null                                        FERT   0.1505112      0.0000000E+00   99.28992      0.0000000E+00   3418.881       16063.10       1.784679       26.00000      0.0000000E+00  0.0000000E+00  0.0000000E+00  0.0000000E+00  0.0000000E+00
           4        2008           5           3 corn                                        PLANT   0.1505112      0.0000000E+00   99.48738      0.0000000E+00   3445.573       17181.61       1.808017      0.0000000E+00   6.000000    
           4        2008           5           3 null                                        FERT   0.1505112      0.0000000E+00   99.48738      0.0000000E+00   3445.573       17181.61       1.808017       26.00000      0.0000000E+00  0.0000000E+00  0.0000000E+00  0.0000000E+00  0.0000000E+00
           5        2008           5           3 corn                                        PLANT   0.1505112      0.0000000E+00   105.2397      0.0000000E+00   3961.621       21019.03       2.137723      0.0000000E+00   6.000000    
           5        2008           5           3 null                                        FERT   0.1505112      0.0000000E+00   105.2397      0.0000000E+00   3961.621       21019.03       2.137723       26.00000      0.0000000E+00  0.0000000E+00  0.0000000E+00  0.0000000E+00  0.0000000E+00
           6        2008           5           3 corn                                        PLANT   0.1505112      0.0000000E+00   105.6361      0.0000000E+00   3997.392       21519.05       2.162182      0.0000000E+00   6.000000    
           6        2008           5           3 null                                        FERT   0.1505112      0.0000000E+00   105.6361      0.0000000E+00   3997.392       21519.05       2.162182       26.00000      0.0000000E+00  0.0000000E+00  0.0000000E+00  0.0000000E+00  0.0000000E+00
           7        2008           5           3 corn                                        PLANT   0.1505112      0.0000000E+00   86.45483      0.0000000E+00   2102.464       7.048914       1.221147      0.0000000E+00   6.000000    
           7        2008           5           3 null                                        FERT   0.1505112      0.0000000E+00   86.45483      0.0000000E+00   2102.464       7.048914       1.221147       26.00000      0.0000000E+00  0.0000000E+00  0.0000000E+00  0.0000000E+00  0.0000000E+00
           8        2008           5           3 corn                                        PLANT   0.1505112      0.0000000E+00   77.96914      0.0000000E+00   1316.099       3.568088       24.12189      0.0000000E+00   6.000000    
           8        2008           5           3 null                                        FERT   0.1505112      0.0000000E+00   77.96914      0.0000000E+00   1316.099       3.568088       24.12189       26.00000      0.0000000E+00  0.0000000E+00  0.0000000E+00  0.0000000E+00  0.0000000E+00
           9        2008           5           3 corn                                        PLANT   0.1505112      0.0000000E+00   107.3371      0.0000000E+00   4140.915       22088.83       2.250174      0.0000000E+00   6.000000    
           9        2008           5           3 null                                        FERT   0.1505112      0.0000000E+00   107.3371      0.0000000E+00   4140.915       22088.83       2.250174       26.00000      0.0000000E+00  0.0000000E+00  0.0000000E+00  0.0000000E+00  0.0000000E+00
          10        2008           5           3 corn                                        PLANT   0.1505112      0.0000000E+00   102.8431      0.0000000E+00   3729.512       18818.06       1.977623      0.0000000E+00   6.000000    
          10        2008           5           3 null                                        FERT   0.1505112      0.0000000E+00   102.8431      0.0000000E+00   3729.512       18818.06       1.977623       26.00000      0.0000000E+00  0.0000000E+00  0.0000000E+00  0.0000000E+00  0.0000000E+00
          11        2008           5           3 corn                                        PLANT   0.1505112      0.0000000E+00   118.1286      0.0000000E+00   4958.021       27085.43       2.756604      0.0000000E+00   6.000000    
          11        2008           5           3 null                                        FERT   0.1505112      0.0000000E+00   118.1286      0.0000000E+00   4958.021       27085.43       2.756604       26.00000      0.0000000E+00  0.0000000E+00  0.0000000E+00  0.0000000E+00  0.0000000E+00
          12        2008           5           3 corn                                        PLANT   0.1505112      0.0000000E+00   105.6077      0.0000000E+00   3943.330       20102.09       2.106100      0.0000000E+00   6.000000    
          12        2008           5           3 null                                        FERT   0.1505112      0.0000000E+00   105.6077      0.0000000E+00   3943.330       20102.09       2.106100       26.00000      0.0000000E+00  0.0000000E+00  0.0000000E+00  0.0000000E+00  0.0000000E+00
           1        2008           6           6 null                                        FERT   0.2778496      0.1808535       213.5377       615.3965       2098.531       1.161012      0.5905518       182.6000      0.0000000E+00  0.0000000E+00  0.0000000E+00  0.0000000E+00  0.0000000E+00
           2        2008           6           6 null                                        FERT   0.2778496      0.1808535       228.1598       477.8869       2123.997      0.7084435       17.82067       182.6000      0.0000000E+00  0.0000000E+00  0.0000000E+00  0.0000000E+00  0.0000000E+00
           3        2008           6           6 null                                        FERT   0.2778496      0.1808535       225.3759       1262.886       3418.881       16131.79      0.0000000E+00   182.6000      0.0000000E+00  0.0000000E+00  0.0000000E+00  0.0000000E+00  0.0000000E+00
           4        2008           6           6 null                                        FERT   0.2778496      0.1808535       226.4186       1260.140       3445.573       17255.01      2.2457987E-02   182.6000      0.0000000E+00  0.0000000E+00  0.0000000E+00  0.0000000E+00  0.0000000E+00
           5        2008           6           6 null                                        FERT   0.2778496      0.1808535       232.5936       1270.341       3961.621       21104.43      0.4547322       182.6000      0.0000000E+00  0.0000000E+00  0.0000000E+00  0.0000000E+00  0.0000000E+00
           6        2008           6           6 null                                        FERT   0.2778496      0.1808535       234.1689       1269.905       3997.392       21612.37      0.4836788       182.6000      0.0000000E+00  0.0000000E+00  0.0000000E+00  0.0000000E+00  0.0000000E+00
           7        2008           6           6 null                                        FERT   0.2778496      0.1808535       213.1422       611.5127       2102.464       1.167061      0.6023734       182.6000      0.0000000E+00  0.0000000E+00  0.0000000E+00  0.0000000E+00  0.0000000E+00
           8        2008           6           6 null                                        FERT   0.2778496      0.1808535       217.2245       349.8861       1316.099      0.5525666       23.91362       182.6000      0.0000000E+00  0.0000000E+00  0.0000000E+00  0.0000000E+00  0.0000000E+00
           9        2008           6           6 null                                        FERT   0.2778496      0.1808535       237.0229       1271.747       4140.915       22184.15      0.5842966       182.6000      0.0000000E+00  0.0000000E+00  0.0000000E+00  0.0000000E+00  0.0000000E+00
          10        2008           6           6 null                                        FERT   0.2778496      0.1808535       236.4557       1265.019       3729.512       18889.44      0.2823875       182.6000      0.0000000E+00  0.0000000E+00  0.0000000E+00  0.0000000E+00  0.0000000E+00
          11        2008           6           6 null                                        FERT   0.2778496      0.1808535       267.4551       1273.715       4958.021       27215.44       1.184343       182.6000      0.0000000E+00  0.0000000E+00  0.0000000E+00  0.0000000E+00  0.0000000E+00
          12        2008           6           6 null                                        FERT   0.2778496      0.1808535       242.1070       1270.306       3943.330       20189.86      0.4305415       182.6000      0.0000000E+00  0.0000000E+00  0.0000000E+00  0.0000000E+00  0.0000000E+00
           1        2008          11           9 corn                                        HARV/KILL   0.9207375      0.0000000E+00   50.67258       9053.248       5739.565       3.923644      0.3576258       3421.486      0.0000000E+00  0.0000000E+00  0.0000000E+00  0.0000000E+00  0.0000000E+00
           2        2008          11           9 corn                                        HARV/KILL   0.9207375      0.0000000E+00   50.66519       8217.060       5424.395       1.817945       15.32037       3109.588      0.0000000E+00  0.0000000E+00  0.0000000E+00  0.0000000E+00  0.0000000E+00
           3        2008          11           9 corn                                        HARV/KILL   0.9207375      0.0000000E+00   50.67126       13727.74       8938.124       16363.70      0.5785347       5189.799      0.0000000E+00  0.0000000E+00  0.0000000E+00  0.0000000E+00  0.0000000E+00
           4        2008          11           9 corn                                        HARV/KILL   0.9207375      0.0000000E+00   50.67268       13880.51       9025.879       17499.91      0.5829972       5247.898      0.0000000E+00  0.0000000E+00  0.0000000E+00  0.0000000E+00  0.0000000E+00
           5        2008          11           9 corn                                        HARV/KILL   0.9207375      0.0000000E+00   50.67108       15802.69       10313.93       21410.98      0.6806506       5975.350      0.0000000E+00  0.0000000E+00  0.0000000E+00  0.0000000E+00  0.0000000E+00
           6        2008          11           9 corn                                        HARV/KILL   0.9207375      0.0000000E+00   50.67170       16106.22       10471.21       21925.02      0.6869277       6090.600      0.0000000E+00  0.0000000E+00  0.0000000E+00  0.0000000E+00  0.0000000E+00
           7        2008          11           9 corn                                        HARV/KILL   0.9207375      0.0000000E+00   50.67309       9093.908       5759.979       3.915553      0.3591596       3436.730      0.0000000E+00  0.0000000E+00  0.0000000E+00  0.0000000E+00  0.0000000E+00
           8        2008          11           9 corn                                        HARV/KILL   0.9207375      0.0000000E+00   50.67196       5563.149       3551.845       1.374632       22.13541       2104.034      0.0000000E+00  0.0000000E+00  0.0000000E+00  0.0000000E+00  0.0000000E+00
           9        2008          11           9 corn                                        HARV/KILL   0.9207375      0.0000000E+00   50.67008       16682.23       10845.65       22508.24      0.7139409       6308.997      0.0000000E+00  0.0000000E+00  0.0000000E+00  0.0000000E+00  0.0000000E+00
          10        2008          11           9 corn                                        HARV/KILL   0.9207375      0.0000000E+00   50.67194       15206.49       9839.955       19175.81      0.6362638       5752.013      0.0000000E+00  0.0000000E+00  0.0000000E+00  0.0000000E+00  0.0000000E+00
          11        2008          11           9 corn                                        HARV/KILL   0.9207375      0.0000000E+00   50.66140       19831.20       12919.89       27664.25      0.8919162       7507.937      0.0000000E+00  0.0000000E+00  0.0000000E+00  0.0000000E+00  0.0000000E+00
          12        2008          11           9 corn                                        HARV/KILL   0.9207375      0.0000000E+00   50.66904       15983.23       10364.66       20502.06      0.6759761       6046.993      0.0000000E+00  0.0000000E+00  0.0000000E+00  0.0000000E+00  0.0000000E+00
           1        2008          11          14 null                                        FERT   6.8114712E-03  0.0000000E+00   63.34079      0.0000000E+00   5739.565       4.160942      0.3829247       336.0000      0.0000000E+00  0.0000000E+00  0.0000000E+00  0.0000000E+00  0.0000000E+00
           2        2008          11          14 null                                        FERT   6.8114712E-03  0.0000000E+00   63.21283      0.0000000E+00   5424.395       2.010706       15.37801       336.0000      0.0000000E+00  0.0000000E+00  0.0000000E+00  0.0000000E+00  0.0000000E+00
           3        2008          11          14 null                                        FERT   6.8114712E-03  0.0000000E+00   64.43747      0.0000000E+00   8938.124       16369.71      0.6189438       336.0000      0.0000000E+00  0.0000000E+00  0.0000000E+00  0.0000000E+00  0.0000000E+00
           4        2008          11          14 null                                        FERT   6.8114712E-03  0.0000000E+00   64.46691      0.0000000E+00   9025.879       17506.93      0.6239473       336.0000      0.0000000E+00  0.0000000E+00  0.0000000E+00  0.0000000E+00  0.0000000E+00
           5        2008          11          14 null                                        FERT   6.8114712E-03  0.0000000E+00   64.85828      0.0000000E+00   10313.93       21421.16      0.7282823       336.0000      0.0000000E+00  0.0000000E+00  0.0000000E+00  0.0000000E+00  0.0000000E+00
           6        2008          11          14 null                                        FERT   6.8114712E-03  0.0000000E+00   64.90530      0.0000000E+00   10471.21       21935.20      0.7350307       336.0000      0.0000000E+00  0.0000000E+00  0.0000000E+00  0.0000000E+00  0.0000000E+00
           7        2008          11          14 null                                        FERT   6.8114712E-03  0.0000000E+00   63.34897      0.0000000E+00   5759.979       4.149207      0.3846419       336.0000      0.0000000E+00  0.0000000E+00  0.0000000E+00  0.0000000E+00  0.0000000E+00
           8        2008          11          14 null                                        FERT   6.8114712E-03  0.0000000E+00   62.48081      0.0000000E+00   3551.845       1.508866       22.17374       336.0000      0.0000000E+00  0.0000000E+00  0.0000000E+00  0.0000000E+00  0.0000000E+00
           9        2008          11          14 null                                        FERT   6.8114712E-03  0.0000000E+00   65.01215      0.0000000E+00   10845.65       22519.47      0.7637169       336.0000      0.0000000E+00  0.0000000E+00  0.0000000E+00  0.0000000E+00  0.0000000E+00
          10        2008          11          14 null                                        FERT   6.8114712E-03  0.0000000E+00   64.71748      0.0000000E+00   9839.955       19183.97      0.6802537       336.0000      0.0000000E+00  0.0000000E+00  0.0000000E+00  0.0000000E+00  0.0000000E+00
          11        2008          11          14 null                                        FERT   6.8114712E-03  0.0000000E+00   65.56904      0.0000000E+00   12919.89       27676.05      0.9485248       336.0000      0.0000000E+00  0.0000000E+00  0.0000000E+00  0.0000000E+00  0.0000000E+00
          12        2008          11          14 null                                        FERT   6.8114712E-03  0.0000000E+00   64.87080      0.0000000E+00   10364.66       20510.28      0.7222595       336.0000      0.0000000E+00  0.0000000E+00  0.0000000E+00  0.0000000E+00  0.0000000E+00
           1        2009           4          24 fldcult             TILLAGE   0.1280284      0.0000000E+00   46.07347      0.0000000E+00   3214.156       7.925205      0.9890262      0.3000000    
           2        2009           4          24 fldcult             TILLAGE   0.1280284      0.0000000E+00   44.82515      0.0000000E+00   3037.661       4.457947       16.78965      0.3000000    
           3        2009           4          24 fldcult             TILLAGE   0.1280284      0.0000000E+00   55.93508      0.0000000E+00   5005.350       16598.40       1.568949      0.3000000    
           4        2009           4          24 fldcult             TILLAGE   0.1280284      0.0000000E+00   56.15303      0.0000000E+00   5054.492       17756.82       1.591757      0.3000000    
           5        2009           4          24 fldcult             TILLAGE   0.1280284      0.0000000E+00   60.99561      0.0000000E+00   5775.803       21708.07       1.863342      0.3000000    
           6        2009           4          24 fldcult             TILLAGE   0.1280284      0.0000000E+00   61.60458      0.0000000E+00   5863.877       22227.06       1.883639      0.3000000    
           7        2009           4          24 fldcult             TILLAGE   0.1280284      0.0000000E+00   46.09858      0.0000000E+00   3225.588       7.892043      0.9957635      0.3000000    
           8        2009           4          24 fldcult             TILLAGE   0.1280284      0.0000000E+00   39.69578      0.0000000E+00   1989.033       3.343838       23.12288      0.3000000    
           9        2009           4          24 fldcult             TILLAGE   0.1280284      0.0000000E+00   63.15125      0.0000000E+00   6073.564       22815.72       1.952740      0.3000000    
          10        2009           4          24 fldcult             TILLAGE   0.1280284      0.0000000E+00   59.34312      0.0000000E+00   5510.375       19443.91       1.728110      0.3000000    
          11        2009           4          24 fldcult             TILLAGE   0.1280284      0.0000000E+00   71.50903      0.0000000E+00   7235.139       27968.87       2.340690      0.3000000    
          12        2009           4          24 fldcult             TILLAGE   0.1280284      0.0000000E+00   61.54866      0.0000000E+00   5804.210       20785.66       1.828197      0.3000000    
           1        2009           4          25 null                                        FERT   0.1290346      0.0000000E+00   45.85536      0.0000000E+00   3214.156       7.966918      0.9915468       27.00000      0.0000000E+00  0.0000000E+00  0.0000000E+00  0.0000000E+00  0.0000000E+00
           1        2009           4          25 corn                                        PLANT   0.1290346      0.0000000E+00   45.85536      0.0000000E+00   3214.156       7.966918      0.9915468      0.0000000E+00   6.000000    
           2        2009           4          25 null                                        FERT   0.1290346      0.0000000E+00   44.61948      0.0000000E+00   3037.661       4.487047       16.79678       27.00000      0.0000000E+00  0.0000000E+00  0.0000000E+00  0.0000000E+00  0.0000000E+00
           2        2009           4          25 corn                                        PLANT   0.1290346      0.0000000E+00   44.61948      0.0000000E+00   3037.661       4.487047       16.79678      0.0000000E+00   6.000000    
           3        2009           4          25 null                                        FERT   0.1290346      0.0000000E+00   55.64471      0.0000000E+00   5005.350       16600.54       1.573230       27.00000      0.0000000E+00  0.0000000E+00  0.0000000E+00  0.0000000E+00  0.0000000E+00
           3        2009           4          25 corn                                        PLANT   0.1290346      0.0000000E+00   55.64471      0.0000000E+00   5005.350       16600.54       1.573230      0.0000000E+00   6.000000    
           4        2009           4          25 null                                        FERT   0.1290346      0.0000000E+00   55.86229      0.0000000E+00   5054.492       17758.97       1.596115       27.00000      0.0000000E+00  0.0000000E+00  0.0000000E+00  0.0000000E+00  0.0000000E+00
           4        2009           4          25 corn                                        PLANT   0.1290346      0.0000000E+00   55.86229      0.0000000E+00   5054.492       17758.97       1.596115      0.0000000E+00   6.000000    
           5        2009           4          25 null                                        FERT   0.1290346      0.0000000E+00   60.69178      0.0000000E+00   5775.803       21710.24       1.869016       27.00000      0.0000000E+00  0.0000000E+00  0.0000000E+00  0.0000000E+00  0.0000000E+00
           5        2009           4          25 corn                                        PLANT   0.1290346      0.0000000E+00   60.69178      0.0000000E+00   5775.803       21710.24       1.869016      0.0000000E+00   6.000000    
           6        2009           4          25 null                                        FERT   0.1290346      0.0000000E+00   61.29903      0.0000000E+00   5863.877       22230.23       1.889457       27.00000      0.0000000E+00  0.0000000E+00  0.0000000E+00  0.0000000E+00  0.0000000E+00
           6        2009           4          25 corn                                        PLANT   0.1290346      0.0000000E+00   61.29903      0.0000000E+00   5863.877       22230.23       1.889457      0.0000000E+00   6.000000    
           7        2009           4          25 null                                        FERT   0.1290346      0.0000000E+00   45.87955      0.0000000E+00   3225.588       7.932975      0.9983098       27.00000      0.0000000E+00  0.0000000E+00  0.0000000E+00  0.0000000E+00  0.0000000E+00
           7        2009           4          25 corn                                        PLANT   0.1290346      0.0000000E+00   45.87955      0.0000000E+00   3225.588       7.932975      0.9983098      0.0000000E+00   6.000000    
           8        2009           4          25 null                                        FERT   0.1290346      0.0000000E+00   39.51192      0.0000000E+00   1989.033       3.364823       23.12762       27.00000      0.0000000E+00  0.0000000E+00  0.0000000E+00  0.0000000E+00  0.0000000E+00
           8        2009           4          25 corn                                        PLANT   0.1290346      0.0000000E+00   39.51192      0.0000000E+00   1989.033       3.364823       23.12762      0.0000000E+00   6.000000    
           9        2009           4          25 null                                        FERT   0.1290346      0.0000000E+00   62.84109      0.0000000E+00   6073.564       22818.89       1.958930       27.00000      0.0000000E+00  0.0000000E+00  0.0000000E+00  0.0000000E+00  0.0000000E+00
           9        2009           4          25 corn                                        PLANT   0.1290346      0.0000000E+00   62.84109      0.0000000E+00   6073.564       22818.89       1.958930      0.0000000E+00   6.000000    
          10        2009           4          25 null                                        FERT   0.1290346      0.0000000E+00   59.04361      0.0000000E+00   5510.375       19446.07       1.733270       27.00000      0.0000000E+00  0.0000000E+00  0.0000000E+00  0.0000000E+00  0.0000000E+00
          10        2009           4          25 corn                                        PLANT   0.1290346      0.0000000E+00   59.04361      0.0000000E+00   5510.375       19446.07       1.733270      0.0000000E+00   6.000000    
          11        2009           4          25 null                                        FERT   0.1290346      0.0000000E+00   71.17287      0.0000000E+00   7235.139       27972.07       2.349373       27.00000      0.0000000E+00  0.0000000E+00  0.0000000E+00  0.0000000E+00  0.0000000E+00
          11        2009           4          25 corn                                        PLANT   0.1290346      0.0000000E+00   71.17287      0.0000000E+00   7235.139       27972.07       2.349373      0.0000000E+00   6.000000    
          12        2009           4          25 null                                        FERT   0.1290346      0.0000000E+00   61.24264      0.0000000E+00   5804.210       20787.83       1.834006       27.00000      0.0000000E+00  0.0000000E+00  0.0000000E+00  0.0000000E+00  0.0000000E+00
          12        2009           4          25 corn                                        PLANT   0.1290346      0.0000000E+00   61.24264      0.0000000E+00   5804.210       20787.83       1.834006      0.0000000E+00   6.000000    
           1        2009           6           4 null                                        FERT   0.2620144      0.1683961       70.26002       479.1994       3214.156       7.630244      0.4444575       180.3000      0.0000000E+00  0.0000000E+00  0.0000000E+00  0.0000000E+00  0.0000000E+00
           2        2009           6           4 null                                        FERT   0.2620144      0.1683961       69.63728       343.5715       3037.661       4.942730       16.57012       180.3000      0.0000000E+00  0.0000000E+00  0.0000000E+00  0.0000000E+00  0.0000000E+00
           3        2009           6           4 null                                        FERT   0.2620144      0.1683961       82.90902       1050.895       5005.350       16672.94      0.3014143       180.3000      0.0000000E+00  0.0000000E+00  0.0000000E+00  0.0000000E+00  0.0000000E+00
           4        2009           6           4 null                                        FERT   0.2620144      0.1683961       83.32846       1048.141       5054.492       17837.45      0.3042308       180.3000      0.0000000E+00  0.0000000E+00  0.0000000E+00  0.0000000E+00  0.0000000E+00
           5        2009           6           4 null                                        FERT   0.2620144      0.1683961       89.23034       1055.458       5775.803       21810.56      0.4635524       180.3000      0.0000000E+00  0.0000000E+00  0.0000000E+00  0.0000000E+00  0.0000000E+00
           6        2009           6           4 null                                        FERT   0.2620144      0.1683961       90.11484       1054.740       5863.877       22332.55      0.4885249       180.3000      0.0000000E+00  0.0000000E+00  0.0000000E+00  0.0000000E+00  0.0000000E+00
           7        2009           6           4 null                                        FERT   0.2620144      0.1683961       70.27795       477.3084       3225.588       7.593982      0.4530690       180.3000      0.0000000E+00  0.0000000E+00  0.0000000E+00  0.0000000E+00  0.0000000E+00
           8        2009           6           4 null                                        FERT   0.2620144      0.1683961       63.31676       235.4063       1989.033       3.700862       22.97294       180.3000      0.0000000E+00  0.0000000E+00  0.0000000E+00  0.0000000E+00  0.0000000E+00
           9        2009           6           4 null                                        FERT   0.2620144      0.1683961       92.07465       1057.544       6073.564       22926.34      0.5689356       180.3000      0.0000000E+00  0.0000000E+00  0.0000000E+00  0.0000000E+00  0.0000000E+00
          10        2009           6           4 null                                        FERT   0.2620144      0.1683961       87.63791       1052.189       5510.375       19536.19      0.3539332       180.3000      0.0000000E+00  0.0000000E+00  0.0000000E+00  0.0000000E+00  0.0000000E+00
          11        2009           6           4 null                                        FERT   0.2620144      0.1683961       104.1829       1060.204       7235.139       28108.26       1.040361       180.3000      0.0000000E+00  0.0000000E+00  0.0000000E+00  0.0000000E+00  0.0000000E+00
          12        2009           6           4 null                                        FERT   0.2620144      0.1683961       90.49831       1055.488       5804.210       20884.11      0.4339506       180.3000      0.0000000E+00  0.0000000E+00  0.0000000E+00  0.0000000E+00  0.0000000E+00
           1        2009          11          10 corn                                        HARV/KILL   0.9042071      0.0000000E+00   94.09638       6016.515       5929.495       12.17012      0.3161261       1992.980      0.0000000E+00  0.0000000E+00  0.0000000E+00  0.0000000E+00  0.0000000E+00
           2        2009          11          10 corn                                        HARV/KILL   0.9042071      0.0000000E+00   94.50288       4429.992       5036.978       8.137630       15.77073       1467.443      0.0000000E+00  0.0000000E+00  0.0000000E+00  0.0000000E+00  0.0000000E+00
           3        2009          11          10 corn                                        HARV/KILL   0.9042071      0.0000000E+00   94.12801       10048.30       9513.833       16851.04      0.5468271       3353.647      0.0000000E+00  0.0000000E+00  0.0000000E+00  0.0000000E+00  0.0000000E+00
           4        2009          11          10 corn                                        HARV/KILL   0.9042071      0.0000000E+00   94.16708       10156.82       9609.499       18026.84      0.5518333       3391.924      0.0000000E+00  0.0000000E+00  0.0000000E+00  0.0000000E+00  0.0000000E+00
           5        2009          11          10 corn                                        HARV/KILL   0.9042071      0.0000000E+00   94.15450       11624.96       10954.38       22030.36      0.6407746       3915.318      0.0000000E+00  0.0000000E+00  0.0000000E+00  0.0000000E+00  0.0000000E+00
           6        2009          11          10 corn                                        HARV/KILL   0.9042071      0.0000000E+00   94.19749       11737.57       11087.19       22559.36      0.6464859       3958.404      0.0000000E+00  0.0000000E+00  0.0000000E+00  0.0000000E+00  0.0000000E+00
           7        2009          11          10 corn                                        HARV/KILL   0.9042071      0.0000000E+00   94.07507       5992.737       5930.195       12.10772      0.3171736       1985.104      0.0000000E+00  0.0000000E+00  0.0000000E+00  0.0000000E+00  0.0000000E+00
           8        2009          11          10 corn                                        HARV/KILL   0.9042071      0.0000000E+00   94.46537       2992.861       3339.745       6.001099       22.42550       991.3986      0.0000000E+00  0.0000000E+00  0.0000000E+00  0.0000000E+00  0.0000000E+00
           9        2009          11          10 corn                                        HARV/KILL   0.9042071      0.0000000E+00   94.22669       12124.38       11456.73       23154.66      0.6700123       4100.522      0.0000000E+00  0.0000000E+00  0.0000000E+00  0.0000000E+00  0.0000000E+00
          10        2009          11          10 corn                                        HARV/KILL   0.9042071      0.0000000E+00   94.37324       10956.82       10401.14       19742.11      0.5981556       3680.959      0.0000000E+00  0.0000000E+00  0.0000000E+00  0.0000000E+00  0.0000000E+00
          11        2009          11          10 corn                                        HARV/KILL   0.9042071      0.0000000E+00   94.50215       14342.79       13521.85       28405.54      0.7988934       4928.144      0.0000000E+00  0.0000000E+00  0.0000000E+00  0.0000000E+00  0.0000000E+00
          12        2009          11          10 corn                                        HARV/KILL   0.9042071      0.0000000E+00   94.42047       11531.32       10934.11       21098.72      0.6315497       3890.399      0.0000000E+00  0.0000000E+00  0.0000000E+00  0.0000000E+00  0.0000000E+00
           1        2009          11          12 null                                        FERT   4.0493771E-03  0.0000000E+00   90.42806      0.0000000E+00   5929.495       12.25776      0.3252354       152.7000      0.0000000E+00  0.0000000E+00  0.0000000E+00  0.0000000E+00  0.0000000E+00
           2        2009          11          12 null                                        FERT   4.0493771E-03  0.0000000E+00   90.65738      0.0000000E+00   5036.978       8.207164       15.78692       152.7000      0.0000000E+00  0.0000000E+00  0.0000000E+00  0.0000000E+00  0.0000000E+00
           3        2009          11          12 null                                        FERT   4.0493771E-03  0.0000000E+00   91.04317      0.0000000E+00   9513.833       16855.49      0.5622123       152.7000      0.0000000E+00  0.0000000E+00  0.0000000E+00  0.0000000E+00  0.0000000E+00
           4        2009          11          12 null                                        FERT   4.0493771E-03  0.0000000E+00   91.09532      0.0000000E+00   9609.499       18031.31      0.5675727       152.7000      0.0000000E+00  0.0000000E+00  0.0000000E+00  0.0000000E+00  0.0000000E+00
           5        2009          11          12 null                                        FERT   4.0493771E-03  0.0000000E+00   91.27741      0.0000000E+00   10954.38       22034.89      0.6588649       152.7000      0.0000000E+00  0.0000000E+00  0.0000000E+00  0.0000000E+00  0.0000000E+00
           6        2009          11          12 null                                        FERT   4.0493771E-03  0.0000000E+00   91.33770      0.0000000E+00   11087.19       22563.90      0.6647931       152.7000      0.0000000E+00  0.0000000E+00  0.0000000E+00  0.0000000E+00  0.0000000E+00
           7        2009          11          12 null                                        FERT   4.0493771E-03  0.0000000E+00   90.40768      0.0000000E+00   5930.195       12.19475      0.3263539       152.7000      0.0000000E+00  0.0000000E+00  0.0000000E+00  0.0000000E+00  0.0000000E+00
           8        2009          11          12 null                                        FERT   4.0493771E-03  0.0000000E+00   90.29388      0.0000000E+00   3339.745       6.050436       22.43642       152.7000      0.0000000E+00  0.0000000E+00  0.0000000E+00  0.0000000E+00  0.0000000E+00
           9        2009          11          12 null                                        FERT   4.0493771E-03  0.0000000E+00   91.41702      0.0000000E+00   11456.73       23159.22      0.6888384       152.7000      0.0000000E+00  0.0000000E+00  0.0000000E+00  0.0000000E+00  0.0000000E+00
          10        2009          11          12 null                                        FERT   4.0493771E-03  0.0000000E+00   91.41123      0.0000000E+00   10401.14       19746.63      0.6149508       152.7000      0.0000000E+00  0.0000000E+00  0.0000000E+00  0.0000000E+00  0.0000000E+00
          11        2009          11          12 null                                        FERT   4.0493771E-03  0.0000000E+00   91.95438      0.0000000E+00   13521.85       28410.29      0.8206717       152.7000      0.0000000E+00  0.0000000E+00  0.0000000E+00  0.0000000E+00  0.0000000E+00
          12        2009          11          12 null                                        FERT   4.0493771E-03  0.0000000E+00   91.53285      0.0000000E+00   10934.11       21103.26      0.6491264       152.7000      0.0000000E+00  0.0000000E+00  0.0000000E+00  0.0000000E+00  0.0000000E+00
           1        2009          11          16 chisplow            TILLAGE   1.0504008E-02  0.0000000E+00   82.67363      0.0000000E+00   4150.646       12.37138      0.3437451      0.3000000    
           2        2009          11          16 chisplow            TILLAGE   1.0504008E-02  0.0000000E+00   82.59084      0.0000000E+00   3525.885       8.293107       15.81917      0.3000000    
           3        2009          11          16 chisplow            TILLAGE   1.0504008E-02  0.0000000E+00   84.30879      0.0000000E+00   6659.683       16864.08      0.5937958      0.3000000    
           4        2009          11          16 chisplow            TILLAGE   1.0504008E-02  0.0000000E+00   84.38354      0.0000000E+00   6726.649       18039.90      0.5998573      0.3000000    
           5        2009          11          16 chisplow            TILLAGE   1.0504008E-02  0.0000000E+00   84.91386      0.0000000E+00   7668.068       22043.58      0.6960158      0.3000000    
           6        2009          11          16 chisplow            TILLAGE   1.0504008E-02  0.0000000E+00   85.00456      0.0000000E+00   7761.033       22572.59      0.7023922      0.3000000    
           7        2009          11          16 chisplow            TILLAGE   1.0504008E-02  0.0000000E+00   82.65524      0.0000000E+00   4151.136       12.30755      0.3450008      0.3000000    
           8        2009          11          16 chisplow            TILLAGE   1.0504008E-02  0.0000000E+00   81.68384      0.0000000E+00   2337.821       6.109939       22.45820      0.3000000    
           9        2009          11          16 chisplow            TILLAGE   1.0504008E-02  0.0000000E+00   85.17377      0.0000000E+00   8019.711       23167.92      0.7275372      0.3000000    
          10        2009          11          16 chisplow            TILLAGE   1.0504008E-02  0.0000000E+00   84.89185      0.0000000E+00   7280.796       19755.30      0.6494775      0.3000000    
          11        2009          11          16 chisplow            TILLAGE   1.0504008E-02  0.0000000E+00   86.21206      0.0000000E+00   9465.297       28419.27      0.8656745      0.3000000    
          12        2009          11          16 chisplow            TILLAGE   1.0504008E-02  0.0000000E+00   85.14618      0.0000000E+00   7653.878       21111.96      0.6852986      0.3000000    
           1        2010           4          16 fldcult             TILLAGE   8.3471313E-02  0.0000000E+00   67.40302      0.0000000E+00   2324.362       15.69614      0.8154285      0.3000000    
           2        2010           4          16 fldcult             TILLAGE   8.3471313E-02  0.0000000E+00   67.16413      0.0000000E+00   1974.495       10.40140       16.70949      0.3000000    
           3        2010           4          16 fldcult             TILLAGE   8.3471313E-02  0.0000000E+00   81.11519      0.0000000E+00   3729.423       17030.44       1.361037      0.3000000    
           4        2010           4          16 fldcult             TILLAGE   8.3471313E-02  0.0000000E+00   81.63663      0.0000000E+00   3766.924       18211.41       1.381331      0.3000000    
           5        2010           4          16 fldcult             TILLAGE   8.3471313E-02  0.0000000E+00   86.84782      0.0000000E+00   4294.118       22242.82       1.607462      0.3000000    
           6        2010           4          16 fldcult             TILLAGE   8.3471313E-02  0.0000000E+00   87.71493      0.0000000E+00   4346.178       22773.78       1.623727      0.3000000    
           7        2010           4          16 fldcult             TILLAGE   8.3471313E-02  0.0000000E+00   67.27122      0.0000000E+00   2324.636       15.61408      0.8205709      0.3000000    
           8        2010           4          16 fldcult             TILLAGE   8.3471313E-02  0.0000000E+00   60.98197      0.0000000E+00   1309.180       7.678629       23.06383      0.3000000    
           9        2010           4          16 fldcult             TILLAGE   8.3471313E-02  0.0000000E+00   89.51144      0.0000000E+00   4491.038       23377.50       1.679389      0.3000000    
          10        2010           4          16 fldcult             TILLAGE   8.3471313E-02  0.0000000E+00   86.34998      0.0000000E+00   4077.246       19938.56       1.489043      0.3000000    
          11        2010           4          16 fldcult             TILLAGE   8.3471313E-02  0.0000000E+00   104.2440      0.0000000E+00   5300.566       28628.81       2.001477      0.3000000    
          12        2010           4          16 fldcult             TILLAGE   8.3471313E-02  0.0000000E+00   89.24467      0.0000000E+00   4286.172       21302.66       1.569134      0.3000000    
           1        2010           4          30 fldcult             TILLAGE   0.1125453      0.0000000E+00   68.59710      0.0000000E+00   1627.053       15.90295      0.8598213      0.3000000    
           2        2010           4          30 fldcult             TILLAGE   0.1125453      0.0000000E+00   68.05733      0.0000000E+00   1382.147       10.51290       16.78881      0.3000000    
           3        2010           4          30 fldcult             TILLAGE   0.1125453      0.0000000E+00   81.59470      0.0000000E+00   2610.596       17059.41       1.439528      0.3000000    
           4        2010           4          30 fldcult             TILLAGE   0.1125453      0.0000000E+00   82.08559      0.0000000E+00   2636.847       18240.36       1.459602      0.3000000    
           5        2010           4          30 fldcult             TILLAGE   0.1125453      0.0000000E+00   87.15921      0.0000000E+00   3005.883       22271.90       1.703961      0.3000000    
           6        2010           4          30 fldcult             TILLAGE   0.1125453      0.0000000E+00   87.95297      0.0000000E+00   3042.325       22802.82       1.721605      0.3000000    
           7        2010           4          30 fldcult             TILLAGE   0.1125453      0.0000000E+00   68.48637      0.0000000E+00   1627.245       15.82066      0.8648751      0.3000000    
           8        2010           4          30 fldcult             TILLAGE   0.1125453      0.0000000E+00   62.22155      0.0000000E+00   916.4260       7.783385       23.11658      0.3000000    
           9        2010           4          30 fldcult             TILLAGE   0.1125453      0.0000000E+00   89.63955      0.0000000E+00   3143.727       23407.53       1.783692      0.3000000    
          10        2010           4          30 fldcult             TILLAGE   0.1125453      0.0000000E+00   86.46136      0.0000000E+00   2854.072       19967.54       1.578422      0.3000000    
          11        2010           4          30 fldcult             TILLAGE   0.1125453      0.0000000E+00   103.8112      0.0000000E+00   3710.396       28669.99       2.143127      0.3000000    
          12        2010           4          30 fldcult             TILLAGE   0.1125453      0.0000000E+00   89.15109      0.0000000E+00   3000.320       21331.60       1.667526      0.3000000    
           1        2010           5           6 corn                                        PLANT   0.1343134      0.0000000E+00   62.06566      0.0000000E+00   1627.053       16.01520      0.8806236      0.0000000E+00   6.000000    
           2        2010           5           6 corn                                        PLANT   0.1343134      0.0000000E+00   61.35115      0.0000000E+00   1382.147       10.58408       16.82441      0.0000000E+00   6.000000    
           3        2010           5           6 corn                                        PLANT   0.1343134      0.0000000E+00   74.55194      0.0000000E+00   2610.596       17072.06       1.476524      0.0000000E+00   6.000000    
           4        2010           5           6 corn                                        PLANT   0.1343134      0.0000000E+00   75.00809      0.0000000E+00   2636.847       18253.02       1.496498      0.0000000E+00   6.000000    
           5        2010           5           6 corn                                        PLANT   0.1343134      0.0000000E+00   79.79084      0.0000000E+00   3005.883       22286.66       1.748541      0.0000000E+00   6.000000    
           6        2010           5           6 corn                                        PLANT   0.1343134      0.0000000E+00   80.51412      0.0000000E+00   3042.325       22818.58       1.766760      0.0000000E+00   6.000000    
           7        2010           5           6 corn                                        PLANT   0.1343134      0.0000000E+00   61.96623      0.0000000E+00   1627.245       15.93311      0.8856183      0.0000000E+00   6.000000    
           8        2010           5           6 corn                                        PLANT   0.1343134      0.0000000E+00   55.64407      0.0000000E+00   916.4260       7.837037       23.13973      0.0000000E+00   6.000000    
           9        2010           5           6 corn                                        PLANT   0.1343134      0.0000000E+00   82.07021      0.0000000E+00   3143.727       23423.30       1.831636      0.0000000E+00   6.000000    
          10        2010           5           6 corn                                        PLANT   0.1343134      0.0000000E+00   79.03632      0.0000000E+00   2854.072       19981.27       1.620051      0.0000000E+00   6.000000    
          11        2010           5           6 corn                                        PLANT   0.1343134      0.0000000E+00   96.86568      0.0000000E+00   3710.396       28690.46       2.208853      0.0000000E+00   6.000000    
          12        2010           5           6 corn                                        PLANT   0.1343134      0.0000000E+00   81.50645      0.0000000E+00   3000.320       21346.33       1.712960      0.0000000E+00   6.000000    
           1        2010           6          17 null                                        FERT   0.3072200      0.2673692       77.97982       768.4498       1627.053       16.64073      0.1273016       119.5000      0.0000000E+00  0.0000000E+00  0.0000000E+00  0.0000000E+00  0.0000000E+00
           2        2010           6          17 null                                        FERT   0.3072200      0.2673692       77.43597       576.8044       1382.147       11.01408       16.39512       119.5000      0.0000000E+00  0.0000000E+00  0.0000000E+00  0.0000000E+00  0.0000000E+00
           3        2010           6          17 null                                        FERT   0.3072200      0.2673692       84.61915       2585.386       2610.596       17119.85      0.0000000E+00   119.5000      0.0000000E+00  0.0000000E+00  0.0000000E+00  0.0000000E+00  0.0000000E+00
           4        2010           6          17 null                                        FERT   0.3072200      0.2673692       84.84354       2613.727       2636.847       18306.87      0.0000000E+00   119.5000      0.0000000E+00  0.0000000E+00  0.0000000E+00  0.0000000E+00  0.0000000E+00
           5        2010           6          17 null                                        FERT   0.3072200      0.2673692       87.22281       2934.430       3005.883       22355.92      0.0000000E+00   119.5000      0.0000000E+00  0.0000000E+00  0.0000000E+00  0.0000000E+00  0.0000000E+00
           6        2010           6          17 null                                        FERT   0.3072200      0.2673692       87.56793       2956.133       3042.325       22890.77      0.0000000E+00   119.5000      0.0000000E+00  0.0000000E+00  0.0000000E+00  0.0000000E+00  0.0000000E+00
           7        2010           6          17 null                                        FERT   0.3072200      0.2673692       77.93850       766.5139       1627.245       16.55563      0.1348349       119.5000      0.0000000E+00  0.0000000E+00  0.0000000E+00  0.0000000E+00  0.0000000E+00
           8        2010           6          17 null                                        FERT   0.3072200      0.2673692       74.63920       387.0753       916.4260       8.166631       22.81376       119.5000      0.0000000E+00  0.0000000E+00  0.0000000E+00  0.0000000E+00  0.0000000E+00
           9        2010           6          17 null                                        FERT   0.3072200      0.2673692       88.34843       3027.647       3143.727       23497.39      0.0000000E+00   119.5000      0.0000000E+00  0.0000000E+00  0.0000000E+00  0.0000000E+00  0.0000000E+00
          10        2010           6          17 null                                        FERT   0.3072200      0.2673692       86.69792       2785.319       2854.072       20045.67      0.0000000E+00   119.5000      0.0000000E+00  0.0000000E+00  0.0000000E+00  0.0000000E+00  0.0000000E+00
          11        2010           6          17 null                                        FERT   0.3072200      0.2673692       97.99850       3340.478       3710.396       28793.49      0.0000000E+00   119.5000      0.0000000E+00  0.0000000E+00  0.0000000E+00  0.0000000E+00  0.0000000E+00
          12        2010           6          17 null                                        FERT   0.3072200      0.2673692       87.88087       2902.821       3000.320       21414.60      0.0000000E+00   119.5000      0.0000000E+00  0.0000000E+00  0.0000000E+00  0.0000000E+00  0.0000000E+00
           1        2010          11           4 corn                                        HARV/KILL   0.9029666      0.0000000E+00  0.6363147       7165.332       4505.145       4.692960      0.2377896       2711.465      0.0000000E+00  0.0000000E+00  0.0000000E+00  0.0000000E+00  0.0000000E+00
           2        2010          11           4 corn                                        HARV/KILL   0.9029666      0.0000000E+00  0.6363147       10511.20       5602.799       3.261922       12.54927       3978.888      0.0000000E+00  0.0000000E+00  0.0000000E+00  0.0000000E+00  0.0000000E+00
           3        2010          11           4 corn                                        HARV/KILL   0.9029666      0.0000000E+00  0.6363147       12448.80       7610.234       17397.21      0.4284832       4711.435      0.0000000E+00  0.0000000E+00  0.0000000E+00  0.0000000E+00  0.0000000E+00
           4        2010          11           4 corn                                        HARV/KILL   0.9029666      0.0000000E+00  0.6363145       12598.30       7696.401       18599.18      0.4330631       4768.128      0.0000000E+00  0.0000000E+00  0.0000000E+00  0.0000000E+00  0.0000000E+00
           5        2010          11           4 corn                                        HARV/KILL   0.9029666      0.0000000E+00  0.6363145       14308.73       8752.172       22693.91      0.5031508       5415.660      0.0000000E+00  0.0000000E+00  0.0000000E+00  0.0000000E+00  0.0000000E+00
           6        2010          11           4 corn                                        HARV/KILL   0.9029666      0.0000000E+00  0.6363145       14439.97       8841.150       23238.32      0.5081502       5465.495      0.0000000E+00  0.0000000E+00  0.0000000E+00  0.0000000E+00  0.0000000E+00
           7        2010          11           4 corn                                        HARV/KILL   0.9029666      0.0000000E+00  0.6363145       7188.800       4514.799       4.697083      0.2382972       2720.313      0.0000000E+00  0.0000000E+00  0.0000000E+00  0.0000000E+00  0.0000000E+00
           8        2010          11           4 corn                                        HARV/KILL   0.9029666      0.0000000E+00  0.6363145       7458.284       3911.609       2.306623       20.05574       2822.872      0.0000000E+00  0.0000000E+00  0.0000000E+00  0.0000000E+00  0.0000000E+00
           9        2010          11           4 corn                                        HARV/KILL   0.9029666      0.0000000E+00  0.6363147       14861.12       9111.496       23851.90      0.5269284       5625.073      0.0000000E+00  0.0000000E+00  0.0000000E+00  0.0000000E+00  0.0000000E+00
          10        2010          11           4 corn                                        HARV/KILL   0.9029666      0.0000000E+00  0.6363147       13557.91       8298.123       20364.75      0.4778311       5132.163      0.0000000E+00  0.0000000E+00  0.0000000E+00  0.0000000E+00  0.0000000E+00
          11        2010          11           4 corn                                        HARV/KILL   0.9029666      0.0000000E+00  0.6363145       17584.55       10768.95       29308.57      0.6617919       6658.632      0.0000000E+00  0.0000000E+00  0.0000000E+00  0.0000000E+00  0.0000000E+00
          12        2010          11           4 corn                                        HARV/KILL   0.9029666      0.0000000E+00  0.6363145       14186.56       8696.450       21748.81      0.5051775       5370.461      0.0000000E+00  0.0000000E+00  0.0000000E+00  0.0000000E+00  0.0000000E+00
           1        2010          11          21 null                                        FERT   2.0698661E-02  0.0000000E+00   39.47490      0.0000000E+00   4505.145       4.498812      0.3034020       167.9600      0.0000000E+00  0.0000000E+00  0.0000000E+00  0.0000000E+00  0.0000000E+00
           2        2010          11          21 null                                        FERT   2.0698661E-02  0.0000000E+00   40.28209      0.0000000E+00   5602.799       2.468430       12.76364       167.9600      0.0000000E+00  0.0000000E+00  0.0000000E+00  0.0000000E+00  0.0000000E+00
           3        2010          11          21 null                                        FERT   2.0698661E-02  0.0000000E+00   41.69141      0.0000000E+00   7610.234       17412.16      0.5441667       167.9600      0.0000000E+00  0.0000000E+00  0.0000000E+00  0.0000000E+00  0.0000000E+00
           4        2010          11          21 null                                        FERT   2.0698661E-02  0.0000000E+00   41.74987      0.0000000E+00   7696.401       18615.66      0.5503793       167.9600      0.0000000E+00  0.0000000E+00  0.0000000E+00  0.0000000E+00  0.0000000E+00
           5        2010          11          21 null                                        FERT   2.0698661E-02  0.0000000E+00   42.45784      0.0000000E+00   8752.172       22711.25      0.6386529       167.9600      0.0000000E+00  0.0000000E+00  0.0000000E+00  0.0000000E+00  0.0000000E+00
           6        2010          11          21 null                                        FERT   2.0698661E-02  0.0000000E+00   42.51809      0.0000000E+00   8841.150       23255.43      0.6450092       167.9600      0.0000000E+00  0.0000000E+00  0.0000000E+00  0.0000000E+00  0.0000000E+00
           7        2010          11          21 null                                        FERT   2.0698661E-02  0.0000000E+00   39.48243      0.0000000E+00   4514.799       4.489843      0.3042571       167.9600      0.0000000E+00  0.0000000E+00  0.0000000E+00  0.0000000E+00  0.0000000E+00
           8        2010          11          21 null                                        FERT   2.0698661E-02  0.0000000E+00   39.01418      0.0000000E+00   3911.609       1.754109       20.20560       167.9600      0.0000000E+00  0.0000000E+00  0.0000000E+00  0.0000000E+00  0.0000000E+00
           9        2010          11          21 null                                        FERT   2.0698661E-02  0.0000000E+00   42.70073      0.0000000E+00   9111.496       23871.83      0.6682364       167.9600      0.0000000E+00  0.0000000E+00  0.0000000E+00  0.0000000E+00  0.0000000E+00
          10        2010          11          21 null                                        FERT   2.0698661E-02  0.0000000E+00   42.14889      0.0000000E+00   8298.123       20382.95      0.6039943       167.9600      0.0000000E+00  0.0000000E+00  0.0000000E+00  0.0000000E+00  0.0000000E+00
          11        2010          11          21 null                                        FERT   2.0698661E-02  0.0000000E+00   43.87540      0.0000000E+00   10768.95       29330.04      0.8262230       167.9600      0.0000000E+00  0.0000000E+00  0.0000000E+00  0.0000000E+00  0.0000000E+00
          12        2010          11          21 null                                        FERT   2.0698661E-02  0.0000000E+00   42.41925      0.0000000E+00   8696.450       21766.63      0.6375926       167.9600      0.0000000E+00  0.0000000E+00  0.0000000E+00  0.0000000E+00  0.0000000E+00
           1        2011           3          31 fldcult             TILLAGE   6.5859959E-02  0.0000000E+00   4.405832      0.0000000E+00   2522.881       7.709787      0.6870497      0.3000000    
           2        2011           3          31 fldcult             TILLAGE   6.5859959E-02  0.0000000E+00   5.741343      0.0000000E+00   3137.567       4.514431       14.06194      0.3000000    
           3        2011           3          31 fldcult             TILLAGE   6.5859959E-02  0.0000000E+00   8.078492      0.0000000E+00   4261.731       17566.20       1.205209      0.3000000    
           4        2011           3          31 fldcult             TILLAGE   6.5859959E-02  0.0000000E+00   8.397243      0.0000000E+00   4309.984       18772.59       1.225137      0.3000000    
           5        2011           3          31 fldcult             TILLAGE   6.5859959E-02  0.0000000E+00   9.838131      0.0000000E+00   4901.216       22877.04       1.425953      0.3000000    
           6        2011           3          31 fldcult             TILLAGE   6.5859959E-02  0.0000000E+00   10.04307      0.0000000E+00   4951.044       23423.01       1.441204      0.3000000    
           7        2011           3          31 fldcult             TILLAGE   6.5859959E-02  0.0000000E+00   4.317700      0.0000000E+00   2528.287       7.689016      0.6904247      0.3000000    
           8        2011           3          31 fldcult             TILLAGE   6.5859959E-02  0.0000000E+00   3.061256      0.0000000E+00   2190.501       3.418083       21.12647      0.3000000    
           9        2011           3          31 fldcult             TILLAGE   6.5859959E-02  0.0000000E+00   10.35921      0.0000000E+00   5102.438       24040.76       1.491396      0.3000000    
          10        2011           3          31 fldcult             TILLAGE   6.5859959E-02  0.0000000E+00   9.153671      0.0000000E+00   4646.949       20542.34       1.327012      0.3000000    
          11        2011           3          31 fldcult             TILLAGE   6.5859959E-02  0.0000000E+00   13.48593      0.0000000E+00   6030.614       29550.26       1.766196      0.3000000    
          12        2011           3          31 fldcult             TILLAGE   6.5859959E-02  0.0000000E+00   9.816404      0.0000000E+00   4870.012       21928.15       1.399845      0.3000000    
           1        2011           4          16 null                                        FERT   0.1042749      0.0000000E+00   4.492946      0.0000000E+00   2522.881       9.046791      0.7110338       38.30000      0.0000000E+00  0.0000000E+00  0.0000000E+00  0.0000000E+00  0.0000000E+00
           2        2011           4          16 null                                        FERT   0.1042749      0.0000000E+00   4.582706      0.0000000E+00   3137.567       5.384119       14.18672       38.30000      0.0000000E+00  0.0000000E+00  0.0000000E+00  0.0000000E+00  0.0000000E+00
           3        2011           4          16 null                                        FERT   0.1042749      0.0000000E+00   6.090896      0.0000000E+00   4261.731       17585.44       1.245661       38.30000      0.0000000E+00  0.0000000E+00  0.0000000E+00  0.0000000E+00  0.0000000E+00
           4        2011           4          16 null                                        FERT   0.1042749      0.0000000E+00   6.361637      0.0000000E+00   4309.984       18792.85       1.265983       38.30000      0.0000000E+00  0.0000000E+00  0.0000000E+00  0.0000000E+00  0.0000000E+00
           5        2011           4          16 null                                        FERT   0.1042749      0.0000000E+00   7.380461      0.0000000E+00   4901.216       22899.54       1.478230       38.30000      0.0000000E+00  0.0000000E+00  0.0000000E+00  0.0000000E+00  0.0000000E+00
           6        2011           4          16 null                                        FERT   0.1042749      0.0000000E+00   7.630890      0.0000000E+00   4951.044       23445.41       1.494416       38.30000      0.0000000E+00  0.0000000E+00  0.0000000E+00  0.0000000E+00  0.0000000E+00
           7        2011           4          16 null                                        FERT   0.1042749      0.0000000E+00   4.493474      0.0000000E+00   2528.287       9.034919      0.7142279       38.30000      0.0000000E+00  0.0000000E+00  0.0000000E+00  0.0000000E+00  0.0000000E+00
           8        2011           4          16 null                                        FERT   0.1042749      0.0000000E+00   4.460915      0.0000000E+00   2190.501       4.132968       21.21319       38.30000      0.0000000E+00  0.0000000E+00  0.0000000E+00  0.0000000E+00  0.0000000E+00
           9        2011           4          16 null                                        FERT   0.1042749      0.0000000E+00   7.692488      0.0000000E+00   5102.438       24063.22       1.547897       38.30000      0.0000000E+00  0.0000000E+00  0.0000000E+00  0.0000000E+00  0.0000000E+00
          10        2011           4          16 null                                        FERT   0.1042749      0.0000000E+00   6.967855      0.0000000E+00   4646.949       20564.69       1.373829       38.30000      0.0000000E+00  0.0000000E+00  0.0000000E+00  0.0000000E+00  0.0000000E+00
          11        2011           4          16 null                                        FERT   0.1042749      0.0000000E+00   10.00492      0.0000000E+00   6030.614       29580.08       1.858159       38.30000      0.0000000E+00  0.0000000E+00  0.0000000E+00  0.0000000E+00  0.0000000E+00
          12        2011           4          16 null                                        FERT   0.1042749      0.0000000E+00   7.433238      0.0000000E+00   4870.012       21950.43       1.451998       38.30000      0.0000000E+00  0.0000000E+00  0.0000000E+00  0.0000000E+00  0.0000000E+00
           1        2011           5           5 corn                                        PLANT   0.1618930      0.0000000E+00   43.11856      0.0000000E+00   2522.881       7.155835      0.7796503      0.0000000E+00   6.000000    
           2        2011           5           5 corn                                        PLANT   0.1618930      0.0000000E+00   44.50135      0.0000000E+00   3137.567       4.154353       14.35298      0.0000000E+00   6.000000    
           3        2011           5           5 corn                                        PLANT   0.1618930      0.0000000E+00   47.93721      0.0000000E+00   4261.731       17614.95       1.363428      0.0000000E+00   6.000000    
           4        2011           5           5 corn                                        PLANT   0.1618930      0.0000000E+00   48.28074      0.0000000E+00   4309.984       18823.38       1.382628      0.0000000E+00   6.000000    
           5        2011           5           5 corn                                        PLANT   0.1618930      0.0000000E+00   50.31503      0.0000000E+00   4901.216       22943.31       1.615008      0.0000000E+00   6.000000    
           6        2011           5           5 corn                                        PLANT   0.1618930      0.0000000E+00   50.64271      0.0000000E+00   4951.044       23491.29       1.632159      0.0000000E+00   6.000000    
           7        2011           5           5 corn                                        PLANT   0.1618930      0.0000000E+00   43.12561      0.0000000E+00   2528.287       7.130736      0.7827932      0.0000000E+00   6.000000    
           8        2011           5           5 corn                                        PLANT   0.1618930      0.0000000E+00   42.53614      0.0000000E+00   2190.501       3.049088       21.32691      0.0000000E+00   6.000000    
           9        2011           5           5 corn                                        PLANT   0.1618930      0.0000000E+00   50.99141      0.0000000E+00   5102.438       24108.97       1.692207      0.0000000E+00   6.000000    
          10        2011           5           5 corn                                        PLANT   0.1618930      0.0000000E+00   49.52197      0.0000000E+00   4646.949       20600.50       1.501670      0.0000000E+00   6.000000    
          11        2011           5           5 corn                                        PLANT   0.1618930      0.0000000E+00   55.12420      0.0000000E+00   6030.614       29628.21       2.042836      0.0000000E+00   6.000000    
          12        2011           5           5 corn                                        PLANT   0.1618930      0.0000000E+00   50.37425      0.0000000E+00   4870.012       21990.34       1.588220      0.0000000E+00   6.000000    
           1        2011           6          11 null                                        FERT   0.3047511      0.2110860       78.99975       502.6179       2522.881       6.803266      0.1728210       123.2000      0.0000000E+00  0.0000000E+00  0.0000000E+00  0.0000000E+00  0.0000000E+00
           2        2011           6          11 null                                        FERT   0.3047511      0.2110860       81.42834       353.4830       3137.567       4.602403       14.14523       123.2000      0.0000000E+00  0.0000000E+00  0.0000000E+00  0.0000000E+00  0.0000000E+00
           3        2011           6          11 null                                        FERT   0.3047511      0.2110860       86.42921       1701.682       4261.731       17653.56      0.0000000E+00   123.2000      0.0000000E+00  0.0000000E+00  0.0000000E+00  0.0000000E+00  0.0000000E+00
           4        2011           6          11 null                                        FERT   0.3047511      0.2110860       86.77126       1710.497       4309.984       18864.95      0.0000000E+00   123.2000      0.0000000E+00  0.0000000E+00  0.0000000E+00  0.0000000E+00  0.0000000E+00
           5        2011           6          11 null                                        FERT   0.3047511      0.2110860       89.53476       1743.234       4901.216       22997.05      0.0000000E+00   123.2000      0.0000000E+00  0.0000000E+00  0.0000000E+00  0.0000000E+00  0.0000000E+00
           6        2011           6          11 null                                        FERT   0.3047511      0.2110860       89.87865       1744.174       4951.044       23551.00      0.0000000E+00   123.2000      0.0000000E+00  0.0000000E+00  0.0000000E+00  0.0000000E+00  0.0000000E+00
           7        2011           6          11 null                                        FERT   0.3047511      0.2110860       79.00702       501.9626       2528.287       6.773252      0.1768983       123.2000      0.0000000E+00  0.0000000E+00  0.0000000E+00  0.0000000E+00  0.0000000E+00
           8        2011           6          11 null                                        FERT   0.3047511      0.2110860       77.90723       239.1517       2190.501       3.380390       21.17509       123.2000      0.0000000E+00  0.0000000E+00  0.0000000E+00  0.0000000E+00  0.0000000E+00
           9        2011           6          11 null                                        FERT   0.3047511      0.2110860       90.50334       1746.171       5102.438       24172.76      0.0000000E+00   123.2000      0.0000000E+00  0.0000000E+00  0.0000000E+00  0.0000000E+00  0.0000000E+00
          10        2011           6          11 null                                        FERT   0.3047511      0.2110860       88.50273       1733.522       4646.949       20651.28      0.0000000E+00   123.2000      0.0000000E+00  0.0000000E+00  0.0000000E+00  0.0000000E+00  0.0000000E+00
          11        2011           6          11 null                                        FERT   0.3047511      0.2110860       95.62169       1747.037       6030.614       29721.66      0.0000000E+00   123.2000      0.0000000E+00  0.0000000E+00  0.0000000E+00  0.0000000E+00  0.0000000E+00
          12        2011           6          11 null                                        FERT   0.3047511      0.2110860       89.62917       1741.583       4870.012       22044.09      0.0000000E+00   123.2000      0.0000000E+00  0.0000000E+00  0.0000000E+00  0.0000000E+00  0.0000000E+00
           1        2011          11           5 corn                                        HARV/KILL   0.9385118      0.0000000E+00   14.02591       4576.475       4835.931       17.29497      0.1972545       1280.723      0.0000000E+00  0.0000000E+00  0.0000000E+00  0.0000000E+00  0.0000000E+00
           2        2011          11           5 corn                                        HARV/KILL   0.9385118      0.0000000E+00   14.03035       3366.415       4838.699       12.05045       13.87248       942.4000      0.0000000E+00  0.0000000E+00  0.0000000E+00  0.0000000E+00  0.0000000E+00
           3        2011          11           5 corn                                        HARV/KILL   0.9385118      0.0000000E+00   14.04922       8691.552       8650.064       17771.47      0.3611055       2436.663      0.0000000E+00  0.0000000E+00  0.0000000E+00  0.0000000E+00  0.0000000E+00
           4        2011          11           5 corn                                        HARV/KILL   0.9385118      0.0000000E+00   14.05060       8786.307       8745.889       18990.15      0.3636232       2463.484      0.0000000E+00  0.0000000E+00  0.0000000E+00  0.0000000E+00  0.0000000E+00
           5        2011          11           5 corn                                        HARV/KILL   0.9385118      0.0000000E+00   14.05800       10035.99       9966.348       23142.24      0.4219372       2815.479      0.0000000E+00  0.0000000E+00  0.0000000E+00  0.0000000E+00  0.0000000E+00
           6        2011          11           5 corn                                        HARV/KILL   0.9385118      0.0000000E+00   14.05878       10124.91       10060.88       23697.16      0.4250828       2840.592      0.0000000E+00  0.0000000E+00  0.0000000E+00  0.0000000E+00  0.0000000E+00
           7        2011          11           5 corn                                        HARV/KILL   0.9385118      0.0000000E+00   14.02595       4554.387       4830.171       17.27559      0.1977054       1274.545      0.0000000E+00  0.0000000E+00  0.0000000E+00  0.0000000E+00  0.0000000E+00
           8        2011          11           5 corn                                        HARV/KILL   0.9385118      0.0000000E+00   14.02382       2292.648       3349.365       8.632680       21.02524       641.4918      0.0000000E+00  0.0000000E+00  0.0000000E+00  0.0000000E+00  0.0000000E+00
           9        2011          11           5 corn                                        HARV/KILL   0.9385118      0.0000000E+00   14.05998       10439.18       10370.58       24322.25      0.4402305       2929.038      0.0000000E+00  0.0000000E+00  0.0000000E+00  0.0000000E+00  0.0000000E+00
          10        2011          11           5 corn                                        HARV/KILL   0.9385118      0.0000000E+00   14.05565       9454.632       9419.180       20790.50      0.3952078       2651.900      0.0000000E+00  0.0000000E+00  0.0000000E+00  0.0000000E+00  0.0000000E+00
          11        2011          11           5 corn                                        HARV/KILL   0.9385118      0.0000000E+00   14.06804       12248.79       12209.68       29900.91      0.5231914       3438.973      0.0000000E+00  0.0000000E+00  0.0000000E+00  0.0000000E+00  0.0000000E+00
          12        2011          11           5 corn                                        HARV/KILL   0.9385118      0.0000000E+00   14.05811       9923.005       9878.090       22186.89      0.4161668       2783.811      0.0000000E+00  0.0000000E+00  0.0000000E+00  0.0000000E+00  0.0000000E+00
           1        2011          11          10 chisplow            TILLAGE   3.7242873E-03  0.0000000E+00   21.10968      0.0000000E+00   3385.152       17.64848      0.2134898      0.3000000    
           2        2011          11          10 chisplow            TILLAGE   3.7242873E-03  0.0000000E+00   21.11301      0.0000000E+00   3387.089       12.30024       13.90729      0.3000000    
           3        2011          11          10 chisplow            TILLAGE   3.7242873E-03  0.0000000E+00   22.11292      0.0000000E+00   6055.045       17774.06      0.3911812      0.3000000    
           4        2011          11          10 chisplow            TILLAGE   3.7242873E-03  0.0000000E+00   22.13675      0.0000000E+00   6122.122       18992.87      0.3935695      0.3000000    
           5        2011          11          10 chisplow            TILLAGE   3.7242873E-03  0.0000000E+00   22.42564      0.0000000E+00   6976.443       23145.29      0.4570691      0.3000000    
           6        2011          11          10 chisplow            TILLAGE   3.7242873E-03  0.0000000E+00   22.44761      0.0000000E+00   7042.615       23700.26      0.4603824      0.3000000    
           7        2011          11          10 chisplow            TILLAGE   3.7242873E-03  0.0000000E+00   21.10813      0.0000000E+00   3381.120       17.63215      0.2139309      0.3000000    
           8        2011          11          10 chisplow            TILLAGE   3.7242873E-03  0.0000000E+00   20.67984      0.0000000E+00   2344.555       8.808735       21.04956      0.3000000    
           9        2011          11          10 chisplow            TILLAGE   3.7242873E-03  0.0000000E+00   22.51797      0.0000000E+00   7259.409       24325.39      0.4770148      0.3000000    
          10        2011          11          10 chisplow            TILLAGE   3.7242873E-03  0.0000000E+00   22.29842      0.0000000E+00   6593.426       20793.38      0.4279293      0.3000000    
          11        2011          11          10 chisplow            TILLAGE   3.7242873E-03  0.0000000E+00   22.91849      0.0000000E+00   8546.775       29904.59      0.5660695      0.3000000    
          12        2011          11          10 chisplow            TILLAGE   3.7242873E-03  0.0000000E+00   22.40537      0.0000000E+00   6914.663       22189.87      0.4508105      0.3000000    
           1        2011          12           2 null                                        FERT   3.2128144E-02  0.0000000E+00   19.47937      0.0000000E+00   3385.152       15.05402      0.3079635       142.7000      0.0000000E+00  0.0000000E+00  0.0000000E+00  0.0000000E+00  0.0000000E+00
           2        2011          12           2 null                                        FERT   3.2128144E-02  0.0000000E+00   19.48082      0.0000000E+00   3387.089       9.400776       14.06636       142.7000      0.0000000E+00  0.0000000E+00  0.0000000E+00  0.0000000E+00  0.0000000E+00
           3        2011          12           2 null                                        FERT   3.2128144E-02  0.0000000E+00   22.60499      0.0000000E+00   6055.045       17803.08      0.5750319       142.7000      0.0000000E+00  0.0000000E+00  0.0000000E+00  0.0000000E+00  0.0000000E+00
           4        2011          12           2 null                                        FERT   3.2128144E-02  0.0000000E+00   22.68091      0.0000000E+00   6122.122       19025.93      0.5790218       142.7000      0.0000000E+00  0.0000000E+00  0.0000000E+00  0.0000000E+00  0.0000000E+00
           5        2011          12           2 null                                        FERT   3.2128144E-02  0.0000000E+00   23.59581      0.0000000E+00   6976.443       23183.47      0.6720049       142.7000      0.0000000E+00  0.0000000E+00  0.0000000E+00  0.0000000E+00  0.0000000E+00
           6        2011          12           2 null                                        FERT   3.2128144E-02  0.0000000E+00   23.66489      0.0000000E+00   7042.615       23739.49      0.6772003       142.7000      0.0000000E+00  0.0000000E+00  0.0000000E+00  0.0000000E+00  0.0000000E+00
           7        2011          12           2 null                                        FERT   3.2128144E-02  0.0000000E+00   19.47463      0.0000000E+00   3381.120       14.99838      0.3085191       142.7000      0.0000000E+00  0.0000000E+00  0.0000000E+00  0.0000000E+00  0.0000000E+00
           8        2011          12           2 null                                        FERT   3.2128144E-02  0.0000000E+00   18.27670      0.0000000E+00   2344.555       6.097095       21.16092       142.7000      0.0000000E+00  0.0000000E+00  0.0000000E+00  0.0000000E+00  0.0000000E+00
           9        2011          12           2 null                                        FERT   3.2128144E-02  0.0000000E+00   23.88835      0.0000000E+00   7259.409       24364.88      0.7014117       142.7000      0.0000000E+00  0.0000000E+00  0.0000000E+00  0.0000000E+00  0.0000000E+00
          10        2011          12           2 null                                        FERT   3.2128144E-02  0.0000000E+00   23.19753      0.0000000E+00   6593.426       20826.51      0.6278713       142.7000      0.0000000E+00  0.0000000E+00  0.0000000E+00  0.0000000E+00  0.0000000E+00
          11        2011          12           2 null                                        FERT   3.2128144E-02  0.0000000E+00   25.22189      0.0000000E+00   8546.775       29946.46      0.8195745       142.7000      0.0000000E+00  0.0000000E+00  0.0000000E+00  0.0000000E+00  0.0000000E+00
          12        2011          12           2 null                                        FERT   3.2128144E-02  0.0000000E+00   23.53107      0.0000000E+00   6914.663       22225.33      0.6610465       142.7000      0.0000000E+00  0.0000000E+00  0.0000000E+00  0.0000000E+00  0.0000000E+00
           1        2012           4           1 chisplow            TILLAGE   7.4731581E-02  0.0000000E+00   11.72554      0.0000000E+00   1895.685       19.08959      0.6134551      0.3000000    
           2        2012           4           1 chisplow            TILLAGE   7.4731581E-02  0.0000000E+00   11.63315      0.0000000E+00   1896.770       12.16842       14.70864      0.3000000    
           3        2012           4           1 chisplow            TILLAGE   7.4731581E-02  0.0000000E+00   19.81840      0.0000000E+00   3390.825       17941.55       1.140946      0.3000000    
           4        2012           4           1 chisplow            TILLAGE   7.4731581E-02  0.0000000E+00   20.06478      0.0000000E+00   3428.388       19164.59       1.157422      0.3000000    
           5        2012           4           1 chisplow            TILLAGE   7.4731581E-02  0.0000000E+00   22.99657      0.0000000E+00   3906.808       23326.65       1.345388      0.3000000    
           6        2012           4           1 chisplow            TILLAGE   7.4731581E-02  0.0000000E+00   23.07517      0.0000000E+00   3943.865       23883.69       1.358180      0.3000000    
           7        2012           4           1 chisplow            TILLAGE   7.4731581E-02  0.0000000E+00   11.71594      0.0000000E+00   1893.427       19.03186      0.6158244      0.3000000    
           8        2012           4           1 chisplow            TILLAGE   7.4731581E-02  0.0000000E+00   9.606673      0.0000000E+00   1312.951       8.382353       21.61130      0.3000000    
           9        2012           4           1 chisplow            TILLAGE   7.4731581E-02  0.0000000E+00   24.48941      0.0000000E+00   4065.269       24509.87       1.405956      0.3000000    
          10        2012           4           1 chisplow            TILLAGE   7.4731581E-02  0.0000000E+00   21.67533      0.0000000E+00   3692.318       20966.33       1.251057      0.3000000    
          11        2012           4           1 chisplow            TILLAGE   7.4731581E-02  0.0000000E+00   30.70256      0.0000000E+00   4786.194       30151.97       1.619271      0.3000000    
          12        2012           4           1 chisplow            TILLAGE   7.4731581E-02  0.0000000E+00   23.95716      0.0000000E+00   3872.211       22366.66       1.318654      0.3000000    
           1        2012           4          28 corn                                        PLANT   0.1442606      0.0000000E+00   38.85568      0.0000000E+00   1895.685       19.00261      0.6862061      0.0000000E+00   6.000000    
           2        2012           4          28 corn                                        PLANT   0.1442606      0.0000000E+00   38.89919      0.0000000E+00   1896.770       11.29551       14.84608      0.0000000E+00   6.000000    
           3        2012           4          28 corn                                        PLANT   0.1442606      0.0000000E+00   43.67191      0.0000000E+00   3390.825       17981.70       1.279782      0.0000000E+00   6.000000    
           4        2012           4          28 corn                                        PLANT   0.1442606      0.0000000E+00   43.92646      0.0000000E+00   3428.388       19207.68       1.294469      0.0000000E+00   6.000000    
           5        2012           4          28 corn                                        PLANT   0.1442606      0.0000000E+00   46.94237      0.0000000E+00   3906.808       23372.92       1.511968      0.0000000E+00   6.000000    
           6        2012           4          28 corn                                        PLANT   0.1442606      0.0000000E+00   47.07104      0.0000000E+00   3943.865       23930.87       1.526037      0.0000000E+00   6.000000    
           7        2012           4          28 corn                                        PLANT   0.1442606      0.0000000E+00   38.84940      0.0000000E+00   1893.427       18.93765      0.6882403      0.0000000E+00   6.000000    
           8        2012           4          28 corn                                        PLANT   0.1442606      0.0000000E+00   37.78601      0.0000000E+00   1312.951       7.536093       21.70285      0.0000000E+00   6.000000    
           9        2012           4          28 corn                                        PLANT   0.1442606      0.0000000E+00   48.43454      0.0000000E+00   4065.269       24557.62       1.584027      0.0000000E+00   6.000000    
          10        2012           4          28 corn                                        PLANT   0.1442606      0.0000000E+00   45.60436      0.0000000E+00   3692.318       21011.15       1.405323      0.0000000E+00   6.000000    
          11        2012           4          28 corn                                        PLANT   0.1442606      0.0000000E+00   54.91707      0.0000000E+00   4786.194       30221.34       1.860801      0.0000000E+00   6.000000    
          12        2012           4          28 corn                                        PLANT   0.1442606      0.0000000E+00   47.75257      0.0000000E+00   3872.211       22411.32       1.486541      0.0000000E+00   6.000000    
           1        2012           6           1 null                                        FERT   0.2639608      0.1648943       19.99937       309.9033       1895.685       15.99491      0.2649066       181.4000      0.0000000E+00  0.0000000E+00  0.0000000E+00  0.0000000E+00  0.0000000E+00
           2        2012           6           1 null                                        FERT   0.2639608      0.1648943       19.99323       193.5752       1896.770       10.99044       14.68653       181.4000      0.0000000E+00  0.0000000E+00  0.0000000E+00  0.0000000E+00  0.0000000E+00
           3        2012           6           1 null                                        FERT   0.2639608      0.1648943       26.69531       941.9967       3390.825       18016.69      0.2562533       181.4000      0.0000000E+00  0.0000000E+00  0.0000000E+00  0.0000000E+00  0.0000000E+00
           4        2012           6           1 null                                        FERT   0.2639608      0.1648943       26.93542       940.0248       3428.388       19245.69      0.2591419       181.4000      0.0000000E+00  0.0000000E+00  0.0000000E+00  0.0000000E+00  0.0000000E+00
           5        2012           6           1 null                                        FERT   0.2639608      0.1648943       29.84102       946.4491       3906.808       23419.31      0.3047245       181.4000      0.0000000E+00  0.0000000E+00  0.0000000E+00  0.0000000E+00  0.0000000E+00
           6        2012           6           1 null                                        FERT   0.2639608      0.1648943       29.99149       946.0005       3943.865       23980.23      0.3057846       181.4000      0.0000000E+00  0.0000000E+00  0.0000000E+00  0.0000000E+00  0.0000000E+00
           7        2012           6           1 null                                        FERT   0.2639608      0.1648943       19.99160       309.3954       1893.427       15.92637      0.2680687       181.4000      0.0000000E+00  0.0000000E+00  0.0000000E+00  0.0000000E+00  0.0000000E+00
           8        2012           6           1 null                                        FERT   0.2639608      0.1648943       18.59307       120.2166       1312.951       8.065176       21.61629       181.4000      0.0000000E+00  0.0000000E+00  0.0000000E+00  0.0000000E+00  0.0000000E+00
           9        2012           6           1 null                                        FERT   0.2639608      0.1648943       31.13499       947.8746       4065.269       24608.95      0.3158943       181.4000      0.0000000E+00  0.0000000E+00  0.0000000E+00  0.0000000E+00  0.0000000E+00
          10        2012           6           1 null                                        FERT   0.2639608      0.1648943       28.55249       944.1595       3692.318       21054.48      0.2915567       181.4000      0.0000000E+00  0.0000000E+00  0.0000000E+00  0.0000000E+00  0.0000000E+00
          11        2012           6           1 null                                        FERT   0.2639608      0.1648943       36.85404       950.0646       4786.194       30299.39      0.4632111       181.4000      0.0000000E+00  0.0000000E+00  0.0000000E+00  0.0000000E+00  0.0000000E+00
          12        2012           6           1 null                                        FERT   0.2639608      0.1648943       30.34221       946.4014       3872.211       22457.58      0.3039798       181.4000      0.0000000E+00  0.0000000E+00  0.0000000E+00  0.0000000E+00  0.0000000E+00
           1        2012          10           7 corn                                        HARV/KILL   0.8859121      0.0000000E+00  0.9880786       2420.293       3249.372       27.26114      0.1311852       553.4205      0.0000000E+00  0.0000000E+00  0.0000000E+00  0.0000000E+00  0.0000000E+00
           2        2012          10           7 corn                                        HARV/KILL   0.8859121      0.0000000E+00  0.9880711       1581.085       2781.082       19.11485       14.64007       361.5286      0.0000000E+00  0.0000000E+00  0.0000000E+00  0.0000000E+00  0.0000000E+00
           3        2012          10           7 corn                                        HARV/KILL   0.8859121      0.0000000E+00   1.094083       7263.964       7442.803       18076.63      0.2527931       1671.234      0.0000000E+00  0.0000000E+00  0.0000000E+00  0.0000000E+00  0.0000000E+00
           4        2012          10           7 corn                                        HARV/KILL   0.8859121      0.0000000E+00   1.097908       7331.341       7517.566       19308.25      0.2541302       1687.100      0.0000000E+00  0.0000000E+00  0.0000000E+00  0.0000000E+00  0.0000000E+00
           5        2012          10           7 corn                                        HARV/KILL   0.8859121      0.0000000E+00   1.138931       8360.392       8565.311       23487.18      0.2948120       1928.321      0.0000000E+00  0.0000000E+00  0.0000000E+00  0.0000000E+00  0.0000000E+00
           6        2012          10           7 corn                                        HARV/KILL   0.8859121      0.0000000E+00   1.139520       8423.479       8637.450       24049.32      0.2967636       1942.937      0.0000000E+00  0.0000000E+00  0.0000000E+00  0.0000000E+00  0.0000000E+00
           7        2012          10           7 corn                                        HARV/KILL   0.8859121      0.0000000E+00  0.9880144       2399.664       3235.578       27.29002      0.1311972       548.7017      0.0000000E+00  0.0000000E+00  0.0000000E+00  0.0000000E+00  0.0000000E+00
           8        2012          10           7 corn                                        HARV/KILL   0.8859121      0.0000000E+00  0.9567976       1015.728       1881.521       13.73529       21.60354       231.8114      0.0000000E+00  0.0000000E+00  0.0000000E+00  0.0000000E+00  0.0000000E+00
           9        2012          10           7 corn                                        HARV/KILL   0.8859121      0.0000000E+00   1.156276       8680.780       8900.273       24679.50      0.3074018       2004.139      0.0000000E+00  0.0000000E+00  0.0000000E+00  0.0000000E+00  0.0000000E+00
          10        2012          10           7 corn                                        HARV/KILL   0.8859121      0.0000000E+00   1.118629       7875.702       8082.911       21120.01      0.2761995       1814.471      0.0000000E+00  0.0000000E+00  0.0000000E+00  0.0000000E+00  0.0000000E+00
          11        2012          10           7 corn                                        HARV/KILL   0.8859121      0.0000000E+00   1.206137       9791.579       10233.96       30391.32      0.3617006       2266.219      0.0000000E+00  0.0000000E+00  0.0000000E+00  0.0000000E+00  0.0000000E+00
          12        2012          10           7 corn                                        HARV/KILL   0.8859121      0.0000000E+00   1.143005       8260.780       8474.760       22525.96      0.2908351       1905.772      0.0000000E+00  0.0000000E+00  0.0000000E+00  0.0000000E+00  0.0000000E+00
           1        2012          10           9 null                                        FERT   5.8119129E-03  0.0000000E+00  6.5491378E-02  0.0000000E+00   3249.372       27.45362      0.1366058       142.7000      0.0000000E+00  0.0000000E+00  0.0000000E+00  0.0000000E+00  0.0000000E+00
           2        2012          10           9 null                                        FERT   5.8119129E-03  0.0000000E+00  6.2360898E-02  0.0000000E+00   2781.082       19.25394       14.64743       142.7000      0.0000000E+00  0.0000000E+00  0.0000000E+00  0.0000000E+00  0.0000000E+00
           3        2012          10           9 null                                        FERT   5.8119129E-03  0.0000000E+00  0.1410494      0.0000000E+00   7442.803       18077.80      0.2627624       142.7000      0.0000000E+00  0.0000000E+00  0.0000000E+00  0.0000000E+00  0.0000000E+00
           4        2012          10           9 null                                        FERT   5.8119129E-03  0.0000000E+00  0.1443007      0.0000000E+00   7517.566       19309.46      0.2642567       142.7000      0.0000000E+00  0.0000000E+00  0.0000000E+00  0.0000000E+00  0.0000000E+00
           5        2012          10           9 null                                        FERT   5.8119129E-03  0.0000000E+00  0.1878191      0.0000000E+00   8565.311       23488.56      0.3064805       142.7000      0.0000000E+00  0.0000000E+00  0.0000000E+00  0.0000000E+00  0.0000000E+00
           6        2012          10           9 null                                        FERT   5.8119129E-03  0.0000000E+00  0.1904468      0.0000000E+00   8637.450       24050.72      0.3085435       142.7000      0.0000000E+00  0.0000000E+00  0.0000000E+00  0.0000000E+00  0.0000000E+00
           7        2012          10           9 null                                        FERT   5.8119129E-03  0.0000000E+00  6.5397471E-02  0.0000000E+00   3235.578       27.48563      0.1366441       142.7000      0.0000000E+00  0.0000000E+00  0.0000000E+00  0.0000000E+00  0.0000000E+00
           8        2012          10           9 null                                        FERT   5.8119129E-03  0.0000000E+00  5.5054203E-02  0.0000000E+00   1881.521       13.83253       21.60853       142.7000      0.0000000E+00  0.0000000E+00  0.0000000E+00  0.0000000E+00  0.0000000E+00
           9        2012          10           9 null                                        FERT   5.8119129E-03  0.0000000E+00  0.2024224      0.0000000E+00   8900.273       24680.92      0.3195432       142.7000      0.0000000E+00  0.0000000E+00  0.0000000E+00  0.0000000E+00  0.0000000E+00
          10        2012          10           9 null                                        FERT   5.8119129E-03  0.0000000E+00  0.1675515      0.0000000E+00   8082.911       21121.30      0.2871548       142.7000      0.0000000E+00  0.0000000E+00  0.0000000E+00  0.0000000E+00  0.0000000E+00
          11        2012          10           9 null                                        FERT   5.8119129E-03  0.0000000E+00  0.2574280      0.0000000E+00   10233.96       30392.99      0.3760870       142.7000      0.0000000E+00  0.0000000E+00  0.0000000E+00  0.0000000E+00  0.0000000E+00
          12        2012          10           9 null                                        FERT   5.8119129E-03  0.0000000E+00  0.1852917      0.0000000E+00   8474.760       22527.31      0.3023071       142.7000      0.0000000E+00  0.0000000E+00  0.0000000E+00  0.0000000E+00  0.0000000E+00
           1        2012          10          11 chisplow            TILLAGE   9.7063556E-03  0.0000000E+00  0.3630373      0.0000000E+00   2274.560       27.64537      0.1420102      0.3000000    
           2        2012          10          11 chisplow            TILLAGE   9.7063556E-03  0.0000000E+00  0.3504387      0.0000000E+00   1946.757       19.39252       14.65476      0.3000000    
           3        2012          10          11 chisplow            TILLAGE   9.7063556E-03  0.0000000E+00  0.4927016      0.0000000E+00   5209.962       18078.98      0.2727006      0.3000000    
           4        2012          10          11 chisplow            TILLAGE   9.7063556E-03  0.0000000E+00  0.4958963      0.0000000E+00   5262.296       19310.67      0.2743494      0.3000000    
           5        2012          10          11 chisplow            TILLAGE   9.7063556E-03  0.0000000E+00  0.5396626      0.0000000E+00   5995.717       23489.93      0.3181117      0.3000000    
           6        2012          10          11 chisplow            TILLAGE   9.7063556E-03  0.0000000E+00  0.5424951      0.0000000E+00   6046.215       24052.10      0.3202851      0.3000000    
           7        2012          10          11 chisplow            TILLAGE   9.7063556E-03  0.0000000E+00  0.3626679      0.0000000E+00   2264.904       27.68050      0.1420741      0.3000000    
           8        2012          10          11 chisplow            TILLAGE   9.7063556E-03  0.0000000E+00  0.3279187      0.0000000E+00   1317.065       13.92944       21.61349      0.3000000    
           9        2012          10          11 chisplow            TILLAGE   9.7063556E-03  0.0000000E+00  0.5539935      0.0000000E+00   6230.191       24682.34      0.3316464      0.3000000    
          10        2012          10          11 chisplow            TILLAGE   9.7063556E-03  0.0000000E+00  0.5193986      0.0000000E+00   5658.038       21122.60      0.2980745      0.3000000    
          11        2012          10          11 chisplow            TILLAGE   9.7063556E-03  0.0000000E+00  0.6095130      0.0000000E+00   7163.774       30394.66      0.3904280      0.3000000    
          12        2012          10          11 chisplow            TILLAGE   9.7063556E-03  0.0000000E+00  0.5364851      0.0000000E+00   5932.332       22528.66      0.3137435      0.3000000    
           1        2013           5           1 fldcult             TILLAGE   0.1138941      0.0000000E+00   95.60815      0.0000000E+00   1273.754       31.66823      0.6201859      0.3000000    
           2        2013           5           1 fldcult             TILLAGE   0.1138941      0.0000000E+00   94.96385      0.0000000E+00   1090.184       21.60475       15.25093      0.3000000    
           3        2013           5           1 fldcult             TILLAGE   0.1138941      0.0000000E+00   106.7065      0.0000000E+00   2917.579       18255.88       1.183915      0.3000000    
           4        2013           5           1 fldcult             TILLAGE   0.1138941      0.0000000E+00   106.9978      0.0000000E+00   2946.886       19491.49       1.198996      0.3000000    
           5        2013           5           1 fldcult             TILLAGE   0.1138941      0.0000000E+00   109.9629      0.0000000E+00   3357.602       23713.33       1.395107      0.3000000    
           6        2013           5           1 fldcult             TILLAGE   0.1138941      0.0000000E+00   110.2411      0.0000000E+00   3385.880       24281.27       1.408531      0.3000000    
           7        2013           5           1 fldcult             TILLAGE   0.1138941      0.0000000E+00   95.53933      0.0000000E+00   1268.346       32.66805      0.6213388      0.3000000    
           8        2013           5           1 fldcult             TILLAGE   0.1138941      0.0000000E+00   92.93036      0.0000000E+00   737.5565       15.14067       22.01516      0.3000000    
           9        2013           5           1 fldcult             TILLAGE   0.1138941      0.0000000E+00   110.9843      0.0000000E+00   3488.907       24919.11       1.457706      0.3000000    
          10        2013           5           1 fldcult             TILLAGE   0.1138941      0.0000000E+00   108.7881      0.0000000E+00   3168.501       21326.49       1.300067      0.3000000    
          11        2013           5           1 fldcult             TILLAGE   0.1138941      0.0000000E+00   114.7552      0.0000000E+00   4011.714       30672.03       1.707286      0.3000000    
          12        2013           5           1 fldcult             TILLAGE   0.1138941      0.0000000E+00   109.9772      0.0000000E+00   3322.106       22743.04       1.368077      0.3000000    
           1        2013           5           3 corn                                        PLANT   0.1187980      0.0000000E+00   136.1852      0.0000000E+00   1273.754       31.75388      0.6266817      0.0000000E+00   6.000000    
           1        2013           5           3 null                                        FERT   0.1187980      0.0000000E+00   136.1852      0.0000000E+00   1273.754       31.75388      0.6266817       26.00000      0.0000000E+00  0.0000000E+00  0.0000000E+00  0.0000000E+00  0.0000000E+00
           2        2013           5           3 corn                                        PLANT   0.1187980      0.0000000E+00   136.5395      0.0000000E+00   1090.184       21.66677       15.25839      0.0000000E+00   6.000000    
           2        2013           5           3 null                                        FERT   0.1187980      0.0000000E+00   136.5395      0.0000000E+00   1090.184       21.66677       15.25839       26.00000      0.0000000E+00  0.0000000E+00  0.0000000E+00  0.0000000E+00  0.0000000E+00
           3        2013           5           3 corn                                        PLANT   0.1187980      0.0000000E+00   147.0596      0.0000000E+00   2917.579       18260.28       1.195968      0.0000000E+00   6.000000    
           3        2013           5           3 null                                        FERT   0.1187980      0.0000000E+00   147.0596      0.0000000E+00   2917.579       18260.28       1.195968       26.00000      0.0000000E+00  0.0000000E+00  0.0000000E+00  0.0000000E+00  0.0000000E+00
           4        2013           5           3 corn                                        PLANT   0.1187980      0.0000000E+00   147.4257      0.0000000E+00   2946.886       19495.89       1.211030      0.0000000E+00   6.000000    
           4        2013           5           3 null                                        FERT   0.1187980      0.0000000E+00   147.4257      0.0000000E+00   2946.886       19495.89       1.211030       26.00000      0.0000000E+00  0.0000000E+00  0.0000000E+00  0.0000000E+00  0.0000000E+00
           5        2013           5           3 corn                                        PLANT   0.1187980      0.0000000E+00   150.2765      0.0000000E+00   3357.602       23717.80       1.409113      0.0000000E+00   6.000000    
           5        2013           5           3 null                                        FERT   0.1187980      0.0000000E+00   150.2765      0.0000000E+00   3357.602       23717.80       1.409113       26.00000      0.0000000E+00  0.0000000E+00  0.0000000E+00  0.0000000E+00  0.0000000E+00
           6        2013           5           3 corn                                        PLANT   0.1187980      0.0000000E+00   150.6487      0.0000000E+00   3385.880       24286.74       1.422631      0.0000000E+00   6.000000    
           6        2013           5           3 null                                        FERT   0.1187980      0.0000000E+00   150.6487      0.0000000E+00   3385.880       24286.74       1.422631       26.00000      0.0000000E+00  0.0000000E+00  0.0000000E+00  0.0000000E+00  0.0000000E+00
           7        2013           5           3 corn                                        PLANT   0.1187980      0.0000000E+00   136.0786      0.0000000E+00   1268.346       32.75259      0.6278194      0.0000000E+00   6.000000    
           7        2013           5           3 null                                        FERT   0.1187980      0.0000000E+00   136.0786      0.0000000E+00   1268.346       32.75259      0.6278194       26.00000      0.0000000E+00  0.0000000E+00  0.0000000E+00  0.0000000E+00  0.0000000E+00
           8        2013           5           3 corn                                        PLANT   0.1187980      0.0000000E+00   134.3289      0.0000000E+00   737.5565       15.18475       22.02025      0.0000000E+00   6.000000    
           8        2013           5           3 null                                        FERT   0.1187980      0.0000000E+00   134.3289      0.0000000E+00   737.5565       15.18475       22.02025       26.00000      0.0000000E+00  0.0000000E+00  0.0000000E+00  0.0000000E+00  0.0000000E+00
           9        2013           5           3 corn                                        PLANT   0.1187980      0.0000000E+00   151.4500      0.0000000E+00   3488.907       24924.60       1.472592      0.0000000E+00   6.000000    
           9        2013           5           3 null                                        FERT   0.1187980      0.0000000E+00   151.4500      0.0000000E+00   3488.907       24924.60       1.472592       26.00000      0.0000000E+00  0.0000000E+00  0.0000000E+00  0.0000000E+00  0.0000000E+00
          10        2013           5           3 corn                                        PLANT   0.1187980      0.0000000E+00   149.7097      0.0000000E+00   3168.501       21330.94       1.313136      0.0000000E+00   6.000000    
          10        2013           5           3 null                                        FERT   0.1187980      0.0000000E+00   149.7097      0.0000000E+00   3168.501       21330.94       1.313136       26.00000      0.0000000E+00  0.0000000E+00  0.0000000E+00  0.0000000E+00  0.0000000E+00
          11        2013           5           3 corn                                        PLANT   0.1187980      0.0000000E+00   156.2517      0.0000000E+00   4011.714       30678.69       1.726230      0.0000000E+00   6.000000    
          11        2013           5           3 null                                        FERT   0.1187980      0.0000000E+00   156.2517      0.0000000E+00   4011.714       30678.69       1.726230       26.00000      0.0000000E+00  0.0000000E+00  0.0000000E+00  0.0000000E+00  0.0000000E+00
          12        2013           5           3 corn                                        PLANT   0.1187980      0.0000000E+00   151.0382      0.0000000E+00   3322.106       22747.51       1.382008      0.0000000E+00   6.000000    
          12        2013           5           3 null                                        FERT   0.1187980      0.0000000E+00   151.0382      0.0000000E+00   3322.106       22747.51       1.382008       26.00000      0.0000000E+00  0.0000000E+00  0.0000000E+00  0.0000000E+00  0.0000000E+00
           1        2013           6           6 null                                        FERT   0.2451945      0.1763767       184.6405       674.1407       1273.754       7.038503      0.0000000E+00   182.6000      0.0000000E+00  0.0000000E+00  0.0000000E+00  0.0000000E+00  0.0000000E+00
           2        2013           6           6 null                                        FERT   0.2451945      0.1763767       189.5941       525.9031       1090.184      0.5682018       14.77768       182.6000      0.0000000E+00  0.0000000E+00  0.0000000E+00  0.0000000E+00  0.0000000E+00
           3        2013           6           6 null                                        FERT   0.2451945      0.1763767       204.4299       1109.060       2917.579       18321.60      0.0000000E+00   182.6000      0.0000000E+00  0.0000000E+00  0.0000000E+00  0.0000000E+00  0.0000000E+00
           4        2013           6           6 null                                        FERT   0.2451945      0.1763767       205.3704       1108.827       2946.886       19560.77      0.0000000E+00   182.6000      0.0000000E+00  0.0000000E+00  0.0000000E+00  0.0000000E+00  0.0000000E+00
           5        2013           6           6 null                                        FERT   0.2451945      0.1763767       210.3808       1125.697       3357.602       23802.48      0.0000000E+00   182.6000      0.0000000E+00  0.0000000E+00  0.0000000E+00  0.0000000E+00  0.0000000E+00
           6        2013           6           6 null                                        FERT   0.2451945      0.1763767       211.4243       1125.595       3385.880       24372.56      0.0000000E+00   182.6000      0.0000000E+00  0.0000000E+00  0.0000000E+00  0.0000000E+00  0.0000000E+00
           7        2013           6           6 null                                        FERT   0.2451945      0.1763767       184.3316       693.8348       1268.346       6.048215      0.0000000E+00   182.6000      0.0000000E+00  0.0000000E+00  0.0000000E+00  0.0000000E+00  0.0000000E+00
           8        2013           6           6 null                                        FERT   0.2451945      0.1763767       184.4983       412.1461       737.5565      0.4205905       21.68283       182.6000      0.0000000E+00  0.0000000E+00  0.0000000E+00  0.0000000E+00  0.0000000E+00
           9        2013           6           6 null                                        FERT   0.2451945      0.1763767       213.2121       1129.543       3488.907       25008.69      0.0000000E+00   182.6000      0.0000000E+00  0.0000000E+00  0.0000000E+00  0.0000000E+00  0.0000000E+00
          10        2013           6           6 null                                        FERT   0.2451945      0.1763767       211.8900       1118.497       3168.501       21406.12      0.0000000E+00   182.6000      0.0000000E+00  0.0000000E+00  0.0000000E+00  0.0000000E+00  0.0000000E+00
          11        2013           6           6 null                                        FERT   0.2451945      0.1763767       228.1864       1134.118       4011.714       30795.83      0.2671432       182.6000      0.0000000E+00  0.0000000E+00  0.0000000E+00  0.0000000E+00  0.0000000E+00
          12        2013           6           6 null                                        FERT   0.2451945      0.1763767       215.1694       1124.748       3322.106       22824.34      0.0000000E+00   182.6000      0.0000000E+00  0.0000000E+00  0.0000000E+00  0.0000000E+00  0.0000000E+00
           1        2013          11           9 corn                                        HARV/KILL   0.9091399      0.0000000E+00   27.77314       4041.358       3528.439       8.086253      0.1967499       929.4812      0.0000000E+00  0.0000000E+00  0.0000000E+00  0.0000000E+00  0.0000000E+00
           2        2013          11           9 corn                                        HARV/KILL   0.9091399      0.0000000E+00   27.81524       5484.604       4148.440       5.688798       13.23648       1262.956      0.0000000E+00  0.0000000E+00  0.0000000E+00  0.0000000E+00  0.0000000E+00
           3        2013          11           9 corn                                        HARV/KILL   0.9091399      0.0000000E+00   27.90045       7111.673       6878.949       18462.85      0.3943695       1641.570      0.0000000E+00  0.0000000E+00  0.0000000E+00  0.0000000E+00  0.0000000E+00
           4        2013          11           9 corn                                        HARV/KILL   0.9091399      0.0000000E+00   27.90497       7184.661       6948.700       19709.41      0.3964589       1658.619      0.0000000E+00  0.0000000E+00  0.0000000E+00  0.0000000E+00  0.0000000E+00
           5        2013          11           9 corn                                        HARV/KILL   0.9091399      0.0000000E+00   27.92218       8073.550       7852.651       23964.97      0.4598190       1865.601      0.0000000E+00  0.0000000E+00  0.0000000E+00  0.0000000E+00  0.0000000E+00
           6        2013          11           9 corn                                        HARV/KILL   0.9091399      0.0000000E+00   27.93043       8152.217       7919.547       24537.64      0.4628298       1888.701      0.0000000E+00  0.0000000E+00  0.0000000E+00  0.0000000E+00  0.0000000E+00
           7        2013          11           9 corn                                        HARV/KILL   0.9091399      0.0000000E+00   27.77066       4044.697       3524.966       8.085431      0.1965466       930.1810      0.0000000E+00  0.0000000E+00  0.0000000E+00  0.0000000E+00  0.0000000E+00
           8        2013          11           9 corn                                        HARV/KILL   0.9091399      0.0000000E+00   27.77247       4252.098       3109.836       4.015858       20.40771       977.9290      0.0000000E+00  0.0000000E+00  0.0000000E+00  0.0000000E+00  0.0000000E+00
           9        2013          11           9 corn                                        HARV/KILL   0.9091399      0.0000000E+00   27.93918       8382.437       8141.826       25174.65      0.4792374       1950.379      0.0000000E+00  0.0000000E+00  0.0000000E+00  0.0000000E+00  0.0000000E+00
          10        2013          11           9 corn                                        HARV/KILL   0.9091399      0.0000000E+00   27.93457       7701.424       7448.187       21561.02      0.4306411       1787.381      0.0000000E+00  0.0000000E+00  0.0000000E+00  0.0000000E+00  0.0000000E+00
          11        2013          11           9 corn                                        HARV/KILL   0.9091399      0.0000000E+00   27.99193       9611.967       9256.902       31030.22      0.5598028       2322.166      0.0000000E+00  0.0000000E+00  0.0000000E+00  0.0000000E+00  0.0000000E+00
          12        2013          11           9 corn                                        HARV/KILL   0.9091399      0.0000000E+00   27.94734       8019.400       7763.089       22983.82      0.4532596       1875.810      0.0000000E+00  0.0000000E+00  0.0000000E+00  0.0000000E+00  0.0000000E+00
           1        2013          11          14 null                                        FERT   7.8417892E-03  0.0000000E+00   15.33090      0.0000000E+00   3528.439       7.759500      0.2134173       336.0000      0.0000000E+00  0.0000000E+00  0.0000000E+00  0.0000000E+00  0.0000000E+00
           2        2013          11          14 null                                        FERT   7.8417892E-03  0.0000000E+00   15.65506      0.0000000E+00   4148.440       5.469315       13.26854       336.0000      0.0000000E+00  0.0000000E+00  0.0000000E+00  0.0000000E+00  0.0000000E+00
           3        2013          11          14 null                                        FERT   7.8417892E-03  0.0000000E+00   16.92912      0.0000000E+00   6878.949       18466.52      0.4283080       336.0000      0.0000000E+00  0.0000000E+00  0.0000000E+00  0.0000000E+00  0.0000000E+00
           4        2013          11          14 null                                        FERT   7.8417892E-03  0.0000000E+00   16.96204      0.0000000E+00   6948.700       19713.96      0.4306492       336.0000      0.0000000E+00  0.0000000E+00  0.0000000E+00  0.0000000E+00  0.0000000E+00
           5        2013          11          14 null                                        FERT   7.8417892E-03  0.0000000E+00   17.34715      0.0000000E+00   7852.651       23972.22      0.4993556       336.0000      0.0000000E+00  0.0000000E+00  0.0000000E+00  0.0000000E+00  0.0000000E+00
           6        2013          11          14 null                                        FERT   7.8417892E-03  0.0000000E+00   17.38141      0.0000000E+00   7919.547       24544.82      0.5027090       336.0000      0.0000000E+00  0.0000000E+00  0.0000000E+00  0.0000000E+00  0.0000000E+00
           7        2013          11          14 null                                        FERT   7.8417892E-03  0.0000000E+00   15.32726      0.0000000E+00   3524.966       7.757530      0.2132260       336.0000      0.0000000E+00  0.0000000E+00  0.0000000E+00  0.0000000E+00  0.0000000E+00
           8        2013          11          14 null                                        FERT   7.8417892E-03  0.0000000E+00   15.13196      0.0000000E+00   3109.836       3.865874       20.43203       336.0000      0.0000000E+00  0.0000000E+00  0.0000000E+00  0.0000000E+00  0.0000000E+00
           9        2013          11          14 null                                        FERT   7.8417892E-03  0.0000000E+00   17.47844      0.0000000E+00   8141.826       25181.77      0.5204969       336.0000      0.0000000E+00  0.0000000E+00  0.0000000E+00  0.0000000E+00  0.0000000E+00
          10        2013          11          14 null                                        FERT   7.8417892E-03  0.0000000E+00   17.19358      0.0000000E+00   7448.187       21566.47      0.4676450       336.0000      0.0000000E+00  0.0000000E+00  0.0000000E+00  0.0000000E+00  0.0000000E+00
          11        2013          11          14 null                                        FERT   7.8417892E-03  0.0000000E+00   17.97947      0.0000000E+00   9256.902       31037.17      0.6069493       336.0000      0.0000000E+00  0.0000000E+00  0.0000000E+00  0.0000000E+00  0.0000000E+00
          12        2013          11          14 null                                        FERT   7.8417892E-03  0.0000000E+00   17.33289      0.0000000E+00   7763.089       22991.15      0.4921081       336.0000      0.0000000E+00  0.0000000E+00  0.0000000E+00  0.0000000E+00  0.0000000E+00
           1        2014           4          24 fldcult             TILLAGE   0.1103207      0.0000000E+00   26.38091      0.0000000E+00   1975.926       17.02611      0.5164419      0.3000000    
           2        2014           4          24 fldcult             TILLAGE   0.1103207      0.0000000E+00   26.97211      0.0000000E+00   2323.127       11.33226       14.00630      0.3000000    
           3        2014           4          24 fldcult             TILLAGE   0.1103207      0.0000000E+00   29.22700      0.0000000E+00   3852.212       18567.81       1.012929      0.3000000    
           4        2014           4          24 fldcult             TILLAGE   0.1103207      0.0000000E+00   29.30462      0.0000000E+00   3891.272       19818.65       1.023738      0.3000000    
           5        2014           4          24 fldcult             TILLAGE   0.1103207      0.0000000E+00   30.27581      0.0000000E+00   4397.485       24095.40       1.189557      0.3000000    
           6        2014           4          24 fldcult             TILLAGE   0.1103207      0.0000000E+00   30.35463      0.0000000E+00   4434.947       24670.53       1.200021      0.3000000    
           7        2014           4          24 fldcult             TILLAGE   0.1103207      0.0000000E+00   26.38547      0.0000000E+00   1973.981       17.01564      0.5172949      0.3000000    
           8        2014           4          24 fldcult             TILLAGE   0.1103207      0.0000000E+00   26.10058      0.0000000E+00   1741.508       6.607511       20.99225      0.3000000    
           9        2014           4          24 fldcult             TILLAGE   0.1103207      0.0000000E+00   30.61283      0.0000000E+00   4559.422       25312.45       1.241378      0.3000000    
          10        2014           4          24 fldcult             TILLAGE   0.1103207      0.0000000E+00   29.85435      0.0000000E+00   4170.984       21681.26       1.111762      0.3000000    
          11        2014           4          24 fldcult             TILLAGE   0.1103207      0.0000000E+00   31.84594      0.0000000E+00   5183.865       31192.11       1.463601      0.3000000    
          12        2014           4          24 fldcult             TILLAGE   0.1103207      0.0000000E+00   30.21423      0.0000000E+00   4347.330       23109.54       1.169045      0.3000000    
           1        2014           4          25 null                                        FERT   0.1112549      0.0000000E+00   29.19256      0.0000000E+00   1975.926       16.84523      0.5192950       27.00000      0.0000000E+00  0.0000000E+00  0.0000000E+00  0.0000000E+00  0.0000000E+00
           1        2014           4          25 corn                                        PLANT   0.1112549      0.0000000E+00   29.19256      0.0000000E+00   1975.926       16.84523      0.5192950      0.0000000E+00   6.000000    
           2        2014           4          25 null                                        FERT   0.1112549      0.0000000E+00   29.80567      0.0000000E+00   2323.127       11.20213       14.01099       27.00000      0.0000000E+00  0.0000000E+00  0.0000000E+00  0.0000000E+00  0.0000000E+00
           2        2014           4          25 corn                                        PLANT   0.1112549      0.0000000E+00   29.80567      0.0000000E+00   2323.127       11.20213       14.01099      0.0000000E+00   6.000000    
           3        2014           4          25 null                                        FERT   0.1112549      0.0000000E+00   32.15329      0.0000000E+00   3852.212       18569.63       1.018594       27.00000      0.0000000E+00  0.0000000E+00  0.0000000E+00  0.0000000E+00  0.0000000E+00
           3        2014           4          25 corn                                        PLANT   0.1112549      0.0000000E+00   32.15329      0.0000000E+00   3852.212       18569.63       1.018594      0.0000000E+00   6.000000    
           4        2014           4          25 null                                        FERT   0.1112549      0.0000000E+00   32.23298      0.0000000E+00   3891.272       19820.42       1.029401       27.00000      0.0000000E+00  0.0000000E+00  0.0000000E+00  0.0000000E+00  0.0000000E+00
           4        2014           4          25 corn                                        PLANT   0.1112549      0.0000000E+00   32.23298      0.0000000E+00   3891.272       19820.42       1.029401      0.0000000E+00   6.000000    
           5        2014           4          25 null                                        FERT   0.1112549      0.0000000E+00   33.22508      0.0000000E+00   4397.485       24097.08       1.196241       27.00000      0.0000000E+00  0.0000000E+00  0.0000000E+00  0.0000000E+00  0.0000000E+00
           5        2014           4          25 corn                                        PLANT   0.1112549      0.0000000E+00   33.22508      0.0000000E+00   4397.485       24097.08       1.196241      0.0000000E+00   6.000000    
           6        2014           4          25 null                                        FERT   0.1112549      0.0000000E+00   33.30525      0.0000000E+00   4434.947       24672.20       1.206748       27.00000      0.0000000E+00  0.0000000E+00  0.0000000E+00  0.0000000E+00  0.0000000E+00
           6        2014           4          25 corn                                        PLANT   0.1112549      0.0000000E+00   33.30525      0.0000000E+00   4434.947       24672.20       1.206748      0.0000000E+00   6.000000    
           7        2014           4          25 null                                        FERT   0.1112549      0.0000000E+00   29.19697      0.0000000E+00   1973.981       16.84203      0.5201293       27.00000      0.0000000E+00  0.0000000E+00  0.0000000E+00  0.0000000E+00  0.0000000E+00
           7        2014           4          25 corn                                        PLANT   0.1112549      0.0000000E+00   29.19697      0.0000000E+00   1973.981       16.84203      0.5201293      0.0000000E+00   6.000000    
           8        2014           4          25 null                                        FERT   0.1112549      0.0000000E+00   28.89664      0.0000000E+00   1741.508       6.515663       20.99562       27.00000      0.0000000E+00  0.0000000E+00  0.0000000E+00  0.0000000E+00  0.0000000E+00
           8        2014           4          25 corn                                        PLANT   0.1112549      0.0000000E+00   28.89664      0.0000000E+00   1741.508       6.515663       20.99562      0.0000000E+00   6.000000    
           9        2014           4          25 null                                        FERT   0.1112549      0.0000000E+00   33.56794      0.0000000E+00   4559.422       25314.11       1.248407       27.00000      0.0000000E+00  0.0000000E+00  0.0000000E+00  0.0000000E+00  0.0000000E+00
           9        2014           4          25 corn                                        PLANT   0.1112549      0.0000000E+00   33.56794      0.0000000E+00   4559.422       25314.11       1.248407      0.0000000E+00   6.000000    
          10        2014           4          25 null                                        FERT   0.1112549      0.0000000E+00   32.79515      0.0000000E+00   4170.984       21683.01       1.117929       27.00000      0.0000000E+00  0.0000000E+00  0.0000000E+00  0.0000000E+00  0.0000000E+00
          10        2014           4          25 corn                                        PLANT   0.1112549      0.0000000E+00   32.79515      0.0000000E+00   4170.984       21683.01       1.117929      0.0000000E+00   6.000000    
          11        2014           4          25 null                                        FERT   0.1112549      0.0000000E+00   34.82336      0.0000000E+00   5183.865       31194.76       1.471680       27.00000      0.0000000E+00  0.0000000E+00  0.0000000E+00  0.0000000E+00  0.0000000E+00
          11        2014           4          25 corn                                        PLANT   0.1112549      0.0000000E+00   34.82336      0.0000000E+00   5183.865       31194.76       1.471680      0.0000000E+00   6.000000    
          12        2014           4          25 null                                        FERT   0.1112549      0.0000000E+00   33.16150      0.0000000E+00   4347.330       23111.25       1.175632       27.00000      0.0000000E+00  0.0000000E+00  0.0000000E+00  0.0000000E+00  0.0000000E+00
          12        2014           4          25 corn                                        PLANT   0.1112549      0.0000000E+00   33.16150      0.0000000E+00   4347.330       23111.25       1.175632      0.0000000E+00   6.000000    
           1        2014           6           4 null                                        FERT   0.2518849      0.1885335       62.33989       635.4236       1975.926       8.643257      0.0000000E+00   180.3000      0.0000000E+00  0.0000000E+00  0.0000000E+00  0.0000000E+00  0.0000000E+00
           2        2014           6           4 null                                        FERT   0.2518849      0.1885335       64.17532       424.8662       2323.127       6.008020       13.55151       180.3000      0.0000000E+00  0.0000000E+00  0.0000000E+00  0.0000000E+00  0.0000000E+00
           3        2014           6           4 null                                        FERT   0.2518849      0.1885335       70.54171       1213.557       3852.212       18626.60      0.0000000E+00   180.3000      0.0000000E+00  0.0000000E+00  0.0000000E+00  0.0000000E+00  0.0000000E+00
           4        2014           6           4 null                                        FERT   0.2518849      0.1885335       70.78060       1216.353       3891.272       19885.21      0.0000000E+00   180.3000      0.0000000E+00  0.0000000E+00  0.0000000E+00  0.0000000E+00  0.0000000E+00
           5        2014           6           4 null                                        FERT   0.2518849      0.1885335       73.34131       1271.965       4397.485       24170.07      0.0000000E+00   180.3000      0.0000000E+00  0.0000000E+00  0.0000000E+00  0.0000000E+00  0.0000000E+00
           6        2014           6           4 null                                        FERT   0.2518849      0.1885335       73.58454       1273.817       4434.947       24748.08      0.0000000E+00   180.3000      0.0000000E+00  0.0000000E+00  0.0000000E+00  0.0000000E+00  0.0000000E+00
           7        2014           6           4 null                                        FERT   0.2518849      0.1885335       62.31283       633.7238       1973.981       8.605190      0.0000000E+00   180.3000      0.0000000E+00  0.0000000E+00  0.0000000E+00  0.0000000E+00  0.0000000E+00
           8        2014           6           4 null                                        FERT   0.2518849      0.1885335       61.58425       253.7472       1741.508       4.391968       20.74010       180.3000      0.0000000E+00  0.0000000E+00  0.0000000E+00  0.0000000E+00  0.0000000E+00
           9        2014           6           4 null                                        FERT   0.2518849      0.1885335       74.22047       1283.981       4559.422       25395.07      0.0000000E+00   180.3000      0.0000000E+00  0.0000000E+00  0.0000000E+00  0.0000000E+00  0.0000000E+00
          10        2014           6           4 null                                        FERT   0.2518849      0.1885335       72.46473       1248.830       4170.984       21751.09      0.0000000E+00   180.3000      0.0000000E+00  0.0000000E+00  0.0000000E+00  0.0000000E+00  0.0000000E+00
          11        2014           6           4 null                                        FERT   0.2518849      0.1885335       77.62474       1295.029       5183.865       31301.18      0.0000000E+00   180.3000      0.0000000E+00  0.0000000E+00  0.0000000E+00  0.0000000E+00  0.0000000E+00
          12        2014           6           4 null                                        FERT   0.2518849      0.1885335       73.45292       1267.501       4347.330       23181.29      0.0000000E+00   180.3000      0.0000000E+00  0.0000000E+00  0.0000000E+00  0.0000000E+00  0.0000000E+00
           1        2014          11          10 corn                                        HARV/KILL   0.9118911      0.0000000E+00   12.45417       4463.208       3775.847       13.01094      0.2717315       1682.112      0.0000000E+00  0.0000000E+00  0.0000000E+00  0.0000000E+00  0.0000000E+00
           2        2014          11          10 corn                                        HARV/KILL   0.9118911      0.0000000E+00   12.79301       5351.263       4480.955       9.126048       12.26855       2017.023      0.0000000E+00  0.0000000E+00  0.0000000E+00  0.0000000E+00  0.0000000E+00
           3        2014          11          10 corn                                        HARV/KILL   0.9118911      0.0000000E+00   12.04337       8789.817       7396.389       18901.60      0.5694628       3313.293      0.0000000E+00  0.0000000E+00  0.0000000E+00  0.0000000E+00  0.0000000E+00
           4        2014          11          10 corn                                        HARV/KILL   0.9118911      0.0000000E+00   12.08669       8872.122       7468.557       20168.54      0.5778070       3344.393      0.0000000E+00  0.0000000E+00  0.0000000E+00  0.0000000E+00  0.0000000E+00
           5        2014          11          10 corn                                        HARV/KILL   0.9118911      0.0000000E+00   12.06672       10239.78       8525.492       24480.27      0.6626722       3860.622      0.0000000E+00  0.0000000E+00  0.0000000E+00  0.0000000E+00  0.0000000E+00
           6        2014          11          10 corn                                        HARV/KILL   0.9118911      0.0000000E+00   12.11413       10323.77       8596.721       25070.31      0.6695589       3892.382      0.0000000E+00  0.0000000E+00  0.0000000E+00  0.0000000E+00  0.0000000E+00
           7        2014          11          10 corn                                        HARV/KILL   0.9118911      0.0000000E+00   12.43329       4461.788       3773.337       12.95419      0.2715848       1681.571      0.0000000E+00  0.0000000E+00  0.0000000E+00  0.0000000E+00  0.0000000E+00
           8        2014          11          10 corn                                        HARV/KILL   0.9118911      0.0000000E+00   12.92592       3520.230       3161.089       6.642420       19.90157       1326.773      0.0000000E+00  0.0000000E+00  0.0000000E+00  0.0000000E+00  0.0000000E+00
           9        2014          11          10 corn                                        HARV/KILL   0.9118911      0.0000000E+00   12.14405       10680.00       8864.594       25726.88      0.6903226       4026.887      0.0000000E+00  0.0000000E+00  0.0000000E+00  0.0000000E+00  0.0000000E+00
          10        2014          11          10 corn                                        HARV/KILL   0.9118911      0.0000000E+00   12.31185       9634.742       8055.191       22044.23      0.6241559       3632.407      0.0000000E+00  0.0000000E+00  0.0000000E+00  0.0000000E+00  0.0000000E+00
          11        2014          11          10 corn                                        HARV/KILL   0.9118911      0.0000000E+00   12.45285       12383.75       10174.44       31714.33      0.8143762       4670.601      0.0000000E+00  0.0000000E+00  0.0000000E+00  0.0000000E+00  0.0000000E+00
          12        2014          11          10 corn                                        HARV/KILL   0.9118911      0.0000000E+00   12.36200       10133.18       8432.169       23487.23      0.6550590       3820.623      0.0000000E+00  0.0000000E+00  0.0000000E+00  0.0000000E+00  0.0000000E+00
           1        2014          11          12 null                                        FERT   3.8474575E-03  0.0000000E+00   12.42816      0.0000000E+00   3775.847       13.15395      0.2762327       152.7000      0.0000000E+00  0.0000000E+00  0.0000000E+00  0.0000000E+00  0.0000000E+00
           2        2014          11          12 null                                        FERT   3.8474575E-03  0.0000000E+00   12.81492      0.0000000E+00   4480.955       9.225948       12.28216       152.7000      0.0000000E+00  0.0000000E+00  0.0000000E+00  0.0000000E+00  0.0000000E+00
           3        2014          11          12 null                                        FERT   3.8474575E-03  0.0000000E+00   12.40307      0.0000000E+00   7396.389       18904.43      0.5784760       152.7000      0.0000000E+00  0.0000000E+00  0.0000000E+00  0.0000000E+00  0.0000000E+00
           4        2014          11          12 null                                        FERT   3.8474575E-03  0.0000000E+00   12.45379      0.0000000E+00   7468.557       20171.40      0.5870258       152.7000      0.0000000E+00  0.0000000E+00  0.0000000E+00  0.0000000E+00  0.0000000E+00
           5        2014          11          12 null                                        FERT   3.8474575E-03  0.0000000E+00   12.54335      0.0000000E+00   8525.492       24483.24      0.6732186       152.7000      0.0000000E+00  0.0000000E+00  0.0000000E+00  0.0000000E+00  0.0000000E+00
           6        2014          11          12 null                                        FERT   3.8474575E-03  0.0000000E+00   12.59764      0.0000000E+00   8596.721       25073.29      0.6802180       152.7000      0.0000000E+00  0.0000000E+00  0.0000000E+00  0.0000000E+00  0.0000000E+00
           7        2014          11          12 null                                        FERT   3.8474575E-03  0.0000000E+00   12.40736      0.0000000E+00   3773.337       13.09672      0.2761033       152.7000      0.0000000E+00  0.0000000E+00  0.0000000E+00  0.0000000E+00  0.0000000E+00
           8        2014          11          12 null                                        FERT   3.8474575E-03  0.0000000E+00   12.87044      0.0000000E+00   3161.089       6.711984       19.91119       152.7000      0.0000000E+00  0.0000000E+00  0.0000000E+00  0.0000000E+00  0.0000000E+00
           9        2014          11          12 null                                        FERT   3.8474575E-03  0.0000000E+00   12.65412      0.0000000E+00   8864.594       25729.88      0.7012573       152.7000      0.0000000E+00  0.0000000E+00  0.0000000E+00  0.0000000E+00  0.0000000E+00
          10        2014          11          12 null                                        FERT   3.8474575E-03  0.0000000E+00   12.73896      0.0000000E+00   8055.191       22047.15      0.6340718       152.7000      0.0000000E+00  0.0000000E+00  0.0000000E+00  0.0000000E+00  0.0000000E+00
          11        2014          11          12 null                                        FERT   3.8474575E-03  0.0000000E+00   13.08690      0.0000000E+00   10174.44       31717.51      0.8269832       152.7000      0.0000000E+00  0.0000000E+00  0.0000000E+00  0.0000000E+00  0.0000000E+00
          12        2014          11          12 null                                        FERT   3.8474575E-03  0.0000000E+00   12.82737      0.0000000E+00   8432.169       23490.18      0.6653971       152.7000      0.0000000E+00  0.0000000E+00  0.0000000E+00  0.0000000E+00  0.0000000E+00
           1        2014          11          16 chisplow            TILLAGE   6.3828169E-03  0.0000000E+00   11.71939      0.0000000E+00   2643.093       13.40486      0.2855988      0.3000000    
           2        2014          11          16 chisplow            TILLAGE   6.3828169E-03  0.0000000E+00   12.13303      0.0000000E+00   3136.668       9.401654       12.30943      0.3000000    
           3        2014          11          16 chisplow            TILLAGE   6.3828169E-03  0.0000000E+00   11.77853      0.0000000E+00   5177.472       18909.91      0.5974090      0.3000000    
           4        2014          11          16 chisplow            TILLAGE   6.3828169E-03  0.0000000E+00   11.83022      0.0000000E+00   5227.990       20176.92      0.6063747      0.3000000    
           5        2014          11          16 chisplow            TILLAGE   6.3828169E-03  0.0000000E+00   11.93881      0.0000000E+00   5967.844       24488.96      0.6953911      0.3000000    
           6        2014          11          16 chisplow            TILLAGE   6.3828169E-03  0.0000000E+00   11.99406      0.0000000E+00   6017.705       25079.03      0.7026211      0.3000000    
           7        2014          11          16 chisplow            TILLAGE   6.3828169E-03  0.0000000E+00   11.69863      0.0000000E+00   2641.336       13.34732      0.2854985      0.3000000    
           8        2014          11          16 chisplow            TILLAGE   6.3828169E-03  0.0000000E+00   12.12129      0.0000000E+00   2212.762       6.835633       19.93027      0.3000000    
           9        2014          11          16 chisplow            TILLAGE   6.3828169E-03  0.0000000E+00   12.05515      0.0000000E+00   6205.215       25735.65      0.7242598      0.3000000    
          10        2014          11          16 chisplow            TILLAGE   6.3828169E-03  0.0000000E+00   12.12429      0.0000000E+00   5638.634       22052.77      0.6548926      0.3000000    
          11        2014          11          16 chisplow            TILLAGE   6.3828169E-03  0.0000000E+00   12.50974      0.0000000E+00   7122.109       31723.60      0.8535810      0.3000000    
          12        2014          11          16 chisplow            TILLAGE   6.3828169E-03  0.0000000E+00   12.21914      0.0000000E+00   5902.518       23495.85      0.6871412      0.3000000    
           1        2015           4          16 fldcult             TILLAGE   0.1068072      0.0000000E+00   6.861646      0.0000000E+00   1480.132       22.80764      0.4845838      0.3000000    
           2        2015           4          16 fldcult             TILLAGE   0.1068072      0.0000000E+00   7.177298      0.0000000E+00   1756.534       15.93900       13.09507      0.3000000    
           3        2015           4          16 fldcult             TILLAGE   0.1068072      0.0000000E+00   8.465567      0.0000000E+00   2899.385       19035.30      0.9846084      0.3000000    
           4        2015           4          16 fldcult             TILLAGE   0.1068072      0.0000000E+00   8.496748      0.0000000E+00   2927.674       20309.35      0.9975901      0.3000000    
           5        2015           4          16 fldcult             TILLAGE   0.1068072      0.0000000E+00   8.949381      0.0000000E+00   3341.993       24638.89       1.156040      0.3000000    
           6        2015           4          16 fldcult             TILLAGE   0.1068072      0.0000000E+00   8.979619      0.0000000E+00   3369.915       25235.24       1.166831      0.3000000    
           7        2015           4          16 fldcult             TILLAGE   0.1068072      0.0000000E+00   6.860531      0.0000000E+00   1479.148       22.75731      0.4851371      0.3000000    
           8        2015           4          16 fldcult             TILLAGE   0.1068072      0.0000000E+00   6.583185      0.0000000E+00   1239.147       11.57099       20.47239      0.3000000    
           9        2015           4          16 fldcult             TILLAGE   0.1068072      0.0000000E+00   9.092885      0.0000000E+00   3474.921       25891.97       1.206597      0.3000000    
          10        2015           4          16 fldcult             TILLAGE   0.1068072      0.0000000E+00   8.748999      0.0000000E+00   3157.635       22202.43       1.082464      0.3000000    
          11        2015           4          16 fldcult             TILLAGE   0.1068072      0.0000000E+00   9.639574      0.0000000E+00   3988.381       31897.18       1.417766      0.3000000    
          12        2015           4          16 fldcult             TILLAGE   0.1068072      0.0000000E+00   8.909680      0.0000000E+00   3305.410       23647.22       1.139199      0.3000000    
           1        2015           4          30 fldcult             TILLAGE   0.1417708      0.0000000E+00   26.30281      0.0000000E+00   1036.093       20.11501      0.5222377      0.3000000    
           2        2015           4          30 fldcult             TILLAGE   0.1417708      0.0000000E+00   27.00153      0.0000000E+00   1229.574       12.63357       13.16738      0.3000000    
           3        2015           4          30 fldcult             TILLAGE   0.1417708      0.0000000E+00   29.78757      0.0000000E+00   2029.569       19051.96       1.059253      0.3000000    
           4        2015           4          30 fldcult             TILLAGE   0.1417708      0.0000000E+00   29.85456      0.0000000E+00   2049.372       20329.27       1.071636      0.3000000    
           5        2015           4          30 fldcult             TILLAGE   0.1417708      0.0000000E+00   30.81933      0.0000000E+00   2339.395       24660.59       1.242804      0.3000000    
           6        2015           4          30 fldcult             TILLAGE   0.1417708      0.0000000E+00   30.88418      0.0000000E+00   2358.940       25257.63       1.254060      0.3000000    
           7        2015           4          30 fldcult             TILLAGE   0.1417708      0.0000000E+00   26.30051      0.0000000E+00   1035.404       20.04742      0.5225425      0.3000000    
           8        2015           4          30 fldcult             TILLAGE   0.1417708      0.0000000E+00   25.72296      0.0000000E+00   867.4028       9.259663       20.51891      0.3000000    
           9        2015           4          30 fldcult             TILLAGE   0.1417708      0.0000000E+00   31.12583      0.0000000E+00   2432.444       25914.66       1.297579      0.3000000    
          10        2015           4          30 fldcult             TILLAGE   0.1417708      0.0000000E+00   30.39175      0.0000000E+00   2210.344       22223.14       1.163173      0.3000000    
          11        2015           4          30 fldcult             TILLAGE   0.1417708      0.0000000E+00   32.29543      0.0000000E+00   2791.866       31925.40       1.523469      0.3000000    
          12        2015           4          30 fldcult             TILLAGE   0.1417708      0.0000000E+00   30.73371      0.0000000E+00   2313.787       23666.87       1.224924      0.3000000    
           1        2015           5           6 corn                                        PLANT   0.1620649      0.0000000E+00   28.84050      0.0000000E+00   1036.093       19.58738      0.5351017      0.0000000E+00   6.000000    
           2        2015           5           6 corn                                        PLANT   0.1620649      0.0000000E+00   29.50274      0.0000000E+00   1229.574       12.28235       13.19584      0.0000000E+00   6.000000    
           3        2015           5           6 corn                                        PLANT   0.1620649      0.0000000E+00   32.13112      0.0000000E+00   2029.569       19060.79       1.084197      0.0000000E+00   6.000000    
           4        2015           5           6 corn                                        PLANT   0.1620649      0.0000000E+00   32.19411      0.0000000E+00   2049.372       20339.04       1.096691      0.0000000E+00   6.000000    
           5        2015           5           6 corn                                        PLANT   0.1620649      0.0000000E+00   33.10126      0.0000000E+00   2339.395       24671.20       1.271993      0.0000000E+00   6.000000    
           6        2015           5           6 corn                                        PLANT   0.1620649      0.0000000E+00   33.16225      0.0000000E+00   2358.940       25268.22       1.283504      0.0000000E+00   6.000000    
           7        2015           5           6 corn                                        PLANT   0.1620649      0.0000000E+00   28.83833      0.0000000E+00   1035.404       19.51719      0.5353653      0.0000000E+00   6.000000    
           8        2015           5           6 corn                                        PLANT   0.1620649      0.0000000E+00   28.25449      0.0000000E+00   867.4028       8.995448       20.53795      0.0000000E+00   6.000000    
           9        2015           5           6 corn                                        PLANT   0.1620649      0.0000000E+00   33.38948      0.0000000E+00   2432.444       25925.24       1.328142      0.0000000E+00   6.000000    
          10        2015           5           6 corn                                        PLANT   0.1620649      0.0000000E+00   32.69920      0.0000000E+00   2210.344       22233.17       1.190421      0.0000000E+00   6.000000    
          11        2015           5           6 corn                                        PLANT   0.1620649      0.0000000E+00   34.48946      0.0000000E+00   2791.866       31940.03       1.560036      0.0000000E+00   6.000000    
          12        2015           5           6 corn                                        PLANT   0.1620649      0.0000000E+00   33.02073      0.0000000E+00   2313.787       23676.76       1.253777      0.0000000E+00   6.000000    
           1        2015           6          17 null                                        FERT   0.3268922      0.2404153       97.17596       602.0783       1036.093       17.77883      0.0000000E+00   119.5000      0.0000000E+00  0.0000000E+00  0.0000000E+00  0.0000000E+00  0.0000000E+00
           2        2015           6          17 null                                        FERT   0.3268922      0.2404153       98.49805       413.5757       1229.574       12.46908       12.84240       119.5000      0.0000000E+00  0.0000000E+00  0.0000000E+00  0.0000000E+00  0.0000000E+00
           3        2015           6          17 null                                        FERT   0.3268922      0.2404153       101.1683       1844.041       2029.569       19096.28      0.0000000E+00   119.5000      0.0000000E+00  0.0000000E+00  0.0000000E+00  0.0000000E+00  0.0000000E+00
           4        2015           6          17 null                                        FERT   0.3268922      0.2404153       101.3085       1861.665       2049.372       20377.51      0.0000000E+00   119.5000      0.0000000E+00  0.0000000E+00  0.0000000E+00  0.0000000E+00  0.0000000E+00
           5        2015           6          17 null                                        FERT   0.3268922      0.2404153       102.5770       2111.694       2339.395       24714.86      0.0000000E+00   119.5000      0.0000000E+00  0.0000000E+00  0.0000000E+00  0.0000000E+00  0.0000000E+00
           6        2015           6          17 null                                        FERT   0.3268922      0.2404153       102.7258       2127.194       2358.940       25312.82      0.0000000E+00   119.5000      0.0000000E+00  0.0000000E+00  0.0000000E+00  0.0000000E+00  0.0000000E+00
           7        2015           6          17 null                                        FERT   0.3268922      0.2404153       97.14605       599.5435       1035.404       17.72936      0.0000000E+00   119.5000      0.0000000E+00  0.0000000E+00  0.0000000E+00  0.0000000E+00  0.0000000E+00
           8        2015           6          17 null                                        FERT   0.3268922      0.2404153       96.99459       282.2859       867.4028       9.114006       20.28564       119.5000      0.0000000E+00  0.0000000E+00  0.0000000E+00  0.0000000E+00  0.0000000E+00
           9        2015           6          17 null                                        FERT   0.3268922      0.2404153       103.0941       2186.942       2432.444       25970.78      0.0000000E+00   119.5000      0.0000000E+00  0.0000000E+00  0.0000000E+00  0.0000000E+00  0.0000000E+00
          10        2015           6          17 null                                        FERT   0.3268922      0.2404153       102.3457       1999.118       2210.344       22273.08      0.0000000E+00   119.5000      0.0000000E+00  0.0000000E+00  0.0000000E+00  0.0000000E+00  0.0000000E+00
          11        2015           6          17 null                                        FERT   0.3268922      0.2404153       105.3325       2435.784       2791.866       32006.72      0.0000000E+00   119.5000      0.0000000E+00  0.0000000E+00  0.0000000E+00  0.0000000E+00  0.0000000E+00
          12        2015           6          17 null                                        FERT   0.3268922      0.2404153       102.8997       2089.108       2313.787       23718.55      0.0000000E+00   119.5000      0.0000000E+00  0.0000000E+00  0.0000000E+00  0.0000000E+00  0.0000000E+00
           1        2015          11           4 corn                                        HARV/KILL   0.9155204      0.0000000E+00   14.84857       4405.629       2814.300       23.81606      0.1604825       1658.981      0.0000000E+00  0.0000000E+00  0.0000000E+00  0.0000000E+00  0.0000000E+00
           2        2015          11           4 corn                                        HARV/KILL   0.9155204      0.0000000E+00   14.84868       5135.591       3301.980       16.96809       11.37352       1934.263      0.0000000E+00  0.0000000E+00  0.0000000E+00  0.0000000E+00  0.0000000E+00
           3        2015          11           4 corn                                        HARV/KILL   0.9155204      0.0000000E+00   14.84840       8867.396       5607.646       19310.20      0.3395098       3340.047      0.0000000E+00  0.0000000E+00  0.0000000E+00  0.0000000E+00  0.0000000E+00
           4        2015          11           4 corn                                        HARV/KILL   0.9155204      0.0000000E+00   14.84855       8984.981       5674.830       20602.48      0.3417642       3384.401      0.0000000E+00  0.0000000E+00  0.0000000E+00  0.0000000E+00  0.0000000E+00
           5        2015          11           4 corn                                        HARV/KILL   0.9155204      0.0000000E+00   14.84835       10284.74       6488.979       24973.60      0.3948528       3874.297      0.0000000E+00  0.0000000E+00  0.0000000E+00  0.0000000E+00  0.0000000E+00
           6        2015          11           4 corn                                        HARV/KILL   0.9155204      0.0000000E+00   14.84843       10408.46       6558.359       25578.00      0.3977402       3920.984      0.0000000E+00  0.0000000E+00  0.0000000E+00  0.0000000E+00  0.0000000E+00
           7        2015          11           4 corn                                        HARV/KILL   0.9155204      0.0000000E+00   14.84863       4401.999       2812.158       23.84095      0.1601024       1657.602      0.0000000E+00  0.0000000E+00  0.0000000E+00  0.0000000E+00  0.0000000E+00
           8        2015          11           4 corn                                        HARV/KILL   0.9155204      0.0000000E+00   14.84874       3511.737       2284.695       12.29446       19.29711       1322.492      0.0000000E+00  0.0000000E+00  0.0000000E+00  0.0000000E+00  0.0000000E+00
           9        2015          11           4 corn                                        HARV/KILL   0.9155204      0.0000000E+00   14.84825       10727.36       6760.395       26242.96      0.4114358       4041.243      0.0000000E+00  0.0000000E+00  0.0000000E+00  0.0000000E+00  0.0000000E+00
          10        2015          11           4 corn                                        HARV/KILL   0.9155204      0.0000000E+00   14.84849       9721.418       6132.484       22518.55      0.3714326       3662.245      0.0000000E+00  0.0000000E+00  0.0000000E+00  0.0000000E+00  0.0000000E+00
          11        2015          11           4 corn                                        HARV/KILL   0.9155204      0.0000000E+00   14.84705       12570.58       7862.332       32340.34      0.4845603       4736.698      0.0000000E+00  0.0000000E+00  0.0000000E+00  0.0000000E+00  0.0000000E+00
          12        2015          11           4 corn                                        HARV/KILL   0.9155204      0.0000000E+00   14.84811       10191.42       6425.349       23974.59      0.3907034       3839.499      0.0000000E+00  0.0000000E+00  0.0000000E+00  0.0000000E+00  0.0000000E+00
           1        2015          11          21 null                                        FERT   2.6160244E-02  0.0000000E+00   34.02027      0.0000000E+00   2814.300       25.05031      0.2014612       167.9600      0.0000000E+00  0.0000000E+00  0.0000000E+00  0.0000000E+00  0.0000000E+00
           2        2015          11          21 null                                        FERT   2.6160244E-02  0.0000000E+00   34.45061      0.0000000E+00   3301.980       17.84647       11.49468       167.9600      0.0000000E+00  0.0000000E+00  0.0000000E+00  0.0000000E+00  0.0000000E+00
           3        2015          11          21 null                                        FERT   2.6160244E-02  0.0000000E+00   36.39762      0.0000000E+00   5607.646       19319.44      0.4269494       167.9600      0.0000000E+00  0.0000000E+00  0.0000000E+00  0.0000000E+00  0.0000000E+00
           4        2015          11          21 null                                        FERT   2.6160244E-02  0.0000000E+00   36.45240      0.0000000E+00   5674.830       20612.96      0.4295733       167.9600      0.0000000E+00  0.0000000E+00  0.0000000E+00  0.0000000E+00  0.0000000E+00
           5        2015          11          21 null                                        FERT   2.6160244E-02  0.0000000E+00   37.10497      0.0000000E+00   6488.979       24985.78      0.4969001       167.9600      0.0000000E+00  0.0000000E+00  0.0000000E+00  0.0000000E+00  0.0000000E+00
           6        2015          11          21 null                                        FERT   2.6160244E-02  0.0000000E+00   37.17363      0.0000000E+00   6558.359       25590.26      0.5005001       167.9600      0.0000000E+00  0.0000000E+00  0.0000000E+00  0.0000000E+00  0.0000000E+00
           7        2015          11          21 null                                        FERT   2.6160244E-02  0.0000000E+00   34.01847      0.0000000E+00   2812.158       25.07643      0.2010315       167.9600      0.0000000E+00  0.0000000E+00  0.0000000E+00  0.0000000E+00  0.0000000E+00
           8        2015          11          21 null                                        FERT   2.6160244E-02  0.0000000E+00   33.54327      0.0000000E+00   2284.695       12.93162       19.37975       167.9600      0.0000000E+00  0.0000000E+00  0.0000000E+00  0.0000000E+00  0.0000000E+00
           9        2015          11          21 null                                        FERT   2.6160244E-02  0.0000000E+00   37.37128      0.0000000E+00   6760.395       26255.28      0.5179124       167.9600      0.0000000E+00  0.0000000E+00  0.0000000E+00  0.0000000E+00  0.0000000E+00
          10        2015          11          21 null                                        FERT   2.6160244E-02  0.0000000E+00   36.81972      0.0000000E+00   6132.484       22530.43      0.4669039       167.9600      0.0000000E+00  0.0000000E+00  0.0000000E+00  0.0000000E+00  0.0000000E+00
          11        2015          11          21 null                                        FERT   2.6160244E-02  0.0000000E+00   38.38800      0.0000000E+00   7862.332       32354.92      0.6100870       167.9600      0.0000000E+00  0.0000000E+00  0.0000000E+00  0.0000000E+00  0.0000000E+00
          12        2015          11          21 null                                        FERT   2.6160244E-02  0.0000000E+00   37.05112      0.0000000E+00   6425.349       23986.65      0.4910893       167.9600      0.0000000E+00  0.0000000E+00  0.0000000E+00  0.0000000E+00  0.0000000E+00
           1        2016           3          31 fldcult             TILLAGE   5.6720179E-02  0.0000000E+00   55.47635      0.0000000E+00   1576.008       24.95978      0.4462411      0.3000000    
           2        2016           3          31 fldcult             TILLAGE   5.6720179E-02  0.0000000E+00   60.52975      0.0000000E+00   1849.109       17.84419       12.22529      0.3000000    
           3        2016           3          31 fldcult             TILLAGE   5.6720179E-02  0.0000000E+00   66.69082      0.0000000E+00   3140.282       19445.81      0.9350639      0.3000000    
           4        2016           3          31 fldcult             TILLAGE   5.6720179E-02  0.0000000E+00   67.25104      0.0000000E+00   3177.905       20743.56      0.9494352      0.3000000    
           5        2016           3          31 fldcult             TILLAGE   5.6720179E-02  0.0000000E+00   71.36496      0.0000000E+00   3633.828       25135.81       1.092110      0.3000000    
           6        2016           3          31 fldcult             TILLAGE   5.6720179E-02  0.0000000E+00   71.84306      0.0000000E+00   3672.681       25742.84       1.101805      0.3000000    
           7        2016           3          31 fldcult             TILLAGE   5.6720179E-02  0.0000000E+00   55.01884      0.0000000E+00   1574.809       24.93382      0.4468284      0.3000000    
           8        2016           3          31 fldcult             TILLAGE   5.6720179E-02  0.0000000E+00   53.51836      0.0000000E+00   1279.429       12.97295       19.88281      0.3000000    
           9        2016           3          31 fldcult             TILLAGE   5.6720179E-02  0.0000000E+00   73.58620      0.0000000E+00   3785.821       26410.09       1.134705      0.3000000    
          10        2016           3          31 fldcult             TILLAGE   5.6720179E-02  0.0000000E+00   71.56995      0.0000000E+00   3434.191       22664.08       1.018432      0.3000000    
          11        2016           3          31 fldcult             TILLAGE   5.6720179E-02  0.0000000E+00   84.30731      0.0000000E+00   4402.906       32515.64       1.288114      0.3000000    
          12        2016           3          31 fldcult             TILLAGE   5.6720179E-02  0.0000000E+00   74.45172      0.0000000E+00   3598.195       24127.25       1.065601      0.3000000    
           1        2016           4          16 null                                        FERT   9.6512824E-02  0.0000000E+00   36.48249      0.0000000E+00   1576.008       24.95805      0.4782243       38.30000      0.0000000E+00  0.0000000E+00  0.0000000E+00  0.0000000E+00  0.0000000E+00
           2        2016           4          16 null                                        FERT   9.6512824E-02  0.0000000E+00   40.30375      0.0000000E+00   1849.109       17.74077       12.30907       38.30000      0.0000000E+00  0.0000000E+00  0.0000000E+00  0.0000000E+00  0.0000000E+00
           3        2016           4          16 null                                        FERT   9.6512824E-02  0.0000000E+00   45.99454      0.0000000E+00   3140.282       19468.06      0.9988356       38.30000      0.0000000E+00  0.0000000E+00  0.0000000E+00  0.0000000E+00  0.0000000E+00
           4        2016           4          16 null                                        FERT   9.6512824E-02  0.0000000E+00   46.45309      0.0000000E+00   3177.905       20767.75       1.013582       38.30000      0.0000000E+00  0.0000000E+00  0.0000000E+00  0.0000000E+00  0.0000000E+00
           5        2016           4          16 null                                        FERT   9.6512824E-02  0.0000000E+00   50.01247      0.0000000E+00   3633.828       25164.91       1.167566       38.30000      0.0000000E+00  0.0000000E+00  0.0000000E+00  0.0000000E+00  0.0000000E+00
           6        2016           4          16 null                                        FERT   9.6512824E-02  0.0000000E+00   50.40595      0.0000000E+00   3672.681       25771.88       1.178157       38.30000      0.0000000E+00  0.0000000E+00  0.0000000E+00  0.0000000E+00  0.0000000E+00
           7        2016           4          16 null                                        FERT   9.6512824E-02  0.0000000E+00   36.13754      0.0000000E+00   1574.809       24.94356      0.4786931       38.30000      0.0000000E+00  0.0000000E+00  0.0000000E+00  0.0000000E+00  0.0000000E+00
           8        2016           4          16 null                                        FERT   9.6512824E-02  0.0000000E+00   34.93304      0.0000000E+00   1279.429       12.97499       19.93891       38.30000      0.0000000E+00  0.0000000E+00  0.0000000E+00  0.0000000E+00  0.0000000E+00
           9        2016           4          16 null                                        FERT   9.6512824E-02  0.0000000E+00   51.79892      0.0000000E+00   3785.821       26438.98       1.214485       38.30000      0.0000000E+00  0.0000000E+00  0.0000000E+00  0.0000000E+00  0.0000000E+00
          10        2016           4          16 null                                        FERT   9.6512824E-02  0.0000000E+00   49.91337      0.0000000E+00   3434.191       22691.99       1.089887       38.30000      0.0000000E+00  0.0000000E+00  0.0000000E+00  0.0000000E+00  0.0000000E+00
          11        2016           4          16 null                                        FERT   9.6512824E-02  0.0000000E+00   60.04533      0.0000000E+00   4402.906       32549.64       1.389011       38.30000      0.0000000E+00  0.0000000E+00  0.0000000E+00  0.0000000E+00  0.0000000E+00
          12        2016           4          16 null                                        FERT   9.6512824E-02  0.0000000E+00   52.17993      0.0000000E+00   3598.195       24154.84       1.141934       38.30000      0.0000000E+00  0.0000000E+00  0.0000000E+00  0.0000000E+00  0.0000000E+00
           1        2016           5           5 corn                                        PLANT   0.1420543      0.0000000E+00   79.14437      0.0000000E+00   1576.008       25.15423      0.5163832      0.0000000E+00   6.000000    
           2        2016           5           5 corn                                        PLANT   0.1420543      0.0000000E+00   83.14735      0.0000000E+00   1849.109       17.89398       12.40683      0.0000000E+00   6.000000    
           3        2016           5           5 corn                                        PLANT   0.1420543      0.0000000E+00   90.55177      0.0000000E+00   3140.282       19501.07       1.075754      0.0000000E+00   6.000000    
           4        2016           5           5 corn                                        PLANT   0.1420543      0.0000000E+00   91.02822      0.0000000E+00   3177.905       20806.83       1.090691      0.0000000E+00   6.000000    
           5        2016           5           5 corn                                        PLANT   0.1420543      0.0000000E+00   95.08638      0.0000000E+00   3633.828       25205.22       1.258663      0.0000000E+00   6.000000    
           6        2016           5           5 corn                                        PLANT   0.1420543      0.0000000E+00   95.54397      0.0000000E+00   3672.681       25812.18       1.270171      0.0000000E+00   6.000000    
           7        2016           5           5 corn                                        PLANT   0.1420543      0.0000000E+00   78.83756      0.0000000E+00   1574.809       25.15041      0.5166152      0.0000000E+00   6.000000    
           8        2016           5           5 corn                                        PLANT   0.1420543      0.0000000E+00   77.17642      0.0000000E+00   1279.429       13.11307       20.00443      0.0000000E+00   6.000000    
           9        2016           5           5 corn                                        PLANT   0.1420543      0.0000000E+00   97.06714      0.0000000E+00   3785.821       26480.25       1.310801      0.0000000E+00   6.000000    
          10        2016           5           5 corn                                        PLANT   0.1420543      0.0000000E+00   94.61267      0.0000000E+00   3434.191       22732.20       1.175778      0.0000000E+00   6.000000    
          11        2016           5           5 corn                                        PLANT   0.1420543      0.0000000E+00   105.9954      0.0000000E+00   4402.906       32597.99       1.510301      0.0000000E+00   6.000000    
          12        2016           5           5 corn                                        PLANT   0.1420543      0.0000000E+00   97.04872      0.0000000E+00   3598.195       24195.01       1.234030      0.0000000E+00   6.000000    
           1        2016           6          11 null                                        FERT   0.2918567      0.2326315       56.61477       475.4052       1576.008       25.68390      0.0000000E+00   123.2000      0.0000000E+00  0.0000000E+00  0.0000000E+00  0.0000000E+00  0.0000000E+00
           2        2016           6          11 null                                        FERT   0.2918567      0.2326315       58.95612       358.2325       1849.109       18.30016       12.11163       123.2000      0.0000000E+00  0.0000000E+00  0.0000000E+00  0.0000000E+00  0.0000000E+00
           3        2016           6          11 null                                        FERT   0.2918567      0.2326315       66.66221       1646.299       3140.282       19545.67      0.0000000E+00   123.2000      0.0000000E+00  0.0000000E+00  0.0000000E+00  0.0000000E+00  0.0000000E+00
           4        2016           6          11 null                                        FERT   0.2918567      0.2326315       67.02228       1663.981       3177.905       20853.38      0.0000000E+00   123.2000      0.0000000E+00  0.0000000E+00  0.0000000E+00  0.0000000E+00  0.0000000E+00
           5        2016           6          11 null                                        FERT   0.2918567      0.2326315       70.43027       1825.814       3633.828       25264.61      0.0000000E+00   123.2000      0.0000000E+00  0.0000000E+00  0.0000000E+00  0.0000000E+00  0.0000000E+00
           6        2016           6          11 null                                        FERT   0.2918567      0.2326315       70.76546       1836.026       3672.681       25871.49      0.0000000E+00   123.2000      0.0000000E+00  0.0000000E+00  0.0000000E+00  0.0000000E+00  0.0000000E+00
           7        2016           6          11 null                                        FERT   0.2918567      0.2326315       56.47412       474.2076       1574.809       25.67623      0.0000000E+00   123.2000      0.0000000E+00  0.0000000E+00  0.0000000E+00  0.0000000E+00  0.0000000E+00
           8        2016           6          11 null                                        FERT   0.2918567      0.2326315       55.32067       240.5629       1279.429       13.42595       19.78075       123.2000      0.0000000E+00  0.0000000E+00  0.0000000E+00  0.0000000E+00  0.0000000E+00
           9        2016           6          11 null                                        FERT   0.2918567      0.2326315       71.82475       1867.463       3785.821       26539.46      0.0000000E+00   123.2000      0.0000000E+00  0.0000000E+00  0.0000000E+00  0.0000000E+00  0.0000000E+00
          10        2016           6          11 null                                        FERT   0.2918567      0.2326315       69.56304       1753.501       3434.191       22787.84      0.0000000E+00   123.2000      0.0000000E+00  0.0000000E+00  0.0000000E+00  0.0000000E+00  0.0000000E+00
          11        2016           6          11 null                                        FERT   0.2918567      0.2326315       77.56289       1987.399       4402.906       32689.80      0.0000000E+00   123.2000      0.0000000E+00  0.0000000E+00  0.0000000E+00  0.0000000E+00  0.0000000E+00
          12        2016           6          11 null                                        FERT   0.2918567      0.2326315       71.19150       1808.454       3598.195       24254.44      0.0000000E+00   123.2000      0.0000000E+00  0.0000000E+00  0.0000000E+00  0.0000000E+00  0.0000000E+00
           1        2016          11           5 corn                                        HARV/KILL   0.9147704      0.0000000E+00  4.9999999E-06   3906.336       3151.182       30.87809      0.1957112       1472.400      0.0000000E+00  0.0000000E+00  0.0000000E+00  0.0000000E+00  0.0000000E+00
           2        2016          11           5 corn                                        HARV/KILL   0.9147704      0.0000000E+00  4.9999999E-06   4111.784       3506.714       22.18137       11.13211       1550.231      0.0000000E+00  0.0000000E+00  0.0000000E+00  0.0000000E+00  0.0000000E+00
           3        2016          11           5 corn                                        HARV/KILL   0.9147704      0.0000000E+00  4.9999999E-06   8102.495       6406.624       19751.18      0.4178698       3054.871      0.0000000E+00  0.0000000E+00  0.0000000E+00  0.0000000E+00  0.0000000E+00
           4        2016          11           5 corn                                        HARV/KILL   0.9147704      0.0000000E+00  4.9999999E-06   8204.835       6485.423       21068.61      0.4231970       3093.532      0.0000000E+00  0.0000000E+00  0.0000000E+00  0.0000000E+00  0.0000000E+00
           5        2016          11           5 corn                                        HARV/KILL   0.9147704      0.0000000E+00  4.9999999E-06   9328.617       7394.084       25504.03      0.4853288       3517.506      0.0000000E+00  0.0000000E+00  0.0000000E+00  0.0000000E+00  0.0000000E+00
           6        2016          11           5 corn                                        HARV/KILL   0.9147704      0.0000000E+00  4.9999999E-06   9410.767       7465.971       26116.18      0.4897239       3548.557      0.0000000E+00  0.0000000E+00  0.0000000E+00  0.0000000E+00  0.0000000E+00
           7        2016          11           5 corn                                        HARV/KILL   0.9147704      0.0000000E+00  4.9999999E-06   3905.232       3149.559       30.85397      0.1954613       1471.964      0.0000000E+00  0.0000000E+00  0.0000000E+00  0.0000000E+00  0.0000000E+00
           8        2016          11           5 corn                                        HARV/KILL   0.9147704      0.0000000E+00  4.9999999E-06   2778.754       2399.827       16.19618       19.15292       1047.476      0.0000000E+00  0.0000000E+00  0.0000000E+00  0.0000000E+00  0.0000000E+00
           9        2016          11           5 corn                                        HARV/KILL   0.9147704      0.0000000E+00  4.9999999E-06   9671.819       7684.227       26788.03      0.5048924       3647.097      0.0000000E+00  0.0000000E+00  0.0000000E+00  0.0000000E+00  0.0000000E+00
          10        2016          11           5 corn                                        HARV/KILL   0.9147704      0.0000000E+00  4.9999999E-06   8836.594       6995.886       23017.35      0.4572212       3332.201      0.0000000E+00  0.0000000E+00  0.0000000E+00  0.0000000E+00  0.0000000E+00
          11        2016          11           5 corn                                        HARV/KILL   0.9147704      0.0000000E+00  4.9999999E-06   11107.81       8879.002       33006.58      0.5946466       4189.642      0.0000000E+00  0.0000000E+00  0.0000000E+00  0.0000000E+00  0.0000000E+00
          12        2016          11           5 corn                                        HARV/KILL   0.9147704      0.0000000E+00  4.9999999E-06   9229.649       7318.133       24491.28      0.4795265       3480.593      0.0000000E+00  0.0000000E+00  0.0000000E+00  0.0000000E+00  0.0000000E+00
           1        2016          11          10 chisplow            TILLAGE   3.8049736E-03  0.0000000E+00  4.9999999E-06  0.0000000E+00   2205.827       31.31268      0.2044481      0.3000000    
           2        2016          11          10 chisplow            TILLAGE   3.8049736E-03  0.0000000E+00  4.9999999E-06  0.0000000E+00   2454.700       22.49459       11.16150      0.3000000    
           3        2016          11          10 chisplow            TILLAGE   3.8049736E-03  0.0000000E+00  4.9999999E-06  0.0000000E+00   4484.636       19753.89      0.4361358      0.3000000    
           4        2016          11          10 chisplow            TILLAGE   3.8049736E-03  0.0000000E+00  4.9999999E-06  0.0000000E+00   4539.796       21071.41      0.4417845      0.3000000    
           5        2016          11          10 chisplow            TILLAGE   3.8049736E-03  0.0000000E+00  4.9999999E-06  0.0000000E+00   5175.859       25507.19      0.5066211      0.3000000    
           6        2016          11          10 chisplow            TILLAGE   3.8049736E-03  0.0000000E+00  4.9999999E-06  0.0000000E+00   5226.179       26119.38      0.5112104      0.3000000    
           7        2016          11          10 chisplow            TILLAGE   3.8049736E-03  0.0000000E+00  4.9999999E-06  0.0000000E+00   2204.691       31.28816      0.2042249      0.3000000    
           8        2016          11          10 chisplow            TILLAGE   3.8049736E-03  0.0000000E+00  4.9999999E-06  0.0000000E+00   1679.879       16.41581       19.17290      0.3000000    
           9        2016          11          10 chisplow            TILLAGE   3.8049736E-03  0.0000000E+00  4.9999999E-06  0.0000000E+00   5378.958       26791.30      0.5269554      0.3000000    
          10        2016          11          10 chisplow            TILLAGE   3.8049736E-03  0.0000000E+00  4.9999999E-06  0.0000000E+00   4897.120       23020.34      0.4772851      0.3000000    
          11        2016          11          10 chisplow            TILLAGE   3.8049736E-03  0.0000000E+00  4.9999999E-06  0.0000000E+00   6215.301       33010.42      0.6204295      0.3000000    
          12        2016          11          10 chisplow            TILLAGE   3.8049736E-03  0.0000000E+00  4.9999999E-06  0.0000000E+00   5122.693       24494.39      0.5004164      0.3000000    
           1        2016          12           2 null                                        FERT   3.0160630E-02  0.0000000E+00   31.53535      0.0000000E+00   2205.827       32.59131      0.2560482       142.7000      0.0000000E+00  0.0000000E+00  0.0000000E+00  0.0000000E+00  0.0000000E+00
           2        2016          12           2 null                                        FERT   3.0160630E-02  0.0000000E+00   31.71296      0.0000000E+00   2454.700       23.42077       11.29497       142.7000      0.0000000E+00  0.0000000E+00  0.0000000E+00  0.0000000E+00  0.0000000E+00
           3        2016          12           2 null                                        FERT   3.0160630E-02  0.0000000E+00   33.09100      0.0000000E+00   4484.636       19770.27      0.5474643       142.7000      0.0000000E+00  0.0000000E+00  0.0000000E+00  0.0000000E+00  0.0000000E+00
           4        2016          12           2 null                                        FERT   3.0160630E-02  0.0000000E+00   33.12685      0.0000000E+00   4539.796       21088.00      0.5533150       142.7000      0.0000000E+00  0.0000000E+00  0.0000000E+00  0.0000000E+00  0.0000000E+00
           5        2016          12           2 null                                        FERT   3.0160630E-02  0.0000000E+00   33.52892      0.0000000E+00   5175.859       25524.68      0.6360912       142.7000      0.0000000E+00  0.0000000E+00  0.0000000E+00  0.0000000E+00  0.0000000E+00
           6        2016          12           2 null                                        FERT   3.0160630E-02  0.0000000E+00   33.56038      0.0000000E+00   5226.179       26136.95      0.6414707       142.7000      0.0000000E+00  0.0000000E+00  0.0000000E+00  0.0000000E+00  0.0000000E+00
           7        2016          12           2 null                                        FERT   3.0160630E-02  0.0000000E+00   31.53465      0.0000000E+00   2204.691       32.56238      0.2557048       142.7000      0.0000000E+00  0.0000000E+00  0.0000000E+00  0.0000000E+00  0.0000000E+00
           8        2016          12           2 null                                        FERT   3.0160630E-02  0.0000000E+00   31.15038      0.0000000E+00   1679.879       17.08688       19.26235       142.7000      0.0000000E+00  0.0000000E+00  0.0000000E+00  0.0000000E+00  0.0000000E+00
           9        2016          12           2 null                                        FERT   3.0160630E-02  0.0000000E+00   33.65452      0.0000000E+00   5378.958       26809.01      0.6619400       142.7000      0.0000000E+00  0.0000000E+00  0.0000000E+00  0.0000000E+00  0.0000000E+00
          10        2016          12           2 null                                        FERT   3.0160630E-02  0.0000000E+00   33.35436      0.0000000E+00   4897.120       23037.50      0.5983613       142.7000      0.0000000E+00  0.0000000E+00  0.0000000E+00  0.0000000E+00  0.0000000E+00
          11        2016          12           2 null                                        FERT   3.0160630E-02  0.0000000E+00   34.15714      0.0000000E+00   6215.301       33030.97      0.7740268       142.7000      0.0000000E+00  0.0000000E+00  0.0000000E+00  0.0000000E+00  0.0000000E+00
          12        2016          12           2 null                                        FERT   3.0160630E-02  0.0000000E+00   33.49525      0.0000000E+00   5122.693       24511.80      0.6276680       142.7000      0.0000000E+00  0.0000000E+00  0.0000000E+00  0.0000000E+00  0.0000000E+00
           1        2017           3          31 fldcult             TILLAGE   4.7221620E-02  0.0000000E+00   50.16174      0.0000000E+00   1235.263       35.94157      0.4281381      0.3000000    
           2        2017           3          31 fldcult             TILLAGE   4.7221620E-02  0.0000000E+00   50.21707      0.0000000E+00   1374.632       25.80620       11.84287      0.3000000    
           3        2017           3          31 fldcult             TILLAGE   4.7221620E-02  0.0000000E+00   56.22166      0.0000000E+00   2511.396       19889.71      0.9243962      0.3000000    
           4        2017           3          31 fldcult             TILLAGE   4.7221620E-02  0.0000000E+00   55.01384      0.0000000E+00   2542.286       21210.43      0.9336340      0.3000000    
           5        2017           3          31 fldcult             TILLAGE   4.7221620E-02  0.0000000E+00   59.14993      0.0000000E+00   2898.481       25652.61       1.084204      0.3000000    
           6        2017           3          31 fldcult             TILLAGE   4.7221620E-02  0.0000000E+00   58.66288      0.0000000E+00   2926.660       26265.26       1.092252      0.3000000    
           7        2017           3          31 fldcult             TILLAGE   4.7221620E-02  0.0000000E+00   50.11618      0.0000000E+00   1234.627       35.93206      0.4281455      0.3000000    
           8        2017           3          31 fldcult             TILLAGE   4.7221620E-02  0.0000000E+00   49.52744      0.0000000E+00   940.7321       19.00223       19.63638      0.3000000    
           9        2017           3          31 fldcult             TILLAGE   4.7221620E-02  0.0000000E+00   60.53510      0.0000000E+00   3012.217       26935.86       1.129107      0.3000000    
          10        2017           3          31 fldcult             TILLAGE   4.7221620E-02  0.0000000E+00   57.09697      0.0000000E+00   2742.387       23159.63       1.009449      0.3000000    
          11        2017           3          31 fldcult             TILLAGE   4.7221620E-02  0.0000000E+00   64.16306      0.0000000E+00   3480.569       33182.55       1.285751      0.3000000    
          12        2017           3          31 fldcult             TILLAGE   4.7221620E-02  0.0000000E+00   59.84927      0.0000000E+00   2868.708       24634.29       1.062454      0.3000000    
           1        2017           4          16 null                                        FERT   8.9622550E-02  0.0000000E+00   33.43228      0.0000000E+00   1235.263       33.08794      0.4660512       38.30000      0.0000000E+00  0.0000000E+00  0.0000000E+00  0.0000000E+00  0.0000000E+00
           2        2017           4          16 null                                        FERT   8.9622550E-02  0.0000000E+00   33.65926      0.0000000E+00   1374.632       23.66548       11.92032       38.30000      0.0000000E+00  0.0000000E+00  0.0000000E+00  0.0000000E+00  0.0000000E+00
           3        2017           4          16 null                                        FERT   8.9622550E-02  0.0000000E+00   40.31214      0.0000000E+00   2511.396       19914.96      0.9940298       38.30000      0.0000000E+00  0.0000000E+00  0.0000000E+00  0.0000000E+00  0.0000000E+00
           4        2017           4          16 null                                        FERT   8.9622550E-02  0.0000000E+00   39.30864      0.0000000E+00   2542.286       21236.31       1.004041       38.30000      0.0000000E+00  0.0000000E+00  0.0000000E+00  0.0000000E+00  0.0000000E+00
           5        2017           4          16 null                                        FERT   8.9622550E-02  0.0000000E+00   43.44153      0.0000000E+00   2898.481       25681.45       1.164611       38.30000      0.0000000E+00  0.0000000E+00  0.0000000E+00  0.0000000E+00  0.0000000E+00
           6        2017           4          16 null                                        FERT   8.9622550E-02  0.0000000E+00   43.05648      0.0000000E+00   2926.660       26294.35       1.173558       38.30000      0.0000000E+00  0.0000000E+00  0.0000000E+00  0.0000000E+00  0.0000000E+00
           7        2017           4          16 null                                        FERT   8.9622550E-02  0.0000000E+00   33.39185      0.0000000E+00   1234.627       33.04451      0.4661175       38.30000      0.0000000E+00  0.0000000E+00  0.0000000E+00  0.0000000E+00  0.0000000E+00
           8        2017           4          16 null                                        FERT   8.9622550E-02  0.0000000E+00   32.49818      0.0000000E+00   940.7321       17.48315       19.68615       38.30000      0.0000000E+00  0.0000000E+00  0.0000000E+00  0.0000000E+00  0.0000000E+00
           9        2017           4          16 null                                        FERT   8.9622550E-02  0.0000000E+00   44.82286      0.0000000E+00   3012.217       26965.45       1.213304       38.30000      0.0000000E+00  0.0000000E+00  0.0000000E+00  0.0000000E+00  0.0000000E+00
          10        2017           4          16 null                                        FERT   8.9622550E-02  0.0000000E+00   41.40565      0.0000000E+00   2742.387       23186.68       1.085493       38.30000      0.0000000E+00  0.0000000E+00  0.0000000E+00  0.0000000E+00  0.0000000E+00
          11        2017           4          16 null                                        FERT   8.9622550E-02  0.0000000E+00   48.67381      0.0000000E+00   3480.569       33215.50       1.387461       38.30000      0.0000000E+00  0.0000000E+00  0.0000000E+00  0.0000000E+00  0.0000000E+00
          12        2017           4          16 null                                        FERT   8.9622550E-02  0.0000000E+00   44.00909      0.0000000E+00   2868.708       24662.65       1.142344       38.30000      0.0000000E+00  0.0000000E+00  0.0000000E+00  0.0000000E+00  0.0000000E+00
           1        2017           5           5 corn                                        PLANT   0.1387184      0.0000000E+00   55.88988      0.0000000E+00   1235.263       33.38903      0.4986652      0.0000000E+00   6.000000    
           2        2017           5           5 corn                                        PLANT   0.1387184      0.0000000E+00   56.48199      0.0000000E+00   1374.632       23.87603       12.00330      0.0000000E+00   6.000000    
           3        2017           5           5 corn                                        PLANT   0.1387184      0.0000000E+00   63.61744      0.0000000E+00   2511.396       19939.63       1.060224      0.0000000E+00   6.000000    
           4        2017           5           5 corn                                        PLANT   0.1387184      0.0000000E+00   62.87003      0.0000000E+00   2542.286       21260.98       1.070560      0.0000000E+00   6.000000    
           5        2017           5           5 corn                                        PLANT   0.1387184      0.0000000E+00   66.78879      0.0000000E+00   2898.481       25722.58       1.241986      0.0000000E+00   6.000000    
           6        2017           5           5 corn                                        PLANT   0.1387184      0.0000000E+00   66.54742      0.0000000E+00   2926.660       26335.51       1.251653      0.0000000E+00   6.000000    
           7        2017           5           5 corn                                        PLANT   0.1387184      0.0000000E+00   55.84742      0.0000000E+00   1234.627       33.34677      0.4987364      0.0000000E+00   6.000000    
           8        2017           5           5 corn                                        PLANT   0.1387184      0.0000000E+00   54.78031      0.0000000E+00   940.7321       17.65623       19.74153      0.0000000E+00   6.000000    
           9        2017           5           5 corn                                        PLANT   0.1387184      0.0000000E+00   68.12279      0.0000000E+00   3012.217       27006.60       1.294593      0.0000000E+00   6.000000    
          10        2017           5           5 corn                                        PLANT   0.1387184      0.0000000E+00   65.00742      0.0000000E+00   2742.387       23218.72       1.158130      0.0000000E+00   6.000000    
          11        2017           5           5 corn                                        PLANT   0.1387184      0.0000000E+00   72.37451      0.0000000E+00   3480.569       33260.33       1.486525      0.0000000E+00   6.000000    
          12        2017           5           5 corn                                        PLANT   0.1387184      0.0000000E+00   67.34903      0.0000000E+00   2868.708       24703.71       1.219362      0.0000000E+00   6.000000    
           1        2017           6          11 null                                        FERT   0.2857216      0.2245535       36.16571       440.8570       1235.263       33.98089      0.0000000E+00   123.2000      0.0000000E+00  0.0000000E+00  0.0000000E+00  0.0000000E+00  0.0000000E+00
           2        2017           6          11 null                                        FERT   0.2857216      0.2245535       36.57159       329.3032       1374.632       24.28127       11.71945       123.2000      0.0000000E+00  0.0000000E+00  0.0000000E+00  0.0000000E+00  0.0000000E+00
           3        2017           6          11 null                                        FERT   0.2857216      0.2245535       42.15405       1539.161       2511.396       19976.35      0.0000000E+00   123.2000      0.0000000E+00  0.0000000E+00  0.0000000E+00  0.0000000E+00  0.0000000E+00
           4        2017           6          11 null                                        FERT   0.2857216      0.2245535       41.91035       1551.543       2542.286       21298.64      0.0000000E+00   123.2000      0.0000000E+00  0.0000000E+00  0.0000000E+00  0.0000000E+00  0.0000000E+00
           5        2017           6          11 null                                        FERT   0.2857216      0.2245535       44.39066       1695.836       2898.481       25774.40      0.0000000E+00   123.2000      0.0000000E+00  0.0000000E+00  0.0000000E+00  0.0000000E+00  0.0000000E+00
           6        2017           6          11 null                                        FERT   0.2857216      0.2245535       44.36259       1703.591       2926.660       26390.26      0.0000000E+00   123.2000      0.0000000E+00  0.0000000E+00  0.0000000E+00  0.0000000E+00  0.0000000E+00
           7        2017           6          11 null                                        FERT   0.2857216      0.2245535       36.14628       440.4031       1234.627       33.93113      0.0000000E+00   123.2000      0.0000000E+00  0.0000000E+00  0.0000000E+00  0.0000000E+00  0.0000000E+00
           8        2017           6          11 null                                        FERT   0.2857216      0.2245535       35.33147       222.2077       940.7321       17.99243       19.52626       123.2000      0.0000000E+00  0.0000000E+00  0.0000000E+00  0.0000000E+00  0.0000000E+00
           9        2017           6          11 null                                        FERT   0.2857216      0.2245535       45.19857       1731.025       3012.217       27064.33      0.0000000E+00   123.2000      0.0000000E+00  0.0000000E+00  0.0000000E+00  0.0000000E+00  0.0000000E+00
          10        2017           6          11 null                                        FERT   0.2857216      0.2245535       43.28462       1631.330       2742.387       23267.63      0.0000000E+00   123.2000      0.0000000E+00  0.0000000E+00  0.0000000E+00  0.0000000E+00  0.0000000E+00
          11        2017           6          11 null                                        FERT   0.2857216      0.2245535       47.90900       1820.480       3480.569       33340.93      0.0000000E+00   123.2000      0.0000000E+00  0.0000000E+00  0.0000000E+00  0.0000000E+00  0.0000000E+00
          12        2017           6          11 null                                        FERT   0.2857216      0.2245535       44.54088       1680.756       2868.708       24754.58      0.0000000E+00   123.2000      0.0000000E+00  0.0000000E+00  0.0000000E+00  0.0000000E+00  0.0000000E+00
           1        2017          11           5 corn                                        HARV/KILL   0.9133577      0.0000000E+00   58.17071       3214.916       2663.731       38.28822      0.2025374       1086.292      0.0000000E+00  0.0000000E+00  0.0000000E+00  0.0000000E+00  0.0000000E+00
           2        2017          11           5 corn                                        HARV/KILL   0.9133577      0.0000000E+00   58.48505       2683.894       2567.158       26.77126       11.33309       906.8594      0.0000000E+00  0.0000000E+00  0.0000000E+00  0.0000000E+00  0.0000000E+00
           3        2017          11           5 corn                                        HARV/KILL   0.9133577      0.0000000E+00   58.19223       6527.883       5411.902       20123.78      0.4387394       2205.710      0.0000000E+00  0.0000000E+00  0.0000000E+00  0.0000000E+00  0.0000000E+00
           4        2017          11           5 corn                                        HARV/KILL   0.9133577      0.0000000E+00   58.22114       6587.213       5469.149       21449.39      0.4444584       2225.761      0.0000000E+00  0.0000000E+00  0.0000000E+00  0.0000000E+00  0.0000000E+00
           5        2017          11           5 corn                                        HARV/KILL   0.9133577      0.0000000E+00   58.21112       7502.708       6232.128       25945.85      0.5098732       2535.094      0.0000000E+00  0.0000000E+00  0.0000000E+00  0.0000000E+00  0.0000000E+00
           6        2017          11           5 corn                                        HARV/KILL   0.9133577      0.0000000E+00   58.24258       7556.958       6284.410       26564.76      0.5145194       2553.427      0.0000000E+00  0.0000000E+00  0.0000000E+00  0.0000000E+00  0.0000000E+00
           7        2017          11           5 corn                                        HARV/KILL   0.9133577      0.0000000E+00   58.15582       3211.705       2661.667       38.46702      0.2022629       1085.207      0.0000000E+00  0.0000000E+00  0.0000000E+00  0.0000000E+00  0.0000000E+00
           8        2017          11           5 corn                                        HARV/KILL   0.9133577      0.0000000E+00   58.45387       1813.366       1746.456       19.92944       19.28898       612.7204      0.0000000E+00  0.0000000E+00  0.0000000E+00  0.0000000E+00  0.0000000E+00
           9        2017          11           5 corn                                        HARV/KILL   0.9133577      0.0000000E+00   58.26297       7781.683       6469.823       27242.42      0.5302474       2629.354      0.0000000E+00  0.0000000E+00  0.0000000E+00  0.0000000E+00  0.0000000E+00
          10        2017          11           5 corn                                        HARV/KILL   0.9133577      0.0000000E+00   58.37669       7074.529       5885.780       23425.96      0.4792906       2390.419      0.0000000E+00  0.0000000E+00  0.0000000E+00  0.0000000E+00  0.0000000E+00
          11        2017          11           5 corn                                        HARV/KILL   0.9133577      0.0000000E+00   58.48411       8842.218       7409.434       33558.61      0.6160060       2987.664      0.0000000E+00  0.0000000E+00  0.0000000E+00  0.0000000E+00  0.0000000E+00
          12        2017          11           5 corn                                        HARV/KILL   0.9133577      0.0000000E+00   58.41413       7405.271       6159.068       24919.69      0.5023398       2502.165      0.0000000E+00  0.0000000E+00  0.0000000E+00  0.0000000E+00  0.0000000E+00
           1        2017          11          10 chisplow            TILLAGE   7.8759575E-03  0.0000000E+00   53.40739      0.0000000E+00   1864.612       38.45770      0.2143091      0.3000000    
           2        2017          11          10 chisplow            TILLAGE   7.8759575E-03  0.0000000E+00   53.68174      0.0000000E+00   1797.011       26.90637       11.35591      0.3000000    
           3        2017          11          10 chisplow            TILLAGE   7.8759575E-03  0.0000000E+00   53.89693      0.0000000E+00   3788.332       20129.69      0.4642919      0.3000000    
           4        2017          11          10 chisplow            TILLAGE   7.8759575E-03  0.0000000E+00   53.93357      0.0000000E+00   3828.405       21455.31      0.4707528      0.3000000    
           5        2017          11          10 chisplow            TILLAGE   7.8759575E-03  0.0000000E+00   54.04902      0.0000000E+00   4362.489       25956.91      0.5397139      0.3000000    
           6        2017          11          10 chisplow            TILLAGE   7.8759575E-03  0.0000000E+00   54.08698      0.0000000E+00   4399.087       26575.82      0.5447214      0.3000000    
           7        2017          11          10 chisplow            TILLAGE   7.8759575E-03  0.0000000E+00   53.39319      0.0000000E+00   1863.167       38.64455      0.2140976      0.3000000    
           8        2017          11          10 chisplow            TILLAGE   7.8759575E-03  0.0000000E+00   53.50192      0.0000000E+00   1222.519       20.02945       19.30524      0.3000000    
           9        2017          11          10 chisplow            TILLAGE   7.8759575E-03  0.0000000E+00   54.13575      0.0000000E+00   4528.876       27253.51      0.5610742      0.3000000    
          10        2017          11          10 chisplow            TILLAGE   7.8759575E-03  0.0000000E+00   54.14826      0.0000000E+00   4120.046       23436.99      0.5071840      0.3000000    
          11        2017          11          10 chisplow            TILLAGE   7.8759575E-03  0.0000000E+00   54.49042      0.0000000E+00   5186.604       33570.04      0.6502076      0.3000000    
          12        2017          11          10 chisplow            TILLAGE   7.8759575E-03  0.0000000E+00   54.22791      0.0000000E+00   4311.348       24930.75      0.5312370      0.3000000    
           1        2017          12           2 null                                        FERT   3.8962066E-02  0.0000000E+00   41.60640      0.0000000E+00   1864.612       39.13508      0.2703317       142.7000      0.0000000E+00  0.0000000E+00  0.0000000E+00  0.0000000E+00  0.0000000E+00
           2        2017          12           2 null                                        FERT   3.8962066E-02  0.0000000E+00   41.78642      0.0000000E+00   1797.011       27.40987       11.45636       142.7000      0.0000000E+00  0.0000000E+00  0.0000000E+00  0.0000000E+00  0.0000000E+00
           3        2017          12           2 null                                        FERT   3.8962066E-02  0.0000000E+00   42.96857      0.0000000E+00   3788.332       20155.05      0.5854368       142.7000      0.0000000E+00  0.0000000E+00  0.0000000E+00  0.0000000E+00  0.0000000E+00
           4        2017          12           2 null                                        FERT   3.8962066E-02  0.0000000E+00   43.01720      0.0000000E+00   3828.405       21480.67      0.5943509       142.7000      0.0000000E+00  0.0000000E+00  0.0000000E+00  0.0000000E+00  0.0000000E+00
           5        2017          12           2 null                                        FERT   3.8962066E-02  0.0000000E+00   43.36384      0.0000000E+00   4362.489       26002.83      0.6809416       142.7000      0.0000000E+00  0.0000000E+00  0.0000000E+00  0.0000000E+00  0.0000000E+00
           6        2017          12           2 null                                        FERT   3.8962066E-02  0.0000000E+00   43.41164      0.0000000E+00   4399.087       26621.73      0.6873432       142.7000      0.0000000E+00  0.0000000E+00  0.0000000E+00  0.0000000E+00  0.0000000E+00
           7        2017          12           2 null                                        FERT   3.8962066E-02  0.0000000E+00   41.59447      0.0000000E+00   1863.167       39.33213      0.2702276       142.7000      0.0000000E+00  0.0000000E+00  0.0000000E+00  0.0000000E+00  0.0000000E+00
           8        2017          12           2 null                                        FERT   3.8962066E-02  0.0000000E+00   41.33717      0.0000000E+00   1222.519       20.40378       19.37457       142.7000      0.0000000E+00  0.0000000E+00  0.0000000E+00  0.0000000E+00  0.0000000E+00
           9        2017          12           2 null                                        FERT   3.8962066E-02  0.0000000E+00   43.51186      0.0000000E+00   4528.876       27301.54      0.7073712       142.7000      0.0000000E+00  0.0000000E+00  0.0000000E+00  0.0000000E+00  0.0000000E+00
          10        2017          12           2 null                                        FERT   3.8962066E-02  0.0000000E+00   43.32895      0.0000000E+00   4120.046       23466.75      0.6389667       142.7000      0.0000000E+00  0.0000000E+00  0.0000000E+00  0.0000000E+00  0.0000000E+00
          11        2017          12           2 null                                        FERT   3.8962066E-02  0.0000000E+00   44.10339      0.0000000E+00   5186.604       33619.09      0.8126205       142.7000      0.0000000E+00  0.0000000E+00  0.0000000E+00  0.0000000E+00  0.0000000E+00
          12        2017          12           2 null                                        FERT   3.8962066E-02  0.0000000E+00   43.48378      0.0000000E+00   4311.348       24966.65      0.6685417       142.7000      0.0000000E+00  0.0000000E+00  0.0000000E+00  0.0000000E+00  0.0000000E+00
           1        2018           4           1 chisplow            TILLAGE   6.8193406E-02  0.0000000E+00   39.65940      0.0000000E+00   1044.182       41.44911      0.4469340      0.3000000    
           2        2018           4           1 chisplow            TILLAGE   6.8193406E-02  0.0000000E+00   39.65565      0.0000000E+00   1006.326       29.13927       11.86814      0.3000000    
           3        2018           4           1 chisplow            TILLAGE   6.8193406E-02  0.0000000E+00   46.34233      0.0000000E+00   2121.466       20289.97      0.9586489      0.3000000    
           4        2018           4           1 chisplow            TILLAGE   6.8193406E-02  0.0000000E+00   46.01596      0.0000000E+00   2143.906       21615.83      0.9732896      0.3000000    
           5        2018           4           1 chisplow            TILLAGE   6.8193406E-02  0.0000000E+00   48.11488      0.0000000E+00   2442.994       26143.07       1.119380      0.3000000    
           6        2018           4           1 chisplow            TILLAGE   6.8193406E-02  0.0000000E+00   48.31537      0.0000000E+00   2463.489       26761.96       1.129490      0.3000000    
           7        2018           4           1 chisplow            TILLAGE   6.8193406E-02  0.0000000E+00   39.62261      0.0000000E+00   1043.374       41.63061      0.4473636      0.3000000    
           8        2018           4           1 chisplow            TILLAGE   6.8193406E-02  0.0000000E+00   37.99404      0.0000000E+00   684.6106       21.79553       19.65822      0.3000000    
           9        2018           4           1 chisplow            TILLAGE   6.8193406E-02  0.0000000E+00   48.70911      0.0000000E+00   2536.171       27444.05       1.162375      0.3000000    
          10        2018           4           1 chisplow            TILLAGE   6.8193406E-02  0.0000000E+00   47.30765      0.0000000E+00   2307.226       23603.41       1.044836      0.3000000    
          11        2018           4           1 chisplow            TILLAGE   6.8193406E-02  0.0000000E+00   50.79778      0.0000000E+00   2904.498       33784.15       1.304456      0.3000000    
          12        2018           4           1 chisplow            TILLAGE   6.8193406E-02  0.0000000E+00   48.08245      0.0000000E+00   2414.355       25103.59       1.092128      0.3000000    
           1        2018           4          28 corn                                        PLANT   0.1337860      0.0000000E+00   17.15790      0.0000000E+00   1044.182       41.92860      0.4881414      0.0000000E+00   6.000000    
           2        2018           4          28 corn                                        PLANT   0.1337860      0.0000000E+00   17.13543      0.0000000E+00   1006.326       29.46530       11.96029      0.0000000E+00   6.000000    
           3        2018           4          28 corn                                        PLANT   0.1337860      0.0000000E+00   22.71279      0.0000000E+00   2121.466       20320.21       1.049181      0.0000000E+00   6.000000    
           4        2018           4          28 corn                                        PLANT   0.1337860      0.0000000E+00   22.48216      0.0000000E+00   2143.906       21646.12       1.062240      0.0000000E+00   6.000000    
           5        2018           4          28 corn                                        PLANT   0.1337860      0.0000000E+00   24.19904      0.0000000E+00   2442.994       26193.81       1.225223      0.0000000E+00   6.000000    
           6        2018           4          28 corn                                        PLANT   0.1337860      0.0000000E+00   24.35868      0.0000000E+00   2463.489       26817.67       1.235952      0.0000000E+00   6.000000    
           7        2018           4          28 corn                                        PLANT   0.1337860      0.0000000E+00   17.12988      0.0000000E+00   1043.374       42.10906      0.4882974      0.0000000E+00   6.000000    
           8        2018           4          28 corn                                        PLANT   0.1337860      0.0000000E+00   15.79091      0.0000000E+00   684.6106       22.07818       19.71970      0.0000000E+00   6.000000    
           9        2018           4          28 corn                                        PLANT   0.1337860      0.0000000E+00   24.68972      0.0000000E+00   2536.171       27499.78       1.274335      0.0000000E+00   6.000000    
          10        2018           4          28 corn                                        PLANT   0.1337860      0.0000000E+00   23.52754      0.0000000E+00   2307.226       23637.00       1.144102      0.0000000E+00   6.000000    
          11        2018           4          28 corn                                        PLANT   0.1337860      0.0000000E+00   26.43790      0.0000000E+00   2904.498       33842.07       1.442789      0.0000000E+00   6.000000    
          12        2018           4          28 corn                                        PLANT   0.1337860      0.0000000E+00   24.15892      0.0000000E+00   2414.355       25141.20       1.198611      0.0000000E+00   6.000000    
           1        2018           6           1 null                                        FERT   0.2493107      0.1469746       23.52981       248.6720       1044.182       41.31908      0.1294065       181.4000      0.0000000E+00  0.0000000E+00  0.0000000E+00  0.0000000E+00  0.0000000E+00
           2        2018           6           1 null                                        FERT   0.2493107      0.1469746       23.44635       171.3483       1006.326       29.77269       11.77614       181.4000      0.0000000E+00  0.0000000E+00  0.0000000E+00  0.0000000E+00  0.0000000E+00
           3        2018           6           1 null                                        FERT   0.2493107      0.1469746       28.64579       674.2683       2121.466       20356.46      0.2285333       181.4000      0.0000000E+00  0.0000000E+00  0.0000000E+00  0.0000000E+00  0.0000000E+00
           4        2018           6           1 null                                        FERT   0.2493107      0.1469746       28.53932       672.4315       2143.906       21685.35      0.2312120       181.4000      0.0000000E+00  0.0000000E+00  0.0000000E+00  0.0000000E+00  0.0000000E+00
           5        2018           6           1 null                                        FERT   0.2493107      0.1469746       30.06988       678.6497       2442.994       26242.84      0.2640142       181.4000      0.0000000E+00  0.0000000E+00  0.0000000E+00  0.0000000E+00  0.0000000E+00
           6        2018           6           1 null                                        FERT   0.2493107      0.1469746       30.20141       677.9874       2463.489       26866.70      0.2638183       181.4000      0.0000000E+00  0.0000000E+00  0.0000000E+00  0.0000000E+00  0.0000000E+00
           7        2018           6           1 null                                        FERT   0.2493107      0.1469746       23.51088       247.4833       1043.374       41.49158      0.1307211       181.4000      0.0000000E+00  0.0000000E+00  0.0000000E+00  0.0000000E+00  0.0000000E+00
           8        2018           6           1 null                                        FERT   0.2493107      0.1469746       22.27558       117.1531       684.6106       22.33544       19.60476       181.4000      0.0000000E+00  0.0000000E+00  0.0000000E+00  0.0000000E+00  0.0000000E+00
           9        2018           6           1 null                                        FERT   0.2493107      0.1469746       30.53217       680.2036       2536.171       27552.94      0.2913167       181.4000      0.0000000E+00  0.0000000E+00  0.0000000E+00  0.0000000E+00  0.0000000E+00
          10        2018           6           1 null                                        FERT   0.2493107      0.1469746       29.43948       675.3920       2307.226       23680.79      0.2545248       181.4000      0.0000000E+00  0.0000000E+00  0.0000000E+00  0.0000000E+00  0.0000000E+00
          11        2018           6           1 null                                        FERT   0.2493107      0.1469746       32.20338       682.4867       2904.498       33913.66      0.5088961       181.4000      0.0000000E+00  0.0000000E+00  0.0000000E+00  0.0000000E+00  0.0000000E+00
          12        2018           6           1 null                                        FERT   0.2493107      0.1469746       29.99790       678.5742       2414.355       25188.16      0.2593577       181.4000      0.0000000E+00  0.0000000E+00  0.0000000E+00  0.0000000E+00  0.0000000E+00
           1        2018          10           7 corn                                        HARV/KILL   0.8428085      0.0000000E+00   49.10085       3939.038       2639.141       8.934015      0.1030515       1478.458      0.0000000E+00  0.0000000E+00  0.0000000E+00  0.0000000E+00  0.0000000E+00
           2        2018          10           7 corn                                        HARV/KILL   0.8428085      0.0000000E+00   49.09701       12401.00       6023.325       2.058085       6.048512       4658.614      0.0000000E+00  0.0000000E+00  0.0000000E+00  0.0000000E+00  0.0000000E+00
           3        2018          10           7 corn                                        HARV/KILL   0.8428085      0.0000000E+00   49.10014       8372.555       5510.137       20529.08      0.2260273       3143.904      0.0000000E+00  0.0000000E+00  0.0000000E+00  0.0000000E+00  0.0000000E+00
           4        2018          10           7 corn                                        HARV/KILL   0.8428085      0.0000000E+00   49.10089       8474.720       5573.764       21862.45      0.2269367       3182.423      0.0000000E+00  0.0000000E+00  0.0000000E+00  0.0000000E+00  0.0000000E+00
           5        2018          10           7 corn                                        HARV/KILL   0.8428085      0.0000000E+00   49.10004       9661.062       6352.609       26453.87      0.2621106       3628.273      0.0000000E+00  0.0000000E+00  0.0000000E+00  0.0000000E+00  0.0000000E+00
           6        2018          10           7 corn                                        HARV/KILL   0.8428085      0.0000000E+00   49.10038       9778.264       6420.239       27086.96      0.2639249       3672.568      0.0000000E+00  0.0000000E+00  0.0000000E+00  0.0000000E+00  0.0000000E+00
           7        2018          10           7 corn                                        HARV/KILL   0.8428085      0.0000000E+00   49.10111       3935.505       2636.954       8.926855      0.1026136       1477.083      0.0000000E+00  0.0000000E+00  0.0000000E+00  0.0000000E+00  0.0000000E+00
           8        2018          10           7 corn                                        HARV/KILL   0.8428085      0.0000000E+00   49.10054       9084.953       4361.084       1.480769       15.38693       3411.915      0.0000000E+00  0.0000000E+00  0.0000000E+00  0.0000000E+00  0.0000000E+00
           9        2018          10           7 corn                                        HARV/KILL   0.8428085      0.0000000E+00   49.09951       10046.94       6601.342       27776.31      0.2732144       3773.765      0.0000000E+00  0.0000000E+00  0.0000000E+00  0.0000000E+00  0.0000000E+00
          10        2018          10           7 corn                                        HARV/KILL   0.8428085      0.0000000E+00   49.10051       9138.771       6004.283       23875.89      0.2464064       3433.261      0.0000000E+00  0.0000000E+00  0.0000000E+00  0.0000000E+00  0.0000000E+00
          11        2018          10           7 corn                                        HARV/KILL   0.8428085      0.0000000E+00   49.09486       11576.49       7584.922       34199.26      0.3192311       4351.728      0.0000000E+00  0.0000000E+00  0.0000000E+00  0.0000000E+00  0.0000000E+00
          12        2018          10           7 corn                                        HARV/KILL   0.8428085      0.0000000E+00   49.09895       9543.030       6274.377       25396.41      0.2592572       3585.682      0.0000000E+00  0.0000000E+00  0.0000000E+00  0.0000000E+00  0.0000000E+00
           1        2018          10           9 null                                        FERT   3.5593561E-03  0.0000000E+00   68.57901      0.0000000E+00   2639.141       8.846045      0.1104160       142.7000      0.0000000E+00  0.0000000E+00  0.0000000E+00  0.0000000E+00  0.0000000E+00
           2        2018          10           9 null                                        FERT   3.5593561E-03  0.0000000E+00   69.21338      0.0000000E+00   6023.325       1.994728       6.080948       142.7000      0.0000000E+00  0.0000000E+00  0.0000000E+00  0.0000000E+00  0.0000000E+00
           3        2018          10           9 null                                        FERT   3.5593561E-03  0.0000000E+00   69.12904      0.0000000E+00   5510.137       20532.36      0.2423316       142.7000      0.0000000E+00  0.0000000E+00  0.0000000E+00  0.0000000E+00  0.0000000E+00
           4        2018          10           9 null                                        FERT   3.5593561E-03  0.0000000E+00   69.14151      0.0000000E+00   5573.764       21865.68      0.2434953       142.7000      0.0000000E+00  0.0000000E+00  0.0000000E+00  0.0000000E+00  0.0000000E+00
           5        2018          10           9 null                                        FERT   3.5593561E-03  0.0000000E+00   69.27621      0.0000000E+00   6352.609       26457.02      0.2810817       142.7000      0.0000000E+00  0.0000000E+00  0.0000000E+00  0.0000000E+00  0.0000000E+00
           6        2018          10           9 null                                        FERT   3.5593561E-03  0.0000000E+00   69.28822      0.0000000E+00   6420.239       27090.10      0.2830900       142.7000      0.0000000E+00  0.0000000E+00  0.0000000E+00  0.0000000E+00  0.0000000E+00
           7        2018          10           9 null                                        FERT   3.5593561E-03  0.0000000E+00   68.57896      0.0000000E+00   2636.954       8.837719      0.1099757       142.7000      0.0000000E+00  0.0000000E+00  0.0000000E+00  0.0000000E+00  0.0000000E+00
           8        2018          10           9 null                                        FERT   3.5593561E-03  0.0000000E+00   68.91814      0.0000000E+00   4361.084       1.437835       15.41013       142.7000      0.0000000E+00  0.0000000E+00  0.0000000E+00  0.0000000E+00  0.0000000E+00
           9        2018          10           9 null                                        FERT   3.5593561E-03  0.0000000E+00   69.31770      0.0000000E+00   6601.342       27780.43      0.2929425       142.7000      0.0000000E+00  0.0000000E+00  0.0000000E+00  0.0000000E+00  0.0000000E+00
          10        2018          10           9 null                                        FERT   3.5593561E-03  0.0000000E+00   69.21670      0.0000000E+00   6004.283       23879.11      0.2641938       142.7000      0.0000000E+00  0.0000000E+00  0.0000000E+00  0.0000000E+00  0.0000000E+00
          11        2018          10           9 null                                        FERT   3.5593561E-03  0.0000000E+00   69.47339      0.0000000E+00   7584.922       34204.30      0.3417971       142.7000      0.0000000E+00  0.0000000E+00  0.0000000E+00  0.0000000E+00  0.0000000E+00
          12        2018          10           9 null                                        FERT   3.5593561E-03  0.0000000E+00   69.26120      0.0000000E+00   6274.377       25399.60      0.2778727       142.7000      0.0000000E+00  0.0000000E+00  0.0000000E+00  0.0000000E+00  0.0000000E+00
           1        2018          10          11 chisplow            TILLAGE   7.5812768E-03  0.0000000E+00   109.3440      0.0000000E+00   1847.399       8.825368      0.1184938      0.3000000    
           2        2018          10          11 chisplow            TILLAGE   7.5812768E-03  0.0000000E+00   111.1107      0.0000000E+00   4216.328       1.981132       6.113733      0.3000000    
           3        2018          10          11 chisplow            TILLAGE   7.5812768E-03  0.0000000E+00   110.6589      0.0000000E+00   3857.096       20536.11      0.2602489      0.3000000    
           4        2018          10          11 chisplow            TILLAGE   7.5812768E-03  0.0000000E+00   110.7094      0.0000000E+00   3901.635       21869.42      0.2617759      0.3000000    
           5        2018          10          11 chisplow            TILLAGE   7.5812768E-03  0.0000000E+00   111.0212      0.0000000E+00   4446.826       26460.74      0.3019578      0.3000000    
           6        2018          10          11 chisplow            TILLAGE   7.5812768E-03  0.0000000E+00   111.0743      0.0000000E+00   4494.167       27093.80      0.3042077      0.3000000    
           7        2018          10          11 chisplow            TILLAGE   7.5812768E-03  0.0000000E+00   109.3309      0.0000000E+00   1845.868       8.816163      0.1180599      0.3000000    
           8        2018          10          11 chisplow            TILLAGE   7.5812768E-03  0.0000000E+00   110.3708      0.0000000E+00   3052.759       1.428935       15.43338      0.3000000    
           9        2018          10          11 chisplow            TILLAGE   7.5812768E-03  0.0000000E+00   111.1634      0.0000000E+00   4620.939       27785.13      0.3146350      0.3000000    
          10        2018          10          11 chisplow            TILLAGE   7.5812768E-03  0.0000000E+00   111.0132      0.0000000E+00   4202.998       23882.85      0.2837641      0.3000000    
          11        2018          10          11 chisplow            TILLAGE   7.5812768E-03  0.0000000E+00   111.7257      0.0000000E+00   5309.445       34210.03      0.3665700      0.3000000    
          12        2018          10          11 chisplow            TILLAGE   7.5812768E-03  0.0000000E+00   111.1529      0.0000000E+00   4392.064       25403.33      0.2983215      0.3000000    
           1        2019           5           1 fldcult             TILLAGE   0.1395901      0.0000000E+00   22.88353      0.0000000E+00   1034.543       13.74825      0.4689495      0.3000000    
           2        2019           5           1 fldcult             TILLAGE   0.1395901      0.0000000E+00   32.13042      0.0000000E+00   2361.144       5.116340       8.351175      0.3000000    
           3        2019           5           1 fldcult             TILLAGE   0.1395901      0.0000000E+00   30.84968      0.0000000E+00   2159.974       20780.97       1.019420      0.3000000    
           4        2019           5           1 fldcult             TILLAGE   0.1395901      0.0000000E+00   30.88412      0.0000000E+00   2184.915       22115.49       1.036062      0.3000000    
           5        2019           5           1 fldcult             TILLAGE   0.1395901      0.0000000E+00   33.23439      0.0000000E+00   2490.223       26765.38       1.190184      0.3000000    
           6        2019           5           1 fldcult             TILLAGE   0.1395901      0.0000000E+00   33.27025      0.0000000E+00   2516.734       27404.37       1.201137      0.3000000    
           7        2019           5           1 fldcult             TILLAGE   0.1395901      0.0000000E+00   22.77385      0.0000000E+00   1033.686       13.70733      0.4693505      0.3000000    
           8        2019           5           1 fldcult             TILLAGE   0.1395901      0.0000000E+00   27.61613      0.0000000E+00   1709.545       3.812778       17.07306      0.3000000    
           9        2019           5           1 fldcult             TILLAGE   0.1395901      0.0000000E+00   34.01464      0.0000000E+00   2587.726       28100.16       1.235485      0.3000000    
          10        2019           5           1 fldcult             TILLAGE   0.1395901      0.0000000E+00   32.15733      0.0000000E+00   2353.679       24136.44       1.110910      0.3000000    
          11        2019           5           1 fldcult             TILLAGE   0.1395901      0.0000000E+00   37.56247      0.0000000E+00   2973.289       34530.90       1.390061      0.3000000    
          12        2019           5           1 fldcult             TILLAGE   0.1395901      0.0000000E+00   33.39541      0.0000000E+00   2459.556       25687.36       1.160590      0.3000000    
           1        2019           5           3 corn                                        PLANT   0.1459951      0.0000000E+00   21.20407      0.0000000E+00   1034.543       13.69407      0.4723575      0.0000000E+00   6.000000    
           1        2019           5           3 null                                        FERT   0.1459951      0.0000000E+00   21.20407      0.0000000E+00   1034.543       13.69407      0.4723575       26.00000      0.0000000E+00  0.0000000E+00  0.0000000E+00  0.0000000E+00  0.0000000E+00
           2        2019           5           3 corn                                        PLANT   0.1459951      0.0000000E+00   30.25665      0.0000000E+00   2361.144       5.077451       8.368000      0.0000000E+00   6.000000    
           2        2019           5           3 null                                        FERT   0.1459951      0.0000000E+00   30.25665      0.0000000E+00   2361.144       5.077451       8.368000       26.00000      0.0000000E+00  0.0000000E+00  0.0000000E+00  0.0000000E+00  0.0000000E+00
           3        2019           5           3 corn                                        PLANT   0.1459951      0.0000000E+00   29.00525      0.0000000E+00   2159.974       20783.05       1.027634      0.0000000E+00   6.000000    
           3        2019           5           3 null                                        FERT   0.1459951      0.0000000E+00   29.00525      0.0000000E+00   2159.974       20783.05       1.027634       26.00000      0.0000000E+00  0.0000000E+00  0.0000000E+00  0.0000000E+00  0.0000000E+00
           4        2019           5           3 corn                                        PLANT   0.1459951      0.0000000E+00   29.03821      0.0000000E+00   2184.915       22117.59       1.044010      0.0000000E+00   6.000000    
           4        2019           5           3 null                                        FERT   0.1459951      0.0000000E+00   29.03821      0.0000000E+00   2184.915       22117.59       1.044010       26.00000      0.0000000E+00  0.0000000E+00  0.0000000E+00  0.0000000E+00  0.0000000E+00
           5        2019           5           3 corn                                        PLANT   0.1459951      0.0000000E+00   31.33689      0.0000000E+00   2490.223       26769.47       1.199865      0.0000000E+00   6.000000    
           5        2019           5           3 null                                        FERT   0.1459951      0.0000000E+00   31.33689      0.0000000E+00   2490.223       26769.47       1.199865       26.00000      0.0000000E+00  0.0000000E+00  0.0000000E+00  0.0000000E+00  0.0000000E+00
           6        2019           5           3 corn                                        PLANT   0.1459951      0.0000000E+00   31.37128      0.0000000E+00   2516.734       27408.46       1.210809      0.0000000E+00   6.000000    
           6        2019           5           3 null                                        FERT   0.1459951      0.0000000E+00   31.37128      0.0000000E+00   2516.734       27408.46       1.210809       26.00000      0.0000000E+00  0.0000000E+00  0.0000000E+00  0.0000000E+00  0.0000000E+00
           7        2019           5           3 corn                                        PLANT   0.1459951      0.0000000E+00   21.09617      0.0000000E+00   1033.686       13.65677      0.4726874      0.0000000E+00   6.000000    
           7        2019           5           3 null                                        FERT   0.1459951      0.0000000E+00   21.09617      0.0000000E+00   1033.686       13.65677      0.4726874       26.00000      0.0000000E+00  0.0000000E+00  0.0000000E+00  0.0000000E+00  0.0000000E+00
           8        2019           5           3 corn                                        PLANT   0.1459951      0.0000000E+00   25.84185      0.0000000E+00   1709.545       3.780527       17.08552      0.0000000E+00   6.000000    
           8        2019           5           3 null                                        FERT   0.1459951      0.0000000E+00   25.84185      0.0000000E+00   1709.545       3.780527       17.08552       26.00000      0.0000000E+00  0.0000000E+00  0.0000000E+00  0.0000000E+00  0.0000000E+00
           9        2019           5           3 corn                                        PLANT   0.1459951      0.0000000E+00   32.10016      0.0000000E+00   2587.726       28104.23       1.245780      0.0000000E+00   6.000000    
           9        2019           5           3 null                                        FERT   0.1459951      0.0000000E+00   32.10016      0.0000000E+00   2587.726       28104.23       1.245780       26.00000      0.0000000E+00  0.0000000E+00  0.0000000E+00  0.0000000E+00  0.0000000E+00
          10        2019           5           3 corn                                        PLANT   0.1459951      0.0000000E+00   30.28334      0.0000000E+00   2353.679       24138.53       1.119894      0.0000000E+00   6.000000    
          10        2019           5           3 null                                        FERT   0.1459951      0.0000000E+00   30.28334      0.0000000E+00   2353.679       24138.53       1.119894       26.00000      0.0000000E+00  0.0000000E+00  0.0000000E+00  0.0000000E+00  0.0000000E+00
          11        2019           5           3 corn                                        PLANT   0.1459951      0.0000000E+00   35.57227      0.0000000E+00   2973.289       34534.98       1.402884      0.0000000E+00   6.000000    
          11        2019           5           3 null                                        FERT   0.1459951      0.0000000E+00   35.57227      0.0000000E+00   2973.289       34534.98       1.402884       26.00000      0.0000000E+00  0.0000000E+00  0.0000000E+00  0.0000000E+00  0.0000000E+00
          12        2019           5           3 corn                                        PLANT   0.1459951      0.0000000E+00   31.49597      0.0000000E+00   2459.556       25691.43       1.170396      0.0000000E+00   6.000000    
          12        2019           5           3 null                                        FERT   0.1459951      0.0000000E+00   31.49597      0.0000000E+00   2459.556       25691.43       1.170396       26.00000      0.0000000E+00  0.0000000E+00  0.0000000E+00  0.0000000E+00  0.0000000E+00
           1        2019           6           6 null                                        FERT   0.2705463      0.1752151       82.66451       369.4391       1034.543       14.02572      0.1217550       182.6000      0.0000000E+00  0.0000000E+00  0.0000000E+00  0.0000000E+00  0.0000000E+00
           2        2019           6           6 null                                        FERT   0.2705463      0.1752151       93.03989       271.9991       2361.144       5.412630       8.260655       182.6000      0.0000000E+00  0.0000000E+00  0.0000000E+00  0.0000000E+00  0.0000000E+00
           3        2019           6           6 null                                        FERT   0.2705463      0.1752151       91.28661       1008.068       2159.974       20818.16      0.2272617       182.6000      0.0000000E+00  0.0000000E+00  0.0000000E+00  0.0000000E+00  0.0000000E+00
           4        2019           6           6 null                                        FERT   0.2705463      0.1752151       91.43851       1012.643       2184.915       22153.72      0.2299051       182.6000      0.0000000E+00  0.0000000E+00  0.0000000E+00  0.0000000E+00  0.0000000E+00
           5        2019           6           6 null                                        FERT   0.2705463      0.1752151       94.39820       1055.683       2490.223       26822.11      0.2621768       182.6000      0.0000000E+00  0.0000000E+00  0.0000000E+00  0.0000000E+00  0.0000000E+00
           6        2019           6           6 null                                        FERT   0.2705463      0.1752151       94.60905       1057.793       2516.734       27464.08      0.2619181       182.6000      0.0000000E+00  0.0000000E+00  0.0000000E+00  0.0000000E+00  0.0000000E+00
           7        2019           6           6 null                                        FERT   0.2705463      0.1752151       82.56967       367.7748       1033.686       13.98334      0.1228284       182.6000      0.0000000E+00  0.0000000E+00  0.0000000E+00  0.0000000E+00  0.0000000E+00
           8        2019           6           6 null                                        FERT   0.2705463      0.1752151       87.87995       188.3712       1709.545       3.995931       17.00339       182.6000      0.0000000E+00  0.0000000E+00  0.0000000E+00  0.0000000E+00  0.0000000E+00
           9        2019           6           6 null                                        FERT   0.2705463      0.1752151       95.49483       1065.009       2587.726       28162.95      0.2663668       182.6000      0.0000000E+00  0.0000000E+00  0.0000000E+00  0.0000000E+00  0.0000000E+00
          10        2019           6           6 null                                        FERT   0.2705463      0.1752151       93.37008       1035.877       2353.679       24180.08      0.2527353       182.6000      0.0000000E+00  0.0000000E+00  0.0000000E+00  0.0000000E+00  0.0000000E+00
          11        2019           6           6 null                                        FERT   0.2705463      0.1752151       101.6935       1080.649       2973.289       34605.57      0.3366620       182.6000      0.0000000E+00  0.0000000E+00  0.0000000E+00  0.0000000E+00  0.0000000E+00
          12        2019           6           6 null                                        FERT   0.2705463      0.1752151       94.79957       1050.862       2459.556       25742.07      0.2572278       182.6000      0.0000000E+00  0.0000000E+00  0.0000000E+00  0.0000000E+00  0.0000000E+00
           1        2019          11           9 corn                                        HARV/KILL   0.9191113      0.0000000E+00   108.9791       3796.793       2580.243       5.920031      0.2392252       1417.148      0.0000000E+00  0.0000000E+00  0.0000000E+00  0.0000000E+00  0.0000000E+00
           2        2019          11           9 corn                                        HARV/KILL   0.9191113      0.0000000E+00   109.9956       5627.785       4648.013       2.578958       6.872418       2104.590      0.0000000E+00  0.0000000E+00  0.0000000E+00  0.0000000E+00  0.0000000E+00
           3        2019          11           9 corn                                        HARV/KILL   0.9191113      0.0000000E+00   109.0504       7800.502       5331.969       21066.41      0.5260702       2914.986      0.0000000E+00  0.0000000E+00  0.0000000E+00  0.0000000E+00  0.0000000E+00
           4        2019          11           9 corn                                        HARV/KILL   0.9191113      0.0000000E+00   109.1373       7895.220       5395.237       22411.64      0.5333200       2950.562      0.0000000E+00  0.0000000E+00  0.0000000E+00  0.0000000E+00  0.0000000E+00
           5        2019          11           9 corn                                        HARV/KILL   0.9191113      0.0000000E+00   109.1096       8801.371       6067.810       27111.07      0.6109813       3290.334      0.0000000E+00  0.0000000E+00  0.0000000E+00  0.0000000E+00  0.0000000E+00
           6        2019          11           9 corn                                        HARV/KILL   0.9191113      0.0000000E+00   109.2059       8865.663       6120.198       27760.00      0.6168455       3314.613      0.0000000E+00  0.0000000E+00  0.0000000E+00  0.0000000E+00  0.0000000E+00
           7        2019          11           9 corn                                        HARV/KILL   0.9191113      0.0000000E+00   108.9312       3792.356       2577.633       5.941618      0.2388374       1415.441      0.0000000E+00  0.0000000E+00  0.0000000E+00  0.0000000E+00  0.0000000E+00
           8        2019          11           9 corn                                        HARV/KILL   0.9191113      0.0000000E+00   109.8618       3876.344       3285.851       1.984610       16.09708       1448.531      0.0000000E+00  0.0000000E+00  0.0000000E+00  0.0000000E+00  0.0000000E+00
           9        2019          11           9 corn                                        HARV/KILL   0.9191113      0.0000000E+00   109.2726       9060.293       6269.802       28464.20      0.6354262       3387.851      0.0000000E+00  0.0000000E+00  0.0000000E+00  0.0000000E+00  0.0000000E+00
          10        2019          11           9 corn                                        HARV/KILL   0.9191113      0.0000000E+00   109.6190       8392.037       5764.412       24449.71      0.5742722       3137.752      0.0000000E+00  0.0000000E+00  0.0000000E+00  0.0000000E+00  0.0000000E+00
          11        2019          11           9 corn                                        HARV/KILL   0.9191113      0.0000000E+00   109.9832       10181.16       7107.740       34999.27      0.7360539       3809.951      0.0000000E+00  0.0000000E+00  0.0000000E+00  0.0000000E+00  0.0000000E+00
          12        2019          11           9 corn                                        HARV/KILL   0.9191113      0.0000000E+00   109.7410       8698.390       5993.980       26024.96      0.6015935       3253.073      0.0000000E+00  0.0000000E+00  0.0000000E+00  0.0000000E+00  0.0000000E+00
           1        2019          11          14 null                                        FERT   2.7263928E-03  0.0000000E+00   108.2022      0.0000000E+00   2580.243       6.129410      0.2486542       336.0000      0.0000000E+00  0.0000000E+00  0.0000000E+00  0.0000000E+00  0.0000000E+00
           2        2019          11          14 null                                        FERT   2.7263928E-03  0.0000000E+00   109.9641      0.0000000E+00   4648.013       2.735046       6.919371       336.0000      0.0000000E+00  0.0000000E+00  0.0000000E+00  0.0000000E+00  0.0000000E+00
           3        2019          11          14 null                                        FERT   2.7263928E-03  0.0000000E+00   109.2800      0.0000000E+00   5331.969       21072.50      0.5469717       336.0000      0.0000000E+00  0.0000000E+00  0.0000000E+00  0.0000000E+00  0.0000000E+00
           4        2019          11          14 null                                        FERT   2.7263928E-03  0.0000000E+00   109.3866      0.0000000E+00   5395.237       22417.76      0.5549006       336.0000      0.0000000E+00  0.0000000E+00  0.0000000E+00  0.0000000E+00  0.0000000E+00
           5        2019          11          14 null                                        FERT   2.7263928E-03  0.0000000E+00   109.5859      0.0000000E+00   6067.810       27118.34      0.6354461       336.0000      0.0000000E+00  0.0000000E+00  0.0000000E+00  0.0000000E+00  0.0000000E+00
           6        2019          11          14 null                                        FERT   2.7263928E-03  0.0000000E+00   109.6974      0.0000000E+00   6120.198       27768.28      0.6415745       336.0000      0.0000000E+00  0.0000000E+00  0.0000000E+00  0.0000000E+00  0.0000000E+00
           7        2019          11          14 null                                        FERT   2.7263928E-03  0.0000000E+00   108.1545      0.0000000E+00   2577.633       6.149175      0.2483216       336.0000      0.0000000E+00  0.0000000E+00  0.0000000E+00  0.0000000E+00  0.0000000E+00
           8        2019          11          14 null                                        FERT   2.7263928E-03  0.0000000E+00   109.3336      0.0000000E+00   3285.851       2.093766       16.13089       336.0000      0.0000000E+00  0.0000000E+00  0.0000000E+00  0.0000000E+00  0.0000000E+00
           9        2019          11          14 null                                        FERT   2.7263928E-03  0.0000000E+00   109.8119      0.0000000E+00   6269.802       28472.51      0.6605815       336.0000      0.0000000E+00  0.0000000E+00  0.0000000E+00  0.0000000E+00  0.0000000E+00
          10        2019          11          14 null                                        FERT   2.7263928E-03  0.0000000E+00   109.9826      0.0000000E+00   5764.412       24455.95      0.5969316       336.0000      0.0000000E+00  0.0000000E+00  0.0000000E+00  0.0000000E+00  0.0000000E+00
          11        2019          11          14 null                                        FERT   2.7263928E-03  0.0000000E+00   110.7768      0.0000000E+00   7107.740       35009.02      0.7632644       336.0000      0.0000000E+00  0.0000000E+00  0.0000000E+00  0.0000000E+00  0.0000000E+00
          12        2019          11          14 null                                        FERT   2.7263928E-03  0.0000000E+00   110.1786      0.0000000E+00   5993.980       26031.25      0.6249894       336.0000      0.0000000E+00  0.0000000E+00  0.0000000E+00  0.0000000E+00  0.0000000E+00
           1        2020           4          24 fldcult             TILLAGE   0.1262247      0.0000000E+00   36.97837      0.0000000E+00   1444.936       9.442325      0.4625535      0.3000000    
           2        2020           4          24 fldcult             TILLAGE   0.1262247      0.0000000E+00   43.68725      0.0000000E+00   2602.887       4.834118       8.089121      0.3000000    
           3        2020           4          24 fldcult             TILLAGE   0.1262247      0.0000000E+00   45.06984      0.0000000E+00   2985.903       21226.81       1.010616      0.3000000    
           4        2020           4          24 fldcult             TILLAGE   0.1262247      0.0000000E+00   45.34284      0.0000000E+00   3021.333       22581.16       1.028165      0.3000000    
           5        2020           4          24 fldcult             TILLAGE   0.1262247      0.0000000E+00   47.74339      0.0000000E+00   3397.973       27314.45       1.178588      0.3000000    
           6        2020           4          24 fldcult             TILLAGE   0.1262247      0.0000000E+00   48.01998      0.0000000E+00   3427.311       27968.27       1.189776      0.3000000    
           7        2020           4          24 fldcult             TILLAGE   0.1262247      0.0000000E+00   36.98303      0.0000000E+00   1443.475       9.443403      0.4630772      0.3000000    
           8        2020           4          24 fldcult             TILLAGE   0.1262247      0.0000000E+00   39.45074      0.0000000E+00   1840.076       3.688223       16.96577      0.3000000    
           9        2020           4          24 fldcult             TILLAGE   0.1262247      0.0000000E+00   48.68652      0.0000000E+00   3511.089       28677.85       1.222515      0.3000000    
          10        2020           4          24 fldcult             TILLAGE   0.1262247      0.0000000E+00   47.17598      0.0000000E+00   3228.071       24631.05       1.100171      0.3000000    
          11        2020           4          24 fldcult             TILLAGE   0.1262247      0.0000000E+00   52.91742      0.0000000E+00   3980.335       35225.20       1.375953      0.3000000    
          12        2020           4          24 fldcult             TILLAGE   0.1262247      0.0000000E+00   48.25949      0.0000000E+00   3356.629       26216.66       1.147892      0.3000000    
           1        2020           4          25 null                                        FERT   0.1283819      0.0000000E+00   36.01300      0.0000000E+00   1444.936       9.475537      0.4635860       27.00000      0.0000000E+00  0.0000000E+00  0.0000000E+00  0.0000000E+00  0.0000000E+00
           1        2020           4          25 corn                                        PLANT   0.1283819      0.0000000E+00   36.01300      0.0000000E+00   1444.936       9.475537      0.4635860      0.0000000E+00   6.000000    
           2        2020           4          25 null                                        FERT   0.1283819      0.0000000E+00   42.60962      0.0000000E+00   2602.887       4.856206       8.094766       27.00000      0.0000000E+00  0.0000000E+00  0.0000000E+00  0.0000000E+00  0.0000000E+00
           2        2020           4          25 corn                                        PLANT   0.1283819      0.0000000E+00   42.60962      0.0000000E+00   2602.887       4.856206       8.094766      0.0000000E+00   6.000000    
           3        2020           4          25 null                                        FERT   0.1283819      0.0000000E+00   43.96806      0.0000000E+00   2985.903       21227.94       1.013001       27.00000      0.0000000E+00  0.0000000E+00  0.0000000E+00  0.0000000E+00  0.0000000E+00
           3        2020           4          25 corn                                        PLANT   0.1283819      0.0000000E+00   43.96806      0.0000000E+00   2985.903       21227.94       1.013001      0.0000000E+00   6.000000    
           4        2020           4          25 null                                        FERT   0.1283819      0.0000000E+00   44.23582      0.0000000E+00   3021.333       22583.29       1.030613       27.00000      0.0000000E+00  0.0000000E+00  0.0000000E+00  0.0000000E+00  0.0000000E+00
           4        2020           4          25 corn                                        PLANT   0.1283819      0.0000000E+00   44.23582      0.0000000E+00   3021.333       22583.29       1.030613      0.0000000E+00   6.000000    
           5        2020           4          25 null                                        FERT   0.1283819      0.0000000E+00   46.58543      0.0000000E+00   3397.973       27316.60       1.181432       27.00000      0.0000000E+00  0.0000000E+00  0.0000000E+00  0.0000000E+00  0.0000000E+00
           5        2020           4          25 corn                                        PLANT   0.1283819      0.0000000E+00   46.58543      0.0000000E+00   3397.973       27316.60       1.181432      0.0000000E+00   6.000000    
           6        2020           4          25 null                                        FERT   0.1283819      0.0000000E+00   46.85193      0.0000000E+00   3427.311       27970.43       1.192666       27.00000      0.0000000E+00  0.0000000E+00  0.0000000E+00  0.0000000E+00  0.0000000E+00
           6        2020           4          25 corn                                        PLANT   0.1283819      0.0000000E+00   46.85193      0.0000000E+00   3427.311       27970.43       1.192666      0.0000000E+00   6.000000    
           7        2020           4          25 null                                        FERT   0.1283819      0.0000000E+00   36.01751      0.0000000E+00   1443.475       9.476041      0.4641080       27.00000      0.0000000E+00  0.0000000E+00  0.0000000E+00  0.0000000E+00  0.0000000E+00
           7        2020           4          25 corn                                        PLANT   0.1283819      0.0000000E+00   36.01751      0.0000000E+00   1443.475       9.476041      0.4641080      0.0000000E+00   6.000000    
           8        2020           4          25 null                                        FERT   0.1283819      0.0000000E+00   38.45065      0.0000000E+00   1840.076       3.704253       16.97000       27.00000      0.0000000E+00  0.0000000E+00  0.0000000E+00  0.0000000E+00  0.0000000E+00
           8        2020           4          25 corn                                        PLANT   0.1283819      0.0000000E+00   38.45065      0.0000000E+00   1840.076       3.704253       16.97000      0.0000000E+00   6.000000    
           9        2020           4          25 null                                        FERT   0.1283819      0.0000000E+00   47.49225      0.0000000E+00   3511.089       28680.00       1.225514       27.00000      0.0000000E+00  0.0000000E+00  0.0000000E+00  0.0000000E+00  0.0000000E+00
           9        2020           4          25 corn                                        PLANT   0.1283819      0.0000000E+00   47.49225      0.0000000E+00   3511.089       28680.00       1.225514      0.0000000E+00   6.000000    
          10        2020           4          25 null                                        FERT   0.1283819      0.0000000E+00   46.03299      0.0000000E+00   3228.071       24633.20       1.102877       27.00000      0.0000000E+00  0.0000000E+00  0.0000000E+00  0.0000000E+00  0.0000000E+00
          10        2020           4          25 corn                                        PLANT   0.1283819      0.0000000E+00   46.03299      0.0000000E+00   3228.071       24633.20       1.102877      0.0000000E+00   6.000000    
          11        2020           4          25 null                                        FERT   0.1283819      0.0000000E+00   51.56288      0.0000000E+00   3980.335       35227.38       1.379920       27.00000      0.0000000E+00  0.0000000E+00  0.0000000E+00  0.0000000E+00  0.0000000E+00
          11        2020           4          25 corn                                        PLANT   0.1283819      0.0000000E+00   51.56288      0.0000000E+00   3980.335       35227.38       1.379920      0.0000000E+00   6.000000    
          12        2020           4          25 null                                        FERT   0.1283819      0.0000000E+00   47.09498      0.0000000E+00   3356.629       26218.81       1.150764       27.00000      0.0000000E+00  0.0000000E+00  0.0000000E+00  0.0000000E+00  0.0000000E+00
          12        2020           4          25 corn                                        PLANT   0.1283819      0.0000000E+00   47.09498      0.0000000E+00   3356.629       26218.81       1.150764      0.0000000E+00   6.000000    
           1        2020           6           4 null                                        FERT   0.2645081      0.1762664       64.14325       326.5951       1444.936       9.056989      0.0000000E+00   180.3000      0.0000000E+00  0.0000000E+00  0.0000000E+00  0.0000000E+00  0.0000000E+00
           2        2020           6           4 null                                        FERT   0.2645081      0.1762664       71.47007       242.6059       2602.887       5.245162       7.928988       180.3000      0.0000000E+00  0.0000000E+00  0.0000000E+00  0.0000000E+00  0.0000000E+00
           3        2020           6           4 null                                        FERT   0.2645081      0.1762664       73.98143       1007.166       2985.903       21260.21      0.0000000E+00   180.3000      0.0000000E+00  0.0000000E+00  0.0000000E+00  0.0000000E+00  0.0000000E+00
           4        2020           6           4 null                                        FERT   0.2645081      0.1762664       74.27487       1013.088       3021.333       22622.57      0.0000000E+00   180.3000      0.0000000E+00  0.0000000E+00  0.0000000E+00  0.0000000E+00  0.0000000E+00
           5        2020           6           4 null                                        FERT   0.2645081      0.1762664       76.93733       1044.930       3397.973       27369.13      0.0000000E+00   180.3000      0.0000000E+00  0.0000000E+00  0.0000000E+00  0.0000000E+00  0.0000000E+00
           6        2020           6           4 null                                        FERT   0.2645081      0.1762664       77.20305       1046.680       3427.311       28023.93      0.0000000E+00   180.3000      0.0000000E+00  0.0000000E+00  0.0000000E+00  0.0000000E+00  0.0000000E+00
           7        2020           6           4 null                                        FERT   0.2645081      0.1762664       64.13670       325.3548       1443.475       9.057281      0.0000000E+00   180.3000      0.0000000E+00  0.0000000E+00  0.0000000E+00  0.0000000E+00  0.0000000E+00
           8        2020           6           4 null                                        FERT   0.2645081      0.1762664       66.66282       164.0743       1840.076       3.996820       16.88397       180.3000      0.0000000E+00  0.0000000E+00  0.0000000E+00  0.0000000E+00  0.0000000E+00
           9        2020           6           4 null                                        FERT   0.2645081      0.1762664       77.86066       1051.158       3511.089       28738.52      0.0000000E+00   180.3000      0.0000000E+00  0.0000000E+00  0.0000000E+00  0.0000000E+00  0.0000000E+00
          10        2020           6           4 null                                        FERT   0.2645081      0.1762664       76.09910       1032.061       3228.071       24682.77      0.0000000E+00   180.3000      0.0000000E+00  0.0000000E+00  0.0000000E+00  0.0000000E+00  0.0000000E+00
          11        2020           6           4 null                                        FERT   0.2645081      0.1762664       81.82002       1062.634       3980.335       35301.25      0.0000000E+00   180.3000      0.0000000E+00  0.0000000E+00  0.0000000E+00  0.0000000E+00  0.0000000E+00
          12        2020           6           4 null                                        FERT   0.2645081      0.1762664       77.16558       1041.152       3356.629       26271.31      0.0000000E+00   180.3000      0.0000000E+00  0.0000000E+00  0.0000000E+00  0.0000000E+00  0.0000000E+00
           1        2020          11          10 corn                                        HARV/KILL   0.9261757      0.0000000E+00   5.417232       2665.409       2811.866       15.36322      0.1731625       727.1271      0.0000000E+00  0.0000000E+00  0.0000000E+00  0.0000000E+00  0.0000000E+00
           2        2020          11          10 corn                                        HARV/KILL   0.9261757      0.0000000E+00   4.947196       1986.503       3618.510       9.280991       8.078611       544.9017      0.0000000E+00  0.0000000E+00  0.0000000E+00  0.0000000E+00  0.0000000E+00
           3        2020          11          10 corn                                        HARV/KILL   0.9261757      0.0000000E+00   4.746353       6110.292       6107.211       21378.56      0.3787424       1678.579      0.0000000E+00  0.0000000E+00  0.0000000E+00  0.0000000E+00  0.0000000E+00
           4        2020          11          10 corn                                        HARV/KILL   0.9261757      0.0000000E+00   4.734555       6188.847       6182.450       22748.32      0.3839971       1700.462      0.0000000E+00  0.0000000E+00  0.0000000E+00  0.0000000E+00  0.0000000E+00
           5        2020          11          10 corn                                        HARV/KILL   0.9261757      0.0000000E+00   4.581676       6965.155       6952.602       27508.77      0.4395919       1916.621      0.0000000E+00  0.0000000E+00  0.0000000E+00  0.0000000E+00  0.0000000E+00
           6        2020          11          10 corn                                        HARV/KILL   0.9261757      0.0000000E+00   4.573472       7018.469       7008.858       28167.61      0.4434725       1931.566      0.0000000E+00  0.0000000E+00  0.0000000E+00  0.0000000E+00  0.0000000E+00
           7        2020          11          10 corn                                        HARV/KILL   0.9261757      0.0000000E+00   5.414784       2646.209       2800.560       16.34308      0.1730302       721.8878      0.0000000E+00  0.0000000E+00  0.0000000E+00  0.0000000E+00  0.0000000E+00
           8        2020          11          10 corn                                        HARV/KILL   0.9261757      0.0000000E+00   5.321769       1313.763       2513.232       6.191168       16.99927       358.9622      0.0000000E+00  0.0000000E+00  0.0000000E+00  0.0000000E+00  0.0000000E+00
           9        2020          11          10 corn                                        HARV/KILL   0.9261757      0.0000000E+00   4.542103       7185.932       7177.384       28883.78      0.4562414       1978.328      0.0000000E+00  0.0000000E+00  0.0000000E+00  0.0000000E+00  0.0000000E+00
          10        2020          11          10 corn                                        HARV/KILL   0.9261757      0.0000000E+00   4.659803       6590.379       6592.316       24814.23      0.4136496       1812.655      0.0000000E+00  0.0000000E+00  0.0000000E+00  0.0000000E+00  0.0000000E+00
          11        2020          11          10 corn                                        HARV/KILL   0.9261757      0.0000000E+00   4.376348       8001.709       8057.924       35481.32      0.5276594       2207.590      0.0000000E+00  0.0000000E+00  0.0000000E+00  0.0000000E+00  0.0000000E+00
          12        2020          11          10 corn                                        HARV/KILL   0.9261757      0.0000000E+00   4.607809       6848.037       6851.273       26408.56      0.4320989       1884.595      0.0000000E+00  0.0000000E+00  0.0000000E+00  0.0000000E+00  0.0000000E+00
           1        2020          11          12 null                                        FERT   1.1047642E-03  0.0000000E+00   5.127163      0.0000000E+00   2811.866       15.50730      0.1766236       152.7000      0.0000000E+00  0.0000000E+00  0.0000000E+00  0.0000000E+00  0.0000000E+00
           2        2020          11          12 null                                        FERT   1.1047642E-03  0.0000000E+00   4.670902      0.0000000E+00   3618.510       9.384733       8.087590       152.7000      0.0000000E+00  0.0000000E+00  0.0000000E+00  0.0000000E+00  0.0000000E+00
           3        2020          11          12 null                                        FERT   1.1047642E-03  0.0000000E+00   4.502444      0.0000000E+00   6107.211       21379.47      0.3861084       152.7000      0.0000000E+00  0.0000000E+00  0.0000000E+00  0.0000000E+00  0.0000000E+00
           4        2020          11          12 null                                        FERT   1.1047642E-03  0.0000000E+00   4.491590      0.0000000E+00   6182.450       22749.26      0.3915684       152.7000      0.0000000E+00  0.0000000E+00  0.0000000E+00  0.0000000E+00  0.0000000E+00
           5        2020          11          12 null                                        FERT   1.1047642E-03  0.0000000E+00   4.348309      0.0000000E+00   6952.602       27510.84      0.4481250       152.7000      0.0000000E+00  0.0000000E+00  0.0000000E+00  0.0000000E+00  0.0000000E+00
           6        2020          11          12 null                                        FERT   1.1047642E-03  0.0000000E+00   4.340777      0.0000000E+00   7008.858       28169.70      0.4521007       152.7000      0.0000000E+00  0.0000000E+00  0.0000000E+00  0.0000000E+00  0.0000000E+00
           7        2020          11          12 null                                        FERT   1.1047642E-03  0.0000000E+00   5.124571      0.0000000E+00   2800.560       16.48692      0.1765067       152.7000      0.0000000E+00  0.0000000E+00  0.0000000E+00  0.0000000E+00  0.0000000E+00
           8        2020          11          12 null                                        FERT   1.1047642E-03  0.0000000E+00   5.028022      0.0000000E+00   2513.232       6.262977       17.00561       152.7000      0.0000000E+00  0.0000000E+00  0.0000000E+00  0.0000000E+00  0.0000000E+00
           9        2020          11          12 null                                        FERT   1.1047642E-03  0.0000000E+00   4.311440      0.0000000E+00   7177.384       28885.88      0.4650339       152.7000      0.0000000E+00  0.0000000E+00  0.0000000E+00  0.0000000E+00  0.0000000E+00
          10        2020          11          12 null                                        FERT   1.1047642E-03  0.0000000E+00   4.421964      0.0000000E+00   6592.316       24816.24      0.4217185       152.7000      0.0000000E+00  0.0000000E+00  0.0000000E+00  0.0000000E+00  0.0000000E+00
          11        2020          11          12 null                                        FERT   1.1047642E-03  0.0000000E+00   4.156017      0.0000000E+00   8057.924       35484.63      0.5377609       152.7000      0.0000000E+00  0.0000000E+00  0.0000000E+00  0.0000000E+00  0.0000000E+00
          12        2020          11          12 null                                        FERT   1.1047642E-03  0.0000000E+00   4.373173      0.0000000E+00   6851.273       26410.61      0.4404338       152.7000      0.0000000E+00  0.0000000E+00  0.0000000E+00  0.0000000E+00  0.0000000E+00
           1        2020          11          16 chisplow            TILLAGE   7.3823426E-03  0.0000000E+00   38.68718      0.0000000E+00   1968.307       15.59612      0.1877137      0.3000000    
           2        2020          11          16 chisplow            TILLAGE   7.3823426E-03  0.0000000E+00   38.64400      0.0000000E+00   2532.957       9.449671       8.108278      0.3000000    
           3        2020          11          16 chisplow            TILLAGE   7.3823426E-03  0.0000000E+00   39.58418      0.0000000E+00   4275.047       21383.83      0.4106419      0.3000000    
           4        2020          11          16 chisplow            TILLAGE   7.3823426E-03  0.0000000E+00   39.60711      0.0000000E+00   4327.715       22753.61      0.4163141      0.3000000    
           5        2020          11          16 chisplow            TILLAGE   7.3823426E-03  0.0000000E+00   39.78241      0.0000000E+00   4866.821       27516.26      0.4765908      0.3000000    
           6        2020          11          16 chisplow            TILLAGE   7.3823426E-03  0.0000000E+00   39.79956      0.0000000E+00   4906.201       28176.12      0.4807931      0.3000000    
           7        2020          11          16 chisplow            TILLAGE   7.3823426E-03  0.0000000E+00   38.67810      0.0000000E+00   1960.392       16.57393      0.1875779      0.3000000    
           8        2020          11          16 chisplow            TILLAGE   7.3823426E-03  0.0000000E+00   38.45533      0.0000000E+00   1759.262       6.308289       17.01953      0.3000000    
           9        2020          11          16 chisplow            TILLAGE   7.3823426E-03  0.0000000E+00   39.83905      0.0000000E+00   5024.168       28892.32      0.4946385      0.3000000    
          10        2020          11          16 chisplow            TILLAGE   7.3823426E-03  0.0000000E+00   39.71725      0.0000000E+00   4614.622       24820.65      0.4483448      0.3000000    
          11        2020          11          16 chisplow            TILLAGE   7.3823426E-03  0.0000000E+00   40.03877      0.0000000E+00   5640.546       35492.24      0.5709420      0.3000000    
          12        2020          11          16 chisplow            TILLAGE   7.3823426E-03  0.0000000E+00   39.77622      0.0000000E+00   4795.891       26416.04      0.4683057      0.3000000    
