time,wind
2012-01-01 10:30:00,1.165
2012-01-02 10:30:00,1.07625
2012-01-03 10:30:00,2.6975
2012-01-04 10:30:00,1.8312501
2012-01-05 10:30:00,1.95875
2012-01-06 10:30:00,1.6125
2012-01-07 10:30:00,1.51125
2012-01-08 10:30:00,1.9075
2012-01-09 10:30:00,1.6
2012-01-10 10:30:00,2.87625
2012-01-11 10:30:00,1.6475
2012-01-12 10:30:00,2.18625
2012-01-13 10:30:00,2.51875
2012-01-14 10:30:00,1.5425
2012-01-15 10:30:00,1.64125
2012-01-16 10:30:00,0.4075
2012-01-17 10:30:00,0.605
2012-01-18 10:30:00,1.9087499
2012-01-19 10:30:00,2.19125
2012-01-20 10:30:00,3.6087499
2012-01-21 10:30:00,3.5974998
2012-01-22 10:30:00,3.165
2012-01-23 10:30:00,2.365
2012-01-24 10:30:00,1.88875
2012-01-25 10:30:00,1.3825
2012-01-26 10:30:00,2.14875
2012-01-27 10:30:00,1.86625
2012-01-28 10:30:00,1.13875
2012-01-29 10:30:00,2.24
2012-01-30 10:30:00,3.0425
2012-01-31 10:30:00,2.8175
2012-02-01 10:30:00,3.6525002
2012-02-02 10:30:00,4.2575
2012-02-03 10:30:00,4.11875
2012-02-04 10:30:00,3.00375
2012-02-05 10:30:00,3.1125
2012-02-06 10:30:00,4.46375
2012-02-07 10:30:00,3.2962499
2012-02-08 10:30:00,3.065
2012-02-09 10:30:00,3.4524999
2012-02-10 10:30:00,2.3975
2012-02-11 10:30:00,2.2675
2012-02-12 10:30:00,0.9975
2012-02-13 10:30:00,2.20375
2012-02-14 10:30:00,2.7725
2012-02-15 10:30:00,2.9525
2012-02-16 10:30:00,3.03
2012-02-17 10:30:00,2.7825
2012-02-18 10:30:00,2.55
2012-02-19 10:30:00,2.1287498
2012-02-20 10:30:00,1.92125
2012-02-21 10:30:00,1.30625
2012-02-22 10:30:00,1.245
2012-02-23 10:30:00,1.2575
2012-02-24 10:30:00,3.685
2012-02-25 10:30:00,2.1912498
2012-02-26 10:30:00,1.78875
2012-02-27 10:30:00,2.16875
2012-02-28 10:30:00,1.14875
2012-02-29 10:30:00,1.9475
2012-03-01 10:30:00,2.80625
2012-03-02 10:30:00,2.0225
2012-03-03 10:30:00,1.1575
2012-03-04 10:30:00,1.1025
2012-03-05 10:30:00,1.365
2012-03-06 10:30:00,1.62875
2012-03-07 10:30:00,4.2425003
2012-03-08 10:30:00,2.97125
2012-03-09 10:30:00,1.54875
2012-03-10 10:30:00,2.71375
2012-03-11 10:30:00,2.81625
2012-03-12 10:30:00,1.47625
2012-03-13 10:30:00,2.73375
2012-03-14 10:30:00,2.04375
2012-03-15 10:30:00,2.3125
2012-03-16 10:30:00,2.76875
2012-03-17 10:30:00,2.3187501
2012-03-18 10:30:00,3.34625
2012-03-19 10:30:00,2.94125
2012-03-20 10:30:00,2.67125
2012-03-21 10:30:00,5.5637503
2012-03-22 10:30:00,1.52125
2012-03-23 10:30:00,3.44375
2012-03-24 10:30:00,3.90125
2012-03-25 10:30:00,2.8525
2012-03-26 10:30:00,2.925
2012-03-27 10:30:00,3.2525
2012-03-28 10:30:00,3.575
2012-03-29 10:30:00,4.07125
2012-03-30 10:30:00,3.6975
2012-03-31 10:30:00,3.44375
2012-04-01 10:30:00,1.035
2012-04-02 10:30:00,1.87125
2012-04-03 10:30:00,2.485
2012-04-04 10:30:00,3.20375
2012-04-05 10:30:00,3.7025
2012-04-06 10:30:00,2.275
2012-04-07 10:30:00,5.4475
2012-04-08 10:30:00,4.5725
2012-04-09 10:30:00,1.9325
2012-04-10 10:30:00,4.34125
2012-04-11 10:30:00,6.6625
2012-04-12 10:30:00,4.1075
2012-04-13 10:30:00,3.2962499
2012-04-14 10:30:00,1.565
2012-04-15 10:30:00,3.74625
2012-04-16 10:30:00,2.245
2012-04-17 10:30:00,2.6200001
2012-04-18 10:30:00,2.0125
2012-04-19 10:30:00,2.64375
2012-04-20 10:30:00,2.94
2012-04-21 10:30:00,1.24875
2012-04-22 10:30:00,0.96125
2012-04-23 10:30:00,2.66125
2012-04-24 10:30:00,2.58625
2012-04-25 10:30:00,2.875
2012-04-26 10:30:00,3.08
2012-04-27 10:30:00,4.75
2012-04-28 10:30:00,4.38
2012-04-29 10:30:00,1.2275
2012-04-30 10:30:00,3.0462499
2012-05-01 10:30:00,1.515
2012-05-02 10:30:00,1.7312499
2012-05-03 10:30:00,3.02875
2012-05-04 10:30:00,3.77
2012-05-05 10:30:00,3.54125
2012-05-06 10:30:00,3.00875
2012-05-07 10:30:00,2.7075
2012-05-08 10:30:00,2.07875
2012-05-09 10:30:00,3.48625
2012-05-10 10:30:00,1.9975
2012-05-11 10:30:00,3.545
2012-05-12 10:30:00,1.8025
2012-05-13 10:30:00,2.92125
2012-05-14 10:30:00,2.33125
2012-05-15 10:30:00,2.385
2012-05-16 10:30:00,2.075
2012-05-17 10:30:00,1.6
2012-05-18 10:30:00,3.4425
2012-05-19 10:30:00,3.3400002
2012-05-20 10:30:00,1.5025
2012-05-21 10:30:00,3.2675
2012-05-22 10:30:00,3.6975
2012-05-23 10:30:00,3.94875
2012-05-24 10:30:00,3.81375
2012-05-25 10:30:00,3.09375
2012-05-26 10:30:00,1.61
2012-05-27 10:30:00,1.78
2012-05-28 10:30:00,4.84875
2012-05-29 10:30:00,2.93375
2012-05-30 10:30:00,2.82
2012-05-31 10:30:00,2.18625
2012-06-01 10:30:00,2.91375
2012-06-02 10:30:00,1.2475001
2012-06-03 10:30:00,1.6424999
2012-06-04 10:30:00,1.2225
2012-06-05 10:30:00,2.37125
2012-06-06 10:30:00,1.91125
2012-06-07 10:30:00,2.59125
2012-06-08 10:30:00,1.76375
2012-06-09 10:30:00,2.6000001
2012-06-10 10:30:00,3.45
2012-06-11 10:30:00,1.0287501
2012-06-12 10:30:00,1.595
2012-06-13 10:30:00,1.5862501
2012-06-14 10:30:00,1.9225
2012-06-15 10:30:00,1.2875
2012-06-16 10:30:00,1.3875
2012-06-17 10:30:00,1.1525
2012-06-18 10:30:00,1.73875
2012-06-19 10:30:00,1.67375
2012-06-20 10:30:00,2.0725
2012-06-21 10:30:00,1.47875
2012-06-22 10:30:00,2.6025
2012-06-23 10:30:00,2.4375
2012-06-24 10:30:00,2.35375
2012-06-25 10:30:00,0.9475
2012-06-26 10:30:00,1.92375
2012-06-27 10:30:00,1.27375
2012-06-28 10:30:00,1.60125
2012-06-29 10:30:00,2.24125
2012-06-30 10:30:00,2.19625
2012-07-01 10:30:00,2.53125
2012-07-02 10:30:00,1.68625
2012-07-03 10:30:00,1.29
2012-07-04 10:30:00,1.2725
2012-07-05 10:30:00,1.2687501
2012-07-06 10:30:00,1.12125
2012-07-07 10:30:00,2.02125
2012-07-08 10:30:00,1.75875
2012-07-09 10:30:00,0.74125004
2012-07-10 10:30:00,0.88
2012-07-11 10:30:00,2.46
2012-07-12 10:30:00,1.74875
2012-07-13 10:30:00,1.23375
2012-07-14 10:30:00,1.30875
2012-07-15 10:30:00,1.24625
2012-07-16 10:30:00,0.81125
2012-07-17 10:30:00,1.85375
2012-07-18 10:30:00,1.82375
2012-07-19 10:30:00,1.0287501
2012-07-20 10:30:00,1.4350001
2012-07-21 10:30:00,1.345
2012-07-22 10:30:00,1.71875
2012-07-23 10:30:00,1.8787501
2012-07-24 10:30:00,0.2675
2012-07-25 10:30:00,0.92375
2012-07-26 10:30:00,3.72125
2012-07-27 10:30:00,1.8975
2012-07-28 10:30:00,2.67
2012-07-29 10:30:00,2.2725
2012-07-30 10:30:00,1.3774999
2012-07-31 10:30:00,1.5862501
2012-08-01 10:30:00,2.06875
2012-08-02 10:30:00,1.75875
2012-08-03 10:30:00,2.055
2012-08-04 10:30:00,0.94875
2012-08-05 10:30:00,1.78375
2012-08-06 10:30:00,1.47
2012-08-07 10:30:00,2.385
2012-08-08 10:30:00,2.8600001
2012-08-09 10:30:00,2.735
2012-08-10 10:30:00,2.56
2012-08-11 10:30:00,0.74625
2012-08-12 10:30:00,1.97125
2012-08-13 10:30:00,1.0775
2012-08-14 10:30:00,0.46
2012-08-15 10:30:00,1.1375
2012-08-16 10:30:00,2.06
2012-08-17 10:30:00,2.105
2012-08-18 10:30:00,2.43875
2012-08-19 10:30:00,1.79125
2012-08-20 10:30:00,3.4012501
2012-08-21 10:30:00,2.03
2012-08-22 10:30:00,2.72625
2012-08-23 10:30:00,2.1425
2012-08-24 10:30:00,1.44125
2012-08-25 10:30:00,1.87875
2012-08-26 10:30:00,1.6025
2012-08-27 10:30:00,1.34375
2012-08-28 10:30:00,1.8050001
2012-08-29 10:30:00,2.36
2012-08-30 10:30:00,1.8625001
2012-08-31 10:30:00,1.4625
2012-09-01 10:30:00,2.50875
2012-09-02 10:30:00,2.25
2012-09-03 10:30:00,1.7737501
2012-09-04 10:30:00,2.12875
2012-09-05 10:30:00,1.31125
2012-09-06 10:30:00,1.3874999
2012-09-07 10:30:00,1.8362501
2012-09-08 10:30:00,1.35375
2012-09-09 10:30:00,2.3162498
2012-09-10 10:30:00,2.10875
2012-09-11 10:30:00,2.015
2012-09-12 10:30:00,2.43875
2012-09-13 10:30:00,1.49125
2012-09-14 10:30:00,1.57625
2012-09-15 10:30:00,1.155
2012-09-16 10:30:00,1.1725
2012-09-17 10:30:00,1.965
2012-09-18 10:30:00,1.3475
2012-09-19 10:30:00,1.5712501
2012-09-20 10:30:00,2.30875
2012-09-21 10:30:00,1.04625
2012-09-22 10:30:00,0.89625
2012-09-23 10:30:00,0.495
2012-09-24 10:30:00,2.295
2012-09-25 10:30:00,0.86625
2012-09-26 10:30:00,1.9975
2012-09-27 10:30:00,2.3675
2012-09-28 10:30:00,2.68
2012-09-29 10:30:00,1.82375
2012-09-30 10:30:00,1.5437499
2012-10-01 10:30:00,0.76375
2012-10-02 10:30:00,1.80625
2012-10-03 10:30:00,1.57875
2012-10-04 10:30:00,2.75875
2012-10-05 10:30:00,2.3275
2012-10-06 10:30:00,0.84125
2012-10-07 10:30:00,1.2475001
2012-10-08 10:30:00,1.61125
2012-10-09 10:30:00,2.86625
2012-10-10 10:30:00,1.48125
2012-10-11 10:30:00,1.705
2012-10-12 10:30:00,2.1
2012-10-13 10:30:00,4.48625
2012-10-14 10:30:00,3.59875
2012-10-15 10:30:00,1.71
2012-10-16 10:30:00,3.4775
2012-10-17 10:30:00,4.88125
2012-10-18 10:30:00,3.6975
2012-10-19 10:30:00,1.49875
2012-10-20 10:30:00,3.63625
2012-10-21 10:30:00,1.1537501
2012-10-22 10:30:00,1.2375
2012-10-23 10:30:00,1.87
2012-10-24 10:30:00,2.0425
2012-10-25 10:30:00,1.6375
2012-10-26 10:30:00,2.1775
2012-10-27 10:30:00,3.29875
2012-10-28 10:30:00,1.86375
2012-10-29 10:30:00,1.85875
2012-10-30 10:30:00,0.63375
2012-10-31 10:30:00,1.2975
2012-11-01 10:30:00,2.81
2012-11-02 10:30:00,3.80375
2012-11-03 10:30:00,1.32625
2012-11-04 10:30:00,0.62125
2012-11-05 10:30:00,1.745
2012-11-06 10:30:00,0.52625
2012-11-07 10:30:00,1.88125
2012-11-08 10:30:00,1.4375
2012-11-09 10:30:00,1.74125
2012-11-10 10:30:00,2.30875
2012-11-11 10:30:00,3.06125
2012-11-12 10:30:00,3.82375
2012-11-13 10:30:00,2.82375
2012-11-14 10:30:00,2.135
2012-11-15 10:30:00,2.4375
2012-11-16 10:30:00,1.5175
2012-11-17 10:30:00,2.0375
2012-11-18 10:30:00,2.74625
2012-11-19 10:30:00,1.7025
2012-11-20 10:30:00,1.78
2012-11-21 10:30:00,2.3475
2012-11-22 10:30:00,2.92375
2012-11-23 10:30:00,2.675
2012-11-24 10:30:00,1.005
2012-11-25 10:30:00,3.4125
2012-11-26 10:30:00,2.465
2012-11-27 10:30:00,1.975
2012-11-28 10:30:00,3.2525
2012-11-29 10:30:00,2.74875
2012-11-30 10:30:00,2.3525
2012-12-01 10:30:00,1.12125
2012-12-02 10:30:00,1.45625
2012-12-03 10:30:00,3.01125
2012-12-04 10:30:00,2.42
2012-12-05 10:30:00,3.6125
2012-12-06 10:30:00,3.66
2012-12-07 10:30:00,3.87625
2012-12-08 10:30:00,4.39
2012-12-09 10:30:00,1.83125
2012-12-10 10:30:00,1.1
2012-12-11 10:30:00,1.645
2012-12-12 10:30:00,1.0825
2012-12-13 10:30:00,2.33625
2012-12-14 10:30:00,1.37
2012-12-15 10:30:00,2.0887501
2012-12-16 10:30:00,3.0887501
2012-12-17 10:30:00,3.82625
2012-12-18 10:30:00,2.76875
2012-12-19 10:30:00,2.75125
2012-12-20 10:30:00,1.7075
2012-12-21 10:30:00,4.02375
2012-12-22 10:30:00,2.8274999
2012-12-23 10:30:00,2.78375
2012-12-24 10:30:00,4.355
2012-12-25 10:30:00,2.58375
2012-12-26 10:30:00,1.85
2012-12-27 10:30:00,1.1725
2012-12-28 10:30:00,2.52625
2012-12-29 10:30:00,4.215
2012-12-30 10:30:00,4.16125
2012-12-31 10:30:00,2.75625
2013-01-01 10:30:00,4.95125
2013-01-02 10:30:00,6.625
2013-01-03 10:30:00,5.28
2013-01-04 10:30:00,4.56625
2013-01-05 10:30:00,3.36625
2013-01-06 10:30:00,2.02
2013-01-07 10:30:00,2.2775
2013-01-08 10:30:00,4.315
2013-01-09 10:30:00,2.9725
2013-01-10 10:30:00,2.09375
2013-01-11 10:30:00,1.51375
2013-01-12 10:30:00,2.0975
2013-01-13 10:30:00,1.85125
2013-01-14 10:30:00,1.8475001
2013-01-15 10:30:00,1.80125
2013-01-16 10:30:00,3.6399999
2013-01-17 10:30:00,3.1174998
2013-01-18 10:30:00,3.2525
2013-01-19 10:30:00,1.7850001
2013-01-20 10:30:00,1.635
2013-01-21 10:30:00,1.8975
2013-01-22 10:30:00,1.5075
2013-01-23 10:30:00,3.38875
2013-01-24 10:30:00,6.215
2013-01-25 10:30:00,2.5775
2013-01-26 10:30:00,1.4725001
2013-01-27 10:30:00,3.295
2013-01-28 10:30:00,1.94875
2013-01-29 10:30:00,2.475
2013-01-30 10:30:00,1.45375
2013-01-31 10:30:00,4.23625
2013-02-01 10:30:00,4.4175
2013-02-02 10:30:00,3.26625
2013-02-03 10:30:00,2.10375
2013-02-04 10:30:00,3.55375
2013-02-05 10:30:00,2.4275
2013-02-06 10:30:00,5.4375
2013-02-07 10:30:00,3.4175
2013-02-08 10:30:00,2.69125
2013-02-09 10:30:00,4.125
2013-02-10 10:30:00,4.02
2013-02-11 10:30:00,3.04875
2013-02-12 10:30:00,2.83
2013-02-13 10:30:00,3.8275
2013-02-14 10:30:00,3.03875
2013-02-15 10:30:00,1.9975001
2013-02-16 10:30:00,2.65
2013-02-17 10:30:00,4.5075
2013-02-18 10:30:00,4.1825
2013-02-19 10:30:00,4.21
2013-02-20 10:30:00,3.3925
2013-02-21 10:30:00,3.9525
2013-02-22 10:30:00,5.51625
2013-02-23 10:30:00,3.5525
2013-02-24 10:30:00,2.54
2013-02-25 10:30:00,3.46125
2013-02-26 10:30:00,2.7425
2013-02-27 10:30:00,5.00375
2013-02-28 10:30:00,5.46625
2013-03-01 10:30:00,5.3
2013-03-02 10:30:00,2.84625
2013-03-03 10:30:00,4.18625
2013-03-04 10:30:00,4.2575
2013-03-05 10:30:00,3.57375
2013-03-06 10:30:00,5.15625
2013-03-07 10:30:00,3.7775
2013-03-08 10:30:00,3.7625
2013-03-09 10:30:00,5.57125
2013-03-10 10:30:00,3.42
2013-03-11 10:30:00,4.01875
2013-03-12 10:30:00,5.42125
2013-03-13 10:30:00,3.64875
2013-03-14 10:30:00,3.28875
2013-03-15 10:30:00,2.6025
2013-03-16 10:30:00,5.4425
2013-03-17 10:30:00,4.6012497
2013-03-18 10:30:00,4.3325
2013-03-19 10:30:00,4.88875
2013-03-20 10:30:00,3.12
2013-03-21 10:30:00,6.8050003
2013-03-22 10:30:00,4.41125
2013-03-23 10:30:00,2.7549999
2013-03-24 10:30:00,4.15625
2013-03-25 10:30:00,3.6924999
2013-03-26 10:30:00,6.54125
2013-03-27 10:30:00,6.79625
2013-03-28 10:30:00,5.47
2013-03-29 10:30:00,3.98
2013-03-30 10:30:00,2.93
2013-03-31 10:30:00,2.265
2013-04-01 10:30:00,3.2225
2013-04-02 10:30:00,7.59375
2013-04-03 10:30:00,6.40875
2013-04-04 10:30:00,0.96500003
2013-04-05 10:30:00,2.7125
2013-04-06 10:30:00,2.375
2013-04-07 10:30:00,4.80875
2013-04-08 10:30:00,2.2975001
2013-04-09 10:30:00,5.5925
2013-04-10 10:30:00,5.01375
2013-04-11 10:30:00,3.9175
2013-04-12 10:30:00,4.7275
2013-04-13 10:30:00,11.8875
2013-04-14 10:30:00,4.8375
2013-04-15 10:30:00,3.215
2013-04-16 10:30:00,4.38625
2013-04-17 10:30:00,4.47625
2013-04-18 10:30:00,4.50875
2013-04-19 10:30:00,3.78375
2013-04-20 10:30:00,3.9499998
2013-04-21 10:30:00,2.36625
2013-04-22 10:30:00,3.9637501
2013-04-23 10:30:00,5.59875
2013-04-24 10:30:00,4.9375
2013-04-25 10:30:00,4.29
2013-04-26 10:30:00,1.80125
2013-04-27 10:30:00,3.0075
2013-04-28 10:30:00,4.5325003
2013-04-29 10:30:00,4.34875
2013-04-30 10:30:00,2.8475
2013-05-01 10:30:00,1.8225
2013-05-02 10:30:00,2.19125
2013-05-03 10:30:00,1.7375
2013-05-04 10:30:00,4.58125
2013-05-05 10:30:00,3.17875
2013-05-06 10:30:00,3.1925
2013-05-07 10:30:00,3.805
2013-05-08 10:30:00,3.765
2013-05-09 10:30:00,2.7175
2013-05-10 10:30:00,5.18875
2013-05-11 10:30:00,5.85
2013-05-12 10:30:00,3.33125
2013-05-13 10:30:00,4.8725
2013-05-14 10:30:00,2.6675
2013-05-15 10:30:00,2.0425
2013-05-16 10:30:00,3.425
2013-05-17 10:30:00,4.5275
2013-05-18 10:30:00,5.505
2013-05-19 10:30:00,5.29875
2013-05-20 10:30:00,5.925
2013-05-21 10:30:00,2.65625
2013-05-22 10:30:00,1.82875
2013-05-23 10:30:00,4.2275
2013-05-24 10:30:00,2.01375
2013-05-25 10:30:00,4.2112503
2013-05-26 10:30:00,3.7975001
2013-05-27 10:30:00,2.58625
2013-05-28 10:30:00,5.73875
2013-05-29 10:30:00,5.6
2013-05-30 10:30:00,3.1325
2013-05-31 10:30:00,7.6099997
2013-06-01 10:30:00,5.1175
2013-06-02 10:30:00,4.06625
2013-06-03 10:30:00,3.3687499
2013-06-04 10:30:00,2.0725
2013-06-05 10:30:00,3.48625
2013-06-06 10:30:00,2.68375
2013-06-07 10:30:00,2.345
2013-06-08 10:30:00,4.08625
2013-06-09 10:30:00,3.38375
2013-06-10 10:30:00,2.9650002
2013-06-11 10:30:00,0.87875
2013-06-12 10:30:00,2.20625
2013-06-13 10:30:00,3.27375
2013-06-14 10:30:00,3.475
2013-06-15 10:30:00,2.325
2013-06-16 10:30:00,2.42375
2013-06-17 10:30:00,2.6200001
2013-06-18 10:30:00,1.9762499
2013-06-19 10:30:00,3.1225
2013-06-20 10:30:00,1.77875
2013-06-21 10:30:00,2.14
2013-06-22 10:30:00,1.7112501
2013-06-23 10:30:00,2.44125
2013-06-24 10:30:00,2.3374999
2013-06-25 10:30:00,3.4424999
2013-06-26 10:30:00,2.275
2013-06-27 10:30:00,1.62375
2013-06-28 10:30:00,2.23375
2013-06-29 10:30:00,2.935
2013-06-30 10:30:00,1.85
2013-07-01 10:30:00,1.68125
2013-07-02 10:30:00,3.10625
2013-07-03 10:30:00,5.0699997
2013-07-04 10:30:00,4.22625
2013-07-05 10:30:00,3.16
2013-07-06 10:30:00,1.92875
2013-07-07 10:30:00,3.1775
2013-07-08 10:30:00,1.14375
2013-07-09 10:30:00,2.12
2013-07-10 10:30:00,1.225
2013-07-11 10:30:00,2.30125
2013-07-12 10:30:00,1.5187501
2013-07-13 10:30:00,1.8525
2013-07-14 10:30:00,2.3525
2013-07-15 10:30:00,4.2599998
2013-07-16 10:30:00,4.6675
2013-07-17 10:30:00,1.85
2013-07-18 10:30:00,2.21
2013-07-19 10:30:00,1.27875
2013-07-20 10:30:00,2.225
2013-07-21 10:30:00,1.79625
2013-07-22 10:30:00,2.39125
2013-07-23 10:30:00,2.02
2013-07-24 10:30:00,2.60875
2013-07-25 10:30:00,1.4025
2013-07-26 10:30:00,1.855
2013-07-27 10:30:00,2.095
2013-07-28 10:30:00,2.845
2013-07-29 10:30:00,2.53625
2013-07-30 10:30:00,1.4187499
2013-07-31 10:30:00,2.62375
2013-08-01 10:30:00,2.0725
2013-08-02 10:30:00,2.37125
2013-08-03 10:30:00,2.8425
2013-08-04 10:30:00,2.095
2013-08-05 10:30:00,2.04625
2013-08-06 10:30:00,1.84375
2013-08-07 10:30:00,2.09
2013-08-08 10:30:00,4.43
2013-08-09 10:30:00,3.83125
2013-08-10 10:30:00,2.88375
2013-08-11 10:30:00,1.82375
2013-08-12 10:30:00,3.0049999
2013-08-13 10:30:00,3.76
2013-08-14 10:30:00,2.59
2013-08-15 10:30:00,2.1775
2013-08-16 10:30:00,2.19125
2013-08-17 10:30:00,3.0475
2013-08-18 10:30:00,3.6225
2013-08-19 10:30:00,2.73
2013-08-20 10:30:00,1.8175
2013-08-21 10:30:00,3.3162498
2013-08-22 10:30:00,4.1725
2013-08-23 10:30:00,2.4625
2013-08-24 10:30:00,3.11625
2013-08-25 10:30:00,2.0025
2013-08-26 10:30:00,1.9375
2013-08-27 10:30:00,1.92125
2013-08-28 10:30:00,3.6825001
2013-08-29 10:30:00,2.73375
2013-08-30 10:30:00,3.07875
2013-08-31 10:30:00,1.39375
2013-09-01 10:30:00,2.2662501
2013-09-02 10:30:00,2.5674999
2013-09-03 10:30:00,1.565
2013-09-04 10:30:00,1.665
2013-09-05 10:30:00,2.1725
2013-09-06 10:30:00,1.7774999
2013-09-07 10:30:00,1.5500001
2013-09-08 10:30:00,1.7524999
2013-09-09 10:30:00,3.1075
2013-09-10 10:30:00,3.51875
2013-09-11 10:30:00,2.45375
2013-09-12 10:30:00,3.8475
2013-09-13 10:30:00,2.595
2013-09-14 10:30:00,5.9275
2013-09-15 10:30:00,4.16375
2013-09-16 10:30:00,3.85625
2013-09-17 10:30:00,2.17875
2013-09-18 10:30:00,4.17875
2013-09-19 10:30:00,7.7437496
2013-09-20 10:30:00,3.51
2013-09-21 10:30:00,2.17125
2013-09-22 10:30:00,5.325
2013-09-23 10:30:00,3.88
2013-09-24 10:30:00,3.06
2013-09-25 10:30:00,2.97375
2013-09-26 10:30:00,3.46625
2013-09-27 10:30:00,3.71125
2013-09-28 10:30:00,2.0575
2013-09-29 10:30:00,0.99375
2013-09-30 10:30:00,4.0625
2013-10-01 10:30:00,2.7175
2013-10-02 10:30:00,3.79
2013-10-03 10:30:00,2.8725
2013-10-04 10:30:00,2.8625
2013-10-05 10:30:00,3.105
2013-10-06 10:30:00,5.2325
2013-10-07 10:30:00,3.37625
2013-10-08 10:30:00,4.28125
2013-10-09 10:30:00,2.49375
2013-10-10 10:30:00,4.34625
2013-10-11 10:30:00,3.03375
2013-10-12 10:30:00,3.19875
2013-10-13 10:30:00,4.3225
2013-10-14 10:30:00,4.7925
2013-10-15 10:30:00,1.735
2013-10-16 10:30:00,1.76875
2013-10-17 10:30:00,2.955
2013-10-18 10:30:00,1.9762499
2013-10-19 10:30:00,1.32375
2013-10-20 10:30:00,1.485
2013-10-21 10:30:00,3.28375
2013-10-22 10:30:00,3.76
2013-10-23 10:30:00,2.91875
2013-10-24 10:30:00,3.045
2013-10-25 10:30:00,2.86
2013-10-26 10:30:00,1.73
2013-10-27 10:30:00,2.63375
2013-10-28 10:30:00,2.435
2013-10-29 10:30:00,2.08125
2013-10-30 10:30:00,2.36625
2013-10-31 10:30:00,1.75875
2013-11-01 10:30:00,1.495
2013-11-02 10:30:00,2.63875
2013-11-03 10:30:00,2.91
2013-11-04 10:30:00,3.58875
2013-11-05 10:30:00,3.0675
2013-11-06 10:30:00,5.85
2013-11-07 10:30:00,2.63
2013-11-08 10:30:00,3.23
2013-11-09 10:30:00,7.12125
2013-11-10 10:30:00,5.14125
2013-11-11 10:30:00,3.1975
2013-11-12 10:30:00,2.35
2013-11-13 10:30:00,3.97625
2013-11-14 10:30:00,2.6475
2013-11-15 10:30:00,2.46375
2013-11-16 10:30:00,3.425
2013-11-17 10:30:00,4.79375
2013-11-18 10:30:00,6.05125
2013-11-19 10:30:00,4.1975
2013-11-20 10:30:00,3.625
2013-11-21 10:30:00,3.46625
2013-11-22 10:30:00,3.35625
2013-11-23 10:30:00,2.40625
2013-11-24 10:30:00,4.45375
2013-11-25 10:30:00,3.73875
2013-11-26 10:30:00,5.88125
2013-11-27 10:30:00,6.39
2013-11-28 10:30:00,4.87625
2013-11-29 10:30:00,3.32375
2013-11-30 10:30:00,3.335
2013-12-01 10:30:00,3.6225
2013-12-02 10:30:00,2.925
2013-12-03 10:30:00,4.60875
2013-12-04 10:30:00,4.55375
2013-12-05 10:30:00,2.94875
2013-12-06 10:30:00,2.00125
2013-12-07 10:30:00,1.60625
2013-12-08 10:30:00,2.74875
2013-12-09 10:30:00,2.32375
2013-12-10 10:30:00,2.145
2013-12-11 10:30:00,1.43625
2013-12-12 10:30:00,5.8175
2013-12-13 10:30:00,6.0175
2013-12-14 10:30:00,4.935
2013-12-15 10:30:00,2.23125
2013-12-16 10:30:00,1.30375
2013-12-17 10:30:00,0.95375
2013-12-18 10:30:00,2.10875
2013-12-19 10:30:00,2.4325001
2013-12-20 10:30:00,3.705
2013-12-21 10:30:00,1.7825
2013-12-22 10:30:00,2.74
2013-12-23 10:30:00,1.725
2013-12-24 10:30:00,2.52625
2013-12-25 10:30:00,1.5
2013-12-26 10:30:00,4.025
2013-12-27 10:30:00,4.505
2013-12-28 10:30:00,4.41625
2013-12-29 10:30:00,3.47625
2013-12-30 10:30:00,4.37375
2013-12-31 10:30:00,5.99625
2014-01-01 10:30:00,3.33
2014-01-02 10:30:00,4.39875
2014-01-03 10:30:00,2.6575
2014-01-04 10:30:00,1.65125
2014-01-05 10:30:00,2.35
2014-01-06 10:30:00,3.96875
2014-01-07 10:30:00,5.17625
2014-01-08 10:30:00,4.66375
2014-01-09 10:30:00,3.31
2014-01-10 10:30:00,3.98625
2014-01-11 10:30:00,4.67375
2014-01-12 10:30:00,3.73875
2014-01-13 10:30:00,2.4837499
2014-01-14 10:30:00,2.5075
2014-01-15 10:30:00,2.07
2014-01-16 10:30:00,1.02
2014-01-17 10:30:00,4.2375
2014-01-18 10:30:00,1.9300001
2014-01-19 10:30:00,3.1287498
2014-01-20 10:30:00,3.03125
2014-01-21 10:30:00,2.83125
2014-01-22 10:30:00,2.09875
2014-01-23 10:30:00,4.05625
2014-01-24 10:30:00,2.63125
2014-01-25 10:30:00,3.25625
2014-01-26 10:30:00,3.8025
2014-01-27 10:30:00,7.3962502
2014-01-28 10:30:00,2.8600001
2014-01-29 10:30:00,4.82625
2014-01-30 10:30:00,4.69625
2014-01-31 10:30:00,1.90625
2014-02-01 10:30:00,5.1262503
2014-02-02 10:30:00,8.92375
2014-02-03 10:30:00,4.50375
2014-02-04 10:30:00,3.4612498
2014-02-05 10:30:00,2.31
2014-02-06 10:30:00,2.4725
2014-02-07 10:30:00,1.7375
2014-02-08 10:30:00,2.34
2014-02-09 10:30:00,2.40375
2014-02-10 10:30:00,1.99875
2014-02-11 10:30:00,2.1925
2014-02-12 10:30:00,1.85375
2014-02-13 10:30:00,3.00125
2014-02-14 10:30:00,3.2549999
2014-02-15 10:30:00,2.4950001
2014-02-16 10:30:00,3.17875
2014-02-17 10:30:00,2.8225
2014-02-18 10:30:00,1.825
2014-02-19 10:30:00,1.47125
2014-02-20 10:30:00,1.815
2014-02-21 10:30:00,1.8375
2014-02-22 10:30:00,1.515
2014-02-23 10:30:00,1.25
2014-02-24 10:30:00,2.6875
2014-02-25 10:30:00,2.655
2014-02-26 10:30:00,5.2375
2014-02-27 10:30:00,4.19625
2014-02-28 10:30:00,2.0987499
2014-03-01 10:30:00,2.75375
2014-03-02 10:30:00,2.7575
2014-03-03 10:30:00,3.3
2014-03-04 10:30:00,3.48875
2014-03-05 10:30:00,3.8587499
2014-03-06 10:30:00,3.42875
2014-03-07 10:30:00,3.41875
2014-03-08 10:30:00,3.92625
2014-03-09 10:30:00,2.88875
2014-03-10 10:30:00,2.6937501
2014-03-11 10:30:00,4.96875
2014-03-12 10:30:00,4.54875
2014-03-13 10:30:00,2.305
2014-03-14 10:30:00,2.7450001
2014-03-15 10:30:00,3.44875
2014-03-16 10:30:00,2.70125
2014-03-17 10:30:00,3.29125
2014-03-18 10:30:00,1.95125
2014-03-19 10:30:00,4.84
2014-03-20 10:30:00,3.40375
2014-03-21 10:30:00,1.9275
2014-03-22 10:30:00,1.8275
2014-03-23 10:30:00,2.04125
2014-03-24 10:30:00,3.10625
2014-03-25 10:30:00,3.0075
2014-03-26 10:30:00,2.38
2014-03-27 10:30:00,2.805
2014-03-28 10:30:00,1.37625
2014-03-29 10:30:00,2.6825001
2014-03-30 10:30:00,4.86
2014-03-31 10:30:00,3.6725
2014-04-01 10:30:00,2.82375
2014-04-02 10:30:00,2.8
2014-04-03 10:30:00,3.75625
2014-04-04 10:30:00,3.97
2014-04-05 10:30:00,2.96625
2014-04-06 10:30:00,5.51375
2014-04-07 10:30:00,2.61875
2014-04-08 10:30:00,3.24125
2014-04-09 10:30:00,3.60125
2014-04-10 10:30:00,1.64
2014-04-11 10:30:00,1.54375
2014-04-12 10:30:00,2.8375
2014-04-13 10:30:00,3.25125
2014-04-14 10:30:00,5.36625
2014-04-15 10:30:00,2.75125
2014-04-16 10:30:00,3.76
2014-04-17 10:30:00,3.635
2014-04-18 10:30:00,2.32375
2014-04-19 10:30:00,3.76125
2014-04-20 10:30:00,5.435
2014-04-21 10:30:00,3.49875
2014-04-22 10:30:00,2.9875
2014-04-23 10:30:00,3.3025
2014-04-24 10:30:00,2.36375
2014-04-25 10:30:00,5.0025
2014-04-26 10:30:00,5.0325
2014-04-27 10:30:00,3.15125
2014-04-28 10:30:00,2.08625
2014-04-29 10:30:00,2.9837499
2014-04-30 10:30:00,2.7325
2014-05-01 10:30:00,4.23375
2014-05-02 10:30:00,3.09125
2014-05-03 10:30:00,3.99125
2014-05-04 10:30:00,3.5075
2014-05-05 10:30:00,4.765
2014-05-06 10:30:00,3.25625
2014-05-07 10:30:00,2.16
2014-05-08 10:30:00,2.4524999
2014-05-09 10:30:00,2.88875
2014-05-10 10:30:00,3.685
2014-05-11 10:30:00,2.5262501
2014-05-12 10:30:00,3.5262501
2014-05-13 10:30:00,3.74625
2014-05-14 10:30:00,5.45125
2014-05-15 10:30:00,3.14625
2014-05-16 10:30:00,1.345
2014-05-17 10:30:00,2.28875
2014-05-18 10:30:00,1.6025001
2014-05-19 10:30:00,1.365
2014-05-20 10:30:00,2.615
2014-05-21 10:30:00,2.405
2014-05-22 10:30:00,4.43375
2014-05-23 10:30:00,1.8924999
2014-05-24 10:30:00,3.63
2014-05-25 10:30:00,6.14625
2014-05-26 10:30:00,4.5425
2014-05-27 10:30:00,2.8425
2014-05-28 10:30:00,4.765
2014-05-29 10:30:00,4.305
2014-05-30 10:30:00,3.4425
2014-05-31 10:30:00,2.93
2014-06-01 10:30:00,2.6924999
2014-06-02 10:30:00,2.15875
2014-06-03 10:30:00,2.0249999
2014-06-04 10:30:00,3.16875
2014-06-05 10:30:00,3.8225
2014-06-06 10:30:00,1.86125
2014-06-07 10:30:00,2.72625
2014-06-08 10:30:00,3.67
2014-06-09 10:30:00,1.7225
2014-06-10 10:30:00,1.69125
2014-06-11 10:30:00,1.65625
2014-06-12 10:30:00,2.22
2014-06-13 10:30:00,1.7275001
2014-06-14 10:30:00,2.1912498
2014-06-15 10:30:00,1.92
2014-06-16 10:30:00,2.745
2014-06-17 10:30:00,3.4325
2014-06-18 10:30:00,2.285
2014-06-19 10:30:00,1.75625
2014-06-20 10:30:00,1.9625
2014-06-21 10:30:00,1.87
2014-06-22 10:30:00,1.5975
2014-06-23 10:30:00,1.29125
2014-06-24 10:30:00,2.27125
2014-06-25 10:30:00,2.45
2014-06-26 10:30:00,2.1875
2014-06-27 10:30:00,3.0125
2014-06-28 10:30:00,2.465
2014-06-29 10:30:00,1.195
2014-06-30 10:30:00,2.5
2014-07-01 10:30:00,2.425
2014-07-02 10:30:00,3.5275
2014-07-03 10:30:00,1.86875
2014-07-04 10:30:00,3.285
2014-07-05 10:30:00,3.3174999
2014-07-06 10:30:00,2.26125
2014-07-07 10:30:00,4.4125
2014-07-08 10:30:00,8.655
2014-07-09 10:30:00,6.1825
2014-07-10 10:30:00,1.5825
2014-07-11 10:30:00,1.62375
2014-07-12 10:30:00,1.81875
2014-07-13 10:30:00,2.3675
2014-07-14 10:30:00,1.67625
2014-07-15 10:30:00,1.905
2014-07-16 10:30:00,1.5425
2014-07-17 10:30:00,1.23
2014-07-18 10:30:00,1.6825
2014-07-19 10:30:00,2.31125
2014-07-20 10:30:00,3.125
2014-07-21 10:30:00,4.6025
2014-07-22 10:30:00,3.555
2014-07-23 10:30:00,3.4025
2014-07-24 10:30:00,1.8199999
2014-07-25 10:30:00,1.57375
2014-07-26 10:30:00,1.35375
2014-07-27 10:30:00,4.17625
2014-07-28 10:30:00,2.34
2014-07-29 10:30:00,1.90125
2014-07-30 10:30:00,1.75625
2014-07-31 10:30:00,3.7925
2014-08-01 10:30:00,2.35625
2014-08-02 10:30:00,1.9237499
2014-08-03 10:30:00,2.225
2014-08-04 10:30:00,2.8025
2014-08-05 10:30:00,2.40625
2014-08-06 10:30:00,2.8925
2014-08-07 10:30:00,1.29625
2014-08-08 10:30:00,4.22875
2014-08-09 10:30:00,2.55875
2014-08-10 10:30:00,1.3
2014-08-11 10:30:00,3.1375
2014-08-12 10:30:00,2.6025
2014-08-13 10:30:00,2.19125
2014-08-14 10:30:00,2.58875
2014-08-15 10:30:00,1.25125
2014-08-16 10:30:00,2.555
2014-08-17 10:30:00,1.1375
2014-08-18 10:30:00,1.6175
2014-08-19 10:30:00,1.51125
2014-08-20 10:30:00,2.34
2014-08-21 10:30:00,1.92125
2014-08-22 10:30:00,2.44
2014-08-23 10:30:00,1.8987501
2014-08-24 10:30:00,2.72125
2014-08-25 10:30:00,1.87875
2014-08-26 10:30:00,2.24875
2014-08-27 10:30:00,2.67375
2014-08-28 10:30:00,3.08375
2014-08-29 10:30:00,1.6800001
2014-08-30 10:30:00,1.39375
2014-08-31 10:30:00,2.05
2014-09-01 10:30:00,0.99125004
2014-09-02 10:30:00,1.8162501
2014-09-03 10:30:00,2.605
2014-09-04 10:30:00,2.525
2014-09-05 10:30:00,1.91875
2014-09-06 10:30:00,1.8625
2014-09-07 10:30:00,3.93
2014-09-08 10:30:00,4.2925
2014-09-09 10:30:00,2.3799999
2014-09-10 10:30:00,1.45375
2014-09-11 10:30:00,2.24625
2014-09-12 10:30:00,2.41
2014-09-13 10:30:00,3.35875
2014-09-14 10:30:00,5.81375
2014-09-15 10:30:00,4.26
2014-09-16 10:30:00,1.905
2014-09-17 10:30:00,2.3899999
2014-09-18 10:30:00,1.56375
2014-09-19 10:30:00,1.145
2014-09-20 10:30:00,2.055
2014-09-21 10:30:00,1.25875
2014-09-22 10:30:00,2.99125
2014-09-23 10:30:00,1.04
2014-09-24 10:30:00,2.155
2014-09-25 10:30:00,2.02125
2014-09-26 10:30:00,3.42875
2014-09-27 10:30:00,2.5774999
2014-09-28 10:30:00,2.65625
2014-09-29 10:30:00,2.9087498
2014-09-30 10:30:00,3.1875
2014-10-01 10:30:00,1.8325
2014-10-02 10:30:00,1.93875
2014-10-03 10:30:00,2.03125
2014-10-04 10:30:00,2.57
2014-10-05 10:30:00,2.595
2014-10-06 10:30:00,2.3700001
2014-10-07 10:30:00,1.66125
2014-10-08 10:30:00,2.26625
2014-10-09 10:30:00,1.4375
2014-10-10 10:30:00,3.0075
2014-10-11 10:30:00,6.06625
2014-10-12 10:30:00,4.585
2014-10-13 10:30:00,2.1725
2014-10-14 10:30:00,2.12875
2014-10-15 10:30:00,5.7975
2014-10-16 10:30:00,1.625
2014-10-17 10:30:00,1.92375
2014-10-18 10:30:00,3.61125
2014-10-19 10:30:00,4.7925
2014-10-20 10:30:00,3.825
2014-10-21 10:30:00,1.76875
2014-10-22 10:30:00,3.315
2014-10-23 10:30:00,2.6125
2014-10-24 10:30:00,2.69125
2014-10-25 10:30:00,5.17875
2014-10-26 10:30:00,5.88625
2014-10-27 10:30:00,2.49125
2014-10-28 10:30:00,1.7175
2014-10-29 10:30:00,1.92625
2014-10-30 10:30:00,2.015
2014-10-31 10:30:00,3.97375
2014-11-01 10:30:00,4.33125
2014-11-02 10:30:00,4.53375
2014-11-03 10:30:00,2.43625
2014-11-04 10:30:00,3.77625
2014-11-05 10:30:00,5.7999997
2014-11-06 10:30:00,3.27
2014-11-07 10:30:00,3.89
2014-11-08 10:30:00,3.03375
2014-11-09 10:30:00,3.0975
2014-11-10 10:30:00,3.14625
2014-11-11 10:30:00,5.3725
2014-11-12 10:30:00,5.87875
2014-11-13 10:30:00,4.10625
2014-11-14 10:30:00,3.16625
2014-11-15 10:30:00,2.65
2014-11-16 10:30:00,1.9725
2014-11-17 10:30:00,2.455
2014-11-18 10:30:00,2.4950001
2014-11-19 10:30:00,2.6675
2014-11-20 10:30:00,4.945
2014-11-21 10:30:00,3.36
2014-11-22 10:30:00,3.10875
2014-11-23 10:30:00,3.8387501
2014-11-24 10:30:00,2.00125
2014-11-25 10:30:00,3.275
2014-11-26 10:30:00,6.875
2014-11-27 10:30:00,2.7625
2014-11-28 10:30:00,2.84625
2014-11-29 10:30:00,1.915
2014-11-30 10:30:00,5.48125
2014-12-01 10:30:00,5.5475
2014-12-02 10:30:00,7.755
2014-12-03 10:30:00,7.20875
2014-12-04 10:30:00,5.36875
2014-12-05 10:30:00,4.3975
2014-12-06 10:30:00,2.97375
2014-12-07 10:30:00,3.19625
2014-12-08 10:30:00,3.1925
2014-12-09 10:30:00,2.36125
2014-12-10 10:30:00,2.91625
2014-12-11 10:30:00,3.2725
2014-12-12 10:30:00,4.72625
2014-12-13 10:30:00,3.3925
2014-12-14 10:30:00,1.615
2014-12-15 10:30:00,4.13125
2014-12-16 10:30:00,3.19625
2014-12-17 10:30:00,1.6475
2014-12-18 10:30:00,1.85125
2014-12-19 10:30:00,4.39125
2014-12-20 10:30:00,4.08625
2014-12-21 10:30:00,3.225
2014-12-22 10:30:00,1.84875
2014-12-23 10:30:00,4.38875
2014-12-24 10:30:00,3.93375
2014-12-25 10:30:00,3.20875
2014-12-26 10:30:00,2.44875
2014-12-27 10:30:00,3.72375
2014-12-28 10:30:00,3.215
2014-12-29 10:30:00,2.2575
2014-12-30 10:30:00,4.53375
2014-12-31 10:30:00,5.38875
2015-01-01 10:30:00,3.525
2015-01-02 10:30:00,3.47125
2015-01-03 10:30:00,3.845
2015-01-04 10:30:00,3.06125
2015-01-05 10:30:00,7.8275
2015-01-06 10:30:00,4.82125
2015-01-07 10:30:00,2.1775
2015-01-08 10:30:00,2.4725
2015-01-09 10:30:00,3.3075001
2015-01-10 10:30:00,3.4
2015-01-11 10:30:00,2.5425
2015-01-12 10:30:00,1.825
2015-01-13 10:30:00,1.74625
2015-01-14 10:30:00,1.27625
2015-01-15 10:30:00,1.2225
2015-01-16 10:30:00,5.2375
2015-01-17 10:30:00,2.89375
2015-01-18 10:30:00,2.55375
2015-01-19 10:30:00,1.36125
2015-01-20 10:30:00,1.6899999
2015-01-21 10:30:00,2.0575
2015-01-22 10:30:00,1.95375
2015-01-23 10:30:00,3.80875
2015-01-24 10:30:00,1.8
2015-01-25 10:30:00,3.98875
2015-01-26 10:30:00,4.7487497
2015-01-27 10:30:00,3.6
2015-01-28 10:30:00,2.56
2015-01-29 10:30:00,4.58625
2015-01-30 10:30:00,4.37875
2015-01-31 10:30:00,2.61875
2015-02-01 10:30:00,2.87125
2015-02-02 10:30:00,1.995
2015-02-03 10:30:00,3.54375
2015-02-04 10:30:00,3.34625
2015-02-05 10:30:00,3.76375
2015-02-06 10:30:00,6.42875
2015-02-07 10:30:00,6.1725
2015-02-08 10:30:00,3.7875
2015-02-09 10:30:00,2.79625
2015-02-10 10:30:00,3.5975
2015-02-11 10:30:00,4.11
2015-02-12 10:30:00,2.9225001
2015-02-13 10:30:00,2.6675
2015-02-14 10:30:00,2.6675
2015-02-15 10:30:00,2.20875
2015-02-16 10:30:00,1.89375
2015-02-17 10:30:00,3.42625
2015-02-18 10:30:00,2.38625
2015-02-19 10:30:00,2.07875
2015-02-20 10:30:00,1.82625
2015-02-21 10:30:00,4.0575
2015-02-22 10:30:00,6.82375
2015-02-23 10:30:00,3.74
2015-02-24 10:30:00,3.1125
2015-02-25 10:30:00,4.06125
2015-02-26 10:30:00,3.395
2015-02-27 10:30:00,2.255
2015-02-28 10:30:00,3.20125
2015-03-01 10:30:00,3.9825
2015-03-02 10:30:00,3.9825
2015-03-03 10:30:00,3.98125
2015-03-04 10:30:00,3.1475
2015-03-05 10:30:00,2.8925
2015-03-06 10:30:00,3.42
2015-03-07 10:30:00,3.2325
2015-03-08 10:30:00,5.72375
2015-03-09 10:30:00,4.66
2015-03-10 10:30:00,3.96875
2015-03-11 10:30:00,5.3925
2015-03-12 10:30:00,3.83375
2015-03-13 10:30:00,2.97
2015-03-14 10:30:00,3.2675
2015-03-15 10:30:00,3.66625
2015-03-16 10:30:00,4.67875
2015-03-17 10:30:00,2.73125
2015-03-18 10:30:00,3.6074998
2015-03-19 10:30:00,4.28375
2015-03-20 10:30:00,3.755
2015-03-21 10:30:00,6.34
2015-03-22 10:30:00,5.2475
2015-03-23 10:30:00,2.815
2015-03-24 10:30:00,2.46
2015-03-25 10:30:00,3.4
2015-03-26 10:30:00,6.985
2015-03-27 10:30:00,4.2125
2015-03-28 10:30:00,4.15625
2015-03-29 10:30:00,4.0075
2015-03-30 10:30:00,2.43875
2015-03-31 10:30:00,2.78625
2015-04-01 10:30:00,2.64375
2015-04-02 10:30:00,2.10375
2015-04-03 10:30:00,2.34375
2015-04-04 10:30:00,2.56125
2015-04-05 10:30:00,3.9099998
2015-04-06 10:30:00,2.3975
2015-04-07 10:30:00,3.1825001
2015-04-08 10:30:00,2.35375
2015-04-09 10:30:00,2.8525
2015-04-10 10:30:00,1.9325
2015-04-11 10:30:00,2.27125
2015-04-12 10:30:00,1.09625
2015-04-13 10:30:00,4.67125
2015-04-14 10:30:00,2.255
2015-04-15 10:30:00,5.955
2015-04-16 10:30:00,3.88375
2015-04-17 10:30:00,3.3587499
2015-04-18 10:30:00,4.3075
2015-04-19 10:30:00,5.2725
2015-04-20 10:30:00,4.2325
2015-04-21 10:30:00,3.05125
2015-04-22 10:30:00,4.77875
2015-04-23 10:30:00,4.435
2015-04-24 10:30:00,2.965
2015-04-25 10:30:00,3.4624999
2015-04-26 10:30:00,3.06
2015-04-27 10:30:00,2.3925
2015-04-28 10:30:00,2.13875
2015-04-29 10:30:00,3.6575
2015-04-30 10:30:00,2.9862502
2015-05-01 10:30:00,3.1325
2015-05-02 10:30:00,4.8475
2015-05-03 10:30:00,6.56375
2015-05-04 10:30:00,5.73375
2015-05-05 10:30:00,6.7875
2015-05-06 10:30:00,4.515
2015-05-07 10:30:00,3.0225
2015-05-08 10:30:00,1.875
2015-05-09 10:30:00,1.91125
2015-05-10 10:30:00,1.835
2015-05-11 10:30:00,1.56125
2015-05-12 10:30:00,2.86625
2015-05-13 10:30:00,2.42
2015-05-14 10:30:00,4.39375
2015-05-15 10:30:00,5.4275
2015-05-16 10:30:00,3.35375
2015-05-17 10:30:00,2.06125
2015-05-18 10:30:00,2.92625
2015-05-19 10:30:00,2.635
2015-05-20 10:30:00,2.94875
2015-05-21 10:30:00,3.4475
2015-05-22 10:30:00,2.9125
2015-05-23 10:30:00,3.2
2015-05-24 10:30:00,3.2425
2015-05-25 10:30:00,1.5925
2015-05-26 10:30:00,2.8912501
2015-05-27 10:30:00,1.945
2015-05-28 10:30:00,2.42
2015-05-29 10:30:00,4.7287498
2015-05-30 10:30:00,2.36625
2015-05-31 10:30:00,2.695
2015-06-01 10:30:00,3.53375
2015-06-02 10:30:00,3.34875
2015-06-03 10:30:00,2.6975
2015-06-04 10:30:00,2.44
2015-06-05 10:30:00,2.2175
2015-06-06 10:30:00,2.3487499
2015-06-07 10:30:00,3.02375
2015-06-08 10:30:00,2.30125
2015-06-09 10:30:00,1.46875
2015-06-10 10:30:00,3.3575
2015-06-11 10:30:00,2.19875
2015-06-12 10:30:00,1.8987501
2015-06-13 10:30:00,1.3
2015-06-14 10:30:00,1.29625
2015-06-15 10:30:00,1.92125
2015-06-16 10:30:00,2.59875
2015-06-17 10:30:00,2.765
2015-06-18 10:30:00,2.07125
2015-06-19 10:30:00,1.14375
2015-06-20 10:30:00,1.31625
2015-06-21 10:30:00,2.2275
2015-06-22 10:30:00,2.3274999
2015-06-23 10:30:00,2.1325
2015-06-24 10:30:00,2.23
2015-06-25 10:30:00,1.94875
2015-06-26 10:30:00,1.95625
2015-06-27 10:30:00,1.8975
2015-06-28 10:30:00,1.9125
2015-06-29 10:30:00,3.07375
2015-06-30 10:30:00,2.43375
2015-07-01 10:30:00,3.02
2015-07-02 10:30:00,2.88875
2015-07-03 10:30:00,2.07875
2015-07-04 10:30:00,2.31
2015-07-05 10:30:00,2.31
2015-07-06 10:30:00,2.11125
2015-07-07 10:30:00,2.1725001
2015-07-08 10:30:00,2.79375
2015-07-09 10:30:00,2.72625
2015-07-10 10:30:00,2.42625
2015-07-11 10:30:00,1.87875
2015-07-12 10:30:00,1.68625
2015-07-13 10:30:00,2.4775
2015-07-14 10:30:00,2.02125
2015-07-15 10:30:00,3.08375
2015-07-16 10:30:00,2.04875
2015-07-17 10:30:00,1.3774999
2015-07-18 10:30:00,2.4825
2015-07-19 10:30:00,1.86125
2015-07-20 10:30:00,2.90125
2015-07-21 10:30:00,1.53
2015-07-22 10:30:00,2.16875
2015-07-23 10:30:00,1.85125
2015-07-24 10:30:00,2.4337502
2015-07-25 10:30:00,2.6425
2015-07-26 10:30:00,5.00375
2015-07-27 10:30:00,4.07125
2015-07-28 10:30:00,1.92375
2015-07-29 10:30:00,2.08
2015-07-30 10:30:00,2.905
2015-07-31 10:30:00,2.10125
2015-08-01 10:30:00,3.3899999
2015-08-02 10:30:00,6.00125
2015-08-03 10:30:00,4.4175
2015-08-04 10:30:00,3.4475
2015-08-05 10:30:00,2.4112499
2015-08-06 10:30:00,2.13625
2015-08-07 10:30:00,2.0075
2015-08-08 10:30:00,2.86625
2015-08-09 10:30:00,2.57625
2015-08-10 10:30:00,2.7925
2015-08-11 10:30:00,1.92
2015-08-12 10:30:00,2.0774999
2015-08-13 10:30:00,2.3825
2015-08-14 10:30:00,1.8975
2015-08-15 10:30:00,3.16125
2015-08-16 10:30:00,3.0875
2015-08-17 10:30:00,2.20375
2015-08-18 10:30:00,1.87625
2015-08-19 10:30:00,2.295
2015-08-20 10:30:00,2.435
2015-08-21 10:30:00,2.55375
2015-08-22 10:30:00,1.975
2015-08-23 10:30:00,1.885
2015-08-24 10:30:00,2.615
2015-08-25 10:30:00,2.68
2015-08-26 10:30:00,2.37375
2015-08-27 10:30:00,3.055
2015-08-28 10:30:00,3.3425
2015-08-29 10:30:00,2.60125
2015-08-30 10:30:00,2.2275
2015-08-31 10:30:00,1.9125
2015-09-01 10:30:00,2.20875
2015-09-02 10:30:00,2.92125
2015-09-03 10:30:00,1.66875
2015-09-04 10:30:00,2.445
2015-09-05 10:30:00,1.35125
2015-09-06 10:30:00,2.05
2015-09-07 10:30:00,3.04125
2015-09-08 10:30:00,2.8575
2015-09-09 10:30:00,3.31125
2015-09-10 10:30:00,2.9737499
2015-09-11 10:30:00,2.93625
2015-09-12 10:30:00,2.88125
2015-09-13 10:30:00,2.57125
2015-09-14 10:30:00,2.62625
2015-09-15 10:30:00,2.29875
2015-09-16 10:30:00,2.62625
2015-09-17 10:30:00,1.59375
2015-09-18 10:30:00,2.26625
2015-09-19 10:30:00,1.84625
2015-09-20 10:30:00,2.78125
2015-09-21 10:30:00,1.625
2015-09-22 10:30:00,2.1775
2015-09-23 10:30:00,2.845
2015-09-24 10:30:00,3.42375
2015-09-25 10:30:00,3.93625
2015-09-26 10:30:00,3.3775
2015-09-27 10:30:00,2.93875
2015-09-28 10:30:00,3.20875
2015-09-29 10:30:00,2.39625
2015-09-30 10:30:00,4.525
2015-10-01 10:30:00,6.1725
2015-10-02 10:30:00,7.38875
2015-10-03 10:30:00,4.23375
2015-10-04 10:30:00,2.875
2015-10-05 10:30:00,3.3587499
2015-10-06 10:30:00,2.3425
2015-10-07 10:30:00,5.2475
2015-10-08 10:30:00,4.3725
2015-10-09 10:30:00,2.07125
2015-10-10 10:30:00,3.87125
2015-10-11 10:30:00,4.545
2015-10-12 10:30:00,3.22625
2015-10-13 10:30:00,2.05625
2015-10-14 10:30:00,2.09625
2015-10-15 10:30:00,2.3725
2015-10-16 10:30:00,4.3
2015-10-17 10:30:00,4.7225
2015-10-18 10:30:00,4.12125
2015-10-19 10:30:00,4.605
2015-10-20 10:30:00,2.4537501
2015-10-21 10:30:00,4.15
2015-10-22 10:30:00,4.1975
2015-10-23 10:30:00,4.89875
2015-10-24 10:30:00,3.635
2015-10-25 10:30:00,2.02125
2015-10-26 10:30:00,7.38375
2015-10-27 10:30:00,5.92375
2015-10-28 10:30:00,6.045
2015-10-29 10:30:00,4.80125
2015-10-30 10:30:00,4.3875
2015-10-31 10:30:00,3.9725
2015-11-01 10:30:00,3.3075001
2015-11-02 10:30:00,2.05125
2015-11-03 10:30:00,3.9525
2015-11-04 10:30:00,5.175
2015-11-05 10:30:00,4.13875
2015-11-06 10:30:00,1.965
2015-11-07 10:30:00,2.30875
2015-11-08 10:30:00,2.11125
2015-11-09 10:30:00,1.5775
2015-11-10 10:30:00,2.2925
2015-11-11 10:30:00,1.355
2015-11-12 10:30:00,1.75875
2015-11-13 10:30:00,2.555
2015-11-14 10:30:00,3.625
2015-11-15 10:30:00,4.29
2015-11-16 10:30:00,3.0075
2015-11-17 10:30:00,2.6125
2015-11-18 10:30:00,2.31875
2015-11-19 10:30:00,1.075
2015-11-20 10:30:00,1.66625
2015-11-21 10:30:00,2.58
2015-11-22 10:30:00,2.5225
2015-11-23 10:30:00,2.42125
2015-11-24 10:30:00,2.0775
2015-11-25 10:30:00,1.9825
2015-11-26 10:30:00,2.25125
2015-11-27 10:30:00,2.30875
2015-11-28 10:30:00,1.7875
2015-11-29 10:30:00,2.37625
2015-11-30 10:30:00,1.4325
2015-12-01 10:30:00,2.29125
2015-12-02 10:30:00,1.70875
2015-12-03 10:30:00,6.18
2015-12-04 10:30:00,4.7375
2015-12-05 10:30:00,3.46875
2015-12-06 10:30:00,1.3325
2015-12-07 10:30:00,1.3275
2015-12-08 10:30:00,3.3875
2015-12-09 10:30:00,2.27375
2015-12-10 10:30:00,3.01875
2015-12-11 10:30:00,2.3775
2015-12-12 10:30:00,2.65125
2015-12-13 10:30:00,1.695
2015-12-14 10:30:00,3.465
2015-12-15 10:30:00,4.73
2015-12-16 10:30:00,3.9925
2015-12-17 10:30:00,4.05
2015-12-18 10:30:00,4.24875
2015-12-19 10:30:00,2.9075
2015-12-20 10:30:00,2.36125
2015-12-21 10:30:00,2.6712499
2015-12-22 10:30:00,3.75
2015-12-23 10:30:00,3.75875
2015-12-24 10:30:00,2.65
2015-12-25 10:30:00,2.97875
2015-12-26 10:30:00,3.955
2015-12-27 10:30:00,3.97
2015-12-28 10:30:00,3.12
2015-12-29 10:30:00,2.425
2015-12-30 10:30:00,2.9525
2015-12-31 10:30:00,2.92375
2016-01-01 10:30:00,2.9325001
2016-01-02 10:30:00,2.4025002
2016-01-03 10:30:00,4.17875
2016-01-04 10:30:00,5.1875
2016-01-05 10:30:00,4.71375
2016-01-06 10:30:00,3.74375
2016-01-07 10:30:00,3.39375
2016-01-08 10:30:00,2.9925
2016-01-09 10:30:00,3.82125
2016-01-10 10:30:00,4.53125
2016-01-11 10:30:00,4.6887503
2016-01-12 10:30:00,4.225
2016-01-13 10:30:00,3.74875
2016-01-14 10:30:00,1.83125
2016-01-15 10:30:00,2.1125
2016-01-16 10:30:00,3.0549998
2016-01-17 10:30:00,3.44
2016-01-18 10:30:00,2.4075
2016-01-19 10:30:00,2.2925
2016-01-20 10:30:00,2.21125
2016-01-21 10:30:00,3.2549999
2016-01-22 10:30:00,3.6575
2016-01-23 10:30:00,4.395
2016-01-24 10:30:00,5.78375
2016-01-25 10:30:00,5.835
2016-01-26 10:30:00,6.1675
2016-01-27 10:30:00,3.46
2016-01-28 10:30:00,2.5025
2016-01-29 10:30:00,3.06125
2016-01-30 10:30:00,4.38
2016-01-31 10:30:00,3.67375
2016-02-01 10:30:00,3.6125
2016-02-02 10:30:00,3.89625
2016-02-03 10:30:00,5.20125
2016-02-04 10:30:00,4.34
2016-02-05 10:30:00,4.07125
2016-02-06 10:30:00,4.1475
2016-02-07 10:30:00,2.4125001
2016-02-08 10:30:00,3.52625
2016-02-09 10:30:00,1.73
2016-02-10 10:30:00,1.825
2016-02-11 10:30:00,2.655
2016-02-12 10:30:00,4.53625
2016-02-13 10:30:00,5.16375
2016-02-14 10:30:00,5.93125
2016-02-15 10:30:00,5.66875
2016-02-16 10:30:00,4.8275
2016-02-17 10:30:00,4.28625
2016-02-18 10:30:00,4.95125
2016-02-19 10:30:00,4.9625
2016-02-20 10:30:00,4.8675
2016-02-21 10:30:00,3.65625
2016-02-22 10:30:00,3.44375
2016-02-23 10:30:00,4.24
2016-02-24 10:30:00,3.56125
2016-02-25 10:30:00,3.38875
2016-02-26 10:30:00,2.165
2016-02-27 10:30:00,2.8125
2016-02-28 10:30:00,3.825
2016-02-29 10:30:00,5.1175
2016-03-01 10:30:00,3.35
2016-03-02 10:30:00,3.64375
2016-03-03 10:30:00,2.54125
2016-03-04 10:30:00,4.37125
2016-03-05 10:30:00,6.3275003
2016-03-06 10:30:00,3.6274998
2016-03-07 10:30:00,5.19875
2016-03-08 10:30:00,6.045
2016-03-09 10:30:00,4.8275
2016-03-10 10:30:00,4.4700003
2016-03-11 10:30:00,3.71125
2016-03-12 10:30:00,5.0612497
2016-03-13 10:30:00,3.615
2016-03-14 10:30:00,3.9637501
2016-03-15 10:30:00,4.7125
2016-03-16 10:30:00,1.9
2016-03-17 10:30:00,7.05125
2016-03-18 10:30:00,3.74625
2016-03-19 10:30:00,2.84
2016-03-20 10:30:00,3.0075
2016-03-21 10:30:00,4.09
2016-03-22 10:30:00,4.79
2016-03-23 10:30:00,4.0575
2016-03-24 10:30:00,3.17375
2016-03-25 10:30:00,3.29
2016-03-26 10:30:00,3.425
2016-03-27 10:30:00,4.46
2016-03-28 10:30:00,5.66
2016-03-29 10:30:00,5.79625
2016-03-30 10:30:00,3.85125
2016-03-31 10:30:00,2.4975
2016-04-01 10:30:00,8.9487505
2016-04-02 10:30:00,7.8075
2016-04-03 10:30:00,4.55375
2016-04-04 10:30:00,3.8225
2016-04-05 10:30:00,3.16625
2016-04-06 10:30:00,4.50125
2016-04-07 10:30:00,6.4275
2016-04-08 10:30:00,7.14125
2016-04-09 10:30:00,4.27875
2016-04-10 10:30:00,3.335
2016-04-11 10:30:00,4.02625
2016-04-12 10:30:00,2.09625
2016-04-13 10:30:00,2.76
2016-04-14 10:30:00,3.14375
2016-04-15 10:30:00,4.77625
2016-04-16 10:30:00,2.86
2016-04-17 10:30:00,3.5375
2016-04-18 10:30:00,3.1275
2016-04-19 10:30:00,5.4325
2016-04-20 10:30:00,6.05875
2016-04-21 10:30:00,8.97875
2016-04-22 10:30:00,7.21625
2016-04-23 10:30:00,4.22125
2016-04-24 10:30:00,4.745
2016-04-25 10:30:00,2.7325
2016-04-26 10:30:00,3.36
2016-04-27 10:30:00,3.06
2016-04-28 10:30:00,2.325
2016-04-29 10:30:00,4.1875
2016-04-30 10:30:00,3.68125
2016-05-01 10:30:00,3.2962499
2016-05-02 10:30:00,3.95125
2016-05-03 10:30:00,5.34875
2016-05-04 10:30:00,2.26875
2016-05-05 10:30:00,5.59375
2016-05-06 10:30:00,6.38
2016-05-07 10:30:00,4.40625
2016-05-08 10:30:00,5.27375
2016-05-09 10:30:00,3.55375
2016-05-10 10:30:00,3.76375
2016-05-11 10:30:00,3.64375
2016-05-12 10:30:00,5.605
2016-05-13 10:30:00,4.8
2016-05-14 10:30:00,5.84125
2016-05-15 10:30:00,5.0325
2016-05-16 10:30:00,3.18625
2016-05-17 10:30:00,4.44875
2016-05-18 10:30:00,3.73125
2016-05-19 10:30:00,4.5575
2016-05-20 10:30:00,5.21375
2016-05-21 10:30:00,3.74625
2016-05-22 10:30:00,2.04
2016-05-23 10:30:00,2.9524999
2016-05-24 10:30:00,2.735
2016-05-25 10:30:00,4.0724998
2016-05-26 10:30:00,6.155
2016-05-27 10:30:00,3.2625
2016-05-28 10:30:00,6.01875
2016-05-29 10:30:00,6.73625
2016-05-30 10:30:00,4.99375
2016-05-31 10:30:00,3.26
2016-06-01 10:30:00,2.27375
2016-06-02 10:30:00,2.46625
2016-06-03 10:30:00,2.29625
2016-06-04 10:30:00,2.46375
2016-06-05 10:30:00,3.9099998
2016-06-06 10:30:00,2.2925
2016-06-07 10:30:00,3.25
2016-06-08 10:30:00,3.4624999
2016-06-09 10:30:00,3.1075
2016-06-10 10:30:00,3.575
2016-06-11 10:30:00,2.83125
2016-06-12 10:30:00,3.025
2016-06-13 10:30:00,2.74125
2016-06-14 10:30:00,2.6175
2016-06-15 10:30:00,2.66125
2016-06-16 10:30:00,2.35625
2016-06-17 10:30:00,2.27
2016-06-18 10:30:00,2.33375
2016-06-19 10:30:00,1.99
2016-06-20 10:30:00,3.00875
2016-06-21 10:30:00,2.8725
2016-06-22 10:30:00,3.20625
2016-06-23 10:30:00,3.0625
2016-06-24 10:30:00,2.90125
2016-06-25 10:30:00,3.31125
2016-06-26 10:30:00,2.0175
2016-06-27 10:30:00,3.45625
2016-06-28 10:30:00,3.45125
2016-06-29 10:30:00,1.80625
2016-06-30 10:30:00,1.94875
2016-07-01 10:30:00,1.82875
2016-07-02 10:30:00,3.1875
2016-07-03 10:30:00,1.8075
2016-07-04 10:30:00,3.11
2016-07-05 10:30:00,2.53625
2016-07-06 10:30:00,2.2925
2016-07-07 10:30:00,1.87375
2016-07-08 10:30:00,1.95875
2016-07-09 10:30:00,3.06875
2016-07-10 10:30:00,4.86
2016-07-11 10:30:00,2.87625
2016-07-12 10:30:00,2.9975
2016-07-13 10:30:00,3.44375
2016-07-14 10:30:00,2.69875
2016-07-15 10:30:00,2.75875
2016-07-16 10:30:00,2.12625
2016-07-17 10:30:00,2.34125
2016-07-18 10:30:00,3.45
2016-07-19 10:30:00,2.23375
2016-07-20 10:30:00,2.3587499
2016-07-21 10:30:00,2.31875
2016-07-22 10:30:00,2.99
2016-07-23 10:30:00,4.12625
2016-07-24 10:30:00,4.3375
2016-07-25 10:30:00,2.695
2016-07-26 10:30:00,3.01
2016-07-27 10:30:00,2.66625
2016-07-28 10:30:00,1.79125
2016-07-29 10:30:00,1.32625
2016-07-30 10:30:00,2.55
2016-07-31 10:30:00,2.12125
2016-08-01 10:30:00,1.68625
2016-08-02 10:30:00,2.795
2016-08-03 10:30:00,1.87875
2016-08-04 10:30:00,3.7475
2016-08-05 10:30:00,4.125
2016-08-06 10:30:00,2.74875
2016-08-07 10:30:00,3.045
2016-08-08 10:30:00,2.3225
2016-08-09 10:30:00,2.1725
2016-08-10 10:30:00,3.185
2016-08-11 10:30:00,3.75
2016-08-12 10:30:00,3.8325
2016-08-13 10:30:00,4.0475
2016-08-14 10:30:00,3.1675
2016-08-15 10:30:00,3.1887498
2016-08-16 10:30:00,1.97875
2016-08-17 10:30:00,2.01
2016-08-18 10:30:00,2.66625
2016-08-19 10:30:00,2.595
2016-08-20 10:30:00,2.29875
2016-08-21 10:30:00,2.98625
2016-08-22 10:30:00,1.5699999
2016-08-23 10:30:00,1.5675
2016-08-24 10:30:00,3.3725
2016-08-25 10:30:00,4.53625
2016-08-26 10:30:00,2.42375
2016-08-27 10:30:00,2.22125
2016-08-28 10:30:00,2.15125
2016-08-29 10:30:00,2.52875
2016-08-30 10:30:00,2.805
2016-08-31 10:30:00,5.18875
2016-09-01 10:30:00,2.61625
2016-09-02 10:30:00,1.74
2016-09-03 10:30:00,1.795
2016-09-04 10:30:00,1.88375
2016-09-05 10:30:00,1.2987499
2016-09-06 10:30:00,1.86875
2016-09-07 10:30:00,1.88
2016-09-08 10:30:00,2.11
2016-09-09 10:30:00,1.9175
2016-09-10 10:30:00,2.4225001
2016-09-11 10:30:00,2.28625
2016-09-12 10:30:00,1.52
2016-09-13 10:30:00,2.05875
2016-09-14 10:30:00,1.85
2016-09-15 10:30:00,4.2775
2016-09-16 10:30:00,2.53625
2016-09-17 10:30:00,1.65625
2016-09-18 10:30:00,2.37375
2016-09-19 10:30:00,3.08125
2016-09-20 10:30:00,2.41125
2016-09-21 10:30:00,2.2649999
2016-09-22 10:30:00,2.01875
2016-09-23 10:30:00,2.04375
2016-09-24 10:30:00,4.37375
2016-09-25 10:30:00,2.1025
2016-09-26 10:30:00,3.6412501
2016-09-27 10:30:00,2.625
2016-09-28 10:30:00,2.72625
2016-09-29 10:30:00,2.46375
2016-09-30 10:30:00,2.0075
2016-10-01 10:30:00,4.1875
2016-10-02 10:30:00,2.5225
2016-10-03 10:30:00,3.02375
2016-10-04 10:30:00,1.65125
2016-10-05 10:30:00,2.9425
2016-10-06 10:30:00,2.75625
2016-10-07 10:30:00,3.1675
2016-10-08 10:30:00,3.9325
2016-10-09 10:30:00,2.78875
2016-10-10 10:30:00,2.21
2016-10-11 10:30:00,2.63125
2016-10-12 10:30:00,2.2925
2016-10-13 10:30:00,1.82625
2016-10-14 10:30:00,2.21625
2016-10-15 10:30:00,4.035
2016-10-16 10:30:00,5.965
2016-10-17 10:30:00,3.03875
2016-10-18 10:30:00,3.505
2016-10-19 10:30:00,2.83
2016-10-20 10:30:00,3.9325
2016-10-21 10:30:00,1.74625
2016-10-22 10:30:00,2.2825
2016-10-23 10:30:00,2.4725
2016-10-24 10:30:00,3.23875
2016-10-25 10:30:00,4.47125
2016-10-26 10:30:00,2.6975
2016-10-27 10:30:00,2.90625
2016-10-28 10:30:00,3.085
2016-10-29 10:30:00,2.65875
2016-10-30 10:30:00,4.9875
2016-10-31 10:30:00,3.51
2016-11-01 10:30:00,2.825
2016-11-02 10:30:00,2.7649999
2016-11-03 10:30:00,2.5225
2016-11-04 10:30:00,2.2375
2016-11-05 10:30:00,3.07375
2016-11-06 10:30:00,2.95375
2016-11-07 10:30:00,3.3062499
2016-11-08 10:30:00,2.96125
2016-11-09 10:30:00,2.5925
2016-11-10 10:30:00,3.26875
2016-11-11 10:30:00,2.7525
2016-11-12 10:30:00,2.205
2016-11-13 10:30:00,4.895
2016-11-14 10:30:00,4.48375
2016-11-15 10:30:00,2.58875
2016-11-16 10:30:00,2.25875
2016-11-17 10:30:00,2.5275
2016-11-18 10:30:00,2.0275
2016-11-19 10:30:00,3.9075
2016-11-20 10:30:00,4.1262503
2016-11-21 10:30:00,5.14375
2016-11-22 10:30:00,3.8875
2016-11-23 10:30:00,3.825
2016-11-24 10:30:00,2.0675
2016-11-25 10:30:00,1.88
2016-11-26 10:30:00,4.3450003
2016-11-27 10:30:00,3.0175
2016-11-28 10:30:00,3.30125
2016-11-29 10:30:00,2.3274999
2016-11-30 10:30:00,6.4175
2016-12-01 10:30:00,5.46375
2016-12-02 10:30:00,4.2087502
2016-12-03 10:30:00,4.79875
2016-12-04 10:30:00,2.175
2016-12-05 10:30:00,3.40375
2016-12-06 10:30:00,1.37875
2016-12-07 10:30:00,3.11
2016-12-08 10:30:00,3.28
2016-12-09 10:30:00,2.93875
2016-12-10 10:30:00,2.38625
2016-12-11 10:30:00,2.3725
2016-12-12 10:30:00,3.7125
2016-12-13 10:30:00,3.2275
2016-12-14 10:30:00,2.07875
2016-12-15 10:30:00,4.48375
2016-12-16 10:30:00,2.64625
2016-12-17 10:30:00,2.525
2016-12-18 10:30:00,2.03875
2016-12-19 10:30:00,1.9575
2016-12-20 10:30:00,2.5487502
2016-12-21 10:30:00,2.77375
2016-12-22 10:30:00,3.33875
2016-12-23 10:30:00,2.10375
2016-12-24 10:30:00,2.00875
2016-12-25 10:30:00,4.59875
2016-12-26 10:30:00,4.36875
2016-12-27 10:30:00,2.93875
2016-12-28 10:30:00,4.75625
2016-12-29 10:30:00,2.62625
2016-12-30 10:30:00,3.13375
2016-12-31 10:30:00,2.23625
2017-01-01 10:30:00,3.935
2017-01-02 10:30:00,3.7887502
2017-01-03 10:30:00,3.79875
2017-01-04 10:30:00,1.80125
2017-01-05 10:30:00,1.1274999
2017-01-06 10:30:00,1.5925
2017-01-07 10:30:00,2.25125
2017-01-08 10:30:00,3.8912501
2017-01-09 10:30:00,5.4425
2017-01-10 10:30:00,4.78625
2017-01-11 10:30:00,4.855
2017-01-12 10:30:00,4.8450003
2017-01-13 10:30:00,3.5475
2017-01-14 10:30:00,2.4025
2017-01-15 10:30:00,1.89375
2017-01-16 10:30:00,1.5425
2017-01-17 10:30:00,2.045
2017-01-18 10:30:00,3.7025
2017-01-19 10:30:00,3.89625
2017-01-20 10:30:00,2.45
2017-01-21 10:30:00,3.13875
2017-01-22 10:30:00,4.01875
2017-01-23 10:30:00,1.9025
2017-01-24 10:30:00,1.8512499
2017-01-25 10:30:00,2.0475
2017-01-26 10:30:00,5.01875
2017-01-27 10:30:00,3.1575
2017-01-28 10:30:00,2.2625
2017-01-29 10:30:00,4.53
2017-01-30 10:30:00,6.92
2017-01-31 10:30:00,5.1575
2017-02-01 10:30:00,6.0675
2017-02-02 10:30:00,2.73375
2017-02-03 10:30:00,2.65375
2017-02-04 10:30:00,2.32875
2017-02-05 10:30:00,3.12
2017-02-06 10:30:00,3.0137498
2017-02-07 10:30:00,3.13125
2017-02-08 10:30:00,4.9587502
2017-02-09 10:30:00,4.215
2017-02-10 10:30:00,4.12
2017-02-11 10:30:00,3.275
2017-02-12 10:30:00,2.3912501
2017-02-13 10:30:00,2.72
2017-02-14 10:30:00,2.84125
2017-02-15 10:30:00,5.26
2017-02-16 10:30:00,5.8325
2017-02-17 10:30:00,3.58875
2017-02-18 10:30:00,3.365
2017-02-19 10:30:00,4.61875
2017-02-20 10:30:00,3.92625
2017-02-21 10:30:00,3.185
2017-02-22 10:30:00,4.76375
2017-02-23 10:30:00,3.94
2017-02-24 10:30:00,3.8775
2017-02-25 10:30:00,3.81875
2017-02-26 10:30:00,2.97625
2017-02-27 10:30:00,2.675
2017-02-28 10:30:00,4.4875
2017-03-01 10:30:00,3.97
2017-03-02 10:30:00,2.7975
2017-03-03 10:30:00,2.625
2017-03-04 10:30:00,2.395
2017-03-05 10:30:00,3.05
2017-03-06 10:30:00,4.03125
2017-03-07 10:30:00,4.2125
2017-03-08 10:30:00,4.2625
2017-03-09 10:30:00,3.27875
2017-03-10 10:30:00,1.97875
2017-03-11 10:30:00,5.4225
2017-03-12 10:30:00,3.71
2017-03-13 10:30:00,3.03875
2017-03-14 10:30:00,2.52875
2017-03-15 10:30:00,2.6225
2017-03-16 10:30:00,2.4475
2017-03-17 10:30:00,1.96125
2017-03-18 10:30:00,4.16625
2017-03-19 10:30:00,3.1775
2017-03-20 10:30:00,3.9837499
2017-03-21 10:30:00,3.485
2017-03-22 10:30:00,3.5025
2017-03-23 10:30:00,3.035
2017-03-24 10:30:00,2.57875
2017-03-25 10:30:00,2.70625
2017-03-26 10:30:00,2.10875
2017-03-27 10:30:00,2.80625
2017-03-28 10:30:00,3.8175
2017-03-29 10:30:00,4.38
2017-03-30 10:30:00,3.2925
2017-03-31 10:30:00,3.475
2017-04-01 10:30:00,2.53125
2017-04-02 10:30:00,3.27
2017-04-03 10:30:00,2.85
2017-04-04 10:30:00,2.97875
2017-04-05 10:30:00,5.3425
2017-04-06 10:30:00,2.98875
2017-04-07 10:30:00,4.785
2017-04-08 10:30:00,4.2475
2017-04-09 10:30:00,5.20125
2017-04-10 10:30:00,5.38875
2017-04-11 10:30:00,5.74125
2017-04-12 10:30:00,4.59
2017-04-13 10:30:00,4.92375
2017-04-14 10:30:00,4.80625
2017-04-15 10:30:00,5.6662498
2017-04-16 10:30:00,4.72875
2017-04-17 10:30:00,5.3875
2017-04-18 10:30:00,3.88375
2017-04-19 10:30:00,3.6475
2017-04-20 10:30:00,3.06
2017-04-21 10:30:00,3.9925
2017-04-22 10:30:00,5.95
2017-04-23 10:30:00,4.44
2017-04-24 10:30:00,4.2999997
2017-04-25 10:30:00,5.0299997
2017-04-26 10:30:00,4.80125
2017-04-27 10:30:00,4.28125
2017-04-28 10:30:00,4.88625
2017-04-29 10:30:00,6.8025002
2017-04-30 10:30:00,3.455
2017-05-01 10:30:00,3.61875
2017-05-02 10:30:00,5.9775
2017-05-03 10:30:00,8.9775
2017-05-04 10:30:00,7.04375
2017-05-05 10:30:00,8.5025
2017-05-06 10:30:00,8.585
2017-05-07 10:30:00,5.9
2017-05-08 10:30:00,5.075
2017-05-09 10:30:00,5.19
2017-05-10 10:30:00,3.09
2017-05-11 10:30:00,5.45
2017-05-12 10:30:00,3.91375
2017-05-13 10:30:00,2.8525
2017-05-14 10:30:00,3.3587499
2017-05-15 10:30:00,2.45
2017-05-16 10:30:00,2.55125
2017-05-17 10:30:00,2.97125
2017-05-18 10:30:00,6.42875
2017-05-19 10:30:00,3.985
2017-05-20 10:30:00,4.96875
2017-05-21 10:30:00,1.9
2017-05-22 10:30:00,2.4424999
2017-05-23 10:30:00,4.4125
2017-05-24 10:30:00,4.4075
2017-05-25 10:30:00,2.17875
2017-05-26 10:30:00,2.8075
2017-05-27 10:30:00,4.835
2017-05-28 10:30:00,5.975
2017-05-29 10:30:00,5.81875
2017-05-30 10:30:00,4.92125
2017-05-31 10:30:00,4.115
2017-06-01 10:30:00,3.8200002
2017-06-02 10:30:00,3.57125
2017-06-03 10:30:00,2.80375
2017-06-04 10:30:00,3.6275
2017-06-05 10:30:00,3.2437499
2017-06-06 10:30:00,4.125
2017-06-07 10:30:00,4.26375
2017-06-08 10:30:00,5.145
2017-06-09 10:30:00,4.945
2017-06-10 10:30:00,3.3375
2017-06-11 10:30:00,2.965
2017-06-12 10:30:00,1.8175
2017-06-13 10:30:00,3.69875
2017-06-14 10:30:00,3.65375
2017-06-15 10:30:00,3.2525
2017-06-16 10:30:00,2.4875
2017-06-17 10:30:00,3.95625
2017-06-18 10:30:00,3.7662501
2017-06-19 10:30:00,3.855
2017-06-20 10:30:00,2.7525
2017-06-21 10:30:00,2.6612499
2017-06-22 10:30:00,2.76625
2017-06-23 10:30:00,2.085
2017-06-24 10:30:00,2.16
2017-06-25 10:30:00,1.6899999
2017-06-26 10:30:00,2.55625
2017-06-27 10:30:00,3.6187499
2017-06-28 10:30:00,1.8937501
2017-06-29 10:30:00,2.9625
2017-06-30 10:30:00,2.79875
2017-07-01 10:30:00,2.36
2017-07-02 10:30:00,2.57375
2017-07-03 10:30:00,3.45875
2017-07-04 10:30:00,3.44875
2017-07-05 10:30:00,3.68625
2017-07-06 10:30:00,4.2775
2017-07-07 10:30:00,3.49375
2017-07-08 10:30:00,4.27625
2017-07-09 10:30:00,4.47375
2017-07-10 10:30:00,2.65625
2017-07-11 10:30:00,2.97625
2017-07-12 10:30:00,2.95125
2017-07-13 10:30:00,3.555
2017-07-14 10:30:00,3.7975001
2017-07-15 10:30:00,2.01125
2017-07-16 10:30:00,2.9525
2017-07-17 10:30:00,2.245
2017-07-18 10:30:00,3.7662501
2017-07-19 10:30:00,2.08
2017-07-20 10:30:00,1.80375
2017-07-21 10:30:00,2.5225
2017-07-22 10:30:00,2.725
2017-07-23 10:30:00,2.99875
2017-07-24 10:30:00,3.80375
2017-07-25 10:30:00,1.93375
2017-07-26 10:30:00,2.4825
2017-07-27 10:30:00,2.7975001
2017-07-28 10:30:00,2.01
2017-07-29 10:30:00,3.2175
2017-07-30 10:30:00,2.59375
2017-07-31 10:30:00,2.1725001
2017-08-01 10:30:00,3.1475
2017-08-02 10:30:00,1.6125001
2017-08-03 10:30:00,2.16625
2017-08-04 10:30:00,1.63625
2017-08-05 10:30:00,1.5575
2017-08-06 10:30:00,1.54625
2017-08-07 10:30:00,2.10375
2017-08-08 10:30:00,1.2075
2017-08-09 10:30:00,1.40125
2017-08-10 10:30:00,1.46
2017-08-11 10:30:00,2.7037501
2017-08-12 10:30:00,2.24875
2017-08-13 10:30:00,2.8999999
2017-08-14 10:30:00,3.39375
2017-08-15 10:30:00,1.8075
2017-08-16 10:30:00,2.0475
2017-08-17 10:30:00,2.08125
2017-08-18 10:30:00,2.155
2017-08-19 10:30:00,1.9475
2017-08-20 10:30:00,3.19125
2017-08-21 10:30:00,3.30125
2017-08-22 10:30:00,3.19875
2017-08-23 10:30:00,3.8274999
2017-08-24 10:30:00,6.7125
2017-08-25 10:30:00,5.8125
2017-08-26 10:30:00,4.2625
2017-08-27 10:30:00,4.46625
2017-08-28 10:30:00,6.46875
2017-08-29 10:30:00,6.34125
2017-08-30 10:30:00,3.73875
2017-08-31 10:30:00,2.77125
2017-09-01 10:30:00,2.475
2017-09-02 10:30:00,3.29625
2017-09-03 10:30:00,3.25375
2017-09-04 10:30:00,2.7862499
2017-09-05 10:30:00,4.15875
2017-09-06 10:30:00,2.895
2017-09-07 10:30:00,3.9975
2017-09-08 10:30:00,2.08
2017-09-09 10:30:00,2.82375
2017-09-10 10:30:00,4.00375
2017-09-11 10:30:00,5.95625
2017-09-12 10:30:00,3.49375
2017-09-13 10:30:00,2.60875
2017-09-14 10:30:00,2.9950001
2017-09-15 10:30:00,3.13125
2017-09-16 10:30:00,4.08125
2017-09-17 10:30:00,3.38125
2017-09-18 10:30:00,3.175
2017-09-19 10:30:00,4.5375
2017-09-20 10:30:00,2.22625
2017-09-21 10:30:00,4.6525
2017-09-22 10:30:00,4.98875
2017-09-23 10:30:00,4.695
2017-09-24 10:30:00,3.3475
2017-09-25 10:30:00,3.7275
2017-09-26 10:30:00,4.715
2017-09-27 10:30:00,3.96375
2017-09-28 10:30:00,5.93375
2017-09-29 10:30:00,4.95625
2017-09-30 10:30:00,5.0775
2017-10-01 10:30:00,5.80875
2017-10-02 10:30:00,4.70375
2017-10-03 10:30:00,3.915
2017-10-04 10:30:00,5.285
2017-10-05 10:30:00,4.96
2017-10-06 10:30:00,4.00125
2017-10-07 10:30:00,3.05875
2017-10-08 10:30:00,3.0587502
2017-10-09 10:30:00,3.7
2017-10-10 10:30:00,2.5900002
2017-10-11 10:30:00,3.16375
2017-10-12 10:30:00,2.52875
2017-10-13 10:30:00,3.1475
2017-10-14 10:30:00,2.7849998
2017-10-15 10:30:00,2.10375
2017-10-16 10:30:00,3.3525
2017-10-17 10:30:00,2.485
2017-10-18 10:30:00,2.6699998
2017-10-19 10:30:00,2.345
2017-10-20 10:30:00,3.85375
2017-10-21 10:30:00,2.74125
2017-10-22 10:30:00,1.9537499
2017-10-23 10:30:00,2.73125
2017-10-24 10:30:00,3.42875
2017-10-25 10:30:00,1.91125
2017-10-26 10:30:00,1.78125
2017-10-27 10:30:00,4.4825
2017-10-28 10:30:00,6.5212502
2017-10-29 10:30:00,5.10125
2017-10-30 10:30:00,4.4325
2017-10-31 10:30:00,3.9375
2017-11-01 10:30:00,3.48875
2017-11-02 10:30:00,3.81375
2017-11-03 10:30:00,4.2275
2017-11-04 10:30:00,4.5425
2017-11-05 10:30:00,3.485
2017-11-06 10:30:00,1.54125
2017-11-07 10:30:00,3.51875
2017-11-08 10:30:00,2.27375
2017-11-09 10:30:00,4.13125
2017-11-10 10:30:00,4.83875
2017-11-11 10:30:00,1.885
2017-11-12 10:30:00,3.76875
2017-11-13 10:30:00,6.5175
2017-11-14 10:30:00,6.605
2017-11-15 10:30:00,4.4575
2017-11-16 10:30:00,2.355
2017-11-17 10:30:00,4.88125
2017-11-18 10:30:00,4.0412498
2017-11-19 10:30:00,3.01
2017-11-20 10:30:00,2.6175
2017-11-21 10:30:00,5.90375
2017-11-22 10:30:00,3.74625
2017-11-23 10:30:00,3.085
2017-11-24 10:30:00,1.74
2017-11-25 10:30:00,3.075
2017-11-26 10:30:00,3.28625
2017-11-27 10:30:00,6.11625
2017-11-28 10:30:00,6.85625
2017-11-29 10:30:00,5.8475
2017-11-30 10:30:00,2.915
2017-12-01 10:30:00,2.7025
2017-12-02 10:30:00,3.3925
2017-12-03 10:30:00,3.0375
2017-12-04 10:30:00,3.3174999
2017-12-05 10:30:00,1.97125
2017-12-06 10:30:00,2.61
2017-12-07 10:30:00,4.125
2017-12-08 10:30:00,3.29125
2017-12-09 10:30:00,5.1075
2017-12-10 10:30:00,4.87
2017-12-11 10:30:00,4.3337502
2017-12-12 10:30:00,3.0462499
2017-12-13 10:30:00,2.42
2017-12-14 10:30:00,3.57125
2017-12-15 10:30:00,5.1325
2017-12-16 10:30:00,3.925
2017-12-17 10:30:00,3.4925
2017-12-18 10:30:00,4.645
2017-12-19 10:30:00,2.31125
2017-12-20 10:30:00,4.48625
2017-12-21 10:30:00,2.83
2017-12-22 10:30:00,2.85
2017-12-23 10:30:00,3.3075
2017-12-24 10:30:00,3.63625
2017-12-25 10:30:00,3.87625
2017-12-26 10:30:00,3.5562499
2017-12-27 10:30:00,1.8225
2017-12-28 10:30:00,1.95375
2017-12-29 10:30:00,2.50875
2017-12-30 10:30:00,3.0375
2017-12-31 10:30:00,3.1975
2018-01-01 10:30:00,4.6
2018-01-02 10:30:00,3.87
2018-01-03 10:30:00,3.82625
2018-01-04 10:30:00,4.595
2018-01-05 10:30:00,4.95625
2018-01-06 10:30:00,4.17875
2018-01-07 10:30:00,4.10875
2018-01-08 10:30:00,2.8775
2018-01-09 10:30:00,4.7
2018-01-10 10:30:00,4.04875
2018-01-11 10:30:00,3.77375
2018-01-12 10:30:00,2.03
2018-01-13 10:30:00,2.5975
2018-01-14 10:30:00,4.01125
2018-01-15 10:30:00,1.895
2018-01-16 10:30:00,1.955
2018-01-17 10:30:00,4.245
2018-01-18 10:30:00,3.575
2018-01-19 10:30:00,3.8775
2018-01-20 10:30:00,4.2025
2018-01-21 10:30:00,4.475
2018-01-22 10:30:00,5.32375
2018-01-23 10:30:00,4.53375
2018-01-24 10:30:00,3.5825
2018-01-25 10:30:00,3.64875
2018-01-26 10:30:00,3.65875
2018-01-27 10:30:00,6.3825
2018-01-28 10:30:00,4.65125
2018-01-29 10:30:00,4.03375
2018-01-30 10:30:00,4.5012503
2018-01-31 10:30:00,2.5900002
2018-02-01 10:30:00,4.45375
2018-02-02 10:30:00,3.12875
2018-02-03 10:30:00,2.92
2018-02-04 10:30:00,2.91625
2018-02-05 10:30:00,2.70875
2018-02-06 10:30:00,1.72375
2018-02-07 10:30:00,5.79
2018-02-08 10:30:00,3.50125
2018-02-09 10:30:00,4.6662498
2018-02-10 10:30:00,5.6775002
2018-02-11 10:30:00,6.065
2018-02-12 10:30:00,4.67875
2018-02-13 10:30:00,3.5325
2018-02-14 10:30:00,4.54125
2018-02-15 10:30:00,4.47625
2018-02-16 10:30:00,4.51375
2018-02-17 10:30:00,3.07125
2018-02-18 10:30:00,3.855
2018-02-19 10:30:00,3.52375
2018-02-20 10:30:00,4.24125
2018-02-21 10:30:00,3.01625
2018-02-22 10:30:00,3.0625
2018-02-23 10:30:00,3.42125
2018-02-24 10:30:00,2.7237499
2018-02-25 10:30:00,2.45875
2018-02-26 10:30:00,2.32375
2018-02-27 10:30:00,3.14125
2018-02-28 10:30:00,3.96875
2018-03-01 10:30:00,4.385
2018-03-02 10:30:00,3.5625
2018-03-03 10:30:00,5.77625
2018-03-04 10:30:00,4.0375
2018-03-05 10:30:00,4.515
2018-03-06 10:30:00,2.0925
2018-03-07 10:30:00,2.12625
2018-03-08 10:30:00,3.5149999
2018-03-09 10:30:00,3.6025
2018-03-10 10:30:00,3.47125
2018-03-11 10:30:00,2.7675
2018-03-12 10:30:00,2.99625
2018-03-13 10:30:00,2.905
2018-03-14 10:30:00,4.47375
2018-03-15 10:30:00,4.125
2018-03-16 10:30:00,3.68375
2018-03-17 10:30:00,4.04625
2018-03-18 10:30:00,4.35875
2018-03-19 10:30:00,1.88875
2018-03-20 10:30:00,1.97375
2018-03-21 10:30:00,2.52
2018-03-22 10:30:00,2.825
2018-03-23 10:30:00,4.57375
2018-03-24 10:30:00,3.14625
2018-03-25 10:30:00,2.6425
2018-03-26 10:30:00,4.8137503
2018-03-27 10:30:00,8.01875
2018-03-28 10:30:00,4.11375
2018-03-29 10:30:00,2.855
2018-03-30 10:30:00,1.99
2018-03-31 10:30:00,2.43625
2018-04-01 10:30:00,5.9625
2018-04-02 10:30:00,5.54375
2018-04-03 10:30:00,5.5225
2018-04-04 10:30:00,2.5675
2018-04-05 10:30:00,4.6375
2018-04-06 10:30:00,5.295
2018-04-07 10:30:00,4.505
2018-04-08 10:30:00,3.98
2018-04-09 10:30:00,2.9475
2018-04-10 10:30:00,4.91
2018-04-11 10:30:00,7.2799997
2018-04-12 10:30:00,4.50875
2018-04-13 10:30:00,3.78
2018-04-14 10:30:00,3.76875
2018-04-15 10:30:00,2.875
2018-04-16 10:30:00,5.19125
2018-04-17 10:30:00,4.84625
2018-04-18 10:30:00,3.80875
2018-04-19 10:30:00,2.855
2018-04-20 10:30:00,3.8
2018-04-21 10:30:00,2.4675
2018-04-22 10:30:00,2.74875
2018-04-23 10:30:00,2.47875
2018-04-24 10:30:00,4.38625
2018-04-25 10:30:00,5.25625
2018-04-26 10:30:00,4.01125
2018-04-27 10:30:00,4.9362497
2018-04-28 10:30:00,2.80125
2018-04-29 10:30:00,4.2575
2018-04-30 10:30:00,2.6000001
2018-05-01 10:30:00,3.2425
2018-05-02 10:30:00,2.785
2018-05-03 10:30:00,3.47875
2018-05-04 10:30:00,4.9575
2018-05-05 10:30:00,6.45
2018-05-06 10:30:00,5.4775
2018-05-07 10:30:00,3.01625
2018-05-08 10:30:00,3.24375
2018-05-09 10:30:00,5.08875
2018-05-10 10:30:00,4.255
2018-05-11 10:30:00,3.22875
2018-05-12 10:30:00,3.9875
2018-05-13 10:30:00,4.38375
2018-05-14 10:30:00,3.5825
2018-05-15 10:30:00,4.36375
2018-05-16 10:30:00,3.4225
2018-05-17 10:30:00,2.83
2018-05-18 10:30:00,1.6975
2018-05-19 10:30:00,3.915
2018-05-20 10:30:00,3.7625
2018-05-21 10:30:00,4.7000003
2018-05-22 10:30:00,3.99125
2018-05-23 10:30:00,2.99125
2018-05-24 10:30:00,2.98375
2018-05-25 10:30:00,3.3225
2018-05-26 10:30:00,2.5625
2018-05-27 10:30:00,3.7825
2018-05-28 10:30:00,2.305
2018-05-29 10:30:00,3.02375
2018-05-30 10:30:00,2.47125
2018-05-31 10:30:00,2.11375
2018-06-01 10:30:00,3.79875
2018-06-02 10:30:00,4.055
2018-06-03 10:30:00,5.585
2018-06-04 10:30:00,4.1175
2018-06-05 10:30:00,3.88625
2018-06-06 10:30:00,3.4950001
2018-06-07 10:30:00,2.33875
2018-06-08 10:30:00,2.645
2018-06-09 10:30:00,2.18375
2018-06-10 10:30:00,2.75625
2018-06-11 10:30:00,3.08
2018-06-12 10:30:00,2.33
2018-06-13 10:30:00,2.56625
2018-06-14 10:30:00,2.7525
2018-06-15 10:30:00,4.59625
2018-06-16 10:30:00,4.41625
2018-06-17 10:30:00,2.0175
2018-06-18 10:30:00,3.805
2018-06-19 10:30:00,4.37125
2018-06-20 10:30:00,4.2275
2018-06-21 10:30:00,2.8374999
2018-06-22 10:30:00,1.88625
2018-06-23 10:30:00,3.0525
2018-06-24 10:30:00,3.4875
2018-06-25 10:30:00,2.19125
2018-06-26 10:30:00,3.22
2018-06-27 10:30:00,2.59375
2018-06-28 10:30:00,3.38625
2018-06-29 10:30:00,2.52
2018-06-30 10:30:00,2.27375
2018-07-01 10:30:00,3.3375
2018-07-02 10:30:00,3.7124999
2018-07-03 10:30:00,2.80375
2018-07-04 10:30:00,2.665
2018-07-05 10:30:00,2.155
2018-07-06 10:30:00,3.34625
2018-07-07 10:30:00,2.73875
2018-07-08 10:30:00,2.88625
2018-07-09 10:30:00,2.055
2018-07-10 10:30:00,2.7775
2018-07-11 10:30:00,2.74
2018-07-12 10:30:00,3.4075
2018-07-13 10:30:00,4.1325
2018-07-14 10:30:00,2.8687499
2018-07-15 10:30:00,2.2762501
2018-07-16 10:30:00,2.60125
2018-07-17 10:30:00,1.9975001
2018-07-18 10:30:00,2.5425
2018-07-19 10:30:00,3.1575
2018-07-20 10:30:00,1.89125
2018-07-21 10:30:00,3.3474998
2018-07-22 10:30:00,2.835
2018-07-23 10:30:00,2.34375
2018-07-24 10:30:00,1.83875
2018-07-25 10:30:00,1.495
2018-07-26 10:30:00,1.3249999
2018-07-27 10:30:00,2.055
2018-07-28 10:30:00,2.2575
2018-07-29 10:30:00,2.3600001
2018-07-30 10:30:00,2.6375
2018-07-31 10:30:00,4.0075
2018-08-01 10:30:00,1.2687501
2018-08-02 10:30:00,3.23375
2018-08-03 10:30:00,4.40375
2018-08-04 10:30:00,2.33875
2018-08-05 10:30:00,2.09625
2018-08-06 10:30:00,2.71375
2018-08-07 10:30:00,1.39625
2018-08-08 10:30:00,2.66625
2018-08-09 10:30:00,2.2425
2018-08-10 10:30:00,1.76875
2018-08-11 10:30:00,2.365
2018-08-12 10:30:00,2.31
2018-08-13 10:30:00,2.99875
2018-08-14 10:30:00,2.445
2018-08-15 10:30:00,2.62375
2018-08-16 10:30:00,2.51875
2018-08-17 10:30:00,2.83625
2018-08-18 10:30:00,2.7975001
2018-08-19 10:30:00,1.6875
2018-08-20 10:30:00,2.76625
2018-08-21 10:30:00,3.7862499
2018-08-22 10:30:00,2.3525
2018-08-23 10:30:00,2.105
2018-08-24 10:30:00,2.8999999
2018-08-25 10:30:00,2.58
2018-08-26 10:30:00,2.07
2018-08-27 10:30:00,1.98875
2018-08-28 10:30:00,2.76125
2018-08-29 10:30:00,1.92625
2018-08-30 10:30:00,2.39
2018-08-31 10:30:00,1.9024999
2018-09-01 10:30:00,2.51125
2018-09-02 10:30:00,6.31375
2018-09-03 10:30:00,6.6475
2018-09-04 10:30:00,6.57125
2018-09-05 10:30:00,3.95
2018-09-06 10:30:00,4.38375
2018-09-07 10:30:00,4.13875
2018-09-08 10:30:00,2.81625
2018-09-09 10:30:00,2.16625
2018-09-10 10:30:00,2.7275
2018-09-11 10:30:00,4.50125
2018-09-12 10:30:00,2.9525
2018-09-13 10:30:00,2.61125
2018-09-14 10:30:00,3.98
2018-09-15 10:30:00,5.1637497
2018-09-16 10:30:00,4.19875
2018-09-17 10:30:00,2.6375
2018-09-18 10:30:00,1.20875
2018-09-19 10:30:00,2.3425
2018-09-20 10:30:00,4.14
2018-09-21 10:30:00,5.53
2018-09-22 10:30:00,3.88625
2018-09-23 10:30:00,4.035
2018-09-24 10:30:00,2.3525
2018-09-25 10:30:00,1.33
2018-09-26 10:30:00,1.66125
2018-09-27 10:30:00,4.33625
2018-09-28 10:30:00,3.75875
2018-09-29 10:30:00,3.0675
2018-09-30 10:30:00,2.9424999
2018-10-01 10:30:00,2.75
2018-10-02 10:30:00,3.32625
2018-10-03 10:30:00,2.7037501
2018-10-04 10:30:00,2.71125
2018-10-05 10:30:00,4.1875
2018-10-06 10:30:00,4.53
2018-10-07 10:30:00,4.19
2018-10-08 10:30:00,3.8325
2018-10-09 10:30:00,2.8175
2018-10-10 10:30:00,2.945
2018-10-11 10:30:00,2.21
2018-10-12 10:30:00,2.2925
2018-10-13 10:30:00,2.95
2018-10-14 10:30:00,3.23875
2018-10-15 10:30:00,3.26125
2018-10-16 10:30:00,3.37375
2018-10-17 10:30:00,2.20875
2018-10-18 10:30:00,2.2325
2018-10-19 10:30:00,2.0075
2018-10-20 10:30:00,1.9725
2018-10-21 10:30:00,2.75375
2018-10-22 10:30:00,4.56875
2018-10-23 10:30:00,3.49875
2018-10-24 10:30:00,1.915
2018-10-25 10:30:00,3.03
2018-10-26 10:30:00,6.20125
2018-10-27 10:30:00,6.3512497
2018-10-28 10:30:00,6.245
2018-10-29 10:30:00,2.965
2018-10-30 10:30:00,3.42875
2018-10-31 10:30:00,2.905
2018-11-01 10:30:00,1.8775
2018-11-02 10:30:00,3.055
2018-11-03 10:30:00,2.7875
2018-11-04 10:30:00,2.44375
2018-11-05 10:30:00,3.55
2018-11-06 10:30:00,3.1200001
2018-11-07 10:30:00,3.305
2018-11-08 10:30:00,1.68875
2018-11-09 10:30:00,3.395
2018-11-10 10:30:00,1.9325
2018-11-11 10:30:00,1.8325
2018-11-12 10:30:00,1.98
2018-11-13 10:30:00,1.62125
2018-11-14 10:30:00,3.87
2018-11-15 10:30:00,4.4175
2018-11-16 10:30:00,4.165
2018-11-17 10:30:00,3.03625
2018-11-18 10:30:00,2.4625
2018-11-19 10:30:00,2.82625
2018-11-20 10:30:00,3.46125
2018-11-21 10:30:00,4.3475
2018-11-22 10:30:00,3.65875
2018-11-23 10:30:00,2.7325
2018-11-24 10:30:00,3.64
2018-11-25 10:30:00,3.86625
2018-11-26 10:30:00,8.38
2018-11-27 10:30:00,7.4975
2018-11-28 10:30:00,3.685
2018-11-29 10:30:00,2.4737499
2018-11-30 10:30:00,3.96875
2018-12-01 10:30:00,3.84625
2018-12-02 10:30:00,6.15375
2018-12-03 10:30:00,5.61125
2018-12-04 10:30:00,3.8587499
2018-12-05 10:30:00,3.7425
2018-12-06 10:30:00,5.71875
2018-12-07 10:30:00,7.08375
2018-12-08 10:30:00,4.90375
2018-12-09 10:30:00,2.22125
2018-12-10 10:30:00,2.1475
2018-12-11 10:30:00,2.7
2018-12-12 10:30:00,3.5925
2018-12-13 10:30:00,3.5575
2018-12-14 10:30:00,2.8899999
2018-12-15 10:30:00,3.42625
2018-12-16 10:30:00,3.6075
2018-12-17 10:30:00,3.99875
2018-12-18 10:30:00,3.885
2018-12-19 10:30:00,3.8125
2018-12-20 10:30:00,1.89375
2018-12-21 10:30:00,4.3925
2018-12-22 10:30:00,5.5825
2018-12-23 10:30:00,4.25125
2018-12-24 10:30:00,4.36625
2018-12-25 10:30:00,5.9900002
2018-12-26 10:30:00,6.07625
2018-12-27 10:30:00,5.69875
2018-12-28 10:30:00,4.77625
2018-12-29 10:30:00,3.725
2018-12-30 10:30:00,3.40875
2018-12-31 10:30:00,3.72625
2019-01-01 10:30:00,4.18625
2019-01-02 10:30:00,3.415
2019-01-03 10:30:00,3.90375
2019-01-04 10:30:00,5.77
2019-01-05 10:30:00,3.0275
2019-01-06 10:30:00,2.2225
2019-01-07 10:30:00,5.13875
2019-01-08 10:30:00,6.3075
2019-01-09 10:30:00,4.49125
2019-01-10 10:30:00,2.375
2019-01-11 10:30:00,2.52875
2019-01-12 10:30:00,2.5675
2019-01-13 10:30:00,3.095
2019-01-14 10:30:00,5.58125
2019-01-15 10:30:00,5.6
2019-01-16 10:30:00,3.2025
2019-01-17 10:30:00,1.6375
2019-01-18 10:30:00,2.86625
2019-01-19 10:30:00,5.5275
2019-01-20 10:30:00,5.195
2019-01-21 10:30:00,4.45875
2019-01-22 10:30:00,4.1175
2019-01-23 10:30:00,3.915
2019-01-24 10:30:00,3.9375
2019-01-25 10:30:00,4.7425
2019-01-26 10:30:00,3.44625
2019-01-27 10:30:00,6.61
2019-01-28 10:30:00,3.40625
2019-01-29 10:30:00,5.785
2019-01-30 10:30:00,6.2374997
2019-01-31 10:30:00,3.62375
2019-02-01 10:30:00,2.39875
2019-02-02 10:30:00,4.34125
2019-02-03 10:30:00,4.765
2019-02-04 10:30:00,2.935
2019-02-05 10:30:00,1.96
2019-02-06 10:30:00,4.29875
2019-02-07 10:30:00,5.42375
2019-02-08 10:30:00,3.9099998
2019-02-09 10:30:00,3.8775
2019-02-10 10:30:00,2.48625
2019-02-11 10:30:00,3.99375
2019-02-12 10:30:00,3.15875
2019-02-13 10:30:00,3.4950001
2019-02-14 10:30:00,2.38
2019-02-15 10:30:00,3.8400002
2019-02-16 10:30:00,5.13125
2019-02-17 10:30:00,4.26875
2019-02-18 10:30:00,3.0275
2019-02-19 10:30:00,2.42375
2019-02-20 10:30:00,3.64375
2019-02-21 10:30:00,2.22125
2019-02-22 10:30:00,3.20625
2019-02-23 10:30:00,5.76625
2019-02-24 10:30:00,4.71375
2019-02-25 10:30:00,3.6087499
2019-02-26 10:30:00,2.21
2019-02-27 10:30:00,3.19125
2019-02-28 10:30:00,3.0
2019-03-01 10:30:00,3.02375
2019-03-02 10:30:00,3.11375
2019-03-03 10:30:00,2.01125
2019-03-04 10:30:00,2.07
2019-03-05 10:30:00,4.17875
2019-03-06 10:30:00,3.4287498
2019-03-07 10:30:00,3.0475
2019-03-08 10:30:00,4.10125
2019-03-09 10:30:00,2.72875
2019-03-10 10:30:00,2.755
2019-03-11 10:30:00,6.36625
2019-03-12 10:30:00,5.695
2019-03-13 10:30:00,4.655
2019-03-14 10:30:00,4.95375
2019-03-15 10:30:00,3.0625
2019-03-16 10:30:00,3.985
2019-03-17 10:30:00,4.23125
2019-03-18 10:30:00,2.75
2019-03-19 10:30:00,3.92125
2019-03-20 10:30:00,3.5475001
2019-03-21 10:30:00,4.105
2019-03-22 10:30:00,4.16
2019-03-23 10:30:00,6.21375
2019-03-24 10:30:00,4.47125
2019-03-25 10:30:00,6.5925
2019-03-26 10:30:00,3.32
2019-03-27 10:30:00,4.88
2019-03-28 10:30:00,2.96
2019-03-29 10:30:00,3.55125
2019-03-30 10:30:00,4.2225
2019-03-31 10:30:00,4.0875
2019-04-01 10:30:00,3.97375
2019-04-02 10:30:00,3.3525
2019-04-03 10:30:00,4.1150002
2019-04-04 10:30:00,8.405
2019-04-05 10:30:00,4.845
2019-04-06 10:30:00,5.14375
2019-04-07 10:30:00,4.93875
2019-04-08 10:30:00,4.02125
2019-04-09 10:30:00,2.53625
2019-04-10 10:30:00,3.72125
2019-04-11 10:30:00,2.54
2019-04-12 10:30:00,4.94625
2019-04-13 10:30:00,5.685
2019-04-14 10:30:00,3.43
2019-04-15 10:30:00,4.8325
2019-04-16 10:30:00,4.79125
2019-04-17 10:30:00,5.50625
2019-04-18 10:30:00,4.6
2019-04-19 10:30:00,4.4175
2019-04-20 10:30:00,5.75125
2019-04-21 10:30:00,2.7887502
2019-04-22 10:30:00,5.56875
2019-04-23 10:30:00,6.9325
2019-04-24 10:30:00,4.8625
2019-04-25 10:30:00,2.1225
2019-04-26 10:30:00,2.07875
2019-04-27 10:30:00,4.13625
2019-04-28 10:30:00,4.1150002
2019-04-29 10:30:00,3.77
2019-04-30 10:30:00,6.4975
2019-05-01 10:30:00,3.725
2019-05-02 10:30:00,2.585
2019-05-03 10:30:00,2.96
2019-05-04 10:30:00,5.14875
2019-05-05 10:30:00,6.09375
2019-05-06 10:30:00,4.63625
2019-05-07 10:30:00,5.32
2019-05-08 10:30:00,5.7375
2019-05-09 10:30:00,3.92875
2019-05-10 10:30:00,4.3475
2019-05-11 10:30:00,2.63625
2019-05-12 10:30:00,3.72125
2019-05-13 10:30:00,5.01625
2019-05-14 10:30:00,2.65
2019-05-15 10:30:00,7.4925
2019-05-16 10:30:00,5.2825003
2019-05-17 10:30:00,4.7925
2019-05-18 10:30:00,4.2225
2019-05-19 10:30:00,4.78375
2019-05-20 10:30:00,9.22375
2019-05-21 10:30:00,6.52875
2019-05-22 10:30:00,4.24125
2019-05-23 10:30:00,3.12625
2019-05-24 10:30:00,4.99625
2019-05-25 10:30:00,3.85875
2019-05-26 10:30:00,2.7562501
2019-05-27 10:30:00,6.0212502
2019-05-28 10:30:00,6.1525
2019-05-29 10:30:00,4.46875
2019-05-30 10:30:00,5.445
2019-05-31 10:30:00,3.8174999
2019-06-01 10:30:00,4.52875
2019-06-02 10:30:00,2.85
2019-06-03 10:30:00,2.91
2019-06-04 10:30:00,4.29375
2019-06-05 10:30:00,4.295
2019-06-06 10:30:00,3.74125
2019-06-07 10:30:00,4.06125
2019-06-08 10:30:00,2.7425
2019-06-09 10:30:00,2.60125
2019-06-10 10:30:00,1.96875
2019-06-11 10:30:00,2.2125
2019-06-12 10:30:00,2.03375
2019-06-13 10:30:00,5.19625
2019-06-14 10:30:00,3.525
2019-06-15 10:30:00,3.39375
2019-06-16 10:30:00,3.44875
2019-06-17 10:30:00,3.0075
2019-06-18 10:30:00,3.4825
2019-06-19 10:30:00,3.69375
2019-06-20 10:30:00,2.51625
2019-06-21 10:30:00,2.55375
2019-06-22 10:30:00,2.67625
2019-06-23 10:30:00,3.1225
2019-06-24 10:30:00,3.49875
2019-06-25 10:30:00,1.74375
2019-06-26 10:30:00,3.53375
2019-06-27 10:30:00,2.97875
2019-06-28 10:30:00,2.56625
2019-06-29 10:30:00,2.4575
2019-06-30 10:30:00,3.2350001
2019-07-01 10:30:00,2.71
2019-07-02 10:30:00,3.475
2019-07-03 10:30:00,2.72875
2019-07-04 10:30:00,2.9937499
2019-07-05 10:30:00,3.96375
2019-07-06 10:30:00,1.9037501
2019-07-07 10:30:00,1.775
2019-07-08 10:30:00,2.2762501
2019-07-09 10:30:00,1.9775
2019-07-10 10:30:00,1.61625
2019-07-11 10:30:00,2.03125
2019-07-12 10:30:00,2.085
2019-07-13 10:30:00,2.5362499
2019-07-14 10:30:00,1.3875
2019-07-15 10:30:00,2.8374999
2019-07-16 10:30:00,2.585
2019-07-17 10:30:00,1.46625
2019-07-18 10:30:00,1.875
2019-07-19 10:30:00,2.56125
2019-07-20 10:30:00,3.09875
2019-07-21 10:30:00,3.5575
2019-07-22 10:30:00,3.055
2019-07-23 10:30:00,1.8
2019-07-24 10:30:00,2.63
2019-07-25 10:30:00,2.5825
2019-07-26 10:30:00,2.6275
2019-07-27 10:30:00,3.05375
2019-07-28 10:30:00,3.4325001
2019-07-29 10:30:00,1.68125
2019-07-30 10:30:00,2.66875
2019-07-31 10:30:00,3.185
2019-08-01 10:30:00,2.30125
2019-08-02 10:30:00,2.24125
2019-08-03 10:30:00,2.2425
2019-08-04 10:30:00,2.8325
2019-08-05 10:30:00,2.185
2019-08-06 10:30:00,4.52875
2019-08-07 10:30:00,2.51
2019-08-08 10:30:00,1.7012501
2019-08-09 10:30:00,3.31375
2019-08-10 10:30:00,2.36375
2019-08-11 10:30:00,2.7575
2019-08-12 10:30:00,2.2675
2019-08-13 10:30:00,1.9325
2019-08-14 10:30:00,2.01125
2019-08-15 10:30:00,3.0175
2019-08-16 10:30:00,2.58875
2019-08-17 10:30:00,4.3925
2019-08-18 10:30:00,2.9550002
2019-08-19 10:30:00,2.63125
2019-08-20 10:30:00,3.64125
2019-08-21 10:30:00,6.675
2019-08-22 10:30:00,4.07875
2019-08-23 10:30:00,2.29375
2019-08-24 10:30:00,1.11625
2019-08-25 10:30:00,1.9625
2019-08-26 10:30:00,1.915
2019-08-27 10:30:00,3.4975
2019-08-28 10:30:00,2.7825
2019-08-29 10:30:00,3.69625
2019-08-30 10:30:00,2.86375
2019-08-31 10:30:00,1.94875
2019-09-01 10:30:00,1.5575
2019-09-02 10:30:00,2.40125
2019-09-03 10:30:00,2.3487499
2019-09-04 10:30:00,2.52625
2019-09-05 10:30:00,1.70625
2019-09-06 10:30:00,2.02875
2019-09-07 10:30:00,3.3225
2019-09-08 10:30:00,4.885
2019-09-09 10:30:00,3.97
2019-09-10 10:30:00,2.76875
2019-09-11 10:30:00,1.78375
2019-09-12 10:30:00,3.17375
2019-09-13 10:30:00,3.7325
2019-09-14 10:30:00,3.055
2019-09-15 10:30:00,4.88375
2019-09-16 10:30:00,3.96625
2019-09-17 10:30:00,5.63125
2019-09-18 10:30:00,4.37125
2019-09-19 10:30:00,2.59625
2019-09-20 10:30:00,3.435
2019-09-21 10:30:00,2.375
2019-09-22 10:30:00,1.9350001
2019-09-23 10:30:00,3.69
2019-09-24 10:30:00,2.52375
2019-09-25 10:30:00,2.0987499
2019-09-26 10:30:00,2.21875
2019-09-27 10:30:00,2.34875
2019-09-28 10:30:00,3.68125
2019-09-29 10:30:00,3.185
2019-09-30 10:30:00,4.08
2019-10-01 10:30:00,3.78375
2019-10-02 10:30:00,3.77
2019-10-03 10:30:00,3.085
2019-10-04 10:30:00,2.815
2019-10-05 10:30:00,2.22
2019-10-06 10:30:00,4.65375
2019-10-07 10:30:00,6.45125
2019-10-08 10:30:00,5.1275
2019-10-09 10:30:00,4.8225
2019-10-10 10:30:00,4.11625
2019-10-11 10:30:00,3.755
2019-10-12 10:30:00,2.8712502
2019-10-13 10:30:00,4.4875
2019-10-14 10:30:00,3.735
2019-10-15 10:30:00,4.2425
2019-10-16 10:30:00,2.3325
2019-10-17 10:30:00,2.23
2019-10-18 10:30:00,1.8712499
2019-10-19 10:30:00,2.30875
2019-10-20 10:30:00,5.14
2019-10-21 10:30:00,2.885
2019-10-22 10:30:00,2.83
2019-10-23 10:30:00,3.2625
2019-10-24 10:30:00,2.80625
2019-10-25 10:30:00,2.6725001
2019-10-26 10:30:00,3.19625
2019-10-27 10:30:00,2.69625
2019-10-28 10:30:00,4.76875
2019-10-29 10:30:00,3.0375
2019-10-30 10:30:00,6.005
2019-10-31 10:30:00,4.20375
2019-11-01 10:30:00,2.50875
2019-11-02 10:30:00,2.025
2019-11-03 10:30:00,2.2525
2019-11-04 10:30:00,4.9525
2019-11-05 10:30:00,3.5462499
2019-11-06 10:30:00,4.28625
2019-11-07 10:30:00,4.40125
2019-11-08 10:30:00,2.31125
2019-11-09 10:30:00,2.78125
2019-11-10 10:30:00,4.2325
2019-11-11 10:30:00,4.15125
2019-11-12 10:30:00,3.40875
2019-11-13 10:30:00,4.8962502
2019-11-14 10:30:00,2.7875
2019-11-15 10:30:00,3.0675
2019-11-16 10:30:00,2.2649999
2019-11-17 10:30:00,5.57125
2019-11-18 10:30:00,7.21
2019-11-19 10:30:00,4.6125
2019-11-20 10:30:00,1.9525
2019-11-21 10:30:00,2.91625
2019-11-22 10:30:00,5.1549997
2019-11-23 10:30:00,3.295
2019-11-24 10:30:00,5.18375
2019-11-25 10:30:00,3.83
2019-11-26 10:30:00,5.085
2019-11-27 10:30:00,3.51125
2019-11-28 10:30:00,2.86875
2019-11-29 10:30:00,1.93875
2019-11-30 10:30:00,4.48375
2019-12-01 10:30:00,5.0775
2019-12-02 10:30:00,5.43125
2019-12-03 10:30:00,5.43375
2019-12-04 10:30:00,4.365
2019-12-05 10:30:00,5.26125
2019-12-06 10:30:00,4.5025
2019-12-07 10:30:00,3.6425
2019-12-08 10:30:00,2.58
2019-12-09 10:30:00,2.72125
2019-12-10 10:30:00,2.07
2019-12-11 10:30:00,4.275
2019-12-12 10:30:00,3.25375
2019-12-13 10:30:00,3.73
2019-12-14 10:30:00,3.03125
2019-12-15 10:30:00,2.92125
2019-12-16 10:30:00,3.83625
2019-12-17 10:30:00,3.7175
2019-12-18 10:30:00,2.57375
2019-12-19 10:30:00,4.21125
2019-12-20 10:30:00,4.26625
2019-12-21 10:30:00,2.58375
2019-12-22 10:30:00,1.76625
2019-12-23 10:30:00,1.7975
2019-12-24 10:30:00,2.045
2019-12-25 10:30:00,2.8287501
2019-12-26 10:30:00,1.73125
2019-12-27 10:30:00,2.4275
2019-12-28 10:30:00,2.96625
2019-12-29 10:30:00,1.6075001
2019-12-30 10:30:00,5.97625
2019-12-31 10:30:00,5.78875
2020-01-01 10:30:00,2.82125
2020-01-02 10:30:00,3.58125
2020-01-03 10:30:00,3.0687501
2020-01-04 10:30:00,2.2225
2020-01-05 10:30:00,1.495
2020-01-06 10:30:00,2.24125
2020-01-07 10:30:00,2.69
2020-01-08 10:30:00,3.405
2020-01-09 10:30:00,2.04
2020-01-10 10:30:00,4.83
2020-01-11 10:30:00,3.955
2020-01-12 10:30:00,3.3825
2020-01-13 10:30:00,1.51
2020-01-14 10:30:00,2.0325
2020-01-15 10:30:00,3.14875
2020-01-16 10:30:00,2.69
2020-01-17 10:30:00,2.03375
2020-01-18 10:30:00,2.425
2020-01-19 10:30:00,2.26375
2020-01-20 10:30:00,3.03375
2020-01-21 10:30:00,4.13875
2020-01-22 10:30:00,2.4825
2020-01-23 10:30:00,3.8625
2020-01-24 10:30:00,1.95625
2020-01-25 10:30:00,2.34875
2020-01-26 10:30:00,2.6175
2020-01-27 10:30:00,3.00125
2020-01-28 10:30:00,1.9975
2020-01-29 10:30:00,1.8025
2020-01-30 10:30:00,1.7275
2020-01-31 10:30:00,4.04625
2020-02-01 10:30:00,5.58375
2020-02-02 10:30:00,2.58125
2020-02-03 10:30:00,3.6375
2020-02-04 10:30:00,4.37875
2020-02-05 10:30:00,2.445
2020-02-06 10:30:00,2.87
2020-02-07 10:30:00,2.5037498
2020-02-08 10:30:00,3.615
2020-02-09 10:30:00,3.01875
2020-02-10 10:30:00,1.59125
2020-02-11 10:30:00,5.1225
2020-02-12 10:30:00,2.5162501
2020-02-13 10:30:00,2.75125
2020-02-14 10:30:00,2.55375
2020-02-15 10:30:00,2.11375
2020-02-16 10:30:00,3.76
2020-02-17 10:30:00,3.33375
2020-02-18 10:30:00,3.64375
2020-02-19 10:30:00,2.715
2020-02-20 10:30:00,3.02875
2020-02-21 10:30:00,3.7725
2020-02-22 10:30:00,4.05875
2020-02-23 10:30:00,3.7075
2020-02-24 10:30:00,2.3575
2020-02-25 10:30:00,1.8775
2020-02-26 10:30:00,2.84875
2020-02-27 10:30:00,2.79
2020-02-28 10:30:00,4.77625
2020-02-29 10:30:00,1.9225
2020-03-01 10:30:00,3.75125
2020-03-02 10:30:00,2.735
2020-03-03 10:30:00,3.04375
2020-03-04 10:30:00,4.0975
2020-03-05 10:30:00,2.8187501
2020-03-06 10:30:00,2.0925
2020-03-07 10:30:00,3.74125
2020-03-08 10:30:00,3.82875
2020-03-09 10:30:00,2.75625
2020-03-10 10:30:00,4.33125
2020-03-11 10:30:00,3.65875
2020-03-12 10:30:00,6.80125
2020-03-13 10:30:00,4.55125
2020-03-14 10:30:00,5.8475
2020-03-15 10:30:00,3.29
2020-03-16 10:30:00,3.62125
2020-03-17 10:30:00,4.6925
2020-03-18 10:30:00,6.44875
2020-03-19 10:30:00,4.035
2020-03-20 10:30:00,4.67375
2020-03-21 10:30:00,3.79875
2020-03-22 10:30:00,3.50125
2020-03-23 10:30:00,2.0175
2020-03-24 10:30:00,2.76875
2020-03-25 10:30:00,5.95625
2020-03-26 10:30:00,6.5212502
2020-03-27 10:30:00,6.5924997
2020-03-28 10:30:00,4.6675
2020-03-29 10:30:00,4.12875
2020-03-30 10:30:00,4.58125
2020-03-31 10:30:00,4.91125
2020-04-01 10:30:00,5.6975
2020-04-02 10:30:00,4.39
2020-04-03 10:30:00,6.73
2020-04-04 10:30:00,3.50875
2020-04-05 10:30:00,1.8475
2020-04-06 10:30:00,5.62
2020-04-07 10:30:00,4.80625
2020-04-08 10:30:00,2.79
2020-04-09 10:30:00,2.115
2020-04-10 10:30:00,4.17625
2020-04-11 10:30:00,4.32625
2020-04-12 10:30:00,3.30875
2020-04-13 10:30:00,3.3225
2020-04-14 10:30:00,3.93
2020-04-15 10:30:00,4.78125
2020-04-16 10:30:00,3.2075
2020-04-17 10:30:00,3.22375
2020-04-18 10:30:00,3.88625
2020-04-19 10:30:00,4.4700003
2020-04-20 10:30:00,8.0325
2020-04-21 10:30:00,7.06625
2020-04-22 10:30:00,5.16375
2020-04-23 10:30:00,3.81
2020-04-24 10:30:00,4.495
2020-04-25 10:30:00,3.1612499
2020-04-26 10:30:00,2.16875
2020-04-27 10:30:00,4.0075
2020-04-28 10:30:00,2.7137501
2020-04-29 10:30:00,3.13875
2020-04-30 10:30:00,2.69
2020-05-01 10:30:00,5.37875
2020-05-02 10:30:00,5.735
2020-05-03 10:30:00,3.3675
2020-05-04 10:30:00,4.49375
2020-05-05 10:30:00,3.40875
2020-05-06 10:30:00,3.80625
2020-05-07 10:30:00,3.6425
2020-05-08 10:30:00,2.9637501
2020-05-09 10:30:00,2.7975
2020-05-10 10:30:00,6.50125
2020-05-11 10:30:00,7.11625
2020-05-12 10:30:00,4.785
2020-05-13 10:30:00,3.26375
2020-05-14 10:30:00,4.85
2020-05-15 10:30:00,5.08125
2020-05-16 10:30:00,2.7962499
2020-05-17 10:30:00,2.8675
2020-05-18 10:30:00,3.82375
2020-05-19 10:30:00,2.58875
2020-05-20 10:30:00,1.80875
2020-05-21 10:30:00,3.205
2020-05-22 10:30:00,3.02625
2020-05-23 10:30:00,2.83
2020-05-24 10:30:00,5.50375
2020-05-25 10:30:00,4.54
2020-05-26 10:30:00,3.105
2020-05-27 10:30:00,2.6675
2020-05-28 10:30:00,2.87625
2020-05-29 10:30:00,4.43125
2020-05-30 10:30:00,3.89125
2020-05-31 10:30:00,3.0475
2020-06-01 10:30:00,3.985
2020-06-02 10:30:00,3.5362499
2020-06-03 10:30:00,3.66875
2020-06-04 10:30:00,2.48625
2020-06-05 10:30:00,1.74625
2020-06-06 10:30:00,2.70625
2020-06-07 10:30:00,3.60625
2020-06-08 10:30:00,4.6825
2020-06-09 10:30:00,4.40375
2020-06-10 10:30:00,3.88875
2020-06-11 10:30:00,2.6875
2020-06-12 10:30:00,2.8174999
2020-06-13 10:30:00,2.665
2020-06-14 10:30:00,4.6262503
2020-06-15 10:30:00,2.9525
2020-06-16 10:30:00,2.78375
2020-06-17 10:30:00,3.26875
2020-06-18 10:30:00,3.3225
2020-06-19 10:30:00,2.15
2020-06-20 10:30:00,3.085
2020-06-21 10:30:00,2.49375
2020-06-22 10:30:00,2.1025
2020-06-23 10:30:00,3.09875
2020-06-24 10:30:00,2.36375
2020-06-25 10:30:00,1.92625
2020-06-26 10:30:00,1.92375
2020-06-27 10:30:00,2.365
2020-06-28 10:30:00,2.40875
2020-06-29 10:30:00,2.33375
2020-06-30 10:30:00,1.9387499
2020-07-01 10:30:00,2.14625
2020-07-02 10:30:00,2.1000001
2020-07-03 10:30:00,2.38125
2020-07-04 10:30:00,1.605
2020-07-05 10:30:00,2.22125
2020-07-06 10:30:00,4.0475
2020-07-07 10:30:00,2.44375
2020-07-08 10:30:00,1.88125
2020-07-09 10:30:00,3.22
2020-07-10 10:30:00,4.48375
2020-07-11 10:30:00,3.39625
2020-07-12 10:30:00,3.2749999
2020-07-13 10:30:00,2.37125
2020-07-14 10:30:00,2.1875
2020-07-15 10:30:00,2.33
2020-07-16 10:30:00,1.88
2020-07-17 10:30:00,2.12625
2020-07-18 10:30:00,2.9825
2020-07-19 10:30:00,3.38375
2020-07-20 10:30:00,2.8025
2020-07-21 10:30:00,3.65375
2020-07-22 10:30:00,2.1575
2020-07-23 10:30:00,2.6525
2020-07-24 10:30:00,1.84875
2020-07-25 10:30:00,2.09875
2020-07-26 10:30:00,3.2450001
2020-07-27 10:30:00,3.15875
2020-07-28 10:30:00,3.01
2020-07-29 10:30:00,1.76625
2020-07-30 10:30:00,2.195
2020-07-31 10:30:00,3.065
2020-08-01 10:30:00,3.04375
2020-08-02 10:30:00,3.835
2020-08-03 10:30:00,2.575
2020-08-04 10:30:00,3.76
2020-08-05 10:30:00,2.375
2020-08-06 10:30:00,2.04625
2020-08-07 10:30:00,2.915
2020-08-08 10:30:00,2.8700001
2020-08-09 10:30:00,1.9975001
2020-08-10 10:30:00,2.8899999
2020-08-11 10:30:00,3.79
2020-08-12 10:30:00,2.0587502
2020-08-13 10:30:00,3.92625
2020-08-14 10:30:00,4.85
2020-08-15 10:30:00,2.51
2020-08-16 10:30:00,1.37375
2020-08-17 10:30:00,3.09
2020-08-18 10:30:00,2.9475
2020-08-19 10:30:00,1.9975
2020-08-20 10:30:00,2.08125
2020-08-21 10:30:00,1.92375
2020-08-22 10:30:00,2.07
2020-08-23 10:30:00,2.2075
2020-08-24 10:30:00,1.9125
2020-08-25 10:30:00,2.6325
2020-08-26 10:30:00,2.9575
2020-08-27 10:30:00,2.9575
2020-08-28 10:30:00,3.4575
2020-08-29 10:30:00,2.9375
2020-08-30 10:30:00,2.39875
2020-08-31 10:30:00,2.9624999
2020-09-01 10:30:00,3.73125
2020-09-02 10:30:00,3.7425
2020-09-03 10:30:00,4.45375
2020-09-04 10:30:00,7.165
2020-09-05 10:30:00,3.205
2020-09-06 10:30:00,1.92
2020-09-07 10:30:00,2.9275
2020-09-08 10:30:00,3.63375
2020-09-09 10:30:00,3.9875
2020-09-10 10:30:00,4.4875
2020-09-11 10:30:00,3.27
2020-09-12 10:30:00,2.615
2020-09-13 10:30:00,2.5125
2020-09-14 10:30:00,2.70625
2020-09-15 10:30:00,2.96
2020-09-16 10:30:00,4.0637503
2020-09-17 10:30:00,5.8575
2020-09-18 10:30:00,4.72375
2020-09-19 10:30:00,3.58625
2020-09-20 10:30:00,1.81125
2020-09-21 10:30:00,2.26125
2020-09-22 10:30:00,1.63625
2020-09-23 10:30:00,3.11875
2020-09-24 10:30:00,2.08375
2020-09-25 10:30:00,1.86125
2020-09-26 10:30:00,2.7662501
2020-09-27 10:30:00,3.2675
2020-09-28 10:30:00,3.6412501
2020-09-29 10:30:00,3.77
2020-09-30 10:30:00,2.0525
2020-10-01 10:30:00,4.16
2020-10-02 10:30:00,5.4375
2020-10-03 10:30:00,4.33625
2020-10-04 10:30:00,5.48375
2020-10-05 10:30:00,3.76875
2020-10-06 10:30:00,2.63
2020-10-07 10:30:00,2.14
2020-10-08 10:30:00,2.38375
2020-10-09 10:30:00,3.2175
2020-10-10 10:30:00,4.975
2020-10-11 10:30:00,4.425
2020-10-12 10:30:00,3.74125
2020-10-13 10:30:00,5.725
2020-10-14 10:30:00,3.0725
2020-10-15 10:30:00,3.2
2020-10-16 10:30:00,3.87375
2020-10-17 10:30:00,3.7375
2020-10-18 10:30:00,2.255
2020-10-19 10:30:00,2.7175
2020-10-20 10:30:00,5.69375
2020-10-21 10:30:00,6.55125
2020-10-22 10:30:00,3.655
2020-10-23 10:30:00,3.5525
2020-10-24 10:30:00,2.195
2020-10-25 10:30:00,1.65375
2020-10-26 10:30:00,5.015
2020-10-27 10:30:00,4.96
2020-10-28 10:30:00,3.28875
2020-10-29 10:30:00,1.4675
2020-10-30 10:30:00,3.7124999
2020-10-31 10:30:00,8.68875
2020-11-01 10:30:00,5.8125
2020-11-02 10:30:00,7.1875
2020-11-03 10:30:00,4.67125
2020-11-04 10:30:00,2.615
2020-11-05 10:30:00,3.74625
2020-11-06 10:30:00,4.81375
2020-11-07 10:30:00,6.3575
2020-11-08 10:30:00,3.66125
2020-11-09 10:30:00,2.0325
2020-11-10 10:30:00,2.8287501
2020-11-11 10:30:00,3.93375
2020-11-12 10:30:00,4.94625
2020-11-13 10:30:00,2.53375
2020-11-14 10:30:00,2.06125
2020-11-15 10:30:00,2.455
2020-11-16 10:30:00,2.4125
2020-11-17 10:30:00,2.42375
2020-11-18 10:30:00,5.0325003
2020-11-19 10:30:00,3.61625
2020-11-20 10:30:00,2.90625
2020-11-21 10:30:00,4.14125
2020-11-22 10:30:00,4.5725
2020-11-23 10:30:00,4.12875
2020-11-24 10:30:00,3.035
2020-11-25 10:30:00,4.07875
2020-11-26 10:30:00,2.61375
2020-11-27 10:30:00,3.47875
2020-11-28 10:30:00,3.21625
2020-11-29 10:30:00,4.33125
2020-11-30 10:30:00,3.46625
2020-12-01 10:30:00,2.835
2020-12-02 10:30:00,4.37875
2020-12-03 10:30:00,3.5525
2020-12-04 10:30:00,4.72
2020-12-05 10:30:00,3.4725
2020-12-06 10:30:00,3.84
2020-12-07 10:30:00,5.06875
2020-12-08 10:30:00,3.74
2020-12-09 10:30:00,4.4825
2020-12-10 10:30:00,3.385
2020-12-11 10:30:00,2.935
2020-12-12 10:30:00,3.7525
2020-12-13 10:30:00,5.57625
2020-12-14 10:30:00,4.715
2020-12-15 10:30:00,2.70125
2020-12-16 10:30:00,3.2475
2020-12-17 10:30:00,5.125
2020-12-18 10:30:00,5.06875
2020-12-19 10:30:00,2.90625
2020-12-20 10:30:00,4.67875
2020-12-21 10:30:00,4.1262503
2020-12-22 10:30:00,3.1074998
2020-12-23 10:30:00,4.45625
2020-12-24 10:30:00,4.02125
2020-12-25 10:30:00,3.25
2020-12-26 10:30:00,1.43375
2020-12-27 10:30:00,2.38375
2020-12-28 10:30:00,4.23875
2020-12-29 10:30:00,5.70625
2020-12-30 10:30:00,5.32625
2020-12-31 10:30:00,4.70625
2021-01-01 10:30:00,3.1075
2021-01-02 10:30:00,4.11875
2021-01-03 10:30:00,3.7887502
2021-01-04 10:30:00,3.6599998
2021-01-05 10:30:00,3.165
2021-01-06 10:30:00,5.98
2021-01-07 10:30:00,5.34125
2021-01-08 10:30:00,4.20625
2021-01-09 10:30:00,4.61375
2021-01-10 10:30:00,3.7024999
2021-01-11 10:30:00,2.6825
2021-01-12 10:30:00,2.52125
2021-01-13 10:30:00,3.7825
2021-01-14 10:30:00,1.6375
2021-01-15 10:30:00,3.52625
2021-01-16 10:30:00,4.19625
2021-01-17 10:30:00,5.0025
2021-01-18 10:30:00,3.62375
2021-01-19 10:30:00,1.58
2021-01-20 10:30:00,3.99375
2021-01-21 10:30:00,1.72
2021-01-22 10:30:00,2.2325
2021-01-23 10:30:00,2.0525
2021-01-24 10:30:00,2.475
2021-01-25 10:30:00,4.5725
2021-01-26 10:30:00,6.375
2021-01-27 10:30:00,3.695
2021-01-28 10:30:00,4.57375
2021-01-29 10:30:00,4.53125
2021-01-30 10:30:00,2.35625
2021-01-31 10:30:00,3.06375
2021-02-01 10:30:00,5.27875
2021-02-02 10:30:00,4.83
2021-02-03 10:30:00,4.50625
2021-02-04 10:30:00,3.7462502
2021-02-05 10:30:00,2.44
2021-02-06 10:30:00,3.6225
2021-02-07 10:30:00,3.035
2021-02-08 10:30:00,2.86875
2021-02-09 10:30:00,2.43625
2021-02-10 10:30:00,2.2037501
2021-02-11 10:30:00,6.11
2021-02-12 10:30:00,4.35625
2021-02-13 10:30:00,3.85625
2021-02-14 10:30:00,3.9
2021-02-15 10:30:00,3.9537501
2021-02-16 10:30:00,5.99125
2021-02-17 10:30:00,5.13125
2021-02-18 10:30:00,3.93875
2021-02-19 10:30:00,7.3450003
2021-02-20 10:30:00,1.34375
2021-02-21 10:30:00,4.16125
2021-02-22 10:30:00,5.3375
2021-02-23 10:30:00,2.25125
2021-02-24 10:30:00,3.99375
2021-02-25 10:30:00,2.4650002
2021-02-26 10:30:00,2.7625
2021-02-27 10:30:00,5.1925
2021-02-28 10:30:00,3.72
2021-03-01 10:30:00,3.10125
2021-03-02 10:30:00,2.83875
2021-03-03 10:30:00,2.95625
2021-03-04 10:30:00,5.0
2021-03-05 10:30:00,5.18
2021-03-06 10:30:00,4.74375
2021-03-07 10:30:00,2.54
2021-03-08 10:30:00,3.67375
2021-03-09 10:30:00,4.2375
2021-03-10 10:30:00,2.525
2021-03-11 10:30:00,1.70875
2021-03-12 10:30:00,2.14875
2021-03-13 10:30:00,3.11625
2021-03-14 10:30:00,5.46625
2021-03-15 10:30:00,10.595
2021-03-16 10:30:00,4.31
2021-03-17 10:30:00,3.4125
2021-03-18 10:30:00,2.19125
2021-03-19 10:30:00,2.37375
2021-03-20 10:30:00,4.04125
2021-03-21 10:30:00,4.9725
2021-03-22 10:30:00,3.395
2021-03-23 10:30:00,3.16125
2021-03-24 10:30:00,3.4375
2021-03-25 10:30:00,3.52375
2021-03-26 10:30:00,3.6375
2021-03-27 10:30:00,5.09375
2021-03-28 10:30:00,9.02
2021-03-29 10:30:00,5.81375
2021-03-30 10:30:00,2.72875
2021-03-31 10:30:00,3.1975
2021-04-01 10:30:00,2.9475
2021-04-02 10:30:00,6.3175
2021-04-03 10:30:00,4.645
2021-04-04 10:30:00,3.40375
2021-04-05 10:30:00,4.1462502
2021-04-06 10:30:00,5.16
2021-04-07 10:30:00,4.1437497
2021-04-08 10:30:00,2.60125
2021-04-09 10:30:00,3.05375
2021-04-10 10:30:00,4.54625
2021-04-11 10:30:00,3.12
2021-04-12 10:30:00,6.1175
2021-04-13 10:30:00,5.0975
2021-04-14 10:30:00,4.09375
2021-04-15 10:30:00,3.8075001
2021-04-16 10:30:00,5.405
2021-04-17 10:30:00,3.295
2021-04-18 10:30:00,5.15375
2021-04-19 10:30:00,4.8075
2021-04-20 10:30:00,3.575
2021-04-21 10:30:00,3.68375
2021-04-22 10:30:00,3.02875
2021-04-23 10:30:00,3.45375
2021-04-24 10:30:00,2.57375
2021-04-25 10:30:00,3.0075
2021-04-26 10:30:00,5.9525
2021-04-27 10:30:00,6.69625
2021-04-28 10:30:00,5.41125
2021-04-29 10:30:00,4.07
2021-04-30 10:30:00,3.2775
2021-05-01 10:30:00,3.3287501
2021-05-02 10:30:00,3.92125
2021-05-03 10:30:00,5.96625
2021-05-04 10:30:00,7.5637503
2021-05-05 10:30:00,5.5675
2021-05-06 10:30:00,3.6625001
2021-05-07 10:30:00,4.49625
2021-05-08 10:30:00,5.17875
2021-05-09 10:30:00,3.6375
2021-05-10 10:30:00,2.10625
2021-05-11 10:30:00,8.4775
2021-05-12 10:30:00,6.33
2021-05-13 10:30:00,2.97125
2021-05-14 10:30:00,3.675
2021-05-15 10:30:00,4.38125
2021-05-16 10:30:00,3.71875
2021-05-17 10:30:00,2.61875
2021-05-18 10:30:00,4.4325
2021-05-19 10:30:00,2.77125
2021-05-20 10:30:00,2.89625
2021-05-21 10:30:00,3.5037498
2021-05-22 10:30:00,6.4024997
2021-05-23 10:30:00,8.24
2021-05-24 10:30:00,4.91375
2021-05-25 10:30:00,3.72625
2021-05-26 10:30:00,2.6512501
2021-05-27 10:30:00,2.63
2021-05-28 10:30:00,3.04125
2021-05-29 10:30:00,2.8825
2021-05-30 10:30:00,2.35375
2021-05-31 10:30:00,4.01625
2021-06-01 10:30:00,4.1575
2021-06-02 10:30:00,2.48625
2021-06-03 10:30:00,4.10625
2021-06-04 10:30:00,4.93
2021-06-05 10:30:00,2.42
2021-06-06 10:30:00,2.41875
2021-06-07 10:30:00,3.42375
2021-06-08 10:30:00,2.77875
2021-06-09 10:30:00,4.875
2021-06-10 10:30:00,2.70875
2021-06-11 10:30:00,3.33125
2021-06-12 10:30:00,2.43625
2021-06-13 10:30:00,2.8374999
2021-06-14 10:30:00,3.62625
2021-06-15 10:30:00,3.35625
2021-06-16 10:30:00,4.80125
2021-06-17 10:30:00,5.67125
2021-06-18 10:30:00,5.7775
2021-06-19 10:30:00,3.25
2021-06-20 10:30:00,2.365
2021-06-21 10:30:00,2.7875
2021-06-22 10:30:00,1.27875
2021-06-23 10:30:00,2.03125
2021-06-24 10:30:00,2.0975
2021-06-25 10:30:00,3.1187499
2021-06-26 10:30:00,2.57125
2021-06-27 10:30:00,2.15375
2021-06-28 10:30:00,2.21625
2021-06-29 10:30:00,2.5075
2021-06-30 10:30:00,2.6125
2021-07-01 10:30:00,3.53
2021-07-02 10:30:00,3.5175
2021-07-03 10:30:00,2.32875
2021-07-04 10:30:00,2.05375
2021-07-05 10:30:00,2.17
2021-07-06 10:30:00,1.33125
2021-07-07 10:30:00,2.30375
2021-07-08 10:30:00,2.57375
2021-07-09 10:30:00,2.24
2021-07-10 10:30:00,2.215
2021-07-11 10:30:00,1.8075
2021-07-12 10:30:00,2.77
2021-07-13 10:30:00,3.54375
2021-07-14 10:30:00,1.64625
2021-07-15 10:30:00,1.98625
2021-07-16 10:30:00,1.8175
2021-07-17 10:30:00,2.5475001
2021-07-18 10:30:00,2.82
2021-07-19 10:30:00,2.125
2021-07-20 10:30:00,1.56875
2021-07-21 10:30:00,2.29125
2021-07-22 10:30:00,2.535
2021-07-23 10:30:00,2.30625
2021-07-24 10:30:00,2.1525
2021-07-25 10:30:00,2.105
2021-07-26 10:30:00,2.91375
2021-07-27 10:30:00,2.1512501
2021-07-28 10:30:00,1.5175
2021-07-29 10:30:00,1.90625
2021-07-30 10:30:00,2.5025
2021-07-31 10:30:00,2.1325
2021-08-01 10:30:00,3.08125
2021-08-02 10:30:00,2.82125
2021-08-03 10:30:00,2.245
2021-08-04 10:30:00,3.08125
2021-08-05 10:30:00,3.3825
2021-08-06 10:30:00,2.28375
2021-08-07 10:30:00,1.91375
2021-08-08 10:30:00,1.865
2021-08-09 10:30:00,2.17
2021-08-10 10:30:00,3.45875
2021-08-11 10:30:00,1.9512501
2021-08-12 10:30:00,1.73
2021-08-13 10:30:00,1.98125
2021-08-14 10:30:00,2.065
2021-08-15 10:30:00,2.22
2021-08-16 10:30:00,1.7075
2021-08-17 10:30:00,1.49875
2021-08-18 10:30:00,2.385
2021-08-19 10:30:00,2.9925
2021-08-20 10:30:00,2.36125
2021-08-21 10:30:00,1.44875
2021-08-22 10:30:00,2.22125
2021-08-23 10:30:00,2.0725
2021-08-24 10:30:00,2.19375
2021-08-25 10:30:00,2.375
2021-08-26 10:30:00,2.565
2021-08-27 10:30:00,4.4700003
2021-08-28 10:30:00,3.825
2021-08-29 10:30:00,2.83375
2021-08-30 10:30:00,2.37
2021-08-31 10:30:00,2.10625
2021-09-01 10:30:00,2.25875
2021-09-02 10:30:00,2.31
2021-09-03 10:30:00,1.74125
2021-09-04 10:30:00,2.765
2021-09-05 10:30:00,3.1025
2021-09-06 10:30:00,2.05625
2021-09-07 10:30:00,1.3
2021-09-08 10:30:00,2.36
2021-09-09 10:30:00,1.0625
2021-09-10 10:30:00,3.7525
2021-09-11 10:30:00,3.075
2021-09-12 10:30:00,3.40375
2021-09-13 10:30:00,3.32625
2021-09-14 10:30:00,1.7724999
2021-09-15 10:30:00,2.78875
2021-09-16 10:30:00,3.1
2021-09-17 10:30:00,2.6375
2021-09-18 10:30:00,2.74625
2021-09-19 10:30:00,2.6875
2021-09-20 10:30:00,2.23375
2021-09-21 10:30:00,2.70625
2021-09-22 10:30:00,1.95875
2021-09-23 10:30:00,2.05375
2021-09-24 10:30:00,2.55125
2021-09-25 10:30:00,2.62375
2021-09-26 10:30:00,3.4025
2021-09-27 10:30:00,2.52625
2021-09-28 10:30:00,4.82
2021-09-29 10:30:00,3.3925
2021-09-30 10:30:00,2.88625
2021-10-01 10:30:00,2.7925
2021-10-02 10:30:00,2.9837499
2021-10-03 10:30:00,4.74
2021-10-04 10:30:00,2.385
2021-10-05 10:30:00,3.24125
2021-10-06 10:30:00,1.565
2021-10-07 10:30:00,2.60625
2021-10-08 10:30:00,2.0075
2021-10-09 10:30:00,6.81625
2021-10-10 10:30:00,6.19375
2021-10-11 10:30:00,2.4325001
2021-10-12 10:30:00,2.2225
2021-10-13 10:30:00,3.195
2021-10-14 10:30:00,3.8287501
2021-10-15 10:30:00,8.24125
2021-10-16 10:30:00,5.34375
2021-10-17 10:30:00,2.89
2021-10-18 10:30:00,3.325
2021-10-19 10:30:00,3.0975
2021-10-20 10:30:00,1.3375
2021-10-21 10:30:00,3.04125
2021-10-22 10:30:00,2.14375
2021-10-23 10:30:00,1.72625
2021-10-24 10:30:00,1.77625
2021-10-25 10:30:00,3.1100001
2021-10-26 10:30:00,4.43875
2021-10-27 10:30:00,3.67
2021-10-28 10:30:00,1.905
2021-10-29 10:30:00,1.7637501
2021-10-30 10:30:00,2.44625
2021-10-31 10:30:00,1.995
2021-11-01 10:30:00,1.85625
2021-11-02 10:30:00,2.51125
2021-11-03 10:30:00,2.0887501
2021-11-04 10:30:00,2.14625
2021-11-05 10:30:00,4.02875
2021-11-06 10:30:00,3.48
2021-11-07 10:30:00,2.94625
2021-11-08 10:30:00,5.91
2021-11-09 10:30:00,5.29625
2021-11-10 10:30:00,6.10375
2021-11-11 10:30:00,5.54
2021-11-12 10:30:00,4.0187497
2021-11-13 10:30:00,3.5
2021-11-14 10:30:00,3.1925
2021-11-15 10:30:00,2.8475
2021-11-16 10:30:00,1.7
2021-11-17 10:30:00,6.6175
2021-11-18 10:30:00,4.9387503
2021-11-19 10:30:00,2.0025
2021-11-20 10:30:00,1.4300001
2021-11-21 10:30:00,3.34625
2021-11-22 10:30:00,6.03625
2021-11-23 10:30:00,5.595
2021-11-24 10:30:00,4.01
2021-11-25 10:30:00,3.9450002
2021-11-26 10:30:00,1.5975
2021-11-27 10:30:00,2.73625
2021-11-28 10:30:00,3.2925
2021-11-29 10:30:00,2.5525
2021-11-30 10:30:00,4.36375
2021-12-01 10:30:00,5.46375
2021-12-02 10:30:00,5.83875
2021-12-03 10:30:00,2.6375
2021-12-04 10:30:00,4.58875
2021-12-05 10:30:00,5.62
2021-12-06 10:30:00,5.28125
2021-12-07 10:30:00,2.6675
2021-12-08 10:30:00,2.18625
2021-12-09 10:30:00,3.395
2021-12-10 10:30:00,2.175
2021-12-11 10:30:00,5.735
2021-12-12 10:30:00,5.76625
2021-12-13 10:30:00,5.0675
2021-12-14 10:30:00,2.325
2021-12-15 10:30:00,2.0625
2021-12-16 10:30:00,5.43375
2021-12-17 10:30:00,4.68375
2021-12-18 10:30:00,4.18
2021-12-19 10:30:00,4.2325
2021-12-20 10:30:00,5.37875
2021-12-21 10:30:00,2.9025
2021-12-22 10:30:00,2.2
2021-12-23 10:30:00,4.05125
2021-12-24 10:30:00,4.9275
2021-12-25 10:30:00,4.3875
2021-12-26 10:30:00,3.585
2021-12-27 10:30:00,1.6875
2021-12-28 10:30:00,3.14625
2021-12-29 10:30:00,4.15625
2021-12-30 10:30:00,3.93125
2021-12-31 10:30:00,1.84375
2022-01-01 10:30:00,4.785
2022-01-02 10:30:00,3.34
2022-01-03 10:30:00,3.82125
2022-01-04 10:30:00,1.7837499
2022-01-05 10:30:00,2.5774999
2022-01-06 10:30:00,2.06625
2022-01-07 10:30:00,3.25625
2022-01-08 10:30:00,2.93875
2022-01-09 10:30:00,3.60625
2022-01-10 10:30:00,4.03125
2022-01-11 10:30:00,3.05875
2022-01-12 10:30:00,5.3375
2022-01-13 10:30:00,2.325
2022-01-14 10:30:00,2.5625
2022-01-15 10:30:00,4.6525
2022-01-16 10:30:00,3.3175
2022-01-17 10:30:00,3.17
2022-01-18 10:30:00,2.1225
2022-01-19 10:30:00,2.0825
2022-01-20 10:30:00,1.60625
2022-01-21 10:30:00,1.9525
2022-01-22 10:30:00,1.35375
2022-01-23 10:30:00,1.83875
2022-01-24 10:30:00,1.42875
2022-01-25 10:30:00,3.7325
2022-01-26 10:30:00,4.6662498
2022-01-27 10:30:00,3.44625
2022-01-28 10:30:00,3.97125
2022-01-29 10:30:00,3.7875
2022-01-30 10:30:00,2.2125
2022-01-31 10:30:00,3.565
2022-02-01 10:30:00,4.51125
2022-02-02 10:30:00,3.7024999
2022-02-03 10:30:00,3.6625
2022-02-04 10:30:00,4.81
2022-02-05 10:30:00,4.78125
2022-02-06 10:30:00,3.89125
2022-02-07 10:30:00,2.665
2022-02-08 10:30:00,3.0025
2022-02-09 10:30:00,1.9675
2022-02-10 10:30:00,2.29875
2022-02-11 10:30:00,3.23
2022-02-12 10:30:00,2.545
2022-02-13 10:30:00,2.48375
2022-02-14 10:30:00,2.9475
2022-02-15 10:30:00,3.46375
2022-02-16 10:30:00,3.78875
2022-02-17 10:30:00,3.2475
2022-02-18 10:30:00,5.5074997
2022-02-19 10:30:00,3.33
2022-02-20 10:30:00,3.04375
2022-02-21 10:30:00,4.54375
2022-02-22 10:30:00,3.11125
2022-02-23 10:30:00,3.36625
2022-02-24 10:30:00,4.04125
2022-02-25 10:30:00,5.15375
2022-02-26 10:30:00,4.585
2022-02-27 10:30:00,3.61375
2022-02-28 10:30:00,4.14375
2022-03-01 10:30:00,4.145
2022-03-02 10:30:00,4.35875
2022-03-03 10:30:00,3.26875
2022-03-04 10:30:00,8.14625
2022-03-05 10:30:00,5.09
2022-03-06 10:30:00,2.41125
2022-03-07 10:30:00,2.7625
2022-03-08 10:30:00,2.86875
2022-03-09 10:30:00,2.865
2022-03-10 10:30:00,6.58375
2022-03-11 10:30:00,4.245
2022-03-12 10:30:00,3.62625
2022-03-13 10:30:00,2.9437501
2022-03-14 10:30:00,2.91625
2022-03-15 10:30:00,4.215
2022-03-16 10:30:00,4.63375
2022-03-17 10:30:00,2.2725
2022-03-18 10:30:00,2.1475
2022-03-19 10:30:00,2.14125
2022-03-20 10:30:00,2.62625
2022-03-21 10:30:00,4.31
2022-03-22 10:30:00,3.8
2022-03-23 10:30:00,2.505
2022-03-24 10:30:00,4.905
2022-03-25 10:30:00,3.7862499
2022-03-26 10:30:00,5.42625
2022-03-27 10:30:00,4.2975
2022-03-28 10:30:00,4.55875
2022-03-29 10:30:00,4.86375
2022-03-30 10:30:00,2.1475
2022-03-31 10:30:00,4.28375
2022-04-01 10:30:00,3.21
2022-04-02 10:30:00,4.1
2022-04-03 10:30:00,4.6800003
2022-04-04 10:30:00,4.105
2022-04-05 10:30:00,5.79875
2022-04-06 10:30:00,3.8600001
2022-04-07 10:30:00,4.55625
2022-04-08 10:30:00,4.73625
2022-04-09 10:30:00,3.72875
2022-04-10 10:30:00,5.08125
2022-04-11 10:30:00,3.63375
2022-04-12 10:30:00,3.3325
2022-04-13 10:30:00,1.83875
2022-04-14 10:30:00,2.5975
2022-04-15 10:30:00,6.19
2022-04-16 10:30:00,3.62875
2022-04-17 10:30:00,3.49375
2022-04-18 10:30:00,4.15125
2022-04-19 10:30:00,7.6825
2022-04-20 10:30:00,6.2775
2022-04-21 10:30:00,3.305
2022-04-22 10:30:00,3.7475
2022-04-23 10:30:00,6.415
2022-04-24 10:30:00,3.65125
2022-04-25 10:30:00,5.57875
2022-04-26 10:30:00,7.38125
2022-04-27 10:30:00,4.16875
2022-04-28 10:30:00,2.8275
2022-04-29 10:30:00,5.78375
2022-04-30 10:30:00,5.53375
2022-05-01 10:30:00,3.8625
2022-05-02 10:30:00,3.9312499
2022-05-03 10:30:00,3.415
2022-05-04 10:30:00,3.97375
2022-05-05 10:30:00,5.1075
2022-05-06 10:30:00,5.2312503
2022-05-07 10:30:00,3.94875
2022-05-08 10:30:00,2.79875
2022-05-09 10:30:00,6.585
2022-05-10 10:30:00,3.2549999
2022-05-11 10:30:00,5.01375
2022-05-12 10:30:00,4.1625
2022-05-13 10:30:00,4.04375
2022-05-14 10:30:00,3.955
2022-05-15 10:30:00,4.47125
2022-05-16 10:30:00,2.9412498
2022-05-17 10:30:00,2.98
2022-05-18 10:30:00,2.59375
2022-05-19 10:30:00,4.015
2022-05-20 10:30:00,3.9225
2022-05-21 10:30:00,3.83
2022-05-22 10:30:00,3.14375
2022-05-23 10:30:00,3.955
2022-05-24 10:30:00,4.06
2022-05-25 10:30:00,3.8162498
2022-05-26 10:30:00,2.90875
2022-05-27 10:30:00,3.2875
2022-05-28 10:30:00,4.11125
2022-05-29 10:30:00,3.76125
2022-05-30 10:30:00,3.8200002
2022-05-31 10:30:00,3.1312501
2022-06-01 10:30:00,3.50125
2022-06-02 10:30:00,2.5587502
2022-06-03 10:30:00,5.21125
2022-06-04 10:30:00,4.74375
2022-06-05 10:30:00,5.81875
2022-06-06 10:30:00,3.3525
2022-06-07 10:30:00,2.18375
2022-06-08 10:30:00,2.8025
2022-06-09 10:30:00,2.045
2022-06-10 10:30:00,2.7475
2022-06-11 10:30:00,3.91
2022-06-12 10:30:00,3.305
2022-06-13 10:30:00,2.57875
2022-06-14 10:30:00,1.82375
2022-06-15 10:30:00,2.07375
2022-06-16 10:30:00,1.96375
2022-06-17 10:30:00,1.9425
2022-06-18 10:30:00,2.27875
2022-06-19 10:30:00,1.6775
2022-06-20 10:30:00,4.2225
2022-06-21 10:30:00,3.4475
2022-06-22 10:30:00,2.8700001
2022-06-23 10:30:00,3.58875
2022-06-24 10:30:00,3.5175
2022-06-25 10:30:00,2.01125
2022-06-26 10:30:00,1.70875
2022-06-27 10:30:00,1.98375
2022-06-28 10:30:00,2.02875
2022-06-29 10:30:00,1.98
2022-06-30 10:30:00,2.6525
2022-07-01 10:30:00,2.5275
2022-07-02 10:30:00,2.49875
2022-07-03 10:30:00,2.1125
2022-07-04 10:30:00,2.58625
2022-07-05 10:30:00,3.01375
2022-07-06 10:30:00,1.74125
2022-07-07 10:30:00,2.36125
2022-07-08 10:30:00,4.95125
2022-07-09 10:30:00,3.7800002
2022-07-10 10:30:00,2.745
2022-07-11 10:30:00,1.61125
2022-07-12 10:30:00,2.8025
2022-07-13 10:30:00,2.37125
2022-07-14 10:30:00,3.97
2022-07-15 10:30:00,1.835
2022-07-16 10:30:00,1.7325
2022-07-17 10:30:00,2.1925
2022-07-18 10:30:00,2.3225
2022-07-19 10:30:00,1.72
2022-07-20 10:30:00,1.965
2022-07-21 10:30:00,2.00125
2022-07-22 10:30:00,2.035
2022-07-23 10:30:00,1.8175
2022-07-24 10:30:00,2.25125
2022-07-25 10:30:00,3.025
2022-07-26 10:30:00,3.175
2022-07-27 10:30:00,2.375
2022-07-28 10:30:00,2.05
2022-07-29 10:30:00,1.6850001
2022-07-30 10:30:00,2.2625
2022-07-31 10:30:00,2.58
2022-08-01 10:30:00,1.86
2022-08-02 10:30:00,2.31375
2022-08-03 10:30:00,2.4225
2022-08-04 10:30:00,3.8525
2022-08-05 10:30:00,4.04
2022-08-06 10:30:00,1.655
2022-08-07 10:30:00,3.48125
2022-08-08 10:30:00,3.905
2022-08-09 10:30:00,3.6475
2022-08-10 10:30:00,3.25
2022-08-11 10:30:00,2.8525
2022-08-12 10:30:00,2.225
2022-08-13 10:30:00,2.27125
2022-08-14 10:30:00,2.095
2022-08-15 10:30:00,2.81875
2022-08-16 10:30:00,2.03375
2022-08-17 10:30:00,2.7549999
2022-08-18 10:30:00,3.01625
2022-08-19 10:30:00,4.01375
2022-08-20 10:30:00,3.4325
2022-08-21 10:30:00,1.9425
2022-08-22 10:30:00,4.5175
2022-08-23 10:30:00,3.22
2022-08-24 10:30:00,2.93875
2022-08-25 10:30:00,4.2425003
2022-08-26 10:30:00,4.6862497
2022-08-27 10:30:00,2.39875
2022-08-28 10:30:00,2.2675
2022-08-29 10:30:00,1.735
2022-08-30 10:30:00,2.3825
2022-08-31 10:30:00,3.76
2022-09-01 10:30:00,2.84125
2022-09-02 10:30:00,2.75125
2022-09-03 10:30:00,2.4225
2022-09-04 10:30:00,4.6662498
2022-09-05 10:30:00,4.91875
2022-09-06 10:30:00,4.485
2022-09-07 10:30:00,4.26125
2022-09-08 10:30:00,3.2325
2022-09-09 10:30:00,2.2324998
2022-09-10 10:30:00,2.44625
2022-09-11 10:30:00,1.74
2022-09-12 10:30:00,3.3775
2022-09-13 10:30:00,2.24875
2022-09-14 10:30:00,2.27125
2022-09-15 10:30:00,2.3325
2022-09-16 10:30:00,2.31875
2022-09-17 10:30:00,5.4225
2022-09-18 10:30:00,5.6925
2022-09-19 10:30:00,4.8450003
2022-09-20 10:30:00,3.12875
2022-09-21 10:30:00,5.1062503
2022-09-22 10:30:00,4.19
2022-09-23 10:30:00,3.89625
2022-09-24 10:30:00,3.18125
2022-09-25 10:30:00,3.52875
2022-09-26 10:30:00,2.4825
2022-09-27 10:30:00,4.675
2022-09-28 10:30:00,3.3975
2022-09-29 10:30:00,3.08125
2022-09-30 10:30:00,2.86125
2022-10-01 10:30:00,2.64875
2022-10-02 10:30:00,3.6025
2022-10-03 10:30:00,5.15875
2022-10-04 10:30:00,3.22375
2022-10-05 10:30:00,2.895
2022-10-06 10:30:00,2.2925
2022-10-07 10:30:00,1.5812501
2022-10-08 10:30:00,2.79875
2022-10-09 10:30:00,4.16125
2022-10-10 10:30:00,3.88125
2022-10-11 10:30:00,1.95625
2022-10-12 10:30:00,2.56
2022-10-13 10:30:00,2.4325001
2022-10-14 10:30:00,2.61375
2022-10-15 10:30:00,5.14125
2022-10-16 10:30:00,5.2725
2022-10-17 10:30:00,3.5025
2022-10-18 10:30:00,1.915
2022-10-19 10:30:00,3.635
2022-10-20 10:30:00,2.7575
2022-10-21 10:30:00,3.975
2022-10-22 10:30:00,3.4112499
2022-10-23 10:30:00,2.95875
2022-10-24 10:30:00,1.91
2022-10-25 10:30:00,3.795
2022-10-26 10:30:00,4.675
2022-10-27 10:30:00,1.80625
2022-10-28 10:30:00,1.5962499
2022-10-29 10:30:00,1.56875
2022-10-30 10:30:00,2.8812501
2022-10-31 10:30:00,7.48875
2022-11-01 10:30:00,5.0837502
2022-11-02 10:30:00,5.28
2022-11-03 10:30:00,4.4
2022-11-04 10:30:00,3.815
2022-11-05 10:30:00,2.3899999
2022-11-06 10:30:00,2.41625
2022-11-07 10:30:00,3.8625
2022-11-08 10:30:00,3.91875
2022-11-09 10:30:00,2.2450001
2022-11-10 10:30:00,1.98125
2022-11-11 10:30:00,4.63625
2022-11-12 10:30:00,3.12875
2022-11-13 10:30:00,2.45875
2022-11-14 10:30:00,2.4675
2022-11-15 10:30:00,2.3725
2022-11-16 10:30:00,1.37875
2022-11-17 10:30:00,3.6125
2022-11-18 10:30:00,2.9975
2022-11-19 10:30:00,6.11125
2022-11-20 10:30:00,2.90625
2022-11-21 10:30:00,2.5787501
2022-11-22 10:30:00,1.945
2022-11-23 10:30:00,2.39625
2022-11-24 10:30:00,2.915
2022-11-25 10:30:00,6.36625
2022-11-26 10:30:00,3.8725
2022-11-27 10:30:00,1.81625
2022-11-28 10:30:00,4.255
2022-11-29 10:30:00,6.30375
2022-11-30 10:30:00,6.3475
2022-12-01 10:30:00,5.74625
2022-12-02 10:30:00,4.97375
2022-12-03 10:30:00,5.135
2022-12-04 10:30:00,4.3375
2022-12-05 10:30:00,4.6825
2022-12-06 10:30:00,5.0525002
2022-12-07 10:30:00,4.1887503
2022-12-08 10:30:00,3.62375
2022-12-09 10:30:00,3.72625
2022-12-10 10:30:00,3.51375
2022-12-11 10:30:00,3.77375
2022-12-12 10:30:00,6.36875
2022-12-13 10:30:00,7.4225
2022-12-14 10:30:00,4.22875
2022-12-15 10:30:00,4.26125
2022-12-16 10:30:00,4.4787498
2022-12-17 10:30:00,4.19125
2022-12-18 10:30:00,3.6975
2022-12-19 10:30:00,2.38125
2022-12-20 10:30:00,1.49375
2022-12-21 10:30:00,3.04
2022-12-22 10:30:00,3.83375
2022-12-23 10:30:00,3.8075
2022-12-24 10:30:00,2.7275
2022-12-25 10:30:00,1.9425
2022-12-26 10:30:00,2.7
2022-12-27 10:30:00,2.4275
2022-12-28 10:30:00,3.0225
2022-12-29 10:30:00,2.76875
2022-12-30 10:30:00,4.1675
2022-12-31 10:30:00,4.58625
