time,wind
2012-01-01 10:30:00,0.9625
2012-01-02 10:30:00,0.82875
2012-01-03 10:30:00,1.67875
2012-01-04 10:30:00,0.73875
2012-01-05 10:30:00,2.07625
2012-01-06 10:30:00,0.8125
2012-01-07 10:30:00,1.105
2012-01-08 10:30:00,1.495
2012-01-09 10:30:00,0.57625
2012-01-10 10:30:00,2.3025
2012-01-11 10:30:00,1.1375
2012-01-12 10:30:00,1.3625
2012-01-13 10:30:00,1.27125
2012-01-14 10:30:00,1.60875
2012-01-15 10:30:00,1.44125
2012-01-16 10:30:00,0.945
2012-01-17 10:30:00,0.8
2012-01-18 10:30:00,1.50125
2012-01-19 10:30:00,1.48375
2012-01-20 10:30:00,1.79125
2012-01-21 10:30:00,1.5962499
2012-01-22 10:30:00,0.63124996
2012-01-23 10:30:00,0.91875
2012-01-24 10:30:00,0.5
2012-01-25 10:30:00,1.005
2012-01-26 10:30:00,1.2574999
2012-01-27 10:30:00,1.31
2012-01-28 10:30:00,1.4499999
2012-01-29 10:30:00,1.0125
2012-01-30 10:30:00,1.60875
2012-01-31 10:30:00,2.52125
2012-02-01 10:30:00,2.495
2012-02-02 10:30:00,3.23125
2012-02-03 10:30:00,2.8025
2012-02-04 10:30:00,2.3174999
2012-02-05 10:30:00,2.38375
2012-02-06 10:30:00,4.0699997
2012-02-07 10:30:00,2.39375
2012-02-08 10:30:00,2.11125
2012-02-09 10:30:00,3.74
2012-02-10 10:30:00,2.81
2012-02-11 10:30:00,2.49875
2012-02-12 10:30:00,1.5825
2012-02-13 10:30:00,2.11625
2012-02-14 10:30:00,3.05
2012-02-15 10:30:00,2.46875
2012-02-16 10:30:00,3.7075
2012-02-17 10:30:00,2.30375
2012-02-18 10:30:00,1.9675
2012-02-19 10:30:00,3.93125
2012-02-20 10:30:00,2.82
2012-02-21 10:30:00,1.27375
2012-02-22 10:30:00,1.175
2012-02-23 10:30:00,1.4325
2012-02-24 10:30:00,4.1775002
2012-02-25 10:30:00,3.4175
2012-02-26 10:30:00,2.2575
2012-02-27 10:30:00,2.765
2012-02-28 10:30:00,1.95875
2012-02-29 10:30:00,2.65875
2012-03-01 10:30:00,3.42
2012-03-02 10:30:00,1.745
2012-03-03 10:30:00,2.3525
2012-03-04 10:30:00,1.19375
2012-03-05 10:30:00,1.99375
2012-03-06 10:30:00,3.77
2012-03-07 10:30:00,2.16
2012-03-08 10:30:00,3.5475001
2012-03-09 10:30:00,2.09125
2012-03-10 10:30:00,3.915
2012-03-11 10:30:00,2.78875
2012-03-12 10:30:00,2.63
2012-03-13 10:30:00,4.5925
2012-03-14 10:30:00,2.65375
2012-03-15 10:30:00,4.665
2012-03-16 10:30:00,4.64875
2012-03-17 10:30:00,3.35125
2012-03-18 10:30:00,4.19375
2012-03-19 10:30:00,4.79625
2012-03-20 10:30:00,2.4099998
2012-03-21 10:30:00,5.645
2012-03-22 10:30:00,2.4212499
2012-03-23 10:30:00,4.61
2012-03-24 10:30:00,6.61875
2012-03-25 10:30:00,2.71625
2012-03-26 10:30:00,2.51125
2012-03-27 10:30:00,4.40125
2012-03-28 10:30:00,5.455
2012-03-29 10:30:00,5.30125
2012-03-30 10:30:00,2.4312499
2012-03-31 10:30:00,3.43875
2012-04-01 10:30:00,2.845
2012-04-02 10:30:00,1.77875
2012-04-03 10:30:00,3.025
2012-04-04 10:30:00,2.66625
2012-04-05 10:30:00,3.915
2012-04-06 10:30:00,3.31
2012-04-07 10:30:00,5.44625
2012-04-08 10:30:00,5.45375
2012-04-09 10:30:00,2.6025
2012-04-10 10:30:00,5.4575
2012-04-11 10:30:00,5.67
2012-04-12 10:30:00,4.74
2012-04-13 10:30:00,4.64
2012-04-14 10:30:00,2.36625
2012-04-15 10:30:00,4.8775
2012-04-16 10:30:00,3.385
2012-04-17 10:30:00,3.43625
2012-04-18 10:30:00,2.14375
2012-04-19 10:30:00,6.84375
2012-04-20 10:30:00,4.08375
2012-04-21 10:30:00,4.36625
2012-04-22 10:30:00,2.53125
2012-04-23 10:30:00,4.45375
2012-04-24 10:30:00,3.20125
2012-04-25 10:30:00,3.9875
2012-04-26 10:30:00,3.975
2012-04-27 10:30:00,3.63625
2012-04-28 10:30:00,5.93
2012-04-29 10:30:00,3.0575001
2012-04-30 10:30:00,2.24625
2012-05-01 10:30:00,3.07125
2012-05-02 10:30:00,2.51125
2012-05-03 10:30:00,4.26375
2012-05-04 10:30:00,3.61125
2012-05-05 10:30:00,4.30875
2012-05-06 10:30:00,3.3899999
2012-05-07 10:30:00,2.68875
2012-05-08 10:30:00,1.70875
2012-05-09 10:30:00,2.91125
2012-05-10 10:30:00,2.3825
2012-05-11 10:30:00,2.605
2012-05-12 10:30:00,3.495
2012-05-13 10:30:00,5.20875
2012-05-14 10:30:00,2.52
2012-05-15 10:30:00,1.5600001
2012-05-16 10:30:00,2.28875
2012-05-17 10:30:00,2.7425
2012-05-18 10:30:00,5.32125
2012-05-19 10:30:00,4.015
2012-05-20 10:30:00,1.5975
2012-05-21 10:30:00,6.65625
2012-05-22 10:30:00,4.035
2012-05-23 10:30:00,4.1875
2012-05-24 10:30:00,3.76
2012-05-25 10:30:00,3.72125
2012-05-26 10:30:00,1.27375
2012-05-27 10:30:00,4.04375
2012-05-28 10:30:00,2.965
2012-05-29 10:30:00,3.045
2012-05-30 10:30:00,3.135
2012-05-31 10:30:00,3.155
2012-06-01 10:30:00,1.9525
2012-06-02 10:30:00,2.06875
2012-06-03 10:30:00,1.57375
2012-06-04 10:30:00,2.115
2012-06-05 10:30:00,1.535
2012-06-06 10:30:00,1.6949999
2012-06-07 10:30:00,2.515
2012-06-08 10:30:00,2.5062501
2012-06-09 10:30:00,1.9775
2012-06-10 10:30:00,4.195
2012-06-11 10:30:00,3.4825
2012-06-12 10:30:00,3.6125
2012-06-13 10:30:00,2.6175
2012-06-14 10:30:00,2.8925
2012-06-15 10:30:00,3.20625
2012-06-16 10:30:00,2.165
2012-06-17 10:30:00,2.30625
2012-06-18 10:30:00,1.49375
2012-06-19 10:30:00,1.0925
2012-06-20 10:30:00,1.7025
2012-06-21 10:30:00,1.12625
2012-06-22 10:30:00,2.25125
2012-06-23 10:30:00,2.8225
2012-06-24 10:30:00,3.5362499
2012-06-25 10:30:00,2.64375
2012-06-26 10:30:00,2.96375
2012-06-27 10:30:00,1.89625
2012-06-28 10:30:00,3.24875
2012-06-29 10:30:00,2.25
2012-06-30 10:30:00,2.70875
2012-07-01 10:30:00,2.375
2012-07-02 10:30:00,2.51875
2012-07-03 10:30:00,4.0275
2012-07-04 10:30:00,2.2549999
2012-07-05 10:30:00,1.39
2012-07-06 10:30:00,1.155
2012-07-07 10:30:00,1.9825
2012-07-08 10:30:00,1.8312501
2012-07-09 10:30:00,1.48125
2012-07-10 10:30:00,0.85249996
2012-07-11 10:30:00,4.07875
2012-07-12 10:30:00,3.30125
2012-07-13 10:30:00,0.95625
2012-07-14 10:30:00,1.3412501
2012-07-15 10:30:00,1.74625
2012-07-16 10:30:00,1.11375
2012-07-17 10:30:00,2.9637501
2012-07-18 10:30:00,2.7425
2012-07-19 10:30:00,1.14
2012-07-20 10:30:00,1.1274999
2012-07-21 10:30:00,2.3325
2012-07-22 10:30:00,1.5525
2012-07-23 10:30:00,2.75875
2012-07-24 10:30:00,0.75125
2012-07-25 10:30:00,2.36875
2012-07-26 10:30:00,2.935
2012-07-27 10:30:00,1.905
2012-07-28 10:30:00,3.1737502
2012-07-29 10:30:00,6.0474997
2012-07-30 10:30:00,2.745
2012-07-31 10:30:00,1.7624999
2012-08-01 10:30:00,1.5550001
2012-08-02 10:30:00,1.51125
2012-08-03 10:30:00,1.15
2012-08-04 10:30:00,2.05375
2012-08-05 10:30:00,1.7225
2012-08-06 10:30:00,1.49125
2012-08-07 10:30:00,3.67875
2012-08-08 10:30:00,2.57
2012-08-09 10:30:00,2.70625
2012-08-10 10:30:00,2.19625
2012-08-11 10:30:00,1.24
2012-08-12 10:30:00,2.3125
2012-08-13 10:30:00,1.9575
2012-08-14 10:30:00,2.15625
2012-08-15 10:30:00,1.6812501
2012-08-16 10:30:00,3.405
2012-08-17 10:30:00,3.35625
2012-08-18 10:30:00,2.205
2012-08-19 10:30:00,2.10625
2012-08-20 10:30:00,3.11625
2012-08-21 10:30:00,2.34875
2012-08-22 10:30:00,3.745
2012-08-23 10:30:00,4.33625
2012-08-24 10:30:00,1.61
2012-08-25 10:30:00,2.6225
2012-08-26 10:30:00,1.82125
2012-08-27 10:30:00,2.8275
2012-08-28 10:30:00,2.1425
2012-08-29 10:30:00,2.855
2012-08-30 10:30:00,1.5725
2012-08-31 10:30:00,2.63125
2012-09-01 10:30:00,3.4275
2012-09-02 10:30:00,4.1875
2012-09-03 10:30:00,1.9175
2012-09-04 10:30:00,1.56375
2012-09-05 10:30:00,1.94375
2012-09-06 10:30:00,1.74375
2012-09-07 10:30:00,1.025
2012-09-08 10:30:00,1.94375
2012-09-09 10:30:00,1.9475
2012-09-10 10:30:00,3.9925
2012-09-11 10:30:00,5.545
2012-09-12 10:30:00,3.3025
2012-09-13 10:30:00,2.12875
2012-09-14 10:30:00,2.14125
2012-09-15 10:30:00,1.27125
2012-09-16 10:30:00,1.255
2012-09-17 10:30:00,1.1925
2012-09-18 10:30:00,2.43375
2012-09-19 10:30:00,2.00375
2012-09-20 10:30:00,2.6075
2012-09-21 10:30:00,1.2675
2012-09-22 10:30:00,2.9125
2012-09-23 10:30:00,2.415
2012-09-24 10:30:00,2.53625
2012-09-25 10:30:00,2.56875
2012-09-26 10:30:00,2.51875
2012-09-27 10:30:00,2.38625
2012-09-28 10:30:00,4.69
2012-09-29 10:30:00,3.20375
2012-09-30 10:30:00,1.58875
2012-10-01 10:30:00,1.62
2012-10-02 10:30:00,1.92375
2012-10-03 10:30:00,2.125
2012-10-04 10:30:00,2.0675
2012-10-05 10:30:00,2.355
2012-10-06 10:30:00,1.2675
2012-10-07 10:30:00,2.00875
2012-10-08 10:30:00,1.8175
2012-10-09 10:30:00,3.215
2012-10-10 10:30:00,1.9712499
2012-10-11 10:30:00,1.155
2012-10-12 10:30:00,1.09875
2012-10-13 10:30:00,1.9425
2012-10-14 10:30:00,3.57875
2012-10-15 10:30:00,2.09375
2012-10-16 10:30:00,2.5325
2012-10-17 10:30:00,3.86
2012-10-18 10:30:00,3.48
2012-10-19 10:30:00,2.2475
2012-10-20 10:30:00,3.42375
2012-10-21 10:30:00,2.04125
2012-10-22 10:30:00,0.98
2012-10-23 10:30:00,1.59
2012-10-24 10:30:00,0.6375
2012-10-25 10:30:00,2.2925
2012-10-26 10:30:00,3.03
2012-10-27 10:30:00,3.8500001
2012-10-28 10:30:00,2.22
2012-10-29 10:30:00,1.905
2012-10-30 10:30:00,1.125
2012-10-31 10:30:00,0.32875
2012-11-01 10:30:00,1.28625
2012-11-02 10:30:00,2.92625
2012-11-03 10:30:00,1.3875
2012-11-04 10:30:00,2.71875
2012-11-05 10:30:00,2.27125
2012-11-06 10:30:00,1.06625
2012-11-07 10:30:00,2.0275
2012-11-08 10:30:00,1.17125
2012-11-09 10:30:00,0.95875
2012-11-10 10:30:00,2.14875
2012-11-11 10:30:00,6.19625
2012-11-12 10:30:00,5.05125
2012-11-13 10:30:00,3.52125
2012-11-14 10:30:00,1.5812501
2012-11-15 10:30:00,1.08625
2012-11-16 10:30:00,0.77875
2012-11-17 10:30:00,1.08
2012-11-18 10:30:00,1.66375
2012-11-19 10:30:00,0.83750004
2012-11-20 10:30:00,2.4125
2012-11-21 10:30:00,0.78625
2012-11-22 10:30:00,3.04
2012-11-23 10:30:00,1.2325
2012-11-24 10:30:00,1.01125
2012-11-25 10:30:00,1.7825
2012-11-26 10:30:00,0.86125
2012-11-27 10:30:00,2.96125
2012-11-28 10:30:00,2.14375
2012-11-29 10:30:00,1.2325
2012-11-30 10:30:00,1.81
2012-12-01 10:30:00,2.00875
2012-12-02 10:30:00,0.82375
2012-12-03 10:30:00,1.83375
2012-12-04 10:30:00,1.38625
2012-12-05 10:30:00,2.585
2012-12-06 10:30:00,1.68375
2012-12-07 10:30:00,1.84375
2012-12-08 10:30:00,4.6275
2012-12-09 10:30:00,2.52
2012-12-10 10:30:00,1.53
2012-12-11 10:30:00,0.745
2012-12-12 10:30:00,0.87874997
2012-12-13 10:30:00,0.89375
2012-12-14 10:30:00,0.89375
2012-12-15 10:30:00,1.335
2012-12-16 10:30:00,1.1075
2012-12-17 10:30:00,2.34125
2012-12-18 10:30:00,1.4275
2012-12-19 10:30:00,1.0175
2012-12-20 10:30:00,0.90749997
2012-12-21 10:30:00,1.2775
2012-12-22 10:30:00,1.1825
2012-12-23 10:30:00,1.5525
2012-12-24 10:30:00,2.15875
2012-12-25 10:30:00,2.4325
2012-12-26 10:30:00,1.76625
2012-12-27 10:30:00,0.79375
2012-12-28 10:30:00,0.995
2012-12-29 10:30:00,1.17375
2012-12-30 10:30:00,1.60875
2012-12-31 10:30:00,1.125
2013-01-01 10:30:00,2.8575
2013-01-02 10:30:00,3.7775
2013-01-03 10:30:00,1.78125
2013-01-04 10:30:00,2.8487499
2013-01-05 10:30:00,3.0275
2013-01-06 10:30:00,1.09875
2013-01-07 10:30:00,1.6675
2013-01-08 10:30:00,0.84625
2013-01-09 10:30:00,1.1725
2013-01-10 10:30:00,0.86875
2013-01-11 10:30:00,0.69124997
2013-01-12 10:30:00,0.78125
2013-01-13 10:30:00,1.30125
2013-01-14 10:30:00,0.95625
2013-01-15 10:30:00,0.69375
2013-01-16 10:30:00,1.9875001
2013-01-17 10:30:00,1.15625
2013-01-18 10:30:00,0.92375
2013-01-19 10:30:00,0.75
2013-01-20 10:30:00,0.4625
2013-01-21 10:30:00,1.4425
2013-01-22 10:30:00,0.925
2013-01-23 10:30:00,2.28375
2013-01-24 10:30:00,5.965
2013-01-25 10:30:00,2.38375
2013-01-26 10:30:00,0.6275
2013-01-27 10:30:00,1.0962499
2013-01-28 10:30:00,0.86875
2013-01-29 10:30:00,2.295
2013-01-30 10:30:00,1.2262499
2013-01-31 10:30:00,1.7425
2013-02-01 10:30:00,4.37
2013-02-02 10:30:00,2.01125
2013-02-03 10:30:00,1.08
2013-02-04 10:30:00,2.9175
2013-02-05 10:30:00,1.87375
2013-02-06 10:30:00,4.90875
2013-02-07 10:30:00,4.345
2013-02-08 10:30:00,1.61
2013-02-09 10:30:00,2.885
2013-02-10 10:30:00,2.57125
2013-02-11 10:30:00,0.95750004
2013-02-12 10:30:00,3.23625
2013-02-13 10:30:00,3.96625
2013-02-14 10:30:00,3.13625
2013-02-15 10:30:00,2.01375
2013-02-16 10:30:00,1.19625
2013-02-17 10:30:00,3.73125
2013-02-18 10:30:00,3.40375
2013-02-19 10:30:00,4.3625
2013-02-20 10:30:00,1.60875
2013-02-21 10:30:00,1.7375
2013-02-22 10:30:00,3.34375
2013-02-23 10:30:00,4.91125
2013-02-24 10:30:00,1.745
2013-02-25 10:30:00,1.6075001
2013-02-26 10:30:00,1.65625
2013-02-27 10:30:00,3.6100001
2013-02-28 10:30:00,3.34125
2013-03-01 10:30:00,6.27125
2013-03-02 10:30:00,1.6275
2013-03-03 10:30:00,1.4662501
2013-03-04 10:30:00,1.8249999
2013-03-05 10:30:00,1.1162499
2013-03-06 10:30:00,5.91375
2013-03-07 10:30:00,3.2549999
2013-03-08 10:30:00,3.3525
2013-03-09 10:30:00,2.885
2013-03-10 10:30:00,1.5475
2013-03-11 10:30:00,1.08125
2013-03-12 10:30:00,6.10375
2013-03-13 10:30:00,3.58125
2013-03-14 10:30:00,2.54
2013-03-15 10:30:00,1.60125
2013-03-16 10:30:00,4.87375
2013-03-17 10:30:00,5.2000003
2013-03-18 10:30:00,5.03375
2013-03-19 10:30:00,5.7287498
2013-03-20 10:30:00,3.165
2013-03-21 10:30:00,3.56625
2013-03-22 10:30:00,3.3325
2013-03-23 10:30:00,2.4624999
2013-03-24 10:30:00,3.6725
2013-03-25 10:30:00,2.9775
2013-03-26 10:30:00,3.79875
2013-03-27 10:30:00,3.4
2013-03-28 10:30:00,4.3375
2013-03-29 10:30:00,4.21125
2013-03-30 10:30:00,3.03
2013-03-31 10:30:00,2.7325
2013-04-01 10:30:00,2.7825
2013-04-02 10:30:00,5.77625
2013-04-03 10:30:00,6.1175
2013-04-04 10:30:00,1.87
2013-04-05 10:30:00,2.8325
2013-04-06 10:30:00,2.195
2013-04-07 10:30:00,2.14125
2013-04-08 10:30:00,3.465
2013-04-09 10:30:00,6.3525
2013-04-10 10:30:00,4.04875
2013-04-11 10:30:00,3.98625
2013-04-12 10:30:00,5.12625
2013-04-13 10:30:00,9.46625
2013-04-14 10:30:00,6.71375
2013-04-15 10:30:00,4.3425
2013-04-16 10:30:00,4.23
2013-04-17 10:30:00,4.0925
2013-04-18 10:30:00,5.395
2013-04-19 10:30:00,3.1775
2013-04-20 10:30:00,3.6924999
2013-04-21 10:30:00,2.2237499
2013-04-22 10:30:00,2.9225
2013-04-23 10:30:00,4.47125
2013-04-24 10:30:00,4.80125
2013-04-25 10:30:00,2.5725
2013-04-26 10:30:00,2.065
2013-04-27 10:30:00,2.45375
2013-04-28 10:30:00,3.515
2013-04-29 10:30:00,6.2912498
2013-04-30 10:30:00,2.98625
2013-05-01 10:30:00,1.60625
2013-05-02 10:30:00,2.725
2013-05-03 10:30:00,2.91875
2013-05-04 10:30:00,3.15125
2013-05-05 10:30:00,3.08125
2013-05-06 10:30:00,2.33
2013-05-07 10:30:00,4.53875
2013-05-08 10:30:00,2.2425
2013-05-09 10:30:00,3.80375
2013-05-10 10:30:00,3.69125
2013-05-11 10:30:00,2.7775
2013-05-12 10:30:00,2.83875
2013-05-13 10:30:00,2.97875
2013-05-14 10:30:00,3.42
2013-05-15 10:30:00,1.18125
2013-05-16 10:30:00,3.5425
2013-05-17 10:30:00,3.0
2013-05-18 10:30:00,6.66875
2013-05-19 10:30:00,3.81
2013-05-20 10:30:00,3.61375
2013-05-21 10:30:00,1.5024999
2013-05-22 10:30:00,1.395
2013-05-23 10:30:00,3.7875
2013-05-24 10:30:00,3.66625
2013-05-25 10:30:00,6.05625
2013-05-26 10:30:00,3.6575
2013-05-27 10:30:00,4.82875
2013-05-28 10:30:00,5.17625
2013-05-29 10:30:00,5.28625
2013-05-30 10:30:00,3.34625
2013-05-31 10:30:00,5.0475
2013-06-01 10:30:00,4.565
2013-06-02 10:30:00,1.5575
2013-06-03 10:30:00,4.31625
2013-06-04 10:30:00,2.805
2013-06-05 10:30:00,0.975
2013-06-06 10:30:00,3.29
2013-06-07 10:30:00,2.52
2013-06-08 10:30:00,4.1825
2013-06-09 10:30:00,1.63625
2013-06-10 10:30:00,2.7237499
2013-06-11 10:30:00,2.95875
2013-06-12 10:30:00,3.44
2013-06-13 10:30:00,2.86625
2013-06-14 10:30:00,2.9837499
2013-06-15 10:30:00,1.85625
2013-06-16 10:30:00,2.24625
2013-06-17 10:30:00,2.46
2013-06-18 10:30:00,1.845
2013-06-19 10:30:00,3.41875
2013-06-20 10:30:00,2.475
2013-06-21 10:30:00,2.005
2013-06-22 10:30:00,1.25375
2013-06-23 10:30:00,1.74375
2013-06-24 10:30:00,2.09625
2013-06-25 10:30:00,2.13625
2013-06-26 10:30:00,2.335
2013-06-27 10:30:00,1.5024999
2013-06-28 10:30:00,2.42375
2013-06-29 10:30:00,1.90625
2013-06-30 10:30:00,1.3825
2013-07-01 10:30:00,1.91
2013-07-02 10:30:00,2.53125
2013-07-03 10:30:00,5.93
2013-07-04 10:30:00,3.0249999
2013-07-05 10:30:00,2.75125
2013-07-06 10:30:00,1.00375
2013-07-07 10:30:00,4.165
2013-07-08 10:30:00,1.6675
2013-07-09 10:30:00,2.24125
2013-07-10 10:30:00,1.5625
2013-07-11 10:30:00,2.1725
2013-07-12 10:30:00,1.2574999
2013-07-13 10:30:00,1.2687501
2013-07-14 10:30:00,1.755
2013-07-15 10:30:00,4.48375
2013-07-16 10:30:00,2.9125
2013-07-17 10:30:00,1.26625
2013-07-18 10:30:00,2.62125
2013-07-19 10:30:00,2.16
2013-07-20 10:30:00,1.595
2013-07-21 10:30:00,1.58625
2013-07-22 10:30:00,3.0025
2013-07-23 10:30:00,2.77375
2013-07-24 10:30:00,3.36125
2013-07-25 10:30:00,2.36375
2013-07-26 10:30:00,1.10125
2013-07-27 10:30:00,2.35625
2013-07-28 10:30:00,1.16
2013-07-29 10:30:00,1.93125
2013-07-30 10:30:00,0.98125
2013-07-31 10:30:00,1.81625
2013-08-01 10:30:00,2.1475
2013-08-02 10:30:00,2.3025
2013-08-03 10:30:00,1.53
2013-08-04 10:30:00,1.52875
2013-08-05 10:30:00,1.62875
2013-08-06 10:30:00,0.61375004
2013-08-07 10:30:00,1.9325
2013-08-08 10:30:00,2.0875
2013-08-09 10:30:00,2.97125
2013-08-10 10:30:00,1.265
2013-08-11 10:30:00,1.3225
2013-08-12 10:30:00,2.1
2013-08-13 10:30:00,2.4825
2013-08-14 10:30:00,1.455
2013-08-15 10:30:00,2.2825
2013-08-16 10:30:00,1.86
2013-08-17 10:30:00,1.85375
2013-08-18 10:30:00,4.1462502
2013-08-19 10:30:00,2.28875
2013-08-20 10:30:00,1.6899999
2013-08-21 10:30:00,1.39
2013-08-22 10:30:00,2.885
2013-08-23 10:30:00,2.43125
2013-08-24 10:30:00,1.915
2013-08-25 10:30:00,1.72
2013-08-26 10:30:00,1.39
2013-08-27 10:30:00,1.1225001
2013-08-28 10:30:00,2.64375
2013-08-29 10:30:00,3.275
2013-08-30 10:30:00,2.08
2013-08-31 10:30:00,2.68
2013-09-01 10:30:00,1.885
2013-09-02 10:30:00,2.1975
2013-09-03 10:30:00,0.8425
2013-09-04 10:30:00,0.70625
2013-09-05 10:30:00,1.26125
2013-09-06 10:30:00,1.48625
2013-09-07 10:30:00,1.295
2013-09-08 10:30:00,1.5325
2013-09-09 10:30:00,2.5875
2013-09-10 10:30:00,2.535
2013-09-11 10:30:00,2.84
2013-09-12 10:30:00,1.15875
2013-09-13 10:30:00,1.69875
2013-09-14 10:30:00,4.0387497
2013-09-15 10:30:00,2.78
2013-09-16 10:30:00,4.025
2013-09-17 10:30:00,1.01125
2013-09-18 10:30:00,1.88625
2013-09-19 10:30:00,3.6000001
2013-09-20 10:30:00,1.63
2013-09-21 10:30:00,1.49
2013-09-22 10:30:00,4.785
2013-09-23 10:30:00,4.45375
2013-09-24 10:30:00,3.43875
2013-09-25 10:30:00,2.45625
2013-09-26 10:30:00,2.5425
2013-09-27 10:30:00,1.16
2013-09-28 10:30:00,1.81
2013-09-29 10:30:00,0.91625
2013-09-30 10:30:00,2.5875
2013-10-01 10:30:00,1.3975
2013-10-02 10:30:00,5.0575
2013-10-03 10:30:00,1.805
2013-10-04 10:30:00,2.1712499
2013-10-05 10:30:00,1.13
2013-10-06 10:30:00,4.1175
2013-10-07 10:30:00,3.9337502
2013-10-08 10:30:00,2.97625
2013-10-09 10:30:00,2.305
2013-10-10 10:30:00,2.79625
2013-10-11 10:30:00,2.71
2013-10-12 10:30:00,2.78875
2013-10-13 10:30:00,4.84875
2013-10-14 10:30:00,5.2525
2013-10-15 10:30:00,1.5237501
2013-10-16 10:30:00,1.30375
2013-10-17 10:30:00,2.10125
2013-10-18 10:30:00,0.88875
2013-10-19 10:30:00,1.34125
2013-10-20 10:30:00,1.0550001
2013-10-21 10:30:00,0.8825
2013-10-22 10:30:00,2.355
2013-10-23 10:30:00,1.69125
2013-10-24 10:30:00,3.495
2013-10-25 10:30:00,3.01625
2013-10-26 10:30:00,1.4287499
2013-10-27 10:30:00,1.14375
2013-10-28 10:30:00,1.64625
2013-10-29 10:30:00,1.66625
2013-10-30 10:30:00,1.1625
2013-10-31 10:30:00,1.38375
2013-11-01 10:30:00,1.85625
2013-11-02 10:30:00,0.865
2013-11-03 10:30:00,3.78625
2013-11-04 10:30:00,1.8275
2013-11-05 10:30:00,1.49
2013-11-06 10:30:00,2.9725
2013-11-07 10:30:00,1.11625
2013-11-08 10:30:00,1.86625
2013-11-09 10:30:00,5.1075
2013-11-10 10:30:00,4.43875
2013-11-11 10:30:00,1.95
2013-11-12 10:30:00,2.10625
2013-11-13 10:30:00,3.0625
2013-11-14 10:30:00,3.0275
2013-11-15 10:30:00,1.27
2013-11-16 10:30:00,1.0074999
2013-11-17 10:30:00,5.2275
2013-11-18 10:30:00,5.2712502
2013-11-19 10:30:00,3.9975
2013-11-20 10:30:00,3.2137501
2013-11-21 10:30:00,1.19125
2013-11-22 10:30:00,1.59
2013-11-23 10:30:00,1.3075
2013-11-24 10:30:00,4.16625
2013-11-25 10:30:00,4.43125
2013-11-26 10:30:00,4.3450003
2013-11-27 10:30:00,4.96125
2013-11-28 10:30:00,5.0525002
2013-11-29 10:30:00,2.71875
2013-11-30 10:30:00,2.52125
2013-12-01 10:30:00,2.72625
2013-12-02 10:30:00,0.44375
2013-12-03 10:30:00,2.47
2013-12-04 10:30:00,4.1775002
2013-12-05 10:30:00,3.2825
2013-12-06 10:30:00,1.99625
2013-12-07 10:30:00,0.765
2013-12-08 10:30:00,1.0725
2013-12-09 10:30:00,1.8050001
2013-12-10 10:30:00,1.46375
2013-12-11 10:30:00,1.22625
2013-12-12 10:30:00,4.47375
2013-12-13 10:30:00,3.8475
2013-12-14 10:30:00,4.01
2013-12-15 10:30:00,1.36625
2013-12-16 10:30:00,0.455
2013-12-17 10:30:00,0.94125
2013-12-18 10:30:00,2.42875
2013-12-19 10:30:00,3.145
2013-12-20 10:30:00,3.045
2013-12-21 10:30:00,1.82375
2013-12-22 10:30:00,1.43875
2013-12-23 10:30:00,0.98875
2013-12-24 10:30:00,1.15
2013-12-25 10:30:00,2.48875
2013-12-26 10:30:00,3.685
2013-12-27 10:30:00,1.9037501
2013-12-28 10:30:00,1.72375
2013-12-29 10:30:00,4.43875
2013-12-30 10:30:00,1.8937501
2013-12-31 10:30:00,3.5674999
2014-01-01 10:30:00,3.8075
2014-01-02 10:30:00,2.0774999
2014-01-03 10:30:00,1.4237499
2014-01-04 10:30:00,1.05125
2014-01-05 10:30:00,0.54
2014-01-06 10:30:00,2.005
2014-01-07 10:30:00,5.11875
2014-01-08 10:30:00,3.1875
2014-01-09 10:30:00,2.7675
2014-01-10 10:30:00,1.7112501
2014-01-11 10:30:00,2.6275
2014-01-12 10:30:00,1.8275
2014-01-13 10:30:00,1.5275
2014-01-14 10:30:00,1.3375
2014-01-15 10:30:00,1.5375
2014-01-16 10:30:00,1.24625
2014-01-17 10:30:00,1.3475
2014-01-18 10:30:00,1.51375
2014-01-19 10:30:00,1.7875
2014-01-20 10:30:00,1.94
2014-01-21 10:30:00,1.1587499
2014-01-22 10:30:00,2.195
2014-01-23 10:30:00,1.13
2014-01-24 10:30:00,1.9475
2014-01-25 10:30:00,2.93875
2014-01-26 10:30:00,2.3575
2014-01-27 10:30:00,4.89875
2014-01-28 10:30:00,1.8575001
2014-01-29 10:30:00,2.48
2014-01-30 10:30:00,1.79125
2014-01-31 10:30:00,0.925
2014-02-01 10:30:00,2.7649999
2014-02-02 10:30:00,5.85
2014-02-03 10:30:00,2.98625
2014-02-04 10:30:00,0.95500004
2014-02-05 10:30:00,1.1375
2014-02-06 10:30:00,1.4075
2014-02-07 10:30:00,1.4575
2014-02-08 10:30:00,2.0725
2014-02-09 10:30:00,2.96625
2014-02-10 10:30:00,1.78875
2014-02-11 10:30:00,1.32375
2014-02-12 10:30:00,1.40375
2014-02-13 10:30:00,2.1475
2014-02-14 10:30:00,1.54125
2014-02-15 10:30:00,1.46125
2014-02-16 10:30:00,0.9625
2014-02-17 10:30:00,1.87125
2014-02-18 10:30:00,1.45375
2014-02-19 10:30:00,0.99625
2014-02-20 10:30:00,1.41625
2014-02-21 10:30:00,1.81125
2014-02-22 10:30:00,1.00625
2014-02-23 10:30:00,2.32
2014-02-24 10:30:00,1.01
2014-02-25 10:30:00,1.0875
2014-02-26 10:30:00,3.68
2014-02-27 10:30:00,3.80875
2014-02-28 10:30:00,1.705
2014-03-01 10:30:00,0.9925
2014-03-02 10:30:00,1.63375
2014-03-03 10:30:00,1.195
2014-03-04 10:30:00,2.07375
2014-03-05 10:30:00,3.45625
2014-03-06 10:30:00,2.985
2014-03-07 10:30:00,3.7175
2014-03-08 10:30:00,4.13375
2014-03-09 10:30:00,3.2762501
2014-03-10 10:30:00,1.72375
2014-03-11 10:30:00,1.58375
2014-03-12 10:30:00,2.115
2014-03-13 10:30:00,1.02875
2014-03-14 10:30:00,1.69
2014-03-15 10:30:00,3.30875
2014-03-16 10:30:00,2.4737499
2014-03-17 10:30:00,2.765
2014-03-18 10:30:00,1.91
2014-03-19 10:30:00,4.5675
2014-03-20 10:30:00,3.1375
2014-03-21 10:30:00,1.15625
2014-03-22 10:30:00,2.2475
2014-03-23 10:30:00,1.50875
2014-03-24 10:30:00,2.9275
2014-03-25 10:30:00,1.4549999
2014-03-26 10:30:00,1.12125
2014-03-27 10:30:00,2.5325
2014-03-28 10:30:00,1.92
2014-03-29 10:30:00,2.47875
2014-03-30 10:30:00,4.3112497
2014-03-31 10:30:00,3.30875
2014-04-01 10:30:00,2.78875
2014-04-02 10:30:00,2.69125
2014-04-03 10:30:00,3.0075
2014-04-04 10:30:00,3.8087502
2014-04-05 10:30:00,2.695
2014-04-06 10:30:00,1.36
2014-04-07 10:30:00,1.04625
2014-04-08 10:30:00,3.17
2014-04-09 10:30:00,2.485
2014-04-10 10:30:00,1.94375
2014-04-11 10:30:00,2.22125
2014-04-12 10:30:00,1.38875
2014-04-13 10:30:00,3.7175
2014-04-14 10:30:00,4.705
2014-04-15 10:30:00,2.795
2014-04-16 10:30:00,2.03375
2014-04-17 10:30:00,2.355
2014-04-18 10:30:00,1.9725
2014-04-19 10:30:00,2.5925
2014-04-20 10:30:00,1.635
2014-04-21 10:30:00,1.95625
2014-04-22 10:30:00,1.78125
2014-04-23 10:30:00,2.38375
2014-04-24 10:30:00,3.18625
2014-04-25 10:30:00,4.705
2014-04-26 10:30:00,4.75375
2014-04-27 10:30:00,2.835
2014-04-28 10:30:00,2.3825
2014-04-29 10:30:00,2.95
2014-04-30 10:30:00,2.5462499
2014-05-01 10:30:00,4.09875
2014-05-02 10:30:00,2.24125
2014-05-03 10:30:00,3.4625
2014-05-04 10:30:00,4.4125
2014-05-05 10:30:00,2.8625
2014-05-06 10:30:00,1.61
2014-05-07 10:30:00,2.5375
2014-05-08 10:30:00,2.32875
2014-05-09 10:30:00,2.40625
2014-05-10 10:30:00,3.06
2014-05-11 10:30:00,3.135
2014-05-12 10:30:00,2.95
2014-05-13 10:30:00,2.5975
2014-05-14 10:30:00,2.0562499
2014-05-15 10:30:00,2.0825
2014-05-16 10:30:00,1.67875
2014-05-17 10:30:00,2.03
2014-05-18 10:30:00,1.795
2014-05-19 10:30:00,1.3
2014-05-20 10:30:00,2.3975
2014-05-21 10:30:00,2.875
2014-05-22 10:30:00,3.215
2014-05-23 10:30:00,2.305
2014-05-24 10:30:00,2.78375
2014-05-25 10:30:00,2.53125
2014-05-26 10:30:00,2.3225
2014-05-27 10:30:00,3.34125
2014-05-28 10:30:00,4.8375
2014-05-29 10:30:00,3.13875
2014-05-30 10:30:00,4.16375
2014-05-31 10:30:00,1.36375
2014-06-01 10:30:00,1.88875
2014-06-02 10:30:00,2.6512501
2014-06-03 10:30:00,3.32
2014-06-04 10:30:00,1.93875
2014-06-05 10:30:00,1.99125
2014-06-06 10:30:00,1.54375
2014-06-07 10:30:00,2.9975002
2014-06-08 10:30:00,2.40625
2014-06-09 10:30:00,1.8774999
2014-06-10 10:30:00,1.24375
2014-06-11 10:30:00,2.755
2014-06-12 10:30:00,2.725
2014-06-13 10:30:00,2.2125
2014-06-14 10:30:00,3.0125
2014-06-15 10:30:00,2.285
2014-06-16 10:30:00,1.91875
2014-06-17 10:30:00,3.1525
2014-06-18 10:30:00,2.64375
2014-06-19 10:30:00,1.83125
2014-06-20 10:30:00,2.0275
2014-06-21 10:30:00,2.6775
2014-06-22 10:30:00,2.2025
2014-06-23 10:30:00,2.14875
2014-06-24 10:30:00,2.37875
2014-06-25 10:30:00,2.51375
2014-06-26 10:30:00,3.47625
2014-06-27 10:30:00,3.745
2014-06-28 10:30:00,2.08
2014-06-29 10:30:00,1.76625
2014-06-30 10:30:00,2.0275
2014-07-01 10:30:00,2.27
2014-07-02 10:30:00,2.9637501
2014-07-03 10:30:00,3.1225
2014-07-04 10:30:00,2.8
2014-07-05 10:30:00,2.1275
2014-07-06 10:30:00,2.495
2014-07-07 10:30:00,2.605
2014-07-08 10:30:00,5.0
2014-07-09 10:30:00,4.4162498
2014-07-10 10:30:00,3.37375
2014-07-11 10:30:00,2.8075001
2014-07-12 10:30:00,2.46875
2014-07-13 10:30:00,1.5287501
2014-07-14 10:30:00,2.35625
2014-07-15 10:30:00,2.45625
2014-07-16 10:30:00,1.35375
2014-07-17 10:30:00,1.79875
2014-07-18 10:30:00,1.095
2014-07-19 10:30:00,2.7275
2014-07-20 10:30:00,2.365
2014-07-21 10:30:00,3.09375
2014-07-22 10:30:00,1.5475
2014-07-23 10:30:00,1.49
2014-07-24 10:30:00,1.6575
2014-07-25 10:30:00,1.28125
2014-07-26 10:30:00,0.89750004
2014-07-27 10:30:00,2.5075
2014-07-28 10:30:00,2.73375
2014-07-29 10:30:00,2.3725
2014-07-30 10:30:00,1.2275
2014-07-31 10:30:00,3.7425
2014-08-01 10:30:00,2.0575
2014-08-02 10:30:00,1.79625
2014-08-03 10:30:00,2.42625
2014-08-04 10:30:00,1.77625
2014-08-05 10:30:00,2.6299999
2014-08-06 10:30:00,1.7675
2014-08-07 10:30:00,1.175
2014-08-08 10:30:00,2.8475
2014-08-09 10:30:00,1.31375
2014-08-10 10:30:00,1.4275
2014-08-11 10:30:00,2.29625
2014-08-12 10:30:00,3.27
2014-08-13 10:30:00,1.625
2014-08-14 10:30:00,2.10875
2014-08-15 10:30:00,1.9725
2014-08-16 10:30:00,1.1475
2014-08-17 10:30:00,1.25125
2014-08-18 10:30:00,1.4175
2014-08-19 10:30:00,1.60875
2014-08-20 10:30:00,1.73625
2014-08-21 10:30:00,2.445
2014-08-22 10:30:00,1.39375
2014-08-23 10:30:00,1.0775
2014-08-24 10:30:00,3.09375
2014-08-25 10:30:00,4.1237497
2014-08-26 10:30:00,2.4125
2014-08-27 10:30:00,1.03625
2014-08-28 10:30:00,1.08625
2014-08-29 10:30:00,1.045
2014-08-30 10:30:00,1.035
2014-08-31 10:30:00,1.72
2014-09-01 10:30:00,0.835
2014-09-02 10:30:00,0.935
2014-09-03 10:30:00,1.25125
2014-09-04 10:30:00,1.7950001
2014-09-05 10:30:00,1.14375
2014-09-06 10:30:00,1.53375
2014-09-07 10:30:00,2.62625
2014-09-08 10:30:00,4.22625
2014-09-09 10:30:00,2.135
2014-09-10 10:30:00,1.1925
2014-09-11 10:30:00,1.49625
2014-09-12 10:30:00,1.9225
2014-09-13 10:30:00,3.4275
2014-09-14 10:30:00,3.82
2014-09-15 10:30:00,4.08125
2014-09-16 10:30:00,1.685
2014-09-17 10:30:00,1.0124999
2014-09-18 10:30:00,1.7175
2014-09-19 10:30:00,1.37625
2014-09-20 10:30:00,0.92875
2014-09-21 10:30:00,1.4075
2014-09-22 10:30:00,2.29875
2014-09-23 10:30:00,2.09375
2014-09-24 10:30:00,1.365
2014-09-25 10:30:00,2.0
2014-09-26 10:30:00,1.85125
2014-09-27 10:30:00,2.15375
2014-09-28 10:30:00,3.41125
2014-09-29 10:30:00,2.07875
2014-09-30 10:30:00,1.5675
2014-10-01 10:30:00,1.16625
2014-10-02 10:30:00,1.0875
2014-10-03 10:30:00,1.22625
2014-10-04 10:30:00,1.1725
2014-10-05 10:30:00,1.76
2014-10-06 10:30:00,2.40625
2014-10-07 10:30:00,2.5375
2014-10-08 10:30:00,2.265
2014-10-09 10:30:00,1.88375
2014-10-10 10:30:00,1.365
2014-10-11 10:30:00,2.50375
2014-10-12 10:30:00,4.25
2014-10-13 10:30:00,1.84
2014-10-14 10:30:00,1.2975
2014-10-15 10:30:00,3.14375
2014-10-16 10:30:00,1.5699999
2014-10-17 10:30:00,1.975
2014-10-18 10:30:00,2.5475001
2014-10-19 10:30:00,4.39125
2014-10-20 10:30:00,3.70625
2014-10-21 10:30:00,1.44625
2014-10-22 10:30:00,2.3525
2014-10-23 10:30:00,1.16
2014-10-24 10:30:00,1.8025
2014-10-25 10:30:00,4.8175
2014-10-26 10:30:00,9.295
2014-10-27 10:30:00,1.475
2014-10-28 10:30:00,2.11125
2014-10-29 10:30:00,1.355
2014-10-30 10:30:00,1.62625
2014-10-31 10:30:00,1.575
2014-11-01 10:30:00,2.20375
2014-11-02 10:30:00,3.0325
2014-11-03 10:30:00,1.8125
2014-11-04 10:30:00,1.97375
2014-11-05 10:30:00,4.05875
2014-11-06 10:30:00,2.095
2014-11-07 10:30:00,1.28375
2014-11-08 10:30:00,1.245
2014-11-09 10:30:00,1.34875
2014-11-10 10:30:00,1.36375
2014-11-11 10:30:00,5.3475
2014-11-12 10:30:00,6.66
2014-11-13 10:30:00,3.51
2014-11-14 10:30:00,2.1375
2014-11-15 10:30:00,1.5725
2014-11-16 10:30:00,1.7075
2014-11-17 10:30:00,1.37625
2014-11-18 10:30:00,1.5125
2014-11-19 10:30:00,1.125
2014-11-20 10:30:00,2.02625
2014-11-21 10:30:00,3.15875
2014-11-22 10:30:00,2.4225001
2014-11-23 10:30:00,2.66625
2014-11-24 10:30:00,1.57
2014-11-25 10:30:00,4.145
2014-11-26 10:30:00,4.4474998
2014-11-27 10:30:00,1.52875
2014-11-28 10:30:00,1.835
2014-11-29 10:30:00,0.94375
2014-11-30 10:30:00,2.605
2014-12-01 10:30:00,7.96375
2014-12-02 10:30:00,7.6462502
2014-12-03 10:30:00,4.485
2014-12-04 10:30:00,4.1375
2014-12-05 10:30:00,3.4650002
2014-12-06 10:30:00,2.1425
2014-12-07 10:30:00,0.9775
2014-12-08 10:30:00,1.23375
2014-12-09 10:30:00,1.57625
2014-12-10 10:30:00,3.23125
2014-12-11 10:30:00,1.675
2014-12-12 10:30:00,1.835
2014-12-13 10:30:00,1.27375
2014-12-14 10:30:00,1.83125
2014-12-15 10:30:00,0.81874996
2014-12-16 10:30:00,2.69375
2014-12-17 10:30:00,1.1225
2014-12-18 10:30:00,1.8362501
2014-12-19 10:30:00,0.625
2014-12-20 10:30:00,1.6175
2014-12-21 10:30:00,1.56
2014-12-22 10:30:00,2.0775
2014-12-23 10:30:00,2.17875
2014-12-24 10:30:00,4.18875
2014-12-25 10:30:00,3.3375
2014-12-26 10:30:00,1.6375
2014-12-27 10:30:00,0.55875
2014-12-28 10:30:00,1.08
2014-12-29 10:30:00,0.97875
2014-12-30 10:30:00,3.67625
2014-12-31 10:30:00,4.91125
2015-01-01 10:30:00,2.6100001
2015-01-02 10:30:00,1.515
2015-01-03 10:30:00,1.51
2015-01-04 10:30:00,1.40625
2015-01-05 10:30:00,5.7287498
2015-01-06 10:30:00,5.14625
2015-01-07 10:30:00,1.84875
2015-01-08 10:30:00,1.1275
2015-01-09 10:30:00,1.16125
2015-01-10 10:30:00,1.5825
2015-01-11 10:30:00,2.18
2015-01-12 10:30:00,1.1125
2015-01-13 10:30:00,1.84375
2015-01-14 10:30:00,0.77625
2015-01-15 10:30:00,0.88625
2015-01-16 10:30:00,4.035
2015-01-17 10:30:00,1.43375
2015-01-18 10:30:00,1.9325
2015-01-19 10:30:00,1.47
2015-01-20 10:30:00,1.17
2015-01-21 10:30:00,1.17
2015-01-22 10:30:00,0.80375
2015-01-23 10:30:00,2.39625
2015-01-24 10:30:00,1.8775
2015-01-25 10:30:00,2.905
2015-01-26 10:30:00,5.0975
2015-01-27 10:30:00,3.53125
2015-01-28 10:30:00,1.24
2015-01-29 10:30:00,4.70375
2015-01-30 10:30:00,2.74625
2015-01-31 10:30:00,1.04
2015-02-01 10:30:00,1.3462499
2015-02-02 10:30:00,1.7425
2015-02-03 10:30:00,0.70625
2015-02-04 10:30:00,2.23375
2015-02-05 10:30:00,2.4
2015-02-06 10:30:00,5.4125
2015-02-07 10:30:00,7.2400002
2015-02-08 10:30:00,4.06125
2015-02-09 10:30:00,1.1775
2015-02-10 10:30:00,4.3325
2015-02-11 10:30:00,5.66125
2015-02-12 10:30:00,4.08625
2015-02-13 10:30:00,1.07125
2015-02-14 10:30:00,1.26625
2015-02-15 10:30:00,1.51375
2015-02-16 10:30:00,2.28125
2015-02-17 10:30:00,6.44
2015-02-18 10:30:00,1.805
2015-02-19 10:30:00,2.51625
2015-02-20 10:30:00,1.5625
2015-02-21 10:30:00,2.455
2015-02-22 10:30:00,7.0175
2015-02-23 10:30:00,3.18
2015-02-24 10:30:00,1.955
2015-02-25 10:30:00,2.84
2015-02-26 10:30:00,3.2525
2015-02-27 10:30:00,2.2925
2015-02-28 10:30:00,3.1775
2015-03-01 10:30:00,3.34
2015-03-02 10:30:00,3.67375
2015-03-03 10:30:00,4.03
2015-03-04 10:30:00,2.285
2015-03-05 10:30:00,1.62125
2015-03-06 10:30:00,1.82
2015-03-07 10:30:00,3.34375
2015-03-08 10:30:00,4.57125
2015-03-09 10:30:00,5.45375
2015-03-10 10:30:00,3.98875
2015-03-11 10:30:00,6.18625
2015-03-12 10:30:00,5.55125
2015-03-13 10:30:00,3.04375
2015-03-14 10:30:00,2.405
2015-03-15 10:30:00,3.72625
2015-03-16 10:30:00,4.335
2015-03-17 10:30:00,3.16375
2015-03-18 10:30:00,4.71
2015-03-19 10:30:00,4.16875
2015-03-20 10:30:00,3.31375
2015-03-21 10:30:00,6.5012503
2015-03-22 10:30:00,4.57
2015-03-23 10:30:00,2.52
2015-03-24 10:30:00,1.83375
2015-03-25 10:30:00,2.7350001
2015-03-26 10:30:00,4.5775
2015-03-27 10:30:00,3.655
2015-03-28 10:30:00,3.0075
2015-03-29 10:30:00,3.0325
2015-03-30 10:30:00,3.95375
2015-03-31 10:30:00,2.435
2015-04-01 10:30:00,3.34125
2015-04-02 10:30:00,2.5562499
2015-04-03 10:30:00,3.54
2015-04-04 10:30:00,4.35625
2015-04-05 10:30:00,2.73125
2015-04-06 10:30:00,3.05375
2015-04-07 10:30:00,3.25
2015-04-08 10:30:00,2.77375
2015-04-09 10:30:00,3.10125
2015-04-10 10:30:00,1.465
2015-04-11 10:30:00,3.50125
2015-04-12 10:30:00,2.66875
2015-04-13 10:30:00,5.3624997
2015-04-14 10:30:00,2.17375
2015-04-15 10:30:00,6.7825003
2015-04-16 10:30:00,3.61875
2015-04-17 10:30:00,3.3774998
2015-04-18 10:30:00,3.41875
2015-04-19 10:30:00,5.22375
2015-04-20 10:30:00,4.3325
2015-04-21 10:30:00,4.69875
2015-04-22 10:30:00,5.6275
2015-04-23 10:30:00,6.00875
2015-04-24 10:30:00,3.38875
2015-04-25 10:30:00,3.61125
2015-04-26 10:30:00,3.5774999
2015-04-27 10:30:00,4.81125
2015-04-28 10:30:00,2.85375
2015-04-29 10:30:00,4.20125
2015-04-30 10:30:00,2.97625
2015-05-01 10:30:00,2.625
2015-05-02 10:30:00,6.5225
2015-05-03 10:30:00,8.03125
2015-05-04 10:30:00,4.9625
2015-05-05 10:30:00,4.40375
2015-05-06 10:30:00,4.2375
2015-05-07 10:30:00,4.3775
2015-05-08 10:30:00,3.8325
2015-05-09 10:30:00,2.46125
2015-05-10 10:30:00,3.4975
2015-05-11 10:30:00,3.125
2015-05-12 10:30:00,6.035
2015-05-13 10:30:00,2.11375
2015-05-14 10:30:00,3.6225
2015-05-15 10:30:00,3.29375
2015-05-16 10:30:00,2.56375
2015-05-17 10:30:00,2.87875
2015-05-18 10:30:00,2.63625
2015-05-19 10:30:00,3.51875
2015-05-20 10:30:00,3.0925
2015-05-21 10:30:00,4.3625
2015-05-22 10:30:00,3.55375
2015-05-23 10:30:00,4.31625
2015-05-24 10:30:00,4.73125
2015-05-25 10:30:00,2.50625
2015-05-26 10:30:00,2.115
2015-05-27 10:30:00,1.6274999
2015-05-28 10:30:00,2.40625
2015-05-29 10:30:00,5.1575
2015-05-30 10:30:00,2.60625
2015-05-31 10:30:00,2.49
2015-06-01 10:30:00,3.8362498
2015-06-02 10:30:00,3.34625
2015-06-03 10:30:00,3.1075
2015-06-04 10:30:00,3.30875
2015-06-05 10:30:00,3.2525
2015-06-06 10:30:00,2.3
2015-06-07 10:30:00,2.11375
2015-06-08 10:30:00,2.04125
2015-06-09 10:30:00,1.14875
2015-06-10 10:30:00,2.83625
2015-06-11 10:30:00,2.87375
2015-06-12 10:30:00,2.78625
2015-06-13 10:30:00,1.71875
2015-06-14 10:30:00,1.5
2015-06-15 10:30:00,2.845
2015-06-16 10:30:00,4.36375
2015-06-17 10:30:00,7.4025
2015-06-18 10:30:00,3.835
2015-06-19 10:30:00,2.905
2015-06-20 10:30:00,1.96625
2015-06-21 10:30:00,3.68
2015-06-22 10:30:00,3.52125
2015-06-23 10:30:00,2.26875
2015-06-24 10:30:00,2.35
2015-06-25 10:30:00,2.22875
2015-06-26 10:30:00,1.5575
2015-06-27 10:30:00,2.74625
2015-06-28 10:30:00,2.815
2015-06-29 10:30:00,2.99875
2015-06-30 10:30:00,3.57125
2015-07-01 10:30:00,3.75875
2015-07-02 10:30:00,3.2
2015-07-03 10:30:00,1.6525
2015-07-04 10:30:00,1.88375
2015-07-05 10:30:00,2.155
2015-07-06 10:30:00,1.8299999
2015-07-07 10:30:00,1.97375
2015-07-08 10:30:00,2.095
2015-07-09 10:30:00,2.2375
2015-07-10 10:30:00,2.6475
2015-07-11 10:30:00,1.6175
2015-07-12 10:30:00,2.16
2015-07-13 10:30:00,3.16625
2015-07-14 10:30:00,2.09375
2015-07-15 10:30:00,1.72125
2015-07-16 10:30:00,1.3974999
2015-07-17 10:30:00,1.27125
2015-07-18 10:30:00,1.87125
2015-07-19 10:30:00,2.13
2015-07-20 10:30:00,1.1374999
2015-07-21 10:30:00,1.875
2015-07-22 10:30:00,1.32125
2015-07-23 10:30:00,1.16875
2015-07-24 10:30:00,1.8025
2015-07-25 10:30:00,1.8925
2015-07-26 10:30:00,3.77875
2015-07-27 10:30:00,4.25375
2015-07-28 10:30:00,2.4375
2015-07-29 10:30:00,1.41625
2015-07-30 10:30:00,1.625
2015-07-31 10:30:00,1.11875
2015-08-01 10:30:00,2.5525
2015-08-02 10:30:00,4.90375
2015-08-03 10:30:00,4.25125
2015-08-04 10:30:00,2.49375
2015-08-05 10:30:00,1.6637499
2015-08-06 10:30:00,1.43375
2015-08-07 10:30:00,1.36
2015-08-08 10:30:00,2.49125
2015-08-09 10:30:00,2.15625
2015-08-10 10:30:00,2.09875
2015-08-11 10:30:00,1.415
2015-08-12 10:30:00,1.3575
2015-08-13 10:30:00,1.99375
2015-08-14 10:30:00,1.99375
2015-08-15 10:30:00,4.13375
2015-08-16 10:30:00,2.445
2015-08-17 10:30:00,1.2212499
2015-08-18 10:30:00,1.72625
2015-08-19 10:30:00,1.94875
2015-08-20 10:30:00,1.51
2015-08-21 10:30:00,1.88375
2015-08-22 10:30:00,2.34125
2015-08-23 10:30:00,2.53625
2015-08-24 10:30:00,2.5925
2015-08-25 10:30:00,2.20375
2015-08-26 10:30:00,3.58625
2015-08-27 10:30:00,4.17875
2015-08-28 10:30:00,3.3387501
2015-08-29 10:30:00,2.9475
2015-08-30 10:30:00,2.63375
2015-08-31 10:30:00,1.72375
2015-09-01 10:30:00,1.2475
2015-09-02 10:30:00,2.6875
2015-09-03 10:30:00,1.235
2015-09-04 10:30:00,2.0875
2015-09-05 10:30:00,1.2787501
2015-09-06 10:30:00,2.3575
2015-09-07 10:30:00,1.43625
2015-09-08 10:30:00,1.20125
2015-09-09 10:30:00,2.22125
2015-09-10 10:30:00,1.505
2015-09-11 10:30:00,3.62125
2015-09-12 10:30:00,3.11375
2015-09-13 10:30:00,1.18125
2015-09-14 10:30:00,1.70375
2015-09-15 10:30:00,1.99625
2015-09-16 10:30:00,2.74
2015-09-17 10:30:00,2.02125
2015-09-18 10:30:00,2.15625
2015-09-19 10:30:00,2.09625
2015-09-20 10:30:00,2.695
2015-09-21 10:30:00,2.4725
2015-09-22 10:30:00,3.54375
2015-09-23 10:30:00,0.95374995
2015-09-24 10:30:00,0.97625
2015-09-25 10:30:00,1.6999999
2015-09-26 10:30:00,1.82375
2015-09-27 10:30:00,2.74875
2015-09-28 10:30:00,2.1725
2015-09-29 10:30:00,2.68875
2015-09-30 10:30:00,4.4225
2015-10-01 10:30:00,6.2225
2015-10-02 10:30:00,5.8450003
2015-10-03 10:30:00,3.8575
2015-10-04 10:30:00,2.81125
2015-10-05 10:30:00,0.785
2015-10-06 10:30:00,1.305
2015-10-07 10:30:00,4.3937497
2015-10-08 10:30:00,2.5775
2015-10-09 10:30:00,1.96625
2015-10-10 10:30:00,4.51
2015-10-11 10:30:00,3.04
2015-10-12 10:30:00,1.40125
2015-10-13 10:30:00,1.3375
2015-10-14 10:30:00,1.2887499
2015-10-15 10:30:00,2.07375
2015-10-16 10:30:00,3.69125
2015-10-17 10:30:00,3.83125
2015-10-18 10:30:00,2.59125
2015-10-19 10:30:00,3.52625
2015-10-20 10:30:00,1.36625
2015-10-21 10:30:00,1.5825
2015-10-22 10:30:00,2.6625
2015-10-23 10:30:00,6.4375
2015-10-24 10:30:00,2.67875
2015-10-25 10:30:00,2.59375
2015-10-26 10:30:00,5.84625
2015-10-27 10:30:00,4.62625
2015-10-28 10:30:00,4.285
2015-10-29 10:30:00,5.12875
2015-10-30 10:30:00,3.79
2015-10-31 10:30:00,2.21
2015-11-01 10:30:00,2.9112499
2015-11-02 10:30:00,1.36
2015-11-03 10:30:00,5.1325
2015-11-04 10:30:00,4.425
2015-11-05 10:30:00,2.2137501
2015-11-06 10:30:00,1.35875
2015-11-07 10:30:00,0.515
2015-11-08 10:30:00,2.88125
2015-11-09 10:30:00,1.9449999
2015-11-10 10:30:00,1.60625
2015-11-11 10:30:00,2.365
2015-11-12 10:30:00,1.64375
2015-11-13 10:30:00,1.7975
2015-11-14 10:30:00,1.6975
2015-11-15 10:30:00,4.245
2015-11-16 10:30:00,1.55375
2015-11-17 10:30:00,1.1225
2015-11-18 10:30:00,0.84125
2015-11-19 10:30:00,1.02125
2015-11-20 10:30:00,1.06
2015-11-21 10:30:00,1.1875
2015-11-22 10:30:00,1.42
2015-11-23 10:30:00,2.97125
2015-11-24 10:30:00,1.88875
2015-11-25 10:30:00,3.27
2015-11-26 10:30:00,2.325
2015-11-27 10:30:00,0.8875
2015-11-28 10:30:00,1.06875
2015-11-29 10:30:00,0.93
2015-11-30 10:30:00,0.96250004
2015-12-01 10:30:00,2.88375
2015-12-02 10:30:00,4.52
2015-12-03 10:30:00,5.5150003
2015-12-04 10:30:00,3.8975
2015-12-05 10:30:00,2.44375
2015-12-06 10:30:00,1.335
2015-12-07 10:30:00,0.87375003
2015-12-08 10:30:00,1.32125
2015-12-09 10:30:00,0.88
2015-12-10 10:30:00,1.18
2015-12-11 10:30:00,1.21625
2015-12-12 10:30:00,0.8525
2015-12-13 10:30:00,1.08875
2015-12-14 10:30:00,0.79625
2015-12-15 10:30:00,5.28375
2015-12-16 10:30:00,3.7475
2015-12-17 10:30:00,1.96625
2015-12-18 10:30:00,0.7025
2015-12-19 10:30:00,1.1975
2015-12-20 10:30:00,0.94375
2015-12-21 10:30:00,1.1625
2015-12-22 10:30:00,2.14375
2015-12-23 10:30:00,1.35125
2015-12-24 10:30:00,1.52625
2015-12-25 10:30:00,2.4575
2015-12-26 10:30:00,2.895
2015-12-27 10:30:00,2.615
2015-12-28 10:30:00,1.03625
2015-12-29 10:30:00,0.9825
2015-12-30 10:30:00,1.1
2015-12-31 10:30:00,1.15625
2016-01-01 10:30:00,1.25875
2016-01-02 10:30:00,0.67125
2016-01-03 10:30:00,2.32625
2016-01-04 10:30:00,4.54875
2016-01-05 10:30:00,1.985
2016-01-06 10:30:00,3.54
2016-01-07 10:30:00,4.995
2016-01-08 10:30:00,3.50125
2016-01-09 10:30:00,3.52375
2016-01-10 10:30:00,4.115
2016-01-11 10:30:00,4.0925
2016-01-12 10:30:00,2.62875
2016-01-13 10:30:00,2.7549999
2016-01-14 10:30:00,1.4575
2016-01-15 10:30:00,1.87375
2016-01-16 10:30:00,1.36
2016-01-17 10:30:00,3.7350001
2016-01-18 10:30:00,3.49125
2016-01-19 10:30:00,3.2625
2016-01-20 10:30:00,1.8275
2016-01-21 10:30:00,2.69375
2016-01-22 10:30:00,5.34
2016-01-23 10:30:00,5.2425
2016-01-24 10:30:00,3.585
2016-01-25 10:30:00,5.16
2016-01-26 10:30:00,3.81125
2016-01-27 10:30:00,2.25
2016-01-28 10:30:00,2.975
2016-01-29 10:30:00,2.3675
2016-01-30 10:30:00,2.42875
2016-01-31 10:30:00,1.19125
2016-02-01 10:30:00,1.6800001
2016-02-02 10:30:00,1.22
2016-02-03 10:30:00,3.79875
2016-02-04 10:30:00,4.7375
2016-02-05 10:30:00,3.07625
2016-02-06 10:30:00,2.6525
2016-02-07 10:30:00,1.51625
2016-02-08 10:30:00,1.18375
2016-02-09 10:30:00,1.66
2016-02-10 10:30:00,1.56625
2016-02-11 10:30:00,1.3575
2016-02-12 10:30:00,4.72625
2016-02-13 10:30:00,5.6125
2016-02-14 10:30:00,3.71875
2016-02-15 10:30:00,3.0625
2016-02-16 10:30:00,3.70125
2016-02-17 10:30:00,1.7737501
2016-02-18 10:30:00,4.4525
2016-02-19 10:30:00,5.07875
2016-02-20 10:30:00,4.71
2016-02-21 10:30:00,3.06375
2016-02-22 10:30:00,3.7350001
2016-02-23 10:30:00,2.81
2016-02-24 10:30:00,2.47875
2016-02-25 10:30:00,3.3587499
2016-02-26 10:30:00,1.68375
2016-02-27 10:30:00,1.55375
2016-02-28 10:30:00,4.00125
2016-02-29 10:30:00,3.015
2016-03-01 10:30:00,3.45625
2016-03-02 10:30:00,1.8875
2016-03-03 10:30:00,1.70125
2016-03-04 10:30:00,1.865
2016-03-05 10:30:00,4.455
2016-03-06 10:30:00,5.02875
2016-03-07 10:30:00,5.4975
2016-03-08 10:30:00,6.2375
2016-03-09 10:30:00,5.97125
2016-03-10 10:30:00,4.02
2016-03-11 10:30:00,2.8425
2016-03-12 10:30:00,4.37625
2016-03-13 10:30:00,2.6575
2016-03-14 10:30:00,2.2325
2016-03-15 10:30:00,4.37
2016-03-16 10:30:00,3.1825
2016-03-17 10:30:00,2.835
2016-03-18 10:30:00,4.06875
2016-03-19 10:30:00,1.87875
2016-03-20 10:30:00,1.8625
2016-03-21 10:30:00,2.60125
2016-03-22 10:30:00,4.99875
2016-03-23 10:30:00,4.10125
2016-03-24 10:30:00,3.38375
2016-03-25 10:30:00,5.96875
2016-03-26 10:30:00,2.74375
2016-03-27 10:30:00,5.29
2016-03-28 10:30:00,4.9625
2016-03-29 10:30:00,5.83875
2016-03-30 10:30:00,3.17375
2016-03-31 10:30:00,2.93625
2016-04-01 10:30:00,6.4300003
2016-04-02 10:30:00,5.7425
2016-04-03 10:30:00,4.53125
2016-04-04 10:30:00,3.97125
2016-04-05 10:30:00,2.1625
2016-04-06 10:30:00,5.26375
2016-04-07 10:30:00,6.92875
2016-04-08 10:30:00,5.7475
2016-04-09 10:30:00,4.4325
2016-04-10 10:30:00,2.92375
2016-04-11 10:30:00,3.0175
2016-04-12 10:30:00,1.31875
2016-04-13 10:30:00,2.4325
2016-04-14 10:30:00,1.805
2016-04-15 10:30:00,4.26625
2016-04-16 10:30:00,4.3025002
2016-04-17 10:30:00,3.4550002
2016-04-18 10:30:00,2.375
2016-04-19 10:30:00,5.09875
2016-04-20 10:30:00,3.9325
2016-04-21 10:30:00,6.7675
2016-04-22 10:30:00,6.93125
2016-04-23 10:30:00,4.07
2016-04-24 10:30:00,4.8737497
2016-04-25 10:30:00,2.215
2016-04-26 10:30:00,3.25
2016-04-27 10:30:00,2.81375
2016-04-28 10:30:00,2.6200001
2016-04-29 10:30:00,2.91125
2016-04-30 10:30:00,2.865
2016-05-01 10:30:00,2.52375
2016-05-02 10:30:00,2.83625
2016-05-03 10:30:00,6.62625
2016-05-04 10:30:00,3.7124999
2016-05-05 10:30:00,4.29
2016-05-06 10:30:00,5.68625
2016-05-07 10:30:00,4.82
2016-05-08 10:30:00,4.61125
2016-05-09 10:30:00,2.66
2016-05-10 10:30:00,3.79625
2016-05-11 10:30:00,2.89125
2016-05-12 10:30:00,4.355
2016-05-13 10:30:00,4.0175
2016-05-14 10:30:00,6.95625
2016-05-15 10:30:00,3.7837498
2016-05-16 10:30:00,2.1525
2016-05-17 10:30:00,4.5212502
2016-05-18 10:30:00,3.12375
2016-05-19 10:30:00,4.57375
2016-05-20 10:30:00,5.3875
2016-05-21 10:30:00,2.6599998
2016-05-22 10:30:00,2.03625
2016-05-23 10:30:00,2.945
2016-05-24 10:30:00,2.6925
2016-05-25 10:30:00,3.6125
2016-05-26 10:30:00,4.76125
2016-05-27 10:30:00,2.15
2016-05-28 10:30:00,3.58875
2016-05-29 10:30:00,4.01875
2016-05-30 10:30:00,5.1775
2016-05-31 10:30:00,3.47375
2016-06-01 10:30:00,2.4025
2016-06-02 10:30:00,1.4862499
2016-06-03 10:30:00,3.2675
2016-06-04 10:30:00,2.77
2016-06-05 10:30:00,3.70625
2016-06-06 10:30:00,2.465
2016-06-07 10:30:00,3.85375
2016-06-08 10:30:00,2.87625
2016-06-09 10:30:00,2.7925
2016-06-10 10:30:00,4.77
2016-06-11 10:30:00,3.06625
2016-06-12 10:30:00,2.47375
2016-06-13 10:30:00,2.3675
2016-06-14 10:30:00,1.75875
2016-06-15 10:30:00,1.8175
2016-06-16 10:30:00,2.0887501
2016-06-17 10:30:00,1.9575
2016-06-18 10:30:00,1.81375
2016-06-19 10:30:00,1.6275
2016-06-20 10:30:00,4.62
2016-06-21 10:30:00,1.8825
2016-06-22 10:30:00,2.975
2016-06-23 10:30:00,3.99625
2016-06-24 10:30:00,3.3525
2016-06-25 10:30:00,2.10125
2016-06-26 10:30:00,1.57
2016-06-27 10:30:00,2.22875
2016-06-28 10:30:00,3.0462499
2016-06-29 10:30:00,3.69875
2016-06-30 10:30:00,2.9112499
2016-07-01 10:30:00,1.5775
2016-07-02 10:30:00,2.11875
2016-07-03 10:30:00,2.06875
2016-07-04 10:30:00,3.88
2016-07-05 10:30:00,3.9275
2016-07-06 10:30:00,1.5725
2016-07-07 10:30:00,2.0575
2016-07-08 10:30:00,2.6675
2016-07-09 10:30:00,1.88125
2016-07-10 10:30:00,4.38125
2016-07-11 10:30:00,2.9275
2016-07-12 10:30:00,2.68375
2016-07-13 10:30:00,2.81875
2016-07-14 10:30:00,1.91
2016-07-15 10:30:00,1.87375
2016-07-16 10:30:00,1.8562499
2016-07-17 10:30:00,1.9525
2016-07-18 10:30:00,3.4325001
2016-07-19 10:30:00,3.49875
2016-07-20 10:30:00,2.95875
2016-07-21 10:30:00,3.17625
2016-07-22 10:30:00,2.76
2016-07-23 10:30:00,2.8912501
2016-07-24 10:30:00,2.605
2016-07-25 10:30:00,2.18
2016-07-26 10:30:00,2.5375
2016-07-27 10:30:00,2.5175
2016-07-28 10:30:00,1.49
2016-07-29 10:30:00,1.66375
2016-07-30 10:30:00,1.97875
2016-07-31 10:30:00,1.50125
2016-08-01 10:30:00,1.50625
2016-08-02 10:30:00,1.89125
2016-08-03 10:30:00,1.76625
2016-08-04 10:30:00,3.78875
2016-08-05 10:30:00,2.80875
2016-08-06 10:30:00,1.8725
2016-08-07 10:30:00,3.6712499
2016-08-08 10:30:00,1.995
2016-08-09 10:30:00,2.0325
2016-08-10 10:30:00,1.7125
2016-08-11 10:30:00,2.47625
2016-08-12 10:30:00,3.6387498
2016-08-13 10:30:00,3.59375
2016-08-14 10:30:00,3.8075
2016-08-15 10:30:00,2.2725
2016-08-16 10:30:00,2.555
2016-08-17 10:30:00,2.08875
2016-08-18 10:30:00,2.355
2016-08-19 10:30:00,1.38375
2016-08-20 10:30:00,2.9675
2016-08-21 10:30:00,2.845
2016-08-22 10:30:00,1.80625
2016-08-23 10:30:00,2.0975
2016-08-24 10:30:00,3.8425
2016-08-25 10:30:00,4.9475
2016-08-26 10:30:00,2.06625
2016-08-27 10:30:00,1.53375
2016-08-28 10:30:00,3.46625
2016-08-29 10:30:00,3.435
2016-08-30 10:30:00,5.42875
2016-08-31 10:30:00,5.6425
2016-09-01 10:30:00,4.0275
2016-09-02 10:30:00,1.7725
2016-09-03 10:30:00,1.14625
2016-09-04 10:30:00,1.125
2016-09-05 10:30:00,1.3924999
2016-09-06 10:30:00,1.64
2016-09-07 10:30:00,1.17875
2016-09-08 10:30:00,2.03125
2016-09-09 10:30:00,3.16125
2016-09-10 10:30:00,1.8675
2016-09-11 10:30:00,1.88125
2016-09-12 10:30:00,1.87125
2016-09-13 10:30:00,1.115
2016-09-14 10:30:00,2.1399999
2016-09-15 10:30:00,3.9475
2016-09-16 10:30:00,3.3975
2016-09-17 10:30:00,1.9525
2016-09-18 10:30:00,3.34
2016-09-19 10:30:00,2.3075
2016-09-20 10:30:00,1.7725
2016-09-21 10:30:00,2.27375
2016-09-22 10:30:00,1.45125
2016-09-23 10:30:00,2.32
2016-09-24 10:30:00,4.0750003
2016-09-25 10:30:00,2.84875
2016-09-26 10:30:00,4.355
2016-09-27 10:30:00,3.8700001
2016-09-28 10:30:00,2.2825
2016-09-29 10:30:00,2.34875
2016-09-30 10:30:00,1.99
2016-10-01 10:30:00,2.7725
2016-10-02 10:30:00,2.96875
2016-10-03 10:30:00,2.70125
2016-10-04 10:30:00,1.385
2016-10-05 10:30:00,2.6525
2016-10-06 10:30:00,2.05625
2016-10-07 10:30:00,2.16875
2016-10-08 10:30:00,3.93625
2016-10-09 10:30:00,3.5575001
2016-10-10 10:30:00,3.96625
2016-10-11 10:30:00,3.93625
2016-10-12 10:30:00,1.9200001
2016-10-13 10:30:00,1.39
2016-10-14 10:30:00,2.77875
2016-10-15 10:30:00,2.7949998
2016-10-16 10:30:00,3.72
2016-10-17 10:30:00,2.11875
2016-10-18 10:30:00,3.21625
2016-10-19 10:30:00,2.45125
2016-10-20 10:30:00,1.64125
2016-10-21 10:30:00,1.5024999
2016-10-22 10:30:00,1.56375
2016-10-23 10:30:00,1.89875
2016-10-24 10:30:00,3.25625
2016-10-25 10:30:00,3.85875
2016-10-26 10:30:00,2.225
2016-10-27 10:30:00,2.5249999
2016-10-28 10:30:00,4.16875
2016-10-29 10:30:00,2.7175
2016-10-30 10:30:00,3.91625
2016-10-31 10:30:00,3.31875
2016-11-01 10:30:00,1.7987499
2016-11-02 10:30:00,2.8625
2016-11-03 10:30:00,2.465
2016-11-04 10:30:00,1.37375
2016-11-05 10:30:00,1.48625
2016-11-06 10:30:00,1.01625
2016-11-07 10:30:00,1.15625
2016-11-08 10:30:00,2.4325
2016-11-09 10:30:00,1.43875
2016-11-10 10:30:00,3.78375
2016-11-11 10:30:00,1.73
2016-11-12 10:30:00,1.36375
2016-11-13 10:30:00,3.31125
2016-11-14 10:30:00,3.2675
2016-11-15 10:30:00,1.42375
2016-11-16 10:30:00,1.1625
2016-11-17 10:30:00,1.8249999
2016-11-18 10:30:00,1.3275
2016-11-19 10:30:00,2.12875
2016-11-20 10:30:00,2.85375
2016-11-21 10:30:00,2.8275
2016-11-22 10:30:00,1.86875
2016-11-23 10:30:00,1.9050001
2016-11-24 10:30:00,1.245
2016-11-25 10:30:00,1.86875
2016-11-26 10:30:00,1.44
2016-11-27 10:30:00,1.92
2016-11-28 10:30:00,2.9875
2016-11-29 10:30:00,2.39
2016-11-30 10:30:00,5.19625
2016-12-01 10:30:00,3.5225
2016-12-02 10:30:00,2.94375
2016-12-03 10:30:00,4.84
2016-12-04 10:30:00,3.3425
2016-12-05 10:30:00,2.31
2016-12-06 10:30:00,1.67125
2016-12-07 10:30:00,1.39125
2016-12-08 10:30:00,0.9575
2016-12-09 10:30:00,1.52625
2016-12-10 10:30:00,2.03875
2016-12-11 10:30:00,1.875
2016-12-12 10:30:00,1.75125
2016-12-13 10:30:00,3.905
2016-12-14 10:30:00,1.26125
2016-12-15 10:30:00,2.15375
2016-12-16 10:30:00,1.095
2016-12-17 10:30:00,1.4300001
2016-12-18 10:30:00,1.4375
2016-12-19 10:30:00,1.44125
2016-12-20 10:30:00,1.37625
2016-12-21 10:30:00,2.81875
2016-12-22 10:30:00,3.945
2016-12-23 10:30:00,1.4300001
2016-12-24 10:30:00,0.97
2016-12-25 10:30:00,2.86
2016-12-26 10:30:00,2.3475
2016-12-27 10:30:00,1.6125
2016-12-28 10:30:00,4.24625
2016-12-29 10:30:00,2.59
2016-12-30 10:30:00,2.0175
2016-12-31 10:30:00,0.8275
2017-01-01 10:30:00,1.07375
2017-01-02 10:30:00,1.18125
2017-01-03 10:30:00,1.67625
2017-01-04 10:30:00,1.38
2017-01-05 10:30:00,1.2687501
2017-01-06 10:30:00,2.21875
2017-01-07 10:30:00,1.23625
2017-01-08 10:30:00,5.06
2017-01-09 10:30:00,5.65875
2017-01-10 10:30:00,4.33125
2017-01-11 10:30:00,2.28375
2017-01-12 10:30:00,6.3112497
2017-01-13 10:30:00,7.1875
2017-01-14 10:30:00,4.8725
2017-01-15 10:30:00,2.0
2017-01-16 10:30:00,1.59125
2017-01-17 10:30:00,0.87875
2017-01-18 10:30:00,2.0825
2017-01-19 10:30:00,2.87125
2017-01-20 10:30:00,1.5475
2017-01-21 10:30:00,2.735
2017-01-22 10:30:00,2.0975
2017-01-23 10:30:00,2.885
2017-01-24 10:30:00,1.29625
2017-01-25 10:30:00,1.89
2017-01-26 10:30:00,7.2599998
2017-01-27 10:30:00,3.10625
2017-01-28 10:30:00,1.63
2017-01-29 10:30:00,4.96125
2017-01-30 10:30:00,3.11625
2017-01-31 10:30:00,4.685
2017-02-01 10:30:00,4.53625
2017-02-02 10:30:00,1.44125
2017-02-03 10:30:00,1.14125
2017-02-04 10:30:00,2.2775
2017-02-05 10:30:00,6.045
2017-02-06 10:30:00,5.39375
2017-02-07 10:30:00,3.61125
2017-02-08 10:30:00,5.83625
2017-02-09 10:30:00,4.97125
2017-02-10 10:30:00,5.5175
2017-02-11 10:30:00,2.9112499
2017-02-12 10:30:00,1.73
2017-02-13 10:30:00,1.96
2017-02-14 10:30:00,2.135
2017-02-15 10:30:00,3.17375
2017-02-16 10:30:00,6.48875
2017-02-17 10:30:00,4.63125
2017-02-18 10:30:00,2.4725
2017-02-19 10:30:00,4.1475
2017-02-20 10:30:00,3.4337502
2017-02-21 10:30:00,2.07125
2017-02-22 10:30:00,5.69625
2017-02-23 10:30:00,3.65375
2017-02-24 10:30:00,4.17375
2017-02-25 10:30:00,3.055
2017-02-26 10:30:00,2.4112499
2017-02-27 10:30:00,3.18
2017-02-28 10:30:00,5.11125
2017-03-01 10:30:00,3.8274999
2017-03-02 10:30:00,1.83125
2017-03-03 10:30:00,1.89375
2017-03-04 10:30:00,2.78
2017-03-05 10:30:00,3.1087499
2017-03-06 10:30:00,5.06125
2017-03-07 10:30:00,6.4725
2017-03-08 10:30:00,6.81
2017-03-09 10:30:00,3.68875
2017-03-10 10:30:00,2.10625
2017-03-11 10:30:00,6.31625
2017-03-12 10:30:00,5.8525
2017-03-13 10:30:00,4.15375
2017-03-14 10:30:00,2.25875
2017-03-15 10:30:00,1.72375
2017-03-16 10:30:00,2.02375
2017-03-17 10:30:00,1.48875
2017-03-18 10:30:00,4.755
2017-03-19 10:30:00,3.7875
2017-03-20 10:30:00,6.75875
2017-03-21 10:30:00,4.46
2017-03-22 10:30:00,5.12
2017-03-23 10:30:00,2.8500001
2017-03-24 10:30:00,2.12875
2017-03-25 10:30:00,1.415
2017-03-26 10:30:00,1.795
2017-03-27 10:30:00,2.8087502
2017-03-28 10:30:00,3.0362499
2017-03-29 10:30:00,4.28375
2017-03-30 10:30:00,2.92875
2017-03-31 10:30:00,2.76375
2017-04-01 10:30:00,2.55125
2017-04-02 10:30:00,3.9675
2017-04-03 10:30:00,3.44875
2017-04-04 10:30:00,2.9837499
2017-04-05 10:30:00,2.5475001
2017-04-06 10:30:00,3.27
2017-04-07 10:30:00,5.9325
2017-04-08 10:30:00,4.79875
2017-04-09 10:30:00,4.3375
2017-04-10 10:30:00,5.29
2017-04-11 10:30:00,4.9325
2017-04-12 10:30:00,3.89625
2017-04-13 10:30:00,4.05125
2017-04-14 10:30:00,4.53125
2017-04-15 10:30:00,5.45
2017-04-16 10:30:00,2.34375
2017-04-17 10:30:00,2.3799999
2017-04-18 10:30:00,3.8
2017-04-19 10:30:00,2.425
2017-04-20 10:30:00,2.19375
2017-04-21 10:30:00,2.9875
2017-04-22 10:30:00,3.82875
2017-04-23 10:30:00,3.63125
2017-04-24 10:30:00,3.35125
2017-04-25 10:30:00,6.31875
2017-04-26 10:30:00,5.0837502
2017-04-27 10:30:00,4.31125
2017-04-28 10:30:00,4.34
2017-04-29 10:30:00,7.38
2017-04-30 10:30:00,2.41625
2017-05-01 10:30:00,4.32375
2017-05-02 10:30:00,4.40625
2017-05-03 10:30:00,7.285
2017-05-04 10:30:00,5.56
2017-05-05 10:30:00,6.2975
2017-05-06 10:30:00,8.9825
2017-05-07 10:30:00,2.7275
2017-05-08 10:30:00,4.695
2017-05-09 10:30:00,5.9362497
2017-05-10 10:30:00,2.315
2017-05-11 10:30:00,6.02375
2017-05-12 10:30:00,3.10375
2017-05-13 10:30:00,4.52125
2017-05-14 10:30:00,4.99375
2017-05-15 10:30:00,2.3875
2017-05-16 10:30:00,2.17875
2017-05-17 10:30:00,3.0874999
2017-05-18 10:30:00,5.875
2017-05-19 10:30:00,3.01375
2017-05-20 10:30:00,4.26
2017-05-21 10:30:00,2.25625
2017-05-22 10:30:00,1.675
2017-05-23 10:30:00,4.06
2017-05-24 10:30:00,3.92375
2017-05-25 10:30:00,2.28375
2017-05-26 10:30:00,3.02375
2017-05-27 10:30:00,3.86625
2017-05-28 10:30:00,6.115
2017-05-29 10:30:00,5.13125
2017-05-30 10:30:00,3.6975
2017-05-31 10:30:00,2.9975
2017-06-01 10:30:00,3.34375
2017-06-02 10:30:00,2.48375
2017-06-03 10:30:00,3.18125
2017-06-04 10:30:00,2.14625
2017-06-05 10:30:00,3.88375
2017-06-06 10:30:00,3.98125
2017-06-07 10:30:00,2.60125
2017-06-08 10:30:00,3.69375
2017-06-09 10:30:00,6.02125
2017-06-10 10:30:00,3.295
2017-06-11 10:30:00,1.59625
2017-06-12 10:30:00,1.75125
2017-06-13 10:30:00,4.36375
2017-06-14 10:30:00,3.64375
2017-06-15 10:30:00,3.9750001
2017-06-16 10:30:00,2.32
2017-06-17 10:30:00,3.87125
2017-06-18 10:30:00,2.0925
2017-06-19 10:30:00,1.8725
2017-06-20 10:30:00,3.5275
2017-06-21 10:30:00,2.9337502
2017-06-22 10:30:00,2.615
2017-06-23 10:30:00,1.8987501
2017-06-24 10:30:00,2.21625
2017-06-25 10:30:00,2.25
2017-06-26 10:30:00,2.04375
2017-06-27 10:30:00,2.54125
2017-06-28 10:30:00,3.11875
2017-06-29 10:30:00,2.49375
2017-06-30 10:30:00,1.98125
2017-07-01 10:30:00,1.64
2017-07-02 10:30:00,2.28
2017-07-03 10:30:00,1.78
2017-07-04 10:30:00,2.70125
2017-07-05 10:30:00,2.5725
2017-07-06 10:30:00,3.25
2017-07-07 10:30:00,3.97375
2017-07-08 10:30:00,2.86375
2017-07-09 10:30:00,3.155
2017-07-10 10:30:00,2.91625
2017-07-11 10:30:00,4.1125
2017-07-12 10:30:00,3.52
2017-07-13 10:30:00,2.50625
2017-07-14 10:30:00,3.2425
2017-07-15 10:30:00,2.1625
2017-07-16 10:30:00,2.56375
2017-07-17 10:30:00,2.7350001
2017-07-18 10:30:00,4.21625
2017-07-19 10:30:00,2.38375
2017-07-20 10:30:00,1.5325
2017-07-21 10:30:00,2.865
2017-07-22 10:30:00,2.74125
2017-07-23 10:30:00,2.5037498
2017-07-24 10:30:00,3.135
2017-07-25 10:30:00,2.39625
2017-07-26 10:30:00,2.68125
2017-07-27 10:30:00,2.37
2017-07-28 10:30:00,2.125
2017-07-29 10:30:00,2.24625
2017-07-30 10:30:00,1.97625
2017-07-31 10:30:00,1.9512501
2017-08-01 10:30:00,1.625
2017-08-02 10:30:00,1.97375
2017-08-03 10:30:00,3.6
2017-08-04 10:30:00,1.68375
2017-08-05 10:30:00,1.965
2017-08-06 10:30:00,1.74625
2017-08-07 10:30:00,1.9362501
2017-08-08 10:30:00,1.54625
2017-08-09 10:30:00,2.36
2017-08-10 10:30:00,2.065
2017-08-11 10:30:00,1.32125
2017-08-12 10:30:00,2.02375
2017-08-13 10:30:00,2.0875
2017-08-14 10:30:00,1.54
2017-08-15 10:30:00,2.64375
2017-08-16 10:30:00,2.615
2017-08-17 10:30:00,2.33375
2017-08-18 10:30:00,1.335
2017-08-19 10:30:00,2.05875
2017-08-20 10:30:00,3.01375
2017-08-21 10:30:00,4.1349998
2017-08-22 10:30:00,3.1575
2017-08-23 10:30:00,2.70125
2017-08-24 10:30:00,5.2525
2017-08-25 10:30:00,5.89875
2017-08-26 10:30:00,2.6875
2017-08-27 10:30:00,3.46375
2017-08-28 10:30:00,5.61375
2017-08-29 10:30:00,5.9025
2017-08-30 10:30:00,3.67875
2017-08-31 10:30:00,1.76375
2017-09-01 10:30:00,1.62625
2017-09-02 10:30:00,1.9175
2017-09-03 10:30:00,1.54375
2017-09-04 10:30:00,2.06
2017-09-05 10:30:00,2.21375
2017-09-06 10:30:00,2.325
2017-09-07 10:30:00,2.85875
2017-09-08 10:30:00,1.85875
2017-09-09 10:30:00,1.46875
2017-09-10 10:30:00,2.77875
2017-09-11 10:30:00,3.66625
2017-09-12 10:30:00,2.99375
2017-09-13 10:30:00,3.0
2017-09-14 10:30:00,1.2674999
2017-09-15 10:30:00,0.71875
2017-09-16 10:30:00,1.77375
2017-09-17 10:30:00,1.835
2017-09-18 10:30:00,3.1312501
2017-09-19 10:30:00,4.5375
2017-09-20 10:30:00,1.72375
2017-09-21 10:30:00,2.72125
2017-09-22 10:30:00,3.28125
2017-09-23 10:30:00,3.5149999
2017-09-24 10:30:00,2.65625
2017-09-25 10:30:00,4.3975
2017-09-26 10:30:00,4.38125
2017-09-27 10:30:00,3.63375
2017-09-28 10:30:00,4.505
2017-09-29 10:30:00,5.27625
2017-09-30 10:30:00,3.63625
2017-10-01 10:30:00,6.1325
2017-10-02 10:30:00,3.86375
2017-10-03 10:30:00,2.95625
2017-10-04 10:30:00,4.04875
2017-10-05 10:30:00,2.26875
2017-10-06 10:30:00,2.795
2017-10-07 10:30:00,1.54625
2017-10-08 10:30:00,3.4025002
2017-10-09 10:30:00,3.09125
2017-10-10 10:30:00,1.5225
2017-10-11 10:30:00,4.0925
2017-10-12 10:30:00,2.12875
2017-10-13 10:30:00,3.02375
2017-10-14 10:30:00,3.7237499
2017-10-15 10:30:00,2.27
2017-10-16 10:30:00,2.88625
2017-10-17 10:30:00,2.27375
2017-10-18 10:30:00,2.7025
2017-10-19 10:30:00,1.53
2017-10-20 10:30:00,2.545
2017-10-21 10:30:00,2.7
2017-10-22 10:30:00,1.195
2017-10-23 10:30:00,1.3075
2017-10-24 10:30:00,2.81125
2017-10-25 10:30:00,1.98
2017-10-26 10:30:00,1.5125
2017-10-27 10:30:00,3.69125
2017-10-28 10:30:00,5.31
2017-10-29 10:30:00,2.96625
2017-10-30 10:30:00,1.2987499
2017-10-31 10:30:00,3.77
2017-11-01 10:30:00,3.385
2017-11-02 10:30:00,4.34875
2017-11-03 10:30:00,3.3187501
2017-11-04 10:30:00,1.96125
2017-11-05 10:30:00,2.53
2017-11-06 10:30:00,1.54875
2017-11-07 10:30:00,2.4425
2017-11-08 10:30:00,1.19125
2017-11-09 10:30:00,3.20875
2017-11-10 10:30:00,5.24875
2017-11-11 10:30:00,2.43625
2017-11-12 10:30:00,1.655
2017-11-13 10:30:00,4.17625
2017-11-14 10:30:00,4.60625
2017-11-15 10:30:00,3.3425
2017-11-16 10:30:00,1.77625
2017-11-17 10:30:00,4.48375
2017-11-18 10:30:00,2.5675
2017-11-19 10:30:00,1.28625
2017-11-20 10:30:00,2.09875
2017-11-21 10:30:00,3.65625
2017-11-22 10:30:00,5.0025
2017-11-23 10:30:00,4.0425
2017-11-24 10:30:00,1.30125
2017-11-25 10:30:00,1.3025
2017-11-26 10:30:00,4.23625
2017-11-27 10:30:00,4.20625
2017-11-28 10:30:00,6.5825
2017-11-29 10:30:00,4.155
2017-11-30 10:30:00,1.45875
2017-12-01 10:30:00,2.05125
2017-12-02 10:30:00,1.22875
2017-12-03 10:30:00,2.47875
2017-12-04 10:30:00,2.4875
2017-12-05 10:30:00,1.33125
2017-12-06 10:30:00,1.16125
2017-12-07 10:30:00,1.95
2017-12-08 10:30:00,1.55375
2017-12-09 10:30:00,1.995
2017-12-10 10:30:00,4.1925
2017-12-11 10:30:00,5.4925
2017-12-12 10:30:00,2.8075001
2017-12-13 10:30:00,1.61875
2017-12-14 10:30:00,1.49625
2017-12-15 10:30:00,3.81125
2017-12-16 10:30:00,2.36625
2017-12-17 10:30:00,2.01875
2017-12-18 10:30:00,3.11
2017-12-19 10:30:00,1.4625
2017-12-20 10:30:00,2.80125
2017-12-21 10:30:00,1.36375
2017-12-22 10:30:00,1.52
2017-12-23 10:30:00,2.165
2017-12-24 10:30:00,2.38125
2017-12-25 10:30:00,3.51625
2017-12-26 10:30:00,5.97625
2017-12-27 10:30:00,1.9125
2017-12-28 10:30:00,1.2175
2017-12-29 10:30:00,1.4475
2017-12-30 10:30:00,1.6375
2017-12-31 10:30:00,1.0575
2018-01-01 10:30:00,4.155
2018-01-02 10:30:00,4.53625
2018-01-03 10:30:00,3.35
2018-01-04 10:30:00,1.46375
2018-01-05 10:30:00,2.8025
2018-01-06 10:30:00,2.0225
2018-01-07 10:30:00,2.52375
2018-01-08 10:30:00,2.925
2018-01-09 10:30:00,3.65
2018-01-10 10:30:00,3.65875
2018-01-11 10:30:00,1.52
2018-01-12 10:30:00,1.3562499
2018-01-13 10:30:00,2.43375
2018-01-14 10:30:00,1.81625
2018-01-15 10:30:00,1.3925
2018-01-16 10:30:00,1.75875
2018-01-17 10:30:00,1.185
2018-01-18 10:30:00,1.52625
2018-01-19 10:30:00,3.6475
2018-01-20 10:30:00,3.38875
2018-01-21 10:30:00,2.8387501
2018-01-22 10:30:00,4.2575
2018-01-23 10:30:00,3.045
2018-01-24 10:30:00,2.63625
2018-01-25 10:30:00,2.70875
2018-01-26 10:30:00,2.26875
2018-01-27 10:30:00,2.8875
2018-01-28 10:30:00,3.68625
2018-01-29 10:30:00,1.9275
2018-01-30 10:30:00,2.96375
2018-01-31 10:30:00,1.7362499
2018-02-01 10:30:00,1.62
2018-02-02 10:30:00,2.25375
2018-02-03 10:30:00,1.7375
2018-02-04 10:30:00,2.25625
2018-02-05 10:30:00,2.14625
2018-02-06 10:30:00,1.22875
2018-02-07 10:30:00,1.9825001
2018-02-08 10:30:00,2.4737499
2018-02-09 10:30:00,4.66875
2018-02-10 10:30:00,4.39875
2018-02-11 10:30:00,5.06875
2018-02-12 10:30:00,3.3275
2018-02-13 10:30:00,3.45125
2018-02-14 10:30:00,5.115
2018-02-15 10:30:00,4.97
2018-02-16 10:30:00,5.3425
2018-02-17 10:30:00,2.5375
2018-02-18 10:30:00,3.305
2018-02-19 10:30:00,3.6325
2018-02-20 10:30:00,3.4312499
2018-02-21 10:30:00,3.4375
2018-02-22 10:30:00,2.2625
2018-02-23 10:30:00,2.56375
2018-02-24 10:30:00,1.91625
2018-02-25 10:30:00,1.74375
2018-02-26 10:30:00,2.14875
2018-02-27 10:30:00,2.56
2018-02-28 10:30:00,3.5787501
2018-03-01 10:30:00,3.825
2018-03-02 10:30:00,2.27125
2018-03-03 10:30:00,2.5725
2018-03-04 10:30:00,3.8075001
2018-03-05 10:30:00,3.67875
2018-03-06 10:30:00,2.1125
2018-03-07 10:30:00,2.76875
2018-03-08 10:30:00,1.82625
2018-03-09 10:30:00,2.5625
2018-03-10 10:30:00,1.23375
2018-03-11 10:30:00,2.7475
2018-03-12 10:30:00,1.19625
2018-03-13 10:30:00,1.90125
2018-03-14 10:30:00,3.5425
2018-03-15 10:30:00,2.92375
2018-03-16 10:30:00,2.44875
2018-03-17 10:30:00,3.41
2018-03-18 10:30:00,3.71625
2018-03-19 10:30:00,1.60625
2018-03-20 10:30:00,2.17875
2018-03-21 10:30:00,1.8025
2018-03-22 10:30:00,3.1325
2018-03-23 10:30:00,3.6512501
2018-03-24 10:30:00,1.97875
2018-03-25 10:30:00,2.2575
2018-03-26 10:30:00,4.5437503
2018-03-27 10:30:00,7.90125
2018-03-28 10:30:00,4.7737503
2018-03-29 10:30:00,2.5375
2018-03-30 10:30:00,2.58625
2018-03-31 10:30:00,2.57
2018-04-01 10:30:00,6.41125
2018-04-02 10:30:00,5.5950003
2018-04-03 10:30:00,4.48
2018-04-04 10:30:00,2.51
2018-04-05 10:30:00,3.38625
2018-04-06 10:30:00,5.87625
2018-04-07 10:30:00,5.15
2018-04-08 10:30:00,3.52125
2018-04-09 10:30:00,2.95125
2018-04-10 10:30:00,2.5275
2018-04-11 10:30:00,8.52375
2018-04-12 10:30:00,3.55125
2018-04-13 10:30:00,3.055
2018-04-14 10:30:00,6.9575
2018-04-15 10:30:00,2.86375
2018-04-16 10:30:00,2.2775
2018-04-17 10:30:00,2.2
2018-04-18 10:30:00,2.77
2018-04-19 10:30:00,3.56125
2018-04-20 10:30:00,3.2825
2018-04-21 10:30:00,2.41125
2018-04-22 10:30:00,1.0862501
2018-04-23 10:30:00,1.72875
2018-04-24 10:30:00,2.1325
2018-04-25 10:30:00,5.5175
2018-04-26 10:30:00,2.675
2018-04-27 10:30:00,3.4225001
2018-04-28 10:30:00,2.23625
2018-04-29 10:30:00,3.68375
2018-04-30 10:30:00,2.395
2018-05-01 10:30:00,3.30625
2018-05-02 10:30:00,3.395
2018-05-03 10:30:00,3.12125
2018-05-04 10:30:00,2.555
2018-05-05 10:30:00,4.33875
2018-05-06 10:30:00,4.9775
2018-05-07 10:30:00,1.7112501
2018-05-08 10:30:00,1.69
2018-05-09 10:30:00,4.645
2018-05-10 10:30:00,3.51125
2018-05-11 10:30:00,3.005
2018-05-12 10:30:00,2.97375
2018-05-13 10:30:00,2.39625
2018-05-14 10:30:00,3.43625
2018-05-15 10:30:00,3.68875
2018-05-16 10:30:00,3.095
2018-05-17 10:30:00,1.705
2018-05-18 10:30:00,1.7675
2018-05-19 10:30:00,3.995
2018-05-20 10:30:00,4.65125
2018-05-21 10:30:00,5.8137503
2018-05-22 10:30:00,2.9525
2018-05-23 10:30:00,2.9325
2018-05-24 10:30:00,1.8199999
2018-05-25 10:30:00,2.01375
2018-05-26 10:30:00,3.34125
2018-05-27 10:30:00,1.6949999
2018-05-28 10:30:00,3.54125
2018-05-29 10:30:00,2.33
2018-05-30 10:30:00,1.85375
2018-05-31 10:30:00,2.69875
2018-06-01 10:30:00,4.095
2018-06-02 10:30:00,2.855
2018-06-03 10:30:00,5.705
2018-06-04 10:30:00,3.365
2018-06-05 10:30:00,3.555
2018-06-06 10:30:00,4.045
2018-06-07 10:30:00,2.4175
2018-06-08 10:30:00,1.92625
2018-06-09 10:30:00,1.80625
2018-06-10 10:30:00,1.8475
2018-06-11 10:30:00,1.7625
2018-06-12 10:30:00,1.09125
2018-06-13 10:30:00,1.6275
2018-06-14 10:30:00,2.7537498
2018-06-15 10:30:00,2.95125
2018-06-16 10:30:00,3.605
2018-06-17 10:30:00,2.3575
2018-06-18 10:30:00,2.2875
2018-06-19 10:30:00,4.0099998
2018-06-20 10:30:00,3.275
2018-06-21 10:30:00,1.49125
2018-06-22 10:30:00,2.6425
2018-06-23 10:30:00,2.06375
2018-06-24 10:30:00,3.1125
2018-06-25 10:30:00,1.8612499
2018-06-26 10:30:00,2.45125
2018-06-27 10:30:00,2.8675
2018-06-28 10:30:00,2.44
2018-06-29 10:30:00,2.0575
2018-06-30 10:30:00,1.6062499
2018-07-01 10:30:00,3.0975
2018-07-02 10:30:00,3.49875
2018-07-03 10:30:00,3.47625
2018-07-04 10:30:00,2.0775
2018-07-05 10:30:00,2.44875
2018-07-06 10:30:00,1.94625
2018-07-07 10:30:00,2.5475
2018-07-08 10:30:00,2.335
2018-07-09 10:30:00,2.6924999
2018-07-10 10:30:00,1.9124999
2018-07-11 10:30:00,3.55
2018-07-12 10:30:00,3.435
2018-07-13 10:30:00,3.4012501
2018-07-14 10:30:00,2.42
2018-07-15 10:30:00,1.89375
2018-07-16 10:30:00,2.69
2018-07-17 10:30:00,2.3825
2018-07-18 10:30:00,1.24125
2018-07-19 10:30:00,2.89875
2018-07-20 10:30:00,2.54375
2018-07-21 10:30:00,1.3675
2018-07-22 10:30:00,1.69125
2018-07-23 10:30:00,1.82625
2018-07-24 10:30:00,3.5525
2018-07-25 10:30:00,2.465
2018-07-26 10:30:00,1.2775
2018-07-27 10:30:00,1.5325
2018-07-28 10:30:00,2.37875
2018-07-29 10:30:00,2.71375
2018-07-30 10:30:00,2.32125
2018-07-31 10:30:00,3.45
2018-08-01 10:30:00,1.44875
2018-08-02 10:30:00,2.03375
2018-08-03 10:30:00,3.22875
2018-08-04 10:30:00,2.3225
2018-08-05 10:30:00,1.24
2018-08-06 10:30:00,1.73625
2018-08-07 10:30:00,1.12875
2018-08-08 10:30:00,1.2937499
2018-08-09 10:30:00,3.1975
2018-08-10 10:30:00,2.0025
2018-08-11 10:30:00,2.08125
2018-08-12 10:30:00,1.70125
2018-08-13 10:30:00,1.46875
2018-08-14 10:30:00,2.7137501
2018-08-15 10:30:00,2.5675
2018-08-16 10:30:00,1.91875
2018-08-17 10:30:00,2.19875
2018-08-18 10:30:00,2.37625
2018-08-19 10:30:00,1.79
2018-08-20 10:30:00,3.345
2018-08-21 10:30:00,2.87625
2018-08-22 10:30:00,1.8075
2018-08-23 10:30:00,1.83625
2018-08-24 10:30:00,2.6675
2018-08-25 10:30:00,3.2
2018-08-26 10:30:00,1.69
2018-08-27 10:30:00,1.14625
2018-08-28 10:30:00,1.5225
2018-08-29 10:30:00,2.57875
2018-08-30 10:30:00,1.94875
2018-08-31 10:30:00,1.425
2018-09-01 10:30:00,2.0
2018-09-02 10:30:00,3.69375
2018-09-03 10:30:00,4.79875
2018-09-04 10:30:00,6.435
2018-09-05 10:30:00,4.44125
2018-09-06 10:30:00,4.1675
2018-09-07 10:30:00,4.8050003
2018-09-08 10:30:00,2.21625
2018-09-09 10:30:00,1.5625
2018-09-10 10:30:00,2.38
2018-09-11 10:30:00,4.49625
2018-09-12 10:30:00,2.41125
2018-09-13 10:30:00,2.39
2018-09-14 10:30:00,2.74
2018-09-15 10:30:00,3.93875
2018-09-16 10:30:00,2.89
2018-09-17 10:30:00,1.5575
2018-09-18 10:30:00,1.165
2018-09-19 10:30:00,2.74375
2018-09-20 10:30:00,3.62
2018-09-21 10:30:00,2.11375
2018-09-22 10:30:00,2.67
2018-09-23 10:30:00,3.3287501
2018-09-24 10:30:00,2.225
2018-09-25 10:30:00,1.68625
2018-09-26 10:30:00,1.0575
2018-09-27 10:30:00,2.61875
2018-09-28 10:30:00,2.50875
2018-09-29 10:30:00,1.8975
2018-09-30 10:30:00,2.97625
2018-10-01 10:30:00,3.35625
2018-10-02 10:30:00,1.9662501
2018-10-03 10:30:00,2.3425
2018-10-04 10:30:00,2.29125
2018-10-05 10:30:00,3.825
2018-10-06 10:30:00,2.985
2018-10-07 10:30:00,2.3975
2018-10-08 10:30:00,3.63875
2018-10-09 10:30:00,2.2962499
2018-10-10 10:30:00,2.5925
2018-10-11 10:30:00,2.3075
2018-10-12 10:30:00,2.04875
2018-10-13 10:30:00,4.3125
2018-10-14 10:30:00,3.735
2018-10-15 10:30:00,2.455
2018-10-16 10:30:00,1.64125
2018-10-17 10:30:00,1.66125
2018-10-18 10:30:00,1.695
2018-10-19 10:30:00,1.77
2018-10-20 10:30:00,1.6687499
2018-10-21 10:30:00,2.25
2018-10-22 10:30:00,3.64375
2018-10-23 10:30:00,2.535
2018-10-24 10:30:00,1.9399999
2018-10-25 10:30:00,1.355
2018-10-26 10:30:00,4.43
2018-10-27 10:30:00,6.26
2018-10-28 10:30:00,5.6075
2018-10-29 10:30:00,4.0625
2018-10-30 10:30:00,4.005
2018-10-31 10:30:00,2.08
2018-11-01 10:30:00,2.365
2018-11-02 10:30:00,4.265
2018-11-03 10:30:00,3.77875
2018-11-04 10:30:00,1.78125
2018-11-05 10:30:00,3.81
2018-11-06 10:30:00,2.30375
2018-11-07 10:30:00,1.76875
2018-11-08 10:30:00,1.9462501
2018-11-09 10:30:00,3.61625
2018-11-10 10:30:00,2.11375
2018-11-11 10:30:00,1.54
2018-11-12 10:30:00,1.10375
2018-11-13 10:30:00,1.8612499
2018-11-14 10:30:00,3.8575
2018-11-15 10:30:00,3.42625
2018-11-16 10:30:00,2.65125
2018-11-17 10:30:00,1.72875
2018-11-18 10:30:00,2.71875
2018-11-19 10:30:00,2.43875
2018-11-20 10:30:00,2.31875
2018-11-21 10:30:00,4.3625
2018-11-22 10:30:00,2.4525
2018-11-23 10:30:00,2.0175
2018-11-24 10:30:00,1.2937499
2018-11-25 10:30:00,3.8225
2018-11-26 10:30:00,5.72125
2018-11-27 10:30:00,5.9775
2018-11-28 10:30:00,3.44625
2018-11-29 10:30:00,2.01875
2018-11-30 10:30:00,3.98875
2018-12-01 10:30:00,4.92125
2018-12-02 10:30:00,5.5575
2018-12-03 10:30:00,3.5975
2018-12-04 10:30:00,3.0525
2018-12-05 10:30:00,2.29
2018-12-06 10:30:00,3.5625
2018-12-07 10:30:00,4.92875
2018-12-08 10:30:00,3.52
2018-12-09 10:30:00,1.7325
2018-12-10 10:30:00,1.20375
2018-12-11 10:30:00,1.4975
2018-12-12 10:30:00,2.10625
2018-12-13 10:30:00,2.35625
2018-12-14 10:30:00,0.70625
2018-12-15 10:30:00,2.6
2018-12-16 10:30:00,2.23125
2018-12-17 10:30:00,2.8675
2018-12-18 10:30:00,2.5775
2018-12-19 10:30:00,1.63
2018-12-20 10:30:00,1.32875
2018-12-21 10:30:00,1.17625
2018-12-22 10:30:00,5.03625
2018-12-23 10:30:00,2.6575
2018-12-24 10:30:00,2.5475
2018-12-25 10:30:00,7.92875
2018-12-26 10:30:00,6.7025
2018-12-27 10:30:00,6.18875
2018-12-28 10:30:00,3.2725
2018-12-29 10:30:00,3.435
2018-12-30 10:30:00,2.33875
2018-12-31 10:30:00,3.60375
2019-01-01 10:30:00,3.9837499
2019-01-02 10:30:00,1.5925
2019-01-03 10:30:00,2.95
2019-01-04 10:30:00,5.6925
2019-01-05 10:30:00,2.05875
2019-01-06 10:30:00,1.4575
2019-01-07 10:30:00,3.5
2019-01-08 10:30:00,4.08
2019-01-09 10:30:00,3.37125
2019-01-10 10:30:00,1.3725001
2019-01-11 10:30:00,1.3925
2019-01-12 10:30:00,1.78375
2019-01-13 10:30:00,1.7375
2019-01-14 10:30:00,5.1525
2019-01-15 10:30:00,3.1375
2019-01-16 10:30:00,1.71375
2019-01-17 10:30:00,1.67625
2019-01-18 10:30:00,2.03375
2019-01-19 10:30:00,5.70375
2019-01-20 10:30:00,2.505
2019-01-21 10:30:00,2.7625
2019-01-22 10:30:00,6.15625
2019-01-23 10:30:00,4.18
2019-01-24 10:30:00,3.875
2019-01-25 10:30:00,4.91125
2019-01-26 10:30:00,2.9837499
2019-01-27 10:30:00,6.34125
2019-01-28 10:30:00,3.1612499
2019-01-29 10:30:00,5.99625
2019-01-30 10:30:00,6.34375
2019-01-31 10:30:00,2.5875
2019-02-01 10:30:00,1.72
2019-02-02 10:30:00,2.79
2019-02-03 10:30:00,5.3575
2019-02-04 10:30:00,3.53375
2019-02-05 10:30:00,2.20625
2019-02-06 10:30:00,2.26375
2019-02-07 10:30:00,3.21125
2019-02-08 10:30:00,5.2125
2019-02-09 10:30:00,3.5375
2019-02-10 10:30:00,3.5162501
2019-02-11 10:30:00,4.7887497
2019-02-12 10:30:00,5.29375
2019-02-13 10:30:00,3.5625
2019-02-14 10:30:00,1.64125
2019-02-15 10:30:00,4.0575
2019-02-16 10:30:00,3.455
2019-02-17 10:30:00,2.66375
2019-02-18 10:30:00,1.88875
2019-02-19 10:30:00,1.80375
2019-02-20 10:30:00,1.9175
2019-02-21 10:30:00,1.9937501
2019-02-22 10:30:00,2.4825
2019-02-23 10:30:00,4.7025
2019-02-24 10:30:00,4.4275002
2019-02-25 10:30:00,3.32
2019-02-26 10:30:00,1.9512501
2019-02-27 10:30:00,2.42875
2019-02-28 10:30:00,2.24875
2019-03-01 10:30:00,2.0625
2019-03-02 10:30:00,2.98125
2019-03-03 10:30:00,1.51125
2019-03-04 10:30:00,1.75125
2019-03-05 10:30:00,3.58625
2019-03-06 10:30:00,3.4775
2019-03-07 10:30:00,2.07
2019-03-08 10:30:00,4.71
2019-03-09 10:30:00,2.46125
2019-03-10 10:30:00,3.215
2019-03-11 10:30:00,7.0725
2019-03-12 10:30:00,6.895
2019-03-13 10:30:00,2.8975
2019-03-14 10:30:00,4.745
2019-03-15 10:30:00,2.81125
2019-03-16 10:30:00,2.26
2019-03-17 10:30:00,3.9
2019-03-18 10:30:00,1.96
2019-03-19 10:30:00,3.04375
2019-03-20 10:30:00,5.58
2019-03-21 10:30:00,3.6725
2019-03-22 10:30:00,3.71
2019-03-23 10:30:00,3.695
2019-03-24 10:30:00,5.22625
2019-03-25 10:30:00,6.83125
2019-03-26 10:30:00,3.57875
2019-03-27 10:30:00,4.74375
2019-03-28 10:30:00,2.7625
2019-03-29 10:30:00,4.1262503
2019-03-30 10:30:00,3.98875
2019-03-31 10:30:00,3.3
2019-04-01 10:30:00,3.73625
2019-04-02 10:30:00,2.88125
2019-04-03 10:30:00,4.895
2019-04-04 10:30:00,4.98625
2019-04-05 10:30:00,5.29125
2019-04-06 10:30:00,6.25125
2019-04-07 10:30:00,4.39875
2019-04-08 10:30:00,3.9075
2019-04-09 10:30:00,2.315
2019-04-10 10:30:00,3.37125
2019-04-11 10:30:00,2.25
2019-04-12 10:30:00,6.10375
2019-04-13 10:30:00,5.985
2019-04-14 10:30:00,3.945
2019-04-15 10:30:00,3.74875
2019-04-16 10:30:00,5.9825
2019-04-17 10:30:00,6.8199997
2019-04-18 10:30:00,4.1625
2019-04-19 10:30:00,3.81375
2019-04-20 10:30:00,5.41
2019-04-21 10:30:00,4.005
2019-04-22 10:30:00,4.15625
2019-04-23 10:30:00,5.48125
2019-04-24 10:30:00,4.1125
2019-04-25 10:30:00,2.62625
2019-04-26 10:30:00,2.43
2019-04-27 10:30:00,3.885
2019-04-28 10:30:00,2.0975
2019-04-29 10:30:00,3.985
2019-04-30 10:30:00,7.81
2019-05-01 10:30:00,4.00125
2019-05-02 10:30:00,2.5825
2019-05-03 10:30:00,4.12625
2019-05-04 10:30:00,6.51125
2019-05-05 10:30:00,4.9874997
2019-05-06 10:30:00,5.765
2019-05-07 10:30:00,3.93625
2019-05-08 10:30:00,5.355
2019-05-09 10:30:00,3.1299999
2019-05-10 10:30:00,2.405
2019-05-11 10:30:00,3.10375
2019-05-12 10:30:00,5.45375
2019-05-13 10:30:00,4.18625
2019-05-14 10:30:00,2.89875
2019-05-15 10:30:00,5.45875
2019-05-16 10:30:00,6.9275
2019-05-17 10:30:00,5.43125
2019-05-18 10:30:00,3.7962499
2019-05-19 10:30:00,6.33375
2019-05-20 10:30:00,9.2
2019-05-21 10:30:00,3.92625
2019-05-22 10:30:00,1.87375
2019-05-23 10:30:00,2.92
2019-05-24 10:30:00,4.175
2019-05-25 10:30:00,4.23
2019-05-26 10:30:00,2.73
2019-05-27 10:30:00,4.90375
2019-05-28 10:30:00,7.66
2019-05-29 10:30:00,5.24125
2019-05-30 10:30:00,5.0
2019-05-31 10:30:00,4.265
2019-06-01 10:30:00,4.8975
2019-06-02 10:30:00,2.59625
2019-06-03 10:30:00,2.5125
2019-06-04 10:30:00,2.82625
2019-06-05 10:30:00,2.85625
2019-06-06 10:30:00,2.3775
2019-06-07 10:30:00,3.37875
2019-06-08 10:30:00,4.01125
2019-06-09 10:30:00,2.70125
2019-06-10 10:30:00,2.02875
2019-06-11 10:30:00,1.49125
2019-06-12 10:30:00,3.16125
2019-06-13 10:30:00,4.6025
2019-06-14 10:30:00,4.54625
2019-06-15 10:30:00,3.8375
2019-06-16 10:30:00,1.89875
2019-06-17 10:30:00,2.90625
2019-06-18 10:30:00,2.32375
2019-06-19 10:30:00,3.25875
2019-06-20 10:30:00,2.2825
2019-06-21 10:30:00,1.8475
2019-06-22 10:30:00,1.8175
2019-06-23 10:30:00,4.05875
2019-06-24 10:30:00,3.69
2019-06-25 10:30:00,1.925
2019-06-26 10:30:00,2.99125
2019-06-27 10:30:00,4.52625
2019-06-28 10:30:00,3.68125
2019-06-29 10:30:00,5.5675
2019-06-30 10:30:00,4.33
2019-07-01 10:30:00,2.82
2019-07-02 10:30:00,2.18125
2019-07-03 10:30:00,1.88125
2019-07-04 10:30:00,2.9837499
2019-07-05 10:30:00,4.5725
2019-07-06 10:30:00,2.01375
2019-07-07 10:30:00,1.6475
2019-07-08 10:30:00,2.7125
2019-07-09 10:30:00,1.94625
2019-07-10 10:30:00,2.46875
2019-07-11 10:30:00,2.24125
2019-07-12 10:30:00,1.7325
2019-07-13 10:30:00,2.23625
2019-07-14 10:30:00,1.05125
2019-07-15 10:30:00,2.67375
2019-07-16 10:30:00,2.0475
2019-07-17 10:30:00,1.61875
2019-07-18 10:30:00,1.85
2019-07-19 10:30:00,2.87
2019-07-20 10:30:00,3.145
2019-07-21 10:30:00,1.82125
2019-07-22 10:30:00,2.28375
2019-07-23 10:30:00,2.2125
2019-07-24 10:30:00,1.9137499
2019-07-25 10:30:00,1.84
2019-07-26 10:30:00,1.49125
2019-07-27 10:30:00,2.2475
2019-07-28 10:30:00,2.88625
2019-07-29 10:30:00,2.385
2019-07-30 10:30:00,1.68375
2019-07-31 10:30:00,2.54875
2019-08-01 10:30:00,1.70625
2019-08-02 10:30:00,1.5125
2019-08-03 10:30:00,2.29375
2019-08-04 10:30:00,1.5337499
2019-08-05 10:30:00,2.7962499
2019-08-06 10:30:00,3.50625
2019-08-07 10:30:00,3.53125
2019-08-08 10:30:00,3.0475001
2019-08-09 10:30:00,2.63375
2019-08-10 10:30:00,1.0975
2019-08-11 10:30:00,1.7425
2019-08-12 10:30:00,1.855
2019-08-13 10:30:00,2.18375
2019-08-14 10:30:00,1.665
2019-08-15 10:30:00,2.19625
2019-08-16 10:30:00,3.96
2019-08-17 10:30:00,2.52625
2019-08-18 10:30:00,1.9599999
2019-08-19 10:30:00,2.13
2019-08-20 10:30:00,3.725
2019-08-21 10:30:00,3.8600001
2019-08-22 10:30:00,3.4837499
2019-08-23 10:30:00,2.44875
2019-08-24 10:30:00,1.3475
2019-08-25 10:30:00,1.3775
2019-08-26 10:30:00,1.93
2019-08-27 10:30:00,2.24625
2019-08-28 10:30:00,3.32
2019-08-29 10:30:00,4.38875
2019-08-30 10:30:00,2.545
2019-08-31 10:30:00,1.695
2019-09-01 10:30:00,1.83125
2019-09-02 10:30:00,1.58
2019-09-03 10:30:00,2.96125
2019-09-04 10:30:00,1.99875
2019-09-05 10:30:00,3.065
2019-09-06 10:30:00,1.67
2019-09-07 10:30:00,2.3912501
2019-09-08 10:30:00,4.4225
2019-09-09 10:30:00,4.905
2019-09-10 10:30:00,1.86625
2019-09-11 10:30:00,1.67125
2019-09-12 10:30:00,3.70125
2019-09-13 10:30:00,2.73
2019-09-14 10:30:00,3.62625
2019-09-15 10:30:00,3.8725
2019-09-16 10:30:00,2.27125
2019-09-17 10:30:00,4.1225
2019-09-18 10:30:00,3.0025
2019-09-19 10:30:00,2.1775
2019-09-20 10:30:00,2.36125
2019-09-21 10:30:00,1.63125
2019-09-22 10:30:00,1.85625
2019-09-23 10:30:00,2.44375
2019-09-24 10:30:00,2.295
2019-09-25 10:30:00,2.18375
2019-09-26 10:30:00,1.94625
2019-09-27 10:30:00,2.92625
2019-09-28 10:30:00,3.83125
2019-09-29 10:30:00,1.72875
2019-09-30 10:30:00,2.81
2019-10-01 10:30:00,2.69875
2019-10-02 10:30:00,5.02875
2019-10-03 10:30:00,4.2487497
2019-10-04 10:30:00,2.28375
2019-10-05 10:30:00,2.24125
2019-10-06 10:30:00,3.30125
2019-10-07 10:30:00,5.355
2019-10-08 10:30:00,3.07125
2019-10-09 10:30:00,3.55375
2019-10-10 10:30:00,3.6875
2019-10-11 10:30:00,2.2975
2019-10-12 10:30:00,1.95375
2019-10-13 10:30:00,2.8475
2019-10-14 10:30:00,2.58125
2019-10-15 10:30:00,2.8775
2019-10-16 10:30:00,1.41125
2019-10-17 10:30:00,1.94625
2019-10-18 10:30:00,1.755
2019-10-19 10:30:00,2.1025
2019-10-20 10:30:00,4.55375
2019-10-21 10:30:00,2.995
2019-10-22 10:30:00,1.855
2019-10-23 10:30:00,3.09375
2019-10-24 10:30:00,5.5625
2019-10-25 10:30:00,3.0225
2019-10-26 10:30:00,2.32625
2019-10-27 10:30:00,2.5125
2019-10-28 10:30:00,2.5774999
2019-10-29 10:30:00,1.84
2019-10-30 10:30:00,3.97875
2019-10-31 10:30:00,4.50375
2019-11-01 10:30:00,2.275
2019-11-02 10:30:00,2.50875
2019-11-03 10:30:00,1.145
2019-11-04 10:30:00,3.405
2019-11-05 10:30:00,2.74875
2019-11-06 10:30:00,2.36625
2019-11-07 10:30:00,3.5875
2019-11-08 10:30:00,1.8725
2019-11-09 10:30:00,1.3874999
2019-11-10 10:30:00,4.275
2019-11-11 10:30:00,3.4575
2019-11-12 10:30:00,1.23
2019-11-13 10:30:00,4.03125
2019-11-14 10:30:00,1.61625
2019-11-15 10:30:00,3.82625
2019-11-16 10:30:00,1.8025
2019-11-17 10:30:00,2.7975
2019-11-18 10:30:00,6.59
2019-11-19 10:30:00,3.025
2019-11-20 10:30:00,1.15
2019-11-21 10:30:00,1.1537501
2019-11-22 10:30:00,2.53125
2019-11-23 10:30:00,3.8125
2019-11-24 10:30:00,3.5725
2019-11-25 10:30:00,1.7099999
2019-11-26 10:30:00,5.67625
2019-11-27 10:30:00,2.56875
2019-11-28 10:30:00,1.195
2019-11-29 10:30:00,1.5425
2019-11-30 10:30:00,1.71375
2019-12-01 10:30:00,3.2125
2019-12-02 10:30:00,4.9975
2019-12-03 10:30:00,2.0825
2019-12-04 10:30:00,3.68875
2019-12-05 10:30:00,1.99875
2019-12-06 10:30:00,2.64625
2019-12-07 10:30:00,1.94875
2019-12-08 10:30:00,1.625
2019-12-09 10:30:00,1.045
2019-12-10 10:30:00,0.90375
2019-12-11 10:30:00,2.595
2019-12-12 10:30:00,1.7125
2019-12-13 10:30:00,1.90875
2019-12-14 10:30:00,3.05875
2019-12-15 10:30:00,1.2875
2019-12-16 10:30:00,3.1425
2019-12-17 10:30:00,4.2825003
2019-12-18 10:30:00,2.0262501
2019-12-19 10:30:00,1.90625
2019-12-20 10:30:00,1.62625
2019-12-21 10:30:00,1.51875
2019-12-22 10:30:00,1.2425001
2019-12-23 10:30:00,1.2937499
2019-12-24 10:30:00,1.53
2019-12-25 10:30:00,1.89
2019-12-26 10:30:00,1.6375
2019-12-27 10:30:00,1.26
2019-12-28 10:30:00,2.24625
2019-12-29 10:30:00,3.4375
2019-12-30 10:30:00,2.97375
2019-12-31 10:30:00,1.8462499
2020-01-01 10:30:00,1.9362501
2020-01-02 10:30:00,2.5975
2020-01-03 10:30:00,1.2262499
2020-01-04 10:30:00,2.24625
2020-01-05 10:30:00,1.57875
2020-01-06 10:30:00,3.10125
2020-01-07 10:30:00,3.8
2020-01-08 10:30:00,1.7937499
2020-01-09 10:30:00,1.07875
2020-01-10 10:30:00,1.805
2020-01-11 10:30:00,2.44625
2020-01-12 10:30:00,2.22125
2020-01-13 10:30:00,1.995
2020-01-14 10:30:00,1.25875
2020-01-15 10:30:00,1.34375
2020-01-16 10:30:00,1.4325
2020-01-17 10:30:00,1.545
2020-01-18 10:30:00,1.96625
2020-01-19 10:30:00,1.89625
2020-01-20 10:30:00,2.28
2020-01-21 10:30:00,1.6575
2020-01-22 10:30:00,3.01
2020-01-23 10:30:00,3.135
2020-01-24 10:30:00,1.93875
2020-01-25 10:30:00,2.2762501
2020-01-26 10:30:00,2.06875
2020-01-27 10:30:00,2.03125
2020-01-28 10:30:00,3.0925
2020-01-29 10:30:00,2.98875
2020-01-30 10:30:00,1.26375
2020-01-31 10:30:00,1.40375
2020-02-01 10:30:00,4.3537498
2020-02-02 10:30:00,2.97625
2020-02-03 10:30:00,3.31875
2020-02-04 10:30:00,4.515
2020-02-05 10:30:00,2.6425
2020-02-06 10:30:00,2.18875
2020-02-07 10:30:00,1.40625
2020-02-08 10:30:00,2.49
2020-02-09 10:30:00,1.89625
2020-02-10 10:30:00,2.93625
2020-02-11 10:30:00,1.90625
2020-02-12 10:30:00,2.6975
2020-02-13 10:30:00,3.72
2020-02-14 10:30:00,1.49125
2020-02-15 10:30:00,2.3475
2020-02-16 10:30:00,2.4075
2020-02-17 10:30:00,2.5875
2020-02-18 10:30:00,3.59375
2020-02-19 10:30:00,2.2025
2020-02-20 10:30:00,2.5787501
2020-02-21 10:30:00,3.8175
2020-02-22 10:30:00,2.81875
2020-02-23 10:30:00,2.5875
2020-02-24 10:30:00,2.4837499
2020-02-25 10:30:00,1.6475
2020-02-26 10:30:00,2.09875
2020-02-27 10:30:00,2.3775
2020-02-28 10:30:00,2.7325
2020-02-29 10:30:00,2.175
2020-03-01 10:30:00,1.9475
2020-03-02 10:30:00,1.7775
2020-03-03 10:30:00,1.61875
2020-03-04 10:30:00,2.91875
2020-03-05 10:30:00,2.46625
2020-03-06 10:30:00,2.83
2020-03-07 10:30:00,2.215
2020-03-08 10:30:00,3.0975
2020-03-09 10:30:00,2.3175
2020-03-10 10:30:00,2.2925
2020-03-11 10:30:00,3.46625
2020-03-12 10:30:00,5.65375
2020-03-13 10:30:00,3.14
2020-03-14 10:30:00,5.9875
2020-03-15 10:30:00,3.54875
2020-03-16 10:30:00,2.085
2020-03-17 10:30:00,3.075
2020-03-18 10:30:00,3.40625
2020-03-19 10:30:00,3.2175
2020-03-20 10:30:00,4.7175
2020-03-21 10:30:00,4.46875
2020-03-22 10:30:00,2.38375
2020-03-23 10:30:00,2.58
2020-03-24 10:30:00,4.1375
2020-03-25 10:30:00,5.4225
2020-03-26 10:30:00,4.1775
2020-03-27 10:30:00,4.3625
2020-03-28 10:30:00,2.835
2020-03-29 10:30:00,3.1325
2020-03-30 10:30:00,3.73125
2020-03-31 10:30:00,5.5975
2020-04-01 10:30:00,3.8925
2020-04-02 10:30:00,3.74375
2020-04-03 10:30:00,5.9474998
2020-04-04 10:30:00,2.94625
2020-04-05 10:30:00,2.04125
2020-04-06 10:30:00,3.705
2020-04-07 10:30:00,4.255
2020-04-08 10:30:00,4.27875
2020-04-09 10:30:00,2.63875
2020-04-10 10:30:00,2.615
2020-04-11 10:30:00,2.58375
2020-04-12 10:30:00,2.0075
2020-04-13 10:30:00,4.96125
2020-04-14 10:30:00,3.865
2020-04-15 10:30:00,3.02875
2020-04-16 10:30:00,2.21625
2020-04-17 10:30:00,1.7875
2020-04-18 10:30:00,3.91125
2020-04-19 10:30:00,4.955
2020-04-20 10:30:00,7.95125
2020-04-21 10:30:00,5.9700003
2020-04-22 10:30:00,2.86
2020-04-23 10:30:00,2.42
2020-04-24 10:30:00,3.8912501
2020-04-25 10:30:00,2.36375
2020-04-26 10:30:00,2.1525
2020-04-27 10:30:00,3.33625
2020-04-28 10:30:00,2.1625
2020-04-29 10:30:00,3.165
2020-04-30 10:30:00,2.86625
2020-05-01 10:30:00,4.04625
2020-05-02 10:30:00,4.0675
2020-05-03 10:30:00,3.5774999
2020-05-04 10:30:00,2.54125
2020-05-05 10:30:00,2.995
2020-05-06 10:30:00,3.67
2020-05-07 10:30:00,2.7737498
2020-05-08 10:30:00,2.6087499
2020-05-09 10:30:00,2.695
2020-05-10 10:30:00,3.85125
2020-05-11 10:30:00,5.1749997
2020-05-12 10:30:00,3.74375
2020-05-13 10:30:00,3.06
2020-05-14 10:30:00,4.085
2020-05-15 10:30:00,3.3825
2020-05-16 10:30:00,2.52875
2020-05-17 10:30:00,2.75125
2020-05-18 10:30:00,2.18875
2020-05-19 10:30:00,2.3075001
2020-05-20 10:30:00,2.165
2020-05-21 10:30:00,1.89375
2020-05-22 10:30:00,2.1812499
2020-05-23 10:30:00,2.5725
2020-05-24 10:30:00,4.16125
2020-05-25 10:30:00,4.71875
2020-05-26 10:30:00,3.1425
2020-05-27 10:30:00,1.8925
2020-05-28 10:30:00,3.11375
2020-05-29 10:30:00,4.185
2020-05-30 10:30:00,3.4475
2020-05-31 10:30:00,3.12
2020-06-01 10:30:00,2.09875
2020-06-02 10:30:00,3.45625
2020-06-03 10:30:00,2.36
2020-06-04 10:30:00,2.11625
2020-06-05 10:30:00,1.655
2020-06-06 10:30:00,2.52
2020-06-07 10:30:00,1.8462499
2020-06-08 10:30:00,3.6175
2020-06-09 10:30:00,4.415
2020-06-10 10:30:00,1.675
2020-06-11 10:30:00,2.70875
2020-06-12 10:30:00,1.62625
2020-06-13 10:30:00,2.7425
2020-06-14 10:30:00,4.3025
2020-06-15 10:30:00,2.28875
2020-06-16 10:30:00,2.4837499
2020-06-17 10:30:00,2.57875
2020-06-18 10:30:00,2.33375
2020-06-19 10:30:00,2.49875
2020-06-20 10:30:00,2.9075
2020-06-21 10:30:00,1.875
2020-06-22 10:30:00,2.95125
2020-06-23 10:30:00,2.7775
2020-06-24 10:30:00,1.79
2020-06-25 10:30:00,1.95
2020-06-26 10:30:00,2.04875
2020-06-27 10:30:00,1.66125
2020-06-28 10:30:00,1.57
2020-06-29 10:30:00,2.1525
2020-06-30 10:30:00,2.105
2020-07-01 10:30:00,1.8225
2020-07-02 10:30:00,1.73875
2020-07-03 10:30:00,2.18125
2020-07-04 10:30:00,2.4875
2020-07-05 10:30:00,1.6487501
2020-07-06 10:30:00,1.82
2020-07-07 10:30:00,2.8025
2020-07-08 10:30:00,2.195
2020-07-09 10:30:00,2.425
2020-07-10 10:30:00,2.11375
2020-07-11 10:30:00,2.2825
2020-07-12 10:30:00,1.66
2020-07-13 10:30:00,1.62875
2020-07-14 10:30:00,1.165
2020-07-15 10:30:00,1.95125
2020-07-16 10:30:00,2.3925
2020-07-17 10:30:00,2.845
2020-07-18 10:30:00,2.5225
2020-07-19 10:30:00,3.02625
2020-07-20 10:30:00,2.0325
2020-07-21 10:30:00,3.29375
2020-07-22 10:30:00,2.01875
2020-07-23 10:30:00,2.205
2020-07-24 10:30:00,1.925
2020-07-25 10:30:00,1.6175001
2020-07-26 10:30:00,2.615
2020-07-27 10:30:00,2.12875
2020-07-28 10:30:00,2.25625
2020-07-29 10:30:00,2.35
2020-07-30 10:30:00,2.30875
2020-07-31 10:30:00,2.5625
2020-08-01 10:30:00,2.53125
2020-08-02 10:30:00,2.91875
2020-08-03 10:30:00,1.61
2020-08-04 10:30:00,0.7
2020-08-05 10:30:00,1.665
2020-08-06 10:30:00,2.1675
2020-08-07 10:30:00,2.4624999
2020-08-08 10:30:00,2.95625
2020-08-09 10:30:00,1.53375
2020-08-10 10:30:00,2.165
2020-08-11 10:30:00,2.7475
2020-08-12 10:30:00,2.15
2020-08-13 10:30:00,2.08625
2020-08-14 10:30:00,1.73875
2020-08-15 10:30:00,1.29875
2020-08-16 10:30:00,1.6800001
2020-08-17 10:30:00,3.0475001
2020-08-18 10:30:00,2.7375
2020-08-19 10:30:00,2.26125
2020-08-20 10:30:00,1.915
2020-08-21 10:30:00,2.1775
2020-08-22 10:30:00,2.63375
2020-08-23 10:30:00,1.8125
2020-08-24 10:30:00,2.085
2020-08-25 10:30:00,2.12375
2020-08-26 10:30:00,2.1925
2020-08-27 10:30:00,3.74
2020-08-28 10:30:00,4.75125
2020-08-29 10:30:00,3.59625
2020-08-30 10:30:00,2.27125
2020-08-31 10:30:00,1.7225
2020-09-01 10:30:00,2.0425
2020-09-02 10:30:00,2.21125
2020-09-03 10:30:00,6.11
2020-09-04 10:30:00,5.58375
2020-09-05 10:30:00,2.19
2020-09-06 10:30:00,1.9125
2020-09-07 10:30:00,3.0225
2020-09-08 10:30:00,4.595
2020-09-09 10:30:00,4.15875
2020-09-10 10:30:00,3.5349998
2020-09-11 10:30:00,2.7475
2020-09-12 10:30:00,2.3725
2020-09-13 10:30:00,1.92125
2020-09-14 10:30:00,1.4712499
2020-09-15 10:30:00,2.8875
2020-09-16 10:30:00,3.27
2020-09-17 10:30:00,2.4
2020-09-18 10:30:00,2.28
2020-09-19 10:30:00,1.85125
2020-09-20 10:30:00,1.6875
2020-09-21 10:30:00,2.615
2020-09-22 10:30:00,1.3175
2020-09-23 10:30:00,2.95625
2020-09-24 10:30:00,1.7125
2020-09-25 10:30:00,1.29125
2020-09-26 10:30:00,3.3425
2020-09-27 10:30:00,2.40625
2020-09-28 10:30:00,3.05625
2020-09-29 10:30:00,2.22625
2020-09-30 10:30:00,1.35625
2020-10-01 10:30:00,2.22625
2020-10-02 10:30:00,1.62125
2020-10-03 10:30:00,2.77875
2020-10-04 10:30:00,2.59875
2020-10-05 10:30:00,2.69375
2020-10-06 10:30:00,1.175
2020-10-07 10:30:00,2.12375
2020-10-08 10:30:00,1.9525
2020-10-09 10:30:00,1.6537501
2020-10-10 10:30:00,3.58125
2020-10-11 10:30:00,3.87625
2020-10-12 10:30:00,1.84125
2020-10-13 10:30:00,3.69
2020-10-14 10:30:00,2.0774999
2020-10-15 10:30:00,2.46
2020-10-16 10:30:00,2.2325
2020-10-17 10:30:00,3.43625
2020-10-18 10:30:00,1.9525
2020-10-19 10:30:00,1.99125
2020-10-20 10:30:00,3.15625
2020-10-21 10:30:00,4.735
2020-10-22 10:30:00,3.78
2020-10-23 10:30:00,3.4524999
2020-10-24 10:30:00,2.94
2020-10-25 10:30:00,1.46875
2020-10-26 10:30:00,3.40375
2020-10-27 10:30:00,2.71375
2020-10-28 10:30:00,2.36375
2020-10-29 10:30:00,1.95625
2020-10-30 10:30:00,3.93
2020-10-31 10:30:00,4.4625
2020-11-01 10:30:00,3.97125
2020-11-02 10:30:00,5.025
2020-11-03 10:30:00,3.395
2020-11-04 10:30:00,1.5649999
2020-11-05 10:30:00,2.41375
2020-11-06 10:30:00,2.9875
2020-11-07 10:30:00,3.98625
2020-11-08 10:30:00,4.105
2020-11-09 10:30:00,2.36625
2020-11-10 10:30:00,2.1475
2020-11-11 10:30:00,2.07375
2020-11-12 10:30:00,3.7175
2020-11-13 10:30:00,2.18375
2020-11-14 10:30:00,2.74125
2020-11-15 10:30:00,2.2762501
2020-11-16 10:30:00,2.10375
2020-11-17 10:30:00,3.315
2020-11-18 10:30:00,6.07125
2020-11-19 10:30:00,5.65
2020-11-20 10:30:00,3.0225
2020-11-21 10:30:00,3.2925
2020-11-22 10:30:00,2.65
2020-11-23 10:30:00,3.445
2020-11-24 10:30:00,2.16
2020-11-25 10:30:00,3.63625
2020-11-26 10:30:00,3.01375
2020-11-27 10:30:00,2.8375
2020-11-28 10:30:00,2.6775
2020-11-29 10:30:00,2.4825
2020-11-30 10:30:00,3.03
2020-12-01 10:30:00,2.61125
2020-12-02 10:30:00,2.5662498
2020-12-03 10:30:00,3.7124999
2020-12-04 10:30:00,2.67875
2020-12-05 10:30:00,2.58875
2020-12-06 10:30:00,2.8525
2020-12-07 10:30:00,2.8125
2020-12-08 10:30:00,1.71
2020-12-09 10:30:00,1.98875
2020-12-10 10:30:00,2.185
2020-12-11 10:30:00,2.63625
2020-12-12 10:30:00,2.15625
2020-12-13 10:30:00,2.57125
2020-12-14 10:30:00,3.21375
2020-12-15 10:30:00,3.17875
2020-12-16 10:30:00,2.83
2020-12-17 10:30:00,4.57125
2020-12-18 10:30:00,3.92625
2020-12-19 10:30:00,2.6375
2020-12-20 10:30:00,3.165
2020-12-21 10:30:00,1.9525
2020-12-22 10:30:00,1.8575001
2020-12-23 10:30:00,1.85875
2020-12-24 10:30:00,1.96875
2020-12-25 10:30:00,2.65125
2020-12-26 10:30:00,1.6025
2020-12-27 10:30:00,1.47
2020-12-28 10:30:00,1.8399999
2020-12-29 10:30:00,4.5825
2020-12-30 10:30:00,4.02
2020-12-31 10:30:00,3.42625
2021-01-01 10:30:00,2.34375
2021-01-02 10:30:00,2.25625
2021-01-03 10:30:00,2.36125
2021-01-04 10:30:00,2.675
2021-01-05 10:30:00,2.7025
2021-01-06 10:30:00,4.60875
2021-01-07 10:30:00,2.8775
2021-01-08 10:30:00,2.955
2021-01-09 10:30:00,2.25875
2021-01-10 10:30:00,2.3075
2021-01-11 10:30:00,1.665
2021-01-12 10:30:00,2.09
2021-01-13 10:30:00,2.355
2021-01-14 10:30:00,1.36875
2021-01-15 10:30:00,1.8887501
2021-01-16 10:30:00,2.41625
2021-01-17 10:30:00,2.37125
2021-01-18 10:30:00,2.855
2021-01-19 10:30:00,2.11125
2021-01-20 10:30:00,1.47375
2021-01-21 10:30:00,1.1475
2021-01-22 10:30:00,2.0775
2021-01-23 10:30:00,1.27125
2021-01-24 10:30:00,3.79
2021-01-25 10:30:00,2.57125
2021-01-26 10:30:00,3.4075
2021-01-27 10:30:00,3.2875
2021-01-28 10:30:00,3.425
2021-01-29 10:30:00,2.55
2021-01-30 10:30:00,2.25375
2021-01-31 10:30:00,2.92875
2021-02-01 10:30:00,3.165
2021-02-02 10:30:00,3.19
2021-02-03 10:30:00,2.5900002
2021-02-04 10:30:00,1.60625
2021-02-05 10:30:00,1.1737499
2021-02-06 10:30:00,2.1412501
2021-02-07 10:30:00,2.8387501
2021-02-08 10:30:00,2.25625
2021-02-09 10:30:00,2.32
2021-02-10 10:30:00,1.715
2021-02-11 10:30:00,4.3737497
2021-02-12 10:30:00,3.545
2021-02-13 10:30:00,2.815
2021-02-14 10:30:00,2.74
2021-02-15 10:30:00,3.6375
2021-02-16 10:30:00,5.4987497
2021-02-17 10:30:00,5.37125
2021-02-18 10:30:00,2.60125
2021-02-19 10:30:00,4.155
2021-02-20 10:30:00,1.5
2021-02-21 10:30:00,2.57875
2021-02-22 10:30:00,4.74125
2021-02-23 10:30:00,1.93375
2021-02-24 10:30:00,2.13625
2021-02-25 10:30:00,2.775
2021-02-26 10:30:00,2.3174999
2021-02-27 10:30:00,4.29875
2021-02-28 10:30:00,3.25875
2021-03-01 10:30:00,3.2150002
2021-03-02 10:30:00,3.34
2021-03-03 10:30:00,2.48
2021-03-04 10:30:00,4.5025
2021-03-05 10:30:00,4.2425
2021-03-06 10:30:00,2.81625
2021-03-07 10:30:00,2.56375
2021-03-08 10:30:00,2.935
2021-03-09 10:30:00,4.3625
2021-03-10 10:30:00,3.0275
2021-03-11 10:30:00,1.78125
2021-03-12 10:30:00,2.0625
2021-03-13 10:30:00,2.84
2021-03-14 10:30:00,5.8525
2021-03-15 10:30:00,8.31375
2021-03-16 10:30:00,4.3537498
2021-03-17 10:30:00,2.8799999
2021-03-18 10:30:00,2.97
2021-03-19 10:30:00,2.26
2021-03-20 10:30:00,2.53875
2021-03-21 10:30:00,3.65625
2021-03-22 10:30:00,2.6875
2021-03-23 10:30:00,2.3500001
2021-03-24 10:30:00,3.1475
2021-03-25 10:30:00,3.255
2021-03-26 10:30:00,2.965
2021-03-27 10:30:00,3.8375
2021-03-28 10:30:00,4.33875
2021-03-29 10:30:00,5.65625
2021-03-30 10:30:00,2.495
2021-03-31 10:30:00,2.21625
2021-04-01 10:30:00,2.8287501
2021-04-02 10:30:00,5.28125
2021-04-03 10:30:00,3.48125
2021-04-04 10:30:00,3.26375
2021-04-05 10:30:00,4.09
2021-04-06 10:30:00,4.895
2021-04-07 10:30:00,3.4675
2021-04-08 10:30:00,3.2025
2021-04-09 10:30:00,3.52125
2021-04-10 10:30:00,3.89625
2021-04-11 10:30:00,2.2649999
2021-04-12 10:30:00,4.245
2021-04-13 10:30:00,3.38
2021-04-14 10:30:00,3.11375
2021-04-15 10:30:00,4.4
2021-04-16 10:30:00,3.5925
2021-04-17 10:30:00,3.2225
2021-04-18 10:30:00,3.33125
2021-04-19 10:30:00,5.245
2021-04-20 10:30:00,3.11375
2021-04-21 10:30:00,3.21
2021-04-22 10:30:00,4.48625
2021-04-23 10:30:00,4.07625
2021-04-24 10:30:00,2.3225
2021-04-25 10:30:00,3.3225
2021-04-26 10:30:00,5.2
2021-04-27 10:30:00,4.94
2021-04-28 10:30:00,3.64625
2021-04-29 10:30:00,1.66625
2021-04-30 10:30:00,2.4325001
2021-05-01 10:30:00,2.45
2021-05-02 10:30:00,3.49
2021-05-03 10:30:00,4.20375
2021-05-04 10:30:00,4.5637503
2021-05-05 10:30:00,3.7350001
2021-05-06 10:30:00,1.75625
2021-05-07 10:30:00,2.7962499
2021-05-08 10:30:00,4.5950003
2021-05-09 10:30:00,1.9675
2021-05-10 10:30:00,2.27625
2021-05-11 10:30:00,7.2312503
2021-05-12 10:30:00,6.03375
2021-05-13 10:30:00,2.48125
2021-05-14 10:30:00,4.50375
2021-05-15 10:30:00,3.755
2021-05-16 10:30:00,3.12125
2021-05-17 10:30:00,2.8575
2021-05-18 10:30:00,2.65125
2021-05-19 10:30:00,2.7
2021-05-20 10:30:00,2.2350001
2021-05-21 10:30:00,3.25875
2021-05-22 10:30:00,4.22625
2021-05-23 10:30:00,6.46125
2021-05-24 10:30:00,4.6525
2021-05-25 10:30:00,2.82875
2021-05-26 10:30:00,3.075
2021-05-27 10:30:00,2.21125
2021-05-28 10:30:00,1.96
2021-05-29 10:30:00,1.6375
2021-05-30 10:30:00,2.285
2021-05-31 10:30:00,3.83875
2021-06-01 10:30:00,3.26375
2021-06-02 10:30:00,1.15
2021-06-03 10:30:00,2.74
2021-06-04 10:30:00,2.96375
2021-06-05 10:30:00,2.42375
2021-06-06 10:30:00,1.9499999
2021-06-07 10:30:00,2.5262501
2021-06-08 10:30:00,3.75875
2021-06-09 10:30:00,2.6312501
2021-06-10 10:30:00,2.78875
2021-06-11 10:30:00,1.6025
2021-06-12 10:30:00,3.05
2021-06-13 10:30:00,2.49375
2021-06-14 10:30:00,2.2649999
2021-06-15 10:30:00,2.31
2021-06-16 10:30:00,3.3700001
2021-06-17 10:30:00,4.58875
2021-06-18 10:30:00,2.7425
2021-06-19 10:30:00,2.57375
2021-06-20 10:30:00,2.1825
2021-06-21 10:30:00,1.9475
2021-06-22 10:30:00,1.68125
2021-06-23 10:30:00,2.1712499
2021-06-24 10:30:00,2.06125
2021-06-25 10:30:00,2.72875
2021-06-26 10:30:00,2.68
2021-06-27 10:30:00,1.86375
2021-06-28 10:30:00,1.51625
2021-06-29 10:30:00,1.80875
2021-06-30 10:30:00,1.7875
2021-07-01 10:30:00,2.065
2021-07-02 10:30:00,1.6324999
2021-07-03 10:30:00,1.6962501
2021-07-04 10:30:00,2.51125
2021-07-05 10:30:00,2.05125
2021-07-06 10:30:00,1.35
2021-07-07 10:30:00,1.5525
2021-07-08 10:30:00,1.7112501
2021-07-09 10:30:00,1.79125
2021-07-10 10:30:00,1.49625
2021-07-11 10:30:00,1.405
2021-07-12 10:30:00,2.3875
2021-07-13 10:30:00,3.395
2021-07-14 10:30:00,3.03375
2021-07-15 10:30:00,2.64125
2021-07-16 10:30:00,1.3925
2021-07-17 10:30:00,2.06
2021-07-18 10:30:00,2.08875
2021-07-19 10:30:00,1.8025
2021-07-20 10:30:00,1.275
2021-07-21 10:30:00,1.9225
2021-07-22 10:30:00,1.89
2021-07-23 10:30:00,1.16875
2021-07-24 10:30:00,1.49375
2021-07-25 10:30:00,1.7062501
2021-07-26 10:30:00,1.43375
2021-07-27 10:30:00,0.74625003
2021-07-28 10:30:00,1.71875
2021-07-29 10:30:00,1.8275
2021-07-30 10:30:00,2.08
2021-07-31 10:30:00,2.405
2021-08-01 10:30:00,1.36625
2021-08-02 10:30:00,2.09
2021-08-03 10:30:00,1.5500001
2021-08-04 10:30:00,2.14
2021-08-05 10:30:00,2.7625
2021-08-06 10:30:00,1.37625
2021-08-07 10:30:00,1.4875
2021-08-08 10:30:00,1.58125
2021-08-09 10:30:00,2.6225
2021-08-10 10:30:00,3.42875
2021-08-11 10:30:00,2.5825
2021-08-12 10:30:00,2.03875
2021-08-13 10:30:00,2.41625
2021-08-14 10:30:00,1.66125
2021-08-15 10:30:00,1.40625
2021-08-16 10:30:00,1.64875
2021-08-17 10:30:00,1.495
2021-08-18 10:30:00,1.94875
2021-08-19 10:30:00,2.9524999
2021-08-20 10:30:00,2.1575
2021-08-21 10:30:00,1.7674999
2021-08-22 10:30:00,2.06375
2021-08-23 10:30:00,1.33875
2021-08-24 10:30:00,2.6925
2021-08-25 10:30:00,3.19625
2021-08-26 10:30:00,0.75125
2021-08-27 10:30:00,2.53625
2021-08-28 10:30:00,1.84625
2021-08-29 10:30:00,1.99625
2021-08-30 10:30:00,2.02
2021-08-31 10:30:00,1.53125
2021-09-01 10:30:00,1.78
2021-09-02 10:30:00,1.83875
2021-09-03 10:30:00,1.39875
2021-09-04 10:30:00,2.10625
2021-09-05 10:30:00,3.3025
2021-09-06 10:30:00,1.645
2021-09-07 10:30:00,1.62625
2021-09-08 10:30:00,2.2625
2021-09-09 10:30:00,1.7125
2021-09-10 10:30:00,2.20875
2021-09-11 10:30:00,1.81375
2021-09-12 10:30:00,2.8775
2021-09-13 10:30:00,1.89
2021-09-14 10:30:00,2.1275
2021-09-15 10:30:00,2.00875
2021-09-16 10:30:00,2.6875
2021-09-17 10:30:00,1.755
2021-09-18 10:30:00,2.3425
2021-09-19 10:30:00,1.545
2021-09-20 10:30:00,0.935
2021-09-21 10:30:00,3.5887501
2021-09-22 10:30:00,2.91625
2021-09-23 10:30:00,1.65625
2021-09-24 10:30:00,1.47875
2021-09-25 10:30:00,0.9
2021-09-26 10:30:00,2.71
2021-09-27 10:30:00,2.20375
2021-09-28 10:30:00,3.90125
2021-09-29 10:30:00,2.31125
2021-09-30 10:30:00,2.28375
2021-10-01 10:30:00,1.93875
2021-10-02 10:30:00,1.825
2021-10-03 10:30:00,1.9100001
2021-10-04 10:30:00,1.7675
2021-10-05 10:30:00,2.2675
2021-10-06 10:30:00,0.89375
2021-10-07 10:30:00,1.78625
2021-10-08 10:30:00,2.7962499
2021-10-09 10:30:00,4.4175
2021-10-10 10:30:00,5.17875
2021-10-11 10:30:00,1.7262499
2021-10-12 10:30:00,2.57875
2021-10-13 10:30:00,2.61375
2021-10-14 10:30:00,2.285
2021-10-15 10:30:00,5.4075
2021-10-16 10:30:00,3.72375
2021-10-17 10:30:00,2.2575
2021-10-18 10:30:00,2.13625
2021-10-19 10:30:00,2.0325
2021-10-20 10:30:00,1.85375
2021-10-21 10:30:00,1.61
2021-10-22 10:30:00,1.9425
2021-10-23 10:30:00,1.71125
2021-10-24 10:30:00,1.4775
2021-10-25 10:30:00,2.0775
2021-10-26 10:30:00,4.01
2021-10-27 10:30:00,2.52875
2021-10-28 10:30:00,2.1412501
2021-10-29 10:30:00,2.28375
2021-10-30 10:30:00,4.3575
2021-10-31 10:30:00,1.66875
2021-11-01 10:30:00,2.01625
2021-11-02 10:30:00,2.94625
2021-11-03 10:30:00,1.81875
2021-11-04 10:30:00,1.5024999
2021-11-05 10:30:00,3.29375
2021-11-06 10:30:00,2.71875
2021-11-07 10:30:00,1.39125
2021-11-08 10:30:00,7.49375
2021-11-09 10:30:00,4.27
2021-11-10 10:30:00,3.7425
2021-11-11 10:30:00,4.485
2021-11-12 10:30:00,2.805
2021-11-13 10:30:00,2.9475
2021-11-14 10:30:00,2.19125
2021-11-15 10:30:00,1.27875
2021-11-16 10:30:00,2.02875
2021-11-17 10:30:00,3.415
2021-11-18 10:30:00,3.4524999
2021-11-19 10:30:00,1.5762501
2021-11-20 10:30:00,1.5575
2021-11-21 10:30:00,2.52125
2021-11-22 10:30:00,4.68375
2021-11-23 10:30:00,4.78
2021-11-24 10:30:00,3.55625
2021-11-25 10:30:00,2.87875
2021-11-26 10:30:00,1.43125
2021-11-27 10:30:00,1.49
2021-11-28 10:30:00,2.02125
2021-11-29 10:30:00,2.21
2021-11-30 10:30:00,2.82625
2021-12-01 10:30:00,2.3925
2021-12-02 10:30:00,4.085
2021-12-03 10:30:00,2.5425
2021-12-04 10:30:00,2.5225
2021-12-05 10:30:00,2.3275
2021-12-06 10:30:00,3.155
2021-12-07 10:30:00,1.46
2021-12-08 10:30:00,1.05375
2021-12-09 10:30:00,1.7375001
2021-12-10 10:30:00,2.5674999
2021-12-11 10:30:00,3.84875
2021-12-12 10:30:00,3.2
2021-12-13 10:30:00,2.21125
2021-12-14 10:30:00,1.6825
2021-12-15 10:30:00,1.68875
2021-12-16 10:30:00,2.4775
2021-12-17 10:30:00,2.3525
2021-12-18 10:30:00,1.5575
2021-12-19 10:30:00,2.3799999
2021-12-20 10:30:00,4.46
2021-12-21 10:30:00,2.00375
2021-12-22 10:30:00,1.14875
2021-12-23 10:30:00,2.9612498
2021-12-24 10:30:00,3.09125
2021-12-25 10:30:00,2.3275
2021-12-26 10:30:00,2.25875
2021-12-27 10:30:00,1.825
2021-12-28 10:30:00,2.1825
2021-12-29 10:30:00,2.305
2021-12-30 10:30:00,2.8125
2021-12-31 10:30:00,1.8937501
2022-01-01 10:30:00,1.845
2022-01-02 10:30:00,2.9325
2022-01-03 10:30:00,2.8575
2022-01-04 10:30:00,1.875
2022-01-05 10:30:00,2.05375
2022-01-06 10:30:00,1.225
2022-01-07 10:30:00,1.645
2022-01-08 10:30:00,1.79125
2022-01-09 10:30:00,2.5687501
2022-01-10 10:30:00,2.79625
2022-01-11 10:30:00,1.945
2022-01-12 10:30:00,1.82875
2022-01-13 10:30:00,1.75375
2022-01-14 10:30:00,2.93875
2022-01-15 10:30:00,3.79125
2022-01-16 10:30:00,1.8000001
2022-01-17 10:30:00,2.805
2022-01-18 10:30:00,1.6012499
2022-01-19 10:30:00,1.995
2022-01-20 10:30:00,1.42
2022-01-21 10:30:00,1.64125
2022-01-22 10:30:00,0.99
2022-01-23 10:30:00,1.21375
2022-01-24 10:30:00,1.53375
2022-01-25 10:30:00,1.4425
2022-01-26 10:30:00,2.095
2022-01-27 10:30:00,2.3325
2022-01-28 10:30:00,3.915
2022-01-29 10:30:00,3.26625
2022-01-30 10:30:00,2.30625
2022-01-31 10:30:00,2.22625
2022-02-01 10:30:00,2.8087502
2022-02-02 10:30:00,3.36
2022-02-03 10:30:00,3.3362498
2022-02-04 10:30:00,3.95
2022-02-05 10:30:00,3.4175
2022-02-06 10:30:00,3.00875
2022-02-07 10:30:00,2.59125
2022-02-08 10:30:00,2.85125
2022-02-09 10:30:00,1.47125
2022-02-10 10:30:00,2.7475
2022-02-11 10:30:00,2.79
2022-02-12 10:30:00,1.76875
2022-02-13 10:30:00,1.715
2022-02-14 10:30:00,2.50375
2022-02-15 10:30:00,3.4225
2022-02-16 10:30:00,3.05875
2022-02-17 10:30:00,2.69375
2022-02-18 10:30:00,1.54375
2022-02-19 10:30:00,2.93375
2022-02-20 10:30:00,2.7
2022-02-21 10:30:00,3.4450002
2022-02-22 10:30:00,2.135
2022-02-23 10:30:00,1.93125
2022-02-24 10:30:00,2.67875
2022-02-25 10:30:00,3.3525
2022-02-26 10:30:00,3.5387502
2022-02-27 10:30:00,3.335
2022-02-28 10:30:00,2.94625
2022-03-01 10:30:00,3.1675
2022-03-02 10:30:00,3.3287501
2022-03-03 10:30:00,3.5874999
2022-03-04 10:30:00,5.33125
2022-03-05 10:30:00,6.08375
2022-03-06 10:30:00,2.8925
2022-03-07 10:30:00,2.77
2022-03-08 10:30:00,2.25875
2022-03-09 10:30:00,3.3125
2022-03-10 10:30:00,5.05
2022-03-11 10:30:00,3.265
2022-03-12 10:30:00,2.3275
2022-03-13 10:30:00,1.88125
2022-03-14 10:30:00,1.93625
2022-03-15 10:30:00,2.175
2022-03-16 10:30:00,4.2125
2022-03-17 10:30:00,2.5
2022-03-18 10:30:00,1.615
2022-03-19 10:30:00,2.19375
2022-03-20 10:30:00,2.87625
2022-03-21 10:30:00,3.5625
2022-03-22 10:30:00,2.4375
2022-03-23 10:30:00,2.97
2022-03-24 10:30:00,2.655
2022-03-25 10:30:00,1.975
2022-03-26 10:30:00,3.1299999
2022-03-27 10:30:00,3.35375
2022-03-28 10:30:00,1.8475
2022-03-29 10:30:00,4.39875
2022-03-30 10:30:00,1.82
2022-03-31 10:30:00,3.9437501
2022-04-01 10:30:00,2.47125
2022-04-02 10:30:00,2.185
2022-04-03 10:30:00,2.35625
2022-04-04 10:30:00,4.59
2022-04-05 10:30:00,6.0075
2022-04-06 10:30:00,2.9875
2022-04-07 10:30:00,2.35625
2022-04-08 10:30:00,2.9750001
2022-04-09 10:30:00,3.6075
2022-04-10 10:30:00,4.2599998
2022-04-11 10:30:00,3.1075
2022-04-12 10:30:00,2.34
2022-04-13 10:30:00,2.1725
2022-04-14 10:30:00,2.6075
2022-04-15 10:30:00,3.7725
2022-04-16 10:30:00,3.9875
2022-04-17 10:30:00,2.94
2022-04-18 10:30:00,2.7325
2022-04-19 10:30:00,3.24625
2022-04-20 10:30:00,4.20625
2022-04-21 10:30:00,2.51125
2022-04-22 10:30:00,2.35625
2022-04-23 10:30:00,5.1062503
2022-04-24 10:30:00,3.0325
2022-04-25 10:30:00,3.6837502
2022-04-26 10:30:00,5.195
2022-04-27 10:30:00,3.72
2022-04-28 10:30:00,3.415
2022-04-29 10:30:00,3.0225
2022-04-30 10:30:00,4.695
2022-05-01 10:30:00,3.8287501
2022-05-02 10:30:00,3.18875
2022-05-03 10:30:00,3.62125
2022-05-04 10:30:00,2.22
2022-05-05 10:30:00,5.8575
2022-05-06 10:30:00,5.05625
2022-05-07 10:30:00,4.07875
2022-05-08 10:30:00,3.22125
2022-05-09 10:30:00,4.2925
2022-05-10 10:30:00,4.07375
2022-05-11 10:30:00,3.47125
2022-05-12 10:30:00,1.99625
2022-05-13 10:30:00,2.47
2022-05-14 10:30:00,3.0075
2022-05-15 10:30:00,3.2225
2022-05-16 10:30:00,2.7224998
2022-05-17 10:30:00,2.3775
2022-05-18 10:30:00,2.955
2022-05-19 10:30:00,2.60375
2022-05-20 10:30:00,3.4475
2022-05-21 10:30:00,1.95375
2022-05-22 10:30:00,3.13625
2022-05-23 10:30:00,3.0575
2022-05-24 10:30:00,1.8987501
2022-05-25 10:30:00,2.8575
2022-05-26 10:30:00,3.12625
2022-05-27 10:30:00,3.11625
2022-05-28 10:30:00,3.60875
2022-05-29 10:30:00,2.7375
2022-05-30 10:30:00,2.05125
2022-05-31 10:30:00,1.5649999
2022-06-01 10:30:00,1.885
2022-06-02 10:30:00,2.70125
2022-06-03 10:30:00,3.02625
2022-06-04 10:30:00,4.21875
2022-06-05 10:30:00,4.8375
2022-06-06 10:30:00,4.525
2022-06-07 10:30:00,1.36125
2022-06-08 10:30:00,2.30125
2022-06-09 10:30:00,2.27625
2022-06-10 10:30:00,2.2125
2022-06-11 10:30:00,3.3325
2022-06-12 10:30:00,3.5987499
2022-06-13 10:30:00,2.44625
2022-06-14 10:30:00,2.23625
2022-06-15 10:30:00,2.33125
2022-06-16 10:30:00,1.715
2022-06-17 10:30:00,2.03625
2022-06-18 10:30:00,1.48
2022-06-19 10:30:00,1.9675
2022-06-20 10:30:00,3.78375
2022-06-21 10:30:00,3.6525002
2022-06-22 10:30:00,1.9025
2022-06-23 10:30:00,2.80375
2022-06-24 10:30:00,2.3025
2022-06-25 10:30:00,2.08
2022-06-26 10:30:00,1.775
2022-06-27 10:30:00,2.3775
2022-06-28 10:30:00,2.4762502
2022-06-29 10:30:00,1.8275
2022-06-30 10:30:00,1.2524999
2022-07-01 10:30:00,2.43
2022-07-02 10:30:00,2.7
2022-07-03 10:30:00,1.63375
2022-07-04 10:30:00,2.1525
2022-07-05 10:30:00,2.7375
2022-07-06 10:30:00,2.225
2022-07-07 10:30:00,1.85875
2022-07-08 10:30:00,2.82625
2022-07-09 10:30:00,2.39875
2022-07-10 10:30:00,2.22875
2022-07-11 10:30:00,2.1175
2022-07-12 10:30:00,3.955
2022-07-13 10:30:00,2.14375
2022-07-14 10:30:00,3.09875
2022-07-15 10:30:00,1.68125
2022-07-16 10:30:00,1.25625
2022-07-17 10:30:00,1.405
2022-07-18 10:30:00,1.63875
2022-07-19 10:30:00,1.9925
2022-07-20 10:30:00,1.73625
2022-07-21 10:30:00,1.61625
2022-07-22 10:30:00,2.08
2022-07-23 10:30:00,0.6725
2022-07-24 10:30:00,1.17625
2022-07-25 10:30:00,1.98875
2022-07-26 10:30:00,2.52
2022-07-27 10:30:00,1.95
2022-07-28 10:30:00,1.6700001
2022-07-29 10:30:00,1.42125
2022-07-30 10:30:00,2.41375
2022-07-31 10:30:00,2.49375
2022-08-01 10:30:00,1.745
2022-08-02 10:30:00,2.36
2022-08-03 10:30:00,1.9437499
2022-08-04 10:30:00,1.8625001
2022-08-05 10:30:00,3.105
2022-08-06 10:30:00,1.465
2022-08-07 10:30:00,2.20875
2022-08-08 10:30:00,3.115
2022-08-09 10:30:00,2.9425
2022-08-10 10:30:00,1.975
2022-08-11 10:30:00,1.9375
2022-08-12 10:30:00,1.8575
2022-08-13 10:30:00,1.55
2022-08-14 10:30:00,2.4112499
2022-08-15 10:30:00,1.7925
2022-08-16 10:30:00,1.89
2022-08-17 10:30:00,2.805
2022-08-18 10:30:00,2.01
2022-08-19 10:30:00,2.83
2022-08-20 10:30:00,1.94625
2022-08-21 10:30:00,1.5699999
2022-08-22 10:30:00,3.56125
2022-08-23 10:30:00,2.69
2022-08-24 10:30:00,2.24875
2022-08-25 10:30:00,2.99375
2022-08-26 10:30:00,3.53125
2022-08-27 10:30:00,2.53125
2022-08-28 10:30:00,2.59375
2022-08-29 10:30:00,2.9825
2022-08-30 10:30:00,1.525
2022-08-31 10:30:00,3.2525
2022-09-01 10:30:00,2.55625
2022-09-02 10:30:00,1.48125
2022-09-03 10:30:00,3.0325
2022-09-04 10:30:00,4.055
2022-09-05 10:30:00,2.9112499
2022-09-06 10:30:00,2.7575
2022-09-07 10:30:00,2.665
2022-09-08 10:30:00,2.21625
2022-09-09 10:30:00,2.54125
2022-09-10 10:30:00,2.6675
2022-09-11 10:30:00,2.27125
2022-09-12 10:30:00,2.43625
2022-09-13 10:30:00,1.915
2022-09-14 10:30:00,2.1225
2022-09-15 10:30:00,1.90875
2022-09-16 10:30:00,1.30375
2022-09-17 10:30:00,3.23
2022-09-18 10:30:00,4.64875
2022-09-19 10:30:00,3.5725
2022-09-20 10:30:00,2.26625
2022-09-21 10:30:00,2.30375
2022-09-22 10:30:00,3.34625
2022-09-23 10:30:00,2.33875
2022-09-24 10:30:00,2.615
2022-09-25 10:30:00,2.3775
2022-09-26 10:30:00,2.25125
2022-09-27 10:30:00,3.425
2022-09-28 10:30:00,2.2275
2022-09-29 10:30:00,2.04
2022-09-30 10:30:00,2.4724998
2022-10-01 10:30:00,2.17625
2022-10-02 10:30:00,3.0249999
2022-10-03 10:30:00,4.1975
2022-10-04 10:30:00,3.2675
2022-10-05 10:30:00,2.655
2022-10-06 10:30:00,1.6912501
2022-10-07 10:30:00,1.37125
2022-10-08 10:30:00,2.36625
2022-10-09 10:30:00,4.58
2022-10-10 10:30:00,2.94625
2022-10-11 10:30:00,1.61875
2022-10-12 10:30:00,2.1325
2022-10-13 10:30:00,2.0375
2022-10-14 10:30:00,2.67625
2022-10-15 10:30:00,2.7025
2022-10-16 10:30:00,4.11875
2022-10-17 10:30:00,2.6175
2022-10-18 10:30:00,1.56375
2022-10-19 10:30:00,2.49125
2022-10-20 10:30:00,2.48625
2022-10-21 10:30:00,2.9425
2022-10-22 10:30:00,2.3049998
2022-10-23 10:30:00,2.35875
2022-10-24 10:30:00,2.17375
2022-10-25 10:30:00,2.89625
2022-10-26 10:30:00,3.8799999
2022-10-27 10:30:00,1.75125
2022-10-28 10:30:00,2.17
2022-10-29 10:30:00,2.0425
2022-10-30 10:30:00,1.99125
2022-10-31 10:30:00,4.6575
2022-11-01 10:30:00,3.16375
2022-11-02 10:30:00,4.42375
2022-11-03 10:30:00,2.7825
2022-11-04 10:30:00,2.03625
2022-11-05 10:30:00,2.12125
2022-11-06 10:30:00,1.53875
2022-11-07 10:30:00,2.21875
2022-11-08 10:30:00,1.4275
2022-11-09 10:30:00,1.85875
2022-11-10 10:30:00,2.32875
2022-11-11 10:30:00,3.23
2022-11-12 10:30:00,2.9925
2022-11-13 10:30:00,2.36375
2022-11-14 10:30:00,1.8125
2022-11-15 10:30:00,2.36125
2022-11-16 10:30:00,1.9250001
2022-11-17 10:30:00,2.52875
2022-11-18 10:30:00,2.8775
2022-11-19 10:30:00,5.23125
2022-11-20 10:30:00,2.84875
2022-11-21 10:30:00,2.29625
2022-11-22 10:30:00,2.31125
2022-11-23 10:30:00,2.32625
2022-11-24 10:30:00,2.1
2022-11-25 10:30:00,2.9125
2022-11-26 10:30:00,2.57375
2022-11-27 10:30:00,1.7325001
2022-11-28 10:30:00,2.505
2022-11-29 10:30:00,5.2174997
2022-11-30 10:30:00,3.4950001
2022-12-01 10:30:00,2.47625
2022-12-02 10:30:00,2.7649999
2022-12-03 10:30:00,3.22
2022-12-04 10:30:00,2.78
2022-12-05 10:30:00,2.585
2022-12-06 10:30:00,2.125
2022-12-07 10:30:00,1.98
2022-12-08 10:30:00,3.0025
2022-12-09 10:30:00,1.9499999
2022-12-10 10:30:00,2.83375
2022-12-11 10:30:00,1.8825
2022-12-12 10:30:00,4.67625
2022-12-13 10:30:00,4.915
2022-12-14 10:30:00,2.9675
2022-12-15 10:30:00,3.34625
2022-12-16 10:30:00,3.14125
2022-12-17 10:30:00,3.03
2022-12-18 10:30:00,3.0775
2022-12-19 10:30:00,1.8175
2022-12-20 10:30:00,1.49375
2022-12-21 10:30:00,2.865
2022-12-22 10:30:00,5.36375
2022-12-23 10:30:00,5.4049997
2022-12-24 10:30:00,3.66375
2022-12-25 10:30:00,1.7725
2022-12-26 10:30:00,1.1025
2022-12-27 10:30:00,2.015
2022-12-28 10:30:00,2.79125
2022-12-29 10:30:00,2.9737499
2022-12-30 10:30:00,2.1399999
2022-12-31 10:30:00,2.8487499
