time,wind
2012-01-01 10:30:00,0.235
2012-01-02 10:30:00,0.31375
2012-01-03 10:30:00,0.72625
2012-01-04 10:30:00,0.54125
2012-01-05 10:30:00,0.90625
2012-01-06 10:30:00,0.6425
2012-01-07 10:30:00,0.58375
2012-01-08 10:30:00,0.55875
2012-01-09 10:30:00,0.6325
2012-01-10 10:30:00,1.2725
2012-01-11 10:30:00,0.57625
2012-01-12 10:30:00,1.625
2012-01-13 10:30:00,1.6637499
2012-01-14 10:30:00,0.95375
2012-01-15 10:30:00,1.01
2012-01-16 10:30:00,0.15375
2012-01-17 10:30:00,0.41375
2012-01-18 10:30:00,1.2625
2012-01-19 10:30:00,1.01625
2012-01-20 10:30:00,1.78625
2012-01-21 10:30:00,1.7325
2012-01-22 10:30:00,1.0437499
2012-01-23 10:30:00,0.57125
2012-01-24 10:30:00,0.64625
2012-01-25 10:30:00,0.5725
2012-01-26 10:30:00,1.345
2012-01-27 10:30:00,1.11
2012-01-28 10:30:00,0.65125
2012-01-29 10:30:00,1.2225
2012-01-30 10:30:00,1.585
2012-01-31 10:30:00,1.0
2012-02-01 10:30:00,1.6324999
2012-02-02 10:30:00,2.56625
2012-02-03 10:30:00,2.2375
2012-02-04 10:30:00,1.59625
2012-02-05 10:30:00,1.96625
2012-02-06 10:30:00,2.26375
2012-02-07 10:30:00,1.405
2012-02-08 10:30:00,1.7025
2012-02-09 10:30:00,2.295
2012-02-10 10:30:00,1.5425
2012-02-11 10:30:00,1.655
2012-02-12 10:30:00,0.69125
2012-02-13 10:30:00,1.325
2012-02-14 10:30:00,2.015
2012-02-15 10:30:00,1.4125
2012-02-16 10:30:00,1.65875
2012-02-17 10:30:00,1.24875
2012-02-18 10:30:00,1.3100001
2012-02-19 10:30:00,1.62
2012-02-20 10:30:00,1.41875
2012-02-21 10:30:00,0.87375003
2012-02-22 10:30:00,0.36875
2012-02-23 10:30:00,0.9275
2012-02-24 10:30:00,3.025
2012-02-25 10:30:00,1.4275
2012-02-26 10:30:00,1.36125
2012-02-27 10:30:00,1.39625
2012-02-28 10:30:00,0.9425
2012-02-29 10:30:00,1.51875
2012-03-01 10:30:00,2.1775
2012-03-02 10:30:00,1.395
2012-03-03 10:30:00,0.885
2012-03-04 10:30:00,1.08625
2012-03-05 10:30:00,0.72125
2012-03-06 10:30:00,1.49875
2012-03-07 10:30:00,2.2275
2012-03-08 10:30:00,1.87125
2012-03-09 10:30:00,1.3725
2012-03-10 10:30:00,1.5912501
2012-03-11 10:30:00,2.045
2012-03-12 10:30:00,1.36625
2012-03-13 10:30:00,2.22
2012-03-14 10:30:00,1.63625
2012-03-15 10:30:00,2.00125
2012-03-16 10:30:00,2.29625
2012-03-17 10:30:00,2.00125
2012-03-18 10:30:00,2.80875
2012-03-19 10:30:00,2.85
2012-03-20 10:30:00,1.2587501
2012-03-21 10:30:00,4.45
2012-03-22 10:30:00,1.7275
2012-03-23 10:30:00,3.05125
2012-03-24 10:30:00,3.11625
2012-03-25 10:30:00,1.8275
2012-03-26 10:30:00,1.81875
2012-03-27 10:30:00,2.7649999
2012-03-28 10:30:00,2.74625
2012-03-29 10:30:00,1.6375
2012-03-30 10:30:00,2.75375
2012-03-31 10:30:00,2.69625
2012-04-01 10:30:00,1.20875
2012-04-02 10:30:00,1.59
2012-04-03 10:30:00,1.7825
2012-04-04 10:30:00,2.09875
2012-04-05 10:30:00,2.96125
2012-04-06 10:30:00,1.825
2012-04-07 10:30:00,4.075
2012-04-08 10:30:00,3.675
2012-04-09 10:30:00,1.51
2012-04-10 10:30:00,3.7225
2012-04-11 10:30:00,4.89125
2012-04-12 10:30:00,3.345
2012-04-13 10:30:00,3.07375
2012-04-14 10:30:00,0.855
2012-04-15 10:30:00,3.14875
2012-04-16 10:30:00,1.585
2012-04-17 10:30:00,1.8725
2012-04-18 10:30:00,1.7475
2012-04-19 10:30:00,2.03375
2012-04-20 10:30:00,2.5375
2012-04-21 10:30:00,1.58375
2012-04-22 10:30:00,1.1899999
2012-04-23 10:30:00,1.63625
2012-04-24 10:30:00,2.2775
2012-04-25 10:30:00,2.3225
2012-04-26 10:30:00,2.6025
2012-04-27 10:30:00,2.49375
2012-04-28 10:30:00,3.1675
2012-04-29 10:30:00,1.04
2012-04-30 10:30:00,2.16125
2012-05-01 10:30:00,1.48125
2012-05-02 10:30:00,1.67375
2012-05-03 10:30:00,3.3500001
2012-05-04 10:30:00,3.4025
2012-05-05 10:30:00,3.06
2012-05-06 10:30:00,2.7175
2012-05-07 10:30:00,2.32
2012-05-08 10:30:00,1.6525
2012-05-09 10:30:00,2.92875
2012-05-10 10:30:00,1.9350001
2012-05-11 10:30:00,2.4225
2012-05-12 10:30:00,0.8775
2012-05-13 10:30:00,2.23625
2012-05-14 10:30:00,1.40125
2012-05-15 10:30:00,1.5
2012-05-16 10:30:00,1.5
2012-05-17 10:30:00,1.4675
2012-05-18 10:30:00,3.3187501
2012-05-19 10:30:00,2.9212499
2012-05-20 10:30:00,1.49
2012-05-21 10:30:00,2.605
2012-05-22 10:30:00,2.5525
2012-05-23 10:30:00,2.80875
2012-05-24 10:30:00,3.00375
2012-05-25 10:30:00,2.4075
2012-05-26 10:30:00,1.4625
2012-05-27 10:30:00,1.78875
2012-05-28 10:30:00,3.2024999
2012-05-29 10:30:00,1.8675001
2012-05-30 10:30:00,2.2975
2012-05-31 10:30:00,2.14625
2012-06-01 10:30:00,1.62
2012-06-02 10:30:00,1.245
2012-06-03 10:30:00,1.0025
2012-06-04 10:30:00,1.3037499
2012-06-05 10:30:00,1.34375
2012-06-06 10:30:00,1.3175
2012-06-07 10:30:00,2.27125
2012-06-08 10:30:00,1.6075
2012-06-09 10:30:00,1.2275
2012-06-10 10:30:00,2.315
2012-06-11 10:30:00,1.06375
2012-06-12 10:30:00,1.7375
2012-06-13 10:30:00,1.5425
2012-06-14 10:30:00,1.6474999
2012-06-15 10:30:00,1.32125
2012-06-16 10:30:00,1.15
2012-06-17 10:30:00,1.0575
2012-06-18 10:30:00,1.4825
2012-06-19 10:30:00,1.035
2012-06-20 10:30:00,1.465
2012-06-21 10:30:00,1.01875
2012-06-22 10:30:00,1.84875
2012-06-23 10:30:00,1.3025
2012-06-24 10:30:00,1.8425
2012-06-25 10:30:00,0.61125004
2012-06-26 10:30:00,1.61375
2012-06-27 10:30:00,0.88
2012-06-28 10:30:00,1.13125
2012-06-29 10:30:00,1.77125
2012-06-30 10:30:00,1.8362501
2012-07-01 10:30:00,1.84
2012-07-02 10:30:00,1.31875
2012-07-03 10:30:00,1.57875
2012-07-04 10:30:00,1.3275
2012-07-05 10:30:00,1.005
2012-07-06 10:30:00,0.6125
2012-07-07 10:30:00,1.30875
2012-07-08 10:30:00,0.94375
2012-07-09 10:30:00,0.72625
2012-07-10 10:30:00,0.16875
2012-07-11 10:30:00,1.75875
2012-07-12 10:30:00,1.59375
2012-07-13 10:30:00,0.935
2012-07-14 10:30:00,1.02125
2012-07-15 10:30:00,1.4275
2012-07-16 10:30:00,0.6725
2012-07-17 10:30:00,1.1125001
2012-07-18 10:30:00,1.29375
2012-07-19 10:30:00,0.79375
2012-07-20 10:30:00,0.72125
2012-07-21 10:30:00,1.285
2012-07-22 10:30:00,1.34
2012-07-23 10:30:00,1.28875
2012-07-24 10:30:00,0.16875
2012-07-25 10:30:00,0.62875
2012-07-26 10:30:00,1.70125
2012-07-27 10:30:00,1.53
2012-07-28 10:30:00,1.3975
2012-07-29 10:30:00,2.4625
2012-07-30 10:30:00,1.51625
2012-07-31 10:30:00,1.37375
2012-08-01 10:30:00,1.56
2012-08-02 10:30:00,1.16375
2012-08-03 10:30:00,1.3225
2012-08-04 10:30:00,0.825
2012-08-05 10:30:00,1.54125
2012-08-06 10:30:00,1.00625
2012-08-07 10:30:00,1.87125
2012-08-08 10:30:00,2.04625
2012-08-09 10:30:00,2.49
2012-08-10 10:30:00,1.8412501
2012-08-11 10:30:00,0.61
2012-08-12 10:30:00,1.7787501
2012-08-13 10:30:00,1.155
2012-08-14 10:30:00,1.11875
2012-08-15 10:30:00,0.5125
2012-08-16 10:30:00,1.23625
2012-08-17 10:30:00,1.945
2012-08-18 10:30:00,2.10875
2012-08-19 10:30:00,1.2737501
2012-08-20 10:30:00,2.97
2012-08-21 10:30:00,1.9625
2012-08-22 10:30:00,1.545
2012-08-23 10:30:00,1.72125
2012-08-24 10:30:00,1.3175
2012-08-25 10:30:00,1.33125
2012-08-26 10:30:00,1.25375
2012-08-27 10:30:00,1.12125
2012-08-28 10:30:00,1.59125
2012-08-29 10:30:00,1.86
2012-08-30 10:30:00,1.21875
2012-08-31 10:30:00,0.96500003
2012-09-01 10:30:00,2.085
2012-09-02 10:30:00,1.3225
2012-09-03 10:30:00,0.8275
2012-09-04 10:30:00,0.93
2012-09-05 10:30:00,1.30375
2012-09-06 10:30:00,1.4225
2012-09-07 10:30:00,1.325
2012-09-08 10:30:00,1.11
2012-09-09 10:30:00,1.7225
2012-09-10 10:30:00,1.63625
2012-09-11 10:30:00,2.4775
2012-09-12 10:30:00,1.46
2012-09-13 10:30:00,1.215
2012-09-14 10:30:00,1.765
2012-09-15 10:30:00,1.3775
2012-09-16 10:30:00,1.08875
2012-09-17 10:30:00,1.8362501
2012-09-18 10:30:00,1.16625
2012-09-19 10:30:00,1.43375
2012-09-20 10:30:00,1.82875
2012-09-21 10:30:00,0.9275
2012-09-22 10:30:00,0.625
2012-09-23 10:30:00,0.805
2012-09-24 10:30:00,1.35125
2012-09-25 10:30:00,0.94374996
2012-09-26 10:30:00,1.5425
2012-09-27 10:30:00,1.43625
2012-09-28 10:30:00,2.42625
2012-09-29 10:30:00,1.80125
2012-09-30 10:30:00,1.1875
2012-10-01 10:30:00,1.24375
2012-10-02 10:30:00,1.2925
2012-10-03 10:30:00,1.2575
2012-10-04 10:30:00,1.84625
2012-10-05 10:30:00,1.7524999
2012-10-06 10:30:00,0.68625
2012-10-07 10:30:00,1.04125
2012-10-08 10:30:00,0.95125
2012-10-09 10:30:00,1.72125
2012-10-10 10:30:00,1.43625
2012-10-11 10:30:00,0.8825
2012-10-12 10:30:00,0.8675
2012-10-13 10:30:00,2.0825
2012-10-14 10:30:00,2.33375
2012-10-15 10:30:00,1.2674999
2012-10-16 10:30:00,2.73125
2012-10-17 10:30:00,3.8049998
2012-10-18 10:30:00,2.7749999
2012-10-19 10:30:00,1.86625
2012-10-20 10:30:00,2.54375
2012-10-21 10:30:00,1.06375
2012-10-22 10:30:00,0.54625
2012-10-23 10:30:00,1.30625
2012-10-24 10:30:00,0.9475
2012-10-25 10:30:00,1.24125
2012-10-26 10:30:00,1.70375
2012-10-27 10:30:00,2.50875
2012-10-28 10:30:00,1.54625
2012-10-29 10:30:00,1.355
2012-10-30 10:30:00,0.625
2012-10-31 10:30:00,0.845
2012-11-01 10:30:00,1.6225
2012-11-02 10:30:00,2.8474998
2012-11-03 10:30:00,1.235
2012-11-04 10:30:00,0.625
2012-11-05 10:30:00,0.615
2012-11-06 10:30:00,0.22000001
2012-11-07 10:30:00,1.2737501
2012-11-08 10:30:00,0.745
2012-11-09 10:30:00,0.68
2012-11-10 10:30:00,1.4125
2012-11-11 10:30:00,2.42375
2012-11-12 10:30:00,2.00875
2012-11-13 10:30:00,1.42875
2012-11-14 10:30:00,0.87875
2012-11-15 10:30:00,1.3025
2012-11-16 10:30:00,0.80125
2012-11-17 10:30:00,1.1525
2012-11-18 10:30:00,0.9625
2012-11-19 10:30:00,0.98249996
2012-11-20 10:30:00,1.1075
2012-11-21 10:30:00,1.58
2012-11-22 10:30:00,1.4475
2012-11-23 10:30:00,1.2262499
2012-11-24 10:30:00,0.42125002
2012-11-25 10:30:00,2.1775
2012-11-26 10:30:00,1.48125
2012-11-27 10:30:00,1.1899999
2012-11-28 10:30:00,1.75625
2012-11-29 10:30:00,1.50375
2012-11-30 10:30:00,1.5375
2012-12-01 10:30:00,0.47000003
2012-12-02 10:30:00,0.69374996
2012-12-03 10:30:00,1.19125
2012-12-04 10:30:00,1.78
2012-12-05 10:30:00,2.02125
2012-12-06 10:30:00,1.16
2012-12-07 10:30:00,1.20625
2012-12-08 10:30:00,2.385
2012-12-09 10:30:00,1.27125
2012-12-10 10:30:00,0.71
2012-12-11 10:30:00,0.745
2012-12-12 10:30:00,0.5175
2012-12-13 10:30:00,1.4225
2012-12-14 10:30:00,1.0525
2012-12-15 10:30:00,1.37
2012-12-16 10:30:00,1.34625
2012-12-17 10:30:00,2.15875
2012-12-18 10:30:00,1.1125
2012-12-19 10:30:00,1.5075
2012-12-20 10:30:00,1.255
2012-12-21 10:30:00,2.36375
2012-12-22 10:30:00,1.28125
2012-12-23 10:30:00,1.00625
2012-12-24 10:30:00,2.5375
2012-12-25 10:30:00,1.6075
2012-12-26 10:30:00,1.33875
2012-12-27 10:30:00,0.7875
2012-12-28 10:30:00,2.04875
2012-12-29 10:30:00,2.2475
2012-12-30 10:30:00,3.59125
2012-12-31 10:30:00,2.70125
2013-01-01 10:30:00,3.9175
2013-01-02 10:30:00,4.60875
2013-01-03 10:30:00,3.83
2013-01-04 10:30:00,3.5137498
2013-01-05 10:30:00,2.65625
2013-01-06 10:30:00,2.1275
2013-01-07 10:30:00,2.7325
2013-01-08 10:30:00,2.71625
2013-01-09 10:30:00,2.34375
2013-01-10 10:30:00,1.235
2013-01-11 10:30:00,0.86875
2013-01-12 10:30:00,1.8975
2013-01-13 10:30:00,1.3525
2013-01-14 10:30:00,1.42875
2013-01-15 10:30:00,1.34625
2013-01-16 10:30:00,3.29375
2013-01-17 10:30:00,2.66
2013-01-18 10:30:00,2.49875
2013-01-19 10:30:00,0.58375
2013-01-20 10:30:00,1.1925
2013-01-21 10:30:00,1.48125
2013-01-22 10:30:00,0.79
2013-01-23 10:30:00,2.40875
2013-01-24 10:30:00,4.36
2013-01-25 10:30:00,2.36375
2013-01-26 10:30:00,1.235
2013-01-27 10:30:00,1.1725
2013-01-28 10:30:00,0.90875
2013-01-29 10:30:00,2.7875
2013-01-30 10:30:00,1.17875
2013-01-31 10:30:00,3.13875
2013-02-01 10:30:00,3.53
2013-02-02 10:30:00,2.93625
2013-02-03 10:30:00,1.77625
2013-02-04 10:30:00,2.11125
2013-02-05 10:30:00,3.2275
2013-02-06 10:30:00,4.07375
2013-02-07 10:30:00,3.065
2013-02-08 10:30:00,2.545
2013-02-09 10:30:00,2.73875
2013-02-10 10:30:00,3.045
2013-02-11 10:30:00,2.22375
2013-02-12 10:30:00,1.99625
2013-02-13 10:30:00,3.46625
2013-02-14 10:30:00,2.94625
2013-02-15 10:30:00,1.51875
2013-02-16 10:30:00,2.03375
2013-02-17 10:30:00,4.50125
2013-02-18 10:30:00,3.9775
2013-02-19 10:30:00,3.82375
2013-02-20 10:30:00,2.76875
2013-02-21 10:30:00,3.42875
2013-02-22 10:30:00,4.2200003
2013-02-23 10:30:00,3.44375
2013-02-24 10:30:00,2.2150002
2013-02-25 10:30:00,2.35625
2013-02-26 10:30:00,2.3174999
2013-02-27 10:30:00,4.21875
2013-02-28 10:30:00,3.11875
2013-03-01 10:30:00,4.0725
2013-03-02 10:30:00,2.1412501
2013-03-03 10:30:00,3.13375
2013-03-04 10:30:00,2.73
2013-03-05 10:30:00,3.5262501
2013-03-06 10:30:00,5.02625
2013-03-07 10:30:00,4.185
2013-03-08 10:30:00,3.08375
2013-03-09 10:30:00,3.41625
2013-03-10 10:30:00,2.51875
2013-03-11 10:30:00,2.18125
2013-03-12 10:30:00,5.18
2013-03-13 10:30:00,2.8925
2013-03-14 10:30:00,2.7675
2013-03-15 10:30:00,3.085
2013-03-16 10:30:00,3.95125
2013-03-17 10:30:00,5.0275
2013-03-18 10:30:00,3.59125
2013-03-19 10:30:00,4.72125
2013-03-20 10:30:00,2.63625
2013-03-21 10:30:00,5.52375
2013-03-22 10:30:00,4.2225
2013-03-23 10:30:00,2.69875
2013-03-24 10:30:00,2.95
2013-03-25 10:30:00,2.80625
2013-03-26 10:30:00,4.35
2013-03-27 10:30:00,4.5675
2013-03-28 10:30:00,4.09125
2013-03-29 10:30:00,4.2025
2013-03-30 10:30:00,3.3362498
2013-03-31 10:30:00,3.04
2013-04-01 10:30:00,2.485
2013-04-02 10:30:00,5.705
2013-04-03 10:30:00,4.9337497
2013-04-04 10:30:00,1.1225
2013-04-05 10:30:00,2.9675
2013-04-06 10:30:00,2.39
2013-04-07 10:30:00,3.6225
2013-04-08 10:30:00,2.10625
2013-04-09 10:30:00,4.525
2013-04-10 10:30:00,3.61375
2013-04-11 10:30:00,3.26875
2013-04-12 10:30:00,4.51375
2013-04-13 10:30:00,10.165
2013-04-14 10:30:00,4.965
2013-04-15 10:30:00,3.59625
2013-04-16 10:30:00,4.97
2013-04-17 10:30:00,4.7625
2013-04-18 10:30:00,3.8625
2013-04-19 10:30:00,3.26875
2013-04-20 10:30:00,3.5975
2013-04-21 10:30:00,2.38875
2013-04-22 10:30:00,3.31
2013-04-23 10:30:00,4.85
2013-04-24 10:30:00,3.695
2013-04-25 10:30:00,3.095
2013-04-26 10:30:00,2.50125
2013-04-27 10:30:00,2.2525
2013-04-28 10:30:00,3.31625
2013-04-29 10:30:00,2.00375
2013-04-30 10:30:00,2.6775
2013-05-01 10:30:00,1.955
2013-05-02 10:30:00,2.4524999
2013-05-03 10:30:00,1.91875
2013-05-04 10:30:00,3.81
2013-05-05 10:30:00,3.7075
2013-05-06 10:30:00,2.68375
2013-05-07 10:30:00,2.6475
2013-05-08 10:30:00,2.66375
2013-05-09 10:30:00,2.45
2013-05-10 10:30:00,4.82125
2013-05-11 10:30:00,2.875
2013-05-12 10:30:00,2.29375
2013-05-13 10:30:00,2.925
2013-05-14 10:30:00,2.03625
2013-05-15 10:30:00,2.0349998
2013-05-16 10:30:00,2.46875
2013-05-17 10:30:00,3.55625
2013-05-18 10:30:00,5.23375
2013-05-19 10:30:00,3.64625
2013-05-20 10:30:00,6.09875
2013-05-21 10:30:00,1.9325
2013-05-22 10:30:00,2.3675
2013-05-23 10:30:00,4.1475
2013-05-24 10:30:00,1.90625
2013-05-25 10:30:00,3.4624999
2013-05-26 10:30:00,2.6799998
2013-05-27 10:30:00,3.6325
2013-05-28 10:30:00,4.61625
2013-05-29 10:30:00,5.28375
2013-05-30 10:30:00,2.8175
2013-05-31 10:30:00,5.7262497
2013-06-01 10:30:00,3.73875
2013-06-02 10:30:00,2.37875
2013-06-03 10:30:00,2.5362499
2013-06-04 10:30:00,1.65
2013-06-05 10:30:00,2.4725
2013-06-06 10:30:00,1.99375
2013-06-07 10:30:00,1.55
2013-06-08 10:30:00,2.35875
2013-06-09 10:30:00,1.7275
2013-06-10 10:30:00,2.585
2013-06-11 10:30:00,1.3937501
2013-06-12 10:30:00,2.13875
2013-06-13 10:30:00,2.8425
2013-06-14 10:30:00,2.76875
2013-06-15 10:30:00,2.26625
2013-06-16 10:30:00,2.17625
2013-06-17 10:30:00,2.32
2013-06-18 10:30:00,2.27
2013-06-19 10:30:00,1.7687501
2013-06-20 10:30:00,1.61125
2013-06-21 10:30:00,1.83375
2013-06-22 10:30:00,1.2325
2013-06-23 10:30:00,1.43
2013-06-24 10:30:00,1.265
2013-06-25 10:30:00,2.38875
2013-06-26 10:30:00,2.02
2013-06-27 10:30:00,1.4675
2013-06-28 10:30:00,1.78625
2013-06-29 10:30:00,1.4025
2013-06-30 10:30:00,0.83500004
2013-07-01 10:30:00,1.64625
2013-07-02 10:30:00,1.885
2013-07-03 10:30:00,2.95625
2013-07-04 10:30:00,2.445
2013-07-05 10:30:00,2.57
2013-07-06 10:30:00,2.0525
2013-07-07 10:30:00,2.54
2013-07-08 10:30:00,1.74125
2013-07-09 10:30:00,1.75375
2013-07-10 10:30:00,1.2787501
2013-07-11 10:30:00,1.31625
2013-07-12 10:30:00,1.185
2013-07-13 10:30:00,1.69625
2013-07-14 10:30:00,1.5525
2013-07-15 10:30:00,2.49625
2013-07-16 10:30:00,3.4775
2013-07-17 10:30:00,0.63375
2013-07-18 10:30:00,1.8924999
2013-07-19 10:30:00,1.21875
2013-07-20 10:30:00,2.23375
2013-07-21 10:30:00,1.685
2013-07-22 10:30:00,1.13625
2013-07-23 10:30:00,1.6425
2013-07-24 10:30:00,1.37375
2013-07-25 10:30:00,1.2425
2013-07-26 10:30:00,1.6325
2013-07-27 10:30:00,1.99125
2013-07-28 10:30:00,2.615
2013-07-29 10:30:00,1.92
2013-07-30 10:30:00,1.475
2013-07-31 10:30:00,1.59875
2013-08-01 10:30:00,1.5675
2013-08-02 10:30:00,2.0825
2013-08-03 10:30:00,1.73125
2013-08-04 10:30:00,1.57375
2013-08-05 10:30:00,1.8175
2013-08-06 10:30:00,1.27125
2013-08-07 10:30:00,2.0975
2013-08-08 10:30:00,2.37125
2013-08-09 10:30:00,2.71625
2013-08-10 10:30:00,2.11625
2013-08-11 10:30:00,1.375
2013-08-12 10:30:00,2.43875
2013-08-13 10:30:00,2.46875
2013-08-14 10:30:00,2.1612499
2013-08-15 10:30:00,2.31625
2013-08-16 10:30:00,1.205
2013-08-17 10:30:00,1.47375
2013-08-18 10:30:00,3.2637498
2013-08-19 10:30:00,2.035
2013-08-20 10:30:00,1.125
2013-08-21 10:30:00,1.8225
2013-08-22 10:30:00,2.935
2013-08-23 10:30:00,2.1325
2013-08-24 10:30:00,2.55125
2013-08-25 10:30:00,1.7775
2013-08-26 10:30:00,1.655
2013-08-27 10:30:00,1.38
2013-08-28 10:30:00,2.345
2013-08-29 10:30:00,2.8275
2013-08-30 10:30:00,2.2025
2013-08-31 10:30:00,1.455
2013-09-01 10:30:00,2.16875
2013-09-02 10:30:00,2.4437501
2013-09-03 10:30:00,1.72875
2013-09-04 10:30:00,1.22375
2013-09-05 10:30:00,1.24875
2013-09-06 10:30:00,1.81625
2013-09-07 10:30:00,1.57625
2013-09-08 10:30:00,2.1025
2013-09-09 10:30:00,2.37375
2013-09-10 10:30:00,3.30125
2013-09-11 10:30:00,1.92875
2013-09-12 10:30:00,2.09125
2013-09-13 10:30:00,1.97875
2013-09-14 10:30:00,4.685
2013-09-15 10:30:00,3.93
2013-09-16 10:30:00,3.63125
2013-09-17 10:30:00,1.4775
2013-09-18 10:30:00,2.66
2013-09-19 10:30:00,5.34625
2013-09-20 10:30:00,2.505
2013-09-21 10:30:00,1.8075
2013-09-22 10:30:00,4.06
2013-09-23 10:30:00,4.0075
2013-09-24 10:30:00,2.6412501
2013-09-25 10:30:00,2.59375
2013-09-26 10:30:00,2.17875
2013-09-27 10:30:00,2.46375
2013-09-28 10:30:00,1.71125
2013-09-29 10:30:00,2.1625
2013-09-30 10:30:00,2.79875
2013-10-01 10:30:00,3.0475
2013-10-02 10:30:00,3.225
2013-10-03 10:30:00,2.27875
2013-10-04 10:30:00,2.38875
2013-10-05 10:30:00,2.22625
2013-10-06 10:30:00,3.79875
2013-10-07 10:30:00,3.2875
2013-10-08 10:30:00,3.0262501
2013-10-09 10:30:00,2.0362499
2013-10-10 10:30:00,1.7312499
2013-10-11 10:30:00,1.69625
2013-10-12 10:30:00,3.0275
2013-10-13 10:30:00,4.0225
2013-10-14 10:30:00,4.57625
2013-10-15 10:30:00,1.54125
2013-10-16 10:30:00,1.23625
2013-10-17 10:30:00,1.56375
2013-10-18 10:30:00,1.74875
2013-10-19 10:30:00,1.7375
2013-10-20 10:30:00,1.375
2013-10-21 10:30:00,2.2537498
2013-10-22 10:30:00,3.62375
2013-10-23 10:30:00,1.8075
2013-10-24 10:30:00,1.91625
2013-10-25 10:30:00,2.405
2013-10-26 10:30:00,1.515
2013-10-27 10:30:00,2.2175
2013-10-28 10:30:00,2.40125
2013-10-29 10:30:00,2.1675
2013-10-30 10:30:00,2.69625
2013-10-31 10:30:00,1.88
2013-11-01 10:30:00,1.3425
2013-11-02 10:30:00,2.27
2013-11-03 10:30:00,2.69125
2013-11-04 10:30:00,2.16625
2013-11-05 10:30:00,1.7825
2013-11-06 10:30:00,4.5575
2013-11-07 10:30:00,2.90375
2013-11-08 10:30:00,2.6675
2013-11-09 10:30:00,5.5625
2013-11-10 10:30:00,4.28125
2013-11-11 10:30:00,2.8825
2013-11-12 10:30:00,2.32625
2013-11-13 10:30:00,2.26875
2013-11-14 10:30:00,2.6525
2013-11-15 10:30:00,2.28375
2013-11-16 10:30:00,3.01
2013-11-17 10:30:00,3.1799998
2013-11-18 10:30:00,3.995
2013-11-19 10:30:00,3.4650002
2013-11-20 10:30:00,3.395
2013-11-21 10:30:00,2.8725
2013-11-22 10:30:00,2.1575
2013-11-23 10:30:00,2.11125
2013-11-24 10:30:00,3.7025
2013-11-25 10:30:00,2.67625
2013-11-26 10:30:00,4.37875
2013-11-27 10:30:00,5.21875
2013-11-28 10:30:00,3.7775
2013-11-29 10:30:00,3.2525
2013-11-30 10:30:00,3.72375
2013-12-01 10:30:00,3.1425
2013-12-02 10:30:00,2.865
2013-12-03 10:30:00,2.9524999
2013-12-04 10:30:00,3.9225
2013-12-05 10:30:00,2.49125
2013-12-06 10:30:00,1.13375
2013-12-07 10:30:00,1.5125
2013-12-08 10:30:00,1.75125
2013-12-09 10:30:00,2.32125
2013-12-10 10:30:00,2.22875
2013-12-11 10:30:00,0.92125
2013-12-12 10:30:00,3.5362499
2013-12-13 10:30:00,3.70875
2013-12-14 10:30:00,3.57125
2013-12-15 10:30:00,1.73875
2013-12-16 10:30:00,0.96
2013-12-17 10:30:00,1.59
2013-12-18 10:30:00,1.9475
2013-12-19 10:30:00,3.68
2013-12-20 10:30:00,3.71625
2013-12-21 10:30:00,1.4862499
2013-12-22 10:30:00,2.25
2013-12-23 10:30:00,0.96125
2013-12-24 10:30:00,2.0675
2013-12-25 10:30:00,1.2875
2013-12-26 10:30:00,2.64
2013-12-27 10:30:00,3.09625
2013-12-28 10:30:00,3.36875
2013-12-29 10:30:00,2.28
2013-12-30 10:30:00,2.87125
2013-12-31 10:30:00,4.76375
2014-01-01 10:30:00,3.60875
2014-01-02 10:30:00,2.96125
2014-01-03 10:30:00,3.08375
2014-01-04 10:30:00,1.7112501
2014-01-05 10:30:00,2.04125
2014-01-06 10:30:00,2.42875
2014-01-07 10:30:00,3.73625
2014-01-08 10:30:00,3.095
2014-01-09 10:30:00,2.0
2014-01-10 10:30:00,2.59625
2014-01-11 10:30:00,3.84125
2014-01-12 10:30:00,4.33125
2014-01-13 10:30:00,2.26
2014-01-14 10:30:00,1.505
2014-01-15 10:30:00,1.76625
2014-01-16 10:30:00,1.03875
2014-01-17 10:30:00,2.62625
2014-01-18 10:30:00,1.4125
2014-01-19 10:30:00,1.87375
2014-01-20 10:30:00,2.2825
2014-01-21 10:30:00,2.29875
2014-01-22 10:30:00,1.34
2014-01-23 10:30:00,2.435
2014-01-24 10:30:00,2.3625
2014-01-25 10:30:00,3.32125
2014-01-26 10:30:00,1.8875
2014-01-27 10:30:00,5.9775
2014-01-28 10:30:00,1.92875
2014-01-29 10:30:00,2.41375
2014-01-30 10:30:00,2.68625
2014-01-31 10:30:00,1.8925
2014-02-01 10:30:00,3.35375
2014-02-02 10:30:00,6.02375
2014-02-03 10:30:00,2.72875
2014-02-04 10:30:00,2.5925
2014-02-05 10:30:00,2.24375
2014-02-06 10:30:00,2.38625
2014-02-07 10:30:00,1.9775
2014-02-08 10:30:00,2.28875
2014-02-09 10:30:00,2.01375
2014-02-10 10:30:00,1.185
2014-02-11 10:30:00,2.03375
2014-02-12 10:30:00,2.35125
2014-02-13 10:30:00,1.88625
2014-02-14 10:30:00,2.1925
2014-02-15 10:30:00,2.02
2014-02-16 10:30:00,2.425
2014-02-17 10:30:00,2.33875
2014-02-18 10:30:00,1.60625
2014-02-19 10:30:00,1.69625
2014-02-20 10:30:00,1.5525
2014-02-21 10:30:00,2.0725
2014-02-22 10:30:00,1.5975
2014-02-23 10:30:00,1.2025
2014-02-24 10:30:00,1.51625
2014-02-25 10:30:00,1.46625
2014-02-26 10:30:00,3.95625
2014-02-27 10:30:00,3.2025
2014-02-28 10:30:00,1.73375
2014-03-01 10:30:00,3.12375
2014-03-02 10:30:00,3.205
2014-03-03 10:30:00,2.43375
2014-03-04 10:30:00,3.9675
2014-03-05 10:30:00,3.40375
2014-03-06 10:30:00,3.12375
2014-03-07 10:30:00,3.05
2014-03-08 10:30:00,3.44375
2014-03-09 10:30:00,2.51375
2014-03-10 10:30:00,2.03125
2014-03-11 10:30:00,3.4212499
2014-03-12 10:30:00,3.26875
2014-03-13 10:30:00,2.4175
2014-03-14 10:30:00,2.3575
2014-03-15 10:30:00,3.05375
2014-03-16 10:30:00,1.57625
2014-03-17 10:30:00,2.28
2014-03-18 10:30:00,2.57
2014-03-19 10:30:00,3.7125
2014-03-20 10:30:00,2.70875
2014-03-21 10:30:00,1.90875
2014-03-22 10:30:00,2.405
2014-03-23 10:30:00,1.7262499
2014-03-24 10:30:00,2.9975
2014-03-25 10:30:00,3.0725
2014-03-26 10:30:00,2.36625
2014-03-27 10:30:00,2.46125
2014-03-28 10:30:00,1.56
2014-03-29 10:30:00,3.00125
2014-03-30 10:30:00,4.10125
2014-03-31 10:30:00,2.7
2014-04-01 10:30:00,2.93
2014-04-02 10:30:00,3.08375
2014-04-03 10:30:00,3.2462502
2014-04-04 10:30:00,2.83875
2014-04-05 10:30:00,2.4775
2014-04-06 10:30:00,3.6225
2014-04-07 10:30:00,2.26125
2014-04-08 10:30:00,3.3325
2014-04-09 10:30:00,2.46
2014-04-10 10:30:00,1.92625
2014-04-11 10:30:00,1.9975
2014-04-12 10:30:00,2.60375
2014-04-13 10:30:00,3.4
2014-04-14 10:30:00,5.48125
2014-04-15 10:30:00,2.4125
2014-04-16 10:30:00,2.74375
2014-04-17 10:30:00,2.92
2014-04-18 10:30:00,2.93625
2014-04-19 10:30:00,3.1375
2014-04-20 10:30:00,3.94125
2014-04-21 10:30:00,2.86875
2014-04-22 10:30:00,2.4475
2014-04-23 10:30:00,3.085
2014-04-24 10:30:00,2.13125
2014-04-25 10:30:00,3.595
2014-04-26 10:30:00,4.75875
2014-04-27 10:30:00,2.585
2014-04-28 10:30:00,1.95875
2014-04-29 10:30:00,2.81125
2014-04-30 10:30:00,2.97875
2014-05-01 10:30:00,3.71625
2014-05-02 10:30:00,1.71375
2014-05-03 10:30:00,3.09625
2014-05-04 10:30:00,3.0462499
2014-05-05 10:30:00,3.9112499
2014-05-06 10:30:00,2.02375
2014-05-07 10:30:00,2.425
2014-05-08 10:30:00,2.075
2014-05-09 10:30:00,2.2450001
2014-05-10 10:30:00,1.8225
2014-05-11 10:30:00,3.1625
2014-05-12 10:30:00,2.76875
2014-05-13 10:30:00,2.8487499
2014-05-14 10:30:00,3.4075
2014-05-15 10:30:00,1.55875
2014-05-16 10:30:00,1.2375
2014-05-17 10:30:00,2.555
2014-05-18 10:30:00,1.25625
2014-05-19 10:30:00,1.74625
2014-05-20 10:30:00,2.3500001
2014-05-21 10:30:00,1.78375
2014-05-22 10:30:00,2.70125
2014-05-23 10:30:00,1.97375
2014-05-24 10:30:00,2.685
2014-05-25 10:30:00,3.48625
2014-05-26 10:30:00,3.15875
2014-05-27 10:30:00,2.1325
2014-05-28 10:30:00,5.245
2014-05-29 10:30:00,3.7475
2014-05-30 10:30:00,3.04875
2014-05-31 10:30:00,2.385
2014-06-01 10:30:00,2.0462499
2014-06-02 10:30:00,2.11125
2014-06-03 10:30:00,2.00625
2014-06-04 10:30:00,2.21625
2014-06-05 10:30:00,3.515
2014-06-06 10:30:00,2.05125
2014-06-07 10:30:00,2.2925
2014-06-08 10:30:00,1.7325
2014-06-09 10:30:00,1.10625
2014-06-10 10:30:00,1.725
2014-06-11 10:30:00,1.98875
2014-06-12 10:30:00,2.1825001
2014-06-13 10:30:00,2.06625
2014-06-14 10:30:00,2.535
2014-06-15 10:30:00,1.7775
2014-06-16 10:30:00,1.8525
2014-06-17 10:30:00,2.52375
2014-06-18 10:30:00,2.53
2014-06-19 10:30:00,1.63875
2014-06-20 10:30:00,1.31125
2014-06-21 10:30:00,2.0825
2014-06-22 10:30:00,1.9175
2014-06-23 10:30:00,1.9975
2014-06-24 10:30:00,1.9875
2014-06-25 10:30:00,1.87625
2014-06-26 10:30:00,2.38125
2014-06-27 10:30:00,2.50375
2014-06-28 10:30:00,2.4637501
2014-06-29 10:30:00,1.63875
2014-06-30 10:30:00,2.3075
2014-07-01 10:30:00,1.36625
2014-07-02 10:30:00,1.8675001
2014-07-03 10:30:00,1.61125
2014-07-04 10:30:00,2.89375
2014-07-05 10:30:00,1.67875
2014-07-06 10:30:00,1.635
2014-07-07 10:30:00,2.44
2014-07-08 10:30:00,5.2512503
2014-07-09 10:30:00,3.6075
2014-07-10 10:30:00,1.54625
2014-07-11 10:30:00,1.2575
2014-07-12 10:30:00,1.8675
2014-07-13 10:30:00,1.7475001
2014-07-14 10:30:00,1.0075
2014-07-15 10:30:00,1.4462501
2014-07-16 10:30:00,1.1525
2014-07-17 10:30:00,1.32375
2014-07-18 10:30:00,1.34375
2014-07-19 10:30:00,1.2375001
2014-07-20 10:30:00,2.7925
2014-07-21 10:30:00,3.7025
2014-07-22 10:30:00,2.41875
2014-07-23 10:30:00,2.325
2014-07-24 10:30:00,1.595
2014-07-25 10:30:00,1.305
2014-07-26 10:30:00,1.275
2014-07-27 10:30:00,2.015
2014-07-28 10:30:00,2.4025
2014-07-29 10:30:00,1.71625
2014-07-30 10:30:00,1.48875
2014-07-31 10:30:00,2.41
2014-08-01 10:30:00,1.96875
2014-08-02 10:30:00,1.2
2014-08-03 10:30:00,2.09125
2014-08-04 10:30:00,2.1025
2014-08-05 10:30:00,1.63375
2014-08-06 10:30:00,2.4025
2014-08-07 10:30:00,1.2175
2014-08-08 10:30:00,2.13375
2014-08-09 10:30:00,2.7825
2014-08-10 10:30:00,0.84125
2014-08-11 10:30:00,2.62875
2014-08-12 10:30:00,1.85125
2014-08-13 10:30:00,1.3775
2014-08-14 10:30:00,1.08125
2014-08-15 10:30:00,1.435
2014-08-16 10:30:00,1.7
2014-08-17 10:30:00,1.41375
2014-08-18 10:30:00,1.76375
2014-08-19 10:30:00,1.75125
2014-08-20 10:30:00,1.7175
2014-08-21 10:30:00,1.24375
2014-08-22 10:30:00,1.3425
2014-08-23 10:30:00,1.94125
2014-08-24 10:30:00,2.04
2014-08-25 10:30:00,1.8725
2014-08-26 10:30:00,2.25
2014-08-27 10:30:00,1.59125
2014-08-28 10:30:00,1.8975
2014-08-29 10:30:00,1.65625
2014-08-30 10:30:00,1.31125
2014-08-31 10:30:00,1.80125
2014-09-01 10:30:00,1.5875
2014-09-02 10:30:00,1.8
2014-09-03 10:30:00,1.9725001
2014-09-04 10:30:00,2.58
2014-09-05 10:30:00,1.28875
2014-09-06 10:30:00,1.27
2014-09-07 10:30:00,2.80125
2014-09-08 10:30:00,4.15375
2014-09-09 10:30:00,2.275
2014-09-10 10:30:00,1.53125
2014-09-11 10:30:00,1.8875
2014-09-12 10:30:00,1.93625
2014-09-13 10:30:00,2.4275
2014-09-14 10:30:00,4.6887503
2014-09-15 10:30:00,3.68375
2014-09-16 10:30:00,1.82125
2014-09-17 10:30:00,1.735
2014-09-18 10:30:00,1.8325
2014-09-19 10:30:00,1.32625
2014-09-20 10:30:00,1.82375
2014-09-21 10:30:00,1.49
2014-09-22 10:30:00,1.50625
2014-09-23 10:30:00,1.31625
2014-09-24 10:30:00,1.645
2014-09-25 10:30:00,1.8725001
2014-09-26 10:30:00,2.3775
2014-09-27 10:30:00,2.5275
2014-09-28 10:30:00,2.3375
2014-09-29 10:30:00,2.2575
2014-09-30 10:30:00,2.67625
2014-10-01 10:30:00,1.31125
2014-10-02 10:30:00,2.015
2014-10-03 10:30:00,1.86125
2014-10-04 10:30:00,2.1475
2014-10-05 10:30:00,2.155
2014-10-06 10:30:00,2.945
2014-10-07 10:30:00,2.23375
2014-10-08 10:30:00,1.8924999
2014-10-09 10:30:00,1.5125
2014-10-10 10:30:00,2.13125
2014-10-11 10:30:00,4.80375
2014-10-12 10:30:00,3.55375
2014-10-13 10:30:00,1.70125
2014-10-14 10:30:00,1.74625
2014-10-15 10:30:00,4.6025
2014-10-16 10:30:00,1.6825
2014-10-17 10:30:00,1.7225
2014-10-18 10:30:00,1.8
2014-10-19 10:30:00,3.9812498
2014-10-20 10:30:00,3.81125
2014-10-21 10:30:00,1.1925
2014-10-22 10:30:00,2.62625
2014-10-23 10:30:00,2.36625
2014-10-24 10:30:00,1.7125
2014-10-25 10:30:00,5.06875
2014-10-26 10:30:00,5.1262503
2014-10-27 10:30:00,1.56125
2014-10-28 10:30:00,0.9375
2014-10-29 10:30:00,1.4325
2014-10-30 10:30:00,2.05875
2014-10-31 10:30:00,2.69
2014-11-01 10:30:00,3.3
2014-11-02 10:30:00,2.96875
2014-11-03 10:30:00,1.79125
2014-11-04 10:30:00,2.425
2014-11-05 10:30:00,3.81375
2014-11-06 10:30:00,2.86
2014-11-07 10:30:00,3.04875
2014-11-08 10:30:00,1.91625
2014-11-09 10:30:00,2.62625
2014-11-10 10:30:00,2.78125
2014-11-11 10:30:00,4.84375
2014-11-12 10:30:00,4.3025002
2014-11-13 10:30:00,2.98625
2014-11-14 10:30:00,3.0674999
2014-11-15 10:30:00,1.79625
2014-11-16 10:30:00,1.89375
2014-11-17 10:30:00,1.33375
2014-11-18 10:30:00,2.31875
2014-11-19 10:30:00,1.275
2014-11-20 10:30:00,2.40375
2014-11-21 10:30:00,2.5875
2014-11-22 10:30:00,1.97625
2014-11-23 10:30:00,3.46875
2014-11-24 10:30:00,1.98
2014-11-25 10:30:00,1.86
2014-11-26 10:30:00,4.93375
2014-11-27 10:30:00,1.675
2014-11-28 10:30:00,1.8
2014-11-29 10:30:00,1.56125
2014-11-30 10:30:00,3.8375
2014-12-01 10:30:00,5.05875
2014-12-02 10:30:00,6.1675
2014-12-03 10:30:00,4.5587497
2014-12-04 10:30:00,4.02125
2014-12-05 10:30:00,3.2224998
2014-12-06 10:30:00,2.53
2014-12-07 10:30:00,1.52125
2014-12-08 10:30:00,2.4525
2014-12-09 10:30:00,2.04875
2014-12-10 10:30:00,1.78
2014-12-11 10:30:00,2.0
2014-12-12 10:30:00,3.4112499
2014-12-13 10:30:00,2.035
2014-12-14 10:30:00,0.69875
2014-12-15 10:30:00,2.43125
2014-12-16 10:30:00,1.78875
2014-12-17 10:30:00,1.2787501
2014-12-18 10:30:00,0.9825
2014-12-19 10:30:00,2.5025
2014-12-20 10:30:00,2.86625
2014-12-21 10:30:00,1.6125
2014-12-22 10:30:00,0.7675
2014-12-23 10:30:00,3.70625
2014-12-24 10:30:00,2.2475
2014-12-25 10:30:00,2.6875
2014-12-26 10:30:00,1.08125
2014-12-27 10:30:00,2.76125
2014-12-28 10:30:00,1.6625
2014-12-29 10:30:00,0.9825
2014-12-30 10:30:00,3.4625
2014-12-31 10:30:00,3.7062502
2015-01-01 10:30:00,2.925
2015-01-02 10:30:00,2.7825
2015-01-03 10:30:00,2.24125
2015-01-04 10:30:00,1.91625
2015-01-05 10:30:00,6.8375
2015-01-06 10:30:00,4.15
2015-01-07 10:30:00,1.7162501
2015-01-08 10:30:00,1.86625
2015-01-09 10:30:00,2.34375
2015-01-10 10:30:00,1.8075
2015-01-11 10:30:00,2.4424999
2015-01-12 10:30:00,1.18625
2015-01-13 10:30:00,1.48125
2015-01-14 10:30:00,1.50125
2015-01-15 10:30:00,1.32375
2015-01-16 10:30:00,4.64375
2015-01-17 10:30:00,2.48125
2015-01-18 10:30:00,1.82875
2015-01-19 10:30:00,1.385
2015-01-20 10:30:00,1.82625
2015-01-21 10:30:00,1.38875
2015-01-22 10:30:00,1.3075
2015-01-23 10:30:00,2.845
2015-01-24 10:30:00,1.4625
2015-01-25 10:30:00,2.435
2015-01-26 10:30:00,3.51125
2015-01-27 10:30:00,3.375
2015-01-28 10:30:00,2.3487499
2015-01-29 10:30:00,3.61625
2015-01-30 10:30:00,2.91125
2015-01-31 10:30:00,2.03125
2015-02-01 10:30:00,1.6025
2015-02-02 10:30:00,1.95
2015-02-03 10:30:00,3.13625
2015-02-04 10:30:00,2.6299999
2015-02-05 10:30:00,2.21375
2015-02-06 10:30:00,5.7175
2015-02-07 10:30:00,4.83
2015-02-08 10:30:00,2.4475
2015-02-09 10:30:00,1.8225
2015-02-10 10:30:00,3.02375
2015-02-11 10:30:00,2.3075
2015-02-12 10:30:00,3.2075
2015-02-13 10:30:00,2.735
2015-02-14 10:30:00,1.72125
2015-02-15 10:30:00,1.465
2015-02-16 10:30:00,1.8025
2015-02-17 10:30:00,2.6225
2015-02-18 10:30:00,1.52375
2015-02-19 10:30:00,1.90625
2015-02-20 10:30:00,1.92125
2015-02-21 10:30:00,1.8
2015-02-22 10:30:00,5.15875
2015-02-23 10:30:00,3.08875
2015-02-24 10:30:00,2.585
2015-02-25 10:30:00,2.25875
2015-02-26 10:30:00,2.02125
2015-02-27 10:30:00,2.17375
2015-02-28 10:30:00,2.39625
2015-03-01 10:30:00,3.3975
2015-03-02 10:30:00,3.05875
2015-03-03 10:30:00,3.2375
2015-03-04 10:30:00,2.5325
2015-03-05 10:30:00,2.42125
2015-03-06 10:30:00,2.84375
2015-03-07 10:30:00,2.47
2015-03-08 10:30:00,3.8825002
2015-03-09 10:30:00,3.67625
2015-03-10 10:30:00,2.78375
2015-03-11 10:30:00,4.4575
2015-03-12 10:30:00,2.915
2015-03-13 10:30:00,2.69
2015-03-14 10:30:00,2.22875
2015-03-15 10:30:00,2.665
2015-03-16 10:30:00,3.2775
2015-03-17 10:30:00,2.68125
2015-03-18 10:30:00,3.11
2015-03-19 10:30:00,4.0812497
2015-03-20 10:30:00,3.1375
2015-03-21 10:30:00,5.3925
2015-03-22 10:30:00,4.03
2015-03-23 10:30:00,1.97375
2015-03-24 10:30:00,1.83125
2015-03-25 10:30:00,2.62375
2015-03-26 10:30:00,3.45875
2015-03-27 10:30:00,2.705
2015-03-28 10:30:00,2.52375
2015-03-29 10:30:00,3.14625
2015-03-30 10:30:00,1.8125
2015-03-31 10:30:00,1.6800001
2015-04-01 10:30:00,2.175
2015-04-02 10:30:00,1.6262499
2015-04-03 10:30:00,1.83875
2015-04-04 10:30:00,1.66
2015-04-05 10:30:00,2.8975
2015-04-06 10:30:00,2.26375
2015-04-07 10:30:00,2.77125
2015-04-08 10:30:00,2.68625
2015-04-09 10:30:00,2.90375
2015-04-10 10:30:00,2.0075
2015-04-11 10:30:00,2.26125
2015-04-12 10:30:00,1.0125
2015-04-13 10:30:00,3.56875
2015-04-14 10:30:00,2.31
2015-04-15 10:30:00,4.69625
2015-04-16 10:30:00,2.7
2015-04-17 10:30:00,2.71125
2015-04-18 10:30:00,3.18
2015-04-19 10:30:00,4.50125
2015-04-20 10:30:00,3.6025
2015-04-21 10:30:00,3.1575
2015-04-22 10:30:00,3.795
2015-04-23 10:30:00,3.915
2015-04-24 10:30:00,2.52875
2015-04-25 10:30:00,2.50625
2015-04-26 10:30:00,1.98125
2015-04-27 10:30:00,1.73125
2015-04-28 10:30:00,1.7049999
2015-04-29 10:30:00,3.25875
2015-04-30 10:30:00,1.82875
2015-05-01 10:30:00,2.34125
2015-05-02 10:30:00,4.09875
2015-05-03 10:30:00,5.88875
2015-05-04 10:30:00,3.7475
2015-05-05 10:30:00,4.33125
2015-05-06 10:30:00,3.23625
2015-05-07 10:30:00,2.4525
2015-05-08 10:30:00,1.91625
2015-05-09 10:30:00,1.96625
2015-05-10 10:30:00,1.9125
2015-05-11 10:30:00,1.59875
2015-05-12 10:30:00,2.4625
2015-05-13 10:30:00,1.38125
2015-05-14 10:30:00,3.6275
2015-05-15 10:30:00,4.0125
2015-05-16 10:30:00,2.9975002
2015-05-17 10:30:00,1.98125
2015-05-18 10:30:00,1.76
2015-05-19 10:30:00,2.3425
2015-05-20 10:30:00,1.96375
2015-05-21 10:30:00,3.155
2015-05-22 10:30:00,2.6924999
2015-05-23 10:30:00,2.56
2015-05-24 10:30:00,3.01
2015-05-25 10:30:00,1.235
2015-05-26 10:30:00,1.84875
2015-05-27 10:30:00,0.9525
2015-05-28 10:30:00,1.66875
2015-05-29 10:30:00,3.705
2015-05-30 10:30:00,1.4875
2015-05-31 10:30:00,1.42625
2015-06-01 10:30:00,2.80375
2015-06-02 10:30:00,2.97875
2015-06-03 10:30:00,2.20375
2015-06-04 10:30:00,2.0125
2015-06-05 10:30:00,1.8412501
2015-06-06 10:30:00,2.09375
2015-06-07 10:30:00,2.43
2015-06-08 10:30:00,1.58
2015-06-09 10:30:00,0.645
2015-06-10 10:30:00,2.2949998
2015-06-11 10:30:00,1.41375
2015-06-12 10:30:00,2.0125
2015-06-13 10:30:00,1.3125
2015-06-14 10:30:00,1.1075
2015-06-15 10:30:00,1.87375
2015-06-16 10:30:00,2.95125
2015-06-17 10:30:00,2.9112499
2015-06-18 10:30:00,2.39875
2015-06-19 10:30:00,1.0975
2015-06-20 10:30:00,1.045
2015-06-21 10:30:00,2.09625
2015-06-22 10:30:00,1.70625
2015-06-23 10:30:00,1.4225
2015-06-24 10:30:00,2.0787501
2015-06-25 10:30:00,1.95375
2015-06-26 10:30:00,1.19875
2015-06-27 10:30:00,1.9375
2015-06-28 10:30:00,1.31125
2015-06-29 10:30:00,2.515
2015-06-30 10:30:00,1.45625
2015-07-01 10:30:00,2.02
2015-07-02 10:30:00,2.07875
2015-07-03 10:30:00,1.97375
2015-07-04 10:30:00,1.71
2015-07-05 10:30:00,2.0425
2015-07-06 10:30:00,1.535
2015-07-07 10:30:00,1.74
2015-07-08 10:30:00,1.6225
2015-07-09 10:30:00,1.61375
2015-07-10 10:30:00,1.55
2015-07-11 10:30:00,1.8175
2015-07-12 10:30:00,1.7574999
2015-07-13 10:30:00,2.07
2015-07-14 10:30:00,2.12875
2015-07-15 10:30:00,2.0625
2015-07-16 10:30:00,1.2112501
2015-07-17 10:30:00,1.22375
2015-07-18 10:30:00,1.3412501
2015-07-19 10:30:00,0.92375
2015-07-20 10:30:00,2.0675
2015-07-21 10:30:00,1.90125
2015-07-22 10:30:00,1.7162501
2015-07-23 10:30:00,2.05
2015-07-24 10:30:00,1.9075
2015-07-25 10:30:00,2.0975
2015-07-26 10:30:00,3.53375
2015-07-27 10:30:00,3.655
2015-07-28 10:30:00,1.4
2015-07-29 10:30:00,1.475
2015-07-30 10:30:00,2.07375
2015-07-31 10:30:00,1.1775
2015-08-01 10:30:00,2.38375
2015-08-02 10:30:00,3.7250001
2015-08-03 10:30:00,3.36625
2015-08-04 10:30:00,3.1737502
2015-08-05 10:30:00,1.295
2015-08-06 10:30:00,1.4025
2015-08-07 10:30:00,1.8025
2015-08-08 10:30:00,1.84625
2015-08-09 10:30:00,1.77
2015-08-10 10:30:00,2.17625
2015-08-11 10:30:00,1.5975001
2015-08-12 10:30:00,1.5550001
2015-08-13 10:30:00,1.48125
2015-08-14 10:30:00,1.3475
2015-08-15 10:30:00,1.485
2015-08-16 10:30:00,1.53375
2015-08-17 10:30:00,1.67625
2015-08-18 10:30:00,1.74625
2015-08-19 10:30:00,1.61375
2015-08-20 10:30:00,1.45625
2015-08-21 10:30:00,1.3575
2015-08-22 10:30:00,1.68375
2015-08-23 10:30:00,1.5562501
2015-08-24 10:30:00,1.46625
2015-08-25 10:30:00,1.645
2015-08-26 10:30:00,1.9475
2015-08-27 10:30:00,2.085
2015-08-28 10:30:00,1.4762499
2015-08-29 10:30:00,1.8575
2015-08-30 10:30:00,1.23375
2015-08-31 10:30:00,1.3525
2015-09-01 10:30:00,2.075
2015-09-02 10:30:00,1.9387499
2015-09-03 10:30:00,1.51875
2015-09-04 10:30:00,1.02
2015-09-05 10:30:00,1.14125
2015-09-06 10:30:00,1.87125
2015-09-07 10:30:00,1.415
2015-09-08 10:30:00,1.8774999
2015-09-09 10:30:00,2.7225
2015-09-10 10:30:00,2.9425
2015-09-11 10:30:00,2.4125
2015-09-12 10:30:00,2.22625
2015-09-13 10:30:00,1.7575
2015-09-14 10:30:00,1.71
2015-09-15 10:30:00,2.075
2015-09-16 10:30:00,1.8975
2015-09-17 10:30:00,1.57375
2015-09-18 10:30:00,1.68875
2015-09-19 10:30:00,1.71375
2015-09-20 10:30:00,2.14625
2015-09-21 10:30:00,1.39625
2015-09-22 10:30:00,1.305
2015-09-23 10:30:00,1.77
2015-09-24 10:30:00,1.98
2015-09-25 10:30:00,2.15875
2015-09-26 10:30:00,2.24375
2015-09-27 10:30:00,2.35125
2015-09-28 10:30:00,3.2637498
2015-09-29 10:30:00,1.67375
2015-09-30 10:30:00,3.3675
2015-10-01 10:30:00,5.13375
2015-10-02 10:30:00,6.195
2015-10-03 10:30:00,3.10375
2015-10-04 10:30:00,1.89625
2015-10-05 10:30:00,2.08375
2015-10-06 10:30:00,2.56
2015-10-07 10:30:00,3.755
2015-10-08 10:30:00,2.8374999
2015-10-09 10:30:00,2.1375
2015-10-10 10:30:00,2.16125
2015-10-11 10:30:00,3.24
2015-10-12 10:30:00,1.95125
2015-10-13 10:30:00,1.5949999
2015-10-14 10:30:00,2.09625
2015-10-15 10:30:00,1.79125
2015-10-16 10:30:00,2.655
2015-10-17 10:30:00,3.66125
2015-10-18 10:30:00,2.945
2015-10-19 10:30:00,4.34375
2015-10-20 10:30:00,1.6975
2015-10-21 10:30:00,3.1675
2015-10-22 10:30:00,2.16
2015-10-23 10:30:00,4.80375
2015-10-24 10:30:00,2.75375
2015-10-25 10:30:00,1.75
2015-10-26 10:30:00,5.12125
2015-10-27 10:30:00,5.22375
2015-10-28 10:30:00,5.205
2015-10-29 10:30:00,4.22625
2015-10-30 10:30:00,3.7925
2015-10-31 10:30:00,2.80125
2015-11-01 10:30:00,2.9575
2015-11-02 10:30:00,1.87375
2015-11-03 10:30:00,3.4299998
2015-11-04 10:30:00,4.8475
2015-11-05 10:30:00,2.945
2015-11-06 10:30:00,1.65125
2015-11-07 10:30:00,1.64375
2015-11-08 10:30:00,1.61625
2015-11-09 10:30:00,1.21375
2015-11-10 10:30:00,1.40625
2015-11-11 10:30:00,0.95875
2015-11-12 10:30:00,1.83625
2015-11-13 10:30:00,1.8725
2015-11-14 10:30:00,3.0125
2015-11-15 10:30:00,3.50125
2015-11-16 10:30:00,2.065
2015-11-17 10:30:00,1.85875
2015-11-18 10:30:00,1.35875
2015-11-19 10:30:00,0.97875
2015-11-20 10:30:00,1.52625
2015-11-21 10:30:00,2.4825
2015-11-22 10:30:00,1.99
2015-11-23 10:30:00,2.845
2015-11-24 10:30:00,1.55625
2015-11-25 10:30:00,2.11375
2015-11-26 10:30:00,1.4300001
2015-11-27 10:30:00,1.5825
2015-11-28 10:30:00,0.685
2015-11-29 10:30:00,2.3925
2015-11-30 10:30:00,1.5775
2015-12-01 10:30:00,1.4775
2015-12-02 10:30:00,1.12125
2015-12-03 10:30:00,4.26375
2015-12-04 10:30:00,3.885
2015-12-05 10:30:00,2.0149999
2015-12-06 10:30:00,0.93375
2015-12-07 10:30:00,0.75875
2015-12-08 10:30:00,2.305
2015-12-09 10:30:00,1.63625
2015-12-10 10:30:00,2.49125
2015-12-11 10:30:00,1.775
2015-12-12 10:30:00,1.64125
2015-12-13 10:30:00,1.20375
2015-12-14 10:30:00,2.22875
2015-12-15 10:30:00,2.51875
2015-12-16 10:30:00,3.225
2015-12-17 10:30:00,3.975
2015-12-18 10:30:00,1.92875
2015-12-19 10:30:00,1.69125
2015-12-20 10:30:00,0.9425
2015-12-21 10:30:00,1.605
2015-12-22 10:30:00,2.12625
2015-12-23 10:30:00,3.4125001
2015-12-24 10:30:00,1.845
2015-12-25 10:30:00,2.57625
2015-12-26 10:30:00,4.25375
2015-12-27 10:30:00,3.595
2015-12-28 10:30:00,2.8899999
2015-12-29 10:30:00,1.54875
2015-12-30 10:30:00,2.11875
2015-12-31 10:30:00,1.79125
2016-01-01 10:30:00,3.06125
2016-01-02 10:30:00,1.3975
2016-01-03 10:30:00,2.59
2016-01-04 10:30:00,4.18375
2016-01-05 10:30:00,2.0725
2016-01-06 10:30:00,4.0825
2016-01-07 10:30:00,2.87375
2016-01-08 10:30:00,2.13625
2016-01-09 10:30:00,3.32625
2016-01-10 10:30:00,3.9575
2016-01-11 10:30:00,4.39125
2016-01-12 10:30:00,2.5149999
2016-01-13 10:30:00,3.17
2016-01-14 10:30:00,1.30625
2016-01-15 10:30:00,1.63625
2016-01-16 10:30:00,2.53625
2016-01-17 10:30:00,3.26875
2016-01-18 10:30:00,2.8775
2016-01-19 10:30:00,1.7162501
2016-01-20 10:30:00,1.73125
2016-01-21 10:30:00,2.27375
2016-01-22 10:30:00,2.98125
2016-01-23 10:30:00,4.17375
2016-01-24 10:30:00,4.16625
2016-01-25 10:30:00,3.09
2016-01-26 10:30:00,3.545
2016-01-27 10:30:00,3.6799998
2016-01-28 10:30:00,2.61875
2016-01-29 10:30:00,2.43625
2016-01-30 10:30:00,2.235
2016-01-31 10:30:00,2.42
2016-02-01 10:30:00,3.86875
2016-02-02 10:30:00,2.2975001
2016-02-03 10:30:00,4.4875
2016-02-04 10:30:00,3.5325
2016-02-05 10:30:00,3.81125
2016-02-06 10:30:00,3.2925
2016-02-07 10:30:00,1.7737501
2016-02-08 10:30:00,2.09125
2016-02-09 10:30:00,0.92875
2016-02-10 10:30:00,1.18
2016-02-11 10:30:00,1.9475
2016-02-12 10:30:00,3.92375
2016-02-13 10:30:00,3.36625
2016-02-14 10:30:00,4.65125
2016-02-15 10:30:00,3.105
2016-02-16 10:30:00,3.49875
2016-02-17 10:30:00,2.63375
2016-02-18 10:30:00,3.0987499
2016-02-19 10:30:00,3.29
2016-02-20 10:30:00,3.3575
2016-02-21 10:30:00,3.395
2016-02-22 10:30:00,2.27125
2016-02-23 10:30:00,3.53
2016-02-24 10:30:00,2.52375
2016-02-25 10:30:00,2.58875
2016-02-26 10:30:00,1.8612499
2016-02-27 10:30:00,2.6075
2016-02-28 10:30:00,2.04125
2016-02-29 10:30:00,3.21625
2016-03-01 10:30:00,3.0862498
2016-03-02 10:30:00,2.05
2016-03-03 10:30:00,1.9325
2016-03-04 10:30:00,3.63875
2016-03-05 10:30:00,4.38375
2016-03-06 10:30:00,3.41375
2016-03-07 10:30:00,3.345
2016-03-08 10:30:00,3.84625
2016-03-09 10:30:00,3.195
2016-03-10 10:30:00,3.07
2016-03-11 10:30:00,3.05875
2016-03-12 10:30:00,4.37
2016-03-13 10:30:00,2.9325
2016-03-14 10:30:00,2.0887501
2016-03-15 10:30:00,3.6175
2016-03-16 10:30:00,2.29375
2016-03-17 10:30:00,4.84875
2016-03-18 10:30:00,3.15375
2016-03-19 10:30:00,2.7525
2016-03-20 10:30:00,2.5662498
2016-03-21 10:30:00,2.71125
2016-03-22 10:30:00,3.3225
2016-03-23 10:30:00,3.3425
2016-03-24 10:30:00,3.04125
2016-03-25 10:30:00,2.89875
2016-03-26 10:30:00,2.0375
2016-03-27 10:30:00,2.60625
2016-03-28 10:30:00,4.3375
2016-03-29 10:30:00,4.65875
2016-03-30 10:30:00,3.09125
2016-03-31 10:30:00,2.1712499
2016-04-01 10:30:00,7.1925
2016-04-02 10:30:00,6.76
2016-04-03 10:30:00,3.91875
2016-04-04 10:30:00,3.42375
2016-04-05 10:30:00,3.5175
2016-04-06 10:30:00,3.78
2016-04-07 10:30:00,5.90625
2016-04-08 10:30:00,6.5924997
2016-04-09 10:30:00,2.87625
2016-04-10 10:30:00,2.46875
2016-04-11 10:30:00,2.34875
2016-04-12 10:30:00,1.915
2016-04-13 10:30:00,1.96375
2016-04-14 10:30:00,2.18375
2016-04-15 10:30:00,3.2575
2016-04-16 10:30:00,1.9662501
2016-04-17 10:30:00,2.96125
2016-04-18 10:30:00,2.60375
2016-04-19 10:30:00,4.8825
2016-04-20 10:30:00,5.51375
2016-04-21 10:30:00,7.2374997
2016-04-22 10:30:00,5.1974998
2016-04-23 10:30:00,2.9025
2016-04-24 10:30:00,3.11
2016-04-25 10:30:00,1.7225
2016-04-26 10:30:00,3.38625
2016-04-27 10:30:00,2.24875
2016-04-28 10:30:00,2.05875
2016-04-29 10:30:00,1.98875
2016-04-30 10:30:00,3.415
2016-05-01 10:30:00,2.66875
2016-05-02 10:30:00,3.2050002
2016-05-03 10:30:00,4.22
2016-05-04 10:30:00,2.26125
2016-05-05 10:30:00,3.6375
2016-05-06 10:30:00,2.92
2016-05-07 10:30:00,3.80125
2016-05-08 10:30:00,3.71625
2016-05-09 10:30:00,2.78375
2016-05-10 10:30:00,3.15375
2016-05-11 10:30:00,3.4425
2016-05-12 10:30:00,4.27625
2016-05-13 10:30:00,3.04375
2016-05-14 10:30:00,4.735
2016-05-15 10:30:00,3.9675
2016-05-16 10:30:00,2.3825
2016-05-17 10:30:00,3.41625
2016-05-18 10:30:00,3.4612498
2016-05-19 10:30:00,2.75125
2016-05-20 10:30:00,3.71625
2016-05-21 10:30:00,2.32875
2016-05-22 10:30:00,1.6175
2016-05-23 10:30:00,2.93875
2016-05-24 10:30:00,1.2625
2016-05-25 10:30:00,2.93
2016-05-26 10:30:00,4.06875
2016-05-27 10:30:00,2.41875
2016-05-28 10:30:00,4.11625
2016-05-29 10:30:00,4.215
2016-05-30 10:30:00,4.14375
2016-05-31 10:30:00,3.09
2016-06-01 10:30:00,2.425
2016-06-02 10:30:00,2.00125
2016-06-03 10:30:00,1.9975
2016-06-04 10:30:00,1.9
2016-06-05 10:30:00,2.24625
2016-06-06 10:30:00,3.37625
2016-06-07 10:30:00,3.07375
2016-06-08 10:30:00,2.5725
2016-06-09 10:30:00,1.675
2016-06-10 10:30:00,2.16875
2016-06-11 10:30:00,1.425
2016-06-12 10:30:00,2.7675
2016-06-13 10:30:00,1.9975001
2016-06-14 10:30:00,2.275
2016-06-15 10:30:00,1.58875
2016-06-16 10:30:00,1.55875
2016-06-17 10:30:00,1.4
2016-06-18 10:30:00,1.55625
2016-06-19 10:30:00,1.76875
2016-06-20 10:30:00,2.03375
2016-06-21 10:30:00,2.0575
2016-06-22 10:30:00,2.04
2016-06-23 10:30:00,2.44875
2016-06-24 10:30:00,2.1725001
2016-06-25 10:30:00,2.23625
2016-06-26 10:30:00,1.56875
2016-06-27 10:30:00,1.9075
2016-06-28 10:30:00,1.5925
2016-06-29 10:30:00,1.75625
2016-06-30 10:30:00,2.0875
2016-07-01 10:30:00,1.74
2016-07-02 10:30:00,1.47875
2016-07-03 10:30:00,2.03875
2016-07-04 10:30:00,2.3425
2016-07-05 10:30:00,2.06125
2016-07-06 10:30:00,1.3362501
2016-07-07 10:30:00,1.47375
2016-07-08 10:30:00,1.2525
2016-07-09 10:30:00,1.90625
2016-07-10 10:30:00,4.67
2016-07-11 10:30:00,2.50125
2016-07-12 10:30:00,2.27125
2016-07-13 10:30:00,2.3675
2016-07-14 10:30:00,1.6525
2016-07-15 10:30:00,2.25875
2016-07-16 10:30:00,1.92125
2016-07-17 10:30:00,1.72
2016-07-18 10:30:00,2.64125
2016-07-19 10:30:00,1.37125
2016-07-20 10:30:00,1.22875
2016-07-21 10:30:00,1.31375
2016-07-22 10:30:00,1.8175
2016-07-23 10:30:00,2.58375
2016-07-24 10:30:00,3.345
2016-07-25 10:30:00,2.33875
2016-07-26 10:30:00,2.40375
2016-07-27 10:30:00,1.99375
2016-07-28 10:30:00,1.32125
2016-07-29 10:30:00,1.3525
2016-07-30 10:30:00,2.0275
2016-07-31 10:30:00,1.85125
2016-08-01 10:30:00,1.29625
2016-08-02 10:30:00,1.81
2016-08-03 10:30:00,1.63125
2016-08-04 10:30:00,3.04125
2016-08-05 10:30:00,2.35125
2016-08-06 10:30:00,2.71125
2016-08-07 10:30:00,2.09375
2016-08-08 10:30:00,1.6425
2016-08-09 10:30:00,1.01875
2016-08-10 10:30:00,2.2875
2016-08-11 10:30:00,2.2375
2016-08-12 10:30:00,3.015
2016-08-13 10:30:00,3.0900002
2016-08-14 10:30:00,2.15
2016-08-15 10:30:00,2.095
2016-08-16 10:30:00,1.68375
2016-08-17 10:30:00,2.0775
2016-08-18 10:30:00,1.83125
2016-08-19 10:30:00,2.03875
2016-08-20 10:30:00,1.8275
2016-08-21 10:30:00,1.65625
2016-08-22 10:30:00,1.85375
2016-08-23 10:30:00,1.54875
2016-08-24 10:30:00,2.5875
2016-08-25 10:30:00,3.8125
2016-08-26 10:30:00,2.62625
2016-08-27 10:30:00,2.1712499
2016-08-28 10:30:00,2.145
2016-08-29 10:30:00,2.2125
2016-08-30 10:30:00,1.7412499
2016-08-31 10:30:00,2.3325
2016-09-01 10:30:00,1.39625
2016-09-02 10:30:00,0.87125003
2016-09-03 10:30:00,1.9825
2016-09-04 10:30:00,1.03125
2016-09-05 10:30:00,0.9225
2016-09-06 10:30:00,1.42625
2016-09-07 10:30:00,1.485
2016-09-08 10:30:00,1.7975
2016-09-09 10:30:00,1.43875
2016-09-10 10:30:00,2.04125
2016-09-11 10:30:00,1.77125
2016-09-12 10:30:00,0.63875
2016-09-13 10:30:00,1.96
2016-09-14 10:30:00,1.3025
2016-09-15 10:30:00,3.0625
2016-09-16 10:30:00,2.19625
2016-09-17 10:30:00,1.32875
2016-09-18 10:30:00,2.12125
2016-09-19 10:30:00,2.74625
2016-09-20 10:30:00,2.0925
2016-09-21 10:30:00,2.18375
2016-09-22 10:30:00,1.11375
2016-09-23 10:30:00,1.1225001
2016-09-24 10:30:00,3.2675
2016-09-25 10:30:00,2.4175
2016-09-26 10:30:00,2.43125
2016-09-27 10:30:00,1.62625
2016-09-28 10:30:00,2.0875
2016-09-29 10:30:00,2.125
2016-09-30 10:30:00,1.5925001
2016-10-01 10:30:00,3.5075
2016-10-02 10:30:00,1.78125
2016-10-03 10:30:00,1.90625
2016-10-04 10:30:00,1.22375
2016-10-05 10:30:00,2.24625
2016-10-06 10:30:00,2.53875
2016-10-07 10:30:00,0.89125
2016-10-08 10:30:00,3.0075
2016-10-09 10:30:00,2.8912501
2016-10-10 10:30:00,1.93625
2016-10-11 10:30:00,2.29125
2016-10-12 10:30:00,2.06375
2016-10-13 10:30:00,1.735
2016-10-14 10:30:00,1.98875
2016-10-15 10:30:00,2.77875
2016-10-16 10:30:00,4.82625
2016-10-17 10:30:00,2.38625
2016-10-18 10:30:00,2.62
2016-10-19 10:30:00,2.46875
2016-10-20 10:30:00,2.80625
2016-10-21 10:30:00,1.84625
2016-10-22 10:30:00,1.98125
2016-10-23 10:30:00,1.49
2016-10-24 10:30:00,2.5275
2016-10-25 10:30:00,3.47375
2016-10-26 10:30:00,2.00625
2016-10-27 10:30:00,3.10125
2016-10-28 10:30:00,3.09375
2016-10-29 10:30:00,2.34
2016-10-30 10:30:00,4.0099998
2016-10-31 10:30:00,2.93
2016-11-01 10:30:00,1.8662499
2016-11-02 10:30:00,2.1712499
2016-11-03 10:30:00,2.4075
2016-11-04 10:30:00,1.57875
2016-11-05 10:30:00,1.2525
2016-11-06 10:30:00,1.86
2016-11-07 10:30:00,2.03875
2016-11-08 10:30:00,2.74
2016-11-09 10:30:00,1.20875
2016-11-10 10:30:00,0.95125
2016-11-11 10:30:00,2.30875
2016-11-12 10:30:00,1.2875
2016-11-13 10:30:00,0.78125
2016-11-14 10:30:00,2.8275
2016-11-15 10:30:00,1.5975
2016-11-16 10:30:00,0.94625
2016-11-17 10:30:00,2.05875
2016-11-18 10:30:00,1.77125
2016-11-19 10:30:00,2.33625
2016-11-20 10:30:00,3.89375
2016-11-21 10:30:00,3.30875
2016-11-22 10:30:00,3.055
2016-11-23 10:30:00,2.39625
2016-11-24 10:30:00,1.5437499
2016-11-25 10:30:00,0.7425
2016-11-26 10:30:00,1.8975
2016-11-27 10:30:00,2.23125
2016-11-28 10:30:00,2.4075
2016-11-29 10:30:00,1.32125
2016-11-30 10:30:00,4.08
2016-12-01 10:30:00,3.02125
2016-12-02 10:30:00,1.27125
2016-12-03 10:30:00,2.74375
2016-12-04 10:30:00,2.51
2016-12-05 10:30:00,2.3825
2016-12-06 10:30:00,0.69375
2016-12-07 10:30:00,1.93125
2016-12-08 10:30:00,2.71625
2016-12-09 10:30:00,2.47875
2016-12-10 10:30:00,2.06
2016-12-11 10:30:00,1.8575001
2016-12-12 10:30:00,3.5249999
2016-12-13 10:30:00,2.9425
2016-12-14 10:30:00,1.11625
2016-12-15 10:30:00,3.9924998
2016-12-16 10:30:00,2.28
2016-12-17 10:30:00,2.35625
2016-12-18 10:30:00,1.84875
2016-12-19 10:30:00,0.7925
2016-12-20 10:30:00,1.6850001
2016-12-21 10:30:00,1.47
2016-12-22 10:30:00,3.1799998
2016-12-23 10:30:00,1.86
2016-12-24 10:30:00,1.49375
2016-12-25 10:30:00,3.1775
2016-12-26 10:30:00,4.1825
2016-12-27 10:30:00,2.39875
2016-12-28 10:30:00,4.37
2016-12-29 10:30:00,1.6437501
2016-12-30 10:30:00,2.20125
2016-12-31 10:30:00,1.8824999
2017-01-01 10:30:00,2.47
2017-01-02 10:30:00,2.45625
2017-01-03 10:30:00,3.22125
2017-01-04 10:30:00,0.84749997
2017-01-05 10:30:00,1.495
2017-01-06 10:30:00,1.9275
2017-01-07 10:30:00,1.6675
2017-01-08 10:30:00,3.87625
2017-01-09 10:30:00,4.715
2017-01-10 10:30:00,3.42875
2017-01-11 10:30:00,3.37125
2017-01-12 10:30:00,4.17
2017-01-13 10:30:00,3.1174998
2017-01-14 10:30:00,3.13375
2017-01-15 10:30:00,2.3
2017-01-16 10:30:00,0.58
2017-01-17 10:30:00,1.77625
2017-01-18 10:30:00,3.50625
2017-01-19 10:30:00,3.58125
2017-01-20 10:30:00,1.9775
2017-01-21 10:30:00,2.63125
2017-01-22 10:30:00,3.1912498
2017-01-23 10:30:00,2.54125
2017-01-24 10:30:00,1.79
2017-01-25 10:30:00,1.4449999
2017-01-26 10:30:00,4.0825
2017-01-27 10:30:00,2.17375
2017-01-28 10:30:00,1.53
2017-01-29 10:30:00,2.77375
2017-01-30 10:30:00,4.01375
2017-01-31 10:30:00,4.0475
2017-02-01 10:30:00,4.09125
2017-02-02 10:30:00,3.5775
2017-02-03 10:30:00,2.43
2017-02-04 10:30:00,2.335
2017-02-05 10:30:00,2.75625
2017-02-06 10:30:00,3.50375
2017-02-07 10:30:00,2.5875
2017-02-08 10:30:00,3.68125
2017-02-09 10:30:00,2.07625
2017-02-10 10:30:00,3.12125
2017-02-11 10:30:00,3.34625
2017-02-12 10:30:00,2.545
2017-02-13 10:30:00,2.8225
2017-02-14 10:30:00,2.215
2017-02-15 10:30:00,3.85875
2017-02-16 10:30:00,4.965
2017-02-17 10:30:00,2.8275
2017-02-18 10:30:00,2.53125
2017-02-19 10:30:00,2.465
2017-02-20 10:30:00,3.145
2017-02-21 10:30:00,1.69125
2017-02-22 10:30:00,3.41625
2017-02-23 10:30:00,2.8387501
2017-02-24 10:30:00,2.6475
2017-02-25 10:30:00,3.62625
2017-02-26 10:30:00,2.44125
2017-02-27 10:30:00,2.40625
2017-02-28 10:30:00,2.9875
2017-03-01 10:30:00,3.19125
2017-03-02 10:30:00,2.68375
2017-03-03 10:30:00,2.4725
2017-03-04 10:30:00,2.2275
2017-03-05 10:30:00,3.2175
2017-03-06 10:30:00,2.82625
2017-03-07 10:30:00,3.4424999
2017-03-08 10:30:00,3.9675
2017-03-09 10:30:00,3.5025
2017-03-10 10:30:00,2.25125
2017-03-11 10:30:00,4.37125
2017-03-12 10:30:00,3.31125
2017-03-13 10:30:00,2.6125
2017-03-14 10:30:00,2.605
2017-03-15 10:30:00,2.86875
2017-03-16 10:30:00,1.37125
2017-03-17 10:30:00,1.75875
2017-03-18 10:30:00,4.3725
2017-03-19 10:30:00,2.7725
2017-03-20 10:30:00,2.78
2017-03-21 10:30:00,3.22625
2017-03-22 10:30:00,3.01125
2017-03-23 10:30:00,2.4725
2017-03-24 10:30:00,2.2275
2017-03-25 10:30:00,3.03375
2017-03-26 10:30:00,1.99875
2017-03-27 10:30:00,2.79375
2017-03-28 10:30:00,3.1575
2017-03-29 10:30:00,2.42625
2017-03-30 10:30:00,3.22375
2017-03-31 10:30:00,2.85875
2017-04-01 10:30:00,2.63625
2017-04-02 10:30:00,3.415
2017-04-03 10:30:00,3.01875
2017-04-04 10:30:00,2.6712499
2017-04-05 10:30:00,3.9025
2017-04-06 10:30:00,2.22875
2017-04-07 10:30:00,3.7224998
2017-04-08 10:30:00,3.80125
2017-04-09 10:30:00,3.31625
2017-04-10 10:30:00,4.58875
2017-04-11 10:30:00,5.2725
2017-04-12 10:30:00,3.30125
2017-04-13 10:30:00,3.67
2017-04-14 10:30:00,4.39125
2017-04-15 10:30:00,5.6525
2017-04-16 10:30:00,3.1712499
2017-04-17 10:30:00,2.99625
2017-04-18 10:30:00,3.46625
2017-04-19 10:30:00,2.7475
2017-04-20 10:30:00,2.02125
2017-04-21 10:30:00,3.1825
2017-04-22 10:30:00,5.085
2017-04-23 10:30:00,3.8175
2017-04-24 10:30:00,2.8675
2017-04-25 10:30:00,3.38875
2017-04-26 10:30:00,4.0525
2017-04-27 10:30:00,3.48125
2017-04-28 10:30:00,3.67375
2017-04-29 10:30:00,5.80875
2017-04-30 10:30:00,2.60375
2017-05-01 10:30:00,3.3125
2017-05-02 10:30:00,6.2200003
2017-05-03 10:30:00,7.5375
2017-05-04 10:30:00,5.625
2017-05-05 10:30:00,6.3575
2017-05-06 10:30:00,7.15875
2017-05-07 10:30:00,4.10125
2017-05-08 10:30:00,3.73
2017-05-09 10:30:00,4.06625
2017-05-10 10:30:00,2.07625
2017-05-11 10:30:00,3.66
2017-05-12 10:30:00,2.5875
2017-05-13 10:30:00,2.665
2017-05-14 10:30:00,2.6825
2017-05-15 10:30:00,2.525
2017-05-16 10:30:00,2.05
2017-05-17 10:30:00,2.69625
2017-05-18 10:30:00,4.7875
2017-05-19 10:30:00,3.055
2017-05-20 10:30:00,3.18875
2017-05-21 10:30:00,1.22125
2017-05-22 10:30:00,2.11375
2017-05-23 10:30:00,4.1275
2017-05-24 10:30:00,3.36375
2017-05-25 10:30:00,1.6475
2017-05-26 10:30:00,2.99875
2017-05-27 10:30:00,3.2125
2017-05-28 10:30:00,5.25
2017-05-29 10:30:00,4.93
2017-05-30 10:30:00,3.7237499
2017-05-31 10:30:00,2.67
2017-06-01 10:30:00,2.4125
2017-06-02 10:30:00,3.05125
2017-06-03 10:30:00,2.27125
2017-06-04 10:30:00,2.41875
2017-06-05 10:30:00,1.94125
2017-06-06 10:30:00,3.26375
2017-06-07 10:30:00,3.12125
2017-06-08 10:30:00,3.445
2017-06-09 10:30:00,4.33625
2017-06-10 10:30:00,3.1937501
2017-06-11 10:30:00,2.68125
2017-06-12 10:30:00,1.58125
2017-06-13 10:30:00,3.04375
2017-06-14 10:30:00,2.52
2017-06-15 10:30:00,2.2275
2017-06-16 10:30:00,2.04875
2017-06-17 10:30:00,2.1625
2017-06-18 10:30:00,3.0062501
2017-06-19 10:30:00,2.6775
2017-06-20 10:30:00,2.14625
2017-06-21 10:30:00,2.62875
2017-06-22 10:30:00,2.80375
2017-06-23 10:30:00,2.05
2017-06-24 10:30:00,2.30625
2017-06-25 10:30:00,1.59875
2017-06-26 10:30:00,1.6825
2017-06-27 10:30:00,2.21625
2017-06-28 10:30:00,1.77
2017-06-29 10:30:00,1.8562499
2017-06-30 10:30:00,2.345
2017-07-01 10:30:00,2.01875
2017-07-02 10:30:00,1.6525
2017-07-03 10:30:00,2.46875
2017-07-04 10:30:00,2.65875
2017-07-05 10:30:00,2.67625
2017-07-06 10:30:00,2.85375
2017-07-07 10:30:00,2.9012501
2017-07-08 10:30:00,2.30375
2017-07-09 10:30:00,2.15125
2017-07-10 10:30:00,2.21
2017-07-11 10:30:00,2.5037498
2017-07-12 10:30:00,1.7975
2017-07-13 10:30:00,3.07125
2017-07-14 10:30:00,3.18375
2017-07-15 10:30:00,1.9375
2017-07-16 10:30:00,2.31
2017-07-17 10:30:00,1.985
2017-07-18 10:30:00,2.49875
2017-07-19 10:30:00,1.24875
2017-07-20 10:30:00,1.98875
2017-07-21 10:30:00,2.19875
2017-07-22 10:30:00,2.5175002
2017-07-23 10:30:00,1.87
2017-07-24 10:30:00,3.0325
2017-07-25 10:30:00,1.215
2017-07-26 10:30:00,2.73
2017-07-27 10:30:00,1.8787501
2017-07-28 10:30:00,1.90625
2017-07-29 10:30:00,1.5225
2017-07-30 10:30:00,1.67625
2017-07-31 10:30:00,1.7225001
2017-08-01 10:30:00,1.9125
2017-08-02 10:30:00,1.66125
2017-08-03 10:30:00,1.22375
2017-08-04 10:30:00,1.29375
2017-08-05 10:30:00,1.5075
2017-08-06 10:30:00,1.08625
2017-08-07 10:30:00,1.57375
2017-08-08 10:30:00,0.96375
2017-08-09 10:30:00,1.05375
2017-08-10 10:30:00,0.83
2017-08-11 10:30:00,1.64375
2017-08-12 10:30:00,2.1075
2017-08-13 10:30:00,2.0275
2017-08-14 10:30:00,1.81
2017-08-15 10:30:00,1.42125
2017-08-16 10:30:00,1.6012499
2017-08-17 10:30:00,1.67375
2017-08-18 10:30:00,1.5525
2017-08-19 10:30:00,1.4775
2017-08-20 10:30:00,1.98
2017-08-21 10:30:00,2.5225
2017-08-22 10:30:00,2.2025
2017-08-23 10:30:00,2.40375
2017-08-24 10:30:00,6.11
2017-08-25 10:30:00,4.39125
2017-08-26 10:30:00,2.695
2017-08-27 10:30:00,3.29
2017-08-28 10:30:00,4.55875
2017-08-29 10:30:00,5.18375
2017-08-30 10:30:00,2.72125
2017-08-31 10:30:00,2.43125
2017-09-01 10:30:00,1.68875
2017-09-02 10:30:00,2.42375
2017-09-03 10:30:00,2.03375
2017-09-04 10:30:00,2.085
2017-09-05 10:30:00,2.4637501
2017-09-06 10:30:00,2.3999999
2017-09-07 10:30:00,2.58125
2017-09-08 10:30:00,1.63875
2017-09-09 10:30:00,1.675
2017-09-10 10:30:00,2.53375
2017-09-11 10:30:00,4.79125
2017-09-12 10:30:00,3.0725
2017-09-13 10:30:00,2.02875
2017-09-14 10:30:00,1.67375
2017-09-15 10:30:00,1.77125
2017-09-16 10:30:00,2.155
2017-09-17 10:30:00,2.18
2017-09-18 10:30:00,2.1825
2017-09-19 10:30:00,2.44375
2017-09-20 10:30:00,1.58625
2017-09-21 10:30:00,3.10125
2017-09-22 10:30:00,2.9275
2017-09-23 10:30:00,2.6825001
2017-09-24 10:30:00,2.585
2017-09-25 10:30:00,2.63125
2017-09-26 10:30:00,4.03
2017-09-27 10:30:00,3.44875
2017-09-28 10:30:00,4.36
2017-09-29 10:30:00,4.5925
2017-09-30 10:30:00,3.26875
2017-10-01 10:30:00,5.09875
2017-10-02 10:30:00,3.37875
2017-10-03 10:30:00,2.67375
2017-10-04 10:30:00,2.5825
2017-10-05 10:30:00,2.0025
2017-10-06 10:30:00,2.99
2017-10-07 10:30:00,2.96625
2017-10-08 10:30:00,1.1825
2017-10-09 10:30:00,2.135
2017-10-10 10:30:00,1.39125
2017-10-11 10:30:00,1.8037499
2017-10-12 10:30:00,1.7887499
2017-10-13 10:30:00,2.7762501
2017-10-14 10:30:00,2.5175
2017-10-15 10:30:00,1.50375
2017-10-16 10:30:00,3.03875
2017-10-17 10:30:00,2.54125
2017-10-18 10:30:00,2.21375
2017-10-19 10:30:00,1.4225
2017-10-20 10:30:00,2.91
2017-10-21 10:30:00,1.87125
2017-10-22 10:30:00,1.45375
2017-10-23 10:30:00,1.30625
2017-10-24 10:30:00,2.46375
2017-10-25 10:30:00,1.52125
2017-10-26 10:30:00,1.71625
2017-10-27 10:30:00,3.19375
2017-10-28 10:30:00,4.9775
2017-10-29 10:30:00,4.06625
2017-10-30 10:30:00,1.9075
2017-10-31 10:30:00,3.8425
2017-11-01 10:30:00,3.3225
2017-11-02 10:30:00,2.3625
2017-11-03 10:30:00,3.17875
2017-11-04 10:30:00,2.14125
2017-11-05 10:30:00,2.8300002
2017-11-06 10:30:00,1.22375
2017-11-07 10:30:00,1.5799999
2017-11-08 10:30:00,1.87625
2017-11-09 10:30:00,2.4625
2017-11-10 10:30:00,3.835
2017-11-11 10:30:00,1.87125
2017-11-12 10:30:00,2.46125
2017-11-13 10:30:00,4.1237497
2017-11-14 10:30:00,4.14875
2017-11-15 10:30:00,3.75125
2017-11-16 10:30:00,2.58125
2017-11-17 10:30:00,3.5025
2017-11-18 10:30:00,2.9850001
2017-11-19 10:30:00,1.6999999
2017-11-20 10:30:00,2.17
2017-11-21 10:30:00,3.6612499
2017-11-22 10:30:00,3.31125
2017-11-23 10:30:00,3.01625
2017-11-24 10:30:00,1.9875001
2017-11-25 10:30:00,2.69
2017-11-26 10:30:00,2.41375
2017-11-27 10:30:00,4.4825
2017-11-28 10:30:00,6.09125
2017-11-29 10:30:00,4.22125
2017-11-30 10:30:00,2.3025
2017-12-01 10:30:00,2.7537498
2017-12-02 10:30:00,1.6324999
2017-12-03 10:30:00,2.14625
2017-12-04 10:30:00,2.9424999
2017-12-05 10:30:00,1.07625
2017-12-06 10:30:00,1.7837499
2017-12-07 10:30:00,3.0
2017-12-08 10:30:00,1.90625
2017-12-09 10:30:00,3.0625
2017-12-10 10:30:00,2.92375
2017-12-11 10:30:00,4.49875
2017-12-12 10:30:00,3.89625
2017-12-13 10:30:00,2.54125
2017-12-14 10:30:00,2.36
2017-12-15 10:30:00,3.8175
2017-12-16 10:30:00,3.21625
2017-12-17 10:30:00,1.8262501
2017-12-18 10:30:00,3.17125
2017-12-19 10:30:00,1.7937499
2017-12-20 10:30:00,1.82375
2017-12-21 10:30:00,1.48875
2017-12-22 10:30:00,3.1924999
2017-12-23 10:30:00,2.72625
2017-12-24 10:30:00,2.9325001
2017-12-25 10:30:00,3.31125
2017-12-26 10:30:00,3.87625
2017-12-27 10:30:00,1.755
2017-12-28 10:30:00,1.28125
2017-12-29 10:30:00,1.3874999
2017-12-30 10:30:00,2.1325
2017-12-31 10:30:00,2.29875
2018-01-01 10:30:00,3.9225001
2018-01-02 10:30:00,2.84125
2018-01-03 10:30:00,3.68
2018-01-04 10:30:00,4.21875
2018-01-05 10:30:00,4.1725
2018-01-06 10:30:00,3.665
2018-01-07 10:30:00,3.5262501
2018-01-08 10:30:00,1.88875
2018-01-09 10:30:00,2.37625
2018-01-10 10:30:00,2.3025
2018-01-11 10:30:00,2.32
2018-01-12 10:30:00,1.70375
2018-01-13 10:30:00,2.08125
2018-01-14 10:30:00,2.93625
2018-01-15 10:30:00,1.7012501
2018-01-16 10:30:00,1.27625
2018-01-17 10:30:00,3.58125
2018-01-18 10:30:00,2.68625
2018-01-19 10:30:00,3.90625
2018-01-20 10:30:00,3.96875
2018-01-21 10:30:00,4.00125
2018-01-22 10:30:00,3.72625
2018-01-23 10:30:00,3.0525
2018-01-24 10:30:00,2.18125
2018-01-25 10:30:00,3.105
2018-01-26 10:30:00,3.13875
2018-01-27 10:30:00,5.1025
2018-01-28 10:30:00,3.84125
2018-01-29 10:30:00,3.2775
2018-01-30 10:30:00,2.86875
2018-01-31 10:30:00,2.1225
2018-02-01 10:30:00,3.7012498
2018-02-02 10:30:00,2.81125
2018-02-03 10:30:00,3.29875
2018-02-04 10:30:00,2.285
2018-02-05 10:30:00,3.17125
2018-02-06 10:30:00,2.13125
2018-02-07 10:30:00,2.9875
2018-02-08 10:30:00,2.17125
2018-02-09 10:30:00,3.10125
2018-02-10 10:30:00,4.26
2018-02-11 10:30:00,3.44375
2018-02-12 10:30:00,3.38875
2018-02-13 10:30:00,2.635
2018-02-14 10:30:00,3.3775
2018-02-15 10:30:00,3.31
2018-02-16 10:30:00,3.62
2018-02-17 10:30:00,2.705
2018-02-18 10:30:00,3.16625
2018-02-19 10:30:00,3.4675
2018-02-20 10:30:00,3.4525
2018-02-21 10:30:00,2.9099998
2018-02-22 10:30:00,2.75875
2018-02-23 10:30:00,3.29125
2018-02-24 10:30:00,2.5900002
2018-02-25 10:30:00,2.06125
2018-02-26 10:30:00,1.05125
2018-02-27 10:30:00,1.63875
2018-02-28 10:30:00,2.08375
2018-03-01 10:30:00,3.6525
2018-03-02 10:30:00,2.145
2018-03-03 10:30:00,3.67
2018-03-04 10:30:00,3.2075
2018-03-05 10:30:00,4.00625
2018-03-06 10:30:00,1.5725
2018-03-07 10:30:00,2.48125
2018-03-08 10:30:00,3.3075
2018-03-09 10:30:00,2.49875
2018-03-10 10:30:00,2.17625
2018-03-11 10:30:00,2.1775
2018-03-12 10:30:00,2.795
2018-03-13 10:30:00,2.37125
2018-03-14 10:30:00,2.76875
2018-03-15 10:30:00,2.46
2018-03-16 10:30:00,2.8775
2018-03-17 10:30:00,3.7325
2018-03-18 10:30:00,3.87375
2018-03-19 10:30:00,1.9175
2018-03-20 10:30:00,1.665
2018-03-21 10:30:00,2.4112499
2018-03-22 10:30:00,2.97625
2018-03-23 10:30:00,3.48375
2018-03-24 10:30:00,2.94875
2018-03-25 10:30:00,2.18125
2018-03-26 10:30:00,3.40875
2018-03-27 10:30:00,6.4975
2018-03-28 10:30:00,3.88375
2018-03-29 10:30:00,2.4012501
2018-03-30 10:30:00,2.12625
2018-03-31 10:30:00,2.4275
2018-04-01 10:30:00,3.57625
2018-04-02 10:30:00,5.0025
2018-04-03 10:30:00,5.00625
2018-04-04 10:30:00,1.37875
2018-04-05 10:30:00,3.08
2018-04-06 10:30:00,4.15
2018-04-07 10:30:00,3.78625
2018-04-08 10:30:00,3.635
2018-04-09 10:30:00,2.7562501
2018-04-10 10:30:00,3.77875
2018-04-11 10:30:00,6.70875
2018-04-12 10:30:00,3.4637501
2018-04-13 10:30:00,1.89875
2018-04-14 10:30:00,2.835
2018-04-15 10:30:00,2.3075
2018-04-16 10:30:00,2.5975
2018-04-17 10:30:00,3.625
2018-04-18 10:30:00,2.78875
2018-04-19 10:30:00,2.45125
2018-04-20 10:30:00,2.11625
2018-04-21 10:30:00,1.97125
2018-04-22 10:30:00,1.8050001
2018-04-23 10:30:00,2.4125
2018-04-24 10:30:00,4.24125
2018-04-25 10:30:00,3.29875
2018-04-26 10:30:00,3.1125
2018-04-27 10:30:00,2.41375
2018-04-28 10:30:00,2.96125
2018-04-29 10:30:00,3.6212502
2018-04-30 10:30:00,2.4875
2018-05-01 10:30:00,2.93625
2018-05-02 10:30:00,2.9862502
2018-05-03 10:30:00,3.1675
2018-05-04 10:30:00,4.875
2018-05-05 10:30:00,5.96625
2018-05-06 10:30:00,4.99625
2018-05-07 10:30:00,3.345
2018-05-08 10:30:00,3.105
2018-05-09 10:30:00,3.25875
2018-05-10 10:30:00,3.855
2018-05-11 10:30:00,2.9437501
2018-05-12 10:30:00,2.4525
2018-05-13 10:30:00,3.4
2018-05-14 10:30:00,2.75625
2018-05-15 10:30:00,2.79
2018-05-16 10:30:00,2.56625
2018-05-17 10:30:00,2.58
2018-05-18 10:30:00,1.69875
2018-05-19 10:30:00,2.7625
2018-05-20 10:30:00,1.865
2018-05-21 10:30:00,2.55125
2018-05-22 10:30:00,2.77125
2018-05-23 10:30:00,2.43
2018-05-24 10:30:00,2.2925
2018-05-25 10:30:00,1.6775
2018-05-26 10:30:00,2.7124999
2018-05-27 10:30:00,2.0362499
2018-05-28 10:30:00,1.48125
2018-05-29 10:30:00,1.8824999
2018-05-30 10:30:00,2.535
2018-05-31 10:30:00,2.12375
2018-06-01 10:30:00,3.6825
2018-06-02 10:30:00,2.83875
2018-06-03 10:30:00,3.84875
2018-06-04 10:30:00,3.21375
2018-06-05 10:30:00,3.45875
2018-06-06 10:30:00,3.1775
2018-06-07 10:30:00,1.98
2018-06-08 10:30:00,2.64375
2018-06-09 10:30:00,2.19875
2018-06-10 10:30:00,2.49125
2018-06-11 10:30:00,1.6237501
2018-06-12 10:30:00,2.4775
2018-06-13 10:30:00,1.71
2018-06-14 10:30:00,2.64
2018-06-15 10:30:00,2.81375
2018-06-16 10:30:00,3.2
2018-06-17 10:30:00,1.52875
2018-06-18 10:30:00,1.86875
2018-06-19 10:30:00,2.8725
2018-06-20 10:30:00,3.4850001
2018-06-21 10:30:00,1.96
2018-06-22 10:30:00,1.80875
2018-06-23 10:30:00,2.49875
2018-06-24 10:30:00,2.4175
2018-06-25 10:30:00,2.04
2018-06-26 10:30:00,1.6274999
2018-06-27 10:30:00,2.13125
2018-06-28 10:30:00,2.9025
2018-06-29 10:30:00,2.54125
2018-06-30 10:30:00,2.2925
2018-07-01 10:30:00,2.6025
2018-07-02 10:30:00,2.5049999
2018-07-03 10:30:00,2.24375
2018-07-04 10:30:00,1.18625
2018-07-05 10:30:00,1.0525
2018-07-06 10:30:00,2.635
2018-07-07 10:30:00,1.9225
2018-07-08 10:30:00,2.36625
2018-07-09 10:30:00,2.78125
2018-07-10 10:30:00,1.965
2018-07-11 10:30:00,2.04375
2018-07-12 10:30:00,2.24125
2018-07-13 10:30:00,2.73625
2018-07-14 10:30:00,2.69625
2018-07-15 10:30:00,1.94625
2018-07-16 10:30:00,1.0975
2018-07-17 10:30:00,1.9562501
2018-07-18 10:30:00,1.3525
2018-07-19 10:30:00,2.20125
2018-07-20 10:30:00,1.7575
2018-07-21 10:30:00,2.46
2018-07-22 10:30:00,2.29375
2018-07-23 10:30:00,2.32375
2018-07-24 10:30:00,1.9525
2018-07-25 10:30:00,1.54
2018-07-26 10:30:00,1.20125
2018-07-27 10:30:00,1.35625
2018-07-28 10:30:00,1.5799999
2018-07-29 10:30:00,1.7275
2018-07-30 10:30:00,1.72625
2018-07-31 10:30:00,3.1875
2018-08-01 10:30:00,1.5875
2018-08-02 10:30:00,2.6075
2018-08-03 10:30:00,2.6
2018-08-04 10:30:00,0.5475
2018-08-05 10:30:00,1.7875
2018-08-06 10:30:00,1.4575
2018-08-07 10:30:00,1.0425
2018-08-08 10:30:00,2.455
2018-08-09 10:30:00,1.91125
2018-08-10 10:30:00,1.36375
2018-08-11 10:30:00,1.47
2018-08-12 10:30:00,1.0725
2018-08-13 10:30:00,1.40125
2018-08-14 10:30:00,1.2575
2018-08-15 10:30:00,1.9399999
2018-08-16 10:30:00,1.61
2018-08-17 10:30:00,2.1225
2018-08-18 10:30:00,2.1875
2018-08-19 10:30:00,1.82875
2018-08-20 10:30:00,1.79
2018-08-21 10:30:00,2.7537498
2018-08-22 10:30:00,2.01375
2018-08-23 10:30:00,1.75625
2018-08-24 10:30:00,2.16625
2018-08-25 10:30:00,1.13875
2018-08-26 10:30:00,1.79
2018-08-27 10:30:00,1.005
2018-08-28 10:30:00,1.2925
2018-08-29 10:30:00,1.38375
2018-08-30 10:30:00,1.96375
2018-08-31 10:30:00,1.465
2018-09-01 10:30:00,1.67625
2018-09-02 10:30:00,2.3899999
2018-09-03 10:30:00,4.26
2018-09-04 10:30:00,3.87875
2018-09-05 10:30:00,2.67375
2018-09-06 10:30:00,2.96
2018-09-07 10:30:00,2.515
2018-09-08 10:30:00,2.205
2018-09-09 10:30:00,1.94875
2018-09-10 10:30:00,1.91625
2018-09-11 10:30:00,3.31375
2018-09-12 10:30:00,2.435
2018-09-13 10:30:00,2.6299999
2018-09-14 10:30:00,2.82375
2018-09-15 10:30:00,3.7375
2018-09-16 10:30:00,3.1499999
2018-09-17 10:30:00,2.31
2018-09-18 10:30:00,1.3625
2018-09-19 10:30:00,1.35625
2018-09-20 10:30:00,2.84125
2018-09-21 10:30:00,2.63875
2018-09-22 10:30:00,1.72375
2018-09-23 10:30:00,2.265
2018-09-24 10:30:00,2.01375
2018-09-25 10:30:00,1.9025
2018-09-26 10:30:00,1.45375
2018-09-27 10:30:00,3.72125
2018-09-28 10:30:00,2.165
2018-09-29 10:30:00,1.6175
2018-09-30 10:30:00,1.7312499
2018-10-01 10:30:00,2.37875
2018-10-02 10:30:00,2.53875
2018-10-03 10:30:00,1.88625
2018-10-04 10:30:00,2.805
2018-10-05 10:30:00,2.1025
2018-10-06 10:30:00,2.77375
2018-10-07 10:30:00,2.54625
2018-10-08 10:30:00,2.77875
2018-10-09 10:30:00,1.71125
2018-10-10 10:30:00,2.63875
2018-10-11 10:30:00,1.885
2018-10-12 10:30:00,1.7175
2018-10-13 10:30:00,2.51125
2018-10-14 10:30:00,3.1087499
2018-10-15 10:30:00,2.55
2018-10-16 10:30:00,2.395
2018-10-17 10:30:00,1.71625
2018-10-18 10:30:00,1.7225
2018-10-19 10:30:00,1.8575
2018-10-20 10:30:00,1.96
2018-10-21 10:30:00,1.985
2018-10-22 10:30:00,2.83375
2018-10-23 10:30:00,2.77
2018-10-24 10:30:00,1.62375
2018-10-25 10:30:00,1.5275
2018-10-26 10:30:00,4.8424997
2018-10-27 10:30:00,5.21875
2018-10-28 10:30:00,4.2875
2018-10-29 10:30:00,2.965
2018-10-30 10:30:00,3.59
2018-10-31 10:30:00,2.83125
2018-11-01 10:30:00,1.3325
2018-11-02 10:30:00,2.385
2018-11-03 10:30:00,1.85
2018-11-04 10:30:00,1.645
2018-11-05 10:30:00,2.85125
2018-11-06 10:30:00,1.68625
2018-11-07 10:30:00,1.56625
2018-11-08 10:30:00,1.1475
2018-11-09 10:30:00,2.91375
2018-11-10 10:30:00,1.48
2018-11-11 10:30:00,1.16875
2018-11-12 10:30:00,1.2375
2018-11-13 10:30:00,1.19125
2018-11-14 10:30:00,3.00625
2018-11-15 10:30:00,4.18125
2018-11-16 10:30:00,2.5249999
2018-11-17 10:30:00,1.9037501
2018-11-18 10:30:00,2.41375
2018-11-19 10:30:00,2.14
2018-11-20 10:30:00,2.395
2018-11-21 10:30:00,3.33375
2018-11-22 10:30:00,2.91
2018-11-23 10:30:00,2.20625
2018-11-24 10:30:00,2.53
2018-11-25 10:30:00,2.42125
2018-11-26 10:30:00,7.25375
2018-11-27 10:30:00,6.4175
2018-11-28 10:30:00,2.87
2018-11-29 10:30:00,2.155
2018-11-30 10:30:00,4.21625
2018-12-01 10:30:00,3.0
2018-12-02 10:30:00,5.85875
2018-12-03 10:30:00,5.01125
2018-12-04 10:30:00,2.60625
2018-12-05 10:30:00,2.95125
2018-12-06 10:30:00,4.01125
2018-12-07 10:30:00,4.5412498
2018-12-08 10:30:00,3.43
2018-12-09 10:30:00,2.07
2018-12-10 10:30:00,1.46375
2018-12-11 10:30:00,1.2425
2018-12-12 10:30:00,1.5287501
2018-12-13 10:30:00,2.9675
2018-12-14 10:30:00,1.6637499
2018-12-15 10:30:00,2.27375
2018-12-16 10:30:00,3.12625
2018-12-17 10:30:00,3.77375
2018-12-18 10:30:00,2.7962499
2018-12-19 10:30:00,2.125
2018-12-20 10:30:00,1.4125
2018-12-21 10:30:00,2.69125
2018-12-22 10:30:00,5.0925
2018-12-23 10:30:00,2.7112498
2018-12-24 10:30:00,3.17125
2018-12-25 10:30:00,5.32125
2018-12-26 10:30:00,5.24875
2018-12-27 10:30:00,4.6212497
2018-12-28 10:30:00,4.48125
2018-12-29 10:30:00,3.7237499
2018-12-30 10:30:00,2.59875
2018-12-31 10:30:00,3.48
2019-01-01 10:30:00,4.2287498
2019-01-02 10:30:00,2.50375
2019-01-03 10:30:00,1.98875
2019-01-04 10:30:00,4.14
2019-01-05 10:30:00,2.975
2019-01-06 10:30:00,1.30375
2019-01-07 10:30:00,4.83375
2019-01-08 10:30:00,5.02875
2019-01-09 10:30:00,3.675
2019-01-10 10:30:00,1.46375
2019-01-11 10:30:00,1.1575
2019-01-12 10:30:00,1.66875
2019-01-13 10:30:00,2.4475
2019-01-14 10:30:00,4.20125
2019-01-15 10:30:00,3.3625
2019-01-16 10:30:00,2.22375
2019-01-17 10:30:00,1.2112501
2019-01-18 10:30:00,2.54125
2019-01-19 10:30:00,3.6325
2019-01-20 10:30:00,2.655
2019-01-21 10:30:00,2.855
2019-01-22 10:30:00,3.24875
2019-01-23 10:30:00,2.79
2019-01-24 10:30:00,2.45375
2019-01-25 10:30:00,4.22625
2019-01-26 10:30:00,1.50875
2019-01-27 10:30:00,4.5225
2019-01-28 10:30:00,2.69
2019-01-29 10:30:00,4.2775
2019-01-30 10:30:00,4.1075
2019-01-31 10:30:00,1.76125
2019-02-01 10:30:00,1.15125
2019-02-02 10:30:00,2.68625
2019-02-03 10:30:00,3.82875
2019-02-04 10:30:00,2.21625
2019-02-05 10:30:00,2.29875
2019-02-06 10:30:00,2.11
2019-02-07 10:30:00,2.81375
2019-02-08 10:30:00,2.69
2019-02-09 10:30:00,3.26875
2019-02-10 10:30:00,2.15125
2019-02-11 10:30:00,3.28
2019-02-12 10:30:00,2.84125
2019-02-13 10:30:00,2.9775
2019-02-14 10:30:00,1.38875
2019-02-15 10:30:00,2.8275
2019-02-16 10:30:00,5.23
2019-02-17 10:30:00,3.8075
2019-02-18 10:30:00,2.80125
2019-02-19 10:30:00,1.94375
2019-02-20 10:30:00,2.50375
2019-02-21 10:30:00,2.0825
2019-02-22 10:30:00,2.805
2019-02-23 10:30:00,4.2475
2019-02-24 10:30:00,3.5925
2019-02-25 10:30:00,2.93375
2019-02-26 10:30:00,1.5675
2019-02-27 10:30:00,3.00375
2019-02-28 10:30:00,2.9
2019-03-01 10:30:00,2.62625
2019-03-02 10:30:00,2.4925
2019-03-03 10:30:00,1.895
2019-03-04 10:30:00,2.02875
2019-03-05 10:30:00,2.88375
2019-03-06 10:30:00,3.04125
2019-03-07 10:30:00,1.7987499
2019-03-08 10:30:00,2.87
2019-03-09 10:30:00,1.765
2019-03-10 10:30:00,1.96
2019-03-11 10:30:00,5.08875
2019-03-12 10:30:00,4.28125
2019-03-13 10:30:00,3.2024999
2019-03-14 10:30:00,3.7475
2019-03-15 10:30:00,2.24625
2019-03-16 10:30:00,3.20125
2019-03-17 10:30:00,2.7675002
2019-03-18 10:30:00,2.63625
2019-03-19 10:30:00,2.13125
2019-03-20 10:30:00,2.395
2019-03-21 10:30:00,3.105
2019-03-22 10:30:00,3.795
2019-03-23 10:30:00,3.79125
2019-03-24 10:30:00,4.0612497
2019-03-25 10:30:00,6.8825
2019-03-26 10:30:00,2.5875
2019-03-27 10:30:00,3.72375
2019-03-28 10:30:00,2.3875
2019-03-29 10:30:00,2.02
2019-03-30 10:30:00,3.0225
2019-03-31 10:30:00,3.3825
2019-04-01 10:30:00,2.94125
2019-04-02 10:30:00,3.11375
2019-04-03 10:30:00,4.72
2019-04-04 10:30:00,6.40375
2019-04-05 10:30:00,3.57
2019-04-06 10:30:00,4.07125
2019-04-07 10:30:00,3.41625
2019-04-08 10:30:00,3.15375
2019-04-09 10:30:00,2.5462499
2019-04-10 10:30:00,3.02
2019-04-11 10:30:00,2.435
2019-04-12 10:30:00,3.50125
2019-04-13 10:30:00,4.3875
2019-04-14 10:30:00,1.8175
2019-04-15 10:30:00,3.24625
2019-04-16 10:30:00,3.7125
2019-04-17 10:30:00,3.635
2019-04-18 10:30:00,3.5762498
2019-04-19 10:30:00,3.135
2019-04-20 10:30:00,4.95
2019-04-21 10:30:00,1.9449999
2019-04-22 10:30:00,3.895
2019-04-23 10:30:00,5.51625
2019-04-24 10:30:00,3.7325
2019-04-25 10:30:00,1.82125
2019-04-26 10:30:00,2.02
2019-04-27 10:30:00,3.475
2019-04-28 10:30:00,4.1175
2019-04-29 10:30:00,3.4475
2019-04-30 10:30:00,5.77125
2019-05-01 10:30:00,3.0825
2019-05-02 10:30:00,2.87375
2019-05-03 10:30:00,1.85125
2019-05-04 10:30:00,2.84375
2019-05-05 10:30:00,5.04875
2019-05-06 10:30:00,3.6925
2019-05-07 10:30:00,4.79875
2019-05-08 10:30:00,4.01
2019-05-09 10:30:00,2.13375
2019-05-10 10:30:00,3.71625
2019-05-11 10:30:00,2.10625
2019-05-12 10:30:00,2.8075
2019-05-13 10:30:00,3.55625
2019-05-14 10:30:00,2.605
2019-05-15 10:30:00,4.345
2019-05-16 10:30:00,4.82375
2019-05-17 10:30:00,3.9099998
2019-05-18 10:30:00,3.3
2019-05-19 10:30:00,2.335
2019-05-20 10:30:00,6.7112503
2019-05-21 10:30:00,4.765
2019-05-22 10:30:00,3.0362499
2019-05-23 10:30:00,2.45125
2019-05-24 10:30:00,3.5974998
2019-05-25 10:30:00,2.305
2019-05-26 10:30:00,1.84625
2019-05-27 10:30:00,4.42
2019-05-28 10:30:00,5.03875
2019-05-29 10:30:00,3.46875
2019-05-30 10:30:00,3.23
2019-05-31 10:30:00,2.86875
2019-06-01 10:30:00,2.675
2019-06-02 10:30:00,1.7025
2019-06-03 10:30:00,1.82
2019-06-04 10:30:00,3.10625
2019-06-05 10:30:00,2.62875
2019-06-06 10:30:00,1.74875
2019-06-07 10:30:00,2.145
2019-06-08 10:30:00,2.71375
2019-06-09 10:30:00,1.7012501
2019-06-10 10:30:00,1.8025
2019-06-11 10:30:00,1.55
2019-06-12 10:30:00,1.975
2019-06-13 10:30:00,3.4425
2019-06-14 10:30:00,2.76875
2019-06-15 10:30:00,2.585
2019-06-16 10:30:00,1.93875
2019-06-17 10:30:00,1.6575
2019-06-18 10:30:00,2.3175
2019-06-19 10:30:00,2.61125
2019-06-20 10:30:00,1.57875
2019-06-21 10:30:00,2.1125
2019-06-22 10:30:00,1.76375
2019-06-23 10:30:00,2.24
2019-06-24 10:30:00,2.9625
2019-06-25 10:30:00,1.66625
2019-06-26 10:30:00,2.3362498
2019-06-27 10:30:00,2.44125
2019-06-28 10:30:00,1.4775
2019-06-29 10:30:00,1.94125
2019-06-30 10:30:00,2.4112499
2019-07-01 10:30:00,2.39625
2019-07-02 10:30:00,2.2549999
2019-07-03 10:30:00,2.62875
2019-07-04 10:30:00,2.29125
2019-07-05 10:30:00,2.2475
2019-07-06 10:30:00,0.94625
2019-07-07 10:30:00,1.6775
2019-07-08 10:30:00,2.01375
2019-07-09 10:30:00,2.0625
2019-07-10 10:30:00,1.91
2019-07-11 10:30:00,1.36875
2019-07-12 10:30:00,1.635
2019-07-13 10:30:00,1.925
2019-07-14 10:30:00,1.2175
2019-07-15 10:30:00,2.01625
2019-07-16 10:30:00,1.83375
2019-07-17 10:30:00,1.2875
2019-07-18 10:30:00,2.09
2019-07-19 10:30:00,1.5649999
2019-07-20 10:30:00,2.59125
2019-07-21 10:30:00,3.4537501
2019-07-22 10:30:00,2.45125
2019-07-23 10:30:00,1.25875
2019-07-24 10:30:00,2.3575
2019-07-25 10:30:00,2.39375
2019-07-26 10:30:00,1.98625
2019-07-27 10:30:00,1.86
2019-07-28 10:30:00,1.7987499
2019-07-29 10:30:00,1.5225
2019-07-30 10:30:00,1.55125
2019-07-31 10:30:00,2.5674999
2019-08-01 10:30:00,1.5775
2019-08-02 10:30:00,2.05625
2019-08-03 10:30:00,2.0275
2019-08-04 10:30:00,2.1125
2019-08-05 10:30:00,1.8325
2019-08-06 10:30:00,1.82625
2019-08-07 10:30:00,1.98625
2019-08-08 10:30:00,0.94375
2019-08-09 10:30:00,1.58375
2019-08-10 10:30:00,1.33375
2019-08-11 10:30:00,2.0025
2019-08-12 10:30:00,1.37875
2019-08-13 10:30:00,1.3299999
2019-08-14 10:30:00,1.29875
2019-08-15 10:30:00,2.66375
2019-08-16 10:30:00,1.56375
2019-08-17 10:30:00,2.28125
2019-08-18 10:30:00,1.34625
2019-08-19 10:30:00,1.42625
2019-08-20 10:30:00,1.61125
2019-08-21 10:30:00,3.6187499
2019-08-22 10:30:00,2.2450001
2019-08-23 10:30:00,1.5875
2019-08-24 10:30:00,1.18625
2019-08-25 10:30:00,1.75125
2019-08-26 10:30:00,1.6375
2019-08-27 10:30:00,2.27375
2019-08-28 10:30:00,1.8275
2019-08-29 10:30:00,1.73625
2019-08-30 10:30:00,2.50125
2019-08-31 10:30:00,1.60625
2019-09-01 10:30:00,1.495
2019-09-02 10:30:00,1.52375
2019-09-03 10:30:00,1.97375
2019-09-04 10:30:00,2.385
2019-09-05 10:30:00,1.97
2019-09-06 10:30:00,1.6575
2019-09-07 10:30:00,2.47625
2019-09-08 10:30:00,4.11625
2019-09-09 10:30:00,3.8312502
2019-09-10 10:30:00,2.5
2019-09-11 10:30:00,1.7625
2019-09-12 10:30:00,2.3625
2019-09-13 10:30:00,2.8675
2019-09-14 10:30:00,2.28125
2019-09-15 10:30:00,3.29375
2019-09-16 10:30:00,2.5125
2019-09-17 10:30:00,3.75
2019-09-18 10:30:00,3.48
2019-09-19 10:30:00,1.215
2019-09-20 10:30:00,2.4
2019-09-21 10:30:00,2.17
2019-09-22 10:30:00,1.7125
2019-09-23 10:30:00,2.59
2019-09-24 10:30:00,1.43375
2019-09-25 10:30:00,1.48625
2019-09-26 10:30:00,1.84375
2019-09-27 10:30:00,2.235
2019-09-28 10:30:00,3.3774998
2019-09-29 10:30:00,2.205
2019-09-30 10:30:00,1.75375
2019-10-01 10:30:00,2.26875
2019-10-02 10:30:00,2.6325
2019-10-03 10:30:00,2.1475
2019-10-04 10:30:00,2.30125
2019-10-05 10:30:00,1.235
2019-10-06 10:30:00,2.57125
2019-10-07 10:30:00,5.40625
2019-10-08 10:30:00,2.67
2019-10-09 10:30:00,3.195
2019-10-10 10:30:00,3.0149999
2019-10-11 10:30:00,2.855
2019-10-12 10:30:00,2.26375
2019-10-13 10:30:00,3.825
2019-10-14 10:30:00,2.7237499
2019-10-15 10:30:00,2.60625
2019-10-16 10:30:00,1.65875
2019-10-17 10:30:00,1.29
2019-10-18 10:30:00,1.605
2019-10-19 10:30:00,1.335
2019-10-20 10:30:00,4.2712502
2019-10-21 10:30:00,2.095
2019-10-22 10:30:00,1.645
2019-10-23 10:30:00,1.63375
2019-10-24 10:30:00,2.20625
2019-10-25 10:30:00,3.035
2019-10-26 10:30:00,2.09
2019-10-27 10:30:00,1.77125
2019-10-28 10:30:00,3.38375
2019-10-29 10:30:00,2.36625
2019-10-30 10:30:00,4.05875
2019-10-31 10:30:00,3.94875
2019-11-01 10:30:00,2.07875
2019-11-02 10:30:00,1.23375
2019-11-03 10:30:00,0.895
2019-11-04 10:30:00,4.14375
2019-11-05 10:30:00,3.085
2019-11-06 10:30:00,3.06625
2019-11-07 10:30:00,2.8275
2019-11-08 10:30:00,1.6375
2019-11-09 10:30:00,1.5725
2019-11-10 10:30:00,3.45625
2019-11-11 10:30:00,3.53875
2019-11-12 10:30:00,2.17375
2019-11-13 10:30:00,3.49875
2019-11-14 10:30:00,2.09375
2019-11-15 10:30:00,2.18625
2019-11-16 10:30:00,1.58875
2019-11-17 10:30:00,3.49375
2019-11-18 10:30:00,5.32875
2019-11-19 10:30:00,3.50125
2019-11-20 10:30:00,1.5625
2019-11-21 10:30:00,2.05375
2019-11-22 10:30:00,4.2599998
2019-11-23 10:30:00,2.7762501
2019-11-24 10:30:00,3.57375
2019-11-25 10:30:00,2.0149999
2019-11-26 10:30:00,4.3737497
2019-11-27 10:30:00,3.0687501
2019-11-28 10:30:00,2.81375
2019-11-29 10:30:00,0.92375
2019-11-30 10:30:00,2.9675
2019-12-01 10:30:00,3.93875
2019-12-02 10:30:00,4.5975
2019-12-03 10:30:00,5.93125
2019-12-04 10:30:00,4.315
2019-12-05 10:30:00,4.645
2019-12-06 10:30:00,2.91875
2019-12-07 10:30:00,2.59125
2019-12-08 10:30:00,1.405
2019-12-09 10:30:00,1.7175
2019-12-10 10:30:00,0.98375
2019-12-11 10:30:00,3.06375
2019-12-12 10:30:00,2.01
2019-12-13 10:30:00,3.14625
2019-12-14 10:30:00,2.005
2019-12-15 10:30:00,2.73875
2019-12-16 10:30:00,2.95125
2019-12-17 10:30:00,3.34875
2019-12-18 10:30:00,2.33875
2019-12-19 10:30:00,2.37375
2019-12-20 10:30:00,2.41
2019-12-21 10:30:00,2.12
2019-12-22 10:30:00,1.3399999
2019-12-23 10:30:00,1.46375
2019-12-24 10:30:00,0.90125
2019-12-25 10:30:00,2.1
2019-12-26 10:30:00,1.26125
2019-12-27 10:30:00,1.5
2019-12-28 10:30:00,1.28125
2019-12-29 10:30:00,1.0387499
2019-12-30 10:30:00,3.5925
2019-12-31 10:30:00,4.17125
2020-01-01 10:30:00,2.2175
2020-01-02 10:30:00,3.20625
2020-01-03 10:30:00,3.1200001
2020-01-04 10:30:00,2.4
2020-01-05 10:30:00,1.3
2020-01-06 10:30:00,1.0625
2020-01-07 10:30:00,1.99125
2020-01-08 10:30:00,2.65625
2020-01-09 10:30:00,0.84625
2020-01-10 10:30:00,3.705
2020-01-11 10:30:00,2.96125
2020-01-12 10:30:00,3.09125
2020-01-13 10:30:00,2.165
2020-01-14 10:30:00,0.85875
2020-01-15 10:30:00,2.595
2020-01-16 10:30:00,2.385
2020-01-17 10:30:00,1.15375
2020-01-18 10:30:00,1.53125
2020-01-19 10:30:00,1.52625
2020-01-20 10:30:00,2.02
2020-01-21 10:30:00,3.29375
2020-01-22 10:30:00,2.105
2020-01-23 10:30:00,2.8875
2020-01-24 10:30:00,1.00875
2020-01-25 10:30:00,1.31875
2020-01-26 10:30:00,1.6725
2020-01-27 10:30:00,1.59625
2020-01-28 10:30:00,1.7775
2020-01-29 10:30:00,1.2125
2020-01-30 10:30:00,0.65625
2020-01-31 10:30:00,2.95125
2020-02-01 10:30:00,4.8275
2020-02-02 10:30:00,2.35625
2020-02-03 10:30:00,2.995
2020-02-04 10:30:00,3.6625
2020-02-05 10:30:00,2.5787501
2020-02-06 10:30:00,2.76375
2020-02-07 10:30:00,1.695
2020-02-08 10:30:00,1.565
2020-02-09 10:30:00,2.4337502
2020-02-10 10:30:00,1.13375
2020-02-11 10:30:00,2.665
2020-02-12 10:30:00,1.9412501
2020-02-13 10:30:00,1.7225
2020-02-14 10:30:00,1.6325
2020-02-15 10:30:00,1.61
2020-02-16 10:30:00,2.2025
2020-02-17 10:30:00,2.7
2020-02-18 10:30:00,3.8274999
2020-02-19 10:30:00,2.5325
2020-02-20 10:30:00,2.5825
2020-02-21 10:30:00,1.98125
2020-02-22 10:30:00,2.3225
2020-02-23 10:30:00,3.425
2020-02-24 10:30:00,1.79
2020-02-25 10:30:00,1.8512499
2020-02-26 10:30:00,2.18
2020-02-27 10:30:00,2.32
2020-02-28 10:30:00,3.17875
2020-02-29 10:30:00,1.64
2020-03-01 10:30:00,2.4975
2020-03-02 10:30:00,1.74
2020-03-03 10:30:00,1.5475
2020-03-04 10:30:00,2.55875
2020-03-05 10:30:00,1.665
2020-03-06 10:30:00,1.96125
2020-03-07 10:30:00,2.32875
2020-03-08 10:30:00,2.45875
2020-03-09 10:30:00,1.725
2020-03-10 10:30:00,2.65125
2020-03-11 10:30:00,3.065
2020-03-12 10:30:00,5.8975
2020-03-13 10:30:00,2.73125
2020-03-14 10:30:00,4.16375
2020-03-15 10:30:00,1.85
2020-03-16 10:30:00,2.78375
2020-03-17 10:30:00,3.23
2020-03-18 10:30:00,4.59125
2020-03-19 10:30:00,2.81875
2020-03-20 10:30:00,4.29875
2020-03-21 10:30:00,3.78375
2020-03-22 10:30:00,1.7787501
2020-03-23 10:30:00,1.64125
2020-03-24 10:30:00,2.41625
2020-03-25 10:30:00,5.065
2020-03-26 10:30:00,5.17875
2020-03-27 10:30:00,5.23
2020-03-28 10:30:00,3.22875
2020-03-29 10:30:00,3.05625
2020-03-30 10:30:00,2.67
2020-03-31 10:30:00,3.9187498
2020-04-01 10:30:00,4.06625
2020-04-02 10:30:00,2.305
2020-04-03 10:30:00,4.93625
2020-04-04 10:30:00,1.96
2020-04-05 10:30:00,1.38
2020-04-06 10:30:00,3.32875
2020-04-07 10:30:00,3.31
2020-04-08 10:30:00,2.38875
2020-04-09 10:30:00,1.7975
2020-04-10 10:30:00,2.415
2020-04-11 10:30:00,2.705
2020-04-12 10:30:00,2.14875
2020-04-13 10:30:00,2.87625
2020-04-14 10:30:00,2.29625
2020-04-15 10:30:00,2.87625
2020-04-16 10:30:00,2.5825
2020-04-17 10:30:00,2.58625
2020-04-18 10:30:00,3.51375
2020-04-19 10:30:00,3.1512501
2020-04-20 10:30:00,7.0375
2020-04-21 10:30:00,4.36875
2020-04-22 10:30:00,3.51625
2020-04-23 10:30:00,2.5725
2020-04-24 10:30:00,2.615
2020-04-25 10:30:00,2.0662498
2020-04-26 10:30:00,1.55125
2020-04-27 10:30:00,3.1000001
2020-04-28 10:30:00,1.625
2020-04-29 10:30:00,2.7325
2020-04-30 10:30:00,2.32625
2020-05-01 10:30:00,4.48125
2020-05-02 10:30:00,3.92375
2020-05-03 10:30:00,2.63625
2020-05-04 10:30:00,2.56125
2020-05-05 10:30:00,2.31125
2020-05-06 10:30:00,2.74125
2020-05-07 10:30:00,2.8125
2020-05-08 10:30:00,2.53125
2020-05-09 10:30:00,1.9575
2020-05-10 10:30:00,2.95125
2020-05-11 10:30:00,5.4375
2020-05-12 10:30:00,3.625
2020-05-13 10:30:00,2.18125
2020-05-14 10:30:00,3.96375
2020-05-15 10:30:00,2.85
2020-05-16 10:30:00,1.8925
2020-05-17 10:30:00,1.80875
2020-05-18 10:30:00,2.4
2020-05-19 10:30:00,1.89625
2020-05-20 10:30:00,1.23125
2020-05-21 10:30:00,1.97
2020-05-22 10:30:00,1.93625
2020-05-23 10:30:00,1.47125
2020-05-24 10:30:00,4.0975
2020-05-25 10:30:00,3.7575
2020-05-26 10:30:00,2.7775
2020-05-27 10:30:00,1.80125
2020-05-28 10:30:00,2.1625
2020-05-29 10:30:00,2.4725
2020-05-30 10:30:00,2.6399999
2020-05-31 10:30:00,2.01875
2020-06-01 10:30:00,3.2237499
2020-06-02 10:30:00,2.12
2020-06-03 10:30:00,1.7275
2020-06-04 10:30:00,1.98375
2020-06-05 10:30:00,1.3625
2020-06-06 10:30:00,1.965
2020-06-07 10:30:00,1.9975
2020-06-08 10:30:00,3.14625
2020-06-09 10:30:00,3.9625
2020-06-10 10:30:00,1.995
2020-06-11 10:30:00,1.8525
2020-06-12 10:30:00,1.6575
2020-06-13 10:30:00,1.59
2020-06-14 10:30:00,3.4850001
2020-06-15 10:30:00,1.96125
2020-06-16 10:30:00,1.80375
2020-06-17 10:30:00,2.37
2020-06-18 10:30:00,2.57375
2020-06-19 10:30:00,1.5487499
2020-06-20 10:30:00,2.545
2020-06-21 10:30:00,1.5125
2020-06-22 10:30:00,0.72375
2020-06-23 10:30:00,1.16125
2020-06-24 10:30:00,1.3375
2020-06-25 10:30:00,1.33
2020-06-26 10:30:00,1.5775
2020-06-27 10:30:00,1.4675
2020-06-28 10:30:00,1.36
2020-06-29 10:30:00,1.4925001
2020-06-30 10:30:00,1.395
2020-07-01 10:30:00,1.65875
2020-07-02 10:30:00,1.4725
2020-07-03 10:30:00,1.39125
2020-07-04 10:30:00,1.76875
2020-07-05 10:30:00,1.94375
2020-07-06 10:30:00,2.76125
2020-07-07 10:30:00,2.13
2020-07-08 10:30:00,1.38125
2020-07-09 10:30:00,1.95875
2020-07-10 10:30:00,2.4875
2020-07-11 10:30:00,1.9350001
2020-07-12 10:30:00,1.7225
2020-07-13 10:30:00,1.22375
2020-07-14 10:30:00,1.65
2020-07-15 10:30:00,1.84625
2020-07-16 10:30:00,1.49375
2020-07-17 10:30:00,1.91
2020-07-18 10:30:00,1.5649999
2020-07-19 10:30:00,2.51625
2020-07-20 10:30:00,2.38125
2020-07-21 10:30:00,2.475
2020-07-22 10:30:00,1.10875
2020-07-23 10:30:00,1.61875
2020-07-24 10:30:00,1.3725
2020-07-25 10:30:00,1.145
2020-07-26 10:30:00,1.7925
2020-07-27 10:30:00,1.62625
2020-07-28 10:30:00,1.17125
2020-07-29 10:30:00,0.7325
2020-07-30 10:30:00,1.78125
2020-07-31 10:30:00,2.1625
2020-08-01 10:30:00,1.6437501
2020-08-02 10:30:00,2.2037501
2020-08-03 10:30:00,1.7875
2020-08-04 10:30:00,1.56625
2020-08-05 10:30:00,1.495
2020-08-06 10:30:00,1.575
2020-08-07 10:30:00,2.38375
2020-08-08 10:30:00,2.2
2020-08-09 10:30:00,1.485
2020-08-10 10:30:00,1.79
2020-08-11 10:30:00,3.4325
2020-08-12 10:30:00,1.3825
2020-08-13 10:30:00,1.78375
2020-08-14 10:30:00,1.91875
2020-08-15 10:30:00,2.32875
2020-08-16 10:30:00,1.24125
2020-08-17 10:30:00,1.4762499
2020-08-18 10:30:00,2.065
2020-08-19 10:30:00,1.19375
2020-08-20 10:30:00,1.6075
2020-08-21 10:30:00,1.62625
2020-08-22 10:30:00,1.91125
2020-08-23 10:30:00,1.45625
2020-08-24 10:30:00,2.07125
2020-08-25 10:30:00,2.395
2020-08-26 10:30:00,1.97125
2020-08-27 10:30:00,1.86375
2020-08-28 10:30:00,2.15125
2020-08-29 10:30:00,1.55625
2020-08-30 10:30:00,1.795
2020-08-31 10:30:00,1.87375
2020-09-01 10:30:00,2.01
2020-09-02 10:30:00,2.38625
2020-09-03 10:30:00,3.16375
2020-09-04 10:30:00,6.025
2020-09-05 10:30:00,2.10375
2020-09-06 10:30:00,1.675
2020-09-07 10:30:00,1.53875
2020-09-08 10:30:00,1.61125
2020-09-09 10:30:00,2.22875
2020-09-10 10:30:00,2.3899999
2020-09-11 10:30:00,2.29375
2020-09-12 10:30:00,1.38375
2020-09-13 10:30:00,1.88875
2020-09-14 10:30:00,2.24
2020-09-15 10:30:00,2.8225
2020-09-16 10:30:00,2.4299998
2020-09-17 10:30:00,3.045
2020-09-18 10:30:00,2.84125
2020-09-19 10:30:00,2.63875
2020-09-20 10:30:00,1.22
2020-09-21 10:30:00,1.985
2020-09-22 10:30:00,1.2674999
2020-09-23 10:30:00,2.2625
2020-09-24 10:30:00,1.05125
2020-09-25 10:30:00,1.4762499
2020-09-26 10:30:00,2.0075
2020-09-27 10:30:00,2.44625
2020-09-28 10:30:00,2.725
2020-09-29 10:30:00,2.7124999
2020-09-30 10:30:00,1.395
2020-10-01 10:30:00,2.5825
2020-10-02 10:30:00,3.00375
2020-10-03 10:30:00,3.205
2020-10-04 10:30:00,3.76375
2020-10-05 10:30:00,2.46
2020-10-06 10:30:00,1.915
2020-10-07 10:30:00,1.315
2020-10-08 10:30:00,1.6975
2020-10-09 10:30:00,1.9187499
2020-10-10 10:30:00,4.265
2020-10-11 10:30:00,3.97625
2020-10-12 10:30:00,1.9525
2020-10-13 10:30:00,4.25
2020-10-14 10:30:00,2.08625
2020-10-15 10:30:00,3.08
2020-10-16 10:30:00,2.405
2020-10-17 10:30:00,3.1125
2020-10-18 10:30:00,1.46625
2020-10-19 10:30:00,1.78375
2020-10-20 10:30:00,3.315
2020-10-21 10:30:00,5.36625
2020-10-22 10:30:00,3.16875
2020-10-23 10:30:00,2.4825
2020-10-24 10:30:00,2.0325
2020-10-25 10:30:00,1.2775
2020-10-26 10:30:00,4.73875
2020-10-27 10:30:00,3.9275
2020-10-28 10:30:00,2.9625
2020-10-29 10:30:00,1.125
2020-10-30 10:30:00,1.98375
2020-10-31 10:30:00,6.61625
2020-11-01 10:30:00,5.7850003
2020-11-02 10:30:00,5.485
2020-11-03 10:30:00,4.1125
2020-11-04 10:30:00,2.0975
2020-11-05 10:30:00,1.8375
2020-11-06 10:30:00,3.6625
2020-11-07 10:30:00,4.96875
2020-11-08 10:30:00,3.04375
2020-11-09 10:30:00,1.1625
2020-11-10 10:30:00,1.645
2020-11-11 10:30:00,1.81875
2020-11-12 10:30:00,4.0025
2020-11-13 10:30:00,1.58125
2020-11-14 10:30:00,1.81625
2020-11-15 10:30:00,1.74375
2020-11-16 10:30:00,1.855
2020-11-17 10:30:00,0.96999997
2020-11-18 10:30:00,2.84875
2020-11-19 10:30:00,2.3425
2020-11-20 10:30:00,2.64375
2020-11-21 10:30:00,3.68125
2020-11-22 10:30:00,2.97875
2020-11-23 10:30:00,2.92
2020-11-24 10:30:00,1.8925
2020-11-25 10:30:00,2.94375
2020-11-26 10:30:00,1.7
2020-11-27 10:30:00,2.89875
2020-11-28 10:30:00,2.78625
2020-11-29 10:30:00,3.22125
2020-11-30 10:30:00,2.6612499
2020-12-01 10:30:00,1.97625
2020-12-02 10:30:00,3.16
2020-12-03 10:30:00,3.53
2020-12-04 10:30:00,3.5437498
2020-12-05 10:30:00,2.46875
2020-12-06 10:30:00,2.6675
2020-12-07 10:30:00,3.3325
2020-12-08 10:30:00,2.015
2020-12-09 10:30:00,2.69125
2020-12-10 10:30:00,2.565
2020-12-11 10:30:00,2.49125
2020-12-12 10:30:00,2.43375
2020-12-13 10:30:00,4.35875
2020-12-14 10:30:00,4.1262503
2020-12-15 10:30:00,3.65875
2020-12-16 10:30:00,2.4112499
2020-12-17 10:30:00,4.62
2020-12-18 10:30:00,4.2725
2020-12-19 10:30:00,3.1325
2020-12-20 10:30:00,3.665
2020-12-21 10:30:00,2.26375
2020-12-22 10:30:00,1.06375
2020-12-23 10:30:00,3.04
2020-12-24 10:30:00,2.81875
2020-12-25 10:30:00,2.3174999
2020-12-26 10:30:00,1.2475
2020-12-27 10:30:00,1.84
2020-12-28 10:30:00,3.3425
2020-12-29 10:30:00,4.535
2020-12-30 10:30:00,3.48875
2020-12-31 10:30:00,2.70125
2021-01-01 10:30:00,2.22625
2021-01-02 10:30:00,2.8375
2021-01-03 10:30:00,3.1175
2021-01-04 10:30:00,3.00375
2021-01-05 10:30:00,2.4025
2021-01-06 10:30:00,4.64125
2021-01-07 10:30:00,3.415
2021-01-08 10:30:00,3.92375
2021-01-09 10:30:00,2.91125
2021-01-10 10:30:00,2.675
2021-01-11 10:30:00,1.50625
2021-01-12 10:30:00,1.19875
2021-01-13 10:30:00,3.23
2021-01-14 10:30:00,1.235
2021-01-15 10:30:00,2.5725
2021-01-16 10:30:00,2.01625
2021-01-17 10:30:00,2.78375
2021-01-18 10:30:00,2.835
2021-01-19 10:30:00,0.78375
2021-01-20 10:30:00,2.58375
2021-01-21 10:30:00,1.06625
2021-01-22 10:30:00,1.34375
2021-01-23 10:30:00,1.19875
2021-01-24 10:30:00,1.8025
2021-01-25 10:30:00,2.56125
2021-01-26 10:30:00,5.0675
2021-01-27 10:30:00,3.625
2021-01-28 10:30:00,3.3375
2021-01-29 10:30:00,2.15
2021-01-30 10:30:00,1.97
2021-01-31 10:30:00,1.455
2021-02-01 10:30:00,3.7312498
2021-02-02 10:30:00,3.7425
2021-02-03 10:30:00,3.025
2021-02-04 10:30:00,1.5699999
2021-02-05 10:30:00,2.415
2021-02-06 10:30:00,2.41625
2021-02-07 10:30:00,2.9025
2021-02-08 10:30:00,2.115
2021-02-09 10:30:00,2.205
2021-02-10 10:30:00,1.6537501
2021-02-11 10:30:00,5.7675
2021-02-12 10:30:00,4.2799997
2021-02-13 10:30:00,3.035
2021-02-14 10:30:00,2.975
2021-02-15 10:30:00,2.735
2021-02-16 10:30:00,4.11875
2021-02-17 10:30:00,3.9875
2021-02-18 10:30:00,2.56375
2021-02-19 10:30:00,5.73125
2021-02-20 10:30:00,0.82625
2021-02-21 10:30:00,2.79125
2021-02-22 10:30:00,3.96125
2021-02-23 10:30:00,1.245
2021-02-24 10:30:00,3.37375
2021-02-25 10:30:00,1.84
2021-02-26 10:30:00,1.88625
2021-02-27 10:30:00,4.245
2021-02-28 10:30:00,3.27375
2021-03-01 10:30:00,2.41
2021-03-02 10:30:00,2.21875
2021-03-03 10:30:00,2.1875
2021-03-04 10:30:00,3.33375
2021-03-05 10:30:00,3.695
2021-03-06 10:30:00,3.2662501
2021-03-07 10:30:00,2.35375
2021-03-08 10:30:00,2.3625
2021-03-09 10:30:00,3.3062499
2021-03-10 10:30:00,2.36125
2021-03-11 10:30:00,1.62625
2021-03-12 10:30:00,1.6475
2021-03-13 10:30:00,2.68
2021-03-14 10:30:00,4.00625
2021-03-15 10:30:00,8.51375
2021-03-16 10:30:00,3.5425
2021-03-17 10:30:00,3.23
2021-03-18 10:30:00,1.8762499
2021-03-19 10:30:00,1.3175
2021-03-20 10:30:00,1.8125
2021-03-21 10:30:00,3.52875
2021-03-22 10:30:00,1.98
2021-03-23 10:30:00,2.965
2021-03-24 10:30:00,2.62875
2021-03-25 10:30:00,2.7325
2021-03-26 10:30:00,3.3125
2021-03-27 10:30:00,2.89875
2021-03-28 10:30:00,6.47875
2021-03-29 10:30:00,4.9725
2021-03-30 10:30:00,2.4025
2021-03-31 10:30:00,2.17
2021-04-01 10:30:00,1.50125
2021-04-02 10:30:00,5.83875
2021-04-03 10:30:00,3.28
2021-04-04 10:30:00,3.02125
2021-04-05 10:30:00,3.7275
2021-04-06 10:30:00,3.79
2021-04-07 10:30:00,3.84375
2021-04-08 10:30:00,2.53875
2021-04-09 10:30:00,2.59375
2021-04-10 10:30:00,3.4525
2021-04-11 10:30:00,2.26375
2021-04-12 10:30:00,4.385
2021-04-13 10:30:00,3.86375
2021-04-14 10:30:00,3.4624999
2021-04-15 10:30:00,2.88625
2021-04-16 10:30:00,2.705
2021-04-17 10:30:00,2.2662501
2021-04-18 10:30:00,2.7275
2021-04-19 10:30:00,3.58375
2021-04-20 10:30:00,2.135
2021-04-21 10:30:00,2.5275
2021-04-22 10:30:00,2.3274999
2021-04-23 10:30:00,3.34
2021-04-24 10:30:00,2.255
2021-04-25 10:30:00,2.3875
2021-04-26 10:30:00,5.01875
2021-04-27 10:30:00,5.2025
2021-04-28 10:30:00,4.5975
2021-04-29 10:30:00,2.64875
2021-04-30 10:30:00,1.7162501
2021-05-01 10:30:00,2.31375
2021-05-02 10:30:00,2.86
2021-05-03 10:30:00,4.975
2021-05-04 10:30:00,5.7525
2021-05-05 10:30:00,3.74875
2021-05-06 10:30:00,2.345
2021-05-07 10:30:00,2.68
2021-05-08 10:30:00,3.4437501
2021-05-09 10:30:00,2.5787501
2021-05-10 10:30:00,1.90625
2021-05-11 10:30:00,5.57875
2021-05-12 10:30:00,5.70875
2021-05-13 10:30:00,2.8425
2021-05-14 10:30:00,4.34
2021-05-15 10:30:00,3.9375
2021-05-16 10:30:00,2.9950001
2021-05-17 10:30:00,2.60125
2021-05-18 10:30:00,3.2662501
2021-05-19 10:30:00,2.66625
2021-05-20 10:30:00,2.06125
2021-05-21 10:30:00,2.77
2021-05-22 10:30:00,4.94375
2021-05-23 10:30:00,6.88375
2021-05-24 10:30:00,4.1675
2021-05-25 10:30:00,3.545
2021-05-26 10:30:00,2.15875
2021-05-27 10:30:00,1.80875
2021-05-28 10:30:00,2.16875
2021-05-29 10:30:00,2.1475
2021-05-30 10:30:00,1.9475
2021-05-31 10:30:00,2.605
2021-06-01 10:30:00,3.62625
2021-06-02 10:30:00,1.4525
2021-06-03 10:30:00,2.55
2021-06-04 10:30:00,2.2075
2021-06-05 10:30:00,2.2475
2021-06-06 10:30:00,2.5325
2021-06-07 10:30:00,1.85625
2021-06-08 10:30:00,2.0462499
2021-06-09 10:30:00,2.92625
2021-06-10 10:30:00,3.045
2021-06-11 10:30:00,2.455
2021-06-12 10:30:00,1.64875
2021-06-13 10:30:00,2.36875
2021-06-14 10:30:00,1.875
2021-06-15 10:30:00,2.82125
2021-06-16 10:30:00,3.41125
2021-06-17 10:30:00,5.21875
2021-06-18 10:30:00,3.625
2021-06-19 10:30:00,2.2662501
2021-06-20 10:30:00,1.43625
2021-06-21 10:30:00,2.4525
2021-06-22 10:30:00,1.96875
2021-06-23 10:30:00,1.8275
2021-06-24 10:30:00,1.38875
2021-06-25 10:30:00,1.7937499
2021-06-26 10:30:00,1.8725
2021-06-27 10:30:00,1.3625
2021-06-28 10:30:00,1.39375
2021-06-29 10:30:00,1.5175
2021-06-30 10:30:00,1.40625
2021-07-01 10:30:00,2.7425
2021-07-02 10:30:00,1.49125
2021-07-03 10:30:00,0.9775
2021-07-04 10:30:00,1.3
2021-07-05 10:30:00,1.0925
2021-07-06 10:30:00,1.22375
2021-07-07 10:30:00,1.52625
2021-07-08 10:30:00,1.62625
2021-07-09 10:30:00,1.7950001
2021-07-10 10:30:00,2.0425
2021-07-11 10:30:00,1.4375
2021-07-12 10:30:00,1.1825
2021-07-13 10:30:00,1.6324999
2021-07-14 10:30:00,1.60625
2021-07-15 10:30:00,1.6687499
2021-07-16 10:30:00,1.8562499
2021-07-17 10:30:00,1.72375
2021-07-18 10:30:00,1.46875
2021-07-19 10:30:00,1.85125
2021-07-20 10:30:00,1.7425
2021-07-21 10:30:00,1.41875
2021-07-22 10:30:00,1.53
2021-07-23 10:30:00,1.62
2021-07-24 10:30:00,1.66875
2021-07-25 10:30:00,1.44625
2021-07-26 10:30:00,0.97249997
2021-07-27 10:30:00,1.64
2021-07-28 10:30:00,1.58
2021-07-29 10:30:00,1.33
2021-07-30 10:30:00,1.5075
2021-07-31 10:30:00,1.52
2021-08-01 10:30:00,1.54375
2021-08-02 10:30:00,2.26
2021-08-03 10:30:00,1.47125
2021-08-04 10:30:00,1.76625
2021-08-05 10:30:00,2.8700001
2021-08-06 10:30:00,1.82625
2021-08-07 10:30:00,1.22875
2021-08-08 10:30:00,1.17375
2021-08-09 10:30:00,1.24375
2021-08-10 10:30:00,2.27125
2021-08-11 10:30:00,1.34375
2021-08-12 10:30:00,0.84875
2021-08-13 10:30:00,1.7325
2021-08-14 10:30:00,1.11125
2021-08-15 10:30:00,1.645
2021-08-16 10:30:00,1.5
2021-08-17 10:30:00,1.6075001
2021-08-18 10:30:00,1.49625
2021-08-19 10:30:00,1.85875
2021-08-20 10:30:00,1.66125
2021-08-21 10:30:00,1.5124999
2021-08-22 10:30:00,1.795
2021-08-23 10:30:00,1.4175
2021-08-24 10:30:00,1.8774999
2021-08-25 10:30:00,1.68875
2021-08-26 10:30:00,1.32875
2021-08-27 10:30:00,2.1225
2021-08-28 10:30:00,2.6075
2021-08-29 10:30:00,2.0625
2021-08-30 10:30:00,1.995
2021-08-31 10:30:00,1.6125
2021-09-01 10:30:00,2.0262501
2021-09-02 10:30:00,1.9075
2021-09-03 10:30:00,1.3050001
2021-09-04 10:30:00,2.125
2021-09-05 10:30:00,2.1675
2021-09-06 10:30:00,1.1012499
2021-09-07 10:30:00,0.86875
2021-09-08 10:30:00,2.1375
2021-09-09 10:30:00,0.5775
2021-09-10 10:30:00,3.1075
2021-09-11 10:30:00,1.9125
2021-09-12 10:30:00,2.2525
2021-09-13 10:30:00,2.66875
2021-09-14 10:30:00,1.8275
2021-09-15 10:30:00,1.47
2021-09-16 10:30:00,2.64625
2021-09-17 10:30:00,2.185
2021-09-18 10:30:00,2.4225001
2021-09-19 10:30:00,1.25125
2021-09-20 10:30:00,1.4137499
2021-09-21 10:30:00,0.96999997
2021-09-22 10:30:00,1.51625
2021-09-23 10:30:00,1.61625
2021-09-24 10:30:00,1.205
2021-09-25 10:30:00,1.7575
2021-09-26 10:30:00,2.17625
2021-09-27 10:30:00,2.0025
2021-09-28 10:30:00,3.6837502
2021-09-29 10:30:00,2.71
2021-09-30 10:30:00,2.11
2021-10-01 10:30:00,1.6525
2021-10-02 10:30:00,1.66625
2021-10-03 10:30:00,1.48625
2021-10-04 10:30:00,1.74875
2021-10-05 10:30:00,2.7475
2021-10-06 10:30:00,0.78625
2021-10-07 10:30:00,1.93375
2021-10-08 10:30:00,2.32125
2021-10-09 10:30:00,5.4425
2021-10-10 10:30:00,5.52125
2021-10-11 10:30:00,1.28375
2021-10-12 10:30:00,2.11375
2021-10-13 10:30:00,2.35625
2021-10-14 10:30:00,2.96625
2021-10-15 10:30:00,7.41625
2021-10-16 10:30:00,3.9312499
2021-10-17 10:30:00,2.18625
2021-10-18 10:30:00,2.5
2021-10-19 10:30:00,2.35625
2021-10-20 10:30:00,1.31125
2021-10-21 10:30:00,2.02625
2021-10-22 10:30:00,1.7975
2021-10-23 10:30:00,1.27875
2021-10-24 10:30:00,1.02125
2021-10-25 10:30:00,2.2
2021-10-26 10:30:00,3.0037498
2021-10-27 10:30:00,2.60625
2021-10-28 10:30:00,1.2325
2021-10-29 10:30:00,1.4725
2021-10-30 10:30:00,1.19625
2021-10-31 10:30:00,1.05875
2021-11-01 10:30:00,1.145
2021-11-02 10:30:00,1.44375
2021-11-03 10:30:00,1.42625
2021-11-04 10:30:00,1.635
2021-11-05 10:30:00,2.9075
2021-11-06 10:30:00,2.2175
2021-11-07 10:30:00,1.1324999
2021-11-08 10:30:00,2.14875
2021-11-09 10:30:00,2.8175
2021-11-10 10:30:00,4.20875
2021-11-11 10:30:00,4.395
2021-11-12 10:30:00,2.89375
2021-11-13 10:30:00,3.57
2021-11-14 10:30:00,2.77
2021-11-15 10:30:00,1.3225
2021-11-16 10:30:00,1.0175
2021-11-17 10:30:00,4.98125
2021-11-18 10:30:00,4.61875
2021-11-19 10:30:00,0.87125003
2021-11-20 10:30:00,1.1775
2021-11-21 10:30:00,1.8
2021-11-22 10:30:00,4.83625
2021-11-23 10:30:00,4.8975
2021-11-24 10:30:00,3.59
2021-11-25 10:30:00,3.50375
2021-11-26 10:30:00,0.875
2021-11-27 10:30:00,1.4175
2021-11-28 10:30:00,1.94875
2021-11-29 10:30:00,1.465
2021-11-30 10:30:00,3.055
2021-12-01 10:30:00,2.87125
2021-12-02 10:30:00,4.95
2021-12-03 10:30:00,2.36875
2021-12-04 10:30:00,1.25625
2021-12-05 10:30:00,3.35625
2021-12-06 10:30:00,3.31375
2021-12-07 10:30:00,1.8075
2021-12-08 10:30:00,0.60375
2021-12-09 10:30:00,1.7675
2021-12-10 10:30:00,2.3225
2021-12-11 10:30:00,4.43625
2021-12-12 10:30:00,3.3925
2021-12-13 10:30:00,2.91
2021-12-14 10:30:00,2.5162501
2021-12-15 10:30:00,0.7925
2021-12-16 10:30:00,3.6825001
2021-12-17 10:30:00,2.83625
2021-12-18 10:30:00,1.97625
2021-12-19 10:30:00,2.305
2021-12-20 10:30:00,4.9612503
2021-12-21 10:30:00,2.4
2021-12-22 10:30:00,1.65375
2021-12-23 10:30:00,2.76
2021-12-24 10:30:00,3.125
2021-12-25 10:30:00,2.7075
2021-12-26 10:30:00,2.0775
2021-12-27 10:30:00,0.9575
2021-12-28 10:30:00,2.54
2021-12-29 10:30:00,2.37125
2021-12-30 10:30:00,2.64375
2021-12-31 10:30:00,0.81375
2022-01-01 10:30:00,3.2
2022-01-02 10:30:00,2.9225
2022-01-03 10:30:00,2.98375
2022-01-04 10:30:00,0.6875
2022-01-05 10:30:00,2.93875
2022-01-06 10:30:00,0.79875
2022-01-07 10:30:00,1.475
2022-01-08 10:30:00,2.2137501
2022-01-09 10:30:00,2.9537501
2022-01-10 10:30:00,2.135
2022-01-11 10:30:00,2.035
2022-01-12 10:30:00,3.2375
2022-01-13 10:30:00,1.29125
2022-01-14 10:30:00,1.6975
2022-01-15 10:30:00,3.885
2022-01-16 10:30:00,2.18625
2022-01-17 10:30:00,2.35125
2022-01-18 10:30:00,1.9125
2022-01-19 10:30:00,2.21125
2022-01-20 10:30:00,1.16125
2022-01-21 10:30:00,1.4
2022-01-22 10:30:00,1.00375
2022-01-23 10:30:00,1.37125
2022-01-24 10:30:00,0.85375
2022-01-25 10:30:00,2.5075
2022-01-26 10:30:00,3.3725
2022-01-27 10:30:00,3.3287501
2022-01-28 10:30:00,4.20625
2022-01-29 10:30:00,4.295
2022-01-30 10:30:00,2.6725001
2022-01-31 10:30:00,2.55625
2022-02-01 10:30:00,3.18875
2022-02-02 10:30:00,3.46625
2022-02-03 10:30:00,3.5475
2022-02-04 10:30:00,4.205
2022-02-05 10:30:00,3.205
2022-02-06 10:30:00,3.86375
2022-02-07 10:30:00,3.10125
2022-02-08 10:30:00,2.31625
2022-02-09 10:30:00,1.87125
2022-02-10 10:30:00,1.62
2022-02-11 10:30:00,2.71875
2022-02-12 10:30:00,2.085
2022-02-13 10:30:00,1.68125
2022-02-14 10:30:00,2.185
2022-02-15 10:30:00,2.72625
2022-02-16 10:30:00,3.20375
2022-02-17 10:30:00,2.76625
2022-02-18 10:30:00,2.3575
2022-02-19 10:30:00,3.1275
2022-02-20 10:30:00,2.69125
2022-02-21 10:30:00,2.975
2022-02-22 10:30:00,2.18375
2022-02-23 10:30:00,2.59875
2022-02-24 10:30:00,2.72125
2022-02-25 10:30:00,3.71375
2022-02-26 10:30:00,3.415
2022-02-27 10:30:00,3.5475001
2022-02-28 10:30:00,2.885
2022-03-01 10:30:00,2.5825
2022-03-02 10:30:00,4.10375
2022-03-03 10:30:00,1.7225001
2022-03-04 10:30:00,6.09375
2022-03-05 10:30:00,4.22125
2022-03-06 10:30:00,1.9024999
2022-03-07 10:30:00,2.50125
2022-03-08 10:30:00,1.79125
2022-03-09 10:30:00,2.23125
2022-03-10 10:30:00,6.6175003
2022-03-11 10:30:00,3.88375
2022-03-12 10:30:00,2.3325
2022-03-13 10:30:00,1.73125
2022-03-14 10:30:00,1.67
2022-03-15 10:30:00,2.52375
2022-03-16 10:30:00,4.2675
2022-03-17 10:30:00,1.915
2022-03-18 10:30:00,1.67125
2022-03-19 10:30:00,2.85
2022-03-20 10:30:00,3.295
2022-03-21 10:30:00,3.65875
2022-03-22 10:30:00,2.875
2022-03-23 10:30:00,2.295
2022-03-24 10:30:00,3.315
2022-03-25 10:30:00,3.53375
2022-03-26 10:30:00,4.97875
2022-03-27 10:30:00,3.695
2022-03-28 10:30:00,2.4875
2022-03-29 10:30:00,4.0837502
2022-03-30 10:30:00,1.9
2022-03-31 10:30:00,3.11375
2022-04-01 10:30:00,2.56625
2022-04-02 10:30:00,2.5475001
2022-04-03 10:30:00,2.37875
2022-04-04 10:30:00,3.47875
2022-04-05 10:30:00,5.44375
2022-04-06 10:30:00,3.4725
2022-04-07 10:30:00,2.61375
2022-04-08 10:30:00,4.26375
2022-04-09 10:30:00,2.34125
2022-04-10 10:30:00,4.86375
2022-04-11 10:30:00,2.70375
2022-04-12 10:30:00,2.46125
2022-04-13 10:30:00,1.5325
2022-04-14 10:30:00,2.31875
2022-04-15 10:30:00,4.81
2022-04-16 10:30:00,3.14875
2022-04-17 10:30:00,2.575
2022-04-18 10:30:00,3.03125
2022-04-19 10:30:00,2.97875
2022-04-20 10:30:00,4.24125
2022-04-21 10:30:00,1.615
2022-04-22 10:30:00,3.13
2022-04-23 10:30:00,4.76125
2022-04-24 10:30:00,3.67375
2022-04-25 10:30:00,3.84375
2022-04-26 10:30:00,5.66625
2022-04-27 10:30:00,3.66875
2022-04-28 10:30:00,2.75375
2022-04-29 10:30:00,4.035
2022-04-30 10:30:00,4.23125
2022-05-01 10:30:00,3.44375
2022-05-02 10:30:00,2.93
2022-05-03 10:30:00,3.0149999
2022-05-04 10:30:00,2.48625
2022-05-05 10:30:00,2.93875
2022-05-06 10:30:00,4.17
2022-05-07 10:30:00,3.87
2022-05-08 10:30:00,2.98375
2022-05-09 10:30:00,4.855
2022-05-10 10:30:00,2.5675
2022-05-11 10:30:00,4.3075
2022-05-12 10:30:00,2.80625
2022-05-13 10:30:00,2.865
2022-05-14 10:30:00,3.16625
2022-05-15 10:30:00,3.67125
2022-05-16 10:30:00,2.9524999
2022-05-17 10:30:00,2.525
2022-05-18 10:30:00,3.195
2022-05-19 10:30:00,3.3025
2022-05-20 10:30:00,4.44125
2022-05-21 10:30:00,3.4175
2022-05-22 10:30:00,3.3025
2022-05-23 10:30:00,3.46125
2022-05-24 10:30:00,2.335
2022-05-25 10:30:00,2.9975
2022-05-26 10:30:00,2.8075
2022-05-27 10:30:00,2.345
2022-05-28 10:30:00,3.78875
2022-05-29 10:30:00,1.9225
2022-05-30 10:30:00,2.9575
2022-05-31 10:30:00,2.6325
2022-06-01 10:30:00,2.59
2022-06-02 10:30:00,2.47375
2022-06-03 10:30:00,3.09375
2022-06-04 10:30:00,3.22875
2022-06-05 10:30:00,4.38375
2022-06-06 10:30:00,3.21375
2022-06-07 10:30:00,1.03125
2022-06-08 10:30:00,2.37625
2022-06-09 10:30:00,1.59125
2022-06-10 10:30:00,1.895
2022-06-11 10:30:00,2.9524999
2022-06-12 10:30:00,1.6675
2022-06-13 10:30:00,2.19
2022-06-14 10:30:00,1.89125
2022-06-15 10:30:00,2.3775
2022-06-16 10:30:00,1.12125
2022-06-17 10:30:00,2.03875
2022-06-18 10:30:00,1.895
2022-06-19 10:30:00,1.03875
2022-06-20 10:30:00,2.62875
2022-06-21 10:30:00,3.85375
2022-06-22 10:30:00,2.13625
2022-06-23 10:30:00,2.19
2022-06-24 10:30:00,2.0825
2022-06-25 10:30:00,1.3875
2022-06-26 10:30:00,1.65375
2022-06-27 10:30:00,1.3675
2022-06-28 10:30:00,1.7874999
2022-06-29 10:30:00,1.75
2022-06-30 10:30:00,1.6225
2022-07-01 10:30:00,2.10125
2022-07-02 10:30:00,1.63625
2022-07-03 10:30:00,1.3462499
2022-07-04 10:30:00,1.595
2022-07-05 10:30:00,2.24625
2022-07-06 10:30:00,1.23375
2022-07-07 10:30:00,1.91625
2022-07-08 10:30:00,3.3362498
2022-07-09 10:30:00,3.425
2022-07-10 10:30:00,2.62
2022-07-11 10:30:00,1.7049999
2022-07-12 10:30:00,1.8824999
2022-07-13 10:30:00,1.3525
2022-07-14 10:30:00,2.29125
2022-07-15 10:30:00,1.20625
2022-07-16 10:30:00,0.87875
2022-07-17 10:30:00,2.0225
2022-07-18 10:30:00,1.7375
2022-07-19 10:30:00,1.67875
2022-07-20 10:30:00,1.86875
2022-07-21 10:30:00,1.91
2022-07-22 10:30:00,0.97249997
2022-07-23 10:30:00,1.06
2022-07-24 10:30:00,1.175
2022-07-25 10:30:00,2.08625
2022-07-26 10:30:00,2.32125
2022-07-27 10:30:00,1.3249999
2022-07-28 10:30:00,1.47
2022-07-29 10:30:00,1.48875
2022-07-30 10:30:00,1.4275
2022-07-31 10:30:00,1.9875
2022-08-01 10:30:00,1.81375
2022-08-02 10:30:00,1.66875
2022-08-03 10:30:00,1.45875
2022-08-04 10:30:00,2.1725
2022-08-05 10:30:00,3.75125
2022-08-06 10:30:00,1.51
2022-08-07 10:30:00,2.12875
2022-08-08 10:30:00,3.06
2022-08-09 10:30:00,2.7975
2022-08-10 10:30:00,2.90875
2022-08-11 10:30:00,2.31
2022-08-12 10:30:00,1.46875
2022-08-13 10:30:00,1.86625
2022-08-14 10:30:00,1.735
2022-08-15 10:30:00,1.58125
2022-08-16 10:30:00,1.61875
2022-08-17 10:30:00,2.1275
2022-08-18 10:30:00,1.63625
2022-08-19 10:30:00,3.03
2022-08-20 10:30:00,2.26375
2022-08-21 10:30:00,1.285
2022-08-22 10:30:00,3.80125
2022-08-23 10:30:00,2.965
2022-08-24 10:30:00,1.63625
2022-08-25 10:30:00,3.7075
2022-08-26 10:30:00,3.2150002
2022-08-27 10:30:00,2.1025
2022-08-28 10:30:00,1.7575
2022-08-29 10:30:00,1.51125
2022-08-30 10:30:00,1.9375
2022-08-31 10:30:00,3.0925
2022-09-01 10:30:00,2.305
2022-09-02 10:30:00,1.96875
2022-09-03 10:30:00,1.60125
2022-09-04 10:30:00,3.36
2022-09-05 10:30:00,3.5125
2022-09-06 10:30:00,2.85
2022-09-07 10:30:00,3.2175
2022-09-08 10:30:00,2.8287501
2022-09-09 10:30:00,1.6325
2022-09-10 10:30:00,1.71625
2022-09-11 10:30:00,1.56375
2022-09-12 10:30:00,2.51875
2022-09-13 10:30:00,1.8375
2022-09-14 10:30:00,1.75375
2022-09-15 10:30:00,1.39
2022-09-16 10:30:00,1.7062501
2022-09-17 10:30:00,4.3575
2022-09-18 10:30:00,4.4787498
2022-09-19 10:30:00,4.14
2022-09-20 10:30:00,2.58125
2022-09-21 10:30:00,2.70875
2022-09-22 10:30:00,2.37625
2022-09-23 10:30:00,2.83375
2022-09-24 10:30:00,2.59625
2022-09-25 10:30:00,3.2925
2022-09-26 10:30:00,1.9
2022-09-27 10:30:00,3.14875
2022-09-28 10:30:00,2.25625
2022-09-29 10:30:00,2.5425
2022-09-30 10:30:00,1.42875
2022-10-01 10:30:00,2.03125
2022-10-02 10:30:00,1.7312499
2022-10-03 10:30:00,3.8225
2022-10-04 10:30:00,2.6125
2022-10-05 10:30:00,2.8675
2022-10-06 10:30:00,2.09125
2022-10-07 10:30:00,1.3
2022-10-08 10:30:00,1.535
2022-10-09 10:30:00,2.37375
2022-10-10 10:30:00,2.42
2022-10-11 10:30:00,0.92875
2022-10-12 10:30:00,1.92625
2022-10-13 10:30:00,1.72375
2022-10-14 10:30:00,2.39
2022-10-15 10:30:00,4.79125
2022-10-16 10:30:00,4.34625
2022-10-17 10:30:00,2.6325
2022-10-18 10:30:00,0.995
2022-10-19 10:30:00,2.70875
2022-10-20 10:30:00,1.78625
2022-10-21 10:30:00,3.4875
2022-10-22 10:30:00,2.3525
2022-10-23 10:30:00,2.61625
2022-10-24 10:30:00,1.3462499
2022-10-25 10:30:00,2.675
2022-10-26 10:30:00,3.12125
2022-10-27 10:30:00,1.3125
2022-10-28 10:30:00,1.0912501
2022-10-29 10:30:00,1.43
2022-10-30 10:30:00,1.1825
2022-10-31 10:30:00,6.26125
2022-11-01 10:30:00,4.71375
2022-11-02 10:30:00,4.8825
2022-11-03 10:30:00,3.53375
2022-11-04 10:30:00,2.9975
2022-11-05 10:30:00,1.7475
2022-11-06 10:30:00,2.0175
2022-11-07 10:30:00,2.09125
2022-11-08 10:30:00,1.8175
2022-11-09 10:30:00,2.5275
2022-11-10 10:30:00,1.74375
2022-11-11 10:30:00,3.7725
2022-11-12 10:30:00,2.08375
2022-11-13 10:30:00,1.5487499
2022-11-14 10:30:00,1.84
2022-11-15 10:30:00,1.8149999
2022-11-16 10:30:00,1.2837499
2022-11-17 10:30:00,3.32875
2022-11-18 10:30:00,2.0149999
2022-11-19 10:30:00,5.75
2022-11-20 10:30:00,2.385
2022-11-21 10:30:00,2.16125
2022-11-22 10:30:00,1.3625
2022-11-23 10:30:00,1.775
2022-11-24 10:30:00,1.66875
2022-11-25 10:30:00,4.33625
2022-11-26 10:30:00,2.9875
2022-11-27 10:30:00,1.7925
2022-11-28 10:30:00,2.3325
2022-11-29 10:30:00,5.0225
2022-11-30 10:30:00,4.8375
2022-12-01 10:30:00,2.845
2022-12-02 10:30:00,2.49125
2022-12-03 10:30:00,3.5375
2022-12-04 10:30:00,3.6875
2022-12-05 10:30:00,3.9325
2022-12-06 10:30:00,3.3675
2022-12-07 10:30:00,3.2775
2022-12-08 10:30:00,3.45125
2022-12-09 10:30:00,2.7075
2022-12-10 10:30:00,2.685
2022-12-11 10:30:00,1.59875
2022-12-12 10:30:00,5.55625
2022-12-13 10:30:00,5.655
2022-12-14 10:30:00,4.23375
2022-12-15 10:30:00,3.47375
2022-12-16 10:30:00,3.4962502
2022-12-17 10:30:00,3.25375
2022-12-18 10:30:00,3.0774999
2022-12-19 10:30:00,1.8175
2022-12-20 10:30:00,0.62
2022-12-21 10:30:00,2.07125
2022-12-22 10:30:00,3.0037498
2022-12-23 10:30:00,3.62625
2022-12-24 10:30:00,3.9925
2022-12-25 10:30:00,1.34
2022-12-26 10:30:00,0.83500004
2022-12-27 10:30:00,2.70625
2022-12-28 10:30:00,2.835
2022-12-29 10:30:00,2.4837499
2022-12-30 10:30:00,3.4225
2022-12-31 10:30:00,4.2875
