time,wind
2012-01-01 10:30:00,0.63125
2012-01-02 10:30:00,0.605
2012-01-03 10:30:00,1.6025
2012-01-04 10:30:00,0.74
2012-01-05 10:30:00,2.0725
2012-01-06 10:30:00,1.2625
2012-01-07 10:30:00,0.96999997
2012-01-08 10:30:00,0.92125
2012-01-09 10:30:00,0.6825
2012-01-10 10:30:00,2.1075
2012-01-11 10:30:00,1.265
2012-01-12 10:30:00,2.37875
2012-01-13 10:30:00,2.34375
2012-01-14 10:30:00,2.1975
2012-01-15 10:30:00,0.73375
2012-01-16 10:30:00,0.33749998
2012-01-17 10:30:00,0.43875
2012-01-18 10:30:00,1.1525
2012-01-19 10:30:00,1.34
2012-01-20 10:30:00,2.52125
2012-01-21 10:30:00,2.7875
2012-01-22 10:30:00,1.86125
2012-01-23 10:30:00,1.2625
2012-01-24 10:30:00,1.30625
2012-01-25 10:30:00,1.225
2012-01-26 10:30:00,2.14375
2012-01-27 10:30:00,2.15875
2012-01-28 10:30:00,1.14875
2012-01-29 10:30:00,1.98375
2012-01-30 10:30:00,2.72875
2012-01-31 10:30:00,2.2925
2012-02-01 10:30:00,2.81375
2012-02-02 10:30:00,3.97875
2012-02-03 10:30:00,3.4975
2012-02-04 10:30:00,2.79875
2012-02-05 10:30:00,2.80875
2012-02-06 10:30:00,3.415
2012-02-07 10:30:00,2.6725
2012-02-08 10:30:00,2.66875
2012-02-09 10:30:00,2.95
2012-02-10 10:30:00,2.7649999
2012-02-11 10:30:00,2.48625
2012-02-12 10:30:00,1.14
2012-02-13 10:30:00,2.115
2012-02-14 10:30:00,3.0475
2012-02-15 10:30:00,2.2662501
2012-02-16 10:30:00,2.96125
2012-02-17 10:30:00,2.33625
2012-02-18 10:30:00,2.3975
2012-02-19 10:30:00,2.84375
2012-02-20 10:30:00,2.06
2012-02-21 10:30:00,0.84875
2012-02-22 10:30:00,0.815
2012-02-23 10:30:00,1.74375
2012-02-24 10:30:00,3.7525
2012-02-25 10:30:00,2.28625
2012-02-26 10:30:00,2.32625
2012-02-27 10:30:00,2.03375
2012-02-28 10:30:00,1.73375
2012-02-29 10:30:00,2.195
2012-03-01 10:30:00,2.7175
2012-03-02 10:30:00,1.76375
2012-03-03 10:30:00,1.105
2012-03-04 10:30:00,1.0699999
2012-03-05 10:30:00,0.97625
2012-03-06 10:30:00,1.57375
2012-03-07 10:30:00,2.535
2012-03-08 10:30:00,2.905
2012-03-09 10:30:00,1.6012499
2012-03-10 10:30:00,2.465
2012-03-11 10:30:00,2.4475
2012-03-12 10:30:00,1.6625
2012-03-13 10:30:00,3.33
2012-03-14 10:30:00,2.2450001
2012-03-15 10:30:00,2.57125
2012-03-16 10:30:00,3.375
2012-03-17 10:30:00,3.33875
2012-03-18 10:30:00,3.72
2012-03-19 10:30:00,4.15625
2012-03-20 10:30:00,2.23125
2012-03-21 10:30:00,5.3424997
2012-03-22 10:30:00,2.3225
2012-03-23 10:30:00,3.815
2012-03-24 10:30:00,3.9837499
2012-03-25 10:30:00,2.88625
2012-03-26 10:30:00,2.55625
2012-03-27 10:30:00,3.54375
2012-03-28 10:30:00,3.7450001
2012-03-29 10:30:00,2.925
2012-03-30 10:30:00,3.33625
2012-03-31 10:30:00,2.9412498
2012-04-01 10:30:00,1.92375
2012-04-02 10:30:00,2.0725
2012-04-03 10:30:00,2.3799999
2012-04-04 10:30:00,2.89625
2012-04-05 10:30:00,3.8374999
2012-04-06 10:30:00,2.59625
2012-04-07 10:30:00,4.695
2012-04-08 10:30:00,4.4825
2012-04-09 10:30:00,1.76125
2012-04-10 10:30:00,5.34875
2012-04-11 10:30:00,5.64875
2012-04-12 10:30:00,4.56125
2012-04-13 10:30:00,4.295
2012-04-14 10:30:00,1.99
2012-04-15 10:30:00,3.7575
2012-04-16 10:30:00,2.1612499
2012-04-17 10:30:00,1.68875
2012-04-18 10:30:00,2.04
2012-04-19 10:30:00,3.35375
2012-04-20 10:30:00,3.28875
2012-04-21 10:30:00,2.57625
2012-04-22 10:30:00,1.5899999
2012-04-23 10:30:00,2.81125
2012-04-24 10:30:00,3.1275
2012-04-25 10:30:00,2.9825
2012-04-26 10:30:00,3.055
2012-04-27 10:30:00,3.315
2012-04-28 10:30:00,4.275
2012-04-29 10:30:00,1.99875
2012-04-30 10:30:00,2.94875
2012-05-01 10:30:00,2.1325
2012-05-02 10:30:00,2.41125
2012-05-03 10:30:00,4.35625
2012-05-04 10:30:00,3.93375
2012-05-05 10:30:00,3.8175
2012-05-06 10:30:00,3.475
2012-05-07 10:30:00,2.59875
2012-05-08 10:30:00,1.8575
2012-05-09 10:30:00,3.78125
2012-05-10 10:30:00,2.4375
2012-05-11 10:30:00,3.23125
2012-05-12 10:30:00,1.7674999
2012-05-13 10:30:00,2.92625
2012-05-14 10:30:00,1.29875
2012-05-15 10:30:00,1.7175
2012-05-16 10:30:00,2.03125
2012-05-17 10:30:00,1.41625
2012-05-18 10:30:00,4.0625
2012-05-19 10:30:00,3.6825
2012-05-20 10:30:00,1.86375
2012-05-21 10:30:00,3.52
2012-05-22 10:30:00,3.05375
2012-05-23 10:30:00,3.58875
2012-05-24 10:30:00,3.62875
2012-05-25 10:30:00,3.2150002
2012-05-26 10:30:00,1.65625
2012-05-27 10:30:00,1.73125
2012-05-28 10:30:00,3.4475
2012-05-29 10:30:00,2.76625
2012-05-30 10:30:00,3.2775
2012-05-31 10:30:00,2.4325001
2012-06-01 10:30:00,1.56375
2012-06-02 10:30:00,1.5425
2012-06-03 10:30:00,1.22625
2012-06-04 10:30:00,1.405
2012-06-05 10:30:00,1.67125
2012-06-06 10:30:00,1.435
2012-06-07 10:30:00,2.54
2012-06-08 10:30:00,1.85375
2012-06-09 10:30:00,1.53875
2012-06-10 10:30:00,2.52875
2012-06-11 10:30:00,2.27375
2012-06-12 10:30:00,2.9575
2012-06-13 10:30:00,1.9037501
2012-06-14 10:30:00,1.89875
2012-06-15 10:30:00,1.4375
2012-06-16 10:30:00,1.4625
2012-06-17 10:30:00,1.5200001
2012-06-18 10:30:00,1.72375
2012-06-19 10:30:00,1.415
2012-06-20 10:30:00,1.82375
2012-06-21 10:30:00,1.50625
2012-06-22 10:30:00,2.38125
2012-06-23 10:30:00,1.87625
2012-06-24 10:30:00,2.7675
2012-06-25 10:30:00,1.47125
2012-06-26 10:30:00,1.8625
2012-06-27 10:30:00,1.2
2012-06-28 10:30:00,1.63875
2012-06-29 10:30:00,2.38625
2012-06-30 10:30:00,2.3
2012-07-01 10:30:00,1.77625
2012-07-02 10:30:00,1.90875
2012-07-03 10:30:00,2.09875
2012-07-04 10:30:00,1.65
2012-07-05 10:30:00,1.2125
2012-07-06 10:30:00,1.0237501
2012-07-07 10:30:00,1.5725
2012-07-08 10:30:00,1.26625
2012-07-09 10:30:00,0.99125004
2012-07-10 10:30:00,0.26624998
2012-07-11 10:30:00,2.4212499
2012-07-12 10:30:00,1.90375
2012-07-13 10:30:00,0.97125
2012-07-14 10:30:00,1.2475001
2012-07-15 10:30:00,1.52875
2012-07-16 10:30:00,0.84499997
2012-07-17 10:30:00,1.66875
2012-07-18 10:30:00,1.845
2012-07-19 10:30:00,0.72875
2012-07-20 10:30:00,1.07875
2012-07-21 10:30:00,2.0162501
2012-07-22 10:30:00,1.7275
2012-07-23 10:30:00,1.78125
2012-07-24 10:30:00,0.6225
2012-07-25 10:30:00,0.925
2012-07-26 10:30:00,1.54625
2012-07-27 10:30:00,1.86875
2012-07-28 10:30:00,2.135
2012-07-29 10:30:00,2.6699998
2012-07-30 10:30:00,1.77875
2012-07-31 10:30:00,1.54875
2012-08-01 10:30:00,1.835
2012-08-02 10:30:00,1.75375
2012-08-03 10:30:00,1.57625
2012-08-04 10:30:00,1.0649999
2012-08-05 10:30:00,1.6850001
2012-08-06 10:30:00,1.10375
2012-08-07 10:30:00,2.69625
2012-08-08 10:30:00,3.06375
2012-08-09 10:30:00,2.9575
2012-08-10 10:30:00,2.33625
2012-08-11 10:30:00,1.1925
2012-08-12 10:30:00,2.44125
2012-08-13 10:30:00,1.5825
2012-08-14 10:30:00,1.67875
2012-08-15 10:30:00,0.9675
2012-08-16 10:30:00,1.9525
2012-08-17 10:30:00,2.41375
2012-08-18 10:30:00,2.705
2012-08-19 10:30:00,2.23125
2012-08-20 10:30:00,3.965
2012-08-21 10:30:00,2.60375
2012-08-22 10:30:00,2.1
2012-08-23 10:30:00,2.18375
2012-08-24 10:30:00,1.86625
2012-08-25 10:30:00,1.4087499
2012-08-26 10:30:00,1.475
2012-08-27 10:30:00,1.915
2012-08-28 10:30:00,2.135
2012-08-29 10:30:00,2.795
2012-08-30 10:30:00,1.51875
2012-08-31 10:30:00,1.78375
2012-09-01 10:30:00,3.0225
2012-09-02 10:30:00,1.845
2012-09-03 10:30:00,0.83375
2012-09-04 10:30:00,0.98875
2012-09-05 10:30:00,1.89
2012-09-06 10:30:00,1.90625
2012-09-07 10:30:00,1.60625
2012-09-08 10:30:00,1.585
2012-09-09 10:30:00,1.90875
2012-09-10 10:30:00,1.8875
2012-09-11 10:30:00,2.8
2012-09-12 10:30:00,2.35
2012-09-13 10:30:00,2.1
2012-09-14 10:30:00,2.36125
2012-09-15 10:30:00,1.58375
2012-09-16 10:30:00,1.30625
2012-09-17 10:30:00,1.62375
2012-09-18 10:30:00,1.4350001
2012-09-19 10:30:00,1.89625
2012-09-20 10:30:00,1.8100001
2012-09-21 10:30:00,1.03625
2012-09-22 10:30:00,1.14125
2012-09-23 10:30:00,1.18125
2012-09-24 10:30:00,2.315
2012-09-25 10:30:00,1.4662501
2012-09-26 10:30:00,2.095
2012-09-27 10:30:00,0.99375
2012-09-28 10:30:00,2.97125
2012-09-29 10:30:00,2.04625
2012-09-30 10:30:00,1.18125
2012-10-01 10:30:00,1.3662499
2012-10-02 10:30:00,1.2975
2012-10-03 10:30:00,1.24375
2012-10-04 10:30:00,2.80625
2012-10-05 10:30:00,2.49375
2012-10-06 10:30:00,0.93625003
2012-10-07 10:30:00,1.4125
2012-10-08 10:30:00,1.23875
2012-10-09 10:30:00,3.2525
2012-10-10 10:30:00,2.00875
2012-10-11 10:30:00,1.15375
2012-10-12 10:30:00,1.23375
2012-10-13 10:30:00,1.74875
2012-10-14 10:30:00,3.2925
2012-10-15 10:30:00,1.7475001
2012-10-16 10:30:00,3.16125
2012-10-17 10:30:00,4.20375
2012-10-18 10:30:00,3.87125
2012-10-19 10:30:00,3.1412501
2012-10-20 10:30:00,3.8925
2012-10-21 10:30:00,1.71375
2012-10-22 10:30:00,0.95
2012-10-23 10:30:00,1.35375
2012-10-24 10:30:00,1.3775
2012-10-25 10:30:00,1.405
2012-10-26 10:30:00,2.30625
2012-10-27 10:30:00,4.065
2012-10-28 10:30:00,2.215
2012-10-29 10:30:00,1.98
2012-10-30 10:30:00,1.1949999
2012-10-31 10:30:00,1.23125
2012-11-01 10:30:00,2.11125
2012-11-02 10:30:00,3.90625
2012-11-03 10:30:00,1.4125
2012-11-04 10:30:00,1.16125
2012-11-05 10:30:00,1.11375
2012-11-06 10:30:00,0.39875
2012-11-07 10:30:00,1.7975
2012-11-08 10:30:00,1.11625
2012-11-09 10:30:00,1.02125
2012-11-10 10:30:00,1.56875
2012-11-11 10:30:00,3.05875
2012-11-12 10:30:00,3.435
2012-11-13 10:30:00,2.59625
2012-11-14 10:30:00,1.42375
2012-11-15 10:30:00,1.8775
2012-11-16 10:30:00,1.18125
2012-11-17 10:30:00,1.55125
2012-11-18 10:30:00,1.0699999
2012-11-19 10:30:00,2.135
2012-11-20 10:30:00,1.7062501
2012-11-21 10:30:00,2.8
2012-11-22 10:30:00,2.26875
2012-11-23 10:30:00,1.705
2012-11-24 10:30:00,0.64125
2012-11-25 10:30:00,2.82375
2012-11-26 10:30:00,1.8875
2012-11-27 10:30:00,1.46875
2012-11-28 10:30:00,2.69875
2012-11-29 10:30:00,2.31
2012-11-30 10:30:00,2.53375
2012-12-01 10:30:00,1.1125
2012-12-02 10:30:00,0.8125
2012-12-03 10:30:00,2.51375
2012-12-04 10:30:00,3.1125
2012-12-05 10:30:00,3.30125
2012-12-06 10:30:00,2.09
2012-12-07 10:30:00,2.2375
2012-12-08 10:30:00,3.59625
2012-12-09 10:30:00,1.88125
2012-12-10 10:30:00,1.2275
2012-12-11 10:30:00,0.9325
2012-12-12 10:30:00,0.56
2012-12-13 10:30:00,2.74875
2012-12-14 10:30:00,1.1637499
2012-12-15 10:30:00,1.50375
2012-12-16 10:30:00,2.385
2012-12-17 10:30:00,3.54375
2012-12-18 10:30:00,1.94375
2012-12-19 10:30:00,2.575
2012-12-20 10:30:00,1.72875
2012-12-21 10:30:00,3.3375
2012-12-22 10:30:00,2.27125
2012-12-23 10:30:00,1.475
2012-12-24 10:30:00,3.2625
2012-12-25 10:30:00,2.81
2012-12-26 10:30:00,1.645
2012-12-27 10:30:00,0.6675
2012-12-28 10:30:00,1.47
2012-12-29 10:30:00,2.42875
2012-12-30 10:30:00,4.0575
2012-12-31 10:30:00,2.8975
2013-01-01 10:30:00,4.88
2013-01-02 10:30:00,5.205
2013-01-03 10:30:00,3.8687499
2013-01-04 10:30:00,4.4225
2013-01-05 10:30:00,3.31375
2013-01-06 10:30:00,1.655
2013-01-07 10:30:00,2.9425
2013-01-08 10:30:00,2.8174999
2013-01-09 10:30:00,2.6375
2013-01-10 10:30:00,1.04
2013-01-11 10:30:00,0.60875
2013-01-12 10:30:00,2.0075
2013-01-13 10:30:00,1.3449999
2013-01-14 10:30:00,1.1949999
2013-01-15 10:30:00,0.9025
2013-01-16 10:30:00,3.7649999
2013-01-17 10:30:00,2.195
2013-01-18 10:30:00,1.87625
2013-01-19 10:30:00,0.71625
2013-01-20 10:30:00,0.82375
2013-01-21 10:30:00,1.7875
2013-01-22 10:30:00,0.66875
2013-01-23 10:30:00,2.8812501
2013-01-24 10:30:00,5.4825
2013-01-25 10:30:00,3.0675
2013-01-26 10:30:00,1.38625
2013-01-27 10:30:00,0.90999997
2013-01-28 10:30:00,0.9775
2013-01-29 10:30:00,3.055
2013-01-30 10:30:00,0.82625
2013-01-31 10:30:00,3.0275
2013-02-01 10:30:00,4.48625
2013-02-02 10:30:00,3.04375
2013-02-03 10:30:00,1.69375
2013-02-04 10:30:00,2.5362499
2013-02-05 10:30:00,3.145
2013-02-06 10:30:00,5.03875
2013-02-07 10:30:00,4.27
2013-02-08 10:30:00,1.71875
2013-02-09 10:30:00,3.2025
2013-02-10 10:30:00,3.58375
2013-02-11 10:30:00,2.015
2013-02-12 10:30:00,2.615
2013-02-13 10:30:00,4.005
2013-02-14 10:30:00,3.41
2013-02-15 10:30:00,1.69
2013-02-16 10:30:00,1.48875
2013-02-17 10:30:00,5.2025
2013-02-18 10:30:00,4.42875
2013-02-19 10:30:00,4.46125
2013-02-20 10:30:00,3.3975
2013-02-21 10:30:00,3.77125
2013-02-22 10:30:00,4.66125
2013-02-23 10:30:00,4.1925
2013-02-24 10:30:00,1.48
2013-02-25 10:30:00,2.1075
2013-02-26 10:30:00,2.29875
2013-02-27 10:30:00,4.15625
2013-02-28 10:30:00,3.06625
2013-03-01 10:30:00,5.435
2013-03-02 10:30:00,1.73
2013-03-03 10:30:00,2.9737499
2013-03-04 10:30:00,2.70875
2013-03-05 10:30:00,3.3275
2013-03-06 10:30:00,5.57
2013-03-07 10:30:00,5.0950003
2013-03-08 10:30:00,3.66875
2013-03-09 10:30:00,3.6412501
2013-03-10 10:30:00,2.74875
2013-03-11 10:30:00,2.9075
2013-03-12 10:30:00,6.24
2013-03-13 10:30:00,3.7225
2013-03-14 10:30:00,3.45125
2013-03-15 10:30:00,2.9425
2013-03-16 10:30:00,4.66875
2013-03-17 10:30:00,6.155
2013-03-18 10:30:00,4.165
2013-03-19 10:30:00,4.98625
2013-03-20 10:30:00,2.5325
2013-03-21 10:30:00,5.6025
2013-03-22 10:30:00,4.63125
2013-03-23 10:30:00,3.3525
2013-03-24 10:30:00,3.52625
2013-03-25 10:30:00,2.9637501
2013-03-26 10:30:00,4.305
2013-03-27 10:30:00,4.15375
2013-03-28 10:30:00,4.2325
2013-03-29 10:30:00,4.395
2013-03-30 10:30:00,3.5
2013-03-31 10:30:00,3.21125
2013-04-01 10:30:00,3.115
2013-04-02 10:30:00,6.11625
2013-04-03 10:30:00,5.20125
2013-04-04 10:30:00,1.65375
2013-04-05 10:30:00,3.2725
2013-04-06 10:30:00,2.1825001
2013-04-07 10:30:00,3.5925
2013-04-08 10:30:00,2.26
2013-04-09 10:30:00,5.29875
2013-04-10 10:30:00,3.84875
2013-04-11 10:30:00,4.10875
2013-04-12 10:30:00,5.5125
2013-04-13 10:30:00,10.5725
2013-04-14 10:30:00,6.12
2013-04-15 10:30:00,4.36625
2013-04-16 10:30:00,5.8475
2013-04-17 10:30:00,5.65125
2013-04-18 10:30:00,4.48625
2013-04-19 10:30:00,3.3425
2013-04-20 10:30:00,3.91625
2013-04-21 10:30:00,2.38
2013-04-22 10:30:00,3.415
2013-04-23 10:30:00,4.74625
2013-04-24 10:30:00,3.71625
2013-04-25 10:30:00,3.265
2013-04-26 10:30:00,2.8387501
2013-04-27 10:30:00,2.22375
2013-04-28 10:30:00,3.3425
2013-04-29 10:30:00,3.175
2013-04-30 10:30:00,3.0525
2013-05-01 10:30:00,2.1625
2013-05-02 10:30:00,2.56625
2013-05-03 10:30:00,2.55375
2013-05-04 10:30:00,4.08
2013-05-05 10:30:00,3.86875
2013-05-06 10:30:00,2.7675
2013-05-07 10:30:00,2.84375
2013-05-08 10:30:00,1.91625
2013-05-09 10:30:00,2.66375
2013-05-10 10:30:00,5.11375
2013-05-11 10:30:00,2.575
2013-05-12 10:30:00,2.64375
2013-05-13 10:30:00,2.415
2013-05-14 10:30:00,1.855
2013-05-15 10:30:00,2.03875
2013-05-16 10:30:00,2.93625
2013-05-17 10:30:00,3.80375
2013-05-18 10:30:00,5.6349998
2013-05-19 10:30:00,3.00875
2013-05-20 10:30:00,5.4275002
2013-05-21 10:30:00,2.31625
2013-05-22 10:30:00,2.2575
2013-05-23 10:30:00,4.55625
2013-05-24 10:30:00,2.9962502
2013-05-25 10:30:00,3.66
2013-05-26 10:30:00,2.9975
2013-05-27 10:30:00,3.93
2013-05-28 10:30:00,4.81
2013-05-29 10:30:00,5.4425
2013-05-30 10:30:00,3.265
2013-05-31 10:30:00,6.08875
2013-06-01 10:30:00,3.89875
2013-06-02 10:30:00,2.3175
2013-06-03 10:30:00,2.17875
2013-06-04 10:30:00,2.23125
2013-06-05 10:30:00,2.17625
2013-06-06 10:30:00,2.5125
2013-06-07 10:30:00,1.76
2013-06-08 10:30:00,2.3975
2013-06-09 10:30:00,1.39
2013-06-10 10:30:00,2.57
2013-06-11 10:30:00,2.02625
2013-06-12 10:30:00,2.725
2013-06-13 10:30:00,3.23375
2013-06-14 10:30:00,2.35625
2013-06-15 10:30:00,2.29
2013-06-16 10:30:00,2.39875
2013-06-17 10:30:00,2.49375
2013-06-18 10:30:00,2.3775
2013-06-19 10:30:00,1.97
2013-06-20 10:30:00,1.84375
2013-06-21 10:30:00,1.99125
2013-06-22 10:30:00,1.8125
2013-06-23 10:30:00,1.5174999
2013-06-24 10:30:00,1.0175
2013-06-25 10:30:00,2.19125
2013-06-26 10:30:00,2.385
2013-06-27 10:30:00,1.72625
2013-06-28 10:30:00,2.05375
2013-06-29 10:30:00,0.90999997
2013-06-30 10:30:00,0.655
2013-07-01 10:30:00,1.50875
2013-07-02 10:30:00,2.48875
2013-07-03 10:30:00,3.865
2013-07-04 10:30:00,3.23875
2013-07-05 10:30:00,3.13375
2013-07-06 10:30:00,1.7025
2013-07-07 10:30:00,2.96125
2013-07-08 10:30:00,1.89125
2013-07-09 10:30:00,1.89625
2013-07-10 10:30:00,1.56375
2013-07-11 10:30:00,1.12375
2013-07-12 10:30:00,1.30875
2013-07-13 10:30:00,1.4775
2013-07-14 10:30:00,1.49375
2013-07-15 10:30:00,2.79375
2013-07-16 10:30:00,3.53625
2013-07-17 10:30:00,1.20875
2013-07-18 10:30:00,1.75375
2013-07-19 10:30:00,1.45875
2013-07-20 10:30:00,2.51625
2013-07-21 10:30:00,1.58875
2013-07-22 10:30:00,1.5912501
2013-07-23 10:30:00,1.69
2013-07-24 10:30:00,2.085
2013-07-25 10:30:00,1.865
2013-07-26 10:30:00,1.35875
2013-07-27 10:30:00,2.355
2013-07-28 10:30:00,2.53875
2013-07-29 10:30:00,2.0625
2013-07-30 10:30:00,1.33375
2013-07-31 10:30:00,1.7175
2013-08-01 10:30:00,1.3362501
2013-08-02 10:30:00,2.0025
2013-08-03 10:30:00,1.60625
2013-08-04 10:30:00,1.4625
2013-08-05 10:30:00,1.98875
2013-08-06 10:30:00,1.3137499
2013-08-07 10:30:00,2.18625
2013-08-08 10:30:00,1.90125
2013-08-09 10:30:00,2.55
2013-08-10 10:30:00,2.12
2013-08-11 10:30:00,1.52875
2013-08-12 10:30:00,2.155
2013-08-13 10:30:00,2.36625
2013-08-14 10:30:00,2.335
2013-08-15 10:30:00,2.435
2013-08-16 10:30:00,0.79625
2013-08-17 10:30:00,1.48875
2013-08-18 10:30:00,3.84875
2013-08-19 10:30:00,2.43875
2013-08-20 10:30:00,1.12625
2013-08-21 10:30:00,1.73
2013-08-22 10:30:00,2.725
2013-08-23 10:30:00,2.5225
2013-08-24 10:30:00,2.54375
2013-08-25 10:30:00,1.54125
2013-08-26 10:30:00,1.63875
2013-08-27 10:30:00,1.4250001
2013-08-28 10:30:00,1.855
2013-08-29 10:30:00,2.9312499
2013-08-30 10:30:00,2.19
2013-08-31 10:30:00,2.13875
2013-09-01 10:30:00,2.345
2013-09-02 10:30:00,2.82875
2013-09-03 10:30:00,1.55375
2013-09-04 10:30:00,1.0775
2013-09-05 10:30:00,1.195
2013-09-06 10:30:00,1.84
2013-09-07 10:30:00,1.50625
2013-09-08 10:30:00,1.815
2013-09-09 10:30:00,2.3175
2013-09-10 10:30:00,3.7025
2013-09-11 10:30:00,2.11125
2013-09-12 10:30:00,2.33
2013-09-13 10:30:00,1.9075
2013-09-14 10:30:00,5.1825
2013-09-15 10:30:00,4.65375
2013-09-16 10:30:00,4.44375
2013-09-17 10:30:00,1.675
2013-09-18 10:30:00,2.8325
2013-09-19 10:30:00,5.12375
2013-09-20 10:30:00,2.635
2013-09-21 10:30:00,1.87375
2013-09-22 10:30:00,4.23875
2013-09-23 10:30:00,5.295
2013-09-24 10:30:00,3.40375
2013-09-25 10:30:00,3.12125
2013-09-26 10:30:00,2.7862499
2013-09-27 10:30:00,2.445
2013-09-28 10:30:00,1.6075
2013-09-29 10:30:00,2.39875
2013-09-30 10:30:00,3.2875
2013-10-01 10:30:00,3.8875
2013-10-02 10:30:00,4.49875
2013-10-03 10:30:00,2.32875
2013-10-04 10:30:00,3.41125
2013-10-05 10:30:00,2.6812499
2013-10-06 10:30:00,4.46125
2013-10-07 10:30:00,4.46
2013-10-08 10:30:00,2.915
2013-10-09 10:30:00,1.7987499
2013-10-10 10:30:00,1.0225
2013-10-11 10:30:00,2.64375
2013-10-12 10:30:00,3.45625
2013-10-13 10:30:00,4.57375
2013-10-14 10:30:00,5.42125
2013-10-15 10:30:00,1.3625
2013-10-16 10:30:00,1.01375
2013-10-17 10:30:00,1.3987501
2013-10-18 10:30:00,0.99625003
2013-10-19 10:30:00,1.38125
2013-10-20 10:30:00,1.3075
2013-10-21 10:30:00,2.16
2013-10-22 10:30:00,3.56875
2013-10-23 10:30:00,2.75
2013-10-24 10:30:00,2.8125
2013-10-25 10:30:00,2.76
2013-10-26 10:30:00,1.37
2013-10-27 10:30:00,1.645
2013-10-28 10:30:00,2.05375
2013-10-29 10:30:00,2.13625
2013-10-30 10:30:00,2.2825
2013-10-31 10:30:00,1.68125
2013-11-01 10:30:00,1.49125
2013-11-02 10:30:00,2.0875
2013-11-03 10:30:00,3.355
2013-11-04 10:30:00,2.38375
2013-11-05 10:30:00,1.61625
2013-11-06 10:30:00,4.22
2013-11-07 10:30:00,2.48875
2013-11-08 10:30:00,2.85375
2013-11-09 10:30:00,5.86625
2013-11-10 10:30:00,4.80125
2013-11-11 10:30:00,3.3512502
2013-11-12 10:30:00,2.65875
2013-11-13 10:30:00,2.09625
2013-11-14 10:30:00,3.3025
2013-11-15 10:30:00,2.28
2013-11-16 10:30:00,3.01375
2013-11-17 10:30:00,4.08125
2013-11-18 10:30:00,4.99125
2013-11-19 10:30:00,4.62625
2013-11-20 10:30:00,3.9675
2013-11-21 10:30:00,3.10375
2013-11-22 10:30:00,2.41875
2013-11-23 10:30:00,2.11125
2013-11-24 10:30:00,4.15
2013-11-25 10:30:00,3.57125
2013-11-26 10:30:00,5.16125
2013-11-27 10:30:00,6.2875
2013-11-28 10:30:00,3.99125
2013-11-29 10:30:00,3.27625
2013-11-30 10:30:00,3.55625
2013-12-01 10:30:00,3.46625
2013-12-02 10:30:00,2.94
2013-12-03 10:30:00,3.08125
2013-12-04 10:30:00,4.5975
2013-12-05 10:30:00,3.3275
2013-12-06 10:30:00,1.3525
2013-12-07 10:30:00,1.1625
2013-12-08 10:30:00,1.8987501
2013-12-09 10:30:00,3.06375
2013-12-10 10:30:00,2.9025002
2013-12-11 10:30:00,1.0225
2013-12-12 10:30:00,4.635
2013-12-13 10:30:00,4.94125
2013-12-14 10:30:00,4.6575
2013-12-15 10:30:00,1.62625
2013-12-16 10:30:00,1.14
2013-12-17 10:30:00,1.49125
2013-12-18 10:30:00,1.94375
2013-12-19 10:30:00,3.5925
2013-12-20 10:30:00,4.17
2013-12-21 10:30:00,1.7075
2013-12-22 10:30:00,1.8675
2013-12-23 10:30:00,1.3874999
2013-12-24 10:30:00,1.4512501
2013-12-25 10:30:00,1.96125
2013-12-26 10:30:00,3.3825
2013-12-27 10:30:00,3.52375
2013-12-28 10:30:00,4.4375
2013-12-29 10:30:00,2.92125
2013-12-30 10:30:00,2.57625
2013-12-31 10:30:00,4.72375
2014-01-01 10:30:00,4.21375
2014-01-02 10:30:00,3.36375
2014-01-03 10:30:00,3.42375
2014-01-04 10:30:00,1.2825
2014-01-05 10:30:00,1.885
2014-01-06 10:30:00,2.6675
2014-01-07 10:30:00,4.83375
2014-01-08 10:30:00,3.71625
2014-01-09 10:30:00,2.7
2014-01-10 10:30:00,3.075
2014-01-11 10:30:00,4.9525
2014-01-12 10:30:00,4.95
2014-01-13 10:30:00,2.41875
2014-01-14 10:30:00,1.58125
2014-01-15 10:30:00,2.1975
2014-01-16 10:30:00,1.0799999
2014-01-17 10:30:00,3.26875
2014-01-18 10:30:00,1.54125
2014-01-19 10:30:00,1.26
2014-01-20 10:30:00,2.96
2014-01-21 10:30:00,2.33625
2014-01-22 10:30:00,1.32375
2014-01-23 10:30:00,2.61625
2014-01-24 10:30:00,3.10875
2014-01-25 10:30:00,3.7025
2014-01-26 10:30:00,1.525
2014-01-27 10:30:00,6.995
2014-01-28 10:30:00,1.4549999
2014-01-29 10:30:00,2.1025
2014-01-30 10:30:00,2.45875
2014-01-31 10:30:00,2.1475
2014-02-01 10:30:00,3.21125
2014-02-02 10:30:00,6.24125
2014-02-03 10:30:00,3.6975
2014-02-04 10:30:00,2.62
2014-02-05 10:30:00,2.73125
2014-02-06 10:30:00,2.58375
2014-02-07 10:30:00,1.83
2014-02-08 10:30:00,2.78625
2014-02-09 10:30:00,2.6175
2014-02-10 10:30:00,1.03625
2014-02-11 10:30:00,2.01
2014-02-12 10:30:00,2.08625
2014-02-13 10:30:00,1.3575
2014-02-14 10:30:00,1.44625
2014-02-15 10:30:00,1.51625
2014-02-16 10:30:00,2.035
2014-02-17 10:30:00,2.1175
2014-02-18 10:30:00,1.54
2014-02-19 10:30:00,1.6875
2014-02-20 10:30:00,0.8525
2014-02-21 10:30:00,1.6975
2014-02-22 10:30:00,1.55125
2014-02-23 10:30:00,1.22
2014-02-24 10:30:00,1.50875
2014-02-25 10:30:00,1.19
2014-02-26 10:30:00,3.93125
2014-02-27 10:30:00,3.29
2014-02-28 10:30:00,1.91125
2014-03-01 10:30:00,2.85
2014-03-02 10:30:00,2.82125
2014-03-03 10:30:00,2.57125
2014-03-04 10:30:00,4.0299997
2014-03-05 10:30:00,4.0675
2014-03-06 10:30:00,3.4737499
2014-03-07 10:30:00,3.4950001
2014-03-08 10:30:00,4.22875
2014-03-09 10:30:00,3.11375
2014-03-10 10:30:00,1.48375
2014-03-11 10:30:00,3.29875
2014-03-12 10:30:00,3.0987499
2014-03-13 10:30:00,2.03
2014-03-14 10:30:00,1.875
2014-03-15 10:30:00,3.4424999
2014-03-16 10:30:00,1.14
2014-03-17 10:30:00,1.89125
2014-03-18 10:30:00,2.7
2014-03-19 10:30:00,4.60125
2014-03-20 10:30:00,3.21875
2014-03-21 10:30:00,1.64625
2014-03-22 10:30:00,2.80875
2014-03-23 10:30:00,1.6825
2014-03-24 10:30:00,3.35375
2014-03-25 10:30:00,3.1375
2014-03-26 10:30:00,2.4925
2014-03-27 10:30:00,2.2375
2014-03-28 10:30:00,1.74375
2014-03-29 10:30:00,2.73875
2014-03-30 10:30:00,4.28375
2014-03-31 10:30:00,2.67125
2014-04-01 10:30:00,2.765
2014-04-02 10:30:00,3.3812501
2014-04-03 10:30:00,3.9325001
2014-04-04 10:30:00,3.3625
2014-04-05 10:30:00,3.4275
2014-04-06 10:30:00,3.025
2014-04-07 10:30:00,2.1
2014-04-08 10:30:00,2.8025
2014-04-09 10:30:00,2.1975
2014-04-10 10:30:00,2.2825
2014-04-11 10:30:00,2.37875
2014-04-12 10:30:00,2.475
2014-04-13 10:30:00,3.4675
2014-04-14 10:30:00,6.125
2014-04-15 10:30:00,2.78125
2014-04-16 10:30:00,1.95625
2014-04-17 10:30:00,2.6937501
2014-04-18 10:30:00,3.05
2014-04-19 10:30:00,3.09875
2014-04-20 10:30:00,3.16375
2014-04-21 10:30:00,2.775
2014-04-22 10:30:00,2.01375
2014-04-23 10:30:00,2.7225
2014-04-24 10:30:00,1.99125
2014-04-25 10:30:00,3.4375
2014-04-26 10:30:00,4.73375
2014-04-27 10:30:00,3.0825
2014-04-28 10:30:00,1.94875
2014-04-29 10:30:00,2.38875
2014-04-30 10:30:00,3.54
2014-05-01 10:30:00,3.35375
2014-05-02 10:30:00,1.7674999
2014-05-03 10:30:00,2.97125
2014-05-04 10:30:00,3.14625
2014-05-05 10:30:00,3.73875
2014-05-06 10:30:00,1.78625
2014-05-07 10:30:00,2.85375
2014-05-08 10:30:00,2.34
2014-05-09 10:30:00,2.44625
2014-05-10 10:30:00,1.95375
2014-05-11 10:30:00,3.22875
2014-05-12 10:30:00,3.46875
2014-05-13 10:30:00,2.77125
2014-05-14 10:30:00,2.55625
2014-05-15 10:30:00,1.2375
2014-05-16 10:30:00,1.585
2014-05-17 10:30:00,2.3475
2014-05-18 10:30:00,1.27375
2014-05-19 10:30:00,2.12125
2014-05-20 10:30:00,2.73375
2014-05-21 10:30:00,2.48375
2014-05-22 10:30:00,3.25625
2014-05-23 10:30:00,2.40625
2014-05-24 10:30:00,2.77625
2014-05-25 10:30:00,3.09
2014-05-26 10:30:00,3.405
2014-05-27 10:30:00,2.885
2014-05-28 10:30:00,6.0699997
2014-05-29 10:30:00,4.2425
2014-05-30 10:30:00,2.8725
2014-05-31 10:30:00,2.2024999
2014-06-01 10:30:00,2.28375
2014-06-02 10:30:00,2.4012501
2014-06-03 10:30:00,1.85
2014-06-04 10:30:00,2.22625
2014-06-05 10:30:00,3.26625
2014-06-06 10:30:00,2.10375
2014-06-07 10:30:00,2.1025
2014-06-08 10:30:00,1.7275
2014-06-09 10:30:00,1.23
2014-06-10 10:30:00,1.3425
2014-06-11 10:30:00,2.3274999
2014-06-12 10:30:00,1.865
2014-06-13 10:30:00,2.03
2014-06-14 10:30:00,3.4625
2014-06-15 10:30:00,2.2437499
2014-06-16 10:30:00,1.86375
2014-06-17 10:30:00,2.16625
2014-06-18 10:30:00,2.4675
2014-06-19 10:30:00,1.8075
2014-06-20 10:30:00,1.33875
2014-06-21 10:30:00,1.88875
2014-06-22 10:30:00,1.9475
2014-06-23 10:30:00,2.47125
2014-06-24 10:30:00,1.92
2014-06-25 10:30:00,1.91625
2014-06-26 10:30:00,2.29375
2014-06-27 10:30:00,2.8975
2014-06-28 10:30:00,2.53
2014-06-29 10:30:00,1.895
2014-06-30 10:30:00,2.55625
2014-07-01 10:30:00,1.11375
2014-07-02 10:30:00,1.78875
2014-07-03 10:30:00,2.285
2014-07-04 10:30:00,3.25625
2014-07-05 10:30:00,1.43625
2014-07-06 10:30:00,2.27875
2014-07-07 10:30:00,2.45625
2014-07-08 10:30:00,4.72625
2014-07-09 10:30:00,3.235
2014-07-10 10:30:00,2.8325
2014-07-11 10:30:00,1.95625
2014-07-12 10:30:00,2.17625
2014-07-13 10:30:00,1.77
2014-07-14 10:30:00,1.4375
2014-07-15 10:30:00,1.3100001
2014-07-16 10:30:00,0.9775
2014-07-17 10:30:00,1.40625
2014-07-18 10:30:00,1.1725
2014-07-19 10:30:00,1.04625
2014-07-20 10:30:00,2.8475
2014-07-21 10:30:00,4.19125
2014-07-22 10:30:00,2.37875
2014-07-23 10:30:00,2.60875
2014-07-24 10:30:00,2.04
2014-07-25 10:30:00,1.535
2014-07-26 10:30:00,1.3362501
2014-07-27 10:30:00,1.7925
2014-07-28 10:30:00,2.48875
2014-07-29 10:30:00,2.1950002
2014-07-30 10:30:00,1.7874999
2014-07-31 10:30:00,2.2425
2014-08-01 10:30:00,2.4625
2014-08-02 10:30:00,1.6775
2014-08-03 10:30:00,2.625
2014-08-04 10:30:00,2.3025
2014-08-05 10:30:00,1.7925
2014-08-06 10:30:00,2.58625
2014-08-07 10:30:00,1.195
2014-08-08 10:30:00,2.165
2014-08-09 10:30:00,2.9875
2014-08-10 10:30:00,1.1325
2014-08-11 10:30:00,2.88125
2014-08-12 10:30:00,2.41375
2014-08-13 10:30:00,1.3725
2014-08-14 10:30:00,1.0124999
2014-08-15 10:30:00,1.52125
2014-08-16 10:30:00,1.46875
2014-08-17 10:30:00,1.7775
2014-08-18 10:30:00,1.775
2014-08-19 10:30:00,1.87125
2014-08-20 10:30:00,1.60125
2014-08-21 10:30:00,1.7275
2014-08-22 10:30:00,1.515
2014-08-23 10:30:00,1.6975
2014-08-24 10:30:00,2.28875
2014-08-25 10:30:00,3.12625
2014-08-26 10:30:00,2.94125
2014-08-27 10:30:00,1.3562499
2014-08-28 10:30:00,1.57875
2014-08-29 10:30:00,1.31375
2014-08-30 10:30:00,1.42125
2014-08-31 10:30:00,1.61875
2014-09-01 10:30:00,2.1125
2014-09-02 10:30:00,1.6700001
2014-09-03 10:30:00,2.35625
2014-09-04 10:30:00,2.77375
2014-09-05 10:30:00,1.3125
2014-09-06 10:30:00,1.35125
2014-09-07 10:30:00,3.34375
2014-09-08 10:30:00,5.495
2014-09-09 10:30:00,2.695
2014-09-10 10:30:00,1.70625
2014-09-11 10:30:00,1.92625
2014-09-12 10:30:00,1.5675
2014-09-13 10:30:00,3.12125
2014-09-14 10:30:00,4.64375
2014-09-15 10:30:00,4.59375
2014-09-16 10:30:00,1.91
2014-09-17 10:30:00,1.575
2014-09-18 10:30:00,2.07125
2014-09-19 10:30:00,1.4075
2014-09-20 10:30:00,1.86375
2014-09-21 10:30:00,1.73375
2014-09-22 10:30:00,1.43125
2014-09-23 10:30:00,1.46125
2014-09-24 10:30:00,1.4775
2014-09-25 10:30:00,1.775
2014-09-26 10:30:00,2.4275
2014-09-27 10:30:00,2.95375
2014-09-28 10:30:00,2.8912501
2014-09-29 10:30:00,2.5
2014-09-30 10:30:00,2.61
2014-10-01 10:30:00,1.19125
2014-10-02 10:30:00,2.0675
2014-10-03 10:30:00,1.79375
2014-10-04 10:30:00,1.31625
2014-10-05 10:30:00,2.36625
2014-10-06 10:30:00,3.06625
2014-10-07 10:30:00,2.705
2014-10-08 10:30:00,1.6375
2014-10-09 10:30:00,1.8775
2014-10-10 10:30:00,2.5825
2014-10-11 10:30:00,5.28625
2014-10-12 10:30:00,4.31
2014-10-13 10:30:00,1.69375
2014-10-14 10:30:00,2.0225
2014-10-15 10:30:00,4.87
2014-10-16 10:30:00,1.9825
2014-10-17 10:30:00,1.80375
2014-10-18 10:30:00,2.065
2014-10-19 10:30:00,5.08375
2014-10-20 10:30:00,4.84375
2014-10-21 10:30:00,1.62
2014-10-22 10:30:00,2.555
2014-10-23 10:30:00,2.33125
2014-10-24 10:30:00,1.3425
2014-10-25 10:30:00,5.86375
2014-10-26 10:30:00,6.97625
2014-10-27 10:30:00,1.4612501
2014-10-28 10:30:00,1.1725
2014-10-29 10:30:00,1.81625
2014-10-30 10:30:00,2.02
2014-10-31 10:30:00,2.79
2014-11-01 10:30:00,3.45625
2014-11-02 10:30:00,3.4475
2014-11-03 10:30:00,2.125
2014-11-04 10:30:00,2.13875
2014-11-05 10:30:00,4.22875
2014-11-06 10:30:00,3.705
2014-11-07 10:30:00,3.4175
2014-11-08 10:30:00,2.12875
2014-11-09 10:30:00,2.7075
2014-11-10 10:30:00,2.7725
2014-11-11 10:30:00,5.67375
2014-11-12 10:30:00,5.5412498
2014-11-13 10:30:00,4.02625
2014-11-14 10:30:00,3.46375
2014-11-15 10:30:00,1.665
2014-11-16 10:30:00,1.9275
2014-11-17 10:30:00,1.24625
2014-11-18 10:30:00,2.4437501
2014-11-19 10:30:00,0.53875
2014-11-20 10:30:00,1.85625
2014-11-21 10:30:00,3.16875
2014-11-22 10:30:00,1.6225
2014-11-23 10:30:00,4.03875
2014-11-24 10:30:00,2.15375
2014-11-25 10:30:00,2.35125
2014-11-26 10:30:00,5.50375
2014-11-27 10:30:00,1.4975
2014-11-28 10:30:00,1.36125
2014-11-29 10:30:00,1.23625
2014-11-30 10:30:00,4.3525
2014-12-01 10:30:00,6.51625
2014-12-02 10:30:00,8.2175
2014-12-03 10:30:00,5.9387503
2014-12-04 10:30:00,5.44
2014-12-05 10:30:00,4.55625
2014-12-06 10:30:00,2.95125
2014-12-07 10:30:00,2.26375
2014-12-08 10:30:00,2.5362499
2014-12-09 10:30:00,1.6525
2014-12-10 10:30:00,2.30625
2014-12-11 10:30:00,2.01875
2014-12-12 10:30:00,3.74625
2014-12-13 10:30:00,2.52875
2014-12-14 10:30:00,0.45624998
2014-12-15 10:30:00,2.6025
2014-12-16 10:30:00,2.82875
2014-12-17 10:30:00,1.47
2014-12-18 10:30:00,0.90500003
2014-12-19 10:30:00,2.725
2014-12-20 10:30:00,3.56
2014-12-21 10:30:00,2.445
2014-12-22 10:30:00,1.2025
2014-12-23 10:30:00,3.94625
2014-12-24 10:30:00,3.58125
2014-12-25 10:30:00,3.4562502
2014-12-26 10:30:00,0.9025
2014-12-27 10:30:00,2.8375
2014-12-28 10:30:00,2.05625
2014-12-29 10:30:00,1.06375
2014-12-30 10:30:00,4.685
2014-12-31 10:30:00,4.9387503
2015-01-01 10:30:00,3.695
2015-01-02 10:30:00,2.57875
2015-01-03 10:30:00,1.4125
2015-01-04 10:30:00,2.12875
2015-01-05 10:30:00,7.58
2015-01-06 10:30:00,5.48
2015-01-07 10:30:00,1.6325
2015-01-08 10:30:00,2.32625
2015-01-09 10:30:00,1.7537501
2015-01-10 10:30:00,2.4875
2015-01-11 10:30:00,2.24375
2015-01-12 10:30:00,0.6875
2015-01-13 10:30:00,1.1825
2015-01-14 10:30:00,0.62624997
2015-01-15 10:30:00,1.085
2015-01-16 10:30:00,5.2525
2015-01-17 10:30:00,2.075
2015-01-18 10:30:00,1.27625
2015-01-19 10:30:00,1.15375
2015-01-20 10:30:00,1.9499999
2015-01-21 10:30:00,1.20375
2015-01-22 10:30:00,0.88
2015-01-23 10:30:00,3.12125
2015-01-24 10:30:00,1.0275
2015-01-25 10:30:00,3.30625
2015-01-26 10:30:00,4.475
2015-01-27 10:30:00,3.90125
2015-01-28 10:30:00,1.8675001
2015-01-29 10:30:00,4.5637503
2015-01-30 10:30:00,3.6575
2015-01-31 10:30:00,2.07
2015-02-01 10:30:00,0.7625
2015-02-02 10:30:00,1.57125
2015-02-03 10:30:00,3.225
2015-02-04 10:30:00,3.11
2015-02-05 10:30:00,2.45875
2015-02-06 10:30:00,5.81375
2015-02-07 10:30:00,6.2512503
2015-02-08 10:30:00,3.3625
2015-02-09 10:30:00,1.16125
2015-02-10 10:30:00,4.57875
2015-02-11 10:30:00,3.365
2015-02-12 10:30:00,3.695
2015-02-13 10:30:00,2.315
2015-02-14 10:30:00,1.15875
2015-02-15 10:30:00,1.19375
2015-02-16 10:30:00,1.7225
2015-02-17 10:30:00,4.2400002
2015-02-18 10:30:00,1.3875
2015-02-19 10:30:00,1.755
2015-02-20 10:30:00,1.64125
2015-02-21 10:30:00,1.24
2015-02-22 10:30:00,5.79
2015-02-23 10:30:00,3.65125
2015-02-24 10:30:00,2.57125
2015-02-25 10:30:00,2.48125
2015-02-26 10:30:00,2.59125
2015-02-27 10:30:00,1.97
2015-02-28 10:30:00,2.6325
2015-03-01 10:30:00,3.45625
2015-03-02 10:30:00,2.9099998
2015-03-03 10:30:00,3.43125
2015-03-04 10:30:00,2.35
2015-03-05 10:30:00,2.045
2015-03-06 10:30:00,3.07875
2015-03-07 10:30:00,2.855
2015-03-08 10:30:00,4.23375
2015-03-09 10:30:00,4.5175
2015-03-10 10:30:00,3.83875
2015-03-11 10:30:00,5.8
2015-03-12 10:30:00,3.97625
2015-03-13 10:30:00,2.9225001
2015-03-14 10:30:00,1.69125
2015-03-15 10:30:00,2.96875
2015-03-16 10:30:00,3.46875
2015-03-17 10:30:00,2.82625
2015-03-18 10:30:00,3.34875
2015-03-19 10:30:00,4.12625
2015-03-20 10:30:00,2.88625
2015-03-21 10:30:00,6.11875
2015-03-22 10:30:00,4.7087502
2015-03-23 10:30:00,2.305
2015-03-24 10:30:00,1.2475001
2015-03-25 10:30:00,2.6675
2015-03-26 10:30:00,3.21125
2015-03-27 10:30:00,2.21125
2015-03-28 10:30:00,2.53
2015-03-29 10:30:00,2.90375
2015-03-30 10:30:00,2.56625
2015-03-31 10:30:00,2.51
2015-04-01 10:30:00,2.8825
2015-04-02 10:30:00,1.5600001
2015-04-03 10:30:00,1.65
2015-04-04 10:30:00,1.77125
2015-04-05 10:30:00,3.355
2015-04-06 10:30:00,2.81
2015-04-07 10:30:00,3.1575
2015-04-08 10:30:00,3.25875
2015-04-09 10:30:00,3.5925
2015-04-10 10:30:00,2.5125
2015-04-11 10:30:00,3.0987499
2015-04-12 10:30:00,2.13375
2015-04-13 10:30:00,4.32875
2015-04-14 10:30:00,2.6325
2015-04-15 10:30:00,5.6575
2015-04-16 10:30:00,3.45
2015-04-17 10:30:00,3.47625
2015-04-18 10:30:00,4.015
2015-04-19 10:30:00,5.765
2015-04-20 10:30:00,4.38125
2015-04-21 10:30:00,4.2925
2015-04-22 10:30:00,4.58625
2015-04-23 10:30:00,4.76
2015-04-24 10:30:00,3.21625
2015-04-25 10:30:00,3.3525
2015-04-26 10:30:00,2.69125
2015-04-27 10:30:00,1.91625
2015-04-28 10:30:00,1.75375
2015-04-29 10:30:00,3.96
2015-04-30 10:30:00,2.2
2015-05-01 10:30:00,2.4337502
2015-05-02 10:30:00,4.83875
2015-05-03 10:30:00,7.45125
2015-05-04 10:30:00,4.815
2015-05-05 10:30:00,4.77
2015-05-06 10:30:00,3.7025
2015-05-07 10:30:00,2.62625
2015-05-08 10:30:00,2.36625
2015-05-09 10:30:00,2.315
2015-05-10 10:30:00,1.94875
2015-05-11 10:30:00,1.88
2015-05-12 10:30:00,3.1375
2015-05-13 10:30:00,1.08
2015-05-14 10:30:00,4.595
2015-05-15 10:30:00,5.2125
2015-05-16 10:30:00,3.365
2015-05-17 10:30:00,2.51875
2015-05-18 10:30:00,2.4175
2015-05-19 10:30:00,2.94625
2015-05-20 10:30:00,2.635
2015-05-21 10:30:00,4.46
2015-05-22 10:30:00,3.71625
2015-05-23 10:30:00,3.43375
2015-05-24 10:30:00,3.3475
2015-05-25 10:30:00,1.62875
2015-05-26 10:30:00,1.8275
2015-05-27 10:30:00,1.3525
2015-05-28 10:30:00,1.94625
2015-05-29 10:30:00,4.21125
2015-05-30 10:30:00,2.105
2015-05-31 10:30:00,2.3125
2015-06-01 10:30:00,3.23625
2015-06-02 10:30:00,3.66375
2015-06-03 10:30:00,2.845
2015-06-04 10:30:00,2.105
2015-06-05 10:30:00,2.24625
2015-06-06 10:30:00,2.07625
2015-06-07 10:30:00,2.63625
2015-06-08 10:30:00,1.88
2015-06-09 10:30:00,1.25125
2015-06-10 10:30:00,2.53625
2015-06-11 10:30:00,2.5075
2015-06-12 10:30:00,2.38375
2015-06-13 10:30:00,1.5437499
2015-06-14 10:30:00,1.455
2015-06-15 10:30:00,2.31125
2015-06-16 10:30:00,3.19625
2015-06-17 10:30:00,3.94
2015-06-18 10:30:00,2.86875
2015-06-19 10:30:00,1.44375
2015-06-20 10:30:00,1.54375
2015-06-21 10:30:00,2.34
2015-06-22 10:30:00,1.5437499
2015-06-23 10:30:00,1.79625
2015-06-24 10:30:00,2.36125
2015-06-25 10:30:00,2.7137501
2015-06-26 10:30:00,1.32375
2015-06-27 10:30:00,2.535
2015-06-28 10:30:00,1.68375
2015-06-29 10:30:00,3.16375
2015-06-30 10:30:00,1.95
2015-07-01 10:30:00,2.6100001
2015-07-02 10:30:00,2.215
2015-07-03 10:30:00,1.895
2015-07-04 10:30:00,1.7025
2015-07-05 10:30:00,1.75625
2015-07-06 10:30:00,1.28
2015-07-07 10:30:00,1.6475
2015-07-08 10:30:00,1.61875
2015-07-09 10:30:00,1.4350001
2015-07-10 10:30:00,1.4525
2015-07-11 10:30:00,1.545
2015-07-12 10:30:00,2.02375
2015-07-13 10:30:00,1.89875
2015-07-14 10:30:00,1.7075
2015-07-15 10:30:00,1.63375
2015-07-16 10:30:00,1.285
2015-07-17 10:30:00,1.2175
2015-07-18 10:30:00,1.3375
2015-07-19 10:30:00,0.835
2015-07-20 10:30:00,1.8
2015-07-21 10:30:00,2.15375
2015-07-22 10:30:00,1.13375
2015-07-23 10:30:00,1.785
2015-07-24 10:30:00,1.6775
2015-07-25 10:30:00,2.14625
2015-07-26 10:30:00,3.7675
2015-07-27 10:30:00,4.06625
2015-07-28 10:30:00,1.8375
2015-07-29 10:30:00,1.1324999
2015-07-30 10:30:00,1.8462499
2015-07-31 10:30:00,1.2875
2015-08-01 10:30:00,2.885
2015-08-02 10:30:00,3.32
2015-08-03 10:30:00,3.505
2015-08-04 10:30:00,3.21
2015-08-05 10:30:00,1.29625
2015-08-06 10:30:00,1.8225
2015-08-07 10:30:00,1.6012499
2015-08-08 10:30:00,1.9475
2015-08-09 10:30:00,1.9025
2015-08-10 10:30:00,2.12125
2015-08-11 10:30:00,1.46
2015-08-12 10:30:00,1.64
2015-08-13 10:30:00,1.2887499
2015-08-14 10:30:00,1.155
2015-08-15 10:30:00,1.8562499
2015-08-16 10:30:00,1.74125
2015-08-17 10:30:00,1.175
2015-08-18 10:30:00,1.43625
2015-08-19 10:30:00,1.6975
2015-08-20 10:30:00,0.62125003
2015-08-21 10:30:00,1.055
2015-08-22 10:30:00,1.47375
2015-08-23 10:30:00,1.42125
2015-08-24 10:30:00,1.29875
2015-08-25 10:30:00,1.2887499
2015-08-26 10:30:00,2.105
2015-08-27 10:30:00,2.2925
2015-08-28 10:30:00,1.9612501
2015-08-29 10:30:00,1.6850001
2015-08-30 10:30:00,1.755
2015-08-31 10:30:00,1.425
2015-09-01 10:30:00,1.6274999
2015-09-02 10:30:00,1.92
2015-09-03 10:30:00,1.05875
2015-09-04 10:30:00,1.01
2015-09-05 10:30:00,1.0075
2015-09-06 10:30:00,1.93375
2015-09-07 10:30:00,1.1975
2015-09-08 10:30:00,1.715
2015-09-09 10:30:00,2.76875
2015-09-10 10:30:00,2.62375
2015-09-11 10:30:00,2.9275
2015-09-12 10:30:00,2.505
2015-09-13 10:30:00,1.225
2015-09-14 10:30:00,1.25
2015-09-15 10:30:00,1.6075
2015-09-16 10:30:00,1.8625001
2015-09-17 10:30:00,1.15625
2015-09-18 10:30:00,1.5187501
2015-09-19 10:30:00,1.7125
2015-09-20 10:30:00,2.32875
2015-09-21 10:30:00,2.125
2015-09-22 10:30:00,0.9525
2015-09-23 10:30:00,1.1625
2015-09-24 10:30:00,1.76625
2015-09-25 10:30:00,2.05625
2015-09-26 10:30:00,2.19625
2015-09-27 10:30:00,2.8200002
2015-09-28 10:30:00,3.315
2015-09-29 10:30:00,1.5725
2015-09-30 10:30:00,3.95875
2015-10-01 10:30:00,5.67
2015-10-02 10:30:00,6.875
2015-10-03 10:30:00,3.4075
2015-10-04 10:30:00,1.75375
2015-10-05 10:30:00,1.5400001
2015-10-06 10:30:00,2.1812499
2015-10-07 10:30:00,4.03
2015-10-08 10:30:00,2.38125
2015-10-09 10:30:00,2.37375
2015-10-10 10:30:00,2.5875
2015-10-11 10:30:00,3.74875
2015-10-12 10:30:00,2.005
2015-10-13 10:30:00,1.48875
2015-10-14 10:30:00,1.89
2015-10-15 10:30:00,1.80125
2015-10-16 10:30:00,3.325
2015-10-17 10:30:00,4.385
2015-10-18 10:30:00,2.5025
2015-10-19 10:30:00,4.53125
2015-10-20 10:30:00,1.51875
2015-10-21 10:30:00,2.99875
2015-10-22 10:30:00,2.25625
2015-10-23 10:30:00,6.43625
2015-10-24 10:30:00,3.29125
2015-10-25 10:30:00,1.62875
2015-10-26 10:30:00,4.94625
2015-10-27 10:30:00,6.00625
2015-10-28 10:30:00,5.7275
2015-10-29 10:30:00,5.5525
2015-10-30 10:30:00,4.7475
2015-10-31 10:30:00,2.90625
2015-11-01 10:30:00,3.30125
2015-11-02 10:30:00,1.7787501
2015-11-03 10:30:00,4.04625
2015-11-04 10:30:00,5.72375
2015-11-05 10:30:00,3.28375
2015-11-06 10:30:00,1.22625
2015-11-07 10:30:00,1.01
2015-11-08 10:30:00,1.18375
2015-11-09 10:30:00,1.0375
2015-11-10 10:30:00,1.155
2015-11-11 10:30:00,0.71125
2015-11-12 10:30:00,1.8525
2015-11-13 10:30:00,1.625
2015-11-14 10:30:00,3.5175002
2015-11-15 10:30:00,4.285
2015-11-16 10:30:00,1.95125
2015-11-17 10:30:00,2.19
2015-11-18 10:30:00,1.1225
2015-11-19 10:30:00,1.07875
2015-11-20 10:30:00,0.99
2015-11-21 10:30:00,2.59625
2015-11-22 10:30:00,2.33625
2015-11-23 10:30:00,3.695
2015-11-24 10:30:00,1.8837501
2015-11-25 10:30:00,2.3925
2015-11-26 10:30:00,1.48125
2015-11-27 10:30:00,1.125
2015-11-28 10:30:00,0.655
2015-11-29 10:30:00,2.30625
2015-11-30 10:30:00,0.98499995
2015-12-01 10:30:00,1.23625
2015-12-02 10:30:00,1.8525
2015-12-03 10:30:00,5.33375
2015-12-04 10:30:00,4.53625
2015-12-05 10:30:00,3.2125
2015-12-06 10:30:00,0.65875
2015-12-07 10:30:00,0.32500002
2015-12-08 10:30:00,2.26125
2015-12-09 10:30:00,1.27
2015-12-10 10:30:00,2.39125
2015-12-11 10:30:00,0.98375
2015-12-12 10:30:00,1.43375
2015-12-13 10:30:00,1.0025
2015-12-14 10:30:00,1.6725
2015-12-15 10:30:00,3.8275
2015-12-16 10:30:00,3.9612498
2015-12-17 10:30:00,4.12375
2015-12-18 10:30:00,1.7787501
2015-12-19 10:30:00,0.78625
2015-12-20 10:30:00,0.2225
2015-12-21 10:30:00,1.3475
2015-12-22 10:30:00,1.72625
2015-12-23 10:30:00,3.7987502
2015-12-24 10:30:00,2.08
2015-12-25 10:30:00,2.6875
2015-12-26 10:30:00,4.9224997
2015-12-27 10:30:00,3.9275
2015-12-28 10:30:00,2.3525
2015-12-29 10:30:00,1.38375
2015-12-30 10:30:00,2.11375
2015-12-31 10:30:00,1.44875
2016-01-01 10:30:00,3.1937501
2016-01-02 10:30:00,1.5625
2016-01-03 10:30:00,3.19125
2016-01-04 10:30:00,5.415
2016-01-05 10:30:00,2.98
2016-01-06 10:30:00,5.175
2016-01-07 10:30:00,4.27625
2016-01-08 10:30:00,3.32375
2016-01-09 10:30:00,4.2275
2016-01-10 10:30:00,4.985
2016-01-11 10:30:00,4.74125
2016-01-12 10:30:00,2.94375
2016-01-13 10:30:00,3.3575
2016-01-14 10:30:00,0.8625
2016-01-15 10:30:00,0.96375
2016-01-16 10:30:00,2.335
2016-01-17 10:30:00,3.35
2016-01-18 10:30:00,3.175
2016-01-19 10:30:00,2.07375
2016-01-20 10:30:00,1.7312499
2016-01-21 10:30:00,2.79125
2016-01-22 10:30:00,4.18
2016-01-23 10:30:00,4.875
2016-01-24 10:30:00,4.88625
2016-01-25 10:30:00,3.83375
2016-01-26 10:30:00,3.74125
2016-01-27 10:30:00,3.54375
2016-01-28 10:30:00,2.78125
2016-01-29 10:30:00,3.35625
2016-01-30 10:30:00,2.9325
2016-01-31 10:30:00,3.0575001
2016-02-01 10:30:00,3.8325
2016-02-02 10:30:00,1.9
2016-02-03 10:30:00,5.04
2016-02-04 10:30:00,4.135
2016-02-05 10:30:00,4.34625
2016-02-06 10:30:00,3.16875
2016-02-07 10:30:00,1.3425
2016-02-08 10:30:00,2.825
2016-02-09 10:30:00,1.2675
2016-02-10 10:30:00,1.0137501
2016-02-11 10:30:00,2.06375
2016-02-12 10:30:00,4.9375
2016-02-13 10:30:00,4.23375
2016-02-14 10:30:00,5.03625
2016-02-15 10:30:00,3.3875
2016-02-16 10:30:00,3.9775
2016-02-17 10:30:00,2.5
2016-02-18 10:30:00,3.57
2016-02-19 10:30:00,4.02125
2016-02-20 10:30:00,3.33625
2016-02-21 10:30:00,3.6225
2016-02-22 10:30:00,3.14875
2016-02-23 10:30:00,3.6325
2016-02-24 10:30:00,2.7025
2016-02-25 10:30:00,2.86625
2016-02-26 10:30:00,2.17
2016-02-27 10:30:00,2.6975
2016-02-28 10:30:00,2.55625
2016-02-29 10:30:00,3.1275
2016-03-01 10:30:00,3.33
2016-03-02 10:30:00,1.60125
2016-03-03 10:30:00,1.44875
2016-03-04 10:30:00,3.18375
2016-03-05 10:30:00,3.72375
2016-03-06 10:30:00,3.95
2016-03-07 10:30:00,3.8899999
2016-03-08 10:30:00,4.72625
2016-03-09 10:30:00,4.12375
2016-03-10 10:30:00,3.4637501
2016-03-11 10:30:00,2.73875
2016-03-12 10:30:00,5.215
2016-03-13 10:30:00,3.085
2016-03-14 10:30:00,2.075
2016-03-15 10:30:00,3.67625
2016-03-16 10:30:00,2.36875
2016-03-17 10:30:00,3.9075
2016-03-18 10:30:00,3.6412501
2016-03-19 10:30:00,2.6924999
2016-03-20 10:30:00,2.845
2016-03-21 10:30:00,2.8400002
2016-03-22 10:30:00,3.7024999
2016-03-23 10:30:00,3.6775
2016-03-24 10:30:00,3.0125
2016-03-25 10:30:00,3.9875
2016-03-26 10:30:00,2.25875
2016-03-27 10:30:00,2.77875
2016-03-28 10:30:00,5.1625
2016-03-29 10:30:00,4.87125
2016-03-30 10:30:00,2.5925
2016-03-31 10:30:00,2.03375
2016-04-01 10:30:00,6.64875
2016-04-02 10:30:00,6.75875
2016-04-03 10:30:00,4.4
2016-04-04 10:30:00,3.7862499
2016-04-05 10:30:00,3.4175
2016-04-06 10:30:00,4.2875
2016-04-07 10:30:00,7.13625
2016-04-08 10:30:00,6.76125
2016-04-09 10:30:00,3.6525
2016-04-10 10:30:00,2.6175
2016-04-11 10:30:00,2.28875
2016-04-12 10:30:00,1.7475001
2016-04-13 10:30:00,1.5587499
2016-04-14 10:30:00,1.8225
2016-04-15 10:30:00,3.03875
2016-04-16 10:30:00,2.03875
2016-04-17 10:30:00,2.61875
2016-04-18 10:30:00,2.47375
2016-04-19 10:30:00,5.38
2016-04-20 10:30:00,5.43875
2016-04-21 10:30:00,7.07125
2016-04-22 10:30:00,5.185
2016-04-23 10:30:00,2.9837499
2016-04-24 10:30:00,2.74625
2016-04-25 10:30:00,1.52875
2016-04-26 10:30:00,3.605
2016-04-27 10:30:00,2.17625
2016-04-28 10:30:00,2.26
2016-04-29 10:30:00,1.6925
2016-04-30 10:30:00,3.77
2016-05-01 10:30:00,2.6825
2016-05-02 10:30:00,3.2475
2016-05-03 10:30:00,4.09
2016-05-04 10:30:00,2.17875
2016-05-05 10:30:00,3.14
2016-05-06 10:30:00,3.0725
2016-05-07 10:30:00,3.71625
2016-05-08 10:30:00,2.94
2016-05-09 10:30:00,2.1425
2016-05-10 10:30:00,2.99
2016-05-11 10:30:00,3.32
2016-05-12 10:30:00,4.33375
2016-05-13 10:30:00,3.0875
2016-05-14 10:30:00,5.17125
2016-05-15 10:30:00,4.23125
2016-05-16 10:30:00,2.835
2016-05-17 10:30:00,3.76125
2016-05-18 10:30:00,3.365
2016-05-19 10:30:00,2.105
2016-05-20 10:30:00,4.72625
2016-05-21 10:30:00,2.2175
2016-05-22 10:30:00,1.41625
2016-05-23 10:30:00,3.00125
2016-05-24 10:30:00,1.49875
2016-05-25 10:30:00,3.01875
2016-05-26 10:30:00,4.27625
2016-05-27 10:30:00,2.03
2016-05-28 10:30:00,3.58875
2016-05-29 10:30:00,4.0325
2016-05-30 10:30:00,4.5625
2016-05-31 10:30:00,3.325
2016-06-01 10:30:00,2.2024999
2016-06-02 10:30:00,1.67
2016-06-03 10:30:00,2.04
2016-06-04 10:30:00,2.29875
2016-06-05 10:30:00,2.81625
2016-06-06 10:30:00,3.91875
2016-06-07 10:30:00,3.155
2016-06-08 10:30:00,3.0375001
2016-06-09 10:30:00,1.6575
2016-06-10 10:30:00,2.05375
2016-06-11 10:30:00,1.86
2016-06-12 10:30:00,2.785
2016-06-13 10:30:00,2.24625
2016-06-14 10:30:00,2.11125
2016-06-15 10:30:00,1.1949999
2016-06-16 10:30:00,1.4137499
2016-06-17 10:30:00,1.55625
2016-06-18 10:30:00,1.41375
2016-06-19 10:30:00,1.83125
2016-06-20 10:30:00,2.13
2016-06-21 10:30:00,2.03
2016-06-22 10:30:00,1.925
2016-06-23 10:30:00,3.02625
2016-06-24 10:30:00,2.48375
2016-06-25 10:30:00,2.27
2016-06-26 10:30:00,1.5575
2016-06-27 10:30:00,1.41125
2016-06-28 10:30:00,1.43625
2016-06-29 10:30:00,2.2325
2016-06-30 10:30:00,2.56875
2016-07-01 10:30:00,1.76875
2016-07-02 10:30:00,1.07625
2016-07-03 10:30:00,1.575
2016-07-04 10:30:00,2.27875
2016-07-05 10:30:00,2.565
2016-07-06 10:30:00,1.525
2016-07-07 10:30:00,1.565
2016-07-08 10:30:00,1.0425
2016-07-09 10:30:00,1.81375
2016-07-10 10:30:00,4.4825
2016-07-11 10:30:00,2.9112499
2016-07-12 10:30:00,1.84
2016-07-13 10:30:00,2.065
2016-07-14 10:30:00,1.5475
2016-07-15 10:30:00,1.84
2016-07-16 10:30:00,1.6475
2016-07-17 10:30:00,1.18125
2016-07-18 10:30:00,2.47875
2016-07-19 10:30:00,1.76375
2016-07-20 10:30:00,1.67
2016-07-21 10:30:00,1.4075
2016-07-22 10:30:00,2.12625
2016-07-23 10:30:00,2.34125
2016-07-24 10:30:00,3.45
2016-07-25 10:30:00,2.25625
2016-07-26 10:30:00,2.2225
2016-07-27 10:30:00,2.1325
2016-07-28 10:30:00,0.8775
2016-07-29 10:30:00,1.2875
2016-07-30 10:30:00,1.8162501
2016-07-31 10:30:00,1.59
2016-08-01 10:30:00,1.4025
2016-08-02 10:30:00,1.5862501
2016-08-03 10:30:00,1.7025
2016-08-04 10:30:00,2.415
2016-08-05 10:30:00,1.9137499
2016-08-06 10:30:00,2.74875
2016-08-07 10:30:00,2.80875
2016-08-08 10:30:00,1.56
2016-08-09 10:30:00,1.615
2016-08-10 10:30:00,1.6625
2016-08-11 10:30:00,1.9037501
2016-08-12 10:30:00,3.05625
2016-08-13 10:30:00,3.4425
2016-08-14 10:30:00,2.7875
2016-08-15 10:30:00,2.23375
2016-08-16 10:30:00,1.85625
2016-08-17 10:30:00,2.04875
2016-08-18 10:30:00,1.21625
2016-08-19 10:30:00,1.535
2016-08-20 10:30:00,1.86125
2016-08-21 10:30:00,2.095
2016-08-22 10:30:00,1.9175
2016-08-23 10:30:00,2.03
2016-08-24 10:30:00,3.10625
2016-08-25 10:30:00,4.26875
2016-08-26 10:30:00,2.75875
2016-08-27 10:30:00,1.76125
2016-08-28 10:30:00,1.99125
2016-08-29 10:30:00,2.0887501
2016-08-30 10:30:00,2.17375
2016-08-31 10:30:00,2.34375
2016-09-01 10:30:00,1.855
2016-09-02 10:30:00,0.83625
2016-09-03 10:30:00,1.48
2016-09-04 10:30:00,0.77875
2016-09-05 10:30:00,0.71250004
2016-09-06 10:30:00,1.5925
2016-09-07 10:30:00,1.1875
2016-09-08 10:30:00,1.4662501
2016-09-09 10:30:00,1.34
2016-09-10 10:30:00,1.74375
2016-09-11 10:30:00,1.4175
2016-09-12 10:30:00,0.96
2016-09-13 10:30:00,1.34875
2016-09-14 10:30:00,1.5975
2016-09-15 10:30:00,3.44625
2016-09-16 10:30:00,2.44875
2016-09-17 10:30:00,1.24
2016-09-18 10:30:00,2.53375
2016-09-19 10:30:00,2.62875
2016-09-20 10:30:00,1.8199999
2016-09-21 10:30:00,2.16625
2016-09-22 10:30:00,1.04875
2016-09-23 10:30:00,1.1175
2016-09-24 10:30:00,3.44375
2016-09-25 10:30:00,2.80125
2016-09-26 10:30:00,2.20625
2016-09-27 10:30:00,1.885
2016-09-28 10:30:00,2.20125
2016-09-29 10:30:00,1.84625
2016-09-30 10:30:00,1.6475
2016-10-01 10:30:00,3.74
2016-10-02 10:30:00,2.2649999
2016-10-03 10:30:00,2.585
2016-10-04 10:30:00,1.25875
2016-10-05 10:30:00,2.8925
2016-10-06 10:30:00,2.9325
2016-10-07 10:30:00,0.68625003
2016-10-08 10:30:00,3.36125
2016-10-09 10:30:00,3.0925
2016-10-10 10:30:00,2.4975
2016-10-11 10:30:00,2.8225
2016-10-12 10:30:00,1.8375
2016-10-13 10:30:00,1.5899999
2016-10-14 10:30:00,1.97375
2016-10-15 10:30:00,2.85625
2016-10-16 10:30:00,5.05875
2016-10-17 10:30:00,2.71875
2016-10-18 10:30:00,2.7375
2016-10-19 10:30:00,2.45
2016-10-20 10:30:00,2.64875
2016-10-21 10:30:00,2.40375
2016-10-22 10:30:00,2.7525
2016-10-23 10:30:00,1.61
2016-10-24 10:30:00,3.26
2016-10-25 10:30:00,4.0175
2016-10-26 10:30:00,1.9775
2016-10-27 10:30:00,3.27875
2016-10-28 10:30:00,3.6312501
2016-10-29 10:30:00,2.37625
2016-10-30 10:30:00,4.33625
2016-10-31 10:30:00,3.67375
2016-11-01 10:30:00,2.0375
2016-11-02 10:30:00,2.34625
2016-11-03 10:30:00,2.1399999
2016-11-04 10:30:00,1.37
2016-11-05 10:30:00,1.615
2016-11-06 10:30:00,1.5725
2016-11-07 10:30:00,2.4075
2016-11-08 10:30:00,2.995
2016-11-09 10:30:00,1.09
2016-11-10 10:30:00,0.87624997
2016-11-11 10:30:00,2.6100001
2016-11-12 10:30:00,0.98625
2016-11-13 10:30:00,0.64125
2016-11-14 10:30:00,3.2425
2016-11-15 10:30:00,1.12875
2016-11-16 10:30:00,0.6725
2016-11-17 10:30:00,1.9175
2016-11-18 10:30:00,1.615
2016-11-19 10:30:00,2.685
2016-11-20 10:30:00,4.235
2016-11-21 10:30:00,3.8
2016-11-22 10:30:00,3.26375
2016-11-23 10:30:00,2.91875
2016-11-24 10:30:00,1.37875
2016-11-25 10:30:00,0.3225
2016-11-26 10:30:00,1.71625
2016-11-27 10:30:00,2.72125
2016-11-28 10:30:00,2.8075
2016-11-29 10:30:00,1.4425
2016-11-30 10:30:00,4.7375
2016-12-01 10:30:00,3.5262501
2016-12-02 10:30:00,1.45375
2016-12-03 10:30:00,3.6975
2016-12-04 10:30:00,3.16625
2016-12-05 10:30:00,2.4975
2016-12-06 10:30:00,0.6625
2016-12-07 10:30:00,1.59375
2016-12-08 10:30:00,3.20125
2016-12-09 10:30:00,2.775
2016-12-10 10:30:00,2.2925
2016-12-11 10:30:00,2.08
2016-12-12 10:30:00,4.44375
2016-12-13 10:30:00,4.1275
2016-12-14 10:30:00,2.07625
2016-12-15 10:30:00,4.3875
2016-12-16 10:30:00,1.74
2016-12-17 10:30:00,2.06625
2016-12-18 10:30:00,1.45
2016-12-19 10:30:00,0.46125
2016-12-20 10:30:00,1.8925
2016-12-21 10:30:00,0.61875
2016-12-22 10:30:00,2.26
2016-12-23 10:30:00,1.30625
2016-12-24 10:30:00,0.91375
2016-12-25 10:30:00,4.04
2016-12-26 10:30:00,4.5425
2016-12-27 10:30:00,2.1412501
2016-12-28 10:30:00,5.08625
2016-12-29 10:30:00,2.77625
2016-12-30 10:30:00,1.615
2016-12-31 10:30:00,0.94374996
2017-01-01 10:30:00,1.89875
2017-01-02 10:30:00,1.6899999
2017-01-03 10:30:00,3.5075
2017-01-04 10:30:00,0.64
2017-01-05 10:30:00,0.96875
2017-01-06 10:30:00,1.87625
2017-01-07 10:30:00,1.2225
2017-01-08 10:30:00,5.12375
2017-01-09 10:30:00,5.54625
2017-01-10 10:30:00,3.845
2017-01-11 10:30:00,3.7575
2017-01-12 10:30:00,6.0187497
2017-01-13 10:30:00,4.8075
2017-01-14 10:30:00,3.1625
2017-01-15 10:30:00,1.74875
2017-01-16 10:30:00,0.62
2017-01-17 10:30:00,1.39625
2017-01-18 10:30:00,3.415
2017-01-19 10:30:00,4.0550003
2017-01-20 10:30:00,1.85125
2017-01-21 10:30:00,2.8325
2017-01-22 10:30:00,3.72
2017-01-23 10:30:00,3.18375
2017-01-24 10:30:00,1.52125
2017-01-25 10:30:00,1.18875
2017-01-26 10:30:00,5.6775002
2017-01-27 10:30:00,2.5675
2017-01-28 10:30:00,1.1800001
2017-01-29 10:30:00,3.6412501
2017-01-30 10:30:00,3.6875
2017-01-31 10:30:00,5.10375
2017-02-01 10:30:00,5.0825
2017-02-02 10:30:00,3.46125
2017-02-03 10:30:00,1.6225
2017-02-04 10:30:00,2.89125
2017-02-05 10:30:00,4.45125
2017-02-06 10:30:00,4.42625
2017-02-07 10:30:00,3.685
2017-02-08 10:30:00,4.99625
2017-02-09 10:30:00,3.635
2017-02-10 10:30:00,4.5475
2017-02-11 10:30:00,3.58125
2017-02-12 10:30:00,2.6075
2017-02-13 10:30:00,2.67875
2017-02-14 10:30:00,1.90875
2017-02-15 10:30:00,3.4925
2017-02-16 10:30:00,6.15375
2017-02-17 10:30:00,3.83125
2017-02-18 10:30:00,2.18625
2017-02-19 10:30:00,2.715
2017-02-20 10:30:00,3.44875
2017-02-21 10:30:00,1.82
2017-02-22 10:30:00,4.34
2017-02-23 10:30:00,3.61125
2017-02-24 10:30:00,3.4437501
2017-02-25 10:30:00,3.82625
2017-02-26 10:30:00,2.125
2017-02-27 10:30:00,3.08875
2017-02-28 10:30:00,3.64375
2017-03-01 10:30:00,3.49625
2017-03-02 10:30:00,2.635
2017-03-03 10:30:00,2.555
2017-03-04 10:30:00,2.85125
2017-03-05 10:30:00,3.52125
2017-03-06 10:30:00,4.1262503
2017-03-07 10:30:00,5.0724998
2017-03-08 10:30:00,5.16125
2017-03-09 10:30:00,3.68
2017-03-10 10:30:00,2.2237499
2017-03-11 10:30:00,5.0725
2017-03-12 10:30:00,4.29
2017-03-13 10:30:00,3.3375
2017-03-14 10:30:00,2.58
2017-03-15 10:30:00,2.70125
2017-03-16 10:30:00,1.2262499
2017-03-17 10:30:00,1.4812499
2017-03-18 10:30:00,4.80375
2017-03-19 10:30:00,3.7225
2017-03-20 10:30:00,4.01875
2017-03-21 10:30:00,3.76375
2017-03-22 10:30:00,3.87625
2017-03-23 10:30:00,2.93875
2017-03-24 10:30:00,2.16
2017-03-25 10:30:00,2.62875
2017-03-26 10:30:00,1.5862501
2017-03-27 10:30:00,2.7037501
2017-03-28 10:30:00,3.00625
2017-03-29 10:30:00,2.355
2017-03-30 10:30:00,3.29125
2017-03-31 10:30:00,2.89375
2017-04-01 10:30:00,2.90875
2017-04-02 10:30:00,4.01125
2017-04-03 10:30:00,2.9175
2017-04-04 10:30:00,2.79375
2017-04-05 10:30:00,3.1125
2017-04-06 10:30:00,2.9575
2017-04-07 10:30:00,4.1425
2017-04-08 10:30:00,4.64375
2017-04-09 10:30:00,3.25
2017-04-10 10:30:00,5.0837502
2017-04-11 10:30:00,5.50875
2017-04-12 10:30:00,4.08875
2017-04-13 10:30:00,3.68875
2017-04-14 10:30:00,4.945
2017-04-15 10:30:00,5.75625
2017-04-16 10:30:00,3.1225
2017-04-17 10:30:00,1.8625
2017-04-18 10:30:00,3.96125
2017-04-19 10:30:00,2.19375
2017-04-20 10:30:00,1.59125
2017-04-21 10:30:00,3.32
2017-04-22 10:30:00,4.82625
2017-04-23 10:30:00,3.5037498
2017-04-24 10:30:00,2.875
2017-04-25 10:30:00,4.03125
2017-04-26 10:30:00,4.50375
2017-04-27 10:30:00,3.94625
2017-04-28 10:30:00,4.525
2017-04-29 10:30:00,6.3975
2017-04-30 10:30:00,2.96
2017-05-01 10:30:00,3.2137501
2017-05-02 10:30:00,5.88125
2017-05-03 10:30:00,6.7262497
2017-05-04 10:30:00,5.17375
2017-05-05 10:30:00,6.15125
2017-05-06 10:30:00,8.43125
2017-05-07 10:30:00,4.0525
2017-05-08 10:30:00,3.33625
2017-05-09 10:30:00,4.32625
2017-05-10 10:30:00,2.13625
2017-05-11 10:30:00,3.84
2017-05-12 10:30:00,2.41875
2017-05-13 10:30:00,3.025
2017-05-14 10:30:00,3.07875
2017-05-15 10:30:00,2.5175
2017-05-16 10:30:00,1.87625
2017-05-17 10:30:00,2.3825
2017-05-18 10:30:00,4.90125
2017-05-19 10:30:00,3.31125
2017-05-20 10:30:00,2.80625
2017-05-21 10:30:00,1.61375
2017-05-22 10:30:00,1.61375
2017-05-23 10:30:00,4.6575
2017-05-24 10:30:00,3.425
2017-05-25 10:30:00,1.5225
2017-05-26 10:30:00,2.7150002
2017-05-27 10:30:00,3.395
2017-05-28 10:30:00,6.1075
2017-05-29 10:30:00,5.06
2017-05-30 10:30:00,3.8625
2017-05-31 10:30:00,3.46125
2017-06-01 10:30:00,2.51875
2017-06-02 10:30:00,3.04875
2017-06-03 10:30:00,2.7075
2017-06-04 10:30:00,2.36625
2017-06-05 10:30:00,2.04625
2017-06-06 10:30:00,3.09
2017-06-07 10:30:00,3.0874999
2017-06-08 10:30:00,3.35625
2017-06-09 10:30:00,5.25125
2017-06-10 10:30:00,3.19125
2017-06-11 10:30:00,2.32375
2017-06-12 10:30:00,1.78625
2017-06-13 10:30:00,3.4975
2017-06-14 10:30:00,2.42875
2017-06-15 10:30:00,1.74875
2017-06-16 10:30:00,1.83875
2017-06-17 10:30:00,2.16
2017-06-18 10:30:00,2.85
2017-06-19 10:30:00,2.33375
2017-06-20 10:30:00,2.2325
2017-06-21 10:30:00,2.45375
2017-06-22 10:30:00,2.76625
2017-06-23 10:30:00,1.60125
2017-06-24 10:30:00,2.12
2017-06-25 10:30:00,1.59125
2017-06-26 10:30:00,1.37625
2017-06-27 10:30:00,1.60625
2017-06-28 10:30:00,1.995
2017-06-29 10:30:00,1.76
2017-06-30 10:30:00,2.1675
2017-07-01 10:30:00,1.69375
2017-07-02 10:30:00,1.4325
2017-07-03 10:30:00,2.17875
2017-07-04 10:30:00,2.65375
2017-07-05 10:30:00,2.16125
2017-07-06 10:30:00,3.1625
2017-07-07 10:30:00,3.14625
2017-07-08 10:30:00,1.96375
2017-07-09 10:30:00,1.81375
2017-07-10 10:30:00,2.24875
2017-07-11 10:30:00,3.10875
2017-07-12 10:30:00,2.225
2017-07-13 10:30:00,2.995
2017-07-14 10:30:00,3.46125
2017-07-15 10:30:00,2.17125
2017-07-16 10:30:00,1.96
2017-07-17 10:30:00,1.9225
2017-07-18 10:30:00,3.08375
2017-07-19 10:30:00,1.64375
2017-07-20 10:30:00,1.77625
2017-07-21 10:30:00,2.5787501
2017-07-22 10:30:00,2.24875
2017-07-23 10:30:00,1.965
2017-07-24 10:30:00,3.5037498
2017-07-25 10:30:00,1.45875
2017-07-26 10:30:00,2.725
2017-07-27 10:30:00,2.27125
2017-07-28 10:30:00,1.75875
2017-07-29 10:30:00,1.52625
2017-07-30 10:30:00,1.4625
2017-07-31 10:30:00,1.535
2017-08-01 10:30:00,2.01
2017-08-02 10:30:00,1.62875
2017-08-03 10:30:00,1.33
2017-08-04 10:30:00,1.15
2017-08-05 10:30:00,1.7887499
2017-08-06 10:30:00,1.1975
2017-08-07 10:30:00,1.7775
2017-08-08 10:30:00,0.9725
2017-08-09 10:30:00,1.465
2017-08-10 10:30:00,0.69375
2017-08-11 10:30:00,1.51625
2017-08-12 10:30:00,2.165
2017-08-13 10:30:00,1.91375
2017-08-14 10:30:00,1.3525
2017-08-15 10:30:00,1.41875
2017-08-16 10:30:00,1.36625
2017-08-17 10:30:00,1.3987501
2017-08-18 10:30:00,1.5725
2017-08-19 10:30:00,1.4187499
2017-08-20 10:30:00,2.25125
2017-08-21 10:30:00,2.52125
2017-08-22 10:30:00,2.29
2017-08-23 10:30:00,2.66
2017-08-24 10:30:00,6.34375
2017-08-25 10:30:00,5.34625
2017-08-26 10:30:00,2.83
2017-08-27 10:30:00,3.73625
2017-08-28 10:30:00,5.50625
2017-08-29 10:30:00,6.4387503
2017-08-30 10:30:00,3.25125
2017-08-31 10:30:00,2.3775
2017-09-01 10:30:00,1.98625
2017-09-02 10:30:00,2.15625
2017-09-03 10:30:00,1.6425
2017-09-04 10:30:00,2.05125
2017-09-05 10:30:00,2.50875
2017-09-06 10:30:00,2.9212499
2017-09-07 10:30:00,3.0475
2017-09-08 10:30:00,1.755
2017-09-09 10:30:00,1.505
2017-09-10 10:30:00,2.30125
2017-09-11 10:30:00,5.10125
2017-09-12 10:30:00,3.4175
2017-09-13 10:30:00,2.3162498
2017-09-14 10:30:00,1.44375
2017-09-15 10:30:00,1.725
2017-09-16 10:30:00,1.88625
2017-09-17 10:30:00,2.19
2017-09-18 10:30:00,2.59125
2017-09-19 10:30:00,3.29
2017-09-20 10:30:00,1.17625
2017-09-21 10:30:00,2.53875
2017-09-22 10:30:00,2.335
2017-09-23 10:30:00,2.7350001
2017-09-24 10:30:00,2.76625
2017-09-25 10:30:00,3.39625
2017-09-26 10:30:00,5.0225
2017-09-27 10:30:00,3.96125
2017-09-28 10:30:00,5.15
2017-09-29 10:30:00,5.91
2017-09-30 10:30:00,3.4725
2017-10-01 10:30:00,6.07
2017-10-02 10:30:00,3.805
2017-10-03 10:30:00,2.76625
2017-10-04 10:30:00,2.46875
2017-10-05 10:30:00,1.40625
2017-10-06 10:30:00,2.79875
2017-10-07 10:30:00,2.2375
2017-10-08 10:30:00,0.95875
2017-10-09 10:30:00,2.3912501
2017-10-10 10:30:00,1.18875
2017-10-11 10:30:00,2.2975
2017-10-12 10:30:00,1.73
2017-10-13 10:30:00,3.13
2017-10-14 10:30:00,2.815
2017-10-15 10:30:00,1.585
2017-10-16 10:30:00,3.55
2017-10-17 10:30:00,2.2925
2017-10-18 10:30:00,2.07375
2017-10-19 10:30:00,1.57
2017-10-20 10:30:00,3.59125
2017-10-21 10:30:00,2.3374999
2017-10-22 10:30:00,0.87
2017-10-23 10:30:00,1.18625
2017-10-24 10:30:00,2.90875
2017-10-25 10:30:00,1.725
2017-10-26 10:30:00,1.3975
2017-10-27 10:30:00,3.6975
2017-10-28 10:30:00,5.8287497
2017-10-29 10:30:00,4.44875
2017-10-30 10:30:00,1.3325
2017-10-31 10:30:00,4.32875
2017-11-01 10:30:00,3.83875
2017-11-02 10:30:00,3.0725
2017-11-03 10:30:00,3.62375
2017-11-04 10:30:00,2.09375
2017-11-05 10:30:00,2.9850001
2017-11-06 10:30:00,1.0862501
2017-11-07 10:30:00,1.14625
2017-11-08 10:30:00,1.55125
2017-11-09 10:30:00,1.93
2017-11-10 10:30:00,4.48
2017-11-11 10:30:00,1.42125
2017-11-12 10:30:00,2.42375
2017-11-13 10:30:00,4.2475
2017-11-14 10:30:00,4.67125
2017-11-15 10:30:00,4.21625
2017-11-16 10:30:00,2.4012501
2017-11-17 10:30:00,4.17375
2017-11-18 10:30:00,3.51875
2017-11-19 10:30:00,2.30125
2017-11-20 10:30:00,2.26625
2017-11-21 10:30:00,3.97875
2017-11-22 10:30:00,3.9337502
2017-11-23 10:30:00,3.55375
2017-11-24 10:30:00,1.7
2017-11-25 10:30:00,2.80375
2017-11-26 10:30:00,2.5575001
2017-11-27 10:30:00,4.70875
2017-11-28 10:30:00,6.8650002
2017-11-29 10:30:00,4.9700003
2017-11-30 10:30:00,2.44125
2017-12-01 10:30:00,3.19875
2017-12-02 10:30:00,1.71875
2017-12-03 10:30:00,2.895
2017-12-04 10:30:00,3.52625
2017-12-05 10:30:00,1.3175
2017-12-06 10:30:00,2.18875
2017-12-07 10:30:00,3.45
2017-12-08 10:30:00,2.2525
2017-12-09 10:30:00,2.12375
2017-12-10 10:30:00,4.0375
2017-12-11 10:30:00,6.04125
2017-12-12 10:30:00,4.82875
2017-12-13 10:30:00,2.21625
2017-12-14 10:30:00,2.375
2017-12-15 10:30:00,4.76375
2017-12-16 10:30:00,3.9425
2017-12-17 10:30:00,2.34875
2017-12-18 10:30:00,3.9412498
2017-12-19 10:30:00,1.8299999
2017-12-20 10:30:00,2.46375
2017-12-21 10:30:00,1.28
2017-12-22 10:30:00,3.4637501
2017-12-23 10:30:00,3.0825
2017-12-24 10:30:00,3.245
2017-12-25 10:30:00,3.93375
2017-12-26 10:30:00,5.025
2017-12-27 10:30:00,2.2525
2017-12-28 10:30:00,1.9275
2017-12-29 10:30:00,0.925
2017-12-30 10:30:00,1.67625
2017-12-31 10:30:00,1.715
2018-01-01 10:30:00,4.41
2018-01-02 10:30:00,4.35875
2018-01-03 10:30:00,4.42125
2018-01-04 10:30:00,4.18125
2018-01-05 10:30:00,4.4049997
2018-01-06 10:30:00,4.21375
2018-01-07 10:30:00,3.6200001
2018-01-08 10:30:00,2.65375
2018-01-09 10:30:00,2.96375
2018-01-10 10:30:00,3.72625
2018-01-11 10:30:00,2.58625
2018-01-12 10:30:00,1.34
2018-01-13 10:30:00,1.9125
2018-01-14 10:30:00,3.51375
2018-01-15 10:30:00,1.355
2018-01-16 10:30:00,0.87375
2018-01-17 10:30:00,2.9475
2018-01-18 10:30:00,2.4925
2018-01-19 10:30:00,4.89125
2018-01-20 10:30:00,5.1375
2018-01-21 10:30:00,4.52625
2018-01-22 10:30:00,4.5025
2018-01-23 10:30:00,3.94625
2018-01-24 10:30:00,2.485
2018-01-25 10:30:00,4.07625
2018-01-26 10:30:00,3.94625
2018-01-27 10:30:00,5.395
2018-01-28 10:30:00,4.9475
2018-01-29 10:30:00,3.97625
2018-01-30 10:30:00,3.81625
2018-01-31 10:30:00,1.89
2018-02-01 10:30:00,3.6425
2018-02-02 10:30:00,2.77875
2018-02-03 10:30:00,3.1275
2018-02-04 10:30:00,2.67
2018-02-05 10:30:00,3.5025
2018-02-06 10:30:00,1.65625
2018-02-07 10:30:00,2.52
2018-02-08 10:30:00,2.29125
2018-02-09 10:30:00,3.8275
2018-02-10 10:30:00,4.85375
2018-02-11 10:30:00,4.35125
2018-02-12 10:30:00,3.8312502
2018-02-13 10:30:00,3.51375
2018-02-14 10:30:00,4.61625
2018-02-15 10:30:00,3.6200001
2018-02-16 10:30:00,4.67
2018-02-17 10:30:00,3.525
2018-02-18 10:30:00,3.71
2018-02-19 10:30:00,4.24375
2018-02-20 10:30:00,3.94
2018-02-21 10:30:00,3.06375
2018-02-22 10:30:00,2.70625
2018-02-23 10:30:00,3.325
2018-02-24 10:30:00,2.3375
2018-02-25 10:30:00,1.44875
2018-02-26 10:30:00,1.1999999
2018-02-27 10:30:00,1.76125
2018-02-28 10:30:00,1.9037501
2018-03-01 10:30:00,3.575
2018-03-02 10:30:00,1.935
2018-03-03 10:30:00,3.3825
2018-03-04 10:30:00,3.73875
2018-03-05 10:30:00,4.075
2018-03-06 10:30:00,1.6574999
2018-03-07 10:30:00,2.67375
2018-03-08 10:30:00,2.68
2018-03-09 10:30:00,2.20125
2018-03-10 10:30:00,2.1025
2018-03-11 10:30:00,2.0587502
2018-03-12 10:30:00,2.6
2018-03-13 10:30:00,2.1
2018-03-14 10:30:00,2.5125
2018-03-15 10:30:00,2.71625
2018-03-16 10:30:00,2.7175
2018-03-17 10:30:00,3.8975
2018-03-18 10:30:00,4.4175
2018-03-19 10:30:00,1.79875
2018-03-20 10:30:00,1.7875
2018-03-21 10:30:00,2.4525
2018-03-22 10:30:00,3.4675
2018-03-23 10:30:00,3.9175
2018-03-24 10:30:00,2.97875
2018-03-25 10:30:00,1.79375
2018-03-26 10:30:00,3.7549999
2018-03-27 10:30:00,6.66375
2018-03-28 10:30:00,4.65125
2018-03-29 10:30:00,2.52125
2018-03-30 10:30:00,2.09375
2018-03-31 10:30:00,2.0825
2018-04-01 10:30:00,4.37
2018-04-02 10:30:00,5.8575
2018-04-03 10:30:00,4.93125
2018-04-04 10:30:00,1.765
2018-04-05 10:30:00,2.98
2018-04-06 10:30:00,4.89625
2018-04-07 10:30:00,4.70625
2018-04-08 10:30:00,3.95625
2018-04-09 10:30:00,2.1525
2018-04-10 10:30:00,3.4975
2018-04-11 10:30:00,7.63875
2018-04-12 10:30:00,3.73625
2018-04-13 10:30:00,2.0225
2018-04-14 10:30:00,3.6387498
2018-04-15 10:30:00,2.34
2018-04-16 10:30:00,1.53375
2018-04-17 10:30:00,2.99375
2018-04-18 10:30:00,2.56625
2018-04-19 10:30:00,2.49625
2018-04-20 10:30:00,2.1812499
2018-04-21 10:30:00,1.9
2018-04-22 10:30:00,2.15125
2018-04-23 10:30:00,1.79625
2018-04-24 10:30:00,3.98
2018-04-25 10:30:00,3.7075
2018-04-26 10:30:00,3.385
2018-04-27 10:30:00,2.6325
2018-04-28 10:30:00,3.03875
2018-04-29 10:30:00,3.60125
2018-04-30 10:30:00,2.80125
2018-05-01 10:30:00,2.6925
2018-05-02 10:30:00,2.895
2018-05-03 10:30:00,3.4075
2018-05-04 10:30:00,4.3225
2018-05-05 10:30:00,6.38875
2018-05-06 10:30:00,5.05875
2018-05-07 10:30:00,2.67125
2018-05-08 10:30:00,2.68125
2018-05-09 10:30:00,3.61125
2018-05-10 10:30:00,4.15875
2018-05-11 10:30:00,2.64875
2018-05-12 10:30:00,2.5662498
2018-05-13 10:30:00,2.95875
2018-05-14 10:30:00,3.4575
2018-05-15 10:30:00,2.83
2018-05-16 10:30:00,2.0025
2018-05-17 10:30:00,2.63625
2018-05-18 10:30:00,1.8725
2018-05-19 10:30:00,2.7375
2018-05-20 10:30:00,1.34
2018-05-21 10:30:00,2.8
2018-05-22 10:30:00,2.78375
2018-05-23 10:30:00,2.70875
2018-05-24 10:30:00,2.74
2018-05-25 10:30:00,1.8175
2018-05-26 10:30:00,2.96125
2018-05-27 10:30:00,1.955
2018-05-28 10:30:00,2.0425
2018-05-29 10:30:00,1.92125
2018-05-30 10:30:00,2.7725
2018-05-31 10:30:00,2.09125
2018-06-01 10:30:00,4.04
2018-06-02 10:30:00,2.48875
2018-06-03 10:30:00,3.605
2018-06-04 10:30:00,2.83625
2018-06-05 10:30:00,3.55
2018-06-06 10:30:00,3.84125
2018-06-07 10:30:00,2.375
2018-06-08 10:30:00,2.4375
2018-06-09 10:30:00,2.11125
2018-06-10 10:30:00,1.75
2018-06-11 10:30:00,1.3975
2018-06-12 10:30:00,2.03875
2018-06-13 10:30:00,1.95125
2018-06-14 10:30:00,2.55
2018-06-15 10:30:00,3.135
2018-06-16 10:30:00,3.2725
2018-06-17 10:30:00,1.8175
2018-06-18 10:30:00,1.875
2018-06-19 10:30:00,3.38375
2018-06-20 10:30:00,3.45875
2018-06-21 10:30:00,2.28875
2018-06-22 10:30:00,2.19
2018-06-23 10:30:00,2.00875
2018-06-24 10:30:00,2.75625
2018-06-25 10:30:00,1.6949999
2018-06-26 10:30:00,1.33875
2018-06-27 10:30:00,2.34125
2018-06-28 10:30:00,3.05875
2018-06-29 10:30:00,2.77125
2018-06-30 10:30:00,2.105
2018-07-01 10:30:00,2.35125
2018-07-02 10:30:00,2.65875
2018-07-03 10:30:00,2.4075
2018-07-04 10:30:00,0.7425
2018-07-05 10:30:00,1.005
2018-07-06 10:30:00,2.6225
2018-07-07 10:30:00,1.815
2018-07-08 10:30:00,2.3675
2018-07-09 10:30:00,2.8875
2018-07-10 10:30:00,1.8475
2018-07-11 10:30:00,2.4675
2018-07-12 10:30:00,2.50625
2018-07-13 10:30:00,2.7775002
2018-07-14 10:30:00,2.72
2018-07-15 10:30:00,1.92125
2018-07-16 10:30:00,0.7225
2018-07-17 10:30:00,2.23875
2018-07-18 10:30:00,1.24
2018-07-19 10:30:00,2.1775
2018-07-20 10:30:00,2.015
2018-07-21 10:30:00,1.8149999
2018-07-22 10:30:00,2.22
2018-07-23 10:30:00,2.43375
2018-07-24 10:30:00,2.29
2018-07-25 10:30:00,1.75
2018-07-26 10:30:00,1.27625
2018-07-27 10:30:00,1.16375
2018-07-28 10:30:00,1.58375
2018-07-29 10:30:00,1.64375
2018-07-30 10:30:00,1.40625
2018-07-31 10:30:00,3.56625
2018-08-01 10:30:00,1.4
2018-08-02 10:30:00,2.49375
2018-08-03 10:30:00,1.6525
2018-08-04 10:30:00,0.395
2018-08-05 10:30:00,1.6875
2018-08-06 10:30:00,1.34
2018-08-07 10:30:00,1.18125
2018-08-08 10:30:00,1.9825
2018-08-09 10:30:00,2.3475
2018-08-10 10:30:00,1.78
2018-08-11 10:30:00,1.62625
2018-08-12 10:30:00,1.09375
2018-08-13 10:30:00,0.97375
2018-08-14 10:30:00,0.98625
2018-08-15 10:30:00,1.465
2018-08-16 10:30:00,1.77125
2018-08-17 10:30:00,1.835
2018-08-18 10:30:00,2.1
2018-08-19 10:30:00,1.80375
2018-08-20 10:30:00,2.07375
2018-08-21 10:30:00,3.0375
2018-08-22 10:30:00,2.12125
2018-08-23 10:30:00,1.5775
2018-08-24 10:30:00,2.0075
2018-08-25 10:30:00,1.2025
2018-08-26 10:30:00,1.7975
2018-08-27 10:30:00,0.59
2018-08-28 10:30:00,1.3375
2018-08-29 10:30:00,1.56625
2018-08-30 10:30:00,1.82625
2018-08-31 10:30:00,1.31375
2018-09-01 10:30:00,1.68875
2018-09-02 10:30:00,2.10625
2018-09-03 10:30:00,4.3625
2018-09-04 10:30:00,4.35
2018-09-05 10:30:00,3.5262501
2018-09-06 10:30:00,3.69625
2018-09-07 10:30:00,3.57125
2018-09-08 10:30:00,2.7075
2018-09-09 10:30:00,1.7325
2018-09-10 10:30:00,1.345
2018-09-11 10:30:00,3.0525
2018-09-12 10:30:00,2.3875
2018-09-13 10:30:00,2.8125
2018-09-14 10:30:00,3.15375
2018-09-15 10:30:00,4.03375
2018-09-16 10:30:00,3.58875
2018-09-17 10:30:00,2.145
2018-09-18 10:30:00,0.835
2018-09-19 10:30:00,1.25875
2018-09-20 10:30:00,2.56375
2018-09-21 10:30:00,2.3274999
2018-09-22 10:30:00,1.7325
2018-09-23 10:30:00,2.57
2018-09-24 10:30:00,2.0925
2018-09-25 10:30:00,1.79
2018-09-26 10:30:00,1.48
2018-09-27 10:30:00,3.3587499
2018-09-28 10:30:00,1.81625
2018-09-29 10:30:00,2.0462499
2018-09-30 10:30:00,2.26625
2018-10-01 10:30:00,3.21625
2018-10-02 10:30:00,2.7075
2018-10-03 10:30:00,1.8425
2018-10-04 10:30:00,2.44125
2018-10-05 10:30:00,2.0075
2018-10-06 10:30:00,2.585
2018-10-07 10:30:00,2.26375
2018-10-08 10:30:00,2.95
2018-10-09 10:30:00,1.8175
2018-10-10 10:30:00,2.9737499
2018-10-11 10:30:00,2.0725
2018-10-12 10:30:00,1.7675
2018-10-13 10:30:00,3.04875
2018-10-14 10:30:00,4.03375
2018-10-15 10:30:00,3.2637498
2018-10-16 10:30:00,2.5275
2018-10-17 10:30:00,2.1725001
2018-10-18 10:30:00,1.5875
2018-10-19 10:30:00,1.75
2018-10-20 10:30:00,1.71125
2018-10-21 10:30:00,1.6275
2018-10-22 10:30:00,2.675
2018-10-23 10:30:00,2.99875
2018-10-24 10:30:00,1.7075
2018-10-25 10:30:00,1.16
2018-10-26 10:30:00,5.3325
2018-10-27 10:30:00,6.11
2018-10-28 10:30:00,5.06
2018-10-29 10:30:00,4.105
2018-10-30 10:30:00,4.30125
2018-10-31 10:30:00,3.0325
2018-11-01 10:30:00,1.3462499
2018-11-02 10:30:00,3.0225
2018-11-03 10:30:00,3.135
2018-11-04 10:30:00,1.085
2018-11-05 10:30:00,3.07625
2018-11-06 10:30:00,1.6825
2018-11-07 10:30:00,1.07875
2018-11-08 10:30:00,0.8775
2018-11-09 10:30:00,3.85625
2018-11-10 10:30:00,1.8925
2018-11-11 10:30:00,0.8075
2018-11-12 10:30:00,1.165
2018-11-13 10:30:00,1.14375
2018-11-14 10:30:00,3.555
2018-11-15 10:30:00,4.665
2018-11-16 10:30:00,2.8500001
2018-11-17 10:30:00,1.75875
2018-11-18 10:30:00,2.92625
2018-11-19 10:30:00,2.54125
2018-11-20 10:30:00,3.02625
2018-11-21 10:30:00,3.76875
2018-11-22 10:30:00,3.1975
2018-11-23 10:30:00,2.45375
2018-11-24 10:30:00,2.3975
2018-11-25 10:30:00,2.495
2018-11-26 10:30:00,6.97875
2018-11-27 10:30:00,6.8675
2018-11-28 10:30:00,3.43625
2018-11-29 10:30:00,2.17625
2018-11-30 10:30:00,4.69
2018-12-01 10:30:00,2.96125
2018-12-02 10:30:00,6.09875
2018-12-03 10:30:00,4.8
2018-12-04 10:30:00,3.2425
2018-12-05 10:30:00,3.34875
2018-12-06 10:30:00,4.665
2018-12-07 10:30:00,5.235
2018-12-08 10:30:00,4.42125
2018-12-09 10:30:00,2.23875
2018-12-10 10:30:00,0.86
2018-12-11 10:30:00,1.58
2018-12-12 10:30:00,1.60375
2018-12-13 10:30:00,3.70875
2018-12-14 10:30:00,1.1112499
2018-12-15 10:30:00,3.20375
2018-12-16 10:30:00,3.42875
2018-12-17 10:30:00,4.445
2018-12-18 10:30:00,3.4099998
2018-12-19 10:30:00,2.31
2018-12-20 10:30:00,1.1175
2018-12-21 10:30:00,2.14875
2018-12-22 10:30:00,5.655
2018-12-23 10:30:00,2.94625
2018-12-24 10:30:00,3.05125
2018-12-25 10:30:00,6.6625
2018-12-26 10:30:00,6.9875
2018-12-27 10:30:00,6.06125
2018-12-28 10:30:00,5.62875
2018-12-29 10:30:00,4.7825
2018-12-30 10:30:00,3.2562501
2018-12-31 10:30:00,4.025
2019-01-01 10:30:00,4.9775
2019-01-02 10:30:00,2.5725
2019-01-03 10:30:00,1.96875
2019-01-04 10:30:00,5.2475
2019-01-05 10:30:00,2.9875
2019-01-06 10:30:00,1.56375
2019-01-07 10:30:00,5.74375
2019-01-08 10:30:00,5.53625
2019-01-09 10:30:00,4.025
2019-01-10 10:30:00,1.1537501
2019-01-11 10:30:00,0.48
2019-01-12 10:30:00,1.17
2019-01-13 10:30:00,2.2337499
2019-01-14 10:30:00,4.84
2019-01-15 10:30:00,3.79875
2019-01-16 10:30:00,3.365
2019-01-17 10:30:00,1.11625
2019-01-18 10:30:00,3.06875
2019-01-19 10:30:00,4.3849998
2019-01-20 10:30:00,3.2325
2019-01-21 10:30:00,3.28875
2019-01-22 10:30:00,4.31875
2019-01-23 10:30:00,3.6425
2019-01-24 10:30:00,3.53625
2019-01-25 10:30:00,4.6125
2019-01-26 10:30:00,1.4275
2019-01-27 10:30:00,5.05625
2019-01-28 10:30:00,2.83125
2019-01-29 10:30:00,4.74625
2019-01-30 10:30:00,4.85375
2019-01-31 10:30:00,1.6875
2019-02-01 10:30:00,0.88625
2019-02-02 10:30:00,2.17375
2019-02-03 10:30:00,4.4925
2019-02-04 10:30:00,2.88875
2019-02-05 10:30:00,3.3274999
2019-02-06 10:30:00,3.105
2019-02-07 10:30:00,4.085
2019-02-08 10:30:00,3.8875
2019-02-09 10:30:00,3.7425
2019-02-10 10:30:00,3.0825
2019-02-11 10:30:00,4.3125
2019-02-12 10:30:00,4.085
2019-02-13 10:30:00,3.6875
2019-02-14 10:30:00,1.175
2019-02-15 10:30:00,3.8325
2019-02-16 10:30:00,5.88875
2019-02-17 10:30:00,4.1462502
2019-02-18 10:30:00,2.40625
2019-02-19 10:30:00,1.32125
2019-02-20 10:30:00,2.62875
2019-02-21 10:30:00,2.535
2019-02-22 10:30:00,2.85
2019-02-23 10:30:00,4.8475
2019-02-24 10:30:00,4.215
2019-02-25 10:30:00,3.06
2019-02-26 10:30:00,1.01125
2019-02-27 10:30:00,3.3225
2019-02-28 10:30:00,3.115
2019-03-01 10:30:00,2.35875
2019-03-02 10:30:00,2.2075
2019-03-03 10:30:00,1.7049999
2019-03-04 10:30:00,2.12875
2019-03-05 10:30:00,2.9375
2019-03-06 10:30:00,3.7337499
2019-03-07 10:30:00,1.84875
2019-03-08 10:30:00,3.43625
2019-03-09 10:30:00,1.95875
2019-03-10 10:30:00,1.9350001
2019-03-11 10:30:00,5.42
2019-03-12 10:30:00,4.925
2019-03-13 10:30:00,3.4125
2019-03-14 10:30:00,3.9975
2019-03-15 10:30:00,2.1325
2019-03-16 10:30:00,3.10875
2019-03-17 10:30:00,2.585
2019-03-18 10:30:00,1.92875
2019-03-19 10:30:00,2.1212502
2019-03-20 10:30:00,2.2975001
2019-03-21 10:30:00,3.32
2019-03-22 10:30:00,4.03
2019-03-23 10:30:00,3.75625
2019-03-24 10:30:00,4.39
2019-03-25 10:30:00,7.5325003
2019-03-26 10:30:00,3.0687501
2019-03-27 10:30:00,3.7775
2019-03-28 10:30:00,2.4737499
2019-03-29 10:30:00,2.35375
2019-03-30 10:30:00,2.9175
2019-03-31 10:30:00,3.29625
2019-04-01 10:30:00,3.1775
2019-04-02 10:30:00,2.985
2019-04-03 10:30:00,4.58875
2019-04-04 10:30:00,6.19625
2019-04-05 10:30:00,4.35875
2019-04-06 10:30:00,4.56875
2019-04-07 10:30:00,3.68375
2019-04-08 10:30:00,3.01375
2019-04-09 10:30:00,2.32125
2019-04-10 10:30:00,2.8587499
2019-04-11 10:30:00,2.4125
2019-04-12 10:30:00,3.7825
2019-04-13 10:30:00,4.60625
2019-04-14 10:30:00,1.57
2019-04-15 10:30:00,2.81375
2019-04-16 10:30:00,3.2575
2019-04-17 10:30:00,3.94
2019-04-18 10:30:00,3.51625
2019-04-19 10:30:00,3.23125
2019-04-20 10:30:00,5.66125
2019-04-21 10:30:00,1.75125
2019-04-22 10:30:00,3.7475
2019-04-23 10:30:00,6.15125
2019-04-24 10:30:00,3.6225
2019-04-25 10:30:00,1.5775
2019-04-26 10:30:00,2.0262501
2019-04-27 10:30:00,3.4724998
2019-04-28 10:30:00,3.5162501
2019-04-29 10:30:00,3.315
2019-04-30 10:30:00,6.54375
2019-05-01 10:30:00,3.48875
2019-05-02 10:30:00,2.37
2019-05-03 10:30:00,1.70875
2019-05-04 10:30:00,2.6725001
2019-05-05 10:30:00,5.07875
2019-05-06 10:30:00,3.8975
2019-05-07 10:30:00,4.5275
2019-05-08 10:30:00,3.855
2019-05-09 10:30:00,1.5975
2019-05-10 10:30:00,3.32125
2019-05-11 10:30:00,2.15875
2019-05-12 10:30:00,2.44125
2019-05-13 10:30:00,3.35875
2019-05-14 10:30:00,2.25875
2019-05-15 10:30:00,3.605
2019-05-16 10:30:00,4.87625
2019-05-17 10:30:00,4.11875
2019-05-18 10:30:00,3.22
2019-05-19 10:30:00,2.595
2019-05-20 10:30:00,7.185
2019-05-21 10:30:00,4.7175
2019-05-22 10:30:00,2.885
2019-05-23 10:30:00,2.575
2019-05-24 10:30:00,3.1412501
2019-05-25 10:30:00,1.76875
2019-05-26 10:30:00,1.68625
2019-05-27 10:30:00,4.2775
2019-05-28 10:30:00,5.6237497
2019-05-29 10:30:00,3.89625
2019-05-30 10:30:00,3.2262502
2019-05-31 10:30:00,2.5362499
2019-06-01 10:30:00,2.41
2019-06-02 10:30:00,1.36875
2019-06-03 10:30:00,1.73875
2019-06-04 10:30:00,3.2275
2019-06-05 10:30:00,2.4225
2019-06-06 10:30:00,1.64125
2019-06-07 10:30:00,2.2425
2019-06-08 10:30:00,2.59375
2019-06-09 10:30:00,1.515
2019-06-10 10:30:00,1.59
2019-06-11 10:30:00,1.785
2019-06-12 10:30:00,1.695
2019-06-13 10:30:00,3.88875
2019-06-14 10:30:00,2.755
2019-06-15 10:30:00,2.0425
2019-06-16 10:30:00,1.59875
2019-06-17 10:30:00,1.01125
2019-06-18 10:30:00,1.7025
2019-06-19 10:30:00,2.405
2019-06-20 10:30:00,1.4525
2019-06-21 10:30:00,1.745
2019-06-22 10:30:00,1.58875
2019-06-23 10:30:00,2.24625
2019-06-24 10:30:00,3.025
2019-06-25 10:30:00,1.46
2019-06-26 10:30:00,1.69125
2019-06-27 10:30:00,2.21625
2019-06-28 10:30:00,1.16
2019-06-29 10:30:00,2.04625
2019-06-30 10:30:00,2.3287501
2019-07-01 10:30:00,2.67375
2019-07-02 10:30:00,2.1075
2019-07-03 10:30:00,2.3899999
2019-07-04 10:30:00,1.5525
2019-07-05 10:30:00,2.02375
2019-07-06 10:30:00,0.98375
2019-07-07 10:30:00,1.79125
2019-07-08 10:30:00,2.065
2019-07-09 10:30:00,2.04625
2019-07-10 10:30:00,1.92625
2019-07-11 10:30:00,1.155
2019-07-12 10:30:00,1.55875
2019-07-13 10:30:00,1.70625
2019-07-14 10:30:00,0.9175
2019-07-15 10:30:00,1.8675
2019-07-16 10:30:00,1.575
2019-07-17 10:30:00,1.2
2019-07-18 10:30:00,1.9250001
2019-07-19 10:30:00,1.37375
2019-07-20 10:30:00,2.66625
2019-07-21 10:30:00,3.46
2019-07-22 10:30:00,2.61625
2019-07-23 10:30:00,1.04125
2019-07-24 10:30:00,1.755
2019-07-25 10:30:00,2.12625
2019-07-26 10:30:00,1.7837499
2019-07-27 10:30:00,1.8987501
2019-07-28 10:30:00,1.48
2019-07-29 10:30:00,1.58
2019-07-30 10:30:00,0.84
2019-07-31 10:30:00,2.5362499
2019-08-01 10:30:00,1.8475
2019-08-02 10:30:00,1.4675
2019-08-03 10:30:00,1.4975001
2019-08-04 10:30:00,1.5287501
2019-08-05 10:30:00,2.42
2019-08-06 10:30:00,0.77375
2019-08-07 10:30:00,1.53625
2019-08-08 10:30:00,1.46
2019-08-09 10:30:00,1.0550001
2019-08-10 10:30:00,0.835
2019-08-11 10:30:00,1.3
2019-08-12 10:30:00,1.21375
2019-08-13 10:30:00,0.91125
2019-08-14 10:30:00,1.15
2019-08-15 10:30:00,2.07625
2019-08-16 10:30:00,1.82875
2019-08-17 10:30:00,2.37875
2019-08-18 10:30:00,1.5425
2019-08-19 10:30:00,1.1625
2019-08-20 10:30:00,1.86875
2019-08-21 10:30:00,3.33125
2019-08-22 10:30:00,2.68125
2019-08-23 10:30:00,1.5024999
2019-08-24 10:30:00,1.2875
2019-08-25 10:30:00,1.30625
2019-08-26 10:30:00,1.6274999
2019-08-27 10:30:00,2.14375
2019-08-28 10:30:00,2.02875
2019-08-29 10:30:00,1.8725001
2019-08-30 10:30:00,2.2825
2019-08-31 10:30:00,1.4925001
2019-09-01 10:30:00,1.5475
2019-09-02 10:30:00,1.39625
2019-09-03 10:30:00,1.61625
2019-09-04 10:30:00,2.23625
2019-09-05 10:30:00,2.0
2019-09-06 10:30:00,1.30875
2019-09-07 10:30:00,2.31625
2019-09-08 10:30:00,4.8112497
2019-09-09 10:30:00,4.7275
2019-09-10 10:30:00,2.66625
2019-09-11 10:30:00,0.8875
2019-09-12 10:30:00,2.52875
2019-09-13 10:30:00,3.205
2019-09-14 10:30:00,2.44375
2019-09-15 10:30:00,3.84125
2019-09-16 10:30:00,2.26125
2019-09-17 10:30:00,4.2275
2019-09-18 10:30:00,3.90875
2019-09-19 10:30:00,0.8775
2019-09-20 10:30:00,2.22125
2019-09-21 10:30:00,2.13625
2019-09-22 10:30:00,1.3924999
2019-09-23 10:30:00,2.49625
2019-09-24 10:30:00,1.30375
2019-09-25 10:30:00,1.235
2019-09-26 10:30:00,1.64125
2019-09-27 10:30:00,2.055
2019-09-28 10:30:00,3.8225
2019-09-29 10:30:00,1.9350001
2019-09-30 10:30:00,1.3225
2019-10-01 10:30:00,2.06375
2019-10-02 10:30:00,2.09
2019-10-03 10:30:00,2.1125
2019-10-04 10:30:00,1.9862499
2019-10-05 10:30:00,1.58375
2019-10-06 10:30:00,2.54875
2019-10-07 10:30:00,5.925
2019-10-08 10:30:00,2.78625
2019-10-09 10:30:00,3.31
2019-10-10 10:30:00,3.4112499
2019-10-11 10:30:00,2.7450001
2019-10-12 10:30:00,2.0575
2019-10-13 10:30:00,4.21125
2019-10-14 10:30:00,3.35125
2019-10-15 10:30:00,2.64875
2019-10-16 10:30:00,1.2875
2019-10-17 10:30:00,1.1062499
2019-10-18 10:30:00,1.3825
2019-10-19 10:30:00,1.3175
2019-10-20 10:30:00,4.32875
2019-10-21 10:30:00,2.0225
2019-10-22 10:30:00,0.8625
2019-10-23 10:30:00,1.48375
2019-10-24 10:30:00,2.97125
2019-10-25 10:30:00,3.28125
2019-10-26 10:30:00,2.13125
2019-10-27 10:30:00,1.455
2019-10-28 10:30:00,3.48
2019-10-29 10:30:00,1.84
2019-10-30 10:30:00,4.1949997
2019-10-31 10:30:00,5.30625
2019-11-01 10:30:00,2.5725
2019-11-02 10:30:00,1.09625
2019-11-03 10:30:00,0.45125
2019-11-04 10:30:00,4.86875
2019-11-05 10:30:00,3.35125
2019-11-06 10:30:00,3.26375
2019-11-07 10:30:00,3.5812502
2019-11-08 10:30:00,1.51375
2019-11-09 10:30:00,1.2075
2019-11-10 10:30:00,4.14625
2019-11-11 10:30:00,4.03625
2019-11-12 10:30:00,1.86625
2019-11-13 10:30:00,3.525
2019-11-14 10:30:00,1.9325
2019-11-15 10:30:00,3.095
2019-11-16 10:30:00,1.6925
2019-11-17 10:30:00,3.18
2019-11-18 10:30:00,6.3175
2019-11-19 10:30:00,3.84625
2019-11-20 10:30:00,1.06375
2019-11-21 10:30:00,0.87874997
2019-11-22 10:30:00,4.11375
2019-11-23 10:30:00,3.4399998
2019-11-24 10:30:00,4.03375
2019-11-25 10:30:00,1.6637499
2019-11-26 10:30:00,5.2675
2019-11-27 10:30:00,3.3025
2019-11-28 10:30:00,2.9
2019-11-29 10:30:00,0.77375
2019-11-30 10:30:00,2.94
2019-12-01 10:30:00,3.825
2019-12-02 10:30:00,5.2025
2019-12-03 10:30:00,6.2525
2019-12-04 10:30:00,5.45125
2019-12-05 10:30:00,4.72375
2019-12-06 10:30:00,3.625
2019-12-07 10:30:00,2.3725
2019-12-08 10:30:00,0.8175
2019-12-09 10:30:00,2.29375
2019-12-10 10:30:00,1.1225001
2019-12-11 10:30:00,3.34375
2019-12-12 10:30:00,2.15
2019-12-13 10:30:00,3.4925
2019-12-14 10:30:00,1.985
2019-12-15 10:30:00,2.675
2019-12-16 10:30:00,3.5975
2019-12-17 10:30:00,4.285
2019-12-18 10:30:00,2.7575
2019-12-19 10:30:00,2.49
2019-12-20 10:30:00,2.1712499
2019-12-21 10:30:00,2.2012498
2019-12-22 10:30:00,1.415
2019-12-23 10:30:00,1.7525
2019-12-24 10:30:00,0.52125
2019-12-25 10:30:00,2.5475001
2019-12-26 10:30:00,1.24
2019-12-27 10:30:00,1.2675
2019-12-28 10:30:00,0.82125
2019-12-29 10:30:00,1.36375
2019-12-30 10:30:00,4.07125
2019-12-31 10:30:00,3.725
2020-01-01 10:30:00,1.9862499
2020-01-02 10:30:00,4.10375
2020-01-03 10:30:00,3.50125
2020-01-04 10:30:00,2.7225
2020-01-05 10:30:00,0.87624997
2020-01-06 10:30:00,1.1850001
2020-01-07 10:30:00,2.66875
2020-01-08 10:30:00,2.83875
2020-01-09 10:30:00,0.465
2020-01-10 10:30:00,4.37
2020-01-11 10:30:00,3.25125
2020-01-12 10:30:00,3.6825
2020-01-13 10:30:00,2.51
2020-01-14 10:30:00,0.5075
2020-01-15 10:30:00,3.07125
2020-01-16 10:30:00,2.275
2020-01-17 10:30:00,0.74125
2020-01-18 10:30:00,1.22
2020-01-19 10:30:00,1.0375
2020-01-20 10:30:00,1.74875
2020-01-21 10:30:00,3.33375
2020-01-22 10:30:00,2.1200001
2020-01-23 10:30:00,3.60375
2020-01-24 10:30:00,0.66749996
2020-01-25 10:30:00,1.15
2020-01-26 10:30:00,1.17375
2020-01-27 10:30:00,0.9525
2020-01-28 10:30:00,1.3775
2020-01-29 10:30:00,0.98125
2020-01-30 10:30:00,0.2725
2020-01-31 10:30:00,2.86
2020-02-01 10:30:00,5.02
2020-02-02 10:30:00,2.88
2020-02-03 10:30:00,3.25
2020-02-04 10:30:00,4.49375
2020-02-05 10:30:00,2.965
2020-02-06 10:30:00,3.23875
2020-02-07 10:30:00,2.05
2020-02-08 10:30:00,1.46875
2020-02-09 10:30:00,2.5049999
2020-02-10 10:30:00,1.30375
2020-02-11 10:30:00,2.355
2020-02-12 10:30:00,1.94125
2020-02-13 10:30:00,1.36
2020-02-14 10:30:00,1.6575
2020-02-15 10:30:00,2.095
2020-02-16 10:30:00,2.655
2020-02-17 10:30:00,3.3600001
2020-02-18 10:30:00,4.12
2020-02-19 10:30:00,2.3975
2020-02-20 10:30:00,2.0575
2020-02-21 10:30:00,1.9037501
2020-02-22 10:30:00,2.35125
2020-02-23 10:30:00,3.67625
2020-02-24 10:30:00,2.33875
2020-02-25 10:30:00,1.745
2020-02-26 10:30:00,2.24
2020-02-27 10:30:00,2.08375
2020-02-28 10:30:00,2.46
2020-02-29 10:30:00,1.605
2020-03-01 10:30:00,2.14375
2020-03-02 10:30:00,1.7724999
2020-03-03 10:30:00,1.21875
2020-03-04 10:30:00,2.175
2020-03-05 10:30:00,1.32875
2020-03-06 10:30:00,1.8025
2020-03-07 10:30:00,1.8575001
2020-03-08 10:30:00,2.51125
2020-03-09 10:30:00,1.03
2020-03-10 10:30:00,2.29125
2020-03-11 10:30:00,2.9525
2020-03-12 10:30:00,6.3725
2020-03-13 10:30:00,3.02125
2020-03-14 10:30:00,4.54375
2020-03-15 10:30:00,2.0825
2020-03-16 10:30:00,2.4
2020-03-17 10:30:00,3.2675
2020-03-18 10:30:00,4.66125
2020-03-19 10:30:00,2.8075
2020-03-20 10:30:00,4.3575
2020-03-21 10:30:00,3.9099998
2020-03-22 10:30:00,1.9225
2020-03-23 10:30:00,1.04
2020-03-24 10:30:00,2.09375
2020-03-25 10:30:00,4.65125
2020-03-26 10:30:00,5.1025
2020-03-27 10:30:00,5.1375003
2020-03-28 10:30:00,3.125
2020-03-29 10:30:00,2.615
2020-03-30 10:30:00,3.055
2020-03-31 10:30:00,4.465
2020-04-01 10:30:00,4.09875
2020-04-02 10:30:00,2.50125
2020-04-03 10:30:00,5.21625
2020-04-04 10:30:00,1.97625
2020-04-05 10:30:00,0.985
2020-04-06 10:30:00,3.7025
2020-04-07 10:30:00,2.88625
2020-04-08 10:30:00,2.335
2020-04-09 10:30:00,1.78125
2020-04-10 10:30:00,2.14375
2020-04-11 10:30:00,2.35375
2020-04-12 10:30:00,2.05
2020-04-13 10:30:00,2.89625
2020-04-14 10:30:00,1.5575
2020-04-15 10:30:00,2.39375
2020-04-16 10:30:00,2.31
2020-04-17 10:30:00,2.39625
2020-04-18 10:30:00,3.11
2020-04-19 10:30:00,2.9112499
2020-04-20 10:30:00,6.65375
2020-04-21 10:30:00,4.52
2020-04-22 10:30:00,3.45375
2020-04-23 10:30:00,3.0249999
2020-04-24 10:30:00,2.33125
2020-04-25 10:30:00,1.785
2020-04-26 10:30:00,1.77875
2020-04-27 10:30:00,3.025
2020-04-28 10:30:00,1.86375
2020-04-29 10:30:00,2.4925
2020-04-30 10:30:00,2.7875001
2020-05-01 10:30:00,4.66875
2020-05-02 10:30:00,2.74125
2020-05-03 10:30:00,1.9275
2020-05-04 10:30:00,2.4625
2020-05-05 10:30:00,2.28375
2020-05-06 10:30:00,2.6425
2020-05-07 10:30:00,2.44625
2020-05-08 10:30:00,2.38625
2020-05-09 10:30:00,2.0425
2020-05-10 10:30:00,2.745
2020-05-11 10:30:00,4.69875
2020-05-12 10:30:00,3.56
2020-05-13 10:30:00,1.79625
2020-05-14 10:30:00,3.9750001
2020-05-15 10:30:00,3.0025
2020-05-16 10:30:00,2.2037501
2020-05-17 10:30:00,2.2075
2020-05-18 10:30:00,1.9375
2020-05-19 10:30:00,1.74125
2020-05-20 10:30:00,1.05625
2020-05-21 10:30:00,1.68625
2020-05-22 10:30:00,1.57125
2020-05-23 10:30:00,1.125
2020-05-24 10:30:00,4.45
2020-05-25 10:30:00,3.89125
2020-05-26 10:30:00,2.81125
2020-05-27 10:30:00,1.2875
2020-05-28 10:30:00,1.71375
2020-05-29 10:30:00,2.49125
2020-05-30 10:30:00,2.4099998
2020-05-31 10:30:00,1.58125
2020-06-01 10:30:00,2.84875
2020-06-02 10:30:00,2.085
2020-06-03 10:30:00,1.73375
2020-06-04 10:30:00,2.4
2020-06-05 10:30:00,1.2975
2020-06-06 10:30:00,1.445
2020-06-07 10:30:00,1.3425
2020-06-08 10:30:00,2.8487499
2020-06-09 10:30:00,3.84625
2020-06-10 10:30:00,1.7575
2020-06-11 10:30:00,1.275
2020-06-12 10:30:00,0.96999997
2020-06-13 10:30:00,1.59625
2020-06-14 10:30:00,4.12875
2020-06-15 10:30:00,2.06625
2020-06-16 10:30:00,1.57125
2020-06-17 10:30:00,2.02
2020-06-18 10:30:00,2.4837499
2020-06-19 10:30:00,1.2574999
2020-06-20 10:30:00,2.2775
2020-06-21 10:30:00,1.5337499
2020-06-22 10:30:00,1.1225
2020-06-23 10:30:00,0.86875
2020-06-24 10:30:00,1.0425
2020-06-25 10:30:00,1.37
2020-06-26 10:30:00,1.5525
2020-06-27 10:30:00,1.8975
2020-06-28 10:30:00,1.1899999
2020-06-29 10:30:00,1.0975
2020-06-30 10:30:00,1.3075
2020-07-01 10:30:00,1.6375
2020-07-02 10:30:00,1.6275
2020-07-03 10:30:00,1.27625
2020-07-04 10:30:00,1.4150001
2020-07-05 10:30:00,1.685
2020-07-06 10:30:00,2.87875
2020-07-07 10:30:00,2.35625
2020-07-08 10:30:00,1.07
2020-07-09 10:30:00,1.7487501
2020-07-10 10:30:00,2.085
2020-07-11 10:30:00,1.66
2020-07-12 10:30:00,1.4325
2020-07-13 10:30:00,0.95374995
2020-07-14 10:30:00,1.1875
2020-07-15 10:30:00,1.63125
2020-07-16 10:30:00,1.3149999
2020-07-17 10:30:00,1.65875
2020-07-18 10:30:00,1.60625
2020-07-19 10:30:00,2.21875
2020-07-20 10:30:00,2.4337502
2020-07-21 10:30:00,2.48875
2020-07-22 10:30:00,1.125
2020-07-23 10:30:00,1.4125
2020-07-24 10:30:00,0.81125003
2020-07-25 10:30:00,0.945
2020-07-26 10:30:00,1.48625
2020-07-27 10:30:00,1.70625
2020-07-28 10:30:00,0.98249996
2020-07-29 10:30:00,0.61125004
2020-07-30 10:30:00,1.60875
2020-07-31 10:30:00,1.90375
2020-08-01 10:30:00,1.105
2020-08-02 10:30:00,1.8925
2020-08-03 10:30:00,1.76125
2020-08-04 10:30:00,0.98625004
2020-08-05 10:30:00,1.1825
2020-08-06 10:30:00,1.4612501
2020-08-07 10:30:00,2.625
2020-08-08 10:30:00,1.72625
2020-08-09 10:30:00,1.1575
2020-08-10 10:30:00,1.84875
2020-08-11 10:30:00,3.24625
2020-08-12 10:30:00,1.58875
2020-08-13 10:30:00,1.495
2020-08-14 10:30:00,1.9175
2020-08-15 10:30:00,2.26875
2020-08-16 10:30:00,0.92125
2020-08-17 10:30:00,1.37875
2020-08-18 10:30:00,2.31125
2020-08-19 10:30:00,1.5175
2020-08-20 10:30:00,1.10125
2020-08-21 10:30:00,1.1475
2020-08-22 10:30:00,1.2975
2020-08-23 10:30:00,1.17375
2020-08-24 10:30:00,1.7375
2020-08-25 10:30:00,2.4950001
2020-08-26 10:30:00,1.5975
2020-08-27 10:30:00,1.565
2020-08-28 10:30:00,1.345
2020-08-29 10:30:00,1.46375
2020-08-30 10:30:00,1.86875
2020-08-31 10:30:00,1.625
2020-09-01 10:30:00,1.53375
2020-09-02 10:30:00,2.2425
2020-09-03 10:30:00,3.67625
2020-09-04 10:30:00,5.8125
2020-09-05 10:30:00,1.98125
2020-09-06 10:30:00,1.34125
2020-09-07 10:30:00,1.4375
2020-09-08 10:30:00,2.02
2020-09-09 10:30:00,1.6475
2020-09-10 10:30:00,1.5925
2020-09-11 10:30:00,1.695
2020-09-12 10:30:00,1.05875
2020-09-13 10:30:00,1.8175
2020-09-14 10:30:00,1.03
2020-09-15 10:30:00,2.64625
2020-09-16 10:30:00,2.07125
2020-09-17 10:30:00,2.44
2020-09-18 10:30:00,2.95375
2020-09-19 10:30:00,2.9325
2020-09-20 10:30:00,1.21375
2020-09-21 10:30:00,1.58875
2020-09-22 10:30:00,1.37875
2020-09-23 10:30:00,1.92625
2020-09-24 10:30:00,0.85625
2020-09-25 10:30:00,1.6012499
2020-09-26 10:30:00,2.20625
2020-09-27 10:30:00,2.47
2020-09-28 10:30:00,3.0525
2020-09-29 10:30:00,2.49125
2020-09-30 10:30:00,1.13375
2020-10-01 10:30:00,2.355
2020-10-02 10:30:00,2.5325
2020-10-03 10:30:00,3.05375
2020-10-04 10:30:00,3.94375
2020-10-05 10:30:00,2.57125
2020-10-06 10:30:00,1.4175
2020-10-07 10:30:00,1.16375
2020-10-08 10:30:00,1.23
2020-10-09 10:30:00,1.58125
2020-10-10 10:30:00,4.1887503
2020-10-11 10:30:00,4.35125
2020-10-12 10:30:00,2.4975
2020-10-13 10:30:00,4.055
2020-10-14 10:30:00,2.3825
2020-10-15 10:30:00,3.36125
2020-10-16 10:30:00,2.07875
2020-10-17 10:30:00,3.58375
2020-10-18 10:30:00,1.63875
2020-10-19 10:30:00,1.44375
2020-10-20 10:30:00,2.6275
2020-10-21 10:30:00,5.57
2020-10-22 10:30:00,3.81
2020-10-23 10:30:00,3.19375
2020-10-24 10:30:00,2.7675
2020-10-25 10:30:00,0.89125
2020-10-26 10:30:00,4.90625
2020-10-27 10:30:00,4.27125
2020-10-28 10:30:00,3.1725
2020-10-29 10:30:00,0.97375
2020-10-30 10:30:00,1.735
2020-10-31 10:30:00,6.0099998
2020-11-01 10:30:00,5.76875
2020-11-02 10:30:00,6.22875
2020-11-03 10:30:00,4.755
2020-11-04 10:30:00,2.1475
2020-11-05 10:30:00,1.735
2020-11-06 10:30:00,3.5025
2020-11-07 10:30:00,4.88125
2020-11-08 10:30:00,3.75
2020-11-09 10:30:00,1.92875
2020-11-10 10:30:00,1.82875
2020-11-11 10:30:00,1.8225
2020-11-12 10:30:00,4.64
2020-11-13 10:30:00,1.3325
2020-11-14 10:30:00,2.0
2020-11-15 10:30:00,2.2475
2020-11-16 10:30:00,1.71
2020-11-17 10:30:00,0.33875
2020-11-18 10:30:00,1.7787501
2020-11-19 10:30:00,1.95625
2020-11-20 10:30:00,2.84
2020-11-21 10:30:00,4.3725
2020-11-22 10:30:00,3.58375
2020-11-23 10:30:00,3.5875
2020-11-24 10:30:00,2.0725
2020-11-25 10:30:00,3.4275
2020-11-26 10:30:00,2.61375
2020-11-27 10:30:00,3.81375
2020-11-28 10:30:00,3.8425
2020-11-29 10:30:00,3.8899999
2020-11-30 10:30:00,3.355
2020-12-01 10:30:00,2.81375
2020-12-02 10:30:00,3.8425
2020-12-03 10:30:00,4.16875
2020-12-04 10:30:00,4.5299997
2020-12-05 10:30:00,2.17375
2020-12-06 10:30:00,3.465
2020-12-07 10:30:00,4.02
2020-12-08 10:30:00,1.7125
2020-12-09 10:30:00,2.06875
2020-12-10 10:30:00,2.93875
2020-12-11 10:30:00,2.81
2020-12-12 10:30:00,3.15625
2020-12-13 10:30:00,4.76875
2020-12-14 10:30:00,4.8975
2020-12-15 10:30:00,4.8275
2020-12-16 10:30:00,2.8375
2020-12-17 10:30:00,5.16125
2020-12-18 10:30:00,4.92375
2020-12-19 10:30:00,3.945
2020-12-20 10:30:00,4.1825
2020-12-21 10:30:00,2.08125
2020-12-22 10:30:00,0.90125
2020-12-23 10:30:00,3.18375
2020-12-24 10:30:00,2.33
2020-12-25 10:30:00,2.6100001
2020-12-26 10:30:00,0.90875
2020-12-27 10:30:00,2.2425
2020-12-28 10:30:00,3.96875
2020-12-29 10:30:00,5.47875
2020-12-30 10:30:00,4.445
2020-12-31 10:30:00,3.76
2021-01-01 10:30:00,2.97625
2021-01-02 10:30:00,3.3062499
2021-01-03 10:30:00,3.35125
2021-01-04 10:30:00,3.60625
2021-01-05 10:30:00,2.94375
2021-01-06 10:30:00,5.33125
2021-01-07 10:30:00,4.16
2021-01-08 10:30:00,4.7
2021-01-09 10:30:00,3.3374999
2021-01-10 10:30:00,2.85625
2021-01-11 10:30:00,1.24875
2021-01-12 10:30:00,1.19375
2021-01-13 10:30:00,3.135
2021-01-14 10:30:00,0.9875
2021-01-15 10:30:00,2.99625
2021-01-16 10:30:00,2.1475
2021-01-17 10:30:00,2.6075
2021-01-18 10:30:00,2.73625
2021-01-19 10:30:00,0.70125
2021-01-20 10:30:00,2.56125
2021-01-21 10:30:00,1.01625
2021-01-22 10:30:00,1.2225
2021-01-23 10:30:00,0.79
2021-01-24 10:30:00,1.135
2021-01-25 10:30:00,1.8325
2021-01-26 10:30:00,4.6275
2021-01-27 10:30:00,3.7125
2021-01-28 10:30:00,3.68625
2021-01-29 10:30:00,1.32
2021-01-30 10:30:00,1.5525
2021-01-31 10:30:00,0.8375
2021-02-01 10:30:00,4.39125
2021-02-02 10:30:00,4.5925
2021-02-03 10:30:00,3.38
2021-02-04 10:30:00,0.96999997
2021-02-05 10:30:00,2.87875
2021-02-06 10:30:00,2.815
2021-02-07 10:30:00,3.32125
2021-02-08 10:30:00,2.44125
2021-02-09 10:30:00,2.21
2021-02-10 10:30:00,1.42
2021-02-11 10:30:00,4.955
2021-02-12 10:30:00,3.96125
2021-02-13 10:30:00,3.3912501
2021-02-14 10:30:00,3.35125
2021-02-15 10:30:00,3.2450001
2021-02-16 10:30:00,4.72375
2021-02-17 10:30:00,4.51625
2021-02-18 10:30:00,2.3025
2021-02-19 10:30:00,5.4975
2021-02-20 10:30:00,0.565
2021-02-21 10:30:00,3.1325
2021-02-22 10:30:00,4.34625
2021-02-23 10:30:00,1.3787501
2021-02-24 10:30:00,3.6212502
2021-02-25 10:30:00,1.43125
2021-02-26 10:30:00,1.58375
2021-02-27 10:30:00,4.36875
2021-02-28 10:30:00,3.6225
2021-03-01 10:30:00,2.225
2021-03-02 10:30:00,1.88
2021-03-03 10:30:00,1.925
2021-03-04 10:30:00,3.70125
2021-03-05 10:30:00,3.70125
2021-03-06 10:30:00,2.73125
2021-03-07 10:30:00,2.4212499
2021-03-08 10:30:00,2.05875
2021-03-09 10:30:00,3.36125
2021-03-10 10:30:00,2.46
2021-03-11 10:30:00,1.16625
2021-03-12 10:30:00,1.12
2021-03-13 10:30:00,2.3925
2021-03-14 10:30:00,3.425
2021-03-15 10:30:00,8.33375
2021-03-16 10:30:00,4.2625
2021-03-17 10:30:00,3.4775
2021-03-18 10:30:00,2.0075
2021-03-19 10:30:00,1.15
2021-03-20 10:30:00,1.9475
2021-03-21 10:30:00,3.34
2021-03-22 10:30:00,1.88
2021-03-23 10:30:00,3.055
2021-03-24 10:30:00,2.1025
2021-03-25 10:30:00,2.8575
2021-03-26 10:30:00,3.45125
2021-03-27 10:30:00,1.965
2021-03-28 10:30:00,5.23625
2021-03-29 10:30:00,5.44
2021-03-30 10:30:00,1.9025
2021-03-31 10:30:00,1.49125
2021-04-01 10:30:00,1.46625
2021-04-02 10:30:00,5.87125
2021-04-03 10:30:00,3.45
2021-04-04 10:30:00,3.16625
2021-04-05 10:30:00,4.065
2021-04-06 10:30:00,4.0625
2021-04-07 10:30:00,3.8925
2021-04-08 10:30:00,2.39375
2021-04-09 10:30:00,2.41375
2021-04-10 10:30:00,3.345
2021-04-11 10:30:00,1.8975
2021-04-12 10:30:00,4.46
2021-04-13 10:30:00,3.51875
2021-04-14 10:30:00,3.1812499
2021-04-15 10:30:00,2.51625
2021-04-16 10:30:00,2.52375
2021-04-17 10:30:00,1.97875
2021-04-18 10:30:00,1.95625
2021-04-19 10:30:00,3.40375
2021-04-20 10:30:00,1.5699999
2021-04-21 10:30:00,1.885
2021-04-22 10:30:00,1.56
2021-04-23 10:30:00,2.34125
2021-04-24 10:30:00,2.48375
2021-04-25 10:30:00,2.3225
2021-04-26 10:30:00,4.07625
2021-04-27 10:30:00,4.60125
2021-04-28 10:30:00,4.1150002
2021-04-29 10:30:00,2.0987499
2021-04-30 10:30:00,1.78125
2021-05-01 10:30:00,1.8175
2021-05-02 10:30:00,2.35
2021-05-03 10:30:00,3.92875
2021-05-04 10:30:00,5.07375
2021-05-05 10:30:00,3.5175
2021-05-06 10:30:00,1.825
2021-05-07 10:30:00,2.1212502
2021-05-08 10:30:00,2.805
2021-05-09 10:30:00,2.35125
2021-05-10 10:30:00,1.57375
2021-05-11 10:30:00,4.4325
2021-05-12 10:30:00,5.8925
2021-05-13 10:30:00,2.5225
2021-05-14 10:30:00,4.515
2021-05-15 10:30:00,4.035
2021-05-16 10:30:00,3.0175
2021-05-17 10:30:00,2.68
2021-05-18 10:30:00,2.30375
2021-05-19 10:30:00,2.17625
2021-05-20 10:30:00,1.745
2021-05-21 10:30:00,2.05125
2021-05-22 10:30:00,4.30375
2021-05-23 10:30:00,6.49125
2021-05-24 10:30:00,4.09875
2021-05-25 10:30:00,3.305
2021-05-26 10:30:00,2.4375
2021-05-27 10:30:00,1.66875
2021-05-28 10:30:00,2.295
2021-05-29 10:30:00,1.76625
2021-05-30 10:30:00,1.5337499
2021-05-31 10:30:00,2.665
2021-06-01 10:30:00,3.26
2021-06-02 10:30:00,1.5525
2021-06-03 10:30:00,2.39625
2021-06-04 10:30:00,2.3025
2021-06-05 10:30:00,2.17375
2021-06-06 10:30:00,2.275
2021-06-07 10:30:00,1.64375
2021-06-08 10:30:00,2.025
2021-06-09 10:30:00,2.27125
2021-06-10 10:30:00,3.1875
2021-06-11 10:30:00,1.85375
2021-06-12 10:30:00,1.55625
2021-06-13 10:30:00,2.25
2021-06-14 10:30:00,1.8787501
2021-06-15 10:30:00,3.055
2021-06-16 10:30:00,3.09125
2021-06-17 10:30:00,4.95
2021-06-18 10:30:00,3.17
2021-06-19 10:30:00,1.54875
2021-06-20 10:30:00,1.12
2021-06-21 10:30:00,1.94625
2021-06-22 10:30:00,2.06375
2021-06-23 10:30:00,1.7
2021-06-24 10:30:00,0.89625
2021-06-25 10:30:00,1.68375
2021-06-26 10:30:00,1.73375
2021-06-27 10:30:00,1.13125
2021-06-28 10:30:00,1.46125
2021-06-29 10:30:00,1.27875
2021-06-30 10:30:00,1.11625
2021-07-01 10:30:00,2.13875
2021-07-02 10:30:00,0.765
2021-07-03 10:30:00,0.9075
2021-07-04 10:30:00,1.09875
2021-07-05 10:30:00,1.2
2021-07-06 10:30:00,1.24125
2021-07-07 10:30:00,1.14375
2021-07-08 10:30:00,1.2375
2021-07-09 10:30:00,1.675
2021-07-10 10:30:00,1.46375
2021-07-11 10:30:00,0.77500004
2021-07-12 10:30:00,1.4725
2021-07-13 10:30:00,1.62
2021-07-14 10:30:00,1.4137499
2021-07-15 10:30:00,1.4625
2021-07-16 10:30:00,1.68375
2021-07-17 10:30:00,1.2625
2021-07-18 10:30:00,0.87875
2021-07-19 10:30:00,1.4575
2021-07-20 10:30:00,1.4
2021-07-21 10:30:00,1.40125
2021-07-22 10:30:00,1.42375
2021-07-23 10:30:00,1.2524999
2021-07-24 10:30:00,1.29375
2021-07-25 10:30:00,1.18875
2021-07-26 10:30:00,0.4925
2021-07-27 10:30:00,0.88625
2021-07-28 10:30:00,1.255
2021-07-29 10:30:00,1.02125
2021-07-30 10:30:00,1.4525
2021-07-31 10:30:00,1.09375
2021-08-01 10:30:00,1.21875
2021-08-02 10:30:00,1.7475001
2021-08-03 10:30:00,1.23375
2021-08-04 10:30:00,1.34875
2021-08-05 10:30:00,2.61875
2021-08-06 10:30:00,1.8375
2021-08-07 10:30:00,0.92
2021-08-08 10:30:00,0.84875
2021-08-09 10:30:00,1.085
2021-08-10 10:30:00,1.37375
2021-08-11 10:30:00,1.05
2021-08-12 10:30:00,0.85375005
2021-08-13 10:30:00,1.36125
2021-08-14 10:30:00,0.98
2021-08-15 10:30:00,1.425
2021-08-16 10:30:00,1.6
2021-08-17 10:30:00,1.4925
2021-08-18 10:30:00,1.3199999
2021-08-19 10:30:00,1.7937499
2021-08-20 10:30:00,1.37625
2021-08-21 10:30:00,1.1175
2021-08-22 10:30:00,1.44875
2021-08-23 10:30:00,1.54375
2021-08-24 10:30:00,1.61625
2021-08-25 10:30:00,2.33
2021-08-26 10:30:00,1.00125
2021-08-27 10:30:00,1.75625
2021-08-28 10:30:00,2.31875
2021-08-29 10:30:00,1.8875
2021-08-30 10:30:00,1.7275
2021-08-31 10:30:00,1.21
2021-09-01 10:30:00,2.0375
2021-09-02 10:30:00,1.21
2021-09-03 10:30:00,1.11125
2021-09-04 10:30:00,1.8425
2021-09-05 10:30:00,2.1125
2021-09-06 10:30:00,0.89125
2021-09-07 10:30:00,0.8375
2021-09-08 10:30:00,1.91125
2021-09-09 10:30:00,1.11375
2021-09-10 10:30:00,2.8675
2021-09-11 10:30:00,2.0
2021-09-12 10:30:00,2.15625
2021-09-13 10:30:00,2.905
2021-09-14 10:30:00,1.76
2021-09-15 10:30:00,1.48625
2021-09-16 10:30:00,2.8575
2021-09-17 10:30:00,1.895
2021-09-18 10:30:00,2.0674999
2021-09-19 10:30:00,0.92625
2021-09-20 10:30:00,1.0925
2021-09-21 10:30:00,0.51875
2021-09-22 10:30:00,1.31625
2021-09-23 10:30:00,1.39875
2021-09-24 10:30:00,1.04125
2021-09-25 10:30:00,1.7162501
2021-09-26 10:30:00,2.1175
2021-09-27 10:30:00,1.94375
2021-09-28 10:30:00,3.8025
2021-09-29 10:30:00,2.53
2021-09-30 10:30:00,2.09875
2021-10-01 10:30:00,1.64375
2021-10-02 10:30:00,1.36625
2021-10-03 10:30:00,0.7325
2021-10-04 10:30:00,1.5825
2021-10-05 10:30:00,2.54875
2021-10-06 10:30:00,0.29625002
2021-10-07 10:30:00,2.04375
2021-10-08 10:30:00,2.2425
2021-10-09 10:30:00,5.175
2021-10-10 10:30:00,5.87625
2021-10-11 10:30:00,1.24625
2021-10-12 10:30:00,1.8825
2021-10-13 10:30:00,2.70875
2021-10-14 10:30:00,2.8125
2021-10-15 10:30:00,6.705
2021-10-16 10:30:00,3.9325
2021-10-17 10:30:00,2.23625
2021-10-18 10:30:00,2.42875
2021-10-19 10:30:00,2.4475
2021-10-20 10:30:00,1.0225
2021-10-21 10:30:00,2.10375
2021-10-22 10:30:00,1.82
2021-10-23 10:30:00,1.225
2021-10-24 10:30:00,0.92375004
2021-10-25 10:30:00,2.04875
2021-10-26 10:30:00,3.2375
2021-10-27 10:30:00,2.445
2021-10-28 10:30:00,0.90749997
2021-10-29 10:30:00,0.90875
2021-10-30 10:30:00,0.8675
2021-10-31 10:30:00,0.4675
2021-11-01 10:30:00,0.65000004
2021-11-02 10:30:00,1.3874999
2021-11-03 10:30:00,0.8275
2021-11-04 10:30:00,1.2875
2021-11-05 10:30:00,3.7175
2021-11-06 10:30:00,2.9375
2021-11-07 10:30:00,1.14875
2021-11-08 10:30:00,2.65625
2021-11-09 10:30:00,3.3925
2021-11-10 10:30:00,4.445
2021-11-11 10:30:00,5.11625
2021-11-12 10:30:00,2.7525
2021-11-13 10:30:00,3.59375
2021-11-14 10:30:00,2.525
2021-11-15 10:30:00,0.9975
2021-11-16 10:30:00,0.9025
2021-11-17 10:30:00,4.4675
2021-11-18 10:30:00,5.16625
2021-11-19 10:30:00,0.83375
2021-11-20 10:30:00,0.92875
2021-11-21 10:30:00,1.4625
2021-11-22 10:30:00,5.4
2021-11-23 10:30:00,5.92625
2021-11-24 10:30:00,4.76875
2021-11-25 10:30:00,3.685
2021-11-26 10:30:00,0.86625
2021-11-27 10:30:00,0.8
2021-11-28 10:30:00,2.34
2021-11-29 10:30:00,1.69125
2021-11-30 10:30:00,3.4775
2021-12-01 10:30:00,2.8075001
2021-12-02 10:30:00,4.78625
2021-12-03 10:30:00,2.85
2021-12-04 10:30:00,0.825
2021-12-05 10:30:00,3.33875
2021-12-06 10:30:00,3.03375
2021-12-07 10:30:00,1.2175
2021-12-08 10:30:00,0.4125
2021-12-09 10:30:00,1.785
2021-12-10 10:30:00,2.29375
2021-12-11 10:30:00,4.6625
2021-12-12 10:30:00,3.37875
2021-12-13 10:30:00,1.96
2021-12-14 10:30:00,2.68625
2021-12-15 10:30:00,0.98
2021-12-16 10:30:00,4.01125
2021-12-17 10:30:00,2.9975
2021-12-18 10:30:00,2.10625
2021-12-19 10:30:00,2.39625
2021-12-20 10:30:00,5.67875
2021-12-21 10:30:00,2.96
2021-12-22 10:30:00,1.71625
2021-12-23 10:30:00,3.77375
2021-12-24 10:30:00,4.1575
2021-12-25 10:30:00,3.06125
2021-12-26 10:30:00,2.6875
2021-12-27 10:30:00,0.97875
2021-12-28 10:30:00,3.06
2021-12-29 10:30:00,2.58125
2021-12-30 10:30:00,3.7875
2021-12-31 10:30:00,0.79375
2022-01-01 10:30:00,3.33
2022-01-02 10:30:00,3.52125
2022-01-03 10:30:00,3.78875
2022-01-04 10:30:00,0.69375
2022-01-05 10:30:00,3.23
2022-01-06 10:30:00,0.82
2022-01-07 10:30:00,1.19
2022-01-08 10:30:00,2.1575
2022-01-09 10:30:00,3.20875
2022-01-10 10:30:00,2.9875
2022-01-11 10:30:00,2.76625
2022-01-12 10:30:00,3.8225
2022-01-13 10:30:00,1.06875
2022-01-14 10:30:00,1.295
2022-01-15 10:30:00,4.5499997
2022-01-16 10:30:00,2.405
2022-01-17 10:30:00,2.35
2022-01-18 10:30:00,1.56875
2022-01-19 10:30:00,2.70375
2022-01-20 10:30:00,1.0175
2022-01-21 10:30:00,0.98875
2022-01-22 10:30:00,1.08375
2022-01-23 10:30:00,1.3
2022-01-24 10:30:00,0.795
2022-01-25 10:30:00,2.525
2022-01-26 10:30:00,3.5025
2022-01-27 10:30:00,4.26125
2022-01-28 10:30:00,5.44125
2022-01-29 10:30:00,4.87
2022-01-30 10:30:00,2.8975
2022-01-31 10:30:00,3.3575
2022-02-01 10:30:00,3.94625
2022-02-02 10:30:00,4.52
2022-02-03 10:30:00,4.75875
2022-02-04 10:30:00,5.1275
2022-02-05 10:30:00,4.07875
2022-02-06 10:30:00,4.6775002
2022-02-07 10:30:00,3.49625
2022-02-08 10:30:00,1.9399999
2022-02-09 10:30:00,1.8825
2022-02-10 10:30:00,1.6625
2022-02-11 10:30:00,3.2225
2022-02-12 10:30:00,2.4775
2022-02-13 10:30:00,1.33125
2022-02-14 10:30:00,2.72
2022-02-15 10:30:00,3.06125
2022-02-16 10:30:00,3.29625
2022-02-17 10:30:00,2.675
2022-02-18 10:30:00,1.715
2022-02-19 10:30:00,3.41
2022-02-20 10:30:00,2.9375
2022-02-21 10:30:00,3.375
2022-02-22 10:30:00,2.19125
2022-02-23 10:30:00,3.00875
2022-02-24 10:30:00,2.30375
2022-02-25 10:30:00,3.885
2022-02-26 10:30:00,3.7575
2022-02-27 10:30:00,3.775
2022-02-28 10:30:00,2.94625
2022-03-01 10:30:00,2.70875
2022-03-02 10:30:00,3.7275
2022-03-03 10:30:00,1.6125
2022-03-04 10:30:00,5.8275
2022-03-05 10:30:00,4.16875
2022-03-06 10:30:00,1.70625
2022-03-07 10:30:00,2.39875
2022-03-08 10:30:00,1.8175
2022-03-09 10:30:00,2.1
2022-03-10 10:30:00,6.94125
2022-03-11 10:30:00,3.86
2022-03-12 10:30:00,1.64375
2022-03-13 10:30:00,1.5550001
2022-03-14 10:30:00,0.99
2022-03-15 10:30:00,3.0525
2022-03-16 10:30:00,4.95
2022-03-17 10:30:00,1.9187499
2022-03-18 10:30:00,1.3774999
2022-03-19 10:30:00,2.67375
2022-03-20 10:30:00,3.2475
2022-03-21 10:30:00,3.90625
2022-03-22 10:30:00,2.43875
2022-03-23 10:30:00,2.3575
2022-03-24 10:30:00,3.105
2022-03-25 10:30:00,3.1675
2022-03-26 10:30:00,4.64625
2022-03-27 10:30:00,3.2962499
2022-03-28 10:30:00,2.045
2022-03-29 10:30:00,3.9825
2022-03-30 10:30:00,1.98625
2022-03-31 10:30:00,3.18125
2022-04-01 10:30:00,2.2775
2022-04-02 10:30:00,2.22875
2022-04-03 10:30:00,1.8874999
2022-04-04 10:30:00,3.4025
2022-04-05 10:30:00,5.515
2022-04-06 10:30:00,3.6975
2022-04-07 10:30:00,2.545
2022-04-08 10:30:00,4.2625
2022-04-09 10:30:00,2.31875
2022-04-10 10:30:00,5.23375
2022-04-11 10:30:00,2.945
2022-04-12 10:30:00,2.56625
2022-04-13 10:30:00,1.63
2022-04-14 10:30:00,2.315
2022-04-15 10:30:00,4.88375
2022-04-16 10:30:00,3.36
2022-04-17 10:30:00,2.62875
2022-04-18 10:30:00,2.98
2022-04-19 10:30:00,2.4925
2022-04-20 10:30:00,3.41875
2022-04-21 10:30:00,1.62
2022-04-22 10:30:00,2.9
2022-04-23 10:30:00,4.67875
2022-04-24 10:30:00,3.49375
2022-04-25 10:30:00,3.38625
2022-04-26 10:30:00,5.63
2022-04-27 10:30:00,3.5
2022-04-28 10:30:00,2.175
2022-04-29 10:30:00,3.61875
2022-04-30 10:30:00,4.03875
2022-05-01 10:30:00,2.83125
2022-05-02 10:30:00,2.73
2022-05-03 10:30:00,2.2
2022-05-04 10:30:00,2.175
2022-05-05 10:30:00,2.35
2022-05-06 10:30:00,4.02625
2022-05-07 10:30:00,3.99625
2022-05-08 10:30:00,2.6525
2022-05-09 10:30:00,4.37125
2022-05-10 10:30:00,2.48625
2022-05-11 10:30:00,4.12
2022-05-12 10:30:00,2.5525
2022-05-13 10:30:00,2.55375
2022-05-14 10:30:00,3.1125
2022-05-15 10:30:00,3.60125
2022-05-16 10:30:00,3.0725
2022-05-17 10:30:00,2.59375
2022-05-18 10:30:00,3.2375
2022-05-19 10:30:00,3.18625
2022-05-20 10:30:00,4.1175
2022-05-21 10:30:00,2.97
2022-05-22 10:30:00,2.99
2022-05-23 10:30:00,3.27
2022-05-24 10:30:00,0.9375
2022-05-25 10:30:00,2.665
2022-05-26 10:30:00,2.5425
2022-05-27 10:30:00,1.5975
2022-05-28 10:30:00,3.6925
2022-05-29 10:30:00,1.9025
2022-05-30 10:30:00,2.585
2022-05-31 10:30:00,2.545
2022-06-01 10:30:00,2.58
2022-06-02 10:30:00,2.285
2022-06-03 10:30:00,2.45375
2022-06-04 10:30:00,2.34625
2022-06-05 10:30:00,3.3925
2022-06-06 10:30:00,2.83375
2022-06-07 10:30:00,1.0
2022-06-08 10:30:00,1.90375
2022-06-09 10:30:00,1.63
2022-06-10 10:30:00,1.71
2022-06-11 10:30:00,3.14875
2022-06-12 10:30:00,1.465
2022-06-13 10:30:00,1.85125
2022-06-14 10:30:00,2.0762498
2022-06-15 10:30:00,2.20875
2022-06-16 10:30:00,1.1725
2022-06-17 10:30:00,1.72875
2022-06-18 10:30:00,1.6850001
2022-06-19 10:30:00,1.08875
2022-06-20 10:30:00,3.1175
2022-06-21 10:30:00,3.825
2022-06-22 10:30:00,1.69375
2022-06-23 10:30:00,2.0075
2022-06-24 10:30:00,2.14375
2022-06-25 10:30:00,1.5962499
2022-06-26 10:30:00,1.6625
2022-06-27 10:30:00,1.3325
2022-06-28 10:30:00,1.7775
2022-06-29 10:30:00,1.45875
2022-06-30 10:30:00,1.0675
2022-07-01 10:30:00,2.2350001
2022-07-02 10:30:00,1.46
2022-07-03 10:30:00,1.59375
2022-07-04 10:30:00,2.0275
2022-07-05 10:30:00,2.33125
2022-07-06 10:30:00,1.1975
2022-07-07 10:30:00,1.7262499
2022-07-08 10:30:00,2.64
2022-07-09 10:30:00,3.24125
2022-07-10 10:30:00,2.1575
2022-07-11 10:30:00,1.7275
2022-07-12 10:30:00,1.9175
2022-07-13 10:30:00,1.30875
2022-07-14 10:30:00,1.81875
2022-07-15 10:30:00,0.97625
2022-07-16 10:30:00,0.66375
2022-07-17 10:30:00,1.7737501
2022-07-18 10:30:00,1.675
2022-07-19 10:30:00,1.7625
2022-07-20 10:30:00,1.93875
2022-07-21 10:30:00,1.79375
2022-07-22 10:30:00,0.84
2022-07-23 10:30:00,0.83375
2022-07-24 10:30:00,1.02
2022-07-25 10:30:00,2.24
2022-07-26 10:30:00,2.04875
2022-07-27 10:30:00,1.50625
2022-07-28 10:30:00,1.52125
2022-07-29 10:30:00,1.44375
2022-07-30 10:30:00,1.6750001
2022-07-31 10:30:00,1.995
2022-08-01 10:30:00,1.7325
2022-08-02 10:30:00,1.48
2022-08-03 10:30:00,1.66375
2022-08-04 10:30:00,2.12875
2022-08-05 10:30:00,4.105
2022-08-06 10:30:00,1.4875
2022-08-07 10:30:00,2.36125
2022-08-08 10:30:00,3.26875
2022-08-09 10:30:00,3.1675
2022-08-10 10:30:00,3.28875
2022-08-11 10:30:00,2.3274999
2022-08-12 10:30:00,1.61375
2022-08-13 10:30:00,1.765
2022-08-14 10:30:00,1.69
2022-08-15 10:30:00,1.145
2022-08-16 10:30:00,1.56
2022-08-17 10:30:00,2.18
2022-08-18 10:30:00,1.7674999
2022-08-19 10:30:00,3.33625
2022-08-20 10:30:00,2.2450001
2022-08-21 10:30:00,1.08
2022-08-22 10:30:00,4.025
2022-08-23 10:30:00,2.86375
2022-08-24 10:30:00,1.44375
2022-08-25 10:30:00,3.65875
2022-08-26 10:30:00,2.9175
2022-08-27 10:30:00,2.26375
2022-08-28 10:30:00,1.43625
2022-08-29 10:30:00,1.48
2022-08-30 10:30:00,1.79875
2022-08-31 10:30:00,3.0775
2022-09-01 10:30:00,2.375
2022-09-02 10:30:00,1.37
2022-09-03 10:30:00,1.3525
2022-09-04 10:30:00,3.01125
2022-09-05 10:30:00,2.99375
2022-09-06 10:30:00,2.6875
2022-09-07 10:30:00,3.485
2022-09-08 10:30:00,2.6225
2022-09-09 10:30:00,1.525
2022-09-10 10:30:00,1.3575001
2022-09-11 10:30:00,1.265
2022-09-12 10:30:00,2.34
2022-09-13 10:30:00,1.8275
2022-09-14 10:30:00,1.77625
2022-09-15 10:30:00,1.33125
2022-09-16 10:30:00,1.56625
2022-09-17 10:30:00,4.38
2022-09-18 10:30:00,4.86875
2022-09-19 10:30:00,4.31125
2022-09-20 10:30:00,2.7475
2022-09-21 10:30:00,2.24625
2022-09-22 10:30:00,2.4575
2022-09-23 10:30:00,2.885
2022-09-24 10:30:00,2.665
2022-09-25 10:30:00,3.4825
2022-09-26 10:30:00,1.9037501
2022-09-27 10:30:00,2.89125
2022-09-28 10:30:00,2.06
2022-09-29 10:30:00,2.58625
2022-09-30 10:30:00,0.955
2022-10-01 10:30:00,2.32375
2022-10-02 10:30:00,1.9087499
2022-10-03 10:30:00,3.85125
2022-10-04 10:30:00,2.7375
2022-10-05 10:30:00,2.9625
2022-10-06 10:30:00,1.57625
2022-10-07 10:30:00,1.3575
2022-10-08 10:30:00,1.05375
2022-10-09 10:30:00,2.37125
2022-10-10 10:30:00,2.86
2022-10-11 10:30:00,0.83374995
2022-10-12 10:30:00,1.57875
2022-10-13 10:30:00,1.45125
2022-10-14 10:30:00,2.3775
2022-10-15 10:30:00,5.05125
2022-10-16 10:30:00,5.1325
2022-10-17 10:30:00,2.96125
2022-10-18 10:30:00,1.07625
2022-10-19 10:30:00,2.65375
2022-10-20 10:30:00,1.7225
2022-10-21 10:30:00,3.2425
2022-10-22 10:30:00,2.28125
2022-10-23 10:30:00,2.49875
2022-10-24 10:30:00,1.22875
2022-10-25 10:30:00,2.9724998
2022-10-26 10:30:00,3.22625
2022-10-27 10:30:00,0.92625004
2022-10-28 10:30:00,0.81125
2022-10-29 10:30:00,1.1525
2022-10-30 10:30:00,1.2624999
2022-10-31 10:30:00,6.255
2022-11-01 10:30:00,5.2225
2022-11-02 10:30:00,5.6125
2022-11-03 10:30:00,4.23
2022-11-04 10:30:00,3.3600001
2022-11-05 10:30:00,1.78375
2022-11-06 10:30:00,2.23875
2022-11-07 10:30:00,2.4775
2022-11-08 10:30:00,1.73
2022-11-09 10:30:00,2.73125
2022-11-10 10:30:00,2.25625
2022-11-11 10:30:00,4.44
2022-11-12 10:30:00,2.18375
2022-11-13 10:30:00,1.56375
2022-11-14 10:30:00,1.8525
2022-11-15 10:30:00,1.9375
2022-11-16 10:30:00,1.355
2022-11-17 10:30:00,3.7649999
2022-11-18 10:30:00,1.89125
2022-11-19 10:30:00,5.6887503
2022-11-20 10:30:00,2.685
2022-11-21 10:30:00,2.21375
2022-11-22 10:30:00,1.15375
2022-11-23 10:30:00,1.2875
2022-11-24 10:30:00,1.2875
2022-11-25 10:30:00,4.44625
2022-11-26 10:30:00,2.9975
2022-11-27 10:30:00,1.6275
2022-11-28 10:30:00,2.145
2022-11-29 10:30:00,5.17
2022-11-30 10:30:00,5.08625
2022-12-01 10:30:00,3.4225
2022-12-02 10:30:00,2.48
2022-12-03 10:30:00,3.845
2022-12-04 10:30:00,3.89625
2022-12-05 10:30:00,4.75875
2022-12-06 10:30:00,3.48875
2022-12-07 10:30:00,3.5225
2022-12-08 10:30:00,3.92
2022-12-09 10:30:00,3.38125
2022-12-10 10:30:00,3.535
2022-12-11 10:30:00,1.0975
2022-12-12 10:30:00,5.7475
2022-12-13 10:30:00,6.29625
2022-12-14 10:30:00,5.1549997
2022-12-15 10:30:00,4.38375
2022-12-16 10:30:00,3.83125
2022-12-17 10:30:00,4.39375
2022-12-18 10:30:00,4.06
2022-12-19 10:30:00,2.205
2022-12-20 10:30:00,0.6475
2022-12-21 10:30:00,2.825
2022-12-22 10:30:00,4.3
2022-12-23 10:30:00,4.175
2022-12-24 10:30:00,4.4925
2022-12-25 10:30:00,1.14125
2022-12-26 10:30:00,0.47375
2022-12-27 10:30:00,2.64125
2022-12-28 10:30:00,3.47
2022-12-29 10:30:00,2.85
2022-12-30 10:30:00,3.39875
2022-12-31 10:30:00,4.90375
