time,srad
2012-01-01 10:30:00,6.4152
2012-01-02 10:30:00,4.6764
2012-01-03 10:30:00,6.3612003
2012-01-04 10:30:00,6.4908004
2012-01-05 10:30:00,6.5448003
2012-01-06 10:30:00,6.6744003
2012-01-07 10:30:00,6.75
2012-01-08 10:30:00,6.5988
2012-01-09 10:30:00,6.75
2012-01-10 10:30:00,1.8792001
2012-01-11 10:30:00,2.9052
2012-01-12 10:30:00,6.912
2012-01-13 10:30:00,7.0416
2012-01-14 10:30:00,7.2468004
2012-01-15 10:30:00,7.3656
2012-01-16 10:30:00,7.236
2012-01-17 10:30:00,7.3440003
2012-01-18 10:30:00,7.3980002
2012-01-19 10:30:00,6.156
2012-01-20 10:30:00,7.5384
2012-01-21 10:30:00,7.9704003
2012-01-22 10:30:00,8.0892
2012-01-23 10:30:00,7.1604004
2012-01-24 10:30:00,8.316
2012-01-25 10:30:00,8.424
2012-01-26 10:30:00,8.586
2012-01-27 10:30:00,8.802
2012-01-28 10:30:00,8.9424
2012-01-29 10:30:00,8.8344
2012-01-30 10:30:00,9.2556
2012-01-31 10:30:00,9.3636
2012-02-01 10:30:00,7.7652
2012-02-02 10:30:00,7.8516
2012-02-03 10:30:00,7.9488
2012-02-04 10:30:00,8.9748
2012-02-05 10:30:00,8.5536
2012-02-06 10:30:00,7.1388
2012-02-07 10:30:00,9.990001
2012-02-08 10:30:00,9.6012
2012-02-09 10:30:00,10.2384
2012-02-10 10:30:00,11.1456
2012-02-11 10:30:00,10.530001
2012-02-12 10:30:00,8.0028
2012-02-13 10:30:00,10.368
2012-02-14 10:30:00,10.843201
2012-02-15 10:30:00,11.2536
2012-02-16 10:30:00,11.383201
2012-02-17 10:30:00,11.469601
2012-02-18 10:30:00,11.8476
2012-02-19 10:30:00,12.5064
2012-02-20 10:30:00,12.5388
2012-02-21 10:30:00,11.6208
2012-02-22 10:30:00,9.8496
2012-02-23 10:30:00,12.1068
2012-02-24 10:30:00,10.206
2012-02-25 10:30:00,12.636001
2012-02-26 10:30:00,12.7116
2012-02-27 10:30:00,13.446
2012-02-28 10:30:00,12.9924
2012-02-29 10:30:00,12.981601
2012-03-01 10:30:00,13.3272
2012-03-02 10:30:00,13.5324
2012-03-03 10:30:00,12.2904005
2012-03-04 10:30:00,11.210401
2012-03-05 10:30:00,5.5836
2012-03-06 10:30:00,8.5968
2012-03-07 10:30:00,11.070001
2012-03-08 10:30:00,14.688001
2012-03-09 10:30:00,15.228001
2012-03-10 10:30:00,11.836801
2012-03-11 10:30:00,13.3272
2012-03-12 10:30:00,16.502401
2012-03-13 10:30:00,13.878
2012-03-14 10:30:00,16.405201
2012-03-15 10:30:00,16.4484
2012-03-16 10:30:00,15.001201
2012-03-17 10:30:00,14.85
2012-03-18 10:30:00,17.7984
2012-03-19 10:30:00,18.3384
2012-03-20 10:30:00,18.7164
2012-03-21 10:30:00,18.3708
2012-03-22 10:30:00,16.750801
2012-03-23 10:30:00,7.3224
2012-03-24 10:30:00,14.774401
2012-03-25 10:30:00,18.975601
2012-03-26 10:30:00,15.5628
2012-03-27 10:30:00,19.807201
2012-03-28 10:30:00,15.552
2012-03-29 10:30:00,6.9984
2012-03-30 10:30:00,12.808801
2012-03-31 10:30:00,18.2196
2012-04-01 10:30:00,20.79
2012-04-02 10:30:00,19.2348
2012-04-03 10:30:00,18.2952
2012-04-04 10:30:00,16.0812
2012-04-05 10:30:00,18.3924
2012-04-06 10:30:00,21.8484
2012-04-07 10:30:00,18.241201
2012-04-08 10:30:00,17.582401
2012-04-09 10:30:00,20.358
2012-04-10 10:30:00,14.0724
2012-04-11 10:30:00,22.248001
2012-04-12 10:30:00,21.794401
2012-04-13 10:30:00,20.2068
2012-04-14 10:30:00,11.642401
2012-04-15 10:30:00,23.6952
2012-04-16 10:30:00,23.4144
2012-04-17 10:30:00,20.3796
2012-04-18 10:30:00,18.846
2012-04-19 10:30:00,18.5112
2012-04-20 10:30:00,19.4184
2012-04-21 10:30:00,21.060001
2012-04-22 10:30:00,20.2068
2012-04-23 10:30:00,17.2584
2012-04-24 10:30:00,5.9508
2012-04-25 10:30:00,18.1656
2012-04-26 10:30:00,25.099201
2012-04-27 10:30:00,11.728801
2012-04-28 10:30:00,22.6368
2012-04-29 10:30:00,22.6368
2012-04-30 10:30:00,20.8656
2012-05-01 10:30:00,25.326
2012-05-02 10:30:00,23.878801
2012-05-03 10:30:00,26.19
2012-05-04 10:30:00,25.207201
2012-05-05 10:30:00,22.939201
2012-05-06 10:30:00,23.7276
2012-05-07 10:30:00,22.518
2012-05-08 10:30:00,22.7124
2012-05-09 10:30:00,24.516
2012-05-10 10:30:00,23.846401
2012-05-11 10:30:00,21.621601
2012-05-12 10:30:00,5.6268
2012-05-13 10:30:00,12.582001
2012-05-14 10:30:00,15.886801
2012-05-15 10:30:00,23.0688
2012-05-16 10:30:00,10.4328
2012-05-17 10:30:00,27.5508
2012-05-18 10:30:00,21.5244
2012-05-19 10:30:00,28.7064
2012-05-20 10:30:00,29.3868
2012-05-21 10:30:00,23.3496
2012-05-22 10:30:00,12.96
2012-05-23 10:30:00,28.944
2012-05-24 10:30:00,26.0496
2012-05-25 10:30:00,26.3412
2012-05-26 10:30:00,29.6028
2012-05-27 10:30:00,25.3476
2012-05-28 10:30:00,27.3132
2012-05-29 10:30:00,20.79
2012-05-30 10:30:00,15.033601
2012-05-31 10:30:00,22.842001
2012-06-01 10:30:00,22.593601
2012-06-02 10:30:00,9.8388
2012-06-03 10:30:00,24.3108
2012-06-04 10:30:00,6.0372
2012-06-05 10:30:00,23.922
2012-06-06 10:30:00,16.470001
2012-06-07 10:30:00,19.224
2012-06-08 10:30:00,25.196402
2012-06-09 10:30:00,13.716001
2012-06-10 10:30:00,21.762001
2012-06-11 10:30:00,18.694801
2012-06-12 10:30:00,7.6788
2012-06-13 10:30:00,9.612
2012-06-14 10:30:00,14.029201
2012-06-15 10:30:00,6.966
2012-06-16 10:30:00,20.3472
2012-06-17 10:30:00,12.862801
2012-06-18 10:30:00,25.650002
2012-06-19 10:30:00,25.3476
2012-06-20 10:30:00,23.166
2012-06-21 10:30:00,20.0448
2012-06-22 10:30:00,22.1292
2012-06-23 10:30:00,20.8332
2012-06-24 10:30:00,10.530001
2012-06-25 10:30:00,18.9972
2012-06-26 10:30:00,22.1616
2012-06-27 10:30:00,11.5992
2012-06-28 10:30:00,16.783201
2012-06-29 10:30:00,11.016001
2012-06-30 10:30:00,27.572401
2012-07-01 10:30:00,6.9336
2012-07-02 10:30:00,12.3336
2012-07-03 10:30:00,15.454801
2012-07-04 10:30:00,25.8012
2012-07-05 10:30:00,27.108
2012-07-06 10:30:00,27.5184
2012-07-07 10:30:00,28.9116
2012-07-08 10:30:00,18.3924
2012-07-09 10:30:00,23.047201
2012-07-10 10:30:00,18.7488
2012-07-11 10:30:00,8.5752
2012-07-12 10:30:00,9.2988
2012-07-13 10:30:00,25.8552
2012-07-14 10:30:00,26.7084
2012-07-15 10:30:00,27.5076
2012-07-16 10:30:00,28.263601
2012-07-17 10:30:00,28.4796
2012-07-18 10:30:00,15.7032
2012-07-19 10:30:00,22.0644
2012-07-20 10:30:00,23.436
2012-07-21 10:30:00,17.830801
2012-07-22 10:30:00,4.4712
2012-07-23 10:30:00,28.3608
2012-07-24 10:30:00,23.187601
2012-07-25 10:30:00,19.17
2012-07-26 10:30:00,21.1032
2012-07-27 10:30:00,29.1816
2012-07-28 10:30:00,6.1992
2012-07-29 10:30:00,2.484
2012-07-30 10:30:00,12.2904005
2012-07-31 10:30:00,25.7796
2012-08-01 10:30:00,22.561201
2012-08-02 10:30:00,20.649601
2012-08-03 10:30:00,15.681601
2012-08-04 10:30:00,20.8332
2012-08-05 10:30:00,25.8444
2012-08-06 10:30:00,26.136002
2012-08-07 10:30:00,25.898401
2012-08-08 10:30:00,18.846
2012-08-09 10:30:00,28.123201
2012-08-10 10:30:00,19.774801
2012-08-11 10:30:00,10.0764
2012-08-12 10:30:00,24.2352
2012-08-13 10:30:00,25.488
2012-08-14 10:30:00,17.204401
2012-08-15 10:30:00,24.8616
2012-08-16 10:30:00,24.537601
2012-08-17 10:30:00,14.914801
2012-08-18 10:30:00,20.682001
2012-08-19 10:30:00,25.8444
2012-08-20 10:30:00,14.3964
2012-08-21 10:30:00,25.1532
2012-08-22 10:30:00,26.19
2012-08-23 10:30:00,22.4748
2012-08-24 10:30:00,22.140001
2012-08-25 10:30:00,21.6108
2012-08-26 10:30:00,16.9668
2012-08-27 10:30:00,18.3384
2012-08-28 10:30:00,17.2152
2012-08-29 10:30:00,19.4076
2012-08-30 10:30:00,24.580801
2012-08-31 10:30:00,17.172
2012-09-01 10:30:00,17.096401
2012-09-02 10:30:00,3.2184
2012-09-03 10:30:00,9.4824
2012-09-04 10:30:00,9.018001
2012-09-05 10:30:00,20.9844
2012-09-06 10:30:00,23.6952
2012-09-07 10:30:00,19.8936
2012-09-08 10:30:00,16.5672
2012-09-09 10:30:00,16.524
2012-09-10 10:30:00,14.515201
2012-09-11 10:30:00,4.5144
2012-09-12 10:30:00,3.0240002
2012-09-13 10:30:00,12.668401
2012-09-14 10:30:00,20.9844
2012-09-15 10:30:00,21.5352
2012-09-16 10:30:00,20.736
2012-09-17 10:30:00,21.546001
2012-09-18 10:30:00,20.919601
2012-09-19 10:30:00,18.5652
2012-09-20 10:30:00,17.1936
2012-09-21 10:30:00,15.346801
2012-09-22 10:30:00,10.1952
2012-09-23 10:30:00,17.582401
2012-09-24 10:30:00,11.955601
2012-09-25 10:30:00,3.5640001
2012-09-26 10:30:00,19.7316
2012-09-27 10:30:00,2.7648
2012-09-28 10:30:00,2.7324002
2012-09-29 10:30:00,16.092001
2012-09-30 10:30:00,18.7596
2012-10-01 10:30:00,18.036001
2012-10-02 10:30:00,16.750801
2012-10-03 10:30:00,4.8708
2012-10-04 10:30:00,11.394
2012-10-05 10:30:00,17.517601
2012-10-06 10:30:00,16.8804
2012-10-07 10:30:00,15.4116
2012-10-08 10:30:00,10.3356
2012-10-09 10:30:00,3.7584002
2012-10-10 10:30:00,12.528
2012-10-11 10:30:00,13.5432005
2012-10-12 10:30:00,4.7196
2012-10-13 10:30:00,12.0312
2012-10-14 10:30:00,13.489201
2012-10-15 10:30:00,8.931601
2012-10-16 10:30:00,1.7388
2012-10-17 10:30:00,12.528
2012-10-18 10:30:00,7.938
2012-10-19 10:30:00,10.5192
2012-10-20 10:30:00,12.1716
2012-10-21 10:30:00,6.8688
2012-10-22 10:30:00,10.854
2012-10-23 10:30:00,10.7784
2012-10-24 10:30:00,6.5340004
2012-10-25 10:30:00,10.7352
2012-10-26 10:30:00,8.2404
2012-10-27 10:30:00,4.0068
2012-10-28 10:30:00,10.4544
2012-10-29 10:30:00,7.6788
2012-10-30 10:30:00,6.21
2012-10-31 10:30:00,8.305201
2012-11-01 10:30:00,10.4652
2012-11-02 10:30:00,6.9768
2012-11-03 10:30:00,3.4344
2012-11-04 10:30:00,2.7756
2012-11-05 10:30:00,7.0740004
2012-11-06 10:30:00,8.2296
2012-11-07 10:30:00,6.5664
2012-11-08 10:30:00,8.424
2012-11-09 10:30:00,6.9552
2012-11-10 10:30:00,6.156
2012-11-11 10:30:00,2.3652
2012-11-12 10:30:00,3.6288002
2012-11-13 10:30:00,5.9292
2012-11-14 10:30:00,5.4108
2012-11-15 10:30:00,8.262
2012-11-16 10:30:00,8.6724
2012-11-17 10:30:00,8.8992
2012-11-18 10:30:00,2.6136
2012-11-19 10:30:00,2.3652
2012-11-20 10:30:00,2.8512
2012-11-21 10:30:00,8.1972
2012-11-22 10:30:00,8.1108
2012-11-23 10:30:00,7.8084
2012-11-24 10:30:00,6.1992
2012-11-25 10:30:00,7.6356
2012-11-26 10:30:00,7.6896
2012-11-27 10:30:00,5.4756002
2012-11-28 10:30:00,7.4196
2012-11-29 10:30:00,7.3116
2012-11-30 10:30:00,6.4908004
2012-12-01 10:30:00,4.86
2012-12-02 10:30:00,5.2920003
2012-12-03 10:30:00,4.3308
2012-12-04 10:30:00,5.67
2012-12-05 10:30:00,6.0696
2012-12-06 10:30:00,5.7132
2012-12-07 10:30:00,6.4584002
2012-12-08 10:30:00,5.2704
2012-12-09 10:30:00,5.238
2012-12-10 10:30:00,5.2812
2012-12-11 10:30:00,6.426
2012-12-12 10:30:00,6.4476004
2012-12-13 10:30:00,6.3936
2012-12-14 10:30:00,5.4864
2012-12-15 10:30:00,5.67
2012-12-16 10:30:00,6.2748003
2012-12-17 10:30:00,6.2748003
2012-12-18 10:30:00,6.3288
2012-12-19 10:30:00,6.1992
2012-12-20 10:30:00,6.1236
2012-12-21 10:30:00,6.2208004
2012-12-22 10:30:00,6.3180003
2012-12-23 10:30:00,6.3396
2012-12-24 10:30:00,3.8772001
2012-12-25 10:30:00,6.3936
2012-12-26 10:30:00,6.3936
2012-12-27 10:30:00,6.2856
2012-12-28 10:30:00,2.6568
2012-12-29 10:30:00,3.2616
2012-12-30 10:30:00,6.4152
2012-12-31 10:30:00,1.3284
2013-01-01 10:30:00,2.538
2013-01-02 10:30:00,2.8404
2013-01-03 10:30:00,6.8256
2013-01-04 10:30:00,7.0416
2013-01-05 10:30:00,6.9768
2013-01-06 10:30:00,6.9444003
2013-01-07 10:30:00,7.0740004
2013-01-08 10:30:00,7.182
2013-01-09 10:30:00,7.2036004
2013-01-10 10:30:00,7.3008003
2013-01-11 10:30:00,6.9228
2013-01-12 10:30:00,7.3440003
2013-01-13 10:30:00,5.5512
2013-01-14 10:30:00,7.5600004
2013-01-15 10:30:00,5.616
2013-01-16 10:30:00,5.4216003
2013-01-17 10:30:00,6.5880003
2013-01-18 10:30:00,7.3872004
2013-01-19 10:30:00,8.0028
2013-01-20 10:30:00,6.3180003
2013-01-21 10:30:00,7.3980002
2013-01-22 10:30:00,8.37
2013-01-23 10:30:00,3.0672002
2013-01-24 10:30:00,8.4888
2013-01-25 10:30:00,8.7804
2013-01-26 10:30:00,8.218801
2013-01-27 10:30:00,7.3872004
2013-01-28 10:30:00,6.9552
2013-01-29 10:30:00,8.8992
2013-01-30 10:30:00,3.7152002
2013-01-31 10:30:00,7.2252
2013-02-01 10:30:00,9.4068
2013-02-02 10:30:00,9.5364
2013-02-03 10:30:00,7.3116
2013-02-04 10:30:00,9.1152
2013-02-05 10:30:00,9.8496
2013-02-06 10:30:00,7.8084
2013-02-07 10:30:00,10.1952
2013-02-08 10:30:00,10.4328
2013-02-09 10:30:00,10.0116005
2013-02-10 10:30:00,10.810801
2013-02-11 10:30:00,10.8756
2013-02-12 10:30:00,10.9512005
2013-02-13 10:30:00,10.962
2013-02-14 10:30:00,11.523601
2013-02-15 10:30:00,11.782801
2013-02-16 10:30:00,11.6532
2013-02-17 10:30:00,11.988
2013-02-18 10:30:00,10.6056
2013-02-19 10:30:00,12.6144
2013-02-20 10:30:00,12.6792
2013-02-21 10:30:00,10.530001
2013-02-22 10:30:00,13.6728
2013-02-23 10:30:00,13.986
2013-02-24 10:30:00,13.6836
2013-02-25 10:30:00,13.0572
2013-02-26 10:30:00,13.0788
2013-02-27 10:30:00,14.860801
2013-02-28 10:30:00,5.7024
2013-03-01 10:30:00,10.1736
2013-03-02 10:30:00,12.258
2013-03-03 10:30:00,13.921201
2013-03-04 10:30:00,15.1956005
2013-03-05 10:30:00,15.444
2013-03-06 10:30:00,15.2928
2013-03-07 10:30:00,15.2928
2013-03-08 10:30:00,13.6836
2013-03-09 10:30:00,3.1644
2013-03-10 10:30:00,7.3440003
2013-03-11 10:30:00,12.0528
2013-03-12 10:30:00,12.3876
2013-03-13 10:30:00,16.124401
2013-03-14 10:30:00,15.454801
2013-03-15 10:30:00,17.550001
2013-03-16 10:30:00,12.8844
2013-03-17 10:30:00,17.550001
2013-03-18 10:30:00,13.402801
2013-03-19 10:30:00,16.8588
2013-03-20 10:30:00,18.1548
2013-03-21 10:30:00,14.968801
2013-03-22 10:30:00,18.7596
2013-03-23 10:30:00,16.1352
2013-03-24 10:30:00,19.2996
2013-03-25 10:30:00,19.116001
2013-03-26 10:30:00,11.448
2013-03-27 10:30:00,18.846
2013-03-28 10:30:00,18.1224
2013-03-29 10:30:00,18.5976
2013-03-30 10:30:00,20.509201
2013-03-31 10:30:00,23.014801
2013-04-01 10:30:00,21.308401
2013-04-02 10:30:00,10.810801
2013-04-03 10:30:00,17.895601
2013-04-04 10:30:00,17.3016
2013-04-05 10:30:00,12.852
2013-04-06 10:30:00,22.6044
2013-04-07 10:30:00,20.4876
2013-04-08 10:30:00,5.7564
2013-04-09 10:30:00,22.896
2013-04-10 10:30:00,18.684
2013-04-11 10:30:00,18.1548
2013-04-12 10:30:00,16.3404
2013-04-13 10:30:00,21.3516
2013-04-14 10:30:00,23.252401
2013-04-15 10:30:00,23.3172
2013-04-16 10:30:00,24.0732
2013-04-17 10:30:00,19.9908
2013-04-18 10:30:00,19.180801
2013-04-19 10:30:00,21.8484
2013-04-20 10:30:00,15.336
2013-04-21 10:30:00,24.159601
2013-04-22 10:30:00,18.198
2013-04-23 10:30:00,16.8804
2013-04-24 10:30:00,16.1028
2013-04-25 10:30:00,14.094001
2013-04-26 10:30:00,23.598001
2013-04-27 10:30:00,25.0776
2013-04-28 10:30:00,14.958
2013-04-29 10:30:00,3.888
2013-04-30 10:30:00,15.7356
2013-05-01 10:30:00,22.1508
2013-05-02 10:30:00,20.4552
2013-05-03 10:30:00,23.112001
2013-05-04 10:30:00,26.773201
2013-05-05 10:30:00,22.842001
2013-05-06 10:30:00,22.9932
2013-05-07 10:30:00,20.2392
2013-05-08 10:30:00,21.3192
2013-05-09 10:30:00,7.722
2013-05-10 10:30:00,16.7292
2013-05-11 10:30:00,21.2868
2013-05-12 10:30:00,13.2192
2013-05-13 10:30:00,27.7344
2013-05-14 10:30:00,5.7672
2013-05-15 10:30:00,29.0844
2013-05-16 10:30:00,22.2264
2013-05-17 10:30:00,12.8844
2013-05-18 10:30:00,28.5984
2013-05-19 10:30:00,10.1088
2013-05-20 10:30:00,23.3172
2013-05-21 10:30:00,16.6644
2013-05-22 10:30:00,28.198801
2013-05-23 10:30:00,21.8484
2013-05-24 10:30:00,29.9484
2013-05-25 10:30:00,30.1212
2013-05-26 10:30:00,23.360401
2013-05-27 10:30:00,15.087601
2013-05-28 10:30:00,15.174001
2013-05-29 10:30:00,24.5916
2013-05-30 10:30:00,30.8988
2013-05-31 10:30:00,22.356
2013-06-01 10:30:00,26.9676
2013-06-02 10:30:00,17.3448
2013-06-03 10:30:00,4.4604
2013-06-04 10:30:00,28.1124
2013-06-05 10:30:00,24.364801
2013-06-06 10:30:00,13.8996
2013-06-07 10:30:00,18.8568
2013-06-08 10:30:00,17.28
2013-06-09 10:30:00,7.9164004
2013-06-10 10:30:00,20.7792
2013-06-11 10:30:00,18.6192
2013-06-12 10:30:00,21.5352
2013-06-13 10:30:00,22.2912
2013-06-14 10:30:00,22.2696
2013-06-15 10:30:00,29.440802
2013-06-16 10:30:00,22.9176
2013-06-17 10:30:00,30.996
2013-06-18 10:30:00,28.544401
2013-06-19 10:30:00,24.1056
2013-06-20 10:30:00,24.5916
2013-06-21 10:30:00,24.505201
2013-06-22 10:30:00,29.451601
2013-06-23 10:30:00,28.7604
2013-06-24 10:30:00,27.2376
2013-06-25 10:30:00,16.686
2013-06-26 10:30:00,11.1996
2013-06-27 10:30:00,9.7632
2013-06-28 10:30:00,29.926802
2013-06-29 10:30:00,6.75
2013-06-30 10:30:00,9.2232
2013-07-01 10:30:00,23.7492
2013-07-02 10:30:00,7.0416
2013-07-03 10:30:00,11.383201
2013-07-04 10:30:00,12.441601
2013-07-05 10:30:00,29.7432
2013-07-06 10:30:00,24.03
2013-07-07 10:30:00,18.802801
2013-07-08 10:30:00,28.0044
2013-07-09 10:30:00,28.3824
2013-07-10 10:30:00,31.039202
2013-07-11 10:30:00,22.95
2013-07-12 10:30:00,17.7012
2013-07-13 10:30:00,21.4272
2013-07-14 10:30:00,27.9396
2013-07-15 10:30:00,6.9552
2013-07-16 10:30:00,26.211601
2013-07-17 10:30:00,28.4796
2013-07-18 10:30:00,19.3104
2013-07-19 10:30:00,11.782801
2013-07-20 10:30:00,29.4732
2013-07-21 10:30:00,29.484001
2013-07-22 10:30:00,19.548
2013-07-23 10:30:00,22.075201
2013-07-24 10:30:00,22.1832
2013-07-25 10:30:00,27.399601
2013-07-26 10:30:00,23.392801
2013-07-27 10:30:00,13.7052
2013-07-28 10:30:00,28.8036
2013-07-29 10:30:00,21.481201
2013-07-30 10:30:00,27.432001
2013-07-31 10:30:00,12.3876
2013-08-01 10:30:00,11.124001
2013-08-02 10:30:00,13.0788
2013-08-03 10:30:00,11.869201
2013-08-04 10:30:00,25.1532
2013-08-05 10:30:00,23.5116
2013-08-06 10:30:00,17.9388
2013-08-07 10:30:00,26.7084
2013-08-08 10:30:00,26.4816
2013-08-09 10:30:00,23.0688
2013-08-10 10:30:00,25.6284
2013-08-11 10:30:00,20.606401
2013-08-12 10:30:00,6.6744003
2013-08-13 10:30:00,25.002
2013-08-14 10:30:00,22.9284
2013-08-15 10:30:00,21.546001
2013-08-16 10:30:00,5.2596
2013-08-17 10:30:00,16.8588
2013-08-18 10:30:00,21.0168
2013-08-19 10:30:00,23.6304
2013-08-20 10:30:00,22.345201
2013-08-21 10:30:00,4.9464
2013-08-22 10:30:00,14.6988
2013-08-23 10:30:00,23.4468
2013-08-24 10:30:00,23.9004
2013-08-25 10:30:00,19.7316
2013-08-26 10:30:00,24.613201
2013-08-27 10:30:00,18.8244
2013-08-28 10:30:00,2.8512
2013-08-29 10:30:00,18.7488
2013-08-30 10:30:00,21.276001
2013-08-31 10:30:00,16.6644
2013-09-01 10:30:00,8.5536
2013-09-02 10:30:00,15.033601
2013-09-03 10:30:00,23.079601
2013-09-04 10:30:00,22.4748
2013-09-05 10:30:00,16.189201
2013-09-06 10:30:00,5.0544
2013-09-07 10:30:00,18.2304
2013-09-08 10:30:00,21.7728
2013-09-09 10:30:00,12.258
2013-09-10 10:30:00,20.412
2013-09-11 10:30:00,21.200401
2013-09-12 10:30:00,19.5804
2013-09-13 10:30:00,17.82
2013-09-14 10:30:00,19.180801
2013-09-15 10:30:00,22.302
2013-09-16 10:30:00,19.2132
2013-09-17 10:30:00,20.6172
2013-09-18 10:30:00,17.3016
2013-09-19 10:30:00,10.2276
2013-09-20 10:30:00,19.17
2013-09-21 10:30:00,19.634401
2013-09-22 10:30:00,17.064001
2013-09-23 10:30:00,14.601601
2013-09-24 10:30:00,19.9368
2013-09-25 10:30:00,14.5692005
2013-09-26 10:30:00,19.4076
2013-09-27 10:30:00,19.062
2013-09-28 10:30:00,14.7852
2013-09-29 10:30:00,18.4464
2013-09-30 10:30:00,15.39
2013-10-01 10:30:00,8.305201
2013-10-02 10:30:00,17.582401
2013-10-03 10:30:00,18.068401
2013-10-04 10:30:00,14.029201
2013-10-05 10:30:00,15.9624
2013-10-06 10:30:00,10.810801
2013-10-07 10:30:00,16.297201
2013-10-08 10:30:00,15.39
2013-10-09 10:30:00,12.1068
2013-10-10 10:30:00,3.078
2013-10-11 10:30:00,8.478001
2013-10-12 10:30:00,14.904
2013-10-13 10:30:00,12.2148
2013-10-14 10:30:00,13.1004
2013-10-15 10:30:00,14.6124
2013-10-16 10:30:00,12.463201
2013-10-17 10:30:00,11.6748
2013-10-18 10:30:00,8.5428
2013-10-19 10:30:00,10.4652
2013-10-20 10:30:00,8.391601
2013-10-21 10:30:00,3.6504002
2013-10-22 10:30:00,3.3696
2013-10-23 10:30:00,6.0048003
2013-10-24 10:30:00,3.0888002
2013-10-25 10:30:00,10.422
2013-10-26 10:30:00,10.3248005
2013-10-27 10:30:00,8.0028
2013-10-28 10:30:00,3.2076
2013-10-29 10:30:00,11.523601
2013-10-30 10:30:00,10.206
2013-10-31 10:30:00,9.9468
2013-11-01 10:30:00,9.1368
2013-11-02 10:30:00,7.9164004
2013-11-03 10:30:00,9.4932
2013-11-04 10:30:00,10.2924
2013-11-05 10:30:00,7.5384
2013-11-06 10:30:00,8.8992
2013-11-07 10:30:00,7.4304004
2013-11-08 10:30:00,4.5684
2013-11-09 10:30:00,3.7800002
2013-11-10 10:30:00,9.1152
2013-11-11 10:30:00,5.7024
2013-11-12 10:30:00,9.1368
2013-11-13 10:30:00,8.316
2013-11-14 10:30:00,7.4736004
2013-11-15 10:30:00,7.7652
2013-11-16 10:30:00,4.104
2013-11-17 10:30:00,3.4452002
2013-11-18 10:30:00,6.912
2013-11-19 10:30:00,6.9444003
2013-11-20 10:30:00,7.5708003
2013-11-21 10:30:00,7.2252
2013-11-22 10:30:00,7.5816
2013-11-23 10:30:00,7.3656
2013-11-24 10:30:00,6.642
2013-11-25 10:30:00,7.6356
2013-11-26 10:30:00,5.6808
2013-11-27 10:30:00,5.3892
2013-11-28 10:30:00,5.8104
2013-11-29 10:30:00,7.4952
2013-11-30 10:30:00,6.5988
2013-12-01 10:30:00,7.4412003
2013-12-02 10:30:00,6.6528
2013-12-03 10:30:00,6.0480003
2013-12-04 10:30:00,7.3872004
2013-12-05 10:30:00,6.8688
2013-12-06 10:30:00,6.8256
2013-12-07 10:30:00,6.6852
2013-12-08 10:30:00,2.5596
2013-12-09 10:30:00,4.5468
2013-12-10 10:30:00,2.3760002
2013-12-11 10:30:00,5.994
2013-12-12 10:30:00,5.6484003
2013-12-13 10:30:00,5.6376
2013-12-14 10:30:00,5.238
2013-12-15 10:30:00,4.4064
2013-12-16 10:30:00,5.8320003
2013-12-17 10:30:00,5.4108
2013-12-18 10:30:00,2.7324002
2013-12-19 10:30:00,1.7712001
2013-12-20 10:30:00,2.1924
2013-12-21 10:30:00,5.6916003
2013-12-22 10:30:00,5.9292
2013-12-23 10:30:00,5.7888002
2013-12-24 10:30:00,3.5748
2013-12-25 10:30:00,5.6268
2013-12-26 10:30:00,2.2032
2013-12-27 10:30:00,4.4496
2013-12-28 10:30:00,4.2012
2013-12-29 10:30:00,5.5188003
2013-12-30 10:30:00,6.3180003
2013-12-31 10:30:00,5.4648004
2014-01-01 10:30:00,6.3936
2014-01-02 10:30:00,5.5944
2014-01-03 10:30:00,6.5124
2014-01-04 10:30:00,6.426
2014-01-05 10:30:00,6.5124
2014-01-06 10:30:00,5.3784003
2014-01-07 10:30:00,6.696
2014-01-08 10:30:00,6.7284
2014-01-09 10:30:00,5.0004
2014-01-10 10:30:00,6.8472004
2014-01-11 10:30:00,6.9444003
2014-01-12 10:30:00,6.7716002
2014-01-13 10:30:00,7.1928
2014-01-14 10:30:00,7.1172004
2014-01-15 10:30:00,6.9876003
2014-01-16 10:30:00,7.4196
2014-01-17 10:30:00,6.5988
2014-01-18 10:30:00,7.5492
2014-01-19 10:30:00,2.052
2014-01-20 10:30:00,4.3416
2014-01-21 10:30:00,7.668
2014-01-22 10:30:00,7.2468004
2014-01-23 10:30:00,5.7132
2014-01-24 10:30:00,7.6464
2014-01-25 10:30:00,8.5536
2014-01-26 10:30:00,8.391601
2014-01-27 10:30:00,8.704801
2014-01-28 10:30:00,5.7780004
2014-01-29 10:30:00,6.4476004
2014-01-30 10:30:00,9.1368
2014-01-31 10:30:00,9.3096
2014-02-01 10:30:00,7.9056
2014-02-02 10:30:00,9.644401
2014-02-03 10:30:00,9.158401
2014-02-04 10:30:00,9.4824
2014-02-05 10:30:00,10.6488
2014-02-06 10:30:00,9.730801
2014-02-07 10:30:00,8.7696
2014-02-08 10:30:00,9.0288
2014-02-09 10:30:00,10.2924
2014-02-10 10:30:00,10.3788
2014-02-11 10:30:00,8.8992
2014-02-12 10:30:00,10.746
2014-02-13 10:30:00,9.4284
2014-02-14 10:30:00,8.5104
2014-02-15 10:30:00,9.6336
2014-02-16 10:30:00,9.612
2014-02-17 10:30:00,11.826
2014-02-18 10:30:00,11.3724
2014-02-19 10:30:00,12.1284
2014-02-20 10:30:00,10.7676
2014-02-21 10:30:00,8.7804
2014-02-22 10:30:00,10.411201
2014-02-23 10:30:00,10.854
2014-02-24 10:30:00,9.4824
2014-02-25 10:30:00,12.463201
2014-02-26 10:30:00,7.0092
2014-02-27 10:30:00,13.932
2014-02-28 10:30:00,12.1068
2014-03-01 10:30:00,13.9428005
2014-03-02 10:30:00,13.392
2014-03-03 10:30:00,11.772
2014-03-04 10:30:00,14.2452
2014-03-05 10:30:00,14.0508
2014-03-06 10:30:00,14.5044
2014-03-07 10:30:00,14.8932
2014-03-08 10:30:00,14.115601
2014-03-09 10:30:00,15.2172
2014-03-10 10:30:00,14.7528
2014-03-11 10:30:00,13.2300005
2014-03-12 10:30:00,15.6492
2014-03-13 10:30:00,15.1308
2014-03-14 10:30:00,13.1868
2014-03-15 10:30:00,16.0704
2014-03-16 10:30:00,14.8392
2014-03-17 10:30:00,9.277201
2014-03-18 10:30:00,16.815601
2014-03-19 10:30:00,9.1476
2014-03-20 10:30:00,15.141601
2014-03-21 10:30:00,17.4528
2014-03-22 10:30:00,17.7768
2014-03-23 10:30:00,16.6212
2014-03-24 10:30:00,13.824
2014-03-25 10:30:00,18.522001
2014-03-26 10:30:00,14.472
2014-03-27 10:30:00,15.832801
2014-03-28 10:30:00,16.74
2014-03-29 10:30:00,21.168001
2014-03-30 10:30:00,20.260801
2014-03-31 10:30:00,20.0772
2014-04-01 10:30:00,15.8652
2014-04-02 10:30:00,16.7292
2014-04-03 10:30:00,19.6992
2014-04-04 10:30:00,14.547601
2014-04-05 10:30:00,21.2868
2014-04-06 10:30:00,19.602001
2014-04-07 10:30:00,20.6928
2014-04-08 10:30:00,18.0468
2014-04-09 10:30:00,16.686
2014-04-10 10:30:00,22.302
2014-04-11 10:30:00,21.2652
2014-04-12 10:30:00,16.7292
2014-04-13 10:30:00,18.7488
2014-04-14 10:30:00,18.802801
2014-04-15 10:30:00,22.0536
2014-04-16 10:30:00,17.28
2014-04-17 10:30:00,11.0268
2014-04-18 10:30:00,22.485601
2014-04-19 10:30:00,14.914801
2014-04-20 10:30:00,13.802401
2014-04-21 10:30:00,17.3016
2014-04-22 10:30:00,22.032001
2014-04-23 10:30:00,23.868
2014-04-24 10:30:00,21.3516
2014-04-25 10:30:00,17.0748
2014-04-26 10:30:00,21.8808
2014-04-27 10:30:00,23.652
2014-04-28 10:30:00,26.762402
2014-04-29 10:30:00,26.19
2014-04-30 10:30:00,27.5184
2014-05-01 10:30:00,20.368801
2014-05-02 10:30:00,14.5044
2014-05-03 10:30:00,11.016001
2014-05-04 10:30:00,14.58
2014-05-05 10:30:00,24.0624
2014-05-06 10:30:00,19.396801
2014-05-07 10:30:00,21.794401
2014-05-08 10:30:00,22.140001
2014-05-09 10:30:00,22.874401
2014-05-10 10:30:00,11.232
2014-05-11 10:30:00,7.2144003
2014-05-12 10:30:00,5.2704
2014-05-13 10:30:00,23.706001
2014-05-14 10:30:00,13.1004
2014-05-15 10:30:00,8.4888
2014-05-16 10:30:00,9.7416
2014-05-17 10:30:00,24.850801
2014-05-18 10:30:00,12.1392
2014-05-19 10:30:00,10.098001
2014-05-20 10:30:00,16.329601
2014-05-21 10:30:00,25.509602
2014-05-22 10:30:00,21.978
2014-05-23 10:30:00,16.8804
2014-05-24 10:30:00,11.210401
2014-05-25 10:30:00,21.762001
2014-05-26 10:30:00,16.891201
2014-05-27 10:30:00,29.8188
2014-05-28 10:30:00,29.905201
2014-05-29 10:30:00,31.114801
2014-05-30 10:30:00,25.5636
2014-05-31 10:30:00,24.1056
2014-06-01 10:30:00,24.246
2014-06-02 10:30:00,20.8332
2014-06-03 10:30:00,24.3108
2014-06-04 10:30:00,24.2784
2014-06-05 10:30:00,20.0988
2014-06-06 10:30:00,17.7336
2014-06-07 10:30:00,6.2856
2014-06-08 10:30:00,9.8604
2014-06-09 10:30:00,11.1132
2014-06-10 10:30:00,19.569601
2014-06-11 10:30:00,13.77
2014-06-12 10:30:00,23.3064
2014-06-13 10:30:00,27.756
2014-06-14 10:30:00,28.123201
2014-06-15 10:30:00,26.730001
2014-06-16 10:30:00,27.0
2014-06-17 10:30:00,24.926401
2014-06-18 10:30:00,21.686401
2014-06-19 10:30:00,21.762001
2014-06-20 10:30:00,20.0772
2014-06-21 10:30:00,23.274
2014-06-22 10:30:00,26.492401
2014-06-23 10:30:00,28.684801
2014-06-24 10:30:00,25.3152
2014-06-25 10:30:00,18.0144
2014-06-26 10:30:00,19.332
2014-06-27 10:30:00,19.5156
2014-06-28 10:30:00,26.1252
2014-06-29 10:30:00,26.460001
2014-06-30 10:30:00,20.8764
2014-07-01 10:30:00,26.9136
2014-07-02 10:30:00,23.6952
2014-07-03 10:30:00,11.8908
2014-07-04 10:30:00,28.7604
2014-07-05 10:30:00,24.8616
2014-07-06 10:30:00,27.777601
2014-07-07 10:30:00,15.8112
2014-07-08 10:30:00,27.0972
2014-07-09 10:30:00,18.4464
2014-07-10 10:30:00,22.464
2014-07-11 10:30:00,17.8524
2014-07-12 10:30:00,12.1932
2014-07-13 10:30:00,22.453201
2014-07-14 10:30:00,26.2872
2014-07-15 10:30:00,14.8176
2014-07-16 10:30:00,14.061601
2014-07-17 10:30:00,22.1292
2014-07-18 10:30:00,24.03
2014-07-19 10:30:00,14.2452
2014-07-20 10:30:00,9.6012
2014-07-21 10:30:00,25.4232
2014-07-22 10:30:00,26.8596
2014-07-23 10:30:00,19.2132
2014-07-24 10:30:00,23.814001
2014-07-25 10:30:00,25.0884
2014-07-26 10:30:00,25.650002
2014-07-27 10:30:00,26.1576
2014-07-28 10:30:00,21.6972
2014-07-29 10:30:00,9.8496
2014-07-30 10:30:00,12.9708
2014-07-31 10:30:00,24.7752
2014-08-01 10:30:00,25.92
2014-08-02 10:30:00,20.0664
2014-08-03 10:30:00,23.2632
2014-08-04 10:30:00,23.6844
2014-08-05 10:30:00,23.3172
2014-08-06 10:30:00,22.9824
2014-08-07 10:30:00,24.8724
2014-08-08 10:30:00,23.274
2014-08-09 10:30:00,14.061601
2014-08-10 10:30:00,11.610001
2014-08-11 10:30:00,17.614801
2014-08-12 10:30:00,26.4276
2014-08-13 10:30:00,24.4944
2014-08-14 10:30:00,17.690401
2014-08-15 10:30:00,7.3224
2014-08-16 10:30:00,17.4636
2014-08-17 10:30:00,21.686401
2014-08-18 10:30:00,23.5548
2014-08-19 10:30:00,19.548
2014-08-20 10:30:00,12.6576
2014-08-21 10:30:00,24.8292
2014-08-22 10:30:00,24.159601
2014-08-23 10:30:00,22.6368
2014-08-24 10:30:00,15.2388
2014-08-25 10:30:00,3.8772001
2014-08-26 10:30:00,17.755201
2014-08-27 10:30:00,24.019201
2014-08-28 10:30:00,20.7684
2014-08-29 10:30:00,21.967201
2014-08-30 10:30:00,21.1248
2014-08-31 10:30:00,19.569601
2014-09-01 10:30:00,5.3676
2014-09-02 10:30:00,5.0544
2014-09-03 10:30:00,21.6972
2014-09-04 10:30:00,4.5036
2014-09-05 10:30:00,22.420801
2014-09-06 10:30:00,22.485601
2014-09-07 10:30:00,12.042001
2014-09-08 10:30:00,20.1528
2014-09-09 10:30:00,20.962801
2014-09-10 10:30:00,20.055601
2014-09-11 10:30:00,22.5504
2014-09-12 10:30:00,18.9864
2014-09-13 10:30:00,18.0576
2014-09-14 10:30:00,19.872
2014-09-15 10:30:00,19.4832
2014-09-16 10:30:00,20.088001
2014-09-17 10:30:00,21.4164
2014-09-18 10:30:00,17.204401
2014-09-19 10:30:00,15.0228
2014-09-20 10:30:00,9.3096
2014-09-21 10:30:00,17.7984
2014-09-22 10:30:00,9.5688
2014-09-23 10:30:00,15.0444
2014-09-24 10:30:00,17.3664
2014-09-25 10:30:00,15.541201
2014-09-26 10:30:00,3.0348
2014-09-27 10:30:00,18.252
2014-09-28 10:30:00,11.2752
2014-09-29 10:30:00,13.4136
2014-09-30 10:30:00,18.09
2014-10-01 10:30:00,12.322801
2014-10-02 10:30:00,16.9452
2014-10-03 10:30:00,15.9516
2014-10-04 10:30:00,15.6492
2014-10-05 10:30:00,16.9128
2014-10-06 10:30:00,15.433201
2014-10-07 10:30:00,14.1696005
2014-10-08 10:30:00,9.903601
2014-10-09 10:30:00,12.7872
2014-10-10 10:30:00,4.104
2014-10-11 10:30:00,2.1708
2014-10-12 10:30:00,14.007601
2014-10-13 10:30:00,14.8716
2014-10-14 10:30:00,13.7592
2014-10-15 10:30:00,9.6012
2014-10-16 10:30:00,12.409201
2014-10-17 10:30:00,9.7524
2014-10-18 10:30:00,12.722401
2014-10-19 10:30:00,7.4952
2014-10-20 10:30:00,11.5884
2014-10-21 10:30:00,11.394
2014-10-22 10:30:00,10.670401
2014-10-23 10:30:00,8.424
2014-10-24 10:30:00,7.29
2014-10-25 10:30:00,8.4672
2014-10-26 10:30:00,9.18
2014-10-27 10:30:00,11.718
2014-10-28 10:30:00,9.7092
2014-10-29 10:30:00,7.8408003
2014-10-30 10:30:00,5.4972
2014-10-31 10:30:00,4.2444
2014-11-01 10:30:00,7.9596
2014-11-02 10:30:00,9.342
2014-11-03 10:30:00,8.0892
2014-11-04 10:30:00,9.3636
2014-11-05 10:30:00,8.5212
2014-11-06 10:30:00,8.618401
2014-11-07 10:30:00,9.6768
2014-11-08 10:30:00,9.2988
2014-11-09 10:30:00,8.9532
2014-11-10 10:30:00,8.1
2014-11-11 10:30:00,6.6528
2014-11-12 10:30:00,6.7824
2014-11-13 10:30:00,7.2468004
2014-11-14 10:30:00,8.9424
2014-11-15 10:30:00,7.3980002
2014-11-16 10:30:00,7.6248
2014-11-17 10:30:00,7.3008003
2014-11-18 10:30:00,7.1064
2014-11-19 10:30:00,6.2316003
2014-11-20 10:30:00,4.2768
2014-11-21 10:30:00,4.86
2014-11-22 10:30:00,7.0740004
2014-11-23 10:30:00,7.7544003
2014-11-24 10:30:00,7.2252
2014-11-25 10:30:00,6.6528
2014-11-26 10:30:00,2.8404
2014-11-27 10:30:00,5.5620003
2014-11-28 10:30:00,7.1064
2014-11-29 10:30:00,3.8124
2014-11-30 10:30:00,2.3112001
2014-12-01 10:30:00,6.8472004
2014-12-02 10:30:00,6.9552
2014-12-03 10:30:00,5.3244
2014-12-04 10:30:00,6.6204
2014-12-05 10:30:00,5.0004
2014-12-06 10:30:00,5.6052003
2014-12-07 10:30:00,5.454
2014-12-08 10:30:00,6.1344004
2014-12-09 10:30:00,4.0068
2014-12-10 10:30:00,1.0368
2014-12-11 10:30:00,2.4084
2014-12-12 10:30:00,4.7412
2014-12-13 10:30:00,4.6332
2014-12-14 10:30:00,4.2768
2014-12-15 10:30:00,4.4496
2014-12-16 10:30:00,3.9744
2014-12-17 10:30:00,3.6828
2014-12-18 10:30:00,4.4604
2014-12-19 10:30:00,5.886
2014-12-20 10:30:00,5.7996
2014-12-21 10:30:00,3.0564
2014-12-22 10:30:00,5.994
2014-12-23 10:30:00,5.9508
2014-12-24 10:30:00,5.9184003
2014-12-25 10:30:00,6.156
2014-12-26 10:30:00,6.0048003
2014-12-27 10:30:00,3.8664
2014-12-28 10:30:00,5.994
2014-12-29 10:30:00,4.428
2014-12-30 10:30:00,1.5120001
2014-12-31 10:30:00,5.9616003
2015-01-01 10:30:00,5.5620003
2015-01-02 10:30:00,6.5664
2015-01-03 10:30:00,6.4368
2015-01-04 10:30:00,6.5016003
2015-01-05 10:30:00,6.6636
2015-01-06 10:30:00,6.6744003
2015-01-07 10:30:00,6.7824
2015-01-08 10:30:00,6.5340004
2015-01-09 10:30:00,6.6852
2015-01-10 10:30:00,5.0328
2015-01-11 10:30:00,7.0308003
2015-01-12 10:30:00,6.966
2015-01-13 10:30:00,5.7888002
2015-01-14 10:30:00,7.0956
2015-01-15 10:30:00,6.4152
2015-01-16 10:30:00,7.3872004
2015-01-17 10:30:00,7.4952
2015-01-18 10:30:00,2.7972
2015-01-19 10:30:00,7.5708003
2015-01-20 10:30:00,6.5340004
2015-01-21 10:30:00,7.8624
2015-01-22 10:30:00,7.7976003
2015-01-23 10:30:00,6.0588
2015-01-24 10:30:00,7.2036004
2015-01-25 10:30:00,7.7652
2015-01-26 10:30:00,7.7436004
2015-01-27 10:30:00,8.7696
2015-01-28 10:30:00,8.8344
2015-01-29 10:30:00,8.4132
2015-01-30 10:30:00,9.158401
2015-01-31 10:30:00,8.6076
2015-02-01 10:30:00,9.4824
2015-02-02 10:30:00,8.7696
2015-02-03 10:30:00,6.0264
2015-02-04 10:30:00,9.2232
2015-02-05 10:30:00,8.8884
2015-02-06 10:30:00,9.558001
2015-02-07 10:30:00,9.936
2015-02-08 10:30:00,9.6984005
2015-02-09 10:30:00,10.6596
2015-02-10 10:30:00,10.7676
2015-02-11 10:30:00,7.7652
2015-02-12 10:30:00,11.0916
2015-02-13 10:30:00,10.1628
2015-02-14 10:30:00,10.8648
2015-02-15 10:30:00,8.8668
2015-02-16 10:30:00,7.02
2015-02-17 10:30:00,11.286
2015-02-18 10:30:00,12.8844
2015-02-19 10:30:00,10.216801
2015-02-20 10:30:00,11.0592
2015-02-21 10:30:00,12.754801
2015-02-22 10:30:00,8.4564
2015-02-23 10:30:00,9.5688
2015-02-24 10:30:00,12.862801
2015-02-25 10:30:00,13.6188
2015-02-26 10:30:00,14.7852
2015-02-27 10:30:00,13.6728
2015-02-28 10:30:00,11.0376005
2015-03-01 10:30:00,15.4764
2015-03-02 10:30:00,15.0768
2015-03-03 10:30:00,7.0092
2015-03-04 10:30:00,12.322801
2015-03-05 10:30:00,15.7896
2015-03-06 10:30:00,10.908
2015-03-07 10:30:00,13.5972
2015-03-08 10:30:00,14.061601
2015-03-09 10:30:00,17.1072
2015-03-10 10:30:00,17.096401
2015-03-11 10:30:00,16.848
2015-03-12 10:30:00,12.96
2015-03-13 10:30:00,16.2
2015-03-14 10:30:00,15.746401
2015-03-15 10:30:00,16.1676
2015-03-16 10:30:00,17.3988
2015-03-17 10:30:00,17.7876
2015-03-18 10:30:00,15.681601
2015-03-19 10:30:00,17.4204
2015-03-20 10:30:00,18.7596
2015-03-21 10:30:00,18.457201
2015-03-22 10:30:00,19.256401
2015-03-23 10:30:00,18.3384
2015-03-24 10:30:00,18.252
2015-03-25 10:30:00,17.658
2015-03-26 10:30:00,18.1656
2015-03-27 10:30:00,10.4544
2015-03-28 10:30:00,15.433201
2015-03-29 10:30:00,16.0488
2015-03-30 10:30:00,10.4328
2015-03-31 10:30:00,19.494001
2015-04-01 10:30:00,20.7792
2015-04-02 10:30:00,3.2724001
2015-04-03 10:30:00,15.746401
2015-04-04 10:30:00,3.0564
2015-04-05 10:30:00,6.0372
2015-04-06 10:30:00,15.5628
2015-04-07 10:30:00,19.764
2015-04-08 10:30:00,22.248001
2015-04-09 10:30:00,20.0664
2015-04-10 10:30:00,21.1788
2015-04-11 10:30:00,21.762001
2015-04-12 10:30:00,20.466
2015-04-13 10:30:00,22.8636
2015-04-14 10:30:00,21.4164
2015-04-15 10:30:00,18.0252
2015-04-16 10:30:00,17.582401
2015-04-17 10:30:00,19.5588
2015-04-18 10:30:00,18.198
2015-04-19 10:30:00,25.4988
2015-04-20 10:30:00,18.9864
2015-04-21 10:30:00,23.3064
2015-04-22 10:30:00,23.1012
2015-04-23 10:30:00,23.1768
2015-04-24 10:30:00,27.118801
2015-04-25 10:30:00,19.6128
2015-04-26 10:30:00,24.7212
2015-04-27 10:30:00,21.513601
2015-04-28 10:30:00,20.25
2015-04-29 10:30:00,21.0384
2015-04-30 10:30:00,19.2132
2015-05-01 10:30:00,13.6188
2015-05-02 10:30:00,21.168001
2015-05-03 10:30:00,27.5076
2015-05-04 10:30:00,25.2936
2015-05-05 10:30:00,10.3248005
2015-05-06 10:30:00,27.291601
2015-05-07 10:30:00,7.0632
2015-05-08 10:30:00,22.7448
2015-05-09 10:30:00,20.0016
2015-05-10 10:30:00,19.569601
2015-05-11 10:30:00,4.7844
2015-05-12 10:30:00,6.1668
2015-05-13 10:30:00,20.995201
2015-05-14 10:30:00,20.401201
2015-05-15 10:30:00,20.844
2015-05-16 10:30:00,17.409601
2015-05-17 10:30:00,17.6796
2015-05-18 10:30:00,16.470001
2015-05-19 10:30:00,17.0208
2015-05-20 10:30:00,29.926802
2015-05-21 10:30:00,28.3932
2015-05-22 10:30:00,30.1968
2015-05-23 10:30:00,23.425201
2015-05-24 10:30:00,28.5984
2015-05-25 10:30:00,18.468
2015-05-26 10:30:00,9.45
2015-05-27 10:30:00,22.1508
2015-05-28 10:30:00,18.943201
2015-05-29 10:30:00,26.179201
2015-05-30 10:30:00,23.3064
2015-05-31 10:30:00,18.0576
2015-06-01 10:30:00,26.2224
2015-06-02 10:30:00,22.896
2015-06-03 10:30:00,21.7404
2015-06-04 10:30:00,21.3948
2015-06-05 10:30:00,6.0696
2015-06-06 10:30:00,19.6236
2015-06-07 10:30:00,21.222
2015-06-08 10:30:00,25.596
2015-06-09 10:30:00,22.8312
2015-06-10 10:30:00,14.4828005
2015-06-11 10:30:00,6.3396
2015-06-12 10:30:00,6.9012003
2015-06-13 10:30:00,23.9652
2015-06-14 10:30:00,28.965601
2015-06-15 10:30:00,27.885601
2015-06-16 10:30:00,26.3736
2015-06-17 10:30:00,17.895601
2015-06-18 10:30:00,10.8756
2015-06-19 10:30:00,23.079601
2015-06-20 10:30:00,29.3652
2015-06-21 10:30:00,29.7756
2015-06-22 10:30:00,23.5224
2015-06-23 10:30:00,23.2632
2015-06-24 10:30:00,21.762001
2015-06-25 10:30:00,18.198
2015-06-26 10:30:00,25.6608
2015-06-27 10:30:00,23.911201
2015-06-28 10:30:00,17.9496
2015-06-29 10:30:00,32.378403
2015-06-30 10:30:00,19.8396
2015-07-01 10:30:00,14.947201
2015-07-02 10:30:00,11.3616
2015-07-03 10:30:00,28.4148
2015-07-04 10:30:00,26.622
2015-07-05 10:30:00,30.391201
2015-07-06 10:30:00,30.8124
2015-07-07 10:30:00,28.4904
2015-07-08 10:30:00,31.3092
2015-07-09 10:30:00,21.6648
2015-07-10 10:30:00,25.11
2015-07-11 10:30:00,15.93
2015-07-12 10:30:00,24.8616
2015-07-13 10:30:00,22.971601
2015-07-14 10:30:00,21.8484
2015-07-15 10:30:00,11.642401
2015-07-16 10:30:00,22.7232
2015-07-17 10:30:00,23.9328
2015-07-18 10:30:00,25.380001
2015-07-19 10:30:00,23.079601
2015-07-20 10:30:00,20.1852
2015-07-21 10:30:00,21.6972
2015-07-22 10:30:00,10.983601
2015-07-23 10:30:00,20.4876
2015-07-24 10:30:00,10.0872
2015-07-25 10:30:00,18.316801
2015-07-26 10:30:00,21.8484
2015-07-27 10:30:00,28.5984
2015-07-28 10:30:00,28.62
2015-07-29 10:30:00,14.3316
2015-07-30 10:30:00,22.0428
2015-07-31 10:30:00,22.9176
2015-08-01 10:30:00,22.215601
2015-08-02 10:30:00,6.0696
2015-08-03 10:30:00,27.2052
2015-08-04 10:30:00,25.552801
2015-08-05 10:30:00,24.267601
2015-08-06 10:30:00,15.400801
2015-08-07 10:30:00,25.3908
2015-08-08 10:30:00,17.3232
2015-08-09 10:30:00,7.8084
2015-08-10 10:30:00,20.293201
2015-08-11 10:30:00,22.345201
2015-08-12 10:30:00,25.2612
2015-08-13 10:30:00,23.220001
2015-08-14 10:30:00,17.766
2015-08-15 10:30:00,12.2256
2015-08-16 10:30:00,14.1372
2015-08-17 10:30:00,17.1504
2015-08-18 10:30:00,13.5648
2015-08-19 10:30:00,22.248001
2015-08-20 10:30:00,10.130401
2015-08-21 10:30:00,12.776401
2015-08-22 10:30:00,11.7612
2015-08-23 10:30:00,17.096401
2015-08-24 10:30:00,14.7096
2015-08-25 10:30:00,9.6768
2015-08-26 10:30:00,21.384
2015-08-27 10:30:00,15.1848
2015-08-28 10:30:00,8.1864
2015-08-29 10:30:00,14.320801
2015-08-30 10:30:00,12.312
2015-08-31 10:30:00,10.7676
2015-09-01 10:30:00,15.5844
2015-09-02 10:30:00,17.28
2015-09-03 10:30:00,22.280401
2015-09-04 10:30:00,19.332
2015-09-05 10:30:00,24.084002
2015-09-06 10:30:00,21.686401
2015-09-07 10:30:00,9.7632
2015-09-08 10:30:00,13.3272
2015-09-09 10:30:00,20.3256
2015-09-10 10:30:00,20.649601
2015-09-11 10:30:00,19.6776
2015-09-12 10:30:00,17.9712
2015-09-13 10:30:00,21.0168
2015-09-14 10:30:00,21.448801
2015-09-15 10:30:00,20.2068
2015-09-16 10:30:00,17.9388
2015-09-17 10:30:00,11.5452
2015-09-18 10:30:00,4.6656003
2015-09-19 10:30:00,20.887201
2015-09-20 10:30:00,15.519601
2015-09-21 10:30:00,13.089601
2015-09-22 10:30:00,4.806
2015-09-23 10:30:00,4.9032
2015-09-24 10:30:00,7.1712003
2015-09-25 10:30:00,7.9488
2015-09-26 10:30:00,18.468
2015-09-27 10:30:00,13.5864
2015-09-28 10:30:00,17.01
2015-09-29 10:30:00,15.3792
2015-09-30 10:30:00,9.2016
2015-10-01 10:30:00,15.7356
2015-10-02 10:30:00,16.297201
2015-10-03 10:30:00,17.442001
2015-10-04 10:30:00,16.5564
2015-10-05 10:30:00,7.6032
2015-10-06 10:30:00,15.6708
2015-10-07 10:30:00,8.7372
2015-10-08 10:30:00,15.7248
2015-10-09 10:30:00,14.1696005
2015-10-10 10:30:00,3.3048
2015-10-11 10:30:00,5.6916003
2015-10-12 10:30:00,12.1608
2015-10-13 10:30:00,13.608001
2015-10-14 10:30:00,12.4308
2015-10-15 10:30:00,13.6728
2015-10-16 10:30:00,13.5648
2015-10-17 10:30:00,3.2940001
2015-10-18 10:30:00,12.236401
2015-10-19 10:30:00,8.9208
2015-10-20 10:30:00,10.8756
2015-10-21 10:30:00,12.4524
2015-10-22 10:30:00,11.988
2015-10-23 10:30:00,12.895201
2015-10-24 10:30:00,9.9792
2015-10-25 10:30:00,9.6336
2015-10-26 10:30:00,1.4364
2015-10-27 10:30:00,8.6292
2015-10-28 10:30:00,10.152
2015-10-29 10:30:00,8.5536
2015-10-30 10:30:00,10.0872
2015-10-31 10:30:00,9.7632
2015-11-01 10:30:00,10.6272
2015-11-02 10:30:00,8.6616
2015-11-03 10:30:00,7.5708003
2015-11-04 10:30:00,4.1256003
2015-11-05 10:30:00,9.190801
2015-11-06 10:30:00,8.1972
2015-11-07 10:30:00,7.2036004
2015-11-08 10:30:00,3.2508001
2015-11-09 10:30:00,6.1668
2015-11-10 10:30:00,6.7392
2015-11-11 10:30:00,5.1192
2015-11-12 10:30:00,5.8536
2015-11-13 10:30:00,5.8968
2015-11-14 10:30:00,6.6312003
2015-11-15 10:30:00,8.164801
2015-11-16 10:30:00,5.994
2015-11-17 10:30:00,5.0868
2015-11-18 10:30:00,3.8556
2015-11-19 10:30:00,6.4692
2015-11-20 10:30:00,6.0372
2015-11-21 10:30:00,6.4152
2015-11-22 10:30:00,6.7392
2015-11-23 10:30:00,6.8688
2015-11-24 10:30:00,8.4888
2015-11-25 10:30:00,7.2252
2015-11-26 10:30:00,7.29
2015-11-27 10:30:00,4.6008
2015-11-28 10:30:00,6.5772
2015-11-29 10:30:00,6.5232
2015-11-30 10:30:00,5.8428
2015-12-01 10:30:00,4.7196
2015-12-02 10:30:00,5.3568
2015-12-03 10:30:00,3.4884
2015-12-04 10:30:00,3.7908
2015-12-05 10:30:00,7.0632
2015-12-06 10:30:00,4.3308
2015-12-07 10:30:00,6.5448003
2015-12-08 10:30:00,5.724
2015-12-09 10:30:00,6.4368
2015-12-10 10:30:00,6.4692
2015-12-11 10:30:00,5.7456
2015-12-12 10:30:00,6.5016003
2015-12-13 10:30:00,6.2964
2015-12-14 10:30:00,2.5272
2015-12-15 10:30:00,0.9828
2015-12-16 10:30:00,3.4668
2015-12-17 10:30:00,4.7196
2015-12-18 10:30:00,5.616
2015-12-19 10:30:00,6.1668
2015-12-20 10:30:00,3.5424001
2015-12-21 10:30:00,6.0696
2015-12-22 10:30:00,6.2208004
2015-12-23 10:30:00,6.156
2015-12-24 10:30:00,6.2532
2015-12-25 10:30:00,5.8752003
2015-12-26 10:30:00,5.886
2015-12-27 10:30:00,5.9076
2015-12-28 10:30:00,6.3288
2015-12-29 10:30:00,5.9184003
2015-12-30 10:30:00,6.1236
2015-12-31 10:30:00,4.1796002
2016-01-01 10:30:00,6.2208004
2016-01-02 10:30:00,6.5772
2016-01-03 10:30:00,5.886
2016-01-04 10:30:00,6.0804
2016-01-05 10:30:00,1.9656
2016-01-06 10:30:00,6.7932
2016-01-07 10:30:00,6.75
2016-01-08 10:30:00,6.9876003
2016-01-09 10:30:00,7.0632
2016-01-10 10:30:00,7.1604004
2016-01-11 10:30:00,7.1064
2016-01-12 10:30:00,7.1496
2016-01-13 10:30:00,7.2792
2016-01-14 10:30:00,7.4196
2016-01-15 10:30:00,6.9012003
2016-01-16 10:30:00,7.2576003
2016-01-17 10:30:00,7.6032
2016-01-18 10:30:00,5.616
2016-01-19 10:30:00,7.6896
2016-01-20 10:30:00,7.9056
2016-01-21 10:30:00,7.7544003
2016-01-22 10:30:00,7.7004004
2016-01-23 10:30:00,7.6464
2016-01-24 10:30:00,7.5924
2016-01-25 10:30:00,8.3376
2016-01-26 10:30:00,8.6292
2016-01-27 10:30:00,7.6032
2016-01-28 10:30:00,9.0072
2016-01-29 10:30:00,9.1152
2016-01-30 10:30:00,9.1692
2016-01-31 10:30:00,9.3096
2016-02-01 10:30:00,8.9424
2016-02-02 10:30:00,9.1152
2016-02-03 10:30:00,9.1368
2016-02-04 10:30:00,8.7588005
2016-02-05 10:30:00,9.126
2016-02-06 10:30:00,10.0548
2016-02-07 10:30:00,6.9228
2016-02-08 10:30:00,8.9964
2016-02-09 10:30:00,9.5472
2016-02-10 10:30:00,8.6076
2016-02-11 10:30:00,9.158401
2016-02-12 10:30:00,9.7632
2016-02-13 10:30:00,10.044001
2016-02-14 10:30:00,11.016001
2016-02-15 10:30:00,11.3508005
2016-02-16 10:30:00,11.642401
2016-02-17 10:30:00,10.7352
2016-02-18 10:30:00,3.1968
2016-02-19 10:30:00,10.4652
2016-02-20 10:30:00,11.0268
2016-02-21 10:30:00,12.6468
2016-02-22 10:30:00,13.381201
2016-02-23 10:30:00,13.8132
2016-02-24 10:30:00,13.608001
2016-02-25 10:30:00,13.4136
2016-02-26 10:30:00,13.6728
2016-02-27 10:30:00,13.8996
2016-02-28 10:30:00,11.610001
2016-02-29 10:30:00,14.428801
2016-03-01 10:30:00,13.068001
2016-03-02 10:30:00,2.808
2016-03-03 10:30:00,10.3896
2016-03-04 10:30:00,7.3440003
2016-03-05 10:30:00,8.8236
2016-03-06 10:30:00,13.554
2016-03-07 10:30:00,15.0444
2016-03-08 10:30:00,13.402801
2016-03-09 10:30:00,15.2172
2016-03-10 10:30:00,14.320801
2016-03-11 10:30:00,15.9516
2016-03-12 10:30:00,14.8932
2016-03-13 10:30:00,15.282001
2016-03-14 10:30:00,15.573601
2016-03-15 10:30:00,17.28
2016-03-16 10:30:00,17.1936
2016-03-17 10:30:00,12.949201
2016-03-18 10:30:00,3.3372002
2016-03-19 10:30:00,16.405201
2016-03-20 10:30:00,17.496
2016-03-21 10:30:00,9.8928
2016-03-22 10:30:00,14.601601
2016-03-23 10:30:00,18.036001
2016-03-24 10:30:00,17.9388
2016-03-25 10:30:00,17.4744
2016-03-26 10:30:00,17.334
2016-03-27 10:30:00,16.189201
2016-03-28 10:30:00,13.1868
2016-03-29 10:30:00,19.807201
2016-03-30 10:30:00,15.4764
2016-03-31 10:30:00,14.3856
2016-04-01 10:30:00,9.7092
2016-04-02 10:30:00,19.6236
2016-04-03 10:30:00,21.384
2016-04-04 10:30:00,19.2672
2016-04-05 10:30:00,22.420801
2016-04-06 10:30:00,18.0252
2016-04-07 10:30:00,22.5828
2016-04-08 10:30:00,20.8764
2016-04-09 10:30:00,23.3388
2016-04-10 10:30:00,23.9436
2016-04-11 10:30:00,14.374801
2016-04-12 10:30:00,20.7792
2016-04-13 10:30:00,9.0396
2016-04-14 10:30:00,18.8568
2016-04-15 10:30:00,12.9384
2016-04-16 10:30:00,5.2704
2016-04-17 10:30:00,23.8356
2016-04-18 10:30:00,21.340801
2016-04-19 10:30:00,23.652
2016-04-20 10:30:00,22.572
2016-04-21 10:30:00,23.8248
2016-04-22 10:30:00,13.3704
2016-04-23 10:30:00,24.03
2016-04-24 10:30:00,14.2560005
2016-04-25 10:30:00,19.666801
2016-04-26 10:30:00,20.6712
2016-04-27 10:30:00,19.634401
2016-04-28 10:30:00,27.0
2016-04-29 10:30:00,17.1612
2016-04-30 10:30:00,23.1984
2016-05-01 10:30:00,11.9772005
2016-05-02 10:30:00,11.3616
2016-05-03 10:30:00,10.8648
2016-05-04 10:30:00,24.6672
2016-05-05 10:30:00,13.348801
2016-05-06 10:30:00,12.852
2016-05-07 10:30:00,28.026001
2016-05-08 10:30:00,20.260801
2016-05-09 10:30:00,25.0884
2016-05-10 10:30:00,27.2808
2016-05-11 10:30:00,9.5688
2016-05-12 10:30:00,6.75
2016-05-13 10:30:00,29.0736
2016-05-14 10:30:00,15.9516
2016-05-15 10:30:00,23.328001
2016-05-16 10:30:00,25.509602
2016-05-17 10:30:00,25.930801
2016-05-18 10:30:00,25.585201
2016-05-19 10:30:00,26.006401
2016-05-20 10:30:00,20.4984
2016-05-21 10:30:00,13.7052
2016-05-22 10:30:00,20.6388
2016-05-23 10:30:00,14.0508
2016-05-24 10:30:00,14.061601
2016-05-25 10:30:00,23.6628
2016-05-26 10:30:00,24.0948
2016-05-27 10:30:00,29.7108
2016-05-28 10:30:00,24.3432
2016-05-29 10:30:00,27.4104
2016-05-30 10:30:00,26.8164
2016-05-31 10:30:00,30.175201
2016-06-01 10:30:00,19.3752
2016-06-02 10:30:00,27.777601
2016-06-03 10:30:00,28.015202
2016-06-04 10:30:00,27.2268
2016-06-05 10:30:00,21.794401
2016-06-06 10:30:00,6.5988
2016-06-07 10:30:00,19.9584
2016-06-08 10:30:00,26.773201
2016-06-09 10:30:00,19.2456
2016-06-10 10:30:00,7.1172004
2016-06-11 10:30:00,22.345201
2016-06-12 10:30:00,19.44
2016-06-13 10:30:00,25.3476
2016-06-14 10:30:00,25.8444
2016-06-15 10:30:00,19.148401
2016-06-16 10:30:00,22.086
2016-06-17 10:30:00,16.416
2016-06-18 10:30:00,19.256401
2016-06-19 10:30:00,26.6004
2016-06-20 10:30:00,22.248001
2016-06-21 10:30:00,22.41
2016-06-22 10:30:00,16.8696
2016-06-23 10:30:00,15.3792
2016-06-24 10:30:00,11.3184
2016-06-25 10:30:00,27.4536
2016-06-26 10:30:00,25.3152
2016-06-27 10:30:00,13.338
2016-06-28 10:30:00,19.9692
2016-06-29 10:30:00,7.9812
2016-06-30 10:30:00,14.1696005
2016-07-01 10:30:00,30.283201
2016-07-02 10:30:00,30.618
2016-07-03 10:30:00,23.911201
2016-07-04 10:30:00,27.637201
2016-07-05 10:30:00,27.777601
2016-07-06 10:30:00,25.5744
2016-07-07 10:30:00,25.9524
2016-07-08 10:30:00,18.802801
2016-07-09 10:30:00,21.5352
2016-07-10 10:30:00,22.6476
2016-07-11 10:30:00,20.8008
2016-07-12 10:30:00,12.5928
2016-07-13 10:30:00,28.2852
2016-07-14 10:30:00,26.6004
2016-07-15 10:30:00,26.892
2016-07-16 10:30:00,23.4792
2016-07-17 10:30:00,27.108
2016-07-18 10:30:00,26.3736
2016-07-19 10:30:00,20.6388
2016-07-20 10:30:00,18.5868
2016-07-21 10:30:00,13.1112
2016-07-22 10:30:00,5.13
2016-07-23 10:30:00,11.955601
2016-07-24 10:30:00,29.646
2016-07-25 10:30:00,7.0092
2016-07-26 10:30:00,22.8312
2016-07-27 10:30:00,23.49
2016-07-28 10:30:00,11.9016
2016-07-29 10:30:00,27.594
2016-07-30 10:30:00,24.462
2016-07-31 10:30:00,14.1372
2016-08-01 10:30:00,25.963202
2016-08-02 10:30:00,24.7428
2016-08-03 10:30:00,25.196402
2016-08-04 10:30:00,23.9436
2016-08-05 10:30:00,18.316801
2016-08-06 10:30:00,11.1024
2016-08-07 10:30:00,28.404001
2016-08-08 10:30:00,24.3756
2016-08-09 10:30:00,10.5624
2016-08-10 10:30:00,19.7856
2016-08-11 10:30:00,18.835201
2016-08-12 10:30:00,18.7272
2016-08-13 10:30:00,27.3348
2016-08-14 10:30:00,19.807201
2016-08-15 10:30:00,23.0364
2016-08-16 10:30:00,16.0596
2016-08-17 10:30:00,20.5848
2016-08-18 10:30:00,15.93
2016-08-19 10:30:00,22.572
2016-08-20 10:30:00,20.412
2016-08-21 10:30:00,23.76
2016-08-22 10:30:00,23.4468
2016-08-23 10:30:00,6.7176003
2016-08-24 10:30:00,13.0248
2016-08-25 10:30:00,26.6544
2016-08-26 10:30:00,23.533201
2016-08-27 10:30:00,24.624
2016-08-28 10:30:00,23.9976
2016-08-29 10:30:00,23.9436
2016-08-30 10:30:00,14.6988
2016-08-31 10:30:00,4.0176
2016-09-01 10:30:00,4.6116
2016-09-02 10:30:00,7.0956
2016-09-03 10:30:00,10.6812
2016-09-04 10:30:00,9.5688
2016-09-05 10:30:00,16.254
2016-09-06 10:30:00,12.3336
2016-09-07 10:30:00,21.6756
2016-09-08 10:30:00,15.487201
2016-09-09 10:30:00,6.6528
2016-09-10 10:30:00,3.618
2016-09-11 10:30:00,7.9812
2016-09-12 10:30:00,15.1092005
2016-09-13 10:30:00,15.0228
2016-09-14 10:30:00,9.4392
2016-09-15 10:30:00,20.9412
2016-09-16 10:30:00,9.6336
2016-09-17 10:30:00,19.461601
2016-09-18 10:30:00,19.915201
2016-09-19 10:30:00,18.2844
2016-09-20 10:30:00,18.036001
2016-09-21 10:30:00,19.7856
2016-09-22 10:30:00,17.82
2016-09-23 10:30:00,13.9428005
2016-09-24 10:30:00,5.7672
2016-09-25 10:30:00,17.3448
2016-09-26 10:30:00,9.0288
2016-09-27 10:30:00,11.9772005
2016-09-28 10:30:00,19.0188
2016-09-29 10:30:00,12.9276
2016-09-30 10:30:00,16.5564
2016-10-01 10:30:00,13.089601
2016-10-02 10:30:00,12.895201
2016-10-03 10:30:00,11.296801
2016-10-04 10:30:00,5.0868
2016-10-05 10:30:00,9.3204
2016-10-06 10:30:00,15.1956005
2016-10-07 10:30:00,1.4148
2016-10-08 10:30:00,12.1068
2016-10-09 10:30:00,12.1932
2016-10-10 10:30:00,12.009601
2016-10-11 10:30:00,14.234401
2016-10-12 10:30:00,14.461201
2016-10-13 10:30:00,13.435201
2016-10-14 10:30:00,10.4868
2016-10-15 10:30:00,10.8864
2016-10-16 10:30:00,8.1756
2016-10-17 10:30:00,13.4784
2016-10-18 10:30:00,10.9728
2016-10-19 10:30:00,6.2856
2016-10-20 10:30:00,11.437201
2016-10-21 10:30:00,1.6848
2016-10-22 10:30:00,11.2752
2016-10-23 10:30:00,10.6056
2016-10-24 10:30:00,8.694
2016-10-25 10:30:00,8.964001
2016-10-26 10:30:00,11.437201
2016-10-27 10:30:00,6.372
2016-10-28 10:30:00,9.3852005
2016-10-29 10:30:00,10.5408
2016-10-30 10:30:00,9.104401
2016-10-31 10:30:00,8.0352
2016-11-01 10:30:00,10.843201
2016-11-02 10:30:00,8.64
2016-11-03 10:30:00,7.9704003
2016-11-04 10:30:00,2.4408
2016-11-05 10:30:00,4.9356003
2016-11-06 10:30:00,7.6248
2016-11-07 10:30:00,10.152
2016-11-08 10:30:00,10.1196
2016-11-09 10:30:00,5.3244
2016-11-10 10:30:00,3.0024002
2016-11-11 10:30:00,7.8408003
2016-11-12 10:30:00,9.2016
2016-11-13 10:30:00,4.5036
2016-11-14 10:30:00,7.0308003
2016-11-15 10:30:00,9.0612
2016-11-16 10:30:00,5.9292
2016-11-17 10:30:00,5.8104
2016-11-18 10:30:00,8.4132
2016-11-19 10:30:00,3.8448
2016-11-20 10:30:00,4.3308
2016-11-21 10:30:00,8.532001
2016-11-22 10:30:00,5.0220003
2016-11-23 10:30:00,8.208
2016-11-24 10:30:00,8.078401
2016-11-25 10:30:00,7.8408003
2016-11-26 10:30:00,7.7004004
2016-11-27 10:30:00,7.6032
2016-11-28 10:30:00,7.4088
2016-11-29 10:30:00,7.2576003
2016-11-30 10:30:00,5.2920003
2016-12-01 10:30:00,5.8104
2016-12-02 10:30:00,6.7284
2016-12-03 10:30:00,7.0524
2016-12-04 10:30:00,6.9552
2016-12-05 10:30:00,6.7932
2016-12-06 10:30:00,5.9616003
2016-12-07 10:30:00,2.1492
2016-12-08 10:30:00,4.7628
2016-12-09 10:30:00,6.3612003
2016-12-10 10:30:00,6.5124
2016-12-11 10:30:00,3.8448
2016-12-12 10:30:00,2.9268
2016-12-13 10:30:00,6.0696
2016-12-14 10:30:00,6.3504
2016-12-15 10:30:00,6.2424
2016-12-16 10:30:00,5.67
2016-12-17 10:30:00,5.8968
2016-12-18 10:30:00,5.94
2016-12-19 10:30:00,5.7348003
2016-12-20 10:30:00,5.7024
2016-12-21 10:30:00,5.7456
2016-12-22 10:30:00,3.3156002
2016-12-23 10:30:00,6.156
2016-12-24 10:30:00,5.9616003
2016-12-25 10:30:00,1.7604
2016-12-26 10:30:00,6.0804
2016-12-27 10:30:00,3.6504002
2016-12-28 10:30:00,5.4216003
2016-12-29 10:30:00,6.1668
2016-12-30 10:30:00,6.0588
2016-12-31 10:30:00,6.4476004
2017-01-01 10:30:00,6.3180003
2017-01-02 10:30:00,6.2964
2017-01-03 10:30:00,6.5340004
2017-01-04 10:30:00,6.4584002
2017-01-05 10:30:00,6.7284
2017-01-06 10:30:00,4.0608
2017-01-07 10:30:00,6.1236
2017-01-08 10:30:00,6.6852
2017-01-09 10:30:00,6.8256
2017-01-10 10:30:00,5.1192
2017-01-11 10:30:00,5.3676
2017-01-12 10:30:00,6.966
2017-01-13 10:30:00,5.238
2017-01-14 10:30:00,7.4412003
2017-01-15 10:30:00,7.5384
2017-01-16 10:30:00,6.8040004
2017-01-17 10:30:00,3.8664
2017-01-18 10:30:00,7.5816
2017-01-19 10:30:00,6.7716002
2017-01-20 10:30:00,7.8732004
2017-01-21 10:30:00,4.9788003
2017-01-22 10:30:00,7.8840003
2017-01-23 10:30:00,8.2944
2017-01-24 10:30:00,8.4996
2017-01-25 10:30:00,6.2748003
2017-01-26 10:30:00,4.2768
2017-01-27 10:30:00,9.0396
2017-01-28 10:30:00,8.7588005
2017-01-29 10:30:00,9.1152
2017-01-30 10:30:00,9.234
2017-01-31 10:30:00,7.6248
2017-02-01 10:30:00,9.5472
2017-02-02 10:30:00,9.6552
2017-02-03 10:30:00,9.3528
2017-02-04 10:30:00,9.18
2017-02-05 10:30:00,8.5428
2017-02-06 10:30:00,9.7956
2017-02-07 10:30:00,7.3548
2017-02-08 10:30:00,9.9684
2017-02-09 10:30:00,9.4284
2017-02-10 10:30:00,10.6272
2017-02-11 10:30:00,9.784801
2017-02-12 10:30:00,10.3356
2017-02-13 10:30:00,10.4652
2017-02-14 10:30:00,9.4392
2017-02-15 10:30:00,6.5880003
2017-02-16 10:30:00,11.6532
2017-02-17 10:30:00,11.0808
2017-02-18 10:30:00,11.437201
2017-02-19 10:30:00,2.6244001
2017-02-20 10:30:00,7.3116
2017-02-21 10:30:00,9.018001
2017-02-22 10:30:00,3.6072001
2017-02-23 10:30:00,10.7892
2017-02-24 10:30:00,13.5432005
2017-02-25 10:30:00,13.348801
2017-02-26 10:30:00,14.1696005
2017-02-27 10:30:00,12.852
2017-02-28 10:30:00,10.422
2017-03-01 10:30:00,13.5972
2017-03-02 10:30:00,12.0528
2017-03-03 10:30:00,11.782801
2017-03-04 10:30:00,10.3356
2017-03-05 10:30:00,13.294801
2017-03-06 10:30:00,13.8564005
2017-03-07 10:30:00,13.5864
2017-03-08 10:30:00,14.5368
2017-03-09 10:30:00,14.601601
2017-03-10 10:30:00,15.3036
2017-03-11 10:30:00,14.634001
2017-03-12 10:30:00,14.342401
2017-03-13 10:30:00,15.6168
2017-03-14 10:30:00,15.5304
2017-03-15 10:30:00,15.4764
2017-03-16 10:30:00,15.5844
2017-03-17 10:30:00,14.5692005
2017-03-18 10:30:00,16.1352
2017-03-19 10:30:00,10.530001
2017-03-20 10:30:00,12.8304
2017-03-21 10:30:00,14.5584
2017-03-22 10:30:00,18.554401
2017-03-23 10:30:00,17.9172
2017-03-24 10:30:00,15.6492
2017-03-25 10:30:00,14.115601
2017-03-26 10:30:00,14.0508
2017-03-27 10:30:00,13.014
2017-03-28 10:30:00,19.083601
2017-03-29 10:30:00,17.1828
2017-03-30 10:30:00,17.863201
2017-03-31 10:30:00,19.321201
2017-04-01 10:30:00,17.9172
2017-04-02 10:30:00,20.1096
2017-04-03 10:30:00,19.7208
2017-04-04 10:30:00,18.349201
2017-04-05 10:30:00,16.8372
2017-04-06 10:30:00,15.3252
2017-04-07 10:30:00,11.6856
2017-04-08 10:30:00,23.9004
2017-04-09 10:30:00,22.388401
2017-04-10 10:30:00,9.8604
2017-04-11 10:30:00,21.8484
2017-04-12 10:30:00,23.544
2017-04-13 10:30:00,23.706001
2017-04-14 10:30:00,21.9564
2017-04-15 10:30:00,24.3108
2017-04-16 10:30:00,19.288801
2017-04-17 10:30:00,23.274
2017-04-18 10:30:00,8.9964
2017-04-19 10:30:00,18.3384
2017-04-20 10:30:00,23.0688
2017-04-21 10:30:00,23.1768
2017-04-22 10:30:00,10.843201
2017-04-23 10:30:00,13.0572
2017-04-24 10:30:00,21.718801
2017-04-25 10:30:00,17.2476
2017-04-26 10:30:00,21.1788
2017-04-27 10:30:00,19.2456
2017-04-28 10:30:00,22.2264
2017-04-29 10:30:00,26.4276
2017-04-30 10:30:00,27.669601
2017-05-01 10:30:00,25.2612
2017-05-02 10:30:00,23.4144
2017-05-03 10:30:00,15.346801
2017-05-04 10:30:00,21.87
2017-05-05 10:30:00,12.1284
2017-05-06 10:30:00,17.4852
2017-05-07 10:30:00,22.032001
2017-05-08 10:30:00,28.123201
2017-05-09 10:30:00,25.6284
2017-05-10 10:30:00,20.952
2017-05-11 10:30:00,17.722801
2017-05-12 10:30:00,24.6348
2017-05-13 10:30:00,15.8220005
2017-05-14 10:30:00,7.7652
2017-05-15 10:30:00,29.311201
2017-05-16 10:30:00,19.818
2017-05-17 10:30:00,22.356
2017-05-18 10:30:00,28.0044
2017-05-19 10:30:00,19.548
2017-05-20 10:30:00,16.8804
2017-05-21 10:30:00,4.6224003
2017-05-22 10:30:00,11.7936
2017-05-23 10:30:00,25.1532
2017-05-24 10:30:00,18.770401
2017-05-25 10:30:00,30.078001
2017-05-26 10:30:00,26.276402
2017-05-27 10:30:00,28.0368
2017-05-28 10:30:00,24.6672
2017-05-29 10:30:00,26.8272
2017-05-30 10:30:00,31.698
2017-05-31 10:30:00,29.808
2017-06-01 10:30:00,23.004
2017-06-02 10:30:00,23.5116
2017-06-03 10:30:00,26.4708
2017-06-04 10:30:00,26.6112
2017-06-05 10:30:00,27.972
2017-06-06 10:30:00,10.206
2017-06-07 10:30:00,24.8616
2017-06-08 10:30:00,27.0216
2017-06-09 10:30:00,27.4212
2017-06-10 10:30:00,28.7928
2017-06-11 10:30:00,18.0252
2017-06-12 10:30:00,23.9436
2017-06-13 10:30:00,26.0172
2017-06-14 10:30:00,23.0688
2017-06-15 10:30:00,23.274
2017-06-16 10:30:00,17.4744
2017-06-17 10:30:00,22.248001
2017-06-18 10:30:00,26.9136
2017-06-19 10:30:00,19.9368
2017-06-20 10:30:00,9.7416
2017-06-21 10:30:00,12.42
2017-06-22 10:30:00,28.7388
2017-06-23 10:30:00,27.324001
2017-06-24 10:30:00,26.352001
2017-06-25 10:30:00,23.0904
2017-06-26 10:30:00,25.6284
2017-06-27 10:30:00,22.3776
2017-06-28 10:30:00,27.086401
2017-06-29 10:30:00,23.058
2017-06-30 10:30:00,21.8376
2017-07-01 10:30:00,22.107601
2017-07-02 10:30:00,11.826
2017-07-03 10:30:00,25.2612
2017-07-04 10:30:00,28.7604
2017-07-05 10:30:00,24.408
2017-07-06 10:30:00,17.128801
2017-07-07 10:30:00,14.0724
2017-07-08 10:30:00,9.4608
2017-07-09 10:30:00,26.211601
2017-07-10 10:30:00,22.6908
2017-07-11 10:30:00,29.268002
2017-07-12 10:30:00,24.4944
2017-07-13 10:30:00,23.7924
2017-07-14 10:30:00,30.8988
2017-07-15 10:30:00,14.364
2017-07-16 10:30:00,22.8636
2017-07-17 10:30:00,25.8552
2017-07-18 10:30:00,22.6692
2017-07-19 10:30:00,21.7296
2017-07-20 10:30:00,4.86
2017-07-21 10:30:00,24.2136
2017-07-22 10:30:00,29.1168
2017-07-23 10:30:00,13.1976
2017-07-24 10:30:00,30.240002
2017-07-25 10:30:00,29.8404
2017-07-26 10:30:00,12.0204
2017-07-27 10:30:00,15.3576
2017-07-28 10:30:00,28.026001
2017-07-29 10:30:00,24.224401
2017-07-30 10:30:00,20.898
2017-07-31 10:30:00,16.4916
2017-08-01 10:30:00,18.0468
2017-08-02 10:30:00,18.36
2017-08-03 10:30:00,4.2768
2017-08-04 10:30:00,21.2544
2017-08-05 10:30:00,25.3692
2017-08-06 10:30:00,13.9536
2017-08-07 10:30:00,19.5048
2017-08-08 10:30:00,18.9972
2017-08-09 10:30:00,17.28
2017-08-10 10:30:00,11.7072
2017-08-11 10:30:00,11.6208
2017-08-12 10:30:00,23.112001
2017-08-13 10:30:00,12.895201
2017-08-14 10:30:00,13.975201
2017-08-15 10:30:00,13.467601
2017-08-16 10:30:00,12.8736
2017-08-17 10:30:00,20.6172
2017-08-18 10:30:00,22.842001
2017-08-19 10:30:00,21.373201
2017-08-20 10:30:00,21.0168
2017-08-21 10:30:00,21.384
2017-08-22 10:30:00,22.41
2017-08-23 10:30:00,19.0188
2017-08-24 10:30:00,14.4504
2017-08-25 10:30:00,16.5132
2017-08-26 10:30:00,25.099201
2017-08-27 10:30:00,19.764
2017-08-28 10:30:00,23.7492
2017-08-29 10:30:00,24.786001
2017-08-30 10:30:00,23.7168
2017-08-31 10:30:00,23.673601
2017-09-01 10:30:00,22.518
2017-09-02 10:30:00,21.1248
2017-09-03 10:30:00,8.4132
2017-09-04 10:30:00,10.8
2017-09-05 10:30:00,10.497601
2017-09-06 10:30:00,22.939201
2017-09-07 10:30:00,20.52
2017-09-08 10:30:00,22.485601
2017-09-09 10:30:00,20.1096
2017-09-10 10:30:00,7.2792
2017-09-11 10:30:00,23.1984
2017-09-12 10:30:00,17.1396
2017-09-13 10:30:00,20.088001
2017-09-14 10:30:00,21.222
2017-09-15 10:30:00,2.9160001
2017-09-16 10:30:00,6.7716002
2017-09-17 10:30:00,17.1828
2017-09-18 10:30:00,19.882801
2017-09-19 10:30:00,7.0308003
2017-09-20 10:30:00,19.6236
2017-09-21 10:30:00,18.6084
2017-09-22 10:30:00,19.278
2017-09-23 10:30:00,18.5112
2017-09-24 10:30:00,19.6992
2017-09-25 10:30:00,16.5456
2017-09-26 10:30:00,15.7248
2017-09-27 10:30:00,17.9064
2017-09-28 10:30:00,15.1092005
2017-09-29 10:30:00,15.854401
2017-09-30 10:30:00,10.270801
2017-10-01 10:30:00,16.5996
2017-10-02 10:30:00,16.6536
2017-10-03 10:30:00,16.74
2017-10-04 10:30:00,13.4244
2017-10-05 10:30:00,13.716001
2017-10-06 10:30:00,9.396
2017-10-07 10:30:00,10.6488
2017-10-08 10:30:00,1.8900001
2017-10-09 10:30:00,6.3288
2017-10-10 10:30:00,5.0328
2017-10-11 10:30:00,11.728801
2017-10-12 10:30:00,13.7052
2017-10-13 10:30:00,12.441601
2017-10-14 10:30:00,13.6512
2017-10-15 10:30:00,6.372
2017-10-16 10:30:00,13.7052
2017-10-17 10:30:00,12.9924
2017-10-18 10:30:00,9.0936
2017-10-19 10:30:00,12.8736
2017-10-20 10:30:00,9.0072
2017-10-21 10:30:00,11.718
2017-10-22 10:30:00,8.9208
2017-10-23 10:30:00,10.962
2017-10-24 10:30:00,11.0592
2017-10-25 10:30:00,11.242801
2017-10-26 10:30:00,8.7264
2017-10-27 10:30:00,5.3892
2017-10-28 10:30:00,6.2856
2017-10-29 10:30:00,10.8216
2017-10-30 10:30:00,11.296801
2017-10-31 10:30:00,10.854
2017-11-01 10:30:00,7.6140003
2017-11-02 10:30:00,9.1476
2017-11-03 10:30:00,8.8128
2017-11-04 10:30:00,5.9616003
2017-11-05 10:30:00,8.37
2017-11-06 10:30:00,8.0568
2017-11-07 10:30:00,3.8016
2017-11-08 10:30:00,8.4456005
2017-11-09 10:30:00,7.0740004
2017-11-10 10:30:00,8.4348
2017-11-11 10:30:00,9.4608
2017-11-12 10:30:00,5.9508
2017-11-13 10:30:00,8.2728
2017-11-14 10:30:00,5.8104
2017-11-15 10:30:00,8.1216
2017-11-16 10:30:00,7.3116
2017-11-17 10:30:00,7.2684
2017-11-18 10:30:00,6.5124
2017-11-19 10:30:00,7.3872004
2017-11-20 10:30:00,8.1216
2017-11-21 10:30:00,3.4452002
2017-11-22 10:30:00,8.2404
2017-11-23 10:30:00,7.2576003
2017-11-24 10:30:00,7.506
2017-11-25 10:30:00,7.0740004
2017-11-26 10:30:00,7.3008003
2017-11-27 10:30:00,5.6592
2017-11-28 10:30:00,7.0740004
2017-11-29 10:30:00,7.1388
2017-11-30 10:30:00,6.9876003
2017-12-01 10:30:00,6.7824
2017-12-02 10:30:00,6.6744003
2017-12-03 10:30:00,6.7284
2017-12-04 10:30:00,5.238
2017-12-05 10:30:00,4.8276
2017-12-06 10:30:00,6.2208004
2017-12-07 10:30:00,6.4368
2017-12-08 10:30:00,6.3288
2017-12-09 10:30:00,2.9808002
2017-12-10 10:30:00,3.2616
2017-12-11 10:30:00,4.6008
2017-12-12 10:30:00,6.3612003
2017-12-13 10:30:00,6.1992
2017-12-14 10:30:00,5.9724
2017-12-15 10:30:00,6.0048003
2017-12-16 10:30:00,6.0372
2017-12-17 10:30:00,6.0804
2017-12-18 10:30:00,4.5144
2017-12-19 10:30:00,6.0804
2017-12-20 10:30:00,5.9724
2017-12-21 10:30:00,1.8468001
2017-12-22 10:30:00,6.0264
2017-12-23 10:30:00,5.7564
2017-12-24 10:30:00,5.8752003
2017-12-25 10:30:00,5.6052003
2017-12-26 10:30:00,6.5448003
2017-12-27 10:30:00,6.0372
2017-12-28 10:30:00,4.9896
2017-12-29 10:30:00,5.3784003
2017-12-30 10:30:00,5.1084003
2017-12-31 10:30:00,5.7456
2018-01-01 10:30:00,6.372
2018-01-02 10:30:00,6.2748003
2018-01-03 10:30:00,6.3504
2018-01-04 10:30:00,6.8148003
2018-01-05 10:30:00,6.7716002
2018-01-06 10:30:00,6.7176003
2018-01-07 10:30:00,5.9724
2018-01-08 10:30:00,2.6676002
2018-01-09 10:30:00,5.9832
2018-01-10 10:30:00,6.4368
2018-01-11 10:30:00,6.8040004
2018-01-12 10:30:00,6.912
2018-01-13 10:30:00,5.6376
2018-01-14 10:30:00,6.3072
2018-01-15 10:30:00,7.5816
2018-01-16 10:30:00,7.6032
2018-01-17 10:30:00,7.7652
2018-01-18 10:30:00,7.9704003
2018-01-19 10:30:00,7.7544003
2018-01-20 10:30:00,8.3376
2018-01-21 10:30:00,8.4456005
2018-01-22 10:30:00,8.3268
2018-01-23 10:30:00,8.4672
2018-01-24 10:30:00,8.7156
2018-01-25 10:30:00,8.694
2018-01-26 10:30:00,9.018001
2018-01-27 10:30:00,6.3504
2018-01-28 10:30:00,7.8300004
2018-01-29 10:30:00,9.0288
2018-01-30 10:30:00,9.0396
2018-01-31 10:30:00,9.2124
2018-02-01 10:30:00,9.5364
2018-02-02 10:30:00,8.8668
2018-02-03 10:30:00,9.2124
2018-02-04 10:30:00,9.4284
2018-02-05 10:30:00,9.4392
2018-02-06 10:30:00,9.774
2018-02-07 10:30:00,9.903601
2018-02-08 10:30:00,9.9792
2018-02-09 10:30:00,10.130401
2018-02-10 10:30:00,9.936
2018-02-11 10:30:00,9.342
2018-02-12 10:30:00,10.7352
2018-02-13 10:30:00,11.6532
2018-02-14 10:30:00,11.210401
2018-02-15 10:30:00,8.251201
2018-02-16 10:30:00,11.286
2018-02-17 10:30:00,11.782801
2018-02-18 10:30:00,11.88
2018-02-19 10:30:00,12.9276
2018-02-20 10:30:00,12.182401
2018-02-21 10:30:00,9.3744
2018-02-22 10:30:00,9.644401
2018-02-23 10:30:00,13.0464
2018-02-24 10:30:00,13.294801
2018-02-25 10:30:00,13.0572
2018-02-26 10:30:00,9.1152
2018-02-27 10:30:00,10.854
2018-02-28 10:30:00,3.7152002
2018-03-01 10:30:00,8.208
2018-03-02 10:30:00,12.636001
2018-03-03 10:30:00,6.0696
2018-03-04 10:30:00,9.417601
2018-03-05 10:30:00,8.4564
2018-03-06 10:30:00,12.852
2018-03-07 10:30:00,12.366
2018-03-08 10:30:00,14.774401
2018-03-09 10:30:00,12.9924
2018-03-10 10:30:00,13.5432005
2018-03-11 10:30:00,14.2776
2018-03-12 10:30:00,10.411201
2018-03-13 10:30:00,10.368
2018-03-14 10:30:00,7.7328
2018-03-15 10:30:00,16.686
2018-03-16 10:30:00,17.1936
2018-03-17 10:30:00,16.632
2018-03-18 10:30:00,15.908401
2018-03-19 10:30:00,16.3836
2018-03-20 10:30:00,14.515201
2018-03-21 10:30:00,16.329601
2018-03-22 10:30:00,16.297201
2018-03-23 10:30:00,17.8524
2018-03-24 10:30:00,17.7876
2018-03-25 10:30:00,17.1612
2018-03-26 10:30:00,13.7052
2018-03-27 10:30:00,15.940801
2018-03-28 10:30:00,20.034
2018-03-29 10:30:00,19.278
2018-03-30 10:30:00,13.0464
2018-03-31 10:30:00,12.9708
2018-04-01 10:30:00,10.216801
2018-04-02 10:30:00,4.2012
2018-04-03 10:30:00,21.2436
2018-04-04 10:30:00,21.1572
2018-04-05 10:30:00,9.2664
2018-04-06 10:30:00,13.5108
2018-04-07 10:30:00,22.172401
2018-04-08 10:30:00,22.032001
2018-04-09 10:30:00,16.783201
2018-04-10 10:30:00,5.8212004
2018-04-11 10:30:00,20.52
2018-04-12 10:30:00,15.768001
2018-04-13 10:30:00,9.6876
2018-04-14 10:30:00,3.8448
2018-04-15 10:30:00,24.948
2018-04-16 10:30:00,15.660001
2018-04-17 10:30:00,14.288401
2018-04-18 10:30:00,18.0792
2018-04-19 10:30:00,20.509201
2018-04-20 10:30:00,13.9536
2018-04-21 10:30:00,21.2112
2018-04-22 10:30:00,19.666801
2018-04-23 10:30:00,17.4528
2018-04-24 10:30:00,24.5268
2018-04-25 10:30:00,24.8076
2018-04-26 10:30:00,22.075201
2018-04-27 10:30:00,22.0968
2018-04-28 10:30:00,19.256401
2018-04-29 10:30:00,13.467601
2018-04-30 10:30:00,15.7356
2018-05-01 10:30:00,18.954
2018-05-02 10:30:00,17.7984
2018-05-03 10:30:00,28.1124
2018-05-04 10:30:00,28.134
2018-05-05 10:30:00,25.4664
2018-05-06 10:30:00,26.4816
2018-05-07 10:30:00,26.319601
2018-05-08 10:30:00,25.6716
2018-05-09 10:30:00,27.1296
2018-05-10 10:30:00,26.1684
2018-05-11 10:30:00,22.9932
2018-05-12 10:30:00,18.381601
2018-05-13 10:30:00,20.8008
2018-05-14 10:30:00,20.4228
2018-05-15 10:30:00,18.4032
2018-05-16 10:30:00,19.656
2018-05-17 10:30:00,17.9172
2018-05-18 10:30:00,28.836
2018-05-19 10:30:00,22.701601
2018-05-20 10:30:00,16.1136
2018-05-21 10:30:00,23.76
2018-05-22 10:30:00,12.9168005
2018-05-23 10:30:00,23.0256
2018-05-24 10:30:00,26.2008
2018-05-25 10:30:00,28.641602
2018-05-26 10:30:00,24.710402
2018-05-27 10:30:00,13.6188
2018-05-28 10:30:00,7.1388
2018-05-29 10:30:00,19.2996
2018-05-30 10:30:00,29.548801
2018-05-31 10:30:00,25.2828
2018-06-01 10:30:00,28.0692
2018-06-02 10:30:00,25.207201
2018-06-03 10:30:00,16.9668
2018-06-04 10:30:00,23.1012
2018-06-05 10:30:00,25.4232
2018-06-06 10:30:00,27.151201
2018-06-07 10:30:00,16.815601
2018-06-08 10:30:00,24.7644
2018-06-09 10:30:00,17.1936
2018-06-10 10:30:00,18.802801
2018-06-11 10:30:00,20.9412
2018-06-12 10:30:00,14.094001
2018-06-13 10:30:00,24.2028
2018-06-14 10:30:00,16.8372
2018-06-15 10:30:00,11.772
2018-06-16 10:30:00,19.569601
2018-06-17 10:30:00,26.492401
2018-06-18 10:30:00,14.4504
2018-06-19 10:30:00,18.198
2018-06-20 10:30:00,27.075602
2018-06-21 10:30:00,28.652401
2018-06-22 10:30:00,21.0384
2018-06-23 10:30:00,29.4192
2018-06-24 10:30:00,16.470001
2018-06-25 10:30:00,10.8216
2018-06-26 10:30:00,13.7376
2018-06-27 10:30:00,11.772
2018-06-28 10:30:00,27.496801
2018-06-29 10:30:00,27.54
2018-06-30 10:30:00,24.818401
2018-07-01 10:30:00,25.218
2018-07-02 10:30:00,27.6912
2018-07-03 10:30:00,26.2548
2018-07-04 10:30:00,10.0008
2018-07-05 10:30:00,15.6168
2018-07-06 10:30:00,18.198
2018-07-07 10:30:00,6.3396
2018-07-08 10:30:00,23.382
2018-07-09 10:30:00,21.1572
2018-07-10 10:30:00,25.444801
2018-07-11 10:30:00,17.1396
2018-07-12 10:30:00,26.9244
2018-07-13 10:30:00,32.022
2018-07-14 10:30:00,27.648
2018-07-15 10:30:00,28.2528
2018-07-16 10:30:00,6.2316003
2018-07-17 10:30:00,16.7076
2018-07-18 10:30:00,16.848
2018-07-19 10:30:00,23.8896
2018-07-20 10:30:00,8.2836
2018-07-21 10:30:00,12.2796
2018-07-22 10:30:00,28.328402
2018-07-23 10:30:00,26.3736
2018-07-24 10:30:00,18.1872
2018-07-25 10:30:00,10.303201
2018-07-26 10:30:00,25.9524
2018-07-27 10:30:00,29.656801
2018-07-28 10:30:00,28.090801
2018-07-29 10:30:00,25.066801
2018-07-30 10:30:00,17.3556
2018-07-31 10:30:00,27.572401
2018-08-01 10:30:00,27.4212
2018-08-02 10:30:00,23.5764
2018-08-03 10:30:00,23.7276
2018-08-04 10:30:00,12.582001
2018-08-05 10:30:00,24.3864
2018-08-06 10:30:00,11.232
2018-08-07 10:30:00,16.297201
2018-08-08 10:30:00,25.8768
2018-08-09 10:30:00,26.1684
2018-08-10 10:30:00,27.529202
2018-08-11 10:30:00,19.0728
2018-08-12 10:30:00,13.1544
2018-08-13 10:30:00,4.158
2018-08-14 10:30:00,8.2836
2018-08-15 10:30:00,23.4144
2018-08-16 10:30:00,22.4424
2018-08-17 10:30:00,13.381201
2018-08-18 10:30:00,25.930801
2018-08-19 10:30:00,25.930801
2018-08-20 10:30:00,21.0384
2018-08-21 10:30:00,21.6324
2018-08-22 10:30:00,25.412401
2018-08-23 10:30:00,22.4748
2018-08-24 10:30:00,12.258
2018-08-25 10:30:00,4.3092003
2018-08-26 10:30:00,10.756801
2018-08-27 10:30:00,22.9176
2018-08-28 10:30:00,6.264
2018-08-29 10:30:00,14.7636
2018-08-30 10:30:00,9.158401
2018-08-31 10:30:00,20.7576
2018-09-01 10:30:00,20.4228
2018-09-02 10:30:00,7.6248
2018-09-03 10:30:00,7.938
2018-09-04 10:30:00,13.629601
2018-09-05 10:30:00,10.908
2018-09-06 10:30:00,21.9888
2018-09-07 10:30:00,11.5992
2018-09-08 10:30:00,23.457602
2018-09-09 10:30:00,21.4272
2018-09-10 10:30:00,19.083601
2018-09-11 10:30:00,17.863201
2018-09-12 10:30:00,15.93
2018-09-13 10:30:00,17.5716
2018-09-14 10:30:00,15.9624
2018-09-15 10:30:00,22.140001
2018-09-16 10:30:00,21.546001
2018-09-17 10:30:00,21.0168
2018-09-18 10:30:00,21.135601
2018-09-19 10:30:00,19.180801
2018-09-20 10:30:00,14.0184
2018-09-21 10:30:00,15.627601
2018-09-22 10:30:00,15.314401
2018-09-23 10:30:00,8.2836
2018-09-24 10:30:00,16.5672
2018-09-25 10:30:00,20.0124
2018-09-26 10:30:00,19.3428
2018-09-27 10:30:00,16.2756
2018-09-28 10:30:00,11.782801
2018-09-29 10:30:00,2.6352
2018-09-30 10:30:00,4.2228003
2018-10-01 10:30:00,17.118
2018-10-02 10:30:00,17.550001
2018-10-03 10:30:00,17.2152
2018-10-04 10:30:00,16.9776
2018-10-05 10:30:00,13.8456
2018-10-06 10:30:00,17.3448
2018-10-07 10:30:00,12.7008
2018-10-08 10:30:00,16.2432
2018-10-09 10:30:00,11.523601
2018-10-10 10:30:00,11.469601
2018-10-11 10:30:00,14.8932
2018-10-12 10:30:00,14.634001
2018-10-13 10:30:00,13.921201
2018-10-14 10:30:00,13.9968
2018-10-15 10:30:00,14.914801
2018-10-16 10:30:00,14.061601
2018-10-17 10:30:00,14.1804
2018-10-18 10:30:00,13.8996
2018-10-19 10:30:00,11.934
2018-10-20 10:30:00,13.4568
2018-10-21 10:30:00,9.1476
2018-10-22 10:30:00,6.8688
2018-10-23 10:30:00,10.1196
2018-10-24 10:30:00,10.5624
2018-10-25 10:30:00,5.5944
2018-10-26 10:30:00,10.0656
2018-10-27 10:30:00,12.1068
2018-10-28 10:30:00,8.0568
2018-10-29 10:30:00,5.076
2018-10-30 10:30:00,9.7956
2018-10-31 10:30:00,8.6832
2018-11-01 10:30:00,10.0548
2018-11-02 10:30:00,10.7784
2018-11-03 10:30:00,6.7824
2018-11-04 10:30:00,6.6096
2018-11-05 10:30:00,9.158401
2018-11-06 10:30:00,9.0612
2018-11-07 10:30:00,9.471601
2018-11-08 10:30:00,7.1928
2018-11-09 10:30:00,8.208
2018-11-10 10:30:00,8.4024
2018-11-11 10:30:00,6.7716002
2018-11-12 10:30:00,7.9704003
2018-11-13 10:30:00,6.1668
2018-11-14 10:30:00,5.5836
2018-11-15 10:30:00,7.3656
2018-11-16 10:30:00,8.91
2018-11-17 10:30:00,6.912
2018-11-18 10:30:00,6.9336
2018-11-19 10:30:00,8.078401
2018-11-20 10:30:00,7.7004004
2018-11-21 10:30:00,6.0588
2018-11-22 10:30:00,7.3548
2018-11-23 10:30:00,7.8084
2018-11-24 10:30:00,5.4648004
2018-11-25 10:30:00,7.9704003
2018-11-26 10:30:00,3.1752
2018-11-27 10:30:00,7.3224
2018-11-28 10:30:00,6.8364
2018-11-29 10:30:00,6.1344004
2018-11-30 10:30:00,6.9876003
2018-12-01 10:30:00,4.3524003
2018-12-02 10:30:00,4.7412
2018-12-03 10:30:00,4.9464
2018-12-04 10:30:00,5.8212004
2018-12-05 10:30:00,5.6052003
2018-12-06 10:30:00,7.0956
2018-12-07 10:30:00,5.94
2018-12-08 10:30:00,5.994
2018-12-09 10:30:00,5.9616003
2018-12-10 10:30:00,5.8644004
2018-12-11 10:30:00,5.6376
2018-12-12 10:30:00,2.862
2018-12-13 10:30:00,5.6808
2018-12-14 10:30:00,5.8968
2018-12-15 10:30:00,5.2056003
2018-12-16 10:30:00,6.3180003
2018-12-17 10:30:00,4.7088003
2018-12-18 10:30:00,6.7392
2018-12-19 10:30:00,6.2856
2018-12-20 10:30:00,6.6852
2018-12-21 10:30:00,3.9852002
2018-12-22 10:30:00,5.8752003
2018-12-23 10:30:00,5.9724
2018-12-24 10:30:00,5.8968
2018-12-25 10:30:00,6.7716002
2018-12-26 10:30:00,5.5512
2018-12-27 10:30:00,5.0004
2018-12-28 10:30:00,6.0264
2018-12-29 10:30:00,6.0480003
2018-12-30 10:30:00,5.8752003
2018-12-31 10:30:00,5.7456
2019-01-01 10:30:00,7.0308003
2019-01-02 10:30:00,7.4628
2019-01-03 10:30:00,6.5772
2019-01-04 10:30:00,7.5384
2019-01-05 10:30:00,7.8300004
2019-01-06 10:30:00,7.722
2019-01-07 10:30:00,8.0028
2019-01-08 10:30:00,7.7004004
2019-01-09 10:30:00,7.6248
2019-01-10 10:30:00,7.6248
2019-01-11 10:30:00,7.2684
2019-01-12 10:30:00,6.8796
2019-01-13 10:30:00,7.668
2019-01-14 10:30:00,5.9292
2019-01-15 10:30:00,8.564401
2019-01-16 10:30:00,9.0288
2019-01-17 10:30:00,8.618401
2019-01-18 10:30:00,7.3764
2019-01-19 10:30:00,9.417601
2019-01-20 10:30:00,8.7372
2019-01-21 10:30:00,9.3636
2019-01-22 10:30:00,8.5752
2019-01-23 10:30:00,9.342
2019-01-24 10:30:00,9.190801
2019-01-25 10:30:00,9.331201
2019-01-26 10:30:00,9.8064
2019-01-27 10:30:00,9.104401
2019-01-28 10:30:00,10.1952
2019-01-29 10:30:00,7.0092
2019-01-30 10:30:00,10.4544
2019-01-31 10:30:00,10.476
2019-02-01 10:30:00,9.990001
2019-02-02 10:30:00,5.6484003
2019-02-03 10:30:00,11.772
2019-02-04 10:30:00,7.1604004
2019-02-05 10:30:00,9.774
2019-02-06 10:30:00,10.854
2019-02-07 10:30:00,12.096001
2019-02-08 10:30:00,12.2472
2019-02-09 10:30:00,12.754801
2019-02-10 10:30:00,12.366
2019-02-11 10:30:00,11.7072
2019-02-12 10:30:00,14.3316
2019-02-13 10:30:00,12.150001
2019-02-14 10:30:00,12.0852
2019-02-15 10:30:00,12.1176
2019-02-16 10:30:00,13.8132
2019-02-17 10:30:00,13.8132
2019-02-18 10:30:00,11.7612
2019-02-19 10:30:00,9.5256
2019-02-20 10:30:00,14.094001
2019-02-21 10:30:00,12.2904005
2019-02-22 10:30:00,14.547601
2019-02-23 10:30:00,13.824
2019-02-24 10:30:00,13.8564005
2019-02-25 10:30:00,15.2172
2019-02-26 10:30:00,15.7032
2019-02-27 10:30:00,10.8
2019-02-28 10:30:00,15.368401
2019-03-01 10:30:00,15.087601
2019-03-02 10:30:00,12.9384
2019-03-03 10:30:00,12.441601
2019-03-04 10:30:00,12.0852
2019-03-05 10:30:00,13.5
2019-03-06 10:30:00,15.606
2019-03-07 10:30:00,17.2908
2019-03-08 10:30:00,16.9992
2019-03-09 10:30:00,17.128801
2019-03-10 10:30:00,12.6144
2019-03-11 10:30:00,13.5864
2019-03-12 10:30:00,16.9344
2019-03-13 10:30:00,18.6192
2019-03-14 10:30:00,8.4888
2019-03-15 10:30:00,19.6884
2019-03-16 10:30:00,13.176001
2019-03-17 10:30:00,17.0316
2019-03-18 10:30:00,19.0944
2019-03-19 10:30:00,12.268801
2019-03-20 10:30:00,8.9748
2019-03-21 10:30:00,18.2844
2019-03-22 10:30:00,19.429201
2019-03-23 10:30:00,20.9304
2019-03-24 10:30:00,19.396801
2019-03-25 10:30:00,21.5352
2019-03-26 10:30:00,18.8244
2019-03-27 10:30:00,16.74
2019-03-28 10:30:00,21.33
2019-03-29 10:30:00,15.832801
2019-03-30 10:30:00,16.718401
2019-03-31 10:30:00,16.3836
2019-04-01 10:30:00,22.41
2019-04-02 10:30:00,22.6044
2019-04-03 10:30:00,22.140001
2019-04-04 10:30:00,15.681601
2019-04-05 10:30:00,20.088001
2019-04-06 10:30:00,23.2956
2019-04-07 10:30:00,15.0444
2019-04-08 10:30:00,24.7968
2019-04-09 10:30:00,24.138
2019-04-10 10:30:00,18.5004
2019-04-11 10:30:00,23.0256
2019-04-12 10:30:00,23.3496
2019-04-13 10:30:00,25.6392
2019-04-14 10:30:00,22.6476
2019-04-15 10:30:00,25.131601
2019-04-16 10:30:00,22.658401
2019-04-17 10:30:00,5.6916003
2019-04-18 10:30:00,27.324001
2019-04-19 10:30:00,25.207201
2019-04-20 10:30:00,27.561602
2019-04-21 10:30:00,26.8272
2019-04-22 10:30:00,18.4032
2019-04-23 10:30:00,22.766401
2019-04-24 10:30:00,27.054
2019-04-25 10:30:00,28.1664
2019-04-26 10:30:00,28.458
2019-04-27 10:30:00,27.108
2019-04-28 10:30:00,29.214
2019-04-29 10:30:00,18.554401
2019-04-30 10:30:00,16.632
2019-05-01 10:30:00,29.2572
2019-05-02 10:30:00,28.3932
2019-05-03 10:30:00,24.753601
2019-05-04 10:30:00,20.9736
2019-05-05 10:30:00,21.114
2019-05-06 10:30:00,20.995201
2019-05-07 10:30:00,28.566
2019-05-08 10:30:00,28.749601
2019-05-09 10:30:00,25.542
2019-05-10 10:30:00,19.5156
2019-05-11 10:30:00,23.6304
2019-05-12 10:30:00,19.548
2019-05-13 10:30:00,12.1716
2019-05-14 10:30:00,28.576801
2019-05-15 10:30:00,21.8808
2019-05-16 10:30:00,26.3088
2019-05-17 10:30:00,23.220001
2019-05-18 10:30:00,11.9988
2019-05-19 10:30:00,3.7476
2019-05-20 10:30:00,9.871201
2019-05-21 10:30:00,20.3904
2019-05-22 10:30:00,30.553202
2019-05-23 10:30:00,27.9072
2019-05-24 10:30:00,26.244001
2019-05-25 10:30:00,25.1748
2019-05-26 10:30:00,5.8428
2019-05-27 10:30:00,25.6068
2019-05-28 10:30:00,29.408401
2019-05-29 10:30:00,25.3476
2019-05-30 10:30:00,16.610401
2019-05-31 10:30:00,23.360401
2019-06-01 10:30:00,30.315601
2019-06-02 10:30:00,28.08
2019-06-03 10:30:00,21.2544
2019-06-04 10:30:00,28.987202
2019-06-05 10:30:00,29.484001
2019-06-06 10:30:00,17.0424
2019-06-07 10:30:00,21.8916
2019-06-08 10:30:00,15.444
2019-06-09 10:30:00,23.079601
2019-06-10 10:30:00,13.1436
2019-06-11 10:30:00,24.624
2019-06-12 10:30:00,25.1532
2019-06-13 10:30:00,21.902401
2019-06-14 10:30:00,16.1028
2019-06-15 10:30:00,26.2008
2019-06-16 10:30:00,32.238
2019-06-17 10:30:00,30.1536
2019-06-18 10:30:00,29.2572
2019-06-19 10:30:00,21.006
2019-06-20 10:30:00,27.043201
2019-06-21 10:30:00,29.214
2019-06-22 10:30:00,25.8768
2019-06-23 10:30:00,27.669601
2019-06-24 10:30:00,26.0604
2019-06-25 10:30:00,10.0872
2019-06-26 10:30:00,7.7436004
2019-06-27 10:30:00,16.5672
2019-06-28 10:30:00,9.8064
2019-06-29 10:30:00,12.0528
2019-06-30 10:30:00,16.1784
2019-07-01 10:30:00,27.8964
2019-07-02 10:30:00,17.982
2019-07-03 10:30:00,25.9416
2019-07-04 10:30:00,28.08
2019-07-05 10:30:00,9.6768
2019-07-06 10:30:00,7.1604004
2019-07-07 10:30:00,25.6392
2019-07-08 10:30:00,28.4904
2019-07-09 10:30:00,26.3304
2019-07-10 10:30:00,23.76
2019-07-11 10:30:00,22.0104
2019-07-12 10:30:00,24.7968
2019-07-13 10:30:00,20.649601
2019-07-14 10:30:00,27.183601
2019-07-15 10:30:00,26.276402
2019-07-16 10:30:00,11.2212
2019-07-17 10:30:00,23.533201
2019-07-18 10:30:00,27.9396
2019-07-19 10:30:00,21.924
2019-07-20 10:30:00,15.228001
2019-07-21 10:30:00,23.6196
2019-07-22 10:30:00,26.7948
2019-07-23 10:30:00,4.6764
2019-07-24 10:30:00,20.3904
2019-07-25 10:30:00,18.176401
2019-07-26 10:30:00,26.9244
2019-07-27 10:30:00,6.642
2019-07-28 10:30:00,22.8096
2019-07-29 10:30:00,13.7376
2019-07-30 10:30:00,23.220001
2019-07-31 10:30:00,26.319601
2019-08-01 10:30:00,24.9372
2019-08-02 10:30:00,21.7836
2019-08-03 10:30:00,14.7960005
2019-08-04 10:30:00,23.3496
2019-08-05 10:30:00,11.6316
2019-08-06 10:30:00,6.0480003
2019-08-07 10:30:00,12.0312
2019-08-08 10:30:00,9.9144
2019-08-09 10:30:00,14.5368
2019-08-10 10:30:00,4.2336
2019-08-11 10:30:00,5.7888002
2019-08-12 10:30:00,15.346801
2019-08-13 10:30:00,13.824
2019-08-14 10:30:00,17.3016
2019-08-15 10:30:00,24.408
2019-08-16 10:30:00,13.554
2019-08-17 10:30:00,16.783201
2019-08-18 10:30:00,18.0576
2019-08-19 10:30:00,25.412401
2019-08-20 10:30:00,2.7864
2019-08-21 10:30:00,19.0296
2019-08-22 10:30:00,13.003201
2019-08-23 10:30:00,8.1756
2019-08-24 10:30:00,22.2048
2019-08-25 10:30:00,18.1116
2019-08-26 10:30:00,4.806
2019-08-27 10:30:00,22.528801
2019-08-28 10:30:00,15.8652
2019-08-29 10:30:00,13.284
2019-08-30 10:30:00,23.2092
2019-08-31 10:30:00,22.5396
2019-09-01 10:30:00,22.1508
2019-09-02 10:30:00,20.8332
2019-09-03 10:30:00,21.5784
2019-09-04 10:30:00,20.5632
2019-09-05 10:30:00,21.1896
2019-09-06 10:30:00,20.3796
2019-09-07 10:30:00,14.3532
2019-09-08 10:30:00,20.9088
2019-09-09 10:30:00,20.3796
2019-09-10 10:30:00,21.2112
2019-09-11 10:30:00,21.8052
2019-09-12 10:30:00,17.4744
2019-09-13 10:30:00,13.316401
2019-09-14 10:30:00,21.0816
2019-09-15 10:30:00,17.269201
2019-09-16 10:30:00,21.1788
2019-09-17 10:30:00,9.558001
2019-09-18 10:30:00,20.7036
2019-09-19 10:30:00,17.064001
2019-09-20 10:30:00,15.4764
2019-09-21 10:30:00,19.5372
2019-09-22 10:30:00,19.5912
2019-09-23 10:30:00,19.1376
2019-09-24 10:30:00,18.306
2019-09-25 10:30:00,14.7960005
2019-09-26 10:30:00,17.6472
2019-09-27 10:30:00,17.28
2019-09-28 10:30:00,15.066
2019-09-29 10:30:00,16.2216
2019-09-30 10:30:00,11.955601
2019-10-01 10:30:00,14.428801
2019-10-02 10:30:00,11.0808
2019-10-03 10:30:00,7.8624
2019-10-04 10:30:00,16.6968
2019-10-05 10:30:00,17.1072
2019-10-06 10:30:00,16.0812
2019-10-07 10:30:00,4.9032
2019-10-08 10:30:00,14.007601
2019-10-09 10:30:00,15.714001
2019-10-10 10:30:00,15.336
2019-10-11 10:30:00,15.1308
2019-10-12 10:30:00,15.346801
2019-10-13 10:30:00,15.7572
2019-10-14 10:30:00,15.800401
2019-10-15 10:30:00,7.5384
2019-10-16 10:30:00,13.316401
2019-10-17 10:30:00,13.975201
2019-10-18 10:30:00,10.4328
2019-10-19 10:30:00,10.216801
2019-10-20 10:30:00,11.923201
2019-10-21 10:30:00,13.975201
2019-10-22 10:30:00,12.366
2019-10-23 10:30:00,9.288
2019-10-24 10:30:00,3.2076
2019-10-25 10:30:00,5.6052003
2019-10-26 10:30:00,7.938
2019-10-27 10:30:00,5.0976
2019-10-28 10:30:00,5.7996
2019-10-29 10:30:00,12.668401
2019-10-30 10:30:00,11.1348
2019-10-31 10:30:00,13.0572
2019-11-01 10:30:00,11.9448
2019-11-02 10:30:00,11.523601
2019-11-03 10:30:00,12.4848
2019-11-04 10:30:00,10.756801
2019-11-05 10:30:00,12.3984
2019-11-06 10:30:00,7.4736004
2019-11-07 10:30:00,11.2752
2019-11-08 10:30:00,10.5732
2019-11-09 10:30:00,7.3548
2019-11-10 10:30:00,6.2316003
2019-11-11 10:30:00,10.692
2019-11-12 10:30:00,3.4776
2019-11-13 10:30:00,3.7476
2019-11-14 10:30:00,5.616
2019-11-15 10:30:00,8.5104
2019-11-16 10:30:00,5.2164
2019-11-17 10:30:00,1.5768
2019-11-18 10:30:00,6.1452003
2019-11-19 10:30:00,8.5752
2019-11-20 10:30:00,8.262
2019-11-21 10:30:00,6.7392
2019-11-22 10:30:00,4.8384
2019-11-23 10:30:00,8.7156
2019-11-24 10:30:00,11.0268
2019-11-25 10:30:00,10.2816
2019-11-26 10:30:00,8.3808
2019-11-27 10:30:00,10.5948
2019-11-28 10:30:00,10.098001
2019-11-29 10:30:00,8.7588005
2019-11-30 10:30:00,2.7648
2019-12-01 10:30:00,4.6224003
2019-12-02 10:30:00,6.7392
2019-12-03 10:30:00,7.1280003
2019-12-04 10:30:00,7.4628
2019-12-05 10:30:00,6.7932
2019-12-06 10:30:00,5.8320003
2019-12-07 10:30:00,3.8016
2019-12-08 10:30:00,6.5016003
2019-12-09 10:30:00,6.1668
2019-12-10 10:30:00,4.7088003
2019-12-11 10:30:00,5.7132
2019-12-12 10:30:00,6.8148003
2019-12-13 10:30:00,5.9076
2019-12-14 10:30:00,6.4476004
2019-12-15 10:30:00,4.4496
2019-12-16 10:30:00,2.1924
2019-12-17 10:30:00,4.968
2019-12-18 10:30:00,3.2076
2019-12-19 10:30:00,5.13
2019-12-20 10:30:00,2.7108002
2019-12-21 10:30:00,5.3352003
2019-12-22 10:30:00,5.9724
2019-12-23 10:30:00,6.9228
2019-12-24 10:30:00,3.9528
2019-12-25 10:30:00,5.1516004
2019-12-26 10:30:00,5.076
2019-12-27 10:30:00,6.2964
2019-12-28 10:30:00,3.3696
2019-12-29 10:30:00,3.1212
2019-12-30 10:30:00,4.806
2019-12-31 10:30:00,4.7520003
2020-01-01 10:30:00,7.0524
2020-01-02 10:30:00,7.4412003
2020-01-03 10:30:00,7.9272003
2020-01-04 10:30:00,7.8300004
2020-01-05 10:30:00,5.8536
2020-01-06 10:30:00,3.5316
2020-01-07 10:30:00,8.3268
2020-01-08 10:30:00,6.9984
2020-01-09 10:30:00,6.4368
2020-01-10 10:30:00,7.2468004
2020-01-11 10:30:00,7.8840003
2020-01-12 10:30:00,7.6032
2020-01-13 10:30:00,9.126
2020-01-14 10:30:00,7.4844003
2020-01-15 10:30:00,7.7544003
2020-01-16 10:30:00,9.18
2020-01-17 10:30:00,8.0352
2020-01-18 10:30:00,5.9832
2020-01-19 10:30:00,8.1972
2020-01-20 10:30:00,7.6464
2020-01-21 10:30:00,8.1864
2020-01-22 10:30:00,7.9596
2020-01-23 10:30:00,7.3656
2020-01-24 10:30:00,9.331201
2020-01-25 10:30:00,10.4544
2020-01-26 10:30:00,9.5796
2020-01-27 10:30:00,7.776
2020-01-28 10:30:00,7.1496
2020-01-29 10:30:00,9.8064
2020-01-30 10:30:00,9.5472
2020-01-31 10:30:00,7.9272003
2020-02-01 10:30:00,9.9792
2020-02-02 10:30:00,9.903601
2020-02-03 10:30:00,8.9532
2020-02-04 10:30:00,11.1672
2020-02-05 10:30:00,10.216801
2020-02-06 10:30:00,10.152
2020-02-07 10:30:00,10.411201
2020-02-08 10:30:00,10.6056
2020-02-09 10:30:00,10.0548
2020-02-10 10:30:00,9.504001
2020-02-11 10:30:00,8.0568
2020-02-12 10:30:00,11.6316
2020-02-13 10:30:00,3.2616
2020-02-14 10:30:00,10.0764
2020-02-15 10:30:00,10.8864
2020-02-16 10:30:00,13.8996
2020-02-17 10:30:00,13.3704
2020-02-18 10:30:00,13.824
2020-02-19 10:30:00,14.342401
2020-02-20 10:30:00,11.4804
2020-02-21 10:30:00,9.3744
2020-02-22 10:30:00,12.366
2020-02-23 10:30:00,10.9728
2020-02-24 10:30:00,14.0508
2020-02-25 10:30:00,14.8824005
2020-02-26 10:30:00,14.4828005
2020-02-27 10:30:00,14.5584
2020-02-28 10:30:00,12.3876
2020-02-29 10:30:00,11.9772005
2020-03-01 10:30:00,9.0288
2020-03-02 10:30:00,14.3964
2020-03-03 10:30:00,6.5988
2020-03-04 10:30:00,15.228001
2020-03-05 10:30:00,17.7876
2020-03-06 10:30:00,9.6768
2020-03-07 10:30:00,17.096401
2020-03-08 10:30:00,10.0656
2020-03-09 10:30:00,16.4916
2020-03-10 10:30:00,11.6640005
2020-03-11 10:30:00,16.718401
2020-03-12 10:30:00,19.666801
2020-03-13 10:30:00,8.8236
2020-03-14 10:30:00,17.8092
2020-03-15 10:30:00,20.1744
2020-03-16 10:30:00,13.7592
2020-03-17 10:30:00,17.9604
2020-03-18 10:30:00,17.8848
2020-03-19 10:30:00,18.2196
2020-03-20 10:30:00,17.128801
2020-03-21 10:30:00,16.5888
2020-03-22 10:30:00,11.6208
2020-03-23 10:30:00,19.8504
2020-03-24 10:30:00,16.7076
2020-03-25 10:30:00,13.9536
2020-03-26 10:30:00,20.368801
2020-03-27 10:30:00,20.714401
2020-03-28 10:30:00,23.0256
2020-03-29 10:30:00,21.027601
2020-03-30 10:30:00,14.688001
2020-03-31 10:30:00,21.0168
2020-04-01 10:30:00,22.896
2020-04-02 10:30:00,23.112001
2020-04-03 10:30:00,15.1956005
2020-04-04 10:30:00,25.002
2020-04-05 10:30:00,23.2632
2020-04-06 10:30:00,12.0204
2020-04-07 10:30:00,22.464
2020-04-08 10:30:00,15.973201
2020-04-09 10:30:00,22.68
2020-04-10 10:30:00,23.4792
2020-04-11 10:30:00,23.954401
2020-04-12 10:30:00,22.7556
2020-04-13 10:30:00,23.468401
2020-04-14 10:30:00,19.7316
2020-04-15 10:30:00,18.7812
2020-04-16 10:30:00,7.506
2020-04-17 10:30:00,16.956001
2020-04-18 10:30:00,23.1012
2020-04-19 10:30:00,4.1256003
2020-04-20 10:30:00,5.8320003
2020-04-21 10:30:00,4.1148
2020-04-22 10:30:00,19.6452
2020-04-23 10:30:00,26.0496
2020-04-24 10:30:00,8.1972
2020-04-25 10:30:00,22.9608
2020-04-26 10:30:00,14.31
2020-04-27 10:30:00,25.6716
2020-04-28 10:30:00,19.872
2020-04-29 10:30:00,21.859201
2020-04-30 10:30:00,23.1768
2020-05-01 10:30:00,27.108
2020-05-02 10:30:00,13.8672
2020-05-03 10:30:00,5.7024
2020-05-04 10:30:00,23.166
2020-05-05 10:30:00,30.250801
2020-05-06 10:30:00,27.7884
2020-05-07 10:30:00,10.692
2020-05-08 10:30:00,26.5356
2020-05-09 10:30:00,22.8528
2020-05-10 10:30:00,24.5916
2020-05-11 10:30:00,11.642401
2020-05-12 10:30:00,18.176401
2020-05-13 10:30:00,28.1124
2020-05-14 10:30:00,25.9848
2020-05-15 10:30:00,25.218
2020-05-16 10:30:00,24.224401
2020-05-17 10:30:00,2.97
2020-05-18 10:30:00,33.4584
2020-05-19 10:30:00,24.2892
2020-05-20 10:30:00,23.457602
2020-05-21 10:30:00,20.4768
2020-05-22 10:30:00,5.7780004
2020-05-23 10:30:00,12.2904005
2020-05-24 10:30:00,27.572401
2020-05-25 10:30:00,15.2712
2020-05-26 10:30:00,18.6516
2020-05-27 10:30:00,29.7108
2020-05-28 10:30:00,30.1212
2020-05-29 10:30:00,27.4212
2020-05-30 10:30:00,21.4272
2020-05-31 10:30:00,7.4088
2020-06-01 10:30:00,29.300402
2020-06-02 10:30:00,27.9936
2020-06-03 10:30:00,26.2872
2020-06-04 10:30:00,19.4832
2020-06-05 10:30:00,29.127602
2020-06-06 10:30:00,21.762001
2020-06-07 10:30:00,26.1252
2020-06-08 10:30:00,22.345201
2020-06-09 10:30:00,23.4792
2020-06-10 10:30:00,4.3524003
2020-06-11 10:30:00,22.2048
2020-06-12 10:30:00,21.168001
2020-06-13 10:30:00,8.391601
2020-06-14 10:30:00,28.404001
2020-06-15 10:30:00,28.134
2020-06-16 10:30:00,30.704401
2020-06-17 10:30:00,30.0996
2020-06-18 10:30:00,29.268002
2020-06-19 10:30:00,21.513601
2020-06-20 10:30:00,22.2696
2020-06-21 10:30:00,13.1976
2020-06-22 10:30:00,7.0092
2020-06-23 10:30:00,14.7312
2020-06-24 10:30:00,3.9744
2020-06-25 10:30:00,15.39
2020-06-26 10:30:00,20.6172
2020-06-27 10:30:00,27.9936
2020-06-28 10:30:00,25.6068
2020-06-29 10:30:00,17.9928
2020-06-30 10:30:00,18.068401
2020-07-01 10:30:00,24.613201
2020-07-02 10:30:00,25.444801
2020-07-03 10:30:00,24.5916
2020-07-04 10:30:00,11.5452
2020-07-05 10:30:00,24.267601
2020-07-06 10:30:00,7.3764
2020-07-07 10:30:00,27.9072
2020-07-08 10:30:00,28.576801
2020-07-09 10:30:00,28.9116
2020-07-10 10:30:00,27.0
2020-07-11 10:30:00,20.7792
2020-07-12 10:30:00,23.9652
2020-07-13 10:30:00,24.3756
2020-07-14 10:30:00,21.7728
2020-07-15 10:30:00,28.825201
2020-07-16 10:30:00,27.4428
2020-07-17 10:30:00,21.87
2020-07-18 10:30:00,15.454801
2020-07-19 10:30:00,18.792
2020-07-20 10:30:00,29.7
2020-07-21 10:30:00,28.684801
2020-07-22 10:30:00,22.3776
2020-07-23 10:30:00,27.054
2020-07-24 10:30:00,26.8596
2020-07-25 10:30:00,18.5004
2020-07-26 10:30:00,27.745201
2020-07-27 10:30:00,23.4144
2020-07-28 10:30:00,22.1832
2020-07-29 10:30:00,0.2592
2020-07-30 10:30:00,25.9524
2020-07-31 10:30:00,14.720401
2020-08-01 10:30:00,25.6068
2020-08-02 10:30:00,6.8256
2020-08-03 10:30:00,17.895601
2020-08-04 10:30:00,22.0212
2020-08-05 10:30:00,24.580801
2020-08-06 10:30:00,14.6124
2020-08-07 10:30:00,15.282001
2020-08-08 10:30:00,4.9032
2020-08-09 10:30:00,18.770401
2020-08-10 10:30:00,23.922
2020-08-11 10:30:00,18.835201
2020-08-12 10:30:00,23.673601
2020-08-13 10:30:00,0.3132
2020-08-14 10:30:00,14.418
2020-08-15 10:30:00,24.645601
2020-08-16 10:30:00,23.079601
2020-08-17 10:30:00,18.1116
2020-08-18 10:30:00,14.493601
2020-08-19 10:30:00,19.2132
2020-08-20 10:30:00,26.2656
2020-08-21 10:30:00,25.509602
2020-08-22 10:30:00,17.582401
2020-08-23 10:30:00,12.636001
2020-08-24 10:30:00,12.009601
2020-08-25 10:30:00,22.3668
2020-08-26 10:30:00,18.9324
2020-08-27 10:30:00,8.7264
2020-08-28 10:30:00,4.7844
2020-08-29 10:30:00,12.042001
2020-08-30 10:30:00,13.824
2020-08-31 10:30:00,14.1264
2020-09-01 10:30:00,21.7836
2020-09-02 10:30:00,19.9368
2020-09-03 10:30:00,8.078401
2020-09-04 10:30:00,6.5880003
2020-09-05 10:30:00,15.400801
2020-09-06 10:30:00,21.340801
2020-09-07 10:30:00,15.627601
2020-09-08 10:30:00,5.9184003
2020-09-09 10:30:00,3.5640001
2020-09-10 10:30:00,15.066
2020-09-11 10:30:00,18.09
2020-09-12 10:30:00,19.7532
2020-09-13 10:30:00,16.4268
2020-09-14 10:30:00,5.8320003
2020-09-15 10:30:00,10.2492
2020-09-16 10:30:00,9.9468
2020-09-17 10:30:00,12.42
2020-09-18 10:30:00,7.938
2020-09-19 10:30:00,10.5732
2020-09-20 10:30:00,8.586
2020-09-21 10:30:00,9.7956
2020-09-22 10:30:00,10.746
2020-09-23 10:30:00,17.6256
2020-09-24 10:30:00,14.1912
2020-09-25 10:30:00,11.1024
2020-09-26 10:30:00,16.146
2020-09-27 10:30:00,10.270801
2020-09-28 10:30:00,7.7868004
2020-09-29 10:30:00,17.334
2020-09-30 10:30:00,14.7096
2020-10-01 10:30:00,2.7756
2020-10-02 10:30:00,5.5296
2020-10-03 10:30:00,17.9172
2020-10-04 10:30:00,6.5340004
2020-10-05 10:30:00,14.0832
2020-10-06 10:30:00,12.2472
2020-10-07 10:30:00,15.2712
2020-10-08 10:30:00,13.316401
2020-10-09 10:30:00,11.242801
2020-10-10 10:30:00,15.2928
2020-10-11 10:30:00,13.824
2020-10-12 10:30:00,15.336
2020-10-13 10:30:00,13.381201
2020-10-14 10:30:00,15.606
2020-10-15 10:30:00,15.8976
2020-10-16 10:30:00,14.2560005
2020-10-17 10:30:00,9.9468
2020-10-18 10:30:00,13.7592
2020-10-19 10:30:00,13.5648
2020-10-20 10:30:00,9.4932
2020-10-21 10:30:00,12.366
2020-10-22 10:30:00,14.85
2020-10-23 10:30:00,13.834801
2020-10-24 10:30:00,13.1112
2020-10-25 10:30:00,12.549601
2020-10-26 10:30:00,9.0288
2020-10-27 10:30:00,12.1068
2020-10-28 10:30:00,13.2408
2020-10-29 10:30:00,11.7072
2020-10-30 10:30:00,9.6012
2020-10-31 10:30:00,7.7868004
2020-11-01 10:30:00,11.0592
2020-11-02 10:30:00,10.3464
2020-11-03 10:30:00,11.9664
2020-11-04 10:30:00,10.5192
2020-11-05 10:30:00,9.8928
2020-11-06 10:30:00,9.7092
2020-11-07 10:30:00,3.0672002
2020-11-08 10:30:00,11.5344
2020-11-09 10:30:00,10.1196
2020-11-10 10:30:00,8.9964
2020-11-11 10:30:00,8.5968
2020-11-12 10:30:00,9.417601
2020-11-13 10:30:00,10.0764
2020-11-14 10:30:00,8.6616
2020-11-15 10:30:00,7.6140003
2020-11-16 10:30:00,7.6032
2020-11-17 10:30:00,1.1664001
2020-11-18 10:30:00,3.186
2020-11-19 10:30:00,4.5144
2020-11-20 10:30:00,9.018001
2020-11-21 10:30:00,3.6504002
2020-11-22 10:30:00,9.6012
2020-11-23 10:30:00,9.5796
2020-11-24 10:30:00,7.992
2020-11-25 10:30:00,5.2704
2020-11-26 10:30:00,8.704801
2020-11-27 10:30:00,8.2296
2020-11-28 10:30:00,9.342
2020-11-29 10:30:00,8.4672
2020-11-30 10:30:00,8.618401
2020-12-01 10:30:00,8.4672
2020-12-02 10:30:00,7.8516
2020-12-03 10:30:00,7.4736004
2020-12-04 10:30:00,7.29
2020-12-05 10:30:00,7.9488
2020-12-06 10:30:00,7.3440003
2020-12-07 10:30:00,6.8040004
2020-12-08 10:30:00,8.218801
2020-12-09 10:30:00,7.1280003
2020-12-10 10:30:00,5.5728
2020-12-11 10:30:00,7.6140003
2020-12-12 10:30:00,7.7112
2020-12-13 10:30:00,7.5168004
2020-12-14 10:30:00,7.4844003
2020-12-15 10:30:00,7.6032
2020-12-16 10:30:00,7.9488
2020-12-17 10:30:00,6.7716002
2020-12-18 10:30:00,7.3440003
2020-12-19 10:30:00,8.164801
2020-12-20 10:30:00,7.2468004
2020-12-21 10:30:00,7.5492
2020-12-22 10:30:00,6.696
2020-12-23 10:30:00,3.5208
2020-12-24 10:30:00,5.0220003
2020-12-25 10:30:00,7.3764
2020-12-26 10:30:00,6.0156
2020-12-27 10:30:00,5.8536
2020-12-28 10:30:00,5.6916003
2020-12-29 10:30:00,7.1064
2020-12-30 10:30:00,7.5276003
2020-12-31 10:30:00,7.7976003
2021-01-01 10:30:00,8.6076
2021-01-02 10:30:00,7.7652
2021-01-03 10:30:00,7.8624
2021-01-04 10:30:00,8.9532
2021-01-05 10:30:00,8.1324005
2021-01-06 10:30:00,4.0284
2021-01-07 10:30:00,7.7436004
2021-01-08 10:30:00,8.9532
2021-01-09 10:30:00,6.5772
2021-01-10 10:30:00,9.0396
2021-01-11 10:30:00,9.2016
2021-01-12 10:30:00,2.322
2021-01-13 10:30:00,6.9228
2021-01-14 10:30:00,7.3872004
2021-01-15 10:30:00,5.3568
2021-01-16 10:30:00,7.6896
2021-01-17 10:30:00,8.8236
2021-01-18 10:30:00,8.6616
2021-01-19 10:30:00,8.931601
2021-01-20 10:30:00,5.8320003
2021-01-21 10:30:00,6.9552
2021-01-22 10:30:00,7.9812
2021-01-23 10:30:00,7.2468004
2021-01-24 10:30:00,8.9748
2021-01-25 10:30:00,3.0456002
2021-01-26 10:30:00,10.6380005
2021-01-27 10:30:00,9.4932
2021-01-28 10:30:00,9.6336
2021-01-29 10:30:00,9.6012
2021-01-30 10:30:00,11.5992
2021-01-31 10:30:00,6.8580003
2021-02-01 10:30:00,4.9248
2021-02-02 10:30:00,5.1084003
2021-02-03 10:30:00,5.4108
2021-02-04 10:30:00,6.3504
2021-02-05 10:30:00,6.5016003
2021-02-06 10:30:00,8.91
2021-02-07 10:30:00,9.3096
2021-02-08 10:30:00,10.270801
2021-02-09 10:30:00,10.8
2021-02-10 10:30:00,9.0936
2021-02-11 10:30:00,5.7132
2021-02-12 10:30:00,13.176001
2021-02-13 10:30:00,8.8668
2021-02-14 10:30:00,13.2732
2021-02-15 10:30:00,13.77
2021-02-16 10:30:00,14.515201
2021-02-17 10:30:00,11.782801
2021-02-18 10:30:00,8.7264
2021-02-19 10:30:00,11.718
2021-02-20 10:30:00,10.983601
2021-02-21 10:30:00,4.9248
2021-02-22 10:30:00,10.2492
2021-02-23 10:30:00,10.357201
2021-02-24 10:30:00,7.0740004
2021-02-25 10:30:00,12.8736
2021-02-26 10:30:00,11.5884
2021-02-27 10:30:00,10.130401
2021-02-28 10:30:00,13.6728
2021-03-01 10:30:00,19.6884
2021-03-02 10:30:00,14.85
2021-03-03 10:30:00,10.5948
2021-03-04 10:30:00,16.502401
2021-03-05 10:30:00,17.7012
2021-03-06 10:30:00,18.176401
2021-03-07 10:30:00,15.768001
2021-03-08 10:30:00,11.9772005
2021-03-09 10:30:00,17.0856
2021-03-10 10:30:00,9.3744
2021-03-11 10:30:00,16.3836
2021-03-12 10:30:00,16.156801
2021-03-13 10:30:00,16.9452
2021-03-14 10:30:00,15.573601
2021-03-15 10:30:00,9.6984005
2021-03-16 10:30:00,20.0664
2021-03-17 10:30:00,18.9216
2021-03-18 10:30:00,19.0404
2021-03-19 10:30:00,11.5884
2021-03-20 10:30:00,6.372
2021-03-21 10:30:00,17.5932
2021-03-22 10:30:00,17.28
2021-03-23 10:30:00,15.0444
2021-03-24 10:30:00,17.6688
2021-03-25 10:30:00,17.4204
2021-03-26 10:30:00,9.8388
2021-03-27 10:30:00,18.5868
2021-03-28 10:30:00,15.6708
2021-03-29 10:30:00,19.17
2021-03-30 10:30:00,20.336401
2021-03-31 10:30:00,19.4508
2021-04-01 10:30:00,17.1612
2021-04-02 10:30:00,11.34
2021-04-03 10:30:00,22.971601
2021-04-04 10:30:00,22.7232
2021-04-05 10:30:00,22.939201
2021-04-06 10:30:00,24.4836
2021-04-07 10:30:00,24.5592
2021-04-08 10:30:00,21.9564
2021-04-09 10:30:00,21.621601
2021-04-10 10:30:00,19.321201
2021-04-11 10:30:00,9.342
2021-04-12 10:30:00,8.564401
2021-04-13 10:30:00,24.5268
2021-04-14 10:30:00,25.488
2021-04-15 10:30:00,12.4308
2021-04-16 10:30:00,12.1176
2021-04-17 10:30:00,18.975601
2021-04-18 10:30:00,25.412401
2021-04-19 10:30:00,27.086401
2021-04-20 10:30:00,25.812
2021-04-21 10:30:00,20.714401
2021-04-22 10:30:00,17.3016
2021-04-23 10:30:00,12.6468
2021-04-24 10:30:00,21.7512
2021-04-25 10:30:00,25.9524
2021-04-26 10:30:00,18.954
2021-04-27 10:30:00,24.7968
2021-04-28 10:30:00,24.6888
2021-04-29 10:30:00,20.2068
2021-04-30 10:30:00,20.79
2021-05-01 10:30:00,26.622
2021-05-02 10:30:00,21.5568
2021-05-03 10:30:00,12.895201
2021-05-04 10:30:00,21.060001
2021-05-05 10:30:00,26.19
2021-05-06 10:30:00,12.528
2021-05-07 10:30:00,17.5068
2021-05-08 10:30:00,16.3404
2021-05-09 10:30:00,20.9088
2021-05-10 10:30:00,29.0196
2021-05-11 10:30:00,13.7592
2021-05-12 10:30:00,29.214
2021-05-13 10:30:00,28.965601
2021-05-14 10:30:00,7.9488
2021-05-15 10:30:00,26.298
2021-05-16 10:30:00,29.3868
2021-05-17 10:30:00,31.0716
2021-05-18 10:30:00,28.3068
2021-05-19 10:30:00,27.864
2021-05-20 10:30:00,28.998001
2021-05-21 10:30:00,27.8964
2021-05-22 10:30:00,25.2612
2021-05-23 10:30:00,19.764
2021-05-24 10:30:00,29.451601
2021-05-25 10:30:00,16.6968
2021-05-26 10:30:00,28.5336
2021-05-27 10:30:00,24.7752
2021-05-28 10:30:00,25.3152
2021-05-29 10:30:00,30.002401
2021-05-30 10:30:00,18.684
2021-05-31 10:30:00,18.1332
2021-06-01 10:30:00,27.972
2021-06-02 10:30:00,8.9532
2021-06-03 10:30:00,14.094001
2021-06-04 10:30:00,23.058
2021-06-05 10:30:00,21.9564
2021-06-06 10:30:00,19.0944
2021-06-07 10:30:00,30.034801
2021-06-08 10:30:00,23.2632
2021-06-09 10:30:00,17.269201
2021-06-10 10:30:00,27.043201
2021-06-11 10:30:00,30.283201
2021-06-12 10:30:00,22.95
2021-06-13 10:30:00,26.730001
2021-06-14 10:30:00,2.9484
2021-06-15 10:30:00,17.9496
2021-06-16 10:30:00,14.860801
2021-06-17 10:30:00,30.6396
2021-06-18 10:30:00,22.572
2021-06-19 10:30:00,19.9908
2021-06-20 10:30:00,20.5308
2021-06-21 10:30:00,18.8784
2021-06-22 10:30:00,33.220802
2021-06-23 10:30:00,31.266
2021-06-24 10:30:00,30.391201
2021-06-25 10:30:00,26.2008
2021-06-26 10:30:00,20.4984
2021-06-27 10:30:00,11.9124
2021-06-28 10:30:00,21.3516
2021-06-29 10:30:00,29.4732
2021-06-30 10:30:00,16.3944
2021-07-01 10:30:00,19.3536
2021-07-02 10:30:00,16.405201
2021-07-03 10:30:00,12.2904005
2021-07-04 10:30:00,12.474
2021-07-05 10:30:00,23.7924
2021-07-06 10:30:00,16.2756
2021-07-07 10:30:00,26.7084
2021-07-08 10:30:00,6.0372
2021-07-09 10:30:00,17.4528
2021-07-10 10:30:00,28.5876
2021-07-11 10:30:00,27.010801
2021-07-12 10:30:00,17.6364
2021-07-13 10:30:00,5.184
2021-07-14 10:30:00,6.2532
2021-07-15 10:30:00,7.8948
2021-07-16 10:30:00,26.805601
2021-07-17 10:30:00,23.382
2021-07-18 10:30:00,12.009601
2021-07-19 10:30:00,20.8656
2021-07-20 10:30:00,14.1696005
2021-07-21 10:30:00,26.7192
2021-07-22 10:30:00,26.3628
2021-07-23 10:30:00,23.8356
2021-07-24 10:30:00,14.0184
2021-07-25 10:30:00,15.519601
2021-07-26 10:30:00,10.184401
2021-07-27 10:30:00,11.826
2021-07-28 10:30:00,23.673601
2021-07-29 10:30:00,12.668401
2021-07-30 10:30:00,13.575601
2021-07-31 10:30:00,7.938
2021-08-01 10:30:00,20.3148
2021-08-02 10:30:00,10.5084
2021-08-03 10:30:00,4.4172
2021-08-04 10:30:00,12.3984
2021-08-05 10:30:00,25.239601
2021-08-06 10:30:00,21.924
2021-08-07 10:30:00,16.4808
2021-08-08 10:30:00,15.3792
2021-08-09 10:30:00,7.6032
2021-08-10 10:30:00,8.5212
2021-08-11 10:30:00,10.152
2021-08-12 10:30:00,19.0296
2021-08-13 10:30:00,8.262
2021-08-14 10:30:00,19.1376
2021-08-15 10:30:00,22.5396
2021-08-16 10:30:00,21.060001
2021-08-17 10:30:00,24.462
2021-08-18 10:30:00,23.5224
2021-08-19 10:30:00,11.0052
2021-08-20 10:30:00,8.6508
2021-08-21 10:30:00,20.962801
2021-08-22 10:30:00,21.8808
2021-08-23 10:30:00,11.0916
2021-08-24 10:30:00,20.8764
2021-08-25 10:30:00,17.4744
2021-08-26 10:30:00,4.9248
2021-08-27 10:30:00,16.1676
2021-08-28 10:30:00,13.6404
2021-08-29 10:30:00,22.41
2021-08-30 10:30:00,22.7448
2021-08-31 10:30:00,21.8376
2021-09-01 10:30:00,20.79
2021-09-02 10:30:00,10.4652
2021-09-03 10:30:00,9.244801
2021-09-04 10:30:00,19.3644
2021-09-05 10:30:00,13.1436
2021-09-06 10:30:00,3.8988001
2021-09-07 10:30:00,22.658401
2021-09-08 10:30:00,7.5924
2021-09-09 10:30:00,7.3224
2021-09-10 10:30:00,19.8612
2021-09-11 10:30:00,19.396801
2021-09-12 10:30:00,20.3472
2021-09-13 10:30:00,16.750801
2021-09-14 10:30:00,20.2392
2021-09-15 10:30:00,5.4432
2021-09-16 10:30:00,18.1872
2021-09-17 10:30:00,19.602001
2021-09-18 10:30:00,18.3708
2021-09-19 10:30:00,15.2172
2021-09-20 10:30:00,7.6788
2021-09-21 10:30:00,2.9592001
2021-09-22 10:30:00,12.549601
2021-09-23 10:30:00,18.8136
2021-09-24 10:30:00,13.122001
2021-09-25 10:30:00,3.8232
2021-09-26 10:30:00,4.9356003
2021-09-27 10:30:00,18.8892
2021-09-28 10:30:00,16.8048
2021-09-29 10:30:00,17.334
2021-09-30 10:30:00,16.0272
2021-10-01 10:30:00,14.5908
2021-10-02 10:30:00,16.642801
2021-10-03 10:30:00,5.7888002
2021-10-04 10:30:00,19.3104
2021-10-05 10:30:00,16.437601
2021-10-06 10:30:00,11.8584
2021-10-07 10:30:00,16.092001
2021-10-08 10:30:00,12.9924
2021-10-09 10:30:00,12.8412
2021-10-10 10:30:00,15.746401
2021-10-11 10:30:00,15.8112
2021-10-12 10:30:00,15.4764
2021-10-13 10:30:00,11.1132
2021-10-14 10:30:00,14.4396
2021-10-15 10:30:00,14.342401
2021-10-16 10:30:00,15.93
2021-10-17 10:30:00,11.6316
2021-10-18 10:30:00,7.2576003
2021-10-19 10:30:00,14.3856
2021-10-20 10:30:00,13.8564005
2021-10-21 10:30:00,13.8672
2021-10-22 10:30:00,13.035601
2021-10-23 10:30:00,13.5972
2021-10-24 10:30:00,13.035601
2021-10-25 10:30:00,11.4912
2021-10-26 10:30:00,12.2904005
2021-10-27 10:30:00,12.9384
2021-10-28 10:30:00,12.2472
2021-10-29 10:30:00,8.1972
2021-10-30 10:30:00,3.078
2021-10-31 10:30:00,7.6572003
2021-11-01 10:30:00,11.5128
2021-11-02 10:30:00,8.8884
2021-11-03 10:30:00,10.6380005
2021-11-04 10:30:00,10.26
2021-11-05 10:30:00,6.2748003
2021-11-06 10:30:00,2.2464
2021-11-07 10:30:00,4.2552
2021-11-08 10:30:00,2.1708
2021-11-09 10:30:00,5.0544
2021-11-10 10:30:00,3.7476
2021-11-11 10:30:00,11.2752
2021-11-12 10:30:00,13.262401
2021-11-13 10:30:00,11.1348
2021-11-14 10:30:00,8.2404
2021-11-15 10:30:00,12.495601
2021-11-16 10:30:00,10.9404
2021-11-17 10:30:00,9.3204
2021-11-18 10:30:00,9.1368
2021-11-19 10:30:00,10.3248005
2021-11-20 10:30:00,9.2124
2021-11-21 10:30:00,4.2228003
2021-11-22 10:30:00,10.206
2021-11-23 10:30:00,10.8756
2021-11-24 10:30:00,12.204
2021-11-25 10:30:00,11.178
2021-11-26 10:30:00,11.6856
2021-11-27 10:30:00,9.0828
2021-11-28 10:30:00,4.0068
2021-11-29 10:30:00,6.0588
2021-11-30 10:30:00,9.8388
2021-12-01 10:30:00,8.4564
2021-12-02 10:30:00,8.704801
2021-12-03 10:30:00,9.7416
2021-12-04 10:30:00,5.94
2021-12-05 10:30:00,7.7544003
2021-12-06 10:30:00,9.1152
2021-12-07 10:30:00,8.845201
2021-12-08 10:30:00,7.8732004
2021-12-09 10:30:00,3.5640001
2021-12-10 10:30:00,7.0092
2021-12-11 10:30:00,6.7608004
2021-12-12 10:30:00,9.104401
2021-12-13 10:30:00,7.7868004
2021-12-14 10:30:00,7.0956
2021-12-15 10:30:00,4.7952003
2021-12-16 10:30:00,5.6376
2021-12-17 10:30:00,7.4952
2021-12-18 10:30:00,4.6116
2021-12-19 10:30:00,6.5448003
2021-12-20 10:30:00,6.48
2021-12-21 10:30:00,7.5384
2021-12-22 10:30:00,6.9444003
2021-12-23 10:30:00,8.262
2021-12-24 10:30:00,7.5168004
2021-12-25 10:30:00,8.078401
2021-12-26 10:30:00,7.506
2021-12-27 10:30:00,7.9596
2021-12-28 10:30:00,6.2964
2021-12-29 10:30:00,7.7976003
2021-12-30 10:30:00,8.391601
2021-12-31 10:30:00,8.0136
2022-01-01 10:30:00,4.8708
2022-01-02 10:30:00,8.1972
2022-01-03 10:30:00,8.0892
2022-01-04 10:30:00,9.0072
2022-01-05 10:30:00,8.1108
2022-01-06 10:30:00,8.4348
2022-01-07 10:30:00,7.9488
2022-01-08 10:30:00,7.8840003
2022-01-09 10:30:00,8.4564
2022-01-10 10:30:00,8.262
2022-01-11 10:30:00,8.9856
2022-01-12 10:30:00,9.5256
2022-01-13 10:30:00,10.0872
2022-01-14 10:30:00,8.316
2022-01-15 10:30:00,9.5256
2022-01-16 10:30:00,9.5364
2022-01-17 10:30:00,9.957601
2022-01-18 10:30:00,10.0224
2022-01-19 10:30:00,10.314
2022-01-20 10:30:00,10.7352
2022-01-21 10:30:00,9.784801
2022-01-22 10:30:00,8.0244
2022-01-23 10:30:00,9.2556
2022-01-24 10:30:00,6.5448003
2022-01-25 10:30:00,8.564401
2022-01-26 10:30:00,10.9944
2022-01-27 10:30:00,11.2644005
2022-01-28 10:30:00,11.5668
2022-01-29 10:30:00,12.042001
2022-01-30 10:30:00,11.642401
2022-01-31 10:30:00,12.0852
2022-02-01 10:30:00,11.3076
2022-02-02 10:30:00,10.1736
2022-02-03 10:30:00,11.6208
2022-02-04 10:30:00,11.6748
2022-02-05 10:30:00,10.422
2022-02-06 10:30:00,11.6532
2022-02-07 10:30:00,12.042001
2022-02-08 10:30:00,12.1068
2022-02-09 10:30:00,11.070001
2022-02-10 10:30:00,8.586
2022-02-11 10:30:00,10.4328
2022-02-12 10:30:00,10.854
2022-02-13 10:30:00,11.7612
2022-02-14 10:30:00,11.286
2022-02-15 10:30:00,12.754801
2022-02-16 10:30:00,12.5388
2022-02-17 10:30:00,15.9624
2022-02-18 10:30:00,8.251201
2022-02-19 10:30:00,13.402801
2022-02-20 10:30:00,14.860801
2022-02-21 10:30:00,15.886801
2022-02-22 10:30:00,16.3836
2022-02-23 10:30:00,17.550001
2022-02-24 10:30:00,16.5348
2022-02-25 10:30:00,15.0228
2022-02-26 10:30:00,16.3404
2022-02-27 10:30:00,11.1456
2022-02-28 10:30:00,12.5928
2022-03-01 10:30:00,15.487201
2022-03-02 10:30:00,13.446
2022-03-03 10:30:00,16.3404
2022-03-04 10:30:00,16.2756
2022-03-05 10:30:00,16.4808
2022-03-06 10:30:00,17.172
2022-03-07 10:30:00,15.1092005
2022-03-08 10:30:00,15.5088005
2022-03-09 10:30:00,11.2536
2022-03-10 10:30:00,16.4592
2022-03-11 10:30:00,18.943201
2022-03-12 10:30:00,4.2768
2022-03-13 10:30:00,6.5124
2022-03-14 10:30:00,12.376801
2022-03-15 10:30:00,3.7800002
2022-03-16 10:30:00,21.1032
2022-03-17 10:30:00,19.9584
2022-03-18 10:30:00,13.5108
2022-03-19 10:30:00,19.926
2022-03-20 10:30:00,18.0792
2022-03-21 10:30:00,19.6128
2022-03-22 10:30:00,19.8936
2022-03-23 10:30:00,17.5932
2022-03-24 10:30:00,10.130401
2022-03-25 10:30:00,16.2108
2022-03-26 10:30:00,15.4116
2022-03-27 10:30:00,22.2372
2022-03-28 10:30:00,15.9624
2022-03-29 10:30:00,12.852
2022-03-30 10:30:00,22.9824
2022-03-31 10:30:00,21.492
2022-04-01 10:30:00,22.3992
2022-04-02 10:30:00,22.8312
2022-04-03 10:30:00,22.3992
2022-04-04 10:30:00,20.336401
2022-04-05 10:30:00,18.9216
2022-04-06 10:30:00,21.276001
2022-04-07 10:30:00,23.8356
2022-04-08 10:30:00,15.4116
2022-04-09 10:30:00,13.8456
2022-04-10 10:30:00,12.636001
2022-04-11 10:30:00,19.1916
2022-04-12 10:30:00,23.2956
2022-04-13 10:30:00,18.316801
2022-04-14 10:30:00,13.8456
2022-04-15 10:30:00,24.2136
2022-04-16 10:30:00,18.4788
2022-04-17 10:30:00,20.9844
2022-04-18 10:30:00,23.976
2022-04-19 10:30:00,24.753601
2022-04-20 10:30:00,14.85
2022-04-21 10:30:00,3.7692
2022-04-22 10:30:00,25.3152
2022-04-23 10:30:00,17.118
2022-04-24 10:30:00,23.9436
2022-04-25 10:30:00,10.8216
2022-04-26 10:30:00,8.4456005
2022-04-27 10:30:00,25.304401
2022-04-28 10:30:00,27.874802
2022-04-29 10:30:00,6.372
2022-04-30 10:30:00,16.329601
2022-05-01 10:30:00,24.300001
2022-05-02 10:30:00,24.192001
2022-05-03 10:30:00,24.3864
2022-05-04 10:30:00,24.7212
2022-05-05 10:30:00,6.9336
2022-05-06 10:30:00,20.649601
2022-05-07 10:30:00,30.250801
2022-05-08 10:30:00,29.4192
2022-05-09 10:30:00,29.214
2022-05-10 10:30:00,22.572
2022-05-11 10:30:00,24.1488
2022-05-12 10:30:00,21.967201
2022-05-13 10:30:00,13.489201
2022-05-14 10:30:00,27.1404
2022-05-15 10:30:00,20.25
2022-05-16 10:30:00,17.8524
2022-05-17 10:30:00,21.3192
2022-05-18 10:30:00,29.138401
2022-05-19 10:30:00,24.926401
2022-05-20 10:30:00,28.0476
2022-05-21 10:30:00,29.829601
2022-05-22 10:30:00,29.4948
2022-05-23 10:30:00,28.8792
2022-05-24 10:30:00,2.6136
2022-05-25 10:30:00,14.8716
2022-05-26 10:30:00,20.628
2022-05-27 10:30:00,29.656801
2022-05-28 10:30:00,21.448801
2022-05-29 10:30:00,3.4884
2022-05-30 10:30:00,19.7856
2022-05-31 10:30:00,26.0604
2022-06-01 10:30:00,20.714401
2022-06-02 10:30:00,27.4212
2022-06-03 10:30:00,12.1932
2022-06-04 10:30:00,6.912
2022-06-05 10:30:00,5.346
2022-06-06 10:30:00,9.7416
2022-06-07 10:30:00,9.126
2022-06-08 10:30:00,25.8876
2022-06-09 10:30:00,23.4792
2022-06-10 10:30:00,28.4148
2022-06-11 10:30:00,21.87
2022-06-12 10:30:00,11.728801
2022-06-13 10:30:00,12.495601
2022-06-14 10:30:00,16.9668
2022-06-15 10:30:00,27.874802
2022-06-16 10:30:00,25.434
2022-06-17 10:30:00,28.4256
2022-06-18 10:30:00,26.3412
2022-06-19 10:30:00,29.1168
2022-06-20 10:30:00,14.1696005
2022-06-21 10:30:00,24.4836
2022-06-22 10:30:00,21.0816
2022-06-23 10:30:00,26.3736
2022-06-24 10:30:00,6.4908004
2022-06-25 10:30:00,18.09
2022-06-26 10:30:00,29.0736
2022-06-27 10:30:00,19.494001
2022-06-28 10:30:00,20.2392
2022-06-29 10:30:00,25.509602
2022-06-30 10:30:00,21.060001
2022-07-01 10:30:00,26.589602
2022-07-02 10:30:00,27.259201
2022-07-03 10:30:00,28.1016
2022-07-04 10:30:00,19.2024
2022-07-05 10:30:00,10.1736
2022-07-06 10:30:00,5.1732
2022-07-07 10:30:00,26.589602
2022-07-08 10:30:00,23.500801
2022-07-09 10:30:00,29.7108
2022-07-10 10:30:00,21.006
2022-07-11 10:30:00,24.850801
2022-07-12 10:30:00,26.2008
2022-07-13 10:30:00,16.902
2022-07-14 10:30:00,13.3272
2022-07-15 10:30:00,18.8568
2022-07-16 10:30:00,21.9888
2022-07-17 10:30:00,14.1804
2022-07-18 10:30:00,24.3864
2022-07-19 10:30:00,23.5116
2022-07-20 10:30:00,25.444801
2022-07-21 10:30:00,26.7084
2022-07-22 10:30:00,27.5508
2022-07-23 10:30:00,18.316801
2022-07-24 10:30:00,10.962
2022-07-25 10:30:00,21.2436
2022-07-26 10:30:00,13.6728
2022-07-27 10:30:00,20.0664
2022-07-28 10:30:00,7.0092
2022-07-29 10:30:00,9.396
2022-07-30 10:30:00,23.2416
2022-07-31 10:30:00,26.7408
2022-08-01 10:30:00,25.7796
2022-08-02 10:30:00,12.6576
2022-08-03 10:30:00,25.4016
2022-08-04 10:30:00,1.6308
2022-08-05 10:30:00,27.27
2022-08-06 10:30:00,27.3456
2022-08-07 10:30:00,14.2128
2022-08-08 10:30:00,25.3692
2022-08-09 10:30:00,28.2528
2022-08-10 10:30:00,27.27
2022-08-11 10:30:00,15.2712
2022-08-12 10:30:00,24.732
2022-08-13 10:30:00,26.3628
2022-08-14 10:30:00,8.7264
2022-08-15 10:30:00,10.5084
2022-08-16 10:30:00,26.298
2022-08-17 10:30:00,26.0604
2022-08-18 10:30:00,16.0704
2022-08-19 10:30:00,23.1336
2022-08-20 10:30:00,26.2548
2022-08-21 10:30:00,20.0988
2022-08-22 10:30:00,12.463201
2022-08-23 10:30:00,25.218
2022-08-24 10:30:00,14.947201
2022-08-25 10:30:00,23.457602
2022-08-26 10:30:00,16.2324
2022-08-27 10:30:00,25.3584
2022-08-28 10:30:00,15.087601
2022-08-29 10:30:00,18.8568
2022-08-30 10:30:00,20.4984
2022-08-31 10:30:00,23.1012
2022-09-01 10:30:00,23.976
2022-09-02 10:30:00,22.9824
2022-09-03 10:30:00,22.140001
2022-09-04 10:30:00,11.9664
2022-09-05 10:30:00,22.7232
2022-09-06 10:30:00,20.4984
2022-09-07 10:30:00,21.686401
2022-09-08 10:30:00,21.168001
2022-09-09 10:30:00,21.135601
2022-09-10 10:30:00,20.4444
2022-09-11 10:30:00,19.8612
2022-09-12 10:30:00,19.494001
2022-09-13 10:30:00,21.0816
2022-09-14 10:30:00,20.1312
2022-09-15 10:30:00,18.5328
2022-09-16 10:30:00,18.2628
2022-09-17 10:30:00,18.36
2022-09-18 10:30:00,20.6604
2022-09-19 10:30:00,20.682001
2022-09-20 10:30:00,20.1528
2022-09-21 10:30:00,19.656
2022-09-22 10:30:00,5.1948
2022-09-23 10:30:00,4.6224003
2022-09-24 10:30:00,19.2132
2022-09-25 10:30:00,18.684
2022-09-26 10:30:00,17.064001
2022-09-27 10:30:00,17.7012
2022-09-28 10:30:00,16.9344
2022-09-29 10:30:00,15.6168
2022-09-30 10:30:00,13.3596
2022-10-01 10:30:00,12.798
2022-10-02 10:30:00,12.549601
2022-10-03 10:30:00,7.8624
2022-10-04 10:30:00,17.7984
2022-10-05 10:30:00,14.5908
2022-10-06 10:30:00,11.6640005
2022-10-07 10:30:00,16.329601
2022-10-08 10:30:00,4.6332
2022-10-09 10:30:00,5.9508
2022-10-10 10:30:00,13.402801
2022-10-11 10:30:00,15.4224
2022-10-12 10:30:00,11.826
2022-10-13 10:30:00,15.606
2022-10-14 10:30:00,11.210401
2022-10-15 10:30:00,12.0528
2022-10-16 10:30:00,12.549601
2022-10-17 10:30:00,14.472
2022-10-18 10:30:00,14.2128
2022-10-19 10:30:00,11.8476
2022-10-20 10:30:00,6.9336
2022-10-21 10:30:00,12.6576
2022-10-22 10:30:00,12.7656
2022-10-23 10:30:00,13.6188
2022-10-24 10:30:00,12.8412
2022-10-25 10:30:00,11.1024
2022-10-26 10:30:00,11.836801
2022-10-27 10:30:00,12.636001
2022-10-28 10:30:00,12.528
2022-10-29 10:30:00,11.772
2022-10-30 10:30:00,7.9704003
2022-10-31 10:30:00,11.7936
2022-11-01 10:30:00,12.409201
2022-11-02 10:30:00,12.5604
2022-11-03 10:30:00,11.4912
2022-11-04 10:30:00,11.9448
2022-11-05 10:30:00,9.0396
2022-11-06 10:30:00,9.1368
2022-11-07 10:30:00,10.6488
2022-11-08 10:30:00,10.3356
2022-11-09 10:30:00,7.8624
2022-11-10 10:30:00,7.0740004
2022-11-11 10:30:00,4.158
2022-11-12 10:30:00,8.1
2022-11-13 10:30:00,11.394
2022-11-14 10:30:00,9.9252
2022-11-15 10:30:00,9.666
2022-11-16 10:30:00,9.288
2022-11-17 10:30:00,7.9164004
2022-11-18 10:30:00,8.0244
2022-11-19 10:30:00,6.426
2022-11-20 10:30:00,10.2384
2022-11-21 10:30:00,8.218801
2022-11-22 10:30:00,7.8732004
2022-11-23 10:30:00,6.2856
2022-11-24 10:30:00,1.3392
2022-11-25 10:30:00,1.7604
2022-11-26 10:30:00,5.886
2022-11-27 10:30:00,3.6072001
2022-11-28 10:30:00,1.8792001
2022-11-29 10:30:00,4.3416
2022-11-30 10:30:00,6.1452003
2022-12-01 10:30:00,5.6592
2022-12-02 10:30:00,6.426
2022-12-03 10:30:00,5.7888002
2022-12-04 10:30:00,6.4044003
2022-12-05 10:30:00,6.3936
2022-12-06 10:30:00,3.9744
2022-12-07 10:30:00,6.4368
2022-12-08 10:30:00,7.3656
2022-12-09 10:30:00,5.7348003
2022-12-10 10:30:00,7.1064
2022-12-11 10:30:00,6.3072
2022-12-12 10:30:00,4.3956003
2022-12-13 10:30:00,6.6852
2022-12-14 10:30:00,6.372
2022-12-15 10:30:00,5.5944
2022-12-16 10:30:00,4.6008
2022-12-17 10:30:00,7.3872004
2022-12-18 10:30:00,7.506
2022-12-19 10:30:00,7.1388
2022-12-20 10:30:00,4.7628
2022-12-21 10:30:00,4.0392003
2022-12-22 10:30:00,4.6764
2022-12-23 10:30:00,4.0284
2022-12-24 10:30:00,7.6140003
2022-12-25 10:30:00,5.5404
2022-12-26 10:30:00,5.3568
2022-12-27 10:30:00,5.0112
2022-12-28 10:30:00,5.3028
2022-12-29 10:30:00,6.0480003
2022-12-30 10:30:00,5.454
2022-12-31 10:30:00,5.5296
