time,srad
2012-01-01 10:30:00,6.3828
2012-01-02 10:30:00,5.4756002
2012-01-03 10:30:00,6.3180003
2012-01-04 10:30:00,6.4476004
2012-01-05 10:30:00,6.4908004
2012-01-06 10:30:00,6.6312003
2012-01-07 10:30:00,6.7068
2012-01-08 10:30:00,6.6852
2012-01-09 10:30:00,6.696
2012-01-10 10:30:00,3.4884
2012-01-11 10:30:00,2.5488
2012-01-12 10:30:00,6.8688
2012-01-13 10:30:00,6.9876003
2012-01-14 10:30:00,7.2036004
2012-01-15 10:30:00,6.7824
2012-01-16 10:30:00,7.2036004
2012-01-17 10:30:00,7.3224
2012-01-18 10:30:00,7.3656
2012-01-19 10:30:00,5.4108
2012-01-20 10:30:00,7.5384
2012-01-21 10:30:00,7.7328
2012-01-22 10:30:00,8.0568
2012-01-23 10:30:00,7.4196
2012-01-24 10:30:00,8.2728
2012-01-25 10:30:00,8.37
2012-01-26 10:30:00,8.5428
2012-01-27 10:30:00,8.748
2012-01-28 10:30:00,8.877601
2012-01-29 10:30:00,8.9964
2012-01-30 10:30:00,9.2016
2012-01-31 10:30:00,9.3096
2012-02-01 10:30:00,7.6788
2012-02-02 10:30:00,7.1172004
2012-02-03 10:30:00,7.29
2012-02-04 10:30:00,8.931601
2012-02-05 10:30:00,8.1108
2012-02-06 10:30:00,7.9164004
2012-02-07 10:30:00,8.845201
2012-02-08 10:30:00,4.5792003
2012-02-09 10:30:00,8.164801
2012-02-10 10:30:00,10.6380005
2012-02-11 10:30:00,10.6272
2012-02-12 10:30:00,8.154
2012-02-13 10:30:00,10.908
2012-02-14 10:30:00,6.0912004
2012-02-15 10:30:00,11.2536
2012-02-16 10:30:00,11.1348
2012-02-17 10:30:00,11.394
2012-02-18 10:30:00,11.836801
2012-02-19 10:30:00,12.582001
2012-02-20 10:30:00,12.312
2012-02-21 10:30:00,11.5992
2012-02-22 10:30:00,10.5516
2012-02-23 10:30:00,11.0268
2012-02-24 10:30:00,11.210401
2012-02-25 10:30:00,12.5172
2012-02-26 10:30:00,11.9448
2012-02-27 10:30:00,11.7072
2012-02-28 10:30:00,13.446
2012-02-29 10:30:00,13.3704
2012-03-01 10:30:00,13.284
2012-03-02 10:30:00,13.4568
2012-03-03 10:30:00,12.3876
2012-03-04 10:30:00,10.2384
2012-03-05 10:30:00,5.346
2012-03-06 10:30:00,9.7632
2012-03-07 10:30:00,9.817201
2012-03-08 10:30:00,14.4828005
2012-03-09 10:30:00,15.260401
2012-03-10 10:30:00,12.4848
2012-03-11 10:30:00,14.3856
2012-03-12 10:30:00,16.5348
2012-03-13 10:30:00,15.7356
2012-03-14 10:30:00,16.297201
2012-03-15 10:30:00,15.8220005
2012-03-16 10:30:00,16.0812
2012-03-17 10:30:00,15.141601
2012-03-18 10:30:00,17.7336
2012-03-19 10:30:00,18.306
2012-03-20 10:30:00,18.6408
2012-03-21 10:30:00,18.7272
2012-03-22 10:30:00,17.3664
2012-03-23 10:30:00,7.1928
2012-03-24 10:30:00,15.984
2012-03-25 10:30:00,18.3708
2012-03-26 10:30:00,16.632
2012-03-27 10:30:00,20.0772
2012-03-28 10:30:00,18.792
2012-03-29 10:30:00,4.8492002
2012-03-30 10:30:00,17.9172
2012-03-31 10:30:00,15.120001
2012-04-01 10:30:00,20.7036
2012-04-02 10:30:00,17.5716
2012-04-03 10:30:00,17.9604
2012-04-04 10:30:00,12.5712
2012-04-05 10:30:00,11.8584
2012-04-06 10:30:00,21.6432
2012-04-07 10:30:00,18.943201
2012-04-08 10:30:00,18.457201
2012-04-09 10:30:00,20.6928
2012-04-10 10:30:00,9.18
2012-04-11 10:30:00,22.766401
2012-04-12 10:30:00,23.544
2012-04-13 10:30:00,20.79
2012-04-14 10:30:00,14.493601
2012-04-15 10:30:00,23.2308
2012-04-16 10:30:00,23.9328
2012-04-17 10:30:00,18.522001
2012-04-18 10:30:00,18.9108
2012-04-19 10:30:00,18.2304
2012-04-20 10:30:00,19.1376
2012-04-21 10:30:00,20.8008
2012-04-22 10:30:00,21.0816
2012-04-23 10:30:00,17.3988
2012-04-24 10:30:00,4.9464
2012-04-25 10:30:00,18.2628
2012-04-26 10:30:00,24.2568
2012-04-27 10:30:00,10.670401
2012-04-28 10:30:00,24.1164
2012-04-29 10:30:00,22.734001
2012-04-30 10:30:00,21.2436
2012-05-01 10:30:00,23.49
2012-05-02 10:30:00,24.9156
2012-05-03 10:30:00,26.460001
2012-05-04 10:30:00,24.2352
2012-05-05 10:30:00,26.492401
2012-05-06 10:30:00,25.6392
2012-05-07 10:30:00,22.5396
2012-05-08 10:30:00,22.248001
2012-05-09 10:30:00,20.304
2012-05-10 10:30:00,24.7644
2012-05-11 10:30:00,18.3276
2012-05-12 10:30:00,4.8816
2012-05-13 10:30:00,12.798
2012-05-14 10:30:00,15.3036
2012-05-15 10:30:00,25.477201
2012-05-16 10:30:00,7.3116
2012-05-17 10:30:00,27.464401
2012-05-18 10:30:00,26.5788
2012-05-19 10:30:00,29.106
2012-05-20 10:30:00,31.050001
2012-05-21 10:30:00,24.9156
2012-05-22 10:30:00,14.7960005
2012-05-23 10:30:00,29.030401
2012-05-24 10:30:00,24.84
2012-05-25 10:30:00,24.6348
2012-05-26 10:30:00,29.5596
2012-05-27 10:30:00,27.7668
2012-05-28 10:30:00,27.6156
2012-05-29 10:30:00,19.6776
2012-05-30 10:30:00,13.575601
2012-05-31 10:30:00,25.023602
2012-06-01 10:30:00,22.4964
2012-06-02 10:30:00,13.1976
2012-06-03 10:30:00,21.708
2012-06-04 10:30:00,8.0136
2012-06-05 10:30:00,25.650002
2012-06-06 10:30:00,19.3752
2012-06-07 10:30:00,25.2612
2012-06-08 10:30:00,22.41
2012-06-09 10:30:00,19.116001
2012-06-10 10:30:00,21.8052
2012-06-11 10:30:00,21.027601
2012-06-12 10:30:00,6.9552
2012-06-13 10:30:00,12.852
2012-06-14 10:30:00,11.6208
2012-06-15 10:30:00,4.7844
2012-06-16 10:30:00,15.93
2012-06-17 10:30:00,7.4844003
2012-06-18 10:30:00,28.1016
2012-06-19 10:30:00,25.790401
2012-06-20 10:30:00,27.6156
2012-06-21 10:30:00,21.2544
2012-06-22 10:30:00,23.3064
2012-06-23 10:30:00,23.079601
2012-06-24 10:30:00,9.6228
2012-06-25 10:30:00,16.9992
2012-06-26 10:30:00,21.3948
2012-06-27 10:30:00,12.2904005
2012-06-28 10:30:00,15.4764
2012-06-29 10:30:00,13.554
2012-06-30 10:30:00,28.8684
2012-07-01 10:30:00,5.1408
2012-07-02 10:30:00,13.4244
2012-07-03 10:30:00,11.124001
2012-07-04 10:30:00,26.514
2012-07-05 10:30:00,27.7992
2012-07-06 10:30:00,30.618
2012-07-07 10:30:00,31.482
2012-07-08 10:30:00,20.433601
2012-07-09 10:30:00,17.5608
2012-07-10 10:30:00,22.4748
2012-07-11 10:30:00,7.938
2012-07-12 10:30:00,8.5752
2012-07-13 10:30:00,27.777601
2012-07-14 10:30:00,26.6544
2012-07-15 10:30:00,27.950401
2012-07-16 10:30:00,27.486
2012-07-17 10:30:00,29.808
2012-07-18 10:30:00,15.9516
2012-07-19 10:30:00,25.92
2012-07-20 10:30:00,24.9156
2012-07-21 10:30:00,16.502401
2012-07-22 10:30:00,4.5576
2012-07-23 10:30:00,28.0476
2012-07-24 10:30:00,26.146801
2012-07-25 10:30:00,19.0188
2012-07-26 10:30:00,17.377201
2012-07-27 10:30:00,28.987202
2012-07-28 10:30:00,6.6636
2012-07-29 10:30:00,3.3264
2012-07-30 10:30:00,8.6616
2012-07-31 10:30:00,24.5592
2012-08-01 10:30:00,20.260801
2012-08-02 10:30:00,17.82
2012-08-03 10:30:00,9.6552
2012-08-04 10:30:00,19.2132
2012-08-05 10:30:00,27.324001
2012-08-06 10:30:00,26.492401
2012-08-07 10:30:00,26.0496
2012-08-08 10:30:00,15.433201
2012-08-09 10:30:00,28.5552
2012-08-10 10:30:00,18.144001
2012-08-11 10:30:00,12.636001
2012-08-12 10:30:00,25.164001
2012-08-13 10:30:00,25.4016
2012-08-14 10:30:00,18.1332
2012-08-15 10:30:00,26.2872
2012-08-16 10:30:00,24.537601
2012-08-17 10:30:00,10.314
2012-08-18 10:30:00,24.246
2012-08-19 10:30:00,23.112001
2012-08-20 10:30:00,12.8196
2012-08-21 10:30:00,23.220001
2012-08-22 10:30:00,26.784
2012-08-23 10:30:00,24.5268
2012-08-24 10:30:00,22.6476
2012-08-25 10:30:00,20.25
2012-08-26 10:30:00,19.148401
2012-08-27 10:30:00,14.6124
2012-08-28 10:30:00,17.064001
2012-08-29 10:30:00,20.541601
2012-08-30 10:30:00,21.816
2012-08-31 10:30:00,18.792
2012-09-01 10:30:00,16.6212
2012-09-02 10:30:00,3.456
2012-09-03 10:30:00,9.2124
2012-09-04 10:30:00,4.9896
2012-09-05 10:30:00,19.8504
2012-09-06 10:30:00,20.6712
2012-09-07 10:30:00,22.3236
2012-09-08 10:30:00,16.642801
2012-09-09 10:30:00,17.582401
2012-09-10 10:30:00,14.364
2012-09-11 10:30:00,2.3544002
2012-09-12 10:30:00,3.4452002
2012-09-13 10:30:00,10.0116005
2012-09-14 10:30:00,22.312801
2012-09-15 10:30:00,18.7164
2012-09-16 10:30:00,21.4596
2012-09-17 10:30:00,18.7596
2012-09-18 10:30:00,18.36
2012-09-19 10:30:00,18.6408
2012-09-20 10:30:00,17.0316
2012-09-21 10:30:00,18.2736
2012-09-22 10:30:00,13.3056
2012-09-23 10:30:00,17.5716
2012-09-24 10:30:00,11.4156
2012-09-25 10:30:00,3.078
2012-09-26 10:30:00,19.710001
2012-09-27 10:30:00,2.7648
2012-09-28 10:30:00,5.0652003
2012-09-29 10:30:00,16.2324
2012-09-30 10:30:00,16.156801
2012-10-01 10:30:00,15.8652
2012-10-02 10:30:00,17.236801
2012-10-03 10:30:00,1.7496
2012-10-04 10:30:00,11.329201
2012-10-05 10:30:00,15.314401
2012-10-06 10:30:00,14.7960005
2012-10-07 10:30:00,15.39
2012-10-08 10:30:00,12.8736
2012-10-09 10:30:00,2.9268
2012-10-10 10:30:00,10.9512005
2012-10-11 10:30:00,13.435201
2012-10-12 10:30:00,3.9528
2012-10-13 10:30:00,10.5516
2012-10-14 10:30:00,12.4308
2012-10-15 10:30:00,10.9404
2012-10-16 10:30:00,3.6936002
2012-10-17 10:30:00,12.268801
2012-10-18 10:30:00,7.1388
2012-10-19 10:30:00,11.2536
2012-10-20 10:30:00,12.96
2012-10-21 10:30:00,7.5276003
2012-10-22 10:30:00,9.666
2012-10-23 10:30:00,10.908
2012-10-24 10:30:00,7.0740004
2012-10-25 10:30:00,10.854
2012-10-26 10:30:00,7.8300004
2012-10-27 10:30:00,6.2748003
2012-10-28 10:30:00,10.314
2012-10-29 10:30:00,6.6636
2012-10-30 10:30:00,6.6312003
2012-10-31 10:30:00,9.4068
2012-11-01 10:30:00,10.497601
2012-11-02 10:30:00,6.9984
2012-11-03 10:30:00,4.7736
2012-11-04 10:30:00,3.1644
2012-11-05 10:30:00,7.5168004
2012-11-06 10:30:00,10.206
2012-11-07 10:30:00,7.4736004
2012-11-08 10:30:00,9.6876
2012-11-09 10:30:00,7.6032
2012-11-10 10:30:00,6.0480003
2012-11-11 10:30:00,2.106
2012-11-12 10:30:00,3.1536
2012-11-13 10:30:00,4.3416
2012-11-14 10:30:00,7.1712003
2012-11-15 10:30:00,7.1496
2012-11-16 10:30:00,8.0028
2012-11-17 10:30:00,6.6312003
2012-11-18 10:30:00,3.078
2012-11-19 10:30:00,2.0952
2012-11-20 10:30:00,2.6676002
2012-11-21 10:30:00,8.0568
2012-11-22 10:30:00,8.0028
2012-11-23 10:30:00,7.7112
2012-11-24 10:30:00,6.3828
2012-11-25 10:30:00,7.5708003
2012-11-26 10:30:00,7.5708003
2012-11-27 10:30:00,5.9832
2012-11-28 10:30:00,7.1496
2012-11-29 10:30:00,5.8428
2012-11-30 10:30:00,6.1992
2012-12-01 10:30:00,5.454
2012-12-02 10:30:00,2.2356
2012-12-03 10:30:00,3.3696
2012-12-04 10:30:00,2.6136
2012-12-05 10:30:00,3.6936002
2012-12-06 10:30:00,3.9852002
2012-12-07 10:30:00,5.4432
2012-12-08 10:30:00,3.8016
2012-12-09 10:30:00,5.8752003
2012-12-10 10:30:00,6.2532
2012-12-11 10:30:00,6.3180003
2012-12-12 10:30:00,6.3288
2012-12-13 10:30:00,6.2856
2012-12-14 10:30:00,5.1084003
2012-12-15 10:30:00,5.13
2012-12-16 10:30:00,6.1668
2012-12-17 10:30:00,6.1776004
2012-12-18 10:30:00,6.2208004
2012-12-19 10:30:00,6.1236
2012-12-20 10:30:00,6.0264
2012-12-21 10:30:00,6.1344004
2012-12-22 10:30:00,6.2208004
2012-12-23 10:30:00,6.0156
2012-12-24 10:30:00,3.3048
2012-12-25 10:30:00,6.21
2012-12-26 10:30:00,6.2856
2012-12-27 10:30:00,6.156
2012-12-28 10:30:00,2.6676002
2012-12-29 10:30:00,6.0588
2012-12-30 10:30:00,6.3072
2012-12-31 10:30:00,3.3696
2013-01-01 10:30:00,2.1276
2013-01-02 10:30:00,3.0348
2013-01-03 10:30:00,6.7284
2013-01-04 10:30:00,6.9336
2013-01-05 10:30:00,6.9012003
2013-01-06 10:30:00,6.8472004
2013-01-07 10:30:00,6.9768
2013-01-08 10:30:00,7.0740004
2013-01-09 10:30:00,7.0848002
2013-01-10 10:30:00,7.182
2013-01-11 10:30:00,5.4108
2013-01-12 10:30:00,5.0652003
2013-01-13 10:30:00,7.1928
2013-01-14 10:30:00,7.452
2013-01-15 10:30:00,5.67
2013-01-16 10:30:00,5.5620003
2013-01-17 10:30:00,7.6788
2013-01-18 10:30:00,7.2144003
2013-01-19 10:30:00,7.8624
2013-01-20 10:30:00,6.6204
2013-01-21 10:30:00,8.078401
2013-01-22 10:30:00,8.208
2013-01-23 10:30:00,4.0176
2013-01-24 10:30:00,7.668
2013-01-25 10:30:00,8.7156
2013-01-26 10:30:00,8.1864
2013-01-27 10:30:00,8.2944
2013-01-28 10:30:00,8.564401
2013-01-29 10:30:00,8.856
2013-01-30 10:30:00,4.5036
2013-01-31 10:30:00,6.1884003
2013-02-01 10:30:00,9.2664
2013-02-02 10:30:00,9.3528
2013-02-03 10:30:00,6.7932
2013-02-04 10:30:00,8.9532
2013-02-05 10:30:00,9.8064
2013-02-06 10:30:00,9.4284
2013-02-07 10:30:00,10.130401
2013-02-08 10:30:00,10.3356
2013-02-09 10:30:00,10.4004
2013-02-10 10:30:00,10.7244005
2013-02-11 10:30:00,10.6596
2013-02-12 10:30:00,10.854
2013-02-13 10:30:00,11.0268
2013-02-14 10:30:00,11.2212
2013-02-15 10:30:00,11.523601
2013-02-16 10:30:00,11.2752
2013-02-17 10:30:00,11.782801
2013-02-18 10:30:00,9.396
2013-02-19 10:30:00,12.3444
2013-02-20 10:30:00,12.582001
2013-02-21 10:30:00,11.1456
2013-02-22 10:30:00,13.2192
2013-02-23 10:30:00,13.5324
2013-02-24 10:30:00,13.6512
2013-02-25 10:30:00,13.8132
2013-02-26 10:30:00,12.8196
2013-02-27 10:30:00,14.7852
2013-02-28 10:30:00,5.4108
2013-03-01 10:30:00,8.0352
2013-03-02 10:30:00,11.016001
2013-03-03 10:30:00,12.3876
2013-03-04 10:30:00,14.58
2013-03-05 10:30:00,15.0984
2013-03-06 10:30:00,15.627601
2013-03-07 10:30:00,15.7248
2013-03-08 10:30:00,15.282001
2013-03-09 10:30:00,3.1104002
2013-03-10 10:30:00,6.5988
2013-03-11 10:30:00,12.474
2013-03-12 10:30:00,14.094001
2013-03-13 10:30:00,15.6168
2013-03-14 10:30:00,15.681601
2013-03-15 10:30:00,16.6644
2013-03-16 10:30:00,13.003201
2013-03-17 10:30:00,15.9192
2013-03-18 10:30:00,15.6168
2013-03-19 10:30:00,17.0856
2013-03-20 10:30:00,18.09
2013-03-21 10:30:00,14.1912
2013-03-22 10:30:00,18.684
2013-03-23 10:30:00,17.9712
2013-03-24 10:30:00,16.8264
2013-03-25 10:30:00,19.0728
2013-03-26 10:30:00,7.4412003
2013-03-27 10:30:00,17.895601
2013-03-28 10:30:00,18.349201
2013-03-29 10:30:00,17.204401
2013-03-30 10:30:00,20.8764
2013-03-31 10:30:00,21.9132
2013-04-01 10:30:00,22.0536
2013-04-02 10:30:00,9.9252
2013-04-03 10:30:00,19.180801
2013-04-04 10:30:00,17.2152
2013-04-05 10:30:00,11.210401
2013-04-06 10:30:00,19.774801
2013-04-07 10:30:00,21.5028
2013-04-08 10:30:00,5.1084003
2013-04-09 10:30:00,24.019201
2013-04-10 10:30:00,17.2152
2013-04-11 10:30:00,14.1048
2013-04-12 10:30:00,15.984
2013-04-13 10:30:00,23.4144
2013-04-14 10:30:00,24.2028
2013-04-15 10:30:00,23.814001
2013-04-16 10:30:00,25.7364
2013-04-17 10:30:00,19.915201
2013-04-18 10:30:00,22.485601
2013-04-19 10:30:00,22.086
2013-04-20 10:30:00,17.5716
2013-04-21 10:30:00,25.2288
2013-04-22 10:30:00,17.7876
2013-04-23 10:30:00,17.830801
2013-04-24 10:30:00,18.8568
2013-04-25 10:30:00,15.8652
2013-04-26 10:30:00,24.7968
2013-04-27 10:30:00,23.252401
2013-04-28 10:30:00,11.9016
2013-04-29 10:30:00,3.3912
2013-04-30 10:30:00,20.7252
2013-05-01 10:30:00,22.798801
2013-05-02 10:30:00,22.561201
2013-05-03 10:30:00,25.866001
2013-05-04 10:30:00,28.0692
2013-05-05 10:30:00,23.220001
2013-05-06 10:30:00,23.2416
2013-05-07 10:30:00,20.682001
2013-05-08 10:30:00,20.736
2013-05-09 10:30:00,7.1496
2013-05-10 10:30:00,15.7896
2013-05-11 10:30:00,24.440401
2013-05-12 10:30:00,16.2
2013-05-13 10:30:00,26.870401
2013-05-14 10:30:00,5.0328
2013-05-15 10:30:00,30.250801
2013-05-16 10:30:00,21.9456
2013-05-17 10:30:00,16.4484
2013-05-18 10:30:00,29.9916
2013-05-19 10:30:00,9.828
2013-05-20 10:30:00,29.516401
2013-05-21 10:30:00,20.714401
2013-05-22 10:30:00,28.954802
2013-05-23 10:30:00,22.842001
2013-05-24 10:30:00,31.482
2013-05-25 10:30:00,30.801601
2013-05-26 10:30:00,23.2632
2013-05-27 10:30:00,10.7676
2013-05-28 10:30:00,14.9904
2013-05-29 10:30:00,23.3388
2013-05-30 10:30:00,31.698
2013-05-31 10:30:00,25.4016
2013-06-01 10:30:00,28.9764
2013-06-02 10:30:00,20.4552
2013-06-03 10:30:00,3.5640001
2013-06-04 10:30:00,29.7108
2013-06-05 10:30:00,24.958801
2013-06-06 10:30:00,9.7956
2013-06-07 10:30:00,23.4036
2013-06-08 10:30:00,15.1308
2013-06-09 10:30:00,10.616401
2013-06-10 10:30:00,20.7036
2013-06-11 10:30:00,20.120401
2013-06-12 10:30:00,18.1656
2013-06-13 10:30:00,21.6756
2013-06-14 10:30:00,18.003601
2013-06-15 10:30:00,31.147202
2013-06-16 10:30:00,24.4836
2013-06-17 10:30:00,26.805601
2013-06-18 10:30:00,30.3048
2013-06-19 10:30:00,23.4792
2013-06-20 10:30:00,24.9804
2013-06-21 10:30:00,27.496801
2013-06-22 10:30:00,32.2164
2013-06-23 10:30:00,29.592001
2013-06-24 10:30:00,22.9176
2013-06-25 10:30:00,19.0728
2013-06-26 10:30:00,8.791201
2013-06-27 10:30:00,10.2384
2013-06-28 10:30:00,26.8164
2013-06-29 10:30:00,6.3396
2013-06-30 10:30:00,5.8212004
2013-07-01 10:30:00,19.2348
2013-07-02 10:30:00,8.1864
2013-07-03 10:30:00,15.6168
2013-07-04 10:30:00,19.742401
2013-07-05 10:30:00,28.458
2013-07-06 10:30:00,28.242
2013-07-07 10:30:00,22.2696
2013-07-08 10:30:00,24.6348
2013-07-09 10:30:00,25.2828
2013-07-10 10:30:00,27.216002
2013-07-11 10:30:00,24.516
2013-07-12 10:30:00,18.6516
2013-07-13 10:30:00,27.043201
2013-07-14 10:30:00,30.0132
2013-07-15 10:30:00,9.3852005
2013-07-16 10:30:00,28.015202
2013-07-17 10:30:00,23.284801
2013-07-18 10:30:00,18.381601
2013-07-19 10:30:00,16.2
2013-07-20 10:30:00,29.6676
2013-07-21 10:30:00,26.9676
2013-07-22 10:30:00,20.228401
2013-07-23 10:30:00,20.9412
2013-07-24 10:30:00,23.544
2013-07-25 10:30:00,27.010801
2013-07-26 10:30:00,23.3172
2013-07-27 10:30:00,11.836801
2013-07-28 10:30:00,29.4624
2013-07-29 10:30:00,19.3428
2013-07-30 10:30:00,28.231201
2013-07-31 10:30:00,12.528
2013-08-01 10:30:00,3.9852002
2013-08-02 10:30:00,16.6752
2013-08-03 10:30:00,9.0828
2013-08-04 10:30:00,24.2892
2013-08-05 10:30:00,23.986801
2013-08-06 10:30:00,22.107601
2013-08-07 10:30:00,26.665201
2013-08-08 10:30:00,27.3456
2013-08-09 10:30:00,20.7252
2013-08-10 10:30:00,25.8444
2013-08-11 10:30:00,23.155201
2013-08-12 10:30:00,8.3484
2013-08-13 10:30:00,24.818401
2013-08-14 10:30:00,23.5116
2013-08-15 10:30:00,23.0364
2013-08-16 10:30:00,4.4388003
2013-08-17 10:30:00,16.4484
2013-08-18 10:30:00,22.798801
2013-08-19 10:30:00,22.345201
2013-08-20 10:30:00,22.7232
2013-08-21 10:30:00,7.3980002
2013-08-22 10:30:00,12.808801
2013-08-23 10:30:00,23.284801
2013-08-24 10:30:00,24.051601
2013-08-25 10:30:00,18.5868
2013-08-26 10:30:00,24.1056
2013-08-27 10:30:00,21.0816
2013-08-28 10:30:00,3.1644
2013-08-29 10:30:00,17.236801
2013-08-30 10:30:00,20.2824
2013-08-31 10:30:00,19.4832
2013-09-01 10:30:00,16.016401
2013-09-02 10:30:00,18.1656
2013-09-03 10:30:00,23.392801
2013-09-04 10:30:00,22.766401
2013-09-05 10:30:00,16.092001
2013-09-06 10:30:00,5.9184003
2013-09-07 10:30:00,14.6232
2013-09-08 10:30:00,22.2372
2013-09-09 10:30:00,6.2964
2013-09-10 10:30:00,20.5632
2013-09-11 10:30:00,21.114
2013-09-12 10:30:00,17.658
2013-09-13 10:30:00,19.0404
2013-09-14 10:30:00,19.321201
2013-09-15 10:30:00,19.256401
2013-09-16 10:30:00,19.569601
2013-09-17 10:30:00,18.068401
2013-09-18 10:30:00,19.602001
2013-09-19 10:30:00,11.9448
2013-09-20 10:30:00,19.710001
2013-09-21 10:30:00,17.2476
2013-09-22 10:30:00,16.3728
2013-09-23 10:30:00,16.0056
2013-09-24 10:30:00,19.9908
2013-09-25 10:30:00,15.1308
2013-09-26 10:30:00,16.6752
2013-09-27 10:30:00,16.6212
2013-09-28 10:30:00,15.2172
2013-09-29 10:30:00,15.368401
2013-09-30 10:30:00,15.573601
2013-10-01 10:30:00,9.104401
2013-10-02 10:30:00,15.3576
2013-10-03 10:30:00,17.755201
2013-10-04 10:30:00,14.914801
2013-10-05 10:30:00,16.718401
2013-10-06 10:30:00,10.216801
2013-10-07 10:30:00,16.815601
2013-10-08 10:30:00,15.2172
2013-10-09 10:30:00,11.6532
2013-10-10 10:30:00,2.0736
2013-10-11 10:30:00,8.1432
2013-10-12 10:30:00,15.4116
2013-10-13 10:30:00,12.2472
2013-10-14 10:30:00,13.5972
2013-10-15 10:30:00,15.1308
2013-10-16 10:30:00,13.5432005
2013-10-17 10:30:00,12.9384
2013-10-18 10:30:00,8.8344
2013-10-19 10:30:00,11.0808
2013-10-20 10:30:00,9.471601
2013-10-21 10:30:00,3.4236002
2013-10-22 10:30:00,3.4668
2013-10-23 10:30:00,6.6636
2013-10-24 10:30:00,3.1968
2013-10-25 10:30:00,10.0332
2013-10-26 10:30:00,10.184401
2013-10-27 10:30:00,4.4388003
2013-10-28 10:30:00,5.2596
2013-10-29 10:30:00,11.502
2013-10-30 10:30:00,10.897201
2013-10-31 10:30:00,10.8324
2013-11-01 10:30:00,9.277201
2013-11-02 10:30:00,9.2016
2013-11-03 10:30:00,10.6596
2013-11-04 10:30:00,10.5624
2013-11-05 10:30:00,6.1236
2013-11-06 10:30:00,7.6032
2013-11-07 10:30:00,5.6376
2013-11-08 10:30:00,3.7584002
2013-11-09 10:30:00,8.0028
2013-11-10 10:30:00,7.2684
2013-11-11 10:30:00,8.9748
2013-11-12 10:30:00,9.4932
2013-11-13 10:30:00,6.3180003
2013-11-14 10:30:00,7.1604004
2013-11-15 10:30:00,8.1972
2013-11-16 10:30:00,4.4064
2013-11-17 10:30:00,2.4192
2013-11-18 10:30:00,6.5772
2013-11-19 10:30:00,6.6096
2013-11-20 10:30:00,7.7004004
2013-11-21 10:30:00,6.4044003
2013-11-22 10:30:00,7.3872004
2013-11-23 10:30:00,7.4952
2013-11-24 10:30:00,6.48
2013-11-25 10:30:00,7.6248
2013-11-26 10:30:00,6.3180003
2013-11-27 10:30:00,5.9184003
2013-11-28 10:30:00,6.7176003
2013-11-29 10:30:00,7.6572003
2013-11-30 10:30:00,6.966
2013-12-01 10:30:00,7.1928
2013-12-02 10:30:00,6.2964
2013-12-03 10:30:00,5.5296
2013-12-04 10:30:00,7.5384
2013-12-05 10:30:00,6.426
2013-12-06 10:30:00,5.8428
2013-12-07 10:30:00,6.5340004
2013-12-08 10:30:00,2.5056
2013-12-09 10:30:00,5.3028
2013-12-10 10:30:00,3.6396
2013-12-11 10:30:00,5.8320003
2013-12-12 10:30:00,5.8212004
2013-12-13 10:30:00,5.7024
2013-12-14 10:30:00,5.7456
2013-12-15 10:30:00,4.806
2013-12-16 10:30:00,5.5620003
2013-12-17 10:30:00,3.4452002
2013-12-18 10:30:00,2.538
2013-12-19 10:30:00,4.5576
2013-12-20 10:30:00,2.6892002
2013-12-21 10:30:00,4.4712
2013-12-22 10:30:00,5.7348003
2013-12-23 10:30:00,5.7888002
2013-12-24 10:30:00,2.2680001
2013-12-25 10:30:00,5.6484003
2013-12-26 10:30:00,6.0048003
2013-12-27 10:30:00,5.9184003
2013-12-28 10:30:00,5.94
2013-12-29 10:30:00,5.9724
2013-12-30 10:30:00,5.9292
2013-12-31 10:30:00,3.4128
2014-01-01 10:30:00,6.4368
2014-01-02 10:30:00,6.0048003
2014-01-03 10:30:00,6.5664
2014-01-04 10:30:00,6.5448003
2014-01-05 10:30:00,6.5340004
2014-01-06 10:30:00,4.8384
2014-01-07 10:30:00,6.7068
2014-01-08 10:30:00,6.5340004
2014-01-09 10:30:00,4.5684
2014-01-10 10:30:00,6.8256
2014-01-11 10:30:00,6.8148003
2014-01-12 10:30:00,6.7068
2014-01-13 10:30:00,7.0308003
2014-01-14 10:30:00,6.9768
2014-01-15 10:30:00,7.1712003
2014-01-16 10:30:00,7.3764
2014-01-17 10:30:00,5.0544
2014-01-18 10:30:00,7.6032
2014-01-19 10:30:00,1.7064
2014-01-20 10:30:00,3.3696
2014-01-21 10:30:00,4.3416
2014-01-22 10:30:00,7.0524
2014-01-23 10:30:00,6.7176003
2014-01-24 10:30:00,7.5168004
2014-01-25 10:30:00,8.3592005
2014-01-26 10:30:00,8.4456005
2014-01-27 10:30:00,8.6832
2014-01-28 10:30:00,5.7024
2014-01-29 10:30:00,5.6916003
2014-01-30 10:30:00,9.104401
2014-01-31 10:30:00,9.2556
2014-02-01 10:30:00,7.1172004
2014-02-02 10:30:00,8.91
2014-02-03 10:30:00,8.9532
2014-02-04 10:30:00,9.2664
2014-02-05 10:30:00,9.4932
2014-02-06 10:30:00,9.7092
2014-02-07 10:30:00,8.9208
2014-02-08 10:30:00,7.7868004
2014-02-09 10:30:00,9.7092
2014-02-10 10:30:00,10.368
2014-02-11 10:30:00,10.4868
2014-02-12 10:30:00,10.756801
2014-02-13 10:30:00,8.877601
2014-02-14 10:30:00,7.236
2014-02-15 10:30:00,8.6076
2014-02-16 10:30:00,10.670401
2014-02-17 10:30:00,11.7072
2014-02-18 10:30:00,11.728801
2014-02-19 10:30:00,12.0204
2014-02-20 10:30:00,10.0548
2014-02-21 10:30:00,8.4888
2014-02-22 10:30:00,11.2536
2014-02-23 10:30:00,11.642401
2014-02-24 10:30:00,10.1628
2014-02-25 10:30:00,12.5604
2014-02-26 10:30:00,7.8948
2014-02-27 10:30:00,13.888801
2014-02-28 10:30:00,12.9924
2014-03-01 10:30:00,13.6836
2014-03-02 10:30:00,13.1328
2014-03-03 10:30:00,12.6792
2014-03-04 10:30:00,13.0788
2014-03-05 10:30:00,14.1048
2014-03-06 10:30:00,14.6448
2014-03-07 10:30:00,14.9256
2014-03-08 10:30:00,11.4156
2014-03-09 10:30:00,15.368401
2014-03-10 10:30:00,14.4396
2014-03-11 10:30:00,11.6748
2014-03-12 10:30:00,14.202001
2014-03-13 10:30:00,14.3316
2014-03-14 10:30:00,15.2496
2014-03-15 10:30:00,11.7936
2014-03-16 10:30:00,13.716001
2014-03-17 10:30:00,7.0308003
2014-03-18 10:30:00,16.1784
2014-03-19 10:30:00,9.3096
2014-03-20 10:30:00,15.660001
2014-03-21 10:30:00,17.226
2014-03-22 10:30:00,17.8092
2014-03-23 10:30:00,16.5132
2014-03-24 10:30:00,15.1308
2014-03-25 10:30:00,18.144001
2014-03-26 10:30:00,15.7032
2014-03-27 10:30:00,15.595201
2014-03-28 10:30:00,17.3016
2014-03-29 10:30:00,20.3904
2014-03-30 10:30:00,20.509201
2014-03-31 10:30:00,19.8288
2014-04-01 10:30:00,18.468
2014-04-02 10:30:00,12.409201
2014-04-03 10:30:00,18.975601
2014-04-04 10:30:00,14.1804
2014-04-05 10:30:00,22.734001
2014-04-06 10:30:00,20.682001
2014-04-07 10:30:00,21.340801
2014-04-08 10:30:00,17.5392
2014-04-09 10:30:00,19.461601
2014-04-10 10:30:00,22.345201
2014-04-11 10:30:00,21.7296
2014-04-12 10:30:00,13.834801
2014-04-13 10:30:00,18.9
2014-04-14 10:30:00,19.0512
2014-04-15 10:30:00,24.0732
2014-04-16 10:30:00,19.148401
2014-04-17 10:30:00,10.1196
2014-04-18 10:30:00,23.5548
2014-04-19 10:30:00,14.958
2014-04-20 10:30:00,12.5064
2014-04-21 10:30:00,18.9216
2014-04-22 10:30:00,22.356
2014-04-23 10:30:00,24.019201
2014-04-24 10:30:00,21.5244
2014-04-25 10:30:00,14.3316
2014-04-26 10:30:00,20.9088
2014-04-27 10:30:00,22.1292
2014-04-28 10:30:00,25.552801
2014-04-29 10:30:00,26.784
2014-04-30 10:30:00,27.637201
2014-05-01 10:30:00,17.4744
2014-05-02 10:30:00,14.9796
2014-05-03 10:30:00,10.9944
2014-05-04 10:30:00,14.6664
2014-05-05 10:30:00,23.2632
2014-05-06 10:30:00,20.0016
2014-05-07 10:30:00,21.826801
2014-05-08 10:30:00,24.883202
2014-05-09 10:30:00,23.079601
2014-05-10 10:30:00,10.8864
2014-05-11 10:30:00,7.4412003
2014-05-12 10:30:00,9.018001
2014-05-13 10:30:00,22.2588
2014-05-14 10:30:00,16.5564
2014-05-15 10:30:00,18.554401
2014-05-16 10:30:00,11.9448
2014-05-17 10:30:00,23.500801
2014-05-18 10:30:00,12.376801
2014-05-19 10:30:00,11.955601
2014-05-20 10:30:00,23.5548
2014-05-21 10:30:00,25.2828
2014-05-22 10:30:00,22.302
2014-05-23 10:30:00,20.4768
2014-05-24 10:30:00,10.1196
2014-05-25 10:30:00,11.0052
2014-05-26 10:30:00,12.1284
2014-05-27 10:30:00,30.8556
2014-05-28 10:30:00,31.633202
2014-05-29 10:30:00,32.9832
2014-05-30 10:30:00,25.9416
2014-05-31 10:30:00,20.2392
2014-06-01 10:30:00,20.4444
2014-06-02 10:30:00,23.2632
2014-06-03 10:30:00,27.108
2014-06-04 10:30:00,25.2288
2014-06-05 10:30:00,21.0708
2014-06-06 10:30:00,20.034
2014-06-07 10:30:00,8.0244
2014-06-08 10:30:00,6.912
2014-06-09 10:30:00,16.3512
2014-06-10 10:30:00,23.2092
2014-06-11 10:30:00,18.4788
2014-06-12 10:30:00,24.4188
2014-06-13 10:30:00,31.190401
2014-06-14 10:30:00,30.736801
2014-06-15 10:30:00,28.3068
2014-06-16 10:30:00,24.6348
2014-06-17 10:30:00,21.7404
2014-06-18 10:30:00,22.8528
2014-06-19 10:30:00,19.0944
2014-06-20 10:30:00,19.3752
2014-06-21 10:30:00,17.9496
2014-06-22 10:30:00,29.235601
2014-06-23 10:30:00,30.693602
2014-06-24 10:30:00,27.918001
2014-06-25 10:30:00,18.7812
2014-06-26 10:30:00,14.58
2014-06-27 10:30:00,21.686401
2014-06-28 10:30:00,26.7948
2014-06-29 10:30:00,29.203201
2014-06-30 10:30:00,19.116001
2014-07-01 10:30:00,27.572401
2014-07-02 10:30:00,23.7168
2014-07-03 10:30:00,10.2492
2014-07-04 10:30:00,27.885601
2014-07-05 10:30:00,21.87
2014-07-06 10:30:00,28.0692
2014-07-07 10:30:00,13.8996
2014-07-08 10:30:00,17.2152
2014-07-09 10:30:00,24.364801
2014-07-10 10:30:00,17.3988
2014-07-11 10:30:00,20.887201
2014-07-12 10:30:00,22.8312
2014-07-13 10:30:00,23.565601
2014-07-14 10:30:00,24.1488
2014-07-15 10:30:00,21.924
2014-07-16 10:30:00,13.1544
2014-07-17 10:30:00,20.52
2014-07-18 10:30:00,23.976
2014-07-19 10:30:00,8.964001
2014-07-20 10:30:00,8.37
2014-07-21 10:30:00,23.6844
2014-07-22 10:30:00,25.0344
2014-07-23 10:30:00,23.9976
2014-07-24 10:30:00,23.8356
2014-07-25 10:30:00,25.1856
2014-07-26 10:30:00,25.2828
2014-07-27 10:30:00,26.19
2014-07-28 10:30:00,19.4076
2014-07-29 10:30:00,8.6076
2014-07-30 10:30:00,18.576
2014-07-31 10:30:00,24.7644
2014-08-01 10:30:00,27.5184
2014-08-02 10:30:00,18.2304
2014-08-03 10:30:00,23.49
2014-08-04 10:30:00,23.360401
2014-08-05 10:30:00,18.9
2014-08-06 10:30:00,15.93
2014-08-07 10:30:00,25.5744
2014-08-08 10:30:00,23.598001
2014-08-09 10:30:00,12.7656
2014-08-10 10:30:00,12.6468
2014-08-11 10:30:00,15.228001
2014-08-12 10:30:00,26.589602
2014-08-13 10:30:00,24.6888
2014-08-14 10:30:00,16.9992
2014-08-15 10:30:00,6.7068
2014-08-16 10:30:00,19.0512
2014-08-17 10:30:00,22.4964
2014-08-18 10:30:00,24.894001
2014-08-19 10:30:00,20.844
2014-08-20 10:30:00,9.396
2014-08-21 10:30:00,25.11
2014-08-22 10:30:00,24.5916
2014-08-23 10:30:00,22.3344
2014-08-24 10:30:00,17.236801
2014-08-25 10:30:00,3.888
2014-08-26 10:30:00,17.0532
2014-08-27 10:30:00,24.0624
2014-08-28 10:30:00,21.902401
2014-08-29 10:30:00,22.734001
2014-08-30 10:30:00,22.420801
2014-08-31 10:30:00,20.1528
2014-09-01 10:30:00,6.9552
2014-09-02 10:30:00,8.0892
2014-09-03 10:30:00,18.1656
2014-09-04 10:30:00,8.3484
2014-09-05 10:30:00,23.0256
2014-09-06 10:30:00,22.7772
2014-09-07 10:30:00,11.5452
2014-09-08 10:30:00,20.260801
2014-09-09 10:30:00,23.4468
2014-09-10 10:30:00,20.1636
2014-09-11 10:30:00,22.7556
2014-09-12 10:30:00,18.5004
2014-09-13 10:30:00,18.09
2014-09-14 10:30:00,19.926
2014-09-15 10:30:00,22.280401
2014-09-16 10:30:00,20.7252
2014-09-17 10:30:00,21.686401
2014-09-18 10:30:00,17.604
2014-09-19 10:30:00,15.746401
2014-09-20 10:30:00,13.1112
2014-09-21 10:30:00,18.1008
2014-09-22 10:30:00,10.7244005
2014-09-23 10:30:00,14.515201
2014-09-24 10:30:00,17.3664
2014-09-25 10:30:00,13.9536
2014-09-26 10:30:00,2.6568
2014-09-27 10:30:00,18.468
2014-09-28 10:30:00,12.5388
2014-09-29 10:30:00,16.4808
2014-09-30 10:30:00,15.93
2014-10-01 10:30:00,14.9796
2014-10-02 10:30:00,17.690401
2014-10-03 10:30:00,17.550001
2014-10-04 10:30:00,16.9344
2014-10-05 10:30:00,15.368401
2014-10-06 10:30:00,14.9904
2014-10-07 10:30:00,15.854401
2014-10-08 10:30:00,11.0916
2014-10-09 10:30:00,14.115601
2014-10-10 10:30:00,3.7044
2014-10-11 10:30:00,1.9548
2014-10-12 10:30:00,14.407201
2014-10-13 10:30:00,15.454801
2014-10-14 10:30:00,15.2064
2014-10-15 10:30:00,9.7524
2014-10-16 10:30:00,13.4244
2014-10-17 10:30:00,10.9512005
2014-10-18 10:30:00,13.878
2014-10-19 10:30:00,7.6356
2014-10-20 10:30:00,11.8908
2014-10-21 10:30:00,11.750401
2014-10-22 10:30:00,11.3616
2014-10-23 10:30:00,6.4908004
2014-10-24 10:30:00,10.2384
2014-10-25 10:30:00,7.6248
2014-10-26 10:30:00,8.7156
2014-10-27 10:30:00,11.9124
2014-10-28 10:30:00,9.5472
2014-10-29 10:30:00,7.668
2014-10-30 10:30:00,4.7628
2014-10-31 10:30:00,2.0196002
2014-11-01 10:30:00,9.331201
2014-11-02 10:30:00,10.2816
2014-11-03 10:30:00,8.7696
2014-11-04 10:30:00,9.0072
2014-11-05 10:30:00,8.6616
2014-11-06 10:30:00,9.0720005
2014-11-07 10:30:00,9.990001
2014-11-08 10:30:00,9.8064
2014-11-09 10:30:00,9.2664
2014-11-10 10:30:00,8.6832
2014-11-11 10:30:00,7.8300004
2014-11-12 10:30:00,7.9812
2014-11-13 10:30:00,7.5276003
2014-11-14 10:30:00,8.478001
2014-11-15 10:30:00,7.8192
2014-11-16 10:30:00,7.182
2014-11-17 10:30:00,7.4844003
2014-11-18 10:30:00,7.4952
2014-11-19 10:30:00,6.5448003
2014-11-20 10:30:00,2.538
2014-11-21 10:30:00,3.8448
2014-11-22 10:30:00,7.2036004
2014-11-23 10:30:00,7.9488
2014-11-24 10:30:00,7.4088
2014-11-25 10:30:00,7.2144003
2014-11-26 10:30:00,2.5056
2014-11-27 10:30:00,6.3612003
2014-11-28 10:30:00,5.9616003
2014-11-29 10:30:00,4.3632
2014-11-30 10:30:00,2.8836
2014-12-01 10:30:00,6.8472004
2014-12-02 10:30:00,7.7868004
2014-12-03 10:30:00,5.5728
2014-12-04 10:30:00,6.5664
2014-12-05 10:30:00,5.994
2014-12-06 10:30:00,5.3028
2014-12-07 10:30:00,5.2920003
2014-12-08 10:30:00,5.2488003
2014-12-09 10:30:00,3.6504002
2014-12-10 10:30:00,1.6092
2014-12-11 10:30:00,1.2312
2014-12-12 10:30:00,3.0024002
2014-12-13 10:30:00,1.3824
2014-12-14 10:30:00,2.97
2014-12-15 10:30:00,2.5488
2014-12-16 10:30:00,4.5576
2014-12-17 10:30:00,1.7712001
2014-12-18 10:30:00,2.3328001
2014-12-19 10:30:00,4.2012
2014-12-20 10:30:00,3.6720002
2014-12-21 10:30:00,3.1968
2014-12-22 10:30:00,5.2164
2014-12-23 10:30:00,5.8428
2014-12-24 10:30:00,5.8212004
2014-12-25 10:30:00,6.0372
2014-12-26 10:30:00,5.94
2014-12-27 10:30:00,5.4108
2014-12-28 10:30:00,5.886
2014-12-29 10:30:00,5.346
2014-12-30 10:30:00,3.6828
2014-12-31 10:30:00,5.7888002
2015-01-01 10:30:00,5.4108
2015-01-02 10:30:00,5.9724
2015-01-03 10:30:00,5.8752003
2015-01-04 10:30:00,6.5016003
2015-01-05 10:30:00,6.5664
2015-01-06 10:30:00,6.5124
2015-01-07 10:30:00,6.7716002
2015-01-08 10:30:00,6.3612003
2015-01-09 10:30:00,6.6852
2015-01-10 10:30:00,6.0156
2015-01-11 10:30:00,6.9984
2015-01-12 10:30:00,6.9228
2015-01-13 10:30:00,6.8256
2015-01-14 10:30:00,7.0848002
2015-01-15 10:30:00,6.1452003
2015-01-16 10:30:00,7.3764
2015-01-17 10:30:00,7.3440003
2015-01-18 10:30:00,2.3760002
2015-01-19 10:30:00,7.5384
2015-01-20 10:30:00,6.9984
2015-01-21 10:30:00,7.8192
2015-01-22 10:30:00,7.7652
2015-01-23 10:30:00,7.3440003
2015-01-24 10:30:00,7.4628
2015-01-25 10:30:00,7.9596
2015-01-26 10:30:00,8.208
2015-01-27 10:30:00,8.704801
2015-01-28 10:30:00,8.7804
2015-01-29 10:30:00,8.078401
2015-01-30 10:30:00,9.104401
2015-01-31 10:30:00,8.6076
2015-02-01 10:30:00,9.1476
2015-02-02 10:30:00,8.6724
2015-02-03 10:30:00,5.886
2015-02-04 10:30:00,9.2124
2015-02-05 10:30:00,8.0676
2015-02-06 10:30:00,7.2036004
2015-02-07 10:30:00,9.2124
2015-02-08 10:30:00,9.5364
2015-02-09 10:30:00,10.443601
2015-02-10 10:30:00,10.746
2015-02-11 10:30:00,6.3504
2015-02-12 10:30:00,8.9856
2015-02-13 10:30:00,8.6508
2015-02-14 10:30:00,10.044001
2015-02-15 10:30:00,7.9056
2015-02-16 10:30:00,7.9056
2015-02-17 10:30:00,11.4048
2015-02-18 10:30:00,12.9708
2015-02-19 10:30:00,8.8992
2015-02-20 10:30:00,8.0028
2015-02-21 10:30:00,11.88
2015-02-22 10:30:00,11.8044
2015-02-23 10:30:00,8.931601
2015-02-24 10:30:00,13.3056
2015-02-25 10:30:00,13.9428005
2015-02-26 10:30:00,13.392
2015-02-27 10:30:00,14.472
2015-02-28 10:30:00,9.8604
2015-03-01 10:30:00,14.4828005
2015-03-02 10:30:00,14.6988
2015-03-03 10:30:00,8.164801
2015-03-04 10:30:00,13.5864
2015-03-05 10:30:00,15.552
2015-03-06 10:30:00,13.1868
2015-03-07 10:30:00,12.1932
2015-03-08 10:30:00,15.5844
2015-03-09 10:30:00,16.524
2015-03-10 10:30:00,16.3728
2015-03-11 10:30:00,15.746401
2015-03-12 10:30:00,9.774
2015-03-13 10:30:00,15.087601
2015-03-14 10:30:00,15.3576
2015-03-15 10:30:00,15.573601
2015-03-16 10:30:00,16.5888
2015-03-17 10:30:00,17.604
2015-03-18 10:30:00,14.2992
2015-03-19 10:30:00,16.2108
2015-03-20 10:30:00,17.128801
2015-03-21 10:30:00,17.830801
2015-03-22 10:30:00,19.0512
2015-03-23 10:30:00,18.943201
2015-03-24 10:30:00,17.172
2015-03-25 10:30:00,18.8568
2015-03-26 10:30:00,17.830801
2015-03-27 10:30:00,10.2384
2015-03-28 10:30:00,17.3016
2015-03-29 10:30:00,16.5132
2015-03-30 10:30:00,9.3096
2015-03-31 10:30:00,20.0448
2015-04-01 10:30:00,21.978
2015-04-02 10:30:00,3.2076
2015-04-03 10:30:00,14.0184
2015-04-04 10:30:00,3.2076
2015-04-05 10:30:00,4.7520003
2015-04-06 10:30:00,15.6492
2015-04-07 10:30:00,20.412
2015-04-08 10:30:00,21.438
2015-04-09 10:30:00,22.280401
2015-04-10 10:30:00,22.485601
2015-04-11 10:30:00,22.248001
2015-04-12 10:30:00,23.976
2015-04-13 10:30:00,21.718801
2015-04-14 10:30:00,22.086
2015-04-15 10:30:00,17.6796
2015-04-16 10:30:00,21.826801
2015-04-17 10:30:00,24.3432
2015-04-18 10:30:00,18.241201
2015-04-19 10:30:00,25.8444
2015-04-20 10:30:00,23.2308
2015-04-21 10:30:00,22.572
2015-04-22 10:30:00,22.8852
2015-04-23 10:30:00,23.0256
2015-04-24 10:30:00,27.594
2015-04-25 10:30:00,19.8396
2015-04-26 10:30:00,19.7208
2015-04-27 10:30:00,20.5848
2015-04-28 10:30:00,20.541601
2015-04-29 10:30:00,20.714401
2015-04-30 10:30:00,18.7812
2015-05-01 10:30:00,9.6876
2015-05-02 10:30:00,21.8916
2015-05-03 10:30:00,27.378
2015-05-04 10:30:00,27.9396
2015-05-05 10:30:00,13.629601
2015-05-06 10:30:00,26.3088
2015-05-07 10:30:00,7.2792
2015-05-08 10:30:00,22.6044
2015-05-09 10:30:00,19.3428
2015-05-10 10:30:00,18.306
2015-05-11 10:30:00,5.7564
2015-05-12 10:30:00,5.5728
2015-05-13 10:30:00,22.0212
2015-05-14 10:30:00,23.986801
2015-05-15 10:30:00,23.112001
2015-05-16 10:30:00,21.2436
2015-05-17 10:30:00,20.466
2015-05-18 10:30:00,19.278
2015-05-19 10:30:00,12.808801
2015-05-20 10:30:00,31.4064
2015-05-21 10:30:00,30.294
2015-05-22 10:30:00,31.3848
2015-05-23 10:30:00,25.207201
2015-05-24 10:30:00,30.661201
2015-05-25 10:30:00,18.694801
2015-05-26 10:30:00,9.6012
2015-05-27 10:30:00,22.086
2015-05-28 10:30:00,23.360401
2015-05-29 10:30:00,21.481201
2015-05-30 10:30:00,23.079601
2015-05-31 10:30:00,15.2064
2015-06-01 10:30:00,25.9416
2015-06-02 10:30:00,17.1072
2015-06-03 10:30:00,28.198801
2015-06-04 10:30:00,15.5844
2015-06-05 10:30:00,5.5944
2015-06-06 10:30:00,19.1916
2015-06-07 10:30:00,25.520401
2015-06-08 10:30:00,24.397202
2015-06-09 10:30:00,26.632801
2015-06-10 10:30:00,12.2148
2015-06-11 10:30:00,6.21
2015-06-12 10:30:00,5.7672
2015-06-13 10:30:00,27.6912
2015-06-14 10:30:00,29.7
2015-06-15 10:30:00,31.7628
2015-06-16 10:30:00,26.978401
2015-06-17 10:30:00,14.526
2015-06-18 10:30:00,9.6012
2015-06-19 10:30:00,16.8804
2015-06-20 10:30:00,29.9916
2015-06-21 10:30:00,31.320002
2015-06-22 10:30:00,27.745201
2015-06-23 10:30:00,26.492401
2015-06-24 10:30:00,20.3796
2015-06-25 10:30:00,28.825201
2015-06-26 10:30:00,29.581202
2015-06-27 10:30:00,26.146801
2015-06-28 10:30:00,22.788
2015-06-29 10:30:00,32.248802
2015-06-30 10:30:00,19.8936
2015-07-01 10:30:00,23.1984
2015-07-02 10:30:00,19.116001
2015-07-03 10:30:00,30.024
2015-07-04 10:30:00,28.7604
2015-07-05 10:30:00,31.968
2015-07-06 10:30:00,28.728
2015-07-07 10:30:00,30.661201
2015-07-08 10:30:00,30.380402
2015-07-09 10:30:00,22.518
2015-07-10 10:30:00,24.4944
2015-07-11 10:30:00,14.6988
2015-07-12 10:30:00,26.589602
2015-07-13 10:30:00,23.4144
2015-07-14 10:30:00,19.4724
2015-07-15 10:30:00,11.2752
2015-07-16 10:30:00,21.794401
2015-07-17 10:30:00,24.84
2015-07-18 10:30:00,27.885601
2015-07-19 10:30:00,26.3304
2015-07-20 10:30:00,16.4808
2015-07-21 10:30:00,13.3704
2015-07-22 10:30:00,16.9992
2015-07-23 10:30:00,18.1872
2015-07-24 10:30:00,14.1912
2015-07-25 10:30:00,20.952
2015-07-26 10:30:00,21.7836
2015-07-27 10:30:00,26.902802
2015-07-28 10:30:00,30.402
2015-07-29 10:30:00,15.066
2015-07-30 10:30:00,24.3756
2015-07-31 10:30:00,25.2288
2015-08-01 10:30:00,23.3712
2015-08-02 10:30:00,15.800401
2015-08-03 10:30:00,26.9244
2015-08-04 10:30:00,24.9048
2015-08-05 10:30:00,27.648
2015-08-06 10:30:00,18.457201
2015-08-07 10:30:00,24.3756
2015-08-08 10:30:00,19.4724
2015-08-09 10:30:00,8.4888
2015-08-10 10:30:00,20.088001
2015-08-11 10:30:00,25.239601
2015-08-12 10:30:00,25.1424
2015-08-13 10:30:00,23.058
2015-08-14 10:30:00,15.012
2015-08-15 10:30:00,9.3636
2015-08-16 10:30:00,15.1956005
2015-08-17 10:30:00,16.4484
2015-08-18 10:30:00,10.616401
2015-08-19 10:30:00,22.2264
2015-08-20 10:30:00,10.670401
2015-08-21 10:30:00,11.0376005
2015-08-22 10:30:00,14.806801
2015-08-23 10:30:00,17.7444
2015-08-24 10:30:00,8.7696
2015-08-25 10:30:00,8.91
2015-08-26 10:30:00,20.4984
2015-08-27 10:30:00,18.4032
2015-08-28 10:30:00,11.5776005
2015-08-29 10:30:00,11.5668
2015-08-30 10:30:00,11.0268
2015-08-31 10:30:00,16.2324
2015-09-01 10:30:00,19.5588
2015-09-02 10:30:00,15.400801
2015-09-03 10:30:00,21.4272
2015-09-04 10:30:00,20.3148
2015-09-05 10:30:00,24.4188
2015-09-06 10:30:00,18.1224
2015-09-07 10:30:00,3.996
2015-09-08 10:30:00,12.3444
2015-09-09 10:30:00,17.582401
2015-09-10 10:30:00,22.939201
2015-09-11 10:30:00,17.1396
2015-09-12 10:30:00,17.442001
2015-09-13 10:30:00,18.468
2015-09-14 10:30:00,21.816
2015-09-15 10:30:00,18.068401
2015-09-16 10:30:00,18.381601
2015-09-17 10:30:00,9.784801
2015-09-18 10:30:00,6.102
2015-09-19 10:30:00,18.2304
2015-09-20 10:30:00,13.435201
2015-09-21 10:30:00,15.5088005
2015-09-22 10:30:00,2.3544002
2015-09-23 10:30:00,5.9616003
2015-09-24 10:30:00,6.264
2015-09-25 10:30:00,14.5584
2015-09-26 10:30:00,19.2672
2015-09-27 10:30:00,10.184401
2015-09-28 10:30:00,17.982
2015-09-29 10:30:00,17.3556
2015-09-30 10:30:00,8.748
2015-10-01 10:30:00,12.063601
2015-10-02 10:30:00,16.146
2015-10-03 10:30:00,17.1828
2015-10-04 10:30:00,17.4852
2015-10-05 10:30:00,8.2404
2015-10-06 10:30:00,16.9668
2015-10-07 10:30:00,9.6984005
2015-10-08 10:30:00,14.115601
2015-10-09 10:30:00,14.3856
2015-10-10 10:30:00,2.6784
2015-10-11 10:30:00,8.3268
2015-10-12 10:30:00,10.0764
2015-10-13 10:30:00,13.932
2015-10-14 10:30:00,14.1912
2015-10-15 10:30:00,15.260401
2015-10-16 10:30:00,12.7872
2015-10-17 10:30:00,4.5360003
2015-10-18 10:30:00,12.355201
2015-10-19 10:30:00,9.0504
2015-10-20 10:30:00,11.124001
2015-10-21 10:30:00,12.6468
2015-10-22 10:30:00,12.258
2015-10-23 10:30:00,12.668401
2015-10-24 10:30:00,10.26
2015-10-25 10:30:00,10.368
2015-10-26 10:30:00,1.3176
2015-10-27 10:30:00,5.6592
2015-10-28 10:30:00,8.7696
2015-10-29 10:30:00,8.251201
2015-10-30 10:30:00,9.4608
2015-10-31 10:30:00,10.2924
2015-11-01 10:30:00,11.6856
2015-11-02 10:30:00,10.0872
2015-11-03 10:30:00,7.6356
2015-11-04 10:30:00,2.5812001
2015-11-05 10:30:00,8.1864
2015-11-06 10:30:00,8.7372
2015-11-07 10:30:00,8.3808
2015-11-08 10:30:00,3.4128
2015-11-09 10:30:00,6.7608004
2015-11-10 10:30:00,4.2984
2015-11-11 10:30:00,8.694
2015-11-12 10:30:00,6.0264
2015-11-13 10:30:00,6.372
2015-11-14 10:30:00,4.6116
2015-11-15 10:30:00,8.845201
2015-11-16 10:30:00,7.2252
2015-11-17 10:30:00,6.4368
2015-11-18 10:30:00,5.4
2015-11-19 10:30:00,6.5988
2015-11-20 10:30:00,7.3224
2015-11-21 10:30:00,7.4412003
2015-11-22 10:30:00,8.0352
2015-11-23 10:30:00,6.966
2015-11-24 10:30:00,7.6032
2015-11-25 10:30:00,6.5664
2015-11-26 10:30:00,7.2684
2015-11-27 10:30:00,3.5856001
2015-11-28 10:30:00,7.1280003
2015-11-29 10:30:00,6.6636
2015-11-30 10:30:00,5.994
2015-12-01 10:30:00,3.3264
2015-12-02 10:30:00,5.0112
2015-12-03 10:30:00,2.8404
2015-12-04 10:30:00,3.5964
2015-12-05 10:30:00,6.8688
2015-12-06 10:30:00,4.7412
2015-12-07 10:30:00,4.8168
2015-12-08 10:30:00,6.0588
2015-12-09 10:30:00,4.86
2015-12-10 10:30:00,6.3288
2015-12-11 10:30:00,5.5620003
2015-12-12 10:30:00,6.3396
2015-12-13 10:30:00,6.156
2015-12-14 10:30:00,2.2680001
2015-12-15 10:30:00,2.0844
2015-12-16 10:30:00,6.21
2015-12-17 10:30:00,3.7800002
2015-12-18 10:30:00,6.1452003
2015-12-19 10:30:00,6.0156
2015-12-20 10:30:00,5.4756002
2015-12-21 10:30:00,5.9184003
2015-12-22 10:30:00,6.0696
2015-12-23 10:30:00,6.0156
2015-12-24 10:30:00,6.1128
2015-12-25 10:30:00,5.9724
2015-12-26 10:30:00,5.67
2015-12-27 10:30:00,5.7456
2015-12-28 10:30:00,6.1992
2015-12-29 10:30:00,5.7672
2015-12-30 10:30:00,6.0048003
2015-12-31 10:30:00,6.0264
2016-01-01 10:30:00,6.21
2016-01-02 10:30:00,6.3072
2016-01-03 10:30:00,5.7888002
2016-01-04 10:30:00,6.696
2016-01-05 10:30:00,1.2204
2016-01-06 10:30:00,6.7176003
2016-01-07 10:30:00,4.8492002
2016-01-08 10:30:00,6.9012003
2016-01-09 10:30:00,6.9768
2016-01-10 10:30:00,7.0524
2016-01-11 10:30:00,7.0092
2016-01-12 10:30:00,4.4820004
2016-01-13 10:30:00,7.1712003
2016-01-14 10:30:00,7.3116
2016-01-15 10:30:00,7.1280003
2016-01-16 10:30:00,7.506
2016-01-17 10:30:00,7.5276003
2016-01-18 10:30:00,7.7544003
2016-01-19 10:30:00,7.8840003
2016-01-20 10:30:00,7.9704003
2016-01-21 10:30:00,7.6356
2016-01-22 10:30:00,7.6248
2016-01-23 10:30:00,7.7004004
2016-01-24 10:30:00,8.0244
2016-01-25 10:30:00,8.3484
2016-01-26 10:30:00,8.6508
2016-01-27 10:30:00,8.2728
2016-01-28 10:30:00,9.0072
2016-01-29 10:30:00,9.126
2016-01-30 10:30:00,8.8344
2016-01-31 10:30:00,9.3096
2016-02-01 10:30:00,8.7156
2016-02-02 10:30:00,9.126
2016-02-03 10:30:00,9.190801
2016-02-04 10:30:00,8.316
2016-02-05 10:30:00,9.4392
2016-02-06 10:30:00,9.396
2016-02-07 10:30:00,7.0416
2016-02-08 10:30:00,9.0396
2016-02-09 10:30:00,9.9144
2016-02-10 10:30:00,9.730801
2016-02-11 10:30:00,7.506
2016-02-12 10:30:00,10.184401
2016-02-13 10:30:00,10.5624
2016-02-14 10:30:00,10.843201
2016-02-15 10:30:00,10.3356
2016-02-16 10:30:00,11.383201
2016-02-17 10:30:00,11.1456
2016-02-18 10:30:00,8.218801
2016-02-19 10:30:00,11.3508005
2016-02-20 10:30:00,11.6208
2016-02-21 10:30:00,11.923201
2016-02-22 10:30:00,12.355201
2016-02-23 10:30:00,12.8412
2016-02-24 10:30:00,13.0788
2016-02-25 10:30:00,13.392
2016-02-26 10:30:00,13.662001
2016-02-27 10:30:00,13.8996
2016-02-28 10:30:00,10.9188
2016-02-29 10:30:00,14.428801
2016-03-01 10:30:00,13.878
2016-03-02 10:30:00,4.59
2016-03-03 10:30:00,10.5084
2016-03-04 10:30:00,7.2468004
2016-03-05 10:30:00,8.0568
2016-03-06 10:30:00,8.9532
2016-03-07 10:30:00,12.8736
2016-03-08 10:30:00,12.744
2016-03-09 10:30:00,15.3036
2016-03-10 10:30:00,15.012
2016-03-11 10:30:00,16.0056
2016-03-12 10:30:00,14.947201
2016-03-13 10:30:00,15.681601
2016-03-14 10:30:00,14.461201
2016-03-15 10:30:00,16.848
2016-03-16 10:30:00,16.416
2016-03-17 10:30:00,16.0596
2016-03-18 10:30:00,4.5468
2016-03-19 10:30:00,17.1612
2016-03-20 10:30:00,17.28
2016-03-21 10:30:00,14.2776
2016-03-22 10:30:00,14.904
2016-03-23 10:30:00,18.792
2016-03-24 10:30:00,18.4248
2016-03-25 10:30:00,17.755201
2016-03-26 10:30:00,17.2584
2016-03-27 10:30:00,15.346801
2016-03-28 10:30:00,11.1024
2016-03-29 10:30:00,19.8936
2016-03-30 10:30:00,13.802401
2016-03-31 10:30:00,12.8736
2016-04-01 10:30:00,14.04
2016-04-02 10:30:00,21.114
2016-04-03 10:30:00,20.6712
2016-04-04 10:30:00,15.1956005
2016-04-05 10:30:00,23.814001
2016-04-06 10:30:00,16.3944
2016-04-07 10:30:00,23.166
2016-04-08 10:30:00,19.548
2016-04-09 10:30:00,22.215601
2016-04-10 10:30:00,24.300001
2016-04-11 10:30:00,12.9924
2016-04-12 10:30:00,18.975601
2016-04-13 10:30:00,6.8040004
2016-04-14 10:30:00,20.9088
2016-04-15 10:30:00,14.234401
2016-04-16 10:30:00,3.4236002
2016-04-17 10:30:00,19.4508
2016-04-18 10:30:00,13.9104
2016-04-19 10:30:00,23.144402
2016-04-20 10:30:00,22.8312
2016-04-21 10:30:00,24.0732
2016-04-22 10:30:00,17.3556
2016-04-23 10:30:00,24.7968
2016-04-24 10:30:00,18.2304
2016-04-25 10:30:00,20.854801
2016-04-26 10:30:00,16.7616
2016-04-27 10:30:00,17.766
2016-04-28 10:30:00,27.8964
2016-04-29 10:30:00,10.1736
2016-04-30 10:30:00,24.537601
2016-05-01 10:30:00,14.1912
2016-05-02 10:30:00,9.558001
2016-05-03 10:30:00,14.0184
2016-05-04 10:30:00,23.5548
2016-05-05 10:30:00,8.748
2016-05-06 10:30:00,14.7528
2016-05-07 10:30:00,28.1124
2016-05-08 10:30:00,23.0364
2016-05-09 10:30:00,27.0324
2016-05-10 10:30:00,28.5876
2016-05-11 10:30:00,7.5492
2016-05-12 10:30:00,10.8864
2016-05-13 10:30:00,29.9808
2016-05-14 10:30:00,14.342401
2016-05-15 10:30:00,21.686401
2016-05-16 10:30:00,27.972
2016-05-17 10:30:00,27.637201
2016-05-18 10:30:00,29.516401
2016-05-19 10:30:00,21.6
2016-05-20 10:30:00,22.1292
2016-05-21 10:30:00,17.4852
2016-05-22 10:30:00,20.962801
2016-05-23 10:30:00,10.692
2016-05-24 10:30:00,13.7916
2016-05-25 10:30:00,20.52
2016-05-26 10:30:00,30.348001
2016-05-27 10:30:00,31.222801
2016-05-28 10:30:00,23.1228
2016-05-29 10:30:00,28.749601
2016-05-30 10:30:00,27.324001
2016-05-31 10:30:00,31.374
2016-06-01 10:30:00,24.224401
2016-06-02 10:30:00,28.0368
2016-06-03 10:30:00,29.214
2016-06-04 10:30:00,23.155201
2016-06-05 10:30:00,20.2176
2016-06-06 10:30:00,6.8580003
2016-06-07 10:30:00,16.405201
2016-06-08 10:30:00,27.5508
2016-06-09 10:30:00,18.414
2016-06-10 10:30:00,9.4932
2016-06-11 10:30:00,25.7148
2016-06-12 10:30:00,25.1532
2016-06-13 10:30:00,22.518
2016-06-14 10:30:00,27.918001
2016-06-15 10:30:00,20.055601
2016-06-16 10:30:00,23.2632
2016-06-17 10:30:00,21.0816
2016-06-18 10:30:00,17.7336
2016-06-19 10:30:00,26.2008
2016-06-20 10:30:00,21.5676
2016-06-21 10:30:00,28.62
2016-06-22 10:30:00,14.9256
2016-06-23 10:30:00,15.7356
2016-06-24 10:30:00,15.4764
2016-06-25 10:30:00,27.712801
2016-06-26 10:30:00,28.501202
2016-06-27 10:30:00,18.5112
2016-06-28 10:30:00,18.0252
2016-06-29 10:30:00,9.1476
2016-06-30 10:30:00,7.7328
2016-07-01 10:30:00,28.5984
2016-07-02 10:30:00,23.878801
2016-07-03 10:30:00,22.2696
2016-07-04 10:30:00,30.596401
2016-07-05 10:30:00,29.2464
2016-07-06 10:30:00,27.6156
2016-07-07 10:30:00,25.7364
2016-07-08 10:30:00,22.6692
2016-07-09 10:30:00,24.051601
2016-07-10 10:30:00,22.0536
2016-07-11 10:30:00,20.0448
2016-07-12 10:30:00,17.9388
2016-07-13 10:30:00,31.4712
2016-07-14 10:30:00,27.075602
2016-07-15 10:30:00,30.1644
2016-07-16 10:30:00,24.440401
2016-07-17 10:30:00,26.2224
2016-07-18 10:30:00,28.566
2016-07-19 10:30:00,23.706001
2016-07-20 10:30:00,19.548
2016-07-21 10:30:00,16.5132
2016-07-22 10:30:00,3.6072001
2016-07-23 10:30:00,19.3536
2016-07-24 10:30:00,26.978401
2016-07-25 10:30:00,8.4996
2016-07-26 10:30:00,22.280401
2016-07-27 10:30:00,26.211601
2016-07-28 10:30:00,18.3924
2016-07-29 10:30:00,29.1492
2016-07-30 10:30:00,25.023602
2016-07-31 10:30:00,11.5992
2016-08-01 10:30:00,27.885601
2016-08-02 10:30:00,24.1812
2016-08-03 10:30:00,26.19
2016-08-04 10:30:00,21.999601
2016-08-05 10:30:00,21.978
2016-08-06 10:30:00,4.6656003
2016-08-07 10:30:00,26.5032
2016-08-08 10:30:00,26.3304
2016-08-09 10:30:00,6.2532
2016-08-10 10:30:00,21.0816
2016-08-11 10:30:00,22.215601
2016-08-12 10:30:00,23.058
2016-08-13 10:30:00,24.6672
2016-08-14 10:30:00,21.7728
2016-08-15 10:30:00,20.2716
2016-08-16 10:30:00,23.2632
2016-08-17 10:30:00,20.3904
2016-08-18 10:30:00,22.0104
2016-08-19 10:30:00,23.544
2016-08-20 10:30:00,17.7012
2016-08-21 10:30:00,22.95
2016-08-22 10:30:00,25.0128
2016-08-23 10:30:00,9.6552
2016-08-24 10:30:00,16.0056
2016-08-25 10:30:00,23.652
2016-08-26 10:30:00,21.816
2016-08-27 10:30:00,25.207201
2016-08-28 10:30:00,24.246
2016-08-29 10:30:00,22.6152
2016-08-30 10:30:00,14.288401
2016-08-31 10:30:00,3.6072001
2016-09-01 10:30:00,4.0392003
2016-09-02 10:30:00,13.003201
2016-09-03 10:30:00,14.31
2016-09-04 10:30:00,6.6852
2016-09-05 10:30:00,12.0744
2016-09-06 10:30:00,11.383201
2016-09-07 10:30:00,21.967201
2016-09-08 10:30:00,12.3876
2016-09-09 10:30:00,6.4476004
2016-09-10 10:30:00,1.6524
2016-09-11 10:30:00,13.975201
2016-09-12 10:30:00,15.2388
2016-09-13 10:30:00,16.848
2016-09-14 10:30:00,3.1536
2016-09-15 10:30:00,18.802801
2016-09-16 10:30:00,8.3592005
2016-09-17 10:30:00,13.9536
2016-09-18 10:30:00,20.919601
2016-09-19 10:30:00,15.9192
2016-09-20 10:30:00,18.1548
2016-09-21 10:30:00,17.496
2016-09-22 10:30:00,17.5608
2016-09-23 10:30:00,15.8220005
2016-09-24 10:30:00,2.862
2016-09-25 10:30:00,17.7012
2016-09-26 10:30:00,6.9336
2016-09-27 10:30:00,9.342
2016-09-28 10:30:00,19.1592
2016-09-29 10:30:00,15.0228
2016-09-30 10:30:00,16.891201
2016-10-01 10:30:00,17.442001
2016-10-02 10:30:00,12.150001
2016-10-03 10:30:00,13.294801
2016-10-04 10:30:00,2.7216
2016-10-05 10:30:00,13.489201
2016-10-06 10:30:00,15.1524
2016-10-07 10:30:00,1.6524
2016-10-08 10:30:00,15.0768
2016-10-09 10:30:00,14.029201
2016-10-10 10:30:00,13.2300005
2016-10-11 10:30:00,15.141601
2016-10-12 10:30:00,13.1976
2016-10-13 10:30:00,14.655601
2016-10-14 10:30:00,12.808801
2016-10-15 10:30:00,12.7332
2016-10-16 10:30:00,9.6228
2016-10-17 10:30:00,11.988
2016-10-18 10:30:00,12.409201
2016-10-19 10:30:00,2.43
2016-10-20 10:30:00,12.1068
2016-10-21 10:30:00,1.9764
2016-10-22 10:30:00,12.1716
2016-10-23 10:30:00,8.6616
2016-10-24 10:30:00,7.9164004
2016-10-25 10:30:00,7.4952
2016-10-26 10:30:00,11.9988
2016-10-27 10:30:00,7.6248
2016-10-28 10:30:00,12.268801
2016-10-29 10:30:00,11.3508005
2016-10-30 10:30:00,10.692
2016-10-31 10:30:00,10.216801
2016-11-01 10:30:00,10.6056
2016-11-02 10:30:00,9.590401
2016-11-03 10:30:00,6.102
2016-11-04 10:30:00,2.9592001
2016-11-05 10:30:00,4.6332
2016-11-06 10:30:00,4.0176
2016-11-07 10:30:00,8.9532
2016-11-08 10:30:00,6.4044003
2016-11-09 10:30:00,6.0156
2016-11-10 10:30:00,3.0564
2016-11-11 10:30:00,5.3676
2016-11-12 10:30:00,7.722
2016-11-13 10:30:00,5.6376
2016-11-14 10:30:00,2.0628002
2016-11-15 10:30:00,5.4324
2016-11-16 10:30:00,8.8236
2016-11-17 10:30:00,6.1776004
2016-11-18 10:30:00,2.1708
2016-11-19 10:30:00,2.808
2016-11-20 10:30:00,1.7172
2016-11-21 10:30:00,8.3268
2016-11-22 10:30:00,8.1864
2016-11-23 10:30:00,7.992
2016-11-24 10:30:00,7.8840003
2016-11-25 10:30:00,7.6248
2016-11-26 10:30:00,2.5704
2016-11-27 10:30:00,7.4088
2016-11-28 10:30:00,7.2252
2016-11-29 10:30:00,6.912
2016-11-30 10:30:00,4.1796002
2016-12-01 10:30:00,7.0740004
2016-12-02 10:30:00,6.5448003
2016-12-03 10:30:00,6.8904004
2016-12-04 10:30:00,4.374
2016-12-05 10:30:00,4.7304
2016-12-06 10:30:00,4.158
2016-12-07 10:30:00,3.0132
2016-12-08 10:30:00,5.7780004
2016-12-09 10:30:00,6.3936
2016-12-10 10:30:00,6.3612003
2016-12-11 10:30:00,3.1968
2016-12-12 10:30:00,6.1668
2016-12-13 10:30:00,6.2316003
2016-12-14 10:30:00,6.2208004
2016-12-15 10:30:00,6.21
2016-12-16 10:30:00,4.2984
2016-12-17 10:30:00,5.7456
2016-12-18 10:30:00,5.7996
2016-12-19 10:30:00,5.8752003
2016-12-20 10:30:00,4.1472
2016-12-21 10:30:00,5.6808
2016-12-22 10:30:00,3.2832
2016-12-23 10:30:00,6.0156
2016-12-24 10:30:00,5.8428
2016-12-25 10:30:00,2.7
2016-12-26 10:30:00,5.7024
2016-12-27 10:30:00,5.238
2016-12-28 10:30:00,5.7780004
2016-12-29 10:30:00,6.0480003
2016-12-30 10:30:00,5.886
2016-12-31 10:30:00,6.0480003
2017-01-01 10:30:00,5.5404
2017-01-02 10:30:00,6.3180003
2017-01-03 10:30:00,6.4044003
2017-01-04 10:30:00,6.5016003
2017-01-05 10:30:00,6.6096
2017-01-06 10:30:00,6.3612003
2017-01-07 10:30:00,6.6096
2017-01-08 10:30:00,4.4604
2017-01-09 10:30:00,6.6312003
2017-01-10 10:30:00,6.156
2017-01-11 10:30:00,6.7284
2017-01-12 10:30:00,6.7932
2017-01-13 10:30:00,6.3828
2017-01-14 10:30:00,7.3332
2017-01-15 10:30:00,7.4088
2017-01-16 10:30:00,6.9984
2017-01-17 10:30:00,4.2876
2017-01-18 10:30:00,7.5384
2017-01-19 10:30:00,7.3116
2017-01-20 10:30:00,7.8084
2017-01-21 10:30:00,5.7132
2017-01-22 10:30:00,7.7652
2017-01-23 10:30:00,8.0676
2017-01-24 10:30:00,8.2728
2017-01-25 10:30:00,8.0136
2017-01-26 10:30:00,4.2336
2017-01-27 10:30:00,8.6616
2017-01-28 10:30:00,8.2404
2017-01-29 10:30:00,9.0072
2017-01-30 10:30:00,9.158401
2017-01-31 10:30:00,9.2124
2017-02-01 10:30:00,8.391601
2017-02-02 10:30:00,8.262
2017-02-03 10:30:00,8.316
2017-02-04 10:30:00,7.4736004
2017-02-05 10:30:00,8.6508
2017-02-06 10:30:00,9.72
2017-02-07 10:30:00,7.2036004
2017-02-08 10:30:00,9.7092
2017-02-09 10:30:00,9.396
2017-02-10 10:30:00,9.6768
2017-02-11 10:30:00,10.0764
2017-02-12 10:30:00,8.64
2017-02-13 10:30:00,10.7784
2017-02-14 10:30:00,10.1736
2017-02-15 10:30:00,5.9832
2017-02-16 10:30:00,11.782801
2017-02-17 10:30:00,11.3076
2017-02-18 10:30:00,11.7396
2017-02-19 10:30:00,3.3156002
2017-02-20 10:30:00,5.2488003
2017-02-21 10:30:00,7.1388
2017-02-22 10:30:00,9.2664
2017-02-23 10:30:00,12.2148
2017-02-24 10:30:00,12.495601
2017-02-25 10:30:00,13.2732
2017-02-26 10:30:00,13.5648
2017-02-27 10:30:00,13.2192
2017-02-28 10:30:00,13.2300005
2017-03-01 10:30:00,13.7376
2017-03-02 10:30:00,11.448
2017-03-03 10:30:00,13.489201
2017-03-04 10:30:00,10.908
2017-03-05 10:30:00,14.0508
2017-03-06 10:30:00,14.374801
2017-03-07 10:30:00,13.1976
2017-03-08 10:30:00,15.228001
2017-03-09 10:30:00,15.7896
2017-03-10 10:30:00,16.783201
2017-03-11 10:30:00,15.368401
2017-03-12 10:30:00,14.407201
2017-03-13 10:30:00,16.2108
2017-03-14 10:30:00,16.891201
2017-03-15 10:30:00,16.7724
2017-03-16 10:30:00,17.1828
2017-03-17 10:30:00,14.2668
2017-03-18 10:30:00,16.923601
2017-03-19 10:30:00,10.810801
2017-03-20 10:30:00,13.5864
2017-03-21 10:30:00,16.5132
2017-03-22 10:30:00,17.1396
2017-03-23 10:30:00,18.316801
2017-03-24 10:30:00,16.189201
2017-03-25 10:30:00,13.5972
2017-03-26 10:30:00,14.7960005
2017-03-27 10:30:00,19.008001
2017-03-28 10:30:00,16.362
2017-03-29 10:30:00,13.392
2017-03-30 10:30:00,8.478001
2017-03-31 10:30:00,20.368801
2017-04-01 10:30:00,20.142
2017-04-02 10:30:00,22.1508
2017-04-03 10:30:00,19.4724
2017-04-04 10:30:00,19.9908
2017-04-05 10:30:00,18.349201
2017-04-06 10:30:00,21.027601
2017-04-07 10:30:00,9.277201
2017-04-08 10:30:00,24.6672
2017-04-09 10:30:00,23.565601
2017-04-10 10:30:00,10.4868
2017-04-11 10:30:00,20.9304
2017-04-12 10:30:00,22.7232
2017-04-13 10:30:00,24.753601
2017-04-14 10:30:00,24.084002
2017-04-15 10:30:00,25.8012
2017-04-16 10:30:00,21.6756
2017-04-17 10:30:00,16.0488
2017-04-18 10:30:00,11.3724
2017-04-19 10:30:00,23.360401
2017-04-20 10:30:00,23.641201
2017-04-21 10:30:00,26.730001
2017-04-22 10:30:00,11.469601
2017-04-23 10:30:00,20.0988
2017-04-24 10:30:00,20.6172
2017-04-25 10:30:00,16.4484
2017-04-26 10:30:00,20.822401
2017-04-27 10:30:00,21.6648
2017-04-28 10:30:00,24.1812
2017-04-29 10:30:00,26.7408
2017-04-30 10:30:00,28.5552
2017-05-01 10:30:00,25.1532
2017-05-02 10:30:00,21.9564
2017-05-03 10:30:00,17.9496
2017-05-04 10:30:00,19.7964
2017-05-05 10:30:00,6.9876003
2017-05-06 10:30:00,15.7896
2017-05-07 10:30:00,25.5312
2017-05-08 10:30:00,28.652401
2017-05-09 10:30:00,27.7668
2017-05-10 10:30:00,20.120401
2017-05-11 10:30:00,9.158401
2017-05-12 10:30:00,19.3104
2017-05-13 10:30:00,18.770401
2017-05-14 10:30:00,6.5340004
2017-05-15 10:30:00,29.656801
2017-05-16 10:30:00,23.8896
2017-05-17 10:30:00,24.3432
2017-05-18 10:30:00,29.322
2017-05-19 10:30:00,20.1636
2017-05-20 10:30:00,17.3556
2017-05-21 10:30:00,5.2272
2017-05-22 10:30:00,13.521601
2017-05-23 10:30:00,23.0256
2017-05-24 10:30:00,12.1392
2017-05-25 10:30:00,31.212
2017-05-26 10:30:00,27.496801
2017-05-27 10:30:00,28.134
2017-05-28 10:30:00,27.6264
2017-05-29 10:30:00,30.3048
2017-05-30 10:30:00,32.9724
2017-05-31 10:30:00,27.108
2017-06-01 10:30:00,21.1032
2017-06-02 10:30:00,17.895601
2017-06-03 10:30:00,26.8596
2017-06-04 10:30:00,27.7992
2017-06-05 10:30:00,25.3908
2017-06-06 10:30:00,9.7416
2017-06-07 10:30:00,27.010801
2017-06-08 10:30:00,23.284801
2017-06-09 10:30:00,29.5596
2017-06-10 10:30:00,27.669601
2017-06-11 10:30:00,20.1744
2017-06-12 10:30:00,21.6756
2017-06-13 10:30:00,28.1448
2017-06-14 10:30:00,28.7604
2017-06-15 10:30:00,24.2892
2017-06-16 10:30:00,21.438
2017-06-17 10:30:00,25.1208
2017-06-18 10:30:00,28.566
2017-06-19 10:30:00,24.2352
2017-06-20 10:30:00,13.888801
2017-06-21 10:30:00,10.9512005
2017-06-22 10:30:00,32.5728
2017-06-23 10:30:00,26.038801
2017-06-24 10:30:00,27.216002
2017-06-25 10:30:00,23.9436
2017-06-26 10:30:00,24.678001
2017-06-27 10:30:00,25.725601
2017-06-28 10:30:00,25.8768
2017-06-29 10:30:00,18.1116
2017-06-30 10:30:00,13.0572
2017-07-01 10:30:00,27.010801
2017-07-02 10:30:00,18.9648
2017-07-03 10:30:00,27.702002
2017-07-04 10:30:00,28.674002
2017-07-05 10:30:00,25.5312
2017-07-06 10:30:00,26.4816
2017-07-07 10:30:00,18.1656
2017-07-08 10:30:00,9.2988
2017-07-09 10:30:00,27.291601
2017-07-10 10:30:00,18.630001
2017-07-11 10:30:00,24.0084
2017-07-12 10:30:00,26.773201
2017-07-13 10:30:00,22.075201
2017-07-14 10:30:00,28.3608
2017-07-15 10:30:00,18.7596
2017-07-16 10:30:00,23.8572
2017-07-17 10:30:00,21.232801
2017-07-18 10:30:00,26.276402
2017-07-19 10:30:00,24.710402
2017-07-20 10:30:00,8.0244
2017-07-21 10:30:00,24.894001
2017-07-22 10:30:00,26.697601
2017-07-23 10:30:00,14.1264
2017-07-24 10:30:00,31.147202
2017-07-25 10:30:00,27.5508
2017-07-26 10:30:00,15.0444
2017-07-27 10:30:00,17.7336
2017-07-28 10:30:00,28.9116
2017-07-29 10:30:00,23.922
2017-07-30 10:30:00,22.3776
2017-07-31 10:30:00,19.4832
2017-08-01 10:30:00,9.3636
2017-08-02 10:30:00,14.5692005
2017-08-03 10:30:00,5.7780004
2017-08-04 10:30:00,19.6236
2017-08-05 10:30:00,26.3736
2017-08-06 10:30:00,18.522001
2017-08-07 10:30:00,18.1008
2017-08-08 10:30:00,16.5132
2017-08-09 10:30:00,16.686
2017-08-10 10:30:00,13.878
2017-08-11 10:30:00,11.0916
2017-08-12 10:30:00,22.528801
2017-08-13 10:30:00,16.4808
2017-08-14 10:30:00,15.4116
2017-08-15 10:30:00,11.3508005
2017-08-16 10:30:00,17.377201
2017-08-17 10:30:00,18.7056
2017-08-18 10:30:00,22.6152
2017-08-19 10:30:00,24.4188
2017-08-20 10:30:00,20.6712
2017-08-21 10:30:00,22.766401
2017-08-22 10:30:00,21.492
2017-08-23 10:30:00,16.794
2017-08-24 10:30:00,18.0576
2017-08-25 10:30:00,11.1888
2017-08-26 10:30:00,24.440401
2017-08-27 10:30:00,19.062
2017-08-28 10:30:00,23.436
2017-08-29 10:30:00,25.650002
2017-08-30 10:30:00,24.84
2017-08-31 10:30:00,24.732
2017-09-01 10:30:00,23.652
2017-09-02 10:30:00,22.734001
2017-09-03 10:30:00,4.7952003
2017-09-04 10:30:00,16.891201
2017-09-05 10:30:00,18.1116
2017-09-06 10:30:00,20.6172
2017-09-07 10:30:00,21.859201
2017-09-08 10:30:00,22.2696
2017-09-09 10:30:00,22.248001
2017-09-10 10:30:00,10.0116005
2017-09-11 10:30:00,20.4552
2017-09-12 10:30:00,15.433201
2017-09-13 10:30:00,21.9456
2017-09-14 10:30:00,21.934801
2017-09-15 10:30:00,2.6784
2017-09-16 10:30:00,8.316
2017-09-17 10:30:00,6.9552
2017-09-18 10:30:00,17.82
2017-09-19 10:30:00,5.8752003
2017-09-20 10:30:00,17.4312
2017-09-21 10:30:00,19.2672
2017-09-22 10:30:00,17.1828
2017-09-23 10:30:00,15.1848
2017-09-24 10:30:00,17.8848
2017-09-25 10:30:00,18.6516
2017-09-26 10:30:00,15.1956005
2017-09-27 10:30:00,15.573601
2017-09-28 10:30:00,14.0724
2017-09-29 10:30:00,16.124401
2017-09-30 10:30:00,12.744
2017-10-01 10:30:00,18.6408
2017-10-02 10:30:00,17.269201
2017-10-03 10:30:00,13.208401
2017-10-04 10:30:00,14.4828005
2017-10-05 10:30:00,14.5368
2017-10-06 10:30:00,9.4608
2017-10-07 10:30:00,10.983601
2017-10-08 10:30:00,1.0584
2017-10-09 10:30:00,5.3136
2017-10-10 10:30:00,6.1668
2017-10-11 10:30:00,7.1496
2017-10-12 10:30:00,11.696401
2017-10-13 10:30:00,13.5108
2017-10-14 10:30:00,12.798
2017-10-15 10:30:00,7.0740004
2017-10-16 10:30:00,13.9536
2017-10-17 10:30:00,14.061601
2017-10-18 10:30:00,10.411201
2017-10-19 10:30:00,14.1696005
2017-10-20 10:30:00,9.9792
2017-10-21 10:30:00,12.690001
2017-10-22 10:30:00,11.2644005
2017-10-23 10:30:00,11.6748
2017-10-24 10:30:00,11.1348
2017-10-25 10:30:00,10.6488
2017-10-26 10:30:00,11.1132
2017-10-27 10:30:00,9.9252
2017-10-28 10:30:00,9.104401
2017-10-29 10:30:00,9.666
2017-10-30 10:30:00,10.422
2017-10-31 10:30:00,11.0592
2017-11-01 10:30:00,8.704801
2017-11-02 10:30:00,10.2924
2017-11-03 10:30:00,9.5472
2017-11-04 10:30:00,5.886
2017-11-05 10:30:00,8.9208
2017-11-06 10:30:00,6.9984
2017-11-07 10:30:00,3.132
2017-11-08 10:30:00,8.7804
2017-11-09 10:30:00,2.7972
2017-11-10 10:30:00,8.2404
2017-11-11 10:30:00,9.871201
2017-11-12 10:30:00,6.8796
2017-11-13 10:30:00,8.704801
2017-11-14 10:30:00,6.156
2017-11-15 10:30:00,8.91
2017-11-16 10:30:00,7.7652
2017-11-17 10:30:00,8.262
2017-11-18 10:30:00,3.8772001
2017-11-19 10:30:00,7.29
2017-11-20 10:30:00,8.3376
2017-11-21 10:30:00,3.7152002
2017-11-22 10:30:00,8.305201
2017-11-23 10:30:00,7.6248
2017-11-24 10:30:00,7.3224
2017-11-25 10:30:00,7.4844003
2017-11-26 10:30:00,7.1172004
2017-11-27 10:30:00,6.0804
2017-11-28 10:30:00,6.5664
2017-11-29 10:30:00,6.5448003
2017-11-30 10:30:00,6.5124
2017-12-01 10:30:00,6.7608004
2017-12-02 10:30:00,5.94
2017-12-03 10:30:00,3.1212
2017-12-04 10:30:00,5.3568
2017-12-05 10:30:00,5.7780004
2017-12-06 10:30:00,6.4476004
2017-12-07 10:30:00,6.2856
2017-12-08 10:30:00,6.1884003
2017-12-09 10:30:00,1.8576001
2017-12-10 10:30:00,1.9656
2017-12-11 10:30:00,3.9312
2017-12-12 10:30:00,5.8212004
2017-12-13 10:30:00,6.1128
2017-12-14 10:30:00,5.5080004
2017-12-15 10:30:00,5.9076
2017-12-16 10:30:00,5.9616003
2017-12-17 10:30:00,6.0048003
2017-12-18 10:30:00,3.6612
2017-12-19 10:30:00,6.0048003
2017-12-20 10:30:00,5.8428
2017-12-21 10:30:00,3.1644
2017-12-22 10:30:00,6.1776004
2017-12-23 10:30:00,2.4084
2017-12-24 10:30:00,5.7132
2017-12-25 10:30:00,4.3848
2017-12-26 10:30:00,6.5124
2017-12-27 10:30:00,5.994
2017-12-28 10:30:00,3.9528
2017-12-29 10:30:00,5.4648004
2017-12-30 10:30:00,5.8428
2017-12-31 10:30:00,5.8968
2018-01-01 10:30:00,5.9724
2018-01-02 10:30:00,5.9184003
2018-01-03 10:30:00,6.3072
2018-01-04 10:30:00,7.1064
2018-01-05 10:30:00,6.7284
2018-01-06 10:30:00,6.9552
2018-01-07 10:30:00,5.5188003
2018-01-08 10:30:00,3.5532
2018-01-09 10:30:00,1.0368
2018-01-10 10:30:00,2.97
2018-01-11 10:30:00,6.5880003
2018-01-12 10:30:00,6.6528
2018-01-13 10:30:00,5.1624002
2018-01-14 10:30:00,4.5468
2018-01-15 10:30:00,5.3784003
2018-01-16 10:30:00,7.506
2018-01-17 10:30:00,7.6572003
2018-01-18 10:30:00,7.8516
2018-01-19 10:30:00,7.8624
2018-01-20 10:30:00,7.8948
2018-01-21 10:30:00,8.078401
2018-01-22 10:30:00,8.0028
2018-01-23 10:30:00,7.8516
2018-01-24 10:30:00,8.2728
2018-01-25 10:30:00,8.391601
2018-01-26 10:30:00,8.4996
2018-01-27 10:30:00,8.4456005
2018-01-28 10:30:00,7.1928
2018-01-29 10:30:00,8.791201
2018-01-30 10:30:00,8.9856
2018-01-31 10:30:00,9.1692
2018-02-01 10:30:00,8.856
2018-02-02 10:30:00,8.845201
2018-02-03 10:30:00,9.190801
2018-02-04 10:30:00,9.3852005
2018-02-05 10:30:00,9.730801
2018-02-06 10:30:00,9.730801
2018-02-07 10:30:00,9.784801
2018-02-08 10:30:00,9.0504
2018-02-09 10:30:00,9.9684
2018-02-10 10:30:00,9.817201
2018-02-11 10:30:00,9.5256
2018-02-12 10:30:00,10.476
2018-02-13 10:30:00,10.897201
2018-02-14 10:30:00,11.016001
2018-02-15 10:30:00,9.7632
2018-02-16 10:30:00,11.4156
2018-02-17 10:30:00,11.642401
2018-02-18 10:30:00,11.5776005
2018-02-19 10:30:00,12.0528
2018-02-20 10:30:00,12.1392
2018-02-21 10:30:00,9.4068
2018-02-22 10:30:00,10.983601
2018-02-23 10:30:00,11.232
2018-02-24 10:30:00,12.182401
2018-02-25 10:30:00,12.0744
2018-02-26 10:30:00,11.6316
2018-02-27 10:30:00,12.1392
2018-02-28 10:30:00,3.1968
2018-03-01 10:30:00,12.9708
2018-03-02 10:30:00,13.8132
2018-03-03 10:30:00,4.8492002
2018-03-04 10:30:00,11.7936
2018-03-05 10:30:00,13.716001
2018-03-06 10:30:00,14.5044
2018-03-07 10:30:00,12.9384
2018-03-08 10:30:00,13.1652
2018-03-09 10:30:00,11.5668
2018-03-10 10:30:00,14.774401
2018-03-11 10:30:00,15.0228
2018-03-12 10:30:00,12.150001
2018-03-13 10:30:00,8.856
2018-03-14 10:30:00,4.1904
2018-03-15 10:30:00,16.891201
2018-03-16 10:30:00,17.064001
2018-03-17 10:30:00,17.9712
2018-03-18 10:30:00,17.712
2018-03-19 10:30:00,18.36
2018-03-20 10:30:00,15.9192
2018-03-21 10:30:00,17.517601
2018-03-22 10:30:00,15.7788
2018-03-23 10:30:00,18.198
2018-03-24 10:30:00,18.576
2018-03-25 10:30:00,17.4312
2018-03-26 10:30:00,14.04
2018-03-27 10:30:00,16.502401
2018-03-28 10:30:00,20.3472
2018-03-29 10:30:00,20.336401
2018-03-30 10:30:00,14.5584
2018-03-31 10:30:00,14.828401
2018-04-01 10:30:00,10.962
2018-04-02 10:30:00,6.4908004
2018-04-03 10:30:00,21.340801
2018-04-04 10:30:00,21.6432
2018-04-05 10:30:00,6.2532
2018-04-06 10:30:00,14.2236
2018-04-07 10:30:00,21.9564
2018-04-08 10:30:00,22.345201
2018-04-09 10:30:00,19.1376
2018-04-10 10:30:00,5.3244
2018-04-11 10:30:00,21.8808
2018-04-12 10:30:00,17.064001
2018-04-13 10:30:00,7.0092
2018-04-14 10:30:00,5.7024
2018-04-15 10:30:00,25.7472
2018-04-16 10:30:00,17.9064
2018-04-17 10:30:00,21.1248
2018-04-18 10:30:00,19.9584
2018-04-19 10:30:00,23.047201
2018-04-20 10:30:00,7.9812
2018-04-21 10:30:00,24.2136
2018-04-22 10:30:00,20.401201
2018-04-23 10:30:00,16.0704
2018-04-24 10:30:00,26.4384
2018-04-25 10:30:00,26.557201
2018-04-26 10:30:00,23.6844
2018-04-27 10:30:00,19.7208
2018-04-28 10:30:00,22.5072
2018-04-29 10:30:00,10.692
2018-04-30 10:30:00,16.3512
2018-05-01 10:30:00,14.2776
2018-05-02 10:30:00,19.5588
2018-05-03 10:30:00,28.7928
2018-05-04 10:30:00,27.648
2018-05-05 10:30:00,29.2248
2018-05-06 10:30:00,25.898401
2018-05-07 10:30:00,25.3908
2018-05-08 10:30:00,27.572401
2018-05-09 10:30:00,27.918001
2018-05-10 10:30:00,28.2852
2018-05-11 10:30:00,24.678001
2018-05-12 10:30:00,16.5996
2018-05-13 10:30:00,22.312801
2018-05-14 10:30:00,19.116001
2018-05-15 10:30:00,17.496
2018-05-16 10:30:00,16.8804
2018-05-17 10:30:00,20.196001
2018-05-18 10:30:00,29.8512
2018-05-19 10:30:00,23.9436
2018-05-20 10:30:00,12.6576
2018-05-21 10:30:00,26.3952
2018-05-22 10:30:00,10.2924
2018-05-23 10:30:00,16.297201
2018-05-24 10:30:00,22.215601
2018-05-25 10:30:00,28.155602
2018-05-26 10:30:00,24.7212
2018-05-27 10:30:00,16.308
2018-05-28 10:30:00,8.7696
2018-05-29 10:30:00,18.6192
2018-05-30 10:30:00,29.9592
2018-05-31 10:30:00,27.356401
2018-06-01 10:30:00,25.8876
2018-06-02 10:30:00,28.5552
2018-06-03 10:30:00,17.4312
2018-06-04 10:30:00,26.0496
2018-06-05 10:30:00,24.505201
2018-06-06 10:30:00,17.3988
2018-06-07 10:30:00,21.978
2018-06-08 10:30:00,24.1164
2018-06-09 10:30:00,10.692
2018-06-10 10:30:00,22.874401
2018-06-11 10:30:00,21.859201
2018-06-12 10:30:00,14.9364
2018-06-13 10:30:00,16.308
2018-06-14 10:30:00,19.818
2018-06-15 10:30:00,12.5712
2018-06-16 10:30:00,26.2008
2018-06-17 10:30:00,25.4556
2018-06-18 10:30:00,11.5884
2018-06-19 10:30:00,22.0644
2018-06-20 10:30:00,27.950401
2018-06-21 10:30:00,30.2292
2018-06-22 10:30:00,22.8528
2018-06-23 10:30:00,31.914001
2018-06-24 10:30:00,16.3404
2018-06-25 10:30:00,10.9512005
2018-06-26 10:30:00,18.3276
2018-06-27 10:30:00,8.964001
2018-06-28 10:30:00,30.7908
2018-06-29 10:30:00,25.617601
2018-06-30 10:30:00,26.902802
2018-07-01 10:30:00,25.9524
2018-07-02 10:30:00,29.203201
2018-07-03 10:30:00,20.304
2018-07-04 10:30:00,10.314
2018-07-05 10:30:00,12.895201
2018-07-06 10:30:00,14.9364
2018-07-07 10:30:00,7.1496
2018-07-08 10:30:00,24.958801
2018-07-09 10:30:00,29.052
2018-07-10 10:30:00,29.0736
2018-07-11 10:30:00,16.632
2018-07-12 10:30:00,26.449202
2018-07-13 10:30:00,28.544401
2018-07-14 10:30:00,27.648
2018-07-15 10:30:00,28.4256
2018-07-16 10:30:00,7.4844003
2018-07-17 10:30:00,12.8412
2018-07-18 10:30:00,21.589201
2018-07-19 10:30:00,26.4708
2018-07-20 10:30:00,12.063601
2018-07-21 10:30:00,11.4588
2018-07-22 10:30:00,28.566
2018-07-23 10:30:00,29.484001
2018-07-24 10:30:00,9.6228
2018-07-25 10:30:00,12.463201
2018-07-26 10:30:00,28.836
2018-07-27 10:30:00,29.548801
2018-07-28 10:30:00,28.684801
2018-07-29 10:30:00,25.326
2018-07-30 10:30:00,15.6384
2018-07-31 10:30:00,28.404001
2018-08-01 10:30:00,27.756
2018-08-02 10:30:00,24.2352
2018-08-03 10:30:00,20.6388
2018-08-04 10:30:00,9.558001
2018-08-05 10:30:00,23.436
2018-08-06 10:30:00,10.7676
2018-08-07 10:30:00,16.6212
2018-08-08 10:30:00,24.6024
2018-08-09 10:30:00,26.276402
2018-08-10 10:30:00,28.1016
2018-08-11 10:30:00,12.1068
2018-08-12 10:30:00,13.888801
2018-08-13 10:30:00,4.59
2018-08-14 10:30:00,7.3116
2018-08-15 10:30:00,22.0212
2018-08-16 10:30:00,24.7212
2018-08-17 10:30:00,10.6488
2018-08-18 10:30:00,26.762402
2018-08-19 10:30:00,25.930801
2018-08-20 10:30:00,21.826801
2018-08-21 10:30:00,20.0448
2018-08-22 10:30:00,23.0688
2018-08-23 10:30:00,25.1208
2018-08-24 10:30:00,15.681601
2018-08-25 10:30:00,5.2812
2018-08-26 10:30:00,9.957601
2018-08-27 10:30:00,23.166
2018-08-28 10:30:00,6.7392
2018-08-29 10:30:00,17.3448
2018-08-30 10:30:00,10.897201
2018-08-31 10:30:00,22.798801
2018-09-01 10:30:00,20.412
2018-09-02 10:30:00,2.6244001
2018-09-03 10:30:00,6.372
2018-09-04 10:30:00,13.489201
2018-09-05 10:30:00,14.85
2018-09-06 10:30:00,21.902401
2018-09-07 10:30:00,12.549601
2018-09-08 10:30:00,20.4768
2018-09-09 10:30:00,20.4768
2018-09-10 10:30:00,19.0296
2018-09-11 10:30:00,13.780801
2018-09-12 10:30:00,21.027601
2018-09-13 10:30:00,21.902401
2018-09-14 10:30:00,17.604
2018-09-15 10:30:00,19.742401
2018-09-16 10:30:00,18.4248
2018-09-17 10:30:00,18.5004
2018-09-18 10:30:00,18.2304
2018-09-19 10:30:00,19.7532
2018-09-20 10:30:00,17.1612
2018-09-21 10:30:00,20.0124
2018-09-22 10:30:00,11.2644005
2018-09-23 10:30:00,6.2208004
2018-09-24 10:30:00,16.0272
2018-09-25 10:30:00,17.0316
2018-09-26 10:30:00,16.7292
2018-09-27 10:30:00,15.2496
2018-09-28 10:30:00,10.8864
2018-09-29 10:30:00,3.5856001
2018-09-30 10:30:00,3.7908
2018-10-01 10:30:00,18.0468
2018-10-02 10:30:00,15.3576
2018-10-03 10:30:00,17.614801
2018-10-04 10:30:00,15.141601
2018-10-05 10:30:00,14.234401
2018-10-06 10:30:00,14.7528
2018-10-07 10:30:00,11.502
2018-10-08 10:30:00,12.258
2018-10-09 10:30:00,10.810801
2018-10-10 10:30:00,7.4088
2018-10-11 10:30:00,13.2516
2018-10-12 10:30:00,14.8176
2018-10-13 10:30:00,14.7528
2018-10-14 10:30:00,12.5604
2018-10-15 10:30:00,14.7636
2018-10-16 10:30:00,14.31
2018-10-17 10:30:00,13.402801
2018-10-18 10:30:00,14.601601
2018-10-19 10:30:00,12.2904005
2018-10-20 10:30:00,13.8996
2018-10-21 10:30:00,9.1368
2018-10-22 10:30:00,7.5492
2018-10-23 10:30:00,9.3852005
2018-10-24 10:30:00,10.746
2018-10-25 10:30:00,4.7412
2018-10-26 10:30:00,7.722
2018-10-27 10:30:00,8.856
2018-10-28 10:30:00,8.532001
2018-10-29 10:30:00,5.8536
2018-10-30 10:30:00,10.1628
2018-10-31 10:30:00,8.4672
2018-11-01 10:30:00,11.2644005
2018-11-02 10:30:00,11.296801
2018-11-03 10:30:00,4.7952003
2018-11-04 10:30:00,7.0632
2018-11-05 10:30:00,10.152
2018-11-06 10:30:00,9.7092
2018-11-07 10:30:00,10.6056
2018-11-08 10:30:00,8.1108
2018-11-09 10:30:00,7.3656
2018-11-10 10:30:00,9.104401
2018-11-11 10:30:00,8.8344
2018-11-12 10:30:00,8.7264
2018-11-13 10:30:00,7.3656
2018-11-14 10:30:00,4.6008
2018-11-15 10:30:00,3.2724001
2018-11-16 10:30:00,8.164801
2018-11-17 10:30:00,6.3504
2018-11-18 10:30:00,7.1280003
2018-11-19 10:30:00,7.0848002
2018-11-20 10:30:00,8.0892
2018-11-21 10:30:00,7.3764
2018-11-22 10:30:00,7.452
2018-11-23 10:30:00,7.8840003
2018-11-24 10:30:00,6.2316003
2018-11-25 10:30:00,8.0676
2018-11-26 10:30:00,4.1148
2018-11-27 10:30:00,7.5924
2018-11-28 10:30:00,6.9876003
2018-11-29 10:30:00,6.8796
2018-11-30 10:30:00,6.5016003
2018-12-01 10:30:00,4.1148
2018-12-02 10:30:00,5.4
2018-12-03 10:30:00,4.8924003
2018-12-04 10:30:00,6.0588
2018-12-05 10:30:00,5.9724
2018-12-06 10:30:00,6.21
2018-12-07 10:30:00,5.6052003
2018-12-08 10:30:00,5.6916003
2018-12-09 10:30:00,5.7888002
2018-12-10 10:30:00,5.7996
2018-12-11 10:30:00,4.9572
2018-12-12 10:30:00,3.0348
2018-12-13 10:30:00,5.7132
2018-12-14 10:30:00,5.7780004
2018-12-15 10:30:00,2.9160001
2018-12-16 10:30:00,3.6828
2018-12-17 10:30:00,6.372
2018-12-18 10:30:00,6.8688
2018-12-19 10:30:00,6.426
2018-12-20 10:30:00,6.6636
2018-12-21 10:30:00,4.698
2018-12-22 10:30:00,5.8320003
2018-12-23 10:30:00,5.6052003
2018-12-24 10:30:00,5.8212004
2018-12-25 10:30:00,6.4584002
2018-12-26 10:30:00,5.4108
2018-12-27 10:30:00,4.914
2018-12-28 10:30:00,5.8320003
2018-12-29 10:30:00,7.1604004
2018-12-30 10:30:00,6.0264
2018-12-31 10:30:00,6.0264
2019-01-01 10:30:00,6.7716002
2019-01-02 10:30:00,7.4304004
2019-01-03 10:30:00,7.0416
2019-01-04 10:30:00,7.506
2019-01-05 10:30:00,7.8300004
2019-01-06 10:30:00,6.8148003
2019-01-07 10:30:00,7.3656
2019-01-08 10:30:00,7.3116
2019-01-09 10:30:00,7.6356
2019-01-10 10:30:00,7.722
2019-01-11 10:30:00,7.236
2019-01-12 10:30:00,7.0524
2019-01-13 10:30:00,7.182
2019-01-14 10:30:00,4.5036
2019-01-15 10:30:00,8.0352
2019-01-16 10:30:00,8.218801
2019-01-17 10:30:00,7.938
2019-01-18 10:30:00,8.1756
2019-01-19 10:30:00,9.1368
2019-01-20 10:30:00,6.9876003
2019-01-21 10:30:00,9.471601
2019-01-22 10:30:00,8.6724
2019-01-23 10:30:00,9.277201
2019-01-24 10:30:00,9.1476
2019-01-25 10:30:00,9.4392
2019-01-26 10:30:00,9.288
2019-01-27 10:30:00,7.5924
2019-01-28 10:30:00,10.6272
2019-01-29 10:30:00,6.9444003
2019-01-30 10:30:00,10.270801
2019-01-31 10:30:00,11.8908
2019-02-01 10:30:00,10.0008
2019-02-02 10:30:00,5.4216003
2019-02-03 10:30:00,10.9728
2019-02-04 10:30:00,6.4044003
2019-02-05 10:30:00,10.044001
2019-02-06 10:30:00,11.88
2019-02-07 10:30:00,11.2212
2019-02-08 10:30:00,11.7072
2019-02-09 10:30:00,11.923201
2019-02-10 10:30:00,12.5928
2019-02-11 10:30:00,12.549601
2019-02-12 10:30:00,11.1996
2019-02-13 10:30:00,12.690001
2019-02-14 10:30:00,11.5344
2019-02-15 10:30:00,11.5128
2019-02-16 10:30:00,11.178
2019-02-17 10:30:00,12.722401
2019-02-18 10:30:00,12.009601
2019-02-19 10:30:00,10.5624
2019-02-20 10:30:00,13.834801
2019-02-21 10:30:00,12.7872
2019-02-22 10:30:00,13.802401
2019-02-23 10:30:00,11.9448
2019-02-24 10:30:00,13.521601
2019-02-25 10:30:00,15.346801
2019-02-26 10:30:00,14.526
2019-02-27 10:30:00,13.4244
2019-02-28 10:30:00,15.7248
2019-03-01 10:30:00,14.364
2019-03-02 10:30:00,14.061601
2019-03-03 10:30:00,12.722401
2019-03-04 10:30:00,11.750401
2019-03-05 10:30:00,13.7268
2019-03-06 10:30:00,16.3404
2019-03-07 10:30:00,15.5304
2019-03-08 10:30:00,15.0228
2019-03-09 10:30:00,17.9928
2019-03-10 10:30:00,14.1912
2019-03-11 10:30:00,14.148001
2019-03-12 10:30:00,16.0056
2019-03-13 10:30:00,17.388
2019-03-14 10:30:00,16.016401
2019-03-15 10:30:00,19.148401
2019-03-16 10:30:00,16.124401
2019-03-17 10:30:00,15.9192
2019-03-18 10:30:00,17.9928
2019-03-19 10:30:00,14.0832
2019-03-20 10:30:00,9.774
2019-03-21 10:30:00,18.1872
2019-03-22 10:30:00,16.6644
2019-03-23 10:30:00,19.6776
2019-03-24 10:30:00,18.4356
2019-03-25 10:30:00,21.3624
2019-03-26 10:30:00,20.034
2019-03-27 10:30:00,13.629601
2019-03-28 10:30:00,20.7252
2019-03-29 10:30:00,15.5088005
2019-03-30 10:30:00,23.7168
2019-03-31 10:30:00,19.0404
2019-04-01 10:30:00,20.8008
2019-04-02 10:30:00,22.6908
2019-04-03 10:30:00,22.1508
2019-04-04 10:30:00,15.487201
2019-04-05 10:30:00,22.4424
2019-04-06 10:30:00,19.8288
2019-04-07 10:30:00,16.124401
2019-04-08 10:30:00,23.3712
2019-04-09 10:30:00,24.192001
2019-04-10 10:30:00,20.055601
2019-04-11 10:30:00,24.4512
2019-04-12 10:30:00,22.0212
2019-04-13 10:30:00,23.252401
2019-04-14 10:30:00,21.384
2019-04-15 10:30:00,24.9696
2019-04-16 10:30:00,23.9652
2019-04-17 10:30:00,10.584001
2019-04-18 10:30:00,25.434
2019-04-19 10:30:00,25.0128
2019-04-20 10:30:00,24.8724
2019-04-21 10:30:00,26.449202
2019-04-22 10:30:00,20.9736
2019-04-23 10:30:00,21.1788
2019-04-24 10:30:00,27.432001
2019-04-25 10:30:00,16.5888
2019-04-26 10:30:00,26.838001
2019-04-27 10:30:00,26.3736
2019-04-28 10:30:00,22.4316
2019-04-29 10:30:00,20.260801
2019-04-30 10:30:00,18.3384
2019-05-01 10:30:00,28.8684
2019-05-02 10:30:00,28.0368
2019-05-03 10:30:00,25.7148
2019-05-04 10:30:00,17.6256
2019-05-05 10:30:00,26.7192
2019-05-06 10:30:00,19.4724
2019-05-07 10:30:00,28.2204
2019-05-08 10:30:00,28.0044
2019-05-09 10:30:00,24.0084
2019-05-10 10:30:00,23.004
2019-05-11 10:30:00,21.8916
2019-05-12 10:30:00,17.1828
2019-05-13 10:30:00,10.184401
2019-05-14 10:30:00,27.0
2019-05-15 10:30:00,23.328001
2019-05-16 10:30:00,29.030401
2019-05-17 10:30:00,25.0884
2019-05-18 10:30:00,8.4456005
2019-05-19 10:30:00,5.13
2019-05-20 10:30:00,8.1432
2019-05-21 10:30:00,10.4004
2019-05-22 10:30:00,29.9592
2019-05-23 10:30:00,29.484001
2019-05-24 10:30:00,27.6264
2019-05-25 10:30:00,24.246
2019-05-26 10:30:00,7.2036004
2019-05-27 10:30:00,30.488401
2019-05-28 10:30:00,30.6396
2019-05-29 10:30:00,24.732
2019-05-30 10:30:00,21.2544
2019-05-31 10:30:00,22.95
2019-06-01 10:30:00,27.0648
2019-06-02 10:30:00,30.402
2019-06-03 10:30:00,19.0944
2019-06-04 10:30:00,30.034801
2019-06-05 10:30:00,29.9808
2019-06-06 10:30:00,21.2868
2019-06-07 10:30:00,19.5156
2019-06-08 10:30:00,13.608001
2019-06-09 10:30:00,11.1672
2019-06-10 10:30:00,22.464
2019-06-11 10:30:00,28.544401
2019-06-12 10:30:00,24.3108
2019-06-13 10:30:00,28.0692
2019-06-14 10:30:00,16.502401
2019-06-15 10:30:00,27.8532
2019-06-16 10:30:00,31.006802
2019-06-17 10:30:00,28.188002
2019-06-18 10:30:00,29.7864
2019-06-19 10:30:00,25.11
2019-06-20 10:30:00,27.183601
2019-06-21 10:30:00,28.2852
2019-06-22 10:30:00,27.0324
2019-06-23 10:30:00,26.4816
2019-06-24 10:30:00,22.9932
2019-06-25 10:30:00,13.1004
2019-06-26 10:30:00,14.8716
2019-06-27 10:30:00,25.8444
2019-06-28 10:30:00,7.5276003
2019-06-29 10:30:00,12.5928
2019-06-30 10:30:00,9.903601
2019-07-01 10:30:00,24.332401
2019-07-02 10:30:00,16.7724
2019-07-03 10:30:00,25.596
2019-07-04 10:30:00,25.3692
2019-07-05 10:30:00,16.956001
2019-07-06 10:30:00,10.6488
2019-07-07 10:30:00,28.3068
2019-07-08 10:30:00,28.026001
2019-07-09 10:30:00,21.2868
2019-07-10 10:30:00,20.8008
2019-07-11 10:30:00,26.19
2019-07-12 10:30:00,19.742401
2019-07-13 10:30:00,19.4184
2019-07-14 10:30:00,20.6172
2019-07-15 10:30:00,21.135601
2019-07-16 10:30:00,15.7248
2019-07-17 10:30:00,27.1944
2019-07-18 10:30:00,27.5076
2019-07-19 10:30:00,24.127201
2019-07-20 10:30:00,13.975201
2019-07-21 10:30:00,22.4424
2019-07-22 10:30:00,26.0928
2019-07-23 10:30:00,4.5468
2019-07-24 10:30:00,18.975601
2019-07-25 10:30:00,10.270801
2019-07-26 10:30:00,20.7792
2019-07-27 10:30:00,7.3116
2019-07-28 10:30:00,22.3668
2019-07-29 10:30:00,11.4588
2019-07-30 10:30:00,25.477201
2019-07-31 10:30:00,27.9936
2019-08-01 10:30:00,25.693201
2019-08-02 10:30:00,20.120401
2019-08-03 10:30:00,15.886801
2019-08-04 10:30:00,23.911201
2019-08-05 10:30:00,13.6836
2019-08-06 10:30:00,8.0892
2019-08-07 10:30:00,8.5968
2019-08-08 10:30:00,2.2896001
2019-08-09 10:30:00,11.0808
2019-08-10 10:30:00,7.5276003
2019-08-11 10:30:00,13.381201
2019-08-12 10:30:00,12.5712
2019-08-13 10:30:00,14.634001
2019-08-14 10:30:00,17.2152
2019-08-15 10:30:00,24.084002
2019-08-16 10:30:00,12.754801
2019-08-17 10:30:00,21.6108
2019-08-18 10:30:00,22.2588
2019-08-19 10:30:00,21.978
2019-08-20 10:30:00,2.6676002
2019-08-21 10:30:00,12.96
2019-08-22 10:30:00,5.3136
2019-08-23 10:30:00,18.2952
2019-08-24 10:30:00,19.8936
2019-08-25 10:30:00,18.1116
2019-08-26 10:30:00,4.3632
2019-08-27 10:30:00,18.144001
2019-08-28 10:30:00,9.7416
2019-08-29 10:30:00,9.957601
2019-08-30 10:30:00,21.546001
2019-08-31 10:30:00,21.1896
2019-09-01 10:30:00,21.8052
2019-09-02 10:30:00,17.0748
2019-09-03 10:30:00,20.1744
2019-09-04 10:30:00,20.628
2019-09-05 10:30:00,19.980001
2019-09-06 10:30:00,17.7876
2019-09-07 10:30:00,14.3964
2019-09-08 10:30:00,22.1184
2019-09-09 10:30:00,18.349201
2019-09-10 10:30:00,20.7252
2019-09-11 10:30:00,21.654001
2019-09-12 10:30:00,19.7856
2019-09-13 10:30:00,11.5668
2019-09-14 10:30:00,20.9304
2019-09-15 10:30:00,16.8372
2019-09-16 10:30:00,19.7964
2019-09-17 10:30:00,5.0004
2019-09-18 10:30:00,20.4444
2019-09-19 10:30:00,15.2928
2019-09-20 10:30:00,9.5688
2019-09-21 10:30:00,17.658
2019-09-22 10:30:00,19.2996
2019-09-23 10:30:00,17.895601
2019-09-24 10:30:00,18.7812
2019-09-25 10:30:00,16.5348
2019-09-26 10:30:00,16.7724
2019-09-27 10:30:00,18.2628
2019-09-28 10:30:00,14.720401
2019-09-29 10:30:00,16.3836
2019-09-30 10:30:00,8.0028
2019-10-01 10:30:00,15.0768
2019-10-02 10:30:00,5.8212004
2019-10-03 10:30:00,5.724
2019-10-04 10:30:00,16.5132
2019-10-05 10:30:00,16.156801
2019-10-06 10:30:00,16.3512
2019-10-07 10:30:00,7.7544003
2019-10-08 10:30:00,16.2324
2019-10-09 10:30:00,15.2928
2019-10-10 10:30:00,13.932
2019-10-11 10:30:00,12.0744
2019-10-12 10:30:00,16.1784
2019-10-13 10:30:00,16.6752
2019-10-14 10:30:00,15.400801
2019-10-15 10:30:00,11.178
2019-10-16 10:30:00,13.284
2019-10-17 10:30:00,13.5648
2019-10-18 10:30:00,10.962
2019-10-19 10:30:00,10.497601
2019-10-20 10:30:00,10.692
2019-10-21 10:30:00,13.9968
2019-10-22 10:30:00,12.4524
2019-10-23 10:30:00,10.4652
2019-10-24 10:30:00,1.1232
2019-10-25 10:30:00,8.6616
2019-10-26 10:30:00,13.9968
2019-10-27 10:30:00,6.3612003
2019-10-28 10:30:00,6.7176003
2019-10-29 10:30:00,14.0832
2019-10-30 10:30:00,10.692
2019-10-31 10:30:00,12.3444
2019-11-01 10:30:00,11.8584
2019-11-02 10:30:00,11.610001
2019-11-03 10:30:00,12.0312
2019-11-04 10:30:00,10.5732
2019-11-05 10:30:00,11.329201
2019-11-06 10:30:00,6.2856
2019-11-07 10:30:00,12.009601
2019-11-08 10:30:00,10.929601
2019-11-09 10:30:00,7.8732004
2019-11-10 10:30:00,6.3288
2019-11-11 10:30:00,11.016001
2019-11-12 10:30:00,4.1796002
2019-11-13 10:30:00,9.8388
2019-11-14 10:30:00,7.9272003
2019-11-15 10:30:00,10.497601
2019-11-16 10:30:00,8.1108
2019-11-17 10:30:00,2.1168
2019-11-18 10:30:00,5.4864
2019-11-19 10:30:00,6.2316003
2019-11-20 10:30:00,6.8688
2019-11-21 10:30:00,5.3892
2019-11-22 10:30:00,3.7368002
2019-11-23 10:30:00,7.7976003
2019-11-24 10:30:00,8.154
2019-11-25 10:30:00,7.7868004
2019-11-26 10:30:00,7.3440003
2019-11-27 10:30:00,7.8300004
2019-11-28 10:30:00,7.938
2019-11-29 10:30:00,7.1928
2019-11-30 10:30:00,4.1256003
2019-12-01 10:30:00,2.1276
2019-12-02 10:30:00,3.9852002
2019-12-03 10:30:00,5.7996
2019-12-04 10:30:00,6.5124
2019-12-05 10:30:00,6.3072
2019-12-06 10:30:00,2.7756
2019-12-07 10:30:00,3.5748
2019-12-08 10:30:00,6.1128
2019-12-09 10:30:00,6.5664
2019-12-10 10:30:00,3.618
2019-12-11 10:30:00,7.0416
2019-12-12 10:30:00,6.6636
2019-12-13 10:30:00,7.2252
2019-12-14 10:30:00,6.8796
2019-12-15 10:30:00,6.0588
2019-12-16 10:30:00,2.1924
2019-12-17 10:30:00,6.48
2019-12-18 10:30:00,7.1280003
2019-12-19 10:30:00,7.0848002
2019-12-20 10:30:00,6.0696
2019-12-21 10:30:00,6.5880003
2019-12-22 10:30:00,6.4692
2019-12-23 10:30:00,7.3872004
2019-12-24 10:30:00,4.7736
2019-12-25 10:30:00,3.5856001
2019-12-26 10:30:00,5.2704
2019-12-27 10:30:00,6.0156
2019-12-28 10:30:00,2.9808002
2019-12-29 10:30:00,2.5164
2019-12-30 10:30:00,1.8468001
2019-12-31 10:30:00,1.9548
2020-01-01 10:30:00,3.0348
2020-01-02 10:30:00,2.8944001
2020-01-03 10:30:00,4.6224003
2020-01-04 10:30:00,6.3612003
2020-01-05 10:30:00,8.0568
2020-01-06 10:30:00,2.484
2020-01-07 10:30:00,5.5728
2020-01-08 10:30:00,5.9292
2020-01-09 10:30:00,4.8276
2020-01-10 10:30:00,7.2252
2020-01-11 10:30:00,7.9488
2020-01-12 10:30:00,7.8948
2020-01-13 10:30:00,7.3764
2020-01-14 10:30:00,6.8796
2020-01-15 10:30:00,9.6552
2020-01-16 10:30:00,8.262
2020-01-17 10:30:00,8.0136
2020-01-18 10:30:00,5.184
2020-01-19 10:30:00,6.9984
2020-01-20 10:30:00,5.4432
2020-01-21 10:30:00,6.642
2020-01-22 10:30:00,9.6552
2020-01-23 10:30:00,8.791201
2020-01-24 10:30:00,8.3808
2020-01-25 10:30:00,9.2016
2020-01-26 10:30:00,9.45
2020-01-27 10:30:00,8.532001
2020-01-28 10:30:00,7.1928
2020-01-29 10:30:00,7.6140003
2020-01-30 10:30:00,9.3204
2020-01-31 10:30:00,8.208
2020-02-01 10:30:00,9.828
2020-02-02 10:30:00,8.564401
2020-02-03 10:30:00,9.8604
2020-02-04 10:30:00,11.156401
2020-02-05 10:30:00,10.692
2020-02-06 10:30:00,11.0916
2020-02-07 10:30:00,8.9856
2020-02-08 10:30:00,11.1132
2020-02-09 10:30:00,10.6272
2020-02-10 10:30:00,10.206
2020-02-11 10:30:00,8.078401
2020-02-12 10:30:00,10.7892
2020-02-13 10:30:00,5.5188003
2020-02-14 10:30:00,11.869201
2020-02-15 10:30:00,12.6252
2020-02-16 10:30:00,14.5044
2020-02-17 10:30:00,13.8132
2020-02-18 10:30:00,14.374801
2020-02-19 10:30:00,14.742001
2020-02-20 10:30:00,12.9384
2020-02-21 10:30:00,8.3484
2020-02-22 10:30:00,14.601601
2020-02-23 10:30:00,11.5668
2020-02-24 10:30:00,15.5088005
2020-02-25 10:30:00,15.3252
2020-02-26 10:30:00,16.254
2020-02-27 10:30:00,14.7852
2020-02-28 10:30:00,15.8112
2020-02-29 10:30:00,10.1736
2020-03-01 10:30:00,11.8044
2020-03-02 10:30:00,16.2216
2020-03-03 10:30:00,7.3116
2020-03-04 10:30:00,13.4136
2020-03-05 10:30:00,15.6384
2020-03-06 10:30:00,8.164801
2020-03-07 10:30:00,14.3316
2020-03-08 10:30:00,12.9384
2020-03-09 10:30:00,15.6924
2020-03-10 10:30:00,14.418
2020-03-11 10:30:00,16.362
2020-03-12 10:30:00,19.17
2020-03-13 10:30:00,11.988
2020-03-14 10:30:00,16.891201
2020-03-15 10:30:00,20.8008
2020-03-16 10:30:00,16.848
2020-03-17 10:30:00,19.2996
2020-03-18 10:30:00,9.331201
2020-03-19 10:30:00,12.0852
2020-03-20 10:30:00,16.5564
2020-03-21 10:30:00,18.9
2020-03-22 10:30:00,10.962
2020-03-23 10:30:00,19.8288
2020-03-24 10:30:00,15.4764
2020-03-25 10:30:00,13.834801
2020-03-26 10:30:00,21.8916
2020-03-27 10:30:00,17.3664
2020-03-28 10:30:00,21.8484
2020-03-29 10:30:00,21.2436
2020-03-30 10:30:00,18.5652
2020-03-31 10:30:00,21.33
2020-04-01 10:30:00,22.1184
2020-04-02 10:30:00,22.701601
2020-04-03 10:30:00,20.649601
2020-04-04 10:30:00,24.958801
2020-04-05 10:30:00,21.794401
2020-04-06 10:30:00,21.1032
2020-04-07 10:30:00,21.200401
2020-04-08 10:30:00,19.656
2020-04-09 10:30:00,21.6648
2020-04-10 10:30:00,22.8528
2020-04-11 10:30:00,23.382
2020-04-12 10:30:00,22.172401
2020-04-13 10:30:00,23.3064
2020-04-14 10:30:00,19.2024
2020-04-15 10:30:00,20.293201
2020-04-16 10:30:00,7.4304004
2020-04-17 10:30:00,19.2348
2020-04-18 10:30:00,22.7772
2020-04-19 10:30:00,8.856
2020-04-20 10:30:00,9.2988
2020-04-21 10:30:00,17.3124
2020-04-22 10:30:00,32.3568
2020-04-23 10:30:00,30.423601
2020-04-24 10:30:00,34.884003
2020-04-25 10:30:00,25.585201
2020-04-26 10:30:00,19.4724
2020-04-27 10:30:00,22.7124
2020-04-28 10:30:00,12.852
2020-04-29 10:30:00,23.878801
2020-04-30 10:30:00,20.034
2020-05-01 10:30:00,23.3496
2020-05-02 10:30:00,14.526
2020-05-03 10:30:00,4.8708
2020-05-04 10:30:00,21.481201
2020-05-05 10:30:00,26.935202
2020-05-06 10:30:00,27.9612
2020-05-07 10:30:00,13.262401
2020-05-08 10:30:00,23.565601
2020-05-09 10:30:00,19.148401
2020-05-10 10:30:00,24.6024
2020-05-11 10:30:00,14.5044
2020-05-12 10:30:00,31.4712
2020-05-13 10:30:00,28.242
2020-05-14 10:30:00,28.123201
2020-05-15 10:30:00,23.2956
2020-05-16 10:30:00,19.980001
2020-05-17 10:30:00,3.726
2020-05-18 10:30:00,28.576801
2020-05-19 10:30:00,27.864
2020-05-20 10:30:00,21.8484
2020-05-21 10:30:00,17.766
2020-05-22 10:30:00,10.1196
2020-05-23 10:30:00,4.7952003
2020-05-24 10:30:00,26.460001
2020-05-25 10:30:00,27.043201
2020-05-26 10:30:00,22.3668
2020-05-27 10:30:00,30.488401
2020-05-28 10:30:00,29.9484
2020-05-29 10:30:00,27.6804
2020-05-30 10:30:00,23.1228
2020-05-31 10:30:00,6.0804
2020-06-01 10:30:00,29.797201
2020-06-02 10:30:00,29.376001
2020-06-03 10:30:00,15.368401
2020-06-04 10:30:00,13.5648
2020-06-05 10:30:00,24.9696
2020-06-06 10:30:00,18.3276
2020-06-07 10:30:00,24.6348
2020-06-08 10:30:00,23.3064
2020-06-09 10:30:00,27.054
2020-06-10 10:30:00,9.774
2020-06-11 10:30:00,33.2316
2020-06-12 10:30:00,21.718801
2020-06-13 10:30:00,9.3852005
2020-06-14 10:30:00,25.2504
2020-06-15 10:30:00,31.968
2020-06-16 10:30:00,27.7884
2020-06-17 10:30:00,27.7992
2020-06-18 10:30:00,30.8124
2020-06-19 10:30:00,20.023201
2020-06-20 10:30:00,20.7576
2020-06-21 10:30:00,14.1372
2020-06-22 10:30:00,6.3288
2020-06-23 10:30:00,21.718801
2020-06-24 10:30:00,13.0788
2020-06-25 10:30:00,25.8768
2020-06-26 10:30:00,26.2872
2020-06-27 10:30:00,28.544401
2020-06-28 10:30:00,27.5184
2020-06-29 10:30:00,21.340801
2020-06-30 10:30:00,25.822802
2020-07-01 10:30:00,24.516
2020-07-02 10:30:00,27.27
2020-07-03 10:30:00,23.0256
2020-07-04 10:30:00,10.0656
2020-07-05 10:30:00,24.645601
2020-07-06 10:30:00,10.7676
2020-07-07 10:30:00,28.3824
2020-07-08 10:30:00,28.5984
2020-07-09 10:30:00,29.062801
2020-07-10 10:30:00,27.486
2020-07-11 10:30:00,18.7164
2020-07-12 10:30:00,25.650002
2020-07-13 10:30:00,25.650002
2020-07-14 10:30:00,29.538
2020-07-15 10:30:00,27.486
2020-07-16 10:30:00,26.7192
2020-07-17 10:30:00,21.7728
2020-07-18 10:30:00,20.8332
2020-07-19 10:30:00,19.5372
2020-07-20 10:30:00,26.9244
2020-07-21 10:30:00,28.1016
2020-07-22 10:30:00,22.2912
2020-07-23 10:30:00,25.196402
2020-07-24 10:30:00,27.950401
2020-07-25 10:30:00,18.4032
2020-07-26 10:30:00,26.892
2020-07-27 10:30:00,29.0736
2020-07-28 10:30:00,19.5048
2020-07-29 10:30:00,0.18360001
2020-07-30 10:30:00,21.4164
2020-07-31 10:30:00,18.176401
2020-08-01 10:30:00,25.5312
2020-08-02 10:30:00,5.5836
2020-08-03 10:30:00,17.204401
2020-08-04 10:30:00,22.4964
2020-08-05 10:30:00,23.976
2020-08-06 10:30:00,20.142
2020-08-07 10:30:00,16.9668
2020-08-08 10:30:00,2.9160001
2020-08-09 10:30:00,17.2152
2020-08-10 10:30:00,23.8356
2020-08-11 10:30:00,16.718401
2020-08-12 10:30:00,23.079601
2020-08-13 10:30:00,1.296
2020-08-14 10:30:00,16.0704
2020-08-15 10:30:00,22.388401
2020-08-16 10:30:00,36.396
2020-08-17 10:30:00,20.3904
2020-08-18 10:30:00,14.061601
2020-08-19 10:30:00,24.2352
2020-08-20 10:30:00,24.127201
2020-08-21 10:30:00,25.704
2020-08-22 10:30:00,21.686401
2020-08-23 10:30:00,21.33
2020-08-24 10:30:00,11.156401
2020-08-25 10:30:00,22.6908
2020-08-26 10:30:00,20.023201
2020-08-27 10:30:00,7.236
2020-08-28 10:30:00,0.3024
2020-08-29 10:30:00,10.6056
2020-08-30 10:30:00,10.0872
2020-08-31 10:30:00,20.9844
2020-09-01 10:30:00,19.548
2020-09-02 10:30:00,17.5284
2020-09-03 10:30:00,8.5536
2020-09-04 10:30:00,4.8924003
2020-09-05 10:30:00,17.2908
2020-09-06 10:30:00,19.17
2020-09-07 10:30:00,16.0596
2020-09-08 10:30:00,4.86
2020-09-09 10:30:00,4.3308
2020-09-10 10:30:00,12.96
2020-09-11 10:30:00,14.7960005
2020-09-12 10:30:00,19.6236
2020-09-13 10:30:00,15.5628
2020-09-14 10:30:00,6.6096
2020-09-15 10:30:00,10.2276
2020-09-16 10:30:00,10.810801
2020-09-17 10:30:00,9.558001
2020-09-18 10:30:00,12.0528
2020-09-19 10:30:00,11.2536
2020-09-20 10:30:00,9.8928
2020-09-21 10:30:00,7.9164004
2020-09-22 10:30:00,16.9668
2020-09-23 10:30:00,17.7768
2020-09-24 10:30:00,16.092001
2020-09-25 10:30:00,11.7612
2020-09-26 10:30:00,14.5692005
2020-09-27 10:30:00,9.7416
2020-09-28 10:30:00,7.506
2020-09-29 10:30:00,16.189201
2020-09-30 10:30:00,13.975201
2020-10-01 10:30:00,3.8016
2020-10-02 10:30:00,8.8344
2020-10-03 10:30:00,16.524
2020-10-04 10:30:00,4.8384
2020-10-05 10:30:00,13.1112
2020-10-06 10:30:00,12.528
2020-10-07 10:30:00,14.9256
2020-10-08 10:30:00,14.061601
2020-10-09 10:30:00,10.7352
2020-10-10 10:30:00,15.1632
2020-10-11 10:30:00,14.688001
2020-10-12 10:30:00,14.029201
2020-10-13 10:30:00,8.6076
2020-10-14 10:30:00,14.7960005
2020-10-15 10:30:00,15.1956005
2020-10-16 10:30:00,14.4396
2020-10-17 10:30:00,7.452
2020-10-18 10:30:00,12.3012
2020-10-19 10:30:00,13.1328
2020-10-20 10:30:00,8.4888
2020-10-21 10:30:00,11.8044
2020-10-22 10:30:00,13.089601
2020-10-23 10:30:00,12.636001
2020-10-24 10:30:00,12.7872
2020-10-25 10:30:00,12.366
2020-10-26 10:30:00,10.8324
2020-10-27 10:30:00,11.610001
2020-10-28 10:30:00,12.258
2020-10-29 10:30:00,11.0268
2020-10-30 10:30:00,9.828
2020-10-31 10:30:00,6.1452003
2020-11-01 10:30:00,10.616401
2020-11-02 10:30:00,10.897201
2020-11-03 10:30:00,11.2644005
2020-11-04 10:30:00,10.6272
2020-11-05 10:30:00,9.558001
2020-11-06 10:30:00,8.9856
2020-11-07 10:30:00,3.1644
2020-11-08 10:30:00,10.9188
2020-11-09 10:30:00,11.9772005
2020-11-10 10:30:00,9.158401
2020-11-11 10:30:00,8.5428
2020-11-12 10:30:00,8.931601
2020-11-13 10:30:00,9.5796
2020-11-14 10:30:00,9.190801
2020-11-15 10:30:00,8.3484
2020-11-16 10:30:00,8.1864
2020-11-17 10:30:00,1.0152
2020-11-18 10:30:00,1.9332
2020-11-19 10:30:00,3.5964
2020-11-20 10:30:00,8.4564
2020-11-21 10:30:00,5.886
2020-11-22 10:30:00,9.342
2020-11-23 10:30:00,6.9768
2020-11-24 10:30:00,7.8948
2020-11-25 10:30:00,5.7024
2020-11-26 10:30:00,7.3440003
2020-11-27 10:30:00,7.722
2020-11-28 10:30:00,8.1432
2020-11-29 10:30:00,8.4132
2020-11-30 10:30:00,8.0244
2020-12-01 10:30:00,7.0308003
2020-12-02 10:30:00,7.8084
2020-12-03 10:30:00,7.9272003
2020-12-04 10:30:00,7.7328
2020-12-05 10:30:00,7.3440003
2020-12-06 10:30:00,7.7652
2020-12-07 10:30:00,7.6788
2020-12-08 10:30:00,7.2468004
2020-12-09 10:30:00,6.9984
2020-12-10 10:30:00,7.182
2020-12-11 10:30:00,7.9056
2020-12-12 10:30:00,6.1776004
2020-12-13 10:30:00,7.3008003
2020-12-14 10:30:00,7.4196
2020-12-15 10:30:00,7.2684
2020-12-16 10:30:00,4.86
2020-12-17 10:30:00,7.3224
2020-12-18 10:30:00,6.0696
2020-12-19 10:30:00,5.238
2020-12-20 10:30:00,4.8276
2020-12-21 10:30:00,5.4432
2020-12-22 10:30:00,5.3244
2020-12-23 10:30:00,5.2164
2020-12-24 10:30:00,5.3676
2020-12-25 10:30:00,7.0848002
2020-12-26 10:30:00,5.3244
2020-12-27 10:30:00,5.3676
2020-12-28 10:30:00,4.2768
2020-12-29 10:30:00,5.4972
2020-12-30 10:30:00,5.616
2020-12-31 10:30:00,4.4604
2021-01-01 10:30:00,7.5924
2021-01-02 10:30:00,6.8688
2021-01-03 10:30:00,6.9012003
2021-01-04 10:30:00,8.0460005
2021-01-05 10:30:00,7.1604004
2021-01-06 10:30:00,4.2444
2021-01-07 10:30:00,6.9444003
2021-01-08 10:30:00,8.1108
2021-01-09 10:30:00,6.6528
2021-01-10 10:30:00,8.2836
2021-01-11 10:30:00,8.2296
2021-01-12 10:30:00,3.2508001
2021-01-13 10:30:00,5.8320003
2021-01-14 10:30:00,5.5944
2021-01-15 10:30:00,7.0956
2021-01-16 10:30:00,7.4196
2021-01-17 10:30:00,6.3396
2021-01-18 10:30:00,7.1280003
2021-01-19 10:30:00,7.938
2021-01-20 10:30:00,7.1064
2021-01-21 10:30:00,7.5276003
2021-01-22 10:30:00,9.3636
2021-01-23 10:30:00,7.4412003
2021-01-24 10:30:00,8.0460005
2021-01-25 10:30:00,3.5424001
2021-01-26 10:30:00,9.666
2021-01-27 10:30:00,8.078401
2021-01-28 10:30:00,9.5796
2021-01-29 10:30:00,8.4024
2021-01-30 10:30:00,8.8992
2021-01-31 10:30:00,6.5340004
2021-02-01 10:30:00,5.7456
2021-02-02 10:30:00,5.5944
2021-02-03 10:30:00,5.1192
2021-02-04 10:30:00,6.426
2021-02-05 10:30:00,6.8580003
2021-02-06 10:30:00,8.3484
2021-02-07 10:30:00,8.586
2021-02-08 10:30:00,9.5364
2021-02-09 10:30:00,10.1736
2021-02-10 10:30:00,9.6876
2021-02-11 10:30:00,6.2316003
2021-02-12 10:30:00,12.5064
2021-02-13 10:30:00,8.704801
2021-02-14 10:30:00,11.6316
2021-02-15 10:30:00,12.1176
2021-02-16 10:30:00,13.575601
2021-02-17 10:30:00,10.7676
2021-02-18 10:30:00,12.4308
2021-02-19 10:30:00,10.0548
2021-02-20 10:30:00,9.126
2021-02-21 10:30:00,4.212
2021-02-22 10:30:00,12.1176
2021-02-23 10:30:00,10.5948
2021-02-24 10:30:00,8.877601
2021-02-25 10:30:00,13.6404
2021-02-26 10:30:00,12.3444
2021-02-27 10:30:00,10.6596
2021-02-28 10:30:00,15.1092005
2021-03-01 10:30:00,16.3944
2021-03-02 10:30:00,16.5348
2021-03-03 10:30:00,14.655601
2021-03-04 10:30:00,13.608001
2021-03-05 10:30:00,19.1916
2021-03-06 10:30:00,17.064001
2021-03-07 10:30:00,16.8372
2021-03-08 10:30:00,13.878
2021-03-09 10:30:00,18.4464
2021-03-10 10:30:00,14.655601
2021-03-11 10:30:00,17.5068
2021-03-12 10:30:00,16.0812
2021-03-13 10:30:00,17.236801
2021-03-14 10:30:00,14.5908
2021-03-15 10:30:00,8.7588005
2021-03-16 10:30:00,20.304
2021-03-17 10:30:00,18.9108
2021-03-18 10:30:00,19.8504
2021-03-19 10:30:00,8.8884
2021-03-20 10:30:00,6.1884003
2021-03-21 10:30:00,19.656
2021-03-22 10:30:00,16.2324
2021-03-23 10:30:00,15.595201
2021-03-24 10:30:00,19.8612
2021-03-25 10:30:00,20.034
2021-03-26 10:30:00,6.7284
2021-03-27 10:30:00,18.4464
2021-03-28 10:30:00,22.0428
2021-03-29 10:30:00,19.116001
2021-03-30 10:30:00,20.120401
2021-03-31 10:30:00,19.4184
2021-04-01 10:30:00,16.0596
2021-04-02 10:30:00,10.6488
2021-04-03 10:30:00,24.019201
2021-04-04 10:30:00,23.1984
2021-04-05 10:30:00,22.032001
2021-04-06 10:30:00,23.0364
2021-04-07 10:30:00,23.220001
2021-04-08 10:30:00,21.276001
2021-04-09 10:30:00,21.0816
2021-04-10 10:30:00,17.1828
2021-04-11 10:30:00,7.668
2021-04-12 10:30:00,7.4844003
2021-04-13 10:30:00,23.3712
2021-04-14 10:30:00,24.3216
2021-04-15 10:30:00,15.606
2021-04-16 10:30:00,7.9272003
2021-04-17 10:30:00,20.52
2021-04-18 10:30:00,25.4232
2021-04-19 10:30:00,25.4988
2021-04-20 10:30:00,26.028
2021-04-21 10:30:00,20.6604
2021-04-22 10:30:00,15.660001
2021-04-23 10:30:00,11.3616
2021-04-24 10:30:00,24.1704
2021-04-25 10:30:00,26.1252
2021-04-26 10:30:00,19.1916
2021-04-27 10:30:00,26.892
2021-04-28 10:30:00,29.7324
2021-04-29 10:30:00,16.502401
2021-04-30 10:30:00,22.0968
2021-05-01 10:30:00,15.2172
2021-05-02 10:30:00,20.055601
2021-05-03 10:30:00,11.8584
2021-05-04 10:30:00,22.7124
2021-05-05 10:30:00,34.3764
2021-05-06 10:30:00,16.2108
2021-05-07 10:30:00,21.135601
2021-05-08 10:30:00,16.1352
2021-05-09 10:30:00,27.9072
2021-05-10 10:30:00,26.568
2021-05-11 10:30:00,13.5648
2021-05-12 10:30:00,33.145203
2021-05-13 10:30:00,31.266
2021-05-14 10:30:00,8.1972
2021-05-15 10:30:00,27.0216
2021-05-16 10:30:00,29.3868
2021-05-17 10:30:00,29.613602
2021-05-18 10:30:00,21.8052
2021-05-19 10:30:00,27.594
2021-05-20 10:30:00,29.581202
2021-05-21 10:30:00,28.296001
2021-05-22 10:30:00,25.8876
2021-05-23 10:30:00,25.066801
2021-05-24 10:30:00,30.294
2021-05-25 10:30:00,26.3304
2021-05-26 10:30:00,28.6956
2021-05-27 10:30:00,23.4144
2021-05-28 10:30:00,30.283201
2021-05-29 10:30:00,25.336802
2021-05-30 10:30:00,4.968
2021-05-31 10:30:00,17.096401
2021-06-01 10:30:00,22.2588
2021-06-02 10:30:00,2.4948
2021-06-03 10:30:00,18.8136
2021-06-04 10:30:00,18.349201
2021-06-05 10:30:00,26.589602
2021-06-06 10:30:00,29.829601
2021-06-07 10:30:00,30.726002
2021-06-08 10:30:00,25.434
2021-06-09 10:30:00,25.2828
2021-06-10 10:30:00,23.6304
2021-06-11 10:30:00,27.712801
2021-06-12 10:30:00,19.17
2021-06-13 10:30:00,24.3756
2021-06-14 10:30:00,6.3936
2021-06-15 10:30:00,22.9284
2021-06-16 10:30:00,22.6044
2021-06-17 10:30:00,28.814402
2021-06-18 10:30:00,14.2128
2021-06-19 10:30:00,27.086401
2021-06-20 10:30:00,10.8648
2021-06-21 10:30:00,16.016401
2021-06-22 10:30:00,30.488401
2021-06-23 10:30:00,31.2444
2021-06-24 10:30:00,29.1168
2021-06-25 10:30:00,26.9568
2021-06-26 10:30:00,23.7168
2021-06-27 10:30:00,20.8764
2021-06-28 10:30:00,32.5404
2021-06-29 10:30:00,20.0772
2021-06-30 10:30:00,5.3568
2021-07-01 10:30:00,24.364801
2021-07-02 10:30:00,20.7792
2021-07-03 10:30:00,14.547601
2021-07-04 10:30:00,4.968
2021-07-05 10:30:00,24.364801
2021-07-06 10:30:00,11.2644005
2021-07-07 10:30:00,20.0124
2021-07-08 10:30:00,13.8996
2021-07-09 10:30:00,21.4596
2021-07-10 10:30:00,23.360401
2021-07-11 10:30:00,27.0972
2021-07-12 10:30:00,7.8624
2021-07-13 10:30:00,7.8084
2021-07-14 10:30:00,13.834801
2021-07-15 10:30:00,12.8736
2021-07-16 10:30:00,21.276001
2021-07-17 10:30:00,27.4212
2021-07-18 10:30:00,23.2416
2021-07-19 10:30:00,23.6304
2021-07-20 10:30:00,12.895201
2021-07-21 10:30:00,26.7192
2021-07-22 10:30:00,19.6236
2021-07-23 10:30:00,21.924
2021-07-24 10:30:00,8.5536
2021-07-25 10:30:00,11.3076
2021-07-26 10:30:00,4.2444
2021-07-27 10:30:00,11.923201
2021-07-28 10:30:00,21.1464
2021-07-29 10:30:00,12.906
2021-07-30 10:30:00,12.4308
2021-07-31 10:30:00,12.150001
2021-08-01 10:30:00,8.64
2021-08-02 10:30:00,9.1368
2021-08-03 10:30:00,11.8584
2021-08-04 10:30:00,18.867601
2021-08-05 10:30:00,27.3024
2021-08-06 10:30:00,19.180801
2021-08-07 10:30:00,19.2024
2021-08-08 10:30:00,15.552
2021-08-09 10:30:00,19.288801
2021-08-10 10:30:00,9.158401
2021-08-11 10:30:00,6.4044003
2021-08-12 10:30:00,15.433201
2021-08-13 10:30:00,10.7136
2021-08-14 10:30:00,15.8436
2021-08-15 10:30:00,24.753601
2021-08-16 10:30:00,20.8332
2021-08-17 10:30:00,23.047201
2021-08-18 10:30:00,18.9648
2021-08-19 10:30:00,6.0480003
2021-08-20 10:30:00,13.0248
2021-08-21 10:30:00,16.5888
2021-08-22 10:30:00,21.9564
2021-08-23 10:30:00,30.218401
2021-08-24 10:30:00,17.7012
2021-08-25 10:30:00,17.4744
2021-08-26 10:30:00,11.2212
2021-08-27 10:30:00,14.6664
2021-08-28 10:30:00,12.7872
2021-08-29 10:30:00,21.589201
2021-08-30 10:30:00,23.112001
2021-08-31 10:30:00,22.086
2021-09-01 10:30:00,20.433601
2021-09-02 10:30:00,10.7244005
2021-09-03 10:30:00,16.686
2021-09-04 10:30:00,20.336401
2021-09-05 10:30:00,14.688001
2021-09-06 10:30:00,5.076
2021-09-07 10:30:00,22.7232
2021-09-08 10:30:00,4.6656003
2021-09-09 10:30:00,7.7112
2021-09-10 10:30:00,19.5372
2021-09-11 10:30:00,20.574001
2021-09-12 10:30:00,16.6968
2021-09-13 10:30:00,15.5844
2021-09-14 10:30:00,19.8936
2021-09-15 10:30:00,6.0696
2021-09-16 10:30:00,16.3728
2021-09-17 10:30:00,17.236801
2021-09-18 10:30:00,17.9172
2021-09-19 10:30:00,10.0548
2021-09-20 10:30:00,6.8364
2021-09-21 10:30:00,2.7648
2021-09-22 10:30:00,10.5516
2021-09-23 10:30:00,18.792
2021-09-24 10:30:00,11.070001
2021-09-25 10:30:00,6.3180003
2021-09-26 10:30:00,5.0976
2021-09-27 10:30:00,18.7812
2021-09-28 10:30:00,12.1932
2021-09-29 10:30:00,17.6256
2021-09-30 10:30:00,14.720401
2021-10-01 10:30:00,21.492
2021-10-02 10:30:00,16.502401
2021-10-03 10:30:00,7.1064
2021-10-04 10:30:00,11.1456
2021-10-05 10:30:00,15.5304
2021-10-06 10:30:00,9.8496
2021-10-07 10:30:00,16.1136
2021-10-08 10:30:00,11.9124
2021-10-09 10:30:00,12.1176
2021-10-10 10:30:00,15.595201
2021-10-11 10:30:00,16.0704
2021-10-12 10:30:00,15.5304
2021-10-13 10:30:00,7.6788
2021-10-14 10:30:00,14.58
2021-10-15 10:30:00,14.4396
2021-10-16 10:30:00,15.346801
2021-10-17 10:30:00,11.923201
2021-10-18 10:30:00,7.7328
2021-10-19 10:30:00,13.2300005
2021-10-20 10:30:00,13.5432005
2021-10-21 10:30:00,13.176001
2021-10-22 10:30:00,13.4568
2021-10-23 10:30:00,13.554
2021-10-24 10:30:00,12.6792
2021-10-25 10:30:00,10.6596
2021-10-26 10:30:00,11.9664
2021-10-27 10:30:00,12.528
2021-10-28 10:30:00,12.182401
2021-10-29 10:30:00,9.0504
2021-10-30 10:30:00,1.7496
2021-10-31 10:30:00,10.044001
2021-11-01 10:30:00,11.1996
2021-11-02 10:30:00,7.8300004
2021-11-03 10:30:00,10.2924
2021-11-04 10:30:00,9.666
2021-11-05 10:30:00,3.9312
2021-11-06 10:30:00,4.104
2021-11-07 10:30:00,4.5360003
2021-11-08 10:30:00,2.7864
2021-11-09 10:30:00,3.8232
2021-11-10 10:30:00,5.184
2021-11-11 10:30:00,10.616401
2021-11-12 10:30:00,16.254
2021-11-13 10:30:00,7.3980002
2021-11-14 10:30:00,11.2644005
2021-11-15 10:30:00,10.2492
2021-11-16 10:30:00,9.417601
2021-11-17 10:30:00,7.1280003
2021-11-18 10:30:00,9.644401
2021-11-19 10:30:00,7.8084
2021-11-20 10:30:00,7.9272003
2021-11-21 10:30:00,3.4236002
2021-11-22 10:30:00,5.94
2021-11-23 10:30:00,5.4108
2021-11-24 10:30:00,6.642
2021-11-25 10:30:00,5.4216003
2021-11-26 10:30:00,6.1452003
2021-11-27 10:30:00,5.13
2021-11-28 10:30:00,3.1212
2021-11-29 10:30:00,5.2272
2021-11-30 10:30:00,5.8104
2021-12-01 10:30:00,6.0588
2021-12-02 10:30:00,6.5988
2021-12-03 10:30:00,6.9444003
2021-12-04 10:30:00,3.2724001
2021-12-05 10:30:00,5.4324
2021-12-06 10:30:00,6.8796
2021-12-07 10:30:00,6.9552
2021-12-08 10:30:00,6.2532
2021-12-09 10:30:00,4.05
2021-12-10 10:30:00,6.8364
2021-12-11 10:30:00,5.8536
2021-12-12 10:30:00,7.4088
2021-12-13 10:30:00,6.696
2021-12-14 10:30:00,6.3288
2021-12-15 10:30:00,5.4432
2021-12-16 10:30:00,5.0976
2021-12-17 10:30:00,5.5296
2021-12-18 10:30:00,4.104
2021-12-19 10:30:00,4.6656003
2021-12-20 10:30:00,5.9832
2021-12-21 10:30:00,5.5728
2021-12-22 10:30:00,5.2164
2021-12-23 10:30:00,6.9768
2021-12-24 10:30:00,5.5728
2021-12-25 10:30:00,5.7564
2021-12-26 10:30:00,6.1128
2021-12-27 10:30:00,6.0480003
2021-12-28 10:30:00,6.1344004
2021-12-29 10:30:00,6.2532
2021-12-30 10:30:00,5.7132
2021-12-31 10:30:00,5.724
2022-01-01 10:30:00,3.5964
2022-01-02 10:30:00,5.7348003
2022-01-03 10:30:00,6.2856
2022-01-04 10:30:00,7.7976003
2022-01-05 10:30:00,6.7716002
2022-01-06 10:30:00,7.8408003
2022-01-07 10:30:00,6.48
2022-01-08 10:30:00,7.3872004
2022-01-09 10:30:00,7.5816
2022-01-10 10:30:00,7.6140003
2022-01-11 10:30:00,8.6076
2022-01-12 10:30:00,7.8840003
2022-01-13 10:30:00,8.1864
2022-01-14 10:30:00,7.7112
2022-01-15 10:30:00,8.9208
2022-01-16 10:30:00,8.9748
2022-01-17 10:30:00,10.1952
2022-01-18 10:30:00,9.234
2022-01-19 10:30:00,9.7524
2022-01-20 10:30:00,9.8496
2022-01-21 10:30:00,8.154
2022-01-22 10:30:00,8.305201
2022-01-23 10:30:00,9.018001
2022-01-24 10:30:00,6.2748003
2022-01-25 10:30:00,9.0288
2022-01-26 10:30:00,10.9188
2022-01-27 10:30:00,11.642401
2022-01-28 10:30:00,10.9512005
2022-01-29 10:30:00,11.394
2022-01-30 10:30:00,11.4804
2022-01-31 10:30:00,11.3508005
2022-02-01 10:30:00,11.210401
2022-02-02 10:30:00,10.3788
2022-02-03 10:30:00,11.4804
2022-02-04 10:30:00,11.934
2022-02-05 10:30:00,10.5732
2022-02-06 10:30:00,11.3184
2022-02-07 10:30:00,11.7936
2022-02-08 10:30:00,11.4804
2022-02-09 10:30:00,11.0592
2022-02-10 10:30:00,9.558001
2022-02-11 10:30:00,7.6356
2022-02-12 10:30:00,12.1932
2022-02-13 10:30:00,12.2904005
2022-02-14 10:30:00,12.895201
2022-02-15 10:30:00,10.983601
2022-02-16 10:30:00,12.528
2022-02-17 10:30:00,12.3876
2022-02-18 10:30:00,12.6468
2022-02-19 10:30:00,22.3668
2022-02-20 10:30:00,19.947601
2022-02-21 10:30:00,20.962801
2022-02-22 10:30:00,19.5372
2022-02-23 10:30:00,19.4508
2022-02-24 10:30:00,17.7876
2022-02-25 10:30:00,13.554
2022-02-26 10:30:00,16.2864
2022-02-27 10:30:00,14.9796
2022-02-28 10:30:00,12.2148
2022-03-01 10:30:00,15.39
2022-03-02 10:30:00,15.314401
2022-03-03 10:30:00,14.461201
2022-03-04 10:30:00,24.192001
2022-03-05 10:30:00,15.6384
2022-03-06 10:30:00,16.038
2022-03-07 10:30:00,15.6384
2022-03-08 10:30:00,14.1588
2022-03-09 10:30:00,10.0872
2022-03-10 10:30:00,16.8804
2022-03-11 10:30:00,17.409601
2022-03-12 10:30:00,6.4044003
2022-03-13 10:30:00,6.7392
2022-03-14 10:30:00,11.923201
2022-03-15 10:30:00,3.9636002
2022-03-16 10:30:00,18.6084
2022-03-17 10:30:00,20.509201
2022-03-18 10:30:00,13.8456
2022-03-19 10:30:00,19.8288
2022-03-20 10:30:00,19.1052
2022-03-21 10:30:00,20.682001
2022-03-22 10:30:00,20.541601
2022-03-23 10:30:00,17.01
2022-03-24 10:30:00,8.91
2022-03-25 10:30:00,12.2472
2022-03-26 10:30:00,13.694401
2022-03-27 10:30:00,19.4184
2022-03-28 10:30:00,15.055201
2022-03-29 10:30:00,17.6688
2022-03-30 10:30:00,21.934801
2022-03-31 10:30:00,22.658401
2022-04-01 10:30:00,20.5956
2022-04-02 10:30:00,20.2716
2022-04-03 10:30:00,22.086
2022-04-04 10:30:00,21.1572
2022-04-05 10:30:00,17.3556
2022-04-06 10:30:00,17.874
2022-04-07 10:30:00,22.6368
2022-04-08 10:30:00,18.1548
2022-04-09 10:30:00,14.6664
2022-04-10 10:30:00,13.986
2022-04-11 10:30:00,20.919601
2022-04-12 10:30:00,20.9304
2022-04-13 10:30:00,18.684
2022-04-14 10:30:00,20.1744
2022-04-15 10:30:00,23.544
2022-04-16 10:30:00,18.5868
2022-04-17 10:30:00,18.036001
2022-04-18 10:30:00,17.5932
2022-04-19 10:30:00,23.500801
2022-04-20 10:30:00,15.9192
2022-04-21 10:30:00,3.6936002
2022-04-22 10:30:00,24.138
2022-04-23 10:30:00,17.128801
2022-04-24 10:30:00,23.652
2022-04-25 10:30:00,11.016001
2022-04-26 10:30:00,19.5588
2022-04-27 10:30:00,29.408401
2022-04-28 10:30:00,27.4536
2022-04-29 10:30:00,9.6768
2022-04-30 10:30:00,22.107601
2022-05-01 10:30:00,23.49
2022-05-02 10:30:00,22.215601
2022-05-03 10:30:00,22.0104
2022-05-04 10:30:00,23.220001
2022-05-05 10:30:00,10.0116005
2022-05-06 10:30:00,17.755201
2022-05-07 10:30:00,26.524801
2022-05-08 10:30:00,29.484001
2022-05-09 10:30:00,28.62
2022-05-10 10:30:00,20.120401
2022-05-11 10:30:00,20.466
2022-05-12 10:30:00,24.7644
2022-05-13 10:30:00,11.1888
2022-05-14 10:30:00,29.970001
2022-05-15 10:30:00,24.753601
2022-05-16 10:30:00,25.650002
2022-05-17 10:30:00,19.321201
2022-05-18 10:30:00,23.4036
2022-05-19 10:30:00,25.6824
2022-05-20 10:30:00,29.592001
2022-05-21 10:30:00,29.203201
2022-05-22 10:30:00,29.106
2022-05-23 10:30:00,26.589602
2022-05-24 10:30:00,6.7176003
2022-05-25 10:30:00,16.8696
2022-05-26 10:30:00,19.8504
2022-05-27 10:30:00,27.874802
2022-05-28 10:30:00,20.2068
2022-05-29 10:30:00,4.5144
2022-05-30 10:30:00,27.0216
2022-05-31 10:30:00,19.224
2022-06-01 10:30:00,10.0548
2022-06-02 10:30:00,25.218
2022-06-03 10:30:00,22.788
2022-06-04 10:30:00,7.4736004
2022-06-05 10:30:00,6.0588
2022-06-06 10:30:00,10.670401
2022-06-07 10:30:00,8.1324005
2022-06-08 10:30:00,26.0604
2022-06-09 10:30:00,30.1968
2022-06-10 10:30:00,19.461601
2022-06-11 10:30:00,25.0344
2022-06-12 10:30:00,16.254
2022-06-13 10:30:00,14.115601
2022-06-14 10:30:00,22.9608
2022-06-15 10:30:00,27.1944
2022-06-16 10:30:00,25.520401
2022-06-17 10:30:00,30.6396
2022-06-18 10:30:00,28.339201
2022-06-19 10:30:00,29.138401
2022-06-20 10:30:00,32.508
2022-06-21 10:30:00,23.1768
2022-06-22 10:30:00,23.6304
2022-06-23 10:30:00,23.6844
2022-06-24 10:30:00,9.0936
2022-06-25 10:30:00,20.952
2022-06-26 10:30:00,25.542
2022-06-27 10:30:00,22.4424
2022-06-28 10:30:00,23.6088
2022-06-29 10:30:00,26.4384
2022-06-30 10:30:00,19.742401
2022-07-01 10:30:00,25.7148
2022-07-02 10:30:00,25.509602
2022-07-03 10:30:00,25.866001
2022-07-04 10:30:00,16.4484
2022-07-05 10:30:00,9.9144
2022-07-06 10:30:00,4.6008
2022-07-07 10:30:00,27.108
2022-07-08 10:30:00,30.2292
2022-07-09 10:30:00,34.9488
2022-07-10 10:30:00,27.2268
2022-07-11 10:30:00,24.948
2022-07-12 10:30:00,23.814001
2022-07-13 10:30:00,35.7588
2022-07-14 10:30:00,19.602001
2022-07-15 10:30:00,11.5992
2022-07-16 10:30:00,16.4592
2022-07-17 10:30:00,23.652
2022-07-18 10:30:00,6.6636
2022-07-19 10:30:00,28.198801
2022-07-20 10:30:00,25.8876
2022-07-21 10:30:00,27.0216
2022-07-22 10:30:00,23.2956
2022-07-23 10:30:00,13.262401
2022-07-24 10:30:00,6.9012003
2022-07-25 10:30:00,16.2108
2022-07-26 10:30:00,17.3988
2022-07-27 10:30:00,14.1264
2022-07-28 10:30:00,8.0460005
2022-07-29 10:30:00,26.557201
2022-07-30 10:30:00,22.248001
2022-07-31 10:30:00,21.5676
2022-08-01 10:30:00,26.136002
2022-08-02 10:30:00,9.244801
2022-08-03 10:30:00,21.9564
2022-08-04 10:30:00,13.3272
2022-08-05 10:30:00,26.071201
2022-08-06 10:30:00,21.006
2022-08-07 10:30:00,20.649601
2022-08-08 10:30:00,27.6912
2022-08-09 10:30:00,27.648
2022-08-10 10:30:00,23.7168
2022-08-11 10:30:00,17.6364
2022-08-12 10:30:00,25.6068
2022-08-13 10:30:00,24.948
2022-08-14 10:30:00,7.5600004
2022-08-15 10:30:00,3.834
2022-08-16 10:30:00,26.6436
2022-08-17 10:30:00,25.7796
2022-08-18 10:30:00,14.461201
2022-08-19 10:30:00,23.846401
2022-08-20 10:30:00,24.2892
2022-08-21 10:30:00,21.589201
2022-08-22 10:30:00,16.4592
2022-08-23 10:30:00,24.4944
2022-08-24 10:30:00,21.902401
2022-08-25 10:30:00,24.624
2022-08-26 10:30:00,17.4528
2022-08-27 10:30:00,24.4836
2022-08-28 10:30:00,16.0704
2022-08-29 10:30:00,21.513601
2022-08-30 10:30:00,13.2192
2022-08-31 10:30:00,23.1012
2022-09-01 10:30:00,23.4144
2022-09-02 10:30:00,22.2372
2022-09-03 10:30:00,22.4316
2022-09-04 10:30:00,22.41
2022-09-05 10:30:00,21.0492
2022-09-06 10:30:00,14.7960005
2022-09-07 10:30:00,19.666801
2022-09-08 10:30:00,19.8396
2022-09-09 10:30:00,21.1896
2022-09-10 10:30:00,19.634401
2022-09-11 10:30:00,19.4832
2022-09-12 10:30:00,16.578001
2022-09-13 10:30:00,19.9692
2022-09-14 10:30:00,20.4876
2022-09-15 10:30:00,20.0664
2022-09-16 10:30:00,19.7532
2022-09-17 10:30:00,18.0468
2022-09-18 10:30:00,18.5868
2022-09-19 10:30:00,20.055601
2022-09-20 10:30:00,19.332
2022-09-21 10:30:00,19.764
2022-09-22 10:30:00,5.4432
2022-09-23 10:30:00,8.2836
2022-09-24 10:30:00,18.316801
2022-09-25 10:30:00,18.2196
2022-09-26 10:30:00,15.141601
2022-09-27 10:30:00,17.5932
2022-09-28 10:30:00,16.1676
2022-09-29 10:30:00,15.012
2022-09-30 10:30:00,16.632
2022-10-01 10:30:00,13.748401
2022-10-02 10:30:00,13.5108
2022-10-03 10:30:00,9.2988
2022-10-04 10:30:00,17.496
2022-10-05 10:30:00,14.6772
2022-10-06 10:30:00,15.2172
2022-10-07 10:30:00,15.746401
2022-10-08 10:30:00,3.7584002
2022-10-09 10:30:00,5.5836
2022-10-10 10:30:00,15.832801
2022-10-11 10:30:00,15.4116
2022-10-12 10:30:00,9.730801
2022-10-13 10:30:00,15.487201
2022-10-14 10:30:00,12.744
2022-10-15 10:30:00,16.308
2022-10-16 10:30:00,12.690001
2022-10-17 10:30:00,14.04
2022-10-18 10:30:00,15.1308
2022-10-19 10:30:00,12.9708
2022-10-20 10:30:00,5.4108
2022-10-21 10:30:00,12.776401
2022-10-22 10:30:00,6.8364
2022-10-23 10:30:00,12.5604
2022-10-24 10:30:00,12.6036005
2022-10-25 10:30:00,11.4156
2022-10-26 10:30:00,7.4952
2022-10-27 10:30:00,12.7872
2022-10-28 10:30:00,12.668401
2022-10-29 10:30:00,11.156401
2022-10-30 10:30:00,3.0888002
2022-10-31 10:30:00,9.990001
2022-11-01 10:30:00,12.6576
2022-11-02 10:30:00,12.582001
2022-11-03 10:30:00,11.4804
2022-11-04 10:30:00,11.394
2022-11-05 10:30:00,11.6316
2022-11-06 10:30:00,9.3204
2022-11-07 10:30:00,9.8928
2022-11-08 10:30:00,9.6552
2022-11-09 10:30:00,8.7156
2022-11-10 10:30:00,7.9272003
2022-11-11 10:30:00,4.7088003
2022-11-12 10:30:00,7.4412003
2022-11-13 10:30:00,9.3744
2022-11-14 10:30:00,9.4068
2022-11-15 10:30:00,9.45
2022-11-16 10:30:00,9.0612
2022-11-17 10:30:00,7.5600004
2022-11-18 10:30:00,8.5968
2022-11-19 10:30:00,7.0092
2022-11-20 10:30:00,8.6508
2022-11-21 10:30:00,10.26
2022-11-22 10:30:00,7.9704003
2022-11-23 10:30:00,6.4476004
2022-11-24 10:30:00,1.8360001
2022-11-25 10:30:00,2.538
2022-11-26 10:30:00,5.13
2022-11-27 10:30:00,3.888
2022-11-28 10:30:00,2.052
2022-11-29 10:30:00,3.7368002
2022-11-30 10:30:00,4.8168
2022-12-01 10:30:00,3.4236002
2022-12-02 10:30:00,4.1688
2022-12-03 10:30:00,3.0672002
2022-12-04 10:30:00,3.132
2022-12-05 10:30:00,3.3696
2022-12-06 10:30:00,1.7172
2022-12-07 10:30:00,3.5424001
2022-12-08 10:30:00,4.6224003
2022-12-09 10:30:00,3.6720002
2022-12-10 10:30:00,4.4604
2022-12-11 10:30:00,4.0932
2022-12-12 10:30:00,3.3588002
2022-12-13 10:30:00,4.7412
2022-12-14 10:30:00,4.5036
2022-12-15 10:30:00,6.2424
2022-12-16 10:30:00,3.0672002
2022-12-17 10:30:00,4.1796002
2022-12-18 10:30:00,3.9744
2022-12-19 10:30:00,4.1472
2022-12-20 10:30:00,3.888
2022-12-21 10:30:00,2.4624
2022-12-22 10:30:00,4.86
2022-12-23 10:30:00,2.7648
2022-12-24 10:30:00,3.7584002
2022-12-25 10:30:00,3.3156002
2022-12-26 10:30:00,4.7196
2022-12-27 10:30:00,4.1364
2022-12-28 10:30:00,6.0912004
2022-12-29 10:30:00,5.4972
2022-12-30 10:30:00,6.4476004
2022-12-31 10:30:00,6.0912004
