time,srad
2012-01-01 10:30:00,6.0804
2012-01-02 10:30:00,4.806
2012-01-03 10:30:00,6.0372
2012-01-04 10:30:00,6.156
2012-01-05 10:30:00,6.1884003
2012-01-06 10:30:00,6.3072
2012-01-07 10:30:00,6.4044003
2012-01-08 10:30:00,6.3828
2012-01-09 10:30:00,6.2964
2012-01-10 10:30:00,2.8188
2012-01-11 10:30:00,1.8792001
2012-01-12 10:30:00,5.8212004
2012-01-13 10:30:00,6.696
2012-01-14 10:30:00,6.8904004
2012-01-15 10:30:00,6.7068
2012-01-16 10:30:00,6.9012003
2012-01-17 10:30:00,6.9444003
2012-01-18 10:30:00,7.0092
2012-01-19 10:30:00,6.8688
2012-01-20 10:30:00,7.2252
2012-01-21 10:30:00,7.0848002
2012-01-22 10:30:00,7.0416
2012-01-23 10:30:00,7.6896
2012-01-24 10:30:00,7.938
2012-01-25 10:30:00,8.0676
2012-01-26 10:30:00,8.2296
2012-01-27 10:30:00,8.424
2012-01-28 10:30:00,8.5752
2012-01-29 10:30:00,8.6724
2012-01-30 10:30:00,8.8992
2012-01-31 10:30:00,8.9856
2012-02-01 10:30:00,8.0028
2012-02-02 10:30:00,8.6292
2012-02-03 10:30:00,8.5212
2012-02-04 10:30:00,9.6228
2012-02-05 10:30:00,9.784801
2012-02-06 10:30:00,8.845201
2012-02-07 10:30:00,9.6768
2012-02-08 10:30:00,6.5016003
2012-02-09 10:30:00,8.6832
2012-02-10 10:30:00,10.3788
2012-02-11 10:30:00,10.3248005
2012-02-12 10:30:00,7.3008003
2012-02-13 10:30:00,10.6272
2012-02-14 10:30:00,10.476
2012-02-15 10:30:00,10.9512005
2012-02-16 10:30:00,10.2384
2012-02-17 10:30:00,10.4328
2012-02-18 10:30:00,8.7804
2012-02-19 10:30:00,11.3508005
2012-02-20 10:30:00,11.34
2012-02-21 10:30:00,11.2536
2012-02-22 10:30:00,11.448
2012-02-23 10:30:00,10.0548
2012-02-24 10:30:00,9.990001
2012-02-25 10:30:00,12.4308
2012-02-26 10:30:00,12.528
2012-02-27 10:30:00,10.584001
2012-02-28 10:30:00,13.262401
2012-02-29 10:30:00,13.2408
2012-03-01 10:30:00,13.176001
2012-03-02 10:30:00,13.284
2012-03-03 10:30:00,12.1932
2012-03-04 10:30:00,10.8648
2012-03-05 10:30:00,4.3092003
2012-03-06 10:30:00,12.0852
2012-03-07 10:30:00,7.6896
2012-03-08 10:30:00,13.780801
2012-03-09 10:30:00,15.627601
2012-03-10 10:30:00,11.718
2012-03-11 10:30:00,9.7092
2012-03-12 10:30:00,16.0812
2012-03-13 10:30:00,16.4592
2012-03-14 10:30:00,15.8976
2012-03-15 10:30:00,14.472
2012-03-16 10:30:00,16.9776
2012-03-17 10:30:00,16.578001
2012-03-18 10:30:00,17.4636
2012-03-19 10:30:00,18.003601
2012-03-20 10:30:00,18.468
2012-03-21 10:30:00,18.468
2012-03-22 10:30:00,17.9928
2012-03-23 10:30:00,9.244801
2012-03-24 10:30:00,14.7528
2012-03-25 10:30:00,18.1872
2012-03-26 10:30:00,14.9796
2012-03-27 10:30:00,17.7444
2012-03-28 10:30:00,18.208801
2012-03-29 10:30:00,3.8448
2012-03-30 10:30:00,11.8476
2012-03-31 10:30:00,10.098001
2012-04-01 10:30:00,19.3104
2012-04-02 10:30:00,19.8936
2012-04-03 10:30:00,12.2256
2012-04-04 10:30:00,12.549601
2012-04-05 10:30:00,16.3404
2012-04-06 10:30:00,21.4704
2012-04-07 10:30:00,18.6732
2012-04-08 10:30:00,11.469601
2012-04-09 10:30:00,20.6172
2012-04-10 10:30:00,11.523601
2012-04-11 10:30:00,21.1896
2012-04-12 10:30:00,23.284801
2012-04-13 10:30:00,19.6236
2012-04-14 10:30:00,11.9448
2012-04-15 10:30:00,21.589201
2012-04-16 10:30:00,23.8248
2012-04-17 10:30:00,19.9044
2012-04-18 10:30:00,18.662401
2012-04-19 10:30:00,19.0512
2012-04-20 10:30:00,20.887201
2012-04-21 10:30:00,20.952
2012-04-22 10:30:00,20.5308
2012-04-23 10:30:00,17.1504
2012-04-24 10:30:00,5.3676
2012-04-25 10:30:00,18.3276
2012-04-26 10:30:00,25.1748
2012-04-27 10:30:00,4.3092003
2012-04-28 10:30:00,22.842001
2012-04-29 10:30:00,22.798801
2012-04-30 10:30:00,21.8916
2012-05-01 10:30:00,22.302
2012-05-02 10:30:00,24.1488
2012-05-03 10:30:00,25.023602
2012-05-04 10:30:00,23.7492
2012-05-05 10:30:00,25.693201
2012-05-06 10:30:00,24.1812
2012-05-07 10:30:00,24.440401
2012-05-08 10:30:00,22.248001
2012-05-09 10:30:00,23.0688
2012-05-10 10:30:00,24.1488
2012-05-11 10:30:00,18.5328
2012-05-12 10:30:00,4.9572
2012-05-13 10:30:00,14.7312
2012-05-14 10:30:00,20.3472
2012-05-15 10:30:00,19.1052
2012-05-16 10:30:00,10.0548
2012-05-17 10:30:00,26.7408
2012-05-18 10:30:00,25.239601
2012-05-19 10:30:00,30.034801
2012-05-20 10:30:00,30.488401
2012-05-21 10:30:00,24.1812
2012-05-22 10:30:00,14.7852
2012-05-23 10:30:00,27.8532
2012-05-24 10:30:00,23.4036
2012-05-25 10:30:00,27.075602
2012-05-26 10:30:00,25.0128
2012-05-27 10:30:00,27.7344
2012-05-28 10:30:00,27.464401
2012-05-29 10:30:00,20.919601
2012-05-30 10:30:00,11.7072
2012-05-31 10:30:00,20.358
2012-06-01 10:30:00,15.3036
2012-06-02 10:30:00,8.802
2012-06-03 10:30:00,7.7004004
2012-06-04 10:30:00,12.5388
2012-06-05 10:30:00,26.0496
2012-06-06 10:30:00,21.859201
2012-06-07 10:30:00,23.079601
2012-06-08 10:30:00,20.0988
2012-06-09 10:30:00,16.891201
2012-06-10 10:30:00,17.690401
2012-06-11 10:30:00,14.720401
2012-06-12 10:30:00,4.6764
2012-06-13 10:30:00,4.4064
2012-06-14 10:30:00,13.662001
2012-06-15 10:30:00,5.6376
2012-06-16 10:30:00,13.208401
2012-06-17 10:30:00,8.802
2012-06-18 10:30:00,29.2248
2012-06-19 10:30:00,28.058401
2012-06-20 10:30:00,28.404001
2012-06-21 10:30:00,21.7512
2012-06-22 10:30:00,26.2332
2012-06-23 10:30:00,21.513601
2012-06-24 10:30:00,13.8456
2012-06-25 10:30:00,13.4244
2012-06-26 10:30:00,23.6844
2012-06-27 10:30:00,12.862801
2012-06-28 10:30:00,17.9172
2012-06-29 10:30:00,8.4564
2012-06-30 10:30:00,28.749601
2012-07-01 10:30:00,10.3788
2012-07-02 10:30:00,8.9748
2012-07-03 10:30:00,16.9128
2012-07-04 10:30:00,19.321201
2012-07-05 10:30:00,27.745201
2012-07-06 10:30:00,29.408401
2012-07-07 10:30:00,31.352402
2012-07-08 10:30:00,19.7208
2012-07-09 10:30:00,19.5588
2012-07-10 10:30:00,17.9172
2012-07-11 10:30:00,7.0848002
2012-07-12 10:30:00,7.8516
2012-07-13 10:30:00,27.972
2012-07-14 10:30:00,20.0448
2012-07-15 10:30:00,27.950401
2012-07-16 10:30:00,27.118801
2012-07-17 10:30:00,29.581202
2012-07-18 10:30:00,14.7960005
2012-07-19 10:30:00,24.580801
2012-07-20 10:30:00,15.832801
2012-07-21 10:30:00,13.716001
2012-07-22 10:30:00,4.968
2012-07-23 10:30:00,28.058401
2012-07-24 10:30:00,20.196001
2012-07-25 10:30:00,16.794
2012-07-26 10:30:00,17.4312
2012-07-27 10:30:00,28.7604
2012-07-28 10:30:00,6.4044003
2012-07-29 10:30:00,3.0456002
2012-07-30 10:30:00,13.392
2012-07-31 10:30:00,24.084002
2012-08-01 10:30:00,18.8784
2012-08-02 10:30:00,19.6452
2012-08-03 10:30:00,16.0812
2012-08-04 10:30:00,20.606401
2012-08-05 10:30:00,27.216002
2012-08-06 10:30:00,24.462
2012-08-07 10:30:00,25.8768
2012-08-08 10:30:00,19.494001
2012-08-09 10:30:00,28.512001
2012-08-10 10:30:00,21.1032
2012-08-11 10:30:00,16.783201
2012-08-12 10:30:00,23.565601
2012-08-13 10:30:00,25.2504
2012-08-14 10:30:00,14.288401
2012-08-15 10:30:00,25.617601
2012-08-16 10:30:00,22.280401
2012-08-17 10:30:00,11.923201
2012-08-18 10:30:00,26.557201
2012-08-19 10:30:00,23.814001
2012-08-20 10:30:00,6.7608004
2012-08-21 10:30:00,24.224401
2012-08-22 10:30:00,26.4708
2012-08-23 10:30:00,24.300001
2012-08-24 10:30:00,22.3344
2012-08-25 10:30:00,19.882801
2012-08-26 10:30:00,20.4768
2012-08-27 10:30:00,13.716001
2012-08-28 10:30:00,19.44
2012-08-29 10:30:00,18.09
2012-08-30 10:30:00,21.718801
2012-08-31 10:30:00,18.8784
2012-09-01 10:30:00,17.4312
2012-09-02 10:30:00,3.7368002
2012-09-03 10:30:00,7.8732004
2012-09-04 10:30:00,11.5128
2012-09-05 10:30:00,16.524
2012-09-06 10:30:00,20.25
2012-09-07 10:30:00,22.140001
2012-09-08 10:30:00,18.0792
2012-09-09 10:30:00,16.848
2012-09-10 10:30:00,14.5584
2012-09-11 10:30:00,3.4992
2012-09-12 10:30:00,3.0672002
2012-09-13 10:30:00,7.7976003
2012-09-14 10:30:00,22.086
2012-09-15 10:30:00,18.349201
2012-09-16 10:30:00,21.0492
2012-09-17 10:30:00,18.414
2012-09-18 10:30:00,18.0252
2012-09-19 10:30:00,18.5868
2012-09-20 10:30:00,16.8588
2012-09-21 10:30:00,14.8824005
2012-09-22 10:30:00,16.146
2012-09-23 10:30:00,16.5132
2012-09-24 10:30:00,15.3792
2012-09-25 10:30:00,2.7864
2012-09-26 10:30:00,18.0468
2012-09-27 10:30:00,2.7108002
2012-09-28 10:30:00,7.8624
2012-09-29 10:30:00,16.0488
2012-09-30 10:30:00,15.8652
2012-10-01 10:30:00,15.573601
2012-10-02 10:30:00,16.923601
2012-10-03 10:30:00,4.6548
2012-10-04 10:30:00,11.9124
2012-10-05 10:30:00,15.012
2012-10-06 10:30:00,14.493601
2012-10-07 10:30:00,15.066
2012-10-08 10:30:00,12.8196
2012-10-09 10:30:00,3.2616
2012-10-10 10:30:00,11.286
2012-10-11 10:30:00,12.5712
2012-10-12 10:30:00,7.2684
2012-10-13 10:30:00,9.288
2012-10-14 10:30:00,10.0332
2012-10-15 10:30:00,13.77
2012-10-16 10:30:00,3.6396
2012-10-17 10:30:00,13.694401
2012-10-18 10:30:00,7.2684
2012-10-19 10:30:00,10.7136
2012-10-20 10:30:00,11.988
2012-10-21 10:30:00,7.4088
2012-10-22 10:30:00,9.18
2012-10-23 10:30:00,10.3896
2012-10-24 10:30:00,8.704801
2012-10-25 10:30:00,10.0872
2012-10-26 10:30:00,7.4412003
2012-10-27 10:30:00,7.6248
2012-10-28 10:30:00,10.1412
2012-10-29 10:30:00,6.7392
2012-10-30 10:30:00,5.238
2012-10-31 10:30:00,8.7696
2012-11-01 10:30:00,10.206
2012-11-02 10:30:00,6.0372
2012-11-03 10:30:00,2.9916
2012-11-04 10:30:00,3.4668
2012-11-05 10:30:00,7.4412003
2012-11-06 10:30:00,8.9964
2012-11-07 10:30:00,6.4476004
2012-11-08 10:30:00,8.478001
2012-11-09 10:30:00,6.6096
2012-11-10 10:30:00,5.454
2012-11-11 10:30:00,1.9332
2012-11-12 10:30:00,1.0152
2012-11-13 10:30:00,3.456
2012-11-14 10:30:00,7.236
2012-11-15 10:30:00,7.5492
2012-11-16 10:30:00,8.2728
2012-11-17 10:30:00,8.2944
2012-11-18 10:30:00,2.9484
2012-11-19 10:30:00,3.5424001
2012-11-20 10:30:00,3.5748
2012-11-21 10:30:00,7.8624
2012-11-22 10:30:00,7.8300004
2012-11-23 10:30:00,7.5708003
2012-11-24 10:30:00,6.8256
2012-11-25 10:30:00,7.3656
2012-11-26 10:30:00,7.4088
2012-11-27 10:30:00,5.3892
2012-11-28 10:30:00,5.3892
2012-11-29 10:30:00,5.724
2012-11-30 10:30:00,4.6656003
2012-12-01 10:30:00,5.9724
2012-12-02 10:30:00,6.6312003
2012-12-03 10:30:00,5.7996
2012-12-04 10:30:00,6.8256
2012-12-05 10:30:00,6.7932
2012-12-06 10:30:00,5.9616003
2012-12-07 10:30:00,4.2876
2012-12-08 10:30:00,4.4388003
2012-12-09 10:30:00,4.3632
2012-12-10 10:30:00,6.1344004
2012-12-11 10:30:00,6.2316003
2012-12-12 10:30:00,6.2532
2012-12-13 10:30:00,6.1776004
2012-12-14 10:30:00,5.8212004
2012-12-15 10:30:00,2.9160001
2012-12-16 10:30:00,6.1128
2012-12-17 10:30:00,6.102
2012-12-18 10:30:00,6.1344004
2012-12-19 10:30:00,6.0048003
2012-12-20 10:30:00,5.9832
2012-12-21 10:30:00,6.0372
2012-12-22 10:30:00,6.156
2012-12-23 10:30:00,6.1344004
2012-12-24 10:30:00,3.0240002
2012-12-25 10:30:00,2.9268
2012-12-26 10:30:00,6.156
2012-12-27 10:30:00,6.0804
2012-12-28 10:30:00,5.8212004
2012-12-29 10:30:00,3.2508001
2012-12-30 10:30:00,6.1776004
2012-12-31 10:30:00,3.51
2013-01-01 10:30:00,5.0652003
2013-01-02 10:30:00,5.7564
2013-01-03 10:30:00,6.5988
2013-01-04 10:30:00,6.7824
2013-01-05 10:30:00,6.7824
2013-01-06 10:30:00,5.8212004
2013-01-07 10:30:00,6.9012003
2013-01-08 10:30:00,6.9552
2013-01-09 10:30:00,6.9768
2013-01-10 10:30:00,7.0848002
2013-01-11 10:30:00,6.8580003
2013-01-12 10:30:00,7.1604004
2013-01-13 10:30:00,7.1388
2013-01-14 10:30:00,7.3656
2013-01-15 10:30:00,5.7780004
2013-01-16 10:30:00,7.5384
2013-01-17 10:30:00,7.5924
2013-01-18 10:30:00,7.4952
2013-01-19 10:30:00,7.7652
2013-01-20 10:30:00,7.29
2013-01-21 10:30:00,7.992
2013-01-22 10:30:00,8.1108
2013-01-23 10:30:00,4.9464
2013-01-24 10:30:00,8.154
2013-01-25 10:30:00,8.5968
2013-01-26 10:30:00,8.4672
2013-01-27 10:30:00,6.9228
2013-01-28 10:30:00,8.586
2013-01-29 10:30:00,8.791201
2013-01-30 10:30:00,7.7328
2013-01-31 10:30:00,7.2684
2013-02-01 10:30:00,9.3204
2013-02-02 10:30:00,9.2016
2013-02-03 10:30:00,8.6508
2013-02-04 10:30:00,9.730801
2013-02-05 10:30:00,9.8064
2013-02-06 10:30:00,10.044001
2013-02-07 10:30:00,10.303201
2013-02-08 10:30:00,10.4004
2013-02-09 10:30:00,10.5516
2013-02-10 10:30:00,10.7784
2013-02-11 10:30:00,10.7892
2013-02-12 10:30:00,10.9188
2013-02-13 10:30:00,11.1888
2013-02-14 10:30:00,11.4804
2013-02-15 10:30:00,11.782801
2013-02-16 10:30:00,9.2016
2013-02-17 10:30:00,12.042001
2013-02-18 10:30:00,12.3876
2013-02-19 10:30:00,12.6252
2013-02-20 10:30:00,12.852
2013-02-21 10:30:00,12.2256
2013-02-22 10:30:00,13.284
2013-02-23 10:30:00,13.608001
2013-02-24 10:30:00,13.716001
2013-02-25 10:30:00,13.8996
2013-02-26 10:30:00,13.7052
2013-02-27 10:30:00,14.3532
2013-02-28 10:30:00,5.3028
2013-03-01 10:30:00,11.5884
2013-03-02 10:30:00,12.409201
2013-03-03 10:30:00,14.5584
2013-03-04 10:30:00,12.3876
2013-03-05 10:30:00,15.2712
2013-03-06 10:30:00,15.9516
2013-03-07 10:30:00,16.264801
2013-03-08 10:30:00,16.5996
2013-03-09 10:30:00,5.7996
2013-03-10 10:30:00,10.983601
2013-03-11 10:30:00,13.521601
2013-03-12 10:30:00,13.888801
2013-03-13 10:30:00,15.368401
2013-03-14 10:30:00,15.0228
2013-03-15 10:30:00,17.874
2013-03-16 10:30:00,15.0984
2013-03-17 10:30:00,17.2908
2013-03-18 10:30:00,19.224
2013-03-19 10:30:00,19.4076
2013-03-20 10:30:00,19.6236
2013-03-21 10:30:00,17.1504
2013-03-22 10:30:00,19.7532
2013-03-23 10:30:00,18.5868
2013-03-24 10:30:00,18.3924
2013-03-25 10:30:00,18.4356
2013-03-26 10:30:00,12.8196
2013-03-27 10:30:00,13.176001
2013-03-28 10:30:00,13.1112
2013-03-29 10:30:00,19.180801
2013-03-30 10:30:00,20.1852
2013-03-31 10:30:00,21.6108
2013-04-01 10:30:00,21.7728
2013-04-02 10:30:00,13.1544
2013-04-03 10:30:00,21.967201
2013-04-04 10:30:00,19.569601
2013-04-05 10:30:00,16.6644
2013-04-06 10:30:00,22.4424
2013-04-07 10:30:00,21.5784
2013-04-08 10:30:00,10.6812
2013-04-09 10:30:00,23.8356
2013-04-10 10:30:00,16.2108
2013-04-11 10:30:00,15.994801
2013-04-12 10:30:00,16.1136
2013-04-13 10:30:00,24.03
2013-04-14 10:30:00,24.246
2013-04-15 10:30:00,23.814001
2013-04-16 10:30:00,25.3908
2013-04-17 10:30:00,20.0772
2013-04-18 10:30:00,18.9864
2013-04-19 10:30:00,24.300001
2013-04-20 10:30:00,20.5308
2013-04-21 10:30:00,25.1208
2013-04-22 10:30:00,15.3252
2013-04-23 10:30:00,22.1832
2013-04-24 10:30:00,13.2408
2013-04-25 10:30:00,15.681601
2013-04-26 10:30:00,24.2784
2013-04-27 10:30:00,20.6172
2013-04-28 10:30:00,15.519601
2013-04-29 10:30:00,4.3308
2013-04-30 10:30:00,21.9456
2013-05-01 10:30:00,19.548
2013-05-02 10:30:00,23.166
2013-05-03 10:30:00,25.790401
2013-05-04 10:30:00,28.1124
2013-05-05 10:30:00,22.3236
2013-05-06 10:30:00,22.2696
2013-05-07 10:30:00,20.304
2013-05-08 10:30:00,19.2672
2013-05-09 10:30:00,13.5324
2013-05-10 10:30:00,23.3712
2013-05-11 10:30:00,28.944
2013-05-12 10:30:00,17.377201
2013-05-13 10:30:00,21.6972
2013-05-14 10:30:00,5.8752003
2013-05-15 10:30:00,30.2616
2013-05-16 10:30:00,22.2588
2013-05-17 10:30:00,13.2516
2013-05-18 10:30:00,29.829601
2013-05-19 10:30:00,13.122001
2013-05-20 10:30:00,18.9324
2013-05-21 10:30:00,16.750801
2013-05-22 10:30:00,29.1924
2013-05-23 10:30:00,22.8312
2013-05-24 10:30:00,32.5512
2013-05-25 10:30:00,30.1536
2013-05-26 10:30:00,23.1012
2013-05-27 10:30:00,11.3184
2013-05-28 10:30:00,18.9
2013-05-29 10:30:00,26.665201
2013-05-30 10:30:00,31.6116
2013-05-31 10:30:00,27.4536
2013-06-01 10:30:00,28.08
2013-06-02 10:30:00,23.8032
2013-06-03 10:30:00,3.9852002
2013-06-04 10:30:00,30.132
2013-06-05 10:30:00,25.2612
2013-06-06 10:30:00,8.0676
2013-06-07 10:30:00,25.4556
2013-06-08 10:30:00,13.608001
2013-06-09 10:30:00,8.2728
2013-06-10 10:30:00,24.1704
2013-06-11 10:30:00,22.0968
2013-06-12 10:30:00,21.9888
2013-06-13 10:30:00,20.1528
2013-06-14 10:30:00,16.0812
2013-06-15 10:30:00,28.944
2013-06-16 10:30:00,24.2892
2013-06-17 10:30:00,30.110401
2013-06-18 10:30:00,29.1816
2013-06-19 10:30:00,18.9324
2013-06-20 10:30:00,24.7644
2013-06-21 10:30:00,27.378
2013-06-22 10:30:00,32.2596
2013-06-23 10:30:00,21.2544
2013-06-24 10:30:00,18.6084
2013-06-25 10:30:00,22.1508
2013-06-26 10:30:00,7.29
2013-06-27 10:30:00,7.6248
2013-06-28 10:30:00,27.464401
2013-06-29 10:30:00,4.9248
2013-06-30 10:30:00,9.104401
2013-07-01 10:30:00,19.882801
2013-07-02 10:30:00,10.4544
2013-07-03 10:30:00,10.897201
2013-07-04 10:30:00,17.6256
2013-07-05 10:30:00,28.5984
2013-07-06 10:30:00,23.079601
2013-07-07 10:30:00,18.1116
2013-07-08 10:30:00,27.1404
2013-07-09 10:30:00,27.756
2013-07-10 10:30:00,28.7712
2013-07-11 10:30:00,25.8768
2013-07-12 10:30:00,26.4816
2013-07-13 10:30:00,30.1212
2013-07-14 10:30:00,31.190401
2013-07-15 10:30:00,13.208401
2013-07-16 10:30:00,29.300402
2013-07-17 10:30:00,9.9684
2013-07-18 10:30:00,15.174001
2013-07-19 10:30:00,21.0168
2013-07-20 10:30:00,29.592001
2013-07-21 10:30:00,26.9892
2013-07-22 10:30:00,16.2108
2013-07-23 10:30:00,17.690401
2013-07-24 10:30:00,14.958
2013-07-25 10:30:00,27.291601
2013-07-26 10:30:00,23.4792
2013-07-27 10:30:00,10.584001
2013-07-28 10:30:00,29.4624
2013-07-29 10:30:00,12.5712
2013-07-30 10:30:00,26.7408
2013-07-31 10:30:00,15.2064
2013-08-01 10:30:00,5.4756002
2013-08-02 10:30:00,17.0316
2013-08-03 10:30:00,11.6316
2013-08-04 10:30:00,21.340801
2013-08-05 10:30:00,19.4724
2013-08-06 10:30:00,17.8416
2013-08-07 10:30:00,25.822802
2013-08-08 10:30:00,25.596
2013-08-09 10:30:00,21.0816
2013-08-10 10:30:00,25.2504
2013-08-11 10:30:00,23.004
2013-08-12 10:30:00,12.1932
2013-08-13 10:30:00,23.6304
2013-08-14 10:30:00,22.6152
2013-08-15 10:30:00,23.360401
2013-08-16 10:30:00,6.1776004
2013-08-17 10:30:00,11.9448
2013-08-18 10:30:00,21.2112
2013-08-19 10:30:00,19.0296
2013-08-20 10:30:00,22.2372
2013-08-21 10:30:00,3.9312
2013-08-22 10:30:00,14.3964
2013-08-23 10:30:00,23.004
2013-08-24 10:30:00,17.01
2013-08-25 10:30:00,18.5328
2013-08-26 10:30:00,21.4704
2013-08-27 10:30:00,22.3992
2013-08-28 10:30:00,3.5532
2013-08-29 10:30:00,19.7208
2013-08-30 10:30:00,17.334
2013-08-31 10:30:00,18.7596
2013-09-01 10:30:00,13.381201
2013-09-02 10:30:00,21.3516
2013-09-03 10:30:00,23.2092
2013-09-04 10:30:00,22.572
2013-09-05 10:30:00,15.487201
2013-09-06 10:30:00,10.0116005
2013-09-07 10:30:00,16.5672
2013-09-08 10:30:00,21.999601
2013-09-09 10:30:00,13.77
2013-09-10 10:30:00,20.3472
2013-09-11 10:30:00,20.0016
2013-09-12 10:30:00,16.578001
2013-09-13 10:30:00,19.9908
2013-09-14 10:30:00,19.4076
2013-09-15 10:30:00,19.494001
2013-09-16 10:30:00,19.396801
2013-09-17 10:30:00,18.4788
2013-09-18 10:30:00,18.9324
2013-09-19 10:30:00,4.5684
2013-09-20 10:30:00,16.9668
2013-09-21 10:30:00,17.172
2013-09-22 10:30:00,15.6168
2013-09-23 10:30:00,15.5304
2013-09-24 10:30:00,19.9044
2013-09-25 10:30:00,15.3252
2013-09-26 10:30:00,16.4268
2013-09-27 10:30:00,16.2432
2013-09-28 10:30:00,14.493601
2013-09-29 10:30:00,15.7788
2013-09-30 10:30:00,16.5888
2013-10-01 10:30:00,10.8
2013-10-02 10:30:00,15.314401
2013-10-03 10:30:00,17.269201
2013-10-04 10:30:00,13.9968
2013-10-05 10:30:00,16.6536
2013-10-06 10:30:00,10.530001
2013-10-07 10:30:00,16.502401
2013-10-08 10:30:00,12.895201
2013-10-09 10:30:00,9.6228
2013-10-10 10:30:00,2.052
2013-10-11 10:30:00,11.6316
2013-10-12 10:30:00,15.1632
2013-10-13 10:30:00,6.7608004
2013-10-14 10:30:00,13.888801
2013-10-15 10:30:00,14.094001
2013-10-16 10:30:00,13.4568
2013-10-17 10:30:00,12.798
2013-10-18 10:30:00,8.0352
2013-10-19 10:30:00,11.1132
2013-10-20 10:30:00,10.962
2013-10-21 10:30:00,5.076
2013-10-22 10:30:00,3.7584002
2013-10-23 10:30:00,5.9292
2013-10-24 10:30:00,4.6332
2013-10-25 10:30:00,9.730801
2013-10-26 10:30:00,8.5752
2013-10-27 10:30:00,5.4972
2013-10-28 10:30:00,4.6116
2013-10-29 10:30:00,10.5084
2013-10-30 10:30:00,10.6272
2013-10-31 10:30:00,10.5732
2013-11-01 10:30:00,8.7696
2013-11-02 10:30:00,8.7372
2013-11-03 10:30:00,10.4868
2013-11-04 10:30:00,10.26
2013-11-05 10:30:00,6.4584002
2013-11-06 10:30:00,6.21
2013-11-07 10:30:00,4.698
2013-11-08 10:30:00,3.5856001
2013-11-09 10:30:00,8.316
2013-11-10 10:30:00,7.4736004
2013-11-11 10:30:00,8.37
2013-11-12 10:30:00,9.158401
2013-11-13 10:30:00,7.2792
2013-11-14 10:30:00,6.9012003
2013-11-15 10:30:00,7.8300004
2013-11-16 10:30:00,5.4216003
2013-11-17 10:30:00,2.9916
2013-11-18 10:30:00,5.4648004
2013-11-19 10:30:00,6.4044003
2013-11-20 10:30:00,7.4952
2013-11-21 10:30:00,4.4388003
2013-11-22 10:30:00,6.9012003
2013-11-23 10:30:00,7.2792
2013-11-24 10:30:00,6.1992
2013-11-25 10:30:00,7.506
2013-11-26 10:30:00,6.3180003
2013-11-27 10:30:00,4.7628
2013-11-28 10:30:00,6.5988
2013-11-29 10:30:00,7.3440003
2013-11-30 10:30:00,6.8580003
2013-12-01 10:30:00,6.8472004
2013-12-02 10:30:00,6.7176003
2013-12-03 10:30:00,4.2444
2013-12-04 10:30:00,6.9552
2013-12-05 10:30:00,6.9768
2013-12-06 10:30:00,6.0156
2013-12-07 10:30:00,6.1128
2013-12-08 10:30:00,2.5056
2013-12-09 10:30:00,3.5964
2013-12-10 10:30:00,3.8016
2013-12-11 10:30:00,4.05
2013-12-12 10:30:00,5.3892
2013-12-13 10:30:00,5.0544
2013-12-14 10:30:00,4.9572
2013-12-15 10:30:00,3.078
2013-12-16 10:30:00,5.2812
2013-12-17 10:30:00,5.5836
2013-12-18 10:30:00,3.9744
2013-12-19 10:30:00,4.1904
2013-12-20 10:30:00,3.0348
2013-12-21 10:30:00,4.5360003
2013-12-22 10:30:00,5.6592
2013-12-23 10:30:00,5.6808
2013-12-24 10:30:00,3.1212
2013-12-25 10:30:00,3.9852002
2013-12-26 10:30:00,5.7780004
2013-12-27 10:30:00,5.8212004
2013-12-28 10:30:00,5.8212004
2013-12-29 10:30:00,5.7780004
2013-12-30 10:30:00,5.7348003
2013-12-31 10:30:00,2.9916
2014-01-01 10:30:00,6.1668
2014-01-02 10:30:00,3.9312
2014-01-03 10:30:00,6.3936
2014-01-04 10:30:00,6.3612003
2014-01-05 10:30:00,6.3504
2014-01-06 10:30:00,4.644
2014-01-07 10:30:00,6.5340004
2014-01-08 10:30:00,6.5016003
2014-01-09 10:30:00,3.51
2014-01-10 10:30:00,6.372
2014-01-11 10:30:00,6.372
2014-01-12 10:30:00,6.3396
2014-01-13 10:30:00,6.5772
2014-01-14 10:30:00,6.4044003
2014-01-15 10:30:00,6.9012003
2014-01-16 10:30:00,6.9336
2014-01-17 10:30:00,4.7952003
2014-01-18 10:30:00,7.29
2014-01-19 10:30:00,2.0412002
2014-01-20 10:30:00,5.3028
2014-01-21 10:30:00,6.5016003
2014-01-22 10:30:00,6.372
2014-01-23 10:30:00,4.7196
2014-01-24 10:30:00,7.3008003
2014-01-25 10:30:00,7.8300004
2014-01-26 10:30:00,7.776
2014-01-27 10:30:00,8.4348
2014-01-28 10:30:00,5.8212004
2014-01-29 10:30:00,7.0848002
2014-01-30 10:30:00,8.7696
2014-01-31 10:30:00,8.964001
2014-02-01 10:30:00,7.8516
2014-02-02 10:30:00,8.6724
2014-02-03 10:30:00,8.5968
2014-02-04 10:30:00,9.158401
2014-02-05 10:30:00,9.2016
2014-02-06 10:30:00,9.1368
2014-02-07 10:30:00,9.612
2014-02-08 10:30:00,7.5384
2014-02-09 10:30:00,9.5688
2014-02-10 10:30:00,10.0656
2014-02-11 10:30:00,10.0656
2014-02-12 10:30:00,10.476
2014-02-13 10:30:00,8.6832
2014-02-14 10:30:00,4.32
2014-02-15 10:30:00,6.2964
2014-02-16 10:30:00,9.6552
2014-02-17 10:30:00,10.584001
2014-02-18 10:30:00,11.2752
2014-02-19 10:30:00,12.1608
2014-02-20 10:30:00,10.443601
2014-02-21 10:30:00,8.9532
2014-02-22 10:30:00,11.0808
2014-02-23 10:30:00,11.437201
2014-02-24 10:30:00,10.216801
2014-02-25 10:30:00,11.826
2014-02-26 10:30:00,8.3808
2014-02-27 10:30:00,13.6512
2014-02-28 10:30:00,11.826
2014-03-01 10:30:00,13.8996
2014-03-02 10:30:00,13.3704
2014-03-03 10:30:00,13.2732
2014-03-04 10:30:00,13.780801
2014-03-05 10:30:00,11.9124
2014-03-06 10:30:00,14.4828005
2014-03-07 10:30:00,14.8392
2014-03-08 10:30:00,14.5368
2014-03-09 10:30:00,15.541201
2014-03-10 10:30:00,13.6512
2014-03-11 10:30:00,14.1588
2014-03-12 10:30:00,15.5304
2014-03-13 10:30:00,14.6124
2014-03-14 10:30:00,15.4656
2014-03-15 10:30:00,15.5304
2014-03-16 10:30:00,14.5368
2014-03-17 10:30:00,6.8472004
2014-03-18 10:30:00,16.362
2014-03-19 10:30:00,12.0744
2014-03-20 10:30:00,15.4224
2014-03-21 10:30:00,16.8264
2014-03-22 10:30:00,17.604
2014-03-23 10:30:00,15.7896
2014-03-24 10:30:00,14.947201
2014-03-25 10:30:00,17.4204
2014-03-26 10:30:00,8.8128
2014-03-27 10:30:00,15.573601
2014-03-28 10:30:00,19.1592
2014-03-29 10:30:00,20.1312
2014-03-30 10:30:00,20.304
2014-03-31 10:30:00,19.666801
2014-04-01 10:30:00,16.923601
2014-04-02 10:30:00,16.8048
2014-04-03 10:30:00,20.844
2014-04-04 10:30:00,11.718
2014-04-05 10:30:00,22.4964
2014-04-06 10:30:00,19.6128
2014-04-07 10:30:00,19.710001
2014-04-08 10:30:00,16.642801
2014-04-09 10:30:00,20.401201
2014-04-10 10:30:00,22.5504
2014-04-11 10:30:00,21.8916
2014-04-12 10:30:00,20.682001
2014-04-13 10:30:00,18.8244
2014-04-14 10:30:00,19.9584
2014-04-15 10:30:00,23.0364
2014-04-16 10:30:00,18.7164
2014-04-17 10:30:00,15.8652
2014-04-18 10:30:00,23.187601
2014-04-19 10:30:00,18.7488
2014-04-20 10:30:00,10.983601
2014-04-21 10:30:00,17.658
2014-04-22 10:30:00,21.794401
2014-04-23 10:30:00,25.8444
2014-04-24 10:30:00,21.384
2014-04-25 10:30:00,13.7052
2014-04-26 10:30:00,19.9692
2014-04-27 10:30:00,21.902401
2014-04-28 10:30:00,26.0928
2014-04-29 10:30:00,26.6112
2014-04-30 10:30:00,27.745201
2014-05-01 10:30:00,19.980001
2014-05-02 10:30:00,15.2496
2014-05-03 10:30:00,12.3444
2014-05-04 10:30:00,18.068401
2014-05-05 10:30:00,22.626001
2014-05-06 10:30:00,22.8636
2014-05-07 10:30:00,17.9712
2014-05-08 10:30:00,23.2956
2014-05-09 10:30:00,23.6952
2014-05-10 10:30:00,9.417601
2014-05-11 10:30:00,8.7804
2014-05-12 10:30:00,9.784801
2014-05-13 10:30:00,14.1804
2014-05-14 10:30:00,12.668401
2014-05-15 10:30:00,13.5972
2014-05-16 10:30:00,10.4652
2014-05-17 10:30:00,22.971601
2014-05-18 10:30:00,18.2628
2014-05-19 10:30:00,10.6596
2014-05-20 10:30:00,18.975601
2014-05-21 10:30:00,29.0736
2014-05-22 10:30:00,21.8376
2014-05-23 10:30:00,15.854401
2014-05-24 10:30:00,12.0852
2014-05-25 10:30:00,11.728801
2014-05-26 10:30:00,16.3188
2014-05-27 10:30:00,29.203201
2014-05-28 10:30:00,31.914001
2014-05-29 10:30:00,32.8536
2014-05-30 10:30:00,29.905201
2014-05-31 10:30:00,25.7796
2014-06-01 10:30:00,21.0492
2014-06-02 10:30:00,24.678001
2014-06-03 10:30:00,26.6004
2014-06-04 10:30:00,25.8444
2014-06-05 10:30:00,19.278
2014-06-06 10:30:00,23.155201
2014-06-07 10:30:00,11.7936
2014-06-08 10:30:00,5.6808
2014-06-09 10:30:00,9.6768
2014-06-10 10:30:00,10.7784
2014-06-11 10:30:00,13.5
2014-06-12 10:30:00,26.2332
2014-06-13 10:30:00,32.0112
2014-06-14 10:30:00,30.283201
2014-06-15 10:30:00,28.296001
2014-06-16 10:30:00,27.2268
2014-06-17 10:30:00,13.608001
2014-06-18 10:30:00,22.734001
2014-06-19 10:30:00,24.926401
2014-06-20 10:30:00,15.9624
2014-06-21 10:30:00,26.5032
2014-06-22 10:30:00,32.0652
2014-06-23 10:30:00,30.942001
2014-06-24 10:30:00,23.004
2014-06-25 10:30:00,20.1636
2014-06-26 10:30:00,8.9208
2014-06-27 10:30:00,22.8636
2014-06-28 10:30:00,28.090801
2014-06-29 10:30:00,27.864
2014-06-30 10:30:00,18.4356
2014-07-01 10:30:00,27.3024
2014-07-02 10:30:00,26.038801
2014-07-03 10:30:00,15.768001
2014-07-04 10:30:00,29.1924
2014-07-05 10:30:00,22.1508
2014-07-06 10:30:00,27.0972
2014-07-07 10:30:00,14.9364
2014-07-08 10:30:00,14.2560005
2014-07-09 10:30:00,25.0884
2014-07-10 10:30:00,25.2612
2014-07-11 10:30:00,21.2436
2014-07-12 10:30:00,20.822401
2014-07-13 10:30:00,22.140001
2014-07-14 10:30:00,26.071201
2014-07-15 10:30:00,18.5436
2014-07-16 10:30:00,12.8304
2014-07-17 10:30:00,19.947601
2014-07-18 10:30:00,24.127201
2014-07-19 10:30:00,15.120001
2014-07-20 10:30:00,12.204
2014-07-21 10:30:00,26.460001
2014-07-22 10:30:00,21.5352
2014-07-23 10:30:00,25.099201
2014-07-24 10:30:00,24.3756
2014-07-25 10:30:00,25.704
2014-07-26 10:30:00,24.84
2014-07-27 10:30:00,25.9524
2014-07-28 10:30:00,22.1508
2014-07-29 10:30:00,19.288801
2014-07-30 10:30:00,18.7272
2014-07-31 10:30:00,25.056
2014-08-01 10:30:00,26.1576
2014-08-02 10:30:00,23.1768
2014-08-03 10:30:00,20.962801
2014-08-04 10:30:00,27.3132
2014-08-05 10:30:00,18.5328
2014-08-06 10:30:00,15.7032
2014-08-07 10:30:00,25.585201
2014-08-08 10:30:00,23.3712
2014-08-09 10:30:00,9.9144
2014-08-10 10:30:00,10.0224
2014-08-11 10:30:00,14.0508
2014-08-12 10:30:00,25.866001
2014-08-13 10:30:00,23.954401
2014-08-14 10:30:00,20.0448
2014-08-15 10:30:00,4.2984
2014-08-16 10:30:00,6.9768
2014-08-17 10:30:00,22.766401
2014-08-18 10:30:00,24.9372
2014-08-19 10:30:00,18.5328
2014-08-20 10:30:00,8.5212
2014-08-21 10:30:00,24.9156
2014-08-22 10:30:00,24.4296
2014-08-23 10:30:00,21.902401
2014-08-24 10:30:00,8.1324005
2014-08-25 10:30:00,3.8556
2014-08-26 10:30:00,4.212
2014-08-27 10:30:00,23.954401
2014-08-28 10:30:00,21.2436
2014-08-29 10:30:00,22.464
2014-08-30 10:30:00,22.356
2014-08-31 10:30:00,18.4032
2014-09-01 10:30:00,5.9724
2014-09-02 10:30:00,10.4328
2014-09-03 10:30:00,16.0056
2014-09-04 10:30:00,12.9276
2014-09-05 10:30:00,22.971601
2014-09-06 10:30:00,22.485601
2014-09-07 10:30:00,13.6512
2014-09-08 10:30:00,19.9908
2014-09-09 10:30:00,23.3064
2014-09-10 10:30:00,19.9584
2014-09-11 10:30:00,22.464
2014-09-12 10:30:00,18.468
2014-09-13 10:30:00,17.755201
2014-09-14 10:30:00,18.9324
2014-09-15 10:30:00,21.0384
2014-09-16 10:30:00,19.278
2014-09-17 10:30:00,21.373201
2014-09-18 10:30:00,17.6364
2014-09-19 10:30:00,14.968801
2014-09-20 10:30:00,10.6812
2014-09-21 10:30:00,17.0748
2014-09-22 10:30:00,9.0720005
2014-09-23 10:30:00,16.1352
2014-09-24 10:30:00,17.118
2014-09-25 10:30:00,15.93
2014-09-26 10:30:00,2.8188
2014-09-27 10:30:00,17.874
2014-09-28 10:30:00,10.5948
2014-09-29 10:30:00,18.036001
2014-09-30 10:30:00,16.2432
2014-10-01 10:30:00,14.860801
2014-10-02 10:30:00,17.442001
2014-10-03 10:30:00,17.3124
2014-10-04 10:30:00,16.891201
2014-10-05 10:30:00,15.346801
2014-10-06 10:30:00,15.39
2014-10-07 10:30:00,15.660001
2014-10-08 10:30:00,10.6596
2014-10-09 10:30:00,13.7916
2014-10-10 10:30:00,3.1536
2014-10-11 10:30:00,1.9116
2014-10-12 10:30:00,14.742001
2014-10-13 10:30:00,15.141601
2014-10-14 10:30:00,15.346801
2014-10-15 10:30:00,11.6316
2014-10-16 10:30:00,14.3532
2014-10-17 10:30:00,10.843201
2014-10-18 10:30:00,13.6188
2014-10-19 10:30:00,9.7524
2014-10-20 10:30:00,13.489201
2014-10-21 10:30:00,11.7072
2014-10-22 10:30:00,11.7612
2014-10-23 10:30:00,4.4172
2014-10-24 10:30:00,5.7780004
2014-10-25 10:30:00,8.1
2014-10-26 10:30:00,8.424
2014-10-27 10:30:00,11.556001
2014-10-28 10:30:00,9.2664
2014-10-29 10:30:00,7.3224
2014-10-30 10:30:00,4.4928
2014-10-31 10:30:00,2.9808002
2014-11-01 10:30:00,8.1432
2014-11-02 10:30:00,8.3268
2014-11-03 10:30:00,9.018001
2014-11-04 10:30:00,8.6292
2014-11-05 10:30:00,9.0504
2014-11-06 10:30:00,8.564401
2014-11-07 10:30:00,10.130401
2014-11-08 10:30:00,9.590401
2014-11-09 10:30:00,8.9424
2014-11-10 10:30:00,9.1692
2014-11-11 10:30:00,8.9208
2014-11-12 10:30:00,8.0892
2014-11-13 10:30:00,8.1216
2014-11-14 10:30:00,8.856
2014-11-15 10:30:00,8.1972
2014-11-16 10:30:00,7.8084
2014-11-17 10:30:00,7.9704003
2014-11-18 10:30:00,7.9812
2014-11-19 10:30:00,6.9444003
2014-11-20 10:30:00,2.592
2014-11-21 10:30:00,3.8448
2014-11-22 10:30:00,6.912
2014-11-23 10:30:00,7.5924
2014-11-24 10:30:00,7.0848002
2014-11-25 10:30:00,6.912
2014-11-26 10:30:00,3.2940001
2014-11-27 10:30:00,6.75
2014-11-28 10:30:00,6.426
2014-11-29 10:30:00,2.6784
2014-11-30 10:30:00,2.1708
2014-12-01 10:30:00,6.5232
2014-12-02 10:30:00,7.4736004
2014-12-03 10:30:00,4.6008
2014-12-04 10:30:00,6.2532
2014-12-05 10:30:00,5.0976
2014-12-06 10:30:00,5.8752003
2014-12-07 10:30:00,6.0480003
2014-12-08 10:30:00,5.9508
2014-12-09 10:30:00,4.6872
2014-12-10 10:30:00,0.91800004
2014-12-11 10:30:00,2.8512
2014-12-12 10:30:00,3.0672002
2014-12-13 10:30:00,2.8404
2014-12-14 10:30:00,5.6484003
2014-12-15 10:30:00,5.0544
2014-12-16 10:30:00,5.5080004
2014-12-17 10:30:00,4.9464
2014-12-18 10:30:00,2.7756
2014-12-19 10:30:00,5.076
2014-12-20 10:30:00,5.5728
2014-12-21 10:30:00,3.9420002
2014-12-22 10:30:00,2.862
2014-12-23 10:30:00,5.5512
2014-12-24 10:30:00,2.592
2014-12-25 10:30:00,4.6656003
2014-12-26 10:30:00,5.6808
2014-12-27 10:30:00,3.8448
2014-12-28 10:30:00,5.6484003
2014-12-29 10:30:00,5.1516004
2014-12-30 10:30:00,2.4948
2014-12-31 10:30:00,5.5404
2015-01-01 10:30:00,5.7456
2015-01-02 10:30:00,6.1884003
2015-01-03 10:30:00,6.0696
2015-01-04 10:30:00,6.2856
2015-01-05 10:30:00,6.372
2015-01-06 10:30:00,6.5232
2015-01-07 10:30:00,6.5880003
2015-01-08 10:30:00,6.3072
2015-01-09 10:30:00,6.5232
2015-01-10 10:30:00,4.9356003
2015-01-11 10:30:00,6.8580003
2015-01-12 10:30:00,6.7608004
2015-01-13 10:30:00,6.7824
2015-01-14 10:30:00,6.8904004
2015-01-15 10:30:00,6.2856
2015-01-16 10:30:00,7.1280003
2015-01-17 10:30:00,7.236
2015-01-18 10:30:00,4.5684
2015-01-19 10:30:00,7.236
2015-01-20 10:30:00,7.3332
2015-01-21 10:30:00,7.506
2015-01-22 10:30:00,7.452
2015-01-23 10:30:00,6.9336
2015-01-24 10:30:00,7.1712003
2015-01-25 10:30:00,7.7004004
2015-01-26 10:30:00,7.938
2015-01-27 10:30:00,8.4132
2015-01-28 10:30:00,8.4672
2015-01-29 10:30:00,7.8192
2015-01-30 10:30:00,8.802
2015-01-31 10:30:00,8.3376
2015-02-01 10:30:00,8.856
2015-02-02 10:30:00,8.3808
2015-02-03 10:30:00,5.7996
2015-02-04 10:30:00,8.9208
2015-02-05 10:30:00,8.7264
2015-02-06 10:30:00,8.208
2015-02-07 10:30:00,8.9856
2015-02-08 10:30:00,9.590401
2015-02-09 10:30:00,10.152
2015-02-10 10:30:00,10.4544
2015-02-11 10:30:00,3.8448
2015-02-12 10:30:00,10.1412
2015-02-13 10:30:00,9.126
2015-02-14 10:30:00,10.692
2015-02-15 10:30:00,8.0892
2015-02-16 10:30:00,7.9488
2015-02-17 10:30:00,11.1996
2015-02-18 10:30:00,12.6792
2015-02-19 10:30:00,8.3376
2015-02-20 10:30:00,6.8148003
2015-02-21 10:30:00,6.3396
2015-02-22 10:30:00,10.9404
2015-02-23 10:30:00,11.782801
2015-02-24 10:30:00,13.748401
2015-02-25 10:30:00,13.9428005
2015-02-26 10:30:00,13.554
2015-02-27 10:30:00,14.374801
2015-02-28 10:30:00,10.616401
2015-03-01 10:30:00,13.1436
2015-03-02 10:30:00,14.407201
2015-03-03 10:30:00,6.7932
2015-03-04 10:30:00,14.9256
2015-03-05 10:30:00,15.087601
2015-03-06 10:30:00,10.5624
2015-03-07 10:30:00,10.270801
2015-03-08 10:30:00,14.2560005
2015-03-09 10:30:00,15.5844
2015-03-10 10:30:00,15.1632
2015-03-11 10:30:00,15.6492
2015-03-12 10:30:00,11.2644005
2015-03-13 10:30:00,14.8392
2015-03-14 10:30:00,15.0984
2015-03-15 10:30:00,15.3792
2015-03-16 10:30:00,16.329601
2015-03-17 10:30:00,17.3016
2015-03-18 10:30:00,13.921201
2015-03-19 10:30:00,15.519601
2015-03-20 10:30:00,14.148001
2015-03-21 10:30:00,16.9128
2015-03-22 10:30:00,18.9
2015-03-23 10:30:00,18.349201
2015-03-24 10:30:00,16.9668
2015-03-25 10:30:00,18.1224
2015-03-26 10:30:00,17.128801
2015-03-27 10:30:00,11.2752
2015-03-28 10:30:00,15.087601
2015-03-29 10:30:00,14.774401
2015-03-30 10:30:00,14.1588
2015-03-31 10:30:00,19.666801
2015-04-01 10:30:00,21.654001
2015-04-02 10:30:00,3.456
2015-04-03 10:30:00,15.012
2015-04-04 10:30:00,3.9096
2015-04-05 10:30:00,4.4496
2015-04-06 10:30:00,10.692
2015-04-07 10:30:00,17.7876
2015-04-08 10:30:00,21.340801
2015-04-09 10:30:00,22.3668
2015-04-10 10:30:00,18.522001
2015-04-11 10:30:00,22.453201
2015-04-12 10:30:00,24.408
2015-04-13 10:30:00,19.9044
2015-04-14 10:30:00,20.8656
2015-04-15 10:30:00,17.28
2015-04-16 10:30:00,20.4768
2015-04-17 10:30:00,24.991201
2015-04-18 10:30:00,19.0728
2015-04-19 10:30:00,25.725601
2015-04-20 10:30:00,22.939201
2015-04-21 10:30:00,22.7232
2015-04-22 10:30:00,22.075201
2015-04-23 10:30:00,20.5524
2015-04-24 10:30:00,27.464401
2015-04-25 10:30:00,20.8656
2015-04-26 10:30:00,19.083601
2015-04-27 10:30:00,21.0924
2015-04-28 10:30:00,19.9908
2015-04-29 10:30:00,18.6408
2015-04-30 10:30:00,14.547601
2015-05-01 10:30:00,11.988
2015-05-02 10:30:00,22.5828
2015-05-03 10:30:00,21.7512
2015-05-04 10:30:00,27.7236
2015-05-05 10:30:00,8.9424
2015-05-06 10:30:00,21.2976
2015-05-07 10:30:00,5.184
2015-05-08 10:30:00,18.3708
2015-05-09 10:30:00,26.524801
2015-05-10 10:30:00,21.546001
2015-05-11 10:30:00,6.2208004
2015-05-12 10:30:00,5.9724
2015-05-13 10:30:00,21.340801
2015-05-14 10:30:00,25.6284
2015-05-15 10:30:00,17.830801
2015-05-16 10:30:00,24.472801
2015-05-17 10:30:00,23.144402
2015-05-18 10:30:00,12.3012
2015-05-19 10:30:00,14.655601
2015-05-20 10:30:00,31.4496
2015-05-21 10:30:00,30.4776
2015-05-22 10:30:00,31.1364
2015-05-23 10:30:00,26.1576
2015-05-24 10:30:00,29.127602
2015-05-25 10:30:00,16.2
2015-05-26 10:30:00,12.5172
2015-05-27 10:30:00,23.6844
2015-05-28 10:30:00,22.388401
2015-05-29 10:30:00,25.196402
2015-05-30 10:30:00,26.935202
2015-05-31 10:30:00,20.8332
2015-06-01 10:30:00,21.0384
2015-06-02 10:30:00,20.822401
2015-06-03 10:30:00,28.2852
2015-06-04 10:30:00,8.0568
2015-06-05 10:30:00,5.454
2015-06-06 10:30:00,16.7076
2015-06-07 10:30:00,23.738401
2015-06-08 10:30:00,22.2696
2015-06-09 10:30:00,21.448801
2015-06-10 10:30:00,20.3256
2015-06-11 10:30:00,6.0696
2015-06-12 10:30:00,7.4952
2015-06-13 10:30:00,28.058401
2015-06-14 10:30:00,28.717201
2015-06-15 10:30:00,31.86
2015-06-16 10:30:00,24.9156
2015-06-17 10:30:00,15.39
2015-06-18 10:30:00,7.8192
2015-06-19 10:30:00,23.4792
2015-06-20 10:30:00,29.862001
2015-06-21 10:30:00,31.3092
2015-06-22 10:30:00,29.343601
2015-06-23 10:30:00,25.9416
2015-06-24 10:30:00,21.2112
2015-06-25 10:30:00,28.263601
2015-06-26 10:30:00,30.5748
2015-06-27 10:30:00,24.3756
2015-06-28 10:30:00,20.466
2015-06-29 10:30:00,31.914001
2015-06-30 10:30:00,18.09
2015-07-01 10:30:00,21.276001
2015-07-02 10:30:00,16.5672
2015-07-03 10:30:00,31.212
2015-07-04 10:30:00,28.954802
2015-07-05 10:30:00,30.3696
2015-07-06 10:30:00,28.5336
2015-07-07 10:30:00,30.5424
2015-07-08 10:30:00,30.402
2015-07-09 10:30:00,23.144402
2015-07-10 10:30:00,25.099201
2015-07-11 10:30:00,23.770802
2015-07-12 10:30:00,26.5356
2015-07-13 10:30:00,23.2416
2015-07-14 10:30:00,21.0708
2015-07-15 10:30:00,8.618401
2015-07-16 10:30:00,20.3148
2015-07-17 10:30:00,24.613201
2015-07-18 10:30:00,26.3628
2015-07-19 10:30:00,25.434
2015-07-20 10:30:00,13.1004
2015-07-21 10:30:00,19.278
2015-07-22 10:30:00,15.346801
2015-07-23 10:30:00,18.4248
2015-07-24 10:30:00,19.062
2015-07-25 10:30:00,21.7836
2015-07-26 10:30:00,15.2712
2015-07-27 10:30:00,24.5268
2015-07-28 10:30:00,30.078001
2015-07-29 10:30:00,16.718401
2015-07-30 10:30:00,24.948
2015-07-31 10:30:00,25.11
2015-08-01 10:30:00,23.014801
2015-08-02 10:30:00,20.9412
2015-08-03 10:30:00,22.3668
2015-08-04 10:30:00,18.5112
2015-08-05 10:30:00,27.5832
2015-08-06 10:30:00,18.522001
2015-08-07 10:30:00,26.3304
2015-08-08 10:30:00,19.7208
2015-08-09 10:30:00,13.2300005
2015-08-10 10:30:00,24.462
2015-08-11 10:30:00,23.5224
2015-08-12 10:30:00,25.002
2015-08-13 10:30:00,22.842001
2015-08-14 10:30:00,17.4528
2015-08-15 10:30:00,10.9404
2015-08-16 10:30:00,11.0808
2015-08-17 10:30:00,17.658
2015-08-18 10:30:00,12.3444
2015-08-19 10:30:00,22.939201
2015-08-20 10:30:00,5.5296
2015-08-21 10:30:00,13.521601
2015-08-22 10:30:00,21.4596
2015-08-23 10:30:00,12.8412
2015-08-24 10:30:00,6.0156
2015-08-25 10:30:00,8.078401
2015-08-26 10:30:00,18.7056
2015-08-27 10:30:00,18.316801
2015-08-28 10:30:00,9.7092
2015-08-29 10:30:00,6.1668
2015-08-30 10:30:00,4.86
2015-08-31 10:30:00,9.6984005
2015-09-01 10:30:00,21.481201
2015-09-02 10:30:00,12.7116
2015-09-03 10:30:00,21.6648
2015-09-04 10:30:00,22.5828
2015-09-05 10:30:00,24.0624
2015-09-06 10:30:00,19.3752
2015-09-07 10:30:00,4.7520003
2015-09-08 10:30:00,5.6052003
2015-09-09 10:30:00,22.3668
2015-09-10 10:30:00,22.2048
2015-09-11 10:30:00,16.124401
2015-09-12 10:30:00,15.0228
2015-09-13 10:30:00,18.2844
2015-09-14 10:30:00,21.5352
2015-09-15 10:30:00,18.489601
2015-09-16 10:30:00,18.5004
2015-09-17 10:30:00,3.1212
2015-09-18 10:30:00,5.1192
2015-09-19 10:30:00,18.068401
2015-09-20 10:30:00,15.8112
2015-09-21 10:30:00,16.1676
2015-09-22 10:30:00,2.3112001
2015-09-23 10:30:00,8.2728
2015-09-24 10:30:00,4.6764
2015-09-25 10:30:00,5.4972
2015-09-26 10:30:00,16.3404
2015-09-27 10:30:00,14.7528
2015-09-28 10:30:00,14.1048
2015-09-29 10:30:00,17.82
2015-09-30 10:30:00,11.5128
2015-10-01 10:30:00,12.268801
2015-10-02 10:30:00,12.9924
2015-10-03 10:30:00,16.6752
2015-10-04 10:30:00,17.236801
2015-10-05 10:30:00,10.7136
2015-10-06 10:30:00,16.632
2015-10-07 10:30:00,10.411201
2015-10-08 10:30:00,13.986
2015-10-09 10:30:00,10.411201
2015-10-10 10:30:00,2.2572
2015-10-11 10:30:00,7.4844003
2015-10-12 10:30:00,9.9144
2015-10-13 10:30:00,13.802401
2015-10-14 10:30:00,13.932
2015-10-15 10:30:00,15.012
2015-10-16 10:30:00,13.2516
2015-10-17 10:30:00,10.3248005
2015-10-18 10:30:00,12.862801
2015-10-19 10:30:00,9.936
2015-10-20 10:30:00,11.34
2015-10-21 10:30:00,13.2516
2015-10-22 10:30:00,12.8304
2015-10-23 10:30:00,12.463201
2015-10-24 10:30:00,10.5732
2015-10-25 10:30:00,10.6596
2015-10-26 10:30:00,1.3824
2015-10-27 10:30:00,7.3656
2015-10-28 10:30:00,9.5148
2015-10-29 10:30:00,8.1756
2015-10-30 10:30:00,10.476
2015-10-31 10:30:00,10.1088
2015-11-01 10:30:00,11.394
2015-11-02 10:30:00,9.828
2015-11-03 10:30:00,7.3548
2015-11-04 10:30:00,3.834
2015-11-05 10:30:00,9.5364
2015-11-06 10:30:00,9.2556
2015-11-07 10:30:00,8.7696
2015-11-08 10:30:00,6.7716002
2015-11-09 10:30:00,6.5232
2015-11-10 10:30:00,3.2292001
2015-11-11 10:30:00,4.59
2015-11-12 10:30:00,5.5944
2015-11-13 10:30:00,6.0264
2015-11-14 10:30:00,1.998
2015-11-15 10:30:00,8.4672
2015-11-16 10:30:00,5.5404
2015-11-17 10:30:00,4.9032
2015-11-18 10:30:00,6.5988
2015-11-19 10:30:00,6.7392
2015-11-20 10:30:00,7.7868004
2015-11-21 10:30:00,7.722
2015-11-22 10:30:00,7.9164004
2015-11-23 10:30:00,4.914
2015-11-24 10:30:00,7.6896
2015-11-25 10:30:00,7.3224
2015-11-26 10:30:00,7.1388
2015-11-27 10:30:00,5.8104
2015-11-28 10:30:00,6.9444003
2015-11-29 10:30:00,6.4908004
2015-11-30 10:30:00,5.886
2015-12-01 10:30:00,3.834
2015-12-02 10:30:00,4.5792003
2015-12-03 10:30:00,1.6848
2015-12-04 10:30:00,3.3372002
2015-12-05 10:30:00,6.6744003
2015-12-06 10:30:00,3.1752
2015-12-07 10:30:00,3.6288002
2015-12-08 10:30:00,5.6916003
2015-12-09 10:30:00,6.1668
2015-12-10 10:30:00,6.21
2015-12-11 10:30:00,3.9096
2015-12-12 10:30:00,6.1452003
2015-12-13 10:30:00,6.0480003
2015-12-14 10:30:00,2.7864
2015-12-15 10:30:00,5.3352003
2015-12-16 10:30:00,3.5532
2015-12-17 10:30:00,2.9484
2015-12-18 10:30:00,4.4712
2015-12-19 10:30:00,5.8536
2015-12-20 10:30:00,4.9788003
2015-12-21 10:30:00,5.724
2015-12-22 10:30:00,4.6116
2015-12-23 10:30:00,5.886
2015-12-24 10:30:00,6.0156
2015-12-25 10:30:00,1.2204
2015-12-26 10:30:00,2.16
2015-12-27 10:30:00,2.862
2015-12-28 10:30:00,4.8168
2015-12-29 10:30:00,5.7564
2015-12-30 10:30:00,5.8644004
2015-12-31 10:30:00,5.7888002
2016-01-01 10:30:00,6.1128
2016-01-02 10:30:00,5.5836
2016-01-03 10:30:00,6.1452003
2016-01-04 10:30:00,6.5340004
2016-01-05 10:30:00,3.3588002
2016-01-06 10:30:00,6.5556
2016-01-07 10:30:00,6.5340004
2016-01-08 10:30:00,6.7176003
2016-01-09 10:30:00,6.8256
2016-01-10 10:30:00,6.8796
2016-01-11 10:30:00,6.8364
2016-01-12 10:30:00,4.3632
2016-01-13 10:30:00,7.0308003
2016-01-14 10:30:00,7.1388
2016-01-15 10:30:00,5.0544
2016-01-16 10:30:00,6.9012003
2016-01-17 10:30:00,7.1604004
2016-01-18 10:30:00,4.3308
2016-01-19 10:30:00,7.4196
2016-01-20 10:30:00,7.5816
2016-01-21 10:30:00,7.4952
2016-01-22 10:30:00,7.6788
2016-01-23 10:30:00,7.6356
2016-01-24 10:30:00,6.7608004
2016-01-25 10:30:00,8.218801
2016-01-26 10:30:00,8.5212
2016-01-27 10:30:00,8.64
2016-01-28 10:30:00,8.8884
2016-01-29 10:30:00,9.0612
2016-01-30 10:30:00,8.478001
2016-01-31 10:30:00,9.2016
2016-02-01 10:30:00,8.9424
2016-02-02 10:30:00,9.1152
2016-02-03 10:30:00,9.2016
2016-02-04 10:30:00,5.4756002
2016-02-05 10:30:00,9.471601
2016-02-06 10:30:00,9.5688
2016-02-07 10:30:00,8.7264
2016-02-08 10:30:00,9.730801
2016-02-09 10:30:00,10.0224
2016-02-10 10:30:00,9.6336
2016-02-11 10:30:00,9.0072
2016-02-12 10:30:00,9.784801
2016-02-13 10:30:00,10.756801
2016-02-14 10:30:00,10.983601
2016-02-15 10:30:00,10.2816
2016-02-16 10:30:00,11.296801
2016-02-17 10:30:00,11.0484
2016-02-18 10:30:00,10.5948
2016-02-19 10:30:00,11.296801
2016-02-20 10:30:00,9.882
2016-02-21 10:30:00,11.869201
2016-02-22 10:30:00,12.6036005
2016-02-23 10:30:00,12.8196
2016-02-24 10:30:00,12.722401
2016-02-25 10:30:00,13.176001
2016-02-26 10:30:00,13.4136
2016-02-27 10:30:00,13.6404
2016-02-28 10:30:00,13.316401
2016-02-29 10:30:00,13.446
2016-03-01 10:30:00,11.5776005
2016-03-02 10:30:00,10.9512005
2016-03-03 10:30:00,10.1088
2016-03-04 10:30:00,8.618401
2016-03-05 10:30:00,10.3248005
2016-03-06 10:30:00,12.582001
2016-03-07 10:30:00,14.85
2016-03-08 10:30:00,14.634001
2016-03-09 10:30:00,15.001201
2016-03-10 10:30:00,15.3252
2016-03-11 10:30:00,15.908401
2016-03-12 10:30:00,15.120001
2016-03-13 10:30:00,14.2992
2016-03-14 10:30:00,12.6252
2016-03-15 10:30:00,16.502401
2016-03-16 10:30:00,16.146
2016-03-17 10:30:00,15.714001
2016-03-18 10:30:00,11.7612
2016-03-19 10:30:00,16.9668
2016-03-20 10:30:00,17.0532
2016-03-21 10:30:00,5.1516004
2016-03-22 10:30:00,16.038
2016-03-23 10:30:00,18.5976
2016-03-24 10:30:00,18.2196
2016-03-25 10:30:00,17.6688
2016-03-26 10:30:00,16.9452
2016-03-27 10:30:00,13.8672
2016-03-28 10:30:00,14.418
2016-03-29 10:30:00,17.0532
2016-03-30 10:30:00,14.288401
2016-03-31 10:30:00,14.5044
2016-04-01 10:30:00,11.934
2016-04-02 10:30:00,21.1248
2016-04-03 10:30:00,21.9888
2016-04-04 10:30:00,14.601601
2016-04-05 10:30:00,23.6196
2016-04-06 10:30:00,18.381601
2016-04-07 10:30:00,22.8528
2016-04-08 10:30:00,15.1308
2016-04-09 10:30:00,21.0708
2016-04-10 10:30:00,23.641201
2016-04-11 10:30:00,13.932
2016-04-12 10:30:00,18.4356
2016-04-13 10:30:00,6.5232
2016-04-14 10:30:00,20.4228
2016-04-15 10:30:00,8.1864
2016-04-16 10:30:00,1.8576001
2016-04-17 10:30:00,23.220001
2016-04-18 10:30:00,15.3792
2016-04-19 10:30:00,21.859201
2016-04-20 10:30:00,22.658401
2016-04-21 10:30:00,23.6952
2016-04-22 10:30:00,19.980001
2016-04-23 10:30:00,23.6628
2016-04-24 10:30:00,11.1024
2016-04-25 10:30:00,23.0904
2016-04-26 10:30:00,22.312801
2016-04-27 10:30:00,16.2324
2016-04-28 10:30:00,27.7668
2016-04-29 10:30:00,14.8392
2016-04-30 10:30:00,24.84
2016-05-01 10:30:00,15.7896
2016-05-02 10:30:00,12.258
2016-05-03 10:30:00,14.8716
2016-05-04 10:30:00,24.9696
2016-05-05 10:30:00,16.2108
2016-05-06 10:30:00,15.368401
2016-05-07 10:30:00,28.9764
2016-05-08 10:30:00,23.220001
2016-05-09 10:30:00,27.529202
2016-05-10 10:30:00,28.458
2016-05-11 10:30:00,13.014
2016-05-12 10:30:00,11.6316
2016-05-13 10:30:00,30.078001
2016-05-14 10:30:00,18.954
2016-05-15 10:30:00,23.976
2016-05-16 10:30:00,27.162
2016-05-17 10:30:00,26.6004
2016-05-18 10:30:00,29.8188
2016-05-19 10:30:00,19.8504
2016-05-20 10:30:00,23.1336
2016-05-21 10:30:00,12.1068
2016-05-22 10:30:00,23.457602
2016-05-23 10:30:00,10.26
2016-05-24 10:30:00,11.286
2016-05-25 10:30:00,22.593601
2016-05-26 10:30:00,29.8188
2016-05-27 10:30:00,30.78
2016-05-28 10:30:00,24.440401
2016-05-29 10:30:00,27.27
2016-05-30 10:30:00,23.500801
2016-05-31 10:30:00,31.2768
2016-06-01 10:30:00,23.8356
2016-06-02 10:30:00,28.134
2016-06-03 10:30:00,29.138401
2016-06-04 10:30:00,23.0364
2016-06-05 10:30:00,19.3536
2016-06-06 10:30:00,9.9468
2016-06-07 10:30:00,17.5716
2016-06-08 10:30:00,25.520401
2016-06-09 10:30:00,22.2048
2016-06-10 10:30:00,2.9916
2016-06-11 10:30:00,21.33
2016-06-12 10:30:00,21.513601
2016-06-13 10:30:00,23.846401
2016-06-14 10:30:00,26.19
2016-06-15 10:30:00,23.2416
2016-06-16 10:30:00,19.947601
2016-06-17 10:30:00,14.1264
2016-06-18 10:30:00,16.794
2016-06-19 10:30:00,24.7212
2016-06-20 10:30:00,19.742401
2016-06-21 10:30:00,25.693201
2016-06-22 10:30:00,9.1368
2016-06-23 10:30:00,12.5064
2016-06-24 10:30:00,26.2548
2016-06-25 10:30:00,32.670002
2016-06-26 10:30:00,28.458
2016-06-27 10:30:00,6.7608004
2016-06-28 10:30:00,23.4792
2016-06-29 10:30:00,12.690001
2016-06-30 10:30:00,10.5948
2016-07-01 10:30:00,28.782001
2016-07-02 10:30:00,26.665201
2016-07-03 10:30:00,26.6004
2016-07-04 10:30:00,22.8204
2016-07-05 10:30:00,29.1492
2016-07-06 10:30:00,25.412401
2016-07-07 10:30:00,21.621601
2016-07-08 10:30:00,22.140001
2016-07-09 10:30:00,23.49
2016-07-10 10:30:00,22.7772
2016-07-11 10:30:00,15.6924
2016-07-12 10:30:00,19.062
2016-07-13 10:30:00,31.4496
2016-07-14 10:30:00,28.8684
2016-07-15 10:30:00,31.6548
2016-07-16 10:30:00,26.4276
2016-07-17 10:30:00,28.3932
2016-07-18 10:30:00,28.9764
2016-07-19 10:30:00,23.868
2016-07-20 10:30:00,23.7276
2016-07-21 10:30:00,20.649601
2016-07-22 10:30:00,4.0824003
2016-07-23 10:30:00,18.7164
2016-07-24 10:30:00,27.086401
2016-07-25 10:30:00,17.7876
2016-07-26 10:30:00,21.9888
2016-07-27 10:30:00,25.7148
2016-07-28 10:30:00,23.382
2016-07-29 10:30:00,29.170801
2016-07-30 10:30:00,25.3908
2016-07-31 10:30:00,19.9584
2016-08-01 10:30:00,28.026001
2016-08-02 10:30:00,26.0928
2016-08-03 10:30:00,26.19
2016-08-04 10:30:00,24.7212
2016-08-05 10:30:00,17.7876
2016-08-06 10:30:00,5.7996
2016-08-07 10:30:00,26.4708
2016-08-08 10:30:00,26.136002
2016-08-09 10:30:00,8.0352
2016-08-10 10:30:00,20.736
2016-08-11 10:30:00,18.457201
2016-08-12 10:30:00,23.911201
2016-08-13 10:30:00,24.1056
2016-08-14 10:30:00,21.826801
2016-08-15 10:30:00,20.401201
2016-08-16 10:30:00,19.6236
2016-08-17 10:30:00,21.9888
2016-08-18 10:30:00,24.5268
2016-08-19 10:30:00,23.770802
2016-08-20 10:30:00,18.252
2016-08-21 10:30:00,22.5072
2016-08-22 10:30:00,24.9804
2016-08-23 10:30:00,11.8584
2016-08-24 10:30:00,12.9276
2016-08-25 10:30:00,23.425201
2016-08-26 10:30:00,22.572
2016-08-27 10:30:00,23.878801
2016-08-28 10:30:00,24.580801
2016-08-29 10:30:00,25.4232
2016-08-30 10:30:00,14.7528
2016-08-31 10:30:00,2.6136
2016-09-01 10:30:00,1.998
2016-09-02 10:30:00,9.0612
2016-09-03 10:30:00,8.0136
2016-09-04 10:30:00,3.0132
2016-09-05 10:30:00,7.6572003
2016-09-06 10:30:00,13.888801
2016-09-07 10:30:00,21.8484
2016-09-08 10:30:00,5.8428
2016-09-09 10:30:00,3.4344
2016-09-10 10:30:00,6.156
2016-09-11 10:30:00,11.232
2016-09-12 10:30:00,16.8696
2016-09-13 10:30:00,15.6924
2016-09-14 10:30:00,11.955601
2016-09-15 10:30:00,18.414
2016-09-16 10:30:00,11.9016
2016-09-17 10:30:00,14.634001
2016-09-18 10:30:00,20.7792
2016-09-19 10:30:00,15.6492
2016-09-20 10:30:00,17.895601
2016-09-21 10:30:00,17.28
2016-09-22 10:30:00,10.368
2016-09-23 10:30:00,8.6616
2016-09-24 10:30:00,2.4948
2016-09-25 10:30:00,16.891201
2016-09-26 10:30:00,8.6508
2016-09-27 10:30:00,8.8236
2016-09-28 10:30:00,18.9108
2016-09-29 10:30:00,13.1976
2016-09-30 10:30:00,16.5132
2016-10-01 10:30:00,17.1936
2016-10-02 10:30:00,11.3616
2016-10-03 10:30:00,11.3076
2016-10-04 10:30:00,5.13
2016-10-05 10:30:00,14.2560005
2016-10-06 10:30:00,16.0596
2016-10-07 10:30:00,2.592
2016-10-08 10:30:00,13.9968
2016-10-09 10:30:00,11.4048
2016-10-10 10:30:00,12.5928
2016-10-11 10:30:00,14.5908
2016-10-12 10:30:00,13.2408
2016-10-13 10:30:00,14.4828005
2016-10-14 10:30:00,12.6036005
2016-10-15 10:30:00,12.549601
2016-10-16 10:30:00,6.2964
2016-10-17 10:30:00,12.6468
2016-10-18 10:30:00,11.3184
2016-10-19 10:30:00,1.6416
2016-10-20 10:30:00,11.9124
2016-10-21 10:30:00,1.8900001
2016-10-22 10:30:00,12.4524
2016-10-23 10:30:00,10.4004
2016-10-24 10:30:00,8.845201
2016-10-25 10:30:00,7.8516
2016-10-26 10:30:00,10.3464
2016-10-27 10:30:00,10.1736
2016-10-28 10:30:00,11.8152
2016-10-29 10:30:00,10.8864
2016-10-30 10:30:00,10.7676
2016-10-31 10:30:00,9.990001
2016-11-01 10:30:00,11.3184
2016-11-02 10:30:00,10.1952
2016-11-03 10:30:00,9.0828
2016-11-04 10:30:00,3.4020002
2016-11-05 10:30:00,6.1344004
2016-11-06 10:30:00,7.1388
2016-11-07 10:30:00,5.3568
2016-11-08 10:30:00,5.5836
2016-11-09 10:30:00,8.424
2016-11-10 10:30:00,5.94
2016-11-11 10:30:00,6.102
2016-11-12 10:30:00,5.0544
2016-11-13 10:30:00,3.1536
2016-11-14 10:30:00,7.8192
2016-11-15 10:30:00,2.9160001
2016-11-16 10:30:00,8.845201
2016-11-17 10:30:00,4.2012
2016-11-18 10:30:00,2.9484
2016-11-19 10:30:00,5.1732
2016-11-20 10:30:00,8.4672
2016-11-21 10:30:00,8.262
2016-11-22 10:30:00,8.1108
2016-11-23 10:30:00,5.0328
2016-11-24 10:30:00,7.8300004
2016-11-25 10:30:00,7.5492
2016-11-26 10:30:00,3.6720002
2016-11-27 10:30:00,7.3332
2016-11-28 10:30:00,7.2252
2016-11-29 10:30:00,6.9336
2016-11-30 10:30:00,3.078
2016-12-01 10:30:00,1.8252001
2016-12-02 10:30:00,6.4908004
2016-12-03 10:30:00,6.8148003
2016-12-04 10:30:00,5.3028
2016-12-05 10:30:00,2.592
2016-12-06 10:30:00,4.3092003
2016-12-07 10:30:00,1.6416
2016-12-08 10:30:00,2.0628002
2016-12-09 10:30:00,3.456
2016-12-10 10:30:00,4.6008
2016-12-11 10:30:00,4.8168
2016-12-12 10:30:00,6.1128
2016-12-13 10:30:00,3.618
2016-12-14 10:30:00,1.296
2016-12-15 10:30:00,6.1668
2016-12-16 10:30:00,5.4324
2016-12-17 10:30:00,5.6916003
2016-12-18 10:30:00,5.7564
2016-12-19 10:30:00,5.8212004
2016-12-20 10:30:00,4.3956003
2016-12-21 10:30:00,2.0628002
2016-12-22 10:30:00,4.3632
2016-12-23 10:30:00,5.9724
2016-12-24 10:30:00,5.8320003
2016-12-25 10:30:00,3.3588002
2016-12-26 10:30:00,2.1384
2016-12-27 10:30:00,3.9096
2016-12-28 10:30:00,4.3848
2016-12-29 10:30:00,5.2920003
2016-12-30 10:30:00,5.9076
2016-12-31 10:30:00,5.994
2017-01-01 10:30:00,2.7864
2017-01-02 10:30:00,6.2532
2017-01-03 10:30:00,6.2964
2017-01-04 10:30:00,6.4368
2017-01-05 10:30:00,6.5556
2017-01-06 10:30:00,4.1796002
2017-01-07 10:30:00,6.5880003
2017-01-08 10:30:00,5.94
2017-01-09 10:30:00,2.9592001
2017-01-10 10:30:00,3.0024002
2017-01-11 10:30:00,3.8124
2017-01-12 10:30:00,4.8168
2017-01-13 10:30:00,4.86
2017-01-14 10:30:00,7.29
2017-01-15 10:30:00,7.3224
2017-01-16 10:30:00,5.5620003
2017-01-17 10:30:00,5.5080004
2017-01-18 10:30:00,6.8148003
2017-01-19 10:30:00,6.1236
2017-01-20 10:30:00,7.0416
2017-01-21 10:30:00,3.4776
2017-01-22 10:30:00,6.3180003
2017-01-23 10:30:00,6.75
2017-01-24 10:30:00,7.6140003
2017-01-25 10:30:00,8.0892
2017-01-26 10:30:00,7.0956
2017-01-27 10:30:00,8.6508
2017-01-28 10:30:00,7.0416
2017-01-29 10:30:00,9.018001
2017-01-30 10:30:00,9.18
2017-01-31 10:30:00,9.234
2017-02-01 10:30:00,6.2748003
2017-02-02 10:30:00,8.3376
2017-02-03 10:30:00,8.964001
2017-02-04 10:30:00,7.7004004
2017-02-05 10:30:00,8.931601
2017-02-06 10:30:00,9.7632
2017-02-07 10:30:00,8.078401
2017-02-08 10:30:00,10.0332
2017-02-09 10:30:00,9.8388
2017-02-10 10:30:00,7.9596
2017-02-11 10:30:00,10.0764
2017-02-12 10:30:00,8.704801
2017-02-13 10:30:00,10.897201
2017-02-14 10:30:00,10.692
2017-02-15 10:30:00,8.6076
2017-02-16 10:30:00,12.204
2017-02-17 10:30:00,12.0744
2017-02-18 10:30:00,12.366
2017-02-19 10:30:00,5.184
2017-02-20 10:30:00,6.2208004
2017-02-21 10:30:00,4.1472
2017-02-22 10:30:00,7.2576003
2017-02-23 10:30:00,12.8412
2017-02-24 10:30:00,13.338
2017-02-25 10:30:00,13.5324
2017-02-26 10:30:00,13.662001
2017-02-27 10:30:00,13.7376
2017-02-28 10:30:00,13.921201
2017-03-01 10:30:00,13.629601
2017-03-02 10:30:00,12.42
2017-03-03 10:30:00,13.8672
2017-03-04 10:30:00,12.808801
2017-03-05 10:30:00,13.089601
2017-03-06 10:30:00,13.5432005
2017-03-07 10:30:00,12.981601
2017-03-08 10:30:00,14.9796
2017-03-09 10:30:00,15.6384
2017-03-10 10:30:00,16.4808
2017-03-11 10:30:00,15.2928
2017-03-12 10:30:00,15.346801
2017-03-13 10:30:00,16.0056
2017-03-14 10:30:00,16.610401
2017-03-15 10:30:00,16.74
2017-03-16 10:30:00,16.9668
2017-03-17 10:30:00,14.806801
2017-03-18 10:30:00,16.6212
2017-03-19 10:30:00,13.4784
2017-03-20 10:30:00,12.322801
2017-03-21 10:30:00,15.7356
2017-03-22 10:30:00,17.236801
2017-03-23 10:30:00,18.1008
2017-03-24 10:30:00,14.7528
2017-03-25 10:30:00,13.014
2017-03-26 10:30:00,13.716001
2017-03-27 10:30:00,18.2304
2017-03-28 10:30:00,16.470001
2017-03-29 10:30:00,5.0868
2017-03-30 10:30:00,19.116001
2017-03-31 10:30:00,20.2392
2017-04-01 10:30:00,20.1312
2017-04-02 10:30:00,21.5676
2017-04-03 10:30:00,18.4788
2017-04-04 10:30:00,19.8396
2017-04-05 10:30:00,17.712
2017-04-06 10:30:00,19.180801
2017-04-07 10:30:00,10.0332
2017-04-08 10:30:00,24.3216
2017-04-09 10:30:00,22.874401
2017-04-10 10:30:00,13.575601
2017-04-11 10:30:00,19.3536
2017-04-12 10:30:00,22.7772
2017-04-13 10:30:00,24.732
2017-04-14 10:30:00,23.868
2017-04-15 10:30:00,25.8552
2017-04-16 10:30:00,22.2264
2017-04-17 10:30:00,14.1912
2017-04-18 10:30:00,11.242801
2017-04-19 10:30:00,24.364801
2017-04-20 10:30:00,23.986801
2017-04-21 10:30:00,27.2376
2017-04-22 10:30:00,14.364
2017-04-23 10:30:00,18.4032
2017-04-24 10:30:00,22.8312
2017-04-25 10:30:00,13.2300005
2017-04-26 10:30:00,18.7164
2017-04-27 10:30:00,24.7428
2017-04-28 10:30:00,22.3668
2017-04-29 10:30:00,26.524801
2017-04-30 10:30:00,28.4904
2017-05-01 10:30:00,24.9048
2017-05-02 10:30:00,22.280401
2017-05-03 10:30:00,21.1896
2017-05-04 10:30:00,20.7792
2017-05-05 10:30:00,7.6032
2017-05-06 10:30:00,10.3356
2017-05-07 10:30:00,26.038801
2017-05-08 10:30:00,28.3932
2017-05-09 10:30:00,27.712801
2017-05-10 10:30:00,26.0496
2017-05-11 10:30:00,18.9216
2017-05-12 10:30:00,23.49
2017-05-13 10:30:00,19.872
2017-05-14 10:30:00,9.18
2017-05-15 10:30:00,29.894402
2017-05-16 10:30:00,23.5764
2017-05-17 10:30:00,23.3388
2017-05-18 10:30:00,27.669601
2017-05-19 10:30:00,22.4964
2017-05-20 10:30:00,14.634001
2017-05-21 10:30:00,9.6228
2017-05-22 10:30:00,17.517601
2017-05-23 10:30:00,18.9
2017-05-24 10:30:00,15.487201
2017-05-25 10:30:00,31.4496
2017-05-26 10:30:00,27.8532
2017-05-27 10:30:00,28.0044
2017-05-28 10:30:00,30.6504
2017-05-29 10:30:00,31.6116
2017-05-30 10:30:00,33.4044
2017-05-31 10:30:00,25.3476
2017-06-01 10:30:00,15.3576
2017-06-02 10:30:00,19.0728
2017-06-03 10:30:00,21.5568
2017-06-04 10:30:00,25.812
2017-06-05 10:30:00,25.3908
2017-06-06 10:30:00,11.988
2017-06-07 10:30:00,27.248402
2017-06-08 10:30:00,10.2384
2017-06-09 10:30:00,26.384401
2017-06-10 10:30:00,23.436
2017-06-11 10:30:00,14.8716
2017-06-12 10:30:00,18.8136
2017-06-13 10:30:00,27.3672
2017-06-14 10:30:00,26.244001
2017-06-15 10:30:00,25.3476
2017-06-16 10:30:00,21.6108
2017-06-17 10:30:00,17.722801
2017-06-18 10:30:00,30.283201
2017-06-19 10:30:00,26.9136
2017-06-20 10:30:00,16.3944
2017-06-21 10:30:00,7.182
2017-06-22 10:30:00,32.8968
2017-06-23 10:30:00,25.758001
2017-06-24 10:30:00,28.987202
2017-06-25 10:30:00,20.8116
2017-06-26 10:30:00,24.818401
2017-06-27 10:30:00,20.509201
2017-06-28 10:30:00,26.8488
2017-06-29 10:30:00,15.7788
2017-06-30 10:30:00,18.802801
2017-07-01 10:30:00,29.0844
2017-07-02 10:30:00,24.710402
2017-07-03 10:30:00,26.838001
2017-07-04 10:30:00,28.814402
2017-07-05 10:30:00,25.974
2017-07-06 10:30:00,27.356401
2017-07-07 10:30:00,19.224
2017-07-08 10:30:00,15.454801
2017-07-09 10:30:00,21.2652
2017-07-10 10:30:00,20.79
2017-07-11 10:30:00,24.8076
2017-07-12 10:30:00,29.322
2017-07-13 10:30:00,26.6868
2017-07-14 10:30:00,28.2204
2017-07-15 10:30:00,26.2872
2017-07-16 10:30:00,23.187601
2017-07-17 10:30:00,21.3948
2017-07-18 10:30:00,23.878801
2017-07-19 10:30:00,29.030401
2017-07-20 10:30:00,15.2496
2017-07-21 10:30:00,25.239601
2017-07-22 10:30:00,18.1548
2017-07-23 10:30:00,16.2
2017-07-24 10:30:00,31.1364
2017-07-25 10:30:00,27.3132
2017-07-26 10:30:00,4.86
2017-07-27 10:30:00,18.0144
2017-07-28 10:30:00,28.8792
2017-07-29 10:30:00,12.2904005
2017-07-30 10:30:00,20.034
2017-07-31 10:30:00,22.6692
2017-08-01 10:30:00,8.7696
2017-08-02 10:30:00,18.1116
2017-08-03 10:30:00,6.5880003
2017-08-04 10:30:00,17.2908
2017-08-05 10:30:00,26.460001
2017-08-06 10:30:00,19.818
2017-08-07 10:30:00,17.6688
2017-08-08 10:30:00,23.598001
2017-08-09 10:30:00,23.5764
2017-08-10 10:30:00,8.7696
2017-08-11 10:30:00,12.3984
2017-08-12 10:30:00,20.228401
2017-08-13 10:30:00,14.1804
2017-08-14 10:30:00,18.3924
2017-08-15 10:30:00,10.5516
2017-08-16 10:30:00,14.5908
2017-08-17 10:30:00,19.008001
2017-08-18 10:30:00,23.1012
2017-08-19 10:30:00,24.3864
2017-08-20 10:30:00,21.621601
2017-08-21 10:30:00,24.516
2017-08-22 10:30:00,20.8656
2017-08-23 10:30:00,17.82
2017-08-24 10:30:00,18.975601
2017-08-25 10:30:00,8.9748
2017-08-26 10:30:00,21.816
2017-08-27 10:30:00,13.6404
2017-08-28 10:30:00,24.267601
2017-08-29 10:30:00,25.477201
2017-08-30 10:30:00,23.814001
2017-08-31 10:30:00,24.505201
2017-09-01 10:30:00,23.2092
2017-09-02 10:30:00,19.17
2017-09-03 10:30:00,5.13
2017-09-04 10:30:00,13.003201
2017-09-05 10:30:00,17.4636
2017-09-06 10:30:00,20.293201
2017-09-07 10:30:00,20.8008
2017-09-08 10:30:00,22.7448
2017-09-09 10:30:00,23.468401
2017-09-10 10:30:00,5.5188003
2017-09-11 10:30:00,18.846
2017-09-12 10:30:00,18.9864
2017-09-13 10:30:00,18.3708
2017-09-14 10:30:00,21.6756
2017-09-15 10:30:00,5.0436
2017-09-16 10:30:00,6.1452003
2017-09-17 10:30:00,9.8604
2017-09-18 10:30:00,17.496
2017-09-19 10:30:00,4.8708
2017-09-20 10:30:00,17.3016
2017-09-21 10:30:00,18.662401
2017-09-22 10:30:00,17.01
2017-09-23 10:30:00,15.908401
2017-09-24 10:30:00,17.2476
2017-09-25 10:30:00,18.4464
2017-09-26 10:30:00,17.1828
2017-09-27 10:30:00,16.189201
2017-09-28 10:30:00,15.7248
2017-09-29 10:30:00,15.768001
2017-09-30 10:30:00,13.262401
2017-10-01 10:30:00,18.5004
2017-10-02 10:30:00,17.118
2017-10-03 10:30:00,15.0768
2017-10-04 10:30:00,13.2300005
2017-10-05 10:30:00,14.493601
2017-10-06 10:30:00,7.0740004
2017-10-07 10:30:00,13.824
2017-10-08 10:30:00,2.4624
2017-10-09 10:30:00,8.8992
2017-10-10 10:30:00,8.1972
2017-10-11 10:30:00,7.506
2017-10-12 10:30:00,10.2492
2017-10-13 10:30:00,12.690001
2017-10-14 10:30:00,13.122001
2017-10-15 10:30:00,8.5104
2017-10-16 10:30:00,14.320801
2017-10-17 10:30:00,14.4828005
2017-10-18 10:30:00,10.7244005
2017-10-19 10:30:00,13.8996
2017-10-20 10:30:00,8.7696
2017-10-21 10:30:00,12.3984
2017-10-22 10:30:00,11.016001
2017-10-23 10:30:00,11.329201
2017-10-24 10:30:00,10.8648
2017-10-25 10:30:00,10.8864
2017-10-26 10:30:00,10.897201
2017-10-27 10:30:00,9.666
2017-10-28 10:30:00,10.8648
2017-10-29 10:30:00,10.098001
2017-10-30 10:30:00,11.4912
2017-10-31 10:30:00,11.5128
2017-11-01 10:30:00,11.0052
2017-11-02 10:30:00,10.1412
2017-11-03 10:30:00,9.3852005
2017-11-04 10:30:00,7.6788
2017-11-05 10:30:00,8.6292
2017-11-06 10:30:00,6.0696
2017-11-07 10:30:00,4.2228003
2017-11-08 10:30:00,8.316
2017-11-09 10:30:00,6.156
2017-11-10 10:30:00,7.9596
2017-11-11 10:30:00,9.288
2017-11-12 10:30:00,7.236
2017-11-13 10:30:00,9.104401
2017-11-14 10:30:00,6.5664
2017-11-15 10:30:00,9.2232
2017-11-16 10:30:00,7.8840003
2017-11-17 10:30:00,8.208
2017-11-18 10:30:00,6.8040004
2017-11-19 10:30:00,7.3764
2017-11-20 10:30:00,8.078401
2017-11-21 10:30:00,3.3912
2017-11-22 10:30:00,7.992
2017-11-23 10:30:00,7.3332
2017-11-24 10:30:00,6.966
2017-11-25 10:30:00,7.1928
2017-11-26 10:30:00,6.8364
2017-11-27 10:30:00,5.9508
2017-11-28 10:30:00,6.4584002
2017-11-29 10:30:00,6.3936
2017-11-30 10:30:00,6.4368
2017-12-01 10:30:00,6.4584002
2017-12-02 10:30:00,2.3652
2017-12-03 10:30:00,1.9764
2017-12-04 10:30:00,4.0392003
2017-12-05 10:30:00,5.9184003
2017-12-06 10:30:00,6.1668
2017-12-07 10:30:00,6.0480003
2017-12-08 10:30:00,6.0048003
2017-12-09 10:30:00,1.1124
2017-12-10 10:30:00,2.8944001
2017-12-11 10:30:00,4.3632
2017-12-12 10:30:00,5.7672
2017-12-13 10:30:00,6.0372
2017-12-14 10:30:00,5.2164
2017-12-15 10:30:00,5.9184003
2017-12-16 10:30:00,5.8320003
2017-12-17 10:30:00,5.1516004
2017-12-18 10:30:00,5.9292
2017-12-19 10:30:00,5.9076
2017-12-20 10:30:00,5.7132
2017-12-21 10:30:00,4.3092003
2017-12-22 10:30:00,5.994
2017-12-23 10:30:00,2.7540002
2017-12-24 10:30:00,5.67
2017-12-25 10:30:00,5.076
2017-12-26 10:30:00,6.1884003
2017-12-27 10:30:00,5.6268
2017-12-28 10:30:00,4.212
2017-12-29 10:30:00,4.9572
2017-12-30 10:30:00,5.5620003
2017-12-31 10:30:00,5.3892
2018-01-01 10:30:00,5.6592
2018-01-02 10:30:00,5.9076
2018-01-03 10:30:00,6.1236
2018-01-04 10:30:00,6.8580003
2018-01-05 10:30:00,6.2532
2018-01-06 10:30:00,6.7068
2018-01-07 10:30:00,4.6872
2018-01-08 10:30:00,3.5532
2018-01-09 10:30:00,2.7540002
2018-01-10 10:30:00,5.5512
2018-01-11 10:30:00,7.0524
2018-01-12 10:30:00,6.9012003
2018-01-13 10:30:00,5.6268
2018-01-14 10:30:00,4.1148
2018-01-15 10:30:00,7.3008003
2018-01-16 10:30:00,4.7628
2018-01-17 10:30:00,7.4736004
2018-01-18 10:30:00,7.6572003
2018-01-19 10:30:00,7.722
2018-01-20 10:30:00,7.9704003
2018-01-21 10:30:00,8.1432
2018-01-22 10:30:00,8.1108
2018-01-23 10:30:00,8.1864
2018-01-24 10:30:00,8.3268
2018-01-25 10:30:00,8.564401
2018-01-26 10:30:00,8.748
2018-01-27 10:30:00,8.802
2018-01-28 10:30:00,8.164801
2018-01-29 10:30:00,8.9856
2018-01-30 10:30:00,8.9748
2018-01-31 10:30:00,9.1368
2018-02-01 10:30:00,8.9532
2018-02-02 10:30:00,8.532001
2018-02-03 10:30:00,9.3204
2018-02-04 10:30:00,9.417601
2018-02-05 10:30:00,9.590401
2018-02-06 10:30:00,9.4608
2018-02-07 10:30:00,9.5364
2018-02-08 10:30:00,9.331201
2018-02-09 10:30:00,9.644401
2018-02-10 10:30:00,9.8928
2018-02-11 10:30:00,9.3852005
2018-02-12 10:30:00,10.4328
2018-02-13 10:30:00,10.6056
2018-02-14 10:30:00,10.746
2018-02-15 10:30:00,8.5752
2018-02-16 10:30:00,10.9728
2018-02-17 10:30:00,11.469601
2018-02-18 10:30:00,11.296801
2018-02-19 10:30:00,11.6208
2018-02-20 10:30:00,11.469601
2018-02-21 10:30:00,10.0224
2018-02-22 10:30:00,12.009601
2018-02-23 10:30:00,12.5172
2018-02-24 10:30:00,12.9708
2018-02-25 10:30:00,12.776401
2018-02-26 10:30:00,11.9772005
2018-02-27 10:30:00,13.0248
2018-02-28 10:30:00,5.0328
2018-03-01 10:30:00,15.487201
2018-03-02 10:30:00,15.141601
2018-03-03 10:30:00,12.2472
2018-03-04 10:30:00,13.7592
2018-03-05 10:30:00,16.416
2018-03-06 10:30:00,15.454801
2018-03-07 10:30:00,16.1352
2018-03-08 10:30:00,16.8048
2018-03-09 10:30:00,16.74
2018-03-10 10:30:00,15.876
2018-03-11 10:30:00,15.2388
2018-03-12 10:30:00,14.202001
2018-03-13 10:30:00,15.6708
2018-03-14 10:30:00,9.126
2018-03-15 10:30:00,15.9516
2018-03-16 10:30:00,16.4592
2018-03-17 10:30:00,17.2584
2018-03-18 10:30:00,17.442001
2018-03-19 10:30:00,17.9604
2018-03-20 10:30:00,15.5304
2018-03-21 10:30:00,17.496
2018-03-22 10:30:00,14.515201
2018-03-23 10:30:00,17.874
2018-03-24 10:30:00,17.5392
2018-03-25 10:30:00,17.3016
2018-03-26 10:30:00,14.029201
2018-03-27 10:30:00,15.973201
2018-03-28 10:30:00,20.120401
2018-03-29 10:30:00,20.1852
2018-03-30 10:30:00,15.0984
2018-03-31 10:30:00,17.0316
2018-04-01 10:30:00,10.0764
2018-04-02 10:30:00,14.0184
2018-04-03 10:30:00,19.4184
2018-04-04 10:30:00,21.0384
2018-04-05 10:30:00,9.3204
2018-04-06 10:30:00,14.547601
2018-04-07 10:30:00,21.5784
2018-04-08 10:30:00,21.4272
2018-04-09 10:30:00,20.2068
2018-04-10 10:30:00,4.4712
2018-04-11 10:30:00,20.606401
2018-04-12 10:30:00,19.548
2018-04-13 10:30:00,6.0912004
2018-04-14 10:30:00,4.6872
2018-04-15 10:30:00,25.617601
2018-04-16 10:30:00,19.980001
2018-04-17 10:30:00,18.6084
2018-04-18 10:30:00,19.3644
2018-04-19 10:30:00,21.33
2018-04-20 10:30:00,6.2532
2018-04-21 10:30:00,24.2352
2018-04-22 10:30:00,17.7768
2018-04-23 10:30:00,13.8564005
2018-04-24 10:30:00,26.1144
2018-04-25 10:30:00,26.352001
2018-04-26 10:30:00,22.453201
2018-04-27 10:30:00,14.007601
2018-04-28 10:30:00,22.280401
2018-04-29 10:30:00,18.0792
2018-04-30 10:30:00,17.9712
2018-05-01 10:30:00,16.923601
2018-05-02 10:30:00,12.322801
2018-05-03 10:30:00,28.7712
2018-05-04 10:30:00,28.2852
2018-05-05 10:30:00,28.9008
2018-05-06 10:30:00,21.276001
2018-05-07 10:30:00,24.9804
2018-05-08 10:30:00,27.4428
2018-05-09 10:30:00,27.54
2018-05-10 10:30:00,28.231201
2018-05-11 10:30:00,27.291601
2018-05-12 10:30:00,16.642801
2018-05-13 10:30:00,23.49
2018-05-14 10:30:00,20.919601
2018-05-15 10:30:00,20.1636
2018-05-16 10:30:00,15.141601
2018-05-17 10:30:00,20.9304
2018-05-18 10:30:00,29.3868
2018-05-19 10:30:00,24.678001
2018-05-20 10:30:00,7.9056
2018-05-21 10:30:00,26.298
2018-05-22 10:30:00,10.5948
2018-05-23 10:30:00,20.2716
2018-05-24 10:30:00,25.9848
2018-05-25 10:30:00,25.2936
2018-05-26 10:30:00,26.416801
2018-05-27 10:30:00,8.1
2018-05-28 10:30:00,20.0664
2018-05-29 10:30:00,17.118
2018-05-30 10:30:00,30.142801
2018-05-31 10:30:00,27.388802
2018-06-01 10:30:00,25.7148
2018-06-02 10:30:00,27.7236
2018-06-03 10:30:00,21.340801
2018-06-04 10:30:00,29.138401
2018-06-05 10:30:00,24.397202
2018-06-06 10:30:00,12.5172
2018-06-07 10:30:00,29.0412
2018-06-08 10:30:00,23.7816
2018-06-09 10:30:00,19.9692
2018-06-10 10:30:00,27.248402
2018-06-11 10:30:00,18.1116
2018-06-12 10:30:00,18.792
2018-06-13 10:30:00,21.513601
2018-06-14 10:30:00,15.498
2018-06-15 10:30:00,14.6772
2018-06-16 10:30:00,26.622
2018-06-17 10:30:00,25.164001
2018-06-18 10:30:00,14.688001
2018-06-19 10:30:00,29.6028
2018-06-20 10:30:00,23.706001
2018-06-21 10:30:00,30.672
2018-06-22 10:30:00,20.196001
2018-06-23 10:30:00,32.0652
2018-06-24 10:30:00,17.690401
2018-06-25 10:30:00,16.1028
2018-06-26 10:30:00,6.6528
2018-06-27 10:30:00,12.906
2018-06-28 10:30:00,29.376001
2018-06-29 10:30:00,31.2768
2018-06-30 10:30:00,29.764801
2018-07-01 10:30:00,25.099201
2018-07-02 10:30:00,30.067202
2018-07-03 10:30:00,28.2744
2018-07-04 10:30:00,10.4004
2018-07-05 10:30:00,20.5848
2018-07-06 10:30:00,17.6688
2018-07-07 10:30:00,6.8256
2018-07-08 10:30:00,23.8032
2018-07-09 10:30:00,23.252401
2018-07-10 10:30:00,28.1016
2018-07-11 10:30:00,20.6604
2018-07-12 10:30:00,25.1208
2018-07-13 10:30:00,28.4796
2018-07-14 10:30:00,27.7992
2018-07-15 10:30:00,28.1016
2018-07-16 10:30:00,6.642
2018-07-17 10:30:00,16.4592
2018-07-18 10:30:00,19.5264
2018-07-19 10:30:00,26.2872
2018-07-20 10:30:00,21.6432
2018-07-21 10:30:00,8.154
2018-07-22 10:30:00,28.6956
2018-07-23 10:30:00,27.7668
2018-07-24 10:30:00,8.8128
2018-07-25 10:30:00,12.150001
2018-07-26 10:30:00,29.2572
2018-07-27 10:30:00,29.278801
2018-07-28 10:30:00,28.652401
2018-07-29 10:30:00,20.0772
2018-07-30 10:30:00,9.1476
2018-07-31 10:30:00,28.7928
2018-08-01 10:30:00,25.509602
2018-08-02 10:30:00,24.645601
2018-08-03 10:30:00,20.79
2018-08-04 10:30:00,13.284
2018-08-05 10:30:00,18.0468
2018-08-06 10:30:00,14.374801
2018-08-07 10:30:00,24.224401
2018-08-08 10:30:00,25.336802
2018-08-09 10:30:00,26.038801
2018-08-10 10:30:00,27.842402
2018-08-11 10:30:00,6.1668
2018-08-12 10:30:00,15.1848
2018-08-13 10:30:00,4.9788003
2018-08-14 10:30:00,8.1324005
2018-08-15 10:30:00,23.2632
2018-08-16 10:30:00,24.3756
2018-08-17 10:30:00,14.2776
2018-08-18 10:30:00,26.6868
2018-08-19 10:30:00,25.822802
2018-08-20 10:30:00,21.0816
2018-08-21 10:30:00,13.9644
2018-08-22 10:30:00,22.8636
2018-08-23 10:30:00,25.099201
2018-08-24 10:30:00,16.2864
2018-08-25 10:30:00,4.158
2018-08-26 10:30:00,12.3876
2018-08-27 10:30:00,23.1984
2018-08-28 10:30:00,9.8388
2018-08-29 10:30:00,13.802401
2018-08-30 10:30:00,9.4932
2018-08-31 10:30:00,21.902401
2018-09-01 10:30:00,18.252
2018-09-02 10:30:00,2.6028001
2018-09-03 10:30:00,7.0308003
2018-09-04 10:30:00,9.9468
2018-09-05 10:30:00,14.6664
2018-09-06 10:30:00,20.995201
2018-09-07 10:30:00,13.208401
2018-09-08 10:30:00,19.9692
2018-09-09 10:30:00,20.4552
2018-09-10 10:30:00,19.774801
2018-09-11 10:30:00,13.6836
2018-09-12 10:30:00,20.952
2018-09-13 10:30:00,21.8484
2018-09-14 10:30:00,14.6232
2018-09-15 10:30:00,19.3644
2018-09-16 10:30:00,18.4356
2018-09-17 10:30:00,18.316801
2018-09-18 10:30:00,17.9928
2018-09-19 10:30:00,19.4184
2018-09-20 10:30:00,11.232
2018-09-21 10:30:00,14.9364
2018-09-22 10:30:00,12.063601
2018-09-23 10:30:00,7.1172004
2018-09-24 10:30:00,16.038
2018-09-25 10:30:00,16.7292
2018-09-26 10:30:00,16.4808
2018-09-27 10:30:00,17.4312
2018-09-28 10:30:00,11.1672
2018-09-29 10:30:00,4.2228003
2018-09-30 10:30:00,4.9248
2018-10-01 10:30:00,17.7984
2018-10-02 10:30:00,15.141601
2018-10-03 10:30:00,17.28
2018-10-04 10:30:00,14.947201
2018-10-05 10:30:00,14.04
2018-10-06 10:30:00,14.3856
2018-10-07 10:30:00,8.4132
2018-10-08 10:30:00,9.8604
2018-10-09 10:30:00,7.4304004
2018-10-10 10:30:00,7.6896
2018-10-11 10:30:00,13.348801
2018-10-12 10:30:00,14.547601
2018-10-13 10:30:00,14.1588
2018-10-14 10:30:00,9.8928
2018-10-15 10:30:00,14.4828005
2018-10-16 10:30:00,14.115601
2018-10-17 10:30:00,13.3596
2018-10-18 10:30:00,14.2560005
2018-10-19 10:30:00,12.754801
2018-10-20 10:30:00,13.6188
2018-10-21 10:30:00,8.8344
2018-10-22 10:30:00,7.8408003
2018-10-23 10:30:00,8.7696
2018-10-24 10:30:00,11.329201
2018-10-25 10:30:00,4.4064
2018-10-26 10:30:00,3.4452002
2018-10-27 10:30:00,10.4328
2018-10-28 10:30:00,7.938
2018-10-29 10:30:00,7.7544003
2018-10-30 10:30:00,9.1368
2018-10-31 10:30:00,9.342
2018-11-01 10:30:00,10.929601
2018-11-02 10:30:00,10.962
2018-11-03 10:30:00,3.1536
2018-11-04 10:30:00,6.372
2018-11-05 10:30:00,9.8604
2018-11-06 10:30:00,9.4068
2018-11-07 10:30:00,10.303201
2018-11-08 10:30:00,8.1324005
2018-11-09 10:30:00,6.0912004
2018-11-10 10:30:00,8.7156
2018-11-11 10:30:00,8.856
2018-11-12 10:30:00,8.4888
2018-11-13 10:30:00,7.1064
2018-11-14 10:30:00,5.9184003
2018-11-15 10:30:00,4.5792003
2018-11-16 10:30:00,8.586
2018-11-17 10:30:00,6.4044003
2018-11-18 10:30:00,5.9076
2018-11-19 10:30:00,6.966
2018-11-20 10:30:00,7.8840003
2018-11-21 10:30:00,7.3440003
2018-11-22 10:30:00,7.2036004
2018-11-23 10:30:00,7.5384
2018-11-24 10:30:00,6.5556
2018-11-25 10:30:00,7.7436004
2018-11-26 10:30:00,3.1104002
2018-11-27 10:30:00,7.1712003
2018-11-28 10:30:00,6.4692
2018-11-29 10:30:00,6.4044003
2018-11-30 10:30:00,6.6744003
2018-12-01 10:30:00,3.51
2018-12-02 10:30:00,5.1732
2018-12-03 10:30:00,5.9076
2018-12-04 10:30:00,5.8968
2018-12-05 10:30:00,5.8104
2018-12-06 10:30:00,5.994
2018-12-07 10:30:00,5.3568
2018-12-08 10:30:00,5.4432
2018-12-09 10:30:00,5.5188003
2018-12-10 10:30:00,5.4432
2018-12-11 10:30:00,4.8492002
2018-12-12 10:30:00,3.2076
2018-12-13 10:30:00,3.6396
2018-12-14 10:30:00,4.6764
2018-12-15 10:30:00,5.4324
2018-12-16 10:30:00,3.3048
2018-12-17 10:30:00,6.2964
2018-12-18 10:30:00,6.5448003
2018-12-19 10:30:00,6.1236
2018-12-20 10:30:00,6.3288
2018-12-21 10:30:00,4.4604
2018-12-22 10:30:00,5.5728
2018-12-23 10:30:00,5.4972
2018-12-24 10:30:00,5.5512
2018-12-25 10:30:00,6.1452003
2018-12-26 10:30:00,5.3244
2018-12-27 10:30:00,5.2704
2018-12-28 10:30:00,5.6592
2018-12-29 10:30:00,6.8148003
2018-12-30 10:30:00,5.7456
2018-12-31 10:30:00,5.6916003
2019-01-01 10:30:00,5.6052003
2019-01-02 10:30:00,7.182
2019-01-03 10:30:00,7.0416
2019-01-04 10:30:00,5.238
2019-01-05 10:30:00,6.8256
2019-01-06 10:30:00,7.0416
2019-01-07 10:30:00,7.452
2019-01-08 10:30:00,7.3116
2019-01-09 10:30:00,7.2792
2019-01-10 10:30:00,7.8948
2019-01-11 10:30:00,7.236
2019-01-12 10:30:00,6.6528
2019-01-13 10:30:00,7.0416
2019-01-14 10:30:00,5.5620003
2019-01-15 10:30:00,8.37
2019-01-16 10:30:00,7.9704003
2019-01-17 10:30:00,8.704801
2019-01-18 10:30:00,7.5708003
2019-01-19 10:30:00,8.7264
2019-01-20 10:30:00,9.2124
2019-01-21 10:30:00,8.9532
2019-01-22 10:30:00,7.7328
2019-01-23 10:30:00,8.8884
2019-01-24 10:30:00,7.8732004
2019-01-25 10:30:00,9.3528
2019-01-26 10:30:00,10.3356
2019-01-27 10:30:00,7.236
2019-01-28 10:30:00,10.044001
2019-01-29 10:30:00,6.696
2019-01-30 10:30:00,10.0332
2019-01-31 10:30:00,7.0308003
2019-02-01 10:30:00,9.126
2019-02-02 10:30:00,5.724
2019-02-03 10:30:00,10.443601
2019-02-04 10:30:00,6.3288
2019-02-05 10:30:00,9.104401
2019-02-06 10:30:00,10.9944
2019-02-07 10:30:00,10.8324
2019-02-08 10:30:00,11.7072
2019-02-09 10:30:00,11.836801
2019-02-10 10:30:00,12.355201
2019-02-11 10:30:00,11.718
2019-02-12 10:30:00,11.6748
2019-02-13 10:30:00,12.4524
2019-02-14 10:30:00,12.042001
2019-02-15 10:30:00,11.8584
2019-02-16 10:30:00,12.1176
2019-02-17 10:30:00,12.9924
2019-02-18 10:30:00,12.9924
2019-02-19 10:30:00,6.8040004
2019-02-20 10:30:00,13.554
2019-02-21 10:30:00,11.8476
2019-02-22 10:30:00,13.2408
2019-02-23 10:30:00,10.9512005
2019-02-24 10:30:00,13.8564005
2019-02-25 10:30:00,14.1264
2019-02-26 10:30:00,14.1048
2019-02-27 10:30:00,13.5
2019-02-28 10:30:00,14.9796
2019-03-01 10:30:00,13.834801
2019-03-02 10:30:00,14.3856
2019-03-03 10:30:00,11.0268
2019-03-04 10:30:00,11.7072
2019-03-05 10:30:00,13.467601
2019-03-06 10:30:00,16.632
2019-03-07 10:30:00,16.2324
2019-03-08 10:30:00,10.8648
2019-03-09 10:30:00,17.269201
2019-03-10 10:30:00,16.0056
2019-03-11 10:30:00,14.860801
2019-03-12 10:30:00,17.614801
2019-03-13 10:30:00,17.388
2019-03-14 10:30:00,12.2256
2019-03-15 10:30:00,19.0728
2019-03-16 10:30:00,17.226
2019-03-17 10:30:00,16.5456
2019-03-18 10:30:00,16.6536
2019-03-19 10:30:00,12.6468
2019-03-20 10:30:00,12.9276
2019-03-21 10:30:00,18.7056
2019-03-22 10:30:00,14.2560005
2019-03-23 10:30:00,19.7532
2019-03-24 10:30:00,18.1872
2019-03-25 10:30:00,20.8332
2019-03-26 10:30:00,18.9324
2019-03-27 10:30:00,20.714401
2019-03-28 10:30:00,19.0512
2019-03-29 10:30:00,15.087601
2019-03-30 10:30:00,20.5308
2019-03-31 10:30:00,19.1916
2019-04-01 10:30:00,20.1096
2019-04-02 10:30:00,22.0428
2019-04-03 10:30:00,22.3668
2019-04-04 10:30:00,8.7588005
2019-04-05 10:30:00,5.184
2019-04-06 10:30:00,27.3348
2019-04-07 10:30:00,12.862801
2019-04-08 10:30:00,17.863201
2019-04-09 10:30:00,24.267601
2019-04-10 10:30:00,16.815601
2019-04-11 10:30:00,24.300001
2019-04-12 10:30:00,23.544
2019-04-13 10:30:00,25.1532
2019-04-14 10:30:00,25.8444
2019-04-15 10:30:00,24.850801
2019-04-16 10:30:00,25.725601
2019-04-17 10:30:00,1.7388
2019-04-18 10:30:00,26.492401
2019-04-19 10:30:00,25.650002
2019-04-20 10:30:00,27.378
2019-04-21 10:30:00,27.529202
2019-04-22 10:30:00,19.3752
2019-04-23 10:30:00,21.654001
2019-04-24 10:30:00,28.090801
2019-04-25 10:30:00,27.7992
2019-04-26 10:30:00,27.043201
2019-04-27 10:30:00,27.075602
2019-04-28 10:30:00,25.7364
2019-04-29 10:30:00,25.2288
2019-04-30 10:30:00,24.7644
2019-05-01 10:30:00,28.576801
2019-05-02 10:30:00,28.7712
2019-05-03 10:30:00,23.1984
2019-05-04 10:30:00,15.6708
2019-05-05 10:30:00,19.2348
2019-05-06 10:30:00,26.6544
2019-05-07 10:30:00,27.0648
2019-05-08 10:30:00,28.1448
2019-05-09 10:30:00,24.5268
2019-05-10 10:30:00,20.0664
2019-05-11 10:30:00,19.3644
2019-05-12 10:30:00,18.867601
2019-05-13 10:30:00,15.141601
2019-05-14 10:30:00,26.7516
2019-05-15 10:30:00,24.991201
2019-05-16 10:30:00,24.3756
2019-05-17 10:30:00,25.617601
2019-05-18 10:30:00,24.3756
2019-05-19 10:30:00,5.5836
2019-05-20 10:30:00,12.355201
2019-05-21 10:30:00,7.9596
2019-05-22 10:30:00,31.114801
2019-05-23 10:30:00,28.4148
2019-05-24 10:30:00,29.3868
2019-05-25 10:30:00,23.8248
2019-05-26 10:30:00,13.035601
2019-05-27 10:30:00,29.203201
2019-05-28 10:30:00,28.641602
2019-05-29 10:30:00,24.354
2019-05-30 10:30:00,7.0308003
2019-05-31 10:30:00,33.6528
2019-06-01 10:30:00,26.870401
2019-06-02 10:30:00,29.127602
2019-06-03 10:30:00,26.384401
2019-06-04 10:30:00,25.477201
2019-06-05 10:30:00,29.3652
2019-06-06 10:30:00,21.9456
2019-06-07 10:30:00,15.1092005
2019-06-08 10:30:00,18.003601
2019-06-09 10:30:00,17.766
2019-06-10 10:30:00,28.6308
2019-06-11 10:30:00,27.9396
2019-06-12 10:30:00,25.898401
2019-06-13 10:30:00,27.043201
2019-06-14 10:30:00,13.5648
2019-06-15 10:30:00,21.8808
2019-06-16 10:30:00,31.9248
2019-06-17 10:30:00,28.7064
2019-06-18 10:30:00,29.926802
2019-06-19 10:30:00,28.544401
2019-06-20 10:30:00,27.810001
2019-06-21 10:30:00,28.9764
2019-06-22 10:30:00,27.2268
2019-06-23 10:30:00,26.2224
2019-06-24 10:30:00,22.2048
2019-06-25 10:30:00,8.7264
2019-06-26 10:30:00,21.2544
2019-06-27 10:30:00,12.776401
2019-06-28 10:30:00,7.1172004
2019-06-29 10:30:00,7.0956
2019-06-30 10:30:00,23.0364
2019-07-01 10:30:00,26.3736
2019-07-02 10:30:00,25.4016
2019-07-03 10:30:00,26.4816
2019-07-04 10:30:00,24.408
2019-07-05 10:30:00,3.4776
2019-07-06 10:30:00,8.4888
2019-07-07 10:30:00,28.6308
2019-07-08 10:30:00,28.026001
2019-07-09 10:30:00,16.8804
2019-07-10 10:30:00,14.8824005
2019-07-11 10:30:00,14.0508
2019-07-12 10:30:00,27.248402
2019-07-13 10:30:00,19.3104
2019-07-14 10:30:00,28.7928
2019-07-15 10:30:00,24.332401
2019-07-16 10:30:00,18.738
2019-07-17 10:30:00,27.1296
2019-07-18 10:30:00,28.0476
2019-07-19 10:30:00,16.815601
2019-07-20 10:30:00,8.8128
2019-07-21 10:30:00,23.425201
2019-07-22 10:30:00,28.1664
2019-07-23 10:30:00,5.4864
2019-07-24 10:30:00,19.7532
2019-07-25 10:30:00,10.1952
2019-07-26 10:30:00,20.2824
2019-07-27 10:30:00,9.0072
2019-07-28 10:30:00,23.1228
2019-07-29 10:30:00,19.710001
2019-07-30 10:30:00,25.1532
2019-07-31 10:30:00,19.44
2019-08-01 10:30:00,24.127201
2019-08-02 10:30:00,20.6712
2019-08-03 10:30:00,20.293201
2019-08-04 10:30:00,24.300001
2019-08-05 10:30:00,12.8304
2019-08-06 10:30:00,2.6892002
2019-08-07 10:30:00,9.3636
2019-08-08 10:30:00,4.0284
2019-08-09 10:30:00,11.9772005
2019-08-10 10:30:00,6.2856
2019-08-11 10:30:00,5.4108
2019-08-12 10:30:00,20.466
2019-08-13 10:30:00,22.5504
2019-08-14 10:30:00,21.135601
2019-08-15 10:30:00,24.084002
2019-08-16 10:30:00,12.754801
2019-08-17 10:30:00,10.0332
2019-08-18 10:30:00,21.902401
2019-08-19 10:30:00,25.196402
2019-08-20 10:30:00,2.3976002
2019-08-21 10:30:00,21.222
2019-08-22 10:30:00,11.934
2019-08-23 10:30:00,22.356
2019-08-24 10:30:00,17.269201
2019-08-25 10:30:00,21.492
2019-08-26 10:30:00,3.6612
2019-08-27 10:30:00,22.3992
2019-08-28 10:30:00,16.308
2019-08-29 10:30:00,11.9664
2019-08-30 10:30:00,23.0688
2019-08-31 10:30:00,22.2372
2019-09-01 10:30:00,21.6648
2019-09-02 10:30:00,20.7252
2019-09-03 10:30:00,20.3148
2019-09-04 10:30:00,20.7036
2019-09-05 10:30:00,20.3904
2019-09-06 10:30:00,18.468
2019-09-07 10:30:00,18.975601
2019-09-08 10:30:00,22.0428
2019-09-09 10:30:00,22.312801
2019-09-10 10:30:00,21.3624
2019-09-11 10:30:00,21.2976
2019-09-12 10:30:00,19.3644
2019-09-13 10:30:00,12.6036005
2019-09-14 10:30:00,20.9304
2019-09-15 10:30:00,18.9864
2019-09-16 10:30:00,20.714401
2019-09-17 10:30:00,9.1368
2019-09-18 10:30:00,20.1528
2019-09-19 10:30:00,14.9796
2019-09-20 10:30:00,12.268801
2019-09-21 10:30:00,17.9928
2019-09-22 10:30:00,19.3752
2019-09-23 10:30:00,18.1116
2019-09-24 10:30:00,18.4248
2019-09-25 10:30:00,16.1676
2019-09-26 10:30:00,16.610401
2019-09-27 10:30:00,17.4852
2019-09-28 10:30:00,14.9904
2019-09-29 10:30:00,16.5888
2019-09-30 10:30:00,10.1412
2019-10-01 10:30:00,15.346801
2019-10-02 10:30:00,2.16
2019-10-03 10:30:00,6.5772
2019-10-04 10:30:00,17.0748
2019-10-05 10:30:00,16.5132
2019-10-06 10:30:00,16.124401
2019-10-07 10:30:00,10.0764
2019-10-08 10:30:00,16.0812
2019-10-09 10:30:00,15.5844
2019-10-10 10:30:00,14.85
2019-10-11 10:30:00,14.8932
2019-10-12 10:30:00,15.573601
2019-10-13 10:30:00,15.8652
2019-10-14 10:30:00,14.968801
2019-10-15 10:30:00,8.305201
2019-10-16 10:30:00,13.716001
2019-10-17 10:30:00,13.284
2019-10-18 10:30:00,8.7804
2019-10-19 10:30:00,10.4544
2019-10-20 10:30:00,10.5624
2019-10-21 10:30:00,13.77
2019-10-22 10:30:00,12.5172
2019-10-23 10:30:00,6.9336
2019-10-24 10:30:00,3.0564
2019-10-25 10:30:00,8.0892
2019-10-26 10:30:00,13.4568
2019-10-27 10:30:00,9.417601
2019-10-28 10:30:00,6.4692
2019-10-29 10:30:00,9.774
2019-10-30 10:30:00,9.0936
2019-10-31 10:30:00,12.582001
2019-11-01 10:30:00,12.009601
2019-11-02 10:30:00,11.5452
2019-11-03 10:30:00,11.955601
2019-11-04 10:30:00,9.558001
2019-11-05 10:30:00,11.178
2019-11-06 10:30:00,6.6528
2019-11-07 10:30:00,8.4348
2019-11-08 10:30:00,10.7784
2019-11-09 10:30:00,9.6228
2019-11-10 10:30:00,8.3592005
2019-11-11 10:30:00,10.184401
2019-11-12 10:30:00,4.4712
2019-11-13 10:30:00,4.1688
2019-11-14 10:30:00,5.3676
2019-11-15 10:30:00,5.4216003
2019-11-16 10:30:00,8.208
2019-11-17 10:30:00,3.1104002
2019-11-18 10:30:00,4.8384
2019-11-19 10:30:00,5.2272
2019-11-20 10:30:00,5.4972
2019-11-21 10:30:00,6.0912004
2019-11-22 10:30:00,3.0564
2019-11-23 10:30:00,7.722
2019-11-24 10:30:00,8.532001
2019-11-25 10:30:00,7.5276003
2019-11-26 10:30:00,7.182
2019-11-27 10:30:00,7.3008003
2019-11-28 10:30:00,7.8516
2019-11-29 10:30:00,6.8148003
2019-11-30 10:30:00,3.9636002
2019-12-01 10:30:00,3.4884
2019-12-02 10:30:00,3.9420002
2019-12-03 10:30:00,7.1172004
2019-12-04 10:30:00,7.4952
2019-12-05 10:30:00,5.4432
2019-12-06 10:30:00,3.4884
2019-12-07 10:30:00,6.2856
2019-12-08 10:30:00,4.6764
2019-12-09 10:30:00,5.2812
2019-12-10 10:30:00,4.4820004
2019-12-11 10:30:00,6.2316003
2019-12-12 10:30:00,4.8924003
2019-12-13 10:30:00,4.9788003
2019-12-14 10:30:00,6.1128
2019-12-15 10:30:00,4.7736
2019-12-16 10:30:00,2.6676002
2019-12-17 10:30:00,5.6484003
2019-12-18 10:30:00,5.7996
2019-12-19 10:30:00,6.5124
2019-12-20 10:30:00,5.3028
2019-12-21 10:30:00,5.4216003
2019-12-22 10:30:00,5.3352003
2019-12-23 10:30:00,5.9292
2019-12-24 10:30:00,4.6224003
2019-12-25 10:30:00,4.2552
2019-12-26 10:30:00,6.5124
2019-12-27 10:30:00,5.8428
2019-12-28 10:30:00,5.0112
2019-12-29 10:30:00,3.7044
2019-12-30 10:30:00,2.4516
2019-12-31 10:30:00,2.6028001
2020-01-01 10:30:00,4.1904
2020-01-02 10:30:00,3.3588002
2020-01-03 10:30:00,3.7800002
2020-01-04 10:30:00,6.642
2020-01-05 10:30:00,6.9228
2020-01-06 10:30:00,3.5640001
2020-01-07 10:30:00,4.1256003
2020-01-08 10:30:00,6.9228
2020-01-09 10:30:00,5.6052003
2020-01-10 10:30:00,8.262
2020-01-11 10:30:00,8.1864
2020-01-12 10:30:00,8.3268
2020-01-13 10:30:00,7.6032
2020-01-14 10:30:00,9.0612
2020-01-15 10:30:00,9.417601
2020-01-16 10:30:00,9.0396
2020-01-17 10:30:00,7.4412003
2020-01-18 10:30:00,6.1128
2020-01-19 10:30:00,7.4628
2020-01-20 10:30:00,8.532001
2020-01-21 10:30:00,5.9076
2020-01-22 10:30:00,10.5516
2020-01-23 10:30:00,10.756801
2020-01-24 10:30:00,6.8256
2020-01-25 10:30:00,9.4608
2020-01-26 10:30:00,9.104401
2020-01-27 10:30:00,7.7112
2020-01-28 10:30:00,8.208
2020-01-29 10:30:00,11.242801
2020-01-30 10:30:00,11.242801
2020-01-31 10:30:00,8.6832
2020-02-01 10:30:00,12.2148
2020-02-02 10:30:00,10.584001
2020-02-03 10:30:00,10.908
2020-02-04 10:30:00,11.8584
2020-02-05 10:30:00,12.063601
2020-02-06 10:30:00,10.929601
2020-02-07 10:30:00,11.826
2020-02-08 10:30:00,11.610001
2020-02-09 10:30:00,11.0268
2020-02-10 10:30:00,10.8
2020-02-11 10:30:00,10.1412
2020-02-12 10:30:00,9.7416
2020-02-13 10:30:00,7.7652
2020-02-14 10:30:00,12.9384
2020-02-15 10:30:00,12.1284
2020-02-16 10:30:00,10.4868
2020-02-17 10:30:00,10.8756
2020-02-18 10:30:00,11.7936
2020-02-19 10:30:00,12.1068
2020-02-20 10:30:00,10.843201
2020-02-21 10:30:00,3.8016
2020-02-22 10:30:00,11.6856
2020-02-23 10:30:00,11.0268
2020-02-24 10:30:00,13.878
2020-02-25 10:30:00,14.9256
2020-02-26 10:30:00,14.742001
2020-02-27 10:30:00,14.342401
2020-02-28 10:30:00,8.877601
2020-02-29 10:30:00,9.2124
2020-03-01 10:30:00,8.877601
2020-03-02 10:30:00,14.31
2020-03-03 10:30:00,11.9772005
2020-03-04 10:30:00,16.5672
2020-03-05 10:30:00,16.0812
2020-03-06 10:30:00,9.6984005
2020-03-07 10:30:00,15.066
2020-03-08 10:30:00,10.0116005
2020-03-09 10:30:00,17.5608
2020-03-10 10:30:00,9.4824
2020-03-11 10:30:00,15.1308
2020-03-12 10:30:00,17.2152
2020-03-13 10:30:00,13.089601
2020-03-14 10:30:00,16.9668
2020-03-15 10:30:00,17.9928
2020-03-16 10:30:00,10.8648
2020-03-17 10:30:00,19.2996
2020-03-18 10:30:00,11.8152
2020-03-19 10:30:00,16.686
2020-03-20 10:30:00,16.0272
2020-03-21 10:30:00,20.25
2020-03-22 10:30:00,16.0272
2020-03-23 10:30:00,19.3536
2020-03-24 10:30:00,16.5888
2020-03-25 10:30:00,14.374801
2020-03-26 10:30:00,20.962801
2020-03-27 10:30:00,18.3276
2020-03-28 10:30:00,21.7728
2020-03-29 10:30:00,19.8936
2020-03-30 10:30:00,18.5652
2020-03-31 10:30:00,21.5244
2020-04-01 10:30:00,19.116001
2020-04-02 10:30:00,22.9284
2020-04-03 10:30:00,20.79
2020-04-04 10:30:00,23.392801
2020-04-05 10:30:00,20.736
2020-04-06 10:30:00,19.569601
2020-04-07 10:30:00,24.0408
2020-04-08 10:30:00,14.774401
2020-04-09 10:30:00,22.345201
2020-04-10 10:30:00,23.382
2020-04-11 10:30:00,23.5224
2020-04-12 10:30:00,22.8852
2020-04-13 10:30:00,23.3712
2020-04-14 10:30:00,19.494001
2020-04-15 10:30:00,20.7252
2020-04-16 10:30:00,11.8584
2020-04-17 10:30:00,19.742401
2020-04-18 10:30:00,22.9824
2020-04-19 10:30:00,4.86
2020-04-20 10:30:00,4.0392003
2020-04-21 10:30:00,3.4344
2020-04-22 10:30:00,23.954401
2020-04-23 10:30:00,29.8836
2020-04-24 10:30:00,9.6768
2020-04-25 10:30:00,20.1636
2020-04-26 10:30:00,21.816
2020-04-27 10:30:00,21.114
2020-04-28 10:30:00,21.405602
2020-04-29 10:30:00,26.6004
2020-04-30 10:30:00,24.7968
2020-05-01 10:30:00,24.753601
2020-05-02 10:30:00,14.1048
2020-05-03 10:30:00,4.3632
2020-05-04 10:30:00,18.36
2020-05-05 10:30:00,29.322
2020-05-06 10:30:00,28.652401
2020-05-07 10:30:00,10.5732
2020-05-08 10:30:00,26.4384
2020-05-09 10:30:00,26.7192
2020-05-10 10:30:00,14.2992
2020-05-11 10:30:00,22.1616
2020-05-12 10:30:00,14.7096
2020-05-13 10:30:00,24.6024
2020-05-14 10:30:00,29.408401
2020-05-15 10:30:00,25.9092
2020-05-16 10:30:00,16.7616
2020-05-17 10:30:00,11.772
2020-05-18 10:30:00,29.214
2020-05-19 10:30:00,28.404001
2020-05-20 10:30:00,21.5568
2020-05-21 10:30:00,15.9516
2020-05-22 10:30:00,16.8372
2020-05-23 10:30:00,24.2028
2020-05-24 10:30:00,20.952
2020-05-25 10:30:00,11.124001
2020-05-26 10:30:00,20.8656
2020-05-27 10:30:00,31.212
2020-05-28 10:30:00,31.4712
2020-05-29 10:30:00,28.436401
2020-05-30 10:30:00,23.2416
2020-05-31 10:30:00,8.208
2020-06-01 10:30:00,26.7516
2020-06-02 10:30:00,29.311201
2020-06-03 10:30:00,10.530001
2020-06-04 10:30:00,3.7908
2020-06-05 10:30:00,28.4256
2020-06-06 10:30:00,19.2024
2020-06-07 10:30:00,23.468401
2020-06-08 10:30:00,22.2372
2020-06-09 10:30:00,29.451601
2020-06-10 10:30:00,6.3828
2020-06-11 10:30:00,33.8688
2020-06-12 10:30:00,24.4944
2020-06-13 10:30:00,3.1104002
2020-06-14 10:30:00,27.9288
2020-06-15 10:30:00,30.704401
2020-06-16 10:30:00,27.669601
2020-06-17 10:30:00,26.9136
2020-06-18 10:30:00,22.3236
2020-06-19 10:30:00,12.8736
2020-06-20 10:30:00,10.3464
2020-06-21 10:30:00,18.2736
2020-06-22 10:30:00,7.8840003
2020-06-23 10:30:00,9.3096
2020-06-24 10:30:00,14.7960005
2020-06-25 10:30:00,8.3376
2020-06-26 10:30:00,17.7984
2020-06-27 10:30:00,25.2828
2020-06-28 10:30:00,28.371601
2020-06-29 10:30:00,15.7788
2020-06-30 10:30:00,29.451601
2020-07-01 10:30:00,29.1168
2020-07-02 10:30:00,27.2268
2020-07-03 10:30:00,16.405201
2020-07-04 10:30:00,6.8904004
2020-07-05 10:30:00,24.2568
2020-07-06 10:30:00,22.0212
2020-07-07 10:30:00,29.138401
2020-07-08 10:30:00,28.749601
2020-07-09 10:30:00,28.566
2020-07-10 10:30:00,24.8076
2020-07-11 10:30:00,19.396801
2020-07-12 10:30:00,25.8012
2020-07-13 10:30:00,26.1252
2020-07-14 10:30:00,30.726002
2020-07-15 10:30:00,29.2464
2020-07-16 10:30:00,26.524801
2020-07-17 10:30:00,19.0296
2020-07-18 10:30:00,13.1868
2020-07-19 10:30:00,27.745201
2020-07-20 10:30:00,26.4384
2020-07-21 10:30:00,28.544401
2020-07-22 10:30:00,25.7472
2020-07-23 10:30:00,26.082
2020-07-24 10:30:00,28.825201
2020-07-25 10:30:00,22.3992
2020-07-26 10:30:00,27.745201
2020-07-27 10:30:00,24.505201
2020-07-28 10:30:00,16.956001
2020-07-29 10:30:00,9.3204
2020-07-30 10:30:00,18.5436
2020-07-31 10:30:00,21.7728
2020-08-01 10:30:00,25.6068
2020-08-02 10:30:00,22.086
2020-08-03 10:30:00,33.9012
2020-08-04 10:30:00,23.166
2020-08-05 10:30:00,26.557201
2020-08-06 10:30:00,14.8392
2020-08-07 10:30:00,8.8344
2020-08-08 10:30:00,4.8276
2020-08-09 10:30:00,21.5028
2020-08-10 10:30:00,24.8292
2020-08-11 10:30:00,25.8768
2020-08-12 10:30:00,22.5504
2020-08-13 10:30:00,1.5444001
2020-08-14 10:30:00,15.746401
2020-08-15 10:30:00,27.2052
2020-08-16 10:30:00,15.8112
2020-08-17 10:30:00,7.1064
2020-08-18 10:30:00,10.2816
2020-08-19 10:30:00,19.5804
2020-08-20 10:30:00,25.4232
2020-08-21 10:30:00,25.542
2020-08-22 10:30:00,16.2
2020-08-23 10:30:00,21.9564
2020-08-24 10:30:00,24.883202
2020-08-25 10:30:00,23.1012
2020-08-26 10:30:00,20.9088
2020-08-27 10:30:00,5.8752003
2020-08-28 10:30:00,7.5168004
2020-08-29 10:30:00,11.394
2020-08-30 10:30:00,9.0396
2020-08-31 10:30:00,13.2516
2020-09-01 10:30:00,20.736
2020-09-02 10:30:00,19.2024
2020-09-03 10:30:00,10.670401
2020-09-04 10:30:00,4.7412
2020-09-05 10:30:00,16.3512
2020-09-06 10:30:00,20.2392
2020-09-07 10:30:00,13.2192
2020-09-08 10:30:00,4.374
2020-09-09 10:30:00,4.7520003
2020-09-10 10:30:00,17.128801
2020-09-11 10:30:00,21.686401
2020-09-12 10:30:00,20.120401
2020-09-13 10:30:00,21.168001
2020-09-14 10:30:00,6.0912004
2020-09-15 10:30:00,15.6384
2020-09-16 10:30:00,12.236401
2020-09-17 10:30:00,8.3484
2020-09-18 10:30:00,9.871201
2020-09-19 10:30:00,9.3528
2020-09-20 10:30:00,8.9532
2020-09-21 10:30:00,7.8192
2020-09-22 10:30:00,14.914801
2020-09-23 10:30:00,18.198
2020-09-24 10:30:00,16.3188
2020-09-25 10:30:00,15.3792
2020-09-26 10:30:00,14.4396
2020-09-27 10:30:00,11.448
2020-09-28 10:30:00,7.4196
2020-09-29 10:30:00,16.254
2020-09-30 10:30:00,14.5692005
2020-10-01 10:30:00,2.8728
2020-10-02 10:30:00,10.5732
2020-10-03 10:30:00,16.3188
2020-10-04 10:30:00,8.7804
2020-10-05 10:30:00,15.3576
2020-10-06 10:30:00,13.003201
2020-10-07 10:30:00,15.282001
2020-10-08 10:30:00,14.472
2020-10-09 10:30:00,10.6380005
2020-10-10 10:30:00,14.2668
2020-10-11 10:30:00,14.472
2020-10-12 10:30:00,10.8756
2020-10-13 10:30:00,5.1516004
2020-10-14 10:30:00,12.7872
2020-10-15 10:30:00,14.688001
2020-10-16 10:30:00,13.7916
2020-10-17 10:30:00,5.6052003
2020-10-18 10:30:00,5.2920003
2020-10-19 10:30:00,12.7008
2020-10-20 10:30:00,10.5948
2020-10-21 10:30:00,11.469601
2020-10-22 10:30:00,14.1048
2020-10-23 10:30:00,13.208401
2020-10-24 10:30:00,12.7872
2020-10-25 10:30:00,11.9448
2020-10-26 10:30:00,11.2212
2020-10-27 10:30:00,8.7588005
2020-10-28 10:30:00,12.182401
2020-10-29 10:30:00,11.0268
2020-10-30 10:30:00,9.5688
2020-10-31 10:30:00,7.29
2020-11-01 10:30:00,9.6768
2020-11-02 10:30:00,8.8668
2020-11-03 10:30:00,10.908
2020-11-04 10:30:00,10.2816
2020-11-05 10:30:00,8.9208
2020-11-06 10:30:00,8.0244
2020-11-07 10:30:00,7.9272003
2020-11-08 10:30:00,10.476
2020-11-09 10:30:00,11.070001
2020-11-10 10:30:00,8.8128
2020-11-11 10:30:00,8.2944
2020-11-12 10:30:00,8.1216
2020-11-13 10:30:00,9.3528
2020-11-14 10:30:00,8.8344
2020-11-15 10:30:00,7.9596
2020-11-16 10:30:00,7.6356
2020-11-17 10:30:00,2.4732
2020-11-18 10:30:00,3.0564
2020-11-19 10:30:00,4.4604
2020-11-20 10:30:00,8.9748
2020-11-21 10:30:00,7.9596
2020-11-22 10:30:00,8.9964
2020-11-23 10:30:00,7.1604004
2020-11-24 10:30:00,6.8580003
2020-11-25 10:30:00,5.3136
2020-11-26 10:30:00,7.5708003
2020-11-27 10:30:00,7.29
2020-11-28 10:30:00,8.6616
2020-11-29 10:30:00,7.8192
2020-11-30 10:30:00,7.3332
2020-12-01 10:30:00,6.4476004
2020-12-02 10:30:00,6.7716002
2020-12-03 10:30:00,6.0480003
2020-12-04 10:30:00,6.5988
2020-12-05 10:30:00,6.8904004
2020-12-06 10:30:00,6.4692
2020-12-07 10:30:00,7.2036004
2020-12-08 10:30:00,7.3224
2020-12-09 10:30:00,6.9984
2020-12-10 10:30:00,6.3828
2020-12-11 10:30:00,6.5880003
2020-12-12 10:30:00,7.1388
2020-12-13 10:30:00,6.3288
2020-12-14 10:30:00,7.0092
2020-12-15 10:30:00,6.9552
2020-12-16 10:30:00,7.0524
2020-12-17 10:30:00,6.0480003
2020-12-18 10:30:00,6.5124
2020-12-19 10:30:00,6.8364
2020-12-20 10:30:00,6.3828
2020-12-21 10:30:00,6.696
2020-12-22 10:30:00,5.1732
2020-12-23 10:30:00,2.3868
2020-12-24 10:30:00,6.1452003
2020-12-25 10:30:00,5.4756002
2020-12-26 10:30:00,3.996
2020-12-27 10:30:00,5.454
2020-12-28 10:30:00,3.0672002
2020-12-29 10:30:00,4.158
2020-12-30 10:30:00,5.0004
2020-12-31 10:30:00,5.2272
2021-01-01 10:30:00,6.696
2021-01-02 10:30:00,5.8320003
2021-01-03 10:30:00,7.0524
2021-01-04 10:30:00,6.8904004
2021-01-05 10:30:00,6.5340004
2021-01-06 10:30:00,4.806
2021-01-07 10:30:00,6.1884003
2021-01-08 10:30:00,7.6248
2021-01-09 10:30:00,6.7284
2021-01-10 10:30:00,7.7868004
2021-01-11 10:30:00,7.1064
2021-01-12 10:30:00,2.6028001
2021-01-13 10:30:00,5.0976
2021-01-14 10:30:00,6.2856
2021-01-15 10:30:00,7.3008003
2021-01-16 10:30:00,6.8040004
2021-01-17 10:30:00,6.5988
2021-01-18 10:30:00,7.2684
2021-01-19 10:30:00,7.5276003
2021-01-20 10:30:00,6.9768
2021-01-21 10:30:00,7.1172004
2021-01-22 10:30:00,8.4132
2021-01-23 10:30:00,7.2468004
2021-01-24 10:30:00,7.7544003
2021-01-25 10:30:00,3.9204001
2021-01-26 10:30:00,9.2664
2021-01-27 10:30:00,8.9424
2021-01-28 10:30:00,9.828
2021-01-29 10:30:00,6.912
2021-01-30 10:30:00,8.262
2021-01-31 10:30:00,8.7264
2021-02-01 10:30:00,4.6332
2021-02-02 10:30:00,4.8168
2021-02-03 10:30:00,5.1192
2021-02-04 10:30:00,8.5428
2021-02-05 10:30:00,7.7868004
2021-02-06 10:30:00,7.0416
2021-02-07 10:30:00,9.5256
2021-02-08 10:30:00,7.0740004
2021-02-09 10:30:00,9.0828
2021-02-10 10:30:00,6.2964
2021-02-11 10:30:00,5.6916003
2021-02-12 10:30:00,11.7396
2021-02-13 10:30:00,7.2144003
2021-02-14 10:30:00,12.6468
2021-02-15 10:30:00,12.8196
2021-02-16 10:30:00,13.834801
2021-02-17 10:30:00,10.7676
2021-02-18 10:30:00,10.368
2021-02-19 10:30:00,11.178
2021-02-20 10:30:00,11.0268
2021-02-21 10:30:00,10.2276
2021-02-22 10:30:00,9.4824
2021-02-23 10:30:00,13.068001
2021-02-24 10:30:00,7.3872004
2021-02-25 10:30:00,6.7392
2021-02-26 10:30:00,7.4196
2021-02-27 10:30:00,7.3008003
2021-02-28 10:30:00,11.5452
2021-03-01 10:30:00,13.262401
2021-03-02 10:30:00,13.5324
2021-03-03 10:30:00,3.8448
2021-03-04 10:30:00,11.0376005
2021-03-05 10:30:00,16.578001
2021-03-06 10:30:00,17.1504
2021-03-07 10:30:00,16.3728
2021-03-08 10:30:00,12.376801
2021-03-09 10:30:00,17.830801
2021-03-10 10:30:00,15.2172
2021-03-11 10:30:00,17.096401
2021-03-12 10:30:00,16.8048
2021-03-13 10:30:00,18.0468
2021-03-14 10:30:00,15.8652
2021-03-15 10:30:00,16.8696
2021-03-16 10:30:00,18.9108
2021-03-17 10:30:00,19.4724
2021-03-18 10:30:00,20.0016
2021-03-19 10:30:00,13.262401
2021-03-20 10:30:00,6.7068
2021-03-21 10:30:00,18.316801
2021-03-22 10:30:00,17.28
2021-03-23 10:30:00,16.0056
2021-03-24 10:30:00,20.0016
2021-03-25 10:30:00,15.7248
2021-03-26 10:30:00,9.417601
2021-03-27 10:30:00,18.975601
2021-03-28 10:30:00,18.316801
2021-03-29 10:30:00,13.7916
2021-03-30 10:30:00,18.738
2021-03-31 10:30:00,15.1092005
2021-04-01 10:30:00,14.8824005
2021-04-02 10:30:00,17.2908
2021-04-03 10:30:00,23.598001
2021-04-04 10:30:00,22.9824
2021-04-05 10:30:00,21.9564
2021-04-06 10:30:00,24.0624
2021-04-07 10:30:00,22.464
2021-04-08 10:30:00,22.0212
2021-04-09 10:30:00,22.086
2021-04-10 10:30:00,12.1392
2021-04-11 10:30:00,17.2908
2021-04-12 10:30:00,6.4476004
2021-04-13 10:30:00,23.436
2021-04-14 10:30:00,20.358
2021-04-15 10:30:00,12.0852
2021-04-16 10:30:00,7.2144003
2021-04-17 10:30:00,20.9844
2021-04-18 10:30:00,25.930801
2021-04-19 10:30:00,26.773201
2021-04-20 10:30:00,25.812
2021-04-21 10:30:00,20.5956
2021-04-22 10:30:00,18.0252
2021-04-23 10:30:00,17.9712
2021-04-24 10:30:00,24.6348
2021-04-25 10:30:00,26.838001
2021-04-26 10:30:00,18.9216
2021-04-27 10:30:00,27.259201
2021-04-28 10:30:00,28.4148
2021-04-29 10:30:00,18.4788
2021-04-30 10:30:00,19.1376
2021-05-01 10:30:00,19.386
2021-05-02 10:30:00,20.7684
2021-05-03 10:30:00,12.8412
2021-05-04 10:30:00,17.7444
2021-05-05 10:30:00,9.1152
2021-05-06 10:30:00,21.87
2021-05-07 10:30:00,14.8932
2021-05-08 10:30:00,19.7316
2021-05-09 10:30:00,8.564401
2021-05-10 10:30:00,27.6156
2021-05-11 10:30:00,4.4820004
2021-05-12 10:30:00,26.449202
2021-05-13 10:30:00,20.4876
2021-05-14 10:30:00,15.5628
2021-05-15 10:30:00,30.456001
2021-05-16 10:30:00,30.909601
2021-05-17 10:30:00,29.0412
2021-05-18 10:30:00,25.3692
2021-05-19 10:30:00,21.826801
2021-05-20 10:30:00,29.656801
2021-05-21 10:30:00,29.16
2021-05-22 10:30:00,25.099201
2021-05-23 10:30:00,25.4556
2021-05-24 10:30:00,15.066
2021-05-25 10:30:00,24.3108
2021-05-26 10:30:00,27.3024
2021-05-27 10:30:00,26.622
2021-05-28 10:30:00,11.6640005
2021-05-29 10:30:00,17.550001
2021-05-30 10:30:00,16.9776
2021-05-31 10:30:00,14.655601
2021-06-01 10:30:00,22.464
2021-06-02 10:30:00,11.836801
2021-06-03 10:30:00,11.728801
2021-06-04 10:30:00,16.610401
2021-06-05 10:30:00,18.5436
2021-06-06 10:30:00,32.518803
2021-06-07 10:30:00,29.9592
2021-06-08 10:30:00,23.7492
2021-06-09 10:30:00,28.728
2021-06-10 10:30:00,27.712801
2021-06-11 10:30:00,30.0996
2021-06-12 10:30:00,21.816
2021-06-13 10:30:00,25.066801
2021-06-14 10:30:00,0.75600004
2021-06-15 10:30:00,13.068001
2021-06-16 10:30:00,23.6952
2021-06-17 10:30:00,29.235601
2021-06-18 10:30:00,23.986801
2021-06-19 10:30:00,26.460001
2021-06-20 10:30:00,14.0184
2021-06-21 10:30:00,29.2896
2021-06-22 10:30:00,31.222801
2021-06-23 10:30:00,30.4452
2021-06-24 10:30:00,30.110401
2021-06-25 10:30:00,28.134
2021-06-26 10:30:00,21.4272
2021-06-27 10:30:00,14.1048
2021-06-28 10:30:00,26.6004
2021-06-29 10:30:00,25.0128
2021-06-30 10:30:00,27.885601
2021-07-01 10:30:00,16.502401
2021-07-02 10:30:00,18.662401
2021-07-03 10:30:00,13.780801
2021-07-04 10:30:00,10.7244005
2021-07-05 10:30:00,29.754002
2021-07-06 10:30:00,19.256401
2021-07-07 10:30:00,14.3532
2021-07-08 10:30:00,3.3156002
2021-07-09 10:30:00,7.0524
2021-07-10 10:30:00,27.604801
2021-07-11 10:30:00,27.4536
2021-07-12 10:30:00,19.2672
2021-07-13 10:30:00,9.7524
2021-07-14 10:30:00,17.0316
2021-07-15 10:30:00,21.2976
2021-07-16 10:30:00,24.0732
2021-07-17 10:30:00,11.016001
2021-07-18 10:30:00,15.832801
2021-07-19 10:30:00,11.34
2021-07-20 10:30:00,32.616
2021-07-21 10:30:00,27.162
2021-07-22 10:30:00,15.012
2021-07-23 10:30:00,8.1756
2021-07-24 10:30:00,13.8132
2021-07-25 10:30:00,14.342401
2021-07-26 10:30:00,3.9420002
2021-07-27 10:30:00,14.742001
2021-07-28 10:30:00,23.5116
2021-07-29 10:30:00,19.6452
2021-07-30 10:30:00,21.3624
2021-07-31 10:30:00,5.2164
2021-08-01 10:30:00,22.1184
2021-08-02 10:30:00,15.487201
2021-08-03 10:30:00,5.0976
2021-08-04 10:30:00,12.4848
2021-08-05 10:30:00,13.3704
2021-08-06 10:30:00,18.6084
2021-08-07 10:30:00,19.1592
2021-08-08 10:30:00,16.815601
2021-08-09 10:30:00,2.1384
2021-08-10 10:30:00,3.7584002
2021-08-11 10:30:00,10.6056
2021-08-12 10:30:00,16.6644
2021-08-13 10:30:00,7.6140003
2021-08-14 10:30:00,13.780801
2021-08-15 10:30:00,21.7728
2021-08-16 10:30:00,22.939201
2021-08-17 10:30:00,24.138
2021-08-18 10:30:00,22.248001
2021-08-19 10:30:00,8.856
2021-08-20 10:30:00,16.2756
2021-08-21 10:30:00,19.6236
2021-08-22 10:30:00,22.4424
2021-08-23 10:30:00,22.4424
2021-08-24 10:30:00,21.794401
2021-08-25 10:30:00,20.25
2021-08-26 10:30:00,10.497601
2021-08-27 10:30:00,8.791201
2021-08-28 10:30:00,13.629601
2021-08-29 10:30:00,22.7448
2021-08-30 10:30:00,23.252401
2021-08-31 10:30:00,22.5072
2021-09-01 10:30:00,18.8784
2021-09-02 10:30:00,21.168001
2021-09-03 10:30:00,6.1344004
2021-09-04 10:30:00,19.7316
2021-09-05 10:30:00,11.437201
2021-09-06 10:30:00,7.452
2021-09-07 10:30:00,22.3668
2021-09-08 10:30:00,11.8044
2021-09-09 10:30:00,9.0612
2021-09-10 10:30:00,16.2864
2021-09-11 10:30:00,16.9776
2021-09-12 10:30:00,17.9712
2021-09-13 10:30:00,15.001201
2021-09-14 10:30:00,14.1696005
2021-09-15 10:30:00,6.6744003
2021-09-16 10:30:00,19.926
2021-09-17 10:30:00,17.82
2021-09-18 10:30:00,18.381601
2021-09-19 10:30:00,8.6508
2021-09-20 10:30:00,10.270801
2021-09-21 10:30:00,5.3136
2021-09-22 10:30:00,10.7136
2021-09-23 10:30:00,18.522001
2021-09-24 10:30:00,13.802401
2021-09-25 10:30:00,5.3784003
2021-09-26 10:30:00,5.1948
2021-09-27 10:30:00,18.1548
2021-09-28 10:30:00,15.4656
2021-09-29 10:30:00,17.766
2021-09-30 10:30:00,11.448
2021-10-01 10:30:00,12.808801
2021-10-02 10:30:00,16.7076
2021-10-03 10:30:00,7.3224
2021-10-04 10:30:00,15.768001
2021-10-05 10:30:00,16.437601
2021-10-06 10:30:00,8.4348
2021-10-07 10:30:00,15.8220005
2021-10-08 10:30:00,12.5064
2021-10-09 10:30:00,12.1176
2021-10-10 10:30:00,11.6856
2021-10-11 10:30:00,15.0444
2021-10-12 10:30:00,15.1632
2021-10-13 10:30:00,9.7416
2021-10-14 10:30:00,13.780801
2021-10-15 10:30:00,11.1672
2021-10-16 10:30:00,11.9988
2021-10-17 10:30:00,11.988
2021-10-18 10:30:00,6.7824
2021-10-19 10:30:00,13.9644
2021-10-20 10:30:00,13.402801
2021-10-21 10:30:00,12.96
2021-10-22 10:30:00,12.7332
2021-10-23 10:30:00,12.895201
2021-10-24 10:30:00,13.0464
2021-10-25 10:30:00,9.5796
2021-10-26 10:30:00,11.7396
2021-10-27 10:30:00,12.3012
2021-10-28 10:30:00,11.6532
2021-10-29 10:30:00,7.0416
2021-10-30 10:30:00,3.1752
2021-10-31 10:30:00,10.184401
2021-11-01 10:30:00,11.2644005
2021-11-02 10:30:00,9.5688
2021-11-03 10:30:00,9.3528
2021-11-04 10:30:00,9.590401
2021-11-05 10:30:00,6.0372
2021-11-06 10:30:00,3.4020002
2021-11-07 10:30:00,6.1452003
2021-11-08 10:30:00,4.6332
2021-11-09 10:30:00,3.456
2021-11-10 10:30:00,7.0848002
2021-11-11 10:30:00,13.2732
2021-11-12 10:30:00,4.1904
2021-11-13 10:30:00,8.5104
2021-11-14 10:30:00,5.3784003
2021-11-15 10:30:00,10.9944
2021-11-16 10:30:00,9.244801
2021-11-17 10:30:00,5.1516004
2021-11-18 10:30:00,9.9144
2021-11-19 10:30:00,8.7156
2021-11-20 10:30:00,7.7868004
2021-11-21 10:30:00,4.8492002
2021-11-22 10:30:00,4.4604
2021-11-23 10:30:00,5.3568
2021-11-24 10:30:00,6.7176003
2021-11-25 10:30:00,6.0048003
2021-11-26 10:30:00,5.9508
2021-11-27 10:30:00,4.6872
2021-11-28 10:30:00,4.0932
2021-11-29 10:30:00,6.0264
2021-11-30 10:30:00,5.7456
2021-12-01 10:30:00,6.696
2021-12-02 10:30:00,6.5232
2021-12-03 10:30:00,6.0480003
2021-12-04 10:30:00,4.0176
2021-12-05 10:30:00,3.996
2021-12-06 10:30:00,5.8428
2021-12-07 10:30:00,7.4196
2021-12-08 10:30:00,5.7024
2021-12-09 10:30:00,3.4992
2021-12-10 10:30:00,4.6872
2021-12-11 10:30:00,5.3352003
2021-12-12 10:30:00,6.1344004
2021-12-13 10:30:00,6.9336
2021-12-14 10:30:00,6.2424
2021-12-15 10:30:00,3.5640001
2021-12-16 10:30:00,2.484
2021-12-17 10:30:00,3.2076
2021-12-18 10:30:00,2.97
2021-12-19 10:30:00,3.834
2021-12-20 10:30:00,3.4344
2021-12-21 10:30:00,4.8384
2021-12-22 10:30:00,4.6008
2021-12-23 10:30:00,5.2056003
2021-12-24 10:30:00,5.67
2021-12-25 10:30:00,6.0696
2021-12-26 10:30:00,5.9184003
2021-12-27 10:30:00,5.5944
2021-12-28 10:30:00,3.51
2021-12-29 10:30:00,5.8644004
2021-12-30 10:30:00,5.7132
2021-12-31 10:30:00,5.886
2022-01-01 10:30:00,5.5620003
2022-01-02 10:30:00,5.8104
2022-01-03 10:30:00,6.372
2022-01-04 10:30:00,7.7976003
2022-01-05 10:30:00,7.0308003
2022-01-06 10:30:00,7.3548
2022-01-07 10:30:00,6.5556
2022-01-08 10:30:00,7.3872004
2022-01-09 10:30:00,8.0676
2022-01-10 10:30:00,3.5856001
2022-01-11 10:30:00,4.968
2022-01-12 10:30:00,5.13
2022-01-13 10:30:00,5.8212004
2022-01-14 10:30:00,5.67
2022-01-15 10:30:00,5.2272
2022-01-16 10:30:00,6.5556
2022-01-17 10:30:00,8.164801
2022-01-18 10:30:00,8.208
2022-01-19 10:30:00,8.478001
2022-01-20 10:30:00,8.2404
2022-01-21 10:30:00,7.8840003
2022-01-22 10:30:00,7.3872004
2022-01-23 10:30:00,8.1972
2022-01-24 10:30:00,5.8104
2022-01-25 10:30:00,4.8492002
2022-01-26 10:30:00,8.078401
2022-01-27 10:30:00,8.3808
2022-01-28 10:30:00,9.4068
2022-01-29 10:30:00,10.3464
2022-01-30 10:30:00,10.411201
2022-01-31 10:30:00,10.854
2022-02-01 10:30:00,9.471601
2022-02-02 10:30:00,8.91
2022-02-03 10:30:00,10.0764
2022-02-04 10:30:00,10.0548
2022-02-05 10:30:00,9.590401
2022-02-06 10:30:00,9.784801
2022-02-07 10:30:00,10.6488
2022-02-08 10:30:00,10.6596
2022-02-09 10:30:00,10.098001
2022-02-10 10:30:00,8.3268
2022-02-11 10:30:00,8.845201
2022-02-12 10:30:00,14.6124
2022-02-13 10:30:00,14.58
2022-02-14 10:30:00,13.932
2022-02-15 10:30:00,13.8564005
2022-02-16 10:30:00,6.7176003
2022-02-17 10:30:00,6.4908004
2022-02-18 10:30:00,4.9464
2022-02-19 10:30:00,8.7696
2022-02-20 10:30:00,7.0956
2022-02-21 10:30:00,9.666
2022-02-22 10:30:00,8.91
2022-02-23 10:30:00,10.0008
2022-02-24 10:30:00,9.126
2022-02-25 10:30:00,9.558001
2022-02-26 10:30:00,12.798
2022-02-27 10:30:00,10.8
2022-02-28 10:30:00,11.178
2022-03-01 10:30:00,15.314401
2022-03-02 10:30:00,12.42
2022-03-03 10:30:00,14.1264
2022-03-04 10:30:00,8.91
2022-03-05 10:30:00,15.141601
2022-03-06 10:30:00,16.1028
2022-03-07 10:30:00,16.264801
2022-03-08 10:30:00,14.742001
2022-03-09 10:30:00,16.902
2022-03-10 10:30:00,17.3556
2022-03-11 10:30:00,17.766
2022-03-12 10:30:00,4.5576
2022-03-13 10:30:00,4.968
2022-03-14 10:30:00,8.9424
2022-03-15 10:30:00,5.3676
2022-03-16 10:30:00,16.264801
2022-03-17 10:30:00,15.5304
2022-03-18 10:30:00,15.444
2022-03-19 10:30:00,17.7984
2022-03-20 10:30:00,17.2584
2022-03-21 10:30:00,19.8288
2022-03-22 10:30:00,19.8936
2022-03-23 10:30:00,10.854
2022-03-24 10:30:00,11.7072
2022-03-25 10:30:00,14.9796
2022-03-26 10:30:00,14.493601
2022-03-27 10:30:00,19.6992
2022-03-28 10:30:00,16.3188
2022-03-29 10:30:00,18.7272
2022-03-30 10:30:00,22.8636
2022-03-31 10:30:00,21.33
2022-04-01 10:30:00,21.438
2022-04-02 10:30:00,19.7316
2022-04-03 10:30:00,21.546001
2022-04-04 10:30:00,20.25
2022-04-05 10:30:00,11.826
2022-04-06 10:30:00,24.7212
2022-04-07 10:30:00,23.5872
2022-04-08 10:30:00,19.0944
2022-04-09 10:30:00,24.6996
2022-04-10 10:30:00,23.641201
2022-04-11 10:30:00,16.794
2022-04-12 10:30:00,20.9304
2022-04-13 10:30:00,21.1788
2022-04-14 10:30:00,21.654001
2022-04-15 10:30:00,24.7968
2022-04-16 10:30:00,23.7816
2022-04-17 10:30:00,16.416
2022-04-18 10:30:00,14.148001
2022-04-19 10:30:00,22.194
2022-04-20 10:30:00,9.331201
2022-04-21 10:30:00,7.02
2022-04-22 10:30:00,24.948
2022-04-23 10:30:00,22.593601
2022-04-24 10:30:00,24.2568
2022-04-25 10:30:00,7.6572003
2022-04-26 10:30:00,22.1508
2022-04-27 10:30:00,27.54
2022-04-28 10:30:00,27.6588
2022-04-29 10:30:00,12.236401
2022-04-30 10:30:00,21.3192
2022-05-01 10:30:00,24.0948
2022-05-02 10:30:00,11.750401
2022-05-03 10:30:00,22.9824
2022-05-04 10:30:00,24.246
2022-05-05 10:30:00,4.7736
2022-05-06 10:30:00,24.894001
2022-05-07 10:30:00,27.2376
2022-05-08 10:30:00,29.548801
2022-05-09 10:30:00,28.404001
2022-05-10 10:30:00,14.428801
2022-05-11 10:30:00,31.147202
2022-05-12 10:30:00,25.2828
2022-05-13 10:30:00,20.746801
2022-05-14 10:30:00,20.1852
2022-05-15 10:30:00,29.7864
2022-05-16 10:30:00,36.0612
2022-05-17 10:30:00,23.922
2022-05-18 10:30:00,25.4556
2022-05-19 10:30:00,20.919601
2022-05-20 10:30:00,29.6352
2022-05-21 10:30:00,25.477201
2022-05-22 10:30:00,29.4624
2022-05-23 10:30:00,24.613201
2022-05-24 10:30:00,9.0828
2022-05-25 10:30:00,17.8848
2022-05-26 10:30:00,20.5524
2022-05-27 10:30:00,28.3608
2022-05-28 10:30:00,28.512001
2022-05-29 10:30:00,7.3224
2022-05-30 10:30:00,32.0112
2022-05-31 10:30:00,20.196001
2022-06-01 10:30:00,19.1916
2022-06-02 10:30:00,21.0384
2022-06-03 10:30:00,7.668
2022-06-04 10:30:00,8.154
2022-06-05 10:30:00,7.0416
2022-06-06 10:30:00,26.298
2022-06-07 10:30:00,13.6836
2022-06-08 10:30:00,26.2008
2022-06-09 10:30:00,27.6912
2022-06-10 10:30:00,21.8808
2022-06-11 10:30:00,23.112001
2022-06-12 10:30:00,9.817201
2022-06-13 10:30:00,21.7836
2022-06-14 10:30:00,10.0764
2022-06-15 10:30:00,20.714401
2022-06-16 10:30:00,24.1164
2022-06-17 10:30:00,30.704401
2022-06-18 10:30:00,28.7388
2022-06-19 10:30:00,28.3176
2022-06-20 10:30:00,12.236401
2022-06-21 10:30:00,28.458
2022-06-22 10:30:00,24.224401
2022-06-23 10:30:00,21.8052
2022-06-24 10:30:00,15.984
2022-06-25 10:30:00,28.0476
2022-06-26 10:30:00,26.2224
2022-06-27 10:30:00,23.9004
2022-06-28 10:30:00,27.2268
2022-06-29 10:30:00,27.7668
2022-06-30 10:30:00,23.5116
2022-07-01 10:30:00,29.4948
2022-07-02 10:30:00,28.922401
2022-07-03 10:30:00,27.1944
2022-07-04 10:30:00,20.3904
2022-07-05 10:30:00,16.0488
2022-07-06 10:30:00,9.2232
2022-07-07 10:30:00,27.7668
2022-07-08 10:30:00,30.024
2022-07-09 10:30:00,34.5708
2022-07-10 10:30:00,27.8208
2022-07-11 10:30:00,28.198801
2022-07-12 10:30:00,27.2052
2022-07-13 10:30:00,5.4756002
2022-07-14 10:30:00,7.668
2022-07-15 10:30:00,11.437201
2022-07-16 10:30:00,15.055201
2022-07-17 10:30:00,20.844
2022-07-18 10:30:00,18.414
2022-07-19 10:30:00,26.2656
2022-07-20 10:30:00,27.496801
2022-07-21 10:30:00,28.188002
2022-07-22 10:30:00,28.0692
2022-07-23 10:30:00,22.086
2022-07-24 10:30:00,18.4356
2022-07-25 10:30:00,18.630001
2022-07-26 10:30:00,12.6036005
2022-07-27 10:30:00,20.5848
2022-07-28 10:30:00,7.8084
2022-07-29 10:30:00,10.854
2022-07-30 10:30:00,22.9284
2022-07-31 10:30:00,24.7644
2022-08-01 10:30:00,26.0172
2022-08-02 10:30:00,10.8
2022-08-03 10:30:00,24.2028
2022-08-04 10:30:00,6.0372
2022-08-05 10:30:00,27.248402
2022-08-06 10:30:00,19.2024
2022-08-07 10:30:00,11.7072
2022-08-08 10:30:00,28.231201
2022-08-09 10:30:00,27.5184
2022-08-10 10:30:00,26.3736
2022-08-11 10:30:00,16.2
2022-08-12 10:30:00,26.5464
2022-08-13 10:30:00,25.9524
2022-08-14 10:30:00,14.5692005
2022-08-15 10:30:00,14.3316
2022-08-16 10:30:00,25.790401
2022-08-17 10:30:00,25.6392
2022-08-18 10:30:00,17.064001
2022-08-19 10:30:00,24.580801
2022-08-20 10:30:00,24.159601
2022-08-21 10:30:00,23.7492
2022-08-22 10:30:00,13.3704
2022-08-23 10:30:00,24.9048
2022-08-24 10:30:00,18.306
2022-08-25 10:30:00,25.1208
2022-08-26 10:30:00,20.0016
2022-08-27 10:30:00,25.2828
2022-08-28 10:30:00,15.8652
2022-08-29 10:30:00,22.0644
2022-08-30 10:30:00,13.1004
2022-08-31 10:30:00,22.6908
2022-09-01 10:30:00,23.284801
2022-09-02 10:30:00,23.004
2022-09-03 10:30:00,22.572
2022-09-04 10:30:00,10.929601
2022-09-05 10:30:00,22.1616
2022-09-06 10:30:00,16.264801
2022-09-07 10:30:00,20.466
2022-09-08 10:30:00,20.1852
2022-09-09 10:30:00,20.8332
2022-09-10 10:30:00,20.055601
2022-09-11 10:30:00,19.2132
2022-09-12 10:30:00,20.4228
2022-09-13 10:30:00,21.5352
2022-09-14 10:30:00,20.5632
2022-09-15 10:30:00,19.8612
2022-09-16 10:30:00,19.4724
2022-09-17 10:30:00,15.1524
2022-09-18 10:30:00,18.846
2022-09-19 10:30:00,20.541601
2022-09-20 10:30:00,19.278
2022-09-21 10:30:00,18.846
2022-09-22 10:30:00,0.45360002
2022-09-23 10:30:00,5.6916003
2022-09-24 10:30:00,18.1656
2022-09-25 10:30:00,17.5716
2022-09-26 10:30:00,11.5668
2022-09-27 10:30:00,17.6688
2022-09-28 10:30:00,16.8048
2022-09-29 10:30:00,15.1308
2022-09-30 10:30:00,3.5640001
2022-10-01 10:30:00,9.590401
2022-10-02 10:30:00,2.2032
2022-10-03 10:30:00,10.5948
2022-10-04 10:30:00,17.204401
2022-10-05 10:30:00,16.156801
2022-10-06 10:30:00,11.1888
2022-10-07 10:30:00,16.254
2022-10-08 10:30:00,3.5208
2022-10-09 10:30:00,10.584001
2022-10-10 10:30:00,15.1308
2022-10-11 10:30:00,14.8392
2022-10-12 10:30:00,14.8176
2022-10-13 10:30:00,14.461201
2022-10-14 10:30:00,12.8844
2022-10-15 10:30:00,11.728801
2022-10-16 10:30:00,13.7916
2022-10-17 10:30:00,14.31
2022-10-18 10:30:00,14.9796
2022-10-19 10:30:00,12.7116
2022-10-20 10:30:00,11.9016
2022-10-21 10:30:00,3.078
2022-10-22 10:30:00,8.3808
2022-10-23 10:30:00,12.1392
2022-10-24 10:30:00,12.1716
2022-10-25 10:30:00,11.0052
2022-10-26 10:30:00,9.0720005
2022-10-27 10:30:00,12.7872
2022-10-28 10:30:00,12.5064
2022-10-29 10:30:00,11.3616
2022-10-30 10:30:00,4.2876
2022-10-31 10:30:00,7.5384
2022-11-01 10:30:00,12.0528
2022-11-02 10:30:00,12.1716
2022-11-03 10:30:00,11.5668
2022-11-04 10:30:00,8.0352
2022-11-05 10:30:00,10.6596
2022-11-06 10:30:00,9.6552
2022-11-07 10:30:00,10.692
2022-11-08 10:30:00,8.704801
2022-11-09 10:30:00,9.18
2022-11-10 10:30:00,8.0460005
2022-11-11 10:30:00,7.0416
2022-11-12 10:30:00,7.8624
2022-11-13 10:30:00,9.0828
2022-11-14 10:30:00,7.9812
2022-11-15 10:30:00,9.234
2022-11-16 10:30:00,7.2144003
2022-11-17 10:30:00,6.5880003
2022-11-18 10:30:00,8.5212
2022-11-19 10:30:00,6.1452003
2022-11-20 10:30:00,9.190801
2022-11-21 10:30:00,8.5104
2022-11-22 10:30:00,6.7824
2022-11-23 10:30:00,6.6312003
2022-11-24 10:30:00,5.1732
2022-11-25 10:30:00,3.7476
2022-11-26 10:30:00,5.3244
2022-11-27 10:30:00,4.4172
2022-11-28 10:30:00,1.7064
2022-11-29 10:30:00,2.2248
2022-11-30 10:30:00,4.8168
2022-12-01 10:30:00,3.4668
2022-12-02 10:30:00,4.0284
2022-12-03 10:30:00,3.5964
2022-12-04 10:30:00,3.348
2022-12-05 10:30:00,3.1536
2022-12-06 10:30:00,2.7108002
2022-12-07 10:30:00,4.6116
2022-12-08 10:30:00,4.0608
2022-12-09 10:30:00,2.6892002
2022-12-10 10:30:00,2.8512
2022-12-11 10:30:00,3.4344
2022-12-12 10:30:00,2.97
2022-12-13 10:30:00,3.078
2022-12-14 10:30:00,3.6504002
2022-12-15 10:30:00,4.968
2022-12-16 10:30:00,2.97
2022-12-17 10:30:00,4.2984
2022-12-18 10:30:00,3.3156002
2022-12-19 10:30:00,4.1472
2022-12-20 10:30:00,3.3372002
2022-12-21 10:30:00,3.1212
2022-12-22 10:30:00,3.6288002
2022-12-23 10:30:00,2.3436
2022-12-24 10:30:00,3.618
2022-12-25 10:30:00,2.9052
2022-12-26 10:30:00,2.6784
2022-12-27 10:30:00,2.8944001
2022-12-28 10:30:00,4.9032
2022-12-29 10:30:00,4.6872
2022-12-30 10:30:00,6.0264
2022-12-31 10:30:00,6.1884003
