time,prec
2012-01-01 10:30:00,0.0
2012-01-02 10:30:00,0.4968
2012-01-03 10:30:00,0.162
2012-01-04 10:30:00,0.0324
2012-01-05 10:30:00,0.0108
2012-01-06 10:30:00,0.0
2012-01-07 10:30:00,0.0
2012-01-08 10:30:00,0.0756
2012-01-09 10:30:00,0.4968
2012-01-10 10:30:00,0.3132
2012-01-11 10:30:00,0.0108
2012-01-12 10:30:00,0.0
2012-01-13 10:30:00,0.0216
2012-01-14 10:30:00,0.0
2012-01-15 10:30:00,0.0
2012-01-16 10:30:00,0.0
2012-01-17 10:30:00,0.0
2012-01-18 10:30:00,0.0
2012-01-19 10:30:00,0.0648
2012-01-20 10:30:00,0.0
2012-01-21 10:30:00,0.0
2012-01-22 10:30:00,0.0
2012-01-23 10:30:00,0.0
2012-01-24 10:30:00,0.0
2012-01-25 10:30:00,0.0
2012-01-26 10:30:00,0.0
2012-01-27 10:30:00,0.0
2012-01-28 10:30:00,0.0
2012-01-29 10:30:00,0.0
2012-01-30 10:30:00,0.0
2012-01-31 10:30:00,0.0324
2012-02-01 10:30:00,0.0216
2012-02-02 10:30:00,0.0
2012-02-03 10:30:00,0.0
2012-02-04 10:30:00,0.0
2012-02-05 10:30:00,0.0432
2012-02-06 10:30:00,0.0
2012-02-07 10:30:00,0.0
2012-02-08 10:30:00,0.0216
2012-02-09 10:30:00,0.053999998
2012-02-10 10:30:00,0.0
2012-02-11 10:30:00,0.0
2012-02-12 10:30:00,0.0324
2012-02-13 10:30:00,0.1188
2012-02-14 10:30:00,0.0
2012-02-15 10:30:00,0.0108
2012-02-16 10:30:00,0.0
2012-02-17 10:30:00,0.0
2012-02-18 10:30:00,0.0216
2012-02-19 10:30:00,0.0108
2012-02-20 10:30:00,0.0
2012-02-21 10:30:00,0.0648
2012-02-22 10:30:00,0.0108
2012-02-23 10:30:00,0.0108
2012-02-24 10:30:00,0.0432
2012-02-25 10:30:00,0.0
2012-02-26 10:30:00,0.0
2012-02-27 10:30:00,0.0
2012-02-28 10:30:00,0.0
2012-02-29 10:30:00,0.0432
2012-03-01 10:30:00,0.0
2012-03-02 10:30:00,0.0108
2012-03-03 10:30:00,0.0432
2012-03-04 10:30:00,0.648
2012-03-05 10:30:00,3.6072001
2012-03-06 10:30:00,0.0756
2012-03-07 10:30:00,0.76680005
2012-03-08 10:30:00,0.0324
2012-03-09 10:30:00,0.37800002
2012-03-10 10:30:00,0.6156
2012-03-11 10:30:00,0.0108
2012-03-12 10:30:00,0.0
2012-03-13 10:30:00,0.0
2012-03-14 10:30:00,0.0
2012-03-15 10:30:00,0.0864
2012-03-16 10:30:00,0.0864
2012-03-17 10:30:00,0.0
2012-03-18 10:30:00,0.0
2012-03-19 10:30:00,0.0
2012-03-20 10:30:00,0.0
2012-03-21 10:30:00,0.0
2012-03-22 10:30:00,0.3348
2012-03-23 10:30:00,4.5036
2012-03-24 10:30:00,0.097200006
2012-03-25 10:30:00,0.0
2012-03-26 10:30:00,0.0648
2012-03-27 10:30:00,0.0
2012-03-28 10:30:00,0.1728
2012-03-29 10:30:00,4.1256
2012-03-30 10:30:00,0.19440001
2012-03-31 10:30:00,0.75600004
2012-04-01 10:30:00,0.0
2012-04-02 10:30:00,0.0216
2012-04-03 10:30:00,0.0432
2012-04-04 10:30:00,0.1728
2012-04-05 10:30:00,0.0756
2012-04-06 10:30:00,0.0
2012-04-07 10:30:00,0.107999995
2012-04-08 10:30:00,1.4472001
2012-04-09 10:30:00,0.0
2012-04-10 10:30:00,0.0108
2012-04-11 10:30:00,0.0216
2012-04-12 10:30:00,0.0108
2012-04-13 10:30:00,0.0
2012-04-14 10:30:00,1.674
2012-04-15 10:30:00,0.0108
2012-04-16 10:30:00,0.0
2012-04-17 10:30:00,0.0
2012-04-18 10:30:00,0.0
2012-04-19 10:30:00,2.8404
2012-04-20 10:30:00,0.0324
2012-04-21 10:30:00,0.2592
2012-04-22 10:30:00,0.0
2012-04-23 10:30:00,0.41039997
2012-04-24 10:30:00,0.0324
2012-04-25 10:30:00,0.0216
2012-04-26 10:30:00,0.0432
2012-04-27 10:30:00,1.9548
2012-04-28 10:30:00,0.162
2012-04-29 10:30:00,0.053999998
2012-04-30 10:30:00,0.0324
2012-05-01 10:30:00,0.0324
2012-05-02 10:30:00,0.1512
2012-05-03 10:30:00,0.0216
2012-05-04 10:30:00,0.053999998
2012-05-05 10:30:00,0.0
2012-05-06 10:30:00,0.0
2012-05-07 10:30:00,0.0
2012-05-08 10:30:00,0.0432
2012-05-09 10:30:00,0.0
2012-05-10 10:30:00,0.0324
2012-05-11 10:30:00,0.3024
2012-05-12 10:30:00,6.8364
2012-05-13 10:30:00,0.1404
2012-05-14 10:30:00,0.0108
2012-05-15 10:30:00,4.5792
2012-05-16 10:30:00,1.6524
2012-05-17 10:30:00,0.0
2012-05-18 10:30:00,0.0
2012-05-19 10:30:00,0.0
2012-05-20 10:30:00,0.0
2012-05-21 10:30:00,0.2916
2012-05-22 10:30:00,0.18360001
2012-05-23 10:30:00,0.0108
2012-05-24 10:30:00,0.0
2012-05-25 10:30:00,0.1188
2012-05-26 10:30:00,0.0432
2012-05-27 10:30:00,0.0216
2012-05-28 10:30:00,0.0
2012-05-29 10:30:00,5.4863997
2012-05-30 10:30:00,2.1383998
2012-05-31 10:30:00,0.0
2012-06-01 10:30:00,4.7412
2012-06-02 10:30:00,16.74
2012-06-03 10:30:00,6.0695996
2012-06-04 10:30:00,1.1664
2012-06-05 10:30:00,0.6048
2012-06-06 10:30:00,6.3828
2012-06-07 10:30:00,1.8576
2012-06-08 10:30:00,8.1756
2012-06-09 10:30:00,0.26999998
2012-06-10 10:30:00,0.3024
2012-06-11 10:30:00,8.6832
2012-06-12 10:30:00,39.3984
2012-06-13 10:30:00,20.4552
2012-06-14 10:30:00,1.8144
2012-06-15 10:30:00,5.5620003
2012-06-16 10:30:00,10.1412
2012-06-17 10:30:00,5.7132
2012-06-18 10:30:00,0.19440001
2012-06-19 10:30:00,0.0432
2012-06-20 10:30:00,0.1728
2012-06-21 10:30:00,0.14039999
2012-06-22 10:30:00,0.0216
2012-06-23 10:30:00,2.5164
2012-06-24 10:30:00,10.7352
2012-06-25 10:30:00,8.4456005
2012-06-26 10:30:00,14.5368
2012-06-27 10:30:00,2.97
2012-06-28 10:30:00,5.9832
2012-06-29 10:30:00,1.998
2012-06-30 10:30:00,0.79919994
2012-07-01 10:30:00,9.266399
2012-07-02 10:30:00,1.9764
2012-07-03 10:30:00,4.4063997
2012-07-04 10:30:00,1.7172
2012-07-05 10:30:00,1.4256
2012-07-06 10:30:00,4.0392
2012-07-07 10:30:00,0.6156
2012-07-08 10:30:00,7.452
2012-07-09 10:30:00,0.0
2012-07-10 10:30:00,39.7764
2012-07-11 10:30:00,6.4692
2012-07-12 10:30:00,1.242
2012-07-13 10:30:00,0.4536
2012-07-14 10:30:00,2.0088
2012-07-15 10:30:00,0.097200006
2012-07-16 10:30:00,0.0
2012-07-17 10:30:00,0.0
2012-07-18 10:30:00,6.8255997
2012-07-19 10:30:00,2.484
2012-07-20 10:30:00,8.9208
2012-07-21 10:30:00,16.7724
2012-07-22 10:30:00,3.4776
2012-07-23 10:30:00,0.0864
2012-07-24 10:30:00,13.2516
2012-07-25 10:30:00,40.3812
2012-07-26 10:30:00,15.400801
2012-07-27 10:30:00,0.0216
2012-07-28 10:30:00,45.878403
2012-07-29 10:30:00,2.2247999
2012-07-30 10:30:00,1.3931999
2012-07-31 10:30:00,0.0
2012-08-01 10:30:00,0.5724
2012-08-02 10:30:00,1.35
2012-08-03 10:30:00,2.8944001
2012-08-04 10:30:00,4.7412
2012-08-05 10:30:00,0.0
2012-08-06 10:30:00,0.0
2012-08-07 10:30:00,2.8512
2012-08-08 10:30:00,1.0907999
2012-08-09 10:30:00,1.7495999
2012-08-10 10:30:00,3.5532
2012-08-11 10:30:00,0.0
2012-08-12 10:30:00,0.162
2012-08-13 10:30:00,0.0
2012-08-14 10:30:00,0.0108
2012-08-15 10:30:00,0.0108
2012-08-16 10:30:00,0.39959997
2012-08-17 10:30:00,7.1928
2012-08-18 10:30:00,2.0196
2012-08-19 10:30:00,0.0
2012-08-20 10:30:00,0.0
2012-08-21 10:30:00,0.0432
2012-08-22 10:30:00,0.0
2012-08-23 10:30:00,0.0324
2012-08-24 10:30:00,0.0432
2012-08-25 10:30:00,0.107999995
2012-08-26 10:30:00,0.0324
2012-08-27 10:30:00,0.2376
2012-08-28 10:30:00,0.0
2012-08-29 10:30:00,0.0
2012-08-30 10:30:00,0.0
2012-08-31 10:30:00,0.107999995
2012-09-01 10:30:00,3.0024
2012-09-02 10:30:00,28.911602
2012-09-03 10:30:00,1.0044
2012-09-04 10:30:00,2.9376001
2012-09-05 10:30:00,0.37800002
2012-09-06 10:30:00,0.097200006
2012-09-07 10:30:00,0.097200006
2012-09-08 10:30:00,0.0
2012-09-09 10:30:00,0.0
2012-09-10 10:30:00,6.4476
2012-09-11 10:30:00,14.1156
2012-09-12 10:30:00,2.4408
2012-09-13 10:30:00,2.2896
2012-09-14 10:30:00,0.0
2012-09-15 10:30:00,0.0
2012-09-16 10:30:00,0.0
2012-09-17 10:30:00,0.3348
2012-09-18 10:30:00,7.5168
2012-09-19 10:30:00,0.43200004
2012-09-20 10:30:00,0.0324
2012-09-21 10:30:00,0.9288
2012-09-22 10:30:00,5.616
2012-09-23 10:30:00,0.097200006
2012-09-24 10:30:00,0.37800002
2012-09-25 10:30:00,6.1668
2012-09-26 10:30:00,0.0
2012-09-27 10:30:00,2.268
2012-09-28 10:30:00,0.0324
2012-09-29 10:30:00,0.0
2012-09-30 10:30:00,0.0
2012-10-01 10:30:00,0.0
2012-10-02 10:30:00,2.8187997
2012-10-03 10:30:00,15.1416
2012-10-04 10:30:00,4.2444
2012-10-05 10:30:00,0.0
2012-10-06 10:30:00,0.0
2012-10-07 10:30:00,0.0
2012-10-08 10:30:00,0.594
2012-10-09 10:30:00,1.6524
2012-10-10 10:30:00,0.053999998
2012-10-11 10:30:00,0.0108
2012-10-12 10:30:00,5.3459997
2012-10-13 10:30:00,0.75600004
2012-10-14 10:30:00,0.0
2012-10-15 10:30:00,1.5444
2012-10-16 10:30:00,11.3508
2012-10-17 10:30:00,0.0216
2012-10-18 10:30:00,0.0324
2012-10-19 10:30:00,0.0
2012-10-20 10:30:00,0.0
2012-10-21 10:30:00,0.0
2012-10-22 10:30:00,0.0
2012-10-23 10:30:00,0.0
2012-10-24 10:30:00,0.14039999
2012-10-25 10:30:00,0.0
2012-10-26 10:30:00,0.0
2012-10-27 10:30:00,0.0
2012-10-28 10:30:00,0.0216
2012-10-29 10:30:00,0.0108
2012-10-30 10:30:00,0.0108
2012-10-31 10:30:00,0.0432
2012-11-01 10:30:00,0.0
2012-11-02 10:30:00,0.0216
2012-11-03 10:30:00,0.21599999
2012-11-04 10:30:00,0.2484
2012-11-05 10:30:00,0.0
2012-11-06 10:30:00,0.0
2012-11-07 10:30:00,0.0
2012-11-08 10:30:00,0.0
2012-11-09 10:30:00,0.0
2012-11-10 10:30:00,0.38880002
2012-11-11 10:30:00,1.5120001
2012-11-12 10:30:00,0.73440003
2012-11-13 10:30:00,0.486
2012-11-14 10:30:00,0.0108
2012-11-15 10:30:00,0.0
2012-11-16 10:30:00,0.1728
2012-11-17 10:30:00,0.1512
2012-11-18 10:30:00,4.3092003
2012-11-19 10:30:00,0.0
2012-11-20 10:30:00,0.0324
2012-11-21 10:30:00,0.0
2012-11-22 10:30:00,0.0
2012-11-23 10:30:00,0.0
2012-11-24 10:30:00,0.0216
2012-11-25 10:30:00,0.053999998
2012-11-26 10:30:00,0.0216
2012-11-27 10:30:00,2.0844
2012-11-28 10:30:00,0.0
2012-11-29 10:30:00,0.0
2012-11-30 10:30:00,0.0
2012-12-01 10:30:00,0.3456
2012-12-02 10:30:00,0.42119998
2012-12-03 10:30:00,0.0108
2012-12-04 10:30:00,0.0
2012-12-05 10:30:00,0.0
2012-12-06 10:30:00,0.0756
2012-12-07 10:30:00,0.0
2012-12-08 10:30:00,0.3024
2012-12-09 10:30:00,0.107999995
2012-12-10 10:30:00,0.0
2012-12-11 10:30:00,0.0
2012-12-12 10:30:00,0.3024
2012-12-13 10:30:00,0.0324
2012-12-14 10:30:00,2.6244001
2012-12-15 10:30:00,2.8944001
2012-12-16 10:30:00,0.0
2012-12-17 10:30:00,0.0
2012-12-18 10:30:00,0.0
2012-12-19 10:30:00,0.0
2012-12-20 10:30:00,0.0
2012-12-21 10:30:00,0.0
2012-12-22 10:30:00,0.0
2012-12-23 10:30:00,0.0
2012-12-24 10:30:00,0.0
2012-12-25 10:30:00,0.0
2012-12-26 10:30:00,0.0
2012-12-27 10:30:00,0.0324
2012-12-28 10:30:00,4.1256
2012-12-29 10:30:00,0.72360003
2012-12-30 10:30:00,0.0
2012-12-31 10:30:00,0.0324
2013-01-01 10:30:00,0.0
2013-01-02 10:30:00,0.0108
2013-01-03 10:30:00,0.0
2013-01-04 10:30:00,0.0
2013-01-05 10:30:00,0.0
2013-01-06 10:30:00,0.0432
2013-01-07 10:30:00,0.0432
2013-01-08 10:30:00,0.0
2013-01-09 10:30:00,0.18360001
2013-01-10 10:30:00,0.0
2013-01-11 10:30:00,0.5292
2013-01-12 10:30:00,0.3456
2013-01-13 10:30:00,0.1512
2013-01-14 10:30:00,0.0108
2013-01-15 10:30:00,0.0432
2013-01-16 10:30:00,0.0
2013-01-17 10:30:00,0.0
2013-01-18 10:30:00,0.0
2013-01-19 10:30:00,0.0
2013-01-20 10:30:00,0.0
2013-01-21 10:30:00,0.0
2013-01-22 10:30:00,0.0
2013-01-23 10:30:00,0.55079997
2013-01-24 10:30:00,0.0
2013-01-25 10:30:00,0.0
2013-01-26 10:30:00,0.0
2013-01-27 10:30:00,0.1296
2013-01-28 10:30:00,0.0432
2013-01-29 10:30:00,0.1188
2013-01-30 10:30:00,0.0
2013-01-31 10:30:00,2.106
2013-02-01 10:30:00,0.0
2013-02-02 10:30:00,0.0
2013-02-03 10:30:00,0.1728
2013-02-04 10:30:00,0.0
2013-02-05 10:30:00,0.107999995
2013-02-06 10:30:00,0.0108
2013-02-07 10:30:00,0.0
2013-02-08 10:30:00,0.0
2013-02-09 10:30:00,0.0
2013-02-10 10:30:00,0.0
2013-02-11 10:30:00,0.0
2013-02-12 10:30:00,0.0
2013-02-13 10:30:00,0.0
2013-02-14 10:30:00,0.0
2013-02-15 10:30:00,0.0
2013-02-16 10:30:00,0.0
2013-02-17 10:30:00,0.0108
2013-02-18 10:30:00,0.0
2013-02-19 10:30:00,0.0
2013-02-20 10:30:00,0.0
2013-02-21 10:30:00,0.0108
2013-02-22 10:30:00,0.0432
2013-02-23 10:30:00,0.0
2013-02-24 10:30:00,0.0
2013-02-25 10:30:00,0.4752
2013-02-26 10:30:00,0.0756
2013-02-27 10:30:00,0.0108
2013-02-28 10:30:00,3.2832003
2013-03-01 10:30:00,0.0
2013-03-02 10:30:00,0.0
2013-03-03 10:30:00,0.0
2013-03-04 10:30:00,0.0
2013-03-05 10:30:00,0.0
2013-03-06 10:30:00,0.0216
2013-03-07 10:30:00,0.0432
2013-03-08 10:30:00,11.4048
2013-03-09 10:30:00,4.6116
2013-03-10 10:30:00,0.0
2013-03-11 10:30:00,0.0
2013-03-12 10:30:00,0.0216
2013-03-13 10:30:00,0.0
2013-03-14 10:30:00,0.0
2013-03-15 10:30:00,0.0216
2013-03-16 10:30:00,0.0
2013-03-17 10:30:00,0.3024
2013-03-18 10:30:00,0.0648
2013-03-19 10:30:00,0.0108
2013-03-20 10:30:00,0.0648
2013-03-21 10:30:00,0.5508
2013-03-22 10:30:00,0.0
2013-03-23 10:30:00,0.0108
2013-03-24 10:30:00,0.0324
2013-03-25 10:30:00,0.0
2013-03-26 10:30:00,0.4536
2013-03-27 10:30:00,0.0108
2013-03-28 10:30:00,0.2268
2013-03-29 10:30:00,0.0432
2013-03-30 10:30:00,0.0324
2013-03-31 10:30:00,0.0
2013-04-01 10:30:00,0.0
2013-04-02 10:30:00,0.0
2013-04-03 10:30:00,0.0216
2013-04-04 10:30:00,0.0108
2013-04-05 10:30:00,0.0864
2013-04-06 10:30:00,0.0
2013-04-07 10:30:00,0.1512
2013-04-08 10:30:00,0.3456
2013-04-09 10:30:00,0.0324
2013-04-10 10:30:00,0.1188
2013-04-11 10:30:00,0.0
2013-04-12 10:30:00,0.2916
2013-04-13 10:30:00,0.2268
2013-04-14 10:30:00,0.0
2013-04-15 10:30:00,0.0108
2013-04-16 10:30:00,0.0
2013-04-17 10:30:00,0.0108
2013-04-18 10:30:00,0.0756
2013-04-19 10:30:00,0.0
2013-04-20 10:30:00,0.0108
2013-04-21 10:30:00,0.0
2013-04-22 10:30:00,0.0864
2013-04-23 10:30:00,0.107999995
2013-04-24 10:30:00,2.2896
2013-04-25 10:30:00,1.4796
2013-04-26 10:30:00,0.0
2013-04-27 10:30:00,0.54
2013-04-28 10:30:00,13.8132
2013-04-29 10:30:00,29.7756
2013-04-30 10:30:00,0.1728
2013-05-01 10:30:00,0.5184
2013-05-02 10:30:00,0.6372
2013-05-03 10:30:00,0.0
2013-05-04 10:30:00,0.0
2013-05-05 10:30:00,0.0
2013-05-06 10:30:00,0.0
2013-05-07 10:30:00,0.0
2013-05-08 10:30:00,2.4732
2013-05-09 10:30:00,0.21599999
2013-05-10 10:30:00,0.3348
2013-05-11 10:30:00,1.2528
2013-05-12 10:30:00,1.026
2013-05-13 10:30:00,14.3964
2013-05-14 10:30:00,10.4004
2013-05-15 10:30:00,0.0
2013-05-16 10:30:00,0.26999998
2013-05-17 10:30:00,1.9980001
2013-05-18 10:30:00,0.0108
2013-05-19 10:30:00,1.782
2013-05-20 10:30:00,2.5812001
2013-05-21 10:30:00,1.1556
2013-05-22 10:30:00,0.0108
2013-05-23 10:30:00,0.0432
2013-05-24 10:30:00,0.0
2013-05-25 10:30:00,0.0108
2013-05-26 10:30:00,0.648
2013-05-27 10:30:00,1.242
2013-05-28 10:30:00,2.0628
2013-05-29 10:30:00,0.19440001
2013-05-30 10:30:00,0.0
2013-05-31 10:30:00,0.0108
2013-06-01 10:30:00,0.7128
2013-06-02 10:30:00,7.5708
2013-06-03 10:30:00,2.0412
2013-06-04 10:30:00,0.0
2013-06-05 10:30:00,0.0
2013-06-06 10:30:00,0.75600004
2013-06-07 10:30:00,10.681201
2013-06-08 10:30:00,28.4904
2013-06-09 10:30:00,2.0844
2013-06-10 10:30:00,0.107999995
2013-06-11 10:30:00,4.0392
2013-06-12 10:30:00,6.4044
2013-06-13 10:30:00,0.5832
2013-06-14 10:30:00,7.6139994
2013-06-15 10:30:00,5.0976
2013-06-16 10:30:00,3.294
2013-06-17 10:30:00,1.9008
2013-06-18 10:30:00,2.214
2013-06-19 10:30:00,8.0136
2013-06-20 10:30:00,2.0736
2013-06-21 10:30:00,1.6524
2013-06-22 10:30:00,0.1296
2013-06-23 10:30:00,1.5768001
2013-06-24 10:30:00,3.5424
2013-06-25 10:30:00,13.748401
2013-06-26 10:30:00,26.7408
2013-06-27 10:30:00,26.675999
2013-06-28 10:30:00,1.5228
2013-06-29 10:30:00,5.7348003
2013-06-30 10:30:00,1.6200001
2013-07-01 10:30:00,2.0952
2013-07-02 10:30:00,3.5532
2013-07-03 10:30:00,1.6200001
2013-07-04 10:30:00,3.0779998
2013-07-05 10:30:00,0.0
2013-07-06 10:30:00,0.42119998
2013-07-07 10:30:00,3.4451997
2013-07-08 10:30:00,5.0652
2013-07-09 10:30:00,5.994
2013-07-10 10:30:00,0.0
2013-07-11 10:30:00,1.0044
2013-07-12 10:30:00,0.0
2013-07-13 10:30:00,0.0756
2013-07-14 10:30:00,0.053999998
2013-07-15 10:30:00,34.063198
2013-07-16 10:30:00,0.6048
2013-07-17 10:30:00,0.52919996
2013-07-18 10:30:00,14.8932
2013-07-19 10:30:00,2.5164
2013-07-20 10:30:00,1.8792
2013-07-21 10:30:00,0.0216
2013-07-22 10:30:00,12.2256
2013-07-23 10:30:00,1.4364
2013-07-24 10:30:00,3.0456
2013-07-25 10:30:00,0.0432
2013-07-26 10:30:00,0.3564
2013-07-27 10:30:00,26.600399
2013-07-28 10:30:00,0.0
2013-07-29 10:30:00,2.1708
2013-07-30 10:30:00,1.944
2013-07-31 10:30:00,7.1172
2013-08-01 10:30:00,19.278
2013-08-02 10:30:00,9.2448
2013-08-03 10:30:00,2.3004
2013-08-04 10:30:00,19.1268
2013-08-05 10:30:00,10.205999
2013-08-06 10:30:00,4.3199997
2013-08-07 10:30:00,4.212
2013-08-08 10:30:00,0.5724
2013-08-09 10:30:00,1.0152
2013-08-10 10:30:00,0.39960003
2013-08-11 10:30:00,7.6356
2013-08-12 10:30:00,3.3912
2013-08-13 10:30:00,0.3024
2013-08-14 10:30:00,0.5508
2013-08-15 10:30:00,1.5983999
2013-08-16 10:30:00,9.7308
2013-08-17 10:30:00,16.8264
2013-08-18 10:30:00,0.37800002
2013-08-19 10:30:00,0.41039997
2013-08-20 10:30:00,2.7756
2013-08-21 10:30:00,11.2104
2013-08-22 10:30:00,1.3068
2013-08-23 10:30:00,0.36720002
2013-08-24 10:30:00,0.0
2013-08-25 10:30:00,0.053999998
2013-08-26 10:30:00,0.0108
2013-08-27 10:30:00,1.4688001
2013-08-28 10:30:00,24.094799
2013-08-29 10:30:00,0.0756
2013-08-30 10:30:00,1.0907999
2013-08-31 10:30:00,0.7128
2013-09-01 10:30:00,2.268
2013-09-02 10:30:00,0.19440001
2013-09-03 10:30:00,0.107999995
2013-09-04 10:30:00,0.1728
2013-09-05 10:30:00,0.2916
2013-09-06 10:30:00,2.4084
2013-09-07 10:30:00,0.0
2013-09-08 10:30:00,0.0
2013-09-09 10:30:00,6.8688
2013-09-10 10:30:00,0.0
2013-09-11 10:30:00,0.053999998
2013-09-12 10:30:00,3.9528
2013-09-13 10:30:00,7.6464
2013-09-14 10:30:00,1.3932
2013-09-15 10:30:00,0.0
2013-09-16 10:30:00,0.0
2013-09-17 10:30:00,0.0216
2013-09-18 10:30:00,13.5432005
2013-09-19 10:30:00,1.4904001
2013-09-20 10:30:00,0.19440001
2013-09-21 10:30:00,0.0
2013-09-22 10:30:00,2.916
2013-09-23 10:30:00,0.28079998
2013-09-24 10:30:00,0.0
2013-09-25 10:30:00,0.0
2013-09-26 10:30:00,0.0
2013-09-27 10:30:00,0.0
2013-09-28 10:30:00,0.0
2013-09-29 10:30:00,0.0108
2013-09-30 10:30:00,1.0152
2013-10-01 10:30:00,0.0
2013-10-02 10:30:00,0.0
2013-10-03 10:30:00,0.0
2013-10-04 10:30:00,0.0
2013-10-05 10:30:00,0.0756
2013-10-06 10:30:00,0.0432
2013-10-07 10:30:00,0.0
2013-10-08 10:30:00,0.0864
2013-10-09 10:30:00,6.1776
2013-10-10 10:30:00,4.8492
2013-10-11 10:30:00,0.75600004
2013-10-12 10:30:00,0.0
2013-10-13 10:30:00,4.3308
2013-10-14 10:30:00,0.0
2013-10-15 10:30:00,0.0
2013-10-16 10:30:00,0.0
2013-10-17 10:30:00,0.0
2013-10-18 10:30:00,0.0
2013-10-19 10:30:00,0.486
2013-10-20 10:30:00,0.0
2013-10-21 10:30:00,0.6804
2013-10-22 10:30:00,12.366
2013-10-23 10:30:00,31.428
2013-10-24 10:30:00,1.5768001
2013-10-25 10:30:00,0.0
2013-10-26 10:30:00,0.0
2013-10-27 10:30:00,0.053999998
2013-10-28 10:30:00,0.2916
2013-10-29 10:30:00,0.0
2013-10-30 10:30:00,0.0
2013-10-31 10:30:00,0.0
2013-11-01 10:30:00,0.0
2013-11-02 10:30:00,0.162
2013-11-03 10:30:00,0.0
2013-11-04 10:30:00,0.0
2013-11-05 10:30:00,0.36720002
2013-11-06 10:30:00,2.6892002
2013-11-07 10:30:00,0.0648
2013-11-08 10:30:00,1.0799999
2013-11-09 10:30:00,0.053999998
2013-11-10 10:30:00,0.20519999
2013-11-11 10:30:00,0.0108
2013-11-12 10:30:00,0.0
2013-11-13 10:30:00,0.107999995
2013-11-14 10:30:00,0.053999998
2013-11-15 10:30:00,0.0216
2013-11-16 10:30:00,0.097200006
2013-11-17 10:30:00,0.0432
2013-11-18 10:30:00,0.0
2013-11-19 10:30:00,0.0
2013-11-20 10:30:00,0.0
2013-11-21 10:30:00,0.0
2013-11-22 10:30:00,0.0
2013-11-23 10:30:00,0.0
2013-11-24 10:30:00,0.0
2013-11-25 10:30:00,0.0
2013-11-26 10:30:00,0.0432
2013-11-27 10:30:00,0.0
2013-11-28 10:30:00,0.0
2013-11-29 10:30:00,0.0
2013-11-30 10:30:00,0.0
2013-12-01 10:30:00,0.0
2013-12-02 10:30:00,0.0
2013-12-03 10:30:00,0.0
2013-12-04 10:30:00,0.0
2013-12-05 10:30:00,0.0
2013-12-06 10:30:00,0.0216
2013-12-07 10:30:00,0.064799994
2013-12-08 10:30:00,0.78840005
2013-12-09 10:30:00,0.0
2013-12-10 10:30:00,0.0432
2013-12-11 10:30:00,0.0756
2013-12-12 10:30:00,0.0216
2013-12-13 10:30:00,0.0324
2013-12-14 10:30:00,0.0432
2013-12-15 10:30:00,0.9288
2013-12-16 10:30:00,0.107999995
2013-12-17 10:30:00,0.27
2013-12-18 10:30:00,0.0648
2013-12-19 10:30:00,0.1296
2013-12-20 10:30:00,0.0
2013-12-21 10:30:00,0.0
2013-12-22 10:30:00,0.0
2013-12-23 10:30:00,0.0
2013-12-24 10:30:00,0.0
2013-12-25 10:30:00,0.76680005
2013-12-26 10:30:00,0.0
2013-12-27 10:30:00,0.0
2013-12-28 10:30:00,0.0108
2013-12-29 10:30:00,0.0
2013-12-30 10:30:00,0.25919998
2013-12-31 10:30:00,0.0756
2014-01-01 10:30:00,0.0
2014-01-02 10:30:00,0.0432
2014-01-03 10:30:00,0.0
2014-01-04 10:30:00,0.0
2014-01-05 10:30:00,0.0
2014-01-06 10:30:00,0.0
2014-01-07 10:30:00,0.0
2014-01-08 10:30:00,0.0
2014-01-09 10:30:00,0.0
2014-01-10 10:30:00,0.0
2014-01-11 10:30:00,0.0108
2014-01-12 10:30:00,0.0
2014-01-13 10:30:00,0.0
2014-01-14 10:30:00,0.0216
2014-01-15 10:30:00,0.0
2014-01-16 10:30:00,0.0432
2014-01-17 10:30:00,0.0
2014-01-18 10:30:00,0.0
2014-01-19 10:30:00,1.3068
2014-01-20 10:30:00,0.0
2014-01-21 10:30:00,0.0432
2014-01-22 10:30:00,0.0
2014-01-23 10:30:00,0.0
2014-01-24 10:30:00,0.0
2014-01-25 10:30:00,0.0
2014-01-26 10:30:00,0.0
2014-01-27 10:30:00,0.0
2014-01-28 10:30:00,0.053999998
2014-01-29 10:30:00,0.19440001
2014-01-30 10:30:00,0.0
2014-01-31 10:30:00,0.0
2014-02-01 10:30:00,0.097200006
2014-02-02 10:30:00,0.0
2014-02-03 10:30:00,0.0
2014-02-04 10:30:00,0.0
2014-02-05 10:30:00,0.0
2014-02-06 10:30:00,0.0
2014-02-07 10:30:00,0.21599999
2014-02-08 10:30:00,0.37799996
2014-02-09 10:30:00,0.0
2014-02-10 10:30:00,0.12959999
2014-02-11 10:30:00,0.0108
2014-02-12 10:30:00,0.0
2014-02-13 10:30:00,0.81000006
2014-02-14 10:30:00,2.2247999
2014-02-15 10:30:00,0.2376
2014-02-16 10:30:00,0.0108
2014-02-17 10:30:00,0.0
2014-02-18 10:30:00,0.053999998
2014-02-19 10:30:00,0.0
2014-02-20 10:30:00,0.0
2014-02-21 10:30:00,0.0
2014-02-22 10:30:00,0.0
2014-02-23 10:30:00,0.0
2014-02-24 10:30:00,0.0
2014-02-25 10:30:00,0.0
2014-02-26 10:30:00,0.20519999
2014-02-27 10:30:00,0.0
2014-02-28 10:30:00,0.0108
2014-03-01 10:30:00,0.0
2014-03-02 10:30:00,0.0216
2014-03-03 10:30:00,0.0216
2014-03-04 10:30:00,0.0108
2014-03-05 10:30:00,0.0216
2014-03-06 10:30:00,0.0
2014-03-07 10:30:00,0.0
2014-03-08 10:30:00,0.0108
2014-03-09 10:30:00,0.0
2014-03-10 10:30:00,0.0648
2014-03-11 10:30:00,0.1512
2014-03-12 10:30:00,0.0432
2014-03-13 10:30:00,0.0
2014-03-14 10:30:00,0.0756
2014-03-15 10:30:00,0.0
2014-03-16 10:30:00,0.0
2014-03-17 10:30:00,0.6912
2014-03-18 10:30:00,0.0
2014-03-19 10:30:00,0.2592
2014-03-20 10:30:00,0.0
2014-03-21 10:30:00,0.0
2014-03-22 10:30:00,0.0
2014-03-23 10:30:00,0.0
2014-03-24 10:30:00,0.0
2014-03-25 10:30:00,0.0
2014-03-26 10:30:00,0.0
2014-03-27 10:30:00,0.6048
2014-03-28 10:30:00,0.0
2014-03-29 10:30:00,0.0
2014-03-30 10:30:00,0.0
2014-03-31 10:30:00,0.1512
2014-04-01 10:30:00,0.55079997
2014-04-02 10:30:00,1.0475999
2014-04-03 10:30:00,0.0108
2014-04-04 10:30:00,0.0108
2014-04-05 10:30:00,0.0
2014-04-06 10:30:00,0.0
2014-04-07 10:30:00,0.0
2014-04-08 10:30:00,0.3564
2014-04-09 10:30:00,0.0648
2014-04-10 10:30:00,0.0
2014-04-11 10:30:00,0.0
2014-04-12 10:30:00,0.0
2014-04-13 10:30:00,0.0
2014-04-14 10:30:00,0.0
2014-04-15 10:30:00,0.0
2014-04-16 10:30:00,0.0
2014-04-17 10:30:00,0.2484
2014-04-18 10:30:00,0.0
2014-04-19 10:30:00,1.7495999
2014-04-20 10:30:00,1.4147999
2014-04-21 10:30:00,0.0108
2014-04-22 10:30:00,0.0324
2014-04-23 10:30:00,0.053999998
2014-04-24 10:30:00,0.0
2014-04-25 10:30:00,0.37800002
2014-04-26 10:30:00,0.19440001
2014-04-27 10:30:00,0.0
2014-04-28 10:30:00,0.0
2014-04-29 10:30:00,0.0
2014-04-30 10:30:00,0.0
2014-05-01 10:30:00,2.4732
2014-05-02 10:30:00,0.2808
2014-05-03 10:30:00,0.79920006
2014-05-04 10:30:00,0.162
2014-05-05 10:30:00,0.0
2014-05-06 10:30:00,0.1188
2014-05-07 10:30:00,0.0216
2014-05-08 10:30:00,0.0
2014-05-09 10:30:00,0.3024
2014-05-10 10:30:00,2.1276
2014-05-11 10:30:00,5.6484
2014-05-12 10:30:00,4.2984
2014-05-13 10:30:00,7.7544
2014-05-14 10:30:00,9.3312
2014-05-15 10:30:00,3.0564
2014-05-16 10:30:00,1.2636
2014-05-17 10:30:00,6.8472
2014-05-18 10:30:00,0.78840005
2014-05-19 10:30:00,5.9616003
2014-05-20 10:30:00,0.5076
2014-05-21 10:30:00,0.21599999
2014-05-22 10:30:00,0.1728
2014-05-23 10:30:00,0.097200006
2014-05-24 10:30:00,3.6611998
2014-05-25 10:30:00,15.6168
2014-05-26 10:30:00,0.918
2014-05-27 10:30:00,3.1752
2014-05-28 10:30:00,0.20519999
2014-05-29 10:30:00,0.0324
2014-05-30 10:30:00,0.0
2014-05-31 10:30:00,0.324
2014-06-01 10:30:00,0.0
2014-06-02 10:30:00,0.0
2014-06-03 10:30:00,0.09719999
2014-06-04 10:30:00,1.4147999
2014-06-05 10:30:00,0.2376
2014-06-06 10:30:00,0.0
2014-06-07 10:30:00,12.3876
2014-06-08 10:30:00,41.364002
2014-06-09 10:30:00,17.0316
2014-06-10 10:30:00,1.998
2014-06-11 10:30:00,3.5747998
2014-06-12 10:30:00,0.87479997
2014-06-13 10:30:00,0.0
2014-06-14 10:30:00,0.18360001
2014-06-15 10:30:00,1.4472001
2014-06-16 10:30:00,2.7
2014-06-17 10:30:00,1.7388
2014-06-18 10:30:00,0.1728
2014-06-19 10:30:00,1.0476
2014-06-20 10:30:00,9.0612
2014-06-21 10:30:00,11.0484
2014-06-22 10:30:00,0.1728
2014-06-23 10:30:00,0.12959999
2014-06-24 10:30:00,6.7068
2014-06-25 10:30:00,14.6556
2014-06-26 10:30:00,4.8168
2014-06-27 10:30:00,0.14039999
2014-06-28 10:30:00,0.0108
2014-06-29 10:30:00,0.053999998
2014-06-30 10:30:00,0.162
2014-07-01 10:30:00,0.8532001
2014-07-02 10:30:00,5.6484
2014-07-03 10:30:00,9.050401
2014-07-04 10:30:00,0.6264
2014-07-05 10:30:00,15.4872
2014-07-06 10:30:00,2.7108
2014-07-07 10:30:00,26.773201
2014-07-08 10:30:00,2.6568
2014-07-09 10:30:00,0.42119998
2014-07-10 10:30:00,2.3976
2014-07-11 10:30:00,4.7952
2014-07-12 10:30:00,2.3436
2014-07-13 10:30:00,1.5228
2014-07-14 10:30:00,0.918
2014-07-15 10:30:00,7.9704003
2014-07-16 10:30:00,13.780799
2014-07-17 10:30:00,0.918
2014-07-18 10:30:00,0.0324
2014-07-19 10:30:00,7.7004004
2014-07-20 10:30:00,21.632399
2014-07-21 10:30:00,0.0864
2014-07-22 10:30:00,2.0736
2014-07-23 10:30:00,1.8144
2014-07-24 10:30:00,0.0
2014-07-25 10:30:00,0.0
2014-07-26 10:30:00,0.0
2014-07-27 10:30:00,0.3564
2014-07-28 10:30:00,1.6847999
2014-07-29 10:30:00,3.7152
2014-07-30 10:30:00,1.5012
2014-07-31 10:30:00,3.8124
2014-08-01 10:30:00,6.6852
2014-08-02 10:30:00,4.2228
2014-08-03 10:30:00,0.28079998
2014-08-04 10:30:00,0.2916
2014-08-05 10:30:00,2.3112
2014-08-06 10:30:00,0.79919994
2014-08-07 10:30:00,0.0108
2014-08-08 10:30:00,0.0216
2014-08-09 10:30:00,8.553599
2014-08-10 10:30:00,8.791201
2014-08-11 10:30:00,0.0432
2014-08-12 10:30:00,1.3392
2014-08-13 10:30:00,10.929601
2014-08-14 10:30:00,27.205198
2014-08-15 10:30:00,1.3392
2014-08-16 10:30:00,6.2423997
2014-08-17 10:30:00,0.3348
2014-08-18 10:30:00,0.1296
2014-08-19 10:30:00,1.404
2014-08-20 10:30:00,4.212
2014-08-21 10:30:00,0.0108
2014-08-22 10:30:00,0.0324
2014-08-23 10:30:00,5.0436
2014-08-24 10:30:00,14.0616
2014-08-25 10:30:00,14.5476
2014-08-26 10:30:00,4.9032
2014-08-27 10:30:00,0.0756
2014-08-28 10:30:00,0.4428
2014-08-29 10:30:00,0.14039999
2014-08-30 10:30:00,0.19440001
2014-08-31 10:30:00,7.9704
2014-09-01 10:30:00,6.21
2014-09-02 10:30:00,7.5492
2014-09-03 10:30:00,1.026
2014-09-04 10:30:00,0.5832
2014-09-05 10:30:00,0.0
2014-09-06 10:30:00,0.0
2014-09-07 10:30:00,7.7111998
2014-09-08 10:30:00,0.3348
2014-09-09 10:30:00,0.0216
2014-09-10 10:30:00,0.0
2014-09-11 10:30:00,0.0
2014-09-12 10:30:00,0.0108
2014-09-13 10:30:00,7.0848
2014-09-14 10:30:00,0.0108
2014-09-15 10:30:00,0.0
2014-09-16 10:30:00,0.0
2014-09-17 10:30:00,0.0
2014-09-18 10:30:00,0.053999998
2014-09-19 10:30:00,2.6244001
2014-09-20 10:30:00,0.74520004
2014-09-21 10:30:00,0.064799994
2014-09-22 10:30:00,3.6611998
2014-09-23 10:30:00,0.0
2014-09-24 10:30:00,0.0
2014-09-25 10:30:00,0.702
2014-09-26 10:30:00,21.7188
2014-09-27 10:30:00,0.1296
2014-09-28 10:30:00,0.486
2014-09-29 10:30:00,0.053999998
2014-09-30 10:30:00,0.0324
2014-10-01 10:30:00,0.0
2014-10-02 10:30:00,0.0
2014-10-03 10:30:00,0.0
2014-10-04 10:30:00,0.0864
2014-10-05 10:30:00,0.0
2014-10-06 10:30:00,0.6804
2014-10-07 10:30:00,1.3176
2014-10-08 10:30:00,4.7952
2014-10-09 10:30:00,0.53999996
2014-10-10 10:30:00,0.8532001
2014-10-11 10:30:00,0.54
2014-10-12 10:30:00,0.0
2014-10-13 10:30:00,0.0
2014-10-14 10:30:00,0.0
2014-10-15 10:30:00,0.053999998
2014-10-16 10:30:00,0.0
2014-10-17 10:30:00,0.0
2014-10-18 10:30:00,0.0
2014-10-19 10:30:00,0.0
2014-10-20 10:30:00,0.0
2014-10-21 10:30:00,0.0
2014-10-22 10:30:00,0.0
2014-10-23 10:30:00,0.18360001
2014-10-24 10:30:00,0.4536
2014-10-25 10:30:00,0.5724
2014-10-26 10:30:00,0.0
2014-10-27 10:30:00,0.0
2014-10-28 10:30:00,0.0
2014-10-29 10:30:00,1.3608
2014-10-30 10:30:00,0.1512
2014-10-31 10:30:00,5.4
2014-11-01 10:30:00,0.0
2014-11-02 10:30:00,0.0216
2014-11-03 10:30:00,0.0
2014-11-04 10:30:00,0.0
2014-11-05 10:30:00,0.0
2014-11-06 10:30:00,0.0
2014-11-07 10:30:00,0.0
2014-11-08 10:30:00,0.0
2014-11-09 10:30:00,0.0
2014-11-10 10:30:00,0.0108
2014-11-11 10:30:00,0.097200006
2014-11-12 10:30:00,0.0
2014-11-13 10:30:00,0.0108
2014-11-14 10:30:00,0.0
2014-11-15 10:30:00,0.0
2014-11-16 10:30:00,0.0
2014-11-17 10:30:00,0.0
2014-11-18 10:30:00,0.0
2014-11-19 10:30:00,0.0
2014-11-20 10:30:00,0.9288
2014-11-21 10:30:00,0.0648
2014-11-22 10:30:00,0.0
2014-11-23 10:30:00,0.0
2014-11-24 10:30:00,0.0
2014-11-25 10:30:00,0.0
2014-11-26 10:30:00,0.0324
2014-11-27 10:30:00,0.0
2014-11-28 10:30:00,0.0
2014-11-29 10:30:00,0.0
2014-11-30 10:30:00,0.0108
2014-12-01 10:30:00,0.0
2014-12-02 10:30:00,0.0216
2014-12-03 10:30:00,0.0216
2014-12-04 10:30:00,0.0
2014-12-05 10:30:00,0.0756
2014-12-06 10:30:00,0.0
2014-12-07 10:30:00,0.0
2014-12-08 10:30:00,0.0108
2014-12-09 10:30:00,2.1815999
2014-12-10 10:30:00,3.9744
2014-12-11 10:30:00,0.0
2014-12-12 10:30:00,0.0
2014-12-13 10:30:00,0.0
2014-12-14 10:30:00,0.0108
2014-12-15 10:30:00,0.0216
2014-12-16 10:30:00,0.0
2014-12-17 10:30:00,0.0
2014-12-18 10:30:00,0.1296
2014-12-19 10:30:00,0.0108
2014-12-20 10:30:00,0.0
2014-12-21 10:30:00,0.0
2014-12-22 10:30:00,0.0216
2014-12-23 10:30:00,0.0
2014-12-24 10:30:00,0.0108
2014-12-25 10:30:00,0.0
2014-12-26 10:30:00,0.0
2014-12-27 10:30:00,0.0108
2014-12-28 10:30:00,0.0
2014-12-29 10:30:00,0.053999998
2014-12-30 10:30:00,0.0648
2014-12-31 10:30:00,0.0
2015-01-01 10:30:00,0.0324
2015-01-02 10:30:00,0.0
2015-01-03 10:30:00,0.0
2015-01-04 10:30:00,0.0108
2015-01-05 10:30:00,0.0
2015-01-06 10:30:00,0.0
2015-01-07 10:30:00,0.0
2015-01-08 10:30:00,0.0324
2015-01-09 10:30:00,0.5724
2015-01-10 10:30:00,0.3132
2015-01-11 10:30:00,0.0
2015-01-12 10:30:00,0.0
2015-01-13 10:30:00,0.0
2015-01-14 10:30:00,0.0
2015-01-15 10:30:00,0.14039999
2015-01-16 10:30:00,0.0216
2015-01-17 10:30:00,0.0
2015-01-18 10:30:00,0.5292
2015-01-19 10:30:00,0.0
2015-01-20 10:30:00,0.0
2015-01-21 10:30:00,0.0
2015-01-22 10:30:00,0.0
2015-01-23 10:30:00,0.0
2015-01-24 10:30:00,0.0
2015-01-25 10:30:00,0.0432
2015-01-26 10:30:00,0.0216
2015-01-27 10:30:00,0.0
2015-01-28 10:30:00,0.053999998
2015-01-29 10:30:00,0.0
2015-01-30 10:30:00,0.0
2015-01-31 10:30:00,0.0
2015-02-01 10:30:00,0.0
2015-02-02 10:30:00,0.0108
2015-02-03 10:30:00,0.053999998
2015-02-04 10:30:00,0.0
2015-02-05 10:30:00,0.0
2015-02-06 10:30:00,0.0
2015-02-07 10:30:00,0.0
2015-02-08 10:30:00,0.0
2015-02-09 10:30:00,0.0
2015-02-10 10:30:00,0.0
2015-02-11 10:30:00,0.0108
2015-02-12 10:30:00,0.0
2015-02-13 10:30:00,0.0
2015-02-14 10:30:00,0.0
2015-02-15 10:30:00,0.0864
2015-02-16 10:30:00,0.0216
2015-02-17 10:30:00,0.0
2015-02-18 10:30:00,0.0
2015-02-19 10:30:00,0.0
2015-02-20 10:30:00,0.9936
2015-02-21 10:30:00,2.9052
2015-02-22 10:30:00,0.1512
2015-02-23 10:30:00,0.0
2015-02-24 10:30:00,0.0
2015-02-25 10:30:00,0.053999998
2015-02-26 10:30:00,0.0864
2015-02-27 10:30:00,0.0108
2015-02-28 10:30:00,0.0756
2015-03-01 10:30:00,0.0108
2015-03-02 10:30:00,0.0324
2015-03-03 10:30:00,0.0
2015-03-04 10:30:00,0.0108
2015-03-05 10:30:00,0.0
2015-03-06 10:30:00,0.0324
2015-03-07 10:30:00,0.18360001
2015-03-08 10:30:00,0.0324
2015-03-09 10:30:00,0.0
2015-03-10 10:30:00,0.0
2015-03-11 10:30:00,0.0
2015-03-12 10:30:00,0.1512
2015-03-13 10:30:00,0.0
2015-03-14 10:30:00,0.0432
2015-03-15 10:30:00,0.14039999
2015-03-16 10:30:00,0.0108
2015-03-17 10:30:00,0.0
2015-03-18 10:30:00,0.1512
2015-03-19 10:30:00,0.0
2015-03-20 10:30:00,0.0
2015-03-21 10:30:00,0.0756
2015-03-22 10:30:00,0.0
2015-03-23 10:30:00,0.0
2015-03-24 10:30:00,0.0
2015-03-25 10:30:00,0.0
2015-03-26 10:30:00,0.0
2015-03-27 10:30:00,0.162
2015-03-28 10:30:00,0.28079998
2015-03-29 10:30:00,0.0
2015-03-30 10:30:00,0.2484
2015-03-31 10:30:00,0.0
2015-04-01 10:30:00,0.0
2015-04-02 10:30:00,0.3024
2015-04-03 10:30:00,1.0152
2015-04-04 10:30:00,10.994399
2015-04-05 10:30:00,0.18360001
2015-04-06 10:30:00,0.107999995
2015-04-07 10:30:00,0.0432
2015-04-08 10:30:00,0.0756
2015-04-09 10:30:00,0.0432
2015-04-10 10:30:00,0.38880002
2015-04-11 10:30:00,0.0
2015-04-12 10:30:00,0.0
2015-04-13 10:30:00,0.0
2015-04-14 10:30:00,0.0
2015-04-15 10:30:00,0.1296
2015-04-16 10:30:00,0.0
2015-04-17 10:30:00,0.0
2015-04-18 10:30:00,0.0
2015-04-19 10:30:00,0.0
2015-04-20 10:30:00,0.0
2015-04-21 10:30:00,0.0216
2015-04-22 10:30:00,0.0432
2015-04-23 10:30:00,0.064799994
2015-04-24 10:30:00,0.0
2015-04-25 10:30:00,0.0
2015-04-26 10:30:00,0.0
2015-04-27 10:30:00,0.0324
2015-04-28 10:30:00,0.0
2015-04-29 10:30:00,0.0
2015-04-30 10:30:00,0.6264
2015-05-01 10:30:00,0.83160007
2015-05-02 10:30:00,0.6696
2015-05-03 10:30:00,0.20519999
2015-05-04 10:30:00,0.0
2015-05-05 10:30:00,3.1211998
2015-05-06 10:30:00,1.2096
2015-05-07 10:30:00,5.0868
2015-05-08 10:30:00,0.2268
2015-05-09 10:30:00,0.0
2015-05-10 10:30:00,0.53999996
2015-05-11 10:30:00,3.726
2015-05-12 10:30:00,2.6460001
2015-05-13 10:30:00,2.9915998
2015-05-14 10:30:00,0.0
2015-05-15 10:30:00,0.1188
2015-05-16 10:30:00,0.21599999
2015-05-17 10:30:00,0.3132
2015-05-18 10:30:00,21.621601
2015-05-19 10:30:00,3.9204
2015-05-20 10:30:00,0.0
2015-05-21 10:30:00,0.0
2015-05-22 10:30:00,0.0
2015-05-23 10:30:00,0.0
2015-05-24 10:30:00,0.2268
2015-05-25 10:30:00,0.4536
2015-05-26 10:30:00,1.1231999
2015-05-27 10:30:00,9.8928
2015-05-28 10:30:00,2.4192
2015-05-29 10:30:00,0.38880002
2015-05-30 10:30:00,0.4752
2015-05-31 10:30:00,0.5508
2015-06-01 10:30:00,0.0648
2015-06-02 10:30:00,2.1384
2015-06-03 10:30:00,0.0
2015-06-04 10:30:00,0.4644
2015-06-05 10:30:00,10.2492
2015-06-06 10:30:00,0.14039999
2015-06-07 10:30:00,0.0
2015-06-08 10:30:00,0.74520004
2015-06-09 10:30:00,0.54
2015-06-10 10:30:00,18.0468
2015-06-11 10:30:00,35.6292
2015-06-12 10:30:00,9.104401
2015-06-13 10:30:00,1.674
2015-06-14 10:30:00,0.0
2015-06-15 10:30:00,0.0
2015-06-16 10:30:00,19.7748
2015-06-17 10:30:00,22.8312
2015-06-18 10:30:00,22.7664
2015-06-19 10:30:00,1.3932
2015-06-20 10:30:00,0.43199998
2015-06-21 10:30:00,0.0
2015-06-22 10:30:00,0.43199998
2015-06-23 10:30:00,2.2896
2015-06-24 10:30:00,10.3356
2015-06-25 10:30:00,0.3456
2015-06-26 10:30:00,0.0
2015-06-27 10:30:00,0.7128
2015-06-28 10:30:00,1.242
2015-06-29 10:30:00,0.0
2015-06-30 10:30:00,12.852
2015-07-01 10:30:00,11.8476
2015-07-02 10:30:00,10.1304
2015-07-03 10:30:00,0.18360001
2015-07-04 10:30:00,0.0
2015-07-05 10:30:00,3.6504002
2015-07-06 10:30:00,0.0
2015-07-07 10:30:00,0.0216
2015-07-08 10:30:00,0.1188
2015-07-09 10:30:00,0.053999998
2015-07-10 10:30:00,0.4968
2015-07-11 10:30:00,2.0628
2015-07-12 10:30:00,0.3456
2015-07-13 10:30:00,0.39960003
2015-07-14 10:30:00,11.016
2015-07-15 10:30:00,12.3768
2015-07-16 10:30:00,0.324
2015-07-17 10:30:00,0.6588
2015-07-18 10:30:00,8.553599
2015-07-19 10:30:00,5.724
2015-07-20 10:30:00,2.3328
2015-07-21 10:30:00,4.2984
2015-07-22 10:30:00,0.107999995
2015-07-23 10:30:00,3.4560003
2015-07-24 10:30:00,0.0
2015-07-25 10:30:00,26.784
2015-07-26 10:30:00,1.7820001
2015-07-27 10:30:00,0.0108
2015-07-28 10:30:00,0.0
2015-07-29 10:30:00,0.0
2015-07-30 10:30:00,0.0
2015-07-31 10:30:00,0.0
2015-08-01 10:30:00,4.5468
2015-08-02 10:30:00,14.0832
2015-08-03 10:30:00,0.3456
2015-08-04 10:30:00,0.0
2015-08-05 10:30:00,0.0
2015-08-06 10:30:00,4.5144
2015-08-07 10:30:00,2.6352
2015-08-08 10:30:00,2.8944001
2015-08-09 10:30:00,2.4948
2015-08-10 10:30:00,0.0216
2015-08-11 10:30:00,0.053999998
2015-08-12 10:30:00,0.0
2015-08-13 10:30:00,0.0
2015-08-14 10:30:00,8.9208
2015-08-15 10:30:00,16.5456
2015-08-16 10:30:00,7.8408
2015-08-17 10:30:00,7.452
2015-08-18 10:30:00,3.0672002
2015-08-19 10:30:00,9.99
2015-08-20 10:30:00,17.625599
2015-08-21 10:30:00,2.2031999
2015-08-22 10:30:00,0.6912
2015-08-23 10:30:00,2.268
2015-08-24 10:30:00,5.0004
2015-08-25 10:30:00,3.51
2015-08-26 10:30:00,0.1404
2015-08-27 10:30:00,0.1728
2015-08-28 10:30:00,2.322
2015-08-29 10:30:00,1.1988
2015-08-30 10:30:00,3.9096
2015-08-31 10:30:00,9.1152
2015-09-01 10:30:00,0.6804
2015-09-02 10:30:00,0.39959997
2015-09-03 10:30:00,1.0368
2015-09-04 10:30:00,0.0
2015-09-05 10:30:00,0.0
2015-09-06 10:30:00,4.1256
2015-09-07 10:30:00,4.0716
2015-09-08 10:30:00,5.7024
2015-09-09 10:30:00,0.0216
2015-09-10 10:30:00,0.0
2015-09-11 10:30:00,0.0648
2015-09-12 10:30:00,0.053999998
2015-09-13 10:30:00,0.0
2015-09-14 10:30:00,0.0
2015-09-15 10:30:00,0.0
2015-09-16 10:30:00,0.0324
2015-09-17 10:30:00,10.746
2015-09-18 10:30:00,5.0004
2015-09-19 10:30:00,0.26999998
2015-09-20 10:30:00,0.2268
2015-09-21 10:30:00,5.3136
2015-09-22 10:30:00,19.2456
2015-09-23 10:30:00,0.20519999
2015-09-24 10:30:00,3.1968002
2015-09-25 10:30:00,1.0908
2015-09-26 10:30:00,0.1728
2015-09-27 10:30:00,0.053999998
2015-09-28 10:30:00,0.0
2015-09-29 10:30:00,0.0
2015-09-30 10:30:00,1.5767999
2015-10-01 10:30:00,0.50759995
2015-10-02 10:30:00,0.0864
2015-10-03 10:30:00,0.0
2015-10-04 10:30:00,0.0
2015-10-05 10:30:00,0.0
2015-10-06 10:30:00,0.0
2015-10-07 10:30:00,0.053999998
2015-10-08 10:30:00,0.0
2015-10-09 10:30:00,0.82079995
2015-10-10 10:30:00,8.8776
2015-10-11 10:30:00,0.0324
2015-10-12 10:30:00,0.0
2015-10-13 10:30:00,0.0
2015-10-14 10:30:00,0.0
2015-10-15 10:30:00,0.0
2015-10-16 10:30:00,0.0108
2015-10-17 10:30:00,0.0108
2015-10-18 10:30:00,0.1728
2015-10-19 10:30:00,0.097200006
2015-10-20 10:30:00,0.0
2015-10-21 10:30:00,0.0
2015-10-22 10:30:00,0.0
2015-10-23 10:30:00,0.0
2015-10-24 10:30:00,0.0
2015-10-25 10:30:00,0.0
2015-10-26 10:30:00,0.486
2015-10-27 10:30:00,0.0
2015-10-28 10:30:00,0.0
2015-10-29 10:30:00,0.0
2015-10-30 10:30:00,0.0
2015-10-31 10:30:00,0.0
2015-11-01 10:30:00,0.0
2015-11-02 10:30:00,0.0
2015-11-03 10:30:00,0.0
2015-11-04 10:30:00,0.0
2015-11-05 10:30:00,0.0
2015-11-06 10:30:00,0.0
2015-11-07 10:30:00,0.0
2015-11-08 10:30:00,0.053999998
2015-11-09 10:30:00,0.0
2015-11-10 10:30:00,0.0
2015-11-11 10:30:00,0.0
2015-11-12 10:30:00,0.0
2015-11-13 10:30:00,0.0
2015-11-14 10:30:00,0.0216
2015-11-15 10:30:00,0.0
2015-11-16 10:30:00,3.0888
2015-11-17 10:30:00,0.0
2015-11-18 10:30:00,0.8424001
2015-11-19 10:30:00,0.0
2015-11-20 10:30:00,0.0108
2015-11-21 10:30:00,0.0
2015-11-22 10:30:00,0.0
2015-11-23 10:30:00,0.0
2015-11-24 10:30:00,0.0
2015-11-25 10:30:00,0.0
2015-11-26 10:30:00,0.0108
2015-11-27 10:30:00,0.0108
2015-11-28 10:30:00,0.0216
2015-11-29 10:30:00,0.0
2015-11-30 10:30:00,0.0108
2015-12-01 10:30:00,4.3416
2015-12-02 10:30:00,1.998
2015-12-03 10:30:00,0.0324
2015-12-04 10:30:00,0.0
2015-12-05 10:30:00,0.0
2015-12-06 10:30:00,0.0
2015-12-07 10:30:00,0.0
2015-12-08 10:30:00,0.0
2015-12-09 10:30:00,0.2376
2015-12-10 10:30:00,0.0
2015-12-11 10:30:00,0.0
2015-12-12 10:30:00,0.0
2015-12-13 10:30:00,0.162
2015-12-14 10:30:00,3.0240002
2015-12-15 10:30:00,0.0
2015-12-16 10:30:00,0.0
2015-12-17 10:30:00,0.0108
2015-12-18 10:30:00,0.0
2015-12-19 10:30:00,0.0
2015-12-20 10:30:00,0.1296
2015-12-21 10:30:00,0.0108
2015-12-22 10:30:00,0.0
2015-12-23 10:30:00,0.0
2015-12-24 10:30:00,0.0
2015-12-25 10:30:00,0.0108
2015-12-26 10:30:00,0.0
2015-12-27 10:30:00,0.0
2015-12-28 10:30:00,0.0
2015-12-29 10:30:00,0.0
2015-12-30 10:30:00,0.0
2015-12-31 10:30:00,0.0
2016-01-01 10:30:00,0.0108
2016-01-02 10:30:00,0.0
2016-01-03 10:30:00,0.0
2016-01-04 10:30:00,0.0
2016-01-05 10:30:00,0.0
2016-01-06 10:30:00,0.0
2016-01-07 10:30:00,0.0
2016-01-08 10:30:00,0.0
2016-01-09 10:30:00,0.0
2016-01-10 10:30:00,0.0
2016-01-11 10:30:00,0.0
2016-01-12 10:30:00,0.0
2016-01-13 10:30:00,0.0
2016-01-14 10:30:00,0.1188
2016-01-15 10:30:00,0.41039997
2016-01-16 10:30:00,0.053999998
2016-01-17 10:30:00,0.0
2016-01-18 10:30:00,0.0
2016-01-19 10:30:00,0.0
2016-01-20 10:30:00,0.0
2016-01-21 10:30:00,0.0
2016-01-22 10:30:00,0.0
2016-01-23 10:30:00,0.0
2016-01-24 10:30:00,0.0216
2016-01-25 10:30:00,0.0
2016-01-26 10:30:00,0.0
2016-01-27 10:30:00,0.0
2016-01-28 10:30:00,0.0
2016-01-29 10:30:00,0.0
2016-01-30 10:30:00,0.0432
2016-01-31 10:30:00,0.0
2016-02-01 10:30:00,0.0
2016-02-02 10:30:00,0.0
2016-02-03 10:30:00,0.0
2016-02-04 10:30:00,0.0
2016-02-05 10:30:00,0.0
2016-02-06 10:30:00,0.0
2016-02-07 10:30:00,0.053999998
2016-02-08 10:30:00,0.0432
2016-02-09 10:30:00,0.0
2016-02-10 10:30:00,0.0108
2016-02-11 10:30:00,0.0
2016-02-12 10:30:00,0.0108
2016-02-13 10:30:00,0.0
2016-02-14 10:30:00,0.0
2016-02-15 10:30:00,0.0108
2016-02-16 10:30:00,0.0
2016-02-17 10:30:00,0.0
2016-02-18 10:30:00,0.097200006
2016-02-19 10:30:00,0.107999995
2016-02-20 10:30:00,0.12959999
2016-02-21 10:30:00,0.0108
2016-02-22 10:30:00,0.0
2016-02-23 10:30:00,0.0
2016-02-24 10:30:00,0.0
2016-02-25 10:30:00,0.0
2016-02-26 10:30:00,0.053999998
2016-02-27 10:30:00,0.0864
2016-02-28 10:30:00,0.0864
2016-02-29 10:30:00,0.0648
2016-03-01 10:30:00,0.0216
2016-03-02 10:30:00,1.7712
2016-03-03 10:30:00,0.0432
2016-03-04 10:30:00,3.6828
2016-03-05 10:30:00,0.053999998
2016-03-06 10:30:00,0.0108
2016-03-07 10:30:00,0.0
2016-03-08 10:30:00,0.0
2016-03-09 10:30:00,0.0
2016-03-10 10:30:00,0.0
2016-03-11 10:30:00,0.0
2016-03-12 10:30:00,0.0
2016-03-13 10:30:00,0.0
2016-03-14 10:30:00,0.0
2016-03-15 10:30:00,0.0
2016-03-16 10:30:00,0.0
2016-03-17 10:30:00,0.10800001
2016-03-18 10:30:00,0.0
2016-03-19 10:30:00,0.0
2016-03-20 10:30:00,0.0216
2016-03-21 10:30:00,0.6588
2016-03-22 10:30:00,0.0
2016-03-23 10:30:00,0.0
2016-03-24 10:30:00,0.0
2016-03-25 10:30:00,0.0
2016-03-26 10:30:00,0.0
2016-03-27 10:30:00,0.0
2016-03-28 10:30:00,0.0
2016-03-29 10:30:00,0.0324
2016-03-30 10:30:00,0.0
2016-03-31 10:30:00,0.3348
2016-04-01 10:30:00,0.36720002
2016-04-02 10:30:00,0.0
2016-04-03 10:30:00,0.0
2016-04-04 10:30:00,0.0324
2016-04-05 10:30:00,0.0
2016-04-06 10:30:00,0.27
2016-04-07 10:30:00,0.0
2016-04-08 10:30:00,0.10800001
2016-04-09 10:30:00,0.0
2016-04-10 10:30:00,0.0
2016-04-11 10:30:00,0.0864
2016-04-12 10:30:00,0.18360001
2016-04-13 10:30:00,3.8339999
2016-04-14 10:30:00,0.26999998
2016-04-15 10:30:00,1.2312
2016-04-16 10:30:00,1.674
2016-04-17 10:30:00,0.0
2016-04-18 10:30:00,0.0324
2016-04-19 10:30:00,0.0216
2016-04-20 10:30:00,0.0432
2016-04-21 10:30:00,0.39960003
2016-04-22 10:30:00,0.78840005
2016-04-23 10:30:00,0.0
2016-04-24 10:30:00,0.594
2016-04-25 10:30:00,0.18360001
2016-04-26 10:30:00,0.2592
2016-04-27 10:30:00,0.55079997
2016-04-28 10:30:00,0.0
2016-04-29 10:30:00,0.5076
2016-04-30 10:30:00,0.8532001
2016-05-01 10:30:00,0.28079998
2016-05-02 10:30:00,0.2592
2016-05-03 10:30:00,0.0
2016-05-04 10:30:00,0.0
2016-05-05 10:30:00,10.1952
2016-05-06 10:30:00,2.8727999
2016-05-07 10:30:00,0.0
2016-05-08 10:30:00,0.1512
2016-05-09 10:30:00,0.0
2016-05-10 10:30:00,0.19439998
2016-05-11 10:30:00,11.178
2016-05-12 10:30:00,5.9832
2016-05-13 10:30:00,0.0
2016-05-14 10:30:00,0.36719996
2016-05-15 10:30:00,0.097200006
2016-05-16 10:30:00,0.0
2016-05-17 10:30:00,0.0
2016-05-18 10:30:00,0.0
2016-05-19 10:30:00,0.0
2016-05-20 10:30:00,0.0
2016-05-21 10:30:00,0.0
2016-05-22 10:30:00,0.3348
2016-05-23 10:30:00,5.076
2016-05-24 10:30:00,2.4624
2016-05-25 10:30:00,0.1728
2016-05-26 10:30:00,0.0
2016-05-27 10:30:00,0.0864
2016-05-28 10:30:00,0.0
2016-05-29 10:30:00,0.2484
2016-05-30 10:30:00,0.81000006
2016-05-31 10:30:00,0.0
2016-06-01 10:30:00,0.2916
2016-06-02 10:30:00,0.19440001
2016-06-03 10:30:00,0.0216
2016-06-04 10:30:00,0.0
2016-06-05 10:30:00,0.097200006
2016-06-06 10:30:00,0.1296
2016-06-07 10:30:00,1.4688001
2016-06-08 10:30:00,0.1728
2016-06-09 10:30:00,14.137199
2016-06-10 10:30:00,3.6072001
2016-06-11 10:30:00,2.592
2016-06-12 10:30:00,0.2592
2016-06-13 10:30:00,2.7324002
2016-06-14 10:30:00,0.12959999
2016-06-15 10:30:00,24.310802
2016-06-16 10:30:00,16.146
2016-06-17 10:30:00,20.4984
2016-06-18 10:30:00,0.76680005
2016-06-19 10:30:00,0.2268
2016-06-20 10:30:00,7.1064
2016-06-21 10:30:00,0.2808
2016-06-22 10:30:00,13.5432005
2016-06-23 10:30:00,1.0259999
2016-06-24 10:30:00,1.1448
2016-06-25 10:30:00,0.162
2016-06-26 10:30:00,0.0108
2016-06-27 10:30:00,4.2228003
2016-06-28 10:30:00,10.2168
2016-06-29 10:30:00,7.6356
2016-06-30 10:30:00,1.6956
2016-07-01 10:30:00,0.0
2016-07-02 10:30:00,0.3348
2016-07-03 10:30:00,0.21599999
2016-07-04 10:30:00,0.064799994
2016-07-05 10:30:00,0.0
2016-07-06 10:30:00,0.72360003
2016-07-07 10:30:00,1.2744
2016-07-08 10:30:00,1.2096
2016-07-09 10:30:00,0.1404
2016-07-10 10:30:00,0.0
2016-07-11 10:30:00,2.2572
2016-07-12 10:30:00,1.5984001
2016-07-13 10:30:00,0.0
2016-07-14 10:30:00,0.0
2016-07-15 10:30:00,0.107999995
2016-07-16 10:30:00,0.0
2016-07-17 10:30:00,0.0
2016-07-18 10:30:00,0.1728
2016-07-19 10:30:00,0.324
2016-07-20 10:30:00,5.886
2016-07-21 10:30:00,0.0108
2016-07-22 10:30:00,31.7736
2016-07-23 10:30:00,28.4472
2016-07-24 10:30:00,0.0432
2016-07-25 10:30:00,0.0432
2016-07-26 10:30:00,0.10800001
2016-07-27 10:30:00,0.0
2016-07-28 10:30:00,0.0324
2016-07-29 10:30:00,0.0
2016-07-30 10:30:00,0.0
2016-07-31 10:30:00,0.0
2016-08-01 10:30:00,0.0432
2016-08-02 10:30:00,0.0
2016-08-03 10:30:00,0.0
2016-08-04 10:30:00,0.0324
2016-08-05 10:30:00,1.3284
2016-08-06 10:30:00,6.372
2016-08-07 10:30:00,0.0
2016-08-08 10:30:00,0.0216
2016-08-09 10:30:00,0.6264
2016-08-10 10:30:00,0.0108
2016-08-11 10:30:00,0.1728
2016-08-12 10:30:00,0.0
2016-08-13 10:30:00,0.0
2016-08-14 10:30:00,0.0
2016-08-15 10:30:00,0.107999995
2016-08-16 10:30:00,1.5444
2016-08-17 10:30:00,0.4752
2016-08-18 10:30:00,0.107999995
2016-08-19 10:30:00,0.53999996
2016-08-20 10:30:00,8.8236
2016-08-21 10:30:00,0.162
2016-08-22 10:30:00,0.1296
2016-08-23 10:30:00,1.4363999
2016-08-24 10:30:00,0.0216
2016-08-25 10:30:00,0.0
2016-08-26 10:30:00,0.0
2016-08-27 10:30:00,0.0108
2016-08-28 10:30:00,0.0
2016-08-29 10:30:00,0.0
2016-08-30 10:30:00,2.0412
2016-08-31 10:30:00,11.339999
2016-09-01 10:30:00,12.3984
2016-09-02 10:30:00,4.2335997
2016-09-03 10:30:00,5.1732
2016-09-04 10:30:00,23.9004
2016-09-05 10:30:00,19.386
2016-09-06 10:30:00,2.9051998
2016-09-07 10:30:00,0.37800002
2016-09-08 10:30:00,14.990399
2016-09-09 10:30:00,29.9916
2016-09-10 10:30:00,0.0216
2016-09-11 10:30:00,2.3112
2016-09-12 10:30:00,0.0864
2016-09-13 10:30:00,0.43199998
2016-09-14 10:30:00,2.8512
2016-09-15 10:30:00,0.29160002
2016-09-16 10:30:00,0.3024
2016-09-17 10:30:00,2.0412
2016-09-18 10:30:00,0.1296
2016-09-19 10:30:00,0.0
2016-09-20 10:30:00,0.0
2016-09-21 10:30:00,0.0
2016-09-22 10:30:00,3.294
2016-09-23 10:30:00,1.5444
2016-09-24 10:30:00,10.8
2016-09-25 10:30:00,0.053999998
2016-09-26 10:30:00,20.0016
2016-09-27 10:30:00,0.18360001
2016-09-28 10:30:00,0.0
2016-09-29 10:30:00,0.0324
2016-09-30 10:30:00,0.3348
2016-10-01 10:30:00,0.0216
2016-10-02 10:30:00,4.1148
2016-10-03 10:30:00,0.0324
2016-10-04 10:30:00,0.0216
2016-10-05 10:30:00,0.0324
2016-10-06 10:30:00,0.0324
2016-10-07 10:30:00,7.8624
2016-10-08 10:30:00,0.0648
2016-10-09 10:30:00,0.0864
2016-10-10 10:30:00,0.0216
2016-10-11 10:30:00,0.0
2016-10-12 10:30:00,0.0
2016-10-13 10:30:00,0.0
2016-10-14 10:30:00,0.0
2016-10-15 10:30:00,0.0
2016-10-16 10:30:00,1.458
2016-10-17 10:30:00,0.4428
2016-10-18 10:30:00,1.08
2016-10-19 10:30:00,0.5076
2016-10-20 10:30:00,2.376
2016-10-21 10:30:00,1.5120001
2016-10-22 10:30:00,0.0
2016-10-23 10:30:00,0.0
2016-10-24 10:30:00,0.18360001
2016-10-25 10:30:00,1.242
2016-10-26 10:30:00,0.0
2016-10-27 10:30:00,0.0
2016-10-28 10:30:00,0.1512
2016-10-29 10:30:00,0.0
2016-10-30 10:30:00,0.0108
2016-10-31 10:30:00,0.0
2016-11-01 10:30:00,0.0
2016-11-02 10:30:00,0.0
2016-11-03 10:30:00,0.0324
2016-11-04 10:30:00,4.32
2016-11-05 10:30:00,0.0216
2016-11-06 10:30:00,3.888
2016-11-07 10:30:00,0.2376
2016-11-08 10:30:00,0.0216
2016-11-09 10:30:00,0.053999998
2016-11-10 10:30:00,1.188
2016-11-11 10:30:00,0.0
2016-11-12 10:30:00,1.0691999
2016-11-13 10:30:00,11.2644005
2016-11-14 10:30:00,0.053999998
2016-11-15 10:30:00,0.8424001
2016-11-16 10:30:00,0.0108
2016-11-17 10:30:00,0.0
2016-11-18 10:30:00,1.2636
2016-11-19 10:30:00,0.2268
2016-11-20 10:30:00,0.0
2016-11-21 10:30:00,0.0
2016-11-22 10:30:00,0.0
2016-11-23 10:30:00,0.0
2016-11-24 10:30:00,0.0
2016-11-25 10:30:00,0.0
2016-11-26 10:30:00,0.0
2016-11-27 10:30:00,0.0
2016-11-28 10:30:00,0.0
2016-11-29 10:30:00,0.0324
2016-11-30 10:30:00,0.5724
2016-12-01 10:30:00,0.0108
2016-12-02 10:30:00,0.0
2016-12-03 10:30:00,0.0
2016-12-04 10:30:00,0.0
2016-12-05 10:30:00,0.0
2016-12-06 10:30:00,0.0
2016-12-07 10:30:00,0.3456
2016-12-08 10:30:00,0.0216
2016-12-09 10:30:00,0.0
2016-12-10 10:30:00,0.0
2016-12-11 10:30:00,0.0756
2016-12-12 10:30:00,0.0
2016-12-13 10:30:00,0.0
2016-12-14 10:30:00,0.0
2016-12-15 10:30:00,0.0
2016-12-16 10:30:00,0.097200006
2016-12-17 10:30:00,0.0
2016-12-18 10:30:00,0.0
2016-12-19 10:30:00,0.0216
2016-12-20 10:30:00,0.0324
2016-12-21 10:30:00,1.4472001
2016-12-22 10:30:00,0.18360001
2016-12-23 10:30:00,0.21599999
2016-12-24 10:30:00,0.0
2016-12-25 10:30:00,0.0864
2016-12-26 10:30:00,0.0
2016-12-27 10:30:00,0.1296
2016-12-28 10:30:00,0.0648
2016-12-29 10:30:00,0.0108
2016-12-30 10:30:00,0.0
2016-12-31 10:30:00,0.0
2017-01-01 10:30:00,1.1123999
2017-01-02 10:30:00,0.0108
2017-01-03 10:30:00,0.0
2017-01-04 10:30:00,0.0
2017-01-05 10:30:00,0.0
2017-01-06 10:30:00,0.0
2017-01-07 10:30:00,0.0
2017-01-08 10:30:00,0.0756
2017-01-09 10:30:00,0.0
2017-01-10 10:30:00,0.0
2017-01-11 10:30:00,0.0
2017-01-12 10:30:00,0.0108
2017-01-13 10:30:00,0.2592
2017-01-14 10:30:00,0.0
2017-01-15 10:30:00,0.0
2017-01-16 10:30:00,0.0216
2017-01-17 10:30:00,0.162
2017-01-18 10:30:00,0.0
2017-01-19 10:30:00,0.0
2017-01-20 10:30:00,0.0
2017-01-21 10:30:00,0.3564
2017-01-22 10:30:00,0.0
2017-01-23 10:30:00,0.0
2017-01-24 10:30:00,0.0
2017-01-25 10:30:00,0.0108
2017-01-26 10:30:00,0.1728
2017-01-27 10:30:00,0.0
2017-01-28 10:30:00,0.0864
2017-01-29 10:30:00,0.0
2017-01-30 10:30:00,0.0
2017-01-31 10:30:00,0.0
2017-02-01 10:30:00,0.0
2017-02-02 10:30:00,0.0
2017-02-03 10:30:00,0.0
2017-02-04 10:30:00,0.0
2017-02-05 10:30:00,0.0216
2017-02-06 10:30:00,0.0
2017-02-07 10:30:00,0.0
2017-02-08 10:30:00,0.0
2017-02-09 10:30:00,0.0108
2017-02-10 10:30:00,0.0
2017-02-11 10:30:00,0.0
2017-02-12 10:30:00,0.0
2017-02-13 10:30:00,0.0
2017-02-14 10:30:00,0.0
2017-02-15 10:30:00,0.5184
2017-02-16 10:30:00,0.0
2017-02-17 10:30:00,0.0
2017-02-18 10:30:00,1.5119998
2017-02-19 10:30:00,2.5596
2017-02-20 10:30:00,0.0
2017-02-21 10:30:00,0.2268
2017-02-22 10:30:00,0.0
2017-02-23 10:30:00,0.0
2017-02-24 10:30:00,0.0
2017-02-25 10:30:00,0.0
2017-02-26 10:30:00,0.0
2017-02-27 10:30:00,0.0216
2017-02-28 10:30:00,0.0756
2017-03-01 10:30:00,0.0
2017-03-02 10:30:00,0.0324
2017-03-03 10:30:00,0.0216
2017-03-04 10:30:00,0.0
2017-03-05 10:30:00,0.0108
2017-03-06 10:30:00,0.0216
2017-03-07 10:30:00,0.0108
2017-03-08 10:30:00,0.0
2017-03-09 10:30:00,0.0
2017-03-10 10:30:00,0.0
2017-03-11 10:30:00,0.053999998
2017-03-12 10:30:00,0.0
2017-03-13 10:30:00,0.0
2017-03-14 10:30:00,0.0
2017-03-15 10:30:00,0.0
2017-03-16 10:30:00,0.0
2017-03-17 10:30:00,0.0
2017-03-18 10:30:00,0.0
2017-03-19 10:30:00,0.0
2017-03-20 10:30:00,0.0432
2017-03-21 10:30:00,0.0
2017-03-22 10:30:00,0.0
2017-03-23 10:30:00,0.0
2017-03-24 10:30:00,0.0
2017-03-25 10:30:00,0.0216
2017-03-26 10:30:00,1.0907999
2017-03-27 10:30:00,0.0
2017-03-28 10:30:00,0.18360001
2017-03-29 10:30:00,1.5336001
2017-03-30 10:30:00,0.4752
2017-03-31 10:30:00,0.0864
2017-04-01 10:30:00,0.0108
2017-04-02 10:30:00,0.0
2017-04-03 10:30:00,0.0
2017-04-04 10:30:00,0.0
2017-04-05 10:30:00,0.5076
2017-04-06 10:30:00,0.0
2017-04-07 10:30:00,0.2484
2017-04-08 10:30:00,0.0
2017-04-09 10:30:00,0.0
2017-04-10 10:30:00,0.1728
2017-04-11 10:30:00,0.0108
2017-04-12 10:30:00,0.0
2017-04-13 10:30:00,0.0108
2017-04-14 10:30:00,0.0
2017-04-15 10:30:00,0.0
2017-04-16 10:30:00,2.808
2017-04-17 10:30:00,2.1924
2017-04-18 10:30:00,0.0108
2017-04-19 10:30:00,0.0864
2017-04-20 10:30:00,0.1404
2017-04-21 10:30:00,0.0
2017-04-22 10:30:00,0.0108
2017-04-23 10:30:00,0.0216
2017-04-24 10:30:00,0.4752
2017-04-25 10:30:00,1.2852
2017-04-26 10:30:00,0.0
2017-04-27 10:30:00,0.0
2017-04-28 10:30:00,0.0108
2017-04-29 10:30:00,0.0216
2017-04-30 10:30:00,0.0
2017-05-01 10:30:00,0.0
2017-05-02 10:30:00,0.0
2017-05-03 10:30:00,0.0
2017-05-04 10:30:00,1.1988
2017-05-05 10:30:00,10.0224
2017-05-06 10:30:00,0.0
2017-05-07 10:30:00,0.0
2017-05-08 10:30:00,0.0
2017-05-09 10:30:00,0.0108
2017-05-10 10:30:00,0.0
2017-05-11 10:30:00,0.107999995
2017-05-12 10:30:00,0.0
2017-05-13 10:30:00,0.54
2017-05-14 10:30:00,0.18360001
2017-05-15 10:30:00,0.0
2017-05-16 10:30:00,1.5983999
2017-05-17 10:30:00,0.0
2017-05-18 10:30:00,0.0
2017-05-19 10:30:00,0.0324
2017-05-20 10:30:00,2.8836
2017-05-21 10:30:00,0.0
2017-05-22 10:30:00,0.0
2017-05-23 10:30:00,0.0
2017-05-24 10:30:00,0.0216
2017-05-25 10:30:00,0.0
2017-05-26 10:30:00,0.0
2017-05-27 10:30:00,0.0108
2017-05-28 10:30:00,0.0
2017-05-29 10:30:00,0.053999998
2017-05-30 10:30:00,0.0648
2017-05-31 10:30:00,0.0
2017-06-01 10:30:00,0.18360001
2017-06-02 10:30:00,1.7388
2017-06-03 10:30:00,0.4752
2017-06-04 10:30:00,0.0
2017-06-05 10:30:00,0.0
2017-06-06 10:30:00,2.6568
2017-06-07 10:30:00,0.053999998
2017-06-08 10:30:00,2.0736
2017-06-09 10:30:00,0.2268
2017-06-10 10:30:00,0.0
2017-06-11 10:30:00,0.0
2017-06-12 10:30:00,0.0108
2017-06-13 10:30:00,0.0
2017-06-14 10:30:00,0.0
2017-06-15 10:30:00,3.9960003
2017-06-16 10:30:00,1.3176
2017-06-17 10:30:00,2.7863998
2017-06-18 10:30:00,3.294
2017-06-19 10:30:00,2.97
2017-06-20 10:30:00,7.5708
2017-06-21 10:30:00,3.9852002
2017-06-22 10:30:00,0.0
2017-06-23 10:30:00,0.0
2017-06-24 10:30:00,4.4172
2017-06-25 10:30:00,0.0756
2017-06-26 10:30:00,2.6460001
2017-06-27 10:30:00,2.3112
2017-06-28 10:30:00,0.0864
2017-06-29 10:30:00,0.74520004
2017-06-30 10:30:00,1.4147999
2017-07-01 10:30:00,2.322
2017-07-02 10:30:00,10.9188
2017-07-03 10:30:00,0.0108
2017-07-04 10:30:00,0.0
2017-07-05 10:30:00,0.0
2017-07-06 10:30:00,1.7495999
2017-07-07 10:30:00,36.3528
2017-07-08 10:30:00,15.8328
2017-07-09 10:30:00,1.9008
2017-07-10 10:30:00,3.1536002
2017-07-11 10:30:00,0.2808
2017-07-12 10:30:00,0.0756
2017-07-13 10:30:00,0.0108
2017-07-14 10:30:00,0.0
2017-07-15 10:30:00,0.0
2017-07-16 10:30:00,0.0864
2017-07-17 10:30:00,0.0
2017-07-18 10:30:00,0.0
2017-07-19 10:30:00,0.1512
2017-07-20 10:30:00,3.6396
2017-07-21 10:30:00,0.0864
2017-07-22 10:30:00,0.6156
2017-07-23 10:30:00,0.41039997
2017-07-24 10:30:00,0.0
2017-07-25 10:30:00,2.9592
2017-07-26 10:30:00,12.3768
2017-07-27 10:30:00,0.0108
2017-07-28 10:30:00,0.097200006
2017-07-29 10:30:00,4.05
2017-07-30 10:30:00,2.214
2017-07-31 10:30:00,6.3072004
2017-08-01 10:30:00,4.6764
2017-08-02 10:30:00,8.4132
2017-08-03 10:30:00,14.8284
2017-08-04 10:30:00,5.076
2017-08-05 10:30:00,11.6424
2017-08-06 10:30:00,7.7976
2017-08-07 10:30:00,5.4648004
2017-08-08 10:30:00,2.5056
2017-08-09 10:30:00,4.9356
2017-08-10 10:30:00,28.4472
2017-08-11 10:30:00,10.8972
2017-08-12 10:30:00,6.8364
2017-08-13 10:30:00,7.7004004
2017-08-14 10:30:00,6.2856
2017-08-15 10:30:00,6.264
2017-08-16 10:30:00,5.3244004
2017-08-17 10:30:00,3.8448
2017-08-18 10:30:00,0.8964
2017-08-19 10:30:00,0.0108
2017-08-20 10:30:00,5.4107995
2017-08-21 10:30:00,0.0324
2017-08-22 10:30:00,0.0
2017-08-23 10:30:00,0.6372
2017-08-24 10:30:00,0.324
2017-08-25 10:30:00,0.3132
2017-08-26 10:30:00,0.0
2017-08-27 10:30:00,0.0
2017-08-28 10:30:00,0.097200006
2017-08-29 10:30:00,0.3564
2017-08-30 10:30:00,0.0
2017-08-31 10:30:00,0.0324
2017-09-01 10:30:00,0.0
2017-09-02 10:30:00,0.7128
2017-09-03 10:30:00,5.1948
2017-09-04 10:30:00,2.808
2017-09-05 10:30:00,8.262
2017-09-06 10:30:00,0.0
2017-09-07 10:30:00,0.5724
2017-09-08 10:30:00,0.107999995
2017-09-09 10:30:00,0.0
2017-09-10 10:30:00,1.3068
2017-09-11 10:30:00,0.0324
2017-09-12 10:30:00,0.1188
2017-09-13 10:30:00,0.0
2017-09-14 10:30:00,0.0864
2017-09-15 10:30:00,1.3068
2017-09-16 10:30:00,2.9268
2017-09-17 10:30:00,0.2916
2017-09-18 10:30:00,4.8059998
2017-09-19 10:30:00,0.9936
2017-09-20 10:30:00,0.0
2017-09-21 10:30:00,0.3348
2017-09-22 10:30:00,0.0
2017-09-23 10:30:00,0.107999995
2017-09-24 10:30:00,0.4752
2017-09-25 10:30:00,0.6588
2017-09-26 10:30:00,0.0
2017-09-27 10:30:00,0.0
2017-09-28 10:30:00,0.0
2017-09-29 10:30:00,0.0
2017-09-30 10:30:00,0.097200006
2017-10-01 10:30:00,0.0
2017-10-02 10:30:00,0.0
2017-10-03 10:30:00,0.0
2017-10-04 10:30:00,0.0
2017-10-05 10:30:00,0.0
2017-10-06 10:30:00,0.0432
2017-10-07 10:30:00,2.862
2017-10-08 10:30:00,3.6072001
2017-10-09 10:30:00,0.3132
2017-10-10 10:30:00,0.55079997
2017-10-11 10:30:00,1.1448001
2017-10-12 10:30:00,0.0216
2017-10-13 10:30:00,0.053999998
2017-10-14 10:30:00,0.0324
2017-10-15 10:30:00,0.0
2017-10-16 10:30:00,0.0
2017-10-17 10:30:00,0.0
2017-10-18 10:30:00,0.0
2017-10-19 10:30:00,0.0
2017-10-20 10:30:00,0.2916
2017-10-21 10:30:00,0.0
2017-10-22 10:30:00,0.0
2017-10-23 10:30:00,0.0
2017-10-24 10:30:00,0.0
2017-10-25 10:30:00,0.0
2017-10-26 10:30:00,0.0
2017-10-27 10:30:00,0.0756
2017-10-28 10:30:00,0.19440001
2017-10-29 10:30:00,0.0
2017-10-30 10:30:00,0.0
2017-10-31 10:30:00,0.0
2017-11-01 10:30:00,0.0216
2017-11-02 10:30:00,0.0
2017-11-03 10:30:00,0.0
2017-11-04 10:30:00,0.0
2017-11-05 10:30:00,0.0
2017-11-06 10:30:00,3.5964
2017-11-07 10:30:00,5.6699996
2017-11-08 10:30:00,0.0324
2017-11-09 10:30:00,1.9548
2017-11-10 10:30:00,0.0
2017-11-11 10:30:00,0.0
2017-11-12 10:30:00,0.0
2017-11-13 10:30:00,0.0648
2017-11-14 10:30:00,0.0864
2017-11-15 10:30:00,0.0
2017-11-16 10:30:00,0.0108
2017-11-17 10:30:00,0.0
2017-11-18 10:30:00,0.0
2017-11-19 10:30:00,0.0216
2017-11-20 10:30:00,0.0
2017-11-21 10:30:00,0.162
2017-11-22 10:30:00,0.0
2017-11-23 10:30:00,0.0756
2017-11-24 10:30:00,0.0432
2017-11-25 10:30:00,0.0216
2017-11-26 10:30:00,0.0
2017-11-27 10:30:00,0.0
2017-11-28 10:30:00,0.0108
2017-11-29 10:30:00,0.0
2017-11-30 10:30:00,0.0
2017-12-01 10:30:00,0.0216
2017-12-02 10:30:00,0.4752
2017-12-03 10:30:00,0.0216
2017-12-04 10:30:00,0.0216
2017-12-05 10:30:00,0.0432
2017-12-06 10:30:00,0.0432
2017-12-07 10:30:00,0.0
2017-12-08 10:30:00,0.19440001
2017-12-09 10:30:00,2.808
2017-12-10 10:30:00,0.42119998
2017-12-11 10:30:00,0.0
2017-12-12 10:30:00,0.0
2017-12-13 10:30:00,0.0108
2017-12-14 10:30:00,0.1512
2017-12-15 10:30:00,0.3456
2017-12-16 10:30:00,0.0432
2017-12-17 10:30:00,0.19440001
2017-12-18 10:30:00,0.0756
2017-12-19 10:30:00,0.0
2017-12-20 10:30:00,0.0
2017-12-21 10:30:00,0.0
2017-12-22 10:30:00,0.0
2017-12-23 10:30:00,0.0
2017-12-24 10:30:00,0.0
2017-12-25 10:30:00,0.0
2017-12-26 10:30:00,0.0
2017-12-27 10:30:00,0.0
2017-12-28 10:30:00,0.0
2017-12-29 10:30:00,0.0648
2017-12-30 10:30:00,0.0324
2017-12-31 10:30:00,0.0216
2018-01-01 10:30:00,0.0
2018-01-02 10:30:00,0.0108
2018-01-03 10:30:00,0.0324
2018-01-04 10:30:00,0.0
2018-01-05 10:30:00,0.0
2018-01-06 10:30:00,0.0
2018-01-07 10:30:00,0.1728
2018-01-08 10:30:00,0.12959999
2018-01-09 10:30:00,0.1188
2018-01-10 10:30:00,0.0
2018-01-11 10:30:00,0.0108
2018-01-12 10:30:00,0.0
2018-01-13 10:30:00,0.0
2018-01-14 10:30:00,0.1512
2018-01-15 10:30:00,0.9504
2018-01-16 10:30:00,0.3132
2018-01-17 10:30:00,0.0216
2018-01-18 10:30:00,0.0
2018-01-19 10:30:00,0.0
2018-01-20 10:30:00,0.0
2018-01-21 10:30:00,0.0
2018-01-22 10:30:00,0.0108
2018-01-23 10:30:00,0.0108
2018-01-24 10:30:00,0.0108
2018-01-25 10:30:00,0.0
2018-01-26 10:30:00,0.0
2018-01-27 10:30:00,0.0
2018-01-28 10:30:00,0.097200006
2018-01-29 10:30:00,0.0108
2018-01-30 10:30:00,0.0
2018-01-31 10:30:00,0.0216
2018-02-01 10:30:00,0.0108
2018-02-02 10:30:00,0.0
2018-02-03 10:30:00,0.0
2018-02-04 10:30:00,0.0
2018-02-05 10:30:00,0.0
2018-02-06 10:30:00,0.0432
2018-02-07 10:30:00,0.0
2018-02-08 10:30:00,0.097200006
2018-02-09 10:30:00,0.0864
2018-02-10 10:30:00,0.107999995
2018-02-11 10:30:00,0.0432
2018-02-12 10:30:00,0.0
2018-02-13 10:30:00,0.0
2018-02-14 10:30:00,0.0
2018-02-15 10:30:00,0.053999998
2018-02-16 10:30:00,0.0
2018-02-17 10:30:00,0.0
2018-02-18 10:30:00,0.0
2018-02-19 10:30:00,0.053999998
2018-02-20 10:30:00,0.053999998
2018-02-21 10:30:00,0.0216
2018-02-22 10:30:00,0.0432
2018-02-23 10:30:00,0.0108
2018-02-24 10:30:00,0.0324
2018-02-25 10:30:00,0.0108
2018-02-26 10:30:00,0.39960003
2018-02-27 10:30:00,0.8964
2018-02-28 10:30:00,4.0824
2018-03-01 10:30:00,0.14039999
2018-03-02 10:30:00,0.72360003
2018-03-03 10:30:00,4.0608
2018-03-04 10:30:00,0.053999998
2018-03-05 10:30:00,0.0
2018-03-06 10:30:00,0.0216
2018-03-07 10:30:00,0.1188
2018-03-08 10:30:00,0.1188
2018-03-09 10:30:00,0.84239995
2018-03-10 10:30:00,0.3456
2018-03-11 10:30:00,0.0
2018-03-12 10:30:00,0.097200006
2018-03-13 10:30:00,1.1664
2018-03-14 10:30:00,4.4388
2018-03-15 10:30:00,0.0432
2018-03-16 10:30:00,0.0
2018-03-17 10:30:00,0.0
2018-03-18 10:30:00,0.0
2018-03-19 10:30:00,0.0
2018-03-20 10:30:00,0.0
2018-03-21 10:30:00,0.0
2018-03-22 10:30:00,0.20519999
2018-03-23 10:30:00,0.0
2018-03-24 10:30:00,0.0
2018-03-25 10:30:00,0.0
2018-03-26 10:30:00,0.0108
2018-03-27 10:30:00,0.19440001
2018-03-28 10:30:00,0.0108
2018-03-29 10:30:00,0.0
2018-03-30 10:30:00,0.0756
2018-03-31 10:30:00,0.0
2018-04-01 10:30:00,0.0
2018-04-02 10:30:00,0.0
2018-04-03 10:30:00,0.0
2018-04-04 10:30:00,0.0
2018-04-05 10:30:00,0.2808
2018-04-06 10:30:00,0.0
2018-04-07 10:30:00,0.0
2018-04-08 10:30:00,0.0
2018-04-09 10:30:00,0.26999998
2018-04-10 10:30:00,3.0348
2018-04-11 10:30:00,0.0
2018-04-12 10:30:00,0.0
2018-04-13 10:30:00,11.5236
2018-04-14 10:30:00,6.8688
2018-04-15 10:30:00,0.0
2018-04-16 10:30:00,0.0
2018-04-17 10:30:00,0.053999998
2018-04-18 10:30:00,3.5640001
2018-04-19 10:30:00,0.2484
2018-04-20 10:30:00,22.636799
2018-04-21 10:30:00,0.097200006
2018-04-22 10:30:00,0.0
2018-04-23 10:30:00,0.0
2018-04-24 10:30:00,0.0
2018-04-25 10:30:00,0.0216
2018-04-26 10:30:00,0.0
2018-04-27 10:30:00,0.0
2018-04-28 10:30:00,0.2592
2018-04-29 10:30:00,0.39960003
2018-04-30 10:30:00,0.0
2018-05-01 10:30:00,0.0324
2018-05-02 10:30:00,0.0
2018-05-03 10:30:00,0.0
2018-05-04 10:30:00,0.0108
2018-05-05 10:30:00,0.0
2018-05-06 10:30:00,0.0648
2018-05-07 10:30:00,0.0
2018-05-08 10:30:00,0.0
2018-05-09 10:30:00,0.053999998
2018-05-10 10:30:00,0.0
2018-05-11 10:30:00,0.0
2018-05-12 10:30:00,0.2916
2018-05-13 10:30:00,0.0648
2018-05-14 10:30:00,0.0
2018-05-15 10:30:00,0.21599999
2018-05-16 10:30:00,0.0108
2018-05-17 10:30:00,0.0
2018-05-18 10:30:00,0.0
2018-05-19 10:30:00,0.0
2018-05-20 10:30:00,1.0799999
2018-05-21 10:30:00,1.9332
2018-05-22 10:30:00,1.674
2018-05-23 10:30:00,0.55079997
2018-05-24 10:30:00,0.0
2018-05-25 10:30:00,0.0
2018-05-26 10:30:00,1.8036
2018-05-27 10:30:00,2.862
2018-05-28 10:30:00,0.9396
2018-05-29 10:30:00,2.3544
2018-05-30 10:30:00,0.0
2018-05-31 10:30:00,0.0
2018-06-01 10:30:00,0.0
2018-06-02 10:30:00,0.0324
2018-06-03 10:30:00,0.0108
2018-06-04 10:30:00,3.078
2018-06-05 10:30:00,2.9268
2018-06-06 10:30:00,0.5832
2018-06-07 10:30:00,0.28079998
2018-06-08 10:30:00,1.1772
2018-06-09 10:30:00,9.5688
2018-06-10 10:30:00,1.2204
2018-06-11 10:30:00,9.9684
2018-06-12 10:30:00,7.7652
2018-06-13 10:30:00,1.08
2018-06-14 10:30:00,6.8364
2018-06-15 10:30:00,7.4736
2018-06-16 10:30:00,0.0
2018-06-17 10:30:00,4.6008
2018-06-18 10:30:00,7.0848
2018-06-19 10:30:00,1.944
2018-06-20 10:30:00,1.0799999
2018-06-21 10:30:00,0.0324
2018-06-22 10:30:00,1.7820001
2018-06-23 10:30:00,0.9288
2018-06-24 10:30:00,13.9428005
2018-06-25 10:30:00,1.404
2018-06-26 10:30:00,26.3736
2018-06-27 10:30:00,7.2468004
2018-06-28 10:30:00,4.2012
2018-06-29 10:30:00,0.2268
2018-06-30 10:30:00,0.6264
2018-07-01 10:30:00,0.2484
2018-07-02 10:30:00,0.27
2018-07-03 10:30:00,3.7152
2018-07-04 10:30:00,20.271599
2018-07-05 10:30:00,3.3695998
2018-07-06 10:30:00,2.4624
2018-07-07 10:30:00,13.5864
2018-07-08 10:30:00,3.4344
2018-07-09 10:30:00,8.748
2018-07-10 10:30:00,0.0108
2018-07-11 10:30:00,10.3896
2018-07-12 10:30:00,2.3976
2018-07-13 10:30:00,3.2400002
2018-07-14 10:30:00,0.0
2018-07-15 10:30:00,0.0756
2018-07-16 10:30:00,45.576
2018-07-17 10:30:00,0.44280005
2018-07-18 10:30:00,0.81000006
2018-07-19 10:30:00,12.2256
2018-07-20 10:30:00,18.7164
2018-07-21 10:30:00,3.2292001
2018-07-22 10:30:00,0.1296
2018-07-23 10:30:00,11.6964
2018-07-24 10:30:00,74.347206
2018-07-25 10:30:00,0.2484
2018-07-26 10:30:00,0.0
2018-07-27 10:30:00,0.0
2018-07-28 10:30:00,0.0216
2018-07-29 10:30:00,0.6588
2018-07-30 10:30:00,1.2096
2018-07-31 10:30:00,0.0
2018-08-01 10:30:00,0.0
2018-08-02 10:30:00,0.107999995
2018-08-03 10:30:00,24.602402
2018-08-04 10:30:00,8.5212
2018-08-05 10:30:00,1.0799999
2018-08-06 10:30:00,1.3608
2018-08-07 10:30:00,0.3348
2018-08-08 10:30:00,0.1296
2018-08-09 10:30:00,0.84239995
2018-08-10 10:30:00,4.05
2018-08-11 10:30:00,5.1624002
2018-08-12 10:30:00,4.8492
2018-08-13 10:30:00,13.8348
2018-08-14 10:30:00,6.4044
2018-08-15 10:30:00,0.2484
2018-08-16 10:30:00,0.14039999
2018-08-17 10:30:00,0.918
2018-08-18 10:30:00,0.0
2018-08-19 10:30:00,0.74520004
2018-08-20 10:30:00,6.5664005
2018-08-21 10:30:00,0.0
2018-08-22 10:30:00,0.0108
2018-08-23 10:30:00,0.0
2018-08-24 10:30:00,3.7475998
2018-08-25 10:30:00,10.2168
2018-08-26 10:30:00,0.0108
2018-08-27 10:30:00,0.09719999
2018-08-28 10:30:00,3.4452002
2018-08-29 10:30:00,5.6484003
2018-08-30 10:30:00,0.75600004
2018-08-31 10:30:00,0.0
2018-09-01 10:30:00,2.7756
2018-09-02 10:30:00,31.265999
2018-09-03 10:30:00,1.7279999
2018-09-04 10:30:00,1.3068
2018-09-05 10:30:00,0.0756
2018-09-06 10:30:00,0.0
2018-09-07 10:30:00,3.5208
2018-09-08 10:30:00,0.0
2018-09-09 10:30:00,0.053999998
2018-09-10 10:30:00,0.0
2018-09-11 10:30:00,0.38880002
2018-09-12 10:30:00,0.0216
2018-09-13 10:30:00,0.0
2018-09-14 10:30:00,5.7132
2018-09-15 10:30:00,0.0
2018-09-16 10:30:00,0.0
2018-09-17 10:30:00,0.0
2018-09-18 10:30:00,0.0108
2018-09-19 10:30:00,0.0
2018-09-20 10:30:00,0.1188
2018-09-21 10:30:00,0.81000006
2018-09-22 10:30:00,1.0907999
2018-09-23 10:30:00,0.43199998
2018-09-24 10:30:00,0.0324
2018-09-25 10:30:00,0.0
2018-09-26 10:30:00,0.0
2018-09-27 10:30:00,1.6524
2018-09-28 10:30:00,10.5515995
2018-09-29 10:30:00,21.4488
2018-09-30 10:30:00,3.9852002
2018-10-01 10:30:00,0.0
2018-10-02 10:30:00,0.0
2018-10-03 10:30:00,0.0
2018-10-04 10:30:00,0.0
2018-10-05 10:30:00,0.0
2018-10-06 10:30:00,0.0864
2018-10-07 10:30:00,0.53999996
2018-10-08 10:30:00,0.1404
2018-10-09 10:30:00,0.0
2018-10-10 10:30:00,0.0
2018-10-11 10:30:00,0.0
2018-10-12 10:30:00,0.0
2018-10-13 10:30:00,0.0
2018-10-14 10:30:00,0.0
2018-10-15 10:30:00,0.0
2018-10-16 10:30:00,0.0
2018-10-17 10:30:00,0.0
2018-10-18 10:30:00,0.0
2018-10-19 10:30:00,0.0
2018-10-20 10:30:00,0.0
2018-10-21 10:30:00,0.097200006
2018-10-22 10:30:00,0.0756
2018-10-23 10:30:00,0.0
2018-10-24 10:30:00,0.0
2018-10-25 10:30:00,2.7108
2018-10-26 10:30:00,0.73440003
2018-10-27 10:30:00,0.0
2018-10-28 10:30:00,0.0756
2018-10-29 10:30:00,0.0108
2018-10-30 10:30:00,0.0
2018-10-31 10:30:00,0.0
2018-11-01 10:30:00,0.0
2018-11-02 10:30:00,0.0
2018-11-03 10:30:00,0.20520002
2018-11-04 10:30:00,0.0216
2018-11-05 10:30:00,0.0648
2018-11-06 10:30:00,0.0
2018-11-07 10:30:00,0.0
2018-11-08 10:30:00,0.0
2018-11-09 10:30:00,0.0648
2018-11-10 10:30:00,0.0
2018-11-11 10:30:00,0.0
2018-11-12 10:30:00,0.0
2018-11-13 10:30:00,0.0
2018-11-14 10:30:00,0.162
2018-11-15 10:30:00,0.0
2018-11-16 10:30:00,0.0
2018-11-17 10:30:00,0.0756
2018-11-18 10:30:00,0.0108
2018-11-19 10:30:00,0.0108
2018-11-20 10:30:00,0.0
2018-11-21 10:30:00,0.0
2018-11-22 10:30:00,0.0
2018-11-23 10:30:00,0.0
2018-11-24 10:30:00,0.0864
2018-11-25 10:30:00,0.0
2018-11-26 10:30:00,0.5076
2018-11-27 10:30:00,0.1296
2018-11-28 10:30:00,0.0
2018-11-29 10:30:00,0.0
2018-11-30 10:30:00,0.0
2018-12-01 10:30:00,0.0
2018-12-02 10:30:00,0.1296
2018-12-03 10:30:00,0.0432
2018-12-04 10:30:00,0.0
2018-12-05 10:30:00,0.0
2018-12-06 10:30:00,0.097200006
2018-12-07 10:30:00,0.097200006
2018-12-08 10:30:00,0.0
2018-12-09 10:30:00,0.0
2018-12-10 10:30:00,0.0
2018-12-11 10:30:00,0.0
2018-12-12 10:30:00,1.0259999
2018-12-13 10:30:00,0.0
2018-12-14 10:30:00,0.0
2018-12-15 10:30:00,0.0
2018-12-16 10:30:00,0.0216
2018-12-17 10:30:00,0.0216
2018-12-18 10:30:00,0.0216
2018-12-19 10:30:00,0.0
2018-12-20 10:30:00,0.0
2018-12-21 10:30:00,0.19440001
2018-12-22 10:30:00,0.0108
2018-12-23 10:30:00,0.0
2018-12-24 10:30:00,0.0756
2018-12-25 10:30:00,0.0
2018-12-26 10:30:00,0.0
2018-12-27 10:30:00,0.0
2018-12-28 10:30:00,0.0
2018-12-29 10:30:00,0.0
2018-12-30 10:30:00,0.0
2018-12-31 10:30:00,0.0
2019-01-01 10:30:00,0.0324
2019-01-02 10:30:00,0.0
2019-01-03 10:30:00,0.2484
2019-01-04 10:30:00,0.21599999
2019-01-05 10:30:00,0.0
2019-01-06 10:30:00,0.0
2019-01-07 10:30:00,0.0648
2019-01-08 10:30:00,0.0
2019-01-09 10:30:00,0.0
2019-01-10 10:30:00,0.0
2019-01-11 10:30:00,0.0
2019-01-12 10:30:00,0.0
2019-01-13 10:30:00,0.0216
2019-01-14 10:30:00,0.0108
2019-01-15 10:30:00,0.0
2019-01-16 10:30:00,0.0
2019-01-17 10:30:00,0.0
2019-01-18 10:30:00,0.0
2019-01-19 10:30:00,0.0
2019-01-20 10:30:00,0.0
2019-01-21 10:30:00,0.0
2019-01-22 10:30:00,0.0
2019-01-23 10:30:00,0.0108
2019-01-24 10:30:00,0.162
2019-01-25 10:30:00,0.0
2019-01-26 10:30:00,0.0
2019-01-27 10:30:00,0.3132
2019-01-28 10:30:00,0.0
2019-01-29 10:30:00,0.1512
2019-01-30 10:30:00,0.0216
2019-01-31 10:30:00,0.0
2019-02-01 10:30:00,0.0
2019-02-02 10:30:00,0.0648
2019-02-03 10:30:00,0.0
2019-02-04 10:30:00,0.0108
2019-02-05 10:30:00,0.0
2019-02-06 10:30:00,0.0
2019-02-07 10:30:00,0.0
2019-02-08 10:30:00,0.0
2019-02-09 10:30:00,0.0
2019-02-10 10:30:00,0.0
2019-02-11 10:30:00,0.0
2019-02-12 10:30:00,0.0
2019-02-13 10:30:00,0.0
2019-02-14 10:30:00,0.0
2019-02-15 10:30:00,0.0
2019-02-16 10:30:00,0.0
2019-02-17 10:30:00,0.0
2019-02-18 10:30:00,0.0
2019-02-19 10:30:00,0.0216
2019-02-20 10:30:00,0.0
2019-02-21 10:30:00,0.0
2019-02-22 10:30:00,0.0
2019-02-23 10:30:00,0.0
2019-02-24 10:30:00,0.0
2019-02-25 10:30:00,0.0
2019-02-26 10:30:00,0.0
2019-02-27 10:30:00,0.0
2019-02-28 10:30:00,0.0
2019-03-01 10:30:00,0.0
2019-03-02 10:30:00,0.0
2019-03-03 10:30:00,0.0
2019-03-04 10:30:00,0.0
2019-03-05 10:30:00,0.0
2019-03-06 10:30:00,0.0
2019-03-07 10:30:00,0.0
2019-03-08 10:30:00,0.0
2019-03-09 10:30:00,0.0
2019-03-10 10:30:00,0.0
2019-03-11 10:30:00,0.097200006
2019-03-12 10:30:00,0.0216
2019-03-13 10:30:00,0.1512
2019-03-14 10:30:00,0.5184
2019-03-15 10:30:00,0.19440001
2019-03-16 10:30:00,0.2808
2019-03-17 10:30:00,0.0
2019-03-18 10:30:00,0.0432
2019-03-19 10:30:00,0.2592
2019-03-20 10:30:00,1.5336001
2019-03-21 10:30:00,0.053999998
2019-03-22 10:30:00,0.0324
2019-03-23 10:30:00,0.0
2019-03-24 10:30:00,0.0108
2019-03-25 10:30:00,0.0
2019-03-26 10:30:00,0.0
2019-03-27 10:30:00,0.0
2019-03-28 10:30:00,0.0108
2019-03-29 10:30:00,0.5184
2019-03-30 10:30:00,0.0
2019-03-31 10:30:00,0.0
2019-04-01 10:30:00,0.0
2019-04-02 10:30:00,0.0
2019-04-03 10:30:00,0.053999998
2019-04-04 10:30:00,0.2916
2019-04-05 10:30:00,0.107999995
2019-04-06 10:30:00,0.0108
2019-04-07 10:30:00,0.4644
2019-04-08 10:30:00,0.0
2019-04-09 10:30:00,0.0
2019-04-10 10:30:00,0.0
2019-04-11 10:30:00,0.0
2019-04-12 10:30:00,0.0216
2019-04-13 10:30:00,0.0
2019-04-14 10:30:00,0.1296
2019-04-15 10:30:00,0.0
2019-04-16 10:30:00,0.097200006
2019-04-17 10:30:00,2.7324002
2019-04-18 10:30:00,0.0
2019-04-19 10:30:00,0.0
2019-04-20 10:30:00,0.0
2019-04-21 10:30:00,0.0
2019-04-22 10:30:00,0.0
2019-04-23 10:30:00,0.0
2019-04-24 10:30:00,0.0
2019-04-25 10:30:00,0.0
2019-04-26 10:30:00,0.0
2019-04-27 10:30:00,0.0
2019-04-28 10:30:00,0.0324
2019-04-29 10:30:00,0.3564
2019-04-30 10:30:00,0.0324
2019-05-01 10:30:00,0.0
2019-05-02 10:30:00,0.0
2019-05-03 10:30:00,0.0
2019-05-04 10:30:00,3.2184
2019-05-05 10:30:00,0.0432
2019-05-06 10:30:00,0.0
2019-05-07 10:30:00,0.0108
2019-05-08 10:30:00,0.0
2019-05-09 10:30:00,0.0216
2019-05-10 10:30:00,0.0324
2019-05-11 10:30:00,0.14039999
2019-05-12 10:30:00,4.5144
2019-05-13 10:30:00,1.3176
2019-05-14 10:30:00,0.4968
2019-05-15 10:30:00,1.6848001
2019-05-16 10:30:00,0.26999998
2019-05-17 10:30:00,0.0324
2019-05-18 10:30:00,0.2268
2019-05-19 10:30:00,24.8292
2019-05-20 10:30:00,4.5576
2019-05-21 10:30:00,0.0
2019-05-22 10:30:00,0.0
2019-05-23 10:30:00,0.0
2019-05-24 10:30:00,0.0
2019-05-25 10:30:00,1.134
2019-05-26 10:30:00,0.0
2019-05-27 10:30:00,0.1512
2019-05-28 10:30:00,0.0
2019-05-29 10:30:00,0.0864
2019-05-30 10:30:00,0.5076
2019-05-31 10:30:00,4.4927998
2019-06-01 10:30:00,0.14039999
2019-06-02 10:30:00,0.43199998
2019-06-03 10:30:00,0.2592
2019-06-04 10:30:00,3.8772
2019-06-05 10:30:00,0.37799996
2019-06-06 10:30:00,1.404
2019-06-07 10:30:00,16.102798
2019-06-08 10:30:00,6.372
2019-06-09 10:30:00,0.20520002
2019-06-10 10:30:00,0.0864
2019-06-11 10:30:00,0.0
2019-06-12 10:30:00,8.8991995
2019-06-13 10:30:00,0.0
2019-06-14 10:30:00,0.18360001
2019-06-15 10:30:00,0.0
2019-06-16 10:30:00,0.0
2019-06-17 10:30:00,0.0
2019-06-18 10:30:00,0.54
2019-06-19 10:30:00,0.84239995
2019-06-20 10:30:00,0.1188
2019-06-21 10:30:00,0.0
2019-06-22 10:30:00,0.0108
2019-06-23 10:30:00,0.0324
2019-06-24 10:30:00,0.6912
2019-06-25 10:30:00,6.3072004
2019-06-26 10:30:00,16.934399
2019-06-27 10:30:00,1.1231999
2019-06-28 10:30:00,6.21
2019-06-29 10:30:00,0.1728
2019-06-30 10:30:00,0.6696
2019-07-01 10:30:00,2.106
2019-07-02 10:30:00,1.5768001
2019-07-03 10:30:00,0.0648
2019-07-04 10:30:00,6.0372
2019-07-05 10:30:00,6.1452003
2019-07-06 10:30:00,6.8472
2019-07-07 10:30:00,0.0
2019-07-08 10:30:00,0.0324
2019-07-09 10:30:00,1.5444
2019-07-10 10:30:00,4.6764
2019-07-11 10:30:00,1.404
2019-07-12 10:30:00,0.9504
2019-07-13 10:30:00,2.0412
2019-07-14 10:30:00,2.6136
2019-07-15 10:30:00,0.1512
2019-07-16 10:30:00,3.348
2019-07-17 10:30:00,0.2916
2019-07-18 10:30:00,0.21599999
2019-07-19 10:30:00,1.3608
2019-07-20 10:30:00,5.9940004
2019-07-21 10:30:00,6.3612
2019-07-22 10:30:00,0.0
2019-07-23 10:30:00,3.726
2019-07-24 10:30:00,10.972799
2019-07-25 10:30:00,0.74520004
2019-07-26 10:30:00,0.3024
2019-07-27 10:30:00,11.2968
2019-07-28 10:30:00,4.5036
2019-07-29 10:30:00,4.4172
2019-07-30 10:30:00,12.787201
2019-07-31 10:30:00,0.0864
2019-08-01 10:30:00,0.4752
2019-08-02 10:30:00,0.3024
2019-08-03 10:30:00,0.0324
2019-08-04 10:30:00,0.0756
2019-08-05 10:30:00,27.9288
2019-08-06 10:30:00,13.6728
2019-08-07 10:30:00,14.0292
2019-08-08 10:30:00,2.5596
2019-08-09 10:30:00,7.4951997
2019-08-10 10:30:00,2.8512
2019-08-11 10:30:00,5.0112
2019-08-12 10:30:00,4.2336
2019-08-13 10:30:00,0.1296
2019-08-14 10:30:00,0.0
2019-08-15 10:30:00,4.2444
2019-08-16 10:30:00,6.1668
2019-08-17 10:30:00,10.519199
2019-08-18 10:30:00,3.3156002
2019-08-19 10:30:00,5.1084003
2019-08-20 10:30:00,25.9308
2019-08-21 10:30:00,5.1192
2019-08-22 10:30:00,2.4516
2019-08-23 10:30:00,1.9332
2019-08-24 10:30:00,3.726
2019-08-25 10:30:00,12.1068
2019-08-26 10:30:00,8.9964
2019-08-27 10:30:00,0.39960003
2019-08-28 10:30:00,2.8944001
2019-08-29 10:30:00,0.3456
2019-08-30 10:30:00,0.0432
2019-08-31 10:30:00,0.4536
2019-09-01 10:30:00,0.19440001
2019-09-02 10:30:00,0.0648
2019-09-03 10:30:00,0.0
2019-09-04 10:30:00,0.6264
2019-09-05 10:30:00,1.3176
2019-09-06 10:30:00,0.0108
2019-09-07 10:30:00,0.0648
2019-09-08 10:30:00,0.0
2019-09-09 10:30:00,0.0
2019-09-10 10:30:00,0.0
2019-09-11 10:30:00,0.0
2019-09-12 10:30:00,0.6372
2019-09-13 10:30:00,1.2744
2019-09-14 10:30:00,0.0648
2019-09-15 10:30:00,0.0108
2019-09-16 10:30:00,0.09719999
2019-09-17 10:30:00,0.1404
2019-09-18 10:30:00,0.0324
2019-09-19 10:30:00,0.74520004
2019-09-20 10:30:00,0.9828
2019-09-21 10:30:00,0.18360001
2019-09-22 10:30:00,0.0
2019-09-23 10:30:00,0.0
2019-09-24 10:30:00,0.0
2019-09-25 10:30:00,0.0
2019-09-26 10:30:00,0.0
2019-09-27 10:30:00,0.0
2019-09-28 10:30:00,0.0432
2019-09-29 10:30:00,0.0648
2019-09-30 10:30:00,0.0216
2019-10-01 10:30:00,0.0
2019-10-02 10:30:00,5.832
2019-10-03 10:30:00,3.7043998
2019-10-04 10:30:00,0.2916
2019-10-05 10:30:00,0.0
2019-10-06 10:30:00,0.0
2019-10-07 10:30:00,0.107999995
2019-10-08 10:30:00,0.0
2019-10-09 10:30:00,0.0
2019-10-10 10:30:00,0.0
2019-10-11 10:30:00,0.0
2019-10-12 10:30:00,0.0
2019-10-13 10:30:00,0.0
2019-10-14 10:30:00,0.0
2019-10-15 10:30:00,0.0
2019-10-16 10:30:00,0.0
2019-10-17 10:30:00,0.0
2019-10-18 10:30:00,0.0
2019-10-19 10:30:00,1.3068
2019-10-20 10:30:00,0.5832
2019-10-21 10:30:00,0.0
2019-10-22 10:30:00,0.0
2019-10-23 10:30:00,1.2744
2019-10-24 10:30:00,13.402801
2019-10-25 10:30:00,0.0324
2019-10-26 10:30:00,0.0
2019-10-27 10:30:00,0.0
2019-10-28 10:30:00,0.162
2019-10-29 10:30:00,0.1512
2019-10-30 10:30:00,0.0108
2019-10-31 10:30:00,0.0
2019-11-01 10:30:00,0.0
2019-11-02 10:30:00,0.0
2019-11-03 10:30:00,0.0
2019-11-04 10:30:00,0.0216
2019-11-05 10:30:00,0.27
2019-11-06 10:30:00,0.6048
2019-11-07 10:30:00,0.0324
2019-11-08 10:30:00,0.0324
2019-11-09 10:30:00,0.0864
2019-11-10 10:30:00,0.1728
2019-11-11 10:30:00,0.0432
2019-11-12 10:30:00,0.78840005
2019-11-13 10:30:00,0.0432
2019-11-14 10:30:00,0.0216
2019-11-15 10:30:00,0.097200006
2019-11-16 10:30:00,0.39960003
2019-11-17 10:30:00,0.78839993
2019-11-18 10:30:00,0.20520002
2019-11-19 10:30:00,0.14039999
2019-11-20 10:30:00,0.21599999
2019-11-21 10:30:00,0.0
2019-11-22 10:30:00,0.0108
2019-11-23 10:30:00,0.0
2019-11-24 10:30:00,0.0648
2019-11-25 10:30:00,0.107999995
2019-11-26 10:30:00,0.18360001
2019-11-27 10:30:00,0.0
2019-11-28 10:30:00,0.0
2019-11-29 10:30:00,0.37800002
2019-11-30 10:30:00,1.9116001
2019-12-01 10:30:00,0.18360001
2019-12-02 10:30:00,0.1512
2019-12-03 10:30:00,0.0432
2019-12-04 10:30:00,0.0
2019-12-05 10:30:00,0.0
2019-12-06 10:30:00,0.0
2019-12-07 10:30:00,0.0648
2019-12-08 10:30:00,0.14039999
2019-12-09 10:30:00,0.0756
2019-12-10 10:30:00,0.097200006
2019-12-11 10:30:00,0.0
2019-12-12 10:30:00,0.0216
2019-12-13 10:30:00,0.1296
2019-12-14 10:30:00,0.0
2019-12-15 10:30:00,0.0
2019-12-16 10:30:00,0.14039999
2019-12-17 10:30:00,0.0
2019-12-18 10:30:00,0.0648
2019-12-19 10:30:00,0.053999998
2019-12-20 10:30:00,0.0108
2019-12-21 10:30:00,0.0324
2019-12-22 10:30:00,0.1296
2019-12-23 10:30:00,0.0
2019-12-24 10:30:00,0.83160007
2019-12-25 10:30:00,0.1188
2019-12-26 10:30:00,0.0
2019-12-27 10:30:00,0.0
2019-12-28 10:30:00,3.5424
2019-12-29 10:30:00,0.55079997
2019-12-30 10:30:00,0.0432
2019-12-31 10:30:00,0.0
2020-01-01 10:30:00,0.0
2020-01-02 10:30:00,0.0
2020-01-03 10:30:00,0.1296
2020-01-04 10:30:00,0.0
2020-01-05 10:30:00,0.0324
2020-01-06 10:30:00,2.6676
2020-01-07 10:30:00,0.0
2020-01-08 10:30:00,0.0
2020-01-09 10:30:00,0.0
2020-01-10 10:30:00,0.0
2020-01-11 10:30:00,0.0
2020-01-12 10:30:00,0.0
2020-01-13 10:30:00,0.0
2020-01-14 10:30:00,0.0
2020-01-15 10:30:00,0.0
2020-01-16 10:30:00,0.0
2020-01-17 10:30:00,0.0
2020-01-18 10:30:00,1.35
2020-01-19 10:30:00,0.0324
2020-01-20 10:30:00,0.0
2020-01-21 10:30:00,0.0324
2020-01-22 10:30:00,0.1728
2020-01-23 10:30:00,0.0
2020-01-24 10:30:00,0.0
2020-01-25 10:30:00,0.0
2020-01-26 10:30:00,0.0
2020-01-27 10:30:00,0.0
2020-01-28 10:30:00,0.0
2020-01-29 10:30:00,0.0
2020-01-30 10:30:00,0.0
2020-01-31 10:30:00,0.19440001
2020-02-01 10:30:00,0.0864
2020-02-02 10:30:00,0.0
2020-02-03 10:30:00,0.0108
2020-02-04 10:30:00,0.0108
2020-02-05 10:30:00,0.0
2020-02-06 10:30:00,0.053999998
2020-02-07 10:30:00,0.0864
2020-02-08 10:30:00,0.0
2020-02-09 10:30:00,0.0
2020-02-10 10:30:00,0.0
2020-02-11 10:30:00,0.0
2020-02-12 10:30:00,0.2484
2020-02-13 10:30:00,3.0456
2020-02-14 10:30:00,0.0
2020-02-15 10:30:00,0.0
2020-02-16 10:30:00,0.0108
2020-02-17 10:30:00,0.0
2020-02-18 10:30:00,0.0
2020-02-19 10:30:00,0.0
2020-02-20 10:30:00,1.566
2020-02-21 10:30:00,1.1988
2020-02-22 10:30:00,0.107999995
2020-02-23 10:30:00,0.73440003
2020-02-24 10:30:00,0.0
2020-02-25 10:30:00,0.0
2020-02-26 10:30:00,0.0
2020-02-27 10:30:00,0.702
2020-02-28 10:30:00,0.37800002
2020-02-29 10:30:00,0.2484
2020-03-01 10:30:00,0.0756
2020-03-02 10:30:00,0.39959997
2020-03-03 10:30:00,0.9396
2020-03-04 10:30:00,0.0216
2020-03-05 10:30:00,0.0
2020-03-06 10:30:00,0.0
2020-03-07 10:30:00,0.0
2020-03-08 10:30:00,0.37800002
2020-03-09 10:30:00,0.2484
2020-03-10 10:30:00,0.9396
2020-03-11 10:30:00,0.0324
2020-03-12 10:30:00,0.0
2020-03-13 10:30:00,0.0108
2020-03-14 10:30:00,0.1188
2020-03-15 10:30:00,0.0108
2020-03-16 10:30:00,0.6048
2020-03-17 10:30:00,0.486
2020-03-18 10:30:00,0.37800002
2020-03-19 10:30:00,0.107999995
2020-03-20 10:30:00,0.0108
2020-03-21 10:30:00,0.0
2020-03-22 10:30:00,0.0756
2020-03-23 10:30:00,0.0
2020-03-24 10:30:00,0.0108
2020-03-25 10:30:00,0.19439998
2020-03-26 10:30:00,0.0
2020-03-27 10:30:00,0.0108
2020-03-28 10:30:00,0.0
2020-03-29 10:30:00,0.0108
2020-03-30 10:30:00,0.0
2020-03-31 10:30:00,0.0
2020-04-01 10:30:00,0.0
2020-04-02 10:30:00,0.0
2020-04-03 10:30:00,0.0
2020-04-04 10:30:00,0.0
2020-04-05 10:30:00,0.0
2020-04-06 10:30:00,0.0
2020-04-07 10:30:00,0.0108
2020-04-08 10:30:00,0.0
2020-04-09 10:30:00,0.0
2020-04-10 10:30:00,0.0
2020-04-11 10:30:00,0.0
2020-04-12 10:30:00,0.0
2020-04-13 10:30:00,0.0
2020-04-14 10:30:00,0.0
2020-04-15 10:30:00,0.0324
2020-04-16 10:30:00,0.1188
2020-04-17 10:30:00,0.0
2020-04-18 10:30:00,0.0
2020-04-19 10:30:00,19.1484
2020-04-20 10:30:00,3.7475998
2020-04-21 10:30:00,1.5336001
2020-04-22 10:30:00,0.0
2020-04-23 10:30:00,0.0324
2020-04-24 10:30:00,1.4688001
2020-04-25 10:30:00,2.9592001
2020-04-26 10:30:00,0.0
2020-04-27 10:30:00,0.0
2020-04-28 10:30:00,0.0432
2020-04-29 10:30:00,0.1404
2020-04-30 10:30:00,0.0
2020-05-01 10:30:00,0.0
2020-05-02 10:30:00,1.8468
2020-05-03 10:30:00,0.8748001
2020-05-04 10:30:00,0.37800002
2020-05-05 10:30:00,1.0799999
2020-05-06 10:30:00,0.0432
2020-05-07 10:30:00,0.0108
2020-05-08 10:30:00,0.0
2020-05-09 10:30:00,1.4796
2020-05-10 10:30:00,8.6508
2020-05-11 10:30:00,3.2508
2020-05-12 10:30:00,0.064799994
2020-05-13 10:30:00,0.0648
2020-05-14 10:30:00,0.0
2020-05-15 10:30:00,0.0648
2020-05-16 10:30:00,14.688
2020-05-17 10:30:00,14.471999
2020-05-18 10:30:00,0.0
2020-05-19 10:30:00,1.566
2020-05-20 10:30:00,2.5812001
2020-05-21 10:30:00,0.56159997
2020-05-22 10:30:00,1.1664
2020-05-23 10:30:00,1.1988
2020-05-24 10:30:00,0.8748001
2020-05-25 10:30:00,0.0108
2020-05-26 10:30:00,0.648
2020-05-27 10:30:00,0.0756
2020-05-28 10:30:00,0.0
2020-05-29 10:30:00,0.0432
2020-05-30 10:30:00,0.87479997
2020-05-31 10:30:00,4.0716004
2020-06-01 10:30:00,0.0
2020-06-02 10:30:00,10.6056
2020-06-03 10:30:00,6.4368
2020-06-04 10:30:00,0.097200006
2020-06-05 10:30:00,0.14039999
2020-06-06 10:30:00,0.2916
2020-06-07 10:30:00,0.20520002
2020-06-08 10:30:00,0.1296
2020-06-09 10:30:00,0.0432
2020-06-10 10:30:00,1.1988
2020-06-11 10:30:00,1.6092
2020-06-12 10:30:00,0.0864
2020-06-13 10:30:00,14.914801
2020-06-14 10:30:00,0.0756
2020-06-15 10:30:00,0.0
2020-06-16 10:30:00,0.0216
2020-06-17 10:30:00,2.8944001
2020-06-18 10:30:00,0.78839993
2020-06-19 10:30:00,11.8152
2020-06-20 10:30:00,16.9344
2020-06-21 10:30:00,0.2592
2020-06-22 10:30:00,37.2168
2020-06-23 10:30:00,5.4864
2020-06-24 10:30:00,0.0216
2020-06-25 10:30:00,0.0432
2020-06-26 10:30:00,0.0
2020-06-27 10:30:00,0.5076
2020-06-28 10:30:00,1.404
2020-06-29 10:30:00,9.3852
2020-06-30 10:30:00,7.0848
2020-07-01 10:30:00,0.0216
2020-07-02 10:30:00,0.0324
2020-07-03 10:30:00,1.6524
2020-07-04 10:30:00,1.1556
2020-07-05 10:30:00,9.6552
2020-07-06 10:30:00,4.86
2020-07-07 10:30:00,0.0
2020-07-08 10:30:00,0.0756
2020-07-09 10:30:00,0.0
2020-07-10 10:30:00,0.0
2020-07-11 10:30:00,0.41039997
2020-07-12 10:30:00,0.107999995
2020-07-13 10:30:00,9.6336
2020-07-14 10:30:00,0.0
2020-07-15 10:30:00,0.09719999
2020-07-16 10:30:00,0.0
2020-07-17 10:30:00,17.3556
2020-07-18 10:30:00,15.606001
2020-07-19 10:30:00,0.09719999
2020-07-20 10:30:00,0.0756
2020-07-21 10:30:00,0.0648
2020-07-22 10:30:00,0.0648
2020-07-23 10:30:00,0.0
2020-07-24 10:30:00,0.0
2020-07-25 10:30:00,1.674
2020-07-26 10:30:00,0.0216
2020-07-27 10:30:00,2.3544
2020-07-28 10:30:00,16.4916
2020-07-29 10:30:00,18.597599
2020-07-30 10:30:00,4.6872
2020-07-31 10:30:00,2.2463999
2020-08-01 10:30:00,2.6784
2020-08-02 10:30:00,6.6636
2020-08-03 10:30:00,1.9548001
2020-08-04 10:30:00,11.9124
2020-08-05 10:30:00,6.3396
2020-08-06 10:30:00,5.184
2020-08-07 10:30:00,8.2728
2020-08-08 10:30:00,12.5171995
2020-08-09 10:30:00,14.8392
2020-08-10 10:30:00,7.4412003
2020-08-11 10:30:00,1.1556
2020-08-12 10:30:00,1.08
2020-08-13 10:30:00,33.5448
2020-08-14 10:30:00,3.4991999
2020-08-15 10:30:00,0.2592
2020-08-16 10:30:00,6.0912
2020-08-17 10:30:00,19.915201
2020-08-18 10:30:00,0.2484
2020-08-19 10:30:00,0.0108
2020-08-20 10:30:00,0.0
2020-08-21 10:30:00,0.0
2020-08-22 10:30:00,0.0
2020-08-23 10:30:00,3.3695998
2020-08-24 10:30:00,3.7907999
2020-08-25 10:30:00,0.0
2020-08-26 10:30:00,0.162
2020-08-27 10:30:00,7.1712
2020-08-28 10:30:00,20.714401
2020-08-29 10:30:00,3.8339999
2020-08-30 10:30:00,8.8776
2020-08-31 10:30:00,0.86399996
2020-09-01 10:30:00,1.998
2020-09-02 10:30:00,0.0648
2020-09-03 10:30:00,12.0528
2020-09-04 10:30:00,23.965202
2020-09-05 10:30:00,0.51839995
2020-09-06 10:30:00,0.2268
2020-09-07 10:30:00,0.54
2020-09-08 10:30:00,0.0
2020-09-09 10:30:00,0.9288
2020-09-10 10:30:00,0.0108
2020-09-11 10:30:00,0.0
2020-09-12 10:30:00,0.0108
2020-09-13 10:30:00,0.1512
2020-09-14 10:30:00,2.3328
2020-09-15 10:30:00,31.6764
2020-09-16 10:30:00,41.6232
2020-09-17 10:30:00,4.2335997
2020-09-18 10:30:00,1.1664
2020-09-19 10:30:00,0.20519999
2020-09-20 10:30:00,0.55079997
2020-09-21 10:30:00,2.8512
2020-09-22 10:30:00,1.2636
2020-09-23 10:30:00,1.1448
2020-09-24 10:30:00,0.0
2020-09-25 10:30:00,0.053999998
2020-09-26 10:30:00,0.26999998
2020-09-27 10:30:00,0.0
2020-09-28 10:30:00,0.0
2020-09-29 10:30:00,0.0
2020-09-30 10:30:00,0.0
2020-10-01 10:30:00,9.8496
2020-10-02 10:30:00,1.5228
2020-10-03 10:30:00,0.78839993
2020-10-04 10:30:00,2.9484
2020-10-05 10:30:00,0.1188
2020-10-06 10:30:00,0.2808
2020-10-07 10:30:00,0.0
2020-10-08 10:30:00,4.7088
2020-10-09 10:30:00,0.36720002
2020-10-10 10:30:00,0.2484
2020-10-11 10:30:00,0.053999998
2020-10-12 10:30:00,1.2096
2020-10-13 10:30:00,3.0996
2020-10-14 10:30:00,0.0
2020-10-15 10:30:00,0.0
2020-10-16 10:30:00,0.0
2020-10-17 10:30:00,0.0
2020-10-18 10:30:00,0.0
2020-10-19 10:30:00,0.0
2020-10-20 10:30:00,1.188
2020-10-21 10:30:00,3.6504002
2020-10-22 10:30:00,0.0
2020-10-23 10:30:00,0.0
2020-10-24 10:30:00,0.0
2020-10-25 10:30:00,0.0
2020-10-26 10:30:00,0.0864
2020-10-27 10:30:00,0.0
2020-10-28 10:30:00,0.0
2020-10-29 10:30:00,0.0
2020-10-30 10:30:00,0.74520004
2020-10-31 10:30:00,1.7388
2020-11-01 10:30:00,0.14039999
2020-11-02 10:30:00,0.1296
2020-11-03 10:30:00,0.0
2020-11-04 10:30:00,0.0
2020-11-05 10:30:00,0.0
2020-11-06 10:30:00,0.39960003
2020-11-07 10:30:00,1.1772
2020-11-08 10:30:00,0.0
2020-11-09 10:30:00,0.0
2020-11-10 10:30:00,0.0
2020-11-11 10:30:00,0.0
2020-11-12 10:30:00,0.0216
2020-11-13 10:30:00,0.0
2020-11-14 10:30:00,0.0
2020-11-15 10:30:00,0.0
2020-11-16 10:30:00,0.097200006
2020-11-17 10:30:00,3.8339999
2020-11-18 10:30:00,2.2896
2020-11-19 10:30:00,0.14039999
2020-11-20 10:30:00,0.3456
2020-11-21 10:30:00,0.0216
2020-11-22 10:30:00,0.0
2020-11-23 10:30:00,0.053999998
2020-11-24 10:30:00,1.4796
2020-11-25 10:30:00,0.0
2020-11-26 10:30:00,0.0
2020-11-27 10:30:00,0.0
2020-11-28 10:30:00,0.0
2020-11-29 10:30:00,0.0
2020-11-30 10:30:00,0.0324
2020-12-01 10:30:00,0.0216
2020-12-02 10:30:00,0.053999998
2020-12-03 10:30:00,0.0
2020-12-04 10:30:00,0.0
2020-12-05 10:30:00,0.0
2020-12-06 10:30:00,0.0
2020-12-07 10:30:00,0.0
2020-12-08 10:30:00,0.0
2020-12-09 10:30:00,0.0
2020-12-10 10:30:00,0.0
2020-12-11 10:30:00,0.0
2020-12-12 10:30:00,0.0
2020-12-13 10:30:00,0.0756
2020-12-14 10:30:00,0.0432
2020-12-15 10:30:00,0.0
2020-12-16 10:30:00,0.0
2020-12-17 10:30:00,0.0216
2020-12-18 10:30:00,0.0
2020-12-19 10:30:00,0.0216
2020-12-20 10:30:00,0.0108
2020-12-21 10:30:00,0.0
2020-12-22 10:30:00,0.324
2020-12-23 10:30:00,1.1988
2020-12-24 10:30:00,0.0864
2020-12-25 10:30:00,0.0216
2020-12-26 10:30:00,0.0216
2020-12-27 10:30:00,0.0756
2020-12-28 10:30:00,0.2916
2020-12-29 10:30:00,0.0864
2020-12-30 10:30:00,0.0432
2020-12-31 10:30:00,0.0
2021-01-01 10:30:00,0.0
2021-01-02 10:30:00,0.0
2021-01-03 10:30:00,0.0216
2021-01-04 10:30:00,0.0
2021-01-05 10:30:00,0.053999998
2021-01-06 10:30:00,0.0
2021-01-07 10:30:00,0.0216
2021-01-08 10:30:00,0.0216
2021-01-09 10:30:00,0.0108
2021-01-10 10:30:00,0.0
2021-01-11 10:30:00,0.0324
2021-01-12 10:30:00,0.6156
2021-01-13 10:30:00,0.0
2021-01-14 10:30:00,0.0
2021-01-15 10:30:00,0.0
2021-01-16 10:30:00,0.1728
2021-01-17 10:30:00,0.3024
2021-01-18 10:30:00,0.0
2021-01-19 10:30:00,0.064799994
2021-01-20 10:30:00,0.0
2021-01-21 10:30:00,0.0108
2021-01-22 10:30:00,0.0
2021-01-23 10:30:00,0.0
2021-01-24 10:30:00,0.0324
2021-01-25 10:30:00,0.38880002
2021-01-26 10:30:00,0.0
2021-01-27 10:30:00,0.0
2021-01-28 10:30:00,0.0
2021-01-29 10:30:00,0.3024
2021-01-30 10:30:00,0.3348
2021-01-31 10:30:00,2.7864
2021-02-01 10:30:00,0.0
2021-02-02 10:30:00,0.0
2021-02-03 10:30:00,0.0
2021-02-04 10:30:00,0.053999998
2021-02-05 10:30:00,0.0216
2021-02-06 10:30:00,0.0324
2021-02-07 10:30:00,0.0
2021-02-08 10:30:00,0.0
2021-02-09 10:30:00,0.0
2021-02-10 10:30:00,0.0
2021-02-11 10:30:00,0.0
2021-02-12 10:30:00,0.0
2021-02-13 10:30:00,0.053999998
2021-02-14 10:30:00,0.0
2021-02-15 10:30:00,0.0
2021-02-16 10:30:00,0.0
2021-02-17 10:30:00,0.0
2021-02-18 10:30:00,0.0
2021-02-19 10:30:00,0.0756
2021-02-20 10:30:00,1.7063999
2021-02-21 10:30:00,2.43
2021-02-22 10:30:00,0.0
2021-02-23 10:30:00,0.0
2021-02-24 10:30:00,0.107999995
2021-02-25 10:30:00,0.0
2021-02-26 10:30:00,0.0864
2021-02-27 10:30:00,0.36720002
2021-02-28 10:30:00,0.0108
2021-03-01 10:30:00,0.107999995
2021-03-02 10:30:00,0.0108
2021-03-03 10:30:00,0.3348
2021-03-04 10:30:00,0.26999998
2021-03-05 10:30:00,0.0
2021-03-06 10:30:00,0.0
2021-03-07 10:30:00,0.0
2021-03-08 10:30:00,0.0
2021-03-09 10:30:00,0.0
2021-03-10 10:30:00,0.0
2021-03-11 10:30:00,0.0
2021-03-12 10:30:00,0.0
2021-03-13 10:30:00,0.0
2021-03-14 10:30:00,0.2376
2021-03-15 10:30:00,1.9224
2021-03-16 10:30:00,0.0
2021-03-17 10:30:00,0.0
2021-03-18 10:30:00,0.20519999
2021-03-19 10:30:00,0.6804
2021-03-20 10:30:00,2.9052
2021-03-21 10:30:00,0.0
2021-03-22 10:30:00,0.0
2021-03-23 10:30:00,0.0
2021-03-24 10:30:00,0.0
2021-03-25 10:30:00,0.324
2021-03-26 10:30:00,0.9396
2021-03-27 10:30:00,0.0
2021-03-28 10:30:00,1.7279999
2021-03-29 10:30:00,0.1404
2021-03-30 10:30:00,0.0
2021-03-31 10:30:00,0.0216
2021-04-01 10:30:00,0.38880002
2021-04-02 10:30:00,0.0
2021-04-03 10:30:00,0.0
2021-04-04 10:30:00,0.0
2021-04-05 10:30:00,0.0
2021-04-06 10:30:00,0.0
2021-04-07 10:30:00,0.0
2021-04-08 10:30:00,0.0
2021-04-09 10:30:00,0.0
2021-04-10 10:30:00,0.0216
2021-04-11 10:30:00,2.5704
2021-04-12 10:30:00,0.9828
2021-04-13 10:30:00,0.0
2021-04-14 10:30:00,0.0
2021-04-15 10:30:00,4.6008
2021-04-16 10:30:00,6.3396
2021-04-17 10:30:00,0.0
2021-04-18 10:30:00,0.0
2021-04-19 10:30:00,0.0
2021-04-20 10:30:00,0.0
2021-04-21 10:30:00,0.0
2021-04-22 10:30:00,0.0
2021-04-23 10:30:00,0.0324
2021-04-24 10:30:00,0.0
2021-04-25 10:30:00,0.0
2021-04-26 10:30:00,0.1404
2021-04-27 10:30:00,0.0432
2021-04-28 10:30:00,0.162
2021-04-29 10:30:00,0.0864
2021-04-30 10:30:00,1.1556
2021-05-01 10:30:00,1.0907999
2021-05-02 10:30:00,0.0216
2021-05-03 10:30:00,0.0216
2021-05-04 10:30:00,0.2484
2021-05-05 10:30:00,0.20520002
2021-05-06 10:30:00,0.4428
2021-05-07 10:30:00,6.1019998
2021-05-08 10:30:00,2.7756
2021-05-09 10:30:00,0.0216
2021-05-10 10:30:00,0.20520002
2021-05-11 10:30:00,3.2508
2021-05-12 10:30:00,1.6524
2021-05-13 10:30:00,0.0108
2021-05-14 10:30:00,0.2484
2021-05-15 10:30:00,0.0
2021-05-16 10:30:00,0.0108
2021-05-17 10:30:00,0.14039999
2021-05-18 10:30:00,0.3348
2021-05-19 10:30:00,1.0691999
2021-05-20 10:30:00,0.324
2021-05-21 10:30:00,0.0432
2021-05-22 10:30:00,0.38879997
2021-05-23 10:30:00,0.2592
2021-05-24 10:30:00,0.3132
2021-05-25 10:30:00,0.0216
2021-05-26 10:30:00,0.2808
2021-05-27 10:30:00,0.7128
2021-05-28 10:30:00,1.4688001
2021-05-29 10:30:00,0.18360001
2021-05-30 10:30:00,0.0
2021-05-31 10:30:00,6.5448003
2021-06-01 10:30:00,0.107999995
2021-06-02 10:30:00,18.684
2021-06-03 10:30:00,3.888
2021-06-04 10:30:00,9.2664
2021-06-05 10:30:00,0.3456
2021-06-06 10:30:00,0.0108
2021-06-07 10:30:00,0.19440001
2021-06-08 10:30:00,9.6552
2021-06-09 10:30:00,0.2808
2021-06-10 10:30:00,0.097200006
2021-06-11 10:30:00,0.0216
2021-06-12 10:30:00,0.54
2021-06-13 10:30:00,0.3564
2021-06-14 10:30:00,81.8856
2021-06-15 10:30:00,0.6912
2021-06-16 10:30:00,35.758797
2021-06-17 10:30:00,1.7712
2021-06-18 10:30:00,1.2204
2021-06-19 10:30:00,1.242
2021-06-20 10:30:00,7.9488
2021-06-21 10:30:00,5.4971995
2021-06-22 10:30:00,0.3024
2021-06-23 10:30:00,0.0
2021-06-24 10:30:00,0.0324
2021-06-25 10:30:00,0.0108
2021-06-26 10:30:00,0.4752
2021-06-27 10:30:00,0.6588
2021-06-28 10:30:00,0.097200006
2021-06-29 10:30:00,0.4968
2021-06-30 10:30:00,15.228001
2021-07-01 10:30:00,5.9184
2021-07-02 10:30:00,16.0488
2021-07-03 10:30:00,21.7512
2021-07-04 10:30:00,5.8104
2021-07-05 10:30:00,0.74520004
2021-07-06 10:30:00,0.9936
2021-07-07 10:30:00,6.7932
2021-07-08 10:30:00,4.536
2021-07-09 10:30:00,0.0756
2021-07-10 10:30:00,2.0951998
2021-07-11 10:30:00,0.324
2021-07-12 10:30:00,9.288
2021-07-13 10:30:00,22.7664
2021-07-14 10:30:00,0.0864
2021-07-15 10:30:00,1.1123999
2021-07-16 10:30:00,0.0864
2021-07-17 10:30:00,18.597599
2021-07-18 10:30:00,3.186
2021-07-19 10:30:00,0.0432
2021-07-20 10:30:00,0.18360001
2021-07-21 10:30:00,0.0216
2021-07-22 10:30:00,13.780801
2021-07-23 10:30:00,33.1776
2021-07-24 10:30:00,1.0044
2021-07-25 10:30:00,2.8404
2021-07-26 10:30:00,8.8668
2021-07-27 10:30:00,3.2508
2021-07-28 10:30:00,0.0
2021-07-29 10:30:00,0.9504
2021-07-30 10:30:00,4.05
2021-07-31 10:30:00,5.5727997
2021-08-01 10:30:00,10.2384
2021-08-02 10:30:00,0.0216
2021-08-03 10:30:00,0.78840005
2021-08-04 10:30:00,17.1612
2021-08-05 10:30:00,0.48599997
2021-08-06 10:30:00,0.107999995
2021-08-07 10:30:00,0.097200006
2021-08-08 10:30:00,7.344
2021-08-09 10:30:00,36.6444
2021-08-10 10:30:00,16.8048
2021-08-11 10:30:00,1.998
2021-08-12 10:30:00,0.73440003
2021-08-13 10:30:00,1.3068
2021-08-14 10:30:00,2.1168
2021-08-15 10:30:00,0.43199998
2021-08-16 10:30:00,1.2204
2021-08-17 10:30:00,0.0
2021-08-18 10:30:00,0.0
2021-08-19 10:30:00,7.4627995
2021-08-20 10:30:00,0.0432
2021-08-21 10:30:00,0.0108
2021-08-22 10:30:00,9.5472
2021-08-23 10:30:00,2.5272
2021-08-24 10:30:00,16.588799
2021-08-25 10:30:00,24.354
2021-08-26 10:30:00,9.7308
2021-08-27 10:30:00,6.8040004
2021-08-28 10:30:00,0.0
2021-08-29 10:30:00,0.0
2021-08-30 10:30:00,0.0324
2021-08-31 10:30:00,0.0
2021-09-01 10:30:00,0.3024
2021-09-02 10:30:00,9.2232
2021-09-03 10:30:00,21.0384
2021-09-04 10:30:00,2.322
2021-09-05 10:30:00,11.286
2021-09-06 10:30:00,12.258
2021-09-07 10:30:00,1.9548001
2021-09-08 10:30:00,4.7844005
2021-09-09 10:30:00,1.404
2021-09-10 10:30:00,1.2096
2021-09-11 10:30:00,0.19440001
2021-09-12 10:30:00,2.6028001
2021-09-13 10:30:00,0.0
2021-09-14 10:30:00,0.0648
2021-09-15 10:30:00,10.3464
2021-09-16 10:30:00,0.0324
2021-09-17 10:30:00,0.918
2021-09-18 10:30:00,2.8404
2021-09-19 10:30:00,0.097200006
2021-09-20 10:30:00,0.2484
2021-09-21 10:30:00,0.1404
2021-09-22 10:30:00,0.0108
2021-09-23 10:30:00,0.0
2021-09-24 10:30:00,5.3244004
2021-09-25 10:30:00,0.43199998
2021-09-26 10:30:00,2.268
2021-09-27 10:30:00,0.0
2021-09-28 10:30:00,0.0108
2021-09-29 10:30:00,0.0
2021-09-30 10:30:00,0.097200006
2021-10-01 10:30:00,0.0
2021-10-02 10:30:00,8.4456005
2021-10-03 10:30:00,4.158
2021-10-04 10:30:00,0.0
2021-10-05 10:30:00,0.0
2021-10-06 10:30:00,0.0
2021-10-07 10:30:00,0.0
2021-10-08 10:30:00,0.0756
2021-10-09 10:30:00,1.3715999
2021-10-10 10:30:00,0.0108
2021-10-11 10:30:00,0.0
2021-10-12 10:30:00,0.0
2021-10-13 10:30:00,0.0108
2021-10-14 10:30:00,0.918
2021-10-15 10:30:00,0.73440003
2021-10-16 10:30:00,0.0
2021-10-17 10:30:00,1.2636
2021-10-18 10:30:00,0.107999995
2021-10-19 10:30:00,0.0
2021-10-20 10:30:00,0.0
2021-10-21 10:30:00,0.0
2021-10-22 10:30:00,0.0
2021-10-23 10:30:00,0.0
2021-10-24 10:30:00,0.0
2021-10-25 10:30:00,0.0
2021-10-26 10:30:00,0.0
2021-10-27 10:30:00,0.0
2021-10-28 10:30:00,0.0
2021-10-29 10:30:00,0.0
2021-10-30 10:30:00,0.42119998
2021-10-31 10:30:00,0.0
2021-11-01 10:30:00,0.0
2021-11-02 10:30:00,0.19440001
2021-11-03 10:30:00,0.0
2021-11-04 10:30:00,0.0
2021-11-05 10:30:00,1.8252
2021-11-06 10:30:00,0.7128
2021-11-07 10:30:00,0.14039999
2021-11-08 10:30:00,0.43199998
2021-11-09 10:30:00,0.6912
2021-11-10 10:30:00,0.0
2021-11-11 10:30:00,0.0
2021-11-12 10:30:00,0.0
2021-11-13 10:30:00,0.0108
2021-11-14 10:30:00,0.0
2021-11-15 10:30:00,0.0
2021-11-16 10:30:00,0.0
2021-11-17 10:30:00,0.09719999
2021-11-18 10:30:00,0.09719999
2021-11-19 10:30:00,0.1188
2021-11-20 10:30:00,0.0756
2021-11-21 10:30:00,2.916
2021-11-22 10:30:00,0.0324
2021-11-23 10:30:00,0.0
2021-11-24 10:30:00,0.0
2021-11-25 10:30:00,0.0324
2021-11-26 10:30:00,0.0
2021-11-27 10:30:00,0.0
2021-11-28 10:30:00,0.0756
2021-11-29 10:30:00,0.0432
2021-11-30 10:30:00,0.0216
2021-12-01 10:30:00,0.21600002
2021-12-02 10:30:00,0.1512
2021-12-03 10:30:00,0.0
2021-12-04 10:30:00,0.0
2021-12-05 10:30:00,0.0
2021-12-06 10:30:00,0.0
2021-12-07 10:30:00,0.0
2021-12-08 10:30:00,0.0
2021-12-09 10:30:00,0.75600004
2021-12-10 10:30:00,0.3348
2021-12-11 10:30:00,0.2376
2021-12-12 10:30:00,0.0
2021-12-13 10:30:00,0.0
2021-12-14 10:30:00,0.0
2021-12-15 10:30:00,1.7712
2021-12-16 10:30:00,0.0216
2021-12-17 10:30:00,0.0
2021-12-18 10:30:00,0.0216
2021-12-19 10:30:00,0.0756
2021-12-20 10:30:00,0.1512
2021-12-21 10:30:00,0.0
2021-12-22 10:30:00,0.0
2021-12-23 10:30:00,0.0
2021-12-24 10:30:00,0.0
2021-12-25 10:30:00,0.0
2021-12-26 10:30:00,0.0
2021-12-27 10:30:00,0.0
2021-12-28 10:30:00,0.0
2021-12-29 10:30:00,0.0216
2021-12-30 10:30:00,0.0
2021-12-31 10:30:00,0.0
2022-01-01 10:30:00,0.2592
2022-01-02 10:30:00,0.053999998
2022-01-03 10:30:00,0.0216
2022-01-04 10:30:00,0.0
2022-01-05 10:30:00,0.0
2022-01-06 10:30:00,0.0
2022-01-07 10:30:00,0.0
2022-01-08 10:30:00,0.0108
2022-01-09 10:30:00,0.0756
2022-01-10 10:30:00,0.0432
2022-01-11 10:30:00,0.0
2022-01-12 10:30:00,0.20519999
2022-01-13 10:30:00,0.0
2022-01-14 10:30:00,0.1512
2022-01-15 10:30:00,0.0864
2022-01-16 10:30:00,0.0864
2022-01-17 10:30:00,0.0
2022-01-18 10:30:00,0.0
2022-01-19 10:30:00,0.0
2022-01-20 10:30:00,0.0
2022-01-21 10:30:00,0.0
2022-01-22 10:30:00,0.0
2022-01-23 10:30:00,0.0
2022-01-24 10:30:00,0.486
2022-01-25 10:30:00,0.2376
2022-01-26 10:30:00,0.0
2022-01-27 10:30:00,0.0
2022-01-28 10:30:00,0.0
2022-01-29 10:30:00,0.0
2022-01-30 10:30:00,0.0
2022-01-31 10:30:00,0.0
2022-02-01 10:30:00,0.0
2022-02-02 10:30:00,0.0
2022-02-03 10:30:00,0.0
2022-02-04 10:30:00,0.0
2022-02-05 10:30:00,0.0
2022-02-06 10:30:00,0.0
2022-02-07 10:30:00,0.0
2022-02-08 10:30:00,0.0216
2022-02-09 10:30:00,0.0
2022-02-10 10:30:00,3.3156002
2022-02-11 10:30:00,0.4752
2022-02-12 10:30:00,0.0108
2022-02-13 10:30:00,0.0
2022-02-14 10:30:00,0.0216
2022-02-15 10:30:00,0.0108
2022-02-16 10:30:00,0.0
2022-02-17 10:30:00,0.73440003
2022-02-18 10:30:00,0.702
2022-02-19 10:30:00,0.0108
2022-02-20 10:30:00,0.0108
2022-02-21 10:30:00,0.0
2022-02-22 10:30:00,0.0
2022-02-23 10:30:00,0.0
2022-02-24 10:30:00,0.0
2022-02-25 10:30:00,0.20519999
2022-02-26 10:30:00,0.0
2022-02-27 10:30:00,0.0108
2022-02-28 10:30:00,0.0432
2022-03-01 10:30:00,0.0108
2022-03-02 10:30:00,0.19440001
2022-03-03 10:30:00,0.097200006
2022-03-04 10:30:00,0.5832
2022-03-05 10:30:00,0.0216
2022-03-06 10:30:00,0.18360001
2022-03-07 10:30:00,0.0
2022-03-08 10:30:00,0.0
2022-03-09 10:30:00,0.0
2022-03-10 10:30:00,0.0
2022-03-11 10:30:00,0.0108
2022-03-12 10:30:00,4.3308
2022-03-13 10:30:00,0.486
2022-03-14 10:30:00,0.4536
2022-03-15 10:30:00,2.4084
2022-03-16 10:30:00,0.0324
2022-03-17 10:30:00,0.0
2022-03-18 10:30:00,0.0
2022-03-19 10:30:00,0.0
2022-03-20 10:30:00,0.0
2022-03-21 10:30:00,0.0
2022-03-22 10:30:00,0.0
2022-03-23 10:30:00,0.78840005
2022-03-24 10:30:00,3.2184
2022-03-25 10:30:00,0.2268
2022-03-26 10:30:00,0.6264
2022-03-27 10:30:00,0.2484
2022-03-28 10:30:00,0.20520002
2022-03-29 10:30:00,0.0432
2022-03-30 10:30:00,0.0
2022-03-31 10:30:00,0.0
2022-04-01 10:30:00,0.0
2022-04-02 10:30:00,0.0
2022-04-03 10:30:00,0.0
2022-04-04 10:30:00,1.1015999
2022-04-05 10:30:00,0.053999998
2022-04-06 10:30:00,0.0
2022-04-07 10:30:00,0.0
2022-04-08 10:30:00,0.0
2022-04-09 10:30:00,0.0
2022-04-10 10:30:00,0.0864
2022-04-11 10:30:00,0.0108
2022-04-12 10:30:00,0.0
2022-04-13 10:30:00,0.097200006
2022-04-14 10:30:00,0.1728
2022-04-15 10:30:00,0.0
2022-04-16 10:30:00,0.0
2022-04-17 10:30:00,0.0
2022-04-18 10:30:00,0.0108
2022-04-19 10:30:00,0.0
2022-04-20 10:30:00,0.0
2022-04-21 10:30:00,3.9852002
2022-04-22 10:30:00,0.24839999
2022-04-23 10:30:00,0.5184
2022-04-24 10:30:00,0.2484
2022-04-25 10:30:00,2.7864
2022-04-26 10:30:00,0.702
2022-04-27 10:30:00,0.0
2022-04-28 10:30:00,0.702
2022-04-29 10:30:00,6.4151998
2022-04-30 10:30:00,0.5724
2022-05-01 10:30:00,0.0
2022-05-02 10:30:00,0.0108
2022-05-03 10:30:00,0.20520002
2022-05-04 10:30:00,0.2376
2022-05-05 10:30:00,13.2408
2022-05-06 10:30:00,0.972
2022-05-07 10:30:00,0.0
2022-05-08 10:30:00,0.0
2022-05-09 10:30:00,0.1728
2022-05-10 10:30:00,2.6352
2022-05-11 10:30:00,0.3348
2022-05-12 10:30:00,0.6804
2022-05-13 10:30:00,0.9072
2022-05-14 10:30:00,0.0216
2022-05-15 10:30:00,0.0
2022-05-16 10:30:00,0.0648
2022-05-17 10:30:00,0.0
2022-05-18 10:30:00,0.5616
2022-05-19 10:30:00,0.2916
2022-05-20 10:30:00,0.7128
2022-05-21 10:30:00,0.0
2022-05-22 10:30:00,0.0
2022-05-23 10:30:00,2.16
2022-05-24 10:30:00,7.2144003
2022-05-25 10:30:00,0.1512
2022-05-26 10:30:00,0.0
2022-05-27 10:30:00,0.0756
2022-05-28 10:30:00,6.372
2022-05-29 10:30:00,4.8492002
2022-05-30 10:30:00,4.3092003
2022-05-31 10:30:00,1.1664
2022-06-01 10:30:00,0.486
2022-06-02 10:30:00,0.73440003
2022-06-03 10:30:00,0.2484
2022-06-04 10:30:00,1.8576
2022-06-05 10:30:00,0.21599999
2022-06-06 10:30:00,1.3068
2022-06-07 10:30:00,2.9268
2022-06-08 10:30:00,0.3456
2022-06-09 10:30:00,0.0108
2022-06-10 10:30:00,0.39960003
2022-06-11 10:30:00,6.7175994
2022-06-12 10:30:00,36.0396
2022-06-13 10:30:00,15.3684
2022-06-14 10:30:00,9.99
2022-06-15 10:30:00,2.5812001
2022-06-16 10:30:00,7.1064
2022-06-17 10:30:00,0.0432
2022-06-18 10:30:00,0.36720002
2022-06-19 10:30:00,0.0
2022-06-20 10:30:00,0.2808
2022-06-21 10:30:00,0.0324
2022-06-22 10:30:00,0.0216
2022-06-23 10:30:00,19.8612
2022-06-24 10:30:00,7.722
2022-06-25 10:30:00,2.9160001
2022-06-26 10:30:00,1.7712
2022-06-27 10:30:00,1.674
2022-06-28 10:30:00,0.0756
2022-06-29 10:30:00,11.3616
2022-06-30 10:30:00,0.6264
2022-07-01 10:30:00,5.1516
2022-07-02 10:30:00,4.6872
2022-07-03 10:30:00,10.7136
2022-07-04 10:30:00,0.0216
2022-07-05 10:30:00,4.8384
2022-07-06 10:30:00,27.6264
2022-07-07 10:30:00,0.21599999
2022-07-08 10:30:00,0.14039999
2022-07-09 10:30:00,0.74520004
2022-07-10 10:30:00,0.2484
2022-07-11 10:30:00,0.0216
2022-07-12 10:30:00,8.2836
2022-07-13 10:30:00,14.094001
2022-07-14 10:30:00,10.961999
2022-07-15 10:30:00,10.1736
2022-07-16 10:30:00,2.2247999
2022-07-17 10:30:00,2.3868
2022-07-18 10:30:00,5.4323997
2022-07-19 10:30:00,0.20519999
2022-07-20 10:30:00,0.3024
2022-07-21 10:30:00,0.162
2022-07-22 10:30:00,5.8427997
2022-07-23 10:30:00,3.2508
2022-07-24 10:30:00,4.6224
2022-07-25 10:30:00,8.726399
2022-07-26 10:30:00,30.531599
2022-07-27 10:30:00,11.988
2022-07-28 10:30:00,1.4904001
2022-07-29 10:30:00,0.0324
2022-07-30 10:30:00,0.053999998
2022-07-31 10:30:00,4.0284
2022-08-01 10:30:00,2.916
2022-08-02 10:30:00,0.0324
2022-08-03 10:30:00,0.097200006
2022-08-04 10:30:00,19.396801
2022-08-05 10:30:00,0.2592
2022-08-06 10:30:00,0.5184
2022-08-07 10:30:00,0.324
2022-08-08 10:30:00,0.0
2022-08-09 10:30:00,0.0
2022-08-10 10:30:00,0.0
2022-08-11 10:30:00,0.0
2022-08-12 10:30:00,0.78840005
2022-08-13 10:30:00,0.0
2022-08-14 10:30:00,9.8928
2022-08-15 10:30:00,5.7888002
2022-08-16 10:30:00,0.0756
2022-08-17 10:30:00,0.9504
2022-08-18 10:30:00,1.4688001
2022-08-19 10:30:00,0.0324
2022-08-20 10:30:00,1.3499999
2022-08-21 10:30:00,15.228001
2022-08-22 10:30:00,2.3652
2022-08-23 10:30:00,0.0216
2022-08-24 10:30:00,2.7216
2022-08-25 10:30:00,0.2484
2022-08-26 10:30:00,0.0108
2022-08-27 10:30:00,0.0
2022-08-28 10:30:00,0.1188
2022-08-29 10:30:00,0.0648
2022-08-30 10:30:00,0.5292
2022-08-31 10:30:00,1.5444
2022-09-01 10:30:00,0.0
2022-09-02 10:30:00,0.0
2022-09-03 10:30:00,0.0108
2022-09-04 10:30:00,3.7475998
2022-09-05 10:30:00,0.77760005
2022-09-06 10:30:00,0.1512
2022-09-07 10:30:00,0.0648
2022-09-08 10:30:00,0.107999995
2022-09-09 10:30:00,0.0108
2022-09-10 10:30:00,0.097200006
2022-09-11 10:30:00,0.0108
2022-09-12 10:30:00,0.0108
2022-09-13 10:30:00,0.0
2022-09-14 10:30:00,0.0
2022-09-15 10:30:00,0.0
2022-09-16 10:30:00,0.0324
2022-09-17 10:30:00,0.5076
2022-09-18 10:30:00,0.0
2022-09-19 10:30:00,0.0
2022-09-20 10:30:00,0.0216
2022-09-21 10:30:00,0.4968
2022-09-22 10:30:00,10.5408
2022-09-23 10:30:00,0.74520004
2022-09-24 10:30:00,0.0216
2022-09-25 10:30:00,0.0
2022-09-26 10:30:00,0.0108
2022-09-27 10:30:00,0.0
2022-09-28 10:30:00,0.0
2022-09-29 10:30:00,0.38880002
2022-09-30 10:30:00,1.1231999
2022-10-01 10:30:00,4.1148
2022-10-02 10:30:00,23.2632
2022-10-03 10:30:00,0.1512
2022-10-04 10:30:00,0.0
2022-10-05 10:30:00,0.0324
2022-10-06 10:30:00,0.0108
2022-10-07 10:30:00,0.0432
2022-10-08 10:30:00,0.74520004
2022-10-09 10:30:00,0.0
2022-10-10 10:30:00,0.0
2022-10-11 10:30:00,0.0
2022-10-12 10:30:00,0.0
2022-10-13 10:30:00,0.0
2022-10-14 10:30:00,0.0
2022-10-15 10:30:00,0.0
2022-10-16 10:30:00,0.0432
2022-10-17 10:30:00,0.0
2022-10-18 10:30:00,0.0
2022-10-19 10:30:00,0.0
2022-10-20 10:30:00,0.0
2022-10-21 10:30:00,0.0
2022-10-22 10:30:00,0.053999998
2022-10-23 10:30:00,0.0
2022-10-24 10:30:00,0.0
2022-10-25 10:30:00,0.2484
2022-10-26 10:30:00,0.0432
2022-10-27 10:30:00,0.0
2022-10-28 10:30:00,0.0
2022-10-29 10:30:00,0.0
2022-10-30 10:30:00,1.0367999
2022-10-31 10:30:00,1.5768001
2022-11-01 10:30:00,0.0
2022-11-02 10:30:00,0.0
2022-11-03 10:30:00,0.0
2022-11-04 10:30:00,0.0
2022-11-05 10:30:00,0.0
2022-11-06 10:30:00,0.0
2022-11-07 10:30:00,0.0
2022-11-08 10:30:00,0.0
2022-11-09 10:30:00,0.0432
2022-11-10 10:30:00,0.0324
2022-11-11 10:30:00,0.1728
2022-11-12 10:30:00,0.0864
2022-11-13 10:30:00,0.0
2022-11-14 10:30:00,0.0
2022-11-15 10:30:00,0.0
2022-11-16 10:30:00,0.0
2022-11-17 10:30:00,0.107999995
2022-11-18 10:30:00,1.1772
2022-11-19 10:30:00,0.6912
2022-11-20 10:30:00,0.0
2022-11-21 10:30:00,0.0
2022-11-22 10:30:00,0.43199998
2022-11-23 10:30:00,0.0108
2022-11-24 10:30:00,3.1104002
2022-11-25 10:30:00,0.3564
2022-11-26 10:30:00,0.28079998
2022-11-27 10:30:00,1.5984001
2022-11-28 10:30:00,2.4516
2022-11-29 10:30:00,0.14039999
2022-11-30 10:30:00,0.1296
2022-12-01 10:30:00,0.0
2022-12-02 10:30:00,0.0324
2022-12-03 10:30:00,0.0216
2022-12-04 10:30:00,0.0
2022-12-05 10:30:00,0.0
2022-12-06 10:30:00,0.28079998
2022-12-07 10:30:00,0.2268
2022-12-08 10:30:00,0.0
2022-12-09 10:30:00,0.0
2022-12-10 10:30:00,0.0
2022-12-11 10:30:00,0.2376
2022-12-12 10:30:00,0.42119998
2022-12-13 10:30:00,0.0648
2022-12-14 10:30:00,0.0
2022-12-15 10:30:00,0.0
2022-12-16 10:30:00,0.107999995
2022-12-17 10:30:00,0.0
2022-12-18 10:30:00,0.0
2022-12-19 10:30:00,0.0
2022-12-20 10:30:00,0.8424001
2022-12-21 10:30:00,0.0756
2022-12-22 10:30:00,0.0216
2022-12-23 10:30:00,0.0
2022-12-24 10:30:00,0.0
2022-12-25 10:30:00,0.0
2022-12-26 10:30:00,0.1728
2022-12-27 10:30:00,0.14039999
2022-12-28 10:30:00,0.0
2022-12-29 10:30:00,0.0
2022-12-30 10:30:00,0.0
2022-12-31 10:30:00,0.0324
