time,rhum
2012-01-01 10:30:00,0.5465375
2012-01-02 10:30:00,0.5398625
2012-01-03 10:30:00,0.61513746
2012-01-04 10:30:00,0.46331248
2012-01-05 10:30:00,0.504475
2012-01-06 10:30:00,0.4247625
2012-01-07 10:30:00,0.44097498
2012-01-08 10:30:00,0.47612497
2012-01-09 10:30:00,0.53643745
2012-01-10 10:30:00,0.61698747
2012-01-11 10:30:00,0.55707496
2012-01-12 10:30:00,0.5999625
2012-01-13 10:30:00,0.53985
2012-01-14 10:30:00,0.45243752
2012-01-15 10:30:00,0.4950625
2012-01-16 10:30:00,0.6343125
2012-01-17 10:30:00,0.5580625
2012-01-18 10:30:00,0.5691625
2012-01-19 10:30:00,0.5576125
2012-01-20 10:30:00,0.323875
2012-01-21 10:30:00,0.2930375
2012-01-22 10:30:00,0.321525
2012-01-23 10:30:00,0.3588625
2012-01-24 10:30:00,0.34777498
2012-01-25 10:30:00,0.4088
2012-01-26 10:30:00,0.344575
2012-01-27 10:30:00,0.331025
2012-01-28 10:30:00,0.3159375
2012-01-29 10:30:00,0.33263752
2012-01-30 10:30:00,0.3073
2012-01-31 10:30:00,0.32763752
2012-02-01 10:30:00,0.336925
2012-02-02 10:30:00,0.2975625
2012-02-03 10:30:00,0.33369997
2012-02-04 10:30:00,0.3523625
2012-02-05 10:30:00,0.277575
2012-02-06 10:30:00,0.2565375
2012-02-07 10:30:00,0.30435
2012-02-08 10:30:00,0.3470375
2012-02-09 10:30:00,0.325675
2012-02-10 10:30:00,0.3284375
2012-02-11 10:30:00,0.30795
2012-02-12 10:30:00,0.3147125
2012-02-13 10:30:00,0.3119375
2012-02-14 10:30:00,0.34056252
2012-02-15 10:30:00,0.33194998
2012-02-16 10:30:00,0.3039375
2012-02-17 10:30:00,0.3127125
2012-02-18 10:30:00,0.32322502
2012-02-19 10:30:00,0.3217125
2012-02-20 10:30:00,0.21376249
2012-02-21 10:30:00,0.17236249
2012-02-22 10:30:00,0.18364999
2012-02-23 10:30:00,0.2827375
2012-02-24 10:30:00,0.2985125
2012-02-25 10:30:00,0.2584625
2012-02-26 10:30:00,0.32523748
2012-02-27 10:30:00,0.322825
2012-02-28 10:30:00,0.2678875
2012-02-29 10:30:00,0.2897625
2012-03-01 10:30:00,0.220775
2012-03-02 10:30:00,0.241125
2012-03-03 10:30:00,0.19817498
2012-03-04 10:30:00,0.3648875
2012-03-05 10:30:00,0.75644994
2012-03-06 10:30:00,0.51795
2012-03-07 10:30:00,0.5566125
2012-03-08 10:30:00,0.36704996
2012-03-09 10:30:00,0.312425
2012-03-10 10:30:00,0.5002875
2012-03-11 10:30:00,0.4270375
2012-03-12 10:30:00,0.39213747
2012-03-13 10:30:00,0.32553747
2012-03-14 10:30:00,0.34853747
2012-03-15 10:30:00,0.36674997
2012-03-16 10:30:00,0.31905
2012-03-17 10:30:00,0.19061251
2012-03-18 10:30:00,0.2392
2012-03-19 10:30:00,0.186425
2012-03-20 10:30:00,0.21983749
2012-03-21 10:30:00,0.2948125
2012-03-22 10:30:00,0.2296875
2012-03-23 10:30:00,0.3973875
2012-03-24 10:30:00,0.313775
2012-03-25 10:30:00,0.2803625
2012-03-26 10:30:00,0.25736248
2012-03-27 10:30:00,0.19552499
2012-03-28 10:30:00,0.16955
2012-03-29 10:30:00,0.60034996
2012-03-30 10:30:00,0.38623747
2012-03-31 10:30:00,0.51334995
2012-04-01 10:30:00,0.1975875
2012-04-02 10:30:00,0.1961125
2012-04-03 10:30:00,0.290325
2012-04-04 10:30:00,0.37690002
2012-04-05 10:30:00,0.4164875
2012-04-06 10:30:00,0.1996125
2012-04-07 10:30:00,0.2040875
2012-04-08 10:30:00,0.3098375
2012-04-09 10:30:00,0.1772625
2012-04-10 10:30:00,0.19827498
2012-04-11 10:30:00,0.234
2012-04-12 10:30:00,0.23049998
2012-04-13 10:30:00,0.159825
2012-04-14 10:30:00,0.34248748
2012-04-15 10:30:00,0.21647498
2012-04-16 10:30:00,0.16784999
2012-04-17 10:30:00,0.1942875
2012-04-18 10:30:00,0.2843625
2012-04-19 10:30:00,0.424475
2012-04-20 10:30:00,0.2431125
2012-04-21 10:30:00,0.4729875
2012-04-22 10:30:00,0.4477875
2012-04-23 10:30:00,0.487525
2012-04-24 10:30:00,0.271175
2012-04-25 10:30:00,0.19138749
2012-04-26 10:30:00,0.16235
2012-04-27 10:30:00,0.513375
2012-04-28 10:30:00,0.26056248
2012-04-29 10:30:00,0.16733749
2012-04-30 10:30:00,0.217125
2012-05-01 10:30:00,0.1340625
2012-05-02 10:30:00,0.26393747
2012-05-03 10:30:00,0.134975
2012-05-04 10:30:00,0.14675
2012-05-05 10:30:00,0.12674999
2012-05-06 10:30:00,0.283725
2012-05-07 10:30:00,0.2807625
2012-05-08 10:30:00,0.3630875
2012-05-09 10:30:00,0.3382375
2012-05-10 10:30:00,0.374925
2012-05-11 10:30:00,0.332725
2012-05-12 10:30:00,0.668325
2012-05-13 10:30:00,0.6579875
2012-05-14 10:30:00,0.55105
2012-05-15 10:30:00,0.5923125
2012-05-16 10:30:00,0.82025
2012-05-17 10:30:00,0.39951247
2012-05-18 10:30:00,0.3284375
2012-05-19 10:30:00,0.17475
2012-05-20 10:30:00,0.2745625
2012-05-21 10:30:00,0.312875
2012-05-22 10:30:00,0.4000125
2012-05-23 10:30:00,0.21165
2012-05-24 10:30:00,0.19956249
2012-05-25 10:30:00,0.2554375
2012-05-26 10:30:00,0.373925
2012-05-27 10:30:00,0.2895125
2012-05-28 10:30:00,0.4324875
2012-05-29 10:30:00,0.5487875
2012-05-30 10:30:00,0.62294996
2012-05-31 10:30:00,0.54606247
2012-06-01 10:30:00,0.44035
2012-06-02 10:30:00,0.831225
2012-06-03 10:30:00,0.67378753
2012-06-04 10:30:00,0.777025
2012-06-05 10:30:00,0.46456248
2012-06-06 10:30:00,0.59525
2012-06-07 10:30:00,0.49502498
2012-06-08 10:30:00,0.6204625
2012-06-09 10:30:00,0.446025
2012-06-10 10:30:00,0.40826252
2012-06-11 10:30:00,0.618225
2012-06-12 10:30:00,0.85457504
2012-06-13 10:30:00,0.81714994
2012-06-14 10:30:00,0.7729875
2012-06-15 10:30:00,0.90937495
2012-06-16 10:30:00,0.81022495
2012-06-17 10:30:00,0.83839995
2012-06-18 10:30:00,0.6632625
2012-06-19 10:30:00,0.5799375
2012-06-20 10:30:00,0.5146375
2012-06-21 10:30:00,0.5419875
2012-06-22 10:30:00,0.5553375
2012-06-23 10:30:00,0.69996244
2012-06-24 10:30:00,0.7991625
2012-06-25 10:30:00,0.65929997
2012-06-26 10:30:00,0.6464375
2012-06-27 10:30:00,0.82089996
2012-06-28 10:30:00,0.6970375
2012-06-29 10:30:00,0.74682504
2012-06-30 10:30:00,0.4474375
2012-07-01 10:30:00,0.80051243
2012-07-02 10:30:00,0.837325
2012-07-03 10:30:00,0.78347504
2012-07-04 10:30:00,0.702625
2012-07-05 10:30:00,0.66714996
2012-07-06 10:30:00,0.6004625
2012-07-07 10:30:00,0.58105
2012-07-08 10:30:00,0.7410375
2012-07-09 10:30:00,0.73762494
2012-07-10 10:30:00,0.75427496
2012-07-11 10:30:00,0.86644995
2012-07-12 10:30:00,0.8442624
2012-07-13 10:30:00,0.666725
2012-07-14 10:30:00,0.52792495
2012-07-15 10:30:00,0.56255
2012-07-16 10:30:00,0.52072495
2012-07-17 10:30:00,0.5255625
2012-07-18 10:30:00,0.67792493
2012-07-19 10:30:00,0.64797497
2012-07-20 10:30:00,0.7024375
2012-07-21 10:30:00,0.8009375
2012-07-22 10:30:00,0.85155
2012-07-23 10:30:00,0.6146875
2012-07-24 10:30:00,0.7049375
2012-07-25 10:30:00,0.7693875
2012-07-26 10:30:00,0.60459995
2012-07-27 10:30:00,0.6107625
2012-07-28 10:30:00,0.72029996
2012-07-29 10:30:00,0.83895004
2012-07-30 10:30:00,0.78047496
2012-07-31 10:30:00,0.67653745
2012-08-01 10:30:00,0.65925
2012-08-02 10:30:00,0.72008747
2012-08-03 10:30:00,0.72354996
2012-08-04 10:30:00,0.685875
2012-08-05 10:30:00,0.6429
2012-08-06 10:30:00,0.59025
2012-08-07 10:30:00,0.6075125
2012-08-08 10:30:00,0.60136247
2012-08-09 10:30:00,0.4929375
2012-08-10 10:30:00,0.6566749
2012-08-11 10:30:00,0.66288745
2012-08-12 10:30:00,0.53533745
2012-08-13 10:30:00,0.4586875
2012-08-14 10:30:00,0.5543
2012-08-15 10:30:00,0.4955625
2012-08-16 10:30:00,0.4713875
2012-08-17 10:30:00,0.66769993
2012-08-18 10:30:00,0.5383
2012-08-19 10:30:00,0.47509998
2012-08-20 10:30:00,0.5343625
2012-08-21 10:30:00,0.4619875
2012-08-22 10:30:00,0.31997502
2012-08-23 10:30:00,0.4176125
2012-08-24 10:30:00,0.5617125
2012-08-25 10:30:00,0.51362497
2012-08-26 10:30:00,0.5818
2012-08-27 10:30:00,0.6784375
2012-08-28 10:30:00,0.62224996
2012-08-29 10:30:00,0.42096248
2012-08-30 10:30:00,0.4934375
2012-08-31 10:30:00,0.65769994
2012-09-01 10:30:00,0.5596875
2012-09-02 10:30:00,0.8589625
2012-09-03 10:30:00,0.6970375
2012-09-04 10:30:00,0.7991875
2012-09-05 10:30:00,0.618775
2012-09-06 10:30:00,0.43815
2012-09-07 10:30:00,0.59564996
2012-09-08 10:30:00,0.67683744
2012-09-09 10:30:00,0.6193625
2012-09-10 10:30:00,0.62834996
2012-09-11 10:30:00,0.86345
2012-09-12 10:30:00,0.79996246
2012-09-13 10:30:00,0.7361125
2012-09-14 10:30:00,0.5377375
2012-09-15 10:30:00,0.61707497
2012-09-16 10:30:00,0.5174625
2012-09-17 10:30:00,0.55076253
2012-09-18 10:30:00,0.55885
2012-09-19 10:30:00,0.5851875
2012-09-20 10:30:00,0.454
2012-09-21 10:30:00,0.506825
2012-09-22 10:30:00,0.6828375
2012-09-23 10:30:00,0.6436
2012-09-24 10:30:00,0.56343746
2012-09-25 10:30:00,0.84595
2012-09-26 10:30:00,0.5540625
2012-09-27 10:30:00,0.84708744
2012-09-28 10:30:00,0.421375
2012-09-29 10:30:00,0.506575
2012-09-30 10:30:00,0.54877496
2012-10-01 10:30:00,0.585625
2012-10-02 10:30:00,0.5008625
2012-10-03 10:30:00,0.81485
2012-10-04 10:30:00,0.4937875
2012-10-05 10:30:00,0.4866875
2012-10-06 10:30:00,0.48358747
2012-10-07 10:30:00,0.56775
2012-10-08 10:30:00,0.56979996
2012-10-09 10:30:00,0.5318625
2012-10-10 10:30:00,0.4352125
2012-10-11 10:30:00,0.49627498
2012-10-12 10:30:00,0.539075
2012-10-13 10:30:00,0.524875
2012-10-14 10:30:00,0.4899375
2012-10-15 10:30:00,0.57533747
2012-10-16 10:30:00,0.701525
2012-10-17 10:30:00,0.5251
2012-10-18 10:30:00,0.4699375
2012-10-19 10:30:00,0.3617625
2012-10-20 10:30:00,0.344975
2012-10-21 10:30:00,0.43702498
2012-10-22 10:30:00,0.51782495
2012-10-23 10:30:00,0.5539125
2012-10-24 10:30:00,0.5421375
2012-10-25 10:30:00,0.452575
2012-10-26 10:30:00,0.58007497
2012-10-27 10:30:00,0.36936247
2012-10-28 10:30:00,0.3051375
2012-10-29 10:30:00,0.3947
2012-10-30 10:30:00,0.619075
2012-10-31 10:30:00,0.5262125
2012-11-01 10:30:00,0.48416248
2012-11-02 10:30:00,0.43888748
2012-11-03 10:30:00,0.48749998
2012-11-04 10:30:00,0.5445125
2012-11-05 10:30:00,0.58535004
2012-11-06 10:30:00,0.49792498
2012-11-07 10:30:00,0.49835
2012-11-08 10:30:00,0.52309996
2012-11-09 10:30:00,0.56565
2012-11-10 10:30:00,0.6440375
2012-11-11 10:30:00,0.68131244
2012-11-12 10:30:00,0.58467495
2012-11-13 10:30:00,0.57794994
2012-11-14 10:30:00,0.580275
2012-11-15 10:30:00,0.43531248
2012-11-16 10:30:00,0.494225
2012-11-17 10:30:00,0.5764125
2012-11-18 10:30:00,0.80544996
2012-11-19 10:30:00,0.6064625
2012-11-20 10:30:00,0.595225
2012-11-21 10:30:00,0.51292497
2012-11-22 10:30:00,0.517975
2012-11-23 10:30:00,0.5530125
2012-11-24 10:30:00,0.65925
2012-11-25 10:30:00,0.524075
2012-11-26 10:30:00,0.505625
2012-11-27 10:30:00,0.678675
2012-11-28 10:30:00,0.5066875
2012-11-29 10:30:00,0.4688375
2012-11-30 10:30:00,0.404
2012-12-01 10:30:00,0.55665
2012-12-02 10:30:00,0.6313125
2012-12-03 10:30:00,0.48049998
2012-12-04 10:30:00,0.47162497
2012-12-05 10:30:00,0.42319998
2012-12-06 10:30:00,0.39346248
2012-12-07 10:30:00,0.46836248
2012-12-08 10:30:00,0.473175
2012-12-09 10:30:00,0.6971125
2012-12-10 10:30:00,0.638725
2012-12-11 10:30:00,0.6265625
2012-12-12 10:30:00,0.69042504
2012-12-13 10:30:00,0.462925
2012-12-14 10:30:00,0.530825
2012-12-15 10:30:00,0.694075
2012-12-16 10:30:00,0.52775
2012-12-17 10:30:00,0.4290375
2012-12-18 10:30:00,0.44677502
2012-12-19 10:30:00,0.46244997
2012-12-20 10:30:00,0.5377875
2012-12-21 10:30:00,0.41965
2012-12-22 10:30:00,0.36934996
2012-12-23 10:30:00,0.35989997
2012-12-24 10:30:00,0.4044625
2012-12-25 10:30:00,0.3534875
2012-12-26 10:30:00,0.464375
2012-12-27 10:30:00,0.565
2012-12-28 10:30:00,0.6247625
2012-12-29 10:30:00,0.5629875
2012-12-30 10:30:00,0.4402875
2012-12-31 10:30:00,0.4974375
2013-01-01 10:30:00,0.37301248
2013-01-02 10:30:00,0.38322496
2013-01-03 10:30:00,0.3368
2013-01-04 10:30:00,0.34263748
2013-01-05 10:30:00,0.37263748
2013-01-06 10:30:00,0.5700375
2013-01-07 10:30:00,0.5273125
2013-01-08 10:30:00,0.40401247
2013-01-09 10:30:00,0.449975
2013-01-10 10:30:00,0.536375
2013-01-11 10:30:00,0.62425
2013-01-12 10:30:00,0.6089625
2013-01-13 10:30:00,0.59833753
2013-01-14 10:30:00,0.5800125
2013-01-15 10:30:00,0.68764997
2013-01-16 10:30:00,0.48185
2013-01-17 10:30:00,0.48529997
2013-01-18 10:30:00,0.659225
2013-01-19 10:30:00,0.6167375
2013-01-20 10:30:00,0.6571125
2013-01-21 10:30:00,0.63234997
2013-01-22 10:30:00,0.55268747
2013-01-23 10:30:00,0.5857875
2013-01-24 10:30:00,0.33776248
2013-01-25 10:30:00,0.40561247
2013-01-26 10:30:00,0.44285
2013-01-27 10:30:00,0.59012496
2013-01-28 10:30:00,0.6940249
2013-01-29 10:30:00,0.6279375
2013-01-30 10:30:00,0.7523625
2013-01-31 10:30:00,0.6652625
2013-02-01 10:30:00,0.37206247
2013-02-02 10:30:00,0.40092498
2013-02-03 10:30:00,0.64067495
2013-02-04 10:30:00,0.45904997
2013-02-05 10:30:00,0.48255
2013-02-06 10:30:00,0.32197496
2013-02-07 10:30:00,0.3366875
2013-02-08 10:30:00,0.3256
2013-02-09 10:30:00,0.33855
2013-02-10 10:30:00,0.3468875
2013-02-11 10:30:00,0.4193875
2013-02-12 10:30:00,0.4147625
2013-02-13 10:30:00,0.35893747
2013-02-14 10:30:00,0.37305
2013-02-15 10:30:00,0.427175
2013-02-16 10:30:00,0.6051
2013-02-17 10:30:00,0.37201253
2013-02-18 10:30:00,0.282275
2013-02-19 10:30:00,0.3065
2013-02-20 10:30:00,0.2852375
2013-02-21 10:30:00,0.3397875
2013-02-22 10:30:00,0.38337502
2013-02-23 10:30:00,0.2275625
2013-02-24 10:30:00,0.34456247
2013-02-25 10:30:00,0.50018746
2013-02-26 10:30:00,0.7031125
2013-02-27 10:30:00,0.37655
2013-02-28 10:30:00,0.64489996
2013-03-01 10:30:00,0.3401875
2013-03-02 10:30:00,0.4765625
2013-03-03 10:30:00,0.5955125
2013-03-04 10:30:00,0.40193748
2013-03-05 10:30:00,0.585175
2013-03-06 10:30:00,0.418825
2013-03-07 10:30:00,0.30334997
2013-03-08 10:30:00,0.47542498
2013-03-09 10:30:00,0.5436
2013-03-10 10:30:00,0.44622502
2013-03-11 10:30:00,0.4784625
2013-03-12 10:30:00,0.305375
2013-03-13 10:30:00,0.32365
2013-03-14 10:30:00,0.4211
2013-03-15 10:30:00,0.5281375
2013-03-16 10:30:00,0.4035875
2013-03-17 10:30:00,0.3802875
2013-03-18 10:30:00,0.3138125
2013-03-19 10:30:00,0.2691875
2013-03-20 10:30:00,0.28682497
2013-03-21 10:30:00,0.300425
2013-03-22 10:30:00,0.2742625
2013-03-23 10:30:00,0.38185
2013-03-24 10:30:00,0.34618747
2013-03-25 10:30:00,0.3034875
2013-03-26 10:30:00,0.2653125
2013-03-27 10:30:00,0.40037498
2013-03-28 10:30:00,0.32072496
2013-03-29 10:30:00,0.3019375
2013-03-30 10:30:00,0.24518749
2013-03-31 10:30:00,0.2121375
2013-04-01 10:30:00,0.2457875
2013-04-02 10:30:00,0.21686248
2013-04-03 10:30:00,0.2285375
2013-04-04 10:30:00,0.428025
2013-04-05 10:30:00,0.6176125
2013-04-06 10:30:00,0.340675
2013-04-07 10:30:00,0.3425375
2013-04-08 10:30:00,0.4446625
2013-04-09 10:30:00,0.2660875
2013-04-10 10:30:00,0.41323748
2013-04-11 10:30:00,0.33816248
2013-04-12 10:30:00,0.2865625
2013-04-13 10:30:00,0.21855
2013-04-14 10:30:00,0.2059
2013-04-15 10:30:00,0.15123749
2013-04-16 10:30:00,0.21087499
2013-04-17 10:30:00,0.20276248
2013-04-18 10:30:00,0.254125
2013-04-19 10:30:00,0.20838751
2013-04-20 10:30:00,0.2212
2013-04-21 10:30:00,0.22261249
2013-04-22 10:30:00,0.3389125
2013-04-23 10:30:00,0.3201375
2013-04-24 10:30:00,0.524175
2013-04-25 10:30:00,0.6837
2013-04-26 10:30:00,0.3127125
2013-04-27 10:30:00,0.2501625
2013-04-28 10:30:00,0.5803875
2013-04-29 10:30:00,0.83849996
2013-04-30 10:30:00,0.615675
2013-05-01 10:30:00,0.5125
2013-05-02 10:30:00,0.47797498
2013-05-03 10:30:00,0.32959998
2013-05-04 10:30:00,0.21427499
2013-05-05 10:30:00,0.24977498
2013-05-06 10:30:00,0.3295625
2013-05-07 10:30:00,0.19725
2013-05-08 10:30:00,0.39235
2013-05-09 10:30:00,0.49621248
2013-05-10 10:30:00,0.33706248
2013-05-11 10:30:00,0.527975
2013-05-12 10:30:00,0.5737375
2013-05-13 10:30:00,0.5461375
2013-05-14 10:30:00,0.72801244
2013-05-15 10:30:00,0.56159997
2013-05-16 10:30:00,0.393775
2013-05-17 10:30:00,0.4565
2013-05-18 10:30:00,0.4720375
2013-05-19 10:30:00,0.472975
2013-05-20 10:30:00,0.53314996
2013-05-21 10:30:00,0.5484875
2013-05-22 10:30:00,0.2489875
2013-05-23 10:30:00,0.30961248
2013-05-24 10:30:00,0.2357
2013-05-25 10:30:00,0.26323748
2013-05-26 10:30:00,0.4342875
2013-05-27 10:30:00,0.6304
2013-05-28 10:30:00,0.436875
2013-05-29 10:30:00,0.3035625
2013-05-30 10:30:00,0.300075
2013-05-31 10:30:00,0.2906375
2013-06-01 10:30:00,0.30223748
2013-06-02 10:30:00,0.39339998
2013-06-03 10:30:00,0.72591245
2013-06-04 10:30:00,0.5550625
2013-06-05 10:30:00,0.5783
2013-06-06 10:30:00,0.8229875
2013-06-07 10:30:00,0.62857497
2013-06-08 10:30:00,0.6803125
2013-06-09 10:30:00,0.6401125
2013-06-10 10:30:00,0.48578748
2013-06-11 10:30:00,0.6125375
2013-06-12 10:30:00,0.66199994
2013-06-13 10:30:00,0.5150375
2013-06-14 10:30:00,0.582
2013-06-15 10:30:00,0.48747498
2013-06-16 10:30:00,0.5263125
2013-06-17 10:30:00,0.44362497
2013-06-18 10:30:00,0.455275
2013-06-19 10:30:00,0.537
2013-06-20 10:30:00,0.64496243
2013-06-21 10:30:00,0.55123746
2013-06-22 10:30:00,0.4150125
2013-06-23 10:30:00,0.4027875
2013-06-24 10:30:00,0.4298625
2013-06-25 10:30:00,0.78262496
2013-06-26 10:30:00,0.84925
2013-06-27 10:30:00,0.85592496
2013-06-28 10:30:00,0.63624996
2013-06-29 10:30:00,0.8933875
2013-06-30 10:30:00,0.894725
2013-07-01 10:30:00,0.73751247
2013-07-02 10:30:00,0.8295625
2013-07-03 10:30:00,0.6994125
2013-07-04 10:30:00,0.639025
2013-07-05 10:30:00,0.5377
2013-07-06 10:30:00,0.5816375
2013-07-07 10:30:00,0.6311375
2013-07-08 10:30:00,0.655225
2013-07-09 10:30:00,0.5479875
2013-07-10 10:30:00,0.44428748
2013-07-11 10:30:00,0.634625
2013-07-12 10:30:00,0.61373746
2013-07-13 10:30:00,0.60408753
2013-07-14 10:30:00,0.60205
2013-07-15 10:30:00,0.91921246
2013-07-16 10:30:00,0.5992375
2013-07-17 10:30:00,0.5517625
2013-07-18 10:30:00,0.73222494
2013-07-19 10:30:00,0.841725
2013-07-20 10:30:00,0.636275
2013-07-21 10:30:00,0.5592625
2013-07-22 10:30:00,0.65107495
2013-07-23 10:30:00,0.7721499
2013-07-24 10:30:00,0.72021246
2013-07-25 10:30:00,0.69955
2013-07-26 10:30:00,0.68303746
2013-07-27 10:30:00,0.78677493
2013-07-28 10:30:00,0.62896246
2013-07-29 10:30:00,0.67191255
2013-07-30 10:30:00,0.71645004
2013-07-31 10:30:00,0.827025
2013-08-01 10:30:00,0.8267625
2013-08-02 10:30:00,0.7889125
2013-08-03 10:30:00,0.8322875
2013-08-04 10:30:00,0.711025
2013-08-05 10:30:00,0.71345
2013-08-06 10:30:00,0.7760499
2013-08-07 10:30:00,0.6346
2013-08-08 10:30:00,0.570225
2013-08-09 10:30:00,0.58741254
2013-08-10 10:30:00,0.6142875
2013-08-11 10:30:00,0.6623
2013-08-12 10:30:00,0.7894874
2013-08-13 10:30:00,0.46716246
2013-08-14 10:30:00,0.54966253
2013-08-15 10:30:00,0.58358747
2013-08-16 10:30:00,0.822275
2013-08-17 10:30:00,0.70224994
2013-08-18 10:30:00,0.610075
2013-08-19 10:30:00,0.62955
2013-08-20 10:30:00,0.5572
2013-08-21 10:30:00,0.7881375
2013-08-22 10:30:00,0.633175
2013-08-23 10:30:00,0.61029994
2013-08-24 10:30:00,0.517275
2013-08-25 10:30:00,0.663175
2013-08-26 10:30:00,0.5947875
2013-08-27 10:30:00,0.63002497
2013-08-28 10:30:00,0.9101875
2013-08-29 10:30:00,0.686175
2013-08-30 10:30:00,0.6621125
2013-08-31 10:30:00,0.68342495
2013-09-01 10:30:00,0.743775
2013-09-02 10:30:00,0.79158753
2013-09-03 10:30:00,0.6283375
2013-09-04 10:30:00,0.63825
2013-09-05 10:30:00,0.67125
2013-09-06 10:30:00,0.88888747
2013-09-07 10:30:00,0.73732495
2013-09-08 10:30:00,0.6196
2013-09-09 10:30:00,0.806075
2013-09-10 10:30:00,0.5718
2013-09-11 10:30:00,0.6052
2013-09-12 10:30:00,0.5133375
2013-09-13 10:30:00,0.6729625
2013-09-14 10:30:00,0.38247502
2013-09-15 10:30:00,0.44685
2013-09-16 10:30:00,0.3887625
2013-09-17 10:30:00,0.5468375
2013-09-18 10:30:00,0.60671246
2013-09-19 10:30:00,0.633625
2013-09-20 10:30:00,0.618775
2013-09-21 10:30:00,0.59459996
2013-09-22 10:30:00,0.49101248
2013-09-23 10:30:00,0.42178747
2013-09-24 10:30:00,0.437475
2013-09-25 10:30:00,0.4422875
2013-09-26 10:30:00,0.34665
2013-09-27 10:30:00,0.3290625
2013-09-28 10:30:00,0.3779
2013-09-29 10:30:00,0.36118752
2013-09-30 10:30:00,0.44193748
2013-10-01 10:30:00,0.3420375
2013-10-02 10:30:00,0.3061125
2013-10-03 10:30:00,0.34333748
2013-10-04 10:30:00,0.3556
2013-10-05 10:30:00,0.3089625
2013-10-06 10:30:00,0.3839625
2013-10-07 10:30:00,0.30598748
2013-10-08 10:30:00,0.2720375
2013-10-09 10:30:00,0.43502498
2013-10-10 10:30:00,0.8386125
2013-10-11 10:30:00,0.64358747
2013-10-12 10:30:00,0.507125
2013-10-13 10:30:00,0.4318
2013-10-14 10:30:00,0.3174125
2013-10-15 10:30:00,0.3037125
2013-10-16 10:30:00,0.4379875
2013-10-17 10:30:00,0.3755125
2013-10-18 10:30:00,0.5687125
2013-10-19 10:30:00,0.62448746
2013-10-20 10:30:00,0.79323745
2013-10-21 10:30:00,0.89315003
2013-10-22 10:30:00,0.8562375
2013-10-23 10:30:00,0.7754875
2013-10-24 10:30:00,0.79515
2013-10-25 10:30:00,0.604575
2013-10-26 10:30:00,0.6973625
2013-10-27 10:30:00,0.66305
2013-10-28 10:30:00,0.6654125
2013-10-29 10:30:00,0.5014875
2013-10-30 10:30:00,0.48217496
2013-10-31 10:30:00,0.52105
2013-11-01 10:30:00,0.46982497
2013-11-02 10:30:00,0.55015
2013-11-03 10:30:00,0.47837502
2013-11-04 10:30:00,0.3796625
2013-11-05 10:30:00,0.4466875
2013-11-06 10:30:00,0.638025
2013-11-07 10:30:00,0.6194625
2013-11-08 10:30:00,0.6829875
2013-11-09 10:30:00,0.32595
2013-11-10 10:30:00,0.33857498
2013-11-11 10:30:00,0.46928748
2013-11-12 10:30:00,0.496925
2013-11-13 10:30:00,0.4502875
2013-11-14 10:30:00,0.49801248
2013-11-15 10:30:00,0.504825
2013-11-16 10:30:00,0.6493375
2013-11-17 10:30:00,0.59218746
2013-11-18 10:30:00,0.33555
2013-11-19 10:30:00,0.23673749
2013-11-20 10:30:00,0.38552502
2013-11-21 10:30:00,0.56705
2013-11-22 10:30:00,0.5151875
2013-11-23 10:30:00,0.57778746
2013-11-24 10:30:00,0.36619997
2013-11-25 10:30:00,0.36574998
2013-11-26 10:30:00,0.37725
2013-11-27 10:30:00,0.32588747
2013-11-28 10:30:00,0.33139998
2013-11-29 10:30:00,0.3464
2013-11-30 10:30:00,0.3111
2013-12-01 10:30:00,0.35213748
2013-12-02 10:30:00,0.4788375
2013-12-03 10:30:00,0.46249998
2013-12-04 10:30:00,0.33849996
2013-12-05 10:30:00,0.32978752
2013-12-06 10:30:00,0.3387875
2013-12-07 10:30:00,0.5186375
2013-12-08 10:30:00,0.781625
2013-12-09 10:30:00,0.5703625
2013-12-10 10:30:00,0.68723744
2013-12-11 10:30:00,0.60825
2013-12-12 10:30:00,0.43763748
2013-12-13 10:30:00,0.38893747
2013-12-14 10:30:00,0.4798
2013-12-15 10:30:00,0.5825125
2013-12-16 10:30:00,0.7643
2013-12-17 10:30:00,0.70665
2013-12-18 10:30:00,0.74925
2013-12-19 10:30:00,0.71975
2013-12-20 10:30:00,0.56093746
2013-12-21 10:30:00,0.600225
2013-12-22 10:30:00,0.54316247
2013-12-23 10:30:00,0.62738746
2013-12-24 10:30:00,0.5919
2013-12-25 10:30:00,0.65555
2013-12-26 10:30:00,0.50962496
2013-12-27 10:30:00,0.5181125
2013-12-28 10:30:00,0.461125
2013-12-29 10:30:00,0.479925
2013-12-30 10:30:00,0.51735
2013-12-31 10:30:00,0.42423746
2014-01-01 10:30:00,0.3208375
2014-01-02 10:30:00,0.47709998
2014-01-03 10:30:00,0.4977375
2014-01-04 10:30:00,0.5203125
2014-01-05 10:30:00,0.581325
2014-01-06 10:30:00,0.5392625
2014-01-07 10:30:00,0.3483625
2014-01-08 10:30:00,0.31844997
2014-01-09 10:30:00,0.37197497
2014-01-10 10:30:00,0.3986
2014-01-11 10:30:00,0.3540625
2014-01-12 10:30:00,0.2779375
2014-01-13 10:30:00,0.4285375
2014-01-14 10:30:00,0.46239996
2014-01-15 10:30:00,0.47744998
2014-01-16 10:30:00,0.4648125
2014-01-17 10:30:00,0.43717498
2014-01-18 10:30:00,0.44675
2014-01-19 10:30:00,0.6558875
2014-01-20 10:30:00,0.5455
2014-01-21 10:30:00,0.52555
2014-01-22 10:30:00,0.55055
2014-01-23 10:30:00,0.613
2014-01-24 10:30:00,0.5142625
2014-01-25 10:30:00,0.35038748
2014-01-26 10:30:00,0.44221246
2014-01-27 10:30:00,0.290275
2014-01-28 10:30:00,0.307875
2014-01-29 10:30:00,0.43975
2014-01-30 10:30:00,0.359525
2014-01-31 10:30:00,0.34595
2014-02-01 10:30:00,0.43551248
2014-02-02 10:30:00,0.2421125
2014-02-03 10:30:00,0.279375
2014-02-04 10:30:00,0.32345
2014-02-05 10:30:00,0.34362498
2014-02-06 10:30:00,0.3666875
2014-02-07 10:30:00,0.33961248
2014-02-08 10:30:00,0.5708
2014-02-09 10:30:00,0.3882125
2014-02-10 10:30:00,0.41678748
2014-02-11 10:30:00,0.45857498
2014-02-12 10:30:00,0.397025
2014-02-13 10:30:00,0.3655875
2014-02-14 10:30:00,0.6422875
2014-02-15 10:30:00,0.600425
2014-02-16 10:30:00,0.4797
2014-02-17 10:30:00,0.316425
2014-02-18 10:30:00,0.38349998
2014-02-19 10:30:00,0.3343875
2014-02-20 10:30:00,0.36412498
2014-02-21 10:30:00,0.45787498
2014-02-22 10:30:00,0.4422625
2014-02-23 10:30:00,0.389125
2014-02-24 10:30:00,0.3837125
2014-02-25 10:30:00,0.478
2014-02-26 10:30:00,0.49814996
2014-02-27 10:30:00,0.241025
2014-02-28 10:30:00,0.33096248
2014-03-01 10:30:00,0.26907498
2014-03-02 10:30:00,0.28752497
2014-03-03 10:30:00,0.2961
2014-03-04 10:30:00,0.275175
2014-03-05 10:30:00,0.2801375
2014-03-06 10:30:00,0.2863125
2014-03-07 10:30:00,0.2375
2014-03-08 10:30:00,0.21380001
2014-03-09 10:30:00,0.2158125
2014-03-10 10:30:00,0.14479999
2014-03-11 10:30:00,0.30345
2014-03-12 10:30:00,0.38528746
2014-03-13 10:30:00,0.26805
2014-03-14 10:30:00,0.19321251
2014-03-15 10:30:00,0.35538748
2014-03-16 10:30:00,0.29633752
2014-03-17 10:30:00,0.51502496
2014-03-18 10:30:00,0.29595
2014-03-19 10:30:00,0.45549998
2014-03-20 10:30:00,0.33049998
2014-03-21 10:30:00,0.2766
2014-03-22 10:30:00,0.1967625
2014-03-23 10:30:00,0.2076
2014-03-24 10:30:00,0.24007499
2014-03-25 10:30:00,0.2177625
2014-03-26 10:30:00,0.334775
2014-03-27 10:30:00,0.34842497
2014-03-28 10:30:00,0.32093748
2014-03-29 10:30:00,0.275175
2014-03-30 10:30:00,0.1466
2014-03-31 10:30:00,0.20265
2014-04-01 10:30:00,0.4089
2014-04-02 10:30:00,0.3591125
2014-04-03 10:30:00,0.271125
2014-04-04 10:30:00,0.41503748
2014-04-05 10:30:00,0.2578
2014-04-06 10:30:00,0.1782875
2014-04-07 10:30:00,0.1849625
2014-04-08 10:30:00,0.29375
2014-04-09 10:30:00,0.21483749
2014-04-10 10:30:00,0.1700375
2014-04-11 10:30:00,0.14815
2014-04-12 10:30:00,0.16372499
2014-04-13 10:30:00,0.2109125
2014-04-14 10:30:00,0.17979999
2014-04-15 10:30:00,0.12681249
2014-04-16 10:30:00,0.169875
2014-04-17 10:30:00,0.5454625
2014-04-18 10:30:00,0.25895
2014-04-19 10:30:00,0.4610625
2014-04-20 10:30:00,0.556
2014-04-21 10:30:00,0.25024998
2014-04-22 10:30:00,0.23608749
2014-04-23 10:30:00,0.24286251
2014-04-24 10:30:00,0.362425
2014-04-25 10:30:00,0.323825
2014-04-26 10:30:00,0.3148625
2014-04-27 10:30:00,0.2301125
2014-04-28 10:30:00,0.19268748
2014-04-29 10:30:00,0.16106251
2014-04-30 10:30:00,0.13904999
2014-05-01 10:30:00,0.42749998
2014-05-02 10:30:00,0.52041245
2014-05-03 10:30:00,0.4581625
2014-05-04 10:30:00,0.3648125
2014-05-05 10:30:00,0.3574625
2014-05-06 10:30:00,0.38864997
2014-05-07 10:30:00,0.36455002
2014-05-08 10:30:00,0.373725
2014-05-09 10:30:00,0.371075
2014-05-10 10:30:00,0.6413375
2014-05-11 10:30:00,0.826325
2014-05-12 10:30:00,0.78318757
2014-05-13 10:30:00,0.7246125
2014-05-14 10:30:00,0.67045
2014-05-15 10:30:00,0.7804875
2014-05-16 10:30:00,0.82554996
2014-05-17 10:30:00,0.59928745
2014-05-18 10:30:00,0.76614994
2014-05-19 10:30:00,0.81862503
2014-05-20 10:30:00,0.7562625
2014-05-21 10:30:00,0.578475
2014-05-22 10:30:00,0.45709997
2014-05-23 10:30:00,0.45491248
2014-05-24 10:30:00,0.6727625
2014-05-25 10:30:00,0.6076625
2014-05-26 10:30:00,0.70387495
2014-05-27 10:30:00,0.4266875
2014-05-28 10:30:00,0.2812125
2014-05-29 10:30:00,0.2244
2014-05-30 10:30:00,0.261925
2014-05-31 10:30:00,0.2557875
2014-06-01 10:30:00,0.2812
2014-06-02 10:30:00,0.34452498
2014-06-03 10:30:00,0.4120875
2014-06-04 10:30:00,0.4086875
2014-06-05 10:30:00,0.38404998
2014-06-06 10:30:00,0.3041125
2014-06-07 10:30:00,0.739775
2014-06-08 10:30:00,0.87793744
2014-06-09 10:30:00,0.82566243
2014-06-10 10:30:00,0.7103499
2014-06-11 10:30:00,0.776325
2014-06-12 10:30:00,0.6225875
2014-06-13 10:30:00,0.47582498
2014-06-14 10:30:00,0.440525
2014-06-15 10:30:00,0.471225
2014-06-16 10:30:00,0.47395
2014-06-17 10:30:00,0.5963375
2014-06-18 10:30:00,0.5454
2014-06-19 10:30:00,0.44951248
2014-06-20 10:30:00,0.6572625
2014-06-21 10:30:00,0.6400125
2014-06-22 10:30:00,0.50208753
2014-06-23 10:30:00,0.52085
2014-06-24 10:30:00,0.4251125
2014-06-25 10:30:00,0.569
2014-06-26 10:30:00,0.6950125
2014-06-27 10:30:00,0.47395
2014-06-28 10:30:00,0.4642625
2014-06-29 10:30:00,0.48328748
2014-06-30 10:30:00,0.4791875
2014-07-01 10:30:00,0.49544996
2014-07-02 10:30:00,0.578875
2014-07-03 10:30:00,0.709625
2014-07-04 10:30:00,0.3737
2014-07-05 10:30:00,0.52285
2014-07-06 10:30:00,0.5887375
2014-07-07 10:30:00,0.7886125
2014-07-08 10:30:00,0.5076
2014-07-09 10:30:00,0.5192125
2014-07-10 10:30:00,0.7116375
2014-07-11 10:30:00,0.77177507
2014-07-12 10:30:00,0.7730125
2014-07-13 10:30:00,0.70327497
2014-07-14 10:30:00,0.6511
2014-07-15 10:30:00,0.74854994
2014-07-16 10:30:00,0.79996246
2014-07-17 10:30:00,0.7421875
2014-07-18 10:30:00,0.74083745
2014-07-19 10:30:00,0.784375
2014-07-20 10:30:00,0.7925875
2014-07-21 10:30:00,0.583525
2014-07-22 10:30:00,0.57374996
2014-07-23 10:30:00,0.5415625
2014-07-24 10:30:00,0.552275
2014-07-25 10:30:00,0.59835
2014-07-26 10:30:00,0.60318744
2014-07-27 10:30:00,0.51682496
2014-07-28 10:30:00,0.6232125
2014-07-29 10:30:00,0.783525
2014-07-30 10:30:00,0.7666375
2014-07-31 10:30:00,0.5804
2014-08-01 10:30:00,0.4980875
2014-08-02 10:30:00,0.64248747
2014-08-03 10:30:00,0.5045
2014-08-04 10:30:00,0.4926875
2014-08-05 10:30:00,0.5678625
2014-08-06 10:30:00,0.612625
2014-08-07 10:30:00,0.535825
2014-08-08 10:30:00,0.49440002
2014-08-09 10:30:00,0.69253755
2014-08-10 10:30:00,0.6943
2014-08-11 10:30:00,0.66449994
2014-08-12 10:30:00,0.42929998
2014-08-13 10:30:00,0.51247495
2014-08-14 10:30:00,0.7764125
2014-08-15 10:30:00,0.8460125
2014-08-16 10:30:00,0.7500875
2014-08-17 10:30:00,0.65498745
2014-08-18 10:30:00,0.653825
2014-08-19 10:30:00,0.59222496
2014-08-20 10:30:00,0.68106246
2014-08-21 10:30:00,0.59819996
2014-08-22 10:30:00,0.6534375
2014-08-23 10:30:00,0.607425
2014-08-24 10:30:00,0.5615625
2014-08-25 10:30:00,0.86311245
2014-08-26 10:30:00,0.682875
2014-08-27 10:30:00,0.62097496
2014-08-28 10:30:00,0.4888375
2014-08-29 10:30:00,0.513125
2014-08-30 10:30:00,0.5543625
2014-08-31 10:30:00,0.5386125
2014-09-01 10:30:00,0.7441875
2014-09-02 10:30:00,0.814875
2014-09-03 10:30:00,0.598675
2014-09-04 10:30:00,0.71638745
2014-09-05 10:30:00,0.632025
2014-09-06 10:30:00,0.62768745
2014-09-07 10:30:00,0.66395
2014-09-08 10:30:00,0.37295
2014-09-09 10:30:00,0.38965
2014-09-10 10:30:00,0.47672498
2014-09-11 10:30:00,0.48075
2014-09-12 10:30:00,0.51931244
2014-09-13 10:30:00,0.5127125
2014-09-14 10:30:00,0.39366248
2014-09-15 10:30:00,0.401375
2014-09-16 10:30:00,0.4172125
2014-09-17 10:30:00,0.4192375
2014-09-18 10:30:00,0.44435
2014-09-19 10:30:00,0.42990002
2014-09-20 10:30:00,0.594425
2014-09-21 10:30:00,0.5332125
2014-09-22 10:30:00,0.5346625
2014-09-23 10:30:00,0.51792496
2014-09-24 10:30:00,0.4308875
2014-09-25 10:30:00,0.35217497
2014-09-26 10:30:00,0.7838375
2014-09-27 10:30:00,0.46319997
2014-09-28 10:30:00,0.4609375
2014-09-29 10:30:00,0.412475
2014-09-30 10:30:00,0.335775
2014-10-01 10:30:00,0.625875
2014-10-02 10:30:00,0.5297625
2014-10-03 10:30:00,0.4235125
2014-10-04 10:30:00,0.48384997
2014-10-05 10:30:00,0.36537498
2014-10-06 10:30:00,0.3176125
2014-10-07 10:30:00,0.460825
2014-10-08 10:30:00,0.54991245
2014-10-09 10:30:00,0.561125
2014-10-10 10:30:00,0.605625
2014-10-11 10:30:00,0.48979998
2014-10-12 10:30:00,0.3083875
2014-10-13 10:30:00,0.276575
2014-10-14 10:30:00,0.31206247
2014-10-15 10:30:00,0.3067625
2014-10-16 10:30:00,0.2772
2014-10-17 10:30:00,0.35208747
2014-10-18 10:30:00,0.23916249
2014-10-19 10:30:00,0.18924999
2014-10-20 10:30:00,0.14793749
2014-10-21 10:30:00,0.1868375
2014-10-22 10:30:00,0.2505625
2014-10-23 10:30:00,0.3084
2014-10-24 10:30:00,0.43075
2014-10-25 10:30:00,0.43716252
2014-10-26 10:30:00,0.293975
2014-10-27 10:30:00,0.2421875
2014-10-28 10:30:00,0.24011248
2014-10-29 10:30:00,0.24479999
2014-10-30 10:30:00,0.6214375
2014-10-31 10:30:00,0.577325
2014-11-01 10:30:00,0.4698875
2014-11-02 10:30:00,0.3990875
2014-11-03 10:30:00,0.51857495
2014-11-04 10:30:00,0.4164
2014-11-05 10:30:00,0.4046
2014-11-06 10:30:00,0.3542625
2014-11-07 10:30:00,0.275275
2014-11-08 10:30:00,0.3323625
2014-11-09 10:30:00,0.30032498
2014-11-10 10:30:00,0.269575
2014-11-11 10:30:00,0.28555
2014-11-12 10:30:00,0.238325
2014-11-13 10:30:00,0.325025
2014-11-14 10:30:00,0.3354375
2014-11-15 10:30:00,0.39944997
2014-11-16 10:30:00,0.473725
2014-11-17 10:30:00,0.39904997
2014-11-18 10:30:00,0.356225
2014-11-19 10:30:00,0.40342498
2014-11-20 10:30:00,0.525575
2014-11-21 10:30:00,0.37005
2014-11-22 10:30:00,0.3643375
2014-11-23 10:30:00,0.33025
2014-11-24 10:30:00,0.36490002
2014-11-25 10:30:00,0.3327125
2014-11-26 10:30:00,0.29767498
2014-11-27 10:30:00,0.2834
2014-11-28 10:30:00,0.26815
2014-11-29 10:30:00,0.29235
2014-11-30 10:30:00,0.431325
2014-12-01 10:30:00,0.1863375
2014-12-02 10:30:00,0.22288749
2014-12-03 10:30:00,0.28626248
2014-12-04 10:30:00,0.32588747
2014-12-05 10:30:00,0.334875
2014-12-06 10:30:00,0.38889998
2014-12-07 10:30:00,0.44465
2014-12-08 10:30:00,0.44785
2014-12-09 10:30:00,0.50215
2014-12-10 10:30:00,0.7312375
2014-12-11 10:30:00,0.5396875
2014-12-12 10:30:00,0.453025
2014-12-13 10:30:00,0.52105
2014-12-14 10:30:00,0.5555
2014-12-15 10:30:00,0.55735
2014-12-16 10:30:00,0.443025
2014-12-17 10:30:00,0.49171248
2014-12-18 10:30:00,0.66491246
2014-12-19 10:30:00,0.61275
2014-12-20 10:30:00,0.54935
2014-12-21 10:30:00,0.58138746
2014-12-22 10:30:00,0.63326246
2014-12-23 10:30:00,0.623275
2014-12-24 10:30:00,0.51014996
2014-12-25 10:30:00,0.48092496
2014-12-26 10:30:00,0.629675
2014-12-27 10:30:00,0.541375
2014-12-28 10:30:00,0.5800375
2014-12-29 10:30:00,0.75737494
2014-12-30 10:30:00,0.54064995
2014-12-31 10:30:00,0.42529997
2015-01-01 10:30:00,0.428275
2015-01-02 10:30:00,0.468575
2015-01-03 10:30:00,0.5901125
2015-01-04 10:30:00,0.568875
2015-01-05 10:30:00,0.328325
2015-01-06 10:30:00,0.28472498
2015-01-07 10:30:00,0.40936247
2015-01-08 10:30:00,0.4211125
2015-01-09 10:30:00,0.55838746
2015-01-10 10:30:00,0.6175375
2015-01-11 10:30:00,0.484425
2015-01-12 10:30:00,0.4637875
2015-01-13 10:30:00,0.56733745
2015-01-14 10:30:00,0.62097496
2015-01-15 10:30:00,0.63691247
2015-01-16 10:30:00,0.41138747
2015-01-17 10:30:00,0.4559125
2015-01-18 10:30:00,0.6568875
2015-01-19 10:30:00,0.6009625
2015-01-20 10:30:00,0.6508125
2015-01-21 10:30:00,0.5986125
2015-01-22 10:30:00,0.639025
2015-01-23 10:30:00,0.6775
2015-01-24 10:30:00,0.5065625
2015-01-25 10:30:00,0.4631875
2015-01-26 10:30:00,0.3275
2015-01-27 10:30:00,0.365475
2015-01-28 10:30:00,0.3793
2015-01-29 10:30:00,0.3765625
2015-01-30 10:30:00,0.331325
2015-01-31 10:30:00,0.34643748
2015-02-01 10:30:00,0.400175
2015-02-02 10:30:00,0.46444997
2015-02-03 10:30:00,0.49546248
2015-02-04 10:30:00,0.43349996
2015-02-05 10:30:00,0.3917
2015-02-06 10:30:00,0.2595
2015-02-07 10:30:00,0.19864999
2015-02-08 10:30:00,0.2344625
2015-02-09 10:30:00,0.29282498
2015-02-10 10:30:00,0.29518747
2015-02-11 10:30:00,0.387825
2015-02-12 10:30:00,0.31919998
2015-02-13 10:30:00,0.35165
2015-02-14 10:30:00,0.4312625
2015-02-15 10:30:00,0.4275875
2015-02-16 10:30:00,0.59825
2015-02-17 10:30:00,0.3278125
2015-02-18 10:30:00,0.2911375
2015-02-19 10:30:00,0.267425
2015-02-20 10:30:00,0.5373125
2015-02-21 10:30:00,0.81622493
2015-02-22 10:30:00,0.570475
2015-02-23 10:30:00,0.41747496
2015-02-24 10:30:00,0.55455
2015-02-25 10:30:00,0.5376875
2015-02-26 10:30:00,0.5636375
2015-02-27 10:30:00,0.5125625
2015-02-28 10:30:00,0.590275
2015-03-01 10:30:00,0.5124125
2015-03-02 10:30:00,0.4434875
2015-03-03 10:30:00,0.60732496
2015-03-04 10:30:00,0.41955
2015-03-05 10:30:00,0.5109625
2015-03-06 10:30:00,0.37405
2015-03-07 10:30:00,0.2821125
2015-03-08 10:30:00,0.29495
2015-03-09 10:30:00,0.280325
2015-03-10 10:30:00,0.34510002
2015-03-11 10:30:00,0.2655
2015-03-12 10:30:00,0.4188625
2015-03-13 10:30:00,0.3765375
2015-03-14 10:30:00,0.39311248
2015-03-15 10:30:00,0.2895875
2015-03-16 10:30:00,0.1935125
2015-03-17 10:30:00,0.1795
2015-03-18 10:30:00,0.26075
2015-03-19 10:30:00,0.2188
2015-03-20 10:30:00,0.16487499
2015-03-21 10:30:00,0.14137499
2015-03-22 10:30:00,0.1566875
2015-03-23 10:30:00,0.153625
2015-03-24 10:30:00,0.21007499
2015-03-25 10:30:00,0.11476249
2015-03-26 10:30:00,0.133525
2015-03-27 10:30:00,0.2824625
2015-03-28 10:30:00,0.39704996
2015-03-29 10:30:00,0.20635
2015-03-30 10:30:00,0.1975375
2015-03-31 10:30:00,0.10833749
2015-04-01 10:30:00,0.11125
2015-04-02 10:30:00,0.699725
2015-04-03 10:30:00,0.46566248
2015-04-04 10:30:00,0.7886999
2015-04-05 10:30:00,0.465275
2015-04-06 10:30:00,0.38103747
2015-04-07 10:30:00,0.36659998
2015-04-08 10:30:00,0.47095
2015-04-09 10:30:00,0.44498748
2015-04-10 10:30:00,0.392025
2015-04-11 10:30:00,0.3536125
2015-04-12 10:30:00,0.23735
2015-04-13 10:30:00,0.1934625
2015-04-14 10:30:00,0.2507
2015-04-15 10:30:00,0.333275
2015-04-16 10:30:00,0.21637501
2015-04-17 10:30:00,0.1337875
2015-04-18 10:30:00,0.1531625
2015-04-19 10:30:00,0.1287125
2015-04-20 10:30:00,0.15089999
2015-04-21 10:30:00,0.1892
2015-04-22 10:30:00,0.1874
2015-04-23 10:30:00,0.22121249
2015-04-24 10:30:00,0.1531375
2015-04-25 10:30:00,0.21106249
2015-04-26 10:30:00,0.1378625
2015-04-27 10:30:00,0.2577
2015-04-28 10:30:00,0.2873125
2015-04-29 10:30:00,0.18528749
2015-04-30 10:30:00,0.0859125
2015-05-01 10:30:00,0.404625
2015-05-02 10:30:00,0.39569998
2015-05-03 10:30:00,0.1957375
2015-05-04 10:30:00,0.1680125
2015-05-05 10:30:00,0.23094998
2015-05-06 10:30:00,0.2471375
2015-05-07 10:30:00,0.75272495
2015-05-08 10:30:00,0.57371247
2015-05-09 10:30:00,0.3444875
2015-05-10 10:30:00,0.5126875
2015-05-11 10:30:00,0.8705
2015-05-12 10:30:00,0.7497625
2015-05-13 10:30:00,0.6096875
2015-05-14 10:30:00,0.2392625
2015-05-15 10:30:00,0.205625
2015-05-16 10:30:00,0.26635
2015-05-17 10:30:00,0.5983875
2015-05-18 10:30:00,0.52375
2015-05-19 10:30:00,0.6025875
2015-05-20 10:30:00,0.2431875
2015-05-21 10:30:00,0.23057501
2015-05-22 10:30:00,0.1582875
2015-05-23 10:30:00,0.29465
2015-05-24 10:30:00,0.2553375
2015-05-25 10:30:00,0.44943747
2015-05-26 10:30:00,0.581
2015-05-27 10:30:00,0.4143
2015-05-28 10:30:00,0.73354995
2015-05-29 10:30:00,0.4454125
2015-05-30 10:30:00,0.29285
2015-05-31 10:30:00,0.42554998
2015-06-01 10:30:00,0.35012498
2015-06-02 10:30:00,0.45044997
2015-06-03 10:30:00,0.26348752
2015-06-04 10:30:00,0.501825
2015-06-05 10:30:00,0.8590625
2015-06-06 10:30:00,0.76286244
2015-06-07 10:30:00,0.5322875
2015-06-08 10:30:00,0.55265
2015-06-09 10:30:00,0.5548125
2015-06-10 10:30:00,0.73074996
2015-06-11 10:30:00,0.856075
2015-06-12 10:30:00,0.8795875
2015-06-13 10:30:00,0.67636245
2015-06-14 10:30:00,0.48267502
2015-06-15 10:30:00,0.3646625
2015-06-16 10:30:00,0.3917625
2015-06-17 10:30:00,0.725075
2015-06-18 10:30:00,0.7726
2015-06-19 10:30:00,0.65863746
2015-06-20 10:30:00,0.4756125
2015-06-21 10:30:00,0.427775
2015-06-22 10:30:00,0.4661125
2015-06-23 10:30:00,0.59255
2015-06-24 10:30:00,0.66952497
2015-06-25 10:30:00,0.599675
2015-06-26 10:30:00,0.5757375
2015-06-27 10:30:00,0.6026
2015-06-28 10:30:00,0.64286244
2015-06-29 10:30:00,0.4292375
2015-06-30 10:30:00,0.683075
2015-07-01 10:30:00,0.646625
2015-07-02 10:30:00,0.813375
2015-07-03 10:30:00,0.5988375
2015-07-04 10:30:00,0.59389997
2015-07-05 10:30:00,0.51296246
2015-07-06 10:30:00,0.47853747
2015-07-07 10:30:00,0.4663375
2015-07-08 10:30:00,0.4702375
2015-07-09 10:30:00,0.42616248
2015-07-10 10:30:00,0.514025
2015-07-11 10:30:00,0.59678745
2015-07-12 10:30:00,0.4988375
2015-07-13 10:30:00,0.42908752
2015-07-14 10:30:00,0.52639997
2015-07-15 10:30:00,0.6612874
2015-07-16 10:30:00,0.49756247
2015-07-17 10:30:00,0.4806125
2015-07-18 10:30:00,0.4582375
2015-07-19 10:30:00,0.45956248
2015-07-20 10:30:00,0.75193745
2015-07-21 10:30:00,0.7454875
2015-07-22 10:30:00,0.7915
2015-07-23 10:30:00,0.7908625
2015-07-24 10:30:00,0.71216244
2015-07-25 10:30:00,0.74794996
2015-07-26 10:30:00,0.55605
2015-07-27 10:30:00,0.47967497
2015-07-28 10:30:00,0.485725
2015-07-29 10:30:00,0.6924
2015-07-30 10:30:00,0.5701875
2015-07-31 10:30:00,0.5649625
2015-08-01 10:30:00,0.58105
2015-08-02 10:30:00,0.580975
2015-08-03 10:30:00,0.435875
2015-08-04 10:30:00,0.51916254
2015-08-05 10:30:00,0.6013375
2015-08-06 10:30:00,0.74834996
2015-08-07 10:30:00,0.63815
2015-08-08 10:30:00,0.70497495
2015-08-09 10:30:00,0.82644993
2015-08-10 10:30:00,0.6428125
2015-08-11 10:30:00,0.6949125
2015-08-12 10:30:00,0.6196875
2015-08-13 10:30:00,0.52954996
2015-08-14 10:30:00,0.73260003
2015-08-15 10:30:00,0.7772875
2015-08-16 10:30:00,0.7859625
2015-08-17 10:30:00,0.691575
2015-08-18 10:30:00,0.7905375
2015-08-19 10:30:00,0.72801244
2015-08-20 10:30:00,0.78448755
2015-08-21 10:30:00,0.776625
2015-08-22 10:30:00,0.7845625
2015-08-23 10:30:00,0.765875
2015-08-24 10:30:00,0.7581125
2015-08-25 10:30:00,0.79513747
2015-08-26 10:30:00,0.6723625
2015-08-27 10:30:00,0.58465
2015-08-28 10:30:00,0.76764995
2015-08-29 10:30:00,0.81738746
2015-08-30 10:30:00,0.816
2015-08-31 10:30:00,0.8267
2015-09-01 10:30:00,0.74605
2015-09-02 10:30:00,0.7025374
2015-09-03 10:30:00,0.5277625
2015-09-04 10:30:00,0.58915
2015-09-05 10:30:00,0.5293875
2015-09-06 10:30:00,0.53178746
2015-09-07 10:30:00,0.80684996
2015-09-08 10:30:00,0.71538746
2015-09-09 10:30:00,0.54342496
2015-09-10 10:30:00,0.4432
2015-09-11 10:30:00,0.47607496
2015-09-12 10:30:00,0.5509
2015-09-13 10:30:00,0.53325
2015-09-14 10:30:00,0.431925
2015-09-15 10:30:00,0.50635
2015-09-16 10:30:00,0.541875
2015-09-17 10:30:00,0.6205625
2015-09-18 10:30:00,0.78178746
2015-09-19 10:30:00,0.5260125
2015-09-20 10:30:00,0.489375
2015-09-21 10:30:00,0.5328125
2015-09-22 10:30:00,0.87506247
2015-09-23 10:30:00,0.65402496
2015-09-24 10:30:00,0.72678745
2015-09-25 10:30:00,0.60711247
2015-09-26 10:30:00,0.55447495
2015-09-27 10:30:00,0.5378875
2015-09-28 10:30:00,0.47994998
2015-09-29 10:30:00,0.405
2015-09-30 10:30:00,0.68293744
2015-10-01 10:30:00,0.4237125
2015-10-02 10:30:00,0.3008625
2015-10-03 10:30:00,0.29571247
2015-10-04 10:30:00,0.3559
2015-10-05 10:30:00,0.52459997
2015-10-06 10:30:00,0.4138875
2015-10-07 10:30:00,0.41382498
2015-10-08 10:30:00,0.3667625
2015-10-09 10:30:00,0.3793875
2015-10-10 10:30:00,0.81913745
2015-10-11 10:30:00,0.62904996
2015-10-12 10:30:00,0.4767625
2015-10-13 10:30:00,0.49369997
2015-10-14 10:30:00,0.602025
2015-10-15 10:30:00,0.46451247
2015-10-16 10:30:00,0.3036125
2015-10-17 10:30:00,0.377075
2015-10-18 10:30:00,0.22897498
2015-10-19 10:30:00,0.24364999
2015-10-20 10:30:00,0.34046248
2015-10-21 10:30:00,0.292225
2015-10-22 10:30:00,0.2826375
2015-10-23 10:30:00,0.1734
2015-10-24 10:30:00,0.204675
2015-10-25 10:30:00,0.281075
2015-10-26 10:30:00,0.4374375
2015-10-27 10:30:00,0.3343875
2015-10-28 10:30:00,0.329675
2015-10-29 10:30:00,0.3220625
2015-10-30 10:30:00,0.33135003
2015-10-31 10:30:00,0.32899997
2015-11-01 10:30:00,0.221975
2015-11-02 10:30:00,0.332025
2015-11-03 10:30:00,0.2651125
2015-11-04 10:30:00,0.28465
2015-11-05 10:30:00,0.21993749
2015-11-06 10:30:00,0.336675
2015-11-07 10:30:00,0.33936247
2015-11-08 10:30:00,0.3037875
2015-11-09 10:30:00,0.47605
2015-11-10 10:30:00,0.4689875
2015-11-11 10:30:00,0.5368625
2015-11-12 10:30:00,0.71937495
2015-11-13 10:30:00,0.84388745
2015-11-14 10:30:00,0.5835125
2015-11-15 10:30:00,0.232525
2015-11-16 10:30:00,0.5603625
2015-11-17 10:30:00,0.5186375
2015-11-18 10:30:00,0.64675003
2015-11-19 10:30:00,0.6282875
2015-11-20 10:30:00,0.6274
2015-11-21 10:30:00,0.5221
2015-11-22 10:30:00,0.518475
2015-11-23 10:30:00,0.50747496
2015-11-24 10:30:00,0.4986
2015-11-25 10:30:00,0.49650002
2015-11-26 10:30:00,0.51645
2015-11-27 10:30:00,0.6543125
2015-11-28 10:30:00,0.49284998
2015-11-29 10:30:00,0.69455
2015-11-30 10:30:00,0.6976125
2015-12-01 10:30:00,0.78271246
2015-12-02 10:30:00,0.74842495
2015-12-03 10:30:00,0.53921247
2015-12-04 10:30:00,0.46197498
2015-12-05 10:30:00,0.521575
2015-12-06 10:30:00,0.597025
2015-12-07 10:30:00,0.5511875
2015-12-08 10:30:00,0.59284997
2015-12-09 10:30:00,0.6697999
2015-12-10 10:30:00,0.63619995
2015-12-11 10:30:00,0.6021375
2015-12-12 10:30:00,0.6075375
2015-12-13 10:30:00,0.63654995
2015-12-14 10:30:00,0.7290125
2015-12-15 10:30:00,0.52765
2015-12-16 10:30:00,0.460325
2015-12-17 10:30:00,0.49439996
2015-12-18 10:30:00,0.5517625
2015-12-19 10:30:00,0.49973747
2015-12-20 10:30:00,0.64528745
2015-12-21 10:30:00,0.6821875
2015-12-22 10:30:00,0.5784375
2015-12-23 10:30:00,0.4318375
2015-12-24 10:30:00,0.47121248
2015-12-25 10:30:00,0.58898747
2015-12-26 10:30:00,0.3504
2015-12-27 10:30:00,0.38951248
2015-12-28 10:30:00,0.4447125
2015-12-29 10:30:00,0.631475
2015-12-30 10:30:00,0.5794
2015-12-31 10:30:00,0.59397495
2016-01-01 10:30:00,0.6181875
2016-01-02 10:30:00,0.71265
2016-01-03 10:30:00,0.509125
2016-01-04 10:30:00,0.43751252
2016-01-05 10:30:00,0.49095
2016-01-06 10:30:00,0.438225
2016-01-07 10:30:00,0.46049997
2016-01-08 10:30:00,0.46489996
2016-01-09 10:30:00,0.4358875
2016-01-10 10:30:00,0.37436247
2016-01-11 10:30:00,0.388725
2016-01-12 10:30:00,0.4238625
2016-01-13 10:30:00,0.45505
2016-01-14 10:30:00,0.532475
2016-01-15 10:30:00,0.6697125
2016-01-16 10:30:00,0.617925
2016-01-17 10:30:00,0.42982498
2016-01-18 10:30:00,0.46945
2016-01-19 10:30:00,0.49711248
2016-01-20 10:30:00,0.503375
2016-01-21 10:30:00,0.4586375
2016-01-22 10:30:00,0.375725
2016-01-23 10:30:00,0.38915
2016-01-24 10:30:00,0.3262625
2016-01-25 10:30:00,0.35192502
2016-01-26 10:30:00,0.384725
2016-01-27 10:30:00,0.4445
2016-01-28 10:30:00,0.3207875
2016-01-29 10:30:00,0.3484625
2016-01-30 10:30:00,0.36249998
2016-01-31 10:30:00,0.38025
2016-02-01 10:30:00,0.330575
2016-02-02 10:30:00,0.3294125
2016-02-03 10:30:00,0.3519125
2016-02-04 10:30:00,0.3891125
2016-02-05 10:30:00,0.409225
2016-02-06 10:30:00,0.449775
2016-02-07 10:30:00,0.5334375
2016-02-08 10:30:00,0.5557875
2016-02-09 10:30:00,0.5053375
2016-02-10 10:30:00,0.5183875
2016-02-11 10:30:00,0.58437496
2016-02-12 10:30:00,0.3032875
2016-02-13 10:30:00,0.29479998
2016-02-14 10:30:00,0.3159
2016-02-15 10:30:00,0.3870875
2016-02-16 10:30:00,0.3529625
2016-02-17 10:30:00,0.4096125
2016-02-18 10:30:00,0.4165625
2016-02-19 10:30:00,0.3813
2016-02-20 10:30:00,0.3039125
2016-02-21 10:30:00,0.29915
2016-02-22 10:30:00,0.32459998
2016-02-23 10:30:00,0.3432375
2016-02-24 10:30:00,0.34351248
2016-02-25 10:30:00,0.34697497
2016-02-26 10:30:00,0.341525
2016-02-27 10:30:00,0.2860125
2016-02-28 10:30:00,0.39996248
2016-02-29 10:30:00,0.344775
2016-03-01 10:30:00,0.3698125
2016-03-02 10:30:00,0.68342495
2016-03-03 10:30:00,0.5066375
2016-03-04 10:30:00,0.68123746
2016-03-05 10:30:00,0.5003
2016-03-06 10:30:00,0.348525
2016-03-07 10:30:00,0.32849997
2016-03-08 10:30:00,0.3399875
2016-03-09 10:30:00,0.3127625
2016-03-10 10:30:00,0.34265
2016-03-11 10:30:00,0.33596247
2016-03-12 10:30:00,0.2681625
2016-03-13 10:30:00,0.2915125
2016-03-14 10:30:00,0.401725
2016-03-15 10:30:00,0.2562125
2016-03-16 10:30:00,0.2245875
2016-03-17 10:30:00,0.31823748
2016-03-18 10:30:00,0.57147497
2016-03-19 10:30:00,0.34041247
2016-03-20 10:30:00,0.24679999
2016-03-21 10:30:00,0.5744875
2016-03-22 10:30:00,0.2828875
2016-03-23 10:30:00,0.24661249
2016-03-24 10:30:00,0.235625
2016-03-25 10:30:00,0.21715
2016-03-26 10:30:00,0.2176375
2016-03-27 10:30:00,0.1534875
2016-03-28 10:30:00,0.1961875
2016-03-29 10:30:00,0.326975
2016-03-30 10:30:00,0.2574125
2016-03-31 10:30:00,0.20938751
2016-04-01 10:30:00,0.3749375
2016-04-02 10:30:00,0.2737875
2016-04-03 10:30:00,0.25896248
2016-04-04 10:30:00,0.261725
2016-04-05 10:30:00,0.1843625
2016-04-06 10:30:00,0.2840125
2016-04-07 10:30:00,0.1562125
2016-04-08 10:30:00,0.12889999
2016-04-09 10:30:00,0.155325
2016-04-10 10:30:00,0.19268748
2016-04-11 10:30:00,0.1980875
2016-04-12 10:30:00,0.2268
2016-04-13 10:30:00,0.5378625
2016-04-14 10:30:00,0.38854998
2016-04-15 10:30:00,0.6046375
2016-04-16 10:30:00,0.750575
2016-04-17 10:30:00,0.31652498
2016-04-18 10:30:00,0.3420875
2016-04-19 10:30:00,0.18084998
2016-04-20 10:30:00,0.1982375
2016-04-21 10:30:00,0.20092501
2016-04-22 10:30:00,0.3263625
2016-04-23 10:30:00,0.2167375
2016-04-24 10:30:00,0.4209875
2016-04-25 10:30:00,0.274625
2016-04-26 10:30:00,0.2515375
2016-04-27 10:30:00,0.33228752
2016-04-28 10:30:00,0.1872375
2016-04-29 10:30:00,0.37496248
2016-04-30 10:30:00,0.4744625
2016-05-01 10:30:00,0.48834997
2016-05-02 10:30:00,0.38432497
2016-05-03 10:30:00,0.2773875
2016-05-04 10:30:00,0.14745
2016-05-05 10:30:00,0.5858
2016-05-06 10:30:00,0.59085
2016-05-07 10:30:00,0.2097875
2016-05-08 10:30:00,0.2831625
2016-05-09 10:30:00,0.26431248
2016-05-10 10:30:00,0.18225
2016-05-11 10:30:00,0.5225875
2016-05-12 10:30:00,0.4414875
2016-05-13 10:30:00,0.236775
2016-05-14 10:30:00,0.43572497
2016-05-15 10:30:00,0.29341248
2016-05-16 10:30:00,0.276025
2016-05-17 10:30:00,0.1305875
2016-05-18 10:30:00,0.223125
2016-05-19 10:30:00,0.25715
2016-05-20 10:30:00,0.263575
2016-05-21 10:30:00,0.23375
2016-05-22 10:30:00,0.18229999
2016-05-23 10:30:00,0.53451246
2016-05-24 10:30:00,0.7500375
2016-05-25 10:30:00,0.4359875
2016-05-26 10:30:00,0.292525
2016-05-27 10:30:00,0.298675
2016-05-28 10:30:00,0.22915
2016-05-29 10:30:00,0.204425
2016-05-30 10:30:00,0.33444998
2016-05-31 10:30:00,0.27763748
2016-06-01 10:30:00,0.22715
2016-06-02 10:30:00,0.2544375
2016-06-03 10:30:00,0.269
2016-06-04 10:30:00,0.3066
2016-06-05 10:30:00,0.3179625
2016-06-06 10:30:00,0.70318747
2016-06-07 10:30:00,0.47175
2016-06-08 10:30:00,0.34705
2016-06-09 10:30:00,0.57935
2016-06-10 10:30:00,0.72969997
2016-06-11 10:30:00,0.5547125
2016-06-12 10:30:00,0.58841246
2016-06-13 10:30:00,0.44858748
2016-06-14 10:30:00,0.4427625
2016-06-15 10:30:00,0.6271125
2016-06-16 10:30:00,0.5434875
2016-06-17 10:30:00,0.72731245
2016-06-18 10:30:00,0.64129996
2016-06-19 10:30:00,0.520975
2016-06-20 10:30:00,0.5710875
2016-06-21 10:30:00,0.668975
2016-06-22 10:30:00,0.73731244
2016-06-23 10:30:00,0.5884875
2016-06-24 10:30:00,0.4838375
2016-06-25 10:30:00,0.480125
2016-06-26 10:30:00,0.39559996
2016-06-27 10:30:00,0.4734375
2016-06-28 10:30:00,0.6032375
2016-06-29 10:30:00,0.826575
2016-06-30 10:30:00,0.7371875
2016-07-01 10:30:00,0.459825
2016-07-02 10:30:00,0.4029
2016-07-03 10:30:00,0.4209875
2016-07-04 10:30:00,0.37972498
2016-07-05 10:30:00,0.40925
2016-07-06 10:30:00,0.373175
2016-07-07 10:30:00,0.36259997
2016-07-08 10:30:00,0.41131246
2016-07-09 10:30:00,0.5916
2016-07-10 10:30:00,0.4414125
2016-07-11 10:30:00,0.5762375
2016-07-12 10:30:00,0.756025
2016-07-13 10:30:00,0.489775
2016-07-14 10:30:00,0.42271248
2016-07-15 10:30:00,0.40005
2016-07-16 10:30:00,0.48561248
2016-07-17 10:30:00,0.4935625
2016-07-18 10:30:00,0.387275
2016-07-19 10:30:00,0.528075
2016-07-20 10:30:00,0.61281246
2016-07-21 10:30:00,0.6388625
2016-07-22 10:30:00,0.88238746
2016-07-23 10:30:00,0.7676375
2016-07-24 10:30:00,0.4787125
2016-07-25 10:30:00,0.75804996
2016-07-26 10:30:00,0.61029994
2016-07-27 10:30:00,0.486025
2016-07-28 10:30:00,0.6504375
2016-07-29 10:30:00,0.518475
2016-07-30 10:30:00,0.53865
2016-07-31 10:30:00,0.6661625
2016-08-01 10:30:00,0.564125
2016-08-02 10:30:00,0.51334995
2016-08-03 10:30:00,0.5546875
2016-08-04 10:30:00,0.51305
2016-08-05 10:30:00,0.54903746
2016-08-06 10:30:00,0.73841244
2016-08-07 10:30:00,0.3717875
2016-08-08 10:30:00,0.41195
2016-08-09 10:30:00,0.487925
2016-08-10 10:30:00,0.584225
2016-08-11 10:30:00,0.3571125
2016-08-12 10:30:00,0.29128748
2016-08-13 10:30:00,0.35035
2016-08-14 10:30:00,0.396775
2016-08-15 10:30:00,0.43937498
2016-08-16 10:30:00,0.5095125
2016-08-17 10:30:00,0.4601625
2016-08-18 10:30:00,0.63369995
2016-08-19 10:30:00,0.55245
2016-08-20 10:30:00,0.72411245
2016-08-21 10:30:00,0.57975
2016-08-22 10:30:00,0.59502494
2016-08-23 10:30:00,0.72495
2016-08-24 10:30:00,0.50787497
2016-08-25 10:30:00,0.34366247
2016-08-26 10:30:00,0.38052502
2016-08-27 10:30:00,0.335475
2016-08-28 10:30:00,0.365875
2016-08-29 10:30:00,0.34705
2016-08-30 10:30:00,0.4887125
2016-08-31 10:30:00,0.861425
2016-09-01 10:30:00,0.86622494
2016-09-02 10:30:00,0.7781624
2016-09-03 10:30:00,0.8184625
2016-09-04 10:30:00,0.7966874
2016-09-05 10:30:00,0.844
2016-09-06 10:30:00,0.7483
2016-09-07 10:30:00,0.571725
2016-09-08 10:30:00,0.77287495
2016-09-09 10:30:00,0.83168745
2016-09-10 10:30:00,0.79301244
2016-09-11 10:30:00,0.71738744
2016-09-12 10:30:00,0.76629996
2016-09-13 10:30:00,0.701275
2016-09-14 10:30:00,0.8425375
2016-09-15 10:30:00,0.505675
2016-09-16 10:30:00,0.65765
2016-09-17 10:30:00,0.5867125
2016-09-18 10:30:00,0.52568746
2016-09-19 10:30:00,0.46189997
2016-09-20 10:30:00,0.4318875
2016-09-21 10:30:00,0.47332498
2016-09-22 10:30:00,0.5380375
2016-09-23 10:30:00,0.7009375
2016-09-24 10:30:00,0.6032625
2016-09-25 10:30:00,0.44669998
2016-09-26 10:30:00,0.7367625
2016-09-27 10:30:00,0.7041625
2016-09-28 10:30:00,0.508475
2016-09-29 10:30:00,0.53328747
2016-09-30 10:30:00,0.5740875
2016-10-01 10:30:00,0.4890375
2016-10-02 10:30:00,0.537425
2016-10-03 10:30:00,0.5201875
2016-10-04 10:30:00,0.6921
2016-10-05 10:30:00,0.44465
2016-10-06 10:30:00,0.40931252
2016-10-07 10:30:00,0.7757125
2016-10-08 10:30:00,0.5128125
2016-10-09 10:30:00,0.4771625
2016-10-10 10:30:00,0.46064997
2016-10-11 10:30:00,0.37392497
2016-10-12 10:30:00,0.427925
2016-10-13 10:30:00,0.5006375
2016-10-14 10:30:00,0.7438
2016-10-15 10:30:00,0.4911875
2016-10-16 10:30:00,0.535975
2016-10-17 10:30:00,0.43256247
2016-10-18 10:30:00,0.4769625
2016-10-19 10:30:00,0.66849995
2016-10-20 10:30:00,0.37397498
2016-10-21 10:30:00,0.70573753
2016-10-22 10:30:00,0.518025
2016-10-23 10:30:00,0.4475625
2016-10-24 10:30:00,0.44718748
2016-10-25 10:30:00,0.48924997
2016-10-26 10:30:00,0.4202125
2016-10-27 10:30:00,0.38963747
2016-10-28 10:30:00,0.35015
2016-10-29 10:30:00,0.37311247
2016-10-30 10:30:00,0.32035
2016-10-31 10:30:00,0.3125375
2016-11-01 10:30:00,0.30032498
2016-11-02 10:30:00,0.2985
2016-11-03 10:30:00,0.4009
2016-11-04 10:30:00,0.7287625
2016-11-05 10:30:00,0.61242497
2016-11-06 10:30:00,0.65285
2016-11-07 10:30:00,0.6522
2016-11-08 10:30:00,0.50717497
2016-11-09 10:30:00,0.5404625
2016-11-10 10:30:00,0.75162494
2016-11-11 10:30:00,0.5236
2016-11-12 10:30:00,0.56057495
2016-11-13 10:30:00,0.7245749
2016-11-14 10:30:00,0.4867625
2016-11-15 10:30:00,0.5416125
2016-11-16 10:30:00,0.6125625
2016-11-17 10:30:00,0.6309875
2016-11-18 10:30:00,0.641725
2016-11-19 10:30:00,0.554425
2016-11-20 10:30:00,0.39901248
2016-11-21 10:30:00,0.4191875
2016-11-22 10:30:00,0.45058748
2016-11-23 10:30:00,0.42378747
2016-11-24 10:30:00,0.48042497
2016-11-25 10:30:00,0.5584625
2016-11-26 10:30:00,0.58713746
2016-11-27 10:30:00,0.4948375
2016-11-28 10:30:00,0.484225
2016-11-29 10:30:00,0.4815
2016-11-30 10:30:00,0.4901625
2016-12-01 10:30:00,0.433175
2016-12-02 10:30:00,0.53945
2016-12-03 10:30:00,0.401725
2016-12-04 10:30:00,0.39377502
2016-12-05 10:30:00,0.47867498
2016-12-06 10:30:00,0.6390375
2016-12-07 10:30:00,0.5184375
2016-12-08 10:30:00,0.592475
2016-12-09 10:30:00,0.46131247
2016-12-10 10:30:00,0.5332625
2016-12-11 10:30:00,0.593325
2016-12-12 10:30:00,0.46341246
2016-12-13 10:30:00,0.4467625
2016-12-14 10:30:00,0.453625
2016-12-15 10:30:00,0.46307498
2016-12-16 10:30:00,0.5978625
2016-12-17 10:30:00,0.452575
2016-12-18 10:30:00,0.6382625
2016-12-19 10:30:00,0.6193
2016-12-20 10:30:00,0.6364625
2016-12-21 10:30:00,0.581975
2016-12-22 10:30:00,0.3648375
2016-12-23 10:30:00,0.45072496
2016-12-24 10:30:00,0.5877125
2016-12-25 10:30:00,0.43145
2016-12-26 10:30:00,0.35224998
2016-12-27 10:30:00,0.400675
2016-12-28 10:30:00,0.409625
2016-12-29 10:30:00,0.386325
2016-12-30 10:30:00,0.45169997
2016-12-31 10:30:00,0.434225
2017-01-01 10:30:00,0.51507497
2017-01-02 10:30:00,0.5081875
2017-01-03 10:30:00,0.45129997
2017-01-04 10:30:00,0.55455
2017-01-05 10:30:00,0.49996248
2017-01-06 10:30:00,0.55224997
2017-01-07 10:30:00,0.591725
2017-01-08 10:30:00,0.436025
2017-01-09 10:30:00,0.31241247
2017-01-10 10:30:00,0.3584125
2017-01-11 10:30:00,0.37441248
2017-01-12 10:30:00,0.3145375
2017-01-13 10:30:00,0.39849997
2017-01-14 10:30:00,0.4129625
2017-01-15 10:30:00,0.3948875
2017-01-16 10:30:00,0.486625
2017-01-17 10:30:00,0.555125
2017-01-18 10:30:00,0.43318748
2017-01-19 10:30:00,0.41279998
2017-01-20 10:30:00,0.371875
2017-01-21 10:30:00,0.588725
2017-01-22 10:30:00,0.40029997
2017-01-23 10:30:00,0.3321625
2017-01-24 10:30:00,0.3180375
2017-01-25 10:30:00,0.3041875
2017-01-26 10:30:00,0.33546248
2017-01-27 10:30:00,0.3623625
2017-01-28 10:30:00,0.389925
2017-01-29 10:30:00,0.33599997
2017-01-30 10:30:00,0.296075
2017-01-31 10:30:00,0.2835
2017-02-01 10:30:00,0.2835625
2017-02-02 10:30:00,0.30915
2017-02-03 10:30:00,0.29741248
2017-02-04 10:30:00,0.4543125
2017-02-05 10:30:00,0.419225
2017-02-06 10:30:00,0.3161
2017-02-07 10:30:00,0.37142497
2017-02-08 10:30:00,0.3531375
2017-02-09 10:30:00,0.3538125
2017-02-10 10:30:00,0.36451247
2017-02-11 10:30:00,0.32318747
2017-02-12 10:30:00,0.32322496
2017-02-13 10:30:00,0.3305875
2017-02-14 10:30:00,0.308525
2017-02-15 10:30:00,0.38826248
2017-02-16 10:30:00,0.2566125
2017-02-17 10:30:00,0.21397501
2017-02-18 10:30:00,0.19128749
2017-02-19 10:30:00,0.59365
2017-02-20 10:30:00,0.35869998
2017-02-21 10:30:00,0.49656248
2017-02-22 10:30:00,0.37576246
2017-02-23 10:30:00,0.3684125
2017-02-24 10:30:00,0.46557498
2017-02-25 10:30:00,0.3930875
2017-02-26 10:30:00,0.420575
2017-02-27 10:30:00,0.3714
2017-02-28 10:30:00,0.311375
2017-03-01 10:30:00,0.25518748
2017-03-02 10:30:00,0.3335375
2017-03-03 10:30:00,0.3356375
2017-03-04 10:30:00,0.4382125
2017-03-05 10:30:00,0.2831875
2017-03-06 10:30:00,0.3012875
2017-03-07 10:30:00,0.2897
2017-03-08 10:30:00,0.28417498
2017-03-09 10:30:00,0.3057
2017-03-10 10:30:00,0.22565
2017-03-11 10:30:00,0.308225
2017-03-12 10:30:00,0.252875
2017-03-13 10:30:00,0.29363748
2017-03-14 10:30:00,0.28869998
2017-03-15 10:30:00,0.2819875
2017-03-16 10:30:00,0.21678749
2017-03-17 10:30:00,0.31948748
2017-03-18 10:30:00,0.223875
2017-03-19 10:30:00,0.23788749
2017-03-20 10:30:00,0.31414998
2017-03-21 10:30:00,0.258275
2017-03-22 10:30:00,0.254075
2017-03-23 10:30:00,0.2587125
2017-03-24 10:30:00,0.227875
2017-03-25 10:30:00,0.2565375
2017-03-26 10:30:00,0.30831248
2017-03-27 10:30:00,0.308525
2017-03-28 10:30:00,0.27171248
2017-03-29 10:30:00,0.49765
2017-03-30 10:30:00,0.3437125
2017-03-31 10:30:00,0.24167499
2017-04-01 10:30:00,0.20011249
2017-04-02 10:30:00,0.15325
2017-04-03 10:30:00,0.125425
2017-04-04 10:30:00,0.18538749
2017-04-05 10:30:00,0.29997498
2017-04-06 10:30:00,0.35665
2017-04-07 10:30:00,0.43434995
2017-04-08 10:30:00,0.1407125
2017-04-09 10:30:00,0.12810001
2017-04-10 10:30:00,0.1203125
2017-04-11 10:30:00,0.12868749
2017-04-12 10:30:00,0.10816249
2017-04-13 10:30:00,0.145575
2017-04-14 10:30:00,0.1375
2017-04-15 10:30:00,0.09872499
2017-04-16 10:30:00,0.150925
2017-04-17 10:30:00,0.337775
2017-04-18 10:30:00,0.428225
2017-04-19 10:30:00,0.237125
2017-04-20 10:30:00,0.24729998
2017-04-21 10:30:00,0.1564
2017-04-22 10:30:00,0.19709998
2017-04-23 10:30:00,0.3097125
2017-04-24 10:30:00,0.47282496
2017-04-25 10:30:00,0.48453748
2017-04-26 10:30:00,0.32404998
2017-04-27 10:30:00,0.2217
2017-04-28 10:30:00,0.17987499
2017-04-29 10:30:00,0.18661249
2017-04-30 10:30:00,0.2191125
2017-05-01 10:30:00,0.18646249
2017-05-02 10:30:00,0.21014999
2017-05-03 10:30:00,0.3395375
2017-05-04 10:30:00,0.19078751
2017-05-05 10:30:00,0.38279998
2017-05-06 10:30:00,0.17911251
2017-05-07 10:30:00,0.27792498
2017-05-08 10:30:00,0.2262875
2017-05-09 10:30:00,0.22123748
2017-05-10 10:30:00,0.348175
2017-05-11 10:30:00,0.314775
2017-05-12 10:30:00,0.2659
2017-05-13 10:30:00,0.3686
2017-05-14 10:30:00,0.45225
2017-05-15 10:30:00,0.2521125
2017-05-16 10:30:00,0.2415625
2017-05-17 10:30:00,0.2752
2017-05-18 10:30:00,0.13235
2017-05-19 10:30:00,0.1468875
2017-05-20 10:30:00,0.3964125
2017-05-21 10:30:00,0.7465875
2017-05-22 10:30:00,0.56423753
2017-05-23 10:30:00,0.34771246
2017-05-24 10:30:00,0.3472
2017-05-25 10:30:00,0.2340625
2017-05-26 10:30:00,0.235475
2017-05-27 10:30:00,0.239775
2017-05-28 10:30:00,0.1514625
2017-05-29 10:30:00,0.1410375
2017-05-30 10:30:00,0.1323375
2017-05-31 10:30:00,0.277325
2017-06-01 10:30:00,0.36651248
2017-06-02 10:30:00,0.379425
2017-06-03 10:30:00,0.39
2017-06-04 10:30:00,0.2805875
2017-06-05 10:30:00,0.2147875
2017-06-06 10:30:00,0.5049125
2017-06-07 10:30:00,0.30921248
2017-06-08 10:30:00,0.30104998
2017-06-09 10:30:00,0.244875
2017-06-10 10:30:00,0.3896125
2017-06-11 10:30:00,0.429425
2017-06-12 10:30:00,0.312125
2017-06-13 10:30:00,0.21861249
2017-06-14 10:30:00,0.2310625
2017-06-15 10:30:00,0.33592498
2017-06-16 10:30:00,0.345125
2017-06-17 10:30:00,0.4982875
2017-06-18 10:30:00,0.5043375
2017-06-19 10:30:00,0.5218875
2017-06-20 10:30:00,0.706275
2017-06-21 10:30:00,0.732375
2017-06-22 10:30:00,0.385975
2017-06-23 10:30:00,0.38798746
2017-06-24 10:30:00,0.34373748
2017-06-25 10:30:00,0.403925
2017-06-26 10:30:00,0.37623748
2017-06-27 10:30:00,0.3604
2017-06-28 10:30:00,0.42631248
2017-06-29 10:30:00,0.52725
2017-06-30 10:30:00,0.603975
2017-07-01 10:30:00,0.534225
2017-07-02 10:30:00,0.72961247
2017-07-03 10:30:00,0.47375
2017-07-04 10:30:00,0.35549998
2017-07-05 10:30:00,0.39701247
2017-07-06 10:30:00,0.55416244
2017-07-07 10:30:00,0.6971625
2017-07-08 10:30:00,0.74012494
2017-07-09 10:30:00,0.567975
2017-07-10 10:30:00,0.5813125
2017-07-11 10:30:00,0.37463748
2017-07-12 10:30:00,0.3824125
2017-07-13 10:30:00,0.39243752
2017-07-14 10:30:00,0.31362498
2017-07-15 10:30:00,0.419625
2017-07-16 10:30:00,0.3216
2017-07-17 10:30:00,0.4062875
2017-07-18 10:30:00,0.3590625
2017-07-19 10:30:00,0.40579998
2017-07-20 10:30:00,0.75558746
2017-07-21 10:30:00,0.4756625
2017-07-22 10:30:00,0.41879997
2017-07-23 10:30:00,0.525275
2017-07-24 10:30:00,0.34682497
2017-07-25 10:30:00,0.30122498
2017-07-26 10:30:00,0.7965625
2017-07-27 10:30:00,0.7197625
2017-07-28 10:30:00,0.51925
2017-07-29 10:30:00,0.47061247
2017-07-30 10:30:00,0.66421247
2017-07-31 10:30:00,0.6042875
2017-08-01 10:30:00,0.75643754
2017-08-02 10:30:00,0.784075
2017-08-03 10:30:00,0.8956375
2017-08-04 10:30:00,0.70336246
2017-08-05 10:30:00,0.643025
2017-08-06 10:30:00,0.8100375
2017-08-07 10:30:00,0.81792504
2017-08-08 10:30:00,0.7906375
2017-08-09 10:30:00,0.72975
2017-08-10 10:30:00,0.81955
2017-08-11 10:30:00,0.79763746
2017-08-12 10:30:00,0.7564125
2017-08-13 10:30:00,0.8081875
2017-08-14 10:30:00,0.8496375
2017-08-15 10:30:00,0.81745
2017-08-16 10:30:00,0.82114995
2017-08-17 10:30:00,0.7601125
2017-08-18 10:30:00,0.7195375
2017-08-19 10:30:00,0.6845625
2017-08-20 10:30:00,0.68823755
2017-08-21 10:30:00,0.5498125
2017-08-22 10:30:00,0.50005
2017-08-23 10:30:00,0.582475
2017-08-24 10:30:00,0.43998748
2017-08-25 10:30:00,0.418325
2017-08-26 10:30:00,0.44412497
2017-08-27 10:30:00,0.42990002
2017-08-28 10:30:00,0.2872625
2017-08-29 10:30:00,0.30072498
2017-08-30 10:30:00,0.375
2017-08-31 10:30:00,0.4457875
2017-09-01 10:30:00,0.54825
2017-09-02 10:30:00,0.5406875
2017-09-03 10:30:00,0.8812625
2017-09-04 10:30:00,0.6781375
2017-09-05 10:30:00,0.714025
2017-09-06 10:30:00,0.4734875
2017-09-07 10:30:00,0.4612625
2017-09-08 10:30:00,0.46794996
2017-09-09 10:30:00,0.48459998
2017-09-10 10:30:00,0.6146875
2017-09-11 10:30:00,0.361375
2017-09-12 10:30:00,0.4982125
2017-09-13 10:30:00,0.48293748
2017-09-14 10:30:00,0.521225
2017-09-15 10:30:00,0.7977375
2017-09-16 10:30:00,0.724625
2017-09-17 10:30:00,0.726025
2017-09-18 10:30:00,0.5730625
2017-09-19 10:30:00,0.673075
2017-09-20 10:30:00,0.58678746
2017-09-21 10:30:00,0.5359625
2017-09-22 10:30:00,0.32598752
2017-09-23 10:30:00,0.3035
2017-09-24 10:30:00,0.4185125
2017-09-25 10:30:00,0.4279375
2017-09-26 10:30:00,0.3001625
2017-09-27 10:30:00,0.241
2017-09-28 10:30:00,0.276925
2017-09-29 10:30:00,0.2801
2017-09-30 10:30:00,0.2695125
2017-10-01 10:30:00,0.24914998
2017-10-02 10:30:00,0.2080125
2017-10-03 10:30:00,0.2282125
2017-10-04 10:30:00,0.2608375
2017-10-05 10:30:00,0.3108
2017-10-06 10:30:00,0.38378748
2017-10-07 10:30:00,0.47933748
2017-10-08 10:30:00,0.7861
2017-10-09 10:30:00,0.6153375
2017-10-10 10:30:00,0.45498747
2017-10-11 10:30:00,0.441225
2017-10-12 10:30:00,0.34697497
2017-10-13 10:30:00,0.2944125
2017-10-14 10:30:00,0.2853
2017-10-15 10:30:00,0.4160375
2017-10-16 10:30:00,0.24241251
2017-10-17 10:30:00,0.2109375
2017-10-18 10:30:00,0.266175
2017-10-19 10:30:00,0.31274998
2017-10-20 10:30:00,0.3736
2017-10-21 10:30:00,0.31717497
2017-10-22 10:30:00,0.28155
2017-10-23 10:30:00,0.251075
2017-10-24 10:30:00,0.2954875
2017-10-25 10:30:00,0.2313375
2017-10-26 10:30:00,0.40388748
2017-10-27 10:30:00,0.629825
2017-10-28 10:30:00,0.3159375
2017-10-29 10:30:00,0.27855
2017-10-30 10:30:00,0.1660875
2017-10-31 10:30:00,0.2062
2017-11-01 10:30:00,0.25675
2017-11-02 10:30:00,0.318925
2017-11-03 10:30:00,0.3000375
2017-11-04 10:30:00,0.2989625
2017-11-05 10:30:00,0.263675
2017-11-06 10:30:00,0.35895
2017-11-07 10:30:00,0.745775
2017-11-08 10:30:00,0.5412375
2017-11-09 10:30:00,0.5534125
2017-11-10 10:30:00,0.4094125
2017-11-11 10:30:00,0.3006875
2017-11-12 10:30:00,0.333525
2017-11-13 10:30:00,0.36651248
2017-11-14 10:30:00,0.3719
2017-11-15 10:30:00,0.3418
2017-11-16 10:30:00,0.3341875
2017-11-17 10:30:00,0.30186248
2017-11-18 10:30:00,0.35538748
2017-11-19 10:30:00,0.40917498
2017-11-20 10:30:00,0.37156248
2017-11-21 10:30:00,0.3641875
2017-11-22 10:30:00,0.358325
2017-11-23 10:30:00,0.3089625
2017-11-24 10:30:00,0.33049998
2017-11-25 10:30:00,0.3572625
2017-11-26 10:30:00,0.27761248
2017-11-27 10:30:00,0.334725
2017-11-28 10:30:00,0.2555875
2017-11-29 10:30:00,0.26238748
2017-11-30 10:30:00,0.3409875
2017-12-01 10:30:00,0.40381247
2017-12-02 10:30:00,0.52732503
2017-12-03 10:30:00,0.3864125
2017-12-04 10:30:00,0.37631246
2017-12-05 10:30:00,0.5558125
2017-12-06 10:30:00,0.52285
2017-12-07 10:30:00,0.4361
2017-12-08 10:30:00,0.555325
2017-12-09 10:30:00,0.6653625
2017-12-10 10:30:00,0.5374625
2017-12-11 10:30:00,0.397625
2017-12-12 10:30:00,0.40445
2017-12-13 10:30:00,0.3727
2017-12-14 10:30:00,0.36138746
2017-12-15 10:30:00,0.3886125
2017-12-16 10:30:00,0.37346247
2017-12-17 10:30:00,0.471175
2017-12-18 10:30:00,0.4760125
2017-12-19 10:30:00,0.469025
2017-12-20 10:30:00,0.5205875
2017-12-21 10:30:00,0.38642496
2017-12-22 10:30:00,0.3621875
2017-12-23 10:30:00,0.36834997
2017-12-24 10:30:00,0.4046375
2017-12-25 10:30:00,0.3502125
2017-12-26 10:30:00,0.25225
2017-12-27 10:30:00,0.29245
2017-12-28 10:30:00,0.40822497
2017-12-29 10:30:00,0.367275
2017-12-30 10:30:00,0.41775
2017-12-31 10:30:00,0.51646245
2018-01-01 10:30:00,0.36685002
2018-01-02 10:30:00,0.39205
2018-01-03 10:30:00,0.37655
2018-01-04 10:30:00,0.30526248
2018-01-05 10:30:00,0.3737875
2018-01-06 10:30:00,0.35645
2018-01-07 10:30:00,0.356725
2018-01-08 10:30:00,0.5148
2018-01-09 10:30:00,0.495825
2018-01-10 10:30:00,0.3524125
2018-01-11 10:30:00,0.33616248
2018-01-12 10:30:00,0.52325
2018-01-13 10:30:00,0.58042496
2018-01-14 10:30:00,0.515875
2018-01-15 10:30:00,0.53276247
2018-01-16 10:30:00,0.663
2018-01-17 10:30:00,0.49485
2018-01-18 10:30:00,0.47634998
2018-01-19 10:30:00,0.35694999
2018-01-20 10:30:00,0.325075
2018-01-21 10:30:00,0.2988875
2018-01-22 10:30:00,0.313575
2018-01-23 10:30:00,0.29095
2018-01-24 10:30:00,0.31832498
2018-01-25 10:30:00,0.297075
2018-01-26 10:30:00,0.2705375
2018-01-27 10:30:00,0.2843375
2018-01-28 10:30:00,0.34947503
2018-01-29 10:30:00,0.37440002
2018-01-30 10:30:00,0.3462875
2018-01-31 10:30:00,0.3692875
2018-02-01 10:30:00,0.35665
2018-02-02 10:30:00,0.4751375
2018-02-03 10:30:00,0.3902
2018-02-04 10:30:00,0.388875
2018-02-05 10:30:00,0.34271252
2018-02-06 10:30:00,0.33499998
2018-02-07 10:30:00,0.36546248
2018-02-08 10:30:00,0.274925
2018-02-09 10:30:00,0.2941
2018-02-10 10:30:00,0.2861
2018-02-11 10:30:00,0.2794375
2018-02-12 10:30:00,0.2832375
2018-02-13 10:30:00,0.307075
2018-02-14 10:30:00,0.2893375
2018-02-15 10:30:00,0.28485
2018-02-16 10:30:00,0.24043751
2018-02-17 10:30:00,0.221725
2018-02-18 10:30:00,0.262975
2018-02-19 10:30:00,0.29503748
2018-02-20 10:30:00,0.32205
2018-02-21 10:30:00,0.36279997
2018-02-22 10:30:00,0.336075
2018-02-23 10:30:00,0.2559875
2018-02-24 10:30:00,0.232525
2018-02-25 10:30:00,0.38075
2018-02-26 10:30:00,0.40902498
2018-02-27 10:30:00,0.29413748
2018-02-28 10:30:00,0.5954875
2018-03-01 10:30:00,0.3446875
2018-03-02 10:30:00,0.3305875
2018-03-03 10:30:00,0.5247125
2018-03-04 10:30:00,0.32845
2018-03-05 10:30:00,0.2748375
2018-03-06 10:30:00,0.28
2018-03-07 10:30:00,0.47599998
2018-03-08 10:30:00,0.3105875
2018-03-09 10:30:00,0.5336625
2018-03-10 10:30:00,0.5343875
2018-03-11 10:30:00,0.403375
2018-03-12 10:30:00,0.41612497
2018-03-13 10:30:00,0.5692625
2018-03-14 10:30:00,0.6361
2018-03-15 10:30:00,0.2516
2018-03-16 10:30:00,0.24399999
2018-03-17 10:30:00,0.272575
2018-03-18 10:30:00,0.269375
2018-03-19 10:30:00,0.1958625
2018-03-20 10:30:00,0.17379999
2018-03-21 10:30:00,0.22195
2018-03-22 10:30:00,0.1780125
2018-03-23 10:30:00,0.1916
2018-03-24 10:30:00,0.20758751
2018-03-25 10:30:00,0.21132499
2018-03-26 10:30:00,0.20657499
2018-03-27 10:30:00,0.25474998
2018-03-28 10:30:00,0.20476249
2018-03-29 10:30:00,0.1282625
2018-03-30 10:30:00,0.403225
2018-03-31 10:30:00,0.533875
2018-04-01 10:30:00,0.25152498
2018-04-02 10:30:00,0.1495625
2018-04-03 10:30:00,0.11755
2018-04-04 10:30:00,0.090574995
2018-04-05 10:30:00,0.228775
2018-04-06 10:30:00,0.14225
2018-04-07 10:30:00,0.122412495
2018-04-08 10:30:00,0.16887501
2018-04-09 10:30:00,0.2102125
2018-04-10 10:30:00,0.4815375
2018-04-11 10:30:00,0.1826625
2018-04-12 10:30:00,0.2411
2018-04-13 10:30:00,0.5564125
2018-04-14 10:30:00,0.6293125
2018-04-15 10:30:00,0.249
2018-04-16 10:30:00,0.116975
2018-04-17 10:30:00,0.2276125
2018-04-18 10:30:00,0.3258625
2018-04-19 10:30:00,0.26376247
2018-04-20 10:30:00,0.6100875
2018-04-21 10:30:00,0.4482
2018-04-22 10:30:00,0.2707375
2018-04-23 10:30:00,0.275625
2018-04-24 10:30:00,0.1932375
2018-04-25 10:30:00,0.1784625
2018-04-26 10:30:00,0.23775
2018-04-27 10:30:00,0.13562499
2018-04-28 10:30:00,0.278225
2018-04-29 10:30:00,0.4454625
2018-04-30 10:30:00,0.3183375
2018-05-01 10:30:00,0.39549997
2018-05-02 10:30:00,0.252125
2018-05-03 10:30:00,0.187675
2018-05-04 10:30:00,0.1542
2018-05-05 10:30:00,0.1206375
2018-05-06 10:30:00,0.2048875
2018-05-07 10:30:00,0.3023875
2018-05-08 10:30:00,0.29093748
2018-05-09 10:30:00,0.200625
2018-05-10 10:30:00,0.24537499
2018-05-11 10:30:00,0.39154997
2018-05-12 10:30:00,0.5280125
2018-05-13 10:30:00,0.433225
2018-05-14 10:30:00,0.21147498
2018-05-15 10:30:00,0.6224625
2018-05-16 10:30:00,0.5361625
2018-05-17 10:30:00,0.34215
2018-05-18 10:30:00,0.227875
2018-05-19 10:30:00,0.17854999
2018-05-20 10:30:00,0.364875
2018-05-21 10:30:00,0.4168625
2018-05-22 10:30:00,0.50769997
2018-05-23 10:30:00,0.3693875
2018-05-24 10:30:00,0.41875
2018-05-25 10:30:00,0.28522497
2018-05-26 10:30:00,0.4430625
2018-05-27 10:30:00,0.622475
2018-05-28 10:30:00,0.8229875
2018-05-29 10:30:00,0.74735
2018-05-30 10:30:00,0.46871248
2018-05-31 10:30:00,0.36721247
2018-06-01 10:30:00,0.1624375
2018-06-02 10:30:00,0.1409125
2018-06-03 10:30:00,0.2557875
2018-06-04 10:30:00,0.3791875
2018-06-05 10:30:00,0.34832498
2018-06-06 10:30:00,0.40853748
2018-06-07 10:30:00,0.3628125
2018-06-08 10:30:00,0.41588748
2018-06-09 10:30:00,0.53919995
2018-06-10 10:30:00,0.5240125
2018-06-11 10:30:00,0.6274
2018-06-12 10:30:00,0.69904995
2018-06-13 10:30:00,0.6333375
2018-06-14 10:30:00,0.66910005
2018-06-15 10:30:00,0.6218625
2018-06-16 10:30:00,0.52314997
2018-06-17 10:30:00,0.4439125
2018-06-18 10:30:00,0.759
2018-06-19 10:30:00,0.509
2018-06-20 10:30:00,0.4948125
2018-06-21 10:30:00,0.3782375
2018-06-22 10:30:00,0.3771875
2018-06-23 10:30:00,0.423525
2018-06-24 10:30:00,0.5961125
2018-06-25 10:30:00,0.87183744
2018-06-26 10:30:00,0.7903375
2018-06-27 10:30:00,0.817125
2018-06-28 10:30:00,0.5375125
2018-06-29 10:30:00,0.48623747
2018-06-30 10:30:00,0.488675
2018-07-01 10:30:00,0.5024625
2018-07-02 10:30:00,0.57766247
2018-07-03 10:30:00,0.6577749
2018-07-04 10:30:00,0.85504997
2018-07-05 10:30:00,0.773925
2018-07-06 10:30:00,0.6987875
2018-07-07 10:30:00,0.8834625
2018-07-08 10:30:00,0.75734997
2018-07-09 10:30:00,0.66504997
2018-07-10 10:30:00,0.81872493
2018-07-11 10:30:00,0.8024875
2018-07-12 10:30:00,0.6313125
2018-07-13 10:30:00,0.50228745
2018-07-14 10:30:00,0.501525
2018-07-15 10:30:00,0.5163
2018-07-16 10:30:00,0.8613625
2018-07-17 10:30:00,0.8368875
2018-07-18 10:30:00,0.78138745
2018-07-19 10:30:00,0.69893754
2018-07-20 10:30:00,0.83406246
2018-07-21 10:30:00,0.8292625
2018-07-22 10:30:00,0.6201125
2018-07-23 10:30:00,0.61365
2018-07-24 10:30:00,0.79015
2018-07-25 10:30:00,0.7934375
2018-07-26 10:30:00,0.676825
2018-07-27 10:30:00,0.67335
2018-07-28 10:30:00,0.652125
2018-07-29 10:30:00,0.64077497
2018-07-30 10:30:00,0.74738747
2018-07-31 10:30:00,0.54139996
2018-08-01 10:30:00,0.5696
2018-08-02 10:30:00,0.606875
2018-08-03 10:30:00,0.72365
2018-08-04 10:30:00,0.7570125
2018-08-05 10:30:00,0.6463125
2018-08-06 10:30:00,0.7158625
2018-08-07 10:30:00,0.70911247
2018-08-08 10:30:00,0.6660375
2018-08-09 10:30:00,0.50303745
2018-08-10 10:30:00,0.56785
2018-08-11 10:30:00,0.76766247
2018-08-12 10:30:00,0.730475
2018-08-13 10:30:00,0.88240004
2018-08-14 10:30:00,0.81606245
2018-08-15 10:30:00,0.68801254
2018-08-16 10:30:00,0.5566625
2018-08-17 10:30:00,0.67541254
2018-08-18 10:30:00,0.480625
2018-08-19 10:30:00,0.55555
2018-08-20 10:30:00,0.69264996
2018-08-21 10:30:00,0.5828625
2018-08-22 10:30:00,0.5206625
2018-08-23 10:30:00,0.5837125
2018-08-24 10:30:00,0.68067497
2018-08-25 10:30:00,0.8342375
2018-08-26 10:30:00,0.7361
2018-08-27 10:30:00,0.60135
2018-08-28 10:30:00,0.86896247
2018-08-29 10:30:00,0.738775
2018-08-30 10:30:00,0.7690125
2018-08-31 10:30:00,0.655925
2018-09-01 10:30:00,0.575475
2018-09-02 10:30:00,0.76014996
2018-09-03 10:30:00,0.66601247
2018-09-04 10:30:00,0.5439625
2018-09-05 10:30:00,0.61456245
2018-09-06 10:30:00,0.41172498
2018-09-07 10:30:00,0.5177375
2018-09-08 10:30:00,0.47483748
2018-09-09 10:30:00,0.5303375
2018-09-10 10:30:00,0.5717625
2018-09-11 10:30:00,0.6105875
2018-09-12 10:30:00,0.49723747
2018-09-13 10:30:00,0.4392375
2018-09-14 10:30:00,0.5452875
2018-09-15 10:30:00,0.4002375
2018-09-16 10:30:00,0.40261248
2018-09-17 10:30:00,0.39404997
2018-09-18 10:30:00,0.495075
2018-09-19 10:30:00,0.4816125
2018-09-20 10:30:00,0.5148625
2018-09-21 10:30:00,0.484525
2018-09-22 10:30:00,0.568475
2018-09-23 10:30:00,0.7244
2018-09-24 10:30:00,0.4891625
2018-09-25 10:30:00,0.5200375
2018-09-26 10:30:00,0.49478748
2018-09-27 10:30:00,0.455775
2018-09-28 10:30:00,0.52134997
2018-09-29 10:30:00,0.84655
2018-09-30 10:30:00,0.7729375
2018-10-01 10:30:00,0.46916252
2018-10-02 10:30:00,0.46873748
2018-10-03 10:30:00,0.52472496
2018-10-04 10:30:00,0.4671
2018-10-05 10:30:00,0.37105
2018-10-06 10:30:00,0.332075
2018-10-07 10:30:00,0.431875
2018-10-08 10:30:00,0.4066875
2018-10-09 10:30:00,0.4458
2018-10-10 10:30:00,0.4782875
2018-10-11 10:30:00,0.4284375
2018-10-12 10:30:00,0.3843875
2018-10-13 10:30:00,0.2762
2018-10-14 10:30:00,0.3922
2018-10-15 10:30:00,0.3232625
2018-10-16 10:30:00,0.374425
2018-10-17 10:30:00,0.35233748
2018-10-18 10:30:00,0.24354999
2018-10-19 10:30:00,0.27706248
2018-10-20 10:30:00,0.23104998
2018-10-21 10:30:00,0.2810875
2018-10-22 10:30:00,0.30276248
2018-10-23 10:30:00,0.44125
2018-10-24 10:30:00,0.39052498
2018-10-25 10:30:00,0.5863
2018-10-26 10:30:00,0.4369
2018-10-27 10:30:00,0.3030875
2018-10-28 10:30:00,0.36201248
2018-10-29 10:30:00,0.4795625
2018-10-30 10:30:00,0.406725
2018-10-31 10:30:00,0.337575
2018-11-01 10:30:00,0.404375
2018-11-02 10:30:00,0.307325
2018-11-03 10:30:00,0.37536252
2018-11-04 10:30:00,0.4046875
2018-11-05 10:30:00,0.37391248
2018-11-06 10:30:00,0.33631247
2018-11-07 10:30:00,0.3169375
2018-11-08 10:30:00,0.41439998
2018-11-09 10:30:00,0.3949625
2018-11-10 10:30:00,0.3148375
2018-11-11 10:30:00,0.4390375
2018-11-12 10:30:00,0.5039875
2018-11-13 10:30:00,0.46627498
2018-11-14 10:30:00,0.611575
2018-11-15 10:30:00,0.30763748
2018-11-16 10:30:00,0.3463
2018-11-17 10:30:00,0.451925
2018-11-18 10:30:00,0.46927497
2018-11-19 10:30:00,0.372125
2018-11-20 10:30:00,0.336025
2018-11-21 10:30:00,0.28505
2018-11-22 10:30:00,0.342325
2018-11-23 10:30:00,0.29365
2018-11-24 10:30:00,0.3062
2018-11-25 10:30:00,0.32022497
2018-11-26 10:30:00,0.2423875
2018-11-27 10:30:00,0.23017499
2018-11-28 10:30:00,0.26225
2018-11-29 10:30:00,0.23741248
2018-11-30 10:30:00,0.2655125
2018-12-01 10:30:00,0.289775
2018-12-02 10:30:00,0.3296875
2018-12-03 10:30:00,0.248475
2018-12-04 10:30:00,0.2453125
2018-12-05 10:30:00,0.27967498
2018-12-06 10:30:00,0.2599
2018-12-07 10:30:00,0.26215
2018-12-08 10:30:00,0.2676875
2018-12-09 10:30:00,0.3713375
2018-12-10 10:30:00,0.4386375
2018-12-11 10:30:00,0.40975
2018-12-12 10:30:00,0.50909996
2018-12-13 10:30:00,0.44107497
2018-12-14 10:30:00,0.37281248
2018-12-15 10:30:00,0.33619997
2018-12-16 10:30:00,0.3868625
2018-12-17 10:30:00,0.36779997
2018-12-18 10:30:00,0.4599875
2018-12-19 10:30:00,0.41968748
2018-12-20 10:30:00,0.47759998
2018-12-21 10:30:00,0.5714
2018-12-22 10:30:00,0.2979
2018-12-23 10:30:00,0.27956247
2018-12-24 10:30:00,0.30895
2018-12-25 10:30:00,0.23785
2018-12-26 10:30:00,0.2645
2018-12-27 10:30:00,0.26901248
2018-12-28 10:30:00,0.2904
2018-12-29 10:30:00,0.300675
2018-12-30 10:30:00,0.37221247
2018-12-31 10:30:00,0.3225125
2019-01-01 10:30:00,0.2906
2019-01-02 10:30:00,0.3306625
2019-01-03 10:30:00,0.3459375
2019-01-04 10:30:00,0.31373748
2019-01-05 10:30:00,0.282975
2019-01-06 10:30:00,0.3499375
2019-01-07 10:30:00,0.3127625
2019-01-08 10:30:00,0.2410625
2019-01-09 10:30:00,0.21159999
2019-01-10 10:30:00,0.35097498
2019-01-11 10:30:00,0.389875
2019-01-12 10:30:00,0.43545002
2019-01-13 10:30:00,0.46080002
2019-01-14 10:30:00,0.3019625
2019-01-15 10:30:00,0.235975
2019-01-16 10:30:00,0.3390875
2019-01-17 10:30:00,0.3462
2019-01-18 10:30:00,0.359775
2019-01-19 10:30:00,0.321325
2019-01-20 10:30:00,0.26889998
2019-01-21 10:30:00,0.2916
2019-01-22 10:30:00,0.27264997
2019-01-23 10:30:00,0.255175
2019-01-24 10:30:00,0.28702497
2019-01-25 10:30:00,0.2875
2019-01-26 10:30:00,0.226075
2019-01-27 10:30:00,0.290375
2019-01-28 10:30:00,0.2683625
2019-01-29 10:30:00,0.253575
2019-01-30 10:30:00,0.2209875
2019-01-31 10:30:00,0.193875
2019-02-01 10:30:00,0.1491125
2019-02-02 10:30:00,0.2936875
2019-02-03 10:30:00,0.22281249
2019-02-04 10:30:00,0.29126248
2019-02-05 10:30:00,0.21772501
2019-02-06 10:30:00,0.21602498
2019-02-07 10:30:00,0.2045375
2019-02-08 10:30:00,0.23671249
2019-02-09 10:30:00,0.2316875
2019-02-10 10:30:00,0.238775
2019-02-11 10:30:00,0.23307498
2019-02-12 10:30:00,0.206375
2019-02-13 10:30:00,0.1966625
2019-02-14 10:30:00,0.20918751
2019-02-15 10:30:00,0.20413749
2019-02-16 10:30:00,0.2175625
2019-02-17 10:30:00,0.18574998
2019-02-18 10:30:00,0.12779999
2019-02-19 10:30:00,0.2245125
2019-02-20 10:30:00,0.20205
2019-02-21 10:30:00,0.18643749
2019-02-22 10:30:00,0.25562498
2019-02-23 10:30:00,0.19202499
2019-02-24 10:30:00,0.222325
2019-02-25 10:30:00,0.2786
2019-02-26 10:30:00,0.25184998
2019-02-27 10:30:00,0.29529998
2019-02-28 10:30:00,0.21277499
2019-03-01 10:30:00,0.18637498
2019-03-02 10:30:00,0.18395
2019-03-03 10:30:00,0.24993749
2019-03-04 10:30:00,0.23556249
2019-03-05 10:30:00,0.3655375
2019-03-06 10:30:00,0.2509
2019-03-07 10:30:00,0.18389998
2019-03-08 10:30:00,0.09761249
2019-03-09 10:30:00,0.18294999
2019-03-10 10:30:00,0.1402375
2019-03-11 10:30:00,0.1709
2019-03-12 10:30:00,0.1637875
2019-03-13 10:30:00,0.19508749
2019-03-14 10:30:00,0.2542875
2019-03-15 10:30:00,0.2703
2019-03-16 10:30:00,0.39752498
2019-03-17 10:30:00,0.2109125
2019-03-18 10:30:00,0.17821251
2019-03-19 10:30:00,0.2775375
2019-03-20 10:30:00,0.3332875
2019-03-21 10:30:00,0.19829999
2019-03-22 10:30:00,0.21698749
2019-03-23 10:30:00,0.1739125
2019-03-24 10:30:00,0.1823875
2019-03-25 10:30:00,0.08288749
2019-03-26 10:30:00,0.090762496
2019-03-27 10:30:00,0.1028375
2019-03-28 10:30:00,0.12737499
2019-03-29 10:30:00,0.254775
2019-03-30 10:30:00,0.17533751
2019-03-31 10:30:00,0.17011249
2019-04-01 10:30:00,0.14064999
2019-04-02 10:30:00,0.1219875
2019-04-03 10:30:00,0.122362494
2019-04-04 10:30:00,0.32923752
2019-04-05 10:30:00,0.19735
2019-04-06 10:30:00,0.23323749
2019-04-07 10:30:00,0.2659875
2019-04-08 10:30:00,0.2487375
2019-04-09 10:30:00,0.1691
2019-04-10 10:30:00,0.0956625
2019-04-11 10:30:00,0.1089375
2019-04-12 10:30:00,0.07983749
2019-04-13 10:30:00,0.1622125
2019-04-14 10:30:00,0.1449875
2019-04-15 10:30:00,0.072925
2019-04-16 10:30:00,0.110474996
2019-04-17 10:30:00,0.40377498
2019-04-18 10:30:00,0.10925
2019-04-19 10:30:00,0.08391249
2019-04-20 10:30:00,0.073024996
2019-04-21 10:30:00,0.0599875
2019-04-22 10:30:00,0.151725
2019-04-23 10:30:00,0.10047499
2019-04-24 10:30:00,0.117425
2019-04-25 10:30:00,0.166625
2019-04-26 10:30:00,0.1051375
2019-04-27 10:30:00,0.08409999
2019-04-28 10:30:00,0.38735
2019-04-29 10:30:00,0.5059625
2019-04-30 10:30:00,0.208875
2019-05-01 10:30:00,0.161775
2019-05-02 10:30:00,0.2211375
2019-05-03 10:30:00,0.1497125
2019-05-04 10:30:00,0.38187498
2019-05-05 10:30:00,0.22575
2019-05-06 10:30:00,0.1516375
2019-05-07 10:30:00,0.1427375
2019-05-08 10:30:00,0.1576125
2019-05-09 10:30:00,0.20711249
2019-05-10 10:30:00,0.225625
2019-05-11 10:30:00,0.33842498
2019-05-12 10:30:00,0.5286125
2019-05-13 10:30:00,0.59894997
2019-05-14 10:30:00,0.41837496
2019-05-15 10:30:00,0.27868748
2019-05-16 10:30:00,0.1697875
2019-05-17 10:30:00,0.18775
2019-05-18 10:30:00,0.360575
2019-05-19 10:30:00,0.8266875
2019-05-20 10:30:00,0.47855
2019-05-21 10:30:00,0.5247
2019-05-22 10:30:00,0.393125
2019-05-23 10:30:00,0.3259125
2019-05-24 10:30:00,0.1952
2019-05-25 10:30:00,0.543875
2019-05-26 10:30:00,0.761125
2019-05-27 10:30:00,0.33656248
2019-05-28 10:30:00,0.1816125
2019-05-29 10:30:00,0.1998625
2019-05-30 10:30:00,0.4723125
2019-05-31 10:30:00,0.4162125
2019-06-01 10:30:00,0.37903747
2019-06-02 10:30:00,0.45288748
2019-06-03 10:30:00,0.47066247
2019-06-04 10:30:00,0.4171375
2019-06-05 10:30:00,0.319075
2019-06-06 10:30:00,0.54134995
2019-06-07 10:30:00,0.798375
2019-06-08 10:30:00,0.8396375
2019-06-09 10:30:00,0.75277495
2019-06-10 10:30:00,0.71255
2019-06-11 10:30:00,0.64247495
2019-06-12 10:30:00,0.5991
2019-06-13 10:30:00,0.3948125
2019-06-14 10:30:00,0.56035
2019-06-15 10:30:00,0.5166625
2019-06-16 10:30:00,0.439775
2019-06-17 10:30:00,0.3539875
2019-06-18 10:30:00,0.43193752
2019-06-19 10:30:00,0.3755125
2019-06-20 10:30:00,0.4912375
2019-06-21 10:30:00,0.4373375
2019-06-22 10:30:00,0.460475
2019-06-23 10:30:00,0.381
2019-06-24 10:30:00,0.37915
2019-06-25 10:30:00,0.5697125
2019-06-26 10:30:00,0.6062875
2019-06-27 10:30:00,0.7275375
2019-06-28 10:30:00,0.78508747
2019-06-29 10:30:00,0.68745
2019-06-30 10:30:00,0.7443
2019-07-01 10:30:00,0.519525
2019-07-02 10:30:00,0.5480875
2019-07-03 10:30:00,0.5727375
2019-07-04 10:30:00,0.5354375
2019-07-05 10:30:00,0.86823744
2019-07-06 10:30:00,0.88644993
2019-07-07 10:30:00,0.66339993
2019-07-08 10:30:00,0.6235625
2019-07-09 10:30:00,0.6154375
2019-07-10 10:30:00,0.70926255
2019-07-11 10:30:00,0.74503744
2019-07-12 10:30:00,0.69659996
2019-07-13 10:30:00,0.7519625
2019-07-14 10:30:00,0.67211246
2019-07-15 10:30:00,0.6211375
2019-07-16 10:30:00,0.67442495
2019-07-17 10:30:00,0.70724994
2019-07-18 10:30:00,0.60424995
2019-07-19 10:30:00,0.588375
2019-07-20 10:30:00,0.6907
2019-07-21 10:30:00,0.56689996
2019-07-22 10:30:00,0.51226246
2019-07-23 10:30:00,0.86105
2019-07-24 10:30:00,0.6917125
2019-07-25 10:30:00,0.7815125
2019-07-26 10:30:00,0.67286247
2019-07-27 10:30:00,0.848375
2019-07-28 10:30:00,0.676875
2019-07-29 10:30:00,0.663375
2019-07-30 10:30:00,0.6974375
2019-07-31 10:30:00,0.536525
2019-08-01 10:30:00,0.5764875
2019-08-02 10:30:00,0.5145
2019-08-03 10:30:00,0.586325
2019-08-04 10:30:00,0.51525
2019-08-05 10:30:00,0.63113743
2019-08-06 10:30:00,0.85864997
2019-08-07 10:30:00,0.804975
2019-08-08 10:30:00,0.8253375
2019-08-09 10:30:00,0.788125
2019-08-10 10:30:00,0.83235
2019-08-11 10:30:00,0.7787375
2019-08-12 10:30:00,0.7114875
2019-08-13 10:30:00,0.72557503
2019-08-14 10:30:00,0.6546125
2019-08-15 10:30:00,0.607225
2019-08-16 10:30:00,0.67279994
2019-08-17 10:30:00,0.71166253
2019-08-18 10:30:00,0.707225
2019-08-19 10:30:00,0.65381247
2019-08-20 10:30:00,0.84467494
2019-08-21 10:30:00,0.5745625
2019-08-22 10:30:00,0.7378375
2019-08-23 10:30:00,0.81778747
2019-08-24 10:30:00,0.72597504
2019-08-25 10:30:00,0.7174624
2019-08-26 10:30:00,0.8826249
2019-08-27 10:30:00,0.69076246
2019-08-28 10:30:00,0.79495
2019-08-29 10:30:00,0.7609625
2019-08-30 10:30:00,0.62056243
2019-08-31 10:30:00,0.58565
2019-09-01 10:30:00,0.623775
2019-09-02 10:30:00,0.65255
2019-09-03 10:30:00,0.6365375
2019-09-04 10:30:00,0.633325
2019-09-05 10:30:00,0.5748125
2019-09-06 10:30:00,0.67193747
2019-09-07 10:30:00,0.7309625
2019-09-08 10:30:00,0.44175
2019-09-09 10:30:00,0.41542497
2019-09-10 10:30:00,0.486025
2019-09-11 10:30:00,0.42087495
2019-09-12 10:30:00,0.43349996
2019-09-13 10:30:00,0.62514997
2019-09-14 10:30:00,0.40014997
2019-09-15 10:30:00,0.3184625
2019-09-16 10:30:00,0.297325
2019-09-17 10:30:00,0.366575
2019-09-18 10:30:00,0.3361375
2019-09-19 10:30:00,0.44623747
2019-09-20 10:30:00,0.5384875
2019-09-21 10:30:00,0.4425875
2019-09-22 10:30:00,0.4086
2019-09-23 10:30:00,0.29424998
2019-09-24 10:30:00,0.295575
2019-09-25 10:30:00,0.4404875
2019-09-26 10:30:00,0.4273875
2019-09-27 10:30:00,0.4092625
2019-09-28 10:30:00,0.29174998
2019-09-29 10:30:00,0.3942875
2019-09-30 10:30:00,0.4749125
2019-10-01 10:30:00,0.48588753
2019-10-02 10:30:00,0.634425
2019-10-03 10:30:00,0.612975
2019-10-04 10:30:00,0.455175
2019-10-05 10:30:00,0.44195
2019-10-06 10:30:00,0.36741248
2019-10-07 10:30:00,0.355975
2019-10-08 10:30:00,0.42113748
2019-10-09 10:30:00,0.34577498
2019-10-10 10:30:00,0.23946251
2019-10-11 10:30:00,0.2148625
2019-10-12 10:30:00,0.240575
2019-10-13 10:30:00,0.2455875
2019-10-14 10:30:00,0.25710002
2019-10-15 10:30:00,0.19278748
2019-10-16 10:30:00,0.346925
2019-10-17 10:30:00,0.3093
2019-10-18 10:30:00,0.3969375
2019-10-19 10:30:00,0.50444996
2019-10-20 10:30:00,0.42208746
2019-10-21 10:30:00,0.23995
2019-10-22 10:30:00,0.25489998
2019-10-23 10:30:00,0.2837375
2019-10-24 10:30:00,0.6951249
2019-10-25 10:30:00,0.5188125
2019-10-26 10:30:00,0.5086
2019-10-27 10:30:00,0.4995375
2019-10-28 10:30:00,0.5395375
2019-10-29 10:30:00,0.32563752
2019-10-30 10:30:00,0.3537125
2019-10-31 10:30:00,0.23292498
2019-11-01 10:30:00,0.20496249
2019-11-02 10:30:00,0.312125
2019-11-03 10:30:00,0.305025
2019-11-04 10:30:00,0.3086
2019-11-05 10:30:00,0.2343875
2019-11-06 10:30:00,0.31132498
2019-11-07 10:30:00,0.31605
2019-11-08 10:30:00,0.3721625
2019-11-09 10:30:00,0.431375
2019-11-10 10:30:00,0.3922625
2019-11-11 10:30:00,0.2169375
2019-11-12 10:30:00,0.71958745
2019-11-13 10:30:00,0.392775
2019-11-14 10:30:00,0.39339998
2019-11-15 10:30:00,0.369075
2019-11-16 10:30:00,0.3175125
2019-11-17 10:30:00,0.47261247
2019-11-18 10:30:00,0.28702497
2019-11-19 10:30:00,0.30741248
2019-11-20 10:30:00,0.32694998
2019-11-21 10:30:00,0.4592
2019-11-22 10:30:00,0.4444125
2019-11-23 10:30:00,0.2686125
2019-11-24 10:30:00,0.29828748
2019-11-25 10:30:00,0.24276249
2019-11-26 10:30:00,0.25856248
2019-11-27 10:30:00,0.274775
2019-11-28 10:30:00,0.292175
2019-11-29 10:30:00,0.31327498
2019-11-30 10:30:00,0.53353745
2019-12-01 10:30:00,0.40131247
2019-12-02 10:30:00,0.2914125
2019-12-03 10:30:00,0.273625
2019-12-04 10:30:00,0.2868875
2019-12-05 10:30:00,0.2794375
2019-12-06 10:30:00,0.38105
2019-12-07 10:30:00,0.430025
2019-12-08 10:30:00,0.5893125
2019-12-09 10:30:00,0.54381245
2019-12-10 10:30:00,0.593075
2019-12-11 10:30:00,0.5207875
2019-12-12 10:30:00,0.5330375
2019-12-13 10:30:00,0.5239875
2019-12-14 10:30:00,0.62233746
2019-12-15 10:30:00,0.5631625
2019-12-16 10:30:00,0.54987496
2019-12-17 10:30:00,0.4644875
2019-12-18 10:30:00,0.478175
2019-12-19 10:30:00,0.495125
2019-12-20 10:30:00,0.468675
2019-12-21 10:30:00,0.5805875
2019-12-22 10:30:00,0.629025
2019-12-23 10:30:00,0.577
2019-12-24 10:30:00,0.6459375
2019-12-25 10:30:00,0.592725
2019-12-26 10:30:00,0.52655
2019-12-27 10:30:00,0.608125
2019-12-28 10:30:00,0.667525
2019-12-29 10:30:00,0.65917504
2019-12-30 10:30:00,0.499025
2019-12-31 10:30:00,0.4475125
2020-01-01 10:30:00,0.50401247
2020-01-02 10:30:00,0.48763746
2020-01-03 10:30:00,0.568375
2020-01-04 10:30:00,0.5811875
2020-01-05 10:30:00,0.6628625
2020-01-06 10:30:00,0.7646
2020-01-07 10:30:00,0.6579625
2020-01-08 10:30:00,0.6497625
2020-01-09 10:30:00,0.606525
2020-01-10 10:30:00,0.5355375
2020-01-11 10:30:00,0.5488
2020-01-12 10:30:00,0.4965875
2020-01-13 10:30:00,0.5683875
2020-01-14 10:30:00,0.5273375
2020-01-15 10:30:00,0.546375
2020-01-16 10:30:00,0.4962375
2020-01-17 10:30:00,0.521025
2020-01-18 10:30:00,0.66135
2020-01-19 10:30:00,0.66785
2020-01-20 10:30:00,0.51685
2020-01-21 10:30:00,0.49406248
2020-01-22 10:30:00,0.5529625
2020-01-23 10:30:00,0.402825
2020-01-24 10:30:00,0.4881375
2020-01-25 10:30:00,0.56439996
2020-01-26 10:30:00,0.5693
2020-01-27 10:30:00,0.579
2020-01-28 10:30:00,0.537225
2020-01-29 10:30:00,0.552475
2020-01-30 10:30:00,0.567725
2020-01-31 10:30:00,0.52205
2020-02-01 10:30:00,0.3675125
2020-02-02 10:30:00,0.35948747
2020-02-03 10:30:00,0.39525
2020-02-04 10:30:00,0.3745
2020-02-05 10:30:00,0.3769875
2020-02-06 10:30:00,0.32989997
2020-02-07 10:30:00,0.46896246
2020-02-08 10:30:00,0.4912625
2020-02-09 10:30:00,0.5440375
2020-02-10 10:30:00,0.6320125
2020-02-11 10:30:00,0.448325
2020-02-12 10:30:00,0.57581246
2020-02-13 10:30:00,0.65225
2020-02-14 10:30:00,0.456175
2020-02-15 10:30:00,0.4222
2020-02-16 10:30:00,0.5326625
2020-02-17 10:30:00,0.39845002
2020-02-18 10:30:00,0.39589998
2020-02-19 10:30:00,0.3862625
2020-02-20 10:30:00,0.55245
2020-02-21 10:30:00,0.6547875
2020-02-22 10:30:00,0.4741875
2020-02-23 10:30:00,0.428375
2020-02-24 10:30:00,0.4104
2020-02-25 10:30:00,0.48369998
2020-02-26 10:30:00,0.3794625
2020-02-27 10:30:00,0.44447497
2020-02-28 10:30:00,0.484975
2020-02-29 10:30:00,0.511025
2020-03-01 10:30:00,0.53951246
2020-03-02 10:30:00,0.54421246
2020-03-03 10:30:00,0.78618747
2020-03-04 10:30:00,0.5511875
2020-03-05 10:30:00,0.5271625
2020-03-06 10:30:00,0.6667375
2020-03-07 10:30:00,0.45208746
2020-03-08 10:30:00,0.515225
2020-03-09 10:30:00,0.31995
2020-03-10 10:30:00,0.472275
2020-03-11 10:30:00,0.36423752
2020-03-12 10:30:00,0.22173749
2020-03-13 10:30:00,0.41647497
2020-03-14 10:30:00,0.366125
2020-03-15 10:30:00,0.26003748
2020-03-16 10:30:00,0.41263747
2020-03-17 10:30:00,0.342475
2020-03-18 10:30:00,0.3762875
2020-03-19 10:30:00,0.39314997
2020-03-20 10:30:00,0.291225
2020-03-21 10:30:00,0.25466248
2020-03-22 10:30:00,0.3975125
2020-03-23 10:30:00,0.2753875
2020-03-24 10:30:00,0.33517498
2020-03-25 10:30:00,0.34544998
2020-03-26 10:30:00,0.2179125
2020-03-27 10:30:00,0.2770375
2020-03-28 10:30:00,0.23362498
2020-03-29 10:30:00,0.15495
2020-03-30 10:30:00,0.1445625
2020-03-31 10:30:00,0.18289998
2020-04-01 10:30:00,0.18262501
2020-04-02 10:30:00,0.1999375
2020-04-03 10:30:00,0.2299125
2020-04-04 10:30:00,0.112262495
2020-04-05 10:30:00,0.13229999
2020-04-06 10:30:00,0.271025
2020-04-07 10:30:00,0.27976248
2020-04-08 10:30:00,0.3297625
2020-04-09 10:30:00,0.2867375
2020-04-10 10:30:00,0.15305
2020-04-11 10:30:00,0.17653748
2020-04-12 10:30:00,0.11431249
2020-04-13 10:30:00,0.123500004
2020-04-14 10:30:00,0.262075
2020-04-15 10:30:00,0.227175
2020-04-16 10:30:00,0.44099998
2020-04-17 10:30:00,0.20668751
2020-04-18 10:30:00,0.15717499
2020-04-19 10:30:00,0.5927875
2020-04-20 10:30:00,0.70316243
2020-04-21 10:30:00,0.6731875
2020-04-22 10:30:00,0.492375
2020-04-23 10:30:00,0.364225
2020-04-24 10:30:00,0.554375
2020-04-25 10:30:00,0.4361
2020-04-26 10:30:00,0.46026248
2020-04-27 10:30:00,0.28535
2020-04-28 10:30:00,0.5357625
2020-04-29 10:30:00,0.38137498
2020-04-30 10:30:00,0.32295
2020-05-01 10:30:00,0.2502
2020-05-02 10:30:00,0.27299997
2020-05-03 10:30:00,0.698625
2020-05-04 10:30:00,0.41544998
2020-05-05 10:30:00,0.41041252
2020-05-06 10:30:00,0.26102498
2020-05-07 10:30:00,0.37441248
2020-05-08 10:30:00,0.20917499
2020-05-09 10:30:00,0.3552875
2020-05-10 10:30:00,0.4825625
2020-05-11 10:30:00,0.51112497
2020-05-12 10:30:00,0.35165
2020-05-13 10:30:00,0.3017875
2020-05-14 10:30:00,0.22749999
2020-05-15 10:30:00,0.501375
2020-05-16 10:30:00,0.81926244
2020-05-17 10:30:00,0.8824
2020-05-18 10:30:00,0.648425
2020-05-19 10:30:00,0.65908754
2020-05-20 10:30:00,0.67791253
2020-05-21 10:30:00,0.625325
2020-05-22 10:30:00,0.7664
2020-05-23 10:30:00,0.662875
2020-05-24 10:30:00,0.39529997
2020-05-25 10:30:00,0.44722497
2020-05-26 10:30:00,0.3450375
2020-05-27 10:30:00,0.37575
2020-05-28 10:30:00,0.40271246
2020-05-29 10:30:00,0.4756
2020-05-30 10:30:00,0.48358747
2020-05-31 10:30:00,0.7404875
2020-06-01 10:30:00,0.48568746
2020-06-02 10:30:00,0.54415
2020-06-03 10:30:00,0.58752495
2020-06-04 10:30:00,0.666275
2020-06-05 10:30:00,0.48819998
2020-06-06 10:30:00,0.47518748
2020-06-07 10:30:00,0.530925
2020-06-08 10:30:00,0.5749125
2020-06-09 10:30:00,0.4073125
2020-06-10 10:30:00,0.70806247
2020-06-11 10:30:00,0.5263625
2020-06-12 10:30:00,0.637225
2020-06-13 10:30:00,0.76801246
2020-06-14 10:30:00,0.51165
2020-06-15 10:30:00,0.45325
2020-06-16 10:30:00,0.501075
2020-06-17 10:30:00,0.5812625
2020-06-18 10:30:00,0.58405
2020-06-19 10:30:00,0.6218
2020-06-20 10:30:00,0.75263745
2020-06-21 10:30:00,0.63256246
2020-06-22 10:30:00,0.802175
2020-06-23 10:30:00,0.795375
2020-06-24 10:30:00,0.76926243
2020-06-25 10:30:00,0.7081375
2020-06-26 10:30:00,0.67933744
2020-06-27 10:30:00,0.5451875
2020-06-28 10:30:00,0.65808743
2020-06-29 10:30:00,0.647675
2020-06-30 10:30:00,0.65433747
2020-07-01 10:30:00,0.6197625
2020-07-02 10:30:00,0.54986244
2020-07-03 10:30:00,0.58463746
2020-07-04 10:30:00,0.77184993
2020-07-05 10:30:00,0.7043
2020-07-06 10:30:00,0.83686244
2020-07-07 10:30:00,0.51107496
2020-07-08 10:30:00,0.56974995
2020-07-09 10:30:00,0.5573125
2020-07-10 10:30:00,0.6253875
2020-07-11 10:30:00,0.71956253
2020-07-12 10:30:00,0.67964995
2020-07-13 10:30:00,0.675825
2020-07-14 10:30:00,0.65537494
2020-07-15 10:30:00,0.5063375
2020-07-16 10:30:00,0.5656625
2020-07-17 10:30:00,0.6388375
2020-07-18 10:30:00,0.6155
2020-07-19 10:30:00,0.61496246
2020-07-20 10:30:00,0.5379375
2020-07-21 10:30:00,0.39886248
2020-07-22 10:30:00,0.626075
2020-07-23 10:30:00,0.50699997
2020-07-24 10:30:00,0.48584998
2020-07-25 10:30:00,0.5604
2020-07-26 10:30:00,0.57638747
2020-07-27 10:30:00,0.62275
2020-07-28 10:30:00,0.6613375
2020-07-29 10:30:00,0.8318875
2020-07-30 10:30:00,0.691325
2020-07-31 10:30:00,0.61812496
2020-08-01 10:30:00,0.617875
2020-08-02 10:30:00,0.84917504
2020-08-03 10:30:00,0.8142875
2020-08-04 10:30:00,0.74095
2020-08-05 10:30:00,0.72881246
2020-08-06 10:30:00,0.73485
2020-08-07 10:30:00,0.83036244
2020-08-08 10:30:00,0.95143753
2020-08-09 10:30:00,0.8178
2020-08-10 10:30:00,0.68802494
2020-08-11 10:30:00,0.6352125
2020-08-12 10:30:00,0.6325
2020-08-13 10:30:00,0.99991244
2020-08-14 10:30:00,0.8146
2020-08-15 10:30:00,0.73120004
2020-08-16 10:30:00,0.6995625
2020-08-17 10:30:00,0.80311245
2020-08-18 10:30:00,0.68614995
2020-08-19 10:30:00,0.67128754
2020-08-20 10:30:00,0.5937625
2020-08-21 10:30:00,0.58072495
2020-08-22 10:30:00,0.57611245
2020-08-23 10:30:00,0.754625
2020-08-24 10:30:00,0.9251124
2020-08-25 10:30:00,0.6116375
2020-08-26 10:30:00,0.72284997
2020-08-27 10:30:00,0.98271245
2020-08-28 10:30:00,0.992875
2020-08-29 10:30:00,0.6756875
2020-08-30 10:30:00,0.8827
2020-08-31 10:30:00,0.8163
2020-09-01 10:30:00,0.6167375
2020-09-02 10:30:00,0.616125
2020-09-03 10:30:00,0.83779997
2020-09-04 10:30:00,0.72609997
2020-09-05 10:30:00,0.64004993
2020-09-06 10:30:00,0.725725
2020-09-07 10:30:00,0.7144625
2020-09-08 10:30:00,0.7731125
2020-09-09 10:30:00,0.8399125
2020-09-10 10:30:00,0.6824375
2020-09-11 10:30:00,0.7239125
2020-09-12 10:30:00,0.7699375
2020-09-13 10:30:00,0.8160375
2020-09-14 10:30:00,0.85475
2020-09-15 10:30:00,0.88256246
2020-09-16 10:30:00,0.85455
2020-09-17 10:30:00,0.775
2020-09-18 10:30:00,0.74566245
2020-09-19 10:30:00,0.7289375
2020-09-20 10:30:00,0.7445875
2020-09-21 10:30:00,0.84411246
2020-09-22 10:30:00,0.62883747
2020-09-23 10:30:00,0.60772496
2020-09-24 10:30:00,0.76317495
2020-09-25 10:30:00,0.8020375
2020-09-26 10:30:00,0.6938125
2020-09-27 10:30:00,0.5525375
2020-09-28 10:30:00,0.6111125
2020-09-29 10:30:00,0.57291245
2020-09-30 10:30:00,0.6432
2020-10-01 10:30:00,0.766225
2020-10-02 10:30:00,0.6754
2020-10-03 10:30:00,0.6040625
2020-10-04 10:30:00,0.6731625
2020-10-05 10:30:00,0.55847496
2020-10-06 10:30:00,0.5557125
2020-10-07 10:30:00,0.498575
2020-10-08 10:30:00,0.63226247
2020-10-09 10:30:00,0.5396375
2020-10-10 10:30:00,0.2835625
2020-10-11 10:30:00,0.41662496
2020-10-12 10:30:00,0.469775
2020-10-13 10:30:00,0.48594996
2020-10-14 10:30:00,0.3705875
2020-10-15 10:30:00,0.359725
2020-10-16 10:30:00,0.36549997
2020-10-17 10:30:00,0.3913375
2020-10-18 10:30:00,0.38988748
2020-10-19 10:30:00,0.3824
2020-10-20 10:30:00,0.32189998
2020-10-21 10:30:00,0.4432125
2020-10-22 10:30:00,0.364475
2020-10-23 10:30:00,0.374975
2020-10-24 10:30:00,0.358225
2020-10-25 10:30:00,0.50726247
2020-10-26 10:30:00,0.44287503
2020-10-27 10:30:00,0.31835
2020-10-28 10:30:00,0.36083752
2020-10-29 10:30:00,0.41959998
2020-10-30 10:30:00,0.3510125
2020-10-31 10:30:00,0.4783125
2020-11-01 10:30:00,0.47845
2020-11-02 10:30:00,0.3519125
2020-11-03 10:30:00,0.2968625
2020-11-04 10:30:00,0.34042498
2020-11-05 10:30:00,0.421475
2020-11-06 10:30:00,0.3475375
2020-11-07 10:30:00,0.41849998
2020-11-08 10:30:00,0.3601125
2020-11-09 10:30:00,0.4072875
2020-11-10 10:30:00,0.4913375
2020-11-11 10:30:00,0.36018747
2020-11-12 10:30:00,0.42689997
2020-11-13 10:30:00,0.3275125
2020-11-14 10:30:00,0.37232497
2020-11-15 10:30:00,0.4880625
2020-11-16 10:30:00,0.52823746
2020-11-17 10:30:00,0.8078875
2020-11-18 10:30:00,0.6062125
2020-11-19 10:30:00,0.341425
2020-11-20 10:30:00,0.3554625
2020-11-21 10:30:00,0.4232875
2020-11-22 10:30:00,0.45799997
2020-11-23 10:30:00,0.52105
2020-11-24 10:30:00,0.570225
2020-11-25 10:30:00,0.47467497
2020-11-26 10:30:00,0.453075
2020-11-27 10:30:00,0.42346248
2020-11-28 10:30:00,0.47259998
2020-11-29 10:30:00,0.5155875
2020-11-30 10:30:00,0.481875
2020-12-01 10:30:00,0.495875
2020-12-02 10:30:00,0.4971375
2020-12-03 10:30:00,0.4452375
2020-12-04 10:30:00,0.4494625
2020-12-05 10:30:00,0.4131625
2020-12-06 10:30:00,0.45955
2020-12-07 10:30:00,0.42368746
2020-12-08 10:30:00,0.418825
2020-12-09 10:30:00,0.4345
2020-12-10 10:30:00,0.46856248
2020-12-11 10:30:00,0.39724997
2020-12-12 10:30:00,0.415
2020-12-13 10:30:00,0.4032375
2020-12-14 10:30:00,0.37507498
2020-12-15 10:30:00,0.36173752
2020-12-16 10:30:00,0.43925
2020-12-17 10:30:00,0.40107498
2020-12-18 10:30:00,0.3763
2020-12-19 10:30:00,0.42956248
2020-12-20 10:30:00,0.4344625
2020-12-21 10:30:00,0.40771246
2020-12-22 10:30:00,0.46792498
2020-12-23 10:30:00,0.6529375
2020-12-24 10:30:00,0.5126
2020-12-25 10:30:00,0.48888746
2020-12-26 10:30:00,0.593425
2020-12-27 10:30:00,0.59498745
2020-12-28 10:30:00,0.45593747
2020-12-29 10:30:00,0.37791252
2020-12-30 10:30:00,0.40435
2020-12-31 10:30:00,0.39124998
2021-01-01 10:30:00,0.4183125
2021-01-02 10:30:00,0.42428747
2021-01-03 10:30:00,0.43353748
2021-01-04 10:30:00,0.4012375
2021-01-05 10:30:00,0.4083625
2021-01-06 10:30:00,0.4023125
2021-01-07 10:30:00,0.38924998
2021-01-08 10:30:00,0.418475
2021-01-09 10:30:00,0.48818746
2021-01-10 10:30:00,0.4456375
2021-01-11 10:30:00,0.41698748
2021-01-12 10:30:00,0.68352497
2021-01-13 10:30:00,0.45831248
2021-01-14 10:30:00,0.6108
2021-01-15 10:30:00,0.54241246
2021-01-16 10:30:00,0.52639997
2021-01-17 10:30:00,0.499925
2021-01-18 10:30:00,0.39058748
2021-01-19 10:30:00,0.5258375
2021-01-20 10:30:00,0.5954875
2021-01-21 10:30:00,0.64145005
2021-01-22 10:30:00,0.5259125
2021-01-23 10:30:00,0.54905
2021-01-24 10:30:00,0.575675
2021-01-25 10:30:00,0.562525
2021-01-26 10:30:00,0.42674997
2021-01-27 10:30:00,0.38674998
2021-01-28 10:30:00,0.370975
2021-01-29 10:30:00,0.5135125
2021-01-30 10:30:00,0.4901
2021-01-31 10:30:00,0.7247625
2021-02-01 10:30:00,0.52705
2021-02-02 10:30:00,0.42967498
2021-02-03 10:30:00,0.4130125
2021-02-04 10:30:00,0.59323746
2021-02-05 10:30:00,0.49841246
2021-02-06 10:30:00,0.49314997
2021-02-07 10:30:00,0.44947502
2021-02-08 10:30:00,0.47965
2021-02-09 10:30:00,0.440875
2021-02-10 10:30:00,0.487825
2021-02-11 10:30:00,0.50864995
2021-02-12 10:30:00,0.3622375
2021-02-13 10:30:00,0.3048875
2021-02-14 10:30:00,0.3163875
2021-02-15 10:30:00,0.314475
2021-02-16 10:30:00,0.31415
2021-02-17 10:30:00,0.2657375
2021-02-18 10:30:00,0.37785
2021-02-19 10:30:00,0.3286125
2021-02-20 10:30:00,0.819625
2021-02-21 10:30:00,0.52875
2021-02-22 10:30:00,0.32073748
2021-02-23 10:30:00,0.3671875
2021-02-24 10:30:00,0.34347498
2021-02-25 10:30:00,0.27583748
2021-02-26 10:30:00,0.4436
2021-02-27 10:30:00,0.534925
2021-02-28 10:30:00,0.367125
2021-03-01 10:30:00,0.4567
2021-03-02 10:30:00,0.5797875
2021-03-03 10:30:00,0.601225
2021-03-04 10:30:00,0.427
2021-03-05 10:30:00,0.263425
2021-03-06 10:30:00,0.2741375
2021-03-07 10:30:00,0.3239125
2021-03-08 10:30:00,0.3672125
2021-03-09 10:30:00,0.193675
2021-03-10 10:30:00,0.33982497
2021-03-11 10:30:00,0.3428
2021-03-12 10:30:00,0.27458748
2021-03-13 10:30:00,0.3141625
2021-03-14 10:30:00,0.469275
2021-03-15 10:30:00,0.31905
2021-03-16 10:30:00,0.16303751
2021-03-17 10:30:00,0.256975
2021-03-18 10:30:00,0.25335
2021-03-19 10:30:00,0.3911375
2021-03-20 10:30:00,0.85019994
2021-03-21 10:30:00,0.4724375
2021-03-22 10:30:00,0.3674875
2021-03-23 10:30:00,0.2996125
2021-03-24 10:30:00,0.29273748
2021-03-25 10:30:00,0.32142496
2021-03-26 10:30:00,0.6455375
2021-03-27 10:30:00,0.4396125
2021-03-28 10:30:00,0.4818125
2021-03-29 10:30:00,0.3348125
2021-03-30 10:30:00,0.223025
2021-03-31 10:30:00,0.33505002
2021-04-01 10:30:00,0.36028752
2021-04-02 10:30:00,0.34345
2021-04-03 10:30:00,0.241175
2021-04-04 10:30:00,0.1979875
2021-04-05 10:30:00,0.2187375
2021-04-06 10:30:00,0.1691
2021-04-07 10:30:00,0.24682501
2021-04-08 10:30:00,0.24509999
2021-04-09 10:30:00,0.23485
2021-04-10 10:30:00,0.239825
2021-04-11 10:30:00,0.55892503
2021-04-12 10:30:00,0.6747875
2021-04-13 10:30:00,0.34321252
2021-04-14 10:30:00,0.265
2021-04-15 10:30:00,0.55988747
2021-04-16 10:30:00,0.91881245
2021-04-17 10:30:00,0.554325
2021-04-18 10:30:00,0.33881247
2021-04-19 10:30:00,0.2563
2021-04-20 10:30:00,0.25771248
2021-04-21 10:30:00,0.26921248
2021-04-22 10:30:00,0.4838375
2021-04-23 10:30:00,0.6231625
2021-04-24 10:30:00,0.2514
2021-04-25 10:30:00,0.22944999
2021-04-26 10:30:00,0.37221247
2021-04-27 10:30:00,0.3127
2021-04-28 10:30:00,0.270275
2021-04-29 10:30:00,0.50373745
2021-04-30 10:30:00,0.49296248
2021-05-01 10:30:00,0.587825
2021-05-02 10:30:00,0.294475
2021-05-03 10:30:00,0.3736
2021-05-04 10:30:00,0.41898748
2021-05-05 10:30:00,0.4055
2021-05-06 10:30:00,0.52753747
2021-05-07 10:30:00,0.8121875
2021-05-08 10:30:00,0.6757625
2021-05-09 10:30:00,0.5277625
2021-05-10 10:30:00,0.37456247
2021-05-11 10:30:00,0.38853747
2021-05-12 10:30:00,0.2711
2021-05-13 10:30:00,0.3267625
2021-05-14 10:30:00,0.7819125
2021-05-15 10:30:00,0.36204997
2021-05-16 10:30:00,0.25735
2021-05-17 10:30:00,0.2870875
2021-05-18 10:30:00,0.36243752
2021-05-19 10:30:00,0.4246625
2021-05-20 10:30:00,0.59561247
2021-05-21 10:30:00,0.45611247
2021-05-22 10:30:00,0.3449
2021-05-23 10:30:00,0.38939998
2021-05-24 10:30:00,0.4147625
2021-05-25 10:30:00,0.2840625
2021-05-26 10:30:00,0.333625
2021-05-27 10:30:00,0.5621875
2021-05-28 10:30:00,0.6379875
2021-05-29 10:30:00,0.38873747
2021-05-30 10:30:00,0.5730125
2021-05-31 10:30:00,0.62221247
2021-06-01 10:30:00,0.4555625
2021-06-02 10:30:00,0.93473744
2021-06-03 10:30:00,0.760175
2021-06-04 10:30:00,0.81177497
2021-06-05 10:30:00,0.8174499
2021-06-06 10:30:00,0.5413875
2021-06-07 10:30:00,0.49915
2021-06-08 10:30:00,0.582375
2021-06-09 10:30:00,0.5778125
2021-06-10 10:30:00,0.4756
2021-06-11 10:30:00,0.41974998
2021-06-12 10:30:00,0.54564995
2021-06-13 10:30:00,0.5779
2021-06-14 10:30:00,0.97671247
2021-06-15 10:30:00,0.683575
2021-06-16 10:30:00,0.7467125
2021-06-17 10:30:00,0.5413875
2021-06-18 10:30:00,0.613175
2021-06-19 10:30:00,0.73496246
2021-06-20 10:30:00,0.8072999
2021-06-21 10:30:00,0.8224375
2021-06-22 10:30:00,0.62909997
2021-06-23 10:30:00,0.4887125
2021-06-24 10:30:00,0.4844625
2021-06-25 10:30:00,0.67501247
2021-06-26 10:30:00,0.79122496
2021-06-27 10:30:00,0.80279994
2021-06-28 10:30:00,0.7360375
2021-06-29 10:30:00,0.68582493
2021-06-30 10:30:00,0.8865875
2021-07-01 10:30:00,0.8623625
2021-07-02 10:30:00,0.8586875
2021-07-03 10:30:00,0.88598746
2021-07-04 10:30:00,0.9033875
2021-07-05 10:30:00,0.7843125
2021-07-06 10:30:00,0.8961
2021-07-07 10:30:00,0.92824996
2021-07-08 10:30:00,0.9312
2021-07-09 10:30:00,0.8894625
2021-07-10 10:30:00,0.819075
2021-07-11 10:30:00,0.792775
2021-07-12 10:30:00,0.94663745
2021-07-13 10:30:00,0.933225
2021-07-14 10:30:00,0.9814625
2021-07-15 10:30:00,0.91695
2021-07-16 10:30:00,0.90677494
2021-07-17 10:30:00,0.85459995
2021-07-18 10:30:00,0.84445
2021-07-19 10:30:00,0.8833875
2021-07-20 10:30:00,0.8809625
2021-07-21 10:30:00,0.8505375
2021-07-22 10:30:00,0.8875
2021-07-23 10:30:00,0.75186247
2021-07-24 10:30:00,0.928975
2021-07-25 10:30:00,0.8958125
2021-07-26 10:30:00,0.99146247
2021-07-27 10:30:00,0.88036245
2021-07-28 10:30:00,0.828625
2021-07-29 10:30:00,0.82974994
2021-07-30 10:30:00,0.9233125
2021-07-31 10:30:00,0.96717495
2021-08-01 10:30:00,0.89516246
2021-08-02 10:30:00,0.8469875
2021-08-03 10:30:00,0.97714996
2021-08-04 10:30:00,0.913225
2021-08-05 10:30:00,0.7300125
2021-08-06 10:30:00,0.7085125
2021-08-07 10:30:00,0.77128744
2021-08-08 10:30:00,0.9055375
2021-08-09 10:30:00,0.9375375
2021-08-10 10:30:00,0.8713875
2021-08-11 10:30:00,0.9788375
2021-08-12 10:30:00,0.8516375
2021-08-13 10:30:00,0.946025
2021-08-14 10:30:00,0.9144625
2021-08-15 10:30:00,0.8686
2021-08-16 10:30:00,0.8091625
2021-08-17 10:30:00,0.8116625
2021-08-18 10:30:00,0.770025
2021-08-19 10:30:00,0.8477625
2021-08-20 10:30:00,0.8638875
2021-08-21 10:30:00,0.8416625
2021-08-22 10:30:00,0.77655
2021-08-23 10:30:00,0.84929997
2021-08-24 10:30:00,0.84231246
2021-08-25 10:30:00,0.9225375
2021-08-26 10:30:00,0.9103624
2021-08-27 10:30:00,0.77187496
2021-08-28 10:30:00,0.8856
2021-08-29 10:30:00,0.6802875
2021-08-30 10:30:00,0.738875
2021-08-31 10:30:00,0.777425
2021-09-01 10:30:00,0.6958249
2021-09-02 10:30:00,0.83095
2021-09-03 10:30:00,0.8876625
2021-09-04 10:30:00,0.783375
2021-09-05 10:30:00,0.84059995
2021-09-06 10:30:00,0.96668744
2021-09-07 10:30:00,0.71816254
2021-09-08 10:30:00,0.91147494
2021-09-09 10:30:00,0.961625
2021-09-10 10:30:00,0.7086
2021-09-11 10:30:00,0.71933746
2021-09-12 10:30:00,0.6715999
2021-09-13 10:30:00,0.739325
2021-09-14 10:30:00,0.76574993
2021-09-15 10:30:00,0.925875
2021-09-16 10:30:00,0.66518754
2021-09-17 10:30:00,0.6206875
2021-09-18 10:30:00,0.7015125
2021-09-19 10:30:00,0.82403743
2021-09-20 10:30:00,0.8857
2021-09-21 10:30:00,0.7789125
2021-09-22 10:30:00,0.7657125
2021-09-23 10:30:00,0.7086875
2021-09-24 10:30:00,0.7836875
2021-09-25 10:30:00,0.9119625
2021-09-26 10:30:00,0.990725
2021-09-27 10:30:00,0.6439375
2021-09-28 10:30:00,0.58645
2021-09-29 10:30:00,0.494825
2021-09-30 10:30:00,0.68772495
2021-10-01 10:30:00,0.559325
2021-10-02 10:30:00,0.640975
2021-10-03 10:30:00,0.76958746
2021-10-04 10:30:00,0.7301625
2021-10-05 10:30:00,0.529775
2021-10-06 10:30:00,0.7135125
2021-10-07 10:30:00,0.598025
2021-10-08 10:30:00,0.472625
2021-10-09 10:30:00,0.47847497
2021-10-10 10:30:00,0.4219125
2021-10-11 10:30:00,0.40342498
2021-10-12 10:30:00,0.3324875
2021-10-13 10:30:00,0.70005006
2021-10-14 10:30:00,0.4812125
2021-10-15 10:30:00,0.4154875
2021-10-16 10:30:00,0.3956375
2021-10-17 10:30:00,0.4829625
2021-10-18 10:30:00,0.6160875
2021-10-19 10:30:00,0.4626625
2021-10-20 10:30:00,0.47924998
2021-10-21 10:30:00,0.5136125
2021-10-22 10:30:00,0.4495
2021-10-23 10:30:00,0.3520375
2021-10-24 10:30:00,0.322425
2021-10-25 10:30:00,0.31789997
2021-10-26 10:30:00,0.395975
2021-10-27 10:30:00,0.38433748
2021-10-28 10:30:00,0.45078748
2021-10-29 10:30:00,0.5103
2021-10-30 10:30:00,0.609925
2021-10-31 10:30:00,0.4201125
2021-11-01 10:30:00,0.5313375
2021-11-02 10:30:00,0.62023747
2021-11-03 10:30:00,0.6524
2021-11-04 10:30:00,0.784625
2021-11-05 10:30:00,0.91635
2021-11-06 10:30:00,0.6123
2021-11-07 10:30:00,0.61483747
2021-11-08 10:30:00,0.88222504
2021-11-09 10:30:00,0.9287124
2021-11-10 10:30:00,0.6922
2021-11-11 10:30:00,0.4157
2021-11-12 10:30:00,0.43191248
2021-11-13 10:30:00,0.4789875
2021-11-14 10:30:00,0.6248625
2021-11-15 10:30:00,0.6055125
2021-11-16 10:30:00,0.76403743
2021-11-17 10:30:00,0.53368753
2021-11-18 10:30:00,0.427625
2021-11-19 10:30:00,0.63006246
2021-11-20 10:30:00,0.8082875
2021-11-21 10:30:00,0.91789997
2021-11-22 10:30:00,0.58555
2021-11-23 10:30:00,0.4443875
2021-11-24 10:30:00,0.457975
2021-11-25 10:30:00,0.5057
2021-11-26 10:30:00,0.6023625
2021-11-27 10:30:00,0.8367375
2021-11-28 10:30:00,0.8953375
2021-11-29 10:30:00,0.77055
2021-11-30 10:30:00,0.59793746
2021-12-01 10:30:00,0.5263
2021-12-02 10:30:00,0.48819998
2021-12-03 10:30:00,0.4630875
2021-12-04 10:30:00,0.55285
2021-12-05 10:30:00,0.48683748
2021-12-06 10:30:00,0.43647498
2021-12-07 10:30:00,0.62045
2021-12-08 10:30:00,0.74812496
2021-12-09 10:30:00,0.81787497
2021-12-10 10:30:00,0.6745625
2021-12-11 10:30:00,0.483625
2021-12-12 10:30:00,0.4627375
2021-12-13 10:30:00,0.509775
2021-12-14 10:30:00,0.544475
2021-12-15 10:30:00,0.82747495
2021-12-16 10:30:00,0.6047125
2021-12-17 10:30:00,0.5172875
2021-12-18 10:30:00,0.5817625
2021-12-19 10:30:00,0.55663747
2021-12-20 10:30:00,0.45333746
2021-12-21 10:30:00,0.47373748
2021-12-22 10:30:00,0.53853744
2021-12-23 10:30:00,0.48698747
2021-12-24 10:30:00,0.47489998
2021-12-25 10:30:00,0.4919875
2021-12-26 10:30:00,0.55592495
2021-12-27 10:30:00,0.6529875
2021-12-28 10:30:00,0.62014997
2021-12-29 10:30:00,0.597475
2021-12-30 10:30:00,0.4873625
2021-12-31 10:30:00,0.537275
2022-01-01 10:30:00,0.54052496
2022-01-02 10:30:00,0.45951247
2022-01-03 10:30:00,0.49956247
2022-01-04 10:30:00,0.5788
2022-01-05 10:30:00,0.6288
2022-01-06 10:30:00,0.698225
2022-01-07 10:30:00,0.697525
2022-01-08 10:30:00,0.680975
2022-01-09 10:30:00,0.6016875
2022-01-10 10:30:00,0.6856375
2022-01-11 10:30:00,0.49592498
2022-01-12 10:30:00,0.5248375
2022-01-13 10:30:00,0.53714997
2022-01-14 10:30:00,0.67214996
2022-01-15 10:30:00,0.52395
2022-01-16 10:30:00,0.51544994
2022-01-17 10:30:00,0.52145
2022-01-18 10:30:00,0.6832375
2022-01-19 10:30:00,0.48418748
2022-01-20 10:30:00,0.574
2022-01-21 10:30:00,0.69154996
2022-01-22 10:30:00,0.662425
2022-01-23 10:30:00,0.71691245
2022-01-24 10:30:00,0.6966125
2022-01-25 10:30:00,0.800775
2022-01-26 10:30:00,0.5879625
2022-01-27 10:30:00,0.51217496
2022-01-28 10:30:00,0.45404997
2022-01-29 10:30:00,0.41678748
2022-01-30 10:30:00,0.4627875
2022-01-31 10:30:00,0.52989995
2022-02-01 10:30:00,0.4576625
2022-02-02 10:30:00,0.453175
2022-02-03 10:30:00,0.43576247
2022-02-04 10:30:00,0.41482502
2022-02-05 10:30:00,0.427575
2022-02-06 10:30:00,0.43485
2022-02-07 10:30:00,0.52677494
2022-02-08 10:30:00,0.6015625
2022-02-09 10:30:00,0.66955
2022-02-10 10:30:00,0.80521244
2022-02-11 10:30:00,0.85239995
2022-02-12 10:30:00,0.704925
2022-02-13 10:30:00,0.7271125
2022-02-14 10:30:00,0.5965375
2022-02-15 10:30:00,0.51687497
2022-02-16 10:30:00,0.6950125
2022-02-17 10:30:00,0.5934875
2022-02-18 10:30:00,0.7651375
2022-02-19 10:30:00,0.611275
2022-02-20 10:30:00,0.4824125
2022-02-21 10:30:00,0.4687625
2022-02-22 10:30:00,0.4649375
2022-02-23 10:30:00,0.430325
2022-02-24 10:30:00,0.41018748
2022-02-25 10:30:00,0.4529625
2022-02-26 10:30:00,0.4594875
2022-02-27 10:30:00,0.47208747
2022-02-28 10:30:00,0.44432497
2022-03-01 10:30:00,0.422275
2022-03-02 10:30:00,0.4400875
2022-03-03 10:30:00,0.48534998
2022-03-04 10:30:00,0.40081248
2022-03-05 10:30:00,0.304575
2022-03-06 10:30:00,0.388475
2022-03-07 10:30:00,0.431375
2022-03-08 10:30:00,0.35744998
2022-03-09 10:30:00,0.429225
2022-03-10 10:30:00,0.20532499
2022-03-11 10:30:00,0.1954
2022-03-12 10:30:00,0.91253746
2022-03-13 10:30:00,0.7972
2022-03-14 10:30:00,0.76333743
2022-03-15 10:30:00,0.818475
2022-03-16 10:30:00,0.4027375
2022-03-17 10:30:00,0.51103747
2022-03-18 10:30:00,0.5169875
2022-03-19 10:30:00,0.40119997
2022-03-20 10:30:00,0.3529125
2022-03-21 10:30:00,0.33499998
2022-03-22 10:30:00,0.33485
2022-03-23 10:30:00,0.5604625
2022-03-24 10:30:00,0.73902494
2022-03-25 10:30:00,0.6182375
2022-03-26 10:30:00,0.4388
2022-03-27 10:30:00,0.3207
2022-03-28 10:30:00,0.234825
2022-03-29 10:30:00,0.27295
2022-03-30 10:30:00,0.202775
2022-03-31 10:30:00,0.22182499
2022-04-01 10:30:00,0.23028749
2022-04-02 10:30:00,0.2541875
2022-04-03 10:30:00,0.20626248
2022-04-04 10:30:00,0.2956625
2022-04-05 10:30:00,0.24102499
2022-04-06 10:30:00,0.2516
2022-04-07 10:30:00,0.2766625
2022-04-08 10:30:00,0.2700125
2022-04-09 10:30:00,0.222875
2022-04-10 10:30:00,0.27795
2022-04-11 10:30:00,0.3711125
2022-04-12 10:30:00,0.28835
2022-04-13 10:30:00,0.2742875
2022-04-14 10:30:00,0.359175
2022-04-15 10:30:00,0.23362501
2022-04-16 10:30:00,0.24719998
2022-04-17 10:30:00,0.2936875
2022-04-18 10:30:00,0.2754
2022-04-19 10:30:00,0.14283751
2022-04-20 10:30:00,0.25085
2022-04-21 10:30:00,0.86562496
2022-04-22 10:30:00,0.2786375
2022-04-23 10:30:00,0.36476249
2022-04-24 10:30:00,0.464975
2022-04-25 10:30:00,0.5733375
2022-04-26 10:30:00,0.52365
2022-04-27 10:30:00,0.31215
2022-04-28 10:30:00,0.2681125
2022-04-29 10:30:00,0.6846375
2022-04-30 10:30:00,0.46704996
2022-05-01 10:30:00,0.546175
2022-05-02 10:30:00,0.329625
2022-05-03 10:30:00,0.4999
2022-05-04 10:30:00,0.4964875
2022-05-05 10:30:00,0.78928745
2022-05-06 10:30:00,0.27831247
2022-05-07 10:30:00,0.22938749
2022-05-08 10:30:00,0.190075
2022-05-09 10:30:00,0.18903749
2022-05-10 10:30:00,0.6924875
2022-05-11 10:30:00,0.44474998
2022-05-12 10:30:00,0.4766
2022-05-13 10:30:00,0.6892
2022-05-14 10:30:00,0.4163
2022-05-15 10:30:00,0.4025
2022-05-16 10:30:00,0.2965625
2022-05-17 10:30:00,0.44255
2022-05-18 10:30:00,0.3241625
2022-05-19 10:30:00,0.3653125
2022-05-20 10:30:00,0.296275
2022-05-21 10:30:00,0.4141
2022-05-22 10:30:00,0.33875
2022-05-23 10:30:00,0.3506
2022-05-24 10:30:00,0.80465
2022-05-25 10:30:00,0.5399
2022-05-26 10:30:00,0.4463375
2022-05-27 10:30:00,0.2613
2022-05-28 10:30:00,0.43174997
2022-05-29 10:30:00,0.9616375
2022-05-30 10:30:00,0.52165
2022-05-31 10:30:00,0.6210375
2022-06-01 10:30:00,0.6486875
2022-06-02 10:30:00,0.4481625
2022-06-03 10:30:00,0.54445
2022-06-04 10:30:00,0.883425
2022-06-05 10:30:00,0.9818625
2022-06-06 10:30:00,0.82395005
2022-06-07 10:30:00,0.99020004
2022-06-08 10:30:00,0.892525
2022-06-09 10:30:00,0.776975
2022-06-10 10:30:00,0.675825
2022-06-11 10:30:00,0.6675875
2022-06-12 10:30:00,0.86246246
2022-06-13 10:30:00,0.8027875
2022-06-14 10:30:00,0.85265
2022-06-15 10:30:00,0.65748745
2022-06-16 10:30:00,0.74386245
2022-06-17 10:30:00,0.65025
2022-06-18 10:30:00,0.564675
2022-06-19 10:30:00,0.5476875
2022-06-20 10:30:00,0.65177494
2022-06-21 10:30:00,0.4939125
2022-06-22 10:30:00,0.6532875
2022-06-23 10:30:00,0.6865
2022-06-24 10:30:00,0.898425
2022-06-25 10:30:00,0.7351999
2022-06-26 10:30:00,0.64577496
2022-06-27 10:30:00,0.6982875
2022-06-28 10:30:00,0.7028875
2022-06-29 10:30:00,0.6548375
2022-06-30 10:30:00,0.87114996
2022-07-01 10:30:00,0.76013744
2022-07-02 10:30:00,0.65277493
2022-07-03 10:30:00,0.70347494
2022-07-04 10:30:00,0.8072999
2022-07-05 10:30:00,0.88785005
2022-07-06 10:30:00,0.924625
2022-07-07 10:30:00,0.8379
2022-07-08 10:30:00,0.72449994
2022-07-09 10:30:00,0.580825
2022-07-10 10:30:00,0.7397
2022-07-11 10:30:00,0.6788875
2022-07-12 10:30:00,0.6124375
2022-07-13 10:30:00,0.963375
2022-07-14 10:30:00,0.9466125
2022-07-15 10:30:00,0.90905
2022-07-16 10:30:00,0.85161245
2022-07-17 10:30:00,0.8573625
2022-07-18 10:30:00,0.89757496
2022-07-19 10:30:00,0.7855375
2022-07-20 10:30:00,0.81326246
2022-07-21 10:30:00,0.80003744
2022-07-22 10:30:00,0.699825
2022-07-23 10:30:00,0.958075
2022-07-24 10:30:00,0.9063
2022-07-25 10:30:00,0.8653625
2022-07-26 10:30:00,0.8305
2022-07-27 10:30:00,0.821575
2022-07-28 10:30:00,0.9723
2022-07-29 10:30:00,0.9086875
2022-07-30 10:30:00,0.864475
2022-07-31 10:30:00,0.8592875
2022-08-01 10:30:00,0.78455
2022-08-02 10:30:00,0.713225
2022-08-03 10:30:00,0.8444375
2022-08-04 10:30:00,0.92679995
2022-08-05 10:30:00,0.63509995
2022-08-06 10:30:00,0.685575
2022-08-07 10:30:00,0.7706125
2022-08-08 10:30:00,0.569875
2022-08-09 10:30:00,0.5175375
2022-08-10 10:30:00,0.5710625
2022-08-11 10:30:00,0.69363755
2022-08-12 10:30:00,0.593
2022-08-13 10:30:00,0.64825004
2022-08-14 10:30:00,0.92684996
2022-08-15 10:30:00,0.9358625
2022-08-16 10:30:00,0.6613625
2022-08-17 10:30:00,0.6649625
2022-08-18 10:30:00,0.8401625
2022-08-19 10:30:00,0.6556375
2022-08-20 10:30:00,0.6203375
2022-08-21 10:30:00,0.7870375
2022-08-22 10:30:00,0.711125
2022-08-23 10:30:00,0.5585625
2022-08-24 10:30:00,0.66231245
2022-08-25 10:30:00,0.5975625
2022-08-26 10:30:00,0.69261247
2022-08-27 10:30:00,0.5441375
2022-08-28 10:30:00,0.5785625
2022-08-29 10:30:00,0.70355004
2022-08-30 10:30:00,0.78231245
2022-08-31 10:30:00,0.6134125
2022-09-01 10:30:00,0.4691875
2022-09-02 10:30:00,0.44018748
2022-09-03 10:30:00,0.64661247
2022-09-04 10:30:00,0.7514
2022-09-05 10:30:00,0.500925
2022-09-06 10:30:00,0.77646244
2022-09-07 10:30:00,0.5164
2022-09-08 10:30:00,0.5920875
2022-09-09 10:30:00,0.6483
2022-09-10 10:30:00,0.670175
2022-09-11 10:30:00,0.611825
2022-09-12 10:30:00,0.7047125
2022-09-13 10:30:00,0.6351875
2022-09-14 10:30:00,0.64726245
2022-09-15 10:30:00,0.6724375
2022-09-16 10:30:00,0.75834996
2022-09-17 10:30:00,0.4663
2022-09-18 10:30:00,0.3902
2022-09-19 10:30:00,0.3038375
2022-09-20 10:30:00,0.376575
2022-09-21 10:30:00,0.356575
2022-09-22 10:30:00,0.97098744
2022-09-23 10:30:00,0.78628755
2022-09-24 10:30:00,0.50444996
2022-09-25 10:30:00,0.46805
2022-09-26 10:30:00,0.5563625
2022-09-27 10:30:00,0.5139
2022-09-28 10:30:00,0.44312498
2022-09-29 10:30:00,0.37401247
2022-09-30 10:30:00,0.7368875
2022-10-01 10:30:00,0.7027125
2022-10-02 10:30:00,0.73742497
2022-10-03 10:30:00,0.5569125
2022-10-04 10:30:00,0.4114
2022-10-05 10:30:00,0.4524125
2022-10-06 10:30:00,0.5639
2022-10-07 10:30:00,0.50243753
2022-10-08 10:30:00,0.7498
2022-10-09 10:30:00,0.3422
2022-10-10 10:30:00,0.365625
2022-10-11 10:30:00,0.37982503
2022-10-12 10:30:00,0.4529
2022-10-13 10:30:00,0.3095125
2022-10-14 10:30:00,0.4552
2022-10-15 10:30:00,0.32358748
2022-10-16 10:30:00,0.44271246
2022-10-17 10:30:00,0.38468748
2022-10-18 10:30:00,0.36826247
2022-10-19 10:30:00,0.22108752
2022-10-20 10:30:00,0.45315
2022-10-21 10:30:00,0.53416246
2022-10-22 10:30:00,0.483175
2022-10-23 10:30:00,0.4149
2022-10-24 10:30:00,0.4283625
2022-10-25 10:30:00,0.5435375
2022-10-26 10:30:00,0.563025
2022-10-27 10:30:00,0.4296375
2022-10-28 10:30:00,0.45984998
2022-10-29 10:30:00,0.50198746
2022-10-30 10:30:00,0.53174996
2022-10-31 10:30:00,0.434025
2022-11-01 10:30:00,0.3979375
2022-11-02 10:30:00,0.30144998
2022-11-03 10:30:00,0.392075
2022-11-04 10:30:00,0.37362498
2022-11-05 10:30:00,0.40625
2022-11-06 10:30:00,0.4453125
2022-11-07 10:30:00,0.474425
2022-11-08 10:30:00,0.3558625
2022-11-09 10:30:00,0.40412498
2022-11-10 10:30:00,0.550725
2022-11-11 10:30:00,0.5983625
2022-11-12 10:30:00,0.4472125
2022-11-13 10:30:00,0.598525
2022-11-14 10:30:00,0.5457875
2022-11-15 10:30:00,0.45198748
2022-11-16 10:30:00,0.556825
2022-11-17 10:30:00,0.5324625
2022-11-18 10:30:00,0.5413
2022-11-19 10:30:00,0.53709996
2022-11-20 10:30:00,0.4414875
2022-11-21 10:30:00,0.45528752
2022-11-22 10:30:00,0.59793746
2022-11-23 10:30:00,0.59037495
2022-11-24 10:30:00,0.97952497
2022-11-25 10:30:00,0.690225
2022-11-26 10:30:00,0.4199125
2022-11-27 10:30:00,0.8389125
2022-11-28 10:30:00,0.795425
2022-11-29 10:30:00,0.4602125
2022-11-30 10:30:00,0.4414
2022-12-01 10:30:00,0.43875
2022-12-02 10:30:00,0.451175
2022-12-03 10:30:00,0.4244625
2022-12-04 10:30:00,0.45714998
2022-12-05 10:30:00,0.4636
2022-12-06 10:30:00,0.49324998
2022-12-07 10:30:00,0.5344
2022-12-08 10:30:00,0.5411375
2022-12-09 10:30:00,0.533575
2022-12-10 10:30:00,0.5241875
2022-12-11 10:30:00,0.44505
2022-12-12 10:30:00,0.4118625
2022-12-13 10:30:00,0.379975
2022-12-14 10:30:00,0.340075
2022-12-15 10:30:00,0.41357496
2022-12-16 10:30:00,0.44483748
2022-12-17 10:30:00,0.4300125
2022-12-18 10:30:00,0.41393748
2022-12-19 10:30:00,0.51932496
2022-12-20 10:30:00,0.6537875
2022-12-21 10:30:00,0.8441
2022-12-22 10:30:00,0.571725
2022-12-23 10:30:00,0.53940004
2022-12-24 10:30:00,0.43721247
2022-12-25 10:30:00,0.62763745
2022-12-26 10:30:00,0.62988746
2022-12-27 10:30:00,0.79957503
2022-12-28 10:30:00,0.5532375
2022-12-29 10:30:00,0.49084997
2022-12-30 10:30:00,0.44233748
2022-12-31 10:30:00,0.45403752
