time,rhum
2012-01-01 10:30:00,0.56502503
2012-01-02 10:30:00,0.5848
2012-01-03 10:30:00,0.5886875
2012-01-04 10:30:00,0.54305
2012-01-05 10:30:00,0.5285125
2012-01-06 10:30:00,0.5298375
2012-01-07 10:30:00,0.5275875
2012-01-08 10:30:00,0.574175
2012-01-09 10:30:00,0.6061375
2012-01-10 10:30:00,0.5473125
2012-01-11 10:30:00,0.588125
2012-01-12 10:30:00,0.65245
2012-01-13 10:30:00,0.61302495
2012-01-14 10:30:00,0.5525125
2012-01-15 10:30:00,0.61987495
2012-01-16 10:30:00,0.6499375
2012-01-17 10:30:00,0.6023125
2012-01-18 10:30:00,0.56135
2012-01-19 10:30:00,0.52046245
2012-01-20 10:30:00,0.394775
2012-01-21 10:30:00,0.4158
2012-01-22 10:30:00,0.458275
2012-01-23 10:30:00,0.48174998
2012-01-24 10:30:00,0.4742
2012-01-25 10:30:00,0.5039125
2012-01-26 10:30:00,0.48923752
2012-01-27 10:30:00,0.4374
2012-01-28 10:30:00,0.43786252
2012-01-29 10:30:00,0.45826247
2012-01-30 10:30:00,0.4303375
2012-01-31 10:30:00,0.4075375
2012-02-01 10:30:00,0.41593748
2012-02-02 10:30:00,0.4056
2012-02-03 10:30:00,0.43385002
2012-02-04 10:30:00,0.43566248
2012-02-05 10:30:00,0.4102875
2012-02-06 10:30:00,0.40081248
2012-02-07 10:30:00,0.421375
2012-02-08 10:30:00,0.47167498
2012-02-09 10:30:00,0.48384997
2012-02-10 10:30:00,0.451925
2012-02-11 10:30:00,0.4406
2012-02-12 10:30:00,0.4333375
2012-02-13 10:30:00,0.47402498
2012-02-14 10:30:00,0.39604998
2012-02-15 10:30:00,0.4321125
2012-02-16 10:30:00,0.41
2012-02-17 10:30:00,0.4416375
2012-02-18 10:30:00,0.4413375
2012-02-19 10:30:00,0.416525
2012-02-20 10:30:00,0.3818625
2012-02-21 10:30:00,0.2309375
2012-02-22 10:30:00,0.2805
2012-02-23 10:30:00,0.411575
2012-02-24 10:30:00,0.43375
2012-02-25 10:30:00,0.43171248
2012-02-26 10:30:00,0.49526247
2012-02-27 10:30:00,0.3966375
2012-02-28 10:30:00,0.37501252
2012-02-29 10:30:00,0.4719
2012-03-01 10:30:00,0.379225
2012-03-02 10:30:00,0.42478752
2012-03-03 10:30:00,0.3603625
2012-03-04 10:30:00,0.635975
2012-03-05 10:30:00,0.85295
2012-03-06 10:30:00,0.579125
2012-03-07 10:30:00,0.59845
2012-03-08 10:30:00,0.480275
2012-03-09 10:30:00,0.4896875
2012-03-10 10:30:00,0.58722496
2012-03-11 10:30:00,0.539275
2012-03-12 10:30:00,0.5455
2012-03-13 10:30:00,0.4921125
2012-03-14 10:30:00,0.4960625
2012-03-15 10:30:00,0.4519125
2012-03-16 10:30:00,0.36374998
2012-03-17 10:30:00,0.20518748
2012-03-18 10:30:00,0.3102375
2012-03-19 10:30:00,0.268425
2012-03-20 10:30:00,0.30225
2012-03-21 10:30:00,0.37685
2012-03-22 10:30:00,0.29174998
2012-03-23 10:30:00,0.54885
2012-03-24 10:30:00,0.37812498
2012-03-25 10:30:00,0.3699375
2012-03-26 10:30:00,0.3025375
2012-03-27 10:30:00,0.3018375
2012-03-28 10:30:00,0.2635375
2012-03-29 10:30:00,0.5931
2012-03-30 10:30:00,0.43049997
2012-03-31 10:30:00,0.308475
2012-04-01 10:30:00,0.22245
2012-04-02 10:30:00,0.2723625
2012-04-03 10:30:00,0.40055
2012-04-04 10:30:00,0.43805
2012-04-05 10:30:00,0.44298747
2012-04-06 10:30:00,0.26575
2012-04-07 10:30:00,0.236325
2012-04-08 10:30:00,0.3012625
2012-04-09 10:30:00,0.1634375
2012-04-10 10:30:00,0.24299999
2012-04-11 10:30:00,0.3049
2012-04-12 10:30:00,0.34115002
2012-04-13 10:30:00,0.23751248
2012-04-14 10:30:00,0.4309125
2012-04-15 10:30:00,0.2959625
2012-04-16 10:30:00,0.25345
2012-04-17 10:30:00,0.22046249
2012-04-18 10:30:00,0.204575
2012-04-19 10:30:00,0.41928747
2012-04-20 10:30:00,0.23431249
2012-04-21 10:30:00,0.47572497
2012-04-22 10:30:00,0.3888375
2012-04-23 10:30:00,0.3976375
2012-04-24 10:30:00,0.17253749
2012-04-25 10:30:00,0.226525
2012-04-26 10:30:00,0.1787875
2012-04-27 10:30:00,0.578075
2012-04-28 10:30:00,0.3112375
2012-04-29 10:30:00,0.22108749
2012-04-30 10:30:00,0.218875
2012-05-01 10:30:00,0.2032875
2012-05-02 10:30:00,0.38
2012-05-03 10:30:00,0.17844999
2012-05-04 10:30:00,0.17223749
2012-05-05 10:30:00,0.126075
2012-05-06 10:30:00,0.1812625
2012-05-07 10:30:00,0.27815
2012-05-08 10:30:00,0.36377499
2012-05-09 10:30:00,0.3748
2012-05-10 10:30:00,0.4257375
2012-05-11 10:30:00,0.393225
2012-05-12 10:30:00,0.5326125
2012-05-13 10:30:00,0.450925
2012-05-14 10:30:00,0.56866246
2012-05-15 10:30:00,0.576375
2012-05-16 10:30:00,0.7535875
2012-05-17 10:30:00,0.41052496
2012-05-18 10:30:00,0.28501248
2012-05-19 10:30:00,0.2011625
2012-05-20 10:30:00,0.309075
2012-05-21 10:30:00,0.351375
2012-05-22 10:30:00,0.3084
2012-05-23 10:30:00,0.217875
2012-05-24 10:30:00,0.20893748
2012-05-25 10:30:00,0.25454998
2012-05-26 10:30:00,0.36624998
2012-05-27 10:30:00,0.27526248
2012-05-28 10:30:00,0.418525
2012-05-29 10:30:00,0.5606375
2012-05-30 10:30:00,0.498475
2012-05-31 10:30:00,0.49061248
2012-06-01 10:30:00,0.6762625
2012-06-02 10:30:00,0.92473745
2012-06-03 10:30:00,0.72188747
2012-06-04 10:30:00,0.6891625
2012-06-05 10:30:00,0.5457
2012-06-06 10:30:00,0.585975
2012-06-07 10:30:00,0.48599997
2012-06-08 10:30:00,0.6190375
2012-06-09 10:30:00,0.554675
2012-06-10 10:30:00,0.5620125
2012-06-11 10:30:00,0.6547875
2012-06-12 10:30:00,0.8118125
2012-06-13 10:30:00,0.71717495
2012-06-14 10:30:00,0.8004625
2012-06-15 10:30:00,0.77849996
2012-06-16 10:30:00,0.7256375
2012-06-17 10:30:00,0.76864994
2012-06-18 10:30:00,0.7099375
2012-06-19 10:30:00,0.624125
2012-06-20 10:30:00,0.59639996
2012-06-21 10:30:00,0.5937
2012-06-22 10:30:00,0.665475
2012-06-23 10:30:00,0.71575
2012-06-24 10:30:00,0.8693
2012-06-25 10:30:00,0.79464996
2012-06-26 10:30:00,0.7678
2012-06-27 10:30:00,0.8852
2012-06-28 10:30:00,0.8016625
2012-06-29 10:30:00,0.63691247
2012-06-30 10:30:00,0.569325
2012-07-01 10:30:00,0.7764125
2012-07-02 10:30:00,0.7629374
2012-07-03 10:30:00,0.7158875
2012-07-04 10:30:00,0.7096875
2012-07-05 10:30:00,0.70576245
2012-07-06 10:30:00,0.66209996
2012-07-07 10:30:00,0.66165
2012-07-08 10:30:00,0.790025
2012-07-09 10:30:00,0.767675
2012-07-10 10:30:00,0.84337497
2012-07-11 10:30:00,0.81645
2012-07-12 10:30:00,0.82675004
2012-07-13 10:30:00,0.6958125
2012-07-14 10:30:00,0.5785125
2012-07-15 10:30:00,0.67786247
2012-07-16 10:30:00,0.62482494
2012-07-17 10:30:00,0.594425
2012-07-18 10:30:00,0.74574995
2012-07-19 10:30:00,0.72745
2012-07-20 10:30:00,0.76387495
2012-07-21 10:30:00,0.81646246
2012-07-22 10:30:00,0.82326245
2012-07-23 10:30:00,0.64235
2012-07-24 10:30:00,0.6509375
2012-07-25 10:30:00,0.811875
2012-07-26 10:30:00,0.6558375
2012-07-27 10:30:00,0.6417375
2012-07-28 10:30:00,0.89143753
2012-07-29 10:30:00,0.8075875
2012-07-30 10:30:00,0.774
2012-07-31 10:30:00,0.72365
2012-08-01 10:30:00,0.74114996
2012-08-02 10:30:00,0.7840125
2012-08-03 10:30:00,0.80590004
2012-08-04 10:30:00,0.7526875
2012-08-05 10:30:00,0.68334997
2012-08-06 10:30:00,0.665375
2012-08-07 10:30:00,0.684675
2012-08-08 10:30:00,0.6183125
2012-08-09 10:30:00,0.523425
2012-08-10 10:30:00,0.66870004
2012-08-11 10:30:00,0.86214995
2012-08-12 10:30:00,0.59384996
2012-08-13 10:30:00,0.5611
2012-08-14 10:30:00,0.70635
2012-08-15 10:30:00,0.5401625
2012-08-16 10:30:00,0.59099996
2012-08-17 10:30:00,0.725225
2012-08-18 10:30:00,0.59783745
2012-08-19 10:30:00,0.58757496
2012-08-20 10:30:00,0.6149375
2012-08-21 10:30:00,0.6024625
2012-08-22 10:30:00,0.41416252
2012-08-23 10:30:00,0.43330002
2012-08-24 10:30:00,0.6111375
2012-08-25 10:30:00,0.62927496
2012-08-26 10:30:00,0.65047497
2012-08-27 10:30:00,0.77107495
2012-08-28 10:30:00,0.63897496
2012-08-29 10:30:00,0.46978748
2012-08-30 10:30:00,0.5480625
2012-08-31 10:30:00,0.64208746
2012-09-01 10:30:00,0.5031125
2012-09-02 10:30:00,0.8442125
2012-09-03 10:30:00,0.7542875
2012-09-04 10:30:00,0.7718125
2012-09-05 10:30:00,0.5763
2012-09-06 10:30:00,0.4472875
2012-09-07 10:30:00,0.63989997
2012-09-08 10:30:00,0.68394995
2012-09-09 10:30:00,0.5299375
2012-09-10 10:30:00,0.61153746
2012-09-11 10:30:00,0.90348744
2012-09-12 10:30:00,0.736475
2012-09-13 10:30:00,0.654525
2012-09-14 10:30:00,0.59485
2012-09-15 10:30:00,0.5731
2012-09-16 10:30:00,0.5398
2012-09-17 10:30:00,0.602625
2012-09-18 10:30:00,0.5463875
2012-09-19 10:30:00,0.64003754
2012-09-20 10:30:00,0.52505
2012-09-21 10:30:00,0.50903744
2012-09-22 10:30:00,0.6951249
2012-09-23 10:30:00,0.726525
2012-09-24 10:30:00,0.6506375
2012-09-25 10:30:00,0.87122494
2012-09-26 10:30:00,0.5002625
2012-09-27 10:30:00,0.83427495
2012-09-28 10:30:00,0.454225
2012-09-29 10:30:00,0.508525
2012-09-30 10:30:00,0.552225
2012-10-01 10:30:00,0.4989
2012-10-02 10:30:00,0.56689996
2012-10-03 10:30:00,0.68833745
2012-10-04 10:30:00,0.47748747
2012-10-05 10:30:00,0.4935875
2012-10-06 10:30:00,0.5347
2012-10-07 10:30:00,0.5686375
2012-10-08 10:30:00,0.5709625
2012-10-09 10:30:00,0.494375
2012-10-10 10:30:00,0.38828748
2012-10-11 10:30:00,0.49226248
2012-10-12 10:30:00,0.54772496
2012-10-13 10:30:00,0.5529875
2012-10-14 10:30:00,0.525
2012-10-15 10:30:00,0.5838
2012-10-16 10:30:00,0.7718
2012-10-17 10:30:00,0.550425
2012-10-18 10:30:00,0.47224998
2012-10-19 10:30:00,0.41612497
2012-10-20 10:30:00,0.3838625
2012-10-21 10:30:00,0.47707498
2012-10-22 10:30:00,0.5741625
2012-10-23 10:30:00,0.54675
2012-10-24 10:30:00,0.535475
2012-10-25 10:30:00,0.5525125
2012-10-26 10:30:00,0.522425
2012-10-27 10:30:00,0.3928875
2012-10-28 10:30:00,0.37877497
2012-10-29 10:30:00,0.47112498
2012-10-30 10:30:00,0.6627749
2012-10-31 10:30:00,0.5741125
2012-11-01 10:30:00,0.5339125
2012-11-02 10:30:00,0.4583
2012-11-03 10:30:00,0.64089996
2012-11-04 10:30:00,0.75761247
2012-11-05 10:30:00,0.65427494
2012-11-06 10:30:00,0.6298
2012-11-07 10:30:00,0.5611875
2012-11-08 10:30:00,0.57555
2012-11-09 10:30:00,0.56866246
2012-11-10 10:30:00,0.7096499
2012-11-11 10:30:00,0.71937495
2012-11-12 10:30:00,0.5734125
2012-11-13 10:30:00,0.6104875
2012-11-14 10:30:00,0.5759125
2012-11-15 10:30:00,0.463375
2012-11-16 10:30:00,0.5503375
2012-11-17 10:30:00,0.5539125
2012-11-18 10:30:00,0.7503875
2012-11-19 10:30:00,0.5776875
2012-11-20 10:30:00,0.5759625
2012-11-21 10:30:00,0.580975
2012-11-22 10:30:00,0.5590625
2012-11-23 10:30:00,0.5320625
2012-11-24 10:30:00,0.62255
2012-11-25 10:30:00,0.5782125
2012-11-26 10:30:00,0.578375
2012-11-27 10:30:00,0.68936247
2012-11-28 10:30:00,0.5856125
2012-11-29 10:30:00,0.53478754
2012-11-30 10:30:00,0.45959997
2012-12-01 10:30:00,0.5864
2012-12-02 10:30:00,0.6910875
2012-12-03 10:30:00,0.5355875
2012-12-04 10:30:00,0.55865
2012-12-05 10:30:00,0.5054875
2012-12-06 10:30:00,0.4558625
2012-12-07 10:30:00,0.46458748
2012-12-08 10:30:00,0.4871125
2012-12-09 10:30:00,0.55724996
2012-12-10 10:30:00,0.5753625
2012-12-11 10:30:00,0.617875
2012-12-12 10:30:00,0.64796245
2012-12-13 10:30:00,0.51565
2012-12-14 10:30:00,0.57225
2012-12-15 10:30:00,0.6702875
2012-12-16 10:30:00,0.5789
2012-12-17 10:30:00,0.5145
2012-12-18 10:30:00,0.5047875
2012-12-19 10:30:00,0.485425
2012-12-20 10:30:00,0.54491246
2012-12-21 10:30:00,0.51105
2012-12-22 10:30:00,0.44772497
2012-12-23 10:30:00,0.4691
2012-12-24 10:30:00,0.4761625
2012-12-25 10:30:00,0.43971246
2012-12-26 10:30:00,0.52732503
2012-12-27 10:30:00,0.5647875
2012-12-28 10:30:00,0.6379375
2012-12-29 10:30:00,0.564225
2012-12-30 10:30:00,0.510675
2012-12-31 10:30:00,0.5951
2013-01-01 10:30:00,0.4461625
2013-01-02 10:30:00,0.47307497
2013-01-03 10:30:00,0.4023
2013-01-04 10:30:00,0.4060875
2013-01-05 10:30:00,0.48154998
2013-01-06 10:30:00,0.6151125
2013-01-07 10:30:00,0.45756248
2013-01-08 10:30:00,0.464975
2013-01-09 10:30:00,0.4955875
2013-01-10 10:30:00,0.6609625
2013-01-11 10:30:00,0.6957125
2013-01-12 10:30:00,0.62756246
2013-01-13 10:30:00,0.66045
2013-01-14 10:30:00,0.6433875
2013-01-15 10:30:00,0.7241625
2013-01-16 10:30:00,0.53096247
2013-01-17 10:30:00,0.54281247
2013-01-18 10:30:00,0.58966243
2013-01-19 10:30:00,0.70239997
2013-01-20 10:30:00,0.700275
2013-01-21 10:30:00,0.62995
2013-01-22 10:30:00,0.63815
2013-01-23 10:30:00,0.60375
2013-01-24 10:30:00,0.42279997
2013-01-25 10:30:00,0.3987875
2013-01-26 10:30:00,0.5586125
2013-01-27 10:30:00,0.64726245
2013-01-28 10:30:00,0.71657497
2013-01-29 10:30:00,0.7108375
2013-01-30 10:30:00,0.7841749
2013-01-31 10:30:00,0.67832494
2013-02-01 10:30:00,0.43591246
2013-02-02 10:30:00,0.54861253
2013-02-03 10:30:00,0.677675
2013-02-04 10:30:00,0.52715
2013-02-05 10:30:00,0.51208746
2013-02-06 10:30:00,0.45072496
2013-02-07 10:30:00,0.43967497
2013-02-08 10:30:00,0.45814997
2013-02-09 10:30:00,0.460775
2013-02-10 10:30:00,0.4650875
2013-02-11 10:30:00,0.5369125
2013-02-12 10:30:00,0.51986253
2013-02-13 10:30:00,0.483725
2013-02-14 10:30:00,0.47913748
2013-02-15 10:30:00,0.58427495
2013-02-16 10:30:00,0.513675
2013-02-17 10:30:00,0.4362875
2013-02-18 10:30:00,0.3827625
2013-02-19 10:30:00,0.41056252
2013-02-20 10:30:00,0.370125
2013-02-21 10:30:00,0.45681247
2013-02-22 10:30:00,0.4088
2013-02-23 10:30:00,0.3385875
2013-02-24 10:30:00,0.354575
2013-02-25 10:30:00,0.578425
2013-02-26 10:30:00,0.6666625
2013-02-27 10:30:00,0.4263375
2013-02-28 10:30:00,0.6178125
2013-03-01 10:30:00,0.3853625
2013-03-02 10:30:00,0.53405
2013-03-03 10:30:00,0.48127502
2013-03-04 10:30:00,0.458525
2013-03-05 10:30:00,0.5344125
2013-03-06 10:30:00,0.42298752
2013-03-07 10:30:00,0.371325
2013-03-08 10:30:00,0.5366125
2013-03-09 10:30:00,0.59765
2013-03-10 10:30:00,0.51294994
2013-03-11 10:30:00,0.3777375
2013-03-12 10:30:00,0.32462502
2013-03-13 10:30:00,0.40522498
2013-03-14 10:30:00,0.419625
2013-03-15 10:30:00,0.4948625
2013-03-16 10:30:00,0.33380002
2013-03-17 10:30:00,0.3811
2013-03-18 10:30:00,0.359875
2013-03-19 10:30:00,0.323475
2013-03-20 10:30:00,0.39083746
2013-03-21 10:30:00,0.3379375
2013-03-22 10:30:00,0.3748375
2013-03-23 10:30:00,0.3211
2013-03-24 10:30:00,0.38748747
2013-03-25 10:30:00,0.386475
2013-03-26 10:30:00,0.323825
2013-03-27 10:30:00,0.4451625
2013-03-28 10:30:00,0.4307625
2013-03-29 10:30:00,0.37837496
2013-03-30 10:30:00,0.3279625
2013-03-31 10:30:00,0.29126248
2013-04-01 10:30:00,0.3136125
2013-04-02 10:30:00,0.2656625
2013-04-03 10:30:00,0.33506247
2013-04-04 10:30:00,0.57205003
2013-04-05 10:30:00,0.5819625
2013-04-06 10:30:00,0.3734875
2013-04-07 10:30:00,0.43295002
2013-04-08 10:30:00,0.60335
2013-04-09 10:30:00,0.3945375
2013-04-10 10:30:00,0.4431125
2013-04-11 10:30:00,0.4250875
2013-04-12 10:30:00,0.3426625
2013-04-13 10:30:00,0.2673625
2013-04-14 10:30:00,0.25843748
2013-04-15 10:30:00,0.22209999
2013-04-16 10:30:00,0.27261248
2013-04-17 10:30:00,0.2805
2013-04-18 10:30:00,0.3467125
2013-04-19 10:30:00,0.2947625
2013-04-20 10:30:00,0.29935
2013-04-21 10:30:00,0.29465
2013-04-22 10:30:00,0.41663748
2013-04-23 10:30:00,0.39127502
2013-04-24 10:30:00,0.53814995
2013-04-25 10:30:00,0.6776
2013-04-26 10:30:00,0.33961248
2013-04-27 10:30:00,0.3107
2013-04-28 10:30:00,0.5453625
2013-04-29 10:30:00,0.6797875
2013-04-30 10:30:00,0.694225
2013-05-01 10:30:00,0.57465
2013-05-02 10:30:00,0.62093747
2013-05-03 10:30:00,0.4373875
2013-05-04 10:30:00,0.2686875
2013-05-05 10:30:00,0.29413748
2013-05-06 10:30:00,0.3612125
2013-05-07 10:30:00,0.22404999
2013-05-08 10:30:00,0.40616247
2013-05-09 10:30:00,0.4529625
2013-05-10 10:30:00,0.2952875
2013-05-11 10:30:00,0.60961246
2013-05-12 10:30:00,0.58888745
2013-05-13 10:30:00,0.587
2013-05-14 10:30:00,0.69917494
2013-05-15 10:30:00,0.56958747
2013-05-16 10:30:00,0.442825
2013-05-17 10:30:00,0.45888746
2013-05-18 10:30:00,0.3534625
2013-05-19 10:30:00,0.46737498
2013-05-20 10:30:00,0.35838747
2013-05-21 10:30:00,0.58835
2013-05-22 10:30:00,0.3216625
2013-05-23 10:30:00,0.358225
2013-05-24 10:30:00,0.33511248
2013-05-25 10:30:00,0.33995
2013-05-26 10:30:00,0.48183748
2013-05-27 10:30:00,0.7051
2013-05-28 10:30:00,0.433725
2013-05-29 10:30:00,0.35625
2013-05-30 10:30:00,0.40125
2013-05-31 10:30:00,0.3454625
2013-06-01 10:30:00,0.3207
2013-06-02 10:30:00,0.50804996
2013-06-03 10:30:00,0.7371375
2013-06-04 10:30:00,0.6522375
2013-06-05 10:30:00,0.64004993
2013-06-06 10:30:00,0.9106375
2013-06-07 10:30:00,0.6690999
2013-06-08 10:30:00,0.71748745
2013-06-09 10:30:00,0.7124125
2013-06-10 10:30:00,0.571575
2013-06-11 10:30:00,0.7153375
2013-06-12 10:30:00,0.63163745
2013-06-13 10:30:00,0.63251245
2013-06-14 10:30:00,0.65057504
2013-06-15 10:30:00,0.64495003
2013-06-16 10:30:00,0.685975
2013-06-17 10:30:00,0.53573745
2013-06-18 10:30:00,0.57958746
2013-06-19 10:30:00,0.6106
2013-06-20 10:30:00,0.6630125
2013-06-21 10:30:00,0.6093375
2013-06-22 10:30:00,0.57046247
2013-06-23 10:30:00,0.582675
2013-06-24 10:30:00,0.565775
2013-06-25 10:30:00,0.7419999
2013-06-26 10:30:00,0.9473
2013-06-27 10:30:00,0.82716244
2013-06-28 10:30:00,0.6391375
2013-06-29 10:30:00,0.8645625
2013-06-30 10:30:00,0.78981245
2013-07-01 10:30:00,0.788525
2013-07-02 10:30:00,0.7860375
2013-07-03 10:30:00,0.63638747
2013-07-04 10:30:00,0.5886625
2013-07-05 10:30:00,0.54475
2013-07-06 10:30:00,0.6986875
2013-07-07 10:30:00,0.66910005
2013-07-08 10:30:00,0.78206253
2013-07-09 10:30:00,0.56682503
2013-07-10 10:30:00,0.43066248
2013-07-11 10:30:00,0.62308747
2013-07-12 10:30:00,0.789925
2013-07-13 10:30:00,0.6499375
2013-07-14 10:30:00,0.6830875
2013-07-15 10:30:00,0.90177494
2013-07-16 10:30:00,0.58283746
2013-07-17 10:30:00,0.66015
2013-07-18 10:30:00,0.835575
2013-07-19 10:30:00,0.80496246
2013-07-20 10:30:00,0.63717496
2013-07-21 10:30:00,0.65631247
2013-07-22 10:30:00,0.8006625
2013-07-23 10:30:00,0.79961246
2013-07-24 10:30:00,0.7463875
2013-07-25 10:30:00,0.74404997
2013-07-26 10:30:00,0.755575
2013-07-27 10:30:00,0.87926245
2013-07-28 10:30:00,0.63128746
2013-07-29 10:30:00,0.740025
2013-07-30 10:30:00,0.74885
2013-07-31 10:30:00,0.87453747
2013-08-01 10:30:00,0.85188746
2013-08-02 10:30:00,0.833325
2013-08-03 10:30:00,0.74716246
2013-08-04 10:30:00,0.7804125
2013-08-05 10:30:00,0.7039
2013-08-06 10:30:00,0.697325
2013-08-07 10:30:00,0.64846253
2013-08-08 10:30:00,0.5823375
2013-08-09 10:30:00,0.618725
2013-08-10 10:30:00,0.6344125
2013-08-11 10:30:00,0.69182503
2013-08-12 10:30:00,0.77907497
2013-08-13 10:30:00,0.55311245
2013-08-14 10:30:00,0.578825
2013-08-15 10:30:00,0.62018746
2013-08-16 10:30:00,0.86457497
2013-08-17 10:30:00,0.67553747
2013-08-18 10:30:00,0.65077496
2013-08-19 10:30:00,0.6826
2013-08-20 10:30:00,0.66765
2013-08-21 10:30:00,0.81271243
2013-08-22 10:30:00,0.64667493
2013-08-23 10:30:00,0.6246125
2013-08-24 10:30:00,0.57897496
2013-08-25 10:30:00,0.672825
2013-08-26 10:30:00,0.67716247
2013-08-27 10:30:00,0.69373745
2013-08-28 10:30:00,0.87323743
2013-08-29 10:30:00,0.709925
2013-08-30 10:30:00,0.65332496
2013-08-31 10:30:00,0.76214993
2013-09-01 10:30:00,0.7493125
2013-09-02 10:30:00,0.7426625
2013-09-03 10:30:00,0.6390375
2013-09-04 10:30:00,0.6788875
2013-09-05 10:30:00,0.73214996
2013-09-06 10:30:00,0.8998875
2013-09-07 10:30:00,0.66802496
2013-09-08 10:30:00,0.62971246
2013-09-09 10:30:00,0.78847504
2013-09-10 10:30:00,0.58845
2013-09-11 10:30:00,0.54625
2013-09-12 10:30:00,0.56263745
2013-09-13 10:30:00,0.633475
2013-09-14 10:30:00,0.42241248
2013-09-15 10:30:00,0.5175625
2013-09-16 10:30:00,0.41834998
2013-09-17 10:30:00,0.56675
2013-09-18 10:30:00,0.6410875
2013-09-19 10:30:00,0.60206246
2013-09-20 10:30:00,0.6392875
2013-09-21 10:30:00,0.6918
2013-09-22 10:30:00,0.5125125
2013-09-23 10:30:00,0.46182498
2013-09-24 10:30:00,0.4755125
2013-09-25 10:30:00,0.503075
2013-09-26 10:30:00,0.4534875
2013-09-27 10:30:00,0.37121248
2013-09-28 10:30:00,0.45279998
2013-09-29 10:30:00,0.4168625
2013-09-30 10:30:00,0.47298747
2013-10-01 10:30:00,0.36427498
2013-10-02 10:30:00,0.36895
2013-10-03 10:30:00,0.39385
2013-10-04 10:30:00,0.34436247
2013-10-05 10:30:00,0.2992875
2013-10-06 10:30:00,0.4302125
2013-10-07 10:30:00,0.4005125
2013-10-08 10:30:00,0.332925
2013-10-09 10:30:00,0.40338752
2013-10-10 10:30:00,0.8038375
2013-10-11 10:30:00,0.60059994
2013-10-12 10:30:00,0.494025
2013-10-13 10:30:00,0.4921875
2013-10-14 10:30:00,0.4060875
2013-10-15 10:30:00,0.4188375
2013-10-16 10:30:00,0.4573875
2013-10-17 10:30:00,0.4070375
2013-10-18 10:30:00,0.5396625
2013-10-19 10:30:00,0.6582375
2013-10-20 10:30:00,0.68464994
2013-10-21 10:30:00,0.84217495
2013-10-22 10:30:00,0.78199995
2013-10-23 10:30:00,0.44042498
2013-10-24 10:30:00,0.7390875
2013-10-25 10:30:00,0.67003745
2013-10-26 10:30:00,0.7288625
2013-10-27 10:30:00,0.5940375
2013-10-28 10:30:00,0.64928746
2013-10-29 10:30:00,0.5567375
2013-10-30 10:30:00,0.5270625
2013-10-31 10:30:00,0.5910625
2013-11-01 10:30:00,0.5984
2013-11-02 10:30:00,0.565325
2013-11-03 10:30:00,0.5561
2013-11-04 10:30:00,0.44332498
2013-11-05 10:30:00,0.5533125
2013-11-06 10:30:00,0.5559125
2013-11-07 10:30:00,0.62915
2013-11-08 10:30:00,0.7697125
2013-11-09 10:30:00,0.3608
2013-11-10 10:30:00,0.37236252
2013-11-11 10:30:00,0.53183746
2013-11-12 10:30:00,0.54786247
2013-11-13 10:30:00,0.47417498
2013-11-14 10:30:00,0.581225
2013-11-15 10:30:00,0.53748745
2013-11-16 10:30:00,0.61347497
2013-11-17 10:30:00,0.49792498
2013-11-18 10:30:00,0.33006248
2013-11-19 10:30:00,0.2846
2013-11-20 10:30:00,0.5149625
2013-11-21 10:30:00,0.5490125
2013-11-22 10:30:00,0.57635003
2013-11-23 10:30:00,0.5772125
2013-11-24 10:30:00,0.4610625
2013-11-25 10:30:00,0.459275
2013-11-26 10:30:00,0.5061
2013-11-27 10:30:00,0.432275
2013-11-28 10:30:00,0.4451125
2013-11-29 10:30:00,0.4337875
2013-11-30 10:30:00,0.3956375
2013-12-01 10:30:00,0.41881248
2013-12-02 10:30:00,0.51925
2013-12-03 10:30:00,0.49857497
2013-12-04 10:30:00,0.44567502
2013-12-05 10:30:00,0.4730875
2013-12-06 10:30:00,0.4911375
2013-12-07 10:30:00,0.6166
2013-12-08 10:30:00,0.71178746
2013-12-09 10:30:00,0.65459996
2013-12-10 10:30:00,0.69897497
2013-12-11 10:30:00,0.64458746
2013-12-12 10:30:00,0.45959997
2013-12-13 10:30:00,0.4445125
2013-12-14 10:30:00,0.52785
2013-12-15 10:30:00,0.6065
2013-12-16 10:30:00,0.7304375
2013-12-17 10:30:00,0.6975125
2013-12-18 10:30:00,0.7284375
2013-12-19 10:30:00,0.67370003
2013-12-20 10:30:00,0.583875
2013-12-21 10:30:00,0.6133625
2013-12-22 10:30:00,0.55767494
2013-12-23 10:30:00,0.6752375
2013-12-24 10:30:00,0.64076245
2013-12-25 10:30:00,0.70647496
2013-12-26 10:30:00,0.578375
2013-12-27 10:30:00,0.5962375
2013-12-28 10:30:00,0.4914625
2013-12-29 10:30:00,0.55355
2013-12-30 10:30:00,0.6040625
2013-12-31 10:30:00,0.5017375
2014-01-01 10:30:00,0.42253748
2014-01-02 10:30:00,0.4936875
2014-01-03 10:30:00,0.57826245
2014-01-04 10:30:00,0.6678375
2014-01-05 10:30:00,0.6203625
2014-01-06 10:30:00,0.5319125
2014-01-07 10:30:00,0.450575
2014-01-08 10:30:00,0.4187125
2014-01-09 10:30:00,0.4521625
2014-01-10 10:30:00,0.47797498
2014-01-11 10:30:00,0.402075
2014-01-12 10:30:00,0.3832625
2014-01-13 10:30:00,0.48252502
2014-01-14 10:30:00,0.55233747
2014-01-15 10:30:00,0.655425
2014-01-16 10:30:00,0.606025
2014-01-17 10:30:00,0.55263746
2014-01-18 10:30:00,0.46302497
2014-01-19 10:30:00,0.7089375
2014-01-20 10:30:00,0.600375
2014-01-21 10:30:00,0.57331246
2014-01-22 10:30:00,0.582275
2014-01-23 10:30:00,0.4921875
2014-01-24 10:30:00,0.5882875
2014-01-25 10:30:00,0.48778751
2014-01-26 10:30:00,0.45078748
2014-01-27 10:30:00,0.3619625
2014-01-28 10:30:00,0.370675
2014-01-29 10:30:00,0.49835
2014-01-30 10:30:00,0.5182
2014-01-31 10:30:00,0.48893747
2014-02-01 10:30:00,0.4950125
2014-02-02 10:30:00,0.3424375
2014-02-03 10:30:00,0.3931625
2014-02-04 10:30:00,0.46115002
2014-02-05 10:30:00,0.479225
2014-02-06 10:30:00,0.48999998
2014-02-07 10:30:00,0.4405
2014-02-08 10:30:00,0.6201
2014-02-09 10:30:00,0.5358875
2014-02-10 10:30:00,0.5615625
2014-02-11 10:30:00,0.5756125
2014-02-12 10:30:00,0.4866625
2014-02-13 10:30:00,0.4993375
2014-02-14 10:30:00,0.68434995
2014-02-15 10:30:00,0.598875
2014-02-16 10:30:00,0.50546247
2014-02-17 10:30:00,0.4317625
2014-02-18 10:30:00,0.5175
2014-02-19 10:30:00,0.5036
2014-02-20 10:30:00,0.503075
2014-02-21 10:30:00,0.57911247
2014-02-22 10:30:00,0.50895
2014-02-23 10:30:00,0.57935
2014-02-24 10:30:00,0.5071125
2014-02-25 10:30:00,0.4758
2014-02-26 10:30:00,0.5843375
2014-02-27 10:30:00,0.388225
2014-02-28 10:30:00,0.4339
2014-03-01 10:30:00,0.3698375
2014-03-02 10:30:00,0.3770875
2014-03-03 10:30:00,0.3865375
2014-03-04 10:30:00,0.40046248
2014-03-05 10:30:00,0.41392502
2014-03-06 10:30:00,0.42970002
2014-03-07 10:30:00,0.37515
2014-03-08 10:30:00,0.32903746
2014-03-09 10:30:00,0.33502498
2014-03-10 10:30:00,0.1932875
2014-03-11 10:30:00,0.44932497
2014-03-12 10:30:00,0.481925
2014-03-13 10:30:00,0.3728875
2014-03-14 10:30:00,0.28036252
2014-03-15 10:30:00,0.4180125
2014-03-16 10:30:00,0.3512625
2014-03-17 10:30:00,0.5764375
2014-03-18 10:30:00,0.3759375
2014-03-19 10:30:00,0.43330002
2014-03-20 10:30:00,0.42163748
2014-03-21 10:30:00,0.3676875
2014-03-22 10:30:00,0.3012375
2014-03-23 10:30:00,0.30479997
2014-03-24 10:30:00,0.3265
2014-03-25 10:30:00,0.3420375
2014-03-26 10:30:00,0.4833
2014-03-27 10:30:00,0.4745875
2014-03-28 10:30:00,0.3872375
2014-03-29 10:30:00,0.3307875
2014-03-30 10:30:00,0.2157875
2014-03-31 10:30:00,0.2504
2014-04-01 10:30:00,0.425325
2014-04-02 10:30:00,0.44858748
2014-04-03 10:30:00,0.42939997
2014-04-04 10:30:00,0.5636375
2014-04-05 10:30:00,0.356675
2014-04-06 10:30:00,0.226825
2014-04-07 10:30:00,0.31752497
2014-04-08 10:30:00,0.27733752
2014-04-09 10:30:00,0.3946625
2014-04-10 10:30:00,0.23369998
2014-04-11 10:30:00,0.1971625
2014-04-12 10:30:00,0.23063749
2014-04-13 10:30:00,0.282
2014-04-14 10:30:00,0.2524125
2014-04-15 10:30:00,0.20872499
2014-04-16 10:30:00,0.1871
2014-04-17 10:30:00,0.667775
2014-04-18 10:30:00,0.43795
2014-04-19 10:30:00,0.684625
2014-04-20 10:30:00,0.5047375
2014-04-21 10:30:00,0.3188
2014-04-22 10:30:00,0.2870875
2014-04-23 10:30:00,0.2624
2014-04-24 10:30:00,0.2906625
2014-04-25 10:30:00,0.3498625
2014-04-26 10:30:00,0.34717497
2014-04-27 10:30:00,0.3128125
2014-04-28 10:30:00,0.2667875
2014-04-29 10:30:00,0.22327499
2014-04-30 10:30:00,0.22389999
2014-05-01 10:30:00,0.53368753
2014-05-02 10:30:00,0.542075
2014-05-03 10:30:00,0.67321247
2014-05-04 10:30:00,0.4439
2014-05-05 10:30:00,0.334875
2014-05-06 10:30:00,0.35197502
2014-05-07 10:30:00,0.42595
2014-05-08 10:30:00,0.4420625
2014-05-09 10:30:00,0.456025
2014-05-10 10:30:00,0.7486125
2014-05-11 10:30:00,0.8096375
2014-05-12 10:30:00,0.662575
2014-05-13 10:30:00,0.631375
2014-05-14 10:30:00,0.6144125
2014-05-15 10:30:00,0.68022496
2014-05-16 10:30:00,0.8328125
2014-05-17 10:30:00,0.5441875
2014-05-18 10:30:00,0.74691254
2014-05-19 10:30:00,0.86122495
2014-05-20 10:30:00,0.59035
2014-05-21 10:30:00,0.608275
2014-05-22 10:30:00,0.48318747
2014-05-23 10:30:00,0.537775
2014-05-24 10:30:00,0.74341244
2014-05-25 10:30:00,0.60531247
2014-05-26 10:30:00,0.540075
2014-05-27 10:30:00,0.514925
2014-05-28 10:30:00,0.3490625
2014-05-29 10:30:00,0.28995
2014-05-30 10:30:00,0.3413375
2014-05-31 10:30:00,0.3195875
2014-06-01 10:30:00,0.3578125
2014-06-02 10:30:00,0.4017375
2014-06-03 10:30:00,0.539775
2014-06-04 10:30:00,0.47588748
2014-06-05 10:30:00,0.45851249
2014-06-06 10:30:00,0.38382497
2014-06-07 10:30:00,0.72848743
2014-06-08 10:30:00,0.830875
2014-06-09 10:30:00,0.8884375
2014-06-10 10:30:00,0.66690004
2014-06-11 10:30:00,0.8265
2014-06-12 10:30:00,0.7174375
2014-06-13 10:30:00,0.536825
2014-06-14 10:30:00,0.51796246
2014-06-15 10:30:00,0.5416125
2014-06-16 10:30:00,0.591775
2014-06-17 10:30:00,0.72708744
2014-06-18 10:30:00,0.7093125
2014-06-19 10:30:00,0.60066247
2014-06-20 10:30:00,0.734275
2014-06-21 10:30:00,0.7654125
2014-06-22 10:30:00,0.6412625
2014-06-23 10:30:00,0.6393
2014-06-24 10:30:00,0.563875
2014-06-25 10:30:00,0.6443875
2014-06-26 10:30:00,0.78863746
2014-06-27 10:30:00,0.5662625
2014-06-28 10:30:00,0.5164
2014-06-29 10:30:00,0.46599996
2014-06-30 10:30:00,0.4925875
2014-07-01 10:30:00,0.572375
2014-07-02 10:30:00,0.73128754
2014-07-03 10:30:00,0.6137625
2014-07-04 10:30:00,0.3656875
2014-07-05 10:30:00,0.4923625
2014-07-06 10:30:00,0.587425
2014-07-07 10:30:00,0.65785
2014-07-08 10:30:00,0.4858125
2014-07-09 10:30:00,0.5635625
2014-07-10 10:30:00,0.761275
2014-07-11 10:30:00,0.7774125
2014-07-12 10:30:00,0.8010875
2014-07-13 10:30:00,0.65985
2014-07-14 10:30:00,0.675375
2014-07-15 10:30:00,0.779925
2014-07-16 10:30:00,0.7877
2014-07-17 10:30:00,0.7542375
2014-07-18 10:30:00,0.78863746
2014-07-19 10:30:00,0.78605
2014-07-20 10:30:00,0.81943744
2014-07-21 10:30:00,0.645525
2014-07-22 10:30:00,0.54515
2014-07-23 10:30:00,0.58959997
2014-07-24 10:30:00,0.5033
2014-07-25 10:30:00,0.6317625
2014-07-26 10:30:00,0.63605
2014-07-27 10:30:00,0.6334875
2014-07-28 10:30:00,0.63621247
2014-07-29 10:30:00,0.7061
2014-07-30 10:30:00,0.6693375
2014-07-31 10:30:00,0.5259125
2014-08-01 10:30:00,0.482
2014-08-02 10:30:00,0.6815
2014-08-03 10:30:00,0.63049996
2014-08-04 10:30:00,0.54895
2014-08-05 10:30:00,0.6163
2014-08-06 10:30:00,0.64777493
2014-08-07 10:30:00,0.613075
2014-08-08 10:30:00,0.52275
2014-08-09 10:30:00,0.79021245
2014-08-10 10:30:00,0.7243375
2014-08-11 10:30:00,0.57296246
2014-08-12 10:30:00,0.5327
2014-08-13 10:30:00,0.7015
2014-08-14 10:30:00,0.8185875
2014-08-15 10:30:00,0.834075
2014-08-16 10:30:00,0.72608745
2014-08-17 10:30:00,0.6775125
2014-08-18 10:30:00,0.70928746
2014-08-19 10:30:00,0.42069998
2014-08-20 10:30:00,0.65073746
2014-08-21 10:30:00,0.632925
2014-08-22 10:30:00,0.6881
2014-08-23 10:30:00,0.7506875
2014-08-24 10:30:00,0.6666625
2014-08-25 10:30:00,0.7698375
2014-08-26 10:30:00,0.6168375
2014-08-27 10:30:00,0.700825
2014-08-28 10:30:00,0.4730125
2014-08-29 10:30:00,0.4863625
2014-08-30 10:30:00,0.568875
2014-08-31 10:30:00,0.6153625
2014-09-01 10:30:00,0.9288875
2014-09-02 10:30:00,0.7644
2014-09-03 10:30:00,0.6679875
2014-09-04 10:30:00,0.7247125
2014-09-05 10:30:00,0.6732625
2014-09-06 10:30:00,0.67202497
2014-09-07 10:30:00,0.6947875
2014-09-08 10:30:00,0.42466247
2014-09-09 10:30:00,0.44242498
2014-09-10 10:30:00,0.51112497
2014-09-11 10:30:00,0.58638746
2014-09-12 10:30:00,0.586025
2014-09-13 10:30:00,0.6154625
2014-09-14 10:30:00,0.4119625
2014-09-15 10:30:00,0.467625
2014-09-16 10:30:00,0.47987497
2014-09-17 10:30:00,0.48295
2014-09-18 10:30:00,0.50682503
2014-09-19 10:30:00,0.53143746
2014-09-20 10:30:00,0.64748746
2014-09-21 10:30:00,0.6176125
2014-09-22 10:30:00,0.677675
2014-09-23 10:30:00,0.47858748
2014-09-24 10:30:00,0.4115125
2014-09-25 10:30:00,0.29444999
2014-09-26 10:30:00,0.846975
2014-09-27 10:30:00,0.5482875
2014-09-28 10:30:00,0.49794996
2014-09-29 10:30:00,0.4459
2014-09-30 10:30:00,0.3796875
2014-10-01 10:30:00,0.73851246
2014-10-02 10:30:00,0.5897
2014-10-03 10:30:00,0.4158
2014-10-04 10:30:00,0.472675
2014-10-05 10:30:00,0.41846249
2014-10-06 10:30:00,0.4177125
2014-10-07 10:30:00,0.52245003
2014-10-08 10:30:00,0.566825
2014-10-09 10:30:00,0.6999125
2014-10-10 10:30:00,0.73191243
2014-10-11 10:30:00,0.56838745
2014-10-12 10:30:00,0.42276248
2014-10-13 10:30:00,0.3949875
2014-10-14 10:30:00,0.34472498
2014-10-15 10:30:00,0.35788748
2014-10-16 10:30:00,0.39857498
2014-10-17 10:30:00,0.3987625
2014-10-18 10:30:00,0.30685
2014-10-19 10:30:00,0.25489998
2014-10-20 10:30:00,0.23071249
2014-10-21 10:30:00,0.27069998
2014-10-22 10:30:00,0.3623625
2014-10-23 10:30:00,0.45073748
2014-10-24 10:30:00,0.4900875
2014-10-25 10:30:00,0.4921625
2014-10-26 10:30:00,0.4279375
2014-10-27 10:30:00,0.32478747
2014-10-28 10:30:00,0.3016875
2014-10-29 10:30:00,0.4220625
2014-10-30 10:30:00,0.7599125
2014-10-31 10:30:00,0.8231
2014-11-01 10:30:00,0.61812496
2014-11-02 10:30:00,0.5511625
2014-11-03 10:30:00,0.6225125
2014-11-04 10:30:00,0.5556625
2014-11-05 10:30:00,0.48389998
2014-11-06 10:30:00,0.4675375
2014-11-07 10:30:00,0.3592625
2014-11-08 10:30:00,0.42169997
2014-11-09 10:30:00,0.38593748
2014-11-10 10:30:00,0.3984875
2014-11-11 10:30:00,0.38988748
2014-11-12 10:30:00,0.38138747
2014-11-13 10:30:00,0.4400125
2014-11-14 10:30:00,0.3854
2014-11-15 10:30:00,0.45798752
2014-11-16 10:30:00,0.51739997
2014-11-17 10:30:00,0.4468625
2014-11-18 10:30:00,0.4574
2014-11-19 10:30:00,0.5396625
2014-11-20 10:30:00,0.5721375
2014-11-21 10:30:00,0.5215625
2014-11-22 10:30:00,0.5189875
2014-11-23 10:30:00,0.4013875
2014-11-24 10:30:00,0.46916252
2014-11-25 10:30:00,0.390325
2014-11-26 10:30:00,0.3471875
2014-11-27 10:30:00,0.40426248
2014-11-28 10:30:00,0.39506248
2014-11-29 10:30:00,0.465
2014-11-30 10:30:00,0.46599996
2014-12-01 10:30:00,0.314925
2014-12-02 10:30:00,0.3412
2014-12-03 10:30:00,0.39839998
2014-12-04 10:30:00,0.44463748
2014-12-05 10:30:00,0.4611875
2014-12-06 10:30:00,0.49081248
2014-12-07 10:30:00,0.522425
2014-12-08 10:30:00,0.5524375
2014-12-09 10:30:00,0.54395
2014-12-10 10:30:00,0.72411245
2014-12-11 10:30:00,0.5916125
2014-12-12 10:30:00,0.556175
2014-12-13 10:30:00,0.601925
2014-12-14 10:30:00,0.6767625
2014-12-15 10:30:00,0.627925
2014-12-16 10:30:00,0.5694625
2014-12-17 10:30:00,0.6378875
2014-12-18 10:30:00,0.7030375
2014-12-19 10:30:00,0.6078375
2014-12-20 10:30:00,0.5851125
2014-12-21 10:30:00,0.635075
2014-12-22 10:30:00,0.7306375
2014-12-23 10:30:00,0.63369995
2014-12-24 10:30:00,0.636725
2014-12-25 10:30:00,0.61324996
2014-12-26 10:30:00,0.6923125
2014-12-27 10:30:00,0.604
2014-12-28 10:30:00,0.635225
2014-12-29 10:30:00,0.78809994
2014-12-30 10:30:00,0.60737497
2014-12-31 10:30:00,0.5429625
2015-01-01 10:30:00,0.5798875
2015-01-02 10:30:00,0.6222625
2015-01-03 10:30:00,0.5907
2015-01-04 10:30:00,0.6306375
2015-01-05 10:30:00,0.43206248
2015-01-06 10:30:00,0.40281248
2015-01-07 10:30:00,0.5123125
2015-01-08 10:30:00,0.60213745
2015-01-09 10:30:00,0.68052495
2015-01-10 10:30:00,0.59217495
2015-01-11 10:30:00,0.62202495
2015-01-12 10:30:00,0.5322625
2015-01-13 10:30:00,0.6086125
2015-01-14 10:30:00,0.6852625
2015-01-15 10:30:00,0.691425
2015-01-16 10:30:00,0.58951247
2015-01-17 10:30:00,0.6104125
2015-01-18 10:30:00,0.76536244
2015-01-19 10:30:00,0.658
2015-01-20 10:30:00,0.726125
2015-01-21 10:30:00,0.73341244
2015-01-22 10:30:00,0.74591243
2015-01-23 10:30:00,0.68146247
2015-01-24 10:30:00,0.6373125
2015-01-25 10:30:00,0.5414875
2015-01-26 10:30:00,0.43029997
2015-01-27 10:30:00,0.47195
2015-01-28 10:30:00,0.5394
2015-01-29 10:30:00,0.5019125
2015-01-30 10:30:00,0.46932498
2015-01-31 10:30:00,0.50635
2015-02-01 10:30:00,0.5502625
2015-02-02 10:30:00,0.5114125
2015-02-03 10:30:00,0.5927375
2015-02-04 10:30:00,0.527
2015-02-05 10:30:00,0.5538625
2015-02-06 10:30:00,0.40796247
2015-02-07 10:30:00,0.3232875
2015-02-08 10:30:00,0.3741375
2015-02-09 10:30:00,0.46791252
2015-02-10 10:30:00,0.40531248
2015-02-11 10:30:00,0.46856248
2015-02-12 10:30:00,0.4715
2015-02-13 10:30:00,0.5405
2015-02-14 10:30:00,0.5618125
2015-02-15 10:30:00,0.514775
2015-02-16 10:30:00,0.67020005
2015-02-17 10:30:00,0.480975
2015-02-18 10:30:00,0.46945
2015-02-19 10:30:00,0.368475
2015-02-20 10:30:00,0.543325
2015-02-21 10:30:00,0.7995625
2015-02-22 10:30:00,0.6343125
2015-02-23 10:30:00,0.4211125
2015-02-24 10:30:00,0.53915
2015-02-25 10:30:00,0.502275
2015-02-26 10:30:00,0.5504
2015-02-27 10:30:00,0.48174998
2015-02-28 10:30:00,0.4992375
2015-03-01 10:30:00,0.46995
2015-03-02 10:30:00,0.41718748
2015-03-03 10:30:00,0.4756625
2015-03-04 10:30:00,0.377475
2015-03-05 10:30:00,0.39825
2015-03-06 10:30:00,0.3254375
2015-03-07 10:30:00,0.31544998
2015-03-08 10:30:00,0.35362497
2015-03-09 10:30:00,0.33650002
2015-03-10 10:30:00,0.3428875
2015-03-11 10:30:00,0.3357125
2015-03-12 10:30:00,0.45593747
2015-03-13 10:30:00,0.45052496
2015-03-14 10:30:00,0.3852875
2015-03-15 10:30:00,0.34138748
2015-03-16 10:30:00,0.2701875
2015-03-17 10:30:00,0.2410625
2015-03-18 10:30:00,0.36033747
2015-03-19 10:30:00,0.3296875
2015-03-20 10:30:00,0.23555
2015-03-21 10:30:00,0.221175
2015-03-22 10:30:00,0.2226
2015-03-23 10:30:00,0.2575
2015-03-24 10:30:00,0.3043375
2015-03-25 10:30:00,0.1698
2015-03-26 10:30:00,0.18167499
2015-03-27 10:30:00,0.3514
2015-03-28 10:30:00,0.3917125
2015-03-29 10:30:00,0.2730125
2015-03-30 10:30:00,0.33775002
2015-03-31 10:30:00,0.1842625
2015-04-01 10:30:00,0.1809
2015-04-02 10:30:00,0.7981625
2015-04-03 10:30:00,0.65057504
2015-04-04 10:30:00,0.87153745
2015-04-05 10:30:00,0.597675
2015-04-06 10:30:00,0.4752625
2015-04-07 10:30:00,0.457
2015-04-08 10:30:00,0.553
2015-04-09 10:30:00,0.532625
2015-04-10 10:30:00,0.468125
2015-04-11 10:30:00,0.44415
2015-04-12 10:30:00,0.34101248
2015-04-13 10:30:00,0.25457498
2015-04-14 10:30:00,0.2816375
2015-04-15 10:30:00,0.38505
2015-04-16 10:30:00,0.2913125
2015-04-17 10:30:00,0.220675
2015-04-18 10:30:00,0.20603749
2015-04-19 10:30:00,0.16626249
2015-04-20 10:30:00,0.2095375
2015-04-21 10:30:00,0.2427
2015-04-22 10:30:00,0.2508625
2015-04-23 10:30:00,0.2958125
2015-04-24 10:30:00,0.24677499
2015-04-25 10:30:00,0.252175
2015-04-26 10:30:00,0.2222125
2015-04-27 10:30:00,0.2362375
2015-04-28 10:30:00,0.32127497
2015-04-29 10:30:00,0.181625
2015-04-30 10:30:00,0.083162494
2015-05-01 10:30:00,0.39295
2015-05-02 10:30:00,0.36381248
2015-05-03 10:30:00,0.26253748
2015-05-04 10:30:00,0.2192625
2015-05-05 10:30:00,0.2477375
2015-05-06 10:30:00,0.2628125
2015-05-07 10:30:00,0.8160375
2015-05-08 10:30:00,0.57296246
2015-05-09 10:30:00,0.465275
2015-05-10 10:30:00,0.6075625
2015-05-11 10:30:00,0.88217497
2015-05-12 10:30:00,0.7967875
2015-05-13 10:30:00,0.5357125
2015-05-14 10:30:00,0.2128
2015-05-15 10:30:00,0.186225
2015-05-16 10:30:00,0.24492499
2015-05-17 10:30:00,0.6357375
2015-05-18 10:30:00,0.512275
2015-05-19 10:30:00,0.60987496
2015-05-20 10:30:00,0.24552499
2015-05-21 10:30:00,0.2793125
2015-05-22 10:30:00,0.203325
2015-05-23 10:30:00,0.2220375
2015-05-24 10:30:00,0.2712
2015-05-25 10:30:00,0.5336
2015-05-26 10:30:00,0.543175
2015-05-27 10:30:00,0.467525
2015-05-28 10:30:00,0.740575
2015-05-29 10:30:00,0.5430375
2015-05-30 10:30:00,0.3962625
2015-05-31 10:30:00,0.3332375
2015-06-01 10:30:00,0.42796248
2015-06-02 10:30:00,0.43506247
2015-06-03 10:30:00,0.30985
2015-06-04 10:30:00,0.58853745
2015-06-05 10:30:00,0.90411246
2015-06-06 10:30:00,0.73655
2015-06-07 10:30:00,0.5563
2015-06-08 10:30:00,0.5766875
2015-06-09 10:30:00,0.5459125
2015-06-10 10:30:00,0.814075
2015-06-11 10:30:00,0.90981245
2015-06-12 10:30:00,0.94116247
2015-06-13 10:30:00,0.7768125
2015-06-14 10:30:00,0.5706125
2015-06-15 10:30:00,0.4785125
2015-06-16 10:30:00,0.516975
2015-06-17 10:30:00,0.85819995
2015-06-18 10:30:00,0.8842
2015-06-19 10:30:00,0.7445875
2015-06-20 10:30:00,0.62345
2015-06-21 10:30:00,0.5677375
2015-06-22 10:30:00,0.596675
2015-06-23 10:30:00,0.7187875
2015-06-24 10:30:00,0.806475
2015-06-25 10:30:00,0.7679125
2015-06-26 10:30:00,0.61487496
2015-06-27 10:30:00,0.72408754
2015-06-28 10:30:00,0.7480124
2015-06-29 10:30:00,0.4939125
2015-06-30 10:30:00,0.81605
2015-07-01 10:30:00,0.767275
2015-07-02 10:30:00,0.87636244
2015-07-03 10:30:00,0.65206254
2015-07-04 10:30:00,0.6686625
2015-07-05 10:30:00,0.64815
2015-07-06 10:30:00,0.604975
2015-07-07 10:30:00,0.6109375
2015-07-08 10:30:00,0.5974625
2015-07-09 10:30:00,0.6540625
2015-07-10 10:30:00,0.6062875
2015-07-11 10:30:00,0.6974375
2015-07-12 10:30:00,0.6525
2015-07-13 10:30:00,0.56238747
2015-07-14 10:30:00,0.6190625
2015-07-15 10:30:00,0.793275
2015-07-16 10:30:00,0.78139997
2015-07-17 10:30:00,0.72723746
2015-07-18 10:30:00,0.6657875
2015-07-19 10:30:00,0.71066254
2015-07-20 10:30:00,0.7797625
2015-07-21 10:30:00,0.86702496
2015-07-22 10:30:00,0.82787496
2015-07-23 10:30:00,0.8288375
2015-07-24 10:30:00,0.72911245
2015-07-25 10:30:00,0.8063625
2015-07-26 10:30:00,0.65622497
2015-07-27 10:30:00,0.6088875
2015-07-28 10:30:00,0.5984875
2015-07-29 10:30:00,0.86562496
2015-07-30 10:30:00,0.72849995
2015-07-31 10:30:00,0.6494375
2015-08-01 10:30:00,0.673175
2015-08-02 10:30:00,0.5887125
2015-08-03 10:30:00,0.57145
2015-08-04 10:30:00,0.61474997
2015-08-05 10:30:00,0.6924
2015-08-06 10:30:00,0.64687496
2015-08-07 10:30:00,0.765625
2015-08-08 10:30:00,0.7836375
2015-08-09 10:30:00,0.8818
2015-08-10 10:30:00,0.68394995
2015-08-11 10:30:00,0.723325
2015-08-12 10:30:00,0.63972497
2015-08-13 10:30:00,0.62453747
2015-08-14 10:30:00,0.72738755
2015-08-15 10:30:00,0.796175
2015-08-16 10:30:00,0.7451875
2015-08-17 10:30:00,0.734775
2015-08-18 10:30:00,0.819225
2015-08-19 10:30:00,0.867525
2015-08-20 10:30:00,0.9086625
2015-08-21 10:30:00,0.8226249
2015-08-22 10:30:00,0.8751625
2015-08-23 10:30:00,0.88827497
2015-08-24 10:30:00,0.9101125
2015-08-25 10:30:00,0.8729875
2015-08-26 10:30:00,0.81052494
2015-08-27 10:30:00,0.742125
2015-08-28 10:30:00,0.84271246
2015-08-29 10:30:00,0.889825
2015-08-30 10:30:00,0.88577497
2015-08-31 10:30:00,0.8903
2015-09-01 10:30:00,0.78872496
2015-09-02 10:30:00,0.7543125
2015-09-03 10:30:00,0.5760375
2015-09-04 10:30:00,0.8064375
2015-09-05 10:30:00,0.71229994
2015-09-06 10:30:00,0.603475
2015-09-07 10:30:00,0.81076247
2015-09-08 10:30:00,0.7886999
2015-09-09 10:30:00,0.54583746
2015-09-10 10:30:00,0.521975
2015-09-11 10:30:00,0.6141
2015-09-12 10:30:00,0.675775
2015-09-13 10:30:00,0.6583625
2015-09-14 10:30:00,0.4668
2015-09-15 10:30:00,0.626575
2015-09-16 10:30:00,0.6300375
2015-09-17 10:30:00,0.8198
2015-09-18 10:30:00,0.78138745
2015-09-19 10:30:00,0.6043625
2015-09-20 10:30:00,0.664525
2015-09-21 10:30:00,0.5498625
2015-09-22 10:30:00,0.911025
2015-09-23 10:30:00,0.8361875
2015-09-24 10:30:00,0.8522
2015-09-25 10:30:00,0.66592497
2015-09-26 10:30:00,0.5925875
2015-09-27 10:30:00,0.64326245
2015-09-28 10:30:00,0.61626244
2015-09-29 10:30:00,0.5826
2015-09-30 10:30:00,0.7644875
2015-10-01 10:30:00,0.52853745
2015-10-02 10:30:00,0.36165
2015-10-03 10:30:00,0.37705
2015-10-04 10:30:00,0.4129375
2015-10-05 10:30:00,0.4475
2015-10-06 10:30:00,0.40002498
2015-10-07 10:30:00,0.40831247
2015-10-08 10:30:00,0.44404998
2015-10-09 10:30:00,0.5262
2015-10-10 10:30:00,0.8379875
2015-10-11 10:30:00,0.4999375
2015-10-12 10:30:00,0.526025
2015-10-13 10:30:00,0.5822
2015-10-14 10:30:00,0.58507496
2015-10-15 10:30:00,0.4267875
2015-10-16 10:30:00,0.39421248
2015-10-17 10:30:00,0.40565002
2015-10-18 10:30:00,0.2787625
2015-10-19 10:30:00,0.3065
2015-10-20 10:30:00,0.4782875
2015-10-21 10:30:00,0.35983747
2015-10-22 10:30:00,0.359625
2015-10-23 10:30:00,0.21681249
2015-10-24 10:30:00,0.2438625
2015-10-25 10:30:00,0.2906875
2015-10-26 10:30:00,0.4134875
2015-10-27 10:30:00,0.43166247
2015-10-28 10:30:00,0.424875
2015-10-29 10:30:00,0.4618125
2015-10-30 10:30:00,0.4508125
2015-10-31 10:30:00,0.38515
2015-11-01 10:30:00,0.28483748
2015-11-02 10:30:00,0.37794998
2015-11-03 10:30:00,0.2933125
2015-11-04 10:30:00,0.3852125
2015-11-05 10:30:00,0.27603748
2015-11-06 10:30:00,0.44
2015-11-07 10:30:00,0.3861
2015-11-08 10:30:00,0.6019125
2015-11-09 10:30:00,0.64301246
2015-11-10 10:30:00,0.61702496
2015-11-11 10:30:00,0.73955
2015-11-12 10:30:00,0.783625
2015-11-13 10:30:00,0.778925
2015-11-14 10:30:00,0.667425
2015-11-15 10:30:00,0.33604997
2015-11-16 10:30:00,0.666325
2015-11-17 10:30:00,0.5750375
2015-11-18 10:30:00,0.72833747
2015-11-19 10:30:00,0.7335875
2015-11-20 10:30:00,0.73639995
2015-11-21 10:30:00,0.631675
2015-11-22 10:30:00,0.63369995
2015-11-23 10:30:00,0.6073875
2015-11-24 10:30:00,0.61869997
2015-11-25 10:30:00,0.612975
2015-11-26 10:30:00,0.628025
2015-11-27 10:30:00,0.6589375
2015-11-28 10:30:00,0.6765
2015-11-29 10:30:00,0.7049125
2015-11-30 10:30:00,0.7677375
2015-12-01 10:30:00,0.855725
2015-12-02 10:30:00,0.77826244
2015-12-03 10:30:00,0.61553746
2015-12-04 10:30:00,0.59929997
2015-12-05 10:30:00,0.6367875
2015-12-06 10:30:00,0.7086
2015-12-07 10:30:00,0.75194997
2015-12-08 10:30:00,0.68214995
2015-12-09 10:30:00,0.8174
2015-12-10 10:30:00,0.695725
2015-12-11 10:30:00,0.70595
2015-12-12 10:30:00,0.66433746
2015-12-13 10:30:00,0.7067125
2015-12-14 10:30:00,0.75292504
2015-12-15 10:30:00,0.62913746
2015-12-16 10:30:00,0.622975
2015-12-17 10:30:00,0.6293375
2015-12-18 10:30:00,0.69484997
2015-12-19 10:30:00,0.6837124
2015-12-20 10:30:00,0.780725
2015-12-21 10:30:00,0.729475
2015-12-22 10:30:00,0.64016247
2015-12-23 10:30:00,0.5484875
2015-12-24 10:30:00,0.65108746
2015-12-25 10:30:00,0.71037495
2015-12-26 10:30:00,0.46847498
2015-12-27 10:30:00,0.53674996
2015-12-28 10:30:00,0.62264997
2015-12-29 10:30:00,0.7636
2015-12-30 10:30:00,0.69175
2015-12-31 10:30:00,0.70656246
2016-01-01 10:30:00,0.6190375
2016-01-02 10:30:00,0.7067125
2016-01-03 10:30:00,0.6068375
2016-01-04 10:30:00,0.5612125
2016-01-05 10:30:00,0.60195
2016-01-06 10:30:00,0.5459
2016-01-07 10:30:00,0.576875
2016-01-08 10:30:00,0.599775
2016-01-09 10:30:00,0.56142503
2016-01-10 10:30:00,0.45936248
2016-01-11 10:30:00,0.4973125
2016-01-12 10:30:00,0.5539375
2016-01-13 10:30:00,0.56455
2016-01-14 10:30:00,0.651325
2016-01-15 10:30:00,0.7083125
2016-01-16 10:30:00,0.66522497
2016-01-17 10:30:00,0.5247875
2016-01-18 10:30:00,0.4797375
2016-01-19 10:30:00,0.4977
2016-01-20 10:30:00,0.5906125
2016-01-21 10:30:00,0.5195125
2016-01-22 10:30:00,0.4596125
2016-01-23 10:30:00,0.463525
2016-01-24 10:30:00,0.4606375
2016-01-25 10:30:00,0.46958748
2016-01-26 10:30:00,0.4934375
2016-01-27 10:30:00,0.5455625
2016-01-28 10:30:00,0.44837502
2016-01-29 10:30:00,0.45912498
2016-01-30 10:30:00,0.47542498
2016-01-31 10:30:00,0.50895
2016-02-01 10:30:00,0.47564998
2016-02-02 10:30:00,0.468175
2016-02-03 10:30:00,0.48638752
2016-02-04 10:30:00,0.49805
2016-02-05 10:30:00,0.5566125
2016-02-06 10:30:00,0.5505625
2016-02-07 10:30:00,0.5217125
2016-02-08 10:30:00,0.5965125
2016-02-09 10:30:00,0.64796245
2016-02-10 10:30:00,0.5767125
2016-02-11 10:30:00,0.571875
2016-02-12 10:30:00,0.4621625
2016-02-13 10:30:00,0.430875
2016-02-14 10:30:00,0.421475
2016-02-15 10:30:00,0.5315875
2016-02-16 10:30:00,0.5036125
2016-02-17 10:30:00,0.5056375
2016-02-18 10:30:00,0.48017502
2016-02-19 10:30:00,0.518775
2016-02-20 10:30:00,0.46310002
2016-02-21 10:30:00,0.385475
2016-02-22 10:30:00,0.39331248
2016-02-23 10:30:00,0.47518748
2016-02-24 10:30:00,0.48119998
2016-02-25 10:30:00,0.50936246
2016-02-26 10:30:00,0.440175
2016-02-27 10:30:00,0.47845
2016-02-28 10:30:00,0.474775
2016-02-29 10:30:00,0.4428625
2016-03-01 10:30:00,0.50755
2016-03-02 10:30:00,0.61661243
2016-03-03 10:30:00,0.5904125
2016-03-04 10:30:00,0.74171245
2016-03-05 10:30:00,0.55917495
2016-03-06 10:30:00,0.42154998
2016-03-07 10:30:00,0.43247497
2016-03-08 10:30:00,0.47669998
2016-03-09 10:30:00,0.4465375
2016-03-10 10:30:00,0.4951875
2016-03-11 10:30:00,0.4167
2016-03-12 10:30:00,0.3976375
2016-03-13 10:30:00,0.43921247
2016-03-14 10:30:00,0.452475
2016-03-15 10:30:00,0.32595
2016-03-16 10:30:00,0.243175
2016-03-17 10:30:00,0.34855
2016-03-18 10:30:00,0.564075
2016-03-19 10:30:00,0.4589625
2016-03-20 10:30:00,0.35167497
2016-03-21 10:30:00,0.56212497
2016-03-22 10:30:00,0.34026247
2016-03-23 10:30:00,0.332475
2016-03-24 10:30:00,0.3236875
2016-03-25 10:30:00,0.3140625
2016-03-26 10:30:00,0.2683375
2016-03-27 10:30:00,0.2469125
2016-03-28 10:30:00,0.29393747
2016-03-29 10:30:00,0.4181
2016-03-30 10:30:00,0.294675
2016-03-31 10:30:00,0.28925
2016-04-01 10:30:00,0.4504375
2016-04-02 10:30:00,0.34256247
2016-04-03 10:30:00,0.36193746
2016-04-04 10:30:00,0.35549998
2016-04-05 10:30:00,0.3102625
2016-04-06 10:30:00,0.35928747
2016-04-07 10:30:00,0.202475
2016-04-08 10:30:00,0.16772498
2016-04-09 10:30:00,0.1840625
2016-04-10 10:30:00,0.322775
2016-04-11 10:30:00,0.3340375
2016-04-12 10:30:00,0.26378748
2016-04-13 10:30:00,0.76694995
2016-04-14 10:30:00,0.4410125
2016-04-15 10:30:00,0.6615
2016-04-16 10:30:00,0.82226247
2016-04-17 10:30:00,0.48526248
2016-04-18 10:30:00,0.510525
2016-04-19 10:30:00,0.2286375
2016-04-20 10:30:00,0.25573748
2016-04-21 10:30:00,0.2873875
2016-04-22 10:30:00,0.44702497
2016-04-23 10:30:00,0.2611375
2016-04-24 10:30:00,0.466925
2016-04-25 10:30:00,0.38924998
2016-04-26 10:30:00,0.4859875
2016-04-27 10:30:00,0.4982
2016-04-28 10:30:00,0.2638375
2016-04-29 10:30:00,0.50712496
2016-04-30 10:30:00,0.5071125
2016-05-01 10:30:00,0.5769375
2016-05-02 10:30:00,0.34927502
2016-05-03 10:30:00,0.2552125
2016-05-04 10:30:00,0.1467875
2016-05-05 10:30:00,0.5267125
2016-05-06 10:30:00,0.4836875
2016-05-07 10:30:00,0.18911248
2016-05-08 10:30:00,0.3227375
2016-05-09 10:30:00,0.2738875
2016-05-10 10:30:00,0.17161249
2016-05-11 10:30:00,0.607825
2016-05-12 10:30:00,0.2927
2016-05-13 10:30:00,0.24337499
2016-05-14 10:30:00,0.45131248
2016-05-15 10:30:00,0.2571375
2016-05-16 10:30:00,0.2510875
2016-05-17 10:30:00,0.119325
2016-05-18 10:30:00,0.21004999
2016-05-19 10:30:00,0.24532501
2016-05-20 10:30:00,0.3109875
2016-05-21 10:30:00,0.274925
2016-05-22 10:30:00,0.2975875
2016-05-23 10:30:00,0.6419875
2016-05-24 10:30:00,0.76577497
2016-05-25 10:30:00,0.5535
2016-05-26 10:30:00,0.35154998
2016-05-27 10:30:00,0.2992375
2016-05-28 10:30:00,0.27089998
2016-05-29 10:30:00,0.2935125
2016-05-30 10:30:00,0.40677497
2016-05-31 10:30:00,0.386375
2016-06-01 10:30:00,0.30715
2016-06-02 10:30:00,0.3361
2016-06-03 10:30:00,0.3281
2016-06-04 10:30:00,0.36772498
2016-06-05 10:30:00,0.40751252
2016-06-06 10:30:00,0.73722494
2016-06-07 10:30:00,0.540975
2016-06-08 10:30:00,0.42033747
2016-06-09 10:30:00,0.6018125
2016-06-10 10:30:00,0.7697
2016-06-11 10:30:00,0.5274625
2016-06-12 10:30:00,0.6352875
2016-06-13 10:30:00,0.54526246
2016-06-14 10:30:00,0.467975
2016-06-15 10:30:00,0.550675
2016-06-16 10:30:00,0.582725
2016-06-17 10:30:00,0.560725
2016-06-18 10:30:00,0.5825125
2016-06-19 10:30:00,0.5812625
2016-06-20 10:30:00,0.58425
2016-06-21 10:30:00,0.59358746
2016-06-22 10:30:00,0.7612625
2016-06-23 10:30:00,0.6679875
2016-06-24 10:30:00,0.60815
2016-06-25 10:30:00,0.54272497
2016-06-26 10:30:00,0.4710625
2016-06-27 10:30:00,0.5739625
2016-06-28 10:30:00,0.7420625
2016-06-29 10:30:00,0.8522625
2016-06-30 10:30:00,0.8996499
2016-07-01 10:30:00,0.5311125
2016-07-02 10:30:00,0.5571
2016-07-03 10:30:00,0.56125
2016-07-04 10:30:00,0.46667498
2016-07-05 10:30:00,0.4711375
2016-07-06 10:30:00,0.46244997
2016-07-07 10:30:00,0.45123747
2016-07-08 10:30:00,0.4497
2016-07-09 10:30:00,0.64965
2016-07-10 10:30:00,0.45076248
2016-07-11 10:30:00,0.60305
2016-07-12 10:30:00,0.66809994
2016-07-13 10:30:00,0.522125
2016-07-14 10:30:00,0.507725
2016-07-15 10:30:00,0.49665
2016-07-16 10:30:00,0.50343746
2016-07-17 10:30:00,0.556825
2016-07-18 10:30:00,0.42884997
2016-07-19 10:30:00,0.648075
2016-07-20 10:30:00,0.6950374
2016-07-21 10:30:00,0.73281246
2016-07-22 10:30:00,0.9213625
2016-07-23 10:30:00,0.8095375
2016-07-24 10:30:00,0.5261875
2016-07-25 10:30:00,0.76777494
2016-07-26 10:30:00,0.6130125
2016-07-27 10:30:00,0.53849995
2016-07-28 10:30:00,0.78765
2016-07-29 10:30:00,0.6158
2016-07-30 10:30:00,0.68058753
2016-07-31 10:30:00,0.61509997
2016-08-01 10:30:00,0.64919996
2016-08-02 10:30:00,0.5553125
2016-08-03 10:30:00,0.6202625
2016-08-04 10:30:00,0.49686247
2016-08-05 10:30:00,0.63971245
2016-08-06 10:30:00,0.79819995
2016-08-07 10:30:00,0.51353747
2016-08-08 10:30:00,0.48032495
2016-08-09 10:30:00,0.571925
2016-08-10 10:30:00,0.62303746
2016-08-11 10:30:00,0.3351375
2016-08-12 10:30:00,0.3229
2016-08-13 10:30:00,0.42273748
2016-08-14 10:30:00,0.48561248
2016-08-15 10:30:00,0.45841247
2016-08-16 10:30:00,0.53275
2016-08-17 10:30:00,0.503975
2016-08-18 10:30:00,0.7213749
2016-08-19 10:30:00,0.65605
2016-08-20 10:30:00,0.7361
2016-08-21 10:30:00,0.634775
2016-08-22 10:30:00,0.585675
2016-08-23 10:30:00,0.71065
2016-08-24 10:30:00,0.563175
2016-08-25 10:30:00,0.3780875
2016-08-26 10:30:00,0.44335
2016-08-27 10:30:00,0.4010625
2016-08-28 10:30:00,0.40902498
2016-08-29 10:30:00,0.44022498
2016-08-30 10:30:00,0.447975
2016-08-31 10:30:00,0.864625
2016-09-01 10:30:00,0.88894993
2016-09-02 10:30:00,0.8288624
2016-09-03 10:30:00,0.91789997
2016-09-04 10:30:00,0.90935
2016-09-05 10:30:00,0.89246243
2016-09-06 10:30:00,0.75294995
2016-09-07 10:30:00,0.6576
2016-09-08 10:30:00,0.74604994
2016-09-09 10:30:00,0.7893625
2016-09-10 10:30:00,0.88643754
2016-09-11 10:30:00,0.7471375
2016-09-12 10:30:00,0.73311245
2016-09-13 10:30:00,0.72417504
2016-09-14 10:30:00,0.80375
2016-09-15 10:30:00,0.522425
2016-09-16 10:30:00,0.72795
2016-09-17 10:30:00,0.623875
2016-09-18 10:30:00,0.578375
2016-09-19 10:30:00,0.51011246
2016-09-20 10:30:00,0.5004375
2016-09-21 10:30:00,0.5398125
2016-09-22 10:30:00,0.56203747
2016-09-23 10:30:00,0.6800375
2016-09-24 10:30:00,0.63269997
2016-09-25 10:30:00,0.4697375
2016-09-26 10:30:00,0.58437496
2016-09-27 10:30:00,0.721175
2016-09-28 10:30:00,0.55768746
2016-09-29 10:30:00,0.6321
2016-09-30 10:30:00,0.6027
2016-10-01 10:30:00,0.5428625
2016-10-02 10:30:00,0.48982498
2016-10-03 10:30:00,0.5432625
2016-10-04 10:30:00,0.70296246
2016-10-05 10:30:00,0.50572497
2016-10-06 10:30:00,0.47718748
2016-10-07 10:30:00,0.82896245
2016-10-08 10:30:00,0.71209997
2016-10-09 10:30:00,0.6011125
2016-10-10 10:30:00,0.60206246
2016-10-11 10:30:00,0.53125
2016-10-12 10:30:00,0.5811
2016-10-13 10:30:00,0.5538625
2016-10-14 10:30:00,0.65997493
2016-10-15 10:30:00,0.55805
2016-10-16 10:30:00,0.60225
2016-10-17 10:30:00,0.5192625
2016-10-18 10:30:00,0.485425
2016-10-19 10:30:00,0.60735
2016-10-20 10:30:00,0.403725
2016-10-21 10:30:00,0.791425
2016-10-22 10:30:00,0.55417496
2016-10-23 10:30:00,0.4918875
2016-10-24 10:30:00,0.52182496
2016-10-25 10:30:00,0.5892125
2016-10-26 10:30:00,0.487
2016-10-27 10:30:00,0.47533748
2016-10-28 10:30:00,0.49972498
2016-10-29 10:30:00,0.43921247
2016-10-30 10:30:00,0.457025
2016-10-31 10:30:00,0.40615
2016-11-01 10:30:00,0.36377499
2016-11-02 10:30:00,0.42061248
2016-11-03 10:30:00,0.61583745
2016-11-04 10:30:00,0.7263375
2016-11-05 10:30:00,0.51305
2016-11-06 10:30:00,0.7231375
2016-11-07 10:30:00,0.664675
2016-11-08 10:30:00,0.606775
2016-11-09 10:30:00,0.63414997
2016-11-10 10:30:00,0.7974625
2016-11-11 10:30:00,0.62404996
2016-11-12 10:30:00,0.6351625
2016-11-13 10:30:00,0.74172497
2016-11-14 10:30:00,0.576775
2016-11-15 10:30:00,0.6373625
2016-11-16 10:30:00,0.760325
2016-11-17 10:30:00,0.632375
2016-11-18 10:30:00,0.70815
2016-11-19 10:30:00,0.62693745
2016-11-20 10:30:00,0.5307125
2016-11-21 10:30:00,0.51046246
2016-11-22 10:30:00,0.5803875
2016-11-23 10:30:00,0.52677494
2016-11-24 10:30:00,0.61059994
2016-11-25 10:30:00,0.643625
2016-11-26 10:30:00,0.6227875
2016-11-27 10:30:00,0.60421246
2016-11-28 10:30:00,0.588825
2016-11-29 10:30:00,0.6112625
2016-11-30 10:30:00,0.5613125
2016-12-01 10:30:00,0.530675
2016-12-02 10:30:00,0.5943125
2016-12-03 10:30:00,0.43635002
2016-12-04 10:30:00,0.46877497
2016-12-05 10:30:00,0.5979
2016-12-06 10:30:00,0.704225
2016-12-07 10:30:00,0.6389125
2016-12-08 10:30:00,0.6158
2016-12-09 10:30:00,0.525675
2016-12-10 10:30:00,0.61847496
2016-12-11 10:30:00,0.5706125
2016-12-12 10:30:00,0.52787495
2016-12-13 10:30:00,0.51651245
2016-12-14 10:30:00,0.51976246
2016-12-15 10:30:00,0.50546247
2016-12-16 10:30:00,0.600175
2016-12-17 10:30:00,0.500225
2016-12-18 10:30:00,0.6112625
2016-12-19 10:30:00,0.690475
2016-12-20 10:30:00,0.648375
2016-12-21 10:30:00,0.63925
2016-12-22 10:30:00,0.43605
2016-12-23 10:30:00,0.5952375
2016-12-24 10:30:00,0.675
2016-12-25 10:30:00,0.52898747
2016-12-26 10:30:00,0.4254
2016-12-27 10:30:00,0.54127496
2016-12-28 10:30:00,0.4916125
2016-12-29 10:30:00,0.505675
2016-12-30 10:30:00,0.50095
2016-12-31 10:30:00,0.52276254
2017-01-01 10:30:00,0.6019625
2017-01-02 10:30:00,0.6117375
2017-01-03 10:30:00,0.5297875
2017-01-04 10:30:00,0.6667875
2017-01-05 10:30:00,0.5351125
2017-01-06 10:30:00,0.52736247
2017-01-07 10:30:00,0.63795
2017-01-08 10:30:00,0.4813875
2017-01-09 10:30:00,0.41492498
2017-01-10 10:30:00,0.454675
2017-01-11 10:30:00,0.47619998
2017-01-12 10:30:00,0.38137498
2017-01-13 10:30:00,0.4759
2017-01-14 10:30:00,0.58625
2017-01-15 10:30:00,0.4784875
2017-01-16 10:30:00,0.53658754
2017-01-17 10:30:00,0.5620625
2017-01-18 10:30:00,0.512675
2017-01-19 10:30:00,0.50764996
2017-01-20 10:30:00,0.4758625
2017-01-21 10:30:00,0.5413875
2017-01-22 10:30:00,0.486225
2017-01-23 10:30:00,0.4456125
2017-01-24 10:30:00,0.457625
2017-01-25 10:30:00,0.432075
2017-01-26 10:30:00,0.45479998
2017-01-27 10:30:00,0.5805875
2017-01-28 10:30:00,0.49564996
2017-01-29 10:30:00,0.44346252
2017-01-30 10:30:00,0.3782875
2017-01-31 10:30:00,0.3691625
2017-02-01 10:30:00,0.37939999
2017-02-02 10:30:00,0.4365
2017-02-03 10:30:00,0.49206248
2017-02-04 10:30:00,0.4732125
2017-02-05 10:30:00,0.51467496
2017-02-06 10:30:00,0.48474997
2017-02-07 10:30:00,0.51581246
2017-02-08 10:30:00,0.45873746
2017-02-09 10:30:00,0.4477875
2017-02-10 10:30:00,0.427225
2017-02-11 10:30:00,0.3927
2017-02-12 10:30:00,0.4034375
2017-02-13 10:30:00,0.47345
2017-02-14 10:30:00,0.448175
2017-02-15 10:30:00,0.4499375
2017-02-16 10:30:00,0.4088
2017-02-17 10:30:00,0.36740002
2017-02-18 10:30:00,0.3007625
2017-02-19 10:30:00,0.48505
2017-02-20 10:30:00,0.418475
2017-02-21 10:30:00,0.48908746
2017-02-22 10:30:00,0.4294375
2017-02-23 10:30:00,0.448825
2017-02-24 10:30:00,0.5752625
2017-02-25 10:30:00,0.553675
2017-02-26 10:30:00,0.550325
2017-02-27 10:30:00,0.50485
2017-02-28 10:30:00,0.454225
2017-03-01 10:30:00,0.4071875
2017-03-02 10:30:00,0.4481375
2017-03-03 10:30:00,0.5025125
2017-03-04 10:30:00,0.52898747
2017-03-05 10:30:00,0.45671248
2017-03-06 10:30:00,0.44712502
2017-03-07 10:30:00,0.45631248
2017-03-08 10:30:00,0.4625125
2017-03-09 10:30:00,0.48076248
2017-03-10 10:30:00,0.3669875
2017-03-11 10:30:00,0.4493625
2017-03-12 10:30:00,0.3612875
2017-03-13 10:30:00,0.42294997
2017-03-14 10:30:00,0.447
2017-03-15 10:30:00,0.4332125
2017-03-16 10:30:00,0.2824625
2017-03-17 10:30:00,0.399875
2017-03-18 10:30:00,0.32548752
2017-03-19 10:30:00,0.33746248
2017-03-20 10:30:00,0.44002497
2017-03-21 10:30:00,0.36921248
2017-03-22 10:30:00,0.361375
2017-03-23 10:30:00,0.4073875
2017-03-24 10:30:00,0.32928747
2017-03-25 10:30:00,0.3188125
2017-03-26 10:30:00,0.42278752
2017-03-27 10:30:00,0.44748747
2017-03-28 10:30:00,0.40705
2017-03-29 10:30:00,0.46114996
2017-03-30 10:30:00,0.47667497
2017-03-31 10:30:00,0.31981248
2017-04-01 10:30:00,0.3082875
2017-04-02 10:30:00,0.2830875
2017-04-03 10:30:00,0.24402499
2017-04-04 10:30:00,0.2333875
2017-04-05 10:30:00,0.32143748
2017-04-06 10:30:00,0.38175
2017-04-07 10:30:00,0.36959997
2017-04-08 10:30:00,0.2588125
2017-04-09 10:30:00,0.1875125
2017-04-10 10:30:00,0.17268749
2017-04-11 10:30:00,0.19203751
2017-04-12 10:30:00,0.2149625
2017-04-13 10:30:00,0.19642499
2017-04-14 10:30:00,0.2079
2017-04-15 10:30:00,0.15475
2017-04-16 10:30:00,0.238075
2017-04-17 10:30:00,0.4064875
2017-04-18 10:30:00,0.4098
2017-04-19 10:30:00,0.4009125
2017-04-20 10:30:00,0.294025
2017-04-21 10:30:00,0.192075
2017-04-22 10:30:00,0.2775625
2017-04-23 10:30:00,0.37215
2017-04-24 10:30:00,0.55245
2017-04-25 10:30:00,0.5366375
2017-04-26 10:30:00,0.37150002
2017-04-27 10:30:00,0.27531248
2017-04-28 10:30:00,0.21124999
2017-04-29 10:30:00,0.19395
2017-04-30 10:30:00,0.2332125
2017-05-01 10:30:00,0.15932499
2017-05-02 10:30:00,0.180475
2017-05-03 10:30:00,0.3682125
2017-05-04 10:30:00,0.225025
2017-05-05 10:30:00,0.486575
2017-05-06 10:30:00,0.24704999
2017-05-07 10:30:00,0.374
2017-05-08 10:30:00,0.25415
2017-05-09 10:30:00,0.223225
2017-05-10 10:30:00,0.26115
2017-05-11 10:30:00,0.420325
2017-05-12 10:30:00,0.3505625
2017-05-13 10:30:00,0.5103125
2017-05-14 10:30:00,0.5436375
2017-05-15 10:30:00,0.2720125
2017-05-16 10:30:00,0.3098
2017-05-17 10:30:00,0.2882
2017-05-18 10:30:00,0.1175625
2017-05-19 10:30:00,0.2086
2017-05-20 10:30:00,0.4457125
2017-05-21 10:30:00,0.83315
2017-05-22 10:30:00,0.7372
2017-05-23 10:30:00,0.37080002
2017-05-24 10:30:00,0.4874625
2017-05-25 10:30:00,0.34
2017-05-26 10:30:00,0.32506248
2017-05-27 10:30:00,0.2786625
2017-05-28 10:30:00,0.190625
2017-05-29 10:30:00,0.18978749
2017-05-30 10:30:00,0.21087499
2017-05-31 10:30:00,0.2593
2017-06-01 10:30:00,0.3961375
2017-06-02 10:30:00,0.554375
2017-06-03 10:30:00,0.40125
2017-06-04 10:30:00,0.3319625
2017-06-05 10:30:00,0.2519375
2017-06-06 10:30:00,0.54987496
2017-06-07 10:30:00,0.41388747
2017-06-08 10:30:00,0.3040875
2017-06-09 10:30:00,0.2787
2017-06-10 10:30:00,0.3944875
2017-06-11 10:30:00,0.4641625
2017-06-12 10:30:00,0.4305875
2017-06-13 10:30:00,0.252975
2017-06-14 10:30:00,0.21976249
2017-06-15 10:30:00,0.4351875
2017-06-16 10:30:00,0.37201247
2017-06-17 10:30:00,0.4888
2017-06-18 10:30:00,0.42534998
2017-06-19 10:30:00,0.48698747
2017-06-20 10:30:00,0.7198375
2017-06-21 10:30:00,0.709225
2017-06-22 10:30:00,0.44724998
2017-06-23 10:30:00,0.404275
2017-06-24 10:30:00,0.3421
2017-06-25 10:30:00,0.4476125
2017-06-26 10:30:00,0.48561248
2017-06-27 10:30:00,0.45924997
2017-06-28 10:30:00,0.4430125
2017-06-29 10:30:00,0.4985875
2017-06-30 10:30:00,0.547125
2017-07-01 10:30:00,0.5668375
2017-07-02 10:30:00,0.6688375
2017-07-03 10:30:00,0.4795625
2017-07-04 10:30:00,0.39529997
2017-07-05 10:30:00,0.44497502
2017-07-06 10:30:00,0.64089996
2017-07-07 10:30:00,0.6670625
2017-07-08 10:30:00,0.753525
2017-07-09 10:30:00,0.6132375
2017-07-10 10:30:00,0.66425
2017-07-11 10:30:00,0.4920125
2017-07-12 10:30:00,0.46621248
2017-07-13 10:30:00,0.37741247
2017-07-14 10:30:00,0.37114996
2017-07-15 10:30:00,0.4629
2017-07-16 10:30:00,0.41404998
2017-07-17 10:30:00,0.43896246
2017-07-18 10:30:00,0.3837625
2017-07-19 10:30:00,0.4458375
2017-07-20 10:30:00,0.7793625
2017-07-21 10:30:00,0.56839997
2017-07-22 10:30:00,0.525325
2017-07-23 10:30:00,0.4884375
2017-07-24 10:30:00,0.39284998
2017-07-25 10:30:00,0.32337502
2017-07-26 10:30:00,0.8279374
2017-07-27 10:30:00,0.65265
2017-07-28 10:30:00,0.531125
2017-07-29 10:30:00,0.53865
2017-07-30 10:30:00,0.744
2017-07-31 10:30:00,0.6537
2017-08-01 10:30:00,0.835575
2017-08-02 10:30:00,0.75097495
2017-08-03 10:30:00,0.8222125
2017-08-04 10:30:00,0.74764997
2017-08-05 10:30:00,0.72408754
2017-08-06 10:30:00,0.77951247
2017-08-07 10:30:00,0.76966244
2017-08-08 10:30:00,0.74471253
2017-08-09 10:30:00,0.8423375
2017-08-10 10:30:00,0.75347495
2017-08-11 10:30:00,0.82708746
2017-08-12 10:30:00,0.793875
2017-08-13 10:30:00,0.82395005
2017-08-14 10:30:00,0.8004
2017-08-15 10:30:00,0.8276
2017-08-16 10:30:00,0.8394125
2017-08-17 10:30:00,0.8004125
2017-08-18 10:30:00,0.7773375
2017-08-19 10:30:00,0.7524625
2017-08-20 10:30:00,0.74632496
2017-08-21 10:30:00,0.6118875
2017-08-22 10:30:00,0.56834996
2017-08-23 10:30:00,0.55915
2017-08-24 10:30:00,0.44142497
2017-08-25 10:30:00,0.436525
2017-08-26 10:30:00,0.54605
2017-08-27 10:30:00,0.4855625
2017-08-28 10:30:00,0.32349998
2017-08-29 10:30:00,0.3031875
2017-08-30 10:30:00,0.44431245
2017-08-31 10:30:00,0.47052497
2017-09-01 10:30:00,0.5973875
2017-09-02 10:30:00,0.61044997
2017-09-03 10:30:00,0.92661244
2017-09-04 10:30:00,0.606025
2017-09-05 10:30:00,0.63932496
2017-09-06 10:30:00,0.494925
2017-09-07 10:30:00,0.4735625
2017-09-08 10:30:00,0.5683625
2017-09-09 10:30:00,0.5804
2017-09-10 10:30:00,0.67052495
2017-09-11 10:30:00,0.35145
2017-09-12 10:30:00,0.5335125
2017-09-13 10:30:00,0.55233747
2017-09-14 10:30:00,0.6060375
2017-09-15 10:30:00,0.8174499
2017-09-16 10:30:00,0.69738746
2017-09-17 10:30:00,0.6770875
2017-09-18 10:30:00,0.5705375
2017-09-19 10:30:00,0.60706246
2017-09-20 10:30:00,0.5705625
2017-09-21 10:30:00,0.44627497
2017-09-22 10:30:00,0.38555
2017-09-23 10:30:00,0.3175
2017-09-24 10:30:00,0.41442502
2017-09-25 10:30:00,0.5254
2017-09-26 10:30:00,0.35474998
2017-09-27 10:30:00,0.29942498
2017-09-28 10:30:00,0.32007498
2017-09-29 10:30:00,0.3259625
2017-09-30 10:30:00,0.29611248
2017-10-01 10:30:00,0.3049
2017-10-02 10:30:00,0.283175
2017-10-03 10:30:00,0.327075
2017-10-04 10:30:00,0.29604998
2017-10-05 10:30:00,0.376925
2017-10-06 10:30:00,0.419025
2017-10-07 10:30:00,0.52525
2017-10-08 10:30:00,0.79332495
2017-10-09 10:30:00,0.6641625
2017-10-10 10:30:00,0.48927498
2017-10-11 10:30:00,0.54580003
2017-10-12 10:30:00,0.498725
2017-10-13 10:30:00,0.421425
2017-10-14 10:30:00,0.3819625
2017-10-15 10:30:00,0.47152498
2017-10-16 10:30:00,0.3245125
2017-10-17 10:30:00,0.30952498
2017-10-18 10:30:00,0.29935
2017-10-19 10:30:00,0.3718
2017-10-20 10:30:00,0.40739998
2017-10-21 10:30:00,0.3662375
2017-10-22 10:30:00,0.32564998
2017-10-23 10:30:00,0.3868625
2017-10-24 10:30:00,0.3840625
2017-10-25 10:30:00,0.34857503
2017-10-26 10:30:00,0.3961125
2017-10-27 10:30:00,0.47427496
2017-10-28 10:30:00,0.4039
2017-10-29 10:30:00,0.36486247
2017-10-30 10:30:00,0.2461625
2017-10-31 10:30:00,0.2984625
2017-11-01 10:30:00,0.393625
2017-11-02 10:30:00,0.4114125
2017-11-03 10:30:00,0.37011248
2017-11-04 10:30:00,0.3178625
2017-11-05 10:30:00,0.2998375
2017-11-06 10:30:00,0.48663747
2017-11-07 10:30:00,0.65595
2017-11-08 10:30:00,0.604775
2017-11-09 10:30:00,0.603
2017-11-10 10:30:00,0.49936247
2017-11-11 10:30:00,0.424125
2017-11-12 10:30:00,0.44897497
2017-11-13 10:30:00,0.45979998
2017-11-14 10:30:00,0.4610625
2017-11-15 10:30:00,0.44555
2017-11-16 10:30:00,0.39178747
2017-11-17 10:30:00,0.431125
2017-11-18 10:30:00,0.47088748
2017-11-19 10:30:00,0.5098625
2017-11-20 10:30:00,0.5556375
2017-11-21 10:30:00,0.45685
2017-11-22 10:30:00,0.5049
2017-11-23 10:30:00,0.4112125
2017-11-24 10:30:00,0.4928875
2017-11-25 10:30:00,0.5046125
2017-11-26 10:30:00,0.4048375
2017-11-27 10:30:00,0.38607502
2017-11-28 10:30:00,0.34611252
2017-11-29 10:30:00,0.344925
2017-11-30 10:30:00,0.4644625
2017-12-01 10:30:00,0.5019125
2017-12-02 10:30:00,0.561675
2017-12-03 10:30:00,0.4838
2017-12-04 10:30:00,0.51111245
2017-12-05 10:30:00,0.6594625
2017-12-06 10:30:00,0.6142375
2017-12-07 10:30:00,0.462125
2017-12-08 10:30:00,0.5872
2017-12-09 10:30:00,0.584775
2017-12-10 10:30:00,0.457775
2017-12-11 10:30:00,0.43535
2017-12-12 10:30:00,0.40305
2017-12-13 10:30:00,0.37965
2017-12-14 10:30:00,0.41513747
2017-12-15 10:30:00,0.482225
2017-12-16 10:30:00,0.45238748
2017-12-17 10:30:00,0.5213375
2017-12-18 10:30:00,0.44697502
2017-12-19 10:30:00,0.547575
2017-12-20 10:30:00,0.5410625
2017-12-21 10:30:00,0.4639375
2017-12-22 10:30:00,0.4440125
2017-12-23 10:30:00,0.440525
2017-12-24 10:30:00,0.5211
2017-12-25 10:30:00,0.47952497
2017-12-26 10:30:00,0.36654997
2017-12-27 10:30:00,0.374025
2017-12-28 10:30:00,0.5031
2017-12-29 10:30:00,0.45662498
2017-12-30 10:30:00,0.56366247
2017-12-31 10:30:00,0.5615625
2018-01-01 10:30:00,0.48003748
2018-01-02 10:30:00,0.52285
2018-01-03 10:30:00,0.4862
2018-01-04 10:30:00,0.4059
2018-01-05 10:30:00,0.5060125
2018-01-06 10:30:00,0.44535
2018-01-07 10:30:00,0.472475
2018-01-08 10:30:00,0.5789125
2018-01-09 10:30:00,0.474475
2018-01-10 10:30:00,0.36159998
2018-01-11 10:30:00,0.38459998
2018-01-12 10:30:00,0.5586375
2018-01-13 10:30:00,0.56885
2018-01-14 10:30:00,0.4921625
2018-01-15 10:30:00,0.58095
2018-01-16 10:30:00,0.67855
2018-01-17 10:30:00,0.62845
2018-01-18 10:30:00,0.565375
2018-01-19 10:30:00,0.4228125
2018-01-20 10:30:00,0.41807497
2018-01-21 10:30:00,0.4020875
2018-01-22 10:30:00,0.40259996
2018-01-23 10:30:00,0.4153625
2018-01-24 10:30:00,0.43412498
2018-01-25 10:30:00,0.39349997
2018-01-26 10:30:00,0.387475
2018-01-27 10:30:00,0.39193746
2018-01-28 10:30:00,0.4414125
2018-01-29 10:30:00,0.505975
2018-01-30 10:30:00,0.48823747
2018-01-31 10:30:00,0.4995
2018-02-01 10:30:00,0.4812125
2018-02-02 10:30:00,0.4855625
2018-02-03 10:30:00,0.45659998
2018-02-04 10:30:00,0.47111252
2018-02-05 10:30:00,0.42482498
2018-02-06 10:30:00,0.4043875
2018-02-07 10:30:00,0.45853752
2018-02-08 10:30:00,0.3800875
2018-02-09 10:30:00,0.41562498
2018-02-10 10:30:00,0.3945375
2018-02-11 10:30:00,0.41916248
2018-02-12 10:30:00,0.40386248
2018-02-13 10:30:00,0.481175
2018-02-14 10:30:00,0.4257875
2018-02-15 10:30:00,0.4287875
2018-02-16 10:30:00,0.34873748
2018-02-17 10:30:00,0.32686248
2018-02-18 10:30:00,0.36089998
2018-02-19 10:30:00,0.40545002
2018-02-20 10:30:00,0.43693748
2018-02-21 10:30:00,0.5071125
2018-02-22 10:30:00,0.51535
2018-02-23 10:30:00,0.4055375
2018-02-24 10:30:00,0.37302497
2018-02-25 10:30:00,0.4332875
2018-02-26 10:30:00,0.6766625
2018-02-27 10:30:00,0.563425
2018-02-28 10:30:00,0.664525
2018-03-01 10:30:00,0.4710375
2018-03-02 10:30:00,0.4194625
2018-03-03 10:30:00,0.5575375
2018-03-04 10:30:00,0.38307497
2018-03-05 10:30:00,0.3698125
2018-03-06 10:30:00,0.3281625
2018-03-07 10:30:00,0.4756625
2018-03-08 10:30:00,0.42974997
2018-03-09 10:30:00,0.50825
2018-03-10 10:30:00,0.573075
2018-03-11 10:30:00,0.4746125
2018-03-12 10:30:00,0.52577496
2018-03-13 10:30:00,0.56908745
2018-03-14 10:30:00,0.659375
2018-03-15 10:30:00,0.3598875
2018-03-16 10:30:00,0.294575
2018-03-17 10:30:00,0.3447625
2018-03-18 10:30:00,0.35584998
2018-03-19 10:30:00,0.31965
2018-03-20 10:30:00,0.3232125
2018-03-21 10:30:00,0.2900875
2018-03-22 10:30:00,0.29218748
2018-03-23 10:30:00,0.2869625
2018-03-24 10:30:00,0.2271375
2018-03-25 10:30:00,0.2377
2018-03-26 10:30:00,0.2347125
2018-03-27 10:30:00,0.2841
2018-03-28 10:30:00,0.25015
2018-03-29 10:30:00,0.23237498
2018-03-30 10:30:00,0.5563
2018-03-31 10:30:00,0.581575
2018-04-01 10:30:00,0.2843125
2018-04-02 10:30:00,0.1928875
2018-04-03 10:30:00,0.18377501
2018-04-04 10:30:00,0.14413749
2018-04-05 10:30:00,0.408325
2018-04-06 10:30:00,0.24376251
2018-04-07 10:30:00,0.206525
2018-04-08 10:30:00,0.2498125
2018-04-09 10:30:00,0.27855
2018-04-10 10:30:00,0.42314997
2018-04-11 10:30:00,0.22744998
2018-04-12 10:30:00,0.223525
2018-04-13 10:30:00,0.6392625
2018-04-14 10:30:00,0.75443745
2018-04-15 10:30:00,0.3102
2018-04-16 10:30:00,0.14587499
2018-04-17 10:30:00,0.2792
2018-04-18 10:30:00,0.44358748
2018-04-19 10:30:00,0.3673625
2018-04-20 10:30:00,0.68093747
2018-04-21 10:30:00,0.55855
2018-04-22 10:30:00,0.39188752
2018-04-23 10:30:00,0.37615
2018-04-24 10:30:00,0.2733875
2018-04-25 10:30:00,0.22569999
2018-04-26 10:30:00,0.2967125
2018-04-27 10:30:00,0.18735
2018-04-28 10:30:00,0.3373125
2018-04-29 10:30:00,0.3640625
2018-04-30 10:30:00,0.41505
2018-05-01 10:30:00,0.46194997
2018-05-02 10:30:00,0.35936248
2018-05-03 10:30:00,0.22665
2018-05-04 10:30:00,0.2131875
2018-05-05 10:30:00,0.157675
2018-05-06 10:30:00,0.258525
2018-05-07 10:30:00,0.39919996
2018-05-08 10:30:00,0.3705375
2018-05-09 10:30:00,0.2462125
2018-05-10 10:30:00,0.34967497
2018-05-11 10:30:00,0.35708752
2018-05-12 10:30:00,0.3217375
2018-05-13 10:30:00,0.4563
2018-05-14 10:30:00,0.25075
2018-05-15 10:30:00,0.5723875
2018-05-16 10:30:00,0.6135875
2018-05-17 10:30:00,0.41663748
2018-05-18 10:30:00,0.3231
2018-05-19 10:30:00,0.22962499
2018-05-20 10:30:00,0.5017375
2018-05-21 10:30:00,0.51682496
2018-05-22 10:30:00,0.64154994
2018-05-23 10:30:00,0.41666248
2018-05-24 10:30:00,0.459575
2018-05-25 10:30:00,0.3626625
2018-05-26 10:30:00,0.494525
2018-05-27 10:30:00,0.6087
2018-05-28 10:30:00,0.8126
2018-05-29 10:30:00,0.8597125
2018-05-30 10:30:00,0.548
2018-05-31 10:30:00,0.39689997
2018-06-01 10:30:00,0.21594998
2018-06-02 10:30:00,0.18733749
2018-06-03 10:30:00,0.34957498
2018-06-04 10:30:00,0.5213625
2018-06-05 10:30:00,0.43010002
2018-06-06 10:30:00,0.491325
2018-06-07 10:30:00,0.57675
2018-06-08 10:30:00,0.43496248
2018-06-09 10:30:00,0.51765
2018-06-10 10:30:00,0.5253625
2018-06-11 10:30:00,0.65695
2018-06-12 10:30:00,0.74323744
2018-06-13 10:30:00,0.7212375
2018-06-14 10:30:00,0.7106125
2018-06-15 10:30:00,0.74651253
2018-06-16 10:30:00,0.5527375
2018-06-17 10:30:00,0.5173375
2018-06-18 10:30:00,0.6956
2018-06-19 10:30:00,0.43406248
2018-06-20 10:30:00,0.486475
2018-06-21 10:30:00,0.4009875
2018-06-22 10:30:00,0.4486625
2018-06-23 10:30:00,0.46675
2018-06-24 10:30:00,0.65036255
2018-06-25 10:30:00,0.818775
2018-06-26 10:30:00,0.6814
2018-06-27 10:30:00,0.6983875
2018-06-28 10:30:00,0.4944625
2018-06-29 10:30:00,0.391175
2018-06-30 10:30:00,0.51546246
2018-07-01 10:30:00,0.524975
2018-07-02 10:30:00,0.5514125
2018-07-03 10:30:00,0.74160004
2018-07-04 10:30:00,0.89278746
2018-07-05 10:30:00,0.8132875
2018-07-06 10:30:00,0.7895375
2018-07-07 10:30:00,0.89455
2018-07-08 10:30:00,0.70208746
2018-07-09 10:30:00,0.59328747
2018-07-10 10:30:00,0.8182875
2018-07-11 10:30:00,0.9118125
2018-07-12 10:30:00,0.67485
2018-07-13 10:30:00,0.56984997
2018-07-14 10:30:00,0.5566875
2018-07-15 10:30:00,0.55202496
2018-07-16 10:30:00,0.89827496
2018-07-17 10:30:00,0.8807374
2018-07-18 10:30:00,0.783325
2018-07-19 10:30:00,0.71775
2018-07-20 10:30:00,0.89419997
2018-07-21 10:30:00,0.864975
2018-07-22 10:30:00,0.68805
2018-07-23 10:30:00,0.6458
2018-07-24 10:30:00,0.8433874
2018-07-25 10:30:00,0.828375
2018-07-26 10:30:00,0.7784375
2018-07-27 10:30:00,0.807225
2018-07-28 10:30:00,0.7644375
2018-07-29 10:30:00,0.67135
2018-07-30 10:30:00,0.8243249
2018-07-31 10:30:00,0.5607
2018-08-01 10:30:00,0.6371125
2018-08-02 10:30:00,0.7067125
2018-08-03 10:30:00,0.6921
2018-08-04 10:30:00,0.837125
2018-08-05 10:30:00,0.73265
2018-08-06 10:30:00,0.87113744
2018-08-07 10:30:00,0.8783125
2018-08-08 10:30:00,0.64746255
2018-08-09 10:30:00,0.5893875
2018-08-10 10:30:00,0.5821875
2018-08-11 10:30:00,0.7451124
2018-08-12 10:30:00,0.89004993
2018-08-13 10:30:00,0.929025
2018-08-14 10:30:00,0.92513746
2018-08-15 10:30:00,0.80073744
2018-08-16 10:30:00,0.731525
2018-08-17 10:30:00,0.7052125
2018-08-18 10:30:00,0.59915
2018-08-19 10:30:00,0.620525
2018-08-20 10:30:00,0.68184996
2018-08-21 10:30:00,0.5191125
2018-08-22 10:30:00,0.584975
2018-08-23 10:30:00,0.67065
2018-08-24 10:30:00,0.6909625
2018-08-25 10:30:00,0.85833746
2018-08-26 10:30:00,0.71657497
2018-08-27 10:30:00,0.77379996
2018-08-28 10:30:00,0.9365
2018-08-29 10:30:00,0.8142
2018-08-30 10:30:00,0.82483745
2018-08-31 10:30:00,0.6870875
2018-09-01 10:30:00,0.7171125
2018-09-02 10:30:00,0.7540875
2018-09-03 10:30:00,0.64051247
2018-09-04 10:30:00,0.5895375
2018-09-05 10:30:00,0.656825
2018-09-06 10:30:00,0.47498748
2018-09-07 10:30:00,0.60394996
2018-09-08 10:30:00,0.5138125
2018-09-09 10:30:00,0.649125
2018-09-10 10:30:00,0.64665
2018-09-11 10:30:00,0.6445375
2018-09-12 10:30:00,0.5155
2018-09-13 10:30:00,0.48541248
2018-09-14 10:30:00,0.6133375
2018-09-15 10:30:00,0.44307503
2018-09-16 10:30:00,0.453275
2018-09-17 10:30:00,0.49034998
2018-09-18 10:30:00,0.554625
2018-09-19 10:30:00,0.5576625
2018-09-20 10:30:00,0.37771252
2018-09-21 10:30:00,0.5597875
2018-09-22 10:30:00,0.7068125
2018-09-23 10:30:00,0.6258375
2018-09-24 10:30:00,0.50427496
2018-09-25 10:30:00,0.47431245
2018-09-26 10:30:00,0.4790125
2018-09-27 10:30:00,0.4986
2018-09-28 10:30:00,0.65099996
2018-09-29 10:30:00,0.72671247
2018-09-30 10:30:00,0.9244999
2018-10-01 10:30:00,0.5045125
2018-10-02 10:30:00,0.55952495
2018-10-03 10:30:00,0.61922497
2018-10-04 10:30:00,0.54099995
2018-10-05 10:30:00,0.314275
2018-10-06 10:30:00,0.398625
2018-10-07 10:30:00,0.52155
2018-10-08 10:30:00,0.5092375
2018-10-09 10:30:00,0.557625
2018-10-10 10:30:00,0.5531875
2018-10-11 10:30:00,0.46522498
2018-10-12 10:30:00,0.42384997
2018-10-13 10:30:00,0.33443752
2018-10-14 10:30:00,0.4257875
2018-10-15 10:30:00,0.34086248
2018-10-16 10:30:00,0.36034998
2018-10-17 10:30:00,0.4084375
2018-10-18 10:30:00,0.291
2018-10-19 10:30:00,0.324075
2018-10-20 10:30:00,0.2335625
2018-10-21 10:30:00,0.45236248
2018-10-22 10:30:00,0.35943747
2018-10-23 10:30:00,0.505175
2018-10-24 10:30:00,0.418175
2018-10-25 10:30:00,0.7231749
2018-10-26 10:30:00,0.5589875
2018-10-27 10:30:00,0.39851248
2018-10-28 10:30:00,0.4065375
2018-10-29 10:30:00,0.5040375
2018-10-30 10:30:00,0.501725
2018-10-31 10:30:00,0.41268748
2018-11-01 10:30:00,0.500875
2018-11-02 10:30:00,0.36609998
2018-11-03 10:30:00,0.611475
2018-11-04 10:30:00,0.419975
2018-11-05 10:30:00,0.47057498
2018-11-06 10:30:00,0.4167625
2018-11-07 10:30:00,0.4295375
2018-11-08 10:30:00,0.562075
2018-11-09 10:30:00,0.50105
2018-11-10 10:30:00,0.36965
2018-11-11 10:30:00,0.5495
2018-11-12 10:30:00,0.609075
2018-11-13 10:30:00,0.55807495
2018-11-14 10:30:00,0.515275
2018-11-15 10:30:00,0.33785
2018-11-16 10:30:00,0.333975
2018-11-17 10:30:00,0.41318747
2018-11-18 10:30:00,0.46675
2018-11-19 10:30:00,0.45428747
2018-11-20 10:30:00,0.396725
2018-11-21 10:30:00,0.32209998
2018-11-22 10:30:00,0.4452875
2018-11-23 10:30:00,0.36819997
2018-11-24 10:30:00,0.3445875
2018-11-25 10:30:00,0.35033748
2018-11-26 10:30:00,0.262
2018-11-27 10:30:00,0.26762497
2018-11-28 10:30:00,0.3592125
2018-11-29 10:30:00,0.36603752
2018-11-30 10:30:00,0.38744998
2018-12-01 10:30:00,0.34686247
2018-12-02 10:30:00,0.332675
2018-12-03 10:30:00,0.306625
2018-12-04 10:30:00,0.32598752
2018-12-05 10:30:00,0.3361875
2018-12-06 10:30:00,0.3678375
2018-12-07 10:30:00,0.34861246
2018-12-08 10:30:00,0.32375
2018-12-09 10:30:00,0.43417498
2018-12-10 10:30:00,0.5016625
2018-12-11 10:30:00,0.451175
2018-12-12 10:30:00,0.531625
2018-12-13 10:30:00,0.48559996
2018-12-14 10:30:00,0.48838753
2018-12-15 10:30:00,0.4034875
2018-12-16 10:30:00,0.44555
2018-12-17 10:30:00,0.49124998
2018-12-18 10:30:00,0.5191125
2018-12-19 10:30:00,0.5092875
2018-12-20 10:30:00,0.6283
2018-12-21 10:30:00,0.5898
2018-12-22 10:30:00,0.3831625
2018-12-23 10:30:00,0.33603752
2018-12-24 10:30:00,0.37541252
2018-12-25 10:30:00,0.30423748
2018-12-26 10:30:00,0.34561247
2018-12-27 10:30:00,0.35793748
2018-12-28 10:30:00,0.3768375
2018-12-29 10:30:00,0.384375
2018-12-30 10:30:00,0.42799997
2018-12-31 10:30:00,0.3737875
2019-01-01 10:30:00,0.39982498
2019-01-02 10:30:00,0.387025
2019-01-03 10:30:00,0.42839998
2019-01-04 10:30:00,0.38733748
2019-01-05 10:30:00,0.3765625
2019-01-06 10:30:00,0.3709375
2019-01-07 10:30:00,0.41422498
2019-01-08 10:30:00,0.3053875
2019-01-09 10:30:00,0.2598
2019-01-10 10:30:00,0.43439996
2019-01-11 10:30:00,0.5589
2019-01-12 10:30:00,0.555075
2019-01-13 10:30:00,0.5273
2019-01-14 10:30:00,0.42072502
2019-01-15 10:30:00,0.3139375
2019-01-16 10:30:00,0.43264997
2019-01-17 10:30:00,0.5031625
2019-01-18 10:30:00,0.419725
2019-01-19 10:30:00,0.43525
2019-01-20 10:30:00,0.2954375
2019-01-21 10:30:00,0.32993752
2019-01-22 10:30:00,0.4038375
2019-01-23 10:30:00,0.31507498
2019-01-24 10:30:00,0.37838748
2019-01-25 10:30:00,0.38285
2019-01-26 10:30:00,0.3172375
2019-01-27 10:30:00,0.434075
2019-01-28 10:30:00,0.352975
2019-01-29 10:30:00,0.32345
2019-01-30 10:30:00,0.30348748
2019-01-31 10:30:00,0.2805125
2019-02-01 10:30:00,0.213325
2019-02-02 10:30:00,0.33569998
2019-02-03 10:30:00,0.3346625
2019-02-04 10:30:00,0.35865
2019-02-05 10:30:00,0.2987375
2019-02-06 10:30:00,0.30354998
2019-02-07 10:30:00,0.277275
2019-02-08 10:30:00,0.31661248
2019-02-09 10:30:00,0.33831248
2019-02-10 10:30:00,0.32358748
2019-02-11 10:30:00,0.32927498
2019-02-12 10:30:00,0.282325
2019-02-13 10:30:00,0.2667375
2019-02-14 10:30:00,0.35082498
2019-02-15 10:30:00,0.2819625
2019-02-16 10:30:00,0.2964875
2019-02-17 10:30:00,0.23719999
2019-02-18 10:30:00,0.22084999
2019-02-19 10:30:00,0.3630375
2019-02-20 10:30:00,0.2504375
2019-02-21 10:30:00,0.25325
2019-02-22 10:30:00,0.3407
2019-02-23 10:30:00,0.25614998
2019-02-24 10:30:00,0.28599998
2019-02-25 10:30:00,0.3857
2019-02-26 10:30:00,0.32631248
2019-02-27 10:30:00,0.36537498
2019-02-28 10:30:00,0.31539997
2019-03-01 10:30:00,0.266
2019-03-02 10:30:00,0.2604
2019-03-03 10:30:00,0.38202497
2019-03-04 10:30:00,0.24567498
2019-03-05 10:30:00,0.395125
2019-03-06 10:30:00,0.3362625
2019-03-07 10:30:00,0.2114125
2019-03-08 10:30:00,0.13225
2019-03-09 10:30:00,0.2263125
2019-03-10 10:30:00,0.17355
2019-03-11 10:30:00,0.24052499
2019-03-12 10:30:00,0.2318
2019-03-13 10:30:00,0.31597498
2019-03-14 10:30:00,0.33755
2019-03-15 10:30:00,0.39008752
2019-03-16 10:30:00,0.5026375
2019-03-17 10:30:00,0.2430375
2019-03-18 10:30:00,0.21951249
2019-03-19 10:30:00,0.25845
2019-03-20 10:30:00,0.5969625
2019-03-21 10:30:00,0.3267125
2019-03-22 10:30:00,0.305925
2019-03-23 10:30:00,0.28144997
2019-03-24 10:30:00,0.23991248
2019-03-25 10:30:00,0.1113875
2019-03-26 10:30:00,0.2462375
2019-03-27 10:30:00,0.14298749
2019-03-28 10:30:00,0.19899999
2019-03-29 10:30:00,0.3293375
2019-03-30 10:30:00,0.2267625
2019-03-31 10:30:00,0.1986125
2019-04-01 10:30:00,0.17842498
2019-04-02 10:30:00,0.15216249
2019-04-03 10:30:00,0.1578375
2019-04-04 10:30:00,0.31055
2019-04-05 10:30:00,0.2112625
2019-04-06 10:30:00,0.29091248
2019-04-07 10:30:00,0.30763748
2019-04-08 10:30:00,0.34177497
2019-04-09 10:30:00,0.2108375
2019-04-10 10:30:00,0.144575
2019-04-11 10:30:00,0.1566875
2019-04-12 10:30:00,0.105275
2019-04-13 10:30:00,0.22182499
2019-04-14 10:30:00,0.2156625
2019-04-15 10:30:00,0.0761625
2019-04-16 10:30:00,0.0799
2019-04-17 10:30:00,0.39564997
2019-04-18 10:30:00,0.16524999
2019-04-19 10:30:00,0.120375
2019-04-20 10:30:00,0.11885
2019-04-21 10:30:00,0.104724996
2019-04-22 10:30:00,0.1626625
2019-04-23 10:30:00,0.119362496
2019-04-24 10:30:00,0.152
2019-04-25 10:30:00,0.17321248
2019-04-26 10:30:00,0.106512494
2019-04-27 10:30:00,0.0813125
2019-04-28 10:30:00,0.273625
2019-04-29 10:30:00,0.35095
2019-04-30 10:30:00,0.19098748
2019-05-01 10:30:00,0.1678375
2019-05-02 10:30:00,0.2150625
2019-05-03 10:30:00,0.1395375
2019-05-04 10:30:00,0.451525
2019-05-05 10:30:00,0.24788749
2019-05-06 10:30:00,0.15245
2019-05-07 10:30:00,0.157325
2019-05-08 10:30:00,0.1957875
2019-05-09 10:30:00,0.21887499
2019-05-10 10:30:00,0.278475
2019-05-11 10:30:00,0.35009998
2019-05-12 10:30:00,0.58692497
2019-05-13 10:30:00,0.70338744
2019-05-14 10:30:00,0.540275
2019-05-15 10:30:00,0.3727375
2019-05-16 10:30:00,0.233925
2019-05-17 10:30:00,0.2830625
2019-05-18 10:30:00,0.2962375
2019-05-19 10:30:00,0.89902496
2019-05-20 10:30:00,0.361225
2019-05-21 10:30:00,0.4404875
2019-05-22 10:30:00,0.3055875
2019-05-23 10:30:00,0.41146252
2019-05-24 10:30:00,0.3205625
2019-05-25 10:30:00,0.50822496
2019-05-26 10:30:00,0.709075
2019-05-27 10:30:00,0.29725
2019-05-28 10:30:00,0.2015125
2019-05-29 10:30:00,0.2413125
2019-05-30 10:30:00,0.466575
2019-05-31 10:30:00,0.507625
2019-06-01 10:30:00,0.4423125
2019-06-02 10:30:00,0.561375
2019-06-03 10:30:00,0.52287495
2019-06-04 10:30:00,0.48494998
2019-06-05 10:30:00,0.3271125
2019-06-06 10:30:00,0.56579995
2019-06-07 10:30:00,0.77176243
2019-06-08 10:30:00,0.84278744
2019-06-09 10:30:00,0.80551255
2019-06-10 10:30:00,0.7162
2019-06-11 10:30:00,0.65628755
2019-06-12 10:30:00,0.6253625
2019-06-13 10:30:00,0.39389998
2019-06-14 10:30:00,0.584625
2019-06-15 10:30:00,0.54695
2019-06-16 10:30:00,0.49911246
2019-06-17 10:30:00,0.38993752
2019-06-18 10:30:00,0.4754375
2019-06-19 10:30:00,0.3968125
2019-06-20 10:30:00,0.5541
2019-06-21 10:30:00,0.45849997
2019-06-22 10:30:00,0.4763125
2019-06-23 10:30:00,0.4363
2019-06-24 10:30:00,0.36099997
2019-06-25 10:30:00,0.81948745
2019-06-26 10:30:00,0.7065125
2019-06-27 10:30:00,0.7538
2019-06-28 10:30:00,0.80461246
2019-06-29 10:30:00,0.7642625
2019-06-30 10:30:00,0.79225
2019-07-01 10:30:00,0.52419996
2019-07-02 10:30:00,0.5636875
2019-07-03 10:30:00,0.62125
2019-07-04 10:30:00,0.53424996
2019-07-05 10:30:00,0.8302125
2019-07-06 10:30:00,0.8486375
2019-07-07 10:30:00,0.707525
2019-07-08 10:30:00,0.70566255
2019-07-09 10:30:00,0.73781246
2019-07-10 10:30:00,0.7407875
2019-07-11 10:30:00,0.7828125
2019-07-12 10:30:00,0.7760375
2019-07-13 10:30:00,0.795175
2019-07-14 10:30:00,0.73072493
2019-07-15 10:30:00,0.712725
2019-07-16 10:30:00,0.726075
2019-07-17 10:30:00,0.69525
2019-07-18 10:30:00,0.6487875
2019-07-19 10:30:00,0.68355
2019-07-20 10:30:00,0.8314375
2019-07-21 10:30:00,0.60024995
2019-07-22 10:30:00,0.6114
2019-07-23 10:30:00,0.8813875
2019-07-24 10:30:00,0.81275
2019-07-25 10:30:00,0.78148746
2019-07-26 10:30:00,0.67129993
2019-07-27 10:30:00,0.8785
2019-07-28 10:30:00,0.6771375
2019-07-29 10:30:00,0.630125
2019-07-30 10:30:00,0.72305
2019-07-31 10:30:00,0.59526247
2019-08-01 10:30:00,0.58818746
2019-08-02 10:30:00,0.60025
2019-08-03 10:30:00,0.6100375
2019-08-04 10:30:00,0.56474996
2019-08-05 10:30:00,0.7043875
2019-08-06 10:30:00,0.9013125
2019-08-07 10:30:00,0.8067
2019-08-08 10:30:00,0.87885
2019-08-09 10:30:00,0.84997493
2019-08-10 10:30:00,0.8945125
2019-08-11 10:30:00,0.8433125
2019-08-12 10:30:00,0.8260375
2019-08-13 10:30:00,0.7630375
2019-08-14 10:30:00,0.6469875
2019-08-15 10:30:00,0.67631245
2019-08-16 10:30:00,0.71765
2019-08-17 10:30:00,0.7029374
2019-08-18 10:30:00,0.73956245
2019-08-19 10:30:00,0.7208125
2019-08-20 10:30:00,0.7732499
2019-08-21 10:30:00,0.5739
2019-08-22 10:30:00,0.74761254
2019-08-23 10:30:00,0.81153744
2019-08-24 10:30:00,0.7713125
2019-08-25 10:30:00,0.795875
2019-08-26 10:30:00,0.8576625
2019-08-27 10:30:00,0.65709996
2019-08-28 10:30:00,0.77006245
2019-08-29 10:30:00,0.748075
2019-08-30 10:30:00,0.6271875
2019-08-31 10:30:00,0.653525
2019-09-01 10:30:00,0.5830375
2019-09-02 10:30:00,0.7130749
2019-09-03 10:30:00,0.69426244
2019-09-04 10:30:00,0.5865
2019-09-05 10:30:00,0.6048875
2019-09-06 10:30:00,0.70927495
2019-09-07 10:30:00,0.75605
2019-09-08 10:30:00,0.54185
2019-09-09 10:30:00,0.4838
2019-09-10 10:30:00,0.5653
2019-09-11 10:30:00,0.52215
2019-09-12 10:30:00,0.46675
2019-09-13 10:30:00,0.61061245
2019-09-14 10:30:00,0.45848745
2019-09-15 10:30:00,0.38393748
2019-09-16 10:30:00,0.405475
2019-09-17 10:30:00,0.3872375
2019-09-18 10:30:00,0.34485
2019-09-19 10:30:00,0.52314997
2019-09-20 10:30:00,0.5504625
2019-09-21 10:30:00,0.47035
2019-09-22 10:30:00,0.4492375
2019-09-23 10:30:00,0.3173625
2019-09-24 10:30:00,0.34201247
2019-09-25 10:30:00,0.394
2019-09-26 10:30:00,0.3532
2019-09-27 10:30:00,0.321375
2019-09-28 10:30:00,0.3062625
2019-09-29 10:30:00,0.41033748
2019-09-30 10:30:00,0.4503625
2019-10-01 10:30:00,0.41545
2019-10-02 10:30:00,0.64345
2019-10-03 10:30:00,0.7693875
2019-10-04 10:30:00,0.43908748
2019-10-05 10:30:00,0.509225
2019-10-06 10:30:00,0.37281248
2019-10-07 10:30:00,0.38555
2019-10-08 10:30:00,0.479775
2019-10-09 10:30:00,0.34186247
2019-10-10 10:30:00,0.32514998
2019-10-11 10:30:00,0.293125
2019-10-12 10:30:00,0.3027125
2019-10-13 10:30:00,0.28532502
2019-10-14 10:30:00,0.2983125
2019-10-15 10:30:00,0.22165
2019-10-16 10:30:00,0.3999875
2019-10-17 10:30:00,0.330675
2019-10-18 10:30:00,0.44375
2019-10-19 10:30:00,0.5646
2019-10-20 10:30:00,0.46381247
2019-10-21 10:30:00,0.316125
2019-10-22 10:30:00,0.3948375
2019-10-23 10:30:00,0.416575
2019-10-24 10:30:00,0.75137496
2019-10-25 10:30:00,0.582125
2019-10-26 10:30:00,0.63261247
2019-10-27 10:30:00,0.55892503
2019-10-28 10:30:00,0.49816248
2019-10-29 10:30:00,0.425975
2019-10-30 10:30:00,0.367275
2019-10-31 10:30:00,0.2835625
2019-11-01 10:30:00,0.3035875
2019-11-02 10:30:00,0.45491248
2019-11-03 10:30:00,0.42474997
2019-11-04 10:30:00,0.386325
2019-11-05 10:30:00,0.3409
2019-11-06 10:30:00,0.40336248
2019-11-07 10:30:00,0.38233748
2019-11-08 10:30:00,0.4994875
2019-11-09 10:30:00,0.5714375
2019-11-10 10:30:00,0.4913
2019-11-11 10:30:00,0.3336875
2019-11-12 10:30:00,0.7352625
2019-11-13 10:30:00,0.44814998
2019-11-14 10:30:00,0.449225
2019-11-15 10:30:00,0.448675
2019-11-16 10:30:00,0.37035
2019-11-17 10:30:00,0.454575
2019-11-18 10:30:00,0.39769998
2019-11-19 10:30:00,0.388375
2019-11-20 10:30:00,0.4022375
2019-11-21 10:30:00,0.3768875
2019-11-22 10:30:00,0.4232875
2019-11-23 10:30:00,0.4096875
2019-11-24 10:30:00,0.375825
2019-11-25 10:30:00,0.2985875
2019-11-26 10:30:00,0.34366247
2019-11-27 10:30:00,0.3672875
2019-11-28 10:30:00,0.37002498
2019-11-29 10:30:00,0.4197375
2019-11-30 10:30:00,0.5687125
2019-12-01 10:30:00,0.48238748
2019-12-02 10:30:00,0.37678748
2019-12-03 10:30:00,0.31785
2019-12-04 10:30:00,0.32818747
2019-12-05 10:30:00,0.35255
2019-12-06 10:30:00,0.49658749
2019-12-07 10:30:00,0.468325
2019-12-08 10:30:00,0.5377375
2019-12-09 10:30:00,0.60275
2019-12-10 10:30:00,0.601475
2019-12-11 10:30:00,0.52349997
2019-12-12 10:30:00,0.54908746
2019-12-13 10:30:00,0.562
2019-12-14 10:30:00,0.612475
2019-12-15 10:30:00,0.54031247
2019-12-16 10:30:00,0.5675
2019-12-17 10:30:00,0.52709997
2019-12-18 10:30:00,0.51846254
2019-12-19 10:30:00,0.5452
2019-12-20 10:30:00,0.4930875
2019-12-21 10:30:00,0.615025
2019-12-22 10:30:00,0.58646244
2019-12-23 10:30:00,0.601175
2019-12-24 10:30:00,0.6647
2019-12-25 10:30:00,0.529375
2019-12-26 10:30:00,0.5432625
2019-12-27 10:30:00,0.5397625
2019-12-28 10:30:00,0.6553625
2019-12-29 10:30:00,0.61518747
2019-12-30 10:30:00,0.47015
2019-12-31 10:30:00,0.45323747
2020-01-01 10:30:00,0.5360125
2020-01-02 10:30:00,0.51666254
2020-01-03 10:30:00,0.56804997
2020-01-04 10:30:00,0.62195
2020-01-05 10:30:00,0.6882125
2020-01-06 10:30:00,0.66725
2020-01-07 10:30:00,0.6232
2020-01-08 10:30:00,0.600125
2020-01-09 10:30:00,0.6413125
2020-01-10 10:30:00,0.59529996
2020-01-11 10:30:00,0.59485
2020-01-12 10:30:00,0.5537625
2020-01-13 10:30:00,0.58677495
2020-01-14 10:30:00,0.6122375
2020-01-15 10:30:00,0.5997375
2020-01-16 10:30:00,0.5581375
2020-01-17 10:30:00,0.57555
2020-01-18 10:30:00,0.6868875
2020-01-19 10:30:00,0.6504
2020-01-20 10:30:00,0.5759875
2020-01-21 10:30:00,0.54614997
2020-01-22 10:30:00,0.5685125
2020-01-23 10:30:00,0.4912625
2020-01-24 10:30:00,0.562
2020-01-25 10:30:00,0.61415
2020-01-26 10:30:00,0.5967375
2020-01-27 10:30:00,0.702125
2020-01-28 10:30:00,0.69205
2020-01-29 10:30:00,0.7036374
2020-01-30 10:30:00,0.6465375
2020-01-31 10:30:00,0.64315003
2020-02-01 10:30:00,0.4472625
2020-02-02 10:30:00,0.46479997
2020-02-03 10:30:00,0.50193745
2020-02-04 10:30:00,0.47443748
2020-02-05 10:30:00,0.4892625
2020-02-06 10:30:00,0.41105
2020-02-07 10:30:00,0.566
2020-02-08 10:30:00,0.55502504
2020-02-09 10:30:00,0.6217125
2020-02-10 10:30:00,0.648025
2020-02-11 10:30:00,0.40775
2020-02-12 10:30:00,0.6005625
2020-02-13 10:30:00,0.7691625
2020-02-14 10:30:00,0.55847496
2020-02-15 10:30:00,0.4525125
2020-02-16 10:30:00,0.5078875
2020-02-17 10:30:00,0.44763747
2020-02-18 10:30:00,0.4823125
2020-02-19 10:30:00,0.5071
2020-02-20 10:30:00,0.60143745
2020-02-21 10:30:00,0.6009375
2020-02-22 10:30:00,0.49849996
2020-02-23 10:30:00,0.479075
2020-02-24 10:30:00,0.45583746
2020-02-25 10:30:00,0.4633375
2020-02-26 10:30:00,0.503025
2020-02-27 10:30:00,0.45654997
2020-02-28 10:30:00,0.5862
2020-02-29 10:30:00,0.5491875
2020-03-01 10:30:00,0.5311
2020-03-02 10:30:00,0.559275
2020-03-03 10:30:00,0.77512497
2020-03-04 10:30:00,0.58222497
2020-03-05 10:30:00,0.5407125
2020-03-06 10:30:00,0.692325
2020-03-07 10:30:00,0.52064997
2020-03-08 10:30:00,0.47051248
2020-03-09 10:30:00,0.36455002
2020-03-10 10:30:00,0.55763745
2020-03-11 10:30:00,0.44297498
2020-03-12 10:30:00,0.29413748
2020-03-13 10:30:00,0.48075
2020-03-14 10:30:00,0.38828748
2020-03-15 10:30:00,0.2949
2020-03-16 10:30:00,0.486625
2020-03-17 10:30:00,0.40365002
2020-03-18 10:30:00,0.43781248
2020-03-19 10:30:00,0.426575
2020-03-20 10:30:00,0.3810125
2020-03-21 10:30:00,0.37009996
2020-03-22 10:30:00,0.492575
2020-03-23 10:30:00,0.3209875
2020-03-24 10:30:00,0.2818875
2020-03-25 10:30:00,0.27965
2020-03-26 10:30:00,0.25204998
2020-03-27 10:30:00,0.3120375
2020-03-28 10:30:00,0.28469998
2020-03-29 10:30:00,0.1884625
2020-03-30 10:30:00,0.18290001
2020-03-31 10:30:00,0.214225
2020-04-01 10:30:00,0.16209999
2020-04-02 10:30:00,0.2038125
2020-04-03 10:30:00,0.2237
2020-04-04 10:30:00,0.1739875
2020-04-05 10:30:00,0.1968875
2020-04-06 10:30:00,0.2328
2020-04-07 10:30:00,0.31213748
2020-04-08 10:30:00,0.3244125
2020-04-09 10:30:00,0.2917
2020-04-10 10:30:00,0.15775
2020-04-11 10:30:00,0.1620125
2020-04-12 10:30:00,0.103062496
2020-04-13 10:30:00,0.10609999
2020-04-14 10:30:00,0.25605
2020-04-15 10:30:00,0.210175
2020-04-16 10:30:00,0.55483747
2020-04-17 10:30:00,0.23348749
2020-04-18 10:30:00,0.16462499
2020-04-19 10:30:00,0.709175
2020-04-20 10:30:00,0.59863746
2020-04-21 10:30:00,0.6616749
2020-04-22 10:30:00,0.377075
2020-04-23 10:30:00,0.377475
2020-04-24 10:30:00,0.62427497
2020-04-25 10:30:00,0.61627495
2020-04-26 10:30:00,0.47322497
2020-04-27 10:30:00,0.2456125
2020-04-28 10:30:00,0.61845
2020-04-29 10:30:00,0.425125
2020-04-30 10:30:00,0.34345
2020-05-01 10:30:00,0.2973625
2020-05-02 10:30:00,0.28265
2020-05-03 10:30:00,0.790725
2020-05-04 10:30:00,0.42229998
2020-05-05 10:30:00,0.36232498
2020-05-06 10:30:00,0.26907498
2020-05-07 10:30:00,0.38237497
2020-05-08 10:30:00,0.18567498
2020-05-09 10:30:00,0.3852875
2020-05-10 10:30:00,0.424025
2020-05-11 10:30:00,0.521325
2020-05-12 10:30:00,0.2932
2020-05-13 10:30:00,0.24679999
2020-05-14 10:30:00,0.2575
2020-05-15 10:30:00,0.497275
2020-05-16 10:30:00,0.8276
2020-05-17 10:30:00,0.809475
2020-05-18 10:30:00,0.65205
2020-05-19 10:30:00,0.61451244
2020-05-20 10:30:00,0.76245004
2020-05-21 10:30:00,0.6833625
2020-05-22 10:30:00,0.82559997
2020-05-23 10:30:00,0.7004374
2020-05-24 10:30:00,0.41185
2020-05-25 10:30:00,0.531575
2020-05-26 10:30:00,0.529725
2020-05-27 10:30:00,0.397725
2020-05-28 10:30:00,0.4140625
2020-05-29 10:30:00,0.5531125
2020-05-30 10:30:00,0.53679997
2020-05-31 10:30:00,0.7614
2020-06-01 10:30:00,0.4760625
2020-06-02 10:30:00,0.52648747
2020-06-03 10:30:00,0.6889
2020-06-04 10:30:00,0.59675
2020-06-05 10:30:00,0.53888744
2020-06-06 10:30:00,0.533175
2020-06-07 10:30:00,0.6095375
2020-06-08 10:30:00,0.5351375
2020-06-09 10:30:00,0.363175
2020-06-10 10:30:00,0.711425
2020-06-11 10:30:00,0.56761247
2020-06-12 10:30:00,0.6506125
2020-06-13 10:30:00,0.7408999
2020-06-14 10:30:00,0.4620375
2020-06-15 10:30:00,0.49494997
2020-06-16 10:30:00,0.5066625
2020-06-17 10:30:00,0.6487625
2020-06-18 10:30:00,0.630925
2020-06-19 10:30:00,0.7169375
2020-06-20 10:30:00,0.8131625
2020-06-21 10:30:00,0.56107503
2020-06-22 10:30:00,0.58485
2020-06-23 10:30:00,0.87114996
2020-06-24 10:30:00,0.87927496
2020-06-25 10:30:00,0.8051
2020-06-26 10:30:00,0.62504995
2020-06-27 10:30:00,0.5596375
2020-06-28 10:30:00,0.6147375
2020-06-29 10:30:00,0.71942496
2020-06-30 10:30:00,0.70875
2020-07-01 10:30:00,0.66972494
2020-07-02 10:30:00,0.676175
2020-07-03 10:30:00,0.66885
2020-07-04 10:30:00,0.8752
2020-07-05 10:30:00,0.72478753
2020-07-06 10:30:00,0.66518754
2020-07-07 10:30:00,0.583025
2020-07-08 10:30:00,0.5447125
2020-07-09 10:30:00,0.570125
2020-07-10 10:30:00,0.6232125
2020-07-11 10:30:00,0.72858745
2020-07-12 10:30:00,0.7783375
2020-07-13 10:30:00,0.669475
2020-07-14 10:30:00,0.64428747
2020-07-15 10:30:00,0.574
2020-07-16 10:30:00,0.688475
2020-07-17 10:30:00,0.732175
2020-07-18 10:30:00,0.79645
2020-07-19 10:30:00,0.63506246
2020-07-20 10:30:00,0.57199997
2020-07-21 10:30:00,0.45178747
2020-07-22 10:30:00,0.60452497
2020-07-23 10:30:00,0.4925875
2020-07-24 10:30:00,0.49685
2020-07-25 10:30:00,0.56378746
2020-07-26 10:30:00,0.5366875
2020-07-27 10:30:00,0.63862497
2020-07-28 10:30:00,0.7649375
2020-07-29 10:30:00,0.8429125
2020-07-30 10:30:00,0.709225
2020-07-31 10:30:00,0.66653746
2020-08-01 10:30:00,0.59903747
2020-08-02 10:30:00,0.80882496
2020-08-03 10:30:00,0.7717125
2020-08-04 10:30:00,0.66108745
2020-08-05 10:30:00,0.68495
2020-08-06 10:30:00,0.72835
2020-08-07 10:30:00,0.83678746
2020-08-08 10:30:00,0.9329125
2020-08-09 10:30:00,0.81976247
2020-08-10 10:30:00,0.6951
2020-08-11 10:30:00,0.6225375
2020-08-12 10:30:00,0.653025
2020-08-13 10:30:00,0.99106246
2020-08-14 10:30:00,0.75804996
2020-08-15 10:30:00,0.70628744
2020-08-16 10:30:00,0.7193875
2020-08-17 10:30:00,0.79873747
2020-08-18 10:30:00,0.70213753
2020-08-19 10:30:00,0.69425
2020-08-20 10:30:00,0.62785
2020-08-21 10:30:00,0.6256
2020-08-22 10:30:00,0.654525
2020-08-23 10:30:00,0.78965
2020-08-24 10:30:00,0.8124
2020-08-25 10:30:00,0.5622875
2020-08-26 10:30:00,0.71557504
2020-08-27 10:30:00,0.96011245
2020-08-28 10:30:00,0.9703624
2020-08-29 10:30:00,0.7162
2020-08-30 10:30:00,0.85789996
2020-08-31 10:30:00,0.82864994
2020-09-01 10:30:00,0.67635
2020-09-02 10:30:00,0.6796875
2020-09-03 10:30:00,0.7593125
2020-09-04 10:30:00,0.6677375
2020-09-05 10:30:00,0.65695
2020-09-06 10:30:00,0.71295
2020-09-07 10:30:00,0.8162875
2020-09-08 10:30:00,0.710175
2020-09-09 10:30:00,0.8079125
2020-09-10 10:30:00,0.6643625
2020-09-11 10:30:00,0.7576
2020-09-12 10:30:00,0.76184994
2020-09-13 10:30:00,0.79362494
2020-09-14 10:30:00,0.67628753
2020-09-15 10:30:00,0.82949996
2020-09-16 10:30:00,0.84302497
2020-09-17 10:30:00,0.6593125
2020-09-18 10:30:00,0.7126625
2020-09-19 10:30:00,0.5624375
2020-09-20 10:30:00,0.71753746
2020-09-21 10:30:00,0.831425
2020-09-22 10:30:00,0.67592496
2020-09-23 10:30:00,0.5699625
2020-09-24 10:30:00,0.6889
2020-09-25 10:30:00,0.79395
2020-09-26 10:30:00,0.71015
2020-09-27 10:30:00,0.48733747
2020-09-28 10:30:00,0.58425
2020-09-29 10:30:00,0.55291253
2020-09-30 10:30:00,0.6202875
2020-10-01 10:30:00,0.87993747
2020-10-02 10:30:00,0.6664625
2020-10-03 10:30:00,0.6130125
2020-10-04 10:30:00,0.5954
2020-10-05 10:30:00,0.5708625
2020-10-06 10:30:00,0.54311246
2020-10-07 10:30:00,0.4739
2020-10-08 10:30:00,0.4920875
2020-10-09 10:30:00,0.4881
2020-10-10 10:30:00,0.2719
2020-10-11 10:30:00,0.433475
2020-10-12 10:30:00,0.4196125
2020-10-13 10:30:00,0.503275
2020-10-14 10:30:00,0.37671247
2020-10-15 10:30:00,0.38638747
2020-10-16 10:30:00,0.40296248
2020-10-17 10:30:00,0.46853748
2020-10-18 10:30:00,0.463325
2020-10-19 10:30:00,0.390625
2020-10-20 10:30:00,0.3287875
2020-10-21 10:30:00,0.49439996
2020-10-22 10:30:00,0.44355
2020-10-23 10:30:00,0.42549998
2020-10-24 10:30:00,0.45107496
2020-10-25 10:30:00,0.54655
2020-10-26 10:30:00,0.46886247
2020-10-27 10:30:00,0.3042875
2020-10-28 10:30:00,0.34923747
2020-10-29 10:30:00,0.47322497
2020-10-30 10:30:00,0.32395
2020-10-31 10:30:00,0.5301125
2020-11-01 10:30:00,0.53255
2020-11-02 10:30:00,0.44718748
2020-11-03 10:30:00,0.359625
2020-11-04 10:30:00,0.41658747
2020-11-05 10:30:00,0.387525
2020-11-06 10:30:00,0.371775
2020-11-07 10:30:00,0.479925
2020-11-08 10:30:00,0.41355
2020-11-09 10:30:00,0.535425
2020-11-10 10:30:00,0.4964875
2020-11-11 10:30:00,0.3666875
2020-11-12 10:30:00,0.4777
2020-11-13 10:30:00,0.4461
2020-11-14 10:30:00,0.4231
2020-11-15 10:30:00,0.4595875
2020-11-16 10:30:00,0.5170125
2020-11-17 10:30:00,0.72255
2020-11-18 10:30:00,0.66198754
2020-11-19 10:30:00,0.3661875
2020-11-20 10:30:00,0.4803125
2020-11-21 10:30:00,0.5092125
2020-11-22 10:30:00,0.49275002
2020-11-23 10:30:00,0.62592494
2020-11-24 10:30:00,0.610525
2020-11-25 10:30:00,0.58295
2020-11-26 10:30:00,0.523775
2020-11-27 10:30:00,0.5255625
2020-11-28 10:30:00,0.5829125
2020-11-29 10:30:00,0.60440004
2020-11-30 10:30:00,0.6086375
2020-12-01 10:30:00,0.603325
2020-12-02 10:30:00,0.5722875
2020-12-03 10:30:00,0.4933625
2020-12-04 10:30:00,0.49961248
2020-12-05 10:30:00,0.50203747
2020-12-06 10:30:00,0.5711875
2020-12-07 10:30:00,0.4503625
2020-12-08 10:30:00,0.474625
2020-12-09 10:30:00,0.45618752
2020-12-10 10:30:00,0.58248746
2020-12-11 10:30:00,0.46996248
2020-12-12 10:30:00,0.5277375
2020-12-13 10:30:00,0.48705
2020-12-14 10:30:00,0.4693375
2020-12-15 10:30:00,0.45949998
2020-12-16 10:30:00,0.4950375
2020-12-17 10:30:00,0.5067625
2020-12-18 10:30:00,0.43815
2020-12-19 10:30:00,0.534125
2020-12-20 10:30:00,0.484875
2020-12-21 10:30:00,0.4729
2020-12-22 10:30:00,0.60244995
2020-12-23 10:30:00,0.6135875
2020-12-24 10:30:00,0.601575
2020-12-25 10:30:00,0.565725
2020-12-26 10:30:00,0.6409375
2020-12-27 10:30:00,0.557575
2020-12-28 10:30:00,0.5230125
2020-12-29 10:30:00,0.4794125
2020-12-30 10:30:00,0.49339998
2020-12-31 10:30:00,0.50154996
2021-01-01 10:30:00,0.4491125
2021-01-02 10:30:00,0.5065
2021-01-03 10:30:00,0.5004
2021-01-04 10:30:00,0.47693747
2021-01-05 10:30:00,0.489425
2021-01-06 10:30:00,0.44622496
2021-01-07 10:30:00,0.46836248
2021-01-08 10:30:00,0.508275
2021-01-09 10:30:00,0.597075
2021-01-10 10:30:00,0.5394625
2021-01-11 10:30:00,0.5319
2021-01-12 10:30:00,0.6242875
2021-01-13 10:30:00,0.55843747
2021-01-14 10:30:00,0.685325
2021-01-15 10:30:00,0.5817625
2021-01-16 10:30:00,0.5591625
2021-01-17 10:30:00,0.54575
2021-01-18 10:30:00,0.5075875
2021-01-19 10:30:00,0.5881125
2021-01-20 10:30:00,0.62018746
2021-01-21 10:30:00,0.6496125
2021-01-22 10:30:00,0.579775
2021-01-23 10:30:00,0.6057375
2021-01-24 10:30:00,0.64317495
2021-01-25 10:30:00,0.66478753
2021-01-26 10:30:00,0.46197498
2021-01-27 10:30:00,0.45639998
2021-01-28 10:30:00,0.5057875
2021-01-29 10:30:00,0.528925
2021-01-30 10:30:00,0.48415
2021-01-31 10:30:00,0.7572249
2021-02-01 10:30:00,0.5069625
2021-02-02 10:30:00,0.4712
2021-02-03 10:30:00,0.43871248
2021-02-04 10:30:00,0.5892125
2021-02-05 10:30:00,0.57642496
2021-02-06 10:30:00,0.5586125
2021-02-07 10:30:00,0.5732875
2021-02-08 10:30:00,0.5581375
2021-02-09 10:30:00,0.53305
2021-02-10 10:30:00,0.533025
2021-02-11 10:30:00,0.49381247
2021-02-12 10:30:00,0.48185
2021-02-13 10:30:00,0.415675
2021-02-14 10:30:00,0.41472498
2021-02-15 10:30:00,0.4465625
2021-02-16 10:30:00,0.4304875
2021-02-17 10:30:00,0.3779375
2021-02-18 10:30:00,0.4564125
2021-02-19 10:30:00,0.40206248
2021-02-20 10:30:00,0.708
2021-02-21 10:30:00,0.575075
2021-02-22 10:30:00,0.4547375
2021-02-23 10:30:00,0.47136247
2021-02-24 10:30:00,0.41808748
2021-02-25 10:30:00,0.35503748
2021-02-26 10:30:00,0.4795875
2021-02-27 10:30:00,0.5411625
2021-02-28 10:30:00,0.332425
2021-03-01 10:30:00,0.4931875
2021-03-02 10:30:00,0.5756375
2021-03-03 10:30:00,0.5839125
2021-03-04 10:30:00,0.4290875
2021-03-05 10:30:00,0.3127625
2021-03-06 10:30:00,0.35811248
2021-03-07 10:30:00,0.40943748
2021-03-08 10:30:00,0.42298752
2021-03-09 10:30:00,0.26041248
2021-03-10 10:30:00,0.4010375
2021-03-11 10:30:00,0.36478752
2021-03-12 10:30:00,0.3019125
2021-03-13 10:30:00,0.3548125
2021-03-14 10:30:00,0.45338747
2021-03-15 10:30:00,0.387275
2021-03-16 10:30:00,0.2742625
2021-03-17 10:30:00,0.3418
2021-03-18 10:30:00,0.27130002
2021-03-19 10:30:00,0.52985
2021-03-20 10:30:00,0.825975
2021-03-21 10:30:00,0.512125
2021-03-22 10:30:00,0.42178747
2021-03-23 10:30:00,0.40555
2021-03-24 10:30:00,0.37226248
2021-03-25 10:30:00,0.37145
2021-03-26 10:30:00,0.53069997
2021-03-27 10:30:00,0.4343875
2021-03-28 10:30:00,0.50721246
2021-03-29 10:30:00,0.34658748
2021-03-30 10:30:00,0.25771248
2021-03-31 10:30:00,0.3501375
2021-04-01 10:30:00,0.421325
2021-04-02 10:30:00,0.4133625
2021-04-03 10:30:00,0.32509997
2021-04-04 10:30:00,0.2872625
2021-04-05 10:30:00,0.3152375
2021-04-06 10:30:00,0.23196249
2021-04-07 10:30:00,0.28094998
2021-04-08 10:30:00,0.31849998
2021-04-09 10:30:00,0.3221125
2021-04-10 10:30:00,0.26221249
2021-04-11 10:30:00,0.5764
2021-04-12 10:30:00,0.4486375
2021-04-13 10:30:00,0.3211625
2021-04-14 10:30:00,0.26125
2021-04-15 10:30:00,0.612525
2021-04-16 10:30:00,0.7986
2021-04-17 10:30:00,0.47795
2021-04-18 10:30:00,0.29334998
2021-04-19 10:30:00,0.25968748
2021-04-20 10:30:00,0.2421125
2021-04-21 10:30:00,0.2829625
2021-04-22 10:30:00,0.4967875
2021-04-23 10:30:00,0.617125
2021-04-24 10:30:00,0.3652375
2021-04-25 10:30:00,0.22314999
2021-04-26 10:30:00,0.3041125
2021-04-27 10:30:00,0.34256247
2021-04-28 10:30:00,0.2999
2021-04-29 10:30:00,0.44538748
2021-04-30 10:30:00,0.5811875
2021-05-01 10:30:00,0.5366
2021-05-02 10:30:00,0.2677375
2021-05-03 10:30:00,0.3677125
2021-05-04 10:30:00,0.442475
2021-05-05 10:30:00,0.3644875
2021-05-06 10:30:00,0.3753
2021-05-07 10:30:00,0.6206625
2021-05-08 10:30:00,0.54333746
2021-05-09 10:30:00,0.4657375
2021-05-10 10:30:00,0.41222498
2021-05-11 10:30:00,0.41881248
2021-05-12 10:30:00,0.32669997
2021-05-13 10:30:00,0.33394998
2021-05-14 10:30:00,0.5423625
2021-05-15 10:30:00,0.4076625
2021-05-16 10:30:00,0.2873625
2021-05-17 10:30:00,0.30743748
2021-05-18 10:30:00,0.3711375
2021-05-19 10:30:00,0.4164875
2021-05-20 10:30:00,0.576425
2021-05-21 10:30:00,0.38849998
2021-05-22 10:30:00,0.3121875
2021-05-23 10:30:00,0.4165375
2021-05-24 10:30:00,0.47888747
2021-05-25 10:30:00,0.3393875
2021-05-26 10:30:00,0.38415
2021-05-27 10:30:00,0.5975125
2021-05-28 10:30:00,0.6268
2021-05-29 10:30:00,0.40641248
2021-05-30 10:30:00,0.5003375
2021-05-31 10:30:00,0.53463745
2021-06-01 10:30:00,0.4515375
2021-06-02 10:30:00,0.70629996
2021-06-03 10:30:00,0.6871125
2021-06-04 10:30:00,0.571175
2021-06-05 10:30:00,0.7127375
2021-06-06 10:30:00,0.51395
2021-06-07 10:30:00,0.5101625
2021-06-08 10:30:00,0.68053746
2021-06-09 10:30:00,0.43361247
2021-06-10 10:30:00,0.45299998
2021-06-11 10:30:00,0.4223625
2021-06-12 10:30:00,0.52166253
2021-06-13 10:30:00,0.55882496
2021-06-14 10:30:00,0.64089996
2021-06-15 10:30:00,0.615175
2021-06-16 10:30:00,0.66985
2021-06-17 10:30:00,0.4966
2021-06-18 10:30:00,0.575125
2021-06-19 10:30:00,0.631
2021-06-20 10:30:00,0.6950875
2021-06-21 10:30:00,0.8037625
2021-06-22 10:30:00,0.536425
2021-06-23 10:30:00,0.497675
2021-06-24 10:30:00,0.5319625
2021-06-25 10:30:00,0.6859875
2021-06-26 10:30:00,0.7371875
2021-06-27 10:30:00,0.7208375
2021-06-28 10:30:00,0.72648746
2021-06-29 10:30:00,0.702075
2021-06-30 10:30:00,0.8183249
2021-07-01 10:30:00,0.6896875
2021-07-02 10:30:00,0.7781375
2021-07-03 10:30:00,0.83995
2021-07-04 10:30:00,0.787725
2021-07-05 10:30:00,0.74490005
2021-07-06 10:30:00,0.88763744
2021-07-07 10:30:00,0.81273746
2021-07-08 10:30:00,0.8432125
2021-07-09 10:30:00,0.80574995
2021-07-10 10:30:00,0.79801244
2021-07-11 10:30:00,0.7659125
2021-07-12 10:30:00,0.85847497
2021-07-13 10:30:00,0.84216243
2021-07-14 10:30:00,0.8774625
2021-07-15 10:30:00,0.8347875
2021-07-16 10:30:00,0.81857497
2021-07-17 10:30:00,0.8367125
2021-07-18 10:30:00,0.8455
2021-07-19 10:30:00,0.809375
2021-07-20 10:30:00,0.8760875
2021-07-21 10:30:00,0.83076245
2021-07-22 10:30:00,0.780875
2021-07-23 10:30:00,0.75426245
2021-07-24 10:30:00,0.7912375
2021-07-25 10:30:00,0.78481245
2021-07-26 10:30:00,0.8652875
2021-07-27 10:30:00,0.77151245
2021-07-28 10:30:00,0.7119
2021-07-29 10:30:00,0.80991244
2021-07-30 10:30:00,0.83294994
2021-07-31 10:30:00,0.81896245
2021-08-01 10:30:00,0.8182875
2021-08-02 10:30:00,0.6643625
2021-08-03 10:30:00,0.74985
2021-08-04 10:30:00,0.7965625
2021-08-05 10:30:00,0.67055
2021-08-06 10:30:00,0.6947875
2021-08-07 10:30:00,0.70388746
2021-08-08 10:30:00,0.7774125
2021-08-09 10:30:00,0.8755
2021-08-10 10:30:00,0.7444875
2021-08-11 10:30:00,0.780825
2021-08-12 10:30:00,0.843425
2021-08-13 10:30:00,0.74231243
2021-08-14 10:30:00,0.8181625
2021-08-15 10:30:00,0.8485625
2021-08-16 10:30:00,0.78565
2021-08-17 10:30:00,0.6994875
2021-08-18 10:30:00,0.73482496
2021-08-19 10:30:00,0.8350125
2021-08-20 10:30:00,0.6263
2021-08-21 10:30:00,0.6456375
2021-08-22 10:30:00,0.7158125
2021-08-23 10:30:00,0.71507496
2021-08-24 10:30:00,0.79870003
2021-08-25 10:30:00,0.8062875
2021-08-26 10:30:00,0.79763746
2021-08-27 10:30:00,0.6791625
2021-08-28 10:30:00,0.64186245
2021-08-29 10:30:00,0.62277496
2021-08-30 10:30:00,0.72271246
2021-08-31 10:30:00,0.67198753
2021-09-01 10:30:00,0.718225
2021-09-02 10:30:00,0.7510125
2021-09-03 10:30:00,0.8079249
2021-09-04 10:30:00,0.7733375
2021-09-05 10:30:00,0.827825
2021-09-06 10:30:00,0.8920625
2021-09-07 10:30:00,0.747975
2021-09-08 10:30:00,0.799325
2021-09-09 10:30:00,0.717125
2021-09-10 10:30:00,0.58248746
2021-09-11 10:30:00,0.67645
2021-09-12 10:30:00,0.69436246
2021-09-13 10:30:00,0.57941246
2021-09-14 10:30:00,0.6772875
2021-09-15 10:30:00,0.8375875
2021-09-16 10:30:00,0.57129997
2021-09-17 10:30:00,0.56232494
2021-09-18 10:30:00,0.69074994
2021-09-19 10:30:00,0.7718375
2021-09-20 10:30:00,0.78335
2021-09-21 10:30:00,0.70371246
2021-09-22 10:30:00,0.6567375
2021-09-23 10:30:00,0.7557875
2021-09-24 10:30:00,0.8255
2021-09-25 10:30:00,0.8033625
2021-09-26 10:30:00,0.90458745
2021-09-27 10:30:00,0.55276245
2021-09-28 10:30:00,0.5157
2021-09-29 10:30:00,0.4829875
2021-09-30 10:30:00,0.6043875
2021-10-01 10:30:00,0.61057496
2021-10-02 10:30:00,0.562875
2021-10-03 10:30:00,0.6431375
2021-10-04 10:30:00,0.5391375
2021-10-05 10:30:00,0.4936125
2021-10-06 10:30:00,0.62041247
2021-10-07 10:30:00,0.48127496
2021-10-08 10:30:00,0.4148875
2021-10-09 10:30:00,0.4879375
2021-10-10 10:30:00,0.42916247
2021-10-11 10:30:00,0.42455
2021-10-12 10:30:00,0.389
2021-10-13 10:30:00,0.58326244
2021-10-14 10:30:00,0.51827496
2021-10-15 10:30:00,0.4633625
2021-10-16 10:30:00,0.4009375
2021-10-17 10:30:00,0.5192
2021-10-18 10:30:00,0.59017503
2021-10-19 10:30:00,0.5150625
2021-10-20 10:30:00,0.4749625
2021-10-21 10:30:00,0.485475
2021-10-22 10:30:00,0.492275
2021-10-23 10:30:00,0.4295375
2021-10-24 10:30:00,0.42529997
2021-10-25 10:30:00,0.376725
2021-10-26 10:30:00,0.43967497
2021-10-27 10:30:00,0.463275
2021-10-28 10:30:00,0.508675
2021-10-29 10:30:00,0.5108
2021-10-30 10:30:00,0.603225
2021-10-31 10:30:00,0.44768748
2021-11-01 10:30:00,0.570625
2021-11-02 10:30:00,0.63925
2021-11-03 10:30:00,0.59642494
2021-11-04 10:30:00,0.501
2021-11-05 10:30:00,0.51436245
2021-11-06 10:30:00,0.568575
2021-11-07 10:30:00,0.48213747
2021-11-08 10:30:00,0.4250125
2021-11-09 10:30:00,0.5287125
2021-11-10 10:30:00,0.4418
2021-11-11 10:30:00,0.4309375
2021-11-12 10:30:00,0.45138747
2021-11-13 10:30:00,0.5809375
2021-11-14 10:30:00,0.5738625
2021-11-15 10:30:00,0.5553875
2021-11-16 10:30:00,0.57105
2021-11-17 10:30:00,0.39624998
2021-11-18 10:30:00,0.403475
2021-11-19 10:30:00,0.62497497
2021-11-20 10:30:00,0.63981247
2021-11-21 10:30:00,0.833925
2021-11-22 10:30:00,0.569725
2021-11-23 10:30:00,0.5191875
2021-11-24 10:30:00,0.45354998
2021-11-25 10:30:00,0.4743875
2021-11-26 10:30:00,0.6937875
2021-11-27 10:30:00,0.64652497
2021-11-28 10:30:00,0.55682504
2021-11-29 10:30:00,0.66701245
2021-11-30 10:30:00,0.6366125
2021-12-01 10:30:00,0.5666625
2021-12-02 10:30:00,0.45328748
2021-12-03 10:30:00,0.531725
2021-12-04 10:30:00,0.5983125
2021-12-05 10:30:00,0.46726248
2021-12-06 10:30:00,0.4468875
2021-12-07 10:30:00,0.4185125
2021-12-08 10:30:00,0.38417497
2021-12-09 10:30:00,0.606425
2021-12-10 10:30:00,0.521675
2021-12-11 10:30:00,0.51357496
2021-12-12 10:30:00,0.4747625
2021-12-13 10:30:00,0.431325
2021-12-14 10:30:00,0.5656875
2021-12-15 10:30:00,0.74403745
2021-12-16 10:30:00,0.5326125
2021-12-17 10:30:00,0.49083745
2021-12-18 10:30:00,0.5727625
2021-12-19 10:30:00,0.566675
2021-12-20 10:30:00,0.4736375
2021-12-21 10:30:00,0.47232497
2021-12-22 10:30:00,0.5108375
2021-12-23 10:30:00,0.45575
2021-12-24 10:30:00,0.4515625
2021-12-25 10:30:00,0.4916375
2021-12-26 10:30:00,0.5203
2021-12-27 10:30:00,0.6033125
2021-12-28 10:30:00,0.568775
2021-12-29 10:30:00,0.5566125
2021-12-30 10:30:00,0.4774375
2021-12-31 10:30:00,0.54384995
2022-01-01 10:30:00,0.49689996
2022-01-02 10:30:00,0.482
2022-01-03 10:30:00,0.5406375
2022-01-04 10:30:00,0.5782375
2022-01-05 10:30:00,0.56471246
2022-01-06 10:30:00,0.62505
2022-01-07 10:30:00,0.40796247
2022-01-08 10:30:00,0.6033
2022-01-09 10:30:00,0.56785
2022-01-10 10:30:00,0.485125
2022-01-11 10:30:00,0.43526247
2022-01-12 10:30:00,0.53695
2022-01-13 10:30:00,0.536175
2022-01-14 10:30:00,0.534775
2022-01-15 10:30:00,0.528
2022-01-16 10:30:00,0.518075
2022-01-17 10:30:00,0.5124125
2022-01-18 10:30:00,0.540625
2022-01-19 10:30:00,0.44057497
2022-01-20 10:30:00,0.4127
2022-01-21 10:30:00,0.5053625
2022-01-22 10:30:00,0.544025
2022-01-23 10:30:00,0.57975
2022-01-24 10:30:00,0.6761875
2022-01-25 10:30:00,0.5652
2022-01-26 10:30:00,0.57366246
2022-01-27 10:30:00,0.59037495
2022-01-28 10:30:00,0.5239125
2022-01-29 10:30:00,0.47794998
2022-01-30 10:30:00,0.544025
2022-01-31 10:30:00,0.49109998
2022-02-01 10:30:00,0.53894997
2022-02-02 10:30:00,0.523825
2022-02-03 10:30:00,0.5096625
2022-02-04 10:30:00,0.47307497
2022-02-05 10:30:00,0.49339998
2022-02-06 10:30:00,0.5329125
2022-02-07 10:30:00,0.5815375
2022-02-08 10:30:00,0.55834997
2022-02-09 10:30:00,0.4754375
2022-02-10 10:30:00,0.6717625
2022-02-11 10:30:00,0.537125
2022-02-12 10:30:00,0.5504375
2022-02-13 10:30:00,0.6035875
2022-02-14 10:30:00,0.5723125
2022-02-15 10:30:00,0.51154995
2022-02-16 10:30:00,0.5050125
2022-02-17 10:30:00,0.5622375
2022-02-18 10:30:00,0.5880625
2022-02-19 10:30:00,0.52687496
2022-02-20 10:30:00,0.553175
2022-02-21 10:30:00,0.51686245
2022-02-22 10:30:00,0.50936246
2022-02-23 10:30:00,0.47136247
2022-02-24 10:30:00,0.440325
2022-02-25 10:30:00,0.5383625
2022-02-26 10:30:00,0.5188
2022-02-27 10:30:00,0.5802375
2022-02-28 10:30:00,0.53561246
2022-03-01 10:30:00,0.4538
2022-03-02 10:30:00,0.4950625
2022-03-03 10:30:00,0.455025
2022-03-04 10:30:00,0.47506246
2022-03-05 10:30:00,0.396125
2022-03-06 10:30:00,0.409225
2022-03-07 10:30:00,0.3771875
2022-03-08 10:30:00,0.45593747
2022-03-09 10:30:00,0.37366247
2022-03-10 10:30:00,0.1785875
2022-03-11 10:30:00,0.2282875
2022-03-12 10:30:00,0.7846125
2022-03-13 10:30:00,0.67521244
2022-03-14 10:30:00,0.6924
2022-03-15 10:30:00,0.66871244
2022-03-16 10:30:00,0.41927502
2022-03-17 10:30:00,0.51431245
2022-03-18 10:30:00,0.5051375
2022-03-19 10:30:00,0.4202625
2022-03-20 10:30:00,0.3930875
2022-03-21 10:30:00,0.3484
2022-03-22 10:30:00,0.316025
2022-03-23 10:30:00,0.5089
2022-03-24 10:30:00,0.628075
2022-03-25 10:30:00,0.3806125
2022-03-26 10:30:00,0.4152125
2022-03-27 10:30:00,0.288125
2022-03-28 10:30:00,0.2245375
2022-03-29 10:30:00,0.317025
2022-03-30 10:30:00,0.22112499
2022-03-31 10:30:00,0.2421
2022-04-01 10:30:00,0.212625
2022-04-02 10:30:00,0.22251248
2022-04-03 10:30:00,0.2001625
2022-04-04 10:30:00,0.261275
2022-04-05 10:30:00,0.28582498
2022-04-06 10:30:00,0.2997125
2022-04-07 10:30:00,0.3223875
2022-04-08 10:30:00,0.2895875
2022-04-09 10:30:00,0.24928749
2022-04-10 10:30:00,0.34051248
2022-04-11 10:30:00,0.35362497
2022-04-12 10:30:00,0.35555
2022-04-13 10:30:00,0.33956248
2022-04-14 10:30:00,0.36287498
2022-04-15 10:30:00,0.2103625
2022-04-16 10:30:00,0.2798
2022-04-17 10:30:00,0.3447
2022-04-18 10:30:00,0.2652125
2022-04-19 10:30:00,0.12485
2022-04-20 10:30:00,0.24299999
2022-04-21 10:30:00,0.7174125
2022-04-22 10:30:00,0.2911875
2022-04-23 10:30:00,0.37235
2022-04-24 10:30:00,0.4932625
2022-04-25 10:30:00,0.5234125
2022-04-26 10:30:00,0.4305375
2022-04-27 10:30:00,0.2848875
2022-04-28 10:30:00,0.22934999
2022-04-29 10:30:00,0.46721247
2022-04-30 10:30:00,0.3132125
2022-05-01 10:30:00,0.3089625
2022-05-02 10:30:00,0.34755
2022-05-03 10:30:00,0.448875
2022-05-04 10:30:00,0.38958752
2022-05-05 10:30:00,0.577725
2022-05-06 10:30:00,0.286425
2022-05-07 10:30:00,0.22438751
2022-05-08 10:30:00,0.20136249
2022-05-09 10:30:00,0.20723751
2022-05-10 10:30:00,0.5943625
2022-05-11 10:30:00,0.46388748
2022-05-12 10:30:00,0.47698748
2022-05-13 10:30:00,0.74854994
2022-05-14 10:30:00,0.40972498
2022-05-15 10:30:00,0.4152625
2022-05-16 10:30:00,0.32108748
2022-05-17 10:30:00,0.39724997
2022-05-18 10:30:00,0.3969375
2022-05-19 10:30:00,0.393075
2022-05-20 10:30:00,0.2803125
2022-05-21 10:30:00,0.33952498
2022-05-22 10:30:00,0.34548748
2022-05-23 10:30:00,0.31579998
2022-05-24 10:30:00,0.6668875
2022-05-25 10:30:00,0.43705
2022-05-26 10:30:00,0.396775
2022-05-27 10:30:00,0.292775
2022-05-28 10:30:00,0.47463748
2022-05-29 10:30:00,0.5863375
2022-05-30 10:30:00,0.58896244
2022-05-31 10:30:00,0.523225
2022-06-01 10:30:00,0.4998375
2022-06-02 10:30:00,0.3864625
2022-06-03 10:30:00,0.5209
2022-06-04 10:30:00,0.56221247
2022-06-05 10:30:00,0.4989875
2022-06-06 10:30:00,0.6166
2022-06-07 10:30:00,0.71577495
2022-06-08 10:30:00,0.679875
2022-06-09 10:30:00,0.7182375
2022-06-10 10:30:00,0.6119625
2022-06-11 10:30:00,0.6968875
2022-06-12 10:30:00,0.8494625
2022-06-13 10:30:00,0.82458746
2022-06-14 10:30:00,0.86875
2022-06-15 10:30:00,0.67684996
2022-06-16 10:30:00,0.70364994
2022-06-17 10:30:00,0.661825
2022-06-18 10:30:00,0.5965
2022-06-19 10:30:00,0.5754
2022-06-20 10:30:00,0.62738746
2022-06-21 10:30:00,0.51581246
2022-06-22 10:30:00,0.5653125
2022-06-23 10:30:00,0.5274625
2022-06-24 10:30:00,0.61843747
2022-06-25 10:30:00,0.6886125
2022-06-26 10:30:00,0.592375
2022-06-27 10:30:00,0.6194125
2022-06-28 10:30:00,0.666875
2022-06-29 10:30:00,0.488475
2022-06-30 10:30:00,0.7004374
2022-07-01 10:30:00,0.7555625
2022-07-02 10:30:00,0.65938747
2022-07-03 10:30:00,0.61205
2022-07-04 10:30:00,0.771275
2022-07-05 10:30:00,0.8113625
2022-07-06 10:30:00,0.69323754
2022-07-07 10:30:00,0.628125
2022-07-08 10:30:00,0.49025
2022-07-09 10:30:00,0.6224625
2022-07-10 10:30:00,0.5300625
2022-07-11 10:30:00,0.6972125
2022-07-12 10:30:00,0.63406247
2022-07-13 10:30:00,0.67452496
2022-07-14 10:30:00,0.577125
2022-07-15 10:30:00,0.7424
2022-07-16 10:30:00,0.717125
2022-07-17 10:30:00,0.6914125
2022-07-18 10:30:00,0.58041245
2022-07-19 10:30:00,0.49717498
2022-07-20 10:30:00,0.679275
2022-07-21 10:30:00,0.6258
2022-07-22 10:30:00,0.6185625
2022-07-23 10:30:00,0.7664125
2022-07-24 10:30:00,0.774525
2022-07-25 10:30:00,0.782825
2022-07-26 10:30:00,0.80606246
2022-07-27 10:30:00,0.8218875
2022-07-28 10:30:00,0.68863755
2022-07-29 10:30:00,0.77675
2022-07-30 10:30:00,0.7213375
2022-07-31 10:30:00,0.68081254
2022-08-01 10:30:00,0.565575
2022-08-02 10:30:00,0.7038625
2022-08-03 10:30:00,0.636875
2022-08-04 10:30:00,0.70565003
2022-08-05 10:30:00,0.53158754
2022-08-06 10:30:00,0.6429125
2022-08-07 10:30:00,0.52591246
2022-08-08 10:30:00,0.499
2022-08-09 10:30:00,0.43019998
2022-08-10 10:30:00,0.46958748
2022-08-11 10:30:00,0.506725
2022-08-12 10:30:00,0.53249997
2022-08-13 10:30:00,0.604775
2022-08-14 10:30:00,0.545075
2022-08-15 10:30:00,0.72428745
2022-08-16 10:30:00,0.530925
2022-08-17 10:30:00,0.57423747
2022-08-18 10:30:00,0.6245125
2022-08-19 10:30:00,0.57401246
2022-08-20 10:30:00,0.5643125
2022-08-21 10:30:00,0.5326375
2022-08-22 10:30:00,0.5271625
2022-08-23 10:30:00,0.5357125
2022-08-24 10:30:00,0.498225
2022-08-25 10:30:00,0.504975
2022-08-26 10:30:00,0.5652875
2022-08-27 10:30:00,0.519625
2022-08-28 10:30:00,0.62694997
2022-08-29 10:30:00,0.56305
2022-08-30 10:30:00,0.4463
2022-08-31 10:30:00,0.4955375
2022-09-01 10:30:00,0.46241248
2022-09-02 10:30:00,0.41525
2022-09-03 10:30:00,0.5977125
2022-09-04 10:30:00,0.512575
2022-09-05 10:30:00,0.4623125
2022-09-06 10:30:00,0.607125
2022-09-07 10:30:00,0.45058748
2022-09-08 10:30:00,0.509475
2022-09-09 10:30:00,0.457975
2022-09-10 10:30:00,0.609925
2022-09-11 10:30:00,0.6418375
2022-09-12 10:30:00,0.62895
2022-09-13 10:30:00,0.47768748
2022-09-14 10:30:00,0.5684125
2022-09-15 10:30:00,0.616475
2022-09-16 10:30:00,0.5827875
2022-09-17 10:30:00,0.41732496
2022-09-18 10:30:00,0.32729998
2022-09-19 10:30:00,0.24546249
2022-09-20 10:30:00,0.3456375
2022-09-21 10:30:00,0.34803748
2022-09-22 10:30:00,0.6332
2022-09-23 10:30:00,0.3998625
2022-09-24 10:30:00,0.46005
2022-09-25 10:30:00,0.418175
2022-09-26 10:30:00,0.3946625
2022-09-27 10:30:00,0.354775
2022-09-28 10:30:00,0.41939998
2022-09-29 10:30:00,0.3886625
2022-09-30 10:30:00,0.6931125
2022-10-01 10:30:00,0.6958625
2022-10-02 10:30:00,0.65567493
2022-10-03 10:30:00,0.45076248
2022-10-04 10:30:00,0.442625
2022-10-05 10:30:00,0.4899
2022-10-06 10:30:00,0.5011375
2022-10-07 10:30:00,0.50018746
2022-10-08 10:30:00,0.7370375
2022-10-09 10:30:00,0.49827498
2022-10-10 10:30:00,0.38095
2022-10-11 10:30:00,0.3525125
2022-10-12 10:30:00,0.2895125
2022-10-13 10:30:00,0.39874998
2022-10-14 10:30:00,0.33171248
2022-10-15 10:30:00,0.332425
2022-10-16 10:30:00,0.4310875
2022-10-17 10:30:00,0.4370875
2022-10-18 10:30:00,0.44
2022-10-19 10:30:00,0.2847125
2022-10-20 10:30:00,0.336175
2022-10-21 10:30:00,0.45665
2022-10-22 10:30:00,0.49892497
2022-10-23 10:30:00,0.49096248
2022-10-24 10:30:00,0.490575
2022-10-25 10:30:00,0.37466252
2022-10-26 10:30:00,0.44395
2022-10-27 10:30:00,0.39519998
2022-10-28 10:30:00,0.4346
2022-10-29 10:30:00,0.47366247
2022-10-30 10:30:00,0.5129
2022-10-31 10:30:00,0.471175
2022-11-01 10:30:00,0.4025125
2022-11-02 10:30:00,0.35305
2022-11-03 10:30:00,0.44845
2022-11-04 10:30:00,0.37682498
2022-11-05 10:30:00,0.47843748
2022-11-06 10:30:00,0.483175
2022-11-07 10:30:00,0.491375
2022-11-08 10:30:00,0.3497
2022-11-09 10:30:00,0.4332875
2022-11-10 10:30:00,0.51322496
2022-11-11 10:30:00,0.41387498
2022-11-12 10:30:00,0.44877496
2022-11-13 10:30:00,0.621575
2022-11-14 10:30:00,0.4923125
2022-11-15 10:30:00,0.4414875
2022-11-16 10:30:00,0.5233625
2022-11-17 10:30:00,0.461675
2022-11-18 10:30:00,0.497775
2022-11-19 10:30:00,0.508175
2022-11-20 10:30:00,0.40670002
2022-11-21 10:30:00,0.4130625
2022-11-22 10:30:00,0.5087375
2022-11-23 10:30:00,0.64905
2022-11-24 10:30:00,0.8103375
2022-11-25 10:30:00,0.562775
2022-11-26 10:30:00,0.40427497
2022-11-27 10:30:00,0.75855
2022-11-28 10:30:00,0.6752625
2022-11-29 10:30:00,0.502
2022-11-30 10:30:00,0.46901247
2022-12-01 10:30:00,0.47067496
2022-12-02 10:30:00,0.49853748
2022-12-03 10:30:00,0.44295
2022-12-04 10:30:00,0.5018875
2022-12-05 10:30:00,0.497
2022-12-06 10:30:00,0.551175
2022-12-07 10:30:00,0.58818746
2022-12-08 10:30:00,0.609475
2022-12-09 10:30:00,0.5903125
2022-12-10 10:30:00,0.5776375
2022-12-11 10:30:00,0.50965
2022-12-12 10:30:00,0.48279998
2022-12-13 10:30:00,0.44658747
2022-12-14 10:30:00,0.394875
2022-12-15 10:30:00,0.50168747
2022-12-16 10:30:00,0.5294
2022-12-17 10:30:00,0.4985375
2022-12-18 10:30:00,0.49631247
2022-12-19 10:30:00,0.62294996
2022-12-20 10:30:00,0.70503753
2022-12-21 10:30:00,0.63684994
2022-12-22 10:30:00,0.5231
2022-12-23 10:30:00,0.50194997
2022-12-24 10:30:00,0.4556
2022-12-25 10:30:00,0.5886625
2022-12-26 10:30:00,0.60975003
2022-12-27 10:30:00,0.61557496
2022-12-28 10:30:00,0.5628375
2022-12-29 10:30:00,0.5723625
2022-12-30 10:30:00,0.49206248
2022-12-31 10:30:00,0.5403625
