time,rhum
2012-01-01 10:30:00,0.600725
2012-01-02 10:30:00,0.59955
2012-01-03 10:30:00,0.58893746
2012-01-04 10:30:00,0.5896625
2012-01-05 10:30:00,0.566875
2012-01-06 10:30:00,0.58125
2012-01-07 10:30:00,0.5838125
2012-01-08 10:30:00,0.6202625
2012-01-09 10:30:00,0.64055
2012-01-10 10:30:00,0.55834997
2012-01-11 10:30:00,0.60636246
2012-01-12 10:30:00,0.67823744
2012-01-13 10:30:00,0.641175
2012-01-14 10:30:00,0.5808375
2012-01-15 10:30:00,0.63909996
2012-01-16 10:30:00,0.67080003
2012-01-17 10:30:00,0.64708745
2012-01-18 10:30:00,0.575975
2012-01-19 10:30:00,0.5412875
2012-01-20 10:30:00,0.4228625
2012-01-21 10:30:00,0.44787496
2012-01-22 10:30:00,0.4927875
2012-01-23 10:30:00,0.5121625
2012-01-24 10:30:00,0.4964125
2012-01-25 10:30:00,0.53585
2012-01-26 10:30:00,0.52046245
2012-01-27 10:30:00,0.468175
2012-01-28 10:30:00,0.4619875
2012-01-29 10:30:00,0.493525
2012-01-30 10:30:00,0.46059996
2012-01-31 10:30:00,0.4335375
2012-02-01 10:30:00,0.4495125
2012-02-02 10:30:00,0.4497375
2012-02-03 10:30:00,0.476225
2012-02-04 10:30:00,0.47507498
2012-02-05 10:30:00,0.44875
2012-02-06 10:30:00,0.44275
2012-02-07 10:30:00,0.45834997
2012-02-08 10:30:00,0.50879997
2012-02-09 10:30:00,0.52326244
2012-02-10 10:30:00,0.48275
2012-02-11 10:30:00,0.46697497
2012-02-12 10:30:00,0.482375
2012-02-13 10:30:00,0.49560001
2012-02-14 10:30:00,0.4336
2012-02-15 10:30:00,0.47717497
2012-02-16 10:30:00,0.44577497
2012-02-17 10:30:00,0.48028746
2012-02-18 10:30:00,0.4891375
2012-02-19 10:30:00,0.46021247
2012-02-20 10:30:00,0.426925
2012-02-21 10:30:00,0.2755125
2012-02-22 10:30:00,0.3361375
2012-02-23 10:30:00,0.48041248
2012-02-24 10:30:00,0.4777625
2012-02-25 10:30:00,0.46865
2012-02-26 10:30:00,0.53025
2012-02-27 10:30:00,0.4409875
2012-02-28 10:30:00,0.4418875
2012-02-29 10:30:00,0.5223
2012-03-01 10:30:00,0.4394
2012-03-02 10:30:00,0.4657375
2012-03-03 10:30:00,0.431875
2012-03-04 10:30:00,0.7092125
2012-03-05 10:30:00,0.854625
2012-03-06 10:30:00,0.6075875
2012-03-07 10:30:00,0.6254875
2012-03-08 10:30:00,0.5190875
2012-03-09 10:30:00,0.5152
2012-03-10 10:30:00,0.61223745
2012-03-11 10:30:00,0.57444996
2012-03-12 10:30:00,0.563775
2012-03-13 10:30:00,0.53095
2012-03-14 10:30:00,0.5268
2012-03-15 10:30:00,0.533225
2012-03-16 10:30:00,0.387925
2012-03-17 10:30:00,0.2295875
2012-03-18 10:30:00,0.35375
2012-03-19 10:30:00,0.31395
2012-03-20 10:30:00,0.323525
2012-03-21 10:30:00,0.41603747
2012-03-22 10:30:00,0.316075
2012-03-23 10:30:00,0.5922875
2012-03-24 10:30:00,0.41752496
2012-03-25 10:30:00,0.4094625
2012-03-26 10:30:00,0.320625
2012-03-27 10:30:00,0.34021252
2012-03-28 10:30:00,0.2852
2012-03-29 10:30:00,0.6152
2012-03-30 10:30:00,0.44912496
2012-03-31 10:30:00,0.33830002
2012-04-01 10:30:00,0.2427375
2012-04-02 10:30:00,0.3019875
2012-04-03 10:30:00,0.4418
2012-04-04 10:30:00,0.4774625
2012-04-05 10:30:00,0.46576247
2012-04-06 10:30:00,0.3091
2012-04-07 10:30:00,0.2579375
2012-04-08 10:30:00,0.3493375
2012-04-09 10:30:00,0.17366248
2012-04-10 10:30:00,0.26598752
2012-04-11 10:30:00,0.329275
2012-04-12 10:30:00,0.36145
2012-04-13 10:30:00,0.26782498
2012-04-14 10:30:00,0.511425
2012-04-15 10:30:00,0.342775
2012-04-16 10:30:00,0.307475
2012-04-17 10:30:00,0.2668125
2012-04-18 10:30:00,0.21492499
2012-04-19 10:30:00,0.3893
2012-04-20 10:30:00,0.2338125
2012-04-21 10:30:00,0.45373747
2012-04-22 10:30:00,0.3850125
2012-04-23 10:30:00,0.37241247
2012-04-24 10:30:00,0.18393749
2012-04-25 10:30:00,0.2441375
2012-04-26 10:30:00,0.20875
2012-04-27 10:30:00,0.64346254
2012-04-28 10:30:00,0.35233748
2012-04-29 10:30:00,0.23286249
2012-04-30 10:30:00,0.2407625
2012-05-01 10:30:00,0.2394375
2012-05-02 10:30:00,0.35733747
2012-05-03 10:30:00,0.2115625
2012-05-04 10:30:00,0.2042625
2012-05-05 10:30:00,0.146025
2012-05-06 10:30:00,0.18888749
2012-05-07 10:30:00,0.2904
2012-05-08 10:30:00,0.34298748
2012-05-09 10:30:00,0.38875
2012-05-10 10:30:00,0.439925
2012-05-11 10:30:00,0.4163375
2012-05-12 10:30:00,0.44807497
2012-05-13 10:30:00,0.4094
2012-05-14 10:30:00,0.5732
2012-05-15 10:30:00,0.56677496
2012-05-16 10:30:00,0.700475
2012-05-17 10:30:00,0.41061246
2012-05-18 10:30:00,0.280275
2012-05-19 10:30:00,0.23200001
2012-05-20 10:30:00,0.3172375
2012-05-21 10:30:00,0.3415375
2012-05-22 10:30:00,0.28393748
2012-05-23 10:30:00,0.2376
2012-05-24 10:30:00,0.2271875
2012-05-25 10:30:00,0.284125
2012-05-26 10:30:00,0.3949875
2012-05-27 10:30:00,0.2994125
2012-05-28 10:30:00,0.42708752
2012-05-29 10:30:00,0.562775
2012-05-30 10:30:00,0.5403875
2012-05-31 10:30:00,0.51355
2012-06-01 10:30:00,0.7044125
2012-06-02 10:30:00,0.9412
2012-06-03 10:30:00,0.7343625
2012-06-04 10:30:00,0.71346253
2012-06-05 10:30:00,0.598725
2012-06-06 10:30:00,0.6288625
2012-06-07 10:30:00,0.5075
2012-06-08 10:30:00,0.659775
2012-06-09 10:30:00,0.5841125
2012-06-10 10:30:00,0.60701245
2012-06-11 10:30:00,0.7010375
2012-06-12 10:30:00,0.7419625
2012-06-13 10:30:00,0.782275
2012-06-14 10:30:00,0.81104994
2012-06-15 10:30:00,0.78085
2012-06-16 10:30:00,0.70106244
2012-06-17 10:30:00,0.801075
2012-06-18 10:30:00,0.7162125
2012-06-19 10:30:00,0.6462375
2012-06-20 10:30:00,0.6348625
2012-06-21 10:30:00,0.61255
2012-06-22 10:30:00,0.6823124
2012-06-23 10:30:00,0.6936
2012-06-24 10:30:00,0.85148746
2012-06-25 10:30:00,0.8079875
2012-06-26 10:30:00,0.7909625
2012-06-27 10:30:00,0.8547875
2012-06-28 10:30:00,0.8015
2012-06-29 10:30:00,0.64116246
2012-06-30 10:30:00,0.5851125
2012-07-01 10:30:00,0.77385
2012-07-02 10:30:00,0.7677125
2012-07-03 10:30:00,0.73359996
2012-07-04 10:30:00,0.71828747
2012-07-05 10:30:00,0.75432503
2012-07-06 10:30:00,0.70986253
2012-07-07 10:30:00,0.67762494
2012-07-08 10:30:00,0.7779375
2012-07-09 10:30:00,0.7730625
2012-07-10 10:30:00,0.85464996
2012-07-11 10:30:00,0.8547125
2012-07-12 10:30:00,0.830925
2012-07-13 10:30:00,0.700575
2012-07-14 10:30:00,0.629025
2012-07-15 10:30:00,0.6961374
2012-07-16 10:30:00,0.64855003
2012-07-17 10:30:00,0.59139997
2012-07-18 10:30:00,0.75958747
2012-07-19 10:30:00,0.76268744
2012-07-20 10:30:00,0.77597505
2012-07-21 10:30:00,0.7910375
2012-07-22 10:30:00,0.8131875
2012-07-23 10:30:00,0.6469375
2012-07-24 10:30:00,0.7322625
2012-07-25 10:30:00,0.82754993
2012-07-26 10:30:00,0.68642503
2012-07-27 10:30:00,0.67515
2012-07-28 10:30:00,0.84125
2012-07-29 10:30:00,0.8296875
2012-07-30 10:30:00,0.77308744
2012-07-31 10:30:00,0.733125
2012-08-01 10:30:00,0.7549125
2012-08-02 10:30:00,0.79679996
2012-08-03 10:30:00,0.81452495
2012-08-04 10:30:00,0.7707125
2012-08-05 10:30:00,0.7033
2012-08-06 10:30:00,0.68764997
2012-08-07 10:30:00,0.68933743
2012-08-08 10:30:00,0.65457505
2012-08-09 10:30:00,0.5408875
2012-08-10 10:30:00,0.6867875
2012-08-11 10:30:00,0.86286247
2012-08-12 10:30:00,0.624075
2012-08-13 10:30:00,0.56975
2012-08-14 10:30:00,0.7515875
2012-08-15 10:30:00,0.59841245
2012-08-16 10:30:00,0.598875
2012-08-17 10:30:00,0.7137625
2012-08-18 10:30:00,0.6469
2012-08-19 10:30:00,0.596875
2012-08-20 10:30:00,0.6353875
2012-08-21 10:30:00,0.6286375
2012-08-22 10:30:00,0.4314625
2012-08-23 10:30:00,0.47242498
2012-08-24 10:30:00,0.6138125
2012-08-25 10:30:00,0.65231246
2012-08-26 10:30:00,0.6790625
2012-08-27 10:30:00,0.7695375
2012-08-28 10:30:00,0.60005
2012-08-29 10:30:00,0.54061246
2012-08-30 10:30:00,0.59284997
2012-08-31 10:30:00,0.623525
2012-09-01 10:30:00,0.53005
2012-09-02 10:30:00,0.829525
2012-09-03 10:30:00,0.7690125
2012-09-04 10:30:00,0.7421
2012-09-05 10:30:00,0.60604995
2012-09-06 10:30:00,0.512
2012-09-07 10:30:00,0.65647495
2012-09-08 10:30:00,0.6925125
2012-09-09 10:30:00,0.5701625
2012-09-10 10:30:00,0.6290625
2012-09-11 10:30:00,0.909325
2012-09-12 10:30:00,0.757725
2012-09-13 10:30:00,0.6684874
2012-09-14 10:30:00,0.61842495
2012-09-15 10:30:00,0.5959625
2012-09-16 10:30:00,0.6157
2012-09-17 10:30:00,0.6231875
2012-09-18 10:30:00,0.6074
2012-09-19 10:30:00,0.671775
2012-09-20 10:30:00,0.523475
2012-09-21 10:30:00,0.54665
2012-09-22 10:30:00,0.71718746
2012-09-23 10:30:00,0.75273746
2012-09-24 10:30:00,0.6706875
2012-09-25 10:30:00,0.8112
2012-09-26 10:30:00,0.5154875
2012-09-27 10:30:00,0.8314499
2012-09-28 10:30:00,0.4800875
2012-09-29 10:30:00,0.533375
2012-09-30 10:30:00,0.59433746
2012-10-01 10:30:00,0.5217125
2012-10-02 10:30:00,0.5825125
2012-10-03 10:30:00,0.756425
2012-10-04 10:30:00,0.5117875
2012-10-05 10:30:00,0.54443747
2012-10-06 10:30:00,0.593
2012-10-07 10:30:00,0.600625
2012-10-08 10:30:00,0.574875
2012-10-09 10:30:00,0.51497495
2012-10-10 10:30:00,0.41744998
2012-10-11 10:30:00,0.5402375
2012-10-12 10:30:00,0.60134995
2012-10-13 10:30:00,0.60487497
2012-10-14 10:30:00,0.55939996
2012-10-15 10:30:00,0.626775
2012-10-16 10:30:00,0.76418746
2012-10-17 10:30:00,0.58575
2012-10-18 10:30:00,0.4859875
2012-10-19 10:30:00,0.44048747
2012-10-20 10:30:00,0.42881247
2012-10-21 10:30:00,0.5236375
2012-10-22 10:30:00,0.5880625
2012-10-23 10:30:00,0.606075
2012-10-24 10:30:00,0.551125
2012-10-25 10:30:00,0.6108
2012-10-26 10:30:00,0.4984125
2012-10-27 10:30:00,0.43396246
2012-10-28 10:30:00,0.42118752
2012-10-29 10:30:00,0.50673753
2012-10-30 10:30:00,0.671425
2012-10-31 10:30:00,0.60458744
2012-11-01 10:30:00,0.5523
2012-11-02 10:30:00,0.46564996
2012-11-03 10:30:00,0.682125
2012-11-04 10:30:00,0.80022496
2012-11-05 10:30:00,0.67405
2012-11-06 10:30:00,0.6513125
2012-11-07 10:30:00,0.58721244
2012-11-08 10:30:00,0.606375
2012-11-09 10:30:00,0.5804375
2012-11-10 10:30:00,0.72363746
2012-11-11 10:30:00,0.74653745
2012-11-12 10:30:00,0.57726246
2012-11-13 10:30:00,0.6235875
2012-11-14 10:30:00,0.5800125
2012-11-15 10:30:00,0.5014875
2012-11-16 10:30:00,0.56483746
2012-11-17 10:30:00,0.58037496
2012-11-18 10:30:00,0.7386875
2012-11-19 10:30:00,0.5884125
2012-11-20 10:30:00,0.589625
2012-11-21 10:30:00,0.61225
2012-11-22 10:30:00,0.5878125
2012-11-23 10:30:00,0.5708625
2012-11-24 10:30:00,0.6483625
2012-11-25 10:30:00,0.610275
2012-11-26 10:30:00,0.607775
2012-11-27 10:30:00,0.6955875
2012-11-28 10:30:00,0.610675
2012-11-29 10:30:00,0.54746246
2012-11-30 10:30:00,0.4649375
2012-12-01 10:30:00,0.58225
2012-12-02 10:30:00,0.6822875
2012-12-03 10:30:00,0.5405625
2012-12-04 10:30:00,0.5724
2012-12-05 10:30:00,0.51682496
2012-12-06 10:30:00,0.46577498
2012-12-07 10:30:00,0.4773125
2012-12-08 10:30:00,0.49432498
2012-12-09 10:30:00,0.54975
2012-12-10 10:30:00,0.5622375
2012-12-11 10:30:00,0.627275
2012-12-12 10:30:00,0.662025
2012-12-13 10:30:00,0.5347125
2012-12-14 10:30:00,0.58975
2012-12-15 10:30:00,0.666575
2012-12-16 10:30:00,0.5982125
2012-12-17 10:30:00,0.54325
2012-12-18 10:30:00,0.5344125
2012-12-19 10:30:00,0.5371125
2012-12-20 10:30:00,0.5891625
2012-12-21 10:30:00,0.5323625
2012-12-22 10:30:00,0.48483747
2012-12-23 10:30:00,0.513725
2012-12-24 10:30:00,0.5190875
2012-12-25 10:30:00,0.47912496
2012-12-26 10:30:00,0.5766125
2012-12-27 10:30:00,0.625975
2012-12-28 10:30:00,0.69238746
2012-12-29 10:30:00,0.58076245
2012-12-30 10:30:00,0.5268625
2012-12-31 10:30:00,0.604075
2013-01-01 10:30:00,0.45608747
2013-01-02 10:30:00,0.49298748
2013-01-03 10:30:00,0.4440375
2013-01-04 10:30:00,0.46476248
2013-01-05 10:30:00,0.5252875
2013-01-06 10:30:00,0.65565
2013-01-07 10:30:00,0.498125
2013-01-08 10:30:00,0.49400002
2013-01-09 10:30:00,0.52785
2013-01-10 10:30:00,0.67945
2013-01-11 10:30:00,0.7060125
2013-01-12 10:30:00,0.6136125
2013-01-13 10:30:00,0.65788746
2013-01-14 10:30:00,0.6634625
2013-01-15 10:30:00,0.696925
2013-01-16 10:30:00,0.5266875
2013-01-17 10:30:00,0.5679
2013-01-18 10:30:00,0.6086625
2013-01-19 10:30:00,0.7546125
2013-01-20 10:30:00,0.7183
2013-01-21 10:30:00,0.64863753
2013-01-22 10:30:00,0.665025
2013-01-23 10:30:00,0.61055
2013-01-24 10:30:00,0.4507125
2013-01-25 10:30:00,0.44732496
2013-01-26 10:30:00,0.6161125
2013-01-27 10:30:00,0.66705
2013-01-28 10:30:00,0.72980005
2013-01-29 10:30:00,0.7269625
2013-01-30 10:30:00,0.77467495
2013-01-31 10:30:00,0.673075
2013-02-01 10:30:00,0.449725
2013-02-02 10:30:00,0.5596875
2013-02-03 10:30:00,0.688475
2013-02-04 10:30:00,0.5465
2013-02-05 10:30:00,0.541375
2013-02-06 10:30:00,0.47364998
2013-02-07 10:30:00,0.45572498
2013-02-08 10:30:00,0.485375
2013-02-09 10:30:00,0.4966375
2013-02-10 10:30:00,0.4876625
2013-02-11 10:30:00,0.573925
2013-02-12 10:30:00,0.5416875
2013-02-13 10:30:00,0.53095
2013-02-14 10:30:00,0.53959996
2013-02-15 10:30:00,0.65135
2013-02-16 10:30:00,0.6049875
2013-02-17 10:30:00,0.48908746
2013-02-18 10:30:00,0.42636248
2013-02-19 10:30:00,0.4564125
2013-02-20 10:30:00,0.406225
2013-02-21 10:30:00,0.4934375
2013-02-22 10:30:00,0.4488625
2013-02-23 10:30:00,0.36604998
2013-02-24 10:30:00,0.41455
2013-02-25 10:30:00,0.59205
2013-02-26 10:30:00,0.67411244
2013-02-27 10:30:00,0.4454625
2013-02-28 10:30:00,0.6288875
2013-03-01 10:30:00,0.411
2013-03-02 10:30:00,0.5823125
2013-03-03 10:30:00,0.5054375
2013-03-04 10:30:00,0.53824997
2013-03-05 10:30:00,0.563425
2013-03-06 10:30:00,0.4746
2013-03-07 10:30:00,0.40636247
2013-03-08 10:30:00,0.5761875
2013-03-09 10:30:00,0.63548744
2013-03-10 10:30:00,0.5876875
2013-03-11 10:30:00,0.4434875
2013-03-12 10:30:00,0.36924997
2013-03-13 10:30:00,0.432525
2013-03-14 10:30:00,0.4775125
2013-03-15 10:30:00,0.56572497
2013-03-16 10:30:00,0.3869125
2013-03-17 10:30:00,0.36799997
2013-03-18 10:30:00,0.376225
2013-03-19 10:30:00,0.3465375
2013-03-20 10:30:00,0.4260625
2013-03-21 10:30:00,0.3625125
2013-03-22 10:30:00,0.415675
2013-03-23 10:30:00,0.35635
2013-03-24 10:30:00,0.41779998
2013-03-25 10:30:00,0.4498625
2013-03-26 10:30:00,0.3495125
2013-03-27 10:30:00,0.47855
2013-03-28 10:30:00,0.45901248
2013-03-29 10:30:00,0.43681252
2013-03-30 10:30:00,0.3759
2013-03-31 10:30:00,0.36740002
2013-04-01 10:30:00,0.3256625
2013-04-02 10:30:00,0.2908
2013-04-03 10:30:00,0.36314997
2013-04-04 10:30:00,0.52863747
2013-04-05 10:30:00,0.557625
2013-04-06 10:30:00,0.363675
2013-04-07 10:30:00,0.437975
2013-04-08 10:30:00,0.5989125
2013-04-09 10:30:00,0.40246248
2013-04-10 10:30:00,0.44619998
2013-04-11 10:30:00,0.453125
2013-04-12 10:30:00,0.36549997
2013-04-13 10:30:00,0.29251248
2013-04-14 10:30:00,0.28559998
2013-04-15 10:30:00,0.25485
2013-04-16 10:30:00,0.29591247
2013-04-17 10:30:00,0.30081248
2013-04-18 10:30:00,0.370525
2013-04-19 10:30:00,0.3217625
2013-04-20 10:30:00,0.3255625
2013-04-21 10:30:00,0.310325
2013-04-22 10:30:00,0.4412125
2013-04-23 10:30:00,0.4173875
2013-04-24 10:30:00,0.54566246
2013-04-25 10:30:00,0.660025
2013-04-26 10:30:00,0.38683748
2013-04-27 10:30:00,0.35439998
2013-04-28 10:30:00,0.5494125
2013-04-29 10:30:00,0.628475
2013-04-30 10:30:00,0.69783753
2013-05-01 10:30:00,0.5927125
2013-05-02 10:30:00,0.657575
2013-05-03 10:30:00,0.45826247
2013-05-04 10:30:00,0.3071125
2013-05-05 10:30:00,0.339275
2013-05-06 10:30:00,0.37486252
2013-05-07 10:30:00,0.2407625
2013-05-08 10:30:00,0.4191625
2013-05-09 10:30:00,0.452425
2013-05-10 10:30:00,0.30761248
2013-05-11 10:30:00,0.661025
2013-05-12 10:30:00,0.61417496
2013-05-13 10:30:00,0.61331254
2013-05-14 10:30:00,0.7234625
2013-05-15 10:30:00,0.5929
2013-05-16 10:30:00,0.44375
2013-05-17 10:30:00,0.47122496
2013-05-18 10:30:00,0.29947498
2013-05-19 10:30:00,0.4612875
2013-05-20 10:30:00,0.3516
2013-05-21 10:30:00,0.59205
2013-05-22 10:30:00,0.329475
2013-05-23 10:30:00,0.3776625
2013-05-24 10:30:00,0.331925
2013-05-25 10:30:00,0.37057498
2013-05-26 10:30:00,0.48077497
2013-05-27 10:30:00,0.68997496
2013-05-28 10:30:00,0.44215
2013-05-29 10:30:00,0.38573748
2013-05-30 10:30:00,0.43435
2013-05-31 10:30:00,0.3742875
2013-06-01 10:30:00,0.36083752
2013-06-02 10:30:00,0.5249
2013-06-03 10:30:00,0.7486125
2013-06-04 10:30:00,0.6726999
2013-06-05 10:30:00,0.63724995
2013-06-06 10:30:00,0.91333747
2013-06-07 10:30:00,0.64987504
2013-06-08 10:30:00,0.73015
2013-06-09 10:30:00,0.73599994
2013-06-10 10:30:00,0.614125
2013-06-11 10:30:00,0.71683747
2013-06-12 10:30:00,0.6451125
2013-06-13 10:30:00,0.618925
2013-06-14 10:30:00,0.63159996
2013-06-15 10:30:00,0.675775
2013-06-16 10:30:00,0.7037875
2013-06-17 10:30:00,0.5863625
2013-06-18 10:30:00,0.6223625
2013-06-19 10:30:00,0.633275
2013-06-20 10:30:00,0.6708125
2013-06-21 10:30:00,0.6563375
2013-06-22 10:30:00,0.6289125
2013-06-23 10:30:00,0.679275
2013-06-24 10:30:00,0.6146625
2013-06-25 10:30:00,0.710275
2013-06-26 10:30:00,0.94205
2013-06-27 10:30:00,0.84015
2013-06-28 10:30:00,0.6518625
2013-06-29 10:30:00,0.8565875
2013-06-30 10:30:00,0.76256245
2013-07-01 10:30:00,0.7945375
2013-07-02 10:30:00,0.766625
2013-07-03 10:30:00,0.6459
2013-07-04 10:30:00,0.60969996
2013-07-05 10:30:00,0.5438875
2013-07-06 10:30:00,0.72134995
2013-07-07 10:30:00,0.67161244
2013-07-08 10:30:00,0.7343875
2013-07-09 10:30:00,0.6122625
2013-07-10 10:30:00,0.48575
2013-07-11 10:30:00,0.638375
2013-07-12 10:30:00,0.8016875
2013-07-13 10:30:00,0.6875875
2013-07-14 10:30:00,0.6924875
2013-07-15 10:30:00,0.88357496
2013-07-16 10:30:00,0.5860625
2013-07-17 10:30:00,0.67628753
2013-07-18 10:30:00,0.8513625
2013-07-19 10:30:00,0.786975
2013-07-20 10:30:00,0.6375125
2013-07-21 10:30:00,0.66985
2013-07-22 10:30:00,0.81496245
2013-07-23 10:30:00,0.805075
2013-07-24 10:30:00,0.752275
2013-07-25 10:30:00,0.75062495
2013-07-26 10:30:00,0.76336247
2013-07-27 10:30:00,0.8769875
2013-07-28 10:30:00,0.66175
2013-07-29 10:30:00,0.76735
2013-07-30 10:30:00,0.75083745
2013-07-31 10:30:00,0.86781245
2013-08-01 10:30:00,0.83106244
2013-08-02 10:30:00,0.8556375
2013-08-03 10:30:00,0.7357375
2013-08-04 10:30:00,0.796475
2013-08-05 10:30:00,0.7304875
2013-08-06 10:30:00,0.7473
2013-08-07 10:30:00,0.68292505
2013-08-08 10:30:00,0.6180125
2013-08-09 10:30:00,0.6483625
2013-08-10 10:30:00,0.6271125
2013-08-11 10:30:00,0.71999997
2013-08-12 10:30:00,0.75135
2013-08-13 10:30:00,0.61845
2013-08-14 10:30:00,0.5904125
2013-08-15 10:30:00,0.6715125
2013-08-16 10:30:00,0.862875
2013-08-17 10:30:00,0.66028744
2013-08-18 10:30:00,0.68955
2013-08-19 10:30:00,0.73381245
2013-08-20 10:30:00,0.6937625
2013-08-21 10:30:00,0.8104
2013-08-22 10:30:00,0.6820375
2013-08-23 10:30:00,0.66754997
2013-08-24 10:30:00,0.6337875
2013-08-25 10:30:00,0.709075
2013-08-26 10:30:00,0.71128744
2013-08-27 10:30:00,0.71332496
2013-08-28 10:30:00,0.8328
2013-08-29 10:30:00,0.70116246
2013-08-30 10:30:00,0.68364996
2013-08-31 10:30:00,0.7762
2013-09-01 10:30:00,0.7716375
2013-09-02 10:30:00,0.74385
2013-09-03 10:30:00,0.6815625
2013-09-04 10:30:00,0.7143875
2013-09-05 10:30:00,0.7668
2013-09-06 10:30:00,0.89887494
2013-09-07 10:30:00,0.6870625
2013-09-08 10:30:00,0.64475
2013-09-09 10:30:00,0.75519997
2013-09-10 10:30:00,0.61985
2013-09-11 10:30:00,0.596675
2013-09-12 10:30:00,0.62633747
2013-09-13 10:30:00,0.63645
2013-09-14 10:30:00,0.4552125
2013-09-15 10:30:00,0.5320875
2013-09-16 10:30:00,0.4749
2013-09-17 10:30:00,0.59714997
2013-09-18 10:30:00,0.61592495
2013-09-19 10:30:00,0.6090375
2013-09-20 10:30:00,0.6471125
2013-09-21 10:30:00,0.7080375
2013-09-22 10:30:00,0.5230125
2013-09-23 10:30:00,0.502
2013-09-24 10:30:00,0.51722497
2013-09-25 10:30:00,0.5322
2013-09-26 10:30:00,0.4737375
2013-09-27 10:30:00,0.42525
2013-09-28 10:30:00,0.487475
2013-09-29 10:30:00,0.42842498
2013-09-30 10:30:00,0.49307498
2013-10-01 10:30:00,0.401875
2013-10-02 10:30:00,0.41654998
2013-10-03 10:30:00,0.4145
2013-10-04 10:30:00,0.38773748
2013-10-05 10:30:00,0.3096875
2013-10-06 10:30:00,0.43829998
2013-10-07 10:30:00,0.429175
2013-10-08 10:30:00,0.34928748
2013-10-09 10:30:00,0.421825
2013-10-10 10:30:00,0.79763746
2013-10-11 10:30:00,0.6481125
2013-10-12 10:30:00,0.5240875
2013-10-13 10:30:00,0.52081245
2013-10-14 10:30:00,0.4446
2013-10-15 10:30:00,0.46731248
2013-10-16 10:30:00,0.5105875
2013-10-17 10:30:00,0.45041248
2013-10-18 10:30:00,0.55092496
2013-10-19 10:30:00,0.688375
2013-10-20 10:30:00,0.70239997
2013-10-21 10:30:00,0.8291375
2013-10-22 10:30:00,0.74466246
2013-10-23 10:30:00,0.4565
2013-10-24 10:30:00,0.7359625
2013-10-25 10:30:00,0.69476247
2013-10-26 10:30:00,0.7455625
2013-10-27 10:30:00,0.6194625
2013-10-28 10:30:00,0.6596125
2013-10-29 10:30:00,0.59323746
2013-10-30 10:30:00,0.5788125
2013-10-31 10:30:00,0.6337875
2013-11-01 10:30:00,0.6548749
2013-11-02 10:30:00,0.590325
2013-11-03 10:30:00,0.6092
2013-11-04 10:30:00,0.48888752
2013-11-05 10:30:00,0.59055
2013-11-06 10:30:00,0.5566
2013-11-07 10:30:00,0.6877625
2013-11-08 10:30:00,0.77396244
2013-11-09 10:30:00,0.407625
2013-11-10 10:30:00,0.40886247
2013-11-11 10:30:00,0.5677375
2013-11-12 10:30:00,0.5734125
2013-11-13 10:30:00,0.502675
2013-11-14 10:30:00,0.616075
2013-11-15 10:30:00,0.5895625
2013-11-16 10:30:00,0.62729996
2013-11-17 10:30:00,0.5127875
2013-11-18 10:30:00,0.3644625
2013-11-19 10:30:00,0.3305625
2013-11-20 10:30:00,0.5833375
2013-11-21 10:30:00,0.5941875
2013-11-22 10:30:00,0.627525
2013-11-23 10:30:00,0.5957125
2013-11-24 10:30:00,0.51577497
2013-11-25 10:30:00,0.5070625
2013-11-26 10:30:00,0.54835
2013-11-27 10:30:00,0.46937498
2013-11-28 10:30:00,0.491525
2013-11-29 10:30:00,0.4738
2013-11-30 10:30:00,0.4431
2013-12-01 10:30:00,0.46866247
2013-12-02 10:30:00,0.5755875
2013-12-03 10:30:00,0.5416
2013-12-04 10:30:00,0.4899625
2013-12-05 10:30:00,0.5244375
2013-12-06 10:30:00,0.573375
2013-12-07 10:30:00,0.67872494
2013-12-08 10:30:00,0.73531246
2013-12-09 10:30:00,0.6917
2013-12-10 10:30:00,0.69724995
2013-12-11 10:30:00,0.66652495
2013-12-12 10:30:00,0.48343748
2013-12-13 10:30:00,0.4743375
2013-12-14 10:30:00,0.55995
2013-12-15 10:30:00,0.6407374
2013-12-16 10:30:00,0.7450625
2013-12-17 10:30:00,0.7035875
2013-12-18 10:30:00,0.7147
2013-12-19 10:30:00,0.685075
2013-12-20 10:30:00,0.6076125
2013-12-21 10:30:00,0.6523625
2013-12-22 10:30:00,0.6040375
2013-12-23 10:30:00,0.72601247
2013-12-24 10:30:00,0.68264997
2013-12-25 10:30:00,0.71898746
2013-12-26 10:30:00,0.61105
2013-12-27 10:30:00,0.62653744
2013-12-28 10:30:00,0.524875
2013-12-29 10:30:00,0.606175
2013-12-30 10:30:00,0.6333625
2013-12-31 10:30:00,0.5417625
2014-01-01 10:30:00,0.4616625
2014-01-02 10:30:00,0.52685
2014-01-03 10:30:00,0.62057495
2014-01-04 10:30:00,0.70046246
2014-01-05 10:30:00,0.643725
2014-01-06 10:30:00,0.5307125
2014-01-07 10:30:00,0.4810125
2014-01-08 10:30:00,0.456325
2014-01-09 10:30:00,0.48908746
2014-01-10 10:30:00,0.518875
2014-01-11 10:30:00,0.43765
2014-01-12 10:30:00,0.4154125
2014-01-13 10:30:00,0.5198375
2014-01-14 10:30:00,0.5997125
2014-01-15 10:30:00,0.6940875
2014-01-16 10:30:00,0.658125
2014-01-17 10:30:00,0.5941875
2014-01-18 10:30:00,0.5390625
2014-01-19 10:30:00,0.713225
2014-01-20 10:30:00,0.62712497
2014-01-21 10:30:00,0.5854875
2014-01-22 10:30:00,0.61492497
2014-01-23 10:30:00,0.49496248
2014-01-24 10:30:00,0.6059625
2014-01-25 10:30:00,0.5154
2014-01-26 10:30:00,0.48128748
2014-01-27 10:30:00,0.39372498
2014-01-28 10:30:00,0.394
2014-01-29 10:30:00,0.5160875
2014-01-30 10:30:00,0.562275
2014-01-31 10:30:00,0.53305
2014-02-01 10:30:00,0.5139125
2014-02-02 10:30:00,0.36951247
2014-02-03 10:30:00,0.42189997
2014-02-04 10:30:00,0.4945
2014-02-05 10:30:00,0.5247625
2014-02-06 10:30:00,0.52213746
2014-02-07 10:30:00,0.480475
2014-02-08 10:30:00,0.6260875
2014-02-09 10:30:00,0.5662625
2014-02-10 10:30:00,0.59265
2014-02-11 10:30:00,0.5904
2014-02-12 10:30:00,0.489975
2014-02-13 10:30:00,0.5327
2014-02-14 10:30:00,0.7034625
2014-02-15 10:30:00,0.6415
2014-02-16 10:30:00,0.54585
2014-02-17 10:30:00,0.49647498
2014-02-18 10:30:00,0.53588754
2014-02-19 10:30:00,0.5450375
2014-02-20 10:30:00,0.55277497
2014-02-21 10:30:00,0.60061246
2014-02-22 10:30:00,0.5222375
2014-02-23 10:30:00,0.615875
2014-02-24 10:30:00,0.5337625
2014-02-25 10:30:00,0.553675
2014-02-26 10:30:00,0.607175
2014-02-27 10:30:00,0.42474997
2014-02-28 10:30:00,0.48468748
2014-03-01 10:30:00,0.41404998
2014-03-02 10:30:00,0.41013747
2014-03-03 10:30:00,0.42239997
2014-03-04 10:30:00,0.4402
2014-03-05 10:30:00,0.4539625
2014-03-06 10:30:00,0.46766248
2014-03-07 10:30:00,0.427625
2014-03-08 10:30:00,0.3641375
2014-03-09 10:30:00,0.400675
2014-03-10 10:30:00,0.20696251
2014-03-11 10:30:00,0.48408747
2014-03-12 10:30:00,0.496325
2014-03-13 10:30:00,0.44187498
2014-03-14 10:30:00,0.32743752
2014-03-15 10:30:00,0.44305
2014-03-16 10:30:00,0.36055
2014-03-17 10:30:00,0.5906375
2014-03-18 10:30:00,0.40335
2014-03-19 10:30:00,0.4488625
2014-03-20 10:30:00,0.467425
2014-03-21 10:30:00,0.38138747
2014-03-22 10:30:00,0.338125
2014-03-23 10:30:00,0.34985
2014-03-24 10:30:00,0.36561248
2014-03-25 10:30:00,0.40515
2014-03-26 10:30:00,0.53463745
2014-03-27 10:30:00,0.486725
2014-03-28 10:30:00,0.43541247
2014-03-29 10:30:00,0.3394625
2014-03-30 10:30:00,0.2466125
2014-03-31 10:30:00,0.29735
2014-04-01 10:30:00,0.45298752
2014-04-02 10:30:00,0.46559995
2014-04-03 10:30:00,0.454675
2014-04-04 10:30:00,0.566525
2014-04-05 10:30:00,0.3894625
2014-04-06 10:30:00,0.28975
2014-04-07 10:30:00,0.38923746
2014-04-08 10:30:00,0.29468748
2014-04-09 10:30:00,0.4541125
2014-04-10 10:30:00,0.272425
2014-04-11 10:30:00,0.237025
2014-04-12 10:30:00,0.28652498
2014-04-13 10:30:00,0.28097498
2014-04-14 10:30:00,0.2753625
2014-04-15 10:30:00,0.2320375
2014-04-16 10:30:00,0.1969625
2014-04-17 10:30:00,0.69948745
2014-04-18 10:30:00,0.50175
2014-04-19 10:30:00,0.72975
2014-04-20 10:30:00,0.54605
2014-04-21 10:30:00,0.36049998
2014-04-22 10:30:00,0.31527498
2014-04-23 10:30:00,0.265425
2014-04-24 10:30:00,0.26205
2014-04-25 10:30:00,0.297875
2014-04-26 10:30:00,0.37482497
2014-04-27 10:30:00,0.36028752
2014-04-28 10:30:00,0.2877125
2014-04-29 10:30:00,0.222525
2014-04-30 10:30:00,0.2628375
2014-05-01 10:30:00,0.58582497
2014-05-02 10:30:00,0.5147
2014-05-03 10:30:00,0.6871875
2014-05-04 10:30:00,0.40091246
2014-05-05 10:30:00,0.33458748
2014-05-06 10:30:00,0.3674375
2014-05-07 10:30:00,0.4338
2014-05-08 10:30:00,0.4386
2014-05-09 10:30:00,0.44268748
2014-05-10 10:30:00,0.7296375
2014-05-11 10:30:00,0.764475
2014-05-12 10:30:00,0.6705874
2014-05-13 10:30:00,0.6474375
2014-05-14 10:30:00,0.62137496
2014-05-15 10:30:00,0.6516625
2014-05-16 10:30:00,0.8292375
2014-05-17 10:30:00,0.5608125
2014-05-18 10:30:00,0.73391247
2014-05-19 10:30:00,0.893025
2014-05-20 10:30:00,0.56009996
2014-05-21 10:30:00,0.6316125
2014-05-22 10:30:00,0.49346247
2014-05-23 10:30:00,0.5584125
2014-05-24 10:30:00,0.729725
2014-05-25 10:30:00,0.62939996
2014-05-26 10:30:00,0.56645
2014-05-27 10:30:00,0.5479875
2014-05-28 10:30:00,0.40377498
2014-05-29 10:30:00,0.321725
2014-05-30 10:30:00,0.360975
2014-05-31 10:30:00,0.3828625
2014-06-01 10:30:00,0.3786
2014-06-02 10:30:00,0.43345
2014-06-03 10:30:00,0.5800875
2014-06-04 10:30:00,0.51159996
2014-06-05 10:30:00,0.51695
2014-06-06 10:30:00,0.4332
2014-06-07 10:30:00,0.6965
2014-06-08 10:30:00,0.83528745
2014-06-09 10:30:00,0.9043
2014-06-10 10:30:00,0.6883249
2014-06-11 10:30:00,0.8244
2014-06-12 10:30:00,0.70887494
2014-06-13 10:30:00,0.5479375
2014-06-14 10:30:00,0.54405
2014-06-15 10:30:00,0.58905
2014-06-16 10:30:00,0.6349625
2014-06-17 10:30:00,0.7561
2014-06-18 10:30:00,0.7410875
2014-06-19 10:30:00,0.632375
2014-06-20 10:30:00,0.76256245
2014-06-21 10:30:00,0.792825
2014-06-22 10:30:00,0.67095
2014-06-23 10:30:00,0.6851875
2014-06-24 10:30:00,0.64515
2014-06-25 10:30:00,0.7142375
2014-06-26 10:30:00,0.8321375
2014-06-27 10:30:00,0.60994995
2014-06-28 10:30:00,0.5813
2014-06-29 10:30:00,0.4944875
2014-06-30 10:30:00,0.5472125
2014-07-01 10:30:00,0.6016
2014-07-02 10:30:00,0.7400875
2014-07-03 10:30:00,0.5880375
2014-07-04 10:30:00,0.46776247
2014-07-05 10:30:00,0.5319625
2014-07-06 10:30:00,0.620075
2014-07-07 10:30:00,0.6055
2014-07-08 10:30:00,0.51186246
2014-07-09 10:30:00,0.6126625
2014-07-10 10:30:00,0.7787
2014-07-11 10:30:00,0.790725
2014-07-12 10:30:00,0.8192375
2014-07-13 10:30:00,0.6887875
2014-07-14 10:30:00,0.6925374
2014-07-15 10:30:00,0.80183744
2014-07-16 10:30:00,0.77526253
2014-07-17 10:30:00,0.76654994
2014-07-18 10:30:00,0.789675
2014-07-19 10:30:00,0.76834995
2014-07-20 10:30:00,0.81479996
2014-07-21 10:30:00,0.68523747
2014-07-22 10:30:00,0.57625
2014-07-23 10:30:00,0.64599997
2014-07-24 10:30:00,0.54365003
2014-07-25 10:30:00,0.6671875
2014-07-26 10:30:00,0.665675
2014-07-27 10:30:00,0.6642375
2014-07-28 10:30:00,0.6586625
2014-07-29 10:30:00,0.7037
2014-07-30 10:30:00,0.6483
2014-07-31 10:30:00,0.5351125
2014-08-01 10:30:00,0.5397875
2014-08-02 10:30:00,0.71205
2014-08-03 10:30:00,0.6792
2014-08-04 10:30:00,0.617175
2014-08-05 10:30:00,0.66359997
2014-08-06 10:30:00,0.6875875
2014-08-07 10:30:00,0.65216243
2014-08-08 10:30:00,0.52822495
2014-08-09 10:30:00,0.80333745
2014-08-10 10:30:00,0.69996244
2014-08-11 10:30:00,0.6044125
2014-08-12 10:30:00,0.601525
2014-08-13 10:30:00,0.73223746
2014-08-14 10:30:00,0.8604875
2014-08-15 10:30:00,0.8983875
2014-08-16 10:30:00,0.755775
2014-08-17 10:30:00,0.71867496
2014-08-18 10:30:00,0.67281246
2014-08-19 10:30:00,0.4941375
2014-08-20 10:30:00,0.67527497
2014-08-21 10:30:00,0.6611875
2014-08-22 10:30:00,0.71785
2014-08-23 10:30:00,0.8023625
2014-08-24 10:30:00,0.732975
2014-08-25 10:30:00,0.78669995
2014-08-26 10:30:00,0.65245
2014-08-27 10:30:00,0.730075
2014-08-28 10:30:00,0.55311245
2014-08-29 10:30:00,0.56425
2014-08-30 10:30:00,0.6268125
2014-08-31 10:30:00,0.6977
2014-09-01 10:30:00,0.9482125
2014-09-02 10:30:00,0.74625
2014-09-03 10:30:00,0.7084375
2014-09-04 10:30:00,0.7554249
2014-09-05 10:30:00,0.7074375
2014-09-06 10:30:00,0.69676244
2014-09-07 10:30:00,0.68632495
2014-09-08 10:30:00,0.487075
2014-09-09 10:30:00,0.530075
2014-09-10 10:30:00,0.58169997
2014-09-11 10:30:00,0.64988744
2014-09-12 10:30:00,0.6323875
2014-09-13 10:30:00,0.6490625
2014-09-14 10:30:00,0.461325
2014-09-15 10:30:00,0.51998746
2014-09-16 10:30:00,0.559225
2014-09-17 10:30:00,0.5480875
2014-09-18 10:30:00,0.55602497
2014-09-19 10:30:00,0.6040875
2014-09-20 10:30:00,0.67004997
2014-09-21 10:30:00,0.65567493
2014-09-22 10:30:00,0.75927496
2014-09-23 10:30:00,0.59358746
2014-09-24 10:30:00,0.4777
2014-09-25 10:30:00,0.33935001
2014-09-26 10:30:00,0.8415375
2014-09-27 10:30:00,0.58145
2014-09-28 10:30:00,0.5116625
2014-09-29 10:30:00,0.49256247
2014-09-30 10:30:00,0.428675
2014-10-01 10:30:00,0.71577495
2014-10-02 10:30:00,0.6157375
2014-10-03 10:30:00,0.45354998
2014-10-04 10:30:00,0.5432625
2014-10-05 10:30:00,0.47547498
2014-10-06 10:30:00,0.49603748
2014-10-07 10:30:00,0.56474996
2014-10-08 10:30:00,0.61195
2014-10-09 10:30:00,0.7294625
2014-10-10 10:30:00,0.76089996
2014-10-11 10:30:00,0.6073375
2014-10-12 10:30:00,0.47068748
2014-10-13 10:30:00,0.40513748
2014-10-14 10:30:00,0.3934125
2014-10-15 10:30:00,0.40612498
2014-10-16 10:30:00,0.4629125
2014-10-17 10:30:00,0.419675
2014-10-18 10:30:00,0.32888746
2014-10-19 10:30:00,0.2888125
2014-10-20 10:30:00,0.2797875
2014-10-21 10:30:00,0.35345
2014-10-22 10:30:00,0.4021375
2014-10-23 10:30:00,0.4922875
2014-10-24 10:30:00,0.5099375
2014-10-25 10:30:00,0.536775
2014-10-26 10:30:00,0.48122495
2014-10-27 10:30:00,0.39319998
2014-10-28 10:30:00,0.366475
2014-10-29 10:30:00,0.496525
2014-10-30 10:30:00,0.83761245
2014-10-31 10:30:00,0.86777496
2014-11-01 10:30:00,0.671375
2014-11-02 10:30:00,0.59448755
2014-11-03 10:30:00,0.675325
2014-11-04 10:30:00,0.627775
2014-11-05 10:30:00,0.5291875
2014-11-06 10:30:00,0.5205625
2014-11-07 10:30:00,0.4213375
2014-11-08 10:30:00,0.4888
2014-11-09 10:30:00,0.44202498
2014-11-10 10:30:00,0.46066248
2014-11-11 10:30:00,0.4389125
2014-11-12 10:30:00,0.4313375
2014-11-13 10:30:00,0.4881375
2014-11-14 10:30:00,0.43381247
2014-11-15 10:30:00,0.5263125
2014-11-16 10:30:00,0.5868
2014-11-17 10:30:00,0.4871125
2014-11-18 10:30:00,0.4931375
2014-11-19 10:30:00,0.594375
2014-11-20 10:30:00,0.606475
2014-11-21 10:30:00,0.58257496
2014-11-22 10:30:00,0.5375875
2014-11-23 10:30:00,0.4668125
2014-11-24 10:30:00,0.52033746
2014-11-25 10:30:00,0.4031
2014-11-26 10:30:00,0.39174998
2014-11-27 10:30:00,0.44236246
2014-11-28 10:30:00,0.493175
2014-11-29 10:30:00,0.5952
2014-11-30 10:30:00,0.50654995
2014-12-01 10:30:00,0.35939997
2014-12-02 10:30:00,0.3818375
2014-12-03 10:30:00,0.434975
2014-12-04 10:30:00,0.483325
2014-12-05 10:30:00,0.4953625
2014-12-06 10:30:00,0.5243875
2014-12-07 10:30:00,0.56084996
2014-12-08 10:30:00,0.594425
2014-12-09 10:30:00,0.57229996
2014-12-10 10:30:00,0.7323625
2014-12-11 10:30:00,0.6303375
2014-12-12 10:30:00,0.5794
2014-12-13 10:30:00,0.6213375
2014-12-14 10:30:00,0.7071875
2014-12-15 10:30:00,0.6437375
2014-12-16 10:30:00,0.5865
2014-12-17 10:30:00,0.693975
2014-12-18 10:30:00,0.71661246
2014-12-19 10:30:00,0.6257
2014-12-20 10:30:00,0.6019875
2014-12-21 10:30:00,0.66108745
2014-12-22 10:30:00,0.7417
2014-12-23 10:30:00,0.65411246
2014-12-24 10:30:00,0.66859996
2014-12-25 10:30:00,0.64756244
2014-12-26 10:30:00,0.7241125
2014-12-27 10:30:00,0.64785004
2014-12-28 10:30:00,0.6645625
2014-12-29 10:30:00,0.78566253
2014-12-30 10:30:00,0.6282125
2014-12-31 10:30:00,0.565675
2015-01-01 10:30:00,0.61
2015-01-02 10:30:00,0.6589375
2015-01-03 10:30:00,0.6252875
2015-01-04 10:30:00,0.68333745
2015-01-05 10:30:00,0.46846247
2015-01-06 10:30:00,0.44065
2015-01-07 10:30:00,0.581375
2015-01-08 10:30:00,0.6681875
2015-01-09 10:30:00,0.7361125
2015-01-10 10:30:00,0.64805
2015-01-11 10:30:00,0.682675
2015-01-12 10:30:00,0.6071875
2015-01-13 10:30:00,0.64818746
2015-01-14 10:30:00,0.7435875
2015-01-15 10:30:00,0.73875
2015-01-16 10:30:00,0.63497496
2015-01-17 10:30:00,0.664375
2015-01-18 10:30:00,0.7769375
2015-01-19 10:30:00,0.69893754
2015-01-20 10:30:00,0.7635125
2015-01-21 10:30:00,0.774875
2015-01-22 10:30:00,0.769425
2015-01-23 10:30:00,0.69895005
2015-01-24 10:30:00,0.71086246
2015-01-25 10:30:00,0.6008125
2015-01-26 10:30:00,0.48076248
2015-01-27 10:30:00,0.5139125
2015-01-28 10:30:00,0.5947875
2015-01-29 10:30:00,0.55381244
2015-01-30 10:30:00,0.52397496
2015-01-31 10:30:00,0.57439995
2015-02-01 10:30:00,0.63345
2015-02-02 10:30:00,0.5752
2015-02-03 10:30:00,0.63268745
2015-02-04 10:30:00,0.5734375
2015-02-05 10:30:00,0.60746247
2015-02-06 10:30:00,0.4454625
2015-02-07 10:30:00,0.3608
2015-02-08 10:30:00,0.42415
2015-02-09 10:30:00,0.51661247
2015-02-10 10:30:00,0.44612497
2015-02-11 10:30:00,0.503075
2015-02-12 10:30:00,0.5114125
2015-02-13 10:30:00,0.5846125
2015-02-14 10:30:00,0.6151625
2015-02-15 10:30:00,0.5323875
2015-02-16 10:30:00,0.6601
2015-02-17 10:30:00,0.52152497
2015-02-18 10:30:00,0.5057875
2015-02-19 10:30:00,0.4131625
2015-02-20 10:30:00,0.5595625
2015-02-21 10:30:00,0.79528743
2015-02-22 10:30:00,0.625325
2015-02-23 10:30:00,0.43833748
2015-02-24 10:30:00,0.5362125
2015-02-25 10:30:00,0.5095625
2015-02-26 10:30:00,0.5551625
2015-02-27 10:30:00,0.484225
2015-02-28 10:30:00,0.5130625
2015-03-01 10:30:00,0.51936245
2015-03-02 10:30:00,0.459425
2015-03-03 10:30:00,0.5017625
2015-03-04 10:30:00,0.393825
2015-03-05 10:30:00,0.3963875
2015-03-06 10:30:00,0.35669997
2015-03-07 10:30:00,0.34658748
2015-03-08 10:30:00,0.395275
2015-03-09 10:30:00,0.369825
2015-03-10 10:30:00,0.35799998
2015-03-11 10:30:00,0.3643875
2015-03-12 10:30:00,0.49054998
2015-03-13 10:30:00,0.504675
2015-03-14 10:30:00,0.4266875
2015-03-15 10:30:00,0.37362498
2015-03-16 10:30:00,0.3129875
2015-03-17 10:30:00,0.274075
2015-03-18 10:30:00,0.40551248
2015-03-19 10:30:00,0.364225
2015-03-20 10:30:00,0.2700625
2015-03-21 10:30:00,0.2564125
2015-03-22 10:30:00,0.25035
2015-03-23 10:30:00,0.3183375
2015-03-24 10:30:00,0.31862497
2015-03-25 10:30:00,0.19829999
2015-03-26 10:30:00,0.1957625
2015-03-27 10:30:00,0.37827498
2015-03-28 10:30:00,0.4274625
2015-03-29 10:30:00,0.3028
2015-03-30 10:30:00,0.4054875
2015-03-31 10:30:00,0.2191625
2015-04-01 10:30:00,0.2133625
2015-04-02 10:30:00,0.82004994
2015-04-03 10:30:00,0.6655375
2015-04-04 10:30:00,0.88186246
2015-04-05 10:30:00,0.662525
2015-04-06 10:30:00,0.5503625
2015-04-07 10:30:00,0.4986125
2015-04-08 10:30:00,0.59055
2015-04-09 10:30:00,0.56694996
2015-04-10 10:30:00,0.48485
2015-04-11 10:30:00,0.452
2015-04-12 10:30:00,0.365275
2015-04-13 10:30:00,0.2902
2015-04-14 10:30:00,0.310275
2015-04-15 10:30:00,0.416525
2015-04-16 10:30:00,0.32535
2015-04-17 10:30:00,0.2694625
2015-04-18 10:30:00,0.233775
2015-04-19 10:30:00,0.19226249
2015-04-20 10:30:00,0.24274999
2015-04-21 10:30:00,0.2701
2015-04-22 10:30:00,0.29161248
2015-04-23 10:30:00,0.34506252
2015-04-24 10:30:00,0.2801625
2015-04-25 10:30:00,0.27147502
2015-04-26 10:30:00,0.26575
2015-04-27 10:30:00,0.24237499
2015-04-28 10:30:00,0.34355
2015-04-29 10:30:00,0.18456249
2015-04-30 10:30:00,0.0825625
2015-05-01 10:30:00,0.40851247
2015-05-02 10:30:00,0.35694999
2015-05-03 10:30:00,0.2848875
2015-05-04 10:30:00,0.225625
2015-05-05 10:30:00,0.28553748
2015-05-06 10:30:00,0.2773625
2015-05-07 10:30:00,0.84028745
2015-05-08 10:30:00,0.597725
2015-05-09 10:30:00,0.5109375
2015-05-10 10:30:00,0.600025
2015-05-11 10:30:00,0.857875
2015-05-12 10:30:00,0.7811875
2015-05-13 10:30:00,0.5152
2015-05-14 10:30:00,0.2178375
2015-05-15 10:30:00,0.20775
2015-05-16 10:30:00,0.2569
2015-05-17 10:30:00,0.631525
2015-05-18 10:30:00,0.5867125
2015-05-19 10:30:00,0.6396125
2015-05-20 10:30:00,0.284675
2015-05-21 10:30:00,0.31235
2015-05-22 10:30:00,0.24524999
2015-05-23 10:30:00,0.2580875
2015-05-24 10:30:00,0.3163
2015-05-25 10:30:00,0.57014996
2015-05-26 10:30:00,0.5741375
2015-05-27 10:30:00,0.496425
2015-05-28 10:30:00,0.7384625
2015-05-29 10:30:00,0.60359997
2015-05-30 10:30:00,0.44472498
2015-05-31 10:30:00,0.359525
2015-06-01 10:30:00,0.4739
2015-06-02 10:30:00,0.41638747
2015-06-03 10:30:00,0.3203625
2015-06-04 10:30:00,0.6008125
2015-06-05 10:30:00,0.88397497
2015-06-06 10:30:00,0.7405625
2015-06-07 10:30:00,0.5877375
2015-06-08 10:30:00,0.62273747
2015-06-09 10:30:00,0.546175
2015-06-10 10:30:00,0.8052875
2015-06-11 10:30:00,0.9089624
2015-06-12 10:30:00,0.9346875
2015-06-13 10:30:00,0.79125
2015-06-14 10:30:00,0.61763746
2015-06-15 10:30:00,0.49381247
2015-06-16 10:30:00,0.60985
2015-06-17 10:30:00,0.8839875
2015-06-18 10:30:00,0.9660624
2015-06-19 10:30:00,0.77248746
2015-06-20 10:30:00,0.6465375
2015-06-21 10:30:00,0.58182496
2015-06-22 10:30:00,0.640575
2015-06-23 10:30:00,0.738175
2015-06-24 10:30:00,0.8472625
2015-06-25 10:30:00,0.70156246
2015-06-26 10:30:00,0.60760003
2015-06-27 10:30:00,0.74271244
2015-06-28 10:30:00,0.7726375
2015-06-29 10:30:00,0.5366875
2015-06-30 10:30:00,0.85104996
2015-07-01 10:30:00,0.7737
2015-07-02 10:30:00,0.8840875
2015-07-03 10:30:00,0.6767
2015-07-04 10:30:00,0.68102497
2015-07-05 10:30:00,0.6783875
2015-07-06 10:30:00,0.64449996
2015-07-07 10:30:00,0.63755
2015-07-08 10:30:00,0.6339375
2015-07-09 10:30:00,0.7074375
2015-07-10 10:30:00,0.6393
2015-07-11 10:30:00,0.75176245
2015-07-12 10:30:00,0.6889875
2015-07-13 10:30:00,0.6336
2015-07-14 10:30:00,0.72459996
2015-07-15 10:30:00,0.83489996
2015-07-16 10:30:00,0.84512496
2015-07-17 10:30:00,0.81163746
2015-07-18 10:30:00,0.74052495
2015-07-19 10:30:00,0.788675
2015-07-20 10:30:00,0.7397875
2015-07-21 10:30:00,0.8894125
2015-07-22 10:30:00,0.84365
2015-07-23 10:30:00,0.82413745
2015-07-24 10:30:00,0.735725
2015-07-25 10:30:00,0.8385375
2015-07-26 10:30:00,0.7156375
2015-07-27 10:30:00,0.65515
2015-07-28 10:30:00,0.642275
2015-07-29 10:30:00,0.8939
2015-07-30 10:30:00,0.75436246
2015-07-31 10:30:00,0.6971125
2015-08-01 10:30:00,0.6912
2015-08-02 10:30:00,0.60289997
2015-08-03 10:30:00,0.6229125
2015-08-04 10:30:00,0.670625
2015-08-05 10:30:00,0.73191243
2015-08-06 10:30:00,0.67913747
2015-08-07 10:30:00,0.80732495
2015-08-08 10:30:00,0.81722504
2015-08-09 10:30:00,0.89927495
2015-08-10 10:30:00,0.71683747
2015-08-11 10:30:00,0.75364995
2015-08-12 10:30:00,0.6782625
2015-08-13 10:30:00,0.6527
2015-08-14 10:30:00,0.7357625
2015-08-15 10:30:00,0.81747496
2015-08-16 10:30:00,0.788775
2015-08-17 10:30:00,0.7751
2015-08-18 10:30:00,0.81252503
2015-08-19 10:30:00,0.88705
2015-08-20 10:30:00,0.933225
2015-08-21 10:30:00,0.843425
2015-08-22 10:30:00,0.8815625
2015-08-23 10:30:00,0.9119125
2015-08-24 10:30:00,0.9253375
2015-08-25 10:30:00,0.9002125
2015-08-26 10:30:00,0.8344375
2015-08-27 10:30:00,0.765125
2015-08-28 10:30:00,0.8598375
2015-08-29 10:30:00,0.89519995
2015-08-30 10:30:00,0.904125
2015-08-31 10:30:00,0.9115625
2015-09-01 10:30:00,0.7783625
2015-09-02 10:30:00,0.75682503
2015-09-03 10:30:00,0.6461125
2015-09-04 10:30:00,0.8434375
2015-09-05 10:30:00,0.76089996
2015-09-06 10:30:00,0.6455
2015-09-07 10:30:00,0.8487625
2015-09-08 10:30:00,0.80832493
2015-09-09 10:30:00,0.61329997
2015-09-10 10:30:00,0.601875
2015-09-11 10:30:00,0.67175
2015-09-12 10:30:00,0.7320625
2015-09-13 10:30:00,0.680725
2015-09-14 10:30:00,0.528125
2015-09-15 10:30:00,0.65487504
2015-09-16 10:30:00,0.66802496
2015-09-17 10:30:00,0.8695625
2015-09-18 10:30:00,0.7968875
2015-09-19 10:30:00,0.6690625
2015-09-20 10:30:00,0.7211375
2015-09-21 10:30:00,0.5884125
2015-09-22 10:30:00,0.9715625
2015-09-23 10:30:00,0.86864996
2015-09-24 10:30:00,0.885175
2015-09-25 10:30:00,0.7032125
2015-09-26 10:30:00,0.629375
2015-09-27 10:30:00,0.69154996
2015-09-28 10:30:00,0.67791253
2015-09-29 10:30:00,0.6122
2015-09-30 10:30:00,0.78
2015-10-01 10:30:00,0.576975
2015-10-02 10:30:00,0.40956247
2015-10-03 10:30:00,0.4438125
2015-10-04 10:30:00,0.43873748
2015-10-05 10:30:00,0.508625
2015-10-06 10:30:00,0.46400002
2015-10-07 10:30:00,0.41562498
2015-10-08 10:30:00,0.4936125
2015-10-09 10:30:00,0.60279995
2015-10-10 10:30:00,0.8480375
2015-10-11 10:30:00,0.514475
2015-10-12 10:30:00,0.5658375
2015-10-13 10:30:00,0.637975
2015-10-14 10:30:00,0.6227875
2015-10-15 10:30:00,0.43330002
2015-10-16 10:30:00,0.43080002
2015-10-17 10:30:00,0.40616247
2015-10-18 10:30:00,0.301725
2015-10-19 10:30:00,0.35604998
2015-10-20 10:30:00,0.5005625
2015-10-21 10:30:00,0.375875
2015-10-22 10:30:00,0.38892502
2015-10-23 10:30:00,0.2453375
2015-10-24 10:30:00,0.2969
2015-10-25 10:30:00,0.2988625
2015-10-26 10:30:00,0.43966252
2015-10-27 10:30:00,0.46982497
2015-10-28 10:30:00,0.46937498
2015-10-29 10:30:00,0.51893747
2015-10-30 10:30:00,0.50095
2015-10-31 10:30:00,0.4311
2015-11-01 10:30:00,0.34181252
2015-11-02 10:30:00,0.4541125
2015-11-03 10:30:00,0.303475
2015-11-04 10:30:00,0.420075
2015-11-05 10:30:00,0.3330625
2015-11-06 10:30:00,0.50055
2015-11-07 10:30:00,0.4283375
2015-11-08 10:30:00,0.66889995
2015-11-09 10:30:00,0.70876247
2015-11-10 10:30:00,0.6724375
2015-11-11 10:30:00,0.767975
2015-11-12 10:30:00,0.78568745
2015-11-13 10:30:00,0.765475
2015-11-14 10:30:00,0.70823747
2015-11-15 10:30:00,0.3830125
2015-11-16 10:30:00,0.6886875
2015-11-17 10:30:00,0.606725
2015-11-18 10:30:00,0.75192493
2015-11-19 10:30:00,0.75723755
2015-11-20 10:30:00,0.7424
2015-11-21 10:30:00,0.6760375
2015-11-22 10:30:00,0.672375
2015-11-23 10:30:00,0.63263744
2015-11-24 10:30:00,0.6549624
2015-11-25 10:30:00,0.63664997
2015-11-26 10:30:00,0.6614125
2015-11-27 10:30:00,0.70205003
2015-11-28 10:30:00,0.71832496
2015-11-29 10:30:00,0.7201375
2015-11-30 10:30:00,0.7774125
2015-12-01 10:30:00,0.8624375
2015-12-02 10:30:00,0.805175
2015-12-03 10:30:00,0.636975
2015-12-04 10:30:00,0.6227875
2015-12-05 10:30:00,0.65793747
2015-12-06 10:30:00,0.75246245
2015-12-07 10:30:00,0.78849995
2015-12-08 10:30:00,0.70621246
2015-12-09 10:30:00,0.8418875
2015-12-10 10:30:00,0.701875
2015-12-11 10:30:00,0.74184996
2015-12-12 10:30:00,0.67896247
2015-12-13 10:30:00,0.72305
2015-12-14 10:30:00,0.7553125
2015-12-15 10:30:00,0.64911246
2015-12-16 10:30:00,0.64875
2015-12-17 10:30:00,0.6729
2015-12-18 10:30:00,0.73135
2015-12-19 10:30:00,0.7221125
2015-12-20 10:30:00,0.81668746
2015-12-21 10:30:00,0.77427495
2015-12-22 10:30:00,0.69803745
2015-12-23 10:30:00,0.597675
2015-12-24 10:30:00,0.7023
2015-12-25 10:30:00,0.706
2015-12-26 10:30:00,0.49029997
2015-12-27 10:30:00,0.5750375
2015-12-28 10:30:00,0.6603375
2015-12-29 10:30:00,0.80625
2015-12-30 10:30:00,0.734625
2015-12-31 10:30:00,0.7436875
2016-01-01 10:30:00,0.67281246
2016-01-02 10:30:00,0.755225
2016-01-03 10:30:00,0.6439499
2016-01-04 10:30:00,0.5924375
2016-01-05 10:30:00,0.6361125
2016-01-06 10:30:00,0.57825
2016-01-07 10:30:00,0.6085375
2016-01-08 10:30:00,0.6343875
2016-01-09 10:30:00,0.5910375
2016-01-10 10:30:00,0.49249998
2016-01-11 10:30:00,0.5285125
2016-01-12 10:30:00,0.5895375
2016-01-13 10:30:00,0.594025
2016-01-14 10:30:00,0.6861625
2016-01-15 10:30:00,0.7077
2016-01-16 10:30:00,0.659475
2016-01-17 10:30:00,0.54010004
2016-01-18 10:30:00,0.4906625
2016-01-19 10:30:00,0.52217495
2016-01-20 10:30:00,0.6043125
2016-01-21 10:30:00,0.540375
2016-01-22 10:30:00,0.4802625
2016-01-23 10:30:00,0.485775
2016-01-24 10:30:00,0.49927497
2016-01-25 10:30:00,0.5093125
2016-01-26 10:30:00,0.52297497
2016-01-27 10:30:00,0.560975
2016-01-28 10:30:00,0.48291248
2016-01-29 10:30:00,0.48752502
2016-01-30 10:30:00,0.50796247
2016-01-31 10:30:00,0.54641247
2016-02-01 10:30:00,0.5236125
2016-02-02 10:30:00,0.52715
2016-02-03 10:30:00,0.53482497
2016-02-04 10:30:00,0.53267497
2016-02-05 10:30:00,0.59318745
2016-02-06 10:30:00,0.58775
2016-02-07 10:30:00,0.57285
2016-02-08 10:30:00,0.6289375
2016-02-09 10:30:00,0.7030625
2016-02-10 10:30:00,0.6303375
2016-02-11 10:30:00,0.596675
2016-02-12 10:30:00,0.5057375
2016-02-13 10:30:00,0.46966252
2016-02-14 10:30:00,0.460425
2016-02-15 10:30:00,0.57014996
2016-02-16 10:30:00,0.54487497
2016-02-17 10:30:00,0.5423875
2016-02-18 10:30:00,0.5185625
2016-02-19 10:30:00,0.55127496
2016-02-20 10:30:00,0.5028875
2016-02-21 10:30:00,0.4142625
2016-02-22 10:30:00,0.4309125
2016-02-23 10:30:00,0.5032125
2016-02-24 10:30:00,0.5178625
2016-02-25 10:30:00,0.5396375
2016-02-26 10:30:00,0.47779998
2016-02-27 10:30:00,0.51585
2016-02-28 10:30:00,0.5004875
2016-02-29 10:30:00,0.4600875
2016-03-01 10:30:00,0.5510875
2016-03-02 10:30:00,0.630175
2016-03-03 10:30:00,0.604825
2016-03-04 10:30:00,0.71958745
2016-03-05 10:30:00,0.58011246
2016-03-06 10:30:00,0.4537125
2016-03-07 10:30:00,0.452375
2016-03-08 10:30:00,0.5019
2016-03-09 10:30:00,0.4869125
2016-03-10 10:30:00,0.5349375
2016-03-11 10:30:00,0.44482496
2016-03-12 10:30:00,0.44037497
2016-03-13 10:30:00,0.4724375
2016-03-14 10:30:00,0.49945
2016-03-15 10:30:00,0.3834875
2016-03-16 10:30:00,0.3145375
2016-03-17 10:30:00,0.3898125
2016-03-18 10:30:00,0.589525
2016-03-19 10:30:00,0.5090375
2016-03-20 10:30:00,0.3961125
2016-03-21 10:30:00,0.55241245
2016-03-22 10:30:00,0.36616248
2016-03-23 10:30:00,0.36249998
2016-03-24 10:30:00,0.3603625
2016-03-25 10:30:00,0.3557875
2016-03-26 10:30:00,0.29227498
2016-03-27 10:30:00,0.2649875
2016-03-28 10:30:00,0.3209625
2016-03-29 10:30:00,0.45829996
2016-03-30 10:30:00,0.31937498
2016-03-31 10:30:00,0.3459875
2016-04-01 10:30:00,0.510675
2016-04-02 10:30:00,0.37695
2016-04-03 10:30:00,0.4212625
2016-04-04 10:30:00,0.41608748
2016-04-05 10:30:00,0.37951246
2016-04-06 10:30:00,0.3801625
2016-04-07 10:30:00,0.22254999
2016-04-08 10:30:00,0.187375
2016-04-09 10:30:00,0.20899999
2016-04-10 10:30:00,0.359375
2016-04-11 10:30:00,0.37875
2016-04-12 10:30:00,0.29201248
2016-04-13 10:30:00,0.796675
2016-04-14 10:30:00,0.4795375
2016-04-15 10:30:00,0.693275
2016-04-16 10:30:00,0.8547875
2016-04-17 10:30:00,0.5406875
2016-04-18 10:30:00,0.550475
2016-04-19 10:30:00,0.2574375
2016-04-20 10:30:00,0.29178748
2016-04-21 10:30:00,0.3340875
2016-04-22 10:30:00,0.491225
2016-04-23 10:30:00,0.2988625
2016-04-24 10:30:00,0.502825
2016-04-25 10:30:00,0.41474998
2016-04-26 10:30:00,0.5295625
2016-04-27 10:30:00,0.567825
2016-04-28 10:30:00,0.35033748
2016-04-29 10:30:00,0.51871246
2016-04-30 10:30:00,0.4891625
2016-05-01 10:30:00,0.622875
2016-05-02 10:30:00,0.3533
2016-05-03 10:30:00,0.262375
2016-05-04 10:30:00,0.1472375
2016-05-05 10:30:00,0.4136375
2016-05-06 10:30:00,0.50541246
2016-05-07 10:30:00,0.19178748
2016-05-08 10:30:00,0.3402875
2016-05-09 10:30:00,0.33171248
2016-05-10 10:30:00,0.16077499
2016-05-11 10:30:00,0.6158
2016-05-12 10:30:00,0.292325
2016-05-13 10:30:00,0.2440875
2016-05-14 10:30:00,0.4312625
2016-05-15 10:30:00,0.2850875
2016-05-16 10:30:00,0.23054999
2016-05-17 10:30:00,0.1179625
2016-05-18 10:30:00,0.2149625
2016-05-19 10:30:00,0.23198749
2016-05-20 10:30:00,0.336325
2016-05-21 10:30:00,0.30069998
2016-05-22 10:30:00,0.35045
2016-05-23 10:30:00,0.656425
2016-05-24 10:30:00,0.77827495
2016-05-25 10:30:00,0.5858
2016-05-26 10:30:00,0.37478748
2016-05-27 10:30:00,0.33470002
2016-05-28 10:30:00,0.3018625
2016-05-29 10:30:00,0.340075
2016-05-30 10:30:00,0.47021246
2016-05-31 10:30:00,0.45583746
2016-06-01 10:30:00,0.3772875
2016-06-02 10:30:00,0.3965375
2016-06-03 10:30:00,0.37666252
2016-06-04 10:30:00,0.39233747
2016-06-05 10:30:00,0.45013747
2016-06-06 10:30:00,0.68322504
2016-06-07 10:30:00,0.564875
2016-06-08 10:30:00,0.44056252
2016-06-09 10:30:00,0.6594874
2016-06-10 10:30:00,0.84148747
2016-06-11 10:30:00,0.562225
2016-06-12 10:30:00,0.68511254
2016-06-13 10:30:00,0.58004993
2016-06-14 10:30:00,0.4891625
2016-06-15 10:30:00,0.5269875
2016-06-16 10:30:00,0.63023746
2016-06-17 10:30:00,0.5923125
2016-06-18 10:30:00,0.5854375
2016-06-19 10:30:00,0.6189875
2016-06-20 10:30:00,0.6341625
2016-06-21 10:30:00,0.6021875
2016-06-22 10:30:00,0.801775
2016-06-23 10:30:00,0.677875
2016-06-24 10:30:00,0.6298125
2016-06-25 10:30:00,0.5669125
2016-06-26 10:30:00,0.498525
2016-06-27 10:30:00,0.64565
2016-06-28 10:30:00,0.75856245
2016-06-29 10:30:00,0.85136247
2016-06-30 10:30:00,0.881875
2016-07-01 10:30:00,0.5195875
2016-07-02 10:30:00,0.62767494
2016-07-03 10:30:00,0.60223746
2016-07-04 10:30:00,0.47562498
2016-07-05 10:30:00,0.48424998
2016-07-06 10:30:00,0.5098875
2016-07-07 10:30:00,0.506975
2016-07-08 10:30:00,0.5258
2016-07-09 10:30:00,0.6664125
2016-07-10 10:30:00,0.4366375
2016-07-11 10:30:00,0.61637497
2016-07-12 10:30:00,0.6143375
2016-07-13 10:30:00,0.5366875
2016-07-14 10:30:00,0.55979997
2016-07-15 10:30:00,0.5294125
2016-07-16 10:30:00,0.505875
2016-07-17 10:30:00,0.5705625
2016-07-18 10:30:00,0.439975
2016-07-19 10:30:00,0.668275
2016-07-20 10:30:00,0.69264996
2016-07-21 10:30:00,0.7233625
2016-07-22 10:30:00,0.8966625
2016-07-23 10:30:00,0.785625
2016-07-24 10:30:00,0.5368125
2016-07-25 10:30:00,0.7189625
2016-07-26 10:30:00,0.6389
2016-07-27 10:30:00,0.58331245
2016-07-28 10:30:00,0.7854125
2016-07-29 10:30:00,0.6366625
2016-07-30 10:30:00,0.706275
2016-07-31 10:30:00,0.7069375
2016-08-01 10:30:00,0.6468875
2016-08-02 10:30:00,0.5663125
2016-08-03 10:30:00,0.5926
2016-08-04 10:30:00,0.5081
2016-08-05 10:30:00,0.664475
2016-08-06 10:30:00,0.799225
2016-08-07 10:30:00,0.5369125
2016-08-08 10:30:00,0.49763748
2016-08-09 10:30:00,0.5752
2016-08-10 10:30:00,0.62663746
2016-08-11 10:30:00,0.3712625
2016-08-12 10:30:00,0.3625875
2016-08-13 10:30:00,0.4701
2016-08-14 10:30:00,0.549975
2016-08-15 10:30:00,0.501975
2016-08-16 10:30:00,0.5656625
2016-08-17 10:30:00,0.5516
2016-08-18 10:30:00,0.694475
2016-08-19 10:30:00,0.681775
2016-08-20 10:30:00,0.7683375
2016-08-21 10:30:00,0.6686625
2016-08-22 10:30:00,0.592
2016-08-23 10:30:00,0.71465
2016-08-24 10:30:00,0.5876125
2016-08-25 10:30:00,0.4167
2016-08-26 10:30:00,0.49474996
2016-08-27 10:30:00,0.464075
2016-08-28 10:30:00,0.457325
2016-08-29 10:30:00,0.4811625
2016-08-30 10:30:00,0.44189999
2016-08-31 10:30:00,0.85741246
2016-09-01 10:30:00,0.9094625
2016-09-02 10:30:00,0.82848746
2016-09-03 10:30:00,0.8985125
2016-09-04 10:30:00,0.87785
2016-09-05 10:30:00,0.8708625
2016-09-06 10:30:00,0.772525
2016-09-07 10:30:00,0.67873746
2016-09-08 10:30:00,0.74660003
2016-09-09 10:30:00,0.801025
2016-09-10 10:30:00,0.87633747
2016-09-11 10:30:00,0.7463
2016-09-12 10:30:00,0.7447875
2016-09-13 10:30:00,0.733775
2016-09-14 10:30:00,0.794625
2016-09-15 10:30:00,0.5501125
2016-09-16 10:30:00,0.74065
2016-09-17 10:30:00,0.76042503
2016-09-18 10:30:00,0.622475
2016-09-19 10:30:00,0.5649125
2016-09-20 10:30:00,0.57432497
2016-09-21 10:30:00,0.58845
2016-09-22 10:30:00,0.59185
2016-09-23 10:30:00,0.70336246
2016-09-24 10:30:00,0.64177495
2016-09-25 10:30:00,0.52323747
2016-09-26 10:30:00,0.64146245
2016-09-27 10:30:00,0.749575
2016-09-28 10:30:00,0.5831125
2016-09-29 10:30:00,0.6322875
2016-09-30 10:30:00,0.643
2016-10-01 10:30:00,0.565675
2016-10-02 10:30:00,0.51635003
2016-10-03 10:30:00,0.57963747
2016-10-04 10:30:00,0.6736125
2016-10-05 10:30:00,0.5194625
2016-10-06 10:30:00,0.495375
2016-10-07 10:30:00,0.79561245
2016-10-08 10:30:00,0.71489996
2016-10-09 10:30:00,0.63264996
2016-10-10 10:30:00,0.6335125
2016-10-11 10:30:00,0.56763744
2016-10-12 10:30:00,0.62555
2016-10-13 10:30:00,0.60526246
2016-10-14 10:30:00,0.6253125
2016-10-15 10:30:00,0.5526125
2016-10-16 10:30:00,0.6101
2016-10-17 10:30:00,0.5493875
2016-10-18 10:30:00,0.48154998
2016-10-19 10:30:00,0.6137875
2016-10-20 10:30:00,0.4046375
2016-10-21 10:30:00,0.7934375
2016-10-22 10:30:00,0.5565875
2016-10-23 10:30:00,0.5298875
2016-10-24 10:30:00,0.547675
2016-10-25 10:30:00,0.61345
2016-10-26 10:30:00,0.52933747
2016-10-27 10:30:00,0.51736253
2016-10-28 10:30:00,0.54298747
2016-10-29 10:30:00,0.464025
2016-10-30 10:30:00,0.4914375
2016-10-31 10:30:00,0.44323748
2016-11-01 10:30:00,0.41021252
2016-11-02 10:30:00,0.4863375
2016-11-03 10:30:00,0.662025
2016-11-04 10:30:00,0.7443875
2016-11-05 10:30:00,0.5599
2016-11-06 10:30:00,0.7017375
2016-11-07 10:30:00,0.6822
2016-11-08 10:30:00,0.627875
2016-11-09 10:30:00,0.65567493
2016-11-10 10:30:00,0.79365003
2016-11-11 10:30:00,0.63906246
2016-11-12 10:30:00,0.66061246
2016-11-13 10:30:00,0.75621253
2016-11-14 10:30:00,0.615675
2016-11-15 10:30:00,0.67811245
2016-11-16 10:30:00,0.7682
2016-11-17 10:30:00,0.6287625
2016-11-18 10:30:00,0.71568745
2016-11-19 10:30:00,0.638825
2016-11-20 10:30:00,0.56256247
2016-11-21 10:30:00,0.5553375
2016-11-22 10:30:00,0.6265875
2016-11-23 10:30:00,0.578325
2016-11-24 10:30:00,0.6824
2016-11-25 10:30:00,0.701975
2016-11-26 10:30:00,0.66301244
2016-11-27 10:30:00,0.64716244
2016-11-28 10:30:00,0.639625
2016-11-29 10:30:00,0.68262494
2016-11-30 10:30:00,0.60795
2016-12-01 10:30:00,0.578925
2016-12-02 10:30:00,0.6578625
2016-12-03 10:30:00,0.49666247
2016-12-04 10:30:00,0.520875
2016-12-05 10:30:00,0.64472497
2016-12-06 10:30:00,0.71271247
2016-12-07 10:30:00,0.6822
2016-12-08 10:30:00,0.6372125
2016-12-09 10:30:00,0.56185
2016-12-10 10:30:00,0.6513
2016-12-11 10:30:00,0.597725
2016-12-12 10:30:00,0.563325
2016-12-13 10:30:00,0.5472875
2016-12-14 10:30:00,0.55065
2016-12-15 10:30:00,0.5425875
2016-12-16 10:30:00,0.63815004
2016-12-17 10:30:00,0.558625
2016-12-18 10:30:00,0.6609625
2016-12-19 10:30:00,0.7255625
2016-12-20 10:30:00,0.6666874
2016-12-21 10:30:00,0.6847125
2016-12-22 10:30:00,0.5302625
2016-12-23 10:30:00,0.658675
2016-12-24 10:30:00,0.6925374
2016-12-25 10:30:00,0.566
2016-12-26 10:30:00,0.46325
2016-12-27 10:30:00,0.55298746
2016-12-28 10:30:00,0.52297497
2016-12-29 10:30:00,0.5583375
2016-12-30 10:30:00,0.5579875
2016-12-31 10:30:00,0.5834375
2017-01-01 10:30:00,0.64846253
2017-01-02 10:30:00,0.63834995
2017-01-03 10:30:00,0.571325
2017-01-04 10:30:00,0.7416875
2017-01-05 10:30:00,0.59482497
2017-01-06 10:30:00,0.5748625
2017-01-07 10:30:00,0.69014996
2017-01-08 10:30:00,0.51607496
2017-01-09 10:30:00,0.4516625
2017-01-10 10:30:00,0.491875
2017-01-11 10:30:00,0.504325
2017-01-12 10:30:00,0.4125875
2017-01-13 10:30:00,0.50717497
2017-01-14 10:30:00,0.633625
2017-01-15 10:30:00,0.4899375
2017-01-16 10:30:00,0.59252495
2017-01-17 10:30:00,0.6077125
2017-01-18 10:30:00,0.5444875
2017-01-19 10:30:00,0.5384375
2017-01-20 10:30:00,0.5255375
2017-01-21 10:30:00,0.53994995
2017-01-22 10:30:00,0.51154995
2017-01-23 10:30:00,0.4706375
2017-01-24 10:30:00,0.52515
2017-01-25 10:30:00,0.50616246
2017-01-26 10:30:00,0.49502498
2017-01-27 10:30:00,0.607525
2017-01-28 10:30:00,0.5493625
2017-01-29 10:30:00,0.4822375
2017-01-30 10:30:00,0.4304875
2017-01-31 10:30:00,0.4066375
2017-02-01 10:30:00,0.428875
2017-02-02 10:30:00,0.499325
2017-02-03 10:30:00,0.57374996
2017-02-04 10:30:00,0.5092125
2017-02-05 10:30:00,0.5563625
2017-02-06 10:30:00,0.53249997
2017-02-07 10:30:00,0.55027497
2017-02-08 10:30:00,0.4901625
2017-02-09 10:30:00,0.48138747
2017-02-10 10:30:00,0.4593375
2017-02-11 10:30:00,0.42829996
2017-02-12 10:30:00,0.45114997
2017-02-13 10:30:00,0.51285
2017-02-14 10:30:00,0.47974998
2017-02-15 10:30:00,0.46842498
2017-02-16 10:30:00,0.4436375
2017-02-17 10:30:00,0.40686247
2017-02-18 10:30:00,0.33826247
2017-02-19 10:30:00,0.503725
2017-02-20 10:30:00,0.45857498
2017-02-21 10:30:00,0.50936246
2017-02-22 10:30:00,0.4565625
2017-02-23 10:30:00,0.4912375
2017-02-24 10:30:00,0.61123747
2017-02-25 10:30:00,0.598425
2017-02-26 10:30:00,0.6132
2017-02-27 10:30:00,0.5556875
2017-02-28 10:30:00,0.49836248
2017-03-01 10:30:00,0.43982497
2017-03-02 10:30:00,0.4705875
2017-03-03 10:30:00,0.558625
2017-03-04 10:30:00,0.513125
2017-03-05 10:30:00,0.47747502
2017-03-06 10:30:00,0.4733625
2017-03-07 10:30:00,0.4938
2017-03-08 10:30:00,0.5060625
2017-03-09 10:30:00,0.5287375
2017-03-10 10:30:00,0.405125
2017-03-11 10:30:00,0.48669997
2017-03-12 10:30:00,0.4100375
2017-03-13 10:30:00,0.46717498
2017-03-14 10:30:00,0.50076246
2017-03-15 10:30:00,0.5086
2017-03-16 10:30:00,0.373025
2017-03-17 10:30:00,0.4444125
2017-03-18 10:30:00,0.3655375
2017-03-19 10:30:00,0.35884997
2017-03-20 10:30:00,0.46697497
2017-03-21 10:30:00,0.40651247
2017-03-22 10:30:00,0.40044996
2017-03-23 10:30:00,0.45235
2017-03-24 10:30:00,0.37756246
2017-03-25 10:30:00,0.3572
2017-03-26 10:30:00,0.497225
2017-03-27 10:30:00,0.46931252
2017-03-28 10:30:00,0.4405875
2017-03-29 10:30:00,0.4506625
2017-03-30 10:30:00,0.4621125
2017-03-31 10:30:00,0.3431875
2017-04-01 10:30:00,0.335475
2017-04-02 10:30:00,0.33171248
2017-04-03 10:30:00,0.3047
2017-04-04 10:30:00,0.2651625
2017-04-05 10:30:00,0.355325
2017-04-06 10:30:00,0.41678748
2017-04-07 10:30:00,0.3539875
2017-04-08 10:30:00,0.30139998
2017-04-09 10:30:00,0.1961875
2017-04-10 10:30:00,0.1978875
2017-04-11 10:30:00,0.2168
2017-04-12 10:30:00,0.234925
2017-04-13 10:30:00,0.22389999
2017-04-14 10:30:00,0.2251625
2017-04-15 10:30:00,0.1717625
2017-04-16 10:30:00,0.2862875
2017-04-17 10:30:00,0.46487498
2017-04-18 10:30:00,0.44747502
2017-04-19 10:30:00,0.417225
2017-04-20 10:30:00,0.317
2017-04-21 10:30:00,0.1891875
2017-04-22 10:30:00,0.28935
2017-04-23 10:30:00,0.393525
2017-04-24 10:30:00,0.60265
2017-04-25 10:30:00,0.5825875
2017-04-26 10:30:00,0.394975
2017-04-27 10:30:00,0.29735
2017-04-28 10:30:00,0.2263125
2017-04-29 10:30:00,0.2069
2017-04-30 10:30:00,0.27258748
2017-05-01 10:30:00,0.15153751
2017-05-02 10:30:00,0.17717499
2017-05-03 10:30:00,0.37355
2017-05-04 10:30:00,0.2695625
2017-05-05 10:30:00,0.561
2017-05-06 10:30:00,0.2784625
2017-05-07 10:30:00,0.43151248
2017-05-08 10:30:00,0.23815
2017-05-09 10:30:00,0.23833749
2017-05-10 10:30:00,0.26325
2017-05-11 10:30:00,0.46386248
2017-05-12 10:30:00,0.41968748
2017-05-13 10:30:00,0.56197494
2017-05-14 10:30:00,0.57215
2017-05-15 10:30:00,0.31579998
2017-05-16 10:30:00,0.34522498
2017-05-17 10:30:00,0.31285
2017-05-18 10:30:00,0.13075
2017-05-19 10:30:00,0.2467375
2017-05-20 10:30:00,0.4946875
2017-05-21 10:30:00,0.83675003
2017-05-22 10:30:00,0.72066253
2017-05-23 10:30:00,0.38455
2017-05-24 10:30:00,0.484875
2017-05-25 10:30:00,0.35157502
2017-05-26 10:30:00,0.32259998
2017-05-27 10:30:00,0.28294998
2017-05-28 10:30:00,0.1956625
2017-05-29 10:30:00,0.217225
2017-05-30 10:30:00,0.2288875
2017-05-31 10:30:00,0.2751
2017-06-01 10:30:00,0.4088875
2017-06-02 10:30:00,0.56978744
2017-06-03 10:30:00,0.41669998
2017-06-04 10:30:00,0.35898748
2017-06-05 10:30:00,0.23966248
2017-06-06 10:30:00,0.5800375
2017-06-07 10:30:00,0.4504
2017-06-08 10:30:00,0.33580002
2017-06-09 10:30:00,0.3138875
2017-06-10 10:30:00,0.41982496
2017-06-11 10:30:00,0.496425
2017-06-12 10:30:00,0.48145
2017-06-13 10:30:00,0.289075
2017-06-14 10:30:00,0.24865
2017-06-15 10:30:00,0.47772497
2017-06-16 10:30:00,0.4181375
2017-06-17 10:30:00,0.481525
2017-06-18 10:30:00,0.47782502
2017-06-19 10:30:00,0.50653744
2017-06-20 10:30:00,0.74004996
2017-06-21 10:30:00,0.73311245
2017-06-22 10:30:00,0.471725
2017-06-23 10:30:00,0.4092625
2017-06-24 10:30:00,0.39408746
2017-06-25 10:30:00,0.47902498
2017-06-26 10:30:00,0.5156
2017-06-27 10:30:00,0.49104998
2017-06-28 10:30:00,0.4599
2017-06-29 10:30:00,0.50888747
2017-06-30 10:30:00,0.56721246
2017-07-01 10:30:00,0.5811125
2017-07-02 10:30:00,0.67131245
2017-07-03 10:30:00,0.508275
2017-07-04 10:30:00,0.40006247
2017-07-05 10:30:00,0.49229997
2017-07-06 10:30:00,0.6197625
2017-07-07 10:30:00,0.65595
2017-07-08 10:30:00,0.77177495
2017-07-09 10:30:00,0.6335125
2017-07-10 10:30:00,0.6949
2017-07-11 10:30:00,0.5233625
2017-07-12 10:30:00,0.4968875
2017-07-13 10:30:00,0.39429998
2017-07-14 10:30:00,0.40935
2017-07-15 10:30:00,0.521675
2017-07-16 10:30:00,0.456775
2017-07-17 10:30:00,0.4918875
2017-07-18 10:30:00,0.4532625
2017-07-19 10:30:00,0.46886247
2017-07-20 10:30:00,0.79835
2017-07-21 10:30:00,0.5739125
2017-07-22 10:30:00,0.539675
2017-07-23 10:30:00,0.55605
2017-07-24 10:30:00,0.43895
2017-07-25 10:30:00,0.341025
2017-07-26 10:30:00,0.78842497
2017-07-27 10:30:00,0.66012496
2017-07-28 10:30:00,0.536725
2017-07-29 10:30:00,0.61841244
2017-07-30 10:30:00,0.78815
2017-07-31 10:30:00,0.6726124
2017-08-01 10:30:00,0.83869994
2017-08-02 10:30:00,0.7736125
2017-08-03 10:30:00,0.85218745
2017-08-04 10:30:00,0.76629996
2017-08-05 10:30:00,0.730175
2017-08-06 10:30:00,0.77262497
2017-08-07 10:30:00,0.77565
2017-08-08 10:30:00,0.72725
2017-08-09 10:30:00,0.8447625
2017-08-10 10:30:00,0.8349624
2017-08-11 10:30:00,0.82066244
2017-08-12 10:30:00,0.7732125
2017-08-13 10:30:00,0.8156125
2017-08-14 10:30:00,0.77709997
2017-08-15 10:30:00,0.8783125
2017-08-16 10:30:00,0.87095
2017-08-17 10:30:00,0.8369125
2017-08-18 10:30:00,0.79601246
2017-08-19 10:30:00,0.7776625
2017-08-20 10:30:00,0.740125
2017-08-21 10:30:00,0.6124
2017-08-22 10:30:00,0.6072625
2017-08-23 10:30:00,0.5644125
2017-08-24 10:30:00,0.457
2017-08-25 10:30:00,0.47487497
2017-08-26 10:30:00,0.55085
2017-08-27 10:30:00,0.50224996
2017-08-28 10:30:00,0.3513875
2017-08-29 10:30:00,0.3389875
2017-08-30 10:30:00,0.503575
2017-08-31 10:30:00,0.5271125
2017-09-01 10:30:00,0.62694997
2017-09-02 10:30:00,0.613625
2017-09-03 10:30:00,0.9076875
2017-09-04 10:30:00,0.6600375
2017-09-05 10:30:00,0.6776999
2017-09-06 10:30:00,0.54631245
2017-09-07 10:30:00,0.5132375
2017-09-08 10:30:00,0.60522497
2017-09-09 10:30:00,0.6032625
2017-09-10 10:30:00,0.70509994
2017-09-11 10:30:00,0.38412496
2017-09-12 10:30:00,0.574725
2017-09-13 10:30:00,0.580875
2017-09-14 10:30:00,0.6170875
2017-09-15 10:30:00,0.7946625
2017-09-16 10:30:00,0.70748746
2017-09-17 10:30:00,0.69699997
2017-09-18 10:30:00,0.5892625
2017-09-19 10:30:00,0.63506246
2017-09-20 10:30:00,0.6083125
2017-09-21 10:30:00,0.40995
2017-09-22 10:30:00,0.419325
2017-09-23 10:30:00,0.330125
2017-09-24 10:30:00,0.4574625
2017-09-25 10:30:00,0.53115
2017-09-26 10:30:00,0.3805875
2017-09-27 10:30:00,0.317275
2017-09-28 10:30:00,0.34685
2017-09-29 10:30:00,0.347275
2017-09-30 10:30:00,0.291475
2017-10-01 10:30:00,0.34101248
2017-10-02 10:30:00,0.3109
2017-10-03 10:30:00,0.36204997
2017-10-04 10:30:00,0.2822875
2017-10-05 10:30:00,0.4333875
2017-10-06 10:30:00,0.43861252
2017-10-07 10:30:00,0.5372375
2017-10-08 10:30:00,0.80775
2017-10-09 10:30:00,0.6522625
2017-10-10 10:30:00,0.5269125
2017-10-11 10:30:00,0.59075
2017-10-12 10:30:00,0.554625
2017-10-13 10:30:00,0.46283752
2017-10-14 10:30:00,0.41843748
2017-10-15 10:30:00,0.5016125
2017-10-16 10:30:00,0.3629
2017-10-17 10:30:00,0.3291375
2017-10-18 10:30:00,0.319425
2017-10-19 10:30:00,0.41985
2017-10-20 10:30:00,0.43406248
2017-10-21 10:30:00,0.39799997
2017-10-22 10:30:00,0.38538748
2017-10-23 10:30:00,0.41615
2017-10-24 10:30:00,0.43156248
2017-10-25 10:30:00,0.38728753
2017-10-26 10:30:00,0.44704998
2017-10-27 10:30:00,0.45541248
2017-10-28 10:30:00,0.4288875
2017-10-29 10:30:00,0.40165
2017-10-30 10:30:00,0.2682125
2017-10-31 10:30:00,0.33420002
2017-11-01 10:30:00,0.43296248
2017-11-02 10:30:00,0.45448747
2017-11-03 10:30:00,0.399875
2017-11-04 10:30:00,0.341175
2017-11-05 10:30:00,0.33415002
2017-11-06 10:30:00,0.5401125
2017-11-07 10:30:00,0.706275
2017-11-08 10:30:00,0.65863746
2017-11-09 10:30:00,0.6242625
2017-11-10 10:30:00,0.523875
2017-11-11 10:30:00,0.462225
2017-11-12 10:30:00,0.48796248
2017-11-13 10:30:00,0.4926875
2017-11-14 10:30:00,0.4797625
2017-11-15 10:30:00,0.4716
2017-11-16 10:30:00,0.42824998
2017-11-17 10:30:00,0.4687625
2017-11-18 10:30:00,0.5084875
2017-11-19 10:30:00,0.5542125
2017-11-20 10:30:00,0.57845
2017-11-21 10:30:00,0.481925
2017-11-22 10:30:00,0.5352375
2017-11-23 10:30:00,0.4335875
2017-11-24 10:30:00,0.534725
2017-11-25 10:30:00,0.536325
2017-11-26 10:30:00,0.4320875
2017-11-27 10:30:00,0.4095
2017-11-28 10:30:00,0.36932498
2017-11-29 10:30:00,0.36784998
2017-11-30 10:30:00,0.488525
2017-12-01 10:30:00,0.541825
2017-12-02 10:30:00,0.59003747
2017-12-03 10:30:00,0.51535
2017-12-04 10:30:00,0.534875
2017-12-05 10:30:00,0.6788
2017-12-06 10:30:00,0.62944996
2017-12-07 10:30:00,0.4808125
2017-12-08 10:30:00,0.60522497
2017-12-09 10:30:00,0.57755
2017-12-10 10:30:00,0.45885
2017-12-11 10:30:00,0.449925
2017-12-12 10:30:00,0.42131248
2017-12-13 10:30:00,0.4273625
2017-12-14 10:30:00,0.459075
2017-12-15 10:30:00,0.514125
2017-12-16 10:30:00,0.48735
2017-12-17 10:30:00,0.55672497
2017-12-18 10:30:00,0.4662875
2017-12-19 10:30:00,0.5771125
2017-12-20 10:30:00,0.56798744
2017-12-21 10:30:00,0.485275
2017-12-22 10:30:00,0.4724375
2017-12-23 10:30:00,0.48424998
2017-12-24 10:30:00,0.5579625
2017-12-25 10:30:00,0.5159125
2017-12-26 10:30:00,0.4090375
2017-12-27 10:30:00,0.47066247
2017-12-28 10:30:00,0.5494
2017-12-29 10:30:00,0.49493748
2017-12-30 10:30:00,0.600975
2017-12-31 10:30:00,0.5906375
2018-01-01 10:30:00,0.51334995
2018-01-02 10:30:00,0.55645
2018-01-03 10:30:00,0.52388746
2018-01-04 10:30:00,0.4447125
2018-01-05 10:30:00,0.5537
2018-01-06 10:30:00,0.49787498
2018-01-07 10:30:00,0.52555
2018-01-08 10:30:00,0.6143
2018-01-09 10:30:00,0.494725
2018-01-10 10:30:00,0.385425
2018-01-11 10:30:00,0.42498747
2018-01-12 10:30:00,0.5710125
2018-01-13 10:30:00,0.585925
2018-01-14 10:30:00,0.5236625
2018-01-15 10:30:00,0.6219125
2018-01-16 10:30:00,0.6861
2018-01-17 10:30:00,0.6389875
2018-01-18 10:30:00,0.5838375
2018-01-19 10:30:00,0.44678748
2018-01-20 10:30:00,0.44845
2018-01-21 10:30:00,0.431775
2018-01-22 10:30:00,0.43725
2018-01-23 10:30:00,0.452075
2018-01-24 10:30:00,0.4571125
2018-01-25 10:30:00,0.4202625
2018-01-26 10:30:00,0.4194625
2018-01-27 10:30:00,0.4204125
2018-01-28 10:30:00,0.47506246
2018-01-29 10:30:00,0.542975
2018-01-30 10:30:00,0.5234875
2018-01-31 10:30:00,0.5365875
2018-02-01 10:30:00,0.5112625
2018-02-02 10:30:00,0.5049875
2018-02-03 10:30:00,0.48409998
2018-02-04 10:30:00,0.500625
2018-02-05 10:30:00,0.44892496
2018-02-06 10:30:00,0.4439
2018-02-07 10:30:00,0.47792497
2018-02-08 10:30:00,0.41662496
2018-02-09 10:30:00,0.45073748
2018-02-10 10:30:00,0.422225
2018-02-11 10:30:00,0.44837502
2018-02-12 10:30:00,0.44202498
2018-02-13 10:30:00,0.5091375
2018-02-14 10:30:00,0.467675
2018-02-15 10:30:00,0.4635625
2018-02-16 10:30:00,0.374575
2018-02-17 10:30:00,0.36624998
2018-02-18 10:30:00,0.40346253
2018-02-19 10:30:00,0.4468125
2018-02-20 10:30:00,0.47217497
2018-02-21 10:30:00,0.539925
2018-02-22 10:30:00,0.53276247
2018-02-23 10:30:00,0.452325
2018-02-24 10:30:00,0.4136875
2018-02-25 10:30:00,0.4633875
2018-02-26 10:30:00,0.698075
2018-02-27 10:30:00,0.61421245
2018-02-28 10:30:00,0.6767375
2018-03-01 10:30:00,0.509825
2018-03-02 10:30:00,0.44485
2018-03-03 10:30:00,0.5898375
2018-03-04 10:30:00,0.4089875
2018-03-05 10:30:00,0.4013
2018-03-06 10:30:00,0.3710375
2018-03-07 10:30:00,0.482575
2018-03-08 10:30:00,0.4535625
2018-03-09 10:30:00,0.50326246
2018-03-10 10:30:00,0.59666246
2018-03-11 10:30:00,0.50233746
2018-03-12 10:30:00,0.5510625
2018-03-13 10:30:00,0.5724125
2018-03-14 10:30:00,0.64839995
2018-03-15 10:30:00,0.37928748
2018-03-16 10:30:00,0.3170125
2018-03-17 10:30:00,0.3686375
2018-03-18 10:30:00,0.3795625
2018-03-19 10:30:00,0.2987875
2018-03-20 10:30:00,0.35993752
2018-03-21 10:30:00,0.3488375
2018-03-22 10:30:00,0.3275125
2018-03-23 10:30:00,0.3034625
2018-03-24 10:30:00,0.24494998
2018-03-25 10:30:00,0.242625
2018-03-26 10:30:00,0.24264999
2018-03-27 10:30:00,0.304
2018-03-28 10:30:00,0.273975
2018-03-29 10:30:00,0.2589125
2018-03-30 10:30:00,0.5255
2018-03-31 10:30:00,0.5374
2018-04-01 10:30:00,0.2831125
2018-04-02 10:30:00,0.20458749
2018-04-03 10:30:00,0.20985
2018-04-04 10:30:00,0.1586375
2018-04-05 10:30:00,0.468025
2018-04-06 10:30:00,0.2726
2018-04-07 10:30:00,0.23931248
2018-04-08 10:30:00,0.27194998
2018-04-09 10:30:00,0.28663749
2018-04-10 10:30:00,0.4345
2018-04-11 10:30:00,0.2594
2018-04-12 10:30:00,0.2524875
2018-04-13 10:30:00,0.6791875
2018-04-14 10:30:00,0.77542496
2018-04-15 10:30:00,0.3554
2018-04-16 10:30:00,0.15525
2018-04-17 10:30:00,0.33691248
2018-04-18 10:30:00,0.484275
2018-04-19 10:30:00,0.37412497
2018-04-20 10:30:00,0.7075499
2018-04-21 10:30:00,0.601925
2018-04-22 10:30:00,0.452575
2018-04-23 10:30:00,0.422275
2018-04-24 10:30:00,0.29628748
2018-04-25 10:30:00,0.24446249
2018-04-26 10:30:00,0.32778752
2018-04-27 10:30:00,0.223825
2018-04-28 10:30:00,0.369275
2018-04-29 10:30:00,0.3783
2018-04-30 10:30:00,0.440325
2018-05-01 10:30:00,0.46888748
2018-05-02 10:30:00,0.40837497
2018-05-03 10:30:00,0.27022502
2018-05-04 10:30:00,0.22757499
2018-05-05 10:30:00,0.169025
2018-05-06 10:30:00,0.29795
2018-05-07 10:30:00,0.4427625
2018-05-08 10:30:00,0.38482502
2018-05-09 10:30:00,0.26091248
2018-05-10 10:30:00,0.3956625
2018-05-11 10:30:00,0.32068747
2018-05-12 10:30:00,0.2910375
2018-05-13 10:30:00,0.45488748
2018-05-14 10:30:00,0.279725
2018-05-15 10:30:00,0.5735
2018-05-16 10:30:00,0.6427125
2018-05-17 10:30:00,0.4486625
2018-05-18 10:30:00,0.3535125
2018-05-19 10:30:00,0.24225
2018-05-20 10:30:00,0.53833747
2018-05-21 10:30:00,0.5193125
2018-05-22 10:30:00,0.6761
2018-05-23 10:30:00,0.46455002
2018-05-24 10:30:00,0.488125
2018-05-25 10:30:00,0.40805
2018-05-26 10:30:00,0.53
2018-05-27 10:30:00,0.63326246
2018-05-28 10:30:00,0.800675
2018-05-29 10:30:00,0.8380749
2018-05-30 10:30:00,0.560675
2018-05-31 10:30:00,0.377
2018-06-01 10:30:00,0.22108749
2018-06-02 10:30:00,0.1927375
2018-06-03 10:30:00,0.359425
2018-06-04 10:30:00,0.555825
2018-06-05 10:30:00,0.4919375
2018-06-06 10:30:00,0.54101247
2018-06-07 10:30:00,0.61443746
2018-06-08 10:30:00,0.48193747
2018-06-09 10:30:00,0.5613
2018-06-10 10:30:00,0.516375
2018-06-11 10:30:00,0.68372494
2018-06-12 10:30:00,0.7387999
2018-06-13 10:30:00,0.76637495
2018-06-14 10:30:00,0.72268754
2018-06-15 10:30:00,0.76434994
2018-06-16 10:30:00,0.591375
2018-06-17 10:30:00,0.51135004
2018-06-18 10:30:00,0.67013747
2018-06-19 10:30:00,0.44512498
2018-06-20 10:30:00,0.50065
2018-06-21 10:30:00,0.4015375
2018-06-22 10:30:00,0.47753748
2018-06-23 10:30:00,0.48049998
2018-06-24 10:30:00,0.67522496
2018-06-25 10:30:00,0.79099995
2018-06-26 10:30:00,0.67411244
2018-06-27 10:30:00,0.700025
2018-06-28 10:30:00,0.51915
2018-06-29 10:30:00,0.4335375
2018-06-30 10:30:00,0.52802503
2018-07-01 10:30:00,0.5287
2018-07-02 10:30:00,0.5423
2018-07-03 10:30:00,0.75473744
2018-07-04 10:30:00,0.8932125
2018-07-05 10:30:00,0.83765
2018-07-06 10:30:00,0.7984625
2018-07-07 10:30:00,0.8843249
2018-07-08 10:30:00,0.6974125
2018-07-09 10:30:00,0.6514125
2018-07-10 10:30:00,0.80565
2018-07-11 10:30:00,0.9010125
2018-07-12 10:30:00,0.666425
2018-07-13 10:30:00,0.60415
2018-07-14 10:30:00,0.5813875
2018-07-15 10:30:00,0.58695
2018-07-16 10:30:00,0.8938625
2018-07-17 10:30:00,0.8671375
2018-07-18 10:30:00,0.79763746
2018-07-19 10:30:00,0.71645004
2018-07-20 10:30:00,0.878375
2018-07-21 10:30:00,0.8608125
2018-07-22 10:30:00,0.70014995
2018-07-23 10:30:00,0.6471
2018-07-24 10:30:00,0.8461125
2018-07-25 10:30:00,0.8676
2018-07-26 10:30:00,0.791875
2018-07-27 10:30:00,0.8265
2018-07-28 10:30:00,0.78771245
2018-07-29 10:30:00,0.67952496
2018-07-30 10:30:00,0.82334995
2018-07-31 10:30:00,0.59802496
2018-08-01 10:30:00,0.65871245
2018-08-02 10:30:00,0.7151125
2018-08-03 10:30:00,0.7017375
2018-08-04 10:30:00,0.9097875
2018-08-05 10:30:00,0.77192503
2018-08-06 10:30:00,0.8746
2018-08-07 10:30:00,0.8905375
2018-08-08 10:30:00,0.689775
2018-08-09 10:30:00,0.64902496
2018-08-10 10:30:00,0.6030125
2018-08-11 10:30:00,0.75607497
2018-08-12 10:30:00,0.8935
2018-08-13 10:30:00,0.94123745
2018-08-14 10:30:00,0.9407125
2018-08-15 10:30:00,0.8248125
2018-08-16 10:30:00,0.760225
2018-08-17 10:30:00,0.72473747
2018-08-18 10:30:00,0.6404875
2018-08-19 10:30:00,0.6465125
2018-08-20 10:30:00,0.7047875
2018-08-21 10:30:00,0.5643375
2018-08-22 10:30:00,0.62053746
2018-08-23 10:30:00,0.6932125
2018-08-24 10:30:00,0.7126375
2018-08-25 10:30:00,0.8622125
2018-08-26 10:30:00,0.73015
2018-08-27 10:30:00,0.78636247
2018-08-28 10:30:00,0.93952495
2018-08-29 10:30:00,0.83769995
2018-08-30 10:30:00,0.85417503
2018-08-31 10:30:00,0.71805
2018-09-01 10:30:00,0.73550004
2018-09-02 10:30:00,0.77099997
2018-09-03 10:30:00,0.6508125
2018-09-04 10:30:00,0.6267375
2018-09-05 10:30:00,0.69356245
2018-09-06 10:30:00,0.5132125
2018-09-07 10:30:00,0.647425
2018-09-08 10:30:00,0.5762375
2018-09-09 10:30:00,0.6718125
2018-09-10 10:30:00,0.6257875
2018-09-11 10:30:00,0.6432875
2018-09-12 10:30:00,0.563875
2018-09-13 10:30:00,0.518075
2018-09-14 10:30:00,0.6372875
2018-09-15 10:30:00,0.4659375
2018-09-16 10:30:00,0.5097875
2018-09-17 10:30:00,0.510825
2018-09-18 10:30:00,0.61587495
2018-09-19 10:30:00,0.566725
2018-09-20 10:30:00,0.3835125
2018-09-21 10:30:00,0.6003125
2018-09-22 10:30:00,0.7555
2018-09-23 10:30:00,0.62796247
2018-09-24 10:30:00,0.56072503
2018-09-25 10:30:00,0.49114996
2018-09-26 10:30:00,0.50546247
2018-09-27 10:30:00,0.494975
2018-09-28 10:30:00,0.68165
2018-09-29 10:30:00,0.7971875
2018-09-30 10:30:00,0.94002503
2018-10-01 10:30:00,0.5436375
2018-10-02 10:30:00,0.5932125
2018-10-03 10:30:00,0.6282875
2018-10-04 10:30:00,0.55207497
2018-10-05 10:30:00,0.329725
2018-10-06 10:30:00,0.4257625
2018-10-07 10:30:00,0.58036244
2018-10-08 10:30:00,0.55896246
2018-10-09 10:30:00,0.60915
2018-10-10 10:30:00,0.596325
2018-10-11 10:30:00,0.52253747
2018-10-12 10:30:00,0.442625
2018-10-13 10:30:00,0.3804
2018-10-14 10:30:00,0.46704996
2018-10-15 10:30:00,0.3836625
2018-10-16 10:30:00,0.39479998
2018-10-17 10:30:00,0.45017502
2018-10-18 10:30:00,0.3255125
2018-10-19 10:30:00,0.4061375
2018-10-20 10:30:00,0.2982875
2018-10-21 10:30:00,0.536575
2018-10-22 10:30:00,0.391625
2018-10-23 10:30:00,0.5586125
2018-10-24 10:30:00,0.46364996
2018-10-25 10:30:00,0.734725
2018-10-26 10:30:00,0.5936625
2018-10-27 10:30:00,0.4282625
2018-10-28 10:30:00,0.43388748
2018-10-29 10:30:00,0.5390375
2018-10-30 10:30:00,0.53728753
2018-10-31 10:30:00,0.46234998
2018-11-01 10:30:00,0.5125375
2018-11-02 10:30:00,0.38253748
2018-11-03 10:30:00,0.6355
2018-11-04 10:30:00,0.434775
2018-11-05 10:30:00,0.5077375
2018-11-06 10:30:00,0.4436
2018-11-07 10:30:00,0.45659998
2018-11-08 10:30:00,0.6113375
2018-11-09 10:30:00,0.549375
2018-11-10 10:30:00,0.4403
2018-11-11 10:30:00,0.61355
2018-11-12 10:30:00,0.65561247
2018-11-13 10:30:00,0.598
2018-11-14 10:30:00,0.52318746
2018-11-15 10:30:00,0.365975
2018-11-16 10:30:00,0.3532125
2018-11-17 10:30:00,0.45075
2018-11-18 10:30:00,0.5028375
2018-11-19 10:30:00,0.4818125
2018-11-20 10:30:00,0.44017497
2018-11-21 10:30:00,0.36131248
2018-11-22 10:30:00,0.48389998
2018-11-23 10:30:00,0.3976625
2018-11-24 10:30:00,0.39186248
2018-11-25 10:30:00,0.3584125
2018-11-26 10:30:00,0.29378748
2018-11-27 10:30:00,0.3016125
2018-11-28 10:30:00,0.40510002
2018-11-29 10:30:00,0.394875
2018-11-30 10:30:00,0.405
2018-12-01 10:30:00,0.32989997
2018-12-02 10:30:00,0.33647498
2018-12-03 10:30:00,0.34752497
2018-12-04 10:30:00,0.3682625
2018-12-05 10:30:00,0.36595002
2018-12-06 10:30:00,0.39529997
2018-12-07 10:30:00,0.37925
2018-12-08 10:30:00,0.36871248
2018-12-09 10:30:00,0.5037625
2018-12-10 10:30:00,0.55285
2018-12-11 10:30:00,0.4919875
2018-12-12 10:30:00,0.574775
2018-12-13 10:30:00,0.521575
2018-12-14 10:30:00,0.5269875
2018-12-15 10:30:00,0.4511
2018-12-16 10:30:00,0.48599997
2018-12-17 10:30:00,0.520725
2018-12-18 10:30:00,0.535325
2018-12-19 10:30:00,0.549975
2018-12-20 10:30:00,0.66158754
2018-12-21 10:30:00,0.61294997
2018-12-22 10:30:00,0.40655
2018-12-23 10:30:00,0.36691248
2018-12-24 10:30:00,0.4031375
2018-12-25 10:30:00,0.32415
2018-12-26 10:30:00,0.3695375
2018-12-27 10:30:00,0.3868
2018-12-28 10:30:00,0.40432498
2018-12-29 10:30:00,0.41026247
2018-12-30 10:30:00,0.45293748
2018-12-31 10:30:00,0.4031375
2019-01-01 10:30:00,0.43080002
2019-01-02 10:30:00,0.4262875
2019-01-03 10:30:00,0.48215
2019-01-04 10:30:00,0.41837502
2019-01-05 10:30:00,0.421825
2019-01-06 10:30:00,0.42689997
2019-01-07 10:30:00,0.450675
2019-01-08 10:30:00,0.33381248
2019-01-09 10:30:00,0.3037625
2019-01-10 10:30:00,0.4840125
2019-01-11 10:30:00,0.5918
2019-01-12 10:30:00,0.59468746
2019-01-13 10:30:00,0.5558
2019-01-14 10:30:00,0.4641375
2019-01-15 10:30:00,0.34285
2019-01-16 10:30:00,0.47397497
2019-01-17 10:30:00,0.56904995
2019-01-18 10:30:00,0.4552
2019-01-19 10:30:00,0.47437498
2019-01-20 10:30:00,0.33287498
2019-01-21 10:30:00,0.35325
2019-01-22 10:30:00,0.42784998
2019-01-23 10:30:00,0.35282502
2019-01-24 10:30:00,0.41592497
2019-01-25 10:30:00,0.4234875
2019-01-26 10:30:00,0.33796248
2019-01-27 10:30:00,0.46846247
2019-01-28 10:30:00,0.361425
2019-01-29 10:30:00,0.3396875
2019-01-30 10:30:00,0.33435002
2019-01-31 10:30:00,0.3041875
2019-02-01 10:30:00,0.2390875
2019-02-02 10:30:00,0.34376252
2019-02-03 10:30:00,0.36651248
2019-02-04 10:30:00,0.3913625
2019-02-05 10:30:00,0.3372375
2019-02-06 10:30:00,0.3312375
2019-02-07 10:30:00,0.307
2019-02-08 10:30:00,0.345825
2019-02-09 10:30:00,0.375675
2019-02-10 10:30:00,0.362925
2019-02-11 10:30:00,0.3639875
2019-02-12 10:30:00,0.3139375
2019-02-13 10:30:00,0.3011
2019-02-14 10:30:00,0.3523
2019-02-15 10:30:00,0.300825
2019-02-16 10:30:00,0.32866248
2019-02-17 10:30:00,0.2648125
2019-02-18 10:30:00,0.24477498
2019-02-19 10:30:00,0.39232498
2019-02-20 10:30:00,0.272975
2019-02-21 10:30:00,0.3005375
2019-02-22 10:30:00,0.3939875
2019-02-23 10:30:00,0.28771248
2019-02-24 10:30:00,0.32373747
2019-02-25 10:30:00,0.4454875
2019-02-26 10:30:00,0.3623125
2019-02-27 10:30:00,0.38899997
2019-02-28 10:30:00,0.3457875
2019-03-01 10:30:00,0.2838375
2019-03-02 10:30:00,0.2842625
2019-03-03 10:30:00,0.413175
2019-03-04 10:30:00,0.27899998
2019-03-05 10:30:00,0.4229
2019-03-06 10:30:00,0.359725
2019-03-07 10:30:00,0.243225
2019-03-08 10:30:00,0.16049999
2019-03-09 10:30:00,0.25574997
2019-03-10 10:30:00,0.20907499
2019-03-11 10:30:00,0.27566248
2019-03-12 10:30:00,0.2626375
2019-03-13 10:30:00,0.3467
2019-03-14 10:30:00,0.3751
2019-03-15 10:30:00,0.42949998
2019-03-16 10:30:00,0.5226625
2019-03-17 10:30:00,0.27037498
2019-03-18 10:30:00,0.22847499
2019-03-19 10:30:00,0.26744998
2019-03-20 10:30:00,0.641725
2019-03-21 10:30:00,0.34666252
2019-03-22 10:30:00,0.3365375
2019-03-23 10:30:00,0.3019625
2019-03-24 10:30:00,0.2593875
2019-03-25 10:30:00,0.1314375
2019-03-26 10:30:00,0.31626248
2019-03-27 10:30:00,0.162625
2019-03-28 10:30:00,0.23946248
2019-03-29 10:30:00,0.4026625
2019-03-30 10:30:00,0.2482125
2019-03-31 10:30:00,0.2286375
2019-04-01 10:30:00,0.2141375
2019-04-02 10:30:00,0.177075
2019-04-03 10:30:00,0.1719375
2019-04-04 10:30:00,0.3380625
2019-04-05 10:30:00,0.235325
2019-04-06 10:30:00,0.32825
2019-04-07 10:30:00,0.3539
2019-04-08 10:30:00,0.392625
2019-04-09 10:30:00,0.23708749
2019-04-10 10:30:00,0.1762125
2019-04-11 10:30:00,0.1680625
2019-04-12 10:30:00,0.114099994
2019-04-13 10:30:00,0.24788749
2019-04-14 10:30:00,0.22405
2019-04-15 10:30:00,0.090275
2019-04-16 10:30:00,0.096075
2019-04-17 10:30:00,0.42521247
2019-04-18 10:30:00,0.19879998
2019-04-19 10:30:00,0.122099996
2019-04-20 10:30:00,0.131425
2019-04-21 10:30:00,0.11015
2019-04-22 10:30:00,0.17326249
2019-04-23 10:30:00,0.124825
2019-04-24 10:30:00,0.18372498
2019-04-25 10:30:00,0.1882875
2019-04-26 10:30:00,0.106
2019-04-27 10:30:00,0.0928125
2019-04-28 10:30:00,0.23555
2019-04-29 10:30:00,0.29712498
2019-04-30 10:30:00,0.208575
2019-05-01 10:30:00,0.1843
2019-05-02 10:30:00,0.18968749
2019-05-03 10:30:00,0.1283875
2019-05-04 10:30:00,0.4915375
2019-05-05 10:30:00,0.258775
2019-05-06 10:30:00,0.1649625
2019-05-07 10:30:00,0.16809998
2019-05-08 10:30:00,0.2097875
2019-05-09 10:30:00,0.219275
2019-05-10 10:30:00,0.29962498
2019-05-11 10:30:00,0.39717498
2019-05-12 10:30:00,0.569725
2019-05-13 10:30:00,0.73238754
2019-05-14 10:30:00,0.5764875
2019-05-15 10:30:00,0.40476248
2019-05-16 10:30:00,0.25542498
2019-05-17 10:30:00,0.30476248
2019-05-18 10:30:00,0.2839
2019-05-19 10:30:00,0.917225
2019-05-20 10:30:00,0.37927496
2019-05-21 10:30:00,0.41355
2019-05-22 10:30:00,0.328425
2019-05-23 10:30:00,0.44763747
2019-05-24 10:30:00,0.3619625
2019-05-25 10:30:00,0.460175
2019-05-26 10:30:00,0.6824125
2019-05-27 10:30:00,0.27345
2019-05-28 10:30:00,0.2098875
2019-05-29 10:30:00,0.2547875
2019-05-30 10:30:00,0.491325
2019-05-31 10:30:00,0.53193754
2019-06-01 10:30:00,0.436775
2019-06-02 10:30:00,0.5760125
2019-06-03 10:30:00,0.531425
2019-06-04 10:30:00,0.489175
2019-06-05 10:30:00,0.38853747
2019-06-06 10:30:00,0.603875
2019-06-07 10:30:00,0.7583125
2019-06-08 10:30:00,0.8462875
2019-06-09 10:30:00,0.80646247
2019-06-10 10:30:00,0.6532875
2019-06-11 10:30:00,0.63906246
2019-06-12 10:30:00,0.6143875
2019-06-13 10:30:00,0.39479998
2019-06-14 10:30:00,0.5837
2019-06-15 10:30:00,0.53749996
2019-06-16 10:30:00,0.5159
2019-06-17 10:30:00,0.3882625
2019-06-18 10:30:00,0.47862497
2019-06-19 10:30:00,0.4149125
2019-06-20 10:30:00,0.58335
2019-06-21 10:30:00,0.47916248
2019-06-22 10:30:00,0.4896875
2019-06-23 10:30:00,0.4212625
2019-06-24 10:30:00,0.3635875
2019-06-25 10:30:00,0.83428746
2019-06-26 10:30:00,0.735875
2019-06-27 10:30:00,0.75887495
2019-06-28 10:30:00,0.800025
2019-06-29 10:30:00,0.783125
2019-06-30 10:30:00,0.7691625
2019-07-01 10:30:00,0.5698875
2019-07-02 10:30:00,0.56853753
2019-07-03 10:30:00,0.63226247
2019-07-04 10:30:00,0.5734125
2019-07-05 10:30:00,0.85461247
2019-07-06 10:30:00,0.853225
2019-07-07 10:30:00,0.7179125
2019-07-08 10:30:00,0.7252625
2019-07-09 10:30:00,0.7654125
2019-07-10 10:30:00,0.7391625
2019-07-11 10:30:00,0.795575
2019-07-12 10:30:00,0.80873746
2019-07-13 10:30:00,0.795675
2019-07-14 10:30:00,0.71459997
2019-07-15 10:30:00,0.72928745
2019-07-16 10:30:00,0.74988747
2019-07-17 10:30:00,0.699075
2019-07-18 10:30:00,0.6570375
2019-07-19 10:30:00,0.6811125
2019-07-20 10:30:00,0.81067497
2019-07-21 10:30:00,0.61869997
2019-07-22 10:30:00,0.63855
2019-07-23 10:30:00,0.85359997
2019-07-24 10:30:00,0.8265
2019-07-25 10:30:00,0.7436875
2019-07-26 10:30:00,0.63221246
2019-07-27 10:30:00,0.8517375
2019-07-28 10:30:00,0.6457499
2019-07-29 10:30:00,0.6054875
2019-07-30 10:30:00,0.7166625
2019-07-31 10:30:00,0.62579995
2019-08-01 10:30:00,0.6200125
2019-08-02 10:30:00,0.6377125
2019-08-03 10:30:00,0.6039125
2019-08-04 10:30:00,0.5662625
2019-08-05 10:30:00,0.6940625
2019-08-06 10:30:00,0.9077749
2019-08-07 10:30:00,0.85152495
2019-08-08 10:30:00,0.88413745
2019-08-09 10:30:00,0.8460125
2019-08-10 10:30:00,0.90598744
2019-08-11 10:30:00,0.85629994
2019-08-12 10:30:00,0.8434
2019-08-13 10:30:00,0.7561
2019-08-14 10:30:00,0.64175004
2019-08-15 10:30:00,0.7251625
2019-08-16 10:30:00,0.73754996
2019-08-17 10:30:00,0.6929
2019-08-18 10:30:00,0.73235
2019-08-19 10:30:00,0.71239996
2019-08-20 10:30:00,0.7147625
2019-08-21 10:30:00,0.57818747
2019-08-22 10:30:00,0.7672375
2019-08-23 10:30:00,0.812275
2019-08-24 10:30:00,0.77526253
2019-08-25 10:30:00,0.78197503
2019-08-26 10:30:00,0.80403745
2019-08-27 10:30:00,0.68434995
2019-08-28 10:30:00,0.77155
2019-08-29 10:30:00,0.76823753
2019-08-30 10:30:00,0.642625
2019-08-31 10:30:00,0.674675
2019-09-01 10:30:00,0.5656875
2019-09-02 10:30:00,0.7371625
2019-09-03 10:30:00,0.73139995
2019-09-04 10:30:00,0.5790375
2019-09-05 10:30:00,0.63427496
2019-09-06 10:30:00,0.7180375
2019-09-07 10:30:00,0.7391875
2019-09-08 10:30:00,0.5548625
2019-09-09 10:30:00,0.5191
2019-09-10 10:30:00,0.5774125
2019-09-11 10:30:00,0.537075
2019-09-12 10:30:00,0.43605
2019-09-13 10:30:00,0.6251625
2019-09-14 10:30:00,0.45555
2019-09-15 10:30:00,0.416575
2019-09-16 10:30:00,0.39619997
2019-09-17 10:30:00,0.42228746
2019-09-18 10:30:00,0.3853375
2019-09-19 10:30:00,0.5763125
2019-09-20 10:30:00,0.58743745
2019-09-21 10:30:00,0.50238746
2019-09-22 10:30:00,0.4881
2019-09-23 10:30:00,0.3752875
2019-09-24 10:30:00,0.34865
2019-09-25 10:30:00,0.4065
2019-09-26 10:30:00,0.33682498
2019-09-27 10:30:00,0.272925
2019-09-28 10:30:00,0.317825
2019-09-29 10:30:00,0.3847125
2019-09-30 10:30:00,0.43775
2019-10-01 10:30:00,0.37336248
2019-10-02 10:30:00,0.6435125
2019-10-03 10:30:00,0.77488744
2019-10-04 10:30:00,0.45976248
2019-10-05 10:30:00,0.514625
2019-10-06 10:30:00,0.3736375
2019-10-07 10:30:00,0.41338748
2019-10-08 10:30:00,0.5032
2019-10-09 10:30:00,0.36781248
2019-10-10 10:30:00,0.353525
2019-10-11 10:30:00,0.32169998
2019-10-12 10:30:00,0.3305375
2019-10-13 10:30:00,0.3050625
2019-10-14 10:30:00,0.3068375
2019-10-15 10:30:00,0.25620002
2019-10-16 10:30:00,0.442475
2019-10-17 10:30:00,0.3472375
2019-10-18 10:30:00,0.46537498
2019-10-19 10:30:00,0.553525
2019-10-20 10:30:00,0.4836
2019-10-21 10:30:00,0.36345
2019-10-22 10:30:00,0.42912498
2019-10-23 10:30:00,0.41667497
2019-10-24 10:30:00,0.781925
2019-10-25 10:30:00,0.62943745
2019-10-26 10:30:00,0.6944125
2019-10-27 10:30:00,0.5844
2019-10-28 10:30:00,0.52951247
2019-10-29 10:30:00,0.43635
2019-10-30 10:30:00,0.3953625
2019-10-31 10:30:00,0.3005125
2019-11-01 10:30:00,0.361475
2019-11-02 10:30:00,0.505175
2019-11-03 10:30:00,0.49505
2019-11-04 10:30:00,0.4080875
2019-11-05 10:30:00,0.3758375
2019-11-06 10:30:00,0.450575
2019-11-07 10:30:00,0.40612498
2019-11-08 10:30:00,0.53805
2019-11-09 10:30:00,0.595525
2019-11-10 10:30:00,0.53265
2019-11-11 10:30:00,0.367975
2019-11-12 10:30:00,0.733575
2019-11-13 10:30:00,0.4876625
2019-11-14 10:30:00,0.49975
2019-11-15 10:30:00,0.48915
2019-11-16 10:30:00,0.41252497
2019-11-17 10:30:00,0.47298747
2019-11-18 10:30:00,0.43461248
2019-11-19 10:30:00,0.43902498
2019-11-20 10:30:00,0.47436246
2019-11-21 10:30:00,0.4468875
2019-11-22 10:30:00,0.4472625
2019-11-23 10:30:00,0.45759997
2019-11-24 10:30:00,0.415
2019-11-25 10:30:00,0.3087375
2019-11-26 10:30:00,0.3795
2019-11-27 10:30:00,0.40244997
2019-11-28 10:30:00,0.41525
2019-11-29 10:30:00,0.45499998
2019-11-30 10:30:00,0.596325
2019-12-01 10:30:00,0.5196
2019-12-02 10:30:00,0.4012375
2019-12-03 10:30:00,0.344225
2019-12-04 10:30:00,0.3637625
2019-12-05 10:30:00,0.3976625
2019-12-06 10:30:00,0.539975
2019-12-07 10:30:00,0.5031875
2019-12-08 10:30:00,0.58612496
2019-12-09 10:30:00,0.6371375
2019-12-10 10:30:00,0.613975
2019-12-11 10:30:00,0.561425
2019-12-12 10:30:00,0.569475
2019-12-13 10:30:00,0.58358747
2019-12-14 10:30:00,0.590675
2019-12-15 10:30:00,0.57465
2019-12-16 10:30:00,0.5804875
2019-12-17 10:30:00,0.54891247
2019-12-18 10:30:00,0.5363
2019-12-19 10:30:00,0.55268747
2019-12-20 10:30:00,0.5231375
2019-12-21 10:30:00,0.6253125
2019-12-22 10:30:00,0.60153747
2019-12-23 10:30:00,0.60737497
2019-12-24 10:30:00,0.6685875
2019-12-25 10:30:00,0.5411875
2019-12-26 10:30:00,0.5786
2019-12-27 10:30:00,0.54447496
2019-12-28 10:30:00,0.6506125
2019-12-29 10:30:00,0.61987495
2019-12-30 10:30:00,0.478175
2019-12-31 10:30:00,0.4687625
2020-01-01 10:30:00,0.5695375
2020-01-02 10:30:00,0.5516125
2020-01-03 10:30:00,0.598875
2020-01-04 10:30:00,0.67162496
2020-01-05 10:30:00,0.708125
2020-01-06 10:30:00,0.6818
2020-01-07 10:30:00,0.6523625
2020-01-08 10:30:00,0.631
2020-01-09 10:30:00,0.68622494
2020-01-10 10:30:00,0.62662494
2020-01-11 10:30:00,0.627075
2020-01-12 10:30:00,0.5908625
2020-01-13 10:30:00,0.632475
2020-01-14 10:30:00,0.6627625
2020-01-15 10:30:00,0.63755
2020-01-16 10:30:00,0.61601245
2020-01-17 10:30:00,0.64845
2020-01-18 10:30:00,0.7096375
2020-01-19 10:30:00,0.67915
2020-01-20 10:30:00,0.6150875
2020-01-21 10:30:00,0.5854375
2020-01-22 10:30:00,0.597425
2020-01-23 10:30:00,0.5287375
2020-01-24 10:30:00,0.6186375
2020-01-25 10:30:00,0.67260003
2020-01-26 10:30:00,0.6654125
2020-01-27 10:30:00,0.7440875
2020-01-28 10:30:00,0.7169375
2020-01-29 10:30:00,0.72581244
2020-01-30 10:30:00,0.73152494
2020-01-31 10:30:00,0.669725
2020-02-01 10:30:00,0.4756375
2020-02-02 10:30:00,0.502225
2020-02-03 10:30:00,0.53209996
2020-02-04 10:30:00,0.50651246
2020-02-05 10:30:00,0.54315
2020-02-06 10:30:00,0.45997497
2020-02-07 10:30:00,0.6066
2020-02-08 10:30:00,0.589975
2020-02-09 10:30:00,0.648425
2020-02-10 10:30:00,0.68724996
2020-02-11 10:30:00,0.4772125
2020-02-12 10:30:00,0.6480375
2020-02-13 10:30:00,0.796725
2020-02-14 10:30:00,0.641975
2020-02-15 10:30:00,0.51336247
2020-02-16 10:30:00,0.54685
2020-02-17 10:30:00,0.49621248
2020-02-18 10:30:00,0.52783746
2020-02-19 10:30:00,0.57765
2020-02-20 10:30:00,0.6263625
2020-02-21 10:30:00,0.6212125
2020-02-22 10:30:00,0.51666254
2020-02-23 10:30:00,0.523025
2020-02-24 10:30:00,0.5195375
2020-02-25 10:30:00,0.4943375
2020-02-26 10:30:00,0.578875
2020-02-27 10:30:00,0.4685875
2020-02-28 10:30:00,0.63186246
2020-02-29 10:30:00,0.56675
2020-03-01 10:30:00,0.60029995
2020-03-02 10:30:00,0.5881
2020-03-03 10:30:00,0.75823754
2020-03-04 10:30:00,0.5876875
2020-03-05 10:30:00,0.5543125
2020-03-06 10:30:00,0.6931625
2020-03-07 10:30:00,0.5305
2020-03-08 10:30:00,0.47742498
2020-03-09 10:30:00,0.40100002
2020-03-10 10:30:00,0.60989994
2020-03-11 10:30:00,0.479425
2020-03-12 10:30:00,0.3174125
2020-03-13 10:30:00,0.51575
2020-03-14 10:30:00,0.4208125
2020-03-15 10:30:00,0.3323875
2020-03-16 10:30:00,0.51345
2020-03-17 10:30:00,0.4294875
2020-03-18 10:30:00,0.48029998
2020-03-19 10:30:00,0.4348
2020-03-20 10:30:00,0.426825
2020-03-21 10:30:00,0.40807498
2020-03-22 10:30:00,0.5334375
2020-03-23 10:30:00,0.36576247
2020-03-24 10:30:00,0.2859
2020-03-25 10:30:00,0.291425
2020-03-26 10:30:00,0.2766375
2020-03-27 10:30:00,0.330425
2020-03-28 10:30:00,0.2977375
2020-03-29 10:30:00,0.2237
2020-03-30 10:30:00,0.21267499
2020-03-31 10:30:00,0.22924998
2020-04-01 10:30:00,0.1686125
2020-04-02 10:30:00,0.21161251
2020-04-03 10:30:00,0.23391248
2020-04-04 10:30:00,0.21450001
2020-04-05 10:30:00,0.23503749
2020-04-06 10:30:00,0.24837498
2020-04-07 10:30:00,0.335175
2020-04-08 10:30:00,0.32451248
2020-04-09 10:30:00,0.3144625
2020-04-10 10:30:00,0.1812875
2020-04-11 10:30:00,0.1817375
2020-04-12 10:30:00,0.12144999
2020-04-13 10:30:00,0.13225
2020-04-14 10:30:00,0.25935
2020-04-15 10:30:00,0.2279625
2020-04-16 10:30:00,0.6091
2020-04-17 10:30:00,0.2752
2020-04-18 10:30:00,0.16655001
2020-04-19 10:30:00,0.69203746
2020-04-20 10:30:00,0.60534996
2020-04-21 10:30:00,0.674775
2020-04-22 10:30:00,0.3856375
2020-04-23 10:30:00,0.38865
2020-04-24 10:30:00,0.65775
2020-04-25 10:30:00,0.667975
2020-04-26 10:30:00,0.45555
2020-04-27 10:30:00,0.26015
2020-04-28 10:30:00,0.6194125
2020-04-29 10:30:00,0.4460125
2020-04-30 10:30:00,0.3354875
2020-05-01 10:30:00,0.3148375
2020-05-02 10:30:00,0.29015
2020-05-03 10:30:00,0.82177496
2020-05-04 10:30:00,0.4669375
2020-05-05 10:30:00,0.3825875
2020-05-06 10:30:00,0.25309998
2020-05-07 10:30:00,0.391875
2020-05-08 10:30:00,0.187725
2020-05-09 10:30:00,0.401575
2020-05-10 10:30:00,0.41125
2020-05-11 10:30:00,0.5458375
2020-05-12 10:30:00,0.32035
2020-05-13 10:30:00,0.2395
2020-05-14 10:30:00,0.2612375
2020-05-15 10:30:00,0.4663875
2020-05-16 10:30:00,0.8068
2020-05-17 10:30:00,0.8362375
2020-05-18 10:30:00,0.6321125
2020-05-19 10:30:00,0.5979
2020-05-20 10:30:00,0.7937375
2020-05-21 10:30:00,0.7071125
2020-05-22 10:30:00,0.81863755
2020-05-23 10:30:00,0.7147125
2020-05-24 10:30:00,0.4424625
2020-05-25 10:30:00,0.5444875
2020-05-26 10:30:00,0.5785625
2020-05-27 10:30:00,0.45276248
2020-05-28 10:30:00,0.42627499
2020-05-29 10:30:00,0.542225
2020-05-30 10:30:00,0.5571375
2020-05-31 10:30:00,0.7800875
2020-06-01 10:30:00,0.4824375
2020-06-02 10:30:00,0.53526247
2020-06-03 10:30:00,0.7321875
2020-06-04 10:30:00,0.6261875
2020-06-05 10:30:00,0.56057495
2020-06-06 10:30:00,0.54811245
2020-06-07 10:30:00,0.6537
2020-06-08 10:30:00,0.52905
2020-06-09 10:30:00,0.434925
2020-06-10 10:30:00,0.7379999
2020-06-11 10:30:00,0.59005
2020-06-12 10:30:00,0.657975
2020-06-13 10:30:00,0.758025
2020-06-14 10:30:00,0.48333746
2020-06-15 10:30:00,0.5309125
2020-06-16 10:30:00,0.528775
2020-06-17 10:30:00,0.675
2020-06-18 10:30:00,0.6577749
2020-06-19 10:30:00,0.7205375
2020-06-20 10:30:00,0.79411244
2020-06-21 10:30:00,0.5926375
2020-06-22 10:30:00,0.59908754
2020-06-23 10:30:00,0.88873744
2020-06-24 10:30:00,0.8919375
2020-06-25 10:30:00,0.806125
2020-06-26 10:30:00,0.62154996
2020-06-27 10:30:00,0.5756375
2020-06-28 10:30:00,0.64397496
2020-06-29 10:30:00,0.74663746
2020-06-30 10:30:00,0.7230375
2020-07-01 10:30:00,0.6809
2020-07-02 10:30:00,0.7052625
2020-07-03 10:30:00,0.7119375
2020-07-04 10:30:00,0.8917499
2020-07-05 10:30:00,0.73195
2020-07-06 10:30:00,0.657575
2020-07-07 10:30:00,0.6272
2020-07-08 10:30:00,0.5717375
2020-07-09 10:30:00,0.58143747
2020-07-10 10:30:00,0.63159996
2020-07-11 10:30:00,0.7383
2020-07-12 10:30:00,0.7989875
2020-07-13 10:30:00,0.6864
2020-07-14 10:30:00,0.654225
2020-07-15 10:30:00,0.5980375
2020-07-16 10:30:00,0.7166625
2020-07-17 10:30:00,0.73262495
2020-07-18 10:30:00,0.7903625
2020-07-19 10:30:00,0.68412495
2020-07-20 10:30:00,0.62052494
2020-07-21 10:30:00,0.49005
2020-07-22 10:30:00,0.6360875
2020-07-23 10:30:00,0.549425
2020-07-24 10:30:00,0.5447375
2020-07-25 10:30:00,0.62745
2020-07-26 10:30:00,0.560825
2020-07-27 10:30:00,0.6476625
2020-07-28 10:30:00,0.78758746
2020-07-29 10:30:00,0.86378753
2020-07-30 10:30:00,0.7244
2020-07-31 10:30:00,0.662925
2020-08-01 10:30:00,0.6077
2020-08-02 10:30:00,0.80991244
2020-08-03 10:30:00,0.7793875
2020-08-04 10:30:00,0.713
2020-08-05 10:30:00,0.73333746
2020-08-06 10:30:00,0.7263375
2020-08-07 10:30:00,0.8419875
2020-08-08 10:30:00,0.9253375
2020-08-09 10:30:00,0.82794994
2020-08-10 10:30:00,0.72058755
2020-08-11 10:30:00,0.6796875
2020-08-12 10:30:00,0.6755625
2020-08-13 10:30:00,0.96788746
2020-08-14 10:30:00,0.776425
2020-08-15 10:30:00,0.7243125
2020-08-16 10:30:00,0.75677496
2020-08-17 10:30:00,0.81413746
2020-08-18 10:30:00,0.7447875
2020-08-19 10:30:00,0.7418875
2020-08-20 10:30:00,0.67443746
2020-08-21 10:30:00,0.674575
2020-08-22 10:30:00,0.685375
2020-08-23 10:30:00,0.80973744
2020-08-24 10:30:00,0.8192875
2020-08-25 10:30:00,0.6066125
2020-08-26 10:30:00,0.71577495
2020-08-27 10:30:00,0.9412
2020-08-28 10:30:00,0.9547
2020-08-29 10:30:00,0.74793744
2020-08-30 10:30:00,0.8596625
2020-08-31 10:30:00,0.833925
2020-09-01 10:30:00,0.72059995
2020-09-02 10:30:00,0.7115125
2020-09-03 10:30:00,0.7493
2020-09-04 10:30:00,0.6886875
2020-09-05 10:30:00,0.6872875
2020-09-06 10:30:00,0.72155
2020-09-07 10:30:00,0.85558754
2020-09-08 10:30:00,0.7078125
2020-09-09 10:30:00,0.7917625
2020-09-10 10:30:00,0.6668625
2020-09-11 10:30:00,0.7686875
2020-09-12 10:30:00,0.7609125
2020-09-13 10:30:00,0.7803375
2020-09-14 10:30:00,0.64119995
2020-09-15 10:30:00,0.796875
2020-09-16 10:30:00,0.8190875
2020-09-17 10:30:00,0.67785
2020-09-18 10:30:00,0.7398625
2020-09-19 10:30:00,0.594025
2020-09-20 10:30:00,0.7208375
2020-09-21 10:30:00,0.8194125
2020-09-22 10:30:00,0.6823124
2020-09-23 10:30:00,0.5507375
2020-09-24 10:30:00,0.693975
2020-09-25 10:30:00,0.80823743
2020-09-26 10:30:00,0.70418745
2020-09-27 10:30:00,0.491525
2020-09-28 10:30:00,0.59183747
2020-09-29 10:30:00,0.6035375
2020-09-30 10:30:00,0.6374125
2020-10-01 10:30:00,0.87482494
2020-10-02 10:30:00,0.6634625
2020-10-03 10:30:00,0.64652497
2020-10-04 10:30:00,0.62172496
2020-10-05 10:30:00,0.609925
2020-10-06 10:30:00,0.57656246
2020-10-07 10:30:00,0.5511625
2020-10-08 10:30:00,0.4973125
2020-10-09 10:30:00,0.5027625
2020-10-10 10:30:00,0.31138748
2020-10-11 10:30:00,0.4654875
2020-10-12 10:30:00,0.4822875
2020-10-13 10:30:00,0.5371125
2020-10-14 10:30:00,0.40841252
2020-10-15 10:30:00,0.4044625
2020-10-16 10:30:00,0.42413747
2020-10-17 10:30:00,0.5082
2020-10-18 10:30:00,0.49275002
2020-10-19 10:30:00,0.41096246
2020-10-20 10:30:00,0.3382375
2020-10-21 10:30:00,0.52779996
2020-10-22 10:30:00,0.47768748
2020-10-23 10:30:00,0.46166247
2020-10-24 10:30:00,0.49479997
2020-10-25 10:30:00,0.5673625
2020-10-26 10:30:00,0.4911875
2020-10-27 10:30:00,0.33604997
2020-10-28 10:30:00,0.37884998
2020-10-29 10:30:00,0.5179
2020-10-30 10:30:00,0.306725
2020-10-31 10:30:00,0.57081246
2020-11-01 10:30:00,0.55773747
2020-11-02 10:30:00,0.47974998
2020-11-03 10:30:00,0.3944625
2020-11-04 10:30:00,0.4666875
2020-11-05 10:30:00,0.391975
2020-11-06 10:30:00,0.4030375
2020-11-07 10:30:00,0.51432496
2020-11-08 10:30:00,0.4472125
2020-11-09 10:30:00,0.56651247
2020-11-10 10:30:00,0.5085625
2020-11-11 10:30:00,0.37525
2020-11-12 10:30:00,0.5000375
2020-11-13 10:30:00,0.4667875
2020-11-14 10:30:00,0.43412498
2020-11-15 10:30:00,0.50645
2020-11-16 10:30:00,0.519425
2020-11-17 10:30:00,0.71007496
2020-11-18 10:30:00,0.6567125
2020-11-19 10:30:00,0.390725
2020-11-20 10:30:00,0.5238125
2020-11-21 10:30:00,0.5401625
2020-11-22 10:30:00,0.5186
2020-11-23 10:30:00,0.65457493
2020-11-24 10:30:00,0.6501875
2020-11-25 10:30:00,0.61505
2020-11-26 10:30:00,0.5657
2020-11-27 10:30:00,0.561875
2020-11-28 10:30:00,0.6234125
2020-11-29 10:30:00,0.62595
2020-11-30 10:30:00,0.6321625
2020-12-01 10:30:00,0.61908746
2020-12-02 10:30:00,0.5860125
2020-12-03 10:30:00,0.5204875
2020-12-04 10:30:00,0.5236625
2020-12-05 10:30:00,0.5194375
2020-12-06 10:30:00,0.5913
2020-12-07 10:30:00,0.46636248
2020-12-08 10:30:00,0.4975875
2020-12-09 10:30:00,0.47525
2020-12-10 10:30:00,0.6048375
2020-12-11 10:30:00,0.48694998
2020-12-12 10:30:00,0.55132496
2020-12-13 10:30:00,0.494925
2020-12-14 10:30:00,0.4797125
2020-12-15 10:30:00,0.47555
2020-12-16 10:30:00,0.513375
2020-12-17 10:30:00,0.52134997
2020-12-18 10:30:00,0.4550875
2020-12-19 10:30:00,0.5592875
2020-12-20 10:30:00,0.50624996
2020-12-21 10:30:00,0.49316248
2020-12-22 10:30:00,0.62329996
2020-12-23 10:30:00,0.6351
2020-12-24 10:30:00,0.6246375
2020-12-25 10:30:00,0.5755375
2020-12-26 10:30:00,0.64936244
2020-12-27 10:30:00,0.576725
2020-12-28 10:30:00,0.5454
2020-12-29 10:30:00,0.502775
2020-12-30 10:30:00,0.5228375
2020-12-31 10:30:00,0.52795
2021-01-01 10:30:00,0.471025
2021-01-02 10:30:00,0.5333
2021-01-03 10:30:00,0.526425
2021-01-04 10:30:00,0.5046375
2021-01-05 10:30:00,0.5200125
2021-01-06 10:30:00,0.47044998
2021-01-07 10:30:00,0.49415
2021-01-08 10:30:00,0.533525
2021-01-09 10:30:00,0.62291247
2021-01-10 10:30:00,0.5766375
2021-01-11 10:30:00,0.57116246
2021-01-12 10:30:00,0.66144997
2021-01-13 10:30:00,0.58755
2021-01-14 10:30:00,0.68942493
2021-01-15 10:30:00,0.58795
2021-01-16 10:30:00,0.57739997
2021-01-17 10:30:00,0.56035
2021-01-18 10:30:00,0.5399625
2021-01-19 10:30:00,0.64318746
2021-01-20 10:30:00,0.638325
2021-01-21 10:30:00,0.66058743
2021-01-22 10:30:00,0.65235
2021-01-23 10:30:00,0.62768745
2021-01-24 10:30:00,0.6519625
2021-01-25 10:30:00,0.675425
2021-01-26 10:30:00,0.49025
2021-01-27 10:30:00,0.4754375
2021-01-28 10:30:00,0.5288625
2021-01-29 10:30:00,0.55111253
2021-01-30 10:30:00,0.498925
2021-01-31 10:30:00,0.7418125
2021-02-01 10:30:00,0.52015
2021-02-02 10:30:00,0.49224997
2021-02-03 10:30:00,0.46826246
2021-02-04 10:30:00,0.61522496
2021-02-05 10:30:00,0.618275
2021-02-06 10:30:00,0.6075625
2021-02-07 10:30:00,0.6041
2021-02-08 10:30:00,0.5973375
2021-02-09 10:30:00,0.57364994
2021-02-10 10:30:00,0.5812875
2021-02-11 10:30:00,0.51327497
2021-02-12 10:30:00,0.5352375
2021-02-13 10:30:00,0.4663375
2021-02-14 10:30:00,0.4538625
2021-02-15 10:30:00,0.48215
2021-02-16 10:30:00,0.4637375
2021-02-17 10:30:00,0.4170375
2021-02-18 10:30:00,0.51925
2021-02-19 10:30:00,0.42901248
2021-02-20 10:30:00,0.7019
2021-02-21 10:30:00,0.61448747
2021-02-22 10:30:00,0.5032
2021-02-23 10:30:00,0.5385875
2021-02-24 10:30:00,0.47332498
2021-02-25 10:30:00,0.41963747
2021-02-26 10:30:00,0.49677497
2021-02-27 10:30:00,0.55513746
2021-02-28 10:30:00,0.3577625
2021-03-01 10:30:00,0.4918375
2021-03-02 10:30:00,0.56546247
2021-03-03 10:30:00,0.6231625
2021-03-04 10:30:00,0.463325
2021-03-05 10:30:00,0.34591252
2021-03-06 10:30:00,0.3700375
2021-03-07 10:30:00,0.441225
2021-03-08 10:30:00,0.43237498
2021-03-09 10:30:00,0.29749998
2021-03-10 10:30:00,0.43741247
2021-03-11 10:30:00,0.36634997
2021-03-12 10:30:00,0.3206625
2021-03-13 10:30:00,0.37107497
2021-03-14 10:30:00,0.42318746
2021-03-15 10:30:00,0.41459998
2021-03-16 10:30:00,0.29755
2021-03-17 10:30:00,0.37932497
2021-03-18 10:30:00,0.29291248
2021-03-19 10:30:00,0.5705125
2021-03-20 10:30:00,0.81153744
2021-03-21 10:30:00,0.528175
2021-03-22 10:30:00,0.4538
2021-03-23 10:30:00,0.42361248
2021-03-24 10:30:00,0.4136375
2021-03-25 10:30:00,0.3803
2021-03-26 10:30:00,0.558725
2021-03-27 10:30:00,0.3538625
2021-03-28 10:30:00,0.5275875
2021-03-29 10:30:00,0.37301248
2021-03-30 10:30:00,0.271325
2021-03-31 10:30:00,0.392825
2021-04-01 10:30:00,0.41697502
2021-04-02 10:30:00,0.43426248
2021-04-03 10:30:00,0.35693747
2021-04-04 10:30:00,0.31533748
2021-04-05 10:30:00,0.339375
2021-04-06 10:30:00,0.25344998
2021-04-07 10:30:00,0.30615
2021-04-08 10:30:00,0.36026248
2021-04-09 10:30:00,0.3252625
2021-04-10 10:30:00,0.28465
2021-04-11 10:30:00,0.5571375
2021-04-12 10:30:00,0.443525
2021-04-13 10:30:00,0.3469125
2021-04-14 10:30:00,0.29271248
2021-04-15 10:30:00,0.6228625
2021-04-16 10:30:00,0.7995875
2021-04-17 10:30:00,0.4949875
2021-04-18 10:30:00,0.326775
2021-04-19 10:30:00,0.2687125
2021-04-20 10:30:00,0.25149998
2021-04-21 10:30:00,0.28395
2021-04-22 10:30:00,0.47331247
2021-04-23 10:30:00,0.5797375
2021-04-24 10:30:00,0.4006875
2021-04-25 10:30:00,0.21362501
2021-04-26 10:30:00,0.2863625
2021-04-27 10:30:00,0.354025
2021-04-28 10:30:00,0.2994
2021-04-29 10:30:00,0.4571125
2021-04-30 10:30:00,0.6388
2021-05-01 10:30:00,0.530675
2021-05-02 10:30:00,0.250675
2021-05-03 10:30:00,0.36525002
2021-05-04 10:30:00,0.44169998
2021-05-05 10:30:00,0.4226625
2021-05-06 10:30:00,0.366875
2021-05-07 10:30:00,0.5979125
2021-05-08 10:30:00,0.57089996
2021-05-09 10:30:00,0.47274998
2021-05-10 10:30:00,0.4118875
2021-05-11 10:30:00,0.406425
2021-05-12 10:30:00,0.3448375
2021-05-13 10:30:00,0.35343748
2021-05-14 10:30:00,0.50686246
2021-05-15 10:30:00,0.4271375
2021-05-16 10:30:00,0.30906248
2021-05-17 10:30:00,0.293325
2021-05-18 10:30:00,0.390975
2021-05-19 10:30:00,0.450775
2021-05-20 10:30:00,0.5885375
2021-05-21 10:30:00,0.373525
2021-05-22 10:30:00,0.2980125
2021-05-23 10:30:00,0.43952498
2021-05-24 10:30:00,0.50495
2021-05-25 10:30:00,0.37675
2021-05-26 10:30:00,0.40923747
2021-05-27 10:30:00,0.5984375
2021-05-28 10:30:00,0.633175
2021-05-29 10:30:00,0.398875
2021-05-30 10:30:00,0.51445
2021-05-31 10:30:00,0.48694998
2021-06-01 10:30:00,0.4440375
2021-06-02 10:30:00,0.80482495
2021-06-03 10:30:00,0.67074996
2021-06-04 10:30:00,0.552625
2021-06-05 10:30:00,0.7071
2021-06-06 10:30:00,0.52362496
2021-06-07 10:30:00,0.51511246
2021-06-08 10:30:00,0.69418746
2021-06-09 10:30:00,0.44861248
2021-06-10 10:30:00,0.48322502
2021-06-11 10:30:00,0.428375
2021-06-12 10:30:00,0.526275
2021-06-13 10:30:00,0.56967497
2021-06-14 10:30:00,0.6116375
2021-06-15 10:30:00,0.5702125
2021-06-16 10:30:00,0.6377625
2021-06-17 10:30:00,0.48145
2021-06-18 10:30:00,0.5705625
2021-06-19 10:30:00,0.623875
2021-06-20 10:30:00,0.6990125
2021-06-21 10:30:00,0.7913375
2021-06-22 10:30:00,0.59362495
2021-06-23 10:30:00,0.55235
2021-06-24 10:30:00,0.56885
2021-06-25 10:30:00,0.6751875
2021-06-26 10:30:00,0.7115875
2021-06-27 10:30:00,0.7268875
2021-06-28 10:30:00,0.7660375
2021-06-29 10:30:00,0.72365
2021-06-30 10:30:00,0.80637497
2021-07-01 10:30:00,0.6892375
2021-07-02 10:30:00,0.78167504
2021-07-03 10:30:00,0.8232125
2021-07-04 10:30:00,0.7662625
2021-07-05 10:30:00,0.748975
2021-07-06 10:30:00,0.85705
2021-07-07 10:30:00,0.77683747
2021-07-08 10:30:00,0.832225
2021-07-09 10:30:00,0.7882625
2021-07-10 10:30:00,0.809575
2021-07-11 10:30:00,0.7689125
2021-07-12 10:30:00,0.8279125
2021-07-13 10:30:00,0.81326246
2021-07-14 10:30:00,0.8384375
2021-07-15 10:30:00,0.83521247
2021-07-16 10:30:00,0.77629995
2021-07-17 10:30:00,0.83239996
2021-07-18 10:30:00,0.84613746
2021-07-19 10:30:00,0.71505
2021-07-20 10:30:00,0.83165
2021-07-21 10:30:00,0.823225
2021-07-22 10:30:00,0.7756375
2021-07-23 10:30:00,0.7958999
2021-07-24 10:30:00,0.7569249
2021-07-25 10:30:00,0.75387496
2021-07-26 10:30:00,0.9025875
2021-07-27 10:30:00,0.7814625
2021-07-28 10:30:00,0.72217494
2021-07-29 10:30:00,0.80286247
2021-07-30 10:30:00,0.7758375
2021-07-31 10:30:00,0.806875
2021-08-01 10:30:00,0.8373
2021-08-02 10:30:00,0.6656375
2021-08-03 10:30:00,0.67303747
2021-08-04 10:30:00,0.7778375
2021-08-05 10:30:00,0.68831253
2021-08-06 10:30:00,0.72231245
2021-08-07 10:30:00,0.72487503
2021-08-08 10:30:00,0.7654875
2021-08-09 10:30:00,0.86667496
2021-08-10 10:30:00,0.7784749
2021-08-11 10:30:00,0.75676244
2021-08-12 10:30:00,0.8385624
2021-08-13 10:30:00,0.739625
2021-08-14 10:30:00,0.8090625
2021-08-15 10:30:00,0.83387494
2021-08-16 10:30:00,0.796275
2021-08-17 10:30:00,0.68723744
2021-08-18 10:30:00,0.73136246
2021-08-19 10:30:00,0.7311125
2021-08-20 10:30:00,0.65739995
2021-08-21 10:30:00,0.6609625
2021-08-22 10:30:00,0.739575
2021-08-23 10:30:00,0.7457375
2021-08-24 10:30:00,0.78239995
2021-08-25 10:30:00,0.78985
2021-08-26 10:30:00,0.81637496
2021-08-27 10:30:00,0.69339997
2021-08-28 10:30:00,0.6549375
2021-08-29 10:30:00,0.65705
2021-08-30 10:30:00,0.68792504
2021-08-31 10:30:00,0.70054996
2021-09-01 10:30:00,0.72982496
2021-09-02 10:30:00,0.7429
2021-09-03 10:30:00,0.80144995
2021-09-04 10:30:00,0.76065
2021-09-05 10:30:00,0.82275
2021-09-06 10:30:00,0.9026875
2021-09-07 10:30:00,0.769625
2021-09-08 10:30:00,0.8069625
2021-09-09 10:30:00,0.70516247
2021-09-10 10:30:00,0.5603
2021-09-11 10:30:00,0.70617497
2021-09-12 10:30:00,0.69815
2021-09-13 10:30:00,0.6337875
2021-09-14 10:30:00,0.67382497
2021-09-15 10:30:00,0.772675
2021-09-16 10:30:00,0.5793
2021-09-17 10:30:00,0.58366245
2021-09-18 10:30:00,0.6901125
2021-09-19 10:30:00,0.7805625
2021-09-20 10:30:00,0.7942375
2021-09-21 10:30:00,0.71121246
2021-09-22 10:30:00,0.61445
2021-09-23 10:30:00,0.75052494
2021-09-24 10:30:00,0.8324125
2021-09-25 10:30:00,0.815575
2021-09-26 10:30:00,0.8476875
2021-09-27 10:30:00,0.558525
2021-09-28 10:30:00,0.52042496
2021-09-29 10:30:00,0.48154998
2021-09-30 10:30:00,0.613075
2021-10-01 10:30:00,0.6365375
2021-10-02 10:30:00,0.537375
2021-10-03 10:30:00,0.6802375
2021-10-04 10:30:00,0.575925
2021-10-05 10:30:00,0.55031246
2021-10-06 10:30:00,0.639075
2021-10-07 10:30:00,0.5181125
2021-10-08 10:30:00,0.41355
2021-10-09 10:30:00,0.49272498
2021-10-10 10:30:00,0.45744997
2021-10-11 10:30:00,0.4678
2021-10-12 10:30:00,0.4174125
2021-10-13 10:30:00,0.5664875
2021-10-14 10:30:00,0.5615875
2021-10-15 10:30:00,0.48874998
2021-10-16 10:30:00,0.41357502
2021-10-17 10:30:00,0.5459
2021-10-18 10:30:00,0.6028375
2021-10-19 10:30:00,0.54667497
2021-10-20 10:30:00,0.5205625
2021-10-21 10:30:00,0.5343125
2021-10-22 10:30:00,0.5400125
2021-10-23 10:30:00,0.4900375
2021-10-24 10:30:00,0.48162496
2021-10-25 10:30:00,0.42769998
2021-10-26 10:30:00,0.47016248
2021-10-27 10:30:00,0.510625
2021-10-28 10:30:00,0.570775
2021-10-29 10:30:00,0.5242625
2021-10-30 10:30:00,0.6206625
2021-10-31 10:30:00,0.52718747
2021-11-01 10:30:00,0.64607495
2021-11-02 10:30:00,0.631375
2021-11-03 10:30:00,0.63511246
2021-11-04 10:30:00,0.53195
2021-11-05 10:30:00,0.52897495
2021-11-06 10:30:00,0.5617125
2021-11-07 10:30:00,0.517975
2021-11-08 10:30:00,0.3974375
2021-11-09 10:30:00,0.50326246
2021-11-10 10:30:00,0.46981248
2021-11-11 10:30:00,0.4534
2021-11-12 10:30:00,0.47175
2021-11-13 10:30:00,0.6081875
2021-11-14 10:30:00,0.58565
2021-11-15 10:30:00,0.5837125
2021-11-16 10:30:00,0.5682125
2021-11-17 10:30:00,0.38873747
2021-11-18 10:30:00,0.44097498
2021-11-19 10:30:00,0.64795
2021-11-20 10:30:00,0.62412494
2021-11-21 10:30:00,0.8145
2021-11-22 10:30:00,0.5823
2021-11-23 10:30:00,0.5490125
2021-11-24 10:30:00,0.4915625
2021-11-25 10:30:00,0.502275
2021-11-26 10:30:00,0.7412625
2021-11-27 10:30:00,0.6137875
2021-11-28 10:30:00,0.5690625
2021-11-29 10:30:00,0.684375
2021-11-30 10:30:00,0.65568745
2021-12-01 10:30:00,0.6018125
2021-12-02 10:30:00,0.4879125
2021-12-03 10:30:00,0.569325
2021-12-04 10:30:00,0.609925
2021-12-05 10:30:00,0.50724995
2021-12-06 10:30:00,0.4791125
2021-12-07 10:30:00,0.46496248
2021-12-08 10:30:00,0.4306875
2021-12-09 10:30:00,0.6329375
2021-12-10 10:30:00,0.5685875
2021-12-11 10:30:00,0.5493
2021-12-12 10:30:00,0.5096625
2021-12-13 10:30:00,0.4736375
2021-12-14 10:30:00,0.6011125
2021-12-15 10:30:00,0.77184993
2021-12-16 10:30:00,0.5364125
2021-12-17 10:30:00,0.5213375
2021-12-18 10:30:00,0.604225
2021-12-19 10:30:00,0.59713745
2021-12-20 10:30:00,0.49345002
2021-12-21 10:30:00,0.486675
2021-12-22 10:30:00,0.526275
2021-12-23 10:30:00,0.4767375
2021-12-24 10:30:00,0.47111252
2021-12-25 10:30:00,0.5121125
2021-12-26 10:30:00,0.5569
2021-12-27 10:30:00,0.62382495
2021-12-28 10:30:00,0.5894875
2021-12-29 10:30:00,0.58675
2021-12-30 10:30:00,0.5103
2021-12-31 10:30:00,0.5736875
2022-01-01 10:30:00,0.52187496
2022-01-02 10:30:00,0.5113375
2022-01-03 10:30:00,0.56979996
2022-01-04 10:30:00,0.61671245
2022-01-05 10:30:00,0.586225
2022-01-06 10:30:00,0.6372875
2022-01-07 10:30:00,0.4446625
2022-01-08 10:30:00,0.63474995
2022-01-09 10:30:00,0.5886
2022-01-10 10:30:00,0.5032125
2022-01-11 10:30:00,0.474625
2022-01-12 10:30:00,0.573025
2022-01-13 10:30:00,0.59435
2022-01-14 10:30:00,0.5613125
2022-01-15 10:30:00,0.5548625
2022-01-16 10:30:00,0.55939996
2022-01-17 10:30:00,0.5638
2022-01-18 10:30:00,0.5469625
2022-01-19 10:30:00,0.5062625
2022-01-20 10:30:00,0.4543125
2022-01-21 10:30:00,0.51224995
2022-01-22 10:30:00,0.5673125
2022-01-23 10:30:00,0.610475
2022-01-24 10:30:00,0.7030125
2022-01-25 10:30:00,0.58322495
2022-01-26 10:30:00,0.6026625
2022-01-27 10:30:00,0.6304375
2022-01-28 10:30:00,0.559725
2022-01-29 10:30:00,0.51976246
2022-01-30 10:30:00,0.5797875
2022-01-31 10:30:00,0.522525
2022-02-01 10:30:00,0.57848746
2022-02-02 10:30:00,0.5568875
2022-02-03 10:30:00,0.54197496
2022-02-04 10:30:00,0.5062125
2022-02-05 10:30:00,0.53208745
2022-02-06 10:30:00,0.5699125
2022-02-07 10:30:00,0.61776245
2022-02-08 10:30:00,0.5752
2022-02-09 10:30:00,0.52924997
2022-02-10 10:30:00,0.6779625
2022-02-11 10:30:00,0.5566
2022-02-12 10:30:00,0.5852125
2022-02-13 10:30:00,0.61566246
2022-02-14 10:30:00,0.59854996
2022-02-15 10:30:00,0.5438375
2022-02-16 10:30:00,0.52507496
2022-02-17 10:30:00,0.555025
2022-02-18 10:30:00,0.6052
2022-02-19 10:30:00,0.5538875
2022-02-20 10:30:00,0.5844875
2022-02-21 10:30:00,0.5468125
2022-02-22 10:30:00,0.55165
2022-02-23 10:30:00,0.5239
2022-02-24 10:30:00,0.4858625
2022-02-25 10:30:00,0.58559996
2022-02-26 10:30:00,0.57048744
2022-02-27 10:30:00,0.6178125
2022-02-28 10:30:00,0.5678875
2022-03-01 10:30:00,0.4983875
2022-03-02 10:30:00,0.5471
2022-03-03 10:30:00,0.4689375
2022-03-04 10:30:00,0.51621246
2022-03-05 10:30:00,0.4494625
2022-03-06 10:30:00,0.42068747
2022-03-07 10:30:00,0.40667498
2022-03-08 10:30:00,0.5197
2022-03-09 10:30:00,0.39424998
2022-03-10 10:30:00,0.18483749
2022-03-11 10:30:00,0.237275
2022-03-12 10:30:00,0.75565
2022-03-13 10:30:00,0.654925
2022-03-14 10:30:00,0.68136245
2022-03-15 10:30:00,0.6376
2022-03-16 10:30:00,0.4227125
2022-03-17 10:30:00,0.502325
2022-03-18 10:30:00,0.50163746
2022-03-19 10:30:00,0.43551248
2022-03-20 10:30:00,0.42701247
2022-03-21 10:30:00,0.367275
2022-03-22 10:30:00,0.3230625
2022-03-23 10:30:00,0.5265125
2022-03-24 10:30:00,0.624375
2022-03-25 10:30:00,0.40623748
2022-03-26 10:30:00,0.4457125
2022-03-27 10:30:00,0.3117625
2022-03-28 10:30:00,0.28239998
2022-03-29 10:30:00,0.32158747
2022-03-30 10:30:00,0.2588625
2022-03-31 10:30:00,0.2633125
2022-04-01 10:30:00,0.23119998
2022-04-02 10:30:00,0.235825
2022-04-03 10:30:00,0.236025
2022-04-04 10:30:00,0.2845125
2022-04-05 10:30:00,0.3196375
2022-04-06 10:30:00,0.29895
2022-04-07 10:30:00,0.3274125
2022-04-08 10:30:00,0.32017496
2022-04-09 10:30:00,0.2549375
2022-04-10 10:30:00,0.37745
2022-04-11 10:30:00,0.38037497
2022-04-12 10:30:00,0.41172498
2022-04-13 10:30:00,0.41105
2022-04-14 10:30:00,0.379075
2022-04-15 10:30:00,0.2313875
2022-04-16 10:30:00,0.3233125
2022-04-17 10:30:00,0.374425
2022-04-18 10:30:00,0.2707875
2022-04-19 10:30:00,0.14731249
2022-04-20 10:30:00,0.2720375
2022-04-21 10:30:00,0.74845
2022-04-22 10:30:00,0.3583625
2022-04-23 10:30:00,0.41302496
2022-04-24 10:30:00,0.492275
2022-04-25 10:30:00,0.54209995
2022-04-26 10:30:00,0.432975
2022-04-27 10:30:00,0.2978125
2022-04-28 10:30:00,0.225825
2022-04-29 10:30:00,0.46584997
2022-04-30 10:30:00,0.33666247
2022-05-01 10:30:00,0.31071252
2022-05-02 10:30:00,0.34713748
2022-05-03 10:30:00,0.44697496
2022-05-04 10:30:00,0.34286252
2022-05-05 10:30:00,0.62058747
2022-05-06 10:30:00,0.3245375
2022-05-07 10:30:00,0.2763375
2022-05-08 10:30:00,0.209575
2022-05-09 10:30:00,0.229575
2022-05-10 10:30:00,0.56535
2022-05-11 10:30:00,0.49912497
2022-05-12 10:30:00,0.539475
2022-05-13 10:30:00,0.7505
2022-05-14 10:30:00,0.4336875
2022-05-15 10:30:00,0.4413
2022-05-16 10:30:00,0.34396252
2022-05-17 10:30:00,0.3709875
2022-05-18 10:30:00,0.41467497
2022-05-19 10:30:00,0.43731248
2022-05-20 10:30:00,0.3225625
2022-05-21 10:30:00,0.3493
2022-05-22 10:30:00,0.37306252
2022-05-23 10:30:00,0.3581
2022-05-24 10:30:00,0.70324993
2022-05-25 10:30:00,0.48398748
2022-05-26 10:30:00,0.43807498
2022-05-27 10:30:00,0.342225
2022-05-28 10:30:00,0.498675
2022-05-29 10:30:00,0.6133125
2022-05-30 10:30:00,0.6531375
2022-05-31 10:30:00,0.57374996
2022-06-01 10:30:00,0.539575
2022-06-02 10:30:00,0.3978125
2022-06-03 10:30:00,0.54026246
2022-06-04 10:30:00,0.6280125
2022-06-05 10:30:00,0.5639125
2022-06-06 10:30:00,0.60842496
2022-06-07 10:30:00,0.7451875
2022-06-08 10:30:00,0.6864125
2022-06-09 10:30:00,0.71457493
2022-06-10 10:30:00,0.63449997
2022-06-11 10:30:00,0.69173753
2022-06-12 10:30:00,0.81753755
2022-06-13 10:30:00,0.8333
2022-06-14 10:30:00,0.8657375
2022-06-15 10:30:00,0.72068745
2022-06-16 10:30:00,0.7162625
2022-06-17 10:30:00,0.68606246
2022-06-18 10:30:00,0.6243125
2022-06-19 10:30:00,0.5876
2022-06-20 10:30:00,0.62943745
2022-06-21 10:30:00,0.53033745
2022-06-22 10:30:00,0.56909996
2022-06-23 10:30:00,0.56409997
2022-06-24 10:30:00,0.6373375
2022-06-25 10:30:00,0.7455625
2022-06-26 10:30:00,0.61425
2022-06-27 10:30:00,0.63839996
2022-06-28 10:30:00,0.68415
2022-06-29 10:30:00,0.52905
2022-06-30 10:30:00,0.74573743
2022-07-01 10:30:00,0.769425
2022-07-02 10:30:00,0.68153745
2022-07-03 10:30:00,0.64646244
2022-07-04 10:30:00,0.7567875
2022-07-05 10:30:00,0.79574996
2022-07-06 10:30:00,0.721425
2022-07-07 10:30:00,0.638875
2022-07-08 10:30:00,0.52718747
2022-07-09 10:30:00,0.6364125
2022-07-10 10:30:00,0.6110875
2022-07-11 10:30:00,0.70436245
2022-07-12 10:30:00,0.635175
2022-07-13 10:30:00,0.73323745
2022-07-14 10:30:00,0.61947495
2022-07-15 10:30:00,0.76974994
2022-07-16 10:30:00,0.68025
2022-07-17 10:30:00,0.740775
2022-07-18 10:30:00,0.59741247
2022-07-19 10:30:00,0.540325
2022-07-20 10:30:00,0.700525
2022-07-21 10:30:00,0.67333746
2022-07-22 10:30:00,0.6846375
2022-07-23 10:30:00,0.8069875
2022-07-24 10:30:00,0.8051
2022-07-25 10:30:00,0.8054875
2022-07-26 10:30:00,0.8191875
2022-07-27 10:30:00,0.8331375
2022-07-28 10:30:00,0.7028499
2022-07-29 10:30:00,0.78933746
2022-07-30 10:30:00,0.71419996
2022-07-31 10:30:00,0.70379996
2022-08-01 10:30:00,0.6146
2022-08-02 10:30:00,0.7336375
2022-08-03 10:30:00,0.68593746
2022-08-04 10:30:00,0.7016625
2022-08-05 10:30:00,0.582375
2022-08-06 10:30:00,0.7115125
2022-08-07 10:30:00,0.579575
2022-08-08 10:30:00,0.53889996
2022-08-09 10:30:00,0.46228752
2022-08-10 10:30:00,0.5356
2022-08-11 10:30:00,0.5913
2022-08-12 10:30:00,0.58818746
2022-08-13 10:30:00,0.65387493
2022-08-14 10:30:00,0.5728875
2022-08-15 10:30:00,0.7921375
2022-08-16 10:30:00,0.6043875
2022-08-17 10:30:00,0.5931
2022-08-18 10:30:00,0.67724997
2022-08-19 10:30:00,0.5950625
2022-08-20 10:30:00,0.57995
2022-08-21 10:30:00,0.5472
2022-08-22 10:30:00,0.57635
2022-08-23 10:30:00,0.59748745
2022-08-24 10:30:00,0.49915
2022-08-25 10:30:00,0.53615
2022-08-26 10:30:00,0.6331375
2022-08-27 10:30:00,0.60816246
2022-08-28 10:30:00,0.6607125
2022-08-29 10:30:00,0.57076246
2022-08-30 10:30:00,0.511525
2022-08-31 10:30:00,0.55439997
2022-09-01 10:30:00,0.46546248
2022-09-02 10:30:00,0.4613125
2022-09-03 10:30:00,0.594925
2022-09-04 10:30:00,0.49766248
2022-09-05 10:30:00,0.49009997
2022-09-06 10:30:00,0.60875
2022-09-07 10:30:00,0.47325
2022-09-08 10:30:00,0.5337375
2022-09-09 10:30:00,0.538825
2022-09-10 10:30:00,0.6249
2022-09-11 10:30:00,0.6461
2022-09-12 10:30:00,0.6395875
2022-09-13 10:30:00,0.5582125
2022-09-14 10:30:00,0.5966
2022-09-15 10:30:00,0.63368744
2022-09-16 10:30:00,0.6289
2022-09-17 10:30:00,0.4424375
2022-09-18 10:30:00,0.3601125
2022-09-19 10:30:00,0.2666125
2022-09-20 10:30:00,0.3471125
2022-09-21 10:30:00,0.370425
2022-09-22 10:30:00,0.6734625
2022-09-23 10:30:00,0.4565
2022-09-24 10:30:00,0.4484125
2022-09-25 10:30:00,0.45663747
2022-09-26 10:30:00,0.45721248
2022-09-27 10:30:00,0.3511625
2022-09-28 10:30:00,0.449375
2022-09-29 10:30:00,0.43298748
2022-09-30 10:30:00,0.7144
2022-10-01 10:30:00,0.7285625
2022-10-02 10:30:00,0.7173375
2022-10-03 10:30:00,0.47619998
2022-10-04 10:30:00,0.4806875
2022-10-05 10:30:00,0.5229375
2022-10-06 10:30:00,0.5436
2022-10-07 10:30:00,0.5327875
2022-10-08 10:30:00,0.7964875
2022-10-09 10:30:00,0.554025
2022-10-10 10:30:00,0.422025
2022-10-11 10:30:00,0.42044997
2022-10-12 10:30:00,0.35123748
2022-10-13 10:30:00,0.46805
2022-10-14 10:30:00,0.35744998
2022-10-15 10:30:00,0.3552
2022-10-16 10:30:00,0.4630125
2022-10-17 10:30:00,0.470525
2022-10-18 10:30:00,0.48728746
2022-10-19 10:30:00,0.3473
2022-10-20 10:30:00,0.384425
2022-10-21 10:30:00,0.5162875
2022-10-22 10:30:00,0.5494875
2022-10-23 10:30:00,0.5510625
2022-10-24 10:30:00,0.50939995
2022-10-25 10:30:00,0.37893748
2022-10-26 10:30:00,0.483975
2022-10-27 10:30:00,0.4727
2022-10-28 10:30:00,0.4973375
2022-10-29 10:30:00,0.50318754
2022-10-30 10:30:00,0.5385625
2022-10-31 10:30:00,0.51815
2022-11-01 10:30:00,0.43801248
2022-11-02 10:30:00,0.3908625
2022-11-03 10:30:00,0.49081248
2022-11-04 10:30:00,0.419775
2022-11-05 10:30:00,0.512225
2022-11-06 10:30:00,0.5189
2022-11-07 10:30:00,0.512575
2022-11-08 10:30:00,0.3863
2022-11-09 10:30:00,0.47276247
2022-11-10 10:30:00,0.526625
2022-11-11 10:30:00,0.45608747
2022-11-12 10:30:00,0.487175
2022-11-13 10:30:00,0.6075375
2022-11-14 10:30:00,0.5350875
2022-11-15 10:30:00,0.46872497
2022-11-16 10:30:00,0.54245
2022-11-17 10:30:00,0.488325
2022-11-18 10:30:00,0.4972
2022-11-19 10:30:00,0.53494996
2022-11-20 10:30:00,0.44825
2022-11-21 10:30:00,0.48553747
2022-11-22 10:30:00,0.5247
2022-11-23 10:30:00,0.6856625
2022-11-24 10:30:00,0.796075
2022-11-25 10:30:00,0.5886625
2022-11-26 10:30:00,0.45942497
2022-11-27 10:30:00,0.77506244
2022-11-28 10:30:00,0.68112504
2022-11-29 10:30:00,0.51575
2022-11-30 10:30:00,0.488925
2022-12-01 10:30:00,0.50392497
2022-12-02 10:30:00,0.535925
2022-12-03 10:30:00,0.47184998
2022-12-04 10:30:00,0.53255
2022-12-05 10:30:00,0.5313625
2022-12-06 10:30:00,0.5796
2022-12-07 10:30:00,0.6041875
2022-12-08 10:30:00,0.63215
2022-12-09 10:30:00,0.6131375
2022-12-10 10:30:00,0.6067375
2022-12-11 10:30:00,0.5546875
2022-12-12 10:30:00,0.51505
2022-12-13 10:30:00,0.47181252
2022-12-14 10:30:00,0.420025
2022-12-15 10:30:00,0.5371375
2022-12-16 10:30:00,0.5506875
2022-12-17 10:30:00,0.5274125
2022-12-18 10:30:00,0.5319625
2022-12-19 10:30:00,0.65456253
2022-12-20 10:30:00,0.73095
2022-12-21 10:30:00,0.64863753
2022-12-22 10:30:00,0.563275
2022-12-23 10:30:00,0.5434
2022-12-24 10:30:00,0.5272
2022-12-25 10:30:00,0.6188375
2022-12-26 10:30:00,0.6694125
2022-12-27 10:30:00,0.6451375
2022-12-28 10:30:00,0.6055625
2022-12-29 10:30:00,0.61375
2022-12-30 10:30:00,0.5525875
2022-12-31 10:30:00,0.57546246
