time,rhum
2012-01-01 10:30:00,0.5471625
2012-01-02 10:30:00,0.55136245
2012-01-03 10:30:00,0.62216246
2012-01-04 10:30:00,0.46701247
2012-01-05 10:30:00,0.5124625
2012-01-06 10:30:00,0.4466875
2012-01-07 10:30:00,0.451925
2012-01-08 10:30:00,0.4880625
2012-01-09 10:30:00,0.54885
2012-01-10 10:30:00,0.611525
2012-01-11 10:30:00,0.56294996
2012-01-12 10:30:00,0.6222
2012-01-13 10:30:00,0.5577875
2012-01-14 10:30:00,0.47535
2012-01-15 10:30:00,0.5239625
2012-01-16 10:30:00,0.6582375
2012-01-17 10:30:00,0.593175
2012-01-18 10:30:00,0.5930125
2012-01-19 10:30:00,0.576
2012-01-20 10:30:00,0.337025
2012-01-21 10:30:00,0.3071875
2012-01-22 10:30:00,0.34107497
2012-01-23 10:30:00,0.3739375
2012-01-24 10:30:00,0.36987498
2012-01-25 10:30:00,0.434225
2012-01-26 10:30:00,0.35888746
2012-01-27 10:30:00,0.3482125
2012-01-28 10:30:00,0.33912498
2012-01-29 10:30:00,0.3452375
2012-01-30 10:30:00,0.324975
2012-01-31 10:30:00,0.3461
2012-02-01 10:30:00,0.34865
2012-02-02 10:30:00,0.31036252
2012-02-03 10:30:00,0.3455
2012-02-04 10:30:00,0.3721625
2012-02-05 10:30:00,0.29369998
2012-02-06 10:30:00,0.270775
2012-02-07 10:30:00,0.31524998
2012-02-08 10:30:00,0.3543125
2012-02-09 10:30:00,0.338
2012-02-10 10:30:00,0.339225
2012-02-11 10:30:00,0.32002497
2012-02-12 10:30:00,0.35147497
2012-02-13 10:30:00,0.33381248
2012-02-14 10:30:00,0.3456
2012-02-15 10:30:00,0.337775
2012-02-16 10:30:00,0.31678748
2012-02-17 10:30:00,0.324575
2012-02-18 10:30:00,0.3347375
2012-02-19 10:30:00,0.335075
2012-02-20 10:30:00,0.2261
2012-02-21 10:30:00,0.18963748
2012-02-22 10:30:00,0.2026625
2012-02-23 10:30:00,0.3068375
2012-02-24 10:30:00,0.3152125
2012-02-25 10:30:00,0.27495
2012-02-26 10:30:00,0.34066248
2012-02-27 10:30:00,0.3495
2012-02-28 10:30:00,0.28617498
2012-02-29 10:30:00,0.308125
2012-03-01 10:30:00,0.22839999
2012-03-02 10:30:00,0.2529125
2012-03-03 10:30:00,0.2240875
2012-03-04 10:30:00,0.43439996
2012-03-05 10:30:00,0.7729875
2012-03-06 10:30:00,0.54625
2012-03-07 10:30:00,0.57431245
2012-03-08 10:30:00,0.3711375
2012-03-09 10:30:00,0.3329125
2012-03-10 10:30:00,0.53108746
2012-03-11 10:30:00,0.44591248
2012-03-12 10:30:00,0.4129375
2012-03-13 10:30:00,0.34105
2012-03-14 10:30:00,0.37415
2012-03-15 10:30:00,0.387175
2012-03-16 10:30:00,0.2812625
2012-03-17 10:30:00,0.1818125
2012-03-18 10:30:00,0.24492499
2012-03-19 10:30:00,0.18968749
2012-03-20 10:30:00,0.23515
2012-03-21 10:30:00,0.3034375
2012-03-22 10:30:00,0.22686248
2012-03-23 10:30:00,0.40049997
2012-03-24 10:30:00,0.3193
2012-03-25 10:30:00,0.2846875
2012-03-26 10:30:00,0.2592625
2012-03-27 10:30:00,0.1990875
2012-03-28 10:30:00,0.1776625
2012-03-29 10:30:00,0.66625
2012-03-30 10:30:00,0.37566248
2012-03-31 10:30:00,0.4871125
2012-04-01 10:30:00,0.2122625
2012-04-02 10:30:00,0.211825
2012-04-03 10:30:00,0.3044
2012-04-04 10:30:00,0.3920625
2012-04-05 10:30:00,0.3945375
2012-04-06 10:30:00,0.2095875
2012-04-07 10:30:00,0.2145875
2012-04-08 10:30:00,0.33331248
2012-04-09 10:30:00,0.175475
2012-04-10 10:30:00,0.20388749
2012-04-11 10:30:00,0.248575
2012-04-12 10:30:00,0.243425
2012-04-13 10:30:00,0.17917499
2012-04-14 10:30:00,0.389225
2012-04-15 10:30:00,0.23004998
2012-04-16 10:30:00,0.1777875
2012-04-17 10:30:00,0.1935
2012-04-18 10:30:00,0.291675
2012-04-19 10:30:00,0.38904998
2012-04-20 10:30:00,0.2102125
2012-04-21 10:30:00,0.462975
2012-04-22 10:30:00,0.43596253
2012-04-23 10:30:00,0.46159998
2012-04-24 10:30:00,0.2300875
2012-04-25 10:30:00,0.1994375
2012-04-26 10:30:00,0.1686125
2012-04-27 10:30:00,0.53877497
2012-04-28 10:30:00,0.2687875
2012-04-29 10:30:00,0.1721
2012-04-30 10:30:00,0.21135
2012-05-01 10:30:00,0.1464375
2012-05-02 10:30:00,0.26145
2012-05-03 10:30:00,0.15017499
2012-05-04 10:30:00,0.1535875
2012-05-05 10:30:00,0.1265
2012-05-06 10:30:00,0.297325
2012-05-07 10:30:00,0.2956375
2012-05-08 10:30:00,0.3831125
2012-05-09 10:30:00,0.34737498
2012-05-10 10:30:00,0.3910625
2012-05-11 10:30:00,0.34858748
2012-05-12 10:30:00,0.64358747
2012-05-13 10:30:00,0.5629375
2012-05-14 10:30:00,0.54908746
2012-05-15 10:30:00,0.567375
2012-05-16 10:30:00,0.76966244
2012-05-17 10:30:00,0.3946125
2012-05-18 10:30:00,0.3114
2012-05-19 10:30:00,0.17655
2012-05-20 10:30:00,0.2671875
2012-05-21 10:30:00,0.3104125
2012-05-22 10:30:00,0.367975
2012-05-23 10:30:00,0.217175
2012-05-24 10:30:00,0.19967501
2012-05-25 10:30:00,0.2629875
2012-05-26 10:30:00,0.3818
2012-05-27 10:30:00,0.2933375
2012-05-28 10:30:00,0.4378875
2012-05-29 10:30:00,0.546075
2012-05-30 10:30:00,0.5988375
2012-05-31 10:30:00,0.579075
2012-06-01 10:30:00,0.4655875
2012-06-02 10:30:00,0.8481749
2012-06-03 10:30:00,0.68373746
2012-06-04 10:30:00,0.7250375
2012-06-05 10:30:00,0.4777125
2012-06-06 10:30:00,0.62119997
2012-06-07 10:30:00,0.49351248
2012-06-08 10:30:00,0.6386
2012-06-09 10:30:00,0.49595
2012-06-10 10:30:00,0.45576248
2012-06-11 10:30:00,0.6582625
2012-06-12 10:30:00,0.8227125
2012-06-13 10:30:00,0.81702495
2012-06-14 10:30:00,0.732275
2012-06-15 10:30:00,0.86356246
2012-06-16 10:30:00,0.8031375
2012-06-17 10:30:00,0.79762495
2012-06-18 10:30:00,0.66708744
2012-06-19 10:30:00,0.58645
2012-06-20 10:30:00,0.52559996
2012-06-21 10:30:00,0.56072503
2012-06-22 10:30:00,0.5545375
2012-06-23 10:30:00,0.69163746
2012-06-24 10:30:00,0.79882497
2012-06-25 10:30:00,0.69323754
2012-06-26 10:30:00,0.66298753
2012-06-27 10:30:00,0.828475
2012-06-28 10:30:00,0.7187375
2012-06-29 10:30:00,0.6647125
2012-06-30 10:30:00,0.47245
2012-07-01 10:30:00,0.7818625
2012-07-02 10:30:00,0.8344125
2012-07-03 10:30:00,0.708
2012-07-04 10:30:00,0.677225
2012-07-05 10:30:00,0.65647495
2012-07-06 10:30:00,0.6178375
2012-07-07 10:30:00,0.59875
2012-07-08 10:30:00,0.7816125
2012-07-09 10:30:00,0.747275
2012-07-10 10:30:00,0.76409996
2012-07-11 10:30:00,0.8279
2012-07-12 10:30:00,0.832975
2012-07-13 10:30:00,0.67559993
2012-07-14 10:30:00,0.5365625
2012-07-15 10:30:00,0.585675
2012-07-16 10:30:00,0.5394625
2012-07-17 10:30:00,0.52437496
2012-07-18 10:30:00,0.68606246
2012-07-19 10:30:00,0.647275
2012-07-20 10:30:00,0.7072875
2012-07-21 10:30:00,0.8139
2012-07-22 10:30:00,0.84505
2012-07-23 10:30:00,0.612475
2012-07-24 10:30:00,0.6787875
2012-07-25 10:30:00,0.77575
2012-07-26 10:30:00,0.6221375
2012-07-27 10:30:00,0.6203
2012-07-28 10:30:00,0.810875
2012-07-29 10:30:00,0.84787494
2012-07-30 10:30:00,0.7833
2012-07-31 10:30:00,0.666075
2012-08-01 10:30:00,0.6830625
2012-08-02 10:30:00,0.72138745
2012-08-03 10:30:00,0.7499
2012-08-04 10:30:00,0.7025374
2012-08-05 10:30:00,0.64647496
2012-08-06 10:30:00,0.6122
2012-08-07 10:30:00,0.6139875
2012-08-08 10:30:00,0.5821375
2012-08-09 10:30:00,0.47575
2012-08-10 10:30:00,0.6707625
2012-08-11 10:30:00,0.589575
2012-08-12 10:30:00,0.516525
2012-08-13 10:30:00,0.4770875
2012-08-14 10:30:00,0.58687496
2012-08-15 10:30:00,0.50815
2012-08-16 10:30:00,0.48363748
2012-08-17 10:30:00,0.68161243
2012-08-18 10:30:00,0.522125
2012-08-19 10:30:00,0.486125
2012-08-20 10:30:00,0.52117497
2012-08-21 10:30:00,0.483325
2012-08-22 10:30:00,0.3304625
2012-08-23 10:30:00,0.40715
2012-08-24 10:30:00,0.566375
2012-08-25 10:30:00,0.530525
2012-08-26 10:30:00,0.584175
2012-08-27 10:30:00,0.67536247
2012-08-28 10:30:00,0.6173625
2012-08-29 10:30:00,0.4122125
2012-08-30 10:30:00,0.5078
2012-08-31 10:30:00,0.64866245
2012-09-01 10:30:00,0.5269625
2012-09-02 10:30:00,0.8751124
2012-09-03 10:30:00,0.7069375
2012-09-04 10:30:00,0.822125
2012-09-05 10:30:00,0.60421246
2012-09-06 10:30:00,0.46381247
2012-09-07 10:30:00,0.5926125
2012-09-08 10:30:00,0.68093747
2012-09-09 10:30:00,0.631775
2012-09-10 10:30:00,0.6317
2012-09-11 10:30:00,0.88037497
2012-09-12 10:30:00,0.80312496
2012-09-13 10:30:00,0.72489995
2012-09-14 10:30:00,0.5405375
2012-09-15 10:30:00,0.6147
2012-09-16 10:30:00,0.54772496
2012-09-17 10:30:00,0.553225
2012-09-18 10:30:00,0.5626125
2012-09-19 10:30:00,0.60128754
2012-09-20 10:30:00,0.45448747
2012-09-21 10:30:00,0.5111
2012-09-22 10:30:00,0.687775
2012-09-23 10:30:00,0.65755004
2012-09-24 10:30:00,0.5744875
2012-09-25 10:30:00,0.86131245
2012-09-26 10:30:00,0.53819996
2012-09-27 10:30:00,0.858625
2012-09-28 10:30:00,0.43014997
2012-09-29 10:30:00,0.5276875
2012-09-30 10:30:00,0.5739875
2012-10-01 10:30:00,0.59811246
2012-10-02 10:30:00,0.5158875
2012-10-03 10:30:00,0.8412375
2012-10-04 10:30:00,0.48799998
2012-10-05 10:30:00,0.47782502
2012-10-06 10:30:00,0.49645
2012-10-07 10:30:00,0.577775
2012-10-08 10:30:00,0.57275003
2012-10-09 10:30:00,0.5168
2012-10-10 10:30:00,0.45111248
2012-10-11 10:30:00,0.51076245
2012-10-12 10:30:00,0.56383747
2012-10-13 10:30:00,0.5538625
2012-10-14 10:30:00,0.49586248
2012-10-15 10:30:00,0.5935375
2012-10-16 10:30:00,0.7819125
2012-10-17 10:30:00,0.5314125
2012-10-18 10:30:00,0.4715
2012-10-19 10:30:00,0.36177498
2012-10-20 10:30:00,0.34722498
2012-10-21 10:30:00,0.444775
2012-10-22 10:30:00,0.540675
2012-10-23 10:30:00,0.5590625
2012-10-24 10:30:00,0.54061246
2012-10-25 10:30:00,0.47615
2012-10-26 10:30:00,0.5556125
2012-10-27 10:30:00,0.3609375
2012-10-28 10:30:00,0.31884998
2012-10-29 10:30:00,0.3841625
2012-10-30 10:30:00,0.5974875
2012-10-31 10:30:00,0.5183
2012-11-01 10:30:00,0.48509997
2012-11-02 10:30:00,0.43976247
2012-11-03 10:30:00,0.5096375
2012-11-04 10:30:00,0.60609996
2012-11-05 10:30:00,0.6226625
2012-11-06 10:30:00,0.52965
2012-11-07 10:30:00,0.502875
2012-11-08 10:30:00,0.53195
2012-11-09 10:30:00,0.58485
2012-11-10 10:30:00,0.657975
2012-11-11 10:30:00,0.6792
2012-11-12 10:30:00,0.5869875
2012-11-13 10:30:00,0.57826245
2012-11-14 10:30:00,0.5690375
2012-11-15 10:30:00,0.44302496
2012-11-16 10:30:00,0.484075
2012-11-17 10:30:00,0.5520375
2012-11-18 10:30:00,0.80951244
2012-11-19 10:30:00,0.60424995
2012-11-20 10:30:00,0.5718
2012-11-21 10:30:00,0.5105125
2012-11-22 10:30:00,0.5176875
2012-11-23 10:30:00,0.5421625
2012-11-24 10:30:00,0.6453
2012-11-25 10:30:00,0.519575
2012-11-26 10:30:00,0.505675
2012-11-27 10:30:00,0.683575
2012-11-28 10:30:00,0.5218
2012-11-29 10:30:00,0.4735625
2012-11-30 10:30:00,0.40927497
2012-12-01 10:30:00,0.56154996
2012-12-02 10:30:00,0.6357125
2012-12-03 10:30:00,0.48643747
2012-12-04 10:30:00,0.4772875
2012-12-05 10:30:00,0.42333746
2012-12-06 10:30:00,0.39741248
2012-12-07 10:30:00,0.482375
2012-12-08 10:30:00,0.4756625
2012-12-09 10:30:00,0.68233746
2012-12-10 10:30:00,0.6392
2012-12-11 10:30:00,0.621
2012-12-12 10:30:00,0.6839125
2012-12-13 10:30:00,0.46747497
2012-12-14 10:30:00,0.53736246
2012-12-15 10:30:00,0.6956
2012-12-16 10:30:00,0.5546875
2012-12-17 10:30:00,0.43951246
2012-12-18 10:30:00,0.4412875
2012-12-19 10:30:00,0.45224997
2012-12-20 10:30:00,0.5401125
2012-12-21 10:30:00,0.42135
2012-12-22 10:30:00,0.37271252
2012-12-23 10:30:00,0.357575
2012-12-24 10:30:00,0.4027875
2012-12-25 10:30:00,0.3507
2012-12-26 10:30:00,0.45555
2012-12-27 10:30:00,0.55772495
2012-12-28 10:30:00,0.634925
2012-12-29 10:30:00,0.5695375
2012-12-30 10:30:00,0.46214998
2012-12-31 10:30:00,0.5220125
2013-01-01 10:30:00,0.38287497
2013-01-02 10:30:00,0.38603747
2013-01-03 10:30:00,0.328675
2013-01-04 10:30:00,0.33331248
2013-01-05 10:30:00,0.36679998
2013-01-06 10:30:00,0.568175
2013-01-07 10:30:00,0.510075
2013-01-08 10:30:00,0.3917625
2013-01-09 10:30:00,0.45408753
2013-01-10 10:30:00,0.5458625
2013-01-11 10:30:00,0.608925
2013-01-12 10:30:00,0.6182875
2013-01-13 10:30:00,0.5949
2013-01-14 10:30:00,0.5757
2013-01-15 10:30:00,0.68803746
2013-01-16 10:30:00,0.4790125
2013-01-17 10:30:00,0.484575
2013-01-18 10:30:00,0.6486375
2013-01-19 10:30:00,0.61574996
2013-01-20 10:30:00,0.663925
2013-01-21 10:30:00,0.6247875
2013-01-22 10:30:00,0.5583
2013-01-23 10:30:00,0.59393746
2013-01-24 10:30:00,0.3443375
2013-01-25 10:30:00,0.4061875
2013-01-26 10:30:00,0.457
2013-01-27 10:30:00,0.600475
2013-01-28 10:30:00,0.70309997
2013-01-29 10:30:00,0.64292496
2013-01-30 10:30:00,0.758825
2013-01-31 10:30:00,0.65958744
2013-02-01 10:30:00,0.36537498
2013-02-02 10:30:00,0.421975
2013-02-03 10:30:00,0.65521246
2013-02-04 10:30:00,0.4783375
2013-02-05 10:30:00,0.50025
2013-02-06 10:30:00,0.3499625
2013-02-07 10:30:00,0.359475
2013-02-08 10:30:00,0.3698875
2013-02-09 10:30:00,0.35625
2013-02-10 10:30:00,0.36871248
2013-02-11 10:30:00,0.432275
2013-02-12 10:30:00,0.41892496
2013-02-13 10:30:00,0.36807498
2013-02-14 10:30:00,0.3743875
2013-02-15 10:30:00,0.4491
2013-02-16 10:30:00,0.6086375
2013-02-17 10:30:00,0.37375
2013-02-18 10:30:00,0.28507498
2013-02-19 10:30:00,0.31684998
2013-02-20 10:30:00,0.2930125
2013-02-21 10:30:00,0.3509
2013-02-22 10:30:00,0.38878748
2013-02-23 10:30:00,0.2307625
2013-02-24 10:30:00,0.34396246
2013-02-25 10:30:00,0.5003375
2013-02-26 10:30:00,0.6993125
2013-02-27 10:30:00,0.371225
2013-02-28 10:30:00,0.65227497
2013-03-01 10:30:00,0.3182875
2013-03-02 10:30:00,0.47585
2013-03-03 10:30:00,0.5824375
2013-03-04 10:30:00,0.426975
2013-03-05 10:30:00,0.56233746
2013-03-06 10:30:00,0.39165
2013-03-07 10:30:00,0.273175
2013-03-08 10:30:00,0.48378748
2013-03-09 10:30:00,0.5648125
2013-03-10 10:30:00,0.453725
2013-03-11 10:30:00,0.4920375
2013-03-12 10:30:00,0.2999625
2013-03-13 10:30:00,0.331175
2013-03-14 10:30:00,0.42706248
2013-03-15 10:30:00,0.53849995
2013-03-16 10:30:00,0.38966247
2013-03-17 10:30:00,0.327025
2013-03-18 10:30:00,0.2944375
2013-03-19 10:30:00,0.2585375
2013-03-20 10:30:00,0.289225
2013-03-21 10:30:00,0.30601248
2013-03-22 10:30:00,0.28622502
2013-03-23 10:30:00,0.36842498
2013-03-24 10:30:00,0.3537125
2013-03-25 10:30:00,0.3005875
2013-03-26 10:30:00,0.2803375
2013-03-27 10:30:00,0.39494997
2013-03-28 10:30:00,0.3283625
2013-03-29 10:30:00,0.3055125
2013-03-30 10:30:00,0.2505875
2013-03-31 10:30:00,0.219225
2013-04-01 10:30:00,0.25579998
2013-04-02 10:30:00,0.23042499
2013-04-03 10:30:00,0.23505001
2013-04-04 10:30:00,0.408775
2013-04-05 10:30:00,0.6087
2013-04-06 10:30:00,0.3503125
2013-04-07 10:30:00,0.3495375
2013-04-08 10:30:00,0.4449875
2013-04-09 10:30:00,0.26995
2013-04-10 10:30:00,0.4157625
2013-04-11 10:30:00,0.35053748
2013-04-12 10:30:00,0.27825
2013-04-13 10:30:00,0.23200001
2013-04-14 10:30:00,0.20962499
2013-04-15 10:30:00,0.16665001
2013-04-16 10:30:00,0.21751249
2013-04-17 10:30:00,0.21322499
2013-04-18 10:30:00,0.261325
2013-04-19 10:30:00,0.217175
2013-04-20 10:30:00,0.2282125
2013-04-21 10:30:00,0.243075
2013-04-22 10:30:00,0.34421247
2013-04-23 10:30:00,0.3397
2013-04-24 10:30:00,0.5493375
2013-04-25 10:30:00,0.6820875
2013-04-26 10:30:00,0.3148875
2013-04-27 10:30:00,0.2622625
2013-04-28 10:30:00,0.59564996
2013-04-29 10:30:00,0.83259994
2013-04-30 10:30:00,0.6040375
2013-05-01 10:30:00,0.5346625
2013-05-02 10:30:00,0.494175
2013-05-03 10:30:00,0.34882498
2013-05-04 10:30:00,0.22026248
2013-05-05 10:30:00,0.2804375
2013-05-06 10:30:00,0.33635002
2013-05-07 10:30:00,0.19954999
2013-05-08 10:30:00,0.41697502
2013-05-09 10:30:00,0.48431247
2013-05-10 10:30:00,0.30775
2013-05-11 10:30:00,0.524625
2013-05-12 10:30:00,0.59849995
2013-05-13 10:30:00,0.572725
2013-05-14 10:30:00,0.7629374
2013-05-15 10:30:00,0.57095
2013-05-16 10:30:00,0.4174125
2013-05-17 10:30:00,0.45203748
2013-05-18 10:30:00,0.43667498
2013-05-19 10:30:00,0.4390375
2013-05-20 10:30:00,0.50443745
2013-05-21 10:30:00,0.55712503
2013-05-22 10:30:00,0.268525
2013-05-23 10:30:00,0.3098
2013-05-24 10:30:00,0.246275
2013-05-25 10:30:00,0.25585
2013-05-26 10:30:00,0.424125
2013-05-27 10:30:00,0.629025
2013-05-28 10:30:00,0.4454
2013-05-29 10:30:00,0.298825
2013-05-30 10:30:00,0.32125
2013-05-31 10:30:00,0.3041875
2013-06-01 10:30:00,0.3003625
2013-06-02 10:30:00,0.42537498
2013-06-03 10:30:00,0.7281375
2013-06-04 10:30:00,0.57572496
2013-06-05 10:30:00,0.5738375
2013-06-06 10:30:00,0.834325
2013-06-07 10:30:00,0.63444996
2013-06-08 10:30:00,0.6903875
2013-06-09 10:30:00,0.6851124
2013-06-10 10:30:00,0.502575
2013-06-11 10:30:00,0.6197125
2013-06-12 10:30:00,0.71475
2013-06-13 10:30:00,0.5254875
2013-06-14 10:30:00,0.6256875
2013-06-15 10:30:00,0.4966
2013-06-16 10:30:00,0.551075
2013-06-17 10:30:00,0.47358748
2013-06-18 10:30:00,0.451725
2013-06-19 10:30:00,0.5791
2013-06-20 10:30:00,0.654825
2013-06-21 10:30:00,0.545175
2013-06-22 10:30:00,0.43667498
2013-06-23 10:30:00,0.43815002
2013-06-24 10:30:00,0.454025
2013-06-25 10:30:00,0.773075
2013-06-26 10:30:00,0.89444995
2013-06-27 10:30:00,0.859325
2013-06-28 10:30:00,0.6271875
2013-06-29 10:30:00,0.8982
2013-06-30 10:30:00,0.9021125
2013-07-01 10:30:00,0.7513
2013-07-02 10:30:00,0.8250374
2013-07-03 10:30:00,0.6999125
2013-07-04 10:30:00,0.62715
2013-07-05 10:30:00,0.52287495
2013-07-06 10:30:00,0.627775
2013-07-07 10:30:00,0.6254375
2013-07-08 10:30:00,0.6696875
2013-07-09 10:30:00,0.5399875
2013-07-10 10:30:00,0.4419
2013-07-11 10:30:00,0.6318375
2013-07-12 10:30:00,0.613525
2013-07-13 10:30:00,0.6127375
2013-07-14 10:30:00,0.6184
2013-07-15 10:30:00,0.9166375
2013-07-16 10:30:00,0.58007497
2013-07-17 10:30:00,0.57971245
2013-07-18 10:30:00,0.75761247
2013-07-19 10:30:00,0.81607497
2013-07-20 10:30:00,0.6317125
2013-07-21 10:30:00,0.57675
2013-07-22 10:30:00,0.7023
2013-07-23 10:30:00,0.79525
2013-07-24 10:30:00,0.74052495
2013-07-25 10:30:00,0.70024997
2013-07-26 10:30:00,0.7112625
2013-07-27 10:30:00,0.80996245
2013-07-28 10:30:00,0.6072125
2013-07-29 10:30:00,0.7122875
2013-07-30 10:30:00,0.71595
2013-07-31 10:30:00,0.8443625
2013-08-01 10:30:00,0.83889997
2013-08-02 10:30:00,0.8211
2013-08-03 10:30:00,0.8482375
2013-08-04 10:30:00,0.73599994
2013-08-05 10:30:00,0.7319625
2013-08-06 10:30:00,0.78552496
2013-08-07 10:30:00,0.6452375
2013-08-08 10:30:00,0.589225
2013-08-09 10:30:00,0.59855
2013-08-10 10:30:00,0.6023875
2013-08-11 10:30:00,0.67333746
2013-08-12 10:30:00,0.7769
2013-08-13 10:30:00,0.5253625
2013-08-14 10:30:00,0.52645
2013-08-15 10:30:00,0.5778625
2013-08-16 10:30:00,0.8194249
2013-08-17 10:30:00,0.69794995
2013-08-18 10:30:00,0.6012375
2013-08-19 10:30:00,0.6197375
2013-08-20 10:30:00,0.57294995
2013-08-21 10:30:00,0.8065625
2013-08-22 10:30:00,0.64668745
2013-08-23 10:30:00,0.603
2013-08-24 10:30:00,0.5181625
2013-08-25 10:30:00,0.66667503
2013-08-26 10:30:00,0.6115625
2013-08-27 10:30:00,0.63175
2013-08-28 10:30:00,0.887975
2013-08-29 10:30:00,0.6712625
2013-08-30 10:30:00,0.66061246
2013-08-31 10:30:00,0.69733745
2013-09-01 10:30:00,0.71731246
2013-09-02 10:30:00,0.75708747
2013-09-03 10:30:00,0.616575
2013-09-04 10:30:00,0.65021247
2013-09-05 10:30:00,0.6831875
2013-09-06 10:30:00,0.89428747
2013-09-07 10:30:00,0.7397875
2013-09-08 10:30:00,0.6267375
2013-09-09 10:30:00,0.8079875
2013-09-10 10:30:00,0.5654125
2013-09-11 10:30:00,0.61205
2013-09-12 10:30:00,0.53779995
2013-09-13 10:30:00,0.68146247
2013-09-14 10:30:00,0.368225
2013-09-15 10:30:00,0.45583752
2013-09-16 10:30:00,0.3987375
2013-09-17 10:30:00,0.555525
2013-09-18 10:30:00,0.6028625
2013-09-19 10:30:00,0.6292875
2013-09-20 10:30:00,0.6136375
2013-09-21 10:30:00,0.61588746
2013-09-22 10:30:00,0.4902375
2013-09-23 10:30:00,0.40522498
2013-09-24 10:30:00,0.43131247
2013-09-25 10:30:00,0.435625
2013-09-26 10:30:00,0.3627
2013-09-27 10:30:00,0.33205003
2013-09-28 10:30:00,0.40807498
2013-09-29 10:30:00,0.393175
2013-09-30 10:30:00,0.42866248
2013-10-01 10:30:00,0.3277
2013-10-02 10:30:00,0.3056875
2013-10-03 10:30:00,0.3440375
2013-10-04 10:30:00,0.330675
2013-10-05 10:30:00,0.30985
2013-10-06 10:30:00,0.38137498
2013-10-07 10:30:00,0.309125
2013-10-08 10:30:00,0.27836248
2013-10-09 10:30:00,0.4417125
2013-10-10 10:30:00,0.84397495
2013-10-11 10:30:00,0.6471375
2013-10-12 10:30:00,0.49099997
2013-10-13 10:30:00,0.45583752
2013-10-14 10:30:00,0.3191625
2013-10-15 10:30:00,0.32087502
2013-10-16 10:30:00,0.456025
2013-10-17 10:30:00,0.39298746
2013-10-18 10:30:00,0.5611875
2013-10-19 10:30:00,0.6259125
2013-10-20 10:30:00,0.7905874
2013-10-21 10:30:00,0.87662494
2013-10-22 10:30:00,0.786875
2013-10-23 10:30:00,0.7747125
2013-10-24 10:30:00,0.8056375
2013-10-25 10:30:00,0.5988
2013-10-26 10:30:00,0.708025
2013-10-27 10:30:00,0.69246244
2013-10-28 10:30:00,0.65265
2013-10-29 10:30:00,0.502525
2013-10-30 10:30:00,0.49881247
2013-10-31 10:30:00,0.552875
2013-11-01 10:30:00,0.4995875
2013-11-02 10:30:00,0.5544125
2013-11-03 10:30:00,0.48178747
2013-11-04 10:30:00,0.39396247
2013-11-05 10:30:00,0.48677498
2013-11-06 10:30:00,0.62909997
2013-11-07 10:30:00,0.6720375
2013-11-08 10:30:00,0.69303745
2013-11-09 10:30:00,0.33525002
2013-11-10 10:30:00,0.33243752
2013-11-11 10:30:00,0.46656248
2013-11-12 10:30:00,0.50193745
2013-11-13 10:30:00,0.4581375
2013-11-14 10:30:00,0.49826247
2013-11-15 10:30:00,0.5153875
2013-11-16 10:30:00,0.6205625
2013-11-17 10:30:00,0.5703125
2013-11-18 10:30:00,0.3238625
2013-11-19 10:30:00,0.21626249
2013-11-20 10:30:00,0.391125
2013-11-21 10:30:00,0.561375
2013-11-22 10:30:00,0.5236
2013-11-23 10:30:00,0.5606625
2013-11-24 10:30:00,0.3665625
2013-11-25 10:30:00,0.3693375
2013-11-26 10:30:00,0.387775
2013-11-27 10:30:00,0.327225
2013-11-28 10:30:00,0.3342625
2013-11-29 10:30:00,0.3502625
2013-11-30 10:30:00,0.31716248
2013-12-01 10:30:00,0.35235
2013-12-02 10:30:00,0.493475
2013-12-03 10:30:00,0.462925
2013-12-04 10:30:00,0.34541246
2013-12-05 10:30:00,0.3372375
2013-12-06 10:30:00,0.366175
2013-12-07 10:30:00,0.540875
2013-12-08 10:30:00,0.7882625
2013-12-09 10:30:00,0.57722497
2013-12-10 10:30:00,0.69067496
2013-12-11 10:30:00,0.61375
2013-12-12 10:30:00,0.4391125
2013-12-13 10:30:00,0.3986
2013-12-14 10:30:00,0.49239996
2013-12-15 10:30:00,0.609425
2013-12-16 10:30:00,0.7665875
2013-12-17 10:30:00,0.7029125
2013-12-18 10:30:00,0.74372494
2013-12-19 10:30:00,0.71445
2013-12-20 10:30:00,0.557225
2013-12-21 10:30:00,0.6067875
2013-12-22 10:30:00,0.54745
2013-12-23 10:30:00,0.6376875
2013-12-24 10:30:00,0.602825
2013-12-25 10:30:00,0.67981243
2013-12-26 10:30:00,0.5002125
2013-12-27 10:30:00,0.5237375
2013-12-28 10:30:00,0.4662625
2013-12-29 10:30:00,0.485625
2013-12-30 10:30:00,0.5457625
2013-12-31 10:30:00,0.43755
2014-01-01 10:30:00,0.3282125
2014-01-02 10:30:00,0.49715
2014-01-03 10:30:00,0.5133375
2014-01-04 10:30:00,0.5725375
2014-01-05 10:30:00,0.6039375
2014-01-06 10:30:00,0.5289125
2014-01-07 10:30:00,0.36726248
2014-01-08 10:30:00,0.33740002
2014-01-09 10:30:00,0.3942875
2014-01-10 10:30:00,0.4180125
2014-01-11 10:30:00,0.35873747
2014-01-12 10:30:00,0.292075
2014-01-13 10:30:00,0.439975
2014-01-14 10:30:00,0.49034998
2014-01-15 10:30:00,0.500975
2014-01-16 10:30:00,0.47658747
2014-01-17 10:30:00,0.454025
2014-01-18 10:30:00,0.45436248
2014-01-19 10:30:00,0.65468746
2014-01-20 10:30:00,0.541325
2014-01-21 10:30:00,0.5247375
2014-01-22 10:30:00,0.5468375
2014-01-23 10:30:00,0.598725
2014-01-24 10:30:00,0.50263745
2014-01-25 10:30:00,0.3619625
2014-01-26 10:30:00,0.45743752
2014-01-27 10:30:00,0.29639998
2014-01-28 10:30:00,0.3226625
2014-01-29 10:30:00,0.44237497
2014-01-30 10:30:00,0.36772498
2014-01-31 10:30:00,0.36052498
2014-02-01 10:30:00,0.4432875
2014-02-02 10:30:00,0.25268748
2014-02-03 10:30:00,0.2953375
2014-02-04 10:30:00,0.34485
2014-02-05 10:30:00,0.3651875
2014-02-06 10:30:00,0.3850625
2014-02-07 10:30:00,0.365125
2014-02-08 10:30:00,0.59885
2014-02-09 10:30:00,0.41767502
2014-02-10 10:30:00,0.44643748
2014-02-11 10:30:00,0.49897498
2014-02-12 10:30:00,0.41923746
2014-02-13 10:30:00,0.4016125
2014-02-14 10:30:00,0.6654875
2014-02-15 10:30:00,0.6207
2014-02-16 10:30:00,0.5080625
2014-02-17 10:30:00,0.36764997
2014-02-18 10:30:00,0.4352875
2014-02-19 10:30:00,0.376225
2014-02-20 10:30:00,0.4119625
2014-02-21 10:30:00,0.5013625
2014-02-22 10:30:00,0.46794996
2014-02-23 10:30:00,0.431675
2014-02-24 10:30:00,0.409425
2014-02-25 10:30:00,0.485875
2014-02-26 10:30:00,0.47974998
2014-02-27 10:30:00,0.2531875
2014-02-28 10:30:00,0.34408748
2014-03-01 10:30:00,0.29692498
2014-03-02 10:30:00,0.31608748
2014-03-03 10:30:00,0.3042625
2014-03-04 10:30:00,0.29819998
2014-03-05 10:30:00,0.293375
2014-03-06 10:30:00,0.300625
2014-03-07 10:30:00,0.253025
2014-03-08 10:30:00,0.227375
2014-03-09 10:30:00,0.2313875
2014-03-10 10:30:00,0.157125
2014-03-11 10:30:00,0.3036625
2014-03-12 10:30:00,0.3991625
2014-03-13 10:30:00,0.28167498
2014-03-14 10:30:00,0.2084
2014-03-15 10:30:00,0.3505625
2014-03-16 10:30:00,0.3130875
2014-03-17 10:30:00,0.5312625
2014-03-18 10:30:00,0.3071875
2014-03-19 10:30:00,0.45693746
2014-03-20 10:30:00,0.32736248
2014-03-21 10:30:00,0.294275
2014-03-22 10:30:00,0.20693749
2014-03-23 10:30:00,0.224025
2014-03-24 10:30:00,0.24896249
2014-03-25 10:30:00,0.22405
2014-03-26 10:30:00,0.3597
2014-03-27 10:30:00,0.3271125
2014-03-28 10:30:00,0.307275
2014-03-29 10:30:00,0.2867625
2014-03-30 10:30:00,0.15015
2014-03-31 10:30:00,0.2091
2014-04-01 10:30:00,0.4268875
2014-04-02 10:30:00,0.3599625
2014-04-03 10:30:00,0.28855
2014-04-04 10:30:00,0.457775
2014-04-05 10:30:00,0.2738875
2014-04-06 10:30:00,0.202975
2014-04-07 10:30:00,0.20405
2014-04-08 10:30:00,0.2892375
2014-04-09 10:30:00,0.23044999
2014-04-10 10:30:00,0.185925
2014-04-11 10:30:00,0.16337499
2014-04-12 10:30:00,0.1855875
2014-04-13 10:30:00,0.21452498
2014-04-14 10:30:00,0.1796875
2014-04-15 10:30:00,0.1274
2014-04-16 10:30:00,0.17066249
2014-04-17 10:30:00,0.54585
2014-04-18 10:30:00,0.279975
2014-04-19 10:30:00,0.5171
2014-04-20 10:30:00,0.5699875
2014-04-21 10:30:00,0.2734375
2014-04-22 10:30:00,0.2628625
2014-04-23 10:30:00,0.2524375
2014-04-24 10:30:00,0.3500125
2014-04-25 10:30:00,0.3127125
2014-04-26 10:30:00,0.3289875
2014-04-27 10:30:00,0.2554
2014-04-28 10:30:00,0.2109
2014-04-29 10:30:00,0.1758
2014-04-30 10:30:00,0.14873749
2014-05-01 10:30:00,0.43815002
2014-05-02 10:30:00,0.47743747
2014-05-03 10:30:00,0.395825
2014-05-04 10:30:00,0.333425
2014-05-05 10:30:00,0.33436248
2014-05-06 10:30:00,0.35838747
2014-05-07 10:30:00,0.35955
2014-05-08 10:30:00,0.389625
2014-05-09 10:30:00,0.36271247
2014-05-10 10:30:00,0.6591375
2014-05-11 10:30:00,0.8217375
2014-05-12 10:30:00,0.8168875
2014-05-13 10:30:00,0.72078747
2014-05-14 10:30:00,0.7074375
2014-05-15 10:30:00,0.78005
2014-05-16 10:30:00,0.8218249
2014-05-17 10:30:00,0.61356246
2014-05-18 10:30:00,0.78055
2014-05-19 10:30:00,0.8238
2014-05-20 10:30:00,0.73263747
2014-05-21 10:30:00,0.57614994
2014-05-22 10:30:00,0.4744625
2014-05-23 10:30:00,0.4554
2014-05-24 10:30:00,0.66515
2014-05-25 10:30:00,0.6251625
2014-05-26 10:30:00,0.7059375
2014-05-27 10:30:00,0.45263746
2014-05-28 10:30:00,0.30255002
2014-05-29 10:30:00,0.2294875
2014-05-30 10:30:00,0.27915
2014-05-31 10:30:00,0.2872375
2014-06-01 10:30:00,0.3156625
2014-06-02 10:30:00,0.37675
2014-06-03 10:30:00,0.43726248
2014-06-04 10:30:00,0.4199375
2014-06-05 10:30:00,0.40551248
2014-06-06 10:30:00,0.32299998
2014-06-07 10:30:00,0.6922125
2014-06-08 10:30:00,0.89154994
2014-06-09 10:30:00,0.8454625
2014-06-10 10:30:00,0.72464997
2014-06-11 10:30:00,0.7715875
2014-06-12 10:30:00,0.6259125
2014-06-13 10:30:00,0.49685
2014-06-14 10:30:00,0.45
2014-06-15 10:30:00,0.5127375
2014-06-16 10:30:00,0.53244996
2014-06-17 10:30:00,0.6101875
2014-06-18 10:30:00,0.56194997
2014-06-19 10:30:00,0.4806125
2014-06-20 10:30:00,0.67512494
2014-06-21 10:30:00,0.67029995
2014-06-22 10:30:00,0.51504993
2014-06-23 10:30:00,0.54276246
2014-06-24 10:30:00,0.4764625
2014-06-25 10:30:00,0.60265
2014-06-26 10:30:00,0.71146244
2014-06-27 10:30:00,0.48459998
2014-06-28 10:30:00,0.4636375
2014-06-29 10:30:00,0.4786125
2014-06-30 10:30:00,0.471
2014-07-01 10:30:00,0.509275
2014-07-02 10:30:00,0.5978125
2014-07-03 10:30:00,0.69124997
2014-07-04 10:30:00,0.4157
2014-07-05 10:30:00,0.51853746
2014-07-06 10:30:00,0.5946125
2014-07-07 10:30:00,0.78057504
2014-07-08 10:30:00,0.539375
2014-07-09 10:30:00,0.5545375
2014-07-10 10:30:00,0.73125
2014-07-11 10:30:00,0.7967375
2014-07-12 10:30:00,0.76876247
2014-07-13 10:30:00,0.69574994
2014-07-14 10:30:00,0.6538375
2014-07-15 10:30:00,0.75362504
2014-07-16 10:30:00,0.8065625
2014-07-17 10:30:00,0.72339994
2014-07-18 10:30:00,0.74355
2014-07-19 10:30:00,0.824825
2014-07-20 10:30:00,0.823775
2014-07-21 10:30:00,0.60099995
2014-07-22 10:30:00,0.58498746
2014-07-23 10:30:00,0.5453625
2014-07-24 10:30:00,0.5462125
2014-07-25 10:30:00,0.62409997
2014-07-26 10:30:00,0.62487495
2014-07-27 10:30:00,0.54896253
2014-07-28 10:30:00,0.6284625
2014-07-29 10:30:00,0.762325
2014-07-30 10:30:00,0.7637
2014-07-31 10:30:00,0.5592
2014-08-01 10:30:00,0.5161375
2014-08-02 10:30:00,0.65409994
2014-08-03 10:30:00,0.5108
2014-08-04 10:30:00,0.4977375
2014-08-05 10:30:00,0.58541244
2014-08-06 10:30:00,0.60665
2014-08-07 10:30:00,0.5510625
2014-08-08 10:30:00,0.51121247
2014-08-09 10:30:00,0.7159625
2014-08-10 10:30:00,0.73873746
2014-08-11 10:30:00,0.66842496
2014-08-12 10:30:00,0.44535
2014-08-13 10:30:00,0.5540625
2014-08-14 10:30:00,0.79775
2014-08-15 10:30:00,0.8885875
2014-08-16 10:30:00,0.7638125
2014-08-17 10:30:00,0.700175
2014-08-18 10:30:00,0.6629
2014-08-19 10:30:00,0.6033625
2014-08-20 10:30:00,0.6918
2014-08-21 10:30:00,0.6181
2014-08-22 10:30:00,0.6655625
2014-08-23 10:30:00,0.6378875
2014-08-24 10:30:00,0.60899997
2014-08-25 10:30:00,0.8733625
2014-08-26 10:30:00,0.6819
2014-08-27 10:30:00,0.65749997
2014-08-28 10:30:00,0.501075
2014-08-29 10:30:00,0.5549625
2014-08-30 10:30:00,0.59038746
2014-08-31 10:30:00,0.60701245
2014-09-01 10:30:00,0.8088375
2014-09-02 10:30:00,0.816725
2014-09-03 10:30:00,0.630425
2014-09-04 10:30:00,0.7151
2014-09-05 10:30:00,0.65545
2014-09-06 10:30:00,0.65437496
2014-09-07 10:30:00,0.67972505
2014-09-08 10:30:00,0.38393748
2014-09-09 10:30:00,0.41042498
2014-09-10 10:30:00,0.53028744
2014-09-11 10:30:00,0.5491875
2014-09-12 10:30:00,0.54870003
2014-09-13 10:30:00,0.5383
2014-09-14 10:30:00,0.39427498
2014-09-15 10:30:00,0.40851247
2014-09-16 10:30:00,0.4398375
2014-09-17 10:30:00,0.46226248
2014-09-18 10:30:00,0.48694998
2014-09-19 10:30:00,0.44385
2014-09-20 10:30:00,0.6100625
2014-09-21 10:30:00,0.5597625
2014-09-22 10:30:00,0.572375
2014-09-23 10:30:00,0.535575
2014-09-24 10:30:00,0.44592497
2014-09-25 10:30:00,0.36895
2014-09-26 10:30:00,0.81442493
2014-09-27 10:30:00,0.4727375
2014-09-28 10:30:00,0.465
2014-09-29 10:30:00,0.40905
2014-09-30 10:30:00,0.3454625
2014-10-01 10:30:00,0.601025
2014-10-02 10:30:00,0.51721245
2014-10-03 10:30:00,0.42288747
2014-10-04 10:30:00,0.48113748
2014-10-05 10:30:00,0.359025
2014-10-06 10:30:00,0.3454375
2014-10-07 10:30:00,0.45056248
2014-10-08 10:30:00,0.568225
2014-10-09 10:30:00,0.5863625
2014-10-10 10:30:00,0.644175
2014-10-11 10:30:00,0.518025
2014-10-12 10:30:00,0.3211125
2014-10-13 10:30:00,0.30089998
2014-10-14 10:30:00,0.3313625
2014-10-15 10:30:00,0.313875
2014-10-16 10:30:00,0.299225
2014-10-17 10:30:00,0.35935
2014-10-18 10:30:00,0.25327498
2014-10-19 10:30:00,0.197975
2014-10-20 10:30:00,0.1559
2014-10-21 10:30:00,0.20401248
2014-10-22 10:30:00,0.26802498
2014-10-23 10:30:00,0.33455002
2014-10-24 10:30:00,0.45224997
2014-10-25 10:30:00,0.46109998
2014-10-26 10:30:00,0.3043375
2014-10-27 10:30:00,0.25597498
2014-10-28 10:30:00,0.2421
2014-10-29 10:30:00,0.2665625
2014-10-30 10:30:00,0.67286247
2014-10-31 10:30:00,0.64402497
2014-11-01 10:30:00,0.48639998
2014-11-02 10:30:00,0.41544998
2014-11-03 10:30:00,0.54548746
2014-11-04 10:30:00,0.47492498
2014-11-05 10:30:00,0.43206248
2014-11-06 10:30:00,0.35798752
2014-11-07 10:30:00,0.281625
2014-11-08 10:30:00,0.3550875
2014-11-09 10:30:00,0.3143
2014-11-10 10:30:00,0.2926625
2014-11-11 10:30:00,0.2926625
2014-11-12 10:30:00,0.24764998
2014-11-13 10:30:00,0.334875
2014-11-14 10:30:00,0.34292498
2014-11-15 10:30:00,0.42784998
2014-11-16 10:30:00,0.48244998
2014-11-17 10:30:00,0.41643748
2014-11-18 10:30:00,0.3758625
2014-11-19 10:30:00,0.44236246
2014-11-20 10:30:00,0.5467375
2014-11-21 10:30:00,0.38197502
2014-11-22 10:30:00,0.38572496
2014-11-23 10:30:00,0.3373125
2014-11-24 10:30:00,0.37541252
2014-11-25 10:30:00,0.33346248
2014-11-26 10:30:00,0.2917375
2014-11-27 10:30:00,0.3052125
2014-11-28 10:30:00,0.2904
2014-11-29 10:30:00,0.32353747
2014-11-30 10:30:00,0.43882498
2014-12-01 10:30:00,0.1938125
2014-12-02 10:30:00,0.23181249
2014-12-03 10:30:00,0.3019625
2014-12-04 10:30:00,0.3384125
2014-12-05 10:30:00,0.3408
2014-12-06 10:30:00,0.41099998
2014-12-07 10:30:00,0.4621625
2014-12-08 10:30:00,0.4617625
2014-12-09 10:30:00,0.5214125
2014-12-10 10:30:00,0.7338875
2014-12-11 10:30:00,0.541575
2014-12-12 10:30:00,0.4499125
2014-12-13 10:30:00,0.52835
2014-12-14 10:30:00,0.584425
2014-12-15 10:30:00,0.53819996
2014-12-16 10:30:00,0.44657502
2014-12-17 10:30:00,0.5053875
2014-12-18 10:30:00,0.669325
2014-12-19 10:30:00,0.6144625
2014-12-20 10:30:00,0.5455875
2014-12-21 10:30:00,0.586375
2014-12-22 10:30:00,0.65921247
2014-12-23 10:30:00,0.606075
2014-12-24 10:30:00,0.51757497
2014-12-25 10:30:00,0.48485
2014-12-26 10:30:00,0.6471125
2014-12-27 10:30:00,0.5466625
2014-12-28 10:30:00,0.5816125
2014-12-29 10:30:00,0.75175
2014-12-30 10:30:00,0.53559995
2014-12-31 10:30:00,0.4190375
2015-01-01 10:30:00,0.43103752
2015-01-02 10:30:00,0.4932625
2015-01-03 10:30:00,0.5907125
2015-01-04 10:30:00,0.57084996
2015-01-05 10:30:00,0.3312375
2015-01-06 10:30:00,0.2832375
2015-01-07 10:30:00,0.4315375
2015-01-08 10:30:00,0.448525
2015-01-09 10:30:00,0.568875
2015-01-10 10:30:00,0.60873747
2015-01-11 10:30:00,0.4984
2015-01-12 10:30:00,0.4769125
2015-01-13 10:30:00,0.579425
2015-01-14 10:30:00,0.6268375
2015-01-15 10:30:00,0.65308744
2015-01-16 10:30:00,0.40421247
2015-01-17 10:30:00,0.46862498
2015-01-18 10:30:00,0.64086246
2015-01-19 10:30:00,0.5825125
2015-01-20 10:30:00,0.6272625
2015-01-21 10:30:00,0.6047625
2015-01-22 10:30:00,0.62668747
2015-01-23 10:30:00,0.66889995
2015-01-24 10:30:00,0.5128
2015-01-25 10:30:00,0.43452498
2015-01-26 10:30:00,0.32478747
2015-01-27 10:30:00,0.3750875
2015-01-28 10:30:00,0.402125
2015-01-29 10:30:00,0.38663748
2015-01-30 10:30:00,0.34318748
2015-01-31 10:30:00,0.36104998
2015-02-01 10:30:00,0.42686248
2015-02-02 10:30:00,0.47123748
2015-02-03 10:30:00,0.5151875
2015-02-04 10:30:00,0.4486375
2015-02-05 10:30:00,0.406175
2015-02-06 10:30:00,0.2726875
2015-02-07 10:30:00,0.20868748
2015-02-08 10:30:00,0.2448875
2015-02-09 10:30:00,0.31048748
2015-02-10 10:30:00,0.3123625
2015-02-11 10:30:00,0.401175
2015-02-12 10:30:00,0.33401248
2015-02-13 10:30:00,0.390675
2015-02-14 10:30:00,0.458575
2015-02-15 10:30:00,0.4440625
2015-02-16 10:30:00,0.5880375
2015-02-17 10:30:00,0.32951248
2015-02-18 10:30:00,0.30409998
2015-02-19 10:30:00,0.29376248
2015-02-20 10:30:00,0.50785
2015-02-21 10:30:00,0.80776244
2015-02-22 10:30:00,0.545875
2015-02-23 10:30:00,0.383525
2015-02-24 10:30:00,0.562575
2015-02-25 10:30:00,0.51704997
2015-02-26 10:30:00,0.526675
2015-02-27 10:30:00,0.47875
2015-02-28 10:30:00,0.52683747
2015-03-01 10:30:00,0.4636125
2015-03-02 10:30:00,0.39775002
2015-03-03 10:30:00,0.59047496
2015-03-04 10:30:00,0.403575
2015-03-05 10:30:00,0.502875
2015-03-06 10:30:00,0.3641375
2015-03-07 10:30:00,0.283425
2015-03-08 10:30:00,0.290175
2015-03-09 10:30:00,0.2707875
2015-03-10 10:30:00,0.32568747
2015-03-11 10:30:00,0.2600875
2015-03-12 10:30:00,0.4147
2015-03-13 10:30:00,0.37307498
2015-03-14 10:30:00,0.37256247
2015-03-15 10:30:00,0.27761248
2015-03-16 10:30:00,0.18655
2015-03-17 10:30:00,0.1813125
2015-03-18 10:30:00,0.26385
2015-03-19 10:30:00,0.22178751
2015-03-20 10:30:00,0.1723875
2015-03-21 10:30:00,0.1406375
2015-03-22 10:30:00,0.1550875
2015-03-23 10:30:00,0.15134999
2015-03-24 10:30:00,0.2180125
2015-03-25 10:30:00,0.1199625
2015-03-26 10:30:00,0.13069999
2015-03-27 10:30:00,0.294875
2015-03-28 10:30:00,0.39513746
2015-03-29 10:30:00,0.2155125
2015-03-30 10:30:00,0.22241248
2015-03-31 10:30:00,0.113924995
2015-04-01 10:30:00,0.121737495
2015-04-02 10:30:00,0.74105
2015-04-03 10:30:00,0.4847375
2015-04-04 10:30:00,0.80771244
2015-04-05 10:30:00,0.48498747
2015-04-06 10:30:00,0.3861
2015-04-07 10:30:00,0.3968375
2015-04-08 10:30:00,0.51124996
2015-04-09 10:30:00,0.44462496
2015-04-10 10:30:00,0.3913375
2015-04-11 10:30:00,0.366025
2015-04-12 10:30:00,0.24805
2015-04-13 10:30:00,0.2015
2015-04-14 10:30:00,0.26714998
2015-04-15 10:30:00,0.3526375
2015-04-16 10:30:00,0.22598751
2015-04-17 10:30:00,0.1435375
2015-04-18 10:30:00,0.16645
2015-04-19 10:30:00,0.14064999
2015-04-20 10:30:00,0.16057499
2015-04-21 10:30:00,0.1986125
2015-04-22 10:30:00,0.19056249
2015-04-23 10:30:00,0.2411875
2015-04-24 10:30:00,0.1656875
2015-04-25 10:30:00,0.2256375
2015-04-26 10:30:00,0.156675
2015-04-27 10:30:00,0.25489998
2015-04-28 10:30:00,0.28393748
2015-04-29 10:30:00,0.17487499
2015-04-30 10:30:00,0.090675
2015-05-01 10:30:00,0.38463748
2015-05-02 10:30:00,0.37426248
2015-05-03 10:30:00,0.20233749
2015-05-04 10:30:00,0.17821248
2015-05-05 10:30:00,0.2600625
2015-05-06 10:30:00,0.26885
2015-05-07 10:30:00,0.80651253
2015-05-08 10:30:00,0.60905
2015-05-09 10:30:00,0.3602125
2015-05-10 10:30:00,0.5047
2015-05-11 10:30:00,0.8678375
2015-05-12 10:30:00,0.764625
2015-05-13 10:30:00,0.6186625
2015-05-14 10:30:00,0.22694999
2015-05-15 10:30:00,0.21337499
2015-05-16 10:30:00,0.294725
2015-05-17 10:30:00,0.5961
2015-05-18 10:30:00,0.5850625
2015-05-19 10:30:00,0.6137
2015-05-20 10:30:00,0.2654625
2015-05-21 10:30:00,0.2465875
2015-05-22 10:30:00,0.1724625
2015-05-23 10:30:00,0.31515
2015-05-24 10:30:00,0.2813875
2015-05-25 10:30:00,0.5007375
2015-05-26 10:30:00,0.561
2015-05-27 10:30:00,0.42704996
2015-05-28 10:30:00,0.73565
2015-05-29 10:30:00,0.45759997
2015-05-30 10:30:00,0.3364125
2015-05-31 10:30:00,0.4575875
2015-06-01 10:30:00,0.357575
2015-06-02 10:30:00,0.408675
2015-06-03 10:30:00,0.27496248
2015-06-04 10:30:00,0.52802503
2015-06-05 10:30:00,0.86732495
2015-06-06 10:30:00,0.77845
2015-06-07 10:30:00,0.5343625
2015-06-08 10:30:00,0.56963754
2015-06-09 10:30:00,0.5649
2015-06-10 10:30:00,0.74595
2015-06-11 10:30:00,0.8715625
2015-06-12 10:30:00,0.8765124
2015-06-13 10:30:00,0.7117624
2015-06-14 10:30:00,0.4994875
2015-06-15 10:30:00,0.39693752
2015-06-16 10:30:00,0.4489125
2015-06-17 10:30:00,0.76809996
2015-06-18 10:30:00,0.8423625
2015-06-19 10:30:00,0.64849997
2015-06-20 10:30:00,0.5041625
2015-06-21 10:30:00,0.44735
2015-06-22 10:30:00,0.519925
2015-06-23 10:30:00,0.629225
2015-06-24 10:30:00,0.700875
2015-06-25 10:30:00,0.58428746
2015-06-26 10:30:00,0.5546
2015-06-27 10:30:00,0.61425
2015-06-28 10:30:00,0.65745
2015-06-29 10:30:00,0.4367875
2015-06-30 10:30:00,0.7140125
2015-07-01 10:30:00,0.6888875
2015-07-02 10:30:00,0.8235875
2015-07-03 10:30:00,0.61772496
2015-07-04 10:30:00,0.6033
2015-07-05 10:30:00,0.52639997
2015-07-06 10:30:00,0.5028625
2015-07-07 10:30:00,0.4994875
2015-07-08 10:30:00,0.5018375
2015-07-09 10:30:00,0.46826246
2015-07-10 10:30:00,0.5304125
2015-07-11 10:30:00,0.62145
2015-07-12 10:30:00,0.541675
2015-07-13 10:30:00,0.4790125
2015-07-14 10:30:00,0.5612625
2015-07-15 10:30:00,0.70986253
2015-07-16 10:30:00,0.567625
2015-07-17 10:30:00,0.57287496
2015-07-18 10:30:00,0.5272875
2015-07-19 10:30:00,0.50413746
2015-07-20 10:30:00,0.7852625
2015-07-21 10:30:00,0.7939999
2015-07-22 10:30:00,0.8225125
2015-07-23 10:30:00,0.80724996
2015-07-24 10:30:00,0.72008747
2015-07-25 10:30:00,0.77879995
2015-07-26 10:30:00,0.58256245
2015-07-27 10:30:00,0.491725
2015-07-28 10:30:00,0.52717495
2015-07-29 10:30:00,0.725725
2015-07-30 10:30:00,0.5962
2015-07-31 10:30:00,0.6059
2015-08-01 10:30:00,0.598475
2015-08-02 10:30:00,0.5866375
2015-08-03 10:30:00,0.4801125
2015-08-04 10:30:00,0.53529996
2015-08-05 10:30:00,0.6300875
2015-08-06 10:30:00,0.76396245
2015-08-07 10:30:00,0.69764996
2015-08-08 10:30:00,0.72232497
2015-08-09 10:30:00,0.8425875
2015-08-10 10:30:00,0.64909995
2015-08-11 10:30:00,0.713075
2015-08-12 10:30:00,0.67921245
2015-08-13 10:30:00,0.5854125
2015-08-14 10:30:00,0.77951247
2015-08-15 10:30:00,0.7990125
2015-08-16 10:30:00,0.81022495
2015-08-17 10:30:00,0.7111125
2015-08-18 10:30:00,0.81506246
2015-08-19 10:30:00,0.74875
2015-08-20 10:30:00,0.82638747
2015-08-21 10:30:00,0.77988744
2015-08-22 10:30:00,0.7977625
2015-08-23 10:30:00,0.79455
2015-08-24 10:30:00,0.7955125
2015-08-25 10:30:00,0.8261875
2015-08-26 10:30:00,0.6956625
2015-08-27 10:30:00,0.610575
2015-08-28 10:30:00,0.80945
2015-08-29 10:30:00,0.8284375
2015-08-30 10:30:00,0.84265
2015-08-31 10:30:00,0.87332493
2015-09-01 10:30:00,0.7530875
2015-09-02 10:30:00,0.72805
2015-09-03 10:30:00,0.57009995
2015-09-04 10:30:00,0.64161247
2015-09-05 10:30:00,0.58041245
2015-09-06 10:30:00,0.5621375
2015-09-07 10:30:00,0.84248745
2015-09-08 10:30:00,0.7401999
2015-09-09 10:30:00,0.54349995
2015-09-10 10:30:00,0.47041252
2015-09-11 10:30:00,0.49709997
2015-09-12 10:30:00,0.5775125
2015-09-13 10:30:00,0.5764375
2015-09-14 10:30:00,0.46967497
2015-09-15 10:30:00,0.5506875
2015-09-16 10:30:00,0.57717496
2015-09-17 10:30:00,0.676475
2015-09-18 10:30:00,0.7947125
2015-09-19 10:30:00,0.5688375
2015-09-20 10:30:00,0.545825
2015-09-21 10:30:00,0.553225
2015-09-22 10:30:00,0.9037375
2015-09-23 10:30:00,0.67982495
2015-09-24 10:30:00,0.72865
2015-09-25 10:30:00,0.63181245
2015-09-26 10:30:00,0.5800125
2015-09-27 10:30:00,0.5442
2015-09-28 10:30:00,0.494475
2015-09-29 10:30:00,0.44663748
2015-09-30 10:30:00,0.6978
2015-10-01 10:30:00,0.43316248
2015-10-02 10:30:00,0.3133625
2015-10-03 10:30:00,0.3228125
2015-10-04 10:30:00,0.37185
2015-10-05 10:30:00,0.5373625
2015-10-06 10:30:00,0.43081248
2015-10-07 10:30:00,0.4017875
2015-10-08 10:30:00,0.388975
2015-10-09 10:30:00,0.40785
2015-10-10 10:30:00,0.84699994
2015-10-11 10:30:00,0.60737497
2015-10-12 10:30:00,0.50892496
2015-10-13 10:30:00,0.5164875
2015-10-14 10:30:00,0.614325
2015-10-15 10:30:00,0.46794996
2015-10-16 10:30:00,0.3195625
2015-10-17 10:30:00,0.36619997
2015-10-18 10:30:00,0.2523
2015-10-19 10:30:00,0.257575
2015-10-20 10:30:00,0.33421248
2015-10-21 10:30:00,0.3079125
2015-10-22 10:30:00,0.3007625
2015-10-23 10:30:00,0.18292499
2015-10-24 10:30:00,0.22055
2015-10-25 10:30:00,0.3062625
2015-10-26 10:30:00,0.4313
2015-10-27 10:30:00,0.3337125
2015-10-28 10:30:00,0.33464998
2015-10-29 10:30:00,0.328625
2015-10-30 10:30:00,0.33561248
2015-10-31 10:30:00,0.3361875
2015-11-01 10:30:00,0.23771249
2015-11-02 10:30:00,0.35896248
2015-11-03 10:30:00,0.26395
2015-11-04 10:30:00,0.29411247
2015-11-05 10:30:00,0.2221
2015-11-06 10:30:00,0.37006247
2015-11-07 10:30:00,0.37456247
2015-11-08 10:30:00,0.36068746
2015-11-09 10:30:00,0.51827496
2015-11-10 10:30:00,0.50116247
2015-11-11 10:30:00,0.5574375
2015-11-12 10:30:00,0.729325
2015-11-13 10:30:00,0.8164125
2015-11-14 10:30:00,0.5991
2015-11-15 10:30:00,0.230475
2015-11-16 10:30:00,0.58537495
2015-11-17 10:30:00,0.52195
2015-11-18 10:30:00,0.66155
2015-11-19 10:30:00,0.63871247
2015-11-20 10:30:00,0.6363125
2015-11-21 10:30:00,0.54179996
2015-11-22 10:30:00,0.5462
2015-11-23 10:30:00,0.52805
2015-11-24 10:30:00,0.5340875
2015-11-25 10:30:00,0.53744996
2015-11-26 10:30:00,0.54606247
2015-11-27 10:30:00,0.6826875
2015-11-28 10:30:00,0.5310125
2015-11-29 10:30:00,0.6872875
2015-11-30 10:30:00,0.70245004
2015-12-01 10:30:00,0.7987625
2015-12-02 10:30:00,0.765025
2015-12-03 10:30:00,0.5382125
2015-12-04 10:30:00,0.467425
2015-12-05 10:30:00,0.5373
2015-12-06 10:30:00,0.64074993
2015-12-07 10:30:00,0.60639995
2015-12-08 10:30:00,0.6076625
2015-12-09 10:30:00,0.690725
2015-12-10 10:30:00,0.6559375
2015-12-11 10:30:00,0.617
2015-12-12 10:30:00,0.6071375
2015-12-13 10:30:00,0.63822496
2015-12-14 10:30:00,0.7383999
2015-12-15 10:30:00,0.544025
2015-12-16 10:30:00,0.4583625
2015-12-17 10:30:00,0.5049375
2015-12-18 10:30:00,0.57226247
2015-12-19 10:30:00,0.51229995
2015-12-20 10:30:00,0.65784997
2015-12-21 10:30:00,0.68552494
2015-12-22 10:30:00,0.5951625
2015-12-23 10:30:00,0.4335375
2015-12-24 10:30:00,0.4787625
2015-12-25 10:30:00,0.57759994
2015-12-26 10:30:00,0.3534125
2015-12-27 10:30:00,0.39443746
2015-12-28 10:30:00,0.4476625
2015-12-29 10:30:00,0.65877503
2015-12-30 10:30:00,0.5856625
2015-12-31 10:30:00,0.6059625
2016-01-01 10:30:00,0.6093875
2016-01-02 10:30:00,0.706125
2016-01-03 10:30:00,0.5093875
2016-01-04 10:30:00,0.43362498
2016-01-05 10:30:00,0.50549996
2016-01-06 10:30:00,0.444
2016-01-07 10:30:00,0.46186247
2016-01-08 10:30:00,0.46932498
2016-01-09 10:30:00,0.4369625
2016-01-10 10:30:00,0.37326247
2016-01-11 10:30:00,0.3932875
2016-01-12 10:30:00,0.43064997
2016-01-13 10:30:00,0.45877498
2016-01-14 10:30:00,0.5394875
2016-01-15 10:30:00,0.6700125
2016-01-16 10:30:00,0.60565
2016-01-17 10:30:00,0.4240625
2016-01-18 10:30:00,0.46339998
2016-01-19 10:30:00,0.49249998
2016-01-20 10:30:00,0.51415
2016-01-21 10:30:00,0.45244998
2016-01-22 10:30:00,0.36971247
2016-01-23 10:30:00,0.39368752
2016-01-24 10:30:00,0.3292125
2016-01-25 10:30:00,0.35778752
2016-01-26 10:30:00,0.393475
2016-01-27 10:30:00,0.44892502
2016-01-28 10:30:00,0.33572498
2016-01-29 10:30:00,0.3597625
2016-01-30 10:30:00,0.3809625
2016-01-31 10:30:00,0.40169996
2016-02-01 10:30:00,0.3549625
2016-02-02 10:30:00,0.3574625
2016-02-03 10:30:00,0.3619625
2016-02-04 10:30:00,0.40096247
2016-02-05 10:30:00,0.424475
2016-02-06 10:30:00,0.46946248
2016-02-07 10:30:00,0.55035
2016-02-08 10:30:00,0.5618
2016-02-09 10:30:00,0.5465125
2016-02-10 10:30:00,0.5420625
2016-02-11 10:30:00,0.5951125
2016-02-12 10:30:00,0.31739998
2016-02-13 10:30:00,0.302025
2016-02-14 10:30:00,0.323175
2016-02-15 10:30:00,0.4027375
2016-02-16 10:30:00,0.36476249
2016-02-17 10:30:00,0.4259375
2016-02-18 10:30:00,0.42236248
2016-02-19 10:30:00,0.3883625
2016-02-20 10:30:00,0.3187
2016-02-21 10:30:00,0.31555
2016-02-22 10:30:00,0.326375
2016-02-23 10:30:00,0.3508375
2016-02-24 10:30:00,0.35848752
2016-02-25 10:30:00,0.3637125
2016-02-26 10:30:00,0.35138747
2016-02-27 10:30:00,0.29323748
2016-02-28 10:30:00,0.42275
2016-02-29 10:30:00,0.37162498
2016-03-01 10:30:00,0.3859625
2016-03-02 10:30:00,0.67955
2016-03-03 10:30:00,0.55338746
2016-03-04 10:30:00,0.69449997
2016-03-05 10:30:00,0.51191247
2016-03-06 10:30:00,0.3670875
2016-03-07 10:30:00,0.3410875
2016-03-08 10:30:00,0.35337502
2016-03-09 10:30:00,0.3322625
2016-03-10 10:30:00,0.36185
2016-03-11 10:30:00,0.36287498
2016-03-12 10:30:00,0.2820375
2016-03-13 10:30:00,0.3113
2016-03-14 10:30:00,0.4087875
2016-03-15 10:30:00,0.2802375
2016-03-16 10:30:00,0.24702498
2016-03-17 10:30:00,0.331225
2016-03-18 10:30:00,0.5640625
2016-03-19 10:30:00,0.35027498
2016-03-20 10:30:00,0.2663125
2016-03-21 10:30:00,0.62111247
2016-03-22 10:30:00,0.289725
2016-03-23 10:30:00,0.2644125
2016-03-24 10:30:00,0.25945
2016-03-25 10:30:00,0.23965
2016-03-26 10:30:00,0.2383
2016-03-27 10:30:00,0.1696125
2016-03-28 10:30:00,0.21182498
2016-03-29 10:30:00,0.34995
2016-03-30 10:30:00,0.277775
2016-03-31 10:30:00,0.2267
2016-04-01 10:30:00,0.38343748
2016-04-02 10:30:00,0.28399998
2016-04-03 10:30:00,0.281725
2016-04-04 10:30:00,0.2901
2016-04-05 10:30:00,0.2256625
2016-04-06 10:30:00,0.2765125
2016-04-07 10:30:00,0.1686125
2016-04-08 10:30:00,0.1362875
2016-04-09 10:30:00,0.16465
2016-04-10 10:30:00,0.2223875
2016-04-11 10:30:00,0.2336125
2016-04-12 10:30:00,0.25114998
2016-04-13 10:30:00,0.594925
2016-04-14 10:30:00,0.423525
2016-04-15 10:30:00,0.646575
2016-04-16 10:30:00,0.78125
2016-04-17 10:30:00,0.3384875
2016-04-18 10:30:00,0.3652875
2016-04-19 10:30:00,0.19191249
2016-04-20 10:30:00,0.20566249
2016-04-21 10:30:00,0.21723749
2016-04-22 10:30:00,0.34992498
2016-04-23 10:30:00,0.22053748
2016-04-24 10:30:00,0.44046247
2016-04-25 10:30:00,0.29874998
2016-04-26 10:30:00,0.27365
2016-04-27 10:30:00,0.365775
2016-04-28 10:30:00,0.222675
2016-04-29 10:30:00,0.3780875
2016-04-30 10:30:00,0.466525
2016-05-01 10:30:00,0.4984125
2016-05-02 10:30:00,0.40351248
2016-05-03 10:30:00,0.27491248
2016-05-04 10:30:00,0.15222499
2016-05-05 10:30:00,0.62272495
2016-05-06 10:30:00,0.60705
2016-05-07 10:30:00,0.2110375
2016-05-08 10:30:00,0.3024125
2016-05-09 10:30:00,0.2883625
2016-05-10 10:30:00,0.18692501
2016-05-11 10:30:00,0.555325
2016-05-12 10:30:00,0.434425
2016-05-13 10:30:00,0.2522375
2016-05-14 10:30:00,0.428475
2016-05-15 10:30:00,0.29378748
2016-05-16 10:30:00,0.2909625
2016-05-17 10:30:00,0.1389875
2016-05-18 10:30:00,0.23445
2016-05-19 10:30:00,0.24896249
2016-05-20 10:30:00,0.2697875
2016-05-21 10:30:00,0.2517375
2016-05-22 10:30:00,0.19282499
2016-05-23 10:30:00,0.57927495
2016-05-24 10:30:00,0.77467495
2016-05-25 10:30:00,0.4459125
2016-05-26 10:30:00,0.2903
2016-05-27 10:30:00,0.3151125
2016-05-28 10:30:00,0.2502625
2016-05-29 10:30:00,0.225175
2016-05-30 10:30:00,0.35232502
2016-05-31 10:30:00,0.3051625
2016-06-01 10:30:00,0.25402498
2016-06-02 10:30:00,0.27781248
2016-06-03 10:30:00,0.29346249
2016-06-04 10:30:00,0.3192375
2016-06-05 10:30:00,0.329325
2016-06-06 10:30:00,0.7205375
2016-06-07 10:30:00,0.46596247
2016-06-08 10:30:00,0.3567125
2016-06-09 10:30:00,0.60096246
2016-06-10 10:30:00,0.7635
2016-06-11 10:30:00,0.5663125
2016-06-12 10:30:00,0.60033745
2016-06-13 10:30:00,0.489025
2016-06-14 10:30:00,0.42741248
2016-06-15 10:30:00,0.64739996
2016-06-16 10:30:00,0.59805
2016-06-17 10:30:00,0.75713754
2016-06-18 10:30:00,0.671875
2016-06-19 10:30:00,0.56194997
2016-06-20 10:30:00,0.574175
2016-06-21 10:30:00,0.6682375
2016-06-22 10:30:00,0.7647125
2016-06-23 10:30:00,0.61405
2016-06-24 10:30:00,0.5221125
2016-06-25 10:30:00,0.49298748
2016-06-26 10:30:00,0.41419998
2016-06-27 10:30:00,0.51919997
2016-06-28 10:30:00,0.62146246
2016-06-29 10:30:00,0.828125
2016-06-30 10:30:00,0.7357875
2016-07-01 10:30:00,0.4819125
2016-07-02 10:30:00,0.434075
2016-07-03 10:30:00,0.4714875
2016-07-04 10:30:00,0.396425
2016-07-05 10:30:00,0.4258625
2016-07-06 10:30:00,0.395425
2016-07-07 10:30:00,0.376025
2016-07-08 10:30:00,0.5785
2016-07-09 10:30:00,0.633725
2016-07-10 10:30:00,0.43427497
2016-07-11 10:30:00,0.55205
2016-07-12 10:30:00,0.73601246
2016-07-13 10:30:00,0.49333748
2016-07-14 10:30:00,0.434575
2016-07-15 10:30:00,0.4138375
2016-07-16 10:30:00,0.49134997
2016-07-17 10:30:00,0.525325
2016-07-18 10:30:00,0.38733748
2016-07-19 10:30:00,0.5464375
2016-07-20 10:30:00,0.619675
2016-07-21 10:30:00,0.61881244
2016-07-22 10:30:00,0.87633747
2016-07-23 10:30:00,0.78903747
2016-07-24 10:30:00,0.4686
2016-07-25 10:30:00,0.70164996
2016-07-26 10:30:00,0.58081245
2016-07-27 10:30:00,0.4754
2016-07-28 10:30:00,0.6397
2016-07-29 10:30:00,0.5103875
2016-07-30 10:30:00,0.551175
2016-07-31 10:30:00,0.6972875
2016-08-01 10:30:00,0.57439995
2016-08-02 10:30:00,0.512425
2016-08-03 10:30:00,0.56162494
2016-08-04 10:30:00,0.52787495
2016-08-05 10:30:00,0.5609875
2016-08-06 10:30:00,0.7975125
2016-08-07 10:30:00,0.40752497
2016-08-08 10:30:00,0.434575
2016-08-09 10:30:00,0.51357496
2016-08-10 10:30:00,0.59288746
2016-08-11 10:30:00,0.37646246
2016-08-12 10:30:00,0.2931
2016-08-13 10:30:00,0.363825
2016-08-14 10:30:00,0.4096875
2016-08-15 10:30:00,0.44588748
2016-08-16 10:30:00,0.51736253
2016-08-17 10:30:00,0.4635875
2016-08-18 10:30:00,0.62105
2016-08-19 10:30:00,0.519275
2016-08-20 10:30:00,0.7235625
2016-08-21 10:30:00,0.56663746
2016-08-22 10:30:00,0.58291245
2016-08-23 10:30:00,0.727025
2016-08-24 10:30:00,0.48053747
2016-08-25 10:30:00,0.32791248
2016-08-26 10:30:00,0.37193748
2016-08-27 10:30:00,0.339075
2016-08-28 10:30:00,0.37536252
2016-08-29 10:30:00,0.3540625
2016-08-30 10:30:00,0.49104998
2016-08-31 10:30:00,0.8683625
2016-09-01 10:30:00,0.889775
2016-09-02 10:30:00,0.79421246
2016-09-03 10:30:00,0.82967496
2016-09-04 10:30:00,0.83434993
2016-09-05 10:30:00,0.8323375
2016-09-06 10:30:00,0.74595
2016-09-07 10:30:00,0.5783875
2016-09-08 10:30:00,0.7671875
2016-09-09 10:30:00,0.8295125
2016-09-10 10:30:00,0.7899375
2016-09-11 10:30:00,0.68912494
2016-09-12 10:30:00,0.7334625
2016-09-13 10:30:00,0.7012
2016-09-14 10:30:00,0.8463749
2016-09-15 10:30:00,0.49796247
2016-09-16 10:30:00,0.6526875
2016-09-17 10:30:00,0.5810375
2016-09-18 10:30:00,0.538125
2016-09-19 10:30:00,0.46311247
2016-09-20 10:30:00,0.4496125
2016-09-21 10:30:00,0.4635875
2016-09-22 10:30:00,0.5268875
2016-09-23 10:30:00,0.67080003
2016-09-24 10:30:00,0.61777496
2016-09-25 10:30:00,0.46759996
2016-09-26 10:30:00,0.71705
2016-09-27 10:30:00,0.68302494
2016-09-28 10:30:00,0.5092625
2016-09-29 10:30:00,0.53695
2016-09-30 10:30:00,0.5851
2016-10-01 10:30:00,0.4709875
2016-10-02 10:30:00,0.5217
2016-10-03 10:30:00,0.5096375
2016-10-04 10:30:00,0.6574375
2016-10-05 10:30:00,0.434925
2016-10-06 10:30:00,0.4085375
2016-10-07 10:30:00,0.79539996
2016-10-08 10:30:00,0.5163375
2016-10-09 10:30:00,0.483325
2016-10-10 10:30:00,0.4506125
2016-10-11 10:30:00,0.37896252
2016-10-12 10:30:00,0.44288749
2016-10-13 10:30:00,0.5165875
2016-10-14 10:30:00,0.6870875
2016-10-15 10:30:00,0.4966125
2016-10-16 10:30:00,0.5233375
2016-10-17 10:30:00,0.4204625
2016-10-18 10:30:00,0.46564996
2016-10-19 10:30:00,0.65099996
2016-10-20 10:30:00,0.36131248
2016-10-21 10:30:00,0.71006244
2016-10-22 10:30:00,0.50044996
2016-10-23 10:30:00,0.45894998
2016-10-24 10:30:00,0.4511625
2016-10-25 10:30:00,0.51792496
2016-10-26 10:30:00,0.420775
2016-10-27 10:30:00,0.3914875
2016-10-28 10:30:00,0.337125
2016-10-29 10:30:00,0.372625
2016-10-30 10:30:00,0.318825
2016-10-31 10:30:00,0.30545
2016-11-01 10:30:00,0.30563748
2016-11-02 10:30:00,0.3092875
2016-11-03 10:30:00,0.41645
2016-11-04 10:30:00,0.728975
2016-11-05 10:30:00,0.6057875
2016-11-06 10:30:00,0.63379997
2016-11-07 10:30:00,0.63584995
2016-11-08 10:30:00,0.50724995
2016-11-09 10:30:00,0.5577625
2016-11-10 10:30:00,0.75343746
2016-11-11 10:30:00,0.52345
2016-11-12 10:30:00,0.5709375
2016-11-13 10:30:00,0.723975
2016-11-14 10:30:00,0.49174997
2016-11-15 10:30:00,0.5918
2016-11-16 10:30:00,0.64463747
2016-11-17 10:30:00,0.674775
2016-11-18 10:30:00,0.6729625
2016-11-19 10:30:00,0.5611375
2016-11-20 10:30:00,0.41097498
2016-11-21 10:30:00,0.4325625
2016-11-22 10:30:00,0.48
2016-11-23 10:30:00,0.45033747
2016-11-24 10:30:00,0.51835
2016-11-25 10:30:00,0.5780875
2016-11-26 10:30:00,0.606875
2016-11-27 10:30:00,0.51511246
2016-11-28 10:30:00,0.5006875
2016-11-29 10:30:00,0.52275
2016-11-30 10:30:00,0.504575
2016-12-01 10:30:00,0.47628748
2016-12-02 10:30:00,0.5781375
2016-12-03 10:30:00,0.409
2016-12-04 10:30:00,0.3822125
2016-12-05 10:30:00,0.48328748
2016-12-06 10:30:00,0.61741245
2016-12-07 10:30:00,0.52845
2016-12-08 10:30:00,0.57313746
2016-12-09 10:30:00,0.4518
2016-12-10 10:30:00,0.54279995
2016-12-11 10:30:00,0.600375
2016-12-12 10:30:00,0.45583752
2016-12-13 10:30:00,0.42423752
2016-12-14 10:30:00,0.43735
2016-12-15 10:30:00,0.44415
2016-12-16 10:30:00,0.597375
2016-12-17 10:30:00,0.4505125
2016-12-18 10:30:00,0.61425
2016-12-19 10:30:00,0.6102125
2016-12-20 10:30:00,0.6321
2016-12-21 10:30:00,0.57975
2016-12-22 10:30:00,0.36131248
2016-12-23 10:30:00,0.45178747
2016-12-24 10:30:00,0.5927375
2016-12-25 10:30:00,0.436775
2016-12-26 10:30:00,0.34853747
2016-12-27 10:30:00,0.42736247
2016-12-28 10:30:00,0.40902498
2016-12-29 10:30:00,0.3885625
2016-12-30 10:30:00,0.45044997
2016-12-31 10:30:00,0.45383748
2017-01-01 10:30:00,0.53678745
2017-01-02 10:30:00,0.50783753
2017-01-03 10:30:00,0.45433748
2017-01-04 10:30:00,0.5653
2017-01-05 10:30:00,0.505375
2017-01-06 10:30:00,0.5556
2017-01-07 10:30:00,0.58928746
2017-01-08 10:30:00,0.422675
2017-01-09 10:30:00,0.3153
2017-01-10 10:30:00,0.360875
2017-01-11 10:30:00,0.3786625
2017-01-12 10:30:00,0.31875
2017-01-13 10:30:00,0.401025
2017-01-14 10:30:00,0.41673747
2017-01-15 10:30:00,0.39666247
2017-01-16 10:30:00,0.510475
2017-01-17 10:30:00,0.5661875
2017-01-18 10:30:00,0.43400002
2017-01-19 10:30:00,0.41775
2017-01-20 10:30:00,0.39474997
2017-01-21 10:30:00,0.5863625
2017-01-22 10:30:00,0.400125
2017-01-23 10:30:00,0.35448748
2017-01-24 10:30:00,0.352975
2017-01-25 10:30:00,0.35503748
2017-01-26 10:30:00,0.34261248
2017-01-27 10:30:00,0.3692875
2017-01-28 10:30:00,0.4036
2017-01-29 10:30:00,0.3384875
2017-01-30 10:30:00,0.3205875
2017-01-31 10:30:00,0.28634998
2017-02-01 10:30:00,0.28862497
2017-02-02 10:30:00,0.32015
2017-02-03 10:30:00,0.32544997
2017-02-04 10:30:00,0.460475
2017-02-05 10:30:00,0.42463747
2017-02-06 10:30:00,0.3274125
2017-02-07 10:30:00,0.38712502
2017-02-08 10:30:00,0.354525
2017-02-09 10:30:00,0.3556375
2017-02-10 10:30:00,0.36691248
2017-02-11 10:30:00,0.3359
2017-02-12 10:30:00,0.3452875
2017-02-13 10:30:00,0.35215
2017-02-14 10:30:00,0.34022498
2017-02-15 10:30:00,0.4166125
2017-02-16 10:30:00,0.264025
2017-02-17 10:30:00,0.216525
2017-02-18 10:30:00,0.20938748
2017-02-19 10:30:00,0.589175
2017-02-20 10:30:00,0.36939996
2017-02-21 10:30:00,0.51675004
2017-02-22 10:30:00,0.362475
2017-02-23 10:30:00,0.3784875
2017-02-24 10:30:00,0.483075
2017-02-25 10:30:00,0.41275
2017-02-26 10:30:00,0.448325
2017-02-27 10:30:00,0.3841875
2017-02-28 10:30:00,0.31931248
2017-03-01 10:30:00,0.26604998
2017-03-02 10:30:00,0.3558
2017-03-03 10:30:00,0.3611
2017-03-04 10:30:00,0.4082375
2017-03-05 10:30:00,0.279375
2017-03-06 10:30:00,0.310325
2017-03-07 10:30:00,0.2990875
2017-03-08 10:30:00,0.2886625
2017-03-09 10:30:00,0.313425
2017-03-10 10:30:00,0.24305
2017-03-11 10:30:00,0.3201625
2017-03-12 10:30:00,0.2464125
2017-03-13 10:30:00,0.2956875
2017-03-14 10:30:00,0.308825
2017-03-15 10:30:00,0.2911625
2017-03-16 10:30:00,0.2377625
2017-03-17 10:30:00,0.336675
2017-03-18 10:30:00,0.2315875
2017-03-19 10:30:00,0.235025
2017-03-20 10:30:00,0.3211375
2017-03-21 10:30:00,0.2655875
2017-03-22 10:30:00,0.2572625
2017-03-23 10:30:00,0.2665625
2017-03-24 10:30:00,0.2451375
2017-03-25 10:30:00,0.26135
2017-03-26 10:30:00,0.31208748
2017-03-27 10:30:00,0.310025
2017-03-28 10:30:00,0.2757125
2017-03-29 10:30:00,0.4993
2017-03-30 10:30:00,0.3387625
2017-03-31 10:30:00,0.2395375
2017-04-01 10:30:00,0.2119875
2017-04-02 10:30:00,0.1647375
2017-04-03 10:30:00,0.13562499
2017-04-04 10:30:00,0.1996125
2017-04-05 10:30:00,0.29145
2017-04-06 10:30:00,0.3286
2017-04-07 10:30:00,0.3811875
2017-04-08 10:30:00,0.1440625
2017-04-09 10:30:00,0.129875
2017-04-10 10:30:00,0.12208749
2017-04-11 10:30:00,0.12781249
2017-04-12 10:30:00,0.1089375
2017-04-13 10:30:00,0.1499625
2017-04-14 10:30:00,0.139775
2017-04-15 10:30:00,0.1011625
2017-04-16 10:30:00,0.17997499
2017-04-17 10:30:00,0.359175
2017-04-18 10:30:00,0.423175
2017-04-19 10:30:00,0.2508125
2017-04-20 10:30:00,0.2577625
2017-04-21 10:30:00,0.1625875
2017-04-22 10:30:00,0.20438749
2017-04-23 10:30:00,0.3195875
2017-04-24 10:30:00,0.519825
2017-04-25 10:30:00,0.5241
2017-04-26 10:30:00,0.3499
2017-04-27 10:30:00,0.2456625
2017-04-28 10:30:00,0.191325
2017-04-29 10:30:00,0.194875
2017-04-30 10:30:00,0.24526249
2017-05-01 10:30:00,0.1880875
2017-05-02 10:30:00,0.20198749
2017-05-03 10:30:00,0.34252498
2017-05-04 10:30:00,0.20618749
2017-05-05 10:30:00,0.4139875
2017-05-06 10:30:00,0.1810375
2017-05-07 10:30:00,0.2874125
2017-05-08 10:30:00,0.2294125
2017-05-09 10:30:00,0.1998875
2017-05-10 10:30:00,0.3532875
2017-05-11 10:30:00,0.3308
2017-05-12 10:30:00,0.28237498
2017-05-13 10:30:00,0.39198747
2017-05-14 10:30:00,0.420375
2017-05-15 10:30:00,0.252325
2017-05-16 10:30:00,0.2551875
2017-05-17 10:30:00,0.2719875
2017-05-18 10:30:00,0.1334625
2017-05-19 10:30:00,0.15395
2017-05-20 10:30:00,0.4277375
2017-05-21 10:30:00,0.756
2017-05-22 10:30:00,0.55875
2017-05-23 10:30:00,0.34693748
2017-05-24 10:30:00,0.35424998
2017-05-25 10:30:00,0.23578748
2017-05-26 10:30:00,0.2291625
2017-05-27 10:30:00,0.2401625
2017-05-28 10:30:00,0.1529375
2017-05-29 10:30:00,0.1509125
2017-05-30 10:30:00,0.138575
2017-05-31 10:30:00,0.275475
2017-06-01 10:30:00,0.3763875
2017-06-02 10:30:00,0.41395
2017-06-03 10:30:00,0.40686247
2017-06-04 10:30:00,0.3018875
2017-06-05 10:30:00,0.2136
2017-06-06 10:30:00,0.48088747
2017-06-07 10:30:00,0.32525
2017-06-08 10:30:00,0.325075
2017-06-09 10:30:00,0.25184998
2017-06-10 10:30:00,0.39665
2017-06-11 10:30:00,0.4360375
2017-06-12 10:30:00,0.33424997
2017-06-13 10:30:00,0.219275
2017-06-14 10:30:00,0.23696248
2017-06-15 10:30:00,0.3520125
2017-06-16 10:30:00,0.3748
2017-06-17 10:30:00,0.5045
2017-06-18 10:30:00,0.49299997
2017-06-19 10:30:00,0.5039375
2017-06-20 10:30:00,0.61588746
2017-06-21 10:30:00,0.67896247
2017-06-22 10:30:00,0.3816125
2017-06-23 10:30:00,0.38095
2017-06-24 10:30:00,0.35218748
2017-06-25 10:30:00,0.42138752
2017-06-26 10:30:00,0.38869998
2017-06-27 10:30:00,0.38195
2017-06-28 10:30:00,0.41889998
2017-06-29 10:30:00,0.54456246
2017-06-30 10:30:00,0.608325
2017-07-01 10:30:00,0.559
2017-07-02 10:30:00,0.7344874
2017-07-03 10:30:00,0.4962625
2017-07-04 10:30:00,0.3652875
2017-07-05 10:30:00,0.4151625
2017-07-06 10:30:00,0.5562125
2017-07-07 10:30:00,0.67305
2017-07-08 10:30:00,0.75723743
2017-07-09 10:30:00,0.581275
2017-07-10 10:30:00,0.6019375
2017-07-11 10:30:00,0.39
2017-07-12 10:30:00,0.38267496
2017-07-13 10:30:00,0.3554375
2017-07-14 10:30:00,0.30441248
2017-07-15 10:30:00,0.44765
2017-07-16 10:30:00,0.31838748
2017-07-17 10:30:00,0.41663748
2017-07-18 10:30:00,0.35853747
2017-07-19 10:30:00,0.3918375
2017-07-20 10:30:00,0.7142624
2017-07-21 10:30:00,0.46619996
2017-07-22 10:30:00,0.40465
2017-07-23 10:30:00,0.554725
2017-07-24 10:30:00,0.3368
2017-07-25 10:30:00,0.303325
2017-07-26 10:30:00,0.8162875
2017-07-27 10:30:00,0.689525
2017-07-28 10:30:00,0.5375375
2017-07-29 10:30:00,0.5115875
2017-07-30 10:30:00,0.6899125
2017-07-31 10:30:00,0.622275
2017-08-01 10:30:00,0.77378744
2017-08-02 10:30:00,0.75786245
2017-08-03 10:30:00,0.8380375
2017-08-04 10:30:00,0.7020625
2017-08-05 10:30:00,0.64655
2017-08-06 10:30:00,0.73335
2017-08-07 10:30:00,0.7694125
2017-08-08 10:30:00,0.75691247
2017-08-09 10:30:00,0.7226375
2017-08-10 10:30:00,0.763425
2017-08-11 10:30:00,0.7716
2017-08-12 10:30:00,0.71787494
2017-08-13 10:30:00,0.794325
2017-08-14 10:30:00,0.79354995
2017-08-15 10:30:00,0.74957496
2017-08-16 10:30:00,0.7665125
2017-08-17 10:30:00,0.73881245
2017-08-18 10:30:00,0.68093747
2017-08-19 10:30:00,0.68403745
2017-08-20 10:30:00,0.68334997
2017-08-21 10:30:00,0.55834997
2017-08-22 10:30:00,0.4998375
2017-08-23 10:30:00,0.55878747
2017-08-24 10:30:00,0.43612498
2017-08-25 10:30:00,0.42343748
2017-08-26 10:30:00,0.46846247
2017-08-27 10:30:00,0.4313
2017-08-28 10:30:00,0.2926375
2017-08-29 10:30:00,0.30087498
2017-08-30 10:30:00,0.38889998
2017-08-31 10:30:00,0.464925
2017-09-01 10:30:00,0.574525
2017-09-02 10:30:00,0.55361253
2017-09-03 10:30:00,0.88193744
2017-09-04 10:30:00,0.70511246
2017-09-05 10:30:00,0.67235
2017-09-06 10:30:00,0.4424625
2017-09-07 10:30:00,0.46436247
2017-09-08 10:30:00,0.49559996
2017-09-09 10:30:00,0.529075
2017-09-10 10:30:00,0.6001
2017-09-11 10:30:00,0.3542125
2017-09-12 10:30:00,0.50088745
2017-09-13 10:30:00,0.49830002
2017-09-14 10:30:00,0.55843747
2017-09-15 10:30:00,0.8182
2017-09-16 10:30:00,0.7269625
2017-09-17 10:30:00,0.721125
2017-09-18 10:30:00,0.5724625
2017-09-19 10:30:00,0.62137496
2017-09-20 10:30:00,0.6042875
2017-09-21 10:30:00,0.51471245
2017-09-22 10:30:00,0.35933748
2017-09-23 10:30:00,0.339075
2017-09-24 10:30:00,0.42994997
2017-09-25 10:30:00,0.44305
2017-09-26 10:30:00,0.2968
2017-09-27 10:30:00,0.2453875
2017-09-28 10:30:00,0.2840125
2017-09-29 10:30:00,0.2797875
2017-09-30 10:30:00,0.27508748
2017-10-01 10:30:00,0.25556248
2017-10-02 10:30:00,0.21225
2017-10-03 10:30:00,0.2409625
2017-10-04 10:30:00,0.2689625
2017-10-05 10:30:00,0.364425
2017-10-06 10:30:00,0.4077
2017-10-07 10:30:00,0.5064125
2017-10-08 10:30:00,0.79265
2017-10-09 10:30:00,0.63252497
2017-10-10 10:30:00,0.4752375
2017-10-11 10:30:00,0.4573125
2017-10-12 10:30:00,0.37510002
2017-10-13 10:30:00,0.30619997
2017-10-14 10:30:00,0.3060875
2017-10-15 10:30:00,0.451325
2017-10-16 10:30:00,0.25823748
2017-10-17 10:30:00,0.21428749
2017-10-18 10:30:00,0.2704375
2017-10-19 10:30:00,0.3465375
2017-10-20 10:30:00,0.36935002
2017-10-21 10:30:00,0.332325
2017-10-22 10:30:00,0.3040875
2017-10-23 10:30:00,0.27041247
2017-10-24 10:30:00,0.31634998
2017-10-25 10:30:00,0.25705
2017-10-26 10:30:00,0.4030875
2017-10-27 10:30:00,0.56554997
2017-10-28 10:30:00,0.31735
2017-10-29 10:30:00,0.2844625
2017-10-30 10:30:00,0.1911
2017-10-31 10:30:00,0.2235
2017-11-01 10:30:00,0.278325
2017-11-02 10:30:00,0.33394998
2017-11-03 10:30:00,0.296525
2017-11-04 10:30:00,0.33717498
2017-11-05 10:30:00,0.28347498
2017-11-06 10:30:00,0.3950125
2017-11-07 10:30:00,0.795325
2017-11-08 10:30:00,0.5873
2017-11-09 10:30:00,0.5839
2017-11-10 10:30:00,0.424025
2017-11-11 10:30:00,0.331275
2017-11-12 10:30:00,0.367675
2017-11-13 10:30:00,0.386175
2017-11-14 10:30:00,0.39256248
2017-11-15 10:30:00,0.3603125
2017-11-16 10:30:00,0.3608625
2017-11-17 10:30:00,0.3222
2017-11-18 10:30:00,0.37476248
2017-11-19 10:30:00,0.44445
2017-11-20 10:30:00,0.40756246
2017-11-21 10:30:00,0.384925
2017-11-22 10:30:00,0.37600002
2017-11-23 10:30:00,0.3266875
2017-11-24 10:30:00,0.3712875
2017-11-25 10:30:00,0.38445
2017-11-26 10:30:00,0.30185
2017-11-27 10:30:00,0.339425
2017-11-28 10:30:00,0.2653625
2017-11-29 10:30:00,0.2718375
2017-11-30 10:30:00,0.35993752
2017-12-01 10:30:00,0.432125
2017-12-02 10:30:00,0.5526
2017-12-03 10:30:00,0.4103375
2017-12-04 10:30:00,0.3877875
2017-12-05 10:30:00,0.5730125
2017-12-06 10:30:00,0.53784996
2017-12-07 10:30:00,0.44579998
2017-12-08 10:30:00,0.5662625
2017-12-09 10:30:00,0.66489995
2017-12-10 10:30:00,0.52535
2017-12-11 10:30:00,0.39866248
2017-12-12 10:30:00,0.4101625
2017-12-13 10:30:00,0.3917125
2017-12-14 10:30:00,0.3795
2017-12-15 10:30:00,0.39229998
2017-12-16 10:30:00,0.385
2017-12-17 10:30:00,0.4793625
2017-12-18 10:30:00,0.47322497
2017-12-19 10:30:00,0.48283747
2017-12-20 10:30:00,0.5392875
2017-12-21 10:30:00,0.4060875
2017-12-22 10:30:00,0.378
2017-12-23 10:30:00,0.3804375
2017-12-24 10:30:00,0.41635
2017-12-25 10:30:00,0.3657875
2017-12-26 10:30:00,0.264175
2017-12-27 10:30:00,0.3214875
2017-12-28 10:30:00,0.4602375
2017-12-29 10:30:00,0.39385
2017-12-30 10:30:00,0.4483625
2017-12-31 10:30:00,0.5233
2018-01-01 10:30:00,0.37315
2018-01-02 10:30:00,0.400675
2018-01-03 10:30:00,0.3821125
2018-01-04 10:30:00,0.313325
2018-01-05 10:30:00,0.38263747
2018-01-06 10:30:00,0.355
2018-01-07 10:30:00,0.36072502
2018-01-08 10:30:00,0.530625
2018-01-09 10:30:00,0.49827498
2018-01-10 10:30:00,0.35462502
2018-01-11 10:30:00,0.3310625
2018-01-12 10:30:00,0.563475
2018-01-13 10:30:00,0.5718875
2018-01-14 10:30:00,0.516425
2018-01-15 10:30:00,0.534
2018-01-16 10:30:00,0.6560125
2018-01-17 10:30:00,0.4912625
2018-01-18 10:30:00,0.4862625
2018-01-19 10:30:00,0.3418375
2018-01-20 10:30:00,0.3246125
2018-01-21 10:30:00,0.30415
2018-01-22 10:30:00,0.3175375
2018-01-23 10:30:00,0.297925
2018-01-24 10:30:00,0.33396247
2018-01-25 10:30:00,0.302975
2018-01-26 10:30:00,0.2819375
2018-01-27 10:30:00,0.2878
2018-01-28 10:30:00,0.3558625
2018-01-29 10:30:00,0.3878125
2018-01-30 10:30:00,0.35979998
2018-01-31 10:30:00,0.3971125
2018-02-01 10:30:00,0.37351248
2018-02-02 10:30:00,0.49104998
2018-02-03 10:30:00,0.41208747
2018-02-04 10:30:00,0.39909998
2018-02-05 10:30:00,0.35583746
2018-02-06 10:30:00,0.360375
2018-02-07 10:30:00,0.374
2018-02-08 10:30:00,0.30825
2018-02-09 10:30:00,0.2976
2018-02-10 10:30:00,0.2889875
2018-02-11 10:30:00,0.28559998
2018-02-12 10:30:00,0.298225
2018-02-13 10:30:00,0.32084998
2018-02-14 10:30:00,0.3029375
2018-02-15 10:30:00,0.3078375
2018-02-16 10:30:00,0.2518
2018-02-17 10:30:00,0.235275
2018-02-18 10:30:00,0.27801248
2018-02-19 10:30:00,0.3068375
2018-02-20 10:30:00,0.331725
2018-02-21 10:30:00,0.37432498
2018-02-22 10:30:00,0.35743746
2018-02-23 10:30:00,0.2688125
2018-02-24 10:30:00,0.2480125
2018-02-25 10:30:00,0.4138125
2018-02-26 10:30:00,0.446375
2018-02-27 10:30:00,0.336225
2018-02-28 10:30:00,0.6282125
2018-03-01 10:30:00,0.3600125
2018-03-02 10:30:00,0.34495
2018-03-03 10:30:00,0.52271247
2018-03-04 10:30:00,0.3244625
2018-03-05 10:30:00,0.2777625
2018-03-06 10:30:00,0.2992
2018-03-07 10:30:00,0.4585875
2018-03-08 10:30:00,0.315325
2018-03-09 10:30:00,0.546225
2018-03-10 10:30:00,0.5401625
2018-03-11 10:30:00,0.4108625
2018-03-12 10:30:00,0.4274375
2018-03-13 10:30:00,0.5657375
2018-03-14 10:30:00,0.64479995
2018-03-15 10:30:00,0.272375
2018-03-16 10:30:00,0.25075
2018-03-17 10:30:00,0.2779125
2018-03-18 10:30:00,0.27515
2018-03-19 10:30:00,0.21279998
2018-03-20 10:30:00,0.201275
2018-03-21 10:30:00,0.252
2018-03-22 10:30:00,0.202425
2018-03-23 10:30:00,0.20298749
2018-03-24 10:30:00,0.22354999
2018-03-25 10:30:00,0.23938748
2018-03-26 10:30:00,0.22025
2018-03-27 10:30:00,0.260775
2018-03-28 10:30:00,0.20805
2018-03-29 10:30:00,0.14766249
2018-03-30 10:30:00,0.384025
2018-03-31 10:30:00,0.5494625
2018-04-01 10:30:00,0.264825
2018-04-02 10:30:00,0.1514875
2018-04-03 10:30:00,0.125525
2018-04-04 10:30:00,0.10073749
2018-04-05 10:30:00,0.2373875
2018-04-06 10:30:00,0.1472375
2018-04-07 10:30:00,0.1266
2018-04-08 10:30:00,0.1763875
2018-04-09 10:30:00,0.22067499
2018-04-10 10:30:00,0.50435
2018-04-11 10:30:00,0.1996875
2018-04-12 10:30:00,0.2557625
2018-04-13 10:30:00,0.6372875
2018-04-14 10:30:00,0.66636246
2018-04-15 10:30:00,0.2711375
2018-04-16 10:30:00,0.1589375
2018-04-17 10:30:00,0.2448625
2018-04-18 10:30:00,0.344275
2018-04-19 10:30:00,0.2735375
2018-04-20 10:30:00,0.6526625
2018-04-21 10:30:00,0.48947498
2018-04-22 10:30:00,0.32778752
2018-04-23 10:30:00,0.317825
2018-04-24 10:30:00,0.219775
2018-04-25 10:30:00,0.19767499
2018-04-26 10:30:00,0.2435125
2018-04-27 10:30:00,0.1558625
2018-04-28 10:30:00,0.2973625
2018-04-29 10:30:00,0.424725
2018-04-30 10:30:00,0.3415
2018-05-01 10:30:00,0.4154375
2018-05-02 10:30:00,0.27955
2018-05-03 10:30:00,0.20893748
2018-05-04 10:30:00,0.17825
2018-05-05 10:30:00,0.1263375
2018-05-06 10:30:00,0.2196125
2018-05-07 10:30:00,0.3323875
2018-05-08 10:30:00,0.31707498
2018-05-09 10:30:00,0.2061375
2018-05-10 10:30:00,0.260175
2018-05-11 10:30:00,0.3663375
2018-05-12 10:30:00,0.45555
2018-05-13 10:30:00,0.4399625
2018-05-14 10:30:00,0.2173125
2018-05-15 10:30:00,0.59526247
2018-05-16 10:30:00,0.547125
2018-05-17 10:30:00,0.35305
2018-05-18 10:30:00,0.2554875
2018-05-19 10:30:00,0.1863
2018-05-20 10:30:00,0.38974997
2018-05-21 10:30:00,0.42658746
2018-05-22 10:30:00,0.55777496
2018-05-23 10:30:00,0.3836625
2018-05-24 10:30:00,0.44768748
2018-05-25 10:30:00,0.29733747
2018-05-26 10:30:00,0.453375
2018-05-27 10:30:00,0.6731625
2018-05-28 10:30:00,0.78248745
2018-05-29 10:30:00,0.7675875
2018-05-30 10:30:00,0.46568748
2018-05-31 10:30:00,0.3641125
2018-06-01 10:30:00,0.15301248
2018-06-02 10:30:00,0.133675
2018-06-03 10:30:00,0.2626
2018-06-04 10:30:00,0.42548746
2018-06-05 10:30:00,0.36749998
2018-06-06 10:30:00,0.42338747
2018-06-07 10:30:00,0.3712375
2018-06-08 10:30:00,0.424725
2018-06-09 10:30:00,0.584475
2018-06-10 10:30:00,0.58111244
2018-06-11 10:30:00,0.67724997
2018-06-12 10:30:00,0.74480003
2018-06-13 10:30:00,0.658425
2018-06-14 10:30:00,0.69124997
2018-06-15 10:30:00,0.6758
2018-06-16 10:30:00,0.51822495
2018-06-17 10:30:00,0.43691248
2018-06-18 10:30:00,0.7758625
2018-06-19 10:30:00,0.50906247
2018-06-20 10:30:00,0.5141625
2018-06-21 10:30:00,0.390775
2018-06-22 10:30:00,0.42186248
2018-06-23 10:30:00,0.43237498
2018-06-24 10:30:00,0.62592494
2018-06-25 10:30:00,0.8503375
2018-06-26 10:30:00,0.83336246
2018-06-27 10:30:00,0.77262497
2018-06-28 10:30:00,0.5613375
2018-06-29 10:30:00,0.518875
2018-06-30 10:30:00,0.515225
2018-07-01 10:30:00,0.51616246
2018-07-02 10:30:00,0.5952625
2018-07-03 10:30:00,0.66714996
2018-07-04 10:30:00,0.88403744
2018-07-05 10:30:00,0.78311247
2018-07-06 10:30:00,0.70573753
2018-07-07 10:30:00,0.882275
2018-07-08 10:30:00,0.74592495
2018-07-09 10:30:00,0.618275
2018-07-10 10:30:00,0.783125
2018-07-11 10:30:00,0.802975
2018-07-12 10:30:00,0.61396253
2018-07-13 10:30:00,0.531125
2018-07-14 10:30:00,0.5335125
2018-07-15 10:30:00,0.52924997
2018-07-16 10:30:00,0.86873746
2018-07-17 10:30:00,0.85870004
2018-07-18 10:30:00,0.7826375
2018-07-19 10:30:00,0.71085
2018-07-20 10:30:00,0.85201246
2018-07-21 10:30:00,0.8700125
2018-07-22 10:30:00,0.6695875
2018-07-23 10:30:00,0.6188625
2018-07-24 10:30:00,0.80345
2018-07-25 10:30:00,0.79202497
2018-07-26 10:30:00,0.67620003
2018-07-27 10:30:00,0.6939125
2018-07-28 10:30:00,0.6865249
2018-07-29 10:30:00,0.65647495
2018-07-30 10:30:00,0.775575
2018-07-31 10:30:00,0.5421625
2018-08-01 10:30:00,0.5899375
2018-08-02 10:30:00,0.6370125
2018-08-03 10:30:00,0.746275
2018-08-04 10:30:00,0.7934625
2018-08-05 10:30:00,0.661175
2018-08-06 10:30:00,0.738075
2018-08-07 10:30:00,0.74262494
2018-08-08 10:30:00,0.67230004
2018-08-09 10:30:00,0.5170625
2018-08-10 10:30:00,0.5821625
2018-08-11 10:30:00,0.7507875
2018-08-12 10:30:00,0.73442495
2018-08-13 10:30:00,0.8936
2018-08-14 10:30:00,0.8392125
2018-08-15 10:30:00,0.71827495
2018-08-16 10:30:00,0.6083625
2018-08-17 10:30:00,0.70357496
2018-08-18 10:30:00,0.49526247
2018-08-19 10:30:00,0.5753625
2018-08-20 10:30:00,0.6972
2018-08-21 10:30:00,0.56047493
2018-08-22 10:30:00,0.5605125
2018-08-23 10:30:00,0.61561245
2018-08-24 10:30:00,0.67716247
2018-08-25 10:30:00,0.85371244
2018-08-26 10:30:00,0.73039997
2018-08-27 10:30:00,0.6367
2018-08-28 10:30:00,0.89918745
2018-08-29 10:30:00,0.764
2018-08-30 10:30:00,0.7977625
2018-08-31 10:30:00,0.661175
2018-09-01 10:30:00,0.6201125
2018-09-02 10:30:00,0.79108745
2018-09-03 10:30:00,0.663775
2018-09-04 10:30:00,0.549425
2018-09-05 10:30:00,0.607125
2018-09-06 10:30:00,0.41033748
2018-09-07 10:30:00,0.529825
2018-09-08 10:30:00,0.48783746
2018-09-09 10:30:00,0.5792625
2018-09-10 10:30:00,0.6209625
2018-09-11 10:30:00,0.6191125
2018-09-12 10:30:00,0.5106875
2018-09-13 10:30:00,0.4357375
2018-09-14 10:30:00,0.55346245
2018-09-15 10:30:00,0.40084997
2018-09-16 10:30:00,0.41314998
2018-09-17 10:30:00,0.423525
2018-09-18 10:30:00,0.51775
2018-09-19 10:30:00,0.52494997
2018-09-20 10:30:00,0.547575
2018-09-21 10:30:00,0.495975
2018-09-22 10:30:00,0.57625
2018-09-23 10:30:00,0.69345
2018-09-24 10:30:00,0.4854
2018-09-25 10:30:00,0.5061125
2018-09-26 10:30:00,0.500425
2018-09-27 10:30:00,0.46149996
2018-09-28 10:30:00,0.62116253
2018-09-29 10:30:00,0.86515
2018-09-30 10:30:00,0.85122496
2018-10-01 10:30:00,0.479225
2018-10-02 10:30:00,0.5022125
2018-10-03 10:30:00,0.56165
2018-10-04 10:30:00,0.4800875
2018-10-05 10:30:00,0.35822502
2018-10-06 10:30:00,0.35294998
2018-10-07 10:30:00,0.45698747
2018-10-08 10:30:00,0.4076
2018-10-09 10:30:00,0.45628747
2018-10-10 10:30:00,0.49131247
2018-10-11 10:30:00,0.4394875
2018-10-12 10:30:00,0.3797125
2018-10-13 10:30:00,0.2800375
2018-10-14 10:30:00,0.38182497
2018-10-15 10:30:00,0.3204375
2018-10-16 10:30:00,0.36955002
2018-10-17 10:30:00,0.37603748
2018-10-18 10:30:00,0.27548748
2018-10-19 10:30:00,0.3166625
2018-10-20 10:30:00,0.29358748
2018-10-21 10:30:00,0.311
2018-10-22 10:30:00,0.3271625
2018-10-23 10:30:00,0.475525
2018-10-24 10:30:00,0.42947498
2018-10-25 10:30:00,0.6346
2018-10-26 10:30:00,0.47151247
2018-10-27 10:30:00,0.296175
2018-10-28 10:30:00,0.3644375
2018-10-29 10:30:00,0.46346247
2018-10-30 10:30:00,0.40865
2018-10-31 10:30:00,0.3422375
2018-11-01 10:30:00,0.42243752
2018-11-02 10:30:00,0.3050375
2018-11-03 10:30:00,0.38099998
2018-11-04 10:30:00,0.3961125
2018-11-05 10:30:00,0.37882498
2018-11-06 10:30:00,0.34086248
2018-11-07 10:30:00,0.3411
2018-11-08 10:30:00,0.44912496
2018-11-09 10:30:00,0.4134875
2018-11-10 10:30:00,0.34021246
2018-11-11 10:30:00,0.4504375
2018-11-12 10:30:00,0.518125
2018-11-13 10:30:00,0.46551248
2018-11-14 10:30:00,0.5863625
2018-11-15 10:30:00,0.31077498
2018-11-16 10:30:00,0.34849998
2018-11-17 10:30:00,0.45493752
2018-11-18 10:30:00,0.4650875
2018-11-19 10:30:00,0.38137498
2018-11-20 10:30:00,0.3396375
2018-11-21 10:30:00,0.2841375
2018-11-22 10:30:00,0.3527625
2018-11-23 10:30:00,0.3018125
2018-11-24 10:30:00,0.3126375
2018-11-25 10:30:00,0.3157
2018-11-26 10:30:00,0.23072499
2018-11-27 10:30:00,0.23493749
2018-11-28 10:30:00,0.2674875
2018-11-29 10:30:00,0.24542499
2018-11-30 10:30:00,0.27816248
2018-12-01 10:30:00,0.2829375
2018-12-02 10:30:00,0.30084997
2018-12-03 10:30:00,0.25535
2018-12-04 10:30:00,0.2518375
2018-12-05 10:30:00,0.28344998
2018-12-06 10:30:00,0.258925
2018-12-07 10:30:00,0.259825
2018-12-08 10:30:00,0.2715125
2018-12-09 10:30:00,0.38455
2018-12-10 10:30:00,0.4571875
2018-12-11 10:30:00,0.4141875
2018-12-12 10:30:00,0.5521125
2018-12-13 10:30:00,0.44373748
2018-12-14 10:30:00,0.39513746
2018-12-15 10:30:00,0.3343875
2018-12-16 10:30:00,0.397025
2018-12-17 10:30:00,0.36830002
2018-12-18 10:30:00,0.46485
2018-12-19 10:30:00,0.431675
2018-12-20 10:30:00,0.507775
2018-12-21 10:30:00,0.56374997
2018-12-22 10:30:00,0.275425
2018-12-23 10:30:00,0.26475
2018-12-24 10:30:00,0.30342498
2018-12-25 10:30:00,0.225825
2018-12-26 10:30:00,0.24941249
2018-12-27 10:30:00,0.25292498
2018-12-28 10:30:00,0.27775
2018-12-29 10:30:00,0.29145
2018-12-30 10:30:00,0.37185
2018-12-31 10:30:00,0.32007498
2019-01-01 10:30:00,0.2823625
2019-01-02 10:30:00,0.329725
2019-01-03 10:30:00,0.3549
2019-01-04 10:30:00,0.30629998
2019-01-05 10:30:00,0.278475
2019-01-06 10:30:00,0.34305
2019-01-07 10:30:00,0.31051248
2019-01-08 10:30:00,0.228775
2019-01-09 10:30:00,0.2110875
2019-01-10 10:30:00,0.3677875
2019-01-11 10:30:00,0.42003748
2019-01-12 10:30:00,0.45665
2019-01-13 10:30:00,0.4591125
2019-01-14 10:30:00,0.30485
2019-01-15 10:30:00,0.24319999
2019-01-16 10:30:00,0.3546125
2019-01-17 10:30:00,0.36394998
2019-01-18 10:30:00,0.37232497
2019-01-19 10:30:00,0.327125
2019-01-20 10:30:00,0.27165002
2019-01-21 10:30:00,0.2921375
2019-01-22 10:30:00,0.274775
2019-01-23 10:30:00,0.26545
2019-01-24 10:30:00,0.3081125
2019-01-25 10:30:00,0.281425
2019-01-26 10:30:00,0.23139998
2019-01-27 10:30:00,0.293125
2019-01-28 10:30:00,0.27873752
2019-01-29 10:30:00,0.2538625
2019-01-30 10:30:00,0.2270625
2019-01-31 10:30:00,0.202
2019-02-01 10:30:00,0.1596125
2019-02-02 10:30:00,0.2897125
2019-02-03 10:30:00,0.22485
2019-02-04 10:30:00,0.2980125
2019-02-05 10:30:00,0.22428748
2019-02-06 10:30:00,0.2147875
2019-02-07 10:30:00,0.20656249
2019-02-08 10:30:00,0.24053748
2019-02-09 10:30:00,0.24021249
2019-02-10 10:30:00,0.2461625
2019-02-11 10:30:00,0.238925
2019-02-12 10:30:00,0.2086125
2019-02-13 10:30:00,0.19704999
2019-02-14 10:30:00,0.1709375
2019-02-15 10:30:00,0.15951249
2019-02-16 10:30:00,0.2126625
2019-02-17 10:30:00,0.1798875
2019-02-18 10:30:00,0.12172499
2019-02-19 10:30:00,0.2190875
2019-02-20 10:30:00,0.1968375
2019-02-21 10:30:00,0.1873875
2019-02-22 10:30:00,0.2663125
2019-02-23 10:30:00,0.20210001
2019-02-24 10:30:00,0.2218
2019-02-25 10:30:00,0.2833875
2019-02-26 10:30:00,0.24813749
2019-02-27 10:30:00,0.28772497
2019-02-28 10:30:00,0.220475
2019-03-01 10:30:00,0.1940875
2019-03-02 10:30:00,0.19524999
2019-03-03 10:30:00,0.2590875
2019-03-04 10:30:00,0.2378
2019-03-05 10:30:00,0.386925
2019-03-06 10:30:00,0.25785
2019-03-07 10:30:00,0.19053748
2019-03-08 10:30:00,0.108237505
2019-03-09 10:30:00,0.18194999
2019-03-10 10:30:00,0.120662495
2019-03-11 10:30:00,0.181175
2019-03-12 10:30:00,0.16722499
2019-03-13 10:30:00,0.20621249
2019-03-14 10:30:00,0.25622502
2019-03-15 10:30:00,0.29715
2019-03-16 10:30:00,0.38924998
2019-03-17 10:30:00,0.2094
2019-03-18 10:30:00,0.1784
2019-03-19 10:30:00,0.27298748
2019-03-20 10:30:00,0.33366248
2019-03-21 10:30:00,0.1989625
2019-03-22 10:30:00,0.21135
2019-03-23 10:30:00,0.1708
2019-03-24 10:30:00,0.1901
2019-03-25 10:30:00,0.0854
2019-03-26 10:30:00,0.0963125
2019-03-27 10:30:00,0.1039375
2019-03-28 10:30:00,0.1338
2019-03-29 10:30:00,0.272775
2019-03-30 10:30:00,0.1782625
2019-03-31 10:30:00,0.177775
2019-04-01 10:30:00,0.1433125
2019-04-02 10:30:00,0.122774996
2019-04-03 10:30:00,0.1258875
2019-04-04 10:30:00,0.33634996
2019-04-05 10:30:00,0.21059999
2019-04-06 10:30:00,0.2448875
2019-04-07 10:30:00,0.2847875
2019-04-08 10:30:00,0.26145
2019-04-09 10:30:00,0.17909999
2019-04-10 10:30:00,0.10805
2019-04-11 10:30:00,0.12104999
2019-04-12 10:30:00,0.084975004
2019-04-13 10:30:00,0.17837499
2019-04-14 10:30:00,0.16028748
2019-04-15 10:30:00,0.080199994
2019-04-16 10:30:00,0.1165625
2019-04-17 10:30:00,0.4291375
2019-04-18 10:30:00,0.1167125
2019-04-19 10:30:00,0.09127499
2019-04-20 10:30:00,0.0777
2019-04-21 10:30:00,0.0646
2019-04-22 10:30:00,0.1471125
2019-04-23 10:30:00,0.100625
2019-04-24 10:30:00,0.1285875
2019-04-25 10:30:00,0.173825
2019-04-26 10:30:00,0.1064875
2019-04-27 10:30:00,0.075224996
2019-04-28 10:30:00,0.3439375
2019-04-29 10:30:00,0.48311248
2019-04-30 10:30:00,0.201775
2019-05-01 10:30:00,0.16004999
2019-05-02 10:30:00,0.21719998
2019-05-03 10:30:00,0.16254999
2019-05-04 10:30:00,0.419025
2019-05-05 10:30:00,0.2132625
2019-05-06 10:30:00,0.14821249
2019-05-07 10:30:00,0.1444375
2019-05-08 10:30:00,0.1597
2019-05-09 10:30:00,0.2170125
2019-05-10 10:30:00,0.234
2019-05-11 10:30:00,0.3885125
2019-05-12 10:30:00,0.5251875
2019-05-13 10:30:00,0.63123745
2019-05-14 10:30:00,0.4477625
2019-05-15 10:30:00,0.30508748
2019-05-16 10:30:00,0.16669999
2019-05-17 10:30:00,0.19655
2019-05-18 10:30:00,0.288675
2019-05-19 10:30:00,0.83558744
2019-05-20 10:30:00,0.485425
2019-05-21 10:30:00,0.5134125
2019-05-22 10:30:00,0.40825
2019-05-23 10:30:00,0.37561247
2019-05-24 10:30:00,0.2342625
2019-05-25 10:30:00,0.52345
2019-05-26 10:30:00,0.6850125
2019-05-27 10:30:00,0.3076875
2019-05-28 10:30:00,0.17456248
2019-05-29 10:30:00,0.2101625
2019-05-30 10:30:00,0.472475
2019-05-31 10:30:00,0.434425
2019-06-01 10:30:00,0.40685
2019-06-02 10:30:00,0.4795625
2019-06-03 10:30:00,0.501025
2019-06-04 10:30:00,0.44617498
2019-06-05 10:30:00,0.33546248
2019-06-06 10:30:00,0.59995
2019-06-07 10:30:00,0.83467495
2019-06-08 10:30:00,0.85800004
2019-06-09 10:30:00,0.761
2019-06-10 10:30:00,0.7037375
2019-06-11 10:30:00,0.633325
2019-06-12 10:30:00,0.62658745
2019-06-13 10:30:00,0.40685
2019-06-14 10:30:00,0.58472496
2019-06-15 10:30:00,0.53634995
2019-06-16 10:30:00,0.46612498
2019-06-17 10:30:00,0.37052497
2019-06-18 10:30:00,0.4556
2019-06-19 10:30:00,0.40954998
2019-06-20 10:30:00,0.4940875
2019-06-21 10:30:00,0.45395
2019-06-22 10:30:00,0.4882875
2019-06-23 10:30:00,0.39607498
2019-06-24 10:30:00,0.3804
2019-06-25 10:30:00,0.69885
2019-06-26 10:30:00,0.7251625
2019-06-27 10:30:00,0.7401875
2019-06-28 10:30:00,0.78819996
2019-06-29 10:30:00,0.70537496
2019-06-30 10:30:00,0.725775
2019-07-01 10:30:00,0.5191125
2019-07-02 10:30:00,0.57357496
2019-07-03 10:30:00,0.6022875
2019-07-04 10:30:00,0.596025
2019-07-05 10:30:00,0.8664
2019-07-06 10:30:00,0.90096253
2019-07-07 10:30:00,0.66489995
2019-07-08 10:30:00,0.68632495
2019-07-09 10:30:00,0.6433125
2019-07-10 10:30:00,0.7187875
2019-07-11 10:30:00,0.7689
2019-07-12 10:30:00,0.71345
2019-07-13 10:30:00,0.76546246
2019-07-14 10:30:00,0.68848747
2019-07-15 10:30:00,0.64568746
2019-07-16 10:30:00,0.72655
2019-07-17 10:30:00,0.70176244
2019-07-18 10:30:00,0.625075
2019-07-19 10:30:00,0.61491245
2019-07-20 10:30:00,0.75114995
2019-07-21 10:30:00,0.5862875
2019-07-22 10:30:00,0.5695875
2019-07-23 10:30:00,0.86684996
2019-07-24 10:30:00,0.7141625
2019-07-25 10:30:00,0.787025
2019-07-26 10:30:00,0.6641375
2019-07-27 10:30:00,0.8256375
2019-07-28 10:30:00,0.6883875
2019-07-29 10:30:00,0.66801244
2019-07-30 10:30:00,0.74132496
2019-07-31 10:30:00,0.54275
2019-08-01 10:30:00,0.5922625
2019-08-02 10:30:00,0.568675
2019-08-03 10:30:00,0.602175
2019-08-04 10:30:00,0.5462625
2019-08-05 10:30:00,0.6670625
2019-08-06 10:30:00,0.8753
2019-08-07 10:30:00,0.80480003
2019-08-08 10:30:00,0.8345125
2019-08-09 10:30:00,0.7899375
2019-08-10 10:30:00,0.8433375
2019-08-11 10:30:00,0.7799125
2019-08-12 10:30:00,0.72209996
2019-08-13 10:30:00,0.712525
2019-08-14 10:30:00,0.63923746
2019-08-15 10:30:00,0.5987
2019-08-16 10:30:00,0.690925
2019-08-17 10:30:00,0.707025
2019-08-18 10:30:00,0.715525
2019-08-19 10:30:00,0.66871244
2019-08-20 10:30:00,0.846025
2019-08-21 10:30:00,0.59643745
2019-08-22 10:30:00,0.73193747
2019-08-23 10:30:00,0.78895
2019-08-24 10:30:00,0.7524375
2019-08-25 10:30:00,0.74822503
2019-08-26 10:30:00,0.8649625
2019-08-27 10:30:00,0.6998625
2019-08-28 10:30:00,0.7972125
2019-08-29 10:30:00,0.76089996
2019-08-30 10:30:00,0.6224125
2019-08-31 10:30:00,0.6023625
2019-09-01 10:30:00,0.6310125
2019-09-02 10:30:00,0.67625
2019-09-03 10:30:00,0.6419375
2019-09-04 10:30:00,0.6253375
2019-09-05 10:30:00,0.5689
2019-09-06 10:30:00,0.684875
2019-09-07 10:30:00,0.74
2019-09-08 10:30:00,0.4535125
2019-09-09 10:30:00,0.4172375
2019-09-10 10:30:00,0.4919375
2019-09-11 10:30:00,0.451375
2019-09-12 10:30:00,0.4454375
2019-09-13 10:30:00,0.60534996
2019-09-14 10:30:00,0.42658746
2019-09-15 10:30:00,0.32857502
2019-09-16 10:30:00,0.34035
2019-09-17 10:30:00,0.38343748
2019-09-18 10:30:00,0.3374375
2019-09-19 10:30:00,0.4828125
2019-09-20 10:30:00,0.552875
2019-09-21 10:30:00,0.47222498
2019-09-22 10:30:00,0.45096248
2019-09-23 10:30:00,0.311875
2019-09-24 10:30:00,0.32548752
2019-09-25 10:30:00,0.47306252
2019-09-26 10:30:00,0.43835
2019-09-27 10:30:00,0.40031248
2019-09-28 10:30:00,0.287875
2019-09-29 10:30:00,0.40084997
2019-09-30 10:30:00,0.50775
2019-10-01 10:30:00,0.49811247
2019-10-02 10:30:00,0.6553125
2019-10-03 10:30:00,0.6594
2019-10-04 10:30:00,0.4744125
2019-10-05 10:30:00,0.4776125
2019-10-06 10:30:00,0.38924998
2019-10-07 10:30:00,0.386325
2019-10-08 10:30:00,0.45804998
2019-10-09 10:30:00,0.36569998
2019-10-10 10:30:00,0.24309999
2019-10-11 10:30:00,0.24098751
2019-10-12 10:30:00,0.2692
2019-10-13 10:30:00,0.2590875
2019-10-14 10:30:00,0.2606625
2019-10-15 10:30:00,0.21069999
2019-10-16 10:30:00,0.384025
2019-10-17 10:30:00,0.34655
2019-10-18 10:30:00,0.4353375
2019-10-19 10:30:00,0.5252
2019-10-20 10:30:00,0.4236375
2019-10-21 10:30:00,0.28931248
2019-10-22 10:30:00,0.29659998
2019-10-23 10:30:00,0.310625
2019-10-24 10:30:00,0.704775
2019-10-25 10:30:00,0.519825
2019-10-26 10:30:00,0.5702375
2019-10-27 10:30:00,0.533125
2019-10-28 10:30:00,0.5178
2019-10-29 10:30:00,0.3452
2019-10-30 10:30:00,0.36048752
2019-10-31 10:30:00,0.244575
2019-11-01 10:30:00,0.23102498
2019-11-02 10:30:00,0.34861252
2019-11-03 10:30:00,0.3380125
2019-11-04 10:30:00,0.33334997
2019-11-05 10:30:00,0.2357
2019-11-06 10:30:00,0.31199998
2019-11-07 10:30:00,0.317125
2019-11-08 10:30:00,0.398475
2019-11-09 10:30:00,0.46386248
2019-11-10 10:30:00,0.41233748
2019-11-11 10:30:00,0.2242625
2019-11-12 10:30:00,0.70514995
2019-11-13 10:30:00,0.390925
2019-11-14 10:30:00,0.40011248
2019-11-15 10:30:00,0.37246248
2019-11-16 10:30:00,0.3358875
2019-11-17 10:30:00,0.46891248
2019-11-18 10:30:00,0.2901375
2019-11-19 10:30:00,0.3045375
2019-11-20 10:30:00,0.3518875
2019-11-21 10:30:00,0.4476625
2019-11-22 10:30:00,0.424575
2019-11-23 10:30:00,0.2697125
2019-11-24 10:30:00,0.3034375
2019-11-25 10:30:00,0.2577375
2019-11-26 10:30:00,0.2658
2019-11-27 10:30:00,0.28055
2019-11-28 10:30:00,0.3005125
2019-11-29 10:30:00,0.333825
2019-11-30 10:30:00,0.5273875
2019-12-01 10:30:00,0.40502498
2019-12-02 10:30:00,0.2892625
2019-12-03 10:30:00,0.2757875
2019-12-04 10:30:00,0.2893625
2019-12-05 10:30:00,0.2848625
2019-12-06 10:30:00,0.3901125
2019-12-07 10:30:00,0.449925
2019-12-08 10:30:00,0.61408746
2019-12-09 10:30:00,0.54996246
2019-12-10 10:30:00,0.58975
2019-12-11 10:30:00,0.49584997
2019-12-12 10:30:00,0.5387875
2019-12-13 10:30:00,0.5200125
2019-12-14 10:30:00,0.5976875
2019-12-15 10:30:00,0.5646375
2019-12-16 10:30:00,0.523725
2019-12-17 10:30:00,0.4616375
2019-12-18 10:30:00,0.4798
2019-12-19 10:30:00,0.4945
2019-12-20 10:30:00,0.4664375
2019-12-21 10:30:00,0.57226247
2019-12-22 10:30:00,0.6363375
2019-12-23 10:30:00,0.57033753
2019-12-24 10:30:00,0.6352625
2019-12-25 10:30:00,0.5785875
2019-12-26 10:30:00,0.5234375
2019-12-27 10:30:00,0.5934
2019-12-28 10:30:00,0.6571625
2019-12-29 10:30:00,0.637675
2019-12-30 10:30:00,0.480975
2019-12-31 10:30:00,0.4448875
2020-01-01 10:30:00,0.502575
2020-01-02 10:30:00,0.46986252
2020-01-03 10:30:00,0.5559
2020-01-04 10:30:00,0.5707875
2020-01-05 10:30:00,0.6583625
2020-01-06 10:30:00,0.76507497
2020-01-07 10:30:00,0.6601625
2020-01-08 10:30:00,0.6303375
2020-01-09 10:30:00,0.61061245
2020-01-10 10:30:00,0.539775
2020-01-11 10:30:00,0.54821247
2020-01-12 10:30:00,0.494775
2020-01-13 10:30:00,0.5769625
2020-01-14 10:30:00,0.53625
2020-01-15 10:30:00,0.54895
2020-01-16 10:30:00,0.49638748
2020-01-17 10:30:00,0.5418875
2020-01-18 10:30:00,0.67731243
2020-01-19 10:30:00,0.681975
2020-01-20 10:30:00,0.5288375
2020-01-21 10:30:00,0.51124996
2020-01-22 10:30:00,0.55812496
2020-01-23 10:30:00,0.41951248
2020-01-24 10:30:00,0.50455
2020-01-25 10:30:00,0.5759375
2020-01-26 10:30:00,0.579925
2020-01-27 10:30:00,0.59455
2020-01-28 10:30:00,0.57928747
2020-01-29 10:30:00,0.58465
2020-01-30 10:30:00,0.5761
2020-01-31 10:30:00,0.5502875
2020-02-01 10:30:00,0.376
2020-02-02 10:30:00,0.385325
2020-02-03 10:30:00,0.40923747
2020-02-04 10:30:00,0.391575
2020-02-05 10:30:00,0.40099996
2020-02-06 10:30:00,0.34471247
2020-02-07 10:30:00,0.4989875
2020-02-08 10:30:00,0.5080875
2020-02-09 10:30:00,0.5575125
2020-02-10 10:30:00,0.6324375
2020-02-11 10:30:00,0.4456375
2020-02-12 10:30:00,0.580875
2020-02-13 10:30:00,0.6798625
2020-02-14 10:30:00,0.491175
2020-02-15 10:30:00,0.44096246
2020-02-16 10:30:00,0.541175
2020-02-17 10:30:00,0.404925
2020-02-18 10:30:00,0.4066375
2020-02-19 10:30:00,0.4063
2020-02-20 10:30:00,0.5588875
2020-02-21 10:30:00,0.6751
2020-02-22 10:30:00,0.48337495
2020-02-23 10:30:00,0.4374375
2020-02-24 10:30:00,0.4118875
2020-02-25 10:30:00,0.48256248
2020-02-26 10:30:00,0.38634998
2020-02-27 10:30:00,0.44474998
2020-02-28 10:30:00,0.4875875
2020-02-29 10:30:00,0.50799996
2020-03-01 10:30:00,0.573875
2020-03-02 10:30:00,0.55593747
2020-03-03 10:30:00,0.7758125
2020-03-04 10:30:00,0.5445
2020-03-05 10:30:00,0.5275875
2020-03-06 10:30:00,0.6564375
2020-03-07 10:30:00,0.4529625
2020-03-08 10:30:00,0.49289998
2020-03-09 10:30:00,0.3189
2020-03-10 10:30:00,0.47081247
2020-03-11 10:30:00,0.361225
2020-03-12 10:30:00,0.2112375
2020-03-13 10:30:00,0.42685
2020-03-14 10:30:00,0.36143747
2020-03-15 10:30:00,0.253225
2020-03-16 10:30:00,0.4207625
2020-03-17 10:30:00,0.3618
2020-03-18 10:30:00,0.38288748
2020-03-19 10:30:00,0.38863748
2020-03-20 10:30:00,0.297425
2020-03-21 10:30:00,0.2527375
2020-03-22 10:30:00,0.411425
2020-03-23 10:30:00,0.29694998
2020-03-24 10:30:00,0.3488125
2020-03-25 10:30:00,0.3235625
2020-03-26 10:30:00,0.22383751
2020-03-27 10:30:00,0.27695
2020-03-28 10:30:00,0.2513625
2020-03-29 10:30:00,0.16842498
2020-03-30 10:30:00,0.15691249
2020-03-31 10:30:00,0.1898
2020-04-01 10:30:00,0.19015
2020-04-02 10:30:00,0.2069
2020-04-03 10:30:00,0.2199625
2020-04-04 10:30:00,0.1260375
2020-04-05 10:30:00,0.160275
2020-04-06 10:30:00,0.2612125
2020-04-07 10:30:00,0.2984375
2020-04-08 10:30:00,0.330575
2020-04-09 10:30:00,0.288125
2020-04-10 10:30:00,0.1584875
2020-04-11 10:30:00,0.17684999
2020-04-12 10:30:00,0.1171875
2020-04-13 10:30:00,0.1254375
2020-04-14 10:30:00,0.26293752
2020-04-15 10:30:00,0.2257875
2020-04-16 10:30:00,0.4053625
2020-04-17 10:30:00,0.20496249
2020-04-18 10:30:00,0.1559875
2020-04-19 10:30:00,0.6277
2020-04-20 10:30:00,0.68801254
2020-04-21 10:30:00,0.6570375
2020-04-22 10:30:00,0.4636125
2020-04-23 10:30:00,0.39
2020-04-24 10:30:00,0.59728754
2020-04-25 10:30:00,0.496975
2020-04-26 10:30:00,0.481025
2020-04-27 10:30:00,0.31155
2020-04-28 10:30:00,0.57014996
2020-04-29 10:30:00,0.41335
2020-04-30 10:30:00,0.3438375
2020-05-01 10:30:00,0.267175
2020-05-02 10:30:00,0.28861248
2020-05-03 10:30:00,0.716125
2020-05-04 10:30:00,0.43375
2020-05-05 10:30:00,0.43665
2020-05-06 10:30:00,0.27317497
2020-05-07 10:30:00,0.38764998
2020-05-08 10:30:00,0.23355
2020-05-09 10:30:00,0.37068748
2020-05-10 10:30:00,0.52605
2020-05-11 10:30:00,0.51535
2020-05-12 10:30:00,0.36255
2020-05-13 10:30:00,0.32189998
2020-05-14 10:30:00,0.25347498
2020-05-15 10:30:00,0.49888748
2020-05-16 10:30:00,0.822725
2020-05-17 10:30:00,0.87152505
2020-05-18 10:30:00,0.627975
2020-05-19 10:30:00,0.65227497
2020-05-20 10:30:00,0.6964875
2020-05-21 10:30:00,0.65928745
2020-05-22 10:30:00,0.7923625
2020-05-23 10:30:00,0.66765
2020-05-24 10:30:00,0.391625
2020-05-25 10:30:00,0.44377497
2020-05-26 10:30:00,0.35893747
2020-05-27 10:30:00,0.39099997
2020-05-28 10:30:00,0.4241875
2020-05-29 10:30:00,0.49569997
2020-05-30 10:30:00,0.48454997
2020-05-31 10:30:00,0.70707494
2020-06-01 10:30:00,0.489825
2020-06-02 10:30:00,0.5866875
2020-06-03 10:30:00,0.604925
2020-06-04 10:30:00,0.627725
2020-06-05 10:30:00,0.51371247
2020-06-06 10:30:00,0.53025
2020-06-07 10:30:00,0.5817125
2020-06-08 10:30:00,0.5727125
2020-06-09 10:30:00,0.42638746
2020-06-10 10:30:00,0.6819
2020-06-11 10:30:00,0.531375
2020-06-12 10:30:00,0.6486375
2020-06-13 10:30:00,0.73695
2020-06-14 10:30:00,0.50553745
2020-06-15 10:30:00,0.4528625
2020-06-16 10:30:00,0.5400625
2020-06-17 10:30:00,0.593425
2020-06-18 10:30:00,0.599525
2020-06-19 10:30:00,0.653625
2020-06-20 10:30:00,0.7880375
2020-06-21 10:30:00,0.6148875
2020-06-22 10:30:00,0.7124125
2020-06-23 10:30:00,0.8143
2020-06-24 10:30:00,0.7703375
2020-06-25 10:30:00,0.71082497
2020-06-26 10:30:00,0.64771247
2020-06-27 10:30:00,0.550875
2020-06-28 10:30:00,0.675675
2020-06-29 10:30:00,0.66183746
2020-06-30 10:30:00,0.67029995
2020-07-01 10:30:00,0.6198125
2020-07-02 10:30:00,0.58521247
2020-07-03 10:30:00,0.603725
2020-07-04 10:30:00,0.7958625
2020-07-05 10:30:00,0.6968125
2020-07-06 10:30:00,0.8194875
2020-07-07 10:30:00,0.52392495
2020-07-08 10:30:00,0.57936245
2020-07-09 10:30:00,0.5835125
2020-07-10 10:30:00,0.65271246
2020-07-11 10:30:00,0.7379625
2020-07-12 10:30:00,0.71582496
2020-07-13 10:30:00,0.6567625
2020-07-14 10:30:00,0.6603625
2020-07-15 10:30:00,0.55123746
2020-07-16 10:30:00,0.59222496
2020-07-17 10:30:00,0.68192494
2020-07-18 10:30:00,0.637025
2020-07-19 10:30:00,0.623575
2020-07-20 10:30:00,0.5523
2020-07-21 10:30:00,0.4155125
2020-07-22 10:30:00,0.644225
2020-07-23 10:30:00,0.52854997
2020-07-24 10:30:00,0.5258125
2020-07-25 10:30:00,0.6091875
2020-07-26 10:30:00,0.59835
2020-07-27 10:30:00,0.638175
2020-07-28 10:30:00,0.7154625
2020-07-29 10:30:00,0.84358746
2020-07-30 10:30:00,0.72438747
2020-07-31 10:30:00,0.648425
2020-08-01 10:30:00,0.6211
2020-08-02 10:30:00,0.868375
2020-08-03 10:30:00,0.80962497
2020-08-04 10:30:00,0.75783753
2020-08-05 10:30:00,0.72246253
2020-08-06 10:30:00,0.7054
2020-08-07 10:30:00,0.8452749
2020-08-08 10:30:00,0.940175
2020-08-09 10:30:00,0.82488745
2020-08-10 10:30:00,0.7035125
2020-08-11 10:30:00,0.63839996
2020-08-12 10:30:00,0.6429
2020-08-13 10:30:00,0.9997125
2020-08-14 10:30:00,0.801125
2020-08-15 10:30:00,0.7342375
2020-08-16 10:30:00,0.72335
2020-08-17 10:30:00,0.803225
2020-08-18 10:30:00,0.66924995
2020-08-19 10:30:00,0.6577
2020-08-20 10:30:00,0.5739375
2020-08-21 10:30:00,0.59572494
2020-08-22 10:30:00,0.6163375
2020-08-23 10:30:00,0.76035005
2020-08-24 10:30:00,0.896275
2020-08-25 10:30:00,0.58045
2020-08-26 10:30:00,0.72288746
2020-08-27 10:30:00,0.9791375
2020-08-28 10:30:00,0.9886125
2020-08-29 10:30:00,0.64865
2020-08-30 10:30:00,0.8820625
2020-08-31 10:30:00,0.8194
2020-09-01 10:30:00,0.63303745
2020-09-02 10:30:00,0.592825
2020-09-03 10:30:00,0.8157
2020-09-04 10:30:00,0.709475
2020-09-05 10:30:00,0.6562
2020-09-06 10:30:00,0.71155
2020-09-07 10:30:00,0.715725
2020-09-08 10:30:00,0.71685
2020-09-09 10:30:00,0.82303745
2020-09-10 10:30:00,0.6476
2020-09-11 10:30:00,0.713025
2020-09-12 10:30:00,0.76083744
2020-09-13 10:30:00,0.792475
2020-09-14 10:30:00,0.8465625
2020-09-15 10:30:00,0.88014996
2020-09-16 10:30:00,0.853375
2020-09-17 10:30:00,0.73842496
2020-09-18 10:30:00,0.72309995
2020-09-19 10:30:00,0.6843
2020-09-20 10:30:00,0.7371625
2020-09-21 10:30:00,0.8409375
2020-09-22 10:30:00,0.63826245
2020-09-23 10:30:00,0.6165625
2020-09-24 10:30:00,0.74833745
2020-09-25 10:30:00,0.7757375
2020-09-26 10:30:00,0.70427495
2020-09-27 10:30:00,0.520925
2020-09-28 10:30:00,0.55625
2020-09-29 10:30:00,0.5211125
2020-09-30 10:30:00,0.6384875
2020-10-01 10:30:00,0.767975
2020-10-02 10:30:00,0.665875
2020-10-03 10:30:00,0.5569625
2020-10-04 10:30:00,0.6197
2020-10-05 10:30:00,0.52007496
2020-10-06 10:30:00,0.5202375
2020-10-07 10:30:00,0.49636248
2020-10-08 10:30:00,0.63185
2020-10-09 10:30:00,0.53284997
2020-10-10 10:30:00,0.2823
2020-10-11 10:30:00,0.3933
2020-10-12 10:30:00,0.46185002
2020-10-13 10:30:00,0.4923375
2020-10-14 10:30:00,0.386175
2020-10-15 10:30:00,0.3534625
2020-10-16 10:30:00,0.3829
2020-10-17 10:30:00,0.39396247
2020-10-18 10:30:00,0.39255
2020-10-19 10:30:00,0.4112125
2020-10-20 10:30:00,0.31362498
2020-10-21 10:30:00,0.45233747
2020-10-22 10:30:00,0.37167498
2020-10-23 10:30:00,0.37525
2020-10-24 10:30:00,0.363525
2020-10-25 10:30:00,0.5178
2020-10-26 10:30:00,0.44982496
2020-10-27 10:30:00,0.3240625
2020-10-28 10:30:00,0.3680375
2020-10-29 10:30:00,0.4311125
2020-10-30 10:30:00,0.3441
2020-10-31 10:30:00,0.4861
2020-11-01 10:30:00,0.48267502
2020-11-02 10:30:00,0.35027498
2020-11-03 10:30:00,0.28911248
2020-11-04 10:30:00,0.365675
2020-11-05 10:30:00,0.4253125
2020-11-06 10:30:00,0.37295
2020-11-07 10:30:00,0.43535
2020-11-08 10:30:00,0.36682498
2020-11-09 10:30:00,0.4292375
2020-11-10 10:30:00,0.507425
2020-11-11 10:30:00,0.3808
2020-11-12 10:30:00,0.43645
2020-11-13 10:30:00,0.3626875
2020-11-14 10:30:00,0.3869625
2020-11-15 10:30:00,0.46116248
2020-11-16 10:30:00,0.52318746
2020-11-17 10:30:00,0.7597875
2020-11-18 10:30:00,0.61385
2020-11-19 10:30:00,0.35505
2020-11-20 10:30:00,0.3674625
2020-11-21 10:30:00,0.4274
2020-11-22 10:30:00,0.45886248
2020-11-23 10:30:00,0.53064996
2020-11-24 10:30:00,0.600425
2020-11-25 10:30:00,0.474625
2020-11-26 10:30:00,0.457775
2020-11-27 10:30:00,0.42714998
2020-11-28 10:30:00,0.472275
2020-11-29 10:30:00,0.5212
2020-11-30 10:30:00,0.48615
2020-12-01 10:30:00,0.5063
2020-12-02 10:30:00,0.5018375
2020-12-03 10:30:00,0.44885
2020-12-04 10:30:00,0.4551125
2020-12-05 10:30:00,0.42443746
2020-12-06 10:30:00,0.464075
2020-12-07 10:30:00,0.43022498
2020-12-08 10:30:00,0.41553748
2020-12-09 10:30:00,0.4310625
2020-12-10 10:30:00,0.47627503
2020-12-11 10:30:00,0.3944625
2020-12-12 10:30:00,0.4254
2020-12-13 10:30:00,0.40327498
2020-12-14 10:30:00,0.3738
2020-12-15 10:30:00,0.3592125
2020-12-16 10:30:00,0.4328875
2020-12-17 10:30:00,0.403375
2020-12-18 10:30:00,0.37445
2020-12-19 10:30:00,0.4379875
2020-12-20 10:30:00,0.4281625
2020-12-21 10:30:00,0.39869997
2020-12-22 10:30:00,0.495675
2020-12-23 10:30:00,0.62052494
2020-12-24 10:30:00,0.5274625
2020-12-25 10:30:00,0.504125
2020-12-26 10:30:00,0.6124375
2020-12-27 10:30:00,0.6015625
2020-12-28 10:30:00,0.45935
2020-12-29 10:30:00,0.38189998
2020-12-30 10:30:00,0.40940002
2020-12-31 10:30:00,0.392775
2021-01-01 10:30:00,0.4175875
2021-01-02 10:30:00,0.42769998
2021-01-03 10:30:00,0.432825
2021-01-04 10:30:00,0.40406248
2021-01-05 10:30:00,0.41327497
2021-01-06 10:30:00,0.3900125
2021-01-07 10:30:00,0.39493752
2021-01-08 10:30:00,0.4193125
2021-01-09 10:30:00,0.4963
2021-01-10 10:30:00,0.44498748
2021-01-11 10:30:00,0.42760003
2021-01-12 10:30:00,0.6853875
2021-01-13 10:30:00,0.46546248
2021-01-14 10:30:00,0.59881246
2021-01-15 10:30:00,0.5391
2021-01-16 10:30:00,0.529125
2021-01-17 10:30:00,0.49851248
2021-01-18 10:30:00,0.38068748
2021-01-19 10:30:00,0.5191125
2021-01-20 10:30:00,0.5668375
2021-01-21 10:30:00,0.63331246
2021-01-22 10:30:00,0.49371248
2021-01-23 10:30:00,0.5392625
2021-01-24 10:30:00,0.571325
2021-01-25 10:30:00,0.55952495
2021-01-26 10:30:00,0.4141125
2021-01-27 10:30:00,0.38892502
2021-01-28 10:30:00,0.37533748
2021-01-29 10:30:00,0.52673745
2021-01-30 10:30:00,0.488675
2021-01-31 10:30:00,0.72585
2021-02-01 10:30:00,0.5219625
2021-02-02 10:30:00,0.4304375
2021-02-03 10:30:00,0.41953748
2021-02-04 10:30:00,0.59244996
2021-02-05 10:30:00,0.517275
2021-02-06 10:30:00,0.499025
2021-02-07 10:30:00,0.4648375
2021-02-08 10:30:00,0.5130375
2021-02-09 10:30:00,0.45838746
2021-02-10 10:30:00,0.49349996
2021-02-11 10:30:00,0.4877125
2021-02-12 10:30:00,0.36366248
2021-02-13 10:30:00,0.3183125
2021-02-14 10:30:00,0.32575
2021-02-15 10:30:00,0.3202375
2021-02-16 10:30:00,0.32287496
2021-02-17 10:30:00,0.27188748
2021-02-18 10:30:00,0.37841251
2021-02-19 10:30:00,0.3436
2021-02-20 10:30:00,0.7854625
2021-02-21 10:30:00,0.5254875
2021-02-22 10:30:00,0.34346247
2021-02-23 10:30:00,0.397225
2021-02-24 10:30:00,0.36814997
2021-02-25 10:30:00,0.2893875
2021-02-26 10:30:00,0.47393748
2021-02-27 10:30:00,0.514425
2021-02-28 10:30:00,0.3267125
2021-03-01 10:30:00,0.44803748
2021-03-02 10:30:00,0.5727375
2021-03-03 10:30:00,0.55263746
2021-03-04 10:30:00,0.3769875
2021-03-05 10:30:00,0.2628125
2021-03-06 10:30:00,0.285025
2021-03-07 10:30:00,0.3318125
2021-03-08 10:30:00,0.36514997
2021-03-09 10:30:00,0.19146249
2021-03-10 10:30:00,0.34875
2021-03-11 10:30:00,0.37246248
2021-03-12 10:30:00,0.2994625
2021-03-13 10:30:00,0.3174625
2021-03-14 10:30:00,0.44744998
2021-03-15 10:30:00,0.32073748
2021-03-16 10:30:00,0.1646875
2021-03-17 10:30:00,0.2675125
2021-03-18 10:30:00,0.2520375
2021-03-19 10:30:00,0.42255
2021-03-20 10:30:00,0.8238375
2021-03-21 10:30:00,0.46442497
2021-03-22 10:30:00,0.373675
2021-03-23 10:30:00,0.304825
2021-03-24 10:30:00,0.31289998
2021-03-25 10:30:00,0.33502498
2021-03-26 10:30:00,0.652325
2021-03-27 10:30:00,0.40087497
2021-03-28 10:30:00,0.4756375
2021-03-29 10:30:00,0.3319125
2021-03-30 10:30:00,0.2279375
2021-03-31 10:30:00,0.3543125
2021-04-01 10:30:00,0.3639875
2021-04-02 10:30:00,0.337475
2021-04-03 10:30:00,0.252325
2021-04-04 10:30:00,0.21399999
2021-04-05 10:30:00,0.226075
2021-04-06 10:30:00,0.1770875
2021-04-07 10:30:00,0.25434998
2021-04-08 10:30:00,0.2557875
2021-04-09 10:30:00,0.2446625
2021-04-10 10:30:00,0.24755001
2021-04-11 10:30:00,0.52011245
2021-04-12 10:30:00,0.6053875
2021-04-13 10:30:00,0.3323375
2021-04-14 10:30:00,0.27636248
2021-04-15 10:30:00,0.5712125
2021-04-16 10:30:00,0.8790625
2021-04-17 10:30:00,0.51081246
2021-04-18 10:30:00,0.342275
2021-04-19 10:30:00,0.25592497
2021-04-20 10:30:00,0.268125
2021-04-21 10:30:00,0.2855625
2021-04-22 10:30:00,0.48775
2021-04-23 10:30:00,0.60842496
2021-04-24 10:30:00,0.2585875
2021-04-25 10:30:00,0.24599999
2021-04-26 10:30:00,0.3379875
2021-04-27 10:30:00,0.31524998
2021-04-28 10:30:00,0.2685125
2021-04-29 10:30:00,0.4947375
2021-04-30 10:30:00,0.55492496
2021-05-01 10:30:00,0.57435
2021-05-02 10:30:00,0.3010875
2021-05-03 10:30:00,0.38895
2021-05-04 10:30:00,0.45413747
2021-05-05 10:30:00,0.42154998
2021-05-06 10:30:00,0.517975
2021-05-07 10:30:00,0.8172625
2021-05-08 10:30:00,0.664775
2021-05-09 10:30:00,0.5217375
2021-05-10 10:30:00,0.394225
2021-05-11 10:30:00,0.4012875
2021-05-12 10:30:00,0.2741125
2021-05-13 10:30:00,0.334975
2021-05-14 10:30:00,0.76684994
2021-05-15 10:30:00,0.34678748
2021-05-16 10:30:00,0.2527625
2021-05-17 10:30:00,0.3033625
2021-05-18 10:30:00,0.3875
2021-05-19 10:30:00,0.45095
2021-05-20 10:30:00,0.594
2021-05-21 10:30:00,0.45173752
2021-05-22 10:30:00,0.34327498
2021-05-23 10:30:00,0.4105125
2021-05-24 10:30:00,0.42035
2021-05-25 10:30:00,0.287325
2021-05-26 10:30:00,0.34685
2021-05-27 10:30:00,0.5901
2021-05-28 10:30:00,0.6305125
2021-05-29 10:30:00,0.3996375
2021-05-30 10:30:00,0.60728747
2021-05-31 10:30:00,0.63967496
2021-06-01 10:30:00,0.46214998
2021-06-02 10:30:00,0.92364997
2021-06-03 10:30:00,0.75137496
2021-06-04 10:30:00,0.81355
2021-06-05 10:30:00,0.8088
2021-06-06 10:30:00,0.5572125
2021-06-07 10:30:00,0.5315375
2021-06-08 10:30:00,0.61245
2021-06-09 10:30:00,0.59537494
2021-06-10 10:30:00,0.5022625
2021-06-11 10:30:00,0.47035
2021-06-12 10:30:00,0.572025
2021-06-13 10:30:00,0.60975003
2021-06-14 10:30:00,0.98833746
2021-06-15 10:30:00,0.68308747
2021-06-16 10:30:00,0.7677125
2021-06-17 10:30:00,0.53959996
2021-06-18 10:30:00,0.64058745
2021-06-19 10:30:00,0.7504
2021-06-20 10:30:00,0.806425
2021-06-21 10:30:00,0.8323375
2021-06-22 10:30:00,0.636975
2021-06-23 10:30:00,0.4948125
2021-06-24 10:30:00,0.51476246
2021-06-25 10:30:00,0.693125
2021-06-26 10:30:00,0.78863746
2021-06-27 10:30:00,0.7941375
2021-06-28 10:30:00,0.72732496
2021-06-29 10:30:00,0.6960125
2021-06-30 10:30:00,0.8931375
2021-07-01 10:30:00,0.86171246
2021-07-02 10:30:00,0.86062497
2021-07-03 10:30:00,0.9011125
2021-07-04 10:30:00,0.90695
2021-07-05 10:30:00,0.8082875
2021-07-06 10:30:00,0.89769995
2021-07-07 10:30:00,0.91473746
2021-07-08 10:30:00,0.93171245
2021-07-09 10:30:00,0.88054997
2021-07-10 10:30:00,0.8339375
2021-07-11 10:30:00,0.7967375
2021-07-12 10:30:00,0.94777495
2021-07-13 10:30:00,0.9406625
2021-07-14 10:30:00,0.9809874
2021-07-15 10:30:00,0.91262496
2021-07-16 10:30:00,0.8954125
2021-07-17 10:30:00,0.86763746
2021-07-18 10:30:00,0.8568875
2021-07-19 10:30:00,0.8905875
2021-07-20 10:30:00,0.87682503
2021-07-21 10:30:00,0.86202496
2021-07-22 10:30:00,0.8985125
2021-07-23 10:30:00,0.79028744
2021-07-24 10:30:00,0.9383
2021-07-25 10:30:00,0.89967495
2021-07-26 10:30:00,0.9930625
2021-07-27 10:30:00,0.88726246
2021-07-28 10:30:00,0.82796246
2021-07-29 10:30:00,0.833375
2021-07-30 10:30:00,0.91435
2021-07-31 10:30:00,0.96463746
2021-08-01 10:30:00,0.8968125
2021-08-02 10:30:00,0.83915
2021-08-03 10:30:00,0.9720749
2021-08-04 10:30:00,0.9111125
2021-08-05 10:30:00,0.7335375
2021-08-06 10:30:00,0.7096375
2021-08-07 10:30:00,0.78315
2021-08-08 10:30:00,0.91302496
2021-08-09 10:30:00,0.94832504
2021-08-10 10:30:00,0.8559874
2021-08-11 10:30:00,0.97668743
2021-08-12 10:30:00,0.85622495
2021-08-13 10:30:00,0.9467625
2021-08-14 10:30:00,0.91428745
2021-08-15 10:30:00,0.8691875
2021-08-16 10:30:00,0.80431247
2021-08-17 10:30:00,0.81205
2021-08-18 10:30:00,0.7794
2021-08-19 10:30:00,0.8542375
2021-08-20 10:30:00,0.8422875
2021-08-21 10:30:00,0.8258
2021-08-22 10:30:00,0.79245
2021-08-23 10:30:00,0.85035
2021-08-24 10:30:00,0.8358
2021-08-25 10:30:00,0.92085
2021-08-26 10:30:00,0.9221375
2021-08-27 10:30:00,0.788575
2021-08-28 10:30:00,0.885025
2021-08-29 10:30:00,0.6857375
2021-08-30 10:30:00,0.7167375
2021-08-31 10:30:00,0.7737375
2021-09-01 10:30:00,0.7113375
2021-09-02 10:30:00,0.825725
2021-09-03 10:30:00,0.8926875
2021-09-04 10:30:00,0.789275
2021-09-05 10:30:00,0.83997494
2021-09-06 10:30:00,0.963775
2021-09-07 10:30:00,0.724
2021-09-08 10:30:00,0.92349994
2021-09-09 10:30:00,0.9482125
2021-09-10 10:30:00,0.7037375
2021-09-11 10:30:00,0.7195
2021-09-12 10:30:00,0.7030625
2021-09-13 10:30:00,0.73475
2021-09-14 10:30:00,0.768425
2021-09-15 10:30:00,0.92777497
2021-09-16 10:30:00,0.6515875
2021-09-17 10:30:00,0.63664997
2021-09-18 10:30:00,0.7027375
2021-09-19 10:30:00,0.8329875
2021-09-20 10:30:00,0.8832
2021-09-21 10:30:00,0.77835
2021-09-22 10:30:00,0.76037496
2021-09-23 10:30:00,0.715225
2021-09-24 10:30:00,0.79025
2021-09-25 10:30:00,0.912825
2021-09-26 10:30:00,0.99021244
2021-09-27 10:30:00,0.6576625
2021-09-28 10:30:00,0.576575
2021-09-29 10:30:00,0.49304998
2021-09-30 10:30:00,0.676
2021-10-01 10:30:00,0.58814996
2021-10-02 10:30:00,0.634
2021-10-03 10:30:00,0.7836125
2021-10-04 10:30:00,0.70946246
2021-10-05 10:30:00,0.525875
2021-10-06 10:30:00,0.7182375
2021-10-07 10:30:00,0.599875
2021-10-08 10:30:00,0.46776247
2021-10-09 10:30:00,0.4688
2021-10-10 10:30:00,0.4220625
2021-10-11 10:30:00,0.42381248
2021-10-12 10:30:00,0.358675
2021-10-13 10:30:00,0.69753754
2021-10-14 10:30:00,0.4815
2021-10-15 10:30:00,0.42366248
2021-10-16 10:30:00,0.389625
2021-10-17 10:30:00,0.5239
2021-10-18 10:30:00,0.60265
2021-10-19 10:30:00,0.472075
2021-10-20 10:30:00,0.50715
2021-10-21 10:30:00,0.51935
2021-10-22 10:30:00,0.45859998
2021-10-23 10:30:00,0.3686875
2021-10-24 10:30:00,0.3451875
2021-10-25 10:30:00,0.3373625
2021-10-26 10:30:00,0.40151247
2021-10-27 10:30:00,0.40081248
2021-10-28 10:30:00,0.4762625
2021-10-29 10:30:00,0.521575
2021-10-30 10:30:00,0.626825
2021-10-31 10:30:00,0.42870003
2021-11-01 10:30:00,0.5692875
2021-11-02 10:30:00,0.635575
2021-11-03 10:30:00,0.67101246
2021-11-04 10:30:00,0.79731244
2021-11-05 10:30:00,0.89997494
2021-11-06 10:30:00,0.57998747
2021-11-07 10:30:00,0.5898875
2021-11-08 10:30:00,0.84098744
2021-11-09 10:30:00,0.91015
2021-11-10 10:30:00,0.6603125
2021-11-11 10:30:00,0.3891
2021-11-12 10:30:00,0.42256248
2021-11-13 10:30:00,0.492475
2021-11-14 10:30:00,0.64896244
2021-11-15 10:30:00,0.62264997
2021-11-16 10:30:00,0.77536243
2021-11-17 10:30:00,0.5301875
2021-11-18 10:30:00,0.428375
2021-11-19 10:30:00,0.6299375
2021-11-20 10:30:00,0.8075375
2021-11-21 10:30:00,0.9230874
2021-11-22 10:30:00,0.585575
2021-11-23 10:30:00,0.4485625
2021-11-24 10:30:00,0.455475
2021-11-25 10:30:00,0.49454996
2021-11-26 10:30:00,0.617
2021-11-27 10:30:00,0.8281125
2021-11-28 10:30:00,0.895725
2021-11-29 10:30:00,0.7749125
2021-11-30 10:30:00,0.6084125
2021-12-01 10:30:00,0.55123746
2021-12-02 10:30:00,0.487975
2021-12-03 10:30:00,0.4607125
2021-12-04 10:30:00,0.5847625
2021-12-05 10:30:00,0.49120003
2021-12-06 10:30:00,0.44127497
2021-12-07 10:30:00,0.61025
2021-12-08 10:30:00,0.73482496
2021-12-09 10:30:00,0.8260875
2021-12-10 10:30:00,0.66265
2021-12-11 10:30:00,0.48264998
2021-12-12 10:30:00,0.4609375
2021-12-13 10:30:00,0.5145
2021-12-14 10:30:00,0.54415
2021-12-15 10:30:00,0.84865
2021-12-16 10:30:00,0.593675
2021-12-17 10:30:00,0.512975
2021-12-18 10:30:00,0.5831625
2021-12-19 10:30:00,0.5564125
2021-12-20 10:30:00,0.44277498
2021-12-21 10:30:00,0.4747625
2021-12-22 10:30:00,0.5527375
2021-12-23 10:30:00,0.4774625
2021-12-24 10:30:00,0.46875
2021-12-25 10:30:00,0.49420002
2021-12-26 10:30:00,0.55305
2021-12-27 10:30:00,0.656725
2021-12-28 10:30:00,0.60513747
2021-12-29 10:30:00,0.5904125
2021-12-30 10:30:00,0.485575
2021-12-31 10:30:00,0.5456375
2022-01-01 10:30:00,0.5416375
2022-01-02 10:30:00,0.46220002
2022-01-03 10:30:00,0.4946875
2022-01-04 10:30:00,0.5815875
2022-01-05 10:30:00,0.62205
2022-01-06 10:30:00,0.6919625
2022-01-07 10:30:00,0.69393754
2022-01-08 10:30:00,0.6724875
2022-01-09 10:30:00,0.59292495
2022-01-10 10:30:00,0.67373747
2022-01-11 10:30:00,0.4770375
2022-01-12 10:30:00,0.5147
2022-01-13 10:30:00,0.54244995
2022-01-14 10:30:00,0.65645003
2022-01-15 10:30:00,0.512325
2022-01-16 10:30:00,0.51252496
2022-01-17 10:30:00,0.5187875
2022-01-18 10:30:00,0.67018753
2022-01-19 10:30:00,0.4629
2022-01-20 10:30:00,0.5898375
2022-01-21 10:30:00,0.69487494
2022-01-22 10:30:00,0.66176254
2022-01-23 10:30:00,0.7099375
2022-01-24 10:30:00,0.69834995
2022-01-25 10:30:00,0.80224997
2022-01-26 10:30:00,0.586975
2022-01-27 10:30:00,0.51455003
2022-01-28 10:30:00,0.45037496
2022-01-29 10:30:00,0.4142125
2022-01-30 10:30:00,0.4678625
2022-01-31 10:30:00,0.5292125
2022-02-01 10:30:00,0.458075
2022-02-02 10:30:00,0.453975
2022-02-03 10:30:00,0.43263748
2022-02-04 10:30:00,0.412275
2022-02-05 10:30:00,0.427425
2022-02-06 10:30:00,0.4379375
2022-02-07 10:30:00,0.5326
2022-02-08 10:30:00,0.594075
2022-02-09 10:30:00,0.6697999
2022-02-10 10:30:00,0.81943744
2022-02-11 10:30:00,0.84585
2022-02-12 10:30:00,0.7107499
2022-02-13 10:30:00,0.732425
2022-02-14 10:30:00,0.60596246
2022-02-15 10:30:00,0.5231125
2022-02-16 10:30:00,0.6894875
2022-02-17 10:30:00,0.6032875
2022-02-18 10:30:00,0.7869625
2022-02-19 10:30:00,0.6083125
2022-02-20 10:30:00,0.4903125
2022-02-21 10:30:00,0.47051248
2022-02-22 10:30:00,0.48177496
2022-02-23 10:30:00,0.44091251
2022-02-24 10:30:00,0.41773748
2022-02-25 10:30:00,0.46256247
2022-02-26 10:30:00,0.4626875
2022-02-27 10:30:00,0.48308748
2022-02-28 10:30:00,0.45764998
2022-03-01 10:30:00,0.44573748
2022-03-02 10:30:00,0.4417125
2022-03-03 10:30:00,0.48056248
2022-03-04 10:30:00,0.40515
2022-03-05 10:30:00,0.3080875
2022-03-06 10:30:00,0.3820875
2022-03-07 10:30:00,0.40623748
2022-03-08 10:30:00,0.3703375
2022-03-09 10:30:00,0.425025
2022-03-10 10:30:00,0.1982125
2022-03-11 10:30:00,0.20573749
2022-03-12 10:30:00,0.909325
2022-03-13 10:30:00,0.8079625
2022-03-14 10:30:00,0.770225
2022-03-15 10:30:00,0.8123625
2022-03-16 10:30:00,0.3880125
2022-03-17 10:30:00,0.5047375
2022-03-18 10:30:00,0.52116245
2022-03-19 10:30:00,0.388125
2022-03-20 10:30:00,0.3497875
2022-03-21 10:30:00,0.3303875
2022-03-22 10:30:00,0.32974997
2022-03-23 10:30:00,0.55439997
2022-03-24 10:30:00,0.741875
2022-03-25 10:30:00,0.633275
2022-03-26 10:30:00,0.453775
2022-03-27 10:30:00,0.3340625
2022-03-28 10:30:00,0.262075
2022-03-29 10:30:00,0.2701
2022-03-30 10:30:00,0.22018749
2022-03-31 10:30:00,0.23136249
2022-04-01 10:30:00,0.2414875
2022-04-02 10:30:00,0.27993748
2022-04-03 10:30:00,0.22331248
2022-04-04 10:30:00,0.31902498
2022-04-05 10:30:00,0.2512125
2022-04-06 10:30:00,0.2650875
2022-04-07 10:30:00,0.2949625
2022-04-08 10:30:00,0.2761375
2022-04-09 10:30:00,0.23057498
2022-04-10 10:30:00,0.29264998
2022-04-11 10:30:00,0.35678747
2022-04-12 10:30:00,0.303975
2022-04-13 10:30:00,0.29956248
2022-04-14 10:30:00,0.3667875
2022-04-15 10:30:00,0.2363
2022-04-16 10:30:00,0.2589125
2022-04-17 10:30:00,0.3152375
2022-04-18 10:30:00,0.289
2022-04-19 10:30:00,0.1678125
2022-04-20 10:30:00,0.265075
2022-04-21 10:30:00,0.8661375
2022-04-22 10:30:00,0.31465
2022-04-23 10:30:00,0.38073748
2022-04-24 10:30:00,0.5054375
2022-04-25 10:30:00,0.59085
2022-04-26 10:30:00,0.4998
2022-04-27 10:30:00,0.3192375
2022-04-28 10:30:00,0.2717625
2022-04-29 10:30:00,0.68583745
2022-04-30 10:30:00,0.46632499
2022-05-01 10:30:00,0.55
2022-05-02 10:30:00,0.34411252
2022-05-03 10:30:00,0.532175
2022-05-04 10:30:00,0.52935
2022-05-05 10:30:00,0.79311246
2022-05-06 10:30:00,0.291325
2022-05-07 10:30:00,0.240025
2022-05-08 10:30:00,0.20635
2022-05-09 10:30:00,0.197
2022-05-10 10:30:00,0.71608746
2022-05-11 10:30:00,0.4495
2022-05-12 10:30:00,0.49346247
2022-05-13 10:30:00,0.68663746
2022-05-14 10:30:00,0.41068748
2022-05-15 10:30:00,0.4009
2022-05-16 10:30:00,0.29584998
2022-05-17 10:30:00,0.4636375
2022-05-18 10:30:00,0.3435625
2022-05-19 10:30:00,0.38393748
2022-05-20 10:30:00,0.297325
2022-05-21 10:30:00,0.43756247
2022-05-22 10:30:00,0.339825
2022-05-23 10:30:00,0.3712
2022-05-24 10:30:00,0.821825
2022-05-25 10:30:00,0.54236245
2022-05-26 10:30:00,0.4409375
2022-05-27 10:30:00,0.2720375
2022-05-28 10:30:00,0.4505125
2022-05-29 10:30:00,0.95594996
2022-05-30 10:30:00,0.55495
2022-05-31 10:30:00,0.631
2022-06-01 10:30:00,0.6656375
2022-06-02 10:30:00,0.4669875
2022-06-03 10:30:00,0.55777496
2022-06-04 10:30:00,0.84389997
2022-06-05 10:30:00,0.9586875
2022-06-06 10:30:00,0.79925
2022-06-07 10:30:00,0.9836375
2022-06-08 10:30:00,0.8815
2022-06-09 10:30:00,0.7534125
2022-06-10 10:30:00,0.67059994
2022-06-11 10:30:00,0.66365
2022-06-12 10:30:00,0.8580375
2022-06-13 10:30:00,0.80793744
2022-06-14 10:30:00,0.85805
2022-06-15 10:30:00,0.63275
2022-06-16 10:30:00,0.7026375
2022-06-17 10:30:00,0.6461
2022-06-18 10:30:00,0.5690875
2022-06-19 10:30:00,0.5711875
2022-06-20 10:30:00,0.6699875
2022-06-21 10:30:00,0.5009625
2022-06-22 10:30:00,0.652325
2022-06-23 10:30:00,0.70208746
2022-06-24 10:30:00,0.8709875
2022-06-25 10:30:00,0.69326246
2022-06-26 10:30:00,0.6289875
2022-06-27 10:30:00,0.68303746
2022-06-28 10:30:00,0.691175
2022-06-29 10:30:00,0.619125
2022-06-30 10:30:00,0.8687124
2022-07-01 10:30:00,0.77347493
2022-07-02 10:30:00,0.66028744
2022-07-03 10:30:00,0.70949996
2022-07-04 10:30:00,0.81222504
2022-07-05 10:30:00,0.8874875
2022-07-06 10:30:00,0.86630005
2022-07-07 10:30:00,0.816425
2022-07-08 10:30:00,0.7032875
2022-07-09 10:30:00,0.59342504
2022-07-10 10:30:00,0.71647495
2022-07-11 10:30:00,0.692325
2022-07-12 10:30:00,0.61585003
2022-07-13 10:30:00,0.9520625
2022-07-14 10:30:00,0.9477125
2022-07-15 10:30:00,0.91385
2022-07-16 10:30:00,0.85315
2022-07-17 10:30:00,0.847625
2022-07-18 10:30:00,0.8904125
2022-07-19 10:30:00,0.759825
2022-07-20 10:30:00,0.80863744
2022-07-21 10:30:00,0.7631625
2022-07-22 10:30:00,0.6965125
2022-07-23 10:30:00,0.93852496
2022-07-24 10:30:00,0.87815
2022-07-25 10:30:00,0.8491375
2022-07-26 10:30:00,0.8382
2022-07-27 10:30:00,0.852175
2022-07-28 10:30:00,0.9511
2022-07-29 10:30:00,0.8957125
2022-07-30 10:30:00,0.8616625
2022-07-31 10:30:00,0.84714997
2022-08-01 10:30:00,0.7716125
2022-08-02 10:30:00,0.72007495
2022-08-03 10:30:00,0.79315
2022-08-04 10:30:00,0.90988743
2022-08-05 10:30:00,0.58384997
2022-08-06 10:30:00,0.662825
2022-08-07 10:30:00,0.72515
2022-08-08 10:30:00,0.5379125
2022-08-09 10:30:00,0.48038748
2022-08-10 10:30:00,0.5209375
2022-08-11 10:30:00,0.6706375
2022-08-12 10:30:00,0.5932625
2022-08-13 10:30:00,0.6338375
2022-08-14 10:30:00,0.84547496
2022-08-15 10:30:00,0.9225125
2022-08-16 10:30:00,0.609625
2022-08-17 10:30:00,0.66732496
2022-08-18 10:30:00,0.8161
2022-08-19 10:30:00,0.6203125
2022-08-20 10:30:00,0.62698746
2022-08-21 10:30:00,0.7605
2022-08-22 10:30:00,0.692975
2022-08-23 10:30:00,0.535125
2022-08-24 10:30:00,0.65201247
2022-08-25 10:30:00,0.58787495
2022-08-26 10:30:00,0.68784994
2022-08-27 10:30:00,0.50554997
2022-08-28 10:30:00,0.5758125
2022-08-29 10:30:00,0.70638746
2022-08-30 10:30:00,0.77236253
2022-08-31 10:30:00,0.606175
2022-09-01 10:30:00,0.483175
2022-09-02 10:30:00,0.462425
2022-09-03 10:30:00,0.65599996
2022-09-04 10:30:00,0.7365625
2022-09-05 10:30:00,0.5301875
2022-09-06 10:30:00,0.771225
2022-09-07 10:30:00,0.5234625
2022-09-08 10:30:00,0.59603745
2022-09-09 10:30:00,0.633425
2022-09-10 10:30:00,0.6637625
2022-09-11 10:30:00,0.6055375
2022-09-12 10:30:00,0.7076875
2022-09-13 10:30:00,0.622825
2022-09-14 10:30:00,0.660225
2022-09-15 10:30:00,0.68076247
2022-09-16 10:30:00,0.7389625
2022-09-17 10:30:00,0.4640875
2022-09-18 10:30:00,0.390325
2022-09-19 10:30:00,0.293475
2022-09-20 10:30:00,0.39233747
2022-09-21 10:30:00,0.37195
2022-09-22 10:30:00,0.94894993
2022-09-23 10:30:00,0.7469
2022-09-24 10:30:00,0.51365
2022-09-25 10:30:00,0.45419997
2022-09-26 10:30:00,0.5403375
2022-09-27 10:30:00,0.47151247
2022-09-28 10:30:00,0.4725
2022-09-29 10:30:00,0.38044998
2022-09-30 10:30:00,0.76332504
2022-10-01 10:30:00,0.7157
2022-10-02 10:30:00,0.69449997
2022-10-03 10:30:00,0.5415125
2022-10-04 10:30:00,0.3998375
2022-10-05 10:30:00,0.44162497
2022-10-06 10:30:00,0.5792625
2022-10-07 10:30:00,0.49737498
2022-10-08 10:30:00,0.75734997
2022-10-09 10:30:00,0.3561875
2022-10-10 10:30:00,0.3680875
2022-10-11 10:30:00,0.3999375
2022-10-12 10:30:00,0.4311875
2022-10-13 10:30:00,0.31986248
2022-10-14 10:30:00,0.4437875
2022-10-15 10:30:00,0.322725
2022-10-16 10:30:00,0.4410125
2022-10-17 10:30:00,0.38919997
2022-10-18 10:30:00,0.3962625
2022-10-19 10:30:00,0.24147499
2022-10-20 10:30:00,0.466925
2022-10-21 10:30:00,0.5367375
2022-10-22 10:30:00,0.4929125
2022-10-23 10:30:00,0.422
2022-10-24 10:30:00,0.45108747
2022-10-25 10:30:00,0.5273
2022-10-26 10:30:00,0.553625
2022-10-27 10:30:00,0.4436875
2022-10-28 10:30:00,0.4492625
2022-10-29 10:30:00,0.506375
2022-10-30 10:30:00,0.52933747
2022-10-31 10:30:00,0.45239997
2022-11-01 10:30:00,0.4049375
2022-11-02 10:30:00,0.2919375
2022-11-03 10:30:00,0.39267498
2022-11-04 10:30:00,0.37875
2022-11-05 10:30:00,0.4260125
2022-11-06 10:30:00,0.466225
2022-11-07 10:30:00,0.49122497
2022-11-08 10:30:00,0.39412498
2022-11-09 10:30:00,0.4155625
2022-11-10 10:30:00,0.53072494
2022-11-11 10:30:00,0.51695
2022-11-12 10:30:00,0.4126125
2022-11-13 10:30:00,0.57567495
2022-11-14 10:30:00,0.52935
2022-11-15 10:30:00,0.433875
2022-11-16 10:30:00,0.5397375
2022-11-17 10:30:00,0.5039375
2022-11-18 10:30:00,0.51678747
2022-11-19 10:30:00,0.5294375
2022-11-20 10:30:00,0.43022498
2022-11-21 10:30:00,0.43902498
2022-11-22 10:30:00,0.57124996
2022-11-23 10:30:00,0.580575
2022-11-24 10:30:00,0.97183746
2022-11-25 10:30:00,0.679775
2022-11-26 10:30:00,0.429425
2022-11-27 10:30:00,0.8383125
2022-11-28 10:30:00,0.79160005
2022-11-29 10:30:00,0.45759997
2022-11-30 10:30:00,0.4454875
2022-12-01 10:30:00,0.463875
2022-12-02 10:30:00,0.47822496
2022-12-03 10:30:00,0.43364996
2022-12-04 10:30:00,0.46908748
2022-12-05 10:30:00,0.4726
2022-12-06 10:30:00,0.5012125
2022-12-07 10:30:00,0.5427875
2022-12-08 10:30:00,0.5532125
2022-12-09 10:30:00,0.5491875
2022-12-10 10:30:00,0.5424375
2022-12-11 10:30:00,0.467475
2022-12-12 10:30:00,0.4195
2022-12-13 10:30:00,0.3838375
2022-12-14 10:30:00,0.34311247
2022-12-15 10:30:00,0.42653745
2022-12-16 10:30:00,0.44802496
2022-12-17 10:30:00,0.4426625
2022-12-18 10:30:00,0.42069998
2022-12-19 10:30:00,0.52685
2022-12-20 10:30:00,0.67653745
2022-12-21 10:30:00,0.81093746
2022-12-22 10:30:00,0.55275
2022-12-23 10:30:00,0.5094375
2022-12-24 10:30:00,0.42095
2022-12-25 10:30:00,0.624675
2022-12-26 10:30:00,0.6484375
2022-12-27 10:30:00,0.795875
2022-12-28 10:30:00,0.546175
2022-12-29 10:30:00,0.484575
2022-12-30 10:30:00,0.44547498
2022-12-31 10:30:00,0.4528625
