time,rhum
2012-01-01 10:30:00,0.54451245
2012-01-02 10:30:00,0.5488375
2012-01-03 10:30:00,0.6223625
2012-01-04 10:30:00,0.4638375
2012-01-05 10:30:00,0.5168125
2012-01-06 10:30:00,0.44472498
2012-01-07 10:30:00,0.4548125
2012-01-08 10:30:00,0.479775
2012-01-09 10:30:00,0.5591625
2012-01-10 10:30:00,0.61625
2012-01-11 10:30:00,0.568725
2012-01-12 10:30:00,0.6550875
2012-01-13 10:30:00,0.57436246
2012-01-14 10:30:00,0.4768375
2012-01-15 10:30:00,0.538125
2012-01-16 10:30:00,0.6847625
2012-01-17 10:30:00,0.5994375
2012-01-18 10:30:00,0.6164875
2012-01-19 10:30:00,0.6249625
2012-01-20 10:30:00,0.342775
2012-01-21 10:30:00,0.30723748
2012-01-22 10:30:00,0.3386375
2012-01-23 10:30:00,0.37169996
2012-01-24 10:30:00,0.3666875
2012-01-25 10:30:00,0.43307498
2012-01-26 10:30:00,0.3492125
2012-01-27 10:30:00,0.3378625
2012-01-28 10:30:00,0.3405375
2012-01-29 10:30:00,0.3427875
2012-01-30 10:30:00,0.31864998
2012-01-31 10:30:00,0.35267502
2012-02-01 10:30:00,0.3495
2012-02-02 10:30:00,0.303125
2012-02-03 10:30:00,0.3466
2012-02-04 10:30:00,0.38593748
2012-02-05 10:30:00,0.29625
2012-02-06 10:30:00,0.2687625
2012-02-07 10:30:00,0.30885
2012-02-08 10:30:00,0.35362497
2012-02-09 10:30:00,0.32642502
2012-02-10 10:30:00,0.3279375
2012-02-11 10:30:00,0.31226248
2012-02-12 10:30:00,0.34806252
2012-02-13 10:30:00,0.3093125
2012-02-14 10:30:00,0.354175
2012-02-15 10:30:00,0.329525
2012-02-16 10:30:00,0.321325
2012-02-17 10:30:00,0.3262625
2012-02-18 10:30:00,0.3323375
2012-02-19 10:30:00,0.3223125
2012-02-20 10:30:00,0.21803749
2012-02-21 10:30:00,0.19338748
2012-02-22 10:30:00,0.20726249
2012-02-23 10:30:00,0.2965375
2012-02-24 10:30:00,0.310275
2012-02-25 10:30:00,0.2532375
2012-02-26 10:30:00,0.33048746
2012-02-27 10:30:00,0.3631625
2012-02-28 10:30:00,0.28347498
2012-02-29 10:30:00,0.29713747
2012-03-01 10:30:00,0.22354999
2012-03-02 10:30:00,0.24055
2012-03-03 10:30:00,0.21581249
2012-03-04 10:30:00,0.422225
2012-03-05 10:30:00,0.7527
2012-03-06 10:30:00,0.53139997
2012-03-07 10:30:00,0.57146245
2012-03-08 10:30:00,0.3704125
2012-03-09 10:30:00,0.3146625
2012-03-10 10:30:00,0.5297125
2012-03-11 10:30:00,0.44325
2012-03-12 10:30:00,0.40565
2012-03-13 10:30:00,0.33458748
2012-03-14 10:30:00,0.364475
2012-03-15 10:30:00,0.41162497
2012-03-16 10:30:00,0.2615375
2012-03-17 10:30:00,0.18948749
2012-03-18 10:30:00,0.23466249
2012-03-19 10:30:00,0.18268749
2012-03-20 10:30:00,0.22892499
2012-03-21 10:30:00,0.30234998
2012-03-22 10:30:00,0.22103749
2012-03-23 10:30:00,0.40631247
2012-03-24 10:30:00,0.3174375
2012-03-25 10:30:00,0.2804
2012-03-26 10:30:00,0.2557125
2012-03-27 10:30:00,0.19542499
2012-03-28 10:30:00,0.169225
2012-03-29 10:30:00,0.6571375
2012-03-30 10:30:00,0.3709875
2012-03-31 10:30:00,0.5276
2012-04-01 10:30:00,0.222875
2012-04-02 10:30:00,0.2242625
2012-04-03 10:30:00,0.29654998
2012-04-04 10:30:00,0.41697496
2012-04-05 10:30:00,0.35265
2012-04-06 10:30:00,0.21
2012-04-07 10:30:00,0.221225
2012-04-08 10:30:00,0.34882498
2012-04-09 10:30:00,0.1810875
2012-04-10 10:30:00,0.20261249
2012-04-11 10:30:00,0.24647498
2012-04-12 10:30:00,0.23743749
2012-04-13 10:30:00,0.1773875
2012-04-14 10:30:00,0.3775
2012-04-15 10:30:00,0.2283625
2012-04-16 10:30:00,0.1676625
2012-04-17 10:30:00,0.2032875
2012-04-18 10:30:00,0.31344998
2012-04-19 10:30:00,0.41009998
2012-04-20 10:30:00,0.19184999
2012-04-21 10:30:00,0.45193747
2012-04-22 10:30:00,0.4479625
2012-04-23 10:30:00,0.468125
2012-04-24 10:30:00,0.2532375
2012-04-25 10:30:00,0.19587499
2012-04-26 10:30:00,0.167875
2012-04-27 10:30:00,0.5717875
2012-04-28 10:30:00,0.26653752
2012-04-29 10:30:00,0.16507499
2012-04-30 10:30:00,0.22216249
2012-05-01 10:30:00,0.1434875
2012-05-02 10:30:00,0.25716248
2012-05-03 10:30:00,0.1548
2012-05-04 10:30:00,0.156775
2012-05-05 10:30:00,0.13479999
2012-05-06 10:30:00,0.31208748
2012-05-07 10:30:00,0.32485
2012-05-08 10:30:00,0.392675
2012-05-09 10:30:00,0.3475125
2012-05-10 10:30:00,0.3961125
2012-05-11 10:30:00,0.3486
2012-05-12 10:30:00,0.6821875
2012-05-13 10:30:00,0.61645
2012-05-14 10:30:00,0.55913746
2012-05-15 10:30:00,0.60213745
2012-05-16 10:30:00,0.7741
2012-05-17 10:30:00,0.39354998
2012-05-18 10:30:00,0.316925
2012-05-19 10:30:00,0.17315
2012-05-20 10:30:00,0.25485
2012-05-21 10:30:00,0.303775
2012-05-22 10:30:00,0.3599625
2012-05-23 10:30:00,0.2177375
2012-05-24 10:30:00,0.2134625
2012-05-25 10:30:00,0.29488748
2012-05-26 10:30:00,0.3976875
2012-05-27 10:30:00,0.3098125
2012-05-28 10:30:00,0.45401248
2012-05-29 10:30:00,0.5243
2012-05-30 10:30:00,0.6261
2012-05-31 10:30:00,0.60809994
2012-06-01 10:30:00,0.4397375
2012-06-02 10:30:00,0.81715
2012-06-03 10:30:00,0.6660625
2012-06-04 10:30:00,0.737775
2012-06-05 10:30:00,0.483775
2012-06-06 10:30:00,0.6264375
2012-06-07 10:30:00,0.50158745
2012-06-08 10:30:00,0.621
2012-06-09 10:30:00,0.4752875
2012-06-10 10:30:00,0.42834997
2012-06-11 10:30:00,0.6860375
2012-06-12 10:30:00,0.86235
2012-06-13 10:30:00,0.8429
2012-06-14 10:30:00,0.7339375
2012-06-15 10:30:00,0.88606244
2012-06-16 10:30:00,0.8196125
2012-06-17 10:30:00,0.8223125
2012-06-18 10:30:00,0.669075
2012-06-19 10:30:00,0.5954875
2012-06-20 10:30:00,0.5277
2012-06-21 10:30:00,0.56055
2012-06-22 10:30:00,0.5348875
2012-06-23 10:30:00,0.6999
2012-06-24 10:30:00,0.7932625
2012-06-25 10:30:00,0.67207503
2012-06-26 10:30:00,0.65585
2012-06-27 10:30:00,0.8199125
2012-06-28 10:30:00,0.71587497
2012-06-29 10:30:00,0.698525
2012-06-30 10:30:00,0.462125
2012-07-01 10:30:00,0.79169995
2012-07-02 10:30:00,0.8346
2012-07-03 10:30:00,0.7039875
2012-07-04 10:30:00,0.6800375
2012-07-05 10:30:00,0.6680375
2012-07-06 10:30:00,0.6168125
2012-07-07 10:30:00,0.5819625
2012-07-08 10:30:00,0.7459625
2012-07-09 10:30:00,0.7298625
2012-07-10 10:30:00,0.757375
2012-07-11 10:30:00,0.85214996
2012-07-12 10:30:00,0.8322375
2012-07-13 10:30:00,0.664575
2012-07-14 10:30:00,0.56418747
2012-07-15 10:30:00,0.5912375
2012-07-16 10:30:00,0.53458744
2012-07-17 10:30:00,0.50997496
2012-07-18 10:30:00,0.68874997
2012-07-19 10:30:00,0.65525
2012-07-20 10:30:00,0.7068125
2012-07-21 10:30:00,0.8142125
2012-07-22 10:30:00,0.85179996
2012-07-23 10:30:00,0.60959995
2012-07-24 10:30:00,0.7118875
2012-07-25 10:30:00,0.7826125
2012-07-26 10:30:00,0.6248125
2012-07-27 10:30:00,0.6041875
2012-07-28 10:30:00,0.8545375
2012-07-29 10:30:00,0.8633874
2012-07-30 10:30:00,0.80141246
2012-07-31 10:30:00,0.66307503
2012-08-01 10:30:00,0.65136254
2012-08-02 10:30:00,0.7027625
2012-08-03 10:30:00,0.72863746
2012-08-04 10:30:00,0.7078
2012-08-05 10:30:00,0.640025
2012-08-06 10:30:00,0.6127375
2012-08-07 10:30:00,0.61237496
2012-08-08 10:30:00,0.58826244
2012-08-09 10:30:00,0.46976247
2012-08-10 10:30:00,0.68163747
2012-08-11 10:30:00,0.60003746
2012-08-12 10:30:00,0.5243375
2012-08-13 10:30:00,0.45916247
2012-08-14 10:30:00,0.56502503
2012-08-15 10:30:00,0.51825
2012-08-16 10:30:00,0.47978747
2012-08-17 10:30:00,0.66669995
2012-08-18 10:30:00,0.5169875
2012-08-19 10:30:00,0.479225
2012-08-20 10:30:00,0.50399995
2012-08-21 10:30:00,0.462225
2012-08-22 10:30:00,0.32255
2012-08-23 10:30:00,0.4075875
2012-08-24 10:30:00,0.555375
2012-08-25 10:30:00,0.5263
2012-08-26 10:30:00,0.5768875
2012-08-27 10:30:00,0.667075
2012-08-28 10:30:00,0.60424995
2012-08-29 10:30:00,0.43066248
2012-08-30 10:30:00,0.506325
2012-08-31 10:30:00,0.643075
2012-09-01 10:30:00,0.55917495
2012-09-02 10:30:00,0.87925
2012-09-03 10:30:00,0.71372503
2012-09-04 10:30:00,0.80972505
2012-09-05 10:30:00,0.63565004
2012-09-06 10:30:00,0.4851625
2012-09-07 10:30:00,0.5957125
2012-09-08 10:30:00,0.69595
2012-09-09 10:30:00,0.6549375
2012-09-10 10:30:00,0.6402625
2012-09-11 10:30:00,0.88598746
2012-09-12 10:30:00,0.80411255
2012-09-13 10:30:00,0.74495
2012-09-14 10:30:00,0.56268746
2012-09-15 10:30:00,0.6261375
2012-09-16 10:30:00,0.58365
2012-09-17 10:30:00,0.5622625
2012-09-18 10:30:00,0.569325
2012-09-19 10:30:00,0.6058875
2012-09-20 10:30:00,0.4502875
2012-09-21 10:30:00,0.5141375
2012-09-22 10:30:00,0.69286245
2012-09-23 10:30:00,0.6499375
2012-09-24 10:30:00,0.5602625
2012-09-25 10:30:00,0.86483747
2012-09-26 10:30:00,0.5476875
2012-09-27 10:30:00,0.85597503
2012-09-28 10:30:00,0.429975
2012-09-29 10:30:00,0.54555
2012-09-30 10:30:00,0.5849625
2012-10-01 10:30:00,0.6223125
2012-10-02 10:30:00,0.50665
2012-10-03 10:30:00,0.85363746
2012-10-04 10:30:00,0.50194997
2012-10-05 10:30:00,0.47702497
2012-10-06 10:30:00,0.5056
2012-10-07 10:30:00,0.5873875
2012-10-08 10:30:00,0.5807
2012-10-09 10:30:00,0.549025
2012-10-10 10:30:00,0.47985
2012-10-11 10:30:00,0.51813745
2012-10-12 10:30:00,0.55995
2012-10-13 10:30:00,0.60195
2012-10-14 10:30:00,0.5121
2012-10-15 10:30:00,0.588425
2012-10-16 10:30:00,0.789925
2012-10-17 10:30:00,0.5271125
2012-10-18 10:30:00,0.4707375
2012-10-19 10:30:00,0.3471
2012-10-20 10:30:00,0.3581625
2012-10-21 10:30:00,0.45744997
2012-10-22 10:30:00,0.5251625
2012-10-23 10:30:00,0.58721244
2012-10-24 10:30:00,0.59982497
2012-10-25 10:30:00,0.4638125
2012-10-26 10:30:00,0.5570875
2012-10-27 10:30:00,0.36331248
2012-10-28 10:30:00,0.3283125
2012-10-29 10:30:00,0.37748748
2012-10-30 10:30:00,0.58771247
2012-10-31 10:30:00,0.52388746
2012-11-01 10:30:00,0.4866875
2012-11-02 10:30:00,0.438675
2012-11-03 10:30:00,0.49310002
2012-11-04 10:30:00,0.5736
2012-11-05 10:30:00,0.610875
2012-11-06 10:30:00,0.532675
2012-11-07 10:30:00,0.4988
2012-11-08 10:30:00,0.5404375
2012-11-09 10:30:00,0.595275
2012-11-10 10:30:00,0.65525
2012-11-11 10:30:00,0.677975
2012-11-12 10:30:00,0.6302625
2012-11-13 10:30:00,0.58968747
2012-11-14 10:30:00,0.5834625
2012-11-15 10:30:00,0.46662498
2012-11-16 10:30:00,0.49134997
2012-11-17 10:30:00,0.6008375
2012-11-18 10:30:00,0.82713753
2012-11-19 10:30:00,0.62558746
2012-11-20 10:30:00,0.5740375
2012-11-21 10:30:00,0.51757497
2012-11-22 10:30:00,0.51305
2012-11-23 10:30:00,0.56735
2012-11-24 10:30:00,0.66800004
2012-11-25 10:30:00,0.5410625
2012-11-26 10:30:00,0.5059875
2012-11-27 10:30:00,0.69098747
2012-11-28 10:30:00,0.51142496
2012-11-29 10:30:00,0.47217497
2012-11-30 10:30:00,0.4113
2012-12-01 10:30:00,0.57826245
2012-12-02 10:30:00,0.65217495
2012-12-03 10:30:00,0.48784998
2012-12-04 10:30:00,0.4724
2012-12-05 10:30:00,0.41558748
2012-12-06 10:30:00,0.4009375
2012-12-07 10:30:00,0.50185
2012-12-08 10:30:00,0.50076246
2012-12-09 10:30:00,0.72908753
2012-12-10 10:30:00,0.67193747
2012-12-11 10:30:00,0.639625
2012-12-12 10:30:00,0.7007125
2012-12-13 10:30:00,0.4825125
2012-12-14 10:30:00,0.54095
2012-12-15 10:30:00,0.7315125
2012-12-16 10:30:00,0.5636125
2012-12-17 10:30:00,0.4482
2012-12-18 10:30:00,0.45438752
2012-12-19 10:30:00,0.4667375
2012-12-20 10:30:00,0.5704
2012-12-21 10:30:00,0.441925
2012-12-22 10:30:00,0.398725
2012-12-23 10:30:00,0.375175
2012-12-24 10:30:00,0.43831247
2012-12-25 10:30:00,0.3613625
2012-12-26 10:30:00,0.491975
2012-12-27 10:30:00,0.58046246
2012-12-28 10:30:00,0.65161246
2012-12-29 10:30:00,0.608
2012-12-30 10:30:00,0.4734
2012-12-31 10:30:00,0.5473375
2013-01-01 10:30:00,0.4058375
2013-01-02 10:30:00,0.39178747
2013-01-03 10:30:00,0.3438375
2013-01-04 10:30:00,0.35189998
2013-01-05 10:30:00,0.3815375
2013-01-06 10:30:00,0.58065
2013-01-07 10:30:00,0.57081246
2013-01-08 10:30:00,0.41322497
2013-01-09 10:30:00,0.48
2013-01-10 10:30:00,0.56142503
2013-01-11 10:30:00,0.60351247
2013-01-12 10:30:00,0.6523375
2013-01-13 10:30:00,0.60996246
2013-01-14 10:30:00,0.5966625
2013-01-15 10:30:00,0.67873746
2013-01-16 10:30:00,0.49996248
2013-01-17 10:30:00,0.5208625
2013-01-18 10:30:00,0.67741245
2013-01-19 10:30:00,0.62873745
2013-01-20 10:30:00,0.67957497
2013-01-21 10:30:00,0.6601625
2013-01-22 10:30:00,0.5834625
2013-01-23 10:30:00,0.5986875
2013-01-24 10:30:00,0.34777498
2013-01-25 10:30:00,0.43221247
2013-01-26 10:30:00,0.4773875
2013-01-27 10:30:00,0.6131375
2013-01-28 10:30:00,0.722275
2013-01-29 10:30:00,0.662525
2013-01-30 10:30:00,0.769075
2013-01-31 10:30:00,0.6634625
2013-02-01 10:30:00,0.3629375
2013-02-02 10:30:00,0.4140125
2013-02-03 10:30:00,0.65708745
2013-02-04 10:30:00,0.4767125
2013-02-05 10:30:00,0.526725
2013-02-06 10:30:00,0.3502
2013-02-07 10:30:00,0.363075
2013-02-08 10:30:00,0.38143748
2013-02-09 10:30:00,0.3773
2013-02-10 10:30:00,0.3749
2013-02-11 10:30:00,0.44222498
2013-02-12 10:30:00,0.43423748
2013-02-13 10:30:00,0.37955
2013-02-14 10:30:00,0.38635
2013-02-15 10:30:00,0.4666875
2013-02-16 10:30:00,0.65218747
2013-02-17 10:30:00,0.39959997
2013-02-18 10:30:00,0.29595
2013-02-19 10:30:00,0.32035
2013-02-20 10:30:00,0.2981625
2013-02-21 10:30:00,0.35467497
2013-02-22 10:30:00,0.39798748
2013-02-23 10:30:00,0.23182498
2013-02-24 10:30:00,0.36976248
2013-02-25 10:30:00,0.506625
2013-02-26 10:30:00,0.7286625
2013-02-27 10:30:00,0.3735375
2013-02-28 10:30:00,0.6812625
2013-03-01 10:30:00,0.3199375
2013-03-02 10:30:00,0.4642625
2013-03-03 10:30:00,0.629925
2013-03-04 10:30:00,0.434975
2013-03-05 10:30:00,0.608325
2013-03-06 10:30:00,0.4182875
2013-03-07 10:30:00,0.24546249
2013-03-08 10:30:00,0.48747498
2013-03-09 10:30:00,0.5807625
2013-03-10 10:30:00,0.47355
2013-03-11 10:30:00,0.536125
2013-03-12 10:30:00,0.31643748
2013-03-13 10:30:00,0.3407375
2013-03-14 10:30:00,0.4534
2013-03-15 10:30:00,0.548275
2013-03-16 10:30:00,0.41685
2013-03-17 10:30:00,0.3135
2013-03-18 10:30:00,0.28788748
2013-03-19 10:30:00,0.25629997
2013-03-20 10:30:00,0.27905
2013-03-21 10:30:00,0.3266125
2013-03-22 10:30:00,0.2853875
2013-03-23 10:30:00,0.39616248
2013-03-24 10:30:00,0.35892498
2013-03-25 10:30:00,0.2985875
2013-03-26 10:30:00,0.2987625
2013-03-27 10:30:00,0.40541252
2013-03-28 10:30:00,0.3218875
2013-03-29 10:30:00,0.31652498
2013-03-30 10:30:00,0.25312498
2013-03-31 10:30:00,0.2315125
2013-04-01 10:30:00,0.2521625
2013-04-02 10:30:00,0.23845
2013-04-03 10:30:00,0.22844999
2013-04-04 10:30:00,0.39423752
2013-04-05 10:30:00,0.61881244
2013-04-06 10:30:00,0.35443747
2013-04-07 10:30:00,0.341725
2013-04-08 10:30:00,0.4210625
2013-04-09 10:30:00,0.2541
2013-04-10 10:30:00,0.43585
2013-04-11 10:30:00,0.35888746
2013-04-12 10:30:00,0.2709375
2013-04-13 10:30:00,0.2330375
2013-04-14 10:30:00,0.210375
2013-04-15 10:30:00,0.1713125
2013-04-16 10:30:00,0.21946248
2013-04-17 10:30:00,0.20584999
2013-04-18 10:30:00,0.26108748
2013-04-19 10:30:00,0.21139999
2013-04-20 10:30:00,0.2275625
2013-04-21 10:30:00,0.22436251
2013-04-22 10:30:00,0.3373
2013-04-23 10:30:00,0.337
2013-04-24 10:30:00,0.573125
2013-04-25 10:30:00,0.68074995
2013-04-26 10:30:00,0.3214
2013-04-27 10:30:00,0.26218748
2013-04-28 10:30:00,0.6016875
2013-04-29 10:30:00,0.85955
2013-04-30 10:30:00,0.5990875
2013-05-01 10:30:00,0.51605
2013-05-02 10:30:00,0.4851625
2013-05-03 10:30:00,0.34017497
2013-05-04 10:30:00,0.2231875
2013-05-05 10:30:00,0.2770375
2013-05-06 10:30:00,0.33252499
2013-05-07 10:30:00,0.1992875
2013-05-08 10:30:00,0.39729998
2013-05-09 10:30:00,0.504625
2013-05-10 10:30:00,0.330775
2013-05-11 10:30:00,0.5050875
2013-05-12 10:30:00,0.597925
2013-05-13 10:30:00,0.573675
2013-05-14 10:30:00,0.765175
2013-05-15 10:30:00,0.5724875
2013-05-16 10:30:00,0.420125
2013-05-17 10:30:00,0.4543125
2013-05-18 10:30:00,0.44695
2013-05-19 10:30:00,0.46835
2013-05-20 10:30:00,0.55602497
2013-05-21 10:30:00,0.58576244
2013-05-22 10:30:00,0.276
2013-05-23 10:30:00,0.30715
2013-05-24 10:30:00,0.23257498
2013-05-25 10:30:00,0.237475
2013-05-26 10:30:00,0.41478747
2013-05-27 10:30:00,0.63396245
2013-05-28 10:30:00,0.4404375
2013-05-29 10:30:00,0.293275
2013-05-30 10:30:00,0.31068748
2013-05-31 10:30:00,0.30307502
2013-06-01 10:30:00,0.2993375
2013-06-02 10:30:00,0.4043375
2013-06-03 10:30:00,0.7204
2013-06-04 10:30:00,0.5515
2013-06-05 10:30:00,0.5517
2013-06-06 10:30:00,0.7955874
2013-06-07 10:30:00,0.6198
2013-06-08 10:30:00,0.6801
2013-06-09 10:30:00,0.68582493
2013-06-10 10:30:00,0.49423748
2013-06-11 10:30:00,0.603525
2013-06-12 10:30:00,0.7340124
2013-06-13 10:30:00,0.49801248
2013-06-14 10:30:00,0.6110375
2013-06-15 10:30:00,0.48599997
2013-06-16 10:30:00,0.5322875
2013-06-17 10:30:00,0.4784875
2013-06-18 10:30:00,0.45037496
2013-06-19 10:30:00,0.5663125
2013-06-20 10:30:00,0.63605
2013-06-21 10:30:00,0.5422375
2013-06-22 10:30:00,0.4123875
2013-06-23 10:30:00,0.42831248
2013-06-24 10:30:00,0.4241875
2013-06-25 10:30:00,0.74875
2013-06-26 10:30:00,0.859075
2013-06-27 10:30:00,0.8493125
2013-06-28 10:30:00,0.64168745
2013-06-29 10:30:00,0.8947
2013-06-30 10:30:00,0.9041125
2013-07-01 10:30:00,0.75676244
2013-07-02 10:30:00,0.82472503
2013-07-03 10:30:00,0.7148375
2013-07-04 10:30:00,0.63023746
2013-07-05 10:30:00,0.5179375
2013-07-06 10:30:00,0.60835
2013-07-07 10:30:00,0.607125
2013-07-08 10:30:00,0.65875
2013-07-09 10:30:00,0.5392
2013-07-10 10:30:00,0.453725
2013-07-11 10:30:00,0.6113375
2013-07-12 10:30:00,0.5799375
2013-07-13 10:30:00,0.5821875
2013-07-14 10:30:00,0.592725
2013-07-15 10:30:00,0.90456253
2013-07-16 10:30:00,0.57261246
2013-07-17 10:30:00,0.5565125
2013-07-18 10:30:00,0.7334625
2013-07-19 10:30:00,0.79693747
2013-07-20 10:30:00,0.627575
2013-07-21 10:30:00,0.56628746
2013-07-22 10:30:00,0.67904997
2013-07-23 10:30:00,0.79609996
2013-07-24 10:30:00,0.74504995
2013-07-25 10:30:00,0.697325
2013-07-26 10:30:00,0.69523746
2013-07-27 10:30:00,0.78485
2013-07-28 10:30:00,0.6174
2013-07-29 10:30:00,0.691325
2013-07-30 10:30:00,0.70231247
2013-07-31 10:30:00,0.83316255
2013-08-01 10:30:00,0.83235
2013-08-02 10:30:00,0.8158125
2013-08-03 10:30:00,0.87101245
2013-08-04 10:30:00,0.7187375
2013-08-05 10:30:00,0.73961246
2013-08-06 10:30:00,0.7804875
2013-08-07 10:30:00,0.6436875
2013-08-08 10:30:00,0.5938375
2013-08-09 10:30:00,0.5991375
2013-08-10 10:30:00,0.6055125
2013-08-11 10:30:00,0.66809994
2013-08-12 10:30:00,0.7696499
2013-08-13 10:30:00,0.52755
2013-08-14 10:30:00,0.5086875
2013-08-15 10:30:00,0.5703125
2013-08-16 10:30:00,0.80581254
2013-08-17 10:30:00,0.6968
2013-08-18 10:30:00,0.592375
2013-08-19 10:30:00,0.6186
2013-08-20 10:30:00,0.56065
2013-08-21 10:30:00,0.80942494
2013-08-22 10:30:00,0.67101246
2013-08-23 10:30:00,0.6150125
2013-08-24 10:30:00,0.5213
2013-08-25 10:30:00,0.6789875
2013-08-26 10:30:00,0.5893
2013-08-27 10:30:00,0.6153375
2013-08-28 10:30:00,0.90433747
2013-08-29 10:30:00,0.65635
2013-08-30 10:30:00,0.6632375
2013-08-31 10:30:00,0.6754875
2013-09-01 10:30:00,0.70866245
2013-09-02 10:30:00,0.7436
2013-09-03 10:30:00,0.633375
2013-09-04 10:30:00,0.65138745
2013-09-05 10:30:00,0.66905
2013-09-06 10:30:00,0.8967499
2013-09-07 10:30:00,0.763625
2013-09-08 10:30:00,0.6369625
2013-09-09 10:30:00,0.7906625
2013-09-10 10:30:00,0.5633375
2013-09-11 10:30:00,0.5983625
2013-09-12 10:30:00,0.5507125
2013-09-13 10:30:00,0.6639375
2013-09-14 10:30:00,0.35767502
2013-09-15 10:30:00,0.43775
2013-09-16 10:30:00,0.41584998
2013-09-17 10:30:00,0.559675
2013-09-18 10:30:00,0.604275
2013-09-19 10:30:00,0.6409125
2013-09-20 10:30:00,0.6231
2013-09-21 10:30:00,0.5851875
2013-09-22 10:30:00,0.49205002
2013-09-23 10:30:00,0.4010625
2013-09-24 10:30:00,0.43732497
2013-09-25 10:30:00,0.43281248
2013-09-26 10:30:00,0.34858748
2013-09-27 10:30:00,0.31612498
2013-09-28 10:30:00,0.4050875
2013-09-29 10:30:00,0.4013375
2013-09-30 10:30:00,0.4209875
2013-10-01 10:30:00,0.34318748
2013-10-02 10:30:00,0.3062625
2013-10-03 10:30:00,0.34513748
2013-10-04 10:30:00,0.3319875
2013-10-05 10:30:00,0.3154375
2013-10-06 10:30:00,0.3782375
2013-10-07 10:30:00,0.3043125
2013-10-08 10:30:00,0.2754
2013-10-09 10:30:00,0.44799998
2013-10-10 10:30:00,0.8183625
2013-10-11 10:30:00,0.66561246
2013-10-12 10:30:00,0.49901247
2013-10-13 10:30:00,0.44385
2013-10-14 10:30:00,0.32178748
2013-10-15 10:30:00,0.322375
2013-10-16 10:30:00,0.4559875
2013-10-17 10:30:00,0.4008625
2013-10-18 10:30:00,0.5755625
2013-10-19 10:30:00,0.6353875
2013-10-20 10:30:00,0.81277496
2013-10-21 10:30:00,0.87796247
2013-10-22 10:30:00,0.8323
2013-10-23 10:30:00,0.8932
2013-10-24 10:30:00,0.79443747
2013-10-25 10:30:00,0.5886125
2013-10-26 10:30:00,0.72458744
2013-10-27 10:30:00,0.72662497
2013-10-28 10:30:00,0.63339996
2013-10-29 10:30:00,0.5073625
2013-10-30 10:30:00,0.51511246
2013-10-31 10:30:00,0.5646625
2013-11-01 10:30:00,0.4964375
2013-11-02 10:30:00,0.575925
2013-11-03 10:30:00,0.4817375
2013-11-04 10:30:00,0.40412498
2013-11-05 10:30:00,0.48685
2013-11-06 10:30:00,0.6342
2013-11-07 10:30:00,0.671125
2013-11-08 10:30:00,0.67245
2013-11-09 10:30:00,0.3388375
2013-11-10 10:30:00,0.3377875
2013-11-11 10:30:00,0.45173752
2013-11-12 10:30:00,0.504875
2013-11-13 10:30:00,0.47224998
2013-11-14 10:30:00,0.4926625
2013-11-15 10:30:00,0.5272375
2013-11-16 10:30:00,0.61123747
2013-11-17 10:30:00,0.5723625
2013-11-18 10:30:00,0.3382875
2013-11-19 10:30:00,0.22323748
2013-11-20 10:30:00,0.38985
2013-11-21 10:30:00,0.5743375
2013-11-22 10:30:00,0.5334375
2013-11-23 10:30:00,0.5603625
2013-11-24 10:30:00,0.37026247
2013-11-25 10:30:00,0.36622497
2013-11-26 10:30:00,0.3756375
2013-11-27 10:30:00,0.32784998
2013-11-28 10:30:00,0.32022497
2013-11-29 10:30:00,0.345
2013-11-30 10:30:00,0.313575
2013-12-01 10:30:00,0.3644625
2013-12-02 10:30:00,0.51112497
2013-12-03 10:30:00,0.47022498
2013-12-04 10:30:00,0.33779997
2013-12-05 10:30:00,0.3201375
2013-12-06 10:30:00,0.3625125
2013-12-07 10:30:00,0.5344875
2013-12-08 10:30:00,0.8044875
2013-12-09 10:30:00,0.5837125
2013-12-10 10:30:00,0.6877
2013-12-11 10:30:00,0.61167496
2013-12-12 10:30:00,0.44505
2013-12-13 10:30:00,0.4044625
2013-12-14 10:30:00,0.5026625
2013-12-15 10:30:00,0.62488747
2013-12-16 10:30:00,0.762025
2013-12-17 10:30:00,0.71511245
2013-12-18 10:30:00,0.7373625
2013-12-19 10:30:00,0.70724994
2013-12-20 10:30:00,0.56128746
2013-12-21 10:30:00,0.6156
2013-12-22 10:30:00,0.5539625
2013-12-23 10:30:00,0.6450875
2013-12-24 10:30:00,0.62326247
2013-12-25 10:30:00,0.6707375
2013-12-26 10:30:00,0.48787498
2013-12-27 10:30:00,0.5212125
2013-12-28 10:30:00,0.46689996
2013-12-29 10:30:00,0.48849997
2013-12-30 10:30:00,0.550475
2013-12-31 10:30:00,0.4396125
2014-01-01 10:30:00,0.3266125
2014-01-02 10:30:00,0.5025875
2014-01-03 10:30:00,0.52932495
2014-01-04 10:30:00,0.5715375
2014-01-05 10:30:00,0.60996246
2014-01-06 10:30:00,0.5389875
2014-01-07 10:30:00,0.3619875
2014-01-08 10:30:00,0.3362625
2014-01-09 10:30:00,0.398825
2014-01-10 10:30:00,0.419925
2014-01-11 10:30:00,0.37521252
2014-01-12 10:30:00,0.285675
2014-01-13 10:30:00,0.448825
2014-01-14 10:30:00,0.4789
2014-01-15 10:30:00,0.51186246
2014-01-16 10:30:00,0.4768
2014-01-17 10:30:00,0.4448625
2014-01-18 10:30:00,0.44989997
2014-01-19 10:30:00,0.63537496
2014-01-20 10:30:00,0.53491247
2014-01-21 10:30:00,0.534675
2014-01-22 10:30:00,0.54443747
2014-01-23 10:30:00,0.6266625
2014-01-24 10:30:00,0.489775
2014-01-25 10:30:00,0.3453125
2014-01-26 10:30:00,0.45915
2014-01-27 10:30:00,0.294425
2014-01-28 10:30:00,0.31417498
2014-01-29 10:30:00,0.47077498
2014-01-30 10:30:00,0.35564998
2014-01-31 10:30:00,0.35868752
2014-02-01 10:30:00,0.442125
2014-02-02 10:30:00,0.2461875
2014-02-03 10:30:00,0.289225
2014-02-04 10:30:00,0.34355
2014-02-05 10:30:00,0.36209998
2014-02-06 10:30:00,0.38038749
2014-02-07 10:30:00,0.3683375
2014-02-08 10:30:00,0.56909996
2014-02-09 10:30:00,0.40765
2014-02-10 10:30:00,0.4299875
2014-02-11 10:30:00,0.50296247
2014-02-12 10:30:00,0.4067375
2014-02-13 10:30:00,0.38435
2014-02-14 10:30:00,0.6831
2014-02-15 10:30:00,0.62317497
2014-02-16 10:30:00,0.5282125
2014-02-17 10:30:00,0.38134998
2014-02-18 10:30:00,0.420575
2014-02-19 10:30:00,0.3598125
2014-02-20 10:30:00,0.405325
2014-02-21 10:30:00,0.4994875
2014-02-22 10:30:00,0.4461
2014-02-23 10:30:00,0.4060875
2014-02-24 10:30:00,0.39631248
2014-02-25 10:30:00,0.49134997
2014-02-26 10:30:00,0.461425
2014-02-27 10:30:00,0.2408
2014-02-28 10:30:00,0.3564625
2014-03-01 10:30:00,0.2992375
2014-03-02 10:30:00,0.3222375
2014-03-03 10:30:00,0.299
2014-03-04 10:30:00,0.293925
2014-03-05 10:30:00,0.2841875
2014-03-06 10:30:00,0.2880375
2014-03-07 10:30:00,0.24976249
2014-03-08 10:30:00,0.221725
2014-03-09 10:30:00,0.23698749
2014-03-10 10:30:00,0.1531125
2014-03-11 10:30:00,0.29799998
2014-03-12 10:30:00,0.40671247
2014-03-13 10:30:00,0.2836625
2014-03-14 10:30:00,0.20365
2014-03-15 10:30:00,0.3618
2014-03-16 10:30:00,0.30655
2014-03-17 10:30:00,0.52701247
2014-03-18 10:30:00,0.3020875
2014-03-19 10:30:00,0.4779125
2014-03-20 10:30:00,0.32236248
2014-03-21 10:30:00,0.2858375
2014-03-22 10:30:00,0.20395
2014-03-23 10:30:00,0.2146375
2014-03-24 10:30:00,0.25055
2014-03-25 10:30:00,0.2334375
2014-03-26 10:30:00,0.35433748
2014-03-27 10:30:00,0.29523748
2014-03-28 10:30:00,0.2952875
2014-03-29 10:30:00,0.2822125
2014-03-30 10:30:00,0.1499375
2014-03-31 10:30:00,0.20903748
2014-04-01 10:30:00,0.44462502
2014-04-02 10:30:00,0.34463748
2014-04-03 10:30:00,0.27142498
2014-04-04 10:30:00,0.4343875
2014-04-05 10:30:00,0.26587498
2014-04-06 10:30:00,0.1935125
2014-04-07 10:30:00,0.205175
2014-04-08 10:30:00,0.297325
2014-04-09 10:30:00,0.2127625
2014-04-10 10:30:00,0.1890875
2014-04-11 10:30:00,0.16405
2014-04-12 10:30:00,0.1840875
2014-04-13 10:30:00,0.21282499
2014-04-14 10:30:00,0.1679375
2014-04-15 10:30:00,0.12015
2014-04-16 10:30:00,0.17555
2014-04-17 10:30:00,0.499375
2014-04-18 10:30:00,0.2555875
2014-04-19 10:30:00,0.48448747
2014-04-20 10:30:00,0.62605
2014-04-21 10:30:00,0.2894375
2014-04-22 10:30:00,0.2708625
2014-04-23 10:30:00,0.2582625
2014-04-24 10:30:00,0.35773748
2014-04-25 10:30:00,0.32338747
2014-04-26 10:30:00,0.32811248
2014-04-27 10:30:00,0.2734125
2014-04-28 10:30:00,0.21504998
2014-04-29 10:30:00,0.176275
2014-04-30 10:30:00,0.1429375
2014-05-01 10:30:00,0.4318125
2014-05-02 10:30:00,0.40467498
2014-05-03 10:30:00,0.314275
2014-05-04 10:30:00,0.295975
2014-05-05 10:30:00,0.34331247
2014-05-06 10:30:00,0.3798125
2014-05-07 10:30:00,0.3671625
2014-05-08 10:30:00,0.38419998
2014-05-09 10:30:00,0.3500375
2014-05-10 10:30:00,0.631375
2014-05-11 10:30:00,0.828825
2014-05-12 10:30:00,0.8319
2014-05-13 10:30:00,0.74591243
2014-05-14 10:30:00,0.7454875
2014-05-15 10:30:00,0.770325
2014-05-16 10:30:00,0.78457505
2014-05-17 10:30:00,0.6399375
2014-05-18 10:30:00,0.7961125
2014-05-19 10:30:00,0.8090875
2014-05-20 10:30:00,0.74996245
2014-05-21 10:30:00,0.59604996
2014-05-22 10:30:00,0.4752
2014-05-23 10:30:00,0.44521248
2014-05-24 10:30:00,0.6542375
2014-05-25 10:30:00,0.6355875
2014-05-26 10:30:00,0.74372494
2014-05-27 10:30:00,0.45163748
2014-05-28 10:30:00,0.30619997
2014-05-29 10:30:00,0.248225
2014-05-30 10:30:00,0.2652
2014-05-31 10:30:00,0.297025
2014-06-01 10:30:00,0.3135875
2014-06-02 10:30:00,0.39403751
2014-06-03 10:30:00,0.425125
2014-06-04 10:30:00,0.4271875
2014-06-05 10:30:00,0.41685
2014-06-06 10:30:00,0.32326248
2014-06-07 10:30:00,0.6614625
2014-06-08 10:30:00,0.9023625
2014-06-09 10:30:00,0.83495003
2014-06-10 10:30:00,0.7364625
2014-06-11 10:30:00,0.7602625
2014-06-12 10:30:00,0.6189875
2014-06-13 10:30:00,0.4925375
2014-06-14 10:30:00,0.4418
2014-06-15 10:30:00,0.48823747
2014-06-16 10:30:00,0.522075
2014-06-17 10:30:00,0.5873375
2014-06-18 10:30:00,0.55337495
2014-06-19 10:30:00,0.48735
2014-06-20 10:30:00,0.643425
2014-06-21 10:30:00,0.6721625
2014-06-22 10:30:00,0.51331246
2014-06-23 10:30:00,0.5093
2014-06-24 10:30:00,0.4870375
2014-06-25 10:30:00,0.6033625
2014-06-26 10:30:00,0.68526244
2014-06-27 10:30:00,0.4786
2014-06-28 10:30:00,0.483975
2014-06-29 10:30:00,0.481925
2014-06-30 10:30:00,0.48534998
2014-07-01 10:30:00,0.5059125
2014-07-02 10:30:00,0.5592125
2014-07-03 10:30:00,0.7257375
2014-07-04 10:30:00,0.4269125
2014-07-05 10:30:00,0.5438875
2014-07-06 10:30:00,0.60891247
2014-07-07 10:30:00,0.82222503
2014-07-08 10:30:00,0.548625
2014-07-09 10:30:00,0.5679
2014-07-10 10:30:00,0.75
2014-07-11 10:30:00,0.7997999
2014-07-12 10:30:00,0.7530625
2014-07-13 10:30:00,0.71315
2014-07-14 10:30:00,0.654125
2014-07-15 10:30:00,0.76053745
2014-07-16 10:30:00,0.8229875
2014-07-17 10:30:00,0.736875
2014-07-18 10:30:00,0.73592496
2014-07-19 10:30:00,0.81904995
2014-07-20 10:30:00,0.82946247
2014-07-21 10:30:00,0.5988875
2014-07-22 10:30:00,0.591725
2014-07-23 10:30:00,0.562375
2014-07-24 10:30:00,0.5754
2014-07-25 10:30:00,0.6371375
2014-07-26 10:30:00,0.6399375
2014-07-27 10:30:00,0.555725
2014-07-28 10:30:00,0.640175
2014-07-29 10:30:00,0.7814125
2014-07-30 10:30:00,0.7815
2014-07-31 10:30:00,0.5686875
2014-08-01 10:30:00,0.5123375
2014-08-02 10:30:00,0.64739996
2014-08-03 10:30:00,0.512825
2014-08-04 10:30:00,0.5290625
2014-08-05 10:30:00,0.6394875
2014-08-06 10:30:00,0.6133125
2014-08-07 10:30:00,0.549225
2014-08-08 10:30:00,0.5186
2014-08-09 10:30:00,0.70675004
2014-08-10 10:30:00,0.7632125
2014-08-11 10:30:00,0.68948746
2014-08-12 10:30:00,0.4800125
2014-08-13 10:30:00,0.5314625
2014-08-14 10:30:00,0.80004996
2014-08-15 10:30:00,0.8777875
2014-08-16 10:30:00,0.78835
2014-08-17 10:30:00,0.71125
2014-08-18 10:30:00,0.6674375
2014-08-19 10:30:00,0.6657125
2014-08-20 10:30:00,0.7068375
2014-08-21 10:30:00,0.6246625
2014-08-22 10:30:00,0.6660375
2014-08-23 10:30:00,0.64996254
2014-08-24 10:30:00,0.626825
2014-08-25 10:30:00,0.8667375
2014-08-26 10:30:00,0.71955
2014-08-27 10:30:00,0.6600625
2014-08-28 10:30:00,0.5564125
2014-08-29 10:30:00,0.61957496
2014-08-30 10:30:00,0.62181246
2014-08-31 10:30:00,0.6210375
2014-09-01 10:30:00,0.79253745
2014-09-02 10:30:00,0.82833743
2014-09-03 10:30:00,0.637375
2014-09-04 10:30:00,0.731125
2014-09-05 10:30:00,0.65175
2014-09-06 10:30:00,0.6517375
2014-09-07 10:30:00,0.66999996
2014-09-08 10:30:00,0.40751252
2014-09-09 10:30:00,0.4454
2014-09-10 10:30:00,0.55181247
2014-09-11 10:30:00,0.55417496
2014-09-12 10:30:00,0.54302496
2014-09-13 10:30:00,0.53498745
2014-09-14 10:30:00,0.4000875
2014-09-15 10:30:00,0.41607496
2014-09-16 10:30:00,0.45401248
2014-09-17 10:30:00,0.4889125
2014-09-18 10:30:00,0.5018875
2014-09-19 10:30:00,0.4502875
2014-09-20 10:30:00,0.625125
2014-09-21 10:30:00,0.5628625
2014-09-22 10:30:00,0.56443745
2014-09-23 10:30:00,0.559225
2014-09-24 10:30:00,0.46444997
2014-09-25 10:30:00,0.39197502
2014-09-26 10:30:00,0.79318744
2014-09-27 10:30:00,0.46244997
2014-09-28 10:30:00,0.48488748
2014-09-29 10:30:00,0.42368752
2014-09-30 10:30:00,0.367825
2014-10-01 10:30:00,0.5834125
2014-10-02 10:30:00,0.52065
2014-10-03 10:30:00,0.4569625
2014-10-04 10:30:00,0.5151875
2014-10-05 10:30:00,0.39174998
2014-10-06 10:30:00,0.3522125
2014-10-07 10:30:00,0.451625
2014-10-08 10:30:00,0.578325
2014-10-09 10:30:00,0.5729125
2014-10-10 10:30:00,0.63256246
2014-10-11 10:30:00,0.5422625
2014-10-12 10:30:00,0.3255125
2014-10-13 10:30:00,0.2984625
2014-10-14 10:30:00,0.3386375
2014-10-15 10:30:00,0.333075
2014-10-16 10:30:00,0.2861625
2014-10-17 10:30:00,0.37208748
2014-10-18 10:30:00,0.255175
2014-10-19 10:30:00,0.19950001
2014-10-20 10:30:00,0.16091248
2014-10-21 10:30:00,0.20356248
2014-10-22 10:30:00,0.26407498
2014-10-23 10:30:00,0.31805
2014-10-24 10:30:00,0.495125
2014-10-25 10:30:00,0.46056247
2014-10-26 10:30:00,0.29628748
2014-10-27 10:30:00,0.25997502
2014-10-28 10:30:00,0.2445375
2014-10-29 10:30:00,0.27299997
2014-10-30 10:30:00,0.6757875
2014-10-31 10:30:00,0.6182125
2014-11-01 10:30:00,0.47962496
2014-11-02 10:30:00,0.403375
2014-11-03 10:30:00,0.529475
2014-11-04 10:30:00,0.46739995
2014-11-05 10:30:00,0.4303375
2014-11-06 10:30:00,0.35709998
2014-11-07 10:30:00,0.2841
2014-11-08 10:30:00,0.36802498
2014-11-09 10:30:00,0.32373747
2014-11-10 10:30:00,0.30715
2014-11-11 10:30:00,0.28637502
2014-11-12 10:30:00,0.23754999
2014-11-13 10:30:00,0.334325
2014-11-14 10:30:00,0.3422375
2014-11-15 10:30:00,0.431225
2014-11-16 10:30:00,0.484525
2014-11-17 10:30:00,0.422
2014-11-18 10:30:00,0.36318746
2014-11-19 10:30:00,0.4339
2014-11-20 10:30:00,0.55478746
2014-11-21 10:30:00,0.3725125
2014-11-22 10:30:00,0.36592498
2014-11-23 10:30:00,0.3396
2014-11-24 10:30:00,0.37169996
2014-11-25 10:30:00,0.327175
2014-11-26 10:30:00,0.2968375
2014-11-27 10:30:00,0.2854625
2014-11-28 10:30:00,0.2722
2014-11-29 10:30:00,0.3336125
2014-11-30 10:30:00,0.47388747
2014-12-01 10:30:00,0.19045
2014-12-02 10:30:00,0.224325
2014-12-03 10:30:00,0.30932498
2014-12-04 10:30:00,0.33650002
2014-12-05 10:30:00,0.335125
2014-12-06 10:30:00,0.4118375
2014-12-07 10:30:00,0.46424997
2014-12-08 10:30:00,0.460825
2014-12-09 10:30:00,0.5284125
2014-12-10 10:30:00,0.7269375
2014-12-11 10:30:00,0.5436
2014-12-12 10:30:00,0.450575
2014-12-13 10:30:00,0.51156247
2014-12-14 10:30:00,0.57295
2014-12-15 10:30:00,0.53468746
2014-12-16 10:30:00,0.43577498
2014-12-17 10:30:00,0.4877
2014-12-18 10:30:00,0.65285003
2014-12-19 10:30:00,0.6513375
2014-12-20 10:30:00,0.5761375
2014-12-21 10:30:00,0.573425
2014-12-22 10:30:00,0.644525
2014-12-23 10:30:00,0.6335625
2014-12-24 10:30:00,0.50175
2014-12-25 10:30:00,0.46963748
2014-12-26 10:30:00,0.6377875
2014-12-27 10:30:00,0.56615
2014-12-28 10:30:00,0.5933875
2014-12-29 10:30:00,0.74845
2014-12-30 10:30:00,0.5460375
2014-12-31 10:30:00,0.40992498
2015-01-01 10:30:00,0.41873747
2015-01-02 10:30:00,0.47628748
2015-01-03 10:30:00,0.6045
2015-01-04 10:30:00,0.5718875
2015-01-05 10:30:00,0.32775
2015-01-06 10:30:00,0.272025
2015-01-07 10:30:00,0.42583752
2015-01-08 10:30:00,0.46226248
2015-01-09 10:30:00,0.55111253
2015-01-10 10:30:00,0.6313875
2015-01-11 10:30:00,0.493275
2015-01-12 10:30:00,0.48903745
2015-01-13 10:30:00,0.5847875
2015-01-14 10:30:00,0.6326375
2015-01-15 10:30:00,0.655875
2015-01-16 10:30:00,0.3804
2015-01-17 10:30:00,0.45378748
2015-01-18 10:30:00,0.61481243
2015-01-19 10:30:00,0.58823746
2015-01-20 10:30:00,0.6216125
2015-01-21 10:30:00,0.5997375
2015-01-22 10:30:00,0.62182504
2015-01-23 10:30:00,0.6739625
2015-01-24 10:30:00,0.5120625
2015-01-25 10:30:00,0.4264875
2015-01-26 10:30:00,0.310325
2015-01-27 10:30:00,0.37125
2015-01-28 10:30:00,0.3793375
2015-01-29 10:30:00,0.3861625
2015-01-30 10:30:00,0.335325
2015-01-31 10:30:00,0.35983747
2015-02-01 10:30:00,0.4172875
2015-02-02 10:30:00,0.47772497
2015-02-03 10:30:00,0.5230875
2015-02-04 10:30:00,0.45093748
2015-02-05 10:30:00,0.392825
2015-02-06 10:30:00,0.27034998
2015-02-07 10:30:00,0.20766251
2015-02-08 10:30:00,0.23656249
2015-02-09 10:30:00,0.3039875
2015-02-10 10:30:00,0.3120375
2015-02-11 10:30:00,0.4287875
2015-02-12 10:30:00,0.32195
2015-02-13 10:30:00,0.3781375
2015-02-14 10:30:00,0.4502
2015-02-15 10:30:00,0.4387875
2015-02-16 10:30:00,0.547275
2015-02-17 10:30:00,0.30592498
2015-02-18 10:30:00,0.2764375
2015-02-19 10:30:00,0.2836125
2015-02-20 10:30:00,0.49934995
2015-02-21 10:30:00,0.80473745
2015-02-22 10:30:00,0.52705
2015-02-23 10:30:00,0.3588
2015-02-24 10:30:00,0.55378747
2015-02-25 10:30:00,0.52888745
2015-02-26 10:30:00,0.5396375
2015-02-27 10:30:00,0.4867125
2015-02-28 10:30:00,0.556
2015-03-01 10:30:00,0.4264125
2015-03-02 10:30:00,0.38968748
2015-03-03 10:30:00,0.62224996
2015-03-04 10:30:00,0.4423
2015-03-05 10:30:00,0.5553625
2015-03-06 10:30:00,0.409
2015-03-07 10:30:00,0.2964875
2015-03-08 10:30:00,0.28955
2015-03-09 10:30:00,0.27745
2015-03-10 10:30:00,0.3397
2015-03-11 10:30:00,0.2573125
2015-03-12 10:30:00,0.4373875
2015-03-13 10:30:00,0.38443747
2015-03-14 10:30:00,0.4000625
2015-03-15 10:30:00,0.2829125
2015-03-16 10:30:00,0.1951875
2015-03-17 10:30:00,0.18432501
2015-03-18 10:30:00,0.2584
2015-03-19 10:30:00,0.221325
2015-03-20 10:30:00,0.172525
2015-03-21 10:30:00,0.13935
2015-03-22 10:30:00,0.14925
2015-03-23 10:30:00,0.154875
2015-03-24 10:30:00,0.21569999
2015-03-25 10:30:00,0.12574999
2015-03-26 10:30:00,0.12823749
2015-03-27 10:30:00,0.300975
2015-03-28 10:30:00,0.4337375
2015-03-29 10:30:00,0.220025
2015-03-30 10:30:00,0.2148125
2015-03-31 10:30:00,0.11534999
2015-04-01 10:30:00,0.12457499
2015-04-02 10:30:00,0.72955
2015-04-03 10:30:00,0.44224998
2015-04-04 10:30:00,0.8008875
2015-04-05 10:30:00,0.4998875
2015-04-06 10:30:00,0.3856125
2015-04-07 10:30:00,0.402825
2015-04-08 10:30:00,0.5171875
2015-04-09 10:30:00,0.4329
2015-04-10 10:30:00,0.39072502
2015-04-11 10:30:00,0.35915
2015-04-12 10:30:00,0.238075
2015-04-13 10:30:00,0.20376249
2015-04-14 10:30:00,0.274625
2015-04-15 10:30:00,0.35212502
2015-04-16 10:30:00,0.22829999
2015-04-17 10:30:00,0.143375
2015-04-18 10:30:00,0.17424999
2015-04-19 10:30:00,0.146475
2015-04-20 10:30:00,0.16809998
2015-04-21 10:30:00,0.20761248
2015-04-22 10:30:00,0.190125
2015-04-23 10:30:00,0.2516
2015-04-24 10:30:00,0.16225
2015-04-25 10:30:00,0.2323625
2015-04-26 10:30:00,0.1562375
2015-04-27 10:30:00,0.26295
2015-04-28 10:30:00,0.291325
2015-04-29 10:30:00,0.18088749
2015-04-30 10:30:00,0.094937496
2015-05-01 10:30:00,0.3560625
2015-05-02 10:30:00,0.3807125
2015-05-03 10:30:00,0.206625
2015-05-04 10:30:00,0.18888749
2015-05-05 10:30:00,0.2884125
2015-05-06 10:30:00,0.2906125
2015-05-07 10:30:00,0.7854625
2015-05-08 10:30:00,0.637725
2015-05-09 10:30:00,0.35467497
2015-05-10 10:30:00,0.490175
2015-05-11 10:30:00,0.87275
2015-05-12 10:30:00,0.7668125
2015-05-13 10:30:00,0.61408746
2015-05-14 10:30:00,0.25114998
2015-05-15 10:30:00,0.24865
2015-05-16 10:30:00,0.3192875
2015-05-17 10:30:00,0.5989625
2015-05-18 10:30:00,0.67022496
2015-05-19 10:30:00,0.6243375
2015-05-20 10:30:00,0.27967498
2015-05-21 10:30:00,0.24747498
2015-05-22 10:30:00,0.1756875
2015-05-23 10:30:00,0.329275
2015-05-24 10:30:00,0.296625
2015-05-25 10:30:00,0.50691247
2015-05-26 10:30:00,0.5533625
2015-05-27 10:30:00,0.430175
2015-05-28 10:30:00,0.7241125
2015-05-29 10:30:00,0.4505125
2015-05-30 10:30:00,0.31702498
2015-05-31 10:30:00,0.4799625
2015-06-01 10:30:00,0.36368752
2015-06-02 10:30:00,0.38965
2015-06-03 10:30:00,0.2677875
2015-06-04 10:30:00,0.524975
2015-06-05 10:30:00,0.8786125
2015-06-06 10:30:00,0.76748747
2015-06-07 10:30:00,0.5522
2015-06-08 10:30:00,0.5865125
2015-06-09 10:30:00,0.592025
2015-06-10 10:30:00,0.729925
2015-06-11 10:30:00,0.867375
2015-06-12 10:30:00,0.88253754
2015-06-13 10:30:00,0.71349996
2015-06-14 10:30:00,0.5172
2015-06-15 10:30:00,0.389775
2015-06-16 10:30:00,0.4529
2015-06-17 10:30:00,0.7511875
2015-06-18 10:30:00,0.82414997
2015-06-19 10:30:00,0.6318875
2015-06-20 10:30:00,0.5094875
2015-06-21 10:30:00,0.43791246
2015-06-22 10:30:00,0.525525
2015-06-23 10:30:00,0.610475
2015-06-24 10:30:00,0.6810125
2015-06-25 10:30:00,0.6315625
2015-06-26 10:30:00,0.56163746
2015-06-27 10:30:00,0.5913
2015-06-28 10:30:00,0.647325
2015-06-29 10:30:00,0.4597
2015-06-30 10:30:00,0.66995
2015-07-01 10:30:00,0.6752625
2015-07-02 10:30:00,0.825125
2015-07-03 10:30:00,0.60884994
2015-07-04 10:30:00,0.580475
2015-07-05 10:30:00,0.5152875
2015-07-06 10:30:00,0.4887625
2015-07-07 10:30:00,0.47792497
2015-07-08 10:30:00,0.48944998
2015-07-09 10:30:00,0.440025
2015-07-10 10:30:00,0.5126625
2015-07-11 10:30:00,0.62392503
2015-07-12 10:30:00,0.522375
2015-07-13 10:30:00,0.46249998
2015-07-14 10:30:00,0.5625
2015-07-15 10:30:00,0.68953747
2015-07-16 10:30:00,0.5233375
2015-07-17 10:30:00,0.5426625
2015-07-18 10:30:00,0.51124996
2015-07-19 10:30:00,0.48369998
2015-07-20 10:30:00,0.8026625
2015-07-21 10:30:00,0.7533625
2015-07-22 10:30:00,0.831
2015-07-23 10:30:00,0.7966874
2015-07-24 10:30:00,0.718125
2015-07-25 10:30:00,0.7647875
2015-07-26 10:30:00,0.5873875
2015-07-27 10:30:00,0.48058748
2015-07-28 10:30:00,0.5261125
2015-07-29 10:30:00,0.6842375
2015-07-30 10:30:00,0.5797375
2015-07-31 10:30:00,0.60847497
2015-08-01 10:30:00,0.5922625
2015-08-02 10:30:00,0.589
2015-08-03 10:30:00,0.46986246
2015-08-04 10:30:00,0.502325
2015-08-05 10:30:00,0.6184875
2015-08-06 10:30:00,0.78205
2015-08-07 10:30:00,0.6858625
2015-08-08 10:30:00,0.71526253
2015-08-09 10:30:00,0.8371125
2015-08-10 10:30:00,0.657525
2015-08-11 10:30:00,0.71527493
2015-08-12 10:30:00,0.68252504
2015-08-13 10:30:00,0.579475
2015-08-14 10:30:00,0.765225
2015-08-15 10:30:00,0.7912625
2015-08-16 10:30:00,0.82023746
2015-08-17 10:30:00,0.71296245
2015-08-18 10:30:00,0.8099375
2015-08-19 10:30:00,0.7313625
2015-08-20 10:30:00,0.805875
2015-08-21 10:30:00,0.7718375
2015-08-22 10:30:00,0.7776125
2015-08-23 10:30:00,0.7820375
2015-08-24 10:30:00,0.8107375
2015-08-25 10:30:00,0.8179875
2015-08-26 10:30:00,0.66293746
2015-08-27 10:30:00,0.59213746
2015-08-28 10:30:00,0.7968125
2015-08-29 10:30:00,0.818275
2015-08-30 10:30:00,0.83885
2015-08-31 10:30:00,0.86675
2015-09-01 10:30:00,0.7604875
2015-09-02 10:30:00,0.7126625
2015-09-03 10:30:00,0.576025
2015-09-04 10:30:00,0.60557497
2015-09-05 10:30:00,0.570075
2015-09-06 10:30:00,0.55584997
2015-09-07 10:30:00,0.84945
2015-09-08 10:30:00,0.73622495
2015-09-09 10:30:00,0.5622
2015-09-10 10:30:00,0.47518748
2015-09-11 10:30:00,0.5041625
2015-09-12 10:30:00,0.5750375
2015-09-13 10:30:00,0.553775
2015-09-14 10:30:00,0.46987498
2015-09-15 10:30:00,0.5263625
2015-09-16 10:30:00,0.5686125
2015-09-17 10:30:00,0.6659625
2015-09-18 10:30:00,0.7877625
2015-09-19 10:30:00,0.5457625
2015-09-20 10:30:00,0.52858746
2015-09-21 10:30:00,0.54249996
2015-09-22 10:30:00,0.9069375
2015-09-23 10:30:00,0.6636875
2015-09-24 10:30:00,0.7481625
2015-09-25 10:30:00,0.6434125
2015-09-26 10:30:00,0.591225
2015-09-27 10:30:00,0.5572375
2015-09-28 10:30:00,0.4987625
2015-09-29 10:30:00,0.41978747
2015-09-30 10:30:00,0.69474995
2015-10-01 10:30:00,0.4389875
2015-10-02 10:30:00,0.3236875
2015-10-03 10:30:00,0.33403748
2015-10-04 10:30:00,0.376175
2015-10-05 10:30:00,0.59248745
2015-10-06 10:30:00,0.45233747
2015-10-07 10:30:00,0.41092497
2015-10-08 10:30:00,0.38362497
2015-10-09 10:30:00,0.4143625
2015-10-10 10:30:00,0.84639996
2015-10-11 10:30:00,0.62083745
2015-10-12 10:30:00,0.5122
2015-10-13 10:30:00,0.5197875
2015-10-14 10:30:00,0.6087
2015-10-15 10:30:00,0.49339998
2015-10-16 10:30:00,0.3138625
2015-10-17 10:30:00,0.3494375
2015-10-18 10:30:00,0.2566625
2015-10-19 10:30:00,0.2698125
2015-10-20 10:30:00,0.3265125
2015-10-21 10:30:00,0.3222625
2015-10-22 10:30:00,0.3139125
2015-10-23 10:30:00,0.1884
2015-10-24 10:30:00,0.238775
2015-10-25 10:30:00,0.31884998
2015-10-26 10:30:00,0.45203748
2015-10-27 10:30:00,0.33028752
2015-10-28 10:30:00,0.32775
2015-10-29 10:30:00,0.32253748
2015-10-30 10:30:00,0.327125
2015-10-31 10:30:00,0.33796248
2015-11-01 10:30:00,0.2531125
2015-11-02 10:30:00,0.3574125
2015-11-03 10:30:00,0.2758625
2015-11-04 10:30:00,0.2882625
2015-11-05 10:30:00,0.231625
2015-11-06 10:30:00,0.37080002
2015-11-07 10:30:00,0.3817
2015-11-08 10:30:00,0.32903752
2015-11-09 10:30:00,0.4898875
2015-11-10 10:30:00,0.4799625
2015-11-11 10:30:00,0.5294
2015-11-12 10:30:00,0.7044
2015-11-13 10:30:00,0.82734996
2015-11-14 10:30:00,0.6188875
2015-11-15 10:30:00,0.2261375
2015-11-16 10:30:00,0.588475
2015-11-17 10:30:00,0.519925
2015-11-18 10:30:00,0.64818746
2015-11-19 10:30:00,0.6397125
2015-11-20 10:30:00,0.6163
2015-11-21 10:30:00,0.53494996
2015-11-22 10:30:00,0.5360625
2015-11-23 10:30:00,0.5249625
2015-11-24 10:30:00,0.52718747
2015-11-25 10:30:00,0.5362375
2015-11-26 10:30:00,0.54236245
2015-11-27 10:30:00,0.704775
2015-11-28 10:30:00,0.522275
2015-11-29 10:30:00,0.69893754
2015-11-30 10:30:00,0.6937125
2015-12-01 10:30:00,0.80004996
2015-12-02 10:30:00,0.7685375
2015-12-03 10:30:00,0.53631246
2015-12-04 10:30:00,0.45756248
2015-12-05 10:30:00,0.52115
2015-12-06 10:30:00,0.6253125
2015-12-07 10:30:00,0.585725
2015-12-08 10:30:00,0.6062875
2015-12-09 10:30:00,0.67882496
2015-12-10 10:30:00,0.661075
2015-12-11 10:30:00,0.6107375
2015-12-12 10:30:00,0.6206
2015-12-13 10:30:00,0.6371
2015-12-14 10:30:00,0.7516125
2015-12-15 10:30:00,0.5425625
2015-12-16 10:30:00,0.4447125
2015-12-17 10:30:00,0.51581246
2015-12-18 10:30:00,0.5628625
2015-12-19 10:30:00,0.53674996
2015-12-20 10:30:00,0.65938747
2015-12-21 10:30:00,0.70847493
2015-12-22 10:30:00,0.62372494
2015-12-23 10:30:00,0.4430125
2015-12-24 10:30:00,0.4634125
2015-12-25 10:30:00,0.5538
2015-12-26 10:30:00,0.34417498
2015-12-27 10:30:00,0.3706375
2015-12-28 10:30:00,0.43525
2015-12-29 10:30:00,0.6497
2015-12-30 10:30:00,0.5865375
2015-12-31 10:30:00,0.6183125
2016-01-01 10:30:00,0.64205
2016-01-02 10:30:00,0.70551246
2016-01-03 10:30:00,0.50796247
2016-01-04 10:30:00,0.41544998
2016-01-05 10:30:00,0.49267498
2016-01-06 10:30:00,0.4362875
2016-01-07 10:30:00,0.454
2016-01-08 10:30:00,0.453875
2016-01-09 10:30:00,0.4236375
2016-01-10 10:30:00,0.363625
2016-01-11 10:30:00,0.3804
2016-01-12 10:30:00,0.41632497
2016-01-13 10:30:00,0.44889998
2016-01-14 10:30:00,0.5400875
2016-01-15 10:30:00,0.67303747
2016-01-16 10:30:00,0.60386246
2016-01-17 10:30:00,0.41215
2016-01-18 10:30:00,0.4782625
2016-01-19 10:30:00,0.509225
2016-01-20 10:30:00,0.51425
2016-01-21 10:30:00,0.45851249
2016-01-22 10:30:00,0.37467498
2016-01-23 10:30:00,0.398325
2016-01-24 10:30:00,0.32673752
2016-01-25 10:30:00,0.34687498
2016-01-26 10:30:00,0.38088748
2016-01-27 10:30:00,0.434575
2016-01-28 10:30:00,0.34562498
2016-01-29 10:30:00,0.3541875
2016-01-30 10:30:00,0.39424998
2016-01-31 10:30:00,0.3971125
2016-02-01 10:30:00,0.3552625
2016-02-02 10:30:00,0.35498747
2016-02-03 10:30:00,0.358225
2016-02-04 10:30:00,0.3897625
2016-02-05 10:30:00,0.42552498
2016-02-06 10:30:00,0.4601875
2016-02-07 10:30:00,0.5873875
2016-02-08 10:30:00,0.5798375
2016-02-09 10:30:00,0.5447125
2016-02-10 10:30:00,0.58112496
2016-02-11 10:30:00,0.615875
2016-02-12 10:30:00,0.32128748
2016-02-13 10:30:00,0.2984375
2016-02-14 10:30:00,0.313425
2016-02-15 10:30:00,0.38628748
2016-02-16 10:30:00,0.34917498
2016-02-17 10:30:00,0.425725
2016-02-18 10:30:00,0.4379375
2016-02-19 10:30:00,0.3696125
2016-02-20 10:30:00,0.3116875
2016-02-21 10:30:00,0.30269998
2016-02-22 10:30:00,0.3254
2016-02-23 10:30:00,0.3284125
2016-02-24 10:30:00,0.3500875
2016-02-25 10:30:00,0.3462625
2016-02-26 10:30:00,0.3523
2016-02-27 10:30:00,0.26815
2016-02-28 10:30:00,0.40855
2016-02-29 10:30:00,0.35082498
2016-03-01 10:30:00,0.37372497
2016-03-02 10:30:00,0.66854995
2016-03-03 10:30:00,0.5418375
2016-03-04 10:30:00,0.664925
2016-03-05 10:30:00,0.5138125
2016-03-06 10:30:00,0.36976248
2016-03-07 10:30:00,0.31579998
2016-03-08 10:30:00,0.33686247
2016-03-09 10:30:00,0.3190125
2016-03-10 10:30:00,0.3456
2016-03-11 10:30:00,0.35599998
2016-03-12 10:30:00,0.2721875
2016-03-13 10:30:00,0.3002875
2016-03-14 10:30:00,0.4055875
2016-03-15 10:30:00,0.28161252
2016-03-16 10:30:00,0.2354125
2016-03-17 10:30:00,0.33636248
2016-03-18 10:30:00,0.55815
2016-03-19 10:30:00,0.3419875
2016-03-20 10:30:00,0.27102497
2016-03-21 10:30:00,0.6467125
2016-03-22 10:30:00,0.2904625
2016-03-23 10:30:00,0.26135
2016-03-24 10:30:00,0.25717497
2016-03-25 10:30:00,0.23525
2016-03-26 10:30:00,0.23007499
2016-03-27 10:30:00,0.1654125
2016-03-28 10:30:00,0.205025
2016-03-29 10:30:00,0.3474125
2016-03-30 10:30:00,0.28733748
2016-03-31 10:30:00,0.23028749
2016-04-01 10:30:00,0.3777375
2016-04-02 10:30:00,0.275325
2016-04-03 10:30:00,0.268625
2016-04-04 10:30:00,0.313325
2016-04-05 10:30:00,0.2168375
2016-04-06 10:30:00,0.26268747
2016-04-07 10:30:00,0.1623625
2016-04-08 10:30:00,0.137325
2016-04-09 10:30:00,0.16860001
2016-04-10 10:30:00,0.20268749
2016-04-11 10:30:00,0.206725
2016-04-12 10:30:00,0.25573748
2016-04-13 10:30:00,0.5469125
2016-04-14 10:30:00,0.41682497
2016-04-15 10:30:00,0.65705
2016-04-16 10:30:00,0.76294994
2016-04-17 10:30:00,0.3170875
2016-04-18 10:30:00,0.34652498
2016-04-19 10:30:00,0.19831249
2016-04-20 10:30:00,0.204925
2016-04-21 10:30:00,0.20962499
2016-04-22 10:30:00,0.343725
2016-04-23 10:30:00,0.2263
2016-04-24 10:30:00,0.4454
2016-04-25 10:30:00,0.3016125
2016-04-26 10:30:00,0.27046248
2016-04-27 10:30:00,0.37595
2016-04-28 10:30:00,0.23606248
2016-04-29 10:30:00,0.34077498
2016-04-30 10:30:00,0.4423875
2016-05-01 10:30:00,0.4964875
2016-05-02 10:30:00,0.436425
2016-05-03 10:30:00,0.2829625
2016-05-04 10:30:00,0.1597375
2016-05-05 10:30:00,0.62518746
2016-05-06 10:30:00,0.63925
2016-05-07 10:30:00,0.23155001
2016-05-08 10:30:00,0.3004875
2016-05-09 10:30:00,0.3020125
2016-05-10 10:30:00,0.19219999
2016-05-11 10:30:00,0.557125
2016-05-12 10:30:00,0.47535
2016-05-13 10:30:00,0.2598875
2016-05-14 10:30:00,0.4350875
2016-05-15 10:30:00,0.3300125
2016-05-16 10:30:00,0.31081247
2016-05-17 10:30:00,0.1395625
2016-05-18 10:30:00,0.22065
2016-05-19 10:30:00,0.24795
2016-05-20 10:30:00,0.2642875
2016-05-21 10:30:00,0.2437
2016-05-22 10:30:00,0.177425
2016-05-23 10:30:00,0.56194997
2016-05-24 10:30:00,0.76643753
2016-05-25 10:30:00,0.43601248
2016-05-26 10:30:00,0.279375
2016-05-27 10:30:00,0.318375
2016-05-28 10:30:00,0.25649998
2016-05-29 10:30:00,0.21649998
2016-05-30 10:30:00,0.3642625
2016-05-31 10:30:00,0.312525
2016-06-01 10:30:00,0.2738125
2016-06-02 10:30:00,0.2928625
2016-06-03 10:30:00,0.30805
2016-06-04 10:30:00,0.3163875
2016-06-05 10:30:00,0.3005375
2016-06-06 10:30:00,0.709525
2016-06-07 10:30:00,0.47396252
2016-06-08 10:30:00,0.3635125
2016-06-09 10:30:00,0.5777625
2016-06-10 10:30:00,0.76076245
2016-06-11 10:30:00,0.59615
2016-06-12 10:30:00,0.61658746
2016-06-13 10:30:00,0.498
2016-06-14 10:30:00,0.47965
2016-06-15 10:30:00,0.66105
2016-06-16 10:30:00,0.61268747
2016-06-17 10:30:00,0.78258747
2016-06-18 10:30:00,0.70397496
2016-06-19 10:30:00,0.5869
2016-06-20 10:30:00,0.6300875
2016-06-21 10:30:00,0.6853125
2016-06-22 10:30:00,0.7689875
2016-06-23 10:30:00,0.62009996
2016-06-24 10:30:00,0.5202625
2016-06-25 10:30:00,0.47487497
2016-06-26 10:30:00,0.4002375
2016-06-27 10:30:00,0.52437496
2016-06-28 10:30:00,0.6072375
2016-06-29 10:30:00,0.8224125
2016-06-30 10:30:00,0.7054375
2016-07-01 10:30:00,0.47608748
2016-07-02 10:30:00,0.4163375
2016-07-03 10:30:00,0.46189997
2016-07-04 10:30:00,0.3856375
2016-07-05 10:30:00,0.4159875
2016-07-06 10:30:00,0.38212502
2016-07-07 10:30:00,0.36826247
2016-07-08 10:30:00,0.588175
2016-07-09 10:30:00,0.638075
2016-07-10 10:30:00,0.44318748
2016-07-11 10:30:00,0.55275
2016-07-12 10:30:00,0.72433746
2016-07-13 10:30:00,0.48857498
2016-07-14 10:30:00,0.427975
2016-07-15 10:30:00,0.40686247
2016-07-16 10:30:00,0.50673753
2016-07-17 10:30:00,0.52933747
2016-07-18 10:30:00,0.38595
2016-07-19 10:30:00,0.5341375
2016-07-20 10:30:00,0.6192125
2016-07-21 10:30:00,0.6173625
2016-07-22 10:30:00,0.86702496
2016-07-23 10:30:00,0.7866125
2016-07-24 10:30:00,0.48058748
2016-07-25 10:30:00,0.65735
2016-07-26 10:30:00,0.5757875
2016-07-27 10:30:00,0.453275
2016-07-28 10:30:00,0.6002125
2016-07-29 10:30:00,0.5010125
2016-07-30 10:30:00,0.521575
2016-07-31 10:30:00,0.72545
2016-08-01 10:30:00,0.5730375
2016-08-02 10:30:00,0.4979375
2016-08-03 10:30:00,0.55662495
2016-08-04 10:30:00,0.5352375
2016-08-05 10:30:00,0.5557375
2016-08-06 10:30:00,0.80331254
2016-08-07 10:30:00,0.392075
2016-08-08 10:30:00,0.43623748
2016-08-09 10:30:00,0.500575
2016-08-10 10:30:00,0.57963747
2016-08-11 10:30:00,0.35973752
2016-08-12 10:30:00,0.2802125
2016-08-13 10:30:00,0.35615
2016-08-14 10:30:00,0.40546247
2016-08-15 10:30:00,0.45073748
2016-08-16 10:30:00,0.5318875
2016-08-17 10:30:00,0.4773875
2016-08-18 10:30:00,0.590225
2016-08-19 10:30:00,0.513325
2016-08-20 10:30:00,0.72258747
2016-08-21 10:30:00,0.5656375
2016-08-22 10:30:00,0.5691625
2016-08-23 10:30:00,0.68995
2016-08-24 10:30:00,0.47458747
2016-08-25 10:30:00,0.32345
2016-08-26 10:30:00,0.37466252
2016-08-27 10:30:00,0.3356375
2016-08-28 10:30:00,0.3792625
2016-08-29 10:30:00,0.33951247
2016-08-30 10:30:00,0.50605
2016-08-31 10:30:00,0.880475
2016-09-01 10:30:00,0.89186245
2016-09-02 10:30:00,0.79625
2016-09-03 10:30:00,0.800675
2016-09-04 10:30:00,0.8458125
2016-09-05 10:30:00,0.817125
2016-09-06 10:30:00,0.7547875
2016-09-07 10:30:00,0.5803375
2016-09-08 10:30:00,0.7642125
2016-09-09 10:30:00,0.847025
2016-09-10 10:30:00,0.77505004
2016-09-11 10:30:00,0.6904125
2016-09-12 10:30:00,0.7551875
2016-09-13 10:30:00,0.713625
2016-09-14 10:30:00,0.8552749
2016-09-15 10:30:00,0.50205
2016-09-16 10:30:00,0.65527505
2016-09-17 10:30:00,0.5789375
2016-09-18 10:30:00,0.5338375
2016-09-19 10:30:00,0.4599
2016-09-20 10:30:00,0.4445625
2016-09-21 10:30:00,0.43902498
2016-09-22 10:30:00,0.5418625
2016-09-23 10:30:00,0.67316246
2016-09-24 10:30:00,0.6461125
2016-09-25 10:30:00,0.4686375
2016-09-26 10:30:00,0.7538875
2016-09-27 10:30:00,0.6857
2016-09-28 10:30:00,0.5067875
2016-09-29 10:30:00,0.54917496
2016-09-30 10:30:00,0.55768746
2016-10-01 10:30:00,0.4639875
2016-10-02 10:30:00,0.529275
2016-10-03 10:30:00,0.52377504
2016-10-04 10:30:00,0.65945
2016-10-05 10:30:00,0.43612498
2016-10-06 10:30:00,0.4064875
2016-10-07 10:30:00,0.79912496
2016-10-08 10:30:00,0.48182496
2016-10-09 10:30:00,0.47413749
2016-10-10 10:30:00,0.448125
2016-10-11 10:30:00,0.36720002
2016-10-12 10:30:00,0.43796247
2016-10-13 10:30:00,0.51661247
2016-10-14 10:30:00,0.695475
2016-10-15 10:30:00,0.49272498
2016-10-16 10:30:00,0.51888746
2016-10-17 10:30:00,0.397375
2016-10-18 10:30:00,0.47096246
2016-10-19 10:30:00,0.66800004
2016-10-20 10:30:00,0.35548747
2016-10-21 10:30:00,0.70253754
2016-10-22 10:30:00,0.48903745
2016-10-23 10:30:00,0.4548125
2016-10-24 10:30:00,0.43792498
2016-10-25 10:30:00,0.5162
2016-10-26 10:30:00,0.4154375
2016-10-27 10:30:00,0.392875
2016-10-28 10:30:00,0.3217625
2016-10-29 10:30:00,0.37046248
2016-10-30 10:30:00,0.3009375
2016-10-31 10:30:00,0.3045
2016-11-01 10:30:00,0.3005375
2016-11-02 10:30:00,0.30229998
2016-11-03 10:30:00,0.397725
2016-11-04 10:30:00,0.70287496
2016-11-05 10:30:00,0.63839996
2016-11-06 10:30:00,0.622975
2016-11-07 10:30:00,0.67293745
2016-11-08 10:30:00,0.49739996
2016-11-09 10:30:00,0.5443
2016-11-10 10:30:00,0.76013744
2016-11-11 10:30:00,0.51364994
2016-11-12 10:30:00,0.57871246
2016-11-13 10:30:00,0.7268125
2016-11-14 10:30:00,0.4774375
2016-11-15 10:30:00,0.568325
2016-11-16 10:30:00,0.6128
2016-11-17 10:30:00,0.67209995
2016-11-18 10:30:00,0.63554996
2016-11-19 10:30:00,0.559075
2016-11-20 10:30:00,0.38825
2016-11-21 10:30:00,0.41542497
2016-11-22 10:30:00,0.45698747
2016-11-23 10:30:00,0.4453375
2016-11-24 10:30:00,0.51498747
2016-11-25 10:30:00,0.582075
2016-11-26 10:30:00,0.6337625
2016-11-27 10:30:00,0.5133875
2016-11-28 10:30:00,0.49287498
2016-11-29 10:30:00,0.5195375
2016-11-30 10:30:00,0.5052625
2016-12-01 10:30:00,0.4632375
2016-12-02 10:30:00,0.58226246
2016-12-03 10:30:00,0.4145
2016-12-04 10:30:00,0.36991248
2016-12-05 10:30:00,0.46691248
2016-12-06 10:30:00,0.60499996
2016-12-07 10:30:00,0.535125
2016-12-08 10:30:00,0.5805875
2016-12-09 10:30:00,0.45935
2016-12-10 10:30:00,0.540625
2016-12-11 10:30:00,0.6240125
2016-12-12 10:30:00,0.4761
2016-12-13 10:30:00,0.433375
2016-12-14 10:30:00,0.4359875
2016-12-15 10:30:00,0.44208747
2016-12-16 10:30:00,0.59165
2016-12-17 10:30:00,0.48273748
2016-12-18 10:30:00,0.619775
2016-12-19 10:30:00,0.6287125
2016-12-20 10:30:00,0.652725
2016-12-21 10:30:00,0.585675
2016-12-22 10:30:00,0.368825
2016-12-23 10:30:00,0.4551
2016-12-24 10:30:00,0.59538746
2016-12-25 10:30:00,0.43827498
2016-12-26 10:30:00,0.35035
2016-12-27 10:30:00,0.4207125
2016-12-28 10:30:00,0.41076246
2016-12-29 10:30:00,0.39034998
2016-12-30 10:30:00,0.45529997
2016-12-31 10:30:00,0.49048746
2017-01-01 10:30:00,0.5657375
2017-01-02 10:30:00,0.5188125
2017-01-03 10:30:00,0.47952497
2017-01-04 10:30:00,0.576975
2017-01-05 10:30:00,0.521325
2017-01-06 10:30:00,0.5760875
2017-01-07 10:30:00,0.6031
2017-01-08 10:30:00,0.4330625
2017-01-09 10:30:00,0.311875
2017-01-10 10:30:00,0.3547
2017-01-11 10:30:00,0.3709875
2017-01-12 10:30:00,0.3213625
2017-01-13 10:30:00,0.4108125
2017-01-14 10:30:00,0.40695
2017-01-15 10:30:00,0.4109
2017-01-16 10:30:00,0.5222625
2017-01-17 10:30:00,0.58727497
2017-01-18 10:30:00,0.4458125
2017-01-19 10:30:00,0.41889998
2017-01-20 10:30:00,0.398325
2017-01-21 10:30:00,0.59575
2017-01-22 10:30:00,0.39366248
2017-01-23 10:30:00,0.3473875
2017-01-24 10:30:00,0.3570625
2017-01-25 10:30:00,0.3434375
2017-01-26 10:30:00,0.3363375
2017-01-27 10:30:00,0.34995
2017-01-28 10:30:00,0.39839998
2017-01-29 10:30:00,0.33482498
2017-01-30 10:30:00,0.3211625
2017-01-31 10:30:00,0.283575
2017-02-01 10:30:00,0.2804875
2017-02-02 10:30:00,0.3299625
2017-02-03 10:30:00,0.335075
2017-02-04 10:30:00,0.48463747
2017-02-05 10:30:00,0.41947496
2017-02-06 10:30:00,0.31202498
2017-02-07 10:30:00,0.3800125
2017-02-08 10:30:00,0.345875
2017-02-09 10:30:00,0.35119998
2017-02-10 10:30:00,0.3661125
2017-02-11 10:30:00,0.3328375
2017-02-12 10:30:00,0.3500125
2017-02-13 10:30:00,0.3446875
2017-02-14 10:30:00,0.334025
2017-02-15 10:30:00,0.43982497
2017-02-16 10:30:00,0.25402498
2017-02-17 10:30:00,0.2032
2017-02-18 10:30:00,0.20504999
2017-02-19 10:30:00,0.61232495
2017-02-20 10:30:00,0.3847875
2017-02-21 10:30:00,0.5157625
2017-02-22 10:30:00,0.3601
2017-02-23 10:30:00,0.38077497
2017-02-24 10:30:00,0.48014998
2017-02-25 10:30:00,0.40931252
2017-02-26 10:30:00,0.4430125
2017-02-27 10:30:00,0.38005
2017-02-28 10:30:00,0.3166375
2017-03-01 10:30:00,0.2563625
2017-03-02 10:30:00,0.3561
2017-03-03 10:30:00,0.3581625
2017-03-04 10:30:00,0.3687875
2017-03-05 10:30:00,0.2557625
2017-03-06 10:30:00,0.3084375
2017-03-07 10:30:00,0.28995
2017-03-08 10:30:00,0.276775
2017-03-09 10:30:00,0.3043875
2017-03-10 10:30:00,0.2286375
2017-03-11 10:30:00,0.3055625
2017-03-12 10:30:00,0.2481625
2017-03-13 10:30:00,0.2797125
2017-03-14 10:30:00,0.294025
2017-03-15 10:30:00,0.28437498
2017-03-16 10:30:00,0.23119998
2017-03-17 10:30:00,0.34382498
2017-03-18 10:30:00,0.22147499
2017-03-19 10:30:00,0.2217
2017-03-20 10:30:00,0.306575
2017-03-21 10:30:00,0.2567125
2017-03-22 10:30:00,0.2469375
2017-03-23 10:30:00,0.26067498
2017-03-24 10:30:00,0.24372499
2017-03-25 10:30:00,0.258275
2017-03-26 10:30:00,0.3181375
2017-03-27 10:30:00,0.3001875
2017-03-28 10:30:00,0.2618625
2017-03-29 10:30:00,0.5089875
2017-03-30 10:30:00,0.32314998
2017-03-31 10:30:00,0.2280625
2017-04-01 10:30:00,0.19319999
2017-04-02 10:30:00,0.15689999
2017-04-03 10:30:00,0.1185375
2017-04-04 10:30:00,0.18905
2017-04-05 10:30:00,0.3026375
2017-04-06 10:30:00,0.3238625
2017-04-07 10:30:00,0.3877625
2017-04-08 10:30:00,0.1347625
2017-04-09 10:30:00,0.12186249
2017-04-10 10:30:00,0.12065
2017-04-11 10:30:00,0.12207499
2017-04-12 10:30:00,0.0950875
2017-04-13 10:30:00,0.148325
2017-04-14 10:30:00,0.1343125
2017-04-15 10:30:00,0.094475
2017-04-16 10:30:00,0.1951375
2017-04-17 10:30:00,0.38994998
2017-04-18 10:30:00,0.45671248
2017-04-19 10:30:00,0.2584625
2017-04-20 10:30:00,0.2723625
2017-04-21 10:30:00,0.1652875
2017-04-22 10:30:00,0.1983625
2017-04-23 10:30:00,0.31557497
2017-04-24 10:30:00,0.50395
2017-04-25 10:30:00,0.541025
2017-04-26 10:30:00,0.3532
2017-04-27 10:30:00,0.24447499
2017-04-28 10:30:00,0.19534999
2017-04-29 10:30:00,0.201075
2017-04-30 10:30:00,0.2519
2017-05-01 10:30:00,0.18865
2017-05-02 10:30:00,0.20837499
2017-05-03 10:30:00,0.3465125
2017-05-04 10:30:00,0.2095
2017-05-05 10:30:00,0.41036245
2017-05-06 10:30:00,0.17289999
2017-05-07 10:30:00,0.2751875
2017-05-08 10:30:00,0.2169125
2017-05-09 10:30:00,0.1938125
2017-05-10 10:30:00,0.3576125
2017-05-11 10:30:00,0.3174125
2017-05-12 10:30:00,0.27925
2017-05-13 10:30:00,0.3721875
2017-05-14 10:30:00,0.39228746
2017-05-15 10:30:00,0.2490875
2017-05-16 10:30:00,0.26038748
2017-05-17 10:30:00,0.27938747
2017-05-18 10:30:00,0.1415125
2017-05-19 10:30:00,0.1445625
2017-05-20 10:30:00,0.42729998
2017-05-21 10:30:00,0.729775
2017-05-22 10:30:00,0.5590625
2017-05-23 10:30:00,0.352275
2017-05-24 10:30:00,0.3198125
2017-05-25 10:30:00,0.22901249
2017-05-26 10:30:00,0.21557501
2017-05-27 10:30:00,0.23251249
2017-05-28 10:30:00,0.1502125
2017-05-29 10:30:00,0.1565
2017-05-30 10:30:00,0.1442375
2017-05-31 10:30:00,0.297275
2017-06-01 10:30:00,0.37912497
2017-06-02 10:30:00,0.415825
2017-06-03 10:30:00,0.4103875
2017-06-04 10:30:00,0.3166375
2017-06-05 10:30:00,0.20873748
2017-06-06 10:30:00,0.5181625
2017-06-07 10:30:00,0.30973747
2017-06-08 10:30:00,0.3531625
2017-06-09 10:30:00,0.2574125
2017-06-10 10:30:00,0.39142498
2017-06-11 10:30:00,0.4269125
2017-06-12 10:30:00,0.3271125
2017-06-13 10:30:00,0.21581249
2017-06-14 10:30:00,0.2450875
2017-06-15 10:30:00,0.33166248
2017-06-16 10:30:00,0.392
2017-06-17 10:30:00,0.53671247
2017-06-18 10:30:00,0.5827125
2017-06-19 10:30:00,0.5229
2017-06-20 10:30:00,0.6392125
2017-06-21 10:30:00,0.6867625
2017-06-22 10:30:00,0.38915
2017-06-23 10:30:00,0.376275
2017-06-24 10:30:00,0.3655625
2017-06-25 10:30:00,0.4219
2017-06-26 10:30:00,0.38192502
2017-06-27 10:30:00,0.3642875
2017-06-28 10:30:00,0.4100125
2017-06-29 10:30:00,0.5475875
2017-06-30 10:30:00,0.6115375
2017-07-01 10:30:00,0.54206246
2017-07-02 10:30:00,0.73515
2017-07-03 10:30:00,0.49339998
2017-07-04 10:30:00,0.3529
2017-07-05 10:30:00,0.40885
2017-07-06 10:30:00,0.51275
2017-07-07 10:30:00,0.66245
2017-07-08 10:30:00,0.75716245
2017-07-09 10:30:00,0.58143747
2017-07-10 10:30:00,0.60276246
2017-07-11 10:30:00,0.37266248
2017-07-12 10:30:00,0.36529997
2017-07-13 10:30:00,0.3616375
2017-07-14 10:30:00,0.3024
2017-07-15 10:30:00,0.47143748
2017-07-16 10:30:00,0.32068747
2017-07-17 10:30:00,0.44288749
2017-07-18 10:30:00,0.3640875
2017-07-19 10:30:00,0.3955625
2017-07-20 10:30:00,0.71683747
2017-07-21 10:30:00,0.4646375
2017-07-22 10:30:00,0.39349997
2017-07-23 10:30:00,0.58928746
2017-07-24 10:30:00,0.35053748
2017-07-25 10:30:00,0.3130125
2017-07-26 10:30:00,0.7919
2017-07-27 10:30:00,0.7108125
2017-07-28 10:30:00,0.545125
2017-07-29 10:30:00,0.51647496
2017-07-30 10:30:00,0.6799875
2017-07-31 10:30:00,0.61887497
2017-08-01 10:30:00,0.79122496
2017-08-02 10:30:00,0.7839375
2017-08-03 10:30:00,0.86777496
2017-08-04 10:30:00,0.6985499
2017-08-05 10:30:00,0.6549375
2017-08-06 10:30:00,0.702625
2017-08-07 10:30:00,0.7686
2017-08-08 10:30:00,0.7618875
2017-08-09 10:30:00,0.7018
2017-08-10 10:30:00,0.7862375
2017-08-11 10:30:00,0.76646245
2017-08-12 10:30:00,0.72569996
2017-08-13 10:30:00,0.800075
2017-08-14 10:30:00,0.798475
2017-08-15 10:30:00,0.757675
2017-08-16 10:30:00,0.75497496
2017-08-17 10:30:00,0.744475
2017-08-18 10:30:00,0.6838375
2017-08-19 10:30:00,0.68172497
2017-08-20 10:30:00,0.6786875
2017-08-21 10:30:00,0.5523
2017-08-22 10:30:00,0.46845
2017-08-23 10:30:00,0.5689125
2017-08-24 10:30:00,0.4268875
2017-08-25 10:30:00,0.4289375
2017-08-26 10:30:00,0.44599998
2017-08-27 10:30:00,0.4156625
2017-08-28 10:30:00,0.2875
2017-08-29 10:30:00,0.30991247
2017-08-30 10:30:00,0.4024875
2017-08-31 10:30:00,0.4779875
2017-09-01 10:30:00,0.5759625
2017-09-02 10:30:00,0.5398375
2017-09-03 10:30:00,0.85113746
2017-09-04 10:30:00,0.7261875
2017-09-05 10:30:00,0.6923625
2017-09-06 10:30:00,0.46456248
2017-09-07 10:30:00,0.465675
2017-09-08 10:30:00,0.48418748
2017-09-09 10:30:00,0.5114125
2017-09-10 10:30:00,0.5911625
2017-09-11 10:30:00,0.36275
2017-09-12 10:30:00,0.5119875
2017-09-13 10:30:00,0.507925
2017-09-14 10:30:00,0.5448375
2017-09-15 10:30:00,0.82918745
2017-09-16 10:30:00,0.745725
2017-09-17 10:30:00,0.73903745
2017-09-18 10:30:00,0.58538747
2017-09-19 10:30:00,0.660725
2017-09-20 10:30:00,0.6110375
2017-09-21 10:30:00,0.53627497
2017-09-22 10:30:00,0.3609375
2017-09-23 10:30:00,0.35145
2017-09-24 10:30:00,0.4308875
2017-09-25 10:30:00,0.423175
2017-09-26 10:30:00,0.2957375
2017-09-27 10:30:00,0.2432125
2017-09-28 10:30:00,0.2832
2017-09-29 10:30:00,0.2809125
2017-09-30 10:30:00,0.2710625
2017-10-01 10:30:00,0.25715
2017-10-02 10:30:00,0.21469998
2017-10-03 10:30:00,0.24344999
2017-10-04 10:30:00,0.26465
2017-10-05 10:30:00,0.35362497
2017-10-06 10:30:00,0.41768748
2017-10-07 10:30:00,0.50408745
2017-10-08 10:30:00,0.81785
2017-10-09 10:30:00,0.6310875
2017-10-10 10:30:00,0.4728625
2017-10-11 10:30:00,0.4628875
2017-10-12 10:30:00,0.35463747
2017-10-13 10:30:00,0.31467497
2017-10-14 10:30:00,0.3121125
2017-10-15 10:30:00,0.471375
2017-10-16 10:30:00,0.25744998
2017-10-17 10:30:00,0.2056875
2017-10-18 10:30:00,0.2751875
2017-10-19 10:30:00,0.34255
2017-10-20 10:30:00,0.396325
2017-10-21 10:30:00,0.3245375
2017-10-22 10:30:00,0.3199125
2017-10-23 10:30:00,0.26413748
2017-10-24 10:30:00,0.3196
2017-10-25 10:30:00,0.2538875
2017-10-26 10:30:00,0.4143375
2017-10-27 10:30:00,0.6047625
2017-10-28 10:30:00,0.3066
2017-10-29 10:30:00,0.279725
2017-10-30 10:30:00,0.1963125
2017-10-31 10:30:00,0.21492499
2017-11-01 10:30:00,0.27145
2017-11-02 10:30:00,0.340675
2017-11-03 10:30:00,0.2906
2017-11-04 10:30:00,0.3514
2017-11-05 10:30:00,0.2964875
2017-11-06 10:30:00,0.38317502
2017-11-07 10:30:00,0.80065
2017-11-08 10:30:00,0.6164
2017-11-09 10:30:00,0.6091375
2017-11-10 10:30:00,0.4284375
2017-11-11 10:30:00,0.317475
2017-11-12 10:30:00,0.36491248
2017-11-13 10:30:00,0.37829998
2017-11-14 10:30:00,0.37306252
2017-11-15 10:30:00,0.3497
2017-11-16 10:30:00,0.3648625
2017-11-17 10:30:00,0.3155
2017-11-18 10:30:00,0.3673875
2017-11-19 10:30:00,0.433125
2017-11-20 10:30:00,0.397025
2017-11-21 10:30:00,0.3809375
2017-11-22 10:30:00,0.3563625
2017-11-23 10:30:00,0.31841248
2017-11-24 10:30:00,0.360775
2017-11-25 10:30:00,0.3786375
2017-11-26 10:30:00,0.2812
2017-11-27 10:30:00,0.33119997
2017-11-28 10:30:00,0.2561125
2017-11-29 10:30:00,0.264025
2017-11-30 10:30:00,0.3476625
2017-12-01 10:30:00,0.42845
2017-12-02 10:30:00,0.574375
2017-12-03 10:30:00,0.41228747
2017-12-04 10:30:00,0.3648125
2017-12-05 10:30:00,0.5399625
2017-12-06 10:30:00,0.529225
2017-12-07 10:30:00,0.44715
2017-12-08 10:30:00,0.57466245
2017-12-09 10:30:00,0.687125
2017-12-10 10:30:00,0.5234375
2017-12-11 10:30:00,0.39706248
2017-12-12 10:30:00,0.42061248
2017-12-13 10:30:00,0.41863748
2017-12-14 10:30:00,0.398725
2017-12-15 10:30:00,0.3965625
2017-12-16 10:30:00,0.39099997
2017-12-17 10:30:00,0.4824375
2017-12-18 10:30:00,0.49451247
2017-12-19 10:30:00,0.47462496
2017-12-20 10:30:00,0.5522875
2017-12-21 10:30:00,0.4172625
2017-12-22 10:30:00,0.38517496
2017-12-23 10:30:00,0.3872
2017-12-24 10:30:00,0.4197125
2017-12-25 10:30:00,0.4023125
2017-12-26 10:30:00,0.26455
2017-12-27 10:30:00,0.327875
2017-12-28 10:30:00,0.4686875
2017-12-29 10:30:00,0.3849625
2017-12-30 10:30:00,0.45553747
2017-12-31 10:30:00,0.530575
2018-01-01 10:30:00,0.3803
2018-01-02 10:30:00,0.3945
2018-01-03 10:30:00,0.3803625
2018-01-04 10:30:00,0.312525
2018-01-05 10:30:00,0.37943748
2018-01-06 10:30:00,0.3538125
2018-01-07 10:30:00,0.3514125
2018-01-08 10:30:00,0.53419995
2018-01-09 10:30:00,0.5418875
2018-01-10 10:30:00,0.38064998
2018-01-11 10:30:00,0.340825
2018-01-12 10:30:00,0.5758875
2018-01-13 10:30:00,0.594025
2018-01-14 10:30:00,0.5662625
2018-01-15 10:30:00,0.5446875
2018-01-16 10:30:00,0.6774375
2018-01-17 10:30:00,0.4893875
2018-01-18 10:30:00,0.48788747
2018-01-19 10:30:00,0.340075
2018-01-20 10:30:00,0.314275
2018-01-21 10:30:00,0.2968
2018-01-22 10:30:00,0.31415
2018-01-23 10:30:00,0.2890625
2018-01-24 10:30:00,0.32993752
2018-01-25 10:30:00,0.3035375
2018-01-26 10:30:00,0.2833875
2018-01-27 10:30:00,0.28702497
2018-01-28 10:30:00,0.35523748
2018-01-29 10:30:00,0.37912497
2018-01-30 10:30:00,0.35638747
2018-01-31 10:30:00,0.393525
2018-02-01 10:30:00,0.37557498
2018-02-02 10:30:00,0.5221875
2018-02-03 10:30:00,0.4248875
2018-02-04 10:30:00,0.4118125
2018-02-05 10:30:00,0.3615625
2018-02-06 10:30:00,0.37525
2018-02-07 10:30:00,0.37221247
2018-02-08 10:30:00,0.31103748
2018-02-09 10:30:00,0.29343748
2018-02-10 10:30:00,0.27917498
2018-02-11 10:30:00,0.27645
2018-02-12 10:30:00,0.2922125
2018-02-13 10:30:00,0.3002375
2018-02-14 10:30:00,0.2999875
2018-02-15 10:30:00,0.3039125
2018-02-16 10:30:00,0.24491249
2018-02-17 10:30:00,0.23049998
2018-02-18 10:30:00,0.2761
2018-02-19 10:30:00,0.2995875
2018-02-20 10:30:00,0.32107496
2018-02-21 10:30:00,0.36369997
2018-02-22 10:30:00,0.3393125
2018-02-23 10:30:00,0.2664875
2018-02-24 10:30:00,0.23521249
2018-02-25 10:30:00,0.43171248
2018-02-26 10:30:00,0.4053
2018-02-27 10:30:00,0.297375
2018-02-28 10:30:00,0.6217125
2018-03-01 10:30:00,0.3530125
2018-03-02 10:30:00,0.34311247
2018-03-03 10:30:00,0.53713745
2018-03-04 10:30:00,0.32435
2018-03-05 10:30:00,0.269925
2018-03-06 10:30:00,0.299675
2018-03-07 10:30:00,0.46735
2018-03-08 10:30:00,0.2996875
2018-03-09 10:30:00,0.5558125
2018-03-10 10:30:00,0.56192493
2018-03-11 10:30:00,0.4146625
2018-03-12 10:30:00,0.44669998
2018-03-13 10:30:00,0.5844
2018-03-14 10:30:00,0.623425
2018-03-15 10:30:00,0.25968748
2018-03-16 10:30:00,0.2537625
2018-03-17 10:30:00,0.262175
2018-03-18 10:30:00,0.278875
2018-03-19 10:30:00,0.1903375
2018-03-20 10:30:00,0.186525
2018-03-21 10:30:00,0.25817502
2018-03-22 10:30:00,0.19305
2018-03-23 10:30:00,0.19956249
2018-03-24 10:30:00,0.23119998
2018-03-25 10:30:00,0.2550875
2018-03-26 10:30:00,0.219
2018-03-27 10:30:00,0.26029998
2018-03-28 10:30:00,0.211275
2018-03-29 10:30:00,0.1384
2018-03-30 10:30:00,0.3624625
2018-03-31 10:30:00,0.54505
2018-04-01 10:30:00,0.256175
2018-04-02 10:30:00,0.1495875
2018-04-03 10:30:00,0.1196
2018-04-04 10:30:00,0.0945625
2018-04-05 10:30:00,0.21695
2018-04-06 10:30:00,0.13454999
2018-04-07 10:30:00,0.12243749
2018-04-08 10:30:00,0.1794375
2018-04-09 10:30:00,0.2142625
2018-04-10 10:30:00,0.54281247
2018-04-11 10:30:00,0.209675
2018-04-12 10:30:00,0.286425
2018-04-13 10:30:00,0.63414997
2018-04-14 10:30:00,0.6466375
2018-04-15 10:30:00,0.27297497
2018-04-16 10:30:00,0.179375
2018-04-17 10:30:00,0.2619375
2018-04-18 10:30:00,0.3343125
2018-04-19 10:30:00,0.25536248
2018-04-20 10:30:00,0.6486875
2018-04-21 10:30:00,0.48215
2018-04-22 10:30:00,0.32665
2018-04-23 10:30:00,0.31785
2018-04-24 10:30:00,0.2210625
2018-04-25 10:30:00,0.20265
2018-04-26 10:30:00,0.2417125
2018-04-27 10:30:00,0.1470625
2018-04-28 10:30:00,0.29073748
2018-04-29 10:30:00,0.430525
2018-04-30 10:30:00,0.329825
2018-05-01 10:30:00,0.4143125
2018-05-02 10:30:00,0.27705
2018-05-03 10:30:00,0.19487499
2018-05-04 10:30:00,0.1652
2018-05-05 10:30:00,0.123550005
2018-05-06 10:30:00,0.22434999
2018-05-07 10:30:00,0.3287625
2018-05-08 10:30:00,0.3204125
2018-05-09 10:30:00,0.205175
2018-05-10 10:30:00,0.2577625
2018-05-11 10:30:00,0.3721375
2018-05-12 10:30:00,0.47605
2018-05-13 10:30:00,0.44612497
2018-05-14 10:30:00,0.21788749
2018-05-15 10:30:00,0.59375
2018-05-16 10:30:00,0.5394375
2018-05-17 10:30:00,0.35678747
2018-05-18 10:30:00,0.2527
2018-05-19 10:30:00,0.18546249
2018-05-20 10:30:00,0.3486875
2018-05-21 10:30:00,0.4042375
2018-05-22 10:30:00,0.56653744
2018-05-23 10:30:00,0.3796875
2018-05-24 10:30:00,0.4536125
2018-05-25 10:30:00,0.3011375
2018-05-26 10:30:00,0.45045
2018-05-27 10:30:00,0.7056375
2018-05-28 10:30:00,0.76739997
2018-05-29 10:30:00,0.7261125
2018-05-30 10:30:00,0.4574625
2018-05-31 10:30:00,0.36705002
2018-06-01 10:30:00,0.14953749
2018-06-02 10:30:00,0.13145
2018-06-03 10:30:00,0.2574625
2018-06-04 10:30:00,0.39971247
2018-06-05 10:30:00,0.38302502
2018-06-06 10:30:00,0.428975
2018-06-07 10:30:00,0.386475
2018-06-08 10:30:00,0.437125
2018-06-09 10:30:00,0.623725
2018-06-10 10:30:00,0.62584996
2018-06-11 10:30:00,0.6997875
2018-06-12 10:30:00,0.76559997
2018-06-13 10:30:00,0.6381125
2018-06-14 10:30:00,0.7098375
2018-06-15 10:30:00,0.6682625
2018-06-16 10:30:00,0.52459997
2018-06-17 10:30:00,0.4350375
2018-06-18 10:30:00,0.776425
2018-06-19 10:30:00,0.53099996
2018-06-20 10:30:00,0.5435875
2018-06-21 10:30:00,0.4126625
2018-06-22 10:30:00,0.434775
2018-06-23 10:30:00,0.45363748
2018-06-24 10:30:00,0.62083745
2018-06-25 10:30:00,0.85464996
2018-06-26 10:30:00,0.8204875
2018-06-27 10:30:00,0.79959995
2018-06-28 10:30:00,0.5836
2018-06-29 10:30:00,0.5473125
2018-06-30 10:30:00,0.523125
2018-07-01 10:30:00,0.51011246
2018-07-02 10:30:00,0.60244995
2018-07-03 10:30:00,0.64161247
2018-07-04 10:30:00,0.87067497
2018-07-05 10:30:00,0.78458744
2018-07-06 10:30:00,0.68893754
2018-07-07 10:30:00,0.863275
2018-07-08 10:30:00,0.761875
2018-07-09 10:30:00,0.744975
2018-07-10 10:30:00,0.77051246
2018-07-11 10:30:00,0.77788746
2018-07-12 10:30:00,0.56923753
2018-07-13 10:30:00,0.5053125
2018-07-14 10:30:00,0.5262375
2018-07-15 10:30:00,0.520625
2018-07-16 10:30:00,0.8667875
2018-07-17 10:30:00,0.8407875
2018-07-18 10:30:00,0.7801
2018-07-19 10:30:00,0.7094375
2018-07-20 10:30:00,0.8397125
2018-07-21 10:30:00,0.8598375
2018-07-22 10:30:00,0.652225
2018-07-23 10:30:00,0.59432495
2018-07-24 10:30:00,0.790325
2018-07-25 10:30:00,0.7912
2018-07-26 10:30:00,0.6597125
2018-07-27 10:30:00,0.6421875
2018-07-28 10:30:00,0.6666375
2018-07-29 10:30:00,0.6501875
2018-07-30 10:30:00,0.75323755
2018-07-31 10:30:00,0.5129375
2018-08-01 10:30:00,0.5666625
2018-08-02 10:30:00,0.619325
2018-08-03 10:30:00,0.73871255
2018-08-04 10:30:00,0.7783125
2018-08-05 10:30:00,0.6460499
2018-08-06 10:30:00,0.73473746
2018-08-07 10:30:00,0.72025
2018-08-08 10:30:00,0.68224996
2018-08-09 10:30:00,0.5139875
2018-08-10 10:30:00,0.578
2018-08-11 10:30:00,0.72505
2018-08-12 10:30:00,0.699425
2018-08-13 10:30:00,0.86483747
2018-08-14 10:30:00,0.8086
2018-08-15 10:30:00,0.6933875
2018-08-16 10:30:00,0.57259995
2018-08-17 10:30:00,0.691875
2018-08-18 10:30:00,0.4804625
2018-08-19 10:30:00,0.54555
2018-08-20 10:30:00,0.6957
2018-08-21 10:30:00,0.5792375
2018-08-22 10:30:00,0.5606125
2018-08-23 10:30:00,0.5959875
2018-08-24 10:30:00,0.6777375
2018-08-25 10:30:00,0.8271875
2018-08-26 10:30:00,0.71371245
2018-08-27 10:30:00,0.6179375
2018-08-28 10:30:00,0.88394994
2018-08-29 10:30:00,0.739475
2018-08-30 10:30:00,0.790475
2018-08-31 10:30:00,0.63899994
2018-09-01 10:30:00,0.5774625
2018-09-02 10:30:00,0.794875
2018-09-03 10:30:00,0.6858875
2018-09-04 10:30:00,0.5680125
2018-09-05 10:30:00,0.5893
2018-09-06 10:30:00,0.40752497
2018-09-07 10:30:00,0.50374997
2018-09-08 10:30:00,0.4483
2018-09-09 10:30:00,0.53671247
2018-09-10 10:30:00,0.6002
2018-09-11 10:30:00,0.6178625
2018-09-12 10:30:00,0.510825
2018-09-13 10:30:00,0.43246248
2018-09-14 10:30:00,0.551925
2018-09-15 10:30:00,0.3965875
2018-09-16 10:30:00,0.41615
2018-09-17 10:30:00,0.4250125
2018-09-18 10:30:00,0.5111375
2018-09-19 10:30:00,0.50971246
2018-09-20 10:30:00,0.57103753
2018-09-21 10:30:00,0.4698375
2018-09-22 10:30:00,0.57154995
2018-09-23 10:30:00,0.70457494
2018-09-24 10:30:00,0.50146246
2018-09-25 10:30:00,0.508125
2018-09-26 10:30:00,0.5028625
2018-09-27 10:30:00,0.4577875
2018-09-28 10:30:00,0.6341625
2018-09-29 10:30:00,0.8483375
2018-09-30 10:30:00,0.79595
2018-10-01 10:30:00,0.48058748
2018-10-02 10:30:00,0.49941248
2018-10-03 10:30:00,0.54765
2018-10-04 10:30:00,0.4707125
2018-10-05 10:30:00,0.3604625
2018-10-06 10:30:00,0.33124998
2018-10-07 10:30:00,0.45252502
2018-10-08 10:30:00,0.40382499
2018-10-09 10:30:00,0.43471247
2018-10-10 10:30:00,0.48252496
2018-10-11 10:30:00,0.4461875
2018-10-12 10:30:00,0.3824375
2018-10-13 10:30:00,0.27825
2018-10-14 10:30:00,0.39185
2018-10-15 10:30:00,0.329625
2018-10-16 10:30:00,0.37452498
2018-10-17 10:30:00,0.3707
2018-10-18 10:30:00,0.289175
2018-10-19 10:30:00,0.34116247
2018-10-20 10:30:00,0.31
2018-10-21 10:30:00,0.2902875
2018-10-22 10:30:00,0.3319875
2018-10-23 10:30:00,0.48404998
2018-10-24 10:30:00,0.44814998
2018-10-25 10:30:00,0.602375
2018-10-26 10:30:00,0.48048747
2018-10-27 10:30:00,0.29185
2018-10-28 10:30:00,0.38103747
2018-10-29 10:30:00,0.48197496
2018-10-30 10:30:00,0.3988875
2018-10-31 10:30:00,0.3391375
2018-11-01 10:30:00,0.4029
2018-11-02 10:30:00,0.3057
2018-11-03 10:30:00,0.35154998
2018-11-04 10:30:00,0.39699998
2018-11-05 10:30:00,0.38037497
2018-11-06 10:30:00,0.3337125
2018-11-07 10:30:00,0.32779998
2018-11-08 10:30:00,0.43705
2018-11-09 10:30:00,0.40921247
2018-11-10 10:30:00,0.35698748
2018-11-11 10:30:00,0.45634997
2018-11-12 10:30:00,0.5136875
2018-11-13 10:30:00,0.451175
2018-11-14 10:30:00,0.607175
2018-11-15 10:30:00,0.330375
2018-11-16 10:30:00,0.3697
2018-11-17 10:30:00,0.465875
2018-11-18 10:30:00,0.4847
2018-11-19 10:30:00,0.37768748
2018-11-20 10:30:00,0.3384375
2018-11-21 10:30:00,0.2858125
2018-11-22 10:30:00,0.34634998
2018-11-23 10:30:00,0.295125
2018-11-24 10:30:00,0.3229875
2018-11-25 10:30:00,0.32201248
2018-11-26 10:30:00,0.2293125
2018-11-27 10:30:00,0.23375
2018-11-28 10:30:00,0.26494998
2018-11-29 10:30:00,0.23358749
2018-11-30 10:30:00,0.27324998
2018-12-01 10:30:00,0.2805625
2018-12-02 10:30:00,0.30409998
2018-12-03 10:30:00,0.2524125
2018-12-04 10:30:00,0.2468375
2018-12-05 10:30:00,0.2761375
2018-12-06 10:30:00,0.24719998
2018-12-07 10:30:00,0.2491
2018-12-08 10:30:00,0.272175
2018-12-09 10:30:00,0.37932497
2018-12-10 10:30:00,0.44575
2018-12-11 10:30:00,0.42173746
2018-12-12 10:30:00,0.5667625
2018-12-13 10:30:00,0.454175
2018-12-14 10:30:00,0.38134998
2018-12-15 10:30:00,0.33756247
2018-12-16 10:30:00,0.4001375
2018-12-17 10:30:00,0.3531
2018-12-18 10:30:00,0.4555125
2018-12-19 10:30:00,0.42744997
2018-12-20 10:30:00,0.496175
2018-12-21 10:30:00,0.58396244
2018-12-22 10:30:00,0.2612125
2018-12-23 10:30:00,0.24991249
2018-12-24 10:30:00,0.2860375
2018-12-25 10:30:00,0.20899999
2018-12-26 10:30:00,0.23122498
2018-12-27 10:30:00,0.23803748
2018-12-28 10:30:00,0.26313752
2018-12-29 10:30:00,0.28042498
2018-12-30 10:30:00,0.365225
2018-12-31 10:30:00,0.3123125
2019-01-01 10:30:00,0.265575
2019-01-02 10:30:00,0.3357375
2019-01-03 10:30:00,0.370325
2019-01-04 10:30:00,0.2983375
2019-01-05 10:30:00,0.2761375
2019-01-06 10:30:00,0.35205
2019-01-07 10:30:00,0.30304998
2019-01-08 10:30:00,0.22271249
2019-01-09 10:30:00,0.2137375
2019-01-10 10:30:00,0.3636375
2019-01-11 10:30:00,0.415125
2019-01-12 10:30:00,0.45749998
2019-01-13 10:30:00,0.46249998
2019-01-14 10:30:00,0.31173748
2019-01-15 10:30:00,0.23157501
2019-01-16 10:30:00,0.32944998
2019-01-17 10:30:00,0.33389997
2019-01-18 10:30:00,0.35573748
2019-01-19 10:30:00,0.31882498
2019-01-20 10:30:00,0.268825
2019-01-21 10:30:00,0.30269998
2019-01-22 10:30:00,0.2549125
2019-01-23 10:30:00,0.26221249
2019-01-24 10:30:00,0.322825
2019-01-25 10:30:00,0.2679125
2019-01-26 10:30:00,0.2194375
2019-01-27 10:30:00,0.27945
2019-01-28 10:30:00,0.2700625
2019-01-29 10:30:00,0.24307498
2019-01-30 10:30:00,0.2141875
2019-01-31 10:30:00,0.20011249
2019-02-01 10:30:00,0.1588625
2019-02-02 10:30:00,0.29282498
2019-02-03 10:30:00,0.2161625
2019-02-04 10:30:00,0.3082
2019-02-05 10:30:00,0.219075
2019-02-06 10:30:00,0.20515
2019-02-07 10:30:00,0.1988125
2019-02-08 10:30:00,0.2348875
2019-02-09 10:30:00,0.23082499
2019-02-10 10:30:00,0.23959999
2019-02-11 10:30:00,0.23099998
2019-02-12 10:30:00,0.2008
2019-02-13 10:30:00,0.1918
2019-02-14 10:30:00,0.1456875
2019-02-15 10:30:00,0.136025
2019-02-16 10:30:00,0.2041
2019-02-17 10:30:00,0.1803125
2019-02-18 10:30:00,0.118412495
2019-02-19 10:30:00,0.2127375
2019-02-20 10:30:00,0.19013749
2019-02-21 10:30:00,0.18620001
2019-02-22 10:30:00,0.26749998
2019-02-23 10:30:00,0.20625
2019-02-24 10:30:00,0.21789998
2019-02-25 10:30:00,0.27583748
2019-02-26 10:30:00,0.2454375
2019-02-27 10:30:00,0.282675
2019-02-28 10:30:00,0.21192499
2019-03-01 10:30:00,0.19215
2019-03-02 10:30:00,0.19231251
2019-03-03 10:30:00,0.23511249
2019-03-04 10:30:00,0.250475
2019-03-05 10:30:00,0.39158747
2019-03-06 10:30:00,0.25245
2019-03-07 10:30:00,0.19213751
2019-03-08 10:30:00,0.1148375
2019-03-09 10:30:00,0.1763125
2019-03-10 10:30:00,0.12262499
2019-03-11 10:30:00,0.1780875
2019-03-12 10:30:00,0.16231251
2019-03-13 10:30:00,0.18715
2019-03-14 10:30:00,0.26255
2019-03-15 10:30:00,0.2784125
2019-03-16 10:30:00,0.35845
2019-03-17 10:30:00,0.205425
2019-03-18 10:30:00,0.17271249
2019-03-19 10:30:00,0.2935
2019-03-20 10:30:00,0.29143748
2019-03-21 10:30:00,0.186975
2019-03-22 10:30:00,0.20241249
2019-03-23 10:30:00,0.159125
2019-03-24 10:30:00,0.1835375
2019-03-25 10:30:00,0.086425
2019-03-26 10:30:00,0.0856375
2019-03-27 10:30:00,0.103687495
2019-03-28 10:30:00,0.12427499
2019-03-29 10:30:00,0.2832875
2019-03-30 10:30:00,0.175125
2019-03-31 10:30:00,0.1818625
2019-04-01 10:30:00,0.144475
2019-04-02 10:30:00,0.12646249
2019-04-03 10:30:00,0.1249625
2019-04-04 10:30:00,0.345725
2019-04-05 10:30:00,0.220825
2019-04-06 10:30:00,0.250275
2019-04-07 10:30:00,0.31366247
2019-04-08 10:30:00,0.261425
2019-04-09 10:30:00,0.17593749
2019-04-10 10:30:00,0.1084375
2019-04-11 10:30:00,0.11587499
2019-04-12 10:30:00,0.08377499
2019-04-13 10:30:00,0.1684375
2019-04-14 10:30:00,0.157425
2019-04-15 10:30:00,0.083437495
2019-04-16 10:30:00,0.122774996
2019-04-17 10:30:00,0.4338
2019-04-18 10:30:00,0.11675
2019-04-19 10:30:00,0.0888375
2019-04-20 10:30:00,0.074875
2019-04-21 10:30:00,0.0594875
2019-04-22 10:30:00,0.1435875
2019-04-23 10:30:00,0.099125005
2019-04-24 10:30:00,0.1354875
2019-04-25 10:30:00,0.17206249
2019-04-26 10:30:00,0.108550005
2019-04-27 10:30:00,0.0797
2019-04-28 10:30:00,0.34085
2019-04-29 10:30:00,0.48017496
2019-04-30 10:30:00,0.20593749
2019-05-01 10:30:00,0.1680875
2019-05-02 10:30:00,0.2108625
2019-05-03 10:30:00,0.169175
2019-05-04 10:30:00,0.4029125
2019-05-05 10:30:00,0.204225
2019-05-06 10:30:00,0.1530625
2019-05-07 10:30:00,0.1449875
2019-05-08 10:30:00,0.1522625
2019-05-09 10:30:00,0.2141875
2019-05-10 10:30:00,0.2194375
2019-05-11 10:30:00,0.37665
2019-05-12 10:30:00,0.5244
2019-05-13 10:30:00,0.61439997
2019-05-14 10:30:00,0.4166
2019-05-15 10:30:00,0.312875
2019-05-16 10:30:00,0.15682499
2019-05-17 10:30:00,0.18615
2019-05-18 10:30:00,0.27438748
2019-05-19 10:30:00,0.843225
2019-05-20 10:30:00,0.537975
2019-05-21 10:30:00,0.51476246
2019-05-22 10:30:00,0.42215
2019-05-23 10:30:00,0.35408747
2019-05-24 10:30:00,0.22395
2019-05-25 10:30:00,0.5430875
2019-05-26 10:30:00,0.67701244
2019-05-27 10:30:00,0.3195125
2019-05-28 10:30:00,0.17271249
2019-05-29 10:30:00,0.203975
2019-05-30 10:30:00,0.4971375
2019-05-31 10:30:00,0.42568746
2019-06-01 10:30:00,0.40967497
2019-06-02 10:30:00,0.46537498
2019-06-03 10:30:00,0.49952498
2019-06-04 10:30:00,0.4287875
2019-06-05 10:30:00,0.342825
2019-06-06 10:30:00,0.598125
2019-06-07 10:30:00,0.814775
2019-06-08 10:30:00,0.8192
2019-06-09 10:30:00,0.735275
2019-06-10 10:30:00,0.68896246
2019-06-11 10:30:00,0.610325
2019-06-12 10:30:00,0.6213875
2019-06-13 10:30:00,0.4021375
2019-06-14 10:30:00,0.5872875
2019-06-15 10:30:00,0.52332497
2019-06-16 10:30:00,0.44783747
2019-06-17 10:30:00,0.3630375
2019-06-18 10:30:00,0.43522498
2019-06-19 10:30:00,0.39159998
2019-06-20 10:30:00,0.4732
2019-06-21 10:30:00,0.44535
2019-06-22 10:30:00,0.48839998
2019-06-23 10:30:00,0.3775
2019-06-24 10:30:00,0.372825
2019-06-25 10:30:00,0.67526245
2019-06-26 10:30:00,0.75713754
2019-06-27 10:30:00,0.73305
2019-06-28 10:30:00,0.79732496
2019-06-29 10:30:00,0.70897496
2019-06-30 10:30:00,0.703025
2019-07-01 10:30:00,0.5227625
2019-07-02 10:30:00,0.61271244
2019-07-03 10:30:00,0.5958375
2019-07-04 10:30:00,0.6136
2019-07-05 10:30:00,0.86411244
2019-07-06 10:30:00,0.90155
2019-07-07 10:30:00,0.65717494
2019-07-08 10:30:00,0.67451245
2019-07-09 10:30:00,0.62112504
2019-07-10 10:30:00,0.7237125
2019-07-11 10:30:00,0.7447
2019-07-12 10:30:00,0.688825
2019-07-13 10:30:00,0.7467125
2019-07-14 10:30:00,0.6737625
2019-07-15 10:30:00,0.6453375
2019-07-16 10:30:00,0.75137496
2019-07-17 10:30:00,0.6939125
2019-07-18 10:30:00,0.61120003
2019-07-19 10:30:00,0.6397375
2019-07-20 10:30:00,0.725075
2019-07-21 10:30:00,0.581425
2019-07-22 10:30:00,0.55267495
2019-07-23 10:30:00,0.86097497
2019-07-24 10:30:00,0.70357496
2019-07-25 10:30:00,0.776025
2019-07-26 10:30:00,0.66239995
2019-07-27 10:30:00,0.8173
2019-07-28 10:30:00,0.688675
2019-07-29 10:30:00,0.65659994
2019-07-30 10:30:00,0.7352875
2019-07-31 10:30:00,0.5404875
2019-08-01 10:30:00,0.57945
2019-08-02 10:30:00,0.57721245
2019-08-03 10:30:00,0.6049875
2019-08-04 10:30:00,0.539175
2019-08-05 10:30:00,0.64776254
2019-08-06 10:30:00,0.8673875
2019-08-07 10:30:00,0.80348754
2019-08-08 10:30:00,0.8345125
2019-08-09 10:30:00,0.76966244
2019-08-10 10:30:00,0.838325
2019-08-11 10:30:00,0.7847875
2019-08-12 10:30:00,0.71458745
2019-08-13 10:30:00,0.7066625
2019-08-14 10:30:00,0.630625
2019-08-15 10:30:00,0.603825
2019-08-16 10:30:00,0.69084996
2019-08-17 10:30:00,0.69402504
2019-08-18 10:30:00,0.69383746
2019-08-19 10:30:00,0.6618125
2019-08-20 10:30:00,0.85851246
2019-08-21 10:30:00,0.59963745
2019-08-22 10:30:00,0.7196625
2019-08-23 10:30:00,0.7522
2019-08-24 10:30:00,0.7568
2019-08-25 10:30:00,0.74433744
2019-08-26 10:30:00,0.884575
2019-08-27 10:30:00,0.6994125
2019-08-28 10:30:00,0.79028744
2019-08-29 10:30:00,0.7651875
2019-08-30 10:30:00,0.6069875
2019-08-31 10:30:00,0.59415
2019-09-01 10:30:00,0.634375
2019-09-02 10:30:00,0.665075
2019-09-03 10:30:00,0.62334996
2019-09-04 10:30:00,0.6318
2019-09-05 10:30:00,0.5614
2019-09-06 10:30:00,0.67623746
2019-09-07 10:30:00,0.722925
2019-09-08 10:30:00,0.42784998
2019-09-09 10:30:00,0.40655
2019-09-10 10:30:00,0.4844125
2019-09-11 10:30:00,0.4430125
2019-09-12 10:30:00,0.44361252
2019-09-13 10:30:00,0.60995
2019-09-14 10:30:00,0.42752498
2019-09-15 10:30:00,0.325975
2019-09-16 10:30:00,0.32639998
2019-09-17 10:30:00,0.397975
2019-09-18 10:30:00,0.34596246
2019-09-19 10:30:00,0.4918875
2019-09-20 10:30:00,0.58055
2019-09-21 10:30:00,0.48354998
2019-09-22 10:30:00,0.4599625
2019-09-23 10:30:00,0.3266875
2019-09-24 10:30:00,0.3385875
2019-09-25 10:30:00,0.49546248
2019-09-26 10:30:00,0.46024996
2019-09-27 10:30:00,0.40296248
2019-09-28 10:30:00,0.32212502
2019-09-29 10:30:00,0.38936248
2019-09-30 10:30:00,0.5194875
2019-10-01 10:30:00,0.509725
2019-10-02 10:30:00,0.6504375
2019-10-03 10:30:00,0.6325125
2019-10-04 10:30:00,0.488925
2019-10-05 10:30:00,0.47675
2019-10-06 10:30:00,0.39614996
2019-10-07 10:30:00,0.3925125
2019-10-08 10:30:00,0.44388747
2019-10-09 10:30:00,0.3708375
2019-10-10 10:30:00,0.2502375
2019-10-11 10:30:00,0.24149999
2019-10-12 10:30:00,0.2568375
2019-10-13 10:30:00,0.2616875
2019-10-14 10:30:00,0.261175
2019-10-15 10:30:00,0.21594998
2019-10-16 10:30:00,0.372075
2019-10-17 10:30:00,0.3551125
2019-10-18 10:30:00,0.41978753
2019-10-19 10:30:00,0.503425
2019-10-20 10:30:00,0.4149625
2019-10-21 10:30:00,0.28755
2019-10-22 10:30:00,0.28425
2019-10-23 10:30:00,0.3085875
2019-10-24 10:30:00,0.69616246
2019-10-25 10:30:00,0.5063
2019-10-26 10:30:00,0.5674
2019-10-27 10:30:00,0.521225
2019-10-28 10:30:00,0.5525125
2019-10-29 10:30:00,0.3318375
2019-10-30 10:30:00,0.3653625
2019-10-31 10:30:00,0.23931248
2019-11-01 10:30:00,0.21698749
2019-11-02 10:30:00,0.3308875
2019-11-03 10:30:00,0.33118752
2019-11-04 10:30:00,0.341775
2019-11-05 10:30:00,0.221325
2019-11-06 10:30:00,0.31261247
2019-11-07 10:30:00,0.3153375
2019-11-08 10:30:00,0.3865
2019-11-09 10:30:00,0.46074998
2019-11-10 10:30:00,0.41747501
2019-11-11 10:30:00,0.20889999
2019-11-12 10:30:00,0.67742497
2019-11-13 10:30:00,0.4017375
2019-11-14 10:30:00,0.397825
2019-11-15 10:30:00,0.365225
2019-11-16 10:30:00,0.32669997
2019-11-17 10:30:00,0.4702875
2019-11-18 10:30:00,0.28285
2019-11-19 10:30:00,0.3061125
2019-11-20 10:30:00,0.3561625
2019-11-21 10:30:00,0.475175
2019-11-22 10:30:00,0.46099997
2019-11-23 10:30:00,0.2613
2019-11-24 10:30:00,0.29588747
2019-11-25 10:30:00,0.2527125
2019-11-26 10:30:00,0.2631125
2019-11-27 10:30:00,0.2820625
2019-11-28 10:30:00,0.3164875
2019-11-29 10:30:00,0.325
2019-11-30 10:30:00,0.5315
2019-12-01 10:30:00,0.403325
2019-12-02 10:30:00,0.2768
2019-12-03 10:30:00,0.2791875
2019-12-04 10:30:00,0.29128748
2019-12-05 10:30:00,0.28876248
2019-12-06 10:30:00,0.3855125
2019-12-07 10:30:00,0.4645
2019-12-08 10:30:00,0.6249
2019-12-09 10:30:00,0.55422497
2019-12-10 10:30:00,0.5841375
2019-12-11 10:30:00,0.509
2019-12-12 10:30:00,0.54996246
2019-12-13 10:30:00,0.5293625
2019-12-14 10:30:00,0.603475
2019-12-15 10:30:00,0.581625
2019-12-16 10:30:00,0.5215875
2019-12-17 10:30:00,0.45943746
2019-12-18 10:30:00,0.48253748
2019-12-19 10:30:00,0.49765
2019-12-20 10:30:00,0.4784875
2019-12-21 10:30:00,0.5814
2019-12-22 10:30:00,0.64498746
2019-12-23 10:30:00,0.572125
2019-12-24 10:30:00,0.6377875
2019-12-25 10:30:00,0.61064994
2019-12-26 10:30:00,0.52285
2019-12-27 10:30:00,0.6157625
2019-12-28 10:30:00,0.660425
2019-12-29 10:30:00,0.65537494
2019-12-30 10:30:00,0.490525
2019-12-31 10:30:00,0.4584875
2020-01-01 10:30:00,0.512725
2020-01-02 10:30:00,0.484875
2020-01-03 10:30:00,0.570775
2020-01-04 10:30:00,0.58103746
2020-01-05 10:30:00,0.66209996
2020-01-06 10:30:00,0.7872625
2020-01-07 10:30:00,0.6839875
2020-01-08 10:30:00,0.6474624
2020-01-09 10:30:00,0.6272125
2020-01-10 10:30:00,0.565175
2020-01-11 10:30:00,0.567375
2020-01-12 10:30:00,0.5064125
2020-01-13 10:30:00,0.6089875
2020-01-14 10:30:00,0.5643375
2020-01-15 10:30:00,0.5741875
2020-01-16 10:30:00,0.5160625
2020-01-17 10:30:00,0.5716625
2020-01-18 10:30:00,0.6960125
2020-01-19 10:30:00,0.7074375
2020-01-20 10:30:00,0.5420875
2020-01-21 10:30:00,0.53811246
2020-01-22 10:30:00,0.56865
2020-01-23 10:30:00,0.4337875
2020-01-24 10:30:00,0.5135625
2020-01-25 10:30:00,0.5990875
2020-01-26 10:30:00,0.5937625
2020-01-27 10:30:00,0.6090375
2020-01-28 10:30:00,0.5865125
2020-01-29 10:30:00,0.5784125
2020-01-30 10:30:00,0.5784
2020-01-31 10:30:00,0.56544995
2020-02-01 10:30:00,0.38392502
2020-02-02 10:30:00,0.3895625
2020-02-03 10:30:00,0.41525
2020-02-04 10:30:00,0.4031375
2020-02-05 10:30:00,0.409475
2020-02-06 10:30:00,0.36368752
2020-02-07 10:30:00,0.5123125
2020-02-08 10:30:00,0.54211247
2020-02-09 10:30:00,0.576875
2020-02-10 10:30:00,0.647325
2020-02-11 10:30:00,0.4896125
2020-02-12 10:30:00,0.6138875
2020-02-13 10:30:00,0.68324995
2020-02-14 10:30:00,0.501175
2020-02-15 10:30:00,0.46066248
2020-02-16 10:30:00,0.5571
2020-02-17 10:30:00,0.41573748
2020-02-18 10:30:00,0.423225
2020-02-19 10:30:00,0.42358747
2020-02-20 10:30:00,0.5744375
2020-02-21 10:30:00,0.71138746
2020-02-22 10:30:00,0.509825
2020-02-23 10:30:00,0.4512625
2020-02-24 10:30:00,0.4315875
2020-02-25 10:30:00,0.5097875
2020-02-26 10:30:00,0.40119997
2020-02-27 10:30:00,0.4565625
2020-02-28 10:30:00,0.55096245
2020-02-29 10:30:00,0.5376625
2020-03-01 10:30:00,0.58603746
2020-03-02 10:30:00,0.5741875
2020-03-03 10:30:00,0.776425
2020-03-04 10:30:00,0.55592495
2020-03-05 10:30:00,0.53569996
2020-03-06 10:30:00,0.6751875
2020-03-07 10:30:00,0.45659998
2020-03-08 10:30:00,0.49682498
2020-03-09 10:30:00,0.32713747
2020-03-10 10:30:00,0.5080625
2020-03-11 10:30:00,0.36311248
2020-03-12 10:30:00,0.20683749
2020-03-13 10:30:00,0.42984998
2020-03-14 10:30:00,0.363175
2020-03-15 10:30:00,0.2561
2020-03-16 10:30:00,0.409425
2020-03-17 10:30:00,0.364875
2020-03-18 10:30:00,0.3907875
2020-03-19 10:30:00,0.38733748
2020-03-20 10:30:00,0.3019
2020-03-21 10:30:00,0.2472625
2020-03-22 10:30:00,0.39537498
2020-03-23 10:30:00,0.30888748
2020-03-24 10:30:00,0.3616875
2020-03-25 10:30:00,0.336725
2020-03-26 10:30:00,0.2175625
2020-03-27 10:30:00,0.27885
2020-03-28 10:30:00,0.24819998
2020-03-29 10:30:00,0.17496249
2020-03-30 10:30:00,0.15896249
2020-03-31 10:30:00,0.191525
2020-04-01 10:30:00,0.19862498
2020-04-02 10:30:00,0.2176625
2020-04-03 10:30:00,0.2269875
2020-04-04 10:30:00,0.13336249
2020-04-05 10:30:00,0.15095
2020-04-06 10:30:00,0.2723625
2020-04-07 10:30:00,0.3032125
2020-04-08 10:30:00,0.3343375
2020-04-09 10:30:00,0.29216248
2020-04-10 10:30:00,0.157925
2020-04-11 10:30:00,0.1807875
2020-04-12 10:30:00,0.1185125
2020-04-13 10:30:00,0.136025
2020-04-14 10:30:00,0.2701875
2020-04-15 10:30:00,0.24149999
2020-04-16 10:30:00,0.4038375
2020-04-17 10:30:00,0.21635
2020-04-18 10:30:00,0.16055
2020-04-19 10:30:00,0.60695
2020-04-20 10:30:00,0.7291874
2020-04-21 10:30:00,0.72161245
2020-04-22 10:30:00,0.4905125
2020-04-23 10:30:00,0.4139875
2020-04-24 10:30:00,0.607875
2020-04-25 10:30:00,0.4955375
2020-04-26 10:30:00,0.48077497
2020-04-27 10:30:00,0.33901247
2020-04-28 10:30:00,0.5566625
2020-04-29 10:30:00,0.41603747
2020-04-30 10:30:00,0.3542125
2020-05-01 10:30:00,0.27918747
2020-05-02 10:30:00,0.30155
2020-05-03 10:30:00,0.69186246
2020-05-04 10:30:00,0.45593747
2020-05-05 10:30:00,0.43311247
2020-05-06 10:30:00,0.27851248
2020-05-07 10:30:00,0.39440003
2020-05-08 10:30:00,0.2480375
2020-05-09 10:30:00,0.365575
2020-05-10 10:30:00,0.526575
2020-05-11 10:30:00,0.51684994
2020-05-12 10:30:00,0.38483748
2020-05-13 10:30:00,0.32334998
2020-05-14 10:30:00,0.252
2020-05-15 10:30:00,0.4900125
2020-05-16 10:30:00,0.8065
2020-05-17 10:30:00,0.8597375
2020-05-18 10:30:00,0.63513744
2020-05-19 10:30:00,0.65367496
2020-05-20 10:30:00,0.68683743
2020-05-21 10:30:00,0.65739995
2020-05-22 10:30:00,0.796375
2020-05-23 10:30:00,0.6712625
2020-05-24 10:30:00,0.40482497
2020-05-25 10:30:00,0.4529
2020-05-26 10:30:00,0.3555625
2020-05-27 10:30:00,0.39421248
2020-05-28 10:30:00,0.43551248
2020-05-29 10:30:00,0.4891875
2020-05-30 10:30:00,0.494775
2020-05-31 10:30:00,0.7051375
2020-06-01 10:30:00,0.5240375
2020-06-02 10:30:00,0.5934125
2020-06-03 10:30:00,0.61215
2020-06-04 10:30:00,0.651325
2020-06-05 10:30:00,0.52195
2020-06-06 10:30:00,0.53921247
2020-06-07 10:30:00,0.5928125
2020-06-08 10:30:00,0.600025
2020-06-09 10:30:00,0.43014997
2020-06-10 10:30:00,0.6977125
2020-06-11 10:30:00,0.5234125
2020-06-12 10:30:00,0.6519875
2020-06-13 10:30:00,0.708125
2020-06-14 10:30:00,0.5192125
2020-06-15 10:30:00,0.4626375
2020-06-16 10:30:00,0.556925
2020-06-17 10:30:00,0.5961625
2020-06-18 10:30:00,0.606875
2020-06-19 10:30:00,0.6531375
2020-06-20 10:30:00,0.7935625
2020-06-21 10:30:00,0.627525
2020-06-22 10:30:00,0.728525
2020-06-23 10:30:00,0.8232374
2020-06-24 10:30:00,0.75146246
2020-06-25 10:30:00,0.709
2020-06-26 10:30:00,0.65955
2020-06-27 10:30:00,0.5716125
2020-06-28 10:30:00,0.6939875
2020-06-29 10:30:00,0.66472495
2020-06-30 10:30:00,0.67125
2020-07-01 10:30:00,0.6097
2020-07-02 10:30:00,0.5886
2020-07-03 10:30:00,0.615025
2020-07-04 10:30:00,0.77956253
2020-07-05 10:30:00,0.71229994
2020-07-06 10:30:00,0.812575
2020-07-07 10:30:00,0.5185125
2020-07-08 10:30:00,0.5644375
2020-07-09 10:30:00,0.59381247
2020-07-10 10:30:00,0.6542125
2020-07-11 10:30:00,0.73461246
2020-07-12 10:30:00,0.71595
2020-07-13 10:30:00,0.65467495
2020-07-14 10:30:00,0.663225
2020-07-15 10:30:00,0.56831247
2020-07-16 10:30:00,0.5966375
2020-07-17 10:30:00,0.6879
2020-07-18 10:30:00,0.62093747
2020-07-19 10:30:00,0.6404875
2020-07-20 10:30:00,0.5765
2020-07-21 10:30:00,0.4314125
2020-07-22 10:30:00,0.66735
2020-07-23 10:30:00,0.5547625
2020-07-24 10:30:00,0.550325
2020-07-25 10:30:00,0.6301625
2020-07-26 10:30:00,0.6043375
2020-07-27 10:30:00,0.643925
2020-07-28 10:30:00,0.7153624
2020-07-29 10:30:00,0.834325
2020-07-30 10:30:00,0.7236125
2020-07-31 10:30:00,0.6569125
2020-08-01 10:30:00,0.6400125
2020-08-02 10:30:00,0.88145
2020-08-03 10:30:00,0.81743747
2020-08-04 10:30:00,0.79426247
2020-08-05 10:30:00,0.74242496
2020-08-06 10:30:00,0.7079875
2020-08-07 10:30:00,0.848825
2020-08-08 10:30:00,0.93742496
2020-08-09 10:30:00,0.82294995
2020-08-10 10:30:00,0.704425
2020-08-11 10:30:00,0.65739995
2020-08-12 10:30:00,0.64708745
2020-08-13 10:30:00,0.99913746
2020-08-14 10:30:00,0.820075
2020-08-15 10:30:00,0.7378375
2020-08-16 10:30:00,0.73641247
2020-08-17 10:30:00,0.80864996
2020-08-18 10:30:00,0.67582494
2020-08-19 10:30:00,0.66158754
2020-08-20 10:30:00,0.5678125
2020-08-21 10:30:00,0.58627504
2020-08-22 10:30:00,0.61939996
2020-08-23 10:30:00,0.7584625
2020-08-24 10:30:00,0.9123375
2020-08-25 10:30:00,0.5958
2020-08-26 10:30:00,0.7278375
2020-08-27 10:30:00,0.9795375
2020-08-28 10:30:00,0.9826874
2020-08-29 10:30:00,0.661775
2020-08-30 10:30:00,0.892375
2020-08-31 10:30:00,0.8195125
2020-09-01 10:30:00,0.6410499
2020-09-02 10:30:00,0.581925
2020-09-03 10:30:00,0.8090875
2020-09-04 10:30:00,0.71985
2020-09-05 10:30:00,0.6667375
2020-09-06 10:30:00,0.71347505
2020-09-07 10:30:00,0.723
2020-09-08 10:30:00,0.704825
2020-09-09 10:30:00,0.81194997
2020-09-10 10:30:00,0.6588749
2020-09-11 10:30:00,0.719625
2020-09-12 10:30:00,0.7593875
2020-09-13 10:30:00,0.797425
2020-09-14 10:30:00,0.87307495
2020-09-15 10:30:00,0.8903625
2020-09-16 10:30:00,0.8464625
2020-09-17 10:30:00,0.767325
2020-09-18 10:30:00,0.7375
2020-09-19 10:30:00,0.707025
2020-09-20 10:30:00,0.7386125
2020-09-21 10:30:00,0.83566254
2020-09-22 10:30:00,0.6426
2020-09-23 10:30:00,0.617325
2020-09-24 10:30:00,0.74917495
2020-09-25 10:30:00,0.77015
2020-09-26 10:30:00,0.70975
2020-09-27 10:30:00,0.5309375
2020-09-28 10:30:00,0.57129997
2020-09-29 10:30:00,0.5259375
2020-09-30 10:30:00,0.6269625
2020-10-01 10:30:00,0.74614996
2020-10-02 10:30:00,0.69123745
2020-10-03 10:30:00,0.5454125
2020-10-04 10:30:00,0.64577496
2020-10-05 10:30:00,0.5267125
2020-10-06 10:30:00,0.5209625
2020-10-07 10:30:00,0.506875
2020-10-08 10:30:00,0.63941246
2020-10-09 10:30:00,0.5508625
2020-10-10 10:30:00,0.2970125
2020-10-11 10:30:00,0.3995
2020-10-12 10:30:00,0.465975
2020-10-13 10:30:00,0.504375
2020-10-14 10:30:00,0.41378748
2020-10-15 10:30:00,0.35974997
2020-10-16 10:30:00,0.39529997
2020-10-17 10:30:00,0.4000375
2020-10-18 10:30:00,0.393275
2020-10-19 10:30:00,0.420675
2020-10-20 10:30:00,0.31722498
2020-10-21 10:30:00,0.45779997
2020-10-22 10:30:00,0.3784375
2020-10-23 10:30:00,0.38415
2020-10-24 10:30:00,0.3523125
2020-10-25 10:30:00,0.51722497
2020-10-26 10:30:00,0.45205
2020-10-27 10:30:00,0.3454
2020-10-28 10:30:00,0.3958625
2020-10-29 10:30:00,0.43726248
2020-10-30 10:30:00,0.35833752
2020-10-31 10:30:00,0.4902375
2020-11-01 10:30:00,0.4842625
2020-11-02 10:30:00,0.35147497
2020-11-03 10:30:00,0.2938625
2020-11-04 10:30:00,0.36881247
2020-11-05 10:30:00,0.44138747
2020-11-06 10:30:00,0.39208752
2020-11-07 10:30:00,0.43937498
2020-11-08 10:30:00,0.3775125
2020-11-09 10:30:00,0.426475
2020-11-10 10:30:00,0.5286125
2020-11-11 10:30:00,0.41568747
2020-11-12 10:30:00,0.4459875
2020-11-13 10:30:00,0.3732
2020-11-14 10:30:00,0.3869125
2020-11-15 10:30:00,0.487425
2020-11-16 10:30:00,0.5291
2020-11-17 10:30:00,0.7618125
2020-11-18 10:30:00,0.5927375
2020-11-19 10:30:00,0.3476625
2020-11-20 10:30:00,0.35919997
2020-11-21 10:30:00,0.4222625
2020-11-22 10:30:00,0.4586875
2020-11-23 10:30:00,0.52357495
2020-11-24 10:30:00,0.61745
2020-11-25 10:30:00,0.47002497
2020-11-26 10:30:00,0.46877497
2020-11-27 10:30:00,0.42665
2020-11-28 10:30:00,0.46605
2020-11-29 10:30:00,0.5116125
2020-11-30 10:30:00,0.47533748
2020-12-01 10:30:00,0.5031625
2020-12-02 10:30:00,0.501425
2020-12-03 10:30:00,0.45273748
2020-12-04 10:30:00,0.4594625
2020-12-05 10:30:00,0.43807498
2020-12-06 10:30:00,0.4666125
2020-12-07 10:30:00,0.44166252
2020-12-08 10:30:00,0.41986248
2020-12-09 10:30:00,0.43847498
2020-12-10 10:30:00,0.4684875
2020-12-11 10:30:00,0.40533748
2020-12-12 10:30:00,0.41963747
2020-12-13 10:30:00,0.4011375
2020-12-14 10:30:00,0.375275
2020-12-15 10:30:00,0.3474375
2020-12-16 10:30:00,0.43194997
2020-12-17 10:30:00,0.390825
2020-12-18 10:30:00,0.3659375
2020-12-19 10:30:00,0.429275
2020-12-20 10:30:00,0.43046248
2020-12-21 10:30:00,0.39403751
2020-12-22 10:30:00,0.494375
2020-12-23 10:30:00,0.6430125
2020-12-24 10:30:00,0.5394375
2020-12-25 10:30:00,0.510275
2020-12-26 10:30:00,0.61974996
2020-12-27 10:30:00,0.612975
2020-12-28 10:30:00,0.4614375
2020-12-29 10:30:00,0.3754375
2020-12-30 10:30:00,0.4044875
2020-12-31 10:30:00,0.3836625
2021-01-01 10:30:00,0.41752496
2021-01-02 10:30:00,0.42049998
2021-01-03 10:30:00,0.4325375
2021-01-04 10:30:00,0.4038
2021-01-05 10:30:00,0.4085
2021-01-06 10:30:00,0.40623748
2021-01-07 10:30:00,0.39005
2021-01-08 10:30:00,0.41257498
2021-01-09 10:30:00,0.48087502
2021-01-10 10:30:00,0.43627498
2021-01-11 10:30:00,0.4241875
2021-01-12 10:30:00,0.7131624
2021-01-13 10:30:00,0.47175
2021-01-14 10:30:00,0.576175
2021-01-15 10:30:00,0.53631246
2021-01-16 10:30:00,0.533
2021-01-17 10:30:00,0.49851248
2021-01-18 10:30:00,0.37645
2021-01-19 10:30:00,0.498475
2021-01-20 10:30:00,0.57111245
2021-01-21 10:30:00,0.64591247
2021-01-22 10:30:00,0.4890625
2021-01-23 10:30:00,0.54489994
2021-01-24 10:30:00,0.576175
2021-01-25 10:30:00,0.54745
2021-01-26 10:30:00,0.4107125
2021-01-27 10:30:00,0.38665
2021-01-28 10:30:00,0.36169997
2021-01-29 10:30:00,0.561275
2021-01-30 10:30:00,0.5380375
2021-01-31 10:30:00,0.727575
2021-02-01 10:30:00,0.5401125
2021-02-02 10:30:00,0.43735
2021-02-03 10:30:00,0.4325375
2021-02-04 10:30:00,0.601125
2021-02-05 10:30:00,0.53671247
2021-02-06 10:30:00,0.5139125
2021-02-07 10:30:00,0.45884997
2021-02-08 10:30:00,0.51156247
2021-02-09 10:30:00,0.4743125
2021-02-10 10:30:00,0.501475
2021-02-11 10:30:00,0.48341247
2021-02-12 10:30:00,0.363525
2021-02-13 10:30:00,0.32994998
2021-02-14 10:30:00,0.32369998
2021-02-15 10:30:00,0.31418747
2021-02-16 10:30:00,0.31896248
2021-02-17 10:30:00,0.2651375
2021-02-18 10:30:00,0.3736
2021-02-19 10:30:00,0.35119998
2021-02-20 10:30:00,0.76646245
2021-02-21 10:30:00,0.542425
2021-02-22 10:30:00,0.34775
2021-02-23 10:30:00,0.3843625
2021-02-24 10:30:00,0.38222498
2021-02-25 10:30:00,0.3000125
2021-02-26 10:30:00,0.4914375
2021-02-27 10:30:00,0.51581246
2021-02-28 10:30:00,0.33945
2021-03-01 10:30:00,0.44303748
2021-03-02 10:30:00,0.563125
2021-03-03 10:30:00,0.5121625
2021-03-04 10:30:00,0.38318747
2021-03-05 10:30:00,0.2659875
2021-03-06 10:30:00,0.28667498
2021-03-07 10:30:00,0.32794997
2021-03-08 10:30:00,0.36346248
2021-03-09 10:30:00,0.18382499
2021-03-10 10:30:00,0.3361875
2021-03-11 10:30:00,0.3847625
2021-03-12 10:30:00,0.3032125
2021-03-13 10:30:00,0.32295
2021-03-14 10:30:00,0.4616125
2021-03-15 10:30:00,0.317675
2021-03-16 10:30:00,0.15916249
2021-03-17 10:30:00,0.266825
2021-03-18 10:30:00,0.255375
2021-03-19 10:30:00,0.39940003
2021-03-20 10:30:00,0.7954625
2021-03-21 10:30:00,0.455775
2021-03-22 10:30:00,0.3767625
2021-03-23 10:30:00,0.309975
2021-03-24 10:30:00,0.3175625
2021-03-25 10:30:00,0.3527125
2021-03-26 10:30:00,0.69664997
2021-03-27 10:30:00,0.38385
2021-03-28 10:30:00,0.4785125
2021-03-29 10:30:00,0.3412
2021-03-30 10:30:00,0.234925
2021-03-31 10:30:00,0.36177498
2021-04-01 10:30:00,0.3565125
2021-04-02 10:30:00,0.3360625
2021-04-03 10:30:00,0.2554
2021-04-04 10:30:00,0.2141875
2021-04-05 10:30:00,0.22466248
2021-04-06 10:30:00,0.17735
2021-04-07 10:30:00,0.26088747
2021-04-08 10:30:00,0.25202498
2021-04-09 10:30:00,0.2451375
2021-04-10 10:30:00,0.252275
2021-04-11 10:30:00,0.49842498
2021-04-12 10:30:00,0.6353875
2021-04-13 10:30:00,0.3597
2021-04-14 10:30:00,0.3033875
2021-04-15 10:30:00,0.569775
2021-04-16 10:30:00,0.88909996
2021-04-17 10:30:00,0.52805
2021-04-18 10:30:00,0.361275
2021-04-19 10:30:00,0.24838749
2021-04-20 10:30:00,0.2695
2021-04-21 10:30:00,0.2968375
2021-04-22 10:30:00,0.48857498
2021-04-23 10:30:00,0.60454994
2021-04-24 10:30:00,0.248675
2021-04-25 10:30:00,0.25975
2021-04-26 10:30:00,0.3426875
2021-04-27 10:30:00,0.3152875
2021-04-28 10:30:00,0.283225
2021-04-29 10:30:00,0.5122
2021-04-30 10:30:00,0.56518745
2021-05-01 10:30:00,0.5947125
2021-05-02 10:30:00,0.31149998
2021-05-03 10:30:00,0.399075
2021-05-04 10:30:00,0.46131247
2021-05-05 10:30:00,0.4463125
2021-05-06 10:30:00,0.5232875
2021-05-07 10:30:00,0.846725
2021-05-08 10:30:00,0.6608125
2021-05-09 10:30:00,0.5272375
2021-05-10 10:30:00,0.389775
2021-05-11 10:30:00,0.391475
2021-05-12 10:30:00,0.2732625
2021-05-13 10:30:00,0.32573748
2021-05-14 10:30:00,0.78735
2021-05-15 10:30:00,0.34245
2021-05-16 10:30:00,0.25695
2021-05-17 10:30:00,0.2980625
2021-05-18 10:30:00,0.38849998
2021-05-19 10:30:00,0.45889997
2021-05-20 10:30:00,0.598725
2021-05-21 10:30:00,0.462975
2021-05-22 10:30:00,0.34191248
2021-05-23 10:30:00,0.41245
2021-05-24 10:30:00,0.407275
2021-05-25 10:30:00,0.292575
2021-05-26 10:30:00,0.3465625
2021-05-27 10:30:00,0.5862125
2021-05-28 10:30:00,0.65402496
2021-05-29 10:30:00,0.4139875
2021-05-30 10:30:00,0.6215
2021-05-31 10:30:00,0.629225
2021-06-01 10:30:00,0.453075
2021-06-02 10:30:00,0.94385
2021-06-03 10:30:00,0.7486125
2021-06-04 10:30:00,0.83146244
2021-06-05 10:30:00,0.8276875
2021-06-06 10:30:00,0.57159996
2021-06-07 10:30:00,0.5274375
2021-06-08 10:30:00,0.610475
2021-06-09 10:30:00,0.640175
2021-06-10 10:30:00,0.52297497
2021-06-11 10:30:00,0.48458752
2021-06-12 10:30:00,0.6030625
2021-06-13 10:30:00,0.61305
2021-06-14 10:30:00,0.98621243
2021-06-15 10:30:00,0.69466245
2021-06-16 10:30:00,0.7800875
2021-06-17 10:30:00,0.5409375
2021-06-18 10:30:00,0.655225
2021-06-19 10:30:00,0.7507875
2021-06-20 10:30:00,0.83114994
2021-06-21 10:30:00,0.83577496
2021-06-22 10:30:00,0.64485
2021-06-23 10:30:00,0.48896247
2021-06-24 10:30:00,0.5229375
2021-06-25 10:30:00,0.69873744
2021-06-26 10:30:00,0.7991625
2021-06-27 10:30:00,0.80574995
2021-06-28 10:30:00,0.7352875
2021-06-29 10:30:00,0.69326246
2021-06-30 10:30:00,0.8940375
2021-07-01 10:30:00,0.87195
2021-07-02 10:30:00,0.87095
2021-07-03 10:30:00,0.903025
2021-07-04 10:30:00,0.92265
2021-07-05 10:30:00,0.80385
2021-07-06 10:30:00,0.8860375
2021-07-07 10:30:00,0.932375
2021-07-08 10:30:00,0.94387496
2021-07-09 10:30:00,0.89006245
2021-07-10 10:30:00,0.8339875
2021-07-11 10:30:00,0.794725
2021-07-12 10:30:00,0.953625
2021-07-13 10:30:00,0.9473875
2021-07-14 10:30:00,0.9939875
2021-07-15 10:30:00,0.92777497
2021-07-16 10:30:00,0.91795
2021-07-17 10:30:00,0.88216245
2021-07-18 10:30:00,0.8623625
2021-07-19 10:30:00,0.895175
2021-07-20 10:30:00,0.882075
2021-07-21 10:30:00,0.8652625
2021-07-22 10:30:00,0.9096624
2021-07-23 10:30:00,0.80660003
2021-07-24 10:30:00,0.94958746
2021-07-25 10:30:00,0.9218625
2021-07-26 10:30:00,0.99716246
2021-07-27 10:30:00,0.9034
2021-07-28 10:30:00,0.843825
2021-07-29 10:30:00,0.83959997
2021-07-30 10:30:00,0.925075
2021-07-31 10:30:00,0.98498744
2021-08-01 10:30:00,0.9069874
2021-08-02 10:30:00,0.8677375
2021-08-03 10:30:00,0.988925
2021-08-04 10:30:00,0.9167749
2021-08-05 10:30:00,0.7418
2021-08-06 10:30:00,0.7287
2021-08-07 10:30:00,0.7881625
2021-08-08 10:30:00,0.92034996
2021-08-09 10:30:00,0.9589499
2021-08-10 10:30:00,0.86811244
2021-08-11 10:30:00,0.9930875
2021-08-12 10:30:00,0.8543625
2021-08-13 10:30:00,0.9685624
2021-08-14 10:30:00,0.92635
2021-08-15 10:30:00,0.8674625
2021-08-16 10:30:00,0.811
2021-08-17 10:30:00,0.820575
2021-08-18 10:30:00,0.78762496
2021-08-19 10:30:00,0.85249996
2021-08-20 10:30:00,0.91778743
2021-08-21 10:30:00,0.8536875
2021-08-22 10:30:00,0.809675
2021-08-23 10:30:00,0.86591244
2021-08-24 10:30:00,0.83949995
2021-08-25 10:30:00,0.94051254
2021-08-26 10:30:00,0.919475
2021-08-27 10:30:00,0.80595
2021-08-28 10:30:00,0.9059625
2021-08-29 10:30:00,0.7006625
2021-08-30 10:30:00,0.711225
2021-08-31 10:30:00,0.7999875
2021-09-01 10:30:00,0.7262874
2021-09-02 10:30:00,0.83426243
2021-09-03 10:30:00,0.9096125
2021-09-04 10:30:00,0.79338753
2021-09-05 10:30:00,0.83957493
2021-09-06 10:30:00,0.9847625
2021-09-07 10:30:00,0.7302625
2021-09-08 10:30:00,0.93918747
2021-09-09 10:30:00,0.98239994
2021-09-10 10:30:00,0.70558745
2021-09-11 10:30:00,0.71998745
2021-09-12 10:30:00,0.6958875
2021-09-13 10:30:00,0.7590125
2021-09-14 10:30:00,0.78068745
2021-09-15 10:30:00,0.9404
2021-09-16 10:30:00,0.64169997
2021-09-17 10:30:00,0.646225
2021-09-18 10:30:00,0.70466244
2021-09-19 10:30:00,0.8340375
2021-09-20 10:30:00,0.8987875
2021-09-21 10:30:00,0.806
2021-09-22 10:30:00,0.7763499
2021-09-23 10:30:00,0.69506246
2021-09-24 10:30:00,0.77497494
2021-09-25 10:30:00,0.92223746
2021-09-26 10:30:00,0.99632496
2021-09-27 10:30:00,0.640325
2021-09-28 10:30:00,0.5886125
2021-09-29 10:30:00,0.48465
2021-09-30 10:30:00,0.6734375
2021-10-01 10:30:00,0.58379996
2021-10-02 10:30:00,0.62866247
2021-10-03 10:30:00,0.80474997
2021-10-04 10:30:00,0.7216
2021-10-05 10:30:00,0.5377375
2021-10-06 10:30:00,0.7185624
2021-10-07 10:30:00,0.59771246
2021-10-08 10:30:00,0.47367498
2021-10-09 10:30:00,0.4638375
2021-10-10 10:30:00,0.41953748
2021-10-11 10:30:00,0.42533746
2021-10-12 10:30:00,0.36881247
2021-10-13 10:30:00,0.69653744
2021-10-14 10:30:00,0.4993
2021-10-15 10:30:00,0.41846249
2021-10-16 10:30:00,0.388425
2021-10-17 10:30:00,0.5085625
2021-10-18 10:30:00,0.6005125
2021-10-19 10:30:00,0.4786875
2021-10-20 10:30:00,0.497425
2021-10-21 10:30:00,0.54064995
2021-10-22 10:30:00,0.460275
2021-10-23 10:30:00,0.3809375
2021-10-24 10:30:00,0.34675
2021-10-25 10:30:00,0.32935
2021-10-26 10:30:00,0.40559995
2021-10-27 10:30:00,0.39670002
2021-10-28 10:30:00,0.4748875
2021-10-29 10:30:00,0.51862496
2021-10-30 10:30:00,0.6227875
2021-10-31 10:30:00,0.4599375
2021-11-01 10:30:00,0.53884995
2021-11-02 10:30:00,0.62948745
2021-11-03 10:30:00,0.6692375
2021-11-04 10:30:00,0.84038746
2021-11-05 10:30:00,0.94107497
2021-11-06 10:30:00,0.58025
2021-11-07 10:30:00,0.5845
2021-11-08 10:30:00,0.91059995
2021-11-09 10:30:00,0.93966246
2021-11-10 10:30:00,0.69153744
2021-11-11 10:30:00,0.3765
2021-11-12 10:30:00,0.4118625
2021-11-13 10:30:00,0.47007498
2021-11-14 10:30:00,0.660625
2021-11-15 10:30:00,0.6360875
2021-11-16 10:30:00,0.7981625
2021-11-17 10:30:00,0.5454625
2021-11-18 10:30:00,0.45017502
2021-11-19 10:30:00,0.6318125
2021-11-20 10:30:00,0.82726246
2021-11-21 10:30:00,0.9222375
2021-11-22 10:30:00,0.59568745
2021-11-23 10:30:00,0.44933748
2021-11-24 10:30:00,0.46647498
2021-11-25 10:30:00,0.510425
2021-11-26 10:30:00,0.5919
2021-11-27 10:30:00,0.8553625
2021-11-28 10:30:00,0.935725
2021-11-29 10:30:00,0.79722494
2021-11-30 10:30:00,0.6198
2021-12-01 10:30:00,0.5588125
2021-12-02 10:30:00,0.517025
2021-12-03 10:30:00,0.472125
2021-12-04 10:30:00,0.5963375
2021-12-05 10:30:00,0.5066375
2021-12-06 10:30:00,0.4483375
2021-12-07 10:30:00,0.65924996
2021-12-08 10:30:00,0.8165249
2021-12-09 10:30:00,0.85749996
2021-12-10 10:30:00,0.69074994
2021-12-11 10:30:00,0.5020625
2021-12-12 10:30:00,0.4712
2021-12-13 10:30:00,0.5561
2021-12-14 10:30:00,0.54580003
2021-12-15 10:30:00,0.8510625
2021-12-16 10:30:00,0.614825
2021-12-17 10:30:00,0.5200125
2021-12-18 10:30:00,0.59538746
2021-12-19 10:30:00,0.5614875
2021-12-20 10:30:00,0.452875
2021-12-21 10:30:00,0.485675
2021-12-22 10:30:00,0.5739875
2021-12-23 10:30:00,0.501625
2021-12-24 10:30:00,0.47462496
2021-12-25 10:30:00,0.4940375
2021-12-26 10:30:00,0.556525
2021-12-27 10:30:00,0.6469625
2021-12-28 10:30:00,0.6371875
2021-12-29 10:30:00,0.6086375
2021-12-30 10:30:00,0.498325
2021-12-31 10:30:00,0.5413875
2022-01-01 10:30:00,0.5489
2022-01-02 10:30:00,0.47197497
2022-01-03 10:30:00,0.489775
2022-01-04 10:30:00,0.57946247
2022-01-05 10:30:00,0.63173753
2022-01-06 10:30:00,0.71526253
2022-01-07 10:30:00,0.7528875
2022-01-08 10:30:00,0.697625
2022-01-09 10:30:00,0.5987375
2022-01-10 10:30:00,0.712375
2022-01-11 10:30:00,0.500925
2022-01-12 10:30:00,0.53346246
2022-01-13 10:30:00,0.55345
2022-01-14 10:30:00,0.675075
2022-01-15 10:30:00,0.52107495
2022-01-16 10:30:00,0.518825
2022-01-17 10:30:00,0.5313375
2022-01-18 10:30:00,0.7011875
2022-01-19 10:30:00,0.47693747
2022-01-20 10:30:00,0.61645
2022-01-21 10:30:00,0.7251
2022-01-22 10:30:00,0.69925004
2022-01-23 10:30:00,0.730725
2022-01-24 10:30:00,0.69277495
2022-01-25 10:30:00,0.85125
2022-01-26 10:30:00,0.595575
2022-01-27 10:30:00,0.5078
2022-01-28 10:30:00,0.44553748
2022-01-29 10:30:00,0.41233748
2022-01-30 10:30:00,0.46561247
2022-01-31 10:30:00,0.531225
2022-02-01 10:30:00,0.45248747
2022-02-02 10:30:00,0.4577125
2022-02-03 10:30:00,0.4250375
2022-02-04 10:30:00,0.41242498
2022-02-05 10:30:00,0.43908748
2022-02-06 10:30:00,0.4322
2022-02-07 10:30:00,0.531675
2022-02-08 10:30:00,0.6097125
2022-02-09 10:30:00,0.7044875
2022-02-10 10:30:00,0.84237504
2022-02-11 10:30:00,0.879675
2022-02-12 10:30:00,0.733375
2022-02-13 10:30:00,0.74665
2022-02-14 10:30:00,0.62395
2022-02-15 10:30:00,0.5508125
2022-02-16 10:30:00,0.7235375
2022-02-17 10:30:00,0.6149375
2022-02-18 10:30:00,0.82677495
2022-02-19 10:30:00,0.6148625
2022-02-20 10:30:00,0.4807
2022-02-21 10:30:00,0.4697875
2022-02-22 10:30:00,0.4862625
2022-02-23 10:30:00,0.4377375
2022-02-24 10:30:00,0.42506248
2022-02-25 10:30:00,0.45038748
2022-02-26 10:30:00,0.463275
2022-02-27 10:30:00,0.4798625
2022-02-28 10:30:00,0.453325
2022-03-01 10:30:00,0.443175
2022-03-02 10:30:00,0.45784998
2022-03-03 10:30:00,0.48713753
2022-03-04 10:30:00,0.38963747
2022-03-05 10:30:00,0.3048375
2022-03-06 10:30:00,0.38122502
2022-03-07 10:30:00,0.4197625
2022-03-08 10:30:00,0.3804375
2022-03-09 10:30:00,0.45168748
2022-03-10 10:30:00,0.20671248
2022-03-11 10:30:00,0.20973748
2022-03-12 10:30:00,0.90636253
2022-03-13 10:30:00,0.820075
2022-03-14 10:30:00,0.768425
2022-03-15 10:30:00,0.82203746
2022-03-16 10:30:00,0.38295
2022-03-17 10:30:00,0.49354997
2022-03-18 10:30:00,0.5166
2022-03-19 10:30:00,0.3696875
2022-03-20 10:30:00,0.34412497
2022-03-21 10:30:00,0.3285125
2022-03-22 10:30:00,0.3217375
2022-03-23 10:30:00,0.5419375
2022-03-24 10:30:00,0.7489
2022-03-25 10:30:00,0.67481244
2022-03-26 10:30:00,0.47011247
2022-03-27 10:30:00,0.346025
2022-03-28 10:30:00,0.2883
2022-03-29 10:30:00,0.26036248
2022-03-30 10:30:00,0.23358749
2022-03-31 10:30:00,0.23216249
2022-04-01 10:30:00,0.25522497
2022-04-02 10:30:00,0.2921125
2022-04-03 10:30:00,0.24550001
2022-04-04 10:30:00,0.331375
2022-04-05 10:30:00,0.2599875
2022-04-06 10:30:00,0.26323748
2022-04-07 10:30:00,0.295225
2022-04-08 10:30:00,0.28925
2022-04-09 10:30:00,0.23397498
2022-04-10 10:30:00,0.2977375
2022-04-11 10:30:00,0.3618375
2022-04-12 10:30:00,0.29363748
2022-04-13 10:30:00,0.30763748
2022-04-14 10:30:00,0.37252498
2022-04-15 10:30:00,0.24963748
2022-04-16 10:30:00,0.259175
2022-04-17 10:30:00,0.304925
2022-04-18 10:30:00,0.3008
2022-04-19 10:30:00,0.18322499
2022-04-20 10:30:00,0.288725
2022-04-21 10:30:00,0.873475
2022-04-22 10:30:00,0.325375
2022-04-23 10:30:00,0.3949625
2022-04-24 10:30:00,0.51495
2022-04-25 10:30:00,0.6107
2022-04-26 10:30:00,0.5094375
2022-04-27 10:30:00,0.32068747
2022-04-28 10:30:00,0.276375
2022-04-29 10:30:00,0.7159749
2022-04-30 10:30:00,0.488025
2022-05-01 10:30:00,0.5754375
2022-05-02 10:30:00,0.36044997
2022-05-03 10:30:00,0.574975
2022-05-04 10:30:00,0.5534625
2022-05-05 10:30:00,0.80693746
2022-05-06 10:30:00,0.30945
2022-05-07 10:30:00,0.261475
2022-05-08 10:30:00,0.228975
2022-05-09 10:30:00,0.2077375
2022-05-10 10:30:00,0.710575
2022-05-11 10:30:00,0.451925
2022-05-12 10:30:00,0.51805
2022-05-13 10:30:00,0.647125
2022-05-14 10:30:00,0.40928748
2022-05-15 10:30:00,0.3861375
2022-05-16 10:30:00,0.29625
2022-05-17 10:30:00,0.490125
2022-05-18 10:30:00,0.3388375
2022-05-19 10:30:00,0.40107498
2022-05-20 10:30:00,0.326825
2022-05-21 10:30:00,0.4515375
2022-05-22 10:30:00,0.35209998
2022-05-23 10:30:00,0.3921125
2022-05-24 10:30:00,0.85525
2022-05-25 10:30:00,0.5536875
2022-05-26 10:30:00,0.44864997
2022-05-27 10:30:00,0.28425
2022-05-28 10:30:00,0.4481625
2022-05-29 10:30:00,0.9888375
2022-05-30 10:30:00,0.57699996
2022-05-31 10:30:00,0.668825
2022-06-01 10:30:00,0.690075
2022-06-02 10:30:00,0.49830002
2022-06-03 10:30:00,0.5707125
2022-06-04 10:30:00,0.848525
2022-06-05 10:30:00,0.9876625
2022-06-06 10:30:00,0.80945
2022-06-07 10:30:00,0.9944999
2022-06-08 10:30:00,0.88128746
2022-06-09 10:30:00,0.74345
2022-06-10 10:30:00,0.6646875
2022-06-11 10:30:00,0.6525125
2022-06-12 10:30:00,0.839875
2022-06-13 10:30:00,0.8108625
2022-06-14 10:30:00,0.84589994
2022-06-15 10:30:00,0.644625
2022-06-16 10:30:00,0.6856375
2022-06-17 10:30:00,0.6236625
2022-06-18 10:30:00,0.5666125
2022-06-19 10:30:00,0.5664125
2022-06-20 10:30:00,0.67793745
2022-06-21 10:30:00,0.50745
2022-06-22 10:30:00,0.66701245
2022-06-23 10:30:00,0.7258625
2022-06-24 10:30:00,0.87567496
2022-06-25 10:30:00,0.6976125
2022-06-26 10:30:00,0.64257497
2022-06-27 10:30:00,0.6956375
2022-06-28 10:30:00,0.7132375
2022-06-29 10:30:00,0.65487504
2022-06-30 10:30:00,0.86311245
2022-07-01 10:30:00,0.78638744
2022-07-02 10:30:00,0.6771375
2022-07-03 10:30:00,0.737925
2022-07-04 10:30:00,0.8264125
2022-07-05 10:30:00,0.8961875
2022-07-06 10:30:00,0.89498746
2022-07-07 10:30:00,0.834625
2022-07-08 10:30:00,0.772375
2022-07-09 10:30:00,0.58963746
2022-07-10 10:30:00,0.73405
2022-07-11 10:30:00,0.69603753
2022-07-12 10:30:00,0.62506247
2022-07-13 10:30:00,0.982175
2022-07-14 10:30:00,0.98562497
2022-07-15 10:30:00,0.92356247
2022-07-16 10:30:00,0.8608625
2022-07-17 10:30:00,0.86345
2022-07-18 10:30:00,0.90538746
2022-07-19 10:30:00,0.77515
2022-07-20 10:30:00,0.8256375
2022-07-21 10:30:00,0.811475
2022-07-22 10:30:00,0.710425
2022-07-23 10:30:00,0.93512493
2022-07-24 10:30:00,0.90308744
2022-07-25 10:30:00,0.8503125
2022-07-26 10:30:00,0.8675875
2022-07-27 10:30:00,0.85669994
2022-07-28 10:30:00,0.97232497
2022-07-29 10:30:00,0.9159375
2022-07-30 10:30:00,0.878475
2022-07-31 10:30:00,0.88483745
2022-08-01 10:30:00,0.80381244
2022-08-02 10:30:00,0.73373747
2022-08-03 10:30:00,0.818375
2022-08-04 10:30:00,0.93724996
2022-08-05 10:30:00,0.60701245
2022-08-06 10:30:00,0.672375
2022-08-07 10:30:00,0.7721375
2022-08-08 10:30:00,0.5645125
2022-08-09 10:30:00,0.5038
2022-08-10 10:30:00,0.565225
2022-08-11 10:30:00,0.70013744
2022-08-12 10:30:00,0.59521246
2022-08-13 10:30:00,0.623275
2022-08-14 10:30:00,0.8564125
2022-08-15 10:30:00,0.925975
2022-08-16 10:30:00,0.6247875
2022-08-17 10:30:00,0.6808625
2022-08-18 10:30:00,0.83635
2022-08-19 10:30:00,0.6302125
2022-08-20 10:30:00,0.629175
2022-08-21 10:30:00,0.7739125
2022-08-22 10:30:00,0.7254125
2022-08-23 10:30:00,0.53989995
2022-08-24 10:30:00,0.676275
2022-08-25 10:30:00,0.61415
2022-08-26 10:30:00,0.71415
2022-08-27 10:30:00,0.5147875
2022-08-28 10:30:00,0.5867625
2022-08-29 10:30:00,0.7005125
2022-08-30 10:30:00,0.80772495
2022-08-31 10:30:00,0.6586125
2022-09-01 10:30:00,0.5076875
2022-09-02 10:30:00,0.49415
2022-09-03 10:30:00,0.6614375
2022-09-04 10:30:00,0.7703375
2022-09-05 10:30:00,0.5553875
2022-09-06 10:30:00,0.80997497
2022-09-07 10:30:00,0.5545
2022-09-08 10:30:00,0.64037496
2022-09-09 10:30:00,0.658625
2022-09-10 10:30:00,0.69054997
2022-09-11 10:30:00,0.60365
2022-09-12 10:30:00,0.7341375
2022-09-13 10:30:00,0.6209
2022-09-14 10:30:00,0.66298753
2022-09-15 10:30:00,0.68840003
2022-09-16 10:30:00,0.7598125
2022-09-17 10:30:00,0.4858625
2022-09-18 10:30:00,0.4129375
2022-09-19 10:30:00,0.30615
2022-09-20 10:30:00,0.4108
2022-09-21 10:30:00,0.3993
2022-09-22 10:30:00,0.97964996
2022-09-23 10:30:00,0.8006375
2022-09-24 10:30:00,0.5292125
2022-09-25 10:30:00,0.47364998
2022-09-26 10:30:00,0.55834997
2022-09-27 10:30:00,0.48217496
2022-09-28 10:30:00,0.48935
2022-09-29 10:30:00,0.361475
2022-09-30 10:30:00,0.7771375
2022-10-01 10:30:00,0.72482497
2022-10-02 10:30:00,0.72545
2022-10-03 10:30:00,0.5624375
2022-10-04 10:30:00,0.4062375
2022-10-05 10:30:00,0.45103753
2022-10-06 10:30:00,0.60275
2022-10-07 10:30:00,0.515925
2022-10-08 10:30:00,0.75436246
2022-10-09 10:30:00,0.324725
2022-10-10 10:30:00,0.37263748
2022-10-11 10:30:00,0.4121125
2022-10-12 10:30:00,0.46895
2022-10-13 10:30:00,0.3073375
2022-10-14 10:30:00,0.4782
2022-10-15 10:30:00,0.3294875
2022-10-16 10:30:00,0.44467497
2022-10-17 10:30:00,0.39569998
2022-10-18 10:30:00,0.4117125
2022-10-19 10:30:00,0.24651249
2022-10-20 10:30:00,0.5055125
2022-10-21 10:30:00,0.57645
2022-10-22 10:30:00,0.4960875
2022-10-23 10:30:00,0.41783747
2022-10-24 10:30:00,0.45349997
2022-10-25 10:30:00,0.55747503
2022-10-26 10:30:00,0.60489994
2022-10-27 10:30:00,0.46561247
2022-10-28 10:30:00,0.43495002
2022-10-29 10:30:00,0.503325
2022-10-30 10:30:00,0.543325
2022-10-31 10:30:00,0.46244997
2022-11-01 10:30:00,0.41099998
2022-11-02 10:30:00,0.287475
2022-11-03 10:30:00,0.3908625
2022-11-04 10:30:00,0.388725
2022-11-05 10:30:00,0.4268125
2022-11-06 10:30:00,0.48315
2022-11-07 10:30:00,0.48741248
2022-11-08 10:30:00,0.40915
2022-11-09 10:30:00,0.43441248
2022-11-10 10:30:00,0.5194625
2022-11-11 10:30:00,0.5102375
2022-11-12 10:30:00,0.397575
2022-11-13 10:30:00,0.56925
2022-11-14 10:30:00,0.5535375
2022-11-15 10:30:00,0.43296248
2022-11-16 10:30:00,0.5454
2022-11-17 10:30:00,0.520225
2022-11-18 10:30:00,0.516525
2022-11-19 10:30:00,0.54202497
2022-11-20 10:30:00,0.44077498
2022-11-21 10:30:00,0.45248747
2022-11-22 10:30:00,0.576875
2022-11-23 10:30:00,0.59003747
2022-11-24 10:30:00,0.986275
2022-11-25 10:30:00,0.70875
2022-11-26 10:30:00,0.45385
2022-11-27 10:30:00,0.8667375
2022-11-28 10:30:00,0.81246245
2022-11-29 10:30:00,0.455575
2022-11-30 10:30:00,0.45323747
2022-12-01 10:30:00,0.4822
2022-12-02 10:30:00,0.4956375
2022-12-03 10:30:00,0.44845
2022-12-04 10:30:00,0.485275
2022-12-05 10:30:00,0.48779997
2022-12-06 10:30:00,0.5088375
2022-12-07 10:30:00,0.551275
2022-12-08 10:30:00,0.56509995
2022-12-09 10:30:00,0.5593
2022-12-10 10:30:00,0.54947495
2022-12-11 10:30:00,0.485825
2022-12-12 10:30:00,0.42478752
2022-12-13 10:30:00,0.38138747
2022-12-14 10:30:00,0.3548125
2022-12-15 10:30:00,0.42956248
2022-12-16 10:30:00,0.4554375
2022-12-17 10:30:00,0.457425
2022-12-18 10:30:00,0.4301625
2022-12-19 10:30:00,0.519
2022-12-20 10:30:00,0.67641246
2022-12-21 10:30:00,0.8465625
2022-12-22 10:30:00,0.58994997
2022-12-23 10:30:00,0.53555
2022-12-24 10:30:00,0.4711375
2022-12-25 10:30:00,0.66762495
2022-12-26 10:30:00,0.68552494
2022-12-27 10:30:00,0.83301246
2022-12-28 10:30:00,0.58467495
2022-12-29 10:30:00,0.5016625
2022-12-30 10:30:00,0.48528752
2022-12-31 10:30:00,0.4677
