time,rhum
2012-01-01 10:30:00,0.6293875
2012-01-02 10:30:00,0.597975
2012-01-03 10:30:00,0.5807375
2012-01-04 10:30:00,0.6102875
2012-01-05 10:30:00,0.580225
2012-01-06 10:30:00,0.60424995
2012-01-07 10:30:00,0.6151125
2012-01-08 10:30:00,0.6513125
2012-01-09 10:30:00,0.65815
2012-01-10 10:30:00,0.5597
2012-01-11 10:30:00,0.6265375
2012-01-12 10:30:00,0.69426244
2012-01-13 10:30:00,0.66498744
2012-01-14 10:30:00,0.6117875
2012-01-15 10:30:00,0.6493125
2012-01-16 10:30:00,0.6814
2012-01-17 10:30:00,0.66333747
2012-01-18 10:30:00,0.5908625
2012-01-19 10:30:00,0.5629125
2012-01-20 10:30:00,0.45009997
2012-01-21 10:30:00,0.48787498
2012-01-22 10:30:00,0.5226125
2012-01-23 10:30:00,0.5454875
2012-01-24 10:30:00,0.5227625
2012-01-25 10:30:00,0.565775
2012-01-26 10:30:00,0.5493375
2012-01-27 10:30:00,0.50439996
2012-01-28 10:30:00,0.49011248
2012-01-29 10:30:00,0.52314997
2012-01-30 10:30:00,0.4886
2012-01-31 10:30:00,0.46474996
2012-02-01 10:30:00,0.48796248
2012-02-02 10:30:00,0.491725
2012-02-03 10:30:00,0.5156375
2012-02-04 10:30:00,0.5132875
2012-02-05 10:30:00,0.48618752
2012-02-06 10:30:00,0.5002125
2012-02-07 10:30:00,0.50163746
2012-02-08 10:30:00,0.5514875
2012-02-09 10:30:00,0.5602
2012-02-10 10:30:00,0.519
2012-02-11 10:30:00,0.5103125
2012-02-12 10:30:00,0.5185625
2012-02-13 10:30:00,0.51336247
2012-02-14 10:30:00,0.4696875
2012-02-15 10:30:00,0.5231625
2012-02-16 10:30:00,0.49081248
2012-02-17 10:30:00,0.5272625
2012-02-18 10:30:00,0.5356
2012-02-19 10:30:00,0.4915375
2012-02-20 10:30:00,0.50049996
2012-02-21 10:30:00,0.3182875
2012-02-22 10:30:00,0.373525
2012-02-23 10:30:00,0.5431
2012-02-24 10:30:00,0.52881247
2012-02-25 10:30:00,0.5136125
2012-02-26 10:30:00,0.57603747
2012-02-27 10:30:00,0.4980625
2012-02-28 10:30:00,0.509425
2012-02-29 10:30:00,0.57135
2012-03-01 10:30:00,0.5098125
2012-03-02 10:30:00,0.52306247
2012-03-03 10:30:00,0.508375
2012-03-04 10:30:00,0.7608125
2012-03-05 10:30:00,0.84407496
2012-03-06 10:30:00,0.6346625
2012-03-07 10:30:00,0.640875
2012-03-08 10:30:00,0.566475
2012-03-09 10:30:00,0.533225
2012-03-10 10:30:00,0.60996246
2012-03-11 10:30:00,0.608925
2012-03-12 10:30:00,0.58323747
2012-03-13 10:30:00,0.5796
2012-03-14 10:30:00,0.57076246
2012-03-15 10:30:00,0.59468746
2012-03-16 10:30:00,0.4648625
2012-03-17 10:30:00,0.27243748
2012-03-18 10:30:00,0.40226248
2012-03-19 10:30:00,0.373675
2012-03-20 10:30:00,0.35764998
2012-03-21 10:30:00,0.4642875
2012-03-22 10:30:00,0.36029997
2012-03-23 10:30:00,0.62825
2012-03-24 10:30:00,0.473375
2012-03-25 10:30:00,0.46177498
2012-03-26 10:30:00,0.3436375
2012-03-27 10:30:00,0.4089875
2012-03-28 10:30:00,0.32305
2012-03-29 10:30:00,0.6065125
2012-03-30 10:30:00,0.48486248
2012-03-31 10:30:00,0.3814
2012-04-01 10:30:00,0.2650375
2012-04-02 10:30:00,0.3456625
2012-04-03 10:30:00,0.4939375
2012-04-04 10:30:00,0.5258375
2012-04-05 10:30:00,0.501875
2012-04-06 10:30:00,0.3687625
2012-04-07 10:30:00,0.2832625
2012-04-08 10:30:00,0.38849998
2012-04-09 10:30:00,0.19575
2012-04-10 10:30:00,0.30049998
2012-04-11 10:30:00,0.36049998
2012-04-12 10:30:00,0.40075
2012-04-13 10:30:00,0.3201625
2012-04-14 10:30:00,0.5596875
2012-04-15 10:30:00,0.39714998
2012-04-16 10:30:00,0.35192502
2012-04-17 10:30:00,0.32189998
2012-04-18 10:30:00,0.22821249
2012-04-19 10:30:00,0.394175
2012-04-20 10:30:00,0.2530125
2012-04-21 10:30:00,0.43420002
2012-04-22 10:30:00,0.38187498
2012-04-23 10:30:00,0.3614875
2012-04-24 10:30:00,0.20758751
2012-04-25 10:30:00,0.2717
2012-04-26 10:30:00,0.238925
2012-04-27 10:30:00,0.6870125
2012-04-28 10:30:00,0.39537498
2012-04-29 10:30:00,0.2480375
2012-04-30 10:30:00,0.26735
2012-05-01 10:30:00,0.273175
2012-05-02 10:30:00,0.3753
2012-05-03 10:30:00,0.247875
2012-05-04 10:30:00,0.23776248
2012-05-05 10:30:00,0.1662875
2012-05-06 10:30:00,0.2166875
2012-05-07 10:30:00,0.28571248
2012-05-08 10:30:00,0.32721248
2012-05-09 10:30:00,0.39842498
2012-05-10 10:30:00,0.43046248
2012-05-11 10:30:00,0.4459125
2012-05-12 10:30:00,0.40987498
2012-05-13 10:30:00,0.3779625
2012-05-14 10:30:00,0.56822497
2012-05-15 10:30:00,0.5633375
2012-05-16 10:30:00,0.63785
2012-05-17 10:30:00,0.40616247
2012-05-18 10:30:00,0.2675375
2012-05-19 10:30:00,0.2586
2012-05-20 10:30:00,0.3167625
2012-05-21 10:30:00,0.3377875
2012-05-22 10:30:00,0.278125
2012-05-23 10:30:00,0.24805
2012-05-24 10:30:00,0.24784999
2012-05-25 10:30:00,0.3160125
2012-05-26 10:30:00,0.39276248
2012-05-27 10:30:00,0.3221625
2012-05-28 10:30:00,0.4289375
2012-05-29 10:30:00,0.55396247
2012-05-30 10:30:00,0.536425
2012-05-31 10:30:00,0.51011246
2012-06-01 10:30:00,0.7280625
2012-06-02 10:30:00,0.954175
2012-06-03 10:30:00,0.73902494
2012-06-04 10:30:00,0.75363743
2012-06-05 10:30:00,0.6393375
2012-06-06 10:30:00,0.6672875
2012-06-07 10:30:00,0.5154875
2012-06-08 10:30:00,0.67625
2012-06-09 10:30:00,0.57595
2012-06-10 10:30:00,0.6385875
2012-06-11 10:30:00,0.7307875
2012-06-12 10:30:00,0.7081125
2012-06-13 10:30:00,0.7957125
2012-06-14 10:30:00,0.826125
2012-06-15 10:30:00,0.75833744
2012-06-16 10:30:00,0.7016375
2012-06-17 10:30:00,0.81698745
2012-06-18 10:30:00,0.707225
2012-06-19 10:30:00,0.65507495
2012-06-20 10:30:00,0.6396125
2012-06-21 10:30:00,0.6101
2012-06-22 10:30:00,0.688075
2012-06-23 10:30:00,0.696625
2012-06-24 10:30:00,0.84985
2012-06-25 10:30:00,0.826025
2012-06-26 10:30:00,0.78528744
2012-06-27 10:30:00,0.78955
2012-06-28 10:30:00,0.80815
2012-06-29 10:30:00,0.6566375
2012-06-30 10:30:00,0.6134125
2012-07-01 10:30:00,0.7585125
2012-07-02 10:30:00,0.77166253
2012-07-03 10:30:00,0.7564125
2012-07-04 10:30:00,0.717725
2012-07-05 10:30:00,0.76979995
2012-07-06 10:30:00,0.731025
2012-07-07 10:30:00,0.67835
2012-07-08 10:30:00,0.766425
2012-07-09 10:30:00,0.7341625
2012-07-10 10:30:00,0.864675
2012-07-11 10:30:00,0.888075
2012-07-12 10:30:00,0.8336
2012-07-13 10:30:00,0.7210125
2012-07-14 10:30:00,0.6732625
2012-07-15 10:30:00,0.71652496
2012-07-16 10:30:00,0.658375
2012-07-17 10:30:00,0.5998625
2012-07-18 10:30:00,0.7622125
2012-07-19 10:30:00,0.793125
2012-07-20 10:30:00,0.8012625
2012-07-21 10:30:00,0.7782
2012-07-22 10:30:00,0.790875
2012-07-23 10:30:00,0.67372495
2012-07-24 10:30:00,0.7586875
2012-07-25 10:30:00,0.8391625
2012-07-26 10:30:00,0.7017875
2012-07-27 10:30:00,0.69458747
2012-07-28 10:30:00,0.81122494
2012-07-29 10:30:00,0.8267875
2012-07-30 10:30:00,0.7597249
2012-07-31 10:30:00,0.7448124
2012-08-01 10:30:00,0.7510125
2012-08-02 10:30:00,0.7925125
2012-08-03 10:30:00,0.8183875
2012-08-04 10:30:00,0.786175
2012-08-05 10:30:00,0.71388745
2012-08-06 10:30:00,0.69567496
2012-08-07 10:30:00,0.70896244
2012-08-08 10:30:00,0.6855625
2012-08-09 10:30:00,0.5748625
2012-08-10 10:30:00,0.71537495
2012-08-11 10:30:00,0.87415
2012-08-12 10:30:00,0.63114995
2012-08-13 10:30:00,0.5909375
2012-08-14 10:30:00,0.77437496
2012-08-15 10:30:00,0.58617496
2012-08-16 10:30:00,0.606025
2012-08-17 10:30:00,0.7176625
2012-08-18 10:30:00,0.6811999
2012-08-19 10:30:00,0.5983
2012-08-20 10:30:00,0.6485125
2012-08-21 10:30:00,0.6335
2012-08-22 10:30:00,0.43206248
2012-08-23 10:30:00,0.529775
2012-08-24 10:30:00,0.60908747
2012-08-25 10:30:00,0.65468746
2012-08-26 10:30:00,0.6905125
2012-08-27 10:30:00,0.77036244
2012-08-28 10:30:00,0.563875
2012-08-29 10:30:00,0.5953125
2012-08-30 10:30:00,0.61765
2012-08-31 10:30:00,0.546875
2012-09-01 10:30:00,0.55653745
2012-09-02 10:30:00,0.8149125
2012-09-03 10:30:00,0.74824995
2012-09-04 10:30:00,0.71335
2012-09-05 10:30:00,0.649525
2012-09-06 10:30:00,0.5786
2012-09-07 10:30:00,0.6584749
2012-09-08 10:30:00,0.67201245
2012-09-09 10:30:00,0.5760875
2012-09-10 10:30:00,0.6249
2012-09-11 10:30:00,0.9005625
2012-09-12 10:30:00,0.76694995
2012-09-13 10:30:00,0.6782875
2012-09-14 10:30:00,0.639175
2012-09-15 10:30:00,0.59679997
2012-09-16 10:30:00,0.63906246
2012-09-17 10:30:00,0.634775
2012-09-18 10:30:00,0.604125
2012-09-19 10:30:00,0.6702375
2012-09-20 10:30:00,0.5397
2012-09-21 10:30:00,0.5564
2012-09-22 10:30:00,0.709125
2012-09-23 10:30:00,0.7449
2012-09-24 10:30:00,0.69002503
2012-09-25 10:30:00,0.8285875
2012-09-26 10:30:00,0.5468875
2012-09-27 10:30:00,0.84607494
2012-09-28 10:30:00,0.485175
2012-09-29 10:30:00,0.5509875
2012-09-30 10:30:00,0.6209125
2012-10-01 10:30:00,0.5373
2012-10-02 10:30:00,0.5940375
2012-10-03 10:30:00,0.7943625
2012-10-04 10:30:00,0.530625
2012-10-05 10:30:00,0.59419996
2012-10-06 10:30:00,0.64097494
2012-10-07 10:30:00,0.60394996
2012-10-08 10:30:00,0.5783875
2012-10-09 10:30:00,0.53669995
2012-10-10 10:30:00,0.478525
2012-10-11 10:30:00,0.56186247
2012-10-12 10:30:00,0.6417125
2012-10-13 10:30:00,0.6443125
2012-10-14 10:30:00,0.58775
2012-10-15 10:30:00,0.66849995
2012-10-16 10:30:00,0.736825
2012-10-17 10:30:00,0.5992375
2012-10-18 10:30:00,0.4930875
2012-10-19 10:30:00,0.45768747
2012-10-20 10:30:00,0.4711
2012-10-21 10:30:00,0.55885
2012-10-22 10:30:00,0.5977375
2012-10-23 10:30:00,0.6363625
2012-10-24 10:30:00,0.5669625
2012-10-25 10:30:00,0.650725
2012-10-26 10:30:00,0.47277498
2012-10-27 10:30:00,0.47732496
2012-10-28 10:30:00,0.46998748
2012-10-29 10:30:00,0.54975
2012-10-30 10:30:00,0.6820875
2012-10-31 10:30:00,0.6324375
2012-11-01 10:30:00,0.565525
2012-11-02 10:30:00,0.485075
2012-11-03 10:30:00,0.72488743
2012-11-04 10:30:00,0.8154
2012-11-05 10:30:00,0.66389996
2012-11-06 10:30:00,0.646275
2012-11-07 10:30:00,0.6177
2012-11-08 10:30:00,0.64537495
2012-11-09 10:30:00,0.6033125
2012-11-10 10:30:00,0.74983746
2012-11-11 10:30:00,0.77668744
2012-11-12 10:30:00,0.61079997
2012-11-13 10:30:00,0.639875
2012-11-14 10:30:00,0.5980375
2012-11-15 10:30:00,0.5423
2012-11-16 10:30:00,0.587825
2012-11-17 10:30:00,0.618975
2012-11-18 10:30:00,0.7294
2012-11-19 10:30:00,0.60489994
2012-11-20 10:30:00,0.6043625
2012-11-21 10:30:00,0.64266247
2012-11-22 10:30:00,0.59736246
2012-11-23 10:30:00,0.5732125
2012-11-24 10:30:00,0.6356875
2012-11-25 10:30:00,0.628625
2012-11-26 10:30:00,0.620475
2012-11-27 10:30:00,0.6901875
2012-11-28 10:30:00,0.6209625
2012-11-29 10:30:00,0.5556
2012-11-30 10:30:00,0.47512498
2012-12-01 10:30:00,0.58056253
2012-12-02 10:30:00,0.67635
2012-12-03 10:30:00,0.553225
2012-12-04 10:30:00,0.5940125
2012-12-05 10:30:00,0.5405
2012-12-06 10:30:00,0.481575
2012-12-07 10:30:00,0.4910875
2012-12-08 10:30:00,0.51927495
2012-12-09 10:30:00,0.55952495
2012-12-10 10:30:00,0.5613125
2012-12-11 10:30:00,0.6342375
2012-12-12 10:30:00,0.6652125
2012-12-13 10:30:00,0.5523625
2012-12-14 10:30:00,0.60851246
2012-12-15 10:30:00,0.6593625
2012-12-16 10:30:00,0.60795
2012-12-17 10:30:00,0.5664
2012-12-18 10:30:00,0.53805
2012-12-19 10:30:00,0.5614
2012-12-20 10:30:00,0.6035875
2012-12-21 10:30:00,0.5515125
2012-12-22 10:30:00,0.505775
2012-12-23 10:30:00,0.5337375
2012-12-24 10:30:00,0.54246247
2012-12-25 10:30:00,0.49561247
2012-12-26 10:30:00,0.591225
2012-12-27 10:30:00,0.67370003
2012-12-28 10:30:00,0.70137495
2012-12-29 10:30:00,0.5943625
2012-12-30 10:30:00,0.537225
2012-12-31 10:30:00,0.5939125
2013-01-01 10:30:00,0.47457498
2013-01-02 10:30:00,0.5063125
2013-01-03 10:30:00,0.47422498
2013-01-04 10:30:00,0.5066875
2013-01-05 10:30:00,0.55948746
2013-01-06 10:30:00,0.654325
2013-01-07 10:30:00,0.516575
2013-01-08 10:30:00,0.51458746
2013-01-09 10:30:00,0.530825
2013-01-10 10:30:00,0.6678875
2013-01-11 10:30:00,0.688975
2013-01-12 10:30:00,0.5937125
2013-01-13 10:30:00,0.64146245
2013-01-14 10:30:00,0.67332494
2013-01-15 10:30:00,0.67139995
2013-01-16 10:30:00,0.5211875
2013-01-17 10:30:00,0.594775
2013-01-18 10:30:00,0.6137625
2013-01-19 10:30:00,0.74418753
2013-01-20 10:30:00,0.7163624
2013-01-21 10:30:00,0.65275
2013-01-22 10:30:00,0.6758124
2013-01-23 10:30:00,0.61294997
2013-01-24 10:30:00,0.4798
2013-01-25 10:30:00,0.46818748
2013-01-26 10:30:00,0.62495
2013-01-27 10:30:00,0.6789125
2013-01-28 10:30:00,0.7451625
2013-01-29 10:30:00,0.7434875
2013-01-30 10:30:00,0.73786247
2013-01-31 10:30:00,0.68233746
2013-02-01 10:30:00,0.47495
2013-02-02 10:30:00,0.57046247
2013-02-03 10:30:00,0.69355
2013-02-04 10:30:00,0.566375
2013-02-05 10:30:00,0.5572375
2013-02-06 10:30:00,0.498675
2013-02-07 10:30:00,0.47259998
2013-02-08 10:30:00,0.5095125
2013-02-09 10:30:00,0.5294625
2013-02-10 10:30:00,0.513725
2013-02-11 10:30:00,0.5997
2013-02-12 10:30:00,0.55988747
2013-02-13 10:30:00,0.5647625
2013-02-14 10:30:00,0.5793125
2013-02-15 10:30:00,0.6740625
2013-02-16 10:30:00,0.68506247
2013-02-17 10:30:00,0.5319
2013-02-18 10:30:00,0.4872625
2013-02-19 10:30:00,0.5201375
2013-02-20 10:30:00,0.4746125
2013-02-21 10:30:00,0.5464875
2013-02-22 10:30:00,0.5018375
2013-02-23 10:30:00,0.4313375
2013-02-24 10:30:00,0.51165
2013-02-25 10:30:00,0.62237495
2013-02-26 10:30:00,0.7196625
2013-02-27 10:30:00,0.5006375
2013-02-28 10:30:00,0.6582625
2013-03-01 10:30:00,0.4656875
2013-03-02 10:30:00,0.6189875
2013-03-03 10:30:00,0.54521245
2013-03-04 10:30:00,0.58275
2013-03-05 10:30:00,0.6430625
2013-03-06 10:30:00,0.54952496
2013-03-07 10:30:00,0.4655625
2013-03-08 10:30:00,0.6245625
2013-03-09 10:30:00,0.67262495
2013-03-10 10:30:00,0.665025
2013-03-11 10:30:00,0.5248
2013-03-12 10:30:00,0.43906248
2013-03-13 10:30:00,0.49709997
2013-03-14 10:30:00,0.558025
2013-03-15 10:30:00,0.6247875
2013-03-16 10:30:00,0.48459998
2013-03-17 10:30:00,0.41134998
2013-03-18 10:30:00,0.42235
2013-03-19 10:30:00,0.4016125
2013-03-20 10:30:00,0.4805625
2013-03-21 10:30:00,0.4179625
2013-03-22 10:30:00,0.46666247
2013-03-23 10:30:00,0.3963375
2013-03-24 10:30:00,0.451875
2013-03-25 10:30:00,0.5061
2013-03-26 10:30:00,0.39749998
2013-03-27 10:30:00,0.5257625
2013-03-28 10:30:00,0.510075
2013-03-29 10:30:00,0.49721247
2013-03-30 10:30:00,0.431175
2013-03-31 10:30:00,0.4334375
2013-04-01 10:30:00,0.35253748
2013-04-02 10:30:00,0.32075
2013-04-03 10:30:00,0.4220625
2013-04-04 10:30:00,0.50581247
2013-04-05 10:30:00,0.5595
2013-04-06 10:30:00,0.3711
2013-04-07 10:30:00,0.456325
2013-04-08 10:30:00,0.6018625
2013-04-09 10:30:00,0.43104997
2013-04-10 10:30:00,0.48434997
2013-04-11 10:30:00,0.4977375
2013-04-12 10:30:00,0.38974997
2013-04-13 10:30:00,0.32163748
2013-04-14 10:30:00,0.32337502
2013-04-15 10:30:00,0.2959125
2013-04-16 10:30:00,0.326125
2013-04-17 10:30:00,0.3286375
2013-04-18 10:30:00,0.4078875
2013-04-19 10:30:00,0.3525125
2013-04-20 10:30:00,0.3583
2013-04-21 10:30:00,0.315175
2013-04-22 10:30:00,0.45924997
2013-04-23 10:30:00,0.43741247
2013-04-24 10:30:00,0.5813625
2013-04-25 10:30:00,0.614025
2013-04-26 10:30:00,0.4184125
2013-04-27 10:30:00,0.378325
2013-04-28 10:30:00,0.51708746
2013-04-29 10:30:00,0.5641625
2013-04-30 10:30:00,0.687375
2013-05-01 10:30:00,0.59594995
2013-05-02 10:30:00,0.68232495
2013-05-03 10:30:00,0.46735
2013-05-04 10:30:00,0.333025
2013-05-05 10:30:00,0.3476
2013-05-06 10:30:00,0.36349997
2013-05-07 10:30:00,0.242625
2013-05-08 10:30:00,0.4125875
2013-05-09 10:30:00,0.465125
2013-05-10 10:30:00,0.32723752
2013-05-11 10:30:00,0.7052625
2013-05-12 10:30:00,0.61817497
2013-05-13 10:30:00,0.61485
2013-05-14 10:30:00,0.73330003
2013-05-15 10:30:00,0.58145
2013-05-16 10:30:00,0.44455
2013-05-17 10:30:00,0.47522497
2013-05-18 10:30:00,0.2657625
2013-05-19 10:30:00,0.4680625
2013-05-20 10:30:00,0.3522
2013-05-21 10:30:00,0.6062875
2013-05-22 10:30:00,0.31687498
2013-05-23 10:30:00,0.388275
2013-05-24 10:30:00,0.3122875
2013-05-25 10:30:00,0.389725
2013-05-26 10:30:00,0.465525
2013-05-27 10:30:00,0.68253744
2013-05-28 10:30:00,0.44349998
2013-05-29 10:30:00,0.4178625
2013-05-30 10:30:00,0.428075
2013-05-31 10:30:00,0.39485
2013-06-01 10:30:00,0.39639997
2013-06-02 10:30:00,0.5402
2013-06-03 10:30:00,0.727925
2013-06-04 10:30:00,0.6648625
2013-06-05 10:30:00,0.636975
2013-06-06 10:30:00,0.9139125
2013-06-07 10:30:00,0.61916244
2013-06-08 10:30:00,0.7272125
2013-06-09 10:30:00,0.72565
2013-06-10 10:30:00,0.64858747
2013-06-11 10:30:00,0.69253755
2013-06-12 10:30:00,0.61505
2013-06-13 10:30:00,0.5952
2013-06-14 10:30:00,0.6152375
2013-06-15 10:30:00,0.697975
2013-06-16 10:30:00,0.6963
2013-06-17 10:30:00,0.582775
2013-06-18 10:30:00,0.6369375
2013-06-19 10:30:00,0.630625
2013-06-20 10:30:00,0.6643125
2013-06-21 10:30:00,0.6755875
2013-06-22 10:30:00,0.6296125
2013-06-23 10:30:00,0.7103125
2013-06-24 10:30:00,0.62721246
2013-06-25 10:30:00,0.6804
2013-06-26 10:30:00,0.9325
2013-06-27 10:30:00,0.82707494
2013-06-28 10:30:00,0.6508874
2013-06-29 10:30:00,0.8442375
2013-06-30 10:30:00,0.7477625
2013-07-01 10:30:00,0.8018625
2013-07-02 10:30:00,0.72488743
2013-07-03 10:30:00,0.6424125
2013-07-04 10:30:00,0.6231375
2013-07-05 10:30:00,0.5989625
2013-07-06 10:30:00,0.7161
2013-07-07 10:30:00,0.6761
2013-07-08 10:30:00,0.7175125
2013-07-09 10:30:00,0.6294625
2013-07-10 10:30:00,0.52709997
2013-07-11 10:30:00,0.64745003
2013-07-12 10:30:00,0.81637496
2013-07-13 10:30:00,0.7065375
2013-07-14 10:30:00,0.68964994
2013-07-15 10:30:00,0.8655875
2013-07-16 10:30:00,0.6075875
2013-07-17 10:30:00,0.67481256
2013-07-18 10:30:00,0.8464375
2013-07-19 10:30:00,0.761875
2013-07-20 10:30:00,0.64867496
2013-07-21 10:30:00,0.677875
2013-07-22 10:30:00,0.8110125
2013-07-23 10:30:00,0.7800125
2013-07-24 10:30:00,0.75302494
2013-07-25 10:30:00,0.7402625
2013-07-26 10:30:00,0.7624
2013-07-27 10:30:00,0.8706375
2013-07-28 10:30:00,0.69514996
2013-07-29 10:30:00,0.75083745
2013-07-30 10:30:00,0.74001247
2013-07-31 10:30:00,0.84945
2013-08-01 10:30:00,0.81866246
2013-08-02 10:30:00,0.85128754
2013-08-03 10:30:00,0.7123625
2013-08-04 10:30:00,0.7882625
2013-08-05 10:30:00,0.73089993
2013-08-06 10:30:00,0.76129997
2013-08-07 10:30:00,0.69036245
2013-08-08 10:30:00,0.613575
2013-08-09 10:30:00,0.6389
2013-08-10 10:30:00,0.65389997
2013-08-11 10:30:00,0.7344125
2013-08-12 10:30:00,0.7194625
2013-08-13 10:30:00,0.65277505
2013-08-14 10:30:00,0.60235
2013-08-15 10:30:00,0.7086125
2013-08-16 10:30:00,0.8478125
2013-08-17 10:30:00,0.5933
2013-08-18 10:30:00,0.70544994
2013-08-19 10:30:00,0.7652125
2013-08-20 10:30:00,0.7048375
2013-08-21 10:30:00,0.7698375
2013-08-22 10:30:00,0.69122493
2013-08-23 10:30:00,0.6942
2013-08-24 10:30:00,0.663825
2013-08-25 10:30:00,0.67873746
2013-08-26 10:30:00,0.731725
2013-08-27 10:30:00,0.721025
2013-08-28 10:30:00,0.77725
2013-08-29 10:30:00,0.6892125
2013-08-30 10:30:00,0.69153744
2013-08-31 10:30:00,0.7798375
2013-09-01 10:30:00,0.78043747
2013-09-02 10:30:00,0.74235
2013-09-03 10:30:00,0.7075
2013-09-04 10:30:00,0.71849996
2013-09-05 10:30:00,0.78308755
2013-09-06 10:30:00,0.8882
2013-09-07 10:30:00,0.72998744
2013-09-08 10:30:00,0.64457494
2013-09-09 10:30:00,0.7084375
2013-09-10 10:30:00,0.6463375
2013-09-11 10:30:00,0.609975
2013-09-12 10:30:00,0.65318745
2013-09-13 10:30:00,0.60714996
2013-09-14 10:30:00,0.47857502
2013-09-15 10:30:00,0.5369125
2013-09-16 10:30:00,0.4975875
2013-09-17 10:30:00,0.6187625
2013-09-18 10:30:00,0.61671245
2013-09-19 10:30:00,0.62874997
2013-09-20 10:30:00,0.68604994
2013-09-21 10:30:00,0.71166253
2013-09-22 10:30:00,0.5406375
2013-09-23 10:30:00,0.54302496
2013-09-24 10:30:00,0.5533625
2013-09-25 10:30:00,0.5621625
2013-09-26 10:30:00,0.4886
2013-09-27 10:30:00,0.44364998
2013-09-28 10:30:00,0.5061125
2013-09-29 10:30:00,0.4073375
2013-09-30 10:30:00,0.51112497
2013-10-01 10:30:00,0.45466247
2013-10-02 10:30:00,0.47065
2013-10-03 10:30:00,0.43002498
2013-10-04 10:30:00,0.424125
2013-10-05 10:30:00,0.31682497
2013-10-06 10:30:00,0.44111252
2013-10-07 10:30:00,0.4585875
2013-10-08 10:30:00,0.37561253
2013-10-09 10:30:00,0.426825
2013-10-10 10:30:00,0.77432495
2013-10-11 10:30:00,0.68732494
2013-10-12 10:30:00,0.546575
2013-10-13 10:30:00,0.5301375
2013-10-14 10:30:00,0.4912875
2013-10-15 10:30:00,0.5109625
2013-10-16 10:30:00,0.51971245
2013-10-17 10:30:00,0.483325
2013-10-18 10:30:00,0.5540125
2013-10-19 10:30:00,0.6806375
2013-10-20 10:30:00,0.691725
2013-10-21 10:30:00,0.7876625
2013-10-22 10:30:00,0.72519994
2013-10-23 10:30:00,0.4966375
2013-10-24 10:30:00,0.7382
2013-10-25 10:30:00,0.71818745
2013-10-26 10:30:00,0.76747495
2013-10-27 10:30:00,0.6384875
2013-10-28 10:30:00,0.66311246
2013-10-29 10:30:00,0.6345125
2013-10-30 10:30:00,0.61688745
2013-10-31 10:30:00,0.6715125
2013-11-01 10:30:00,0.690375
2013-11-02 10:30:00,0.6228375
2013-11-03 10:30:00,0.6479875
2013-11-04 10:30:00,0.522025
2013-11-05 10:30:00,0.602
2013-11-06 10:30:00,0.61286247
2013-11-07 10:30:00,0.72223747
2013-11-08 10:30:00,0.77406245
2013-11-09 10:30:00,0.4614375
2013-11-10 10:30:00,0.46856248
2013-11-11 10:30:00,0.61251247
2013-11-12 10:30:00,0.6112875
2013-11-13 10:30:00,0.5574
2013-11-14 10:30:00,0.66165
2013-11-15 10:30:00,0.63191247
2013-11-16 10:30:00,0.65355
2013-11-17 10:30:00,0.5459375
2013-11-18 10:30:00,0.430975
2013-11-19 10:30:00,0.3841875
2013-11-20 10:30:00,0.63897496
2013-11-21 10:30:00,0.6364375
2013-11-22 10:30:00,0.66709995
2013-11-23 10:30:00,0.640225
2013-11-24 10:30:00,0.5687625
2013-11-25 10:30:00,0.5603875
2013-11-26 10:30:00,0.5928625
2013-11-27 10:30:00,0.51194996
2013-11-28 10:30:00,0.5260625
2013-11-29 10:30:00,0.49669996
2013-11-30 10:30:00,0.49279997
2013-12-01 10:30:00,0.5227875
2013-12-02 10:30:00,0.615775
2013-12-03 10:30:00,0.5716375
2013-12-04 10:30:00,0.53283745
2013-12-05 10:30:00,0.5747
2013-12-06 10:30:00,0.62232494
2013-12-07 10:30:00,0.71107495
2013-12-08 10:30:00,0.7240125
2013-12-09 10:30:00,0.72248745
2013-12-10 10:30:00,0.6891125
2013-12-11 10:30:00,0.6792375
2013-12-12 10:30:00,0.5135375
2013-12-13 10:30:00,0.5098375
2013-12-14 10:30:00,0.594575
2013-12-15 10:30:00,0.64997494
2013-12-16 10:30:00,0.74285
2013-12-17 10:30:00,0.688525
2013-12-18 10:30:00,0.65169996
2013-12-19 10:30:00,0.6531375
2013-12-20 10:30:00,0.629325
2013-12-21 10:30:00,0.6630625
2013-12-22 10:30:00,0.6260125
2013-12-23 10:30:00,0.74665
2013-12-24 10:30:00,0.71086246
2013-12-25 10:30:00,0.7045375
2013-12-26 10:30:00,0.63474995
2013-12-27 10:30:00,0.653025
2013-12-28 10:30:00,0.555125
2013-12-29 10:30:00,0.64559996
2013-12-30 10:30:00,0.65389997
2013-12-31 10:30:00,0.5774125
2014-01-01 10:30:00,0.5092625
2014-01-02 10:30:00,0.55277497
2014-01-03 10:30:00,0.66669995
2014-01-04 10:30:00,0.71019995
2014-01-05 10:30:00,0.66504997
2014-01-06 10:30:00,0.54825
2014-01-07 10:30:00,0.5089
2014-01-08 10:30:00,0.49029997
2014-01-09 10:30:00,0.5193125
2014-01-10 10:30:00,0.5495875
2014-01-11 10:30:00,0.4788
2014-01-12 10:30:00,0.44647497
2014-01-13 10:30:00,0.552525
2014-01-14 10:30:00,0.62979996
2014-01-15 10:30:00,0.72569996
2014-01-16 10:30:00,0.7078125
2014-01-17 10:30:00,0.6251125
2014-01-18 10:30:00,0.58274996
2014-01-19 10:30:00,0.706925
2014-01-20 10:30:00,0.64301246
2014-01-21 10:30:00,0.59534997
2014-01-22 10:30:00,0.62488747
2014-01-23 10:30:00,0.49741247
2014-01-24 10:30:00,0.616
2014-01-25 10:30:00,0.54675
2014-01-26 10:30:00,0.507275
2014-01-27 10:30:00,0.42874998
2014-01-28 10:30:00,0.40811247
2014-01-29 10:30:00,0.5339125
2014-01-30 10:30:00,0.59788746
2014-01-31 10:30:00,0.56338745
2014-02-01 10:30:00,0.5251875
2014-02-02 10:30:00,0.40221247
2014-02-03 10:30:00,0.45433748
2014-02-04 10:30:00,0.535425
2014-02-05 10:30:00,0.559575
2014-02-06 10:30:00,0.5509125
2014-02-07 10:30:00,0.5405125
2014-02-08 10:30:00,0.61562496
2014-02-09 10:30:00,0.58485
2014-02-10 10:30:00,0.5981
2014-02-11 10:30:00,0.5786375
2014-02-12 10:30:00,0.507925
2014-02-13 10:30:00,0.5491625
2014-02-14 10:30:00,0.703075
2014-02-15 10:30:00,0.6552749
2014-02-16 10:30:00,0.55777496
2014-02-17 10:30:00,0.523375
2014-02-18 10:30:00,0.55408746
2014-02-19 10:30:00,0.5751875
2014-02-20 10:30:00,0.578675
2014-02-21 10:30:00,0.628225
2014-02-22 10:30:00,0.5238625
2014-02-23 10:30:00,0.6447125
2014-02-24 10:30:00,0.5914125
2014-02-25 10:30:00,0.59573746
2014-02-26 10:30:00,0.62804997
2014-02-27 10:30:00,0.465625
2014-02-28 10:30:00,0.5170125
2014-03-01 10:30:00,0.453675
2014-03-02 10:30:00,0.4517125
2014-03-03 10:30:00,0.4566125
2014-03-04 10:30:00,0.47884998
2014-03-05 10:30:00,0.50018746
2014-03-06 10:30:00,0.49987498
2014-03-07 10:30:00,0.47495
2014-03-08 10:30:00,0.39229998
2014-03-09 10:30:00,0.45964998
2014-03-10 10:30:00,0.2106375
2014-03-11 10:30:00,0.53015
2014-03-12 10:30:00,0.5097375
2014-03-13 10:30:00,0.492625
2014-03-14 10:30:00,0.37425
2014-03-15 10:30:00,0.48788747
2014-03-16 10:30:00,0.35999998
2014-03-17 10:30:00,0.597025
2014-03-18 10:30:00,0.43191248
2014-03-19 10:30:00,0.4766625
2014-03-20 10:30:00,0.51294994
2014-03-21 10:30:00,0.39831248
2014-03-22 10:30:00,0.38423747
2014-03-23 10:30:00,0.37897497
2014-03-24 10:30:00,0.42189997
2014-03-25 10:30:00,0.4656375
2014-03-26 10:30:00,0.592025
2014-03-27 10:30:00,0.5096875
2014-03-28 10:30:00,0.4734875
2014-03-29 10:30:00,0.36694998
2014-03-30 10:30:00,0.2913375
2014-03-31 10:30:00,0.33952498
2014-04-01 10:30:00,0.47242498
2014-04-02 10:30:00,0.4893375
2014-04-03 10:30:00,0.4698375
2014-04-04 10:30:00,0.54426247
2014-04-05 10:30:00,0.40486252
2014-04-06 10:30:00,0.3373875
2014-04-07 10:30:00,0.42279997
2014-04-08 10:30:00,0.301825
2014-04-09 10:30:00,0.498575
2014-04-10 10:30:00,0.30334997
2014-04-11 10:30:00,0.24958749
2014-04-12 10:30:00,0.302925
2014-04-13 10:30:00,0.2722875
2014-04-14 10:30:00,0.2946
2014-04-15 10:30:00,0.26085
2014-04-16 10:30:00,0.208925
2014-04-17 10:30:00,0.72981244
2014-04-18 10:30:00,0.5742375
2014-04-19 10:30:00,0.767825
2014-04-20 10:30:00,0.5858375
2014-04-21 10:30:00,0.41172498
2014-04-22 10:30:00,0.36206248
2014-04-23 10:30:00,0.26819998
2014-04-24 10:30:00,0.23202498
2014-04-25 10:30:00,0.28771248
2014-04-26 10:30:00,0.4122625
2014-04-27 10:30:00,0.38502496
2014-04-28 10:30:00,0.309425
2014-04-29 10:30:00,0.22659999
2014-04-30 10:30:00,0.28057498
2014-05-01 10:30:00,0.61535
2014-05-02 10:30:00,0.447625
2014-05-03 10:30:00,0.70778745
2014-05-04 10:30:00,0.37301248
2014-05-05 10:30:00,0.321675
2014-05-06 10:30:00,0.3810375
2014-05-07 10:30:00,0.4430125
2014-05-08 10:30:00,0.44827497
2014-05-09 10:30:00,0.4506
2014-05-10 10:30:00,0.70817494
2014-05-11 10:30:00,0.772325
2014-05-12 10:30:00,0.6691375
2014-05-13 10:30:00,0.66403747
2014-05-14 10:30:00,0.6418
2014-05-15 10:30:00,0.63899994
2014-05-16 10:30:00,0.8178
2014-05-17 10:30:00,0.5243625
2014-05-18 10:30:00,0.7307125
2014-05-19 10:30:00,0.87191254
2014-05-20 10:30:00,0.53185
2014-05-21 10:30:00,0.63998747
2014-05-22 10:30:00,0.4917625
2014-05-23 10:30:00,0.56675
2014-05-24 10:30:00,0.6930625
2014-05-25 10:30:00,0.629875
2014-05-26 10:30:00,0.5621875
2014-05-27 10:30:00,0.5759625
2014-05-28 10:30:00,0.43452498
2014-05-29 10:30:00,0.35642502
2014-05-30 10:30:00,0.36451247
2014-05-31 10:30:00,0.40601248
2014-06-01 10:30:00,0.39872497
2014-06-02 10:30:00,0.4447125
2014-06-03 10:30:00,0.6009125
2014-06-04 10:30:00,0.523875
2014-06-05 10:30:00,0.5534
2014-06-06 10:30:00,0.46342498
2014-06-07 10:30:00,0.67074996
2014-06-08 10:30:00,0.88226247
2014-06-09 10:30:00,0.893525
2014-06-10 10:30:00,0.6680874
2014-06-11 10:30:00,0.799175
2014-06-12 10:30:00,0.6874875
2014-06-13 10:30:00,0.5553
2014-06-14 10:30:00,0.55628747
2014-06-15 10:30:00,0.5951625
2014-06-16 10:30:00,0.6278375
2014-06-17 10:30:00,0.75159997
2014-06-18 10:30:00,0.7568374
2014-06-19 10:30:00,0.6371
2014-06-20 10:30:00,0.7676875
2014-06-21 10:30:00,0.80628747
2014-06-22 10:30:00,0.70176244
2014-06-23 10:30:00,0.7040875
2014-06-24 10:30:00,0.67841244
2014-06-25 10:30:00,0.73995
2014-06-26 10:30:00,0.82479995
2014-06-27 10:30:00,0.60365
2014-06-28 10:30:00,0.6088
2014-06-29 10:30:00,0.5061
2014-06-30 10:30:00,0.55035
2014-07-01 10:30:00,0.611175
2014-07-02 10:30:00,0.7654374
2014-07-03 10:30:00,0.6005
2014-07-04 10:30:00,0.52648747
2014-07-05 10:30:00,0.56439996
2014-07-06 10:30:00,0.6349375
2014-07-07 10:30:00,0.599775
2014-07-08 10:30:00,0.50588745
2014-07-09 10:30:00,0.631925
2014-07-10 10:30:00,0.79902494
2014-07-11 10:30:00,0.79309994
2014-07-12 10:30:00,0.81091243
2014-07-13 10:30:00,0.72034997
2014-07-14 10:30:00,0.6570749
2014-07-15 10:30:00,0.8062
2014-07-16 10:30:00,0.79144996
2014-07-17 10:30:00,0.78845
2014-07-18 10:30:00,0.79225
2014-07-19 10:30:00,0.78845
2014-07-20 10:30:00,0.77505
2014-07-21 10:30:00,0.7054125
2014-07-22 10:30:00,0.6075625
2014-07-23 10:30:00,0.6808625
2014-07-24 10:30:00,0.61239994
2014-07-25 10:30:00,0.6727375
2014-07-26 10:30:00,0.66823745
2014-07-27 10:30:00,0.6359125
2014-07-28 10:30:00,0.6575625
2014-07-29 10:30:00,0.7040875
2014-07-30 10:30:00,0.62032497
2014-07-31 10:30:00,0.5596125
2014-08-01 10:30:00,0.572275
2014-08-02 10:30:00,0.738175
2014-08-03 10:30:00,0.719525
2014-08-04 10:30:00,0.66552496
2014-08-05 10:30:00,0.68785
2014-08-06 10:30:00,0.71555
2014-08-07 10:30:00,0.666575
2014-08-08 10:30:00,0.534725
2014-08-09 10:30:00,0.80281246
2014-08-10 10:30:00,0.658925
2014-08-11 10:30:00,0.6356375
2014-08-12 10:30:00,0.643475
2014-08-13 10:30:00,0.75261253
2014-08-14 10:30:00,0.8991375
2014-08-15 10:30:00,0.82138747
2014-08-16 10:30:00,0.772375
2014-08-17 10:30:00,0.752825
2014-08-18 10:30:00,0.67323744
2014-08-19 10:30:00,0.6097125
2014-08-20 10:30:00,0.69607496
2014-08-21 10:30:00,0.662725
2014-08-22 10:30:00,0.71585
2014-08-23 10:30:00,0.8284125
2014-08-24 10:30:00,0.76094997
2014-08-25 10:30:00,0.78205
2014-08-26 10:30:00,0.68
2014-08-27 10:30:00,0.7432375
2014-08-28 10:30:00,0.6165625
2014-08-29 10:30:00,0.6072125
2014-08-30 10:30:00,0.6436
2014-08-31 10:30:00,0.72961247
2014-09-01 10:30:00,0.93181247
2014-09-02 10:30:00,0.71086246
2014-09-03 10:30:00,0.71466243
2014-09-04 10:30:00,0.7575875
2014-09-05 10:30:00,0.7157875
2014-09-06 10:30:00,0.69434994
2014-09-07 10:30:00,0.6532
2014-09-08 10:30:00,0.53125
2014-09-09 10:30:00,0.5837125
2014-09-10 10:30:00,0.5871
2014-09-11 10:30:00,0.6599375
2014-09-12 10:30:00,0.64406246
2014-09-13 10:30:00,0.664975
2014-09-14 10:30:00,0.489425
2014-09-15 10:30:00,0.56119996
2014-09-16 10:30:00,0.58937496
2014-09-17 10:30:00,0.5758
2014-09-18 10:30:00,0.55485
2014-09-19 10:30:00,0.691275
2014-09-20 10:30:00,0.68543744
2014-09-21 10:30:00,0.6660375
2014-09-22 10:30:00,0.79983747
2014-09-23 10:30:00,0.6511
2014-09-24 10:30:00,0.51678747
2014-09-25 10:30:00,0.362275
2014-09-26 10:30:00,0.8205125
2014-09-27 10:30:00,0.604725
2014-09-28 10:30:00,0.4991
2014-09-29 10:30:00,0.5437375
2014-09-30 10:30:00,0.4778625
2014-10-01 10:30:00,0.69527495
2014-10-02 10:30:00,0.5946625
2014-10-03 10:30:00,0.47405
2014-10-04 10:30:00,0.59283745
2014-10-05 10:30:00,0.50357497
2014-10-06 10:30:00,0.56165
2014-10-07 10:30:00,0.6185625
2014-10-08 10:30:00,0.629725
2014-10-09 10:30:00,0.74302495
2014-10-10 10:30:00,0.76622504
2014-10-11 10:30:00,0.637125
2014-10-12 10:30:00,0.50658745
2014-10-13 10:30:00,0.4143875
2014-10-14 10:30:00,0.39478746
2014-10-15 10:30:00,0.45255
2014-10-16 10:30:00,0.49269998
2014-10-17 10:30:00,0.44201252
2014-10-18 10:30:00,0.33068746
2014-10-19 10:30:00,0.317
2014-10-20 10:30:00,0.32564998
2014-10-21 10:30:00,0.4112875
2014-10-22 10:30:00,0.44858748
2014-10-23 10:30:00,0.482825
2014-10-24 10:30:00,0.52857494
2014-10-25 10:30:00,0.55206245
2014-10-26 10:30:00,0.54065
2014-10-27 10:30:00,0.47037497
2014-10-28 10:30:00,0.42064998
2014-10-29 10:30:00,0.558875
2014-10-30 10:30:00,0.889125
2014-10-31 10:30:00,0.8863625
2014-11-01 10:30:00,0.718825
2014-11-02 10:30:00,0.631275
2014-11-03 10:30:00,0.7036875
2014-11-04 10:30:00,0.671525
2014-11-05 10:30:00,0.55826247
2014-11-06 10:30:00,0.577325
2014-11-07 10:30:00,0.48749998
2014-11-08 10:30:00,0.5473125
2014-11-09 10:30:00,0.4964125
2014-11-10 10:30:00,0.51366246
2014-11-11 10:30:00,0.4901625
2014-11-12 10:30:00,0.4899375
2014-11-13 10:30:00,0.5362125
2014-11-14 10:30:00,0.4723125
2014-11-15 10:30:00,0.57792497
2014-11-16 10:30:00,0.6122625
2014-11-17 10:30:00,0.51963747
2014-11-18 10:30:00,0.5319625
2014-11-19 10:30:00,0.61315
2014-11-20 10:30:00,0.6188
2014-11-21 10:30:00,0.6328125
2014-11-22 10:30:00,0.557825
2014-11-23 10:30:00,0.52055
2014-11-24 10:30:00,0.57005
2014-11-25 10:30:00,0.4182125
2014-11-26 10:30:00,0.44294998
2014-11-27 10:30:00,0.4732875
2014-11-28 10:30:00,0.558325
2014-11-29 10:30:00,0.6412375
2014-11-30 10:30:00,0.55595
2014-12-01 10:30:00,0.4232125
2014-12-02 10:30:00,0.434775
2014-12-03 10:30:00,0.48576248
2014-12-04 10:30:00,0.5287125
2014-12-05 10:30:00,0.53318745
2014-12-06 10:30:00,0.5549625
2014-12-07 10:30:00,0.5926875
2014-12-08 10:30:00,0.6371
2014-12-09 10:30:00,0.58965
2014-12-10 10:30:00,0.7167125
2014-12-11 10:30:00,0.65073746
2014-12-12 10:30:00,0.597975
2014-12-13 10:30:00,0.6344375
2014-12-14 10:30:00,0.72591245
2014-12-15 10:30:00,0.66125
2014-12-16 10:30:00,0.604075
2014-12-17 10:30:00,0.703375
2014-12-18 10:30:00,0.7090125
2014-12-19 10:30:00,0.64625
2014-12-20 10:30:00,0.623525
2014-12-21 10:30:00,0.67592496
2014-12-22 10:30:00,0.75105
2014-12-23 10:30:00,0.67335
2014-12-24 10:30:00,0.6948625
2014-12-25 10:30:00,0.67471254
2014-12-26 10:30:00,0.74558747
2014-12-27 10:30:00,0.68066245
2014-12-28 10:30:00,0.68684995
2014-12-29 10:30:00,0.77809995
2014-12-30 10:30:00,0.64717495
2014-12-31 10:30:00,0.60069996
2015-01-01 10:30:00,0.6264875
2015-01-02 10:30:00,0.6786625
2015-01-03 10:30:00,0.64825
2015-01-04 10:30:00,0.7091375
2015-01-05 10:30:00,0.5290875
2015-01-06 10:30:00,0.5040625
2015-01-07 10:30:00,0.6691874
2015-01-08 10:30:00,0.7276625
2015-01-09 10:30:00,0.75633746
2015-01-10 10:30:00,0.6917625
2015-01-11 10:30:00,0.75165
2015-01-12 10:30:00,0.683475
2015-01-13 10:30:00,0.684475
2015-01-14 10:30:00,0.77747494
2015-01-15 10:30:00,0.7833
2015-01-16 10:30:00,0.6747999
2015-01-17 10:30:00,0.70735
2015-01-18 10:30:00,0.77177507
2015-01-19 10:30:00,0.72265
2015-01-20 10:30:00,0.7748
2015-01-21 10:30:00,0.78467494
2015-01-22 10:30:00,0.7624
2015-01-23 10:30:00,0.71073747
2015-01-24 10:30:00,0.7437875
2015-01-25 10:30:00,0.6504875
2015-01-26 10:30:00,0.55146253
2015-01-27 10:30:00,0.5667125
2015-01-28 10:30:00,0.643825
2015-01-29 10:30:00,0.61445
2015-01-30 10:30:00,0.5795375
2015-01-31 10:30:00,0.62845
2015-02-01 10:30:00,0.69205
2015-02-02 10:30:00,0.607875
2015-02-03 10:30:00,0.669875
2015-02-04 10:30:00,0.62123746
2015-02-05 10:30:00,0.6360625
2015-02-06 10:30:00,0.4848625
2015-02-07 10:30:00,0.4102875
2015-02-08 10:30:00,0.47797498
2015-02-09 10:30:00,0.53705
2015-02-10 10:30:00,0.49244997
2015-02-11 10:30:00,0.54190004
2015-02-12 10:30:00,0.5456875
2015-02-13 10:30:00,0.63013744
2015-02-14 10:30:00,0.6487125
2015-02-15 10:30:00,0.54821247
2015-02-16 10:30:00,0.6299125
2015-02-17 10:30:00,0.5713375
2015-02-18 10:30:00,0.5399625
2015-02-19 10:30:00,0.4502625
2015-02-20 10:30:00,0.573325
2015-02-21 10:30:00,0.7759375
2015-02-22 10:30:00,0.6172625
2015-02-23 10:30:00,0.4813375
2015-02-24 10:30:00,0.5369625
2015-02-25 10:30:00,0.5409875
2015-02-26 10:30:00,0.58028746
2015-02-27 10:30:00,0.51735
2015-02-28 10:30:00,0.5457875
2015-03-01 10:30:00,0.57252496
2015-03-02 10:30:00,0.50955003
2015-03-03 10:30:00,0.54693747
2015-03-04 10:30:00,0.424575
2015-03-05 10:30:00,0.3925625
2015-03-06 10:30:00,0.40386248
2015-03-07 10:30:00,0.392475
2015-03-08 10:30:00,0.4361
2015-03-09 10:30:00,0.41077498
2015-03-10 10:30:00,0.38415
2015-03-11 10:30:00,0.395225
2015-03-12 10:30:00,0.5148
2015-03-13 10:30:00,0.5607
2015-03-14 10:30:00,0.47405
2015-03-15 10:30:00,0.418975
2015-03-16 10:30:00,0.376025
2015-03-17 10:30:00,0.29982498
2015-03-18 10:30:00,0.45575
2015-03-19 10:30:00,0.41355
2015-03-20 10:30:00,0.305
2015-03-21 10:30:00,0.30871248
2015-03-22 10:30:00,0.2861625
2015-03-23 10:30:00,0.3770875
2015-03-24 10:30:00,0.3418
2015-03-25 10:30:00,0.23296249
2015-03-26 10:30:00,0.21665001
2015-03-27 10:30:00,0.4062
2015-03-28 10:30:00,0.46765
2015-03-29 10:30:00,0.33439997
2015-03-30 10:30:00,0.4834875
2015-03-31 10:30:00,0.27037498
2015-04-01 10:30:00,0.273125
2015-04-02 10:30:00,0.8361875
2015-04-03 10:30:00,0.70897496
2015-04-04 10:30:00,0.9051125
2015-04-05 10:30:00,0.71295
2015-04-06 10:30:00,0.65665
2015-04-07 10:30:00,0.558
2015-04-08 10:30:00,0.6242
2015-04-09 10:30:00,0.609325
2015-04-10 10:30:00,0.5127125
2015-04-11 10:30:00,0.45776248
2015-04-12 10:30:00,0.38979998
2015-04-13 10:30:00,0.3215
2015-04-14 10:30:00,0.3297625
2015-04-15 10:30:00,0.44666252
2015-04-16 10:30:00,0.36357498
2015-04-17 10:30:00,0.3229875
2015-04-18 10:30:00,0.262925
2015-04-19 10:30:00,0.21795
2015-04-20 10:30:00,0.2841375
2015-04-21 10:30:00,0.3080625
2015-04-22 10:30:00,0.34066248
2015-04-23 10:30:00,0.39279997
2015-04-24 10:30:00,0.33118752
2015-04-25 10:30:00,0.28564999
2015-04-26 10:30:00,0.3128
2015-04-27 10:30:00,0.2463125
2015-04-28 10:30:00,0.3693875
2015-04-29 10:30:00,0.19311251
2015-04-30 10:30:00,0.0778625
2015-05-01 10:30:00,0.45523748
2015-05-02 10:30:00,0.37305
2015-05-03 10:30:00,0.3109
2015-05-04 10:30:00,0.2369
2015-05-05 10:30:00,0.3172125
2015-05-06 10:30:00,0.2952
2015-05-07 10:30:00,0.8580125
2015-05-08 10:30:00,0.62014997
2015-05-09 10:30:00,0.5459
2015-05-10 10:30:00,0.61345
2015-05-11 10:30:00,0.8367125
2015-05-12 10:30:00,0.7418875
2015-05-13 10:30:00,0.44447502
2015-05-14 10:30:00,0.2287125
2015-05-15 10:30:00,0.2290375
2015-05-16 10:30:00,0.25573748
2015-05-17 10:30:00,0.6245625
2015-05-18 10:30:00,0.6156
2015-05-19 10:30:00,0.6336875
2015-05-20 10:30:00,0.3058
2015-05-21 10:30:00,0.32748747
2015-05-22 10:30:00,0.2833875
2015-05-23 10:30:00,0.2834875
2015-05-24 10:30:00,0.3366
2015-05-25 10:30:00,0.5804875
2015-05-26 10:30:00,0.5959125
2015-05-27 10:30:00,0.5311875
2015-05-28 10:30:00,0.714325
2015-05-29 10:30:00,0.65015
2015-05-30 10:30:00,0.45041248
2015-05-31 10:30:00,0.357425
2015-06-01 10:30:00,0.5053125
2015-06-02 10:30:00,0.3915
2015-06-03 10:30:00,0.31884998
2015-06-04 10:30:00,0.59433746
2015-06-05 10:30:00,0.84482497
2015-06-06 10:30:00,0.72192496
2015-06-07 10:30:00,0.622175
2015-06-08 10:30:00,0.62448746
2015-06-09 10:30:00,0.5517625
2015-06-10 10:30:00,0.797525
2015-06-11 10:30:00,0.91118747
2015-06-12 10:30:00,0.91591245
2015-06-13 10:30:00,0.7857625
2015-06-14 10:30:00,0.67581254
2015-06-15 10:30:00,0.508425
2015-06-16 10:30:00,0.65788746
2015-06-17 10:30:00,0.8679
2015-06-18 10:30:00,0.9641
2015-06-19 10:30:00,0.79702497
2015-06-20 10:30:00,0.67835
2015-06-21 10:30:00,0.6060625
2015-06-22 10:30:00,0.677125
2015-06-23 10:30:00,0.7277625
2015-06-24 10:30:00,0.8624875
2015-06-25 10:30:00,0.67926246
2015-06-26 10:30:00,0.6006
2015-06-27 10:30:00,0.7554125
2015-06-28 10:30:00,0.78912497
2015-06-29 10:30:00,0.579925
2015-06-30 10:30:00,0.8733875
2015-07-01 10:30:00,0.7628125
2015-07-02 10:30:00,0.8851
2015-07-03 10:30:00,0.697725
2015-07-04 10:30:00,0.67722493
2015-07-05 10:30:00,0.7066
2015-07-06 10:30:00,0.6633
2015-07-07 10:30:00,0.64077497
2015-07-08 10:30:00,0.657275
2015-07-09 10:30:00,0.746175
2015-07-10 10:30:00,0.67671245
2015-07-11 10:30:00,0.7794125
2015-07-12 10:30:00,0.69308746
2015-07-13 10:30:00,0.65019995
2015-07-14 10:30:00,0.757025
2015-07-15 10:30:00,0.841325
2015-07-16 10:30:00,0.8655625
2015-07-17 10:30:00,0.84682494
2015-07-18 10:30:00,0.7828375
2015-07-19 10:30:00,0.8394625
2015-07-20 10:30:00,0.7464375
2015-07-21 10:30:00,0.9054375
2015-07-22 10:30:00,0.84217495
2015-07-23 10:30:00,0.8377375
2015-07-24 10:30:00,0.78737503
2015-07-25 10:30:00,0.831275
2015-07-26 10:30:00,0.7567
2015-07-27 10:30:00,0.6931375
2015-07-28 10:30:00,0.66601247
2015-07-29 10:30:00,0.9031624
2015-07-30 10:30:00,0.76809996
2015-07-31 10:30:00,0.70617497
2015-08-01 10:30:00,0.6965249
2015-08-02 10:30:00,0.6276375
2015-08-03 10:30:00,0.66919994
2015-08-04 10:30:00,0.7095125
2015-08-05 10:30:00,0.7497249
2015-08-06 10:30:00,0.7015125
2015-08-07 10:30:00,0.82128745
2015-08-08 10:30:00,0.84607494
2015-08-09 10:30:00,0.8946499
2015-08-10 10:30:00,0.74120003
2015-08-11 10:30:00,0.7826125
2015-08-12 10:30:00,0.7052375
2015-08-13 10:30:00,0.6544
2015-08-14 10:30:00,0.76871246
2015-08-15 10:30:00,0.82176244
2015-08-16 10:30:00,0.80311245
2015-08-17 10:30:00,0.791025
2015-08-18 10:30:00,0.8018625
2015-08-19 10:30:00,0.90425
2015-08-20 10:30:00,0.9326
2015-08-21 10:30:00,0.8623625
2015-08-22 10:30:00,0.878375
2015-08-23 10:30:00,0.92542493
2015-08-24 10:30:00,0.9327875
2015-08-25 10:30:00,0.9038
2015-08-26 10:30:00,0.8407
2015-08-27 10:30:00,0.7676125
2015-08-28 10:30:00,0.85235
2015-08-29 10:30:00,0.88801247
2015-08-30 10:30:00,0.89916253
2015-08-31 10:30:00,0.910425
2015-09-01 10:30:00,0.804675
2015-09-02 10:30:00,0.7369625
2015-09-03 10:30:00,0.7003
2015-09-04 10:30:00,0.8445375
2015-09-05 10:30:00,0.79551244
2015-09-06 10:30:00,0.6877625
2015-09-07 10:30:00,0.8416375
2015-09-08 10:30:00,0.8162625
2015-09-09 10:30:00,0.665375
2015-09-10 10:30:00,0.64669997
2015-09-11 10:30:00,0.7089499
2015-09-12 10:30:00,0.759
2015-09-13 10:30:00,0.6805875
2015-09-14 10:30:00,0.54235
2015-09-15 10:30:00,0.64577496
2015-09-16 10:30:00,0.67964995
2015-09-17 10:30:00,0.88997495
2015-09-18 10:30:00,0.8149875
2015-09-19 10:30:00,0.6825625
2015-09-20 10:30:00,0.72958744
2015-09-21 10:30:00,0.6151
2015-09-22 10:30:00,0.98520005
2015-09-23 10:30:00,0.8819
2015-09-24 10:30:00,0.9279125
2015-09-25 10:30:00,0.72293746
2015-09-26 10:30:00,0.6611625
2015-09-27 10:30:00,0.728675
2015-09-28 10:30:00,0.729075
2015-09-29 10:30:00,0.6121875
2015-09-30 10:30:00,0.806125
2015-10-01 10:30:00,0.61321247
2015-10-02 10:30:00,0.44983748
2015-10-03 10:30:00,0.4784875
2015-10-04 10:30:00,0.45589998
2015-10-05 10:30:00,0.549425
2015-10-06 10:30:00,0.4709875
2015-10-07 10:30:00,0.4107
2015-10-08 10:30:00,0.52245
2015-10-09 10:30:00,0.6547125
2015-10-10 10:30:00,0.8442375
2015-10-11 10:30:00,0.52568746
2015-10-12 10:30:00,0.5818
2015-10-13 10:30:00,0.6623375
2015-10-14 10:30:00,0.6133375
2015-10-15 10:30:00,0.44998747
2015-10-16 10:30:00,0.453575
2015-10-17 10:30:00,0.40565
2015-10-18 10:30:00,0.3243125
2015-10-19 10:30:00,0.40465
2015-10-20 10:30:00,0.51932496
2015-10-21 10:30:00,0.4262125
2015-10-22 10:30:00,0.4140125
2015-10-23 10:30:00,0.2718625
2015-10-24 10:30:00,0.3364875
2015-10-25 10:30:00,0.3061125
2015-10-26 10:30:00,0.47877496
2015-10-27 10:30:00,0.519625
2015-10-28 10:30:00,0.5183
2015-10-29 10:30:00,0.5888375
2015-10-30 10:30:00,0.56203747
2015-10-31 10:30:00,0.4615875
2015-11-01 10:30:00,0.39401248
2015-11-02 10:30:00,0.49826247
2015-11-03 10:30:00,0.3206125
2015-11-04 10:30:00,0.45451248
2015-11-05 10:30:00,0.3818
2015-11-06 10:30:00,0.5185
2015-11-07 10:30:00,0.4512625
2015-11-08 10:30:00,0.7144
2015-11-09 10:30:00,0.7528125
2015-11-10 10:30:00,0.71771246
2015-11-11 10:30:00,0.796425
2015-11-12 10:30:00,0.76985
2015-11-13 10:30:00,0.75366247
2015-11-14 10:30:00,0.74445
2015-11-15 10:30:00,0.44112498
2015-11-16 10:30:00,0.7086125
2015-11-17 10:30:00,0.6348125
2015-11-18 10:30:00,0.76997495
2015-11-19 10:30:00,0.77737504
2015-11-20 10:30:00,0.73925
2015-11-21 10:30:00,0.70229995
2015-11-22 10:30:00,0.6824875
2015-11-23 10:30:00,0.6478125
2015-11-24 10:30:00,0.6574375
2015-11-25 10:30:00,0.6506125
2015-11-26 10:30:00,0.6782875
2015-11-27 10:30:00,0.72073746
2015-11-28 10:30:00,0.745
2015-11-29 10:30:00,0.739875
2015-11-30 10:30:00,0.77911246
2015-12-01 10:30:00,0.8664375
2015-12-02 10:30:00,0.80419993
2015-12-03 10:30:00,0.6689125
2015-12-04 10:30:00,0.6536
2015-12-05 10:30:00,0.6826
2015-12-06 10:30:00,0.77778745
2015-12-07 10:30:00,0.7966375
2015-12-08 10:30:00,0.7279125
2015-12-09 10:30:00,0.86036247
2015-12-10 10:30:00,0.70777494
2015-12-11 10:30:00,0.7661
2015-12-12 10:30:00,0.6879625
2015-12-13 10:30:00,0.72725
2015-12-14 10:30:00,0.752675
2015-12-15 10:30:00,0.67661244
2015-12-16 10:30:00,0.67872494
2015-12-17 10:30:00,0.715225
2015-12-18 10:30:00,0.7497
2015-12-19 10:30:00,0.75665
2015-12-20 10:30:00,0.82247496
2015-12-21 10:30:00,0.77577496
2015-12-22 10:30:00,0.71677494
2015-12-23 10:30:00,0.6236375
2015-12-24 10:30:00,0.718
2015-12-25 10:30:00,0.6916625
2015-12-26 10:30:00,0.508775
2015-12-27 10:30:00,0.58056253
2015-12-28 10:30:00,0.6790875
2015-12-29 10:30:00,0.80120003
2015-12-30 10:30:00,0.7507125
2015-12-31 10:30:00,0.7662625
2016-01-01 10:30:00,0.69224995
2016-01-02 10:30:00,0.74964994
2016-01-03 10:30:00,0.66389996
2016-01-04 10:30:00,0.6353125
2016-01-05 10:30:00,0.65915
2016-01-06 10:30:00,0.61952496
2016-01-07 10:30:00,0.6453
2016-01-08 10:30:00,0.6650875
2016-01-09 10:30:00,0.61834997
2016-01-10 10:30:00,0.5325125
2016-01-11 10:30:00,0.5654
2016-01-12 10:30:00,0.6261875
2016-01-13 10:30:00,0.61702496
2016-01-14 10:30:00,0.6868125
2016-01-15 10:30:00,0.6974875
2016-01-16 10:30:00,0.6533
2016-01-17 10:30:00,0.561475
2016-01-18 10:30:00,0.5086375
2016-01-19 10:30:00,0.53363746
2016-01-20 10:30:00,0.60674995
2016-01-21 10:30:00,0.56189996
2016-01-22 10:30:00,0.5155375
2016-01-23 10:30:00,0.5145125
2016-01-24 10:30:00,0.5423125
2016-01-25 10:30:00,0.54482496
2016-01-26 10:30:00,0.5526125
2016-01-27 10:30:00,0.5775875
2016-01-28 10:30:00,0.52545
2016-01-29 10:30:00,0.510275
2016-01-30 10:30:00,0.541775
2016-01-31 10:30:00,0.5811125
2016-02-01 10:30:00,0.561725
2016-02-02 10:30:00,0.5720375
2016-02-03 10:30:00,0.5791375
2016-02-04 10:30:00,0.5623625
2016-02-05 10:30:00,0.63425
2016-02-06 10:30:00,0.614475
2016-02-07 10:30:00,0.6108125
2016-02-08 10:30:00,0.662575
2016-02-09 10:30:00,0.73691255
2016-02-10 10:30:00,0.65732497
2016-02-11 10:30:00,0.6063375
2016-02-12 10:30:00,0.552975
2016-02-13 10:30:00,0.5092125
2016-02-14 10:30:00,0.5024
2016-02-15 10:30:00,0.6091
2016-02-16 10:30:00,0.587425
2016-02-17 10:30:00,0.58165
2016-02-18 10:30:00,0.5507375
2016-02-19 10:30:00,0.578225
2016-02-20 10:30:00,0.5472875
2016-02-21 10:30:00,0.4438875
2016-02-22 10:30:00,0.45666248
2016-02-23 10:30:00,0.5353125
2016-02-24 10:30:00,0.555125
2016-02-25 10:30:00,0.568675
2016-02-26 10:30:00,0.5083625
2016-02-27 10:30:00,0.5657125
2016-02-28 10:30:00,0.52683747
2016-02-29 10:30:00,0.49310002
2016-03-01 10:30:00,0.6049875
2016-03-02 10:30:00,0.65168744
2016-03-03 10:30:00,0.6105
2016-03-04 10:30:00,0.71235
2016-03-05 10:30:00,0.6168375
2016-03-06 10:30:00,0.50084996
2016-03-07 10:30:00,0.497225
2016-03-08 10:30:00,0.5562125
2016-03-09 10:30:00,0.5318625
2016-03-10 10:30:00,0.57014996
2016-03-11 10:30:00,0.494625
2016-03-12 10:30:00,0.5071125
2016-03-13 10:30:00,0.51801246
2016-03-14 10:30:00,0.5524
2016-03-15 10:30:00,0.4381875
2016-03-16 10:30:00,0.3464875
2016-03-17 10:30:00,0.42589998
2016-03-18 10:30:00,0.626825
2016-03-19 10:30:00,0.56675
2016-03-20 10:30:00,0.45424998
2016-03-21 10:30:00,0.5403375
2016-03-22 10:30:00,0.39088747
2016-03-23 10:30:00,0.39791247
2016-03-24 10:30:00,0.39294997
2016-03-25 10:30:00,0.4000125
2016-03-26 10:30:00,0.3364375
2016-03-27 10:30:00,0.2734375
2016-03-28 10:30:00,0.34917498
2016-03-29 10:30:00,0.49559996
2016-03-30 10:30:00,0.336875
2016-03-31 10:30:00,0.38728753
2016-04-01 10:30:00,0.567575
2016-04-02 10:30:00,0.4166
2016-04-03 10:30:00,0.4698875
2016-04-04 10:30:00,0.46931252
2016-04-05 10:30:00,0.43311247
2016-04-06 10:30:00,0.39752498
2016-04-07 10:30:00,0.24532498
2016-04-08 10:30:00,0.21139999
2016-04-09 10:30:00,0.2394375
2016-04-10 10:30:00,0.38485
2016-04-11 10:30:00,0.3767375
2016-04-12 10:30:00,0.30761248
2016-04-13 10:30:00,0.80135
2016-04-14 10:30:00,0.48485
2016-04-15 10:30:00,0.6863875
2016-04-16 10:30:00,0.85568744
2016-04-17 10:30:00,0.5811125
2016-04-18 10:30:00,0.600675
2016-04-19 10:30:00,0.2881375
2016-04-20 10:30:00,0.3285625
2016-04-21 10:30:00,0.380125
2016-04-22 10:30:00,0.5289625
2016-04-23 10:30:00,0.3436875
2016-04-24 10:30:00,0.5113625
2016-04-25 10:30:00,0.44967496
2016-04-26 10:30:00,0.59381247
2016-04-27 10:30:00,0.6459
2016-04-28 10:30:00,0.3860625
2016-04-29 10:30:00,0.5484375
2016-04-30 10:30:00,0.48229998
2016-05-01 10:30:00,0.67464995
2016-05-02 10:30:00,0.37096253
2016-05-03 10:30:00,0.26411247
2016-05-04 10:30:00,0.15207501
2016-05-05 10:30:00,0.30441248
2016-05-06 10:30:00,0.5395375
2016-05-07 10:30:00,0.19732499
2016-05-08 10:30:00,0.3528625
2016-05-09 10:30:00,0.33261248
2016-05-10 10:30:00,0.149575
2016-05-11 10:30:00,0.62259996
2016-05-12 10:30:00,0.2906625
2016-05-13 10:30:00,0.2027
2016-05-14 10:30:00,0.4323625
2016-05-15 10:30:00,0.3245
2016-05-16 10:30:00,0.23879999
2016-05-17 10:30:00,0.111725
2016-05-18 10:30:00,0.20786251
2016-05-19 10:30:00,0.2195
2016-05-20 10:30:00,0.3669875
2016-05-21 10:30:00,0.2984125
2016-05-22 10:30:00,0.356875
2016-05-23 10:30:00,0.66043746
2016-05-24 10:30:00,0.7661125
2016-05-25 10:30:00,0.59915
2016-05-26 10:30:00,0.39564997
2016-05-27 10:30:00,0.3378375
2016-05-28 10:30:00,0.32213748
2016-05-29 10:30:00,0.37546247
2016-05-30 10:30:00,0.52143747
2016-05-31 10:30:00,0.50163746
2016-06-01 10:30:00,0.4253125
2016-06-02 10:30:00,0.429225
2016-06-03 10:30:00,0.40513748
2016-06-04 10:30:00,0.39224997
2016-06-05 10:30:00,0.46034998
2016-06-06 10:30:00,0.62065
2016-06-07 10:30:00,0.59499997
2016-06-08 10:30:00,0.4716125
2016-06-09 10:30:00,0.675175
2016-06-10 10:30:00,0.85339993
2016-06-11 10:30:00,0.598025
2016-06-12 10:30:00,0.6899875
2016-06-13 10:30:00,0.59543747
2016-06-14 10:30:00,0.528375
2016-06-15 10:30:00,0.5010125
2016-06-16 10:30:00,0.662125
2016-06-17 10:30:00,0.611725
2016-06-18 10:30:00,0.61036247
2016-06-19 10:30:00,0.62375
2016-06-20 10:30:00,0.553775
2016-06-21 10:30:00,0.587375
2016-06-22 10:30:00,0.8253125
2016-06-23 10:30:00,0.684075
2016-06-24 10:30:00,0.6254125
2016-06-25 10:30:00,0.569375
2016-06-26 10:30:00,0.4984125
2016-06-27 10:30:00,0.65327495
2016-06-28 10:30:00,0.75677496
2016-06-29 10:30:00,0.8532625
2016-06-30 10:30:00,0.8581625
2016-07-01 10:30:00,0.546925
2016-07-02 10:30:00,0.6528125
2016-07-03 10:30:00,0.597575
2016-07-04 10:30:00,0.4692
2016-07-05 10:30:00,0.4715
2016-07-06 10:30:00,0.5453625
2016-07-07 10:30:00,0.5512
2016-07-08 10:30:00,0.5732375
2016-07-09 10:30:00,0.6644874
2016-07-10 10:30:00,0.43276247
2016-07-11 10:30:00,0.6324875
2016-07-12 10:30:00,0.5584
2016-07-13 10:30:00,0.531175
2016-07-14 10:30:00,0.575525
2016-07-15 10:30:00,0.537925
2016-07-16 10:30:00,0.5060125
2016-07-17 10:30:00,0.5615625
2016-07-18 10:30:00,0.43722498
2016-07-19 10:30:00,0.6785875
2016-07-20 10:30:00,0.6907875
2016-07-21 10:30:00,0.73202497
2016-07-22 10:30:00,0.92303747
2016-07-23 10:30:00,0.7495625
2016-07-24 10:30:00,0.596975
2016-07-25 10:30:00,0.6864
2016-07-26 10:30:00,0.6548375
2016-07-27 10:30:00,0.6226625
2016-07-28 10:30:00,0.7655375
2016-07-29 10:30:00,0.6591749
2016-07-30 10:30:00,0.72295
2016-07-31 10:30:00,0.7269
2016-08-01 10:30:00,0.631475
2016-08-02 10:30:00,0.5490375
2016-08-03 10:30:00,0.57147497
2016-08-04 10:30:00,0.5037375
2016-08-05 10:30:00,0.67135
2016-08-06 10:30:00,0.744375
2016-08-07 10:30:00,0.52175
2016-08-08 10:30:00,0.48403746
2016-08-09 10:30:00,0.5797
2016-08-10 10:30:00,0.6053625
2016-08-11 10:30:00,0.3529375
2016-08-12 10:30:00,0.3681375
2016-08-13 10:30:00,0.48456252
2016-08-14 10:30:00,0.58204997
2016-08-15 10:30:00,0.5166625
2016-08-16 10:30:00,0.584175
2016-08-17 10:30:00,0.56719995
2016-08-18 10:30:00,0.6462625
2016-08-19 10:30:00,0.684275
2016-08-20 10:30:00,0.73302495
2016-08-21 10:30:00,0.6946374
2016-08-22 10:30:00,0.56425
2016-08-23 10:30:00,0.72568744
2016-08-24 10:30:00,0.6222375
2016-08-25 10:30:00,0.45485
2016-08-26 10:30:00,0.54623747
2016-08-27 10:30:00,0.50686246
2016-08-28 10:30:00,0.48663747
2016-08-29 10:30:00,0.512725
2016-08-30 10:30:00,0.4191125
2016-08-31 10:30:00,0.82014996
2016-09-01 10:30:00,0.8819
2016-09-02 10:30:00,0.8101
2016-09-03 10:30:00,0.88124996
2016-09-04 10:30:00,0.8801875
2016-09-05 10:30:00,0.856775
2016-09-06 10:30:00,0.77089995
2016-09-07 10:30:00,0.6745625
2016-09-08 10:30:00,0.75132495
2016-09-09 10:30:00,0.820325
2016-09-10 10:30:00,0.8692875
2016-09-11 10:30:00,0.7408
2016-09-12 10:30:00,0.748275
2016-09-13 10:30:00,0.7546875
2016-09-14 10:30:00,0.7845749
2016-09-15 10:30:00,0.5644625
2016-09-16 10:30:00,0.74232495
2016-09-17 10:30:00,0.824225
2016-09-18 10:30:00,0.622875
2016-09-19 10:30:00,0.6041125
2016-09-20 10:30:00,0.6149875
2016-09-21 10:30:00,0.61922497
2016-09-22 10:30:00,0.6418375
2016-09-23 10:30:00,0.6954125
2016-09-24 10:30:00,0.6455625
2016-09-25 10:30:00,0.5587125
2016-09-26 10:30:00,0.68237495
2016-09-27 10:30:00,0.7923625
2016-09-28 10:30:00,0.6186375
2016-09-29 10:30:00,0.65345
2016-09-30 10:30:00,0.6484375
2016-10-01 10:30:00,0.5828125
2016-10-02 10:30:00,0.530925
2016-10-03 10:30:00,0.59956247
2016-10-04 10:30:00,0.6827875
2016-10-05 10:30:00,0.55224997
2016-10-06 10:30:00,0.5348125
2016-10-07 10:30:00,0.78505
2016-10-08 10:30:00,0.7386625
2016-10-09 10:30:00,0.66155
2016-10-10 10:30:00,0.6727375
2016-10-11 10:30:00,0.6062375
2016-10-12 10:30:00,0.6659625
2016-10-13 10:30:00,0.63511246
2016-10-14 10:30:00,0.610075
2016-10-15 10:30:00,0.546225
2016-10-16 10:30:00,0.63095
2016-10-17 10:30:00,0.57637495
2016-10-18 10:30:00,0.4900875
2016-10-19 10:30:00,0.629925
2016-10-20 10:30:00,0.4280875
2016-10-21 10:30:00,0.7828125
2016-10-22 10:30:00,0.57269996
2016-10-23 10:30:00,0.5652125
2016-10-24 10:30:00,0.5705625
2016-10-25 10:30:00,0.6287125
2016-10-26 10:30:00,0.56873745
2016-10-27 10:30:00,0.55092496
2016-10-28 10:30:00,0.59718746
2016-10-29 10:30:00,0.49374998
2016-10-30 10:30:00,0.5248875
2016-10-31 10:30:00,0.4848625
2016-11-01 10:30:00,0.4449625
2016-11-02 10:30:00,0.526425
2016-11-03 10:30:00,0.7019125
2016-11-04 10:30:00,0.74803746
2016-11-05 10:30:00,0.598375
2016-11-06 10:30:00,0.7087
2016-11-07 10:30:00,0.700225
2016-11-08 10:30:00,0.64089996
2016-11-09 10:30:00,0.6573
2016-11-10 10:30:00,0.78795
2016-11-11 10:30:00,0.66169995
2016-11-12 10:30:00,0.67592496
2016-11-13 10:30:00,0.75984997
2016-11-14 10:30:00,0.63605
2016-11-15 10:30:00,0.69184995
2016-11-16 10:30:00,0.74551255
2016-11-17 10:30:00,0.6330125
2016-11-18 10:30:00,0.729325
2016-11-19 10:30:00,0.6541749
2016-11-20 10:30:00,0.59475
2016-11-21 10:30:00,0.58652496
2016-11-22 10:30:00,0.649625
2016-11-23 10:30:00,0.6116
2016-11-24 10:30:00,0.695925
2016-11-25 10:30:00,0.7270625
2016-11-26 10:30:00,0.6765625
2016-11-27 10:30:00,0.67565
2016-11-28 10:30:00,0.6658
2016-11-29 10:30:00,0.71326244
2016-11-30 10:30:00,0.64246243
2016-12-01 10:30:00,0.6115375
2016-12-02 10:30:00,0.6939125
2016-12-03 10:30:00,0.5517625
2016-12-04 10:30:00,0.5695375
2016-12-05 10:30:00,0.67412496
2016-12-06 10:30:00,0.7129375
2016-12-07 10:30:00,0.70516247
2016-12-08 10:30:00,0.65238744
2016-12-09 10:30:00,0.6005125
2016-12-10 10:30:00,0.66940004
2016-12-11 10:30:00,0.6124
2016-12-12 10:30:00,0.60377496
2016-12-13 10:30:00,0.5828875
2016-12-14 10:30:00,0.5784
2016-12-15 10:30:00,0.5820625
2016-12-16 10:30:00,0.664725
2016-12-17 10:30:00,0.6231
2016-12-18 10:30:00,0.70875
2016-12-19 10:30:00,0.743225
2016-12-20 10:30:00,0.67015
2016-12-21 10:30:00,0.724725
2016-12-22 10:30:00,0.596475
2016-12-23 10:30:00,0.6778875
2016-12-24 10:30:00,0.7167624
2016-12-25 10:30:00,0.61303747
2016-12-26 10:30:00,0.50979996
2016-12-27 10:30:00,0.58384997
2016-12-28 10:30:00,0.5620875
2016-12-29 10:30:00,0.6060625
2016-12-30 10:30:00,0.6128875
2016-12-31 10:30:00,0.635175
2017-01-01 10:30:00,0.6842125
2017-01-02 10:30:00,0.6686375
2017-01-03 10:30:00,0.59543747
2017-01-04 10:30:00,0.77857494
2017-01-05 10:30:00,0.6334375
2017-01-06 10:30:00,0.5847
2017-01-07 10:30:00,0.72138745
2017-01-08 10:30:00,0.5629625
2017-01-09 10:30:00,0.5053
2017-01-10 10:30:00,0.535425
2017-01-11 10:30:00,0.538825
2017-01-12 10:30:00,0.45949998
2017-01-13 10:30:00,0.53745
2017-01-14 10:30:00,0.65225
2017-01-15 10:30:00,0.511675
2017-01-16 10:30:00,0.6067
2017-01-17 10:30:00,0.6267
2017-01-18 10:30:00,0.56995
2017-01-19 10:30:00,0.566925
2017-01-20 10:30:00,0.5539625
2017-01-21 10:30:00,0.5546875
2017-01-22 10:30:00,0.5359375
2017-01-23 10:30:00,0.4923625
2017-01-24 10:30:00,0.5867125
2017-01-25 10:30:00,0.5621
2017-01-26 10:30:00,0.5417625
2017-01-27 10:30:00,0.63885003
2017-01-28 10:30:00,0.58655
2017-01-29 10:30:00,0.5230375
2017-01-30 10:30:00,0.486375
2017-01-31 10:30:00,0.4590375
2017-02-01 10:30:00,0.47785
2017-02-02 10:30:00,0.5529375
2017-02-03 10:30:00,0.6270125
2017-02-04 10:30:00,0.5323875
2017-02-05 10:30:00,0.58893746
2017-02-06 10:30:00,0.567325
2017-02-07 10:30:00,0.5819375
2017-02-08 10:30:00,0.5279875
2017-02-09 10:30:00,0.521925
2017-02-10 10:30:00,0.48603746
2017-02-11 10:30:00,0.44081247
2017-02-12 10:30:00,0.4643375
2017-02-13 10:30:00,0.54945
2017-02-14 10:30:00,0.508925
2017-02-15 10:30:00,0.50833744
2017-02-16 10:30:00,0.49419996
2017-02-17 10:30:00,0.4538
2017-02-18 10:30:00,0.37849998
2017-02-19 10:30:00,0.53714997
2017-02-20 10:30:00,0.5071875
2017-02-21 10:30:00,0.55015
2017-02-22 10:30:00,0.502475
2017-02-23 10:30:00,0.538575
2017-02-24 10:30:00,0.64335
2017-02-25 10:30:00,0.6374375
2017-02-26 10:30:00,0.66043746
2017-02-27 10:30:00,0.60179996
2017-02-28 10:30:00,0.5477125
2017-03-01 10:30:00,0.48255
2017-03-02 10:30:00,0.501925
2017-03-03 10:30:00,0.60749996
2017-03-04 10:30:00,0.508225
2017-03-05 10:30:00,0.5077375
2017-03-06 10:30:00,0.50944996
2017-03-07 10:30:00,0.54737496
2017-03-08 10:30:00,0.5571625
2017-03-09 10:30:00,0.58215
2017-03-10 10:30:00,0.454575
2017-03-11 10:30:00,0.54765
2017-03-12 10:30:00,0.488025
2017-03-13 10:30:00,0.51471245
2017-03-14 10:30:00,0.56465
2017-03-15 10:30:00,0.57221246
2017-03-16 10:30:00,0.50273746
2017-03-17 10:30:00,0.45825
2017-03-18 10:30:00,0.4204625
2017-03-19 10:30:00,0.39854997
2017-03-20 10:30:00,0.5117125
2017-03-21 10:30:00,0.45776248
2017-03-22 10:30:00,0.456525
2017-03-23 10:30:00,0.49998748
2017-03-24 10:30:00,0.42243752
2017-03-25 10:30:00,0.4163125
2017-03-26 10:30:00,0.51986253
2017-03-27 10:30:00,0.508025
2017-03-28 10:30:00,0.4760375
2017-03-29 10:30:00,0.4313125
2017-03-30 10:30:00,0.49868748
2017-03-31 10:30:00,0.389975
2017-04-01 10:30:00,0.3777
2017-04-02 10:30:00,0.3841125
2017-04-03 10:30:00,0.3489
2017-04-04 10:30:00,0.291425
2017-04-05 10:30:00,0.38158748
2017-04-06 10:30:00,0.4650125
2017-04-07 10:30:00,0.3719625
2017-04-08 10:30:00,0.3545
2017-04-09 10:30:00,0.212175
2017-04-10 10:30:00,0.23397501
2017-04-11 10:30:00,0.250025
2017-04-12 10:30:00,0.2596125
2017-04-13 10:30:00,0.2582
2017-04-14 10:30:00,0.24851249
2017-04-15 10:30:00,0.1943125
2017-04-16 10:30:00,0.34046248
2017-04-17 10:30:00,0.510625
2017-04-18 10:30:00,0.503125
2017-04-19 10:30:00,0.482275
2017-04-20 10:30:00,0.357525
2017-04-21 10:30:00,0.19790001
2017-04-22 10:30:00,0.30965
2017-04-23 10:30:00,0.41666248
2017-04-24 10:30:00,0.63194996
2017-04-25 10:30:00,0.6105625
2017-04-26 10:30:00,0.3996875
2017-04-27 10:30:00,0.3058
2017-04-28 10:30:00,0.2457875
2017-04-29 10:30:00,0.2175625
2017-04-30 10:30:00,0.3028625
2017-05-01 10:30:00,0.144425
2017-05-02 10:30:00,0.18084998
2017-05-03 10:30:00,0.36319998
2017-05-04 10:30:00,0.3077625
2017-05-05 10:30:00,0.59683746
2017-05-06 10:30:00,0.29857498
2017-05-07 10:30:00,0.4770375
2017-05-08 10:30:00,0.20684999
2017-05-09 10:30:00,0.24643749
2017-05-10 10:30:00,0.24546249
2017-05-11 10:30:00,0.4980375
2017-05-12 10:30:00,0.4746625
2017-05-13 10:30:00,0.5787625
2017-05-14 10:30:00,0.5579375
2017-05-15 10:30:00,0.34252498
2017-05-16 10:30:00,0.388275
2017-05-17 10:30:00,0.3414875
2017-05-18 10:30:00,0.1343125
2017-05-19 10:30:00,0.26834998
2017-05-20 10:30:00,0.52945
2017-05-21 10:30:00,0.8462625
2017-05-22 10:30:00,0.72208744
2017-05-23 10:30:00,0.41358748
2017-05-24 10:30:00,0.45886248
2017-05-25 10:30:00,0.36819997
2017-05-26 10:30:00,0.32923746
2017-05-27 10:30:00,0.288325
2017-05-28 10:30:00,0.20897499
2017-05-29 10:30:00,0.2452125
2017-05-30 10:30:00,0.23745
2017-05-31 10:30:00,0.28393748
2017-06-01 10:30:00,0.40665
2017-06-02 10:30:00,0.5824375
2017-06-03 10:30:00,0.41213748
2017-06-04 10:30:00,0.3723375
2017-06-05 10:30:00,0.22944999
2017-06-06 10:30:00,0.63105
2017-06-07 10:30:00,0.47143748
2017-06-08 10:30:00,0.3488
2017-06-09 10:30:00,0.34077498
2017-06-10 10:30:00,0.4327125
2017-06-11 10:30:00,0.50895
2017-06-12 10:30:00,0.5143
2017-06-13 10:30:00,0.31315
2017-06-14 10:30:00,0.2613375
2017-06-15 10:30:00,0.45318747
2017-06-16 10:30:00,0.3967625
2017-06-17 10:30:00,0.47588748
2017-06-18 10:30:00,0.5037625
2017-06-19 10:30:00,0.5112375
2017-06-20 10:30:00,0.734575
2017-06-21 10:30:00,0.73629993
2017-06-22 10:30:00,0.46921247
2017-06-23 10:30:00,0.3987875
2017-06-24 10:30:00,0.43235
2017-06-25 10:30:00,0.481525
2017-06-26 10:30:00,0.5305875
2017-06-27 10:30:00,0.486925
2017-06-28 10:30:00,0.462775
2017-06-29 10:30:00,0.5081375
2017-06-30 10:30:00,0.559675
2017-07-01 10:30:00,0.56224996
2017-07-02 10:30:00,0.63794994
2017-07-03 10:30:00,0.4939125
2017-07-04 10:30:00,0.389275
2017-07-05 10:30:00,0.53526247
2017-07-06 10:30:00,0.6043125
2017-07-07 10:30:00,0.67915
2017-07-08 10:30:00,0.76153743
2017-07-09 10:30:00,0.64933753
2017-07-10 10:30:00,0.71293753
2017-07-11 10:30:00,0.5563375
2017-07-12 10:30:00,0.5189125
2017-07-13 10:30:00,0.41767496
2017-07-14 10:30:00,0.4496625
2017-07-15 10:30:00,0.5556125
2017-07-16 10:30:00,0.487275
2017-07-17 10:30:00,0.4919875
2017-07-18 10:30:00,0.48072502
2017-07-19 10:30:00,0.479
2017-07-20 10:30:00,0.81723744
2017-07-21 10:30:00,0.58954996
2017-07-22 10:30:00,0.5599625
2017-07-23 10:30:00,0.585275
2017-07-24 10:30:00,0.47487497
2017-07-25 10:30:00,0.3689375
2017-07-26 10:30:00,0.799725
2017-07-27 10:30:00,0.6517624
2017-07-28 10:30:00,0.52932495
2017-07-29 10:30:00,0.677525
2017-07-30 10:30:00,0.811475
2017-07-31 10:30:00,0.671025
2017-08-01 10:30:00,0.8286125
2017-08-02 10:30:00,0.7986125
2017-08-03 10:30:00,0.8607875
2017-08-04 10:30:00,0.7709375
2017-08-05 10:30:00,0.7294625
2017-08-06 10:30:00,0.74733746
2017-08-07 10:30:00,0.7659
2017-08-08 10:30:00,0.7173375
2017-08-09 10:30:00,0.84604996
2017-08-10 10:30:00,0.8504
2017-08-11 10:30:00,0.8264374
2017-08-12 10:30:00,0.77565
2017-08-13 10:30:00,0.8192
2017-08-14 10:30:00,0.7715125
2017-08-15 10:30:00,0.90938747
2017-08-16 10:30:00,0.87542504
2017-08-17 10:30:00,0.84997493
2017-08-18 10:30:00,0.80601245
2017-08-19 10:30:00,0.78978753
2017-08-20 10:30:00,0.7466124
2017-08-21 10:30:00,0.62792504
2017-08-22 10:30:00,0.64449996
2017-08-23 10:30:00,0.577825
2017-08-24 10:30:00,0.46555
2017-08-25 10:30:00,0.49666247
2017-08-26 10:30:00,0.541225
2017-08-27 10:30:00,0.50895
2017-08-28 10:30:00,0.3688375
2017-08-29 10:30:00,0.36549997
2017-08-30 10:30:00,0.53475
2017-08-31 10:30:00,0.562675
2017-09-01 10:30:00,0.62487495
2017-09-02 10:30:00,0.635625
2017-09-03 10:30:00,0.8756375
2017-09-04 10:30:00,0.7081375
2017-09-05 10:30:00,0.7248749
2017-09-06 10:30:00,0.6080375
2017-09-07 10:30:00,0.54765
2017-09-08 10:30:00,0.6131375
2017-09-09 10:30:00,0.60679996
2017-09-10 10:30:00,0.718375
2017-09-11 10:30:00,0.41427496
2017-09-12 10:30:00,0.6213
2017-09-13 10:30:00,0.6034
2017-09-14 10:30:00,0.6136
2017-09-15 10:30:00,0.77755
2017-09-16 10:30:00,0.688475
2017-09-17 10:30:00,0.68918747
2017-09-18 10:30:00,0.593325
2017-09-19 10:30:00,0.65146244
2017-09-20 10:30:00,0.599325
2017-09-21 10:30:00,0.37873748
2017-09-22 10:30:00,0.4329375
2017-09-23 10:30:00,0.3186375
2017-09-24 10:30:00,0.5061375
2017-09-25 10:30:00,0.5024625
2017-09-26 10:30:00,0.405125
2017-09-27 10:30:00,0.3275
2017-09-28 10:30:00,0.3727375
2017-09-29 10:30:00,0.379775
2017-09-30 10:30:00,0.298975
2017-10-01 10:30:00,0.3782375
2017-10-02 10:30:00,0.34345
2017-10-03 10:30:00,0.405175
2017-10-04 10:30:00,0.2647375
2017-10-05 10:30:00,0.4268125
2017-10-06 10:30:00,0.4607875
2017-10-07 10:30:00,0.5272875
2017-10-08 10:30:00,0.8108875
2017-10-09 10:30:00,0.6228375
2017-10-10 10:30:00,0.52666247
2017-10-11 10:30:00,0.628975
2017-10-12 10:30:00,0.5988
2017-10-13 10:30:00,0.513475
2017-10-14 10:30:00,0.456525
2017-10-15 10:30:00,0.5322625
2017-10-16 10:30:00,0.3969625
2017-10-17 10:30:00,0.34695
2017-10-18 10:30:00,0.32743752
2017-10-19 10:30:00,0.44808748
2017-10-20 10:30:00,0.47007498
2017-10-21 10:30:00,0.426525
2017-10-22 10:30:00,0.4350875
2017-10-23 10:30:00,0.4563625
2017-10-24 10:30:00,0.45994997
2017-10-25 10:30:00,0.42309996
2017-10-26 10:30:00,0.45653751
2017-10-27 10:30:00,0.44505
2017-10-28 10:30:00,0.4615875
2017-10-29 10:30:00,0.44669998
2017-10-30 10:30:00,0.2770375
2017-10-31 10:30:00,0.3807125
2017-11-01 10:30:00,0.4772125
2017-11-02 10:30:00,0.508425
2017-11-03 10:30:00,0.431925
2017-11-04 10:30:00,0.3660875
2017-11-05 10:30:00,0.3661125
2017-11-06 10:30:00,0.5670625
2017-11-07 10:30:00,0.7375625
2017-11-08 10:30:00,0.6894875
2017-11-09 10:30:00,0.62057495
2017-11-10 10:30:00,0.5398125
2017-11-11 10:30:00,0.46011248
2017-11-12 10:30:00,0.5088375
2017-11-13 10:30:00,0.50935
2017-11-14 10:30:00,0.478525
2017-11-15 10:30:00,0.47728747
2017-11-16 10:30:00,0.42549998
2017-11-17 10:30:00,0.50254995
2017-11-18 10:30:00,0.52442497
2017-11-19 10:30:00,0.5797
2017-11-20 10:30:00,0.598475
2017-11-21 10:30:00,0.50483745
2017-11-22 10:30:00,0.556975
2017-11-23 10:30:00,0.4434375
2017-11-24 10:30:00,0.5611625
2017-11-25 10:30:00,0.5621375
2017-11-26 10:30:00,0.44567502
2017-11-27 10:30:00,0.4235625
2017-11-28 10:30:00,0.3901625
2017-11-29 10:30:00,0.3956
2017-11-30 10:30:00,0.5068
2017-12-01 10:30:00,0.56514996
2017-12-02 10:30:00,0.61485
2017-12-03 10:30:00,0.5297
2017-12-04 10:30:00,0.56374997
2017-12-05 10:30:00,0.6919
2017-12-06 10:30:00,0.64677495
2017-12-07 10:30:00,0.511375
2017-12-08 10:30:00,0.6328125
2017-12-09 10:30:00,0.586375
2017-12-10 10:30:00,0.46888748
2017-12-11 10:30:00,0.46636248
2017-12-12 10:30:00,0.425775
2017-12-13 10:30:00,0.46521246
2017-12-14 10:30:00,0.49419996
2017-12-15 10:30:00,0.5538875
2017-12-16 10:30:00,0.517275
2017-12-17 10:30:00,0.587775
2017-12-18 10:30:00,0.4953625
2017-12-19 10:30:00,0.6009875
2017-12-20 10:30:00,0.5837625
2017-12-21 10:30:00,0.4934375
2017-12-22 10:30:00,0.5070125
2017-12-23 10:30:00,0.5258125
2017-12-24 10:30:00,0.5965125
2017-12-25 10:30:00,0.559575
2017-12-26 10:30:00,0.4536125
2017-12-27 10:30:00,0.544925
2017-12-28 10:30:00,0.583475
2017-12-29 10:30:00,0.5107125
2017-12-30 10:30:00,0.61833745
2017-12-31 10:30:00,0.61017495
2018-01-01 10:30:00,0.5513
2018-01-02 10:30:00,0.588125
2018-01-03 10:30:00,0.54557496
2018-01-04 10:30:00,0.4778625
2018-01-05 10:30:00,0.5886125
2018-01-06 10:30:00,0.538125
2018-01-07 10:30:00,0.567225
2018-01-08 10:30:00,0.6337875
2018-01-09 10:30:00,0.511375
2018-01-10 10:30:00,0.4149125
2018-01-11 10:30:00,0.47051248
2018-01-12 10:30:00,0.576925
2018-01-13 10:30:00,0.5844625
2018-01-14 10:30:00,0.5468875
2018-01-15 10:30:00,0.6466375
2018-01-16 10:30:00,0.6781875
2018-01-17 10:30:00,0.6375125
2018-01-18 10:30:00,0.5870375
2018-01-19 10:30:00,0.46575
2018-01-20 10:30:00,0.4597
2018-01-21 10:30:00,0.444075
2018-01-22 10:30:00,0.45955
2018-01-23 10:30:00,0.47325
2018-01-24 10:30:00,0.4721
2018-01-25 10:30:00,0.43731248
2018-01-26 10:30:00,0.43557498
2018-01-27 10:30:00,0.4416375
2018-01-28 10:30:00,0.501725
2018-01-29 10:30:00,0.56923753
2018-01-30 10:30:00,0.548225
2018-01-31 10:30:00,0.5605625
2018-02-01 10:30:00,0.53295
2018-02-02 10:30:00,0.52155
2018-02-03 10:30:00,0.5103
2018-02-04 10:30:00,0.52355
2018-02-05 10:30:00,0.470325
2018-02-06 10:30:00,0.470125
2018-02-07 10:30:00,0.49885002
2018-02-08 10:30:00,0.452875
2018-02-09 10:30:00,0.482625
2018-02-10 10:30:00,0.446725
2018-02-11 10:30:00,0.48063746
2018-02-12 10:30:00,0.472625
2018-02-13 10:30:00,0.536475
2018-02-14 10:30:00,0.5049625
2018-02-15 10:30:00,0.4913
2018-02-16 10:30:00,0.403125
2018-02-17 10:30:00,0.40384996
2018-02-18 10:30:00,0.4418875
2018-02-19 10:30:00,0.48866248
2018-02-20 10:30:00,0.507625
2018-02-21 10:30:00,0.57143754
2018-02-22 10:30:00,0.551275
2018-02-23 10:30:00,0.49416247
2018-02-24 10:30:00,0.4605375
2018-02-25 10:30:00,0.509825
2018-02-26 10:30:00,0.70958745
2018-02-27 10:30:00,0.62909997
2018-02-28 10:30:00,0.661725
2018-03-01 10:30:00,0.5422125
2018-03-02 10:30:00,0.4580125
2018-03-03 10:30:00,0.61485
2018-03-04 10:30:00,0.458775
2018-03-05 10:30:00,0.44422498
2018-03-06 10:30:00,0.40065002
2018-03-07 10:30:00,0.510525
2018-03-08 10:30:00,0.4878625
2018-03-09 10:30:00,0.499
2018-03-10 10:30:00,0.61983746
2018-03-11 10:30:00,0.530075
2018-03-12 10:30:00,0.6043875
2018-03-13 10:30:00,0.584525
2018-03-14 10:30:00,0.6535624
2018-03-15 10:30:00,0.4078875
2018-03-16 10:30:00,0.3541
2018-03-17 10:30:00,0.39493752
2018-03-18 10:30:00,0.41716248
2018-03-19 10:30:00,0.2802375
2018-03-20 10:30:00,0.41177496
2018-03-21 10:30:00,0.415675
2018-03-22 10:30:00,0.368275
2018-03-23 10:30:00,0.3337375
2018-03-24 10:30:00,0.2843125
2018-03-25 10:30:00,0.2411125
2018-03-26 10:30:00,0.25024998
2018-03-27 10:30:00,0.32253748
2018-03-28 10:30:00,0.311
2018-03-29 10:30:00,0.29866248
2018-03-30 10:30:00,0.53775
2018-03-31 10:30:00,0.54529995
2018-04-01 10:30:00,0.29665
2018-04-02 10:30:00,0.22744998
2018-04-03 10:30:00,0.24574998
2018-04-04 10:30:00,0.18169999
2018-04-05 10:30:00,0.54279995
2018-04-06 10:30:00,0.3222125
2018-04-07 10:30:00,0.29904997
2018-04-08 10:30:00,0.32638747
2018-04-09 10:30:00,0.308125
2018-04-10 10:30:00,0.43647498
2018-04-11 10:30:00,0.2912375
2018-04-12 10:30:00,0.281475
2018-04-13 10:30:00,0.67385
2018-04-14 10:30:00,0.78363746
2018-04-15 10:30:00,0.40064996
2018-04-16 10:30:00,0.1713
2018-04-17 10:30:00,0.38838747
2018-04-18 10:30:00,0.53
2018-04-19 10:30:00,0.37607497
2018-04-20 10:30:00,0.72038746
2018-04-21 10:30:00,0.61908746
2018-04-22 10:30:00,0.4729875
2018-04-23 10:30:00,0.430475
2018-04-24 10:30:00,0.3066
2018-04-25 10:30:00,0.2539
2018-04-26 10:30:00,0.3556125
2018-04-27 10:30:00,0.2281125
2018-04-28 10:30:00,0.40345
2018-04-29 10:30:00,0.39654997
2018-04-30 10:30:00,0.4500875
2018-05-01 10:30:00,0.44557497
2018-05-02 10:30:00,0.432425
2018-05-03 10:30:00,0.31449997
2018-05-04 10:30:00,0.24505
2018-05-05 10:30:00,0.17735
2018-05-06 10:30:00,0.32604998
2018-05-07 10:30:00,0.462625
2018-05-08 10:30:00,0.37068748
2018-05-09 10:30:00,0.27305
2018-05-10 10:30:00,0.421675
2018-05-11 10:30:00,0.3092875
2018-05-12 10:30:00,0.2838625
2018-05-13 10:30:00,0.4431625
2018-05-14 10:30:00,0.28861248
2018-05-15 10:30:00,0.51815
2018-05-16 10:30:00,0.6317875
2018-05-17 10:30:00,0.4491
2018-05-18 10:30:00,0.3630125
2018-05-19 10:30:00,0.2445375
2018-05-20 10:30:00,0.56175
2018-05-21 10:30:00,0.5258125
2018-05-22 10:30:00,0.677975
2018-05-23 10:30:00,0.48404998
2018-05-24 10:30:00,0.4926625
2018-05-25 10:30:00,0.4311875
2018-05-26 10:30:00,0.54515
2018-05-27 10:30:00,0.5886
2018-05-28 10:30:00,0.7886875
2018-05-29 10:30:00,0.7977375
2018-05-30 10:30:00,0.5607625
2018-05-31 10:30:00,0.362025
2018-06-01 10:30:00,0.23415
2018-06-02 10:30:00,0.19344999
2018-06-03 10:30:00,0.3771
2018-06-04 10:30:00,0.558875
2018-06-05 10:30:00,0.5417375
2018-06-06 10:30:00,0.55815
2018-06-07 10:30:00,0.65497494
2018-06-08 10:30:00,0.52603745
2018-06-09 10:30:00,0.5956
2018-06-10 10:30:00,0.515225
2018-06-11 10:30:00,0.68565
2018-06-12 10:30:00,0.7424
2018-06-13 10:30:00,0.7772875
2018-06-14 10:30:00,0.72258747
2018-06-15 10:30:00,0.757025
2018-06-16 10:30:00,0.6304
2018-06-17 10:30:00,0.50976247
2018-06-18 10:30:00,0.6342
2018-06-19 10:30:00,0.457725
2018-06-20 10:30:00,0.5084375
2018-06-21 10:30:00,0.3947
2018-06-22 10:30:00,0.48096249
2018-06-23 10:30:00,0.47342497
2018-06-24 10:30:00,0.69783753
2018-06-25 10:30:00,0.7255375
2018-06-26 10:30:00,0.6512
2018-06-27 10:30:00,0.693775
2018-06-28 10:30:00,0.5412125
2018-06-29 10:30:00,0.48005
2018-06-30 10:30:00,0.527325
2018-07-01 10:30:00,0.5182
2018-07-02 10:30:00,0.52445
2018-07-03 10:30:00,0.78136253
2018-07-04 10:30:00,0.87154996
2018-07-05 10:30:00,0.8137875
2018-07-06 10:30:00,0.7989625
2018-07-07 10:30:00,0.900025
2018-07-08 10:30:00,0.679375
2018-07-09 10:30:00,0.57575
2018-07-10 10:30:00,0.78067493
2018-07-11 10:30:00,0.886325
2018-07-12 10:30:00,0.65838754
2018-07-13 10:30:00,0.622575
2018-07-14 10:30:00,0.59569997
2018-07-15 10:30:00,0.593425
2018-07-16 10:30:00,0.87025
2018-07-17 10:30:00,0.8450625
2018-07-18 10:30:00,0.78481245
2018-07-19 10:30:00,0.70044994
2018-07-20 10:30:00,0.86641246
2018-07-21 10:30:00,0.8280625
2018-07-22 10:30:00,0.68833745
2018-07-23 10:30:00,0.6389625
2018-07-24 10:30:00,0.8337125
2018-07-25 10:30:00,0.888075
2018-07-26 10:30:00,0.797175
2018-07-27 10:30:00,0.83278745
2018-07-28 10:30:00,0.796975
2018-07-29 10:30:00,0.6823124
2018-07-30 10:30:00,0.7976124
2018-07-31 10:30:00,0.6211375
2018-08-01 10:30:00,0.669375
2018-08-02 10:30:00,0.7229125
2018-08-03 10:30:00,0.6865
2018-08-04 10:30:00,0.880325
2018-08-05 10:30:00,0.76678747
2018-08-06 10:30:00,0.89514995
2018-08-07 10:30:00,0.90146244
2018-08-08 10:30:00,0.73091245
2018-08-09 10:30:00,0.67885
2018-08-10 10:30:00,0.6069125
2018-08-11 10:30:00,0.76834995
2018-08-12 10:30:00,0.894875
2018-08-13 10:30:00,0.9494125
2018-08-14 10:30:00,0.89318746
2018-08-15 10:30:00,0.8330375
2018-08-16 10:30:00,0.772825
2018-08-17 10:30:00,0.73542494
2018-08-18 10:30:00,0.674225
2018-08-19 10:30:00,0.6456125
2018-08-20 10:30:00,0.70036244
2018-08-21 10:30:00,0.5967625
2018-08-22 10:30:00,0.65285
2018-08-23 10:30:00,0.68605
2018-08-24 10:30:00,0.72015
2018-08-25 10:30:00,0.81913745
2018-08-26 10:30:00,0.7036374
2018-08-27 10:30:00,0.7905874
2018-08-28 10:30:00,0.92585
2018-08-29 10:30:00,0.8362125
2018-08-30 10:30:00,0.8561125
2018-08-31 10:30:00,0.7312375
2018-09-01 10:30:00,0.7374875
2018-09-02 10:30:00,0.75864995
2018-09-03 10:30:00,0.64358747
2018-09-04 10:30:00,0.648625
2018-09-05 10:30:00,0.7055
2018-09-06 10:30:00,0.53995
2018-09-07 10:30:00,0.65905
2018-09-08 10:30:00,0.60634995
2018-09-09 10:30:00,0.66531247
2018-09-10 10:30:00,0.58755
2018-09-11 10:30:00,0.6491375
2018-09-12 10:30:00,0.607975
2018-09-13 10:30:00,0.5823
2018-09-14 10:30:00,0.65192497
2018-09-15 10:30:00,0.481375
2018-09-16 10:30:00,0.55111253
2018-09-17 10:30:00,0.5375375
2018-09-18 10:30:00,0.6282875
2018-09-19 10:30:00,0.543025
2018-09-20 10:30:00,0.36194998
2018-09-21 10:30:00,0.625125
2018-09-22 10:30:00,0.79417497
2018-09-23 10:30:00,0.610025
2018-09-24 10:30:00,0.610525
2018-09-25 10:30:00,0.513175
2018-09-26 10:30:00,0.51995
2018-09-27 10:30:00,0.50137496
2018-09-28 10:30:00,0.6962
2018-09-29 10:30:00,0.7919375
2018-09-30 10:30:00,0.9158625
2018-10-01 10:30:00,0.555025
2018-10-02 10:30:00,0.6205625
2018-10-03 10:30:00,0.62326247
2018-10-04 10:30:00,0.555
2018-10-05 10:30:00,0.3449375
2018-10-06 10:30:00,0.4329875
2018-10-07 10:30:00,0.6086
2018-10-08 10:30:00,0.6137875
2018-10-09 10:30:00,0.6446875
2018-10-10 10:30:00,0.6210125
2018-10-11 10:30:00,0.5559125
2018-10-12 10:30:00,0.4726375
2018-10-13 10:30:00,0.4135625
2018-10-14 10:30:00,0.50995004
2018-10-15 10:30:00,0.4176625
2018-10-16 10:30:00,0.41485
2018-10-17 10:30:00,0.472475
2018-10-18 10:30:00,0.3548125
2018-10-19 10:30:00,0.470675
2018-10-20 10:30:00,0.3391375
2018-10-21 10:30:00,0.58832496
2018-10-22 10:30:00,0.41947502
2018-10-23 10:30:00,0.6035875
2018-10-24 10:30:00,0.5135625
2018-10-25 10:30:00,0.72365
2018-10-26 10:30:00,0.615825
2018-10-27 10:30:00,0.484475
2018-10-28 10:30:00,0.481175
2018-10-29 10:30:00,0.58037496
2018-10-30 10:30:00,0.5724125
2018-10-31 10:30:00,0.5103375
2018-11-01 10:30:00,0.52932495
2018-11-02 10:30:00,0.40174997
2018-11-03 10:30:00,0.63839996
2018-11-04 10:30:00,0.4576625
2018-11-05 10:30:00,0.5487125
2018-11-06 10:30:00,0.4711875
2018-11-07 10:30:00,0.484325
2018-11-08 10:30:00,0.6200875
2018-11-09 10:30:00,0.5831
2018-11-10 10:30:00,0.500425
2018-11-11 10:30:00,0.66628754
2018-11-12 10:30:00,0.68315
2018-11-13 10:30:00,0.64135003
2018-11-14 10:30:00,0.5492375
2018-11-15 10:30:00,0.40202498
2018-11-16 10:30:00,0.38447496
2018-11-17 10:30:00,0.4828625
2018-11-18 10:30:00,0.534325
2018-11-19 10:30:00,0.5298375
2018-11-20 10:30:00,0.4728875
2018-11-21 10:30:00,0.39002502
2018-11-22 10:30:00,0.5157375
2018-11-23 10:30:00,0.4240625
2018-11-24 10:30:00,0.434975
2018-11-25 10:30:00,0.373125
2018-11-26 10:30:00,0.33650002
2018-11-27 10:30:00,0.33256248
2018-11-28 10:30:00,0.44307497
2018-11-29 10:30:00,0.4268375
2018-11-30 10:30:00,0.43864998
2018-12-01 10:30:00,0.33028746
2018-12-02 10:30:00,0.3709375
2018-12-03 10:30:00,0.390375
2018-12-04 10:30:00,0.408875
2018-12-05 10:30:00,0.3933625
2018-12-06 10:30:00,0.43623748
2018-12-07 10:30:00,0.41408747
2018-12-08 10:30:00,0.40658748
2018-12-09 10:30:00,0.5411875
2018-12-10 10:30:00,0.5854875
2018-12-11 10:30:00,0.512025
2018-12-12 10:30:00,0.5934125
2018-12-13 10:30:00,0.5447375
2018-12-14 10:30:00,0.54307497
2018-12-15 10:30:00,0.48418748
2018-12-16 10:30:00,0.50686246
2018-12-17 10:30:00,0.549225
2018-12-18 10:30:00,0.54459995
2018-12-19 10:30:00,0.57175
2018-12-20 10:30:00,0.6810125
2018-12-21 10:30:00,0.6318375
2018-12-22 10:30:00,0.4346625
2018-12-23 10:30:00,0.40156248
2018-12-24 10:30:00,0.42599997
2018-12-25 10:30:00,0.34772497
2018-12-26 10:30:00,0.39881247
2018-12-27 10:30:00,0.42413747
2018-12-28 10:30:00,0.43781248
2018-12-29 10:30:00,0.43846253
2018-12-30 10:30:00,0.46522498
2018-12-31 10:30:00,0.4227
2019-01-01 10:30:00,0.4683
2019-01-02 10:30:00,0.463575
2019-01-03 10:30:00,0.53433746
2019-01-04 10:30:00,0.45073748
2019-01-05 10:30:00,0.45553747
2019-01-06 10:30:00,0.452025
2019-01-07 10:30:00,0.4837125
2019-01-08 10:30:00,0.363075
2019-01-09 10:30:00,0.3413
2019-01-10 10:30:00,0.52182496
2019-01-11 10:30:00,0.616525
2019-01-12 10:30:00,0.60555
2019-01-13 10:30:00,0.5739375
2019-01-14 10:30:00,0.505975
2019-01-15 10:30:00,0.363425
2019-01-16 10:30:00,0.5045625
2019-01-17 10:30:00,0.5865875
2019-01-18 10:30:00,0.478
2019-01-19 10:30:00,0.505425
2019-01-20 10:30:00,0.362475
2019-01-21 10:30:00,0.3818375
2019-01-22 10:30:00,0.45861247
2019-01-23 10:30:00,0.3807875
2019-01-24 10:30:00,0.451225
2019-01-25 10:30:00,0.449975
2019-01-26 10:30:00,0.35095
2019-01-27 10:30:00,0.508075
2019-01-28 10:30:00,0.3709
2019-01-29 10:30:00,0.35869998
2019-01-30 10:30:00,0.3630125
2019-01-31 10:30:00,0.32177496
2019-02-01 10:30:00,0.2577875
2019-02-02 10:30:00,0.36644998
2019-02-03 10:30:00,0.40542498
2019-02-04 10:30:00,0.43546247
2019-02-05 10:30:00,0.37382498
2019-02-06 10:30:00,0.36341247
2019-02-07 10:30:00,0.3366375
2019-02-08 10:30:00,0.3723125
2019-02-09 10:30:00,0.396325
2019-02-10 10:30:00,0.3906625
2019-02-11 10:30:00,0.3903125
2019-02-12 10:30:00,0.3405875
2019-02-13 10:30:00,0.3325375
2019-02-14 10:30:00,0.360875
2019-02-15 10:30:00,0.33284998
2019-02-16 10:30:00,0.36244997
2019-02-17 10:30:00,0.293525
2019-02-18 10:30:00,0.28504997
2019-02-19 10:30:00,0.430125
2019-02-20 10:30:00,0.30470002
2019-02-21 10:30:00,0.35099998
2019-02-22 10:30:00,0.4438375
2019-02-23 10:30:00,0.314225
2019-02-24 10:30:00,0.36574998
2019-02-25 10:30:00,0.4905125
2019-02-26 10:30:00,0.4134375
2019-02-27 10:30:00,0.42752498
2019-02-28 10:30:00,0.38365
2019-03-01 10:30:00,0.3048625
2019-03-02 10:30:00,0.32209998
2019-03-03 10:30:00,0.44195
2019-03-04 10:30:00,0.31807497
2019-03-05 10:30:00,0.44349998
2019-03-06 10:30:00,0.38724998
2019-03-07 10:30:00,0.276075
2019-03-08 10:30:00,0.1903375
2019-03-09 10:30:00,0.3024625
2019-03-10 10:30:00,0.2532625
2019-03-11 10:30:00,0.3062625
2019-03-12 10:30:00,0.2989375
2019-03-13 10:30:00,0.395175
2019-03-14 10:30:00,0.42534998
2019-03-15 10:30:00,0.4700875
2019-03-16 10:30:00,0.5478
2019-03-17 10:30:00,0.305075
2019-03-18 10:30:00,0.22376248
2019-03-19 10:30:00,0.28612497
2019-03-20 10:30:00,0.6963375
2019-03-21 10:30:00,0.3714875
2019-03-22 10:30:00,0.38904998
2019-03-23 10:30:00,0.33173752
2019-03-24 10:30:00,0.2852625
2019-03-25 10:30:00,0.16229999
2019-03-26 10:30:00,0.3740375
2019-03-27 10:30:00,0.19043751
2019-03-28 10:30:00,0.2766625
2019-03-29 10:30:00,0.44197497
2019-03-30 10:30:00,0.2719375
2019-03-31 10:30:00,0.2622375
2019-04-01 10:30:00,0.25695
2019-04-02 10:30:00,0.2123625
2019-04-03 10:30:00,0.17561251
2019-04-04 10:30:00,0.3705375
2019-04-05 10:30:00,0.2551125
2019-04-06 10:30:00,0.37386248
2019-04-07 10:30:00,0.39720002
2019-04-08 10:30:00,0.45169997
2019-04-09 10:30:00,0.2734
2019-04-10 10:30:00,0.2243375
2019-04-11 10:30:00,0.2005875
2019-04-12 10:30:00,0.13132499
2019-04-13 10:30:00,0.284575
2019-04-14 10:30:00,0.2513375
2019-04-15 10:30:00,0.105375
2019-04-16 10:30:00,0.1091875
2019-04-17 10:30:00,0.43776247
2019-04-18 10:30:00,0.24344999
2019-04-19 10:30:00,0.13595
2019-04-20 10:30:00,0.15798749
2019-04-21 10:30:00,0.1213625
2019-04-22 10:30:00,0.1884875
2019-04-23 10:30:00,0.13555
2019-04-24 10:30:00,0.21868749
2019-04-25 10:30:00,0.19226249
2019-04-26 10:30:00,0.1143875
2019-04-27 10:30:00,0.12832499
2019-04-28 10:30:00,0.24274999
2019-04-29 10:30:00,0.25347498
2019-04-30 10:30:00,0.224575
2019-05-01 10:30:00,0.21325
2019-05-02 10:30:00,0.17786251
2019-05-03 10:30:00,0.13123749
2019-05-04 10:30:00,0.4959
2019-05-05 10:30:00,0.2698625
2019-05-06 10:30:00,0.17442499
2019-05-07 10:30:00,0.17802499
2019-05-08 10:30:00,0.2263
2019-05-09 10:30:00,0.205175
2019-05-10 10:30:00,0.3302125
2019-05-11 10:30:00,0.44151247
2019-05-12 10:30:00,0.5779
2019-05-13 10:30:00,0.71485
2019-05-14 10:30:00,0.58963746
2019-05-15 10:30:00,0.41803747
2019-05-16 10:30:00,0.2687625
2019-05-17 10:30:00,0.30508748
2019-05-18 10:30:00,0.2648125
2019-05-19 10:30:00,0.8897875
2019-05-20 10:30:00,0.3823125
2019-05-21 10:30:00,0.36069998
2019-05-22 10:30:00,0.3316125
2019-05-23 10:30:00,0.4264875
2019-05-24 10:30:00,0.37426248
2019-05-25 10:30:00,0.4569
2019-05-26 10:30:00,0.67885
2019-05-27 10:30:00,0.249775
2019-05-28 10:30:00,0.2165125
2019-05-29 10:30:00,0.26021248
2019-05-30 10:30:00,0.5035
2019-05-31 10:30:00,0.529
2019-06-01 10:30:00,0.4131
2019-06-02 10:30:00,0.57205003
2019-06-03 10:30:00,0.5166375
2019-06-04 10:30:00,0.484325
2019-06-05 10:30:00,0.39048746
2019-06-06 10:30:00,0.5869125
2019-06-07 10:30:00,0.71345
2019-06-08 10:30:00,0.8292375
2019-06-09 10:30:00,0.7895625
2019-06-10 10:30:00,0.6178875
2019-06-11 10:30:00,0.6004625
2019-06-12 10:30:00,0.59358746
2019-06-13 10:30:00,0.38518754
2019-06-14 10:30:00,0.5681
2019-06-15 10:30:00,0.5035625
2019-06-16 10:30:00,0.48677498
2019-06-17 10:30:00,0.37138748
2019-06-18 10:30:00,0.46774995
2019-06-19 10:30:00,0.4158125
2019-06-20 10:30:00,0.5844875
2019-06-21 10:30:00,0.484375
2019-06-22 10:30:00,0.483675
2019-06-23 10:30:00,0.3968875
2019-06-24 10:30:00,0.37150002
2019-06-25 10:30:00,0.8276125
2019-06-26 10:30:00,0.72589993
2019-06-27 10:30:00,0.76643753
2019-06-28 10:30:00,0.79555
2019-06-29 10:30:00,0.78261244
2019-06-30 10:30:00,0.7422
2019-07-01 10:30:00,0.6171875
2019-07-02 10:30:00,0.597525
2019-07-03 10:30:00,0.62831247
2019-07-04 10:30:00,0.5919125
2019-07-05 10:30:00,0.8448625
2019-07-06 10:30:00,0.81885
2019-07-07 10:30:00,0.7192125
2019-07-08 10:30:00,0.71797496
2019-07-09 10:30:00,0.7578
2019-07-10 10:30:00,0.757675
2019-07-11 10:30:00,0.8061
2019-07-12 10:30:00,0.79889995
2019-07-13 10:30:00,0.7986
2019-07-14 10:30:00,0.7189375
2019-07-15 10:30:00,0.73854995
2019-07-16 10:30:00,0.75722504
2019-07-17 10:30:00,0.7075
2019-07-18 10:30:00,0.66207504
2019-07-19 10:30:00,0.703775
2019-07-20 10:30:00,0.78982496
2019-07-21 10:30:00,0.6364375
2019-07-22 10:30:00,0.65276253
2019-07-23 10:30:00,0.8170875
2019-07-24 10:30:00,0.8276875
2019-07-25 10:30:00,0.6753375
2019-07-26 10:30:00,0.6181375
2019-07-27 10:30:00,0.8241625
2019-07-28 10:30:00,0.64177495
2019-07-29 10:30:00,0.5828625
2019-07-30 10:30:00,0.705275
2019-07-31 10:30:00,0.6488375
2019-08-01 10:30:00,0.63115
2019-08-02 10:30:00,0.6507875
2019-08-03 10:30:00,0.6084375
2019-08-04 10:30:00,0.555725
2019-08-05 10:30:00,0.688075
2019-08-06 10:30:00,0.91177493
2019-08-07 10:30:00,0.8841625
2019-08-08 10:30:00,0.85351247
2019-08-09 10:30:00,0.829525
2019-08-10 10:30:00,0.90809995
2019-08-11 10:30:00,0.85029995
2019-08-12 10:30:00,0.84959996
2019-08-13 10:30:00,0.7264625
2019-08-14 10:30:00,0.6707875
2019-08-15 10:30:00,0.758525
2019-08-16 10:30:00,0.7486875
2019-08-17 10:30:00,0.69103754
2019-08-18 10:30:00,0.70573753
2019-08-19 10:30:00,0.7039125
2019-08-20 10:30:00,0.705325
2019-08-21 10:30:00,0.533725
2019-08-22 10:30:00,0.7810375
2019-08-23 10:30:00,0.7973625
2019-08-24 10:30:00,0.77905
2019-08-25 10:30:00,0.7881749
2019-08-26 10:30:00,0.7596
2019-08-27 10:30:00,0.6873625
2019-08-28 10:30:00,0.7347625
2019-08-29 10:30:00,0.75593746
2019-08-30 10:30:00,0.6510624
2019-08-31 10:30:00,0.6954875
2019-09-01 10:30:00,0.58515
2019-09-02 10:30:00,0.73921245
2019-09-03 10:30:00,0.7418875
2019-09-04 10:30:00,0.5778
2019-09-05 10:30:00,0.6360125
2019-09-06 10:30:00,0.7025875
2019-09-07 10:30:00,0.6729625
2019-09-08 10:30:00,0.5515625
2019-09-09 10:30:00,0.54263747
2019-09-10 10:30:00,0.5664625
2019-09-11 10:30:00,0.5310625
2019-09-12 10:30:00,0.4095
2019-09-13 10:30:00,0.644325
2019-09-14 10:30:00,0.44502497
2019-09-15 10:30:00,0.43576247
2019-09-16 10:30:00,0.38353747
2019-09-17 10:30:00,0.4357375
2019-09-18 10:30:00,0.4271625
2019-09-19 10:30:00,0.5647875
2019-09-20 10:30:00,0.59763753
2019-09-21 10:30:00,0.528775
2019-09-22 10:30:00,0.5129375
2019-09-23 10:30:00,0.40096247
2019-09-24 10:30:00,0.35756248
2019-09-25 10:30:00,0.36412498
2019-09-26 10:30:00,0.32599998
2019-09-27 10:30:00,0.25515
2019-09-28 10:30:00,0.34357497
2019-09-29 10:30:00,0.3656375
2019-09-30 10:30:00,0.42035
2019-10-01 10:30:00,0.35523748
2019-10-02 10:30:00,0.629925
2019-10-03 10:30:00,0.7803125
2019-10-04 10:30:00,0.47663748
2019-10-05 10:30:00,0.52295
2019-10-06 10:30:00,0.364425
2019-10-07 10:30:00,0.43209997
2019-10-08 10:30:00,0.49315003
2019-10-09 10:30:00,0.39525
2019-10-10 10:30:00,0.38575
2019-10-11 10:30:00,0.3485625
2019-10-12 10:30:00,0.34857497
2019-10-13 10:30:00,0.3196125
2019-10-14 10:30:00,0.3150375
2019-10-15 10:30:00,0.2671125
2019-10-16 10:30:00,0.46409997
2019-10-17 10:30:00,0.34346247
2019-10-18 10:30:00,0.45851249
2019-10-19 10:30:00,0.5313
2019-10-20 10:30:00,0.4960625
2019-10-21 10:30:00,0.41753748
2019-10-22 10:30:00,0.44447502
2019-10-23 10:30:00,0.4173125
2019-10-24 10:30:00,0.782825
2019-10-25 10:30:00,0.64776254
2019-10-26 10:30:00,0.71146244
2019-10-27 10:30:00,0.6035625
2019-10-28 10:30:00,0.58384997
2019-10-29 10:30:00,0.45365
2019-10-30 10:30:00,0.41635
2019-10-31 10:30:00,0.3044375
2019-11-01 10:30:00,0.41228747
2019-11-02 10:30:00,0.52021253
2019-11-03 10:30:00,0.551475
2019-11-04 10:30:00,0.4365
2019-11-05 10:30:00,0.4273875
2019-11-06 10:30:00,0.5
2019-11-07 10:30:00,0.43452498
2019-11-08 10:30:00,0.57971245
2019-11-09 10:30:00,0.6091875
2019-11-10 10:30:00,0.5704125
2019-11-11 10:30:00,0.4141875
2019-11-12 10:30:00,0.72776246
2019-11-13 10:30:00,0.524075
2019-11-14 10:30:00,0.53185
2019-11-15 10:30:00,0.514525
2019-11-16 10:30:00,0.42784998
2019-11-17 10:30:00,0.46896246
2019-11-18 10:30:00,0.4768
2019-11-19 10:30:00,0.47506246
2019-11-20 10:30:00,0.52248746
2019-11-21 10:30:00,0.4916375
2019-11-22 10:30:00,0.47742498
2019-11-23 10:30:00,0.5094875
2019-11-24 10:30:00,0.45048746
2019-11-25 10:30:00,0.32398748
2019-11-26 10:30:00,0.4162625
2019-11-27 10:30:00,0.44216245
2019-11-28 10:30:00,0.45248747
2019-11-29 10:30:00,0.4734375
2019-11-30 10:30:00,0.611875
2019-12-01 10:30:00,0.5486375
2019-12-02 10:30:00,0.42846248
2019-12-03 10:30:00,0.3773
2019-12-04 10:30:00,0.3973125
2019-12-05 10:30:00,0.43885
2019-12-06 10:30:00,0.57264996
2019-12-07 10:30:00,0.53459996
2019-12-08 10:30:00,0.6115125
2019-12-09 10:30:00,0.66065
2019-12-10 10:30:00,0.6346
2019-12-11 10:30:00,0.58757496
2019-12-12 10:30:00,0.5808375
2019-12-13 10:30:00,0.5991125
2019-12-14 10:30:00,0.58419997
2019-12-15 10:30:00,0.5992625
2019-12-16 10:30:00,0.61053747
2019-12-17 10:30:00,0.568675
2019-12-18 10:30:00,0.5489875
2019-12-19 10:30:00,0.556275
2019-12-20 10:30:00,0.5427875
2019-12-21 10:30:00,0.636925
2019-12-22 10:30:00,0.6091375
2019-12-23 10:30:00,0.617275
2019-12-24 10:30:00,0.6716375
2019-12-25 10:30:00,0.538825
2019-12-26 10:30:00,0.58975
2019-12-27 10:30:00,0.54246247
2019-12-28 10:30:00,0.644775
2019-12-29 10:30:00,0.6222875
2019-12-30 10:30:00,0.4877125
2019-12-31 10:30:00,0.47958747
2020-01-01 10:30:00,0.59183747
2020-01-02 10:30:00,0.582675
2020-01-03 10:30:00,0.62478745
2020-01-04 10:30:00,0.7057125
2020-01-05 10:30:00,0.7179625
2020-01-06 10:30:00,0.6936125
2020-01-07 10:30:00,0.6644125
2020-01-08 10:30:00,0.6471125
2020-01-09 10:30:00,0.7013375
2020-01-10 10:30:00,0.64687496
2020-01-11 10:30:00,0.64778745
2020-01-12 10:30:00,0.6155
2020-01-13 10:30:00,0.65545
2020-01-14 10:30:00,0.6961125
2020-01-15 10:30:00,0.6579875
2020-01-16 10:30:00,0.64406246
2020-01-17 10:30:00,0.675
2020-01-18 10:30:00,0.70065004
2020-01-19 10:30:00,0.6812625
2020-01-20 10:30:00,0.653225
2020-01-21 10:30:00,0.61165
2020-01-22 10:30:00,0.6198875
2020-01-23 10:30:00,0.5522625
2020-01-24 10:30:00,0.6596125
2020-01-25 10:30:00,0.7060375
2020-01-26 10:30:00,0.7067375
2020-01-27 10:30:00,0.766275
2020-01-28 10:30:00,0.7216749
2020-01-29 10:30:00,0.73342496
2020-01-30 10:30:00,0.7606875
2020-01-31 10:30:00,0.6817
2020-02-01 10:30:00,0.5013875
2020-02-02 10:30:00,0.5264625
2020-02-03 10:30:00,0.55735
2020-02-04 10:30:00,0.534475
2020-02-05 10:30:00,0.5844625
2020-02-06 10:30:00,0.4984375
2020-02-07 10:30:00,0.63331246
2020-02-08 10:30:00,0.6243375
2020-02-09 10:30:00,0.6789875
2020-02-10 10:30:00,0.7165875
2020-02-11 10:30:00,0.5522125
2020-02-12 10:30:00,0.693
2020-02-13 10:30:00,0.80027497
2020-02-14 10:30:00,0.67101246
2020-02-15 10:30:00,0.545
2020-02-16 10:30:00,0.5732625
2020-02-17 10:30:00,0.545625
2020-02-18 10:30:00,0.5811375
2020-02-19 10:30:00,0.64077497
2020-02-20 10:30:00,0.6486
2020-02-21 10:30:00,0.6388125
2020-02-22 10:30:00,0.5512625
2020-02-23 10:30:00,0.5721625
2020-02-24 10:30:00,0.5882
2020-02-25 10:30:00,0.5371875
2020-02-26 10:30:00,0.634575
2020-02-27 10:30:00,0.4894125
2020-02-28 10:30:00,0.6761625
2020-02-29 10:30:00,0.5897625
2020-03-01 10:30:00,0.6683625
2020-03-02 10:30:00,0.6195375
2020-03-03 10:30:00,0.73265
2020-03-04 10:30:00,0.60635
2020-03-05 10:30:00,0.5645625
2020-03-06 10:30:00,0.69866246
2020-03-07 10:30:00,0.55567497
2020-03-08 10:30:00,0.50485
2020-03-09 10:30:00,0.44532502
2020-03-10 10:30:00,0.66005
2020-03-11 10:30:00,0.51892495
2020-03-12 10:30:00,0.3668875
2020-03-13 10:30:00,0.5509875
2020-03-14 10:30:00,0.4754875
2020-03-15 10:30:00,0.3966125
2020-03-16 10:30:00,0.55075
2020-03-17 10:30:00,0.468575
2020-03-18 10:30:00,0.54015
2020-03-19 10:30:00,0.47261247
2020-03-20 10:30:00,0.4919375
2020-03-21 10:30:00,0.46746248
2020-03-22 10:30:00,0.58332497
2020-03-23 10:30:00,0.42103752
2020-03-24 10:30:00,0.2971375
2020-03-25 10:30:00,0.319925
2020-03-26 10:30:00,0.2999625
2020-03-27 10:30:00,0.34783748
2020-03-28 10:30:00,0.3017
2020-03-29 10:30:00,0.2713875
2020-03-30 10:30:00,0.2520125
2020-03-31 10:30:00,0.2484375
2020-04-01 10:30:00,0.173275
2020-04-02 10:30:00,0.2268875
2020-04-03 10:30:00,0.250525
2020-04-04 10:30:00,0.24587499
2020-04-05 10:30:00,0.2536875
2020-04-06 10:30:00,0.27395
2020-04-07 10:30:00,0.35
2020-04-08 10:30:00,0.32165
2020-04-09 10:30:00,0.34922498
2020-04-10 10:30:00,0.21067499
2020-04-11 10:30:00,0.1990625
2020-04-12 10:30:00,0.1496875
2020-04-13 10:30:00,0.1752
2020-04-14 10:30:00,0.2630375
2020-04-15 10:30:00,0.258325
2020-04-16 10:30:00,0.692675
2020-04-17 10:30:00,0.34627497
2020-04-18 10:30:00,0.19372499
2020-04-19 10:30:00,0.710425
2020-04-20 10:30:00,0.61775
2020-04-21 10:30:00,0.68623745
2020-04-22 10:30:00,0.405175
2020-04-23 10:30:00,0.39409998
2020-04-24 10:30:00,0.6751999
2020-04-25 10:30:00,0.713025
2020-04-26 10:30:00,0.44412497
2020-04-27 10:30:00,0.29181248
2020-04-28 10:30:00,0.62392503
2020-04-29 10:30:00,0.46847498
2020-04-30 10:30:00,0.35974997
2020-05-01 10:30:00,0.35092497
2020-05-02 10:30:00,0.31797498
2020-05-03 10:30:00,0.85741246
2020-05-04 10:30:00,0.511275
2020-05-05 10:30:00,0.404425
2020-05-06 10:30:00,0.260675
2020-05-07 10:30:00,0.427725
2020-05-08 10:30:00,0.2292625
2020-05-09 10:30:00,0.4482625
2020-05-10 10:30:00,0.40735
2020-05-11 10:30:00,0.5799375
2020-05-12 10:30:00,0.36502498
2020-05-13 10:30:00,0.2494625
2020-05-14 10:30:00,0.28559998
2020-05-15 10:30:00,0.455325
2020-05-16 10:30:00,0.8103875
2020-05-17 10:30:00,0.88458747
2020-05-18 10:30:00,0.6109125
2020-05-19 10:30:00,0.58033746
2020-05-20 10:30:00,0.813
2020-05-21 10:30:00,0.70856243
2020-05-22 10:30:00,0.82175
2020-05-23 10:30:00,0.725775
2020-05-24 10:30:00,0.469775
2020-05-25 10:30:00,0.5337625
2020-05-26 10:30:00,0.60108745
2020-05-27 10:30:00,0.453325
2020-05-28 10:30:00,0.41498747
2020-05-29 10:30:00,0.50443745
2020-05-30 10:30:00,0.54675
2020-05-31 10:30:00,0.7856375
2020-06-01 10:30:00,0.4989375
2020-06-02 10:30:00,0.5095875
2020-06-03 10:30:00,0.76897496
2020-06-04 10:30:00,0.6274375
2020-06-05 10:30:00,0.54435
2020-06-06 10:30:00,0.5428875
2020-06-07 10:30:00,0.67018753
2020-06-08 10:30:00,0.528675
2020-06-09 10:30:00,0.4727875
2020-06-10 10:30:00,0.72889996
2020-06-11 10:30:00,0.5902375
2020-06-12 10:30:00,0.610425
2020-06-13 10:30:00,0.76498747
2020-06-14 10:30:00,0.50205
2020-06-15 10:30:00,0.57755
2020-06-16 10:30:00,0.534575
2020-06-17 10:30:00,0.6903125
2020-06-18 10:30:00,0.6702625
2020-06-19 10:30:00,0.71046245
2020-06-20 10:30:00,0.7377875
2020-06-21 10:30:00,0.6245625
2020-06-22 10:30:00,0.66819996
2020-06-23 10:30:00,0.889625
2020-06-24 10:30:00,0.8958125
2020-06-25 10:30:00,0.81175
2020-06-26 10:30:00,0.63404995
2020-06-27 10:30:00,0.6198
2020-06-28 10:30:00,0.64489996
2020-06-29 10:30:00,0.764125
2020-06-30 10:30:00,0.7436375
2020-07-01 10:30:00,0.6825625
2020-07-02 10:30:00,0.69537497
2020-07-03 10:30:00,0.73208743
2020-07-04 10:30:00,0.89418745
2020-07-05 10:30:00,0.72067493
2020-07-06 10:30:00,0.643
2020-07-07 10:30:00,0.65479994
2020-07-08 10:30:00,0.57945
2020-07-09 10:30:00,0.5706375
2020-07-10 10:30:00,0.61562496
2020-07-11 10:30:00,0.724375
2020-07-12 10:30:00,0.7831375
2020-07-13 10:30:00,0.692575
2020-07-14 10:30:00,0.6532125
2020-07-15 10:30:00,0.5733
2020-07-16 10:30:00,0.7349375
2020-07-17 10:30:00,0.7294
2020-07-18 10:30:00,0.77902496
2020-07-19 10:30:00,0.716325
2020-07-20 10:30:00,0.6568125
2020-07-21 10:30:00,0.5114375
2020-07-22 10:30:00,0.63299996
2020-07-23 10:30:00,0.5670375
2020-07-24 10:30:00,0.5630125
2020-07-25 10:30:00,0.65377504
2020-07-26 10:30:00,0.5596125
2020-07-27 10:30:00,0.65117496
2020-07-28 10:30:00,0.796975
2020-07-29 10:30:00,0.8873
2020-07-30 10:30:00,0.72528744
2020-07-31 10:30:00,0.6633
2020-08-01 10:30:00,0.60627496
2020-08-02 10:30:00,0.7783625
2020-08-03 10:30:00,0.757325
2020-08-04 10:30:00,0.7304875
2020-08-05 10:30:00,0.7574125
2020-08-06 10:30:00,0.70616245
2020-08-07 10:30:00,0.83358747
2020-08-08 10:30:00,0.886725
2020-08-09 10:30:00,0.81964993
2020-08-10 10:30:00,0.7196375
2020-08-11 10:30:00,0.703225
2020-08-12 10:30:00,0.67379993
2020-08-13 10:30:00,0.92742497
2020-08-14 10:30:00,0.75726247
2020-08-15 10:30:00,0.729225
2020-08-16 10:30:00,0.7679875
2020-08-17 10:30:00,0.80917495
2020-08-18 10:30:00,0.77371246
2020-08-19 10:30:00,0.77278745
2020-08-20 10:30:00,0.6932875
2020-08-21 10:30:00,0.68772495
2020-08-22 10:30:00,0.695325
2020-08-23 10:30:00,0.8169124
2020-08-24 10:30:00,0.8163125
2020-08-25 10:30:00,0.660875
2020-08-26 10:30:00,0.700575
2020-08-27 10:30:00,0.8994
2020-08-28 10:30:00,0.92543745
2020-08-29 10:30:00,0.755175
2020-08-30 10:30:00,0.8529125
2020-08-31 10:30:00,0.8207875
2020-09-01 10:30:00,0.74324995
2020-09-02 10:30:00,0.73160005
2020-09-03 10:30:00,0.72975
2020-09-04 10:30:00,0.68936247
2020-09-05 10:30:00,0.6982125
2020-09-06 10:30:00,0.737525
2020-09-07 10:30:00,0.8762875
2020-09-08 10:30:00,0.71997494
2020-09-09 10:30:00,0.7751625
2020-09-10 10:30:00,0.669725
2020-09-11 10:30:00,0.764425
2020-09-12 10:30:00,0.7466
2020-09-13 10:30:00,0.7443875
2020-09-14 10:30:00,0.608325
2020-09-15 10:30:00,0.7564875
2020-09-16 10:30:00,0.82404995
2020-09-17 10:30:00,0.69222504
2020-09-18 10:30:00,0.74373746
2020-09-19 10:30:00,0.61852497
2020-09-20 10:30:00,0.694225
2020-09-21 10:30:00,0.7893625
2020-09-22 10:30:00,0.66865
2020-09-23 10:30:00,0.4944625
2020-09-24 10:30:00,0.67169994
2020-09-25 10:30:00,0.8117875
2020-09-26 10:30:00,0.6811
2020-09-27 10:30:00,0.5008125
2020-09-28 10:30:00,0.597625
2020-09-29 10:30:00,0.6388
2020-09-30 10:30:00,0.6114
2020-10-01 10:30:00,0.864325
2020-10-02 10:30:00,0.64787495
2020-10-03 10:30:00,0.6850875
2020-10-04 10:30:00,0.65997493
2020-10-05 10:30:00,0.646925
2020-10-06 10:30:00,0.608875
2020-10-07 10:30:00,0.567075
2020-10-08 10:30:00,0.49506247
2020-10-09 10:30:00,0.53078747
2020-10-10 10:30:00,0.34998748
2020-10-11 10:30:00,0.4957125
2020-10-12 10:30:00,0.523425
2020-10-13 10:30:00,0.5661375
2020-10-14 10:30:00,0.43972498
2020-10-15 10:30:00,0.4196125
2020-10-16 10:30:00,0.4318375
2020-10-17 10:30:00,0.5351625
2020-10-18 10:30:00,0.513825
2020-10-19 10:30:00,0.40541252
2020-10-20 10:30:00,0.3513375
2020-10-21 10:30:00,0.5591875
2020-10-22 10:30:00,0.51989996
2020-10-23 10:30:00,0.493575
2020-10-24 10:30:00,0.5285625
2020-10-25 10:30:00,0.5516875
2020-10-26 10:30:00,0.5142625
2020-10-27 10:30:00,0.35901248
2020-10-28 10:30:00,0.41387498
2020-10-29 10:30:00,0.56215
2020-10-30 10:30:00,0.2984625
2020-10-31 10:30:00,0.61443746
2020-11-01 10:30:00,0.5819625
2020-11-02 10:30:00,0.5247
2020-11-03 10:30:00,0.43614995
2020-11-04 10:30:00,0.503325
2020-11-05 10:30:00,0.39365
2020-11-06 10:30:00,0.42795002
2020-11-07 10:30:00,0.543275
2020-11-08 10:30:00,0.47325
2020-11-09 10:30:00,0.59325
2020-11-10 10:30:00,0.5080625
2020-11-11 10:30:00,0.39008752
2020-11-12 10:30:00,0.52288747
2020-11-13 10:30:00,0.489225
2020-11-14 10:30:00,0.43299997
2020-11-15 10:30:00,0.562075
2020-11-16 10:30:00,0.526275
2020-11-17 10:30:00,0.7026
2020-11-18 10:30:00,0.6556375
2020-11-19 10:30:00,0.42006248
2020-11-20 10:30:00,0.57264996
2020-11-21 10:30:00,0.57285
2020-11-22 10:30:00,0.5445
2020-11-23 10:30:00,0.6689625
2020-11-24 10:30:00,0.665575
2020-11-25 10:30:00,0.6517375
2020-11-26 10:30:00,0.604325
2020-11-27 10:30:00,0.601575
2020-11-28 10:30:00,0.6531375
2020-11-29 10:30:00,0.64406246
2020-11-30 10:30:00,0.6550625
2020-12-01 10:30:00,0.6272125
2020-12-02 10:30:00,0.60136247
2020-12-03 10:30:00,0.5526625
2020-12-04 10:30:00,0.54891247
2020-12-05 10:30:00,0.5387
2020-12-06 10:30:00,0.6129125
2020-12-07 10:30:00,0.48628747
2020-12-08 10:30:00,0.51165
2020-12-09 10:30:00,0.49351248
2020-12-10 10:30:00,0.61492497
2020-12-11 10:30:00,0.510725
2020-12-12 10:30:00,0.57928747
2020-12-13 10:30:00,0.5169
2020-12-14 10:30:00,0.5035
2020-12-15 10:30:00,0.5044625
2020-12-16 10:30:00,0.5335125
2020-12-17 10:30:00,0.5439375
2020-12-18 10:30:00,0.486375
2020-12-19 10:30:00,0.5786375
2020-12-20 10:30:00,0.5245625
2020-12-21 10:30:00,0.510075
2020-12-22 10:30:00,0.6373125
2020-12-23 10:30:00,0.648125
2020-12-24 10:30:00,0.63577497
2020-12-25 10:30:00,0.5769875
2020-12-26 10:30:00,0.6371375
2020-12-27 10:30:00,0.5791
2020-12-28 10:30:00,0.5595875
2020-12-29 10:30:00,0.53115
2020-12-30 10:30:00,0.5546375
2020-12-31 10:30:00,0.5603
2021-01-01 10:30:00,0.50098747
2021-01-02 10:30:00,0.5599
2021-01-03 10:30:00,0.5507125
2021-01-04 10:30:00,0.5266375
2021-01-05 10:30:00,0.54875
2021-01-06 10:30:00,0.50401247
2021-01-07 10:30:00,0.5191125
2021-01-08 10:30:00,0.557825
2021-01-09 10:30:00,0.6347
2021-01-10 10:30:00,0.6004375
2021-01-11 10:30:00,0.6031375
2021-01-12 10:30:00,0.6797
2021-01-13 10:30:00,0.6134125
2021-01-14 10:30:00,0.67512494
2021-01-15 10:30:00,0.58646244
2021-01-16 10:30:00,0.58947504
2021-01-17 10:30:00,0.5710125
2021-01-18 10:30:00,0.567975
2021-01-19 10:30:00,0.656175
2021-01-20 10:30:00,0.65485
2021-01-21 10:30:00,0.6671625
2021-01-22 10:30:00,0.711825
2021-01-23 10:30:00,0.6511125
2021-01-24 10:30:00,0.6600625
2021-01-25 10:30:00,0.6846875
2021-01-26 10:30:00,0.5236
2021-01-27 10:30:00,0.50291246
2021-01-28 10:30:00,0.564525
2021-01-29 10:30:00,0.56624997
2021-01-30 10:30:00,0.5071625
2021-01-31 10:30:00,0.7180875
2021-02-01 10:30:00,0.5385625
2021-02-02 10:30:00,0.5122125
2021-02-03 10:30:00,0.4908875
2021-02-04 10:30:00,0.6218625
2021-02-05 10:30:00,0.6416
2021-02-06 10:30:00,0.64309996
2021-02-07 10:30:00,0.6320625
2021-02-08 10:30:00,0.62716246
2021-02-09 10:30:00,0.60956246
2021-02-10 10:30:00,0.620525
2021-02-11 10:30:00,0.5434375
2021-02-12 10:30:00,0.59134996
2021-02-13 10:30:00,0.51757497
2021-02-14 10:30:00,0.5005625
2021-02-15 10:30:00,0.5368375
2021-02-16 10:30:00,0.5129375
2021-02-17 10:30:00,0.46862498
2021-02-18 10:30:00,0.57471246
2021-02-19 10:30:00,0.4698875
2021-02-20 10:30:00,0.6946
2021-02-21 10:30:00,0.651125
2021-02-22 10:30:00,0.553275
2021-02-23 10:30:00,0.5866875
2021-02-24 10:30:00,0.5257625
2021-02-25 10:30:00,0.46891248
2021-02-26 10:30:00,0.49877498
2021-02-27 10:30:00,0.5698875
2021-02-28 10:30:00,0.4021875
2021-03-01 10:30:00,0.508725
2021-03-02 10:30:00,0.5706
2021-03-03 10:30:00,0.64863753
2021-03-04 10:30:00,0.5168125
2021-03-05 10:30:00,0.38545
2021-03-06 10:30:00,0.39388746
2021-03-07 10:30:00,0.4816
2021-03-08 10:30:00,0.453925
2021-03-09 10:30:00,0.36122498
2021-03-10 10:30:00,0.4790875
2021-03-11 10:30:00,0.3754375
2021-03-12 10:30:00,0.33491248
2021-03-13 10:30:00,0.398475
2021-03-14 10:30:00,0.40121248
2021-03-15 10:30:00,0.4617375
2021-03-16 10:30:00,0.34466252
2021-03-17 10:30:00,0.4264625
2021-03-18 10:30:00,0.325025
2021-03-19 10:30:00,0.60926247
2021-03-20 10:30:00,0.7660125
2021-03-21 10:30:00,0.5398875
2021-03-22 10:30:00,0.4699
2021-03-23 10:30:00,0.451475
2021-03-24 10:30:00,0.458175
2021-03-25 10:30:00,0.3876
2021-03-26 10:30:00,0.5605625
2021-03-27 10:30:00,0.302925
2021-03-28 10:30:00,0.5551125
2021-03-29 10:30:00,0.40112498
2021-03-30 10:30:00,0.291725
2021-03-31 10:30:00,0.40827498
2021-04-01 10:30:00,0.42339998
2021-04-02 10:30:00,0.4747875
2021-04-03 10:30:00,0.3996375
2021-04-04 10:30:00,0.3542125
2021-04-05 10:30:00,0.3644375
2021-04-06 10:30:00,0.2844375
2021-04-07 10:30:00,0.32873747
2021-04-08 10:30:00,0.38665
2021-04-09 10:30:00,0.34333748
2021-04-10 10:30:00,0.3177375
2021-04-11 10:30:00,0.5739125
2021-04-12 10:30:00,0.4596875
2021-04-13 10:30:00,0.3798
2021-04-14 10:30:00,0.33055
2021-04-15 10:30:00,0.614
2021-04-16 10:30:00,0.78505
2021-04-17 10:30:00,0.5163375
2021-04-18 10:30:00,0.31125
2021-04-19 10:30:00,0.280875
2021-04-20 10:30:00,0.233775
2021-04-21 10:30:00,0.2717625
2021-04-22 10:30:00,0.4430875
2021-04-23 10:30:00,0.5398125
2021-04-24 10:30:00,0.4393375
2021-04-25 10:30:00,0.1999875
2021-04-26 10:30:00,0.2859875
2021-04-27 10:30:00,0.3701875
2021-04-28 10:30:00,0.3098625
2021-04-29 10:30:00,0.4747875
2021-04-30 10:30:00,0.6633
2021-05-01 10:30:00,0.507375
2021-05-02 10:30:00,0.23723748
2021-05-03 10:30:00,0.3630625
2021-05-04 10:30:00,0.437825
2021-05-05 10:30:00,0.47005
2021-05-06 10:30:00,0.3580625
2021-05-07 10:30:00,0.5987
2021-05-08 10:30:00,0.57967496
2021-05-09 10:30:00,0.4817
2021-05-10 10:30:00,0.3833375
2021-05-11 10:30:00,0.396475
2021-05-12 10:30:00,0.37401247
2021-05-13 10:30:00,0.334075
2021-05-14 10:30:00,0.5067
2021-05-15 10:30:00,0.43873748
2021-05-16 10:30:00,0.319975
2021-05-17 10:30:00,0.28272498
2021-05-18 10:30:00,0.409475
2021-05-19 10:30:00,0.4556375
2021-05-20 10:30:00,0.568675
2021-05-21 10:30:00,0.3490625
2021-05-22 10:30:00,0.289675
2021-05-23 10:30:00,0.4645875
2021-05-24 10:30:00,0.5115375
2021-05-25 10:30:00,0.41092497
2021-05-26 10:30:00,0.44338748
2021-05-27 10:30:00,0.569775
2021-05-28 10:30:00,0.62238747
2021-05-29 10:30:00,0.415675
2021-05-30 10:30:00,0.501
2021-05-31 10:30:00,0.47952497
2021-06-01 10:30:00,0.4258
2021-06-02 10:30:00,0.80363744
2021-06-03 10:30:00,0.61965
2021-06-04 10:30:00,0.54004997
2021-06-05 10:30:00,0.687875
2021-06-06 10:30:00,0.52515
2021-06-07 10:30:00,0.5043
2021-06-08 10:30:00,0.6957374
2021-06-09 10:30:00,0.4699375
2021-06-10 10:30:00,0.5170875
2021-06-11 10:30:00,0.43156248
2021-06-12 10:30:00,0.534125
2021-06-13 10:30:00,0.55702496
2021-06-14 10:30:00,0.63651246
2021-06-15 10:30:00,0.5941875
2021-06-16 10:30:00,0.6079875
2021-06-17 10:30:00,0.47086248
2021-06-18 10:30:00,0.5409875
2021-06-19 10:30:00,0.6261625
2021-06-20 10:30:00,0.70646244
2021-06-21 10:30:00,0.77357495
2021-06-22 10:30:00,0.606425
2021-06-23 10:30:00,0.57568747
2021-06-24 10:30:00,0.57815
2021-06-25 10:30:00,0.65627503
2021-06-26 10:30:00,0.703225
2021-06-27 10:30:00,0.7216375
2021-06-28 10:30:00,0.7641
2021-06-29 10:30:00,0.7349875
2021-06-30 10:30:00,0.79851246
2021-07-01 10:30:00,0.695925
2021-07-02 10:30:00,0.7904125
2021-07-03 10:30:00,0.8370375
2021-07-04 10:30:00,0.77957493
2021-07-05 10:30:00,0.7458875
2021-07-06 10:30:00,0.8717375
2021-07-07 10:30:00,0.754775
2021-07-08 10:30:00,0.8148625
2021-07-09 10:30:00,0.7868625
2021-07-10 10:30:00,0.83607495
2021-07-11 10:30:00,0.7822125
2021-07-12 10:30:00,0.8139
2021-07-13 10:30:00,0.79410005
2021-07-14 10:30:00,0.81466246
2021-07-15 10:30:00,0.8511375
2021-07-16 10:30:00,0.7578
2021-07-17 10:30:00,0.8401
2021-07-18 10:30:00,0.8455125
2021-07-19 10:30:00,0.7064375
2021-07-20 10:30:00,0.7991375
2021-07-21 10:30:00,0.8116625
2021-07-22 10:30:00,0.80645
2021-07-23 10:30:00,0.8093
2021-07-24 10:30:00,0.738675
2021-07-25 10:30:00,0.7641375
2021-07-26 10:30:00,0.87485
2021-07-27 10:30:00,0.78569996
2021-07-28 10:30:00,0.72179997
2021-07-29 10:30:00,0.8038375
2021-07-30 10:30:00,0.76263744
2021-07-31 10:30:00,0.8086999
2021-08-01 10:30:00,0.8360375
2021-08-02 10:30:00,0.64788747
2021-08-03 10:30:00,0.64661247
2021-08-04 10:30:00,0.7151875
2021-08-05 10:30:00,0.6912875
2021-08-06 10:30:00,0.7511125
2021-08-07 10:30:00,0.71637493
2021-08-08 10:30:00,0.74955
2021-08-09 10:30:00,0.90201247
2021-08-10 10:30:00,0.82936245
2021-08-11 10:30:00,0.74092495
2021-08-12 10:30:00,0.841625
2021-08-13 10:30:00,0.74011254
2021-08-14 10:30:00,0.80131245
2021-08-15 10:30:00,0.830625
2021-08-16 10:30:00,0.80705
2021-08-17 10:30:00,0.663375
2021-08-18 10:30:00,0.721175
2021-08-19 10:30:00,0.707925
2021-08-20 10:30:00,0.69052494
2021-08-21 10:30:00,0.66209996
2021-08-22 10:30:00,0.75558746
2021-08-23 10:30:00,0.7701125
2021-08-24 10:30:00,0.78718746
2021-08-25 10:30:00,0.79302496
2021-08-26 10:30:00,0.80735
2021-08-27 10:30:00,0.6818875
2021-08-28 10:30:00,0.6715125
2021-08-29 10:30:00,0.67496246
2021-08-30 10:30:00,0.6367625
2021-08-31 10:30:00,0.729875
2021-09-01 10:30:00,0.7486125
2021-09-02 10:30:00,0.74293745
2021-09-03 10:30:00,0.7770375
2021-09-04 10:30:00,0.75914997
2021-09-05 10:30:00,0.83535004
2021-09-06 10:30:00,0.91327494
2021-09-07 10:30:00,0.78168744
2021-09-08 10:30:00,0.79403746
2021-09-09 10:30:00,0.732275
2021-09-10 10:30:00,0.5443
2021-09-11 10:30:00,0.74027497
2021-09-12 10:30:00,0.7069
2021-09-13 10:30:00,0.68161243
2021-09-14 10:30:00,0.6551375
2021-09-15 10:30:00,0.7439375
2021-09-16 10:30:00,0.59679997
2021-09-17 10:30:00,0.591625
2021-09-18 10:30:00,0.6921875
2021-09-19 10:30:00,0.7735125
2021-09-20 10:30:00,0.7953875
2021-09-21 10:30:00,0.71898746
2021-09-22 10:30:00,0.5556375
2021-09-23 10:30:00,0.7358999
2021-09-24 10:30:00,0.85529995
2021-09-25 10:30:00,0.872975
2021-09-26 10:30:00,0.78125
2021-09-27 10:30:00,0.5435625
2021-09-28 10:30:00,0.5326
2021-09-29 10:30:00,0.50513744
2021-09-30 10:30:00,0.6256875
2021-10-01 10:30:00,0.6336375
2021-10-02 10:30:00,0.53005
2021-10-03 10:30:00,0.68355
2021-10-04 10:30:00,0.6029875
2021-10-05 10:30:00,0.5941875
2021-10-06 10:30:00,0.646425
2021-10-07 10:30:00,0.5578
2021-10-08 10:30:00,0.4197375
2021-10-09 10:30:00,0.5198375
2021-10-10 10:30:00,0.48343748
2021-10-11 10:30:00,0.49908748
2021-10-12 10:30:00,0.4346375
2021-10-13 10:30:00,0.56072503
2021-10-14 10:30:00,0.61596245
2021-10-15 10:30:00,0.520175
2021-10-16 10:30:00,0.43766248
2021-10-17 10:30:00,0.55584997
2021-10-18 10:30:00,0.6065
2021-10-19 10:30:00,0.56305
2021-10-20 10:30:00,0.529075
2021-10-21 10:30:00,0.553725
2021-10-22 10:30:00,0.57044995
2021-10-23 10:30:00,0.537525
2021-10-24 10:30:00,0.5317625
2021-10-25 10:30:00,0.4577375
2021-10-26 10:30:00,0.488075
2021-10-27 10:30:00,0.55165
2021-10-28 10:30:00,0.5984875
2021-10-29 10:30:00,0.5287
2021-10-30 10:30:00,0.63234997
2021-10-31 10:30:00,0.61456245
2021-11-01 10:30:00,0.6733625
2021-11-02 10:30:00,0.6171125
2021-11-03 10:30:00,0.6470375
2021-11-04 10:30:00,0.539725
2021-11-05 10:30:00,0.5483
2021-11-06 10:30:00,0.5543625
2021-11-07 10:30:00,0.5515875
2021-11-08 10:30:00,0.42103752
2021-11-09 10:30:00,0.51177496
2021-11-10 10:30:00,0.523125
2021-11-11 10:30:00,0.4849625
2021-11-12 10:30:00,0.5004
2021-11-13 10:30:00,0.6349625
2021-11-14 10:30:00,0.6061125
2021-11-15 10:30:00,0.6056875
2021-11-16 10:30:00,0.5718375
2021-11-17 10:30:00,0.40792498
2021-11-18 10:30:00,0.4818625
2021-11-19 10:30:00,0.67410004
2021-11-20 10:30:00,0.631
2021-11-21 10:30:00,0.795175
2021-11-22 10:30:00,0.610025
2021-11-23 10:30:00,0.590925
2021-11-24 10:30:00,0.534025
2021-11-25 10:30:00,0.540675
2021-11-26 10:30:00,0.76403743
2021-11-27 10:30:00,0.5848375
2021-11-28 10:30:00,0.5907
2021-11-29 10:30:00,0.7025125
2021-11-30 10:30:00,0.6789875
2021-12-01 10:30:00,0.6212125
2021-12-02 10:30:00,0.5366625
2021-12-03 10:30:00,0.623675
2021-12-04 10:30:00,0.60952497
2021-12-05 10:30:00,0.53442496
2021-12-06 10:30:00,0.504125
2021-12-07 10:30:00,0.5139375
2021-12-08 10:30:00,0.4834125
2021-12-09 10:30:00,0.6654125
2021-12-10 10:30:00,0.63115
2021-12-11 10:30:00,0.585325
2021-12-12 10:30:00,0.5483125
2021-12-13 10:30:00,0.5159875
2021-12-14 10:30:00,0.637075
2021-12-15 10:30:00,0.752875
2021-12-16 10:30:00,0.5678
2021-12-17 10:30:00,0.543975
2021-12-18 10:30:00,0.6139625
2021-12-19 10:30:00,0.60854995
2021-12-20 10:30:00,0.5181625
2021-12-21 10:30:00,0.4912875
2021-12-22 10:30:00,0.53999996
2021-12-23 10:30:00,0.50565
2021-12-24 10:30:00,0.49162498
2021-12-25 10:30:00,0.52605
2021-12-26 10:30:00,0.57895
2021-12-27 10:30:00,0.6231875
2021-12-28 10:30:00,0.60802495
2021-12-29 10:30:00,0.6112875
2021-12-30 10:30:00,0.5413875
2021-12-31 10:30:00,0.5907875
2022-01-01 10:30:00,0.5417625
2022-01-02 10:30:00,0.54535
2022-01-03 10:30:00,0.59739995
2022-01-04 10:30:00,0.63577497
2022-01-05 10:30:00,0.6095875
2022-01-06 10:30:00,0.639925
2022-01-07 10:30:00,0.47967497
2022-01-08 10:30:00,0.6608
2022-01-09 10:30:00,0.61275
2022-01-10 10:30:00,0.53235
2022-01-11 10:30:00,0.516275
2022-01-12 10:30:00,0.605875
2022-01-13 10:30:00,0.6401125
2022-01-14 10:30:00,0.597175
2022-01-15 10:30:00,0.58345
2022-01-16 10:30:00,0.5886875
2022-01-17 10:30:00,0.59568745
2022-01-18 10:30:00,0.5432625
2022-01-19 10:30:00,0.5436875
2022-01-20 10:30:00,0.47467497
2022-01-21 10:30:00,0.49310002
2022-01-22 10:30:00,0.5877375
2022-01-23 10:30:00,0.64621246
2022-01-24 10:30:00,0.72601247
2022-01-25 10:30:00,0.608875
2022-01-26 10:30:00,0.6327375
2022-01-27 10:30:00,0.661425
2022-01-28 10:30:00,0.5977
2022-01-29 10:30:00,0.5626125
2022-01-30 10:30:00,0.6083875
2022-01-31 10:30:00,0.55495
2022-02-01 10:30:00,0.61855
2022-02-02 10:30:00,0.59165
2022-02-03 10:30:00,0.5775375
2022-02-04 10:30:00,0.548875
2022-02-05 10:30:00,0.5781625
2022-02-06 10:30:00,0.6121875
2022-02-07 10:30:00,0.65107495
2022-02-08 10:30:00,0.5871125
2022-02-09 10:30:00,0.5930125
2022-02-10 10:30:00,0.672075
2022-02-11 10:30:00,0.57757497
2022-02-12 10:30:00,0.6104875
2022-02-13 10:30:00,0.61776245
2022-02-14 10:30:00,0.6168125
2022-02-15 10:30:00,0.57619995
2022-02-16 10:30:00,0.5518375
2022-02-17 10:30:00,0.5412875
2022-02-18 10:30:00,0.6181875
2022-02-19 10:30:00,0.58215
2022-02-20 10:30:00,0.6092375
2022-02-21 10:30:00,0.57748747
2022-02-22 10:30:00,0.5800375
2022-02-23 10:30:00,0.567675
2022-02-24 10:30:00,0.52335
2022-02-25 10:30:00,0.62245
2022-02-26 10:30:00,0.6190375
2022-02-27 10:30:00,0.6597125
2022-02-28 10:30:00,0.5935625
2022-03-01 10:30:00,0.5382625
2022-03-02 10:30:00,0.618425
2022-03-03 10:30:00,0.48624998
2022-03-04 10:30:00,0.5571
2022-03-05 10:30:00,0.511425
2022-03-06 10:30:00,0.420125
2022-03-07 10:30:00,0.45271248
2022-03-08 10:30:00,0.58395
2022-03-09 10:30:00,0.41064999
2022-03-10 10:30:00,0.1979875
2022-03-11 10:30:00,0.256525
2022-03-12 10:30:00,0.7129125
2022-03-13 10:30:00,0.6364
2022-03-14 10:30:00,0.66911244
2022-03-15 10:30:00,0.6231
2022-03-16 10:30:00,0.439
2022-03-17 10:30:00,0.47774997
2022-03-18 10:30:00,0.4919625
2022-03-19 10:30:00,0.449575
2022-03-20 10:30:00,0.45049998
2022-03-21 10:30:00,0.3862125
2022-03-22 10:30:00,0.32503748
2022-03-23 10:30:00,0.5452375
2022-03-24 10:30:00,0.5953625
2022-03-25 10:30:00,0.44452497
2022-03-26 10:30:00,0.4763625
2022-03-27 10:30:00,0.334375
2022-03-28 10:30:00,0.326825
2022-03-29 10:30:00,0.3280625
2022-03-30 10:30:00,0.28485
2022-03-31 10:30:00,0.2842125
2022-04-01 10:30:00,0.24279998
2022-04-02 10:30:00,0.2430625
2022-04-03 10:30:00,0.283075
2022-04-04 10:30:00,0.3052
2022-04-05 10:30:00,0.36178747
2022-04-06 10:30:00,0.3116
2022-04-07 10:30:00,0.33967498
2022-04-08 10:30:00,0.3454625
2022-04-09 10:30:00,0.2606
2022-04-10 10:30:00,0.422225
2022-04-11 10:30:00,0.40666246
2022-04-12 10:30:00,0.46025
2022-04-13 10:30:00,0.489
2022-04-14 10:30:00,0.38317502
2022-04-15 10:30:00,0.24837498
2022-04-16 10:30:00,0.36886248
2022-04-17 10:30:00,0.39679998
2022-04-18 10:30:00,0.27052498
2022-04-19 10:30:00,0.15502499
2022-04-20 10:30:00,0.2970125
2022-04-21 10:30:00,0.73452497
2022-04-22 10:30:00,0.399575
2022-04-23 10:30:00,0.4425
2022-04-24 10:30:00,0.494425
2022-04-25 10:30:00,0.561475
2022-04-26 10:30:00,0.44259998
2022-04-27 10:30:00,0.32306248
2022-04-28 10:30:00,0.224275
2022-04-29 10:30:00,0.48955
2022-04-30 10:30:00,0.3670375
2022-05-01 10:30:00,0.30352497
2022-05-02 10:30:00,0.368175
2022-05-03 10:30:00,0.4457
2022-05-04 10:30:00,0.2853875
2022-05-05 10:30:00,0.66964996
2022-05-06 10:30:00,0.36686248
2022-05-07 10:30:00,0.33055
2022-05-08 10:30:00,0.24312499
2022-05-09 10:30:00,0.26735
2022-05-10 10:30:00,0.5685
2022-05-11 10:30:00,0.532625
2022-05-12 10:30:00,0.595825
2022-05-13 10:30:00,0.7217625
2022-05-14 10:30:00,0.45119998
2022-05-15 10:30:00,0.466875
2022-05-16 10:30:00,0.377825
2022-05-17 10:30:00,0.3471875
2022-05-18 10:30:00,0.439775
2022-05-19 10:30:00,0.47216251
2022-05-20 10:30:00,0.3612875
2022-05-21 10:30:00,0.35244998
2022-05-22 10:30:00,0.3798875
2022-05-23 10:30:00,0.36589998
2022-05-24 10:30:00,0.6727875
2022-05-25 10:30:00,0.52073747
2022-05-26 10:30:00,0.4803625
2022-05-27 10:30:00,0.3884125
2022-05-28 10:30:00,0.5130375
2022-05-29 10:30:00,0.65809995
2022-05-30 10:30:00,0.6842
2022-05-31 10:30:00,0.63013744
2022-06-01 10:30:00,0.56936246
2022-06-02 10:30:00,0.40351248
2022-06-03 10:30:00,0.552625
2022-06-04 10:30:00,0.7282875
2022-06-05 10:30:00,0.6568375
2022-06-06 10:30:00,0.6125625
2022-06-07 10:30:00,0.762075
2022-06-08 10:30:00,0.6958875
2022-06-09 10:30:00,0.7043875
2022-06-10 10:30:00,0.65305
2022-06-11 10:30:00,0.70928746
2022-06-12 10:30:00,0.8119
2022-06-13 10:30:00,0.8498375
2022-06-14 10:30:00,0.85793746
2022-06-15 10:30:00,0.77405
2022-06-16 10:30:00,0.7153125
2022-06-17 10:30:00,0.70086247
2022-06-18 10:30:00,0.66097504
2022-06-19 10:30:00,0.595825
2022-06-20 10:30:00,0.6337875
2022-06-21 10:30:00,0.56925
2022-06-22 10:30:00,0.55777496
2022-06-23 10:30:00,0.6041375
2022-06-24 10:30:00,0.65905
2022-06-25 10:30:00,0.7716375
2022-06-26 10:30:00,0.6480375
2022-06-27 10:30:00,0.7069
2022-06-28 10:30:00,0.7043125
2022-06-29 10:30:00,0.6158
2022-06-30 10:30:00,0.7820624
2022-07-01 10:30:00,0.77406245
2022-07-02 10:30:00,0.71155
2022-07-03 10:30:00,0.68933743
2022-07-04 10:30:00,0.78588754
2022-07-05 10:30:00,0.7928375
2022-07-06 10:30:00,0.791725
2022-07-07 10:30:00,0.65148747
2022-07-08 10:30:00,0.561175
2022-07-09 10:30:00,0.66121244
2022-07-10 10:30:00,0.6606625
2022-07-11 10:30:00,0.7104375
2022-07-12 10:30:00,0.6520375
2022-07-13 10:30:00,0.77027494
2022-07-14 10:30:00,0.6783
2022-07-15 10:30:00,0.80354995
2022-07-16 10:30:00,0.696325
2022-07-17 10:30:00,0.78565
2022-07-18 10:30:00,0.636325
2022-07-19 10:30:00,0.645325
2022-07-20 10:30:00,0.71325
2022-07-21 10:30:00,0.6981625
2022-07-22 10:30:00,0.7377375
2022-07-23 10:30:00,0.8271
2022-07-24 10:30:00,0.8130124
2022-07-25 10:30:00,0.83968747
2022-07-26 10:30:00,0.84169996
2022-07-27 10:30:00,0.837725
2022-07-28 10:30:00,0.7574
2022-07-29 10:30:00,0.81263745
2022-07-30 10:30:00,0.7458625
2022-07-31 10:30:00,0.7220625
2022-08-01 10:30:00,0.644925
2022-08-02 10:30:00,0.77616245
2022-08-03 10:30:00,0.73671246
2022-08-04 10:30:00,0.7036875
2022-08-05 10:30:00,0.6341125
2022-08-06 10:30:00,0.7157125
2022-08-07 10:30:00,0.6299875
2022-08-08 10:30:00,0.5654375
2022-08-09 10:30:00,0.48709998
2022-08-10 10:30:00,0.60585
2022-08-11 10:30:00,0.6602625
2022-08-12 10:30:00,0.64125
2022-08-13 10:30:00,0.67881244
2022-08-14 10:30:00,0.71599996
2022-08-15 10:30:00,0.83988744
2022-08-16 10:30:00,0.6881625
2022-08-17 10:30:00,0.6111625
2022-08-18 10:30:00,0.74198747
2022-08-19 10:30:00,0.6106875
2022-08-20 10:30:00,0.58395
2022-08-21 10:30:00,0.58786243
2022-08-22 10:30:00,0.61045
2022-08-23 10:30:00,0.66155
2022-08-24 10:30:00,0.51669997
2022-08-25 10:30:00,0.55773747
2022-08-26 10:30:00,0.68817496
2022-08-27 10:30:00,0.66051245
2022-08-28 10:30:00,0.66631246
2022-08-29 10:30:00,0.6011375
2022-08-30 10:30:00,0.6122875
2022-08-31 10:30:00,0.62079996
2022-09-01 10:30:00,0.48803747
2022-09-02 10:30:00,0.49557498
2022-09-03 10:30:00,0.5833625
2022-09-04 10:30:00,0.4395375
2022-09-05 10:30:00,0.5140375
2022-09-06 10:30:00,0.5915375
2022-09-07 10:30:00,0.48659998
2022-09-08 10:30:00,0.57584995
2022-09-09 10:30:00,0.56728745
2022-09-10 10:30:00,0.5889125
2022-09-11 10:30:00,0.63537496
2022-09-12 10:30:00,0.6204
2022-09-13 10:30:00,0.5984375
2022-09-14 10:30:00,0.6068625
2022-09-15 10:30:00,0.6366625
2022-09-16 10:30:00,0.64364994
2022-09-17 10:30:00,0.4634625
2022-09-18 10:30:00,0.384725
2022-09-19 10:30:00,0.288725
2022-09-20 10:30:00,0.356175
2022-09-21 10:30:00,0.3897625
2022-09-22 10:30:00,0.7020625
2022-09-23 10:30:00,0.52025
2022-09-24 10:30:00,0.4191875
2022-09-25 10:30:00,0.4797
2022-09-26 10:30:00,0.4828125
2022-09-27 10:30:00,0.3407
2022-09-28 10:30:00,0.4278125
2022-09-29 10:30:00,0.47869998
2022-09-30 10:30:00,0.67887497
2022-10-01 10:30:00,0.74782497
2022-10-02 10:30:00,0.74595
2022-10-03 10:30:00,0.502125
2022-10-04 10:30:00,0.519475
2022-10-05 10:30:00,0.5581
2022-10-06 10:30:00,0.5608375
2022-10-07 10:30:00,0.51713747
2022-10-08 10:30:00,0.83599997
2022-10-09 10:30:00,0.5933875
2022-10-10 10:30:00,0.451925
2022-10-11 10:30:00,0.466975
2022-10-12 10:30:00,0.40064996
2022-10-13 10:30:00,0.51124996
2022-10-14 10:30:00,0.38092497
2022-10-15 10:30:00,0.37131247
2022-10-16 10:30:00,0.48803747
2022-10-17 10:30:00,0.50285
2022-10-18 10:30:00,0.5191125
2022-10-19 10:30:00,0.3764
2022-10-20 10:30:00,0.398825
2022-10-21 10:30:00,0.5633625
2022-10-22 10:30:00,0.60085
2022-10-23 10:30:00,0.6133
2022-10-24 10:30:00,0.5234625
2022-10-25 10:30:00,0.404075
2022-10-26 10:30:00,0.5215875
2022-10-27 10:30:00,0.49926248
2022-10-28 10:30:00,0.5246125
2022-10-29 10:30:00,0.51906246
2022-10-30 10:30:00,0.567175
2022-10-31 10:30:00,0.5596125
2022-11-01 10:30:00,0.4761125
2022-11-02 10:30:00,0.44242498
2022-11-03 10:30:00,0.53323746
2022-11-04 10:30:00,0.45923752
2022-11-05 10:30:00,0.5592625
2022-11-06 10:30:00,0.5502875
2022-11-07 10:30:00,0.5153
2022-11-08 10:30:00,0.38948748
2022-11-09 10:30:00,0.501775
2022-11-10 10:30:00,0.54162496
2022-11-11 10:30:00,0.51541245
2022-11-12 10:30:00,0.5401
2022-11-13 10:30:00,0.60193753
2022-11-14 10:30:00,0.57444996
2022-11-15 10:30:00,0.49557498
2022-11-16 10:30:00,0.5622
2022-11-17 10:30:00,0.504125
2022-11-18 10:30:00,0.51054996
2022-11-19 10:30:00,0.5651625
2022-11-20 10:30:00,0.4843125
2022-11-21 10:30:00,0.53428745
2022-11-22 10:30:00,0.542575
2022-11-23 10:30:00,0.72005
2022-11-24 10:30:00,0.7959625
2022-11-25 10:30:00,0.6098125
2022-11-26 10:30:00,0.50105
2022-11-27 10:30:00,0.77114993
2022-11-28 10:30:00,0.6868875
2022-11-29 10:30:00,0.53265
2022-11-30 10:30:00,0.514075
2022-12-01 10:30:00,0.5295625
2022-12-02 10:30:00,0.55135
2022-12-03 10:30:00,0.495975
2022-12-04 10:30:00,0.55235
2022-12-05 10:30:00,0.56023747
2022-12-06 10:30:00,0.59559995
2022-12-07 10:30:00,0.61062497
2022-12-08 10:30:00,0.641125
2022-12-09 10:30:00,0.619
2022-12-10 10:30:00,0.6146375
2022-12-11 10:30:00,0.590375
2022-12-12 10:30:00,0.54821247
2022-12-13 10:30:00,0.5009625
2022-12-14 10:30:00,0.4562125
2022-12-15 10:30:00,0.5563625
2022-12-16 10:30:00,0.564425
2022-12-17 10:30:00,0.5455875
2022-12-18 10:30:00,0.556125
2022-12-19 10:30:00,0.675575
2022-12-20 10:30:00,0.7203625
2022-12-21 10:30:00,0.6328375
2022-12-22 10:30:00,0.5507
2022-12-23 10:30:00,0.53435
2022-12-24 10:30:00,0.5175125
2022-12-25 10:30:00,0.61321247
2022-12-26 10:30:00,0.6814
2022-12-27 10:30:00,0.6364125
2022-12-28 10:30:00,0.6103875
2022-12-29 10:30:00,0.6061375
2022-12-30 10:30:00,0.5624875
2022-12-31 10:30:00,0.594875
