time,rhum
2012-01-01 10:30:00,0.56724995
2012-01-02 10:30:00,0.60499996
2012-01-03 10:30:00,0.63025
2012-01-04 10:30:00,0.52405
2012-01-05 10:30:00,0.5489
2012-01-06 10:30:00,0.52459997
2012-01-07 10:30:00,0.510275
2012-01-08 10:30:00,0.5515
2012-01-09 10:30:00,0.59311247
2012-01-10 10:30:00,0.609625
2012-01-11 10:30:00,0.5789375
2012-01-12 10:30:00,0.6393
2012-01-13 10:30:00,0.6118125
2012-01-14 10:30:00,0.5234
2012-01-15 10:30:00,0.60045
2012-01-16 10:30:00,0.6695375
2012-01-17 10:30:00,0.64966244
2012-01-18 10:30:00,0.58367497
2012-01-19 10:30:00,0.5585125
2012-01-20 10:30:00,0.374125
2012-01-21 10:30:00,0.356625
2012-01-22 10:30:00,0.40485
2012-01-23 10:30:00,0.42491248
2012-01-24 10:30:00,0.41974998
2012-01-25 10:30:00,0.47061247
2012-01-26 10:30:00,0.4206
2012-01-27 10:30:00,0.3989125
2012-01-28 10:30:00,0.404
2012-01-29 10:30:00,0.4032875
2012-01-30 10:30:00,0.377825
2012-01-31 10:30:00,0.3779875
2012-02-01 10:30:00,0.3827125
2012-02-02 10:30:00,0.35893747
2012-02-03 10:30:00,0.3847875
2012-02-04 10:30:00,0.40395
2012-02-05 10:30:00,0.34638748
2012-02-06 10:30:00,0.3189875
2012-02-07 10:30:00,0.3574625
2012-02-08 10:30:00,0.39631248
2012-02-09 10:30:00,0.4007125
2012-02-10 10:30:00,0.389075
2012-02-11 10:30:00,0.36326247
2012-02-12 10:30:00,0.43159997
2012-02-13 10:30:00,0.4112125
2012-02-14 10:30:00,0.36194998
2012-02-15 10:30:00,0.3855625
2012-02-16 10:30:00,0.3568625
2012-02-17 10:30:00,0.3712625
2012-02-18 10:30:00,0.386575
2012-02-19 10:30:00,0.3843625
2012-02-20 10:30:00,0.271175
2012-02-21 10:30:00,0.2214125
2012-02-22 10:30:00,0.2418
2012-02-23 10:30:00,0.3757125
2012-02-24 10:30:00,0.36935002
2012-02-25 10:30:00,0.35112497
2012-02-26 10:30:00,0.40947497
2012-02-27 10:30:00,0.386525
2012-02-28 10:30:00,0.3409
2012-02-29 10:30:00,0.38294998
2012-03-01 10:30:00,0.27818748
2012-03-02 10:30:00,0.326225
2012-03-03 10:30:00,0.304125
2012-03-04 10:30:00,0.5557125
2012-03-05 10:30:00,0.8346375
2012-03-06 10:30:00,0.6023125
2012-03-07 10:30:00,0.6148125
2012-03-08 10:30:00,0.409975
2012-03-09 10:30:00,0.42631248
2012-03-10 10:30:00,0.58535
2012-03-11 10:30:00,0.49374998
2012-03-12 10:30:00,0.47744998
2012-03-13 10:30:00,0.40346247
2012-03-14 10:30:00,0.4373875
2012-03-15 10:30:00,0.425875
2012-03-16 10:30:00,0.2902375
2012-03-17 10:30:00,0.17731251
2012-03-18 10:30:00,0.28434998
2012-03-19 10:30:00,0.2245
2012-03-20 10:30:00,0.2686
2012-03-21 10:30:00,0.33941248
2012-03-22 10:30:00,0.2423625
2012-03-23 10:30:00,0.47573748
2012-03-24 10:30:00,0.3435
2012-03-25 10:30:00,0.31735
2012-03-26 10:30:00,0.2856625
2012-03-27 10:30:00,0.23198749
2012-03-28 10:30:00,0.23017499
2012-03-29 10:30:00,0.68864995
2012-03-30 10:30:00,0.3984375
2012-03-31 10:30:00,0.37416247
2012-04-01 10:30:00,0.226975
2012-04-02 10:30:00,0.23049998
2012-04-03 10:30:00,0.3498625
2012-04-04 10:30:00,0.3923875
2012-04-05 10:30:00,0.41053748
2012-04-06 10:30:00,0.2392
2012-04-07 10:30:00,0.2298625
2012-04-08 10:30:00,0.358425
2012-04-09 10:30:00,0.1682625
2012-04-10 10:30:00,0.2175875
2012-04-11 10:30:00,0.2739625
2012-04-12 10:30:00,0.291925
2012-04-13 10:30:00,0.22116248
2012-04-14 10:30:00,0.4777375
2012-04-15 10:30:00,0.273325
2012-04-16 10:30:00,0.2311375
2012-04-17 10:30:00,0.21667498
2012-04-18 10:30:00,0.25445
2012-04-19 10:30:00,0.3570625
2012-04-20 10:30:00,0.237125
2012-04-21 10:30:00,0.4781375
2012-04-22 10:30:00,0.41275
2012-04-23 10:30:00,0.4183375
2012-04-24 10:30:00,0.17802499
2012-04-25 10:30:00,0.2199625
2012-04-26 10:30:00,0.18495001
2012-04-27 10:30:00,0.5636
2012-04-28 10:30:00,0.29337502
2012-04-29 10:30:00,0.20011249
2012-04-30 10:30:00,0.20872499
2012-05-01 10:30:00,0.172375
2012-05-02 10:30:00,0.2838625
2012-05-03 10:30:00,0.16565
2012-05-04 10:30:00,0.169375
2012-05-05 10:30:00,0.127575
2012-05-06 10:30:00,0.267625
2012-05-07 10:30:00,0.29235
2012-05-08 10:30:00,0.3975875
2012-05-09 10:30:00,0.3676625
2012-05-10 10:30:00,0.4061375
2012-05-11 10:30:00,0.3743
2012-05-12 10:30:00,0.5893125
2012-05-13 10:30:00,0.46871248
2012-05-14 10:30:00,0.56984997
2012-05-15 10:30:00,0.55451244
2012-05-16 10:30:00,0.73512495
2012-05-17 10:30:00,0.40627497
2012-05-18 10:30:00,0.2884875
2012-05-19 10:30:00,0.19158751
2012-05-20 10:30:00,0.28983748
2012-05-21 10:30:00,0.32007498
2012-05-22 10:30:00,0.32759997
2012-05-23 10:30:00,0.2334625
2012-05-24 10:30:00,0.202125
2012-05-25 10:30:00,0.26755
2012-05-26 10:30:00,0.39173752
2012-05-27 10:30:00,0.29343748
2012-05-28 10:30:00,0.43632498
2012-05-29 10:30:00,0.59455
2012-05-30 10:30:00,0.6128
2012-05-31 10:30:00,0.5703125
2012-06-01 10:30:00,0.5795625
2012-06-02 10:30:00,0.9023
2012-06-03 10:30:00,0.7277625
2012-06-04 10:30:00,0.6927125
2012-06-05 10:30:00,0.5327125
2012-06-06 10:30:00,0.66919994
2012-06-07 10:30:00,0.5344125
2012-06-08 10:30:00,0.6948625
2012-06-09 10:30:00,0.62483746
2012-06-10 10:30:00,0.583125
2012-06-11 10:30:00,0.7042125
2012-06-12 10:30:00,0.825475
2012-06-13 10:30:00,0.844225
2012-06-14 10:30:00,0.77275
2012-06-15 10:30:00,0.85161245
2012-06-16 10:30:00,0.80055
2012-06-17 10:30:00,0.7916625
2012-06-18 10:30:00,0.7011125
2012-06-19 10:30:00,0.62944996
2012-06-20 10:30:00,0.5965375
2012-06-21 10:30:00,0.60125
2012-06-22 10:30:00,0.61855
2012-06-23 10:30:00,0.70348746
2012-06-24 10:30:00,0.81764996
2012-06-25 10:30:00,0.77459997
2012-06-26 10:30:00,0.7594625
2012-06-27 10:30:00,0.905025
2012-06-28 10:30:00,0.773775
2012-06-29 10:30:00,0.64705
2012-06-30 10:30:00,0.5297125
2012-07-01 10:30:00,0.81305
2012-07-02 10:30:00,0.846025
2012-07-03 10:30:00,0.73833746
2012-07-04 10:30:00,0.70393753
2012-07-05 10:30:00,0.6903
2012-07-06 10:30:00,0.66781247
2012-07-07 10:30:00,0.664075
2012-07-08 10:30:00,0.82647496
2012-07-09 10:30:00,0.801975
2012-07-10 10:30:00,0.838475
2012-07-11 10:30:00,0.83246243
2012-07-12 10:30:00,0.8485125
2012-07-13 10:30:00,0.6992
2012-07-14 10:30:00,0.57537496
2012-07-15 10:30:00,0.6514375
2012-07-16 10:30:00,0.6087125
2012-07-17 10:30:00,0.5738
2012-07-18 10:30:00,0.7256749
2012-07-19 10:30:00,0.7061
2012-07-20 10:30:00,0.7403875
2012-07-21 10:30:00,0.84688747
2012-07-22 10:30:00,0.86571246
2012-07-23 10:30:00,0.62857497
2012-07-24 10:30:00,0.666825
2012-07-25 10:30:00,0.7737125
2012-07-26 10:30:00,0.672125
2012-07-27 10:30:00,0.6654125
2012-07-28 10:30:00,0.8404375
2012-07-29 10:30:00,0.8590125
2012-07-30 10:30:00,0.78495
2012-07-31 10:30:00,0.6828625
2012-08-01 10:30:00,0.74794996
2012-08-02 10:30:00,0.781625
2012-08-03 10:30:00,0.80335
2012-08-04 10:30:00,0.7466625
2012-08-05 10:30:00,0.68576247
2012-08-06 10:30:00,0.6654625
2012-08-07 10:30:00,0.65267503
2012-08-08 10:30:00,0.60781246
2012-08-09 10:30:00,0.51965
2012-08-10 10:30:00,0.687875
2012-08-11 10:30:00,0.6171125
2012-08-12 10:30:00,0.5613
2012-08-13 10:30:00,0.5752625
2012-08-14 10:30:00,0.6894
2012-08-15 10:30:00,0.57013744
2012-08-16 10:30:00,0.5378125
2012-08-17 10:30:00,0.718625
2012-08-18 10:30:00,0.56605
2012-08-19 10:30:00,0.54386246
2012-08-20 10:30:00,0.58825
2012-08-21 10:30:00,0.5781125
2012-08-22 10:30:00,0.39384997
2012-08-23 10:30:00,0.4279
2012-08-24 10:30:00,0.61169994
2012-08-25 10:30:00,0.6102375
2012-08-26 10:30:00,0.6269125
2012-08-27 10:30:00,0.72177494
2012-08-28 10:30:00,0.6622125
2012-08-29 10:30:00,0.4734
2012-08-30 10:30:00,0.56796247
2012-08-31 10:30:00,0.6604
2012-09-01 10:30:00,0.5466125
2012-09-02 10:30:00,0.92162496
2012-09-03 10:30:00,0.76717496
2012-09-04 10:30:00,0.8411
2012-09-05 10:30:00,0.6008875
2012-09-06 10:30:00,0.5261
2012-09-07 10:30:00,0.6335625
2012-09-08 10:30:00,0.709725
2012-09-09 10:30:00,0.6405375
2012-09-10 10:30:00,0.65825
2012-09-11 10:30:00,0.92539996
2012-09-12 10:30:00,0.8208
2012-09-13 10:30:00,0.709125
2012-09-14 10:30:00,0.57656246
2012-09-15 10:30:00,0.61912495
2012-09-16 10:30:00,0.5942125
2012-09-17 10:30:00,0.5764375
2012-09-18 10:30:00,0.59875
2012-09-19 10:30:00,0.65816253
2012-09-20 10:30:00,0.4896125
2012-09-21 10:30:00,0.5443625
2012-09-22 10:30:00,0.735175
2012-09-23 10:30:00,0.71537495
2012-09-24 10:30:00,0.630475
2012-09-25 10:30:00,0.89735
2012-09-26 10:30:00,0.504
2012-09-27 10:30:00,0.85731244
2012-09-28 10:30:00,0.482
2012-09-29 10:30:00,0.559775
2012-09-30 10:30:00,0.59776247
2012-10-01 10:30:00,0.59555
2012-10-02 10:30:00,0.5814
2012-10-03 10:30:00,0.8487
2012-10-04 10:30:00,0.5060125
2012-10-05 10:30:00,0.4945875
2012-10-06 10:30:00,0.5328125
2012-10-07 10:30:00,0.6084
2012-10-08 10:30:00,0.57509995
2012-10-09 10:30:00,0.51495004
2012-10-10 10:30:00,0.4259125
2012-10-11 10:30:00,0.5490625
2012-10-12 10:30:00,0.5940625
2012-10-13 10:30:00,0.58635
2012-10-14 10:30:00,0.51905
2012-10-15 10:30:00,0.634875
2012-10-16 10:30:00,0.8131375
2012-10-17 10:30:00,0.5802375
2012-10-18 10:30:00,0.49169996
2012-10-19 10:30:00,0.422725
2012-10-20 10:30:00,0.37395
2012-10-21 10:30:00,0.4820875
2012-10-22 10:30:00,0.58585
2012-10-23 10:30:00,0.58095
2012-10-24 10:30:00,0.5320625
2012-10-25 10:30:00,0.5436375
2012-10-26 10:30:00,0.5461625
2012-10-27 10:30:00,0.3741375
2012-10-28 10:30:00,0.3558375
2012-10-29 10:30:00,0.4208625
2012-10-30 10:30:00,0.62985
2012-10-31 10:30:00,0.56504995
2012-11-01 10:30:00,0.51555
2012-11-02 10:30:00,0.4540625
2012-11-03 10:30:00,0.58502495
2012-11-04 10:30:00,0.73485
2012-11-05 10:30:00,0.7020125
2012-11-06 10:30:00,0.62114996
2012-11-07 10:30:00,0.54421246
2012-11-08 10:30:00,0.552175
2012-11-09 10:30:00,0.5807
2012-11-10 10:30:00,0.68955
2012-11-11 10:30:00,0.705425
2012-11-12 10:30:00,0.5703375
2012-11-13 10:30:00,0.6013375
2012-11-14 10:30:00,0.5720375
2012-11-15 10:30:00,0.46395
2012-11-16 10:30:00,0.50932497
2012-11-17 10:30:00,0.5353625
2012-11-18 10:30:00,0.79393744
2012-11-19 10:30:00,0.5858875
2012-11-20 10:30:00,0.56607497
2012-11-21 10:30:00,0.538925
2012-11-22 10:30:00,0.5486125
2012-11-23 10:30:00,0.5511
2012-11-24 10:30:00,0.6496125
2012-11-25 10:30:00,0.5581125
2012-11-26 10:30:00,0.5550875
2012-11-27 10:30:00,0.7048375
2012-11-28 10:30:00,0.58533746
2012-11-29 10:30:00,0.51713747
2012-11-30 10:30:00,0.44712502
2012-12-01 10:30:00,0.5860625
2012-12-02 10:30:00,0.6792
2012-12-03 10:30:00,0.5201375
2012-12-04 10:30:00,0.51661247
2012-12-05 10:30:00,0.45659998
2012-12-06 10:30:00,0.42545
2012-12-07 10:30:00,0.488475
2012-12-08 10:30:00,0.48583752
2012-12-09 10:30:00,0.6257375
2012-12-10 10:30:00,0.62264997
2012-12-11 10:30:00,0.6364375
2012-12-12 10:30:00,0.68004996
2012-12-13 10:30:00,0.50423753
2012-12-14 10:30:00,0.578575
2012-12-15 10:30:00,0.69458747
2012-12-16 10:30:00,0.587375
2012-12-17 10:30:00,0.50581247
2012-12-18 10:30:00,0.511
2012-12-19 10:30:00,0.4824625
2012-12-20 10:30:00,0.5392375
2012-12-21 10:30:00,0.473875
2012-12-22 10:30:00,0.4277375
2012-12-23 10:30:00,0.43645
2012-12-24 10:30:00,0.450625
2012-12-25 10:30:00,0.41312498
2012-12-26 10:30:00,0.49511248
2012-12-27 10:30:00,0.5613875
2012-12-28 10:30:00,0.656625
2012-12-29 10:30:00,0.5752375
2012-12-30 10:30:00,0.49891248
2012-12-31 10:30:00,0.5738625
2013-01-01 10:30:00,0.434275
2013-01-02 10:30:00,0.4515375
2013-01-03 10:30:00,0.3898625
2013-01-04 10:30:00,0.3856125
2013-01-05 10:30:00,0.4332375
2013-01-06 10:30:00,0.637675
2013-01-07 10:30:00,0.4946375
2013-01-08 10:30:00,0.4443375
2013-01-09 10:30:00,0.510875
2013-01-10 10:30:00,0.646575
2013-01-11 10:30:00,0.66795
2013-01-12 10:30:00,0.646675
2013-01-13 10:30:00,0.66495
2013-01-14 10:30:00,0.63048744
2013-01-15 10:30:00,0.713425
2013-01-16 10:30:00,0.53552496
2013-01-17 10:30:00,0.5199
2013-01-18 10:30:00,0.629775
2013-01-19 10:30:00,0.67275
2013-01-20 10:30:00,0.69324994
2013-01-21 10:30:00,0.63795
2013-01-22 10:30:00,0.60685
2013-01-23 10:30:00,0.616125
2013-01-24 10:30:00,0.4002875
2013-01-25 10:30:00,0.44896248
2013-01-26 10:30:00,0.538975
2013-01-27 10:30:00,0.64275
2013-01-28 10:30:00,0.731775
2013-01-29 10:30:00,0.67605
2013-01-30 10:30:00,0.77639997
2013-01-31 10:30:00,0.6814125
2013-02-01 10:30:00,0.3912125
2013-02-02 10:30:00,0.476575
2013-02-03 10:30:00,0.6765625
2013-02-04 10:30:00,0.5145
2013-02-05 10:30:00,0.5103875
2013-02-06 10:30:00,0.40244997
2013-02-07 10:30:00,0.4114125
2013-02-08 10:30:00,0.4245
2013-02-09 10:30:00,0.4031
2013-02-10 10:30:00,0.43746248
2013-02-11 10:30:00,0.5116625
2013-02-12 10:30:00,0.48893747
2013-02-13 10:30:00,0.43822497
2013-02-14 10:30:00,0.43945
2013-02-15 10:30:00,0.53603745
2013-02-16 10:30:00,0.56865
2013-02-17 10:30:00,0.39186248
2013-02-18 10:30:00,0.3193375
2013-02-19 10:30:00,0.36365
2013-02-20 10:30:00,0.33776248
2013-02-21 10:30:00,0.4039
2013-02-22 10:30:00,0.40706247
2013-02-23 10:30:00,0.27528748
2013-02-24 10:30:00,0.3648875
2013-02-25 10:30:00,0.53201246
2013-02-26 10:30:00,0.67443746
2013-02-27 10:30:00,0.404225
2013-02-28 10:30:00,0.6444875
2013-03-01 10:30:00,0.334225
2013-03-02 10:30:00,0.5330375
2013-03-03 10:30:00,0.5121125
2013-03-04 10:30:00,0.45904997
2013-03-05 10:30:00,0.5022875
2013-03-06 10:30:00,0.35971248
2013-03-07 10:30:00,0.2904875
2013-03-08 10:30:00,0.51285
2013-03-09 10:30:00,0.6189125
2013-03-10 10:30:00,0.5226375
2013-03-11 10:30:00,0.4662875
2013-03-12 10:30:00,0.31005
2013-03-13 10:30:00,0.364575
2013-03-14 10:30:00,0.42866248
2013-03-15 10:30:00,0.5502125
2013-03-16 10:30:00,0.356125
2013-03-17 10:30:00,0.30331248
2013-03-18 10:30:00,0.3132875
2013-03-19 10:30:00,0.2801625
2013-03-20 10:30:00,0.34366247
2013-03-21 10:30:00,0.31344998
2013-03-22 10:30:00,0.3355625
2013-03-23 10:30:00,0.34963748
2013-03-24 10:30:00,0.383325
2013-03-25 10:30:00,0.33435002
2013-03-26 10:30:00,0.3103
2013-03-27 10:30:00,0.40064996
2013-03-28 10:30:00,0.375175
2013-03-29 10:30:00,0.341725
2013-03-30 10:30:00,0.292425
2013-03-31 10:30:00,0.24409999
2013-04-01 10:30:00,0.287725
2013-04-02 10:30:00,0.2542625
2013-04-03 10:30:00,0.27815
2013-04-04 10:30:00,0.43906248
2013-04-05 10:30:00,0.5857
2013-04-06 10:30:00,0.3647
2013-04-07 10:30:00,0.38217497
2013-04-08 10:30:00,0.51612496
2013-04-09 10:30:00,0.320475
2013-04-10 10:30:00,0.4112125
2013-04-11 10:30:00,0.3863625
2013-04-12 10:30:00,0.310375
2013-04-13 10:30:00,0.25663748
2013-04-14 10:30:00,0.23241249
2013-04-15 10:30:00,0.21112499
2013-04-16 10:30:00,0.2495375
2013-04-17 10:30:00,0.2528125
2013-04-18 10:30:00,0.29678747
2013-04-19 10:30:00,0.2595875
2013-04-20 10:30:00,0.2624125
2013-04-21 10:30:00,0.3079125
2013-04-22 10:30:00,0.392925
2013-04-23 10:30:00,0.3843
2013-04-24 10:30:00,0.5438
2013-04-25 10:30:00,0.70503753
2013-04-26 10:30:00,0.3574125
2013-04-27 10:30:00,0.309975
2013-04-28 10:30:00,0.6282375
2013-04-29 10:30:00,0.83895004
2013-04-30 10:30:00,0.64217496
2013-05-01 10:30:00,0.60307497
2013-05-02 10:30:00,0.5684625
2013-05-03 10:30:00,0.41505
2013-05-04 10:30:00,0.2593
2013-05-05 10:30:00,0.3209625
2013-05-06 10:30:00,0.37206247
2013-05-07 10:30:00,0.22862498
2013-05-08 10:30:00,0.46395
2013-05-09 10:30:00,0.45463747
2013-05-10 10:30:00,0.29381248
2013-05-11 10:30:00,0.57366246
2013-05-12 10:30:00,0.63834995
2013-05-13 10:30:00,0.6271375
2013-05-14 10:30:00,0.7991875
2013-05-15 10:30:00,0.6007125
2013-05-16 10:30:00,0.44683748
2013-05-17 10:30:00,0.4775875
2013-05-18 10:30:00,0.3748375
2013-05-19 10:30:00,0.4328375
2013-05-20 10:30:00,0.418175
2013-05-21 10:30:00,0.59503746
2013-05-22 10:30:00,0.32197496
2013-05-23 10:30:00,0.3363875
2013-05-24 10:30:00,0.3085625
2013-05-25 10:30:00,0.31527498
2013-05-26 10:30:00,0.4497
2013-05-27 10:30:00,0.672075
2013-05-28 10:30:00,0.4650125
2013-05-29 10:30:00,0.324925
2013-05-30 10:30:00,0.3950375
2013-05-31 10:30:00,0.3398
2013-06-01 10:30:00,0.326775
2013-06-02 10:30:00,0.4954875
2013-06-03 10:30:00,0.7653125
2013-06-04 10:30:00,0.643075
2013-06-05 10:30:00,0.606125
2013-06-06 10:30:00,0.89016247
2013-06-07 10:30:00,0.66589993
2013-06-08 10:30:00,0.72778744
2013-06-09 10:30:00,0.73924994
2013-06-10 10:30:00,0.56763744
2013-06-11 10:30:00,0.6888
2013-06-12 10:30:00,0.73772496
2013-06-13 10:30:00,0.6023625
2013-06-14 10:30:00,0.6605
2013-06-15 10:30:00,0.577325
2013-06-16 10:30:00,0.6354875
2013-06-17 10:30:00,0.5602125
2013-06-18 10:30:00,0.5435625
2013-06-19 10:30:00,0.643425
2013-06-20 10:30:00,0.6874375
2013-06-21 10:30:00,0.5746
2013-06-22 10:30:00,0.5542875
2013-06-23 10:30:00,0.5345
2013-06-24 10:30:00,0.55689996
2013-06-25 10:30:00,0.78568745
2013-06-26 10:30:00,0.92765
2013-06-27 10:30:00,0.9087375
2013-06-28 10:30:00,0.65488756
2013-06-29 10:30:00,0.914225
2013-06-30 10:30:00,0.91248745
2013-07-01 10:30:00,0.7797125
2013-07-02 10:30:00,0.83616245
2013-07-03 10:30:00,0.69738746
2013-07-04 10:30:00,0.64636254
2013-07-05 10:30:00,0.561075
2013-07-06 10:30:00,0.7124375
2013-07-07 10:30:00,0.66702497
2013-07-08 10:30:00,0.80443746
2013-07-09 10:30:00,0.5790375
2013-07-10 10:30:00,0.4636375
2013-07-11 10:30:00,0.6812124
2013-07-12 10:30:00,0.737875
2013-07-13 10:30:00,0.6785375
2013-07-14 10:30:00,0.68195
2013-07-15 10:30:00,0.91902494
2013-07-16 10:30:00,0.60412496
2013-07-17 10:30:00,0.6776
2013-07-18 10:30:00,0.83178747
2013-07-19 10:30:00,0.8142875
2013-07-20 10:30:00,0.65788746
2013-07-21 10:30:00,0.6363375
2013-07-22 10:30:00,0.7951125
2013-07-23 10:30:00,0.834775
2013-07-24 10:30:00,0.7828625
2013-07-25 10:30:00,0.74333745
2013-07-26 10:30:00,0.76588744
2013-07-27 10:30:00,0.87622494
2013-07-28 10:30:00,0.62373745
2013-07-29 10:30:00,0.80125
2013-07-30 10:30:00,0.76044995
2013-07-31 10:30:00,0.879925
2013-08-01 10:30:00,0.896425
2013-08-02 10:30:00,0.8654875
2013-08-03 10:30:00,0.8301
2013-08-04 10:30:00,0.79510003
2013-08-05 10:30:00,0.7672875
2013-08-06 10:30:00,0.8017875
2013-08-07 10:30:00,0.68084997
2013-08-08 10:30:00,0.63385
2013-08-09 10:30:00,0.65206254
2013-08-10 10:30:00,0.6346
2013-08-11 10:30:00,0.7075875
2013-08-12 10:30:00,0.7768375
2013-08-13 10:30:00,0.601125
2013-08-14 10:30:00,0.5714875
2013-08-15 10:30:00,0.6138875
2013-08-16 10:30:00,0.871175
2013-08-17 10:30:00,0.74286246
2013-08-18 10:30:00,0.65248746
2013-08-19 10:30:00,0.664675
2013-08-20 10:30:00,0.643475
2013-08-21 10:30:00,0.83362496
2013-08-22 10:30:00,0.67092496
2013-08-23 10:30:00,0.6425875
2013-08-24 10:30:00,0.5673125
2013-08-25 10:30:00,0.70419997
2013-08-26 10:30:00,0.6698625
2013-08-27 10:30:00,0.691
2013-08-28 10:30:00,0.88528746
2013-08-29 10:30:00,0.70856243
2013-08-30 10:30:00,0.6952625
2013-08-31 10:30:00,0.75496244
2013-09-01 10:30:00,0.73512495
2013-09-02 10:30:00,0.7443
2013-09-03 10:30:00,0.63612497
2013-09-04 10:30:00,0.6879625
2013-09-05 10:30:00,0.73847497
2013-09-06 10:30:00,0.9104125
2013-09-07 10:30:00,0.72491246
2013-09-08 10:30:00,0.648725
2013-09-09 10:30:00,0.82705
2013-09-10 10:30:00,0.58814996
2013-09-11 10:30:00,0.60711247
2013-09-12 10:30:00,0.606275
2013-09-13 10:30:00,0.74141246
2013-09-14 10:30:00,0.39900002
2013-09-15 10:30:00,0.518725
2013-09-16 10:30:00,0.43621248
2013-09-17 10:30:00,0.6027125
2013-09-18 10:30:00,0.6236375
2013-09-19 10:30:00,0.61675
2013-09-20 10:30:00,0.6273125
2013-09-21 10:30:00,0.6849375
2013-09-22 10:30:00,0.5077125
2013-09-23 10:30:00,0.43577498
2013-09-24 10:30:00,0.461575
2013-09-25 10:30:00,0.47272497
2013-09-26 10:30:00,0.43482497
2013-09-27 10:30:00,0.3805125
2013-09-28 10:30:00,0.4488
2013-09-29 10:30:00,0.43676248
2013-09-30 10:30:00,0.44825
2013-10-01 10:30:00,0.3300375
2013-10-02 10:30:00,0.33787498
2013-10-03 10:30:00,0.385625
2013-10-04 10:30:00,0.3359
2013-10-05 10:30:00,0.3114
2013-10-06 10:30:00,0.40775
2013-10-07 10:30:00,0.359175
2013-10-08 10:30:00,0.30487502
2013-10-09 10:30:00,0.44025
2013-10-10 10:30:00,0.8892875
2013-10-11 10:30:00,0.65279996
2013-10-12 10:30:00,0.49601248
2013-10-13 10:30:00,0.51261246
2013-10-14 10:30:00,0.355675
2013-10-15 10:30:00,0.395325
2013-10-16 10:30:00,0.5068
2013-10-17 10:30:00,0.44015
2013-10-18 10:30:00,0.55368745
2013-10-19 10:30:00,0.66426253
2013-10-20 10:30:00,0.74864995
2013-10-21 10:30:00,0.88693744
2013-10-22 10:30:00,0.80132496
2013-10-23 10:30:00,0.657425
2013-10-24 10:30:00,0.80631244
2013-10-25 10:30:00,0.640825
2013-10-26 10:30:00,0.7118
2013-10-27 10:30:00,0.6781375
2013-10-28 10:30:00,0.6956625
2013-10-29 10:30:00,0.5329125
2013-10-30 10:30:00,0.52818745
2013-10-31 10:30:00,0.5856
2013-11-01 10:30:00,0.5880125
2013-11-02 10:30:00,0.56638753
2013-11-03 10:30:00,0.5309375
2013-11-04 10:30:00,0.4434625
2013-11-05 10:30:00,0.58116245
2013-11-06 10:30:00,0.69925004
2013-11-07 10:30:00,0.77977496
2013-11-08 10:30:00,0.74992496
2013-11-09 10:30:00,0.357225
2013-11-10 10:30:00,0.34467497
2013-11-11 10:30:00,0.501325
2013-11-12 10:30:00,0.5063625
2013-11-13 10:30:00,0.46511248
2013-11-14 10:30:00,0.531575
2013-11-15 10:30:00,0.5205125
2013-11-16 10:30:00,0.6203875
2013-11-17 10:30:00,0.535075
2013-11-18 10:30:00,0.30656248
2013-11-19 10:30:00,0.2359625
2013-11-20 10:30:00,0.447775
2013-11-21 10:30:00,0.559775
2013-11-22 10:30:00,0.5553625
2013-11-23 10:30:00,0.54695
2013-11-24 10:30:00,0.39842498
2013-11-25 10:30:00,0.4100125
2013-11-26 10:30:00,0.44165
2013-11-27 10:30:00,0.36478752
2013-11-28 10:30:00,0.389825
2013-11-29 10:30:00,0.39233747
2013-11-30 10:30:00,0.35082498
2013-12-01 10:30:00,0.37546247
2013-12-02 10:30:00,0.52275
2013-12-03 10:30:00,0.48683748
2013-12-04 10:30:00,0.391725
2013-12-05 10:30:00,0.40806252
2013-12-06 10:30:00,0.4456
2013-12-07 10:30:00,0.6162125
2013-12-08 10:30:00,0.77926254
2013-12-09 10:30:00,0.621925
2013-12-10 10:30:00,0.714425
2013-12-11 10:30:00,0.655725
2013-12-12 10:30:00,0.4582375
2013-12-13 10:30:00,0.42478752
2013-12-14 10:30:00,0.5085875
2013-12-15 10:30:00,0.63317496
2013-12-16 10:30:00,0.7747125
2013-12-17 10:30:00,0.71707505
2013-12-18 10:30:00,0.76054996
2013-12-19 10:30:00,0.72535
2013-12-20 10:30:00,0.5818875
2013-12-21 10:30:00,0.6415125
2013-12-22 10:30:00,0.5728125
2013-12-23 10:30:00,0.6637375
2013-12-24 10:30:00,0.62878746
2013-12-25 10:30:00,0.73745
2013-12-26 10:30:00,0.5523
2013-12-27 10:30:00,0.57682496
2013-12-28 10:30:00,0.49629995
2013-12-29 10:30:00,0.5250625
2013-12-30 10:30:00,0.5927625
2013-12-31 10:30:00,0.48119998
2014-01-01 10:30:00,0.3695375
2014-01-02 10:30:00,0.500675
2014-01-03 10:30:00,0.5208625
2014-01-04 10:30:00,0.63506246
2014-01-05 10:30:00,0.63075
2014-01-06 10:30:00,0.5312875
2014-01-07 10:30:00,0.422275
2014-01-08 10:30:00,0.3923125
2014-01-09 10:30:00,0.43516248
2014-01-10 10:30:00,0.465825
2014-01-11 10:30:00,0.3763375
2014-01-12 10:30:00,0.34525
2014-01-13 10:30:00,0.45658746
2014-01-14 10:30:00,0.546075
2014-01-15 10:30:00,0.56488746
2014-01-16 10:30:00,0.55236244
2014-01-17 10:30:00,0.52283746
2014-01-18 10:30:00,0.49636248
2014-01-19 10:30:00,0.70246243
2014-01-20 10:30:00,0.5899
2014-01-21 10:30:00,0.5483125
2014-01-22 10:30:00,0.5870375
2014-01-23 10:30:00,0.5543375
2014-01-24 10:30:00,0.5575375
2014-01-25 10:30:00,0.4339125
2014-01-26 10:30:00,0.49651247
2014-01-27 10:30:00,0.33365002
2014-01-28 10:30:00,0.373125
2014-01-29 10:30:00,0.4627375
2014-01-30 10:30:00,0.4574
2014-01-31 10:30:00,0.42851248
2014-02-01 10:30:00,0.46029997
2014-02-02 10:30:00,0.2981
2014-02-03 10:30:00,0.34927496
2014-02-04 10:30:00,0.409225
2014-02-05 10:30:00,0.43191248
2014-02-06 10:30:00,0.43956247
2014-02-07 10:30:00,0.42135
2014-02-08 10:30:00,0.64014995
2014-02-09 10:30:00,0.489275
2014-02-10 10:30:00,0.5366
2014-02-11 10:30:00,0.5619125
2014-02-12 10:30:00,0.4811125
2014-02-13 10:30:00,0.49676248
2014-02-14 10:30:00,0.68512493
2014-02-15 10:30:00,0.64419997
2014-02-16 10:30:00,0.5463875
2014-02-17 10:30:00,0.4524625
2014-02-18 10:30:00,0.51005
2014-02-19 10:30:00,0.48007497
2014-02-20 10:30:00,0.51748747
2014-02-21 10:30:00,0.57129997
2014-02-22 10:30:00,0.52975
2014-02-23 10:30:00,0.53814995
2014-02-24 10:30:00,0.502275
2014-02-25 10:30:00,0.546925
2014-02-26 10:30:00,0.539175
2014-02-27 10:30:00,0.31535
2014-02-28 10:30:00,0.3966875
2014-03-01 10:30:00,0.3521125
2014-03-02 10:30:00,0.370725
2014-03-03 10:30:00,0.3560125
2014-03-04 10:30:00,0.35858747
2014-03-05 10:30:00,0.349
2014-03-06 10:30:00,0.36514997
2014-03-07 10:30:00,0.31125
2014-03-08 10:30:00,0.27886248
2014-03-09 10:30:00,0.2741125
2014-03-10 10:30:00,0.191275
2014-03-11 10:30:00,0.37029997
2014-03-12 10:30:00,0.44451252
2014-03-13 10:30:00,0.33560002
2014-03-14 10:30:00,0.2543375
2014-03-15 10:30:00,0.3603125
2014-03-16 10:30:00,0.3523875
2014-03-17 10:30:00,0.57044995
2014-03-18 10:30:00,0.346925
2014-03-19 10:30:00,0.4394
2014-03-20 10:30:00,0.3657875
2014-03-21 10:30:00,0.3510125
2014-03-22 10:30:00,0.253075
2014-03-23 10:30:00,0.28925002
2014-03-24 10:30:00,0.2873625
2014-03-25 10:30:00,0.2827625
2014-03-26 10:30:00,0.4330125
2014-03-27 10:30:00,0.38798752
2014-03-28 10:30:00,0.34031248
2014-03-29 10:30:00,0.319
2014-03-30 10:30:00,0.1793875
2014-03-31 10:30:00,0.23619999
2014-04-01 10:30:00,0.44215
2014-04-02 10:30:00,0.39717498
2014-04-03 10:30:00,0.37066248
2014-04-04 10:30:00,0.55485
2014-04-05 10:30:00,0.33366248
2014-04-06 10:30:00,0.2540125
2014-04-07 10:30:00,0.26575
2014-04-08 10:30:00,0.3004625
2014-04-09 10:30:00,0.32506248
2014-04-10 10:30:00,0.22725
2014-04-11 10:30:00,0.20233749
2014-04-12 10:30:00,0.254675
2014-04-13 10:30:00,0.24928749
2014-04-14 10:30:00,0.21653749
2014-04-15 10:30:00,0.15942499
2014-04-16 10:30:00,0.17764999
2014-04-17 10:30:00,0.60139996
2014-04-18 10:30:00,0.3538
2014-04-19 10:30:00,0.64007497
2014-04-20 10:30:00,0.54557496
2014-04-21 10:30:00,0.29837498
2014-04-22 10:30:00,0.293575
2014-04-23 10:30:00,0.262425
2014-04-24 10:30:00,0.32778752
2014-04-25 10:30:00,0.30122498
2014-04-26 10:30:00,0.35768747
2014-04-27 10:30:00,0.2832875
2014-04-28 10:30:00,0.2492
2014-04-29 10:30:00,0.20914999
2014-04-30 10:30:00,0.1933375
2014-05-01 10:30:00,0.50368744
2014-05-02 10:30:00,0.5387125
2014-05-03 10:30:00,0.5036375
2014-05-04 10:30:00,0.3811
2014-05-05 10:30:00,0.3362875
2014-05-06 10:30:00,0.34251252
2014-05-07 10:30:00,0.365075
2014-05-08 10:30:00,0.447425
2014-05-09 10:30:00,0.39880002
2014-05-10 10:30:00,0.72155
2014-05-11 10:30:00,0.84655
2014-05-12 10:30:00,0.80403745
2014-05-13 10:30:00,0.696425
2014-05-14 10:30:00,0.69787496
2014-05-15 10:30:00,0.7985375
2014-05-16 10:30:00,0.85139996
2014-05-17 10:30:00,0.6074375
2014-05-18 10:30:00,0.7840625
2014-05-19 10:30:00,0.87364995
2014-05-20 10:30:00,0.71519995
2014-05-21 10:30:00,0.55732495
2014-05-22 10:30:00,0.4952875
2014-05-23 10:30:00,0.505275
2014-05-24 10:30:00,0.71297497
2014-05-25 10:30:00,0.6508625
2014-05-26 10:30:00,0.662025
2014-05-27 10:30:00,0.52147496
2014-05-28 10:30:00,0.359375
2014-05-29 10:30:00,0.256175
2014-05-30 10:30:00,0.3358625
2014-05-31 10:30:00,0.34735
2014-06-01 10:30:00,0.37827498
2014-06-02 10:30:00,0.41623747
2014-06-03 10:30:00,0.52647495
2014-06-04 10:30:00,0.46891248
2014-06-05 10:30:00,0.464425
2014-06-06 10:30:00,0.39099997
2014-06-07 10:30:00,0.72847503
2014-06-08 10:30:00,0.9233625
2014-06-09 10:30:00,0.89516246
2014-06-10 10:30:00,0.7546875
2014-06-11 10:30:00,0.81534994
2014-06-12 10:30:00,0.67541254
2014-06-13 10:30:00,0.55275
2014-06-14 10:30:00,0.513025
2014-06-15 10:30:00,0.5689875
2014-06-16 10:30:00,0.646125
2014-06-17 10:30:00,0.70006245
2014-06-18 10:30:00,0.6394875
2014-06-19 10:30:00,0.54486245
2014-06-20 10:30:00,0.7361625
2014-06-21 10:30:00,0.7407
2014-06-22 10:30:00,0.591425
2014-06-23 10:30:00,0.64116246
2014-06-24 10:30:00,0.563975
2014-06-25 10:30:00,0.6918
2014-06-26 10:30:00,0.79755
2014-06-27 10:30:00,0.5660625
2014-06-28 10:30:00,0.54982495
2014-06-29 10:30:00,0.51678747
2014-06-30 10:30:00,0.51845
2014-07-01 10:30:00,0.57682496
2014-07-02 10:30:00,0.695475
2014-07-03 10:30:00,0.64835
2014-07-04 10:30:00,0.48858747
2014-07-05 10:30:00,0.5171
2014-07-06 10:30:00,0.6256375
2014-07-07 10:30:00,0.70208746
2014-07-08 10:30:00,0.5724625
2014-07-09 10:30:00,0.6118625
2014-07-10 10:30:00,0.76256245
2014-07-11 10:30:00,0.83512497
2014-07-12 10:30:00,0.8220125
2014-07-13 10:30:00,0.7113375
2014-07-14 10:30:00,0.7012375
2014-07-15 10:30:00,0.8164
2014-07-16 10:30:00,0.848125
2014-07-17 10:30:00,0.76818746
2014-07-18 10:30:00,0.775625
2014-07-19 10:30:00,0.86701244
2014-07-20 10:30:00,0.85375
2014-07-21 10:30:00,0.65398747
2014-07-22 10:30:00,0.6206375
2014-07-23 10:30:00,0.598275
2014-07-24 10:30:00,0.60136247
2014-07-25 10:30:00,0.66919994
2014-07-26 10:30:00,0.6850875
2014-07-27 10:30:00,0.639775
2014-07-28 10:30:00,0.6933249
2014-07-29 10:30:00,0.737375
2014-07-30 10:30:00,0.75186247
2014-07-31 10:30:00,0.5548875
2014-08-01 10:30:00,0.55697495
2014-08-02 10:30:00,0.71248746
2014-08-03 10:30:00,0.576225
2014-08-04 10:30:00,0.543
2014-08-05 10:30:00,0.6324125
2014-08-06 10:30:00,0.66372496
2014-08-07 10:30:00,0.620775
2014-08-08 10:30:00,0.5426125
2014-08-09 10:30:00,0.7699375
2014-08-10 10:30:00,0.86904997
2014-08-11 10:30:00,0.6536125
2014-08-12 10:30:00,0.5117625
2014-08-13 10:30:00,0.6549125
2014-08-14 10:30:00,0.84927493
2014-08-15 10:30:00,0.94443744
2014-08-16 10:30:00,0.7893875
2014-08-17 10:30:00,0.73155
2014-08-18 10:30:00,0.7720125
2014-08-19 10:30:00,0.56193745
2014-08-20 10:30:00,0.741375
2014-08-21 10:30:00,0.66991246
2014-08-22 10:30:00,0.7179625
2014-08-23 10:30:00,0.723375
2014-08-24 10:30:00,0.6807875
2014-08-25 10:30:00,0.8857125
2014-08-26 10:30:00,0.65988743
2014-08-27 10:30:00,0.7158375
2014-08-28 10:30:00,0.5152
2014-08-29 10:30:00,0.5906375
2014-08-30 10:30:00,0.6363125
2014-08-31 10:30:00,0.685775
2014-09-01 10:30:00,0.9401625
2014-09-02 10:30:00,0.8327125
2014-09-03 10:30:00,0.71315
2014-09-04 10:30:00,0.73765
2014-09-05 10:30:00,0.71919996
2014-09-06 10:30:00,0.70446247
2014-09-07 10:30:00,0.741575
2014-09-08 10:30:00,0.42971247
2014-09-09 10:30:00,0.44794998
2014-09-10 10:30:00,0.595925
2014-09-11 10:30:00,0.6334625
2014-09-12 10:30:00,0.621525
2014-09-13 10:30:00,0.60487497
2014-09-14 10:30:00,0.42255
2014-09-15 10:30:00,0.45154998
2014-09-16 10:30:00,0.50415
2014-09-17 10:30:00,0.52863747
2014-09-18 10:30:00,0.56546247
2014-09-19 10:30:00,0.507125
2014-09-20 10:30:00,0.651025
2014-09-21 10:30:00,0.6364
2014-09-22 10:30:00,0.69747496
2014-09-23 10:30:00,0.5834375
2014-09-24 10:30:00,0.48072502
2014-09-25 10:30:00,0.3731875
2014-09-26 10:30:00,0.90058744
2014-09-27 10:30:00,0.544675
2014-09-28 10:30:00,0.49865
2014-09-29 10:30:00,0.43362498
2014-09-30 10:30:00,0.387625
2014-10-01 10:30:00,0.6541375
2014-10-02 10:30:00,0.54096246
2014-10-03 10:30:00,0.4379
2014-10-04 10:30:00,0.495475
2014-10-05 10:30:00,0.40921247
2014-10-06 10:30:00,0.3948625
2014-10-07 10:30:00,0.46752498
2014-10-08 10:30:00,0.60526246
2014-10-09 10:30:00,0.6704625
2014-10-10 10:30:00,0.73972493
2014-10-11 10:30:00,0.5573875
2014-10-12 10:30:00,0.38643748
2014-10-13 10:30:00,0.38713753
2014-10-14 10:30:00,0.37046248
2014-10-15 10:30:00,0.3379
2014-10-16 10:30:00,0.388475
2014-10-17 10:30:00,0.40842497
2014-10-18 10:30:00,0.3237125
2014-10-19 10:30:00,0.23285
2014-10-20 10:30:00,0.2041875
2014-10-21 10:30:00,0.2853125
2014-10-22 10:30:00,0.3301625
2014-10-23 10:30:00,0.4319625
2014-10-24 10:30:00,0.4774375
2014-10-25 10:30:00,0.5137375
2014-10-26 10:30:00,0.362575
2014-10-27 10:30:00,0.3111625
2014-10-28 10:30:00,0.292425
2014-10-29 10:30:00,0.3327875
2014-10-30 10:30:00,0.7606
2014-10-31 10:30:00,0.80294997
2014-11-01 10:30:00,0.5752875
2014-11-02 10:30:00,0.4997
2014-11-03 10:30:00,0.6199
2014-11-04 10:30:00,0.57586247
2014-11-05 10:30:00,0.487775
2014-11-06 10:30:00,0.40247497
2014-11-07 10:30:00,0.32209998
2014-11-08 10:30:00,0.394525
2014-11-09 10:30:00,0.3536125
2014-11-10 10:30:00,0.35413748
2014-11-11 10:30:00,0.343725
2014-11-12 10:30:00,0.3075875
2014-11-13 10:30:00,0.3824125
2014-11-14 10:30:00,0.3859625
2014-11-15 10:30:00,0.4856
2014-11-16 10:30:00,0.5200125
2014-11-17 10:30:00,0.45311248
2014-11-18 10:30:00,0.43322498
2014-11-19 10:30:00,0.5542625
2014-11-20 10:30:00,0.583125
2014-11-21 10:30:00,0.45616248
2014-11-22 10:30:00,0.47432497
2014-11-23 10:30:00,0.37626252
2014-11-24 10:30:00,0.432025
2014-11-25 10:30:00,0.37616247
2014-11-26 10:30:00,0.3031625
2014-11-27 10:30:00,0.37482497
2014-11-28 10:30:00,0.3919625
2014-11-29 10:30:00,0.43896252
2014-11-30 10:30:00,0.43241248
2014-12-01 10:30:00,0.2363125
2014-12-02 10:30:00,0.277225
2014-12-03 10:30:00,0.33952498
2014-12-04 10:30:00,0.3867375
2014-12-05 10:30:00,0.395275
2014-12-06 10:30:00,0.46726248
2014-12-07 10:30:00,0.50684994
2014-12-08 10:30:00,0.50729996
2014-12-09 10:30:00,0.5513875
2014-12-10 10:30:00,0.7623125
2014-12-11 10:30:00,0.58252496
2014-12-12 10:30:00,0.505925
2014-12-13 10:30:00,0.5847375
2014-12-14 10:30:00,0.66068745
2014-12-15 10:30:00,0.57505
2014-12-16 10:30:00,0.5177
2014-12-17 10:30:00,0.60564995
2014-12-18 10:30:00,0.7099125
2014-12-19 10:30:00,0.607925
2014-12-20 10:30:00,0.552125
2014-12-21 10:30:00,0.6268125
2014-12-22 10:30:00,0.7219375
2014-12-23 10:30:00,0.6019625
2014-12-24 10:30:00,0.585925
2014-12-25 10:30:00,0.554425
2014-12-26 10:30:00,0.69792503
2014-12-27 10:30:00,0.58756244
2014-12-28 10:30:00,0.6122875
2014-12-29 10:30:00,0.76028746
2014-12-30 10:30:00,0.5678875
2014-12-31 10:30:00,0.47112498
2015-01-01 10:30:00,0.491725
2015-01-02 10:30:00,0.5736875
2015-01-03 10:30:00,0.583525
2015-01-04 10:30:00,0.617875
2015-01-05 10:30:00,0.3715375
2015-01-06 10:30:00,0.32688752
2015-01-07 10:30:00,0.50215
2015-01-08 10:30:00,0.51836246
2015-01-09 10:30:00,0.62075
2015-01-10 10:30:00,0.60459995
2015-01-11 10:30:00,0.5752375
2015-01-12 10:30:00,0.522325
2015-01-13 10:30:00,0.59346247
2015-01-14 10:30:00,0.66568744
2015-01-15 10:30:00,0.694875
2015-01-16 10:30:00,0.4722375
2015-01-17 10:30:00,0.545275
2015-01-18 10:30:00,0.71397495
2015-01-19 10:30:00,0.632125
2015-01-20 10:30:00,0.68154997
2015-01-21 10:30:00,0.68331254
2015-01-22 10:30:00,0.666575
2015-01-23 10:30:00,0.6621625
2015-01-24 10:30:00,0.57194996
2015-01-25 10:30:00,0.4502
2015-01-26 10:30:00,0.3728875
2015-01-27 10:30:00,0.4300875
2015-01-28 10:30:00,0.51458746
2015-01-29 10:30:00,0.43902498
2015-01-30 10:30:00,0.41073748
2015-01-31 10:30:00,0.4486875
2015-02-01 10:30:00,0.5310125
2015-02-02 10:30:00,0.503075
2015-02-03 10:30:00,0.56553745
2015-02-04 10:30:00,0.501175
2015-02-05 10:30:00,0.49357498
2015-02-06 10:30:00,0.3332375
2015-02-07 10:30:00,0.25149998
2015-02-08 10:30:00,0.3018375
2015-02-09 10:30:00,0.4215
2015-02-10 10:30:00,0.3584125
2015-02-11 10:30:00,0.42845
2015-02-12 10:30:00,0.40678748
2015-02-13 10:30:00,0.498525
2015-02-14 10:30:00,0.54847497
2015-02-15 10:30:00,0.496725
2015-02-16 10:30:00,0.65951246
2015-02-17 10:30:00,0.40125
2015-02-18 10:30:00,0.38498747
2015-02-19 10:30:00,0.35936248
2015-02-20 10:30:00,0.49741247
2015-02-21 10:30:00,0.84345
2015-02-22 10:30:00,0.5832125
2015-02-23 10:30:00,0.4153625
2015-02-24 10:30:00,0.580925
2015-02-25 10:30:00,0.5275625
2015-02-26 10:30:00,0.54585
2015-02-27 10:30:00,0.49136248
2015-02-28 10:30:00,0.48693746
2015-03-01 10:30:00,0.44494998
2015-03-02 10:30:00,0.387425
2015-03-03 10:30:00,0.542175
2015-03-04 10:30:00,0.3728875
2015-03-05 10:30:00,0.4436
2015-03-06 10:30:00,0.31759998
2015-03-07 10:30:00,0.29032502
2015-03-08 10:30:00,0.324325
2015-03-09 10:30:00,0.291075
2015-03-10 10:30:00,0.31487498
2015-03-11 10:30:00,0.29334998
2015-03-12 10:30:00,0.434225
2015-03-13 10:30:00,0.4015375
2015-03-14 10:30:00,0.3532125
2015-03-15 10:30:00,0.2995
2015-03-16 10:30:00,0.2139875
2015-03-17 10:30:00,0.22266251
2015-03-18 10:30:00,0.3131625
2015-03-19 10:30:00,0.2607125
2015-03-20 10:30:00,0.211725
2015-03-21 10:30:00,0.1670375
2015-03-22 10:30:00,0.18354999
2015-03-23 10:30:00,0.17355
2015-03-24 10:30:00,0.2638125
2015-03-25 10:30:00,0.1462
2015-03-26 10:30:00,0.1497125
2015-03-27 10:30:00,0.333975
2015-03-28 10:30:00,0.3834875
2015-03-29 10:30:00,0.2420375
2015-03-30 10:30:00,0.28895
2015-03-31 10:30:00,0.1462125
2015-04-01 10:30:00,0.14999999
2015-04-02 10:30:00,0.7878625
2015-04-03 10:30:00,0.59057504
2015-04-04 10:30:00,0.866275
2015-04-05 10:30:00,0.55702496
2015-04-06 10:30:00,0.46576247
2015-04-07 10:30:00,0.4490125
2015-04-08 10:30:00,0.544225
2015-04-09 10:30:00,0.48093748
2015-04-10 10:30:00,0.4231
2015-04-11 10:30:00,0.41197503
2015-04-12 10:30:00,0.3044
2015-04-13 10:30:00,0.2365125
2015-04-14 10:30:00,0.298625
2015-04-15 10:30:00,0.38083747
2015-04-16 10:30:00,0.2636875
2015-04-17 10:30:00,0.1835125
2015-04-18 10:30:00,0.19244999
2015-04-19 10:30:00,0.16063751
2015-04-20 10:30:00,0.18393749
2015-04-21 10:30:00,0.2171875
2015-04-22 10:30:00,0.2162125
2015-04-23 10:30:00,0.27786252
2015-04-24 10:30:00,0.20463748
2015-04-25 10:30:00,0.2590125
2015-04-26 10:30:00,0.20726249
2015-04-27 10:30:00,0.254625
2015-04-28 10:30:00,0.305275
2015-04-29 10:30:00,0.171225
2015-04-30 10:30:00,0.09993749
2015-05-01 10:30:00,0.37853748
2015-05-02 10:30:00,0.369625
2015-05-03 10:30:00,0.23244998
2015-05-04 10:30:00,0.19882499
2015-05-05 10:30:00,0.26615
2015-05-06 10:30:00,0.2828
2015-05-07 10:30:00,0.8641375
2015-05-08 10:30:00,0.6224375
2015-05-09 10:30:00,0.4214125
2015-05-10 10:30:00,0.530325
2015-05-11 10:30:00,0.892625
2015-05-12 10:30:00,0.8210499
2015-05-13 10:30:00,0.6393125
2015-05-14 10:30:00,0.20581248
2015-05-15 10:30:00,0.1993375
2015-05-16 10:30:00,0.30456248
2015-05-17 10:30:00,0.60565
2015-05-18 10:30:00,0.572575
2015-05-19 10:30:00,0.63839996
2015-05-20 10:30:00,0.2877625
2015-05-21 10:30:00,0.2920875
2015-05-22 10:30:00,0.2125125
2015-05-23 10:30:00,0.3247625
2015-05-24 10:30:00,0.3049625
2015-05-25 10:30:00,0.57731247
2015-05-26 10:30:00,0.54776245
2015-05-27 10:30:00,0.4556
2015-05-28 10:30:00,0.76426244
2015-05-29 10:30:00,0.51651245
2015-05-30 10:30:00,0.4550875
2015-05-31 10:30:00,0.48022497
2015-06-01 10:30:00,0.4107125
2015-06-02 10:30:00,0.45634997
2015-06-03 10:30:00,0.3353125
2015-06-04 10:30:00,0.58725
2015-06-05 10:30:00,0.913125
2015-06-06 10:30:00,0.79882497
2015-06-07 10:30:00,0.5474375
2015-06-08 10:30:00,0.60178745
2015-06-09 10:30:00,0.55085
2015-06-10 10:30:00,0.7831375
2015-06-11 10:30:00,0.89339995
2015-06-12 10:30:00,0.956825
2015-06-13 10:30:00,0.7847875
2015-06-14 10:30:00,0.54616255
2015-06-15 10:30:00,0.4811125
2015-06-16 10:30:00,0.54935
2015-06-17 10:30:00,0.8843125
2015-06-18 10:30:00,0.89949995
2015-06-19 10:30:00,0.7097
2015-06-20 10:30:00,0.60459995
2015-06-21 10:30:00,0.5350125
2015-06-22 10:30:00,0.6202
2015-06-23 10:30:00,0.7073
2015-06-24 10:30:00,0.803275
2015-06-25 10:30:00,0.6991125
2015-06-26 10:30:00,0.5812875
2015-06-27 10:30:00,0.6878
2015-06-28 10:30:00,0.7348375
2015-06-29 10:30:00,0.47055
2015-06-30 10:30:00,0.81387496
2015-07-01 10:30:00,0.76937497
2015-07-02 10:30:00,0.86092496
2015-07-03 10:30:00,0.67061245
2015-07-04 10:30:00,0.6661875
2015-07-05 10:30:00,0.60517496
2015-07-06 10:30:00,0.5907625
2015-07-07 10:30:00,0.6010625
2015-07-08 10:30:00,0.59064996
2015-07-09 10:30:00,0.6062625
2015-07-10 10:30:00,0.61491245
2015-07-11 10:30:00,0.6998125
2015-07-12 10:30:00,0.65987504
2015-07-13 10:30:00,0.5833875
2015-07-14 10:30:00,0.6621375
2015-07-15 10:30:00,0.79591244
2015-07-16 10:30:00,0.73981255
2015-07-17 10:30:00,0.73245
2015-07-18 10:30:00,0.65525
2015-07-19 10:30:00,0.631325
2015-07-20 10:30:00,0.91107494
2015-07-21 10:30:00,0.88796246
2015-07-22 10:30:00,0.85638744
2015-07-23 10:30:00,0.84297496
2015-07-24 10:30:00,0.7830125
2015-07-25 10:30:00,0.8389125
2015-07-26 10:30:00,0.65157497
2015-07-27 10:30:00,0.57334995
2015-07-28 10:30:00,0.6103375
2015-07-29 10:30:00,0.83695
2015-07-30 10:30:00,0.69088745
2015-07-31 10:30:00,0.6856375
2015-08-01 10:30:00,0.66552496
2015-08-02 10:30:00,0.60208744
2015-08-03 10:30:00,0.5651125
2015-08-04 10:30:00,0.62111247
2015-08-05 10:30:00,0.70226246
2015-08-06 10:30:00,0.80543745
2015-08-07 10:30:00,0.771425
2015-08-08 10:30:00,0.7668875
2015-08-09 10:30:00,0.88638747
2015-08-10 10:30:00,0.6875125
2015-08-11 10:30:00,0.73925
2015-08-12 10:30:00,0.706125
2015-08-13 10:30:00,0.6601
2015-08-14 10:30:00,0.8509375
2015-08-15 10:30:00,0.8383874
2015-08-16 10:30:00,0.83445
2015-08-17 10:30:00,0.77568746
2015-08-18 10:30:00,0.8622
2015-08-19 10:30:00,0.8246
2015-08-20 10:30:00,0.910225
2015-08-21 10:30:00,0.8237125
2015-08-22 10:30:00,0.85660005
2015-08-23 10:30:00,0.86855
2015-08-24 10:30:00,0.88135
2015-08-25 10:30:00,0.87966245
2015-08-26 10:30:00,0.78622496
2015-08-27 10:30:00,0.71086246
2015-08-28 10:30:00,0.87808746
2015-08-29 10:30:00,0.88229996
2015-08-30 10:30:00,0.90426254
2015-08-31 10:30:00,0.9371875
2015-09-01 10:30:00,0.78129995
2015-09-02 10:30:00,0.78762496
2015-09-03 10:30:00,0.6209
2015-09-04 10:30:00,0.7695125
2015-09-05 10:30:00,0.69042504
2015-09-06 10:30:00,0.6217
2015-09-07 10:30:00,0.88903743
2015-09-08 10:30:00,0.8148875
2015-09-09 10:30:00,0.58195
2015-09-10 10:30:00,0.53915
2015-09-11 10:30:00,0.556575
2015-09-12 10:30:00,0.65978754
2015-09-13 10:30:00,0.6718875
2015-09-14 10:30:00,0.55302495
2015-09-15 10:30:00,0.64959997
2015-09-16 10:30:00,0.641625
2015-09-17 10:30:00,0.8242375
2015-09-18 10:30:00,0.8241
2015-09-19 10:30:00,0.65981245
2015-09-20 10:30:00,0.66838753
2015-09-21 10:30:00,0.61405
2015-09-22 10:30:00,0.97952497
2015-09-23 10:30:00,0.7878125
2015-09-24 10:30:00,0.81021243
2015-09-25 10:30:00,0.67559993
2015-09-26 10:30:00,0.62378746
2015-09-27 10:30:00,0.5918625
2015-09-28 10:30:00,0.5609125
2015-09-29 10:30:00,0.57576245
2015-09-30 10:30:00,0.7457
2015-10-01 10:30:00,0.48596248
2015-10-02 10:30:00,0.352425
2015-10-03 10:30:00,0.39408746
2015-10-04 10:30:00,0.41787496
2015-10-05 10:30:00,0.4953375
2015-10-06 10:30:00,0.4575875
2015-10-07 10:30:00,0.4061875
2015-10-08 10:30:00,0.45059997
2015-10-09 10:30:00,0.48683748
2015-10-10 10:30:00,0.8932
2015-10-11 10:30:00,0.5614375
2015-10-12 10:30:00,0.57035
2015-10-13 10:30:00,0.58525
2015-10-14 10:30:00,0.65762496
2015-10-15 10:30:00,0.4770625
2015-10-16 10:30:00,0.38798752
2015-10-17 10:30:00,0.38462502
2015-10-18 10:30:00,0.294125
2015-10-19 10:30:00,0.296
2015-10-20 10:30:00,0.39994997
2015-10-21 10:30:00,0.33674997
2015-10-22 10:30:00,0.3446125
2015-10-23 10:30:00,0.2080875
2015-10-24 10:30:00,0.2443
2015-10-25 10:30:00,0.324575
2015-10-26 10:30:00,0.453125
2015-10-27 10:30:00,0.3714875
2015-10-28 10:30:00,0.3764375
2015-10-29 10:30:00,0.3860375
2015-10-30 10:30:00,0.38875
2015-10-31 10:30:00,0.37046248
2015-11-01 10:30:00,0.263025
2015-11-02 10:30:00,0.418275
2015-11-03 10:30:00,0.27057502
2015-11-04 10:30:00,0.33761248
2015-11-05 10:30:00,0.24374999
2015-11-06 10:30:00,0.437625
2015-11-07 10:30:00,0.42043748
2015-11-08 10:30:00,0.5255125
2015-11-09 10:30:00,0.62874997
2015-11-10 10:30:00,0.59575
2015-11-11 10:30:00,0.66902494
2015-11-12 10:30:00,0.7829
2015-11-13 10:30:00,0.79693747
2015-11-14 10:30:00,0.6286875
2015-11-15 10:30:00,0.26442498
2015-11-16 10:30:00,0.636825
2015-11-17 10:30:00,0.55875
2015-11-18 10:30:00,0.7051125
2015-11-19 10:30:00,0.6789375
2015-11-20 10:30:00,0.71985
2015-11-21 10:30:00,0.618225
2015-11-22 10:30:00,0.629825
2015-11-23 10:30:00,0.6011875
2015-11-24 10:30:00,0.62616247
2015-11-25 10:30:00,0.61628747
2015-11-26 10:30:00,0.6252
2015-11-27 10:30:00,0.7060375
2015-11-28 10:30:00,0.637425
2015-11-29 10:30:00,0.68705
2015-11-30 10:30:00,0.74123746
2015-12-01 10:30:00,0.8390875
2015-12-02 10:30:00,0.8051875
2015-12-03 10:30:00,0.58117497
2015-12-04 10:30:00,0.560125
2015-12-05 10:30:00,0.6150125
2015-12-06 10:30:00,0.7365875
2015-12-07 10:30:00,0.7499
2015-12-08 10:30:00,0.67481244
2015-12-09 10:30:00,0.77942497
2015-12-10 10:30:00,0.7155
2015-12-11 10:30:00,0.727025
2015-12-12 10:30:00,0.65025
2015-12-13 10:30:00,0.7019
2015-12-14 10:30:00,0.765325
2015-12-15 10:30:00,0.5971625
2015-12-16 10:30:00,0.5670625
2015-12-17 10:30:00,0.57708746
2015-12-18 10:30:00,0.662175
2015-12-19 10:30:00,0.6357375
2015-12-20 10:30:00,0.74995
2015-12-21 10:30:00,0.72965
2015-12-22 10:30:00,0.6705625
2015-12-23 10:30:00,0.5468
2015-12-24 10:30:00,0.62395
2015-12-25 10:30:00,0.67440003
2015-12-26 10:30:00,0.446725
2015-12-27 10:30:00,0.5100125
2015-12-28 10:30:00,0.578825
2015-12-29 10:30:00,0.77275
2015-12-30 10:30:00,0.682275
2015-12-31 10:30:00,0.692025
2016-01-01 10:30:00,0.6188875
2016-01-02 10:30:00,0.7448875
2016-01-03 10:30:00,0.59648746
2016-01-04 10:30:00,0.52095
2016-01-05 10:30:00,0.602575
2016-01-06 10:30:00,0.5254875
2016-01-07 10:30:00,0.53958744
2016-01-08 10:30:00,0.5583875
2016-01-09 10:30:00,0.5248125
2016-01-10 10:30:00,0.42419997
2016-01-11 10:30:00,0.45849997
2016-01-12 10:30:00,0.5065
2016-01-13 10:30:00,0.5273
2016-01-14 10:30:00,0.6032625
2016-01-15 10:30:00,0.70213753
2016-01-16 10:30:00,0.65037495
2016-01-17 10:30:00,0.48834997
2016-01-18 10:30:00,0.4955625
2016-01-19 10:30:00,0.53267497
2016-01-20 10:30:00,0.5952625
2016-01-21 10:30:00,0.49871248
2016-01-22 10:30:00,0.425425
2016-01-23 10:30:00,0.44737497
2016-01-24 10:30:00,0.4008875
2016-01-25 10:30:00,0.427625
2016-01-26 10:30:00,0.4572
2016-01-27 10:30:00,0.50343746
2016-01-28 10:30:00,0.39888752
2016-01-29 10:30:00,0.42814997
2016-01-30 10:30:00,0.4369875
2016-01-31 10:30:00,0.4747875
2016-02-01 10:30:00,0.4323375
2016-02-02 10:30:00,0.43221247
2016-02-03 10:30:00,0.4294625
2016-02-04 10:30:00,0.4682
2016-02-05 10:30:00,0.492225
2016-02-06 10:30:00,0.53389996
2016-02-07 10:30:00,0.533825
2016-02-08 10:30:00,0.5691375
2016-02-09 10:30:00,0.63065
2016-02-10 10:30:00,0.55123746
2016-02-11 10:30:00,0.60905
2016-02-12 10:30:00,0.3847625
2016-02-13 10:30:00,0.362425
2016-02-14 10:30:00,0.3728875
2016-02-15 10:30:00,0.47358748
2016-02-16 10:30:00,0.43625
2016-02-17 10:30:00,0.47847497
2016-02-18 10:30:00,0.45724997
2016-02-19 10:30:00,0.454875
2016-02-20 10:30:00,0.3876125
2016-02-21 10:30:00,0.3683625
2016-02-22 10:30:00,0.362975
2016-02-23 10:30:00,0.41634998
2016-02-24 10:30:00,0.41845
2016-02-25 10:30:00,0.44189999
2016-02-26 10:30:00,0.4046625
2016-02-27 10:30:00,0.39665
2016-02-28 10:30:00,0.47091252
2016-02-29 10:30:00,0.43127498
2016-03-01 10:30:00,0.45104998
2016-03-02 10:30:00,0.65905
2016-03-03 10:30:00,0.61197495
2016-03-04 10:30:00,0.73211247
2016-03-05 10:30:00,0.54487497
2016-03-06 10:30:00,0.392375
2016-03-07 10:30:00,0.38217497
2016-03-08 10:30:00,0.399925
2016-03-09 10:30:00,0.39369997
2016-03-10 10:30:00,0.43616247
2016-03-11 10:30:00,0.4155625
2016-03-12 10:30:00,0.33311248
2016-03-13 10:30:00,0.38432497
2016-03-14 10:30:00,0.43091246
2016-03-15 10:30:00,0.32032502
2016-03-16 10:30:00,0.3156375
2016-03-17 10:30:00,0.35604998
2016-03-18 10:30:00,0.561575
2016-03-19 10:30:00,0.40671247
2016-03-20 10:30:00,0.2986375
2016-03-21 10:30:00,0.6224625
2016-03-22 10:30:00,0.31348747
2016-03-23 10:30:00,0.30296248
2016-03-24 10:30:00,0.30514997
2016-03-25 10:30:00,0.2846625
2016-03-26 10:30:00,0.2774
2016-03-27 10:30:00,0.21479999
2016-03-28 10:30:00,0.25751248
2016-03-29 10:30:00,0.3996125
2016-03-30 10:30:00,0.2998125
2016-03-31 10:30:00,0.269175
2016-04-01 10:30:00,0.4353875
2016-04-02 10:30:00,0.3170875
2016-04-03 10:30:00,0.3431375
2016-04-04 10:30:00,0.33502498
2016-04-05 10:30:00,0.30232498
2016-04-06 10:30:00,0.331775
2016-04-07 10:30:00,0.1961875
2016-04-08 10:30:00,0.154725
2016-04-09 10:30:00,0.1771875
2016-04-10 10:30:00,0.27345
2016-04-11 10:30:00,0.357875
2016-04-12 10:30:00,0.2961625
2016-04-13 10:30:00,0.75723743
2016-04-14 10:30:00,0.48928747
2016-04-15 10:30:00,0.6970625
2016-04-16 10:30:00,0.8448875
2016-04-17 10:30:00,0.41818747
2016-04-18 10:30:00,0.4366375
2016-04-19 10:30:00,0.21785
2016-04-20 10:30:00,0.23082499
2016-04-21 10:30:00,0.262
2016-04-22 10:30:00,0.41236252
2016-04-23 10:30:00,0.242875
2016-04-24 10:30:00,0.4789125
2016-04-25 10:30:00,0.3337625
2016-04-26 10:30:00,0.36021248
2016-04-27 10:30:00,0.4401
2016-04-28 10:30:00,0.2924875
2016-04-29 10:30:00,0.429475
2016-04-30 10:30:00,0.49429998
2016-05-01 10:30:00,0.534225
2016-05-02 10:30:00,0.3743875
2016-05-03 10:30:00,0.268975
2016-05-04 10:30:00,0.15186249
2016-05-05 10:30:00,0.61601245
2016-05-06 10:30:00,0.5805875
2016-05-07 10:30:00,0.204175
2016-05-08 10:30:00,0.35459998
2016-05-09 10:30:00,0.32514998
2016-05-10 10:30:00,0.19195
2016-05-11 10:30:00,0.598875
2016-05-12 10:30:00,0.3752375
2016-05-13 10:30:00,0.27671248
2016-05-14 10:30:00,0.4292625
2016-05-15 10:30:00,0.2687125
2016-05-16 10:30:00,0.30392498
2016-05-17 10:30:00,0.1499625
2016-05-18 10:30:00,0.2605125
2016-05-19 10:30:00,0.253
2016-05-20 10:30:00,0.30315
2016-05-21 10:30:00,0.3032125
2016-05-22 10:30:00,0.2671375
2016-05-23 10:30:00,0.6477375
2016-05-24 10:30:00,0.8297
2016-05-25 10:30:00,0.504925
2016-05-26 10:30:00,0.33549997
2016-05-27 10:30:00,0.35716248
2016-05-28 10:30:00,0.2768375
2016-05-29 10:30:00,0.2861
2016-05-30 10:30:00,0.3979875
2016-05-31 10:30:00,0.3711125
2016-06-01 10:30:00,0.28792498
2016-06-02 10:30:00,0.3304375
2016-06-03 10:30:00,0.333525
2016-06-04 10:30:00,0.37232497
2016-06-05 10:30:00,0.39845002
2016-06-06 10:30:00,0.73620003
2016-06-07 10:30:00,0.49612498
2016-06-08 10:30:00,0.37451246
2016-06-09 10:30:00,0.66068745
2016-06-10 10:30:00,0.82497495
2016-06-11 10:30:00,0.57975
2016-06-12 10:30:00,0.6448
2016-06-13 10:30:00,0.56431246
2016-06-14 10:30:00,0.42043748
2016-06-15 10:30:00,0.6565375
2016-06-16 10:30:00,0.6355375
2016-06-17 10:30:00,0.77506244
2016-06-18 10:30:00,0.65778744
2016-06-19 10:30:00,0.60895
2016-06-20 10:30:00,0.6331375
2016-06-21 10:30:00,0.6552749
2016-06-22 10:30:00,0.803975
2016-06-23 10:30:00,0.6745375
2016-06-24 10:30:00,0.5987
2016-06-25 10:30:00,0.5421875
2016-06-26 10:30:00,0.4799625
2016-06-27 10:30:00,0.57177496
2016-06-28 10:30:00,0.7014875
2016-06-29 10:30:00,0.845625
2016-06-30 10:30:00,0.83223754
2016-07-01 10:30:00,0.55235
2016-07-02 10:30:00,0.55026245
2016-07-03 10:30:00,0.56575
2016-07-04 10:30:00,0.45494998
2016-07-05 10:30:00,0.4766625
2016-07-06 10:30:00,0.4609125
2016-07-07 10:30:00,0.44908747
2016-07-08 10:30:00,0.6473375
2016-07-09 10:30:00,0.67199993
2016-07-10 10:30:00,0.4259875
2016-07-11 10:30:00,0.56355
2016-07-12 10:30:00,0.7404
2016-07-13 10:30:00,0.5385625
2016-07-14 10:30:00,0.49139997
2016-07-15 10:30:00,0.4654375
2016-07-16 10:30:00,0.50804996
2016-07-17 10:30:00,0.5674375
2016-07-18 10:30:00,0.4161875
2016-07-19 10:30:00,0.61010003
2016-07-20 10:30:00,0.6407875
2016-07-21 10:30:00,0.65067494
2016-07-22 10:30:00,0.8955749
2016-07-23 10:30:00,0.8132125
2016-07-24 10:30:00,0.47827497
2016-07-25 10:30:00,0.72078747
2016-07-26 10:30:00,0.588125
2016-07-27 10:30:00,0.51575
2016-07-28 10:30:00,0.7237625
2016-07-29 10:30:00,0.55521244
2016-07-30 10:30:00,0.6276
2016-07-31 10:30:00,0.6944
2016-08-01 10:30:00,0.615725
2016-08-02 10:30:00,0.53824997
2016-08-03 10:30:00,0.5962375
2016-08-04 10:30:00,0.53818744
2016-08-05 10:30:00,0.6217
2016-08-06 10:30:00,0.8860125
2016-08-07 10:30:00,0.511275
2016-08-08 10:30:00,0.49392498
2016-08-09 10:30:00,0.61347497
2016-08-10 10:30:00,0.6494
2016-08-11 10:30:00,0.4448125
2016-08-12 10:30:00,0.35225
2016-08-13 10:30:00,0.43061247
2016-08-14 10:30:00,0.48068747
2016-08-15 10:30:00,0.4730875
2016-08-16 10:30:00,0.538275
2016-08-17 10:30:00,0.4786375
2016-08-18 10:30:00,0.6791875
2016-08-19 10:30:00,0.5793125
2016-08-20 10:30:00,0.755325
2016-08-21 10:30:00,0.59755
2016-08-22 10:30:00,0.60381246
2016-08-23 10:30:00,0.77067494
2016-08-24 10:30:00,0.507275
2016-08-25 10:30:00,0.3561875
2016-08-26 10:30:00,0.40096247
2016-08-27 10:30:00,0.3742875
2016-08-28 10:30:00,0.402975
2016-08-29 10:30:00,0.41402498
2016-08-30 10:30:00,0.4953625
2016-08-31 10:30:00,0.90465
2016-09-01 10:30:00,0.93573743
2016-09-02 10:30:00,0.8362875
2016-09-03 10:30:00,0.882725
2016-09-04 10:30:00,0.877
2016-09-05 10:30:00,0.8835875
2016-09-06 10:30:00,0.776125
2016-09-07 10:30:00,0.61794996
2016-09-08 10:30:00,0.7865
2016-09-09 10:30:00,0.89216244
2016-09-10 10:30:00,0.85833746
2016-09-11 10:30:00,0.7140375
2016-09-12 10:30:00,0.74856246
2016-09-13 10:30:00,0.72012496
2016-09-14 10:30:00,0.84257495
2016-09-15 10:30:00,0.526925
2016-09-16 10:30:00,0.686175
2016-09-17 10:30:00,0.601725
2016-09-18 10:30:00,0.5828
2016-09-19 10:30:00,0.49765
2016-09-20 10:30:00,0.51765
2016-09-21 10:30:00,0.5297
2016-09-22 10:30:00,0.56198746
2016-09-23 10:30:00,0.6971875
2016-09-24 10:30:00,0.64308745
2016-09-25 10:30:00,0.5391
2016-09-26 10:30:00,0.7503
2016-09-27 10:30:00,0.700275
2016-09-28 10:30:00,0.547825
2016-09-29 10:30:00,0.5803
2016-09-30 10:30:00,0.63904995
2016-10-01 10:30:00,0.51072496
2016-10-02 10:30:00,0.53449994
2016-10-03 10:30:00,0.54669994
2016-10-04 10:30:00,0.6493125
2016-10-05 10:30:00,0.4622375
2016-10-06 10:30:00,0.4238
2016-10-07 10:30:00,0.8416625
2016-10-08 10:30:00,0.6292875
2016-10-09 10:30:00,0.56075
2016-10-10 10:30:00,0.4940375
2016-10-11 10:30:00,0.458925
2016-10-12 10:30:00,0.532
2016-10-13 10:30:00,0.55276245
2016-10-14 10:30:00,0.6522
2016-10-15 10:30:00,0.5534
2016-10-16 10:30:00,0.5730875
2016-10-17 10:30:00,0.4776
2016-10-18 10:30:00,0.4801625
2016-10-19 10:30:00,0.63053745
2016-10-20 10:30:00,0.37112498
2016-10-21 10:30:00,0.7653375
2016-10-22 10:30:00,0.527475
2016-10-23 10:30:00,0.48401248
2016-10-24 10:30:00,0.50245
2016-10-25 10:30:00,0.5694625
2016-10-26 10:30:00,0.454375
2016-10-27 10:30:00,0.4435625
2016-10-28 10:30:00,0.39291248
2016-10-29 10:30:00,0.4087
2016-10-30 10:30:00,0.3795375
2016-10-31 10:30:00,0.34265
2016-11-01 10:30:00,0.34502497
2016-11-02 10:30:00,0.37131247
2016-11-03 10:30:00,0.5094625
2016-11-04 10:30:00,0.761025
2016-11-05 10:30:00,0.5905375
2016-11-06 10:30:00,0.66999996
2016-11-07 10:30:00,0.6228625
2016-11-08 10:30:00,0.565675
2016-11-09 10:30:00,0.6207375
2016-11-10 10:30:00,0.77755
2016-11-11 10:30:00,0.5857
2016-11-12 10:30:00,0.62263745
2016-11-13 10:30:00,0.7684125
2016-11-14 10:30:00,0.5535375
2016-11-15 10:30:00,0.66316247
2016-11-16 10:30:00,0.74815
2016-11-17 10:30:00,0.6911875
2016-11-18 10:30:00,0.758
2016-11-19 10:30:00,0.60235
2016-11-20 10:30:00,0.4817
2016-11-21 10:30:00,0.4921375
2016-11-22 10:30:00,0.56135
2016-11-23 10:30:00,0.5101375
2016-11-24 10:30:00,0.6126625
2016-11-25 10:30:00,0.66082495
2016-11-26 10:30:00,0.654075
2016-11-27 10:30:00,0.567325
2016-11-28 10:30:00,0.56435
2016-11-29 10:30:00,0.62175
2016-11-30 10:30:00,0.5504625
2016-12-01 10:30:00,0.53293747
2016-12-02 10:30:00,0.63193744
2016-12-03 10:30:00,0.4647375
2016-12-04 10:30:00,0.41877496
2016-12-05 10:30:00,0.559475
2016-12-06 10:30:00,0.67281246
2016-12-07 10:30:00,0.6075375
2016-12-08 10:30:00,0.597175
2016-12-09 10:30:00,0.4879
2016-12-10 10:30:00,0.5923375
2016-12-11 10:30:00,0.6207125
2016-12-12 10:30:00,0.489275
2016-12-13 10:30:00,0.45721248
2016-12-14 10:30:00,0.4788375
2016-12-15 10:30:00,0.4660875
2016-12-16 10:30:00,0.6158125
2016-12-17 10:30:00,0.461175
2016-12-18 10:30:00,0.6221125
2016-12-19 10:30:00,0.6326
2016-12-20 10:30:00,0.64028746
2016-12-21 10:30:00,0.61912495
2016-12-22 10:30:00,0.4224625
2016-12-23 10:30:00,0.52753747
2016-12-24 10:30:00,0.628375
2016-12-25 10:30:00,0.482725
2016-12-26 10:30:00,0.3829125
2016-12-27 10:30:00,0.4927875
2016-12-28 10:30:00,0.4480125
2016-12-29 10:30:00,0.44327497
2016-12-30 10:30:00,0.47187498
2016-12-31 10:30:00,0.5074875
2017-01-01 10:30:00,0.5851125
2017-01-02 10:30:00,0.5503
2017-01-03 10:30:00,0.504475
2017-01-04 10:30:00,0.611525
2017-01-05 10:30:00,0.5468
2017-01-06 10:30:00,0.5858375
2017-01-07 10:30:00,0.62364995
2017-01-08 10:30:00,0.44527498
2017-01-09 10:30:00,0.3618125
2017-01-10 10:30:00,0.41275
2017-01-11 10:30:00,0.4369625
2017-01-12 10:30:00,0.3562625
2017-01-13 10:30:00,0.43827498
2017-01-14 10:30:00,0.51124996
2017-01-15 10:30:00,0.4458625
2017-01-16 10:30:00,0.57425
2017-01-17 10:30:00,0.6060625
2017-01-18 10:30:00,0.489225
2017-01-19 10:30:00,0.4788
2017-01-20 10:30:00,0.4759875
2017-01-21 10:30:00,0.61097497
2017-01-22 10:30:00,0.4726625
2017-01-23 10:30:00,0.45845
2017-01-24 10:30:00,0.4759375
2017-01-25 10:30:00,0.49721247
2017-01-26 10:30:00,0.41979998
2017-01-27 10:30:00,0.4680625
2017-01-28 10:30:00,0.4924375
2017-01-29 10:30:00,0.4041375
2017-01-30 10:30:00,0.37777498
2017-01-31 10:30:00,0.3280125
2017-02-01 10:30:00,0.3447625
2017-02-02 10:30:00,0.38388747
2017-02-03 10:30:00,0.44048747
2017-02-04 10:30:00,0.48643747
2017-02-05 10:30:00,0.48833752
2017-02-06 10:30:00,0.42059997
2017-02-07 10:30:00,0.4738875
2017-02-08 10:30:00,0.40682498
2017-02-09 10:30:00,0.40565
2017-02-10 10:30:00,0.40635
2017-02-11 10:30:00,0.38947502
2017-02-12 10:30:00,0.4162625
2017-02-13 10:30:00,0.42904997
2017-02-14 10:30:00,0.41357496
2017-02-15 10:30:00,0.43511248
2017-02-16 10:30:00,0.32364997
2017-02-17 10:30:00,0.27785
2017-02-18 10:30:00,0.2664875
2017-02-19 10:30:00,0.5588125
2017-02-20 10:30:00,0.3858375
2017-02-21 10:30:00,0.527775
2017-02-22 10:30:00,0.38622501
2017-02-23 10:30:00,0.41248748
2017-02-24 10:30:00,0.5313625
2017-02-25 10:30:00,0.48017496
2017-02-26 10:30:00,0.5276375
2017-02-27 10:30:00,0.45174998
2017-02-28 10:30:00,0.37635
2017-03-01 10:30:00,0.33830002
2017-03-02 10:30:00,0.41799998
2017-03-03 10:30:00,0.4375375
2017-03-04 10:30:00,0.4613375
2017-03-05 10:30:00,0.357075
2017-03-06 10:30:00,0.3692625
2017-03-07 10:30:00,0.36595002
2017-03-08 10:30:00,0.35325
2017-03-09 10:30:00,0.37777498
2017-03-10 10:30:00,0.3199875
2017-03-11 10:30:00,0.37865
2017-03-12 10:30:00,0.277275
2017-03-13 10:30:00,0.35523748
2017-03-14 10:30:00,0.38138747
2017-03-15 10:30:00,0.34864998
2017-03-16 10:30:00,0.3089375
2017-03-17 10:30:00,0.37772498
2017-03-18 10:30:00,0.27715
2017-03-19 10:30:00,0.2775375
2017-03-20 10:30:00,0.3752875
2017-03-21 10:30:00,0.32073748
2017-03-22 10:30:00,0.30545
2017-03-23 10:30:00,0.3242625
2017-03-24 10:30:00,0.2814375
2017-03-25 10:30:00,0.2991875
2017-03-26 10:30:00,0.35909998
2017-03-27 10:30:00,0.3714125
2017-03-28 10:30:00,0.3453125
2017-03-29 10:30:00,0.51544994
2017-03-30 10:30:00,0.3937625
2017-03-31 10:30:00,0.28649998
2017-04-01 10:30:00,0.28053752
2017-04-02 10:30:00,0.2286375
2017-04-03 10:30:00,0.2103875
2017-04-04 10:30:00,0.24942501
2017-04-05 10:30:00,0.29375
2017-04-06 10:30:00,0.3336875
2017-04-07 10:30:00,0.34463748
2017-04-08 10:30:00,0.1984125
2017-04-09 10:30:00,0.16155
2017-04-10 10:30:00,0.1458875
2017-04-11 10:30:00,0.1593625
2017-04-12 10:30:00,0.15878749
2017-04-13 10:30:00,0.17729999
2017-04-14 10:30:00,0.1723
2017-04-15 10:30:00,0.1243875
2017-04-16 10:30:00,0.22784999
2017-04-17 10:30:00,0.38939998
2017-04-18 10:30:00,0.38283747
2017-04-19 10:30:00,0.2897125
2017-04-20 10:30:00,0.28841248
2017-04-21 10:30:00,0.170275
2017-04-22 10:30:00,0.23341249
2017-04-23 10:30:00,0.3458125
2017-04-24 10:30:00,0.5866625
2017-04-25 10:30:00,0.56238747
2017-04-26 10:30:00,0.3807125
2017-04-27 10:30:00,0.2796625
2017-04-28 10:30:00,0.204525
2017-04-29 10:30:00,0.19934998
2017-04-30 10:30:00,0.25417498
2017-05-01 10:30:00,0.1792875
2017-05-02 10:30:00,0.18317498
2017-05-03 10:30:00,0.3531125
2017-05-04 10:30:00,0.23386249
2017-05-05 10:30:00,0.527975
2017-05-06 10:30:00,0.2279875
2017-05-07 10:30:00,0.3809875
2017-05-08 10:30:00,0.26128748
2017-05-09 10:30:00,0.21007499
2017-05-10 10:30:00,0.3963375
2017-05-11 10:30:00,0.40236247
2017-05-12 10:30:00,0.33639997
2017-05-13 10:30:00,0.49044997
2017-05-14 10:30:00,0.48845
2017-05-15 10:30:00,0.28213748
2017-05-16 10:30:00,0.295775
2017-05-17 10:30:00,0.2874625
2017-05-18 10:30:00,0.13815
2017-05-19 10:30:00,0.2024875
2017-05-20 10:30:00,0.4902375
2017-05-21 10:30:00,0.8179875
2017-05-22 10:30:00,0.6065125
2017-05-23 10:30:00,0.357125
2017-05-24 10:30:00,0.44483748
2017-05-25 10:30:00,0.2875875
2017-05-26 10:30:00,0.278175
2017-05-27 10:30:00,0.27665
2017-05-28 10:30:00,0.17503749
2017-05-29 10:30:00,0.1791375
2017-05-30 10:30:00,0.16817501
2017-05-31 10:30:00,0.270125
2017-06-01 10:30:00,0.40888748
2017-06-02 10:30:00,0.49862498
2017-06-03 10:30:00,0.43906248
2017-06-04 10:30:00,0.3361875
2017-06-05 10:30:00,0.23711249
2017-06-06 10:30:00,0.53295
2017-06-07 10:30:00,0.389825
2017-06-08 10:30:00,0.33490002
2017-06-09 10:30:00,0.2701
2017-06-10 10:30:00,0.423475
2017-06-11 10:30:00,0.47016248
2017-06-12 10:30:00,0.4024375
2017-06-13 10:30:00,0.2442125
2017-06-14 10:30:00,0.24087499
2017-06-15 10:30:00,0.4392
2017-06-16 10:30:00,0.434225
2017-06-17 10:30:00,0.4847
2017-06-18 10:30:00,0.47555
2017-06-19 10:30:00,0.4950375
2017-06-20 10:30:00,0.66755
2017-06-21 10:30:00,0.7100499
2017-06-22 10:30:00,0.427
2017-06-23 10:30:00,0.4140625
2017-06-24 10:30:00,0.37561247
2017-06-25 10:30:00,0.48323748
2017-06-26 10:30:00,0.45479998
2017-06-27 10:30:00,0.470825
2017-06-28 10:30:00,0.44765
2017-06-29 10:30:00,0.5606625
2017-06-30 10:30:00,0.6224625
2017-07-01 10:30:00,0.6168875
2017-07-02 10:30:00,0.747875
2017-07-03 10:30:00,0.5614
2017-07-04 10:30:00,0.4258625
2017-07-05 10:30:00,0.46166247
2017-07-06 10:30:00,0.64795
2017-07-07 10:30:00,0.70665
2017-07-08 10:30:00,0.8030625
2017-07-09 10:30:00,0.63357496
2017-07-10 10:30:00,0.66199994
2017-07-11 10:30:00,0.4725875
2017-07-12 10:30:00,0.45064998
2017-07-13 10:30:00,0.3811375
2017-07-14 10:30:00,0.353525
2017-07-15 10:30:00,0.493525
2017-07-16 10:30:00,0.39744997
2017-07-17 10:30:00,0.482125
2017-07-18 10:30:00,0.41465
2017-07-19 10:30:00,0.43509996
2017-07-20 10:30:00,0.774925
2017-07-21 10:30:00,0.53534997
2017-07-22 10:30:00,0.468125
2017-07-23 10:30:00,0.5754125
2017-07-24 10:30:00,0.37167498
2017-07-25 10:30:00,0.33775002
2017-07-26 10:30:00,0.8753125
2017-07-27 10:30:00,0.6872125
2017-07-28 10:30:00,0.5639375
2017-07-29 10:30:00,0.5841875
2017-07-30 10:30:00,0.7515625
2017-07-31 10:30:00,0.672275
2017-08-01 10:30:00,0.8236875
2017-08-02 10:30:00,0.764825
2017-08-03 10:30:00,0.831
2017-08-04 10:30:00,0.76129997
2017-08-05 10:30:00,0.71271247
2017-08-06 10:30:00,0.80521244
2017-08-07 10:30:00,0.80485
2017-08-08 10:30:00,0.75025
2017-08-09 10:30:00,0.80113745
2017-08-10 10:30:00,0.7781125
2017-08-11 10:30:00,0.7939625
2017-08-12 10:30:00,0.74631244
2017-08-13 10:30:00,0.794675
2017-08-14 10:30:00,0.81131244
2017-08-15 10:30:00,0.7818875
2017-08-16 10:30:00,0.82863754
2017-08-17 10:30:00,0.7807125
2017-08-18 10:30:00,0.71357495
2017-08-19 10:30:00,0.73636246
2017-08-20 10:30:00,0.7194625
2017-08-21 10:30:00,0.5972
2017-08-22 10:30:00,0.5634125
2017-08-23 10:30:00,0.5553625
2017-08-24 10:30:00,0.459575
2017-08-25 10:30:00,0.45358747
2017-08-26 10:30:00,0.546425
2017-08-27 10:30:00,0.48599997
2017-08-28 10:30:00,0.330775
2017-08-29 10:30:00,0.314925
2017-08-30 10:30:00,0.44305
2017-08-31 10:30:00,0.47877496
2017-09-01 10:30:00,0.62998754
2017-09-02 10:30:00,0.60445
2017-09-03 10:30:00,0.93448746
2017-09-04 10:30:00,0.73513746
2017-09-05 10:30:00,0.6940125
2017-09-06 10:30:00,0.44544998
2017-09-07 10:30:00,0.501425
2017-09-08 10:30:00,0.59244996
2017-09-09 10:30:00,0.623975
2017-09-10 10:30:00,0.6562
2017-09-11 10:30:00,0.373
2017-09-12 10:30:00,0.5261625
2017-09-13 10:30:00,0.532275
2017-09-14 10:30:00,0.631975
2017-09-15 10:30:00,0.856975
2017-09-16 10:30:00,0.75723743
2017-09-17 10:30:00,0.72128755
2017-09-18 10:30:00,0.5974625
2017-09-19 10:30:00,0.6483375
2017-09-20 10:30:00,0.6528375
2017-09-21 10:30:00,0.48999998
2017-09-22 10:30:00,0.4517125
2017-09-23 10:30:00,0.37592497
2017-09-24 10:30:00,0.461975
2017-09-25 10:30:00,0.54671246
2017-09-26 10:30:00,0.33165
2017-09-27 10:30:00,0.28935
2017-09-28 10:30:00,0.31432498
2017-09-29 10:30:00,0.30116248
2017-09-30 10:30:00,0.2961625
2017-10-01 10:30:00,0.2867125
2017-10-02 10:30:00,0.24602501
2017-10-03 10:30:00,0.297925
2017-10-04 10:30:00,0.303675
2017-10-05 10:30:00,0.41367498
2017-10-06 10:30:00,0.43612498
2017-10-07 10:30:00,0.55786246
2017-10-08 10:30:00,0.83945
2017-10-09 10:30:00,0.69393754
2017-10-10 10:30:00,0.5389875
2017-10-11 10:30:00,0.53055
2017-10-12 10:30:00,0.492525
2017-10-13 10:30:00,0.35994998
2017-10-14 10:30:00,0.3689875
2017-10-15 10:30:00,0.524525
2017-10-16 10:30:00,0.3054125
2017-10-17 10:30:00,0.277575
2017-10-18 10:30:00,0.3162375
2017-10-19 10:30:00,0.41898748
2017-10-20 10:30:00,0.38662502
2017-10-21 10:30:00,0.37662497
2017-10-22 10:30:00,0.3527875
2017-10-23 10:30:00,0.343175
2017-10-24 10:30:00,0.36069998
2017-10-25 10:30:00,0.3254375
2017-10-26 10:30:00,0.42924997
2017-10-27 10:30:00,0.49068746
2017-10-28 10:30:00,0.35811248
2017-10-29 10:30:00,0.31931248
2017-10-30 10:30:00,0.2527625
2017-10-31 10:30:00,0.2692625
2017-11-01 10:30:00,0.34425
2017-11-02 10:30:00,0.373525
2017-11-03 10:30:00,0.325825
2017-11-04 10:30:00,0.35529998
2017-11-05 10:30:00,0.30374998
2017-11-06 10:30:00,0.47752497
2017-11-07 10:30:00,0.81563747
2017-11-08 10:30:00,0.6386875
2017-11-09 10:30:00,0.63224995
2017-11-10 10:30:00,0.481675
2017-11-11 10:30:00,0.44512498
2017-11-12 10:30:00,0.471
2017-11-13 10:30:00,0.4471625
2017-11-14 10:30:00,0.4582375
2017-11-15 10:30:00,0.4245375
2017-11-16 10:30:00,0.4184
2017-11-17 10:30:00,0.385325
2017-11-18 10:30:00,0.447
2017-11-19 10:30:00,0.521925
2017-11-20 10:30:00,0.5130875
2017-11-21 10:30:00,0.450275
2017-11-22 10:30:00,0.45549998
2017-11-23 10:30:00,0.39188752
2017-11-24 10:30:00,0.47709998
2017-11-25 10:30:00,0.450775
2017-11-26 10:30:00,0.38828748
2017-11-27 10:30:00,0.37211248
2017-11-28 10:30:00,0.3095375
2017-11-29 10:30:00,0.30616248
2017-11-30 10:30:00,0.420575
2017-12-01 10:30:00,0.48416248
2017-12-02 10:30:00,0.60526246
2017-12-03 10:30:00,0.47147498
2017-12-04 10:30:00,0.457775
2017-12-05 10:30:00,0.624725
2017-12-06 10:30:00,0.569425
2017-12-07 10:30:00,0.469025
2017-12-08 10:30:00,0.55833745
2017-12-09 10:30:00,0.642025
2017-12-10 10:30:00,0.5226875
2017-12-11 10:30:00,0.4252375
2017-12-12 10:30:00,0.4225875
2017-12-13 10:30:00,0.4101625
2017-12-14 10:30:00,0.42017502
2017-12-15 10:30:00,0.4316875
2017-12-16 10:30:00,0.42333746
2017-12-17 10:30:00,0.5013
2017-12-18 10:30:00,0.447975
2017-12-19 10:30:00,0.51871246
2017-12-20 10:30:00,0.5578375
2017-12-21 10:30:00,0.4412625
2017-12-22 10:30:00,0.4157125
2017-12-23 10:30:00,0.425625
2017-12-24 10:30:00,0.46066248
2017-12-25 10:30:00,0.4036375
2017-12-26 10:30:00,0.3127
2017-12-27 10:30:00,0.3740375
2017-12-28 10:30:00,0.55715
2017-12-29 10:30:00,0.46061248
2017-12-30 10:30:00,0.5209
2017-12-31 10:30:00,0.5693875
2018-01-01 10:30:00,0.41756248
2018-01-02 10:30:00,0.4639375
2018-01-03 10:30:00,0.43975
2018-01-04 10:30:00,0.3660875
2018-01-05 10:30:00,0.4483
2018-01-06 10:30:00,0.3949875
2018-01-07 10:30:00,0.4159625
2018-01-08 10:30:00,0.577975
2018-01-09 10:30:00,0.4934875
2018-01-10 10:30:00,0.35505
2018-01-11 10:30:00,0.3387625
2018-01-12 10:30:00,0.5901875
2018-01-13 10:30:00,0.60244995
2018-01-14 10:30:00,0.50049996
2018-01-15 10:30:00,0.564175
2018-01-16 10:30:00,0.67345
2018-01-17 10:30:00,0.5586875
2018-01-18 10:30:00,0.53975
2018-01-19 10:30:00,0.37167498
2018-01-20 10:30:00,0.3773125
2018-01-21 10:30:00,0.35518748
2018-01-22 10:30:00,0.356625
2018-01-23 10:30:00,0.358075
2018-01-24 10:30:00,0.39096248
2018-01-25 10:30:00,0.348725
2018-01-26 10:30:00,0.3325375
2018-01-27 10:30:00,0.3317875
2018-01-28 10:30:00,0.4008375
2018-01-29 10:30:00,0.45128748
2018-01-30 10:30:00,0.42934996
2018-01-31 10:30:00,0.4673
2018-02-01 10:30:00,0.4312625
2018-02-02 10:30:00,0.48443747
2018-02-03 10:30:00,0.44122496
2018-02-04 10:30:00,0.43236247
2018-02-05 10:30:00,0.39151248
2018-02-06 10:30:00,0.4027375
2018-02-07 10:30:00,0.412825
2018-02-08 10:30:00,0.38869998
2018-02-09 10:30:00,0.35698748
2018-02-10 10:30:00,0.34021252
2018-02-11 10:30:00,0.3430875
2018-02-12 10:30:00,0.359725
2018-02-13 10:30:00,0.396925
2018-02-14 10:30:00,0.361525
2018-02-15 10:30:00,0.37435
2018-02-16 10:30:00,0.30372497
2018-02-17 10:30:00,0.28487498
2018-02-18 10:30:00,0.3236375
2018-02-19 10:30:00,0.356575
2018-02-20 10:30:00,0.3843125
2018-02-21 10:30:00,0.43915
2018-02-22 10:30:00,0.43825
2018-02-23 10:30:00,0.32459998
2018-02-24 10:30:00,0.3063375
2018-02-25 10:30:00,0.44595
2018-02-26 10:30:00,0.58857495
2018-02-27 10:30:00,0.4955625
2018-02-28 10:30:00,0.68932503
2018-03-01 10:30:00,0.42305
2018-03-02 10:30:00,0.39114997
2018-03-03 10:30:00,0.5396375
2018-03-04 10:30:00,0.35097498
2018-03-05 10:30:00,0.32169998
2018-03-06 10:30:00,0.35467497
2018-03-07 10:30:00,0.45866248
2018-03-08 10:30:00,0.36581248
2018-03-09 10:30:00,0.55815
2018-03-10 10:30:00,0.5543875
2018-03-11 10:30:00,0.4486875
2018-03-12 10:30:00,0.45685
2018-03-13 10:30:00,0.5685875
2018-03-14 10:30:00,0.710025
2018-03-15 10:30:00,0.3470375
2018-03-16 10:30:00,0.2783875
2018-03-17 10:30:00,0.325025
2018-03-18 10:30:00,0.290175
2018-03-19 10:30:00,0.29075
2018-03-20 10:30:00,0.28751248
2018-03-21 10:30:00,0.30555
2018-03-22 10:30:00,0.257775
2018-03-23 10:30:00,0.23833749
2018-03-24 10:30:00,0.2421625
2018-03-25 10:30:00,0.2556125
2018-03-26 10:30:00,0.258475
2018-03-27 10:30:00,0.2866
2018-03-28 10:30:00,0.2287
2018-03-29 10:30:00,0.21249999
2018-03-30 10:30:00,0.427475
2018-03-31 10:30:00,0.57441247
2018-04-01 10:30:00,0.289825
2018-04-02 10:30:00,0.16637501
2018-04-03 10:30:00,0.153325
2018-04-04 10:30:00,0.1296
2018-04-05 10:30:00,0.3037125
2018-04-06 10:30:00,0.18459998
2018-04-07 10:30:00,0.1505875
2018-04-08 10:30:00,0.19966249
2018-04-09 10:30:00,0.2541875
2018-04-10 10:30:00,0.5101875
2018-04-11 10:30:00,0.2254375
2018-04-12 10:30:00,0.23091249
2018-04-13 10:30:00,0.74191254
2018-04-14 10:30:00,0.73660004
2018-04-15 10:30:00,0.3147625
2018-04-16 10:30:00,0.187675
2018-04-17 10:30:00,0.26206252
2018-04-18 10:30:00,0.40586248
2018-04-19 10:30:00,0.3265
2018-04-20 10:30:00,0.72318745
2018-04-21 10:30:00,0.556925
2018-04-22 10:30:00,0.398825
2018-04-23 10:30:00,0.377425
2018-04-24 10:30:00,0.27317497
2018-04-25 10:30:00,0.22895
2018-04-26 10:30:00,0.2835125
2018-04-27 10:30:00,0.21803749
2018-04-28 10:30:00,0.330225
2018-04-29 10:30:00,0.38918748
2018-04-30 10:30:00,0.38923752
2018-05-01 10:30:00,0.4757875
2018-05-02 10:30:00,0.3304125
2018-05-03 10:30:00,0.25349998
2018-05-04 10:30:00,0.209125
2018-05-05 10:30:00,0.147675
2018-05-06 10:30:00,0.25942498
2018-05-07 10:30:00,0.390125
2018-05-08 10:30:00,0.3776125
2018-05-09 10:30:00,0.24464999
2018-05-10 10:30:00,0.3133375
2018-05-11 10:30:00,0.3350875
2018-05-12 10:30:00,0.36796248
2018-05-13 10:30:00,0.45949998
2018-05-14 10:30:00,0.2451125
2018-05-15 10:30:00,0.613925
2018-05-16 10:30:00,0.60921246
2018-05-17 10:30:00,0.38962498
2018-05-18 10:30:00,0.3209875
2018-05-19 10:30:00,0.2181
2018-05-20 10:30:00,0.49299997
2018-05-21 10:30:00,0.48217496
2018-05-22 10:30:00,0.65137494
2018-05-23 10:30:00,0.44207498
2018-05-24 10:30:00,0.49807498
2018-05-25 10:30:00,0.35272497
2018-05-26 10:30:00,0.49634996
2018-05-27 10:30:00,0.7220375
2018-05-28 10:30:00,0.79461247
2018-05-29 10:30:00,0.8711625
2018-05-30 10:30:00,0.52528745
2018-05-31 10:30:00,0.392625
2018-06-01 10:30:00,0.18933749
2018-06-02 10:30:00,0.15505
2018-06-03 10:30:00,0.3008875
2018-06-04 10:30:00,0.53916246
2018-06-05 10:30:00,0.41892502
2018-06-06 10:30:00,0.48418748
2018-06-07 10:30:00,0.4430625
2018-06-08 10:30:00,0.4460125
2018-06-09 10:30:00,0.57509995
2018-06-10 10:30:00,0.57509995
2018-06-11 10:30:00,0.7072375
2018-06-12 10:30:00,0.7863749
2018-06-13 10:30:00,0.742975
2018-06-14 10:30:00,0.73972493
2018-06-15 10:30:00,0.77445
2018-06-16 10:30:00,0.532175
2018-06-17 10:30:00,0.470525
2018-06-18 10:30:00,0.758425
2018-06-19 10:30:00,0.5006625
2018-06-20 10:30:00,0.53195
2018-06-21 10:30:00,0.41483748
2018-06-22 10:30:00,0.4691375
2018-06-23 10:30:00,0.460825
2018-06-24 10:30:00,0.668325
2018-06-25 10:30:00,0.848
2018-06-26 10:30:00,0.84499997
2018-06-27 10:30:00,0.760825
2018-06-28 10:30:00,0.564575
2018-06-29 10:30:00,0.53125
2018-06-30 10:30:00,0.5452
2018-07-01 10:30:00,0.5494875
2018-07-02 10:30:00,0.59793746
2018-07-03 10:30:00,0.6940125
2018-07-04 10:30:00,0.9443
2018-07-05 10:30:00,0.8601125
2018-07-06 10:30:00,0.7751375
2018-07-07 10:30:00,0.944075
2018-07-08 10:30:00,0.7487625
2018-07-09 10:30:00,0.616175
2018-07-10 10:30:00,0.79975
2018-07-11 10:30:00,0.8690124
2018-07-12 10:30:00,0.68051255
2018-07-13 10:30:00,0.594225
2018-07-14 10:30:00,0.5843375
2018-07-15 10:30:00,0.58765
2018-07-16 10:30:00,0.92246246
2018-07-17 10:30:00,0.909325
2018-07-18 10:30:00,0.8233875
2018-07-19 10:30:00,0.73841244
2018-07-20 10:30:00,0.89619994
2018-07-21 10:30:00,0.919975
2018-07-22 10:30:00,0.72275
2018-07-23 10:30:00,0.679275
2018-07-24 10:30:00,0.8839125
2018-07-25 10:30:00,0.83797497
2018-07-26 10:30:00,0.7385875
2018-07-27 10:30:00,0.7900875
2018-07-28 10:30:00,0.76164997
2018-07-29 10:30:00,0.7028875
2018-07-30 10:30:00,0.859225
2018-07-31 10:30:00,0.5930125
2018-08-01 10:30:00,0.6515125
2018-08-02 10:30:00,0.70427495
2018-08-03 10:30:00,0.7904625
2018-08-04 10:30:00,0.89208746
2018-08-05 10:30:00,0.7460125
2018-08-06 10:30:00,0.806525
2018-08-07 10:30:00,0.82946247
2018-08-08 10:30:00,0.6868
2018-08-09 10:30:00,0.590325
2018-08-10 10:30:00,0.6189875
2018-08-11 10:30:00,0.82726246
2018-08-12 10:30:00,0.8225125
2018-08-13 10:30:00,0.9443
2018-08-14 10:30:00,0.91911244
2018-08-15 10:30:00,0.795875
2018-08-16 10:30:00,0.7233125
2018-08-17 10:30:00,0.76888746
2018-08-18 10:30:00,0.591625
2018-08-19 10:30:00,0.65468746
2018-08-20 10:30:00,0.74083745
2018-08-21 10:30:00,0.568125
2018-08-22 10:30:00,0.641425
2018-08-23 10:30:00,0.6927625
2018-08-24 10:30:00,0.70481247
2018-08-25 10:30:00,0.92697495
2018-08-26 10:30:00,0.7748
2018-08-27 10:30:00,0.73245
2018-08-28 10:30:00,0.95418745
2018-08-29 10:30:00,0.8363624
2018-08-30 10:30:00,0.86382496
2018-08-31 10:30:00,0.72739995
2018-09-01 10:30:00,0.72478753
2018-09-02 10:30:00,0.86544997
2018-09-03 10:30:00,0.673175
2018-09-04 10:30:00,0.58832496
2018-09-05 10:30:00,0.65978754
2018-09-06 10:30:00,0.45924997
2018-09-07 10:30:00,0.618
2018-09-08 10:30:00,0.56163746
2018-09-09 10:30:00,0.668875
2018-09-10 10:30:00,0.6950875
2018-09-11 10:30:00,0.64316255
2018-09-12 10:30:00,0.54715
2018-09-13 10:30:00,0.47423747
2018-09-14 10:30:00,0.60415
2018-09-15 10:30:00,0.43400002
2018-09-16 10:30:00,0.463725
2018-09-17 10:30:00,0.4937875
2018-09-18 10:30:00,0.58822495
2018-09-19 10:30:00,0.595225
2018-09-20 10:30:00,0.5387625
2018-09-21 10:30:00,0.5789875
2018-09-22 10:30:00,0.6397875
2018-09-23 10:30:00,0.6803375
2018-09-24 10:30:00,0.52365
2018-09-25 10:30:00,0.517275
2018-09-26 10:30:00,0.52381253
2018-09-27 10:30:00,0.47709998
2018-09-28 10:30:00,0.6972875
2018-09-29 10:30:00,0.9718625
2018-09-30 10:30:00,0.9663624
2018-10-01 10:30:00,0.52135
2018-10-02 10:30:00,0.5567375
2018-10-03 10:30:00,0.6289125
2018-10-04 10:30:00,0.52617496
2018-10-05 10:30:00,0.3450875
2018-10-06 10:30:00,0.41878748
2018-10-07 10:30:00,0.5320375
2018-10-08 10:30:00,0.45343748
2018-10-09 10:30:00,0.5315125
2018-10-10 10:30:00,0.5582375
2018-10-11 10:30:00,0.47588748
2018-10-12 10:30:00,0.39669997
2018-10-13 10:30:00,0.3219125
2018-10-14 10:30:00,0.39174998
2018-10-15 10:30:00,0.33915
2018-10-16 10:30:00,0.3805875
2018-10-17 10:30:00,0.42924997
2018-10-18 10:30:00,0.3124625
2018-10-19 10:30:00,0.3514875
2018-10-20 10:30:00,0.3025625
2018-10-21 10:30:00,0.4187125
2018-10-22 10:30:00,0.369475
2018-10-23 10:30:00,0.52648747
2018-10-24 10:30:00,0.45186248
2018-10-25 10:30:00,0.733375
2018-10-26 10:30:00,0.5535
2018-10-27 10:30:00,0.32994998
2018-10-28 10:30:00,0.37307498
2018-10-29 10:30:00,0.4750875
2018-10-30 10:30:00,0.4614375
2018-10-31 10:30:00,0.3936375
2018-11-01 10:30:00,0.47271246
2018-11-02 10:30:00,0.34026247
2018-11-03 10:30:00,0.46607497
2018-11-04 10:30:00,0.4118
2018-11-05 10:30:00,0.43787497
2018-11-06 10:30:00,0.384425
2018-11-07 10:30:00,0.4121625
2018-11-08 10:30:00,0.5502
2018-11-09 10:30:00,0.47347498
2018-11-10 10:30:00,0.3697375
2018-11-11 10:30:00,0.506875
2018-11-12 10:30:00,0.58568746
2018-11-13 10:30:00,0.529775
2018-11-14 10:30:00,0.54284996
2018-11-15 10:30:00,0.3143125
2018-11-16 10:30:00,0.33068746
2018-11-17 10:30:00,0.46156248
2018-11-18 10:30:00,0.45603746
2018-11-19 10:30:00,0.42305
2018-11-20 10:30:00,0.3741
2018-11-21 10:30:00,0.30938748
2018-11-22 10:30:00,0.403525
2018-11-23 10:30:00,0.34722498
2018-11-24 10:30:00,0.325925
2018-11-25 10:30:00,0.319325
2018-11-26 10:30:00,0.2361
2018-11-27 10:30:00,0.259675
2018-11-28 10:30:00,0.312675
2018-11-29 10:30:00,0.3126625
2018-11-30 10:30:00,0.33581248
2018-12-01 10:30:00,0.3035375
2018-12-02 10:30:00,0.29633752
2018-12-03 10:30:00,0.2856875
2018-12-04 10:30:00,0.297975
2018-12-05 10:30:00,0.32279998
2018-12-06 10:30:00,0.3041625
2018-12-07 10:30:00,0.3019
2018-12-08 10:30:00,0.3080875
2018-12-09 10:30:00,0.43296248
2018-12-10 10:30:00,0.5100625
2018-12-11 10:30:00,0.44747502
2018-12-12 10:30:00,0.59921247
2018-12-13 10:30:00,0.46976247
2018-12-14 10:30:00,0.49091247
2018-12-15 10:30:00,0.3764375
2018-12-16 10:30:00,0.4430625
2018-12-17 10:30:00,0.4262125
2018-12-18 10:30:00,0.50058746
2018-12-19 10:30:00,0.49330002
2018-12-20 10:30:00,0.5922375
2018-12-21 10:30:00,0.5709875
2018-12-22 10:30:00,0.314125
2018-12-23 10:30:00,0.2957875
2018-12-24 10:30:00,0.34146246
2018-12-25 10:30:00,0.261725
2018-12-26 10:30:00,0.2891125
2018-12-27 10:30:00,0.29455
2018-12-28 10:30:00,0.32177496
2018-12-29 10:30:00,0.33464998
2018-12-30 10:30:00,0.41075
2018-12-31 10:30:00,0.3558625
2019-01-01 10:30:00,0.33013746
2019-01-02 10:30:00,0.360875
2019-01-03 10:30:00,0.385475
2019-01-04 10:30:00,0.34485
2019-01-05 10:30:00,0.327275
2019-01-06 10:30:00,0.3689125
2019-01-07 10:30:00,0.36108747
2019-01-08 10:30:00,0.259075
2019-01-09 10:30:00,0.23796248
2019-01-10 10:30:00,0.42845
2019-01-11 10:30:00,0.52055
2019-01-12 10:30:00,0.53947496
2019-01-13 10:30:00,0.50228745
2019-01-14 10:30:00,0.3544125
2019-01-15 10:30:00,0.29198748
2019-01-16 10:30:00,0.396875
2019-01-17 10:30:00,0.44265
2019-01-18 10:30:00,0.426225
2019-01-19 10:30:00,0.38535
2019-01-20 10:30:00,0.3009625
2019-01-21 10:30:00,0.3077375
2019-01-22 10:30:00,0.337825
2019-01-23 10:30:00,0.303875
2019-01-24 10:30:00,0.347
2019-01-25 10:30:00,0.33514997
2019-01-26 10:30:00,0.2916125
2019-01-27 10:30:00,0.35279998
2019-01-28 10:30:00,0.33005
2019-01-29 10:30:00,0.2908875
2019-01-30 10:30:00,0.2768
2019-01-31 10:30:00,0.24157499
2019-02-01 10:30:00,0.202425
2019-02-02 10:30:00,0.3147875
2019-02-03 10:30:00,0.27135
2019-02-04 10:30:00,0.3185625
2019-02-05 10:30:00,0.26475
2019-02-06 10:30:00,0.25364998
2019-02-07 10:30:00,0.2437
2019-02-08 10:30:00,0.2820625
2019-02-09 10:30:00,0.3000375
2019-02-10 10:30:00,0.29588747
2019-02-11 10:30:00,0.2895375
2019-02-12 10:30:00,0.24817498
2019-02-13 10:30:00,0.23155001
2019-02-14 10:30:00,0.21592501
2019-02-15 10:30:00,0.1977125
2019-02-16 10:30:00,0.248925
2019-02-17 10:30:00,0.201625
2019-02-18 10:30:00,0.14326249
2019-02-19 10:30:00,0.2658875
2019-02-20 10:30:00,0.217425
2019-02-21 10:30:00,0.21664998
2019-02-22 10:30:00,0.305
2019-02-23 10:30:00,0.233825
2019-02-24 10:30:00,0.24419999
2019-02-25 10:30:00,0.33119997
2019-02-26 10:30:00,0.269325
2019-02-27 10:30:00,0.304425
2019-02-28 10:30:00,0.26229998
2019-03-01 10:30:00,0.2298875
2019-03-02 10:30:00,0.2189875
2019-03-03 10:30:00,0.3217125
2019-03-04 10:30:00,0.23081249
2019-03-05 10:30:00,0.4088875
2019-03-06 10:30:00,0.2926875
2019-03-07 10:30:00,0.207525
2019-03-08 10:30:00,0.1299625
2019-03-09 10:30:00,0.20406249
2019-03-10 10:30:00,0.1397
2019-03-11 10:30:00,0.21771249
2019-03-12 10:30:00,0.1977375
2019-03-13 10:30:00,0.258375
2019-03-14 10:30:00,0.281775
2019-03-15 10:30:00,0.3605125
2019-03-16 10:30:00,0.4337875
2019-03-17 10:30:00,0.23167498
2019-03-18 10:30:00,0.20535
2019-03-19 10:30:00,0.26964998
2019-03-20 10:30:00,0.4523625
2019-03-21 10:30:00,0.24286251
2019-03-22 10:30:00,0.2444125
2019-03-23 10:30:00,0.2098625
2019-03-24 10:30:00,0.22129999
2019-03-25 10:30:00,0.094000004
2019-03-26 10:30:00,0.150225
2019-03-27 10:30:00,0.117925
2019-03-28 10:30:00,0.1617125
2019-03-29 10:30:00,0.3087375
2019-03-30 10:30:00,0.20695
2019-03-31 10:30:00,0.18931249
2019-04-01 10:30:00,0.15538749
2019-04-02 10:30:00,0.1322375
2019-04-03 10:30:00,0.13715
2019-04-04 10:30:00,0.3349875
2019-04-05 10:30:00,0.224725
2019-04-06 10:30:00,0.269325
2019-04-07 10:30:00,0.30618748
2019-04-08 10:30:00,0.29982498
2019-04-09 10:30:00,0.20040001
2019-04-10 10:30:00,0.1287625
2019-04-11 10:30:00,0.1459375
2019-04-12 10:30:00,0.100425005
2019-04-13 10:30:00,0.213775
2019-04-14 10:30:00,0.1932875
2019-04-15 10:30:00,0.084475
2019-04-16 10:30:00,0.119049996
2019-04-17 10:30:00,0.460825
2019-04-18 10:30:00,0.1447875
2019-04-19 10:30:00,0.106112495
2019-04-20 10:30:00,0.0955375
2019-04-21 10:30:00,0.085650004
2019-04-22 10:30:00,0.1539375
2019-04-23 10:30:00,0.1033625
2019-04-24 10:30:00,0.144425
2019-04-25 10:30:00,0.1829875
2019-04-26 10:30:00,0.103824995
2019-04-27 10:30:00,0.07219999
2019-04-28 10:30:00,0.319675
2019-04-29 10:30:00,0.43735
2019-04-30 10:30:00,0.19813749
2019-05-01 10:30:00,0.1582125
2019-05-02 10:30:00,0.2167875
2019-05-03 10:30:00,0.1600625
2019-05-04 10:30:00,0.51404995
2019-05-05 10:30:00,0.23157498
2019-05-06 10:30:00,0.15015
2019-05-07 10:30:00,0.155075
2019-05-08 10:30:00,0.18158749
2019-05-09 10:30:00,0.23008749
2019-05-10 10:30:00,0.26354998
2019-05-11 10:30:00,0.42693746
2019-05-12 10:30:00,0.5561875
2019-05-13 10:30:00,0.7094125
2019-05-14 10:30:00,0.5185625
2019-05-15 10:30:00,0.347625
2019-05-16 10:30:00,0.20455
2019-05-17 10:30:00,0.263225
2019-05-18 10:30:00,0.259575
2019-05-19 10:30:00,0.92434996
2019-05-20 10:30:00,0.4431625
2019-05-21 10:30:00,0.51283747
2019-05-22 10:30:00,0.38982502
2019-05-23 10:30:00,0.46228752
2019-05-24 10:30:00,0.3239125
2019-05-25 10:30:00,0.51966244
2019-05-26 10:30:00,0.6822625
2019-05-27 10:30:00,0.29854998
2019-05-28 10:30:00,0.1919
2019-05-29 10:30:00,0.239475
2019-05-30 10:30:00,0.47377497
2019-05-31 10:30:00,0.5207125
2019-06-01 10:30:00,0.4591875
2019-06-02 10:30:00,0.54755
2019-06-03 10:30:00,0.549825
2019-06-04 10:30:00,0.5006375
2019-06-05 10:30:00,0.38237497
2019-06-06 10:30:00,0.65305
2019-06-07 10:30:00,0.868975
2019-06-08 10:30:00,0.8959375
2019-06-09 10:30:00,0.81443745
2019-06-10 10:30:00,0.7177
2019-06-11 10:30:00,0.6744999
2019-06-12 10:30:00,0.677975
2019-06-13 10:30:00,0.43931252
2019-06-14 10:30:00,0.6229
2019-06-15 10:30:00,0.58007497
2019-06-16 10:30:00,0.54099995
2019-06-17 10:30:00,0.426975
2019-06-18 10:30:00,0.5127375
2019-06-19 10:30:00,0.4782125
2019-06-20 10:30:00,0.54263747
2019-06-21 10:30:00,0.503625
2019-06-22 10:30:00,0.5375875
2019-06-23 10:30:00,0.451625
2019-06-24 10:30:00,0.3899625
2019-06-25 10:30:00,0.81554997
2019-06-26 10:30:00,0.7808375
2019-06-27 10:30:00,0.77677494
2019-06-28 10:30:00,0.85139996
2019-06-29 10:30:00,0.756975
2019-06-30 10:30:00,0.76917493
2019-07-01 10:30:00,0.5396625
2019-07-02 10:30:00,0.64551246
2019-07-03 10:30:00,0.67641246
2019-07-04 10:30:00,0.64208746
2019-07-05 10:30:00,0.9218875
2019-07-06 10:30:00,0.92934996
2019-07-07 10:30:00,0.70724994
2019-07-08 10:30:00,0.74211246
2019-07-09 10:30:00,0.73655
2019-07-10 10:30:00,0.74775
2019-07-11 10:30:00,0.82106245
2019-07-12 10:30:00,0.79035
2019-07-13 10:30:00,0.8122875
2019-07-14 10:30:00,0.737475
2019-07-15 10:30:00,0.6897625
2019-07-16 10:30:00,0.818225
2019-07-17 10:30:00,0.72339994
2019-07-18 10:30:00,0.6795
2019-07-19 10:30:00,0.645125
2019-07-20 10:30:00,0.84723747
2019-07-21 10:30:00,0.628975
2019-07-22 10:30:00,0.6466375
2019-07-23 10:30:00,0.88067496
2019-07-24 10:30:00,0.79109997
2019-07-25 10:30:00,0.79599994
2019-07-26 10:30:00,0.6715125
2019-07-27 10:30:00,0.8639375
2019-07-28 10:30:00,0.709875
2019-07-29 10:30:00,0.705175
2019-07-30 10:30:00,0.7603875
2019-07-31 10:30:00,0.600025
2019-08-01 10:30:00,0.65455
2019-08-02 10:30:00,0.660075
2019-08-03 10:30:00,0.634275
2019-08-04 10:30:00,0.613925
2019-08-05 10:30:00,0.73448753
2019-08-06 10:30:00,0.9180375
2019-08-07 10:30:00,0.8263375
2019-08-08 10:30:00,0.8916625
2019-08-09 10:30:00,0.84238744
2019-08-10 10:30:00,0.9069625
2019-08-11 10:30:00,0.84699994
2019-08-12 10:30:00,0.79066247
2019-08-13 10:30:00,0.74003744
2019-08-14 10:30:00,0.66561246
2019-08-15 10:30:00,0.6184875
2019-08-16 10:30:00,0.7389375
2019-08-17 10:30:00,0.77085
2019-08-18 10:30:00,0.7859749
2019-08-19 10:30:00,0.720225
2019-08-20 10:30:00,0.86974996
2019-08-21 10:30:00,0.64195
2019-08-22 10:30:00,0.7622875
2019-08-23 10:30:00,0.8172
2019-08-24 10:30:00,0.78959996
2019-08-25 10:30:00,0.8027625
2019-08-26 10:30:00,0.88393754
2019-08-27 10:30:00,0.725325
2019-08-28 10:30:00,0.8291625
2019-08-29 10:30:00,0.787575
2019-08-30 10:30:00,0.6739625
2019-08-31 10:30:00,0.65285003
2019-09-01 10:30:00,0.6555125
2019-09-02 10:30:00,0.7384375
2019-09-03 10:30:00,0.7114
2019-09-04 10:30:00,0.6324125
2019-09-05 10:30:00,0.61263746
2019-09-06 10:30:00,0.73332494
2019-09-07 10:30:00,0.78405
2019-09-08 10:30:00,0.5281125
2019-09-09 10:30:00,0.4796125
2019-09-10 10:30:00,0.5490625
2019-09-11 10:30:00,0.5301875
2019-09-12 10:30:00,0.48145
2019-09-13 10:30:00,0.6189875
2019-09-14 10:30:00,0.4842
2019-09-15 10:30:00,0.38881248
2019-09-16 10:30:00,0.4325
2019-09-17 10:30:00,0.41875
2019-09-18 10:30:00,0.36214998
2019-09-19 10:30:00,0.550425
2019-09-20 10:30:00,0.59185
2019-09-21 10:30:00,0.5158375
2019-09-22 10:30:00,0.524625
2019-09-23 10:30:00,0.35631248
2019-09-24 10:30:00,0.36490002
2019-09-25 10:30:00,0.47879997
2019-09-26 10:30:00,0.411025
2019-09-27 10:30:00,0.37803748
2019-09-28 10:30:00,0.2794375
2019-09-29 10:30:00,0.42778745
2019-09-30 10:30:00,0.52735
2019-10-01 10:30:00,0.4958375
2019-10-02 10:30:00,0.67845
2019-10-03 10:30:00,0.76787496
2019-10-04 10:30:00,0.4804625
2019-10-05 10:30:00,0.5423125
2019-10-06 10:30:00,0.41592497
2019-10-07 10:30:00,0.4163875
2019-10-08 10:30:00,0.5161
2019-10-09 10:30:00,0.37728748
2019-10-10 10:30:00,0.2855625
2019-10-11 10:30:00,0.29628748
2019-10-12 10:30:00,0.3255625
2019-10-13 10:30:00,0.2949
2019-10-14 10:30:00,0.2834
2019-10-15 10:30:00,0.25512502
2019-10-16 10:30:00,0.442275
2019-10-17 10:30:00,0.37511247
2019-10-18 10:30:00,0.49081248
2019-10-19 10:30:00,0.5726375
2019-10-20 10:30:00,0.462975
2019-10-21 10:30:00,0.3563625
2019-10-22 10:30:00,0.392175
2019-10-23 10:30:00,0.3838375
2019-10-24 10:30:00,0.75635
2019-10-25 10:30:00,0.5717125
2019-10-26 10:30:00,0.66138744
2019-10-27 10:30:00,0.62558746
2019-10-28 10:30:00,0.5067875
2019-10-29 10:30:00,0.41493747
2019-10-30 10:30:00,0.38863748
2019-10-31 10:30:00,0.2894625
2019-11-01 10:30:00,0.30735
2019-11-02 10:30:00,0.42779997
2019-11-03 10:30:00,0.4328375
2019-11-04 10:30:00,0.37331247
2019-11-05 10:30:00,0.28419998
2019-11-06 10:30:00,0.357125
2019-11-07 10:30:00,0.3501375
2019-11-08 10:30:00,0.458425
2019-11-09 10:30:00,0.5444875
2019-11-10 10:30:00,0.46435001
2019-11-11 10:30:00,0.278
2019-11-12 10:30:00,0.7390625
2019-11-13 10:30:00,0.4277375
2019-11-14 10:30:00,0.457925
2019-11-15 10:30:00,0.4328375
2019-11-16 10:30:00,0.4095875
2019-11-17 10:30:00,0.4976875
2019-11-18 10:30:00,0.34713748
2019-11-19 10:30:00,0.3530125
2019-11-20 10:30:00,0.4364375
2019-11-21 10:30:00,0.4725375
2019-11-22 10:30:00,0.4137125
2019-11-23 10:30:00,0.3282875
2019-11-24 10:30:00,0.354425
2019-11-25 10:30:00,0.307425
2019-11-26 10:30:00,0.31065
2019-11-27 10:30:00,0.3177125
2019-11-28 10:30:00,0.335325
2019-11-29 10:30:00,0.41257498
2019-11-30 10:30:00,0.561875
2019-12-01 10:30:00,0.45154998
2019-12-02 10:30:00,0.336175
2019-12-03 10:30:00,0.29593748
2019-12-04 10:30:00,0.3172625
2019-12-05 10:30:00,0.3228125
2019-12-06 10:30:00,0.452925
2019-12-07 10:30:00,0.47296247
2019-12-08 10:30:00,0.61335
2019-12-09 10:30:00,0.5833875
2019-12-10 10:30:00,0.63013744
2019-12-11 10:30:00,0.5045625
2019-12-12 10:30:00,0.5545875
2019-12-13 10:30:00,0.534375
2019-12-14 10:30:00,0.5760125
2019-12-15 10:30:00,0.558675
2019-12-16 10:30:00,0.523025
2019-12-17 10:30:00,0.48718747
2019-12-18 10:30:00,0.4945375
2019-12-19 10:30:00,0.513425
2019-12-20 10:30:00,0.47642502
2019-12-21 10:30:00,0.569525
2019-12-22 10:30:00,0.6217125
2019-12-23 10:30:00,0.56908745
2019-12-24 10:30:00,0.6462875
2019-12-25 10:30:00,0.5473375
2019-12-26 10:30:00,0.55275
2019-12-27 10:30:00,0.55908746
2019-12-28 10:30:00,0.6522625
2019-12-29 10:30:00,0.61895
2019-12-30 10:30:00,0.47177497
2019-12-31 10:30:00,0.454725
2020-01-01 10:30:00,0.530775
2020-01-02 10:30:00,0.47787502
2020-01-03 10:30:00,0.5469
2020-01-04 10:30:00,0.58256245
2020-01-05 10:30:00,0.67370003
2020-01-06 10:30:00,0.72949994
2020-01-07 10:30:00,0.66231245
2020-01-08 10:30:00,0.62072504
2020-01-09 10:30:00,0.6442125
2020-01-10 10:30:00,0.5688
2020-01-11 10:30:00,0.5739
2020-01-12 10:30:00,0.525975
2020-01-13 10:30:00,0.5848
2020-01-14 10:30:00,0.5785125
2020-01-15 10:30:00,0.5689125
2020-01-16 10:30:00,0.5403375
2020-01-17 10:30:00,0.5966375
2020-01-18 10:30:00,0.71841246
2020-01-19 10:30:00,0.6915125
2020-01-20 10:30:00,0.5668125
2020-01-21 10:30:00,0.534275
2020-01-22 10:30:00,0.579425
2020-01-23 10:30:00,0.4599
2020-01-24 10:30:00,0.55627495
2020-01-25 10:30:00,0.60755
2020-01-26 10:30:00,0.6131875
2020-01-27 10:30:00,0.6437
2020-01-28 10:30:00,0.65697503
2020-01-29 10:30:00,0.66455
2020-01-30 10:30:00,0.65105003
2020-01-31 10:30:00,0.610025
2020-02-01 10:30:00,0.4048375
2020-02-02 10:30:00,0.43721247
2020-02-03 10:30:00,0.44865
2020-02-04 10:30:00,0.42927498
2020-02-05 10:30:00,0.44982496
2020-02-06 10:30:00,0.38027498
2020-02-07 10:30:00,0.565475
2020-02-08 10:30:00,0.5399625
2020-02-09 10:30:00,0.57651246
2020-02-10 10:30:00,0.6385875
2020-02-11 10:30:00,0.429575
2020-02-12 10:30:00,0.5896375
2020-02-13 10:30:00,0.74254996
2020-02-14 10:30:00,0.555
2020-02-15 10:30:00,0.46976247
2020-02-16 10:30:00,0.5338375
2020-02-17 10:30:00,0.4269125
2020-02-18 10:30:00,0.43765
2020-02-19 10:30:00,0.45
2020-02-20 10:30:00,0.5649625
2020-02-21 10:30:00,0.67092496
2020-02-22 10:30:00,0.48677498
2020-02-23 10:30:00,0.46525002
2020-02-24 10:30:00,0.43226248
2020-02-25 10:30:00,0.4887875
2020-02-26 10:30:00,0.4323125
2020-02-27 10:30:00,0.44143748
2020-02-28 10:30:00,0.5031625
2020-02-29 10:30:00,0.5436125
2020-03-01 10:30:00,0.5875875
2020-03-02 10:30:00,0.5617875
2020-03-03 10:30:00,0.78237504
2020-03-04 10:30:00,0.55136245
2020-03-05 10:30:00,0.5387875
2020-03-06 10:30:00,0.64537495
2020-03-07 10:30:00,0.4775125
2020-03-08 10:30:00,0.47982502
2020-03-09 10:30:00,0.3303625
2020-03-10 10:30:00,0.48721248
2020-03-11 10:30:00,0.38692495
2020-03-12 10:30:00,0.2239125
2020-03-13 10:30:00,0.460625
2020-03-14 10:30:00,0.3520375
2020-03-15 10:30:00,0.2520125
2020-03-16 10:30:00,0.449975
2020-03-17 10:30:00,0.38971248
2020-03-18 10:30:00,0.39955002
2020-03-19 10:30:00,0.39471248
2020-03-20 10:30:00,0.3229375
2020-03-21 10:30:00,0.2870375
2020-03-22 10:30:00,0.4605125
2020-03-23 10:30:00,0.32346252
2020-03-24 10:30:00,0.328925
2020-03-25 10:30:00,0.2847875
2020-03-26 10:30:00,0.2398875
2020-03-27 10:30:00,0.2895375
2020-03-28 10:30:00,0.288775
2020-03-29 10:30:00,0.1777375
2020-03-30 10:30:00,0.16993749
2020-03-31 10:30:00,0.20012501
2020-04-01 10:30:00,0.1821875
2020-04-02 10:30:00,0.20647499
2020-04-03 10:30:00,0.21411249
2020-04-04 10:30:00,0.144825
2020-04-05 10:30:00,0.19008751
2020-04-06 10:30:00,0.2451125
2020-04-07 10:30:00,0.3213
2020-04-08 10:30:00,0.3345875
2020-04-09 10:30:00,0.27808747
2020-04-10 10:30:00,0.15879999
2020-04-11 10:30:00,0.173875
2020-04-12 10:30:00,0.107362494
2020-04-13 10:30:00,0.1040125
2020-04-14 10:30:00,0.259325
2020-04-15 10:30:00,0.21033747
2020-04-16 10:30:00,0.4147
2020-04-17 10:30:00,0.19463749
2020-04-18 10:30:00,0.14595
2020-04-19 10:30:00,0.6688375
2020-04-20 10:30:00,0.6401875
2020-04-21 10:30:00,0.6121875
2020-04-22 10:30:00,0.4027875
2020-04-23 10:30:00,0.3970375
2020-04-24 10:30:00,0.64646244
2020-04-25 10:30:00,0.58783746
2020-04-26 10:30:00,0.49384996
2020-04-27 10:30:00,0.2780625
2020-04-28 10:30:00,0.6005375
2020-04-29 10:30:00,0.44612497
2020-04-30 10:30:00,0.3402375
2020-05-01 10:30:00,0.2805
2020-05-02 10:30:00,0.3078625
2020-05-03 10:30:00,0.7930625
2020-05-04 10:30:00,0.46897498
2020-05-05 10:30:00,0.443525
2020-05-06 10:30:00,0.282075
2020-05-07 10:30:00,0.393375
2020-05-08 10:30:00,0.21618749
2020-05-09 10:30:00,0.4014375
2020-05-10 10:30:00,0.5308
2020-05-11 10:30:00,0.53798753
2020-05-12 10:30:00,0.33647498
2020-05-13 10:30:00,0.32198748
2020-05-14 10:30:00,0.284275
2020-05-15 10:30:00,0.5031
2020-05-16 10:30:00,0.8300875
2020-05-17 10:30:00,0.8957375
2020-05-18 10:30:00,0.61195
2020-05-19 10:30:00,0.6398875
2020-05-20 10:30:00,0.74263746
2020-05-21 10:30:00,0.70086247
2020-05-22 10:30:00,0.8180125
2020-05-23 10:30:00,0.7037
2020-05-24 10:30:00,0.401875
2020-05-25 10:30:00,0.4746
2020-05-26 10:30:00,0.4482125
2020-05-27 10:30:00,0.4412125
2020-05-28 10:30:00,0.4509875
2020-05-29 10:30:00,0.533625
2020-05-30 10:30:00,0.5106875
2020-05-31 10:30:00,0.7524375
2020-06-01 10:30:00,0.48182496
2020-06-02 10:30:00,0.6261125
2020-06-03 10:30:00,0.66735
2020-06-04 10:30:00,0.5796875
2020-06-05 10:30:00,0.5511625
2020-06-06 10:30:00,0.57722497
2020-06-07 10:30:00,0.6320875
2020-06-08 10:30:00,0.5531375
2020-06-09 10:30:00,0.44627497
2020-06-10 10:30:00,0.73982495
2020-06-11 10:30:00,0.5611375
2020-06-12 10:30:00,0.7046499
2020-06-13 10:30:00,0.826725
2020-06-14 10:30:00,0.49048752
2020-06-15 10:30:00,0.49765
2020-06-16 10:30:00,0.5531
2020-06-17 10:30:00,0.6318375
2020-06-18 10:30:00,0.639375
2020-06-19 10:30:00,0.73061246
2020-06-20 10:30:00,0.83867496
2020-06-21 10:30:00,0.6260625
2020-06-22 10:30:00,0.9093625
2020-06-23 10:30:00,0.87061244
2020-06-24 10:30:00,0.829225
2020-06-25 10:30:00,0.75299996
2020-06-26 10:30:00,0.6481375
2020-06-27 10:30:00,0.5784125
2020-06-28 10:30:00,0.69
2020-06-29 10:30:00,0.7059125
2020-06-30 10:30:00,0.7136
2020-07-01 10:30:00,0.6642625
2020-07-02 10:30:00,0.6407875
2020-07-03 10:30:00,0.65339994
2020-07-04 10:30:00,0.85435
2020-07-05 10:30:00,0.72198755
2020-07-06 10:30:00,0.80653745
2020-07-07 10:30:00,0.582825
2020-07-08 10:30:00,0.6111
2020-07-09 10:30:00,0.60819995
2020-07-10 10:30:00,0.6800875
2020-07-11 10:30:00,0.762375
2020-07-12 10:30:00,0.778825
2020-07-13 10:30:00,0.65942496
2020-07-14 10:30:00,0.6764375
2020-07-15 10:30:00,0.615025
2020-07-16 10:30:00,0.65405
2020-07-17 10:30:00,0.7463
2020-07-18 10:30:00,0.76745003
2020-07-19 10:30:00,0.64254993
2020-07-20 10:30:00,0.5691875
2020-07-21 10:30:00,0.45929998
2020-07-22 10:30:00,0.6474125
2020-07-23 10:30:00,0.565275
2020-07-24 10:30:00,0.56659997
2020-07-25 10:30:00,0.65749997
2020-07-26 10:30:00,0.6229875
2020-07-27 10:30:00,0.6732625
2020-07-28 10:30:00,0.7973375
2020-07-29 10:30:00,0.88177496
2020-07-30 10:30:00,0.76565003
2020-07-31 10:30:00,0.7119875
2020-08-01 10:30:00,0.633325
2020-08-02 10:30:00,0.869
2020-08-03 10:30:00,0.868775
2020-08-04 10:30:00,0.745025
2020-08-05 10:30:00,0.7408999
2020-08-06 10:30:00,0.7514
2020-08-07 10:30:00,0.85996246
2020-08-08 10:30:00,0.93573743
2020-08-09 10:30:00,0.83222497
2020-08-10 10:30:00,0.73211247
2020-08-11 10:30:00,0.64849997
2020-08-12 10:30:00,0.67152494
2020-08-13 10:30:00,0.9992
2020-08-14 10:30:00,0.7911875
2020-08-15 10:30:00,0.740325
2020-08-16 10:30:00,0.7501875
2020-08-17 10:30:00,0.82129997
2020-08-18 10:30:00,0.70019996
2020-08-19 10:30:00,0.69213754
2020-08-20 10:30:00,0.62934995
2020-08-21 10:30:00,0.65485
2020-08-22 10:30:00,0.671475
2020-08-23 10:30:00,0.78842497
2020-08-24 10:30:00,0.84938747
2020-08-25 10:30:00,0.5776875
2020-08-26 10:30:00,0.7290625
2020-08-27 10:30:00,0.97339994
2020-08-28 10:30:00,0.98911244
2020-08-29 10:30:00,0.69925004
2020-08-30 10:30:00,0.876425
2020-08-31 10:30:00,0.83427495
2020-09-01 10:30:00,0.67144996
2020-09-02 10:30:00,0.654925
2020-09-03 10:30:00,0.8112124
2020-09-04 10:30:00,0.72131246
2020-09-05 10:30:00,0.68555
2020-09-06 10:30:00,0.730725
2020-09-07 10:30:00,0.7681125
2020-09-08 10:30:00,0.727825
2020-09-09 10:30:00,0.8359
2020-09-10 10:30:00,0.6407875
2020-09-11 10:30:00,0.740375
2020-09-12 10:30:00,0.7711
2020-09-13 10:30:00,0.7979875
2020-09-14 10:30:00,0.8263375
2020-09-15 10:30:00,0.85684997
2020-09-16 10:30:00,0.87036246
2020-09-17 10:30:00,0.7004125
2020-09-18 10:30:00,0.72659993
2020-09-19 10:30:00,0.622625
2020-09-20 10:30:00,0.75425
2020-09-21 10:30:00,0.83665
2020-09-22 10:30:00,0.6885125
2020-09-23 10:30:00,0.6192125
2020-09-24 10:30:00,0.7512
2020-09-25 10:30:00,0.7720125
2020-09-26 10:30:00,0.71025
2020-09-27 10:30:00,0.487725
2020-09-28 10:30:00,0.54122496
2020-09-29 10:30:00,0.513325
2020-09-30 10:30:00,0.6623375
2020-10-01 10:30:00,0.839625
2020-10-02 10:30:00,0.66463745
2020-10-03 10:30:00,0.560275
2020-10-04 10:30:00,0.5727125
2020-10-05 10:30:00,0.5214875
2020-10-06 10:30:00,0.5324
2020-10-07 10:30:00,0.5326375
2020-10-08 10:30:00,0.59863746
2020-10-09 10:30:00,0.530775
2020-10-10 10:30:00,0.29295
2020-10-11 10:30:00,0.39865002
2020-10-12 10:30:00,0.457925
2020-10-13 10:30:00,0.503275
2020-10-14 10:30:00,0.4023875
2020-10-15 10:30:00,0.364875
2020-10-16 10:30:00,0.42083752
2020-10-17 10:30:00,0.4289875
2020-10-18 10:30:00,0.436875
2020-10-19 10:30:00,0.4395
2020-10-20 10:30:00,0.31338748
2020-10-21 10:30:00,0.47451252
2020-10-22 10:30:00,0.40145
2020-10-23 10:30:00,0.39889997
2020-10-24 10:30:00,0.42599997
2020-10-25 10:30:00,0.56673753
2020-10-26 10:30:00,0.4657
2020-10-27 10:30:00,0.323425
2020-10-28 10:30:00,0.362425
2020-10-29 10:30:00,0.4502625
2020-10-30 10:30:00,0.32364997
2020-10-31 10:30:00,0.5066125
2020-11-01 10:30:00,0.4996
2020-11-02 10:30:00,0.3732875
2020-11-03 10:30:00,0.3025375
2020-11-04 10:30:00,0.4100375
2020-11-05 10:30:00,0.4193125
2020-11-06 10:30:00,0.38522497
2020-11-07 10:30:00,0.464975
2020-11-08 10:30:00,0.38157502
2020-11-09 10:30:00,0.4805625
2020-11-10 10:30:00,0.50116247
2020-11-11 10:30:00,0.3840625
2020-11-12 10:30:00,0.45881248
2020-11-13 10:30:00,0.41437498
2020-11-14 10:30:00,0.43147498
2020-11-15 10:30:00,0.429625
2020-11-16 10:30:00,0.5113625
2020-11-17 10:30:00,0.7234625
2020-11-18 10:30:00,0.641975
2020-11-19 10:30:00,0.38189998
2020-11-20 10:30:00,0.4176625
2020-11-21 10:30:00,0.4606375
2020-11-22 10:30:00,0.47693747
2020-11-23 10:30:00,0.5802125
2020-11-24 10:30:00,0.62495
2020-11-25 10:30:00,0.512975
2020-11-26 10:30:00,0.48399997
2020-11-27 10:30:00,0.46259996
2020-11-28 10:30:00,0.519925
2020-11-29 10:30:00,0.5658375
2020-11-30 10:30:00,0.53806245
2020-12-01 10:30:00,0.55342495
2020-12-02 10:30:00,0.53239995
2020-12-03 10:30:00,0.47101247
2020-12-04 10:30:00,0.47748747
2020-12-05 10:30:00,0.45114997
2020-12-06 10:30:00,0.5046875
2020-12-07 10:30:00,0.44
2020-12-08 10:30:00,0.4338375
2020-12-09 10:30:00,0.43842497
2020-12-10 10:30:00,0.5225125
2020-12-11 10:30:00,0.4094125
2020-12-12 10:30:00,0.45999998
2020-12-13 10:30:00,0.42659998
2020-12-14 10:30:00,0.3962375
2020-12-15 10:30:00,0.3901625
2020-12-16 10:30:00,0.44628748
2020-12-17 10:30:00,0.44138747
2020-12-18 10:30:00,0.391275
2020-12-19 10:30:00,0.480325
2020-12-20 10:30:00,0.44665
2020-12-21 10:30:00,0.419875
2020-12-22 10:30:00,0.5326125
2020-12-23 10:30:00,0.5978125
2020-12-24 10:30:00,0.5568375
2020-12-25 10:30:00,0.53604996
2020-12-26 10:30:00,0.63754994
2020-12-27 10:30:00,0.5882
2020-12-28 10:30:00,0.47862497
2020-12-29 10:30:00,0.4161625
2020-12-30 10:30:00,0.44152498
2020-12-31 10:30:00,0.4268375
2021-01-01 10:30:00,0.43029997
2021-01-02 10:30:00,0.4607875
2021-01-03 10:30:00,0.45709997
2021-01-04 10:30:00,0.433925
2021-01-05 10:30:00,0.4436375
2021-01-06 10:30:00,0.3867625
2021-01-07 10:30:00,0.4262875
2021-01-08 10:30:00,0.45328748
2021-01-09 10:30:00,0.5535
2021-01-10 10:30:00,0.48697498
2021-01-11 10:30:00,0.481675
2021-01-12 10:30:00,0.6809625
2021-01-13 10:30:00,0.49956247
2021-01-14 10:30:00,0.63935
2021-01-15 10:30:00,0.5650875
2021-01-16 10:30:00,0.55482495
2021-01-17 10:30:00,0.5182875
2021-01-18 10:30:00,0.4238625
2021-01-19 10:30:00,0.5889125
2021-01-20 10:30:00,0.580325
2021-01-21 10:30:00,0.62939996
2021-01-22 10:30:00,0.527975
2021-01-23 10:30:00,0.5538
2021-01-24 10:30:00,0.602275
2021-01-25 10:30:00,0.6112875
2021-01-26 10:30:00,0.430775
2021-01-27 10:30:00,0.4139625
2021-01-28 10:30:00,0.424425
2021-01-29 10:30:00,0.528675
2021-01-30 10:30:00,0.48169997
2021-01-31 10:30:00,0.7420625
2021-02-01 10:30:00,0.509925
2021-02-02 10:30:00,0.4412875
2021-02-03 10:30:00,0.43377498
2021-02-04 10:30:00,0.598575
2021-02-05 10:30:00,0.54791254
2021-02-06 10:30:00,0.5185625
2021-02-07 10:30:00,0.516675
2021-02-08 10:30:00,0.557575
2021-02-09 10:30:00,0.488425
2021-02-10 10:30:00,0.5204375
2021-02-11 10:30:00,0.47982496
2021-02-12 10:30:00,0.3981375
2021-02-13 10:30:00,0.35826248
2021-02-14 10:30:00,0.359925
2021-02-15 10:30:00,0.35838747
2021-02-16 10:30:00,0.35993752
2021-02-17 10:30:00,0.3096375
2021-02-18 10:30:00,0.41162497
2021-02-19 10:30:00,0.36228746
2021-02-20 10:30:00,0.7457125
2021-02-21 10:30:00,0.54456246
2021-02-22 10:30:00,0.395925
2021-02-23 10:30:00,0.4671625
2021-02-24 10:30:00,0.4029
2021-02-25 10:30:00,0.32448748
2021-02-26 10:30:00,0.5057125
2021-02-27 10:30:00,0.5056375
2021-02-28 10:30:00,0.2984375
2021-03-01 10:30:00,0.449425
2021-03-02 10:30:00,0.57350004
2021-03-03 10:30:00,0.5940125
2021-03-04 10:30:00,0.3844625
2021-03-05 10:30:00,0.27725
2021-03-06 10:30:00,0.3200125
2021-03-07 10:30:00,0.36165
2021-03-08 10:30:00,0.3854625
2021-03-09 10:30:00,0.21447499
2021-03-10 10:30:00,0.37792498
2021-03-11 10:30:00,0.3791125
2021-03-12 10:30:00,0.32479998
2021-03-13 10:30:00,0.3352125
2021-03-14 10:30:00,0.42824998
2021-03-15 10:30:00,0.338125
2021-03-16 10:30:00,0.1917
2021-03-17 10:30:00,0.2994625
2021-03-18 10:30:00,0.26155
2021-03-19 10:30:00,0.4936375
2021-03-20 10:30:00,0.81887496
2021-03-21 10:30:00,0.491875
2021-03-22 10:30:00,0.3950875
2021-03-23 10:30:00,0.334925
2021-03-24 10:30:00,0.3313
2021-03-25 10:30:00,0.3373
2021-03-26 10:30:00,0.608275
2021-03-27 10:30:00,0.3936375
2021-03-28 10:30:00,0.48787498
2021-03-29 10:30:00,0.34252498
2021-03-30 10:30:00,0.23863749
2021-03-31 10:30:00,0.38853753
2021-04-01 10:30:00,0.3854125
2021-04-02 10:30:00,0.35178748
2021-04-03 10:30:00,0.2828875
2021-04-04 10:30:00,0.257125
2021-04-05 10:30:00,0.26139998
2021-04-06 10:30:00,0.200275
2021-04-07 10:30:00,0.26518747
2021-04-08 10:30:00,0.2928125
2021-04-09 10:30:00,0.27115
2021-04-10 10:30:00,0.2599875
2021-04-11 10:30:00,0.5196875
2021-04-12 10:30:00,0.50651246
2021-04-13 10:30:00,0.3096625
2021-04-14 10:30:00,0.2569375
2021-04-15 10:30:00,0.591725
2021-04-16 10:30:00,0.8460375
2021-04-17 10:30:00,0.46873748
2021-04-18 10:30:00,0.3603625
2021-04-19 10:30:00,0.24809998
2021-04-20 10:30:00,0.27455
2021-04-21 10:30:00,0.2892875
2021-04-22 10:30:00,0.4900125
2021-04-23 10:30:00,0.5995125
2021-04-24 10:30:00,0.2985125
2021-04-25 10:30:00,0.23979999
2021-04-26 10:30:00,0.324725
2021-04-27 10:30:00,0.3215375
2021-04-28 10:30:00,0.2570875
2021-04-29 10:30:00,0.469825
2021-04-30 10:30:00,0.63243747
2021-05-01 10:30:00,0.54381245
2021-05-02 10:30:00,0.2925875
2021-05-03 10:30:00,0.39103746
2021-05-04 10:30:00,0.47338748
2021-05-05 10:30:00,0.42499998
2021-05-06 10:30:00,0.46955
2021-05-07 10:30:00,0.75914997
2021-05-08 10:30:00,0.6173875
2021-05-09 10:30:00,0.49908748
2021-05-10 10:30:00,0.43412498
2021-05-11 10:30:00,0.43201247
2021-05-12 10:30:00,0.30993748
2021-05-13 10:30:00,0.3697
2021-05-14 10:30:00,0.65042496
2021-05-15 10:30:00,0.37305
2021-05-16 10:30:00,0.2769875
2021-05-17 10:30:00,0.336425
2021-05-18 10:30:00,0.4353875
2021-05-19 10:30:00,0.4715
2021-05-20 10:30:00,0.59985
2021-05-21 10:30:00,0.4266375
2021-05-22 10:30:00,0.3337375
2021-05-23 10:30:00,0.4384
2021-05-24 10:30:00,0.46191248
2021-05-25 10:30:00,0.3224375
2021-05-26 10:30:00,0.37145
2021-05-27 10:30:00,0.618
2021-05-28 10:30:00,0.6130125
2021-05-29 10:30:00,0.42084998
2021-05-30 10:30:00,0.5865125
2021-05-31 10:30:00,0.6731625
2021-06-01 10:30:00,0.47612497
2021-06-02 10:30:00,0.93386245
2021-06-03 10:30:00,0.8412
2021-06-04 10:30:00,0.758825
2021-06-05 10:30:00,0.7645625
2021-06-06 10:30:00,0.57374996
2021-06-07 10:30:00,0.56904995
2021-06-08 10:30:00,0.6838
2021-06-09 10:30:00,0.553325
2021-06-10 10:30:00,0.48728752
2021-06-11 10:30:00,0.4761625
2021-06-12 10:30:00,0.5646
2021-06-13 10:30:00,0.63023746
2021-06-14 10:30:00,0.88675
2021-06-15 10:30:00,0.6455375
2021-06-16 10:30:00,0.7643125
2021-06-17 10:30:00,0.53505
2021-06-18 10:30:00,0.650625
2021-06-19 10:30:00,0.7456375
2021-06-20 10:30:00,0.75874996
2021-06-21 10:30:00,0.818275
2021-06-22 10:30:00,0.644125
2021-06-23 10:30:00,0.5432375
2021-06-24 10:30:00,0.5664375
2021-06-25 10:30:00,0.71276253
2021-06-26 10:30:00,0.78138745
2021-06-27 10:30:00,0.7833625
2021-06-28 10:30:00,0.8116124
2021-06-29 10:30:00,0.7330375
2021-06-30 10:30:00,0.8862
2021-07-01 10:30:00,0.8290374
2021-07-02 10:30:00,0.854325
2021-07-03 10:30:00,0.9054125
2021-07-04 10:30:00,0.8907125
2021-07-05 10:30:00,0.8398375
2021-07-06 10:30:00,0.9091125
2021-07-07 10:30:00,0.86342496
2021-07-08 10:30:00,0.9168125
2021-07-09 10:30:00,0.8654875
2021-07-10 10:30:00,0.8443625
2021-07-11 10:30:00,0.7977375
2021-07-12 10:30:00,0.92415
2021-07-13 10:30:00,0.923975
2021-07-14 10:30:00,0.9329875
2021-07-15 10:30:00,0.867275
2021-07-16 10:30:00,0.8481749
2021-07-17 10:30:00,0.87193745
2021-07-18 10:30:00,0.85183746
2021-07-19 10:30:00,0.878775
2021-07-20 10:30:00,0.86482495
2021-07-21 10:30:00,0.8625625
2021-07-22 10:30:00,0.8631875
2021-07-23 10:30:00,0.8181125
2021-07-24 10:30:00,0.89835
2021-07-25 10:30:00,0.87684995
2021-07-26 10:30:00,0.97919995
2021-07-27 10:30:00,0.85095
2021-07-28 10:30:00,0.7918875
2021-07-29 10:30:00,0.82766247
2021-07-30 10:30:00,0.87132496
2021-07-31 10:30:00,0.9121375
2021-08-01 10:30:00,0.8669999
2021-08-02 10:30:00,0.76208746
2021-08-03 10:30:00,0.9089375
2021-08-04 10:30:00,0.88393754
2021-08-05 10:30:00,0.71639997
2021-08-06 10:30:00,0.7078375
2021-08-07 10:30:00,0.77928746
2021-08-08 10:30:00,0.878225
2021-08-09 10:30:00,0.95694995
2021-08-10 10:30:00,0.81796247
2021-08-11 10:30:00,0.91629994
2021-08-12 10:30:00,0.8525125
2021-08-13 10:30:00,0.86555
2021-08-14 10:30:00,0.8766
2021-08-15 10:30:00,0.8667375
2021-08-16 10:30:00,0.7921375
2021-08-17 10:30:00,0.7913625
2021-08-18 10:30:00,0.77441245
2021-08-19 10:30:00,0.8728
2021-08-20 10:30:00,0.7184375
2021-08-21 10:30:00,0.762375
2021-08-22 10:30:00,0.79749995
2021-08-23 10:30:00,0.8089375
2021-08-24 10:30:00,0.8298
2021-08-25 10:30:00,0.8794249
2021-08-26 10:30:00,0.9137625
2021-08-27 10:30:00,0.7731375
2021-08-28 10:30:00,0.8091625
2021-08-29 10:30:00,0.66775
2021-08-30 10:30:00,0.7211875
2021-08-31 10:30:00,0.71737504
2021-09-01 10:30:00,0.7249375
2021-09-02 10:30:00,0.791575
2021-09-03 10:30:00,0.87933743
2021-09-04 10:30:00,0.7820375
2021-09-05 10:30:00,0.85012496
2021-09-06 10:30:00,0.9528125
2021-09-07 10:30:00,0.763775
2021-09-08 10:30:00,0.88869995
2021-09-09 10:30:00,0.8597625
2021-09-10 10:30:00,0.6541625
2021-09-11 10:30:00,0.71099997
2021-09-12 10:30:00,0.747375
2021-09-13 10:30:00,0.66744995
2021-09-14 10:30:00,0.742375
2021-09-15 10:30:00,0.91429996
2021-09-16 10:30:00,0.6323875
2021-09-17 10:30:00,0.6414125
2021-09-18 10:30:00,0.7011
2021-09-19 10:30:00,0.83396244
2021-09-20 10:30:00,0.86520004
2021-09-21 10:30:00,0.7844
2021-09-22 10:30:00,0.72357494
2021-09-23 10:30:00,0.752275
2021-09-24 10:30:00,0.81723744
2021-09-25 10:30:00,0.88621247
2021-09-26 10:30:00,0.96442497
2021-09-27 10:30:00,0.65737504
2021-09-28 10:30:00,0.5462875
2021-09-29 10:30:00,0.51345
2021-09-30 10:30:00,0.66122496
2021-10-01 10:30:00,0.65216243
2021-10-02 10:30:00,0.61912495
2021-10-03 10:30:00,0.7584625
2021-10-04 10:30:00,0.64818746
2021-10-05 10:30:00,0.527975
2021-10-06 10:30:00,0.7060499
2021-10-07 10:30:00,0.5703375
2021-10-08 10:30:00,0.4481375
2021-10-09 10:30:00,0.47541246
2021-10-10 10:30:00,0.43576247
2021-10-11 10:30:00,0.47056252
2021-10-12 10:30:00,0.41117498
2021-10-13 10:30:00,0.668675
2021-10-14 10:30:00,0.4843875
2021-10-15 10:30:00,0.44732496
2021-10-16 10:30:00,0.3905125
2021-10-17 10:30:00,0.56834996
2021-10-18 10:30:00,0.5927625
2021-10-19 10:30:00,0.5046375
2021-10-20 10:30:00,0.5415125
2021-10-21 10:30:00,0.517075
2021-10-22 10:30:00,0.49830002
2021-10-23 10:30:00,0.4125
2021-10-24 10:30:00,0.40971246
2021-10-25 10:30:00,0.38404998
2021-10-26 10:30:00,0.42829996
2021-10-27 10:30:00,0.4439625
2021-10-28 10:30:00,0.52674997
2021-10-29 10:30:00,0.52326244
2021-10-30 10:30:00,0.64987504
2021-10-31 10:30:00,0.40546247
2021-11-01 10:30:00,0.62382495
2021-11-02 10:30:00,0.67123747
2021-11-03 10:30:00,0.686675
2021-11-04 10:30:00,0.68191254
2021-11-05 10:30:00,0.72459996
2021-11-06 10:30:00,0.55763745
2021-11-07 10:30:00,0.54781246
2021-11-08 10:30:00,0.5959375
2021-11-09 10:30:00,0.7555
2021-11-10 10:30:00,0.514575
2021-11-11 10:30:00,0.40561247
2021-11-12 10:30:00,0.42851248
2021-11-13 10:30:00,0.5517875
2021-11-14 10:30:00,0.62049997
2021-11-15 10:30:00,0.6190625
2021-11-16 10:30:00,0.7080375
2021-11-17 10:30:00,0.4829
2021-11-18 10:30:00,0.42033747
2021-11-19 10:30:00,0.63023746
2021-11-20 10:30:00,0.7402875
2021-11-21 10:30:00,0.9014499
2021-11-22 10:30:00,0.57686245
2021-11-23 10:30:00,0.4779125
2021-11-24 10:30:00,0.4640875
2021-11-25 10:30:00,0.4870375
2021-11-26 10:30:00,0.70296246
2021-11-27 10:30:00,0.76113755
2021-11-28 10:30:00,0.7488625
2021-11-29 10:30:00,0.74231243
2021-11-30 10:30:00,0.636975
2021-12-01 10:30:00,0.5939125
2021-12-02 10:30:00,0.45518747
2021-12-03 10:30:00,0.4788
2021-12-04 10:30:00,0.64635
2021-12-05 10:30:00,0.5066625
2021-12-06 10:30:00,0.457725
2021-12-07 10:30:00,0.50611246
2021-12-08 10:30:00,0.57269996
2021-12-09 10:30:00,0.75941247
2021-12-10 10:30:00,0.585975
2021-12-11 10:30:00,0.4940375
2021-12-12 10:30:00,0.47178748
2021-12-13 10:30:00,0.4922
2021-12-14 10:30:00,0.56105
2021-12-15 10:30:00,0.83515
2021-12-16 10:30:00,0.55791247
2021-12-17 10:30:00,0.51292497
2021-12-18 10:30:00,0.59693754
2021-12-19 10:30:00,0.5816625
2021-12-20 10:30:00,0.443525
2021-12-21 10:30:00,0.479075
2021-12-22 10:30:00,0.554
2021-12-23 10:30:00,0.45866248
2021-12-24 10:30:00,0.4697
2021-12-25 10:30:00,0.507575
2021-12-26 10:30:00,0.55285
2021-12-27 10:30:00,0.6544375
2021-12-28 10:30:00,0.5800875
2021-12-29 10:30:00,0.5793125
2021-12-30 10:30:00,0.4844
2021-12-31 10:30:00,0.5665875
2022-01-01 10:30:00,0.537825
2022-01-02 10:30:00,0.471175
2022-01-03 10:30:00,0.514275
2022-01-04 10:30:00,0.6062375
2022-01-05 10:30:00,0.599475
2022-01-06 10:30:00,0.66178745
2022-01-07 10:30:00,0.5562125
2022-01-08 10:30:00,0.6424125
2022-01-09 10:30:00,0.5761375
2022-01-10 10:30:00,0.5727125
2022-01-11 10:30:00,0.458825
2022-01-12 10:30:00,0.5218875
2022-01-13 10:30:00,0.5646375
2022-01-14 10:30:00,0.61706245
2022-01-15 10:30:00,0.5162375
2022-01-16 10:30:00,0.5298625
2022-01-17 10:30:00,0.5312125
2022-01-18 10:30:00,0.6150375
2022-01-19 10:30:00,0.46837497
2022-01-20 10:30:00,0.55614996
2022-01-21 10:30:00,0.6365875
2022-01-22 10:30:00,0.62052494
2022-01-23 10:30:00,0.67022496
2022-01-24 10:30:00,0.71598744
2022-01-25 10:30:00,0.68123746
2022-01-26 10:30:00,0.58968747
2022-01-27 10:30:00,0.5591625
2022-01-28 10:30:00,0.48044997
2022-01-29 10:30:00,0.43795
2022-01-30 10:30:00,0.51075
2022-01-31 10:30:00,0.5155625
2022-02-01 10:30:00,0.494625
2022-02-02 10:30:00,0.48268747
2022-02-03 10:30:00,0.46632499
2022-02-04 10:30:00,0.4330375
2022-02-05 10:30:00,0.4504375
2022-02-06 10:30:00,0.47677502
2022-02-07 10:30:00,0.5567875
2022-02-08 10:30:00,0.5818375
2022-02-09 10:30:00,0.572775
2022-02-10 10:30:00,0.78341246
2022-02-11 10:30:00,0.7113125
2022-02-12 10:30:00,0.64507496
2022-02-13 10:30:00,0.6847
2022-02-14 10:30:00,0.5988375
2022-02-15 10:30:00,0.51766247
2022-02-16 10:30:00,0.58857495
2022-02-17 10:30:00,0.596425
2022-02-18 10:30:00,0.7014875
2022-02-19 10:30:00,0.566325
2022-02-20 10:30:00,0.5253625
2022-02-21 10:30:00,0.49464998
2022-02-22 10:30:00,0.5106875
2022-02-23 10:30:00,0.471
2022-02-24 10:30:00,0.4385625
2022-02-25 10:30:00,0.5100875
2022-02-26 10:30:00,0.495325
2022-02-27 10:30:00,0.5308625
2022-02-28 10:30:00,0.50729996
2022-03-01 10:30:00,0.47857496
2022-03-02 10:30:00,0.44042498
2022-03-03 10:30:00,0.47872502
2022-03-04 10:30:00,0.4431125
2022-03-05 10:30:00,0.34201247
2022-03-06 10:30:00,0.3947625
2022-03-07 10:30:00,0.388875
2022-03-08 10:30:00,0.40765
2022-03-09 10:30:00,0.406025
2022-03-10 10:30:00,0.18442498
2022-03-11 10:30:00,0.21282499
2022-03-12 10:30:00,0.8404875
2022-03-13 10:30:00,0.76816255
2022-03-14 10:30:00,0.74692494
2022-03-15 10:30:00,0.76301247
2022-03-16 10:30:00,0.3909
2022-03-17 10:30:00,0.508275
2022-03-18 10:30:00,0.5342625
2022-03-19 10:30:00,0.405125
2022-03-20 10:30:00,0.38072497
2022-03-21 10:30:00,0.34162498
2022-03-22 10:30:00,0.3350875
2022-03-23 10:30:00,0.543075
2022-03-24 10:30:00,0.71705
2022-03-25 10:30:00,0.535675
2022-03-26 10:30:00,0.43349996
2022-03-27 10:30:00,0.33991247
2022-03-28 10:30:00,0.28186247
2022-03-29 10:30:00,0.2881875
2022-03-30 10:30:00,0.21813749
2022-03-31 10:30:00,0.2483
2022-04-01 10:30:00,0.23736249
2022-04-02 10:30:00,0.2769
2022-04-03 10:30:00,0.2307625
2022-04-04 10:30:00,0.33162498
2022-04-05 10:30:00,0.2659875
2022-04-06 10:30:00,0.287325
2022-04-07 10:30:00,0.3200625
2022-04-08 10:30:00,0.2882875
2022-04-09 10:30:00,0.2433625
2022-04-10 10:30:00,0.3232625
2022-04-11 10:30:00,0.3573625
2022-04-12 10:30:00,0.3453125
2022-04-13 10:30:00,0.31905
2022-04-14 10:30:00,0.37011248
2022-04-15 10:30:00,0.22757499
2022-04-16 10:30:00,0.2749
2022-04-17 10:30:00,0.33329996
2022-04-18 10:30:00,0.2904
2022-04-19 10:30:00,0.1791875
2022-04-20 10:30:00,0.26058748
2022-04-21 10:30:00,0.83235
2022-04-22 10:30:00,0.37191248
2022-04-23 10:30:00,0.3934375
2022-04-24 10:30:00,0.49857497
2022-04-25 10:30:00,0.6109
2022-04-26 10:30:00,0.4565
2022-04-27 10:30:00,0.29883748
2022-04-28 10:30:00,0.257525
2022-04-29 10:30:00,0.6009
2022-04-30 10:30:00,0.40621248
2022-05-01 10:30:00,0.45886248
2022-05-02 10:30:00,0.362625
2022-05-03 10:30:00,0.48958746
2022-05-04 10:30:00,0.497825
2022-05-05 10:30:00,0.7326625
2022-05-06 10:30:00,0.29363748
2022-05-07 10:30:00,0.2421125
2022-05-08 10:30:00,0.21357499
2022-05-09 10:30:00,0.208325
2022-05-10 10:30:00,0.72105
2022-05-11 10:30:00,0.4674
2022-05-12 10:30:00,0.498675
2022-05-13 10:30:00,0.737175
2022-05-14 10:30:00,0.41943747
2022-05-15 10:30:00,0.4292375
2022-05-16 10:30:00,0.322375
2022-05-17 10:30:00,0.44178748
2022-05-18 10:30:00,0.38728753
2022-05-19 10:30:00,0.40621248
2022-05-20 10:30:00,0.287875
2022-05-21 10:30:00,0.4163125
2022-05-22 10:30:00,0.34158748
2022-05-23 10:30:00,0.3675625
2022-05-24 10:30:00,0.7788624
2022-05-25 10:30:00,0.5091375
2022-05-26 10:30:00,0.44081247
2022-05-27 10:30:00,0.29045
2022-05-28 10:30:00,0.48197496
2022-05-29 10:30:00,0.8092875
2022-05-30 10:30:00,0.6079125
2022-05-31 10:30:00,0.5630625
2022-06-01 10:30:00,0.6180875
2022-06-02 10:30:00,0.44875
2022-06-03 10:30:00,0.5611375
2022-06-04 10:30:00,0.74712497
2022-06-05 10:30:00,0.7659375
2022-06-06 10:30:00,0.69857496
2022-06-07 10:30:00,0.9149375
2022-06-08 10:30:00,0.793375
2022-06-09 10:30:00,0.73411244
2022-06-10 10:30:00,0.65709996
2022-06-11 10:30:00,0.6882125
2022-06-12 10:30:00,0.8742125
2022-06-13 10:30:00,0.8323625
2022-06-14 10:30:00,0.8668375
2022-06-15 10:30:00,0.6272375
2022-06-16 10:30:00,0.730375
2022-06-17 10:30:00,0.684075
2022-06-18 10:30:00,0.597225
2022-06-19 10:30:00,0.60912496
2022-06-20 10:30:00,0.67284995
2022-06-21 10:30:00,0.5197375
2022-06-22 10:30:00,0.6331625
2022-06-23 10:30:00,0.665875
2022-06-24 10:30:00,0.8070625
2022-06-25 10:30:00,0.69826245
2022-06-26 10:30:00,0.62624997
2022-06-27 10:30:00,0.6271875
2022-06-28 10:30:00,0.6804625
2022-06-29 10:30:00,0.6172625
2022-06-30 10:30:00,0.8332125
2022-07-01 10:30:00,0.79623747
2022-07-02 10:30:00,0.67695
2022-07-03 10:30:00,0.68404996
2022-07-04 10:30:00,0.78848743
2022-07-05 10:30:00,0.863575
2022-07-06 10:30:00,0.822975
2022-07-07 10:30:00,0.73585
2022-07-08 10:30:00,0.59599996
2022-07-09 10:30:00,0.6196875
2022-07-10 10:30:00,0.65316254
2022-07-11 10:30:00,0.70777494
2022-07-12 10:30:00,0.6180125
2022-07-13 10:30:00,0.8563375
2022-07-14 10:30:00,0.79885
2022-07-15 10:30:00,0.885025
2022-07-16 10:30:00,0.8189125
2022-07-17 10:30:00,0.7932875
2022-07-18 10:30:00,0.8251
2022-07-19 10:30:00,0.7414875
2022-07-20 10:30:00,0.774875
2022-07-21 10:30:00,0.6192875
2022-07-22 10:30:00,0.69334996
2022-07-23 10:30:00,0.89864993
2022-07-24 10:30:00,0.8480625
2022-07-25 10:30:00,0.8153875
2022-07-26 10:30:00,0.82893753
2022-07-27 10:30:00,0.8713375
2022-07-28 10:30:00,0.8228125
2022-07-29 10:30:00,0.845525
2022-07-30 10:30:00,0.79667497
2022-07-31 10:30:00,0.764125
2022-08-01 10:30:00,0.70411247
2022-08-02 10:30:00,0.7376
2022-08-03 10:30:00,0.73019993
2022-08-04 10:30:00,0.84528744
2022-08-05 10:30:00,0.55326253
2022-08-06 10:30:00,0.68464994
2022-08-07 10:30:00,0.6314625
2022-08-08 10:30:00,0.5175875
2022-08-09 10:30:00,0.4626875
2022-08-10 10:30:00,0.4842625
2022-08-11 10:30:00,0.623325
2022-08-12 10:30:00,0.62119997
2022-08-13 10:30:00,0.65669996
2022-08-14 10:30:00,0.74474996
2022-08-15 10:30:00,0.88453746
2022-08-16 10:30:00,0.631875
2022-08-17 10:30:00,0.6366625
2022-08-18 10:30:00,0.75083745
2022-08-19 10:30:00,0.59732497
2022-08-20 10:30:00,0.6498625
2022-08-21 10:30:00,0.71036243
2022-08-22 10:30:00,0.63018745
2022-08-23 10:30:00,0.54311246
2022-08-24 10:30:00,0.6121375
2022-08-25 10:30:00,0.5592125
2022-08-26 10:30:00,0.6397875
2022-08-27 10:30:00,0.5384375
2022-08-28 10:30:00,0.6082625
2022-08-29 10:30:00,0.700175
2022-08-30 10:30:00,0.66302496
2022-08-31 10:30:00,0.54845
2022-09-01 10:30:00,0.4979125
2022-09-02 10:30:00,0.5107
2022-09-03 10:30:00,0.659625
2022-09-04 10:30:00,0.66582495
2022-09-05 10:30:00,0.5415625
2022-09-06 10:30:00,0.7090875
2022-09-07 10:30:00,0.52292496
2022-09-08 10:30:00,0.542875
2022-09-09 10:30:00,0.599025
2022-09-10 10:30:00,0.6751
2022-09-11 10:30:00,0.666375
2022-09-12 10:30:00,0.6956375
2022-09-13 10:30:00,0.620425
2022-09-14 10:30:00,0.6725625
2022-09-15 10:30:00,0.680775
2022-09-16 10:30:00,0.6854625
2022-09-17 10:30:00,0.45298752
2022-09-18 10:30:00,0.37822497
2022-09-19 10:30:00,0.279825
2022-09-20 10:30:00,0.402975
2022-09-21 10:30:00,0.38701248
2022-09-22 10:30:00,0.82514995
2022-09-23 10:30:00,0.5906625
2022-09-24 10:30:00,0.51465
2022-09-25 10:30:00,0.4495375
2022-09-26 10:30:00,0.543625
2022-09-27 10:30:00,0.43307498
2022-09-28 10:30:00,0.5014
2022-09-29 10:30:00,0.42995003
2022-09-30 10:30:00,0.79153746
2022-10-01 10:30:00,0.74356246
2022-10-02 10:30:00,0.70428747
2022-10-03 10:30:00,0.51011246
2022-10-04 10:30:00,0.42319998
2022-10-05 10:30:00,0.46505
2022-10-06 10:30:00,0.575
2022-10-07 10:30:00,0.517125
2022-10-08 10:30:00,0.7872125
2022-10-09 10:30:00,0.46724996
2022-10-10 10:30:00,0.3942625
2022-10-11 10:30:00,0.43099996
2022-10-12 10:30:00,0.3771
2022-10-13 10:30:00,0.41076246
2022-10-14 10:30:00,0.39098752
2022-10-15 10:30:00,0.33221248
2022-10-16 10:30:00,0.4515375
2022-10-17 10:30:00,0.4222625
2022-10-18 10:30:00,0.4658875
2022-10-19 10:30:00,0.2947875
2022-10-20 10:30:00,0.42784998
2022-10-21 10:30:00,0.5096625
2022-10-22 10:30:00,0.5129
2022-10-23 10:30:00,0.4572
2022-10-24 10:30:00,0.5026
2022-10-25 10:30:00,0.4460125
2022-10-26 10:30:00,0.4998375
2022-10-27 10:30:00,0.47619998
2022-10-28 10:30:00,0.48003748
2022-10-29 10:30:00,0.521275
2022-10-30 10:30:00,0.5543625
2022-10-31 10:30:00,0.48131248
2022-11-01 10:30:00,0.40346247
2022-11-02 10:30:00,0.3034375
2022-11-03 10:30:00,0.415825
2022-11-04 10:30:00,0.3870625
2022-11-05 10:30:00,0.4698
2022-11-06 10:30:00,0.48104998
2022-11-07 10:30:00,0.52489996
2022-11-08 10:30:00,0.42346248
2022-11-09 10:30:00,0.41808748
2022-11-10 10:30:00,0.536925
2022-11-11 10:30:00,0.4483125
2022-11-12 10:30:00,0.425475
2022-11-13 10:30:00,0.5882
2022-11-14 10:30:00,0.50088745
2022-11-15 10:30:00,0.430325
2022-11-16 10:30:00,0.53625
2022-11-17 10:30:00,0.4833625
2022-11-18 10:30:00,0.50075
2022-11-19 10:30:00,0.51941246
2022-11-20 10:30:00,0.42705
2022-11-21 10:30:00,0.4415
2022-11-22 10:30:00,0.53424996
2022-11-23 10:30:00,0.5997125
2022-11-24 10:30:00,0.894525
2022-11-25 10:30:00,0.6155
2022-11-26 10:30:00,0.43627498
2022-11-27 10:30:00,0.7907875
2022-11-28 10:30:00,0.7391375
2022-11-29 10:30:00,0.4774125
2022-11-30 10:30:00,0.4558625
2022-12-01 10:30:00,0.48818746
2022-12-02 10:30:00,0.51138747
2022-12-03 10:30:00,0.44272497
2022-12-04 10:30:00,0.4896125
2022-12-05 10:30:00,0.4916125
2022-12-06 10:30:00,0.531875
2022-12-07 10:30:00,0.5653875
2022-12-08 10:30:00,0.5853125
2022-12-09 10:30:00,0.5810625
2022-12-10 10:30:00,0.5815
2022-12-11 10:30:00,0.51
2022-12-12 10:30:00,0.4485625
2022-12-13 10:30:00,0.408525
2022-12-14 10:30:00,0.3510625
2022-12-15 10:30:00,0.4636375
2022-12-16 10:30:00,0.4678875
2022-12-17 10:30:00,0.4599375
2022-12-18 10:30:00,0.43785
2022-12-19 10:30:00,0.5652125
2022-12-20 10:30:00,0.71275
2022-12-21 10:30:00,0.6579625
2022-12-22 10:30:00,0.48233747
2022-12-23 10:30:00,0.45526248
2022-12-24 10:30:00,0.38642502
2022-12-25 10:30:00,0.5869125
2022-12-26 10:30:00,0.6326375
2022-12-27 10:30:00,0.7193875
2022-12-28 10:30:00,0.52875
2022-12-29 10:30:00,0.50374997
2022-12-30 10:30:00,0.4430625
2022-12-31 10:30:00,0.466925
