time,rhum
2012-01-01 10:30:00,0.5398875
2012-01-02 10:30:00,0.54856247
2012-01-03 10:30:00,0.62037504
2012-01-04 10:30:00,0.4669625
2012-01-05 10:30:00,0.5221
2012-01-06 10:30:00,0.442625
2012-01-07 10:30:00,0.46049997
2012-01-08 10:30:00,0.4777875
2012-01-09 10:30:00,0.5634
2012-01-10 10:30:00,0.6279
2012-01-11 10:30:00,0.57485
2012-01-12 10:30:00,0.6786
2012-01-13 10:30:00,0.59987503
2012-01-14 10:30:00,0.4730125
2012-01-15 10:30:00,0.5456875
2012-01-16 10:30:00,0.6932125
2012-01-17 10:30:00,0.5931
2012-01-18 10:30:00,0.616875
2012-01-19 10:30:00,0.65695
2012-01-20 10:30:00,0.35285
2012-01-21 10:30:00,0.309675
2012-01-22 10:30:00,0.34162498
2012-01-23 10:30:00,0.373925
2012-01-24 10:30:00,0.3632625
2012-01-25 10:30:00,0.4227
2012-01-26 10:30:00,0.3453875
2012-01-27 10:30:00,0.3319875
2012-01-28 10:30:00,0.3452375
2012-01-29 10:30:00,0.35165
2012-01-30 10:30:00,0.31562498
2012-01-31 10:30:00,0.357575
2012-02-01 10:30:00,0.3509625
2012-02-02 10:30:00,0.2990875
2012-02-03 10:30:00,0.3451875
2012-02-04 10:30:00,0.38974997
2012-02-05 10:30:00,0.2996875
2012-02-06 10:30:00,0.2642625
2012-02-07 10:30:00,0.3013
2012-02-08 10:30:00,0.3553125
2012-02-09 10:30:00,0.3154875
2012-02-10 10:30:00,0.318975
2012-02-11 10:30:00,0.30585
2012-02-12 10:30:00,0.33166248
2012-02-13 10:30:00,0.28347498
2012-02-14 10:30:00,0.3559875
2012-02-15 10:30:00,0.31895
2012-02-16 10:30:00,0.3192375
2012-02-17 10:30:00,0.3258
2012-02-18 10:30:00,0.32951248
2012-02-19 10:30:00,0.30638748
2012-02-20 10:30:00,0.197975
2012-02-21 10:30:00,0.1875875
2012-02-22 10:30:00,0.20341249
2012-02-23 10:30:00,0.2818375
2012-02-24 10:30:00,0.304425
2012-02-25 10:30:00,0.236025
2012-02-26 10:30:00,0.3224125
2012-02-27 10:30:00,0.3505875
2012-02-28 10:30:00,0.27691248
2012-02-29 10:30:00,0.28715
2012-03-01 10:30:00,0.21952501
2012-03-02 10:30:00,0.235875
2012-03-03 10:30:00,0.20656249
2012-03-04 10:30:00,0.39259997
2012-03-05 10:30:00,0.74882495
2012-03-06 10:30:00,0.5026
2012-03-07 10:30:00,0.568175
2012-03-08 10:30:00,0.3744
2012-03-09 10:30:00,0.30462497
2012-03-10 10:30:00,0.5152625
2012-03-11 10:30:00,0.4321375
2012-03-12 10:30:00,0.3938
2012-03-13 10:30:00,0.32638747
2012-03-14 10:30:00,0.34475
2012-03-15 10:30:00,0.418825
2012-03-16 10:30:00,0.2746625
2012-03-17 10:30:00,0.1950625
2012-03-18 10:30:00,0.2259375
2012-03-19 10:30:00,0.1780625
2012-03-20 10:30:00,0.216875
2012-03-21 10:30:00,0.300125
2012-03-22 10:30:00,0.21831249
2012-03-23 10:30:00,0.42726249
2012-03-24 10:30:00,0.3153125
2012-03-25 10:30:00,0.27625
2012-03-26 10:30:00,0.2583625
2012-03-27 10:30:00,0.19325
2012-03-28 10:30:00,0.16709998
2012-03-29 10:30:00,0.66421247
2012-03-30 10:30:00,0.3938625
2012-03-31 10:30:00,0.5573875
2012-04-01 10:30:00,0.2258
2012-04-02 10:30:00,0.2283375
2012-04-03 10:30:00,0.2892375
2012-04-04 10:30:00,0.4301875
2012-04-05 10:30:00,0.33575
2012-04-06 10:30:00,0.208575
2012-04-07 10:30:00,0.22264999
2012-04-08 10:30:00,0.35202497
2012-04-09 10:30:00,0.18710001
2012-04-10 10:30:00,0.1999625
2012-04-11 10:30:00,0.238925
2012-04-12 10:30:00,0.23365
2012-04-13 10:30:00,0.174125
2012-04-14 10:30:00,0.3616125
2012-04-15 10:30:00,0.224575
2012-04-16 10:30:00,0.1660625
2012-04-17 10:30:00,0.2358625
2012-04-18 10:30:00,0.3189
2012-04-19 10:30:00,0.44783747
2012-04-20 10:30:00,0.1958375
2012-04-21 10:30:00,0.4619375
2012-04-22 10:30:00,0.470125
2012-04-23 10:30:00,0.49549997
2012-04-24 10:30:00,0.28035
2012-04-25 10:30:00,0.18765
2012-04-26 10:30:00,0.1656625
2012-04-27 10:30:00,0.6022
2012-04-28 10:30:00,0.26805
2012-04-29 10:30:00,0.163675
2012-04-30 10:30:00,0.24257499
2012-05-01 10:30:00,0.1478625
2012-05-02 10:30:00,0.26985
2012-05-03 10:30:00,0.16004999
2012-05-04 10:30:00,0.1629
2012-05-05 10:30:00,0.1494125
2012-05-06 10:30:00,0.32799998
2012-05-07 10:30:00,0.3479375
2012-05-08 10:30:00,0.39636248
2012-05-09 10:30:00,0.35007498
2012-05-10 10:30:00,0.40107498
2012-05-11 10:30:00,0.34735
2012-05-12 10:30:00,0.72287494
2012-05-13 10:30:00,0.70866245
2012-05-14 10:30:00,0.56885
2012-05-15 10:30:00,0.64165
2012-05-16 10:30:00,0.810775
2012-05-17 10:30:00,0.4003875
2012-05-18 10:30:00,0.3335875
2012-05-19 10:30:00,0.16792499
2012-05-20 10:30:00,0.254975
2012-05-21 10:30:00,0.303675
2012-05-22 10:30:00,0.3616875
2012-05-23 10:30:00,0.2162125
2012-05-24 10:30:00,0.2256125
2012-05-25 10:30:00,0.3171875
2012-05-26 10:30:00,0.41193748
2012-05-27 10:30:00,0.319475
2012-05-28 10:30:00,0.46871248
2012-05-29 10:30:00,0.51972497
2012-05-30 10:30:00,0.690775
2012-05-31 10:30:00,0.6161
2012-06-01 10:30:00,0.42769998
2012-06-02 10:30:00,0.78888744
2012-06-03 10:30:00,0.66275
2012-06-04 10:30:00,0.78645
2012-06-05 10:30:00,0.49510002
2012-06-06 10:30:00,0.63479996
2012-06-07 10:30:00,0.5305625
2012-06-08 10:30:00,0.6163875
2012-06-09 10:30:00,0.45448747
2012-06-10 10:30:00,0.4009
2012-06-11 10:30:00,0.69372493
2012-06-12 10:30:00,0.89566255
2012-06-13 10:30:00,0.8832
2012-06-14 10:30:00,0.78847504
2012-06-15 10:30:00,0.9387124
2012-06-16 10:30:00,0.8491749
2012-06-17 10:30:00,0.8777875
2012-06-18 10:30:00,0.6806375
2012-06-19 10:30:00,0.619975
2012-06-20 10:30:00,0.5492875
2012-06-21 10:30:00,0.565325
2012-06-22 10:30:00,0.535175
2012-06-23 10:30:00,0.71761245
2012-06-24 10:30:00,0.7940625
2012-06-25 10:30:00,0.65498745
2012-06-26 10:30:00,0.65216255
2012-06-27 10:30:00,0.8297125
2012-06-28 10:30:00,0.7148749
2012-06-29 10:30:00,0.78753746
2012-06-30 10:30:00,0.46612498
2012-07-01 10:30:00,0.83826244
2012-07-02 10:30:00,0.85122496
2012-07-03 10:30:00,0.793925
2012-07-04 10:30:00,0.7163375
2012-07-05 10:30:00,0.7016625
2012-07-06 10:30:00,0.62544996
2012-07-07 10:30:00,0.58011246
2012-07-08 10:30:00,0.71898746
2012-07-09 10:30:00,0.7368125
2012-07-10 10:30:00,0.76371247
2012-07-11 10:30:00,0.91347504
2012-07-12 10:30:00,0.84845
2012-07-13 10:30:00,0.661475
2012-07-14 10:30:00,0.596575
2012-07-15 10:30:00,0.5943625
2012-07-16 10:30:00,0.541175
2012-07-17 10:30:00,0.5183
2012-07-18 10:30:00,0.69654995
2012-07-19 10:30:00,0.6736375
2012-07-20 10:30:00,0.7138125
2012-07-21 10:30:00,0.8155625
2012-07-22 10:30:00,0.8723124
2012-07-23 10:30:00,0.61597496
2012-07-24 10:30:00,0.733625
2012-07-25 10:30:00,0.78558755
2012-07-26 10:30:00,0.6340875
2012-07-27 10:30:00,0.59604996
2012-07-28 10:30:00,0.8726124
2012-07-29 10:30:00,0.88283753
2012-07-30 10:30:00,0.819075
2012-07-31 10:30:00,0.66811246
2012-08-01 10:30:00,0.63054997
2012-08-02 10:30:00,0.71275
2012-08-03 10:30:00,0.71026254
2012-08-04 10:30:00,0.71255
2012-08-05 10:30:00,0.64636254
2012-08-06 10:30:00,0.62049997
2012-08-07 10:30:00,0.62302494
2012-08-08 10:30:00,0.61031246
2012-08-09 10:30:00,0.47435
2012-08-10 10:30:00,0.692575
2012-08-11 10:30:00,0.6357875
2012-08-12 10:30:00,0.546075
2012-08-13 10:30:00,0.45143747
2012-08-14 10:30:00,0.550425
2012-08-15 10:30:00,0.5368125
2012-08-16 10:30:00,0.48743752
2012-08-17 10:30:00,0.66662496
2012-08-18 10:30:00,0.53737503
2012-08-19 10:30:00,0.4828625
2012-08-20 10:30:00,0.51467496
2012-08-21 10:30:00,0.44927496
2012-08-22 10:30:00,0.324125
2012-08-23 10:30:00,0.42041248
2012-08-24 10:30:00,0.561275
2012-08-25 10:30:00,0.53776246
2012-08-26 10:30:00,0.580325
2012-08-27 10:30:00,0.68441254
2012-08-28 10:30:00,0.60709995
2012-08-29 10:30:00,0.45268747
2012-08-30 10:30:00,0.509775
2012-08-31 10:30:00,0.6557625
2012-09-01 10:30:00,0.6106375
2012-09-02 10:30:00,0.889925
2012-09-03 10:30:00,0.729925
2012-09-04 10:30:00,0.7933
2012-09-05 10:30:00,0.64911246
2012-09-06 10:30:00,0.48834997
2012-09-07 10:30:00,0.6000625
2012-09-08 10:30:00,0.72247493
2012-09-09 10:30:00,0.6827875
2012-09-10 10:30:00,0.6579125
2012-09-11 10:30:00,0.89406246
2012-09-12 10:30:00,0.81796247
2012-09-13 10:30:00,0.7651875
2012-09-14 10:30:00,0.5742375
2012-09-15 10:30:00,0.63576245
2012-09-16 10:30:00,0.598525
2012-09-17 10:30:00,0.5686125
2012-09-18 10:30:00,0.57607496
2012-09-19 10:30:00,0.5941125
2012-09-20 10:30:00,0.44096246
2012-09-21 10:30:00,0.5127125
2012-09-22 10:30:00,0.69796246
2012-09-23 10:30:00,0.652325
2012-09-24 10:30:00,0.5522625
2012-09-25 10:30:00,0.84818745
2012-09-26 10:30:00,0.5521125
2012-09-27 10:30:00,0.85091245
2012-09-28 10:30:00,0.44587502
2012-09-29 10:30:00,0.53415
2012-09-30 10:30:00,0.577
2012-10-01 10:30:00,0.635425
2012-10-02 10:30:00,0.505625
2012-10-03 10:30:00,0.851175
2012-10-04 10:30:00,0.53271246
2012-10-05 10:30:00,0.471575
2012-10-06 10:30:00,0.5026625
2012-10-07 10:30:00,0.58166254
2012-10-08 10:30:00,0.58975
2012-10-09 10:30:00,0.59748745
2012-10-10 10:30:00,0.4813
2012-10-11 10:30:00,0.5161375
2012-10-12 10:30:00,0.552
2012-10-13 10:30:00,0.61896247
2012-10-14 10:30:00,0.5261875
2012-10-15 10:30:00,0.574075
2012-10-16 10:30:00,0.7972875
2012-10-17 10:30:00,0.534225
2012-10-18 10:30:00,0.4696
2012-10-19 10:30:00,0.3484875
2012-10-20 10:30:00,0.36854997
2012-10-21 10:30:00,0.45936248
2012-10-22 10:30:00,0.506025
2012-10-23 10:30:00,0.61992496
2012-10-24 10:30:00,0.663575
2012-10-25 10:30:00,0.44963747
2012-10-26 10:30:00,0.58
2012-10-27 10:30:00,0.3707375
2012-10-28 10:30:00,0.329875
2012-10-29 10:30:00,0.37292498
2012-10-30 10:30:00,0.59012496
2012-10-31 10:30:00,0.5348375
2012-11-01 10:30:00,0.4832625
2012-11-02 10:30:00,0.4343
2012-11-03 10:30:00,0.4839125
2012-11-04 10:30:00,0.54096246
2012-11-05 10:30:00,0.595125
2012-11-06 10:30:00,0.533075
2012-11-07 10:30:00,0.504925
2012-11-08 10:30:00,0.5535375
2012-11-09 10:30:00,0.59362495
2012-11-10 10:30:00,0.64905
2012-11-11 10:30:00,0.69815
2012-11-12 10:30:00,0.68824995
2012-11-13 10:30:00,0.61861247
2012-11-14 10:30:00,0.61601245
2012-11-15 10:30:00,0.4945375
2012-11-16 10:30:00,0.51963747
2012-11-17 10:30:00,0.6817
2012-11-18 10:30:00,0.8461
2012-11-19 10:30:00,0.6419375
2012-11-20 10:30:00,0.59236246
2012-11-21 10:30:00,0.5378875
2012-11-22 10:30:00,0.51081246
2012-11-23 10:30:00,0.6004625
2012-11-24 10:30:00,0.69263744
2012-11-25 10:30:00,0.5804875
2012-11-26 10:30:00,0.515975
2012-11-27 10:30:00,0.70255005
2012-11-28 10:30:00,0.5084375
2012-11-29 10:30:00,0.48072496
2012-11-30 10:30:00,0.4193
2012-12-01 10:30:00,0.5937
2012-12-02 10:30:00,0.6898
2012-12-03 10:30:00,0.4955375
2012-12-04 10:30:00,0.4793625
2012-12-05 10:30:00,0.41807497
2012-12-06 10:30:00,0.4117125
2012-12-07 10:30:00,0.5148
2012-12-08 10:30:00,0.5359125
2012-12-09 10:30:00,0.7731375
2012-12-10 10:30:00,0.69804996
2012-12-11 10:30:00,0.6615125
2012-12-12 10:30:00,0.71787494
2012-12-13 10:30:00,0.50448745
2012-12-14 10:30:00,0.5534375
2012-12-15 10:30:00,0.7773375
2012-12-16 10:30:00,0.575875
2012-12-17 10:30:00,0.47167498
2012-12-18 10:30:00,0.4873875
2012-12-19 10:30:00,0.489975
2012-12-20 10:30:00,0.593
2012-12-21 10:30:00,0.4744625
2012-12-22 10:30:00,0.43375
2012-12-23 10:30:00,0.4133125
2012-12-24 10:30:00,0.48868752
2012-12-25 10:30:00,0.39755002
2012-12-26 10:30:00,0.53678745
2012-12-27 10:30:00,0.59319997
2012-12-28 10:30:00,0.66307503
2012-12-29 10:30:00,0.6532375
2012-12-30 10:30:00,0.4981
2012-12-31 10:30:00,0.58305
2013-01-01 10:30:00,0.4479625
2013-01-02 10:30:00,0.4197
2013-01-03 10:30:00,0.38826248
2013-01-04 10:30:00,0.38818747
2013-01-05 10:30:00,0.40717497
2013-01-06 10:30:00,0.58709997
2013-01-07 10:30:00,0.62544996
2013-01-08 10:30:00,0.436175
2013-01-09 10:30:00,0.497525
2013-01-10 10:30:00,0.572825
2013-01-11 10:30:00,0.62084997
2013-01-12 10:30:00,0.6825625
2013-01-13 10:30:00,0.6438
2013-01-14 10:30:00,0.6336125
2013-01-15 10:30:00,0.6869625
2013-01-16 10:30:00,0.539475
2013-01-17 10:30:00,0.567275
2013-01-18 10:30:00,0.698675
2013-01-19 10:30:00,0.64936244
2013-01-20 10:30:00,0.696975
2013-01-21 10:30:00,0.6987625
2013-01-22 10:30:00,0.6231875
2013-01-23 10:30:00,0.6253875
2013-01-24 10:30:00,0.37221247
2013-01-25 10:30:00,0.4744625
2013-01-26 10:30:00,0.498025
2013-01-27 10:30:00,0.63532495
2013-01-28 10:30:00,0.74792504
2013-01-29 10:30:00,0.6890125
2013-01-30 10:30:00,0.78903747
2013-01-31 10:30:00,0.687375
2013-02-01 10:30:00,0.3785375
2013-02-02 10:30:00,0.4147875
2013-02-03 10:30:00,0.6582625
2013-02-04 10:30:00,0.485175
2013-02-05 10:30:00,0.56186247
2013-02-06 10:30:00,0.36509997
2013-02-07 10:30:00,0.3858625
2013-02-08 10:30:00,0.39826247
2013-02-09 10:30:00,0.4274875
2013-02-10 10:30:00,0.400125
2013-02-11 10:30:00,0.46986246
2013-02-12 10:30:00,0.47562498
2013-02-13 10:30:00,0.4023875
2013-02-14 10:30:00,0.39816248
2013-02-15 10:30:00,0.4727
2013-02-16 10:30:00,0.67559993
2013-02-17 10:30:00,0.423575
2013-02-18 10:30:00,0.3054125
2013-02-19 10:30:00,0.32607502
2013-02-20 10:30:00,0.3087875
2013-02-21 10:30:00,0.3603125
2013-02-22 10:30:00,0.4025375
2013-02-23 10:30:00,0.2364125
2013-02-24 10:30:00,0.392
2013-02-25 10:30:00,0.5135875
2013-02-26 10:30:00,0.7541
2013-02-27 10:30:00,0.38082498
2013-02-28 10:30:00,0.7079875
2013-03-01 10:30:00,0.342975
2013-03-02 10:30:00,0.457275
2013-03-03 10:30:00,0.6668125
2013-03-04 10:30:00,0.44342497
2013-03-05 10:30:00,0.65177494
2013-03-06 10:30:00,0.4493125
2013-03-07 10:30:00,0.23169999
2013-03-08 10:30:00,0.48619998
2013-03-09 10:30:00,0.59615
2013-03-10 10:30:00,0.4765125
2013-03-11 10:30:00,0.54735
2013-03-12 10:30:00,0.3325875
2013-03-13 10:30:00,0.343875
2013-03-14 10:30:00,0.45665
2013-03-15 10:30:00,0.5372625
2013-03-16 10:30:00,0.43825
2013-03-17 10:30:00,0.3298875
2013-03-18 10:30:00,0.29459998
2013-03-19 10:30:00,0.26545
2013-03-20 10:30:00,0.27702498
2013-03-21 10:30:00,0.34162498
2013-03-22 10:30:00,0.28692502
2013-03-23 10:30:00,0.4316375
2013-03-24 10:30:00,0.3666125
2013-03-25 10:30:00,0.3068625
2013-03-26 10:30:00,0.3119375
2013-03-27 10:30:00,0.422
2013-03-28 10:30:00,0.3275
2013-03-29 10:30:00,0.33767498
2013-03-30 10:30:00,0.2721625
2013-03-31 10:30:00,0.24612498
2013-04-01 10:30:00,0.2537375
2013-04-02 10:30:00,0.243775
2013-04-03 10:30:00,0.2332625
2013-04-04 10:30:00,0.4032125
2013-04-05 10:30:00,0.6367625
2013-04-06 10:30:00,0.36396247
2013-04-07 10:30:00,0.34041247
2013-04-08 10:30:00,0.41384998
2013-04-09 10:30:00,0.2499875
2013-04-10 10:30:00,0.4568375
2013-04-11 10:30:00,0.37395
2013-04-12 10:30:00,0.2710375
2013-04-13 10:30:00,0.23124999
2013-04-14 10:30:00,0.21507499
2013-04-15 10:30:00,0.17503749
2013-04-16 10:30:00,0.2219
2013-04-17 10:30:00,0.2032625
2013-04-18 10:30:00,0.2662875
2013-04-19 10:30:00,0.2099625
2013-04-20 10:30:00,0.2290875
2013-04-21 10:30:00,0.21065
2013-04-22 10:30:00,0.33486247
2013-04-23 10:30:00,0.3295375
2013-04-24 10:30:00,0.5812
2013-04-25 10:30:00,0.69334996
2013-04-26 10:30:00,0.3330625
2013-04-27 10:30:00,0.26343748
2013-04-28 10:30:00,0.633725
2013-04-29 10:30:00,0.8911374
2013-04-30 10:30:00,0.61335
2013-05-01 10:30:00,0.507125
2013-05-02 10:30:00,0.48689997
2013-05-03 10:30:00,0.33089998
2013-05-04 10:30:00,0.2263625
2013-05-05 10:30:00,0.267525
2013-05-06 10:30:00,0.3353875
2013-05-07 10:30:00,0.203675
2013-05-08 10:30:00,0.38072497
2013-05-09 10:30:00,0.5259625
2013-05-10 10:30:00,0.38322496
2013-05-11 10:30:00,0.49595
2013-05-12 10:30:00,0.5895
2013-05-13 10:30:00,0.5636875
2013-05-14 10:30:00,0.75906247
2013-05-15 10:30:00,0.57215
2013-05-16 10:30:00,0.41872495
2013-05-17 10:30:00,0.4557125
2013-05-18 10:30:00,0.4725
2013-05-19 10:30:00,0.5381875
2013-05-20 10:30:00,0.6038
2013-05-21 10:30:00,0.59585
2013-05-22 10:30:00,0.27906248
2013-05-23 10:30:00,0.3107375
2013-05-24 10:30:00,0.2266375
2013-05-25 10:30:00,0.2325
2013-05-26 10:30:00,0.4158625
2013-05-27 10:30:00,0.636925
2013-05-28 10:30:00,0.4381
2013-05-29 10:30:00,0.2941875
2013-05-30 10:30:00,0.308875
2013-05-31 10:30:00,0.3021375
2013-06-01 10:30:00,0.3019375
2013-06-02 10:30:00,0.384575
2013-06-03 10:30:00,0.7168875
2013-06-04 10:30:00,0.5331125
2013-06-05 10:30:00,0.54214996
2013-06-06 10:30:00,0.76568747
2013-06-07 10:30:00,0.61311245
2013-06-08 10:30:00,0.67701244
2013-06-09 10:30:00,0.66311246
2013-06-10 10:30:00,0.4862625
2013-06-11 10:30:00,0.60066247
2013-06-12 10:30:00,0.7332875
2013-06-13 10:30:00,0.4948875
2013-06-14 10:30:00,0.5917125
2013-06-15 10:30:00,0.48819998
2013-06-16 10:30:00,0.51825
2013-06-17 10:30:00,0.48389998
2013-06-18 10:30:00,0.465475
2013-06-19 10:30:00,0.54775
2013-06-20 10:30:00,0.6143125
2013-06-21 10:30:00,0.54083747
2013-06-22 10:30:00,0.40191248
2013-06-23 10:30:00,0.4168875
2013-06-24 10:30:00,0.40902498
2013-06-25 10:30:00,0.7336999
2013-06-26 10:30:00,0.86733747
2013-06-27 10:30:00,0.850225
2013-06-28 10:30:00,0.6776999
2013-06-29 10:30:00,0.8939125
2013-06-30 10:30:00,0.89599997
2013-07-01 10:30:00,0.75415
2013-07-02 10:30:00,0.8297875
2013-07-03 10:30:00,0.731875
2013-07-04 10:30:00,0.65045
2013-07-05 10:30:00,0.524925
2013-07-06 10:30:00,0.589575
2013-07-07 10:30:00,0.599875
2013-07-08 10:30:00,0.65857494
2013-07-09 10:30:00,0.5581625
2013-07-10 10:30:00,0.4596875
2013-07-11 10:30:00,0.6042375
2013-07-12 10:30:00,0.5831625
2013-07-13 10:30:00,0.569525
2013-07-14 10:30:00,0.5681125
2013-07-15 10:30:00,0.89849997
2013-07-16 10:30:00,0.57046247
2013-07-17 10:30:00,0.54601246
2013-07-18 10:30:00,0.71716243
2013-07-19 10:30:00,0.7971375
2013-07-20 10:30:00,0.6245
2013-07-21 10:30:00,0.56197494
2013-07-22 10:30:00,0.6493875
2013-07-23 10:30:00,0.79749995
2013-07-24 10:30:00,0.7496875
2013-07-25 10:30:00,0.70927495
2013-07-26 10:30:00,0.675725
2013-07-27 10:30:00,0.77058744
2013-07-28 10:30:00,0.6356375
2013-07-29 10:30:00,0.67356247
2013-07-30 10:30:00,0.698675
2013-07-31 10:30:00,0.828375
2013-08-01 10:30:00,0.83678746
2013-08-02 10:30:00,0.8054875
2013-08-03 10:30:00,0.87457496
2013-08-04 10:30:00,0.70393753
2013-08-05 10:30:00,0.74081254
2013-08-06 10:30:00,0.77519995
2013-08-07 10:30:00,0.632975
2013-08-08 10:30:00,0.594525
2013-08-09 10:30:00,0.60115
2013-08-10 10:30:00,0.61044997
2013-08-11 10:30:00,0.6648874
2013-08-12 10:30:00,0.77785
2013-08-13 10:30:00,0.51945
2013-08-14 10:30:00,0.51441246
2013-08-15 10:30:00,0.56488746
2013-08-16 10:30:00,0.81011254
2013-08-17 10:30:00,0.717925
2013-08-18 10:30:00,0.600025
2013-08-19 10:30:00,0.6336875
2013-08-20 10:30:00,0.55572504
2013-08-21 10:30:00,0.8102875
2013-08-22 10:30:00,0.6920875
2013-08-23 10:30:00,0.62885
2013-08-24 10:30:00,0.5323875
2013-08-25 10:30:00,0.688475
2013-08-26 10:30:00,0.570325
2013-08-27 10:30:00,0.6136875
2013-08-28 10:30:00,0.918975
2013-08-29 10:30:00,0.65377504
2013-08-30 10:30:00,0.67614996
2013-08-31 10:30:00,0.66045
2013-09-01 10:30:00,0.7090875
2013-09-02 10:30:00,0.7532
2013-09-03 10:30:00,0.6605375
2013-09-04 10:30:00,0.65495
2013-09-05 10:30:00,0.6613375
2013-09-06 10:30:00,0.8934625
2013-09-07 10:30:00,0.76858747
2013-09-08 10:30:00,0.6447875
2013-09-09 10:30:00,0.77875
2013-09-10 10:30:00,0.5548875
2013-09-11 10:30:00,0.57379997
2013-09-12 10:30:00,0.5571
2013-09-13 10:30:00,0.6549375
2013-09-14 10:30:00,0.361125
2013-09-15 10:30:00,0.424975
2013-09-16 10:30:00,0.42636248
2013-09-17 10:30:00,0.5527
2013-09-18 10:30:00,0.60451245
2013-09-19 10:30:00,0.64902496
2013-09-20 10:30:00,0.6199875
2013-09-21 10:30:00,0.557
2013-09-22 10:30:00,0.50256246
2013-09-23 10:30:00,0.412
2013-09-24 10:30:00,0.44498748
2013-09-25 10:30:00,0.428525
2013-09-26 10:30:00,0.34482497
2013-09-27 10:30:00,0.30383748
2013-09-28 10:30:00,0.38455
2013-09-29 10:30:00,0.39444998
2013-09-30 10:30:00,0.41892502
2013-10-01 10:30:00,0.3637125
2013-10-02 10:30:00,0.31265
2013-10-03 10:30:00,0.34681246
2013-10-04 10:30:00,0.34765
2013-10-05 10:30:00,0.313425
2013-10-06 10:30:00,0.38439998
2013-10-07 10:30:00,0.30249998
2013-10-08 10:30:00,0.2701625
2013-10-09 10:30:00,0.43736246
2013-10-10 10:30:00,0.8005874
2013-10-11 10:30:00,0.66973746
2013-10-12 10:30:00,0.49866247
2013-10-13 10:30:00,0.42659998
2013-10-14 10:30:00,0.32533747
2013-10-15 10:30:00,0.321875
2013-10-16 10:30:00,0.44335
2013-10-17 10:30:00,0.4025375
2013-10-18 10:30:00,0.59398746
2013-10-19 10:30:00,0.64446247
2013-10-20 10:30:00,0.8232125
2013-10-21 10:30:00,0.8936
2013-10-22 10:30:00,0.8844249
2013-10-23 10:30:00,0.9243125
2013-10-24 10:30:00,0.7829875
2013-10-25 10:30:00,0.593575
2013-10-26 10:30:00,0.732125
2013-10-27 10:30:00,0.7430875
2013-10-28 10:30:00,0.6247625
2013-10-29 10:30:00,0.50055
2013-10-30 10:30:00,0.52175
2013-10-31 10:30:00,0.554475
2013-11-01 10:30:00,0.491575
2013-11-02 10:30:00,0.6036375
2013-11-03 10:30:00,0.4836
2013-11-04 10:30:00,0.40816247
2013-11-05 10:30:00,0.48288748
2013-11-06 10:30:00,0.6346875
2013-11-07 10:30:00,0.65065
2013-11-08 10:30:00,0.656825
2013-11-09 10:30:00,0.343875
2013-11-10 10:30:00,0.3466125
2013-11-11 10:30:00,0.44287497
2013-11-12 10:30:00,0.5034125
2013-11-13 10:30:00,0.47939998
2013-11-14 10:30:00,0.496225
2013-11-15 10:30:00,0.53848743
2013-11-16 10:30:00,0.62342495
2013-11-17 10:30:00,0.58091253
2013-11-18 10:30:00,0.35738748
2013-11-19 10:30:00,0.2541
2013-11-20 10:30:00,0.3950125
2013-11-21 10:30:00,0.58748746
2013-11-22 10:30:00,0.5420875
2013-11-23 10:30:00,0.5614875
2013-11-24 10:30:00,0.38007498
2013-11-25 10:30:00,0.371575
2013-11-26 10:30:00,0.37095
2013-11-27 10:30:00,0.34186247
2013-11-28 10:30:00,0.31652498
2013-11-29 10:30:00,0.34739998
2013-11-30 10:30:00,0.31145
2013-12-01 10:30:00,0.3799125
2013-12-02 10:30:00,0.52505
2013-12-03 10:30:00,0.48573747
2013-12-04 10:30:00,0.33936247
2013-12-05 10:30:00,0.3184625
2013-12-06 10:30:00,0.35244998
2013-12-07 10:30:00,0.53166246
2013-12-08 10:30:00,0.81021243
2013-12-09 10:30:00,0.593075
2013-12-10 10:30:00,0.676775
2013-12-11 10:30:00,0.614725
2013-12-12 10:30:00,0.4602375
2013-12-13 10:30:00,0.4163
2013-12-14 10:30:00,0.5106375
2013-12-15 10:30:00,0.6299125
2013-12-16 10:30:00,0.75746244
2013-12-17 10:30:00,0.73136246
2013-12-18 10:30:00,0.7412999
2013-12-19 10:30:00,0.7037875
2013-12-20 10:30:00,0.572725
2013-12-21 10:30:00,0.62267494
2013-12-22 10:30:00,0.5554875
2013-12-23 10:30:00,0.63589996
2013-12-24 10:30:00,0.6359125
2013-12-25 10:30:00,0.665675
2013-12-26 10:30:00,0.49479997
2013-12-27 10:30:00,0.52765
2013-12-28 10:30:00,0.47208747
2013-12-29 10:30:00,0.48555
2013-12-30 10:30:00,0.54455
2013-12-31 10:30:00,0.4443375
2014-01-01 10:30:00,0.3256
2014-01-02 10:30:00,0.49901253
2014-01-03 10:30:00,0.53043747
2014-01-04 10:30:00,0.54531246
2014-01-05 10:30:00,0.61265
2014-01-06 10:30:00,0.5608
2014-01-07 10:30:00,0.3563375
2014-01-08 10:30:00,0.33455002
2014-01-09 10:30:00,0.3970375
2014-01-10 10:30:00,0.4195
2014-01-11 10:30:00,0.3930625
2014-01-12 10:30:00,0.2861875
2014-01-13 10:30:00,0.4513
2014-01-14 10:30:00,0.4610875
2014-01-15 10:30:00,0.5172375
2014-01-16 10:30:00,0.482475
2014-01-17 10:30:00,0.4447125
2014-01-18 10:30:00,0.4502625
2014-01-19 10:30:00,0.6288
2014-01-20 10:30:00,0.5440625
2014-01-21 10:30:00,0.5448625
2014-01-22 10:30:00,0.55572504
2014-01-23 10:30:00,0.64995
2014-01-24 10:30:00,0.49967498
2014-01-25 10:30:00,0.3364125
2014-01-26 10:30:00,0.45491248
2014-01-27 10:30:00,0.299325
2014-01-28 10:30:00,0.306225
2014-01-29 10:30:00,0.501475
2014-01-30 10:30:00,0.3639375
2014-01-31 10:30:00,0.35878748
2014-02-01 10:30:00,0.42971247
2014-02-02 10:30:00,0.2408
2014-02-03 10:30:00,0.28315
2014-02-04 10:30:00,0.3434
2014-02-05 10:30:00,0.36178747
2014-02-06 10:30:00,0.37292498
2014-02-07 10:30:00,0.367475
2014-02-08 10:30:00,0.53358746
2014-02-09 10:30:00,0.3957125
2014-02-10 10:30:00,0.41775
2014-02-11 10:30:00,0.50537497
2014-02-12 10:30:00,0.3991875
2014-02-13 10:30:00,0.369975
2014-02-14 10:30:00,0.6957875
2014-02-15 10:30:00,0.627975
2014-02-16 10:30:00,0.5398375
2014-02-17 10:30:00,0.36299998
2014-02-18 10:30:00,0.392825
2014-02-19 10:30:00,0.3393875
2014-02-20 10:30:00,0.3946125
2014-02-21 10:30:00,0.49444997
2014-02-22 10:30:00,0.4280125
2014-02-23 10:30:00,0.3834875
2014-02-24 10:30:00,0.392225
2014-02-25 10:30:00,0.519825
2014-02-26 10:30:00,0.4827125
2014-02-27 10:30:00,0.23059998
2014-02-28 10:30:00,0.36932498
2014-03-01 10:30:00,0.29596248
2014-03-02 10:30:00,0.323425
2014-03-03 10:30:00,0.29815
2014-03-04 10:30:00,0.2867125
2014-03-05 10:30:00,0.276625
2014-03-06 10:30:00,0.27899998
2014-03-07 10:30:00,0.24875
2014-03-08 10:30:00,0.21776249
2014-03-09 10:30:00,0.23815
2014-03-10 10:30:00,0.151675
2014-03-11 10:30:00,0.32404998
2014-03-12 10:30:00,0.41478747
2014-03-13 10:30:00,0.28542498
2014-03-14 10:30:00,0.19897498
2014-03-15 10:30:00,0.37502497
2014-03-16 10:30:00,0.299575
2014-03-17 10:30:00,0.5125625
2014-03-18 10:30:00,0.2952
2014-03-19 10:30:00,0.49342498
2014-03-20 10:30:00,0.3211875
2014-03-21 10:30:00,0.27226248
2014-03-22 10:30:00,0.2012625
2014-03-23 10:30:00,0.2094875
2014-03-24 10:30:00,0.2507
2014-03-25 10:30:00,0.24498749
2014-03-26 10:30:00,0.3372875
2014-03-27 10:30:00,0.289225
2014-03-28 10:30:00,0.298325
2014-03-29 10:30:00,0.27136248
2014-03-30 10:30:00,0.14802499
2014-03-31 10:30:00,0.206675
2014-04-01 10:30:00,0.4501625
2014-04-02 10:30:00,0.3261625
2014-04-03 10:30:00,0.25959998
2014-04-04 10:30:00,0.41224998
2014-04-05 10:30:00,0.2606
2014-04-06 10:30:00,0.18077499
2014-04-07 10:30:00,0.197175
2014-04-08 10:30:00,0.3084375
2014-04-09 10:30:00,0.201625
2014-04-10 10:30:00,0.1832375
2014-04-11 10:30:00,0.1568375
2014-04-12 10:30:00,0.180475
2014-04-13 10:30:00,0.215825
2014-04-14 10:30:00,0.1640625
2014-04-15 10:30:00,0.119174995
2014-04-16 10:30:00,0.1833625
2014-04-17 10:30:00,0.4547375
2014-04-18 10:30:00,0.239325
2014-04-19 10:30:00,0.452125
2014-04-20 10:30:00,0.6651625
2014-04-21 10:30:00,0.2888375
2014-04-22 10:30:00,0.2658125
2014-04-23 10:30:00,0.25966248
2014-04-24 10:30:00,0.3745
2014-04-25 10:30:00,0.34103748
2014-04-26 10:30:00,0.327375
2014-04-27 10:30:00,0.28202498
2014-04-28 10:30:00,0.2167625
2014-04-29 10:30:00,0.176
2014-04-30 10:30:00,0.14215
2014-05-01 10:30:00,0.43136248
2014-05-02 10:30:00,0.38994998
2014-05-03 10:30:00,0.29705
2014-05-04 10:30:00,0.294875
2014-05-05 10:30:00,0.3564625
2014-05-06 10:30:00,0.39955002
2014-05-07 10:30:00,0.3718875
2014-05-08 10:30:00,0.37667498
2014-05-09 10:30:00,0.3495625
2014-05-10 10:30:00,0.61342496
2014-05-11 10:30:00,0.83086246
2014-05-12 10:30:00,0.8261875
2014-05-13 10:30:00,0.76278746
2014-05-14 10:30:00,0.7582125
2014-05-15 10:30:00,0.77465004
2014-05-16 10:30:00,0.7706375
2014-05-17 10:30:00,0.6482875
2014-05-18 10:30:00,0.8101875
2014-05-19 10:30:00,0.8039875
2014-05-20 10:30:00,0.76077497
2014-05-21 10:30:00,0.60735
2014-05-22 10:30:00,0.46961248
2014-05-23 10:30:00,0.43847498
2014-05-24 10:30:00,0.649325
2014-05-25 10:30:00,0.650925
2014-05-26 10:30:00,0.763825
2014-05-27 10:30:00,0.44858748
2014-05-28 10:30:00,0.305175
2014-05-29 10:30:00,0.26247498
2014-05-30 10:30:00,0.2569625
2014-05-31 10:30:00,0.2940375
2014-06-01 10:30:00,0.296275
2014-06-02 10:30:00,0.38618746
2014-06-03 10:30:00,0.4151625
2014-06-04 10:30:00,0.4334875
2014-06-05 10:30:00,0.4179625
2014-06-06 10:30:00,0.3247
2014-06-07 10:30:00,0.66417503
2014-06-08 10:30:00,0.90209997
2014-06-09 10:30:00,0.8235
2014-06-10 10:30:00,0.7439125
2014-06-11 10:30:00,0.7746375
2014-06-12 10:30:00,0.6234875
2014-06-13 10:30:00,0.49388748
2014-06-14 10:30:00,0.439825
2014-06-15 10:30:00,0.45955
2014-06-16 10:30:00,0.5059125
2014-06-17 10:30:00,0.58165
2014-06-18 10:30:00,0.5481
2014-06-19 10:30:00,0.48857498
2014-06-20 10:30:00,0.6223125
2014-06-21 10:30:00,0.66512495
2014-06-22 10:30:00,0.5141
2014-06-23 10:30:00,0.48853752
2014-06-24 10:30:00,0.4860125
2014-06-25 10:30:00,0.6011125
2014-06-26 10:30:00,0.6803625
2014-06-27 10:30:00,0.4894875
2014-06-28 10:30:00,0.512675
2014-06-29 10:30:00,0.48979998
2014-06-30 10:30:00,0.50355
2014-07-01 10:30:00,0.51431245
2014-07-02 10:30:00,0.5476625
2014-07-03 10:30:00,0.7458875
2014-07-04 10:30:00,0.4158625
2014-07-05 10:30:00,0.5721125
2014-07-06 10:30:00,0.6199125
2014-07-07 10:30:00,0.8328875
2014-07-08 10:30:00,0.5467
2014-07-09 10:30:00,0.5776875
2014-07-10 10:30:00,0.76344997
2014-07-11 10:30:00,0.80004996
2014-07-12 10:30:00,0.7596125
2014-07-13 10:30:00,0.7268125
2014-07-14 10:30:00,0.6521375
2014-07-15 10:30:00,0.7687125
2014-07-16 10:30:00,0.8242
2014-07-17 10:30:00,0.7493875
2014-07-18 10:30:00,0.73323745
2014-07-19 10:30:00,0.82393754
2014-07-20 10:30:00,0.8325
2014-07-21 10:30:00,0.593175
2014-07-22 10:30:00,0.5784375
2014-07-23 10:30:00,0.58744997
2014-07-24 10:30:00,0.59475
2014-07-25 10:30:00,0.648625
2014-07-26 10:30:00,0.6556375
2014-07-27 10:30:00,0.55732495
2014-07-28 10:30:00,0.6623375
2014-07-29 10:30:00,0.8152875
2014-07-30 10:30:00,0.7919625
2014-07-31 10:30:00,0.5994
2014-08-01 10:30:00,0.49811247
2014-08-02 10:30:00,0.64253753
2014-08-03 10:30:00,0.52037495
2014-08-04 10:30:00,0.5563625
2014-08-05 10:30:00,0.68331254
2014-08-06 10:30:00,0.63079995
2014-08-07 10:30:00,0.54375
2014-08-08 10:30:00,0.52521247
2014-08-09 10:30:00,0.6879
2014-08-10 10:30:00,0.7717125
2014-08-11 10:30:00,0.71035004
2014-08-12 10:30:00,0.5193125
2014-08-13 10:30:00,0.4985875
2014-08-14 10:30:00,0.7987874
2014-08-15 10:30:00,0.88764995
2014-08-16 10:30:00,0.81053746
2014-08-17 10:30:00,0.71951246
2014-08-18 10:30:00,0.71495
2014-08-19 10:30:00,0.6906625
2014-08-20 10:30:00,0.7241625
2014-08-21 10:30:00,0.6302875
2014-08-22 10:30:00,0.6721875
2014-08-23 10:30:00,0.65057504
2014-08-24 10:30:00,0.640425
2014-08-25 10:30:00,0.85695
2014-08-26 10:30:00,0.7515625
2014-08-27 10:30:00,0.6534375
2014-08-28 10:30:00,0.58568746
2014-08-29 10:30:00,0.66025
2014-08-30 10:30:00,0.6464
2014-08-31 10:30:00,0.606575
2014-09-01 10:30:00,0.7629374
2014-09-02 10:30:00,0.829125
2014-09-03 10:30:00,0.6432375
2014-09-04 10:30:00,0.745175
2014-09-05 10:30:00,0.64436245
2014-09-06 10:30:00,0.63888747
2014-09-07 10:30:00,0.675475
2014-09-08 10:30:00,0.4336875
2014-09-09 10:30:00,0.4734125
2014-09-10 10:30:00,0.5606
2014-09-11 10:30:00,0.5448625
2014-09-12 10:30:00,0.53407496
2014-09-13 10:30:00,0.5302875
2014-09-14 10:30:00,0.40351248
2014-09-15 10:30:00,0.4171625
2014-09-16 10:30:00,0.4570125
2014-09-17 10:30:00,0.499125
2014-09-18 10:30:00,0.5123875
2014-09-19 10:30:00,0.45338747
2014-09-20 10:30:00,0.635875
2014-09-21 10:30:00,0.5536875
2014-09-22 10:30:00,0.5816125
2014-09-23 10:30:00,0.57095
2014-09-24 10:30:00,0.4680375
2014-09-25 10:30:00,0.39986247
2014-09-26 10:30:00,0.7772
2014-09-27 10:30:00,0.46695
2014-09-28 10:30:00,0.49505
2014-09-29 10:30:00,0.42583746
2014-09-30 10:30:00,0.3649375
2014-10-01 10:30:00,0.58573747
2014-10-02 10:30:00,0.52854997
2014-10-03 10:30:00,0.495275
2014-10-04 10:30:00,0.543825
2014-10-05 10:30:00,0.4110625
2014-10-06 10:30:00,0.35053748
2014-10-07 10:30:00,0.44717497
2014-10-08 10:30:00,0.58445
2014-10-09 10:30:00,0.5654375
2014-10-10 10:30:00,0.6124375
2014-10-11 10:30:00,0.55935
2014-10-12 10:30:00,0.32833752
2014-10-13 10:30:00,0.29275
2014-10-14 10:30:00,0.34055
2014-10-15 10:30:00,0.3526
2014-10-16 10:30:00,0.28094998
2014-10-17 10:30:00,0.3883625
2014-10-18 10:30:00,0.2604625
2014-10-19 10:30:00,0.19967501
2014-10-20 10:30:00,0.167425
2014-10-21 10:30:00,0.19559999
2014-10-22 10:30:00,0.258125
2014-10-23 10:30:00,0.3139625
2014-10-24 10:30:00,0.5257
2014-10-25 10:30:00,0.4582875
2014-10-26 10:30:00,0.2942625
2014-10-27 10:30:00,0.261075
2014-10-28 10:30:00,0.2532625
2014-10-29 10:30:00,0.2766875
2014-10-30 10:30:00,0.6734875
2014-10-31 10:30:00,0.5936125
2014-11-01 10:30:00,0.482275
2014-11-02 10:30:00,0.3968375
2014-11-03 10:30:00,0.5036
2014-11-04 10:30:00,0.4434
2014-11-05 10:30:00,0.42131248
2014-11-06 10:30:00,0.36084998
2014-11-07 10:30:00,0.2869
2014-11-08 10:30:00,0.36616248
2014-11-09 10:30:00,0.32708752
2014-11-10 10:30:00,0.3200875
2014-11-11 10:30:00,0.2861625
2014-11-12 10:30:00,0.2326375
2014-11-13 10:30:00,0.33339998
2014-11-14 10:30:00,0.34472498
2014-11-15 10:30:00,0.43605
2014-11-16 10:30:00,0.49564996
2014-11-17 10:30:00,0.42273748
2014-11-18 10:30:00,0.3477
2014-11-19 10:30:00,0.43226248
2014-11-20 10:30:00,0.5646125
2014-11-21 10:30:00,0.37125
2014-11-22 10:30:00,0.3520875
2014-11-23 10:30:00,0.3461875
2014-11-24 10:30:00,0.37265
2014-11-25 10:30:00,0.33423752
2014-11-26 10:30:00,0.3068125
2014-11-27 10:30:00,0.262725
2014-11-28 10:30:00,0.2532375
2014-11-29 10:30:00,0.3478
2014-11-30 10:30:00,0.49568748
2014-12-01 10:30:00,0.1894625
2014-12-02 10:30:00,0.22001249
2014-12-03 10:30:00,0.3179625
2014-12-04 10:30:00,0.3430125
2014-12-05 10:30:00,0.345875
2014-12-06 10:30:00,0.4134875
2014-12-07 10:30:00,0.46525002
2014-12-08 10:30:00,0.4587625
2014-12-09 10:30:00,0.53411245
2014-12-10 10:30:00,0.729
2014-12-11 10:30:00,0.55535
2014-12-12 10:30:00,0.47306252
2014-12-13 10:30:00,0.504125
2014-12-14 10:30:00,0.5659875
2014-12-15 10:30:00,0.572125
2014-12-16 10:30:00,0.44595
2014-12-17 10:30:00,0.4818875
2014-12-18 10:30:00,0.644925
2014-12-19 10:30:00,0.6824
2014-12-20 10:30:00,0.6111
2014-12-21 10:30:00,0.57107496
2014-12-22 10:30:00,0.63463753
2014-12-23 10:30:00,0.67421246
2014-12-24 10:30:00,0.50366247
2014-12-25 10:30:00,0.468
2014-12-26 10:30:00,0.627625
2014-12-27 10:30:00,0.59365
2014-12-28 10:30:00,0.6104875
2014-12-29 10:30:00,0.75013745
2014-12-30 10:30:00,0.57537496
2014-12-31 10:30:00,0.4251
2015-01-01 10:30:00,0.4264875
2015-01-02 10:30:00,0.46767497
2015-01-03 10:30:00,0.61268747
2015-01-04 10:30:00,0.5902
2015-01-05 10:30:00,0.33564997
2015-01-06 10:30:00,0.2739625
2015-01-07 10:30:00,0.4181625
2015-01-08 10:30:00,0.46925
2015-01-09 10:30:00,0.5392875
2015-01-10 10:30:00,0.665025
2015-01-11 10:30:00,0.4996
2015-01-12 10:30:00,0.5047625
2015-01-13 10:30:00,0.5888
2015-01-14 10:30:00,0.6481375
2015-01-15 10:30:00,0.6604625
2015-01-16 10:30:00,0.3731375
2015-01-17 10:30:00,0.4452625
2015-01-18 10:30:00,0.60746247
2015-01-19 10:30:00,0.60709995
2015-01-20 10:30:00,0.6376875
2015-01-21 10:30:00,0.60179996
2015-01-22 10:30:00,0.6410125
2015-01-23 10:30:00,0.68012494
2015-01-24 10:30:00,0.52314997
2015-01-25 10:30:00,0.43565
2015-01-26 10:30:00,0.3068125
2015-01-27 10:30:00,0.369625
2015-01-28 10:30:00,0.365175
2015-01-29 10:30:00,0.38599998
2015-01-30 10:30:00,0.333675
2015-01-31 10:30:00,0.3636375
2015-02-01 10:30:00,0.41853747
2015-02-02 10:30:00,0.4819625
2015-02-03 10:30:00,0.5274375
2015-02-04 10:30:00,0.4571875
2015-02-05 10:30:00,0.38575
2015-02-06 10:30:00,0.2755125
2015-02-07 10:30:00,0.2088125
2015-02-08 10:30:00,0.23415
2015-02-09 10:30:00,0.30618748
2015-02-10 10:30:00,0.31699997
2015-02-11 10:30:00,0.4599875
2015-02-12 10:30:00,0.3171125
2015-02-13 10:30:00,0.36534998
2015-02-14 10:30:00,0.453525
2015-02-15 10:30:00,0.4427875
2015-02-16 10:30:00,0.5390625
2015-02-17 10:30:00,0.2998125
2015-02-18 10:30:00,0.2587125
2015-02-19 10:30:00,0.2791125
2015-02-20 10:30:00,0.5156
2015-02-21 10:30:00,0.81778747
2015-02-22 10:30:00,0.5417625
2015-02-23 10:30:00,0.37362498
2015-02-24 10:30:00,0.5660625
2015-02-25 10:30:00,0.565225
2015-02-26 10:30:00,0.58135
2015-02-27 10:30:00,0.51226246
2015-02-28 10:30:00,0.6143
2015-03-01 10:30:00,0.4402375
2015-03-02 10:30:00,0.4309875
2015-03-03 10:30:00,0.6707625
2015-03-04 10:30:00,0.4950375
2015-03-05 10:30:00,0.6216875
2015-03-06 10:30:00,0.45049998
2015-03-07 10:30:00,0.31715
2015-03-08 10:30:00,0.30816248
2015-03-09 10:30:00,0.29866248
2015-03-10 10:30:00,0.3705125
2015-03-11 10:30:00,0.26995
2015-03-12 10:30:00,0.47643748
2015-03-13 10:30:00,0.4075
2015-03-14 10:30:00,0.44182497
2015-03-15 10:30:00,0.30988747
2015-03-16 10:30:00,0.222075
2015-03-17 10:30:00,0.2038375
2015-03-18 10:30:00,0.2654375
2015-03-19 10:30:00,0.22963749
2015-03-20 10:30:00,0.18071249
2015-03-21 10:30:00,0.1445125
2015-03-22 10:30:00,0.1524875
2015-03-23 10:30:00,0.1607625
2015-03-24 10:30:00,0.2195375
2015-03-25 10:30:00,0.133225
2015-03-26 10:30:00,0.13213749
2015-03-27 10:30:00,0.3030625
2015-03-28 10:30:00,0.470325
2015-03-29 10:30:00,0.2244125
2015-03-30 10:30:00,0.2081875
2015-03-31 10:30:00,0.12005
2015-04-01 10:30:00,0.1289625
2015-04-02 10:30:00,0.6939125
2015-04-03 10:30:00,0.4246125
2015-04-04 10:30:00,0.8015124
2015-04-05 10:30:00,0.55233747
2015-04-06 10:30:00,0.390825
2015-04-07 10:30:00,0.3965625
2015-04-08 10:30:00,0.4974875
2015-04-09 10:30:00,0.426025
2015-04-10 10:30:00,0.3942625
2015-04-11 10:30:00,0.3573125
2015-04-12 10:30:00,0.23428749
2015-04-13 10:30:00,0.20934999
2015-04-14 10:30:00,0.28225
2015-04-15 10:30:00,0.3493875
2015-04-16 10:30:00,0.232325
2015-04-17 10:30:00,0.145725
2015-04-18 10:30:00,0.18104999
2015-04-19 10:30:00,0.1480375
2015-04-20 10:30:00,0.17401248
2015-04-21 10:30:00,0.21257499
2015-04-22 10:30:00,0.19046248
2015-04-23 10:30:00,0.2535625
2015-04-24 10:30:00,0.16186251
2015-04-25 10:30:00,0.23271249
2015-04-26 10:30:00,0.15535
2015-04-27 10:30:00,0.27101249
2015-04-28 10:30:00,0.310925
2015-04-29 10:30:00,0.1928375
2015-04-30 10:30:00,0.0957125
2015-05-01 10:30:00,0.3344875
2015-05-02 10:30:00,0.4058
2015-05-03 10:30:00,0.2115125
2015-05-04 10:30:00,0.194925
2015-05-05 10:30:00,0.31028748
2015-05-06 10:30:00,0.30991247
2015-05-07 10:30:00,0.7543125
2015-05-08 10:30:00,0.6429375
2015-05-09 10:30:00,0.3531375
2015-05-10 10:30:00,0.4872
2015-05-11 10:30:00,0.8874875
2015-05-12 10:30:00,0.773075
2015-05-13 10:30:00,0.6157375
2015-05-14 10:30:00,0.28472498
2015-05-15 10:30:00,0.27941248
2015-05-16 10:30:00,0.3336375
2015-05-17 10:30:00,0.60195
2015-05-18 10:30:00,0.7108875
2015-05-19 10:30:00,0.631175
2015-05-20 10:30:00,0.27827498
2015-05-21 10:30:00,0.24542499
2015-05-22 10:30:00,0.1712125
2015-05-23 10:30:00,0.33697498
2015-05-24 10:30:00,0.3033
2015-05-25 10:30:00,0.5087375
2015-05-26 10:30:00,0.5585625
2015-05-27 10:30:00,0.4279125
2015-05-28 10:30:00,0.723975
2015-05-29 10:30:00,0.44504997
2015-05-30 10:30:00,0.29834998
2015-05-31 10:30:00,0.48588747
2015-06-01 10:30:00,0.37131247
2015-06-02 10:30:00,0.40635002
2015-06-03 10:30:00,0.270475
2015-06-04 10:30:00,0.5146125
2015-06-05 10:30:00,0.88124996
2015-06-06 10:30:00,0.75133747
2015-06-07 10:30:00,0.57048744
2015-06-08 10:30:00,0.5962
2015-06-09 10:30:00,0.6052125
2015-06-10 10:30:00,0.7105625
2015-06-11 10:30:00,0.85933745
2015-06-12 10:30:00,0.88756245
2015-06-13 10:30:00,0.69974995
2015-06-14 10:30:00,0.5108875
2015-06-15 10:30:00,0.37928748
2015-06-16 10:30:00,0.4561
2015-06-17 10:30:00,0.7394
2015-06-18 10:30:00,0.81873745
2015-06-19 10:30:00,0.63756245
2015-06-20 10:30:00,0.5106625
2015-06-21 10:30:00,0.4328875
2015-06-22 10:30:00,0.5165375
2015-06-23 10:30:00,0.5938
2015-06-24 10:30:00,0.6599375
2015-06-25 10:30:00,0.67786247
2015-06-26 10:30:00,0.5784875
2015-06-27 10:30:00,0.569175
2015-06-28 10:30:00,0.64077497
2015-06-29 10:30:00,0.4731625
2015-06-30 10:30:00,0.6337625
2015-07-01 10:30:00,0.65205
2015-07-02 10:30:00,0.82138747
2015-07-03 10:30:00,0.5930125
2015-07-04 10:30:00,0.56193745
2015-07-05 10:30:00,0.5068125
2015-07-06 10:30:00,0.47597498
2015-07-07 10:30:00,0.4654375
2015-07-08 10:30:00,0.47748747
2015-07-09 10:30:00,0.424975
2015-07-10 10:30:00,0.51598746
2015-07-11 10:30:00,0.6348625
2015-07-12 10:30:00,0.519775
2015-07-13 10:30:00,0.45338747
2015-07-14 10:30:00,0.56353754
2015-07-15 10:30:00,0.66919994
2015-07-16 10:30:00,0.4873875
2015-07-17 10:30:00,0.4951875
2015-07-18 10:30:00,0.48869997
2015-07-19 10:30:00,0.467125
2015-07-20 10:30:00,0.7953625
2015-07-21 10:30:00,0.7173
2015-07-22 10:30:00,0.826325
2015-07-23 10:30:00,0.790025
2015-07-24 10:30:00,0.71816254
2015-07-25 10:30:00,0.7590125
2015-07-26 10:30:00,0.598175
2015-07-27 10:30:00,0.4692
2015-07-28 10:30:00,0.5220875
2015-07-29 10:30:00,0.653925
2015-07-30 10:30:00,0.56615
2015-07-31 10:30:00,0.59713745
2015-08-01 10:30:00,0.5899375
2015-08-02 10:30:00,0.594075
2015-08-03 10:30:00,0.4440625
2015-08-04 10:30:00,0.47239998
2015-08-05 10:30:00,0.604775
2015-08-06 10:30:00,0.7879125
2015-08-07 10:30:00,0.6575125
2015-08-08 10:30:00,0.706825
2015-08-09 10:30:00,0.829525
2015-08-10 10:30:00,0.66153747
2015-08-11 10:30:00,0.7133875
2015-08-12 10:30:00,0.65488744
2015-08-13 10:30:00,0.5583125
2015-08-14 10:30:00,0.76739997
2015-08-15 10:30:00,0.7785624
2015-08-16 10:30:00,0.8263125
2015-08-17 10:30:00,0.709825
2015-08-18 10:30:00,0.8037625
2015-08-19 10:30:00,0.71959996
2015-08-20 10:30:00,0.79363745
2015-08-21 10:30:00,0.776925
2015-08-22 10:30:00,0.7740375
2015-08-23 10:30:00,0.779225
2015-08-24 10:30:00,0.8204875
2015-08-25 10:30:00,0.8061125
2015-08-26 10:30:00,0.6486875
2015-08-27 10:30:00,0.58855
2015-08-28 10:30:00,0.78798753
2015-08-29 10:30:00,0.8183125
2015-08-30 10:30:00,0.8411125
2015-08-31 10:30:00,0.8504625
2015-09-01 10:30:00,0.765925
2015-09-02 10:30:00,0.70257497
2015-09-03 10:30:00,0.57476246
2015-09-04 10:30:00,0.57739997
2015-09-05 10:30:00,0.54877496
2015-09-06 10:30:00,0.550825
2015-09-07 10:30:00,0.8466
2015-09-08 10:30:00,0.7504249
2015-09-09 10:30:00,0.574575
2015-09-10 10:30:00,0.4692
2015-09-11 10:30:00,0.5059875
2015-09-12 10:30:00,0.568425
2015-09-13 10:30:00,0.53525
2015-09-14 10:30:00,0.4666875
2015-09-15 10:30:00,0.508275
2015-09-16 10:30:00,0.55145
2015-09-17 10:30:00,0.65021247
2015-09-18 10:30:00,0.790075
2015-09-19 10:30:00,0.52117497
2015-09-20 10:30:00,0.510475
2015-09-21 10:30:00,0.53545
2015-09-22 10:30:00,0.90205
2015-09-23 10:30:00,0.6672125
2015-09-24 10:30:00,0.76074994
2015-09-25 10:30:00,0.6512
2015-09-26 10:30:00,0.592275
2015-09-27 10:30:00,0.57549995
2015-09-28 10:30:00,0.49987498
2015-09-29 10:30:00,0.400675
2015-09-30 10:30:00,0.6925
2015-10-01 10:30:00,0.44361252
2015-10-02 10:30:00,0.3344375
2015-10-03 10:30:00,0.3366125
2015-10-04 10:30:00,0.3790625
2015-10-05 10:30:00,0.614325
2015-10-06 10:30:00,0.4688
2015-10-07 10:30:00,0.4338
2015-10-08 10:30:00,0.370975
2015-10-09 10:30:00,0.4182875
2015-10-10 10:30:00,0.8459375
2015-10-11 10:30:00,0.6388625
2015-10-12 10:30:00,0.5064
2015-10-13 10:30:00,0.50949997
2015-10-14 10:30:00,0.605175
2015-10-15 10:30:00,0.5025375
2015-10-16 10:30:00,0.3121625
2015-10-17 10:30:00,0.33744997
2015-10-18 10:30:00,0.2559375
2015-10-19 10:30:00,0.2793
2015-10-20 10:30:00,0.32893747
2015-10-21 10:30:00,0.325475
2015-10-22 10:30:00,0.31948748
2015-10-23 10:30:00,0.19321251
2015-10-24 10:30:00,0.2498875
2015-10-25 10:30:00,0.31742498
2015-10-26 10:30:00,0.4764625
2015-10-27 10:30:00,0.334225
2015-10-28 10:30:00,0.3263
2015-10-29 10:30:00,0.32314998
2015-10-30 10:30:00,0.32648748
2015-10-31 10:30:00,0.3408375
2015-11-01 10:30:00,0.2607875
2015-11-02 10:30:00,0.3479
2015-11-03 10:30:00,0.29053748
2015-11-04 10:30:00,0.284225
2015-11-05 10:30:00,0.24015
2015-11-06 10:30:00,0.36174998
2015-11-07 10:30:00,0.374425
2015-11-08 10:30:00,0.30104998
2015-11-09 10:30:00,0.4587125
2015-11-10 10:30:00,0.4621125
2015-11-11 10:30:00,0.52225
2015-11-12 10:30:00,0.683375
2015-11-13 10:30:00,0.8608625
2015-11-14 10:30:00,0.64346254
2015-11-15 10:30:00,0.234675
2015-11-16 10:30:00,0.58396244
2015-11-17 10:30:00,0.52577496
2015-11-18 10:30:00,0.630125
2015-11-19 10:30:00,0.6376
2015-11-20 10:30:00,0.60214996
2015-11-21 10:30:00,0.52715
2015-11-22 10:30:00,0.5258875
2015-11-23 10:30:00,0.5203125
2015-11-24 10:30:00,0.516325
2015-11-25 10:30:00,0.5262875
2015-11-26 10:30:00,0.541125
2015-11-27 10:30:00,0.71169996
2015-11-28 10:30:00,0.510075
2015-11-29 10:30:00,0.7089
2015-11-30 10:30:00,0.6855124
2015-12-01 10:30:00,0.802275
2015-12-02 10:30:00,0.773825
2015-12-03 10:30:00,0.5557875
2015-12-04 10:30:00,0.4750375
2015-12-05 10:30:00,0.51385
2015-12-06 10:30:00,0.5872625
2015-12-07 10:30:00,0.55745
2015-12-08 10:30:00,0.6146625
2015-12-09 10:30:00,0.67440003
2015-12-10 10:30:00,0.67324996
2015-12-11 10:30:00,0.621
2015-12-12 10:30:00,0.6531125
2015-12-13 10:30:00,0.6498375
2015-12-14 10:30:00,0.7726375
2015-12-15 10:30:00,0.5558625
2015-12-16 10:30:00,0.46551248
2015-12-17 10:30:00,0.54158753
2015-12-18 10:30:00,0.5774
2015-12-19 10:30:00,0.58627504
2015-12-20 10:30:00,0.6998
2015-12-21 10:30:00,0.7279625
2015-12-22 10:30:00,0.66778743
2015-12-23 10:30:00,0.47693747
2015-12-24 10:30:00,0.46349996
2015-12-25 10:30:00,0.558575
2015-12-26 10:30:00,0.3495625
2015-12-27 10:30:00,0.35993752
2015-12-28 10:30:00,0.437425
2015-12-29 10:30:00,0.629725
2015-12-30 10:30:00,0.600725
2015-12-31 10:30:00,0.6368125
2016-01-01 10:30:00,0.66749996
2016-01-02 10:30:00,0.707275
2016-01-03 10:30:00,0.51677495
2016-01-04 10:30:00,0.41748747
2016-01-05 10:30:00,0.49412498
2016-01-06 10:30:00,0.4414
2016-01-07 10:30:00,0.4575375
2016-01-08 10:30:00,0.4501125
2016-01-09 10:30:00,0.43022498
2016-01-10 10:30:00,0.3651375
2016-01-11 10:30:00,0.37812498
2016-01-12 10:30:00,0.4133625
2016-01-13 10:30:00,0.44713748
2016-01-14 10:30:00,0.5472625
2016-01-15 10:30:00,0.6814875
2016-01-16 10:30:00,0.61487496
2016-01-17 10:30:00,0.41587502
2016-01-18 10:30:00,0.50189996
2016-01-19 10:30:00,0.537625
2016-01-20 10:30:00,0.50853753
2016-01-21 10:30:00,0.47654998
2016-01-22 10:30:00,0.40009996
2016-01-23 10:30:00,0.4171625
2016-01-24 10:30:00,0.34211248
2016-01-25 10:30:00,0.3486375
2016-01-26 10:30:00,0.3783125
2016-01-27 10:30:00,0.43357497
2016-01-28 10:30:00,0.355625
2016-01-29 10:30:00,0.35701248
2016-01-30 10:30:00,0.41097498
2016-01-31 10:30:00,0.39706248
2016-02-01 10:30:00,0.359125
2016-02-02 10:30:00,0.35222498
2016-02-03 10:30:00,0.3603625
2016-02-04 10:30:00,0.3858125
2016-02-05 10:30:00,0.43272498
2016-02-06 10:30:00,0.45424998
2016-02-07 10:30:00,0.60601246
2016-02-08 10:30:00,0.5916875
2016-02-09 10:30:00,0.542975
2016-02-10 10:30:00,0.60015
2016-02-11 10:30:00,0.63304996
2016-02-12 10:30:00,0.3303125
2016-02-13 10:30:00,0.30119997
2016-02-14 10:30:00,0.3071625
2016-02-15 10:30:00,0.3772625
2016-02-16 10:30:00,0.340475
2016-02-17 10:30:00,0.4288
2016-02-18 10:30:00,0.4645
2016-02-19 10:30:00,0.36034998
2016-02-20 10:30:00,0.31025
2016-02-21 10:30:00,0.29591247
2016-02-22 10:30:00,0.3335375
2016-02-23 10:30:00,0.3163375
2016-02-24 10:30:00,0.3449375
2016-02-25 10:30:00,0.3368875
2016-02-26 10:30:00,0.35447496
2016-02-27 10:30:00,0.26606247
2016-02-28 10:30:00,0.39095
2016-02-29 10:30:00,0.329925
2016-03-01 10:30:00,0.3661375
2016-03-02 10:30:00,0.65815
2016-03-03 10:30:00,0.51731247
2016-03-04 10:30:00,0.6435125
2016-03-05 10:30:00,0.5191
2016-03-06 10:30:00,0.3612125
2016-03-07 10:30:00,0.2913
2016-03-08 10:30:00,0.32244998
2016-03-09 10:30:00,0.3059875
2016-03-10 10:30:00,0.3306375
2016-03-11 10:30:00,0.3382875
2016-03-12 10:30:00,0.26088747
2016-03-13 10:30:00,0.28975
2016-03-14 10:30:00,0.392825
2016-03-15 10:30:00,0.2704125
2016-03-16 10:30:00,0.22481251
2016-03-17 10:30:00,0.340275
2016-03-18 10:30:00,0.55864996
2016-03-19 10:30:00,0.33197498
2016-03-20 10:30:00,0.2719875
2016-03-21 10:30:00,0.6499375
2016-03-22 10:30:00,0.28925
2016-03-23 10:30:00,0.25768748
2016-03-24 10:30:00,0.2534375
2016-03-25 10:30:00,0.22917499
2016-03-26 10:30:00,0.2227
2016-03-27 10:30:00,0.162525
2016-03-28 10:30:00,0.19872499
2016-03-29 10:30:00,0.3401625
2016-03-30 10:30:00,0.29218748
2016-03-31 10:30:00,0.24209999
2016-04-01 10:30:00,0.38177502
2016-04-02 10:30:00,0.2679
2016-04-03 10:30:00,0.2545625
2016-04-04 10:30:00,0.3236625
2016-04-05 10:30:00,0.1976125
2016-04-06 10:30:00,0.26505
2016-04-07 10:30:00,0.15394999
2016-04-08 10:30:00,0.13596249
2016-04-09 10:30:00,0.1696375
2016-04-10 10:30:00,0.1834375
2016-04-11 10:30:00,0.1884
2016-04-12 10:30:00,0.26403752
2016-04-13 10:30:00,0.5168
2016-04-14 10:30:00,0.4049375
2016-04-15 10:30:00,0.6601625
2016-04-16 10:30:00,0.7434625
2016-04-17 10:30:00,0.29962498
2016-04-18 10:30:00,0.325825
2016-04-19 10:30:00,0.20011249
2016-04-20 10:30:00,0.20423749
2016-04-21 10:30:00,0.203925
2016-04-22 10:30:00,0.33636248
2016-04-23 10:30:00,0.2332
2016-04-24 10:30:00,0.45033747
2016-04-25 10:30:00,0.2989875
2016-04-26 10:30:00,0.272575
2016-04-27 10:30:00,0.37931252
2016-04-28 10:30:00,0.2419
2016-04-29 10:30:00,0.3235625
2016-04-30 10:30:00,0.43406248
2016-05-01 10:30:00,0.5015625
2016-05-02 10:30:00,0.4687
2016-05-03 10:30:00,0.29709998
2016-05-04 10:30:00,0.1672625
2016-05-05 10:30:00,0.62733746
2016-05-06 10:30:00,0.6693125
2016-05-07 10:30:00,0.26001248
2016-05-08 10:30:00,0.3022
2016-05-09 10:30:00,0.31899998
2016-05-10 10:30:00,0.2030875
2016-05-11 10:30:00,0.55277497
2016-05-12 10:30:00,0.50235
2016-05-13 10:30:00,0.2653875
2016-05-14 10:30:00,0.44567496
2016-05-15 10:30:00,0.3608625
2016-05-16 10:30:00,0.3247
2016-05-17 10:30:00,0.1469875
2016-05-18 10:30:00,0.2115625
2016-05-19 10:30:00,0.25981247
2016-05-20 10:30:00,0.2652125
2016-05-21 10:30:00,0.23881249
2016-05-22 10:30:00,0.169825
2016-05-23 10:30:00,0.5265375
2016-05-24 10:30:00,0.76046246
2016-05-25 10:30:00,0.43601248
2016-05-26 10:30:00,0.276675
2016-05-27 10:30:00,0.326325
2016-05-28 10:30:00,0.2591125
2016-05-29 10:30:00,0.21102498
2016-05-30 10:30:00,0.3779
2016-05-31 10:30:00,0.3169125
2016-06-01 10:30:00,0.28737497
2016-06-02 10:30:00,0.2967125
2016-06-03 10:30:00,0.3215625
2016-06-04 10:30:00,0.32343748
2016-06-05 10:30:00,0.30245
2016-06-06 10:30:00,0.719425
2016-06-07 10:30:00,0.4795625
2016-06-08 10:30:00,0.367075
2016-06-09 10:30:00,0.559275
2016-06-10 10:30:00,0.7751875
2016-06-11 10:30:00,0.625175
2016-06-12 10:30:00,0.6313875
2016-06-13 10:30:00,0.504475
2016-06-14 10:30:00,0.5327875
2016-06-15 10:30:00,0.6602375
2016-06-16 10:30:00,0.60599995
2016-06-17 10:30:00,0.78999996
2016-06-18 10:30:00,0.71793747
2016-06-19 10:30:00,0.605275
2016-06-20 10:30:00,0.645575
2016-06-21 10:30:00,0.70876247
2016-06-22 10:30:00,0.780225
2016-06-23 10:30:00,0.62995
2016-06-24 10:30:00,0.5281125
2016-06-25 10:30:00,0.4707
2016-06-26 10:30:00,0.3963375
2016-06-27 10:30:00,0.51361245
2016-06-28 10:30:00,0.597025
2016-06-29 10:30:00,0.82497495
2016-06-30 10:30:00,0.69792503
2016-07-01 10:30:00,0.4770875
2016-07-02 10:30:00,0.41463748
2016-07-03 10:30:00,0.4523125
2016-07-04 10:30:00,0.38958752
2016-07-05 10:30:00,0.4178625
2016-07-06 10:30:00,0.383325
2016-07-07 10:30:00,0.3764
2016-07-08 10:30:00,0.5742
2016-07-09 10:30:00,0.639075
2016-07-10 10:30:00,0.46377498
2016-07-11 10:30:00,0.578475
2016-07-12 10:30:00,0.73996246
2016-07-13 10:30:00,0.5031625
2016-07-14 10:30:00,0.4318875
2016-07-15 10:30:00,0.40577498
2016-07-16 10:30:00,0.5215875
2016-07-17 10:30:00,0.52683747
2016-07-18 10:30:00,0.4030375
2016-07-19 10:30:00,0.53346246
2016-07-20 10:30:00,0.6179625
2016-07-21 10:30:00,0.629025
2016-07-22 10:30:00,0.8680999
2016-07-23 10:30:00,0.77366245
2016-07-24 10:30:00,0.4955625
2016-07-25 10:30:00,0.65467495
2016-07-26 10:30:00,0.5887875
2016-07-27 10:30:00,0.44364998
2016-07-28 10:30:00,0.591675
2016-07-29 10:30:00,0.509575
2016-07-30 10:30:00,0.502575
2016-07-31 10:30:00,0.730675
2016-08-01 10:30:00,0.57217497
2016-08-02 10:30:00,0.5000125
2016-08-03 10:30:00,0.55983746
2016-08-04 10:30:00,0.544375
2016-08-05 10:30:00,0.56162494
2016-08-06 10:30:00,0.79179996
2016-08-07 10:30:00,0.3766375
2016-08-08 10:30:00,0.4339375
2016-08-09 10:30:00,0.49616247
2016-08-10 10:30:00,0.581275
2016-08-11 10:30:00,0.3476625
2016-08-12 10:30:00,0.28132498
2016-08-13 10:30:00,0.35689998
2016-08-14 10:30:00,0.409775
2016-08-15 10:30:00,0.452775
2016-08-16 10:30:00,0.5305375
2016-08-17 10:30:00,0.4858125
2016-08-18 10:30:00,0.587075
2016-08-19 10:30:00,0.54249996
2016-08-20 10:30:00,0.724675
2016-08-21 10:30:00,0.574625
2016-08-22 10:30:00,0.567975
2016-08-23 10:30:00,0.66685
2016-08-24 10:30:00,0.478875
2016-08-25 10:30:00,0.330425
2016-08-26 10:30:00,0.38224998
2016-08-27 10:30:00,0.3307125
2016-08-28 10:30:00,0.38279998
2016-08-29 10:30:00,0.33961248
2016-08-30 10:30:00,0.5254125
2016-08-31 10:30:00,0.89246243
2016-09-01 10:30:00,0.89544994
2016-09-02 10:30:00,0.793125
2016-09-03 10:30:00,0.78148746
2016-09-04 10:30:00,0.8416375
2016-09-05 10:30:00,0.82466245
2016-09-06 10:30:00,0.7603875
2016-09-07 10:30:00,0.5910375
2016-09-08 10:30:00,0.7834375
2016-09-09 10:30:00,0.87
2016-09-10 10:30:00,0.796475
2016-09-11 10:30:00,0.711575
2016-09-12 10:30:00,0.795675
2016-09-13 10:30:00,0.72129995
2016-09-14 10:30:00,0.85372496
2016-09-15 10:30:00,0.5146875
2016-09-16 10:30:00,0.66307503
2016-09-17 10:30:00,0.58489996
2016-09-18 10:30:00,0.53213745
2016-09-19 10:30:00,0.4580125
2016-09-20 10:30:00,0.43318748
2016-09-21 10:30:00,0.439275
2016-09-22 10:30:00,0.5663625
2016-09-23 10:30:00,0.7008125
2016-09-24 10:30:00,0.67504996
2016-09-25 10:30:00,0.4720375
2016-09-26 10:30:00,0.7779125
2016-09-27 10:30:00,0.693375
2016-09-28 10:30:00,0.500625
2016-09-29 10:30:00,0.55807495
2016-09-30 10:30:00,0.540125
2016-10-01 10:30:00,0.486725
2016-10-02 10:30:00,0.54279995
2016-10-03 10:30:00,0.54155
2016-10-04 10:30:00,0.66279995
2016-10-05 10:30:00,0.4260875
2016-10-06 10:30:00,0.4066875
2016-10-07 10:30:00,0.795275
2016-10-08 10:30:00,0.47747502
2016-10-09 10:30:00,0.47331247
2016-10-10 10:30:00,0.453275
2016-10-11 10:30:00,0.36511248
2016-10-12 10:30:00,0.417075
2016-10-13 10:30:00,0.50514996
2016-10-14 10:30:00,0.72695
2016-10-15 10:30:00,0.49985
2016-10-16 10:30:00,0.53704995
2016-10-17 10:30:00,0.39471248
2016-10-18 10:30:00,0.48488748
2016-10-19 10:30:00,0.69677496
2016-10-20 10:30:00,0.35608748
2016-10-21 10:30:00,0.7218125
2016-10-22 10:30:00,0.49072498
2016-10-23 10:30:00,0.44584998
2016-10-24 10:30:00,0.43019998
2016-10-25 10:30:00,0.51806253
2016-10-26 10:30:00,0.4079
2016-10-27 10:30:00,0.4018125
2016-10-28 10:30:00,0.32645
2016-10-29 10:30:00,0.36224997
2016-10-30 10:30:00,0.2997875
2016-10-31 10:30:00,0.3163375
2016-11-01 10:30:00,0.29892498
2016-11-02 10:30:00,0.30095
2016-11-03 10:30:00,0.388725
2016-11-04 10:30:00,0.6868875
2016-11-05 10:30:00,0.67402494
2016-11-06 10:30:00,0.64014995
2016-11-07 10:30:00,0.7236999
2016-11-08 10:30:00,0.50752497
2016-11-09 10:30:00,0.5428875
2016-11-10 10:30:00,0.7772
2016-11-11 10:30:00,0.5297125
2016-11-12 10:30:00,0.58498746
2016-11-13 10:30:00,0.7408625
2016-11-14 10:30:00,0.49459997
2016-11-15 10:30:00,0.540075
2016-11-16 10:30:00,0.59643745
2016-11-17 10:30:00,0.65297496
2016-11-18 10:30:00,0.6133625
2016-11-19 10:30:00,0.58353746
2016-11-20 10:30:00,0.40221247
2016-11-21 10:30:00,0.42229998
2016-11-22 10:30:00,0.4587625
2016-11-23 10:30:00,0.4632125
2016-11-24 10:30:00,0.5319125
2016-11-25 10:30:00,0.61013746
2016-11-26 10:30:00,0.683475
2016-11-27 10:30:00,0.533525
2016-11-28 10:30:00,0.504675
2016-11-29 10:30:00,0.5300125
2016-11-30 10:30:00,0.5204875
2016-12-01 10:30:00,0.44462502
2016-12-02 10:30:00,0.5699875
2016-12-03 10:30:00,0.4231625
2016-12-04 10:30:00,0.38137498
2016-12-05 10:30:00,0.465125
2016-12-06 10:30:00,0.61465
2016-12-07 10:30:00,0.557675
2016-12-08 10:30:00,0.60705
2016-12-09 10:30:00,0.48456252
2016-12-10 10:30:00,0.5476625
2016-12-11 10:30:00,0.650175
2016-12-12 10:30:00,0.50974995
2016-12-13 10:30:00,0.4739875
2016-12-14 10:30:00,0.45845
2016-12-15 10:30:00,0.45366248
2016-12-16 10:30:00,0.5927375
2016-12-17 10:30:00,0.517
2016-12-18 10:30:00,0.63607496
2016-12-19 10:30:00,0.6558375
2016-12-20 10:30:00,0.6760875
2016-12-21 10:30:00,0.603275
2016-12-22 10:30:00,0.3920625
2016-12-23 10:30:00,0.475875
2016-12-24 10:30:00,0.60705
2016-12-25 10:30:00,0.45568746
2016-12-26 10:30:00,0.3645
2016-12-27 10:30:00,0.4149
2016-12-28 10:30:00,0.42685
2016-12-29 10:30:00,0.40434995
2016-12-30 10:30:00,0.46281248
2016-12-31 10:30:00,0.5247875
2017-01-01 10:30:00,0.5974375
2017-01-02 10:30:00,0.54307497
2017-01-03 10:30:00,0.519625
2017-01-04 10:30:00,0.60136247
2017-01-05 10:30:00,0.5417625
2017-01-06 10:30:00,0.6072375
2017-01-07 10:30:00,0.626425
2017-01-08 10:30:00,0.45949998
2017-01-09 10:30:00,0.32372496
2017-01-10 10:30:00,0.365125
2017-01-11 10:30:00,0.3801
2017-01-12 10:30:00,0.3375875
2017-01-13 10:30:00,0.4317875
2017-01-14 10:30:00,0.416575
2017-01-15 10:30:00,0.4345375
2017-01-16 10:30:00,0.5391125
2017-01-17 10:30:00,0.6158125
2017-01-18 10:30:00,0.4766
2017-01-19 10:30:00,0.4406375
2017-01-20 10:30:00,0.40937498
2017-01-21 10:30:00,0.619325
2017-01-22 10:30:00,0.41055
2017-01-23 10:30:00,0.35509998
2017-01-24 10:30:00,0.37401247
2017-01-25 10:30:00,0.3394625
2017-01-26 10:30:00,0.34847498
2017-01-27 10:30:00,0.35623747
2017-01-28 10:30:00,0.40432498
2017-01-29 10:30:00,0.3513625
2017-01-30 10:30:00,0.3297375
2017-01-31 10:30:00,0.29694998
2017-02-01 10:30:00,0.28968748
2017-02-02 10:30:00,0.3539
2017-02-03 10:30:00,0.3546625
2017-02-04 10:30:00,0.5216
2017-02-05 10:30:00,0.43551248
2017-02-06 10:30:00,0.317
2017-02-07 10:30:00,0.3817125
2017-02-08 10:30:00,0.35073748
2017-02-09 10:30:00,0.36361247
2017-02-10 10:30:00,0.37612498
2017-02-11 10:30:00,0.343325
2017-02-12 10:30:00,0.37025002
2017-02-13 10:30:00,0.34416252
2017-02-14 10:30:00,0.32503748
2017-02-15 10:30:00,0.451575
2017-02-16 10:30:00,0.251025
2017-02-17 10:30:00,0.2009375
2017-02-18 10:30:00,0.202575
2017-02-19 10:30:00,0.62628746
2017-02-20 10:30:00,0.3925375
2017-02-21 10:30:00,0.5070375
2017-02-22 10:30:00,0.3806125
2017-02-23 10:30:00,0.38685
2017-02-24 10:30:00,0.47762498
2017-02-25 10:30:00,0.41037497
2017-02-26 10:30:00,0.43174997
2017-02-27 10:30:00,0.38167498
2017-02-28 10:30:00,0.3200125
2017-03-01 10:30:00,0.2574375
2017-03-02 10:30:00,0.364725
2017-03-03 10:30:00,0.36073747
2017-03-04 10:30:00,0.360175
2017-03-05 10:30:00,0.2529
2017-03-06 10:30:00,0.3138625
2017-03-07 10:30:00,0.2905
2017-03-08 10:30:00,0.277275
2017-03-09 10:30:00,0.30745
2017-03-10 10:30:00,0.22351249
2017-03-11 10:30:00,0.2979125
2017-03-12 10:30:00,0.2639125
2017-03-13 10:30:00,0.280375
2017-03-14 10:30:00,0.28225
2017-03-15 10:30:00,0.2837875
2017-03-16 10:30:00,0.233825
2017-03-17 10:30:00,0.34522498
2017-03-18 10:30:00,0.2189
2017-03-19 10:30:00,0.21587498
2017-03-20 10:30:00,0.3014625
2017-03-21 10:30:00,0.260125
2017-03-22 10:30:00,0.2499625
2017-03-23 10:30:00,0.26345
2017-03-24 10:30:00,0.2468125
2017-03-25 10:30:00,0.2638
2017-03-26 10:30:00,0.34365
2017-03-27 10:30:00,0.3020875
2017-03-28 10:30:00,0.2651125
2017-03-29 10:30:00,0.5212
2017-03-30 10:30:00,0.31419998
2017-03-31 10:30:00,0.22483748
2017-04-01 10:30:00,0.18304999
2017-04-02 10:30:00,0.151375
2017-04-03 10:30:00,0.10795
2017-04-04 10:30:00,0.1893625
2017-04-05 10:30:00,0.3204375
2017-04-06 10:30:00,0.3370875
2017-04-07 10:30:00,0.4202625
2017-04-08 10:30:00,0.1333625
2017-04-09 10:30:00,0.119537495
2017-04-10 10:30:00,0.12346249
2017-04-11 10:30:00,0.12323749
2017-04-12 10:30:00,0.091712505
2017-04-13 10:30:00,0.1469875
2017-04-14 10:30:00,0.132975
2017-04-15 10:30:00,0.0928625
2017-04-16 10:30:00,0.202425
2017-04-17 10:30:00,0.4213
2017-04-18 10:30:00,0.48557502
2017-04-19 10:30:00,0.2661875
2017-04-20 10:30:00,0.28745
2017-04-21 10:30:00,0.17040001
2017-04-22 10:30:00,0.1961375
2017-04-23 10:30:00,0.310475
2017-04-24 10:30:00,0.47652498
2017-04-25 10:30:00,0.542225
2017-04-26 10:30:00,0.34704998
2017-04-27 10:30:00,0.2363125
2017-04-28 10:30:00,0.1953875
2017-04-29 10:30:00,0.203625
2017-04-30 10:30:00,0.2434
2017-05-01 10:30:00,0.1883625
2017-05-02 10:30:00,0.2177375
2017-05-03 10:30:00,0.35123748
2017-05-04 10:30:00,0.20889999
2017-05-05 10:30:00,0.4047875
2017-05-06 10:30:00,0.1789625
2017-05-07 10:30:00,0.266625
2017-05-08 10:30:00,0.21437499
2017-05-09 10:30:00,0.2084
2017-05-10 10:30:00,0.38053748
2017-05-11 10:30:00,0.31276247
2017-05-12 10:30:00,0.274975
2017-05-13 10:30:00,0.362675
2017-05-14 10:30:00,0.4067
2017-05-15 10:30:00,0.256
2017-05-16 10:30:00,0.267425
2017-05-17 10:30:00,0.2982125
2017-05-18 10:30:00,0.15059999
2017-05-19 10:30:00,0.14299999
2017-05-20 10:30:00,0.422825
2017-05-21 10:30:00,0.7191375
2017-05-22 10:30:00,0.548925
2017-05-23 10:30:00,0.3509875
2017-05-24 10:30:00,0.3056
2017-05-25 10:30:00,0.2245875
2017-05-26 10:30:00,0.2183875
2017-05-27 10:30:00,0.2342
2017-05-28 10:30:00,0.1486375
2017-05-29 10:30:00,0.15781249
2017-05-30 10:30:00,0.149925
2017-05-31 10:30:00,0.3201625
2017-06-01 10:30:00,0.38498747
2017-06-02 10:30:00,0.41875
2017-06-03 10:30:00,0.4036125
2017-06-04 10:30:00,0.3234
2017-06-05 10:30:00,0.21293749
2017-06-06 10:30:00,0.5475
2017-06-07 10:30:00,0.30299997
2017-06-08 10:30:00,0.3725125
2017-06-09 10:30:00,0.26491252
2017-06-10 10:30:00,0.3946875
2017-06-11 10:30:00,0.43276247
2017-06-12 10:30:00,0.31876248
2017-06-13 10:30:00,0.2191625
2017-06-14 10:30:00,0.255525
2017-06-15 10:30:00,0.32395
2017-06-16 10:30:00,0.4066
2017-06-17 10:30:00,0.5585625
2017-06-18 10:30:00,0.66795
2017-06-19 10:30:00,0.5649
2017-06-20 10:30:00,0.76294994
2017-06-21 10:30:00,0.7620125
2017-06-22 10:30:00,0.4134
2017-06-23 10:30:00,0.3809875
2017-06-24 10:30:00,0.3777875
2017-06-25 10:30:00,0.43060002
2017-06-26 10:30:00,0.38165
2017-06-27 10:30:00,0.36447498
2017-06-28 10:30:00,0.4210625
2017-06-29 10:30:00,0.5549875
2017-06-30 10:30:00,0.6101125
2017-07-01 10:30:00,0.5304
2017-07-02 10:30:00,0.73878753
2017-07-03 10:30:00,0.48468748
2017-07-04 10:30:00,0.35015
2017-07-05 10:30:00,0.40807498
2017-07-06 10:30:00,0.48285
2017-07-07 10:30:00,0.6859625
2017-07-08 10:30:00,0.76094997
2017-07-09 10:30:00,0.5885125
2017-07-10 10:30:00,0.604275
2017-07-11 10:30:00,0.3712625
2017-07-12 10:30:00,0.35951248
2017-07-13 10:30:00,0.3967625
2017-07-14 10:30:00,0.3124875
2017-07-15 10:30:00,0.4798125
2017-07-16 10:30:00,0.34295
2017-07-17 10:30:00,0.48508748
2017-07-18 10:30:00,0.38369998
2017-07-19 10:30:00,0.4131625
2017-07-20 10:30:00,0.75544995
2017-07-21 10:30:00,0.48418748
2017-07-22 10:30:00,0.39819998
2017-07-23 10:30:00,0.61013746
2017-07-24 10:30:00,0.37507498
2017-07-25 10:30:00,0.326775
2017-07-26 10:30:00,0.7982625
2017-07-27 10:30:00,0.75613743
2017-07-28 10:30:00,0.5450625
2017-07-29 10:30:00,0.5100375
2017-07-30 10:30:00,0.66741246
2017-07-31 10:30:00,0.6104375
2017-08-01 10:30:00,0.8183
2017-08-02 10:30:00,0.8260125
2017-08-03 10:30:00,0.93457496
2017-08-04 10:30:00,0.72448754
2017-08-05 10:30:00,0.697375
2017-08-06 10:30:00,0.7801625
2017-08-07 10:30:00,0.8203875
2017-08-08 10:30:00,0.79513747
2017-08-09 10:30:00,0.72708744
2017-08-10 10:30:00,0.854975
2017-08-11 10:30:00,0.7947625
2017-08-12 10:30:00,0.76809996
2017-08-13 10:30:00,0.82333744
2017-08-14 10:30:00,0.8615625
2017-08-15 10:30:00,0.82653743
2017-08-16 10:30:00,0.809075
2017-08-17 10:30:00,0.77375
2017-08-18 10:30:00,0.7232125
2017-08-19 10:30:00,0.6986125
2017-08-20 10:30:00,0.6957125
2017-08-21 10:30:00,0.55387497
2017-08-22 10:30:00,0.4454625
2017-08-23 10:30:00,0.594175
2017-08-24 10:30:00,0.430825
2017-08-25 10:30:00,0.440875
2017-08-26 10:30:00,0.4345375
2017-08-27 10:30:00,0.42291248
2017-08-28 10:30:00,0.28966248
2017-08-29 10:30:00,0.322625
2017-08-30 10:30:00,0.42138746
2017-08-31 10:30:00,0.48247495
2017-09-01 10:30:00,0.58021253
2017-09-02 10:30:00,0.5344625
2017-09-03 10:30:00,0.83966243
2017-09-04 10:30:00,0.734775
2017-09-05 10:30:00,0.7646125
2017-09-06 10:30:00,0.49485
2017-09-07 10:30:00,0.479425
2017-09-08 10:30:00,0.482975
2017-09-09 10:30:00,0.4848125
2017-09-10 10:30:00,0.6044875
2017-09-11 10:30:00,0.376775
2017-09-12 10:30:00,0.52355
2017-09-13 10:30:00,0.52445
2017-09-14 10:30:00,0.5312125
2017-09-15 10:30:00,0.83476245
2017-09-16 10:30:00,0.78348744
2017-09-17 10:30:00,0.7583625
2017-09-18 10:30:00,0.610125
2017-09-19 10:30:00,0.77265
2017-09-20 10:30:00,0.62025
2017-09-21 10:30:00,0.5772125
2017-09-22 10:30:00,0.36614996
2017-09-23 10:30:00,0.35939997
2017-09-24 10:30:00,0.4231625
2017-09-25 10:30:00,0.4196125
2017-09-26 10:30:00,0.30688748
2017-09-27 10:30:00,0.2477625
2017-09-28 10:30:00,0.28325
2017-09-29 10:30:00,0.2845
2017-09-30 10:30:00,0.27243748
2017-10-01 10:30:00,0.264875
2017-10-02 10:30:00,0.22303751
2017-10-03 10:30:00,0.2460375
2017-10-04 10:30:00,0.26233748
2017-10-05 10:30:00,0.34167498
2017-10-06 10:30:00,0.42889997
2017-10-07 10:30:00,0.5033625
2017-10-08 10:30:00,0.854625
2017-10-09 10:30:00,0.6328875
2017-10-10 10:30:00,0.47822502
2017-10-11 10:30:00,0.48158747
2017-10-12 10:30:00,0.33429998
2017-10-13 10:30:00,0.3152125
2017-10-14 10:30:00,0.3153875
2017-10-15 10:30:00,0.469625
2017-10-16 10:30:00,0.2547875
2017-10-17 10:30:00,0.2123625
2017-10-18 10:30:00,0.28717497
2017-10-19 10:30:00,0.3249625
2017-10-20 10:30:00,0.44457498
2017-10-21 10:30:00,0.308775
2017-10-22 10:30:00,0.316225
2017-10-23 10:30:00,0.26105
2017-10-24 10:30:00,0.318725
2017-10-25 10:30:00,0.249875
2017-10-26 10:30:00,0.4158125
2017-10-27 10:30:00,0.67691255
2017-10-28 10:30:00,0.3066
2017-10-29 10:30:00,0.27772498
2017-10-30 10:30:00,0.19777499
2017-10-31 10:30:00,0.20805
2017-11-01 10:30:00,0.2654125
2017-11-02 10:30:00,0.3454875
2017-11-03 10:30:00,0.2924375
2017-11-04 10:30:00,0.3344625
2017-11-05 10:30:00,0.29615
2017-11-06 10:30:00,0.369025
2017-11-07 10:30:00,0.7973625
2017-11-08 10:30:00,0.6167375
2017-11-09 10:30:00,0.6309625
2017-11-10 10:30:00,0.4372
2017-11-11 10:30:00,0.3121125
2017-11-12 10:30:00,0.37112498
2017-11-13 10:30:00,0.3749375
2017-11-14 10:30:00,0.35755
2017-11-15 10:30:00,0.3418375
2017-11-16 10:30:00,0.3602
2017-11-17 10:30:00,0.3064625
2017-11-18 10:30:00,0.3609875
2017-11-19 10:30:00,0.4128625
2017-11-20 10:30:00,0.383525
2017-11-21 10:30:00,0.3808125
2017-11-22 10:30:00,0.34075
2017-11-23 10:30:00,0.3139
2017-11-24 10:30:00,0.344075
2017-11-25 10:30:00,0.3686875
2017-11-26 10:30:00,0.2657125
2017-11-27 10:30:00,0.327925
2017-11-28 10:30:00,0.2547125
2017-11-29 10:30:00,0.2572875
2017-11-30 10:30:00,0.3339375
2017-12-01 10:30:00,0.41146246
2017-12-02 10:30:00,0.584925
2017-12-03 10:30:00,0.4132125
2017-12-04 10:30:00,0.35222498
2017-12-05 10:30:00,0.5111875
2017-12-06 10:30:00,0.518475
2017-12-07 10:30:00,0.4493125
2017-12-08 10:30:00,0.5678625
2017-12-09 10:30:00,0.7012375
2017-12-10 10:30:00,0.53244996
2017-12-11 10:30:00,0.4051875
2017-12-12 10:30:00,0.4293125
2017-12-13 10:30:00,0.4314625
2017-12-14 10:30:00,0.42003748
2017-12-15 10:30:00,0.40958747
2017-12-16 10:30:00,0.395225
2017-12-17 10:30:00,0.47873747
2017-12-18 10:30:00,0.5033625
2017-12-19 10:30:00,0.4607375
2017-12-20 10:30:00,0.5479
2017-12-21 10:30:00,0.42168748
2017-12-22 10:30:00,0.387725
2017-12-23 10:30:00,0.396575
2017-12-24 10:30:00,0.4243
2017-12-25 10:30:00,0.44081247
2017-12-26 10:30:00,0.2666625
2017-12-27 10:30:00,0.31777498
2017-12-28 10:30:00,0.4543
2017-12-29 10:30:00,0.368875
2017-12-30 10:30:00,0.44687498
2017-12-31 10:30:00,0.544275
2018-01-01 10:30:00,0.38858747
2018-01-02 10:30:00,0.39079997
2018-01-03 10:30:00,0.3840125
2018-01-04 10:30:00,0.3117875
2018-01-05 10:30:00,0.37917498
2018-01-06 10:30:00,0.3522875
2018-01-07 10:30:00,0.34544998
2018-01-08 10:30:00,0.540175
2018-01-09 10:30:00,0.5844375
2018-01-10 10:30:00,0.4024375
2018-01-11 10:30:00,0.35358748
2018-01-12 10:30:00,0.562175
2018-01-13 10:30:00,0.62685
2018-01-14 10:30:00,0.6046375
2018-01-15 10:30:00,0.5646375
2018-01-16 10:30:00,0.71819997
2018-01-17 10:30:00,0.50435
2018-01-18 10:30:00,0.498125
2018-01-19 10:30:00,0.3557625
2018-01-20 10:30:00,0.32077497
2018-01-21 10:30:00,0.305275
2018-01-22 10:30:00,0.3208
2018-01-23 10:30:00,0.2939125
2018-01-24 10:30:00,0.3318375
2018-01-25 10:30:00,0.31405
2018-01-26 10:30:00,0.2929
2018-01-27 10:30:00,0.2965375
2018-01-28 10:30:00,0.362775
2018-01-29 10:30:00,0.379775
2018-01-30 10:30:00,0.3653375
2018-01-31 10:30:00,0.388375
2018-02-01 10:30:00,0.38272497
2018-02-02 10:30:00,0.5429
2018-02-03 10:30:00,0.43525
2018-02-04 10:30:00,0.42970002
2018-02-05 10:30:00,0.371375
2018-02-06 10:30:00,0.3854375
2018-02-07 10:30:00,0.37385002
2018-02-08 10:30:00,0.3076
2018-02-09 10:30:00,0.301825
2018-02-10 10:30:00,0.2768
2018-02-11 10:30:00,0.2744625
2018-02-12 10:30:00,0.28669998
2018-02-13 10:30:00,0.28663749
2018-02-14 10:30:00,0.2954875
2018-02-15 10:30:00,0.2983375
2018-02-16 10:30:00,0.24014999
2018-02-17 10:30:00,0.224775
2018-02-18 10:30:00,0.27014998
2018-02-19 10:30:00,0.290275
2018-02-20 10:30:00,0.3096375
2018-02-21 10:30:00,0.35025
2018-02-22 10:30:00,0.3207
2018-02-23 10:30:00,0.26585
2018-02-24 10:30:00,0.2218
2018-02-25 10:30:00,0.44532502
2018-02-26 10:30:00,0.3731
2018-02-27 10:30:00,0.26686248
2018-02-28 10:30:00,0.61439997
2018-03-01 10:30:00,0.34877497
2018-03-02 10:30:00,0.3442375
2018-03-03 10:30:00,0.5549875
2018-03-04 10:30:00,0.33013746
2018-03-05 10:30:00,0.2689625
2018-03-06 10:30:00,0.2981
2018-03-07 10:30:00,0.48909998
2018-03-08 10:30:00,0.2942125
2018-03-09 10:30:00,0.5614375
2018-03-10 10:30:00,0.582975
2018-03-11 10:30:00,0.42924997
2018-03-12 10:30:00,0.4629375
2018-03-13 10:30:00,0.61466247
2018-03-14 10:30:00,0.6097
2018-03-15 10:30:00,0.245125
2018-03-16 10:30:00,0.2499625
2018-03-17 10:30:00,0.2447125
2018-03-18 10:30:00,0.2840125
2018-03-19 10:30:00,0.172025
2018-03-20 10:30:00,0.17296249
2018-03-21 10:30:00,0.2501375
2018-03-22 10:30:00,0.18152499
2018-03-23 10:30:00,0.1956375
2018-03-24 10:30:00,0.23024999
2018-03-25 10:30:00,0.26465
2018-03-26 10:30:00,0.2140375
2018-03-27 10:30:00,0.2600625
2018-03-28 10:30:00,0.2189875
2018-03-29 10:30:00,0.1277375
2018-03-30 10:30:00,0.36932498
2018-03-31 10:30:00,0.546975
2018-04-01 10:30:00,0.24697499
2018-04-02 10:30:00,0.1521875
2018-04-03 10:30:00,0.11497499
2018-04-04 10:30:00,0.088925
2018-04-05 10:30:00,0.2105875
2018-04-06 10:30:00,0.12703751
2018-04-07 10:30:00,0.119849995
2018-04-08 10:30:00,0.18389998
2018-04-09 10:30:00,0.209775
2018-04-10 10:30:00,0.6043375
2018-04-11 10:30:00,0.21514998
2018-04-12 10:30:00,0.3039375
2018-04-13 10:30:00,0.6082125
2018-04-14 10:30:00,0.6536625
2018-04-15 10:30:00,0.270475
2018-04-16 10:30:00,0.1689125
2018-04-17 10:30:00,0.2827375
2018-04-18 10:30:00,0.32584998
2018-04-19 10:30:00,0.2485375
2018-04-20 10:30:00,0.637975
2018-04-21 10:30:00,0.4612875
2018-04-22 10:30:00,0.29975
2018-04-23 10:30:00,0.30385
2018-04-24 10:30:00,0.20798749
2018-04-25 10:30:00,0.20049998
2018-04-26 10:30:00,0.24662499
2018-04-27 10:30:00,0.1426625
2018-04-28 10:30:00,0.2870375
2018-04-29 10:30:00,0.43778747
2018-04-30 10:30:00,0.3170625
2018-05-01 10:30:00,0.41645
2018-05-02 10:30:00,0.2712
2018-05-03 10:30:00,0.19098748
2018-05-04 10:30:00,0.1514625
2018-05-05 10:30:00,0.122987494
2018-05-06 10:30:00,0.2293375
2018-05-07 10:30:00,0.32889998
2018-05-08 10:30:00,0.323625
2018-05-09 10:30:00,0.20942499
2018-05-10 10:30:00,0.25259998
2018-05-11 10:30:00,0.38557497
2018-05-12 10:30:00,0.52935
2018-05-13 10:30:00,0.460625
2018-05-14 10:30:00,0.22947499
2018-05-15 10:30:00,0.62325
2018-05-16 10:30:00,0.5416125
2018-05-17 10:30:00,0.36173746
2018-05-18 10:30:00,0.2447125
2018-05-19 10:30:00,0.18696249
2018-05-20 10:30:00,0.32598752
2018-05-21 10:30:00,0.3852625
2018-05-22 10:30:00,0.569575
2018-05-23 10:30:00,0.360225
2018-05-24 10:30:00,0.45293748
2018-05-25 10:30:00,0.3094875
2018-05-26 10:30:00,0.4466625
2018-05-27 10:30:00,0.72201246
2018-05-28 10:30:00,0.80843747
2018-05-29 10:30:00,0.73281246
2018-05-30 10:30:00,0.467275
2018-05-31 10:30:00,0.385075
2018-06-01 10:30:00,0.1522875
2018-06-02 10:30:00,0.1446
2018-06-03 10:30:00,0.25814998
2018-06-04 10:30:00,0.3868625
2018-06-05 10:30:00,0.39970002
2018-06-06 10:30:00,0.43971246
2018-06-07 10:30:00,0.40971246
2018-06-08 10:30:00,0.44792497
2018-06-09 10:30:00,0.6291125
2018-06-10 10:30:00,0.64449996
2018-06-11 10:30:00,0.699775
2018-06-12 10:30:00,0.772125
2018-06-13 10:30:00,0.6252875
2018-06-14 10:30:00,0.7223625
2018-06-15 10:30:00,0.661275
2018-06-16 10:30:00,0.547625
2018-06-17 10:30:00,0.44507498
2018-06-18 10:30:00,0.784125
2018-06-19 10:30:00,0.5439375
2018-06-20 10:30:00,0.5574
2018-06-21 10:30:00,0.4290875
2018-06-22 10:30:00,0.43676248
2018-06-23 10:30:00,0.4682125
2018-06-24 10:30:00,0.6071375
2018-06-25 10:30:00,0.87256247
2018-06-26 10:30:00,0.8030625
2018-06-27 10:30:00,0.84871244
2018-06-28 10:30:00,0.59678745
2018-06-29 10:30:00,0.54525
2018-06-30 10:30:00,0.52358747
2018-07-01 10:30:00,0.5101875
2018-07-02 10:30:00,0.598725
2018-07-03 10:30:00,0.6114
2018-07-04 10:30:00,0.8634875
2018-07-05 10:30:00,0.80520004
2018-07-06 10:30:00,0.69063747
2018-07-07 10:30:00,0.8796
2018-07-08 10:30:00,0.7961375
2018-07-09 10:30:00,0.8029125
2018-07-10 10:30:00,0.81552494
2018-07-11 10:30:00,0.7846375
2018-07-12 10:30:00,0.5760125
2018-07-13 10:30:00,0.48776248
2018-07-14 10:30:00,0.5129
2018-07-15 10:30:00,0.513725
2018-07-16 10:30:00,0.893625
2018-07-17 10:30:00,0.83747494
2018-07-18 10:30:00,0.8007875
2018-07-19 10:30:00,0.7147875
2018-07-20 10:30:00,0.82503754
2018-07-21 10:30:00,0.84762496
2018-07-22 10:30:00,0.627
2018-07-23 10:30:00,0.57584995
2018-07-24 10:30:00,0.8079625
2018-07-25 10:30:00,0.80582494
2018-07-26 10:30:00,0.66205
2018-07-27 10:30:00,0.6139375
2018-07-28 10:30:00,0.65058744
2018-07-29 10:30:00,0.6505
2018-07-30 10:30:00,0.742875
2018-07-31 10:30:00,0.50023746
2018-08-01 10:30:00,0.5506875
2018-08-02 10:30:00,0.6030875
2018-08-03 10:30:00,0.7285375
2018-08-04 10:30:00,0.77715
2018-08-05 10:30:00,0.647025
2018-08-06 10:30:00,0.7195375
2018-08-07 10:30:00,0.7030625
2018-08-08 10:30:00,0.67991245
2018-08-09 10:30:00,0.5249625
2018-08-10 10:30:00,0.58152497
2018-08-11 10:30:00,0.73125
2018-08-12 10:30:00,0.6720625
2018-08-13 10:30:00,0.8508625
2018-08-14 10:30:00,0.7899625
2018-08-15 10:30:00,0.6725
2018-08-16 10:30:00,0.539525
2018-08-17 10:30:00,0.67721254
2018-08-18 10:30:00,0.46966246
2018-08-19 10:30:00,0.5215
2018-08-20 10:30:00,0.6997374
2018-08-21 10:30:00,0.6179375
2018-08-22 10:30:00,0.5509375
2018-08-23 10:30:00,0.579575
2018-08-24 10:30:00,0.68324995
2018-08-25 10:30:00,0.83369994
2018-08-26 10:30:00,0.72241247
2018-08-27 10:30:00,0.6080125
2018-08-28 10:30:00,0.8628375
2018-08-29 10:30:00,0.726825
2018-08-30 10:30:00,0.7776875
2018-08-31 10:30:00,0.63023746
2018-09-01 10:30:00,0.5373
2018-09-02 10:30:00,0.79341245
2018-09-03 10:30:00,0.70309997
2018-09-04 10:30:00,0.5926
2018-09-05 10:30:00,0.59747493
2018-09-06 10:30:00,0.417
2018-09-07 10:30:00,0.49330002
2018-09-08 10:30:00,0.4136625
2018-09-09 10:30:00,0.49830002
2018-09-10 10:30:00,0.5738125
2018-09-11 10:30:00,0.6195875
2018-09-12 10:30:00,0.5091125
2018-09-13 10:30:00,0.4321875
2018-09-14 10:30:00,0.5530875
2018-09-15 10:30:00,0.3939125
2018-09-16 10:30:00,0.4157125
2018-09-17 10:30:00,0.416025
2018-09-18 10:30:00,0.50615
2018-09-19 10:30:00,0.4903875
2018-09-20 10:30:00,0.591025
2018-09-21 10:30:00,0.44798747
2018-09-22 10:30:00,0.5722
2018-09-23 10:30:00,0.7314375
2018-09-24 10:30:00,0.51748747
2018-09-25 10:30:00,0.5186375
2018-09-26 10:30:00,0.49142498
2018-09-27 10:30:00,0.45439997
2018-09-28 10:30:00,0.6966625
2018-09-29 10:30:00,0.841825
2018-09-30 10:30:00,0.7477
2018-10-01 10:30:00,0.47853747
2018-10-02 10:30:00,0.4903875
2018-10-03 10:30:00,0.5199125
2018-10-04 10:30:00,0.46706247
2018-10-05 10:30:00,0.37272498
2018-10-06 10:30:00,0.31074998
2018-10-07 10:30:00,0.4471625
2018-10-08 10:30:00,0.40693748
2018-10-09 10:30:00,0.41915
2018-10-10 10:30:00,0.47658747
2018-10-11 10:30:00,0.449025
2018-10-12 10:30:00,0.38579997
2018-10-13 10:30:00,0.2817375
2018-10-14 10:30:00,0.40565
2018-10-15 10:30:00,0.3408875
2018-10-16 10:30:00,0.386175
2018-10-17 10:30:00,0.35783747
2018-10-18 10:30:00,0.2836
2018-10-19 10:30:00,0.34552497
2018-10-20 10:30:00,0.30645
2018-10-21 10:30:00,0.2816875
2018-10-22 10:30:00,0.33638752
2018-10-23 10:30:00,0.4887875
2018-10-24 10:30:00,0.450125
2018-10-25 10:30:00,0.56444997
2018-10-26 10:30:00,0.48145
2018-10-27 10:30:00,0.30171248
2018-10-28 10:30:00,0.39755002
2018-10-29 10:30:00,0.5244125
2018-10-30 10:30:00,0.40193748
2018-10-31 10:30:00,0.347975
2018-11-01 10:30:00,0.3864125
2018-11-02 10:30:00,0.3147375
2018-11-03 10:30:00,0.3335625
2018-11-04 10:30:00,0.407425
2018-11-05 10:30:00,0.3826625
2018-11-06 10:30:00,0.3256
2018-11-07 10:30:00,0.31425
2018-11-08 10:30:00,0.429425
2018-11-09 10:30:00,0.41265
2018-11-10 10:30:00,0.3606
2018-11-11 10:30:00,0.47331247
2018-11-12 10:30:00,0.50033754
2018-11-13 10:30:00,0.45514998
2018-11-14 10:30:00,0.630475
2018-11-15 10:30:00,0.34721246
2018-11-16 10:30:00,0.37736246
2018-11-17 10:30:00,0.46856248
2018-11-18 10:30:00,0.50409997
2018-11-19 10:30:00,0.37345
2018-11-20 10:30:00,0.33897498
2018-11-21 10:30:00,0.28983748
2018-11-22 10:30:00,0.342425
2018-11-23 10:30:00,0.2917625
2018-11-24 10:30:00,0.33232498
2018-11-25 10:30:00,0.3290625
2018-11-26 10:30:00,0.23486249
2018-11-27 10:30:00,0.23692499
2018-11-28 10:30:00,0.2693125
2018-11-29 10:30:00,0.2335625
2018-11-30 10:30:00,0.270825
2018-12-01 10:30:00,0.28536248
2018-12-02 10:30:00,0.32239997
2018-12-03 10:30:00,0.2531125
2018-12-04 10:30:00,0.2488125
2018-12-05 10:30:00,0.275
2018-12-06 10:30:00,0.24975
2018-12-07 10:30:00,0.25268748
2018-12-08 10:30:00,0.279075
2018-12-09 10:30:00,0.37928748
2018-12-10 10:30:00,0.4215625
2018-12-11 10:30:00,0.43049997
2018-12-12 10:30:00,0.56435
2018-12-13 10:30:00,0.46905
2018-12-14 10:30:00,0.377975
2018-12-15 10:30:00,0.34724998
2018-12-16 10:30:00,0.4019875
2018-12-17 10:30:00,0.347275
2018-12-18 10:30:00,0.4453125
2018-12-19 10:30:00,0.4219625
2018-12-20 10:30:00,0.4781375
2018-12-21 10:30:00,0.61235
2018-12-22 10:30:00,0.2685125
2018-12-23 10:30:00,0.25167498
2018-12-24 10:30:00,0.2784375
2018-12-25 10:30:00,0.20393749
2018-12-26 10:30:00,0.2254125
2018-12-27 10:30:00,0.23555
2018-12-28 10:30:00,0.26236248
2018-12-29 10:30:00,0.2828
2018-12-30 10:30:00,0.36581248
2018-12-31 10:30:00,0.3139875
2019-01-01 10:30:00,0.25965
2019-01-02 10:30:00,0.3478625
2019-01-03 10:30:00,0.384225
2019-01-04 10:30:00,0.3039625
2019-01-05 10:30:00,0.2879375
2019-01-06 10:30:00,0.37111247
2019-01-07 10:30:00,0.3067
2019-01-08 10:30:00,0.229425
2019-01-09 10:30:00,0.21795
2019-01-10 10:30:00,0.36138746
2019-01-11 10:30:00,0.404625
2019-01-12 10:30:00,0.45976248
2019-01-13 10:30:00,0.47832498
2019-01-14 10:30:00,0.3303125
2019-01-15 10:30:00,0.2283625
2019-01-16 10:30:00,0.307925
2019-01-17 10:30:00,0.3108
2019-01-18 10:30:00,0.3384375
2019-01-19 10:30:00,0.31981248
2019-01-20 10:30:00,0.2698625
2019-01-21 10:30:00,0.3140875
2019-01-22 10:30:00,0.2501375
2019-01-23 10:30:00,0.2566625
2019-01-24 10:30:00,0.328825
2019-01-25 10:30:00,0.2716125
2019-01-26 10:30:00,0.21708749
2019-01-27 10:30:00,0.279025
2019-01-28 10:30:00,0.26938748
2019-01-29 10:30:00,0.2430625
2019-01-30 10:30:00,0.20903748
2019-01-31 10:30:00,0.2013875
2019-02-01 10:30:00,0.16315
2019-02-02 10:30:00,0.30567497
2019-02-03 10:30:00,0.21429999
2019-02-04 10:30:00,0.3146
2019-02-05 10:30:00,0.2201625
2019-02-06 10:30:00,0.205475
2019-02-07 10:30:00,0.1990125
2019-02-08 10:30:00,0.2392
2019-02-09 10:30:00,0.22963749
2019-02-10 10:30:00,0.23955
2019-02-11 10:30:00,0.2326
2019-02-12 10:30:00,0.2021375
2019-02-13 10:30:00,0.1947875
2019-02-14 10:30:00,0.15547499
2019-02-15 10:30:00,0.146175
2019-02-16 10:30:00,0.20748751
2019-02-17 10:30:00,0.189225
2019-02-18 10:30:00,0.12305
2019-02-19 10:30:00,0.2204375
2019-02-20 10:30:00,0.18938749
2019-02-21 10:30:00,0.18969999
2019-02-22 10:30:00,0.26947498
2019-02-23 10:30:00,0.20711249
2019-02-24 10:30:00,0.21976249
2019-02-25 10:30:00,0.27285
2019-02-26 10:30:00,0.24903749
2019-02-27 10:30:00,0.28305
2019-02-28 10:30:00,0.20656249
2019-03-01 10:30:00,0.192675
2019-03-02 10:30:00,0.1883
2019-03-03 10:30:00,0.2208
2019-03-04 10:30:00,0.25292498
2019-03-05 10:30:00,0.38881248
2019-03-06 10:30:00,0.24924998
2019-03-07 10:30:00,0.1930875
2019-03-08 10:30:00,0.12096249
2019-03-09 10:30:00,0.1777875
2019-03-10 10:30:00,0.1385375
2019-03-11 10:30:00,0.17684999
2019-03-12 10:30:00,0.16245
2019-03-13 10:30:00,0.1708875
2019-03-14 10:30:00,0.273575
2019-03-15 10:30:00,0.2566625
2019-03-16 10:30:00,0.338325
2019-03-17 10:30:00,0.2088125
2019-03-18 10:30:00,0.17521249
2019-03-19 10:30:00,0.33331248
2019-03-20 10:30:00,0.27879998
2019-03-21 10:30:00,0.18177499
2019-03-22 10:30:00,0.20511249
2019-03-23 10:30:00,0.15788749
2019-03-24 10:30:00,0.1794
2019-03-25 10:30:00,0.09016249
2019-03-26 10:30:00,0.08311249
2019-03-27 10:30:00,0.10675
2019-03-28 10:30:00,0.1205125
2019-03-29 10:30:00,0.296825
2019-03-30 10:30:00,0.178775
2019-03-31 10:30:00,0.1835375
2019-04-01 10:30:00,0.143625
2019-04-02 10:30:00,0.1362125
2019-04-03 10:30:00,0.12628749
2019-04-04 10:30:00,0.35087496
2019-04-05 10:30:00,0.23161249
2019-04-06 10:30:00,0.256525
2019-04-07 10:30:00,0.3437
2019-04-08 10:30:00,0.2678
2019-04-09 10:30:00,0.17442499
2019-04-10 10:30:00,0.10875
2019-04-11 10:30:00,0.1122875
2019-04-12 10:30:00,0.0859875
2019-04-13 10:30:00,0.1605125
2019-04-14 10:30:00,0.1538875
2019-04-15 10:30:00,0.086975
2019-04-16 10:30:00,0.1307375
2019-04-17 10:30:00,0.43886247
2019-04-18 10:30:00,0.12212499
2019-04-19 10:30:00,0.091562495
2019-04-20 10:30:00,0.0765625
2019-04-21 10:30:00,0.060925
2019-04-22 10:30:00,0.14909999
2019-04-23 10:30:00,0.1008375
2019-04-24 10:30:00,0.14361249
2019-04-25 10:30:00,0.175725
2019-04-26 10:30:00,0.11632499
2019-04-27 10:30:00,0.0880625
2019-04-28 10:30:00,0.36829996
2019-04-29 10:30:00,0.492025
2019-04-30 10:30:00,0.2134125
2019-05-01 10:30:00,0.17821251
2019-05-02 10:30:00,0.21489999
2019-05-03 10:30:00,0.17514999
2019-05-04 10:30:00,0.396325
2019-05-05 10:30:00,0.21212499
2019-05-06 10:30:00,0.1643875
2019-05-07 10:30:00,0.15015
2019-05-08 10:30:00,0.15159999
2019-05-09 10:30:00,0.21450001
2019-05-10 10:30:00,0.2198875
2019-05-11 10:30:00,0.3525625
2019-05-12 10:30:00,0.5365125
2019-05-13 10:30:00,0.59363747
2019-05-14 10:30:00,0.3849375
2019-05-15 10:30:00,0.31882498
2019-05-16 10:30:00,0.1534125
2019-05-17 10:30:00,0.1891875
2019-05-18 10:30:00,0.289825
2019-05-19 10:30:00,0.86311245
2019-05-20 10:30:00,0.5781625
2019-05-21 10:30:00,0.52645
2019-05-22 10:30:00,0.43465
2019-05-23 10:30:00,0.33299997
2019-05-24 10:30:00,0.21374999
2019-05-25 10:30:00,0.57105
2019-05-26 10:30:00,0.7395375
2019-05-27 10:30:00,0.344975
2019-05-28 10:30:00,0.17799999
2019-05-29 10:30:00,0.19817498
2019-05-30 10:30:00,0.5237375
2019-05-31 10:30:00,0.4181125
2019-06-01 10:30:00,0.4143375
2019-06-02 10:30:00,0.4574625
2019-06-03 10:30:00,0.488525
2019-06-04 10:30:00,0.4142125
2019-06-05 10:30:00,0.345675
2019-06-06 10:30:00,0.5758875
2019-06-07 10:30:00,0.78677493
2019-06-08 10:30:00,0.79535
2019-06-09 10:30:00,0.72638744
2019-06-10 10:30:00,0.6917625
2019-06-11 10:30:00,0.616475
2019-06-12 10:30:00,0.6211375
2019-06-13 10:30:00,0.4037625
2019-06-14 10:30:00,0.59029996
2019-06-15 10:30:00,0.509925
2019-06-16 10:30:00,0.42759997
2019-06-17 10:30:00,0.3545
2019-06-18 10:30:00,0.41826248
2019-06-19 10:30:00,0.3757875
2019-06-20 10:30:00,0.4598875
2019-06-21 10:30:00,0.442125
2019-06-22 10:30:00,0.48499998
2019-06-23 10:30:00,0.3719625
2019-06-24 10:30:00,0.37417498
2019-06-25 10:30:00,0.61907494
2019-06-26 10:30:00,0.7334874
2019-06-27 10:30:00,0.73653746
2019-06-28 10:30:00,0.83255005
2019-06-29 10:30:00,0.71968746
2019-06-30 10:30:00,0.713
2019-07-01 10:30:00,0.5199625
2019-07-02 10:30:00,0.6001125
2019-07-03 10:30:00,0.5786
2019-07-04 10:30:00,0.6059875
2019-07-05 10:30:00,0.88273746
2019-07-06 10:30:00,0.9065
2019-07-07 10:30:00,0.667175
2019-07-08 10:30:00,0.6487625
2019-07-09 10:30:00,0.608925
2019-07-10 10:30:00,0.72718745
2019-07-11 10:30:00,0.7176625
2019-07-12 10:30:00,0.6706375
2019-07-13 10:30:00,0.7306625
2019-07-14 10:30:00,0.658525
2019-07-15 10:30:00,0.64077497
2019-07-16 10:30:00,0.77085
2019-07-17 10:30:00,0.687425
2019-07-18 10:30:00,0.6021875
2019-07-19 10:30:00,0.66121244
2019-07-20 10:30:00,0.6931
2019-07-21 10:30:00,0.5647625
2019-07-22 10:30:00,0.5422125
2019-07-23 10:30:00,0.85959995
2019-07-24 10:30:00,0.69575006
2019-07-25 10:30:00,0.7652375
2019-07-26 10:30:00,0.6658
2019-07-27 10:30:00,0.82524997
2019-07-28 10:30:00,0.6890125
2019-07-29 10:30:00,0.6517624
2019-07-30 10:30:00,0.705175
2019-07-31 10:30:00,0.5434625
2019-08-01 10:30:00,0.5653875
2019-08-02 10:30:00,0.572075
2019-08-03 10:30:00,0.61316246
2019-08-04 10:30:00,0.52947503
2019-08-05 10:30:00,0.6399125
2019-08-06 10:30:00,0.8897374
2019-08-07 10:30:00,0.8156625
2019-08-08 10:30:00,0.8451625
2019-08-09 10:30:00,0.7674125
2019-08-10 10:30:00,0.85198754
2019-08-11 10:30:00,0.807875
2019-08-12 10:30:00,0.7204125
2019-08-13 10:30:00,0.7185624
2019-08-14 10:30:00,0.65385
2019-08-15 10:30:00,0.61311245
2019-08-16 10:30:00,0.6945125
2019-08-17 10:30:00,0.6958125
2019-08-18 10:30:00,0.680475
2019-08-19 10:30:00,0.6576625
2019-08-20 10:30:00,0.88025
2019-08-21 10:30:00,0.6088375
2019-08-22 10:30:00,0.7153375
2019-08-23 10:30:00,0.7499125
2019-08-24 10:30:00,0.7504625
2019-08-25 10:30:00,0.733125
2019-08-26 10:30:00,0.91363746
2019-08-27 10:30:00,0.69974995
2019-08-28 10:30:00,0.79433745
2019-08-29 10:30:00,0.7663624
2019-08-30 10:30:00,0.593325
2019-08-31 10:30:00,0.5803875
2019-09-01 10:30:00,0.6400125
2019-09-02 10:30:00,0.66418743
2019-09-03 10:30:00,0.6100125
2019-09-04 10:30:00,0.6329125
2019-09-05 10:30:00,0.5653625
2019-09-06 10:30:00,0.6720625
2019-09-07 10:30:00,0.707625
2019-09-08 10:30:00,0.41896248
2019-09-09 10:30:00,0.40775
2019-09-10 10:30:00,0.47512498
2019-09-11 10:30:00,0.4349375
2019-09-12 10:30:00,0.453525
2019-09-13 10:30:00,0.62815
2019-09-14 10:30:00,0.429525
2019-09-15 10:30:00,0.33540002
2019-09-16 10:30:00,0.3133375
2019-09-17 10:30:00,0.4129625
2019-09-18 10:30:00,0.36138746
2019-09-19 10:30:00,0.49201247
2019-09-20 10:30:00,0.6101625
2019-09-21 10:30:00,0.48154998
2019-09-22 10:30:00,0.449975
2019-09-23 10:30:00,0.348875
2019-09-24 10:30:00,0.34565
2019-09-25 10:30:00,0.5095375
2019-09-26 10:30:00,0.47201252
2019-09-27 10:30:00,0.41187498
2019-09-28 10:30:00,0.358825
2019-09-29 10:30:00,0.38435
2019-09-30 10:30:00,0.50990003
2019-10-01 10:30:00,0.5157
2019-10-02 10:30:00,0.64037496
2019-10-03 10:30:00,0.6073875
2019-10-04 10:30:00,0.48319998
2019-10-05 10:30:00,0.4598375
2019-10-06 10:30:00,0.3912125
2019-10-07 10:30:00,0.38462502
2019-10-08 10:30:00,0.42505
2019-10-09 10:30:00,0.3642625
2019-10-10 10:30:00,0.26264998
2019-10-11 10:30:00,0.23545
2019-10-12 10:30:00,0.23715
2019-10-13 10:30:00,0.26378748
2019-10-14 10:30:00,0.25965
2019-10-15 10:30:00,0.21695
2019-10-16 10:30:00,0.34239998
2019-10-17 10:30:00,0.33985
2019-10-18 10:30:00,0.3838625
2019-10-19 10:30:00,0.47967497
2019-10-20 10:30:00,0.414775
2019-10-21 10:30:00,0.2658375
2019-10-22 10:30:00,0.26776248
2019-10-23 10:30:00,0.31759998
2019-10-24 10:30:00,0.70065004
2019-10-25 10:30:00,0.52872497
2019-10-26 10:30:00,0.5798875
2019-10-27 10:30:00,0.5071125
2019-10-28 10:30:00,0.5911
2019-10-29 10:30:00,0.32458752
2019-10-30 10:30:00,0.378
2019-10-31 10:30:00,0.24021249
2019-11-01 10:30:00,0.20711249
2019-11-02 10:30:00,0.304375
2019-11-03 10:30:00,0.3135875
2019-11-04 10:30:00,0.34245
2019-11-05 10:30:00,0.22444999
2019-11-06 10:30:00,0.33294997
2019-11-07 10:30:00,0.32032502
2019-11-08 10:30:00,0.37403747
2019-11-09 10:30:00,0.4555125
2019-11-10 10:30:00,0.4142375
2019-11-11 10:30:00,0.202575
2019-11-12 10:30:00,0.67503744
2019-11-13 10:30:00,0.43525
2019-11-14 10:30:00,0.412
2019-11-15 10:30:00,0.3783625
2019-11-16 10:30:00,0.33564997
2019-11-17 10:30:00,0.507275
2019-11-18 10:30:00,0.30241248
2019-11-19 10:30:00,0.329475
2019-11-20 10:30:00,0.3635625
2019-11-21 10:30:00,0.5282875
2019-11-22 10:30:00,0.5135625
2019-11-23 10:30:00,0.269225
2019-11-24 10:30:00,0.299325
2019-11-25 10:30:00,0.2522875
2019-11-26 10:30:00,0.270225
2019-11-27 10:30:00,0.29207498
2019-11-28 10:30:00,0.34386247
2019-11-29 10:30:00,0.32951248
2019-11-30 10:30:00,0.54815
2019-12-01 10:30:00,0.41698748
2019-12-02 10:30:00,0.28277498
2019-12-03 10:30:00,0.28754997
2019-12-04 10:30:00,0.3036625
2019-12-05 10:30:00,0.3017625
2019-12-06 10:30:00,0.39311248
2019-12-07 10:30:00,0.46811247
2019-12-08 10:30:00,0.6221125
2019-12-09 10:30:00,0.5601
2019-12-10 10:30:00,0.59419996
2019-12-11 10:30:00,0.539225
2019-12-12 10:30:00,0.5598125
2019-12-13 10:30:00,0.54029995
2019-12-14 10:30:00,0.6195375
2019-12-15 10:30:00,0.59639996
2019-12-16 10:30:00,0.53178746
2019-12-17 10:30:00,0.46095
2019-12-18 10:30:00,0.483275
2019-12-19 10:30:00,0.5028125
2019-12-20 10:30:00,0.48818746
2019-12-21 10:30:00,0.58951247
2019-12-22 10:30:00,0.649
2019-12-23 10:30:00,0.577675
2019-12-24 10:30:00,0.64805
2019-12-25 10:30:00,0.639825
2019-12-26 10:30:00,0.526975
2019-12-27 10:30:00,0.6357
2019-12-28 10:30:00,0.668875
2019-12-29 10:30:00,0.677575
2019-12-30 10:30:00,0.50759995
2019-12-31 10:30:00,0.4745
2020-01-01 10:30:00,0.523125
2020-01-02 10:30:00,0.5055
2020-01-03 10:30:00,0.5834125
2020-01-04 10:30:00,0.592725
2020-01-05 10:30:00,0.6703875
2020-01-06 10:30:00,0.80293745
2020-01-07 10:30:00,0.7060125
2020-01-08 10:30:00,0.666575
2020-01-09 10:30:00,0.6425375
2020-01-10 10:30:00,0.5906625
2020-01-11 10:30:00,0.59278744
2020-01-12 10:30:00,0.5216
2020-01-13 10:30:00,0.63084996
2020-01-14 10:30:00,0.58994997
2020-01-15 10:30:00,0.5962625
2020-01-16 10:30:00,0.5387375
2020-01-17 10:30:00,0.5984
2020-01-18 10:30:00,0.7104875
2020-01-19 10:30:00,0.728
2020-01-20 10:30:00,0.552475
2020-01-21 10:30:00,0.55825
2020-01-22 10:30:00,0.57647496
2020-01-23 10:30:00,0.4425
2020-01-24 10:30:00,0.52195
2020-01-25 10:30:00,0.6156875
2020-01-26 10:30:00,0.6119625
2020-01-27 10:30:00,0.6197625
2020-01-28 10:30:00,0.58185
2020-01-29 10:30:00,0.566225
2020-01-30 10:30:00,0.588875
2020-01-31 10:30:00,0.5768125
2020-02-01 10:30:00,0.393325
2020-02-02 10:30:00,0.38903752
2020-02-03 10:30:00,0.42123747
2020-02-04 10:30:00,0.41518748
2020-02-05 10:30:00,0.41408747
2020-02-06 10:30:00,0.38127497
2020-02-07 10:30:00,0.52596253
2020-02-08 10:30:00,0.5716125
2020-02-09 10:30:00,0.59169996
2020-02-10 10:30:00,0.65845
2020-02-11 10:30:00,0.53284997
2020-02-12 10:30:00,0.64073753
2020-02-13 10:30:00,0.6747875
2020-02-14 10:30:00,0.4921875
2020-02-15 10:30:00,0.47216251
2020-02-16 10:30:00,0.560425
2020-02-17 10:30:00,0.42333746
2020-02-18 10:30:00,0.4375
2020-02-19 10:30:00,0.4326875
2020-02-20 10:30:00,0.58704996
2020-02-21 10:30:00,0.7366625
2020-02-22 10:30:00,0.5261125
2020-02-23 10:30:00,0.4608625
2020-02-24 10:30:00,0.4470625
2020-02-25 10:30:00,0.53075
2020-02-26 10:30:00,0.41099998
2020-02-27 10:30:00,0.46682498
2020-02-28 10:30:00,0.622575
2020-02-29 10:30:00,0.5811
2020-03-01 10:30:00,0.59187496
2020-03-02 10:30:00,0.5904625
2020-03-03 10:30:00,0.77967495
2020-03-04 10:30:00,0.56733745
2020-03-05 10:30:00,0.541675
2020-03-06 10:30:00,0.69693744
2020-03-07 10:30:00,0.4648875
2020-03-08 10:30:00,0.50001246
2020-03-09 10:30:00,0.3357875
2020-03-10 10:30:00,0.5444
2020-03-11 10:30:00,0.36670002
2020-03-12 10:30:00,0.20766251
2020-03-13 10:30:00,0.428075
2020-03-14 10:30:00,0.35154998
2020-03-15 10:30:00,0.25682497
2020-03-16 10:30:00,0.4010875
2020-03-17 10:30:00,0.3583125
2020-03-18 10:30:00,0.394025
2020-03-19 10:30:00,0.39028752
2020-03-20 10:30:00,0.3066625
2020-03-21 10:30:00,0.2435875
2020-03-22 10:30:00,0.38329998
2020-03-23 10:30:00,0.314125
2020-03-24 10:30:00,0.358825
2020-03-25 10:30:00,0.361975
2020-03-26 10:30:00,0.2103375
2020-03-27 10:30:00,0.2773625
2020-03-28 10:30:00,0.2341625
2020-03-29 10:30:00,0.17122501
2020-03-30 10:30:00,0.1563
2020-03-31 10:30:00,0.18968749
2020-04-01 10:30:00,0.2003875
2020-04-02 10:30:00,0.22552499
2020-04-03 10:30:00,0.24126251
2020-04-04 10:30:00,0.1362
2020-04-05 10:30:00,0.13655
2020-04-06 10:30:00,0.28487498
2020-04-07 10:30:00,0.29985
2020-04-08 10:30:00,0.33865002
2020-04-09 10:30:00,0.2926375
2020-04-10 10:30:00,0.15595
2020-04-11 10:30:00,0.18374999
2020-04-12 10:30:00,0.12118749
2020-04-13 10:30:00,0.1446
2020-04-14 10:30:00,0.2778875
2020-04-15 10:30:00,0.2555
2020-04-16 10:30:00,0.42401248
2020-04-17 10:30:00,0.22902499
2020-04-18 10:30:00,0.16587499
2020-04-19 10:30:00,0.6037875
2020-04-20 10:30:00,0.7689875
2020-04-21 10:30:00,0.78418744
2020-04-22 10:30:00,0.5199625
2020-04-23 10:30:00,0.42494997
2020-04-24 10:30:00,0.60314995
2020-04-25 10:30:00,0.47772497
2020-04-26 10:30:00,0.46996248
2020-04-27 10:30:00,0.3490625
2020-04-28 10:30:00,0.5286875
2020-04-29 10:30:00,0.40408748
2020-04-30 10:30:00,0.36005
2020-05-01 10:30:00,0.281925
2020-05-02 10:30:00,0.3123
2020-05-03 10:30:00,0.68052495
2020-05-04 10:30:00,0.4778125
2020-05-05 10:30:00,0.419225
2020-05-06 10:30:00,0.28235
2020-05-07 10:30:00,0.3978875
2020-05-08 10:30:00,0.2443625
2020-05-09 10:30:00,0.36235
2020-05-10 10:30:00,0.5165375
2020-05-11 10:30:00,0.5185625
2020-05-12 10:30:00,0.3843
2020-05-13 10:30:00,0.31272498
2020-05-14 10:30:00,0.2434375
2020-05-15 10:30:00,0.48639998
2020-05-16 10:30:00,0.79171246
2020-05-17 10:30:00,0.8736125
2020-05-18 10:30:00,0.64677495
2020-05-19 10:30:00,0.65895
2020-05-20 10:30:00,0.6700875
2020-05-21 10:30:00,0.649325
2020-05-22 10:30:00,0.79488754
2020-05-23 10:30:00,0.6841124
2020-05-24 10:30:00,0.419225
2020-05-25 10:30:00,0.465975
2020-05-26 10:30:00,0.3532125
2020-05-27 10:30:00,0.39666247
2020-05-28 10:30:00,0.4400375
2020-05-29 10:30:00,0.4808625
2020-05-30 10:30:00,0.5073625
2020-05-31 10:30:00,0.72499996
2020-06-01 10:30:00,0.5494
2020-06-02 10:30:00,0.58416253
2020-06-03 10:30:00,0.6221375
2020-06-04 10:30:00,0.677475
2020-06-05 10:30:00,0.5266125
2020-06-06 10:30:00,0.5272875
2020-06-07 10:30:00,0.5856625
2020-06-08 10:30:00,0.6223625
2020-06-09 10:30:00,0.42623746
2020-06-10 10:30:00,0.7259375
2020-06-11 10:30:00,0.5132875
2020-06-12 10:30:00,0.65841246
2020-06-13 10:30:00,0.71788746
2020-06-14 10:30:00,0.5295
2020-06-15 10:30:00,0.47111246
2020-06-16 10:30:00,0.564775
2020-06-17 10:30:00,0.594125
2020-06-18 10:30:00,0.604675
2020-06-19 10:30:00,0.64147496
2020-06-20 10:30:00,0.7959625
2020-06-21 10:30:00,0.6473
2020-06-22 10:30:00,0.7714375
2020-06-23 10:30:00,0.834075
2020-06-24 10:30:00,0.739725
2020-06-25 10:30:00,0.713525
2020-06-26 10:30:00,0.673075
2020-06-27 10:30:00,0.5834625
2020-06-28 10:30:00,0.7015
2020-06-29 10:30:00,0.6606625
2020-06-30 10:30:00,0.65933746
2020-07-01 10:30:00,0.59578747
2020-07-02 10:30:00,0.5824125
2020-07-03 10:30:00,0.61707497
2020-07-04 10:30:00,0.7658125
2020-07-05 10:30:00,0.73351246
2020-07-06 10:30:00,0.8096
2020-07-07 10:30:00,0.5114875
2020-07-08 10:30:00,0.5450625
2020-07-09 10:30:00,0.5922375
2020-07-10 10:30:00,0.64411247
2020-07-11 10:30:00,0.7251
2020-07-12 10:30:00,0.70626247
2020-07-13 10:30:00,0.64705
2020-07-14 10:30:00,0.66008747
2020-07-15 10:30:00,0.5693875
2020-07-16 10:30:00,0.59894997
2020-07-17 10:30:00,0.682
2020-07-18 10:30:00,0.61215
2020-07-19 10:30:00,0.64537495
2020-07-20 10:30:00,0.5842125
2020-07-21 10:30:00,0.4338375
2020-07-22 10:30:00,0.6690875
2020-07-23 10:30:00,0.5608125
2020-07-24 10:30:00,0.5539875
2020-07-25 10:30:00,0.62619996
2020-07-26 10:30:00,0.5977125
2020-07-27 10:30:00,0.645875
2020-07-28 10:30:00,0.702425
2020-07-29 10:30:00,0.8289875
2020-07-30 10:30:00,0.7197125
2020-07-31 10:30:00,0.65487504
2020-08-01 10:30:00,0.6563624
2020-08-02 10:30:00,0.88528746
2020-08-03 10:30:00,0.83515
2020-08-04 10:30:00,0.8144
2020-08-05 10:30:00,0.7567
2020-08-06 10:30:00,0.722725
2020-08-07 10:30:00,0.84828746
2020-08-08 10:30:00,0.93622494
2020-08-09 10:30:00,0.820325
2020-08-10 10:30:00,0.6976625
2020-08-11 10:30:00,0.6688375
2020-08-12 10:30:00,0.6436125
2020-08-13 10:30:00,0.99831253
2020-08-14 10:30:00,0.83473754
2020-08-15 10:30:00,0.7411625
2020-08-16 10:30:00,0.7358
2020-08-17 10:30:00,0.80983746
2020-08-18 10:30:00,0.69146246
2020-08-19 10:30:00,0.6607125
2020-08-20 10:30:00,0.5599
2020-08-21 10:30:00,0.56855
2020-08-22 10:30:00,0.608125
2020-08-23 10:30:00,0.7611374
2020-08-24 10:30:00,0.9277875
2020-08-25 10:30:00,0.61134994
2020-08-26 10:30:00,0.7320625
2020-08-27 10:30:00,0.9805125
2020-08-28 10:30:00,0.978375
2020-08-29 10:30:00,0.68662494
2020-08-30 10:30:00,0.90205
2020-08-31 10:30:00,0.8159125
2020-09-01 10:30:00,0.6435
2020-09-02 10:30:00,0.5779
2020-09-03 10:30:00,0.8100375
2020-09-04 10:30:00,0.73742497
2020-09-05 10:30:00,0.67199993
2020-09-06 10:30:00,0.72195
2020-09-07 10:30:00,0.738925
2020-09-08 10:30:00,0.72528744
2020-09-09 10:30:00,0.81622493
2020-09-10 10:30:00,0.6836125
2020-09-11 10:30:00,0.7245375
2020-09-12 10:30:00,0.75528747
2020-09-13 10:30:00,0.811575
2020-09-14 10:30:00,0.885575
2020-09-15 10:30:00,0.8873875
2020-09-16 10:30:00,0.8457625
2020-09-17 10:30:00,0.79410005
2020-09-18 10:30:00,0.7535875
2020-09-19 10:30:00,0.72365
2020-09-20 10:30:00,0.73597497
2020-09-21 10:30:00,0.83217496
2020-09-22 10:30:00,0.6498625
2020-09-23 10:30:00,0.616175
2020-09-24 10:30:00,0.7469124
2020-09-25 10:30:00,0.76527494
2020-09-26 10:30:00,0.7107875
2020-09-27 10:30:00,0.5474
2020-09-28 10:30:00,0.59568745
2020-09-29 10:30:00,0.5412125
2020-09-30 10:30:00,0.60676247
2020-10-01 10:30:00,0.736275
2020-10-02 10:30:00,0.7105625
2020-10-03 10:30:00,0.5468375
2020-10-04 10:30:00,0.67816246
2020-10-05 10:30:00,0.536325
2020-10-06 10:30:00,0.5329625
2020-10-07 10:30:00,0.50845
2020-10-08 10:30:00,0.6454
2020-10-09 10:30:00,0.5577875
2020-10-10 10:30:00,0.308325
2020-10-11 10:30:00,0.4064
2020-10-12 10:30:00,0.458375
2020-10-13 10:30:00,0.50605
2020-10-14 10:30:00,0.42125
2020-10-15 10:30:00,0.3637625
2020-10-16 10:30:00,0.397575
2020-10-17 10:30:00,0.4031
2020-10-18 10:30:00,0.38938752
2020-10-19 10:30:00,0.41315
2020-10-20 10:30:00,0.325375
2020-10-21 10:30:00,0.45991248
2020-10-22 10:30:00,0.38154998
2020-10-23 10:30:00,0.39099997
2020-10-24 10:30:00,0.34046248
2020-10-25 10:30:00,0.515675
2020-10-26 10:30:00,0.4485375
2020-10-27 10:30:00,0.35693747
2020-10-28 10:30:00,0.41123748
2020-10-29 10:30:00,0.434025
2020-10-30 10:30:00,0.37085
2020-10-31 10:30:00,0.4928875
2020-11-01 10:30:00,0.4845
2020-11-02 10:30:00,0.3565125
2020-11-03 10:30:00,0.2997625
2020-11-04 10:30:00,0.357775
2020-11-05 10:30:00,0.44767502
2020-11-06 10:30:00,0.3920625
2020-11-07 10:30:00,0.43881246
2020-11-08 10:30:00,0.38361248
2020-11-09 10:30:00,0.41577497
2020-11-10 10:30:00,0.5379375
2020-11-11 10:30:00,0.4355875
2020-11-12 10:30:00,0.451725
2020-11-13 10:30:00,0.365525
2020-11-14 10:30:00,0.3829
2020-11-15 10:30:00,0.5219625
2020-11-16 10:30:00,0.531375
2020-11-17 10:30:00,0.7654125
2020-11-18 10:30:00,0.57259995
2020-11-19 10:30:00,0.3391
2020-11-20 10:30:00,0.35187498
2020-11-21 10:30:00,0.41974998
2020-11-22 10:30:00,0.45889997
2020-11-23 10:30:00,0.5163625
2020-11-24 10:30:00,0.62221247
2020-11-25 10:30:00,0.47046247
2020-11-26 10:30:00,0.4784125
2020-11-27 10:30:00,0.4309875
2020-11-28 10:30:00,0.46787497
2020-11-29 10:30:00,0.5050875
2020-11-30 10:30:00,0.46796247
2020-12-01 10:30:00,0.498525
2020-12-02 10:30:00,0.503225
2020-12-03 10:30:00,0.45584998
2020-12-04 10:30:00,0.46275002
2020-12-05 10:30:00,0.4460125
2020-12-06 10:30:00,0.4707125
2020-12-07 10:30:00,0.44803748
2020-12-08 10:30:00,0.419075
2020-12-09 10:30:00,0.44222498
2020-12-10 10:30:00,0.4600125
2020-12-11 10:30:00,0.412275
2020-12-12 10:30:00,0.4084
2020-12-13 10:30:00,0.400475
2020-12-14 10:30:00,0.3775
2020-12-15 10:30:00,0.33991247
2020-12-16 10:30:00,0.4281875
2020-12-17 10:30:00,0.3785125
2020-12-18 10:30:00,0.35744998
2020-12-19 10:30:00,0.41678748
2020-12-20 10:30:00,0.4330875
2020-12-21 10:30:00,0.3884125
2020-12-22 10:30:00,0.4796125
2020-12-23 10:30:00,0.663825
2020-12-24 10:30:00,0.5456375
2020-12-25 10:30:00,0.50901246
2020-12-26 10:30:00,0.61601245
2020-12-27 10:30:00,0.61561245
2020-12-28 10:30:00,0.46056247
2020-12-29 10:30:00,0.371875
2020-12-30 10:30:00,0.399575
2020-12-31 10:30:00,0.3769875
2021-01-01 10:30:00,0.41924998
2021-01-02 10:30:00,0.4146625
2021-01-03 10:30:00,0.4325
2021-01-04 10:30:00,0.40436247
2021-01-05 10:30:00,0.4032125
2021-01-06 10:30:00,0.43044996
2021-01-07 10:30:00,0.386525
2021-01-08 10:30:00,0.41041252
2021-01-09 10:30:00,0.468925
2021-01-10 10:30:00,0.4304
2021-01-11 10:30:00,0.420475
2021-01-12 10:30:00,0.73455
2021-01-13 10:30:00,0.4784625
2021-01-14 10:30:00,0.5619125
2021-01-15 10:30:00,0.5372625
2021-01-16 10:30:00,0.53545
2021-01-17 10:30:00,0.4970875
2021-01-18 10:30:00,0.3783125
2021-01-19 10:30:00,0.5054
2021-01-20 10:30:00,0.586725
2021-01-21 10:30:00,0.65207493
2021-01-22 10:30:00,0.498875
2021-01-23 10:30:00,0.55777496
2021-01-24 10:30:00,0.5794
2021-01-25 10:30:00,0.5414375
2021-01-26 10:30:00,0.4083625
2021-01-27 10:30:00,0.3826625
2021-01-28 10:30:00,0.34875
2021-01-29 10:30:00,0.5838
2021-01-30 10:30:00,0.59052503
2021-01-31 10:30:00,0.73138744
2021-02-01 10:30:00,0.5579625
2021-02-02 10:30:00,0.4425875
2021-02-03 10:30:00,0.4403625
2021-02-04 10:30:00,0.61364996
2021-02-05 10:30:00,0.562975
2021-02-06 10:30:00,0.5273875
2021-02-07 10:30:00,0.455875
2021-02-08 10:30:00,0.4995375
2021-02-09 10:30:00,0.486325
2021-02-10 10:30:00,0.5135
2021-02-11 10:30:00,0.4885625
2021-02-12 10:30:00,0.366225
2021-02-13 10:30:00,0.34281248
2021-02-14 10:30:00,0.3209625
2021-02-15 10:30:00,0.312
2021-02-16 10:30:00,0.3143875
2021-02-17 10:30:00,0.2591875
2021-02-18 10:30:00,0.36679998
2021-02-19 10:30:00,0.3503625
2021-02-20 10:30:00,0.75074995
2021-02-21 10:30:00,0.5677375
2021-02-22 10:30:00,0.3475125
2021-02-23 10:30:00,0.36674997
2021-02-24 10:30:00,0.387825
2021-02-25 10:30:00,0.3035375
2021-02-26 10:30:00,0.48733747
2021-02-27 10:30:00,0.529875
2021-02-28 10:30:00,0.3544375
2021-03-01 10:30:00,0.4414125
2021-03-02 10:30:00,0.559225
2021-03-03 10:30:00,0.484575
2021-03-04 10:30:00,0.404775
2021-03-05 10:30:00,0.2686375
2021-03-06 10:30:00,0.2837875
2021-03-07 10:30:00,0.32075
2021-03-08 10:30:00,0.36255
2021-03-09 10:30:00,0.1770125
2021-03-10 10:30:00,0.3163625
2021-03-11 10:30:00,0.3790625
2021-03-12 10:30:00,0.29076248
2021-03-13 10:30:00,0.3261625
2021-03-14 10:30:00,0.48593748
2021-03-15 10:30:00,0.3167125
2021-03-16 10:30:00,0.15608749
2021-03-17 10:30:00,0.26255
2021-03-18 10:30:00,0.26036248
2021-03-19 10:30:00,0.36857498
2021-03-20 10:30:00,0.77137494
2021-03-21 10:30:00,0.4468125
2021-03-22 10:30:00,0.37009996
2021-03-23 10:30:00,0.31524998
2021-03-24 10:30:00,0.3166625
2021-03-25 10:30:00,0.36205
2021-03-26 10:30:00,0.72161245
2021-03-27 10:30:00,0.380325
2021-03-28 10:30:00,0.47697502
2021-03-29 10:30:00,0.3486625
2021-03-30 10:30:00,0.23903748
2021-03-31 10:30:00,0.35663748
2021-04-01 10:30:00,0.35158747
2021-04-02 10:30:00,0.33991247
2021-04-03 10:30:00,0.252175
2021-04-04 10:30:00,0.20618749
2021-04-05 10:30:00,0.22066249
2021-04-06 10:30:00,0.175075
2021-04-07 10:30:00,0.263025
2021-04-08 10:30:00,0.248875
2021-04-09 10:30:00,0.24514998
2021-04-10 10:30:00,0.25501248
2021-04-11 10:30:00,0.49875
2021-04-12 10:30:00,0.6903125
2021-04-13 10:30:00,0.3841125
2021-04-14 10:30:00,0.31237498
2021-04-15 10:30:00,0.56869996
2021-04-16 10:30:00,0.9265625
2021-04-17 10:30:00,0.546575
2021-04-18 10:30:00,0.38275
2021-04-19 10:30:00,0.23888749
2021-04-20 10:30:00,0.2628375
2021-04-21 10:30:00,0.30162498
2021-04-22 10:30:00,0.4891875
2021-04-23 10:30:00,0.605475
2021-04-24 10:30:00,0.2441375
2021-04-25 10:30:00,0.2665125
2021-04-26 10:30:00,0.36334997
2021-04-27 10:30:00,0.3149625
2021-04-28 10:30:00,0.290175
2021-04-29 10:30:00,0.5268125
2021-04-30 10:30:00,0.53982496
2021-05-01 10:30:00,0.6191
2021-05-02 10:30:00,0.32509997
2021-05-03 10:30:00,0.4003875
2021-05-04 10:30:00,0.45525
2021-05-05 10:30:00,0.45553747
2021-05-06 10:30:00,0.52975
2021-05-07 10:30:00,0.862125
2021-05-08 10:30:00,0.649925
2021-05-09 10:30:00,0.5312
2021-05-10 10:30:00,0.380675
2021-05-11 10:30:00,0.38267496
2021-05-12 10:30:00,0.26705
2021-05-13 10:30:00,0.3174875
2021-05-14 10:30:00,0.795375
2021-05-15 10:30:00,0.34061247
2021-05-16 10:30:00,0.2597
2021-05-17 10:30:00,0.288975
2021-05-18 10:30:00,0.37728748
2021-05-19 10:30:00,0.45378748
2021-05-20 10:30:00,0.6037875
2021-05-21 10:30:00,0.4724
2021-05-22 10:30:00,0.3423
2021-05-23 10:30:00,0.405125
2021-05-24 10:30:00,0.3911375
2021-05-25 10:30:00,0.28945
2021-05-26 10:30:00,0.3368875
2021-05-27 10:30:00,0.5638875
2021-05-28 10:30:00,0.66705
2021-05-29 10:30:00,0.41808748
2021-05-30 10:30:00,0.613
2021-05-31 10:30:00,0.6085375
2021-06-01 10:30:00,0.43895
2021-06-02 10:30:00,0.94824994
2021-06-03 10:30:00,0.75113744
2021-06-04 10:30:00,0.83757496
2021-06-05 10:30:00,0.84199995
2021-06-06 10:30:00,0.58175
2021-06-07 10:30:00,0.5093875
2021-06-08 10:30:00,0.599225
2021-06-09 10:30:00,0.6710375
2021-06-10 10:30:00,0.53104997
2021-06-11 10:30:00,0.4672375
2021-06-12 10:30:00,0.619275
2021-06-13 10:30:00,0.6072875
2021-06-14 10:30:00,0.97006243
2021-06-15 10:30:00,0.692175
2021-06-16 10:30:00,0.7805375
2021-06-17 10:30:00,0.54225
2021-06-18 10:30:00,0.6547875
2021-06-19 10:30:00,0.7425375
2021-06-20 10:30:00,0.8454125
2021-06-21 10:30:00,0.82895005
2021-06-22 10:30:00,0.64286244
2021-06-23 10:30:00,0.4836125
2021-06-24 10:30:00,0.52143747
2021-06-25 10:30:00,0.6965875
2021-06-26 10:30:00,0.80661243
2021-06-27 10:30:00,0.818925
2021-06-28 10:30:00,0.7458875
2021-06-29 10:30:00,0.68744993
2021-06-30 10:30:00,0.89129996
2021-07-01 10:30:00,0.8762
2021-07-02 10:30:00,0.87450004
2021-07-03 10:30:00,0.89357495
2021-07-04 10:30:00,0.9356375
2021-07-05 10:30:00,0.79385
2021-07-06 10:30:00,0.87307495
2021-07-07 10:30:00,0.95417494
2021-07-08 10:30:00,0.952525
2021-07-09 10:30:00,0.89985
2021-07-10 10:30:00,0.825475
2021-07-11 10:30:00,0.7938375
2021-07-12 10:30:00,0.958925
2021-07-13 10:30:00,0.94652504
2021-07-14 10:30:00,0.998225
2021-07-15 10:30:00,0.9367875
2021-07-16 10:30:00,0.9354
2021-07-17 10:30:00,0.8878499
2021-07-18 10:30:00,0.86155
2021-07-19 10:30:00,0.8954375
2021-07-20 10:30:00,0.8879125
2021-07-21 10:30:00,0.8656625
2021-07-22 10:30:00,0.9119375
2021-07-23 10:30:00,0.814375
2021-07-24 10:30:00,0.9525
2021-07-25 10:30:00,0.9362625
2021-07-26 10:30:00,0.998925
2021-07-27 10:30:00,0.912425
2021-07-28 10:30:00,0.85288745
2021-07-29 10:30:00,0.8434375
2021-07-30 10:30:00,0.93495
2021-07-31 10:30:00,0.9944999
2021-08-01 10:30:00,0.910875
2021-08-02 10:30:00,0.8850374
2021-08-03 10:30:00,0.99625
2021-08-04 10:30:00,0.92179996
2021-08-05 10:30:00,0.74195
2021-08-06 10:30:00,0.73951244
2021-08-07 10:30:00,0.7879625
2021-08-08 10:30:00,0.92114997
2021-08-09 10:30:00,0.962325
2021-08-10 10:30:00,0.87786245
2021-08-11 10:30:00,0.997875
2021-08-12 10:30:00,0.8509749
2021-08-13 10:30:00,0.97529995
2021-08-14 10:30:00,0.9301
2021-08-15 10:30:00,0.87044996
2021-08-16 10:30:00,0.8161125
2021-08-17 10:30:00,0.82576245
2021-08-18 10:30:00,0.7891375
2021-08-19 10:30:00,0.8504
2021-08-20 10:30:00,0.96809995
2021-08-21 10:30:00,0.88223743
2021-08-22 10:30:00,0.8160375
2021-08-23 10:30:00,0.879075
2021-08-24 10:30:00,0.8477749
2021-08-25 10:30:00,0.95661247
2021-08-26 10:30:00,0.9177
2021-08-27 10:30:00,0.810475
2021-08-28 10:30:00,0.9173625
2021-08-29 10:30:00,0.7061875
2021-08-30 10:30:00,0.7179875
2021-08-31 10:30:00,0.80985
2021-09-01 10:30:00,0.730725
2021-09-02 10:30:00,0.8396499
2021-09-03 10:30:00,0.91881245
2021-09-04 10:30:00,0.79230005
2021-09-05 10:30:00,0.84216243
2021-09-06 10:30:00,0.9935875
2021-09-07 10:30:00,0.72368747
2021-09-08 10:30:00,0.93723744
2021-09-09 10:30:00,0.9949375
2021-09-10 10:30:00,0.70024997
2021-09-11 10:30:00,0.71652496
2021-09-12 10:30:00,0.68373746
2021-09-13 10:30:00,0.7677375
2021-09-14 10:30:00,0.78833747
2021-09-15 10:30:00,0.9431125
2021-09-16 10:30:00,0.622225
2021-09-17 10:30:00,0.64318746
2021-09-18 10:30:00,0.704775
2021-09-19 10:30:00,0.82974994
2021-09-20 10:30:00,0.908825
2021-09-21 10:30:00,0.8309375
2021-09-22 10:30:00,0.7902625
2021-09-23 10:30:00,0.6725625
2021-09-24 10:30:00,0.7587125
2021-09-25 10:30:00,0.9260875
2021-09-26 10:30:00,0.998675
2021-09-27 10:30:00,0.6049375
2021-09-28 10:30:00,0.595825
2021-09-29 10:30:00,0.47095
2021-09-30 10:30:00,0.66653746
2021-10-01 10:30:00,0.55815
2021-10-02 10:30:00,0.628775
2021-10-03 10:30:00,0.81511253
2021-10-04 10:30:00,0.72858745
2021-10-05 10:30:00,0.53955
2021-10-06 10:30:00,0.7160125
2021-10-07 10:30:00,0.5871125
2021-10-08 10:30:00,0.4759875
2021-10-09 10:30:00,0.46575
2021-10-10 10:30:00,0.4152625
2021-10-11 10:30:00,0.4076625
2021-10-12 10:30:00,0.3672875
2021-10-13 10:30:00,0.69205
2021-10-14 10:30:00,0.509275
2021-10-15 10:30:00,0.41207498
2021-10-16 10:30:00,0.3823125
2021-10-17 10:30:00,0.4707
2021-10-18 10:30:00,0.5987
2021-10-19 10:30:00,0.47576246
2021-10-20 10:30:00,0.46726248
2021-10-21 10:30:00,0.5512625
2021-10-22 10:30:00,0.45618752
2021-10-23 10:30:00,0.3825
2021-10-24 10:30:00,0.336925
2021-10-25 10:30:00,0.31682497
2021-10-26 10:30:00,0.40862498
2021-10-27 10:30:00,0.38939998
2021-10-28 10:30:00,0.463275
2021-10-29 10:30:00,0.503525
2021-10-30 10:30:00,0.6150875
2021-10-31 10:30:00,0.4630125
2021-11-01 10:30:00,0.484625
2021-11-02 10:30:00,0.6208
2021-11-03 10:30:00,0.651325
2021-11-04 10:30:00,0.8607625
2021-11-05 10:30:00,0.95404994
2021-11-06 10:30:00,0.57546246
2021-11-07 10:30:00,0.5681625
2021-11-08 10:30:00,0.94264996
2021-11-09 10:30:00,0.95577496
2021-11-10 10:30:00,0.7074125
2021-11-11 10:30:00,0.37588748
2021-11-12 10:30:00,0.40576246
2021-11-13 10:30:00,0.44967496
2021-11-14 10:30:00,0.65625
2021-11-15 10:30:00,0.6373875
2021-11-16 10:30:00,0.806475
2021-11-17 10:30:00,0.5599
2021-11-18 10:30:00,0.47303748
2021-11-19 10:30:00,0.63479996
2021-11-20 10:30:00,0.83418745
2021-11-21 10:30:00,0.91333747
2021-11-22 10:30:00,0.607125
2021-11-23 10:30:00,0.45388752
2021-11-24 10:30:00,0.4789875
2021-11-25 10:30:00,0.529775
2021-11-26 10:30:00,0.57105
2021-11-27 10:30:00,0.874675
2021-11-28 10:30:00,0.948525
2021-11-29 10:30:00,0.8102
2021-11-30 10:30:00,0.628125
2021-12-01 10:30:00,0.554375
2021-12-02 10:30:00,0.53798753
2021-12-03 10:30:00,0.4867125
2021-12-04 10:30:00,0.596575
2021-12-05 10:30:00,0.517375
2021-12-06 10:30:00,0.44658747
2021-12-07 10:30:00,0.68192494
2021-12-08 10:30:00,0.860775
2021-12-09 10:30:00,0.86845
2021-12-10 10:30:00,0.7123375
2021-12-11 10:30:00,0.5244125
2021-12-12 10:30:00,0.482375
2021-12-13 10:30:00,0.58186245
2021-12-14 10:30:00,0.5471
2021-12-15 10:30:00,0.8385125
2021-12-16 10:30:00,0.635475
2021-12-17 10:30:00,0.525575
2021-12-18 10:30:00,0.6022875
2021-12-19 10:30:00,0.5574625
2021-12-20 10:30:00,0.4628875
2021-12-21 10:30:00,0.48929998
2021-12-22 10:30:00,0.578175
2021-12-23 10:30:00,0.5259375
2021-12-24 10:30:00,0.4804375
2021-12-25 10:30:00,0.491375
2021-12-26 10:30:00,0.55483747
2021-12-27 10:30:00,0.6286375
2021-12-28 10:30:00,0.670475
2021-12-29 10:30:00,0.6274125
2021-12-30 10:30:00,0.50605
2021-12-31 10:30:00,0.5277375
2022-01-01 10:30:00,0.55131245
2022-01-02 10:30:00,0.4758125
2022-01-03 10:30:00,0.48744997
2022-01-04 10:30:00,0.5794375
2022-01-05 10:30:00,0.6414
2022-01-06 10:30:00,0.73293746
2022-01-07 10:30:00,0.7814625
2022-01-08 10:30:00,0.7178125
2022-01-09 10:30:00,0.60693747
2022-01-10 10:30:00,0.73709995
2022-01-11 10:30:00,0.52835
2022-01-12 10:30:00,0.557675
2022-01-13 10:30:00,0.5628625
2022-01-14 10:30:00,0.69713753
2022-01-15 10:30:00,0.533075
2022-01-16 10:30:00,0.5279375
2022-01-17 10:30:00,0.5466
2022-01-18 10:30:00,0.72795
2022-01-19 10:30:00,0.49232498
2022-01-20 10:30:00,0.63014996
2022-01-21 10:30:00,0.741075
2022-01-22 10:30:00,0.71739995
2022-01-23 10:30:00,0.7482125
2022-01-24 10:30:00,0.68915
2022-01-25 10:30:00,0.87198746
2022-01-26 10:30:00,0.6049875
2022-01-27 10:30:00,0.50053746
2022-01-28 10:30:00,0.4443
2022-01-29 10:30:00,0.41178748
2022-01-30 10:30:00,0.466425
2022-01-31 10:30:00,0.529725
2022-02-01 10:30:00,0.4508
2022-02-02 10:30:00,0.4643125
2022-02-03 10:30:00,0.42068747
2022-02-04 10:30:00,0.41425
2022-02-05 10:30:00,0.452175
2022-02-06 10:30:00,0.42982498
2022-02-07 10:30:00,0.5294
2022-02-08 10:30:00,0.628125
2022-02-09 10:30:00,0.72136253
2022-02-10 10:30:00,0.85208744
2022-02-11 10:30:00,0.8950125
2022-02-12 10:30:00,0.7429249
2022-02-13 10:30:00,0.74705
2022-02-14 10:30:00,0.634725
2022-02-15 10:30:00,0.57234997
2022-02-16 10:30:00,0.74244994
2022-02-17 10:30:00,0.61985
2022-02-18 10:30:00,0.83896244
2022-02-19 10:30:00,0.617675
2022-02-20 10:30:00,0.471075
2022-02-21 10:30:00,0.47185
2022-02-22 10:30:00,0.48263747
2022-02-23 10:30:00,0.4320375
2022-02-24 10:30:00,0.43099996
2022-02-25 10:30:00,0.43925
2022-02-26 10:30:00,0.4633625
2022-02-27 10:30:00,0.4712875
2022-02-28 10:30:00,0.44182497
2022-03-01 10:30:00,0.42967498
2022-03-02 10:30:00,0.46875
2022-03-03 10:30:00,0.4912875
2022-03-04 10:30:00,0.37849998
2022-03-05 10:30:00,0.3025875
2022-03-06 10:30:00,0.3886125
2022-03-07 10:30:00,0.43967497
2022-03-08 10:30:00,0.3914875
2022-03-09 10:30:00,0.4742375
2022-03-10 10:30:00,0.21778749
2022-03-11 10:30:00,0.20736249
2022-03-12 10:30:00,0.89646244
2022-03-13 10:30:00,0.8230125
2022-03-14 10:30:00,0.75495
2022-03-15 10:30:00,0.82143754
2022-03-16 10:30:00,0.38278747
2022-03-17 10:30:00,0.48287496
2022-03-18 10:30:00,0.50546247
2022-03-19 10:30:00,0.36063752
2022-03-20 10:30:00,0.337975
2022-03-21 10:30:00,0.325875
2022-03-22 10:30:00,0.3066375
2022-03-23 10:30:00,0.5254375
2022-03-24 10:30:00,0.74675
2022-03-25 10:30:00,0.6926249
2022-03-26 10:30:00,0.474
2022-03-27 10:30:00,0.345525
2022-03-28 10:30:00,0.2949
2022-03-29 10:30:00,0.2521875
2022-03-30 10:30:00,0.2328
2022-03-31 10:30:00,0.22622499
2022-04-01 10:30:00,0.2573875
2022-04-02 10:30:00,0.2837875
2022-04-03 10:30:00,0.25625
2022-04-04 10:30:00,0.3376625
2022-04-05 10:30:00,0.26
2022-04-06 10:30:00,0.25442502
2022-04-07 10:30:00,0.2874625
2022-04-08 10:30:00,0.29622498
2022-04-09 10:30:00,0.23706248
2022-04-10 10:30:00,0.30284998
2022-04-11 10:30:00,0.37463748
2022-04-12 10:30:00,0.28292498
2022-04-13 10:30:00,0.3050375
2022-04-14 10:30:00,0.36915
2022-04-15 10:30:00,0.257475
2022-04-16 10:30:00,0.25285
2022-04-17 10:30:00,0.28965
2022-04-18 10:30:00,0.3066375
2022-04-19 10:30:00,0.1841375
2022-04-20 10:30:00,0.3070125
2022-04-21 10:30:00,0.876875
2022-04-22 10:30:00,0.31649998
2022-04-23 10:30:00,0.40260002
2022-04-24 10:30:00,0.50595
2022-04-25 10:30:00,0.6289375
2022-04-26 10:30:00,0.51997495
2022-04-27 10:30:00,0.31138748
2022-04-28 10:30:00,0.2753
2022-04-29 10:30:00,0.737075
2022-04-30 10:30:00,0.49607497
2022-05-01 10:30:00,0.5880875
2022-05-02 10:30:00,0.36987498
2022-05-03 10:30:00,0.5934375
2022-05-04 10:30:00,0.5587
2022-05-05 10:30:00,0.81
2022-05-06 10:30:00,0.3190125
2022-05-07 10:30:00,0.2720125
2022-05-08 10:30:00,0.2437
2022-05-09 10:30:00,0.21581249
2022-05-10 10:30:00,0.6961374
2022-05-11 10:30:00,0.44682497
2022-05-12 10:30:00,0.52827495
2022-05-13 10:30:00,0.616475
2022-05-14 10:30:00,0.40403748
2022-05-15 10:30:00,0.37841251
2022-05-16 10:30:00,0.29553747
2022-05-17 10:30:00,0.502125
2022-05-18 10:30:00,0.3324875
2022-05-19 10:30:00,0.41147497
2022-05-20 10:30:00,0.3485625
2022-05-21 10:30:00,0.447775
2022-05-22 10:30:00,0.362775
2022-05-23 10:30:00,0.3993875
2022-05-24 10:30:00,0.86701244
2022-05-25 10:30:00,0.559325
2022-05-26 10:30:00,0.4508625
2022-05-27 10:30:00,0.29468748
2022-05-28 10:30:00,0.442475
2022-05-29 10:30:00,0.99714994
2022-05-30 10:30:00,0.5803375
2022-05-31 10:30:00,0.68182504
2022-06-01 10:30:00,0.6931875
2022-06-02 10:30:00,0.5139875
2022-06-03 10:30:00,0.5775875
2022-06-04 10:30:00,0.850475
2022-06-05 10:30:00,0.9966875
2022-06-06 10:30:00,0.81606245
2022-06-07 10:30:00,0.99815
2022-06-08 10:30:00,0.87845
2022-06-09 10:30:00,0.73521245
2022-06-10 10:30:00,0.66069996
2022-06-11 10:30:00,0.64675003
2022-06-12 10:30:00,0.8332499
2022-06-13 10:30:00,0.81724995
2022-06-14 10:30:00,0.83006245
2022-06-15 10:30:00,0.6639625
2022-06-16 10:30:00,0.67121243
2022-06-17 10:30:00,0.5995875
2022-06-18 10:30:00,0.5588125
2022-06-19 10:30:00,0.5548875
2022-06-20 10:30:00,0.6653875
2022-06-21 10:30:00,0.5127125
2022-06-22 10:30:00,0.6751
2022-06-23 10:30:00,0.73996246
2022-06-24 10:30:00,0.883
2022-06-25 10:30:00,0.7093
2022-06-26 10:30:00,0.66095
2022-06-27 10:30:00,0.70234996
2022-06-28 10:30:00,0.734375
2022-06-29 10:30:00,0.67917496
2022-06-30 10:30:00,0.8607625
2022-07-01 10:30:00,0.791175
2022-07-02 10:30:00,0.6872
2022-07-03 10:30:00,0.7578625
2022-07-04 10:30:00,0.83739996
2022-07-05 10:30:00,0.902225
2022-07-06 10:30:00,0.92106247
2022-07-07 10:30:00,0.84577495
2022-07-08 10:30:00,0.8122625
2022-07-09 10:30:00,0.56979996
2022-07-10 10:30:00,0.74631244
2022-07-11 10:30:00,0.6991
2022-07-12 10:30:00,0.634725
2022-07-13 10:30:00,0.9936625
2022-07-14 10:30:00,0.99527496
2022-07-15 10:30:00,0.93
2022-07-16 10:30:00,0.86222494
2022-07-17 10:30:00,0.87232494
2022-07-18 10:30:00,0.916325
2022-07-19 10:30:00,0.7959625
2022-07-20 10:30:00,0.8390125
2022-07-21 10:30:00,0.8370375
2022-07-22 10:30:00,0.7178125
2022-07-23 10:30:00,0.929875
2022-07-24 10:30:00,0.9111125
2022-07-25 10:30:00,0.84335
2022-07-26 10:30:00,0.8894625
2022-07-27 10:30:00,0.84968746
2022-07-28 10:30:00,0.98223746
2022-07-29 10:30:00,0.9318124
2022-07-30 10:30:00,0.8876
2022-07-31 10:30:00,0.908625
2022-08-01 10:30:00,0.82746243
2022-08-02 10:30:00,0.7486875
2022-08-03 10:30:00,0.83433753
2022-08-04 10:30:00,0.95388746
2022-08-05 10:30:00,0.6216875
2022-08-06 10:30:00,0.682
2022-08-07 10:30:00,0.8092
2022-08-08 10:30:00,0.5754125
2022-08-09 10:30:00,0.5087375
2022-08-10 10:30:00,0.59758747
2022-08-11 10:30:00,0.71405
2022-08-12 10:30:00,0.5890625
2022-08-13 10:30:00,0.62598747
2022-08-14 10:30:00,0.87123746
2022-08-15 10:30:00,0.9213375
2022-08-16 10:30:00,0.63834995
2022-08-17 10:30:00,0.686725
2022-08-18 10:30:00,0.8500125
2022-08-19 10:30:00,0.63745
2022-08-20 10:30:00,0.631875
2022-08-21 10:30:00,0.7829
2022-08-22 10:30:00,0.74544996
2022-08-23 10:30:00,0.53851247
2022-08-24 10:30:00,0.6821375
2022-08-25 10:30:00,0.6264375
2022-08-26 10:30:00,0.7176625
2022-08-27 10:30:00,0.5091375
2022-08-28 10:30:00,0.5967375
2022-08-29 10:30:00,0.69373745
2022-08-30 10:30:00,0.8280625
2022-08-31 10:30:00,0.6888125
2022-09-01 10:30:00,0.5174
2022-09-02 10:30:00,0.5116625
2022-09-03 10:30:00,0.662575
2022-09-04 10:30:00,0.78958744
2022-09-05 10:30:00,0.558875
2022-09-06 10:30:00,0.834225
2022-09-07 10:30:00,0.5679375
2022-09-08 10:30:00,0.66952497
2022-09-09 10:30:00,0.67209995
2022-09-10 10:30:00,0.7130625
2022-09-11 10:30:00,0.6125875
2022-09-12 10:30:00,0.7500125
2022-09-13 10:30:00,0.60873747
2022-09-14 10:30:00,0.65838754
2022-09-15 10:30:00,0.6832
2022-09-16 10:30:00,0.771625
2022-09-17 10:30:00,0.50834996
2022-09-18 10:30:00,0.422375
2022-09-19 10:30:00,0.3113125
2022-09-20 10:30:00,0.4141875
2022-09-21 10:30:00,0.4147625
2022-09-22 10:30:00,0.99311244
2022-09-23 10:30:00,0.837825
2022-09-24 10:30:00,0.53695
2022-09-25 10:30:00,0.487025
2022-09-26 10:30:00,0.57215
2022-09-27 10:30:00,0.5054375
2022-09-28 10:30:00,0.48771247
2022-09-29 10:30:00,0.34385
2022-09-30 10:30:00,0.7766375
2022-10-01 10:30:00,0.737375
2022-10-02 10:30:00,0.76981246
2022-10-03 10:30:00,0.5803875
2022-10-04 10:30:00,0.4082
2022-10-05 10:30:00,0.455825
2022-10-06 10:30:00,0.60921246
2022-10-07 10:30:00,0.5227125
2022-10-08 10:30:00,0.74341244
2022-10-09 10:30:00,0.3008625
2022-10-10 10:30:00,0.37417498
2022-10-11 10:30:00,0.4094
2022-10-12 10:30:00,0.5011
2022-10-13 10:30:00,0.284825
2022-10-14 10:30:00,0.50285
2022-10-15 10:30:00,0.333825
2022-10-16 10:30:00,0.447275
2022-10-17 10:30:00,0.394775
2022-10-18 10:30:00,0.4013
2022-10-19 10:30:00,0.23945
2022-10-20 10:30:00,0.5287125
2022-10-21 10:30:00,0.6066125
2022-10-22 10:30:00,0.4912625
2022-10-23 10:30:00,0.40314996
2022-10-24 10:30:00,0.4470875
2022-10-25 10:30:00,0.57888746
2022-10-26 10:30:00,0.65209997
2022-10-27 10:30:00,0.47357497
2022-10-28 10:30:00,0.41632497
2022-10-29 10:30:00,0.4907875
2022-10-30 10:30:00,0.5571875
2022-10-31 10:30:00,0.463375
2022-11-01 10:30:00,0.407625
2022-11-02 10:30:00,0.286575
2022-11-03 10:30:00,0.38506252
2022-11-04 10:30:00,0.3891125
2022-11-05 10:30:00,0.417575
2022-11-06 10:30:00,0.48217496
2022-11-07 10:30:00,0.46896252
2022-11-08 10:30:00,0.4018375
2022-11-09 10:30:00,0.43702498
2022-11-10 10:30:00,0.51025003
2022-11-11 10:30:00,0.50616246
2022-11-12 10:30:00,0.38723746
2022-11-13 10:30:00,0.57315004
2022-11-14 10:30:00,0.564575
2022-11-15 10:30:00,0.42729998
2022-11-16 10:30:00,0.5454125
2022-11-17 10:30:00,0.5405625
2022-11-18 10:30:00,0.522475
2022-11-19 10:30:00,0.55667496
2022-11-20 10:30:00,0.4458125
2022-11-21 10:30:00,0.46404997
2022-11-22 10:30:00,0.5782875
2022-11-23 10:30:00,0.60784996
2022-11-24 10:30:00,0.9923625
2022-11-25 10:30:00,0.7272
2022-11-26 10:30:00,0.4724375
2022-11-27 10:30:00,0.88317496
2022-11-28 10:30:00,0.8251
2022-11-29 10:30:00,0.45493752
2022-11-30 10:30:00,0.45949998
2022-12-01 10:30:00,0.490125
2022-12-02 10:30:00,0.5024
2022-12-03 10:30:00,0.4569
2022-12-04 10:30:00,0.497275
2022-12-05 10:30:00,0.5009125
2022-12-06 10:30:00,0.51841253
2022-12-07 10:30:00,0.5522875
2022-12-08 10:30:00,0.5725375
2022-12-09 10:30:00,0.563875
2022-12-10 10:30:00,0.5504125
2022-12-11 10:30:00,0.49342498
2022-12-12 10:30:00,0.42763746
2022-12-13 10:30:00,0.379
2022-12-14 10:30:00,0.3646125
2022-12-15 10:30:00,0.42658746
2022-12-16 10:30:00,0.46041247
2022-12-17 10:30:00,0.46401247
2022-12-18 10:30:00,0.4338
2022-12-19 10:30:00,0.5066375
2022-12-20 10:30:00,0.6597125
2022-12-21 10:30:00,0.8671875
2022-12-22 10:30:00,0.60281247
2022-12-23 10:30:00,0.551425
2022-12-24 10:30:00,0.504675
2022-12-25 10:30:00,0.693525
2022-12-26 10:30:00,0.7018374
2022-12-27 10:30:00,0.8512625
2022-12-28 10:30:00,0.6066
2022-12-29 10:30:00,0.508675
2022-12-30 10:30:00,0.5006125
2022-12-31 10:30:00,0.46783748
