time,rhum
2012-01-01 10:30:00,0.599975
2012-01-02 10:30:00,0.62826246
2012-01-03 10:30:00,0.592375
2012-01-04 10:30:00,0.6003625
2012-01-05 10:30:00,0.57485
2012-01-06 10:30:00,0.5787875
2012-01-07 10:30:00,0.578825
2012-01-08 10:30:00,0.608275
2012-01-09 10:30:00,0.6371125
2012-01-10 10:30:00,0.551225
2012-01-11 10:30:00,0.60528743
2012-01-12 10:30:00,0.6620375
2012-01-13 10:30:00,0.6297875
2012-01-14 10:30:00,0.573425
2012-01-15 10:30:00,0.6325625
2012-01-16 10:30:00,0.67145
2012-01-17 10:30:00,0.6495375
2012-01-18 10:30:00,0.56506246
2012-01-19 10:30:00,0.514925
2012-01-20 10:30:00,0.4073875
2012-01-21 10:30:00,0.41382498
2012-01-22 10:30:00,0.471925
2012-01-23 10:30:00,0.47538748
2012-01-24 10:30:00,0.47135
2012-01-25 10:30:00,0.5281625
2012-01-26 10:30:00,0.49439996
2012-01-27 10:30:00,0.4491625
2012-01-28 10:30:00,0.4362875
2012-01-29 10:30:00,0.4719
2012-01-30 10:30:00,0.43031248
2012-01-31 10:30:00,0.405675
2012-02-01 10:30:00,0.422775
2012-02-02 10:30:00,0.4386
2012-02-03 10:30:00,0.4606
2012-02-04 10:30:00,0.493125
2012-02-05 10:30:00,0.4284875
2012-02-06 10:30:00,0.40498748
2012-02-07 10:30:00,0.43006247
2012-02-08 10:30:00,0.48558748
2012-02-09 10:30:00,0.49275002
2012-02-10 10:30:00,0.463325
2012-02-11 10:30:00,0.4463
2012-02-12 10:30:00,0.48775
2012-02-13 10:30:00,0.47181252
2012-02-14 10:30:00,0.4195625
2012-02-15 10:30:00,0.4594625
2012-02-16 10:30:00,0.4185375
2012-02-17 10:30:00,0.45248747
2012-02-18 10:30:00,0.481925
2012-02-19 10:30:00,0.461975
2012-02-20 10:30:00,0.39478746
2012-02-21 10:30:00,0.29755
2012-02-22 10:30:00,0.341525
2012-02-23 10:30:00,0.480975
2012-02-24 10:30:00,0.459975
2012-02-25 10:30:00,0.44951248
2012-02-26 10:30:00,0.51441246
2012-02-27 10:30:00,0.46575
2012-02-28 10:30:00,0.49131247
2012-02-29 10:30:00,0.5109875
2012-03-01 10:30:00,0.41404998
2012-03-02 10:30:00,0.44555
2012-03-03 10:30:00,0.44202498
2012-03-04 10:30:00,0.7126
2012-03-05 10:30:00,0.8389499
2012-03-06 10:30:00,0.6075625
2012-03-07 10:30:00,0.6288125
2012-03-08 10:30:00,0.492825
2012-03-09 10:30:00,0.50506246
2012-03-10 10:30:00,0.6118625
2012-03-11 10:30:00,0.546375
2012-03-12 10:30:00,0.5297125
2012-03-13 10:30:00,0.50145
2012-03-14 10:30:00,0.52117497
2012-03-15 10:30:00,0.524175
2012-03-16 10:30:00,0.345125
2012-03-17 10:30:00,0.2170375
2012-03-18 10:30:00,0.3649875
2012-03-19 10:30:00,0.3137
2012-03-20 10:30:00,0.3172125
2012-03-21 10:30:00,0.41529998
2012-03-22 10:30:00,0.3036125
2012-03-23 10:30:00,0.57635
2012-03-24 10:30:00,0.41042498
2012-03-25 10:30:00,0.4072
2012-03-26 10:30:00,0.3284
2012-03-27 10:30:00,0.3157375
2012-03-28 10:30:00,0.293825
2012-03-29 10:30:00,0.6196125
2012-03-30 10:30:00,0.43162498
2012-03-31 10:30:00,0.3499625
2012-04-01 10:30:00,0.249625
2012-04-02 10:30:00,0.301675
2012-04-03 10:30:00,0.4448
2012-04-04 10:30:00,0.4709875
2012-04-05 10:30:00,0.461325
2012-04-06 10:30:00,0.3264625
2012-04-07 10:30:00,0.2660625
2012-04-08 10:30:00,0.4226625
2012-04-09 10:30:00,0.19899999
2012-04-10 10:30:00,0.26315
2012-04-11 10:30:00,0.32142502
2012-04-12 10:30:00,0.37217498
2012-04-13 10:30:00,0.28835002
2012-04-14 10:30:00,0.6045375
2012-04-15 10:30:00,0.3616375
2012-04-16 10:30:00,0.34768748
2012-04-17 10:30:00,0.3423125
2012-04-18 10:30:00,0.271625
2012-04-19 10:30:00,0.371425
2012-04-20 10:30:00,0.2323625
2012-04-21 10:30:00,0.390725
2012-04-22 10:30:00,0.38927498
2012-04-23 10:30:00,0.3762875
2012-04-24 10:30:00,0.1898
2012-04-25 10:30:00,0.2466375
2012-04-26 10:30:00,0.2280625
2012-04-27 10:30:00,0.6335875
2012-04-28 10:30:00,0.3678625
2012-04-29 10:30:00,0.24053748
2012-04-30 10:30:00,0.2549125
2012-05-01 10:30:00,0.2317625
2012-05-02 10:30:00,0.308775
2012-05-03 10:30:00,0.223975
2012-05-04 10:30:00,0.232525
2012-05-05 10:30:00,0.1673875
2012-05-06 10:30:00,0.22405
2012-05-07 10:30:00,0.31867498
2012-05-08 10:30:00,0.3641125
2012-05-09 10:30:00,0.394875
2012-05-10 10:30:00,0.45548752
2012-05-11 10:30:00,0.41494998
2012-05-12 10:30:00,0.511925
2012-05-13 10:30:00,0.4129375
2012-05-14 10:30:00,0.5612125
2012-05-15 10:30:00,0.5593
2012-05-16 10:30:00,0.6487625
2012-05-17 10:30:00,0.45464998
2012-05-18 10:30:00,0.280875
2012-05-19 10:30:00,0.2636
2012-05-20 10:30:00,0.32909998
2012-05-21 10:30:00,0.32555
2012-05-22 10:30:00,0.2780875
2012-05-23 10:30:00,0.260825
2012-05-24 10:30:00,0.23317498
2012-05-25 10:30:00,0.31309998
2012-05-26 10:30:00,0.3865625
2012-05-27 10:30:00,0.329025
2012-05-28 10:30:00,0.43735
2012-05-29 10:30:00,0.60639995
2012-05-30 10:30:00,0.6338625
2012-05-31 10:30:00,0.5430625
2012-06-01 10:30:00,0.63355
2012-06-02 10:30:00,0.93448746
2012-06-03 10:30:00,0.7439125
2012-06-04 10:30:00,0.71692497
2012-06-05 10:30:00,0.6089875
2012-06-06 10:30:00,0.6706875
2012-06-07 10:30:00,0.5359
2012-06-08 10:30:00,0.7086
2012-06-09 10:30:00,0.6274
2012-06-10 10:30:00,0.6328875
2012-06-11 10:30:00,0.68883747
2012-06-12 10:30:00,0.6892125
2012-06-13 10:30:00,0.8482625
2012-06-14 10:30:00,0.8008
2012-06-15 10:30:00,0.7913625
2012-06-16 10:30:00,0.703375
2012-06-17 10:30:00,0.83425003
2012-06-18 10:30:00,0.7207375
2012-06-19 10:30:00,0.6415875
2012-06-20 10:30:00,0.654
2012-06-21 10:30:00,0.62635
2012-06-22 10:30:00,0.6589375
2012-06-23 10:30:00,0.66934997
2012-06-24 10:30:00,0.8083999
2012-06-25 10:30:00,0.8121875
2012-06-26 10:30:00,0.81014997
2012-06-27 10:30:00,0.81552494
2012-06-28 10:30:00,0.782025
2012-06-29 10:30:00,0.6511625
2012-06-30 10:30:00,0.577125
2012-07-01 10:30:00,0.7849625
2012-07-02 10:30:00,0.794625
2012-07-03 10:30:00,0.74422497
2012-07-04 10:30:00,0.758925
2012-07-05 10:30:00,0.767425
2012-07-06 10:30:00,0.70809996
2012-07-07 10:30:00,0.68651253
2012-07-08 10:30:00,0.77226245
2012-07-09 10:30:00,0.75888747
2012-07-10 10:30:00,0.87432504
2012-07-11 10:30:00,0.85833746
2012-07-12 10:30:00,0.81743747
2012-07-13 10:30:00,0.683275
2012-07-14 10:30:00,0.66819996
2012-07-15 10:30:00,0.71788746
2012-07-16 10:30:00,0.6582625
2012-07-17 10:30:00,0.594625
2012-07-18 10:30:00,0.7506625
2012-07-19 10:30:00,0.742125
2012-07-20 10:30:00,0.7672
2012-07-21 10:30:00,0.82467496
2012-07-22 10:30:00,0.8554125
2012-07-23 10:30:00,0.6636125
2012-07-24 10:30:00,0.7714875
2012-07-25 10:30:00,0.82568747
2012-07-26 10:30:00,0.709075
2012-07-27 10:30:00,0.695875
2012-07-28 10:30:00,0.84598744
2012-07-29 10:30:00,0.8254875
2012-07-30 10:30:00,0.76357496
2012-07-31 10:30:00,0.72209996
2012-08-01 10:30:00,0.7644
2012-08-02 10:30:00,0.805025
2012-08-03 10:30:00,0.82904994
2012-08-04 10:30:00,0.79029995
2012-08-05 10:30:00,0.70809996
2012-08-06 10:30:00,0.69063747
2012-08-07 10:30:00,0.6849375
2012-08-08 10:30:00,0.6722125
2012-08-09 10:30:00,0.5815375
2012-08-10 10:30:00,0.7139125
2012-08-11 10:30:00,0.82193744
2012-08-12 10:30:00,0.6484375
2012-08-13 10:30:00,0.59267503
2012-08-14 10:30:00,0.754625
2012-08-15 10:30:00,0.66451246
2012-08-16 10:30:00,0.59314996
2012-08-17 10:30:00,0.7128125
2012-08-18 10:30:00,0.65898746
2012-08-19 10:30:00,0.6105875
2012-08-20 10:30:00,0.6299
2012-08-21 10:30:00,0.6338625
2012-08-22 10:30:00,0.46724996
2012-08-23 10:30:00,0.5574125
2012-08-24 10:30:00,0.64003754
2012-08-25 10:30:00,0.66903746
2012-08-26 10:30:00,0.65517503
2012-08-27 10:30:00,0.749075
2012-08-28 10:30:00,0.57651246
2012-08-29 10:30:00,0.5343875
2012-08-30 10:30:00,0.5816625
2012-08-31 10:30:00,0.57511246
2012-09-01 10:30:00,0.55242497
2012-09-02 10:30:00,0.8608999
2012-09-03 10:30:00,0.80811244
2012-09-04 10:30:00,0.72207505
2012-09-05 10:30:00,0.6218
2012-09-06 10:30:00,0.57555
2012-09-07 10:30:00,0.656625
2012-09-08 10:30:00,0.71116245
2012-09-09 10:30:00,0.6334625
2012-09-10 10:30:00,0.6464375
2012-09-11 10:30:00,0.9033625
2012-09-12 10:30:00,0.7847875
2012-09-13 10:30:00,0.68944997
2012-09-14 10:30:00,0.61805
2012-09-15 10:30:00,0.644825
2012-09-16 10:30:00,0.6512
2012-09-17 10:30:00,0.63234997
2012-09-18 10:30:00,0.65325
2012-09-19 10:30:00,0.7075499
2012-09-20 10:30:00,0.49409997
2012-09-21 10:30:00,0.6024375
2012-09-22 10:30:00,0.73692495
2012-09-23 10:30:00,0.74373746
2012-09-24 10:30:00,0.66819996
2012-09-25 10:30:00,0.84235
2012-09-26 10:30:00,0.50137496
2012-09-27 10:30:00,0.824
2012-09-28 10:30:00,0.5233
2012-09-29 10:30:00,0.5585375
2012-09-30 10:30:00,0.6160625
2012-10-01 10:30:00,0.5447875
2012-10-02 10:30:00,0.5853125
2012-10-03 10:30:00,0.84311247
2012-10-04 10:30:00,0.5518625
2012-10-05 10:30:00,0.551225
2012-10-06 10:30:00,0.6165625
2012-10-07 10:30:00,0.6299625
2012-10-08 10:30:00,0.6126
2012-10-09 10:30:00,0.5347125
2012-10-10 10:30:00,0.468175
2012-10-11 10:30:00,0.5762375
2012-10-12 10:30:00,0.67300004
2012-10-13 10:30:00,0.6275
2012-10-14 10:30:00,0.565575
2012-10-15 10:30:00,0.66499996
2012-10-16 10:30:00,0.761225
2012-10-17 10:30:00,0.5730625
2012-10-18 10:30:00,0.48947498
2012-10-19 10:30:00,0.44705
2012-10-20 10:30:00,0.43099996
2012-10-21 10:30:00,0.55443746
2012-10-22 10:30:00,0.59669995
2012-10-23 10:30:00,0.6348625
2012-10-24 10:30:00,0.54244995
2012-10-25 10:30:00,0.62242496
2012-10-26 10:30:00,0.5387125
2012-10-27 10:30:00,0.4341125
2012-10-28 10:30:00,0.4250875
2012-10-29 10:30:00,0.5051625
2012-10-30 10:30:00,0.6610375
2012-10-31 10:30:00,0.595825
2012-11-01 10:30:00,0.5516875
2012-11-02 10:30:00,0.46760002
2012-11-03 10:30:00,0.6583125
2012-11-04 10:30:00,0.795775
2012-11-05 10:30:00,0.7156624
2012-11-06 10:30:00,0.6487625
2012-11-07 10:30:00,0.584975
2012-11-08 10:30:00,0.5713625
2012-11-09 10:30:00,0.5837625
2012-11-10 10:30:00,0.69176245
2012-11-11 10:30:00,0.710575
2012-11-12 10:30:00,0.52599996
2012-11-13 10:30:00,0.5898375
2012-11-14 10:30:00,0.55509996
2012-11-15 10:30:00,0.49612498
2012-11-16 10:30:00,0.5433875
2012-11-17 10:30:00,0.5678375
2012-11-18 10:30:00,0.7301625
2012-11-19 10:30:00,0.58355
2012-11-20 10:30:00,0.61535
2012-11-21 10:30:00,0.6086375
2012-11-22 10:30:00,0.5997375
2012-11-23 10:30:00,0.57997495
2012-11-24 10:30:00,0.6897625
2012-11-25 10:30:00,0.5940375
2012-11-26 10:30:00,0.5803125
2012-11-27 10:30:00,0.686025
2012-11-28 10:30:00,0.6022875
2012-11-29 10:30:00,0.5175375
2012-11-30 10:30:00,0.4425375
2012-12-01 10:30:00,0.5601625
2012-12-02 10:30:00,0.65035003
2012-12-03 10:30:00,0.5158375
2012-12-04 10:30:00,0.5360125
2012-12-05 10:30:00,0.4763625
2012-12-06 10:30:00,0.4317875
2012-12-07 10:30:00,0.46220002
2012-12-08 10:30:00,0.457825
2012-12-09 10:30:00,0.5412625
2012-12-10 10:30:00,0.5468625
2012-12-11 10:30:00,0.6014125
2012-12-12 10:30:00,0.65025
2012-12-13 10:30:00,0.517475
2012-12-14 10:30:00,0.588725
2012-12-15 10:30:00,0.6579625
2012-12-16 10:30:00,0.5795125
2012-12-17 10:30:00,0.5149125
2012-12-18 10:30:00,0.5236125
2012-12-19 10:30:00,0.5289125
2012-12-20 10:30:00,0.55947495
2012-12-21 10:30:00,0.49737498
2012-12-22 10:30:00,0.45967498
2012-12-23 10:30:00,0.49311247
2012-12-24 10:30:00,0.49159998
2012-12-25 10:30:00,0.45845
2012-12-26 10:30:00,0.56493753
2012-12-27 10:30:00,0.639875
2012-12-28 10:30:00,0.69761246
2012-12-29 10:30:00,0.5620875
2012-12-30 10:30:00,0.49981248
2012-12-31 10:30:00,0.575075
2013-01-01 10:30:00,0.41904998
2013-01-02 10:30:00,0.4623375
2013-01-03 10:30:00,0.42264998
2013-01-04 10:30:00,0.44873747
2013-01-05 10:30:00,0.5023625
2013-01-06 10:30:00,0.6303125
2013-01-07 10:30:00,0.47833747
2013-01-08 10:30:00,0.46945
2013-01-09 10:30:00,0.510825
2013-01-10 10:30:00,0.639875
2013-01-11 10:30:00,0.6595375
2013-01-12 10:30:00,0.5646875
2013-01-13 10:30:00,0.64097494
2013-01-14 10:30:00,0.633225
2013-01-15 10:30:00,0.6668625
2013-01-16 10:30:00,0.49255
2013-01-17 10:30:00,0.539175
2013-01-18 10:30:00,0.588575
2013-01-19 10:30:00,0.710175
2013-01-20 10:30:00,0.71567494
2013-01-21 10:30:00,0.6189875
2013-01-22 10:30:00,0.6375375
2013-01-23 10:30:00,0.57546246
2013-01-24 10:30:00,0.4116875
2013-01-25 10:30:00,0.43752497
2013-01-26 10:30:00,0.573375
2013-01-27 10:30:00,0.6356875
2013-01-28 10:30:00,0.7014
2013-01-29 10:30:00,0.70757496
2013-01-30 10:30:00,0.73279995
2013-01-31 10:30:00,0.6422375
2013-02-01 10:30:00,0.41279998
2013-02-02 10:30:00,0.47865
2013-02-03 10:30:00,0.66723746
2013-02-04 10:30:00,0.52564996
2013-02-05 10:30:00,0.5174375
2013-02-06 10:30:00,0.43330002
2013-02-07 10:30:00,0.41802502
2013-02-08 10:30:00,0.44419998
2013-02-09 10:30:00,0.45857498
2013-02-10 10:30:00,0.45365
2013-02-11 10:30:00,0.5405875
2013-02-12 10:30:00,0.5320375
2013-02-13 10:30:00,0.50165
2013-02-14 10:30:00,0.5212625
2013-02-15 10:30:00,0.614375
2013-02-16 10:30:00,0.615825
2013-02-17 10:30:00,0.46621248
2013-02-18 10:30:00,0.41702497
2013-02-19 10:30:00,0.44755
2013-02-20 10:30:00,0.37077498
2013-02-21 10:30:00,0.458975
2013-02-22 10:30:00,0.44338748
2013-02-23 10:30:00,0.323775
2013-02-24 10:30:00,0.45959997
2013-02-25 10:30:00,0.5743125
2013-02-26 10:30:00,0.64427495
2013-02-27 10:30:00,0.43761247
2013-02-28 10:30:00,0.60279995
2013-03-01 10:30:00,0.3793
2013-03-02 10:30:00,0.551875
2013-03-03 10:30:00,0.4606
2013-03-04 10:30:00,0.5424375
2013-03-05 10:30:00,0.5287875
2013-03-06 10:30:00,0.4443375
2013-03-07 10:30:00,0.3491625
2013-03-08 10:30:00,0.5483125
2013-03-09 10:30:00,0.6278125
2013-03-10 10:30:00,0.653025
2013-03-11 10:30:00,0.52105
2013-03-12 10:30:00,0.4086875
2013-03-13 10:30:00,0.4791125
2013-03-14 10:30:00,0.546425
2013-03-15 10:30:00,0.649725
2013-03-16 10:30:00,0.44662496
2013-03-17 10:30:00,0.3216
2013-03-18 10:30:00,0.36366248
2013-03-19 10:30:00,0.327225
2013-03-20 10:30:00,0.4416875
2013-03-21 10:30:00,0.3684125
2013-03-22 10:30:00,0.402125
2013-03-23 10:30:00,0.3783125
2013-03-24 10:30:00,0.4187125
2013-03-25 10:30:00,0.46364996
2013-03-26 10:30:00,0.359125
2013-03-27 10:30:00,0.456825
2013-03-28 10:30:00,0.4236125
2013-03-29 10:30:00,0.42151248
2013-03-30 10:30:00,0.379225
2013-03-31 10:30:00,0.38272497
2013-04-01 10:30:00,0.338325
2013-04-02 10:30:00,0.289625
2013-04-03 10:30:00,0.34010002
2013-04-04 10:30:00,0.420825
2013-04-05 10:30:00,0.52095
2013-04-06 10:30:00,0.35057497
2013-04-07 10:30:00,0.40831247
2013-04-08 10:30:00,0.5626
2013-04-09 10:30:00,0.3707875
2013-04-10 10:30:00,0.40209997
2013-04-11 10:30:00,0.43917498
2013-04-12 10:30:00,0.367075
2013-04-13 10:30:00,0.29485
2013-04-14 10:30:00,0.2869
2013-04-15 10:30:00,0.2707125
2013-04-16 10:30:00,0.297075
2013-04-17 10:30:00,0.284275
2013-04-18 10:30:00,0.35607496
2013-04-19 10:30:00,0.319225
2013-04-20 10:30:00,0.3162875
2013-04-21 10:30:00,0.30723748
2013-04-22 10:30:00,0.4430875
2013-04-23 10:30:00,0.4041125
2013-04-24 10:30:00,0.49059996
2013-04-25 10:30:00,0.67065
2013-04-26 10:30:00,0.41037497
2013-04-27 10:30:00,0.38042498
2013-04-28 10:30:00,0.57695
2013-04-29 10:30:00,0.68572503
2013-04-30 10:30:00,0.712125
2013-05-01 10:30:00,0.643725
2013-05-02 10:30:00,0.65457505
2013-05-03 10:30:00,0.453775
2013-05-04 10:30:00,0.324575
2013-05-05 10:30:00,0.3706375
2013-05-06 10:30:00,0.4171125
2013-05-07 10:30:00,0.24636249
2013-05-08 10:30:00,0.446925
2013-05-09 10:30:00,0.4271375
2013-05-10 10:30:00,0.3058875
2013-05-11 10:30:00,0.671375
2013-05-12 10:30:00,0.6673375
2013-05-13 10:30:00,0.6423375
2013-05-14 10:30:00,0.7598625
2013-05-15 10:30:00,0.608875
2013-05-16 10:30:00,0.4506
2013-05-17 10:30:00,0.4910875
2013-05-18 10:30:00,0.2695
2013-05-19 10:30:00,0.4215
2013-05-20 10:30:00,0.36349997
2013-05-21 10:30:00,0.5828375
2013-05-22 10:30:00,0.3568875
2013-05-23 10:30:00,0.36409998
2013-05-24 10:30:00,0.3472375
2013-05-25 10:30:00,0.40708748
2013-05-26 10:30:00,0.47051248
2013-05-27 10:30:00,0.63734996
2013-05-28 10:30:00,0.4650125
2013-05-29 10:30:00,0.3952875
2013-05-30 10:30:00,0.451575
2013-05-31 10:30:00,0.3829875
2013-06-01 10:30:00,0.38939998
2013-06-02 10:30:00,0.5518875
2013-06-03 10:30:00,0.78467494
2013-06-04 10:30:00,0.658525
2013-06-05 10:30:00,0.615825
2013-06-06 10:30:00,0.91095
2013-06-07 10:30:00,0.6555375
2013-06-08 10:30:00,0.73512495
2013-06-09 10:30:00,0.753775
2013-06-10 10:30:00,0.67661244
2013-06-11 10:30:00,0.72107494
2013-06-12 10:30:00,0.6907374
2013-06-13 10:30:00,0.62598747
2013-06-14 10:30:00,0.62412494
2013-06-15 10:30:00,0.663625
2013-06-16 10:30:00,0.7040375
2013-06-17 10:30:00,0.6534749
2013-06-18 10:30:00,0.6589125
2013-06-19 10:30:00,0.6583375
2013-06-20 10:30:00,0.690225
2013-06-21 10:30:00,0.6868125
2013-06-22 10:30:00,0.63904995
2013-06-23 10:30:00,0.7054
2013-06-24 10:30:00,0.6467375
2013-06-25 10:30:00,0.7213
2013-06-26 10:30:00,0.9404124
2013-06-27 10:30:00,0.90225
2013-06-28 10:30:00,0.6650375
2013-06-29 10:30:00,0.90195
2013-06-30 10:30:00,0.90388745
2013-07-01 10:30:00,0.79231244
2013-07-02 10:30:00,0.7783875
2013-07-03 10:30:00,0.64269996
2013-07-04 10:30:00,0.64841247
2013-07-05 10:30:00,0.6297
2013-07-06 10:30:00,0.7480124
2013-07-07 10:30:00,0.685325
2013-07-08 10:30:00,0.6753875
2013-07-09 10:30:00,0.70013744
2013-07-10 10:30:00,0.51445
2013-07-11 10:30:00,0.6623625
2013-07-12 10:30:00,0.7899625
2013-07-13 10:30:00,0.70595
2013-07-14 10:30:00,0.7012
2013-07-15 10:30:00,0.87944996
2013-07-16 10:30:00,0.60306245
2013-07-17 10:30:00,0.72818744
2013-07-18 10:30:00,0.8752
2013-07-19 10:30:00,0.8008875
2013-07-20 10:30:00,0.66018754
2013-07-21 10:30:00,0.6922625
2013-07-22 10:30:00,0.8287
2013-07-23 10:30:00,0.8243875
2013-07-24 10:30:00,0.7911875
2013-07-25 10:30:00,0.7631625
2013-07-26 10:30:00,0.7692125
2013-07-27 10:30:00,0.8853875
2013-07-28 10:30:00,0.677925
2013-07-29 10:30:00,0.81506246
2013-07-30 10:30:00,0.75396246
2013-07-31 10:30:00,0.86544997
2013-08-01 10:30:00,0.820225
2013-08-02 10:30:00,0.8828125
2013-08-03 10:30:00,0.78258747
2013-08-04 10:30:00,0.81282496
2013-08-05 10:30:00,0.77637494
2013-08-06 10:30:00,0.8061999
2013-08-07 10:30:00,0.70635
2013-08-08 10:30:00,0.6462
2013-08-09 10:30:00,0.66457504
2013-08-10 10:30:00,0.7027
2013-08-11 10:30:00,0.7498124
2013-08-12 10:30:00,0.73295
2013-08-13 10:30:00,0.64707494
2013-08-14 10:30:00,0.61193746
2013-08-15 10:30:00,0.68761253
2013-08-16 10:30:00,0.891225
2013-08-17 10:30:00,0.70911247
2013-08-18 10:30:00,0.71521246
2013-08-19 10:30:00,0.7723375
2013-08-20 10:30:00,0.70838743
2013-08-21 10:30:00,0.82103753
2013-08-22 10:30:00,0.7015
2013-08-23 10:30:00,0.70186245
2013-08-24 10:30:00,0.671375
2013-08-25 10:30:00,0.7785125
2013-08-26 10:30:00,0.726075
2013-08-27 10:30:00,0.73405
2013-08-28 10:30:00,0.8275125
2013-08-29 10:30:00,0.7155749
2013-08-30 10:30:00,0.727825
2013-08-31 10:30:00,0.79324996
2013-09-01 10:30:00,0.7896625
2013-09-02 10:30:00,0.7586875
2013-09-03 10:30:00,0.71488744
2013-09-04 10:30:00,0.74513745
2013-09-05 10:30:00,0.78302497
2013-09-06 10:30:00,0.91415
2013-09-07 10:30:00,0.67855
2013-09-08 10:30:00,0.675425
2013-09-09 10:30:00,0.7571875
2013-09-10 10:30:00,0.62705
2013-09-11 10:30:00,0.626
2013-09-12 10:30:00,0.71407497
2013-09-13 10:30:00,0.7194125
2013-09-14 10:30:00,0.45334998
2013-09-15 10:30:00,0.557625
2013-09-16 10:30:00,0.52432495
2013-09-17 10:30:00,0.672475
2013-09-18 10:30:00,0.62675
2013-09-19 10:30:00,0.626125
2013-09-20 10:30:00,0.73152494
2013-09-21 10:30:00,0.72848743
2013-09-22 10:30:00,0.54405
2013-09-23 10:30:00,0.5124625
2013-09-24 10:30:00,0.548925
2013-09-25 10:30:00,0.5431875
2013-09-26 10:30:00,0.5147375
2013-09-27 10:30:00,0.4893125
2013-09-28 10:30:00,0.522325
2013-09-29 10:30:00,0.47853747
2013-09-30 10:30:00,0.5064
2013-10-01 10:30:00,0.41698748
2013-10-02 10:30:00,0.4320375
2013-10-03 10:30:00,0.4262125
2013-10-04 10:30:00,0.4238625
2013-10-05 10:30:00,0.34443748
2013-10-06 10:30:00,0.4317625
2013-10-07 10:30:00,0.43490002
2013-10-08 10:30:00,0.367475
2013-10-09 10:30:00,0.444075
2013-10-10 10:30:00,0.83257496
2013-10-11 10:30:00,0.68746245
2013-10-12 10:30:00,0.54955
2013-10-13 10:30:00,0.55982494
2013-10-14 10:30:00,0.4388375
2013-10-15 10:30:00,0.4984375
2013-10-16 10:30:00,0.526575
2013-10-17 10:30:00,0.51462495
2013-10-18 10:30:00,0.58026254
2013-10-19 10:30:00,0.69996244
2013-10-20 10:30:00,0.7510375
2013-10-21 10:30:00,0.8478375
2013-10-22 10:30:00,0.8281375
2013-10-23 10:30:00,0.5689125
2013-10-24 10:30:00,0.7349625
2013-10-25 10:30:00,0.6965
2013-10-26 10:30:00,0.73942494
2013-10-27 10:30:00,0.65942496
2013-10-28 10:30:00,0.66245
2013-10-29 10:30:00,0.593375
2013-10-30 10:30:00,0.6036375
2013-10-31 10:30:00,0.66952497
2013-11-01 10:30:00,0.699025
2013-11-02 10:30:00,0.60205
2013-11-03 10:30:00,0.634425
2013-11-04 10:30:00,0.5404375
2013-11-05 10:30:00,0.66199994
2013-11-06 10:30:00,0.51089996
2013-11-07 10:30:00,0.733875
2013-11-08 10:30:00,0.75624996
2013-11-09 10:30:00,0.4263
2013-11-10 10:30:00,0.40725002
2013-11-11 10:30:00,0.572025
2013-11-12 10:30:00,0.5902625
2013-11-13 10:30:00,0.5774375
2013-11-14 10:30:00,0.6086
2013-11-15 10:30:00,0.603875
2013-11-16 10:30:00,0.61845
2013-11-17 10:30:00,0.49441248
2013-11-18 10:30:00,0.34405
2013-11-19 10:30:00,0.329275
2013-11-20 10:30:00,0.5822
2013-11-21 10:30:00,0.6159625
2013-11-22 10:30:00,0.62303746
2013-11-23 10:30:00,0.58681244
2013-11-24 10:30:00,0.5030625
2013-11-25 10:30:00,0.5028375
2013-11-26 10:30:00,0.51489997
2013-11-27 10:30:00,0.4419125
2013-11-28 10:30:00,0.48541248
2013-11-29 10:30:00,0.47162497
2013-11-30 10:30:00,0.432025
2013-12-01 10:30:00,0.4643375
2013-12-02 10:30:00,0.597425
2013-12-03 10:30:00,0.5533
2013-12-04 10:30:00,0.4824625
2013-12-05 10:30:00,0.52536243
2013-12-06 10:30:00,0.57546246
2013-12-07 10:30:00,0.69036245
2013-12-08 10:30:00,0.74855
2013-12-09 10:30:00,0.6759625
2013-12-10 10:30:00,0.675575
2013-12-11 10:30:00,0.65227497
2013-12-12 10:30:00,0.4688
2013-12-13 10:30:00,0.4596625
2013-12-14 10:30:00,0.53915
2013-12-15 10:30:00,0.672525
2013-12-16 10:30:00,0.758025
2013-12-17 10:30:00,0.7129125
2013-12-18 10:30:00,0.7267375
2013-12-19 10:30:00,0.71668744
2013-12-20 10:30:00,0.59003747
2013-12-21 10:30:00,0.66415
2013-12-22 10:30:00,0.6026125
2013-12-23 10:30:00,0.706125
2013-12-24 10:30:00,0.68866247
2013-12-25 10:30:00,0.72667503
2013-12-26 10:30:00,0.60241246
2013-12-27 10:30:00,0.604025
2013-12-28 10:30:00,0.5301375
2013-12-29 10:30:00,0.6094125
2013-12-30 10:30:00,0.64138746
2013-12-31 10:30:00,0.538925
2014-01-01 10:30:00,0.440125
2014-01-02 10:30:00,0.52783746
2014-01-03 10:30:00,0.59183747
2014-01-04 10:30:00,0.6784375
2014-01-05 10:30:00,0.65823746
2014-01-06 10:30:00,0.530875
2014-01-07 10:30:00,0.471
2014-01-08 10:30:00,0.457575
2014-01-09 10:30:00,0.49490002
2014-01-10 10:30:00,0.5466875
2014-01-11 10:30:00,0.429375
2014-01-12 10:30:00,0.4056
2014-01-13 10:30:00,0.5019125
2014-01-14 10:30:00,0.6105875
2014-01-15 10:30:00,0.6817
2014-01-16 10:30:00,0.6486875
2014-01-17 10:30:00,0.577975
2014-01-18 10:30:00,0.5581875
2014-01-19 10:30:00,0.7057875
2014-01-20 10:30:00,0.62162495
2014-01-21 10:30:00,0.5771375
2014-01-22 10:30:00,0.65456253
2014-01-23 10:30:00,0.51014996
2014-01-24 10:30:00,0.593125
2014-01-25 10:30:00,0.5085
2014-01-26 10:30:00,0.5350625
2014-01-27 10:30:00,0.39235
2014-01-28 10:30:00,0.4191125
2014-01-29 10:30:00,0.486825
2014-01-30 10:30:00,0.5502625
2014-01-31 10:30:00,0.5329625
2014-02-01 10:30:00,0.500525
2014-02-02 10:30:00,0.3639125
2014-02-03 10:30:00,0.4185625
2014-02-04 10:30:00,0.486525
2014-02-05 10:30:00,0.52645
2014-02-06 10:30:00,0.505975
2014-02-07 10:30:00,0.47452497
2014-02-08 10:30:00,0.624925
2014-02-09 10:30:00,0.5602125
2014-02-10 10:30:00,0.611825
2014-02-11 10:30:00,0.6019625
2014-02-12 10:30:00,0.469075
2014-02-13 10:30:00,0.58375
2014-02-14 10:30:00,0.6997374
2014-02-15 10:30:00,0.67491245
2014-02-16 10:30:00,0.58345
2014-02-17 10:30:00,0.53955
2014-02-18 10:30:00,0.543225
2014-02-19 10:30:00,0.5838625
2014-02-20 10:30:00,0.6001375
2014-02-21 10:30:00,0.64376247
2014-02-22 10:30:00,0.538325
2014-02-23 10:30:00,0.624675
2014-02-24 10:30:00,0.642625
2014-02-25 10:30:00,0.63374996
2014-02-26 10:30:00,0.5923375
2014-02-27 10:30:00,0.424075
2014-02-28 10:30:00,0.4920125
2014-03-01 10:30:00,0.441725
2014-03-02 10:30:00,0.457775
2014-03-03 10:30:00,0.429375
2014-03-04 10:30:00,0.4430125
2014-03-05 10:30:00,0.44759998
2014-03-06 10:30:00,0.47306252
2014-03-07 10:30:00,0.4276875
2014-03-08 10:30:00,0.3751625
2014-03-09 10:30:00,0.39311248
2014-03-10 10:30:00,0.22213751
2014-03-11 10:30:00,0.4701875
2014-03-12 10:30:00,0.46775
2014-03-13 10:30:00,0.48017502
2014-03-14 10:30:00,0.35893747
2014-03-15 10:30:00,0.453725
2014-03-16 10:30:00,0.37952498
2014-03-17 10:30:00,0.577025
2014-03-18 10:30:00,0.4157875
2014-03-19 10:30:00,0.43827498
2014-03-20 10:30:00,0.4721875
2014-03-21 10:30:00,0.39058748
2014-03-22 10:30:00,0.33214998
2014-03-23 10:30:00,0.357975
2014-03-24 10:30:00,0.3995375
2014-03-25 10:30:00,0.423425
2014-03-26 10:30:00,0.5498875
2014-03-27 10:30:00,0.4528125
2014-03-28 10:30:00,0.40235
2014-03-29 10:30:00,0.33354998
2014-03-30 10:30:00,0.24649999
2014-03-31 10:30:00,0.3336375
2014-04-01 10:30:00,0.46431246
2014-04-02 10:30:00,0.43951252
2014-04-03 10:30:00,0.45818746
2014-04-04 10:30:00,0.5854625
2014-04-05 10:30:00,0.41224998
2014-04-06 10:30:00,0.340525
2014-04-07 10:30:00,0.4110625
2014-04-08 10:30:00,0.3236625
2014-04-09 10:30:00,0.485775
2014-04-10 10:30:00,0.3096875
2014-04-11 10:30:00,0.2314625
2014-04-12 10:30:00,0.3035375
2014-04-13 10:30:00,0.3005875
2014-04-14 10:30:00,0.2755125
2014-04-15 10:30:00,0.2507625
2014-04-16 10:30:00,0.1998625
2014-04-17 10:30:00,0.686
2014-04-18 10:30:00,0.44557497
2014-04-19 10:30:00,0.726175
2014-04-20 10:30:00,0.57757497
2014-04-21 10:30:00,0.3721375
2014-04-22 10:30:00,0.4038
2014-04-23 10:30:00,0.279625
2014-04-24 10:30:00,0.2439875
2014-04-25 10:30:00,0.27513748
2014-04-26 10:30:00,0.4130625
2014-04-27 10:30:00,0.4351875
2014-04-28 10:30:00,0.3137
2014-04-29 10:30:00,0.23903748
2014-04-30 10:30:00,0.28968748
2014-05-01 10:30:00,0.605675
2014-05-02 10:30:00,0.56146246
2014-05-03 10:30:00,0.63874996
2014-05-04 10:30:00,0.368025
2014-05-05 10:30:00,0.34432498
2014-05-06 10:30:00,0.3790375
2014-05-07 10:30:00,0.43314996
2014-05-08 10:30:00,0.4221125
2014-05-09 10:30:00,0.406375
2014-05-10 10:30:00,0.75832504
2014-05-11 10:30:00,0.7158375
2014-05-12 10:30:00,0.7257625
2014-05-13 10:30:00,0.663575
2014-05-14 10:30:00,0.63478744
2014-05-15 10:30:00,0.65819997
2014-05-16 10:30:00,0.83766246
2014-05-17 10:30:00,0.600725
2014-05-18 10:30:00,0.7822875
2014-05-19 10:30:00,0.88417494
2014-05-20 10:30:00,0.6804625
2014-05-21 10:30:00,0.6522875
2014-05-22 10:30:00,0.51731247
2014-05-23 10:30:00,0.572725
2014-05-24 10:30:00,0.7094875
2014-05-25 10:30:00,0.6701625
2014-05-26 10:30:00,0.632425
2014-05-27 10:30:00,0.5829875
2014-05-28 10:30:00,0.43256247
2014-05-29 10:30:00,0.34315
2014-05-30 10:30:00,0.3802375
2014-05-31 10:30:00,0.44722497
2014-06-01 10:30:00,0.42169997
2014-06-02 10:30:00,0.43471247
2014-06-03 10:30:00,0.60359997
2014-06-04 10:30:00,0.5142
2014-06-05 10:30:00,0.548975
2014-06-06 10:30:00,0.4794625
2014-06-07 10:30:00,0.6706875
2014-06-08 10:30:00,0.8789375
2014-06-09 10:30:00,0.90872496
2014-06-10 10:30:00,0.75537497
2014-06-11 10:30:00,0.8229374
2014-06-12 10:30:00,0.69536245
2014-06-13 10:30:00,0.5720625
2014-06-14 10:30:00,0.58416253
2014-06-15 10:30:00,0.601225
2014-06-16 10:30:00,0.68348753
2014-06-17 10:30:00,0.746075
2014-06-18 10:30:00,0.733275
2014-06-19 10:30:00,0.6223625
2014-06-20 10:30:00,0.80003744
2014-06-21 10:30:00,0.80050004
2014-06-22 10:30:00,0.69122493
2014-06-23 10:30:00,0.71715
2014-06-24 10:30:00,0.6554125
2014-06-25 10:30:00,0.77246255
2014-06-26 10:30:00,0.86943746
2014-06-27 10:30:00,0.65775
2014-06-28 10:30:00,0.627275
2014-06-29 10:30:00,0.5145125
2014-06-30 10:30:00,0.58035
2014-07-01 10:30:00,0.6291125
2014-07-02 10:30:00,0.74165
2014-07-03 10:30:00,0.6913125
2014-07-04 10:30:00,0.560275
2014-07-05 10:30:00,0.5781125
2014-07-06 10:30:00,0.6684625
2014-07-07 10:30:00,0.603275
2014-07-08 10:30:00,0.5456875
2014-07-09 10:30:00,0.64276254
2014-07-10 10:30:00,0.7735125
2014-07-11 10:30:00,0.81012493
2014-07-12 10:30:00,0.85449994
2014-07-13 10:30:00,0.8082875
2014-07-14 10:30:00,0.6908
2014-07-15 10:30:00,0.820325
2014-07-16 10:30:00,0.89481246
2014-07-17 10:30:00,0.77977496
2014-07-18 10:30:00,0.7978375
2014-07-19 10:30:00,0.8608125
2014-07-20 10:30:00,0.8362
2014-07-21 10:30:00,0.704025
2014-07-22 10:30:00,0.63006246
2014-07-23 10:30:00,0.6792
2014-07-24 10:30:00,0.67885
2014-07-25 10:30:00,0.7039
2014-07-26 10:30:00,0.72341245
2014-07-27 10:30:00,0.7120375
2014-07-28 10:30:00,0.69098747
2014-07-29 10:30:00,0.714475
2014-07-30 10:30:00,0.66569996
2014-07-31 10:30:00,0.62002504
2014-08-01 10:30:00,0.625775
2014-08-02 10:30:00,0.73061246
2014-08-03 10:30:00,0.6914
2014-08-04 10:30:00,0.65488756
2014-08-05 10:30:00,0.7000875
2014-08-06 10:30:00,0.7193
2014-08-07 10:30:00,0.6698625
2014-08-08 10:30:00,0.5593
2014-08-09 10:30:00,0.81607497
2014-08-10 10:30:00,0.820975
2014-08-11 10:30:00,0.633275
2014-08-12 10:30:00,0.633125
2014-08-13 10:30:00,0.7349375
2014-08-14 10:30:00,0.8944375
2014-08-15 10:30:00,0.95734996
2014-08-16 10:30:00,0.814875
2014-08-17 10:30:00,0.82176244
2014-08-18 10:30:00,0.72246253
2014-08-19 10:30:00,0.7358
2014-08-20 10:30:00,0.77555
2014-08-21 10:30:00,0.7062125
2014-08-22 10:30:00,0.74653745
2014-08-23 10:30:00,0.8162
2014-08-24 10:30:00,0.79214996
2014-08-25 10:30:00,0.83498746
2014-08-26 10:30:00,0.6835375
2014-08-27 10:30:00,0.74700004
2014-08-28 10:30:00,0.588775
2014-08-29 10:30:00,0.63182503
2014-08-30 10:30:00,0.666975
2014-08-31 10:30:00,0.7621875
2014-09-01 10:30:00,0.949075
2014-09-02 10:30:00,0.74074996
2014-09-03 10:30:00,0.7493875
2014-09-04 10:30:00,0.77725
2014-09-05 10:30:00,0.7249375
2014-09-06 10:30:00,0.722575
2014-09-07 10:30:00,0.71987504
2014-09-08 10:30:00,0.509625
2014-09-09 10:30:00,0.58655
2014-09-10 10:30:00,0.6122
2014-09-11 10:30:00,0.67515
2014-09-12 10:30:00,0.6722875
2014-09-13 10:30:00,0.65395004
2014-09-14 10:30:00,0.47913748
2014-09-15 10:30:00,0.52669996
2014-09-16 10:30:00,0.56232494
2014-09-17 10:30:00,0.5977875
2014-09-18 10:30:00,0.595825
2014-09-19 10:30:00,0.61829996
2014-09-20 10:30:00,0.691325
2014-09-21 10:30:00,0.7023
2014-09-22 10:30:00,0.812
2014-09-23 10:30:00,0.6999
2014-09-24 10:30:00,0.509125
2014-09-25 10:30:00,0.37417498
2014-09-26 10:30:00,0.8914499
2014-09-27 10:30:00,0.60662496
2014-09-28 10:30:00,0.5181375
2014-09-29 10:30:00,0.4923375
2014-09-30 10:30:00,0.4446
2014-10-01 10:30:00,0.64849997
2014-10-02 10:30:00,0.643025
2014-10-03 10:30:00,0.47614998
2014-10-04 10:30:00,0.5599125
2014-10-05 10:30:00,0.5146
2014-10-06 10:30:00,0.52535
2014-10-07 10:30:00,0.55251247
2014-10-08 10:30:00,0.6640125
2014-10-09 10:30:00,0.73957497
2014-10-10 10:30:00,0.81106246
2014-10-11 10:30:00,0.61085
2014-10-12 10:30:00,0.4761625
2014-10-13 10:30:00,0.423475
2014-10-14 10:30:00,0.43191248
2014-10-15 10:30:00,0.4155625
2014-10-16 10:30:00,0.47452497
2014-10-17 10:30:00,0.45916247
2014-10-18 10:30:00,0.3907625
2014-10-19 10:30:00,0.29433748
2014-10-20 10:30:00,0.29325
2014-10-21 10:30:00,0.385
2014-10-22 10:30:00,0.43565
2014-10-23 10:30:00,0.5228625
2014-10-24 10:30:00,0.50955
2014-10-25 10:30:00,0.5404375
2014-10-26 10:30:00,0.4831625
2014-10-27 10:30:00,0.4132
2014-10-28 10:30:00,0.415125
2014-10-29 10:30:00,0.512575
2014-10-30 10:30:00,0.8864
2014-10-31 10:30:00,0.89358747
2014-11-01 10:30:00,0.681
2014-11-02 10:30:00,0.602875
2014-11-03 10:30:00,0.703625
2014-11-04 10:30:00,0.6829125
2014-11-05 10:30:00,0.54605
2014-11-06 10:30:00,0.5097
2014-11-07 10:30:00,0.43355
2014-11-08 10:30:00,0.503175
2014-11-09 10:30:00,0.4562625
2014-11-10 10:30:00,0.4596125
2014-11-11 10:30:00,0.44395
2014-11-12 10:30:00,0.43121248
2014-11-13 10:30:00,0.4885625
2014-11-14 10:30:00,0.47237498
2014-11-15 10:30:00,0.5831125
2014-11-16 10:30:00,0.6231625
2014-11-17 10:30:00,0.5180375
2014-11-18 10:30:00,0.51264995
2014-11-19 10:30:00,0.6454125
2014-11-20 10:30:00,0.6325875
2014-11-21 10:30:00,0.5865875
2014-11-22 10:30:00,0.5720125
2014-11-23 10:30:00,0.50334996
2014-11-24 10:30:00,0.5782
2014-11-25 10:30:00,0.4712625
2014-11-26 10:30:00,0.4126625
2014-11-27 10:30:00,0.47755
2014-11-28 10:30:00,0.5705125
2014-11-29 10:30:00,0.679325
2014-11-30 10:30:00,0.490275
2014-12-01 10:30:00,0.35175
2014-12-02 10:30:00,0.3786875
2014-12-03 10:30:00,0.42003748
2014-12-04 10:30:00,0.4760125
2014-12-05 10:30:00,0.48513746
2014-12-06 10:30:00,0.5150125
2014-12-07 10:30:00,0.560275
2014-12-08 10:30:00,0.5801375
2014-12-09 10:30:00,0.59505
2014-12-10 10:30:00,0.7774125
2014-12-11 10:30:00,0.67872494
2014-12-12 10:30:00,0.566475
2014-12-13 10:30:00,0.6238375
2014-12-14 10:30:00,0.72091246
2014-12-15 10:30:00,0.646025
2014-12-16 10:30:00,0.5660625
2014-12-17 10:30:00,0.69694996
2014-12-18 10:30:00,0.74651253
2014-12-19 10:30:00,0.61057496
2014-12-20 10:30:00,0.577875
2014-12-21 10:30:00,0.661475
2014-12-22 10:30:00,0.75363743
2014-12-23 10:30:00,0.6292625
2014-12-24 10:30:00,0.6593125
2014-12-25 10:30:00,0.630225
2014-12-26 10:30:00,0.731725
2014-12-27 10:30:00,0.64997494
2014-12-28 10:30:00,0.65981245
2014-12-29 10:30:00,0.76934993
2014-12-30 10:30:00,0.6084375
2014-12-31 10:30:00,0.5330125
2015-01-01 10:30:00,0.58335
2015-01-02 10:30:00,0.66098744
2015-01-03 10:30:00,0.6071875
2015-01-04 10:30:00,0.6661375
2015-01-05 10:30:00,0.4229375
2015-01-06 10:30:00,0.39931247
2015-01-07 10:30:00,0.55637497
2015-01-08 10:30:00,0.6494375
2015-01-09 10:30:00,0.73309994
2015-01-10 10:30:00,0.64076245
2015-01-11 10:30:00,0.64191246
2015-01-12 10:30:00,0.64519995
2015-01-13 10:30:00,0.6263125
2015-01-14 10:30:00,0.7729125
2015-01-15 10:30:00,0.7540125
2015-01-16 10:30:00,0.57357496
2015-01-17 10:30:00,0.6551375
2015-01-18 10:30:00,0.77716243
2015-01-19 10:30:00,0.6896
2015-01-20 10:30:00,0.76186246
2015-01-21 10:30:00,0.7565
2015-01-22 10:30:00,0.7311125
2015-01-23 10:30:00,0.6778
2015-01-24 10:30:00,0.6888875
2015-01-25 10:30:00,0.5455875
2015-01-26 10:30:00,0.444425
2015-01-27 10:30:00,0.47974998
2015-01-28 10:30:00,0.5559125
2015-01-29 10:30:00,0.511725
2015-01-30 10:30:00,0.49580002
2015-01-31 10:30:00,0.5487125
2015-02-01 10:30:00,0.62452495
2015-02-02 10:30:00,0.57199997
2015-02-03 10:30:00,0.60809994
2015-02-04 10:30:00,0.5581125
2015-02-05 10:30:00,0.608375
2015-02-06 10:30:00,0.4119625
2015-02-07 10:30:00,0.32733747
2015-02-08 10:30:00,0.39916247
2015-02-09 10:30:00,0.535075
2015-02-10 10:30:00,0.42796248
2015-02-11 10:30:00,0.4836
2015-02-12 10:30:00,0.48694998
2015-02-13 10:30:00,0.588225
2015-02-14 10:30:00,0.5874
2015-02-15 10:30:00,0.53223747
2015-02-16 10:30:00,0.6657625
2015-02-17 10:30:00,0.50098747
2015-02-18 10:30:00,0.4853125
2015-02-19 10:30:00,0.44808748
2015-02-20 10:30:00,0.538675
2015-02-21 10:30:00,0.82976246
2015-02-22 10:30:00,0.559225
2015-02-23 10:30:00,0.42959997
2015-02-24 10:30:00,0.52735
2015-02-25 10:30:00,0.50444996
2015-02-26 10:30:00,0.54456246
2015-02-27 10:30:00,0.48182496
2015-02-28 10:30:00,0.50967497
2015-03-01 10:30:00,0.52357495
2015-03-02 10:30:00,0.4598625
2015-03-03 10:30:00,0.49873748
2015-03-04 10:30:00,0.39941248
2015-03-05 10:30:00,0.3850125
2015-03-06 10:30:00,0.3361
2015-03-07 10:30:00,0.35288748
2015-03-08 10:30:00,0.39912498
2015-03-09 10:30:00,0.36651248
2015-03-10 10:30:00,0.34498748
2015-03-11 10:30:00,0.363525
2015-03-12 10:30:00,0.49271247
2015-03-13 10:30:00,0.4905125
2015-03-14 10:30:00,0.4118875
2015-03-15 10:30:00,0.36435
2015-03-16 10:30:00,0.31759998
2015-03-17 10:30:00,0.2965125
2015-03-18 10:30:00,0.419575
2015-03-19 10:30:00,0.35588747
2015-03-20 10:30:00,0.2902
2015-03-21 10:30:00,0.2432875
2015-03-22 10:30:00,0.2567125
2015-03-23 10:30:00,0.3209
2015-03-24 10:30:00,0.332175
2015-03-25 10:30:00,0.206
2015-03-26 10:30:00,0.19759999
2015-03-27 10:30:00,0.38372502
2015-03-28 10:30:00,0.42575
2015-03-29 10:30:00,0.327075
2015-03-30 10:30:00,0.4097625
2015-03-31 10:30:00,0.2208625
2015-04-01 10:30:00,0.22659999
2015-04-02 10:30:00,0.8178875
2015-04-03 10:30:00,0.61315
2015-04-04 10:30:00,0.8533125
2015-04-05 10:30:00,0.6168125
2015-04-06 10:30:00,0.5409625
2015-04-07 10:30:00,0.49650002
2015-04-08 10:30:00,0.60522497
2015-04-09 10:30:00,0.56075
2015-04-10 10:30:00,0.47573748
2015-04-11 10:30:00,0.437475
2015-04-12 10:30:00,0.36232498
2015-04-13 10:30:00,0.305575
2015-04-14 10:30:00,0.3490125
2015-04-15 10:30:00,0.42378747
2015-04-16 10:30:00,0.33954996
2015-04-17 10:30:00,0.278075
2015-04-18 10:30:00,0.23098749
2015-04-19 10:30:00,0.2078
2015-04-20 10:30:00,0.2490125
2015-04-21 10:30:00,0.2727125
2015-04-22 10:30:00,0.30331248
2015-04-23 10:30:00,0.3725
2015-04-24 10:30:00,0.28737497
2015-04-25 10:30:00,0.2946
2015-04-26 10:30:00,0.2956625
2015-04-27 10:30:00,0.25571248
2015-04-28 10:30:00,0.35537496
2015-04-29 10:30:00,0.1822875
2015-04-30 10:30:00,0.0731
2015-05-01 10:30:00,0.40037498
2015-05-02 10:30:00,0.35283747
2015-05-03 10:30:00,0.2878625
2015-05-04 10:30:00,0.2081875
2015-05-05 10:30:00,0.30778748
2015-05-06 10:30:00,0.30653748
2015-05-07 10:30:00,0.8490625
2015-05-08 10:30:00,0.6153875
2015-05-09 10:30:00,0.50326246
2015-05-10 10:30:00,0.5191125
2015-05-11 10:30:00,0.87152505
2015-05-12 10:30:00,0.8268
2015-05-13 10:30:00,0.5668375
2015-05-14 10:30:00,0.20125
2015-05-15 10:30:00,0.219775
2015-05-16 10:30:00,0.24682501
2015-05-17 10:30:00,0.5795375
2015-05-18 10:30:00,0.5653125
2015-05-19 10:30:00,0.66097504
2015-05-20 10:30:00,0.3107625
2015-05-21 10:30:00,0.32805
2015-05-22 10:30:00,0.2455875
2015-05-23 10:30:00,0.3052375
2015-05-24 10:30:00,0.337775
2015-05-25 10:30:00,0.6027625
2015-05-26 10:30:00,0.580175
2015-05-27 10:30:00,0.51498747
2015-05-28 10:30:00,0.74012494
2015-05-29 10:30:00,0.6217
2015-05-30 10:30:00,0.48334998
2015-05-31 10:30:00,0.45069999
2015-06-01 10:30:00,0.46217498
2015-06-02 10:30:00,0.4427875
2015-06-03 10:30:00,0.3704375
2015-06-04 10:30:00,0.59545
2015-06-05 10:30:00,0.8867
2015-06-06 10:30:00,0.75373745
2015-06-07 10:30:00,0.5787875
2015-06-08 10:30:00,0.63995
2015-06-09 10:30:00,0.55965
2015-06-10 10:30:00,0.79903746
2015-06-11 10:30:00,0.93373746
2015-06-12 10:30:00,0.9114125
2015-06-13 10:30:00,0.800375
2015-06-14 10:30:00,0.65895
2015-06-15 10:30:00,0.52349997
2015-06-16 10:30:00,0.7056375
2015-06-17 10:30:00,0.9257875
2015-06-18 10:30:00,0.97639996
2015-06-19 10:30:00,0.77595
2015-06-20 10:30:00,0.6597125
2015-06-21 10:30:00,0.602375
2015-06-22 10:30:00,0.67675
2015-06-23 10:30:00,0.755
2015-06-24 10:30:00,0.8728125
2015-06-25 10:30:00,0.6511625
2015-06-26 10:30:00,0.6091
2015-06-27 10:30:00,0.75076246
2015-06-28 10:30:00,0.78325
2015-06-29 10:30:00,0.5606
2015-06-30 10:30:00,0.8968375
2015-07-01 10:30:00,0.81123745
2015-07-02 10:30:00,0.8979125
2015-07-03 10:30:00,0.71465
2015-07-04 10:30:00,0.6858
2015-07-05 10:30:00,0.68652505
2015-07-06 10:30:00,0.67132497
2015-07-07 10:30:00,0.65848744
2015-07-08 10:30:00,0.6531375
2015-07-09 10:30:00,0.7400875
2015-07-10 10:30:00,0.67605
2015-07-11 10:30:00,0.8198
2015-07-12 10:30:00,0.72425
2015-07-13 10:30:00,0.691975
2015-07-14 10:30:00,0.7929875
2015-07-15 10:30:00,0.85155
2015-07-16 10:30:00,0.860375
2015-07-17 10:30:00,0.8522625
2015-07-18 10:30:00,0.791075
2015-07-19 10:30:00,0.8034625
2015-07-20 10:30:00,0.8121
2015-07-21 10:30:00,0.9018
2015-07-22 10:30:00,0.8679875
2015-07-23 10:30:00,0.84473747
2015-07-24 10:30:00,0.83555
2015-07-25 10:30:00,0.87207496
2015-07-26 10:30:00,0.747575
2015-07-27 10:30:00,0.66115
2015-07-28 10:30:00,0.6860875
2015-07-29 10:30:00,0.90598744
2015-07-30 10:30:00,0.764425
2015-07-31 10:30:00,0.7124624
2015-08-01 10:30:00,0.7140125
2015-08-02 10:30:00,0.6166
2015-08-03 10:30:00,0.65808743
2015-08-04 10:30:00,0.7003875
2015-08-05 10:30:00,0.7511875
2015-08-06 10:30:00,0.70707494
2015-08-07 10:30:00,0.80419993
2015-08-08 10:30:00,0.8015
2015-08-09 10:30:00,0.91702497
2015-08-10 10:30:00,0.74053746
2015-08-11 10:30:00,0.76076245
2015-08-12 10:30:00,0.7408
2015-08-13 10:30:00,0.68873745
2015-08-14 10:30:00,0.72845
2015-08-15 10:30:00,0.82919997
2015-08-16 10:30:00,0.8243125
2015-08-17 10:30:00,0.81203747
2015-08-18 10:30:00,0.79679996
2015-08-19 10:30:00,0.88275
2015-08-20 10:30:00,0.9561
2015-08-21 10:30:00,0.849225
2015-08-22 10:30:00,0.86911243
2015-08-23 10:30:00,0.910425
2015-08-24 10:30:00,0.921125
2015-08-25 10:30:00,0.88308746
2015-08-26 10:30:00,0.83927494
2015-08-27 10:30:00,0.782
2015-08-28 10:30:00,0.86574996
2015-08-29 10:30:00,0.88586247
2015-08-30 10:30:00,0.91968745
2015-08-31 10:30:00,0.92875
2015-09-01 10:30:00,0.76036245
2015-09-02 10:30:00,0.77863747
2015-09-03 10:30:00,0.68682504
2015-09-04 10:30:00,0.85158753
2015-09-05 10:30:00,0.78316253
2015-09-06 10:30:00,0.69296247
2015-09-07 10:30:00,0.90613747
2015-09-08 10:30:00,0.83317494
2015-09-09 10:30:00,0.66792494
2015-09-10 10:30:00,0.65327495
2015-09-11 10:30:00,0.67175
2015-09-12 10:30:00,0.7664
2015-09-13 10:30:00,0.7268625
2015-09-14 10:30:00,0.60604995
2015-09-15 10:30:00,0.68684995
2015-09-16 10:30:00,0.704325
2015-09-17 10:30:00,0.9323875
2015-09-18 10:30:00,0.8139375
2015-09-19 10:30:00,0.71388745
2015-09-20 10:30:00,0.7572875
2015-09-21 10:30:00,0.678525
2015-09-22 10:30:00,0.98345
2015-09-23 10:30:00,0.860675
2015-09-24 10:30:00,0.918675
2015-09-25 10:30:00,0.72043747
2015-09-26 10:30:00,0.6872125
2015-09-27 10:30:00,0.71106255
2015-09-28 10:30:00,0.6858875
2015-09-29 10:30:00,0.66351247
2015-09-30 10:30:00,0.7957875
2015-10-01 10:30:00,0.58366245
2015-10-02 10:30:00,0.4323375
2015-10-03 10:30:00,0.48485
2015-10-04 10:30:00,0.49676248
2015-10-05 10:30:00,0.5510375
2015-10-06 10:30:00,0.53069997
2015-10-07 10:30:00,0.4258
2015-10-08 10:30:00,0.514875
2015-10-09 10:30:00,0.63322496
2015-10-10 10:30:00,0.8846
2015-10-11 10:30:00,0.52837497
2015-10-12 10:30:00,0.6112625
2015-10-13 10:30:00,0.6586
2015-10-14 10:30:00,0.64308745
2015-10-15 10:30:00,0.462925
2015-10-16 10:30:00,0.44213748
2015-10-17 10:30:00,0.3698375
2015-10-18 10:30:00,0.32299998
2015-10-19 10:30:00,0.373
2015-10-20 10:30:00,0.485325
2015-10-21 10:30:00,0.38215
2015-10-22 10:30:00,0.41362497
2015-10-23 10:30:00,0.2454
2015-10-24 10:30:00,0.306325
2015-10-25 10:30:00,0.334575
2015-10-26 10:30:00,0.46319997
2015-10-27 10:30:00,0.451325
2015-10-28 10:30:00,0.45976248
2015-10-29 10:30:00,0.505525
2015-10-30 10:30:00,0.49310002
2015-10-31 10:30:00,0.4515375
2015-11-01 10:30:00,0.34952497
2015-11-02 10:30:00,0.4907125
2015-11-03 10:30:00,0.3187375
2015-11-04 10:30:00,0.40412498
2015-11-05 10:30:00,0.344
2015-11-06 10:30:00,0.5286
2015-11-07 10:30:00,0.46581247
2015-11-08 10:30:00,0.6663375
2015-11-09 10:30:00,0.68983746
2015-11-10 10:30:00,0.7066625
2015-11-11 10:30:00,0.77385
2015-11-12 10:30:00,0.80029994
2015-11-13 10:30:00,0.77
2015-11-14 10:30:00,0.693975
2015-11-15 10:30:00,0.38197502
2015-11-16 10:30:00,0.6873125
2015-11-17 10:30:00,0.59858745
2015-11-18 10:30:00,0.7600875
2015-11-19 10:30:00,0.75198746
2015-11-20 10:30:00,0.751575
2015-11-21 10:30:00,0.67230004
2015-11-22 10:30:00,0.6786875
2015-11-23 10:30:00,0.632325
2015-11-24 10:30:00,0.67772496
2015-11-25 10:30:00,0.63177496
2015-11-26 10:30:00,0.66975
2015-11-27 10:30:00,0.71608746
2015-11-28 10:30:00,0.72095
2015-11-29 10:30:00,0.6982374
2015-11-30 10:30:00,0.75833744
2015-12-01 10:30:00,0.8339125
2015-12-02 10:30:00,0.8116124
2015-12-03 10:30:00,0.61286247
2015-12-04 10:30:00,0.6054875
2015-12-05 10:30:00,0.6358875
2015-12-06 10:30:00,0.719625
2015-12-07 10:30:00,0.75775
2015-12-08 10:30:00,0.70077497
2015-12-09 10:30:00,0.79385
2015-12-10 10:30:00,0.66316247
2015-12-11 10:30:00,0.70756245
2015-12-12 10:30:00,0.60674995
2015-12-13 10:30:00,0.7130125
2015-12-14 10:30:00,0.7442375
2015-12-15 10:30:00,0.625775
2015-12-16 10:30:00,0.625075
2015-12-17 10:30:00,0.6555375
2015-12-18 10:30:00,0.7328375
2015-12-19 10:30:00,0.6769625
2015-12-20 10:30:00,0.77886254
2015-12-21 10:30:00,0.75745
2015-12-22 10:30:00,0.694575
2015-12-23 10:30:00,0.5805375
2015-12-24 10:30:00,0.66889995
2015-12-25 10:30:00,0.66088754
2015-12-26 10:30:00,0.4578625
2015-12-27 10:30:00,0.5402125
2015-12-28 10:30:00,0.6072375
2015-12-29 10:30:00,0.79580003
2015-12-30 10:30:00,0.7111
2015-12-31 10:30:00,0.72025
2016-01-01 10:30:00,0.66043746
2016-01-02 10:30:00,0.74263746
2016-01-03 10:30:00,0.6222625
2016-01-04 10:30:00,0.5836375
2016-01-05 10:30:00,0.6556375
2016-01-06 10:30:00,0.590575
2016-01-07 10:30:00,0.61861247
2016-01-08 10:30:00,0.64467496
2016-01-09 10:30:00,0.60601246
2016-01-10 10:30:00,0.50514996
2016-01-11 10:30:00,0.5237625
2016-01-12 10:30:00,0.57945
2016-01-13 10:30:00,0.5965375
2016-01-14 10:30:00,0.6716375
2016-01-15 10:30:00,0.70396245
2016-01-16 10:30:00,0.6429875
2016-01-17 10:30:00,0.53561246
2016-01-18 10:30:00,0.54074997
2016-01-19 10:30:00,0.58147496
2016-01-20 10:30:00,0.629325
2016-01-21 10:30:00,0.53464997
2016-01-22 10:30:00,0.459275
2016-01-23 10:30:00,0.4737125
2016-01-24 10:30:00,0.474975
2016-01-25 10:30:00,0.4957875
2016-01-26 10:30:00,0.51392496
2016-01-27 10:30:00,0.5423375
2016-01-28 10:30:00,0.47632498
2016-01-29 10:30:00,0.482925
2016-01-30 10:30:00,0.49026248
2016-01-31 10:30:00,0.539
2016-02-01 10:30:00,0.522125
2016-02-02 10:30:00,0.52785
2016-02-03 10:30:00,0.51726246
2016-02-04 10:30:00,0.52779996
2016-02-05 10:30:00,0.57156247
2016-02-06 10:30:00,0.59465
2016-02-07 10:30:00,0.57345
2016-02-08 10:30:00,0.61245
2016-02-09 10:30:00,0.7102375
2016-02-10 10:30:00,0.647675
2016-02-11 10:30:00,0.62619996
2016-02-12 10:30:00,0.48128748
2016-02-13 10:30:00,0.4477875
2016-02-14 10:30:00,0.44962502
2016-02-15 10:30:00,0.547475
2016-02-16 10:30:00,0.53643745
2016-02-17 10:30:00,0.54535
2016-02-18 10:30:00,0.523475
2016-02-19 10:30:00,0.544775
2016-02-20 10:30:00,0.4875875
2016-02-21 10:30:00,0.4613375
2016-02-22 10:30:00,0.44198748
2016-02-23 10:30:00,0.4936375
2016-02-24 10:30:00,0.501925
2016-02-25 10:30:00,0.52525
2016-02-26 10:30:00,0.4754375
2016-02-27 10:30:00,0.4833125
2016-02-28 10:30:00,0.5104875
2016-02-29 10:30:00,0.47555
2016-03-01 10:30:00,0.5455375
2016-03-02 10:30:00,0.6410375
2016-03-03 10:30:00,0.6277625
2016-03-04 10:30:00,0.72528744
2016-03-05 10:30:00,0.5821875
2016-03-06 10:30:00,0.4457
2016-03-07 10:30:00,0.42134997
2016-03-08 10:30:00,0.46435001
2016-03-09 10:30:00,0.482275
2016-03-10 10:30:00,0.5345375
2016-03-11 10:30:00,0.51194996
2016-03-12 10:30:00,0.4262625
2016-03-13 10:30:00,0.46584997
2016-03-14 10:30:00,0.5293
2016-03-15 10:30:00,0.432025
2016-03-16 10:30:00,0.3797375
2016-03-17 10:30:00,0.427175
2016-03-18 10:30:00,0.581275
2016-03-19 10:30:00,0.50589997
2016-03-20 10:30:00,0.3920625
2016-03-21 10:30:00,0.59741247
2016-03-22 10:30:00,0.373325
2016-03-23 10:30:00,0.37215
2016-03-24 10:30:00,0.3684125
2016-03-25 10:30:00,0.3777875
2016-03-26 10:30:00,0.31518748
2016-03-27 10:30:00,0.2885
2016-03-28 10:30:00,0.322075
2016-03-29 10:30:00,0.4782125
2016-03-30 10:30:00,0.3426875
2016-03-31 10:30:00,0.35062498
2016-04-01 10:30:00,0.53363746
2016-04-02 10:30:00,0.38377497
2016-04-03 10:30:00,0.437625
2016-04-04 10:30:00,0.44092497
2016-04-05 10:30:00,0.3959125
2016-04-06 10:30:00,0.37684998
2016-04-07 10:30:00,0.22754999
2016-04-08 10:30:00,0.19226249
2016-04-09 10:30:00,0.21923749
2016-04-10 10:30:00,0.35799998
2016-04-11 10:30:00,0.45689997
2016-04-12 10:30:00,0.33825
2016-04-13 10:30:00,0.850075
2016-04-14 10:30:00,0.542875
2016-04-15 10:30:00,0.71091247
2016-04-16 10:30:00,0.87242496
2016-04-17 10:30:00,0.54555
2016-04-18 10:30:00,0.5396375
2016-04-19 10:30:00,0.28286248
2016-04-20 10:30:00,0.306225
2016-04-21 10:30:00,0.35404998
2016-04-22 10:30:00,0.505225
2016-04-23 10:30:00,0.3178375
2016-04-24 10:30:00,0.52825
2016-04-25 10:30:00,0.3813375
2016-04-26 10:30:00,0.4921875
2016-04-27 10:30:00,0.6048
2016-04-28 10:30:00,0.3955875
2016-04-29 10:30:00,0.4936875
2016-04-30 10:30:00,0.4719875
2016-05-01 10:30:00,0.6573375
2016-05-02 10:30:00,0.3688875
2016-05-03 10:30:00,0.27255002
2016-05-04 10:30:00,0.16532499
2016-05-05 10:30:00,0.49226248
2016-05-06 10:30:00,0.506925
2016-05-07 10:30:00,0.193025
2016-05-08 10:30:00,0.37441248
2016-05-09 10:30:00,0.335475
2016-05-10 10:30:00,0.1640625
2016-05-11 10:30:00,0.60781246
2016-05-12 10:30:00,0.3055125
2016-05-13 10:30:00,0.28327498
2016-05-14 10:30:00,0.40142497
2016-05-15 10:30:00,0.2890375
2016-05-16 10:30:00,0.28454998
2016-05-17 10:30:00,0.114237495
2016-05-18 10:30:00,0.2300625
2016-05-19 10:30:00,0.219075
2016-05-20 10:30:00,0.33061248
2016-05-21 10:30:00,0.3571625
2016-05-22 10:30:00,0.317675
2016-05-23 10:30:00,0.665075
2016-05-24 10:30:00,0.8129249
2016-05-25 10:30:00,0.5646125
2016-05-26 10:30:00,0.39241248
2016-05-27 10:30:00,0.369825
2016-05-28 10:30:00,0.31219998
2016-05-29 10:30:00,0.3696125
2016-05-30 10:30:00,0.503875
2016-05-31 10:30:00,0.486175
2016-06-01 10:30:00,0.41555
2016-06-02 10:30:00,0.45444998
2016-06-03 10:30:00,0.4055
2016-06-04 10:30:00,0.43502498
2016-06-05 10:30:00,0.4874
2016-06-06 10:30:00,0.60319996
2016-06-07 10:30:00,0.56408745
2016-06-08 10:30:00,0.44588748
2016-06-09 10:30:00,0.6917875
2016-06-10 10:30:00,0.806525
2016-06-11 10:30:00,0.6062125
2016-06-12 10:30:00,0.71761245
2016-06-13 10:30:00,0.624375
2016-06-14 10:30:00,0.5403375
2016-06-15 10:30:00,0.54775
2016-06-16 10:30:00,0.66155
2016-06-17 10:30:00,0.6098875
2016-06-18 10:30:00,0.628175
2016-06-19 10:30:00,0.65622497
2016-06-20 10:30:00,0.7279625
2016-06-21 10:30:00,0.5777375
2016-06-22 10:30:00,0.83089995
2016-06-23 10:30:00,0.68777496
2016-06-24 10:30:00,0.6517125
2016-06-25 10:30:00,0.6226625
2016-06-26 10:30:00,0.5196875
2016-06-27 10:30:00,0.64647496
2016-06-28 10:30:00,0.77605003
2016-06-29 10:30:00,0.87101245
2016-06-30 10:30:00,0.83075005
2016-07-01 10:30:00,0.52035
2016-07-02 10:30:00,0.65161246
2016-07-03 10:30:00,0.63357496
2016-07-04 10:30:00,0.4992375
2016-07-05 10:30:00,0.4996
2016-07-06 10:30:00,0.5305
2016-07-07 10:30:00,0.6230625
2016-07-08 10:30:00,0.68677497
2016-07-09 10:30:00,0.67583746
2016-07-10 10:30:00,0.422975
2016-07-11 10:30:00,0.60592496
2016-07-12 10:30:00,0.63895
2016-07-13 10:30:00,0.5434125
2016-07-14 10:30:00,0.5743375
2016-07-15 10:30:00,0.5209
2016-07-16 10:30:00,0.51076245
2016-07-17 10:30:00,0.59433746
2016-07-18 10:30:00,0.4433
2016-07-19 10:30:00,0.664575
2016-07-20 10:30:00,0.69222504
2016-07-21 10:30:00,0.7118125
2016-07-22 10:30:00,0.8664
2016-07-23 10:30:00,0.7588625
2016-07-24 10:30:00,0.5868375
2016-07-25 10:30:00,0.69167495
2016-07-26 10:30:00,0.66015
2016-07-27 10:30:00,0.60919994
2016-07-28 10:30:00,0.71467495
2016-07-29 10:30:00,0.61912495
2016-07-30 10:30:00,0.7056125
2016-07-31 10:30:00,0.7554875
2016-08-01 10:30:00,0.6141
2016-08-02 10:30:00,0.571725
2016-08-03 10:30:00,0.5586125
2016-08-04 10:30:00,0.50965
2016-08-05 10:30:00,0.6393875
2016-08-06 10:30:00,0.8043
2016-08-07 10:30:00,0.51364994
2016-08-08 10:30:00,0.5083375
2016-08-09 10:30:00,0.64841247
2016-08-10 10:30:00,0.6292
2016-08-11 10:30:00,0.453525
2016-08-12 10:30:00,0.38498747
2016-08-13 10:30:00,0.50717497
2016-08-14 10:30:00,0.5879875
2016-08-15 10:30:00,0.53064996
2016-08-16 10:30:00,0.61864996
2016-08-17 10:30:00,0.5403875
2016-08-18 10:30:00,0.6383375
2016-08-19 10:30:00,0.6238875
2016-08-20 10:30:00,0.81848747
2016-08-21 10:30:00,0.67270005
2016-08-22 10:30:00,0.608925
2016-08-23 10:30:00,0.70164996
2016-08-24 10:30:00,0.55987495
2016-08-25 10:30:00,0.42611247
2016-08-26 10:30:00,0.4985875
2016-08-27 10:30:00,0.4973125
2016-08-28 10:30:00,0.46695
2016-08-29 10:30:00,0.49046248
2016-08-30 10:30:00,0.449575
2016-08-31 10:30:00,0.865175
2016-09-01 10:30:00,0.90349996
2016-09-02 10:30:00,0.8431375
2016-09-03 10:30:00,0.8706375
2016-09-04 10:30:00,0.8613375
2016-09-05 10:30:00,0.8495625
2016-09-06 10:30:00,0.77937496
2016-09-07 10:30:00,0.6525375
2016-09-08 10:30:00,0.779625
2016-09-09 10:30:00,0.848375
2016-09-10 10:30:00,0.86495
2016-09-11 10:30:00,0.74495
2016-09-12 10:30:00,0.76624995
2016-09-13 10:30:00,0.73161244
2016-09-14 10:30:00,0.815375
2016-09-15 10:30:00,0.56936246
2016-09-16 10:30:00,0.73045
2016-09-17 10:30:00,0.85037494
2016-09-18 10:30:00,0.67885
2016-09-19 10:30:00,0.588575
2016-09-20 10:30:00,0.59225
2016-09-21 10:30:00,0.61228746
2016-09-22 10:30:00,0.723625
2016-09-23 10:30:00,0.7707875
2016-09-24 10:30:00,0.65177494
2016-09-25 10:30:00,0.59117496
2016-09-26 10:30:00,0.77278745
2016-09-27 10:30:00,0.74424994
2016-09-28 10:30:00,0.588
2016-09-29 10:30:00,0.61431247
2016-09-30 10:30:00,0.6562625
2016-10-01 10:30:00,0.5494
2016-10-02 10:30:00,0.564275
2016-10-03 10:30:00,0.58257496
2016-10-04 10:30:00,0.68441254
2016-10-05 10:30:00,0.532575
2016-10-06 10:30:00,0.5083875
2016-10-07 10:30:00,0.8242375
2016-10-08 10:30:00,0.66840005
2016-10-09 10:30:00,0.6232
2016-10-10 10:30:00,0.5886875
2016-10-11 10:30:00,0.55062497
2016-10-12 10:30:00,0.602475
2016-10-13 10:30:00,0.613225
2016-10-14 10:30:00,0.5980125
2016-10-15 10:30:00,0.5736125
2016-10-16 10:30:00,0.59565
2016-10-17 10:30:00,0.54737496
2016-10-18 10:30:00,0.46397498
2016-10-19 10:30:00,0.5894125
2016-10-20 10:30:00,0.3841
2016-10-21 10:30:00,0.8051875
2016-10-22 10:30:00,0.5273375
2016-10-23 10:30:00,0.535475
2016-10-24 10:30:00,0.5569375
2016-10-25 10:30:00,0.597875
2016-10-26 10:30:00,0.5241625
2016-10-27 10:30:00,0.52674997
2016-10-28 10:30:00,0.5189
2016-10-29 10:30:00,0.4761
2016-10-30 10:30:00,0.46985
2016-10-31 10:30:00,0.4310625
2016-11-01 10:30:00,0.4407375
2016-11-02 10:30:00,0.5063125
2016-11-03 10:30:00,0.64846253
2016-11-04 10:30:00,0.7805625
2016-11-05 10:30:00,0.61541253
2016-11-06 10:30:00,0.6836
2016-11-07 10:30:00,0.6720875
2016-11-08 10:30:00,0.6104375
2016-11-09 10:30:00,0.65929997
2016-11-10 10:30:00,0.75682503
2016-11-11 10:30:00,0.59806246
2016-11-12 10:30:00,0.626075
2016-11-13 10:30:00,0.791475
2016-11-14 10:30:00,0.6007125
2016-11-15 10:30:00,0.7077375
2016-11-16 10:30:00,0.756875
2016-11-17 10:30:00,0.65697503
2016-11-18 10:30:00,0.7623875
2016-11-19 10:30:00,0.6172625
2016-11-20 10:30:00,0.53776246
2016-11-21 10:30:00,0.544075
2016-11-22 10:30:00,0.619
2016-11-23 10:30:00,0.5681625
2016-11-24 10:30:00,0.6780625
2016-11-25 10:30:00,0.71477497
2016-11-26 10:30:00,0.661275
2016-11-27 10:30:00,0.62334996
2016-11-28 10:30:00,0.6181375
2016-11-29 10:30:00,0.7102375
2016-11-30 10:30:00,0.59095
2016-12-01 10:30:00,0.5709625
2016-12-02 10:30:00,0.6913
2016-12-03 10:30:00,0.56616247
2016-12-04 10:30:00,0.56353754
2016-12-05 10:30:00,0.66293746
2016-12-06 10:30:00,0.7302375
2016-12-07 10:30:00,0.71325
2016-12-08 10:30:00,0.6306125
2016-12-09 10:30:00,0.57981247
2016-12-10 10:30:00,0.67641246
2016-12-11 10:30:00,0.660725
2016-12-12 10:30:00,0.56845
2016-12-13 10:30:00,0.56162494
2016-12-14 10:30:00,0.595475
2016-12-15 10:30:00,0.5507125
2016-12-16 10:30:00,0.65735
2016-12-17 10:30:00,0.57261246
2016-12-18 10:30:00,0.696425
2016-12-19 10:30:00,0.7410875
2016-12-20 10:30:00,0.6917
2016-12-21 10:30:00,0.6970625
2016-12-22 10:30:00,0.5291875
2016-12-23 10:30:00,0.6129125
2016-12-24 10:30:00,0.6969625
2016-12-25 10:30:00,0.5610125
2016-12-26 10:30:00,0.48834997
2016-12-27 10:30:00,0.580225
2016-12-28 10:30:00,0.5234375
2016-12-29 10:30:00,0.5701875
2016-12-30 10:30:00,0.60349995
2016-12-31 10:30:00,0.6167
2017-01-01 10:30:00,0.6626125
2017-01-02 10:30:00,0.65625
2017-01-03 10:30:00,0.60697496
2017-01-04 10:30:00,0.73800004
2017-01-05 10:30:00,0.66639996
2017-01-06 10:30:00,0.598725
2017-01-07 10:30:00,0.67623746
2017-01-08 10:30:00,0.5059375
2017-01-09 10:30:00,0.4274625
2017-01-10 10:30:00,0.47292498
2017-01-11 10:30:00,0.48064998
2017-01-12 10:30:00,0.4001875
2017-01-13 10:30:00,0.51336247
2017-01-14 10:30:00,0.65308744
2017-01-15 10:30:00,0.51385003
2017-01-16 10:30:00,0.63724995
2017-01-17 10:30:00,0.6616625
2017-01-18 10:30:00,0.5539125
2017-01-19 10:30:00,0.5470375
2017-01-20 10:30:00,0.54651254
2017-01-21 10:30:00,0.5475125
2017-01-22 10:30:00,0.5235625
2017-01-23 10:30:00,0.4961875
2017-01-24 10:30:00,0.5258875
2017-01-25 10:30:00,0.5870375
2017-01-26 10:30:00,0.5086375
2017-01-27 10:30:00,0.57189995
2017-01-28 10:30:00,0.6042625
2017-01-29 10:30:00,0.4967875
2017-01-30 10:30:00,0.46616247
2017-01-31 10:30:00,0.3882625
2017-02-01 10:30:00,0.42168748
2017-02-02 10:30:00,0.479225
2017-02-03 10:30:00,0.55955
2017-02-04 10:30:00,0.506725
2017-02-05 10:30:00,0.5562625
2017-02-06 10:30:00,0.51895
2017-02-07 10:30:00,0.541425
2017-02-08 10:30:00,0.46991247
2017-02-09 10:30:00,0.4686375
2017-02-10 10:30:00,0.45783752
2017-02-11 10:30:00,0.44022498
2017-02-12 10:30:00,0.47947502
2017-02-13 10:30:00,0.50949997
2017-02-14 10:30:00,0.498925
2017-02-15 10:30:00,0.4684125
2017-02-16 10:30:00,0.4179375
2017-02-17 10:30:00,0.3748875
2017-02-18 10:30:00,0.35307497
2017-02-19 10:30:00,0.5103
2017-02-20 10:30:00,0.44998747
2017-02-21 10:30:00,0.55985
2017-02-22 10:30:00,0.4322
2017-02-23 10:30:00,0.48684996
2017-02-24 10:30:00,0.6001375
2017-02-25 10:30:00,0.5805
2017-02-26 10:30:00,0.6289125
2017-02-27 10:30:00,0.5575625
2017-02-28 10:30:00,0.47015
2017-03-01 10:30:00,0.4276875
2017-03-02 10:30:00,0.45589998
2017-03-03 10:30:00,0.5312625
2017-03-04 10:30:00,0.47088748
2017-03-05 10:30:00,0.4540625
2017-03-06 10:30:00,0.44532502
2017-03-07 10:30:00,0.46549997
2017-03-08 10:30:00,0.47597498
2017-03-09 10:30:00,0.50734997
2017-03-10 10:30:00,0.44035
2017-03-11 10:30:00,0.459375
2017-03-12 10:30:00,0.395825
2017-03-13 10:30:00,0.47196245
2017-03-14 10:30:00,0.501
2017-03-15 10:30:00,0.5107875
2017-03-16 10:30:00,0.43226248
2017-03-17 10:30:00,0.44228747
2017-03-18 10:30:00,0.3604
2017-03-19 10:30:00,0.34557498
2017-03-20 10:30:00,0.4574
2017-03-21 10:30:00,0.4121625
2017-03-22 10:30:00,0.40467498
2017-03-23 10:30:00,0.4442125
2017-03-24 10:30:00,0.38674998
2017-03-25 10:30:00,0.35994998
2017-03-26 10:30:00,0.54765
2017-03-27 10:30:00,0.44009998
2017-03-28 10:30:00,0.43901247
2017-03-29 10:30:00,0.4818625
2017-03-30 10:30:00,0.47022498
2017-03-31 10:30:00,0.34506246
2017-04-01 10:30:00,0.34517497
2017-04-02 10:30:00,0.33811247
2017-04-03 10:30:00,0.327675
2017-04-04 10:30:00,0.2765875
2017-04-05 10:30:00,0.369625
2017-04-06 10:30:00,0.426525
2017-04-07 10:30:00,0.34425
2017-04-08 10:30:00,0.30415002
2017-04-09 10:30:00,0.21142499
2017-04-10 10:30:00,0.20558749
2017-04-11 10:30:00,0.22298749
2017-04-12 10:30:00,0.2347125
2017-04-13 10:30:00,0.2334875
2017-04-14 10:30:00,0.227975
2017-04-15 10:30:00,0.1784875
2017-04-16 10:30:00,0.2935625
2017-04-17 10:30:00,0.484425
2017-04-18 10:30:00,0.4449125
2017-04-19 10:30:00,0.35482496
2017-04-20 10:30:00,0.330625
2017-04-21 10:30:00,0.2086375
2017-04-22 10:30:00,0.2796875
2017-04-23 10:30:00,0.3771875
2017-04-24 10:30:00,0.6686875
2017-04-25 10:30:00,0.6216
2017-04-26 10:30:00,0.427025
2017-04-27 10:30:00,0.32779998
2017-04-28 10:30:00,0.2373
2017-04-29 10:30:00,0.22348751
2017-04-30 10:30:00,0.308725
2017-05-01 10:30:00,0.16532499
2017-05-02 10:30:00,0.1805875
2017-05-03 10:30:00,0.3709375
2017-05-04 10:30:00,0.2988125
2017-05-05 10:30:00,0.6152875
2017-05-06 10:30:00,0.2984125
2017-05-07 10:30:00,0.4650375
2017-05-08 10:30:00,0.25498748
2017-05-09 10:30:00,0.24745001
2017-05-10 10:30:00,0.3236125
2017-05-11 10:30:00,0.50675
2017-05-12 10:30:00,0.46526247
2017-05-13 10:30:00,0.6075375
2017-05-14 10:30:00,0.56409997
2017-05-15 10:30:00,0.32999998
2017-05-16 10:30:00,0.397375
2017-05-17 10:30:00,0.35237497
2017-05-18 10:30:00,0.1479875
2017-05-19 10:30:00,0.2932
2017-05-20 10:30:00,0.58015
2017-05-21 10:30:00,0.8964
2017-05-22 10:30:00,0.6442125
2017-05-23 10:30:00,0.3916875
2017-05-24 10:30:00,0.4989875
2017-05-25 10:30:00,0.37037498
2017-05-26 10:30:00,0.3331375
2017-05-27 10:30:00,0.299525
2017-05-28 10:30:00,0.202425
2017-05-29 10:30:00,0.2369625
2017-05-30 10:30:00,0.25771248
2017-05-31 10:30:00,0.3103
2017-06-01 10:30:00,0.44195
2017-06-02 10:30:00,0.638375
2017-06-03 10:30:00,0.47541252
2017-06-04 10:30:00,0.4097625
2017-06-05 10:30:00,0.2508375
2017-06-06 10:30:00,0.604825
2017-06-07 10:30:00,0.47585
2017-06-08 10:30:00,0.357925
2017-06-09 10:30:00,0.3367875
2017-06-10 10:30:00,0.43925
2017-06-11 10:30:00,0.52642494
2017-06-12 10:30:00,0.49531248
2017-06-13 10:30:00,0.31786248
2017-06-14 10:30:00,0.294225
2017-06-15 10:30:00,0.51867497
2017-06-16 10:30:00,0.465975
2017-06-17 10:30:00,0.49074998
2017-06-18 10:30:00,0.49744996
2017-06-19 10:30:00,0.5280125
2017-06-20 10:30:00,0.75473744
2017-06-21 10:30:00,0.7496125
2017-06-22 10:30:00,0.494075
2017-06-23 10:30:00,0.4190375
2017-06-24 10:30:00,0.45343748
2017-06-25 10:30:00,0.5144875
2017-06-26 10:30:00,0.5225875
2017-06-27 10:30:00,0.50135
2017-06-28 10:30:00,0.47709998
2017-06-29 10:30:00,0.5355625
2017-06-30 10:30:00,0.638375
2017-07-01 10:30:00,0.599075
2017-07-02 10:30:00,0.71455
2017-07-03 10:30:00,0.528875
2017-07-04 10:30:00,0.435675
2017-07-05 10:30:00,0.485475
2017-07-06 10:30:00,0.63151246
2017-07-07 10:30:00,0.72077495
2017-07-08 10:30:00,0.815325
2017-07-09 10:30:00,0.67022496
2017-07-10 10:30:00,0.72761244
2017-07-11 10:30:00,0.545825
2017-07-12 10:30:00,0.52108747
2017-07-13 10:30:00,0.44041246
2017-07-14 10:30:00,0.4187625
2017-07-15 10:30:00,0.599725
2017-07-16 10:30:00,0.5008375
2017-07-17 10:30:00,0.5445375
2017-07-18 10:30:00,0.509775
2017-07-19 10:30:00,0.4670375
2017-07-20 10:30:00,0.8154875
2017-07-21 10:30:00,0.5767875
2017-07-22 10:30:00,0.529175
2017-07-23 10:30:00,0.6345875
2017-07-24 10:30:00,0.46706247
2017-07-25 10:30:00,0.358375
2017-07-26 10:30:00,0.85286254
2017-07-27 10:30:00,0.68154997
2017-07-28 10:30:00,0.5689
2017-07-29 10:30:00,0.726425
2017-07-30 10:30:00,0.81256247
2017-07-31 10:30:00,0.68202496
2017-08-01 10:30:00,0.819075
2017-08-02 10:30:00,0.8612625
2017-08-03 10:30:00,0.855625
2017-08-04 10:30:00,0.78261244
2017-08-05 10:30:00,0.7438
2017-08-06 10:30:00,0.81893754
2017-08-07 10:30:00,0.8011875
2017-08-08 10:30:00,0.74221253
2017-08-09 10:30:00,0.85345
2017-08-10 10:30:00,0.8598625
2017-08-11 10:30:00,0.80781245
2017-08-12 10:30:00,0.7526
2017-08-13 10:30:00,0.8051
2017-08-14 10:30:00,0.7896625
2017-08-15 10:30:00,0.8776124
2017-08-16 10:30:00,0.8332875
2017-08-17 10:30:00,0.81804997
2017-08-18 10:30:00,0.7792624
2017-08-19 10:30:00,0.76434994
2017-08-20 10:30:00,0.74004996
2017-08-21 10:30:00,0.6044875
2017-08-22 10:30:00,0.63513744
2017-08-23 10:30:00,0.579925
2017-08-24 10:30:00,0.4711875
2017-08-25 10:30:00,0.5015625
2017-08-26 10:30:00,0.5894625
2017-08-27 10:30:00,0.52765
2017-08-28 10:30:00,0.37562498
2017-08-29 10:30:00,0.35828748
2017-08-30 10:30:00,0.540125
2017-08-31 10:30:00,0.578425
2017-09-01 10:30:00,0.64761245
2017-09-02 10:30:00,0.60244995
2017-09-03 10:30:00,0.85433745
2017-09-04 10:30:00,0.7506125
2017-09-05 10:30:00,0.7153125
2017-09-06 10:30:00,0.644925
2017-09-07 10:30:00,0.564625
2017-09-08 10:30:00,0.64867496
2017-09-09 10:30:00,0.659075
2017-09-10 10:30:00,0.747
2017-09-11 10:30:00,0.409775
2017-09-12 10:30:00,0.5884
2017-09-13 10:30:00,0.642775
2017-09-14 10:30:00,0.64753747
2017-09-15 10:30:00,0.8792
2017-09-16 10:30:00,0.75364995
2017-09-17 10:30:00,0.72358745
2017-09-18 10:30:00,0.6291625
2017-09-19 10:30:00,0.67911243
2017-09-20 10:30:00,0.6527
2017-09-21 10:30:00,0.44822502
2017-09-22 10:30:00,0.5021375
2017-09-23 10:30:00,0.39650002
2017-09-24 10:30:00,0.47187498
2017-09-25 10:30:00,0.57919997
2017-09-26 10:30:00,0.37992498
2017-09-27 10:30:00,0.32811248
2017-09-28 10:30:00,0.3556625
2017-09-29 10:30:00,0.3455
2017-09-30 10:30:00,0.31059998
2017-10-01 10:30:00,0.3575875
2017-10-02 10:30:00,0.311575
2017-10-03 10:30:00,0.37362498
2017-10-04 10:30:00,0.3126625
2017-10-05 10:30:00,0.44898748
2017-10-06 10:30:00,0.46033752
2017-10-07 10:30:00,0.5654125
2017-10-08 10:30:00,0.85595
2017-10-09 10:30:00,0.68067497
2017-10-10 10:30:00,0.566
2017-10-11 10:30:00,0.614625
2017-10-12 10:30:00,0.5422
2017-10-13 10:30:00,0.4477875
2017-10-14 10:30:00,0.4447625
2017-10-15 10:30:00,0.5386125
2017-10-16 10:30:00,0.3921125
2017-10-17 10:30:00,0.3689375
2017-10-18 10:30:00,0.348525
2017-10-19 10:30:00,0.4641875
2017-10-20 10:30:00,0.43636248
2017-10-21 10:30:00,0.39338747
2017-10-22 10:30:00,0.42
2017-10-23 10:30:00,0.4314125
2017-10-24 10:30:00,0.4488625
2017-10-25 10:30:00,0.42201248
2017-10-26 10:30:00,0.4713
2017-10-27 10:30:00,0.48059997
2017-10-28 10:30:00,0.415
2017-10-29 10:30:00,0.397975
2017-10-30 10:30:00,0.3037875
2017-10-31 10:30:00,0.33214998
2017-11-01 10:30:00,0.4293125
2017-11-02 10:30:00,0.47131246
2017-11-03 10:30:00,0.38825
2017-11-04 10:30:00,0.37857497
2017-11-05 10:30:00,0.35393748
2017-11-06 10:30:00,0.55018747
2017-11-07 10:30:00,0.7487625
2017-11-08 10:30:00,0.68918747
2017-11-09 10:30:00,0.6497875
2017-11-10 10:30:00,0.5086875
2017-11-11 10:30:00,0.535125
2017-11-12 10:30:00,0.5234625
2017-11-13 10:30:00,0.5005125
2017-11-14 10:30:00,0.479775
2017-11-15 10:30:00,0.47663748
2017-11-16 10:30:00,0.47111246
2017-11-17 10:30:00,0.47138748
2017-11-18 10:30:00,0.5131
2017-11-19 10:30:00,0.5609125
2017-11-20 10:30:00,0.60139996
2017-11-21 10:30:00,0.49921247
2017-11-22 10:30:00,0.533125
2017-11-23 10:30:00,0.440175
2017-11-24 10:30:00,0.551725
2017-11-25 10:30:00,0.5219125
2017-11-26 10:30:00,0.4687625
2017-11-27 10:30:00,0.423175
2017-11-28 10:30:00,0.36118752
2017-11-29 10:30:00,0.35308748
2017-11-30 10:30:00,0.48528752
2017-12-01 10:30:00,0.5629625
2017-12-02 10:30:00,0.6062
2017-12-03 10:30:00,0.53061247
2017-12-04 10:30:00,0.51054996
2017-12-05 10:30:00,0.66719997
2017-12-06 10:30:00,0.59863746
2017-12-07 10:30:00,0.47614998
2017-12-08 10:30:00,0.58397496
2017-12-09 10:30:00,0.56839997
2017-12-10 10:30:00,0.45006248
2017-12-11 10:30:00,0.431325
2017-12-12 10:30:00,0.41901252
2017-12-13 10:30:00,0.4322375
2017-12-14 10:30:00,0.46592498
2017-12-15 10:30:00,0.4817375
2017-12-16 10:30:00,0.4778125
2017-12-17 10:30:00,0.543575
2017-12-18 10:30:00,0.44377497
2017-12-19 10:30:00,0.566975
2017-12-20 10:30:00,0.58867496
2017-12-21 10:30:00,0.5012625
2017-12-22 10:30:00,0.4607375
2017-12-23 10:30:00,0.504125
2017-12-24 10:30:00,0.55155
2017-12-25 10:30:00,0.484025
2017-12-26 10:30:00,0.39519998
2017-12-27 10:30:00,0.495275
2017-12-28 10:30:00,0.573525
2017-12-29 10:30:00,0.5515125
2017-12-30 10:30:00,0.62025
2017-12-31 10:30:00,0.5750875
2018-01-01 10:30:00,0.4800875
2018-01-02 10:30:00,0.52827495
2018-01-03 10:30:00,0.505475
2018-01-04 10:30:00,0.42533746
2018-01-05 10:30:00,0.534225
2018-01-06 10:30:00,0.48139998
2018-01-07 10:30:00,0.503475
2018-01-08 10:30:00,0.604375
2018-01-09 10:30:00,0.48005
2018-01-10 10:30:00,0.366675
2018-01-11 10:30:00,0.38175
2018-01-12 10:30:00,0.54275
2018-01-13 10:30:00,0.61081254
2018-01-14 10:30:00,0.5123625
2018-01-15 10:30:00,0.6167625
2018-01-16 10:30:00,0.69667494
2018-01-17 10:30:00,0.606875
2018-01-18 10:30:00,0.6023625
2018-01-19 10:30:00,0.4211625
2018-01-20 10:30:00,0.42498747
2018-01-21 10:30:00,0.400625
2018-01-22 10:30:00,0.40265
2018-01-23 10:30:00,0.4191
2018-01-24 10:30:00,0.42999998
2018-01-25 10:30:00,0.3912125
2018-01-26 10:30:00,0.3857125
2018-01-27 10:30:00,0.38132498
2018-01-28 10:30:00,0.44485
2018-01-29 10:30:00,0.53096247
2018-01-30 10:30:00,0.50658745
2018-01-31 10:30:00,0.5324625
2018-02-01 10:30:00,0.49241248
2018-02-02 10:30:00,0.4787125
2018-02-03 10:30:00,0.467125
2018-02-04 10:30:00,0.4776625
2018-02-05 10:30:00,0.42674997
2018-02-06 10:30:00,0.44207498
2018-02-07 10:30:00,0.47767496
2018-02-08 10:30:00,0.46811247
2018-02-09 10:30:00,0.4348
2018-02-10 10:30:00,0.4005125
2018-02-11 10:30:00,0.41785
2018-02-12 10:30:00,0.44737497
2018-02-13 10:30:00,0.48451248
2018-02-14 10:30:00,0.4495
2018-02-15 10:30:00,0.45494998
2018-02-16 10:30:00,0.36772498
2018-02-17 10:30:00,0.35955
2018-02-18 10:30:00,0.4036875
2018-02-19 10:30:00,0.44447502
2018-02-20 10:30:00,0.46505
2018-02-21 10:30:00,0.527275
2018-02-22 10:30:00,0.5168875
2018-02-23 10:30:00,0.43845
2018-02-24 10:30:00,0.40551248
2018-02-25 10:30:00,0.47597498
2018-02-26 10:30:00,0.67198753
2018-02-27 10:30:00,0.6336
2018-02-28 10:30:00,0.7057
2018-03-01 10:30:00,0.503325
2018-03-02 10:30:00,0.44432497
2018-03-03 10:30:00,0.5782125
2018-03-04 10:30:00,0.40641248
2018-03-05 10:30:00,0.39596248
2018-03-06 10:30:00,0.4160125
2018-03-07 10:30:00,0.47507498
2018-03-08 10:30:00,0.4237125
2018-03-09 10:30:00,0.51331246
2018-03-10 10:30:00,0.576025
2018-03-11 10:30:00,0.4993875
2018-03-12 10:30:00,0.54943746
2018-03-13 10:30:00,0.57075
2018-03-14 10:30:00,0.6465375
2018-03-15 10:30:00,0.39138746
2018-03-16 10:30:00,0.33987498
2018-03-17 10:30:00,0.3828125
2018-03-18 10:30:00,0.36291248
2018-03-19 10:30:00,0.258275
2018-03-20 10:30:00,0.39833748
2018-03-21 10:30:00,0.42204997
2018-03-22 10:30:00,0.34255
2018-03-23 10:30:00,0.29521248
2018-03-24 10:30:00,0.280325
2018-03-25 10:30:00,0.2745375
2018-03-26 10:30:00,0.27101249
2018-03-27 10:30:00,0.312675
2018-03-28 10:30:00,0.2800375
2018-03-29 10:30:00,0.2686875
2018-03-30 10:30:00,0.41053748
2018-03-31 10:30:00,0.4907125
2018-04-01 10:30:00,0.2880875
2018-04-02 10:30:00,0.1958125
2018-04-03 10:30:00,0.209225
2018-04-04 10:30:00,0.1618875
2018-04-05 10:30:00,0.4361875
2018-04-06 10:30:00,0.25786248
2018-04-07 10:30:00,0.22323748
2018-04-08 10:30:00,0.250275
2018-04-09 10:30:00,0.278
2018-04-10 10:30:00,0.45401248
2018-04-11 10:30:00,0.278225
2018-04-12 10:30:00,0.267775
2018-04-13 10:30:00,0.71117496
2018-04-14 10:30:00,0.75372493
2018-04-15 10:30:00,0.38884997
2018-04-16 10:30:00,0.2008625
2018-04-17 10:30:00,0.3625875
2018-04-18 10:30:00,0.5000875
2018-04-19 10:30:00,0.35517496
2018-04-20 10:30:00,0.7358875
2018-04-21 10:30:00,0.6129375
2018-04-22 10:30:00,0.47822496
2018-04-23 10:30:00,0.456875
2018-04-24 10:30:00,0.30567497
2018-04-25 10:30:00,0.26045
2018-04-26 10:30:00,0.332225
2018-04-27 10:30:00,0.299725
2018-04-28 10:30:00,0.38873747
2018-04-29 10:30:00,0.38415
2018-04-30 10:30:00,0.42881247
2018-05-01 10:30:00,0.504625
2018-05-02 10:30:00,0.4509125
2018-05-03 10:30:00,0.308375
2018-05-04 10:30:00,0.2287125
2018-05-05 10:30:00,0.1695375
2018-05-06 10:30:00,0.33509997
2018-05-07 10:30:00,0.4543
2018-05-08 10:30:00,0.39096248
2018-05-09 10:30:00,0.2536875
2018-05-10 10:30:00,0.42088747
2018-05-11 10:30:00,0.3096375
2018-05-12 10:30:00,0.30719998
2018-05-13 10:30:00,0.46147498
2018-05-14 10:30:00,0.3132875
2018-05-15 10:30:00,0.60412496
2018-05-16 10:30:00,0.6256375
2018-05-17 10:30:00,0.452275
2018-05-18 10:30:00,0.39736247
2018-05-19 10:30:00,0.2473125
2018-05-20 10:30:00,0.609675
2018-05-21 10:30:00,0.515875
2018-05-22 10:30:00,0.6999125
2018-05-23 10:30:00,0.52145
2018-05-24 10:30:00,0.52155
2018-05-25 10:30:00,0.4341
2018-05-26 10:30:00,0.55315
2018-05-27 10:30:00,0.6968
2018-05-28 10:30:00,0.80184996
2018-05-29 10:30:00,0.83326244
2018-05-30 10:30:00,0.57107496
2018-05-31 10:30:00,0.35973752
2018-06-01 10:30:00,0.20375
2018-06-02 10:30:00,0.19802499
2018-06-03 10:30:00,0.35192502
2018-06-04 10:30:00,0.5924625
2018-06-05 10:30:00,0.51715
2018-06-06 10:30:00,0.5775375
2018-06-07 10:30:00,0.64761245
2018-06-08 10:30:00,0.5358875
2018-06-09 10:30:00,0.5671
2018-06-10 10:30:00,0.55838746
2018-06-11 10:30:00,0.6905625
2018-06-12 10:30:00,0.75826246
2018-06-13 10:30:00,0.76595
2018-06-14 10:30:00,0.756025
2018-06-15 10:30:00,0.83121246
2018-06-16 10:30:00,0.6072125
2018-06-17 10:30:00,0.51581246
2018-06-18 10:30:00,0.71437496
2018-06-19 10:30:00,0.481225
2018-06-20 10:30:00,0.5311875
2018-06-21 10:30:00,0.43345
2018-06-22 10:30:00,0.5111
2018-06-23 10:30:00,0.50581247
2018-06-24 10:30:00,0.7001125
2018-06-25 10:30:00,0.825975
2018-06-26 10:30:00,0.7243125
2018-06-27 10:30:00,0.7174125
2018-06-28 10:30:00,0.55022496
2018-06-29 10:30:00,0.5279
2018-06-30 10:30:00,0.537025
2018-07-01 10:30:00,0.56233746
2018-07-02 10:30:00,0.564775
2018-07-03 10:30:00,0.719925
2018-07-04 10:30:00,0.93363744
2018-07-05 10:30:00,0.887375
2018-07-06 10:30:00,0.78269994
2018-07-07 10:30:00,0.94803745
2018-07-08 10:30:00,0.7019625
2018-07-09 10:30:00,0.7113
2018-07-10 10:30:00,0.7778125
2018-07-11 10:30:00,0.8877624
2018-07-12 10:30:00,0.67915
2018-07-13 10:30:00,0.61211246
2018-07-14 10:30:00,0.61948746
2018-07-15 10:30:00,0.62627494
2018-07-16 10:30:00,0.9111375
2018-07-17 10:30:00,0.87952495
2018-07-18 10:30:00,0.80771244
2018-07-19 10:30:00,0.725225
2018-07-20 10:30:00,0.872175
2018-07-21 10:30:00,0.9004375
2018-07-22 10:30:00,0.68612504
2018-07-23 10:30:00,0.632225
2018-07-24 10:30:00,0.88586247
2018-07-25 10:30:00,0.87761253
2018-07-26 10:30:00,0.7840625
2018-07-27 10:30:00,0.8172625
2018-07-28 10:30:00,0.7974375
2018-07-29 10:30:00,0.7294
2018-07-30 10:30:00,0.87
2018-07-31 10:30:00,0.6310875
2018-08-01 10:30:00,0.680875
2018-08-02 10:30:00,0.7343875
2018-08-03 10:30:00,0.74812496
2018-08-04 10:30:00,0.917425
2018-08-05 10:30:00,0.8260375
2018-08-06 10:30:00,0.83068746
2018-08-07 10:30:00,0.866425
2018-08-08 10:30:00,0.70129997
2018-08-09 10:30:00,0.69589996
2018-08-10 10:30:00,0.63967496
2018-08-11 10:30:00,0.8476
2018-08-12 10:30:00,0.86992496
2018-08-13 10:30:00,0.97741246
2018-08-14 10:30:00,0.9752625
2018-08-15 10:30:00,0.82645005
2018-08-16 10:30:00,0.77639997
2018-08-17 10:30:00,0.79272497
2018-08-18 10:30:00,0.6731875
2018-08-19 10:30:00,0.691175
2018-08-20 10:30:00,0.7808875
2018-08-21 10:30:00,0.606325
2018-08-22 10:30:00,0.69275
2018-08-23 10:30:00,0.72051245
2018-08-24 10:30:00,0.7489125
2018-08-25 10:30:00,0.92521244
2018-08-26 10:30:00,0.79065
2018-08-27 10:30:00,0.77345
2018-08-28 10:30:00,0.959175
2018-08-29 10:30:00,0.849225
2018-08-30 10:30:00,0.8985125
2018-08-31 10:30:00,0.74957496
2018-09-01 10:30:00,0.7636374
2018-09-02 10:30:00,0.84046245
2018-09-03 10:30:00,0.6509375
2018-09-04 10:30:00,0.6431375
2018-09-05 10:30:00,0.7234625
2018-09-06 10:30:00,0.53358746
2018-09-07 10:30:00,0.70129997
2018-09-08 10:30:00,0.629625
2018-09-09 10:30:00,0.705125
2018-09-10 10:30:00,0.67701244
2018-09-11 10:30:00,0.6549624
2018-09-12 10:30:00,0.60711247
2018-09-13 10:30:00,0.58152497
2018-09-14 10:30:00,0.6606749
2018-09-15 10:30:00,0.47388747
2018-09-16 10:30:00,0.5406875
2018-09-17 10:30:00,0.53065
2018-09-18 10:30:00,0.64059997
2018-09-19 10:30:00,0.6362875
2018-09-20 10:30:00,0.458775
2018-09-21 10:30:00,0.6343875
2018-09-22 10:30:00,0.7429875
2018-09-23 10:30:00,0.66513747
2018-09-24 10:30:00,0.5997125
2018-09-25 10:30:00,0.5579625
2018-09-26 10:30:00,0.52897495
2018-09-27 10:30:00,0.4778125
2018-09-28 10:30:00,0.73895
2018-09-29 10:30:00,0.9949375
2018-09-30 10:30:00,0.96995
2018-10-01 10:30:00,0.5765375
2018-10-02 10:30:00,0.601975
2018-10-03 10:30:00,0.6171875
2018-10-04 10:30:00,0.55983746
2018-10-05 10:30:00,0.3512625
2018-10-06 10:30:00,0.45392498
2018-10-07 10:30:00,0.613675
2018-10-08 10:30:00,0.5540625
2018-10-09 10:30:00,0.63467497
2018-10-10 10:30:00,0.623025
2018-10-11 10:30:00,0.53765
2018-10-12 10:30:00,0.43031248
2018-10-13 10:30:00,0.4033375
2018-10-14 10:30:00,0.46557498
2018-10-15 10:30:00,0.4127125
2018-10-16 10:30:00,0.43259996
2018-10-17 10:30:00,0.49322498
2018-10-18 10:30:00,0.34191248
2018-10-19 10:30:00,0.4447625
2018-10-20 10:30:00,0.34501252
2018-10-21 10:30:00,0.584175
2018-10-22 10:30:00,0.42053747
2018-10-23 10:30:00,0.583525
2018-10-24 10:30:00,0.5354375
2018-10-25 10:30:00,0.7668125
2018-10-26 10:30:00,0.5898
2018-10-27 10:30:00,0.4013375
2018-10-28 10:30:00,0.41041252
2018-10-29 10:30:00,0.54026246
2018-10-30 10:30:00,0.527425
2018-10-31 10:30:00,0.47195
2018-11-01 10:30:00,0.5074
2018-11-02 10:30:00,0.38615
2018-11-03 10:30:00,0.5886375
2018-11-04 10:30:00,0.44915
2018-11-05 10:30:00,0.514875
2018-11-06 10:30:00,0.44933748
2018-11-07 10:30:00,0.483925
2018-11-08 10:30:00,0.6482875
2018-11-09 10:30:00,0.5673125
2018-11-10 10:30:00,0.4672
2018-11-11 10:30:00,0.56673753
2018-11-12 10:30:00,0.605025
2018-11-13 10:30:00,0.65729994
2018-11-14 10:30:00,0.5193375
2018-11-15 10:30:00,0.35888746
2018-11-16 10:30:00,0.35326248
2018-11-17 10:30:00,0.484075
2018-11-18 10:30:00,0.49650002
2018-11-19 10:30:00,0.4830625
2018-11-20 10:30:00,0.45748746
2018-11-21 10:30:00,0.3767375
2018-11-22 10:30:00,0.4680375
2018-11-23 10:30:00,0.39901248
2018-11-24 10:30:00,0.388875
2018-11-25 10:30:00,0.349
2018-11-26 10:30:00,0.294875
2018-11-27 10:30:00,0.32138747
2018-11-28 10:30:00,0.4108625
2018-11-29 10:30:00,0.40806252
2018-11-30 10:30:00,0.39228746
2018-12-01 10:30:00,0.3368875
2018-12-02 10:30:00,0.3444125
2018-12-03 10:30:00,0.3560125
2018-12-04 10:30:00,0.379225
2018-12-05 10:30:00,0.37645
2018-12-06 10:30:00,0.3726
2018-12-07 10:30:00,0.3684375
2018-12-08 10:30:00,0.38768747
2018-12-09 10:30:00,0.5374
2018-12-10 10:30:00,0.5660875
2018-12-11 10:30:00,0.519475
2018-12-12 10:30:00,0.6129375
2018-12-13 10:30:00,0.5179
2018-12-14 10:30:00,0.597775
2018-12-15 10:30:00,0.47242498
2018-12-16 10:30:00,0.5074125
2018-12-17 10:30:00,0.511975
2018-12-18 10:30:00,0.5436375
2018-12-19 10:30:00,0.56764996
2018-12-20 10:30:00,0.63224995
2018-12-21 10:30:00,0.6157
2018-12-22 10:30:00,0.379625
2018-12-23 10:30:00,0.366475
2018-12-24 10:30:00,0.4023625
2018-12-25 10:30:00,0.3137
2018-12-26 10:30:00,0.3488125
2018-12-27 10:30:00,0.36915
2018-12-28 10:30:00,0.39154997
2018-12-29 10:30:00,0.3972375
2018-12-30 10:30:00,0.457725
2018-12-31 10:30:00,0.40406248
2019-01-01 10:30:00,0.4057
2019-01-02 10:30:00,0.424875
2019-01-03 10:30:00,0.468875
2019-01-04 10:30:00,0.40362498
2019-01-05 10:30:00,0.4175875
2019-01-06 10:30:00,0.45706248
2019-01-07 10:30:00,0.4320875
2019-01-08 10:30:00,0.3130875
2019-01-09 10:30:00,0.3144375
2019-01-10 10:30:00,0.5002875
2019-01-11 10:30:00,0.57474995
2019-01-12 10:30:00,0.59215
2019-01-13 10:30:00,0.55372494
2019-01-14 10:30:00,0.43882498
2019-01-15 10:30:00,0.346
2019-01-16 10:30:00,0.4831625
2019-01-17 10:30:00,0.56584996
2019-01-18 10:30:00,0.47617498
2019-01-19 10:30:00,0.4660875
2019-01-20 10:30:00,0.36069998
2019-01-21 10:30:00,0.358475
2019-01-22 10:30:00,0.4150875
2019-01-23 10:30:00,0.364275
2019-01-24 10:30:00,0.41612497
2019-01-25 10:30:00,0.414775
2019-01-26 10:30:00,0.34794998
2019-01-27 10:30:00,0.44152498
2019-01-28 10:30:00,0.387775
2019-01-29 10:30:00,0.33785
2019-01-30 10:30:00,0.3485625
2019-01-31 10:30:00,0.32275
2019-02-01 10:30:00,0.26229998
2019-02-02 10:30:00,0.33642498
2019-02-03 10:30:00,0.35268748
2019-02-04 10:30:00,0.38287497
2019-02-05 10:30:00,0.34126252
2019-02-06 10:30:00,0.321325
2019-02-07 10:30:00,0.3057875
2019-02-08 10:30:00,0.340125
2019-02-09 10:30:00,0.38631248
2019-02-10 10:30:00,0.37877497
2019-02-11 10:30:00,0.3646375
2019-02-12 10:30:00,0.31472498
2019-02-13 10:30:00,0.30424997
2019-02-14 10:30:00,0.288875
2019-02-15 10:30:00,0.2852875
2019-02-16 10:30:00,0.31608748
2019-02-17 10:30:00,0.2653
2019-02-18 10:30:00,0.20040001
2019-02-19 10:30:00,0.344025
2019-02-20 10:30:00,0.2721125
2019-02-21 10:30:00,0.304
2019-02-22 10:30:00,0.4041
2019-02-23 10:30:00,0.2932
2019-02-24 10:30:00,0.32889998
2019-02-25 10:30:00,0.46127498
2019-02-26 10:30:00,0.3743
2019-02-27 10:30:00,0.3824375
2019-02-28 10:30:00,0.3438375
2019-03-01 10:30:00,0.289
2019-03-02 10:30:00,0.2893875
2019-03-03 10:30:00,0.40785
2019-03-04 10:30:00,0.3007625
2019-03-05 10:30:00,0.44485
2019-03-06 10:30:00,0.35713747
2019-03-07 10:30:00,0.2647
2019-03-08 10:30:00,0.18327498
2019-03-09 10:30:00,0.2674
2019-03-10 10:30:00,0.22165
2019-03-11 10:30:00,0.290675
2019-03-12 10:30:00,0.2670625
2019-03-13 10:30:00,0.343725
2019-03-14 10:30:00,0.380125
2019-03-15 10:30:00,0.4287125
2019-03-16 10:30:00,0.5084375
2019-03-17 10:30:00,0.29705
2019-03-18 10:30:00,0.2489875
2019-03-19 10:30:00,0.2732625
2019-03-20 10:30:00,0.61663747
2019-03-21 10:30:00,0.3370875
2019-03-22 10:30:00,0.3222875
2019-03-23 10:30:00,0.287775
2019-03-24 10:30:00,0.2716375
2019-03-25 10:30:00,0.13922499
2019-03-26 10:30:00,0.26093748
2019-03-27 10:30:00,0.1663375
2019-03-28 10:30:00,0.242725
2019-03-29 10:30:00,0.45038748
2019-03-30 10:30:00,0.2649
2019-03-31 10:30:00,0.24851249
2019-04-01 10:30:00,0.22954999
2019-04-02 10:30:00,0.1809125
2019-04-03 10:30:00,0.1797375
2019-04-04 10:30:00,0.364875
2019-04-05 10:30:00,0.2641875
2019-04-06 10:30:00,0.34802496
2019-04-07 10:30:00,0.3939625
2019-04-08 10:30:00,0.4123875
2019-04-09 10:30:00,0.253575
2019-04-10 10:30:00,0.19456251
2019-04-11 10:30:00,0.17525
2019-04-12 10:30:00,0.11915
2019-04-13 10:30:00,0.269175
2019-04-14 10:30:00,0.22829999
2019-04-15 10:30:00,0.1064375
2019-04-16 10:30:00,0.12841249
2019-04-17 10:30:00,0.462275
2019-04-18 10:30:00,0.21993749
2019-04-19 10:30:00,0.12753749
2019-04-20 10:30:00,0.1328
2019-04-21 10:30:00,0.125775
2019-04-22 10:30:00,0.1853625
2019-04-23 10:30:00,0.12198749
2019-04-24 10:30:00,0.219225
2019-04-25 10:30:00,0.203375
2019-04-26 10:30:00,0.12352499
2019-04-27 10:30:00,0.1218375
2019-04-28 10:30:00,0.26802498
2019-04-29 10:30:00,0.30449998
2019-04-30 10:30:00,0.2193375
2019-05-01 10:30:00,0.19202499
2019-05-02 10:30:00,0.20303749
2019-05-03 10:30:00,0.13805
2019-05-04 10:30:00,0.516925
2019-05-05 10:30:00,0.26705
2019-05-06 10:30:00,0.17325
2019-05-07 10:30:00,0.1779875
2019-05-08 10:30:00,0.2105125
2019-05-09 10:30:00,0.24627498
2019-05-10 10:30:00,0.30703747
2019-05-11 10:30:00,0.450875
2019-05-12 10:30:00,0.6015125
2019-05-13 10:30:00,0.7440875
2019-05-14 10:30:00,0.5851625
2019-05-15 10:30:00,0.42
2019-05-16 10:30:00,0.2490625
2019-05-17 10:30:00,0.2864625
2019-05-18 10:30:00,0.2504125
2019-05-19 10:30:00,0.9265625
2019-05-20 10:30:00,0.363975
2019-05-21 10:30:00,0.44774997
2019-05-22 10:30:00,0.36361247
2019-05-23 10:30:00,0.48263747
2019-05-24 10:30:00,0.3763375
2019-05-25 10:30:00,0.42025
2019-05-26 10:30:00,0.677275
2019-05-27 10:30:00,0.28059998
2019-05-28 10:30:00,0.2189125
2019-05-29 10:30:00,0.27019998
2019-05-30 10:30:00,0.51565003
2019-05-31 10:30:00,0.5785
2019-06-01 10:30:00,0.45427498
2019-06-02 10:30:00,0.568825
2019-06-03 10:30:00,0.5233375
2019-06-04 10:30:00,0.500625
2019-06-05 10:30:00,0.435475
2019-06-06 10:30:00,0.646125
2019-06-07 10:30:00,0.81326246
2019-06-08 10:30:00,0.8631625
2019-06-09 10:30:00,0.81105
2019-06-10 10:30:00,0.7008125
2019-06-11 10:30:00,0.6472875
2019-06-12 10:30:00,0.6574625
2019-06-13 10:30:00,0.42291248
2019-06-14 10:30:00,0.603575
2019-06-15 10:30:00,0.5483625
2019-06-16 10:30:00,0.503075
2019-06-17 10:30:00,0.39694998
2019-06-18 10:30:00,0.490125
2019-06-19 10:30:00,0.4666125
2019-06-20 10:30:00,0.594075
2019-06-21 10:30:00,0.47562498
2019-06-22 10:30:00,0.52779996
2019-06-23 10:30:00,0.43928748
2019-06-24 10:30:00,0.396775
2019-06-25 10:30:00,0.8232374
2019-06-26 10:30:00,0.7982875
2019-06-27 10:30:00,0.7614875
2019-06-28 10:30:00,0.80842495
2019-06-29 10:30:00,0.7863375
2019-06-30 10:30:00,0.757125
2019-07-01 10:30:00,0.62254995
2019-07-02 10:30:00,0.658925
2019-07-03 10:30:00,0.6669625
2019-07-04 10:30:00,0.61596245
2019-07-05 10:30:00,0.82067496
2019-07-06 10:30:00,0.9000499
2019-07-07 10:30:00,0.7207125
2019-07-08 10:30:00,0.7444625
2019-07-09 10:30:00,0.7712
2019-07-10 10:30:00,0.7308625
2019-07-11 10:30:00,0.81013745
2019-07-12 10:30:00,0.8551625
2019-07-13 10:30:00,0.782525
2019-07-14 10:30:00,0.726525
2019-07-15 10:30:00,0.71727496
2019-07-16 10:30:00,0.801875
2019-07-17 10:30:00,0.68982494
2019-07-18 10:30:00,0.657225
2019-07-19 10:30:00,0.67066246
2019-07-20 10:30:00,0.822575
2019-07-21 10:30:00,0.656625
2019-07-22 10:30:00,0.6667625
2019-07-23 10:30:00,0.8245125
2019-07-24 10:30:00,0.82385
2019-07-25 10:30:00,0.72505
2019-07-26 10:30:00,0.6299
2019-07-27 10:30:00,0.8462625
2019-07-28 10:30:00,0.68053746
2019-07-29 10:30:00,0.6359875
2019-07-30 10:30:00,0.75186247
2019-07-31 10:30:00,0.6587
2019-08-01 10:30:00,0.6754625
2019-08-02 10:30:00,0.6774875
2019-08-03 10:30:00,0.628525
2019-08-04 10:30:00,0.61635
2019-08-05 10:30:00,0.71615
2019-08-06 10:30:00,0.9140875
2019-08-07 10:30:00,0.841275
2019-08-08 10:30:00,0.890475
2019-08-09 10:30:00,0.85545
2019-08-10 10:30:00,0.90625
2019-08-11 10:30:00,0.8489625
2019-08-12 10:30:00,0.8374624
2019-08-13 10:30:00,0.7643125
2019-08-14 10:30:00,0.6957374
2019-08-15 10:30:00,0.743975
2019-08-16 10:30:00,0.74311244
2019-08-17 10:30:00,0.72809994
2019-08-18 10:30:00,0.77489996
2019-08-19 10:30:00,0.7192375
2019-08-20 10:30:00,0.77305
2019-08-21 10:30:00,0.60635
2019-08-22 10:30:00,0.775175
2019-08-23 10:30:00,0.8181625
2019-08-24 10:30:00,0.7798875
2019-08-25 10:30:00,0.77858746
2019-08-26 10:30:00,0.82676244
2019-08-27 10:30:00,0.7150125
2019-08-28 10:30:00,0.7944625
2019-08-29 10:30:00,0.8122875
2019-08-30 10:30:00,0.68592495
2019-08-31 10:30:00,0.6888125
2019-09-01 10:30:00,0.596925
2019-09-02 10:30:00,0.74305
2019-09-03 10:30:00,0.75355
2019-09-04 10:30:00,0.5646125
2019-09-05 10:30:00,0.68223745
2019-09-06 10:30:00,0.73601246
2019-09-07 10:30:00,0.7391375
2019-09-08 10:30:00,0.5519
2019-09-09 10:30:00,0.5404875
2019-09-10 10:30:00,0.612
2019-09-11 10:30:00,0.585525
2019-09-12 10:30:00,0.43776247
2019-09-13 10:30:00,0.6299
2019-09-14 10:30:00,0.49635002
2019-09-15 10:30:00,0.4401625
2019-09-16 10:30:00,0.4366875
2019-09-17 10:30:00,0.46011248
2019-09-18 10:30:00,0.40495
2019-09-19 10:30:00,0.6410875
2019-09-20 10:30:00,0.6364
2019-09-21 10:30:00,0.52537495
2019-09-22 10:30:00,0.5309375
2019-09-23 10:30:00,0.43987498
2019-09-24 10:30:00,0.39712498
2019-09-25 10:30:00,0.50339997
2019-09-26 10:30:00,0.3881375
2019-09-27 10:30:00,0.292725
2019-09-28 10:30:00,0.314975
2019-09-29 10:30:00,0.40081248
2019-09-30 10:30:00,0.5043875
2019-10-01 10:30:00,0.3975125
2019-10-02 10:30:00,0.64586246
2019-10-03 10:30:00,0.770575
2019-10-04 10:30:00,0.47242498
2019-10-05 10:30:00,0.5291875
2019-10-06 10:30:00,0.4043875
2019-10-07 10:30:00,0.4411375
2019-10-08 10:30:00,0.54475
2019-10-09 10:30:00,0.385825
2019-10-10 10:30:00,0.34772497
2019-10-11 10:30:00,0.3376375
2019-10-12 10:30:00,0.3591875
2019-10-13 10:30:00,0.3302125
2019-10-14 10:30:00,0.3127
2019-10-15 10:30:00,0.29521248
2019-10-16 10:30:00,0.48
2019-10-17 10:30:00,0.3414375
2019-10-18 10:30:00,0.45845
2019-10-19 10:30:00,0.5675125
2019-10-20 10:30:00,0.5212375
2019-10-21 10:30:00,0.43185002
2019-10-22 10:30:00,0.45308748
2019-10-23 10:30:00,0.42755
2019-10-24 10:30:00,0.78505003
2019-10-25 10:30:00,0.592725
2019-10-26 10:30:00,0.6982125
2019-10-27 10:30:00,0.65365
2019-10-28 10:30:00,0.516575
2019-10-29 10:30:00,0.44027498
2019-10-30 10:30:00,0.4117375
2019-10-31 10:30:00,0.3140875
2019-11-01 10:30:00,0.377275
2019-11-02 10:30:00,0.52818745
2019-11-03 10:30:00,0.5529375
2019-11-04 10:30:00,0.41555
2019-11-05 10:30:00,0.367475
2019-11-06 10:30:00,0.4646875
2019-11-07 10:30:00,0.423475
2019-11-08 10:30:00,0.54306245
2019-11-09 10:30:00,0.6187125
2019-11-10 10:30:00,0.537025
2019-11-11 10:30:00,0.35805
2019-11-12 10:30:00,0.7436125
2019-11-13 10:30:00,0.501625
2019-11-14 10:30:00,0.539
2019-11-15 10:30:00,0.511975
2019-11-16 10:30:00,0.4603125
2019-11-17 10:30:00,0.506625
2019-11-18 10:30:00,0.429825
2019-11-19 10:30:00,0.44843748
2019-11-20 10:30:00,0.503675
2019-11-21 10:30:00,0.5318875
2019-11-22 10:30:00,0.4563
2019-11-23 10:30:00,0.435625
2019-11-24 10:30:00,0.4317375
2019-11-25 10:30:00,0.3488875
2019-11-26 10:30:00,0.3912625
2019-11-27 10:30:00,0.3993875
2019-11-28 10:30:00,0.42339998
2019-11-29 10:30:00,0.50115
2019-11-30 10:30:00,0.6024375
2019-12-01 10:30:00,0.5197875
2019-12-02 10:30:00,0.40206248
2019-12-03 10:30:00,0.3423875
2019-12-04 10:30:00,0.37257499
2019-12-05 10:30:00,0.40606248
2019-12-06 10:30:00,0.535875
2019-12-07 10:30:00,0.54443747
2019-12-08 10:30:00,0.61452496
2019-12-09 10:30:00,0.6384875
2019-12-10 10:30:00,0.626625
2019-12-11 10:30:00,0.57519996
2019-12-12 10:30:00,0.6059
2019-12-13 10:30:00,0.5732375
2019-12-14 10:30:00,0.590625
2019-12-15 10:30:00,0.597225
2019-12-16 10:30:00,0.56093746
2019-12-17 10:30:00,0.535225
2019-12-18 10:30:00,0.5380875
2019-12-19 10:30:00,0.5575875
2019-12-20 10:30:00,0.5385875
2019-12-21 10:30:00,0.60445
2019-12-22 10:30:00,0.5934
2019-12-23 10:30:00,0.5831125
2019-12-24 10:30:00,0.64756244
2019-12-25 10:30:00,0.54099995
2019-12-26 10:30:00,0.5849375
2019-12-27 10:30:00,0.556125
2019-12-28 10:30:00,0.65607494
2019-12-29 10:30:00,0.6250125
2019-12-30 10:30:00,0.47318748
2019-12-31 10:30:00,0.4777125
2020-01-01 10:30:00,0.5913625
2020-01-02 10:30:00,0.553175
2020-01-03 10:30:00,0.59845
2020-01-04 10:30:00,0.66491246
2020-01-05 10:30:00,0.6811
2020-01-06 10:30:00,0.6856875
2020-01-07 10:30:00,0.671825
2020-01-08 10:30:00,0.6272875
2020-01-09 10:30:00,0.6892625
2020-01-10 10:30:00,0.6074875
2020-01-11 10:30:00,0.620725
2020-01-12 10:30:00,0.5776375
2020-01-13 10:30:00,0.6318375
2020-01-14 10:30:00,0.66735
2020-01-15 10:30:00,0.61522496
2020-01-16 10:30:00,0.6108
2020-01-17 10:30:00,0.67052495
2020-01-18 10:30:00,0.72491246
2020-01-19 10:30:00,0.68413746
2020-01-20 10:30:00,0.6331125
2020-01-21 10:30:00,0.59354997
2020-01-22 10:30:00,0.60781246
2020-01-23 10:30:00,0.52771246
2020-01-24 10:30:00,0.6314
2020-01-25 10:30:00,0.6732375
2020-01-26 10:30:00,0.667825
2020-01-27 10:30:00,0.7466625
2020-01-28 10:30:00,0.71927494
2020-01-29 10:30:00,0.71988744
2020-01-30 10:30:00,0.7419
2020-01-31 10:30:00,0.633
2020-02-01 10:30:00,0.44785
2020-02-02 10:30:00,0.50583744
2020-02-03 10:30:00,0.510975
2020-02-04 10:30:00,0.48997498
2020-02-05 10:30:00,0.5371125
2020-02-06 10:30:00,0.46135002
2020-02-07 10:30:00,0.6078625
2020-02-08 10:30:00,0.6129125
2020-02-09 10:30:00,0.640525
2020-02-10 10:30:00,0.711125
2020-02-11 10:30:00,0.5258625
2020-02-12 10:30:00,0.67139995
2020-02-13 10:30:00,0.796075
2020-02-14 10:30:00,0.6724875
2020-02-15 10:30:00,0.5520125
2020-02-16 10:30:00,0.55805
2020-02-17 10:30:00,0.49560001
2020-02-18 10:30:00,0.520375
2020-02-19 10:30:00,0.568775
2020-02-20 10:30:00,0.612
2020-02-21 10:30:00,0.63871247
2020-02-22 10:30:00,0.5209625
2020-02-23 10:30:00,0.54475
2020-02-24 10:30:00,0.5497625
2020-02-25 10:30:00,0.5057125
2020-02-26 10:30:00,0.5765
2020-02-27 10:30:00,0.45631248
2020-02-28 10:30:00,0.628775
2020-02-29 10:30:00,0.5856625
2020-03-01 10:30:00,0.6244625
2020-03-02 10:30:00,0.5830875
2020-03-03 10:30:00,0.75105
2020-03-04 10:30:00,0.57801247
2020-03-05 10:30:00,0.5566875
2020-03-06 10:30:00,0.66295
2020-03-07 10:30:00,0.5266875
2020-03-08 10:30:00,0.48018748
2020-03-09 10:30:00,0.38505
2020-03-10 10:30:00,0.60069996
2020-03-11 10:30:00,0.4698375
2020-03-12 10:30:00,0.29021248
2020-03-13 10:30:00,0.531875
2020-03-14 10:30:00,0.4069
2020-03-15 10:30:00,0.32193747
2020-03-16 10:30:00,0.502775
2020-03-17 10:30:00,0.4341375
2020-03-18 10:30:00,0.46406248
2020-03-19 10:30:00,0.41202497
2020-03-20 10:30:00,0.41988748
2020-03-21 10:30:00,0.38483748
2020-03-22 10:30:00,0.539925
2020-03-23 10:30:00,0.39841247
2020-03-24 10:30:00,0.32588747
2020-03-25 10:30:00,0.2835375
2020-03-26 10:30:00,0.2769875
2020-03-27 10:30:00,0.3342625
2020-03-28 10:30:00,0.32087502
2020-03-29 10:30:00,0.2496125
2020-03-30 10:30:00,0.219625
2020-03-31 10:30:00,0.2329875
2020-04-01 10:30:00,0.17887498
2020-04-02 10:30:00,0.21352498
2020-04-03 10:30:00,0.2269125
2020-04-04 10:30:00,0.22263749
2020-04-05 10:30:00,0.261975
2020-04-06 10:30:00,0.2496125
2020-04-07 10:30:00,0.3527
2020-04-08 10:30:00,0.3339125
2020-04-09 10:30:00,0.3276125
2020-04-10 10:30:00,0.20549999
2020-04-11 10:30:00,0.2037375
2020-04-12 10:30:00,0.13591251
2020-04-13 10:30:00,0.136425
2020-04-14 10:30:00,0.2609
2020-04-15 10:30:00,0.21868749
2020-04-16 10:30:00,0.5335125
2020-04-17 10:30:00,0.27946252
2020-04-18 10:30:00,0.155975
2020-04-19 10:30:00,0.67896247
2020-04-20 10:30:00,0.5743125
2020-04-21 10:30:00,0.6367
2020-04-22 10:30:00,0.37595
2020-04-23 10:30:00,0.38928747
2020-04-24 10:30:00,0.698725
2020-04-25 10:30:00,0.6861625
2020-04-26 10:30:00,0.4465375
2020-04-27 10:30:00,0.28425
2020-04-28 10:30:00,0.57294995
2020-04-29 10:30:00,0.45381248
2020-04-30 10:30:00,0.3041625
2020-05-01 10:30:00,0.306925
2020-05-02 10:30:00,0.3117875
2020-05-03 10:30:00,0.8316125
2020-05-04 10:30:00,0.507475
2020-05-05 10:30:00,0.386025
2020-05-06 10:30:00,0.249875
2020-05-07 10:30:00,0.4023
2020-05-08 10:30:00,0.1884
2020-05-09 10:30:00,0.3993375
2020-05-10 10:30:00,0.4411875
2020-05-11 10:30:00,0.542625
2020-05-12 10:30:00,0.3330875
2020-05-13 10:30:00,0.26326248
2020-05-14 10:30:00,0.2743625
2020-05-15 10:30:00,0.44855
2020-05-16 10:30:00,0.7917625
2020-05-17 10:30:00,0.93141246
2020-05-18 10:30:00,0.5950125
2020-05-19 10:30:00,0.5678
2020-05-20 10:30:00,0.8036
2020-05-21 10:30:00,0.7195375
2020-05-22 10:30:00,0.8094875
2020-05-23 10:30:00,0.73951244
2020-05-24 10:30:00,0.44303748
2020-05-25 10:30:00,0.55193746
2020-05-26 10:30:00,0.6306
2020-05-27 10:30:00,0.5077375
2020-05-28 10:30:00,0.46337497
2020-05-29 10:30:00,0.5701
2020-05-30 10:30:00,0.556125
2020-05-31 10:30:00,0.849075
2020-06-01 10:30:00,0.54695
2020-06-02 10:30:00,0.6126375
2020-06-03 10:30:00,0.74042493
2020-06-04 10:30:00,0.67065
2020-06-05 10:30:00,0.59613746
2020-06-06 10:30:00,0.59021246
2020-06-07 10:30:00,0.7076375
2020-06-08 10:30:00,0.533925
2020-06-09 10:30:00,0.48705
2020-06-10 10:30:00,0.74576247
2020-06-11 10:30:00,0.57107496
2020-06-12 10:30:00,0.6772875
2020-06-13 10:30:00,0.88303745
2020-06-14 10:30:00,0.5125125
2020-06-15 10:30:00,0.548975
2020-06-16 10:30:00,0.52718747
2020-06-17 10:30:00,0.6702875
2020-06-18 10:30:00,0.69536245
2020-06-19 10:30:00,0.76568747
2020-06-20 10:30:00,0.82027495
2020-06-21 10:30:00,0.67402494
2020-06-22 10:30:00,0.9388499
2020-06-23 10:30:00,0.91239995
2020-06-24 10:30:00,0.8685
2020-06-25 10:30:00,0.766325
2020-06-26 10:30:00,0.6300875
2020-06-27 10:30:00,0.601725
2020-06-28 10:30:00,0.69184995
2020-06-29 10:30:00,0.7464375
2020-06-30 10:30:00,0.75
2020-07-01 10:30:00,0.69472504
2020-07-02 10:30:00,0.7221125
2020-07-03 10:30:00,0.7161125
2020-07-04 10:30:00,0.8896
2020-07-05 10:30:00,0.76676255
2020-07-06 10:30:00,0.712375
2020-07-07 10:30:00,0.65489995
2020-07-08 10:30:00,0.59594995
2020-07-09 10:30:00,0.61303747
2020-07-10 10:30:00,0.6455
2020-07-11 10:30:00,0.72862494
2020-07-12 10:30:00,0.79731244
2020-07-13 10:30:00,0.6862625
2020-07-14 10:30:00,0.6572125
2020-07-15 10:30:00,0.6121375
2020-07-16 10:30:00,0.6975875
2020-07-17 10:30:00,0.7286125
2020-07-18 10:30:00,0.7920375
2020-07-19 10:30:00,0.694475
2020-07-20 10:30:00,0.62525
2020-07-21 10:30:00,0.5279125
2020-07-22 10:30:00,0.67293745
2020-07-23 10:30:00,0.5731875
2020-07-24 10:30:00,0.5911
2020-07-25 10:30:00,0.71828747
2020-07-26 10:30:00,0.5986625
2020-07-27 10:30:00,0.6968875
2020-07-28 10:30:00,0.8087875
2020-07-29 10:30:00,0.922075
2020-07-30 10:30:00,0.772825
2020-07-31 10:30:00,0.713425
2020-08-01 10:30:00,0.64895
2020-08-02 10:30:00,0.838625
2020-08-03 10:30:00,0.8434625
2020-08-04 10:30:00,0.74473745
2020-08-05 10:30:00,0.7682125
2020-08-06 10:30:00,0.7950375
2020-08-07 10:30:00,0.84636253
2020-08-08 10:30:00,0.929675
2020-08-09 10:30:00,0.81165
2020-08-10 10:30:00,0.75914997
2020-08-11 10:30:00,0.70936245
2020-08-12 10:30:00,0.693
2020-08-13 10:30:00,0.96857494
2020-08-14 10:30:00,0.7989375
2020-08-15 10:30:00,0.7569249
2020-08-16 10:30:00,0.80169994
2020-08-17 10:30:00,0.8469625
2020-08-18 10:30:00,0.7544625
2020-08-19 10:30:00,0.7516625
2020-08-20 10:30:00,0.69904995
2020-08-21 10:30:00,0.70937496
2020-08-22 10:30:00,0.72631246
2020-08-23 10:30:00,0.8313125
2020-08-24 10:30:00,0.81722504
2020-08-25 10:30:00,0.6644
2020-08-26 10:30:00,0.7279125
2020-08-27 10:30:00,0.914475
2020-08-28 10:30:00,0.94836247
2020-08-29 10:30:00,0.77114993
2020-08-30 10:30:00,0.859575
2020-08-31 10:30:00,0.823525
2020-09-01 10:30:00,0.74442494
2020-09-02 10:30:00,0.7233375
2020-09-03 10:30:00,0.76659995
2020-09-04 10:30:00,0.7579
2020-09-05 10:30:00,0.7299375
2020-09-06 10:30:00,0.73669994
2020-09-07 10:30:00,0.87207496
2020-09-08 10:30:00,0.6907
2020-09-09 10:30:00,0.7611875
2020-09-10 10:30:00,0.6446875
2020-09-11 10:30:00,0.7563125
2020-09-12 10:30:00,0.7595375
2020-09-13 10:30:00,0.7678125
2020-09-14 10:30:00,0.65921247
2020-09-15 10:30:00,0.7857125
2020-09-16 10:30:00,0.891125
2020-09-17 10:30:00,0.6669125
2020-09-18 10:30:00,0.7434625
2020-09-19 10:30:00,0.627875
2020-09-20 10:30:00,0.747375
2020-09-21 10:30:00,0.806775
2020-09-22 10:30:00,0.7168125
2020-09-23 10:30:00,0.579975
2020-09-24 10:30:00,0.65465
2020-09-25 10:30:00,0.7830125
2020-09-26 10:30:00,0.7222
2020-09-27 10:30:00,0.5123375
2020-09-28 10:30:00,0.58085
2020-09-29 10:30:00,0.61123747
2020-09-30 10:30:00,0.6794875
2020-10-01 10:30:00,0.900725
2020-10-02 10:30:00,0.61625
2020-10-03 10:30:00,0.6266125
2020-10-04 10:30:00,0.5873375
2020-10-05 10:30:00,0.60666245
2020-10-06 10:30:00,0.5845125
2020-10-07 10:30:00,0.592275
2020-10-08 10:30:00,0.551075
2020-10-09 10:30:00,0.57164997
2020-10-10 10:30:00,0.34521252
2020-10-11 10:30:00,0.45833752
2020-10-12 10:30:00,0.497975
2020-10-13 10:30:00,0.54015
2020-10-14 10:30:00,0.43476248
2020-10-15 10:30:00,0.4005625
2020-10-16 10:30:00,0.47402498
2020-10-17 10:30:00,0.5150875
2020-10-18 10:30:00,0.49496248
2020-10-19 10:30:00,0.46234998
2020-10-20 10:30:00,0.35596249
2020-10-21 10:30:00,0.519475
2020-10-22 10:30:00,0.4722
2020-10-23 10:30:00,0.4662875
2020-10-24 10:30:00,0.5084125
2020-10-25 10:30:00,0.573825
2020-10-26 10:30:00,0.4899625
2020-10-27 10:30:00,0.35845
2020-10-28 10:30:00,0.38228747
2020-10-29 10:30:00,0.5778125
2020-10-30 10:30:00,0.33665
2020-10-31 10:30:00,0.56663746
2020-11-01 10:30:00,0.5230375
2020-11-02 10:30:00,0.44103748
2020-11-03 10:30:00,0.37772498
2020-11-04 10:30:00,0.4895
2020-11-05 10:30:00,0.42775
2020-11-06 10:30:00,0.427275
2020-11-07 10:30:00,0.52055
2020-11-08 10:30:00,0.45114997
2020-11-09 10:30:00,0.54069996
2020-11-10 10:30:00,0.53456247
2020-11-11 10:30:00,0.4244125
2020-11-12 10:30:00,0.497425
2020-11-13 10:30:00,0.47221252
2020-11-14 10:30:00,0.4289875
2020-11-15 10:30:00,0.4924375
2020-11-16 10:30:00,0.53608745
2020-11-17 10:30:00,0.6647
2020-11-18 10:30:00,0.6093375
2020-11-19 10:30:00,0.40583748
2020-11-20 10:30:00,0.50565
2020-11-21 10:30:00,0.519525
2020-11-22 10:30:00,0.5172875
2020-11-23 10:30:00,0.6464375
2020-11-24 10:30:00,0.66045
2020-11-25 10:30:00,0.5834375
2020-11-26 10:30:00,0.5558
2020-11-27 10:30:00,0.53208745
2020-11-28 10:30:00,0.5925625
2020-11-29 10:30:00,0.5927875
2020-11-30 10:30:00,0.59725
2020-12-01 10:30:00,0.59143746
2020-12-02 10:30:00,0.56308746
2020-12-03 10:30:00,0.5136
2020-12-04 10:30:00,0.51835
2020-12-05 10:30:00,0.492575
2020-12-06 10:30:00,0.55742496
2020-12-07 10:30:00,0.4647375
2020-12-08 10:30:00,0.4763625
2020-12-09 10:30:00,0.46319997
2020-12-10 10:30:00,0.58075
2020-12-11 10:30:00,0.46353748
2020-12-12 10:30:00,0.5220875
2020-12-13 10:30:00,0.463375
2020-12-14 10:30:00,0.44392502
2020-12-15 10:30:00,0.44103748
2020-12-16 10:30:00,0.48599997
2020-12-17 10:30:00,0.489
2020-12-18 10:30:00,0.4294875
2020-12-19 10:30:00,0.54284996
2020-12-20 10:30:00,0.49406248
2020-12-21 10:30:00,0.4656375
2020-12-22 10:30:00,0.5943125
2020-12-23 10:30:00,0.61887497
2020-12-24 10:30:00,0.59915
2020-12-25 10:30:00,0.5777
2020-12-26 10:30:00,0.6597375
2020-12-27 10:30:00,0.5633125
2020-12-28 10:30:00,0.5208
2020-12-29 10:30:00,0.4691875
2020-12-30 10:30:00,0.5006625
2020-12-31 10:30:00,0.4915
2021-01-01 10:30:00,0.4534875
2021-01-02 10:30:00,0.5172375
2021-01-03 10:30:00,0.50645
2021-01-04 10:30:00,0.4907875
2021-01-05 10:30:00,0.50009996
2021-01-06 10:30:00,0.4284375
2021-01-07 10:30:00,0.47221246
2021-01-08 10:30:00,0.5041125
2021-01-09 10:30:00,0.59915
2021-01-10 10:30:00,0.560775
2021-01-11 10:30:00,0.563975
2021-01-12 10:30:00,0.68035
2021-01-13 10:30:00,0.5525125
2021-01-14 10:30:00,0.65699995
2021-01-15 10:30:00,0.5667875
2021-01-16 10:30:00,0.58274996
2021-01-17 10:30:00,0.5358125
2021-01-18 10:30:00,0.4987875
2021-01-19 10:30:00,0.6518875
2021-01-20 10:30:00,0.63299996
2021-01-21 10:30:00,0.6300375
2021-01-22 10:30:00,0.66325
2021-01-23 10:30:00,0.6134375
2021-01-24 10:30:00,0.6347875
2021-01-25 10:30:00,0.6647625
2021-01-26 10:30:00,0.49568748
2021-01-27 10:30:00,0.4673875
2021-01-28 10:30:00,0.48669997
2021-01-29 10:30:00,0.55979997
2021-01-30 10:30:00,0.50565
2021-01-31 10:30:00,0.705875
2021-02-01 10:30:00,0.5021125
2021-02-02 10:30:00,0.46885002
2021-02-03 10:30:00,0.47097498
2021-02-04 10:30:00,0.6274125
2021-02-05 10:30:00,0.6095875
2021-02-06 10:30:00,0.59545
2021-02-07 10:30:00,0.5857125
2021-02-08 10:30:00,0.6127875
2021-02-09 10:30:00,0.5528375
2021-02-10 10:30:00,0.6005875
2021-02-11 10:30:00,0.5181375
2021-02-12 10:30:00,0.5088125
2021-02-13 10:30:00,0.45768747
2021-02-14 10:30:00,0.4374375
2021-02-15 10:30:00,0.44178748
2021-02-16 10:30:00,0.43005002
2021-02-17 10:30:00,0.38662496
2021-02-18 10:30:00,0.529425
2021-02-19 10:30:00,0.408325
2021-02-20 10:30:00,0.683275
2021-02-21 10:30:00,0.60903746
2021-02-22 10:30:00,0.4962625
2021-02-23 10:30:00,0.5902375
2021-02-24 10:30:00,0.488825
2021-02-25 10:30:00,0.4340875
2021-02-26 10:30:00,0.5293
2021-02-27 10:30:00,0.53174996
2021-02-28 10:30:00,0.3451875
2021-03-01 10:30:00,0.4598375
2021-03-02 10:30:00,0.55637497
2021-03-03 10:30:00,0.64655
2021-03-04 10:30:00,0.45345
2021-03-05 10:30:00,0.33557498
2021-03-06 10:30:00,0.361125
2021-03-07 10:30:00,0.42728752
2021-03-08 10:30:00,0.42669997
2021-03-09 10:30:00,0.293625
2021-03-10 10:30:00,0.4456625
2021-03-11 10:30:00,0.3347375
2021-03-12 10:30:00,0.32283747
2021-03-13 10:30:00,0.3527375
2021-03-14 10:30:00,0.3838125
2021-03-15 10:30:00,0.3895125
2021-03-16 10:30:00,0.2690875
2021-03-17 10:30:00,0.3788375
2021-03-18 10:30:00,0.31132498
2021-03-19 10:30:00,0.58505
2021-03-20 10:30:00,0.77537495
2021-03-21 10:30:00,0.53451246
2021-03-22 10:30:00,0.46494997
2021-03-23 10:30:00,0.4100875
2021-03-24 10:30:00,0.4096125
2021-03-25 10:30:00,0.3850625
2021-03-26 10:30:00,0.60085
2021-03-27 10:30:00,0.33229998
2021-03-28 10:30:00,0.48888746
2021-03-29 10:30:00,0.38478747
2021-03-30 10:30:00,0.2678875
2021-03-31 10:30:00,0.40116248
2021-04-01 10:30:00,0.394175
2021-04-02 10:30:00,0.40631247
2021-04-03 10:30:00,0.35459998
2021-04-04 10:30:00,0.323125
2021-04-05 10:30:00,0.3399875
2021-04-06 10:30:00,0.250125
2021-04-07 10:30:00,0.32013747
2021-04-08 10:30:00,0.38303748
2021-04-09 10:30:00,0.32615
2021-04-10 10:30:00,0.2827875
2021-04-11 10:30:00,0.51901245
2021-04-12 10:30:00,0.42198747
2021-04-13 10:30:00,0.34156248
2021-04-14 10:30:00,0.33645
2021-04-15 10:30:00,0.6204
2021-04-16 10:30:00,0.77801245
2021-04-17 10:30:00,0.491475
2021-04-18 10:30:00,0.38224998
2021-04-19 10:30:00,0.28557497
2021-04-20 10:30:00,0.27581248
2021-04-21 10:30:00,0.2881375
2021-04-22 10:30:00,0.44923747
2021-04-23 10:30:00,0.52792495
2021-04-24 10:30:00,0.37026247
2021-04-25 10:30:00,0.21579999
2021-04-26 10:30:00,0.2775625
2021-04-27 10:30:00,0.3421375
2021-04-28 10:30:00,0.2635375
2021-04-29 10:30:00,0.443375
2021-04-30 10:30:00,0.6825625
2021-05-01 10:30:00,0.52505
2021-05-02 10:30:00,0.254225
2021-05-03 10:30:00,0.3596625
2021-05-04 10:30:00,0.418525
2021-05-05 10:30:00,0.471025
2021-05-06 10:30:00,0.40765
2021-05-07 10:30:00,0.59201247
2021-05-08 10:30:00,0.5963625
2021-05-09 10:30:00,0.5107375
2021-05-10 10:30:00,0.4477625
2021-05-11 10:30:00,0.3884875
2021-05-12 10:30:00,0.35248747
2021-05-13 10:30:00,0.389775
2021-05-14 10:30:00,0.43801248
2021-05-15 10:30:00,0.4133375
2021-05-16 10:30:00,0.3123625
2021-05-17 10:30:00,0.3225625
2021-05-18 10:30:00,0.42163748
2021-05-19 10:30:00,0.5238
2021-05-20 10:30:00,0.57637495
2021-05-21 10:30:00,0.3893
2021-05-22 10:30:00,0.28483748
2021-05-23 10:30:00,0.434425
2021-05-24 10:30:00,0.5084375
2021-05-25 10:30:00,0.3838625
2021-05-26 10:30:00,0.42741248
2021-05-27 10:30:00,0.617825
2021-05-28 10:30:00,0.65889996
2021-05-29 10:30:00,0.4310875
2021-05-30 10:30:00,0.5329125
2021-05-31 10:30:00,0.5083375
2021-06-01 10:30:00,0.43252498
2021-06-02 10:30:00,0.935725
2021-06-03 10:30:00,0.66965
2021-06-04 10:30:00,0.61341244
2021-06-05 10:30:00,0.72795
2021-06-06 10:30:00,0.514375
2021-06-07 10:30:00,0.5590125
2021-06-08 10:30:00,0.7268875
2021-06-09 10:30:00,0.5071
2021-06-10 10:30:00,0.5009625
2021-06-11 10:30:00,0.44593748
2021-06-12 10:30:00,0.5623125
2021-06-13 10:30:00,0.580175
2021-06-14 10:30:00,0.7268125
2021-06-15 10:30:00,0.6373625
2021-06-16 10:30:00,0.644425
2021-06-17 10:30:00,0.45728752
2021-06-18 10:30:00,0.55925
2021-06-19 10:30:00,0.60842496
2021-06-20 10:30:00,0.7166375
2021-06-21 10:30:00,0.746775
2021-06-22 10:30:00,0.66191244
2021-06-23 10:30:00,0.568025
2021-06-24 10:30:00,0.5646875
2021-06-25 10:30:00,0.668675
2021-06-26 10:30:00,0.724675
2021-06-27 10:30:00,0.7512625
2021-06-28 10:30:00,0.7460125
2021-06-29 10:30:00,0.7498625
2021-06-30 10:30:00,0.80635
2021-07-01 10:30:00,0.7180125
2021-07-02 10:30:00,0.81574994
2021-07-03 10:30:00,0.84475
2021-07-04 10:30:00,0.77832496
2021-07-05 10:30:00,0.7875375
2021-07-06 10:30:00,0.86601245
2021-07-07 10:30:00,0.7918625
2021-07-08 10:30:00,0.858925
2021-07-09 10:30:00,0.81193745
2021-07-10 10:30:00,0.84557503
2021-07-11 10:30:00,0.7772125
2021-07-12 10:30:00,0.811
2021-07-13 10:30:00,0.8366
2021-07-14 10:30:00,0.81366247
2021-07-15 10:30:00,0.83692497
2021-07-16 10:30:00,0.75293744
2021-07-17 10:30:00,0.83636254
2021-07-18 10:30:00,0.8558625
2021-07-19 10:30:00,0.74303746
2021-07-20 10:30:00,0.8155
2021-07-21 10:30:00,0.829625
2021-07-22 10:30:00,0.90573746
2021-07-23 10:30:00,0.83538747
2021-07-24 10:30:00,0.7667125
2021-07-25 10:30:00,0.7410875
2021-07-26 10:30:00,0.94293743
2021-07-27 10:30:00,0.7965625
2021-07-28 10:30:00,0.73260003
2021-07-29 10:30:00,0.79851246
2021-07-30 10:30:00,0.73605
2021-07-31 10:30:00,0.80492496
2021-08-01 10:30:00,0.8781625
2021-08-02 10:30:00,0.68955
2021-08-03 10:30:00,0.7040875
2021-08-04 10:30:00,0.8155625
2021-08-05 10:30:00,0.70516247
2021-08-06 10:30:00,0.74175
2021-08-07 10:30:00,0.7640125
2021-08-08 10:30:00,0.80139995
2021-08-09 10:30:00,0.8668249
2021-08-10 10:30:00,0.81963754
2021-08-11 10:30:00,0.78091246
2021-08-12 10:30:00,0.82253754
2021-08-13 10:30:00,0.7495625
2021-08-14 10:30:00,0.80632496
2021-08-15 10:30:00,0.800425
2021-08-16 10:30:00,0.80242497
2021-08-17 10:30:00,0.7153375
2021-08-18 10:30:00,0.74512494
2021-08-19 10:30:00,0.735875
2021-08-20 10:30:00,0.69255006
2021-08-21 10:30:00,0.71235
2021-08-22 10:30:00,0.763025
2021-08-23 10:30:00,0.78731245
2021-08-24 10:30:00,0.7754875
2021-08-25 10:30:00,0.798475
2021-08-26 10:30:00,0.8851875
2021-08-27 10:30:00,0.7116
2021-08-28 10:30:00,0.69098747
2021-08-29 10:30:00,0.70086247
2021-08-30 10:30:00,0.7495125
2021-08-31 10:30:00,0.710625
2021-09-01 10:30:00,0.7553125
2021-09-02 10:30:00,0.7377875
2021-09-03 10:30:00,0.8040875
2021-09-04 10:30:00,0.75581247
2021-09-05 10:30:00,0.842825
2021-09-06 10:30:00,0.9331875
2021-09-07 10:30:00,0.789375
2021-09-08 10:30:00,0.84341246
2021-09-09 10:30:00,0.7854
2021-09-10 10:30:00,0.564525
2021-09-11 10:30:00,0.7100499
2021-09-12 10:30:00,0.72865
2021-09-13 10:30:00,0.6722999
2021-09-14 10:30:00,0.696925
2021-09-15 10:30:00,0.79745
2021-09-16 10:30:00,0.5983375
2021-09-17 10:30:00,0.6733
2021-09-18 10:30:00,0.68802494
2021-09-19 10:30:00,0.8365
2021-09-20 10:30:00,0.8231375
2021-09-21 10:30:00,0.754175
2021-09-22 10:30:00,0.594475
2021-09-23 10:30:00,0.75301254
2021-09-24 10:30:00,0.8422875
2021-09-25 10:30:00,0.870725
2021-09-26 10:30:00,0.8598375
2021-09-27 10:30:00,0.61325
2021-09-28 10:30:00,0.52858746
2021-09-29 10:30:00,0.54725
2021-09-30 10:30:00,0.6234
2021-10-01 10:30:00,0.6655625
2021-10-02 10:30:00,0.5564375
2021-10-03 10:30:00,0.73992497
2021-10-04 10:30:00,0.61877495
2021-10-05 10:30:00,0.579475
2021-10-06 10:30:00,0.63995
2021-10-07 10:30:00,0.5481125
2021-10-08 10:30:00,0.46191248
2021-10-09 10:30:00,0.48003748
2021-10-10 10:30:00,0.46721247
2021-10-11 10:30:00,0.503375
2021-10-12 10:30:00,0.490075
2021-10-13 10:30:00,0.60069996
2021-10-14 10:30:00,0.578725
2021-10-15 10:30:00,0.47396246
2021-10-16 10:30:00,0.42619997
2021-10-17 10:30:00,0.57757497
2021-10-18 10:30:00,0.6000875
2021-10-19 10:30:00,0.566975
2021-10-20 10:30:00,0.56318754
2021-10-21 10:30:00,0.5773875
2021-10-22 10:30:00,0.563975
2021-10-23 10:30:00,0.5120375
2021-10-24 10:30:00,0.504225
2021-10-25 10:30:00,0.4686
2021-10-26 10:30:00,0.4905375
2021-10-27 10:30:00,0.5298875
2021-10-28 10:30:00,0.60693747
2021-10-29 10:30:00,0.537075
2021-10-30 10:30:00,0.62848747
2021-10-31 10:30:00,0.5163625
2021-11-01 10:30:00,0.669
2021-11-02 10:30:00,0.6518875
2021-11-03 10:30:00,0.674025
2021-11-04 10:30:00,0.5284
2021-11-05 10:30:00,0.5553125
2021-11-06 10:30:00,0.504125
2021-11-07 10:30:00,0.53924996
2021-11-08 10:30:00,0.36537498
2021-11-09 10:30:00,0.49319997
2021-11-10 10:30:00,0.4424375
2021-11-11 10:30:00,0.44052497
2021-11-12 10:30:00,0.46479997
2021-11-13 10:30:00,0.5972625
2021-11-14 10:30:00,0.5746
2021-11-15 10:30:00,0.60531247
2021-11-16 10:30:00,0.6082625
2021-11-17 10:30:00,0.403725
2021-11-18 10:30:00,0.4556625
2021-11-19 10:30:00,0.64598745
2021-11-20 10:30:00,0.62668747
2021-11-21 10:30:00,0.80431247
2021-11-22 10:30:00,0.5517875
2021-11-23 10:30:00,0.5247125
2021-11-24 10:30:00,0.505875
2021-11-25 10:30:00,0.50135
2021-11-26 10:30:00,0.75012493
2021-11-27 10:30:00,0.6633
2021-11-28 10:30:00,0.579125
2021-11-29 10:30:00,0.673575
2021-11-30 10:30:00,0.632125
2021-12-01 10:30:00,0.625325
2021-12-02 10:30:00,0.4655375
2021-12-03 10:30:00,0.532025
2021-12-04 10:30:00,0.6695875
2021-12-05 10:30:00,0.529225
2021-12-06 10:30:00,0.483075
2021-12-07 10:30:00,0.47242498
2021-12-08 10:30:00,0.4914375
2021-12-09 10:30:00,0.6390125
2021-12-10 10:30:00,0.5507
2021-12-11 10:30:00,0.5239125
2021-12-12 10:30:00,0.50936246
2021-12-13 10:30:00,0.503725
2021-12-14 10:30:00,0.5838
2021-12-15 10:30:00,0.8015125
2021-12-16 10:30:00,0.5029
2021-12-17 10:30:00,0.5335375
2021-12-18 10:30:00,0.62705
2021-12-19 10:30:00,0.6300125
2021-12-20 10:30:00,0.46917498
2021-12-21 10:30:00,0.4811625
2021-12-22 10:30:00,0.52297497
2021-12-23 10:30:00,0.46467498
2021-12-24 10:30:00,0.46866247
2021-12-25 10:30:00,0.5094875
2021-12-26 10:30:00,0.5674
2021-12-27 10:30:00,0.6578625
2021-12-28 10:30:00,0.57362497
2021-12-29 10:30:00,0.57287496
2021-12-30 10:30:00,0.50775
2021-12-31 10:30:00,0.5858625
2022-01-01 10:30:00,0.5382875
2022-01-02 10:30:00,0.5183875
2022-01-03 10:30:00,0.5604375
2022-01-04 10:30:00,0.6286875
2022-01-05 10:30:00,0.57285
2022-01-06 10:30:00,0.66408753
2022-01-07 10:30:00,0.494025
2022-01-08 10:30:00,0.6352375
2022-01-09 10:30:00,0.56023747
2022-01-10 10:30:00,0.493825
2022-01-11 10:30:00,0.48092496
2022-01-12 10:30:00,0.55952495
2022-01-13 10:30:00,0.612125
2022-01-14 10:30:00,0.59534997
2022-01-15 10:30:00,0.5372125
2022-01-16 10:30:00,0.56509995
2022-01-17 10:30:00,0.563125
2022-01-18 10:30:00,0.5504125
2022-01-19 10:30:00,0.5050875
2022-01-20 10:30:00,0.4503625
2022-01-21 10:30:00,0.50471246
2022-01-22 10:30:00,0.5762875
2022-01-23 10:30:00,0.603925
2022-01-24 10:30:00,0.71879995
2022-01-25 10:30:00,0.56325
2022-01-26 10:30:00,0.58545
2022-01-27 10:30:00,0.61834997
2022-01-28 10:30:00,0.53905
2022-01-29 10:30:00,0.5017
2022-01-30 10:30:00,0.5601
2022-01-31 10:30:00,0.5166375
2022-02-01 10:30:00,0.56093746
2022-02-02 10:30:00,0.533775
2022-02-03 10:30:00,0.51655
2022-02-04 10:30:00,0.4832125
2022-02-05 10:30:00,0.514075
2022-02-06 10:30:00,0.5408625
2022-02-07 10:30:00,0.61221254
2022-02-08 10:30:00,0.5824625
2022-02-09 10:30:00,0.47617498
2022-02-10 10:30:00,0.7015125
2022-02-11 10:30:00,0.55373746
2022-02-12 10:30:00,0.5923375
2022-02-13 10:30:00,0.6113375
2022-02-14 10:30:00,0.58713746
2022-02-15 10:30:00,0.535175
2022-02-16 10:30:00,0.4996875
2022-02-17 10:30:00,0.56436247
2022-02-18 10:30:00,0.60491246
2022-02-19 10:30:00,0.5394
2022-02-20 10:30:00,0.57575
2022-02-21 10:30:00,0.5376625
2022-02-22 10:30:00,0.5575
2022-02-23 10:30:00,0.5352375
2022-02-24 10:30:00,0.510525
2022-02-25 10:30:00,0.58814996
2022-02-26 10:30:00,0.5847375
2022-02-27 10:30:00,0.62018746
2022-02-28 10:30:00,0.5793
2022-03-01 10:30:00,0.53215
2022-03-02 10:30:00,0.5174625
2022-03-03 10:30:00,0.49711248
2022-03-04 10:30:00,0.50505
2022-03-05 10:30:00,0.4424375
2022-03-06 10:30:00,0.41378748
2022-03-07 10:30:00,0.4177
2022-03-08 10:30:00,0.5255375
2022-03-09 10:30:00,0.4161375
2022-03-10 10:30:00,0.1731
2022-03-11 10:30:00,0.2211
2022-03-12 10:30:00,0.6955
2022-03-13 10:30:00,0.636325
2022-03-14 10:30:00,0.6518125
2022-03-15 10:30:00,0.627125
2022-03-16 10:30:00,0.400175
2022-03-17 10:30:00,0.482375
2022-03-18 10:30:00,0.5062125
2022-03-19 10:30:00,0.41035
2022-03-20 10:30:00,0.45326248
2022-03-21 10:30:00,0.38337502
2022-03-22 10:30:00,0.3220875
2022-03-23 10:30:00,0.543925
2022-03-24 10:30:00,0.66698754
2022-03-25 10:30:00,0.45678747
2022-03-26 10:30:00,0.45494998
2022-03-27 10:30:00,0.359975
2022-03-28 10:30:00,0.3186125
2022-03-29 10:30:00,0.3030375
2022-03-30 10:30:00,0.27809998
2022-03-31 10:30:00,0.28445
2022-04-01 10:30:00,0.2617
2022-04-02 10:30:00,0.2745
2022-04-03 10:30:00,0.2725
2022-04-04 10:30:00,0.306875
2022-04-05 10:30:00,0.3216625
2022-04-06 10:30:00,0.29904997
2022-04-07 10:30:00,0.35282502
2022-04-08 10:30:00,0.3361125
2022-04-09 10:30:00,0.2635625
2022-04-10 10:30:00,0.39619997
2022-04-11 10:30:00,0.3787875
2022-04-12 10:30:00,0.4472375
2022-04-13 10:30:00,0.40065002
2022-04-14 10:30:00,0.3788875
2022-04-15 10:30:00,0.2451375
2022-04-16 10:30:00,0.35775
2022-04-17 10:30:00,0.3999375
2022-04-18 10:30:00,0.2935375
2022-04-19 10:30:00,0.195025
2022-04-20 10:30:00,0.280875
2022-04-21 10:30:00,0.78468746
2022-04-22 10:30:00,0.4155125
2022-04-23 10:30:00,0.44792497
2022-04-24 10:30:00,0.52455
2022-04-25 10:30:00,0.585925
2022-04-26 10:30:00,0.4224
2022-04-27 10:30:00,0.3565625
2022-04-28 10:30:00,0.23868749
2022-04-29 10:30:00,0.45959997
2022-04-30 10:30:00,0.384725
2022-05-01 10:30:00,0.31059998
2022-05-02 10:30:00,0.364525
2022-05-03 10:30:00,0.4653625
2022-05-04 10:30:00,0.38272497
2022-05-05 10:30:00,0.656425
2022-05-06 10:30:00,0.3461875
2022-05-07 10:30:00,0.29805
2022-05-08 10:30:00,0.22183749
2022-05-09 10:30:00,0.2537375
2022-05-10 10:30:00,0.5906125
2022-05-11 10:30:00,0.52221245
2022-05-12 10:30:00,0.5600375
2022-05-13 10:30:00,0.74612504
2022-05-14 10:30:00,0.453775
2022-05-15 10:30:00,0.46389997
2022-05-16 10:30:00,0.35482496
2022-05-17 10:30:00,0.3950125
2022-05-18 10:30:00,0.42416248
2022-05-19 10:30:00,0.466225
2022-05-20 10:30:00,0.34643748
2022-05-21 10:30:00,0.3952125
2022-05-22 10:30:00,0.41645
2022-05-23 10:30:00,0.39666247
2022-05-24 10:30:00,0.7927375
2022-05-25 10:30:00,0.5275625
2022-05-26 10:30:00,0.4807
2022-05-27 10:30:00,0.36557502
2022-05-28 10:30:00,0.5084375
2022-05-29 10:30:00,0.6371
2022-05-30 10:30:00,0.720725
2022-05-31 10:30:00,0.5873375
2022-06-01 10:30:00,0.6060375
2022-06-02 10:30:00,0.45662498
2022-06-03 10:30:00,0.57199997
2022-06-04 10:30:00,0.6639125
2022-06-05 10:30:00,0.5905
2022-06-06 10:30:00,0.5761875
2022-06-07 10:30:00,0.829325
2022-06-08 10:30:00,0.6706625
2022-06-09 10:30:00,0.683375
2022-06-10 10:30:00,0.63603747
2022-06-11 10:30:00,0.71192497
2022-06-12 10:30:00,0.84349996
2022-06-13 10:30:00,0.8314375
2022-06-14 10:30:00,0.8590875
2022-06-15 10:30:00,0.77495
2022-06-16 10:30:00,0.79794997
2022-06-17 10:30:00,0.6926625
2022-06-18 10:30:00,0.630925
2022-06-19 10:30:00,0.63224995
2022-06-20 10:30:00,0.64285004
2022-06-21 10:30:00,0.539325
2022-06-22 10:30:00,0.5941125
2022-06-23 10:30:00,0.61242497
2022-06-24 10:30:00,0.72241247
2022-06-25 10:30:00,0.7656625
2022-06-26 10:30:00,0.6908625
2022-06-27 10:30:00,0.667475
2022-06-28 10:30:00,0.69691247
2022-06-29 10:30:00,0.728225
2022-06-30 10:30:00,0.7571
2022-07-01 10:30:00,0.7741749
2022-07-02 10:30:00,0.7169
2022-07-03 10:30:00,0.640325
2022-07-04 10:30:00,0.72945
2022-07-05 10:30:00,0.79567504
2022-07-06 10:30:00,0.7849375
2022-07-07 10:30:00,0.67345
2022-07-08 10:30:00,0.569775
2022-07-09 10:30:00,0.635075
2022-07-10 10:30:00,0.6453375
2022-07-11 10:30:00,0.7030625
2022-07-12 10:30:00,0.6213875
2022-07-13 10:30:00,0.7835625
2022-07-14 10:30:00,0.6284125
2022-07-15 10:30:00,0.78888744
2022-07-16 10:30:00,0.69803745
2022-07-17 10:30:00,0.74631244
2022-07-18 10:30:00,0.6634625
2022-07-19 10:30:00,0.6136875
2022-07-20 10:30:00,0.7375375
2022-07-21 10:30:00,0.73381245
2022-07-22 10:30:00,0.73349994
2022-07-23 10:30:00,0.855175
2022-07-24 10:30:00,0.8476125
2022-07-25 10:30:00,0.79625
2022-07-26 10:30:00,0.858125
2022-07-27 10:30:00,0.84737504
2022-07-28 10:30:00,0.7324375
2022-07-29 10:30:00,0.8104999
2022-07-30 10:30:00,0.72805
2022-07-31 10:30:00,0.67632496
2022-08-01 10:30:00,0.66419995
2022-08-02 10:30:00,0.77635
2022-08-03 10:30:00,0.676025
2022-08-04 10:30:00,0.76264995
2022-08-05 10:30:00,0.5834125
2022-08-06 10:30:00,0.681475
2022-08-07 10:30:00,0.6398625
2022-08-08 10:30:00,0.5662625
2022-08-09 10:30:00,0.49958748
2022-08-10 10:30:00,0.57283753
2022-08-11 10:30:00,0.6687375
2022-08-12 10:30:00,0.61601245
2022-08-13 10:30:00,0.7166625
2022-08-14 10:30:00,0.81152505
2022-08-15 10:30:00,0.83617496
2022-08-16 10:30:00,0.62092495
2022-08-17 10:30:00,0.6080125
2022-08-18 10:30:00,0.72341245
2022-08-19 10:30:00,0.61065
2022-08-20 10:30:00,0.6493375
2022-08-21 10:30:00,0.614325
2022-08-22 10:30:00,0.6104375
2022-08-23 10:30:00,0.614375
2022-08-24 10:30:00,0.51954997
2022-08-25 10:30:00,0.5553875
2022-08-26 10:30:00,0.6691625
2022-08-27 10:30:00,0.64595
2022-08-28 10:30:00,0.673675
2022-08-29 10:30:00,0.6094875
2022-08-30 10:30:00,0.5708875
2022-08-31 10:30:00,0.576025
2022-09-01 10:30:00,0.490275
2022-09-02 10:30:00,0.5473875
2022-09-03 10:30:00,0.6429125
2022-09-04 10:30:00,0.5212125
2022-09-05 10:30:00,0.5400875
2022-09-06 10:30:00,0.60385
2022-09-07 10:30:00,0.5178125
2022-09-08 10:30:00,0.594875
2022-09-09 10:30:00,0.5912875
2022-09-10 10:30:00,0.59037495
2022-09-11 10:30:00,0.649475
2022-09-12 10:30:00,0.657275
2022-09-13 10:30:00,0.6276125
2022-09-14 10:30:00,0.621625
2022-09-15 10:30:00,0.6349625
2022-09-16 10:30:00,0.63081247
2022-09-17 10:30:00,0.4490375
2022-09-18 10:30:00,0.38382497
2022-09-19 10:30:00,0.2689375
2022-09-20 10:30:00,0.3513625
2022-09-21 10:30:00,0.41513747
2022-09-22 10:30:00,0.7277749
2022-09-23 10:30:00,0.51575
2022-09-24 10:30:00,0.4714875
2022-09-25 10:30:00,0.47908747
2022-09-26 10:30:00,0.53491247
2022-09-27 10:30:00,0.40695
2022-09-28 10:30:00,0.50392497
2022-09-29 10:30:00,0.50041246
2022-09-30 10:30:00,0.763675
2022-10-01 10:30:00,0.77467495
2022-10-02 10:30:00,0.7819125
2022-10-03 10:30:00,0.4869625
2022-10-04 10:30:00,0.4732
2022-10-05 10:30:00,0.51475
2022-10-06 10:30:00,0.5840375
2022-10-07 10:30:00,0.5567375
2022-10-08 10:30:00,0.809675
2022-10-09 10:30:00,0.56018746
2022-10-10 10:30:00,0.4363
2022-10-11 10:30:00,0.45174998
2022-10-12 10:30:00,0.3992875
2022-10-13 10:30:00,0.48058748
2022-10-14 10:30:00,0.3752
2022-10-15 10:30:00,0.3504625
2022-10-16 10:30:00,0.47542498
2022-10-17 10:30:00,0.46822497
2022-10-18 10:30:00,0.519075
2022-10-19 10:30:00,0.36401248
2022-10-20 10:30:00,0.47331247
2022-10-21 10:30:00,0.5505125
2022-10-22 10:30:00,0.58595
2022-10-23 10:30:00,0.5469375
2022-10-24 10:30:00,0.55171245
2022-10-25 10:30:00,0.37842497
2022-10-26 10:30:00,0.4925375
2022-10-27 10:30:00,0.47303748
2022-10-28 10:30:00,0.5377375
2022-10-29 10:30:00,0.5635
2022-10-30 10:30:00,0.59695
2022-10-31 10:30:00,0.53395
2022-11-01 10:30:00,0.43580002
2022-11-02 10:30:00,0.37695
2022-11-03 10:30:00,0.487675
2022-11-04 10:30:00,0.43936247
2022-11-05 10:30:00,0.52959996
2022-11-06 10:30:00,0.539275
2022-11-07 10:30:00,0.5471625
2022-11-08 10:30:00,0.45423746
2022-11-09 10:30:00,0.4804
2022-11-10 10:30:00,0.5702875
2022-11-11 10:30:00,0.4732
2022-11-12 10:30:00,0.49485
2022-11-13 10:30:00,0.5937125
2022-11-14 10:30:00,0.556875
2022-11-15 10:30:00,0.47877496
2022-11-16 10:30:00,0.573825
2022-11-17 10:30:00,0.5162875
2022-11-18 10:30:00,0.50694996
2022-11-19 10:30:00,0.54695
2022-11-20 10:30:00,0.4750125
2022-11-21 10:30:00,0.5220625
2022-11-22 10:30:00,0.5561875
2022-11-23 10:30:00,0.6792
2022-11-24 10:30:00,0.78701246
2022-11-25 10:30:00,0.58116245
2022-11-26 10:30:00,0.50165
2022-11-27 10:30:00,0.76497495
2022-11-28 10:30:00,0.65942496
2022-11-29 10:30:00,0.48491248
2022-11-30 10:30:00,0.46826246
2022-12-01 10:30:00,0.519575
2022-12-02 10:30:00,0.5459375
2022-12-03 10:30:00,0.470325
2022-12-04 10:30:00,0.5284375
2022-12-05 10:30:00,0.530425
2022-12-06 10:30:00,0.5819625
2022-12-07 10:30:00,0.5937375
2022-12-08 10:30:00,0.61957496
2022-12-09 10:30:00,0.60555
2022-12-10 10:30:00,0.61922497
2022-12-11 10:30:00,0.57229996
2022-12-12 10:30:00,0.4917875
2022-12-13 10:30:00,0.448475
2022-12-14 10:30:00,0.396575
2022-12-15 10:30:00,0.5352125
2022-12-16 10:30:00,0.522025
2022-12-17 10:30:00,0.5120375
2022-12-18 10:30:00,0.5254375
2022-12-19 10:30:00,0.64895004
2022-12-20 10:30:00,0.73765
2022-12-21 10:30:00,0.6117875
2022-12-22 10:30:00,0.556175
2022-12-23 10:30:00,0.5461
2022-12-24 10:30:00,0.54732496
2022-12-25 10:30:00,0.6622
2022-12-26 10:30:00,0.69836247
2022-12-27 10:30:00,0.67272496
2022-12-28 10:30:00,0.6003625
2022-12-29 10:30:00,0.6026375
2022-12-30 10:30:00,0.56955
2022-12-31 10:30:00,0.5853625
