time,rhum
2012-01-01 10:30:00,0.54865
2012-01-02 10:30:00,0.59858745
2012-01-03 10:30:00,0.6259625
2012-01-04 10:30:00,0.5016125
2012-01-05 10:30:00,0.5416125
2012-01-06 10:30:00,0.510125
2012-01-07 10:30:00,0.492475
2012-01-08 10:30:00,0.5269
2012-01-09 10:30:00,0.5656625
2012-01-10 10:30:00,0.6036125
2012-01-11 10:30:00,0.5727875
2012-01-12 10:30:00,0.64949995
2012-01-13 10:30:00,0.6222375
2012-01-14 10:30:00,0.5207875
2012-01-15 10:30:00,0.5855125
2012-01-16 10:30:00,0.6794124
2012-01-17 10:30:00,0.6515125
2012-01-18 10:30:00,0.618225
2012-01-19 10:30:00,0.589325
2012-01-20 10:30:00,0.35753748
2012-01-21 10:30:00,0.3265125
2012-01-22 10:30:00,0.3765625
2012-01-23 10:30:00,0.4083375
2012-01-24 10:30:00,0.39904997
2012-01-25 10:30:00,0.4603125
2012-01-26 10:30:00,0.387575
2012-01-27 10:30:00,0.3913625
2012-01-28 10:30:00,0.37276247
2012-01-29 10:30:00,0.3764
2012-01-30 10:30:00,0.3457
2012-01-31 10:30:00,0.36353752
2012-02-01 10:30:00,0.35415
2012-02-02 10:30:00,0.33033746
2012-02-03 10:30:00,0.35819998
2012-02-04 10:30:00,0.41189998
2012-02-05 10:30:00,0.324775
2012-02-06 10:30:00,0.285175
2012-02-07 10:30:00,0.3237125
2012-02-08 10:30:00,0.3662125
2012-02-09 10:30:00,0.370125
2012-02-10 10:30:00,0.3627
2012-02-11 10:30:00,0.34635
2012-02-12 10:30:00,0.41701248
2012-02-13 10:30:00,0.3711875
2012-02-14 10:30:00,0.3517125
2012-02-15 10:30:00,0.3545625
2012-02-16 10:30:00,0.3360875
2012-02-17 10:30:00,0.3451125
2012-02-18 10:30:00,0.3680125
2012-02-19 10:30:00,0.3615
2012-02-20 10:30:00,0.2289625
2012-02-21 10:30:00,0.2268875
2012-02-22 10:30:00,0.2346
2012-02-23 10:30:00,0.36318746
2012-02-24 10:30:00,0.34423748
2012-02-25 10:30:00,0.31375
2012-02-26 10:30:00,0.38035
2012-02-27 10:30:00,0.42729998
2012-02-28 10:30:00,0.3387375
2012-02-29 10:30:00,0.3532875
2012-03-01 10:30:00,0.2516625
2012-03-02 10:30:00,0.2918875
2012-03-03 10:30:00,0.3002375
2012-03-04 10:30:00,0.52665
2012-03-05 10:30:00,0.80952495
2012-03-06 10:30:00,0.593225
2012-03-07 10:30:00,0.6048
2012-03-08 10:30:00,0.38237497
2012-03-09 10:30:00,0.402975
2012-03-10 10:30:00,0.5738375
2012-03-11 10:30:00,0.46333748
2012-03-12 10:30:00,0.4633625
2012-03-13 10:30:00,0.382
2012-03-14 10:30:00,0.42923748
2012-03-15 10:30:00,0.428175
2012-03-16 10:30:00,0.24215
2012-03-17 10:30:00,0.1676625
2012-03-18 10:30:00,0.269575
2012-03-19 10:30:00,0.20615
2012-03-20 10:30:00,0.2613875
2012-03-21 10:30:00,0.331375
2012-03-22 10:30:00,0.22942498
2012-03-23 10:30:00,0.4459
2012-03-24 10:30:00,0.330975
2012-03-25 10:30:00,0.2980625
2012-03-26 10:30:00,0.2857625
2012-03-27 10:30:00,0.219
2012-03-28 10:30:00,0.2199
2012-03-29 10:30:00,0.71225
2012-03-30 10:30:00,0.39956248
2012-03-31 10:30:00,0.4038375
2012-04-01 10:30:00,0.2421125
2012-04-02 10:30:00,0.23233749
2012-04-03 10:30:00,0.3431375
2012-04-04 10:30:00,0.400675
2012-04-05 10:30:00,0.36554998
2012-04-06 10:30:00,0.24184999
2012-04-07 10:30:00,0.23295
2012-04-08 10:30:00,0.3838125
2012-04-09 10:30:00,0.186975
2012-04-10 10:30:00,0.21142499
2012-04-11 10:30:00,0.2648625
2012-04-12 10:30:00,0.291975
2012-04-13 10:30:00,0.24472499
2012-04-14 10:30:00,0.50235
2012-04-15 10:30:00,0.27581248
2012-04-16 10:30:00,0.23123749
2012-04-17 10:30:00,0.2375
2012-04-18 10:30:00,0.325025
2012-04-19 10:30:00,0.339025
2012-04-20 10:30:00,0.21968749
2012-04-21 10:30:00,0.4413
2012-04-22 10:30:00,0.430325
2012-04-23 10:30:00,0.429725
2012-04-24 10:30:00,0.19919999
2012-04-25 10:30:00,0.22452499
2012-04-26 10:30:00,0.1894625
2012-04-27 10:30:00,0.57366246
2012-04-28 10:30:00,0.2812875
2012-04-29 10:30:00,0.2021125
2012-04-30 10:30:00,0.2166
2012-05-01 10:30:00,0.1719375
2012-05-02 10:30:00,0.2739875
2012-05-03 10:30:00,0.1709625
2012-05-04 10:30:00,0.1722125
2012-05-05 10:30:00,0.128975
2012-05-06 10:30:00,0.3021375
2012-05-07 10:30:00,0.3032375
2012-05-08 10:30:00,0.40596247
2012-05-09 10:30:00,0.3464
2012-05-10 10:30:00,0.41388747
2012-05-11 10:30:00,0.3660875
2012-05-12 10:30:00,0.6274625
2012-05-13 10:30:00,0.497225
2012-05-14 10:30:00,0.57415
2012-05-15 10:30:00,0.5771
2012-05-16 10:30:00,0.74022496
2012-05-17 10:30:00,0.42752498
2012-05-18 10:30:00,0.2900625
2012-05-19 10:30:00,0.189125
2012-05-20 10:30:00,0.283925
2012-05-21 10:30:00,0.30142498
2012-05-22 10:30:00,0.303425
2012-05-23 10:30:00,0.23808749
2012-05-24 10:30:00,0.2071
2012-05-25 10:30:00,0.2832
2012-05-26 10:30:00,0.3823
2012-05-27 10:30:00,0.3033
2012-05-28 10:30:00,0.4400375
2012-05-29 10:30:00,0.562025
2012-05-30 10:30:00,0.6111375
2012-05-31 10:30:00,0.60851246
2012-06-01 10:30:00,0.5393125
2012-06-02 10:30:00,0.84028745
2012-06-03 10:30:00,0.70434994
2012-06-04 10:30:00,0.69315
2012-06-05 10:30:00,0.5247625
2012-06-06 10:30:00,0.6853
2012-06-07 10:30:00,0.55588746
2012-06-08 10:30:00,0.6961
2012-06-09 10:30:00,0.625775
2012-06-10 10:30:00,0.5782
2012-06-11 10:30:00,0.71485
2012-06-12 10:30:00,0.78317493
2012-06-13 10:30:00,0.84755
2012-06-14 10:30:00,0.7275125
2012-06-15 10:30:00,0.81703746
2012-06-16 10:30:00,0.794225
2012-06-17 10:30:00,0.7850375
2012-06-18 10:30:00,0.6843
2012-06-19 10:30:00,0.616025
2012-06-20 10:30:00,0.5874375
2012-06-21 10:30:00,0.5994625
2012-06-22 10:30:00,0.58393747
2012-06-23 10:30:00,0.6710875
2012-06-24 10:30:00,0.7804
2012-06-25 10:30:00,0.7604875
2012-06-26 10:30:00,0.73919994
2012-06-27 10:30:00,0.857675
2012-06-28 10:30:00,0.76135
2012-06-29 10:30:00,0.64385
2012-06-30 10:30:00,0.50366247
2012-07-01 10:30:00,0.7927625
2012-07-02 10:30:00,0.81433743
2012-07-03 10:30:00,0.6953125
2012-07-04 10:30:00,0.6963125
2012-07-05 10:30:00,0.68305
2012-07-06 10:30:00,0.64537495
2012-07-07 10:30:00,0.65089995
2012-07-08 10:30:00,0.80286247
2012-07-09 10:30:00,0.7897999
2012-07-10 10:30:00,0.82286245
2012-07-11 10:30:00,0.82637495
2012-07-12 10:30:00,0.80621254
2012-07-13 10:30:00,0.6867125
2012-07-14 10:30:00,0.606725
2012-07-15 10:30:00,0.643125
2012-07-16 10:30:00,0.610775
2012-07-17 10:30:00,0.5695375
2012-07-18 10:30:00,0.7076375
2012-07-19 10:30:00,0.68153745
2012-07-20 10:30:00,0.7210375
2012-07-21 10:30:00,0.828025
2012-07-22 10:30:00,0.867675
2012-07-23 10:30:00,0.64335
2012-07-24 10:30:00,0.6679875
2012-07-25 10:30:00,0.7543125
2012-07-26 10:30:00,0.6818
2012-07-27 10:30:00,0.659225
2012-07-28 10:30:00,0.81964993
2012-07-29 10:30:00,0.8311875
2012-07-30 10:30:00,0.79442495
2012-07-31 10:30:00,0.68404996
2012-08-01 10:30:00,0.73620003
2012-08-02 10:30:00,0.761825
2012-08-03 10:30:00,0.796475
2012-08-04 10:30:00,0.7547625
2012-08-05 10:30:00,0.6787625
2012-08-06 10:30:00,0.68392503
2012-08-07 10:30:00,0.650875
2012-08-08 10:30:00,0.6018125
2012-08-09 10:30:00,0.5557875
2012-08-10 10:30:00,0.7036
2012-08-11 10:30:00,0.5596875
2012-08-12 10:30:00,0.563625
2012-08-13 10:30:00,0.60846245
2012-08-14 10:30:00,0.68222505
2012-08-15 10:30:00,0.5783875
2012-08-16 10:30:00,0.53447497
2012-08-17 10:30:00,0.68312496
2012-08-18 10:30:00,0.5480875
2012-08-19 10:30:00,0.5414875
2012-08-20 10:30:00,0.56345
2012-08-21 10:30:00,0.5431875
2012-08-22 10:30:00,0.39213747
2012-08-23 10:30:00,0.4357375
2012-08-24 10:30:00,0.62158746
2012-08-25 10:30:00,0.601675
2012-08-26 10:30:00,0.598875
2012-08-27 10:30:00,0.692025
2012-08-28 10:30:00,0.6323875
2012-08-29 10:30:00,0.4846625
2012-08-30 10:30:00,0.56546247
2012-08-31 10:30:00,0.648
2012-09-01 10:30:00,0.5419375
2012-09-02 10:30:00,0.8939375
2012-09-03 10:30:00,0.7317375
2012-09-04 10:30:00,0.83836246
2012-09-05 10:30:00,0.65683746
2012-09-06 10:30:00,0.56839997
2012-09-07 10:30:00,0.5904
2012-09-08 10:30:00,0.7159749
2012-09-09 10:30:00,0.6800125
2012-09-10 10:30:00,0.63691247
2012-09-11 10:30:00,0.8946875
2012-09-12 10:30:00,0.78871244
2012-09-13 10:30:00,0.7094
2012-09-14 10:30:00,0.5918875
2012-09-15 10:30:00,0.62014997
2012-09-16 10:30:00,0.6466125
2012-09-17 10:30:00,0.6009
2012-09-18 10:30:00,0.6084125
2012-09-19 10:30:00,0.6749875
2012-09-20 10:30:00,0.5034875
2012-09-21 10:30:00,0.5883875
2012-09-22 10:30:00,0.712025
2012-09-23 10:30:00,0.6999499
2012-09-24 10:30:00,0.625725
2012-09-25 10:30:00,0.90036243
2012-09-26 10:30:00,0.6082375
2012-09-27 10:30:00,0.85345
2012-09-28 10:30:00,0.48038748
2012-09-29 10:30:00,0.6210875
2012-09-30 10:30:00,0.619275
2012-10-01 10:30:00,0.61943746
2012-10-02 10:30:00,0.580825
2012-10-03 10:30:00,0.8767375
2012-10-04 10:30:00,0.50605
2012-10-05 10:30:00,0.49464998
2012-10-06 10:30:00,0.56184995
2012-10-07 10:30:00,0.6337125
2012-10-08 10:30:00,0.597675
2012-10-09 10:30:00,0.5315875
2012-10-10 10:30:00,0.52125
2012-10-11 10:30:00,0.5684125
2012-10-12 10:30:00,0.642425
2012-10-13 10:30:00,0.6309125
2012-10-14 10:30:00,0.5131125
2012-10-15 10:30:00,0.627575
2012-10-16 10:30:00,0.81105
2012-10-17 10:30:00,0.526925
2012-10-18 10:30:00,0.47702497
2012-10-19 10:30:00,0.40382499
2012-10-20 10:30:00,0.36456248
2012-10-21 10:30:00,0.5012625
2012-10-22 10:30:00,0.6191875
2012-10-23 10:30:00,0.62145
2012-10-24 10:30:00,0.57995003
2012-10-25 10:30:00,0.55654997
2012-10-26 10:30:00,0.584475
2012-10-27 10:30:00,0.362375
2012-10-28 10:30:00,0.357575
2012-10-29 10:30:00,0.4097375
2012-10-30 10:30:00,0.627
2012-10-31 10:30:00,0.557975
2012-11-01 10:30:00,0.5225
2012-11-02 10:30:00,0.44408748
2012-11-03 10:30:00,0.55123746
2012-11-04 10:30:00,0.7072875
2012-11-05 10:30:00,0.7086125
2012-11-06 10:30:00,0.59989995
2012-11-07 10:30:00,0.5461875
2012-11-08 10:30:00,0.57036245
2012-11-09 10:30:00,0.61211246
2012-11-10 10:30:00,0.676075
2012-11-11 10:30:00,0.6544625
2012-11-12 10:30:00,0.57603747
2012-11-13 10:30:00,0.561525
2012-11-14 10:30:00,0.550675
2012-11-15 10:30:00,0.464175
2012-11-16 10:30:00,0.50444996
2012-11-17 10:30:00,0.53095
2012-11-18 10:30:00,0.796075
2012-11-19 10:30:00,0.5835125
2012-11-20 10:30:00,0.55095
2012-11-21 10:30:00,0.51326245
2012-11-22 10:30:00,0.5126625
2012-11-23 10:30:00,0.53354996
2012-11-24 10:30:00,0.6341125
2012-11-25 10:30:00,0.5255125
2012-11-26 10:30:00,0.513475
2012-11-27 10:30:00,0.6806375
2012-11-28 10:30:00,0.5439625
2012-11-29 10:30:00,0.484175
2012-11-30 10:30:00,0.42709997
2012-12-01 10:30:00,0.586625
2012-12-02 10:30:00,0.64901245
2012-12-03 10:30:00,0.4907875
2012-12-04 10:30:00,0.47171247
2012-12-05 10:30:00,0.40513748
2012-12-06 10:30:00,0.39886248
2012-12-07 10:30:00,0.48131248
2012-12-08 10:30:00,0.4809
2012-12-09 10:30:00,0.6281
2012-12-10 10:30:00,0.6254375
2012-12-11 10:30:00,0.64028746
2012-12-12 10:30:00,0.68654996
2012-12-13 10:30:00,0.4994875
2012-12-14 10:30:00,0.568075
2012-12-15 10:30:00,0.6915125
2012-12-16 10:30:00,0.56583744
2012-12-17 10:30:00,0.4781125
2012-12-18 10:30:00,0.463575
2012-12-19 10:30:00,0.4622125
2012-12-20 10:30:00,0.532375
2012-12-21 10:30:00,0.41515
2012-12-22 10:30:00,0.38334998
2012-12-23 10:30:00,0.385825
2012-12-24 10:30:00,0.40827498
2012-12-25 10:30:00,0.345825
2012-12-26 10:30:00,0.463925
2012-12-27 10:30:00,0.5443
2012-12-28 10:30:00,0.6416
2012-12-29 10:30:00,0.5647125
2012-12-30 10:30:00,0.4660625
2012-12-31 10:30:00,0.5173375
2013-01-01 10:30:00,0.406925
2013-01-02 10:30:00,0.41837502
2013-01-03 10:30:00,0.3840625
2013-01-04 10:30:00,0.3575125
2013-01-05 10:30:00,0.3830875
2013-01-06 10:30:00,0.59075
2013-01-07 10:30:00,0.48361248
2013-01-08 10:30:00,0.401725
2013-01-09 10:30:00,0.480475
2013-01-10 10:30:00,0.5928125
2013-01-11 10:30:00,0.5989625
2013-01-12 10:30:00,0.6533625
2013-01-13 10:30:00,0.6356
2013-01-14 10:30:00,0.6025625
2013-01-15 10:30:00,0.67805
2013-01-16 10:30:00,0.53263754
2013-01-17 10:30:00,0.5220125
2013-01-18 10:30:00,0.622225
2013-01-19 10:30:00,0.6152
2013-01-20 10:30:00,0.672675
2013-01-21 10:30:00,0.6039875
2013-01-22 10:30:00,0.5941625
2013-01-23 10:30:00,0.606725
2013-01-24 10:30:00,0.3687375
2013-01-25 10:30:00,0.4636125
2013-01-26 10:30:00,0.5102125
2013-01-27 10:30:00,0.617825
2013-01-28 10:30:00,0.715925
2013-01-29 10:30:00,0.66784996
2013-01-30 10:30:00,0.7630625
2013-01-31 10:30:00,0.6727375
2013-02-01 10:30:00,0.3596625
2013-02-02 10:30:00,0.42122495
2013-02-03 10:30:00,0.65227497
2013-02-04 10:30:00,0.5177125
2013-02-05 10:30:00,0.51435
2013-02-06 10:30:00,0.3625875
2013-02-07 10:30:00,0.374625
2013-02-08 10:30:00,0.41255
2013-02-09 10:30:00,0.3653625
2013-02-10 10:30:00,0.4099625
2013-02-11 10:30:00,0.4922875
2013-02-12 10:30:00,0.4816625
2013-02-13 10:30:00,0.4180125
2013-02-14 10:30:00,0.390975
2013-02-15 10:30:00,0.5041625
2013-02-16 10:30:00,0.6077375
2013-02-17 10:30:00,0.3787625
2013-02-18 10:30:00,0.2862875
2013-02-19 10:30:00,0.321025
2013-02-20 10:30:00,0.319425
2013-02-21 10:30:00,0.3818375
2013-02-22 10:30:00,0.40095
2013-02-23 10:30:00,0.246275
2013-02-24 10:30:00,0.37713748
2013-02-25 10:30:00,0.5218
2013-02-26 10:30:00,0.68653744
2013-02-27 10:30:00,0.39881247
2013-02-28 10:30:00,0.65735
2013-03-01 10:30:00,0.3129875
2013-03-02 10:30:00,0.51862496
2013-03-03 10:30:00,0.540875
2013-03-04 10:30:00,0.4438375
2013-03-05 10:30:00,0.50931245
2013-03-06 10:30:00,0.3430375
2013-03-07 10:30:00,0.22326249
2013-03-08 10:30:00,0.48361248
2013-03-09 10:30:00,0.618675
2013-03-10 10:30:00,0.5578375
2013-03-11 10:30:00,0.5591
2013-03-12 10:30:00,0.29123747
2013-03-13 10:30:00,0.33740002
2013-03-14 10:30:00,0.46249998
2013-03-15 10:30:00,0.5805375
2013-03-16 10:30:00,0.3953625
2013-03-17 10:30:00,0.24924998
2013-03-18 10:30:00,0.29243752
2013-03-19 10:30:00,0.2660125
2013-03-20 10:30:00,0.32138747
2013-03-21 10:30:00,0.318075
2013-03-22 10:30:00,0.311525
2013-03-23 10:30:00,0.3568125
2013-03-24 10:30:00,0.3745
2013-03-25 10:30:00,0.313075
2013-03-26 10:30:00,0.34022498
2013-03-27 10:30:00,0.38416252
2013-03-28 10:30:00,0.3505125
2013-03-29 10:30:00,0.32686248
2013-03-30 10:30:00,0.28375
2013-03-31 10:30:00,0.24517499
2013-04-01 10:30:00,0.29505
2013-04-02 10:30:00,0.2548
2013-04-03 10:30:00,0.2611625
2013-04-04 10:30:00,0.387925
2013-04-05 10:30:00,0.5820625
2013-04-06 10:30:00,0.37755
2013-04-07 10:30:00,0.3637875
2013-04-08 10:30:00,0.47802502
2013-04-09 10:30:00,0.29523748
2013-04-10 10:30:00,0.4158375
2013-04-11 10:30:00,0.38
2013-04-12 10:30:00,0.2963125
2013-04-13 10:30:00,0.24790001
2013-04-14 10:30:00,0.22491248
2013-04-15 10:30:00,0.21796249
2013-04-16 10:30:00,0.252825
2013-04-17 10:30:00,0.23897499
2013-04-18 10:30:00,0.2866
2013-04-19 10:30:00,0.24844998
2013-04-20 10:30:00,0.252325
2013-04-21 10:30:00,0.32701248
2013-04-22 10:30:00,0.3877875
2013-04-23 10:30:00,0.37298748
2013-04-24 10:30:00,0.572375
2013-04-25 10:30:00,0.693775
2013-04-26 10:30:00,0.3691125
2013-04-27 10:30:00,0.3531
2013-04-28 10:30:00,0.6170125
2013-04-29 10:30:00,0.78999996
2013-04-30 10:30:00,0.6054375
2013-05-01 10:30:00,0.6191
2013-05-02 10:30:00,0.5574375
2013-05-03 10:30:00,0.419875
2013-05-04 10:30:00,0.2740125
2013-05-05 10:30:00,0.32189998
2013-05-06 10:30:00,0.4016875
2013-05-07 10:30:00,0.25612497
2013-05-08 10:30:00,0.44362497
2013-05-09 10:30:00,0.45218748
2013-05-10 10:30:00,0.28559998
2013-05-11 10:30:00,0.52505
2013-05-12 10:30:00,0.6499125
2013-05-13 10:30:00,0.61553746
2013-05-14 10:30:00,0.7897
2013-05-15 10:30:00,0.60179996
2013-05-16 10:30:00,0.456425
2013-05-17 10:30:00,0.5071125
2013-05-18 10:30:00,0.3613
2013-05-19 10:30:00,0.400825
2013-05-20 10:30:00,0.460275
2013-05-21 10:30:00,0.61341244
2013-05-22 10:30:00,0.340475
2013-05-23 10:30:00,0.3151625
2013-05-24 10:30:00,0.30545
2013-05-25 10:30:00,0.2937125
2013-05-26 10:30:00,0.4157125
2013-05-27 10:30:00,0.6177
2013-05-28 10:30:00,0.4492375
2013-05-29 10:30:00,0.3018625
2013-05-30 10:30:00,0.35482496
2013-05-31 10:30:00,0.3292625
2013-06-01 10:30:00,0.3335875
2013-06-02 10:30:00,0.47287497
2013-06-03 10:30:00,0.73135
2013-06-04 10:30:00,0.6091
2013-06-05 10:30:00,0.56895
2013-06-06 10:30:00,0.85768753
2013-06-07 10:30:00,0.6385875
2013-06-08 10:30:00,0.69484997
2013-06-09 10:30:00,0.7417
2013-06-10 10:30:00,0.54684997
2013-06-11 10:30:00,0.639825
2013-06-12 10:30:00,0.75958747
2013-06-13 10:30:00,0.5742875
2013-06-14 10:30:00,0.6405125
2013-06-15 10:30:00,0.5533625
2013-06-16 10:30:00,0.60989994
2013-06-17 10:30:00,0.5517625
2013-06-18 10:30:00,0.5273
2013-06-19 10:30:00,0.635125
2013-06-20 10:30:00,0.67441255
2013-06-21 10:30:00,0.554275
2013-06-22 10:30:00,0.5081875
2013-06-23 10:30:00,0.5185
2013-06-24 10:30:00,0.538025
2013-06-25 10:30:00,0.7552625
2013-06-26 10:30:00,0.89223754
2013-06-27 10:30:00,0.90218747
2013-06-28 10:30:00,0.6293375
2013-06-29 10:30:00,0.91942495
2013-06-30 10:30:00,0.92903745
2013-07-01 10:30:00,0.7808375
2013-07-02 10:30:00,0.82275
2013-07-03 10:30:00,0.70216244
2013-07-04 10:30:00,0.639525
2013-07-05 10:30:00,0.5516375
2013-07-06 10:30:00,0.6851625
2013-07-07 10:30:00,0.635225
2013-07-08 10:30:00,0.75466245
2013-07-09 10:30:00,0.5530875
2013-07-10 10:30:00,0.4521125
2013-07-11 10:30:00,0.64161247
2013-07-12 10:30:00,0.6703375
2013-07-13 10:30:00,0.6345625
2013-07-14 10:30:00,0.6468875
2013-07-15 10:30:00,0.903225
2013-07-16 10:30:00,0.612975
2013-07-17 10:30:00,0.68924993
2013-07-18 10:30:00,0.8133
2013-07-19 10:30:00,0.7711375
2013-07-20 10:30:00,0.6537
2013-07-21 10:30:00,0.62843746
2013-07-22 10:30:00,0.787175
2013-07-23 10:30:00,0.8283125
2013-07-24 10:30:00,0.772075
2013-07-25 10:30:00,0.7179625
2013-07-26 10:30:00,0.752175
2013-07-27 10:30:00,0.8557875
2013-07-28 10:30:00,0.6218375
2013-07-29 10:30:00,0.77695
2013-07-30 10:30:00,0.72565
2013-07-31 10:30:00,0.8490125
2013-08-01 10:30:00,0.875375
2013-08-02 10:30:00,0.86843747
2013-08-03 10:30:00,0.86075
2013-08-04 10:30:00,0.7826375
2013-08-05 10:30:00,0.787675
2013-08-06 10:30:00,0.79545
2013-08-07 10:30:00,0.6724375
2013-08-08 10:30:00,0.632575
2013-08-09 10:30:00,0.6414875
2013-08-10 10:30:00,0.627275
2013-08-11 10:30:00,0.68723744
2013-08-12 10:30:00,0.7500125
2013-08-13 10:30:00,0.607825
2013-08-14 10:30:00,0.53814995
2013-08-15 10:30:00,0.5906
2013-08-16 10:30:00,0.84615
2013-08-17 10:30:00,0.7352375
2013-08-18 10:30:00,0.62845
2013-08-19 10:30:00,0.6451875
2013-08-20 10:30:00,0.61232495
2013-08-21 10:30:00,0.8451375
2013-08-22 10:30:00,0.67123747
2013-08-23 10:30:00,0.6432125
2013-08-24 10:30:00,0.55698746
2013-08-25 10:30:00,0.66863745
2013-08-26 10:30:00,0.6589625
2013-08-27 10:30:00,0.6671375
2013-08-28 10:30:00,0.82748747
2013-08-29 10:30:00,0.668975
2013-08-30 10:30:00,0.6891125
2013-08-31 10:30:00,0.72558755
2013-09-01 10:30:00,0.7021
2013-09-02 10:30:00,0.72115
2013-09-03 10:30:00,0.630825
2013-09-04 10:30:00,0.6713375
2013-09-05 10:30:00,0.7175
2013-09-06 10:30:00,0.898425
2013-09-07 10:30:00,0.75927496
2013-09-08 10:30:00,0.66669995
2013-09-09 10:30:00,0.7979
2013-09-10 10:30:00,0.587725
2013-09-11 10:30:00,0.63432497
2013-09-12 10:30:00,0.6637625
2013-09-13 10:30:00,0.729675
2013-09-14 10:30:00,0.3704375
2013-09-15 10:30:00,0.509875
2013-09-16 10:30:00,0.4346625
2013-09-17 10:30:00,0.60807496
2013-09-18 10:30:00,0.5687125
2013-09-19 10:30:00,0.60529995
2013-09-20 10:30:00,0.6238
2013-09-21 10:30:00,0.67762494
2013-09-22 10:30:00,0.490775
2013-09-23 10:30:00,0.409575
2013-09-24 10:30:00,0.45154998
2013-09-25 10:30:00,0.45343748
2013-09-26 10:30:00,0.4355625
2013-09-27 10:30:00,0.3721
2013-09-28 10:30:00,0.4686375
2013-09-29 10:30:00,0.4465
2013-09-30 10:30:00,0.41015
2013-10-01 10:30:00,0.32846248
2013-10-02 10:30:00,0.3198
2013-10-03 10:30:00,0.38064998
2013-10-04 10:30:00,0.3215625
2013-10-05 10:30:00,0.31008747
2013-10-06 10:30:00,0.38373747
2013-10-07 10:30:00,0.3494625
2013-10-08 10:30:00,0.292575
2013-10-09 10:30:00,0.4425
2013-10-10 10:30:00,0.84785
2013-10-11 10:30:00,0.6451
2013-10-12 10:30:00,0.49561247
2013-10-13 10:30:00,0.49154997
2013-10-14 10:30:00,0.33862498
2013-10-15 10:30:00,0.40772498
2013-10-16 10:30:00,0.5087625
2013-10-17 10:30:00,0.4858125
2013-10-18 10:30:00,0.57154995
2013-10-19 10:30:00,0.6606375
2013-10-20 10:30:00,0.736175
2013-10-21 10:30:00,0.86495
2013-10-22 10:30:00,0.75165
2013-10-23 10:30:00,0.81055
2013-10-24 10:30:00,0.8015625
2013-10-25 10:30:00,0.6087125
2013-10-26 10:30:00,0.71129996
2013-10-27 10:30:00,0.7240125
2013-10-28 10:30:00,0.67171246
2013-10-29 10:30:00,0.5476125
2013-10-30 10:30:00,0.5387375
2013-10-31 10:30:00,0.5932625
2013-11-01 10:30:00,0.6065625
2013-11-02 10:30:00,0.5899125
2013-11-03 10:30:00,0.5172875
2013-11-04 10:30:00,0.4670875
2013-11-05 10:30:00,0.6079875
2013-11-06 10:30:00,0.674075
2013-11-07 10:30:00,0.788925
2013-11-08 10:30:00,0.7233125
2013-11-09 10:30:00,0.354175
2013-11-10 10:30:00,0.331675
2013-11-11 10:30:00,0.47457498
2013-11-12 10:30:00,0.49831247
2013-11-13 10:30:00,0.49304998
2013-11-14 10:30:00,0.51586246
2013-11-15 10:30:00,0.5169875
2013-11-16 10:30:00,0.5996625
2013-11-17 10:30:00,0.5248875
2013-11-18 10:30:00,0.2986
2013-11-19 10:30:00,0.21057498
2013-11-20 10:30:00,0.41712502
2013-11-21 10:30:00,0.5661875
2013-11-22 10:30:00,0.5592
2013-11-23 10:30:00,0.54943746
2013-11-24 10:30:00,0.3779875
2013-11-25 10:30:00,0.38275
2013-11-26 10:30:00,0.40276247
2013-11-27 10:30:00,0.3317875
2013-11-28 10:30:00,0.3451875
2013-11-29 10:30:00,0.3741375
2013-11-30 10:30:00,0.32799998
2013-12-01 10:30:00,0.3646125
2013-12-02 10:30:00,0.531725
2013-12-03 10:30:00,0.48253748
2013-12-04 10:30:00,0.3637625
2013-12-05 10:30:00,0.36705002
2013-12-06 10:30:00,0.42599997
2013-12-07 10:30:00,0.59279996
2013-12-08 10:30:00,0.7814125
2013-12-09 10:30:00,0.59876245
2013-12-10 10:30:00,0.69713753
2013-12-11 10:30:00,0.6451375
2013-12-12 10:30:00,0.43901253
2013-12-13 10:30:00,0.40060002
2013-12-14 10:30:00,0.4807875
2013-12-15 10:30:00,0.63247496
2013-12-16 10:30:00,0.77375
2013-12-17 10:30:00,0.7055
2013-12-18 10:30:00,0.73557496
2013-12-19 10:30:00,0.6966125
2013-12-20 10:30:00,0.5541875
2013-12-21 10:30:00,0.6264875
2013-12-22 10:30:00,0.5731375
2013-12-23 10:30:00,0.65749997
2013-12-24 10:30:00,0.64098746
2013-12-25 10:30:00,0.72301245
2013-12-26 10:30:00,0.5144875
2013-12-27 10:30:00,0.5560375
2013-12-28 10:30:00,0.4871625
2013-12-29 10:30:00,0.508075
2013-12-30 10:30:00,0.5934875
2013-12-31 10:30:00,0.4613375
2014-01-01 10:30:00,0.34206247
2014-01-02 10:30:00,0.5125125
2014-01-03 10:30:00,0.5189
2014-01-04 10:30:00,0.6385875
2014-01-05 10:30:00,0.64568746
2014-01-06 10:30:00,0.542425
2014-01-07 10:30:00,0.3922625
2014-01-08 10:30:00,0.37182498
2014-01-09 10:30:00,0.423075
2014-01-10 10:30:00,0.46580002
2014-01-11 10:30:00,0.3587125
2014-01-12 10:30:00,0.31312498
2014-01-13 10:30:00,0.44573748
2014-01-14 10:30:00,0.54496247
2014-01-15 10:30:00,0.537025
2014-01-16 10:30:00,0.5297125
2014-01-17 10:30:00,0.50694996
2014-01-18 10:30:00,0.49487498
2014-01-19 10:30:00,0.66835
2014-01-20 10:30:00,0.55088747
2014-01-21 10:30:00,0.54263747
2014-01-22 10:30:00,0.5984625
2014-01-23 10:30:00,0.60599995
2014-01-24 10:30:00,0.5261875
2014-01-25 10:30:00,0.40048748
2014-01-26 10:30:00,0.5124125
2014-01-27 10:30:00,0.3147625
2014-01-28 10:30:00,0.36389998
2014-01-29 10:30:00,0.451325
2014-01-30 10:30:00,0.41422498
2014-01-31 10:30:00,0.4037875
2014-02-01 10:30:00,0.4470625
2014-02-02 10:30:00,0.2680625
2014-02-03 10:30:00,0.32639998
2014-02-04 10:30:00,0.3870875
2014-02-05 10:30:00,0.4149625
2014-02-06 10:30:00,0.42518747
2014-02-07 10:30:00,0.414
2014-02-08 10:30:00,0.61904997
2014-02-09 10:30:00,0.45919997
2014-02-10 10:30:00,0.51159996
2014-02-11 10:30:00,0.5559125
2014-02-12 10:30:00,0.47818747
2014-02-13 10:30:00,0.4904
2014-02-14 10:30:00,0.7018125
2014-02-15 10:30:00,0.66153747
2014-02-16 10:30:00,0.5671125
2014-02-17 10:30:00,0.4805625
2014-02-18 10:30:00,0.50965
2014-02-19 10:30:00,0.495075
2014-02-20 10:30:00,0.52617496
2014-02-21 10:30:00,0.58607495
2014-02-22 10:30:00,0.5120125
2014-02-23 10:30:00,0.52998745
2014-02-24 10:30:00,0.5209875
2014-02-25 10:30:00,0.5746625
2014-02-26 10:30:00,0.5006125
2014-02-27 10:30:00,0.29285
2014-02-28 10:30:00,0.37838748
2014-03-01 10:30:00,0.35666248
2014-03-02 10:30:00,0.3714875
2014-03-03 10:30:00,0.34321252
2014-03-04 10:30:00,0.3478125
2014-03-05 10:30:00,0.3258125
2014-03-06 10:30:00,0.3357875
2014-03-07 10:30:00,0.2837875
2014-03-08 10:30:00,0.2581875
2014-03-09 10:30:00,0.24983749
2014-03-10 10:30:00,0.19997498
2014-03-11 10:30:00,0.3337125
2014-03-12 10:30:00,0.42357498
2014-03-13 10:30:00,0.32854998
2014-03-14 10:30:00,0.2559375
2014-03-15 10:30:00,0.3469625
2014-03-16 10:30:00,0.35112497
2014-03-17 10:30:00,0.56436247
2014-03-18 10:30:00,0.34472498
2014-03-19 10:30:00,0.450925
2014-03-20 10:30:00,0.34165
2014-03-21 10:30:00,0.33287498
2014-03-22 10:30:00,0.2435
2014-03-23 10:30:00,0.273825
2014-03-24 10:30:00,0.282525
2014-03-25 10:30:00,0.2833125
2014-03-26 10:30:00,0.43089998
2014-03-27 10:30:00,0.34623748
2014-03-28 10:30:00,0.315525
2014-03-29 10:30:00,0.32994998
2014-03-30 10:30:00,0.17011249
2014-03-31 10:30:00,0.26396248
2014-04-01 10:30:00,0.447425
2014-04-02 10:30:00,0.373025
2014-04-03 10:30:00,0.341175
2014-04-04 10:30:00,0.559625
2014-04-05 10:30:00,0.3279
2014-04-06 10:30:00,0.28634998
2014-04-07 10:30:00,0.270975
2014-04-08 10:30:00,0.29651248
2014-04-09 10:30:00,0.3007625
2014-04-10 10:30:00,0.24489999
2014-04-11 10:30:00,0.19694999
2014-04-12 10:30:00,0.240625
2014-04-13 10:30:00,0.249875
2014-04-14 10:30:00,0.19188748
2014-04-15 10:30:00,0.1438375
2014-04-16 10:30:00,0.171875
2014-04-17 10:30:00,0.54485
2014-04-18 10:30:00,0.3250125
2014-04-19 10:30:00,0.6298125
2014-04-20 10:30:00,0.5965625
2014-04-21 10:30:00,0.31553748
2014-04-22 10:30:00,0.30705
2014-04-23 10:30:00,0.26654997
2014-04-24 10:30:00,0.32654998
2014-04-25 10:30:00,0.2785875
2014-04-26 10:30:00,0.35055
2014-04-27 10:30:00,0.3068125
2014-04-28 10:30:00,0.26195
2014-04-29 10:30:00,0.22183749
2014-04-30 10:30:00,0.178675
2014-05-01 10:30:00,0.46717498
2014-05-02 10:30:00,0.47187498
2014-05-03 10:30:00,0.34765
2014-05-04 10:30:00,0.31751248
2014-05-05 10:30:00,0.31867498
2014-05-06 10:30:00,0.34958747
2014-05-07 10:30:00,0.35994998
2014-05-08 10:30:00,0.43600002
2014-05-09 10:30:00,0.3657375
2014-05-10 10:30:00,0.712375
2014-05-11 10:30:00,0.81036246
2014-05-12 10:30:00,0.8115249
2014-05-13 10:30:00,0.7208625
2014-05-14 10:30:00,0.7352375
2014-05-15 10:30:00,0.7739875
2014-05-16 10:30:00,0.81826246
2014-05-17 10:30:00,0.635425
2014-05-18 10:30:00,0.81081253
2014-05-19 10:30:00,0.8085
2014-05-20 10:30:00,0.73277503
2014-05-21 10:30:00,0.54136246
2014-05-22 10:30:00,0.4906375
2014-05-23 10:30:00,0.4621625
2014-05-24 10:30:00,0.65832496
2014-05-25 10:30:00,0.640325
2014-05-26 10:30:00,0.70998746
2014-05-27 10:30:00,0.5163125
2014-05-28 10:30:00,0.36543745
2014-05-29 10:30:00,0.27625
2014-05-30 10:30:00,0.33662498
2014-05-31 10:30:00,0.37792498
2014-06-01 10:30:00,0.4228125
2014-06-02 10:30:00,0.4350875
2014-06-03 10:30:00,0.5049375
2014-06-04 10:30:00,0.4400125
2014-06-05 10:30:00,0.453975
2014-06-06 10:30:00,0.38027498
2014-06-07 10:30:00,0.639125
2014-06-08 10:30:00,0.926975
2014-06-09 10:30:00,0.865375
2014-06-10 10:30:00,0.7622875
2014-06-11 10:30:00,0.7606375
2014-06-12 10:30:00,0.65661246
2014-06-13 10:30:00,0.55649996
2014-06-14 10:30:00,0.49955
2014-06-15 10:30:00,0.58175
2014-06-16 10:30:00,0.64507496
2014-06-17 10:30:00,0.6565375
2014-06-18 10:30:00,0.605475
2014-06-19 10:30:00,0.5520375
2014-06-20 10:30:00,0.708925
2014-06-21 10:30:00,0.7151375
2014-06-22 10:30:00,0.55637497
2014-06-23 10:30:00,0.5860375
2014-06-24 10:30:00,0.56535
2014-06-25 10:30:00,0.6899125
2014-06-26 10:30:00,0.744575
2014-06-27 10:30:00,0.5524875
2014-06-28 10:30:00,0.61206245
2014-06-29 10:30:00,0.503225
2014-06-30 10:30:00,0.51112497
2014-07-01 10:30:00,0.56326246
2014-07-02 10:30:00,0.64339995
2014-07-03 10:30:00,0.67715
2014-07-04 10:30:00,0.53482497
2014-07-05 10:30:00,0.53353745
2014-07-06 10:30:00,0.60917497
2014-07-07 10:30:00,0.7151875
2014-07-08 10:30:00,0.5770125
2014-07-09 10:30:00,0.60634995
2014-07-10 10:30:00,0.7706125
2014-07-11 10:30:00,0.8145125
2014-07-12 10:30:00,0.79248744
2014-07-13 10:30:00,0.77269995
2014-07-14 10:30:00,0.69979995
2014-07-15 10:30:00,0.80181247
2014-07-16 10:30:00,0.89966244
2014-07-17 10:30:00,0.782525
2014-07-18 10:30:00,0.76396245
2014-07-19 10:30:00,0.8558
2014-07-20 10:30:00,0.85135
2014-07-21 10:30:00,0.63484997
2014-07-22 10:30:00,0.64726245
2014-07-23 10:30:00,0.5870375
2014-07-24 10:30:00,0.6362875
2014-07-25 10:30:00,0.67581254
2014-07-26 10:30:00,0.70449996
2014-07-27 10:30:00,0.64567506
2014-07-28 10:30:00,0.6859875
2014-07-29 10:30:00,0.71959996
2014-07-30 10:30:00,0.770325
2014-07-31 10:30:00,0.545025
2014-08-01 10:30:00,0.5375875
2014-08-02 10:30:00,0.705575
2014-08-03 10:30:00,0.552175
2014-08-04 10:30:00,0.540125
2014-08-05 10:30:00,0.657125
2014-08-06 10:30:00,0.6723625
2014-08-07 10:30:00,0.61861247
2014-08-08 10:30:00,0.5476875
2014-08-09 10:30:00,0.741675
2014-08-10 10:30:00,0.8821875
2014-08-11 10:30:00,0.68315
2014-08-12 10:30:00,0.5193
2014-08-13 10:30:00,0.629725
2014-08-14 10:30:00,0.82385
2014-08-15 10:30:00,0.92101246
2014-08-16 10:30:00,0.8216125
2014-08-17 10:30:00,0.7096875
2014-08-18 10:30:00,0.75133747
2014-08-19 10:30:00,0.68245
2014-08-20 10:30:00,0.7540249
2014-08-21 10:30:00,0.67630005
2014-08-22 10:30:00,0.716325
2014-08-23 10:30:00,0.69612503
2014-08-24 10:30:00,0.65519994
2014-08-25 10:30:00,0.9043125
2014-08-26 10:30:00,0.70918745
2014-08-27 10:30:00,0.71886253
2014-08-28 10:30:00,0.546875
2014-08-29 10:30:00,0.6376625
2014-08-30 10:30:00,0.657525
2014-08-31 10:30:00,0.69418746
2014-09-01 10:30:00,0.91445
2014-09-02 10:30:00,0.84428746
2014-09-03 10:30:00,0.724775
2014-09-04 10:30:00,0.695725
2014-09-05 10:30:00,0.7082125
2014-09-06 10:30:00,0.70808744
2014-09-07 10:30:00,0.72402495
2014-09-08 10:30:00,0.43496248
2014-09-09 10:30:00,0.4924875
2014-09-10 10:30:00,0.597175
2014-09-11 10:30:00,0.64995
2014-09-12 10:30:00,0.64177495
2014-09-13 10:30:00,0.58752495
2014-09-14 10:30:00,0.40695
2014-09-15 10:30:00,0.43978748
2014-09-16 10:30:00,0.52006245
2014-09-17 10:30:00,0.57505
2014-09-18 10:30:00,0.5735875
2014-09-19 10:30:00,0.491125
2014-09-20 10:30:00,0.65699995
2014-09-21 10:30:00,0.65099996
2014-09-22 10:30:00,0.667525
2014-09-23 10:30:00,0.5514125
2014-09-24 10:30:00,0.5113375
2014-09-25 10:30:00,0.39670002
2014-09-26 10:30:00,0.88232493
2014-09-27 10:30:00,0.5445
2014-09-28 10:30:00,0.50443745
2014-09-29 10:30:00,0.4345
2014-09-30 10:30:00,0.42723745
2014-10-01 10:30:00,0.5898625
2014-10-02 10:30:00,0.531575
2014-10-03 10:30:00,0.4439
2014-10-04 10:30:00,0.50995
2014-10-05 10:30:00,0.4280375
2014-10-06 10:30:00,0.389325
2014-10-07 10:30:00,0.43612498
2014-10-08 10:30:00,0.6001125
2014-10-09 10:30:00,0.639125
2014-10-10 10:30:00,0.7455875
2014-10-11 10:30:00,0.56235
2014-10-12 10:30:00,0.3682125
2014-10-13 10:30:00,0.4179375
2014-10-14 10:30:00,0.40945
2014-10-15 10:30:00,0.3327375
2014-10-16 10:30:00,0.369075
2014-10-17 10:30:00,0.447775
2014-10-18 10:30:00,0.3685375
2014-10-19 10:30:00,0.219625
2014-10-20 10:30:00,0.19757499
2014-10-21 10:30:00,0.30545
2014-10-22 10:30:00,0.3481
2014-10-23 10:30:00,0.42603752
2014-10-24 10:30:00,0.49963748
2014-10-25 10:30:00,0.4746125
2014-10-26 10:30:00,0.3297
2014-10-27 10:30:00,0.32826248
2014-10-28 10:30:00,0.3126
2014-10-29 10:30:00,0.3280625
2014-10-30 10:30:00,0.75803745
2014-10-31 10:30:00,0.79440004
2014-11-01 10:30:00,0.545175
2014-11-02 10:30:00,0.46693748
2014-11-03 10:30:00,0.6022
2014-11-04 10:30:00,0.59148747
2014-11-05 10:30:00,0.4779
2014-11-06 10:30:00,0.37261248
2014-11-07 10:30:00,0.31015
2014-11-08 10:30:00,0.4008625
2014-11-09 10:30:00,0.36084998
2014-11-10 10:30:00,0.3577
2014-11-11 10:30:00,0.3141875
2014-11-12 10:30:00,0.2746
2014-11-13 10:30:00,0.360025
2014-11-14 10:30:00,0.3845375
2014-11-15 10:30:00,0.48454997
2014-11-16 10:30:00,0.52915
2014-11-17 10:30:00,0.47594997
2014-11-18 10:30:00,0.4395875
2014-11-19 10:30:00,0.559325
2014-11-20 10:30:00,0.58897495
2014-11-21 10:30:00,0.422125
2014-11-22 10:30:00,0.4713375
2014-11-23 10:30:00,0.37631246
2014-11-24 10:30:00,0.433875
2014-11-25 10:30:00,0.37905
2014-11-26 10:30:00,0.279825
2014-11-27 10:30:00,0.3659375
2014-11-28 10:30:00,0.37103748
2014-11-29 10:30:00,0.4226625
2014-11-30 10:30:00,0.43147498
2014-12-01 10:30:00,0.2092375
2014-12-02 10:30:00,0.2453375
2014-12-03 10:30:00,0.3121625
2014-12-04 10:30:00,0.34861246
2014-12-05 10:30:00,0.35268748
2014-12-06 10:30:00,0.44404998
2014-12-07 10:30:00,0.497225
2014-12-08 10:30:00,0.501
2014-12-09 10:30:00,0.54921246
2014-12-10 10:30:00,0.7470875
2014-12-11 10:30:00,0.56967497
2014-12-12 10:30:00,0.46636248
2014-12-13 10:30:00,0.55927503
2014-12-14 10:30:00,0.6467125
2014-12-15 10:30:00,0.5302875
2014-12-16 10:30:00,0.470475
2014-12-17 10:30:00,0.5471875
2014-12-18 10:30:00,0.6850125
2014-12-19 10:30:00,0.6182
2014-12-20 10:30:00,0.53739995
2014-12-21 10:30:00,0.60455
2014-12-22 10:30:00,0.70059997
2014-12-23 10:30:00,0.5870125
2014-12-24 10:30:00,0.54095
2014-12-25 10:30:00,0.5134875
2014-12-26 10:30:00,0.70975
2014-12-27 10:30:00,0.58112496
2014-12-28 10:30:00,0.5991
2014-12-29 10:30:00,0.74555
2014-12-30 10:30:00,0.53749996
2014-12-31 10:30:00,0.42385
2015-01-01 10:30:00,0.4402875
2015-01-02 10:30:00,0.55364996
2015-01-03 10:30:00,0.594925
2015-01-04 10:30:00,0.606125
2015-01-05 10:30:00,0.3329375
2015-01-06 10:30:00,0.27998748
2015-01-07 10:30:00,0.4702
2015-01-08 10:30:00,0.4893375
2015-01-09 10:30:00,0.5812
2015-01-10 10:30:00,0.603375
2015-01-11 10:30:00,0.53665
2015-01-12 10:30:00,0.5481375
2015-01-13 10:30:00,0.6262625
2015-01-14 10:30:00,0.6661625
2015-01-15 10:30:00,0.68904996
2015-01-16 10:30:00,0.4077375
2015-01-17 10:30:00,0.49581248
2015-01-18 10:30:00,0.63575
2015-01-19 10:30:00,0.566275
2015-01-20 10:30:00,0.63338745
2015-01-21 10:30:00,0.63624996
2015-01-22 10:30:00,0.630525
2015-01-23 10:30:00,0.64905
2015-01-24 10:30:00,0.556825
2015-01-25 10:30:00,0.387775
2015-01-26 10:30:00,0.3275
2015-01-27 10:30:00,0.3965875
2015-01-28 10:30:00,0.48939997
2015-01-29 10:30:00,0.40241247
2015-01-30 10:30:00,0.3793875
2015-01-31 10:30:00,0.425575
2015-02-01 10:30:00,0.50624996
2015-02-02 10:30:00,0.5002
2015-02-03 10:30:00,0.5425125
2015-02-04 10:30:00,0.484875
2015-02-05 10:30:00,0.46721253
2015-02-06 10:30:00,0.296375
2015-02-07 10:30:00,0.2246875
2015-02-08 10:30:00,0.27906248
2015-02-09 10:30:00,0.3562125
2015-02-10 10:30:00,0.3371125
2015-02-11 10:30:00,0.4159125
2015-02-12 10:30:00,0.37408748
2015-02-13 10:30:00,0.45596248
2015-02-14 10:30:00,0.50142497
2015-02-15 10:30:00,0.4751125
2015-02-16 10:30:00,0.60267496
2015-02-17 10:30:00,0.35057497
2015-02-18 10:30:00,0.3211375
2015-02-19 10:30:00,0.35648748
2015-02-20 10:30:00,0.45431247
2015-02-21 10:30:00,0.8099375
2015-02-22 10:30:00,0.53068745
2015-02-23 10:30:00,0.3813375
2015-02-24 10:30:00,0.5601125
2015-02-25 10:30:00,0.48575
2015-02-26 10:30:00,0.47748747
2015-02-27 10:30:00,0.42209998
2015-02-28 10:30:00,0.41903746
2015-03-01 10:30:00,0.3718375
2015-03-02 10:30:00,0.3403
2015-03-03 10:30:00,0.5534
2015-03-04 10:30:00,0.3872
2015-03-05 10:30:00,0.48319998
2015-03-06 10:30:00,0.31960002
2015-03-07 10:30:00,0.2726625
2015-03-08 10:30:00,0.2962125
2015-03-09 10:30:00,0.2664125
2015-03-10 10:30:00,0.2918
2015-03-11 10:30:00,0.2703125
2015-03-12 10:30:00,0.4078875
2015-03-13 10:30:00,0.37451246
2015-03-14 10:30:00,0.3574
2015-03-15 10:30:00,0.278375
2015-03-16 10:30:00,0.2040125
2015-03-17 10:30:00,0.2256125
2015-03-18 10:30:00,0.29991248
2015-03-19 10:30:00,0.2523125
2015-03-20 10:30:00,0.20688748
2015-03-21 10:30:00,0.1522625
2015-03-22 10:30:00,0.16950001
2015-03-23 10:30:00,0.15907499
2015-03-24 10:30:00,0.2683375
2015-03-25 10:30:00,0.1533875
2015-03-26 10:30:00,0.14289999
2015-03-27 10:30:00,0.32075
2015-03-28 10:30:00,0.3836625
2015-03-29 10:30:00,0.241425
2015-03-30 10:30:00,0.2655875
2015-03-31 10:30:00,0.14173749
2015-04-01 10:30:00,0.1447
2015-04-02 10:30:00,0.797675
2015-04-03 10:30:00,0.49986246
2015-04-04 10:30:00,0.83506244
2015-04-05 10:30:00,0.5089875
2015-04-06 10:30:00,0.47145
2015-04-07 10:30:00,0.4326625
2015-04-08 10:30:00,0.54015
2015-04-09 10:30:00,0.4460125
2015-04-10 10:30:00,0.424375
2015-04-11 10:30:00,0.3822125
2015-04-12 10:30:00,0.2960375
2015-04-13 10:30:00,0.2262625
2015-04-14 10:30:00,0.31579998
2015-04-15 10:30:00,0.36638752
2015-04-16 10:30:00,0.25285
2015-04-17 10:30:00,0.1772125
2015-04-18 10:30:00,0.1968625
2015-04-19 10:30:00,0.16106251
2015-04-20 10:30:00,0.178425
2015-04-21 10:30:00,0.2134125
2015-04-22 10:30:00,0.20719999
2015-04-23 10:30:00,0.27726248
2015-04-24 10:30:00,0.19612499
2015-04-25 10:30:00,0.28745002
2015-04-26 10:30:00,0.20865
2015-04-27 10:30:00,0.255225
2015-04-28 10:30:00,0.31348747
2015-04-29 10:30:00,0.1657875
2015-04-30 10:30:00,0.093575
2015-05-01 10:30:00,0.36505
2015-05-02 10:30:00,0.3615625
2015-05-03 10:30:00,0.2255625
2015-05-04 10:30:00,0.1946875
2015-05-05 10:30:00,0.2924875
2015-05-06 10:30:00,0.2993625
2015-05-07 10:30:00,0.8654
2015-05-08 10:30:00,0.63834995
2015-05-09 10:30:00,0.3870625
2015-05-10 10:30:00,0.47143748
2015-05-11 10:30:00,0.8711375
2015-05-12 10:30:00,0.78505003
2015-05-13 10:30:00,0.6386375
2015-05-14 10:30:00,0.2044
2015-05-15 10:30:00,0.2131875
2015-05-16 10:30:00,0.3223875
2015-05-17 10:30:00,0.57535
2015-05-18 10:30:00,0.65997493
2015-05-19 10:30:00,0.6220625
2015-05-20 10:30:00,0.3109
2015-05-21 10:30:00,0.29165
2015-05-22 10:30:00,0.2286
2015-05-23 10:30:00,0.3533
2015-05-24 10:30:00,0.305975
2015-05-25 10:30:00,0.58795
2015-05-26 10:30:00,0.53323746
2015-05-27 10:30:00,0.430425
2015-05-28 10:30:00,0.744325
2015-05-29 10:30:00,0.48802498
2015-05-30 10:30:00,0.42665
2015-05-31 10:30:00,0.49455002
2015-06-01 10:30:00,0.39744997
2015-06-02 10:30:00,0.44152498
2015-06-03 10:30:00,0.3423125
2015-06-04 10:30:00,0.57497495
2015-06-05 10:30:00,0.8900374
2015-06-06 10:30:00,0.7961875
2015-06-07 10:30:00,0.5552
2015-06-08 10:30:00,0.6137625
2015-06-09 10:30:00,0.5850875
2015-06-10 10:30:00,0.7588125
2015-06-11 10:30:00,0.88723755
2015-06-12 10:30:00,0.9382375
2015-06-13 10:30:00,0.76286244
2015-06-14 10:30:00,0.59572494
2015-06-15 10:30:00,0.5053625
2015-06-16 10:30:00,0.549275
2015-06-17 10:30:00,0.86864996
2015-06-18 10:30:00,0.86241245
2015-06-19 10:30:00,0.662925
2015-06-20 10:30:00,0.60851246
2015-06-21 10:30:00,0.5396125
2015-06-22 10:30:00,0.6219125
2015-06-23 10:30:00,0.6839125
2015-06-24 10:30:00,0.76739997
2015-06-25 10:30:00,0.7282125
2015-06-26 10:30:00,0.5541125
2015-06-27 10:30:00,0.66122496
2015-06-28 10:30:00,0.7068125
2015-06-29 10:30:00,0.49549997
2015-06-30 10:30:00,0.79265
2015-07-01 10:30:00,0.7570125
2015-07-02 10:30:00,0.82946247
2015-07-03 10:30:00,0.68394995
2015-07-04 10:30:00,0.6435375
2015-07-05 10:30:00,0.60101247
2015-07-06 10:30:00,0.594025
2015-07-07 10:30:00,0.5913375
2015-07-08 10:30:00,0.58849996
2015-07-09 10:30:00,0.6046375
2015-07-10 10:30:00,0.605975
2015-07-11 10:30:00,0.6953
2015-07-12 10:30:00,0.6501375
2015-07-13 10:30:00,0.6000625
2015-07-14 10:30:00,0.664375
2015-07-15 10:30:00,0.779825
2015-07-16 10:30:00,0.7149624
2015-07-17 10:30:00,0.72278744
2015-07-18 10:30:00,0.64607495
2015-07-19 10:30:00,0.60714996
2015-07-20 10:30:00,0.9261875
2015-07-21 10:30:00,0.8693875
2015-07-22 10:30:00,0.84451246
2015-07-23 10:30:00,0.8173625
2015-07-24 10:30:00,0.78758746
2015-07-25 10:30:00,0.831625
2015-07-26 10:30:00,0.64059997
2015-07-27 10:30:00,0.554975
2015-07-28 10:30:00,0.61211246
2015-07-29 10:30:00,0.7967875
2015-07-30 10:30:00,0.66069996
2015-07-31 10:30:00,0.67201245
2015-08-01 10:30:00,0.635475
2015-08-02 10:30:00,0.6001125
2015-08-03 10:30:00,0.571675
2015-08-04 10:30:00,0.6113875
2015-08-05 10:30:00,0.6863875
2015-08-06 10:30:00,0.8026875
2015-08-07 10:30:00,0.75673753
2015-08-08 10:30:00,0.7613375
2015-08-09 10:30:00,0.8757
2015-08-10 10:30:00,0.7163375
2015-08-11 10:30:00,0.7304875
2015-08-12 10:30:00,0.74074996
2015-08-13 10:30:00,0.6696625
2015-08-14 10:30:00,0.85748744
2015-08-15 10:30:00,0.82344997
2015-08-16 10:30:00,0.8550375
2015-08-17 10:30:00,0.7542
2015-08-18 10:30:00,0.85582495
2015-08-19 10:30:00,0.7819625
2015-08-20 10:30:00,0.897075
2015-08-21 10:30:00,0.80771244
2015-08-22 10:30:00,0.8146375
2015-08-23 10:30:00,0.827825
2015-08-24 10:30:00,0.83818746
2015-08-25 10:30:00,0.82014996
2015-08-26 10:30:00,0.76025
2015-08-27 10:30:00,0.68323743
2015-08-28 10:30:00,0.8515625
2015-08-29 10:30:00,0.838
2015-08-30 10:30:00,0.889825
2015-08-31 10:30:00,0.914
2015-09-01 10:30:00,0.74966246
2015-09-02 10:30:00,0.78017503
2015-09-03 10:30:00,0.6467125
2015-09-04 10:30:00,0.72169995
2015-09-05 10:30:00,0.689675
2015-09-06 10:30:00,0.631
2015-09-07 10:30:00,0.8849125
2015-09-08 10:30:00,0.79469997
2015-09-09 10:30:00,0.601075
2015-09-10 10:30:00,0.54943746
2015-09-11 10:30:00,0.545275
2015-09-12 10:30:00,0.64497495
2015-09-13 10:30:00,0.6873875
2015-09-14 10:30:00,0.60925
2015-09-15 10:30:00,0.6651625
2015-09-16 10:30:00,0.6378
2015-09-17 10:30:00,0.80144995
2015-09-18 10:30:00,0.8328
2015-09-19 10:30:00,0.663925
2015-09-20 10:30:00,0.68495
2015-09-21 10:30:00,0.60961246
2015-09-22 10:30:00,0.970625
2015-09-23 10:30:00,0.7393375
2015-09-24 10:30:00,0.7229875
2015-09-25 10:30:00,0.6743875
2015-09-26 10:30:00,0.64755
2015-09-27 10:30:00,0.58283746
2015-09-28 10:30:00,0.55035
2015-09-29 10:30:00,0.5901625
2015-09-30 10:30:00,0.70371246
2015-10-01 10:30:00,0.46906248
2015-10-02 10:30:00,0.345175
2015-10-03 10:30:00,0.40932497
2015-10-04 10:30:00,0.44803748
2015-10-05 10:30:00,0.551425
2015-10-06 10:30:00,0.51845
2015-10-07 10:30:00,0.390225
2015-10-08 10:30:00,0.431825
2015-10-09 10:30:00,0.4729375
2015-10-10 10:30:00,0.8791
2015-10-11 10:30:00,0.541425
2015-10-12 10:30:00,0.5751625
2015-10-13 10:30:00,0.5756125
2015-10-14 10:30:00,0.6525
2015-10-15 10:30:00,0.536175
2015-10-16 10:30:00,0.3939625
2015-10-17 10:30:00,0.338
2015-10-18 10:30:00,0.2909875
2015-10-19 10:30:00,0.2930375
2015-10-20 10:30:00,0.38791248
2015-10-21 10:30:00,0.37426248
2015-10-22 10:30:00,0.3708875
2015-10-23 10:30:00,0.20605
2015-10-24 10:30:00,0.2519375
2015-10-25 10:30:00,0.36131248
2015-10-26 10:30:00,0.4517125
2015-10-27 10:30:00,0.34526247
2015-10-28 10:30:00,0.3492625
2015-10-29 10:30:00,0.35948747
2015-10-30 10:30:00,0.3648875
2015-10-31 10:30:00,0.3823875
2015-11-01 10:30:00,0.2670875
2015-11-02 10:30:00,0.46607497
2015-11-03 10:30:00,0.2862875
2015-11-04 10:30:00,0.3085
2015-11-05 10:30:00,0.237925
2015-11-06 10:30:00,0.4250125
2015-11-07 10:30:00,0.44457498
2015-11-08 10:30:00,0.48701248
2015-11-09 10:30:00,0.60534996
2015-11-10 10:30:00,0.5990875
2015-11-11 10:30:00,0.64576244
2015-11-12 10:30:00,0.7714875
2015-11-13 10:30:00,0.7972625
2015-11-14 10:30:00,0.62595
2015-11-15 10:30:00,0.23817499
2015-11-16 10:30:00,0.629625
2015-11-17 10:30:00,0.54851246
2015-11-18 10:30:00,0.68073744
2015-11-19 10:30:00,0.679875
2015-11-20 10:30:00,0.690775
2015-11-21 10:30:00,0.60424995
2015-11-22 10:30:00,0.6050625
2015-11-23 10:30:00,0.57234997
2015-11-24 10:30:00,0.6034875
2015-11-25 10:30:00,0.5963625
2015-11-26 10:30:00,0.60354996
2015-11-27 10:30:00,0.716025
2015-11-28 10:30:00,0.63401246
2015-11-29 10:30:00,0.66903746
2015-11-30 10:30:00,0.7189125
2015-12-01 10:30:00,0.8103125
2015-12-02 10:30:00,0.78824997
2015-12-03 10:30:00,0.54636246
2015-12-04 10:30:00,0.51455003
2015-12-05 10:30:00,0.576625
2015-12-06 10:30:00,0.67753744
2015-12-07 10:30:00,0.7173
2015-12-08 10:30:00,0.66885
2015-12-09 10:30:00,0.74623746
2015-12-10 10:30:00,0.6955875
2015-12-11 10:30:00,0.7166
2015-12-12 10:30:00,0.64198744
2015-12-13 10:30:00,0.6646625
2015-12-14 10:30:00,0.75144994
2015-12-15 10:30:00,0.56544995
2015-12-16 10:30:00,0.520625
2015-12-17 10:30:00,0.5555875
2015-12-18 10:30:00,0.63656247
2015-12-19 10:30:00,0.63304996
2015-12-20 10:30:00,0.7429
2015-12-21 10:30:00,0.6915125
2015-12-22 10:30:00,0.6487625
2015-12-23 10:30:00,0.5191625
2015-12-24 10:30:00,0.56575
2015-12-25 10:30:00,0.63513744
2015-12-26 10:30:00,0.40481248
2015-12-27 10:30:00,0.4474125
2015-12-28 10:30:00,0.53526247
2015-12-29 10:30:00,0.7355874
2015-12-30 10:30:00,0.64738744
2015-12-31 10:30:00,0.6854125
2016-01-01 10:30:00,0.5880625
2016-01-02 10:30:00,0.69785005
2016-01-03 10:30:00,0.55385
2016-01-04 10:30:00,0.46882498
2016-01-05 10:30:00,0.5776375
2016-01-06 10:30:00,0.48868752
2016-01-07 10:30:00,0.4732875
2016-01-08 10:30:00,0.4915
2016-01-09 10:30:00,0.4585875
2016-01-10 10:30:00,0.371425
2016-01-11 10:30:00,0.402225
2016-01-12 10:30:00,0.44842497
2016-01-13 10:30:00,0.468675
2016-01-14 10:30:00,0.5795875
2016-01-15 10:30:00,0.67942494
2016-01-16 10:30:00,0.61661243
2016-01-17 10:30:00,0.4326625
2016-01-18 10:30:00,0.4643125
2016-01-19 10:30:00,0.5046125
2016-01-20 10:30:00,0.5711375
2016-01-21 10:30:00,0.46634996
2016-01-22 10:30:00,0.3783125
2016-01-23 10:30:00,0.419
2016-01-24 10:30:00,0.35805
2016-01-25 10:30:00,0.3799625
2016-01-26 10:30:00,0.41357502
2016-01-27 10:30:00,0.45673752
2016-01-28 10:30:00,0.37605
2016-01-29 10:30:00,0.3924625
2016-01-30 10:30:00,0.41642502
2016-01-31 10:30:00,0.4470375
2016-02-01 10:30:00,0.41822496
2016-02-02 10:30:00,0.42043748
2016-02-03 10:30:00,0.39153752
2016-02-04 10:30:00,0.42771247
2016-02-05 10:30:00,0.46351248
2016-02-06 10:30:00,0.51186246
2016-02-07 10:30:00,0.5673875
2016-02-08 10:30:00,0.5690625
2016-02-09 10:30:00,0.61671245
2016-02-10 10:30:00,0.5813375
2016-02-11 10:30:00,0.6401875
2016-02-12 10:30:00,0.3529
2016-02-13 10:30:00,0.3245
2016-02-14 10:30:00,0.34366247
2016-02-15 10:30:00,0.4445125
2016-02-16 10:30:00,0.40295002
2016-02-17 10:30:00,0.46682498
2016-02-18 10:30:00,0.432975
2016-02-19 10:30:00,0.41242498
2016-02-20 10:30:00,0.3643375
2016-02-21 10:30:00,0.3513375
2016-02-22 10:30:00,0.34325
2016-02-23 10:30:00,0.3756375
2016-02-24 10:30:00,0.39169997
2016-02-25 10:30:00,0.4120875
2016-02-26 10:30:00,0.3801375
2016-02-27 10:30:00,0.35793748
2016-02-28 10:30:00,0.4529125
2016-02-29 10:30:00,0.40563747
2016-03-01 10:30:00,0.425925
2016-03-02 10:30:00,0.64135003
2016-03-03 10:30:00,0.6072375
2016-03-04 10:30:00,0.7329875
2016-03-05 10:30:00,0.53603745
2016-03-06 10:30:00,0.3840375
2016-03-07 10:30:00,0.3433375
2016-03-08 10:30:00,0.36033753
2016-03-09 10:30:00,0.3615625
2016-03-10 10:30:00,0.40025002
2016-03-11 10:30:00,0.43259996
2016-03-12 10:30:00,0.3150625
2016-03-13 10:30:00,0.36569998
2016-03-14 10:30:00,0.4455625
2016-03-15 10:30:00,0.33572498
2016-03-16 10:30:00,0.32729998
2016-03-17 10:30:00,0.35505
2016-03-18 10:30:00,0.540875
2016-03-19 10:30:00,0.3790625
2016-03-20 10:30:00,0.3015875
2016-03-21 10:30:00,0.65498745
2016-03-22 10:30:00,0.3088375
2016-03-23 10:30:00,0.2931
2016-03-24 10:30:00,0.3005125
2016-03-25 10:30:00,0.272
2016-03-26 10:30:00,0.28655002
2016-03-27 10:30:00,0.2132875
2016-03-28 10:30:00,0.24229999
2016-03-29 10:30:00,0.39
2016-03-30 10:30:00,0.29415
2016-03-31 10:30:00,0.2545375
2016-04-01 10:30:00,0.4135125
2016-04-02 10:30:00,0.29854998
2016-04-03 10:30:00,0.3315625
2016-04-04 10:30:00,0.34678748
2016-04-05 10:30:00,0.306425
2016-04-06 10:30:00,0.29538748
2016-04-07 10:30:00,0.19264999
2016-04-08 10:30:00,0.1545625
2016-04-09 10:30:00,0.1872375
2016-04-10 10:30:00,0.2641875
2016-04-11 10:30:00,0.35724998
2016-04-12 10:30:00,0.3055125
2016-04-13 10:30:00,0.72455
2016-04-14 10:30:00,0.49746248
2016-04-15 10:30:00,0.6739875
2016-04-16 10:30:00,0.8004625
2016-04-17 10:30:00,0.3773
2016-04-18 10:30:00,0.419375
2016-04-19 10:30:00,0.22448748
2016-04-20 10:30:00,0.2276875
2016-04-21 10:30:00,0.2461875
2016-04-22 10:30:00,0.3909125
2016-04-23 10:30:00,0.2547625
2016-04-24 10:30:00,0.47858748
2016-04-25 10:30:00,0.3387375
2016-04-26 10:30:00,0.327875
2016-04-27 10:30:00,0.4363875
2016-04-28 10:30:00,0.2825125
2016-04-29 10:30:00,0.375675
2016-04-30 10:30:00,0.44757497
2016-05-01 10:30:00,0.5122375
2016-05-02 10:30:00,0.38419998
2016-05-03 10:30:00,0.256075
2016-05-04 10:30:00,0.170775
2016-05-05 10:30:00,0.65222496
2016-05-06 10:30:00,0.61079997
2016-05-07 10:30:00,0.210925
2016-05-08 10:30:00,0.3326375
2016-05-09 10:30:00,0.3289875
2016-05-10 10:30:00,0.1951625
2016-05-11 10:30:00,0.5749375
2016-05-12 10:30:00,0.4382875
2016-05-13 10:30:00,0.286975
2016-05-14 10:30:00,0.41544998
2016-05-15 10:30:00,0.28869998
2016-05-16 10:30:00,0.3585
2016-05-17 10:30:00,0.17196248
2016-05-18 10:30:00,0.2886875
2016-05-19 10:30:00,0.25164998
2016-05-20 10:30:00,0.2929375
2016-05-21 10:30:00,0.3052375
2016-05-22 10:30:00,0.25417498
2016-05-23 10:30:00,0.6389
2016-05-24 10:30:00,0.8088
2016-05-25 10:30:00,0.481725
2016-05-26 10:30:00,0.3384875
2016-05-27 10:30:00,0.36945
2016-05-28 10:30:00,0.2890875
2016-05-29 10:30:00,0.288475
2016-05-30 10:30:00,0.389425
2016-05-31 10:30:00,0.37535
2016-06-01 10:30:00,0.32092497
2016-06-02 10:30:00,0.36458752
2016-06-03 10:30:00,0.34945
2016-06-04 10:30:00,0.38576248
2016-06-05 10:30:00,0.37425
2016-06-06 10:30:00,0.6728375
2016-06-07 10:30:00,0.50401247
2016-06-08 10:30:00,0.38413748
2016-06-09 10:30:00,0.648
2016-06-10 10:30:00,0.75967497
2016-06-11 10:30:00,0.6087125
2016-06-12 10:30:00,0.66055
2016-06-13 10:30:00,0.57318753
2016-06-14 10:30:00,0.43025002
2016-06-15 10:30:00,0.67551243
2016-06-16 10:30:00,0.6603375
2016-06-17 10:30:00,0.7639875
2016-06-18 10:30:00,0.6893
2016-06-19 10:30:00,0.629575
2016-06-20 10:30:00,0.65065
2016-06-21 10:30:00,0.6444875
2016-06-22 10:30:00,0.78628755
2016-06-23 10:30:00,0.64305
2016-06-24 10:30:00,0.59627503
2016-06-25 10:30:00,0.5125875
2016-06-26 10:30:00,0.47592497
2016-06-27 10:30:00,0.5685875
2016-06-28 10:30:00,0.6770375
2016-06-29 10:30:00,0.8106
2016-06-30 10:30:00,0.75693744
2016-07-01 10:30:00,0.5681625
2016-07-02 10:30:00,0.55759996
2016-07-03 10:30:00,0.5768375
2016-07-04 10:30:00,0.45658746
2016-07-05 10:30:00,0.480275
2016-07-06 10:30:00,0.471375
2016-07-07 10:30:00,0.48518747
2016-07-08 10:30:00,0.65989995
2016-07-09 10:30:00,0.66824996
2016-07-10 10:30:00,0.41875
2016-07-11 10:30:00,0.54482496
2016-07-12 10:30:00,0.716625
2016-07-13 10:30:00,0.528375
2016-07-14 10:30:00,0.48599997
2016-07-15 10:30:00,0.4482875
2016-07-16 10:30:00,0.51077497
2016-07-17 10:30:00,0.58489996
2016-07-18 10:30:00,0.41863748
2016-07-19 10:30:00,0.5907625
2016-07-20 10:30:00,0.6276
2016-07-21 10:30:00,0.597925
2016-07-22 10:30:00,0.85363746
2016-07-23 10:30:00,0.806575
2016-07-24 10:30:00,0.4903625
2016-07-25 10:30:00,0.6905625
2016-07-26 10:30:00,0.56572497
2016-07-27 10:30:00,0.49965
2016-07-28 10:30:00,0.64067495
2016-07-29 10:30:00,0.5381375
2016-07-30 10:30:00,0.61745
2016-07-31 10:30:00,0.7168375
2016-08-01 10:30:00,0.599375
2016-08-02 10:30:00,0.4930125
2016-08-03 10:30:00,0.56936246
2016-08-04 10:30:00,0.5344
2016-08-05 10:30:00,0.5881375
2016-08-06 10:30:00,0.87152493
2016-08-07 10:30:00,0.4696875
2016-08-08 10:30:00,0.4943875
2016-08-09 10:30:00,0.61872494
2016-08-10 10:30:00,0.627725
2016-08-11 10:30:00,0.4463
2016-08-12 10:30:00,0.3446875
2016-08-13 10:30:00,0.42624998
2016-08-14 10:30:00,0.4671625
2016-08-15 10:30:00,0.4684875
2016-08-16 10:30:00,0.540975
2016-08-17 10:30:00,0.455475
2016-08-18 10:30:00,0.62763745
2016-08-19 10:30:00,0.53521246
2016-08-20 10:30:00,0.7514375
2016-08-21 10:30:00,0.59575
2016-08-22 10:30:00,0.57436246
2016-08-23 10:30:00,0.72515
2016-08-24 10:30:00,0.49011248
2016-08-25 10:30:00,0.34307498
2016-08-26 10:30:00,0.40037498
2016-08-27 10:30:00,0.3865125
2016-08-28 10:30:00,0.38951248
2016-08-29 10:30:00,0.3920375
2016-08-30 10:30:00,0.4937875
2016-08-31 10:30:00,0.88006246
2016-09-01 10:30:00,0.90042496
2016-09-02 10:30:00,0.81466246
2016-09-03 10:30:00,0.8354
2016-09-04 10:30:00,0.89745003
2016-09-05 10:30:00,0.8467375
2016-09-06 10:30:00,0.77457494
2016-09-07 10:30:00,0.6125375
2016-09-08 10:30:00,0.7711375
2016-09-09 10:30:00,0.85128754
2016-09-10 10:30:00,0.80067503
2016-09-11 10:30:00,0.68271244
2016-09-12 10:30:00,0.7043875
2016-09-13 10:30:00,0.74163747
2016-09-14 10:30:00,0.8483625
2016-09-15 10:30:00,0.531375
2016-09-16 10:30:00,0.6645625
2016-09-17 10:30:00,0.5908625
2016-09-18 10:30:00,0.572675
2016-09-19 10:30:00,0.49682498
2016-09-20 10:30:00,0.56035
2016-09-21 10:30:00,0.5355
2016-09-22 10:30:00,0.57105
2016-09-23 10:30:00,0.69756246
2016-09-24 10:30:00,0.66318744
2016-09-25 10:30:00,0.58765
2016-09-26 10:30:00,0.720325
2016-09-27 10:30:00,0.677475
2016-09-28 10:30:00,0.566175
2016-09-29 10:30:00,0.6041875
2016-09-30 10:30:00,0.64736253
2016-10-01 10:30:00,0.49575
2016-10-02 10:30:00,0.51986253
2016-10-03 10:30:00,0.54735
2016-10-04 10:30:00,0.6543125
2016-10-05 10:30:00,0.47031248
2016-10-06 10:30:00,0.43665
2016-10-07 10:30:00,0.8008625
2016-10-08 10:30:00,0.578425
2016-10-09 10:30:00,0.5491
2016-10-10 10:30:00,0.460675
2016-10-11 10:30:00,0.43972498
2016-10-12 10:30:00,0.5415875
2016-10-13 10:30:00,0.5572375
2016-10-14 10:30:00,0.64865
2016-10-15 10:30:00,0.5893
2016-10-16 10:30:00,0.54228747
2016-10-17 10:30:00,0.4465125
2016-10-18 10:30:00,0.4794625
2016-10-19 10:30:00,0.64025
2016-10-20 10:30:00,0.3734375
2016-10-21 10:30:00,0.706325
2016-10-22 10:30:00,0.5268875
2016-10-23 10:30:00,0.50575
2016-10-24 10:30:00,0.49561247
2016-10-25 10:30:00,0.548575
2016-10-26 10:30:00,0.4387
2016-10-27 10:30:00,0.43415
2016-10-28 10:30:00,0.35948747
2016-10-29 10:30:00,0.40783748
2016-10-30 10:30:00,0.3455125
2016-10-31 10:30:00,0.32713747
2016-11-01 10:30:00,0.34693748
2016-11-02 10:30:00,0.35654998
2016-11-03 10:30:00,0.47937497
2016-11-04 10:30:00,0.7379875
2016-11-05 10:30:00,0.6390875
2016-11-06 10:30:00,0.633925
2016-11-07 10:30:00,0.6139875
2016-11-08 10:30:00,0.52889997
2016-11-09 10:30:00,0.607975
2016-11-10 10:30:00,0.7507374
2016-11-11 10:30:00,0.5468125
2016-11-12 10:30:00,0.6265375
2016-11-13 10:30:00,0.733375
2016-11-14 10:30:00,0.517
2016-11-15 10:30:00,0.64238745
2016-11-16 10:30:00,0.67303747
2016-11-17 10:30:00,0.702275
2016-11-18 10:30:00,0.73149997
2016-11-19 10:30:00,0.591225
2016-11-20 10:30:00,0.429525
2016-11-21 10:30:00,0.45288748
2016-11-22 10:30:00,0.510175
2016-11-23 10:30:00,0.478
2016-11-24 10:30:00,0.5847
2016-11-25 10:30:00,0.64276254
2016-11-26 10:30:00,0.6313875
2016-11-27 10:30:00,0.538575
2016-11-28 10:30:00,0.5271125
2016-11-29 10:30:00,0.61233747
2016-11-30 10:30:00,0.5200875
2016-12-01 10:30:00,0.51076245
2016-12-02 10:30:00,0.6506125
2016-12-03 10:30:00,0.46214998
2016-12-04 10:30:00,0.36389998
2016-12-05 10:30:00,0.50175
2016-12-06 10:30:00,0.6207875
2016-12-07 10:30:00,0.5847125
2016-12-08 10:30:00,0.58596253
2016-12-09 10:30:00,0.46491247
2016-12-10 10:30:00,0.574075
2016-12-11 10:30:00,0.63535
2016-12-12 10:30:00,0.4728125
2016-12-13 10:30:00,0.424175
2016-12-14 10:30:00,0.44107497
2016-12-15 10:30:00,0.433125
2016-12-16 10:30:00,0.59265
2016-12-17 10:30:00,0.47357497
2016-12-18 10:30:00,0.62935
2016-12-19 10:30:00,0.6338125
2016-12-20 10:30:00,0.63993746
2016-12-21 10:30:00,0.5871125
2016-12-22 10:30:00,0.3775125
2016-12-23 10:30:00,0.50075
2016-12-24 10:30:00,0.622225
2016-12-25 10:30:00,0.45794997
2016-12-26 10:30:00,0.3545
2016-12-27 10:30:00,0.4779375
2016-12-28 10:30:00,0.41457498
2016-12-29 10:30:00,0.4195
2016-12-30 10:30:00,0.4663375
2016-12-31 10:30:00,0.5167125
2017-01-01 10:30:00,0.58011246
2017-01-02 10:30:00,0.5387875
2017-01-03 10:30:00,0.491875
2017-01-04 10:30:00,0.6044875
2017-01-05 10:30:00,0.5610625
2017-01-06 10:30:00,0.5912375
2017-01-07 10:30:00,0.6006875
2017-01-08 10:30:00,0.417075
2017-01-09 10:30:00,0.3209875
2017-01-10 10:30:00,0.370875
2017-01-11 10:30:00,0.39834997
2017-01-12 10:30:00,0.32979998
2017-01-13 10:30:00,0.40755
2017-01-14 10:30:00,0.459525
2017-01-15 10:30:00,0.4580875
2017-01-16 10:30:00,0.563175
2017-01-17 10:30:00,0.61922497
2017-01-18 10:30:00,0.47314999
2017-01-19 10:30:00,0.452725
2017-01-20 10:30:00,0.4831375
2017-01-21 10:30:00,0.6104875
2017-01-22 10:30:00,0.43022498
2017-01-23 10:30:00,0.41877496
2017-01-24 10:30:00,0.4668375
2017-01-25 10:30:00,0.49691248
2017-01-26 10:30:00,0.38163748
2017-01-27 10:30:00,0.4129125
2017-01-28 10:30:00,0.4587875
2017-01-29 10:30:00,0.3764375
2017-01-30 10:30:00,0.3701375
2017-01-31 10:30:00,0.307025
2017-02-01 10:30:00,0.31713748
2017-02-02 10:30:00,0.374575
2017-02-03 10:30:00,0.43827498
2017-02-04 10:30:00,0.50124997
2017-02-05 10:30:00,0.46943748
2017-02-06 10:30:00,0.3829
2017-02-07 10:30:00,0.45275
2017-02-08 10:30:00,0.3813625
2017-02-09 10:30:00,0.38639998
2017-02-10 10:30:00,0.39122498
2017-02-11 10:30:00,0.36755002
2017-02-12 10:30:00,0.42689997
2017-02-13 10:30:00,0.406375
2017-02-14 10:30:00,0.436775
2017-02-15 10:30:00,0.47096252
2017-02-16 10:30:00,0.29555
2017-02-17 10:30:00,0.247875
2017-02-18 10:30:00,0.2713875
2017-02-19 10:30:00,0.5830375
2017-02-20 10:30:00,0.3861875
2017-02-21 10:30:00,0.550025
2017-02-22 10:30:00,0.36439997
2017-02-23 10:30:00,0.3988875
2017-02-24 10:30:00,0.5078375
2017-02-25 10:30:00,0.4502625
2017-02-26 10:30:00,0.5618375
2017-02-27 10:30:00,0.4472
2017-02-28 10:30:00,0.35152498
2017-03-01 10:30:00,0.3137625
2017-03-02 10:30:00,0.40276247
2017-03-03 10:30:00,0.42043748
2017-03-04 10:30:00,0.3952125
2017-03-05 10:30:00,0.3154125
2017-03-06 10:30:00,0.3424
2017-03-07 10:30:00,0.33807498
2017-03-08 10:30:00,0.31417498
2017-03-09 10:30:00,0.34472498
2017-03-10 10:30:00,0.33625
2017-03-11 10:30:00,0.3515625
2017-03-12 10:30:00,0.25489998
2017-03-13 10:30:00,0.32455
2017-03-14 10:30:00,0.3691
2017-03-15 10:30:00,0.331475
2017-03-16 10:30:00,0.31542498
2017-03-17 10:30:00,0.39068747
2017-03-18 10:30:00,0.2609125
2017-03-19 10:30:00,0.25765
2017-03-20 10:30:00,0.3544125
2017-03-21 10:30:00,0.3019
2017-03-22 10:30:00,0.28684998
2017-03-23 10:30:00,0.31182498
2017-03-24 10:30:00,0.28555
2017-03-25 10:30:00,0.29395
2017-03-26 10:30:00,0.3437
2017-03-27 10:30:00,0.35158747
2017-03-28 10:30:00,0.3349875
2017-03-29 10:30:00,0.5354125
2017-03-30 10:30:00,0.370825
2017-03-31 10:30:00,0.27836248
2017-04-01 10:30:00,0.27421248
2017-04-02 10:30:00,0.2301625
2017-04-03 10:30:00,0.21292499
2017-04-04 10:30:00,0.27135
2017-04-05 10:30:00,0.29852498
2017-04-06 10:30:00,0.306725
2017-04-07 10:30:00,0.3331375
2017-04-08 10:30:00,0.185025
2017-04-09 10:30:00,0.15853749
2017-04-10 10:30:00,0.14055
2017-04-11 10:30:00,0.1516625
2017-04-12 10:30:00,0.1407875
2017-04-13 10:30:00,0.187775
2017-04-14 10:30:00,0.169125
2017-04-15 10:30:00,0.115687504
2017-04-16 10:30:00,0.24702501
2017-04-17 10:30:00,0.3892625
2017-04-18 10:30:00,0.3969625
2017-04-19 10:30:00,0.27432498
2017-04-20 10:30:00,0.283
2017-04-21 10:30:00,0.18159999
2017-04-22 10:30:00,0.221325
2017-04-23 10:30:00,0.34145
2017-04-24 10:30:00,0.5807
2017-04-25 10:30:00,0.572275
2017-04-26 10:30:00,0.37905
2017-04-27 10:30:00,0.277225
2017-04-28 10:30:00,0.20566249
2017-04-29 10:30:00,0.2015875
2017-04-30 10:30:00,0.27174997
2017-05-01 10:30:00,0.19860001
2017-05-02 10:30:00,0.18715
2017-05-03 10:30:00,0.3436375
2017-05-04 10:30:00,0.2353375
2017-05-05 10:30:00,0.5106
2017-05-06 10:30:00,0.21177499
2017-05-07 10:30:00,0.370125
2017-05-08 10:30:00,0.276
2017-05-09 10:30:00,0.19401251
2017-05-10 10:30:00,0.41798747
2017-05-11 10:30:00,0.39699998
2017-05-12 10:30:00,0.32458746
2017-05-13 10:30:00,0.47342497
2017-05-14 10:30:00,0.43355
2017-05-15 10:30:00,0.2814625
2017-05-16 10:30:00,0.3241125
2017-05-17 10:30:00,0.3004125
2017-05-18 10:30:00,0.14908749
2017-05-19 10:30:00,0.19549999
2017-05-20 10:30:00,0.4977375
2017-05-21 10:30:00,0.73391247
2017-05-22 10:30:00,0.55311245
2017-05-23 10:30:00,0.360175
2017-05-24 10:30:00,0.41678748
2017-05-25 10:30:00,0.28625
2017-05-26 10:30:00,0.280875
2017-05-27 10:30:00,0.27745
2017-05-28 10:30:00,0.16901249
2017-05-29 10:30:00,0.18557498
2017-05-30 10:30:00,0.1809
2017-05-31 10:30:00,0.27645
2017-06-01 10:30:00,0.41695
2017-06-02 10:30:00,0.47443748
2017-06-03 10:30:00,0.46765
2017-06-04 10:30:00,0.368625
2017-06-05 10:30:00,0.24036251
2017-06-06 10:30:00,0.59845
2017-06-07 10:30:00,0.37974998
2017-06-08 10:30:00,0.37877497
2017-06-09 10:30:00,0.27316248
2017-06-10 10:30:00,0.42088747
2017-06-11 10:30:00,0.45561248
2017-06-12 10:30:00,0.39333752
2017-06-13 10:30:00,0.2401375
2017-06-14 10:30:00,0.25878748
2017-06-15 10:30:00,0.4223625
2017-06-16 10:30:00,0.4625375
2017-06-17 10:30:00,0.47807497
2017-06-18 10:30:00,0.5161
2017-06-19 10:30:00,0.4904375
2017-06-20 10:30:00,0.6089375
2017-06-21 10:30:00,0.6543125
2017-06-22 10:30:00,0.4087875
2017-06-23 10:30:00,0.3845125
2017-06-24 10:30:00,0.37713748
2017-06-25 10:30:00,0.47035
2017-06-26 10:30:00,0.44573748
2017-06-27 10:30:00,0.46774995
2017-06-28 10:30:00,0.4421125
2017-06-29 10:30:00,0.58006245
2017-06-30 10:30:00,0.6183125
2017-07-01 10:30:00,0.61132497
2017-07-02 10:30:00,0.740775
2017-07-03 10:30:00,0.5655625
2017-07-04 10:30:00,0.43673748
2017-07-05 10:30:00,0.4926875
2017-07-06 10:30:00,0.6041625
2017-07-07 10:30:00,0.694175
2017-07-08 10:30:00,0.80812496
2017-07-09 10:30:00,0.64317495
2017-07-10 10:30:00,0.65082496
2017-07-11 10:30:00,0.45389998
2017-07-12 10:30:00,0.4330125
2017-07-13 10:30:00,0.369125
2017-07-14 10:30:00,0.3413
2017-07-15 10:30:00,0.4813875
2017-07-16 10:30:00,0.3699875
2017-07-17 10:30:00,0.4755875
2017-07-18 10:30:00,0.4152
2017-07-19 10:30:00,0.3987875
2017-07-20 10:30:00,0.73676246
2017-07-21 10:30:00,0.53138745
2017-07-22 10:30:00,0.4354375
2017-07-23 10:30:00,0.5944
2017-07-24 10:30:00,0.35678747
2017-07-25 10:30:00,0.3478125
2017-07-26 10:30:00,0.8501625
2017-07-27 10:30:00,0.691625
2017-07-28 10:30:00,0.59723747
2017-07-29 10:30:00,0.61697495
2017-07-30 10:30:00,0.7464375
2017-07-31 10:30:00,0.66315
2017-08-01 10:30:00,0.793825
2017-08-02 10:30:00,0.74175
2017-08-03 10:30:00,0.80025
2017-08-04 10:30:00,0.749
2017-08-05 10:30:00,0.7147625
2017-08-06 10:30:00,0.73644996
2017-08-07 10:30:00,0.7801625
2017-08-08 10:30:00,0.74171245
2017-08-09 10:30:00,0.7738375
2017-08-10 10:30:00,0.77837497
2017-08-11 10:30:00,0.78397495
2017-08-12 10:30:00,0.7323625
2017-08-13 10:30:00,0.7865
2017-08-14 10:30:00,0.8062999
2017-08-15 10:30:00,0.7082
2017-08-16 10:30:00,0.727875
2017-08-17 10:30:00,0.74471253
2017-08-18 10:30:00,0.68693745
2017-08-19 10:30:00,0.7143125
2017-08-20 10:30:00,0.71318746
2017-08-21 10:30:00,0.6199875
2017-08-22 10:30:00,0.563975
2017-08-23 10:30:00,0.56072503
2017-08-24 10:30:00,0.44834998
2017-08-25 10:30:00,0.45353746
2017-08-26 10:30:00,0.5515375
2017-08-27 10:30:00,0.4800125
2017-08-28 10:30:00,0.32309997
2017-08-29 10:30:00,0.3181875
2017-08-30 10:30:00,0.4347
2017-08-31 10:30:00,0.527075
2017-09-01 10:30:00,0.6246875
2017-09-02 10:30:00,0.5829875
2017-09-03 10:30:00,0.900325
2017-09-04 10:30:00,0.78075
2017-09-05 10:30:00,0.68662494
2017-09-06 10:30:00,0.48576248
2017-09-07 10:30:00,0.523525
2017-09-08 10:30:00,0.5553
2017-09-09 10:30:00,0.6242125
2017-09-10 10:30:00,0.641275
2017-09-11 10:30:00,0.38564998
2017-09-12 10:30:00,0.5324625
2017-09-13 10:30:00,0.5653125
2017-09-14 10:30:00,0.63046247
2017-09-15 10:30:00,0.87543744
2017-09-16 10:30:00,0.7364375
2017-09-17 10:30:00,0.73667496
2017-09-18 10:30:00,0.601175
2017-09-19 10:30:00,0.6258625
2017-09-20 10:30:00,0.689
2017-09-21 10:30:00,0.5291125
2017-09-22 10:30:00,0.51327497
2017-09-23 10:30:00,0.40548748
2017-09-24 10:30:00,0.5135125
2017-09-25 10:30:00,0.5620625
2017-09-26 10:30:00,0.3218125
2017-09-27 10:30:00,0.2815375
2017-09-28 10:30:00,0.30785
2017-09-29 10:30:00,0.2904125
2017-09-30 10:30:00,0.2828875
2017-10-01 10:30:00,0.275675
2017-10-02 10:30:00,0.236875
2017-10-03 10:30:00,0.29915
2017-10-04 10:30:00,0.32303748
2017-10-05 10:30:00,0.37211248
2017-10-06 10:30:00,0.45204997
2017-10-07 10:30:00,0.538125
2017-10-08 10:30:00,0.820225
2017-10-09 10:30:00,0.6692625
2017-10-10 10:30:00,0.527025
2017-10-11 10:30:00,0.52276254
2017-10-12 10:30:00,0.4979
2017-10-13 10:30:00,0.36394998
2017-10-14 10:30:00,0.37768748
2017-10-15 10:30:00,0.5768125
2017-10-16 10:30:00,0.3108
2017-10-17 10:30:00,0.28575
2017-10-18 10:30:00,0.31325
2017-10-19 10:30:00,0.455775
2017-10-20 10:30:00,0.3830875
2017-10-21 10:30:00,0.3789125
2017-10-22 10:30:00,0.37931252
2017-10-23 10:30:00,0.37237498
2017-10-24 10:30:00,0.36589998
2017-10-25 10:30:00,0.34827498
2017-10-26 10:30:00,0.42589998
2017-10-27 10:30:00,0.515125
2017-10-28 10:30:00,0.327475
2017-10-29 10:30:00,0.3023875
2017-10-30 10:30:00,0.28649998
2017-10-31 10:30:00,0.24337499
2017-11-01 10:30:00,0.336575
2017-11-02 10:30:00,0.37206247
2017-11-03 10:30:00,0.306725
2017-11-04 10:30:00,0.4094875
2017-11-05 10:30:00,0.3201625
2017-11-06 10:30:00,0.46333748
2017-11-07 10:30:00,0.869775
2017-11-08 10:30:00,0.68703747
2017-11-09 10:30:00,0.668575
2017-11-10 10:30:00,0.473175
2017-11-11 10:30:00,0.4806125
2017-11-12 10:30:00,0.503475
2017-11-13 10:30:00,0.42537498
2017-11-14 10:30:00,0.43400002
2017-11-15 10:30:00,0.4032375
2017-11-16 10:30:00,0.4181375
2017-11-17 10:30:00,0.362225
2017-11-18 10:30:00,0.4229125
2017-11-19 10:30:00,0.5125875
2017-11-20 10:30:00,0.53814995
2017-11-21 10:30:00,0.4577375
2017-11-22 10:30:00,0.42619997
2017-11-23 10:30:00,0.38117498
2017-11-24 10:30:00,0.4591625
2017-11-25 10:30:00,0.4394875
2017-11-26 10:30:00,0.386175
2017-11-27 10:30:00,0.35875
2017-11-28 10:30:00,0.285875
2017-11-29 10:30:00,0.282625
2017-11-30 10:30:00,0.40612498
2017-12-01 10:30:00,0.487175
2017-12-02 10:30:00,0.6164875
2017-12-03 10:30:00,0.473525
2017-12-04 10:30:00,0.4353875
2017-12-05 10:30:00,0.60015
2017-12-06 10:30:00,0.5630125
2017-12-07 10:30:00,0.47042498
2017-12-08 10:30:00,0.5619125
2017-12-09 10:30:00,0.64949995
2017-12-10 10:30:00,0.51441246
2017-12-11 10:30:00,0.4020375
2017-12-12 10:30:00,0.40845
2017-12-13 10:30:00,0.437825
2017-12-14 10:30:00,0.4265375
2017-12-15 10:30:00,0.40391248
2017-12-16 10:30:00,0.41041246
2017-12-17 10:30:00,0.49568748
2017-12-18 10:30:00,0.4504625
2017-12-19 10:30:00,0.4949375
2017-12-20 10:30:00,0.5830125
2017-12-21 10:30:00,0.47265
2017-12-22 10:30:00,0.427225
2017-12-23 10:30:00,0.43101248
2017-12-24 10:30:00,0.44416252
2017-12-25 10:30:00,0.39298752
2017-12-26 10:30:00,0.2954
2017-12-27 10:30:00,0.38845
2017-12-28 10:30:00,0.5387125
2017-12-29 10:30:00,0.451725
2017-12-30 10:30:00,0.492675
2017-12-31 10:30:00,0.5666125
2018-01-01 10:30:00,0.39584997
2018-01-02 10:30:00,0.4269125
2018-01-03 10:30:00,0.40586248
2018-01-04 10:30:00,0.34805
2018-01-05 10:30:00,0.4127375
2018-01-06 10:30:00,0.37472498
2018-01-07 10:30:00,0.3799375
2018-01-08 10:30:00,0.56584996
2018-01-09 10:30:00,0.51395
2018-01-10 10:30:00,0.3603625
2018-01-11 10:30:00,0.32346252
2018-01-12 10:30:00,0.5887875
2018-01-13 10:30:00,0.6209125
2018-01-14 10:30:00,0.53275
2018-01-15 10:30:00,0.563625
2018-01-16 10:30:00,0.672975
2018-01-17 10:30:00,0.5254125
2018-01-18 10:30:00,0.54875
2018-01-19 10:30:00,0.3475
2018-01-20 10:30:00,0.3415
2018-01-21 10:30:00,0.32982498
2018-01-22 10:30:00,0.32389998
2018-01-23 10:30:00,0.32205
2018-01-24 10:30:00,0.36776248
2018-01-25 10:30:00,0.3236625
2018-01-26 10:30:00,0.311775
2018-01-27 10:30:00,0.301875
2018-01-28 10:30:00,0.3717875
2018-01-29 10:30:00,0.42589998
2018-01-30 10:30:00,0.40585
2018-01-31 10:30:00,0.459825
2018-02-01 10:30:00,0.41002497
2018-02-02 10:30:00,0.48829997
2018-02-03 10:30:00,0.44167498
2018-02-04 10:30:00,0.41645
2018-02-05 10:30:00,0.37562498
2018-02-06 10:30:00,0.40803748
2018-02-07 10:30:00,0.40585
2018-02-08 10:30:00,0.4134875
2018-02-09 10:30:00,0.325875
2018-02-10 10:30:00,0.30444998
2018-02-11 10:30:00,0.3028375
2018-02-12 10:30:00,0.33599997
2018-02-13 10:30:00,0.3605625
2018-02-14 10:30:00,0.33935001
2018-02-15 10:30:00,0.35729998
2018-02-16 10:30:00,0.2847875
2018-02-17 10:30:00,0.2719375
2018-02-18 10:30:00,0.31626248
2018-02-19 10:30:00,0.3451125
2018-02-20 10:30:00,0.36639997
2018-02-21 10:30:00,0.4188
2018-02-22 10:30:00,0.4145125
2018-02-23 10:30:00,0.30473748
2018-02-24 10:30:00,0.3016625
2018-02-25 10:30:00,0.49244997
2018-02-26 10:30:00,0.55505
2018-02-27 10:30:00,0.45748746
2018-02-28 10:30:00,0.684175
2018-03-01 10:30:00,0.3919125
2018-03-02 10:30:00,0.3818
2018-03-03 10:30:00,0.5258375
2018-03-04 10:30:00,0.3332375
2018-03-05 10:30:00,0.2927
2018-03-06 10:30:00,0.3662375
2018-03-07 10:30:00,0.45729998
2018-03-08 10:30:00,0.3437
2018-03-09 10:30:00,0.57928747
2018-03-10 10:30:00,0.557625
2018-03-11 10:30:00,0.463675
2018-03-12 10:30:00,0.44221246
2018-03-13 10:30:00,0.5859125
2018-03-14 10:30:00,0.69002503
2018-03-15 10:30:00,0.3426875
2018-03-16 10:30:00,0.2954
2018-03-17 10:30:00,0.32936248
2018-03-18 10:30:00,0.2766875
2018-03-19 10:30:00,0.2708875
2018-03-20 10:30:00,0.290625
2018-03-21 10:30:00,0.34922498
2018-03-22 10:30:00,0.259575
2018-03-23 10:30:00,0.23583749
2018-03-24 10:30:00,0.28004998
2018-03-25 10:30:00,0.28876248
2018-03-26 10:30:00,0.2856125
2018-03-27 10:30:00,0.2844
2018-03-28 10:30:00,0.2278375
2018-03-29 10:30:00,0.2205125
2018-03-30 10:30:00,0.35665
2018-03-31 10:30:00,0.5811125
2018-04-01 10:30:00,0.296675
2018-04-02 10:30:00,0.15646249
2018-04-03 10:30:00,0.1436625
2018-04-04 10:30:00,0.13186249
2018-04-05 10:30:00,0.269575
2018-04-06 10:30:00,0.1641875
2018-04-07 10:30:00,0.13913749
2018-04-08 10:30:00,0.1876
2018-04-09 10:30:00,0.24223751
2018-04-10 10:30:00,0.5464
2018-04-11 10:30:00,0.2279
2018-04-12 10:30:00,0.2624
2018-04-13 10:30:00,0.77858746
2018-04-14 10:30:00,0.6969625
2018-04-15 10:30:00,0.36073747
2018-04-16 10:30:00,0.2801875
2018-04-17 10:30:00,0.2712375
2018-04-18 10:30:00,0.38178748
2018-04-19 10:30:00,0.29571247
2018-04-20 10:30:00,0.7227625
2018-04-21 10:30:00,0.57081246
2018-04-22 10:30:00,0.41717502
2018-04-23 10:30:00,0.4025375
2018-04-24 10:30:00,0.2923875
2018-04-25 10:30:00,0.24372499
2018-04-26 10:30:00,0.2832375
2018-04-27 10:30:00,0.24559999
2018-04-28 10:30:00,0.3375875
2018-04-29 10:30:00,0.3960875
2018-04-30 10:30:00,0.362325
2018-05-01 10:30:00,0.4834875
2018-05-02 10:30:00,0.3379375
2018-05-03 10:30:00,0.28046247
2018-05-04 10:30:00,0.208475
2018-05-05 10:30:00,0.143925
2018-05-06 10:30:00,0.26805
2018-05-07 10:30:00,0.40881246
2018-05-08 10:30:00,0.34905
2018-05-09 10:30:00,0.2331875
2018-05-10 10:30:00,0.3141875
2018-05-11 10:30:00,0.34127498
2018-05-12 10:30:00,0.35122502
2018-05-13 10:30:00,0.4776125
2018-05-14 10:30:00,0.269525
2018-05-15 10:30:00,0.5716875
2018-05-16 10:30:00,0.59265
2018-05-17 10:30:00,0.389775
2018-05-18 10:30:00,0.3479
2018-05-19 10:30:00,0.22258751
2018-05-20 10:30:00,0.4888125
2018-05-21 10:30:00,0.45419997
2018-05-22 10:30:00,0.6685875
2018-05-23 10:30:00,0.44803748
2018-05-24 10:30:00,0.5044125
2018-05-25 10:30:00,0.36554998
2018-05-26 10:30:00,0.47763747
2018-05-27 10:30:00,0.7429
2018-05-28 10:30:00,0.7352875
2018-05-29 10:30:00,0.83036244
2018-05-30 10:30:00,0.51184994
2018-05-31 10:30:00,0.40335
2018-06-01 10:30:00,0.19338751
2018-06-02 10:30:00,0.1469125
2018-06-03 10:30:00,0.2864
2018-06-04 10:30:00,0.5281375
2018-06-05 10:30:00,0.4140875
2018-06-06 10:30:00,0.4728625
2018-06-07 10:30:00,0.42729998
2018-06-08 10:30:00,0.471
2018-06-09 10:30:00,0.59685
2018-06-10 10:30:00,0.595275
2018-06-11 10:30:00,0.733625
2018-06-12 10:30:00,0.77715
2018-06-13 10:30:00,0.71006244
2018-06-14 10:30:00,0.7296375
2018-06-15 10:30:00,0.76476246
2018-06-16 10:30:00,0.51858747
2018-06-17 10:30:00,0.4552
2018-06-18 10:30:00,0.749875
2018-06-19 10:30:00,0.5099125
2018-06-20 10:30:00,0.5682375
2018-06-21 10:30:00,0.4620875
2018-06-22 10:30:00,0.487225
2018-06-23 10:30:00,0.46154997
2018-06-24 10:30:00,0.672175
2018-06-25 10:30:00,0.850475
2018-06-26 10:30:00,0.8783
2018-06-27 10:30:00,0.74254996
2018-06-28 10:30:00,0.6125
2018-06-29 10:30:00,0.58318746
2018-06-30 10:30:00,0.54171246
2018-07-01 10:30:00,0.5614625
2018-07-02 10:30:00,0.6014125
2018-07-03 10:30:00,0.65775
2018-07-04 10:30:00,0.93622494
2018-07-05 10:30:00,0.84222496
2018-07-06 10:30:00,0.74871254
2018-07-07 10:30:00,0.94
2018-07-08 10:30:00,0.7483625
2018-07-09 10:30:00,0.6504625
2018-07-10 10:30:00,0.7683125
2018-07-11 10:30:00,0.83656245
2018-07-12 10:30:00,0.66228753
2018-07-13 10:30:00,0.5977125
2018-07-14 10:30:00,0.5805375
2018-07-15 10:30:00,0.5748375
2018-07-16 10:30:00,0.92403746
2018-07-17 10:30:00,0.899875
2018-07-18 10:30:00,0.84021246
2018-07-19 10:30:00,0.74221253
2018-07-20 10:30:00,0.8986875
2018-07-21 10:30:00,0.946825
2018-07-22 10:30:00,0.7247125
2018-07-23 10:30:00,0.6775625
2018-07-24 10:30:00,0.8789375
2018-07-25 10:30:00,0.8315375
2018-07-26 10:30:00,0.716325
2018-07-27 10:30:00,0.76278746
2018-07-28 10:30:00,0.77036244
2018-07-29 10:30:00,0.731275
2018-07-30 10:30:00,0.8489375
2018-07-31 10:30:00,0.5844125
2018-08-01 10:30:00,0.6507125
2018-08-02 10:30:00,0.698525
2018-08-03 10:30:00,0.78145
2018-08-04 10:30:00,0.87261254
2018-08-05 10:30:00,0.7146375
2018-08-06 10:30:00,0.78872496
2018-08-07 10:30:00,0.802975
2018-08-08 10:30:00,0.720325
2018-08-09 10:30:00,0.589575
2018-08-10 10:30:00,0.626175
2018-08-11 10:30:00,0.7923874
2018-08-12 10:30:00,0.787125
2018-08-13 10:30:00,0.9365625
2018-08-14 10:30:00,0.8981125
2018-08-15 10:30:00,0.788225
2018-08-16 10:30:00,0.72648746
2018-08-17 10:30:00,0.79940003
2018-08-18 10:30:00,0.60965
2018-08-19 10:30:00,0.656625
2018-08-20 10:30:00,0.73029995
2018-08-21 10:30:00,0.5761
2018-08-22 10:30:00,0.64346254
2018-08-23 10:30:00,0.6858875
2018-08-24 10:30:00,0.698125
2018-08-25 10:30:00,0.9296875
2018-08-26 10:30:00,0.77089995
2018-08-27 10:30:00,0.7185624
2018-08-28 10:30:00,0.95327497
2018-08-29 10:30:00,0.845925
2018-08-30 10:30:00,0.87483746
2018-08-31 10:30:00,0.73171246
2018-09-01 10:30:00,0.728575
2018-09-02 10:30:00,0.896225
2018-09-03 10:30:00,0.6879875
2018-09-04 10:30:00,0.5789
2018-09-05 10:30:00,0.6448375
2018-09-06 10:30:00,0.46005
2018-09-07 10:30:00,0.607525
2018-09-08 10:30:00,0.58696246
2018-09-09 10:30:00,0.65655
2018-09-10 10:30:00,0.7256749
2018-09-11 10:30:00,0.63406247
2018-09-12 10:30:00,0.57409996
2018-09-13 10:30:00,0.5300625
2018-09-14 10:30:00,0.6013375
2018-09-15 10:30:00,0.43091246
2018-09-16 10:30:00,0.4758125
2018-09-17 10:30:00,0.5373375
2018-09-18 10:30:00,0.58612496
2018-09-19 10:30:00,0.6111875
2018-09-20 10:30:00,0.6249625
2018-09-21 10:30:00,0.5631
2018-09-22 10:30:00,0.6143625
2018-09-23 10:30:00,0.6630749
2018-09-24 10:30:00,0.554125
2018-09-25 10:30:00,0.538175
2018-09-26 10:30:00,0.55259997
2018-09-27 10:30:00,0.467
2018-09-28 10:30:00,0.726175
2018-09-29 10:30:00,0.95524997
2018-09-30 10:30:00,0.96357495
2018-10-01 10:30:00,0.52213746
2018-10-02 10:30:00,0.57331246
2018-10-03 10:30:00,0.65035
2018-10-04 10:30:00,0.54855
2018-10-05 10:30:00,0.3539
2018-10-06 10:30:00,0.4223125
2018-10-07 10:30:00,0.539625
2018-10-08 10:30:00,0.427375
2018-10-09 10:30:00,0.51331246
2018-10-10 10:30:00,0.5373625
2018-10-11 10:30:00,0.47818747
2018-10-12 10:30:00,0.4146625
2018-10-13 10:30:00,0.325025
2018-10-14 10:30:00,0.38
2018-10-15 10:30:00,0.332475
2018-10-16 10:30:00,0.37381247
2018-10-17 10:30:00,0.44117498
2018-10-18 10:30:00,0.3627
2018-10-19 10:30:00,0.39807498
2018-10-20 10:30:00,0.3576125
2018-10-21 10:30:00,0.417275
2018-10-22 10:30:00,0.38608748
2018-10-23 10:30:00,0.54263747
2018-10-24 10:30:00,0.5017375
2018-10-25 10:30:00,0.7336625
2018-10-26 10:30:00,0.5578875
2018-10-27 10:30:00,0.303325
2018-10-28 10:30:00,0.3664375
2018-10-29 10:30:00,0.45365
2018-10-30 10:30:00,0.4334375
2018-10-31 10:30:00,0.37967497
2018-11-01 10:30:00,0.49531248
2018-11-02 10:30:00,0.37235
2018-11-03 10:30:00,0.40357497
2018-11-04 10:30:00,0.4304375
2018-11-05 10:30:00,0.4526625
2018-11-06 10:30:00,0.39561248
2018-11-07 10:30:00,0.43771246
2018-11-08 10:30:00,0.5709125
2018-11-09 10:30:00,0.46271247
2018-11-10 10:30:00,0.3925375
2018-11-11 10:30:00,0.49101248
2018-11-12 10:30:00,0.5671
2018-11-13 10:30:00,0.5496375
2018-11-14 10:30:00,0.5599875
2018-11-15 10:30:00,0.3120375
2018-11-16 10:30:00,0.34412497
2018-11-17 10:30:00,0.4775875
2018-11-18 10:30:00,0.4463375
2018-11-19 10:30:00,0.4273125
2018-11-20 10:30:00,0.3741
2018-11-21 10:30:00,0.3014125
2018-11-22 10:30:00,0.390525
2018-11-23 10:30:00,0.35415
2018-11-24 10:30:00,0.33028752
2018-11-25 10:30:00,0.3237625
2018-11-26 10:30:00,0.219875
2018-11-27 10:30:00,0.2513375
2018-11-28 10:30:00,0.294475
2018-11-29 10:30:00,0.30881247
2018-11-30 10:30:00,0.33185
2018-12-01 10:30:00,0.32013747
2018-12-02 10:30:00,0.2907875
2018-12-03 10:30:00,0.26999998
2018-12-04 10:30:00,0.2871875
2018-12-05 10:30:00,0.31046247
2018-12-06 10:30:00,0.27438748
2018-12-07 10:30:00,0.27241248
2018-12-08 10:30:00,0.3006875
2018-12-09 10:30:00,0.4266125
2018-12-10 10:30:00,0.51955
2018-12-11 10:30:00,0.465325
2018-12-12 10:30:00,0.6449375
2018-12-13 10:30:00,0.47
2018-12-14 10:30:00,0.538075
2018-12-15 10:30:00,0.38092497
2018-12-16 10:30:00,0.454425
2018-12-17 10:30:00,0.405825
2018-12-18 10:30:00,0.5003625
2018-12-19 10:30:00,0.5018
2018-12-20 10:30:00,0.5813375
2018-12-21 10:30:00,0.58091253
2018-12-22 10:30:00,0.2816625
2018-12-23 10:30:00,0.2703
2018-12-24 10:30:00,0.32779998
2018-12-25 10:30:00,0.23348749
2018-12-26 10:30:00,0.25358748
2018-12-27 10:30:00,0.26288748
2018-12-28 10:30:00,0.2936625
2018-12-29 10:30:00,0.307275
2018-12-30 10:30:00,0.38853753
2018-12-31 10:30:00,0.3396875
2019-01-01 10:30:00,0.293825
2019-01-02 10:30:00,0.35685
2019-01-03 10:30:00,0.38384998
2019-01-04 10:30:00,0.3194625
2019-01-05 10:30:00,0.29764998
2019-01-06 10:30:00,0.36767498
2019-01-07 10:30:00,0.3339375
2019-01-08 10:30:00,0.23733748
2019-01-09 10:30:00,0.23202498
2019-01-10 10:30:00,0.4292625
2019-01-11 10:30:00,0.52325
2019-01-12 10:30:00,0.5168375
2019-01-13 10:30:00,0.492925
2019-01-14 10:30:00,0.3361
2019-01-15 10:30:00,0.2777625
2019-01-16 10:30:00,0.3782125
2019-01-17 10:30:00,0.4137125
2019-01-18 10:30:00,0.4315375
2019-01-19 10:30:00,0.359
2019-01-20 10:30:00,0.3062625
2019-01-21 10:30:00,0.311175
2019-01-22 10:30:00,0.31199998
2019-01-23 10:30:00,0.29143748
2019-01-24 10:30:00,0.34807497
2019-01-25 10:30:00,0.3002375
2019-01-26 10:30:00,0.2957125
2019-01-27 10:30:00,0.3160375
2019-01-28 10:30:00,0.34405
2019-01-29 10:30:00,0.27868748
2019-01-30 10:30:00,0.26223752
2019-01-31 10:30:00,0.2410625
2019-02-01 10:30:00,0.20862499
2019-02-02 10:30:00,0.3061375
2019-02-03 10:30:00,0.24823749
2019-02-04 10:30:00,0.30621248
2019-02-05 10:30:00,0.2543625
2019-02-06 10:30:00,0.23184998
2019-02-07 10:30:00,0.22385
2019-02-08 10:30:00,0.2654
2019-02-09 10:30:00,0.27899998
2019-02-10 10:30:00,0.2830125
2019-02-11 10:30:00,0.2679
2019-02-12 10:30:00,0.2271375
2019-02-13 10:30:00,0.2125625
2019-02-14 10:30:00,0.1685375
2019-02-15 10:30:00,0.161475
2019-02-16 10:30:00,0.22639999
2019-02-17 10:30:00,0.1926
2019-02-18 10:30:00,0.130175
2019-02-19 10:30:00,0.2280875
2019-02-20 10:30:00,0.2114375
2019-02-21 10:30:00,0.2085375
2019-02-22 10:30:00,0.29883748
2019-02-23 10:30:00,0.2412125
2019-02-24 10:30:00,0.23152499
2019-02-25 10:30:00,0.3130125
2019-02-26 10:30:00,0.27054998
2019-02-27 10:30:00,0.2897125
2019-02-28 10:30:00,0.25501248
2019-03-01 10:30:00,0.23948748
2019-03-02 10:30:00,0.22031249
2019-03-03 10:30:00,0.292275
2019-03-04 10:30:00,0.2352
2019-03-05 10:30:00,0.4333875
2019-03-06 10:30:00,0.287525
2019-03-07 10:30:00,0.220525
2019-03-08 10:30:00,0.1401375
2019-03-09 10:30:00,0.1972625
2019-03-10 10:30:00,0.1392875
2019-03-11 10:30:00,0.2140375
2019-03-12 10:30:00,0.18698749
2019-03-13 10:30:00,0.238475
2019-03-14 10:30:00,0.27441248
2019-03-15 10:30:00,0.34338748
2019-03-16 10:30:00,0.3989375
2019-03-17 10:30:00,0.22974999
2019-03-18 10:30:00,0.1997625
2019-03-19 10:30:00,0.278225
2019-03-20 10:30:00,0.38202497
2019-03-21 10:30:00,0.220475
2019-03-22 10:30:00,0.2257625
2019-03-23 10:30:00,0.186425
2019-03-24 10:30:00,0.2206125
2019-03-25 10:30:00,0.091737494
2019-03-26 10:30:00,0.106512494
2019-03-27 10:30:00,0.1119125
2019-03-28 10:30:00,0.1498625
2019-03-29 10:30:00,0.32099998
2019-03-30 10:30:00,0.202775
2019-03-31 10:30:00,0.1928125
2019-04-01 10:30:00,0.1566
2019-04-02 10:30:00,0.13078749
2019-04-03 10:30:00,0.1439375
2019-04-04 10:30:00,0.33916247
2019-04-05 10:30:00,0.2384
2019-04-06 10:30:00,0.269775
2019-04-07 10:30:00,0.3190875
2019-04-08 10:30:00,0.291125
2019-04-09 10:30:00,0.203025
2019-04-10 10:30:00,0.1296375
2019-04-11 10:30:00,0.1538375
2019-04-12 10:30:00,0.100675
2019-04-13 10:30:00,0.206225
2019-04-14 10:30:00,0.1983875
2019-04-15 10:30:00,0.10104999
2019-04-16 10:30:00,0.127425
2019-04-17 10:30:00,0.461675
2019-04-18 10:30:00,0.148
2019-04-19 10:30:00,0.1119375
2019-04-20 10:30:00,0.09315
2019-04-21 10:30:00,0.086762495
2019-04-22 10:30:00,0.1529125
2019-04-23 10:30:00,0.0982625
2019-04-24 10:30:00,0.15072499
2019-04-25 10:30:00,0.17456248
2019-04-26 10:30:00,0.115587495
2019-04-27 10:30:00,0.079325
2019-04-28 10:30:00,0.311925
2019-04-29 10:30:00,0.458475
2019-04-30 10:30:00,0.1922875
2019-05-01 10:30:00,0.1692375
2019-05-02 10:30:00,0.2261375
2019-05-03 10:30:00,0.173125
2019-05-04 10:30:00,0.49941248
2019-05-05 10:30:00,0.2119
2019-05-06 10:30:00,0.146875
2019-05-07 10:30:00,0.15529999
2019-05-08 10:30:00,0.17702499
2019-05-09 10:30:00,0.2430625
2019-05-10 10:30:00,0.25305
2019-05-11 10:30:00,0.46757498
2019-05-12 10:30:00,0.53636247
2019-05-13 10:30:00,0.675675
2019-05-14 10:30:00,0.50511247
2019-05-15 10:30:00,0.3401
2019-05-16 10:30:00,0.19747499
2019-05-17 10:30:00,0.22282499
2019-05-18 10:30:00,0.2187125
2019-05-19 10:30:00,0.862875
2019-05-20 10:30:00,0.4862625
2019-05-21 10:30:00,0.5271125
2019-05-22 10:30:00,0.422675
2019-05-23 10:30:00,0.48053747
2019-05-24 10:30:00,0.33514997
2019-05-25 10:30:00,0.48956248
2019-05-26 10:30:00,0.5990625
2019-05-27 10:30:00,0.29865
2019-05-28 10:30:00,0.18450001
2019-05-29 10:30:00,0.23155001
2019-05-30 10:30:00,0.4771125
2019-05-31 10:30:00,0.5324375
2019-06-01 10:30:00,0.48984998
2019-06-02 10:30:00,0.5298125
2019-06-03 10:30:00,0.548925
2019-06-04 10:30:00,0.4995875
2019-06-05 10:30:00,0.3948375
2019-06-06 10:30:00,0.6576
2019-06-07 10:30:00,0.89037496
2019-06-08 10:30:00,0.86942494
2019-06-09 10:30:00,0.78538746
2019-06-10 10:30:00,0.685175
2019-06-11 10:30:00,0.627975
2019-06-12 10:30:00,0.698075
2019-06-13 10:30:00,0.43786252
2019-06-14 10:30:00,0.6223125
2019-06-15 10:30:00,0.58605
2019-06-16 10:30:00,0.528525
2019-06-17 10:30:00,0.4395
2019-06-18 10:30:00,0.5159625
2019-06-19 10:30:00,0.4754375
2019-06-20 10:30:00,0.5284
2019-06-21 10:30:00,0.508025
2019-06-22 10:30:00,0.5531375
2019-06-23 10:30:00,0.45053747
2019-06-24 10:30:00,0.38314998
2019-06-25 10:30:00,0.79223746
2019-06-26 10:30:00,0.8489625
2019-06-27 10:30:00,0.7547125
2019-06-28 10:30:00,0.81856245
2019-06-29 10:30:00,0.74512494
2019-06-30 10:30:00,0.73683745
2019-07-01 10:30:00,0.5400375
2019-07-02 10:30:00,0.7613375
2019-07-03 10:30:00,0.7325875
2019-07-04 10:30:00,0.73155
2019-07-05 10:30:00,0.79635
2019-07-06 10:30:00,0.9316625
2019-07-07 10:30:00,0.71449995
2019-07-08 10:30:00,0.7475375
2019-07-09 10:30:00,0.7345625
2019-07-10 10:30:00,0.7528375
2019-07-11 10:30:00,0.8018625
2019-07-12 10:30:00,0.76285005
2019-07-13 10:30:00,0.77762496
2019-07-14 10:30:00,0.7270749
2019-07-15 10:30:00,0.68442494
2019-07-16 10:30:00,0.7780875
2019-07-17 10:30:00,0.6965
2019-07-18 10:30:00,0.67504996
2019-07-19 10:30:00,0.6689875
2019-07-20 10:30:00,0.86043745
2019-07-21 10:30:00,0.6385625
2019-07-22 10:30:00,0.6376875
2019-07-23 10:30:00,0.866075
2019-07-24 10:30:00,0.753675
2019-07-25 10:30:00,0.78793746
2019-07-26 10:30:00,0.6583625
2019-07-27 10:30:00,0.81794995
2019-07-28 10:30:00,0.72894996
2019-07-29 10:30:00,0.7251125
2019-07-30 10:30:00,0.7653125
2019-07-31 10:30:00,0.5978375
2019-08-01 10:30:00,0.66162497
2019-08-02 10:30:00,0.68262494
2019-08-03 10:30:00,0.661125
2019-08-04 10:30:00,0.65177494
2019-08-05 10:30:00,0.73882496
2019-08-06 10:30:00,0.9172125
2019-08-07 10:30:00,0.788525
2019-08-08 10:30:00,0.8794625
2019-08-09 10:30:00,0.81702495
2019-08-10 10:30:00,0.878225
2019-08-11 10:30:00,0.830125
2019-08-12 10:30:00,0.7678375
2019-08-13 10:30:00,0.72754997
2019-08-14 10:30:00,0.68152505
2019-08-15 10:30:00,0.6164125
2019-08-16 10:30:00,0.72951245
2019-08-17 10:30:00,0.74645
2019-08-18 10:30:00,0.7468
2019-08-19 10:30:00,0.70558745
2019-08-20 10:30:00,0.86246246
2019-08-21 10:30:00,0.643
2019-08-22 10:30:00,0.7489125
2019-08-23 10:30:00,0.78135
2019-08-24 10:30:00,0.786025
2019-08-25 10:30:00,0.80943745
2019-08-26 10:30:00,0.89654994
2019-08-27 10:30:00,0.7176125
2019-08-28 10:30:00,0.8039375
2019-08-29 10:30:00,0.788375
2019-08-30 10:30:00,0.6899375
2019-08-31 10:30:00,0.6801
2019-09-01 10:30:00,0.679875
2019-09-02 10:30:00,0.73676246
2019-09-03 10:30:00,0.731825
2019-09-04 10:30:00,0.69885
2019-09-05 10:30:00,0.62488747
2019-09-06 10:30:00,0.75343746
2019-09-07 10:30:00,0.7749375
2019-09-08 10:30:00,0.513875
2019-09-09 10:30:00,0.4709375
2019-09-10 10:30:00,0.55695
2019-09-11 10:30:00,0.5631125
2019-09-12 10:30:00,0.48921248
2019-09-13 10:30:00,0.60875
2019-09-14 10:30:00,0.5109375
2019-09-15 10:30:00,0.37987497
2019-09-16 10:30:00,0.4622125
2019-09-17 10:30:00,0.43855
2019-09-18 10:30:00,0.3743375
2019-09-19 10:30:00,0.55695
2019-09-20 10:30:00,0.62331253
2019-09-21 10:30:00,0.5798875
2019-09-22 10:30:00,0.57656246
2019-09-23 10:30:00,0.36458752
2019-09-24 10:30:00,0.39259997
2019-09-25 10:30:00,0.511225
2019-09-26 10:30:00,0.4775
2019-09-27 10:30:00,0.4193
2019-09-28 10:30:00,0.28965
2019-09-29 10:30:00,0.4271625
2019-09-30 10:30:00,0.59015
2019-10-01 10:30:00,0.5444125
2019-10-02 10:30:00,0.6550625
2019-10-03 10:30:00,0.72991246
2019-10-04 10:30:00,0.5003625
2019-10-05 10:30:00,0.55645
2019-10-06 10:30:00,0.443
2019-10-07 10:30:00,0.41988748
2019-10-08 10:30:00,0.5237125
2019-10-09 10:30:00,0.39421248
2019-10-10 10:30:00,0.2808375
2019-10-11 10:30:00,0.3288625
2019-10-12 10:30:00,0.3140625
2019-10-13 10:30:00,0.299175
2019-10-14 10:30:00,0.28292498
2019-10-15 10:30:00,0.2691625
2019-10-16 10:30:00,0.46139997
2019-10-17 10:30:00,0.3960875
2019-10-18 10:30:00,0.48901248
2019-10-19 10:30:00,0.57735
2019-10-20 10:30:00,0.455425
2019-10-21 10:30:00,0.3784875
2019-10-22 10:30:00,0.3985375
2019-10-23 10:30:00,0.35965
2019-10-24 10:30:00,0.7284375
2019-10-25 10:30:00,0.52295
2019-10-26 10:30:00,0.65942496
2019-10-27 10:30:00,0.6189875
2019-10-28 10:30:00,0.505475
2019-10-29 10:30:00,0.4235125
2019-10-30 10:30:00,0.3983875
2019-10-31 10:30:00,0.2839625
2019-11-01 10:30:00,0.314825
2019-11-02 10:30:00,0.43513748
2019-11-03 10:30:00,0.48068747
2019-11-04 10:30:00,0.37605
2019-11-05 10:30:00,0.26178747
2019-11-06 10:30:00,0.3466375
2019-11-07 10:30:00,0.34263748
2019-11-08 10:30:00,0.47452497
2019-11-09 10:30:00,0.5753625
2019-11-10 10:30:00,0.46351248
2019-11-11 10:30:00,0.24632499
2019-11-12 10:30:00,0.7143
2019-11-13 10:30:00,0.406525
2019-11-14 10:30:00,0.45825
2019-11-15 10:30:00,0.4160625
2019-11-16 10:30:00,0.40701246
2019-11-17 10:30:00,0.495425
2019-11-18 10:30:00,0.311025
2019-11-19 10:30:00,0.3252625
2019-11-20 10:30:00,0.47216251
2019-11-21 10:30:00,0.533925
2019-11-22 10:30:00,0.41924998
2019-11-23 10:30:00,0.29486248
2019-11-24 10:30:00,0.34515
2019-11-25 10:30:00,0.338825
2019-11-26 10:30:00,0.30037498
2019-11-27 10:30:00,0.3053875
2019-11-28 10:30:00,0.33735
2019-11-29 10:30:00,0.424575
2019-11-30 10:30:00,0.54952496
2019-12-01 10:30:00,0.43162498
2019-12-02 10:30:00,0.3114125
2019-12-03 10:30:00,0.2841125
2019-12-04 10:30:00,0.3001625
2019-12-05 10:30:00,0.307575
2019-12-06 10:30:00,0.42775
2019-12-07 10:30:00,0.5072375
2019-12-08 10:30:00,0.6613625
2019-12-09 10:30:00,0.59147495
2019-12-10 10:30:00,0.6347125
2019-12-11 10:30:00,0.49915
2019-12-12 10:30:00,0.570825
2019-12-13 10:30:00,0.5234
2019-12-14 10:30:00,0.5877375
2019-12-15 10:30:00,0.5799625
2019-12-16 10:30:00,0.5084125
2019-12-17 10:30:00,0.463175
2019-12-18 10:30:00,0.48845
2019-12-19 10:30:00,0.5071125
2019-12-20 10:30:00,0.48239997
2019-12-21 10:30:00,0.563875
2019-12-22 10:30:00,0.62303746
2019-12-23 10:30:00,0.54838747
2019-12-24 10:30:00,0.6152125
2019-12-25 10:30:00,0.5525875
2019-12-26 10:30:00,0.530775
2019-12-27 10:30:00,0.58085
2019-12-28 10:30:00,0.6311375
2019-12-29 10:30:00,0.60487497
2019-12-30 10:30:00,0.456425
2019-12-31 10:30:00,0.44182497
2020-01-01 10:30:00,0.54029995
2020-01-02 10:30:00,0.46815
2020-01-03 10:30:00,0.5420875
2020-01-04 10:30:00,0.578075
2020-01-05 10:30:00,0.68122494
2020-01-06 10:30:00,0.7635875
2020-01-07 10:30:00,0.6692625
2020-01-08 10:30:00,0.6216124
2020-01-09 10:30:00,0.657725
2020-01-10 10:30:00,0.5623625
2020-01-11 10:30:00,0.5573875
2020-01-12 10:30:00,0.5031
2020-01-13 10:30:00,0.59143746
2020-01-14 10:30:00,0.5861375
2020-01-15 10:30:00,0.562625
2020-01-16 10:30:00,0.5439625
2020-01-17 10:30:00,0.6231375
2020-01-18 10:30:00,0.71349996
2020-01-19 10:30:00,0.7009125
2020-01-20 10:30:00,0.6002375
2020-01-21 10:30:00,0.54991245
2020-01-22 10:30:00,0.59575
2020-01-23 10:30:00,0.459375
2020-01-24 10:30:00,0.5879125
2020-01-25 10:30:00,0.6303375
2020-01-26 10:30:00,0.63345
2020-01-27 10:30:00,0.62698746
2020-01-28 10:30:00,0.66201246
2020-01-29 10:30:00,0.6644125
2020-01-30 10:30:00,0.63093746
2020-01-31 10:30:00,0.60749996
2020-02-01 10:30:00,0.38768747
2020-02-02 10:30:00,0.42674997
2020-02-03 10:30:00,0.42947498
2020-02-04 10:30:00,0.40548748
2020-02-05 10:30:00,0.4466875
2020-02-06 10:30:00,0.39185
2020-02-07 10:30:00,0.5549875
2020-02-08 10:30:00,0.5775
2020-02-09 10:30:00,0.57229996
2020-02-10 10:30:00,0.658225
2020-02-11 10:30:00,0.48052502
2020-02-12 10:30:00,0.6133375
2020-02-13 10:30:00,0.7354125
2020-02-14 10:30:00,0.56329995
2020-02-15 10:30:00,0.48959997
2020-02-16 10:30:00,0.54580003
2020-02-17 10:30:00,0.422175
2020-02-18 10:30:00,0.43583748
2020-02-19 10:30:00,0.452825
2020-02-20 10:30:00,0.56409997
2020-02-21 10:30:00,0.6974499
2020-02-22 10:30:00,0.5291
2020-02-23 10:30:00,0.47959998
2020-02-24 10:30:00,0.44803748
2020-02-25 10:30:00,0.51696247
2020-02-26 10:30:00,0.4233
2020-02-27 10:30:00,0.44323748
2020-02-28 10:30:00,0.47296247
2020-02-29 10:30:00,0.51927495
2020-03-01 10:30:00,0.607
2020-03-02 10:30:00,0.5656125
2020-03-03 10:30:00,0.76395005
2020-03-04 10:30:00,0.5552625
2020-03-05 10:30:00,0.5616625
2020-03-06 10:30:00,0.65565
2020-03-07 10:30:00,0.48838747
2020-03-08 10:30:00,0.47814998
2020-03-09 10:30:00,0.33240002
2020-03-10 10:30:00,0.4821625
2020-03-11 10:30:00,0.37777498
2020-03-12 10:30:00,0.20298749
2020-03-13 10:30:00,0.459075
2020-03-14 10:30:00,0.341375
2020-03-15 10:30:00,0.25088748
2020-03-16 10:30:00,0.43305
2020-03-17 10:30:00,0.3935125
2020-03-18 10:30:00,0.3942875
2020-03-19 10:30:00,0.3893125
2020-03-20 10:30:00,0.3121
2020-03-21 10:30:00,0.268325
2020-03-22 10:30:00,0.44599998
2020-03-23 10:30:00,0.34826246
2020-03-24 10:30:00,0.36236247
2020-03-25 10:30:00,0.2674875
2020-03-26 10:30:00,0.2271875
2020-03-27 10:30:00,0.2861625
2020-03-28 10:30:00,0.3073625
2020-03-29 10:30:00,0.19111249
2020-03-30 10:30:00,0.16607499
2020-03-31 10:30:00,0.19677499
2020-04-01 10:30:00,0.19113751
2020-04-02 10:30:00,0.2119125
2020-04-03 10:30:00,0.20584999
2020-04-04 10:30:00,0.14982499
2020-04-05 10:30:00,0.19334999
2020-04-06 10:30:00,0.24264999
2020-04-07 10:30:00,0.32909998
2020-04-08 10:30:00,0.329875
2020-04-09 10:30:00,0.27876252
2020-04-10 10:30:00,0.155875
2020-04-11 10:30:00,0.17476249
2020-04-12 10:30:00,0.1135875
2020-04-13 10:30:00,0.11412499
2020-04-14 10:30:00,0.2541875
2020-04-15 10:30:00,0.210825
2020-04-16 10:30:00,0.347975
2020-04-17 10:30:00,0.19091249
2020-04-18 10:30:00,0.1463375
2020-04-19 10:30:00,0.6231375
2020-04-20 10:30:00,0.6481125
2020-04-21 10:30:00,0.6138
2020-04-22 10:30:00,0.4141625
2020-04-23 10:30:00,0.43025002
2020-04-24 10:30:00,0.6716375
2020-04-25 10:30:00,0.5923125
2020-04-26 10:30:00,0.5094625
2020-04-27 10:30:00,0.31204998
2020-04-28 10:30:00,0.5648625
2020-04-29 10:30:00,0.45791247
2020-04-30 10:30:00,0.37818748
2020-05-01 10:30:00,0.294225
2020-05-02 10:30:00,0.32625
2020-05-03 10:30:00,0.7703
2020-05-04 10:30:00,0.49891248
2020-05-05 10:30:00,0.47709998
2020-05-06 10:30:00,0.287525
2020-05-07 10:30:00,0.397725
2020-05-08 10:30:00,0.24896249
2020-05-09 10:30:00,0.40151247
2020-05-10 10:30:00,0.549375
2020-05-11 10:30:00,0.5264125
2020-05-12 10:30:00,0.36872497
2020-05-13 10:30:00,0.3522125
2020-05-14 10:30:00,0.29964998
2020-05-15 10:30:00,0.4811
2020-05-16 10:30:00,0.8095
2020-05-17 10:30:00,0.84411246
2020-05-18 10:30:00,0.5911875
2020-05-19 10:30:00,0.62065
2020-05-20 10:30:00,0.7184625
2020-05-21 10:30:00,0.68004996
2020-05-22 10:30:00,0.78959996
2020-05-23 10:30:00,0.6698625
2020-05-24 10:30:00,0.39494997
2020-05-25 10:30:00,0.4420375
2020-05-26 10:30:00,0.4381375
2020-05-27 10:30:00,0.46607497
2020-05-28 10:30:00,0.47076252
2020-05-29 10:30:00,0.52322495
2020-05-30 10:30:00,0.494625
2020-05-31 10:30:00,0.728525
2020-06-01 10:30:00,0.5195375
2020-06-02 10:30:00,0.6479375
2020-06-03 10:30:00,0.62905
2020-06-04 10:30:00,0.564225
2020-06-05 10:30:00,0.553625
2020-06-06 10:30:00,0.615475
2020-06-07 10:30:00,0.6464875
2020-06-08 10:30:00,0.56205
2020-06-09 10:30:00,0.4929375
2020-06-10 10:30:00,0.721525
2020-06-11 10:30:00,0.538175
2020-06-12 10:30:00,0.688975
2020-06-13 10:30:00,0.73733747
2020-06-14 10:30:00,0.4986
2020-06-15 10:30:00,0.519625
2020-06-16 10:30:00,0.5651125
2020-06-17 10:30:00,0.6136875
2020-06-18 10:30:00,0.6422375
2020-06-19 10:30:00,0.7101375
2020-06-20 10:30:00,0.80515
2020-06-21 10:30:00,0.6160875
2020-06-22 10:30:00,0.8981375
2020-06-23 10:30:00,0.85138744
2020-06-24 10:30:00,0.7833625
2020-06-25 10:30:00,0.72386247
2020-06-26 10:30:00,0.66800004
2020-06-27 10:30:00,0.6582375
2020-06-28 10:30:00,0.72365
2020-06-29 10:30:00,0.69525
2020-06-30 10:30:00,0.72104996
2020-07-01 10:30:00,0.65807503
2020-07-02 10:30:00,0.61075
2020-07-03 10:30:00,0.60609996
2020-07-04 10:30:00,0.81522495
2020-07-05 10:30:00,0.73179996
2020-07-06 10:30:00,0.81161255
2020-07-07 10:30:00,0.5785625
2020-07-08 10:30:00,0.6245
2020-07-09 10:30:00,0.6217
2020-07-10 10:30:00,0.67324996
2020-07-11 10:30:00,0.7420875
2020-07-12 10:30:00,0.7492
2020-07-13 10:30:00,0.627675
2020-07-14 10:30:00,0.65677494
2020-07-15 10:30:00,0.6305125
2020-07-16 10:30:00,0.6343
2020-07-17 10:30:00,0.7374375
2020-07-18 10:30:00,0.72427493
2020-07-19 10:30:00,0.64998746
2020-07-20 10:30:00,0.5767375
2020-07-21 10:30:00,0.45247495
2020-07-22 10:30:00,0.6559625
2020-07-23 10:30:00,0.60737497
2020-07-24 10:30:00,0.59555
2020-07-25 10:30:00,0.6813875
2020-07-26 10:30:00,0.62409997
2020-07-27 10:30:00,0.6749875
2020-07-28 10:30:00,0.79207504
2020-07-29 10:30:00,0.8757
2020-07-30 10:30:00,0.763
2020-07-31 10:30:00,0.73074996
2020-08-01 10:30:00,0.648925
2020-08-02 10:30:00,0.8747625
2020-08-03 10:30:00,0.87636244
2020-08-04 10:30:00,0.7844375
2020-08-05 10:30:00,0.7538625
2020-08-06 10:30:00,0.6884
2020-08-07 10:30:00,0.85395
2020-08-08 10:30:00,0.9256875
2020-08-09 10:30:00,0.80952495
2020-08-10 10:30:00,0.74122494
2020-08-11 10:30:00,0.65668744
2020-08-12 10:30:00,0.67491245
2020-08-13 10:30:00,0.996825
2020-08-14 10:30:00,0.813375
2020-08-15 10:30:00,0.739075
2020-08-16 10:30:00,0.771425
2020-08-17 10:30:00,0.823725
2020-08-18 10:30:00,0.68753743
2020-08-19 10:30:00,0.684075
2020-08-20 10:30:00,0.62995
2020-08-21 10:30:00,0.670275
2020-08-22 10:30:00,0.6924375
2020-08-23 10:30:00,0.764575
2020-08-24 10:30:00,0.85669994
2020-08-25 10:30:00,0.62137496
2020-08-26 10:30:00,0.73005
2020-08-27 10:30:00,0.96709996
2020-08-28 10:30:00,0.97435
2020-08-29 10:30:00,0.668925
2020-08-30 10:30:00,0.8816125
2020-08-31 10:30:00,0.8248625
2020-09-01 10:30:00,0.6718875
2020-09-02 10:30:00,0.6368125
2020-09-03 10:30:00,0.79192495
2020-09-04 10:30:00,0.73510003
2020-09-05 10:30:00,0.692725
2020-09-06 10:30:00,0.72459996
2020-09-07 10:30:00,0.7271625
2020-09-08 10:30:00,0.6827875
2020-09-09 10:30:00,0.78699994
2020-09-10 10:30:00,0.6142
2020-09-11 10:30:00,0.734375
2020-09-12 10:30:00,0.7651
2020-09-13 10:30:00,0.7929625
2020-09-14 10:30:00,0.8710375
2020-09-15 10:30:00,0.8646875
2020-09-16 10:30:00,0.85859996
2020-09-17 10:30:00,0.7270625
2020-09-18 10:30:00,0.7123375
2020-09-19 10:30:00,0.6480749
2020-09-20 10:30:00,0.7606875
2020-09-21 10:30:00,0.83037496
2020-09-22 10:30:00,0.69694996
2020-09-23 10:30:00,0.6383375
2020-09-24 10:30:00,0.726275
2020-09-25 10:30:00,0.75576246
2020-09-26 10:30:00,0.7207625
2020-09-27 10:30:00,0.4916125
2020-09-28 10:30:00,0.5329125
2020-09-29 10:30:00,0.4992875
2020-09-30 10:30:00,0.66019994
2020-10-01 10:30:00,0.80910003
2020-10-02 10:30:00,0.6568875
2020-10-03 10:30:00,0.521925
2020-10-04 10:30:00,0.560675
2020-10-05 10:30:00,0.50415
2020-10-06 10:30:00,0.5355125
2020-10-07 10:30:00,0.5680125
2020-10-08 10:30:00,0.613525
2020-10-09 10:30:00,0.600975
2020-10-10 10:30:00,0.31985
2020-10-11 10:30:00,0.3916625
2020-10-12 10:30:00,0.47454998
2020-10-13 10:30:00,0.5132125
2020-10-14 10:30:00,0.452575
2020-10-15 10:30:00,0.36368752
2020-10-16 10:30:00,0.461525
2020-10-17 10:30:00,0.42368752
2020-10-18 10:30:00,0.464075
2020-10-19 10:30:00,0.4941375
2020-10-20 10:30:00,0.3218
2020-10-21 10:30:00,0.462575
2020-10-22 10:30:00,0.39381248
2020-10-23 10:30:00,0.39291248
2020-10-24 10:30:00,0.4262875
2020-10-25 10:30:00,0.5490125
2020-10-26 10:30:00,0.46801248
2020-10-27 10:30:00,0.33715
2020-10-28 10:30:00,0.39135
2020-10-29 10:30:00,0.48158747
2020-10-30 10:30:00,0.35279998
2020-10-31 10:30:00,0.483425
2020-11-01 10:30:00,0.4768625
2020-11-02 10:30:00,0.34792498
2020-11-03 10:30:00,0.287775
2020-11-04 10:30:00,0.434075
2020-11-05 10:30:00,0.4474375
2020-11-06 10:30:00,0.41965
2020-11-07 10:30:00,0.456325
2020-11-08 10:30:00,0.3739875
2020-11-09 10:30:00,0.4547
2020-11-10 10:30:00,0.5494
2020-11-11 10:30:00,0.45284998
2020-11-12 10:30:00,0.45853752
2020-11-13 10:30:00,0.47233748
2020-11-14 10:30:00,0.46665
2020-11-15 10:30:00,0.4308625
2020-11-16 10:30:00,0.5348875
2020-11-17 10:30:00,0.686875
2020-11-18 10:30:00,0.59498745
2020-11-19 10:30:00,0.3644625
2020-11-20 10:30:00,0.394725
2020-11-21 10:30:00,0.4332125
2020-11-22 10:30:00,0.462675
2020-11-23 10:30:00,0.5586875
2020-11-24 10:30:00,0.633375
2020-11-25 10:30:00,0.483975
2020-11-26 10:30:00,0.47295
2020-11-27 10:30:00,0.431225
2020-11-28 10:30:00,0.47205
2020-11-29 10:30:00,0.53165
2020-11-30 10:30:00,0.50093746
2020-12-01 10:30:00,0.53122497
2020-12-02 10:30:00,0.5050125
2020-12-03 10:30:00,0.45154998
2020-12-04 10:30:00,0.4630375
2020-12-05 10:30:00,0.45103753
2020-12-06 10:30:00,0.4747
2020-12-07 10:30:00,0.438325
2020-12-08 10:30:00,0.4318125
2020-12-09 10:30:00,0.436925
2020-12-10 10:30:00,0.49855
2020-12-11 10:30:00,0.41459998
2020-12-12 10:30:00,0.43658748
2020-12-13 10:30:00,0.40075
2020-12-14 10:30:00,0.3712875
2020-12-15 10:30:00,0.35698748
2020-12-16 10:30:00,0.43786252
2020-12-17 10:30:00,0.4076875
2020-12-18 10:30:00,0.365775
2020-12-19 10:30:00,0.46921247
2020-12-20 10:30:00,0.4389375
2020-12-21 10:30:00,0.40803748
2020-12-22 10:30:00,0.5341
2020-12-23 10:30:00,0.5980875
2020-12-24 10:30:00,0.544325
2020-12-25 10:30:00,0.53526247
2020-12-26 10:30:00,0.636175
2020-12-27 10:30:00,0.60314995
2020-12-28 10:30:00,0.46304998
2020-12-29 10:30:00,0.37974998
2020-12-30 10:30:00,0.40885
2020-12-31 10:30:00,0.38619998
2021-01-01 10:30:00,0.41335
2021-01-02 10:30:00,0.43145
2021-01-03 10:30:00,0.43135002
2021-01-04 10:30:00,0.40802497
2021-01-05 10:30:00,0.41443747
2021-01-06 10:30:00,0.360125
2021-01-07 10:30:00,0.3953875
2021-01-08 10:30:00,0.4131125
2021-01-09 10:30:00,0.5123125
2021-01-10 10:30:00,0.4614375
2021-01-11 10:30:00,0.4609125
2021-01-12 10:30:00,0.701325
2021-01-13 10:30:00,0.47834998
2021-01-14 10:30:00,0.59713745
2021-01-15 10:30:00,0.5395375
2021-01-16 10:30:00,0.5469625
2021-01-17 10:30:00,0.49083745
2021-01-18 10:30:00,0.38228747
2021-01-19 10:30:00,0.5730625
2021-01-20 10:30:00,0.564975
2021-01-21 10:30:00,0.6199
2021-01-22 10:30:00,0.54725
2021-01-23 10:30:00,0.5595
2021-01-24 10:30:00,0.58178747
2021-01-25 10:30:00,0.5596875
2021-01-26 10:30:00,0.40715
2021-01-27 10:30:00,0.3988375
2021-01-28 10:30:00,0.3841875
2021-01-29 10:30:00,0.54452497
2021-01-30 10:30:00,0.487675
2021-01-31 10:30:00,0.7161
2021-02-01 10:30:00,0.49796247
2021-02-02 10:30:00,0.42401248
2021-02-03 10:30:00,0.43080002
2021-02-04 10:30:00,0.5919625
2021-02-05 10:30:00,0.5437375
2021-02-06 10:30:00,0.50322497
2021-02-07 10:30:00,0.480475
2021-02-08 10:30:00,0.5533
2021-02-09 10:30:00,0.48834997
2021-02-10 10:30:00,0.55231243
2021-02-11 10:30:00,0.4691375
2021-02-12 10:30:00,0.36674997
2021-02-13 10:30:00,0.3411375
2021-02-14 10:30:00,0.3366375
2021-02-15 10:30:00,0.32428747
2021-02-16 10:30:00,0.3317875
2021-02-17 10:30:00,0.282325
2021-02-18 10:30:00,0.40722498
2021-02-19 10:30:00,0.36319998
2021-02-20 10:30:00,0.7095125
2021-02-21 10:30:00,0.5297125
2021-02-22 10:30:00,0.3786375
2021-02-23 10:30:00,0.4531
2021-02-24 10:30:00,0.4138
2021-02-25 10:30:00,0.3255625
2021-02-26 10:30:00,0.5380875
2021-02-27 10:30:00,0.4749375
2021-02-28 10:30:00,0.28254998
2021-03-01 10:30:00,0.422625
2021-03-02 10:30:00,0.55745
2021-03-03 10:30:00,0.57792497
2021-03-04 10:30:00,0.35923746
2021-03-05 10:30:00,0.267025
2021-03-06 10:30:00,0.3255125
2021-03-07 10:30:00,0.35935
2021-03-08 10:30:00,0.39135
2021-03-09 10:30:00,0.204275
2021-03-10 10:30:00,0.3804375
2021-03-11 10:30:00,0.39790002
2021-03-12 10:30:00,0.3550125
2021-03-13 10:30:00,0.359575
2021-03-14 10:30:00,0.41845
2021-03-15 10:30:00,0.3137625
2021-03-16 10:30:00,0.17415
2021-03-17 10:30:00,0.29628748
2021-03-18 10:30:00,0.2669625
2021-03-19 10:30:00,0.46667498
2021-03-20 10:30:00,0.789725
2021-03-21 10:30:00,0.4799
2021-03-22 10:30:00,0.396825
2021-03-23 10:30:00,0.3245375
2021-03-24 10:30:00,0.33645
2021-03-25 10:30:00,0.3465625
2021-03-26 10:30:00,0.6851
2021-03-27 10:30:00,0.359775
2021-03-28 10:30:00,0.47056252
2021-03-29 10:30:00,0.33990002
2021-03-30 10:30:00,0.2407625
2021-03-31 10:30:00,0.37811247
2021-04-01 10:30:00,0.36624998
2021-04-02 10:30:00,0.32545
2021-04-03 10:30:00,0.29015002
2021-04-04 10:30:00,0.28039998
2021-04-05 10:30:00,0.26025
2021-04-06 10:30:00,0.197175
2021-04-07 10:30:00,0.25632498
2021-04-08 10:30:00,0.2890625
2021-04-09 10:30:00,0.27212498
2021-04-10 10:30:00,0.25928748
2021-04-11 10:30:00,0.47178748
2021-04-12 10:30:00,0.51544994
2021-04-13 10:30:00,0.32375
2021-04-14 10:30:00,0.307825
2021-04-15 10:30:00,0.57946247
2021-04-16 10:30:00,0.83762497
2021-04-17 10:30:00,0.49139997
2021-04-18 10:30:00,0.4109125
2021-04-19 10:30:00,0.2700375
2021-04-20 10:30:00,0.2999625
2021-04-21 10:30:00,0.3005375
2021-04-22 10:30:00,0.4757875
2021-04-23 10:30:00,0.573525
2021-04-24 10:30:00,0.28515
2021-04-25 10:30:00,0.2583625
2021-04-26 10:30:00,0.309225
2021-04-27 10:30:00,0.3079
2021-04-28 10:30:00,0.26854998
2021-04-29 10:30:00,0.47615
2021-04-30 10:30:00,0.644525
2021-05-01 10:30:00,0.5337375
2021-05-02 10:30:00,0.2872375
2021-05-03 10:30:00,0.39243752
2021-05-04 10:30:00,0.47068748
2021-05-05 10:30:00,0.4597
2021-05-06 10:30:00,0.48779997
2021-05-07 10:30:00,0.79964995
2021-05-08 10:30:00,0.636
2021-05-09 10:30:00,0.502975
2021-05-10 10:30:00,0.4379875
2021-05-11 10:30:00,0.4241625
2021-05-12 10:30:00,0.3156375
2021-05-13 10:30:00,0.37072498
2021-05-14 10:30:00,0.67943746
2021-05-15 10:30:00,0.35985
2021-05-16 10:30:00,0.2771
2021-05-17 10:30:00,0.3718125
2021-05-18 10:30:00,0.4677125
2021-05-19 10:30:00,0.5046625
2021-05-20 10:30:00,0.5875125
2021-05-21 10:30:00,0.45163748
2021-05-22 10:30:00,0.3259125
2021-05-23 10:30:00,0.4358875
2021-05-24 10:30:00,0.44485
2021-05-25 10:30:00,0.32548746
2021-05-26 10:30:00,0.3755
2021-05-27 10:30:00,0.6180125
2021-05-28 10:30:00,0.60359997
2021-05-29 10:30:00,0.42831248
2021-05-30 10:30:00,0.62553746
2021-05-31 10:30:00,0.6583625
2021-06-01 10:30:00,0.46542498
2021-06-02 10:30:00,0.928375
2021-06-03 10:30:00,0.84199995
2021-06-04 10:30:00,0.79248744
2021-06-05 10:30:00,0.77816254
2021-06-06 10:30:00,0.57755
2021-06-07 10:30:00,0.5842
2021-06-08 10:30:00,0.659625
2021-06-09 10:30:00,0.62662494
2021-06-10 10:30:00,0.5128875
2021-06-11 10:30:00,0.543375
2021-06-12 10:30:00,0.5892125
2021-06-13 10:30:00,0.6246375
2021-06-14 10:30:00,0.9770625
2021-06-15 10:30:00,0.68076247
2021-06-16 10:30:00,0.78725
2021-06-17 10:30:00,0.5242125
2021-06-18 10:30:00,0.6641375
2021-06-19 10:30:00,0.763625
2021-06-20 10:30:00,0.7654374
2021-06-21 10:30:00,0.8046
2021-06-22 10:30:00,0.669
2021-06-23 10:30:00,0.57286245
2021-06-24 10:30:00,0.5757
2021-06-25 10:30:00,0.71717495
2021-06-26 10:30:00,0.78464997
2021-06-27 10:30:00,0.7661125
2021-06-28 10:30:00,0.794675
2021-06-29 10:30:00,0.72859997
2021-06-30 10:30:00,0.880325
2021-07-01 10:30:00,0.8562874
2021-07-02 10:30:00,0.867825
2021-07-03 10:30:00,0.9073625
2021-07-04 10:30:00,0.90587497
2021-07-05 10:30:00,0.81544995
2021-07-06 10:30:00,0.8922875
2021-07-07 10:30:00,0.8797625
2021-07-08 10:30:00,0.92527497
2021-07-09 10:30:00,0.85342497
2021-07-10 10:30:00,0.849075
2021-07-11 10:30:00,0.77727497
2021-07-12 10:30:00,0.9277875
2021-07-13 10:30:00,0.942125
2021-07-14 10:30:00,0.9593125
2021-07-15 10:30:00,0.8844249
2021-07-16 10:30:00,0.8529625
2021-07-17 10:30:00,0.88092494
2021-07-18 10:30:00,0.8451
2021-07-19 10:30:00,0.88143754
2021-07-20 10:30:00,0.84387493
2021-07-21 10:30:00,0.86069995
2021-07-22 10:30:00,0.8972375
2021-07-23 10:30:00,0.82536244
2021-07-24 10:30:00,0.9165124
2021-07-25 10:30:00,0.8965
2021-07-26 10:30:00,0.98149997
2021-07-27 10:30:00,0.8751124
2021-07-28 10:30:00,0.8207125
2021-07-29 10:30:00,0.8316375
2021-07-30 10:30:00,0.88277495
2021-07-31 10:30:00,0.9292875
2021-08-01 10:30:00,0.8614875
2021-08-02 10:30:00,0.80515
2021-08-03 10:30:00,0.950325
2021-08-04 10:30:00,0.89434993
2021-08-05 10:30:00,0.73419994
2021-08-06 10:30:00,0.72609997
2021-08-07 10:30:00,0.793925
2021-08-08 10:30:00,0.890225
2021-08-09 10:30:00,0.94896245
2021-08-10 10:30:00,0.8071875
2021-08-11 10:30:00,0.943525
2021-08-12 10:30:00,0.85372496
2021-08-13 10:30:00,0.9138624
2021-08-14 10:30:00,0.87692505
2021-08-15 10:30:00,0.862175
2021-08-16 10:30:00,0.78426254
2021-08-17 10:30:00,0.8029
2021-08-18 10:30:00,0.7883
2021-08-19 10:30:00,0.8469375
2021-08-20 10:30:00,0.8086125
2021-08-21 10:30:00,0.788525
2021-08-22 10:30:00,0.8041625
2021-08-23 10:30:00,0.83105004
2021-08-24 10:30:00,0.807925
2021-08-25 10:30:00,0.89415
2021-08-26 10:30:00,0.91872495
2021-08-27 10:30:00,0.8009875
2021-08-28 10:30:00,0.8451
2021-08-29 10:30:00,0.69941247
2021-08-30 10:30:00,0.709925
2021-08-31 10:30:00,0.7643125
2021-09-01 10:30:00,0.742575
2021-09-02 10:30:00,0.80123746
2021-09-03 10:30:00,0.9084
2021-09-04 10:30:00,0.7883125
2021-09-05 10:30:00,0.841325
2021-09-06 10:30:00,0.95437497
2021-09-07 10:30:00,0.7725
2021-09-08 10:30:00,0.93162495
2021-09-09 10:30:00,0.91191244
2021-09-10 10:30:00,0.68676245
2021-09-11 10:30:00,0.72753745
2021-09-12 10:30:00,0.740725
2021-09-13 10:30:00,0.72012496
2021-09-14 10:30:00,0.761525
2021-09-15 10:30:00,0.916575
2021-09-16 10:30:00,0.66865
2021-09-17 10:30:00,0.68652505
2021-09-18 10:30:00,0.6919
2021-09-19 10:30:00,0.83366245
2021-09-20 10:30:00,0.8723625
2021-09-21 10:30:00,0.75582504
2021-09-22 10:30:00,0.74581254
2021-09-23 10:30:00,0.7415625
2021-09-24 10:30:00,0.81433743
2021-09-25 10:30:00,0.90637493
2021-09-26 10:30:00,0.97725
2021-09-27 10:30:00,0.68544996
2021-09-28 10:30:00,0.54522496
2021-09-29 10:30:00,0.5164
2021-09-30 10:30:00,0.67195
2021-10-01 10:30:00,0.65732497
2021-10-02 10:30:00,0.59956247
2021-10-03 10:30:00,0.7907125
2021-10-04 10:30:00,0.6794
2021-10-05 10:30:00,0.54811245
2021-10-06 10:30:00,0.71198744
2021-10-07 10:30:00,0.619275
2021-10-08 10:30:00,0.4824
2021-10-09 10:30:00,0.452175
2021-10-10 10:30:00,0.425825
2021-10-11 10:30:00,0.515875
2021-10-12 10:30:00,0.47312498
2021-10-13 10:30:00,0.6984875
2021-10-14 10:30:00,0.4899625
2021-10-15 10:30:00,0.42235
2021-10-16 10:30:00,0.3879625
2021-10-17 10:30:00,0.569875
2021-10-18 10:30:00,0.5861
2021-10-19 10:30:00,0.51845
2021-10-20 10:30:00,0.55609995
2021-10-21 10:30:00,0.534625
2021-10-22 10:30:00,0.51469994
2021-10-23 10:30:00,0.4508125
2021-10-24 10:30:00,0.44968748
2021-10-25 10:30:00,0.3928625
2021-10-26 10:30:00,0.422475
2021-10-27 10:30:00,0.435825
2021-10-28 10:30:00,0.55689996
2021-10-29 10:30:00,0.548975
2021-10-30 10:30:00,0.641625
2021-10-31 10:30:00,0.44712502
2021-11-01 10:30:00,0.6412625
2021-11-02 10:30:00,0.6747625
2021-11-03 10:30:00,0.69607496
2021-11-04 10:30:00,0.78725
2021-11-05 10:30:00,0.8087625
2021-11-06 10:30:00,0.5329625
2021-11-07 10:30:00,0.572025
2021-11-08 10:30:00,0.68305
2021-11-09 10:30:00,0.824475
2021-11-10 10:30:00,0.5686875
2021-11-11 10:30:00,0.36353746
2021-11-12 10:30:00,0.41983747
2021-11-13 10:30:00,0.53204995
2021-11-14 10:30:00,0.66058755
2021-11-15 10:30:00,0.66568744
2021-11-16 10:30:00,0.78115
2021-11-17 10:30:00,0.5063875
2021-11-18 10:30:00,0.4169125
2021-11-19 10:30:00,0.6264375
2021-11-20 10:30:00,0.7887375
2021-11-21 10:30:00,0.9145625
2021-11-22 10:30:00,0.56747496
2021-11-23 10:30:00,0.444075
2021-11-24 10:30:00,0.4513375
2021-11-25 10:30:00,0.47875
2021-11-26 10:30:00,0.6736625
2021-11-27 10:30:00,0.81525
2021-11-28 10:30:00,0.8568625
2021-11-29 10:30:00,0.7644
2021-11-30 10:30:00,0.62607497
2021-12-01 10:30:00,0.5993625
2021-12-02 10:30:00,0.4758125
2021-12-03 10:30:00,0.4612125
2021-12-04 10:30:00,0.6917
2021-12-05 10:30:00,0.51747495
2021-12-06 10:30:00,0.468125
2021-12-07 10:30:00,0.598825
2021-12-08 10:30:00,0.7183
2021-12-09 10:30:00,0.8305375
2021-12-10 10:30:00,0.6303
2021-12-11 10:30:00,0.47575
2021-12-12 10:30:00,0.46139997
2021-12-13 10:30:00,0.536425
2021-12-14 10:30:00,0.55885
2021-12-15 10:30:00,0.86772496
2021-12-16 10:30:00,0.55467504
2021-12-17 10:30:00,0.5114375
2021-12-18 10:30:00,0.6111125
2021-12-19 10:30:00,0.5987125
2021-12-20 10:30:00,0.426425
2021-12-21 10:30:00,0.47242498
2021-12-22 10:30:00,0.57765
2021-12-23 10:30:00,0.45283753
2021-12-24 10:30:00,0.45163748
2021-12-25 10:30:00,0.49151248
2021-12-26 10:30:00,0.55661243
2021-12-27 10:30:00,0.66531247
2021-12-28 10:30:00,0.59104997
2021-12-29 10:30:00,0.5795125
2021-12-30 10:30:00,0.4806
2021-12-31 10:30:00,0.563675
2022-01-01 10:30:00,0.530475
2022-01-02 10:30:00,0.4696875
2022-01-03 10:30:00,0.48413748
2022-01-04 10:30:00,0.62312496
2022-01-05 10:30:00,0.61193746
2022-01-06 10:30:00,0.68845
2022-01-07 10:30:00,0.66408753
2022-01-08 10:30:00,0.66442496
2022-01-09 10:30:00,0.5652625
2022-01-10 10:30:00,0.61785
2022-01-11 10:30:00,0.4624875
2022-01-12 10:30:00,0.5042875
2022-01-13 10:30:00,0.5628875
2022-01-14 10:30:00,0.6216875
2022-01-15 10:30:00,0.48967502
2022-01-16 10:30:00,0.51060003
2022-01-17 10:30:00,0.52064997
2022-01-18 10:30:00,0.6299125
2022-01-19 10:30:00,0.4646625
2022-01-20 10:30:00,0.5841125
2022-01-21 10:30:00,0.6758999
2022-01-22 10:30:00,0.6614625
2022-01-23 10:30:00,0.675
2022-01-24 10:30:00,0.71809995
2022-01-25 10:30:00,0.76183754
2022-01-26 10:30:00,0.5912375
2022-01-27 10:30:00,0.5269875
2022-01-28 10:30:00,0.4437625
2022-01-29 10:30:00,0.40827498
2022-01-30 10:30:00,0.4888375
2022-01-31 10:30:00,0.513525
2022-02-01 10:30:00,0.4597
2022-02-02 10:30:00,0.45198748
2022-02-03 10:30:00,0.43076247
2022-02-04 10:30:00,0.404725
2022-02-05 10:30:00,0.43103752
2022-02-06 10:30:00,0.4511
2022-02-07 10:30:00,0.54620004
2022-02-08 10:30:00,0.607975
2022-02-09 10:30:00,0.65468746
2022-02-10 10:30:00,0.81583744
2022-02-11 10:30:00,0.79051244
2022-02-12 10:30:00,0.6882125
2022-02-13 10:30:00,0.7194375
2022-02-14 10:30:00,0.6118
2022-02-15 10:30:00,0.51695
2022-02-16 10:30:00,0.639925
2022-02-17 10:30:00,0.603025
2022-02-18 10:30:00,0.77044994
2022-02-19 10:30:00,0.577825
2022-02-20 10:30:00,0.49903747
2022-02-21 10:30:00,0.46685
2022-02-22 10:30:00,0.5065
2022-02-23 10:30:00,0.4663
2022-02-24 10:30:00,0.44147497
2022-02-25 10:30:00,0.4795625
2022-02-26 10:30:00,0.481375
2022-02-27 10:30:00,0.516725
2022-02-28 10:30:00,0.50076246
2022-03-01 10:30:00,0.495075
2022-03-02 10:30:00,0.44803748
2022-03-03 10:30:00,0.49259996
2022-03-04 10:30:00,0.4067
2022-03-05 10:30:00,0.3210375
2022-03-06 10:30:00,0.3776125
2022-03-07 10:30:00,0.4011
2022-03-08 10:30:00,0.4127125
2022-03-09 10:30:00,0.44982496
2022-03-10 10:30:00,0.18462498
2022-03-11 10:30:00,0.219975
2022-03-12 10:30:00,0.8679999
2022-03-13 10:30:00,0.79015
2022-03-14 10:30:00,0.7653375
2022-03-15 10:30:00,0.78521246
2022-03-16 10:30:00,0.3705125
2022-03-17 10:30:00,0.4924875
2022-03-18 10:30:00,0.53603745
2022-03-19 10:30:00,0.388075
2022-03-20 10:30:00,0.378575
2022-03-21 10:30:00,0.34103748
2022-03-22 10:30:00,0.339925
2022-03-23 10:30:00,0.5664125
2022-03-24 10:30:00,0.73864996
2022-03-25 10:30:00,0.6311125
2022-03-26 10:30:00,0.4596875
2022-03-27 10:30:00,0.38794997
2022-03-28 10:30:00,0.3385875
2022-03-29 10:30:00,0.27159998
2022-03-30 10:30:00,0.2265375
2022-03-31 10:30:00,0.25605
2022-04-01 10:30:00,0.2580875
2022-04-02 10:30:00,0.32825
2022-04-03 10:30:00,0.27615
2022-04-04 10:30:00,0.332825
2022-04-05 10:30:00,0.272075
2022-04-06 10:30:00,0.2844125
2022-04-07 10:30:00,0.33380002
2022-04-08 10:30:00,0.30331248
2022-04-09 10:30:00,0.2462125
2022-04-10 10:30:00,0.31184998
2022-04-11 10:30:00,0.325275
2022-04-12 10:30:00,0.324925
2022-04-13 10:30:00,0.3342875
2022-04-14 10:30:00,0.37577498
2022-04-15 10:30:00,0.23761249
2022-04-16 10:30:00,0.2773
2022-04-17 10:30:00,0.3245
2022-04-18 10:30:00,0.3205125
2022-04-19 10:30:00,0.2155625
2022-04-20 10:30:00,0.27255002
2022-04-21 10:30:00,0.84695
2022-04-22 10:30:00,0.4057125
2022-04-23 10:30:00,0.4122625
2022-04-24 10:30:00,0.509475
2022-04-25 10:30:00,0.59275
2022-04-26 10:30:00,0.447275
2022-04-27 10:30:00,0.3328125
2022-04-28 10:30:00,0.26901248
2022-04-29 10:30:00,0.66069996
2022-04-30 10:30:00,0.46436247
2022-05-01 10:30:00,0.5213375
2022-05-02 10:30:00,0.3978875
2022-05-03 10:30:00,0.54211247
2022-05-04 10:30:00,0.55755
2022-05-05 10:30:00,0.7719125
2022-05-06 10:30:00,0.308375
2022-05-07 10:30:00,0.2747125
2022-05-08 10:30:00,0.2863
2022-05-09 10:30:00,0.222225
2022-05-10 10:30:00,0.74777496
2022-05-11 10:30:00,0.47086248
2022-05-12 10:30:00,0.5308375
2022-05-13 10:30:00,0.6956625
2022-05-14 10:30:00,0.4164625
2022-05-15 10:30:00,0.39638752
2022-05-16 10:30:00,0.3359125
2022-05-17 10:30:00,0.4763375
2022-05-18 10:30:00,0.39299998
2022-05-19 10:30:00,0.441375
2022-05-20 10:30:00,0.32598752
2022-05-21 10:30:00,0.45665
2022-05-22 10:30:00,0.3522375
2022-05-23 10:30:00,0.38369998
2022-05-24 10:30:00,0.8312375
2022-05-25 10:30:00,0.5422625
2022-05-26 10:30:00,0.4640875
2022-05-27 10:30:00,0.3069
2022-05-28 10:30:00,0.46366248
2022-05-29 10:30:00,0.909725
2022-05-30 10:30:00,0.6159875
2022-05-31 10:30:00,0.6260875
2022-06-01 10:30:00,0.6761
2022-06-02 10:30:00,0.48418748
2022-06-03 10:30:00,0.5596
2022-06-04 10:30:00,0.7729375
2022-06-05 10:30:00,0.85969996
2022-06-06 10:30:00,0.7382625
2022-06-07 10:30:00,0.9662875
2022-06-08 10:30:00,0.822375
2022-06-09 10:30:00,0.70871246
2022-06-10 10:30:00,0.65598756
2022-06-11 10:30:00,0.656125
2022-06-12 10:30:00,0.8538625
2022-06-13 10:30:00,0.8198625
2022-06-14 10:30:00,0.86805
2022-06-15 10:30:00,0.6319625
2022-06-16 10:30:00,0.728825
2022-06-17 10:30:00,0.6672875
2022-06-18 10:30:00,0.62866247
2022-06-19 10:30:00,0.61141247
2022-06-20 10:30:00,0.70028746
2022-06-21 10:30:00,0.52557504
2022-06-22 10:30:00,0.6465875
2022-06-23 10:30:00,0.707325
2022-06-24 10:30:00,0.836025
2022-06-25 10:30:00,0.69403744
2022-06-26 10:30:00,0.64266247
2022-06-27 10:30:00,0.65415
2022-06-28 10:30:00,0.6805875
2022-06-29 10:30:00,0.6223625
2022-06-30 10:30:00,0.84519994
2022-07-01 10:30:00,0.8042875
2022-07-02 10:30:00,0.71512496
2022-07-03 10:30:00,0.73631245
2022-07-04 10:30:00,0.79875
2022-07-05 10:30:00,0.86781245
2022-07-06 10:30:00,0.8329375
2022-07-07 10:30:00,0.772525
2022-07-08 10:30:00,0.6759375
2022-07-09 10:30:00,0.61869997
2022-07-10 10:30:00,0.7004875
2022-07-11 10:30:00,0.699925
2022-07-12 10:30:00,0.60882497
2022-07-13 10:30:00,0.9235375
2022-07-14 10:30:00,0.8875875
2022-07-15 10:30:00,0.89836246
2022-07-16 10:30:00,0.8230125
2022-07-17 10:30:00,0.81374997
2022-07-18 10:30:00,0.8807875
2022-07-19 10:30:00,0.7529875
2022-07-20 10:30:00,0.7803624
2022-07-21 10:30:00,0.68233746
2022-07-22 10:30:00,0.7069875
2022-07-23 10:30:00,0.9192625
2022-07-24 10:30:00,0.8530125
2022-07-25 10:30:00,0.82745004
2022-07-26 10:30:00,0.85482496
2022-07-27 10:30:00,0.87803745
2022-07-28 10:30:00,0.9016375
2022-07-29 10:30:00,0.8813
2022-07-30 10:30:00,0.84231246
2022-07-31 10:30:00,0.81715
2022-08-01 10:30:00,0.77036256
2022-08-02 10:30:00,0.75004995
2022-08-03 10:30:00,0.752975
2022-08-04 10:30:00,0.88786244
2022-08-05 10:30:00,0.6042375
2022-08-06 10:30:00,0.697575
2022-08-07 10:30:00,0.6856
2022-08-08 10:30:00,0.566675
2022-08-09 10:30:00,0.518475
2022-08-10 10:30:00,0.54434997
2022-08-11 10:30:00,0.679975
2022-08-12 10:30:00,0.6579625
2022-08-13 10:30:00,0.71718746
2022-08-14 10:30:00,0.72003746
2022-08-15 10:30:00,0.90467495
2022-08-16 10:30:00,0.733225
2022-08-17 10:30:00,0.67925
2022-08-18 10:30:00,0.7697125
2022-08-19 10:30:00,0.61455
2022-08-20 10:30:00,0.64196247
2022-08-21 10:30:00,0.72628754
2022-08-22 10:30:00,0.6725625
2022-08-23 10:30:00,0.564075
2022-08-24 10:30:00,0.6924125
2022-08-25 10:30:00,0.58955
2022-08-26 10:30:00,0.6834
2022-08-27 10:30:00,0.579
2022-08-28 10:30:00,0.631425
2022-08-29 10:30:00,0.7266375
2022-08-30 10:30:00,0.77365
2022-08-31 10:30:00,0.61312497
2022-09-01 10:30:00,0.56245
2022-09-02 10:30:00,0.59704995
2022-09-03 10:30:00,0.6781875
2022-09-04 10:30:00,0.7622374
2022-09-05 10:30:00,0.586625
2022-09-06 10:30:00,0.7454625
2022-09-07 10:30:00,0.577825
2022-09-08 10:30:00,0.630775
2022-09-09 10:30:00,0.65805
2022-09-10 10:30:00,0.7103499
2022-09-11 10:30:00,0.69025
2022-09-12 10:30:00,0.7199375
2022-09-13 10:30:00,0.65981245
2022-09-14 10:30:00,0.6944625
2022-09-15 10:30:00,0.6926
2022-09-16 10:30:00,0.72223747
2022-09-17 10:30:00,0.4623625
2022-09-18 10:30:00,0.402575
2022-09-19 10:30:00,0.28825
2022-09-20 10:30:00,0.4530625
2022-09-21 10:30:00,0.4134625
2022-09-22 10:30:00,0.86661243
2022-09-23 10:30:00,0.676075
2022-09-24 10:30:00,0.54865
2022-09-25 10:30:00,0.4688375
2022-09-26 10:30:00,0.5940375
2022-09-27 10:30:00,0.4587875
2022-09-28 10:30:00,0.52213746
2022-09-29 10:30:00,0.4372875
2022-09-30 10:30:00,0.7997
2022-10-01 10:30:00,0.7416625
2022-10-02 10:30:00,0.6654125
2022-10-03 10:30:00,0.515975
2022-10-04 10:30:00,0.421025
2022-10-05 10:30:00,0.46702498
2022-10-06 10:30:00,0.62465
2022-10-07 10:30:00,0.534025
2022-10-08 10:30:00,0.7914875
2022-10-09 10:30:00,0.4189125
2022-10-10 10:30:00,0.3980375
2022-10-11 10:30:00,0.49539995
2022-10-12 10:30:00,0.4495375
2022-10-13 10:30:00,0.44432497
2022-10-14 10:30:00,0.4597
2022-10-15 10:30:00,0.3277375
2022-10-16 10:30:00,0.4471625
2022-10-17 10:30:00,0.422875
2022-10-18 10:30:00,0.528575
2022-10-19 10:30:00,0.324025
2022-10-20 10:30:00,0.499375
2022-10-21 10:30:00,0.5397125
2022-10-22 10:30:00,0.52292496
2022-10-23 10:30:00,0.45318747
2022-10-24 10:30:00,0.521725
2022-10-25 10:30:00,0.49851248
2022-10-26 10:30:00,0.5347
2022-10-27 10:30:00,0.4650875
2022-10-28 10:30:00,0.5180375
2022-10-29 10:30:00,0.559975
2022-10-30 10:30:00,0.57783747
2022-10-31 10:30:00,0.48017502
2022-11-01 10:30:00,0.400475
2022-11-02 10:30:00,0.2806875
2022-11-03 10:30:00,0.40487498
2022-11-04 10:30:00,0.40279996
2022-11-05 10:30:00,0.49002498
2022-11-06 10:30:00,0.49311247
2022-11-07 10:30:00,0.55645
2022-11-08 10:30:00,0.47775
2022-11-09 10:30:00,0.43139997
2022-11-10 10:30:00,0.55522496
2022-11-11 10:30:00,0.45787498
2022-11-12 10:30:00,0.409625
2022-11-13 10:30:00,0.5906375
2022-11-14 10:30:00,0.54504997
2022-11-15 10:30:00,0.4517625
2022-11-16 10:30:00,0.5432125
2022-11-17 10:30:00,0.503025
2022-11-18 10:30:00,0.5010625
2022-11-19 10:30:00,0.51505
2022-11-20 10:30:00,0.4418375
2022-11-21 10:30:00,0.4430125
2022-11-22 10:30:00,0.54249996
2022-11-23 10:30:00,0.57334995
2022-11-24 10:30:00,0.93232495
2022-11-25 10:30:00,0.6420375
2022-11-26 10:30:00,0.45559996
2022-11-27 10:30:00,0.8135
2022-11-28 10:30:00,0.75878745
2022-11-29 10:30:00,0.44919997
2022-11-30 10:30:00,0.439425
2022-12-01 10:30:00,0.49397498
2022-12-02 10:30:00,0.5129125
2022-12-03 10:30:00,0.43861252
2022-12-04 10:30:00,0.48648748
2022-12-05 10:30:00,0.48499998
2022-12-06 10:30:00,0.51432496
2022-12-07 10:30:00,0.559425
2022-12-08 10:30:00,0.57541245
2022-12-09 10:30:00,0.57124996
2022-12-10 10:30:00,0.5815875
2022-12-11 10:30:00,0.52947503
2022-12-12 10:30:00,0.431875
2022-12-13 10:30:00,0.3805
2022-12-14 10:30:00,0.33759996
2022-12-15 10:30:00,0.4427
2022-12-16 10:30:00,0.4389875
2022-12-17 10:30:00,0.4456
2022-12-18 10:30:00,0.42419997
2022-12-19 10:30:00,0.54174995
2022-12-20 10:30:00,0.70425004
2022-12-21 10:30:00,0.665375
2022-12-22 10:30:00,0.487275
2022-12-23 10:30:00,0.4448
2022-12-24 10:30:00,0.3864125
2022-12-25 10:30:00,0.61169994
2022-12-26 10:30:00,0.66225
2022-12-27 10:30:00,0.76731247
2022-12-28 10:30:00,0.526025
2022-12-29 10:30:00,0.4900875
2022-12-30 10:30:00,0.46044996
2022-12-31 10:30:00,0.44544998
