time,rhum
2012-01-01 10:30:00,0.5773
2012-01-02 10:30:00,0.62932503
2012-01-03 10:30:00,0.6018375
2012-01-04 10:30:00,0.5775
2012-01-05 10:30:00,0.568825
2012-01-06 10:30:00,0.5701875
2012-01-07 10:30:00,0.56944996
2012-01-08 10:30:00,0.58892494
2012-01-09 10:30:00,0.61381245
2012-01-10 10:30:00,0.5603625
2012-01-11 10:30:00,0.583825
2012-01-12 10:30:00,0.64565
2012-01-13 10:30:00,0.61817497
2012-01-14 10:30:00,0.55085
2012-01-15 10:30:00,0.63014996
2012-01-16 10:30:00,0.658925
2012-01-17 10:30:00,0.6559625
2012-01-18 10:30:00,0.5729
2012-01-19 10:30:00,0.5149375
2012-01-20 10:30:00,0.3905125
2012-01-21 10:30:00,0.386875
2012-01-22 10:30:00,0.4450875
2012-01-23 10:30:00,0.44888747
2012-01-24 10:30:00,0.44695
2012-01-25 10:30:00,0.5028875
2012-01-26 10:30:00,0.462125
2012-01-27 10:30:00,0.42525
2012-01-28 10:30:00,0.41172498
2012-01-29 10:30:00,0.44015
2012-01-30 10:30:00,0.407125
2012-01-31 10:30:00,0.38819999
2012-02-01 10:30:00,0.40147498
2012-02-02 10:30:00,0.40621248
2012-02-03 10:30:00,0.42439997
2012-02-04 10:30:00,0.45877498
2012-02-05 10:30:00,0.3968375
2012-02-06 10:30:00,0.364925
2012-02-07 10:30:00,0.3936375
2012-02-08 10:30:00,0.44439998
2012-02-09 10:30:00,0.45318747
2012-02-10 10:30:00,0.43241248
2012-02-11 10:30:00,0.40983748
2012-02-12 10:30:00,0.4734
2012-02-13 10:30:00,0.4497375
2012-02-14 10:30:00,0.3923875
2012-02-15 10:30:00,0.4293125
2012-02-16 10:30:00,0.389875
2012-02-17 10:30:00,0.41767502
2012-02-18 10:30:00,0.4464125
2012-02-19 10:30:00,0.4341125
2012-02-20 10:30:00,0.34186247
2012-02-21 10:30:00,0.2806625
2012-02-22 10:30:00,0.3014875
2012-02-23 10:30:00,0.44006246
2012-02-24 10:30:00,0.42584997
2012-02-25 10:30:00,0.41575
2012-02-26 10:30:00,0.47642502
2012-02-27 10:30:00,0.4437
2012-02-28 10:30:00,0.4392625
2012-02-29 10:30:00,0.46667498
2012-03-01 10:30:00,0.3626875
2012-03-02 10:30:00,0.4036875
2012-03-03 10:30:00,0.408025
2012-03-04 10:30:00,0.670425
2012-03-05 10:30:00,0.8388624
2012-03-06 10:30:00,0.62163746
2012-03-07 10:30:00,0.6285625
2012-03-08 10:30:00,0.4603625
2012-03-09 10:30:00,0.4950875
2012-03-10 10:30:00,0.6102
2012-03-11 10:30:00,0.5258875
2012-03-12 10:30:00,0.5139
2012-03-13 10:30:00,0.4684875
2012-03-14 10:30:00,0.496875
2012-03-15 10:30:00,0.490275
2012-03-16 10:30:00,0.30487502
2012-03-17 10:30:00,0.19902499
2012-03-18 10:30:00,0.3420375
2012-03-19 10:30:00,0.2812625
2012-03-20 10:30:00,0.30174997
2012-03-21 10:30:00,0.39154997
2012-03-22 10:30:00,0.2879625
2012-03-23 10:30:00,0.5592375
2012-03-24 10:30:00,0.38595
2012-03-25 10:30:00,0.3723125
2012-03-26 10:30:00,0.31800002
2012-03-27 10:30:00,0.28485
2012-03-28 10:30:00,0.2818125
2012-03-29 10:30:00,0.672475
2012-03-30 10:30:00,0.41622502
2012-03-31 10:30:00,0.34478748
2012-04-01 10:30:00,0.2500125
2012-04-02 10:30:00,0.2769625
2012-04-03 10:30:00,0.4166875
2012-04-04 10:30:00,0.439425
2012-04-05 10:30:00,0.4353875
2012-04-06 10:30:00,0.304375
2012-04-07 10:30:00,0.2555375
2012-04-08 10:30:00,0.4121625
2012-04-09 10:30:00,0.188175
2012-04-10 10:30:00,0.24588749
2012-04-11 10:30:00,0.3019375
2012-04-12 10:30:00,0.3515625
2012-04-13 10:30:00,0.28011248
2012-04-14 10:30:00,0.59545
2012-04-15 10:30:00,0.34347498
2012-04-16 10:30:00,0.330525
2012-04-17 10:30:00,0.3315875
2012-04-18 10:30:00,0.2715625
2012-04-19 10:30:00,0.34396252
2012-04-20 10:30:00,0.2113625
2012-04-21 10:30:00,0.4082
2012-04-22 10:30:00,0.40522498
2012-04-23 10:30:00,0.38404998
2012-04-24 10:30:00,0.1832375
2012-04-25 10:30:00,0.2402
2012-04-26 10:30:00,0.21866249
2012-04-27 10:30:00,0.6133
2012-04-28 10:30:00,0.3414875
2012-04-29 10:30:00,0.23053749
2012-04-30 10:30:00,0.2414875
2012-05-01 10:30:00,0.21946248
2012-05-02 10:30:00,0.2888125
2012-05-03 10:30:00,0.20366248
2012-05-04 10:30:00,0.2162125
2012-05-05 10:30:00,0.15495
2012-05-06 10:30:00,0.2233625
2012-05-07 10:30:00,0.31845
2012-05-08 10:30:00,0.37888747
2012-05-09 10:30:00,0.37507498
2012-05-10 10:30:00,0.4389125
2012-05-11 10:30:00,0.398325
2012-05-12 10:30:00,0.52085
2012-05-13 10:30:00,0.43962497
2012-05-14 10:30:00,0.5745375
2012-05-15 10:30:00,0.5513875
2012-05-16 10:30:00,0.65227497
2012-05-17 10:30:00,0.43837497
2012-05-18 10:30:00,0.279025
2012-05-19 10:30:00,0.23906249
2012-05-20 10:30:00,0.324175
2012-05-21 10:30:00,0.3170125
2012-05-22 10:30:00,0.2782375
2012-05-23 10:30:00,0.25715
2012-05-24 10:30:00,0.221275
2012-05-25 10:30:00,0.29964998
2012-05-26 10:30:00,0.3842125
2012-05-27 10:30:00,0.32112497
2012-05-28 10:30:00,0.43805
2012-05-29 10:30:00,0.61149997
2012-05-30 10:30:00,0.6479125
2012-05-31 10:30:00,0.56093746
2012-06-01 10:30:00,0.6201125
2012-06-02 10:30:00,0.91472495
2012-06-03 10:30:00,0.74192494
2012-06-04 10:30:00,0.709325
2012-06-05 10:30:00,0.58965
2012-06-06 10:30:00,0.68466246
2012-06-07 10:30:00,0.5459
2012-06-08 10:30:00,0.71905
2012-06-09 10:30:00,0.6528375
2012-06-10 10:30:00,0.6313625
2012-06-11 10:30:00,0.67754996
2012-06-12 10:30:00,0.6997374
2012-06-13 10:30:00,0.8670375
2012-06-14 10:30:00,0.7851375
2012-06-15 10:30:00,0.799375
2012-06-16 10:30:00,0.72980005
2012-06-17 10:30:00,0.82722497
2012-06-18 10:30:00,0.71599996
2012-06-19 10:30:00,0.6400125
2012-06-20 10:30:00,0.64309996
2012-06-21 10:30:00,0.61812496
2012-06-22 10:30:00,0.640825
2012-06-23 10:30:00,0.67019993
2012-06-24 10:30:00,0.79775
2012-06-25 10:30:00,0.80527496
2012-06-26 10:30:00,0.79879993
2012-06-27 10:30:00,0.831025
2012-06-28 10:30:00,0.77839994
2012-06-29 10:30:00,0.65669996
2012-06-30 10:30:00,0.5525125
2012-07-01 10:30:00,0.7976124
2012-07-02 10:30:00,0.812175
2012-07-03 10:30:00,0.74593747
2012-07-04 10:30:00,0.73948747
2012-07-05 10:30:00,0.7448625
2012-07-06 10:30:00,0.69415
2012-07-07 10:30:00,0.68942493
2012-07-08 10:30:00,0.80483747
2012-07-09 10:30:00,0.7757375
2012-07-10 10:30:00,0.868575
2012-07-11 10:30:00,0.83292496
2012-07-12 10:30:00,0.8111125
2012-07-13 10:30:00,0.6811875
2012-07-14 10:30:00,0.6544375
2012-07-15 10:30:00,0.70356244
2012-07-16 10:30:00,0.65385
2012-07-17 10:30:00,0.595125
2012-07-18 10:30:00,0.7450875
2012-07-19 10:30:00,0.71425
2012-07-20 10:30:00,0.75197494
2012-07-21 10:30:00,0.835725
2012-07-22 10:30:00,0.86443746
2012-07-23 10:30:00,0.650525
2012-07-24 10:30:00,0.75967497
2012-07-25 10:30:00,0.77396244
2012-07-26 10:30:00,0.70226246
2012-07-27 10:30:00,0.6874125
2012-07-28 10:30:00,0.84595
2012-07-29 10:30:00,0.821275
2012-07-30 10:30:00,0.769825
2012-07-31 10:30:00,0.710525
2012-08-01 10:30:00,0.76458746
2012-08-02 10:30:00,0.8043625
2012-08-03 10:30:00,0.8277375
2012-08-04 10:30:00,0.783325
2012-08-05 10:30:00,0.70364994
2012-08-06 10:30:00,0.6954
2012-08-07 10:30:00,0.67724997
2012-08-08 10:30:00,0.6544375
2012-08-09 10:30:00,0.583175
2012-08-10 10:30:00,0.715425
2012-08-11 10:30:00,0.7495625
2012-08-12 10:30:00,0.63624996
2012-08-13 10:30:00,0.5779125
2012-08-14 10:30:00,0.74747497
2012-08-15 10:30:00,0.66225
2012-08-16 10:30:00,0.58111244
2012-08-17 10:30:00,0.71047497
2012-08-18 10:30:00,0.635725
2012-08-19 10:30:00,0.5994
2012-08-20 10:30:00,0.62102497
2012-08-21 10:30:00,0.627625
2012-08-22 10:30:00,0.45299998
2012-08-23 10:30:00,0.5229875
2012-08-24 10:30:00,0.64336246
2012-08-25 10:30:00,0.65551245
2012-08-26 10:30:00,0.6387375
2012-08-27 10:30:00,0.74285
2012-08-28 10:30:00,0.5904125
2012-08-29 10:30:00,0.52485
2012-08-30 10:30:00,0.5864875
2012-08-31 10:30:00,0.588025
2012-09-01 10:30:00,0.55031246
2012-09-02 10:30:00,0.8828875
2012-09-03 10:30:00,0.789075
2012-09-04 10:30:00,0.776625
2012-09-05 10:30:00,0.6223625
2012-09-06 10:30:00,0.570275
2012-09-07 10:30:00,0.659125
2012-09-08 10:30:00,0.71881247
2012-09-09 10:30:00,0.63756245
2012-09-10 10:30:00,0.6434125
2012-09-11 10:30:00,0.9069874
2012-09-12 10:30:00,0.7783875
2012-09-13 10:30:00,0.68404996
2012-09-14 10:30:00,0.6118
2012-09-15 10:30:00,0.63638747
2012-09-16 10:30:00,0.64818746
2012-09-17 10:30:00,0.6138875
2012-09-18 10:30:00,0.64977497
2012-09-19 10:30:00,0.7123375
2012-09-20 10:30:00,0.49029997
2012-09-21 10:30:00,0.613225
2012-09-22 10:30:00,0.7437
2012-09-23 10:30:00,0.73289996
2012-09-24 10:30:00,0.65819997
2012-09-25 10:30:00,0.84309995
2012-09-26 10:30:00,0.5318
2012-09-27 10:30:00,0.83067495
2012-09-28 10:30:00,0.5234375
2012-09-29 10:30:00,0.5769375
2012-09-30 10:30:00,0.61265
2012-10-01 10:30:00,0.56299996
2012-10-02 10:30:00,0.5966875
2012-10-03 10:30:00,0.865775
2012-10-04 10:30:00,0.5430625
2012-10-05 10:30:00,0.53653747
2012-10-06 10:30:00,0.60033745
2012-10-07 10:30:00,0.6271
2012-10-08 10:30:00,0.60711247
2012-10-09 10:30:00,0.526925
2012-10-10 10:30:00,0.4951375
2012-10-11 10:30:00,0.5792
2012-10-12 10:30:00,0.6288875
2012-10-13 10:30:00,0.6216125
2012-10-14 10:30:00,0.5454125
2012-10-15 10:30:00,0.653925
2012-10-16 10:30:00,0.78021246
2012-10-17 10:30:00,0.5571625
2012-10-18 10:30:00,0.488775
2012-10-19 10:30:00,0.4429375
2012-10-20 10:30:00,0.4079
2012-10-21 10:30:00,0.54895
2012-10-22 10:30:00,0.598925
2012-10-23 10:30:00,0.632625
2012-10-24 10:30:00,0.54095
2012-10-25 10:30:00,0.6058625
2012-10-26 10:30:00,0.5486
2012-10-27 10:30:00,0.40781248
2012-10-28 10:30:00,0.41044998
2012-10-29 10:30:00,0.47412497
2012-10-30 10:30:00,0.6537625
2012-10-31 10:30:00,0.5976875
2012-11-01 10:30:00,0.54847497
2012-11-02 10:30:00,0.460675
2012-11-03 10:30:00,0.630675
2012-11-04 10:30:00,0.787925
2012-11-05 10:30:00,0.7253375
2012-11-06 10:30:00,0.66152495
2012-11-07 10:30:00,0.5773875
2012-11-08 10:30:00,0.565475
2012-11-09 10:30:00,0.5923625
2012-11-10 10:30:00,0.68792504
2012-11-11 10:30:00,0.69345
2012-11-12 10:30:00,0.522675
2012-11-13 10:30:00,0.587825
2012-11-14 10:30:00,0.5601
2012-11-15 10:30:00,0.48733747
2012-11-16 10:30:00,0.5390375
2012-11-17 10:30:00,0.5488
2012-11-18 10:30:00,0.75513744
2012-11-19 10:30:00,0.57362497
2012-11-20 10:30:00,0.59638745
2012-11-21 10:30:00,0.5825125
2012-11-22 10:30:00,0.5828125
2012-11-23 10:30:00,0.5735125
2012-11-24 10:30:00,0.68345
2012-11-25 10:30:00,0.577975
2012-11-26 10:30:00,0.559775
2012-11-27 10:30:00,0.6889
2012-11-28 10:30:00,0.59473747
2012-11-29 10:30:00,0.5112375
2012-11-30 10:30:00,0.439775
2012-12-01 10:30:00,0.56866246
2012-12-02 10:30:00,0.659125
2012-12-03 10:30:00,0.50914997
2012-12-04 10:30:00,0.52255
2012-12-05 10:30:00,0.4579375
2012-12-06 10:30:00,0.42193747
2012-12-07 10:30:00,0.46765
2012-12-08 10:30:00,0.4596875
2012-12-09 10:30:00,0.56025
2012-12-10 10:30:00,0.5754375
2012-12-11 10:30:00,0.615775
2012-12-12 10:30:00,0.65785
2012-12-13 10:30:00,0.5176
2012-12-14 10:30:00,0.595025
2012-12-15 10:30:00,0.6688875
2012-12-16 10:30:00,0.5795
2012-12-17 10:30:00,0.5087625
2012-12-18 10:30:00,0.53433746
2012-12-19 10:30:00,0.505625
2012-12-20 10:30:00,0.5387375
2012-12-21 10:30:00,0.483675
2012-12-22 10:30:00,0.43419996
2012-12-23 10:30:00,0.463225
2012-12-24 10:30:00,0.4580125
2012-12-25 10:30:00,0.43025002
2012-12-26 10:30:00,0.5236625
2012-12-27 10:30:00,0.60283744
2012-12-28 10:30:00,0.6801
2012-12-29 10:30:00,0.561875
2012-12-30 10:30:00,0.49381247
2012-12-31 10:30:00,0.582625
2013-01-01 10:30:00,0.4148625
2013-01-02 10:30:00,0.45502502
2013-01-03 10:30:00,0.410325
2013-01-04 10:30:00,0.4293125
2013-01-05 10:30:00,0.482825
2013-01-06 10:30:00,0.6380375
2013-01-07 10:30:00,0.48183748
2013-01-08 10:30:00,0.46474996
2013-01-09 10:30:00,0.52262497
2013-01-10 10:30:00,0.65575
2013-01-11 10:30:00,0.65398747
2013-01-12 10:30:00,0.579475
2013-01-13 10:30:00,0.645475
2013-01-14 10:30:00,0.6236
2013-01-15 10:30:00,0.67051244
2013-01-16 10:30:00,0.50186247
2013-01-17 10:30:00,0.5298125
2013-01-18 10:30:00,0.58827496
2013-01-19 10:30:00,0.69247496
2013-01-20 10:30:00,0.69844997
2013-01-21 10:30:00,0.6275875
2013-01-22 10:30:00,0.62843746
2013-01-23 10:30:00,0.5812
2013-01-24 10:30:00,0.3996875
2013-01-25 10:30:00,0.44474998
2013-01-26 10:30:00,0.5729
2013-01-27 10:30:00,0.63158745
2013-01-28 10:30:00,0.7013125
2013-01-29 10:30:00,0.6886875
2013-01-30 10:30:00,0.739225
2013-01-31 10:30:00,0.6490875
2013-02-01 10:30:00,0.40092498
2013-02-02 10:30:00,0.468925
2013-02-03 10:30:00,0.65898746
2013-02-04 10:30:00,0.5214125
2013-02-05 10:30:00,0.5078
2013-02-06 10:30:00,0.4152875
2013-02-07 10:30:00,0.40873748
2013-02-08 10:30:00,0.4396
2013-02-09 10:30:00,0.43982497
2013-02-10 10:30:00,0.44235
2013-02-11 10:30:00,0.5247
2013-02-12 10:30:00,0.52046245
2013-02-13 10:30:00,0.48213747
2013-02-14 10:30:00,0.50055
2013-02-15 10:30:00,0.598175
2013-02-16 10:30:00,0.57089996
2013-02-17 10:30:00,0.427175
2013-02-18 10:30:00,0.3645375
2013-02-19 10:30:00,0.4061875
2013-02-20 10:30:00,0.35697502
2013-02-21 10:30:00,0.43572497
2013-02-22 10:30:00,0.4252375
2013-02-23 10:30:00,0.3004875
2013-02-24 10:30:00,0.43421248
2013-02-25 10:30:00,0.5518
2013-02-26 10:30:00,0.63897496
2013-02-27 10:30:00,0.427475
2013-02-28 10:30:00,0.61190003
2013-03-01 10:30:00,0.35467497
2013-03-02 10:30:00,0.5445375
2013-03-03 10:30:00,0.4521125
2013-03-04 10:30:00,0.52735
2013-03-05 10:30:00,0.4909375
2013-03-06 10:30:00,0.40079996
2013-03-07 10:30:00,0.3134125
2013-03-08 10:30:00,0.5245375
2013-03-09 10:30:00,0.62041247
2013-03-10 10:30:00,0.6275375
2013-03-11 10:30:00,0.5203125
2013-03-12 10:30:00,0.387075
2013-03-13 10:30:00,0.45994997
2013-03-14 10:30:00,0.5053875
2013-03-15 10:30:00,0.60101247
2013-03-16 10:30:00,0.3983625
2013-03-17 10:30:00,0.29694998
2013-03-18 10:30:00,0.341
2013-03-19 10:30:00,0.30549997
2013-03-20 10:30:00,0.4125125
2013-03-21 10:30:00,0.3446
2013-03-22 10:30:00,0.37502497
2013-03-23 10:30:00,0.3635875
2013-03-24 10:30:00,0.40382499
2013-03-25 10:30:00,0.41715
2013-03-26 10:30:00,0.34388748
2013-03-27 10:30:00,0.421925
2013-03-28 10:30:00,0.404275
2013-03-29 10:30:00,0.3945375
2013-03-30 10:30:00,0.35378748
2013-03-31 10:30:00,0.33752498
2013-04-01 10:30:00,0.3312125
2013-04-02 10:30:00,0.28035
2013-04-03 10:30:00,0.31695
2013-04-04 10:30:00,0.4182875
2013-04-05 10:30:00,0.52385
2013-04-06 10:30:00,0.36075
2013-04-07 10:30:00,0.39673752
2013-04-08 10:30:00,0.55277497
2013-04-09 10:30:00,0.3532875
2013-04-10 10:30:00,0.389775
2013-04-11 10:30:00,0.4200875
2013-04-12 10:30:00,0.34873748
2013-04-13 10:30:00,0.278525
2013-04-14 10:30:00,0.267175
2013-04-15 10:30:00,0.26348752
2013-04-16 10:30:00,0.286775
2013-04-17 10:30:00,0.2772125
2013-04-18 10:30:00,0.3375
2013-04-19 10:30:00,0.30427498
2013-04-20 10:30:00,0.29865
2013-04-21 10:30:00,0.3268
2013-04-22 10:30:00,0.4336125
2013-04-23 10:30:00,0.404625
2013-04-24 10:30:00,0.50334996
2013-04-25 10:30:00,0.6850875
2013-04-26 10:30:00,0.408375
2013-04-27 10:30:00,0.3856625
2013-04-28 10:30:00,0.6112
2013-04-29 10:30:00,0.7263375
2013-04-30 10:30:00,0.6921125
2013-05-01 10:30:00,0.6489375
2013-05-02 10:30:00,0.6367625
2013-05-03 10:30:00,0.44447502
2013-05-04 10:30:00,0.3136875
2013-05-05 10:30:00,0.35362497
2013-05-06 10:30:00,0.4237125
2013-05-07 10:30:00,0.2570625
2013-05-08 10:30:00,0.4599375
2013-05-09 10:30:00,0.41947502
2013-05-10 10:30:00,0.2943
2013-05-11 10:30:00,0.6328875
2013-05-12 10:30:00,0.6689125
2013-05-13 10:30:00,0.6400125
2013-05-14 10:30:00,0.769775
2013-05-15 10:30:00,0.61765
2013-05-16 10:30:00,0.453775
2013-05-17 10:30:00,0.4918875
2013-05-18 10:30:00,0.28225
2013-05-19 10:30:00,0.4233625
2013-05-20 10:30:00,0.38532495
2013-05-21 10:30:00,0.5828875
2013-05-22 10:30:00,0.3581
2013-05-23 10:30:00,0.35268748
2013-05-24 10:30:00,0.3481375
2013-05-25 10:30:00,0.3809625
2013-05-26 10:30:00,0.46064997
2013-05-27 10:30:00,0.6371375
2013-05-28 10:30:00,0.46246248
2013-05-29 10:30:00,0.365175
2013-05-30 10:30:00,0.44486248
2013-05-31 10:30:00,0.373
2013-06-01 10:30:00,0.3699375
2013-06-02 10:30:00,0.542425
2013-06-03 10:30:00,0.78485
2013-06-04 10:30:00,0.6539125
2013-06-05 10:30:00,0.6094625
2013-06-06 10:30:00,0.90815
2013-06-07 10:30:00,0.6623375
2013-06-08 10:30:00,0.73183745
2013-06-09 10:30:00,0.75764996
2013-06-10 10:30:00,0.6508625
2013-06-11 10:30:00,0.70766246
2013-06-12 10:30:00,0.712525
2013-06-13 10:30:00,0.6237625
2013-06-14 10:30:00,0.6339625
2013-06-15 10:30:00,0.638375
2013-06-16 10:30:00,0.69042504
2013-06-17 10:30:00,0.6483
2013-06-18 10:30:00,0.6402625
2013-06-19 10:30:00,0.66592497
2013-06-20 10:30:00,0.6942
2013-06-21 10:30:00,0.66381246
2013-06-22 10:30:00,0.6238
2013-06-23 10:30:00,0.6612125
2013-06-24 10:30:00,0.6364875
2013-06-25 10:30:00,0.7379625
2013-06-26 10:30:00,0.936875
2013-06-27 10:30:00,0.9210375
2013-06-28 10:30:00,0.662975
2013-06-29 10:30:00,0.9130874
2013-06-30 10:30:00,0.92461246
2013-07-01 10:30:00,0.789525
2013-07-02 10:30:00,0.80385
2013-07-03 10:30:00,0.66015
2013-07-04 10:30:00,0.65197504
2013-07-05 10:30:00,0.615925
2013-07-06 10:30:00,0.7467
2013-07-07 10:30:00,0.68013746
2013-07-08 10:30:00,0.7000875
2013-07-09 10:30:00,0.67832494
2013-07-10 10:30:00,0.4979
2013-07-11 10:30:00,0.6644
2013-07-12 10:30:00,0.773225
2013-07-13 10:30:00,0.6925125
2013-07-14 10:30:00,0.70411247
2013-07-15 10:30:00,0.890325
2013-07-16 10:30:00,0.60903746
2013-07-17 10:30:00,0.7358
2013-07-18 10:30:00,0.8717875
2013-07-19 10:30:00,0.80746245
2013-07-20 10:30:00,0.66131246
2013-07-21 10:30:00,0.6832875
2013-07-22 10:30:00,0.8184625
2013-07-23 10:30:00,0.82216245
2013-07-24 10:30:00,0.7906375
2013-07-25 10:30:00,0.75203747
2013-07-26 10:30:00,0.77265
2013-07-27 10:30:00,0.88895005
2013-07-28 10:30:00,0.66565
2013-07-29 10:30:00,0.81403744
2013-07-30 10:30:00,0.7592125
2013-07-31 10:30:00,0.8658999
2013-08-01 10:30:00,0.828425
2013-08-02 10:30:00,0.8851875
2013-08-03 10:30:00,0.80232495
2013-08-04 10:30:00,0.81474996
2013-08-05 10:30:00,0.78582495
2013-08-06 10:30:00,0.8083
2013-08-07 10:30:00,0.70796245
2013-08-08 10:30:00,0.6562
2013-08-09 10:30:00,0.6709625
2013-08-10 10:30:00,0.6812
2013-08-11 10:30:00,0.7408
2013-08-12 10:30:00,0.73966247
2013-08-13 10:30:00,0.64081246
2013-08-14 10:30:00,0.598825
2013-08-15 10:30:00,0.6678375
2013-08-16 10:30:00,0.8921
2013-08-17 10:30:00,0.732075
2013-08-18 10:30:00,0.701325
2013-08-19 10:30:00,0.74705
2013-08-20 10:30:00,0.6923875
2013-08-21 10:30:00,0.84192497
2013-08-22 10:30:00,0.6951249
2013-08-23 10:30:00,0.6932125
2013-08-24 10:30:00,0.6455
2013-08-25 10:30:00,0.77016246
2013-08-26 10:30:00,0.719775
2013-08-27 10:30:00,0.72318745
2013-08-28 10:30:00,0.827625
2013-08-29 10:30:00,0.71106243
2013-08-30 10:30:00,0.72809994
2013-08-31 10:30:00,0.788675
2013-09-01 10:30:00,0.77968746
2013-09-02 10:30:00,0.75165
2013-09-03 10:30:00,0.7020375
2013-09-04 10:30:00,0.725425
2013-09-05 10:30:00,0.77114993
2013-09-06 10:30:00,0.9110624
2013-09-07 10:30:00,0.67051244
2013-09-08 10:30:00,0.6741625
2013-09-09 10:30:00,0.77778745
2013-09-10 10:30:00,0.613925
2013-09-11 10:30:00,0.62802494
2013-09-12 10:30:00,0.71485
2013-09-13 10:30:00,0.74207497
2013-09-14 10:30:00,0.43084997
2013-09-15 10:30:00,0.55415
2013-09-16 10:30:00,0.504025
2013-09-17 10:30:00,0.6635625
2013-09-18 10:30:00,0.60865
2013-09-19 10:30:00,0.6097625
2013-09-20 10:30:00,0.70731246
2013-09-21 10:30:00,0.7220375
2013-09-22 10:30:00,0.52355
2013-09-23 10:30:00,0.48096249
2013-09-24 10:30:00,0.5247875
2013-09-25 10:30:00,0.5195
2013-09-26 10:30:00,0.495825
2013-09-27 10:30:00,0.4697
2013-09-28 10:30:00,0.496375
2013-09-29 10:30:00,0.48072502
2013-09-30 10:30:00,0.4871625
2013-10-01 10:30:00,0.3797375
2013-10-02 10:30:00,0.39736247
2013-10-03 10:30:00,0.4190375
2013-10-04 10:30:00,0.3919125
2013-10-05 10:30:00,0.336125
2013-10-06 10:30:00,0.42069998
2013-10-07 10:30:00,0.413525
2013-10-08 10:30:00,0.34080002
2013-10-09 10:30:00,0.44377497
2013-10-10 10:30:00,0.86855
2013-10-11 10:30:00,0.67371243
2013-10-12 10:30:00,0.5227625
2013-10-13 10:30:00,0.55241245
2013-10-14 10:30:00,0.404025
2013-10-15 10:30:00,0.4738625
2013-10-16 10:30:00,0.524
2013-10-17 10:30:00,0.504725
2013-10-18 10:30:00,0.5749625
2013-10-19 10:30:00,0.6924
2013-10-20 10:30:00,0.727425
2013-10-21 10:30:00,0.85153747
2013-10-22 10:30:00,0.8022625
2013-10-23 10:30:00,0.48818746
2013-10-24 10:30:00,0.7470625
2013-10-25 10:30:00,0.67675
2013-10-26 10:30:00,0.7287
2013-10-27 10:30:00,0.66918755
2013-10-28 10:30:00,0.67013747
2013-10-29 10:30:00,0.5722
2013-10-30 10:30:00,0.58147496
2013-10-31 10:30:00,0.6485375
2013-11-01 10:30:00,0.6837625
2013-11-02 10:30:00,0.59077495
2013-11-03 10:30:00,0.6014625
2013-11-04 10:30:00,0.52435
2013-11-05 10:30:00,0.65808743
2013-11-06 10:30:00,0.54842496
2013-11-07 10:30:00,0.73480004
2013-11-08 10:30:00,0.75536245
2013-11-09 10:30:00,0.3961875
2013-11-10 10:30:00,0.37741247
2013-11-11 10:30:00,0.54225
2013-11-12 10:30:00,0.5641125
2013-11-13 10:30:00,0.547975
2013-11-14 10:30:00,0.5757125
2013-11-15 10:30:00,0.5738625
2013-11-16 10:30:00,0.60895
2013-11-17 10:30:00,0.4871125
2013-11-18 10:30:00,0.31303748
2013-11-19 10:30:00,0.2913
2013-11-20 10:30:00,0.53319997
2013-11-21 10:30:00,0.5879
2013-11-22 10:30:00,0.59755
2013-11-23 10:30:00,0.5599875
2013-11-24 10:30:00,0.46025
2013-11-25 10:30:00,0.46551248
2013-11-26 10:30:00,0.48209998
2013-11-27 10:30:00,0.40774998
2013-11-28 10:30:00,0.4473625
2013-11-29 10:30:00,0.4464
2013-11-30 10:30:00,0.399225
2013-12-01 10:30:00,0.430075
2013-12-02 10:30:00,0.5668125
2013-12-03 10:30:00,0.5330375
2013-12-04 10:30:00,0.4474625
2013-12-05 10:30:00,0.482075
2013-12-06 10:30:00,0.5331625
2013-12-07 10:30:00,0.66604996
2013-12-08 10:30:00,0.7577
2013-12-09 10:30:00,0.64699996
2013-12-10 10:30:00,0.68004996
2013-12-11 10:30:00,0.66155
2013-12-12 10:30:00,0.46228752
2013-12-13 10:30:00,0.44166246
2013-12-14 10:30:00,0.5164625
2013-12-15 10:30:00,0.66781247
2013-12-16 10:30:00,0.767275
2013-12-17 10:30:00,0.71201247
2013-12-18 10:30:00,0.7384875
2013-12-19 10:30:00,0.7190375
2013-12-20 10:30:00,0.5827125
2013-12-21 10:30:00,0.6644
2013-12-22 10:30:00,0.5916375
2013-12-23 10:30:00,0.6969125
2013-12-24 10:30:00,0.672775
2013-12-25 10:30:00,0.7414
2013-12-26 10:30:00,0.5893125
2013-12-27 10:30:00,0.594175
2013-12-28 10:30:00,0.52028745
2013-12-29 10:30:00,0.5831125
2013-12-30 10:30:00,0.6302875
2013-12-31 10:30:00,0.5203125
2014-01-01 10:30:00,0.4155125
2014-01-02 10:30:00,0.4975125
2014-01-03 10:30:00,0.5603375
2014-01-04 10:30:00,0.6704625
2014-01-05 10:30:00,0.651425
2014-01-06 10:30:00,0.52963746
2014-01-07 10:30:00,0.45583746
2014-01-08 10:30:00,0.44025
2014-01-09 10:30:00,0.47413749
2014-01-10 10:30:00,0.52245
2014-01-11 10:30:00,0.40401247
2014-01-12 10:30:00,0.38097498
2014-01-13 10:30:00,0.47968748
2014-01-14 10:30:00,0.586725
2014-01-15 10:30:00,0.6508625
2014-01-16 10:30:00,0.6175875
2014-01-17 10:30:00,0.5606875
2014-01-18 10:30:00,0.5469875
2014-01-19 10:30:00,0.710175
2014-01-20 10:30:00,0.618225
2014-01-21 10:30:00,0.55875
2014-01-22 10:30:00,0.648425
2014-01-23 10:30:00,0.51866245
2014-01-24 10:30:00,0.57722497
2014-01-25 10:30:00,0.484025
2014-01-26 10:30:00,0.5401625
2014-01-27 10:30:00,0.37080002
2014-01-28 10:30:00,0.4121625
2014-01-29 10:30:00,0.47037497
2014-01-30 10:30:00,0.5207125
2014-01-31 10:30:00,0.491725
2014-02-01 10:30:00,0.47678748
2014-02-02 10:30:00,0.340625
2014-02-03 10:30:00,0.39724997
2014-02-04 10:30:00,0.457275
2014-02-05 10:30:00,0.49625
2014-02-06 10:30:00,0.476925
2014-02-07 10:30:00,0.46229997
2014-02-08 10:30:00,0.6311375
2014-02-09 10:30:00,0.53552496
2014-02-10 10:30:00,0.5976125
2014-02-11 10:30:00,0.6032625
2014-02-12 10:30:00,0.48514998
2014-02-13 10:30:00,0.5753125
2014-02-14 10:30:00,0.696875
2014-02-15 10:30:00,0.65841246
2014-02-16 10:30:00,0.5788125
2014-02-17 10:30:00,0.5385625
2014-02-18 10:30:00,0.5489
2014-02-19 10:30:00,0.5826
2014-02-20 10:30:00,0.598525
2014-02-21 10:30:00,0.6254
2014-02-22 10:30:00,0.5385875
2014-02-23 10:30:00,0.607675
2014-02-24 10:30:00,0.62299997
2014-02-25 10:30:00,0.6335125
2014-02-26 10:30:00,0.5766875
2014-02-27 10:30:00,0.384225
2014-02-28 10:30:00,0.47788748
2014-03-01 10:30:00,0.42048746
2014-03-02 10:30:00,0.4311125
2014-03-03 10:30:00,0.407425
2014-03-04 10:30:00,0.4173
2014-03-05 10:30:00,0.41292498
2014-03-06 10:30:00,0.4385375
2014-03-07 10:30:00,0.3857875
2014-03-08 10:30:00,0.344075
2014-03-09 10:30:00,0.3435625
2014-03-10 10:30:00,0.2232
2014-03-11 10:30:00,0.4318375
2014-03-12 10:30:00,0.45278752
2014-03-13 10:30:00,0.43408749
2014-03-14 10:30:00,0.332775
2014-03-15 10:30:00,0.4204625
2014-03-16 10:30:00,0.38307497
2014-03-17 10:30:00,0.5758875
2014-03-18 10:30:00,0.39674997
2014-03-19 10:30:00,0.4304
2014-03-20 10:30:00,0.43755
2014-03-21 10:30:00,0.38748747
2014-03-22 10:30:00,0.3005625
2014-03-23 10:30:00,0.34701246
2014-03-24 10:30:00,0.3628625
2014-03-25 10:30:00,0.38357496
2014-03-26 10:30:00,0.511425
2014-03-27 10:30:00,0.42739996
2014-03-28 10:30:00,0.38057497
2014-03-29 10:30:00,0.3224375
2014-03-30 10:30:00,0.22115
2014-03-31 10:30:00,0.32545
2014-04-01 10:30:00,0.4571125
2014-04-02 10:30:00,0.421825
2014-04-03 10:30:00,0.4422375
2014-04-04 10:30:00,0.5907875
2014-04-05 10:30:00,0.3972375
2014-04-06 10:30:00,0.3129375
2014-04-07 10:30:00,0.37615
2014-04-08 10:30:00,0.32099998
2014-04-09 10:30:00,0.4410125
2014-04-10 10:30:00,0.284125
2014-04-11 10:30:00,0.2404
2014-04-12 10:30:00,0.290375
2014-04-13 10:30:00,0.291025
2014-04-14 10:30:00,0.2544625
2014-04-15 10:30:00,0.2167
2014-04-16 10:30:00,0.1893625
2014-04-17 10:30:00,0.661025
2014-04-18 10:30:00,0.4183625
2014-04-19 10:30:00,0.71042496
2014-04-20 10:30:00,0.55973744
2014-04-21 10:30:00,0.34678748
2014-04-22 10:30:00,0.39345
2014-04-23 10:30:00,0.277325
2014-04-24 10:30:00,0.270825
2014-04-25 10:30:00,0.2687375
2014-04-26 10:30:00,0.39045
2014-04-27 10:30:00,0.38853747
2014-04-28 10:30:00,0.2992125
2014-04-29 10:30:00,0.234025
2014-04-30 10:30:00,0.2618875
2014-05-01 10:30:00,0.5760125
2014-05-02 10:30:00,0.5591
2014-05-03 10:30:00,0.5830375
2014-05-04 10:30:00,0.3519625
2014-05-05 10:30:00,0.3301
2014-05-06 10:30:00,0.36346248
2014-05-07 10:30:00,0.393375
2014-05-08 10:30:00,0.42686248
2014-05-09 10:30:00,0.39659998
2014-05-10 10:30:00,0.75396246
2014-05-11 10:30:00,0.7365125
2014-05-12 10:30:00,0.7410375
2014-05-13 10:30:00,0.67855
2014-05-14 10:30:00,0.6383875
2014-05-15 10:30:00,0.68342495
2014-05-16 10:30:00,0.83682495
2014-05-17 10:30:00,0.616125
2014-05-18 10:30:00,0.7671375
2014-05-19 10:30:00,0.86716247
2014-05-20 10:30:00,0.70379996
2014-05-21 10:30:00,0.60275
2014-05-22 10:30:00,0.5145625
2014-05-23 10:30:00,0.550825
2014-05-24 10:30:00,0.696725
2014-05-25 10:30:00,0.66832495
2014-05-26 10:30:00,0.6457375
2014-05-27 10:30:00,0.56974995
2014-05-28 10:30:00,0.41455
2014-05-29 10:30:00,0.31153747
2014-05-30 10:30:00,0.37452498
2014-05-31 10:30:00,0.42955002
2014-06-01 10:30:00,0.4210625
2014-06-02 10:30:00,0.4262875
2014-06-03 10:30:00,0.5840625
2014-06-04 10:30:00,0.49037498
2014-06-05 10:30:00,0.5302125
2014-06-06 10:30:00,0.4607875
2014-06-07 10:30:00,0.6748875
2014-06-08 10:30:00,0.90521246
2014-06-09 10:30:00,0.9110624
2014-06-10 10:30:00,0.76717496
2014-06-11 10:30:00,0.81378746
2014-06-12 10:30:00,0.6869875
2014-06-13 10:30:00,0.5727375
2014-06-14 10:30:00,0.57243747
2014-06-15 10:30:00,0.5856875
2014-06-16 10:30:00,0.69228745
2014-06-17 10:30:00,0.73510003
2014-06-18 10:30:00,0.71327496
2014-06-19 10:30:00,0.586325
2014-06-20 10:30:00,0.7621875
2014-06-21 10:30:00,0.77739996
2014-06-22 10:30:00,0.6511125
2014-06-23 10:30:00,0.705575
2014-06-24 10:30:00,0.625225
2014-06-25 10:30:00,0.7655
2014-06-26 10:30:00,0.854925
2014-06-27 10:30:00,0.6547625
2014-06-28 10:30:00,0.62154996
2014-06-29 10:30:00,0.5137625
2014-06-30 10:30:00,0.54685
2014-07-01 10:30:00,0.63088745
2014-07-02 10:30:00,0.7277625
2014-07-03 10:30:00,0.6871
2014-07-04 10:30:00,0.555425
2014-07-05 10:30:00,0.562925
2014-07-06 10:30:00,0.66847503
2014-07-07 10:30:00,0.619275
2014-07-08 10:30:00,0.5617125
2014-07-09 10:30:00,0.63795
2014-07-10 10:30:00,0.7714875
2014-07-11 10:30:00,0.8200125
2014-07-12 10:30:00,0.840525
2014-07-13 10:30:00,0.8011
2014-07-14 10:30:00,0.71418744
2014-07-15 10:30:00,0.80511254
2014-07-16 10:30:00,0.88809997
2014-07-17 10:30:00,0.7870375
2014-07-18 10:30:00,0.79272497
2014-07-19 10:30:00,0.86983746
2014-07-20 10:30:00,0.85161245
2014-07-21 10:30:00,0.68927497
2014-07-22 10:30:00,0.63365
2014-07-23 10:30:00,0.66609997
2014-07-24 10:30:00,0.68514997
2014-07-25 10:30:00,0.6994875
2014-07-26 10:30:00,0.727175
2014-07-27 10:30:00,0.7118875
2014-07-28 10:30:00,0.6999375
2014-07-29 10:30:00,0.71506244
2014-07-30 10:30:00,0.70434994
2014-07-31 10:30:00,0.5889125
2014-08-01 10:30:00,0.6102125
2014-08-02 10:30:00,0.7228625
2014-08-03 10:30:00,0.659475
2014-08-04 10:30:00,0.6264375
2014-08-05 10:30:00,0.6928125
2014-08-06 10:30:00,0.71677494
2014-08-07 10:30:00,0.66318744
2014-08-08 10:30:00,0.5640875
2014-08-09 10:30:00,0.797575
2014-08-10 10:30:00,0.84818745
2014-08-11 10:30:00,0.6308625
2014-08-12 10:30:00,0.61232495
2014-08-13 10:30:00,0.71012497
2014-08-14 10:30:00,0.8806875
2014-08-15 10:30:00,0.95074993
2014-08-16 10:30:00,0.8177
2014-08-17 10:30:00,0.78538746
2014-08-18 10:30:00,0.7086875
2014-08-19 10:30:00,0.715925
2014-08-20 10:30:00,0.77776253
2014-08-21 10:30:00,0.7059625
2014-08-22 10:30:00,0.7440625
2014-08-23 10:30:00,0.8018625
2014-08-24 10:30:00,0.77345
2014-08-25 10:30:00,0.87160003
2014-08-26 10:30:00,0.6839
2014-08-27 10:30:00,0.74606246
2014-08-28 10:30:00,0.5698125
2014-08-29 10:30:00,0.6342625
2014-08-30 10:30:00,0.672375
2014-08-31 10:30:00,0.7520625
2014-09-01 10:30:00,0.9540875
2014-09-02 10:30:00,0.77125
2014-09-03 10:30:00,0.75222504
2014-09-04 10:30:00,0.76356244
2014-09-05 10:30:00,0.7262
2014-09-06 10:30:00,0.7267625
2014-09-07 10:30:00,0.7415999
2014-09-08 10:30:00,0.488725
2014-09-09 10:30:00,0.557
2014-09-10 10:30:00,0.62659997
2014-09-11 10:30:00,0.6828875
2014-09-12 10:30:00,0.6744999
2014-09-13 10:30:00,0.6425
2014-09-14 10:30:00,0.46255
2014-09-15 10:30:00,0.4998375
2014-09-16 10:30:00,0.55518746
2014-09-17 10:30:00,0.596425
2014-09-18 10:30:00,0.6097875
2014-09-19 10:30:00,0.575575
2014-09-20 10:30:00,0.680375
2014-09-21 10:30:00,0.69623744
2014-09-22 10:30:00,0.7926125
2014-09-23 10:30:00,0.705
2014-09-24 10:30:00,0.5068
2014-09-25 10:30:00,0.3804875
2014-09-26 10:30:00,0.91402495
2014-09-27 10:30:00,0.6001875
2014-09-28 10:30:00,0.522075
2014-09-29 10:30:00,0.47347498
2014-09-30 10:30:00,0.4375
2014-10-01 10:30:00,0.64327496
2014-10-02 10:30:00,0.607225
2014-10-03 10:30:00,0.47075
2014-10-04 10:30:00,0.5359375
2014-10-05 10:30:00,0.49014997
2014-10-06 10:30:00,0.485625
2014-10-07 10:30:00,0.5034625
2014-10-08 10:30:00,0.636
2014-10-09 10:30:00,0.71683747
2014-10-10 10:30:00,0.8071875
2014-10-11 10:30:00,0.5927875
2014-10-12 10:30:00,0.4486
2014-10-13 10:30:00,0.430825
2014-10-14 10:30:00,0.43194997
2014-10-15 10:30:00,0.38615
2014-10-16 10:30:00,0.4421625
2014-10-17 10:30:00,0.45991248
2014-10-18 10:30:00,0.39726248
2014-10-19 10:30:00,0.2759375
2014-10-20 10:30:00,0.2694375
2014-10-21 10:30:00,0.37158749
2014-10-22 10:30:00,0.4178625
2014-10-23 10:30:00,0.51191247
2014-10-24 10:30:00,0.49424997
2014-10-25 10:30:00,0.5368125
2014-10-26 10:30:00,0.4388
2014-10-27 10:30:00,0.37611252
2014-10-28 10:30:00,0.39235
2014-10-29 10:30:00,0.43246248
2014-10-30 10:30:00,0.8680625
2014-10-31 10:30:00,0.885
2014-11-01 10:30:00,0.6549375
2014-11-02 10:30:00,0.57444996
2014-11-03 10:30:00,0.685575
2014-11-04 10:30:00,0.66793746
2014-11-05 10:30:00,0.5317125
2014-11-06 10:30:00,0.47013748
2014-11-07 10:30:00,0.3948125
2014-11-08 10:30:00,0.4694875
2014-11-09 10:30:00,0.423825
2014-11-10 10:30:00,0.43525
2014-11-11 10:30:00,0.40421247
2014-11-12 10:30:00,0.3815
2014-11-13 10:30:00,0.45113748
2014-11-14 10:30:00,0.44646248
2014-11-15 10:30:00,0.564525
2014-11-16 10:30:00,0.60239995
2014-11-17 10:30:00,0.504975
2014-11-18 10:30:00,0.4912375
2014-11-19 10:30:00,0.63326246
2014-11-20 10:30:00,0.6198625
2014-11-21 10:30:00,0.5452
2014-11-22 10:30:00,0.5556375
2014-11-23 10:30:00,0.4627375
2014-11-24 10:30:00,0.54415
2014-11-25 10:30:00,0.45198748
2014-11-26 10:30:00,0.36772498
2014-11-27 10:30:00,0.45678747
2014-11-28 10:30:00,0.545475
2014-11-29 10:30:00,0.6154375
2014-11-30 10:30:00,0.4573875
2014-12-01 10:30:00,0.29935
2014-12-02 10:30:00,0.333125
2014-12-03 10:30:00,0.3800875
2014-12-04 10:30:00,0.43646246
2014-12-05 10:30:00,0.44689998
2014-12-06 10:30:00,0.4937375
2014-12-07 10:30:00,0.5382375
2014-12-08 10:30:00,0.5444875
2014-12-09 10:30:00,0.5783875
2014-12-10 10:30:00,0.7685
2014-12-11 10:30:00,0.636325
2014-12-12 10:30:00,0.54805
2014-12-13 10:30:00,0.6146625
2014-12-14 10:30:00,0.704625
2014-12-15 10:30:00,0.6094625
2014-12-16 10:30:00,0.554325
2014-12-17 10:30:00,0.6885
2014-12-18 10:30:00,0.73535
2014-12-19 10:30:00,0.61206245
2014-12-20 10:30:00,0.5692875
2014-12-21 10:30:00,0.6502375
2014-12-22 10:30:00,0.7550125
2014-12-23 10:30:00,0.61552495
2014-12-24 10:30:00,0.637775
2014-12-25 10:30:00,0.609825
2014-12-26 10:30:00,0.72875
2014-12-27 10:30:00,0.6325125
2014-12-28 10:30:00,0.638125
2014-12-29 10:30:00,0.7581125
2014-12-30 10:30:00,0.59068745
2014-12-31 10:30:00,0.507375
2015-01-01 10:30:00,0.5432875
2015-01-02 10:30:00,0.62325
2015-01-03 10:30:00,0.5768875
2015-01-04 10:30:00,0.65956247
2015-01-05 10:30:00,0.394725
2015-01-06 10:30:00,0.36814997
2015-01-07 10:30:00,0.5412125
2015-01-08 10:30:00,0.612
2015-01-09 10:30:00,0.68058753
2015-01-10 10:30:00,0.6090625
2015-01-11 10:30:00,0.6204
2015-01-12 10:30:00,0.6147
2015-01-13 10:30:00,0.6168
2015-01-14 10:30:00,0.73345
2015-01-15 10:30:00,0.7340125
2015-01-16 10:30:00,0.5312125
2015-01-17 10:30:00,0.61496246
2015-01-18 10:30:00,0.7539125
2015-01-19 10:30:00,0.6902
2015-01-20 10:30:00,0.7274375
2015-01-21 10:30:00,0.7132875
2015-01-22 10:30:00,0.71058744
2015-01-23 10:30:00,0.64867496
2015-01-24 10:30:00,0.65741247
2015-01-25 10:30:00,0.50098747
2015-01-26 10:30:00,0.411225
2015-01-27 10:30:00,0.4572
2015-01-28 10:30:00,0.54412496
2015-01-29 10:30:00,0.478
2015-01-30 10:30:00,0.46646246
2015-01-31 10:30:00,0.51506245
2015-02-01 10:30:00,0.59565
2015-02-02 10:30:00,0.5488375
2015-02-03 10:30:00,0.582725
2015-02-04 10:30:00,0.5344625
2015-02-05 10:30:00,0.574625
2015-02-06 10:30:00,0.3790625
2015-02-07 10:30:00,0.2942375
2015-02-08 10:30:00,0.36529997
2015-02-09 10:30:00,0.52225
2015-02-10 10:30:00,0.40217498
2015-02-11 10:30:00,0.46166247
2015-02-12 10:30:00,0.4603625
2015-02-13 10:30:00,0.5627625
2015-02-14 10:30:00,0.57577497
2015-02-15 10:30:00,0.5208625
2015-02-16 10:30:00,0.67303747
2015-02-17 10:30:00,0.4613375
2015-02-18 10:30:00,0.44884998
2015-02-19 10:30:00,0.43302497
2015-02-20 10:30:00,0.5135
2015-02-21 10:30:00,0.8410624
2015-02-22 10:30:00,0.56791246
2015-02-23 10:30:00,0.40541247
2015-02-24 10:30:00,0.5190875
2015-02-25 10:30:00,0.4944875
2015-02-26 10:30:00,0.5301
2015-02-27 10:30:00,0.4634375
2015-02-28 10:30:00,0.48135
2015-03-01 10:30:00,0.48305
2015-03-02 10:30:00,0.425925
2015-03-03 10:30:00,0.50764996
2015-03-04 10:30:00,0.3836625
2015-03-05 10:30:00,0.401775
2015-03-06 10:30:00,0.31559998
2015-03-07 10:30:00,0.325
2015-03-08 10:30:00,0.3710375
2015-03-09 10:30:00,0.337225
2015-03-10 10:30:00,0.325725
2015-03-11 10:30:00,0.3414
2015-03-12 10:30:00,0.4737
2015-03-13 10:30:00,0.45334998
2015-03-14 10:30:00,0.388825
2015-03-15 10:30:00,0.343325
2015-03-16 10:30:00,0.2816125
2015-03-17 10:30:00,0.28788748
2015-03-18 10:30:00,0.3953375
2015-03-19 10:30:00,0.32568747
2015-03-20 10:30:00,0.2725875
2015-03-21 10:30:00,0.2151625
2015-03-22 10:30:00,0.2326
2015-03-23 10:30:00,0.2595375
2015-03-24 10:30:00,0.31862497
2015-03-25 10:30:00,0.19472499
2015-03-26 10:30:00,0.18485
2015-03-27 10:30:00,0.36560002
2015-03-28 10:30:00,0.4005125
2015-03-29 10:30:00,0.30104998
2015-03-30 10:30:00,0.3717875
2015-03-31 10:30:00,0.19725
2015-04-01 10:30:00,0.2003125
2015-04-02 10:30:00,0.817275
2015-04-03 10:30:00,0.6016375
2015-04-04 10:30:00,0.8573125
2015-04-05 10:30:00,0.5865125
2015-04-06 10:30:00,0.54034996
2015-04-07 10:30:00,0.5072375
2015-04-08 10:30:00,0.59047496
2015-04-09 10:30:00,0.5327375
2015-04-10 10:30:00,0.45927498
2015-04-11 10:30:00,0.433675
2015-04-12 10:30:00,0.35097498
2015-04-13 10:30:00,0.284275
2015-04-14 10:30:00,0.3512625
2015-04-15 10:30:00,0.409975
2015-04-16 10:30:00,0.31553748
2015-04-17 10:30:00,0.2448625
2015-04-18 10:30:00,0.22333749
2015-04-19 10:30:00,0.19424999
2015-04-20 10:30:00,0.2256875
2015-04-21 10:30:00,0.251
2015-04-22 10:30:00,0.2731
2015-04-23 10:30:00,0.3436375
2015-04-24 10:30:00,0.26015
2015-04-25 10:30:00,0.2945875
2015-04-26 10:30:00,0.2737875
2015-04-27 10:30:00,0.2564875
2015-04-28 10:30:00,0.340075
2015-04-29 10:30:00,0.177325
2015-04-30 10:30:00,0.0751875
2015-05-01 10:30:00,0.36055
2015-05-02 10:30:00,0.35474998
2015-05-03 10:30:00,0.27101249
2015-05-04 10:30:00,0.1977875
2015-05-05 10:30:00,0.2942875
2015-05-06 10:30:00,0.30276248
2015-05-07 10:30:00,0.8702625
2015-05-08 10:30:00,0.61478746
2015-05-09 10:30:00,0.47265
2015-05-10 10:30:00,0.50478745
2015-05-11 10:30:00,0.8807875
2015-05-12 10:30:00,0.825625
2015-05-13 10:30:00,0.5904875
2015-05-14 10:30:00,0.1947875
2015-05-15 10:30:00,0.2110375
2015-05-16 10:30:00,0.263225
2015-05-17 10:30:00,0.57665
2015-05-18 10:30:00,0.5484875
2015-05-19 10:30:00,0.650225
2015-05-20 10:30:00,0.308325
2015-05-21 10:30:00,0.32369998
2015-05-22 10:30:00,0.236925
2015-05-23 10:30:00,0.32232496
2015-05-24 10:30:00,0.3267625
2015-05-25 10:30:00,0.6022875
2015-05-26 10:30:00,0.56205
2015-05-27 10:30:00,0.4841125
2015-05-28 10:30:00,0.75062495
2015-05-29 10:30:00,0.588525
2015-05-30 10:30:00,0.482475
2015-05-31 10:30:00,0.465975
2015-06-01 10:30:00,0.44416252
2015-06-02 10:30:00,0.4602875
2015-06-03 10:30:00,0.37557498
2015-06-04 10:30:00,0.59994996
2015-06-05 10:30:00,0.83669996
2015-06-06 10:30:00,0.771975
2015-06-07 10:30:00,0.5621125
2015-06-08 10:30:00,0.633525
2015-06-09 10:30:00,0.5668875
2015-06-10 10:30:00,0.7950625
2015-06-11 10:30:00,0.90276253
2015-06-12 10:30:00,0.91363746
2015-06-13 10:30:00,0.79693747
2015-06-14 10:30:00,0.62915
2015-06-15 10:30:00,0.529075
2015-06-16 10:30:00,0.68182504
2015-06-17 10:30:00,0.9260375
2015-06-18 10:30:00,0.957325
2015-06-19 10:30:00,0.7511
2015-06-20 10:30:00,0.6511625
2015-06-21 10:30:00,0.595075
2015-06-22 10:30:00,0.6824625
2015-06-23 10:30:00,0.74324995
2015-06-24 10:30:00,0.85241246
2015-06-25 10:30:00,0.64778745
2015-06-26 10:30:00,0.5981625
2015-06-27 10:30:00,0.73709995
2015-06-28 10:30:00,0.7743
2015-06-29 10:30:00,0.5408625
2015-06-30 10:30:00,0.87692493
2015-07-01 10:30:00,0.8001125
2015-07-02 10:30:00,0.89247495
2015-07-03 10:30:00,0.7179
2015-07-04 10:30:00,0.6841124
2015-07-05 10:30:00,0.665375
2015-07-06 10:30:00,0.65363747
2015-07-07 10:30:00,0.65253747
2015-07-08 10:30:00,0.65237504
2015-07-09 10:30:00,0.720025
2015-07-10 10:30:00,0.665075
2015-07-11 10:30:00,0.78949994
2015-07-12 10:30:00,0.72085
2015-07-13 10:30:00,0.673925
2015-07-14 10:30:00,0.77099997
2015-07-15 10:30:00,0.847125
2015-07-16 10:30:00,0.84186244
2015-07-17 10:30:00,0.834525
2015-07-18 10:30:00,0.765125
2015-07-19 10:30:00,0.7621125
2015-07-20 10:30:00,0.81764996
2015-07-21 10:30:00,0.900825
2015-07-22 10:30:00,0.86445
2015-07-23 10:30:00,0.83879995
2015-07-24 10:30:00,0.823725
2015-07-25 10:30:00,0.869875
2015-07-26 10:30:00,0.72131246
2015-07-27 10:30:00,0.6404125
2015-07-28 10:30:00,0.66671246
2015-07-29 10:30:00,0.887525
2015-07-30 10:30:00,0.74982494
2015-07-31 10:30:00,0.70568746
2015-08-01 10:30:00,0.7026875
2015-08-02 10:30:00,0.608925
2015-08-03 10:30:00,0.636675
2015-08-04 10:30:00,0.6841124
2015-08-05 10:30:00,0.740325
2015-08-06 10:30:00,0.70441246
2015-08-07 10:30:00,0.80341244
2015-08-08 10:30:00,0.7877375
2015-08-09 10:30:00,0.91302496
2015-08-10 10:30:00,0.7204
2015-08-11 10:30:00,0.748675
2015-08-12 10:30:00,0.739225
2015-08-13 10:30:00,0.6893125
2015-08-14 10:30:00,0.7147125
2015-08-15 10:30:00,0.83428746
2015-08-16 10:30:00,0.83147496
2015-08-17 10:30:00,0.80192494
2015-08-18 10:30:00,0.79580003
2015-08-19 10:30:00,0.8611875
2015-08-20 10:30:00,0.95257497
2015-08-21 10:30:00,0.8444
2015-08-22 10:30:00,0.86232495
2015-08-23 10:30:00,0.904625
2015-08-24 10:30:00,0.90981245
2015-08-25 10:30:00,0.86995
2015-08-26 10:30:00,0.82966244
2015-08-27 10:30:00,0.765525
2015-08-28 10:30:00,0.876975
2015-08-29 10:30:00,0.88051254
2015-08-30 10:30:00,0.9183
2015-08-31 10:30:00,0.93668747
2015-09-01 10:30:00,0.76425004
2015-09-02 10:30:00,0.79068744
2015-09-03 10:30:00,0.67896247
2015-09-04 10:30:00,0.82568747
2015-09-05 10:30:00,0.76053745
2015-09-06 10:30:00,0.68803746
2015-09-07 10:30:00,0.9136125
2015-09-08 10:30:00,0.8362375
2015-09-09 10:30:00,0.65577495
2015-09-10 10:30:00,0.6342125
2015-09-11 10:30:00,0.6391625
2015-09-12 10:30:00,0.742175
2015-09-13 10:30:00,0.72269994
2015-09-14 10:30:00,0.6153375
2015-09-15 10:30:00,0.6919249
2015-09-16 10:30:00,0.698375
2015-09-17 10:30:00,0.91811246
2015-09-18 10:30:00,0.8158
2015-09-19 10:30:00,0.7076125
2015-09-20 10:30:00,0.7503375
2015-09-21 10:30:00,0.67209995
2015-09-22 10:30:00,0.98153746
2015-09-23 10:30:00,0.83871245
2015-09-24 10:30:00,0.87223744
2015-09-25 10:30:00,0.7138624
2015-09-26 10:30:00,0.6765124
2015-09-27 10:30:00,0.6761875
2015-09-28 10:30:00,0.64809996
2015-09-29 10:30:00,0.66152495
2015-09-30 10:30:00,0.7714125
2015-10-01 10:30:00,0.5543375
2015-10-02 10:30:00,0.4073125
2015-10-03 10:30:00,0.470725
2015-10-04 10:30:00,0.48915
2015-10-05 10:30:00,0.5430125
2015-10-06 10:30:00,0.53276247
2015-10-07 10:30:00,0.4238625
2015-10-08 10:30:00,0.500275
2015-10-09 10:30:00,0.58722496
2015-10-10 10:30:00,0.89169997
2015-10-11 10:30:00,0.52335
2015-10-12 10:30:00,0.6071375
2015-10-13 10:30:00,0.6515875
2015-10-14 10:30:00,0.665325
2015-10-15 10:30:00,0.4756875
2015-10-16 10:30:00,0.43247497
2015-10-17 10:30:00,0.3621875
2015-10-18 10:30:00,0.31446248
2015-10-19 10:30:00,0.34792498
2015-10-20 10:30:00,0.46886247
2015-10-21 10:30:00,0.36791247
2015-10-22 10:30:00,0.39881247
2015-10-23 10:30:00,0.23147501
2015-10-24 10:30:00,0.289525
2015-10-25 10:30:00,0.345525
2015-10-26 10:30:00,0.455825
2015-10-27 10:30:00,0.417425
2015-10-28 10:30:00,0.42791247
2015-10-29 10:30:00,0.46260002
2015-10-30 10:30:00,0.45464998
2015-10-31 10:30:00,0.434125
2015-11-01 10:30:00,0.3164625
2015-11-02 10:30:00,0.4789125
2015-11-03 10:30:00,0.304475
2015-11-04 10:30:00,0.37772498
2015-11-05 10:30:00,0.308325
2015-11-06 10:30:00,0.5045125
2015-11-07 10:30:00,0.4666625
2015-11-08 10:30:00,0.6431
2015-11-09 10:30:00,0.68385
2015-11-10 10:30:00,0.68942493
2015-11-11 10:30:00,0.75372493
2015-11-12 10:30:00,0.802375
2015-11-13 10:30:00,0.77722496
2015-11-14 10:30:00,0.6670625
2015-11-15 10:30:00,0.33665
2015-11-16 10:30:00,0.6775625
2015-11-17 10:30:00,0.58045
2015-11-18 10:30:00,0.741025
2015-11-19 10:30:00,0.7255625
2015-11-20 10:30:00,0.7458875
2015-11-21 10:30:00,0.6587625
2015-11-22 10:30:00,0.67714995
2015-11-23 10:30:00,0.6215375
2015-11-24 10:30:00,0.67886245
2015-11-25 10:30:00,0.64074993
2015-11-26 10:30:00,0.66738755
2015-11-27 10:30:00,0.71707505
2015-11-28 10:30:00,0.716425
2015-11-29 10:30:00,0.68775
2015-11-30 10:30:00,0.74965
2015-12-01 10:30:00,0.83309996
2015-12-02 10:30:00,0.80983746
2015-12-03 10:30:00,0.59325
2015-12-04 10:30:00,0.5873875
2015-12-05 10:30:00,0.62056243
2015-12-06 10:30:00,0.7266375
2015-12-07 10:30:00,0.74491245
2015-12-08 10:30:00,0.6922875
2015-12-09 10:30:00,0.778225
2015-12-10 10:30:00,0.666825
2015-12-11 10:30:00,0.70957494
2015-12-12 10:30:00,0.6072625
2015-12-13 10:30:00,0.7169625
2015-12-14 10:30:00,0.75036246
2015-12-15 10:30:00,0.61461246
2015-12-16 10:30:00,0.6051875
2015-12-17 10:30:00,0.6254375
2015-12-18 10:30:00,0.7186625
2015-12-19 10:30:00,0.661725
2015-12-20 10:30:00,0.765625
2015-12-21 10:30:00,0.75635
2015-12-22 10:30:00,0.688925
2015-12-23 10:30:00,0.56944996
2015-12-24 10:30:00,0.66239995
2015-12-25 10:30:00,0.6634375
2015-12-26 10:30:00,0.4509125
2015-12-27 10:30:00,0.53388745
2015-12-28 10:30:00,0.59209996
2015-12-29 10:30:00,0.79059994
2015-12-30 10:30:00,0.70177495
2015-12-31 10:30:00,0.70568746
2016-01-01 10:30:00,0.64805
2016-01-02 10:30:00,0.7426625
2016-01-03 10:30:00,0.610075
2016-01-04 10:30:00,0.5599625
2016-01-05 10:30:00,0.64827496
2016-01-06 10:30:00,0.571625
2016-01-07 10:30:00,0.5972125
2016-01-08 10:30:00,0.62444997
2016-01-09 10:30:00,0.5906125
2016-01-10 10:30:00,0.46862498
2016-01-11 10:30:00,0.50005
2016-01-12 10:30:00,0.553275
2016-01-13 10:30:00,0.57502496
2016-01-14 10:30:00,0.6456375
2016-01-15 10:30:00,0.7003375
2016-01-16 10:30:00,0.650625
2016-01-17 10:30:00,0.51595
2016-01-18 10:30:00,0.5133375
2016-01-19 10:30:00,0.5605625
2016-01-20 10:30:00,0.61281246
2016-01-21 10:30:00,0.5157875
2016-01-22 10:30:00,0.4461875
2016-01-23 10:30:00,0.458825
2016-01-24 10:30:00,0.442675
2016-01-25 10:30:00,0.466925
2016-01-26 10:30:00,0.49052498
2016-01-27 10:30:00,0.5200125
2016-01-28 10:30:00,0.4439875
2016-01-29 10:30:00,0.4640375
2016-01-30 10:30:00,0.46895
2016-01-31 10:30:00,0.5186375
2016-02-01 10:30:00,0.494375
2016-02-02 10:30:00,0.500325
2016-02-03 10:30:00,0.4824625
2016-02-04 10:30:00,0.50834996
2016-02-05 10:30:00,0.5433625
2016-02-06 10:30:00,0.57605
2016-02-07 10:30:00,0.5493875
2016-02-08 10:30:00,0.587125
2016-02-09 10:30:00,0.6888125
2016-02-10 10:30:00,0.61614996
2016-02-11 10:30:00,0.631225
2016-02-12 10:30:00,0.44448748
2016-02-13 10:30:00,0.41772497
2016-02-14 10:30:00,0.41889998
2016-02-15 10:30:00,0.51896244
2016-02-16 10:30:00,0.503625
2016-02-17 10:30:00,0.52419996
2016-02-18 10:30:00,0.5003
2016-02-19 10:30:00,0.5116625
2016-02-20 10:30:00,0.45373747
2016-02-21 10:30:00,0.44275
2016-02-22 10:30:00,0.41483748
2016-02-23 10:30:00,0.46603748
2016-02-24 10:30:00,0.4733
2016-02-25 10:30:00,0.5007375
2016-02-26 10:30:00,0.45859998
2016-02-27 10:30:00,0.446725
2016-02-28 10:30:00,0.501525
2016-02-29 10:30:00,0.46737498
2016-03-01 10:30:00,0.51159996
2016-03-02 10:30:00,0.661775
2016-03-03 10:30:00,0.637075
2016-03-04 10:30:00,0.7235625
2016-03-05 10:30:00,0.56984997
2016-03-06 10:30:00,0.42674997
2016-03-07 10:30:00,0.3982625
2016-03-08 10:30:00,0.434025
2016-03-09 10:30:00,0.451125
2016-03-10 10:30:00,0.5013875
2016-03-11 10:30:00,0.48802498
2016-03-12 10:30:00,0.391475
2016-03-13 10:30:00,0.440325
2016-03-14 10:30:00,0.501025
2016-03-15 10:30:00,0.40701246
2016-03-16 10:30:00,0.3852125
2016-03-17 10:30:00,0.4114875
2016-03-18 10:30:00,0.5646625
2016-03-19 10:30:00,0.4774625
2016-03-20 10:30:00,0.36021248
2016-03-21 10:30:00,0.61312497
2016-03-22 10:30:00,0.36079997
2016-03-23 10:30:00,0.354925
2016-03-24 10:30:00,0.3575875
2016-03-25 10:30:00,0.3495375
2016-03-26 10:30:00,0.3102375
2016-03-27 10:30:00,0.2740875
2016-03-28 10:30:00,0.30265
2016-03-29 10:30:00,0.453525
2016-03-30 10:30:00,0.3350875
2016-03-31 10:30:00,0.33005
2016-04-01 10:30:00,0.49825
2016-04-02 10:30:00,0.3594125
2016-04-03 10:30:00,0.40861252
2016-04-04 10:30:00,0.41592497
2016-04-05 10:30:00,0.36679998
2016-04-06 10:30:00,0.376025
2016-04-07 10:30:00,0.2185
2016-04-08 10:30:00,0.1815125
2016-04-09 10:30:00,0.20796248
2016-04-10 10:30:00,0.3368
2016-04-11 10:30:00,0.4652125
2016-04-12 10:30:00,0.32943746
2016-04-13 10:30:00,0.83927494
2016-04-14 10:30:00,0.5469625
2016-04-15 10:30:00,0.707125
2016-04-16 10:30:00,0.868325
2016-04-17 10:30:00,0.51420003
2016-04-18 10:30:00,0.50778747
2016-04-19 10:30:00,0.26587498
2016-04-20 10:30:00,0.280325
2016-04-21 10:30:00,0.3218875
2016-04-22 10:30:00,0.4775875
2016-04-23 10:30:00,0.2994875
2016-04-24 10:30:00,0.51579994
2016-04-25 10:30:00,0.35715
2016-04-26 10:30:00,0.45759997
2016-04-27 10:30:00,0.5513
2016-04-28 10:30:00,0.3508125
2016-04-29 10:30:00,0.4609125
2016-04-30 10:30:00,0.47068748
2016-05-01 10:30:00,0.6136
2016-05-02 10:30:00,0.3608
2016-05-03 10:30:00,0.2679
2016-05-04 10:30:00,0.16219999
2016-05-05 10:30:00,0.52753747
2016-05-06 10:30:00,0.53
2016-05-07 10:30:00,0.1925
2016-05-08 10:30:00,0.38603747
2016-05-09 10:30:00,0.3382875
2016-05-10 10:30:00,0.17115
2016-05-11 10:30:00,0.59853745
2016-05-12 10:30:00,0.32455
2016-05-13 10:30:00,0.28657502
2016-05-14 10:30:00,0.3915
2016-05-15 10:30:00,0.2787375
2016-05-16 10:30:00,0.305775
2016-05-17 10:30:00,0.12415
2016-05-18 10:30:00,0.24747498
2016-05-19 10:30:00,0.22803749
2016-05-20 10:30:00,0.31905
2016-05-21 10:30:00,0.35631248
2016-05-22 10:30:00,0.3153125
2016-05-23 10:30:00,0.6668625
2016-05-24 10:30:00,0.8220625
2016-05-25 10:30:00,0.54995
2016-05-26 10:30:00,0.38192502
2016-05-27 10:30:00,0.366725
2016-05-28 10:30:00,0.303625
2016-05-29 10:30:00,0.35192502
2016-05-30 10:30:00,0.4759375
2016-05-31 10:30:00,0.45886248
2016-06-01 10:30:00,0.39584997
2016-06-02 10:30:00,0.4284375
2016-06-03 10:30:00,0.39159998
2016-06-04 10:30:00,0.429375
2016-06-05 10:30:00,0.45999998
2016-06-06 10:30:00,0.6301625
2016-06-07 10:30:00,0.539425
2016-06-08 10:30:00,0.41768748
2016-06-09 10:30:00,0.6840875
2016-06-10 10:30:00,0.802825
2016-06-11 10:30:00,0.61167496
2016-06-12 10:30:00,0.712125
2016-06-13 10:30:00,0.6171375
2016-06-14 10:30:00,0.5081375
2016-06-15 10:30:00,0.5570125
2016-06-16 10:30:00,0.64825
2016-06-17 10:30:00,0.6511375
2016-06-18 10:30:00,0.64677495
2016-06-19 10:30:00,0.6444125
2016-06-20 10:30:00,0.713125
2016-06-21 10:30:00,0.59353745
2016-06-22 10:30:00,0.8117125
2016-06-23 10:30:00,0.68612504
2016-06-24 10:30:00,0.65029997
2016-06-25 10:30:00,0.602825
2016-06-26 10:30:00,0.51687497
2016-06-27 10:30:00,0.63567495
2016-06-28 10:30:00,0.7637
2016-06-29 10:30:00,0.8422625
2016-06-30 10:30:00,0.81957495
2016-07-01 10:30:00,0.5290125
2016-07-02 10:30:00,0.63845
2016-07-03 10:30:00,0.625825
2016-07-04 10:30:00,0.4918125
2016-07-05 10:30:00,0.4951375
2016-07-06 10:30:00,0.5103875
2016-07-07 10:30:00,0.5948875
2016-07-08 10:30:00,0.68167496
2016-07-09 10:30:00,0.67501247
2016-07-10 10:30:00,0.4109875
2016-07-11 10:30:00,0.5923625
2016-07-12 10:30:00,0.677875
2016-07-13 10:30:00,0.53713745
2016-07-14 10:30:00,0.5473625
2016-07-15 10:30:00,0.497075
2016-07-16 10:30:00,0.5031375
2016-07-17 10:30:00,0.59073746
2016-07-18 10:30:00,0.43208748
2016-07-19 10:30:00,0.64536244
2016-07-20 10:30:00,0.67415
2016-07-21 10:30:00,0.67966247
2016-07-22 10:30:00,0.8676875
2016-07-23 10:30:00,0.7762625
2016-07-24 10:30:00,0.562275
2016-07-25 10:30:00,0.697775
2016-07-26 10:30:00,0.63379997
2016-07-27 10:30:00,0.59165
2016-07-28 10:30:00,0.7166749
2016-07-29 10:30:00,0.59435
2016-07-30 10:30:00,0.6786875
2016-07-31 10:30:00,0.72135
2016-08-01 10:30:00,0.5997625
2016-08-02 10:30:00,0.532975
2016-08-03 10:30:00,0.5602625
2016-08-04 10:30:00,0.5174375
2016-08-05 10:30:00,0.624375
2016-08-06 10:30:00,0.84701246
2016-08-07 10:30:00,0.5093375
2016-08-08 10:30:00,0.50866246
2016-08-09 10:30:00,0.64205
2016-08-10 10:30:00,0.636975
2016-08-11 10:30:00,0.4665375
2016-08-12 10:30:00,0.3857
2016-08-13 10:30:00,0.4953625
2016-08-14 10:30:00,0.564925
2016-08-15 10:30:00,0.5120875
2016-08-16 10:30:00,0.59585
2016-08-17 10:30:00,0.5107125
2016-08-18 10:30:00,0.6507875
2016-08-19 10:30:00,0.6050875
2016-08-20 10:30:00,0.81122494
2016-08-21 10:30:00,0.66043746
2016-08-22 10:30:00,0.5994625
2016-08-23 10:30:00,0.7163375
2016-08-24 10:30:00,0.5384375
2016-08-25 10:30:00,0.40507498
2016-08-26 10:30:00,0.46866247
2016-08-27 10:30:00,0.4639375
2016-08-28 10:30:00,0.44593748
2016-08-29 10:30:00,0.47347498
2016-08-30 10:30:00,0.4625125
2016-08-31 10:30:00,0.8738375
2016-09-01 10:30:00,0.90528744
2016-09-02 10:30:00,0.84195
2016-09-03 10:30:00,0.8639875
2016-09-04 10:30:00,0.87193745
2016-09-05 10:30:00,0.8646375
2016-09-06 10:30:00,0.78355
2016-09-07 10:30:00,0.6464125
2016-09-08 10:30:00,0.763775
2016-09-09 10:30:00,0.86781245
2016-09-10 10:30:00,0.85975
2016-09-11 10:30:00,0.7372875
2016-09-12 10:30:00,0.771575
2016-09-13 10:30:00,0.731375
2016-09-14 10:30:00,0.8317125
2016-09-15 10:30:00,0.563725
2016-09-16 10:30:00,0.70998746
2016-09-17 10:30:00,0.8161875
2016-09-18 10:30:00,0.66793746
2016-09-19 10:30:00,0.5623125
2016-09-20 10:30:00,0.583925
2016-09-21 10:30:00,0.5995125
2016-09-22 10:30:00,0.6825875
2016-09-23 10:30:00,0.75383747
2016-09-24 10:30:00,0.648925
2016-09-25 10:30:00,0.59427494
2016-09-26 10:30:00,0.7504875
2016-09-27 10:30:00,0.72412497
2016-09-28 10:30:00,0.5777375
2016-09-29 10:30:00,0.6100625
2016-09-30 10:30:00,0.6600375
2016-10-01 10:30:00,0.5366875
2016-10-02 10:30:00,0.5315375
2016-10-03 10:30:00,0.57138747
2016-10-04 10:30:00,0.6801
2016-10-05 10:30:00,0.5039375
2016-10-06 10:30:00,0.489325
2016-10-07 10:30:00,0.82726246
2016-10-08 10:30:00,0.648125
2016-10-09 10:30:00,0.6107375
2016-10-10 10:30:00,0.5538625
2016-10-11 10:30:00,0.5256
2016-10-12 10:30:00,0.585925
2016-10-13 10:30:00,0.6007125
2016-10-14 10:30:00,0.60947496
2016-10-15 10:30:00,0.5843125
2016-10-16 10:30:00,0.5826
2016-10-17 10:30:00,0.53244996
2016-10-18 10:30:00,0.4641875
2016-10-19 10:30:00,0.59779996
2016-10-20 10:30:00,0.3755
2016-10-21 10:30:00,0.800975
2016-10-22 10:30:00,0.5210125
2016-10-23 10:30:00,0.52195
2016-10-24 10:30:00,0.5470375
2016-10-25 10:30:00,0.6021625
2016-10-26 10:30:00,0.5057875
2016-10-27 10:30:00,0.50495
2016-10-28 10:30:00,0.47265
2016-10-29 10:30:00,0.4530625
2016-10-30 10:30:00,0.43682498
2016-10-31 10:30:00,0.39674997
2016-11-01 10:30:00,0.41537496
2016-11-02 10:30:00,0.4626625
2016-11-03 10:30:00,0.603825
2016-11-04 10:30:00,0.78065
2016-11-05 10:30:00,0.61064994
2016-11-06 10:30:00,0.6793
2016-11-07 10:30:00,0.668825
2016-11-08 10:30:00,0.5987375
2016-11-09 10:30:00,0.65505
2016-11-10 10:30:00,0.7647125
2016-11-11 10:30:00,0.60178745
2016-11-12 10:30:00,0.6220875
2016-11-13 10:30:00,0.78921247
2016-11-14 10:30:00,0.59322494
2016-11-15 10:30:00,0.7077375
2016-11-16 10:30:00,0.75624996
2016-11-17 10:30:00,0.6572875
2016-11-18 10:30:00,0.75458753
2016-11-19 10:30:00,0.6084
2016-11-20 10:30:00,0.5184875
2016-11-21 10:30:00,0.52732503
2016-11-22 10:30:00,0.60279995
2016-11-23 10:30:00,0.55268747
2016-11-24 10:30:00,0.661975
2016-11-25 10:30:00,0.7036125
2016-11-26 10:30:00,0.6631625
2016-11-27 10:30:00,0.603825
2016-11-28 10:30:00,0.598075
2016-11-29 10:30:00,0.69746244
2016-11-30 10:30:00,0.5786875
2016-12-01 10:30:00,0.5601
2016-12-02 10:30:00,0.6856875
2016-12-03 10:30:00,0.5505875
2016-12-04 10:30:00,0.5404625
2016-12-05 10:30:00,0.647025
2016-12-06 10:30:00,0.72748744
2016-12-07 10:30:00,0.69553745
2016-12-08 10:30:00,0.6333625
2016-12-09 10:30:00,0.5563125
2016-12-10 10:30:00,0.6750875
2016-12-11 10:30:00,0.667225
2016-12-12 10:30:00,0.54605
2016-12-13 10:30:00,0.5176
2016-12-14 10:30:00,0.5412375
2016-12-15 10:30:00,0.510825
2016-12-16 10:30:00,0.634
2016-12-17 10:30:00,0.5280875
2016-12-18 10:30:00,0.66057503
2016-12-19 10:30:00,0.695975
2016-12-20 10:30:00,0.6758999
2016-12-21 10:30:00,0.6646375
2016-12-22 10:30:00,0.5125375
2016-12-23 10:30:00,0.6103875
2016-12-24 10:30:00,0.6940125
2016-12-25 10:30:00,0.53232497
2016-12-26 10:30:00,0.440675
2016-12-27 10:30:00,0.54136246
2016-12-28 10:30:00,0.4919875
2016-12-29 10:30:00,0.5219625
2016-12-30 10:30:00,0.547575
2016-12-31 10:30:00,0.58645
2017-01-01 10:30:00,0.6356375
2017-01-02 10:30:00,0.61307496
2017-01-03 10:30:00,0.578675
2017-01-04 10:30:00,0.69103754
2017-01-05 10:30:00,0.6302625
2017-01-06 10:30:00,0.601725
2017-01-07 10:30:00,0.658325
2017-01-08 10:30:00,0.47272497
2017-01-09 10:30:00,0.40131247
2017-01-10 10:30:00,0.452725
2017-01-11 10:30:00,0.46786246
2017-01-12 10:30:00,0.3830125
2017-01-13 10:30:00,0.4732875
2017-01-14 10:30:00,0.6050375
2017-01-15 10:30:00,0.5102875
2017-01-16 10:30:00,0.619375
2017-01-17 10:30:00,0.6557125
2017-01-18 10:30:00,0.5349
2017-01-19 10:30:00,0.52975
2017-01-20 10:30:00,0.5219625
2017-01-21 10:30:00,0.5709875
2017-01-22 10:30:00,0.51445
2017-01-23 10:30:00,0.49241248
2017-01-24 10:30:00,0.5087625
2017-01-25 10:30:00,0.58362496
2017-01-26 10:30:00,0.48549998
2017-01-27 10:30:00,0.5469125
2017-01-28 10:30:00,0.595625
2017-01-29 10:30:00,0.48322502
2017-01-30 10:30:00,0.4340375
2017-01-31 10:30:00,0.3619625
2017-02-01 10:30:00,0.3941125
2017-02-02 10:30:00,0.44252503
2017-02-03 10:30:00,0.5269625
2017-02-04 10:30:00,0.499
2017-02-05 10:30:00,0.5385625
2017-02-06 10:30:00,0.489375
2017-02-07 10:30:00,0.5278625
2017-02-08 10:30:00,0.4465
2017-02-09 10:30:00,0.44625
2017-02-10 10:30:00,0.44037497
2017-02-11 10:30:00,0.4256625
2017-02-12 10:30:00,0.471225
2017-02-13 10:30:00,0.4881
2017-02-14 10:30:00,0.485325
2017-02-15 10:30:00,0.46424997
2017-02-16 10:30:00,0.38565
2017-02-17 10:30:00,0.343725
2017-02-18 10:30:00,0.335125
2017-02-19 10:30:00,0.5258
2017-02-20 10:30:00,0.4203125
2017-02-21 10:30:00,0.54829997
2017-02-22 10:30:00,0.41097498
2017-02-23 10:30:00,0.45868745
2017-02-24 10:30:00,0.575325
2017-02-25 10:30:00,0.5453375
2017-02-26 10:30:00,0.6087875
2017-02-27 10:30:00,0.5283375
2017-02-28 10:30:00,0.43963748
2017-03-01 10:30:00,0.39853752
2017-03-02 10:30:00,0.43057498
2017-03-03 10:30:00,0.495975
2017-03-04 10:30:00,0.469425
2017-03-05 10:30:00,0.424925
2017-03-06 10:30:00,0.42017496
2017-03-07 10:30:00,0.43186247
2017-03-08 10:30:00,0.42929998
2017-03-09 10:30:00,0.46555
2017-03-10 10:30:00,0.41779998
2017-03-11 10:30:00,0.43143752
2017-03-12 10:30:00,0.35072497
2017-03-13 10:30:00,0.4337375
2017-03-14 10:30:00,0.4673375
2017-03-15 10:30:00,0.464075
2017-03-16 10:30:00,0.3847125
2017-03-17 10:30:00,0.42588747
2017-03-18 10:30:00,0.3349375
2017-03-19 10:30:00,0.323525
2017-03-20 10:30:00,0.4284125
2017-03-21 10:30:00,0.38347498
2017-03-22 10:30:00,0.3722
2017-03-23 10:30:00,0.411375
2017-03-24 10:30:00,0.35881248
2017-03-25 10:30:00,0.3437875
2017-03-26 10:30:00,0.5004
2017-03-27 10:30:00,0.4261375
2017-03-28 10:30:00,0.41712502
2017-03-29 10:30:00,0.5029
2017-03-30 10:30:00,0.448875
2017-03-31 10:30:00,0.3346375
2017-04-01 10:30:00,0.3177375
2017-04-02 10:30:00,0.30818748
2017-04-03 10:30:00,0.30385
2017-04-04 10:30:00,0.2746875
2017-04-05 10:30:00,0.334225
2017-04-06 10:30:00,0.3624625
2017-04-07 10:30:00,0.32701248
2017-04-08 10:30:00,0.27034998
2017-04-09 10:30:00,0.1973125
2017-04-10 10:30:00,0.18459998
2017-04-11 10:30:00,0.2036375
2017-04-12 10:30:00,0.21459998
2017-04-13 10:30:00,0.2187125
2017-04-14 10:30:00,0.2127875
2017-04-15 10:30:00,0.1597125
2017-04-16 10:30:00,0.2760625
2017-04-17 10:30:00,0.46192497
2017-04-18 10:30:00,0.41
2017-04-19 10:30:00,0.3101875
2017-04-20 10:30:00,0.3366875
2017-04-21 10:30:00,0.20827499
2017-04-22 10:30:00,0.2635375
2017-04-23 10:30:00,0.36717498
2017-04-24 10:30:00,0.652925
2017-04-25 10:30:00,0.610075
2017-04-26 10:30:00,0.4182875
2017-04-27 10:30:00,0.3191
2017-04-28 10:30:00,0.2261125
2017-04-29 10:30:00,0.21709998
2017-04-30 10:30:00,0.2959
2017-05-01 10:30:00,0.1688125
2017-05-02 10:30:00,0.1782875
2017-05-03 10:30:00,0.3640375
2017-05-04 10:30:00,0.275475
2017-05-05 10:30:00,0.59585
2017-05-06 10:30:00,0.2805625
2017-05-07 10:30:00,0.4612875
2017-05-08 10:30:00,0.26436248
2017-05-09 10:30:00,0.23521249
2017-05-10 10:30:00,0.373875
2017-05-11 10:30:00,0.48448747
2017-05-12 10:30:00,0.43439996
2017-05-13 10:30:00,0.5950625
2017-05-14 10:30:00,0.55311245
2017-05-15 10:30:00,0.3063375
2017-05-16 10:30:00,0.37285
2017-05-17 10:30:00,0.33260003
2017-05-18 10:30:00,0.151125
2017-05-19 10:30:00,0.2773375
2017-05-20 10:30:00,0.5610625
2017-05-21 10:30:00,0.8672
2017-05-22 10:30:00,0.61645
2017-05-23 10:30:00,0.3807625
2017-05-24 10:30:00,0.49818748
2017-05-25 10:30:00,0.35435
2017-05-26 10:30:00,0.327275
2017-05-27 10:30:00,0.30197498
2017-05-28 10:30:00,0.1954125
2017-05-29 10:30:00,0.22386248
2017-05-30 10:30:00,0.23539999
2017-05-31 10:30:00,0.3012
2017-06-01 10:30:00,0.44263747
2017-06-02 10:30:00,0.6221875
2017-06-03 10:30:00,0.500525
2017-06-04 10:30:00,0.3970375
2017-06-05 10:30:00,0.25312498
2017-06-06 10:30:00,0.6367375
2017-06-07 10:30:00,0.4591625
2017-06-08 10:30:00,0.358525
2017-06-09 10:30:00,0.31675
2017-06-10 10:30:00,0.43646246
2017-06-11 10:30:00,0.5036
2017-06-12 10:30:00,0.469925
2017-06-13 10:30:00,0.3006375
2017-06-14 10:30:00,0.2763
2017-06-15 10:30:00,0.5152125
2017-06-16 10:30:00,0.48014998
2017-06-17 10:30:00,0.4777375
2017-06-18 10:30:00,0.5018875
2017-06-19 10:30:00,0.51678747
2017-06-20 10:30:00,0.73167497
2017-06-21 10:30:00,0.73725
2017-06-22 10:30:00,0.4775
2017-06-23 10:30:00,0.4188
2017-06-24 10:30:00,0.4212625
2017-06-25 10:30:00,0.5073875
2017-06-26 10:30:00,0.5053375
2017-06-27 10:30:00,0.5145875
2017-06-28 10:30:00,0.4707
2017-06-29 10:30:00,0.54645
2017-06-30 10:30:00,0.6541
2017-07-01 10:30:00,0.6209125
2017-07-02 10:30:00,0.7386125
2017-07-03 10:30:00,0.5660125
2017-07-04 10:30:00,0.45555
2017-07-05 10:30:00,0.47175
2017-07-06 10:30:00,0.64113754
2017-07-07 10:30:00,0.73300004
2017-07-08 10:30:00,0.8201
2017-07-09 10:30:00,0.6703875
2017-07-10 10:30:00,0.7154375
2017-07-11 10:30:00,0.5329125
2017-07-12 10:30:00,0.5105875
2017-07-13 10:30:00,0.42944998
2017-07-14 10:30:00,0.401375
2017-07-15 10:30:00,0.584175
2017-07-16 10:30:00,0.47486246
2017-07-17 10:30:00,0.5318125
2017-07-18 10:30:00,0.4954375
2017-07-19 10:30:00,0.4514625
2017-07-20 10:30:00,0.8121
2017-07-21 10:30:00,0.5728125
2017-07-22 10:30:00,0.516725
2017-07-23 10:30:00,0.6291625
2017-07-24 10:30:00,0.4460375
2017-07-25 10:30:00,0.367675
2017-07-26 10:30:00,0.865025
2017-07-27 10:30:00,0.6966125
2017-07-28 10:30:00,0.57829994
2017-07-29 10:30:00,0.712325
2017-07-30 10:30:00,0.798075
2017-07-31 10:30:00,0.67183745
2017-08-01 10:30:00,0.82605004
2017-08-02 10:30:00,0.81824994
2017-08-03 10:30:00,0.85403746
2017-08-04 10:30:00,0.77887493
2017-08-05 10:30:00,0.74483746
2017-08-06 10:30:00,0.81452495
2017-08-07 10:30:00,0.81076247
2017-08-08 10:30:00,0.74013746
2017-08-09 10:30:00,0.8217125
2017-08-10 10:30:00,0.84758747
2017-08-11 10:30:00,0.8037999
2017-08-12 10:30:00,0.749775
2017-08-13 10:30:00,0.8008
2017-08-14 10:30:00,0.8033
2017-08-15 10:30:00,0.8399375
2017-08-16 10:30:00,0.80840003
2017-08-17 10:30:00,0.79975
2017-08-18 10:30:00,0.76027495
2017-08-19 10:30:00,0.7605875
2017-08-20 10:30:00,0.73622495
2017-08-21 10:30:00,0.60583746
2017-08-22 10:30:00,0.6242125
2017-08-23 10:30:00,0.5741875
2017-08-24 10:30:00,0.4666
2017-08-25 10:30:00,0.4901875
2017-08-26 10:30:00,0.59012496
2017-08-27 10:30:00,0.5239625
2017-08-28 10:30:00,0.3666375
2017-08-29 10:30:00,0.3452875
2017-08-30 10:30:00,0.518025
2017-08-31 10:30:00,0.5443625
2017-09-01 10:30:00,0.645025
2017-09-02 10:30:00,0.6027
2017-09-03 10:30:00,0.87160003
2017-09-04 10:30:00,0.7671374
2017-09-05 10:30:00,0.7143125
2017-09-06 10:30:00,0.62065
2017-09-07 10:30:00,0.555325
2017-09-08 10:30:00,0.63334996
2017-09-09 10:30:00,0.664275
2017-09-10 10:30:00,0.72847503
2017-09-11 10:30:00,0.4034
2017-09-12 10:30:00,0.57095
2017-09-13 10:30:00,0.6215625
2017-09-14 10:30:00,0.65485
2017-09-15 10:30:00,0.89617497
2017-09-16 10:30:00,0.76086247
2017-09-17 10:30:00,0.73223746
2017-09-18 10:30:00,0.6224375
2017-09-19 10:30:00,0.6707625
2017-09-20 10:30:00,0.68151253
2017-09-21 10:30:00,0.47224998
2017-09-22 10:30:00,0.5205875
2017-09-23 10:30:00,0.408325
2017-09-24 10:30:00,0.47735
2017-09-25 10:30:00,0.59999996
2017-09-26 10:30:00,0.36761248
2017-09-27 10:30:00,0.3247
2017-09-28 10:30:00,0.34351248
2017-09-29 10:30:00,0.32645
2017-09-30 10:30:00,0.3116625
2017-10-01 10:30:00,0.33221248
2017-10-02 10:30:00,0.2902625
2017-10-03 10:30:00,0.35288748
2017-10-04 10:30:00,0.3240375
2017-10-05 10:30:00,0.43314996
2017-10-06 10:30:00,0.45448747
2017-10-07 10:30:00,0.561525
2017-10-08 10:30:00,0.85714996
2017-10-09 10:30:00,0.7044125
2017-10-10 10:30:00,0.5721125
2017-10-11 10:30:00,0.598275
2017-10-12 10:30:00,0.54693747
2017-10-13 10:30:00,0.42103752
2017-10-14 10:30:00,0.4345375
2017-10-15 10:30:00,0.56025
2017-10-16 10:30:00,0.37356248
2017-10-17 10:30:00,0.358275
2017-10-18 10:30:00,0.34435
2017-10-19 10:30:00,0.46295002
2017-10-20 10:30:00,0.421675
2017-10-21 10:30:00,0.3951625
2017-10-22 10:30:00,0.41437498
2017-10-23 10:30:00,0.41545
2017-10-24 10:30:00,0.4260125
2017-10-25 10:30:00,0.4086375
2017-10-26 10:30:00,0.45994997
2017-10-27 10:30:00,0.4778625
2017-10-28 10:30:00,0.391725
2017-10-29 10:30:00,0.368325
2017-10-30 10:30:00,0.31016248
2017-10-31 10:30:00,0.306425
2017-11-01 10:30:00,0.40526247
2017-11-02 10:30:00,0.44525
2017-11-03 10:30:00,0.36834997
2017-11-04 10:30:00,0.37983748
2017-11-05 10:30:00,0.3354125
2017-11-06 10:30:00,0.5302875
2017-11-07 10:30:00,0.79249996
2017-11-08 10:30:00,0.6880625
2017-11-09 10:30:00,0.65707505
2017-11-10 10:30:00,0.50885004
2017-11-11 10:30:00,0.552175
2017-11-12 10:30:00,0.52935
2017-11-13 10:30:00,0.49037498
2017-11-14 10:30:00,0.481725
2017-11-15 10:30:00,0.46895
2017-11-16 10:30:00,0.47373748
2017-11-17 10:30:00,0.44858748
2017-11-18 10:30:00,0.50343746
2017-11-19 10:30:00,0.5504
2017-11-20 10:30:00,0.5877
2017-11-21 10:30:00,0.49061248
2017-11-22 10:30:00,0.51361245
2017-11-23 10:30:00,0.4318
2017-11-24 10:30:00,0.53319997
2017-11-25 10:30:00,0.49971247
2017-11-26 10:30:00,0.46179998
2017-11-27 10:30:00,0.40987498
2017-11-28 10:30:00,0.34451246
2017-11-29 10:30:00,0.3328625
2017-11-30 10:30:00,0.4642375
2017-12-01 10:30:00,0.5372
2017-12-02 10:30:00,0.6362625
2017-12-03 10:30:00,0.52085
2017-12-04 10:30:00,0.4882875
2017-12-05 10:30:00,0.64677495
2017-12-06 10:30:00,0.5897875
2017-12-07 10:30:00,0.46888748
2017-12-08 10:30:00,0.56615
2017-12-09 10:30:00,0.59688747
2017-12-10 10:30:00,0.47285
2017-12-11 10:30:00,0.42709997
2017-12-12 10:30:00,0.4218
2017-12-13 10:30:00,0.4278375
2017-12-14 10:30:00,0.457825
2017-12-15 10:30:00,0.4611375
2017-12-16 10:30:00,0.45954996
2017-12-17 10:30:00,0.5255375
2017-12-18 10:30:00,0.43607497
2017-12-19 10:30:00,0.546475
2017-12-20 10:30:00,0.5863125
2017-12-21 10:30:00,0.48786247
2017-12-22 10:30:00,0.44193748
2017-12-23 10:30:00,0.4802875
2017-12-24 10:30:00,0.5148875
2017-12-25 10:30:00,0.44864997
2017-12-26 10:30:00,0.36708748
2017-12-27 10:30:00,0.46255
2017-12-28 10:30:00,0.56549996
2017-12-29 10:30:00,0.5311125
2017-12-30 10:30:00,0.60057503
2017-12-31 10:30:00,0.5683
2018-01-01 10:30:00,0.4515375
2018-01-02 10:30:00,0.5046125
2018-01-03 10:30:00,0.47985
2018-01-04 10:30:00,0.40496248
2018-01-05 10:30:00,0.499475
2018-01-06 10:30:00,0.4456625
2018-01-07 10:30:00,0.4652375
2018-01-08 10:30:00,0.60171247
2018-01-09 10:30:00,0.485525
2018-01-10 10:30:00,0.35502496
2018-01-11 10:30:00,0.3483125
2018-01-12 10:30:00,0.54597497
2018-01-13 10:30:00,0.6075625
2018-01-14 10:30:00,0.4964375
2018-01-15 10:30:00,0.5960125
2018-01-16 10:30:00,0.6928
2018-01-17 10:30:00,0.5895625
2018-01-18 10:30:00,0.59073746
2018-01-19 10:30:00,0.3944125
2018-01-20 10:30:00,0.40327498
2018-01-21 10:30:00,0.37673748
2018-01-22 10:30:00,0.374025
2018-01-23 10:30:00,0.3899125
2018-01-24 10:30:00,0.4116875
2018-01-25 10:30:00,0.37201247
2018-01-26 10:30:00,0.3629
2018-01-27 10:30:00,0.35537496
2018-01-28 10:30:00,0.4217125
2018-01-29 10:30:00,0.5044625
2018-01-30 10:30:00,0.48119998
2018-01-31 10:30:00,0.51199996
2018-02-01 10:30:00,0.46836248
2018-02-02 10:30:00,0.47152498
2018-02-03 10:30:00,0.452775
2018-02-04 10:30:00,0.461975
2018-02-05 10:30:00,0.4104
2018-02-06 10:30:00,0.429625
2018-02-07 10:30:00,0.4547625
2018-02-08 10:30:00,0.45498747
2018-02-09 10:30:00,0.40451247
2018-02-10 10:30:00,0.37491247
2018-02-11 10:30:00,0.38268748
2018-02-12 10:30:00,0.41747496
2018-02-13 10:30:00,0.450975
2018-02-14 10:30:00,0.41773748
2018-02-15 10:30:00,0.4288
2018-02-16 10:30:00,0.34623748
2018-02-17 10:30:00,0.33506247
2018-02-18 10:30:00,0.37541246
2018-02-19 10:30:00,0.4128125
2018-02-20 10:30:00,0.4339
2018-02-21 10:30:00,0.498325
2018-02-22 10:30:00,0.4906
2018-02-23 10:30:00,0.39548752
2018-02-24 10:30:00,0.37406248
2018-02-25 10:30:00,0.4562125
2018-02-26 10:30:00,0.659475
2018-02-27 10:30:00,0.617875
2018-02-28 10:30:00,0.7053499
2018-03-01 10:30:00,0.4769125
2018-03-02 10:30:00,0.427875
2018-03-03 10:30:00,0.54478747
2018-03-04 10:30:00,0.3850125
2018-03-05 10:30:00,0.36724997
2018-03-06 10:30:00,0.41247496
2018-03-07 10:30:00,0.4616375
2018-03-08 10:30:00,0.4009875
2018-03-09 10:30:00,0.5354125
2018-03-10 10:30:00,0.55763745
2018-03-11 10:30:00,0.49134997
2018-03-12 10:30:00,0.526375
2018-03-13 10:30:00,0.57542497
2018-03-14 10:30:00,0.68682504
2018-03-15 10:30:00,0.38958746
2018-03-16 10:30:00,0.32445
2018-03-17 10:30:00,0.3723125
2018-03-18 10:30:00,0.3362125
2018-03-19 10:30:00,0.2738
2018-03-20 10:30:00,0.37355
2018-03-21 10:30:00,0.39464998
2018-03-22 10:30:00,0.32538748
2018-03-23 10:30:00,0.27803752
2018-03-24 10:30:00,0.277375
2018-03-25 10:30:00,0.28272498
2018-03-26 10:30:00,0.28509998
2018-03-27 10:30:00,0.3100125
2018-03-28 10:30:00,0.2624625
2018-03-29 10:30:00,0.25745
2018-03-30 10:30:00,0.3929
2018-03-31 10:30:00,0.52362496
2018-04-01 10:30:00,0.2853875
2018-04-02 10:30:00,0.1823375
2018-04-03 10:30:00,0.19101249
2018-04-04 10:30:00,0.1555125
2018-04-05 10:30:00,0.3895125
2018-04-06 10:30:00,0.23152499
2018-04-07 10:30:00,0.1930125
2018-04-08 10:30:00,0.228075
2018-04-09 10:30:00,0.268275
2018-04-10 10:30:00,0.46557498
2018-04-11 10:30:00,0.26215
2018-04-12 10:30:00,0.2530625
2018-04-13 10:30:00,0.73631245
2018-04-14 10:30:00,0.7348625
2018-04-15 10:30:00,0.37506247
2018-04-16 10:30:00,0.2102125
2018-04-17 10:30:00,0.332325
2018-04-18 10:30:00,0.46665
2018-04-19 10:30:00,0.34315
2018-04-20 10:30:00,0.73051244
2018-04-21 10:30:00,0.6064875
2018-04-22 10:30:00,0.459025
2018-04-23 10:30:00,0.45555
2018-04-24 10:30:00,0.30636248
2018-04-25 10:30:00,0.257675
2018-04-26 10:30:00,0.3227375
2018-04-27 10:30:00,0.30366248
2018-04-28 10:30:00,0.37506247
2018-04-29 10:30:00,0.38107502
2018-04-30 10:30:00,0.41895
2018-05-01 10:30:00,0.496525
2018-05-02 10:30:00,0.42003748
2018-05-03 10:30:00,0.2975875
2018-05-04 10:30:00,0.22491248
2018-05-05 10:30:00,0.1651
2018-05-06 10:30:00,0.3206
2018-05-07 10:30:00,0.43761247
2018-05-08 10:30:00,0.39205
2018-05-09 10:30:00,0.25497502
2018-05-10 10:30:00,0.3838625
2018-05-11 10:30:00,0.30865
2018-05-12 10:30:00,0.31794998
2018-05-13 10:30:00,0.4732125
2018-05-14 10:30:00,0.309475
2018-05-15 10:30:00,0.60284996
2018-05-16 10:30:00,0.6292
2018-05-17 10:30:00,0.43801248
2018-05-18 10:30:00,0.391475
2018-05-19 10:30:00,0.2554125
2018-05-20 10:30:00,0.59143746
2018-05-21 10:30:00,0.50799996
2018-05-22 10:30:00,0.6997
2018-05-23 10:30:00,0.5214125
2018-05-24 10:30:00,0.51998746
2018-05-25 10:30:00,0.4129125
2018-05-26 10:30:00,0.5390625
2018-05-27 10:30:00,0.7163624
2018-05-28 10:30:00,0.7650875
2018-05-29 10:30:00,0.845875
2018-05-30 10:30:00,0.5622625
2018-05-31 10:30:00,0.37301248
2018-06-01 10:30:00,0.20205
2018-06-02 10:30:00,0.18364999
2018-06-03 10:30:00,0.3346625
2018-06-04 10:30:00,0.592275
2018-06-05 10:30:00,0.4898375
2018-06-06 10:30:00,0.55485
2018-06-07 10:30:00,0.6008
2018-06-08 10:30:00,0.5089875
2018-06-09 10:30:00,0.5468375
2018-06-10 10:30:00,0.55665
2018-06-11 10:30:00,0.7002625
2018-06-12 10:30:00,0.75693744
2018-06-13 10:30:00,0.758675
2018-06-14 10:30:00,0.76934993
2018-06-15 10:30:00,0.8333875
2018-06-16 10:30:00,0.58165
2018-06-17 10:30:00,0.5042
2018-06-18 10:30:00,0.730325
2018-06-19 10:30:00,0.4953375
2018-06-20 10:30:00,0.534775
2018-06-21 10:30:00,0.42894998
2018-06-22 10:30:00,0.5004875
2018-06-23 10:30:00,0.49497497
2018-06-24 10:30:00,0.6953875
2018-06-25 10:30:00,0.83599997
2018-06-26 10:30:00,0.76527494
2018-06-27 10:30:00,0.73847497
2018-06-28 10:30:00,0.5592375
2018-06-29 10:30:00,0.543475
2018-06-30 10:30:00,0.5527
2018-07-01 10:30:00,0.57049996
2018-07-02 10:30:00,0.5774375
2018-07-03 10:30:00,0.70621246
2018-07-04 10:30:00,0.94843745
2018-07-05 10:30:00,0.89278746
2018-07-06 10:30:00,0.78218746
2018-07-07 10:30:00,0.95949996
2018-07-08 10:30:00,0.7085375
2018-07-09 10:30:00,0.70949996
2018-07-10 10:30:00,0.78061247
2018-07-11 10:30:00,0.885975
2018-07-12 10:30:00,0.688275
2018-07-13 10:30:00,0.6157875
2018-07-14 10:30:00,0.61724997
2018-07-15 10:30:00,0.6199875
2018-07-16 10:30:00,0.918125
2018-07-17 10:30:00,0.89537495
2018-07-18 10:30:00,0.81839997
2018-07-19 10:30:00,0.7354625
2018-07-20 10:30:00,0.88436246
2018-07-21 10:30:00,0.9167749
2018-07-22 10:30:00,0.7040875
2018-07-23 10:30:00,0.66805
2018-07-24 10:30:00,0.8994875
2018-07-25 10:30:00,0.86714995
2018-07-26 10:30:00,0.76933753
2018-07-27 10:30:00,0.8124125
2018-07-28 10:30:00,0.79442495
2018-07-29 10:30:00,0.7350125
2018-07-30 10:30:00,0.886425
2018-07-31 10:30:00,0.62665
2018-08-01 10:30:00,0.6810125
2018-08-02 10:30:00,0.73690003
2018-08-03 10:30:00,0.7707
2018-08-04 10:30:00,0.9161125
2018-08-05 10:30:00,0.79161245
2018-08-06 10:30:00,0.82163745
2018-08-07 10:30:00,0.8541625
2018-08-08 10:30:00,0.713425
2018-08-09 10:30:00,0.6796125
2018-08-10 10:30:00,0.63955003
2018-08-11 10:30:00,0.85182494
2018-08-12 10:30:00,0.8568625
2018-08-13 10:30:00,0.97574997
2018-08-14 10:30:00,0.95808744
2018-08-15 10:30:00,0.8187625
2018-08-16 10:30:00,0.77107495
2018-08-17 10:30:00,0.8126875
2018-08-18 10:30:00,0.663825
2018-08-19 10:30:00,0.6957374
2018-08-20 10:30:00,0.78732497
2018-08-21 10:30:00,0.59846246
2018-08-22 10:30:00,0.69808745
2018-08-23 10:30:00,0.720225
2018-08-24 10:30:00,0.73632497
2018-08-25 10:30:00,0.9428
2018-08-26 10:30:00,0.79702497
2018-08-27 10:30:00,0.7701
2018-08-28 10:30:00,0.96677494
2018-08-29 10:30:00,0.8544
2018-08-30 10:30:00,0.89787495
2018-08-31 10:30:00,0.76827496
2018-09-01 10:30:00,0.7670375
2018-09-02 10:30:00,0.871975
2018-09-03 10:30:00,0.660025
2018-09-04 10:30:00,0.6250375
2018-09-05 10:30:00,0.708225
2018-09-06 10:30:00,0.515275
2018-09-07 10:30:00,0.68572503
2018-09-08 10:30:00,0.6330625
2018-09-09 10:30:00,0.70387495
2018-09-10 10:30:00,0.70146245
2018-09-11 10:30:00,0.647425
2018-09-12 10:30:00,0.5965125
2018-09-13 10:30:00,0.5747875
2018-09-14 10:30:00,0.6539125
2018-09-15 10:30:00,0.4652375
2018-09-16 10:30:00,0.5266875
2018-09-17 10:30:00,0.53107494
2018-09-18 10:30:00,0.6328875
2018-09-19 10:30:00,0.64685
2018-09-20 10:30:00,0.4950375
2018-09-21 10:30:00,0.628225
2018-09-22 10:30:00,0.701325
2018-09-23 10:30:00,0.6705375
2018-09-24 10:30:00,0.58905
2018-09-25 10:30:00,0.5570125
2018-09-26 10:30:00,0.541675
2018-09-27 10:30:00,0.47215
2018-09-28 10:30:00,0.7426
2018-09-29 10:30:00,0.961575
2018-09-30 10:30:00,0.97798747
2018-10-01 10:30:00,0.56554997
2018-10-02 10:30:00,0.58752495
2018-10-03 10:30:00,0.6302625
2018-10-04 10:30:00,0.55812496
2018-10-05 10:30:00,0.34873748
2018-10-06 10:30:00,0.45708746
2018-10-07 10:30:00,0.60101247
2018-10-08 10:30:00,0.516275
2018-10-09 10:30:00,0.61066246
2018-10-10 10:30:00,0.60487497
2018-10-11 10:30:00,0.521375
2018-10-12 10:30:00,0.42223752
2018-10-13 10:30:00,0.3824
2018-10-14 10:30:00,0.43557498
2018-10-15 10:30:00,0.38881248
2018-10-16 10:30:00,0.41382498
2018-10-17 10:30:00,0.48735
2018-10-18 10:30:00,0.3475
2018-10-19 10:30:00,0.4229125
2018-10-20 10:30:00,0.3426375
2018-10-21 10:30:00,0.545625
2018-10-22 10:30:00,0.40987498
2018-10-23 10:30:00,0.570925
2018-10-24 10:30:00,0.540775
2018-10-25 10:30:00,0.7739
2018-10-26 10:30:00,0.5844875
2018-10-27 10:30:00,0.37026247
2018-10-28 10:30:00,0.3883125
2018-10-29 10:30:00,0.509975
2018-10-30 10:30:00,0.5030125
2018-10-31 10:30:00,0.4447125
2018-11-01 10:30:00,0.5021625
2018-11-02 10:30:00,0.38047498
2018-11-03 10:30:00,0.5433625
2018-11-04 10:30:00,0.4472125
2018-11-05 10:30:00,0.49260002
2018-11-06 10:30:00,0.43525
2018-11-07 10:30:00,0.47792497
2018-11-08 10:30:00,0.6480375
2018-11-09 10:30:00,0.543975
2018-11-10 10:30:00,0.44065
2018-11-11 10:30:00,0.5357625
2018-11-12 10:30:00,0.605325
2018-11-13 10:30:00,0.63795
2018-11-14 10:30:00,0.5141
2018-11-15 10:30:00,0.3378625
2018-11-16 10:30:00,0.33842498
2018-11-17 10:30:00,0.48509997
2018-11-18 10:30:00,0.4781125
2018-11-19 10:30:00,0.45744997
2018-11-20 10:30:00,0.43252498
2018-11-21 10:30:00,0.35755
2018-11-22 10:30:00,0.4432
2018-11-23 10:30:00,0.38395
2018-11-24 10:30:00,0.35934997
2018-11-25 10:30:00,0.3334875
2018-11-26 10:30:00,0.2666125
2018-11-27 10:30:00,0.30165
2018-11-28 10:30:00,0.37882498
2018-11-29 10:30:00,0.38165
2018-11-30 10:30:00,0.36811247
2018-12-01 10:30:00,0.330825
2018-12-02 10:30:00,0.3227
2018-12-03 10:30:00,0.327575
2018-12-04 10:30:00,0.3521625
2018-12-05 10:30:00,0.3576125
2018-12-06 10:30:00,0.3429
2018-12-07 10:30:00,0.340725
2018-12-08 10:30:00,0.361675
2018-12-09 10:30:00,0.50369996
2018-12-10 10:30:00,0.5491125
2018-12-11 10:30:00,0.49853748
2018-12-12 10:30:00,0.64086246
2018-12-13 10:30:00,0.49967498
2018-12-14 10:30:00,0.59155
2018-12-15 10:30:00,0.446025
2018-12-16 10:30:00,0.492775
2018-12-17 10:30:00,0.48213747
2018-12-18 10:30:00,0.52994996
2018-12-19 10:30:00,0.55062497
2018-12-20 10:30:00,0.63484997
2018-12-21 10:30:00,0.597125
2018-12-22 10:30:00,0.35424998
2018-12-23 10:30:00,0.33916253
2018-12-24 10:30:00,0.38342497
2018-12-25 10:30:00,0.2933125
2018-12-26 10:30:00,0.322425
2018-12-27 10:30:00,0.33905
2018-12-28 10:30:00,0.36502498
2018-12-29 10:30:00,0.37386248
2018-12-30 10:30:00,0.43798748
2018-12-31 10:30:00,0.38445
2019-01-01 10:30:00,0.377275
2019-01-02 10:30:00,0.39689997
2019-01-03 10:30:00,0.4321875
2019-01-04 10:30:00,0.37919998
2019-01-05 10:30:00,0.379075
2019-01-06 10:30:00,0.43416247
2019-01-07 10:30:00,0.4043875
2019-01-08 10:30:00,0.28928748
2019-01-09 10:30:00,0.288825
2019-01-10 10:30:00,0.47402498
2019-01-11 10:30:00,0.5531875
2019-01-12 10:30:00,0.584
2019-01-13 10:30:00,0.5399625
2019-01-14 10:30:00,0.4083375
2019-01-15 10:30:00,0.330675
2019-01-16 10:30:00,0.45255
2019-01-17 10:30:00,0.539025
2019-01-18 10:30:00,0.46096247
2019-01-19 10:30:00,0.4362625
2019-01-20 10:30:00,0.344625
2019-01-21 10:30:00,0.335275
2019-01-22 10:30:00,0.3904625
2019-01-23 10:30:00,0.34318748
2019-01-24 10:30:00,0.39185
2019-01-25 10:30:00,0.3834
2019-01-26 10:30:00,0.3359375
2019-01-27 10:30:00,0.40651247
2019-01-28 10:30:00,0.37902498
2019-01-29 10:30:00,0.323825
2019-01-30 10:30:00,0.3279375
2019-01-31 10:30:00,0.29955
2019-02-01 10:30:00,0.2525625
2019-02-02 10:30:00,0.32674998
2019-02-03 10:30:00,0.3231375
2019-02-04 10:30:00,0.35513747
2019-02-05 10:30:00,0.3160625
2019-02-06 10:30:00,0.29466248
2019-02-07 10:30:00,0.2821
2019-02-08 10:30:00,0.3185375
2019-02-09 10:30:00,0.359975
2019-02-10 10:30:00,0.3516875
2019-02-11 10:30:00,0.34146252
2019-02-12 10:30:00,0.29174998
2019-02-13 10:30:00,0.27476248
2019-02-14 10:30:00,0.2611
2019-02-15 10:30:00,0.2513125
2019-02-16 10:30:00,0.2906
2019-02-17 10:30:00,0.2423625
2019-02-18 10:30:00,0.17531249
2019-02-19 10:30:00,0.31204998
2019-02-20 10:30:00,0.2505875
2019-02-21 10:30:00,0.2705125
2019-02-22 10:30:00,0.36576247
2019-02-23 10:30:00,0.2789
2019-02-24 10:30:00,0.29361248
2019-02-25 10:30:00,0.4211
2019-02-26 10:30:00,0.3379
2019-02-27 10:30:00,0.3505125
2019-02-28 10:30:00,0.31893748
2019-03-01 10:30:00,0.2773875
2019-03-02 10:30:00,0.2717375
2019-03-03 10:30:00,0.384
2019-03-04 10:30:00,0.2777375
2019-03-05 10:30:00,0.44592497
2019-03-06 10:30:00,0.33741248
2019-03-07 10:30:00,0.24792498
2019-03-08 10:30:00,0.1725625
2019-03-09 10:30:00,0.2449875
2019-03-10 10:30:00,0.1986125
2019-03-11 10:30:00,0.2719
2019-03-12 10:30:00,0.2429125
2019-03-13 10:30:00,0.3148625
2019-03-14 10:30:00,0.34557498
2019-03-15 10:30:00,0.40937498
2019-03-16 10:30:00,0.48076248
2019-03-17 10:30:00,0.2765875
2019-03-18 10:30:00,0.23994999
2019-03-19 10:30:00,0.2741125
2019-03-20 10:30:00,0.5659125
2019-03-21 10:30:00,0.3039375
2019-03-22 10:30:00,0.29325
2019-03-23 10:30:00,0.2604625
2019-03-24 10:30:00,0.25977498
2019-03-25 10:30:00,0.12175
2019-03-26 10:30:00,0.2143625
2019-03-27 10:30:00,0.14901249
2019-03-28 10:30:00,0.22067499
2019-03-29 10:30:00,0.41338748
2019-03-30 10:30:00,0.25626248
2019-03-31 10:30:00,0.23137501
2019-04-01 10:30:00,0.20631249
2019-04-02 10:30:00,0.16219999
2019-04-03 10:30:00,0.1683375
2019-04-04 10:30:00,0.36099997
2019-04-05 10:30:00,0.26038748
2019-04-06 10:30:00,0.32314998
2019-04-07 10:30:00,0.3709
2019-04-08 10:30:00,0.37626252
2019-04-09 10:30:00,0.24161251
2019-04-10 10:30:00,0.1734625
2019-04-11 10:30:00,0.163175
2019-04-12 10:30:00,0.1127375
2019-04-13 10:30:00,0.25466248
2019-04-14 10:30:00,0.2189
2019-04-15 10:30:00,0.1023875
2019-04-16 10:30:00,0.12593749
2019-04-17 10:30:00,0.4637375
2019-04-18 10:30:00,0.1976375
2019-04-19 10:30:00,0.1210875
2019-04-20 10:30:00,0.1196
2019-04-21 10:30:00,0.1192
2019-04-22 10:30:00,0.17305
2019-04-23 10:30:00,0.11345
2019-04-24 10:30:00,0.19764999
2019-04-25 10:30:00,0.2003375
2019-04-26 10:30:00,0.119224995
2019-04-27 10:30:00,0.102175
2019-04-28 10:30:00,0.2551625
2019-04-29 10:30:00,0.3472
2019-04-30 10:30:00,0.2107125
2019-05-01 10:30:00,0.18075
2019-05-02 10:30:00,0.2139125
2019-05-03 10:30:00,0.1503125
2019-05-04 10:30:00,0.54815
2019-05-05 10:30:00,0.25684997
2019-05-06 10:30:00,0.1674625
2019-05-07 10:30:00,0.17486249
2019-05-08 10:30:00,0.2042625
2019-05-09 10:30:00,0.25489998
2019-05-10 10:30:00,0.3002
2019-05-11 10:30:00,0.46333748
2019-05-12 10:30:00,0.57619995
2019-05-13 10:30:00,0.74663746
2019-05-14 10:30:00,0.5722375
2019-05-15 10:30:00,0.39638752
2019-05-16 10:30:00,0.239675
2019-05-17 10:30:00,0.28112498
2019-05-18 10:30:00,0.241175
2019-05-19 10:30:00,0.9397625
2019-05-20 10:30:00,0.37623748
2019-05-21 10:30:00,0.4726
2019-05-22 10:30:00,0.38255
2019-05-23 10:30:00,0.495875
2019-05-24 10:30:00,0.37333748
2019-05-25 10:30:00,0.44503748
2019-05-26 10:30:00,0.6597
2019-05-27 10:30:00,0.290575
2019-05-28 10:30:00,0.2104875
2019-05-29 10:30:00,0.259425
2019-05-30 10:30:00,0.49798748
2019-05-31 10:30:00,0.5854625
2019-06-01 10:30:00,0.473725
2019-06-02 10:30:00,0.56724995
2019-06-03 10:30:00,0.54074997
2019-06-04 10:30:00,0.50866246
2019-06-05 10:30:00,0.4284125
2019-06-06 10:30:00,0.6594
2019-06-07 10:30:00,0.84396243
2019-06-08 10:30:00,0.871125
2019-06-09 10:30:00,0.8091625
2019-06-10 10:30:00,0.697275
2019-06-11 10:30:00,0.6552375
2019-06-12 10:30:00,0.67235
2019-06-13 10:30:00,0.436375
2019-06-14 10:30:00,0.61277497
2019-06-15 10:30:00,0.5759875
2019-06-16 10:30:00,0.53265
2019-06-17 10:30:00,0.42478746
2019-06-18 10:30:00,0.50796247
2019-06-19 10:30:00,0.4758625
2019-06-20 10:30:00,0.58634996
2019-06-21 10:30:00,0.49739996
2019-06-22 10:30:00,0.5445
2019-06-23 10:30:00,0.45748746
2019-06-24 10:30:00,0.38419998
2019-06-25 10:30:00,0.82909995
2019-06-26 10:30:00,0.81675
2019-06-27 10:30:00,0.76403743
2019-06-28 10:30:00,0.8274375
2019-06-29 10:30:00,0.7804625
2019-06-30 10:30:00,0.7569
2019-07-01 10:30:00,0.597525
2019-07-02 10:30:00,0.6812625
2019-07-03 10:30:00,0.7033
2019-07-04 10:30:00,0.6201125
2019-07-05 10:30:00,0.84325
2019-07-06 10:30:00,0.9193125
2019-07-07 10:30:00,0.7217375
2019-07-08 10:30:00,0.7548625
2019-07-09 10:30:00,0.77135
2019-07-10 10:30:00,0.73606247
2019-07-11 10:30:00,0.81427497
2019-07-12 10:30:00,0.82995003
2019-07-13 10:30:00,0.788525
2019-07-14 10:30:00,0.707825
2019-07-15 10:30:00,0.7033875
2019-07-16 10:30:00,0.823525
2019-07-17 10:30:00,0.69647497
2019-07-18 10:30:00,0.6648375
2019-07-19 10:30:00,0.66144997
2019-07-20 10:30:00,0.83869994
2019-07-21 10:30:00,0.65425
2019-07-22 10:30:00,0.6706875
2019-07-23 10:30:00,0.84335
2019-07-24 10:30:00,0.8152875
2019-07-25 10:30:00,0.7569625
2019-07-26 10:30:00,0.638475
2019-07-27 10:30:00,0.8478125
2019-07-28 10:30:00,0.71121246
2019-07-29 10:30:00,0.68137497
2019-07-30 10:30:00,0.76035005
2019-07-31 10:30:00,0.6476
2019-08-01 10:30:00,0.6811125
2019-08-02 10:30:00,0.6871125
2019-08-03 10:30:00,0.6396375
2019-08-04 10:30:00,0.63339996
2019-08-05 10:30:00,0.7325875
2019-08-06 10:30:00,0.9161125
2019-08-07 10:30:00,0.821825
2019-08-08 10:30:00,0.89296246
2019-08-09 10:30:00,0.8516375
2019-08-10 10:30:00,0.9042125
2019-08-11 10:30:00,0.85135
2019-08-12 10:30:00,0.8263625
2019-08-13 10:30:00,0.76316243
2019-08-14 10:30:00,0.7102
2019-08-15 10:30:00,0.695925
2019-08-16 10:30:00,0.7379125
2019-08-17 10:30:00,0.75786245
2019-08-18 10:30:00,0.792875
2019-08-19 10:30:00,0.7306375
2019-08-20 10:30:00,0.81374997
2019-08-21 10:30:00,0.641325
2019-08-22 10:30:00,0.7576249
2019-08-23 10:30:00,0.8153375
2019-08-24 10:30:00,0.7893625
2019-08-25 10:30:00,0.7956875
2019-08-26 10:30:00,0.8601625
2019-08-27 10:30:00,0.72561246
2019-08-28 10:30:00,0.8064
2019-08-29 10:30:00,0.8082125
2019-08-30 10:30:00,0.68887496
2019-08-31 10:30:00,0.6887625
2019-09-01 10:30:00,0.6362375
2019-09-02 10:30:00,0.75145
2019-09-03 10:30:00,0.7724375
2019-09-04 10:30:00,0.58718747
2019-09-05 10:30:00,0.68172497
2019-09-06 10:30:00,0.75182503
2019-09-07 10:30:00,0.7628875
2019-09-08 10:30:00,0.555
2019-09-09 10:30:00,0.53305
2019-09-10 10:30:00,0.60155
2019-09-11 10:30:00,0.5893125
2019-09-12 10:30:00,0.4610375
2019-09-13 10:30:00,0.6215125
2019-09-14 10:30:00,0.510675
2019-09-15 10:30:00,0.4364
2019-09-16 10:30:00,0.45573747
2019-09-17 10:30:00,0.458875
2019-09-18 10:30:00,0.39412498
2019-09-19 10:30:00,0.62062496
2019-09-20 10:30:00,0.63925
2019-09-21 10:30:00,0.5296125
2019-09-22 10:30:00,0.5388
2019-09-23 10:30:00,0.4311875
2019-09-24 10:30:00,0.40232497
2019-09-25 10:30:00,0.49732497
2019-09-26 10:30:00,0.39674997
2019-09-27 10:30:00,0.3125
2019-09-28 10:30:00,0.2969125
2019-09-29 10:30:00,0.4173
2019-09-30 10:30:00,0.5243125
2019-10-01 10:30:00,0.43521246
2019-10-02 10:30:00,0.6511625
2019-10-03 10:30:00,0.7722125
2019-10-04 10:30:00,0.492275
2019-10-05 10:30:00,0.53905
2019-10-06 10:30:00,0.4175
2019-10-07 10:30:00,0.43404996
2019-10-08 10:30:00,0.5509
2019-10-09 10:30:00,0.38558748
2019-10-10 10:30:00,0.32735
2019-10-11 10:30:00,0.33853748
2019-10-12 10:30:00,0.35604998
2019-10-13 10:30:00,0.32569999
2019-10-14 10:30:00,0.3055625
2019-10-15 10:30:00,0.2965375
2019-10-16 10:30:00,0.4764
2019-10-17 10:30:00,0.3649625
2019-10-18 10:30:00,0.47467497
2019-10-19 10:30:00,0.5793875
2019-10-20 10:30:00,0.50726247
2019-10-21 10:30:00,0.4203625
2019-10-22 10:30:00,0.437275
2019-10-23 10:30:00,0.4172625
2019-10-24 10:30:00,0.78591245
2019-10-25 10:30:00,0.58325
2019-10-26 10:30:00,0.698375
2019-10-27 10:30:00,0.6639875
2019-10-28 10:30:00,0.502525
2019-10-29 10:30:00,0.4431125
2019-10-30 10:30:00,0.40785
2019-10-31 10:30:00,0.31707498
2019-11-01 10:30:00,0.3632125
2019-11-02 10:30:00,0.5233875
2019-11-03 10:30:00,0.5413875
2019-11-04 10:30:00,0.3996125
2019-11-05 10:30:00,0.33787498
2019-11-06 10:30:00,0.43515
2019-11-07 10:30:00,0.4015375
2019-11-08 10:30:00,0.51264995
2019-11-09 10:30:00,0.6143375
2019-11-10 10:30:00,0.51476246
2019-11-11 10:30:00,0.3293
2019-11-12 10:30:00,0.7485875
2019-11-13 10:30:00,0.4778125
2019-11-14 10:30:00,0.5252375
2019-11-15 10:30:00,0.494525
2019-11-16 10:30:00,0.4596125
2019-11-17 10:30:00,0.50839996
2019-11-18 10:30:00,0.39924997
2019-11-19 10:30:00,0.41497502
2019-11-20 10:30:00,0.4923375
2019-11-21 10:30:00,0.531625
2019-11-22 10:30:00,0.43901247
2019-11-23 10:30:00,0.39665
2019-11-24 10:30:00,0.4061
2019-11-25 10:30:00,0.3428875
2019-11-26 10:30:00,0.36311248
2019-11-27 10:30:00,0.368325
2019-11-28 10:30:00,0.38669997
2019-11-29 10:30:00,0.4922
2019-11-30 10:30:00,0.5889125
2019-12-01 10:30:00,0.49861246
2019-12-02 10:30:00,0.38162497
2019-12-03 10:30:00,0.3241
2019-12-04 10:30:00,0.3514625
2019-12-05 10:30:00,0.3748
2019-12-06 10:30:00,0.509
2019-12-07 10:30:00,0.5233875
2019-12-08 10:30:00,0.6255625
2019-12-09 10:30:00,0.62535
2019-12-10 10:30:00,0.64167494
2019-12-11 10:30:00,0.55162495
2019-12-12 10:30:00,0.59295
2019-12-13 10:30:00,0.55415
2019-12-14 10:30:00,0.58261245
2019-12-15 10:30:00,0.5847625
2019-12-16 10:30:00,0.5404375
2019-12-17 10:30:00,0.5133875
2019-12-18 10:30:00,0.517825
2019-12-19 10:30:00,0.5378125
2019-12-20 10:30:00,0.5152125
2019-12-21 10:30:00,0.58215
2019-12-22 10:30:00,0.59639996
2019-12-23 10:30:00,0.56651247
2019-12-24 10:30:00,0.6360875
2019-12-25 10:30:00,0.533425
2019-12-26 10:30:00,0.5730375
2019-12-27 10:30:00,0.5488875
2019-12-28 10:30:00,0.6478125
2019-12-29 10:30:00,0.6229125
2019-12-30 10:30:00,0.46612498
2019-12-31 10:30:00,0.47016248
2020-01-01 10:30:00,0.5827125
2020-01-02 10:30:00,0.523
2020-01-03 10:30:00,0.57116246
2020-01-04 10:30:00,0.6334125
2020-01-05 10:30:00,0.6740625
2020-01-06 10:30:00,0.6978125
2020-01-07 10:30:00,0.6765
2020-01-08 10:30:00,0.6196375
2020-01-09 10:30:00,0.6831625
2020-01-10 10:30:00,0.5896625
2020-01-11 10:30:00,0.600875
2020-01-12 10:30:00,0.55695
2020-01-13 10:30:00,0.62102497
2020-01-14 10:30:00,0.64848745
2020-01-15 10:30:00,0.59482497
2020-01-16 10:30:00,0.588375
2020-01-17 10:30:00,0.65815
2020-01-18 10:30:00,0.7266625
2020-01-19 10:30:00,0.6895
2020-01-20 10:30:00,0.61452496
2020-01-21 10:30:00,0.5737875
2020-01-22 10:30:00,0.604325
2020-01-23 10:30:00,0.5074375
2020-01-24 10:30:00,0.615
2020-01-25 10:30:00,0.65357494
2020-01-26 10:30:00,0.6557625
2020-01-27 10:30:00,0.7272125
2020-01-28 10:30:00,0.7082875
2020-01-29 10:30:00,0.70573753
2020-01-30 10:30:00,0.7321375
2020-01-31 10:30:00,0.614
2020-02-01 10:30:00,0.42778745
2020-02-02 10:30:00,0.48532495
2020-02-03 10:30:00,0.48459998
2020-02-04 10:30:00,0.46246248
2020-02-05 10:30:00,0.50333744
2020-02-06 10:30:00,0.43267497
2020-02-07 10:30:00,0.59458745
2020-02-08 10:30:00,0.60274994
2020-02-09 10:30:00,0.6181
2020-02-10 10:30:00,0.69353753
2020-02-11 10:30:00,0.50146246
2020-02-12 10:30:00,0.65585
2020-02-13 10:30:00,0.78029996
2020-02-14 10:30:00,0.6476375
2020-02-15 10:30:00,0.534975
2020-02-16 10:30:00,0.54545
2020-02-17 10:30:00,0.47311246
2020-02-18 10:30:00,0.4897
2020-02-19 10:30:00,0.5237375
2020-02-20 10:30:00,0.59257495
2020-02-21 10:30:00,0.65701246
2020-02-22 10:30:00,0.51215
2020-02-23 10:30:00,0.5207125
2020-02-24 10:30:00,0.5129875
2020-02-25 10:30:00,0.5129875
2020-02-26 10:30:00,0.531175
2020-02-27 10:30:00,0.44803748
2020-02-28 10:30:00,0.582
2020-02-29 10:30:00,0.5631875
2020-03-01 10:30:00,0.6168
2020-03-02 10:30:00,0.575025
2020-03-03 10:30:00,0.7630625
2020-03-04 10:30:00,0.565225
2020-03-05 10:30:00,0.5582
2020-03-06 10:30:00,0.6507125
2020-03-07 10:30:00,0.5118
2020-03-08 10:30:00,0.47595
2020-03-09 10:30:00,0.3662375
2020-03-10 10:30:00,0.5557125
2020-03-11 10:30:00,0.4411875
2020-03-12 10:30:00,0.25612497
2020-03-13 10:30:00,0.5100375
2020-03-14 10:30:00,0.37791246
2020-03-15 10:30:00,0.2911875
2020-03-16 10:30:00,0.497425
2020-03-17 10:30:00,0.4224625
2020-03-18 10:30:00,0.43785
2020-03-19 10:30:00,0.39869997
2020-03-20 10:30:00,0.38431248
2020-03-21 10:30:00,0.3481375
2020-03-22 10:30:00,0.51292497
2020-03-23 10:30:00,0.379275
2020-03-24 10:30:00,0.3293125
2020-03-25 10:30:00,0.272025
2020-03-26 10:30:00,0.2633
2020-03-27 10:30:00,0.3181375
2020-03-28 10:30:00,0.32213748
2020-03-29 10:30:00,0.23355
2020-03-30 10:30:00,0.20557499
2020-03-31 10:30:00,0.22462499
2020-04-01 10:30:00,0.18325001
2020-04-02 10:30:00,0.2145375
2020-04-03 10:30:00,0.2207
2020-04-04 10:30:00,0.20295
2020-04-05 10:30:00,0.242625
2020-04-06 10:30:00,0.24924998
2020-04-07 10:30:00,0.35468748
2020-04-08 10:30:00,0.33776248
2020-04-09 10:30:00,0.30635
2020-04-10 10:30:00,0.190025
2020-04-11 10:30:00,0.1974625
2020-04-12 10:30:00,0.12701249
2020-04-13 10:30:00,0.122187495
2020-04-14 10:30:00,0.25719997
2020-04-15 10:30:00,0.20681249
2020-04-16 10:30:00,0.4674375
2020-04-17 10:30:00,0.237775
2020-04-18 10:30:00,0.1464375
2020-04-19 10:30:00,0.6604125
2020-04-20 10:30:00,0.57621247
2020-04-21 10:30:00,0.61281246
2020-04-22 10:30:00,0.37080002
2020-04-23 10:30:00,0.39744997
2020-04-24 10:30:00,0.69137496
2020-04-25 10:30:00,0.663575
2020-04-26 10:30:00,0.46304998
2020-04-27 10:30:00,0.2743
2020-04-28 10:30:00,0.562675
2020-04-29 10:30:00,0.45378748
2020-04-30 10:30:00,0.3107625
2020-05-01 10:30:00,0.2908125
2020-05-02 10:30:00,0.3059125
2020-05-03 10:30:00,0.8269
2020-05-04 10:30:00,0.5073875
2020-05-05 10:30:00,0.39724997
2020-05-06 10:30:00,0.261375
2020-05-07 10:30:00,0.39436248
2020-05-08 10:30:00,0.1981625
2020-05-09 10:30:00,0.406175
2020-05-10 10:30:00,0.46885002
2020-05-11 10:30:00,0.5343625
2020-05-12 10:30:00,0.3304375
2020-05-13 10:30:00,0.2859625
2020-05-14 10:30:00,0.283025
2020-05-15 10:30:00,0.4608625
2020-05-16 10:30:00,0.7971875
2020-05-17 10:30:00,0.90655
2020-05-18 10:30:00,0.5861875
2020-05-19 10:30:00,0.5826625
2020-05-20 10:30:00,0.7797125
2020-05-21 10:30:00,0.71565
2020-05-22 10:30:00,0.8016375
2020-05-23 10:30:00,0.725175
2020-05-24 10:30:00,0.42343748
2020-05-25 10:30:00,0.5351375
2020-05-26 10:30:00,0.5865125
2020-05-27 10:30:00,0.50159997
2020-05-28 10:30:00,0.47105
2020-05-29 10:30:00,0.5596875
2020-05-30 10:30:00,0.5327
2020-05-31 10:30:00,0.8349499
2020-06-01 10:30:00,0.52402496
2020-06-02 10:30:00,0.630925
2020-06-03 10:30:00,0.7147
2020-06-04 10:30:00,0.65257496
2020-06-05 10:30:00,0.5843
2020-06-06 10:30:00,0.60171247
2020-06-07 10:30:00,0.6941125
2020-06-08 10:30:00,0.53072494
2020-06-09 10:30:00,0.4806375
2020-06-10 10:30:00,0.7415875
2020-06-11 10:30:00,0.561475
2020-06-12 10:30:00,0.68995
2020-06-13 10:30:00,0.8727
2020-06-14 10:30:00,0.5038875
2020-06-15 10:30:00,0.538175
2020-06-16 10:30:00,0.5405875
2020-06-17 10:30:00,0.65095
2020-06-18 10:30:00,0.6792375
2020-06-19 10:30:00,0.759425
2020-06-20 10:30:00,0.82103753
2020-06-21 10:30:00,0.64335
2020-06-22 10:30:00,0.9366124
2020-06-23 10:30:00,0.90089995
2020-06-24 10:30:00,0.8474375
2020-06-25 10:30:00,0.75955
2020-06-26 10:30:00,0.6409125
2020-06-27 10:30:00,0.6042375
2020-06-28 10:30:00,0.69792503
2020-06-29 10:30:00,0.735425
2020-06-30 10:30:00,0.742675
2020-07-01 10:30:00,0.69014996
2020-07-02 10:30:00,0.68682504
2020-07-03 10:30:00,0.68592495
2020-07-04 10:30:00,0.881725
2020-07-05 10:30:00,0.762325
2020-07-06 10:30:00,0.741425
2020-07-07 10:30:00,0.6475
2020-07-08 10:30:00,0.61059994
2020-07-09 10:30:00,0.6221875
2020-07-10 10:30:00,0.65638745
2020-07-11 10:30:00,0.7372125
2020-07-12 10:30:00,0.78935
2020-07-13 10:30:00,0.66311246
2020-07-14 10:30:00,0.6583125
2020-07-15 10:30:00,0.6174625
2020-07-16 10:30:00,0.68612504
2020-07-17 10:30:00,0.7313375
2020-07-18 10:30:00,0.7898625
2020-07-19 10:30:00,0.67285
2020-07-20 10:30:00,0.5980625
2020-07-21 10:30:00,0.5087125
2020-07-22 10:30:00,0.64985
2020-07-23 10:30:00,0.5792875
2020-07-24 10:30:00,0.5826
2020-07-25 10:30:00,0.7019625
2020-07-26 10:30:00,0.602575
2020-07-27 10:30:00,0.6924375
2020-07-28 10:30:00,0.8010875
2020-07-29 10:30:00,0.92108744
2020-07-30 10:30:00,0.7775375
2020-07-31 10:30:00,0.71839994
2020-08-01 10:30:00,0.63895
2020-08-02 10:30:00,0.8417499
2020-08-03 10:30:00,0.8651
2020-08-04 10:30:00,0.7558125
2020-08-05 10:30:00,0.7642125
2020-08-06 10:30:00,0.79355
2020-08-07 10:30:00,0.8579125
2020-08-08 10:30:00,0.9348124
2020-08-09 10:30:00,0.8102875
2020-08-10 10:30:00,0.75874996
2020-08-11 10:30:00,0.6901249
2020-08-12 10:30:00,0.69193745
2020-08-13 10:30:00,0.98338753
2020-08-14 10:30:00,0.8033874
2020-08-15 10:30:00,0.7502
2020-08-16 10:30:00,0.800075
2020-08-17 10:30:00,0.84577495
2020-08-18 10:30:00,0.74131244
2020-08-19 10:30:00,0.74205
2020-08-20 10:30:00,0.69213754
2020-08-21 10:30:00,0.7032
2020-08-22 10:30:00,0.72268754
2020-08-23 10:30:00,0.81442493
2020-08-24 10:30:00,0.824575
2020-08-25 10:30:00,0.65567493
2020-08-26 10:30:00,0.730325
2020-08-27 10:30:00,0.93381244
2020-08-28 10:30:00,0.9626125
2020-08-29 10:30:00,0.75052494
2020-08-30 10:30:00,0.86711246
2020-08-31 10:30:00,0.828225
2020-09-01 10:30:00,0.7259625
2020-09-02 10:30:00,0.7133
2020-09-03 10:30:00,0.7738375
2020-09-04 10:30:00,0.7533875
2020-09-05 10:30:00,0.7209749
2020-09-06 10:30:00,0.736275
2020-09-07 10:30:00,0.8438624
2020-09-08 10:30:00,0.68848747
2020-09-09 10:30:00,0.7729375
2020-09-10 10:30:00,0.63397497
2020-09-11 10:30:00,0.7554125
2020-09-12 10:30:00,0.7644625
2020-09-13 10:30:00,0.78059995
2020-09-14 10:30:00,0.69355
2020-09-15 10:30:00,0.81427497
2020-09-16 10:30:00,0.8680875
2020-09-17 10:30:00,0.67952496
2020-09-18 10:30:00,0.7376
2020-09-19 10:30:00,0.623325
2020-09-20 10:30:00,0.7597
2020-09-21 10:30:00,0.80786246
2020-09-22 10:30:00,0.72229993
2020-09-23 10:30:00,0.61088747
2020-09-24 10:30:00,0.6752875
2020-09-25 10:30:00,0.77545
2020-09-26 10:30:00,0.71967494
2020-09-27 10:30:00,0.4964125
2020-09-28 10:30:00,0.5609625
2020-09-29 10:30:00,0.57958746
2020-09-30 10:30:00,0.68513745
2020-10-01 10:30:00,0.8828
2020-10-02 10:30:00,0.63159996
2020-10-03 10:30:00,0.5908875
2020-10-04 10:30:00,0.5638125
2020-10-05 10:30:00,0.5745
2020-10-06 10:30:00,0.55642503
2020-10-07 10:30:00,0.5997875
2020-10-08 10:30:00,0.56546247
2020-10-09 10:30:00,0.56775
2020-10-10 10:30:00,0.3305125
2020-10-11 10:30:00,0.43247497
2020-10-12 10:30:00,0.49381247
2020-10-13 10:30:00,0.5188875
2020-10-14 10:30:00,0.426575
2020-10-15 10:30:00,0.3820875
2020-10-16 10:30:00,0.46792498
2020-10-17 10:30:00,0.48465
2020-10-18 10:30:00,0.4830625
2020-10-19 10:30:00,0.473725
2020-10-20 10:30:00,0.34162498
2020-10-21 10:30:00,0.495725
2020-10-22 10:30:00,0.4447625
2020-10-23 10:30:00,0.4393875
2020-10-24 10:30:00,0.4819625
2020-10-25 10:30:00,0.5661
2020-10-26 10:30:00,0.474125
2020-10-27 10:30:00,0.34487498
2020-10-28 10:30:00,0.37741247
2020-10-29 10:30:00,0.54947495
2020-10-30 10:30:00,0.335275
2020-10-31 10:30:00,0.533525
2020-11-01 10:30:00,0.5041125
2020-11-02 10:30:00,0.4097375
2020-11-03 10:30:00,0.3424
2020-11-04 10:30:00,0.463925
2020-11-05 10:30:00,0.43415
2020-11-06 10:30:00,0.41625
2020-11-07 10:30:00,0.49671248
2020-11-08 10:30:00,0.42455
2020-11-09 10:30:00,0.5191875
2020-11-10 10:30:00,0.53025
2020-11-11 10:30:00,0.4209125
2020-11-12 10:30:00,0.481675
2020-11-13 10:30:00,0.46061248
2020-11-14 10:30:00,0.4355625
2020-11-15 10:30:00,0.46319997
2020-11-16 10:30:00,0.536075
2020-11-17 10:30:00,0.667775
2020-11-18 10:30:00,0.60676247
2020-11-19 10:30:00,0.39814997
2020-11-20 10:30:00,0.47463748
2020-11-21 10:30:00,0.495125
2020-11-22 10:30:00,0.49916247
2020-11-23 10:30:00,0.623525
2020-11-24 10:30:00,0.6526
2020-11-25 10:30:00,0.5548125
2020-11-26 10:30:00,0.5325125
2020-11-27 10:30:00,0.500925
2020-11-28 10:30:00,0.56105
2020-11-29 10:30:00,0.5767625
2020-11-30 10:30:00,0.5673875
2020-12-01 10:30:00,0.5735
2020-12-02 10:30:00,0.5425125
2020-12-03 10:30:00,0.49109998
2020-12-04 10:30:00,0.49787498
2020-12-05 10:30:00,0.4756375
2020-12-06 10:30:00,0.5326375
2020-12-07 10:30:00,0.4525125
2020-12-08 10:30:00,0.46267498
2020-12-09 10:30:00,0.4517125
2020-12-10 10:30:00,0.5587125
2020-12-11 10:30:00,0.44439998
2020-12-12 10:30:00,0.49934995
2020-12-13 10:30:00,0.4443875
2020-12-14 10:30:00,0.4203625
2020-12-15 10:30:00,0.41562498
2020-12-16 10:30:00,0.46580002
2020-12-17 10:30:00,0.46389997
2020-12-18 10:30:00,0.40577498
2020-12-19 10:30:00,0.5205
2020-12-20 10:30:00,0.4755125
2020-12-21 10:30:00,0.44827497
2020-12-22 10:30:00,0.5581
2020-12-23 10:30:00,0.609325
2020-12-24 10:30:00,0.5801375
2020-12-25 10:30:00,0.565625
2020-12-26 10:30:00,0.65108746
2020-12-27 10:30:00,0.55675
2020-12-28 10:30:00,0.5113
2020-12-29 10:30:00,0.44091251
2020-12-30 10:30:00,0.4712625
2020-12-31 10:30:00,0.45924997
2021-01-01 10:30:00,0.43452498
2021-01-02 10:30:00,0.4912375
2021-01-03 10:30:00,0.48073748
2021-01-04 10:30:00,0.4641875
2021-01-05 10:30:00,0.47181252
2021-01-06 10:30:00,0.397975
2021-01-07 10:30:00,0.4475125
2021-01-08 10:30:00,0.47465
2021-01-09 10:30:00,0.579025
2021-01-10 10:30:00,0.5292625
2021-01-11 10:30:00,0.53284997
2021-01-12 10:30:00,0.6893875
2021-01-13 10:30:00,0.524875
2021-01-14 10:30:00,0.649525
2021-01-15 10:30:00,0.5593625
2021-01-16 10:30:00,0.568125
2021-01-17 10:30:00,0.5198875
2021-01-18 10:30:00,0.4578875
2021-01-19 10:30:00,0.64796245
2021-01-20 10:30:00,0.61864996
2021-01-21 10:30:00,0.620875
2021-01-22 10:30:00,0.64065003
2021-01-23 10:30:00,0.59568745
2021-01-24 10:30:00,0.620125
2021-01-25 10:30:00,0.6389375
2021-01-26 10:30:00,0.4608625
2021-01-27 10:30:00,0.440475
2021-01-28 10:30:00,0.452675
2021-01-29 10:30:00,0.5463
2021-01-30 10:30:00,0.50345
2021-01-31 10:30:00,0.7086125
2021-02-01 10:30:00,0.4922875
2021-02-02 10:30:00,0.44837502
2021-02-03 10:30:00,0.45138747
2021-02-04 10:30:00,0.62412494
2021-02-05 10:30:00,0.58827496
2021-02-06 10:30:00,0.56049997
2021-02-07 10:30:00,0.5553875
2021-02-08 10:30:00,0.597475
2021-02-09 10:30:00,0.5293625
2021-02-10 10:30:00,0.5785875
2021-02-11 10:30:00,0.49025
2021-02-12 10:30:00,0.45279998
2021-02-13 10:30:00,0.4166125
2021-02-14 10:30:00,0.4023625
2021-02-15 10:30:00,0.4025875
2021-02-16 10:30:00,0.39603752
2021-02-17 10:30:00,0.35146248
2021-02-18 10:30:00,0.48653752
2021-02-19 10:30:00,0.3875875
2021-02-20 10:30:00,0.676575
2021-02-21 10:30:00,0.583775
2021-02-22 10:30:00,0.4579375
2021-02-23 10:30:00,0.5544625
2021-02-24 10:30:00,0.4624875
2021-02-25 10:30:00,0.3973875
2021-02-26 10:30:00,0.5402125
2021-02-27 10:30:00,0.5133875
2021-02-28 10:30:00,0.3176125
2021-03-01 10:30:00,0.4400875
2021-03-02 10:30:00,0.55123746
2021-03-03 10:30:00,0.6403375
2021-03-04 10:30:00,0.4206
2021-03-05 10:30:00,0.30818748
2021-03-06 10:30:00,0.35165
2021-03-07 10:30:00,0.40551248
2021-03-08 10:30:00,0.4176625
2021-03-09 10:30:00,0.2643875
2021-03-10 10:30:00,0.42025
2021-03-11 10:30:00,0.3587625
2021-03-12 10:30:00,0.33537498
2021-03-13 10:30:00,0.35625
2021-03-14 10:30:00,0.39209998
2021-03-15 10:30:00,0.35875
2021-03-16 10:30:00,0.240725
2021-03-17 10:30:00,0.35439998
2021-03-18 10:30:00,0.29735
2021-03-19 10:30:00,0.55485
2021-03-20 10:30:00,0.78347504
2021-03-21 10:30:00,0.52362496
2021-03-22 10:30:00,0.447825
2021-03-23 10:30:00,0.384575
2021-03-24 10:30:00,0.379775
2021-03-25 10:30:00,0.37068748
2021-03-26 10:30:00,0.6146875
2021-03-27 10:30:00,0.33677498
2021-03-28 10:30:00,0.48479998
2021-03-29 10:30:00,0.36759996
2021-03-30 10:30:00,0.2568875
2021-03-31 10:30:00,0.396725
2021-04-01 10:30:00,0.389875
2021-04-02 10:30:00,0.3752
2021-04-03 10:30:00,0.3307125
2021-04-04 10:30:00,0.309825
2021-04-05 10:30:00,0.31698748
2021-04-06 10:30:00,0.23571248
2021-04-07 10:30:00,0.30987498
2021-04-08 10:30:00,0.37406248
2021-04-09 10:30:00,0.31075
2021-04-10 10:30:00,0.2655625
2021-04-11 10:30:00,0.5104375
2021-04-12 10:30:00,0.4200125
2021-04-13 10:30:00,0.326475
2021-04-14 10:30:00,0.3218625
2021-04-15 10:30:00,0.61305
2021-04-16 10:30:00,0.796075
2021-04-17 10:30:00,0.4817125
2021-04-18 10:30:00,0.39409998
2021-04-19 10:30:00,0.2840375
2021-04-20 10:30:00,0.28307498
2021-04-21 10:30:00,0.2915625
2021-04-22 10:30:00,0.461325
2021-04-23 10:30:00,0.541375
2021-04-24 10:30:00,0.34756246
2021-04-25 10:30:00,0.22827499
2021-04-26 10:30:00,0.28114998
2021-04-27 10:30:00,0.32908747
2021-04-28 10:30:00,0.2575125
2021-04-29 10:30:00,0.4419125
2021-04-30 10:30:00,0.6862
2021-05-01 10:30:00,0.5300625
2021-05-02 10:30:00,0.26714998
2021-05-03 10:30:00,0.36388752
2021-05-04 10:30:00,0.43825
2021-05-05 10:30:00,0.45521247
2021-05-06 10:30:00,0.4128625
2021-05-07 10:30:00,0.6133625
2021-05-08 10:30:00,0.5688
2021-05-09 10:30:00,0.5045125
2021-05-10 10:30:00,0.45669997
2021-05-11 10:30:00,0.40235
2021-05-12 10:30:00,0.343
2021-05-13 10:30:00,0.3889125
2021-05-14 10:30:00,0.4635875
2021-05-15 10:30:00,0.40061247
2021-05-16 10:30:00,0.3068875
2021-05-17 10:30:00,0.34265
2021-05-18 10:30:00,0.43256247
2021-05-19 10:30:00,0.52792495
2021-05-20 10:30:00,0.5808375
2021-05-21 10:30:00,0.40478748
2021-05-22 10:30:00,0.30387497
2021-05-23 10:30:00,0.4369625
2021-05-24 10:30:00,0.5007
2021-05-25 10:30:00,0.36974996
2021-05-26 10:30:00,0.40716246
2021-05-27 10:30:00,0.627525
2021-05-28 10:30:00,0.633175
2021-05-29 10:30:00,0.4366875
2021-05-30 10:30:00,0.5528625
2021-05-31 10:30:00,0.5713625
2021-06-01 10:30:00,0.4443625
2021-06-02 10:30:00,0.94296247
2021-06-03 10:30:00,0.7039875
2021-06-04 10:30:00,0.6510624
2021-06-05 10:30:00,0.7372625
2021-06-06 10:30:00,0.53223747
2021-06-07 10:30:00,0.5752125
2021-06-08 10:30:00,0.71325
2021-06-09 10:30:00,0.5338375
2021-06-10 10:30:00,0.50198746
2021-06-11 10:30:00,0.46689996
2021-06-12 10:30:00,0.548
2021-06-13 10:30:00,0.5903125
2021-06-14 10:30:00,0.7652625
2021-06-15 10:30:00,0.6586375
2021-06-16 10:30:00,0.6859625
2021-06-17 10:30:00,0.47803748
2021-06-18 10:30:00,0.59886247
2021-06-19 10:30:00,0.66222495
2021-06-20 10:30:00,0.71007496
2021-06-21 10:30:00,0.75485
2021-06-22 10:30:00,0.6625625
2021-06-23 10:30:00,0.5746
2021-06-24 10:30:00,0.5845
2021-06-25 10:30:00,0.6832
2021-06-26 10:30:00,0.7384625
2021-06-27 10:30:00,0.7400625
2021-06-28 10:30:00,0.7332375
2021-06-29 10:30:00,0.74665
2021-06-30 10:30:00,0.82904994
2021-07-01 10:30:00,0.7520625
2021-07-02 10:30:00,0.8244125
2021-07-03 10:30:00,0.8680124
2021-07-04 10:30:00,0.8355125
2021-07-05 10:30:00,0.8104625
2021-07-06 10:30:00,0.86099994
2021-07-07 10:30:00,0.76656246
2021-07-08 10:30:00,0.881275
2021-07-09 10:30:00,0.8235499
2021-07-10 10:30:00,0.843925
2021-07-11 10:30:00,0.78714997
2021-07-12 10:30:00,0.836125
2021-07-13 10:30:00,0.87272495
2021-07-14 10:30:00,0.839825
2021-07-15 10:30:00,0.836975
2021-07-16 10:30:00,0.77066255
2021-07-17 10:30:00,0.84665
2021-07-18 10:30:00,0.8503625
2021-07-19 10:30:00,0.769125
2021-07-20 10:30:00,0.82052493
2021-07-21 10:30:00,0.84066254
2021-07-22 10:30:00,0.91125
2021-07-23 10:30:00,0.834
2021-07-24 10:30:00,0.79583746
2021-07-25 10:30:00,0.7519
2021-07-26 10:30:00,0.959525
2021-07-27 10:30:00,0.80933744
2021-07-28 10:30:00,0.7570125
2021-07-29 10:30:00,0.80771244
2021-07-30 10:30:00,0.76245004
2021-07-31 10:30:00,0.8187
2021-08-01 10:30:00,0.86135
2021-08-02 10:30:00,0.70338744
2021-08-03 10:30:00,0.7772
2021-08-04 10:30:00,0.8386875
2021-08-05 10:30:00,0.71195
2021-08-06 10:30:00,0.7348625
2021-08-07 10:30:00,0.7762
2021-08-08 10:30:00,0.8172
2021-08-09 10:30:00,0.881425
2021-08-10 10:30:00,0.797475
2021-08-11 10:30:00,0.80646247
2021-08-12 10:30:00,0.8110125
2021-08-13 10:30:00,0.767075
2021-08-14 10:30:00,0.8128125
2021-08-15 10:30:00,0.81122494
2021-08-16 10:30:00,0.7906375
2021-08-17 10:30:00,0.74286246
2021-08-18 10:30:00,0.7569
2021-08-19 10:30:00,0.7601
2021-08-20 10:30:00,0.69464993
2021-08-21 10:30:00,0.7201875
2021-08-22 10:30:00,0.76989996
2021-08-23 10:30:00,0.78441244
2021-08-24 10:30:00,0.77832496
2021-08-25 10:30:00,0.8132125
2021-08-26 10:30:00,0.9024375
2021-08-27 10:30:00,0.7335375
2021-08-28 10:30:00,0.7108875
2021-08-29 10:30:00,0.68953747
2021-08-30 10:30:00,0.76661247
2021-08-31 10:30:00,0.71135
2021-09-01 10:30:00,0.75105
2021-09-02 10:30:00,0.7418625
2021-09-03 10:30:00,0.82317495
2021-09-04 10:30:00,0.76205
2021-09-05 10:30:00,0.8424624
2021-09-06 10:30:00,0.94202495
2021-09-07 10:30:00,0.79099995
2021-09-08 10:30:00,0.855075
2021-09-09 10:30:00,0.799
2021-09-10 10:30:00,0.5873
2021-09-11 10:30:00,0.70805
2021-09-12 10:30:00,0.7390875
2021-09-13 10:30:00,0.65875
2021-09-14 10:30:00,0.7085125
2021-09-15 10:30:00,0.83205
2021-09-16 10:30:00,0.61022496
2021-09-17 10:30:00,0.67481256
2021-09-18 10:30:00,0.6860125
2021-09-19 10:30:00,0.8339
2021-09-20 10:30:00,0.8319875
2021-09-21 10:30:00,0.76906246
2021-09-22 10:30:00,0.6535624
2021-09-23 10:30:00,0.7580125
2021-09-24 10:30:00,0.83951247
2021-09-25 10:30:00,0.8657625
2021-09-26 10:30:00,0.88873744
2021-09-27 10:30:00,0.6357375
2021-09-28 10:30:00,0.5313375
2021-09-29 10:30:00,0.54255
2021-09-30 10:30:00,0.63397497
2021-10-01 10:30:00,0.670475
2021-10-02 10:30:00,0.5700875
2021-10-03 10:30:00,0.738025
2021-10-04 10:30:00,0.6268375
2021-10-05 10:30:00,0.5626125
2021-10-06 10:30:00,0.654925
2021-10-07 10:30:00,0.5581125
2021-10-08 10:30:00,0.46089998
2021-10-09 10:30:00,0.4661375
2021-10-10 10:30:00,0.44965
2021-10-11 10:30:00,0.5036375
2021-10-12 10:30:00,0.4866125
2021-10-13 10:30:00,0.62513745
2021-10-14 10:30:00,0.5461
2021-10-15 10:30:00,0.45193747
2021-10-16 10:30:00,0.40451247
2021-10-17 10:30:00,0.5800875
2021-10-18 10:30:00,0.5848125
2021-10-19 10:30:00,0.5549125
2021-10-20 10:30:00,0.5698375
2021-10-21 10:30:00,0.5604875
2021-10-22 10:30:00,0.5492
2021-10-23 10:30:00,0.4895125
2021-10-24 10:30:00,0.4860625
2021-10-25 10:30:00,0.4485125
2021-10-26 10:30:00,0.46928748
2021-10-27 10:30:00,0.50098747
2021-10-28 10:30:00,0.5971375
2021-10-29 10:30:00,0.5358875
2021-10-30 10:30:00,0.6350125
2021-10-31 10:30:00,0.48244998
2021-11-01 10:30:00,0.66411245
2021-11-02 10:30:00,0.66609997
2021-11-03 10:30:00,0.68343747
2021-11-04 10:30:00,0.55935
2021-11-05 10:30:00,0.5782
2021-11-06 10:30:00,0.501625
2021-11-07 10:30:00,0.5432625
2021-11-08 10:30:00,0.3842375
2021-11-09 10:30:00,0.540775
2021-11-10 10:30:00,0.42685
2021-11-11 10:30:00,0.41695
2021-11-12 10:30:00,0.448125
2021-11-13 10:30:00,0.5825125
2021-11-14 10:30:00,0.5786875
2021-11-15 10:30:00,0.610475
2021-11-16 10:30:00,0.6361875
2021-11-17 10:30:00,0.4129625
2021-11-18 10:30:00,0.43531248
2021-11-19 10:30:00,0.6320625
2021-11-20 10:30:00,0.6374875
2021-11-21 10:30:00,0.835825
2021-11-22 10:30:00,0.54461247
2021-11-23 10:30:00,0.499925
2021-11-24 10:30:00,0.48779997
2021-11-25 10:30:00,0.49324998
2021-11-26 10:30:00,0.7362625
2021-11-27 10:30:00,0.703425
2021-11-28 10:30:00,0.60765004
2021-11-29 10:30:00,0.6872625
2021-11-30 10:30:00,0.6321
2021-12-01 10:30:00,0.6201625
2021-12-02 10:30:00,0.4468125
2021-12-03 10:30:00,0.501325
2021-12-04 10:30:00,0.6845625
2021-12-05 10:30:00,0.5246625
2021-12-06 10:30:00,0.4741125
2021-12-07 10:30:00,0.4717625
2021-12-08 10:30:00,0.5067125
2021-12-09 10:30:00,0.6589375
2021-12-10 10:30:00,0.530425
2021-12-11 10:30:00,0.50203747
2021-12-12 10:30:00,0.484975
2021-12-13 10:30:00,0.49499997
2021-12-14 10:30:00,0.5643125
2021-12-15 10:30:00,0.79940003
2021-12-16 10:30:00,0.5103125
2021-12-17 10:30:00,0.525275
2021-12-18 10:30:00,0.62345
2021-12-19 10:30:00,0.6219625
2021-12-20 10:30:00,0.452
2021-12-21 10:30:00,0.48533747
2021-12-22 10:30:00,0.5448375
2021-12-23 10:30:00,0.45366248
2021-12-24 10:30:00,0.46339998
2021-12-25 10:30:00,0.50581247
2021-12-26 10:30:00,0.56009996
2021-12-27 10:30:00,0.6647125
2021-12-28 10:30:00,0.56686246
2021-12-29 10:30:00,0.5700125
2021-12-30 10:30:00,0.49631247
2021-12-31 10:30:00,0.5852125
2022-01-01 10:30:00,0.53405
2022-01-02 10:30:00,0.4964125
2022-01-03 10:30:00,0.5358125
2022-01-04 10:30:00,0.6252125
2022-01-05 10:30:00,0.56528753
2022-01-06 10:30:00,0.6679625
2022-01-07 10:30:00,0.49815002
2022-01-08 10:30:00,0.6256875
2022-01-09 10:30:00,0.54202497
2022-01-10 10:30:00,0.49005
2022-01-11 10:30:00,0.46296248
2022-01-12 10:30:00,0.53631246
2022-01-13 10:30:00,0.5897125
2022-01-14 10:30:00,0.596025
2022-01-15 10:30:00,0.51647496
2022-01-16 10:30:00,0.544775
2022-01-17 10:30:00,0.5404875
2022-01-18 10:30:00,0.5568125
2022-01-19 10:30:00,0.4844125
2022-01-20 10:30:00,0.480975
2022-01-21 10:30:00,0.54597497
2022-01-22 10:30:00,0.576975
2022-01-23 10:30:00,0.611825
2022-01-24 10:30:00,0.71985
2022-01-25 10:30:00,0.57116246
2022-01-26 10:30:00,0.5703
2022-01-27 10:30:00,0.58959997
2022-01-28 10:30:00,0.50565
2022-01-29 10:30:00,0.4655875
2022-01-30 10:30:00,0.5383
2022-01-31 10:30:00,0.500825
2022-02-01 10:30:00,0.5278625
2022-02-02 10:30:00,0.5057375
2022-02-03 10:30:00,0.4895375
2022-02-04 10:30:00,0.45293748
2022-02-05 10:30:00,0.4834875
2022-02-06 10:30:00,0.510175
2022-02-07 10:30:00,0.5918
2022-02-08 10:30:00,0.5855125
2022-02-09 10:30:00,0.493275
2022-02-10 10:30:00,0.72552496
2022-02-11 10:30:00,0.5729
2022-02-12 10:30:00,0.5938625
2022-02-13 10:30:00,0.62202495
2022-02-14 10:30:00,0.587475
2022-02-15 10:30:00,0.52432495
2022-02-16 10:30:00,0.5041125
2022-02-17 10:30:00,0.576275
2022-02-18 10:30:00,0.61842495
2022-02-19 10:30:00,0.5275125
2022-02-20 10:30:00,0.5580625
2022-02-21 10:30:00,0.51761246
2022-02-22 10:30:00,0.5437625
2022-02-23 10:30:00,0.51252496
2022-02-24 10:30:00,0.4832125
2022-02-25 10:30:00,0.55805
2022-02-26 10:30:00,0.54886246
2022-02-27 10:30:00,0.58595
2022-02-28 10:30:00,0.5572125
2022-03-01 10:30:00,0.51906246
2022-03-02 10:30:00,0.47358748
2022-03-03 10:30:00,0.49556246
2022-03-04 10:30:00,0.47472498
2022-03-05 10:30:00,0.40202498
2022-03-06 10:30:00,0.4061875
2022-03-07 10:30:00,0.40711248
2022-03-08 10:30:00,0.48631248
2022-03-09 10:30:00,0.426125
2022-03-10 10:30:00,0.17369999
2022-03-11 10:30:00,0.219525
2022-03-12 10:30:00,0.7263625
2022-03-13 10:30:00,0.6731375
2022-03-14 10:30:00,0.68651253
2022-03-15 10:30:00,0.66741246
2022-03-16 10:30:00,0.39104998
2022-03-17 10:30:00,0.4912875
2022-03-18 10:30:00,0.523125
2022-03-19 10:30:00,0.418725
2022-03-20 10:30:00,0.435875
2022-03-21 10:30:00,0.370325
2022-03-22 10:30:00,0.32838747
2022-03-23 10:30:00,0.53302497
2022-03-24 10:30:00,0.6879625
2022-03-25 10:30:00,0.4804125
2022-03-26 10:30:00,0.4422875
2022-03-27 10:30:00,0.3626125
2022-03-28 10:30:00,0.32819998
2022-03-29 10:30:00,0.299575
2022-03-30 10:30:00,0.265675
2022-03-31 10:30:00,0.2789625
2022-04-01 10:30:00,0.2651625
2022-04-02 10:30:00,0.2884875
2022-04-03 10:30:00,0.2628625
2022-04-04 10:30:00,0.32825
2022-04-05 10:30:00,0.3013375
2022-04-06 10:30:00,0.29505
2022-04-07 10:30:00,0.34925
2022-04-08 10:30:00,0.3241
2022-04-09 10:30:00,0.2585125
2022-04-10 10:30:00,0.3634875
2022-04-11 10:30:00,0.3550875
2022-04-12 10:30:00,0.41419998
2022-04-13 10:30:00,0.36124998
2022-04-14 10:30:00,0.3852625
2022-04-15 10:30:00,0.2361375
2022-04-16 10:30:00,0.331425
2022-04-17 10:30:00,0.37755
2022-04-18 10:30:00,0.2988625
2022-04-19 10:30:00,0.2031125
2022-04-20 10:30:00,0.2732375
2022-04-21 10:30:00,0.78381246
2022-04-22 10:30:00,0.4095
2022-04-23 10:30:00,0.4347
2022-04-24 10:30:00,0.5177
2022-04-25 10:30:00,0.60370004
2022-04-26 10:30:00,0.4171625
2022-04-27 10:30:00,0.33995
2022-04-28 10:30:00,0.24657498
2022-04-29 10:30:00,0.486575
2022-04-30 10:30:00,0.38814998
2022-05-01 10:30:00,0.34195
2022-05-02 10:30:00,0.3646625
2022-05-03 10:30:00,0.47892502
2022-05-04 10:30:00,0.41809997
2022-05-05 10:30:00,0.6627625
2022-05-06 10:30:00,0.32858747
2022-05-07 10:30:00,0.28125
2022-05-08 10:30:00,0.22368748
2022-05-09 10:30:00,0.22992499
2022-05-10 10:30:00,0.635875
2022-05-11 10:30:00,0.50525
2022-05-12 10:30:00,0.53779995
2022-05-13 10:30:00,0.7425375
2022-05-14 10:30:00,0.44105
2022-05-15 10:30:00,0.44428748
2022-05-16 10:30:00,0.34125
2022-05-17 10:30:00,0.3955375
2022-05-18 10:30:00,0.41885
2022-05-19 10:30:00,0.4600875
2022-05-20 10:30:00,0.33068752
2022-05-21 10:30:00,0.402225
2022-05-22 10:30:00,0.38931248
2022-05-23 10:30:00,0.3879
2022-05-24 10:30:00,0.7818875
2022-05-25 10:30:00,0.513375
2022-05-26 10:30:00,0.4721
2022-05-27 10:30:00,0.33607498
2022-05-28 10:30:00,0.49537498
2022-05-29 10:30:00,0.66082495
2022-05-30 10:30:00,0.69566244
2022-05-31 10:30:00,0.5623125
2022-06-01 10:30:00,0.6099875
2022-06-02 10:30:00,0.45248747
2022-06-03 10:30:00,0.56502503
2022-06-04 10:30:00,0.65445
2022-06-05 10:30:00,0.5945375
2022-06-06 10:30:00,0.58655
2022-06-07 10:30:00,0.83426255
2022-06-08 10:30:00,0.67911243
2022-06-09 10:30:00,0.6917625
2022-06-10 10:30:00,0.645975
2022-06-11 10:30:00,0.7032
2022-06-12 10:30:00,0.85665
2022-06-13 10:30:00,0.8421375
2022-06-14 10:30:00,0.854925
2022-06-15 10:30:00,0.7686125
2022-06-16 10:30:00,0.7910625
2022-06-17 10:30:00,0.6948625
2022-06-18 10:30:00,0.6249375
2022-06-19 10:30:00,0.6364
2022-06-20 10:30:00,0.65129995
2022-06-21 10:30:00,0.5319875
2022-06-22 10:30:00,0.60891247
2022-06-23 10:30:00,0.62505
2022-06-24 10:30:00,0.75247496
2022-06-25 10:30:00,0.75004995
2022-06-26 10:30:00,0.6811625
2022-06-27 10:30:00,0.63449997
2022-06-28 10:30:00,0.69645005
2022-06-29 10:30:00,0.68612504
2022-06-30 10:30:00,0.77525
2022-07-01 10:30:00,0.78333753
2022-07-02 10:30:00,0.721175
2022-07-03 10:30:00,0.6625625
2022-07-04 10:30:00,0.7446875
2022-07-05 10:30:00,0.813075
2022-07-06 10:30:00,0.81784993
2022-07-07 10:30:00,0.6873625
2022-07-08 10:30:00,0.57831246
2022-07-09 10:30:00,0.62654996
2022-07-10 10:30:00,0.65308744
2022-07-11 10:30:00,0.70976245
2022-07-12 10:30:00,0.6139
2022-07-13 10:30:00,0.7947999
2022-07-14 10:30:00,0.6483125
2022-07-15 10:30:00,0.806575
2022-07-16 10:30:00,0.71638745
2022-07-17 10:30:00,0.75453746
2022-07-18 10:30:00,0.723525
2022-07-19 10:30:00,0.6045125
2022-07-20 10:30:00,0.73308754
2022-07-21 10:30:00,0.6848124
2022-07-22 10:30:00,0.72521245
2022-07-23 10:30:00,0.85636246
2022-07-24 10:30:00,0.85183746
2022-07-25 10:30:00,0.7906625
2022-07-26 10:30:00,0.86511254
2022-07-27 10:30:00,0.8523
2022-07-28 10:30:00,0.7557875
2022-07-29 10:30:00,0.8152625
2022-07-30 10:30:00,0.74411243
2022-07-31 10:30:00,0.703025
2022-08-01 10:30:00,0.6866
2022-08-02 10:30:00,0.7646
2022-08-03 10:30:00,0.6892375
2022-08-04 10:30:00,0.77965003
2022-08-05 10:30:00,0.58138746
2022-08-06 10:30:00,0.67440003
2022-08-07 10:30:00,0.6310125
2022-08-08 10:30:00,0.56221247
2022-08-09 10:30:00,0.50275
2022-08-10 10:30:00,0.5614375
2022-08-11 10:30:00,0.6733
2022-08-12 10:30:00,0.6355375
2022-08-13 10:30:00,0.7021125
2022-08-14 10:30:00,0.794375
2022-08-15 10:30:00,0.83933747
2022-08-16 10:30:00,0.6435375
2022-08-17 10:30:00,0.625025
2022-08-18 10:30:00,0.71925
2022-08-19 10:30:00,0.61241245
2022-08-20 10:30:00,0.654625
2022-08-21 10:30:00,0.66292495
2022-08-22 10:30:00,0.62635
2022-08-23 10:30:00,0.594025
2022-08-24 10:30:00,0.56115
2022-08-25 10:30:00,0.5574375
2022-08-26 10:30:00,0.6490125
2022-08-27 10:30:00,0.62565
2022-08-28 10:30:00,0.68004996
2022-08-29 10:30:00,0.6470125
2022-08-30 10:30:00,0.5811375
2022-08-31 10:30:00,0.5589
2022-09-01 10:30:00,0.50357497
2022-09-02 10:30:00,0.55913746
2022-09-03 10:30:00,0.65458745
2022-09-04 10:30:00,0.533525
2022-09-05 10:30:00,0.5573
2022-09-06 10:30:00,0.6361875
2022-09-07 10:30:00,0.535325
2022-09-08 10:30:00,0.590275
2022-09-09 10:30:00,0.6119125
2022-09-10 10:30:00,0.6302125
2022-09-11 10:30:00,0.6719625
2022-09-12 10:30:00,0.67114997
2022-09-13 10:30:00,0.6422125
2022-09-14 10:30:00,0.6489125
2022-09-15 10:30:00,0.6518375
2022-09-16 10:30:00,0.63707495
2022-09-17 10:30:00,0.44408748
2022-09-18 10:30:00,0.38318747
2022-09-19 10:30:00,0.2657125
2022-09-20 10:30:00,0.3749375
2022-09-21 10:30:00,0.404425
2022-09-22 10:30:00,0.7280625
2022-09-23 10:30:00,0.5205875
2022-09-24 10:30:00,0.49510002
2022-09-25 10:30:00,0.47051248
2022-09-26 10:30:00,0.5588375
2022-09-27 10:30:00,0.421975
2022-09-28 10:30:00,0.51858747
2022-09-29 10:30:00,0.49115
2022-09-30 10:30:00,0.77905
2022-10-01 10:30:00,0.76756245
2022-10-02 10:30:00,0.771925
2022-10-03 10:30:00,0.48453748
2022-10-04 10:30:00,0.45634997
2022-10-05 10:30:00,0.4980625
2022-10-06 10:30:00,0.598575
2022-10-07 10:30:00,0.54915
2022-10-08 10:30:00,0.80303746
2022-10-09 10:30:00,0.543975
2022-10-10 10:30:00,0.426425
2022-10-11 10:30:00,0.45944998
2022-10-12 10:30:00,0.3955625
2022-10-13 10:30:00,0.4764875
2022-10-14 10:30:00,0.379775
2022-10-15 10:30:00,0.3408875
2022-10-16 10:30:00,0.46381247
2022-10-17 10:30:00,0.4518125
2022-10-18 10:30:00,0.5174625
2022-10-19 10:30:00,0.34985
2022-10-20 10:30:00,0.47385
2022-10-21 10:30:00,0.5312875
2022-10-22 10:30:00,0.56303746
2022-10-23 10:30:00,0.52257496
2022-10-24 10:30:00,0.54829997
2022-10-25 10:30:00,0.38419998
2022-10-26 10:30:00,0.48831248
2022-10-27 10:30:00,0.4900875
2022-10-28 10:30:00,0.5365625
2022-10-29 10:30:00,0.5728625
2022-10-30 10:30:00,0.5936125
2022-10-31 10:30:00,0.51435
2022-11-01 10:30:00,0.4161125
2022-11-02 10:30:00,0.34115002
2022-11-03 10:30:00,0.4583
2022-11-04 10:30:00,0.42189997
2022-11-05 10:30:00,0.5075625
2022-11-06 10:30:00,0.523175
2022-11-07 10:30:00,0.55235
2022-11-08 10:30:00,0.46436247
2022-11-09 10:30:00,0.4547625
2022-11-10 10:30:00,0.5717875
2022-11-11 10:30:00,0.4559875
2022-11-12 10:30:00,0.4701
2022-11-13 10:30:00,0.5927625
2022-11-14 10:30:00,0.541925
2022-11-15 10:30:00,0.466375
2022-11-16 10:30:00,0.5725875
2022-11-17 10:30:00,0.50764996
2022-11-18 10:30:00,0.49975
2022-11-19 10:30:00,0.530425
2022-11-20 10:30:00,0.46150002
2022-11-21 10:30:00,0.4994875
2022-11-22 10:30:00,0.5561
2022-11-23 10:30:00,0.64636254
2022-11-24 10:30:00,0.80062497
2022-11-25 10:30:00,0.5779875
2022-11-26 10:30:00,0.48238748
2022-11-27 10:30:00,0.75616246
2022-11-28 10:30:00,0.676425
2022-11-29 10:30:00,0.4735625
2022-11-30 10:30:00,0.4537625
2022-12-01 10:30:00,0.50949997
2022-12-02 10:30:00,0.53784996
2022-12-03 10:30:00,0.456175
2022-12-04 10:30:00,0.5129125
2022-12-05 10:30:00,0.513425
2022-12-06 10:30:00,0.56168747
2022-12-07 10:30:00,0.58169997
2022-12-08 10:30:00,0.60816246
2022-12-09 10:30:00,0.5977
2022-12-10 10:30:00,0.61185
2022-12-11 10:30:00,0.563025
2022-12-12 10:30:00,0.470475
2022-12-13 10:30:00,0.4236375
2022-12-14 10:30:00,0.370425
2022-12-15 10:30:00,0.5049
2022-12-16 10:30:00,0.48833752
2022-12-17 10:30:00,0.4825
2022-12-18 10:30:00,0.4781625
2022-12-19 10:30:00,0.6039375
2022-12-20 10:30:00,0.717725
2022-12-21 10:30:00,0.56804997
2022-12-22 10:30:00,0.491175
2022-12-23 10:30:00,0.47652498
2022-12-24 10:30:00,0.452975
2022-12-25 10:30:00,0.618725
2022-12-26 10:30:00,0.67083746
2022-12-27 10:30:00,0.6626375
2022-12-28 10:30:00,0.5538625
2022-12-29 10:30:00,0.5539875
2022-12-30 10:30:00,0.5050375
2022-12-31 10:30:00,0.5205625
