time,rhum
2012-01-01 10:30:00,0.5545375
2012-01-02 10:30:00,0.582425
2012-01-03 10:30:00,0.64065003
2012-01-04 10:30:00,0.48794997
2012-01-05 10:30:00,0.542975
2012-01-06 10:30:00,0.4888
2012-01-07 10:30:00,0.47631252
2012-01-08 10:30:00,0.5116125
2012-01-09 10:30:00,0.579125
2012-01-10 10:30:00,0.62665
2012-01-11 10:30:00,0.5870375
2012-01-12 10:30:00,0.6801625
2012-01-13 10:30:00,0.6195
2012-01-14 10:30:00,0.5181375
2012-01-15 10:30:00,0.59795
2012-01-16 10:30:00,0.71989995
2012-01-17 10:30:00,0.6399625
2012-01-18 10:30:00,0.64615
2012-01-19 10:30:00,0.65247494
2012-01-20 10:30:00,0.3600875
2012-01-21 10:30:00,0.3185375
2012-01-22 10:30:00,0.35898748
2012-01-23 10:30:00,0.395575
2012-01-24 10:30:00,0.3906625
2012-01-25 10:30:00,0.45328748
2012-01-26 10:30:00,0.3695375
2012-01-27 10:30:00,0.37127498
2012-01-28 10:30:00,0.3590625
2012-01-29 10:30:00,0.363975
2012-01-30 10:30:00,0.33235
2012-01-31 10:30:00,0.36857498
2012-02-01 10:30:00,0.35002497
2012-02-02 10:30:00,0.3122125
2012-02-03 10:30:00,0.3558375
2012-02-04 10:30:00,0.4187625
2012-02-05 10:30:00,0.31575
2012-02-06 10:30:00,0.27818748
2012-02-07 10:30:00,0.3152875
2012-02-08 10:30:00,0.36244997
2012-02-09 10:30:00,0.3523125
2012-02-10 10:30:00,0.3428875
2012-02-11 10:30:00,0.32938752
2012-02-12 10:30:00,0.39709997
2012-02-13 10:30:00,0.331375
2012-02-14 10:30:00,0.35498747
2012-02-15 10:30:00,0.33685002
2012-02-16 10:30:00,0.333975
2012-02-17 10:30:00,0.33975
2012-02-18 10:30:00,0.35355
2012-02-19 10:30:00,0.3344875
2012-02-20 10:30:00,0.23091249
2012-02-21 10:30:00,0.21563749
2012-02-22 10:30:00,0.2279125
2012-02-23 10:30:00,0.3332375
2012-02-24 10:30:00,0.32678747
2012-02-25 10:30:00,0.27441248
2012-02-26 10:30:00,0.3511875
2012-02-27 10:30:00,0.4180625
2012-02-28 10:30:00,0.3114
2012-02-29 10:30:00,0.32022497
2012-03-01 10:30:00,0.2359625
2012-03-02 10:30:00,0.25237498
2012-03-03 10:30:00,0.2516625
2012-03-04 10:30:00,0.47527498
2012-03-05 10:30:00,0.7840125
2012-03-06 10:30:00,0.5703875
2012-03-07 10:30:00,0.5920875
2012-03-08 10:30:00,0.37576246
2012-03-09 10:30:00,0.34928748
2012-03-10 10:30:00,0.55772495
2012-03-11 10:30:00,0.44663748
2012-03-12 10:30:00,0.42802498
2012-03-13 10:30:00,0.35724998
2012-03-14 10:30:00,0.3954125
2012-03-15 10:30:00,0.43057498
2012-03-16 10:30:00,0.23995
2012-03-17 10:30:00,0.1804875
2012-03-18 10:30:00,0.24507499
2012-03-19 10:30:00,0.188975
2012-03-20 10:30:00,0.2425625
2012-03-21 10:30:00,0.3181125
2012-03-22 10:30:00,0.22316249
2012-03-23 10:30:00,0.40838748
2012-03-24 10:30:00,0.32038748
2012-03-25 10:30:00,0.28472498
2012-03-26 10:30:00,0.276225
2012-03-27 10:30:00,0.20869999
2012-03-28 10:30:00,0.1888125
2012-03-29 10:30:00,0.6509375
2012-03-30 10:30:00,0.4044
2012-03-31 10:30:00,0.499
2012-04-01 10:30:00,0.24312499
2012-04-02 10:30:00,0.2356375
2012-04-03 10:30:00,0.3202375
2012-04-04 10:30:00,0.4257875
2012-04-05 10:30:00,0.33349997
2012-04-06 10:30:00,0.222225
2012-04-07 10:30:00,0.2344
2012-04-08 10:30:00,0.3793
2012-04-09 10:30:00,0.189775
2012-04-10 10:30:00,0.20731251
2012-04-11 10:30:00,0.2561625
2012-04-12 10:30:00,0.2600625
2012-04-13 10:30:00,0.2144625
2012-04-14 10:30:00,0.42924997
2012-04-15 10:30:00,0.2484375
2012-04-16 10:30:00,0.18744999
2012-04-17 10:30:00,0.21052499
2012-04-18 10:30:00,0.3382875
2012-04-19 10:30:00,0.3850625
2012-04-20 10:30:00,0.2055375
2012-04-21 10:30:00,0.4278625
2012-04-22 10:30:00,0.4395375
2012-04-23 10:30:00,0.44912502
2012-04-24 10:30:00,0.2269
2012-04-25 10:30:00,0.2119125
2012-04-26 10:30:00,0.17518748
2012-04-27 10:30:00,0.58585
2012-04-28 10:30:00,0.2665375
2012-04-29 10:30:00,0.1818375
2012-04-30 10:30:00,0.22085
2012-05-01 10:30:00,0.15185
2012-05-02 10:30:00,0.2611625
2012-05-03 10:30:00,0.1619
2012-05-04 10:30:00,0.16135
2012-05-05 10:30:00,0.131
2012-05-06 10:30:00,0.3190875
2012-05-07 10:30:00,0.321325
2012-05-08 10:30:00,0.409775
2012-05-09 10:30:00,0.35015
2012-05-10 10:30:00,0.41807497
2012-05-11 10:30:00,0.3626125
2012-05-12 10:30:00,0.680475
2012-05-13 10:30:00,0.5577875
2012-05-14 10:30:00,0.57164997
2012-05-15 10:30:00,0.6171875
2012-05-16 10:30:00,0.77596253
2012-05-17 10:30:00,0.41462502
2012-05-18 10:30:00,0.30866247
2012-05-19 10:30:00,0.17962499
2012-05-20 10:30:00,0.26005
2012-05-21 10:30:00,0.303275
2012-05-22 10:30:00,0.329475
2012-05-23 10:30:00,0.2338125
2012-05-24 10:30:00,0.22285
2012-05-25 10:30:00,0.3116625
2012-05-26 10:30:00,0.40701252
2012-05-27 10:30:00,0.3137625
2012-05-28 10:30:00,0.4573125
2012-05-29 10:30:00,0.5299125
2012-05-30 10:30:00,0.61439997
2012-05-31 10:30:00,0.63397497
2012-06-01 10:30:00,0.48986247
2012-06-02 10:30:00,0.8147625
2012-06-03 10:30:00,0.68301255
2012-06-04 10:30:00,0.707725
2012-06-05 10:30:00,0.50345
2012-06-06 10:30:00,0.6602625
2012-06-07 10:30:00,0.55378747
2012-06-08 10:30:00,0.6492125
2012-06-09 10:30:00,0.55812496
2012-06-10 10:30:00,0.51037496
2012-06-11 10:30:00,0.72902495
2012-06-12 10:30:00,0.79565
2012-06-13 10:30:00,0.85305
2012-06-14 10:30:00,0.71731246
2012-06-15 10:30:00,0.8517375
2012-06-16 10:30:00,0.8221
2012-06-17 10:30:00,0.79038745
2012-06-18 10:30:00,0.6848
2012-06-19 10:30:00,0.6200875
2012-06-20 10:30:00,0.5661125
2012-06-21 10:30:00,0.59318745
2012-06-22 10:30:00,0.55492496
2012-06-23 10:30:00,0.69224995
2012-06-24 10:30:00,0.7883125
2012-06-25 10:30:00,0.7204125
2012-06-26 10:30:00,0.6980625
2012-06-27 10:30:00,0.8296875
2012-06-28 10:30:00,0.7521875
2012-06-29 10:30:00,0.67631245
2012-06-30 10:30:00,0.48485
2012-07-01 10:30:00,0.77406245
2012-07-02 10:30:00,0.8201
2012-07-03 10:30:00,0.676175
2012-07-04 10:30:00,0.6861625
2012-07-05 10:30:00,0.67667496
2012-07-06 10:30:00,0.6333375
2012-07-07 10:30:00,0.613625
2012-07-08 10:30:00,0.74714994
2012-07-09 10:30:00,0.75896245
2012-07-10 10:30:00,0.7994625
2012-07-11 10:30:00,0.83762497
2012-07-12 10:30:00,0.8210125
2012-07-13 10:30:00,0.677275
2012-07-14 10:30:00,0.61843747
2012-07-15 10:30:00,0.637075
2012-07-16 10:30:00,0.5747375
2012-07-17 10:30:00,0.5452375
2012-07-18 10:30:00,0.70841247
2012-07-19 10:30:00,0.678625
2012-07-20 10:30:00,0.7099125
2012-07-21 10:30:00,0.82949996
2012-07-22 10:30:00,0.87294996
2012-07-23 10:30:00,0.63199997
2012-07-24 10:30:00,0.7463875
2012-07-25 10:30:00,0.8058999
2012-07-26 10:30:00,0.6757625
2012-07-27 10:30:00,0.63184994
2012-07-28 10:30:00,0.8354
2012-07-29 10:30:00,0.8645375
2012-07-30 10:30:00,0.816575
2012-07-31 10:30:00,0.6878875
2012-08-01 10:30:00,0.7006375
2012-08-02 10:30:00,0.7318125
2012-08-03 10:30:00,0.7673875
2012-08-04 10:30:00,0.7430124
2012-08-05 10:30:00,0.6613625
2012-08-06 10:30:00,0.65723747
2012-08-07 10:30:00,0.6403375
2012-08-08 10:30:00,0.5937125
2012-08-09 10:30:00,0.5308375
2012-08-10 10:30:00,0.70967495
2012-08-11 10:30:00,0.582425
2012-08-12 10:30:00,0.5426625
2012-08-13 10:30:00,0.53959996
2012-08-14 10:30:00,0.62035
2012-08-15 10:30:00,0.54564995
2012-08-16 10:30:00,0.5154875
2012-08-17 10:30:00,0.6666375
2012-08-18 10:30:00,0.5377375
2012-08-19 10:30:00,0.50785
2012-08-20 10:30:00,0.5347
2012-08-21 10:30:00,0.4975625
2012-08-22 10:30:00,0.3620375
2012-08-23 10:30:00,0.4124625
2012-08-24 10:30:00,0.5879875
2012-08-25 10:30:00,0.5627
2012-08-26 10:30:00,0.58888745
2012-08-27 10:30:00,0.6803875
2012-08-28 10:30:00,0.6199
2012-08-29 10:30:00,0.4812625
2012-08-30 10:30:00,0.5488875
2012-08-31 10:30:00,0.63014996
2012-09-01 10:30:00,0.5235125
2012-09-02 10:30:00,0.897925
2012-09-03 10:30:00,0.741875
2012-09-04 10:30:00,0.82753754
2012-09-05 10:30:00,0.68941253
2012-09-06 10:30:00,0.5344
2012-09-07 10:30:00,0.60631245
2012-09-08 10:30:00,0.7244625
2012-09-09 10:30:00,0.6887
2012-09-10 10:30:00,0.63955003
2012-09-11 10:30:00,0.894575
2012-09-12 10:30:00,0.79882497
2012-09-13 10:30:00,0.728925
2012-09-14 10:30:00,0.5948
2012-09-15 10:30:00,0.6316625
2012-09-16 10:30:00,0.6465
2012-09-17 10:30:00,0.61325
2012-09-18 10:30:00,0.60569996
2012-09-19 10:30:00,0.6464125
2012-09-20 10:30:00,0.4801125
2012-09-21 10:30:00,0.55562496
2012-09-22 10:30:00,0.7054125
2012-09-23 10:30:00,0.67974997
2012-09-24 10:30:00,0.6040875
2012-09-25 10:30:00,0.8831
2012-09-26 10:30:00,0.6281
2012-09-27 10:30:00,0.8531749
2012-09-28 10:30:00,0.453075
2012-09-29 10:30:00,0.62452495
2012-09-30 10:30:00,0.62233746
2012-10-01 10:30:00,0.6458
2012-10-02 10:30:00,0.5555125
2012-10-03 10:30:00,0.86891246
2012-10-04 10:30:00,0.51559997
2012-10-05 10:30:00,0.4922875
2012-10-06 10:30:00,0.5498
2012-10-07 10:30:00,0.63836247
2012-10-08 10:30:00,0.597025
2012-10-09 10:30:00,0.5686
2012-10-10 10:30:00,0.5407625
2012-10-11 10:30:00,0.563775
2012-10-12 10:30:00,0.61364996
2012-10-13 10:30:00,0.656325
2012-10-14 10:30:00,0.528875
2012-10-15 10:30:00,0.61417496
2012-10-16 10:30:00,0.8155625
2012-10-17 10:30:00,0.52982503
2012-10-18 10:30:00,0.47435
2012-10-19 10:30:00,0.3835375
2012-10-20 10:30:00,0.37318748
2012-10-21 10:30:00,0.5102375
2012-10-22 10:30:00,0.57191247
2012-10-23 10:30:00,0.6242625
2012-10-24 10:30:00,0.64998746
2012-10-25 10:30:00,0.51815
2012-10-26 10:30:00,0.576275
2012-10-27 10:30:00,0.36334997
2012-10-28 10:30:00,0.362025
2012-10-29 10:30:00,0.41268748
2012-10-30 10:30:00,0.62684995
2012-10-31 10:30:00,0.5771875
2012-11-01 10:30:00,0.53311247
2012-11-02 10:30:00,0.44757497
2012-11-03 10:30:00,0.5192625
2012-11-04 10:30:00,0.64606255
2012-11-05 10:30:00,0.663525
2012-11-06 10:30:00,0.5828125
2012-11-07 10:30:00,0.52477497
2012-11-08 10:30:00,0.56584996
2012-11-09 10:30:00,0.619
2012-11-10 10:30:00,0.67665
2012-11-11 10:30:00,0.66886246
2012-11-12 10:30:00,0.64825004
2012-11-13 10:30:00,0.574125
2012-11-14 10:30:00,0.57794994
2012-11-15 10:30:00,0.482475
2012-11-16 10:30:00,0.5193125
2012-11-17 10:30:00,0.60655
2012-11-18 10:30:00,0.83199996
2012-11-19 10:30:00,0.62233746
2012-11-20 10:30:00,0.5640625
2012-11-21 10:30:00,0.5216
2012-11-22 10:30:00,0.50944996
2012-11-23 10:30:00,0.56072503
2012-11-24 10:30:00,0.671975
2012-11-25 10:30:00,0.547775
2012-11-26 10:30:00,0.51967496
2012-11-27 10:30:00,0.69897497
2012-11-28 10:30:00,0.518875
2012-11-29 10:30:00,0.48115
2012-11-30 10:30:00,0.4302875
2012-12-01 10:30:00,0.6049375
2012-12-02 10:30:00,0.67241246
2012-12-03 10:30:00,0.49906248
2012-12-04 10:30:00,0.465275
2012-12-05 10:30:00,0.39880002
2012-12-06 10:30:00,0.4079
2012-12-07 10:30:00,0.5091375
2012-12-08 10:30:00,0.5141125
2012-12-09 10:30:00,0.699825
2012-12-10 10:30:00,0.67191243
2012-12-11 10:30:00,0.6664875
2012-12-12 10:30:00,0.70661247
2012-12-13 10:30:00,0.50355
2012-12-14 10:30:00,0.5677875
2012-12-15 10:30:00,0.7396375
2012-12-16 10:30:00,0.5647875
2012-12-17 10:30:00,0.47807497
2012-12-18 10:30:00,0.4903625
2012-12-19 10:30:00,0.4798875
2012-12-20 10:30:00,0.57855
2012-12-21 10:30:00,0.461425
2012-12-22 10:30:00,0.4339125
2012-12-23 10:30:00,0.42456248
2012-12-24 10:30:00,0.4715375
2012-12-25 10:30:00,0.35303748
2012-12-26 10:30:00,0.5100125
2012-12-27 10:30:00,0.58007497
2012-12-28 10:30:00,0.66590005
2012-12-29 10:30:00,0.62105
2012-12-30 10:30:00,0.478525
2012-12-31 10:30:00,0.535475
2013-01-01 10:30:00,0.433875
2013-01-02 10:30:00,0.41345
2013-01-03 10:30:00,0.391675
2013-01-04 10:30:00,0.38157502
2013-01-05 10:30:00,0.41955
2013-01-06 10:30:00,0.6213875
2013-01-07 10:30:00,0.59561247
2013-01-08 10:30:00,0.46525002
2013-01-09 10:30:00,0.53662497
2013-01-10 10:30:00,0.61689997
2013-01-11 10:30:00,0.6141875
2013-01-12 10:30:00,0.69567496
2013-01-13 10:30:00,0.66082495
2013-01-14 10:30:00,0.63675
2013-01-15 10:30:00,0.6832875
2013-01-16 10:30:00,0.55027497
2013-01-17 10:30:00,0.5610875
2013-01-18 10:30:00,0.6907374
2013-01-19 10:30:00,0.64726245
2013-01-20 10:30:00,0.71201247
2013-01-21 10:30:00,0.66035
2013-01-22 10:30:00,0.62036246
2013-01-23 10:30:00,0.614625
2013-01-24 10:30:00,0.3691625
2013-01-25 10:30:00,0.47261247
2013-01-26 10:30:00,0.5298125
2013-01-27 10:30:00,0.6362875
2013-01-28 10:30:00,0.7383999
2013-01-29 10:30:00,0.6859125
2013-01-30 10:30:00,0.78104997
2013-01-31 10:30:00,0.6814875
2013-02-01 10:30:00,0.354375
2013-02-02 10:30:00,0.40760002
2013-02-03 10:30:00,0.6675125
2013-02-04 10:30:00,0.503625
2013-02-05 10:30:00,0.54232496
2013-02-06 10:30:00,0.358225
2013-02-07 10:30:00,0.36574998
2013-02-08 10:30:00,0.4047875
2013-02-09 10:30:00,0.37756246
2013-02-10 10:30:00,0.39584997
2013-02-11 10:30:00,0.4916875
2013-02-12 10:30:00,0.47724998
2013-02-13 10:30:00,0.4225125
2013-02-14 10:30:00,0.41837496
2013-02-15 10:30:00,0.515275
2013-02-16 10:30:00,0.6669375
2013-02-17 10:30:00,0.40826252
2013-02-18 10:30:00,0.2991125
2013-02-19 10:30:00,0.31997502
2013-02-20 10:30:00,0.320125
2013-02-21 10:30:00,0.3822125
2013-02-22 10:30:00,0.4100875
2013-02-23 10:30:00,0.2506875
2013-02-24 10:30:00,0.388625
2013-02-25 10:30:00,0.52928746
2013-02-26 10:30:00,0.7311125
2013-02-27 10:30:00,0.4018875
2013-02-28 10:30:00,0.68933755
2013-03-01 10:30:00,0.31884998
2013-03-02 10:30:00,0.50518745
2013-03-03 10:30:00,0.6257625
2013-03-04 10:30:00,0.44708747
2013-03-05 10:30:00,0.5833
2013-03-06 10:30:00,0.38327497
2013-03-07 10:30:00,0.2238125
2013-03-08 10:30:00,0.49400002
2013-03-09 10:30:00,0.63476247
2013-03-10 10:30:00,0.5490375
2013-03-11 10:30:00,0.5671625
2013-03-12 10:30:00,0.30995
2013-03-13 10:30:00,0.3412
2013-03-14 10:30:00,0.4671875
2013-03-15 10:30:00,0.588425
2013-03-16 10:30:00,0.42183748
2013-03-17 10:30:00,0.2643625
2013-03-18 10:30:00,0.2912125
2013-03-19 10:30:00,0.2652125
2013-03-20 10:30:00,0.30202502
2013-03-21 10:30:00,0.33915
2013-03-22 10:30:00,0.300775
2013-03-23 10:30:00,0.387425
2013-03-24 10:30:00,0.36965
2013-03-25 10:30:00,0.3012875
2013-03-26 10:30:00,0.3426
2013-03-27 10:30:00,0.4078
2013-03-28 10:30:00,0.338275
2013-03-29 10:30:00,0.32259998
2013-03-30 10:30:00,0.272675
2013-03-31 10:30:00,0.2448125
2013-04-01 10:30:00,0.275975
2013-04-02 10:30:00,0.25501248
2013-04-03 10:30:00,0.2442625
2013-04-04 10:30:00,0.3782
2013-04-05 10:30:00,0.618375
2013-04-06 10:30:00,0.38483748
2013-04-07 10:30:00,0.3566
2013-04-08 10:30:00,0.43945
2013-04-09 10:30:00,0.2716625
2013-04-10 10:30:00,0.44869998
2013-04-11 10:30:00,0.37897497
2013-04-12 10:30:00,0.2843375
2013-04-13 10:30:00,0.2457625
2013-04-14 10:30:00,0.22136249
2013-04-15 10:30:00,0.201675
2013-04-16 10:30:00,0.243875
2013-04-17 10:30:00,0.22299999
2013-04-18 10:30:00,0.278525
2013-04-19 10:30:00,0.2289125
2013-04-20 10:30:00,0.24383749
2013-04-21 10:30:00,0.26396248
2013-04-22 10:30:00,0.362575
2013-04-23 10:30:00,0.35729998
2013-04-24 10:30:00,0.5913
2013-04-25 10:30:00,0.6906
2013-04-26 10:30:00,0.3481
2013-04-27 10:30:00,0.30575
2013-04-28 10:30:00,0.617975
2013-04-29 10:30:00,0.85402495
2013-04-30 10:30:00,0.591975
2013-05-01 10:30:00,0.565275
2013-05-02 10:30:00,0.5168375
2013-05-03 10:30:00,0.3791125
2013-05-04 10:30:00,0.256875
2013-05-05 10:30:00,0.3064125
2013-05-06 10:30:00,0.37101248
2013-05-07 10:30:00,0.2272875
2013-05-08 10:30:00,0.4046
2013-05-09 10:30:00,0.4677375
2013-05-10 10:30:00,0.3069
2013-05-11 10:30:00,0.50088745
2013-05-12 10:30:00,0.62904996
2013-05-13 10:30:00,0.607075
2013-05-14 10:30:00,0.7841625
2013-05-15 10:30:00,0.5898375
2013-05-16 10:30:00,0.44862497
2013-05-17 10:30:00,0.48154998
2013-05-18 10:30:00,0.40104997
2013-05-19 10:30:00,0.46177498
2013-05-20 10:30:00,0.5596
2013-05-21 10:30:00,0.622875
2013-05-22 10:30:00,0.3261
2013-05-23 10:30:00,0.30746248
2013-05-24 10:30:00,0.26436248
2013-05-25 10:30:00,0.2508875
2013-05-26 10:30:00,0.4064375
2013-05-27 10:30:00,0.6448
2013-05-28 10:30:00,0.44965
2013-05-29 10:30:00,0.2986875
2013-05-30 10:30:00,0.327425
2013-05-31 10:30:00,0.3167625
2013-06-01 10:30:00,0.331325
2013-06-02 10:30:00,0.4281625
2013-06-03 10:30:00,0.720325
2013-06-04 10:30:00,0.579525
2013-06-05 10:30:00,0.5496875
2013-06-06 10:30:00,0.8129625
2013-06-07 10:30:00,0.6150375
2013-06-08 10:30:00,0.680075
2013-06-09 10:30:00,0.74111253
2013-06-10 10:30:00,0.51656246
2013-06-11 10:30:00,0.62115
2013-06-12 10:30:00,0.7617875
2013-06-13 10:30:00,0.530525
2013-06-14 10:30:00,0.6263
2013-06-15 10:30:00,0.5231625
2013-06-16 10:30:00,0.5752875
2013-06-17 10:30:00,0.5188625
2013-06-18 10:30:00,0.49296248
2013-06-19 10:30:00,0.61277497
2013-06-20 10:30:00,0.6550375
2013-06-21 10:30:00,0.56938744
2013-06-22 10:30:00,0.4669875
2013-06-23 10:30:00,0.48514998
2013-06-24 10:30:00,0.4794125
2013-06-25 10:30:00,0.7473
2013-06-26 10:30:00,0.86961246
2013-06-27 10:30:00,0.89196247
2013-06-28 10:30:00,0.64762497
2013-06-29 10:30:00,0.9133125
2013-06-30 10:30:00,0.9328375
2013-07-01 10:30:00,0.78418744
2013-07-02 10:30:00,0.83007497
2013-07-03 10:30:00,0.7230625
2013-07-04 10:30:00,0.630975
2013-07-05 10:30:00,0.54095
2013-07-06 10:30:00,0.6382125
2013-07-07 10:30:00,0.62137496
2013-07-08 10:30:00,0.706225
2013-07-09 10:30:00,0.53335
2013-07-10 10:30:00,0.4592875
2013-07-11 10:30:00,0.6126125
2013-07-12 10:30:00,0.61765
2013-07-13 10:30:00,0.6016
2013-07-14 10:30:00,0.61451244
2013-07-15 10:30:00,0.8996375
2013-07-16 10:30:00,0.5995375
2013-07-17 10:30:00,0.6328125
2013-07-18 10:30:00,0.77271247
2013-07-19 10:30:00,0.7662875
2013-07-20 10:30:00,0.65445
2013-07-21 10:30:00,0.6030375
2013-07-22 10:30:00,0.749875
2013-07-23 10:30:00,0.82787496
2013-07-24 10:30:00,0.7702624
2013-07-25 10:30:00,0.71685
2013-07-26 10:30:00,0.72975
2013-07-27 10:30:00,0.8205
2013-07-28 10:30:00,0.6268375
2013-07-29 10:30:00,0.71705
2013-07-30 10:30:00,0.71011245
2013-07-31 10:30:00,0.83977497
2013-08-01 10:30:00,0.84885
2013-08-02 10:30:00,0.8447125
2013-08-03 10:30:00,0.889475
2013-08-04 10:30:00,0.7426625
2013-08-05 10:30:00,0.77935
2013-08-06 10:30:00,0.78429997
2013-08-07 10:30:00,0.65709996
2013-08-08 10:30:00,0.61765
2013-08-09 10:30:00,0.62549996
2013-08-10 10:30:00,0.62593746
2013-08-11 10:30:00,0.6726625
2013-08-12 10:30:00,0.7756125
2013-08-13 10:30:00,0.5738375
2013-08-14 10:30:00,0.52112496
2013-08-15 10:30:00,0.57325
2013-08-16 10:30:00,0.822275
2013-08-17 10:30:00,0.732875
2013-08-18 10:30:00,0.60798746
2013-08-19 10:30:00,0.644225
2013-08-20 10:30:00,0.5918625
2013-08-21 10:30:00,0.84051245
2013-08-22 10:30:00,0.68584996
2013-08-23 10:30:00,0.6427375
2013-08-24 10:30:00,0.546275
2013-08-25 10:30:00,0.67745
2013-08-26 10:30:00,0.6196625
2013-08-27 10:30:00,0.642225
2013-08-28 10:30:00,0.87614995
2013-08-29 10:30:00,0.670575
2013-08-30 10:30:00,0.680875
2013-08-31 10:30:00,0.68663746
2013-09-01 10:30:00,0.70636255
2013-09-02 10:30:00,0.7369625
2013-09-03 10:30:00,0.6347
2013-09-04 10:30:00,0.6693625
2013-09-05 10:30:00,0.6981375
2013-09-06 10:30:00,0.90192497
2013-09-07 10:30:00,0.7888625
2013-09-08 10:30:00,0.669475
2013-09-09 10:30:00,0.7886875
2013-09-10 10:30:00,0.58822495
2013-09-11 10:30:00,0.60386246
2013-09-12 10:30:00,0.60912496
2013-09-13 10:30:00,0.695875
2013-09-14 10:30:00,0.3632375
2013-09-15 10:30:00,0.4740375
2013-09-16 10:30:00,0.434925
2013-09-17 10:30:00,0.60986245
2013-09-18 10:30:00,0.5807625
2013-09-19 10:30:00,0.63186246
2013-09-20 10:30:00,0.63263744
2013-09-21 10:30:00,0.63869995
2013-09-22 10:30:00,0.497275
2013-09-23 10:30:00,0.4107875
2013-09-24 10:30:00,0.450225
2013-09-25 10:30:00,0.4457625
2013-09-26 10:30:00,0.397525
2013-09-27 10:30:00,0.33185
2013-09-28 10:30:00,0.4630375
2013-09-29 10:30:00,0.44647497
2013-09-30 10:30:00,0.41146246
2013-10-01 10:30:00,0.35689998
2013-10-02 10:30:00,0.3190125
2013-10-03 10:30:00,0.37757498
2013-10-04 10:30:00,0.331375
2013-10-05 10:30:00,0.325825
2013-10-06 10:30:00,0.3865
2013-10-07 10:30:00,0.334025
2013-10-08 10:30:00,0.2881625
2013-10-09 10:30:00,0.4502125
2013-10-10 10:30:00,0.82513744
2013-10-11 10:30:00,0.66214997
2013-10-12 10:30:00,0.51296246
2013-10-13 10:30:00,0.467975
2013-10-14 10:30:00,0.34305
2013-10-15 10:30:00,0.39345
2013-10-16 10:30:00,0.50088745
2013-10-17 10:30:00,0.454675
2013-10-18 10:30:00,0.586425
2013-10-19 10:30:00,0.65835
2013-10-20 10:30:00,0.7901125
2013-10-21 10:30:00,0.85583746
2013-10-22 10:30:00,0.79457504
2013-10-23 10:30:00,0.92219996
2013-10-24 10:30:00,0.78973746
2013-10-25 10:30:00,0.5931
2013-10-26 10:30:00,0.7349875
2013-10-27 10:30:00,0.7523625
2013-10-28 10:30:00,0.6395
2013-10-29 10:30:00,0.54711246
2013-10-30 10:30:00,0.5414875
2013-10-31 10:30:00,0.5941125
2013-11-01 10:30:00,0.555075
2013-11-02 10:30:00,0.59744996
2013-11-03 10:30:00,0.5000125
2013-11-04 10:30:00,0.4401625
2013-11-05 10:30:00,0.5688375
2013-11-06 10:30:00,0.6422
2013-11-07 10:30:00,0.69466245
2013-11-08 10:30:00,0.7044
2013-11-09 10:30:00,0.358375
2013-11-10 10:30:00,0.34928748
2013-11-11 10:30:00,0.4634375
2013-11-12 10:30:00,0.502675
2013-11-13 10:30:00,0.49596247
2013-11-14 10:30:00,0.505475
2013-11-15 10:30:00,0.53323746
2013-11-16 10:30:00,0.597925
2013-11-17 10:30:00,0.555125
2013-11-18 10:30:00,0.32728752
2013-11-19 10:30:00,0.2102625
2013-11-20 10:30:00,0.4082125
2013-11-21 10:30:00,0.5810125
2013-11-22 10:30:00,0.568
2013-11-23 10:30:00,0.553925
2013-11-24 10:30:00,0.38193747
2013-11-25 10:30:00,0.37112498
2013-11-26 10:30:00,0.385425
2013-11-27 10:30:00,0.33089998
2013-11-28 10:30:00,0.319975
2013-11-29 10:30:00,0.355575
2013-11-30 10:30:00,0.3188625
2013-12-01 10:30:00,0.3671625
2013-12-02 10:30:00,0.5312
2013-12-03 10:30:00,0.473525
2013-12-04 10:30:00,0.34678748
2013-12-05 10:30:00,0.3309125
2013-12-06 10:30:00,0.40498748
2013-12-07 10:30:00,0.569175
2013-12-08 10:30:00,0.80135
2013-12-09 10:30:00,0.60045
2013-12-10 10:30:00,0.7108
2013-12-11 10:30:00,0.63866246
2013-12-12 10:30:00,0.44145
2013-12-13 10:30:00,0.40432498
2013-12-14 10:30:00,0.49400002
2013-12-15 10:30:00,0.6418
2013-12-16 10:30:00,0.7696125
2013-12-17 10:30:00,0.72615
2013-12-18 10:30:00,0.7338375
2013-12-19 10:30:00,0.70444995
2013-12-20 10:30:00,0.568075
2013-12-21 10:30:00,0.62791246
2013-12-22 10:30:00,0.57339996
2013-12-23 10:30:00,0.6565125
2013-12-24 10:30:00,0.6464875
2013-12-25 10:30:00,0.698775
2013-12-26 10:30:00,0.49792498
2013-12-27 10:30:00,0.5505
2013-12-28 10:30:00,0.481875
2013-12-29 10:30:00,0.4966625
2013-12-30 10:30:00,0.58512497
2013-12-31 10:30:00,0.45364997
2014-01-01 10:30:00,0.337975
2014-01-02 10:30:00,0.5259625
2014-01-03 10:30:00,0.54786247
2014-01-04 10:30:00,0.6230125
2014-01-05 10:30:00,0.6330125
2014-01-06 10:30:00,0.5614125
2014-01-07 10:30:00,0.37266248
2014-01-08 10:30:00,0.3530625
2014-01-09 10:30:00,0.4184
2014-01-10 10:30:00,0.450125
2014-01-11 10:30:00,0.371775
2014-01-12 10:30:00,0.301175
2014-01-13 10:30:00,0.45534998
2014-01-14 10:30:00,0.5208
2014-01-15 10:30:00,0.542925
2014-01-16 10:30:00,0.502925
2014-01-17 10:30:00,0.48466247
2014-01-18 10:30:00,0.4773625
2014-01-19 10:30:00,0.65175
2014-01-20 10:30:00,0.546125
2014-01-21 10:30:00,0.55315
2014-01-22 10:30:00,0.5723125
2014-01-23 10:30:00,0.64615
2014-01-24 10:30:00,0.5042625
2014-01-25 10:30:00,0.369975
2014-01-26 10:30:00,0.49316248
2014-01-27 10:30:00,0.30685
2014-01-28 10:30:00,0.34272498
2014-01-29 10:30:00,0.48669997
2014-01-30 10:30:00,0.3814875
2014-01-31 10:30:00,0.38802502
2014-02-01 10:30:00,0.449225
2014-02-02 10:30:00,0.252275
2014-02-03 10:30:00,0.30695
2014-02-04 10:30:00,0.372275
2014-02-05 10:30:00,0.39099997
2014-02-06 10:30:00,0.411025
2014-02-07 10:30:00,0.39624998
2014-02-08 10:30:00,0.603725
2014-02-09 10:30:00,0.4372
2014-02-10 10:30:00,0.469775
2014-02-11 10:30:00,0.54342496
2014-02-12 10:30:00,0.4430625
2014-02-13 10:30:00,0.436575
2014-02-14 10:30:00,0.70963746
2014-02-15 10:30:00,0.649025
2014-02-16 10:30:00,0.5688
2014-02-17 10:30:00,0.451975
2014-02-18 10:30:00,0.48178747
2014-02-19 10:30:00,0.4343
2014-02-20 10:30:00,0.483325
2014-02-21 10:30:00,0.5667625
2014-02-22 10:30:00,0.48384997
2014-02-23 10:30:00,0.4695375
2014-02-24 10:30:00,0.4551625
2014-02-25 10:30:00,0.5355625
2014-02-26 10:30:00,0.4737
2014-02-27 10:30:00,0.263525
2014-02-28 10:30:00,0.37896252
2014-03-01 10:30:00,0.33315003
2014-03-02 10:30:00,0.35901248
2014-03-03 10:30:00,0.317
2014-03-04 10:30:00,0.325375
2014-03-05 10:30:00,0.3023375
2014-03-06 10:30:00,0.30357498
2014-03-07 10:30:00,0.2641125
2014-03-08 10:30:00,0.23655
2014-03-09 10:30:00,0.248775
2014-03-10 10:30:00,0.18063751
2014-03-11 10:30:00,0.3196125
2014-03-12 10:30:00,0.42689997
2014-03-13 10:30:00,0.313
2014-03-14 10:30:00,0.22727498
2014-03-15 10:30:00,0.3661875
2014-03-16 10:30:00,0.33524996
2014-03-17 10:30:00,0.54815
2014-03-18 10:30:00,0.3261
2014-03-19 10:30:00,0.49013746
2014-03-20 10:30:00,0.33244997
2014-03-21 10:30:00,0.315875
2014-03-22 10:30:00,0.22807498
2014-03-23 10:30:00,0.237875
2014-03-24 10:30:00,0.2713875
2014-03-25 10:30:00,0.2731375
2014-03-26 10:30:00,0.4053
2014-03-27 10:30:00,0.3034625
2014-03-28 10:30:00,0.3010125
2014-03-29 10:30:00,0.3082125
2014-03-30 10:30:00,0.1633125
2014-03-31 10:30:00,0.23671249
2014-04-01 10:30:00,0.4611125
2014-04-02 10:30:00,0.36095
2014-04-03 10:30:00,0.2921125
2014-04-04 10:30:00,0.49798748
2014-04-05 10:30:00,0.29802498
2014-04-06 10:30:00,0.24164999
2014-04-07 10:30:00,0.2453
2014-04-08 10:30:00,0.29915
2014-04-09 10:30:00,0.24647498
2014-04-10 10:30:00,0.2202
2014-04-11 10:30:00,0.1866625
2014-04-12 10:30:00,0.2102375
2014-04-13 10:30:00,0.23107499
2014-04-14 10:30:00,0.17055
2014-04-15 10:30:00,0.12531249
2014-04-16 10:30:00,0.17667499
2014-04-17 10:30:00,0.4898875
2014-04-18 10:30:00,0.281
2014-04-19 10:30:00,0.5468875
2014-04-20 10:30:00,0.64457494
2014-04-21 10:30:00,0.3184
2014-04-22 10:30:00,0.295125
2014-04-23 10:30:00,0.264675
2014-04-24 10:30:00,0.33697498
2014-04-25 10:30:00,0.3019875
2014-04-26 10:30:00,0.33941248
2014-04-27 10:30:00,0.30179998
2014-04-28 10:30:00,0.239825
2014-04-29 10:30:00,0.2036375
2014-04-30 10:30:00,0.15565
2014-05-01 10:30:00,0.44198748
2014-05-02 10:30:00,0.3851625
2014-05-03 10:30:00,0.2799125
2014-05-04 10:30:00,0.291
2014-05-05 10:30:00,0.35154998
2014-05-06 10:30:00,0.388075
2014-05-07 10:30:00,0.37232497
2014-05-08 10:30:00,0.4094875
2014-05-09 10:30:00,0.34908748
2014-05-10 10:30:00,0.661125
2014-05-11 10:30:00,0.8185125
2014-05-12 10:30:00,0.817425
2014-05-13 10:30:00,0.7503375
2014-05-14 10:30:00,0.78458744
2014-05-15 10:30:00,0.77435
2014-05-16 10:30:00,0.7849375
2014-05-17 10:30:00,0.66165
2014-05-18 10:30:00,0.7751125
2014-05-19 10:30:00,0.802175
2014-05-20 10:30:00,0.75703746
2014-05-21 10:30:00,0.5869625
2014-05-22 10:30:00,0.4931375
2014-05-23 10:30:00,0.4477
2014-05-24 10:30:00,0.657825
2014-05-25 10:30:00,0.6434375
2014-05-26 10:30:00,0.755475
2014-05-27 10:30:00,0.4955625
2014-05-28 10:30:00,0.35062498
2014-05-29 10:30:00,0.28277498
2014-05-30 10:30:00,0.2978875
2014-05-31 10:30:00,0.3446875
2014-06-01 10:30:00,0.3707
2014-06-02 10:30:00,0.4276875
2014-06-03 10:30:00,0.45669997
2014-06-04 10:30:00,0.44056252
2014-06-05 10:30:00,0.452425
2014-06-06 10:30:00,0.3623875
2014-06-07 10:30:00,0.62595
2014-06-08 10:30:00,0.92957497
2014-06-09 10:30:00,0.843925
2014-06-10 10:30:00,0.752
2014-06-11 10:30:00,0.75622493
2014-06-12 10:30:00,0.6410499
2014-06-13 10:30:00,0.5245375
2014-06-14 10:30:00,0.47338748
2014-06-15 10:30:00,0.5463875
2014-06-16 10:30:00,0.586975
2014-06-17 10:30:00,0.62023747
2014-06-18 10:30:00,0.575
2014-06-19 10:30:00,0.5411875
2014-06-20 10:30:00,0.66417503
2014-06-21 10:30:00,0.6888
2014-06-22 10:30:00,0.5305625
2014-06-23 10:30:00,0.52187496
2014-06-24 10:30:00,0.53575
2014-06-25 10:30:00,0.6378125
2014-06-26 10:30:00,0.7225375
2014-06-27 10:30:00,0.51836246
2014-06-28 10:30:00,0.5463875
2014-06-29 10:30:00,0.48115
2014-06-30 10:30:00,0.5105125
2014-07-01 10:30:00,0.53545
2014-07-02 10:30:00,0.5917375
2014-07-03 10:30:00,0.7489125
2014-07-04 10:30:00,0.49490002
2014-07-05 10:30:00,0.5519625
2014-07-06 10:30:00,0.63616246
2014-07-07 10:30:00,0.81091243
2014-07-08 10:30:00,0.5785625
2014-07-09 10:30:00,0.6001375
2014-07-10 10:30:00,0.770175
2014-07-11 10:30:00,0.81081253
2014-07-12 10:30:00,0.7597875
2014-07-13 10:30:00,0.732075
2014-07-14 10:30:00,0.66585
2014-07-15 10:30:00,0.78669995
2014-07-16 10:30:00,0.8567375
2014-07-17 10:30:00,0.77521247
2014-07-18 10:30:00,0.7419875
2014-07-19 10:30:00,0.8008999
2014-07-20 10:30:00,0.84964997
2014-07-21 10:30:00,0.62247497
2014-07-22 10:30:00,0.64419997
2014-07-23 10:30:00,0.58401245
2014-07-24 10:30:00,0.593
2014-07-25 10:30:00,0.679325
2014-07-26 10:30:00,0.68864995
2014-07-27 10:30:00,0.6080875
2014-07-28 10:30:00,0.6795
2014-07-29 10:30:00,0.7477875
2014-07-30 10:30:00,0.775175
2014-07-31 10:30:00,0.566875
2014-08-01 10:30:00,0.5219375
2014-08-02 10:30:00,0.68625
2014-08-03 10:30:00,0.5348125
2014-08-04 10:30:00,0.55952495
2014-08-05 10:30:00,0.68944997
2014-08-06 10:30:00,0.67205
2014-08-07 10:30:00,0.592425
2014-08-08 10:30:00,0.54825
2014-08-09 10:30:00,0.72886246
2014-08-10 10:30:00,0.81303746
2014-08-11 10:30:00,0.718125
2014-08-12 10:30:00,0.5314625
2014-08-13 10:30:00,0.585625
2014-08-14 10:30:00,0.806875
2014-08-15 10:30:00,0.84437495
2014-08-16 10:30:00,0.82448745
2014-08-17 10:30:00,0.72905
2014-08-18 10:30:00,0.6665
2014-08-19 10:30:00,0.67122495
2014-08-20 10:30:00,0.74153745
2014-08-21 10:30:00,0.66859996
2014-08-22 10:30:00,0.70013744
2014-08-23 10:30:00,0.69616246
2014-08-24 10:30:00,0.6537
2014-08-25 10:30:00,0.87747496
2014-08-26 10:30:00,0.7511875
2014-08-27 10:30:00,0.7035499
2014-08-28 10:30:00,0.5872625
2014-08-29 10:30:00,0.6726999
2014-08-30 10:30:00,0.65613747
2014-08-31 10:30:00,0.6757
2014-09-01 10:30:00,0.84677494
2014-09-02 10:30:00,0.84927493
2014-09-03 10:30:00,0.72496253
2014-09-04 10:30:00,0.72433746
2014-09-05 10:30:00,0.68504995
2014-09-06 10:30:00,0.690875
2014-09-07 10:30:00,0.69796246
2014-09-08 10:30:00,0.4450875
2014-09-09 10:30:00,0.49275002
2014-09-10 10:30:00,0.5931625
2014-09-11 10:30:00,0.62097496
2014-09-12 10:30:00,0.607825
2014-09-13 10:30:00,0.567325
2014-09-14 10:30:00,0.406025
2014-09-15 10:30:00,0.44505
2014-09-16 10:30:00,0.49775
2014-09-17 10:30:00,0.56125
2014-09-18 10:30:00,0.55588746
2014-09-19 10:30:00,0.48747498
2014-09-20 10:30:00,0.6647625
2014-09-21 10:30:00,0.62137496
2014-09-22 10:30:00,0.6131375
2014-09-23 10:30:00,0.57885003
2014-09-24 10:30:00,0.51542497
2014-09-25 10:30:00,0.41825
2014-09-26 10:30:00,0.8335125
2014-09-27 10:30:00,0.4903875
2014-09-28 10:30:00,0.521575
2014-09-29 10:30:00,0.45513746
2014-09-30 10:30:00,0.4445875
2014-10-01 10:30:00,0.5952
2014-10-02 10:30:00,0.5468125
2014-10-03 10:30:00,0.47107497
2014-10-04 10:30:00,0.54424995
2014-10-05 10:30:00,0.4456
2014-10-06 10:30:00,0.3774625
2014-10-07 10:30:00,0.45427498
2014-10-08 10:30:00,0.606475
2014-10-09 10:30:00,0.613725
2014-10-10 10:30:00,0.6999375
2014-10-11 10:30:00,0.5817125
2014-10-12 10:30:00,0.363075
2014-10-13 10:30:00,0.3707
2014-10-14 10:30:00,0.3941625
2014-10-15 10:30:00,0.3467625
2014-10-16 10:30:00,0.330175
2014-10-17 10:30:00,0.42224997
2014-10-18 10:30:00,0.31257498
2014-10-19 10:30:00,0.2117375
2014-10-20 10:30:00,0.1980125
2014-10-21 10:30:00,0.282475
2014-10-22 10:30:00,0.31252497
2014-10-23 10:30:00,0.35721248
2014-10-24 10:30:00,0.538925
2014-10-25 10:30:00,0.4708
2014-10-26 10:30:00,0.3126625
2014-10-27 10:30:00,0.31875
2014-10-28 10:30:00,0.2840125
2014-10-29 10:30:00,0.309925
2014-10-30 10:30:00,0.7285375
2014-10-31 10:30:00,0.7221375
2014-11-01 10:30:00,0.53055
2014-11-02 10:30:00,0.435625
2014-11-03 10:30:00,0.5633625
2014-11-04 10:30:00,0.53713745
2014-11-05 10:30:00,0.4591875
2014-11-06 10:30:00,0.36756247
2014-11-07 10:30:00,0.3025625
2014-11-08 10:30:00,0.39714998
2014-11-09 10:30:00,0.3545875
2014-11-10 10:30:00,0.34642497
2014-11-11 10:30:00,0.3002
2014-11-12 10:30:00,0.25635
2014-11-13 10:30:00,0.3505125
2014-11-14 10:30:00,0.373125
2014-11-15 10:30:00,0.46882498
2014-11-16 10:30:00,0.5174125
2014-11-17 10:30:00,0.464225
2014-11-18 10:30:00,0.40693748
2014-11-19 10:30:00,0.4968875
2014-11-20 10:30:00,0.580625
2014-11-21 10:30:00,0.389975
2014-11-22 10:30:00,0.41167498
2014-11-23 10:30:00,0.36339998
2014-11-24 10:30:00,0.40209997
2014-11-25 10:30:00,0.352075
2014-11-26 10:30:00,0.28897497
2014-11-27 10:30:00,0.3250125
2014-11-28 10:30:00,0.32375
2014-11-29 10:30:00,0.38748747
2014-11-30 10:30:00,0.4886
2014-12-01 10:30:00,0.2017
2014-12-02 10:30:00,0.23184998
2014-12-03 10:30:00,0.317625
2014-12-04 10:30:00,0.3404
2014-12-05 10:30:00,0.34092498
2014-12-06 10:30:00,0.4377375
2014-12-07 10:30:00,0.4873875
2014-12-08 10:30:00,0.489325
2014-12-09 10:30:00,0.545675
2014-12-10 10:30:00,0.74254996
2014-12-11 10:30:00,0.5699125
2014-12-12 10:30:00,0.459275
2014-12-13 10:30:00,0.5379375
2014-12-14 10:30:00,0.61615
2014-12-15 10:30:00,0.5346625
2014-12-16 10:30:00,0.453075
2014-12-17 10:30:00,0.5163125
2014-12-18 10:30:00,0.677175
2014-12-19 10:30:00,0.6673375
2014-12-20 10:30:00,0.56965
2014-12-21 10:30:00,0.59007496
2014-12-22 10:30:00,0.67349994
2014-12-23 10:30:00,0.626825
2014-12-24 10:30:00,0.5077625
2014-12-25 10:30:00,0.47812498
2014-12-26 10:30:00,0.672525
2014-12-27 10:30:00,0.586775
2014-12-28 10:30:00,0.61623746
2014-12-29 10:30:00,0.7551
2014-12-30 10:30:00,0.5452875
2014-12-31 10:30:00,0.4117625
2015-01-01 10:30:00,0.4164
2015-01-02 10:30:00,0.511625
2015-01-03 10:30:00,0.62512493
2015-01-04 10:30:00,0.594375
2015-01-05 10:30:00,0.3303125
2015-01-06 10:30:00,0.2637625
2015-01-07 10:30:00,0.43921247
2015-01-08 10:30:00,0.48479998
2015-01-09 10:30:00,0.57164997
2015-01-10 10:30:00,0.6338125
2015-01-11 10:30:00,0.513475
2015-01-12 10:30:00,0.53113747
2015-01-13 10:30:00,0.6261125
2015-01-14 10:30:00,0.65979993
2015-01-15 10:30:00,0.68135
2015-01-16 10:30:00,0.37576246
2015-01-17 10:30:00,0.4691375
2015-01-18 10:30:00,0.6206
2015-01-19 10:30:00,0.5815375
2015-01-20 10:30:00,0.624925
2015-01-21 10:30:00,0.6122625
2015-01-22 10:30:00,0.6186
2015-01-23 10:30:00,0.68035
2015-01-24 10:30:00,0.5382375
2015-01-25 10:30:00,0.398175
2015-01-26 10:30:00,0.31171247
2015-01-27 10:30:00,0.38505
2015-01-28 10:30:00,0.428075
2015-01-29 10:30:00,0.3909
2015-01-30 10:30:00,0.3541
2015-01-31 10:30:00,0.4007875
2015-02-01 10:30:00,0.45279998
2015-02-02 10:30:00,0.50914997
2015-02-03 10:30:00,0.54826254
2015-02-04 10:30:00,0.47732496
2015-02-05 10:30:00,0.4280625
2015-02-06 10:30:00,0.28599998
2015-02-07 10:30:00,0.2174
2015-02-08 10:30:00,0.25626248
2015-02-09 10:30:00,0.32378748
2015-02-10 10:30:00,0.3250875
2015-02-11 10:30:00,0.43725002
2015-02-12 10:30:00,0.34525
2015-02-13 10:30:00,0.41347498
2015-02-14 10:30:00,0.4765
2015-02-15 10:30:00,0.45851249
2015-02-16 10:30:00,0.5493
2015-02-17 10:30:00,0.3172375
2015-02-18 10:30:00,0.2858625
2015-02-19 10:30:00,0.32195
2015-02-20 10:30:00,0.459625
2015-02-21 10:30:00,0.80025
2015-02-22 10:30:00,0.50965
2015-02-23 10:30:00,0.3492625
2015-02-24 10:30:00,0.5521375
2015-02-25 10:30:00,0.512075
2015-02-26 10:30:00,0.51614994
2015-02-27 10:30:00,0.46559995
2015-02-28 10:30:00,0.5003625
2015-03-01 10:30:00,0.35154998
2015-03-02 10:30:00,0.34086248
2015-03-03 10:30:00,0.595825
2015-03-04 10:30:00,0.44322503
2015-03-05 10:30:00,0.5394625
2015-03-06 10:30:00,0.37167498
2015-03-07 10:30:00,0.27917498
2015-03-08 10:30:00,0.2848625
2015-03-09 10:30:00,0.2651375
2015-03-10 10:30:00,0.31085
2015-03-11 10:30:00,0.2533125
2015-03-12 10:30:00,0.41213748
2015-03-13 10:30:00,0.377825
2015-03-14 10:30:00,0.38198748
2015-03-15 10:30:00,0.272575
2015-03-16 10:30:00,0.200825
2015-03-17 10:30:00,0.2044375
2015-03-18 10:30:00,0.2709125
2015-03-19 10:30:00,0.2395
2015-03-20 10:30:00,0.191775
2015-03-21 10:30:00,0.1414375
2015-03-22 10:30:00,0.15682499
2015-03-23 10:30:00,0.15637499
2015-03-24 10:30:00,0.24007499
2015-03-25 10:30:00,0.14109999
2015-03-26 10:30:00,0.1326875
2015-03-27 10:30:00,0.32302502
2015-03-28 10:30:00,0.4389125
2015-03-29 10:30:00,0.2328
2015-03-30 10:30:00,0.2337
2015-03-31 10:30:00,0.133175
2015-04-01 10:30:00,0.138625
2015-04-02 10:30:00,0.75708747
2015-04-03 10:30:00,0.43739998
2015-04-04 10:30:00,0.8314
2015-04-05 10:30:00,0.51445
2015-04-06 10:30:00,0.4455875
2015-04-07 10:30:00,0.41555
2015-04-08 10:30:00,0.52765
2015-04-09 10:30:00,0.4172
2015-04-10 10:30:00,0.420925
2015-04-11 10:30:00,0.37536252
2015-04-12 10:30:00,0.26326248
2015-04-13 10:30:00,0.2150875
2015-04-14 10:30:00,0.297825
2015-04-15 10:30:00,0.360425
2015-04-16 10:30:00,0.24454999
2015-04-17 10:30:00,0.1619
2015-04-18 10:30:00,0.19295
2015-04-19 10:30:00,0.16108748
2015-04-20 10:30:00,0.179475
2015-04-21 10:30:00,0.2178125
2015-04-22 10:30:00,0.2002375
2015-04-23 10:30:00,0.2748375
2015-04-24 10:30:00,0.17635
2015-04-25 10:30:00,0.2689875
2015-04-26 10:30:00,0.18149999
2015-04-27 10:30:00,0.26178747
2015-04-28 10:30:00,0.30392498
2015-04-29 10:30:00,0.17286249
2015-04-30 10:30:00,0.10545
2015-05-01 10:30:00,0.3676375
2015-05-02 10:30:00,0.37355
2015-05-03 10:30:00,0.22081248
2015-05-04 10:30:00,0.205875
2015-05-05 10:30:00,0.3157
2015-05-06 10:30:00,0.31405
2015-05-07 10:30:00,0.8318875
2015-05-08 10:30:00,0.6532125
2015-05-09 10:30:00,0.36708748
2015-05-10 10:30:00,0.4713375
2015-05-11 10:30:00,0.87035
2015-05-12 10:30:00,0.77745
2015-05-13 10:30:00,0.6308875
2015-05-14 10:30:00,0.2442375
2015-05-15 10:30:00,0.2513625
2015-05-16 10:30:00,0.34346247
2015-05-17 10:30:00,0.5816875
2015-05-18 10:30:00,0.68362504
2015-05-19 10:30:00,0.6321
2015-05-20 10:30:00,0.305375
2015-05-21 10:30:00,0.2685
2015-05-22 10:30:00,0.21557501
2015-05-23 10:30:00,0.35215
2015-05-24 10:30:00,0.3037625
2015-05-25 10:30:00,0.576425
2015-05-26 10:30:00,0.532425
2015-05-27 10:30:00,0.4384375
2015-05-28 10:30:00,0.7276625
2015-05-29 10:30:00,0.46575
2015-05-30 10:30:00,0.37716252
2015-05-31 10:30:00,0.50546247
2015-06-01 10:30:00,0.39409998
2015-06-02 10:30:00,0.42611247
2015-06-03 10:30:00,0.30293748
2015-06-04 10:30:00,0.55378747
2015-06-05 10:30:00,0.8698124
2015-06-06 10:30:00,0.784325
2015-06-07 10:30:00,0.5869375
2015-06-08 10:30:00,0.624425
2015-06-09 10:30:00,0.5941
2015-06-10 10:30:00,0.73285
2015-06-11 10:30:00,0.87848747
2015-06-12 10:30:00,0.88302493
2015-06-13 10:30:00,0.73809993
2015-06-14 10:30:00,0.58191246
2015-06-15 10:30:00,0.4476375
2015-06-16 10:30:00,0.5047
2015-06-17 10:30:00,0.8046
2015-06-18 10:30:00,0.81593746
2015-06-19 10:30:00,0.62513745
2015-06-20 10:30:00,0.557175
2015-06-21 10:30:00,0.4838
2015-06-22 10:30:00,0.571325
2015-06-23 10:30:00,0.64605004
2015-06-24 10:30:00,0.7229
2015-06-25 10:30:00,0.70476246
2015-06-26 10:30:00,0.559225
2015-06-27 10:30:00,0.616175
2015-06-28 10:30:00,0.6498375
2015-06-29 10:30:00,0.5128625
2015-06-30 10:30:00,0.709525
2015-07-01 10:30:00,0.71991247
2015-07-02 10:30:00,0.8100875
2015-07-03 10:30:00,0.64315003
2015-07-04 10:30:00,0.6013375
2015-07-05 10:30:00,0.55277497
2015-07-06 10:30:00,0.5428375
2015-07-07 10:30:00,0.5308625
2015-07-08 10:30:00,0.53305
2015-07-09 10:30:00,0.506875
2015-07-10 10:30:00,0.541825
2015-07-11 10:30:00,0.663525
2015-07-12 10:30:00,0.5669375
2015-07-13 10:30:00,0.515325
2015-07-14 10:30:00,0.6036375
2015-07-15 10:30:00,0.7055375
2015-07-16 10:30:00,0.60771245
2015-07-17 10:30:00,0.6332
2015-07-18 10:30:00,0.5628625
2015-07-19 10:30:00,0.5262375
2015-07-20 10:30:00,0.79856247
2015-07-21 10:30:00,0.79378754
2015-07-22 10:30:00,0.832725
2015-07-23 10:30:00,0.7982375
2015-07-24 10:30:00,0.71809995
2015-07-25 10:30:00,0.804325
2015-07-26 10:30:00,0.61807495
2015-07-27 10:30:00,0.506325
2015-07-28 10:30:00,0.584975
2015-07-29 10:30:00,0.7308125
2015-07-30 10:30:00,0.62425
2015-07-31 10:30:00,0.65902495
2015-08-01 10:30:00,0.60588753
2015-08-02 10:30:00,0.6032875
2015-08-03 10:30:00,0.52635
2015-08-04 10:30:00,0.554725
2015-08-05 10:30:00,0.65185
2015-08-06 10:30:00,0.80162495
2015-08-07 10:30:00,0.710225
2015-08-08 10:30:00,0.7421875
2015-08-09 10:30:00,0.84945
2015-08-10 10:30:00,0.6998375
2015-08-11 10:30:00,0.72262496
2015-08-12 10:30:00,0.70846254
2015-08-13 10:30:00,0.63333744
2015-08-14 10:30:00,0.78755
2015-08-15 10:30:00,0.81324995
2015-08-16 10:30:00,0.8414125
2015-08-17 10:30:00,0.746875
2015-08-18 10:30:00,0.82887495
2015-08-19 10:30:00,0.74913746
2015-08-20 10:30:00,0.8328875
2015-08-21 10:30:00,0.7851625
2015-08-22 10:30:00,0.77349997
2015-08-23 10:30:00,0.8010375
2015-08-24 10:30:00,0.83415
2015-08-25 10:30:00,0.8273625
2015-08-26 10:30:00,0.700925
2015-08-27 10:30:00,0.62915
2015-08-28 10:30:00,0.82138747
2015-08-29 10:30:00,0.836575
2015-08-30 10:30:00,0.87153745
2015-08-31 10:30:00,0.89998746
2015-09-01 10:30:00,0.76037496
2015-09-02 10:30:00,0.74443746
2015-09-03 10:30:00,0.6189375
2015-09-04 10:30:00,0.658625
2015-09-05 10:30:00,0.64376247
2015-09-06 10:30:00,0.5841625
2015-09-07 10:30:00,0.873775
2015-09-08 10:30:00,0.7635
2015-09-09 10:30:00,0.5897125
2015-09-10 10:30:00,0.5210625
2015-09-11 10:30:00,0.53185
2015-09-12 10:30:00,0.61312497
2015-09-13 10:30:00,0.62689996
2015-09-14 10:30:00,0.5470125
2015-09-15 10:30:00,0.59697497
2015-09-16 10:30:00,0.60625
2015-09-17 10:30:00,0.7282625
2015-09-18 10:30:00,0.80982494
2015-09-19 10:30:00,0.603625
2015-09-20 10:30:00,0.606125
2015-09-21 10:30:00,0.5552375
2015-09-22 10:30:00,0.913525
2015-09-23 10:30:00,0.7063125
2015-09-24 10:30:00,0.7291874
2015-09-25 10:30:00,0.6677375
2015-09-26 10:30:00,0.6421499
2015-09-27 10:30:00,0.5819
2015-09-28 10:30:00,0.53625
2015-09-29 10:30:00,0.50927496
2015-09-30 10:30:00,0.69076246
2015-10-01 10:30:00,0.45619997
2015-10-02 10:30:00,0.34175
2015-10-03 10:30:00,0.386375
2015-10-04 10:30:00,0.4114125
2015-10-05 10:30:00,0.588875
2015-10-06 10:30:00,0.49581248
2015-10-07 10:30:00,0.392425
2015-10-08 10:30:00,0.40767497
2015-10-09 10:30:00,0.4551125
2015-10-10 10:30:00,0.85498744
2015-10-11 10:30:00,0.5789875
2015-10-12 10:30:00,0.555875
2015-10-13 10:30:00,0.5588375
2015-10-14 10:30:00,0.6207875
2015-10-15 10:30:00,0.5193375
2015-10-16 10:30:00,0.34420002
2015-10-17 10:30:00,0.3304375
2015-10-18 10:30:00,0.2873125
2015-10-19 10:30:00,0.292025
2015-10-20 10:30:00,0.359075
2015-10-21 10:30:00,0.36741248
2015-10-22 10:30:00,0.35439998
2015-10-23 10:30:00,0.20455
2015-10-24 10:30:00,0.27333748
2015-10-25 10:30:00,0.3631375
2015-10-26 10:30:00,0.449525
2015-10-27 10:30:00,0.3401375
2015-10-28 10:30:00,0.33691248
2015-10-29 10:30:00,0.342125
2015-10-30 10:30:00,0.34576246
2015-10-31 10:30:00,0.36073747
2015-11-01 10:30:00,0.2736
2015-11-02 10:30:00,0.4156625
2015-11-03 10:30:00,0.2842375
2015-11-04 10:30:00,0.29376248
2015-11-05 10:30:00,0.2478375
2015-11-06 10:30:00,0.42178747
2015-11-07 10:30:00,0.420825
2015-11-08 10:30:00,0.3929625
2015-11-09 10:30:00,0.5457875
2015-11-10 10:30:00,0.5424875
2015-11-11 10:30:00,0.5824375
2015-11-12 10:30:00,0.729075
2015-11-13 10:30:00,0.817525
2015-11-14 10:30:00,0.64224994
2015-11-15 10:30:00,0.22776249
2015-11-16 10:30:00,0.6231125
2015-11-17 10:30:00,0.561525
2015-11-18 10:30:00,0.66513747
2015-11-19 10:30:00,0.6912625
2015-11-20 10:30:00,0.668925
2015-11-21 10:30:00,0.57888746
2015-11-22 10:30:00,0.583125
2015-11-23 10:30:00,0.56698745
2015-11-24 10:30:00,0.5712
2015-11-25 10:30:00,0.5832
2015-11-26 10:30:00,0.5844125
2015-11-27 10:30:00,0.72838753
2015-11-28 10:30:00,0.5879875
2015-11-29 10:30:00,0.69543743
2015-11-30 10:30:00,0.7212
2015-12-01 10:30:00,0.8127875
2015-12-02 10:30:00,0.78117496
2015-12-03 10:30:00,0.54162496
2015-12-04 10:30:00,0.48398748
2015-12-05 10:30:00,0.5304625
2015-12-06 10:30:00,0.66631246
2015-12-07 10:30:00,0.6528375
2015-12-08 10:30:00,0.6506125
2015-12-09 10:30:00,0.7001625
2015-12-10 10:30:00,0.67835
2015-12-11 10:30:00,0.64335
2015-12-12 10:30:00,0.630175
2015-12-13 10:30:00,0.6605
2015-12-14 10:30:00,0.76659995
2015-12-15 10:30:00,0.55076253
2015-12-16 10:30:00,0.4890375
2015-12-17 10:30:00,0.5559875
2015-12-18 10:30:00,0.60125
2015-12-19 10:30:00,0.63888747
2015-12-20 10:30:00,0.72631246
2015-12-21 10:30:00,0.70919997
2015-12-22 10:30:00,0.65841246
2015-12-23 10:30:00,0.5222875
2015-12-24 10:30:00,0.530775
2015-12-25 10:30:00,0.596025
2015-12-26 10:30:00,0.38433748
2015-12-27 10:30:00,0.39877498
2015-12-28 10:30:00,0.5156125
2015-12-29 10:30:00,0.7123875
2015-12-30 10:30:00,0.6334625
2015-12-31 10:30:00,0.6834
2016-01-01 10:30:00,0.63612497
2016-01-02 10:30:00,0.70266247
2016-01-03 10:30:00,0.539175
2016-01-04 10:30:00,0.41677502
2016-01-05 10:30:00,0.5205125
2016-01-06 10:30:00,0.4412
2016-01-07 10:30:00,0.455925
2016-01-08 10:30:00,0.46054998
2016-01-09 10:30:00,0.43013752
2016-01-10 10:30:00,0.3545
2016-01-11 10:30:00,0.38015
2016-01-12 10:30:00,0.42308748
2016-01-13 10:30:00,0.45833746
2016-01-14 10:30:00,0.57656246
2016-01-15 10:30:00,0.6838375
2016-01-16 10:30:00,0.618
2016-01-17 10:30:00,0.4255625
2016-01-18 10:30:00,0.49331248
2016-01-19 10:30:00,0.51945
2016-01-20 10:30:00,0.5669625
2016-01-21 10:30:00,0.47732496
2016-01-22 10:30:00,0.38167498
2016-01-23 10:30:00,0.4230625
2016-01-24 10:30:00,0.340475
2016-01-25 10:30:00,0.3555625
2016-01-26 10:30:00,0.3899625
2016-01-27 10:30:00,0.442125
2016-01-28 10:30:00,0.37485
2016-01-29 10:30:00,0.3778
2016-01-30 10:30:00,0.424975
2016-01-31 10:30:00,0.4246875
2016-02-01 10:30:00,0.3951625
2016-02-02 10:30:00,0.3874375
2016-02-03 10:30:00,0.37169996
2016-02-04 10:30:00,0.39807498
2016-02-05 10:30:00,0.4464875
2016-02-06 10:30:00,0.48563752
2016-02-07 10:30:00,0.60585
2016-02-08 10:30:00,0.5987625
2016-02-09 10:30:00,0.585625
2016-02-10 10:30:00,0.6156
2016-02-11 10:30:00,0.64456254
2016-02-12 10:30:00,0.3447375
2016-02-13 10:30:00,0.3105
2016-02-14 10:30:00,0.3242125
2016-02-15 10:30:00,0.4127
2016-02-16 10:30:00,0.368625
2016-02-17 10:30:00,0.4504875
2016-02-18 10:30:00,0.43252498
2016-02-19 10:30:00,0.3792125
2016-02-20 10:30:00,0.34232497
2016-02-21 10:30:00,0.31713748
2016-02-22 10:30:00,0.3359375
2016-02-23 10:30:00,0.3402375
2016-02-24 10:30:00,0.37274995
2016-02-25 10:30:00,0.3763
2016-02-26 10:30:00,0.3738
2016-02-27 10:30:00,0.29093748
2016-02-28 10:30:00,0.4389875
2016-02-29 10:30:00,0.3699375
2016-03-01 10:30:00,0.40345
2016-03-02 10:30:00,0.64616245
2016-03-03 10:30:00,0.57549995
2016-03-04 10:30:00,0.68432504
2016-03-05 10:30:00,0.5145
2016-03-06 10:30:00,0.38057497
2016-03-07 10:30:00,0.32369998
2016-03-08 10:30:00,0.34261248
2016-03-09 10:30:00,0.33330002
2016-03-10 10:30:00,0.365325
2016-03-11 10:30:00,0.3943375
2016-03-12 10:30:00,0.29503748
2016-03-13 10:30:00,0.32869998
2016-03-14 10:30:00,0.4243125
2016-03-15 10:30:00,0.3136625
2016-03-16 10:30:00,0.275675
2016-03-17 10:30:00,0.35018748
2016-03-18 10:30:00,0.54675
2016-03-19 10:30:00,0.36296248
2016-03-20 10:30:00,0.29508752
2016-03-21 10:30:00,0.67152494
2016-03-22 10:30:00,0.29784998
2016-03-23 10:30:00,0.27467498
2016-03-24 10:30:00,0.2770125
2016-03-25 10:30:00,0.2479375
2016-03-26 10:30:00,0.247875
2016-03-27 10:30:00,0.1876625
2016-03-28 10:30:00,0.22055
2016-03-29 10:30:00,0.37397498
2016-03-30 10:30:00,0.2933
2016-03-31 10:30:00,0.2373125
2016-04-01 10:30:00,0.38537496
2016-04-02 10:30:00,0.2827125
2016-04-03 10:30:00,0.293175
2016-04-04 10:30:00,0.343775
2016-04-05 10:30:00,0.2733
2016-04-06 10:30:00,0.26619998
2016-04-07 10:30:00,0.176825
2016-04-08 10:30:00,0.1500625
2016-04-09 10:30:00,0.1828125
2016-04-10 10:30:00,0.22587499
2016-04-11 10:30:00,0.2626
2016-04-12 10:30:00,0.2805625
2016-04-13 10:30:00,0.6320625
2016-04-14 10:30:00,0.45768747
2016-04-15 10:30:00,0.6723625
2016-04-16 10:30:00,0.76137495
2016-04-17 10:30:00,0.3341875
2016-04-18 10:30:00,0.3730875
2016-04-19 10:30:00,0.21637501
2016-04-20 10:30:00,0.2189125
2016-04-21 10:30:00,0.22719999
2016-04-22 10:30:00,0.36298746
2016-04-23 10:30:00,0.25088748
2016-04-24 10:30:00,0.46937498
2016-04-25 10:30:00,0.32458752
2016-04-26 10:30:00,0.294575
2016-04-27 10:30:00,0.4125875
2016-04-28 10:30:00,0.2710875
2016-04-29 10:30:00,0.33631247
2016-04-30 10:30:00,0.434975
2016-05-01 10:30:00,0.49905
2016-05-02 10:30:00,0.42901248
2016-05-03 10:30:00,0.2652125
2016-05-04 10:30:00,0.17173749
2016-05-05 10:30:00,0.6498375
2016-05-06 10:30:00,0.615075
2016-05-07 10:30:00,0.23305
2016-05-08 10:30:00,0.316775
2016-05-09 10:30:00,0.33186248
2016-05-10 10:30:00,0.19825001
2016-05-11 10:30:00,0.5719
2016-05-12 10:30:00,0.495425
2016-05-13 10:30:00,0.2789875
2016-05-14 10:30:00,0.4292875
2016-05-15 10:30:00,0.33741248
2016-05-16 10:30:00,0.3386375
2016-05-17 10:30:00,0.1553625
2016-05-18 10:30:00,0.2583375
2016-05-19 10:30:00,0.25235
2016-05-20 10:30:00,0.28042498
2016-05-21 10:30:00,0.278575
2016-05-22 10:30:00,0.2125375
2016-05-23 10:30:00,0.59091246
2016-05-24 10:30:00,0.795625
2016-05-25 10:30:00,0.4504875
2016-05-26 10:30:00,0.3136625
2016-05-27 10:30:00,0.35733747
2016-05-28 10:30:00,0.2838875
2016-05-29 10:30:00,0.254325
2016-05-30 10:30:00,0.3850625
2016-05-31 10:30:00,0.3538875
2016-06-01 10:30:00,0.30037498
2016-06-02 10:30:00,0.3531375
2016-06-03 10:30:00,0.3419875
2016-06-04 10:30:00,0.3536875
2016-06-05 10:30:00,0.317125
2016-06-06 10:30:00,0.6776
2016-06-07 10:30:00,0.500725
2016-06-08 10:30:00,0.3841625
2016-06-09 10:30:00,0.5948875
2016-06-10 10:30:00,0.75622493
2016-06-11 10:30:00,0.6173625
2016-06-12 10:30:00,0.6543625
2016-06-13 10:30:00,0.5607375
2016-06-14 10:30:00,0.48198748
2016-06-15 10:30:00,0.6884125
2016-06-16 10:30:00,0.66008747
2016-06-17 10:30:00,0.80062497
2016-06-18 10:30:00,0.726475
2016-06-19 10:30:00,0.6306875
2016-06-20 10:30:00,0.67515
2016-06-21 10:30:00,0.6747
2016-06-22 10:30:00,0.78148746
2016-06-23 10:30:00,0.64247495
2016-06-24 10:30:00,0.5663375
2016-06-25 10:30:00,0.48939997
2016-06-26 10:30:00,0.44837496
2016-06-27 10:30:00,0.5692125
2016-06-28 10:30:00,0.6360375
2016-06-29 10:30:00,0.81474996
2016-06-30 10:30:00,0.7325875
2016-07-01 10:30:00,0.5365375
2016-07-02 10:30:00,0.48358747
2016-07-03 10:30:00,0.5197
2016-07-04 10:30:00,0.42349997
2016-07-05 10:30:00,0.4490375
2016-07-06 10:30:00,0.42804998
2016-07-07 10:30:00,0.42404997
2016-07-08 10:30:00,0.63909996
2016-07-09 10:30:00,0.669175
2016-07-10 10:30:00,0.4406375
2016-07-11 10:30:00,0.552675
2016-07-12 10:30:00,0.717425
2016-07-13 10:30:00,0.51399994
2016-07-14 10:30:00,0.47637498
2016-07-15 10:30:00,0.4467625
2016-07-16 10:30:00,0.5381
2016-07-17 10:30:00,0.56874996
2016-07-18 10:30:00,0.4090375
2016-07-19 10:30:00,0.5678
2016-07-20 10:30:00,0.631975
2016-07-21 10:30:00,0.61127496
2016-07-22 10:30:00,0.8630625
2016-07-23 10:30:00,0.8052875
2016-07-24 10:30:00,0.50296247
2016-07-25 10:30:00,0.6636625
2016-07-26 10:30:00,0.578925
2016-07-27 10:30:00,0.47709998
2016-07-28 10:30:00,0.590925
2016-07-29 10:30:00,0.515875
2016-07-30 10:30:00,0.5749125
2016-07-31 10:30:00,0.7471375
2016-08-01 10:30:00,0.60099995
2016-08-02 10:30:00,0.48323748
2016-08-03 10:30:00,0.56553745
2016-08-04 10:30:00,0.5484375
2016-08-05 10:30:00,0.5885375
2016-08-06 10:30:00,0.85643744
2016-08-07 10:30:00,0.46066248
2016-08-08 10:30:00,0.48845
2016-08-09 10:30:00,0.5730375
2016-08-10 10:30:00,0.61201245
2016-08-11 10:30:00,0.40715
2016-08-12 10:30:00,0.31375
2016-08-13 10:30:00,0.39769998
2016-08-14 10:30:00,0.44259998
2016-08-15 10:30:00,0.47954997
2016-08-16 10:30:00,0.57471246
2016-08-17 10:30:00,0.48803747
2016-08-18 10:30:00,0.6035875
2016-08-19 10:30:00,0.5473
2016-08-20 10:30:00,0.73875
2016-08-21 10:30:00,0.5893125
2016-08-22 10:30:00,0.58355
2016-08-23 10:30:00,0.6979
2016-08-24 10:30:00,0.48739997
2016-08-25 10:30:00,0.33720002
2016-08-26 10:30:00,0.39732498
2016-08-27 10:30:00,0.36919996
2016-08-28 10:30:00,0.386925
2016-08-29 10:30:00,0.35973752
2016-08-30 10:30:00,0.5124625
2016-08-31 10:30:00,0.886275
2016-09-01 10:30:00,0.8985125
2016-09-02 10:30:00,0.8055875
2016-09-03 10:30:00,0.82363755
2016-09-04 10:30:00,0.89084995
2016-09-05 10:30:00,0.8293
2016-09-06 10:30:00,0.7740875
2016-09-07 10:30:00,0.6062625
2016-09-08 10:30:00,0.77396244
2016-09-09 10:30:00,0.85028744
2016-09-10 10:30:00,0.77845
2016-09-11 10:30:00,0.6976625
2016-09-12 10:30:00,0.7503
2016-09-13 10:30:00,0.75198746
2016-09-14 10:30:00,0.8650375
2016-09-15 10:30:00,0.5254125
2016-09-16 10:30:00,0.66183746
2016-09-17 10:30:00,0.590225
2016-09-18 10:30:00,0.55092496
2016-09-19 10:30:00,0.492975
2016-09-20 10:30:00,0.5085
2016-09-21 10:30:00,0.478
2016-09-22 10:30:00,0.5772125
2016-09-23 10:30:00,0.643725
2016-09-24 10:30:00,0.6911249
2016-09-25 10:30:00,0.531125
2016-09-26 10:30:00,0.726575
2016-09-27 10:30:00,0.693075
2016-09-28 10:30:00,0.5506875
2016-09-29 10:30:00,0.5918
2016-09-30 10:30:00,0.60122496
2016-10-01 10:30:00,0.47096246
2016-10-02 10:30:00,0.533675
2016-10-03 10:30:00,0.5636
2016-10-04 10:30:00,0.6711125
2016-10-05 10:30:00,0.4869125
2016-10-06 10:30:00,0.4409375
2016-10-07 10:30:00,0.79591244
2016-10-08 10:30:00,0.536775
2016-10-09 10:30:00,0.5226
2016-10-10 10:30:00,0.4478625
2016-10-11 10:30:00,0.40925
2016-10-12 10:30:00,0.5117625
2016-10-13 10:30:00,0.536575
2016-10-14 10:30:00,0.6690875
2016-10-15 10:30:00,0.54875
2016-10-16 10:30:00,0.527725
2016-10-17 10:30:00,0.4130875
2016-10-18 10:30:00,0.495975
2016-10-19 10:30:00,0.68974996
2016-10-20 10:30:00,0.38327497
2016-10-21 10:30:00,0.6992125
2016-10-22 10:30:00,0.52095
2016-10-23 10:30:00,0.49771246
2016-10-24 10:30:00,0.4732125
2016-10-25 10:30:00,0.5219875
2016-10-26 10:30:00,0.437275
2016-10-27 10:30:00,0.43327498
2016-10-28 10:30:00,0.3434875
2016-10-29 10:30:00,0.40565
2016-10-30 10:30:00,0.3264125
2016-10-31 10:30:00,0.323975
2016-11-01 10:30:00,0.32779998
2016-11-02 10:30:00,0.3323125
2016-11-03 10:30:00,0.4438375
2016-11-04 10:30:00,0.71479994
2016-11-05 10:30:00,0.663775
2016-11-06 10:30:00,0.6373375
2016-11-07 10:30:00,0.668625
2016-11-08 10:30:00,0.520175
2016-11-09 10:30:00,0.5861375
2016-11-10 10:30:00,0.76669997
2016-11-11 10:30:00,0.5357875
2016-11-12 10:30:00,0.631225
2016-11-13 10:30:00,0.7291625
2016-11-14 10:30:00,0.486125
2016-11-15 10:30:00,0.601725
2016-11-16 10:30:00,0.65427494
2016-11-17 10:30:00,0.7105375
2016-11-18 10:30:00,0.67591244
2016-11-19 10:30:00,0.585325
2016-11-20 10:30:00,0.392575
2016-11-21 10:30:00,0.4225875
2016-11-22 10:30:00,0.4672375
2016-11-23 10:30:00,0.4561125
2016-11-24 10:30:00,0.5518
2016-11-25 10:30:00,0.62123746
2016-11-26 10:30:00,0.65035003
2016-11-27 10:30:00,0.5273875
2016-11-28 10:30:00,0.5007875
2016-11-29 10:30:00,0.567375
2016-11-30 10:30:00,0.50345
2016-12-01 10:30:00,0.48142496
2016-12-02 10:30:00,0.62663746
2016-12-03 10:30:00,0.44709998
2016-12-04 10:30:00,0.3463625
2016-12-05 10:30:00,0.4777125
2016-12-06 10:30:00,0.6203875
2016-12-07 10:30:00,0.5807125
2016-12-08 10:30:00,0.60779995
2016-12-09 10:30:00,0.4693375
2016-12-10 10:30:00,0.5638125
2016-12-11 10:30:00,0.6594
2016-12-12 10:30:00,0.5007875
2016-12-13 10:30:00,0.4352375
2016-12-14 10:30:00,0.42886248
2016-12-15 10:30:00,0.42970002
2016-12-16 10:30:00,0.5877625
2016-12-17 10:30:00,0.4959875
2016-12-18 10:30:00,0.6305625
2016-12-19 10:30:00,0.65287495
2016-12-20 10:30:00,0.65871245
2016-12-21 10:30:00,0.59075
2016-12-22 10:30:00,0.37671247
2016-12-23 10:30:00,0.50142497
2016-12-24 10:30:00,0.6229375
2016-12-25 10:30:00,0.44881248
2016-12-26 10:30:00,0.3478875
2016-12-27 10:30:00,0.4564625
2016-12-28 10:30:00,0.41092497
2016-12-29 10:30:00,0.4101125
2016-12-30 10:30:00,0.48783746
2016-12-31 10:30:00,0.542425
2017-01-01 10:30:00,0.5903125
2017-01-02 10:30:00,0.550125
2017-01-03 10:30:00,0.5063625
2017-01-04 10:30:00,0.60025
2017-01-05 10:30:00,0.56822497
2017-01-06 10:30:00,0.5973
2017-01-07 10:30:00,0.6146
2017-01-08 10:30:00,0.43511248
2017-01-09 10:30:00,0.315375
2017-01-10 10:30:00,0.36296248
2017-01-11 10:30:00,0.39188752
2017-01-12 10:30:00,0.3322875
2017-01-13 10:30:00,0.424925
2017-01-14 10:30:00,0.4280625
2017-01-15 10:30:00,0.459175
2017-01-16 10:30:00,0.57138747
2017-01-17 10:30:00,0.619325
2017-01-18 10:30:00,0.48846248
2017-01-19 10:30:00,0.44872496
2017-01-20 10:30:00,0.46936247
2017-01-21 10:30:00,0.6128875
2017-01-22 10:30:00,0.41111252
2017-01-23 10:30:00,0.39124998
2017-01-24 10:30:00,0.432825
2017-01-25 10:30:00,0.4182875
2017-01-26 10:30:00,0.3562625
2017-01-27 10:30:00,0.37978747
2017-01-28 10:30:00,0.43847498
2017-01-29 10:30:00,0.36104998
2017-01-30 10:30:00,0.36026248
2017-01-31 10:30:00,0.3040875
2017-02-01 10:30:00,0.2959125
2017-02-02 10:30:00,0.3729875
2017-02-03 10:30:00,0.4104625
2017-02-04 10:30:00,0.521925
2017-02-05 10:30:00,0.4456125
2017-02-06 10:30:00,0.34033749
2017-02-07 10:30:00,0.42595
2017-02-08 10:30:00,0.36671248
2017-02-09 10:30:00,0.3763
2017-02-10 10:30:00,0.3854375
2017-02-11 10:30:00,0.3502125
2017-02-12 10:30:00,0.40217498
2017-02-13 10:30:00,0.38736248
2017-02-14 10:30:00,0.4002125
2017-02-15 10:30:00,0.4822375
2017-02-16 10:30:00,0.2782875
2017-02-17 10:30:00,0.2261125
2017-02-18 10:30:00,0.2501
2017-02-19 10:30:00,0.631275
2017-02-20 10:30:00,0.40293747
2017-02-21 10:30:00,0.554425
2017-02-22 10:30:00,0.3658625
2017-02-23 10:30:00,0.392175
2017-02-24 10:30:00,0.4918375
2017-02-25 10:30:00,0.4237625
2017-02-26 10:30:00,0.50283754
2017-02-27 10:30:00,0.41187498
2017-02-28 10:30:00,0.3308
2017-03-01 10:30:00,0.2813
2017-03-02 10:30:00,0.395325
2017-03-03 10:30:00,0.40851247
2017-03-04 10:30:00,0.37
2017-03-05 10:30:00,0.277475
2017-03-06 10:30:00,0.32819998
2017-03-07 10:30:00,0.3144375
2017-03-08 10:30:00,0.2898
2017-03-09 10:30:00,0.3174375
2017-03-10 10:30:00,0.2777
2017-03-11 10:30:00,0.3284
2017-03-12 10:30:00,0.2482125
2017-03-13 10:30:00,0.293275
2017-03-14 10:30:00,0.32779998
2017-03-15 10:30:00,0.305725
2017-03-16 10:30:00,0.27423748
2017-03-17 10:30:00,0.37246248
2017-03-18 10:30:00,0.23378749
2017-03-19 10:30:00,0.23583749
2017-03-20 10:30:00,0.327425
2017-03-21 10:30:00,0.2753375
2017-03-22 10:30:00,0.26427498
2017-03-23 10:30:00,0.29195
2017-03-24 10:30:00,0.266125
2017-03-25 10:30:00,0.2812625
2017-03-26 10:30:00,0.3372875
2017-03-27 10:30:00,0.32575
2017-03-28 10:30:00,0.298125
2017-03-29 10:30:00,0.53982496
2017-03-30 10:30:00,0.33897498
2017-03-31 10:30:00,0.2561375
2017-04-01 10:30:00,0.2250375
2017-04-02 10:30:00,0.19427499
2017-04-03 10:30:00,0.1529
2017-04-04 10:30:00,0.2279125
2017-04-05 10:30:00,0.3117625
2017-04-06 10:30:00,0.3147875
2017-04-07 10:30:00,0.37301248
2017-04-08 10:30:00,0.15924999
2017-04-09 10:30:00,0.14205
2017-04-10 10:30:00,0.13266249
2017-04-11 10:30:00,0.13835
2017-04-12 10:30:00,0.112275
2017-04-13 10:30:00,0.172875
2017-04-14 10:30:00,0.1518875
2017-04-15 10:30:00,0.104325
2017-04-16 10:30:00,0.2436125
2017-04-17 10:30:00,0.41558748
2017-04-18 10:30:00,0.44632497
2017-04-19 10:30:00,0.2846
2017-04-20 10:30:00,0.283925
2017-04-21 10:30:00,0.17216249
2017-04-22 10:30:00,0.21112499
2017-04-23 10:30:00,0.32951248
2017-04-24 10:30:00,0.5407875
2017-04-25 10:30:00,0.57467496
2017-04-26 10:30:00,0.3727375
2017-04-27 10:30:00,0.2645375
2017-04-28 10:30:00,0.20735
2017-04-29 10:30:00,0.206925
2017-04-30 10:30:00,0.2741125
2017-05-01 10:30:00,0.19579999
2017-05-02 10:30:00,0.1988875
2017-05-03 10:30:00,0.34739998
2017-05-04 10:30:00,0.23037499
2017-05-05 10:30:00,0.47066247
2017-05-06 10:30:00,0.192625
2017-05-07 10:30:00,0.33701247
2017-05-08 10:30:00,0.2457625
2017-05-09 10:30:00,0.188225
2017-05-10 10:30:00,0.38588747
2017-05-11 10:30:00,0.35514998
2017-05-12 10:30:00,0.3148625
2017-05-13 10:30:00,0.41462502
2017-05-14 10:30:00,0.3921125
2017-05-15 10:30:00,0.26253748
2017-05-16 10:30:00,0.3083875
2017-05-17 10:30:00,0.290475
2017-05-18 10:30:00,0.1460375
2017-05-19 10:30:00,0.16517499
2017-05-20 10:30:00,0.4666
2017-05-21 10:30:00,0.7053
2017-05-22 10:30:00,0.5621625
2017-05-23 10:30:00,0.3682375
2017-05-24 10:30:00,0.36541247
2017-05-25 10:30:00,0.269075
2017-05-26 10:30:00,0.249225
2017-05-27 10:30:00,0.2604875
2017-05-28 10:30:00,0.168925
2017-05-29 10:30:00,0.18545
2017-05-30 10:30:00,0.1832375
2017-05-31 10:30:00,0.3054
2017-06-01 10:30:00,0.41162497
2017-06-02 10:30:00,0.4468875
2017-06-03 10:30:00,0.46766248
2017-06-04 10:30:00,0.36781248
2017-06-05 10:30:00,0.23034999
2017-06-06 10:30:00,0.55015
2017-06-07 10:30:00,0.35077497
2017-06-08 10:30:00,0.403
2017-06-09 10:30:00,0.2792875
2017-06-10 10:30:00,0.41367498
2017-06-11 10:30:00,0.43693748
2017-06-12 10:30:00,0.3664875
2017-06-13 10:30:00,0.2269125
2017-06-14 10:30:00,0.265075
2017-06-15 10:30:00,0.36845002
2017-06-16 10:30:00,0.46304998
2017-06-17 10:30:00,0.5390375
2017-06-18 10:30:00,0.6094875
2017-06-19 10:30:00,0.5167125
2017-06-20 10:30:00,0.6150875
2017-06-21 10:30:00,0.65995
2017-06-22 10:30:00,0.4168875
2017-06-23 10:30:00,0.39075
2017-06-24 10:30:00,0.39023748
2017-06-25 10:30:00,0.47138748
2017-06-26 10:30:00,0.42693746
2017-06-27 10:30:00,0.4186
2017-06-28 10:30:00,0.4280875
2017-06-29 10:30:00,0.580475
2017-06-30 10:30:00,0.6487375
2017-07-01 10:30:00,0.590625
2017-07-02 10:30:00,0.7383999
2017-07-03 10:30:00,0.55474997
2017-07-04 10:30:00,0.4076875
2017-07-05 10:30:00,0.46101248
2017-07-06 10:30:00,0.5501
2017-07-07 10:30:00,0.660925
2017-07-08 10:30:00,0.79705
2017-07-09 10:30:00,0.6307125
2017-07-10 10:30:00,0.63436246
2017-07-11 10:30:00,0.407975
2017-07-12 10:30:00,0.3939625
2017-07-13 10:30:00,0.36771247
2017-07-14 10:30:00,0.330075
2017-07-15 10:30:00,0.4775
2017-07-16 10:30:00,0.35247502
2017-07-17 10:30:00,0.5035625
2017-07-18 10:30:00,0.397075
2017-07-19 10:30:00,0.42069998
2017-07-20 10:30:00,0.71849996
2017-07-21 10:30:00,0.503525
2017-07-22 10:30:00,0.40406248
2017-07-23 10:30:00,0.6082625
2017-07-24 10:30:00,0.3783625
2017-07-25 10:30:00,0.3561875
2017-07-26 10:30:00,0.82984996
2017-07-27 10:30:00,0.7157125
2017-07-28 10:30:00,0.5933875
2017-07-29 10:30:00,0.5840375
2017-07-30 10:30:00,0.70911247
2017-07-31 10:30:00,0.6560125
2017-08-01 10:30:00,0.79552495
2017-08-02 10:30:00,0.767525
2017-08-03 10:30:00,0.831725
2017-08-04 10:30:00,0.72508746
2017-08-05 10:30:00,0.69715005
2017-08-06 10:30:00,0.68893754
2017-08-07 10:30:00,0.765925
2017-08-08 10:30:00,0.7490249
2017-08-09 10:30:00,0.730425
2017-08-10 10:30:00,0.77807504
2017-08-11 10:30:00,0.77599996
2017-08-12 10:30:00,0.743075
2017-08-13 10:30:00,0.79760003
2017-08-14 10:30:00,0.79061246
2017-08-15 10:30:00,0.71718746
2017-08-16 10:30:00,0.71915
2017-08-17 10:30:00,0.74651253
2017-08-18 10:30:00,0.69067496
2017-08-19 10:30:00,0.70054996
2017-08-20 10:30:00,0.7044
2017-08-21 10:30:00,0.60482496
2017-08-22 10:30:00,0.50724995
2017-08-23 10:30:00,0.574225
2017-08-24 10:30:00,0.44167498
2017-08-25 10:30:00,0.450575
2017-08-26 10:30:00,0.5050125
2017-08-27 10:30:00,0.4606875
2017-08-28 10:30:00,0.3118125
2017-08-29 10:30:00,0.3248125
2017-08-30 10:30:00,0.43545002
2017-08-31 10:30:00,0.523775
2017-09-01 10:30:00,0.6193
2017-09-02 10:30:00,0.561925
2017-09-03 10:30:00,0.8430625
2017-09-04 10:30:00,0.7740875
2017-09-05 10:30:00,0.685375
2017-09-06 10:30:00,0.4834
2017-09-07 10:30:00,0.50435
2017-09-08 10:30:00,0.5326625
2017-09-09 10:30:00,0.58187497
2017-09-10 10:30:00,0.6157
2017-09-11 10:30:00,0.39401248
2017-09-12 10:30:00,0.5442375
2017-09-13 10:30:00,0.5586625
2017-09-14 10:30:00,0.60452497
2017-09-15 10:30:00,0.861175
2017-09-16 10:30:00,0.75801253
2017-09-17 10:30:00,0.7616625
2017-09-18 10:30:00,0.610875
2017-09-19 10:30:00,0.63584995
2017-09-20 10:30:00,0.669375
2017-09-21 10:30:00,0.55145
2017-09-22 10:30:00,0.4542625
2017-09-23 10:30:00,0.3972375
2017-09-24 10:30:00,0.49682498
2017-09-25 10:30:00,0.49787498
2017-09-26 10:30:00,0.3178125
2017-09-27 10:30:00,0.26994997
2017-09-28 10:30:00,0.30467498
2017-09-29 10:30:00,0.29523748
2017-09-30 10:30:00,0.2796625
2017-10-01 10:30:00,0.2762375
2017-10-02 10:30:00,0.23666249
2017-10-03 10:30:00,0.28681248
2017-10-04 10:30:00,0.297025
2017-10-05 10:30:00,0.3467125
2017-10-06 10:30:00,0.44963747
2017-10-07 10:30:00,0.5297625
2017-10-08 10:30:00,0.83349997
2017-10-09 10:30:00,0.67403746
2017-10-10 10:30:00,0.51392496
2017-10-11 10:30:00,0.5068
2017-10-12 10:30:00,0.4416125
2017-10-13 10:30:00,0.362025
2017-10-14 10:30:00,0.3662625
2017-10-15 10:30:00,0.56434995
2017-10-16 10:30:00,0.3004
2017-10-17 10:30:00,0.25182498
2017-10-18 10:30:00,0.2987625
2017-10-19 10:30:00,0.41494998
2017-10-20 10:30:00,0.4002
2017-10-21 10:30:00,0.365625
2017-10-22 10:30:00,0.38503748
2017-10-23 10:30:00,0.3283125
2017-10-24 10:30:00,0.3501625
2017-10-25 10:30:00,0.3061875
2017-10-26 10:30:00,0.440125
2017-10-27 10:30:00,0.58215
2017-10-28 10:30:00,0.3153375
2017-10-29 10:30:00,0.301025
2017-10-30 10:30:00,0.2548125
2017-10-31 10:30:00,0.22892499
2017-11-01 10:30:00,0.31327498
2017-11-02 10:30:00,0.369725
2017-11-03 10:30:00,0.30104998
2017-11-04 10:30:00,0.40845
2017-11-05 10:30:00,0.3242625
2017-11-06 10:30:00,0.4308875
2017-11-07 10:30:00,0.8435125
2017-11-08 10:30:00,0.703725
2017-11-09 10:30:00,0.6843625
2017-11-10 10:30:00,0.4666375
2017-11-11 10:30:00,0.40568748
2017-11-12 10:30:00,0.4646875
2017-11-13 10:30:00,0.40445
2017-11-14 10:30:00,0.4033875
2017-11-15 10:30:00,0.37649998
2017-11-16 10:30:00,0.419
2017-11-17 10:30:00,0.342075
2017-11-18 10:30:00,0.3992375
2017-11-19 10:30:00,0.4811
2017-11-20 10:30:00,0.4596375
2017-11-21 10:30:00,0.4350875
2017-11-22 10:30:00,0.38599998
2017-11-23 10:30:00,0.35738748
2017-11-24 10:30:00,0.43191248
2017-11-25 10:30:00,0.4271375
2017-11-26 10:30:00,0.33561248
2017-11-27 10:30:00,0.342775
2017-11-28 10:30:00,0.269325
2017-11-29 10:30:00,0.2738875
2017-11-30 10:30:00,0.3864125
2017-12-01 10:30:00,0.4728875
2017-12-02 10:30:00,0.6355125
2017-12-03 10:30:00,0.45685
2017-12-04 10:30:00,0.403325
2017-12-05 10:30:00,0.5733375
2017-12-06 10:30:00,0.5572
2017-12-07 10:30:00,0.4703375
2017-12-08 10:30:00,0.5903375
2017-12-09 10:30:00,0.6932875
2017-12-10 10:30:00,0.53015
2017-12-11 10:30:00,0.40305
2017-12-12 10:30:00,0.41998747
2017-12-13 10:30:00,0.459625
2017-12-14 10:30:00,0.43263748
2017-12-15 10:30:00,0.40566248
2017-12-16 10:30:00,0.4091
2017-12-17 10:30:00,0.49708748
2017-12-18 10:30:00,0.481675
2017-12-19 10:30:00,0.485125
2017-12-20 10:30:00,0.5818125
2017-12-21 10:30:00,0.47306252
2017-12-22 10:30:00,0.43014997
2017-12-23 10:30:00,0.42483747
2017-12-24 10:30:00,0.44326246
2017-12-25 10:30:00,0.4213
2017-12-26 10:30:00,0.2859625
2017-12-27 10:30:00,0.3793
2017-12-28 10:30:00,0.5104
2017-12-29 10:30:00,0.422
2017-12-30 10:30:00,0.5132875
2017-12-31 10:30:00,0.5646
2018-01-01 10:30:00,0.40752497
2018-01-02 10:30:00,0.41262498
2018-01-03 10:30:00,0.39877498
2018-01-04 10:30:00,0.33921248
2018-01-05 10:30:00,0.4015875
2018-01-06 10:30:00,0.37511247
2018-01-07 10:30:00,0.367325
2018-01-08 10:30:00,0.5593875
2018-01-09 10:30:00,0.55715
2018-01-10 10:30:00,0.39346248
2018-01-11 10:30:00,0.3466125
2018-01-12 10:30:00,0.603625
2018-01-13 10:30:00,0.609375
2018-01-14 10:30:00,0.5913375
2018-01-15 10:30:00,0.572225
2018-01-16 10:30:00,0.6936
2018-01-17 10:30:00,0.51555
2018-01-18 10:30:00,0.52674997
2018-01-19 10:30:00,0.34783748
2018-01-20 10:30:00,0.323625
2018-01-21 10:30:00,0.3183375
2018-01-22 10:30:00,0.31504998
2018-01-23 10:30:00,0.30054998
2018-01-24 10:30:00,0.357975
2018-01-25 10:30:00,0.3182625
2018-01-26 10:30:00,0.30539998
2018-01-27 10:30:00,0.2979
2018-01-28 10:30:00,0.36464998
2018-01-29 10:30:00,0.401425
2018-01-30 10:30:00,0.3828625
2018-01-31 10:30:00,0.431525
2018-02-01 10:30:00,0.402625
2018-02-02 10:30:00,0.53034997
2018-02-03 10:30:00,0.4497625
2018-02-04 10:30:00,0.42505
2018-02-05 10:30:00,0.3807125
2018-02-06 10:30:00,0.41834998
2018-02-07 10:30:00,0.3939125
2018-02-08 10:30:00,0.370825
2018-02-09 10:30:00,0.3113375
2018-02-10 10:30:00,0.287675
2018-02-11 10:30:00,0.2885125
2018-02-12 10:30:00,0.31518748
2018-02-13 10:30:00,0.32721248
2018-02-14 10:30:00,0.322025
2018-02-15 10:30:00,0.33564997
2018-02-16 10:30:00,0.26837498
2018-02-17 10:30:00,0.257075
2018-02-18 10:30:00,0.30197498
2018-02-19 10:30:00,0.3303875
2018-02-20 10:30:00,0.34905
2018-02-21 10:30:00,0.392925
2018-02-22 10:30:00,0.386525
2018-02-23 10:30:00,0.2892125
2018-02-24 10:30:00,0.264725
2018-02-25 10:30:00,0.4948875
2018-02-26 10:30:00,0.4719875
2018-02-27 10:30:00,0.36003748
2018-02-28 10:30:00,0.67021245
2018-03-01 10:30:00,0.37458748
2018-03-02 10:30:00,0.3726
2018-03-03 10:30:00,0.5596875
2018-03-04 10:30:00,0.33689997
2018-03-05 10:30:00,0.279425
2018-03-06 10:30:00,0.34041253
2018-03-07 10:30:00,0.469025
2018-03-08 10:30:00,0.32355
2018-03-09 10:30:00,0.5901
2018-03-10 10:30:00,0.593075
2018-03-11 10:30:00,0.45616248
2018-03-12 10:30:00,0.4703
2018-03-13 10:30:00,0.6078375
2018-03-14 10:30:00,0.67190003
2018-03-15 10:30:00,0.3067875
2018-03-16 10:30:00,0.288975
2018-03-17 10:30:00,0.29909998
2018-03-18 10:30:00,0.28532502
2018-03-19 10:30:00,0.241875
2018-03-20 10:30:00,0.2426625
2018-03-21 10:30:00,0.3265625
2018-03-22 10:30:00,0.23072499
2018-03-23 10:30:00,0.2222125
2018-03-24 10:30:00,0.27054998
2018-03-25 10:30:00,0.28132498
2018-03-26 10:30:00,0.2529875
2018-03-27 10:30:00,0.274825
2018-03-28 10:30:00,0.2286375
2018-03-29 10:30:00,0.1811875
2018-03-30 10:30:00,0.3456375
2018-03-31 10:30:00,0.55913746
2018-04-01 10:30:00,0.28005
2018-04-02 10:30:00,0.156125
2018-04-03 10:30:00,0.1309875
2018-04-04 10:30:00,0.1117875
2018-04-05 10:30:00,0.23264998
2018-04-06 10:30:00,0.14282499
2018-04-07 10:30:00,0.1308375
2018-04-08 10:30:00,0.18335001
2018-04-09 10:30:00,0.22664998
2018-04-10 10:30:00,0.5679875
2018-04-11 10:30:00,0.2278
2018-04-12 10:30:00,0.2951
2018-04-13 10:30:00,0.72741246
2018-04-14 10:30:00,0.67260003
2018-04-15 10:30:00,0.32715
2018-04-16 10:30:00,0.2737125
2018-04-17 10:30:00,0.2820375
2018-04-18 10:30:00,0.35458747
2018-04-19 10:30:00,0.2685125
2018-04-20 10:30:00,0.6879125
2018-04-21 10:30:00,0.5371125
2018-04-22 10:30:00,0.39021248
2018-04-23 10:30:00,0.363075
2018-04-24 10:30:00,0.27107498
2018-04-25 10:30:00,0.237675
2018-04-26 10:30:00,0.2627
2018-04-27 10:30:00,0.1869375
2018-04-28 10:30:00,0.31248748
2018-04-29 10:30:00,0.41888747
2018-04-30 10:30:00,0.33935001
2018-05-01 10:30:00,0.4458
2018-05-02 10:30:00,0.30827498
2018-05-03 10:30:00,0.21876249
2018-05-04 10:30:00,0.1796125
2018-05-05 10:30:00,0.13569999
2018-05-06 10:30:00,0.2557125
2018-05-07 10:30:00,0.36849996
2018-05-08 10:30:00,0.3506375
2018-05-09 10:30:00,0.220775
2018-05-10 10:30:00,0.29233748
2018-05-11 10:30:00,0.35673752
2018-05-12 10:30:00,0.4011
2018-05-13 10:30:00,0.46802497
2018-05-14 10:30:00,0.2344375
2018-05-15 10:30:00,0.5785625
2018-05-16 10:30:00,0.567825
2018-05-17 10:30:00,0.39249998
2018-05-18 10:30:00,0.30675
2018-05-19 10:30:00,0.208675
2018-05-20 10:30:00,0.40349996
2018-05-21 10:30:00,0.4223625
2018-05-22 10:30:00,0.643225
2018-05-23 10:30:00,0.43537498
2018-05-24 10:30:00,0.49586248
2018-05-25 10:30:00,0.358425
2018-05-26 10:30:00,0.47335
2018-05-27 10:30:00,0.76106244
2018-05-28 10:30:00,0.73669994
2018-05-29 10:30:00,0.7873375
2018-05-30 10:30:00,0.47713748
2018-05-31 10:30:00,0.38791248
2018-06-01 10:30:00,0.1712125
2018-06-02 10:30:00,0.1405125
2018-06-03 10:30:00,0.2748
2018-06-04 10:30:00,0.48075
2018-06-05 10:30:00,0.41263747
2018-06-06 10:30:00,0.46451247
2018-06-07 10:30:00,0.421375
2018-06-08 10:30:00,0.4658875
2018-06-09 10:30:00,0.641725
2018-06-10 10:30:00,0.6364625
2018-06-11 10:30:00,0.734275
2018-06-12 10:30:00,0.8053
2018-06-13 10:30:00,0.6825
2018-06-14 10:30:00,0.73051244
2018-06-15 10:30:00,0.72241247
2018-06-16 10:30:00,0.52577496
2018-06-17 10:30:00,0.44733748
2018-06-18 10:30:00,0.7588625
2018-06-19 10:30:00,0.54045
2018-06-20 10:30:00,0.5920625
2018-06-21 10:30:00,0.4573625
2018-06-22 10:30:00,0.4811625
2018-06-23 10:30:00,0.4879
2018-06-24 10:30:00,0.6572875
2018-06-25 10:30:00,0.86082494
2018-06-26 10:30:00,0.86721253
2018-06-27 10:30:00,0.7873375
2018-06-28 10:30:00,0.6129
2018-06-29 10:30:00,0.597425
2018-06-30 10:30:00,0.5473875
2018-07-01 10:30:00,0.54451245
2018-07-02 10:30:00,0.6122625
2018-07-03 10:30:00,0.64678746
2018-07-04 10:30:00,0.90411246
2018-07-05 10:30:00,0.8197875
2018-07-06 10:30:00,0.72293746
2018-07-07 10:30:00,0.90927494
2018-07-08 10:30:00,0.77186245
2018-07-09 10:30:00,0.70427495
2018-07-10 10:30:00,0.7546125
2018-07-11 10:30:00,0.80053747
2018-07-12 10:30:00,0.6030625
2018-07-13 10:30:00,0.551
2018-07-14 10:30:00,0.5551125
2018-07-15 10:30:00,0.5469625
2018-07-16 10:30:00,0.9111375
2018-07-17 10:30:00,0.88054997
2018-07-18 10:30:00,0.819525
2018-07-19 10:30:00,0.746075
2018-07-20 10:30:00,0.8853125
2018-07-21 10:30:00,0.9352875
2018-07-22 10:30:00,0.695175
2018-07-23 10:30:00,0.635525
2018-07-24 10:30:00,0.8467624
2018-07-25 10:30:00,0.81301254
2018-07-26 10:30:00,0.69544995
2018-07-27 10:30:00,0.70385003
2018-07-28 10:30:00,0.7334625
2018-07-29 10:30:00,0.70863754
2018-07-30 10:30:00,0.8036
2018-07-31 10:30:00,0.53805
2018-08-01 10:30:00,0.61983746
2018-08-02 10:30:00,0.66464996
2018-08-03 10:30:00,0.77485
2018-08-04 10:30:00,0.829925
2018-08-05 10:30:00,0.6910125
2018-08-06 10:30:00,0.783425
2018-08-07 10:30:00,0.767525
2018-08-08 10:30:00,0.72695
2018-08-09 10:30:00,0.55482495
2018-08-10 10:30:00,0.6129125
2018-08-11 10:30:00,0.756475
2018-08-12 10:30:00,0.7493249
2018-08-13 10:30:00,0.89887494
2018-08-14 10:30:00,0.85982496
2018-08-15 10:30:00,0.7565
2018-08-16 10:30:00,0.66941243
2018-08-17 10:30:00,0.758525
2018-08-18 10:30:00,0.55605
2018-08-19 10:30:00,0.605125
2018-08-20 10:30:00,0.7035125
2018-08-21 10:30:00,0.5933875
2018-08-22 10:30:00,0.61805
2018-08-23 10:30:00,0.65578747
2018-08-24 10:30:00,0.69143754
2018-08-25 10:30:00,0.8818875
2018-08-26 10:30:00,0.736875
2018-08-27 10:30:00,0.6790875
2018-08-28 10:30:00,0.9244625
2018-08-29 10:30:00,0.80902493
2018-08-30 10:30:00,0.84714997
2018-08-31 10:30:00,0.686075
2018-09-01 10:30:00,0.6612625
2018-09-02 10:30:00,0.8585875
2018-09-03 10:30:00,0.70846254
2018-09-04 10:30:00,0.59572494
2018-09-05 10:30:00,0.61321247
2018-09-06 10:30:00,0.45084998
2018-09-07 10:30:00,0.5524875
2018-09-08 10:30:00,0.5278625
2018-09-09 10:30:00,0.6068375
2018-09-10 10:30:00,0.68621254
2018-09-11 10:30:00,0.63616246
2018-09-12 10:30:00,0.55663747
2018-09-13 10:30:00,0.49827498
2018-09-14 10:30:00,0.57495
2018-09-15 10:30:00,0.4160625
2018-09-16 10:30:00,0.45413747
2018-09-17 10:30:00,0.5070625
2018-09-18 10:30:00,0.5611625
2018-09-19 10:30:00,0.57215
2018-09-20 10:30:00,0.614325
2018-09-21 10:30:00,0.5200375
2018-09-22 10:30:00,0.6019375
2018-09-23 10:30:00,0.6972875
2018-09-24 10:30:00,0.55904996
2018-09-25 10:30:00,0.5345375
2018-09-26 10:30:00,0.550375
2018-09-27 10:30:00,0.4696875
2018-09-28 10:30:00,0.6749875
2018-09-29 10:30:00,0.84489995
2018-09-30 10:30:00,0.8918
2018-10-01 10:30:00,0.50334996
2018-10-02 10:30:00,0.56984997
2018-10-03 10:30:00,0.6086
2018-10-04 10:30:00,0.5173375
2018-10-05 10:30:00,0.3658375
2018-10-06 10:30:00,0.37835
2018-10-07 10:30:00,0.514475
2018-10-08 10:30:00,0.4242625
2018-10-09 10:30:00,0.47873747
2018-10-10 10:30:00,0.52467495
2018-10-11 10:30:00,0.47573748
2018-10-12 10:30:00,0.3998125
2018-10-13 10:30:00,0.3046625
2018-10-14 10:30:00,0.396025
2018-10-15 10:30:00,0.3477625
2018-10-16 10:30:00,0.389625
2018-10-17 10:30:00,0.41975
2018-10-18 10:30:00,0.3505125
2018-10-19 10:30:00,0.39322498
2018-10-20 10:30:00,0.34807497
2018-10-21 10:30:00,0.34677497
2018-10-22 10:30:00,0.3677875
2018-10-23 10:30:00,0.5380875
2018-10-24 10:30:00,0.49918747
2018-10-25 10:30:00,0.6868
2018-10-26 10:30:00,0.54440004
2018-10-27 10:30:00,0.29721248
2018-10-28 10:30:00,0.387225
2018-10-29 10:30:00,0.4737125
2018-10-30 10:30:00,0.4154625
2018-10-31 10:30:00,0.36411247
2018-11-01 10:30:00,0.44608748
2018-11-02 10:30:00,0.33201247
2018-11-03 10:30:00,0.3620375
2018-11-04 10:30:00,0.4222
2018-11-05 10:30:00,0.428825
2018-11-06 10:30:00,0.371875
2018-11-07 10:30:00,0.39153752
2018-11-08 10:30:00,0.5042375
2018-11-09 10:30:00,0.4431
2018-11-10 10:30:00,0.39717498
2018-11-11 10:30:00,0.49076247
2018-11-12 10:30:00,0.570475
2018-11-13 10:30:00,0.4983375
2018-11-14 10:30:00,0.60351247
2018-11-15 10:30:00,0.331375
2018-11-16 10:30:00,0.373425
2018-11-17 10:30:00,0.4845625
2018-11-18 10:30:00,0.47235
2018-11-19 10:30:00,0.41103747
2018-11-20 10:30:00,0.36560002
2018-11-21 10:30:00,0.294325
2018-11-22 10:30:00,0.3669875
2018-11-23 10:30:00,0.32811248
2018-11-24 10:30:00,0.3365875
2018-11-25 10:30:00,0.3344375
2018-11-26 10:30:00,0.2264125
2018-11-27 10:30:00,0.24562499
2018-11-28 10:30:00,0.281425
2018-11-29 10:30:00,0.272725
2018-11-30 10:30:00,0.3116875
2018-12-01 10:30:00,0.30333748
2018-12-02 10:30:00,0.292575
2018-12-03 10:30:00,0.2652625
2018-12-04 10:30:00,0.27171248
2018-12-05 10:30:00,0.2994875
2018-12-06 10:30:00,0.26045
2018-12-07 10:30:00,0.2588
2018-12-08 10:30:00,0.2926625
2018-12-09 10:30:00,0.4205125
2018-12-10 10:30:00,0.49226248
2018-12-11 10:30:00,0.4626375
2018-12-12 10:30:00,0.62055
2018-12-13 10:30:00,0.4822125
2018-12-14 10:30:00,0.47138748
2018-12-15 10:30:00,0.372825
2018-12-16 10:30:00,0.44217497
2018-12-17 10:30:00,0.38307497
2018-12-18 10:30:00,0.49034998
2018-12-19 10:30:00,0.47408748
2018-12-20 10:30:00,0.55521244
2018-12-21 10:30:00,0.6091875
2018-12-22 10:30:00,0.2634625
2018-12-23 10:30:00,0.25465
2018-12-24 10:30:00,0.306575
2018-12-25 10:30:00,0.216975
2018-12-26 10:30:00,0.23779999
2018-12-27 10:30:00,0.24647501
2018-12-28 10:30:00,0.27711248
2018-12-29 10:30:00,0.2943
2018-12-30 10:30:00,0.3796875
2018-12-31 10:30:00,0.3330375
2019-01-01 10:30:00,0.26997498
2019-01-02 10:30:00,0.3612
2019-01-03 10:30:00,0.395275
2019-01-04 10:30:00,0.3100125
2019-01-05 10:30:00,0.2937
2019-01-06 10:30:00,0.36849996
2019-01-07 10:30:00,0.321725
2019-01-08 10:30:00,0.23341249
2019-01-09 10:30:00,0.2276125
2019-01-10 10:30:00,0.39736247
2019-01-11 10:30:00,0.485475
2019-01-12 10:30:00,0.5053875
2019-01-13 10:30:00,0.483525
2019-01-14 10:30:00,0.3348625
2019-01-15 10:30:00,0.2559375
2019-01-16 10:30:00,0.35447496
2019-01-17 10:30:00,0.359475
2019-01-18 10:30:00,0.38255
2019-01-19 10:30:00,0.339225
2019-01-20 10:30:00,0.2913125
2019-01-21 10:30:00,0.324775
2019-01-22 10:30:00,0.281
2019-01-23 10:30:00,0.277525
2019-01-24 10:30:00,0.34985
2019-01-25 10:30:00,0.279575
2019-01-26 10:30:00,0.258475
2019-01-27 10:30:00,0.2942375
2019-01-28 10:30:00,0.30458748
2019-01-29 10:30:00,0.25559998
2019-01-30 10:30:00,0.23638749
2019-01-31 10:30:00,0.2254125
2019-02-01 10:30:00,0.19331248
2019-02-02 10:30:00,0.3078875
2019-02-03 10:30:00,0.231625
2019-02-04 10:30:00,0.311575
2019-02-05 10:30:00,0.2421375
2019-02-06 10:30:00,0.22073749
2019-02-07 10:30:00,0.21372499
2019-02-08 10:30:00,0.2549625
2019-02-09 10:30:00,0.255375
2019-02-10 10:30:00,0.2669
2019-02-11 10:30:00,0.2492625
2019-02-12 10:30:00,0.211975
2019-02-13 10:30:00,0.20358749
2019-02-14 10:30:00,0.1427
2019-02-15 10:30:00,0.1376375
2019-02-16 10:30:00,0.2139125
2019-02-17 10:30:00,0.19021249
2019-02-18 10:30:00,0.1264375
2019-02-19 10:30:00,0.222625
2019-02-20 10:30:00,0.2047375
2019-02-21 10:30:00,0.20136249
2019-02-22 10:30:00,0.289825
2019-02-23 10:30:00,0.2341
2019-02-24 10:30:00,0.22987498
2019-02-25 10:30:00,0.29556248
2019-02-26 10:30:00,0.259875
2019-02-27 10:30:00,0.2841
2019-02-28 10:30:00,0.23674999
2019-03-01 10:30:00,0.22049999
2019-03-02 10:30:00,0.210275
2019-03-03 10:30:00,0.25663748
2019-03-04 10:30:00,0.25645
2019-03-05 10:30:00,0.41701248
2019-03-06 10:30:00,0.27475
2019-03-07 10:30:00,0.209675
2019-03-08 10:30:00,0.1355875
2019-03-09 10:30:00,0.188075
2019-03-10 10:30:00,0.1301375
2019-03-11 10:30:00,0.1968625
2019-03-12 10:30:00,0.17635
2019-03-13 10:30:00,0.20502499
2019-03-14 10:30:00,0.2749875
2019-03-15 10:30:00,0.3086125
2019-03-16 10:30:00,0.3626625
2019-03-17 10:30:00,0.21825
2019-03-18 10:30:00,0.18813749
2019-03-19 10:30:00,0.2960625
2019-03-20 10:30:00,0.3127
2019-03-21 10:30:00,0.20042498
2019-03-22 10:30:00,0.2112625
2019-03-23 10:30:00,0.16678749
2019-03-24 10:30:00,0.2015375
2019-03-25 10:30:00,0.0902
2019-03-26 10:30:00,0.08957499
2019-03-27 10:30:00,0.10925
2019-03-28 10:30:00,0.13357499
2019-03-29 10:30:00,0.3105625
2019-03-30 10:30:00,0.18661249
2019-03-31 10:30:00,0.194575
2019-04-01 10:30:00,0.1576625
2019-04-02 10:30:00,0.1333375
2019-04-03 10:30:00,0.1365
2019-04-04 10:30:00,0.3495375
2019-04-05 10:30:00,0.237675
2019-04-06 10:30:00,0.2671625
2019-04-07 10:30:00,0.332225
2019-04-08 10:30:00,0.2765125
2019-04-09 10:30:00,0.19101249
2019-04-10 10:30:00,0.1253375
2019-04-11 10:30:00,0.1356625
2019-04-12 10:30:00,0.0933
2019-04-13 10:30:00,0.1859875
2019-04-14 10:30:00,0.18206249
2019-04-15 10:30:00,0.095225
2019-04-16 10:30:00,0.129525
2019-04-17 10:30:00,0.4712875
2019-04-18 10:30:00,0.1365125
2019-04-19 10:30:00,0.10542499
2019-04-20 10:30:00,0.085075006
2019-04-21 10:30:00,0.0706625
2019-04-22 10:30:00,0.1470125
2019-04-23 10:30:00,0.09653749
2019-04-24 10:30:00,0.145225
2019-04-25 10:30:00,0.172275
2019-04-26 10:30:00,0.1118875
2019-04-27 10:30:00,0.083574995
2019-04-28 10:30:00,0.3295375
2019-04-29 10:30:00,0.4686875
2019-04-30 10:30:00,0.193925
2019-05-01 10:30:00,0.17388749
2019-05-02 10:30:00,0.21460001
2019-05-03 10:30:00,0.1721
2019-05-04 10:30:00,0.4419125
2019-05-05 10:30:00,0.20209998
2019-05-06 10:30:00,0.15335
2019-05-07 10:30:00,0.1523875
2019-05-08 10:30:00,0.1645125
2019-05-09 10:30:00,0.23212498
2019-05-10 10:30:00,0.22101249
2019-05-11 10:30:00,0.41242498
2019-05-12 10:30:00,0.538275
2019-05-13 10:30:00,0.6433375
2019-05-14 10:30:00,0.452575
2019-05-15 10:30:00,0.326775
2019-05-16 10:30:00,0.1781875
2019-05-17 10:30:00,0.2017
2019-05-18 10:30:00,0.22315
2019-05-19 10:30:00,0.84318745
2019-05-20 10:30:00,0.55101246
2019-05-21 10:30:00,0.5370375
2019-05-22 10:30:00,0.43502498
2019-05-23 10:30:00,0.4157875
2019-05-24 10:30:00,0.275375
2019-05-25 10:30:00,0.51077497
2019-05-26 10:30:00,0.599625
2019-05-27 10:30:00,0.3197375
2019-05-28 10:30:00,0.18329999
2019-05-29 10:30:00,0.225175
2019-05-30 10:30:00,0.5054125
2019-05-31 10:30:00,0.48783746
2019-06-01 10:30:00,0.46439996
2019-06-02 10:30:00,0.506625
2019-06-03 10:30:00,0.5404125
2019-06-04 10:30:00,0.4670125
2019-06-05 10:30:00,0.38216248
2019-06-06 10:30:00,0.635475
2019-06-07 10:30:00,0.852425
2019-06-08 10:30:00,0.8335375
2019-06-09 10:30:00,0.7653125
2019-06-10 10:30:00,0.6854
2019-06-11 10:30:00,0.6207125
2019-06-12 10:30:00,0.6656375
2019-06-13 10:30:00,0.4300875
2019-06-14 10:30:00,0.6257875
2019-06-15 10:30:00,0.563975
2019-06-16 10:30:00,0.49559996
2019-06-17 10:30:00,0.4172625
2019-06-18 10:30:00,0.4712625
2019-06-19 10:30:00,0.42955002
2019-06-20 10:30:00,0.496175
2019-06-21 10:30:00,0.47895
2019-06-22 10:30:00,0.5313875
2019-06-23 10:30:00,0.4088375
2019-06-24 10:30:00,0.3764125
2019-06-25 10:30:00,0.75394994
2019-06-26 10:30:00,0.819
2019-06-27 10:30:00,0.74411243
2019-06-28 10:30:00,0.7971875
2019-06-29 10:30:00,0.73341244
2019-06-30 10:30:00,0.7237
2019-07-01 10:30:00,0.5251
2019-07-02 10:30:00,0.72069997
2019-07-03 10:30:00,0.68605
2019-07-04 10:30:00,0.70455
2019-07-05 10:30:00,0.81778747
2019-07-06 10:30:00,0.91634995
2019-07-07 10:30:00,0.6958125
2019-07-08 10:30:00,0.7211625
2019-07-09 10:30:00,0.6912625
2019-07-10 10:30:00,0.74805
2019-07-11 10:30:00,0.7776375
2019-07-12 10:30:00,0.71807504
2019-07-13 10:30:00,0.76756245
2019-07-14 10:30:00,0.7243625
2019-07-15 10:30:00,0.67832494
2019-07-16 10:30:00,0.7677125
2019-07-17 10:30:00,0.698
2019-07-18 10:30:00,0.6498875
2019-07-19 10:30:00,0.69153744
2019-07-20 10:30:00,0.8108
2019-07-21 10:30:00,0.627575
2019-07-22 10:30:00,0.59362495
2019-07-23 10:30:00,0.86562496
2019-07-24 10:30:00,0.72177494
2019-07-25 10:30:00,0.782675
2019-07-26 10:30:00,0.683775
2019-07-27 10:30:00,0.799475
2019-07-28 10:30:00,0.709125
2019-07-29 10:30:00,0.69133747
2019-07-30 10:30:00,0.760175
2019-07-31 10:30:00,0.5858375
2019-08-01 10:30:00,0.63234997
2019-08-02 10:30:00,0.6725125
2019-08-03 10:30:00,0.6640125
2019-08-04 10:30:00,0.62541246
2019-08-05 10:30:00,0.7099125
2019-08-06 10:30:00,0.89067495
2019-08-07 10:30:00,0.79662496
2019-08-08 10:30:00,0.86843747
2019-08-09 10:30:00,0.7897125
2019-08-10 10:30:00,0.85045
2019-08-11 10:30:00,0.8184125
2019-08-12 10:30:00,0.7443625
2019-08-13 10:30:00,0.72534996
2019-08-14 10:30:00,0.6369875
2019-08-15 10:30:00,0.62216246
2019-08-16 10:30:00,0.7179125
2019-08-17 10:30:00,0.72091246
2019-08-18 10:30:00,0.72136253
2019-08-19 10:30:00,0.69464993
2019-08-20 10:30:00,0.873375
2019-08-21 10:30:00,0.632925
2019-08-22 10:30:00,0.74422497
2019-08-23 10:30:00,0.75845
2019-08-24 10:30:00,0.78568745
2019-08-25 10:30:00,0.79521245
2019-08-26 10:30:00,0.9065125
2019-08-27 10:30:00,0.7141
2019-08-28 10:30:00,0.78345
2019-08-29 10:30:00,0.77918744
2019-08-30 10:30:00,0.65411246
2019-08-31 10:30:00,0.6490625
2019-09-01 10:30:00,0.6594125
2019-09-02 10:30:00,0.70864993
2019-09-03 10:30:00,0.67303747
2019-09-04 10:30:00,0.6656375
2019-09-05 10:30:00,0.5801
2019-09-06 10:30:00,0.7304625
2019-09-07 10:30:00,0.75313747
2019-09-08 10:30:00,0.47035
2019-09-09 10:30:00,0.44187498
2019-09-10 10:30:00,0.53459996
2019-09-11 10:30:00,0.5160375
2019-09-12 10:30:00,0.4818125
2019-09-13 10:30:00,0.6115625
2019-09-14 10:30:00,0.48155
2019-09-15 10:30:00,0.35994998
2019-09-16 10:30:00,0.40945
2019-09-17 10:30:00,0.4396875
2019-09-18 10:30:00,0.3804375
2019-09-19 10:30:00,0.5522625
2019-09-20 10:30:00,0.63374996
2019-09-21 10:30:00,0.566275
2019-09-22 10:30:00,0.5494875
2019-09-23 10:30:00,0.3522625
2019-09-24 10:30:00,0.38369998
2019-09-25 10:30:00,0.5412625
2019-09-26 10:30:00,0.493275
2019-09-27 10:30:00,0.4269625
2019-09-28 10:30:00,0.3281625
2019-09-29 10:30:00,0.420475
2019-09-30 10:30:00,0.58117497
2019-10-01 10:30:00,0.53634995
2019-10-02 10:30:00,0.65205
2019-10-03 10:30:00,0.6662375
2019-10-04 10:30:00,0.5199375
2019-10-05 10:30:00,0.540475
2019-10-06 10:30:00,0.43566248
2019-10-07 10:30:00,0.42096248
2019-10-08 10:30:00,0.49204996
2019-10-09 10:30:00,0.38623747
2019-10-10 10:30:00,0.284425
2019-10-11 10:30:00,0.29716247
2019-10-12 10:30:00,0.31101248
2019-10-13 10:30:00,0.30075
2019-10-14 10:30:00,0.285575
2019-10-15 10:30:00,0.25591248
2019-10-16 10:30:00,0.428875
2019-10-17 10:30:00,0.4004875
2019-10-18 10:30:00,0.4617875
2019-10-19 10:30:00,0.5404375
2019-10-20 10:30:00,0.4381375
2019-10-21 10:30:00,0.345125
2019-10-22 10:30:00,0.3467125
2019-10-23 10:30:00,0.3335875
2019-10-24 10:30:00,0.7042375
2019-10-25 10:30:00,0.5059375
2019-10-26 10:30:00,0.61211246
2019-10-27 10:30:00,0.583475
2019-10-28 10:30:00,0.5546
2019-10-29 10:30:00,0.38785
2019-10-30 10:30:00,0.3893125
2019-10-31 10:30:00,0.26275
2019-11-01 10:30:00,0.2667375
2019-11-02 10:30:00,0.4000875
2019-11-03 10:30:00,0.43735
2019-11-04 10:30:00,0.37545
2019-11-05 10:30:00,0.23132499
2019-11-06 10:30:00,0.3359875
2019-11-07 10:30:00,0.33244997
2019-11-08 10:30:00,0.44288749
2019-11-09 10:30:00,0.52666247
2019-11-10 10:30:00,0.44994998
2019-11-11 10:30:00,0.22219999
2019-11-12 10:30:00,0.6971125
2019-11-13 10:30:00,0.40618747
2019-11-14 10:30:00,0.44042498
2019-11-15 10:30:00,0.39451247
2019-11-16 10:30:00,0.3782875
2019-11-17 10:30:00,0.50409997
2019-11-18 10:30:00,0.292875
2019-11-19 10:30:00,0.3210375
2019-11-20 10:30:00,0.4414
2019-11-21 10:30:00,0.5235625
2019-11-22 10:30:00,0.47036245
2019-11-23 10:30:00,0.276325
2019-11-24 10:30:00,0.325825
2019-11-25 10:30:00,0.30871248
2019-11-26 10:30:00,0.28986248
2019-11-27 10:30:00,0.29999998
2019-11-28 10:30:00,0.35282502
2019-11-29 10:30:00,0.3837125
2019-11-30 10:30:00,0.5504125
2019-12-01 10:30:00,0.4202875
2019-12-02 10:30:00,0.29035
2019-12-03 10:30:00,0.2873
2019-12-04 10:30:00,0.2991625
2019-12-05 10:30:00,0.306875
2019-12-06 10:30:00,0.41198748
2019-12-07 10:30:00,0.507975
2019-12-08 10:30:00,0.6565
2019-12-09 10:30:00,0.59573746
2019-12-10 10:30:00,0.6156875
2019-12-11 10:30:00,0.508525
2019-12-12 10:30:00,0.56873745
2019-12-13 10:30:00,0.5337625
2019-12-14 10:30:00,0.59596246
2019-12-15 10:30:00,0.58757496
2019-12-16 10:30:00,0.5113625
2019-12-17 10:30:00,0.46249998
2019-12-18 10:30:00,0.4917875
2019-12-19 10:30:00,0.5068875
2019-12-20 10:30:00,0.49135002
2019-12-21 10:30:00,0.582075
2019-12-22 10:30:00,0.63934994
2019-12-23 10:30:00,0.561125
2019-12-24 10:30:00,0.6282125
2019-12-25 10:30:00,0.60415
2019-12-26 10:30:00,0.5281
2019-12-27 10:30:00,0.6181625
2019-12-28 10:30:00,0.64615
2019-12-29 10:30:00,0.64717495
2019-12-30 10:30:00,0.47843748
2019-12-31 10:30:00,0.4607875
2020-01-01 10:30:00,0.532225
2020-01-02 10:30:00,0.4846125
2020-01-03 10:30:00,0.5693875
2020-01-04 10:30:00,0.58287495
2020-01-05 10:30:00,0.671175
2020-01-06 10:30:00,0.7878375
2020-01-07 10:30:00,0.6893875
2020-01-08 10:30:00,0.63979995
2020-01-09 10:30:00,0.65108746
2020-01-10 10:30:00,0.58175
2020-01-11 10:30:00,0.5711875
2020-01-12 10:30:00,0.51077497
2020-01-13 10:30:00,0.6143
2020-01-14 10:30:00,0.58897495
2020-01-15 10:30:00,0.58335
2020-01-16 10:30:00,0.54265
2020-01-17 10:30:00,0.61242497
2020-01-18 10:30:00,0.7203375
2020-01-19 10:30:00,0.719225
2020-01-20 10:30:00,0.58675
2020-01-21 10:30:00,0.5624625
2020-01-22 10:30:00,0.59064996
2020-01-23 10:30:00,0.45618752
2020-01-24 10:30:00,0.554725
2020-01-25 10:30:00,0.6285625
2020-01-26 10:30:00,0.61666244
2020-01-27 10:30:00,0.6296125
2020-01-28 10:30:00,0.633375
2020-01-29 10:30:00,0.62732494
2020-01-30 10:30:00,0.6049875
2020-01-31 10:30:00,0.6065625
2020-02-01 10:30:00,0.3936375
2020-02-02 10:30:00,0.41607496
2020-02-03 10:30:00,0.42894998
2020-02-04 10:30:00,0.41146252
2020-02-05 10:30:00,0.4368375
2020-02-06 10:30:00,0.3946875
2020-02-07 10:30:00,0.5397
2020-02-08 10:30:00,0.573725
2020-02-09 10:30:00,0.588025
2020-02-10 10:30:00,0.66131246
2020-02-11 10:30:00,0.50263745
2020-02-12 10:30:00,0.6228875
2020-02-13 10:30:00,0.71465
2020-02-14 10:30:00,0.5448125
2020-02-15 10:30:00,0.4822625
2020-02-16 10:30:00,0.5681
2020-02-17 10:30:00,0.4259875
2020-02-18 10:30:00,0.4409
2020-02-19 10:30:00,0.45618752
2020-02-20 10:30:00,0.5796625
2020-02-21 10:30:00,0.72559994
2020-02-22 10:30:00,0.5444625
2020-02-23 10:30:00,0.4794625
2020-02-24 10:30:00,0.456125
2020-02-25 10:30:00,0.52895
2020-02-26 10:30:00,0.41767496
2020-02-27 10:30:00,0.46109998
2020-02-28 10:30:00,0.5604625
2020-02-29 10:30:00,0.5466375
2020-03-01 10:30:00,0.60491246
2020-03-02 10:30:00,0.575725
2020-03-03 10:30:00,0.76637495
2020-03-04 10:30:00,0.565975
2020-03-05 10:30:00,0.5571125
2020-03-06 10:30:00,0.67842495
2020-03-07 10:30:00,0.4738375
2020-03-08 10:30:00,0.4905375
2020-03-09 10:30:00,0.33805
2020-03-10 10:30:00,0.5273125
2020-03-11 10:30:00,0.37467498
2020-03-12 10:30:00,0.20432499
2020-03-13 10:30:00,0.450075
2020-03-14 10:30:00,0.367775
2020-03-15 10:30:00,0.26341248
2020-03-16 10:30:00,0.41542497
2020-03-17 10:30:00,0.38628748
2020-03-18 10:30:00,0.3978625
2020-03-19 10:30:00,0.3930625
2020-03-20 10:30:00,0.3082
2020-03-21 10:30:00,0.256175
2020-03-22 10:30:00,0.4091875
2020-03-23 10:30:00,0.335125
2020-03-24 10:30:00,0.3754875
2020-03-25 10:30:00,0.30014998
2020-03-26 10:30:00,0.2200625
2020-03-27 10:30:00,0.2882875
2020-03-28 10:30:00,0.287825
2020-03-29 10:30:00,0.19031249
2020-03-30 10:30:00,0.16209999
2020-03-31 10:30:00,0.1942125
2020-04-01 10:30:00,0.19866249
2020-04-02 10:30:00,0.21726249
2020-04-03 10:30:00,0.21419999
2020-04-04 10:30:00,0.14625
2020-04-05 10:30:00,0.16688749
2020-04-06 10:30:00,0.2565125
2020-04-07 10:30:00,0.317675
2020-04-08 10:30:00,0.32991248
2020-04-09 10:30:00,0.27831247
2020-04-10 10:30:00,0.1509375
2020-04-11 10:30:00,0.17416249
2020-04-12 10:30:00,0.113199994
2020-04-13 10:30:00,0.123749994
2020-04-14 10:30:00,0.26465
2020-04-15 10:30:00,0.232075
2020-04-16 10:30:00,0.359675
2020-04-17 10:30:00,0.19748749
2020-04-18 10:30:00,0.1537125
2020-04-19 10:30:00,0.54415
2020-04-20 10:30:00,0.71067494
2020-04-21 10:30:00,0.69645005
2020-04-22 10:30:00,0.46284997
2020-04-23 10:30:00,0.43755
2020-04-24 10:30:00,0.645225
2020-04-25 10:30:00,0.5431875
2020-04-26 10:30:00,0.5012625
2020-04-27 10:30:00,0.34366247
2020-04-28 10:30:00,0.56383747
2020-04-29 10:30:00,0.4427375
2020-04-30 10:30:00,0.3714875
2020-05-01 10:30:00,0.293875
2020-05-02 10:30:00,0.32584998
2020-05-03 10:30:00,0.70638746
2020-05-04 10:30:00,0.489975
2020-05-05 10:30:00,0.4472
2020-05-06 10:30:00,0.2861375
2020-05-07 10:30:00,0.40193748
2020-05-08 10:30:00,0.26578748
2020-05-09 10:30:00,0.3815375
2020-05-10 10:30:00,0.549275
2020-05-11 10:30:00,0.5239375
2020-05-12 10:30:00,0.4055
2020-05-13 10:30:00,0.3477
2020-05-14 10:30:00,0.27798748
2020-05-15 10:30:00,0.48174998
2020-05-16 10:30:00,0.7997
2020-05-17 10:30:00,0.811275
2020-05-18 10:30:00,0.620475
2020-05-19 10:30:00,0.6384125
2020-05-20 10:30:00,0.7075
2020-05-21 10:30:00,0.6686999
2020-05-22 10:30:00,0.793775
2020-05-23 10:30:00,0.66760004
2020-05-24 10:30:00,0.40658748
2020-05-25 10:30:00,0.45273748
2020-05-26 10:30:00,0.3908625
2020-05-27 10:30:00,0.43177497
2020-05-28 10:30:00,0.45872498
2020-05-29 10:30:00,0.5042125
2020-05-30 10:30:00,0.4926625
2020-05-31 10:30:00,0.70208746
2020-06-01 10:30:00,0.5512625
2020-06-02 10:30:00,0.6235125
2020-06-03 10:30:00,0.62057495
2020-06-04 10:30:00,0.61875
2020-06-05 10:30:00,0.5455875
2020-06-06 10:30:00,0.5916375
2020-06-07 10:30:00,0.632125
2020-06-08 10:30:00,0.594425
2020-06-09 10:30:00,0.47592503
2020-06-10 10:30:00,0.703
2020-06-11 10:30:00,0.533475
2020-06-12 10:30:00,0.656725
2020-06-13 10:30:00,0.6628375
2020-06-14 10:30:00,0.5190875
2020-06-15 10:30:00,0.5006
2020-06-16 10:30:00,0.56628746
2020-06-17 10:30:00,0.6102375
2020-06-18 10:30:00,0.63325
2020-06-19 10:30:00,0.68646246
2020-06-20 10:30:00,0.8019625
2020-06-21 10:30:00,0.6269625
2020-06-22 10:30:00,0.708375
2020-06-23 10:30:00,0.8419125
2020-06-24 10:30:00,0.7608
2020-06-25 10:30:00,0.71635
2020-06-26 10:30:00,0.6659375
2020-06-27 10:30:00,0.6197125
2020-06-28 10:30:00,0.71695
2020-06-29 10:30:00,0.67911243
2020-06-30 10:30:00,0.6954
2020-07-01 10:30:00,0.6202
2020-07-02 10:30:00,0.607525
2020-07-03 10:30:00,0.6202625
2020-07-04 10:30:00,0.78375
2020-07-05 10:30:00,0.726425
2020-07-06 10:30:00,0.7915
2020-07-07 10:30:00,0.542125
2020-07-08 10:30:00,0.5933625
2020-07-09 10:30:00,0.6160375
2020-07-10 10:30:00,0.6701625
2020-07-11 10:30:00,0.73733747
2020-07-12 10:30:00,0.739275
2020-07-13 10:30:00,0.6303375
2020-07-14 10:30:00,0.66429996
2020-07-15 10:30:00,0.6191875
2020-07-16 10:30:00,0.6147375
2020-07-17 10:30:00,0.71994996
2020-07-18 10:30:00,0.6427375
2020-07-19 10:30:00,0.65481246
2020-07-20 10:30:00,0.599925
2020-07-21 10:30:00,0.4669625
2020-07-22 10:30:00,0.68434995
2020-07-23 10:30:00,0.6018375
2020-07-24 10:30:00,0.5948625
2020-07-25 10:30:00,0.6787875
2020-07-26 10:30:00,0.6275875
2020-07-27 10:30:00,0.66802496
2020-07-28 10:30:00,0.762975
2020-07-29 10:30:00,0.8447875
2020-07-30 10:30:00,0.74492496
2020-07-31 10:30:00,0.71065
2020-08-01 10:30:00,0.6563624
2020-08-02 10:30:00,0.8867625
2020-08-03 10:30:00,0.8267875
2020-08-04 10:30:00,0.80735
2020-08-05 10:30:00,0.75194997
2020-08-06 10:30:00,0.6720375
2020-08-07 10:30:00,0.8493125
2020-08-08 10:30:00,0.925775
2020-08-09 10:30:00,0.8153
2020-08-10 10:30:00,0.724625
2020-08-11 10:30:00,0.66525
2020-08-12 10:30:00,0.6657375
2020-08-13 10:30:00,0.9968
2020-08-14 10:30:00,0.819875
2020-08-15 10:30:00,0.73271245
2020-08-16 10:30:00,0.76036245
2020-08-17 10:30:00,0.8156
2020-08-18 10:30:00,0.67303747
2020-08-19 10:30:00,0.670775
2020-08-20 10:30:00,0.5916
2020-08-21 10:30:00,0.630225
2020-08-22 10:30:00,0.66631246
2020-08-23 10:30:00,0.7597875
2020-08-24 10:30:00,0.8841125
2020-08-25 10:30:00,0.6047625
2020-08-26 10:30:00,0.72879994
2020-08-27 10:30:00,0.9703125
2020-08-28 10:30:00,0.96717495
2020-08-29 10:30:00,0.663325
2020-08-30 10:30:00,0.88855004
2020-08-31 10:30:00,0.8224499
2020-09-01 10:30:00,0.65927494
2020-09-02 10:30:00,0.5931875
2020-09-03 10:30:00,0.78019994
2020-09-04 10:30:00,0.7238749
2020-09-05 10:30:00,0.6888875
2020-09-06 10:30:00,0.71407497
2020-09-07 10:30:00,0.7179625
2020-09-08 10:30:00,0.6637625
2020-09-09 10:30:00,0.78082496
2020-09-10 10:30:00,0.6338625
2020-09-11 10:30:00,0.7233625
2020-09-12 10:30:00,0.75623745
2020-09-13 10:30:00,0.787875
2020-09-14 10:30:00,0.88511246
2020-09-15 10:30:00,0.8864125
2020-09-16 10:30:00,0.8358875
2020-09-17 10:30:00,0.75693744
2020-09-18 10:30:00,0.73639995
2020-09-19 10:30:00,0.6901875
2020-09-20 10:30:00,0.75114995
2020-09-21 10:30:00,0.828775
2020-09-22 10:30:00,0.677475
2020-09-23 10:30:00,0.6247875
2020-09-24 10:30:00,0.74753743
2020-09-25 10:30:00,0.75554997
2020-09-26 10:30:00,0.7218625
2020-09-27 10:30:00,0.5167125
2020-09-28 10:30:00,0.5574125
2020-09-29 10:30:00,0.512475
2020-09-30 10:30:00,0.64196247
2020-10-01 10:30:00,0.75756246
2020-10-02 10:30:00,0.70054996
2020-10-03 10:30:00,0.52245
2020-10-04 10:30:00,0.6019375
2020-10-05 10:30:00,0.51555
2020-10-06 10:30:00,0.5288
2020-10-07 10:30:00,0.54298747
2020-10-08 10:30:00,0.63191247
2020-10-09 10:30:00,0.59545
2020-10-10 10:30:00,0.32119998
2020-10-11 10:30:00,0.40377498
2020-10-12 10:30:00,0.49333748
2020-10-13 10:30:00,0.530575
2020-10-14 10:30:00,0.47347498
2020-10-15 10:30:00,0.3755125
2020-10-16 10:30:00,0.4462625
2020-10-17 10:30:00,0.42388746
2020-10-18 10:30:00,0.443375
2020-10-19 10:30:00,0.4761125
2020-10-20 10:30:00,0.3283125
2020-10-21 10:30:00,0.46951246
2020-10-22 10:30:00,0.3974625
2020-10-23 10:30:00,0.3983875
2020-10-24 10:30:00,0.392675
2020-10-25 10:30:00,0.5344625
2020-10-26 10:30:00,0.47055
2020-10-27 10:30:00,0.3654
2020-10-28 10:30:00,0.42403752
2020-10-29 10:30:00,0.4743
2020-10-30 10:30:00,0.36482498
2020-10-31 10:30:00,0.4921625
2020-11-01 10:30:00,0.48663747
2020-11-02 10:30:00,0.34958747
2020-11-03 10:30:00,0.300625
2020-11-04 10:30:00,0.41597497
2020-11-05 10:30:00,0.46029997
2020-11-06 10:30:00,0.428975
2020-11-07 10:30:00,0.4556
2020-11-08 10:30:00,0.38377503
2020-11-09 10:30:00,0.4462625
2020-11-10 10:30:00,0.5561375
2020-11-11 10:30:00,0.461675
2020-11-12 10:30:00,0.46189997
2020-11-13 10:30:00,0.44046247
2020-11-14 10:30:00,0.43275002
2020-11-15 10:30:00,0.4661
2020-11-16 10:30:00,0.53991246
2020-11-17 10:30:00,0.71678746
2020-11-18 10:30:00,0.5866
2020-11-19 10:30:00,0.3576
2020-11-20 10:30:00,0.3752875
2020-11-21 10:30:00,0.426725
2020-11-22 10:30:00,0.4653625
2020-11-23 10:30:00,0.5438875
2020-11-24 10:30:00,0.6426
2020-11-25 10:30:00,0.4718875
2020-11-26 10:30:00,0.47529998
2020-11-27 10:30:00,0.4270125
2020-11-28 10:30:00,0.4675875
2020-11-29 10:30:00,0.519225
2020-11-30 10:30:00,0.48693746
2020-12-01 10:30:00,0.5224125
2020-12-02 10:30:00,0.5062875
2020-12-03 10:30:00,0.455925
2020-12-04 10:30:00,0.469325
2020-12-05 10:30:00,0.46533749
2020-12-06 10:30:00,0.4776
2020-12-07 10:30:00,0.45343748
2020-12-08 10:30:00,0.43357497
2020-12-09 10:30:00,0.4486375
2020-12-10 10:30:00,0.48364997
2020-12-11 10:30:00,0.4219125
2020-12-12 10:30:00,0.4287875
2020-12-13 10:30:00,0.4043875
2020-12-14 10:30:00,0.37759998
2020-12-15 10:30:00,0.3503625
2020-12-16 10:30:00,0.4425875
2020-12-17 10:30:00,0.3982125
2020-12-18 10:30:00,0.3655875
2020-12-19 10:30:00,0.45313752
2020-12-20 10:30:00,0.44072497
2020-12-21 10:30:00,0.40426248
2020-12-22 10:30:00,0.5227875
2020-12-23 10:30:00,0.6244125
2020-12-24 10:30:00,0.55544996
2020-12-25 10:30:00,0.535875
2020-12-26 10:30:00,0.6431624
2020-12-27 10:30:00,0.62768745
2020-12-28 10:30:00,0.4654
2020-12-29 10:30:00,0.3783
2020-12-30 10:30:00,0.40902498
2020-12-31 10:30:00,0.383325
2021-01-01 10:30:00,0.4199125
2021-01-02 10:30:00,0.42732498
2021-01-03 10:30:00,0.43735
2021-01-04 10:30:00,0.40945
2021-01-05 10:30:00,0.4132875
2021-01-06 10:30:00,0.388725
2021-01-07 10:30:00,0.395875
2021-01-08 10:30:00,0.41263747
2021-01-09 10:30:00,0.491875
2021-01-10 10:30:00,0.4478125
2021-01-11 10:30:00,0.4463
2021-01-12 10:30:00,0.7205625
2021-01-13 10:30:00,0.48583746
2021-01-14 10:30:00,0.57525
2021-01-15 10:30:00,0.5407125
2021-01-16 10:30:00,0.54846245
2021-01-17 10:30:00,0.5003
2021-01-18 10:30:00,0.38648748
2021-01-19 10:30:00,0.511425
2021-01-20 10:30:00,0.55855
2021-01-21 10:30:00,0.645225
2021-01-22 10:30:00,0.5054125
2021-01-23 10:30:00,0.55175
2021-01-24 10:30:00,0.579625
2021-01-25 10:30:00,0.553725
2021-01-26 10:30:00,0.41588748
2021-01-27 10:30:00,0.39979997
2021-01-28 10:30:00,0.37541246
2021-01-29 10:30:00,0.58173746
2021-01-30 10:30:00,0.5368125
2021-01-31 10:30:00,0.72926253
2021-02-01 10:30:00,0.529075
2021-02-02 10:30:00,0.43787497
2021-02-03 10:30:00,0.4471625
2021-02-04 10:30:00,0.600625
2021-02-05 10:30:00,0.5441125
2021-02-06 10:30:00,0.51035
2021-02-07 10:30:00,0.4669875
2021-02-08 10:30:00,0.53498745
2021-02-09 10:30:00,0.49502498
2021-02-10 10:30:00,0.5312875
2021-02-11 10:30:00,0.48107496
2021-02-12 10:30:00,0.37306252
2021-02-13 10:30:00,0.3464
2021-02-14 10:30:00,0.334775
2021-02-15 10:30:00,0.31765
2021-02-16 10:30:00,0.3279125
2021-02-17 10:30:00,0.274825
2021-02-18 10:30:00,0.393275
2021-02-19 10:30:00,0.374225
2021-02-20 10:30:00,0.7105625
2021-02-21 10:30:00,0.540775
2021-02-22 10:30:00,0.3714625
2021-02-23 10:30:00,0.4192125
2021-02-24 10:30:00,0.4147625
2021-02-25 10:30:00,0.32665
2021-02-26 10:30:00,0.5405875
2021-02-27 10:30:00,0.4925875
2021-02-28 10:30:00,0.3148375
2021-03-01 10:30:00,0.43991247
2021-03-02 10:30:00,0.5594125
2021-03-03 10:30:00,0.50686246
2021-03-04 10:30:00,0.36429998
2021-03-05 10:30:00,0.27255002
2021-03-06 10:30:00,0.30934998
2021-03-07 10:30:00,0.3458375
2021-03-08 10:30:00,0.37522498
2021-03-09 10:30:00,0.1947125
2021-03-10 10:30:00,0.3565
2021-03-11 10:30:00,0.4034
2021-03-12 10:30:00,0.33862498
2021-03-13 10:30:00,0.34411252
2021-03-14 10:30:00,0.4439875
2021-03-15 10:30:00,0.3156375
2021-03-16 10:30:00,0.1628625
2021-03-17 10:30:00,0.28132498
2021-03-18 10:30:00,0.2666875
2021-03-19 10:30:00,0.42958748
2021-03-20 10:30:00,0.7750875
2021-03-21 10:30:00,0.46276248
2021-03-22 10:30:00,0.39103752
2021-03-23 10:30:00,0.3213
2021-03-24 10:30:00,0.3321625
2021-03-25 10:30:00,0.3638375
2021-03-26 10:30:00,0.7057125
2021-03-27 10:30:00,0.358025
2021-03-28 10:30:00,0.474
2021-03-29 10:30:00,0.3478125
2021-03-30 10:30:00,0.24657498
2021-03-31 10:30:00,0.38193747
2021-04-01 10:30:00,0.35697502
2021-04-02 10:30:00,0.3293
2021-04-03 10:30:00,0.27848747
2021-04-04 10:30:00,0.2549875
2021-04-05 10:30:00,0.2451625
2021-04-06 10:30:00,0.18888749
2021-04-07 10:30:00,0.262075
2021-04-08 10:30:00,0.2707125
2021-04-09 10:30:00,0.261825
2021-04-10 10:30:00,0.25753748
2021-04-11 10:30:00,0.4508625
2021-04-12 10:30:00,0.58075
2021-04-13 10:30:00,0.355125
2021-04-14 10:30:00,0.31676248
2021-04-15 10:30:00,0.5761375
2021-04-16 10:30:00,0.85426253
2021-04-17 10:30:00,0.51182497
2021-04-18 10:30:00,0.38154998
2021-04-19 10:30:00,0.2495125
2021-04-20 10:30:00,0.2868
2021-04-21 10:30:00,0.30656248
2021-04-22 10:30:00,0.4836125
2021-04-23 10:30:00,0.5835125
2021-04-24 10:30:00,0.25362498
2021-04-25 10:30:00,0.2692375
2021-04-26 10:30:00,0.32068747
2021-04-27 10:30:00,0.31112498
2021-04-28 10:30:00,0.2976625
2021-04-29 10:30:00,0.49926248
2021-04-30 10:30:00,0.6346125
2021-05-01 10:30:00,0.57362497
2021-05-02 10:30:00,0.305575
2021-05-03 10:30:00,0.410175
2021-05-04 10:30:00,0.4753
2021-05-05 10:30:00,0.47075
2021-05-06 10:30:00,0.51388747
2021-05-07 10:30:00,0.8412375
2021-05-08 10:30:00,0.650525
2021-05-09 10:30:00,0.5258875
2021-05-10 10:30:00,0.41552502
2021-05-11 10:30:00,0.40381253
2021-05-12 10:30:00,0.3006875
2021-05-13 10:30:00,0.34425
2021-05-14 10:30:00,0.75941247
2021-05-15 10:30:00,0.3536125
2021-05-16 10:30:00,0.27515
2021-05-17 10:30:00,0.33403748
2021-05-18 10:30:00,0.4436
2021-05-19 10:30:00,0.48521248
2021-05-20 10:30:00,0.5966
2021-05-21 10:30:00,0.4639375
2021-05-22 10:30:00,0.3364875
2021-05-23 10:30:00,0.43114996
2021-05-24 10:30:00,0.4255875
2021-05-25 10:30:00,0.325475
2021-05-26 10:30:00,0.37426248
2021-05-27 10:30:00,0.6154125
2021-05-28 10:30:00,0.65165
2021-05-29 10:30:00,0.44061247
2021-05-30 10:30:00,0.63963753
2021-05-31 10:30:00,0.6426
2021-06-01 10:30:00,0.465975
2021-06-02 10:30:00,0.92662495
2021-06-03 10:30:00,0.747275
2021-06-04 10:30:00,0.82955
2021-06-05 10:30:00,0.8197125
2021-06-06 10:30:00,0.58271253
2021-06-07 10:30:00,0.56752497
2021-06-08 10:30:00,0.6411125
2021-06-09 10:30:00,0.64909995
2021-06-10 10:30:00,0.5243125
2021-06-11 10:30:00,0.53695
2021-06-12 10:30:00,0.62177503
2021-06-13 10:30:00,0.62448746
2021-06-14 10:30:00,0.9814625
2021-06-15 10:30:00,0.7067125
2021-06-16 10:30:00,0.79992497
2021-06-17 10:30:00,0.53635
2021-06-18 10:30:00,0.67302495
2021-06-19 10:30:00,0.76153743
2021-06-20 10:30:00,0.82404995
2021-06-21 10:30:00,0.8298375
2021-06-22 10:30:00,0.663275
2021-06-23 10:30:00,0.52924997
2021-06-24 10:30:00,0.56123745
2021-06-25 10:30:00,0.716825
2021-06-26 10:30:00,0.80251247
2021-06-27 10:30:00,0.7986125
2021-06-28 10:30:00,0.7750375
2021-06-29 10:30:00,0.7172
2021-06-30 10:30:00,0.88708746
2021-07-01 10:30:00,0.87694997
2021-07-02 10:30:00,0.8768875
2021-07-03 10:30:00,0.91241246
2021-07-04 10:30:00,0.9293
2021-07-05 10:30:00,0.81444997
2021-07-06 10:30:00,0.8805625
2021-07-07 10:30:00,0.91778743
2021-07-08 10:30:00,0.9451124
2021-07-09 10:30:00,0.87855
2021-07-10 10:30:00,0.83589995
2021-07-11 10:30:00,0.78618747
2021-07-12 10:30:00,0.9469125
2021-07-13 10:30:00,0.95277494
2021-07-14 10:30:00,0.98885
2021-07-15 10:30:00,0.9184375
2021-07-16 10:30:00,0.89699996
2021-07-17 10:30:00,0.89285004
2021-07-18 10:30:00,0.86104995
2021-07-19 10:30:00,0.89656246
2021-07-20 10:30:00,0.86882496
2021-07-21 10:30:00,0.86501247
2021-07-22 10:30:00,0.9124
2021-07-23 10:30:00,0.828425
2021-07-24 10:30:00,0.9431125
2021-07-25 10:30:00,0.923525
2021-07-26 10:30:00,0.99403745
2021-07-27 10:30:00,0.8963375
2021-07-28 10:30:00,0.8409749
2021-07-29 10:30:00,0.841025
2021-07-30 10:30:00,0.9160625
2021-07-31 10:30:00,0.9729875
2021-08-01 10:30:00,0.8976875
2021-08-02 10:30:00,0.8529875
2021-08-03 10:30:00,0.9801
2021-08-04 10:30:00,0.90635
2021-08-05 10:30:00,0.74271244
2021-08-06 10:30:00,0.7347
2021-08-07 10:30:00,0.79319996
2021-08-08 10:30:00,0.9147625
2021-08-09 10:30:00,0.953375
2021-08-10 10:30:00,0.84901243
2021-08-11 10:30:00,0.9871625
2021-08-12 10:30:00,0.85131246
2021-08-13 10:30:00,0.960175
2021-08-14 10:30:00,0.91209996
2021-08-15 10:30:00,0.8600249
2021-08-16 10:30:00,0.801675
2021-08-17 10:30:00,0.8161875
2021-08-18 10:30:00,0.79601246
2021-08-19 10:30:00,0.848775
2021-08-20 10:30:00,0.897425
2021-08-21 10:30:00,0.8259375
2021-08-22 10:30:00,0.8278125
2021-08-23 10:30:00,0.8580625
2021-08-24 10:30:00,0.82339996
2021-08-25 10:30:00,0.9304249
2021-08-26 10:30:00,0.9111375
2021-08-27 10:30:00,0.81948745
2021-08-28 10:30:00,0.8943875
2021-08-29 10:30:00,0.71247494
2021-08-30 10:30:00,0.69396245
2021-08-31 10:30:00,0.8017375
2021-09-01 10:30:00,0.7466625
2021-09-02 10:30:00,0.8268
2021-09-03 10:30:00,0.92184997
2021-09-04 10:30:00,0.79945
2021-09-05 10:30:00,0.838925
2021-09-06 10:30:00,0.9792375
2021-09-07 10:30:00,0.7505
2021-09-08 10:30:00,0.94967496
2021-09-09 10:30:00,0.9685375
2021-09-10 10:30:00,0.69903743
2021-09-11 10:30:00,0.72955
2021-09-12 10:30:00,0.7138624
2021-09-13 10:30:00,0.75799996
2021-09-14 10:30:00,0.7816375
2021-09-15 10:30:00,0.9367875
2021-09-16 10:30:00,0.6619125
2021-09-17 10:30:00,0.6743
2021-09-18 10:30:00,0.70205003
2021-09-19 10:30:00,0.84235
2021-09-20 10:30:00,0.89374995
2021-09-21 10:30:00,0.78464997
2021-09-22 10:30:00,0.76514995
2021-09-23 10:30:00,0.7140375
2021-09-24 10:30:00,0.78688747
2021-09-25 10:30:00,0.923975
2021-09-26 10:30:00,0.993575
2021-09-27 10:30:00,0.6666625
2021-09-28 10:30:00,0.569975
2021-09-29 10:30:00,0.5083875
2021-09-30 10:30:00,0.67661244
2021-10-01 10:30:00,0.64786243
2021-10-02 10:30:00,0.61662495
2021-10-03 10:30:00,0.81574994
2021-10-04 10:30:00,0.71448743
2021-10-05 10:30:00,0.55805
2021-10-06 10:30:00,0.7157875
2021-10-07 10:30:00,0.6171875
2021-10-08 10:30:00,0.4886
2021-10-09 10:30:00,0.45787498
2021-10-10 10:30:00,0.43029997
2021-10-11 10:30:00,0.494825
2021-10-12 10:30:00,0.43513748
2021-10-13 10:30:00,0.7015125
2021-10-14 10:30:00,0.5158375
2021-10-15 10:30:00,0.42811248
2021-10-16 10:30:00,0.40307498
2021-10-17 10:30:00,0.548325
2021-10-18 10:30:00,0.60199994
2021-10-19 10:30:00,0.51616246
2021-10-20 10:30:00,0.5298625
2021-10-21 10:30:00,0.54899997
2021-10-22 10:30:00,0.4970375
2021-10-23 10:30:00,0.43307498
2021-10-24 10:30:00,0.41177496
2021-10-25 10:30:00,0.357275
2021-10-26 10:30:00,0.419875
2021-10-27 10:30:00,0.41772497
2021-10-28 10:30:00,0.523575
2021-10-29 10:30:00,0.5408125
2021-10-30 10:30:00,0.6388
2021-10-31 10:30:00,0.48143747
2021-11-01 10:30:00,0.601175
2021-11-02 10:30:00,0.6507125
2021-11-03 10:30:00,0.68822503
2021-11-04 10:30:00,0.84917504
2021-11-05 10:30:00,0.915425
2021-11-06 10:30:00,0.5771875
2021-11-07 10:30:00,0.583775
2021-11-08 10:30:00,0.8600125
2021-11-09 10:30:00,0.9127
2021-11-10 10:30:00,0.6668625
2021-11-11 10:30:00,0.3638
2021-11-12 10:30:00,0.416925
2021-11-13 10:30:00,0.4987875
2021-11-14 10:30:00,0.68285
2021-11-15 10:30:00,0.668275
2021-11-16 10:30:00,0.80856246
2021-11-17 10:30:00,0.5448875
2021-11-18 10:30:00,0.4426125
2021-11-19 10:30:00,0.6355375
2021-11-20 10:30:00,0.82817495
2021-11-21 10:30:00,0.92585
2021-11-22 10:30:00,0.58727497
2021-11-23 10:30:00,0.44397497
2021-11-24 10:30:00,0.46566248
2021-11-25 10:30:00,0.505925
2021-11-26 10:30:00,0.628775
2021-11-27 10:30:00,0.84915
2021-11-28 10:30:00,0.92934996
2021-11-29 10:30:00,0.7962874
2021-11-30 10:30:00,0.6277125
2021-12-01 10:30:00,0.5901
2021-12-02 10:30:00,0.516175
2021-12-03 10:30:00,0.47111252
2021-12-04 10:30:00,0.6545375
2021-12-05 10:30:00,0.5222625
2021-12-06 10:30:00,0.47156247
2021-12-07 10:30:00,0.6597
2021-12-08 10:30:00,0.8112875
2021-12-09 10:30:00,0.86597496
2021-12-10 10:30:00,0.6848875
2021-12-11 10:30:00,0.496725
2021-12-12 10:30:00,0.4739125
2021-12-13 10:30:00,0.5752125
2021-12-14 10:30:00,0.5533125
2021-12-15 10:30:00,0.87073743
2021-12-16 10:30:00,0.591775
2021-12-17 10:30:00,0.5188
2021-12-18 10:30:00,0.6125
2021-12-19 10:30:00,0.5902875
2021-12-20 10:30:00,0.4458125
2021-12-21 10:30:00,0.49342498
2021-12-22 10:30:00,0.59568745
2021-12-23 10:30:00,0.4894
2021-12-24 10:30:00,0.4691875
2021-12-25 10:30:00,0.4977875
2021-12-26 10:30:00,0.56186247
2021-12-27 10:30:00,0.65863746
2021-12-28 10:30:00,0.6371125
2021-12-29 10:30:00,0.599975
2021-12-30 10:30:00,0.4954875
2021-12-31 10:30:00,0.5565
2022-01-01 10:30:00,0.5484375
2022-01-02 10:30:00,0.48148748
2022-01-03 10:30:00,0.48505
2022-01-04 10:30:00,0.599725
2022-01-05 10:30:00,0.62825
2022-01-06 10:30:00,0.71245
2022-01-07 10:30:00,0.7455124
2022-01-08 10:30:00,0.69536245
2022-01-09 10:30:00,0.58485
2022-01-10 10:30:00,0.6919249
2022-01-11 10:30:00,0.49139997
2022-01-12 10:30:00,0.52577496
2022-01-13 10:30:00,0.565225
2022-01-14 10:30:00,0.6584375
2022-01-15 10:30:00,0.50763744
2022-01-16 10:30:00,0.51355
2022-01-17 10:30:00,0.53138745
2022-01-18 10:30:00,0.6842125
2022-01-19 10:30:00,0.481025
2022-01-20 10:30:00,0.6173125
2022-01-21 10:30:00,0.722575
2022-01-22 10:30:00,0.70756245
2022-01-23 10:30:00,0.71419996
2022-01-24 10:30:00,0.70665
2022-01-25 10:30:00,0.8483375
2022-01-26 10:30:00,0.5998375
2022-01-27 10:30:00,0.5187
2022-01-28 10:30:00,0.44197497
2022-01-29 10:30:00,0.4104375
2022-01-30 10:30:00,0.4752875
2022-01-31 10:30:00,0.5203875
2022-02-01 10:30:00,0.4520625
2022-02-02 10:30:00,0.4572
2022-02-03 10:30:00,0.4245
2022-02-04 10:30:00,0.4096
2022-02-05 10:30:00,0.43967497
2022-02-06 10:30:00,0.44
2022-02-07 10:30:00,0.53671247
2022-02-08 10:30:00,0.612675
2022-02-09 10:30:00,0.7018
2022-02-10 10:30:00,0.84372497
2022-02-11 10:30:00,0.8650875
2022-02-12 10:30:00,0.72405
2022-02-13 10:30:00,0.7471375
2022-02-14 10:30:00,0.62418747
2022-02-15 10:30:00,0.545875
2022-02-16 10:30:00,0.70555
2022-02-17 10:30:00,0.617225
2022-02-18 10:30:00,0.827525
2022-02-19 10:30:00,0.6029125
2022-02-20 10:30:00,0.48311248
2022-02-21 10:30:00,0.46564996
2022-02-22 10:30:00,0.49873748
2022-02-23 10:30:00,0.45665
2022-02-24 10:30:00,0.4413625
2022-02-25 10:30:00,0.462625
2022-02-26 10:30:00,0.475
2022-02-27 10:30:00,0.5018875
2022-02-28 10:30:00,0.48115
2022-03-01 10:30:00,0.47642502
2022-03-02 10:30:00,0.47081247
2022-03-03 10:30:00,0.4941875
2022-03-04 10:30:00,0.38908747
2022-03-05 10:30:00,0.31237498
2022-03-06 10:30:00,0.37565
2022-03-07 10:30:00,0.41085
2022-03-08 10:30:00,0.4007875
2022-03-09 10:30:00,0.4598625
2022-03-10 10:30:00,0.1977
2022-03-11 10:30:00,0.21965
2022-03-12 10:30:00,0.8900875
2022-03-13 10:30:00,0.81903744
2022-03-14 10:30:00,0.77445
2022-03-15 10:30:00,0.812775
2022-03-16 10:30:00,0.3746875
2022-03-17 10:30:00,0.487975
2022-03-18 10:30:00,0.52951247
2022-03-19 10:30:00,0.36394998
2022-03-20 10:30:00,0.3611
2022-03-21 10:30:00,0.3367625
2022-03-22 10:30:00,0.33735
2022-03-23 10:30:00,0.5522125
2022-03-24 10:30:00,0.7524875
2022-03-25 10:30:00,0.68651253
2022-03-26 10:30:00,0.4778125
2022-03-27 10:30:00,0.3852625
2022-03-28 10:30:00,0.33400002
2022-03-29 10:30:00,0.26319999
2022-03-30 10:30:00,0.23647499
2022-03-31 10:30:00,0.24921249
2022-04-01 10:30:00,0.264475
2022-04-02 10:30:00,0.32578748
2022-04-03 10:30:00,0.2798
2022-04-04 10:30:00,0.3395875
2022-04-05 10:30:00,0.27798748
2022-04-06 10:30:00,0.2805
2022-04-07 10:30:00,0.318925
2022-04-08 10:30:00,0.3084375
2022-04-09 10:30:00,0.2422875
2022-04-10 10:30:00,0.3103875
2022-04-11 10:30:00,0.341775
2022-04-12 10:30:00,0.3003375
2022-04-13 10:30:00,0.32971248
2022-04-14 10:30:00,0.3795625
2022-04-15 10:30:00,0.2551375
2022-04-16 10:30:00,0.2716375
2022-04-17 10:30:00,0.30651248
2022-04-18 10:30:00,0.319325
2022-04-19 10:30:00,0.21456249
2022-04-20 10:30:00,0.295175
2022-04-21 10:30:00,0.8669625
2022-04-22 10:30:00,0.3832
2022-04-23 10:30:00,0.409575
2022-04-24 10:30:00,0.5236
2022-04-25 10:30:00,0.6162
2022-04-26 10:30:00,0.48689997
2022-04-27 10:30:00,0.33241248
2022-04-28 10:30:00,0.281625
2022-04-29 10:30:00,0.71192497
2022-04-30 10:30:00,0.49478748
2022-05-01 10:30:00,0.569625
2022-05-02 10:30:00,0.39119998
2022-05-03 10:30:00,0.59665
2022-05-04 10:30:00,0.57261246
2022-05-05 10:30:00,0.80062497
2022-05-06 10:30:00,0.3227875
2022-05-07 10:30:00,0.28402498
2022-05-08 10:30:00,0.27496248
2022-05-09 10:30:00,0.226075
2022-05-10 10:30:00,0.71919996
2022-05-11 10:30:00,0.46897498
2022-05-12 10:30:00,0.5439375
2022-05-13 10:30:00,0.65015
2022-05-14 10:30:00,0.41837502
2022-05-15 10:30:00,0.39284998
2022-05-16 10:30:00,0.3210625
2022-05-17 10:30:00,0.50635
2022-05-18 10:30:00,0.364025
2022-05-19 10:30:00,0.43061247
2022-05-20 10:30:00,0.3499
2022-05-21 10:30:00,0.4729
2022-05-22 10:30:00,0.35901248
2022-05-23 10:30:00,0.40651247
2022-05-24 10:30:00,0.8699375
2022-05-25 10:30:00,0.55689996
2022-05-26 10:30:00,0.46531248
2022-05-27 10:30:00,0.3052375
2022-05-28 10:30:00,0.4572
2022-05-29 10:30:00,0.979925
2022-05-30 10:30:00,0.6153875
2022-05-31 10:30:00,0.6775625
2022-06-01 10:30:00,0.7032
2022-06-02 10:30:00,0.5205375
2022-06-03 10:30:00,0.57497495
2022-06-04 10:30:00,0.8235875
2022-06-05 10:30:00,0.966325
2022-06-06 10:30:00,0.788225
2022-06-07 10:30:00,0.9886125
2022-06-08 10:30:00,0.8579125
2022-06-09 10:30:00,0.71832496
2022-06-10 10:30:00,0.653425
2022-06-11 10:30:00,0.650175
2022-06-12 10:30:00,0.8047
2022-06-13 10:30:00,0.81383747
2022-06-14 10:30:00,0.85488755
2022-06-15 10:30:00,0.6442125
2022-06-16 10:30:00,0.695775
2022-06-17 10:30:00,0.635975
2022-06-18 10:30:00,0.60271245
2022-06-19 10:30:00,0.58919996
2022-06-20 10:30:00,0.70705
2022-06-21 10:30:00,0.51415
2022-06-22 10:30:00,0.671275
2022-06-23 10:30:00,0.7368875
2022-06-24 10:30:00,0.84547496
2022-06-25 10:30:00,0.70576245
2022-06-26 10:30:00,0.6453375
2022-06-27 10:30:00,0.6891
2022-06-28 10:30:00,0.6996875
2022-06-29 10:30:00,0.66231245
2022-06-30 10:30:00,0.8460125
2022-07-01 10:30:00,0.7997125
2022-07-02 10:30:00,0.701975
2022-07-03 10:30:00,0.7486125
2022-07-04 10:30:00,0.8181875
2022-07-05 10:30:00,0.8907875
2022-07-06 10:30:00,0.9061
2022-07-07 10:30:00,0.8138125
2022-07-08 10:30:00,0.76222503
2022-07-09 10:30:00,0.6196375
2022-07-10 10:30:00,0.7209375
2022-07-11 10:30:00,0.69635
2022-07-12 10:30:00,0.6215
2022-07-13 10:30:00,0.97091246
2022-07-14 10:30:00,0.97835
2022-07-15 10:30:00,0.916975
2022-07-16 10:30:00,0.8571375
2022-07-17 10:30:00,0.8461625
2022-07-18 10:30:00,0.89879996
2022-07-19 10:30:00,0.74964994
2022-07-20 10:30:00,0.8151625
2022-07-21 10:30:00,0.78195
2022-07-22 10:30:00,0.71316254
2022-07-23 10:30:00,0.92028743
2022-07-24 10:30:00,0.9094375
2022-07-25 10:30:00,0.84543747
2022-07-26 10:30:00,0.86925
2022-07-27 10:30:00,0.8746375
2022-07-28 10:30:00,0.9530625
2022-07-29 10:30:00,0.9083375
2022-07-30 10:30:00,0.87401253
2022-07-31 10:30:00,0.8649875
2022-08-01 10:30:00,0.79824996
2022-08-02 10:30:00,0.7446
2022-08-03 10:30:00,0.78768754
2022-08-04 10:30:00,0.930675
2022-08-05 10:30:00,0.610125
2022-08-06 10:30:00,0.65958744
2022-08-07 10:30:00,0.7488625
2022-08-08 10:30:00,0.57965
2022-08-09 10:30:00,0.52582496
2022-08-10 10:30:00,0.5927375
2022-08-11 10:30:00,0.69356245
2022-08-12 10:30:00,0.6263
2022-08-13 10:30:00,0.64229995
2022-08-14 10:30:00,0.78012496
2022-08-15 10:30:00,0.9193125
2022-08-16 10:30:00,0.6473
2022-08-17 10:30:00,0.69145
2022-08-18 10:30:00,0.81011254
2022-08-19 10:30:00,0.62202495
2022-08-20 10:30:00,0.636175
2022-08-21 10:30:00,0.75324994
2022-08-22 10:30:00,0.71489996
2022-08-23 10:30:00,0.5617
2022-08-24 10:30:00,0.7105625
2022-08-25 10:30:00,0.6194
2022-08-26 10:30:00,0.7216375
2022-08-27 10:30:00,0.55535
2022-08-28 10:30:00,0.6094625
2022-08-29 10:30:00,0.7136875
2022-08-30 10:30:00,0.80451244
2022-08-31 10:30:00,0.6690625
2022-09-01 10:30:00,0.55474997
2022-09-02 10:30:00,0.563775
2022-09-03 10:30:00,0.67496246
2022-09-04 10:30:00,0.7816749
2022-09-05 10:30:00,0.60153747
2022-09-06 10:30:00,0.7998875
2022-09-07 10:30:00,0.5854
2022-09-08 10:30:00,0.65848744
2022-09-09 10:30:00,0.66768754
2022-09-10 10:30:00,0.7078875
2022-09-11 10:30:00,0.6246125
2022-09-12 10:30:00,0.7418625
2022-09-13 10:30:00,0.6414875
2022-09-14 10:30:00,0.6857375
2022-09-15 10:30:00,0.70514995
2022-09-16 10:30:00,0.7515
2022-09-17 10:30:00,0.48874998
2022-09-18 10:30:00,0.42979997
2022-09-19 10:30:00,0.3193875
2022-09-20 10:30:00,0.45363748
2022-09-21 10:30:00,0.425175
2022-09-22 10:30:00,0.9512625
2022-09-23 10:30:00,0.77397496
2022-09-24 10:30:00,0.5512875
2022-09-25 10:30:00,0.48177496
2022-09-26 10:30:00,0.56673753
2022-09-27 10:30:00,0.45929998
2022-09-28 10:30:00,0.5182875
2022-09-29 10:30:00,0.39151248
2022-09-30 10:30:00,0.79561245
2022-10-01 10:30:00,0.72745
2022-10-02 10:30:00,0.6885125
2022-10-03 10:30:00,0.5482
2022-10-04 10:30:00,0.42603752
2022-10-05 10:30:00,0.4745
2022-10-06 10:30:00,0.6328625
2022-10-07 10:30:00,0.550325
2022-10-08 10:30:00,0.771125
2022-10-09 10:30:00,0.3513625
2022-10-10 10:30:00,0.3929125
2022-10-11 10:30:00,0.4632875
2022-10-12 10:30:00,0.47368747
2022-10-13 10:30:00,0.3845625
2022-10-14 10:30:00,0.4841625
2022-10-15 10:30:00,0.3392625
2022-10-16 10:30:00,0.4515125
2022-10-17 10:30:00,0.42798746
2022-10-18 10:30:00,0.513925
2022-10-19 10:30:00,0.3039875
2022-10-20 10:30:00,0.51736253
2022-10-21 10:30:00,0.5823125
2022-10-22 10:30:00,0.514875
2022-10-23 10:30:00,0.4458125
2022-10-24 10:30:00,0.49695
2022-10-25 10:30:00,0.5482625
2022-10-26 10:30:00,0.59064996
2022-10-27 10:30:00,0.48663747
2022-10-28 10:30:00,0.4838375
2022-10-29 10:30:00,0.5354625
2022-10-30 10:30:00,0.565575
2022-10-31 10:30:00,0.48435
2022-11-01 10:30:00,0.41948748
2022-11-02 10:30:00,0.285575
2022-11-03 10:30:00,0.4056
2022-11-04 10:30:00,0.41149998
2022-11-05 10:30:00,0.4691375
2022-11-06 10:30:00,0.510425
2022-11-07 10:30:00,0.52998745
2022-11-08 10:30:00,0.46206248
2022-11-09 10:30:00,0.45787498
2022-11-10 10:30:00,0.5244875
2022-11-11 10:30:00,0.47252497
2022-11-12 10:30:00,0.39189997
2022-11-13 10:30:00,0.57467496
2022-11-14 10:30:00,0.5653
2022-11-15 10:30:00,0.4448125
2022-11-16 10:30:00,0.5441875
2022-11-17 10:30:00,0.51717496
2022-11-18 10:30:00,0.50794995
2022-11-19 10:30:00,0.53345
2022-11-20 10:30:00,0.44513747
2022-11-21 10:30:00,0.45203748
2022-11-22 10:30:00,0.5588875
2022-11-23 10:30:00,0.5803875
2022-11-24 10:30:00,0.97535
2022-11-25 10:30:00,0.6929
2022-11-26 10:30:00,0.4692
2022-11-27 10:30:00,0.86025
2022-11-28 10:30:00,0.80286247
2022-11-29 10:30:00,0.453225
2022-11-30 10:30:00,0.4559125
2022-12-01 10:30:00,0.5057375
2022-12-02 10:30:00,0.5198375
2022-12-03 10:30:00,0.4586875
2022-12-04 10:30:00,0.501425
2022-12-05 10:30:00,0.499225
2022-12-06 10:30:00,0.5208875
2022-12-07 10:30:00,0.569875
2022-12-08 10:30:00,0.5816125
2022-12-09 10:30:00,0.57514995
2022-12-10 10:30:00,0.57645
2022-12-11 10:30:00,0.5259625
2022-12-12 10:30:00,0.43636248
2022-12-13 10:30:00,0.38579997
2022-12-14 10:30:00,0.35959998
2022-12-15 10:30:00,0.44645
2022-12-16 10:30:00,0.4607125
2022-12-17 10:30:00,0.47191247
2022-12-18 10:30:00,0.44105
2022-12-19 10:30:00,0.534075
2022-12-20 10:30:00,0.713375
2022-12-21 10:30:00,0.7975125
2022-12-22 10:30:00,0.590575
2022-12-23 10:30:00,0.5224
2022-12-24 10:30:00,0.486325
2022-12-25 10:30:00,0.6858625
2022-12-26 10:30:00,0.69535
2022-12-27 10:30:00,0.832125
2022-12-28 10:30:00,0.61055
2022-12-29 10:30:00,0.5404875
2022-12-30 10:30:00,0.538325
2022-12-31 10:30:00,0.495825
