time,rhum
2012-01-01 10:30:00,0.67114997
2012-01-02 10:30:00,0.654425
2012-01-03 10:30:00,0.6241125
2012-01-04 10:30:00,0.635875
2012-01-05 10:30:00,0.604075
2012-01-06 10:30:00,0.603575
2012-01-07 10:30:00,0.6116375
2012-01-08 10:30:00,0.6778875
2012-01-09 10:30:00,0.68625
2012-01-10 10:30:00,0.573175
2012-01-11 10:30:00,0.6779
2012-01-12 10:30:00,0.72489995
2012-01-13 10:30:00,0.71151245
2012-01-14 10:30:00,0.677275
2012-01-15 10:30:00,0.66819996
2012-01-16 10:30:00,0.71699995
2012-01-17 10:30:00,0.7129
2012-01-18 10:30:00,0.6066
2012-01-19 10:30:00,0.60138744
2012-01-20 10:30:00,0.516925
2012-01-21 10:30:00,0.5543875
2012-01-22 10:30:00,0.57471246
2012-01-23 10:30:00,0.588775
2012-01-24 10:30:00,0.560525
2012-01-25 10:30:00,0.60455
2012-01-26 10:30:00,0.5930375
2012-01-27 10:30:00,0.55265
2012-01-28 10:30:00,0.5269625
2012-01-29 10:30:00,0.555475
2012-01-30 10:30:00,0.53043747
2012-01-31 10:30:00,0.51536244
2012-02-01 10:30:00,0.5425625
2012-02-02 10:30:00,0.57124996
2012-02-03 10:30:00,0.6025875
2012-02-04 10:30:00,0.59288746
2012-02-05 10:30:00,0.5639
2012-02-06 10:30:00,0.592275
2012-02-07 10:30:00,0.58395
2012-02-08 10:30:00,0.62523746
2012-02-09 10:30:00,0.615725
2012-02-10 10:30:00,0.580125
2012-02-11 10:30:00,0.552625
2012-02-12 10:30:00,0.5814625
2012-02-13 10:30:00,0.55642503
2012-02-14 10:30:00,0.5397625
2012-02-15 10:30:00,0.5928125
2012-02-16 10:30:00,0.562
2012-02-17 10:30:00,0.5999625
2012-02-18 10:30:00,0.6046875
2012-02-19 10:30:00,0.5661875
2012-02-20 10:30:00,0.54505
2012-02-21 10:30:00,0.35467497
2012-02-22 10:30:00,0.4483375
2012-02-23 10:30:00,0.6138
2012-02-24 10:30:00,0.6127875
2012-02-25 10:30:00,0.5599625
2012-02-26 10:30:00,0.6256
2012-02-27 10:30:00,0.5557875
2012-02-28 10:30:00,0.6013375
2012-02-29 10:30:00,0.62123746
2012-03-01 10:30:00,0.5808375
2012-03-02 10:30:00,0.57037497
2012-03-03 10:30:00,0.603825
2012-03-04 10:30:00,0.7662625
2012-03-05 10:30:00,0.82356244
2012-03-06 10:30:00,0.708225
2012-03-07 10:30:00,0.6774
2012-03-08 10:30:00,0.580475
2012-03-09 10:30:00,0.5190875
2012-03-10 10:30:00,0.63778746
2012-03-11 10:30:00,0.6814125
2012-03-12 10:30:00,0.56159997
2012-03-13 10:30:00,0.6011625
2012-03-14 10:30:00,0.592625
2012-03-15 10:30:00,0.5624375
2012-03-16 10:30:00,0.58962494
2012-03-17 10:30:00,0.33825
2012-03-18 10:30:00,0.4786625
2012-03-19 10:30:00,0.4437
2012-03-20 10:30:00,0.39474997
2012-03-21 10:30:00,0.54517496
2012-03-22 10:30:00,0.4057875
2012-03-23 10:30:00,0.638475
2012-03-24 10:30:00,0.5451375
2012-03-25 10:30:00,0.52283746
2012-03-26 10:30:00,0.37103748
2012-03-27 10:30:00,0.456525
2012-03-28 10:30:00,0.34662497
2012-03-29 10:30:00,0.56685
2012-03-30 10:30:00,0.53851247
2012-03-31 10:30:00,0.47169998
2012-04-01 10:30:00,0.338925
2012-04-02 10:30:00,0.40932497
2012-04-03 10:30:00,0.56535
2012-04-04 10:30:00,0.6049875
2012-04-05 10:30:00,0.5647625
2012-04-06 10:30:00,0.458625
2012-04-07 10:30:00,0.33509997
2012-04-08 10:30:00,0.51855
2012-04-09 10:30:00,0.26166248
2012-04-10 10:30:00,0.361475
2012-04-11 10:30:00,0.4152375
2012-04-12 10:30:00,0.45363748
2012-04-13 10:30:00,0.3847125
2012-04-14 10:30:00,0.678975
2012-04-15 10:30:00,0.45728752
2012-04-16 10:30:00,0.399975
2012-04-17 10:30:00,0.4089125
2012-04-18 10:30:00,0.26085
2012-04-19 10:30:00,0.4122
2012-04-20 10:30:00,0.3197125
2012-04-21 10:30:00,0.41715
2012-04-22 10:30:00,0.36529997
2012-04-23 10:30:00,0.4009875
2012-04-24 10:30:00,0.257675
2012-04-25 10:30:00,0.31542498
2012-04-26 10:30:00,0.2974
2012-04-27 10:30:00,0.6923625
2012-04-28 10:30:00,0.47553748
2012-04-29 10:30:00,0.30735
2012-04-30 10:30:00,0.32904997
2012-05-01 10:30:00,0.29518747
2012-05-02 10:30:00,0.3892125
2012-05-03 10:30:00,0.29681247
2012-05-04 10:30:00,0.288325
2012-05-05 10:30:00,0.2102875
2012-05-06 10:30:00,0.2761125
2012-05-07 10:30:00,0.30943748
2012-05-08 10:30:00,0.34057498
2012-05-09 10:30:00,0.43641248
2012-05-10 10:30:00,0.41628748
2012-05-11 10:30:00,0.50535
2012-05-12 10:30:00,0.515825
2012-05-13 10:30:00,0.3578125
2012-05-14 10:30:00,0.5682125
2012-05-15 10:30:00,0.6038125
2012-05-16 10:30:00,0.5971625
2012-05-17 10:30:00,0.4134625
2012-05-18 10:30:00,0.2691375
2012-05-19 10:30:00,0.316725
2012-05-20 10:30:00,0.3135375
2012-05-21 10:30:00,0.362125
2012-05-22 10:30:00,0.31145
2012-05-23 10:30:00,0.30028751
2012-05-24 10:30:00,0.305175
2012-05-25 10:30:00,0.39494997
2012-05-26 10:30:00,0.389675
2012-05-27 10:30:00,0.34681252
2012-05-28 10:30:00,0.4549
2012-05-29 10:30:00,0.5984875
2012-05-30 10:30:00,0.6126125
2012-05-31 10:30:00,0.5550625
2012-06-01 10:30:00,0.7094375
2012-06-02 10:30:00,0.9607125
2012-06-03 10:30:00,0.7512
2012-06-04 10:30:00,0.790175
2012-06-05 10:30:00,0.6992125
2012-06-06 10:30:00,0.7271375
2012-06-07 10:30:00,0.5526125
2012-06-08 10:30:00,0.72952497
2012-06-09 10:30:00,0.63058746
2012-06-10 10:30:00,0.75457495
2012-06-11 10:30:00,0.79945
2012-06-12 10:30:00,0.7970875
2012-06-13 10:30:00,0.861025
2012-06-14 10:30:00,0.85660005
2012-06-15 10:30:00,0.75958747
2012-06-16 10:30:00,0.7394625
2012-06-17 10:30:00,0.86558753
2012-06-18 10:30:00,0.7097375
2012-06-19 10:30:00,0.67381245
2012-06-20 10:30:00,0.6675375
2012-06-21 10:30:00,0.6261875
2012-06-22 10:30:00,0.6936125
2012-06-23 10:30:00,0.73113745
2012-06-24 10:30:00,0.882575
2012-06-25 10:30:00,0.859375
2012-06-26 10:30:00,0.78723747
2012-06-27 10:30:00,0.7741375
2012-06-28 10:30:00,0.82304996
2012-06-29 10:30:00,0.723425
2012-06-30 10:30:00,0.637575
2012-07-01 10:30:00,0.784625
2012-07-02 10:30:00,0.8260125
2012-07-03 10:30:00,0.78875
2012-07-04 10:30:00,0.76121247
2012-07-05 10:30:00,0.79695
2012-07-06 10:30:00,0.78737503
2012-07-07 10:30:00,0.6878625
2012-07-08 10:30:00,0.811475
2012-07-09 10:30:00,0.73980004
2012-07-10 10:30:00,0.894325
2012-07-11 10:30:00,0.931275
2012-07-12 10:30:00,0.8728875
2012-07-13 10:30:00,0.7631125
2012-07-14 10:30:00,0.72761244
2012-07-15 10:30:00,0.76186246
2012-07-16 10:30:00,0.6537
2012-07-17 10:30:00,0.620125
2012-07-18 10:30:00,0.789225
2012-07-19 10:30:00,0.83387494
2012-07-20 10:30:00,0.85249996
2012-07-21 10:30:00,0.80515
2012-07-22 10:30:00,0.8171
2012-07-23 10:30:00,0.710575
2012-07-24 10:30:00,0.794625
2012-07-25 10:30:00,0.85035
2012-07-26 10:30:00,0.76577497
2012-07-27 10:30:00,0.73013747
2012-07-28 10:30:00,0.87363744
2012-07-29 10:30:00,0.82247496
2012-07-30 10:30:00,0.73873746
2012-07-31 10:30:00,0.71595
2012-08-01 10:30:00,0.73732495
2012-08-02 10:30:00,0.7919625
2012-08-03 10:30:00,0.84811246
2012-08-04 10:30:00,0.80695
2012-08-05 10:30:00,0.7251625
2012-08-06 10:30:00,0.7012375
2012-08-07 10:30:00,0.7531875
2012-08-08 10:30:00,0.7310375
2012-08-09 10:30:00,0.6171875
2012-08-10 10:30:00,0.7624875
2012-08-11 10:30:00,0.81885
2012-08-12 10:30:00,0.63502496
2012-08-13 10:30:00,0.63985
2012-08-14 10:30:00,0.7693375
2012-08-15 10:30:00,0.627475
2012-08-16 10:30:00,0.6011875
2012-08-17 10:30:00,0.752075
2012-08-18 10:30:00,0.70989996
2012-08-19 10:30:00,0.5932125
2012-08-20 10:30:00,0.659925
2012-08-21 10:30:00,0.65152496
2012-08-22 10:30:00,0.43075
2012-08-23 10:30:00,0.59187496
2012-08-24 10:30:00,0.62105
2012-08-25 10:30:00,0.6816875
2012-08-26 10:30:00,0.692325
2012-08-27 10:30:00,0.79318744
2012-08-28 10:30:00,0.61122495
2012-08-29 10:30:00,0.636175
2012-08-30 10:30:00,0.63654995
2012-08-31 10:30:00,0.552575
2012-09-01 10:30:00,0.63629997
2012-09-02 10:30:00,0.87003744
2012-09-03 10:30:00,0.78998744
2012-09-04 10:30:00,0.6845625
2012-09-05 10:30:00,0.7379625
2012-09-06 10:30:00,0.59763753
2012-09-07 10:30:00,0.67434996
2012-09-08 10:30:00,0.66801244
2012-09-09 10:30:00,0.63224995
2012-09-10 10:30:00,0.6855124
2012-09-11 10:30:00,0.921425
2012-09-12 10:30:00,0.81787497
2012-09-13 10:30:00,0.71489996
2012-09-14 10:30:00,0.6718
2012-09-15 10:30:00,0.612875
2012-09-16 10:30:00,0.6669375
2012-09-17 10:30:00,0.63554996
2012-09-18 10:30:00,0.6090625
2012-09-19 10:30:00,0.66488755
2012-09-20 10:30:00,0.5404625
2012-09-21 10:30:00,0.54307497
2012-09-22 10:30:00,0.69256246
2012-09-23 10:30:00,0.704725
2012-09-24 10:30:00,0.7465875
2012-09-25 10:30:00,0.83788747
2012-09-26 10:30:00,0.5636875
2012-09-27 10:30:00,0.8684625
2012-09-28 10:30:00,0.521275
2012-09-29 10:30:00,0.553525
2012-09-30 10:30:00,0.6251625
2012-10-01 10:30:00,0.5377
2012-10-02 10:30:00,0.58788747
2012-10-03 10:30:00,0.8940375
2012-10-04 10:30:00,0.5911625
2012-10-05 10:30:00,0.62347496
2012-10-06 10:30:00,0.67724997
2012-10-07 10:30:00,0.593525
2012-10-08 10:30:00,0.58495
2012-10-09 10:30:00,0.60889995
2012-10-10 10:30:00,0.58285
2012-10-11 10:30:00,0.5997875
2012-10-12 10:30:00,0.7617125
2012-10-13 10:30:00,0.7553
2012-10-14 10:30:00,0.6515
2012-10-15 10:30:00,0.735475
2012-10-16 10:30:00,0.75444996
2012-10-17 10:30:00,0.679275
2012-10-18 10:30:00,0.5352875
2012-10-19 10:30:00,0.49649996
2012-10-20 10:30:00,0.5615625
2012-10-21 10:30:00,0.6593125
2012-10-22 10:30:00,0.60091245
2012-10-23 10:30:00,0.65778744
2012-10-24 10:30:00,0.56584996
2012-10-25 10:30:00,0.6635375
2012-10-26 10:30:00,0.48345
2012-10-27 10:30:00,0.5638625
2012-10-28 10:30:00,0.530525
2012-10-29 10:30:00,0.6300375
2012-10-30 10:30:00,0.6721875
2012-10-31 10:30:00,0.6919625
2012-11-01 10:30:00,0.5870625
2012-11-02 10:30:00,0.5565375
2012-11-03 10:30:00,0.7622875
2012-11-04 10:30:00,0.83547497
2012-11-05 10:30:00,0.6957125
2012-11-06 10:30:00,0.6118625
2012-11-07 10:30:00,0.6346875
2012-11-08 10:30:00,0.63791245
2012-11-09 10:30:00,0.61515
2012-11-10 10:30:00,0.77885
2012-11-11 10:30:00,0.81612504
2012-11-12 10:30:00,0.6906875
2012-11-13 10:30:00,0.69653744
2012-11-14 10:30:00,0.6725125
2012-11-15 10:30:00,0.6507375
2012-11-16 10:30:00,0.67305
2012-11-17 10:30:00,0.69705
2012-11-18 10:30:00,0.75558746
2012-11-19 10:30:00,0.6639125
2012-11-20 10:30:00,0.6586125
2012-11-21 10:30:00,0.709725
2012-11-22 10:30:00,0.667625
2012-11-23 10:30:00,0.6327875
2012-11-24 10:30:00,0.69483745
2012-11-25 10:30:00,0.693
2012-11-26 10:30:00,0.67405
2012-11-27 10:30:00,0.7101375
2012-11-28 10:30:00,0.6764875
2012-11-29 10:30:00,0.5960625
2012-11-30 10:30:00,0.529625
2012-12-01 10:30:00,0.6113
2012-12-02 10:30:00,0.6813875
2012-12-03 10:30:00,0.6127875
2012-12-04 10:30:00,0.64867496
2012-12-05 10:30:00,0.6086625
2012-12-06 10:30:00,0.5436875
2012-12-07 10:30:00,0.55885
2012-12-08 10:30:00,0.59854996
2012-12-09 10:30:00,0.60872495
2012-12-10 10:30:00,0.61185
2012-12-11 10:30:00,0.63804996
2012-12-12 10:30:00,0.68232495
2012-12-13 10:30:00,0.61992496
2012-12-14 10:30:00,0.67415
2012-12-15 10:30:00,0.6686125
2012-12-16 10:30:00,0.63616246
2012-12-17 10:30:00,0.601825
2012-12-18 10:30:00,0.5579625
2012-12-19 10:30:00,0.5826375
2012-12-20 10:30:00,0.60847497
2012-12-21 10:30:00,0.5987625
2012-12-22 10:30:00,0.54139996
2012-12-23 10:30:00,0.554725
2012-12-24 10:30:00,0.5924625
2012-12-25 10:30:00,0.51835
2012-12-26 10:30:00,0.5779875
2012-12-27 10:30:00,0.72841245
2012-12-28 10:30:00,0.7165625
2012-12-29 10:30:00,0.6178375
2012-12-30 10:30:00,0.55842495
2012-12-31 10:30:00,0.56374997
2013-01-01 10:30:00,0.5262375
2013-01-02 10:30:00,0.54771245
2013-01-03 10:30:00,0.5129
2013-01-04 10:30:00,0.55135
2013-01-05 10:30:00,0.6068375
2013-01-06 10:30:00,0.633825
2013-01-07 10:30:00,0.5425375
2013-01-08 10:30:00,0.55092496
2013-01-09 10:30:00,0.52465
2013-01-10 10:30:00,0.63699996
2013-01-11 10:30:00,0.65839994
2013-01-12 10:30:00,0.5927875
2013-01-13 10:30:00,0.632725
2013-01-14 10:30:00,0.6833625
2013-01-15 10:30:00,0.6506125
2013-01-16 10:30:00,0.52752495
2013-01-17 10:30:00,0.6209125
2013-01-18 10:30:00,0.616475
2013-01-19 10:30:00,0.69315
2013-01-20 10:30:00,0.72368747
2013-01-21 10:30:00,0.6380375
2013-01-22 10:30:00,0.68106246
2013-01-23 10:30:00,0.6344875
2013-01-24 10:30:00,0.53244996
2013-01-25 10:30:00,0.5065
2013-01-26 10:30:00,0.61474997
2013-01-27 10:30:00,0.7021875
2013-01-28 10:30:00,0.76888746
2013-01-29 10:30:00,0.75893754
2013-01-30 10:30:00,0.72401243
2013-01-31 10:30:00,0.72847503
2013-02-01 10:30:00,0.514525
2013-02-02 10:30:00,0.5639125
2013-02-03 10:30:00,0.7003125
2013-02-04 10:30:00,0.5824625
2013-02-05 10:30:00,0.5833625
2013-02-06 10:30:00,0.5375375
2013-02-07 10:30:00,0.501725
2013-02-08 10:30:00,0.51809996
2013-02-09 10:30:00,0.5585875
2013-02-10 10:30:00,0.5500375
2013-02-11 10:30:00,0.60744995
2013-02-12 10:30:00,0.5839125
2013-02-13 10:30:00,0.60996246
2013-02-14 10:30:00,0.61842495
2013-02-15 10:30:00,0.69107497
2013-02-16 10:30:00,0.6991
2013-02-17 10:30:00,0.578825
2013-02-18 10:30:00,0.509925
2013-02-19 10:30:00,0.5581625
2013-02-20 10:30:00,0.52898747
2013-02-21 10:30:00,0.58762497
2013-02-22 10:30:00,0.58125
2013-02-23 10:30:00,0.5016625
2013-02-24 10:30:00,0.6723875
2013-02-25 10:30:00,0.651725
2013-02-26 10:30:00,0.73145
2013-02-27 10:30:00,0.560175
2013-02-28 10:30:00,0.7058
2013-03-01 10:30:00,0.535125
2013-03-02 10:30:00,0.6122875
2013-03-03 10:30:00,0.6136
2013-03-04 10:30:00,0.586575
2013-03-05 10:30:00,0.69095
2013-03-06 10:30:00,0.57896245
2013-03-07 10:30:00,0.50686246
2013-03-08 10:30:00,0.6466
2013-03-09 10:30:00,0.68081254
2013-03-10 10:30:00,0.66671246
2013-03-11 10:30:00,0.5900875
2013-03-12 10:30:00,0.5476625
2013-03-13 10:30:00,0.5802375
2013-03-14 10:30:00,0.6218125
2013-03-15 10:30:00,0.65987504
2013-03-16 10:30:00,0.6194
2013-03-17 10:30:00,0.5481
2013-03-18 10:30:00,0.584075
2013-03-19 10:30:00,0.5633125
2013-03-20 10:30:00,0.62773746
2013-03-21 10:30:00,0.62418747
2013-03-22 10:30:00,0.59533745
2013-03-23 10:30:00,0.5481375
2013-03-24 10:30:00,0.5964125
2013-03-25 10:30:00,0.612525
2013-03-26 10:30:00,0.5943125
2013-03-27 10:30:00,0.677525
2013-03-28 10:30:00,0.6605749
2013-03-29 10:30:00,0.62839997
2013-03-30 10:30:00,0.5959
2013-03-31 10:30:00,0.571
2013-04-01 10:30:00,0.491975
2013-04-02 10:30:00,0.4409375
2013-04-03 10:30:00,0.550425
2013-04-04 10:30:00,0.43791252
2013-04-05 10:30:00,0.60585
2013-04-06 10:30:00,0.4056375
2013-04-07 10:30:00,0.4733625
2013-04-08 10:30:00,0.60765
2013-04-09 10:30:00,0.51687497
2013-04-10 10:30:00,0.6061625
2013-04-11 10:30:00,0.5935625
2013-04-12 10:30:00,0.44825
2013-04-13 10:30:00,0.40265
2013-04-14 10:30:00,0.40893748
2013-04-15 10:30:00,0.3836125
2013-04-16 10:30:00,0.38665
2013-04-17 10:30:00,0.37155
2013-04-18 10:30:00,0.4706
2013-04-19 10:30:00,0.3962625
2013-04-20 10:30:00,0.40064996
2013-04-21 10:30:00,0.3130875
2013-04-22 10:30:00,0.49269998
2013-04-23 10:30:00,0.53195
2013-04-24 10:30:00,0.669975
2013-04-25 10:30:00,0.63014996
2013-04-26 10:30:00,0.45404997
2013-04-27 10:30:00,0.403125
2013-04-28 10:30:00,0.54935
2013-04-29 10:30:00,0.5435875
2013-04-30 10:30:00,0.7389
2013-05-01 10:30:00,0.6503375
2013-05-02 10:30:00,0.72427493
2013-05-03 10:30:00,0.479775
2013-05-04 10:30:00,0.34281248
2013-05-05 10:30:00,0.371775
2013-05-06 10:30:00,0.35613748
2013-05-07 10:30:00,0.24284999
2013-05-08 10:30:00,0.45229998
2013-05-09 10:30:00,0.4953375
2013-05-10 10:30:00,0.3927375
2013-05-11 10:30:00,0.81238747
2013-05-12 10:30:00,0.68373746
2013-05-13 10:30:00,0.64895
2013-05-14 10:30:00,0.757075
2013-05-15 10:30:00,0.54658747
2013-05-16 10:30:00,0.45713747
2013-05-17 10:30:00,0.43896252
2013-05-18 10:30:00,0.22729999
2013-05-19 10:30:00,0.49294996
2013-05-20 10:30:00,0.3994625
2013-05-21 10:30:00,0.6377625
2013-05-22 10:30:00,0.299575
2013-05-23 10:30:00,0.4148875
2013-05-24 10:30:00,0.2801
2013-05-25 10:30:00,0.3946375
2013-05-26 10:30:00,0.4802125
2013-05-27 10:30:00,0.680775
2013-05-28 10:30:00,0.51831245
2013-05-29 10:30:00,0.5023125
2013-05-30 10:30:00,0.42274997
2013-05-31 10:30:00,0.456125
2013-06-01 10:30:00,0.4973625
2013-06-02 10:30:00,0.57818747
2013-06-03 10:30:00,0.744975
2013-06-04 10:30:00,0.65725
2013-06-05 10:30:00,0.632775
2013-06-06 10:30:00,0.92160004
2013-06-07 10:30:00,0.67544997
2013-06-08 10:30:00,0.77297497
2013-06-09 10:30:00,0.731825
2013-06-10 10:30:00,0.75906247
2013-06-11 10:30:00,0.69436246
2013-06-12 10:30:00,0.632775
2013-06-13 10:30:00,0.582625
2013-06-14 10:30:00,0.6078625
2013-06-15 10:30:00,0.7176375
2013-06-16 10:30:00,0.66934997
2013-06-17 10:30:00,0.608125
2013-06-18 10:30:00,0.6294125
2013-06-19 10:30:00,0.6781875
2013-06-20 10:30:00,0.6761875
2013-06-21 10:30:00,0.7144125
2013-06-22 10:30:00,0.63374996
2013-06-23 10:30:00,0.693775
2013-06-24 10:30:00,0.64777493
2013-06-25 10:30:00,0.72835
2013-06-26 10:30:00,0.928075
2013-06-27 10:30:00,0.835175
2013-06-28 10:30:00,0.681425
2013-06-29 10:30:00,0.89979994
2013-06-30 10:30:00,0.896125
2013-07-01 10:30:00,0.79219997
2013-07-02 10:30:00,0.7202375
2013-07-03 10:30:00,0.69833744
2013-07-04 10:30:00,0.67004997
2013-07-05 10:30:00,0.6638375
2013-07-06 10:30:00,0.7319874
2013-07-07 10:30:00,0.7187375
2013-07-08 10:30:00,0.7662625
2013-07-09 10:30:00,0.66887504
2013-07-10 10:30:00,0.565975
2013-07-11 10:30:00,0.701725
2013-07-12 10:30:00,0.8444875
2013-07-13 10:30:00,0.730025
2013-07-14 10:30:00,0.698725
2013-07-15 10:30:00,0.87131244
2013-07-16 10:30:00,0.633925
2013-07-17 10:30:00,0.69896245
2013-07-18 10:30:00,0.84161246
2013-07-19 10:30:00,0.73621255
2013-07-20 10:30:00,0.69675
2013-07-21 10:30:00,0.6807125
2013-07-22 10:30:00,0.8160375
2013-07-23 10:30:00,0.767
2013-07-24 10:30:00,0.7830375
2013-07-25 10:30:00,0.7624125
2013-07-26 10:30:00,0.76497495
2013-07-27 10:30:00,0.89177495
2013-07-28 10:30:00,0.72185
2013-07-29 10:30:00,0.77385
2013-07-30 10:30:00,0.7434875
2013-07-31 10:30:00,0.8390875
2013-08-01 10:30:00,0.87825
2013-08-02 10:30:00,0.8522625
2013-08-03 10:30:00,0.70646244
2013-08-04 10:30:00,0.7817624
2013-08-05 10:30:00,0.766825
2013-08-06 10:30:00,0.7815625
2013-08-07 10:30:00,0.6974375
2013-08-08 10:30:00,0.65802497
2013-08-09 10:30:00,0.67561245
2013-08-10 10:30:00,0.7197
2013-08-11 10:30:00,0.77397496
2013-08-12 10:30:00,0.6864875
2013-08-13 10:30:00,0.6700875
2013-08-14 10:30:00,0.6274125
2013-08-15 10:30:00,0.76904994
2013-08-16 10:30:00,0.8966375
2013-08-17 10:30:00,0.54947495
2013-08-18 10:30:00,0.73391247
2013-08-19 10:30:00,0.81778747
2013-08-20 10:30:00,0.746425
2013-08-21 10:30:00,0.77135
2013-08-22 10:30:00,0.7323375
2013-08-23 10:30:00,0.7311875
2013-08-24 10:30:00,0.704025
2013-08-25 10:30:00,0.71767503
2013-08-26 10:30:00,0.75963753
2013-08-27 10:30:00,0.759425
2013-08-28 10:30:00,0.87254995
2013-08-29 10:30:00,0.6919249
2013-08-30 10:30:00,0.7230375
2013-08-31 10:30:00,0.80351245
2013-09-01 10:30:00,0.804975
2013-09-02 10:30:00,0.7542125
2013-09-03 10:30:00,0.74707496
2013-09-04 10:30:00,0.76665
2013-09-05 10:30:00,0.83256245
2013-09-06 10:30:00,0.88334996
2013-09-07 10:30:00,0.74135
2013-09-08 10:30:00,0.65718746
2013-09-09 10:30:00,0.7046
2013-09-10 10:30:00,0.66198754
2013-09-11 10:30:00,0.639025
2013-09-12 10:30:00,0.696625
2013-09-13 10:30:00,0.6797
2013-09-14 10:30:00,0.5269625
2013-09-15 10:30:00,0.5420375
2013-09-16 10:30:00,0.5612625
2013-09-17 10:30:00,0.65145
2013-09-18 10:30:00,0.69734997
2013-09-19 10:30:00,0.7445
2013-09-20 10:30:00,0.7895375
2013-09-21 10:30:00,0.7300625
2013-09-22 10:30:00,0.62165
2013-09-23 10:30:00,0.621525
2013-09-24 10:30:00,0.619775
2013-09-25 10:30:00,0.6116875
2013-09-26 10:30:00,0.55412495
2013-09-27 10:30:00,0.46575
2013-09-28 10:30:00,0.520925
2013-09-29 10:30:00,0.4023875
2013-09-30 10:30:00,0.5671125
2013-10-01 10:30:00,0.5462625
2013-10-02 10:30:00,0.5652125
2013-10-03 10:30:00,0.4774125
2013-10-04 10:30:00,0.461275
2013-10-05 10:30:00,0.35631248
2013-10-06 10:30:00,0.49765
2013-10-07 10:30:00,0.4940375
2013-10-08 10:30:00,0.40711248
2013-10-09 10:30:00,0.48073748
2013-10-10 10:30:00,0.81735
2013-10-11 10:30:00,0.80213743
2013-10-12 10:30:00,0.611925
2013-10-13 10:30:00,0.5873
2013-10-14 10:30:00,0.5923125
2013-10-15 10:30:00,0.563425
2013-10-16 10:30:00,0.55404997
2013-10-17 10:30:00,0.567625
2013-10-18 10:30:00,0.58471245
2013-10-19 10:30:00,0.68729997
2013-10-20 10:30:00,0.6982
2013-10-21 10:30:00,0.8015125
2013-10-22 10:30:00,0.886625
2013-10-23 10:30:00,0.68756247
2013-10-24 10:30:00,0.780025
2013-10-25 10:30:00,0.75707495
2013-10-26 10:30:00,0.80021244
2013-10-27 10:30:00,0.726125
2013-10-28 10:30:00,0.70077497
2013-10-29 10:30:00,0.6789375
2013-10-30 10:30:00,0.6756375
2013-10-31 10:30:00,0.7525125
2013-11-01 10:30:00,0.74663746
2013-11-02 10:30:00,0.67945
2013-11-03 10:30:00,0.71576244
2013-11-04 10:30:00,0.5925875
2013-11-05 10:30:00,0.6721875
2013-11-06 10:30:00,0.71542495
2013-11-07 10:30:00,0.7931375
2013-11-08 10:30:00,0.78255
2013-11-09 10:30:00,0.582275
2013-11-10 10:30:00,0.60279995
2013-11-11 10:30:00,0.7147875
2013-11-12 10:30:00,0.66205
2013-11-13 10:30:00,0.687825
2013-11-14 10:30:00,0.7366625
2013-11-15 10:30:00,0.714475
2013-11-16 10:30:00,0.72368747
2013-11-17 10:30:00,0.6541375
2013-11-18 10:30:00,0.58178747
2013-11-19 10:30:00,0.5220875
2013-11-20 10:30:00,0.7433875
2013-11-21 10:30:00,0.72636247
2013-11-22 10:30:00,0.72725
2013-11-23 10:30:00,0.7101
2013-11-24 10:30:00,0.662675
2013-11-25 10:30:00,0.6494125
2013-11-26 10:30:00,0.6633625
2013-11-27 10:30:00,0.59276253
2013-11-28 10:30:00,0.6036625
2013-11-29 10:30:00,0.524975
2013-11-30 10:30:00,0.5694625
2013-12-01 10:30:00,0.605175
2013-12-02 10:30:00,0.69925004
2013-12-03 10:30:00,0.62829995
2013-12-04 10:30:00,0.6240375
2013-12-05 10:30:00,0.65467495
2013-12-06 10:30:00,0.667775
2013-12-07 10:30:00,0.7548125
2013-12-08 10:30:00,0.74745
2013-12-09 10:30:00,0.7591125
2013-12-10 10:30:00,0.704775
2013-12-11 10:30:00,0.6915249
2013-12-12 10:30:00,0.595475
2013-12-13 10:30:00,0.59538746
2013-12-14 10:30:00,0.67512494
2013-12-15 10:30:00,0.71457505
2013-12-16 10:30:00,0.7381375
2013-12-17 10:30:00,0.72185
2013-12-18 10:30:00,0.6281125
2013-12-19 10:30:00,0.677825
2013-12-20 10:30:00,0.6834
2013-12-21 10:30:00,0.6969125
2013-12-22 10:30:00,0.64966244
2013-12-23 10:30:00,0.7316375
2013-12-24 10:30:00,0.74176246
2013-12-25 10:30:00,0.71547496
2013-12-26 10:30:00,0.6949625
2013-12-27 10:30:00,0.703525
2013-12-28 10:30:00,0.6239375
2013-12-29 10:30:00,0.7127375
2013-12-30 10:30:00,0.713725
2013-12-31 10:30:00,0.659775
2014-01-01 10:30:00,0.58577496
2014-01-02 10:30:00,0.6505875
2014-01-03 10:30:00,0.73415
2014-01-04 10:30:00,0.75387496
2014-01-05 10:30:00,0.73208743
2014-01-06 10:30:00,0.633375
2014-01-07 10:30:00,0.5813875
2014-01-08 10:30:00,0.56698745
2014-01-09 10:30:00,0.5905375
2014-01-10 10:30:00,0.633775
2014-01-11 10:30:00,0.57345
2014-01-12 10:30:00,0.5258
2014-01-13 10:30:00,0.606925
2014-01-14 10:30:00,0.69263744
2014-01-15 10:30:00,0.757425
2014-01-16 10:30:00,0.76004994
2014-01-17 10:30:00,0.68303746
2014-01-18 10:30:00,0.6493375
2014-01-19 10:30:00,0.7252
2014-01-20 10:30:00,0.699225
2014-01-21 10:30:00,0.6425
2014-01-22 10:30:00,0.65485
2014-01-23 10:30:00,0.55982494
2014-01-24 10:30:00,0.67132497
2014-01-25 10:30:00,0.61513746
2014-01-26 10:30:00,0.580525
2014-01-27 10:30:00,0.521275
2014-01-28 10:30:00,0.4560625
2014-01-29 10:30:00,0.5785125
2014-01-30 10:30:00,0.63107497
2014-01-31 10:30:00,0.6049875
2014-02-01 10:30:00,0.55576247
2014-02-02 10:30:00,0.493525
2014-02-03 10:30:00,0.5361375
2014-02-04 10:30:00,0.6043875
2014-02-05 10:30:00,0.6085875
2014-02-06 10:30:00,0.5934
2014-02-07 10:30:00,0.59262496
2014-02-08 10:30:00,0.6178875
2014-02-09 10:30:00,0.6174
2014-02-10 10:30:00,0.6194125
2014-02-11 10:30:00,0.562175
2014-02-12 10:30:00,0.57334995
2014-02-13 10:30:00,0.604375
2014-02-14 10:30:00,0.75857496
2014-02-15 10:30:00,0.79261243
2014-02-16 10:30:00,0.66249996
2014-02-17 10:30:00,0.632225
2014-02-18 10:30:00,0.6468875
2014-02-19 10:30:00,0.63686246
2014-02-20 10:30:00,0.643775
2014-02-21 10:30:00,0.6788375
2014-02-22 10:30:00,0.5378875
2014-02-23 10:30:00,0.670875
2014-02-24 10:30:00,0.71655
2014-02-25 10:30:00,0.69458747
2014-02-26 10:30:00,0.6959625
2014-02-27 10:30:00,0.51581246
2014-02-28 10:30:00,0.5520875
2014-03-01 10:30:00,0.5204875
2014-03-02 10:30:00,0.53838754
2014-03-03 10:30:00,0.508925
2014-03-04 10:30:00,0.52705
2014-03-05 10:30:00,0.5569625
2014-03-06 10:30:00,0.5273375
2014-03-07 10:30:00,0.54653746
2014-03-08 10:30:00,0.47872502
2014-03-09 10:30:00,0.5248125
2014-03-10 10:30:00,0.224775
2014-03-11 10:30:00,0.63145
2014-03-12 10:30:00,0.5479
2014-03-13 10:30:00,0.57805
2014-03-14 10:30:00,0.47096246
2014-03-15 10:30:00,0.5869625
2014-03-16 10:30:00,0.362175
2014-03-17 10:30:00,0.59993744
2014-03-18 10:30:00,0.4911875
2014-03-19 10:30:00,0.55544996
2014-03-20 10:30:00,0.58454996
2014-03-21 10:30:00,0.4704875
2014-03-22 10:30:00,0.4136125
2014-03-23 10:30:00,0.41588748
2014-03-24 10:30:00,0.5115
2014-03-25 10:30:00,0.54241246
2014-03-26 10:30:00,0.67595
2014-03-27 10:30:00,0.5141625
2014-03-28 10:30:00,0.512275
2014-03-29 10:30:00,0.4034875
2014-03-30 10:30:00,0.356925
2014-03-31 10:30:00,0.4041875
2014-04-01 10:30:00,0.52225
2014-04-02 10:30:00,0.5370875
2014-04-03 10:30:00,0.48478746
2014-04-04 10:30:00,0.560625
2014-04-05 10:30:00,0.4213
2014-04-06 10:30:00,0.40695
2014-04-07 10:30:00,0.46998748
2014-04-08 10:30:00,0.3550875
2014-04-09 10:30:00,0.5499
2014-04-10 10:30:00,0.41654998
2014-04-11 10:30:00,0.28785
2014-04-12 10:30:00,0.3590625
2014-04-13 10:30:00,0.28875
2014-04-14 10:30:00,0.3392375
2014-04-15 10:30:00,0.3255125
2014-04-16 10:30:00,0.2661625
2014-04-17 10:30:00,0.77169997
2014-04-18 10:30:00,0.6246875
2014-04-19 10:30:00,0.77295
2014-04-20 10:30:00,0.6827
2014-04-21 10:30:00,0.47261247
2014-04-22 10:30:00,0.41358748
2014-04-23 10:30:00,0.2876125
2014-04-24 10:30:00,0.221525
2014-04-25 10:30:00,0.35373747
2014-04-26 10:30:00,0.54162496
2014-04-27 10:30:00,0.47486252
2014-04-28 10:30:00,0.3680125
2014-04-29 10:30:00,0.2223875
2014-04-30 10:30:00,0.3196375
2014-05-01 10:30:00,0.6655375
2014-05-02 10:30:00,0.3996125
2014-05-03 10:30:00,0.71339995
2014-05-04 10:30:00,0.3428
2014-05-05 10:30:00,0.33255
2014-05-06 10:30:00,0.44085
2014-05-07 10:30:00,0.49294996
2014-05-08 10:30:00,0.454
2014-05-09 10:30:00,0.46673748
2014-05-10 10:30:00,0.71201247
2014-05-11 10:30:00,0.83585
2014-05-12 10:30:00,0.74216247
2014-05-13 10:30:00,0.74027497
2014-05-14 10:30:00,0.7229
2014-05-15 10:30:00,0.6976625
2014-05-16 10:30:00,0.821
2014-05-17 10:30:00,0.562525
2014-05-18 10:30:00,0.8109875
2014-05-19 10:30:00,0.85268754
2014-05-20 10:30:00,0.56967497
2014-05-21 10:30:00,0.6946
2014-05-22 10:30:00,0.54246247
2014-05-23 10:30:00,0.60165
2014-05-24 10:30:00,0.6897625
2014-05-25 10:30:00,0.689525
2014-05-26 10:30:00,0.6059125
2014-05-27 10:30:00,0.65817493
2014-05-28 10:30:00,0.45556247
2014-05-29 10:30:00,0.42221248
2014-05-30 10:30:00,0.41059998
2014-05-31 10:30:00,0.4389125
2014-06-01 10:30:00,0.453175
2014-06-02 10:30:00,0.49061248
2014-06-03 10:30:00,0.67051256
2014-06-04 10:30:00,0.6088875
2014-06-05 10:30:00,0.64678746
2014-06-06 10:30:00,0.542925
2014-06-07 10:30:00,0.65997493
2014-06-08 10:30:00,0.93165
2014-06-09 10:30:00,0.88536245
2014-06-10 10:30:00,0.72012496
2014-06-11 10:30:00,0.80311245
2014-06-12 10:30:00,0.678775
2014-06-13 10:30:00,0.5992375
2014-06-14 10:30:00,0.5877125
2014-06-15 10:30:00,0.62939996
2014-06-16 10:30:00,0.6475875
2014-06-17 10:30:00,0.76956254
2014-06-18 10:30:00,0.75707495
2014-06-19 10:30:00,0.6641375
2014-06-20 10:30:00,0.79999995
2014-06-21 10:30:00,0.86457497
2014-06-22 10:30:00,0.79055
2014-06-23 10:30:00,0.7406375
2014-06-24 10:30:00,0.738075
2014-06-25 10:30:00,0.784525
2014-06-26 10:30:00,0.83845
2014-06-27 10:30:00,0.63831246
2014-06-28 10:30:00,0.68422496
2014-06-29 10:30:00,0.558575
2014-06-30 10:30:00,0.6371875
2014-07-01 10:30:00,0.6511625
2014-07-02 10:30:00,0.82344997
2014-07-03 10:30:00,0.70379996
2014-07-04 10:30:00,0.6239375
2014-07-05 10:30:00,0.67661244
2014-07-06 10:30:00,0.709125
2014-07-07 10:30:00,0.7136125
2014-07-08 10:30:00,0.5918
2014-07-09 10:30:00,0.74352497
2014-07-10 10:30:00,0.8347875
2014-07-11 10:30:00,0.8394625
2014-07-12 10:30:00,0.8118125
2014-07-13 10:30:00,0.74425
2014-07-14 10:30:00,0.69902503
2014-07-15 10:30:00,0.862575
2014-07-16 10:30:00,0.900625
2014-07-17 10:30:00,0.864475
2014-07-18 10:30:00,0.8011
2014-07-19 10:30:00,0.83117497
2014-07-20 10:30:00,0.72121245
2014-07-21 10:30:00,0.7641125
2014-07-22 10:30:00,0.7097125
2014-07-23 10:30:00,0.7391875
2014-07-24 10:30:00,0.74114996
2014-07-25 10:30:00,0.71089995
2014-07-26 10:30:00,0.70864993
2014-07-27 10:30:00,0.6698375
2014-07-28 10:30:00,0.6777625
2014-07-29 10:30:00,0.73601246
2014-07-30 10:30:00,0.6511875
2014-07-31 10:30:00,0.6324875
2014-08-01 10:30:00,0.6650625
2014-08-02 10:30:00,0.7662125
2014-08-03 10:30:00,0.7704375
2014-08-04 10:30:00,0.73230004
2014-08-05 10:30:00,0.78635
2014-08-06 10:30:00,0.78377503
2014-08-07 10:30:00,0.72302496
2014-08-08 10:30:00,0.611775
2014-08-09 10:30:00,0.83897495
2014-08-10 10:30:00,0.6646375
2014-08-11 10:30:00,0.688775
2014-08-12 10:30:00,0.69364995
2014-08-13 10:30:00,0.8206625
2014-08-14 10:30:00,0.96326244
2014-08-15 10:30:00,0.82164997
2014-08-16 10:30:00,0.818275
2014-08-17 10:30:00,0.8142875
2014-08-18 10:30:00,0.7347125
2014-08-19 10:30:00,0.7513
2014-08-20 10:30:00,0.7541625
2014-08-21 10:30:00,0.70708746
2014-08-22 10:30:00,0.73623747
2014-08-23 10:30:00,0.86721253
2014-08-24 10:30:00,0.799575
2014-08-25 10:30:00,0.81904995
2014-08-26 10:30:00,0.735475
2014-08-27 10:30:00,0.7710125
2014-08-28 10:30:00,0.66371244
2014-08-29 10:30:00,0.66839993
2014-08-30 10:30:00,0.6825
2014-08-31 10:30:00,0.77116245
2014-09-01 10:30:00,0.798475
2014-09-02 10:30:00,0.68574995
2014-09-03 10:30:00,0.73345
2014-09-04 10:30:00,0.77678746
2014-09-05 10:30:00,0.72749996
2014-09-06 10:30:00,0.69333744
2014-09-07 10:30:00,0.674625
2014-09-08 10:30:00,0.5939625
2014-09-09 10:30:00,0.6256375
2014-09-10 10:30:00,0.6219125
2014-09-11 10:30:00,0.67281246
2014-09-12 10:30:00,0.66015
2014-09-13 10:30:00,0.7140625
2014-09-14 10:30:00,0.55026245
2014-09-15 10:30:00,0.62158746
2014-09-16 10:30:00,0.5854625
2014-09-17 10:30:00,0.613975
2014-09-18 10:30:00,0.5555625
2014-09-19 10:30:00,0.8267375
2014-09-20 10:30:00,0.738525
2014-09-21 10:30:00,0.71457505
2014-09-22 10:30:00,0.8783625
2014-09-23 10:30:00,0.6956875
2014-09-24 10:30:00,0.5532
2014-09-25 10:30:00,0.42936248
2014-09-26 10:30:00,0.803575
2014-09-27 10:30:00,0.62255
2014-09-28 10:30:00,0.51318747
2014-09-29 10:30:00,0.5859375
2014-09-30 10:30:00,0.52927494
2014-10-01 10:30:00,0.612475
2014-10-02 10:30:00,0.58181244
2014-10-03 10:30:00,0.5252
2014-10-04 10:30:00,0.64105004
2014-10-05 10:30:00,0.5450375
2014-10-06 10:30:00,0.6558125
2014-10-07 10:30:00,0.684575
2014-10-08 10:30:00,0.707825
2014-10-09 10:30:00,0.77565
2014-10-10 10:30:00,0.80471253
2014-10-11 10:30:00,0.7092125
2014-10-12 10:30:00,0.55627495
2014-10-13 10:30:00,0.407825
2014-10-14 10:30:00,0.4043125
2014-10-15 10:30:00,0.5490125
2014-10-16 10:30:00,0.5151
2014-10-17 10:30:00,0.45608747
2014-10-18 10:30:00,0.34176248
2014-10-19 10:30:00,0.37572497
2014-10-20 10:30:00,0.4111875
2014-10-21 10:30:00,0.46647498
2014-10-22 10:30:00,0.43796247
2014-10-23 10:30:00,0.4952375
2014-10-24 10:30:00,0.59433746
2014-10-25 10:30:00,0.64027494
2014-10-26 10:30:00,0.66952497
2014-10-27 10:30:00,0.5979
2014-10-28 10:30:00,0.49815002
2014-10-29 10:30:00,0.65027493
2014-10-30 10:30:00,0.92565
2014-10-31 10:30:00,0.9042125
2014-11-01 10:30:00,0.78279996
2014-11-02 10:30:00,0.7004
2014-11-03 10:30:00,0.74566245
2014-11-04 10:30:00,0.7304125
2014-11-05 10:30:00,0.6443
2014-11-06 10:30:00,0.65631247
2014-11-07 10:30:00,0.5961
2014-11-08 10:30:00,0.6173125
2014-11-09 10:30:00,0.56936246
2014-11-10 10:30:00,0.57535
2014-11-11 10:30:00,0.593125
2014-11-12 10:30:00,0.59784997
2014-11-13 10:30:00,0.63467497
2014-11-14 10:30:00,0.58358747
2014-11-15 10:30:00,0.68745
2014-11-16 10:30:00,0.666425
2014-11-17 10:30:00,0.603
2014-11-18 10:30:00,0.6159125
2014-11-19 10:30:00,0.671725
2014-11-20 10:30:00,0.688775
2014-11-21 10:30:00,0.7118875
2014-11-22 10:30:00,0.640025
2014-11-23 10:30:00,0.6303375
2014-11-24 10:30:00,0.6590375
2014-11-25 10:30:00,0.5064625
2014-11-26 10:30:00,0.5375375
2014-11-27 10:30:00,0.55803746
2014-11-28 10:30:00,0.6681875
2014-11-29 10:30:00,0.6836375
2014-11-30 10:30:00,0.66513747
2014-12-01 10:30:00,0.551525
2014-12-02 10:30:00,0.5559875
2014-12-03 10:30:00,0.6014625
2014-12-04 10:30:00,0.6325375
2014-12-05 10:30:00,0.6309625
2014-12-06 10:30:00,0.6267375
2014-12-07 10:30:00,0.6696875
2014-12-08 10:30:00,0.69833744
2014-12-09 10:30:00,0.643825
2014-12-10 10:30:00,0.726475
2014-12-11 10:30:00,0.7129375
2014-12-12 10:30:00,0.6539125
2014-12-13 10:30:00,0.6884625
2014-12-14 10:30:00,0.77546245
2014-12-15 10:30:00,0.713725
2014-12-16 10:30:00,0.6583125
2014-12-17 10:30:00,0.739325
2014-12-18 10:30:00,0.72604996
2014-12-19 10:30:00,0.702725
2014-12-20 10:30:00,0.6746
2014-12-21 10:30:00,0.733225
2014-12-22 10:30:00,0.7869375
2014-12-23 10:30:00,0.72177494
2014-12-24 10:30:00,0.7629
2014-12-25 10:30:00,0.7331875
2014-12-26 10:30:00,0.7705375
2014-12-27 10:30:00,0.755075
2014-12-28 10:30:00,0.7641
2014-12-29 10:30:00,0.79512495
2014-12-30 10:30:00,0.7175625
2014-12-31 10:30:00,0.6873625
2015-01-01 10:30:00,0.6543625
2015-01-02 10:30:00,0.71629995
2015-01-03 10:30:00,0.6722125
2015-01-04 10:30:00,0.7222
2015-01-05 10:30:00,0.58065
2015-01-06 10:30:00,0.57715
2015-01-07 10:30:00,0.704925
2015-01-08 10:30:00,0.78731245
2015-01-09 10:30:00,0.7987625
2015-01-10 10:30:00,0.74012494
2015-01-11 10:30:00,0.76554996
2015-01-12 10:30:00,0.77416253
2015-01-13 10:30:00,0.70805
2015-01-14 10:30:00,0.82025
2015-01-15 10:30:00,0.8191125
2015-01-16 10:30:00,0.70897496
2015-01-17 10:30:00,0.74886245
2015-01-18 10:30:00,0.7721875
2015-01-19 10:30:00,0.7556125
2015-01-20 10:30:00,0.772125
2015-01-21 10:30:00,0.7645375
2015-01-22 10:30:00,0.736375
2015-01-23 10:30:00,0.74472505
2015-01-24 10:30:00,0.7563625
2015-01-25 10:30:00,0.6891625
2015-01-26 10:30:00,0.612
2015-01-27 10:30:00,0.59559995
2015-01-28 10:30:00,0.60085
2015-01-29 10:30:00,0.66565
2015-01-30 10:30:00,0.62735
2015-01-31 10:30:00,0.6496375
2015-02-01 10:30:00,0.7364625
2015-02-02 10:30:00,0.60239995
2015-02-03 10:30:00,0.7315875
2015-02-04 10:30:00,0.6865124
2015-02-05 10:30:00,0.6465875
2015-02-06 10:30:00,0.5450625
2015-02-07 10:30:00,0.47718748
2015-02-08 10:30:00,0.51958746
2015-02-09 10:30:00,0.561575
2015-02-10 10:30:00,0.5694875
2015-02-11 10:30:00,0.608575
2015-02-12 10:30:00,0.5849
2015-02-13 10:30:00,0.6849
2015-02-14 10:30:00,0.690375
2015-02-15 10:30:00,0.584625
2015-02-16 10:30:00,0.6864125
2015-02-17 10:30:00,0.66008747
2015-02-18 10:30:00,0.5741375
2015-02-19 10:30:00,0.47595
2015-02-20 10:30:00,0.6141125
2015-02-21 10:30:00,0.7333999
2015-02-22 10:30:00,0.6527375
2015-02-23 10:30:00,0.52134997
2015-02-24 10:30:00,0.5389875
2015-02-25 10:30:00,0.60776246
2015-02-26 10:30:00,0.6247625
2015-02-27 10:30:00,0.54875
2015-02-28 10:30:00,0.61099994
2015-03-01 10:30:00,0.6496125
2015-03-02 10:30:00,0.5708875
2015-03-03 10:30:00,0.60548747
2015-03-04 10:30:00,0.48448747
2015-03-05 10:30:00,0.371175
2015-03-06 10:30:00,0.45759997
2015-03-07 10:30:00,0.5026625
2015-03-08 10:30:00,0.5305625
2015-03-09 10:30:00,0.48976249
2015-03-10 10:30:00,0.43384996
2015-03-11 10:30:00,0.4711375
2015-03-12 10:30:00,0.58783746
2015-03-13 10:30:00,0.63374996
2015-03-14 10:30:00,0.50146246
2015-03-15 10:30:00,0.4737625
2015-03-16 10:30:00,0.4878125
2015-03-17 10:30:00,0.3322375
2015-03-18 10:30:00,0.5229625
2015-03-19 10:30:00,0.45755
2015-03-20 10:30:00,0.35412496
2015-03-21 10:30:00,0.38428748
2015-03-22 10:30:00,0.3671625
2015-03-23 10:30:00,0.4899375
2015-03-24 10:30:00,0.3766875
2015-03-25 10:30:00,0.2559625
2015-03-26 10:30:00,0.23915
2015-03-27 10:30:00,0.45291248
2015-03-28 10:30:00,0.514575
2015-03-29 10:30:00,0.3748
2015-03-30 10:30:00,0.58795
2015-03-31 10:30:00,0.3441
2015-04-01 10:30:00,0.3283125
2015-04-02 10:30:00,0.8335375
2015-04-03 10:30:00,0.68151253
2015-04-04 10:30:00,0.9155874
2015-04-05 10:30:00,0.74472505
2015-04-06 10:30:00,0.72249997
2015-04-07 10:30:00,0.602525
2015-04-08 10:30:00,0.724925
2015-04-09 10:30:00,0.66519994
2015-04-10 10:30:00,0.537425
2015-04-11 10:30:00,0.487625
2015-04-12 10:30:00,0.37927496
2015-04-13 10:30:00,0.3474625
2015-04-14 10:30:00,0.354
2015-04-15 10:30:00,0.5169875
2015-04-16 10:30:00,0.4302875
2015-04-17 10:30:00,0.36845002
2015-04-18 10:30:00,0.2889875
2015-04-19 10:30:00,0.2821
2015-04-20 10:30:00,0.3448
2015-04-21 10:30:00,0.35212502
2015-04-22 10:30:00,0.41402498
2015-04-23 10:30:00,0.4861125
2015-04-24 10:30:00,0.40505
2015-04-25 10:30:00,0.29291248
2015-04-26 10:30:00,0.37645
2015-04-27 10:30:00,0.275925
2015-04-28 10:30:00,0.41087496
2015-04-29 10:30:00,0.2175
2015-04-30 10:30:00,0.0770125
2015-05-01 10:30:00,0.562825
2015-05-02 10:30:00,0.4553625
2015-05-03 10:30:00,0.36306247
2015-05-04 10:30:00,0.249475
2015-05-05 10:30:00,0.42318746
2015-05-06 10:30:00,0.3715375
2015-05-07 10:30:00,0.84377503
2015-05-08 10:30:00,0.700525
2015-05-09 10:30:00,0.5720125
2015-05-10 10:30:00,0.5747375
2015-05-11 10:30:00,0.83998746
2015-05-12 10:30:00,0.7366625
2015-05-13 10:30:00,0.4142
2015-05-14 10:30:00,0.2436125
2015-05-15 10:30:00,0.2717
2015-05-16 10:30:00,0.2663
2015-05-17 10:30:00,0.5903125
2015-05-18 10:30:00,0.629225
2015-05-19 10:30:00,0.606375
2015-05-20 10:30:00,0.3502375
2015-05-21 10:30:00,0.35088748
2015-05-22 10:30:00,0.29185
2015-05-23 10:30:00,0.27145
2015-05-24 10:30:00,0.35681248
2015-05-25 10:30:00,0.62624997
2015-05-26 10:30:00,0.5944125
2015-05-27 10:30:00,0.6059875
2015-05-28 10:30:00,0.69213754
2015-05-29 10:30:00,0.727575
2015-05-30 10:30:00,0.44513747
2015-05-31 10:30:00,0.4912625
2015-06-01 10:30:00,0.564
2015-06-02 10:30:00,0.40341246
2015-06-03 10:30:00,0.33987498
2015-06-04 10:30:00,0.58605
2015-06-05 10:30:00,0.84157497
2015-06-06 10:30:00,0.71496254
2015-06-07 10:30:00,0.66999996
2015-06-08 10:30:00,0.6417375
2015-06-09 10:30:00,0.6040625
2015-06-10 10:30:00,0.783925
2015-06-11 10:30:00,0.9351
2015-06-12 10:30:00,0.915075
2015-06-13 10:30:00,0.793875
2015-06-14 10:30:00,0.74665
2015-06-15 10:30:00,0.491875
2015-06-16 10:30:00,0.7118125
2015-06-17 10:30:00,0.8719625
2015-06-18 10:30:00,0.9933875
2015-06-19 10:30:00,0.8423
2015-06-20 10:30:00,0.7009375
2015-06-21 10:30:00,0.6168625
2015-06-22 10:30:00,0.7049375
2015-06-23 10:30:00,0.732275
2015-06-24 10:30:00,0.8813
2015-06-25 10:30:00,0.68735
2015-06-26 10:30:00,0.61666244
2015-06-27 10:30:00,0.7797
2015-06-28 10:30:00,0.78288746
2015-06-29 10:30:00,0.6163
2015-06-30 10:30:00,0.9144125
2015-07-01 10:30:00,0.7772125
2015-07-02 10:30:00,0.9058375
2015-07-03 10:30:00,0.7554249
2015-07-04 10:30:00,0.69334996
2015-07-05 10:30:00,0.7480124
2015-07-06 10:30:00,0.6942125
2015-07-07 10:30:00,0.649525
2015-07-08 10:30:00,0.68193746
2015-07-09 10:30:00,0.80716246
2015-07-10 10:30:00,0.79104996
2015-07-11 10:30:00,0.82647496
2015-07-12 10:30:00,0.68623745
2015-07-13 10:30:00,0.665375
2015-07-14 10:30:00,0.8164875
2015-07-15 10:30:00,0.86281246
2015-07-16 10:30:00,0.8817625
2015-07-17 10:30:00,0.89481246
2015-07-18 10:30:00,0.8628875
2015-07-19 10:30:00,0.88764995
2015-07-20 10:30:00,0.85473746
2015-07-21 10:30:00,0.9168125
2015-07-22 10:30:00,0.88028747
2015-07-23 10:30:00,0.8729249
2015-07-24 10:30:00,0.9076875
2015-07-25 10:30:00,0.8464375
2015-07-26 10:30:00,0.83797497
2015-07-27 10:30:00,0.71146244
2015-07-28 10:30:00,0.70396245
2015-07-29 10:30:00,0.9174749
2015-07-30 10:30:00,0.78175
2015-07-31 10:30:00,0.7408999
2015-08-01 10:30:00,0.7286625
2015-08-02 10:30:00,0.70257497
2015-08-03 10:30:00,0.7441875
2015-08-04 10:30:00,0.775875
2015-08-05 10:30:00,0.80412495
2015-08-06 10:30:00,0.751175
2015-08-07 10:30:00,0.827525
2015-08-08 10:30:00,0.8724
2015-08-09 10:30:00,0.88934994
2015-08-10 10:30:00,0.7810125
2015-08-11 10:30:00,0.8394875
2015-08-12 10:30:00,0.74202496
2015-08-13 10:30:00,0.6682875
2015-08-14 10:30:00,0.84889996
2015-08-15 10:30:00,0.85583746
2015-08-16 10:30:00,0.854775
2015-08-17 10:30:00,0.84552497
2015-08-18 10:30:00,0.772125
2015-08-19 10:30:00,0.89194995
2015-08-20 10:30:00,0.92356247
2015-08-21 10:30:00,0.90235
2015-08-22 10:30:00,0.85881245
2015-08-23 10:30:00,0.92639995
2015-08-24 10:30:00,0.93214995
2015-08-25 10:30:00,0.910225
2015-08-26 10:30:00,0.8416625
2015-08-27 10:30:00,0.7844625
2015-08-28 10:30:00,0.85819995
2015-08-29 10:30:00,0.882675
2015-08-30 10:30:00,0.910425
2015-08-31 10:30:00,0.9251125
2015-09-01 10:30:00,0.8320375
2015-09-02 10:30:00,0.78435
2015-09-03 10:30:00,0.7696125
2015-09-04 10:30:00,0.8527375
2015-09-05 10:30:00,0.82785004
2015-09-06 10:30:00,0.7847125
2015-09-07 10:30:00,0.8955
2015-09-08 10:30:00,0.85609996
2015-09-09 10:30:00,0.7277625
2015-09-10 10:30:00,0.6960125
2015-09-11 10:30:00,0.71895003
2015-09-12 10:30:00,0.8245625
2015-09-13 10:30:00,0.72108746
2015-09-14 10:30:00,0.60206246
2015-09-15 10:30:00,0.6539375
2015-09-16 10:30:00,0.7150125
2015-09-17 10:30:00,0.91021246
2015-09-18 10:30:00,0.8260375
2015-09-19 10:30:00,0.6665
2015-09-20 10:30:00,0.73223746
2015-09-21 10:30:00,0.6918125
2015-09-22 10:30:00,0.99385
2015-09-23 10:30:00,0.95303744
2015-09-24 10:30:00,0.956975
2015-09-25 10:30:00,0.77788746
2015-09-26 10:30:00,0.72425
2015-09-27 10:30:00,0.78622496
2015-09-28 10:30:00,0.7794875
2015-09-29 10:30:00,0.611025
2015-09-30 10:30:00,0.8714375
2015-10-01 10:30:00,0.66223747
2015-10-02 10:30:00,0.54246247
2015-10-03 10:30:00,0.5046
2015-10-04 10:30:00,0.509
2015-10-05 10:30:00,0.5809375
2015-10-06 10:30:00,0.45796248
2015-10-07 10:30:00,0.4467375
2015-10-08 10:30:00,0.60125
2015-10-09 10:30:00,0.726825
2015-10-10 10:30:00,0.87813747
2015-10-11 10:30:00,0.58959997
2015-10-12 10:30:00,0.61316246
2015-10-13 10:30:00,0.6856875
2015-10-14 10:30:00,0.5996125
2015-10-15 10:30:00,0.457975
2015-10-16 10:30:00,0.4909375
2015-10-17 10:30:00,0.4148875
2015-10-18 10:30:00,0.392625
2015-10-19 10:30:00,0.457925
2015-10-20 10:30:00,0.5219625
2015-10-21 10:30:00,0.4975125
2015-10-22 10:30:00,0.44413748
2015-10-23 10:30:00,0.32778752
2015-10-24 10:30:00,0.37835
2015-10-25 10:30:00,0.3342875
2015-10-26 10:30:00,0.6072625
2015-10-27 10:30:00,0.6069375
2015-10-28 10:30:00,0.62307495
2015-10-29 10:30:00,0.6991375
2015-10-30 10:30:00,0.67415
2015-10-31 10:30:00,0.49377498
2015-11-01 10:30:00,0.455475
2015-11-02 10:30:00,0.5010375
2015-11-03 10:30:00,0.34377497
2015-11-04 10:30:00,0.51704997
2015-11-05 10:30:00,0.463275
2015-11-06 10:30:00,0.5466125
2015-11-07 10:30:00,0.508925
2015-11-08 10:30:00,0.7354625
2015-11-09 10:30:00,0.8089
2015-11-10 10:30:00,0.7840125
2015-11-11 10:30:00,0.84835
2015-11-12 10:30:00,0.76147497
2015-11-13 10:30:00,0.76514995
2015-11-14 10:30:00,0.79690003
2015-11-15 10:30:00,0.53314996
2015-11-16 10:30:00,0.76336247
2015-11-17 10:30:00,0.7214375
2015-11-18 10:30:00,0.84435
2015-11-19 10:30:00,0.80095
2015-11-20 10:30:00,0.7812125
2015-11-21 10:30:00,0.76393753
2015-11-22 10:30:00,0.7068875
2015-11-23 10:30:00,0.6906125
2015-11-24 10:30:00,0.69404995
2015-11-25 10:30:00,0.6981
2015-11-26 10:30:00,0.71925
2015-11-27 10:30:00,0.7621125
2015-11-28 10:30:00,0.775225
2015-11-29 10:30:00,0.78433746
2015-11-30 10:30:00,0.784025
2015-12-01 10:30:00,0.86459994
2015-12-02 10:30:00,0.8107125
2015-12-03 10:30:00,0.7319625
2015-12-04 10:30:00,0.7243125
2015-12-05 10:30:00,0.73421246
2015-12-06 10:30:00,0.70577496
2015-12-07 10:30:00,0.788975
2015-12-08 10:30:00,0.7585499
2015-12-09 10:30:00,0.8505125
2015-12-10 10:30:00,0.72415
2015-12-11 10:30:00,0.75192493
2015-12-12 10:30:00,0.66793746
2015-12-13 10:30:00,0.7093125
2015-12-14 10:30:00,0.756475
2015-12-15 10:30:00,0.7288625
2015-12-16 10:30:00,0.73442495
2015-12-17 10:30:00,0.767825
2015-12-18 10:30:00,0.7769
2015-12-19 10:30:00,0.7551249
2015-12-20 10:30:00,0.80442494
2015-12-21 10:30:00,0.75904995
2015-12-22 10:30:00,0.7395375
2015-12-23 10:30:00,0.6599375
2015-12-24 10:30:00,0.71877503
2015-12-25 10:30:00,0.6902625
2015-12-26 10:30:00,0.5385875
2015-12-27 10:30:00,0.564075
2015-12-28 10:30:00,0.6716875
2015-12-29 10:30:00,0.752075
2015-12-30 10:30:00,0.7621875
2015-12-31 10:30:00,0.75904995
2016-01-01 10:30:00,0.725775
2016-01-02 10:30:00,0.7275125
2016-01-03 10:30:00,0.70586246
2016-01-04 10:30:00,0.7037625
2016-01-05 10:30:00,0.7151625
2016-01-06 10:30:00,0.708075
2016-01-07 10:30:00,0.72999996
2016-01-08 10:30:00,0.7371875
2016-01-09 10:30:00,0.6944
2016-01-10 10:30:00,0.6285625
2016-01-11 10:30:00,0.65278745
2016-01-12 10:30:00,0.7048375
2016-01-13 10:30:00,0.67692494
2016-01-14 10:30:00,0.7282375
2016-01-15 10:30:00,0.70549995
2016-01-16 10:30:00,0.6729125
2016-01-17 10:30:00,0.6191875
2016-01-18 10:30:00,0.57362497
2016-01-19 10:30:00,0.55987495
2016-01-20 10:30:00,0.65007496
2016-01-21 10:30:00,0.62032497
2016-01-22 10:30:00,0.5937625
2016-01-23 10:30:00,0.60208744
2016-01-24 10:30:00,0.630225
2016-01-25 10:30:00,0.6313
2016-01-26 10:30:00,0.6391625
2016-01-27 10:30:00,0.62745
2016-01-28 10:30:00,0.64208746
2016-01-29 10:30:00,0.5980875
2016-01-30 10:30:00,0.6152875
2016-01-31 10:30:00,0.66338754
2016-02-01 10:30:00,0.64586246
2016-02-02 10:30:00,0.6451375
2016-02-03 10:30:00,0.67536247
2016-02-04 10:30:00,0.6636375
2016-02-05 10:30:00,0.72597504
2016-02-06 10:30:00,0.6976
2016-02-07 10:30:00,0.68735
2016-02-08 10:30:00,0.74263746
2016-02-09 10:30:00,0.8039
2016-02-10 10:30:00,0.735575
2016-02-11 10:30:00,0.6669625
2016-02-12 10:30:00,0.679275
2016-02-13 10:30:00,0.617125
2016-02-14 10:30:00,0.6276625
2016-02-15 10:30:00,0.7033
2016-02-16 10:30:00,0.69624996
2016-02-17 10:30:00,0.6860125
2016-02-18 10:30:00,0.66739994
2016-02-19 10:30:00,0.680775
2016-02-20 10:30:00,0.6559
2016-02-21 10:30:00,0.57577497
2016-02-22 10:30:00,0.5559125
2016-02-23 10:30:00,0.6395
2016-02-24 10:30:00,0.6540874
2016-02-25 10:30:00,0.691475
2016-02-26 10:30:00,0.58145
2016-02-27 10:30:00,0.6424125
2016-02-28 10:30:00,0.63449997
2016-02-29 10:30:00,0.6431375
2016-03-01 10:30:00,0.7089875
2016-03-02 10:30:00,0.7601875
2016-03-03 10:30:00,0.68948746
2016-03-04 10:30:00,0.7672875
2016-03-05 10:30:00,0.74651253
2016-03-06 10:30:00,0.64326245
2016-03-07 10:30:00,0.62953746
2016-03-08 10:30:00,0.69036245
2016-03-09 10:30:00,0.6642625
2016-03-10 10:30:00,0.6704125
2016-03-11 10:30:00,0.666275
2016-03-12 10:30:00,0.6589625
2016-03-13 10:30:00,0.61596245
2016-03-14 10:30:00,0.670875
2016-03-15 10:30:00,0.563875
2016-03-16 10:30:00,0.40802497
2016-03-17 10:30:00,0.51801246
2016-03-18 10:30:00,0.6979875
2016-03-19 10:30:00,0.62487495
2016-03-20 10:30:00,0.51919997
2016-03-21 10:30:00,0.5836875
2016-03-22 10:30:00,0.44829997
2016-03-23 10:30:00,0.461225
2016-03-24 10:30:00,0.4371875
2016-03-25 10:30:00,0.4661375
2016-03-26 10:30:00,0.4185625
2016-03-27 10:30:00,0.314975
2016-03-28 10:30:00,0.40013748
2016-03-29 10:30:00,0.591725
2016-03-30 10:30:00,0.37325
2016-03-31 10:30:00,0.47046247
2016-04-01 10:30:00,0.69684994
2016-04-02 10:30:00,0.5042125
2016-04-03 10:30:00,0.551725
2016-04-04 10:30:00,0.54022497
2016-04-05 10:30:00,0.4979875
2016-04-06 10:30:00,0.455775
2016-04-07 10:30:00,0.2869
2016-04-08 10:30:00,0.262025
2016-04-09 10:30:00,0.3047875
2016-04-10 10:30:00,0.42976248
2016-04-11 10:30:00,0.4052375
2016-04-12 10:30:00,0.35455
2016-04-13 10:30:00,0.876
2016-04-14 10:30:00,0.532875
2016-04-15 10:30:00,0.6994
2016-04-16 10:30:00,0.83616245
2016-04-17 10:30:00,0.6445375
2016-04-18 10:30:00,0.63615
2016-04-19 10:30:00,0.357175
2016-04-20 10:30:00,0.40236247
2016-04-21 10:30:00,0.50093746
2016-04-22 10:30:00,0.6428125
2016-04-23 10:30:00,0.43745
2016-04-24 10:30:00,0.5577875
2016-04-25 10:30:00,0.468525
2016-04-26 10:30:00,0.6191875
2016-04-27 10:30:00,0.7873
2016-04-28 10:30:00,0.4530125
2016-04-29 10:30:00,0.629075
2016-04-30 10:30:00,0.497075
2016-05-01 10:30:00,0.8086999
2016-05-02 10:30:00,0.4741
2016-05-03 10:30:00,0.3028
2016-05-04 10:30:00,0.1972625
2016-05-05 10:30:00,0.3476625
2016-05-06 10:30:00,0.67268753
2016-05-07 10:30:00,0.24024999
2016-05-08 10:30:00,0.41525
2016-05-09 10:30:00,0.3366
2016-05-10 10:30:00,0.1690875
2016-05-11 10:30:00,0.66762495
2016-05-12 10:30:00,0.331375
2016-05-13 10:30:00,0.18232499
2016-05-14 10:30:00,0.460625
2016-05-15 10:30:00,0.38292497
2016-05-16 10:30:00,0.290875
2016-05-17 10:30:00,0.103
2016-05-18 10:30:00,0.21303749
2016-05-19 10:30:00,0.24004999
2016-05-20 10:30:00,0.455275
2016-05-21 10:30:00,0.35814998
2016-05-22 10:30:00,0.38087502
2016-05-23 10:30:00,0.6544
2016-05-24 10:30:00,0.830225
2016-05-25 10:30:00,0.6350375
2016-05-26 10:30:00,0.45108747
2016-05-27 10:30:00,0.36546248
2016-05-28 10:30:00,0.3949875
2016-05-29 10:30:00,0.47331247
2016-05-30 10:30:00,0.61553746
2016-05-31 10:30:00,0.56418747
2016-06-01 10:30:00,0.534025
2016-06-02 10:30:00,0.5113
2016-06-03 10:30:00,0.46584997
2016-06-04 10:30:00,0.407875
2016-06-05 10:30:00,0.53815
2016-06-06 10:30:00,0.495675
2016-06-07 10:30:00,0.6306
2016-06-08 10:30:00,0.576225
2016-06-09 10:30:00,0.7536125
2016-06-10 10:30:00,0.90288746
2016-06-11 10:30:00,0.66635
2016-06-12 10:30:00,0.75
2016-06-13 10:30:00,0.662025
2016-06-14 10:30:00,0.632375
2016-06-15 10:30:00,0.5848875
2016-06-16 10:30:00,0.7533125
2016-06-17 10:30:00,0.736275
2016-06-18 10:30:00,0.7198375
2016-06-19 10:30:00,0.67092496
2016-06-20 10:30:00,0.619125
2016-06-21 10:30:00,0.609
2016-06-22 10:30:00,0.89248747
2016-06-23 10:30:00,0.73961246
2016-06-24 10:30:00,0.64066255
2016-06-25 10:30:00,0.6020125
2016-06-26 10:30:00,0.50439996
2016-06-27 10:30:00,0.6662625
2016-06-28 10:30:00,0.785625
2016-06-29 10:30:00,0.9134625
2016-06-30 10:30:00,0.795275
2016-07-01 10:30:00,0.6033125
2016-07-02 10:30:00,0.6748625
2016-07-03 10:30:00,0.60101247
2016-07-04 10:30:00,0.488325
2016-07-05 10:30:00,0.4882875
2016-07-06 10:30:00,0.5858625
2016-07-07 10:30:00,0.635925
2016-07-08 10:30:00,0.6688625
2016-07-09 10:30:00,0.7059
2016-07-10 10:30:00,0.4589125
2016-07-11 10:30:00,0.716825
2016-07-12 10:30:00,0.5924625
2016-07-13 10:30:00,0.5785125
2016-07-14 10:30:00,0.6272875
2016-07-15 10:30:00,0.57971245
2016-07-16 10:30:00,0.5695625
2016-07-17 10:30:00,0.5773625
2016-07-18 10:30:00,0.4575875
2016-07-19 10:30:00,0.7228625
2016-07-20 10:30:00,0.716625
2016-07-21 10:30:00,0.787575
2016-07-22 10:30:00,0.972025
2016-07-23 10:30:00,0.75433743
2016-07-24 10:30:00,0.6625875
2016-07-25 10:30:00,0.6612375
2016-07-26 10:30:00,0.6867375
2016-07-27 10:30:00,0.68061244
2016-07-28 10:30:00,0.71655
2016-07-29 10:30:00,0.65928745
2016-07-30 10:30:00,0.772425
2016-07-31 10:30:00,0.74221253
2016-08-01 10:30:00,0.6000875
2016-08-02 10:30:00,0.533925
2016-08-03 10:30:00,0.5412125
2016-08-04 10:30:00,0.5451375
2016-08-05 10:30:00,0.7336375
2016-08-06 10:30:00,0.7383875
2016-08-07 10:30:00,0.55745
2016-08-08 10:30:00,0.4920375
2016-08-09 10:30:00,0.69645005
2016-08-10 10:30:00,0.6294625
2016-08-11 10:30:00,0.426375
2016-08-12 10:30:00,0.42209998
2016-08-13 10:30:00,0.54961246
2016-08-14 10:30:00,0.65197504
2016-08-15 10:30:00,0.5889125
2016-08-16 10:30:00,0.68154997
2016-08-17 10:30:00,0.6252625
2016-08-18 10:30:00,0.59638745
2016-08-19 10:30:00,0.648725
2016-08-20 10:30:00,0.6856875
2016-08-21 10:30:00,0.7187
2016-08-22 10:30:00,0.57444996
2016-08-23 10:30:00,0.82374996
2016-08-24 10:30:00,0.671875
2016-08-25 10:30:00,0.510525
2016-08-26 10:30:00,0.6171625
2016-08-27 10:30:00,0.57147497
2016-08-28 10:30:00,0.5410875
2016-08-29 10:30:00,0.58507496
2016-08-30 10:30:00,0.43682498
2016-08-31 10:30:00,0.82129997
2016-09-01 10:30:00,0.87387496
2016-09-02 10:30:00,0.84318745
2016-09-03 10:30:00,0.8398375
2016-09-04 10:30:00,0.93004996
2016-09-05 10:30:00,0.84347504
2016-09-06 10:30:00,0.8082375
2016-09-07 10:30:00,0.70626247
2016-09-08 10:30:00,0.82653743
2016-09-09 10:30:00,0.89716244
2016-09-10 10:30:00,0.861675
2016-09-11 10:30:00,0.7375625
2016-09-12 10:30:00,0.7989375
2016-09-13 10:30:00,0.8031875
2016-09-14 10:30:00,0.818825
2016-09-15 10:30:00,0.6290625
2016-09-16 10:30:00,0.7500375
2016-09-17 10:30:00,0.82731247
2016-09-18 10:30:00,0.63716245
2016-09-19 10:30:00,0.61597496
2016-09-20 10:30:00,0.6131875
2016-09-21 10:30:00,0.59147495
2016-09-22 10:30:00,0.7535375
2016-09-23 10:30:00,0.75663745
2016-09-24 10:30:00,0.7261625
2016-09-25 10:30:00,0.62215
2016-09-26 10:30:00,0.7736
2016-09-27 10:30:00,0.81702495
2016-09-28 10:30:00,0.64535004
2016-09-29 10:30:00,0.6463624
2016-09-30 10:30:00,0.64256245
2016-10-01 10:30:00,0.59398746
2016-10-02 10:30:00,0.606025
2016-10-03 10:30:00,0.6336
2016-10-04 10:30:00,0.65636253
2016-10-05 10:30:00,0.56944996
2016-10-06 10:30:00,0.57713753
2016-10-07 10:30:00,0.86272496
2016-10-08 10:30:00,0.7431875
2016-10-09 10:30:00,0.6666625
2016-10-10 10:30:00,0.64757496
2016-10-11 10:30:00,0.62256247
2016-10-12 10:30:00,0.67005
2016-10-13 10:30:00,0.6597
2016-10-14 10:30:00,0.6030375
2016-10-15 10:30:00,0.5450875
2016-10-16 10:30:00,0.7016375
2016-10-17 10:30:00,0.618925
2016-10-18 10:30:00,0.52704996
2016-10-19 10:30:00,0.66595
2016-10-20 10:30:00,0.489
2016-10-21 10:30:00,0.7755375
2016-10-22 10:30:00,0.578575
2016-10-23 10:30:00,0.5606
2016-10-24 10:30:00,0.6071625
2016-10-25 10:30:00,0.666475
2016-10-26 10:30:00,0.62189996
2016-10-27 10:30:00,0.623975
2016-10-28 10:30:00,0.67386246
2016-10-29 10:30:00,0.5647625
2016-10-30 10:30:00,0.5973375
2016-10-31 10:30:00,0.5707125
2016-11-01 10:30:00,0.5310375
2016-11-02 10:30:00,0.6337125
2016-11-03 10:30:00,0.7552
2016-11-04 10:30:00,0.81202495
2016-11-05 10:30:00,0.73235
2016-11-06 10:30:00,0.76614994
2016-11-07 10:30:00,0.73910004
2016-11-08 10:30:00,0.6746875
2016-11-09 10:30:00,0.69927496
2016-11-10 10:30:00,0.7886125
2016-11-11 10:30:00,0.6922
2016-11-12 10:30:00,0.68805
2016-11-13 10:30:00,0.807875
2016-11-14 10:30:00,0.698325
2016-11-15 10:30:00,0.7555125
2016-11-16 10:30:00,0.734225
2016-11-17 10:30:00,0.6891625
2016-11-18 10:30:00,0.7953625
2016-11-19 10:30:00,0.670725
2016-11-20 10:30:00,0.638925
2016-11-21 10:30:00,0.64449996
2016-11-22 10:30:00,0.686975
2016-11-23 10:30:00,0.6573375
2016-11-24 10:30:00,0.708475
2016-11-25 10:30:00,0.74021256
2016-11-26 10:30:00,0.697325
2016-11-27 10:30:00,0.71869993
2016-11-28 10:30:00,0.71288747
2016-11-29 10:30:00,0.73639995
2016-11-30 10:30:00,0.6851
2016-12-01 10:30:00,0.64077497
2016-12-02 10:30:00,0.6914875
2016-12-03 10:30:00,0.63635
2016-12-04 10:30:00,0.65725
2016-12-05 10:30:00,0.74683744
2016-12-06 10:30:00,0.7202
2016-12-07 10:30:00,0.7361125
2016-12-08 10:30:00,0.70098746
2016-12-09 10:30:00,0.67348754
2016-12-10 10:30:00,0.6906125
2016-12-11 10:30:00,0.66125
2016-12-12 10:30:00,0.6860875
2016-12-13 10:30:00,0.6561125
2016-12-14 10:30:00,0.6255125
2016-12-15 10:30:00,0.6529875
2016-12-16 10:30:00,0.6890875
2016-12-17 10:30:00,0.68332505
2016-12-18 10:30:00,0.7450125
2016-12-19 10:30:00,0.75824994
2016-12-20 10:30:00,0.70066243
2016-12-21 10:30:00,0.7866625
2016-12-22 10:30:00,0.6366375
2016-12-23 10:30:00,0.68622494
2016-12-24 10:30:00,0.70708746
2016-12-25 10:30:00,0.65187496
2016-12-26 10:30:00,0.5588625
2016-12-27 10:30:00,0.62825
2016-12-28 10:30:00,0.62091243
2016-12-29 10:30:00,0.6574625
2016-12-30 10:30:00,0.67683744
2016-12-31 10:30:00,0.7031125
2017-01-01 10:30:00,0.740675
2017-01-02 10:30:00,0.7218625
2017-01-03 10:30:00,0.6357125
2017-01-04 10:30:00,0.72248745
2017-01-05 10:30:00,0.71485
2017-01-06 10:30:00,0.630675
2017-01-07 10:30:00,0.7262375
2017-01-08 10:30:00,0.6515
2017-01-09 10:30:00,0.6020375
2017-01-10 10:30:00,0.6274375
2017-01-11 10:30:00,0.6085375
2017-01-12 10:30:00,0.5613
2017-01-13 10:30:00,0.6109
2017-01-14 10:30:00,0.65067494
2017-01-15 10:30:00,0.52802503
2017-01-16 10:30:00,0.65277493
2017-01-17 10:30:00,0.6895
2017-01-18 10:30:00,0.626825
2017-01-19 10:30:00,0.6253125
2017-01-20 10:30:00,0.60225
2017-01-21 10:30:00,0.6120125
2017-01-22 10:30:00,0.5922375
2017-01-23 10:30:00,0.529375
2017-01-24 10:30:00,0.6305125
2017-01-25 10:30:00,0.644125
2017-01-26 10:30:00,0.63018745
2017-01-27 10:30:00,0.666025
2017-01-28 10:30:00,0.650025
2017-01-29 10:30:00,0.5944
2017-01-30 10:30:00,0.5936625
2017-01-31 10:30:00,0.5617125
2017-02-01 10:30:00,0.5720375
2017-02-02 10:30:00,0.6188875
2017-02-03 10:30:00,0.672975
2017-02-04 10:30:00,0.6175
2017-02-05 10:30:00,0.673075
2017-02-06 10:30:00,0.646325
2017-02-07 10:30:00,0.6665625
2017-02-08 10:30:00,0.6393875
2017-02-09 10:30:00,0.63796246
2017-02-10 10:30:00,0.58655
2017-02-11 10:30:00,0.5116375
2017-02-12 10:30:00,0.52357495
2017-02-13 10:30:00,0.6236625
2017-02-14 10:30:00,0.59778744
2017-02-15 10:30:00,0.63
2017-02-16 10:30:00,0.61723745
2017-02-17 10:30:00,0.5403625
2017-02-18 10:30:00,0.500325
2017-02-19 10:30:00,0.65316254
2017-02-20 10:30:00,0.6188625
2017-02-21 10:30:00,0.6777875
2017-02-22 10:30:00,0.6225875
2017-02-23 10:30:00,0.65999997
2017-02-24 10:30:00,0.72271246
2017-02-25 10:30:00,0.70845
2017-02-26 10:30:00,0.7341625
2017-02-27 10:30:00,0.6935125
2017-02-28 10:30:00,0.6514375
2017-03-01 10:30:00,0.5976875
2017-03-02 10:30:00,0.6385
2017-03-03 10:30:00,0.6470125
2017-03-04 10:30:00,0.53311247
2017-03-05 10:30:00,0.6062625
2017-03-06 10:30:00,0.6294625
2017-03-07 10:30:00,0.67445
2017-03-08 10:30:00,0.6518
2017-03-09 10:30:00,0.694875
2017-03-10 10:30:00,0.5943
2017-03-11 10:30:00,0.696725
2017-03-12 10:30:00,0.5803
2017-03-13 10:30:00,0.5919875
2017-03-14 10:30:00,0.6194625
2017-03-15 10:30:00,0.6245625
2017-03-16 10:30:00,0.5888375
2017-03-17 10:30:00,0.40846246
2017-03-18 10:30:00,0.5172875
2017-03-19 10:30:00,0.4758125
2017-03-20 10:30:00,0.61233747
2017-03-21 10:30:00,0.5455625
2017-03-22 10:30:00,0.5571875
2017-03-23 10:30:00,0.53776246
2017-03-24 10:30:00,0.46603748
2017-03-25 10:30:00,0.4949875
2017-03-26 10:30:00,0.509275
2017-03-27 10:30:00,0.5264625
2017-03-28 10:30:00,0.5090375
2017-03-29 10:30:00,0.49416247
2017-03-30 10:30:00,0.5395875
2017-03-31 10:30:00,0.4273875
2017-04-01 10:30:00,0.389225
2017-04-02 10:30:00,0.4046375
2017-04-03 10:30:00,0.34745
2017-04-04 10:30:00,0.3164
2017-04-05 10:30:00,0.4113375
2017-04-06 10:30:00,0.54557496
2017-04-07 10:30:00,0.463225
2017-04-08 10:30:00,0.42248747
2017-04-09 10:30:00,0.2746125
2017-04-10 10:30:00,0.320125
2017-04-11 10:30:00,0.3162375
2017-04-12 10:30:00,0.29465
2017-04-13 10:30:00,0.289375
2017-04-14 10:30:00,0.283325
2017-04-15 10:30:00,0.2297625
2017-04-16 10:30:00,0.41682497
2017-04-17 10:30:00,0.6161
2017-04-18 10:30:00,0.59002495
2017-04-19 10:30:00,0.5132625
2017-04-20 10:30:00,0.42479998
2017-04-21 10:30:00,0.2552125
2017-04-22 10:30:00,0.340125
2017-04-23 10:30:00,0.4265
2017-04-24 10:30:00,0.7022
2017-04-25 10:30:00,0.7024499
2017-04-26 10:30:00,0.43127498
2017-04-27 10:30:00,0.33232498
2017-04-28 10:30:00,0.2743375
2017-04-29 10:30:00,0.249275
2017-04-30 10:30:00,0.34236246
2017-05-01 10:30:00,0.15805
2017-05-02 10:30:00,0.2042875
2017-05-03 10:30:00,0.3493625
2017-05-04 10:30:00,0.4055875
2017-05-05 10:30:00,0.6749875
2017-05-06 10:30:00,0.3441875
2017-05-07 10:30:00,0.5373875
2017-05-08 10:30:00,0.1851625
2017-05-09 10:30:00,0.2973625
2017-05-10 10:30:00,0.27793747
2017-05-11 10:30:00,0.595025
2017-05-12 10:30:00,0.5918125
2017-05-13 10:30:00,0.6131375
2017-05-14 10:30:00,0.519275
2017-05-15 10:30:00,0.36409998
2017-05-16 10:30:00,0.4411
2017-05-17 10:30:00,0.39008752
2017-05-18 10:30:00,0.15503749
2017-05-19 10:30:00,0.331775
2017-05-20 10:30:00,0.6281
2017-05-21 10:30:00,0.79945
2017-05-22 10:30:00,0.654
2017-05-23 10:30:00,0.4698875
2017-05-24 10:30:00,0.43185002
2017-05-25 10:30:00,0.4035875
2017-05-26 10:30:00,0.3533625
2017-05-27 10:30:00,0.30765
2017-05-28 10:30:00,0.2529625
2017-05-29 10:30:00,0.313675
2017-05-30 10:30:00,0.27651247
2017-05-31 10:30:00,0.3435875
2017-06-01 10:30:00,0.45204997
2017-06-02 10:30:00,0.661175
2017-06-03 10:30:00,0.45725
2017-06-04 10:30:00,0.44002497
2017-06-05 10:30:00,0.239375
2017-06-06 10:30:00,0.67209995
2017-06-07 10:30:00,0.51334995
2017-06-08 10:30:00,0.40892497
2017-06-09 10:30:00,0.4005375
2017-06-10 10:30:00,0.47522497
2017-06-11 10:30:00,0.53835
2017-06-12 10:30:00,0.55553746
2017-06-13 10:30:00,0.3611125
2017-06-14 10:30:00,0.3296875
2017-06-15 10:30:00,0.45072502
2017-06-16 10:30:00,0.3667875
2017-06-17 10:30:00,0.49439996
2017-06-18 10:30:00,0.5578125
2017-06-19 10:30:00,0.5801875
2017-06-20 10:30:00,0.7567125
2017-06-21 10:30:00,0.7816375
2017-06-22 10:30:00,0.48624998
2017-06-23 10:30:00,0.415475
2017-06-24 10:30:00,0.5455
2017-06-25 10:30:00,0.5448125
2017-06-26 10:30:00,0.603875
2017-06-27 10:30:00,0.537375
2017-06-28 10:30:00,0.50885
2017-06-29 10:30:00,0.5532125
2017-06-30 10:30:00,0.5695375
2017-07-01 10:30:00,0.57888746
2017-07-02 10:30:00,0.6522625
2017-07-03 10:30:00,0.494925
2017-07-04 10:30:00,0.392275
2017-07-05 10:30:00,0.56787497
2017-07-06 10:30:00,0.6402125
2017-07-07 10:30:00,0.777325
2017-07-08 10:30:00,0.7922125
2017-07-09 10:30:00,0.719775
2017-07-10 10:30:00,0.7432
2017-07-11 10:30:00,0.573925
2017-07-12 10:30:00,0.52449995
2017-07-13 10:30:00,0.4675375
2017-07-14 10:30:00,0.46794996
2017-07-15 10:30:00,0.59157497
2017-07-16 10:30:00,0.56995
2017-07-17 10:30:00,0.5053875
2017-07-18 10:30:00,0.53995
2017-07-19 10:30:00,0.54305
2017-07-20 10:30:00,0.82474995
2017-07-21 10:30:00,0.58916247
2017-07-22 10:30:00,0.5481
2017-07-23 10:30:00,0.6356
2017-07-24 10:30:00,0.5142
2017-07-25 10:30:00,0.4475125
2017-07-26 10:30:00,0.84442496
2017-07-27 10:30:00,0.6501625
2017-07-28 10:30:00,0.52221245
2017-07-29 10:30:00,0.75944996
2017-07-30 10:30:00,0.845725
2017-07-31 10:30:00,0.65982497
2017-08-01 10:30:00,0.84417504
2017-08-02 10:30:00,0.8790249
2017-08-03 10:30:00,0.85515
2017-08-04 10:30:00,0.80385
2017-08-05 10:30:00,0.7484625
2017-08-06 10:30:00,0.73268753
2017-08-07 10:30:00,0.7611125
2017-08-08 10:30:00,0.73382497
2017-08-09 10:30:00,0.8440375
2017-08-10 10:30:00,0.87433743
2017-08-11 10:30:00,0.83575004
2017-08-12 10:30:00,0.777425
2017-08-13 10:30:00,0.844525
2017-08-14 10:30:00,0.79139996
2017-08-15 10:30:00,0.92845
2017-08-16 10:30:00,0.8799499
2017-08-17 10:30:00,0.81252503
2017-08-18 10:30:00,0.8013875
2017-08-19 10:30:00,0.78287494
2017-08-20 10:30:00,0.77402496
2017-08-21 10:30:00,0.61689997
2017-08-22 10:30:00,0.6603375
2017-08-23 10:30:00,0.6168375
2017-08-24 10:30:00,0.515125
2017-08-25 10:30:00,0.55326253
2017-08-26 10:30:00,0.538125
2017-08-27 10:30:00,0.534775
2017-08-28 10:30:00,0.42448747
2017-08-29 10:30:00,0.423525
2017-08-30 10:30:00,0.5703875
2017-08-31 10:30:00,0.6221375
2017-09-01 10:30:00,0.62469995
2017-09-02 10:30:00,0.6704125
2017-09-03 10:30:00,0.85525
2017-09-04 10:30:00,0.7506125
2017-09-05 10:30:00,0.77317494
2017-09-06 10:30:00,0.65661246
2017-09-07 10:30:00,0.6332625
2017-09-08 10:30:00,0.628075
2017-09-09 10:30:00,0.639475
2017-09-10 10:30:00,0.767375
2017-09-11 10:30:00,0.4968125
2017-09-12 10:30:00,0.6847
2017-09-13 10:30:00,0.6420375
2017-09-14 10:30:00,0.6258125
2017-09-15 10:30:00,0.87985
2017-09-16 10:30:00,0.7581125
2017-09-17 10:30:00,0.6955125
2017-09-18 10:30:00,0.66068745
2017-09-19 10:30:00,0.7305874
2017-09-20 10:30:00,0.604625
2017-09-21 10:30:00,0.39736247
2017-09-22 10:30:00,0.4806125
2017-09-23 10:30:00,0.38041252
2017-09-24 10:30:00,0.5691125
2017-09-25 10:30:00,0.5028
2017-09-26 10:30:00,0.4308625
2017-09-27 10:30:00,0.3566625
2017-09-28 10:30:00,0.43601248
2017-09-29 10:30:00,0.4353625
2017-09-30 10:30:00,0.3646375
2017-10-01 10:30:00,0.471225
2017-10-02 10:30:00,0.3908125
2017-10-03 10:30:00,0.4687875
2017-10-04 10:30:00,0.2798875
2017-10-05 10:30:00,0.4250125
2017-10-06 10:30:00,0.5214125
2017-10-07 10:30:00,0.542
2017-10-08 10:30:00,0.8811
2017-10-09 10:30:00,0.6923625
2017-10-10 10:30:00,0.58041245
2017-10-11 10:30:00,0.703925
2017-10-12 10:30:00,0.61251247
2017-10-13 10:30:00,0.5535625
2017-10-14 10:30:00,0.53748745
2017-10-15 10:30:00,0.58271253
2017-10-16 10:30:00,0.45374998
2017-10-17 10:30:00,0.3748875
2017-10-18 10:30:00,0.3608625
2017-10-19 10:30:00,0.4871625
2017-10-20 10:30:00,0.535425
2017-10-21 10:30:00,0.47428748
2017-10-22 10:30:00,0.5313625
2017-10-23 10:30:00,0.50686246
2017-10-24 10:30:00,0.47187498
2017-10-25 10:30:00,0.48839998
2017-10-26 10:30:00,0.45125
2017-10-27 10:30:00,0.47361246
2017-10-28 10:30:00,0.5291
2017-10-29 10:30:00,0.5365375
2017-10-30 10:30:00,0.3041375
2017-10-31 10:30:00,0.45796248
2017-11-01 10:30:00,0.5407125
2017-11-02 10:30:00,0.6293
2017-11-03 10:30:00,0.496525
2017-11-04 10:30:00,0.4227125
2017-11-05 10:30:00,0.43136248
2017-11-06 10:30:00,0.6012125
2017-11-07 10:30:00,0.78701246
2017-11-08 10:30:00,0.7481
2017-11-09 10:30:00,0.671575
2017-11-10 10:30:00,0.59714997
2017-11-11 10:30:00,0.5078625
2017-11-12 10:30:00,0.5941375
2017-11-13 10:30:00,0.6004
2017-11-14 10:30:00,0.562175
2017-11-15 10:30:00,0.55772495
2017-11-16 10:30:00,0.5316875
2017-11-17 10:30:00,0.61759996
2017-11-18 10:30:00,0.5899625
2017-11-19 10:30:00,0.64567494
2017-11-20 10:30:00,0.64358747
2017-11-21 10:30:00,0.59182495
2017-11-22 10:30:00,0.6123875
2017-11-23 10:30:00,0.48628747
2017-11-24 10:30:00,0.5609
2017-11-25 10:30:00,0.59991246
2017-11-26 10:30:00,0.4881625
2017-11-27 10:30:00,0.48834997
2017-11-28 10:30:00,0.451175
2017-11-29 10:30:00,0.46702498
2017-11-30 10:30:00,0.5529625
2017-12-01 10:30:00,0.6044375
2017-12-02 10:30:00,0.6526875
2017-12-03 10:30:00,0.5766125
2017-12-04 10:30:00,0.6064625
2017-12-05 10:30:00,0.71788746
2017-12-06 10:30:00,0.65697503
2017-12-07 10:30:00,0.6004625
2017-12-08 10:30:00,0.68862504
2017-12-09 10:30:00,0.6342125
2017-12-10 10:30:00,0.5355125
2017-12-11 10:30:00,0.535875
2017-12-12 10:30:00,0.48491248
2017-12-13 10:30:00,0.52345
2017-12-14 10:30:00,0.58701247
2017-12-15 10:30:00,0.6496125
2017-12-16 10:30:00,0.59999996
2017-12-17 10:30:00,0.675375
2017-12-18 10:30:00,0.5910375
2017-12-19 10:30:00,0.65698755
2017-12-20 10:30:00,0.641
2017-12-21 10:30:00,0.53905
2017-12-22 10:30:00,0.583875
2017-12-23 10:30:00,0.6409625
2017-12-24 10:30:00,0.6808
2017-12-25 10:30:00,0.63866246
2017-12-26 10:30:00,0.515725
2017-12-27 10:30:00,0.64231247
2017-12-28 10:30:00,0.663225
2017-12-29 10:30:00,0.5662125
2017-12-30 10:30:00,0.6709625
2017-12-31 10:30:00,0.63624996
2018-01-01 10:30:00,0.6238
2018-01-02 10:30:00,0.64628744
2018-01-03 10:30:00,0.6039875
2018-01-04 10:30:00,0.54987496
2018-01-05 10:30:00,0.66268754
2018-01-06 10:30:00,0.6318
2018-01-07 10:30:00,0.67785
2018-01-08 10:30:00,0.69333744
2018-01-09 10:30:00,0.5954
2018-01-10 10:30:00,0.5286125
2018-01-11 10:30:00,0.55
2018-01-12 10:30:00,0.65411246
2018-01-13 10:30:00,0.641525
2018-01-14 10:30:00,0.62298745
2018-01-15 10:30:00,0.72171247
2018-01-16 10:30:00,0.709825
2018-01-17 10:30:00,0.64125
2018-01-18 10:30:00,0.61721253
2018-01-19 10:30:00,0.5541875
2018-01-20 10:30:00,0.5252125
2018-01-21 10:30:00,0.5188375
2018-01-22 10:30:00,0.5458625
2018-01-23 10:30:00,0.553525
2018-01-24 10:30:00,0.54179996
2018-01-25 10:30:00,0.50721246
2018-01-26 10:30:00,0.499375
2018-01-27 10:30:00,0.526025
2018-01-28 10:30:00,0.587325
2018-01-29 10:30:00,0.6410125
2018-01-30 10:30:00,0.61705
2018-01-31 10:30:00,0.6429875
2018-02-01 10:30:00,0.6100375
2018-02-02 10:30:00,0.5836875
2018-02-03 10:30:00,0.5866375
2018-02-04 10:30:00,0.586425
2018-02-05 10:30:00,0.5510875
2018-02-06 10:30:00,0.566825
2018-02-07 10:30:00,0.591425
2018-02-08 10:30:00,0.6096625
2018-02-09 10:30:00,0.595525
2018-02-10 10:30:00,0.5564125
2018-02-11 10:30:00,0.5898125
2018-02-12 10:30:00,0.564725
2018-02-13 10:30:00,0.61057496
2018-02-14 10:30:00,0.608875
2018-02-15 10:30:00,0.602125
2018-02-16 10:30:00,0.53548753
2018-02-17 10:30:00,0.4936125
2018-02-18 10:30:00,0.5369
2018-02-19 10:30:00,0.608375
2018-02-20 10:30:00,0.6199875
2018-02-21 10:30:00,0.6559625
2018-02-22 10:30:00,0.67885
2018-02-23 10:30:00,0.5803
2018-02-24 10:30:00,0.5886875
2018-02-25 10:30:00,0.6052375
2018-02-26 10:30:00,0.7277749
2018-02-27 10:30:00,0.6899125
2018-02-28 10:30:00,0.698
2018-03-01 10:30:00,0.6285125
2018-03-02 10:30:00,0.53428745
2018-03-03 10:30:00,0.6741625
2018-03-04 10:30:00,0.58015
2018-03-05 10:30:00,0.574925
2018-03-06 10:30:00,0.5348375
2018-03-07 10:30:00,0.5678375
2018-03-08 10:30:00,0.56965
2018-03-09 10:30:00,0.55945
2018-03-10 10:30:00,0.67448753
2018-03-11 10:30:00,0.59723747
2018-03-12 10:30:00,0.719925
2018-03-13 10:30:00,0.67223746
2018-03-14 10:30:00,0.68653744
2018-03-15 10:30:00,0.4826625
2018-03-16 10:30:00,0.456725
2018-03-17 10:30:00,0.44242498
2018-03-18 10:30:00,0.5045625
2018-03-19 10:30:00,0.37986246
2018-03-20 10:30:00,0.6111125
2018-03-21 10:30:00,0.51827496
2018-03-22 10:30:00,0.397425
2018-03-23 10:30:00,0.36724997
2018-03-24 10:30:00,0.3777375
2018-03-25 10:30:00,0.2499
2018-03-26 10:30:00,0.2634
2018-03-27 10:30:00,0.37687498
2018-03-28 10:30:00,0.38658753
2018-03-29 10:30:00,0.34669998
2018-03-30 10:30:00,0.4881
2018-03-31 10:30:00,0.49564996
2018-04-01 10:30:00,0.35119998
2018-04-02 10:30:00,0.28265
2018-04-03 10:30:00,0.3119
2018-04-04 10:30:00,0.23743749
2018-04-05 10:30:00,0.59465
2018-04-06 10:30:00,0.3829375
2018-04-07 10:30:00,0.36193746
2018-04-08 10:30:00,0.38471252
2018-04-09 10:30:00,0.3797125
2018-04-10 10:30:00,0.4739875
2018-04-11 10:30:00,0.3705125
2018-04-12 10:30:00,0.35378748
2018-04-13 10:30:00,0.7097875
2018-04-14 10:30:00,0.81854993
2018-04-15 10:30:00,0.4591875
2018-04-16 10:30:00,0.2400625
2018-04-17 10:30:00,0.4626625
2018-04-18 10:30:00,0.64248747
2018-04-19 10:30:00,0.37603748
2018-04-20 10:30:00,0.74165
2018-04-21 10:30:00,0.5907625
2018-04-22 10:30:00,0.46862498
2018-04-23 10:30:00,0.4158125
2018-04-24 10:30:00,0.2931
2018-04-25 10:30:00,0.26799998
2018-04-26 10:30:00,0.33771247
2018-04-27 10:30:00,0.27423748
2018-04-28 10:30:00,0.369525
2018-04-29 10:30:00,0.41669998
2018-04-30 10:30:00,0.42268747
2018-05-01 10:30:00,0.45229998
2018-05-02 10:30:00,0.4550625
2018-05-03 10:30:00,0.337025
2018-05-04 10:30:00,0.263075
2018-05-05 10:30:00,0.19219999
2018-05-06 10:30:00,0.379975
2018-05-07 10:30:00,0.49011248
2018-05-08 10:30:00,0.3565625
2018-05-09 10:30:00,0.3245625
2018-05-10 10:30:00,0.451475
2018-05-11 10:30:00,0.3195375
2018-05-12 10:30:00,0.31925
2018-05-13 10:30:00,0.434925
2018-05-14 10:30:00,0.333125
2018-05-15 10:30:00,0.4902125
2018-05-16 10:30:00,0.5680625
2018-05-17 10:30:00,0.4482
2018-05-18 10:30:00,0.38018748
2018-05-19 10:30:00,0.2874125
2018-05-20 10:30:00,0.663575
2018-05-21 10:30:00,0.57647496
2018-05-22 10:30:00,0.69557494
2018-05-23 10:30:00,0.5065375
2018-05-24 10:30:00,0.536225
2018-05-25 10:30:00,0.48162496
2018-05-26 10:30:00,0.57075
2018-05-27 10:30:00,0.5945375
2018-05-28 10:30:00,0.71809995
2018-05-29 10:30:00,0.76895005
2018-05-30 10:30:00,0.53706247
2018-05-31 10:30:00,0.3172375
2018-06-01 10:30:00,0.20431249
2018-06-02 10:30:00,0.210725
2018-06-03 10:30:00,0.42604998
2018-06-04 10:30:00,0.60045
2018-06-05 10:30:00,0.63011247
2018-06-06 10:30:00,0.61241245
2018-06-07 10:30:00,0.70565003
2018-06-08 10:30:00,0.623175
2018-06-09 10:30:00,0.73092496
2018-06-10 10:30:00,0.5398875
2018-06-11 10:30:00,0.70785004
2018-06-12 10:30:00,0.784025
2018-06-13 10:30:00,0.762925
2018-06-14 10:30:00,0.73262495
2018-06-15 10:30:00,0.804325
2018-06-16 10:30:00,0.691875
2018-06-17 10:30:00,0.5472125
2018-06-18 10:30:00,0.68903744
2018-06-19 10:30:00,0.5240875
2018-06-20 10:30:00,0.55305
2018-06-21 10:30:00,0.42248747
2018-06-22 10:30:00,0.526375
2018-06-23 10:30:00,0.5131625
2018-06-24 10:30:00,0.7522
2018-06-25 10:30:00,0.67263746
2018-06-26 10:30:00,0.69113755
2018-06-27 10:30:00,0.72078747
2018-06-28 10:30:00,0.58545
2018-06-29 10:30:00,0.563475
2018-06-30 10:30:00,0.5444625
2018-07-01 10:30:00,0.5233625
2018-07-02 10:30:00,0.542425
2018-07-03 10:30:00,0.8217125
2018-07-04 10:30:00,0.90185
2018-07-05 10:30:00,0.81912494
2018-07-06 10:30:00,0.80833745
2018-07-07 10:30:00,0.9428
2018-07-08 10:30:00,0.7076375
2018-07-09 10:30:00,0.57845
2018-07-10 10:30:00,0.739375
2018-07-11 10:30:00,0.86372495
2018-07-12 10:30:00,0.66104996
2018-07-13 10:30:00,0.6118
2018-07-14 10:30:00,0.6173875
2018-07-15 10:30:00,0.60908747
2018-07-16 10:30:00,0.865875
2018-07-17 10:30:00,0.80786246
2018-07-18 10:30:00,0.7688125
2018-07-19 10:30:00,0.6615625
2018-07-20 10:30:00,0.854925
2018-07-21 10:30:00,0.79885
2018-07-22 10:30:00,0.642325
2018-07-23 10:30:00,0.6096875
2018-07-24 10:30:00,0.871775
2018-07-25 10:30:00,0.90718746
2018-07-26 10:30:00,0.80695
2018-07-27 10:30:00,0.82105
2018-07-28 10:30:00,0.7889625
2018-07-29 10:30:00,0.736725
2018-07-30 10:30:00,0.80285
2018-07-31 10:30:00,0.65276253
2018-08-01 10:30:00,0.6933875
2018-08-02 10:30:00,0.75927496
2018-08-03 10:30:00,0.70654994
2018-08-04 10:30:00,0.8086625
2018-08-05 10:30:00,0.81973755
2018-08-06 10:30:00,0.88948745
2018-08-07 10:30:00,0.8833875
2018-08-08 10:30:00,0.761825
2018-08-09 10:30:00,0.6951625
2018-08-10 10:30:00,0.6331
2018-08-11 10:30:00,0.8669875
2018-08-12 10:30:00,0.88193744
2018-08-13 10:30:00,0.95879996
2018-08-14 10:30:00,0.87373745
2018-08-15 10:30:00,0.8390875
2018-08-16 10:30:00,0.77411246
2018-08-17 10:30:00,0.77498746
2018-08-18 10:30:00,0.6814875
2018-08-19 10:30:00,0.6469875
2018-08-20 10:30:00,0.72375
2018-08-21 10:30:00,0.6504625
2018-08-22 10:30:00,0.70216244
2018-08-23 10:30:00,0.686675
2018-08-24 10:30:00,0.7417
2018-08-25 10:30:00,0.804475
2018-08-26 10:30:00,0.724625
2018-08-27 10:30:00,0.77521247
2018-08-28 10:30:00,0.91631246
2018-08-29 10:30:00,0.80646247
2018-08-30 10:30:00,0.88247496
2018-08-31 10:30:00,0.7696375
2018-09-01 10:30:00,0.74081254
2018-09-02 10:30:00,0.851175
2018-09-03 10:30:00,0.6795875
2018-09-04 10:30:00,0.731975
2018-09-05 10:30:00,0.7472125
2018-09-06 10:30:00,0.59613746
2018-09-07 10:30:00,0.7104125
2018-09-08 10:30:00,0.6264125
2018-09-09 10:30:00,0.68322504
2018-09-10 10:30:00,0.5988375
2018-09-11 10:30:00,0.73003745
2018-09-12 10:30:00,0.6530375
2018-09-13 10:30:00,0.62175
2018-09-14 10:30:00,0.70357496
2018-09-15 10:30:00,0.4906
2018-09-16 10:30:00,0.58959997
2018-09-17 10:30:00,0.547625
2018-09-18 10:30:00,0.60706246
2018-09-19 10:30:00,0.5818
2018-09-20 10:30:00,0.390975
2018-09-21 10:30:00,0.702325
2018-09-22 10:30:00,0.8606375
2018-09-23 10:30:00,0.6530375
2018-09-24 10:30:00,0.6810875
2018-09-25 10:30:00,0.53003746
2018-09-26 10:30:00,0.567825
2018-09-27 10:30:00,0.5322
2018-09-28 10:30:00,0.78511244
2018-09-29 10:30:00,0.941
2018-09-30 10:30:00,0.87343746
2018-10-01 10:30:00,0.5749125
2018-10-02 10:30:00,0.6380625
2018-10-03 10:30:00,0.5725875
2018-10-04 10:30:00,0.54895
2018-10-05 10:30:00,0.3920375
2018-10-06 10:30:00,0.453275
2018-10-07 10:30:00,0.68955
2018-10-08 10:30:00,0.6970625
2018-10-09 10:30:00,0.70444995
2018-10-10 10:30:00,0.65964997
2018-10-11 10:30:00,0.571175
2018-10-12 10:30:00,0.4785375
2018-10-13 10:30:00,0.46745
2018-10-14 10:30:00,0.5539125
2018-10-15 10:30:00,0.47025
2018-10-16 10:30:00,0.4430125
2018-10-17 10:30:00,0.471925
2018-10-18 10:30:00,0.342225
2018-10-19 10:30:00,0.490875
2018-10-20 10:30:00,0.3807625
2018-10-21 10:30:00,0.635
2018-10-22 10:30:00,0.48921248
2018-10-23 10:30:00,0.6607625
2018-10-24 10:30:00,0.583825
2018-10-25 10:30:00,0.7066
2018-10-26 10:30:00,0.68604994
2018-10-27 10:30:00,0.5740875
2018-10-28 10:30:00,0.57935
2018-10-29 10:30:00,0.66482496
2018-10-30 10:30:00,0.638775
2018-10-31 10:30:00,0.58256245
2018-11-01 10:30:00,0.5258125
2018-11-02 10:30:00,0.4133875
2018-11-03 10:30:00,0.6279
2018-11-04 10:30:00,0.506825
2018-11-05 10:30:00,0.624775
2018-11-06 10:30:00,0.49989995
2018-11-07 10:30:00,0.5139625
2018-11-08 10:30:00,0.6386875
2018-11-09 10:30:00,0.66808754
2018-11-10 10:30:00,0.5969625
2018-11-11 10:30:00,0.6854
2018-11-12 10:30:00,0.70308745
2018-11-13 10:30:00,0.6838125
2018-11-14 10:30:00,0.62763745
2018-11-15 10:30:00,0.4715375
2018-11-16 10:30:00,0.45052502
2018-11-17 10:30:00,0.6157
2018-11-18 10:30:00,0.5797875
2018-11-19 10:30:00,0.6051875
2018-11-20 10:30:00,0.52393746
2018-11-21 10:30:00,0.4517125
2018-11-22 10:30:00,0.5518125
2018-11-23 10:30:00,0.45252502
2018-11-24 10:30:00,0.48215
2018-11-25 10:30:00,0.3941375
2018-11-26 10:30:00,0.41417497
2018-11-27 10:30:00,0.4311
2018-11-28 10:30:00,0.51686245
2018-11-29 10:30:00,0.46975
2018-11-30 10:30:00,0.4968875
2018-12-01 10:30:00,0.36476249
2018-12-02 10:30:00,0.46081248
2018-12-03 10:30:00,0.50177497
2018-12-04 10:30:00,0.5027
2018-12-05 10:30:00,0.47772497
2018-12-06 10:30:00,0.5285125
2018-12-07 10:30:00,0.5032
2018-12-08 10:30:00,0.505125
2018-12-09 10:30:00,0.603725
2018-12-10 10:30:00,0.5948
2018-12-11 10:30:00,0.56295
2018-12-12 10:30:00,0.6416625
2018-12-13 10:30:00,0.58599997
2018-12-14 10:30:00,0.55868745
2018-12-15 10:30:00,0.544225
2018-12-16 10:30:00,0.5624875
2018-12-17 10:30:00,0.599725
2018-12-18 10:30:00,0.5877625
2018-12-19 10:30:00,0.6177875
2018-12-20 10:30:00,0.700525
2018-12-21 10:30:00,0.6761
2018-12-22 10:30:00,0.47753748
2018-12-23 10:30:00,0.484475
2018-12-24 10:30:00,0.479775
2018-12-25 10:30:00,0.41948748
2018-12-26 10:30:00,0.480825
2018-12-27 10:30:00,0.5107375
2018-12-28 10:30:00,0.5197375
2018-12-29 10:30:00,0.5100125
2018-12-30 10:30:00,0.51252496
2018-12-31 10:30:00,0.49217498
2019-01-01 10:30:00,0.5351625
2019-01-02 10:30:00,0.5154
2019-01-03 10:30:00,0.61978745
2019-01-04 10:30:00,0.53002495
2019-01-05 10:30:00,0.51357496
2019-01-06 10:30:00,0.497225
2019-01-07 10:30:00,0.5543
2019-01-08 10:30:00,0.40651247
2019-01-09 10:30:00,0.4141625
2019-01-10 10:30:00,0.580925
2019-01-11 10:30:00,0.62045
2019-01-12 10:30:00,0.6087125
2019-01-13 10:30:00,0.6134
2019-01-14 10:30:00,0.5749625
2019-01-15 10:30:00,0.4132
2019-01-16 10:30:00,0.571375
2019-01-17 10:30:00,0.5646625
2019-01-18 10:30:00,0.5377375
2019-01-19 10:30:00,0.569225
2019-01-20 10:30:00,0.44783747
2019-01-21 10:30:00,0.46074998
2019-01-22 10:30:00,0.53662497
2019-01-23 10:30:00,0.4486125
2019-01-24 10:30:00,0.53964996
2019-01-25 10:30:00,0.503125
2019-01-26 10:30:00,0.36589998
2019-01-27 10:30:00,0.57864994
2019-01-28 10:30:00,0.40756246
2019-01-29 10:30:00,0.42078748
2019-01-30 10:30:00,0.4382875
2019-01-31 10:30:00,0.3725125
2019-02-01 10:30:00,0.3027125
2019-02-02 10:30:00,0.43955
2019-02-03 10:30:00,0.47261247
2019-02-04 10:30:00,0.500825
2019-02-05 10:30:00,0.43397498
2019-02-06 10:30:00,0.43089998
2019-02-07 10:30:00,0.410325
2019-02-08 10:30:00,0.43017498
2019-02-09 10:30:00,0.4435625
2019-02-10 10:30:00,0.4427875
2019-02-11 10:30:00,0.44634998
2019-02-12 10:30:00,0.3973875
2019-02-13 10:30:00,0.39061248
2019-02-14 10:30:00,0.343225
2019-02-15 10:30:00,0.39209998
2019-02-16 10:30:00,0.42153752
2019-02-17 10:30:00,0.34411252
2019-02-18 10:30:00,0.30805
2019-02-19 10:30:00,0.4429625
2019-02-20 10:30:00,0.35125
2019-02-21 10:30:00,0.40697497
2019-02-22 10:30:00,0.4721125
2019-02-23 10:30:00,0.3497625
2019-02-24 10:30:00,0.43064997
2019-02-25 10:30:00,0.54595
2019-02-26 10:30:00,0.47217497
2019-02-27 10:30:00,0.454
2019-02-28 10:30:00,0.4131
2019-03-01 10:30:00,0.3145
2019-03-02 10:30:00,0.357075
2019-03-03 10:30:00,0.47123748
2019-03-04 10:30:00,0.3737
2019-03-05 10:30:00,0.501025
2019-03-06 10:30:00,0.42044997
2019-03-07 10:30:00,0.32838747
2019-03-08 10:30:00,0.23848751
2019-03-09 10:30:00,0.3739375
2019-03-10 10:30:00,0.3190625
2019-03-11 10:30:00,0.369275
2019-03-12 10:30:00,0.3632125
2019-03-13 10:30:00,0.4813625
2019-03-14 10:30:00,0.50116247
2019-03-15 10:30:00,0.5179
2019-03-16 10:30:00,0.576675
2019-03-17 10:30:00,0.37791252
2019-03-18 10:30:00,0.24915001
2019-03-19 10:30:00,0.33359998
2019-03-20 10:30:00,0.765825
2019-03-21 10:30:00,0.4200125
2019-03-22 10:30:00,0.4591875
2019-03-23 10:30:00,0.367125
2019-03-24 10:30:00,0.334425
2019-03-25 10:30:00,0.24562499
2019-03-26 10:30:00,0.3685625
2019-03-27 10:30:00,0.252625
2019-03-28 10:30:00,0.3423125
2019-03-29 10:30:00,0.4598125
2019-03-30 10:30:00,0.33846247
2019-03-31 10:30:00,0.33510002
2019-04-01 10:30:00,0.33825
2019-04-02 10:30:00,0.2694125
2019-04-03 10:30:00,0.2097875
2019-04-04 10:30:00,0.4757
2019-04-05 10:30:00,0.32424998
2019-04-06 10:30:00,0.4673
2019-04-07 10:30:00,0.5188625
2019-04-08 10:30:00,0.5531
2019-04-09 10:30:00,0.33666247
2019-04-10 10:30:00,0.31016248
2019-04-11 10:30:00,0.2554875
2019-04-12 10:30:00,0.161975
2019-04-13 10:30:00,0.3852125
2019-04-14 10:30:00,0.309025
2019-04-15 10:30:00,0.13745
2019-04-16 10:30:00,0.17188749
2019-04-17 10:30:00,0.5093125
2019-04-18 10:30:00,0.328575
2019-04-19 10:30:00,0.17473751
2019-04-20 10:30:00,0.2028
2019-04-21 10:30:00,0.16848749
2019-04-22 10:30:00,0.2535375
2019-04-23 10:30:00,0.16875
2019-04-24 10:30:00,0.3197125
2019-04-25 10:30:00,0.24637501
2019-04-26 10:30:00,0.16292499
2019-04-27 10:30:00,0.2364875
2019-04-28 10:30:00,0.269725
2019-04-29 10:30:00,0.2409
2019-04-30 10:30:00,0.271875
2019-05-01 10:30:00,0.2660125
2019-05-02 10:30:00,0.19168751
2019-05-03 10:30:00,0.1633125
2019-05-04 10:30:00,0.54966253
2019-05-05 10:30:00,0.326575
2019-05-06 10:30:00,0.21187499
2019-05-07 10:30:00,0.2141625
2019-05-08 10:30:00,0.273225
2019-05-09 10:30:00,0.20639999
2019-05-10 10:30:00,0.35815
2019-05-11 10:30:00,0.57665
2019-05-12 10:30:00,0.6318875
2019-05-13 10:30:00,0.6726874
2019-05-14 10:30:00,0.60952497
2019-05-15 10:30:00,0.4612375
2019-05-16 10:30:00,0.258725
2019-05-17 10:30:00,0.24073748
2019-05-18 10:30:00,0.2025625
2019-05-19 10:30:00,0.828825
2019-05-20 10:30:00,0.39769998
2019-05-21 10:30:00,0.33119997
2019-05-22 10:30:00,0.32064998
2019-05-23 10:30:00,0.40240002
2019-05-24 10:30:00,0.35393748
2019-05-25 10:30:00,0.65559995
2019-05-26 10:30:00,0.6745875
2019-05-27 10:30:00,0.2429875
2019-05-28 10:30:00,0.2473125
2019-05-29 10:30:00,0.2942
2019-05-30 10:30:00,0.60056245
2019-05-31 10:30:00,0.5559
2019-06-01 10:30:00,0.4208
2019-06-02 10:30:00,0.5404375
2019-06-03 10:30:00,0.51481247
2019-06-04 10:30:00,0.513175
2019-06-05 10:30:00,0.43956247
2019-06-06 10:30:00,0.61443746
2019-06-07 10:30:00,0.72089994
2019-06-08 10:30:00,0.84015
2019-06-09 10:30:00,0.79433745
2019-06-10 10:30:00,0.6339375
2019-06-11 10:30:00,0.5475375
2019-06-12 10:30:00,0.5806625
2019-06-13 10:30:00,0.4054375
2019-06-14 10:30:00,0.5856125
2019-06-15 10:30:00,0.5005625
2019-06-16 10:30:00,0.4679875
2019-06-17 10:30:00,0.37865
2019-06-18 10:30:00,0.48459998
2019-06-19 10:30:00,0.433925
2019-06-20 10:30:00,0.59755
2019-06-21 10:30:00,0.5002625
2019-06-22 10:30:00,0.49732497
2019-06-23 10:30:00,0.39139998
2019-06-24 10:30:00,0.40647498
2019-06-25 10:30:00,0.8022125
2019-06-26 10:30:00,0.7667375
2019-06-27 10:30:00,0.79489994
2019-06-28 10:30:00,0.8526
2019-06-29 10:30:00,0.78880006
2019-06-30 10:30:00,0.72538745
2019-07-01 10:30:00,0.6881625
2019-07-02 10:30:00,0.6762999
2019-07-03 10:30:00,0.64937496
2019-07-04 10:30:00,0.62385
2019-07-05 10:30:00,0.85445
2019-07-06 10:30:00,0.7723
2019-07-07 10:30:00,0.7004
2019-07-08 10:30:00,0.6973625
2019-07-09 10:30:00,0.754
2019-07-10 10:30:00,0.78449994
2019-07-11 10:30:00,0.8160875
2019-07-12 10:30:00,0.81352496
2019-07-13 10:30:00,0.83544993
2019-07-14 10:30:00,0.7714375
2019-07-15 10:30:00,0.7365875
2019-07-16 10:30:00,0.7461625
2019-07-17 10:30:00,0.67305
2019-07-18 10:30:00,0.6723375
2019-07-19 10:30:00,0.7424375
2019-07-20 10:30:00,0.80455
2019-07-21 10:30:00,0.6849
2019-07-22 10:30:00,0.6902875
2019-07-23 10:30:00,0.78811246
2019-07-24 10:30:00,0.84145004
2019-07-25 10:30:00,0.6344875
2019-07-26 10:30:00,0.6743375
2019-07-27 10:30:00,0.8343
2019-07-28 10:30:00,0.6409625
2019-07-29 10:30:00,0.585625
2019-07-30 10:30:00,0.73412496
2019-07-31 10:30:00,0.732225
2019-08-01 10:30:00,0.71442497
2019-08-02 10:30:00,0.7093125
2019-08-03 10:30:00,0.647125
2019-08-04 10:30:00,0.5745875
2019-08-05 10:30:00,0.7201125
2019-08-06 10:30:00,0.9242875
2019-08-07 10:30:00,0.9239625
2019-08-08 10:30:00,0.84555
2019-08-09 10:30:00,0.8461625
2019-08-10 10:30:00,0.932675
2019-08-11 10:30:00,0.85118747
2019-08-12 10:30:00,0.8652375
2019-08-13 10:30:00,0.68095
2019-08-14 10:30:00,0.728525
2019-08-15 10:30:00,0.80811244
2019-08-16 10:30:00,0.8063875
2019-08-17 10:30:00,0.746475
2019-08-18 10:30:00,0.73448753
2019-08-19 10:30:00,0.69974995
2019-08-20 10:30:00,0.7969625
2019-08-21 10:30:00,0.53671247
2019-08-22 10:30:00,0.82573754
2019-08-23 10:30:00,0.8088
2019-08-24 10:30:00,0.7918625
2019-08-25 10:30:00,0.81624997
2019-08-26 10:30:00,0.7089499
2019-08-27 10:30:00,0.6892375
2019-08-28 10:30:00,0.7322999
2019-08-29 10:30:00,0.7689125
2019-08-30 10:30:00,0.673925
2019-08-31 10:30:00,0.6782
2019-09-01 10:30:00,0.611525
2019-09-02 10:30:00,0.74982494
2019-09-03 10:30:00,0.67896247
2019-09-04 10:30:00,0.556
2019-09-05 10:30:00,0.6246375
2019-09-06 10:30:00,0.6696875
2019-09-07 10:30:00,0.59174997
2019-09-08 10:30:00,0.55436254
2019-09-09 10:30:00,0.55184996
2019-09-10 10:30:00,0.6023375
2019-09-11 10:30:00,0.5334
2019-09-12 10:30:00,0.4345125
2019-09-13 10:30:00,0.66381246
2019-09-14 10:30:00,0.4483375
2019-09-15 10:30:00,0.4641375
2019-09-16 10:30:00,0.39923748
2019-09-17 10:30:00,0.4876125
2019-09-18 10:30:00,0.48182502
2019-09-19 10:30:00,0.603225
2019-09-20 10:30:00,0.626125
2019-09-21 10:30:00,0.5767
2019-09-22 10:30:00,0.54522496
2019-09-23 10:30:00,0.455075
2019-09-24 10:30:00,0.42058748
2019-09-25 10:30:00,0.395425
2019-09-26 10:30:00,0.29075
2019-09-27 10:30:00,0.2757
2019-09-28 10:30:00,0.41257498
2019-09-29 10:30:00,0.374
2019-09-30 10:30:00,0.449975
2019-10-01 10:30:00,0.3982125
2019-10-02 10:30:00,0.66249996
2019-10-03 10:30:00,0.7947125
2019-10-04 10:30:00,0.487375
2019-10-05 10:30:00,0.5259
2019-10-06 10:30:00,0.36580002
2019-10-07 10:30:00,0.5025125
2019-10-08 10:30:00,0.49034998
2019-10-09 10:30:00,0.4142375
2019-10-10 10:30:00,0.42482498
2019-10-11 10:30:00,0.4183
2019-10-12 10:30:00,0.385
2019-10-13 10:30:00,0.37408748
2019-10-14 10:30:00,0.33625
2019-10-15 10:30:00,0.2778875
2019-10-16 10:30:00,0.504925
2019-10-17 10:30:00,0.34702498
2019-10-18 10:30:00,0.45413747
2019-10-19 10:30:00,0.5469875
2019-10-20 10:30:00,0.56698745
2019-10-21 10:30:00,0.5239
2019-10-22 10:30:00,0.467825
2019-10-23 10:30:00,0.47695
2019-10-24 10:30:00,0.7836375
2019-10-25 10:30:00,0.62238747
2019-10-26 10:30:00,0.67841244
2019-10-27 10:30:00,0.56408745
2019-10-28 10:30:00,0.6343
2019-10-29 10:30:00,0.50715
2019-10-30 10:30:00,0.4774625
2019-10-31 10:30:00,0.3277375
2019-11-01 10:30:00,0.42526248
2019-11-02 10:30:00,0.539675
2019-11-03 10:30:00,0.60845
2019-11-04 10:30:00,0.5094375
2019-11-05 10:30:00,0.50095
2019-11-06 10:30:00,0.608275
2019-11-07 10:30:00,0.4930625
2019-11-08 10:30:00,0.62948745
2019-11-09 10:30:00,0.62135
2019-11-10 10:30:00,0.6232875
2019-11-11 10:30:00,0.4981
2019-11-12 10:30:00,0.76989996
2019-11-13 10:30:00,0.6172875
2019-11-14 10:30:00,0.614225
2019-11-15 10:30:00,0.59103745
2019-11-16 10:30:00,0.4851625
2019-11-17 10:30:00,0.5354
2019-11-18 10:30:00,0.5674125
2019-11-19 10:30:00,0.54319996
2019-11-20 10:30:00,0.578525
2019-11-21 10:30:00,0.5753
2019-11-22 10:30:00,0.56768745
2019-11-23 10:30:00,0.5734375
2019-11-24 10:30:00,0.532575
2019-11-25 10:30:00,0.39374998
2019-11-26 10:30:00,0.51669997
2019-11-27 10:30:00,0.5212625
2019-11-28 10:30:00,0.5149
2019-11-29 10:30:00,0.509175
2019-11-30 10:30:00,0.66691244
2019-12-01 10:30:00,0.6111875
2019-12-02 10:30:00,0.51135
2019-12-03 10:30:00,0.46115002
2019-12-04 10:30:00,0.49349996
2019-12-05 10:30:00,0.52994996
2019-12-06 10:30:00,0.6323875
2019-12-07 10:30:00,0.60849994
2019-12-08 10:30:00,0.6590625
2019-12-09 10:30:00,0.6996125
2019-12-10 10:30:00,0.6799375
2019-12-11 10:30:00,0.6482875
2019-12-12 10:30:00,0.6456125
2019-12-13 10:30:00,0.64685
2019-12-14 10:30:00,0.557175
2019-12-15 10:30:00,0.64476246
2019-12-16 10:30:00,0.6703375
2019-12-17 10:30:00,0.6244125
2019-12-18 10:30:00,0.59714997
2019-12-19 10:30:00,0.599525
2019-12-20 10:30:00,0.58748746
2019-12-21 10:30:00,0.6534625
2019-12-22 10:30:00,0.61887497
2019-12-23 10:30:00,0.637225
2019-12-24 10:30:00,0.7135624
2019-12-25 10:30:00,0.5788875
2019-12-26 10:30:00,0.61805
2019-12-27 10:30:00,0.567675
2019-12-28 10:30:00,0.68761253
2019-12-29 10:30:00,0.6637375
2019-12-30 10:30:00,0.5437625
2019-12-31 10:30:00,0.53185
2020-01-01 10:30:00,0.637775
2020-01-02 10:30:00,0.637275
2020-01-03 10:30:00,0.69205
2020-01-04 10:30:00,0.7361375
2020-01-05 10:30:00,0.7089375
2020-01-06 10:30:00,0.71585
2020-01-07 10:30:00,0.6996
2020-01-08 10:30:00,0.6864
2020-01-09 10:30:00,0.7028125
2020-01-10 10:30:00,0.692025
2020-01-11 10:30:00,0.6922625
2020-01-12 10:30:00,0.6704
2020-01-13 10:30:00,0.6664125
2020-01-14 10:30:00,0.71116245
2020-01-15 10:30:00,0.67995
2020-01-16 10:30:00,0.6392
2020-01-17 10:30:00,0.67441255
2020-01-18 10:30:00,0.6964875
2020-01-19 10:30:00,0.689625
2020-01-20 10:30:00,0.6778
2020-01-21 10:30:00,0.63
2020-01-22 10:30:00,0.6463125
2020-01-23 10:30:00,0.57752496
2020-01-24 10:30:00,0.65705
2020-01-25 10:30:00,0.70589995
2020-01-26 10:30:00,0.69934994
2020-01-27 10:30:00,0.73732495
2020-01-28 10:30:00,0.6961125
2020-01-29 10:30:00,0.69691247
2020-01-30 10:30:00,0.761575
2020-01-31 10:30:00,0.6981375
2020-02-01 10:30:00,0.528475
2020-02-02 10:30:00,0.56105
2020-02-03 10:30:00,0.59178746
2020-02-04 10:30:00,0.58435
2020-02-05 10:30:00,0.611175
2020-02-06 10:30:00,0.530775
2020-02-07 10:30:00,0.65659994
2020-02-08 10:30:00,0.64708745
2020-02-09 10:30:00,0.7180625
2020-02-10 10:30:00,0.7411
2020-02-11 10:30:00,0.6304
2020-02-12 10:30:00,0.720725
2020-02-13 10:30:00,0.7911875
2020-02-14 10:30:00,0.63095
2020-02-15 10:30:00,0.57224995
2020-02-16 10:30:00,0.6093625
2020-02-17 10:30:00,0.6096625
2020-02-18 10:30:00,0.6393125
2020-02-19 10:30:00,0.673375
2020-02-20 10:30:00,0.6821
2020-02-21 10:30:00,0.6720625
2020-02-22 10:30:00,0.61246246
2020-02-23 10:30:00,0.65076244
2020-02-24 10:30:00,0.6608625
2020-02-25 10:30:00,0.57765
2020-02-26 10:30:00,0.66311246
2020-02-27 10:30:00,0.538675
2020-02-28 10:30:00,0.725225
2020-02-29 10:30:00,0.6640625
2020-03-01 10:30:00,0.72737503
2020-03-02 10:30:00,0.6575375
2020-03-03 10:30:00,0.7139125
2020-03-04 10:30:00,0.63675
2020-03-05 10:30:00,0.575875
2020-03-06 10:30:00,0.6811625
2020-03-07 10:30:00,0.5964625
2020-03-08 10:30:00,0.5558
2020-03-09 10:30:00,0.462975
2020-03-10 10:30:00,0.7111375
2020-03-11 10:30:00,0.564175
2020-03-12 10:30:00,0.436875
2020-03-13 10:30:00,0.611025
2020-03-14 10:30:00,0.548
2020-03-15 10:30:00,0.4531625
2020-03-16 10:30:00,0.5927375
2020-03-17 10:30:00,0.5287375
2020-03-18 10:30:00,0.6083625
2020-03-19 10:30:00,0.52802503
2020-03-20 10:30:00,0.569225
2020-03-21 10:30:00,0.51315004
2020-03-22 10:30:00,0.61265
2020-03-23 10:30:00,0.491575
2020-03-24 10:30:00,0.337825
2020-03-25 10:30:00,0.3915625
2020-03-26 10:30:00,0.342675
2020-03-27 10:30:00,0.3867375
2020-03-28 10:30:00,0.31562498
2020-03-29 10:30:00,0.318425
2020-03-30 10:30:00,0.3053875
2020-03-31 10:30:00,0.2808375
2020-04-01 10:30:00,0.186325
2020-04-02 10:30:00,0.24803749
2020-04-03 10:30:00,0.2563875
2020-04-04 10:30:00,0.2674375
2020-04-05 10:30:00,0.2724625
2020-04-06 10:30:00,0.29628748
2020-04-07 10:30:00,0.35935
2020-04-08 10:30:00,0.341725
2020-04-09 10:30:00,0.3899625
2020-04-10 10:30:00,0.2935625
2020-04-11 10:30:00,0.250525
2020-04-12 10:30:00,0.2146875
2020-04-13 10:30:00,0.2615125
2020-04-14 10:30:00,0.30287498
2020-04-15 10:30:00,0.32372501
2020-04-16 10:30:00,0.6981875
2020-04-17 10:30:00,0.40576246
2020-04-18 10:30:00,0.2553125
2020-04-19 10:30:00,0.74061245
2020-04-20 10:30:00,0.631325
2020-04-21 10:30:00,0.6884
2020-04-22 10:30:00,0.43760002
2020-04-23 10:30:00,0.38483748
2020-04-24 10:30:00,0.72055
2020-04-25 10:30:00,0.76261246
2020-04-26 10:30:00,0.4517625
2020-04-27 10:30:00,0.39014998
2020-04-28 10:30:00,0.6547
2020-04-29 10:30:00,0.52755
2020-04-30 10:30:00,0.332775
2020-05-01 10:30:00,0.38035
2020-05-02 10:30:00,0.4865125
2020-05-03 10:30:00,0.88663745
2020-05-04 10:30:00,0.57084996
2020-05-05 10:30:00,0.43076247
2020-05-06 10:30:00,0.306575
2020-05-07 10:30:00,0.48725
2020-05-08 10:30:00,0.3007375
2020-05-09 10:30:00,0.53131247
2020-05-10 10:30:00,0.4754375
2020-05-11 10:30:00,0.62745
2020-05-12 10:30:00,0.41628748
2020-05-13 10:30:00,0.29802498
2020-05-14 10:30:00,0.32443747
2020-05-15 10:30:00,0.46853748
2020-05-16 10:30:00,0.8829125
2020-05-17 10:30:00,0.9123375
2020-05-18 10:30:00,0.554
2020-05-19 10:30:00,0.60074997
2020-05-20 10:30:00,0.860975
2020-05-21 10:30:00,0.7189125
2020-05-22 10:30:00,0.8073124
2020-05-23 10:30:00,0.75804996
2020-05-24 10:30:00,0.5129375
2020-05-25 10:30:00,0.5416375
2020-05-26 10:30:00,0.60574996
2020-05-27 10:30:00,0.4702
2020-05-28 10:30:00,0.42263752
2020-05-29 10:30:00,0.487575
2020-05-30 10:30:00,0.52625
2020-05-31 10:30:00,0.79768753
2020-06-01 10:30:00,0.53279996
2020-06-02 10:30:00,0.57502496
2020-06-03 10:30:00,0.840825
2020-06-04 10:30:00,0.66565
2020-06-05 10:30:00,0.5246125
2020-06-06 10:30:00,0.56372494
2020-06-07 10:30:00,0.684375
2020-06-08 10:30:00,0.57065
2020-06-09 10:30:00,0.5159125
2020-06-10 10:30:00,0.73279995
2020-06-11 10:30:00,0.547175
2020-06-12 10:30:00,0.57535
2020-06-13 10:30:00,0.86405
2020-06-14 10:30:00,0.5362625
2020-06-15 10:30:00,0.606575
2020-06-16 10:30:00,0.527325
2020-06-17 10:30:00,0.73599994
2020-06-18 10:30:00,0.73153746
2020-06-19 10:30:00,0.69434994
2020-06-20 10:30:00,0.7302375
2020-06-21 10:30:00,0.71708745
2020-06-22 10:30:00,0.92178744
2020-06-23 10:30:00,0.9150625
2020-06-24 10:30:00,0.9031375
2020-06-25 10:30:00,0.79095
2020-06-26 10:30:00,0.69093746
2020-06-27 10:30:00,0.6382
2020-06-28 10:30:00,0.6389125
2020-06-29 10:30:00,0.8155625
2020-06-30 10:30:00,0.8343125
2020-07-01 10:30:00,0.73779994
2020-07-02 10:30:00,0.67971253
2020-07-03 10:30:00,0.7747
2020-07-04 10:30:00,0.88467497
2020-07-05 10:30:00,0.7194875
2020-07-06 10:30:00,0.6577749
2020-07-07 10:30:00,0.6761375
2020-07-08 10:30:00,0.6329375
2020-07-09 10:30:00,0.56079996
2020-07-10 10:30:00,0.613175
2020-07-11 10:30:00,0.699575
2020-07-12 10:30:00,0.749175
2020-07-13 10:30:00,0.71398747
2020-07-14 10:30:00,0.65316254
2020-07-15 10:30:00,0.556825
2020-07-16 10:30:00,0.743075
2020-07-17 10:30:00,0.77318746
2020-07-18 10:30:00,0.83248746
2020-07-19 10:30:00,0.767025
2020-07-20 10:30:00,0.69036245
2020-07-21 10:30:00,0.5895
2020-07-22 10:30:00,0.65676254
2020-07-23 10:30:00,0.6097125
2020-07-24 10:30:00,0.6178625
2020-07-25 10:30:00,0.7150375
2020-07-26 10:30:00,0.60179996
2020-07-27 10:30:00,0.721575
2020-07-28 10:30:00,0.8782125
2020-07-29 10:30:00,0.9464125
2020-07-30 10:30:00,0.756575
2020-07-31 10:30:00,0.6967
2020-08-01 10:30:00,0.67542493
2020-08-02 10:30:00,0.79802495
2020-08-03 10:30:00,0.7624125
2020-08-04 10:30:00,0.78357494
2020-08-05 10:30:00,0.78933746
2020-08-06 10:30:00,0.7470625
2020-08-07 10:30:00,0.8504875
2020-08-08 10:30:00,0.84811246
2020-08-09 10:30:00,0.79269993
2020-08-10 10:30:00,0.73690003
2020-08-11 10:30:00,0.74894994
2020-08-12 10:30:00,0.6603125
2020-08-13 10:30:00,0.93345
2020-08-14 10:30:00,0.75137496
2020-08-15 10:30:00,0.76945
2020-08-16 10:30:00,0.794225
2020-08-17 10:30:00,0.85621244
2020-08-18 10:30:00,0.7945625
2020-08-19 10:30:00,0.79489994
2020-08-20 10:30:00,0.7382625
2020-08-21 10:30:00,0.7137875
2020-08-22 10:30:00,0.7196125
2020-08-23 10:30:00,0.863975
2020-08-24 10:30:00,0.8230625
2020-08-25 10:30:00,0.736775
2020-08-26 10:30:00,0.704075
2020-08-27 10:30:00,0.838825
2020-08-28 10:30:00,0.9183625
2020-08-29 10:30:00,0.79805
2020-08-30 10:30:00,0.85333747
2020-08-31 10:30:00,0.8302625
2020-09-01 10:30:00,0.79219997
2020-09-02 10:30:00,0.75528747
2020-09-03 10:30:00,0.7341375
2020-09-04 10:30:00,0.764425
2020-09-05 10:30:00,0.77755
2020-09-06 10:30:00,0.7618125
2020-09-07 10:30:00,0.8971375
2020-09-08 10:30:00,0.78175
2020-09-09 10:30:00,0.76936245
2020-09-10 10:30:00,0.67036253
2020-09-11 10:30:00,0.74242496
2020-09-12 10:30:00,0.73544997
2020-09-13 10:30:00,0.7347625
2020-09-14 10:30:00,0.5826875
2020-09-15 10:30:00,0.69063747
2020-09-16 10:30:00,0.85263747
2020-09-17 10:30:00,0.74957496
2020-09-18 10:30:00,0.75044996
2020-09-19 10:30:00,0.6551625
2020-09-20 10:30:00,0.656575
2020-09-21 10:30:00,0.7493249
2020-09-22 10:30:00,0.6282
2020-09-23 10:30:00,0.37611246
2020-09-24 10:30:00,0.5348
2020-09-25 10:30:00,0.799875
2020-09-26 10:30:00,0.67735
2020-09-27 10:30:00,0.51105
2020-09-28 10:30:00,0.60435
2020-09-29 10:30:00,0.67851245
2020-09-30 10:30:00,0.5840875
2020-10-01 10:30:00,0.913
2020-10-02 10:30:00,0.6061625
2020-10-03 10:30:00,0.7363625
2020-10-04 10:30:00,0.72995
2020-10-05 10:30:00,0.6837625
2020-10-06 10:30:00,0.65371245
2020-10-07 10:30:00,0.59613746
2020-10-08 10:30:00,0.5431875
2020-10-09 10:30:00,0.6182625
2020-10-10 10:30:00,0.42892498
2020-10-11 10:30:00,0.5434875
2020-10-12 10:30:00,0.5809875
2020-10-13 10:30:00,0.64327496
2020-10-14 10:30:00,0.4793625
2020-10-15 10:30:00,0.4577875
2020-10-16 10:30:00,0.4898125
2020-10-17 10:30:00,0.57705003
2020-10-18 10:30:00,0.51615
2020-10-19 10:30:00,0.41974998
2020-10-20 10:30:00,0.40746248
2020-10-21 10:30:00,0.6279
2020-10-22 10:30:00,0.5905375
2020-10-23 10:30:00,0.532725
2020-10-24 10:30:00,0.5510375
2020-10-25 10:30:00,0.53846246
2020-10-26 10:30:00,0.5685875
2020-10-27 10:30:00,0.4427
2020-10-28 10:30:00,0.4718875
2020-10-29 10:30:00,0.6157375
2020-10-30 10:30:00,0.3109125
2020-10-31 10:30:00,0.7076375
2020-11-01 10:30:00,0.6221125
2020-11-02 10:30:00,0.5816375
2020-11-03 10:30:00,0.51893747
2020-11-04 10:30:00,0.55387497
2020-11-05 10:30:00,0.44112498
2020-11-06 10:30:00,0.49499997
2020-11-07 10:30:00,0.63955
2020-11-08 10:30:00,0.54555
2020-11-09 10:30:00,0.609325
2020-11-10 10:30:00,0.54190004
2020-11-11 10:30:00,0.45313752
2020-11-12 10:30:00,0.5784625
2020-11-13 10:30:00,0.47591245
2020-11-14 10:30:00,0.4113375
2020-11-15 10:30:00,0.6179875
2020-11-16 10:30:00,0.529975
2020-11-17 10:30:00,0.6741625
2020-11-18 10:30:00,0.63656247
2020-11-19 10:30:00,0.4854625
2020-11-20 10:30:00,0.6206625
2020-11-21 10:30:00,0.6222375
2020-11-22 10:30:00,0.6224
2020-11-23 10:30:00,0.72043747
2020-11-24 10:30:00,0.71685
2020-11-25 10:30:00,0.69177496
2020-11-26 10:30:00,0.65697503
2020-11-27 10:30:00,0.65507495
2020-11-28 10:30:00,0.7019875
2020-11-29 10:30:00,0.68903744
2020-11-30 10:30:00,0.7019125
2020-12-01 10:30:00,0.65028745
2020-12-02 10:30:00,0.66131246
2020-12-03 10:30:00,0.63019997
2020-12-04 10:30:00,0.6220125
2020-12-05 10:30:00,0.568125
2020-12-06 10:30:00,0.657725
2020-12-07 10:30:00,0.5572375
2020-12-08 10:30:00,0.5152
2020-12-09 10:30:00,0.53636247
2020-12-10 10:30:00,0.6198
2020-12-11 10:30:00,0.5375875
2020-12-12 10:30:00,0.6126125
2020-12-13 10:30:00,0.566525
2020-12-14 10:30:00,0.5561125
2020-12-15 10:30:00,0.546425
2020-12-16 10:30:00,0.5596
2020-12-17 10:30:00,0.594175
2020-12-18 10:30:00,0.5498875
2020-12-19 10:30:00,0.6132875
2020-12-20 10:30:00,0.58437496
2020-12-21 10:30:00,0.52265
2020-12-22 10:30:00,0.68015
2020-12-23 10:30:00,0.68276244
2020-12-24 10:30:00,0.6507375
2020-12-25 10:30:00,0.6090125
2020-12-26 10:30:00,0.6868125
2020-12-27 10:30:00,0.5843
2020-12-28 10:30:00,0.59047496
2020-12-29 10:30:00,0.58362496
2020-12-30 10:30:00,0.6054125
2020-12-31 10:30:00,0.610175
2021-01-01 10:30:00,0.5629875
2021-01-02 10:30:00,0.621975
2021-01-03 10:30:00,0.60609996
2021-01-04 10:30:00,0.58756244
2021-01-05 10:30:00,0.621475
2021-01-06 10:30:00,0.5616625
2021-01-07 10:30:00,0.5784875
2021-01-08 10:30:00,0.6225
2021-01-09 10:30:00,0.6722875
2021-01-10 10:30:00,0.65245
2021-01-11 10:30:00,0.670675
2021-01-12 10:30:00,0.7193375
2021-01-13 10:30:00,0.6339875
2021-01-14 10:30:00,0.6216125
2021-01-15 10:30:00,0.5991
2021-01-16 10:30:00,0.6476875
2021-01-17 10:30:00,0.6091125
2021-01-18 10:30:00,0.5927
2021-01-19 10:30:00,0.67209995
2021-01-20 10:30:00,0.69074994
2021-01-21 10:30:00,0.6806
2021-01-22 10:30:00,0.7082
2021-01-23 10:30:00,0.67692494
2021-01-24 10:30:00,0.6782625
2021-01-25 10:30:00,0.714
2021-01-26 10:30:00,0.6259125
2021-01-27 10:30:00,0.5930875
2021-01-28 10:30:00,0.6043375
2021-01-29 10:30:00,0.61628747
2021-01-30 10:30:00,0.53816247
2021-01-31 10:30:00,0.7165874
2021-02-01 10:30:00,0.6152375
2021-02-02 10:30:00,0.5741625
2021-02-03 10:30:00,0.573675
2021-02-04 10:30:00,0.67995
2021-02-05 10:30:00,0.69107497
2021-02-06 10:30:00,0.693
2021-02-07 10:30:00,0.688975
2021-02-08 10:30:00,0.6872625
2021-02-09 10:30:00,0.65998745
2021-02-10 10:30:00,0.6515875
2021-02-11 10:30:00,0.64445
2021-02-12 10:30:00,0.70544994
2021-02-13 10:30:00,0.64817494
2021-02-14 10:30:00,0.60989994
2021-02-15 10:30:00,0.6454375
2021-02-16 10:30:00,0.62114996
2021-02-17 10:30:00,0.54139996
2021-02-18 10:30:00,0.6732625
2021-02-19 10:30:00,0.54456246
2021-02-20 10:30:00,0.76326245
2021-02-21 10:30:00,0.735775
2021-02-22 10:30:00,0.672675
2021-02-23 10:30:00,0.7049125
2021-02-24 10:30:00,0.6425
2021-02-25 10:30:00,0.51455003
2021-02-26 10:30:00,0.49654996
2021-02-27 10:30:00,0.624675
2021-02-28 10:30:00,0.47092497
2021-03-01 10:30:00,0.5076625
2021-03-02 10:30:00,0.59002495
2021-03-03 10:30:00,0.6745625
2021-03-04 10:30:00,0.60935
2021-03-05 10:30:00,0.4520625
2021-03-06 10:30:00,0.42361248
2021-03-07 10:30:00,0.518325
2021-03-08 10:30:00,0.4738
2021-03-09 10:30:00,0.442675
2021-03-10 10:30:00,0.5258375
2021-03-11 10:30:00,0.44061247
2021-03-12 10:30:00,0.3366125
2021-03-13 10:30:00,0.35666248
2021-03-14 10:30:00,0.3615625
2021-03-15 10:30:00,0.5451625
2021-03-16 10:30:00,0.4002
2021-03-17 10:30:00,0.49885002
2021-03-18 10:30:00,0.4269125
2021-03-19 10:30:00,0.6893875
2021-03-20 10:30:00,0.7554875
2021-03-21 10:30:00,0.5636
2021-03-22 10:30:00,0.49232498
2021-03-23 10:30:00,0.482475
2021-03-24 10:30:00,0.523225
2021-03-25 10:30:00,0.42499998
2021-03-26 10:30:00,0.57619995
2021-03-27 10:30:00,0.3005125
2021-03-28 10:30:00,0.6375375
2021-03-29 10:30:00,0.4839125
2021-03-30 10:30:00,0.34611252
2021-03-31 10:30:00,0.4890625
2021-04-01 10:30:00,0.4664
2021-04-02 10:30:00,0.5435875
2021-04-03 10:30:00,0.44318748
2021-04-04 10:30:00,0.3965625
2021-04-05 10:30:00,0.39994997
2021-04-06 10:30:00,0.33412498
2021-04-07 10:30:00,0.37092498
2021-04-08 10:30:00,0.43695
2021-04-09 10:30:00,0.35268748
2021-04-10 10:30:00,0.3757125
2021-04-11 10:30:00,0.618575
2021-04-12 10:30:00,0.5166625
2021-04-13 10:30:00,0.41869998
2021-04-14 10:30:00,0.38165
2021-04-15 10:30:00,0.5899625
2021-04-16 10:30:00,0.79146254
2021-04-17 10:30:00,0.53148746
2021-04-18 10:30:00,0.3332875
2021-04-19 10:30:00,0.3168
2021-04-20 10:30:00,0.24157499
2021-04-21 10:30:00,0.2690875
2021-04-22 10:30:00,0.49061248
2021-04-23 10:30:00,0.50541246
2021-04-24 10:30:00,0.375275
2021-04-25 10:30:00,0.19954999
2021-04-26 10:30:00,0.3567
2021-04-27 10:30:00,0.41717497
2021-04-28 10:30:00,0.3274125
2021-04-29 10:30:00,0.5756625
2021-04-30 10:30:00,0.7445625
2021-05-01 10:30:00,0.5231625
2021-05-02 10:30:00,0.2524625
2021-05-03 10:30:00,0.4088375
2021-05-04 10:30:00,0.47975
2021-05-05 10:30:00,0.5951625
2021-05-06 10:30:00,0.4351875
2021-05-07 10:30:00,0.704075
2021-05-08 10:30:00,0.6532875
2021-05-09 10:30:00,0.5229
2021-05-10 10:30:00,0.3722375
2021-05-11 10:30:00,0.4643125
2021-05-12 10:30:00,0.428075
2021-05-13 10:30:00,0.31364998
2021-05-14 10:30:00,0.49614996
2021-05-15 10:30:00,0.4472625
2021-05-16 10:30:00,0.3241125
2021-05-17 10:30:00,0.3054
2021-05-18 10:30:00,0.48147497
2021-05-19 10:30:00,0.4857125
2021-05-20 10:30:00,0.599175
2021-05-21 10:30:00,0.3247375
2021-05-22 10:30:00,0.34068748
2021-05-23 10:30:00,0.5872625
2021-05-24 10:30:00,0.5613
2021-05-25 10:30:00,0.4604875
2021-05-26 10:30:00,0.52525
2021-05-27 10:30:00,0.5847875
2021-05-28 10:30:00,0.6336875
2021-05-29 10:30:00,0.50895
2021-05-30 10:30:00,0.51261246
2021-05-31 10:30:00,0.541425
2021-06-01 10:30:00,0.45686248
2021-06-02 10:30:00,0.9089125
2021-06-03 10:30:00,0.6249
2021-06-04 10:30:00,0.641225
2021-06-05 10:30:00,0.61
2021-06-06 10:30:00,0.528525
2021-06-07 10:30:00,0.5344375
2021-06-08 10:30:00,0.7549125
2021-06-09 10:30:00,0.5189875
2021-06-10 10:30:00,0.5844125
2021-06-11 10:30:00,0.4854625
2021-06-12 10:30:00,0.589625
2021-06-13 10:30:00,0.5699
2021-06-14 10:30:00,0.76834995
2021-06-15 10:30:00,0.6403875
2021-06-16 10:30:00,0.638325
2021-06-17 10:30:00,0.53468746
2021-06-18 10:30:00,0.571525
2021-06-19 10:30:00,0.6763375
2021-06-20 10:30:00,0.77809995
2021-06-21 10:30:00,0.7338375
2021-06-22 10:30:00,0.65807503
2021-06-23 10:30:00,0.6277625
2021-06-24 10:30:00,0.62232494
2021-06-25 10:30:00,0.67356247
2021-06-26 10:30:00,0.796875
2021-06-27 10:30:00,0.75302494
2021-06-28 10:30:00,0.78518754
2021-06-29 10:30:00,0.7768875
2021-06-30 10:30:00,0.8647625
2021-07-01 10:30:00,0.7515625
2021-07-02 10:30:00,0.86101246
2021-07-03 10:30:00,0.8959625
2021-07-04 10:30:00,0.811475
2021-07-05 10:30:00,0.7738125
2021-07-06 10:30:00,0.9345875
2021-07-07 10:30:00,0.77481246
2021-07-08 10:30:00,0.8486125
2021-07-09 10:30:00,0.83849996
2021-07-10 10:30:00,0.84849995
2021-07-11 10:30:00,0.7862625
2021-07-12 10:30:00,0.8636875
2021-07-13 10:30:00,0.92091244
2021-07-14 10:30:00,0.78988755
2021-07-15 10:30:00,0.87466246
2021-07-16 10:30:00,0.72279996
2021-07-17 10:30:00,0.9130375
2021-07-18 10:30:00,0.833825
2021-07-19 10:30:00,0.772675
2021-07-20 10:30:00,0.7774125
2021-07-21 10:30:00,0.8110875
2021-07-22 10:30:00,0.84276253
2021-07-23 10:30:00,0.81242496
2021-07-24 10:30:00,0.7433
2021-07-25 10:30:00,0.7376625
2021-07-26 10:30:00,0.9414125
2021-07-27 10:30:00,0.7866375
2021-07-28 10:30:00,0.7293875
2021-07-29 10:30:00,0.7950375
2021-07-30 10:30:00,0.80489993
2021-07-31 10:30:00,0.85855
2021-08-01 10:30:00,0.91066253
2021-08-02 10:30:00,0.6567125
2021-08-03 10:30:00,0.6601125
2021-08-04 10:30:00,0.6937625
2021-08-05 10:30:00,0.7002625
2021-08-06 10:30:00,0.77975
2021-08-07 10:30:00,0.7338375
2021-08-08 10:30:00,0.798775
2021-08-09 10:30:00,0.93566245
2021-08-10 10:30:00,0.94312495
2021-08-11 10:30:00,0.76981246
2021-08-12 10:30:00,0.85684997
2021-08-13 10:30:00,0.7898375
2021-08-14 10:30:00,0.86901253
2021-08-15 10:30:00,0.882775
2021-08-16 10:30:00,0.8453375
2021-08-17 10:30:00,0.6849375
2021-08-18 10:30:00,0.72428745
2021-08-19 10:30:00,0.83949995
2021-08-20 10:30:00,0.7502125
2021-08-21 10:30:00,0.64296246
2021-08-22 10:30:00,0.79035
2021-08-23 10:30:00,0.8093875
2021-08-24 10:30:00,0.8407375
2021-08-25 10:30:00,0.85504997
2021-08-26 10:30:00,0.875375
2021-08-27 10:30:00,0.69663745
2021-08-28 10:30:00,0.72881246
2021-08-29 10:30:00,0.712375
2021-08-30 10:30:00,0.7077375
2021-08-31 10:30:00,0.7441875
2021-09-01 10:30:00,0.76646245
2021-09-02 10:30:00,0.7366625
2021-09-03 10:30:00,0.8147125
2021-09-04 10:30:00,0.77676255
2021-09-05 10:30:00,0.8874499
2021-09-06 10:30:00,0.9451124
2021-09-07 10:30:00,0.80025
2021-09-08 10:30:00,0.8173125
2021-09-09 10:30:00,0.848125
2021-09-10 10:30:00,0.5607875
2021-09-11 10:30:00,0.78919995
2021-09-12 10:30:00,0.762425
2021-09-13 10:30:00,0.73894995
2021-09-14 10:30:00,0.666575
2021-09-15 10:30:00,0.7794875
2021-09-16 10:30:00,0.6270875
2021-09-17 10:30:00,0.5696125
2021-09-18 10:30:00,0.737175
2021-09-19 10:30:00,0.788225
2021-09-20 10:30:00,0.8273625
2021-09-21 10:30:00,0.70287496
2021-09-22 10:30:00,0.531625
2021-09-23 10:30:00,0.7196375
2021-09-24 10:30:00,0.93918747
2021-09-25 10:30:00,0.9400875
2021-09-26 10:30:00,0.79022497
2021-09-27 10:30:00,0.5582125
2021-09-28 10:30:00,0.58007497
2021-09-29 10:30:00,0.5716625
2021-09-30 10:30:00,0.64275
2021-10-01 10:30:00,0.6160375
2021-10-02 10:30:00,0.5577875
2021-10-03 10:30:00,0.74584997
2021-10-04 10:30:00,0.6463125
2021-10-05 10:30:00,0.62764996
2021-10-06 10:30:00,0.6464875
2021-10-07 10:30:00,0.596625
2021-10-08 10:30:00,0.45208746
2021-10-09 10:30:00,0.61361253
2021-10-10 10:30:00,0.5587625
2021-10-11 10:30:00,0.5293875
2021-10-12 10:30:00,0.42955002
2021-10-13 10:30:00,0.53631246
2021-10-14 10:30:00,0.67631245
2021-10-15 10:30:00,0.6160875
2021-10-16 10:30:00,0.532725
2021-10-17 10:30:00,0.6289625
2021-10-18 10:30:00,0.61136246
2021-10-19 10:30:00,0.5717875
2021-10-20 10:30:00,0.538575
2021-10-21 10:30:00,0.6037625
2021-10-22 10:30:00,0.5859125
2021-10-23 10:30:00,0.531725
2021-10-24 10:30:00,0.5409125
2021-10-25 10:30:00,0.51165
2021-10-26 10:30:00,0.5518375
2021-10-27 10:30:00,0.61101246
2021-10-28 10:30:00,0.583575
2021-10-29 10:30:00,0.5410875
2021-10-30 10:30:00,0.7059125
2021-10-31 10:30:00,0.7249625
2021-11-01 10:30:00,0.6597375
2021-11-02 10:30:00,0.6172
2021-11-03 10:30:00,0.6828875
2021-11-04 10:30:00,0.54835
2021-11-05 10:30:00,0.62409997
2021-11-06 10:30:00,0.5852625
2021-11-07 10:30:00,0.6514125
2021-11-08 10:30:00,0.5317125
2021-11-09 10:30:00,0.604675
2021-11-10 10:30:00,0.6204875
2021-11-11 10:30:00,0.5576125
2021-11-12 10:30:00,0.5401625
2021-11-13 10:30:00,0.6614375
2021-11-14 10:30:00,0.6587125
2021-11-15 10:30:00,0.647375
2021-11-16 10:30:00,0.59818745
2021-11-17 10:30:00,0.5105125
2021-11-18 10:30:00,0.5984125
2021-11-19 10:30:00,0.7248625
2021-11-20 10:30:00,0.7251625
2021-11-21 10:30:00,0.82467496
2021-11-22 10:30:00,0.68112504
2021-11-23 10:30:00,0.6707875
2021-11-24 10:30:00,0.6262625
2021-11-25 10:30:00,0.622175
2021-11-26 10:30:00,0.7929875
2021-11-27 10:30:00,0.61455
2021-11-28 10:30:00,0.6713625
2021-11-29 10:30:00,0.7474375
2021-11-30 10:30:00,0.74311244
2021-12-01 10:30:00,0.69566244
2021-12-02 10:30:00,0.62092495
2021-12-03 10:30:00,0.67785
2021-12-04 10:30:00,0.6402125
2021-12-05 10:30:00,0.5885375
2021-12-06 10:30:00,0.5456875
2021-12-07 10:30:00,0.584225
2021-12-08 10:30:00,0.59293747
2021-12-09 10:30:00,0.74191254
2021-12-10 10:30:00,0.7041
2021-12-11 10:30:00,0.6336125
2021-12-12 10:30:00,0.62175
2021-12-13 10:30:00,0.57366246
2021-12-14 10:30:00,0.66711247
2021-12-15 10:30:00,0.7355625
2021-12-16 10:30:00,0.64847493
2021-12-17 10:30:00,0.628375
2021-12-18 10:30:00,0.67785
2021-12-19 10:30:00,0.679
2021-12-20 10:30:00,0.5708875
2021-12-21 10:30:00,0.53596246
2021-12-22 10:30:00,0.5780625
2021-12-23 10:30:00,0.58076245
2021-12-24 10:30:00,0.56535
2021-12-25 10:30:00,0.5699
2021-12-26 10:30:00,0.6324125
2021-12-27 10:30:00,0.6376875
2021-12-28 10:30:00,0.66354996
2021-12-29 10:30:00,0.66639996
2021-12-30 10:30:00,0.6032125
2021-12-31 10:30:00,0.60807496
2022-01-01 10:30:00,0.5986
2022-01-02 10:30:00,0.6288625
2022-01-03 10:30:00,0.66381246
2022-01-04 10:30:00,0.6597125
2022-01-05 10:30:00,0.6583375
2022-01-06 10:30:00,0.675175
2022-01-07 10:30:00,0.5909875
2022-01-08 10:30:00,0.7213624
2022-01-09 10:30:00,0.65925
2022-01-10 10:30:00,0.617575
2022-01-11 10:30:00,0.59924996
2022-01-12 10:30:00,0.68154997
2022-01-13 10:30:00,0.711225
2022-01-14 10:30:00,0.67550004
2022-01-15 10:30:00,0.6533
2022-01-16 10:30:00,0.66870004
2022-01-17 10:30:00,0.6534625
2022-01-18 10:30:00,0.5565625
2022-01-19 10:30:00,0.56123745
2022-01-20 10:30:00,0.537525
2022-01-21 10:30:00,0.472525
2022-01-22 10:30:00,0.6497
2022-01-23 10:30:00,0.69287497
2022-01-24 10:30:00,0.75628746
2022-01-25 10:30:00,0.6630375
2022-01-26 10:30:00,0.69583744
2022-01-27 10:30:00,0.72411245
2022-01-28 10:30:00,0.6718125
2022-01-29 10:30:00,0.6251625
2022-01-30 10:30:00,0.63216245
2022-01-31 10:30:00,0.62072504
2022-02-01 10:30:00,0.6884625
2022-02-02 10:30:00,0.6501875
2022-02-03 10:30:00,0.6393
2022-02-04 10:30:00,0.6316625
2022-02-05 10:30:00,0.6642625
2022-02-06 10:30:00,0.66410005
2022-02-07 10:30:00,0.70661247
2022-02-08 10:30:00,0.611225
2022-02-09 10:30:00,0.6403125
2022-02-10 10:30:00,0.690225
2022-02-11 10:30:00,0.6378625
2022-02-12 10:30:00,0.65908754
2022-02-13 10:30:00,0.6320625
2022-02-14 10:30:00,0.639325
2022-02-15 10:30:00,0.632025
2022-02-16 10:30:00,0.5892625
2022-02-17 10:30:00,0.55052495
2022-02-18 10:30:00,0.66639996
2022-02-19 10:30:00,0.62686247
2022-02-20 10:30:00,0.64058745
2022-02-21 10:30:00,0.63857496
2022-02-22 10:30:00,0.59951246
2022-02-23 10:30:00,0.597775
2022-02-24 10:30:00,0.581425
2022-02-25 10:30:00,0.68595
2022-02-26 10:30:00,0.7017375
2022-02-27 10:30:00,0.71808743
2022-02-28 10:30:00,0.66138744
2022-03-01 10:30:00,0.61635
2022-03-02 10:30:00,0.691975
2022-03-03 10:30:00,0.52757496
2022-03-04 10:30:00,0.6530375
2022-03-05 10:30:00,0.58221245
2022-03-06 10:30:00,0.39395
2022-03-07 10:30:00,0.510825
2022-03-08 10:30:00,0.62263745
2022-03-09 10:30:00,0.40775
2022-03-10 10:30:00,0.22261249
2022-03-11 10:30:00,0.27455
2022-03-12 10:30:00,0.6609
2022-03-13 10:30:00,0.60015
2022-03-14 10:30:00,0.62873745
2022-03-15 10:30:00,0.63449997
2022-03-16 10:30:00,0.46005
2022-03-17 10:30:00,0.42183748
2022-03-18 10:30:00,0.46987498
2022-03-19 10:30:00,0.4225125
2022-03-20 10:30:00,0.47557497
2022-03-21 10:30:00,0.4339875
2022-03-22 10:30:00,0.31226248
2022-03-23 10:30:00,0.617475
2022-03-24 10:30:00,0.61693746
2022-03-25 10:30:00,0.5503625
2022-03-26 10:30:00,0.5301125
2022-03-27 10:30:00,0.398175
2022-03-28 10:30:00,0.3705625
2022-03-29 10:30:00,0.329375
2022-03-30 10:30:00,0.2914875
2022-03-31 10:30:00,0.313675
2022-04-01 10:30:00,0.2670375
2022-04-02 10:30:00,0.249975
2022-04-03 10:30:00,0.33299997
2022-04-04 10:30:00,0.373675
2022-04-05 10:30:00,0.43542498
2022-04-06 10:30:00,0.33849996
2022-04-07 10:30:00,0.3799
2022-04-08 10:30:00,0.374425
2022-04-09 10:30:00,0.2681
2022-04-10 10:30:00,0.50514996
2022-04-11 10:30:00,0.453
2022-04-12 10:30:00,0.5495875
2022-04-13 10:30:00,0.5242125
2022-04-14 10:30:00,0.38739997
2022-04-15 10:30:00,0.295375
2022-04-16 10:30:00,0.43846247
2022-04-17 10:30:00,0.4321375
2022-04-18 10:30:00,0.29326248
2022-04-19 10:30:00,0.19219999
2022-04-20 10:30:00,0.3493625
2022-04-21 10:30:00,0.6344875
2022-04-22 10:30:00,0.45949998
2022-04-23 10:30:00,0.48909998
2022-04-24 10:30:00,0.5676625
2022-04-25 10:30:00,0.700525
2022-04-26 10:30:00,0.49048752
2022-04-27 10:30:00,0.37311247
2022-04-28 10:30:00,0.2496875
2022-04-29 10:30:00,0.58612496
2022-04-30 10:30:00,0.44435
2022-05-01 10:30:00,0.337125
2022-05-02 10:30:00,0.39034998
2022-05-03 10:30:00,0.45186248
2022-05-04 10:30:00,0.292475
2022-05-05 10:30:00,0.7757
2022-05-06 10:30:00,0.4348875
2022-05-07 10:30:00,0.36389998
2022-05-08 10:30:00,0.2648625
2022-05-09 10:30:00,0.3218
2022-05-10 10:30:00,0.5707
2022-05-11 10:30:00,0.62285
2022-05-12 10:30:00,0.6816625
2022-05-13 10:30:00,0.69184995
2022-05-14 10:30:00,0.4935625
2022-05-15 10:30:00,0.49228752
2022-05-16 10:30:00,0.4055
2022-05-17 10:30:00,0.3540375
2022-05-18 10:30:00,0.4831625
2022-05-19 10:30:00,0.4804
2022-05-20 10:30:00,0.36752498
2022-05-21 10:30:00,0.3539875
2022-05-22 10:30:00,0.3900625
2022-05-23 10:30:00,0.4003375
2022-05-24 10:30:00,0.7327375
2022-05-25 10:30:00,0.53353745
2022-05-26 10:30:00,0.4676875
2022-05-27 10:30:00,0.43732497
2022-05-28 10:30:00,0.5398125
2022-05-29 10:30:00,0.72847503
2022-05-30 10:30:00,0.78035
2022-05-31 10:30:00,0.6958249
2022-06-01 10:30:00,0.6184
2022-06-02 10:30:00,0.4744625
2022-06-03 10:30:00,0.633675
2022-06-04 10:30:00,0.83435005
2022-06-05 10:30:00,0.7265
2022-06-06 10:30:00,0.6048875
2022-06-07 10:30:00,0.7846375
2022-06-08 10:30:00,0.689
2022-06-09 10:30:00,0.684375
2022-06-10 10:30:00,0.67262495
2022-06-11 10:30:00,0.75163746
2022-06-12 10:30:00,0.85529995
2022-06-13 10:30:00,0.90208745
2022-06-14 10:30:00,0.864075
2022-06-15 10:30:00,0.8018375
2022-06-16 10:30:00,0.763775
2022-06-17 10:30:00,0.721875
2022-06-18 10:30:00,0.6819625
2022-06-19 10:30:00,0.639575
2022-06-20 10:30:00,0.659525
2022-06-21 10:30:00,0.61071247
2022-06-22 10:30:00,0.59115
2022-06-23 10:30:00,0.69205
2022-06-24 10:30:00,0.739225
2022-06-25 10:30:00,0.7801875
2022-06-26 10:30:00,0.728775
2022-06-27 10:30:00,0.74873745
2022-06-28 10:30:00,0.74848753
2022-06-29 10:30:00,0.6797875
2022-06-30 10:30:00,0.80921245
2022-07-01 10:30:00,0.77615
2022-07-02 10:30:00,0.7521875
2022-07-03 10:30:00,0.73278743
2022-07-04 10:30:00,0.82386243
2022-07-05 10:30:00,0.79231244
2022-07-06 10:30:00,0.85899997
2022-07-07 10:30:00,0.666575
2022-07-08 10:30:00,0.6197875
2022-07-09 10:30:00,0.6928
2022-07-10 10:30:00,0.6902625
2022-07-11 10:30:00,0.6855
2022-07-12 10:30:00,0.6831375
2022-07-13 10:30:00,0.8159125
2022-07-14 10:30:00,0.7601625
2022-07-15 10:30:00,0.87403744
2022-07-16 10:30:00,0.79272497
2022-07-17 10:30:00,0.8305375
2022-07-18 10:30:00,0.760125
2022-07-19 10:30:00,0.78441244
2022-07-20 10:30:00,0.74997497
2022-07-21 10:30:00,0.70796245
2022-07-22 10:30:00,0.81026244
2022-07-23 10:30:00,0.87317497
2022-07-24 10:30:00,0.85996246
2022-07-25 10:30:00,0.89086246
2022-07-26 10:30:00,0.88343745
2022-07-27 10:30:00,0.84809995
2022-07-28 10:30:00,0.82044995
2022-07-29 10:30:00,0.8171375
2022-07-30 10:30:00,0.80483747
2022-07-31 10:30:00,0.73245
2022-08-01 10:30:00,0.62436247
2022-08-02 10:30:00,0.8120625
2022-08-03 10:30:00,0.7914625
2022-08-04 10:30:00,0.826125
2022-08-05 10:30:00,0.64918745
2022-08-06 10:30:00,0.64437497
2022-08-07 10:30:00,0.6823124
2022-08-08 10:30:00,0.5942375
2022-08-09 10:30:00,0.521275
2022-08-10 10:30:00,0.627525
2022-08-11 10:30:00,0.71235
2022-08-12 10:30:00,0.674175
2022-08-13 10:30:00,0.70371246
2022-08-14 10:30:00,0.8880625
2022-08-15 10:30:00,0.88216245
2022-08-16 10:30:00,0.7277625
2022-08-17 10:30:00,0.6401375
2022-08-18 10:30:00,0.8171875
2022-08-19 10:30:00,0.64129996
2022-08-20 10:30:00,0.64294994
2022-08-21 10:30:00,0.7312625
2022-08-22 10:30:00,0.69661254
2022-08-23 10:30:00,0.7137
2022-08-24 10:30:00,0.531625
2022-08-25 10:30:00,0.6056
2022-08-26 10:30:00,0.784375
2022-08-27 10:30:00,0.72305
2022-08-28 10:30:00,0.6568875
2022-08-29 10:30:00,0.6568625
2022-08-30 10:30:00,0.7064375
2022-08-31 10:30:00,0.70792496
2022-09-01 10:30:00,0.5369625
2022-09-02 10:30:00,0.568825
2022-09-03 10:30:00,0.6137875
2022-09-04 10:30:00,0.6270625
2022-09-05 10:30:00,0.6252
2022-09-06 10:30:00,0.6375875
2022-09-07 10:30:00,0.5553375
2022-09-08 10:30:00,0.6531624
2022-09-09 10:30:00,0.57677495
2022-09-10 10:30:00,0.52435
2022-09-11 10:30:00,0.606525
2022-09-12 10:30:00,0.642075
2022-09-13 10:30:00,0.6672625
2022-09-14 10:30:00,0.5943
2022-09-15 10:30:00,0.66653746
2022-09-16 10:30:00,0.64555
2022-09-17 10:30:00,0.535575
2022-09-18 10:30:00,0.454325
2022-09-19 10:30:00,0.34475
2022-09-20 10:30:00,0.366025
2022-09-21 10:30:00,0.4709
2022-09-22 10:30:00,0.8274125
2022-09-23 10:30:00,0.5958875
2022-09-24 10:30:00,0.38098747
2022-09-25 10:30:00,0.505575
2022-09-26 10:30:00,0.4723125
2022-09-27 10:30:00,0.37777498
2022-09-28 10:30:00,0.4251625
2022-09-29 10:30:00,0.57975
2022-09-30 10:30:00,0.71458745
2022-10-01 10:30:00,0.8277
2022-10-02 10:30:00,0.83309996
2022-10-03 10:30:00,0.5851375
2022-10-04 10:30:00,0.5586625
2022-10-05 10:30:00,0.60021245
2022-10-06 10:30:00,0.60214996
2022-10-07 10:30:00,0.5557125
2022-10-08 10:30:00,0.85335
2022-10-09 10:30:00,0.63436246
2022-10-10 10:30:00,0.485975
2022-10-11 10:30:00,0.52919996
2022-10-12 10:30:00,0.45912498
2022-10-13 10:30:00,0.552675
2022-10-14 10:30:00,0.44377503
2022-10-15 10:30:00,0.41753748
2022-10-16 10:30:00,0.580125
2022-10-17 10:30:00,0.54786247
2022-10-18 10:30:00,0.53679997
2022-10-19 10:30:00,0.35533747
2022-10-20 10:30:00,0.4455625
2022-10-21 10:30:00,0.63325
2022-10-22 10:30:00,0.6793875
2022-10-23 10:30:00,0.65996253
2022-10-24 10:30:00,0.5570625
2022-10-25 10:30:00,0.462575
2022-10-26 10:30:00,0.5727125
2022-10-27 10:30:00,0.5206625
2022-10-28 10:30:00,0.5671875
2022-10-29 10:30:00,0.53942496
2022-10-30 10:30:00,0.6814375
2022-10-31 10:30:00,0.66598755
2022-11-01 10:30:00,0.55009997
2022-11-02 10:30:00,0.54095
2022-11-03 10:30:00,0.6231375
2022-11-04 10:30:00,0.55447495
2022-11-05 10:30:00,0.64411247
2022-11-06 10:30:00,0.6251125
2022-11-07 10:30:00,0.55627495
2022-11-08 10:30:00,0.44834998
2022-11-09 10:30:00,0.5770625
2022-11-10 10:30:00,0.574725
2022-11-11 10:30:00,0.65885
2022-11-12 10:30:00,0.64582497
2022-11-13 10:30:00,0.6215125
2022-11-14 10:30:00,0.6446375
2022-11-15 10:30:00,0.53889996
2022-11-16 10:30:00,0.5996125
2022-11-17 10:30:00,0.564875
2022-11-18 10:30:00,0.56769997
2022-11-19 10:30:00,0.65595
2022-11-20 10:30:00,0.59809995
2022-11-21 10:30:00,0.634825
2022-11-22 10:30:00,0.6307
2022-11-23 10:30:00,0.7611125
2022-11-24 10:30:00,0.83356243
2022-11-25 10:30:00,0.6529875
2022-11-26 10:30:00,0.56553745
2022-11-27 10:30:00,0.79161245
2022-11-28 10:30:00,0.72229993
2022-11-29 10:30:00,0.554975
2022-11-30 10:30:00,0.5678375
2022-12-01 10:30:00,0.5920625
2022-12-02 10:30:00,0.5884625
2022-12-03 10:30:00,0.5556875
2022-12-04 10:30:00,0.601825
2022-12-05 10:30:00,0.6224375
2022-12-06 10:30:00,0.64937496
2022-12-07 10:30:00,0.6590125
2022-12-08 10:30:00,0.691625
2022-12-09 10:30:00,0.66955
2022-12-10 10:30:00,0.6505
2022-12-11 10:30:00,0.61487496
2022-12-12 10:30:00,0.60254997
2022-12-13 10:30:00,0.560675
2022-12-14 10:30:00,0.5162625
2022-12-15 10:30:00,0.62224996
2022-12-16 10:30:00,0.6034125
2022-12-17 10:30:00,0.5926875
2022-12-18 10:30:00,0.5936875
2022-12-19 10:30:00,0.69693744
2022-12-20 10:30:00,0.732575
2022-12-21 10:30:00,0.6498
2022-12-22 10:30:00,0.61381245
2022-12-23 10:30:00,0.599725
2022-12-24 10:30:00,0.5719875
2022-12-25 10:30:00,0.67311245
2022-12-26 10:30:00,0.719225
2022-12-27 10:30:00,0.665725
2022-12-28 10:30:00,0.670075
2022-12-29 10:30:00,0.639075
2022-12-30 10:30:00,0.6228625
2022-12-31 10:30:00,0.66605
