time,rhum
2012-01-01 10:30:00,0.52537495
2012-01-02 10:30:00,0.5814
2012-01-03 10:30:00,0.6281
2012-01-04 10:30:00,0.48976249
2012-01-05 10:30:00,0.5599125
2012-01-06 10:30:00,0.4746125
2012-01-07 10:30:00,0.4833125
2012-01-08 10:30:00,0.5211375
2012-01-09 10:30:00,0.57916254
2012-01-10 10:30:00,0.6661125
2012-01-11 10:30:00,0.597925
2012-01-12 10:30:00,0.69052494
2012-01-13 10:30:00,0.6326625
2012-01-14 10:30:00,0.5031625
2012-01-15 10:30:00,0.636725
2012-01-16 10:30:00,0.7334375
2012-01-17 10:30:00,0.62649995
2012-01-18 10:30:00,0.64
2012-01-19 10:30:00,0.7187
2012-01-20 10:30:00,0.4166125
2012-01-21 10:30:00,0.339625
2012-01-22 10:30:00,0.3868125
2012-01-23 10:30:00,0.3907125
2012-01-24 10:30:00,0.39534998
2012-01-25 10:30:00,0.42283747
2012-01-26 10:30:00,0.37487498
2012-01-27 10:30:00,0.3486375
2012-01-28 10:30:00,0.386675
2012-01-29 10:30:00,0.41442502
2012-01-30 10:30:00,0.32037497
2012-01-31 10:30:00,0.3771125
2012-02-01 10:30:00,0.3488875
2012-02-02 10:30:00,0.28425
2012-02-03 10:30:00,0.325575
2012-02-04 10:30:00,0.38375
2012-02-05 10:30:00,0.33179998
2012-02-06 10:30:00,0.295225
2012-02-07 10:30:00,0.27496248
2012-02-08 10:30:00,0.335425
2012-02-09 10:30:00,0.2903
2012-02-10 10:30:00,0.2930125
2012-02-11 10:30:00,0.2792875
2012-02-12 10:30:00,0.3137
2012-02-13 10:30:00,0.26645
2012-02-14 10:30:00,0.314125
2012-02-15 10:30:00,0.28717497
2012-02-16 10:30:00,0.320275
2012-02-17 10:30:00,0.33849996
2012-02-18 10:30:00,0.3208625
2012-02-19 10:30:00,0.2654125
2012-02-20 10:30:00,0.1901625
2012-02-21 10:30:00,0.1970875
2012-02-22 10:30:00,0.21848749
2012-02-23 10:30:00,0.2734375
2012-02-24 10:30:00,0.3060375
2012-02-25 10:30:00,0.2425375
2012-02-26 10:30:00,0.29325
2012-02-27 10:30:00,0.3233125
2012-02-28 10:30:00,0.2846
2012-02-29 10:30:00,0.2752375
2012-03-01 10:30:00,0.2128
2012-03-02 10:30:00,0.24192499
2012-03-03 10:30:00,0.22195
2012-03-04 10:30:00,0.38123748
2012-03-05 10:30:00,0.76479995
2012-03-06 10:30:00,0.46291247
2012-03-07 10:30:00,0.5521875
2012-03-08 10:30:00,0.37235
2012-03-09 10:30:00,0.3333875
2012-03-10 10:30:00,0.47432497
2012-03-11 10:30:00,0.3805125
2012-03-12 10:30:00,0.3481375
2012-03-13 10:30:00,0.30124998
2012-03-14 10:30:00,0.29588747
2012-03-15 10:30:00,0.4113375
2012-03-16 10:30:00,0.3247625
2012-03-17 10:30:00,0.18897499
2012-03-18 10:30:00,0.2016875
2012-03-19 10:30:00,0.17608748
2012-03-20 10:30:00,0.202225
2012-03-21 10:30:00,0.29161248
2012-03-22 10:30:00,0.2280625
2012-03-23 10:30:00,0.50333744
2012-03-24 10:30:00,0.3091375
2012-03-25 10:30:00,0.256225
2012-03-26 10:30:00,0.293125
2012-03-27 10:30:00,0.21866249
2012-03-28 10:30:00,0.1786125
2012-03-29 10:30:00,0.6436875
2012-03-30 10:30:00,0.59591246
2012-03-31 10:30:00,0.59064996
2012-04-01 10:30:00,0.25530002
2012-04-02 10:30:00,0.23548749
2012-04-03 10:30:00,0.29275
2012-04-04 10:30:00,0.4577875
2012-04-05 10:30:00,0.294725
2012-04-06 10:30:00,0.2120625
2012-04-07 10:30:00,0.2239125
2012-04-08 10:30:00,0.3995125
2012-04-09 10:30:00,0.21389998
2012-04-10 10:30:00,0.1937625
2012-04-11 10:30:00,0.2260875
2012-04-12 10:30:00,0.2519
2012-04-13 10:30:00,0.2057
2012-04-14 10:30:00,0.3649625
2012-04-15 10:30:00,0.221725
2012-04-16 10:30:00,0.186875
2012-04-17 10:30:00,0.29050002
2012-04-18 10:30:00,0.3509
2012-04-19 10:30:00,0.5214125
2012-04-20 10:30:00,0.2828125
2012-04-21 10:30:00,0.4954
2012-04-22 10:30:00,0.5426875
2012-04-23 10:30:00,0.5486875
2012-04-24 10:30:00,0.287825
2012-04-25 10:30:00,0.20816249
2012-04-26 10:30:00,0.1619125
2012-04-27 10:30:00,0.7058375
2012-04-28 10:30:00,0.277525
2012-04-29 10:30:00,0.1815125
2012-04-30 10:30:00,0.3703875
2012-05-01 10:30:00,0.17185
2012-05-02 10:30:00,0.290025
2012-05-03 10:30:00,0.17944999
2012-05-04 10:30:00,0.21122499
2012-05-05 10:30:00,0.2106375
2012-05-06 10:30:00,0.3992375
2012-05-07 10:30:00,0.41055
2012-05-08 10:30:00,0.44425
2012-05-09 10:30:00,0.4070375
2012-05-10 10:30:00,0.5025625
2012-05-11 10:30:00,0.38362497
2012-05-12 10:30:00,0.7820749
2012-05-13 10:30:00,0.8165249
2012-05-14 10:30:00,0.6069
2012-05-15 10:30:00,0.71582496
2012-05-16 10:30:00,0.856875
2012-05-17 10:30:00,0.4338
2012-05-18 10:30:00,0.38497502
2012-05-19 10:30:00,0.171225
2012-05-20 10:30:00,0.2887375
2012-05-21 10:30:00,0.31733748
2012-05-22 10:30:00,0.3895125
2012-05-23 10:30:00,0.22831249
2012-05-24 10:30:00,0.2848625
2012-05-25 10:30:00,0.3943125
2012-05-26 10:30:00,0.4858
2012-05-27 10:30:00,0.32343748
2012-05-28 10:30:00,0.5249375
2012-05-29 10:30:00,0.48831248
2012-05-30 10:30:00,0.7753375
2012-05-31 10:30:00,0.6743875
2012-06-01 10:30:00,0.5194
2012-06-02 10:30:00,0.715325
2012-06-03 10:30:00,0.680975
2012-06-04 10:30:00,0.84582496
2012-06-05 10:30:00,0.54475
2012-06-06 10:30:00,0.691025
2012-06-07 10:30:00,0.67165
2012-06-08 10:30:00,0.614275
2012-06-09 10:30:00,0.50721246
2012-06-10 10:30:00,0.40974998
2012-06-11 10:30:00,0.75025
2012-06-12 10:30:00,0.9164625
2012-06-13 10:30:00,0.9281875
2012-06-14 10:30:00,0.82103753
2012-06-15 10:30:00,0.96476245
2012-06-16 10:30:00,0.890825
2012-06-17 10:30:00,0.91625
2012-06-18 10:30:00,0.7296625
2012-06-19 10:30:00,0.6635625
2012-06-20 10:30:00,0.58865
2012-06-21 10:30:00,0.59708744
2012-06-22 10:30:00,0.5496375
2012-06-23 10:30:00,0.72078747
2012-06-24 10:30:00,0.7713125
2012-06-25 10:30:00,0.64848745
2012-06-26 10:30:00,0.6617375
2012-06-27 10:30:00,0.84091246
2012-06-28 10:30:00,0.6973125
2012-06-29 10:30:00,0.91613746
2012-06-30 10:30:00,0.505475
2012-07-01 10:30:00,0.8610375
2012-07-02 10:30:00,0.85101247
2012-07-03 10:30:00,0.887275
2012-07-04 10:30:00,0.7626
2012-07-05 10:30:00,0.7436375
2012-07-06 10:30:00,0.6576
2012-07-07 10:30:00,0.62553746
2012-07-08 10:30:00,0.727225
2012-07-09 10:30:00,0.7783874
2012-07-10 10:30:00,0.81724995
2012-07-11 10:30:00,0.95373744
2012-07-12 10:30:00,0.8771875
2012-07-13 10:30:00,0.67886245
2012-07-14 10:30:00,0.68175
2012-07-15 10:30:00,0.630775
2012-07-16 10:30:00,0.607475
2012-07-17 10:30:00,0.57431245
2012-07-18 10:30:00,0.7245749
2012-07-19 10:30:00,0.72488743
2012-07-20 10:30:00,0.7391625
2012-07-21 10:30:00,0.80381244
2012-07-22 10:30:00,0.91545
2012-07-23 10:30:00,0.6482125
2012-07-24 10:30:00,0.767925
2012-07-25 10:30:00,0.80364996
2012-07-26 10:30:00,0.713075
2012-07-27 10:30:00,0.6188875
2012-07-28 10:30:00,0.90047497
2012-07-29 10:30:00,0.9286
2012-07-30 10:30:00,0.8737124
2012-07-31 10:30:00,0.72499996
2012-08-01 10:30:00,0.69278747
2012-08-02 10:30:00,0.79819995
2012-08-03 10:30:00,0.72574997
2012-08-04 10:30:00,0.739375
2012-08-05 10:30:00,0.704475
2012-08-06 10:30:00,0.6788
2012-08-07 10:30:00,0.6837
2012-08-08 10:30:00,0.6783625
2012-08-09 10:30:00,0.536375
2012-08-10 10:30:00,0.728325
2012-08-11 10:30:00,0.68842494
2012-08-12 10:30:00,0.60372496
2012-08-13 10:30:00,0.513375
2012-08-14 10:30:00,0.5649625
2012-08-15 10:30:00,0.6145
2012-08-16 10:30:00,0.5555875
2012-08-17 10:30:00,0.67671245
2012-08-18 10:30:00,0.62058747
2012-08-19 10:30:00,0.53491247
2012-08-20 10:30:00,0.5784375
2012-08-21 10:30:00,0.45168748
2012-08-22 10:30:00,0.3679375
2012-08-23 10:30:00,0.45831248
2012-08-24 10:30:00,0.62315
2012-08-25 10:30:00,0.627375
2012-08-26 10:30:00,0.6180125
2012-08-27 10:30:00,0.7347
2012-08-28 10:30:00,0.672525
2012-08-29 10:30:00,0.5357875
2012-08-30 10:30:00,0.5879875
2012-08-31 10:30:00,0.6933125
2012-09-01 10:30:00,0.73083746
2012-09-02 10:30:00,0.9119625
2012-09-03 10:30:00,0.814875
2012-09-04 10:30:00,0.8061875
2012-09-05 10:30:00,0.71659994
2012-09-06 10:30:00,0.55698746
2012-09-07 10:30:00,0.6466875
2012-09-08 10:30:00,0.79318744
2012-09-09 10:30:00,0.74646246
2012-09-10 10:30:00,0.73512495
2012-09-11 10:30:00,0.92701244
2012-09-12 10:30:00,0.8799125
2012-09-13 10:30:00,0.80785
2012-09-14 10:30:00,0.60885
2012-09-15 10:30:00,0.67573744
2012-09-16 10:30:00,0.661025
2012-09-17 10:30:00,0.644075
2012-09-18 10:30:00,0.640325
2012-09-19 10:30:00,0.57932496
2012-09-20 10:30:00,0.4297875
2012-09-21 10:30:00,0.55978745
2012-09-22 10:30:00,0.76557493
2012-09-23 10:30:00,0.727475
2012-09-24 10:30:00,0.59073746
2012-09-25 10:30:00,0.711225
2012-09-26 10:30:00,0.675975
2012-09-27 10:30:00,0.86201245
2012-09-28 10:30:00,0.5471
2012-09-29 10:30:00,0.5444625
2012-09-30 10:30:00,0.5667875
2012-10-01 10:30:00,0.674625
2012-10-02 10:30:00,0.573725
2012-10-03 10:30:00,0.79622495
2012-10-04 10:30:00,0.703075
2012-10-05 10:30:00,0.468
2012-10-06 10:30:00,0.4973875
2012-10-07 10:30:00,0.59645
2012-10-08 10:30:00,0.63084996
2012-10-09 10:30:00,0.7464625
2012-10-10 10:30:00,0.541575
2012-10-11 10:30:00,0.578925
2012-10-12 10:30:00,0.571975
2012-10-13 10:30:00,0.629725
2012-10-14 10:30:00,0.58875
2012-10-15 10:30:00,0.599025
2012-10-16 10:30:00,0.8751625
2012-10-17 10:30:00,0.55053747
2012-10-18 10:30:00,0.45833752
2012-10-19 10:30:00,0.41326252
2012-10-20 10:30:00,0.41143748
2012-10-21 10:30:00,0.494175
2012-10-22 10:30:00,0.484625
2012-10-23 10:30:00,0.6983875
2012-10-24 10:30:00,0.82246244
2012-10-25 10:30:00,0.47195
2012-10-26 10:30:00,0.6430625
2012-10-27 10:30:00,0.3964125
2012-10-28 10:30:00,0.362475
2012-10-29 10:30:00,0.3953625
2012-10-30 10:30:00,0.5942625
2012-10-31 10:30:00,0.567925
2012-11-01 10:30:00,0.5629375
2012-11-02 10:30:00,0.453825
2012-11-03 10:30:00,0.51355
2012-11-04 10:30:00,0.55448747
2012-11-05 10:30:00,0.6139
2012-11-06 10:30:00,0.5471
2012-11-07 10:30:00,0.58709997
2012-11-08 10:30:00,0.59305
2012-11-09 10:30:00,0.629575
2012-11-10 10:30:00,0.6665625
2012-11-11 10:30:00,0.801775
2012-11-12 10:30:00,0.90245
2012-11-13 10:30:00,0.77365
2012-11-14 10:30:00,0.71239996
2012-11-15 10:30:00,0.620475
2012-11-16 10:30:00,0.624775
2012-11-17 10:30:00,0.81644994
2012-11-18 10:30:00,0.9188625
2012-11-19 10:30:00,0.70387495
2012-11-20 10:30:00,0.61482495
2012-11-21 10:30:00,0.64059997
2012-11-22 10:30:00,0.50133747
2012-11-23 10:30:00,0.652725
2012-11-24 10:30:00,0.7500125
2012-11-25 10:30:00,0.717125
2012-11-26 10:30:00,0.613625
2012-11-27 10:30:00,0.76274997
2012-11-28 10:30:00,0.542975
2012-11-29 10:30:00,0.556825
2012-11-30 10:30:00,0.4498125
2012-12-01 10:30:00,0.646025
2012-12-02 10:30:00,0.80238754
2012-12-03 10:30:00,0.55175
2012-12-04 10:30:00,0.49580002
2012-12-05 10:30:00,0.42651248
2012-12-06 10:30:00,0.46549997
2012-12-07 10:30:00,0.5402375
2012-12-08 10:30:00,0.675725
2012-12-09 10:30:00,0.82565
2012-12-10 10:30:00,0.73128754
2012-12-11 10:30:00,0.6960625
2012-12-12 10:30:00,0.78999996
2012-12-13 10:30:00,0.6309875
2012-12-14 10:30:00,0.6807
2012-12-15 10:30:00,0.79701245
2012-12-16 10:30:00,0.674775
2012-12-17 10:30:00,0.4999375
2012-12-18 10:30:00,0.510925
2012-12-19 10:30:00,0.6119875
2012-12-20 10:30:00,0.68293744
2012-12-21 10:30:00,0.538
2012-12-22 10:30:00,0.508275
2012-12-23 10:30:00,0.48901248
2012-12-24 10:30:00,0.603625
2012-12-25 10:30:00,0.44588748
2012-12-26 10:30:00,0.62202495
2012-12-27 10:30:00,0.6026125
2012-12-28 10:30:00,0.70841247
2012-12-29 10:30:00,0.760725
2012-12-30 10:30:00,0.60705
2012-12-31 10:30:00,0.6337125
2013-01-01 10:30:00,0.5620625
2013-01-02 10:30:00,0.4790125
2013-01-03 10:30:00,0.47962502
2013-01-04 10:30:00,0.44608748
2013-01-05 10:30:00,0.5116625
2013-01-06 10:30:00,0.62163746
2013-01-07 10:30:00,0.6679125
2013-01-08 10:30:00,0.5419
2013-01-09 10:30:00,0.58727497
2013-01-10 10:30:00,0.6139625
2013-01-11 10:30:00,0.6775875
2013-01-12 10:30:00,0.704875
2013-01-13 10:30:00,0.71785
2013-01-14 10:30:00,0.6521125
2013-01-15 10:30:00,0.71918744
2013-01-16 10:30:00,0.623325
2013-01-17 10:30:00,0.65978754
2013-01-18 10:30:00,0.71795
2013-01-19 10:30:00,0.6553625
2013-01-20 10:30:00,0.740075
2013-01-21 10:30:00,0.71365
2013-01-22 10:30:00,0.7001
2013-01-23 10:30:00,0.721575
2013-01-24 10:30:00,0.4379
2013-01-25 10:30:00,0.53728753
2013-01-26 10:30:00,0.5067375
2013-01-27 10:30:00,0.698
2013-01-28 10:30:00,0.7870749
2013-01-29 10:30:00,0.746475
2013-01-30 10:30:00,0.82034993
2013-01-31 10:30:00,0.755325
2013-02-01 10:30:00,0.4456625
2013-02-02 10:30:00,0.452025
2013-02-03 10:30:00,0.665375
2013-02-04 10:30:00,0.5800875
2013-02-05 10:30:00,0.64184994
2013-02-06 10:30:00,0.4770375
2013-02-07 10:30:00,0.48385
2013-02-08 10:30:00,0.4954
2013-02-09 10:30:00,0.5844
2013-02-10 10:30:00,0.490775
2013-02-11 10:30:00,0.5837
2013-02-12 10:30:00,0.62869996
2013-02-13 10:30:00,0.47485
2013-02-14 10:30:00,0.485375
2013-02-15 10:30:00,0.552575
2013-02-16 10:30:00,0.71705
2013-02-17 10:30:00,0.53498745
2013-02-18 10:30:00,0.3811375
2013-02-19 10:30:00,0.4088
2013-02-20 10:30:00,0.40316248
2013-02-21 10:30:00,0.456725
2013-02-22 10:30:00,0.47256246
2013-02-23 10:30:00,0.3552875
2013-02-24 10:30:00,0.4525875
2013-02-25 10:30:00,0.596325
2013-02-26 10:30:00,0.8171375
2013-02-27 10:30:00,0.43937498
2013-02-28 10:30:00,0.7772625
2013-03-01 10:30:00,0.43064997
2013-03-02 10:30:00,0.51366246
2013-03-03 10:30:00,0.7509125
2013-03-04 10:30:00,0.569725
2013-03-05 10:30:00,0.72497493
2013-03-06 10:30:00,0.58612496
2013-03-07 10:30:00,0.360275
2013-03-08 10:30:00,0.5298875
2013-03-09 10:30:00,0.7192125
2013-03-10 10:30:00,0.5751625
2013-03-11 10:30:00,0.67864996
2013-03-12 10:30:00,0.44625
2013-03-13 10:30:00,0.46542498
2013-03-14 10:30:00,0.5414875
2013-03-15 10:30:00,0.5865
2013-03-16 10:30:00,0.5181625
2013-03-17 10:30:00,0.3666875
2013-03-18 10:30:00,0.3520625
2013-03-19 10:30:00,0.33505002
2013-03-20 10:30:00,0.33502498
2013-03-21 10:30:00,0.46084997
2013-03-22 10:30:00,0.35122502
2013-03-23 10:30:00,0.52459997
2013-03-24 10:30:00,0.42183748
2013-03-25 10:30:00,0.35639998
2013-03-26 10:30:00,0.3920625
2013-03-27 10:30:00,0.5266
2013-03-28 10:30:00,0.40252498
2013-03-29 10:30:00,0.4216625
2013-03-30 10:30:00,0.3843125
2013-03-31 10:30:00,0.3486625
2013-04-01 10:30:00,0.33945
2013-04-02 10:30:00,0.2902875
2013-04-03 10:30:00,0.301325
2013-04-04 10:30:00,0.45674998
2013-04-05 10:30:00,0.68831253
2013-04-06 10:30:00,0.48205
2013-04-07 10:30:00,0.40566248
2013-04-08 10:30:00,0.46054998
2013-04-09 10:30:00,0.295025
2013-04-10 10:30:00,0.5428375
2013-04-11 10:30:00,0.4995375
2013-04-12 10:30:00,0.3005375
2013-04-13 10:30:00,0.250575
2013-04-14 10:30:00,0.2603625
2013-04-15 10:30:00,0.22585
2013-04-16 10:30:00,0.26247498
2013-04-17 10:30:00,0.2519875
2013-04-18 10:30:00,0.3176375
2013-04-19 10:30:00,0.2419
2013-04-20 10:30:00,0.25579998
2013-04-21 10:30:00,0.217175
2013-04-22 10:30:00,0.34892496
2013-04-23 10:30:00,0.3314625
2013-04-24 10:30:00,0.6079125
2013-04-25 10:30:00,0.75052494
2013-04-26 10:30:00,0.379225
2013-04-27 10:30:00,0.2933
2013-04-28 10:30:00,0.6314625
2013-04-29 10:30:00,0.9419625
2013-04-30 10:30:00,0.66569996
2013-05-01 10:30:00,0.548625
2013-05-02 10:30:00,0.5088125
2013-05-03 10:30:00,0.33333752
2013-05-04 10:30:00,0.23645
2013-05-05 10:30:00,0.3179875
2013-05-06 10:30:00,0.39357498
2013-05-07 10:30:00,0.23808749
2013-05-08 10:30:00,0.404775
2013-05-09 10:30:00,0.5570625
2013-05-10 10:30:00,0.57607496
2013-05-11 10:30:00,0.50545
2013-05-12 10:30:00,0.5886125
2013-05-13 10:30:00,0.57261246
2013-05-14 10:30:00,0.7894125
2013-05-15 10:30:00,0.553275
2013-05-16 10:30:00,0.4545625
2013-05-17 10:30:00,0.45428747
2013-05-18 10:30:00,0.47735
2013-05-19 10:30:00,0.5708875
2013-05-20 10:30:00,0.73139995
2013-05-21 10:30:00,0.5976625
2013-05-22 10:30:00,0.3462875
2013-05-23 10:30:00,0.33654997
2013-05-24 10:30:00,0.24552499
2013-05-25 10:30:00,0.2503375
2013-05-26 10:30:00,0.4043
2013-05-27 10:30:00,0.6650875
2013-05-28 10:30:00,0.47311246
2013-05-29 10:30:00,0.31893748
2013-05-30 10:30:00,0.31876248
2013-05-31 10:30:00,0.30855
2013-06-01 10:30:00,0.3505
2013-06-02 10:30:00,0.3181125
2013-06-03 10:30:00,0.7043125
2013-06-04 10:30:00,0.5664125
2013-06-05 10:30:00,0.55232495
2013-06-06 10:30:00,0.71327496
2013-06-07 10:30:00,0.60585
2013-06-08 10:30:00,0.7041
2013-06-09 10:30:00,0.729575
2013-06-10 10:30:00,0.48767498
2013-06-11 10:30:00,0.6220375
2013-06-12 10:30:00,0.7872125
2013-06-13 10:30:00,0.5552
2013-06-14 10:30:00,0.5830875
2013-06-15 10:30:00,0.5599125
2013-06-16 10:30:00,0.5494625
2013-06-17 10:30:00,0.5375875
2013-06-18 10:30:00,0.53849995
2013-06-19 10:30:00,0.6238
2013-06-20 10:30:00,0.6309125
2013-06-21 10:30:00,0.6202875
2013-06-22 10:30:00,0.4581625
2013-06-23 10:30:00,0.446025
2013-06-24 10:30:00,0.47077498
2013-06-25 10:30:00,0.7066375
2013-06-26 10:30:00,0.8009625
2013-06-27 10:30:00,0.855575
2013-06-28 10:30:00,0.797125
2013-06-29 10:30:00,0.91426253
2013-06-30 10:30:00,0.8979125
2013-07-01 10:30:00,0.764775
2013-07-02 10:30:00,0.8346875
2013-07-03 10:30:00,0.79125
2013-07-04 10:30:00,0.728
2013-07-05 10:30:00,0.595325
2013-07-06 10:30:00,0.6212125
2013-07-07 10:30:00,0.65558755
2013-07-08 10:30:00,0.68273747
2013-07-09 10:30:00,0.6341875
2013-07-10 10:30:00,0.487
2013-07-11 10:30:00,0.64336246
2013-07-12 10:30:00,0.624725
2013-07-13 10:30:00,0.593225
2013-07-14 10:30:00,0.55525
2013-07-15 10:30:00,0.8555625
2013-07-16 10:30:00,0.602
2013-07-17 10:30:00,0.6229875
2013-07-18 10:30:00,0.7332125
2013-07-19 10:30:00,0.80165
2013-07-20 10:30:00,0.65795
2013-07-21 10:30:00,0.6261
2013-07-22 10:30:00,0.6929
2013-07-23 10:30:00,0.83176243
2013-07-24 10:30:00,0.8161875
2013-07-25 10:30:00,0.7498625
2013-07-26 10:30:00,0.7010375
2013-07-27 10:30:00,0.825
2013-07-28 10:30:00,0.72192496
2013-07-29 10:30:00,0.70738745
2013-07-30 10:30:00,0.72871244
2013-07-31 10:30:00,0.8713
2013-08-01 10:30:00,0.8693125
2013-08-02 10:30:00,0.81592494
2013-08-03 10:30:00,0.8784625
2013-08-04 10:30:00,0.6992625
2013-08-05 10:30:00,0.78708744
2013-08-06 10:30:00,0.7939875
2013-08-07 10:30:00,0.61947495
2013-08-08 10:30:00,0.635
2013-08-09 10:30:00,0.6426875
2013-08-10 10:30:00,0.6599375
2013-08-11 10:30:00,0.69393754
2013-08-12 10:30:00,0.8408625
2013-08-13 10:30:00,0.58682495
2013-08-14 10:30:00,0.61255
2013-08-15 10:30:00,0.6090625
2013-08-16 10:30:00,0.86628747
2013-08-17 10:30:00,0.828925
2013-08-18 10:30:00,0.6837124
2013-08-19 10:30:00,0.71598744
2013-08-20 10:30:00,0.6066375
2013-08-21 10:30:00,0.810475
2013-08-22 10:30:00,0.7574375
2013-08-23 10:30:00,0.687975
2013-08-24 10:30:00,0.59222496
2013-08-25 10:30:00,0.7055625
2013-08-26 10:30:00,0.58538747
2013-08-27 10:30:00,0.7092375
2013-08-28 10:30:00,0.90937495
2013-08-29 10:30:00,0.67565
2013-08-30 10:30:00,0.76247495
2013-08-31 10:30:00,0.66585
2013-09-01 10:30:00,0.7194625
2013-09-02 10:30:00,0.78225
2013-09-03 10:30:00,0.665375
2013-09-04 10:30:00,0.68022496
2013-09-05 10:30:00,0.72781247
2013-09-06 10:30:00,0.851125
2013-09-07 10:30:00,0.78705
2013-09-08 10:30:00,0.6902125
2013-09-09 10:30:00,0.74151254
2013-09-10 10:30:00,0.5500125
2013-09-11 10:30:00,0.512475
2013-09-12 10:30:00,0.5954625
2013-09-13 10:30:00,0.68312496
2013-09-14 10:30:00,0.41055
2013-09-15 10:30:00,0.4411
2013-09-16 10:30:00,0.4611125
2013-09-17 10:30:00,0.5909875
2013-09-18 10:30:00,0.597975
2013-09-19 10:30:00,0.6522625
2013-09-20 10:30:00,0.6266625
2013-09-21 10:30:00,0.5922375
2013-09-22 10:30:00,0.54711246
2013-09-23 10:30:00,0.4612375
2013-09-24 10:30:00,0.4775625
2013-09-25 10:30:00,0.43635
2013-09-26 10:30:00,0.4036125
2013-09-27 10:30:00,0.3374375
2013-09-28 10:30:00,0.400525
2013-09-29 10:30:00,0.48786247
2013-09-30 10:30:00,0.4420625
2013-10-01 10:30:00,0.43731248
2013-10-02 10:30:00,0.36825
2013-10-03 10:30:00,0.396525
2013-10-04 10:30:00,0.42478746
2013-10-05 10:30:00,0.35364997
2013-10-06 10:30:00,0.42561248
2013-10-07 10:30:00,0.33345002
2013-10-08 10:30:00,0.2728375
2013-10-09 10:30:00,0.409225
2013-10-10 10:30:00,0.78989995
2013-10-11 10:30:00,0.6391375
2013-10-12 10:30:00,0.4768875
2013-10-13 10:30:00,0.4150625
2013-10-14 10:30:00,0.3595625
2013-10-15 10:30:00,0.40452498
2013-10-16 10:30:00,0.42118752
2013-10-17 10:30:00,0.42631248
2013-10-18 10:30:00,0.63255
2013-10-19 10:30:00,0.70766246
2013-10-20 10:30:00,0.8346
2013-10-21 10:30:00,0.878175
2013-10-22 10:30:00,0.93027496
2013-10-23 10:30:00,0.951425
2013-10-24 10:30:00,0.76186246
2013-10-25 10:30:00,0.65405
2013-10-26 10:30:00,0.7644625
2013-10-27 10:30:00,0.82484996
2013-10-28 10:30:00,0.645
2013-10-29 10:30:00,0.483325
2013-10-30 10:30:00,0.5591
2013-10-31 10:30:00,0.54494995
2013-11-01 10:30:00,0.532425
2013-11-02 10:30:00,0.6826875
2013-11-03 10:30:00,0.5057125
2013-11-04 10:30:00,0.43186247
2013-11-05 10:30:00,0.5556125
2013-11-06 10:30:00,0.6810375
2013-11-07 10:30:00,0.57925
2013-11-08 10:30:00,0.67193747
2013-11-09 10:30:00,0.39396247
2013-11-10 10:30:00,0.398025
2013-11-11 10:30:00,0.44177496
2013-11-12 10:30:00,0.492225
2013-11-13 10:30:00,0.49354997
2013-11-14 10:30:00,0.5565125
2013-11-15 10:30:00,0.5848125
2013-11-16 10:30:00,0.6643875
2013-11-17 10:30:00,0.63484997
2013-11-18 10:30:00,0.4391
2013-11-19 10:30:00,0.39513746
2013-11-20 10:30:00,0.473525
2013-11-21 10:30:00,0.6101125
2013-11-22 10:30:00,0.59033746
2013-11-23 10:30:00,0.5573125
2013-11-24 10:30:00,0.45
2013-11-25 10:30:00,0.424
2013-11-26 10:30:00,0.3998875
2013-11-27 10:30:00,0.43081248
2013-11-28 10:30:00,0.3211625
2013-11-29 10:30:00,0.3676875
2013-11-30 10:30:00,0.3083
2013-12-01 10:30:00,0.42366248
2013-12-02 10:30:00,0.5875
2013-12-03 10:30:00,0.55927503
2013-12-04 10:30:00,0.38614997
2013-12-05 10:30:00,0.3690875
2013-12-06 10:30:00,0.4046625
2013-12-07 10:30:00,0.6061125
2013-12-08 10:30:00,0.79805
2013-12-09 10:30:00,0.65367496
2013-12-10 10:30:00,0.6735875
2013-12-11 10:30:00,0.654525
2013-12-12 10:30:00,0.50990003
2013-12-13 10:30:00,0.46069998
2013-12-14 10:30:00,0.5248
2013-12-15 10:30:00,0.668775
2013-12-16 10:30:00,0.7790875
2013-12-17 10:30:00,0.786875
2013-12-18 10:30:00,0.77341247
2013-12-19 10:30:00,0.72695
2013-12-20 10:30:00,0.6132625
2013-12-21 10:30:00,0.6166
2013-12-22 10:30:00,0.5796625
2013-12-23 10:30:00,0.58405
2013-12-24 10:30:00,0.6753875
2013-12-25 10:30:00,0.714525
2013-12-26 10:30:00,0.5504375
2013-12-27 10:30:00,0.572275
2013-12-28 10:30:00,0.5003625
2013-12-29 10:30:00,0.4844125
2013-12-30 10:30:00,0.567925
2013-12-31 10:30:00,0.521725
2014-01-01 10:30:00,0.36304998
2014-01-02 10:30:00,0.5536375
2014-01-03 10:30:00,0.54475
2014-01-04 10:30:00,0.52145
2014-01-05 10:30:00,0.6332
2014-01-06 10:30:00,0.64776254
2014-01-07 10:30:00,0.370675
2014-01-08 10:30:00,0.35462502
2014-01-09 10:30:00,0.40485
2014-01-10 10:30:00,0.45459998
2014-01-11 10:30:00,0.50296247
2014-01-12 10:30:00,0.35132498
2014-01-13 10:30:00,0.46607497
2014-01-14 10:30:00,0.48615
2014-01-15 10:30:00,0.587475
2014-01-16 10:30:00,0.52713746
2014-01-17 10:30:00,0.486925
2014-01-18 10:30:00,0.4867625
2014-01-19 10:30:00,0.6484375
2014-01-20 10:30:00,0.59197503
2014-01-21 10:30:00,0.55808747
2014-01-22 10:30:00,0.5967875
2014-01-23 10:30:00,0.7034125
2014-01-24 10:30:00,0.5191375
2014-01-25 10:30:00,0.3431
2014-01-26 10:30:00,0.44553748
2014-01-27 10:30:00,0.324925
2014-01-28 10:30:00,0.3202
2014-01-29 10:30:00,0.59607494
2014-01-30 10:30:00,0.48099998
2014-01-31 10:30:00,0.38888747
2014-02-01 10:30:00,0.4027375
2014-02-02 10:30:00,0.23715
2014-02-03 10:30:00,0.275125
2014-02-04 10:30:00,0.35568747
2014-02-05 10:30:00,0.3861875
2014-02-06 10:30:00,0.3698125
2014-02-07 10:30:00,0.39474997
2014-02-08 10:30:00,0.4805125
2014-02-09 10:30:00,0.38974997
2014-02-10 10:30:00,0.45581248
2014-02-11 10:30:00,0.5575625
2014-02-12 10:30:00,0.4290375
2014-02-13 10:30:00,0.4005125
2014-02-14 10:30:00,0.7310375
2014-02-15 10:30:00,0.65788746
2014-02-16 10:30:00,0.605725
2014-02-17 10:30:00,0.3252125
2014-02-18 10:30:00,0.39749998
2014-02-19 10:30:00,0.36519998
2014-02-20 10:30:00,0.439225
2014-02-21 10:30:00,0.5532625
2014-02-22 10:30:00,0.41892502
2014-02-23 10:30:00,0.3888625
2014-02-24 10:30:00,0.41422498
2014-02-25 10:30:00,0.635275
2014-02-26 10:30:00,0.5966
2014-02-27 10:30:00,0.2109125
2014-02-28 10:30:00,0.42752498
2014-03-01 10:30:00,0.34845
2014-03-02 10:30:00,0.35518748
2014-03-03 10:30:00,0.32235
2014-03-04 10:30:00,0.295575
2014-03-05 10:30:00,0.27185
2014-03-06 10:30:00,0.2702625
2014-03-07 10:30:00,0.26813748
2014-03-08 10:30:00,0.2284375
2014-03-09 10:30:00,0.281525
2014-03-10 10:30:00,0.19036248
2014-03-11 10:30:00,0.449975
2014-03-12 10:30:00,0.47877496
2014-03-13 10:30:00,0.3228625
2014-03-14 10:30:00,0.22341248
2014-03-15 10:30:00,0.42731246
2014-03-16 10:30:00,0.3563
2014-03-17 10:30:00,0.490425
2014-03-18 10:30:00,0.3098
2014-03-19 10:30:00,0.54029995
2014-03-20 10:30:00,0.37182498
2014-03-21 10:30:00,0.27955
2014-03-22 10:30:00,0.2279
2014-03-23 10:30:00,0.2260875
2014-03-24 10:30:00,0.2986625
2014-03-25 10:30:00,0.30566248
2014-03-26 10:30:00,0.3550125
2014-03-27 10:30:00,0.281525
2014-03-28 10:30:00,0.32666248
2014-03-29 10:30:00,0.2681625
2014-03-30 10:30:00,0.1436625
2014-03-31 10:30:00,0.2288625
2014-04-01 10:30:00,0.47522497
2014-04-02 10:30:00,0.3190625
2014-04-03 10:30:00,0.2967875
2014-04-04 10:30:00,0.4498625
2014-04-05 10:30:00,0.26587498
2014-04-06 10:30:00,0.215825
2014-04-07 10:30:00,0.1956875
2014-04-08 10:30:00,0.34665
2014-04-09 10:30:00,0.2038125
2014-04-10 10:30:00,0.1856625
2014-04-11 10:30:00,0.1499375
2014-04-12 10:30:00,0.2023875
2014-04-13 10:30:00,0.2392
2014-04-14 10:30:00,0.16319999
2014-04-15 10:30:00,0.12728749
2014-04-16 10:30:00,0.21065
2014-04-17 10:30:00,0.364975
2014-04-18 10:30:00,0.235625
2014-04-19 10:30:00,0.41584998
2014-04-20 10:30:00,0.73952496
2014-04-21 10:30:00,0.30331248
2014-04-22 10:30:00,0.23983748
2014-04-23 10:30:00,0.263675
2014-04-24 10:30:00,0.39165
2014-04-25 10:30:00,0.3773875
2014-04-26 10:30:00,0.34495
2014-04-27 10:30:00,0.31559998
2014-04-28 10:30:00,0.22999999
2014-04-29 10:30:00,0.20209998
2014-04-30 10:30:00,0.16309999
2014-05-01 10:30:00,0.421075
2014-05-02 10:30:00,0.41056252
2014-05-03 10:30:00,0.2703625
2014-05-04 10:30:00,0.33249998
2014-05-05 10:30:00,0.3949625
2014-05-06 10:30:00,0.46226248
2014-05-07 10:30:00,0.3811375
2014-05-08 10:30:00,0.35898748
2014-05-09 10:30:00,0.3483125
2014-05-10 10:30:00,0.61938745
2014-05-11 10:30:00,0.82914996
2014-05-12 10:30:00,0.844725
2014-05-13 10:30:00,0.76917493
2014-05-14 10:30:00,0.7809625
2014-05-15 10:30:00,0.81813747
2014-05-16 10:30:00,0.77996254
2014-05-17 10:30:00,0.6761
2014-05-18 10:30:00,0.8920125
2014-05-19 10:30:00,0.82203746
2014-05-20 10:30:00,0.75443745
2014-05-21 10:30:00,0.6609625
2014-05-22 10:30:00,0.53697497
2014-05-23 10:30:00,0.41448748
2014-05-24 10:30:00,0.6368375
2014-05-25 10:30:00,0.72735
2014-05-26 10:30:00,0.8208125
2014-05-27 10:30:00,0.5133875
2014-05-28 10:30:00,0.33314997
2014-05-29 10:30:00,0.3303125
2014-05-30 10:30:00,0.27827498
2014-05-31 10:30:00,0.3377375
2014-06-01 10:30:00,0.289575
2014-06-02 10:30:00,0.3652125
2014-06-03 10:30:00,0.4270375
2014-06-04 10:30:00,0.48146248
2014-06-05 10:30:00,0.4366125
2014-06-06 10:30:00,0.3500875
2014-06-07 10:30:00,0.65253747
2014-06-08 10:30:00,0.90621245
2014-06-09 10:30:00,0.82226247
2014-06-10 10:30:00,0.78658754
2014-06-11 10:30:00,0.83037496
2014-06-12 10:30:00,0.6811625
2014-06-13 10:30:00,0.5204
2014-06-14 10:30:00,0.44947502
2014-06-15 10:30:00,0.48248747
2014-06-16 10:30:00,0.5557125
2014-06-17 10:30:00,0.64095
2014-06-18 10:30:00,0.5739625
2014-06-19 10:30:00,0.5777625
2014-06-20 10:30:00,0.6111625
2014-06-21 10:30:00,0.65515
2014-06-22 10:30:00,0.5077875
2014-06-23 10:30:00,0.45576248
2014-06-24 10:30:00,0.560975
2014-06-25 10:30:00,0.61706245
2014-06-26 10:30:00,0.77178746
2014-06-27 10:30:00,0.5942625
2014-06-28 10:30:00,0.59975
2014-06-29 10:30:00,0.4944625
2014-06-30 10:30:00,0.52849996
2014-07-01 10:30:00,0.56899995
2014-07-02 10:30:00,0.589825
2014-07-03 10:30:00,0.7671875
2014-07-04 10:30:00,0.44845
2014-07-05 10:30:00,0.66620004
2014-07-06 10:30:00,0.6776999
2014-07-07 10:30:00,0.8253125
2014-07-08 10:30:00,0.571675
2014-07-09 10:30:00,0.65332496
2014-07-10 10:30:00,0.7668
2014-07-11 10:30:00,0.78607494
2014-07-12 10:30:00,0.815875
2014-07-13 10:30:00,0.77645004
2014-07-14 10:30:00,0.694575
2014-07-15 10:30:00,0.817525
2014-07-16 10:30:00,0.8354125
2014-07-17 10:30:00,0.80926245
2014-07-18 10:30:00,0.754225
2014-07-19 10:30:00,0.834525
2014-07-20 10:30:00,0.89652497
2014-07-21 10:30:00,0.6114625
2014-07-22 10:30:00,0.6445375
2014-07-23 10:30:00,0.6803875
2014-07-24 10:30:00,0.6494375
2014-07-25 10:30:00,0.73302495
2014-07-26 10:30:00,0.738775
2014-07-27 10:30:00,0.616975
2014-07-28 10:30:00,0.7104
2014-07-29 10:30:00,0.850625
2014-07-30 10:30:00,0.809475
2014-07-31 10:30:00,0.6804875
2014-08-01 10:30:00,0.5241125
2014-08-02 10:30:00,0.6658125
2014-08-03 10:30:00,0.5516625
2014-08-04 10:30:00,0.63888747
2014-08-05 10:30:00,0.770125
2014-08-06 10:30:00,0.6893875
2014-08-07 10:30:00,0.5579375
2014-08-08 10:30:00,0.61864996
2014-08-09 10:30:00,0.7131375
2014-08-10 10:30:00,0.78027505
2014-08-11 10:30:00,0.79045
2014-08-12 10:30:00,0.6312625
2014-08-13 10:30:00,0.5374375
2014-08-14 10:30:00,0.7808875
2014-08-15 10:30:00,0.8881625
2014-08-16 10:30:00,0.8662124
2014-08-17 10:30:00,0.79933745
2014-08-18 10:30:00,0.79957503
2014-08-19 10:30:00,0.6664375
2014-08-20 10:30:00,0.75574994
2014-08-21 10:30:00,0.67800003
2014-08-22 10:30:00,0.724225
2014-08-23 10:30:00,0.7057125
2014-08-24 10:30:00,0.7689875
2014-08-25 10:30:00,0.8782875
2014-08-26 10:30:00,0.8875
2014-08-27 10:30:00,0.6919625
2014-08-28 10:30:00,0.70234996
2014-08-29 10:30:00,0.75393754
2014-08-30 10:30:00,0.71778744
2014-08-31 10:30:00,0.66208744
2014-09-01 10:30:00,0.8194625
2014-09-02 10:30:00,0.8743125
2014-09-03 10:30:00,0.7431
2014-09-04 10:30:00,0.7856375
2014-09-05 10:30:00,0.66008747
2014-09-06 10:30:00,0.65545
2014-09-07 10:30:00,0.7229
2014-09-08 10:30:00,0.593925
2014-09-09 10:30:00,0.5913
2014-09-10 10:30:00,0.6517624
2014-09-11 10:30:00,0.59775
2014-09-12 10:30:00,0.577
2014-09-13 10:30:00,0.552825
2014-09-14 10:30:00,0.411025
2014-09-15 10:30:00,0.430125
2014-09-16 10:30:00,0.4934875
2014-09-17 10:30:00,0.5909875
2014-09-18 10:30:00,0.5861
2014-09-19 10:30:00,0.52195
2014-09-20 10:30:00,0.689
2014-09-21 10:30:00,0.5825625
2014-09-22 10:30:00,0.67721254
2014-09-23 10:30:00,0.6292
2014-09-24 10:30:00,0.51404995
2014-09-25 10:30:00,0.4740625
2014-09-26 10:30:00,0.805
2014-09-27 10:30:00,0.51901245
2014-09-28 10:30:00,0.5386125
2014-09-29 10:30:00,0.456725
2014-09-30 10:30:00,0.393475
2014-10-01 10:30:00,0.6082875
2014-10-02 10:30:00,0.64567494
2014-10-03 10:30:00,0.57616246
2014-10-04 10:30:00,0.6582125
2014-10-05 10:30:00,0.5269625
2014-10-06 10:30:00,0.39721248
2014-10-07 10:30:00,0.449425
2014-10-08 10:30:00,0.64437497
2014-10-09 10:30:00,0.62238747
2014-10-10 10:30:00,0.6471875
2014-10-11 10:30:00,0.63825
2014-10-12 10:30:00,0.3815
2014-10-13 10:30:00,0.35611248
2014-10-14 10:30:00,0.42673752
2014-10-15 10:30:00,0.43366247
2014-10-16 10:30:00,0.3386875
2014-10-17 10:30:00,0.47542498
2014-10-18 10:30:00,0.32979998
2014-10-19 10:30:00,0.22148749
2014-10-20 10:30:00,0.23775
2014-10-21 10:30:00,0.23674999
2014-10-22 10:30:00,0.275575
2014-10-23 10:30:00,0.3813625
2014-10-24 10:30:00,0.6257375
2014-10-25 10:30:00,0.5071375
2014-10-26 10:30:00,0.33458748
2014-10-27 10:30:00,0.30996248
2014-10-28 10:30:00,0.2863375
2014-10-29 10:30:00,0.355475
2014-10-30 10:30:00,0.7758875
2014-10-31 10:30:00,0.65007496
2014-11-01 10:30:00,0.55707496
2014-11-02 10:30:00,0.4299375
2014-11-03 10:30:00,0.48499998
2014-11-04 10:30:00,0.4583625
2014-11-05 10:30:00,0.453125
2014-11-06 10:30:00,0.4001375
2014-11-07 10:30:00,0.3209125
2014-11-08 10:30:00,0.39229998
2014-11-09 10:30:00,0.34465
2014-11-10 10:30:00,0.38915
2014-11-11 10:30:00,0.3164875
2014-11-12 10:30:00,0.268125
2014-11-13 10:30:00,0.36069998
2014-11-14 10:30:00,0.39201248
2014-11-15 10:30:00,0.5104375
2014-11-16 10:30:00,0.55115
2014-11-17 10:30:00,0.46715
2014-11-18 10:30:00,0.3518125
2014-11-19 10:30:00,0.5216
2014-11-20 10:30:00,0.668225
2014-11-21 10:30:00,0.40177497
2014-11-22 10:30:00,0.3681875
2014-11-23 10:30:00,0.4249
2014-11-24 10:30:00,0.41505
2014-11-25 10:30:00,0.38768747
2014-11-26 10:30:00,0.3486625
2014-11-27 10:30:00,0.2592625
2014-11-28 10:30:00,0.2805875
2014-11-29 10:30:00,0.42313752
2014-11-30 10:30:00,0.54522496
2014-12-01 10:30:00,0.21585001
2014-12-02 10:30:00,0.22396249
2014-12-03 10:30:00,0.3865375
2014-12-04 10:30:00,0.40011248
2014-12-05 10:30:00,0.424225
2014-12-06 10:30:00,0.47145
2014-12-07 10:30:00,0.500325
2014-12-08 10:30:00,0.46685
2014-12-09 10:30:00,0.57404995
2014-12-10 10:30:00,0.7480625
2014-12-11 10:30:00,0.60585
2014-12-12 10:30:00,0.59384996
2014-12-13 10:30:00,0.52455
2014-12-14 10:30:00,0.6123875
2014-12-15 10:30:00,0.6928
2014-12-16 10:30:00,0.5369125
2014-12-17 10:30:00,0.49194998
2014-12-18 10:30:00,0.62588745
2014-12-19 10:30:00,0.7238375
2014-12-20 10:30:00,0.64
2014-12-21 10:30:00,0.5980875
2014-12-22 10:30:00,0.66411245
2014-12-23 10:30:00,0.73405
2014-12-24 10:30:00,0.529525
2014-12-25 10:30:00,0.48002496
2014-12-26 10:30:00,0.64044994
2014-12-27 10:30:00,0.7161875
2014-12-28 10:30:00,0.656025
2014-12-29 10:30:00,0.75144994
2014-12-30 10:30:00,0.67471254
2014-12-31 10:30:00,0.5001125
2015-01-01 10:30:00,0.46522498
2015-01-02 10:30:00,0.4960875
2015-01-03 10:30:00,0.6554625
2015-01-04 10:30:00,0.65918744
2015-01-05 10:30:00,0.3759875
2015-01-06 10:30:00,0.291775
2015-01-07 10:30:00,0.4166
2015-01-08 10:30:00,0.50041246
2015-01-09 10:30:00,0.6055375
2015-01-10 10:30:00,0.7491124
2015-01-11 10:30:00,0.5675875
2015-01-12 10:30:00,0.59077495
2015-01-13 10:30:00,0.6641125
2015-01-14 10:30:00,0.70395005
2015-01-15 10:30:00,0.69186246
2015-01-16 10:30:00,0.38052502
2015-01-17 10:30:00,0.431675
2015-01-18 10:30:00,0.582275
2015-01-19 10:30:00,0.604275
2015-01-20 10:30:00,0.68482494
2015-01-21 10:30:00,0.62294996
2015-01-22 10:30:00,0.6876625
2015-01-23 10:30:00,0.696325
2015-01-24 10:30:00,0.569225
2015-01-25 10:30:00,0.4963
2015-01-26 10:30:00,0.3161875
2015-01-27 10:30:00,0.38112497
2015-01-28 10:30:00,0.40127498
2015-01-29 10:30:00,0.4071875
2015-01-30 10:30:00,0.36494997
2015-01-31 10:30:00,0.41072497
2015-02-01 10:30:00,0.43816248
2015-02-02 10:30:00,0.560125
2015-02-03 10:30:00,0.5773
2015-02-04 10:30:00,0.5080375
2015-02-05 10:30:00,0.41134998
2015-02-06 10:30:00,0.351725
2015-02-07 10:30:00,0.2348875
2015-02-08 10:30:00,0.2590875
2015-02-09 10:30:00,0.32756248
2015-02-10 10:30:00,0.361825
2015-02-11 10:30:00,0.5455375
2015-02-12 10:30:00,0.3443375
2015-02-13 10:30:00,0.36381248
2015-02-14 10:30:00,0.5309875
2015-02-15 10:30:00,0.49693748
2015-02-16 10:30:00,0.5521
2015-02-17 10:30:00,0.3327375
2015-02-18 10:30:00,0.25649998
2015-02-19 10:30:00,0.328325
2015-02-20 10:30:00,0.5429875
2015-02-21 10:30:00,0.8683
2015-02-22 10:30:00,0.6249375
2015-02-23 10:30:00,0.45123747
2015-02-24 10:30:00,0.634625
2015-02-25 10:30:00,0.6751
2015-02-26 10:30:00,0.702925
2015-02-27 10:30:00,0.60085
2015-02-28 10:30:00,0.766525
2015-03-01 10:30:00,0.49406248
2015-03-02 10:30:00,0.5818875
2015-03-03 10:30:00,0.7328625
2015-03-04 10:30:00,0.5929125
2015-03-05 10:30:00,0.74402493
2015-03-06 10:30:00,0.617925
2015-03-07 10:30:00,0.495875
2015-03-08 10:30:00,0.40646252
2015-03-09 10:30:00,0.35814998
2015-03-10 10:30:00,0.43485
2015-03-11 10:30:00,0.3125375
2015-03-12 10:30:00,0.5931
2015-03-13 10:30:00,0.49415
2015-03-14 10:30:00,0.5514375
2015-03-15 10:30:00,0.44193748
2015-03-16 10:30:00,0.3439
2015-03-17 10:30:00,0.32685
2015-03-18 10:30:00,0.3176625
2015-03-19 10:30:00,0.26982498
2015-03-20 10:30:00,0.23691249
2015-03-21 10:30:00,0.1643
2015-03-22 10:30:00,0.1769375
2015-03-23 10:30:00,0.1936375
2015-03-24 10:30:00,0.2595
2015-03-25 10:30:00,0.16364999
2015-03-26 10:30:00,0.144875
2015-03-27 10:30:00,0.34957498
2015-03-28 10:30:00,0.5443625
2015-03-29 10:30:00,0.27037498
2015-03-30 10:30:00,0.23805
2015-03-31 10:30:00,0.1712
2015-04-01 10:30:00,0.1598125
2015-04-02 10:30:00,0.60346246
2015-04-03 10:30:00,0.4112
2015-04-04 10:30:00,0.875975
2015-04-05 10:30:00,0.72365
2015-04-06 10:30:00,0.4786375
2015-04-07 10:30:00,0.4339625
2015-04-08 10:30:00,0.45761248
2015-04-09 10:30:00,0.3796125
2015-04-10 10:30:00,0.47998747
2015-04-11 10:30:00,0.4117625
2015-04-12 10:30:00,0.266275
2015-04-13 10:30:00,0.232975
2015-04-14 10:30:00,0.3314875
2015-04-15 10:30:00,0.38175
2015-04-16 10:30:00,0.2811625
2015-04-17 10:30:00,0.1774625
2015-04-18 10:30:00,0.2206875
2015-04-19 10:30:00,0.1727
2015-04-20 10:30:00,0.22403748
2015-04-21 10:30:00,0.23213749
2015-04-22 10:30:00,0.223875
2015-04-23 10:30:00,0.279725
2015-04-24 10:30:00,0.1813875
2015-04-25 10:30:00,0.24325
2015-04-26 10:30:00,0.19977501
2015-04-27 10:30:00,0.2855875
2015-04-28 10:30:00,0.3758375
2015-04-29 10:30:00,0.22145
2015-04-30 10:30:00,0.12519999
2015-05-01 10:30:00,0.33381248
2015-05-02 10:30:00,0.46474996
2015-05-03 10:30:00,0.2435375
2015-05-04 10:30:00,0.2565875
2015-05-05 10:30:00,0.4416875
2015-05-06 10:30:00,0.420625
2015-05-07 10:30:00,0.7465875
2015-05-08 10:30:00,0.6692875
2015-05-09 10:30:00,0.3748875
2015-05-10 10:30:00,0.44372496
2015-05-11 10:30:00,0.92183745
2015-05-12 10:30:00,0.81976247
2015-05-13 10:30:00,0.65
2015-05-14 10:30:00,0.43226248
2015-05-15 10:30:00,0.36275
2015-05-16 10:30:00,0.43506247
2015-05-17 10:30:00,0.60744995
2015-05-18 10:30:00,0.749575
2015-05-19 10:30:00,0.6415125
2015-05-20 10:30:00,0.2853875
2015-05-21 10:30:00,0.2643875
2015-05-22 10:30:00,0.2105875
2015-05-23 10:30:00,0.403225
2015-05-24 10:30:00,0.3374375
2015-05-25 10:30:00,0.593925
2015-05-26 10:30:00,0.5776375
2015-05-27 10:30:00,0.45991248
2015-05-28 10:30:00,0.74254996
2015-05-29 10:30:00,0.44322503
2015-05-30 10:30:00,0.3264125
2015-05-31 10:30:00,0.48868752
2015-06-01 10:30:00,0.411575
2015-06-02 10:30:00,0.4461625
2015-06-03 10:30:00,0.31489998
2015-06-04 10:30:00,0.510325
2015-06-05 10:30:00,0.83779997
2015-06-06 10:30:00,0.7613125
2015-06-07 10:30:00,0.703375
2015-06-08 10:30:00,0.6234625
2015-06-09 10:30:00,0.600775
2015-06-10 10:30:00,0.64926255
2015-06-11 10:30:00,0.8508625
2015-06-12 10:30:00,0.868375
2015-06-13 10:30:00,0.68062496
2015-06-14 10:30:00,0.49074998
2015-06-15 10:30:00,0.3845125
2015-06-16 10:30:00,0.5237125
2015-06-17 10:30:00,0.75067496
2015-06-18 10:30:00,0.8012999
2015-06-19 10:30:00,0.63572496
2015-06-20 10:30:00,0.51612496
2015-06-21 10:30:00,0.4383375
2015-06-22 10:30:00,0.56455
2015-06-23 10:30:00,0.647725
2015-06-24 10:30:00,0.65918744
2015-06-25 10:30:00,0.71278745
2015-06-26 10:30:00,0.6557375
2015-06-27 10:30:00,0.5593625
2015-06-28 10:30:00,0.5917125
2015-06-29 10:30:00,0.47959998
2015-06-30 10:30:00,0.594225
2015-07-01 10:30:00,0.6651625
2015-07-02 10:30:00,0.7650875
2015-07-03 10:30:00,0.55
2015-07-04 10:30:00,0.52701247
2015-07-05 10:30:00,0.490075
2015-07-06 10:30:00,0.47325
2015-07-07 10:30:00,0.49807498
2015-07-08 10:30:00,0.510325
2015-07-09 10:30:00,0.47283748
2015-07-10 10:30:00,0.5581375
2015-07-11 10:30:00,0.70863754
2015-07-12 10:30:00,0.60625
2015-07-13 10:30:00,0.5355875
2015-07-14 10:30:00,0.635275
2015-07-15 10:30:00,0.663175
2015-07-16 10:30:00,0.548675
2015-07-17 10:30:00,0.543575
2015-07-18 10:30:00,0.52916247
2015-07-19 10:30:00,0.5166
2015-07-20 10:30:00,0.81272495
2015-07-21 10:30:00,0.77012503
2015-07-22 10:30:00,0.8308375
2015-07-23 10:30:00,0.8035375
2015-07-24 10:30:00,0.7702375
2015-07-25 10:30:00,0.8199125
2015-07-26 10:30:00,0.6778
2015-07-27 10:30:00,0.505225
2015-07-28 10:30:00,0.60815
2015-07-29 10:30:00,0.689475
2015-07-30 10:30:00,0.6162125
2015-07-31 10:30:00,0.59933746
2015-08-01 10:30:00,0.6119625
2015-08-02 10:30:00,0.64205
2015-08-03 10:30:00,0.45854998
2015-08-04 10:30:00,0.49064997
2015-08-05 10:30:00,0.6292625
2015-08-06 10:30:00,0.82928747
2015-08-07 10:30:00,0.699475
2015-08-08 10:30:00,0.7206624
2015-08-09 10:30:00,0.831925
2015-08-10 10:30:00,0.68372494
2015-08-11 10:30:00,0.737125
2015-08-12 10:30:00,0.65129995
2015-08-13 10:30:00,0.616175
2015-08-14 10:30:00,0.7425125
2015-08-15 10:30:00,0.8158249
2015-08-16 10:30:00,0.8465625
2015-08-17 10:30:00,0.7209375
2015-08-18 10:30:00,0.75132495
2015-08-19 10:30:00,0.6863125
2015-08-20 10:30:00,0.835725
2015-08-21 10:30:00,0.8124
2015-08-22 10:30:00,0.8159625
2015-08-23 10:30:00,0.81131244
2015-08-24 10:30:00,0.8493625
2015-08-25 10:30:00,0.8068875
2015-08-26 10:30:00,0.691975
2015-08-27 10:30:00,0.64128745
2015-08-28 10:30:00,0.82895005
2015-08-29 10:30:00,0.87883747
2015-08-30 10:30:00,0.8711
2015-08-31 10:30:00,0.85714996
2015-09-01 10:30:00,0.78449994
2015-09-02 10:30:00,0.7339625
2015-09-03 10:30:00,0.61125
2015-09-04 10:30:00,0.6268875
2015-09-05 10:30:00,0.5322875
2015-09-06 10:30:00,0.57967496
2015-09-07 10:30:00,0.8678875
2015-09-08 10:30:00,0.803225
2015-09-09 10:30:00,0.6199875
2015-09-10 10:30:00,0.49816248
2015-09-11 10:30:00,0.52472496
2015-09-12 10:30:00,0.585925
2015-09-13 10:30:00,0.58007497
2015-09-14 10:30:00,0.53389996
2015-09-15 10:30:00,0.56055
2015-09-16 10:30:00,0.56084996
2015-09-17 10:30:00,0.6812625
2015-09-18 10:30:00,0.81912494
2015-09-19 10:30:00,0.54150003
2015-09-20 10:30:00,0.54816246
2015-09-21 10:30:00,0.56615
2015-09-22 10:30:00,0.92800003
2015-09-23 10:30:00,0.7208625
2015-09-24 10:30:00,0.76387495
2015-09-25 10:30:00,0.77832496
2015-09-26 10:30:00,0.64426255
2015-09-27 10:30:00,0.643325
2015-09-28 10:30:00,0.5545
2015-09-29 10:30:00,0.46961248
2015-09-30 10:30:00,0.69247496
2015-10-01 10:30:00,0.47733748
2015-10-02 10:30:00,0.4005625
2015-10-03 10:30:00,0.40272498
2015-10-04 10:30:00,0.40296248
2015-10-05 10:30:00,0.659325
2015-10-06 10:30:00,0.5549
2015-10-07 10:30:00,0.5276
2015-10-08 10:30:00,0.367375
2015-10-09 10:30:00,0.4779
2015-10-10 10:30:00,0.8749375
2015-10-11 10:30:00,0.6878
2015-10-12 10:30:00,0.555075
2015-10-13 10:30:00,0.51264995
2015-10-14 10:30:00,0.636225
2015-10-15 10:30:00,0.50866246
2015-10-16 10:30:00,0.35175
2015-10-17 10:30:00,0.29619998
2015-10-18 10:30:00,0.313575
2015-10-19 10:30:00,0.3225625
2015-10-20 10:30:00,0.35895
2015-10-21 10:30:00,0.3516125
2015-10-22 10:30:00,0.3444
2015-10-23 10:30:00,0.20963748
2015-10-24 10:30:00,0.29403752
2015-10-25 10:30:00,0.3233375
2015-10-26 10:30:00,0.5234125
2015-10-27 10:30:00,0.3595375
2015-10-28 10:30:00,0.3327875
2015-10-29 10:30:00,0.35838747
2015-10-30 10:30:00,0.3478
2015-10-31 10:30:00,0.34127498
2015-11-01 10:30:00,0.28594998
2015-11-02 10:30:00,0.359825
2015-11-03 10:30:00,0.333825
2015-11-04 10:30:00,0.2802
2015-11-05 10:30:00,0.2674375
2015-11-06 10:30:00,0.42
2015-11-07 10:30:00,0.40675
2015-11-08 10:30:00,0.3343875
2015-11-09 10:30:00,0.45729998
2015-11-10 10:30:00,0.51119995
2015-11-11 10:30:00,0.59515
2015-11-12 10:30:00,0.67364997
2015-11-13 10:30:00,0.93356246
2015-11-14 10:30:00,0.7278375
2015-11-15 10:30:00,0.27107498
2015-11-16 10:30:00,0.584225
2015-11-17 10:30:00,0.582125
2015-11-18 10:30:00,0.5966
2015-11-19 10:30:00,0.6705375
2015-11-20 10:30:00,0.60596246
2015-11-21 10:30:00,0.532375
2015-11-22 10:30:00,0.5555875
2015-11-23 10:30:00,0.536875
2015-11-24 10:30:00,0.51006246
2015-11-25 10:30:00,0.526075
2015-11-26 10:30:00,0.5748375
2015-11-27 10:30:00,0.7122
2015-11-28 10:30:00,0.514375
2015-11-29 10:30:00,0.71227497
2015-11-30 10:30:00,0.70434994
2015-12-01 10:30:00,0.8465375
2015-12-02 10:30:00,0.80085
2015-12-03 10:30:00,0.63715
2015-12-04 10:30:00,0.52138746
2015-12-05 10:30:00,0.47873747
2015-12-06 10:30:00,0.5928125
2015-12-07 10:30:00,0.6035875
2015-12-08 10:30:00,0.68364996
2015-12-09 10:30:00,0.7173
2015-12-10 10:30:00,0.7034625
2015-12-11 10:30:00,0.6942
2015-12-12 10:30:00,0.71545
2015-12-13 10:30:00,0.7076375
2015-12-14 10:30:00,0.8229125
2015-12-15 10:30:00,0.6544125
2015-12-16 10:30:00,0.501475
2015-12-17 10:30:00,0.604425
2015-12-18 10:30:00,0.5977375
2015-12-19 10:30:00,0.70927495
2015-12-20 10:30:00,0.7662375
2015-12-21 10:30:00,0.7432375
2015-12-22 10:30:00,0.7627
2015-12-23 10:30:00,0.66351247
2015-12-24 10:30:00,0.5451
2015-12-25 10:30:00,0.606025
2015-12-26 10:30:00,0.42564997
2015-12-27 10:30:00,0.3965625
2015-12-28 10:30:00,0.531875
2015-12-29 10:30:00,0.62553746
2015-12-30 10:30:00,0.6892875
2015-12-31 10:30:00,0.7073
2016-01-01 10:30:00,0.7040375
2016-01-02 10:30:00,0.6919
2016-01-03 10:30:00,0.567975
2016-01-04 10:30:00,0.4584125
2016-01-05 10:30:00,0.5475875
2016-01-06 10:30:00,0.4886125
2016-01-07 10:30:00,0.5203
2016-01-08 10:30:00,0.4971625
2016-01-09 10:30:00,0.49682498
2016-01-10 10:30:00,0.43495
2016-01-11 10:30:00,0.4393375
2016-01-12 10:30:00,0.47145
2016-01-13 10:30:00,0.5417875
2016-01-14 10:30:00,0.598425
2016-01-15 10:30:00,0.7117624
2016-01-16 10:30:00,0.6554
2016-01-17 10:30:00,0.487275
2016-01-18 10:30:00,0.5997125
2016-01-19 10:30:00,0.5973875
2016-01-20 10:30:00,0.514925
2016-01-21 10:30:00,0.5376
2016-01-22 10:30:00,0.485375
2016-01-23 10:30:00,0.469625
2016-01-24 10:30:00,0.40486252
2016-01-25 10:30:00,0.3756
2016-01-26 10:30:00,0.38307497
2016-01-27 10:30:00,0.42048752
2016-01-28 10:30:00,0.36055
2016-01-29 10:30:00,0.3668375
2016-01-30 10:30:00,0.462625
2016-01-31 10:30:00,0.425475
2016-02-01 10:30:00,0.394975
2016-02-02 10:30:00,0.388175
2016-02-03 10:30:00,0.38947502
2016-02-04 10:30:00,0.3950875
2016-02-05 10:30:00,0.453575
2016-02-06 10:30:00,0.463325
2016-02-07 10:30:00,0.6516625
2016-02-08 10:30:00,0.6270125
2016-02-09 10:30:00,0.58888745
2016-02-10 10:30:00,0.67294997
2016-02-11 10:30:00,0.6872875
2016-02-12 10:30:00,0.4127625
2016-02-13 10:30:00,0.3516125
2016-02-14 10:30:00,0.31181252
2016-02-15 10:30:00,0.39747497
2016-02-16 10:30:00,0.3521625
2016-02-17 10:30:00,0.5038625
2016-02-18 10:30:00,0.5404125
2016-02-19 10:30:00,0.36184996
2016-02-20 10:30:00,0.3820625
2016-02-21 10:30:00,0.328675
2016-02-22 10:30:00,0.38372502
2016-02-23 10:30:00,0.3122875
2016-02-24 10:30:00,0.3607875
2016-02-25 10:30:00,0.368725
2016-02-26 10:30:00,0.405275
2016-02-27 10:30:00,0.3439125
2016-02-28 10:30:00,0.42799997
2016-02-29 10:30:00,0.343675
2016-03-01 10:30:00,0.39395
2016-03-02 10:30:00,0.6192
2016-03-03 10:30:00,0.54442495
2016-03-04 10:30:00,0.6394625
2016-03-05 10:30:00,0.5338
2016-03-06 10:30:00,0.35167497
2016-03-07 10:30:00,0.25465
2016-03-08 10:30:00,0.3036375
2016-03-09 10:30:00,0.2885375
2016-03-10 10:30:00,0.31375
2016-03-11 10:30:00,0.31884998
2016-03-12 10:30:00,0.24813749
2016-03-13 10:30:00,0.2802625
2016-03-14 10:30:00,0.3536375
2016-03-15 10:30:00,0.2514625
2016-03-16 10:30:00,0.21636249
2016-03-17 10:30:00,0.362925
2016-03-18 10:30:00,0.5418625
2016-03-19 10:30:00,0.318
2016-03-20 10:30:00,0.27785
2016-03-21 10:30:00,0.722575
2016-03-22 10:30:00,0.32114998
2016-03-23 10:30:00,0.269675
2016-03-24 10:30:00,0.2608375
2016-03-25 10:30:00,0.225225
2016-03-26 10:30:00,0.24956249
2016-03-27 10:30:00,0.18347499
2016-03-28 10:30:00,0.20719999
2016-03-29 10:30:00,0.34675
2016-03-30 10:30:00,0.30778748
2016-03-31 10:30:00,0.30197498
2016-04-01 10:30:00,0.40932497
2016-04-02 10:30:00,0.26244998
2016-04-03 10:30:00,0.25145
2016-04-04 10:30:00,0.3441375
2016-04-05 10:30:00,0.2152125
2016-04-06 10:30:00,0.28875
2016-04-07 10:30:00,0.1490375
2016-04-08 10:30:00,0.1479
2016-04-09 10:30:00,0.19479999
2016-04-10 10:30:00,0.203
2016-04-11 10:30:00,0.22163749
2016-04-12 10:30:00,0.3105375
2016-04-13 10:30:00,0.5836375
2016-04-14 10:30:00,0.40751252
2016-04-15 10:30:00,0.67162496
2016-04-16 10:30:00,0.69371253
2016-04-17 10:30:00,0.23975
2016-04-18 10:30:00,0.29576248
2016-04-19 10:30:00,0.1983875
2016-04-20 10:30:00,0.2144
2016-04-21 10:30:00,0.21209998
2016-04-22 10:30:00,0.37245
2016-04-23 10:30:00,0.2803875
2016-04-24 10:30:00,0.49048752
2016-04-25 10:30:00,0.307675
2016-04-26 10:30:00,0.27063748
2016-04-27 10:30:00,0.4030875
2016-04-28 10:30:00,0.26119998
2016-04-29 10:30:00,0.2971125
2016-04-30 10:30:00,0.41252497
2016-05-01 10:30:00,0.5365125
2016-05-02 10:30:00,0.53921247
2016-05-03 10:30:00,0.327225
2016-05-04 10:30:00,0.172925
2016-05-05 10:30:00,0.6362875
2016-05-06 10:30:00,0.696675
2016-05-07 10:30:00,0.333425
2016-05-08 10:30:00,0.33665
2016-05-09 10:30:00,0.36677498
2016-05-10 10:30:00,0.2477125
2016-05-11 10:30:00,0.57855
2016-05-12 10:30:00,0.5663625
2016-05-13 10:30:00,0.2911625
2016-05-14 10:30:00,0.45244998
2016-05-15 10:30:00,0.4500875
2016-05-16 10:30:00,0.42581248
2016-05-17 10:30:00,0.18515001
2016-05-18 10:30:00,0.24038748
2016-05-19 10:30:00,0.2926125
2016-05-20 10:30:00,0.29015
2016-05-21 10:30:00,0.2885
2016-05-22 10:30:00,0.19382499
2016-05-23 10:30:00,0.460775
2016-05-24 10:30:00,0.7762875
2016-05-25 10:30:00,0.43796247
2016-05-26 10:30:00,0.3028875
2016-05-27 10:30:00,0.3809375
2016-05-28 10:30:00,0.2968
2016-05-29 10:30:00,0.2465875
2016-05-30 10:30:00,0.4496125
2016-05-31 10:30:00,0.3797625
2016-06-01 10:30:00,0.34525
2016-06-02 10:30:00,0.3632375
2016-06-03 10:30:00,0.40079996
2016-06-04 10:30:00,0.3883125
2016-06-05 10:30:00,0.35854998
2016-06-06 10:30:00,0.75913745
2016-06-07 10:30:00,0.49656248
2016-06-08 10:30:00,0.419575
2016-06-09 10:30:00,0.535325
2016-06-10 10:30:00,0.813275
2016-06-11 10:30:00,0.69934994
2016-06-12 10:30:00,0.72235
2016-06-13 10:30:00,0.6244125
2016-06-14 10:30:00,0.619475
2016-06-15 10:30:00,0.63755
2016-06-16 10:30:00,0.5793375
2016-06-17 10:30:00,0.83848745
2016-06-18 10:30:00,0.8117875
2016-06-19 10:30:00,0.66485
2016-06-20 10:30:00,0.65097505
2016-06-21 10:30:00,0.715025
2016-06-22 10:30:00,0.8158625
2016-06-23 10:30:00,0.7052
2016-06-24 10:30:00,0.60510004
2016-06-25 10:30:00,0.49646246
2016-06-26 10:30:00,0.453275
2016-06-27 10:30:00,0.5815875
2016-06-28 10:30:00,0.60228753
2016-06-29 10:30:00,0.8507375
2016-06-30 10:30:00,0.76065
2016-07-01 10:30:00,0.552475
2016-07-02 10:30:00,0.4868125
2016-07-03 10:30:00,0.5216
2016-07-04 10:30:00,0.4707375
2016-07-05 10:30:00,0.49997497
2016-07-06 10:30:00,0.47193748
2016-07-07 10:30:00,0.49154997
2016-07-08 10:30:00,0.70678747
2016-07-09 10:30:00,0.7451625
2016-07-10 10:30:00,0.5649
2016-07-11 10:30:00,0.665325
2016-07-12 10:30:00,0.76519996
2016-07-13 10:30:00,0.61095
2016-07-14 10:30:00,0.503725
2016-07-15 10:30:00,0.50495
2016-07-16 10:30:00,0.6256125
2016-07-17 10:30:00,0.58893746
2016-07-18 10:30:00,0.52555
2016-07-19 10:30:00,0.5850125
2016-07-20 10:30:00,0.640325
2016-07-21 10:30:00,0.6852625
2016-07-22 10:30:00,0.8336125
2016-07-23 10:30:00,0.7851
2016-07-24 10:30:00,0.5615625
2016-07-25 10:30:00,0.66375
2016-07-26 10:30:00,0.6367625
2016-07-27 10:30:00,0.4784125
2016-07-28 10:30:00,0.5391875
2016-07-29 10:30:00,0.55338746
2016-07-30 10:30:00,0.589125
2016-07-31 10:30:00,0.707525
2016-08-01 10:30:00,0.5892625
2016-08-02 10:30:00,0.53107494
2016-08-03 10:30:00,0.5900625
2016-08-04 10:30:00,0.62255
2016-08-05 10:30:00,0.64786243
2016-08-06 10:30:00,0.817975
2016-08-07 10:30:00,0.4448625
2016-08-08 10:30:00,0.4640375
2016-08-09 10:30:00,0.5486125
2016-08-10 10:30:00,0.63869995
2016-08-11 10:30:00,0.4141125
2016-08-12 10:30:00,0.3328375
2016-08-13 10:30:00,0.4191625
2016-08-14 10:30:00,0.47845
2016-08-15 10:30:00,0.5345
2016-08-16 10:30:00,0.563275
2016-08-17 10:30:00,0.5308875
2016-08-18 10:30:00,0.6867375
2016-08-19 10:30:00,0.65872496
2016-08-20 10:30:00,0.7020375
2016-08-21 10:30:00,0.64896244
2016-08-22 10:30:00,0.61623746
2016-08-23 10:30:00,0.65057504
2016-08-24 10:30:00,0.5102375
2016-08-25 10:30:00,0.368925
2016-08-26 10:30:00,0.4170375
2016-08-27 10:30:00,0.39331248
2016-08-28 10:30:00,0.42401248
2016-08-29 10:30:00,0.40641248
2016-08-30 10:30:00,0.6032375
2016-08-31 10:30:00,0.9225625
2016-09-01 10:30:00,0.9132625
2016-09-02 10:30:00,0.806275
2016-09-03 10:30:00,0.824175
2016-09-04 10:30:00,0.9033375
2016-09-05 10:30:00,0.8681375
2016-09-06 10:30:00,0.76003754
2016-09-07 10:30:00,0.67922497
2016-09-08 10:30:00,0.88028747
2016-09-09 10:30:00,0.9139625
2016-09-10 10:30:00,0.87084997
2016-09-11 10:30:00,0.7627625
2016-09-12 10:30:00,0.8783875
2016-09-13 10:30:00,0.7658125
2016-09-14 10:30:00,0.84372497
2016-09-15 10:30:00,0.600575
2016-09-16 10:30:00,0.7096875
2016-09-17 10:30:00,0.6216875
2016-09-18 10:30:00,0.5686125
2016-09-19 10:30:00,0.48788747
2016-09-20 10:30:00,0.4592625
2016-09-21 10:30:00,0.4885125
2016-09-22 10:30:00,0.6402625
2016-09-23 10:30:00,0.73751247
2016-09-24 10:30:00,0.77316254
2016-09-25 10:30:00,0.533125
2016-09-26 10:30:00,0.7776
2016-09-27 10:30:00,0.6939875
2016-09-28 10:30:00,0.5042875
2016-09-29 10:30:00,0.5846875
2016-09-30 10:30:00,0.5559875
2016-10-01 10:30:00,0.57213753
2016-10-02 10:30:00,0.567
2016-10-03 10:30:00,0.5846
2016-10-04 10:30:00,0.523475
2016-10-05 10:30:00,0.4448875
2016-10-06 10:30:00,0.469775
2016-10-07 10:30:00,0.828725
2016-10-08 10:30:00,0.568425
2016-10-09 10:30:00,0.5361625
2016-10-10 10:30:00,0.44533747
2016-10-11 10:30:00,0.4078875
2016-10-12 10:30:00,0.410875
2016-10-13 10:30:00,0.4752375
2016-10-14 10:30:00,0.77366245
2016-10-15 10:30:00,0.58933747
2016-10-16 10:30:00,0.6176625
2016-10-17 10:30:00,0.42669997
2016-10-18 10:30:00,0.5583
2016-10-19 10:30:00,0.76121247
2016-10-20 10:30:00,0.391475
2016-10-21 10:30:00,0.7837125
2016-10-22 10:30:00,0.5049875
2016-10-23 10:30:00,0.4723875
2016-10-24 10:30:00,0.458125
2016-10-25 10:30:00,0.53625
2016-10-26 10:30:00,0.4140375
2016-10-27 10:30:00,0.48458752
2016-10-28 10:30:00,0.38357496
2016-10-29 10:30:00,0.35555
2016-10-30 10:30:00,0.35748747
2016-10-31 10:30:00,0.3677125
2016-11-01 10:30:00,0.3523
2016-11-02 10:30:00,0.337275
2016-11-03 10:30:00,0.42029998
2016-11-04 10:30:00,0.65697503
2016-11-05 10:30:00,0.75493747
2016-11-06 10:30:00,0.71807504
2016-11-07 10:30:00,0.8059625
2016-11-08 10:30:00,0.568725
2016-11-09 10:30:00,0.5915875
2016-11-10 10:30:00,0.8206125
2016-11-11 10:30:00,0.6199625
2016-11-12 10:30:00,0.63955
2016-11-13 10:30:00,0.771575
2016-11-14 10:30:00,0.56581247
2016-11-15 10:30:00,0.55642503
2016-11-16 10:30:00,0.631925
2016-11-17 10:30:00,0.68245
2016-11-18 10:30:00,0.617825
2016-11-19 10:30:00,0.64147496
2016-11-20 10:30:00,0.46625
2016-11-21 10:30:00,0.44717497
2016-11-22 10:30:00,0.4924375
2016-11-23 10:30:00,0.51787496
2016-11-24 10:30:00,0.600225
2016-11-25 10:30:00,0.67080003
2016-11-26 10:30:00,0.7291874
2016-11-27 10:30:00,0.5956
2016-11-28 10:30:00,0.5500875
2016-11-29 10:30:00,0.6061125
2016-11-30 10:30:00,0.602475
2016-12-01 10:30:00,0.508725
2016-12-02 10:30:00,0.5735625
2016-12-03 10:30:00,0.46669996
2016-12-04 10:30:00,0.41474998
2016-12-05 10:30:00,0.5011875
2016-12-06 10:30:00,0.61071247
2016-12-07 10:30:00,0.6198
2016-12-08 10:30:00,0.68555
2016-12-09 10:30:00,0.53139997
2016-12-10 10:30:00,0.579225
2016-12-11 10:30:00,0.712925
2016-12-12 10:30:00,0.5769625
2016-12-13 10:30:00,0.56857497
2016-12-14 10:30:00,0.5015875
2016-12-15 10:30:00,0.4426125
2016-12-16 10:30:00,0.60529995
2016-12-17 10:30:00,0.5809
2016-12-18 10:30:00,0.64004993
2016-12-19 10:30:00,0.7408625
2016-12-20 10:30:00,0.72066253
2016-12-21 10:30:00,0.645425
2016-12-22 10:30:00,0.4653625
2016-12-23 10:30:00,0.5276
2016-12-24 10:30:00,0.6417125
2016-12-25 10:30:00,0.51731247
2016-12-26 10:30:00,0.38815
2016-12-27 10:30:00,0.44552502
2016-12-28 10:30:00,0.48648748
2016-12-29 10:30:00,0.45583752
2016-12-30 10:30:00,0.55825
2016-12-31 10:30:00,0.63546246
2017-01-01 10:30:00,0.69606245
2017-01-02 10:30:00,0.63414997
2017-01-03 10:30:00,0.67059994
2017-01-04 10:30:00,0.6744124
2017-01-05 10:30:00,0.6191
2017-01-06 10:30:00,0.67674994
2017-01-07 10:30:00,0.67106247
2017-01-08 10:30:00,0.51224995
2017-01-09 10:30:00,0.3661875
2017-01-10 10:30:00,0.40166247
2017-01-11 10:30:00,0.41367498
2017-01-12 10:30:00,0.4014875
2017-01-13 10:30:00,0.48752502
2017-01-14 10:30:00,0.45166248
2017-01-15 10:30:00,0.490275
2017-01-16 10:30:00,0.61377496
2017-01-17 10:30:00,0.68593746
2017-01-18 10:30:00,0.603975
2017-01-19 10:30:00,0.542475
2017-01-20 10:30:00,0.503275
2017-01-21 10:30:00,0.68668747
2017-01-22 10:30:00,0.48654997
2017-01-23 10:30:00,0.4165125
2017-01-24 10:30:00,0.4609375
2017-01-25 10:30:00,0.416925
2017-01-26 10:30:00,0.40803748
2017-01-27 10:30:00,0.40881252
2017-01-28 10:30:00,0.45909998
2017-01-29 10:30:00,0.4116875
2017-01-30 10:30:00,0.38404998
2017-01-31 10:30:00,0.34992498
2017-02-01 10:30:00,0.33528748
2017-02-02 10:30:00,0.44423747
2017-02-03 10:30:00,0.4965375
2017-02-04 10:30:00,0.6353625
2017-02-05 10:30:00,0.50264996
2017-02-06 10:30:00,0.3679375
2017-02-07 10:30:00,0.45416248
2017-02-08 10:30:00,0.41825
2017-02-09 10:30:00,0.4614375
2017-02-10 10:30:00,0.43786252
2017-02-11 10:30:00,0.41737497
2017-02-12 10:30:00,0.4978625
2017-02-13 10:30:00,0.40281248
2017-02-14 10:30:00,0.388625
2017-02-15 10:30:00,0.5473
2017-02-16 10:30:00,0.28968748
2017-02-17 10:30:00,0.220725
2017-02-18 10:30:00,0.26163748
2017-02-19 10:30:00,0.6856375
2017-02-20 10:30:00,0.41221252
2017-02-21 10:30:00,0.5465625
2017-02-22 10:30:00,0.48393747
2017-02-23 10:30:00,0.40777498
2017-02-24 10:30:00,0.47399998
2017-02-25 10:30:00,0.4499375
2017-02-26 10:30:00,0.4291625
2017-02-27 10:30:00,0.4196625
2017-02-28 10:30:00,0.34525
2017-03-01 10:30:00,0.32115
2017-03-02 10:30:00,0.44605
2017-03-03 10:30:00,0.4516625
2017-03-04 10:30:00,0.37522498
2017-03-05 10:30:00,0.2991375
2017-03-06 10:30:00,0.375025
2017-03-07 10:30:00,0.323775
2017-03-08 10:30:00,0.30996248
2017-03-09 10:30:00,0.3557
2017-03-10 10:30:00,0.276975
2017-03-11 10:30:00,0.34755
2017-03-12 10:30:00,0.339225
2017-03-13 10:30:00,0.3295375
2017-03-14 10:30:00,0.2937125
2017-03-15 10:30:00,0.3202
2017-03-16 10:30:00,0.3082
2017-03-17 10:30:00,0.407275
2017-03-18 10:30:00,0.2525375
2017-03-19 10:30:00,0.23423749
2017-03-20 10:30:00,0.32713747
2017-03-21 10:30:00,0.3143125
2017-03-22 10:30:00,0.30549997
2017-03-23 10:30:00,0.3168
2017-03-24 10:30:00,0.29372498
2017-03-25 10:30:00,0.3454375
2017-03-26 10:30:00,0.40807498
2017-03-27 10:30:00,0.3524625
2017-03-28 10:30:00,0.3098375
2017-03-29 10:30:00,0.59345
2017-03-30 10:30:00,0.3164625
2017-03-31 10:30:00,0.29506248
2017-04-01 10:30:00,0.20065
2017-04-02 10:30:00,0.1725625
2017-04-03 10:30:00,0.1189875
2017-04-04 10:30:00,0.2255125
2017-04-05 10:30:00,0.371225
2017-04-06 10:30:00,0.3807
2017-04-07 10:30:00,0.49947497
2017-04-08 10:30:00,0.161875
2017-04-09 10:30:00,0.140625
2017-04-10 10:30:00,0.151625
2017-04-11 10:30:00,0.14729999
2017-04-12 10:30:00,0.11515
2017-04-13 10:30:00,0.16186251
2017-04-14 10:30:00,0.1508375
2017-04-15 10:30:00,0.10175
2017-04-16 10:30:00,0.23505
2017-04-17 10:30:00,0.52893746
2017-04-18 10:30:00,0.5621
2017-04-19 10:30:00,0.3346375
2017-04-20 10:30:00,0.3618125
2017-04-21 10:30:00,0.225
2017-04-22 10:30:00,0.2103
2017-04-23 10:30:00,0.2867625
2017-04-24 10:30:00,0.41007498
2017-04-25 10:30:00,0.5627875
2017-04-26 10:30:00,0.336125
2017-04-27 10:30:00,0.2359875
2017-04-28 10:30:00,0.20351249
2017-04-29 10:30:00,0.2110625
2017-04-30 10:30:00,0.23791249
2017-05-01 10:30:00,0.18705
2017-05-02 10:30:00,0.2303375
2017-05-03 10:30:00,0.359725
2017-05-04 10:30:00,0.23521249
2017-05-05 10:30:00,0.463025
2017-05-06 10:30:00,0.27745
2017-05-07 10:30:00,0.30969998
2017-05-08 10:30:00,0.24392499
2017-05-09 10:30:00,0.2487125
2017-05-10 10:30:00,0.47055
2017-05-11 10:30:00,0.33575
2017-05-12 10:30:00,0.3069375
2017-05-13 10:30:00,0.4205125
2017-05-14 10:30:00,0.45228747
2017-05-15 10:30:00,0.28277498
2017-05-16 10:30:00,0.3144875
2017-05-17 10:30:00,0.341925
2017-05-18 10:30:00,0.16745001
2017-05-19 10:30:00,0.188675
2017-05-20 10:30:00,0.44181252
2017-05-21 10:30:00,0.6368875
2017-05-22 10:30:00,0.5189125
2017-05-23 10:30:00,0.36440003
2017-05-24 10:30:00,0.3238625
2017-05-25 10:30:00,0.2405125
2017-05-26 10:30:00,0.2746
2017-05-27 10:30:00,0.272325
2017-05-28 10:30:00,0.16497499
2017-05-29 10:30:00,0.19173749
2017-05-30 10:30:00,0.19225
2017-05-31 10:30:00,0.39609998
2017-06-01 10:30:00,0.44834998
2017-06-02 10:30:00,0.49017498
2017-06-03 10:30:00,0.4527
2017-06-04 10:30:00,0.40341246
2017-06-05 10:30:00,0.25091252
2017-06-06 10:30:00,0.5851875
2017-06-07 10:30:00,0.34827498
2017-06-08 10:30:00,0.4741125
2017-06-09 10:30:00,0.31985
2017-06-10 10:30:00,0.4474
2017-06-11 10:30:00,0.4944875
2017-06-12 10:30:00,0.3454
2017-06-13 10:30:00,0.2456125
2017-06-14 10:30:00,0.32119998
2017-06-15 10:30:00,0.3924625
2017-06-16 10:30:00,0.53485
2017-06-17 10:30:00,0.62514997
2017-06-18 10:30:00,0.76699996
2017-06-19 10:30:00,0.67114997
2017-06-20 10:30:00,0.86864996
2017-06-21 10:30:00,0.82694995
2017-06-22 10:30:00,0.4975875
2017-06-23 10:30:00,0.3926
2017-06-24 10:30:00,0.40881246
2017-06-25 10:30:00,0.5183125
2017-06-26 10:30:00,0.4115875
2017-06-27 10:30:00,0.43177497
2017-06-28 10:30:00,0.47492498
2017-06-29 10:30:00,0.6076
2017-06-30 10:30:00,0.6989875
2017-07-01 10:30:00,0.6121375
2017-07-02 10:30:00,0.704625
2017-07-03 10:30:00,0.535075
2017-07-04 10:30:00,0.41614997
2017-07-05 10:30:00,0.46054998
2017-07-06 10:30:00,0.49089998
2017-07-07 10:30:00,0.69448745
2017-07-08 10:30:00,0.78473747
2017-07-09 10:30:00,0.658
2017-07-10 10:30:00,0.6412875
2017-07-11 10:30:00,0.4251625
2017-07-12 10:30:00,0.374075
2017-07-13 10:30:00,0.4580875
2017-07-14 10:30:00,0.38305
2017-07-15 10:30:00,0.4979125
2017-07-16 10:30:00,0.4551125
2017-07-17 10:30:00,0.62668747
2017-07-18 10:30:00,0.4700875
2017-07-19 10:30:00,0.5149625
2017-07-20 10:30:00,0.7965
2017-07-21 10:30:00,0.5353625
2017-07-22 10:30:00,0.417275
2017-07-23 10:30:00,0.675725
2017-07-24 10:30:00,0.45825
2017-07-25 10:30:00,0.40165
2017-07-26 10:30:00,0.880075
2017-07-27 10:30:00,0.8199875
2017-07-28 10:30:00,0.570175
2017-07-29 10:30:00,0.566975
2017-07-30 10:30:00,0.6654125
2017-07-31 10:30:00,0.61805
2017-08-01 10:30:00,0.865675
2017-08-02 10:30:00,0.87883747
2017-08-03 10:30:00,0.98489994
2017-08-04 10:30:00,0.77775
2017-08-05 10:30:00,0.796475
2017-08-06 10:30:00,0.9029875
2017-08-07 10:30:00,0.86911243
2017-08-08 10:30:00,0.8084875
2017-08-09 10:30:00,0.79580003
2017-08-10 10:30:00,0.89528745
2017-08-11 10:30:00,0.84569997
2017-08-12 10:30:00,0.8182875
2017-08-13 10:30:00,0.84818745
2017-08-14 10:30:00,0.9283625
2017-08-15 10:30:00,0.8740249
2017-08-16 10:30:00,0.86025
2017-08-17 10:30:00,0.81452495
2017-08-18 10:30:00,0.77077496
2017-08-19 10:30:00,0.75065
2017-08-20 10:30:00,0.7543125
2017-08-21 10:30:00,0.5963375
2017-08-22 10:30:00,0.4470625
2017-08-23 10:30:00,0.65068746
2017-08-24 10:30:00,0.45974997
2017-08-25 10:30:00,0.50588745
2017-08-26 10:30:00,0.47162497
2017-08-27 10:30:00,0.5122375
2017-08-28 10:30:00,0.3293375
2017-08-29 10:30:00,0.3736
2017-08-30 10:30:00,0.5073875
2017-08-31 10:30:00,0.5233875
2017-09-01 10:30:00,0.6551625
2017-09-02 10:30:00,0.56873745
2017-09-03 10:30:00,0.8032625
2017-09-04 10:30:00,0.7982625
2017-09-05 10:30:00,0.881875
2017-09-06 10:30:00,0.53064996
2017-09-07 10:30:00,0.551575
2017-09-08 10:30:00,0.5553375
2017-09-09 10:30:00,0.5053875
2017-09-10 10:30:00,0.66621244
2017-09-11 10:30:00,0.42956248
2017-09-12 10:30:00,0.5684625
2017-09-13 10:30:00,0.60943747
2017-09-14 10:30:00,0.63158745
2017-09-15 10:30:00,0.86419994
2017-09-16 10:30:00,0.9066749
2017-09-17 10:30:00,0.81598747
2017-09-18 10:30:00,0.68794996
2017-09-19 10:30:00,0.923275
2017-09-20 10:30:00,0.69076246
2017-09-21 10:30:00,0.681875
2017-09-22 10:30:00,0.48963746
2017-09-23 10:30:00,0.4698
2017-09-24 10:30:00,0.46194997
2017-09-25 10:30:00,0.4750375
2017-09-26 10:30:00,0.37768748
2017-09-27 10:30:00,0.2919375
2017-09-28 10:30:00,0.3059375
2017-09-29 10:30:00,0.3073375
2017-09-30 10:30:00,0.3125125
2017-10-01 10:30:00,0.3130125
2017-10-02 10:30:00,0.27465
2017-10-03 10:30:00,0.29251248
2017-10-04 10:30:00,0.26692498
2017-10-05 10:30:00,0.39118752
2017-10-06 10:30:00,0.49987498
2017-10-07 10:30:00,0.5637125
2017-10-08 10:30:00,0.90472496
2017-10-09 10:30:00,0.6510125
2017-10-10 10:30:00,0.53005
2017-10-11 10:30:00,0.57199997
2017-10-12 10:30:00,0.3618875
2017-10-13 10:30:00,0.3444
2017-10-14 10:30:00,0.36028752
2017-10-15 10:30:00,0.4779375
2017-10-16 10:30:00,0.2775125
2017-10-17 10:30:00,0.2757875
2017-10-18 10:30:00,0.34386247
2017-10-19 10:30:00,0.32618752
2017-10-20 10:30:00,0.48209998
2017-10-21 10:30:00,0.30605
2017-10-22 10:30:00,0.347275
2017-10-23 10:30:00,0.27522498
2017-10-24 10:30:00,0.31669998
2017-10-25 10:30:00,0.2679875
2017-10-26 10:30:00,0.41155
2017-10-27 10:30:00,0.77468747
2017-10-28 10:30:00,0.307575
2017-10-29 10:30:00,0.2805
2017-10-30 10:30:00,0.236775
2017-10-31 10:30:00,0.2059
2017-11-01 10:30:00,0.2703
2017-11-02 10:30:00,0.389525
2017-11-03 10:30:00,0.31085
2017-11-04 10:30:00,0.32479998
2017-11-05 10:30:00,0.2879375
2017-11-06 10:30:00,0.40521246
2017-11-07 10:30:00,0.79375
2017-11-08 10:30:00,0.611975
2017-11-09 10:30:00,0.71652496
2017-11-10 10:30:00,0.5132375
2017-11-11 10:30:00,0.36987498
2017-11-12 10:30:00,0.496575
2017-11-13 10:30:00,0.41627496
2017-11-14 10:30:00,0.36392498
2017-11-15 10:30:00,0.36689997
2017-11-16 10:30:00,0.41305
2017-11-17 10:30:00,0.3412375
2017-11-18 10:30:00,0.38555
2017-11-19 10:30:00,0.3971125
2017-11-20 10:30:00,0.386125
2017-11-21 10:30:00,0.45053747
2017-11-22 10:30:00,0.33677498
2017-11-23 10:30:00,0.373325
2017-11-24 10:30:00,0.367975
2017-11-25 10:30:00,0.4117125
2017-11-26 10:30:00,0.2781125
2017-11-27 10:30:00,0.33229998
2017-11-28 10:30:00,0.290975
2017-11-29 10:30:00,0.24851249
2017-11-30 10:30:00,0.3345
2017-12-01 10:30:00,0.4094875
2017-12-02 10:30:00,0.666325
2017-12-03 10:30:00,0.49560001
2017-12-04 10:30:00,0.40853748
2017-12-05 10:30:00,0.5070125
2017-12-06 10:30:00,0.5541875
2017-12-07 10:30:00,0.4934375
2017-12-08 10:30:00,0.64497495
2017-12-09 10:30:00,0.74532497
2017-12-10 10:30:00,0.54803747
2017-12-11 10:30:00,0.4436625
2017-12-12 10:30:00,0.45111248
2017-12-13 10:30:00,0.46310002
2017-12-14 10:30:00,0.486525
2017-12-15 10:30:00,0.48618752
2017-12-16 10:30:00,0.43761247
2017-12-17 10:30:00,0.49787498
2017-12-18 10:30:00,0.4847375
2017-12-19 10:30:00,0.43169996
2017-12-20 10:30:00,0.5218875
2017-12-21 10:30:00,0.471275
2017-12-22 10:30:00,0.42978752
2017-12-23 10:30:00,0.4632875
2017-12-24 10:30:00,0.49496248
2017-12-25 10:30:00,0.57350004
2017-12-26 10:30:00,0.30853748
2017-12-27 10:30:00,0.3374875
2017-12-28 10:30:00,0.45173752
2017-12-29 10:30:00,0.39173752
2017-12-30 10:30:00,0.490325
2017-12-31 10:30:00,0.59893745
2018-01-01 10:30:00,0.4799625
2018-01-02 10:30:00,0.4289875
2018-01-03 10:30:00,0.4321125
2018-01-04 10:30:00,0.3685625
2018-01-05 10:30:00,0.43057498
2018-01-06 10:30:00,0.3645375
2018-01-07 10:30:00,0.3737875
2018-01-08 10:30:00,0.58902496
2018-01-09 10:30:00,0.66741246
2018-01-10 10:30:00,0.465125
2018-01-11 10:30:00,0.40095
2018-01-12 10:30:00,0.594775
2018-01-13 10:30:00,0.671975
2018-01-14 10:30:00,0.6605375
2018-01-15 10:30:00,0.6341625
2018-01-16 10:30:00,0.7858375
2018-01-17 10:30:00,0.60644996
2018-01-18 10:30:00,0.59001243
2018-01-19 10:30:00,0.4599875
2018-01-20 10:30:00,0.367275
2018-01-21 10:30:00,0.3709125
2018-01-22 10:30:00,0.3478625
2018-01-23 10:30:00,0.334575
2018-01-24 10:30:00,0.36989996
2018-01-25 10:30:00,0.36996248
2018-01-26 10:30:00,0.3709375
2018-01-27 10:30:00,0.3335625
2018-01-28 10:30:00,0.39595
2018-01-29 10:30:00,0.41134998
2018-01-30 10:30:00,0.42794997
2018-01-31 10:30:00,0.40139997
2018-02-01 10:30:00,0.44724998
2018-02-02 10:30:00,0.586725
2018-02-03 10:30:00,0.49759996
2018-02-04 10:30:00,0.47785
2018-02-05 10:30:00,0.422725
2018-02-06 10:30:00,0.4712875
2018-02-07 10:30:00,0.4135375
2018-02-08 10:30:00,0.3723
2018-02-09 10:30:00,0.37858748
2018-02-10 10:30:00,0.2967625
2018-02-11 10:30:00,0.3080625
2018-02-12 10:30:00,0.308525
2018-02-13 10:30:00,0.2824125
2018-02-14 10:30:00,0.29779997
2018-02-15 10:30:00,0.3407
2018-02-16 10:30:00,0.276575
2018-02-17 10:30:00,0.2495375
2018-02-18 10:30:00,0.2739875
2018-02-19 10:30:00,0.2855125
2018-02-20 10:30:00,0.2997
2018-02-21 10:30:00,0.3286125
2018-02-22 10:30:00,0.33835
2018-02-23 10:30:00,0.29869998
2018-02-24 10:30:00,0.21034999
2018-02-25 10:30:00,0.563125
2018-02-26 10:30:00,0.39920002
2018-02-27 10:30:00,0.2946125
2018-02-28 10:30:00,0.6674375
2018-03-01 10:30:00,0.38302502
2018-03-02 10:30:00,0.42139998
2018-03-03 10:30:00,0.66043746
2018-03-04 10:30:00,0.366325
2018-03-05 10:30:00,0.2895125
2018-03-06 10:30:00,0.32185
2018-03-07 10:30:00,0.54456246
2018-03-08 10:30:00,0.3423875
2018-03-09 10:30:00,0.6032375
2018-03-10 10:30:00,0.6505125
2018-03-11 10:30:00,0.5357625
2018-03-12 10:30:00,0.537925
2018-03-13 10:30:00,0.7290125
2018-03-14 10:30:00,0.61535
2018-03-15 10:30:00,0.26764998
2018-03-16 10:30:00,0.2584875
2018-03-17 10:30:00,0.2318375
2018-03-18 10:30:00,0.327775
2018-03-19 10:30:00,0.18505001
2018-03-20 10:30:00,0.1947125
2018-03-21 10:30:00,0.2665
2018-03-22 10:30:00,0.187875
2018-03-23 10:30:00,0.2019
2018-03-24 10:30:00,0.2363
2018-03-25 10:30:00,0.303175
2018-03-26 10:30:00,0.220725
2018-03-27 10:30:00,0.26814997
2018-03-28 10:30:00,0.2680625
2018-03-29 10:30:00,0.1332625
2018-03-30 10:30:00,0.34905
2018-03-31 10:30:00,0.57745
2018-04-01 10:30:00,0.2759125
2018-04-02 10:30:00,0.1582875
2018-04-03 10:30:00,0.1110375
2018-04-04 10:30:00,0.089449994
2018-04-05 10:30:00,0.22954999
2018-04-06 10:30:00,0.1242125
2018-04-07 10:30:00,0.1187625
2018-04-08 10:30:00,0.21632499
2018-04-09 10:30:00,0.1957375
2018-04-10 10:30:00,0.69826245
2018-04-11 10:30:00,0.256375
2018-04-12 10:30:00,0.38677496
2018-04-13 10:30:00,0.607275
2018-04-14 10:30:00,0.72508746
2018-04-15 10:30:00,0.29835
2018-04-16 10:30:00,0.233875
2018-04-17 10:30:00,0.3448875
2018-04-18 10:30:00,0.3038375
2018-04-19 10:30:00,0.2528125
2018-04-20 10:30:00,0.6602749
2018-04-21 10:30:00,0.4479
2018-04-22 10:30:00,0.2929875
2018-04-23 10:30:00,0.304
2018-04-24 10:30:00,0.18727499
2018-04-25 10:30:00,0.2105875
2018-04-26 10:30:00,0.2782625
2018-04-27 10:30:00,0.18249999
2018-04-28 10:30:00,0.2956125
2018-04-29 10:30:00,0.4325
2018-04-30 10:30:00,0.30875
2018-05-01 10:30:00,0.4508125
2018-05-02 10:30:00,0.28815
2018-05-03 10:30:00,0.205825
2018-05-04 10:30:00,0.1695125
2018-05-05 10:30:00,0.13385
2018-05-06 10:30:00,0.2631625
2018-05-07 10:30:00,0.3662375
2018-05-08 10:30:00,0.3817375
2018-05-09 10:30:00,0.2259375
2018-05-10 10:30:00,0.27815
2018-05-11 10:30:00,0.3820625
2018-05-12 10:30:00,0.589875
2018-05-13 10:30:00,0.551125
2018-05-14 10:30:00,0.293725
2018-05-15 10:30:00,0.6889125
2018-05-16 10:30:00,0.596325
2018-05-17 10:30:00,0.41955
2018-05-18 10:30:00,0.27967498
2018-05-19 10:30:00,0.2125375
2018-05-20 10:30:00,0.3526125
2018-05-21 10:30:00,0.35318747
2018-05-22 10:30:00,0.703525
2018-05-23 10:30:00,0.3913
2018-05-24 10:30:00,0.51687497
2018-05-25 10:30:00,0.39741248
2018-05-26 10:30:00,0.454225
2018-05-27 10:30:00,0.8215
2018-05-28 10:30:00,0.8612625
2018-05-29 10:30:00,0.81238747
2018-05-30 10:30:00,0.50105
2018-05-31 10:30:00,0.451225
2018-06-01 10:30:00,0.17712499
2018-06-02 10:30:00,0.219725
2018-06-03 10:30:00,0.293325
2018-06-04 10:30:00,0.45155
2018-06-05 10:30:00,0.4934875
2018-06-06 10:30:00,0.5100375
2018-06-07 10:30:00,0.4968
2018-06-08 10:30:00,0.49934995
2018-06-09 10:30:00,0.5859
2018-06-10 10:30:00,0.6693625
2018-06-11 10:30:00,0.70143753
2018-06-12 10:30:00,0.8100125
2018-06-13 10:30:00,0.6663625
2018-06-14 10:30:00,0.81034994
2018-06-15 10:30:00,0.733925
2018-06-16 10:30:00,0.61134994
2018-06-17 10:30:00,0.47362497
2018-06-18 10:30:00,0.79911244
2018-06-19 10:30:00,0.5852625
2018-06-20 10:30:00,0.610125
2018-06-21 10:30:00,0.46514997
2018-06-22 10:30:00,0.48518747
2018-06-23 10:30:00,0.53103745
2018-06-24 10:30:00,0.61631244
2018-06-25 10:30:00,0.896425
2018-06-26 10:30:00,0.85769993
2018-06-27 10:30:00,0.897275
2018-06-28 10:30:00,0.6394375
2018-06-29 10:30:00,0.5862375
2018-06-30 10:30:00,0.6128
2018-07-01 10:30:00,0.5729875
2018-07-02 10:30:00,0.6371
2018-07-03 10:30:00,0.633725
2018-07-04 10:30:00,0.8823
2018-07-05 10:30:00,0.85208744
2018-07-06 10:30:00,0.7503125
2018-07-07 10:30:00,0.886125
2018-07-08 10:30:00,0.85649997
2018-07-09 10:30:00,0.852925
2018-07-10 10:30:00,0.88074994
2018-07-11 10:30:00,0.82247496
2018-07-12 10:30:00,0.6793625
2018-07-13 10:30:00,0.53113747
2018-07-14 10:30:00,0.548675
2018-07-15 10:30:00,0.5539375
2018-07-16 10:30:00,0.960975
2018-07-17 10:30:00,0.87145
2018-07-18 10:30:00,0.8605625
2018-07-19 10:30:00,0.8065
2018-07-20 10:30:00,0.8684875
2018-07-21 10:30:00,0.8887625
2018-07-22 10:30:00,0.64686245
2018-07-23 10:30:00,0.66255
2018-07-24 10:30:00,0.9034375
2018-07-25 10:30:00,0.847675
2018-07-26 10:30:00,0.69137496
2018-07-27 10:30:00,0.66175
2018-07-28 10:30:00,0.7
2018-07-29 10:30:00,0.718
2018-07-30 10:30:00,0.79475
2018-07-31 10:30:00,0.553525
2018-08-01 10:30:00,0.622175
2018-08-02 10:30:00,0.6485125
2018-08-03 10:30:00,0.7428375
2018-08-04 10:30:00,0.8450125
2018-08-05 10:30:00,0.7096875
2018-08-06 10:30:00,0.732575
2018-08-07 10:30:00,0.75163746
2018-08-08 10:30:00,0.72147495
2018-08-09 10:30:00,0.65498745
2018-08-10 10:30:00,0.6782375
2018-08-11 10:30:00,0.8285
2018-08-12 10:30:00,0.71801245
2018-08-13 10:30:00,0.8924375
2018-08-14 10:30:00,0.84287494
2018-08-15 10:30:00,0.73013747
2018-08-16 10:30:00,0.6083625
2018-08-17 10:30:00,0.7342875
2018-08-18 10:30:00,0.52245003
2018-08-19 10:30:00,0.5661875
2018-08-20 10:30:00,0.7499125
2018-08-21 10:30:00,0.7194749
2018-08-22 10:30:00,0.5915125
2018-08-23 10:30:00,0.6618625
2018-08-24 10:30:00,0.72885
2018-08-25 10:30:00,0.92232496
2018-08-26 10:30:00,0.81026244
2018-08-27 10:30:00,0.68645
2018-08-28 10:30:00,0.89226246
2018-08-29 10:30:00,0.800425
2018-08-30 10:30:00,0.809075
2018-08-31 10:30:00,0.66592497
2018-09-01 10:30:00,0.600325
2018-09-02 10:30:00,0.84991246
2018-09-03 10:30:00,0.80395
2018-09-04 10:30:00,0.71065
2018-09-05 10:30:00,0.6748625
2018-09-06 10:30:00,0.49264997
2018-09-07 10:30:00,0.54127496
2018-09-08 10:30:00,0.49310002
2018-09-09 10:30:00,0.54417497
2018-09-10 10:30:00,0.6072375
2018-09-11 10:30:00,0.6613625
2018-09-12 10:30:00,0.5731375
2018-09-13 10:30:00,0.5291875
2018-09-14 10:30:00,0.574525
2018-09-15 10:30:00,0.41187498
2018-09-16 10:30:00,0.45198748
2018-09-17 10:30:00,0.4712875
2018-09-18 10:30:00,0.5379625
2018-09-19 10:30:00,0.524825
2018-09-20 10:30:00,0.619275
2018-09-21 10:30:00,0.474775
2018-09-22 10:30:00,0.6576125
2018-09-23 10:30:00,0.806575
2018-09-24 10:30:00,0.5927625
2018-09-25 10:30:00,0.600325
2018-09-26 10:30:00,0.509425
2018-09-27 10:30:00,0.48831248
2018-09-28 10:30:00,0.717325
2018-09-29 10:30:00,0.803525
2018-09-30 10:30:00,0.7505124
2018-10-01 10:30:00,0.494625
2018-10-02 10:30:00,0.5291
2018-10-03 10:30:00,0.4926625
2018-10-04 10:30:00,0.510175
2018-10-05 10:30:00,0.4187625
2018-10-06 10:30:00,0.32224998
2018-10-07 10:30:00,0.4844625
2018-10-08 10:30:00,0.47105
2018-10-09 10:30:00,0.47096246
2018-10-10 10:30:00,0.52462494
2018-10-11 10:30:00,0.4733
2018-10-12 10:30:00,0.37995
2018-10-13 10:30:00,0.30380002
2018-10-14 10:30:00,0.44255
2018-10-15 10:30:00,0.38287497
2018-10-16 10:30:00,0.43963748
2018-10-17 10:30:00,0.3589625
2018-10-18 10:30:00,0.277
2018-10-19 10:30:00,0.36279997
2018-10-20 10:30:00,0.33186248
2018-10-21 10:30:00,0.3518875
2018-10-22 10:30:00,0.417275
2018-10-23 10:30:00,0.52595
2018-10-24 10:30:00,0.4698375
2018-10-25 10:30:00,0.5671625
2018-10-26 10:30:00,0.5979625
2018-10-27 10:30:00,0.360325
2018-10-28 10:30:00,0.4764875
2018-10-29 10:30:00,0.6691375
2018-10-30 10:30:00,0.45343748
2018-10-31 10:30:00,0.4109125
2018-11-01 10:30:00,0.37658748
2018-11-02 10:30:00,0.33429998
2018-11-03 10:30:00,0.31707498
2018-11-04 10:30:00,0.47052497
2018-11-05 10:30:00,0.40641248
2018-11-06 10:30:00,0.3323625
2018-11-07 10:30:00,0.3572
2018-11-08 10:30:00,0.500675
2018-11-09 10:30:00,0.47538748
2018-11-10 10:30:00,0.4312625
2018-11-11 10:30:00,0.54614997
2018-11-12 10:30:00,0.5146125
2018-11-13 10:30:00,0.5194625
2018-11-14 10:30:00,0.6543875
2018-11-15 10:30:00,0.388475
2018-11-16 10:30:00,0.38799998
2018-11-17 10:30:00,0.47783747
2018-11-18 10:30:00,0.5208375
2018-11-19 10:30:00,0.39224997
2018-11-20 10:30:00,0.36224997
2018-11-21 10:30:00,0.316275
2018-11-22 10:30:00,0.3598125
2018-11-23 10:30:00,0.33857498
2018-11-24 10:30:00,0.4023
2018-11-25 10:30:00,0.3527875
2018-11-26 10:30:00,0.25289997
2018-11-27 10:30:00,0.2667875
2018-11-28 10:30:00,0.3139375
2018-11-29 10:30:00,0.2848625
2018-11-30 10:30:00,0.30435
2018-12-01 10:30:00,0.3044875
2018-12-02 10:30:00,0.35288748
2018-12-03 10:30:00,0.2745
2018-12-04 10:30:00,0.2911
2018-12-05 10:30:00,0.3084125
2018-12-06 10:30:00,0.2885125
2018-12-07 10:30:00,0.28612497
2018-12-08 10:30:00,0.3140625
2018-12-09 10:30:00,0.40542498
2018-12-10 10:30:00,0.4174125
2018-12-11 10:30:00,0.49595
2018-12-12 10:30:00,0.6137125
2018-12-13 10:30:00,0.56724995
2018-12-14 10:30:00,0.450775
2018-12-15 10:30:00,0.38518748
2018-12-16 10:30:00,0.4357375
2018-12-17 10:30:00,0.369425
2018-12-18 10:30:00,0.4319375
2018-12-19 10:30:00,0.4381875
2018-12-20 10:30:00,0.48318747
2018-12-21 10:30:00,0.691
2018-12-22 10:30:00,0.304925
2018-12-23 10:30:00,0.27885
2018-12-24 10:30:00,0.301225
2018-12-25 10:30:00,0.22664998
2018-12-26 10:30:00,0.249175
2018-12-27 10:30:00,0.25725
2018-12-28 10:30:00,0.3017875
2018-12-29 10:30:00,0.316975
2018-12-30 10:30:00,0.40285
2018-12-31 10:30:00,0.345325
2019-01-01 10:30:00,0.2700625
2019-01-02 10:30:00,0.40905
2019-01-03 10:30:00,0.4598875
2019-01-04 10:30:00,0.34716251
2019-01-05 10:30:00,0.372275
2019-01-06 10:30:00,0.44377497
2019-01-07 10:30:00,0.35721248
2019-01-08 10:30:00,0.26776248
2019-01-09 10:30:00,0.2492
2019-01-10 10:30:00,0.39063752
2019-01-11 10:30:00,0.4448875
2019-01-12 10:30:00,0.5390875
2019-01-13 10:30:00,0.55712503
2019-01-14 10:30:00,0.424125
2019-01-15 10:30:00,0.2627
2019-01-16 10:30:00,0.35142496
2019-01-17 10:30:00,0.3196375
2019-01-18 10:30:00,0.33572498
2019-01-19 10:30:00,0.3544125
2019-01-20 10:30:00,0.3332875
2019-01-21 10:30:00,0.37756246
2019-01-22 10:30:00,0.284325
2019-01-23 10:30:00,0.2663625
2019-01-24 10:30:00,0.3484
2019-01-25 10:30:00,0.31917498
2019-01-26 10:30:00,0.25805
2019-01-27 10:30:00,0.319775
2019-01-28 10:30:00,0.31575
2019-01-29 10:30:00,0.2688625
2019-01-30 10:30:00,0.22602499
2019-01-31 10:30:00,0.23317501
2019-02-01 10:30:00,0.25986248
2019-02-02 10:30:00,0.38237497
2019-02-03 10:30:00,0.2292375
2019-02-04 10:30:00,0.33103752
2019-02-05 10:30:00,0.2657375
2019-02-06 10:30:00,0.23795
2019-02-07 10:30:00,0.2285375
2019-02-08 10:30:00,0.282125
2019-02-09 10:30:00,0.2622
2019-02-10 10:30:00,0.2761125
2019-02-11 10:30:00,0.2689375
2019-02-12 10:30:00,0.2282875
2019-02-13 10:30:00,0.2181125
2019-02-14 10:30:00,0.20628749
2019-02-15 10:30:00,0.20963748
2019-02-16 10:30:00,0.23200001
2019-02-17 10:30:00,0.23725
2019-02-18 10:30:00,0.1593625
2019-02-19 10:30:00,0.27775
2019-02-20 10:30:00,0.206525
2019-02-21 10:30:00,0.21941249
2019-02-22 10:30:00,0.30331248
2019-02-23 10:30:00,0.23317498
2019-02-24 10:30:00,0.23501249
2019-02-25 10:30:00,0.2832375
2019-02-26 10:30:00,0.274525
2019-02-27 10:30:00,0.289925
2019-02-28 10:30:00,0.2291375
2019-03-01 10:30:00,0.231725
2019-03-02 10:30:00,0.21817501
2019-03-03 10:30:00,0.2572625
2019-03-04 10:30:00,0.26546252
2019-03-05 10:30:00,0.4046625
2019-03-06 10:30:00,0.26729998
2019-03-07 10:30:00,0.22434999
2019-03-08 10:30:00,0.171925
2019-03-09 10:30:00,0.204575
2019-03-10 10:30:00,0.18906249
2019-03-11 10:30:00,0.19649999
2019-03-12 10:30:00,0.1876
2019-03-13 10:30:00,0.17407499
2019-03-14 10:30:00,0.3273125
2019-03-15 10:30:00,0.26552498
2019-03-16 10:30:00,0.3213375
2019-03-17 10:30:00,0.23946251
2019-03-18 10:30:00,0.203325
2019-03-19 10:30:00,0.42541248
2019-03-20 10:30:00,0.30444998
2019-03-21 10:30:00,0.20671248
2019-03-22 10:30:00,0.24655001
2019-03-23 10:30:00,0.18354999
2019-03-24 10:30:00,0.1876
2019-03-25 10:30:00,0.1181125
2019-03-26 10:30:00,0.110337496
2019-03-27 10:30:00,0.131125
2019-03-28 10:30:00,0.1532125
2019-03-29 10:30:00,0.387225
2019-03-30 10:30:00,0.220825
2019-03-31 10:30:00,0.21424998
2019-04-01 10:30:00,0.1666625
2019-04-02 10:30:00,0.153125
2019-04-03 10:30:00,0.1481375
2019-04-04 10:30:00,0.37665
2019-04-05 10:30:00,0.2890875
2019-04-06 10:30:00,0.31475
2019-04-07 10:30:00,0.4432125
2019-04-08 10:30:00,0.313775
2019-04-09 10:30:00,0.1919
2019-04-10 10:30:00,0.13033749
2019-04-11 10:30:00,0.12327499
2019-04-12 10:30:00,0.1115625
2019-04-13 10:30:00,0.1791875
2019-04-14 10:30:00,0.17731251
2019-04-15 10:30:00,0.11337499
2019-04-16 10:30:00,0.17511249
2019-04-17 10:30:00,0.515475
2019-04-18 10:30:00,0.1683
2019-04-19 10:30:00,0.1440375
2019-04-20 10:30:00,0.0947125
2019-04-21 10:30:00,0.0879625
2019-04-22 10:30:00,0.165725
2019-04-23 10:30:00,0.106924996
2019-04-24 10:30:00,0.1955375
2019-04-25 10:30:00,0.20786248
2019-04-26 10:30:00,0.1524375
2019-04-27 10:30:00,0.10796249
2019-04-28 10:30:00,0.39068747
2019-04-29 10:30:00,0.5166875
2019-04-30 10:30:00,0.22956249
2019-05-01 10:30:00,0.2176375
2019-05-02 10:30:00,0.2469625
2019-05-03 10:30:00,0.23725
2019-05-04 10:30:00,0.44166252
2019-05-05 10:30:00,0.26705
2019-05-06 10:30:00,0.20645
2019-05-07 10:30:00,0.18049999
2019-05-08 10:30:00,0.168325
2019-05-09 10:30:00,0.26285
2019-05-10 10:30:00,0.23823749
2019-05-11 10:30:00,0.3329375
2019-05-12 10:30:00,0.5516875
2019-05-13 10:30:00,0.565
2019-05-14 10:30:00,0.399225
2019-05-15 10:30:00,0.37858748
2019-05-16 10:30:00,0.17869999
2019-05-17 10:30:00,0.25321248
2019-05-18 10:30:00,0.2794
2019-05-19 10:30:00,0.8967375
2019-05-20 10:30:00,0.723975
2019-05-21 10:30:00,0.5876
2019-05-22 10:30:00,0.561175
2019-05-23 10:30:00,0.4242125
2019-05-24 10:30:00,0.2642625
2019-05-25 10:30:00,0.58963746
2019-05-26 10:30:00,0.820575
2019-05-27 10:30:00,0.4241625
2019-05-28 10:30:00,0.21489999
2019-05-29 10:30:00,0.2132875
2019-05-30 10:30:00,0.597925
2019-05-31 10:30:00,0.465
2019-06-01 10:30:00,0.488025
2019-06-02 10:30:00,0.5362875
2019-06-03 10:30:00,0.5274125
2019-06-04 10:30:00,0.4415625
2019-06-05 10:30:00,0.4554375
2019-06-06 10:30:00,0.58643746
2019-06-07 10:30:00,0.81272495
2019-06-08 10:30:00,0.80683744
2019-06-09 10:30:00,0.768125
2019-06-10 10:30:00,0.7105
2019-06-11 10:30:00,0.67351246
2019-06-12 10:30:00,0.68817496
2019-06-13 10:30:00,0.4628625
2019-06-14 10:30:00,0.645125
2019-06-15 10:30:00,0.5489625
2019-06-16 10:30:00,0.4377375
2019-06-17 10:30:00,0.40241247
2019-06-18 10:30:00,0.41933748
2019-06-19 10:30:00,0.4236375
2019-06-20 10:30:00,0.5054
2019-06-21 10:30:00,0.5038375
2019-06-22 10:30:00,0.55555
2019-06-23 10:30:00,0.4384875
2019-06-24 10:30:00,0.4104625
2019-06-25 10:30:00,0.6598375
2019-06-26 10:30:00,0.7662625
2019-06-27 10:30:00,0.7799125
2019-06-28 10:30:00,0.9127749
2019-06-29 10:30:00,0.796875
2019-06-30 10:30:00,0.73415
2019-07-01 10:30:00,0.5145
2019-07-02 10:30:00,0.6392625
2019-07-03 10:30:00,0.65885
2019-07-04 10:30:00,0.7158375
2019-07-05 10:30:00,0.8960125
2019-07-06 10:30:00,0.94235
2019-07-07 10:30:00,0.7422375
2019-07-08 10:30:00,0.72845
2019-07-09 10:30:00,0.6838375
2019-07-10 10:30:00,0.77196246
2019-07-11 10:30:00,0.7436875
2019-07-12 10:30:00,0.6956375
2019-07-13 10:30:00,0.75418746
2019-07-14 10:30:00,0.725475
2019-07-15 10:30:00,0.69546247
2019-07-16 10:30:00,0.777825
2019-07-17 10:30:00,0.67695
2019-07-18 10:30:00,0.62027496
2019-07-19 10:30:00,0.7464875
2019-07-20 10:30:00,0.7336625
2019-07-21 10:30:00,0.593025
2019-07-22 10:30:00,0.619625
2019-07-23 10:30:00,0.8584375
2019-07-24 10:30:00,0.72668743
2019-07-25 10:30:00,0.77628744
2019-07-26 10:30:00,0.74764997
2019-07-27 10:30:00,0.8255
2019-07-28 10:30:00,0.72389996
2019-07-29 10:30:00,0.65021247
2019-07-30 10:30:00,0.700225
2019-07-31 10:30:00,0.62127495
2019-08-01 10:30:00,0.58427495
2019-08-02 10:30:00,0.647425
2019-08-03 10:30:00,0.6846375
2019-08-04 10:30:00,0.5951375
2019-08-05 10:30:00,0.7312874
2019-08-06 10:30:00,0.94484997
2019-08-07 10:30:00,0.8669
2019-08-08 10:30:00,0.8678
2019-08-09 10:30:00,0.80781245
2019-08-10 10:30:00,0.8904374
2019-08-11 10:30:00,0.8936
2019-08-12 10:30:00,0.785775
2019-08-13 10:30:00,0.77848744
2019-08-14 10:30:00,0.7417875
2019-08-15 10:30:00,0.6674875
2019-08-16 10:30:00,0.7506375
2019-08-17 10:30:00,0.7028875
2019-08-18 10:30:00,0.676975
2019-08-19 10:30:00,0.70191246
2019-08-20 10:30:00,0.8937875
2019-08-21 10:30:00,0.70425004
2019-08-22 10:30:00,0.7364875
2019-08-23 10:30:00,0.79371244
2019-08-24 10:30:00,0.75313747
2019-08-25 10:30:00,0.7736875
2019-08-26 10:30:00,0.9272625
2019-08-27 10:30:00,0.70676255
2019-08-28 10:30:00,0.8257125
2019-08-29 10:30:00,0.77335
2019-08-30 10:30:00,0.58396244
2019-08-31 10:30:00,0.59623754
2019-09-01 10:30:00,0.7106375
2019-09-02 10:30:00,0.72975
2019-09-03 10:30:00,0.62132496
2019-09-04 10:30:00,0.63123745
2019-09-05 10:30:00,0.5737375
2019-09-06 10:30:00,0.7208125
2019-09-07 10:30:00,0.71835
2019-09-08 10:30:00,0.4784625
2019-09-09 10:30:00,0.45674998
2019-09-10 10:30:00,0.48263747
2019-09-11 10:30:00,0.473725
2019-09-12 10:30:00,0.54074997
2019-09-13 10:30:00,0.66739994
2019-09-14 10:30:00,0.488225
2019-09-15 10:30:00,0.41095
2019-09-16 10:30:00,0.3841125
2019-09-17 10:30:00,0.5041875
2019-09-18 10:30:00,0.4679375
2019-09-19 10:30:00,0.5844125
2019-09-20 10:30:00,0.69107497
2019-09-21 10:30:00,0.53561246
2019-09-22 10:30:00,0.49182498
2019-09-23 10:30:00,0.4509
2019-09-24 10:30:00,0.42779997
2019-09-25 10:30:00,0.6229125
2019-09-26 10:30:00,0.52533746
2019-09-27 10:30:00,0.452025
2019-09-28 10:30:00,0.44235
2019-09-29 10:30:00,0.4426125
2019-09-30 10:30:00,0.55415
2019-10-01 10:30:00,0.550025
2019-10-02 10:30:00,0.64147496
2019-10-03 10:30:00,0.58415
2019-10-04 10:30:00,0.49409997
2019-10-05 10:30:00,0.4547
2019-10-06 10:30:00,0.3968125
2019-10-07 10:30:00,0.39006248
2019-10-08 10:30:00,0.4318375
2019-10-09 10:30:00,0.354875
2019-10-10 10:30:00,0.3246125
2019-10-11 10:30:00,0.28795
2019-10-12 10:30:00,0.27958748
2019-10-13 10:30:00,0.3166
2019-10-14 10:30:00,0.27331248
2019-10-15 10:30:00,0.25717497
2019-10-16 10:30:00,0.32147497
2019-10-17 10:30:00,0.3580125
2019-10-18 10:30:00,0.35052502
2019-10-19 10:30:00,0.46400002
2019-10-20 10:30:00,0.43766248
2019-10-21 10:30:00,0.27226248
2019-10-22 10:30:00,0.30155
2019-10-23 10:30:00,0.390875
2019-10-24 10:30:00,0.73029995
2019-10-25 10:30:00,0.6062625
2019-10-26 10:30:00,0.6543875
2019-10-27 10:30:00,0.5553125
2019-10-28 10:30:00,0.677475
2019-10-29 10:30:00,0.37919998
2019-10-30 10:30:00,0.44472498
2019-10-31 10:30:00,0.2647125
2019-11-01 10:30:00,0.23958749
2019-11-02 10:30:00,0.33965
2019-11-03 10:30:00,0.33458748
2019-11-04 10:30:00,0.37476248
2019-11-05 10:30:00,0.2707375
2019-11-06 10:30:00,0.4582125
2019-11-07 10:30:00,0.34963748
2019-11-08 10:30:00,0.377625
2019-11-09 10:30:00,0.47902498
2019-11-10 10:30:00,0.42819998
2019-11-11 10:30:00,0.2207875
2019-11-12 10:30:00,0.662675
2019-11-13 10:30:00,0.49489996
2019-11-14 10:30:00,0.50294995
2019-11-15 10:30:00,0.44858748
2019-11-16 10:30:00,0.41638747
2019-11-17 10:30:00,0.60580003
2019-11-18 10:30:00,0.39279997
2019-11-19 10:30:00,0.436875
2019-11-20 10:30:00,0.493125
2019-11-21 10:30:00,0.6230125
2019-11-22 10:30:00,0.6497625
2019-11-23 10:30:00,0.3283125
2019-11-24 10:30:00,0.34945
2019-11-25 10:30:00,0.31188747
2019-11-26 10:30:00,0.3305375
2019-11-27 10:30:00,0.334375
2019-11-28 10:30:00,0.44327497
2019-11-29 10:30:00,0.4027375
2019-11-30 10:30:00,0.6193875
2019-12-01 10:30:00,0.492225
2019-12-02 10:30:00,0.35268748
2019-12-03 10:30:00,0.33162498
2019-12-04 10:30:00,0.37116247
2019-12-05 10:30:00,0.3844625
2019-12-06 10:30:00,0.4893125
2019-12-07 10:30:00,0.5253375
2019-12-08 10:30:00,0.6771375
2019-12-09 10:30:00,0.6575125
2019-12-10 10:30:00,0.68341243
2019-12-11 10:30:00,0.6461375
2019-12-12 10:30:00,0.58357495
2019-12-13 10:30:00,0.57533747
2019-12-14 10:30:00,0.62027496
2019-12-15 10:30:00,0.619375
2019-12-16 10:30:00,0.53921247
2019-12-17 10:30:00,0.45834997
2019-12-18 10:30:00,0.490725
2019-12-19 10:30:00,0.5173
2019-12-20 10:30:00,0.5079875
2019-12-21 10:30:00,0.6072125
2019-12-22 10:30:00,0.6623625
2019-12-23 10:30:00,0.5837125
2019-12-24 10:30:00,0.6706625
2019-12-25 10:30:00,0.70004994
2019-12-26 10:30:00,0.5560375
2019-12-27 10:30:00,0.64665
2019-12-28 10:30:00,0.67364997
2019-12-29 10:30:00,0.6576125
2019-12-30 10:30:00,0.5012125
2019-12-31 10:30:00,0.5020625
2020-01-01 10:30:00,0.5523875
2020-01-02 10:30:00,0.5394875
2020-01-03 10:30:00,0.6118625
2020-01-04 10:30:00,0.6396375
2020-01-05 10:30:00,0.68932503
2020-01-06 10:30:00,0.81661254
2020-01-07 10:30:00,0.74263746
2020-01-08 10:30:00,0.6766625
2020-01-09 10:30:00,0.661075
2020-01-10 10:30:00,0.66499996
2020-01-11 10:30:00,0.63188744
2020-01-12 10:30:00,0.5685125
2020-01-13 10:30:00,0.6628625
2020-01-14 10:30:00,0.6533625
2020-01-15 10:30:00,0.68402493
2020-01-16 10:30:00,0.62273747
2020-01-17 10:30:00,0.669075
2020-01-18 10:30:00,0.7591
2020-01-19 10:30:00,0.7564
2020-01-20 10:30:00,0.6109875
2020-01-21 10:30:00,0.649325
2020-01-22 10:30:00,0.5834875
2020-01-23 10:30:00,0.46537498
2020-01-24 10:30:00,0.5341
2020-01-25 10:30:00,0.6682125
2020-01-26 10:30:00,0.652825
2020-01-27 10:30:00,0.677925
2020-01-28 10:30:00,0.61305
2020-01-29 10:30:00,0.58889997
2020-01-30 10:30:00,0.64285004
2020-01-31 10:30:00,0.6504375
2020-02-01 10:30:00,0.435625
2020-02-02 10:30:00,0.42208752
2020-02-03 10:30:00,0.45419997
2020-02-04 10:30:00,0.4648125
2020-02-05 10:30:00,0.456275
2020-02-06 10:30:00,0.4693875
2020-02-07 10:30:00,0.5637625
2020-02-08 10:30:00,0.62903744
2020-02-09 10:30:00,0.65137494
2020-02-10 10:30:00,0.695775
2020-02-11 10:30:00,0.65437496
2020-02-12 10:30:00,0.68815
2020-02-13 10:30:00,0.66378754
2020-02-14 10:30:00,0.5063375
2020-02-15 10:30:00,0.5131625
2020-02-16 10:30:00,0.5698125
2020-02-17 10:30:00,0.45177495
2020-02-18 10:30:00,0.48553747
2020-02-19 10:30:00,0.4868125
2020-02-20 10:30:00,0.61943746
2020-02-21 10:30:00,0.789475
2020-02-22 10:30:00,0.5908125
2020-02-23 10:30:00,0.52625
2020-02-24 10:30:00,0.505
2020-02-25 10:30:00,0.5721
2020-02-26 10:30:00,0.47515
2020-02-27 10:30:00,0.5052125
2020-02-28 10:30:00,0.766725
2020-02-29 10:30:00,0.67301244
2020-03-01 10:30:00,0.6241125
2020-03-02 10:30:00,0.64646244
2020-03-03 10:30:00,0.7638125
2020-03-04 10:30:00,0.594975
2020-03-05 10:30:00,0.58261245
2020-03-06 10:30:00,0.73472494
2020-03-07 10:30:00,0.50857496
2020-03-08 10:30:00,0.49689996
2020-03-09 10:30:00,0.366925
2020-03-10 10:30:00,0.6257375
2020-03-11 10:30:00,0.38167498
2020-03-12 10:30:00,0.210175
2020-03-13 10:30:00,0.43346247
2020-03-14 10:30:00,0.366675
2020-03-15 10:30:00,0.29225
2020-03-16 10:30:00,0.36034998
2020-03-17 10:30:00,0.3674875
2020-03-18 10:30:00,0.401525
2020-03-19 10:30:00,0.43739998
2020-03-20 10:30:00,0.33021247
2020-03-21 10:30:00,0.24501249
2020-03-22 10:30:00,0.3676875
2020-03-23 10:30:00,0.32964998
2020-03-24 10:30:00,0.34486252
2020-03-25 10:30:00,0.3845375
2020-03-26 10:30:00,0.201275
2020-03-27 10:30:00,0.27546248
2020-03-28 10:30:00,0.23223749
2020-03-29 10:30:00,0.16858749
2020-03-30 10:30:00,0.1724
2020-03-31 10:30:00,0.18081251
2020-04-01 10:30:00,0.1932625
2020-04-02 10:30:00,0.24720001
2020-04-03 10:30:00,0.23171249
2020-04-04 10:30:00,0.1615625
2020-04-05 10:30:00,0.122425
2020-04-06 10:30:00,0.2906625
2020-04-07 10:30:00,0.3023375
2020-04-08 10:30:00,0.35228747
2020-04-09 10:30:00,0.2785
2020-04-10 10:30:00,0.1444375
2020-04-11 10:30:00,0.1860625
2020-04-12 10:30:00,0.12475
2020-04-13 10:30:00,0.1557
2020-04-14 10:30:00,0.313525
2020-04-15 10:30:00,0.3018375
2020-04-16 10:30:00,0.46054998
2020-04-17 10:30:00,0.2545375
2020-04-18 10:30:00,0.18217498
2020-04-19 10:30:00,0.6121625
2020-04-20 10:30:00,0.8670875
2020-04-21 10:30:00,0.8555749
2020-04-22 10:30:00,0.59748745
2020-04-23 10:30:00,0.4652
2020-04-24 10:30:00,0.6401375
2020-04-25 10:30:00,0.487625
2020-04-26 10:30:00,0.456225
2020-04-27 10:30:00,0.3409875
2020-04-28 10:30:00,0.51975
2020-04-29 10:30:00,0.36761248
2020-04-30 10:30:00,0.3664375
2020-05-01 10:30:00,0.2863875
2020-05-02 10:30:00,0.37195
2020-05-03 10:30:00,0.668975
2020-05-04 10:30:00,0.51998746
2020-05-05 10:30:00,0.4265625
2020-05-06 10:30:00,0.2831375
2020-05-07 10:30:00,0.38853753
2020-05-08 10:30:00,0.22598751
2020-05-09 10:30:00,0.34206247
2020-05-10 10:30:00,0.47095
2020-05-11 10:30:00,0.5507
2020-05-12 10:30:00,0.3580125
2020-05-13 10:30:00,0.30479997
2020-05-14 10:30:00,0.265125
2020-05-15 10:30:00,0.4765125
2020-05-16 10:30:00,0.7155375
2020-05-17 10:30:00,0.8693875
2020-05-18 10:30:00,0.65348744
2020-05-19 10:30:00,0.6434125
2020-05-20 10:30:00,0.64466244
2020-05-21 10:30:00,0.66144997
2020-05-22 10:30:00,0.81796247
2020-05-23 10:30:00,0.69103754
2020-05-24 10:30:00,0.49906248
2020-05-25 10:30:00,0.5455875
2020-05-26 10:30:00,0.3493
2020-05-27 10:30:00,0.4030625
2020-05-28 10:30:00,0.421375
2020-05-29 10:30:00,0.45033747
2020-05-30 10:30:00,0.524
2020-05-31 10:30:00,0.77416253
2020-06-01 10:30:00,0.5984375
2020-06-02 10:30:00,0.5964125
2020-06-03 10:30:00,0.669225
2020-06-04 10:30:00,0.7071375
2020-06-05 10:30:00,0.52075
2020-06-06 10:30:00,0.51766247
2020-06-07 10:30:00,0.582425
2020-06-08 10:30:00,0.619425
2020-06-09 10:30:00,0.4186875
2020-06-10 10:30:00,0.78315
2020-06-11 10:30:00,0.518875
2020-06-12 10:30:00,0.6203875
2020-06-13 10:30:00,0.737225
2020-06-14 10:30:00,0.54564995
2020-06-15 10:30:00,0.5078125
2020-06-16 10:30:00,0.6066875
2020-06-17 10:30:00,0.61777496
2020-06-18 10:30:00,0.61395
2020-06-19 10:30:00,0.6565125
2020-06-20 10:30:00,0.8271499
2020-06-21 10:30:00,0.68872494
2020-06-22 10:30:00,0.82878745
2020-06-23 10:30:00,0.895625
2020-06-24 10:30:00,0.743075
2020-06-25 10:30:00,0.7319625
2020-06-26 10:30:00,0.66237503
2020-06-27 10:30:00,0.63734996
2020-06-28 10:30:00,0.70613754
2020-06-29 10:30:00,0.6667875
2020-06-30 10:30:00,0.6312125
2020-07-01 10:30:00,0.5244375
2020-07-02 10:30:00,0.59748745
2020-07-03 10:30:00,0.6025875
2020-07-04 10:30:00,0.77096254
2020-07-05 10:30:00,0.72833747
2020-07-06 10:30:00,0.71521246
2020-07-07 10:30:00,0.52007496
2020-07-08 10:30:00,0.504225
2020-07-09 10:30:00,0.6052
2020-07-10 10:30:00,0.6397375
2020-07-11 10:30:00,0.7026875
2020-07-12 10:30:00,0.73175
2020-07-13 10:30:00,0.579825
2020-07-14 10:30:00,0.64956254
2020-07-15 10:30:00,0.61765
2020-07-16 10:30:00,0.61495
2020-07-17 10:30:00,0.68831253
2020-07-18 10:30:00,0.62843746
2020-07-19 10:30:00,0.65625
2020-07-20 10:30:00,0.6004125
2020-07-21 10:30:00,0.4658375
2020-07-22 10:30:00,0.72818744
2020-07-23 10:30:00,0.6187125
2020-07-24 10:30:00,0.5955625
2020-07-25 10:30:00,0.6610375
2020-07-26 10:30:00,0.6207625
2020-07-27 10:30:00,0.67184997
2020-07-28 10:30:00,0.7836
2020-07-29 10:30:00,0.85421246
2020-07-30 10:30:00,0.756625
2020-07-31 10:30:00,0.7295625
2020-08-01 10:30:00,0.70573753
2020-08-02 10:30:00,0.9012375
2020-08-03 10:30:00,0.8596875
2020-08-04 10:30:00,0.849475
2020-08-05 10:30:00,0.73690003
2020-08-06 10:30:00,0.68567497
2020-08-07 10:30:00,0.83617496
2020-08-08 10:30:00,0.8786875
2020-08-09 10:30:00,0.8127625
2020-08-10 10:30:00,0.73109996
2020-08-11 10:30:00,0.6812875
2020-08-12 10:30:00,0.62865
2020-08-13 10:30:00,0.9717624
2020-08-14 10:30:00,0.8349624
2020-08-15 10:30:00,0.74944997
2020-08-16 10:30:00,0.735975
2020-08-17 10:30:00,0.8104625
2020-08-18 10:30:00,0.69285
2020-08-19 10:30:00,0.580825
2020-08-20 10:30:00,0.48433748
2020-08-21 10:30:00,0.542975
2020-08-22 10:30:00,0.61878747
2020-08-23 10:30:00,0.77565
2020-08-24 10:30:00,0.8877375
2020-08-25 10:30:00,0.6389
2020-08-26 10:30:00,0.74334997
2020-08-27 10:30:00,0.92870003
2020-08-28 10:30:00,0.9327625
2020-08-29 10:30:00,0.8192875
2020-08-30 10:30:00,0.91538745
2020-08-31 10:30:00,0.78508747
2020-09-01 10:30:00,0.67812496
2020-09-02 10:30:00,0.6229625
2020-09-03 10:30:00,0.7793
2020-09-04 10:30:00,0.77405
2020-09-05 10:30:00,0.716725
2020-09-06 10:30:00,0.716525
2020-09-07 10:30:00,0.7698625
2020-09-08 10:30:00,0.805425
2020-09-09 10:30:00,0.8083625
2020-09-10 10:30:00,0.726325
2020-09-11 10:30:00,0.72777504
2020-09-12 10:30:00,0.71498746
2020-09-13 10:30:00,0.82934994
2020-09-14 10:30:00,0.8739125
2020-09-15 10:30:00,0.864275
2020-09-16 10:30:00,0.8121
2020-09-17 10:30:00,0.83958745
2020-09-18 10:30:00,0.81208754
2020-09-19 10:30:00,0.69699997
2020-09-20 10:30:00,0.7348625
2020-09-21 10:30:00,0.82084996
2020-09-22 10:30:00,0.65949994
2020-09-23 10:30:00,0.615725
2020-09-24 10:30:00,0.72147495
2020-09-25 10:30:00,0.7050125
2020-09-26 10:30:00,0.73230004
2020-09-27 10:30:00,0.5898125
2020-09-28 10:30:00,0.6008375
2020-09-29 10:30:00,0.52865
2020-09-30 10:30:00,0.5436625
2020-10-01 10:30:00,0.73793745
2020-10-02 10:30:00,0.7881749
2020-10-03 10:30:00,0.5339125
2020-10-04 10:30:00,0.7041
2020-10-05 10:30:00,0.49435002
2020-10-06 10:30:00,0.59293747
2020-10-07 10:30:00,0.49109998
2020-10-08 10:30:00,0.67162496
2020-10-09 10:30:00,0.6008125
2020-10-10 10:30:00,0.3619125
2020-10-11 10:30:00,0.4155125
2020-10-12 10:30:00,0.4163125
2020-10-13 10:30:00,0.51471245
2020-10-14 10:30:00,0.45308748
2020-10-15 10:30:00,0.3852875
2020-10-16 10:30:00,0.4301625
2020-10-17 10:30:00,0.4142625
2020-10-18 10:30:00,0.391175
2020-10-19 10:30:00,0.41408747
2020-10-20 10:30:00,0.3554125
2020-10-21 10:30:00,0.45363748
2020-10-22 10:30:00,0.37562498
2020-10-23 10:30:00,0.3944875
2020-10-24 10:30:00,0.32955
2020-10-25 10:30:00,0.497425
2020-10-26 10:30:00,0.4509125
2020-10-27 10:30:00,0.391125
2020-10-28 10:30:00,0.4423125
2020-10-29 10:30:00,0.43825
2020-10-30 10:30:00,0.376425
2020-10-31 10:30:00,0.5121
2020-11-01 10:30:00,0.4748
2020-11-02 10:30:00,0.373675
2020-11-03 10:30:00,0.318225
2020-11-04 10:30:00,0.3607125
2020-11-05 10:30:00,0.4660875
2020-11-06 10:30:00,0.41021252
2020-11-07 10:30:00,0.43451247
2020-11-08 10:30:00,0.3891
2020-11-09 10:30:00,0.41207498
2020-11-10 10:30:00,0.5649125
2020-11-11 10:30:00,0.492375
2020-11-12 10:30:00,0.46544996
2020-11-13 10:30:00,0.37763748
2020-11-14 10:30:00,0.3966875
2020-11-15 10:30:00,0.5569625
2020-11-16 10:30:00,0.5614125
2020-11-17 10:30:00,0.63465
2020-11-18 10:30:00,0.4979875
2020-11-19 10:30:00,0.33650002
2020-11-20 10:30:00,0.34452498
2020-11-21 10:30:00,0.40847498
2020-11-22 10:30:00,0.4552125
2020-11-23 10:30:00,0.5119625
2020-11-24 10:30:00,0.65637493
2020-11-25 10:30:00,0.4797375
2020-11-26 10:30:00,0.48628747
2020-11-27 10:30:00,0.44755
2020-11-28 10:30:00,0.47437498
2020-11-29 10:30:00,0.489625
2020-11-30 10:30:00,0.45927498
2020-12-01 10:30:00,0.49625
2020-12-02 10:30:00,0.4994625
2020-12-03 10:30:00,0.446375
2020-12-04 10:30:00,0.47275
2020-12-05 10:30:00,0.51175
2020-12-06 10:30:00,0.49546248
2020-12-07 10:30:00,0.452375
2020-12-08 10:30:00,0.415675
2020-12-09 10:30:00,0.44881248
2020-12-10 10:30:00,0.460875
2020-12-11 10:30:00,0.43412498
2020-12-12 10:30:00,0.419975
2020-12-13 10:30:00,0.4218
2020-12-14 10:30:00,0.3967875
2020-12-15 10:30:00,0.34412497
2020-12-16 10:30:00,0.420325
2020-12-17 10:30:00,0.36404997
2020-12-18 10:30:00,0.3344875
2020-12-19 10:30:00,0.40189996
2020-12-20 10:30:00,0.427225
2020-12-21 10:30:00,0.36194998
2020-12-22 10:30:00,0.489925
2020-12-23 10:30:00,0.6753
2020-12-24 10:30:00,0.6296875
2020-12-25 10:30:00,0.5386625
2020-12-26 10:30:00,0.64817494
2020-12-27 10:30:00,0.6725
2020-12-28 10:30:00,0.509475
2020-12-29 10:30:00,0.39842498
2020-12-30 10:30:00,0.4149125
2020-12-31 10:30:00,0.39025
2021-01-01 10:30:00,0.43685
2021-01-02 10:30:00,0.4160125
2021-01-03 10:30:00,0.44395
2021-01-04 10:30:00,0.42113748
2021-01-05 10:30:00,0.40711248
2021-01-06 10:30:00,0.4966375
2021-01-07 10:30:00,0.4134
2021-01-08 10:30:00,0.42459998
2021-01-09 10:30:00,0.45588753
2021-01-10 10:30:00,0.43785
2021-01-11 10:30:00,0.44568747
2021-01-12 10:30:00,0.7633
2021-01-13 10:30:00,0.5369125
2021-01-14 10:30:00,0.52634996
2021-01-15 10:30:00,0.5437125
2021-01-16 10:30:00,0.53043747
2021-01-17 10:30:00,0.5128
2021-01-18 10:30:00,0.42389998
2021-01-19 10:30:00,0.50355
2021-01-20 10:30:00,0.57035
2021-01-21 10:30:00,0.6658125
2021-01-22 10:30:00,0.4906625
2021-01-23 10:30:00,0.583425
2021-01-24 10:30:00,0.58575
2021-01-25 10:30:00,0.540375
2021-01-26 10:30:00,0.39994997
2021-01-27 10:30:00,0.3629125
2021-01-28 10:30:00,0.34893748
2021-01-29 10:30:00,0.606875
2021-01-30 10:30:00,0.69373745
2021-01-31 10:30:00,0.74913746
2021-02-01 10:30:00,0.580575
2021-02-02 10:30:00,0.4470375
2021-02-03 10:30:00,0.44584998
2021-02-04 10:30:00,0.63296247
2021-02-05 10:30:00,0.6365375
2021-02-06 10:30:00,0.5255625
2021-02-07 10:30:00,0.47697502
2021-02-08 10:30:00,0.490275
2021-02-09 10:30:00,0.53415
2021-02-10 10:30:00,0.552525
2021-02-11 10:30:00,0.48915
2021-02-12 10:30:00,0.38588747
2021-02-13 10:30:00,0.44044998
2021-02-14 10:30:00,0.338375
2021-02-15 10:30:00,0.3286125
2021-02-16 10:30:00,0.321675
2021-02-17 10:30:00,0.26555
2021-02-18 10:30:00,0.3508125
2021-02-19 10:30:00,0.3788625
2021-02-20 10:30:00,0.548725
2021-02-21 10:30:00,0.72438747
2021-02-22 10:30:00,0.3948125
2021-02-23 10:30:00,0.3982875
2021-02-24 10:30:00,0.4782
2021-02-25 10:30:00,0.3507875
2021-02-26 10:30:00,0.5410875
2021-02-27 10:30:00,0.5881125
2021-02-28 10:30:00,0.3195875
2021-03-01 10:30:00,0.4320875
2021-03-02 10:30:00,0.5682
2021-03-03 10:30:00,0.4606
2021-03-04 10:30:00,0.4682
2021-03-05 10:30:00,0.2801
2021-03-06 10:30:00,0.28757498
2021-03-07 10:30:00,0.3275
2021-03-08 10:30:00,0.3707125
2021-03-09 10:30:00,0.1874875
2021-03-10 10:30:00,0.2901625
2021-03-11 10:30:00,0.33331248
2021-03-12 10:30:00,0.25736248
2021-03-13 10:30:00,0.3201125
2021-03-14 10:30:00,0.4991375
2021-03-15 10:30:00,0.31081247
2021-03-16 10:30:00,0.1645
2021-03-17 10:30:00,0.2569625
2021-03-18 10:30:00,0.256225
2021-03-19 10:30:00,0.33857498
2021-03-20 10:30:00,0.695225
2021-03-21 10:30:00,0.4168
2021-03-22 10:30:00,0.3523
2021-03-23 10:30:00,0.3328125
2021-03-24 10:30:00,0.33052498
2021-03-25 10:30:00,0.4764875
2021-03-26 10:30:00,0.7944125
2021-03-27 10:30:00,0.356475
2021-03-28 10:30:00,0.4681
2021-03-29 10:30:00,0.3835125
2021-03-30 10:30:00,0.2928375
2021-03-31 10:30:00,0.3965375
2021-04-01 10:30:00,0.34366247
2021-04-02 10:30:00,0.3329375
2021-04-03 10:30:00,0.24492499
2021-04-04 10:30:00,0.2159625
2021-04-05 10:30:00,0.2112125
2021-04-06 10:30:00,0.17748751
2021-04-07 10:30:00,0.28135
2021-04-08 10:30:00,0.26067498
2021-04-09 10:30:00,0.2591125
2021-04-10 10:30:00,0.2696375
2021-04-11 10:30:00,0.4297875
2021-04-12 10:30:00,0.7470375
2021-04-13 10:30:00,0.45
2021-04-14 10:30:00,0.32509997
2021-04-15 10:30:00,0.5345375
2021-04-16 10:30:00,0.92178744
2021-04-17 10:30:00,0.52068746
2021-04-18 10:30:00,0.4636125
2021-04-19 10:30:00,0.2267625
2021-04-20 10:30:00,0.2537375
2021-04-21 10:30:00,0.325075
2021-04-22 10:30:00,0.48513752
2021-04-23 10:30:00,0.5585
2021-04-24 10:30:00,0.24492499
2021-04-25 10:30:00,0.27603748
2021-04-26 10:30:00,0.35794997
2021-04-27 10:30:00,0.305975
2021-04-28 10:30:00,0.3181375
2021-04-29 10:30:00,0.57248753
2021-04-30 10:30:00,0.5534375
2021-05-01 10:30:00,0.6065375
2021-05-02 10:30:00,0.36068746
2021-05-03 10:30:00,0.408525
2021-05-04 10:30:00,0.44577497
2021-05-05 10:30:00,0.4772625
2021-05-06 10:30:00,0.51831245
2021-05-07 10:30:00,0.8658
2021-05-08 10:30:00,0.616875
2021-05-09 10:30:00,0.4854
2021-05-10 10:30:00,0.36650002
2021-05-11 10:30:00,0.3773375
2021-05-12 10:30:00,0.272025
2021-05-13 10:30:00,0.298425
2021-05-14 10:30:00,0.78288746
2021-05-15 10:30:00,0.3156625
2021-05-16 10:30:00,0.2586875
2021-05-17 10:30:00,0.27831247
2021-05-18 10:30:00,0.397925
2021-05-19 10:30:00,0.45293748
2021-05-20 10:30:00,0.6180625
2021-05-21 10:30:00,0.47877496
2021-05-22 10:30:00,0.3451125
2021-05-23 10:30:00,0.396725
2021-05-24 10:30:00,0.35075
2021-05-25 10:30:00,0.3046875
2021-05-26 10:30:00,0.3499375
2021-05-27 10:30:00,0.5582375
2021-05-28 10:30:00,0.644125
2021-05-29 10:30:00,0.461075
2021-05-30 10:30:00,0.64577496
2021-05-31 10:30:00,0.58665
2021-06-01 10:30:00,0.44233748
2021-06-02 10:30:00,0.9382875
2021-06-03 10:30:00,0.77911246
2021-06-04 10:30:00,0.8247875
2021-06-05 10:30:00,0.845925
2021-06-06 10:30:00,0.6047125
2021-06-07 10:30:00,0.503825
2021-06-08 10:30:00,0.5911625
2021-06-09 10:30:00,0.74854994
2021-06-10 10:30:00,0.56624997
2021-06-11 10:30:00,0.5055625
2021-06-12 10:30:00,0.692425
2021-06-13 10:30:00,0.60095
2021-06-14 10:30:00,0.96226245
2021-06-15 10:30:00,0.729575
2021-06-16 10:30:00,0.7825125
2021-06-17 10:30:00,0.533475
2021-06-18 10:30:00,0.6526125
2021-06-19 10:30:00,0.75778747
2021-06-20 10:30:00,0.88124996
2021-06-21 10:30:00,0.7838749
2021-06-22 10:30:00,0.6348625
2021-06-23 10:30:00,0.4757
2021-06-24 10:30:00,0.5061375
2021-06-25 10:30:00,0.671425
2021-06-26 10:30:00,0.79809994
2021-06-27 10:30:00,0.823675
2021-06-28 10:30:00,0.7741
2021-06-29 10:30:00,0.667875
2021-06-30 10:30:00,0.83855003
2021-07-01 10:30:00,0.8777875
2021-07-02 10:30:00,0.8744875
2021-07-03 10:30:00,0.8928
2021-07-04 10:30:00,0.9413
2021-07-05 10:30:00,0.7896125
2021-07-06 10:30:00,0.8524375
2021-07-07 10:30:00,0.9764625
2021-07-08 10:30:00,0.9551
2021-07-09 10:30:00,0.910875
2021-07-10 10:30:00,0.813075
2021-07-11 10:30:00,0.7916749
2021-07-12 10:30:00,0.95332503
2021-07-13 10:30:00,0.9399375
2021-07-14 10:30:00,0.99904996
2021-07-15 10:30:00,0.93925
2021-07-16 10:30:00,0.9468125
2021-07-17 10:30:00,0.9002
2021-07-18 10:30:00,0.85122496
2021-07-19 10:30:00,0.8837625
2021-07-20 10:30:00,0.8900875
2021-07-21 10:30:00,0.8555625
2021-07-22 10:30:00,0.91815
2021-07-23 10:30:00,0.832325
2021-07-24 10:30:00,0.953725
2021-07-25 10:30:00,0.9486875
2021-07-26 10:30:00,0.995575
2021-07-27 10:30:00,0.928925
2021-07-28 10:30:00,0.8692875
2021-07-29 10:30:00,0.85511243
2021-07-30 10:30:00,0.94023746
2021-07-31 10:30:00,0.99684995
2021-08-01 10:30:00,0.9026375
2021-08-02 10:30:00,0.90488744
2021-08-03 10:30:00,0.99784994
2021-08-04 10:30:00,0.91981244
2021-08-05 10:30:00,0.73050004
2021-08-06 10:30:00,0.75934994
2021-08-07 10:30:00,0.79399997
2021-08-08 10:30:00,0.91622496
2021-08-09 10:30:00,0.9644
2021-08-10 10:30:00,0.8781625
2021-08-11 10:30:00,0.999
2021-08-12 10:30:00,0.84217495
2021-08-13 10:30:00,0.97555
2021-08-14 10:30:00,0.9159375
2021-08-15 10:30:00,0.86012495
2021-08-16 10:30:00,0.81025
2021-08-17 10:30:00,0.8247
2021-08-18 10:30:00,0.7912
2021-08-19 10:30:00,0.8414125
2021-08-20 10:30:00,0.983225
2021-08-21 10:30:00,0.9091
2021-08-22 10:30:00,0.8428375
2021-08-23 10:30:00,0.880575
2021-08-24 10:30:00,0.8527625
2021-08-25 10:30:00,0.96815
2021-08-26 10:30:00,0.90777504
2021-08-27 10:30:00,0.82645005
2021-08-28 10:30:00,0.92744994
2021-08-29 10:30:00,0.71487504
2021-08-30 10:30:00,0.714125
2021-08-31 10:30:00,0.81887496
2021-09-01 10:30:00,0.733575
2021-09-02 10:30:00,0.8531749
2021-09-03 10:30:00,0.9272
2021-09-04 10:30:00,0.79749995
2021-09-05 10:30:00,0.842425
2021-09-06 10:30:00,0.9954625
2021-09-07 10:30:00,0.70535004
2021-09-08 10:30:00,0.9177749
2021-09-09 10:30:00,0.998275
2021-09-10 10:30:00,0.6757625
2021-09-11 10:30:00,0.73574996
2021-09-12 10:30:00,0.68724996
2021-09-13 10:30:00,0.797375
2021-09-14 10:30:00,0.8159625
2021-09-15 10:30:00,0.94154996
2021-09-16 10:30:00,0.6185625
2021-09-17 10:30:00,0.64678746
2021-09-18 10:30:00,0.719075
2021-09-19 10:30:00,0.8275
2021-09-20 10:30:00,0.91042495
2021-09-21 10:30:00,0.8564875
2021-09-22 10:30:00,0.8143
2021-09-23 10:30:00,0.6373375
2021-09-24 10:30:00,0.73515
2021-09-25 10:30:00,0.945475
2021-09-26 10:30:00,0.99927497
2021-09-27 10:30:00,0.52186245
2021-09-28 10:30:00,0.5877625
2021-09-29 10:30:00,0.4732
2021-09-30 10:30:00,0.6447125
2021-10-01 10:30:00,0.52705
2021-10-02 10:30:00,0.627
2021-10-03 10:30:00,0.83846253
2021-10-04 10:30:00,0.6906
2021-10-05 10:30:00,0.531775
2021-10-06 10:30:00,0.71038747
2021-10-07 10:30:00,0.57535
2021-10-08 10:30:00,0.4933875
2021-10-09 10:30:00,0.45724997
2021-10-10 10:30:00,0.4163375
2021-10-11 10:30:00,0.3890125
2021-10-12 10:30:00,0.3964875
2021-10-13 10:30:00,0.65988743
2021-10-14 10:30:00,0.4864625
2021-10-15 10:30:00,0.436025
2021-10-16 10:30:00,0.3791375
2021-10-17 10:30:00,0.400675
2021-10-18 10:30:00,0.5612625
2021-10-19 10:30:00,0.472125
2021-10-20 10:30:00,0.4154625
2021-10-21 10:30:00,0.5265625
2021-10-22 10:30:00,0.44256246
2021-10-23 10:30:00,0.40862498
2021-10-24 10:30:00,0.33103752
2021-10-25 10:30:00,0.29575
2021-10-26 10:30:00,0.41294998
2021-10-27 10:30:00,0.373375
2021-10-28 10:30:00,0.449375
2021-10-29 10:30:00,0.503475
2021-10-30 10:30:00,0.6186625
2021-10-31 10:30:00,0.4591625
2021-11-01 10:30:00,0.33991247
2021-11-02 10:30:00,0.58205
2021-11-03 10:30:00,0.6724375
2021-11-04 10:30:00,0.905325
2021-11-05 10:30:00,0.95364994
2021-11-06 10:30:00,0.54029995
2021-11-07 10:30:00,0.51296246
2021-11-08 10:30:00,0.9408249
2021-11-09 10:30:00,0.9572374
2021-11-10 10:30:00,0.721575
2021-11-11 10:30:00,0.4164875
2021-11-12 10:30:00,0.41239998
2021-11-13 10:30:00,0.430975
2021-11-14 10:30:00,0.6696625
2021-11-15 10:30:00,0.6551875
2021-11-16 10:30:00,0.82995003
2021-11-17 10:30:00,0.6173
2021-11-18 10:30:00,0.5139875
2021-11-19 10:30:00,0.6452125
2021-11-20 10:30:00,0.8515625
2021-11-21 10:30:00,0.88957494
2021-11-22 10:30:00,0.6274
2021-11-23 10:30:00,0.4813625
2021-11-24 10:30:00,0.50607497
2021-11-25 10:30:00,0.54424995
2021-11-26 10:30:00,0.527975
2021-11-27 10:30:00,0.8751625
2021-11-28 10:30:00,0.9568125
2021-11-29 10:30:00,0.806275
2021-11-30 10:30:00,0.62333745
2021-12-01 10:30:00,0.55979997
2021-12-02 10:30:00,0.59135
2021-12-03 10:30:00,0.50098747
2021-12-04 10:30:00,0.6168
2021-12-05 10:30:00,0.52967495
2021-12-06 10:30:00,0.44897497
2021-12-07 10:30:00,0.69699997
2021-12-08 10:30:00,0.90705
2021-12-09 10:30:00,0.8804125
2021-12-10 10:30:00,0.7592125
2021-12-11 10:30:00,0.54376245
2021-12-12 10:30:00,0.507725
2021-12-13 10:30:00,0.6276249
2021-12-14 10:30:00,0.54435
2021-12-15 10:30:00,0.8313625
2021-12-16 10:30:00,0.6565
2021-12-17 10:30:00,0.5342625
2021-12-18 10:30:00,0.5972125
2021-12-19 10:30:00,0.565225
2021-12-20 10:30:00,0.473225
2021-12-21 10:30:00,0.5082375
2021-12-22 10:30:00,0.59674996
2021-12-23 10:30:00,0.5572625
2021-12-24 10:30:00,0.50163746
2021-12-25 10:30:00,0.5095375
2021-12-26 10:30:00,0.5595
2021-12-27 10:30:00,0.5770375
2021-12-28 10:30:00,0.72622496
2021-12-29 10:30:00,0.62102497
2021-12-30 10:30:00,0.5282125
2021-12-31 10:30:00,0.51294994
2022-01-01 10:30:00,0.5569
2022-01-02 10:30:00,0.4898375
2022-01-03 10:30:00,0.4790625
2022-01-04 10:30:00,0.58463746
2022-01-05 10:30:00,0.680375
2022-01-06 10:30:00,0.7368125
2022-01-07 10:30:00,0.8489375
2022-01-08 10:30:00,0.703775
2022-01-09 10:30:00,0.65435
2022-01-10 10:30:00,0.773525
2022-01-11 10:30:00,0.5713375
2022-01-12 10:30:00,0.58015
2022-01-13 10:30:00,0.5944625
2022-01-14 10:30:00,0.7227625
2022-01-15 10:30:00,0.5434
2022-01-16 10:30:00,0.542075
2022-01-17 10:30:00,0.57194996
2022-01-18 10:30:00,0.7452
2022-01-19 10:30:00,0.52639997
2022-01-20 10:30:00,0.6291625
2022-01-21 10:30:00,0.7262
2022-01-22 10:30:00,0.7209625
2022-01-23 10:30:00,0.7710375
2022-01-24 10:30:00,0.66991246
2022-01-25 10:30:00,0.87520003
2022-01-26 10:30:00,0.5907625
2022-01-27 10:30:00,0.4774375
2022-01-28 10:30:00,0.4397375
2022-01-29 10:30:00,0.4199375
2022-01-30 10:30:00,0.46389997
2022-01-31 10:30:00,0.5082875
2022-02-01 10:30:00,0.43785
2022-02-02 10:30:00,0.48385
2022-02-03 10:30:00,0.42403752
2022-02-04 10:30:00,0.4288
2022-02-05 10:30:00,0.49264997
2022-02-06 10:30:00,0.43121248
2022-02-07 10:30:00,0.50385
2022-02-08 10:30:00,0.61592495
2022-02-09 10:30:00,0.7492375
2022-02-10 10:30:00,0.8574375
2022-02-11 10:30:00,0.901725
2022-02-12 10:30:00,0.74955
2022-02-13 10:30:00,0.731825
2022-02-14 10:30:00,0.63467497
2022-02-15 10:30:00,0.5990375
2022-02-16 10:30:00,0.737075
2022-02-17 10:30:00,0.6099875
2022-02-18 10:30:00,0.8426
2022-02-19 10:30:00,0.62185
2022-02-20 10:30:00,0.4526
2022-02-21 10:30:00,0.504575
2022-02-22 10:30:00,0.49261248
2022-02-23 10:30:00,0.44724998
2022-02-24 10:30:00,0.4574
2022-02-25 10:30:00,0.43607497
2022-02-26 10:30:00,0.46025
2022-02-27 10:30:00,0.4506
2022-02-28 10:30:00,0.4163125
2022-03-01 10:30:00,0.419875
2022-03-02 10:30:00,0.50553745
2022-03-03 10:30:00,0.504375
2022-03-04 10:30:00,0.35666248
2022-03-05 10:30:00,0.3105375
2022-03-06 10:30:00,0.42139998
2022-03-07 10:30:00,0.45215
2022-03-08 10:30:00,0.465825
2022-03-09 10:30:00,0.5061125
2022-03-10 10:30:00,0.22241248
2022-03-11 10:30:00,0.21906249
2022-03-12 10:30:00,0.85675
2022-03-13 10:30:00,0.82245
2022-03-14 10:30:00,0.72964996
2022-03-15 10:30:00,0.78287494
2022-03-16 10:30:00,0.37176248
2022-03-17 10:30:00,0.449175
2022-03-18 10:30:00,0.4701875
2022-03-19 10:30:00,0.34542498
2022-03-20 10:30:00,0.3428875
2022-03-21 10:30:00,0.3328625
2022-03-22 10:30:00,0.2832375
2022-03-23 10:30:00,0.485025
2022-03-24 10:30:00,0.7321875
2022-03-25 10:30:00,0.7759375
2022-03-26 10:30:00,0.51305
2022-03-27 10:30:00,0.36471248
2022-03-28 10:30:00,0.3341125
2022-03-29 10:30:00,0.24509999
2022-03-30 10:30:00,0.21553749
2022-03-31 10:30:00,0.22545
2022-04-01 10:30:00,0.2566875
2022-04-02 10:30:00,0.272725
2022-04-03 10:30:00,0.2822875
2022-04-04 10:30:00,0.3851125
2022-04-05 10:30:00,0.2779125
2022-04-06 10:30:00,0.233875
2022-04-07 10:30:00,0.270075
2022-04-08 10:30:00,0.31428748
2022-04-09 10:30:00,0.2422875
2022-04-10 10:30:00,0.3154375
2022-04-11 10:30:00,0.3645375
2022-04-12 10:30:00,0.262525
2022-04-13 10:30:00,0.3214875
2022-04-14 10:30:00,0.35127503
2022-04-15 10:30:00,0.25904998
2022-04-16 10:30:00,0.2209875
2022-04-17 10:30:00,0.3101
2022-04-18 10:30:00,0.3017625
2022-04-19 10:30:00,0.18374999
2022-04-20 10:30:00,0.337425
2022-04-21 10:30:00,0.8652375
2022-04-22 10:30:00,0.31772497
2022-04-23 10:30:00,0.4082
2022-04-24 10:30:00,0.483025
2022-04-25 10:30:00,0.6706375
2022-04-26 10:30:00,0.52286243
2022-04-27 10:30:00,0.2793125
2022-04-28 10:30:00,0.2700875
2022-04-29 10:30:00,0.7474375
2022-04-30 10:30:00,0.55237496
2022-05-01 10:30:00,0.62502503
2022-05-02 10:30:00,0.407275
2022-05-03 10:30:00,0.65248746
2022-05-04 10:30:00,0.577325
2022-05-05 10:30:00,0.80732495
2022-05-06 10:30:00,0.3477
2022-05-07 10:30:00,0.29521248
2022-05-08 10:30:00,0.292275
2022-05-09 10:30:00,0.234525
2022-05-10 10:30:00,0.6653375
2022-05-11 10:30:00,0.43206248
2022-05-12 10:30:00,0.5726875
2022-05-13 10:30:00,0.52622503
2022-05-14 10:30:00,0.3869125
2022-05-15 10:30:00,0.366025
2022-05-16 10:30:00,0.3107125
2022-05-17 10:30:00,0.53919995
2022-05-18 10:30:00,0.3339875
2022-05-19 10:30:00,0.39701247
2022-05-20 10:30:00,0.3583
2022-05-21 10:30:00,0.45415
2022-05-22 10:30:00,0.37845
2022-05-23 10:30:00,0.4127625
2022-05-24 10:30:00,0.901025
2022-05-25 10:30:00,0.5667625
2022-05-26 10:30:00,0.4308875
2022-05-27 10:30:00,0.336925
2022-05-28 10:30:00,0.4221125
2022-05-29 10:30:00,0.99872494
2022-05-30 10:30:00,0.62918746
2022-05-31 10:30:00,0.69343746
2022-06-01 10:30:00,0.69866246
2022-06-02 10:30:00,0.548375
2022-06-03 10:30:00,0.5890125
2022-06-04 10:30:00,0.8387875
2022-06-05 10:30:00,0.99598753
2022-06-06 10:30:00,0.79035
2022-06-07 10:30:00,0.9973875
2022-06-08 10:30:00,0.84981245
2022-06-09 10:30:00,0.6677625
2022-06-10 10:30:00,0.645625
2022-06-11 10:30:00,0.630225
2022-06-12 10:30:00,0.8208875
2022-06-13 10:30:00,0.83448744
2022-06-14 10:30:00,0.769625
2022-06-15 10:30:00,0.7129
2022-06-16 10:30:00,0.63804996
2022-06-17 10:30:00,0.544975
2022-06-18 10:30:00,0.57369995
2022-06-19 10:30:00,0.54595
2022-06-20 10:30:00,0.6411375
2022-06-21 10:30:00,0.5083625
2022-06-22 10:30:00,0.6700625
2022-06-23 10:30:00,0.7967375
2022-06-24 10:30:00,0.87097496
2022-06-25 10:30:00,0.7590875
2022-06-26 10:30:00,0.7001875
2022-06-27 10:30:00,0.7265125
2022-06-28 10:30:00,0.7312625
2022-06-29 10:30:00,0.70138747
2022-06-30 10:30:00,0.83121246
2022-07-01 10:30:00,0.796975
2022-07-02 10:30:00,0.6859125
2022-07-03 10:30:00,0.7935375
2022-07-04 10:30:00,0.84714997
2022-07-05 10:30:00,0.90465
2022-07-06 10:30:00,0.92601246
2022-07-07 10:30:00,0.8291375
2022-07-08 10:30:00,0.833825
2022-07-09 10:30:00,0.5596125
2022-07-10 10:30:00,0.70896244
2022-07-11 10:30:00,0.7244
2022-07-12 10:30:00,0.6583
2022-07-13 10:30:00,0.99738747
2022-07-14 10:30:00,0.9987625
2022-07-15 10:30:00,0.9375875
2022-07-16 10:30:00,0.86672497
2022-07-17 10:30:00,0.87562495
2022-07-18 10:30:00,0.923375
2022-07-19 10:30:00,0.824825
2022-07-20 10:30:00,0.832275
2022-07-21 10:30:00,0.8344
2022-07-22 10:30:00,0.72518754
2022-07-23 10:30:00,0.8951125
2022-07-24 10:30:00,0.89955
2022-07-25 10:30:00,0.819
2022-07-26 10:30:00,0.9251999
2022-07-27 10:30:00,0.84397495
2022-07-28 10:30:00,0.98029995
2022-07-29 10:30:00,0.94427496
2022-07-30 10:30:00,0.89977497
2022-07-31 10:30:00,0.92919993
2022-08-01 10:30:00,0.858575
2022-08-02 10:30:00,0.80004996
2022-08-03 10:30:00,0.8101875
2022-08-04 10:30:00,0.9451625
2022-08-05 10:30:00,0.614725
2022-08-06 10:30:00,0.65951246
2022-08-07 10:30:00,0.8211374
2022-08-08 10:30:00,0.5807375
2022-08-09 10:30:00,0.49846247
2022-08-10 10:30:00,0.6535624
2022-08-11 10:30:00,0.7149125
2022-08-12 10:30:00,0.5919
2022-08-13 10:30:00,0.5972
2022-08-14 10:30:00,0.8873875
2022-08-15 10:30:00,0.88262504
2022-08-16 10:30:00,0.63818747
2022-08-17 10:30:00,0.68592495
2022-08-18 10:30:00,0.8447125
2022-08-19 10:30:00,0.62128747
2022-08-20 10:30:00,0.64646244
2022-08-21 10:30:00,0.7710499
2022-08-22 10:30:00,0.7440625
2022-08-23 10:30:00,0.579975
2022-08-24 10:30:00,0.7069375
2022-08-25 10:30:00,0.6381625
2022-08-26 10:30:00,0.7201
2022-08-27 10:30:00,0.5280875
2022-08-28 10:30:00,0.6379875
2022-08-29 10:30:00,0.7044875
2022-08-30 10:30:00,0.86364996
2022-08-31 10:30:00,0.74456245
2022-09-01 10:30:00,0.55465
2022-09-02 10:30:00,0.5665625
2022-09-03 10:30:00,0.6682125
2022-09-04 10:30:00,0.85709995
2022-09-05 10:30:00,0.57035
2022-09-06 10:30:00,0.84333754
2022-09-07 10:30:00,0.5909375
2022-09-08 10:30:00,0.6924125
2022-09-09 10:30:00,0.66487503
2022-09-10 10:30:00,0.73089993
2022-09-11 10:30:00,0.62205
2022-09-12 10:30:00,0.76715004
2022-09-13 10:30:00,0.56076247
2022-09-14 10:30:00,0.6447125
2022-09-15 10:30:00,0.6626125
2022-09-16 10:30:00,0.75345
2022-09-17 10:30:00,0.5665375
2022-09-18 10:30:00,0.43150002
2022-09-19 10:30:00,0.324875
2022-09-20 10:30:00,0.419975
2022-09-21 10:30:00,0.45929998
2022-09-22 10:30:00,0.9941875
2022-09-23 10:30:00,0.88253754
2022-09-24 10:30:00,0.54901254
2022-09-25 10:30:00,0.496325
2022-09-26 10:30:00,0.600325
2022-09-27 10:30:00,0.52349997
2022-09-28 10:30:00,0.4960875
2022-09-29 10:30:00,0.354725
2022-09-30 10:30:00,0.77419996
2022-10-01 10:30:00,0.77327496
2022-10-02 10:30:00,0.7804875
2022-10-03 10:30:00,0.566525
2022-10-04 10:30:00,0.420075
2022-10-05 10:30:00,0.44186246
2022-10-06 10:30:00,0.62444997
2022-10-07 10:30:00,0.52592504
2022-10-08 10:30:00,0.7162625
2022-10-09 10:30:00,0.2929875
2022-10-10 10:30:00,0.39491248
2022-10-11 10:30:00,0.41307497
2022-10-12 10:30:00,0.547925
2022-10-13 10:30:00,0.28524998
2022-10-14 10:30:00,0.5338
2022-10-15 10:30:00,0.34051248
2022-10-16 10:30:00,0.44538748
2022-10-17 10:30:00,0.388525
2022-10-18 10:30:00,0.394025
2022-10-19 10:30:00,0.2636375
2022-10-20 10:30:00,0.547075
2022-10-21 10:30:00,0.67405
2022-10-22 10:30:00,0.47873747
2022-10-23 10:30:00,0.38235
2022-10-24 10:30:00,0.437275
2022-10-25 10:30:00,0.58143747
2022-10-26 10:30:00,0.72498745
2022-10-27 10:30:00,0.465175
2022-10-28 10:30:00,0.363525
2022-10-29 10:30:00,0.46625
2022-10-30 10:30:00,0.591575
2022-10-31 10:30:00,0.47647497
2022-11-01 10:30:00,0.3935875
2022-11-02 10:30:00,0.2877875
2022-11-03 10:30:00,0.362925
2022-11-04 10:30:00,0.3978125
2022-11-05 10:30:00,0.4145125
2022-11-06 10:30:00,0.468125
2022-11-07 10:30:00,0.4216125
2022-11-08 10:30:00,0.3952375
2022-11-09 10:30:00,0.430875
2022-11-10 10:30:00,0.41572502
2022-11-11 10:30:00,0.45748746
2022-11-12 10:30:00,0.342275
2022-11-13 10:30:00,0.5654875
2022-11-14 10:30:00,0.60671246
2022-11-15 10:30:00,0.40992498
2022-11-16 10:30:00,0.5400875
2022-11-17 10:30:00,0.58265
2022-11-18 10:30:00,0.50665
2022-11-19 10:30:00,0.5578
2022-11-20 10:30:00,0.44116247
2022-11-21 10:30:00,0.4611875
2022-11-22 10:30:00,0.557
2022-11-23 10:30:00,0.6373375
2022-11-24 10:30:00,0.98793745
2022-11-25 10:30:00,0.764375
2022-11-26 10:30:00,0.5529625
2022-11-27 10:30:00,0.90036243
2022-11-28 10:30:00,0.86521244
2022-11-29 10:30:00,0.4579375
2022-11-30 10:30:00,0.48415
2022-12-01 10:30:00,0.52701247
2022-12-02 10:30:00,0.538175
2022-12-03 10:30:00,0.48543748
2022-12-04 10:30:00,0.5319375
2022-12-05 10:30:00,0.53662497
2022-12-06 10:30:00,0.5520875
2022-12-07 10:30:00,0.5615125
2022-12-08 10:30:00,0.604275
2022-12-09 10:30:00,0.600475
2022-12-10 10:30:00,0.57084996
2022-12-11 10:30:00,0.5366875
2022-12-12 10:30:00,0.45784998
2022-12-13 10:30:00,0.3999875
2022-12-14 10:30:00,0.41843748
2022-12-15 10:30:00,0.4468875
2022-12-16 10:30:00,0.4894875
2022-12-17 10:30:00,0.50645
2022-12-18 10:30:00,0.488825
2022-12-19 10:30:00,0.4856625
2022-12-20 10:30:00,0.6513125
2022-12-21 10:30:00,0.846975
2022-12-22 10:30:00,0.5746125
2022-12-23 10:30:00,0.5429125
2022-12-24 10:30:00,0.5257625
2022-12-25 10:30:00,0.7003125
2022-12-26 10:30:00,0.68934995
2022-12-27 10:30:00,0.8522
2022-12-28 10:30:00,0.64285004
2022-12-29 10:30:00,0.5305625
2022-12-30 10:30:00,0.5515
2022-12-31 10:30:00,0.47937497
