time,rhum
2012-01-01 10:30:00,0.5400625
2012-01-02 10:30:00,0.571575
2012-01-03 10:30:00,0.6382375
2012-01-04 10:30:00,0.4756375
2012-01-05 10:30:00,0.5404625
2012-01-06 10:30:00,0.47248748
2012-01-07 10:30:00,0.4656375
2012-01-08 10:30:00,0.50035
2012-01-09 10:30:00,0.57967496
2012-01-10 10:30:00,0.63607496
2012-01-11 10:30:00,0.593675
2012-01-12 10:30:00,0.70543754
2012-01-13 10:30:00,0.636775
2012-01-14 10:30:00,0.503375
2012-01-15 10:30:00,0.60279995
2012-01-16 10:30:00,0.7297125
2012-01-17 10:30:00,0.62948745
2012-01-18 10:30:00,0.65357494
2012-01-19 10:30:00,0.6943125
2012-01-20 10:30:00,0.3692375
2012-01-21 10:30:00,0.31717497
2012-01-22 10:30:00,0.3552
2012-01-23 10:30:00,0.38889998
2012-01-24 10:30:00,0.3823
2012-01-25 10:30:00,0.4363375
2012-01-26 10:30:00,0.35715
2012-01-27 10:30:00,0.3518625
2012-01-28 10:30:00,0.36241248
2012-01-29 10:30:00,0.36921248
2012-01-30 10:30:00,0.3210625
2012-01-31 10:30:00,0.3678375
2012-02-01 10:30:00,0.34557498
2012-02-02 10:30:00,0.2954625
2012-02-03 10:30:00,0.3448125
2012-02-04 10:30:00,0.412
2012-02-05 10:30:00,0.31504998
2012-02-06 10:30:00,0.2721875
2012-02-07 10:30:00,0.3006
2012-02-08 10:30:00,0.35619998
2012-02-09 10:30:00,0.3288375
2012-02-10 10:30:00,0.32035
2012-02-11 10:30:00,0.3047875
2012-02-12 10:30:00,0.354175
2012-02-13 10:30:00,0.291525
2012-02-14 10:30:00,0.34665
2012-02-15 10:30:00,0.3158375
2012-02-16 10:30:00,0.3282875
2012-02-17 10:30:00,0.33665
2012-02-18 10:30:00,0.3380875
2012-02-19 10:30:00,0.30290002
2012-02-20 10:30:00,0.2034
2012-02-21 10:30:00,0.20022498
2012-02-22 10:30:00,0.21192499
2012-02-23 10:30:00,0.29725
2012-02-24 10:30:00,0.311775
2012-02-25 10:30:00,0.24282499
2012-02-26 10:30:00,0.32465
2012-02-27 10:30:00,0.3809875
2012-02-28 10:30:00,0.28861248
2012-02-29 10:30:00,0.29306248
2012-03-01 10:30:00,0.221325
2012-03-02 10:30:00,0.23210001
2012-03-03 10:30:00,0.22205
2012-03-04 10:30:00,0.42714998
2012-03-05 10:30:00,0.7661875
2012-03-06 10:30:00,0.5176
2012-03-07 10:30:00,0.5721375
2012-03-08 10:30:00,0.3705375
2012-03-09 10:30:00,0.317475
2012-03-10 10:30:00,0.531125
2012-03-11 10:30:00,0.42084998
2012-03-12 10:30:00,0.39353752
2012-03-13 10:30:00,0.33244997
2012-03-14 10:30:00,0.35204998
2012-03-15 10:30:00,0.43415
2012-03-16 10:30:00,0.249525
2012-03-17 10:30:00,0.18941249
2012-03-18 10:30:00,0.2235375
2012-03-19 10:30:00,0.17665
2012-03-20 10:30:00,0.22
2012-03-21 10:30:00,0.306525
2012-03-22 10:30:00,0.2143625
2012-03-23 10:30:00,0.41553748
2012-03-24 10:30:00,0.30908749
2012-03-25 10:30:00,0.2712875
2012-03-26 10:30:00,0.2731
2012-03-27 10:30:00,0.1997375
2012-03-28 10:30:00,0.17208749
2012-03-29 10:30:00,0.631175
2012-03-30 10:30:00,0.430425
2012-03-31 10:30:00,0.54685
2012-04-01 10:30:00,0.2434625
2012-04-02 10:30:00,0.23633748
2012-04-03 10:30:00,0.3002
2012-04-04 10:30:00,0.4461
2012-04-05 10:30:00,0.3037375
2012-04-06 10:30:00,0.2073875
2012-04-07 10:30:00,0.23057498
2012-04-08 10:30:00,0.37665
2012-04-09 10:30:00,0.1877375
2012-04-10 10:30:00,0.197875
2012-04-11 10:30:00,0.24235
2012-04-12 10:30:00,0.2408375
2012-04-13 10:30:00,0.19219999
2012-04-14 10:30:00,0.3741
2012-04-15 10:30:00,0.2280875
2012-04-16 10:30:00,0.1692625
2012-04-17 10:30:00,0.21727501
2012-04-18 10:30:00,0.33380002
2012-04-19 10:30:00,0.4418875
2012-04-20 10:30:00,0.1850625
2012-04-21 10:30:00,0.4360875
2012-04-22 10:30:00,0.46485
2012-04-23 10:30:00,0.48193747
2012-04-24 10:30:00,0.24518749
2012-04-25 10:30:00,0.18973748
2012-04-26 10:30:00,0.16067499
2012-04-27 10:30:00,0.6241625
2012-04-28 10:30:00,0.258725
2012-04-29 10:30:00,0.16823749
2012-04-30 10:30:00,0.2421125
2012-05-01 10:30:00,0.14462501
2012-05-02 10:30:00,0.2597375
2012-05-03 10:30:00,0.1559375
2012-05-04 10:30:00,0.16104999
2012-05-05 10:30:00,0.14317499
2012-05-06 10:30:00,0.34322497
2012-05-07 10:30:00,0.35167497
2012-05-08 10:30:00,0.41803747
2012-05-09 10:30:00,0.36114997
2012-05-10 10:30:00,0.4289375
2012-05-11 10:30:00,0.36243752
2012-05-12 10:30:00,0.73520005
2012-05-13 10:30:00,0.6807375
2012-05-14 10:30:00,0.5738875
2012-05-15 10:30:00,0.66459996
2012-05-16 10:30:00,0.8126
2012-05-17 10:30:00,0.4088375
2012-05-18 10:30:00,0.32748747
2012-05-19 10:30:00,0.1646375
2012-05-20 10:30:00,0.2479375
2012-05-21 10:30:00,0.30629998
2012-05-22 10:30:00,0.3423375
2012-05-23 10:30:00,0.2255625
2012-05-24 10:30:00,0.23872499
2012-05-25 10:30:00,0.3376875
2012-05-26 10:30:00,0.4234125
2012-05-27 10:30:00,0.32149997
2012-05-28 10:30:00,0.47875
2012-05-29 10:30:00,0.5145875
2012-05-30 10:30:00,0.6701625
2012-05-31 10:30:00,0.643425
2012-06-01 10:30:00,0.4676875
2012-06-02 10:30:00,0.784225
2012-06-03 10:30:00,0.6731625
2012-06-04 10:30:00,0.759175
2012-06-05 10:30:00,0.498125
2012-06-06 10:30:00,0.6817
2012-06-07 10:30:00,0.5680875
2012-06-08 10:30:00,0.621525
2012-06-09 10:30:00,0.503675
2012-06-10 10:30:00,0.4431
2012-06-11 10:30:00,0.7363625
2012-06-12 10:30:00,0.9030375
2012-06-13 10:30:00,0.8954375
2012-06-14 10:30:00,0.7664875
2012-06-15 10:30:00,0.92246246
2012-06-16 10:30:00,0.85496247
2012-06-17 10:30:00,0.85622495
2012-06-18 10:30:00,0.6878875
2012-06-19 10:30:00,0.63775
2012-06-20 10:30:00,0.5689
2012-06-21 10:30:00,0.5842375
2012-06-22 10:30:00,0.5365625
2012-06-23 10:30:00,0.7085375
2012-06-24 10:30:00,0.790625
2012-06-25 10:30:00,0.6867625
2012-06-26 10:30:00,0.6667875
2012-06-27 10:30:00,0.84397495
2012-06-28 10:30:00,0.74522495
2012-06-29 10:30:00,0.7754375
2012-06-30 10:30:00,0.46757498
2012-07-01 10:30:00,0.8183249
2012-07-02 10:30:00,0.84425
2012-07-03 10:30:00,0.762325
2012-07-04 10:30:00,0.71379995
2012-07-05 10:30:00,0.7022
2012-07-06 10:30:00,0.632425
2012-07-07 10:30:00,0.59302497
2012-07-08 10:30:00,0.71521246
2012-07-09 10:30:00,0.7488875
2012-07-10 10:30:00,0.7966874
2012-07-11 10:30:00,0.90807503
2012-07-12 10:30:00,0.8496625
2012-07-13 10:30:00,0.66552496
2012-07-14 10:30:00,0.6436875
2012-07-15 10:30:00,0.6295125
2012-07-16 10:30:00,0.5601625
2012-07-17 10:30:00,0.53956246
2012-07-18 10:30:00,0.71168745
2012-07-19 10:30:00,0.6791875
2012-07-20 10:30:00,0.717325
2012-07-21 10:30:00,0.83192503
2012-07-22 10:30:00,0.878675
2012-07-23 10:30:00,0.6281
2012-07-24 10:30:00,0.76584995
2012-07-25 10:30:00,0.8101
2012-07-26 10:30:00,0.6795625
2012-07-27 10:30:00,0.6069625
2012-07-28 10:30:00,0.869725
2012-07-29 10:30:00,0.89827496
2012-07-30 10:30:00,0.8318
2012-07-31 10:30:00,0.6896125
2012-08-01 10:30:00,0.66599995
2012-08-02 10:30:00,0.724075
2012-08-03 10:30:00,0.73211247
2012-08-04 10:30:00,0.7323375
2012-08-05 10:30:00,0.65805
2012-08-06 10:30:00,0.6482
2012-08-07 10:30:00,0.6476125
2012-08-08 10:30:00,0.60464996
2012-08-09 10:30:00,0.51189995
2012-08-10 10:30:00,0.7110125
2012-08-11 10:30:00,0.6079875
2012-08-12 10:30:00,0.5472375
2012-08-13 10:30:00,0.4873875
2012-08-14 10:30:00,0.5730625
2012-08-15 10:30:00,0.551175
2012-08-16 10:30:00,0.5153125
2012-08-17 10:30:00,0.66539997
2012-08-18 10:30:00,0.54735
2012-08-19 10:30:00,0.49618748
2012-08-20 10:30:00,0.528375
2012-08-21 10:30:00,0.45995003
2012-08-22 10:30:00,0.3458625
2012-08-23 10:30:00,0.4195875
2012-08-24 10:30:00,0.578325
2012-08-25 10:30:00,0.5574125
2012-08-26 10:30:00,0.5836375
2012-08-27 10:30:00,0.6931
2012-08-28 10:30:00,0.613
2012-08-29 10:30:00,0.48831248
2012-08-30 10:30:00,0.543575
2012-08-31 10:30:00,0.6425125
2012-09-01 10:30:00,0.5922125
2012-09-02 10:30:00,0.90597504
2012-09-03 10:30:00,0.76025
2012-09-04 10:30:00,0.8038875
2012-09-05 10:30:00,0.701325
2012-09-06 10:30:00,0.524175
2012-09-07 10:30:00,0.6114
2012-09-08 10:30:00,0.7426625
2012-09-09 10:30:00,0.71175003
2012-09-10 10:30:00,0.65809995
2012-09-11 10:30:00,0.9119874
2012-09-12 10:30:00,0.821575
2012-09-13 10:30:00,0.7625
2012-09-14 10:30:00,0.59604996
2012-09-15 10:30:00,0.6450125
2012-09-16 10:30:00,0.6459
2012-09-17 10:30:00,0.6140125
2012-09-18 10:30:00,0.6005875
2012-09-19 10:30:00,0.607975
2012-09-20 10:30:00,0.44675
2012-09-21 10:30:00,0.53468746
2012-09-22 10:30:00,0.71958745
2012-09-23 10:30:00,0.677525
2012-09-24 10:30:00,0.5879875
2012-09-25 10:30:00,0.84989995
2012-09-26 10:30:00,0.60899997
2012-09-27 10:30:00,0.84895
2012-09-28 10:30:00,0.45764998
2012-09-29 10:30:00,0.58425
2012-09-30 10:30:00,0.603125
2012-10-01 10:30:00,0.66255
2012-10-02 10:30:00,0.54333746
2012-10-03 10:30:00,0.8520625
2012-10-04 10:30:00,0.5542875
2012-10-05 10:30:00,0.4684
2012-10-06 10:30:00,0.5233875
2012-10-07 10:30:00,0.623175
2012-10-08 10:30:00,0.60635
2012-10-09 10:30:00,0.6217
2012-10-10 10:30:00,0.5099
2012-10-11 10:30:00,0.54846245
2012-10-12 10:30:00,0.5755375
2012-10-13 10:30:00,0.6503375
2012-10-14 10:30:00,0.54426247
2012-10-15 10:30:00,0.595975
2012-10-16 10:30:00,0.828425
2012-10-17 10:30:00,0.5333875
2012-10-18 10:30:00,0.46334997
2012-10-19 10:30:00,0.36685002
2012-10-20 10:30:00,0.3800375
2012-10-21 10:30:00,0.48763746
2012-10-22 10:30:00,0.518125
2012-10-23 10:30:00,0.64055
2012-10-24 10:30:00,0.71683747
2012-10-25 10:30:00,0.473875
2012-10-26 10:30:00,0.581975
2012-10-27 10:30:00,0.36165
2012-10-28 10:30:00,0.34928748
2012-10-29 10:30:00,0.38439998
2012-10-30 10:30:00,0.603875
2012-10-31 10:30:00,0.560175
2012-11-01 10:30:00,0.52442497
2012-11-02 10:30:00,0.4411875
2012-11-03 10:30:00,0.49945
2012-11-04 10:30:00,0.59365
2012-11-05 10:30:00,0.6237125
2012-11-06 10:30:00,0.565475
2012-11-07 10:30:00,0.521575
2012-11-08 10:30:00,0.5709125
2012-11-09 10:30:00,0.618325
2012-11-10 10:30:00,0.672075
2012-11-11 10:30:00,0.7086125
2012-11-12 10:30:00,0.738675
2012-11-13 10:30:00,0.619425
2012-11-14 10:30:00,0.62378746
2012-11-15 10:30:00,0.511925
2012-11-16 10:30:00,0.538625
2012-11-17 10:30:00,0.70846254
2012-11-18 10:30:00,0.86139995
2012-11-19 10:30:00,0.6443875
2012-11-20 10:30:00,0.57135004
2012-11-21 10:30:00,0.5466125
2012-11-22 10:30:00,0.49827498
2012-11-23 10:30:00,0.596
2012-11-24 10:30:00,0.6955125
2012-11-25 10:30:00,0.5883875
2012-11-26 10:30:00,0.5229875
2012-11-27 10:30:00,0.7137875
2012-11-28 10:30:00,0.496725
2012-11-29 10:30:00,0.4790375
2012-11-30 10:30:00,0.4192125
2012-12-01 10:30:00,0.6119125
2012-12-02 10:30:00,0.702025
2012-12-03 10:30:00,0.4959375
2012-12-04 10:30:00,0.4581625
2012-12-05 10:30:00,0.389225
2012-12-06 10:30:00,0.4112625
2012-12-07 10:30:00,0.5179
2012-12-08 10:30:00,0.56175
2012-12-09 10:30:00,0.7657875
2012-12-10 10:30:00,0.69906247
2012-12-11 10:30:00,0.6666625
2012-12-12 10:30:00,0.71755004
2012-12-13 10:30:00,0.5127
2012-12-14 10:30:00,0.57285
2012-12-15 10:30:00,0.79606247
2012-12-16 10:30:00,0.58402497
2012-12-17 10:30:00,0.47937497
2012-12-18 10:30:00,0.48189998
2012-12-19 10:30:00,0.53429997
2012-12-20 10:30:00,0.63119996
2012-12-21 10:30:00,0.481375
2012-12-22 10:30:00,0.43841246
2012-12-23 10:30:00,0.42815003
2012-12-24 10:30:00,0.5122375
2012-12-25 10:30:00,0.3887125
2012-12-26 10:30:00,0.57458746
2012-12-27 10:30:00,0.609675
2012-12-28 10:30:00,0.69616246
2012-12-29 10:30:00,0.691025
2012-12-30 10:30:00,0.5166375
2012-12-31 10:30:00,0.570475
2013-01-01 10:30:00,0.471425
2013-01-02 10:30:00,0.4215
2013-01-03 10:30:00,0.39822498
2013-01-04 10:30:00,0.39714998
2013-01-05 10:30:00,0.442625
2013-01-06 10:30:00,0.6231625
2013-01-07 10:30:00,0.641675
2013-01-08 10:30:00,0.48127496
2013-01-09 10:30:00,0.5467875
2013-01-10 10:30:00,0.61225003
2013-01-11 10:30:00,0.626925
2013-01-12 10:30:00,0.7015875
2013-01-13 10:30:00,0.67623746
2013-01-14 10:30:00,0.643475
2013-01-15 10:30:00,0.6913625
2013-01-16 10:30:00,0.5608375
2013-01-17 10:30:00,0.588875
2013-01-18 10:30:00,0.71096253
2013-01-19 10:30:00,0.65942496
2013-01-20 10:30:00,0.7169625
2013-01-21 10:30:00,0.6986875
2013-01-22 10:30:00,0.6422875
2013-01-23 10:30:00,0.64348745
2013-01-24 10:30:00,0.38158748
2013-01-25 10:30:00,0.4804375
2013-01-26 10:30:00,0.5202
2013-01-27 10:30:00,0.652725
2013-01-28 10:30:00,0.7583125
2013-01-29 10:30:00,0.70705
2013-01-30 10:30:00,0.79765
2013-01-31 10:30:00,0.6976625
2013-02-01 10:30:00,0.37095
2013-02-02 10:30:00,0.40827498
2013-02-03 10:30:00,0.67171246
2013-02-04 10:30:00,0.5042625
2013-02-05 10:30:00,0.58156246
2013-02-06 10:30:00,0.38097498
2013-02-07 10:30:00,0.3904375
2013-02-08 10:30:00,0.41593748
2013-02-09 10:30:00,0.43991247
2013-02-10 10:30:00,0.4138625
2013-02-11 10:30:00,0.503775
2013-02-12 10:30:00,0.5052625
2013-02-13 10:30:00,0.4315375
2013-02-14 10:30:00,0.4326375
2013-02-15 10:30:00,0.523075
2013-02-16 10:30:00,0.719625
2013-02-17 10:30:00,0.44933748
2013-02-18 10:30:00,0.3051
2013-02-19 10:30:00,0.32022497
2013-02-20 10:30:00,0.319825
2013-02-21 10:30:00,0.3832875
2013-02-22 10:30:00,0.40736252
2013-02-23 10:30:00,0.24116248
2013-02-24 10:30:00,0.3924625
2013-02-25 10:30:00,0.5327875
2013-02-26 10:30:00,0.77059996
2013-02-27 10:30:00,0.39208746
2013-02-28 10:30:00,0.72635
2013-03-01 10:30:00,0.3447875
2013-03-02 10:30:00,0.487775
2013-03-03 10:30:00,0.6860125
2013-03-04 10:30:00,0.47147498
2013-03-05 10:30:00,0.662975
2013-03-06 10:30:00,0.4348375
2013-03-07 10:30:00,0.20803748
2013-03-08 10:30:00,0.49862498
2013-03-09 10:30:00,0.65488744
2013-03-10 10:30:00,0.54995
2013-03-11 10:30:00,0.5937125
2013-03-12 10:30:00,0.3465875
2013-03-13 10:30:00,0.34452498
2013-03-14 10:30:00,0.4613
2013-03-15 10:30:00,0.562775
2013-03-16 10:30:00,0.4425875
2013-03-17 10:30:00,0.2814875
2013-03-18 10:30:00,0.29288748
2013-03-19 10:30:00,0.26805
2013-03-20 10:30:00,0.288325
2013-03-21 10:30:00,0.36271247
2013-03-22 10:30:00,0.2956375
2013-03-23 10:30:00,0.42949998
2013-03-24 10:30:00,0.368625
2013-03-25 10:30:00,0.305925
2013-03-26 10:30:00,0.347675
2013-03-27 10:30:00,0.4347875
2013-03-28 10:30:00,0.3433375
2013-03-29 10:30:00,0.3400375
2013-03-30 10:30:00,0.2853625
2013-03-31 10:30:00,0.266675
2013-04-01 10:30:00,0.27603748
2013-04-02 10:30:00,0.26076248
2013-04-03 10:30:00,0.24452499
2013-04-04 10:30:00,0.38948748
2013-04-05 10:30:00,0.6394625
2013-04-06 10:30:00,0.396925
2013-04-07 10:30:00,0.3584125
2013-04-08 10:30:00,0.42017502
2013-04-09 10:30:00,0.2615125
2013-04-10 10:30:00,0.4809
2013-04-11 10:30:00,0.40246248
2013-04-12 10:30:00,0.27993748
2013-04-13 10:30:00,0.2425125
2013-04-14 10:30:00,0.2247625
2013-04-15 10:30:00,0.2032125
2013-04-16 10:30:00,0.23991248
2013-04-17 10:30:00,0.216975
2013-04-18 10:30:00,0.2809625
2013-04-19 10:30:00,0.2179125
2013-04-20 10:30:00,0.2397125
2013-04-21 10:30:00,0.2179375
2013-04-22 10:30:00,0.3418375
2013-04-23 10:30:00,0.34326252
2013-04-24 10:30:00,0.6002125
2013-04-25 10:30:00,0.698525
2013-04-26 10:30:00,0.34298748
2013-04-27 10:30:00,0.2809625
2013-04-28 10:30:00,0.6515
2013-04-29 10:30:00,0.8996125
2013-04-30 10:30:00,0.5994125
2013-05-01 10:30:00,0.52477497
2013-05-02 10:30:00,0.49732497
2013-05-03 10:30:00,0.3404375
2013-05-04 10:30:00,0.24427499
2013-05-05 10:30:00,0.289475
2013-05-06 10:30:00,0.35755
2013-05-07 10:30:00,0.212275
2013-05-08 10:30:00,0.3880625
2013-05-09 10:30:00,0.496525
2013-05-10 10:30:00,0.3603625
2013-05-11 10:30:00,0.46875
2013-05-12 10:30:00,0.6095
2013-05-13 10:30:00,0.590625
2013-05-14 10:30:00,0.76792496
2013-05-15 10:30:00,0.56949997
2013-05-16 10:30:00,0.4404
2013-05-17 10:30:00,0.44416252
2013-05-18 10:30:00,0.43726248
2013-05-19 10:30:00,0.53185
2013-05-20 10:30:00,0.64476246
2013-05-21 10:30:00,0.62195
2013-05-22 10:30:00,0.3165125
2013-05-23 10:30:00,0.308575
2013-05-24 10:30:00,0.2361
2013-05-25 10:30:00,0.223675
2013-05-26 10:30:00,0.4025
2013-05-27 10:30:00,0.6567375
2013-05-28 10:30:00,0.44934997
2013-05-29 10:30:00,0.2979
2013-05-30 10:30:00,0.31972498
2013-05-31 10:30:00,0.307625
2013-06-01 10:30:00,0.31975
2013-06-02 10:30:00,0.3864125
2013-06-03 10:30:00,0.71117496
2013-06-04 10:30:00,0.54992497
2013-06-05 10:30:00,0.53608745
2013-06-06 10:30:00,0.7657125
2013-06-07 10:30:00,0.5983
2013-06-08 10:30:00,0.67375
2013-06-09 10:30:00,0.722575
2013-06-10 10:30:00,0.493575
2013-06-11 10:30:00,0.609375
2013-06-12 10:30:00,0.763
2013-06-13 10:30:00,0.5103875
2013-06-14 10:30:00,0.6044625
2013-06-15 10:30:00,0.51138747
2013-06-16 10:30:00,0.5432875
2013-06-17 10:30:00,0.5064875
2013-06-18 10:30:00,0.47713748
2013-06-19 10:30:00,0.5761375
2013-06-20 10:30:00,0.61785
2013-06-21 10:30:00,0.563775
2013-06-22 10:30:00,0.41845
2013-06-23 10:30:00,0.4356375
2013-06-24 10:30:00,0.42999998
2013-06-25 10:30:00,0.7244625
2013-06-26 10:30:00,0.88036245
2013-06-27 10:30:00,0.8698625
2013-06-28 10:30:00,0.68983746
2013-06-29 10:30:00,0.9159625
2013-06-30 10:30:00,0.92707497
2013-07-01 10:30:00,0.77393746
2013-07-02 10:30:00,0.8301
2013-07-03 10:30:00,0.7413375
2013-07-04 10:30:00,0.64765
2013-07-05 10:30:00,0.540625
2013-07-06 10:30:00,0.59863746
2013-07-07 10:30:00,0.605675
2013-07-08 10:30:00,0.66949993
2013-07-09 10:30:00,0.533525
2013-07-10 10:30:00,0.448875
2013-07-11 10:30:00,0.59115
2013-07-12 10:30:00,0.59003747
2013-07-13 10:30:00,0.5689625
2013-07-14 10:30:00,0.568
2013-07-15 10:30:00,0.8899125
2013-07-16 10:30:00,0.5752
2013-07-17 10:30:00,0.58916247
2013-07-18 10:30:00,0.7364375
2013-07-19 10:30:00,0.75778747
2013-07-20 10:30:00,0.6380375
2013-07-21 10:30:00,0.578525
2013-07-22 10:30:00,0.6980875
2013-07-23 10:30:00,0.823375
2013-07-24 10:30:00,0.774525
2013-07-25 10:30:00,0.72095
2013-07-26 10:30:00,0.6932875
2013-07-27 10:30:00,0.79801255
2013-07-28 10:30:00,0.6360125
2013-07-29 10:30:00,0.67125
2013-07-30 10:30:00,0.693225
2013-07-31 10:30:00,0.83366245
2013-08-01 10:30:00,0.86738753
2013-08-02 10:30:00,0.8212875
2013-08-03 10:30:00,0.89168745
2013-08-04 10:30:00,0.69668746
2013-08-05 10:30:00,0.7642125
2013-08-06 10:30:00,0.7829625
2013-08-07 10:30:00,0.6367625
2013-08-08 10:30:00,0.6080375
2013-08-09 10:30:00,0.6150375
2013-08-10 10:30:00,0.6290375
2013-08-11 10:30:00,0.66830003
2013-08-12 10:30:00,0.79854995
2013-08-13 10:30:00,0.54912496
2013-08-14 10:30:00,0.5232
2013-08-15 10:30:00,0.5603125
2013-08-16 10:30:00,0.8143
2013-08-17 10:30:00,0.749775
2013-08-18 10:30:00,0.6053375
2013-08-19 10:30:00,0.6519
2013-08-20 10:30:00,0.57154995
2013-08-21 10:30:00,0.82995003
2013-08-22 10:30:00,0.70958745
2013-08-23 10:30:00,0.649725
2013-08-24 10:30:00,0.5481
2013-08-25 10:30:00,0.6906875
2013-08-26 10:30:00,0.554375
2013-08-27 10:30:00,0.63497496
2013-08-28 10:30:00,0.90885
2013-08-29 10:30:00,0.6577625
2013-08-30 10:30:00,0.69182503
2013-08-31 10:30:00,0.65747494
2013-09-01 10:30:00,0.700225
2013-09-02 10:30:00,0.75011253
2013-09-03 10:30:00,0.65136254
2013-09-04 10:30:00,0.668375
2013-09-05 10:30:00,0.6901249
2013-09-06 10:30:00,0.89028746
2013-09-07 10:30:00,0.77826244
2013-09-08 10:30:00,0.665875
2013-09-09 10:30:00,0.77076244
2013-09-10 10:30:00,0.55987495
2013-09-11 10:30:00,0.549
2013-09-12 10:30:00,0.590975
2013-09-13 10:30:00,0.66568744
2013-09-14 10:30:00,0.3618
2013-09-15 10:30:00,0.43623748
2013-09-16 10:30:00,0.43432498
2013-09-17 10:30:00,0.58725
2013-09-18 10:30:00,0.5924
2013-09-19 10:30:00,0.64666253
2013-09-20 10:30:00,0.625325
2013-09-21 10:30:00,0.58435
2013-09-22 10:30:00,0.5121125
2013-09-23 10:30:00,0.4134125
2013-09-24 10:30:00,0.44798747
2013-09-25 10:30:00,0.429575
2013-09-26 10:30:00,0.3699375
2013-09-27 10:30:00,0.3035875
2013-09-28 10:30:00,0.41628748
2013-09-29 10:30:00,0.4304375
2013-09-30 10:30:00,0.41062498
2013-10-01 10:30:00,0.37777498
2013-10-02 10:30:00,0.3193
2013-10-03 10:30:00,0.3649625
2013-10-04 10:30:00,0.34596246
2013-10-05 10:30:00,0.32415
2013-10-06 10:30:00,0.39325
2013-10-07 10:30:00,0.313375
2013-10-08 10:30:00,0.2726625
2013-10-09 10:30:00,0.44123748
2013-10-10 10:30:00,0.7961125
2013-10-11 10:30:00,0.6664625
2013-10-12 10:30:00,0.50225
2013-10-13 10:30:00,0.439225
2013-10-14 10:30:00,0.34302497
2013-10-15 10:30:00,0.3729875
2013-10-16 10:30:00,0.4641875
2013-10-17 10:30:00,0.4136875
2013-10-18 10:30:00,0.5940625
2013-10-19 10:30:00,0.66215
2013-10-20 10:30:00,0.8271125
2013-10-21 10:30:00,0.87292504
2013-10-22 10:30:00,0.8632875
2013-10-23 10:30:00,0.95065
2013-10-24 10:30:00,0.76568747
2013-10-25 10:30:00,0.5875875
2013-10-26 10:30:00,0.7452875
2013-10-27 10:30:00,0.773025
2013-10-28 10:30:00,0.61562496
2013-10-29 10:30:00,0.5169875
2013-10-30 10:30:00,0.534275
2013-10-31 10:30:00,0.5824625
2013-11-01 10:30:00,0.5124875
2013-11-02 10:30:00,0.6161
2013-11-03 10:30:00,0.48264998
2013-11-04 10:30:00,0.41155
2013-11-05 10:30:00,0.5407375
2013-11-06 10:30:00,0.6404
2013-11-07 10:30:00,0.639525
2013-11-08 10:30:00,0.6700625
2013-11-09 10:30:00,0.35768747
2013-11-10 10:30:00,0.3539
2013-11-11 10:30:00,0.44413748
2013-11-12 10:30:00,0.49619997
2013-11-13 10:30:00,0.4911125
2013-11-14 10:30:00,0.50425
2013-11-15 10:30:00,0.538225
2013-11-16 10:30:00,0.61346245
2013-11-17 10:30:00,0.57721245
2013-11-18 10:30:00,0.361275
2013-11-19 10:30:00,0.241925
2013-11-20 10:30:00,0.4104
2013-11-21 10:30:00,0.58977497
2013-11-22 10:30:00,0.5688375
2013-11-23 10:30:00,0.54695
2013-11-24 10:30:00,0.39318746
2013-11-25 10:30:00,0.37261248
2013-11-26 10:30:00,0.37736246
2013-11-27 10:30:00,0.34902498
2013-11-28 10:30:00,0.304925
2013-11-29 10:30:00,0.3455875
2013-11-30 10:30:00,0.3089
2013-12-01 10:30:00,0.377625
2013-12-02 10:30:00,0.5369125
2013-12-03 10:30:00,0.48238748
2013-12-04 10:30:00,0.3432
2013-12-05 10:30:00,0.31535
2013-12-06 10:30:00,0.38263747
2013-12-07 10:30:00,0.55794996
2013-12-08 10:30:00,0.80555
2013-12-09 10:30:00,0.5976
2013-12-10 10:30:00,0.68793744
2013-12-11 10:30:00,0.62643754
2013-12-12 10:30:00,0.453275
2013-12-13 10:30:00,0.4162625
2013-12-14 10:30:00,0.502475
2013-12-15 10:30:00,0.6457499
2013-12-16 10:30:00,0.76074994
2013-12-17 10:30:00,0.746675
2013-12-18 10:30:00,0.73824996
2013-12-19 10:30:00,0.70536244
2013-12-20 10:30:00,0.574925
2013-12-21 10:30:00,0.61298746
2013-12-22 10:30:00,0.564775
2013-12-23 10:30:00,0.6295625
2013-12-24 10:30:00,0.64816254
2013-12-25 10:30:00,0.6844875
2013-12-26 10:30:00,0.49205002
2013-12-27 10:30:00,0.5428875
2013-12-28 10:30:00,0.47687498
2013-12-29 10:30:00,0.4811625
2013-12-30 10:30:00,0.57013744
2013-12-31 10:30:00,0.45976248
2014-01-01 10:30:00,0.330825
2014-01-02 10:30:00,0.52771246
2014-01-03 10:30:00,0.54825
2014-01-04 10:30:00,0.57866246
2014-01-05 10:30:00,0.61995
2014-01-06 10:30:00,0.58134997
2014-01-07 10:30:00,0.35613748
2014-01-08 10:30:00,0.3401625
2014-01-09 10:30:00,0.40842497
2014-01-10 10:30:00,0.4371875
2014-01-11 10:30:00,0.3990875
2014-01-12 10:30:00,0.30072498
2014-01-13 10:30:00,0.45503747
2014-01-14 10:30:00,0.48599997
2014-01-15 10:30:00,0.55812496
2014-01-16 10:30:00,0.49811247
2014-01-17 10:30:00,0.4707
2014-01-18 10:30:00,0.4612375
2014-01-19 10:30:00,0.6384375
2014-01-20 10:30:00,0.5502875
2014-01-21 10:30:00,0.55031246
2014-01-22 10:30:00,0.564575
2014-01-23 10:30:00,0.6574375
2014-01-24 10:30:00,0.4942625
2014-01-25 10:30:00,0.338525
2014-01-26 10:30:00,0.4560125
2014-01-27 10:30:00,0.3047875
2014-01-28 10:30:00,0.32173747
2014-01-29 10:30:00,0.5241
2014-01-30 10:30:00,0.3755
2014-01-31 10:30:00,0.37162498
2014-02-01 10:30:00,0.42909998
2014-02-02 10:30:00,0.240275
2014-02-03 10:30:00,0.28927502
2014-02-04 10:30:00,0.36034998
2014-02-05 10:30:00,0.37315
2014-02-06 10:30:00,0.39049998
2014-02-07 10:30:00,0.3840375
2014-02-08 10:30:00,0.56203747
2014-02-09 10:30:00,0.410475
2014-02-10 10:30:00,0.44005
2014-02-11 10:30:00,0.5352375
2014-02-12 10:30:00,0.4130625
2014-02-13 10:30:00,0.39646247
2014-02-14 10:30:00,0.7207625
2014-02-15 10:30:00,0.6463375
2014-02-16 10:30:00,0.5724125
2014-02-17 10:30:00,0.3991875
2014-02-18 10:30:00,0.43623748
2014-02-19 10:30:00,0.38021252
2014-02-20 10:30:00,0.4434625
2014-02-21 10:30:00,0.541425
2014-02-22 10:30:00,0.440175
2014-02-23 10:30:00,0.4125875
2014-02-24 10:30:00,0.4192625
2014-02-25 10:30:00,0.537575
2014-02-26 10:30:00,0.48788747
2014-02-27 10:30:00,0.23528749
2014-02-28 10:30:00,0.3895
2014-03-01 10:30:00,0.31028748
2014-03-02 10:30:00,0.34068748
2014-03-03 10:30:00,0.30897498
2014-03-04 10:30:00,0.3048875
2014-03-05 10:30:00,0.282625
2014-03-06 10:30:00,0.28045
2014-03-07 10:30:00,0.2548125
2014-03-08 10:30:00,0.22335
2014-03-09 10:30:00,0.24537499
2014-03-10 10:30:00,0.1699875
2014-03-11 10:30:00,0.34745
2014-03-12 10:30:00,0.438
2014-03-13 10:30:00,0.302625
2014-03-14 10:30:00,0.208525
2014-03-15 10:30:00,0.38327497
2014-03-16 10:30:00,0.323775
2014-03-17 10:30:00,0.5132375
2014-03-18 10:30:00,0.30926248
2014-03-19 10:30:00,0.511375
2014-03-20 10:30:00,0.3300125
2014-03-21 10:30:00,0.2910625
2014-03-22 10:30:00,0.2157875
2014-03-23 10:30:00,0.21635
2014-03-24 10:30:00,0.26308748
2014-03-25 10:30:00,0.280725
2014-03-26 10:30:00,0.3731375
2014-03-27 10:30:00,0.27171248
2014-03-28 10:30:00,0.287975
2014-03-29 10:30:00,0.28417498
2014-03-30 10:30:00,0.1533125
2014-03-31 10:30:00,0.21592501
2014-04-01 10:30:00,0.4696875
2014-04-02 10:30:00,0.33607498
2014-04-03 10:30:00,0.26053748
2014-04-04 10:30:00,0.44326246
2014-04-05 10:30:00,0.2728
2014-04-06 10:30:00,0.2044
2014-04-07 10:30:00,0.2156875
2014-04-08 10:30:00,0.312475
2014-04-09 10:30:00,0.2091375
2014-04-10 10:30:00,0.1972125
2014-04-11 10:30:00,0.1672125
2014-04-12 10:30:00,0.1944875
2014-04-13 10:30:00,0.22215
2014-04-14 10:30:00,0.15807499
2014-04-15 10:30:00,0.1179375
2014-04-16 10:30:00,0.18317498
2014-04-17 10:30:00,0.4263
2014-04-18 10:30:00,0.24087499
2014-04-19 10:30:00,0.4782
2014-04-20 10:30:00,0.696925
2014-04-21 10:30:00,0.3088125
2014-04-22 10:30:00,0.28283748
2014-04-23 10:30:00,0.26067498
2014-04-24 10:30:00,0.355925
2014-04-25 10:30:00,0.329175
2014-04-26 10:30:00,0.334225
2014-04-27 10:30:00,0.2967375
2014-04-28 10:30:00,0.22383748
2014-04-29 10:30:00,0.1884875
2014-04-30 10:30:00,0.14542499
2014-05-01 10:30:00,0.42964998
2014-05-02 10:30:00,0.335775
2014-05-03 10:30:00,0.24402499
2014-05-04 10:30:00,0.2789125
2014-05-05 10:30:00,0.360025
2014-05-06 10:30:00,0.41162497
2014-05-07 10:30:00,0.3702875
2014-05-08 10:30:00,0.3844125
2014-05-09 10:30:00,0.34076247
2014-05-10 10:30:00,0.6271875
2014-05-11 10:30:00,0.82616246
2014-05-12 10:30:00,0.829025
2014-05-13 10:30:00,0.76519996
2014-05-14 10:30:00,0.7906625
2014-05-15 10:30:00,0.7840375
2014-05-16 10:30:00,0.7554
2014-05-17 10:30:00,0.671475
2014-05-18 10:30:00,0.81102496
2014-05-19 10:30:00,0.79621243
2014-05-20 10:30:00,0.747175
2014-05-21 10:30:00,0.617575
2014-05-22 10:30:00,0.489925
2014-05-23 10:30:00,0.4206625
2014-05-24 10:30:00,0.64355004
2014-05-25 10:30:00,0.6536125
2014-05-26 10:30:00,0.778525
2014-05-27 10:30:00,0.48053747
2014-05-28 10:30:00,0.329175
2014-05-29 10:30:00,0.29053748
2014-05-30 10:30:00,0.26308748
2014-05-31 10:30:00,0.3137875
2014-06-01 10:30:00,0.3134
2014-06-02 10:30:00,0.39779997
2014-06-03 10:30:00,0.42197502
2014-06-04 10:30:00,0.44006246
2014-06-05 10:30:00,0.44224998
2014-06-06 10:30:00,0.340125
2014-06-07 10:30:00,0.62497497
2014-06-08 10:30:00,0.9288375
2014-06-09 10:30:00,0.8247374
2014-06-10 10:30:00,0.75598747
2014-06-11 10:30:00,0.77217495
2014-06-12 10:30:00,0.6323875
2014-06-13 10:30:00,0.4951375
2014-06-14 10:30:00,0.44829997
2014-06-15 10:30:00,0.47492498
2014-06-16 10:30:00,0.537075
2014-06-17 10:30:00,0.602275
2014-06-18 10:30:00,0.54938745
2014-06-19 10:30:00,0.52033746
2014-06-20 10:30:00,0.61908746
2014-06-21 10:30:00,0.65567493
2014-06-22 10:30:00,0.50619996
2014-06-23 10:30:00,0.4680625
2014-06-24 10:30:00,0.508525
2014-06-25 10:30:00,0.61344993
2014-06-26 10:30:00,0.70827496
2014-06-27 10:30:00,0.501475
2014-06-28 10:30:00,0.5310125
2014-06-29 10:30:00,0.45358747
2014-06-30 10:30:00,0.49811247
2014-07-01 10:30:00,0.5229
2014-07-02 10:30:00,0.5550625
2014-07-03 10:30:00,0.766175
2014-07-04 10:30:00,0.4477625
2014-07-05 10:30:00,0.581675
2014-07-06 10:30:00,0.65098745
2014-07-07 10:30:00,0.8433375
2014-07-08 10:30:00,0.5747375
2014-07-09 10:30:00,0.60495
2014-07-10 10:30:00,0.7701875
2014-07-11 10:30:00,0.80422497
2014-07-12 10:30:00,0.75343746
2014-07-13 10:30:00,0.73061246
2014-07-14 10:30:00,0.64895
2014-07-15 10:30:00,0.79823744
2014-07-16 10:30:00,0.8296375
2014-07-17 10:30:00,0.7706624
2014-07-18 10:30:00,0.7338625
2014-07-19 10:30:00,0.8068375
2014-07-20 10:30:00,0.8573625
2014-07-21 10:30:00,0.60819995
2014-07-22 10:30:00,0.633075
2014-07-23 10:30:00,0.6019625
2014-07-24 10:30:00,0.5948375
2014-07-25 10:30:00,0.6802625
2014-07-26 10:30:00,0.67955
2014-07-27 10:30:00,0.591725
2014-07-28 10:30:00,0.6810875
2014-07-29 10:30:00,0.7878625
2014-07-30 10:30:00,0.78169996
2014-07-31 10:30:00,0.5976625
2014-08-01 10:30:00,0.49975
2014-08-02 10:30:00,0.655475
2014-08-03 10:30:00,0.52225
2014-08-04 10:30:00,0.5759875
2014-08-05 10:30:00,0.7317375
2014-08-06 10:30:00,0.654925
2014-08-07 10:30:00,0.5578625
2014-08-08 10:30:00,0.5550875
2014-08-09 10:30:00,0.7094875
2014-08-10 10:30:00,0.7936375
2014-08-11 10:30:00,0.7461125
2014-08-12 10:30:00,0.5573125
2014-08-13 10:30:00,0.5343125
2014-08-14 10:30:00,0.796025
2014-08-15 10:30:00,0.86951244
2014-08-16 10:30:00,0.83875
2014-08-17 10:30:00,0.74132496
2014-08-18 10:30:00,0.72989994
2014-08-19 10:30:00,0.674075
2014-08-20 10:30:00,0.73219997
2014-08-21 10:30:00,0.6552375
2014-08-22 10:30:00,0.688775
2014-08-23 10:30:00,0.69315
2014-08-24 10:30:00,0.6770625
2014-08-25 10:30:00,0.8479875
2014-08-26 10:30:00,0.7911875
2014-08-27 10:30:00,0.6778
2014-08-28 10:30:00,0.631275
2014-08-29 10:30:00,0.6985875
2014-08-30 10:30:00,0.66363746
2014-08-31 10:30:00,0.64076245
2014-09-01 10:30:00,0.78565
2014-09-02 10:30:00,0.8427375
2014-09-03 10:30:00,0.712225
2014-09-04 10:30:00,0.7506875
2014-09-05 10:30:00,0.65768754
2014-09-06 10:30:00,0.66349995
2014-09-07 10:30:00,0.68716246
2014-09-08 10:30:00,0.46972498
2014-09-09 10:30:00,0.51537496
2014-09-10 10:30:00,0.60248744
2014-09-11 10:30:00,0.58215
2014-09-12 10:30:00,0.56866246
2014-09-13 10:30:00,0.55122495
2014-09-14 10:30:00,0.40455002
2014-09-15 10:30:00,0.43916246
2014-09-16 10:30:00,0.48311248
2014-09-17 10:30:00,0.5405625
2014-09-18 10:30:00,0.55443746
2014-09-19 10:30:00,0.49127498
2014-09-20 10:30:00,0.66942495
2014-09-21 10:30:00,0.58295
2014-09-22 10:30:00,0.61654997
2014-09-23 10:30:00,0.582075
2014-09-24 10:30:00,0.51089996
2014-09-25 10:30:00,0.4396
2014-09-26 10:30:00,0.80543745
2014-09-27 10:30:00,0.463325
2014-09-28 10:30:00,0.5270625
2014-09-29 10:30:00,0.4438625
2014-09-30 10:30:00,0.41035
2014-10-01 10:30:00,0.5859875
2014-10-02 10:30:00,0.5438375
2014-10-03 10:30:00,0.5021375
2014-10-04 10:30:00,0.576525
2014-10-05 10:30:00,0.44532502
2014-10-06 10:30:00,0.3757
2014-10-07 10:30:00,0.4488
2014-10-08 10:30:00,0.6102125
2014-10-09 10:30:00,0.5865
2014-10-10 10:30:00,0.66209996
2014-10-11 10:30:00,0.599925
2014-10-12 10:30:00,0.3514875
2014-10-13 10:30:00,0.3278625
2014-10-14 10:30:00,0.3821625
2014-10-15 10:30:00,0.3666375
2014-10-16 10:30:00,0.2972875
2014-10-17 10:30:00,0.4090625
2014-10-18 10:30:00,0.2798375
2014-10-19 10:30:00,0.203025
2014-10-20 10:30:00,0.1946375
2014-10-21 10:30:00,0.23104998
2014-10-22 10:30:00,0.2770125
2014-10-23 10:30:00,0.33159998
2014-10-24 10:30:00,0.56735
2014-10-25 10:30:00,0.47537497
2014-10-26 10:30:00,0.30267498
2014-10-27 10:30:00,0.2915375
2014-10-28 10:30:00,0.260525
2014-10-29 10:30:00,0.29857498
2014-10-30 10:30:00,0.70716244
2014-10-31 10:30:00,0.6594
2014-11-01 10:30:00,0.521625
2014-11-02 10:30:00,0.41402498
2014-11-03 10:30:00,0.5155
2014-11-04 10:30:00,0.4767125
2014-11-05 10:30:00,0.43625
2014-11-06 10:30:00,0.36509997
2014-11-07 10:30:00,0.2937
2014-11-08 10:30:00,0.3828625
2014-11-09 10:30:00,0.3402375
2014-11-10 10:30:00,0.3506375
2014-11-11 10:30:00,0.29354998
2014-11-12 10:30:00,0.24473749
2014-11-13 10:30:00,0.343525
2014-11-14 10:30:00,0.364375
2014-11-15 10:30:00,0.46533749
2014-11-16 10:30:00,0.50726247
2014-11-17 10:30:00,0.44632497
2014-11-18 10:30:00,0.3673125
2014-11-19 10:30:00,0.46595
2014-11-20 10:30:00,0.5942
2014-11-21 10:30:00,0.3751625
2014-11-22 10:30:00,0.37388748
2014-11-23 10:30:00,0.36259997
2014-11-24 10:30:00,0.38834998
2014-11-25 10:30:00,0.34702498
2014-11-26 10:30:00,0.3048125
2014-11-27 10:30:00,0.2825625
2014-11-28 10:30:00,0.279075
2014-11-29 10:30:00,0.38232496
2014-11-30 10:30:00,0.5247625
2014-12-01 10:30:00,0.19877501
2014-12-02 10:30:00,0.22383748
2014-12-03 10:30:00,0.3330875
2014-12-04 10:30:00,0.344075
2014-12-05 10:30:00,0.3478
2014-12-06 10:30:00,0.43221247
2014-12-07 10:30:00,0.4795375
2014-12-08 10:30:00,0.46752498
2014-12-09 10:30:00,0.54419994
2014-12-10 10:30:00,0.7332125
2014-12-11 10:30:00,0.5681375
2014-12-12 10:30:00,0.474775
2014-12-13 10:30:00,0.5059125
2014-12-14 10:30:00,0.592375
2014-12-15 10:30:00,0.572425
2014-12-16 10:30:00,0.44763747
2014-12-17 10:30:00,0.48345
2014-12-18 10:30:00,0.6549375
2014-12-19 10:30:00,0.70098746
2014-12-20 10:30:00,0.60099995
2014-12-21 10:30:00,0.576
2014-12-22 10:30:00,0.65207493
2014-12-23 10:30:00,0.6753
2014-12-24 10:30:00,0.49234998
2014-12-25 10:30:00,0.45497498
2014-12-26 10:30:00,0.63401246
2014-12-27 10:30:00,0.60626245
2014-12-28 10:30:00,0.621925
2014-12-29 10:30:00,0.74403745
2014-12-30 10:30:00,0.5741375
2014-12-31 10:30:00,0.42205
2015-01-01 10:30:00,0.41201252
2015-01-02 10:30:00,0.48503748
2015-01-03 10:30:00,0.6306625
2015-01-04 10:30:00,0.6038375
2015-01-05 10:30:00,0.336425
2015-01-06 10:30:00,0.25805
2015-01-07 10:30:00,0.41642502
2015-01-08 10:30:00,0.4809125
2015-01-09 10:30:00,0.557625
2015-01-10 10:30:00,0.67025
2015-01-11 10:30:00,0.5132875
2015-01-12 10:30:00,0.53284997
2015-01-13 10:30:00,0.620025
2015-01-14 10:30:00,0.6614125
2015-01-15 10:30:00,0.67620003
2015-01-16 10:30:00,0.35483748
2015-01-17 10:30:00,0.43526247
2015-01-18 10:30:00,0.5983125
2015-01-19 10:30:00,0.594925
2015-01-20 10:30:00,0.6237625
2015-01-21 10:30:00,0.59323746
2015-01-22 10:30:00,0.62334996
2015-01-23 10:30:00,0.68503743
2015-01-24 10:30:00,0.5287875
2015-01-25 10:30:00,0.41166246
2015-01-26 10:30:00,0.2998125
2015-01-27 10:30:00,0.37255
2015-01-28 10:30:00,0.3814625
2015-01-29 10:30:00,0.38068748
2015-01-30 10:30:00,0.338125
2015-01-31 10:30:00,0.385775
2015-02-01 10:30:00,0.4203125
2015-02-02 10:30:00,0.5096875
2015-02-03 10:30:00,0.5496375
2015-02-04 10:30:00,0.473175
2015-02-05 10:30:00,0.40101248
2015-02-06 10:30:00,0.29255
2015-02-07 10:30:00,0.2158625
2015-02-08 10:30:00,0.2417
2015-02-09 10:30:00,0.306975
2015-02-10 10:30:00,0.325375
2015-02-11 10:30:00,0.47672498
2015-02-12 10:30:00,0.32378748
2015-02-13 10:30:00,0.3754
2015-02-14 10:30:00,0.4836
2015-02-15 10:30:00,0.4559875
2015-02-16 10:30:00,0.52685
2015-02-17 10:30:00,0.3044625
2015-02-18 10:30:00,0.25442502
2015-02-19 10:30:00,0.30621248
2015-02-20 10:30:00,0.4783625
2015-02-21 10:30:00,0.8221
2015-02-22 10:30:00,0.5204875
2015-02-23 10:30:00,0.3460625
2015-02-24 10:30:00,0.565975
2015-02-25 10:30:00,0.56095
2015-02-26 10:30:00,0.5742875
2015-02-27 10:30:00,0.4968875
2015-02-28 10:30:00,0.5961125
2015-03-01 10:30:00,0.34967497
2015-03-02 10:30:00,0.365325
2015-03-03 10:30:00,0.6300125
2015-03-04 10:30:00,0.4618875
2015-03-05 10:30:00,0.58975
2015-03-06 10:30:00,0.4280125
2015-03-07 10:30:00,0.2980375
2015-03-08 10:30:00,0.296375
2015-03-09 10:30:00,0.2768375
2015-03-10 10:30:00,0.34298748
2015-03-11 10:30:00,0.2521125
2015-03-12 10:30:00,0.44971249
2015-03-13 10:30:00,0.40072498
2015-03-14 10:30:00,0.42704996
2015-03-15 10:30:00,0.29854998
2015-03-16 10:30:00,0.2262125
2015-03-17 10:30:00,0.2136375
2015-03-18 10:30:00,0.26595
2015-03-19 10:30:00,0.23903748
2015-03-20 10:30:00,0.19133751
2015-03-21 10:30:00,0.1412375
2015-03-22 10:30:00,0.1538875
2015-03-23 10:30:00,0.15898749
2015-03-24 10:30:00,0.22768751
2015-03-25 10:30:00,0.137225
2015-03-26 10:30:00,0.1296625
2015-03-27 10:30:00,0.32389998
2015-03-28 10:30:00,0.4926375
2015-03-29 10:30:00,0.2338125
2015-03-30 10:30:00,0.2190875
2015-03-31 10:30:00,0.13471249
2015-04-01 10:30:00,0.1368375
2015-04-02 10:30:00,0.68074995
2015-04-03 10:30:00,0.3995
2015-04-04 10:30:00,0.8483
2015-04-05 10:30:00,0.59279996
2015-04-06 10:30:00,0.4474625
2015-04-07 10:30:00,0.42357498
2015-04-08 10:30:00,0.49901247
2015-04-09 10:30:00,0.396075
2015-04-10 10:30:00,0.4174625
2015-04-11 10:30:00,0.36609998
2015-04-12 10:30:00,0.2418
2015-04-13 10:30:00,0.2109125
2015-04-14 10:30:00,0.2908375
2015-04-15 10:30:00,0.35919997
2015-04-16 10:30:00,0.2459375
2015-04-17 10:30:00,0.15359999
2015-04-18 10:30:00,0.1921875
2015-04-19 10:30:00,0.16145
2015-04-20 10:30:00,0.186775
2015-04-21 10:30:00,0.22227499
2015-04-22 10:30:00,0.19725
2015-04-23 10:30:00,0.27476248
2015-04-24 10:30:00,0.1668125
2015-04-25 10:30:00,0.251075
2015-04-26 10:30:00,0.17095
2015-04-27 10:30:00,0.26985
2015-04-28 10:30:00,0.3127125
2015-04-29 10:30:00,0.18511249
2015-04-30 10:30:00,0.109875
2015-05-01 10:30:00,0.33429998
2015-05-02 10:30:00,0.40013748
2015-05-03 10:30:00,0.2235375
2015-05-04 10:30:00,0.2159
2015-05-05 10:30:00,0.353475
2015-05-06 10:30:00,0.33630002
2015-05-07 10:30:00,0.78753746
2015-05-08 10:30:00,0.65819997
2015-05-09 10:30:00,0.35588747
2015-05-10 10:30:00,0.46651247
2015-05-11 10:30:00,0.8874125
2015-05-12 10:30:00,0.7831375
2015-05-13 10:30:00,0.63221246
2015-05-14 10:30:00,0.2930125
2015-05-15 10:30:00,0.28665
2015-05-16 10:30:00,0.3677375
2015-05-17 10:30:00,0.5876875
2015-05-18 10:30:00,0.70516247
2015-05-19 10:30:00,0.632975
2015-05-20 10:30:00,0.2926375
2015-05-21 10:30:00,0.2528625
2015-05-22 10:30:00,0.201525
2015-05-23 10:30:00,0.35599998
2015-05-24 10:30:00,0.3082625
2015-05-25 10:30:00,0.5642
2015-05-26 10:30:00,0.531875
2015-05-27 10:30:00,0.44556248
2015-05-28 10:30:00,0.71577495
2015-05-29 10:30:00,0.45018747
2015-05-30 10:30:00,0.3391375
2015-05-31 10:30:00,0.49735
2015-06-01 10:30:00,0.39395
2015-06-02 10:30:00,0.4142625
2015-06-03 10:30:00,0.2871875
2015-06-04 10:30:00,0.54085
2015-06-05 10:30:00,0.88167495
2015-06-06 10:30:00,0.75936246
2015-06-07 10:30:00,0.6156
2015-06-08 10:30:00,0.61333746
2015-06-09 10:30:00,0.59993744
2015-06-10 10:30:00,0.696825
2015-06-11 10:30:00,0.87395
2015-06-12 10:30:00,0.8765249
2015-06-13 10:30:00,0.70724994
2015-06-14 10:30:00,0.543125
2015-06-15 10:30:00,0.395975
2015-06-16 10:30:00,0.49079996
2015-06-17 10:30:00,0.76033753
2015-06-18 10:30:00,0.8025
2015-06-19 10:30:00,0.60784996
2015-06-20 10:30:00,0.52075
2015-06-21 10:30:00,0.43818748
2015-06-22 10:30:00,0.56022495
2015-06-23 10:30:00,0.60891247
2015-06-24 10:30:00,0.68167496
2015-06-25 10:30:00,0.6879875
2015-06-26 10:30:00,0.56525
2015-06-27 10:30:00,0.57105
2015-06-28 10:30:00,0.613225
2015-06-29 10:30:00,0.48748747
2015-06-30 10:30:00,0.635575
2015-07-01 10:30:00,0.6763875
2015-07-02 10:30:00,0.796775
2015-07-03 10:30:00,0.5985125
2015-07-04 10:30:00,0.5456375
2015-07-05 10:30:00,0.51221246
2015-07-06 10:30:00,0.48714998
2015-07-07 10:30:00,0.47945
2015-07-08 10:30:00,0.49134997
2015-07-09 10:30:00,0.44415
2015-07-10 10:30:00,0.5128
2015-07-11 10:30:00,0.6518875
2015-07-12 10:30:00,0.540775
2015-07-13 10:30:00,0.4745
2015-07-14 10:30:00,0.5810625
2015-07-15 10:30:00,0.656325
2015-07-16 10:30:00,0.5178125
2015-07-17 10:30:00,0.552225
2015-07-18 10:30:00,0.5036375
2015-07-19 10:30:00,0.48146248
2015-07-20 10:30:00,0.8132
2015-07-21 10:30:00,0.7368875
2015-07-22 10:30:00,0.8293875
2015-07-23 10:30:00,0.78865
2015-07-24 10:30:00,0.7244375
2015-07-25 10:30:00,0.7883125
2015-07-26 10:30:00,0.62167495
2015-07-27 10:30:00,0.480475
2015-07-28 10:30:00,0.5646875
2015-07-29 10:30:00,0.6726124
2015-07-30 10:30:00,0.5954875
2015-07-31 10:30:00,0.623875
2015-08-01 10:30:00,0.5925125
2015-08-02 10:30:00,0.60802495
2015-08-03 10:30:00,0.47735
2015-08-04 10:30:00,0.49599996
2015-08-05 10:30:00,0.6261125
2015-08-06 10:30:00,0.80387497
2015-08-07 10:30:00,0.66723746
2015-08-08 10:30:00,0.72638744
2015-08-09 10:30:00,0.82833743
2015-08-10 10:30:00,0.67125
2015-08-11 10:30:00,0.7255874
2015-08-12 10:30:00,0.66910005
2015-08-13 10:30:00,0.5984875
2015-08-14 10:30:00,0.78347504
2015-08-15 10:30:00,0.80231243
2015-08-16 10:30:00,0.83788747
2015-08-17 10:30:00,0.7303875
2015-08-18 10:30:00,0.81
2015-08-19 10:30:00,0.71705
2015-08-20 10:30:00,0.8037625
2015-08-21 10:30:00,0.78206253
2015-08-22 10:30:00,0.759075
2015-08-23 10:30:00,0.7941375
2015-08-24 10:30:00,0.84762496
2015-08-25 10:30:00,0.81277496
2015-08-26 10:30:00,0.6575625
2015-08-27 10:30:00,0.60351247
2015-08-28 10:30:00,0.807475
2015-08-29 10:30:00,0.84328747
2015-08-30 10:30:00,0.86592495
2015-08-31 10:30:00,0.8742125
2015-09-01 10:30:00,0.7661374
2015-09-02 10:30:00,0.711825
2015-09-03 10:30:00,0.5976
2015-09-04 10:30:00,0.602075
2015-09-05 10:30:00,0.58355
2015-09-06 10:30:00,0.5535875
2015-09-07 10:30:00,0.85996246
2015-09-08 10:30:00,0.75906247
2015-09-09 10:30:00,0.5816125
2015-09-10 10:30:00,0.487825
2015-09-11 10:30:00,0.5202
2015-09-12 10:30:00,0.585925
2015-09-13 10:30:00,0.5715
2015-09-14 10:30:00,0.5012625
2015-09-15 10:30:00,0.5429625
2015-09-16 10:30:00,0.57612497
2015-09-17 10:30:00,0.67991245
2015-09-18 10:30:00,0.79801255
2015-09-19 10:30:00,0.55527496
2015-09-20 10:30:00,0.545125
2015-09-21 10:30:00,0.54461247
2015-09-22 10:30:00,0.91315
2015-09-23 10:30:00,0.692825
2015-09-24 10:30:00,0.755775
2015-09-25 10:30:00,0.68590003
2015-09-26 10:30:00,0.6297125
2015-09-27 10:30:00,0.593875
2015-09-28 10:30:00,0.5281625
2015-09-29 10:30:00,0.448825
2015-09-30 10:30:00,0.69383746
2015-10-01 10:30:00,0.449975
2015-10-02 10:30:00,0.35102502
2015-10-03 10:30:00,0.36636248
2015-10-04 10:30:00,0.38513747
2015-10-05 10:30:00,0.61416245
2015-10-06 10:30:00,0.48749998
2015-10-07 10:30:00,0.4232875
2015-10-08 10:30:00,0.3763375
2015-10-09 10:30:00,0.4450625
2015-10-10 10:30:00,0.8490875
2015-10-11 10:30:00,0.6112125
2015-10-12 10:30:00,0.518
2015-10-13 10:30:00,0.5227375
2015-10-14 10:30:00,0.599625
2015-10-15 10:30:00,0.49269998
2015-10-16 10:30:00,0.3177375
2015-10-17 10:30:00,0.31313747
2015-10-18 10:30:00,0.2820125
2015-10-19 10:30:00,0.29453748
2015-10-20 10:30:00,0.3277
2015-10-21 10:30:00,0.35021248
2015-10-22 10:30:00,0.3403875
2015-10-23 10:30:00,0.201625
2015-10-24 10:30:00,0.2730625
2015-10-25 10:30:00,0.342125
2015-10-26 10:30:00,0.47384998
2015-10-27 10:30:00,0.33845
2015-10-28 10:30:00,0.32748747
2015-10-29 10:30:00,0.3302375
2015-10-30 10:30:00,0.33159998
2015-10-31 10:30:00,0.3367625
2015-11-01 10:30:00,0.2723125
2015-11-02 10:30:00,0.36802498
2015-11-03 10:30:00,0.2917375
2015-11-04 10:30:00,0.2813875
2015-11-05 10:30:00,0.2506125
2015-11-06 10:30:00,0.389175
2015-11-07 10:30:00,0.3968125
2015-11-08 10:30:00,0.32993752
2015-11-09 10:30:00,0.49580002
2015-11-10 10:30:00,0.4956375
2015-11-11 10:30:00,0.54873747
2015-11-12 10:30:00,0.6915
2015-11-13 10:30:00,0.8575875
2015-11-14 10:30:00,0.669375
2015-11-15 10:30:00,0.23120001
2015-11-16 10:30:00,0.6086625
2015-11-17 10:30:00,0.56111246
2015-11-18 10:30:00,0.6337875
2015-11-19 10:30:00,0.67972505
2015-11-20 10:30:00,0.6337875
2015-11-21 10:30:00,0.552
2015-11-22 10:30:00,0.5530125
2015-11-23 10:30:00,0.5421625
2015-11-24 10:30:00,0.5362875
2015-11-25 10:30:00,0.5476625
2015-11-26 10:30:00,0.568325
2015-11-27 10:30:00,0.7259375
2015-11-28 10:30:00,0.538625
2015-11-29 10:30:00,0.7060499
2015-11-30 10:30:00,0.70848745
2015-12-01 10:30:00,0.822275
2015-12-02 10:30:00,0.78815
2015-12-03 10:30:00,0.5668125
2015-12-04 10:30:00,0.47698748
2015-12-05 10:30:00,0.522
2015-12-06 10:30:00,0.6431125
2015-12-07 10:30:00,0.62588745
2015-12-08 10:30:00,0.6579875
2015-12-09 10:30:00,0.70936245
2015-12-10 10:30:00,0.6789875
2015-12-11 10:30:00,0.6227625
2015-12-12 10:30:00,0.64428747
2015-12-13 10:30:00,0.65738744
2015-12-14 10:30:00,0.78671247
2015-12-15 10:30:00,0.561925
2015-12-16 10:30:00,0.4727875
2015-12-17 10:30:00,0.5607125
2015-12-18 10:30:00,0.578025
2015-12-19 10:30:00,0.64902496
2015-12-20 10:30:00,0.734675
2015-12-21 10:30:00,0.74053746
2015-12-22 10:30:00,0.6853375
2015-12-23 10:30:00,0.548975
2015-12-24 10:30:00,0.51175
2015-12-25 10:30:00,0.574025
2015-12-26 10:30:00,0.3798875
2015-12-27 10:30:00,0.3676375
2015-12-28 10:30:00,0.49975
2015-12-29 10:30:00,0.68012494
2015-12-30 10:30:00,0.6429375
2015-12-31 10:30:00,0.689875
2016-01-01 10:30:00,0.68848747
2016-01-02 10:30:00,0.70675004
2016-01-03 10:30:00,0.5387625
2016-01-04 10:30:00,0.4227
2016-01-05 10:30:00,0.51761246
2016-01-06 10:30:00,0.4497875
2016-01-07 10:30:00,0.4474375
2016-01-08 10:30:00,0.436175
2016-01-09 10:30:00,0.4140125
2016-01-10 10:30:00,0.34489998
2016-01-11 10:30:00,0.3639125
2016-01-12 10:30:00,0.40441248
2016-01-13 10:30:00,0.4431625
2016-01-14 10:30:00,0.56006247
2016-01-15 10:30:00,0.6843125
2016-01-16 10:30:00,0.605275
2016-01-17 10:30:00,0.409775
2016-01-18 10:30:00,0.50693744
2016-01-19 10:30:00,0.5204
2016-01-20 10:30:00,0.5177
2016-01-21 10:30:00,0.47007498
2016-01-22 10:30:00,0.3895625
2016-01-23 10:30:00,0.42639998
2016-01-24 10:30:00,0.3390875
2016-01-25 10:30:00,0.33936247
2016-01-26 10:30:00,0.3664375
2016-01-27 10:30:00,0.4094875
2016-01-28 10:30:00,0.3594125
2016-01-29 10:30:00,0.3540625
2016-01-30 10:30:00,0.42763752
2016-01-31 10:30:00,0.398475
2016-02-01 10:30:00,0.3714125
2016-02-02 10:30:00,0.357375
2016-02-03 10:30:00,0.3576125
2016-02-04 10:30:00,0.37415
2016-02-05 10:30:00,0.43662497
2016-02-06 10:30:00,0.45903745
2016-02-07 10:30:00,0.62584996
2016-02-08 10:30:00,0.61211246
2016-02-09 10:30:00,0.55885
2016-02-10 10:30:00,0.638125
2016-02-11 10:30:00,0.6519125
2016-02-12 10:30:00,0.347625
2016-02-13 10:30:00,0.3084
2016-02-14 10:30:00,0.3050125
2016-02-15 10:30:00,0.38693747
2016-02-16 10:30:00,0.3423125
2016-02-17 10:30:00,0.44948748
2016-02-18 10:30:00,0.46046248
2016-02-19 10:30:00,0.354725
2016-02-20 10:30:00,0.3340875
2016-02-21 10:30:00,0.30409998
2016-02-22 10:30:00,0.3358875
2016-02-23 10:30:00,0.31434998
2016-02-24 10:30:00,0.3551125
2016-02-25 10:30:00,0.352
2016-02-26 10:30:00,0.37336248
2016-02-27 10:30:00,0.27855
2016-02-28 10:30:00,0.41187498
2016-02-29 10:30:00,0.33654997
2016-03-01 10:30:00,0.38408747
2016-03-02 10:30:00,0.6290375
2016-03-03 10:30:00,0.54455
2016-03-04 10:30:00,0.653625
2016-03-05 10:30:00,0.516725
2016-03-06 10:30:00,0.3669875
2016-03-07 10:30:00,0.28932497
2016-03-08 10:30:00,0.32138747
2016-03-09 10:30:00,0.30831248
2016-03-10 10:30:00,0.3346125
2016-03-11 10:30:00,0.354425
2016-03-12 10:30:00,0.2734625
2016-03-13 10:30:00,0.29553747
2016-03-14 10:30:00,0.3921125
2016-03-15 10:30:00,0.2859625
2016-03-16 10:30:00,0.22927499
2016-03-17 10:30:00,0.35548747
2016-03-18 10:30:00,0.546725
2016-03-19 10:30:00,0.3343875
2016-03-20 10:30:00,0.28024998
2016-03-21 10:30:00,0.6865875
2016-03-22 10:30:00,0.2900875
2016-03-23 10:30:00,0.2628
2016-03-24 10:30:00,0.2595875
2016-03-25 10:30:00,0.22992499
2016-03-26 10:30:00,0.22983749
2016-03-27 10:30:00,0.1729375
2016-03-28 10:30:00,0.20526248
2016-03-29 10:30:00,0.35903752
2016-03-30 10:30:00,0.3010125
2016-03-31 10:30:00,0.2515375
2016-04-01 10:30:00,0.37725
2016-04-02 10:30:00,0.26915
2016-04-03 10:30:00,0.2596
2016-04-04 10:30:00,0.3407125
2016-04-05 10:30:00,0.2377
2016-04-06 10:30:00,0.25843748
2016-04-07 10:30:00,0.1608
2016-04-08 10:30:00,0.1455
2016-04-09 10:30:00,0.1745375
2016-04-10 10:30:00,0.188275
2016-04-11 10:30:00,0.20851249
2016-04-12 10:30:00,0.27796248
2016-04-13 10:30:00,0.5743375
2016-04-14 10:30:00,0.42721248
2016-04-15 10:30:00,0.674475
2016-04-16 10:30:00,0.725625
2016-04-17 10:30:00,0.2982625
2016-04-18 10:30:00,0.3335375
2016-04-19 10:30:00,0.21014999
2016-04-20 10:30:00,0.21204999
2016-04-21 10:30:00,0.2162875
2016-04-22 10:30:00,0.3491625
2016-04-23 10:30:00,0.24565
2016-04-24 10:30:00,0.47042498
2016-04-25 10:30:00,0.3107
2016-04-26 10:30:00,0.276525
2016-04-27 10:30:00,0.40705
2016-04-28 10:30:00,0.27278748
2016-04-29 10:30:00,0.311925
2016-04-30 10:30:00,0.4247625
2016-05-01 10:30:00,0.50624996
2016-05-02 10:30:00,0.48398748
2016-05-03 10:30:00,0.2829375
2016-05-04 10:30:00,0.16875
2016-05-05 10:30:00,0.6410875
2016-05-06 10:30:00,0.6467375
2016-05-07 10:30:00,0.2688125
2016-05-08 10:30:00,0.3172375
2016-05-09 10:30:00,0.33861247
2016-05-10 10:30:00,0.20914999
2016-05-11 10:30:00,0.572275
2016-05-12 10:30:00,0.5319875
2016-05-13 10:30:00,0.2759375
2016-05-14 10:30:00,0.43925
2016-05-15 10:30:00,0.38013747
2016-05-16 10:30:00,0.34051248
2016-05-17 10:30:00,0.15177499
2016-05-18 10:30:00,0.22436251
2016-05-19 10:30:00,0.2616
2016-05-20 10:30:00,0.27458748
2016-05-21 10:30:00,0.2567625
2016-05-22 10:30:00,0.1797375
2016-05-23 10:30:00,0.5255375
2016-05-24 10:30:00,0.7900875
2016-05-25 10:30:00,0.4349875
2016-05-26 10:30:00,0.2928125
2016-05-27 10:30:00,0.35326248
2016-05-28 10:30:00,0.2797875
2016-05-29 10:30:00,0.23573749
2016-05-30 10:30:00,0.39906248
2016-05-31 10:30:00,0.34485
2016-06-01 10:30:00,0.318375
2016-06-02 10:30:00,0.35287496
2016-06-03 10:30:00,0.3545625
2016-06-04 10:30:00,0.34943748
2016-06-05 10:30:00,0.3012375
2016-06-06 10:30:00,0.692675
2016-06-07 10:30:00,0.497825
2016-06-08 10:30:00,0.371875
2016-06-09 10:30:00,0.56198746
2016-06-10 10:30:00,0.76033753
2016-06-11 10:30:00,0.63809997
2016-06-12 10:30:00,0.65706253
2016-06-13 10:30:00,0.5598625
2016-06-14 10:30:00,0.54943746
2016-06-15 10:30:00,0.670175
2016-06-16 10:30:00,0.63941246
2016-06-17 10:30:00,0.81796247
2016-06-18 10:30:00,0.741
2016-06-19 10:30:00,0.64089996
2016-06-20 10:30:00,0.64809996
2016-06-21 10:30:00,0.69089997
2016-06-22 10:30:00,0.79653746
2016-06-23 10:30:00,0.656575
2016-06-24 10:30:00,0.5528125
2016-06-25 10:30:00,0.48142502
2016-06-26 10:30:00,0.41447496
2016-06-27 10:30:00,0.55628747
2016-06-28 10:30:00,0.6079125
2016-06-29 10:30:00,0.81976247
2016-06-30 10:30:00,0.703525
2016-07-01 10:30:00,0.504525
2016-07-02 10:30:00,0.430825
2016-07-03 10:30:00,0.48224998
2016-07-04 10:30:00,0.40992498
2016-07-05 10:30:00,0.43209997
2016-07-06 10:30:00,0.404425
2016-07-07 10:30:00,0.40621248
2016-07-08 10:30:00,0.643325
2016-07-09 10:30:00,0.6732
2016-07-10 10:30:00,0.4736
2016-07-11 10:30:00,0.576925
2016-07-12 10:30:00,0.7123875
2016-07-13 10:30:00,0.51766247
2016-07-14 10:30:00,0.4534125
2016-07-15 10:30:00,0.4328875
2016-07-16 10:30:00,0.5506375
2016-07-17 10:30:00,0.5488875
2016-07-18 10:30:00,0.42544997
2016-07-19 10:30:00,0.55833745
2016-07-20 10:30:00,0.631825
2016-07-21 10:30:00,0.632625
2016-07-22 10:30:00,0.8767875
2016-07-23 10:30:00,0.791725
2016-07-24 10:30:00,0.512575
2016-07-25 10:30:00,0.629125
2016-07-26 10:30:00,0.5908375
2016-07-27 10:30:00,0.4515125
2016-07-28 10:30:00,0.55022496
2016-07-29 10:30:00,0.5056
2016-07-30 10:30:00,0.53748745
2016-07-31 10:30:00,0.73440003
2016-08-01 10:30:00,0.58502495
2016-08-02 10:30:00,0.48357496
2016-08-03 10:30:00,0.5668
2016-08-04 10:30:00,0.5670625
2016-08-05 10:30:00,0.5984375
2016-08-06 10:30:00,0.8386875
2016-08-07 10:30:00,0.4253125
2016-08-08 10:30:00,0.47028747
2016-08-09 10:30:00,0.53713745
2016-08-10 10:30:00,0.6002
2016-08-11 10:30:00,0.379
2016-08-12 10:30:00,0.2926125
2016-08-13 10:30:00,0.38175
2016-08-14 10:30:00,0.4292625
2016-08-15 10:30:00,0.478525
2016-08-16 10:30:00,0.56355
2016-08-17 10:30:00,0.48989996
2016-08-18 10:30:00,0.59
2016-08-19 10:30:00,0.5726375
2016-08-20 10:30:00,0.72771245
2016-08-21 10:30:00,0.586675
2016-08-22 10:30:00,0.57439995
2016-08-23 10:30:00,0.66288745
2016-08-24 10:30:00,0.485075
2016-08-25 10:30:00,0.3334625
2016-08-26 10:30:00,0.38773748
2016-08-27 10:30:00,0.35998747
2016-08-28 10:30:00,0.38808748
2016-08-29 10:30:00,0.34832498
2016-08-30 10:30:00,0.5375625
2016-08-31 10:30:00,0.90207505
2016-09-01 10:30:00,0.91933745
2016-09-02 10:30:00,0.80042493
2016-09-03 10:30:00,0.81903744
2016-09-04 10:30:00,0.8795125
2016-09-05 10:30:00,0.8325
2016-09-06 10:30:00,0.7705375
2016-09-07 10:30:00,0.6184125
2016-09-08 10:30:00,0.80842495
2016-09-09 10:30:00,0.87372494
2016-09-10 10:30:00,0.79521245
2016-09-11 10:30:00,0.72008747
2016-09-12 10:30:00,0.8126
2016-09-13 10:30:00,0.7506875
2016-09-14 10:30:00,0.862475
2016-09-15 10:30:00,0.5340125
2016-09-16 10:30:00,0.6718
2016-09-17 10:30:00,0.59239995
2016-09-18 10:30:00,0.52459997
2016-09-19 10:30:00,0.4815625
2016-09-20 10:30:00,0.45453748
2016-09-21 10:30:00,0.4377375
2016-09-22 10:30:00,0.59398746
2016-09-23 10:30:00,0.65198743
2016-09-24 10:30:00,0.71631247
2016-09-25 10:30:00,0.489975
2016-09-26 10:30:00,0.7635
2016-09-27 10:30:00,0.6916125
2016-09-28 10:30:00,0.516275
2016-09-29 10:30:00,0.5764875
2016-09-30 10:30:00,0.5533625
2016-10-01 10:30:00,0.47555
2016-10-02 10:30:00,0.55185
2016-10-03 10:30:00,0.5670375
2016-10-04 10:30:00,0.646325
2016-10-05 10:30:00,0.46891248
2016-10-06 10:30:00,0.427125
2016-10-07 10:30:00,0.8079125
2016-10-08 10:30:00,0.5025
2016-10-09 10:30:00,0.502425
2016-10-10 10:30:00,0.441625
2016-10-11 10:30:00,0.38753748
2016-10-12 10:30:00,0.4579
2016-10-13 10:30:00,0.4987875
2016-10-14 10:30:00,0.69836247
2016-10-15 10:30:00,0.5241875
2016-10-16 10:30:00,0.537125
2016-10-17 10:30:00,0.3869625
2016-10-18 10:30:00,0.50331247
2016-10-19 10:30:00,0.71398747
2016-10-20 10:30:00,0.370875
2016-10-21 10:30:00,0.7131375
2016-10-22 10:30:00,0.50775
2016-10-23 10:30:00,0.463325
2016-10-24 10:30:00,0.44457498
2016-10-25 10:30:00,0.5092
2016-10-26 10:30:00,0.4145875
2016-10-27 10:30:00,0.42834997
2016-10-28 10:30:00,0.3359375
2016-10-29 10:30:00,0.3746875
2016-10-30 10:30:00,0.3158875
2016-10-31 10:30:00,0.329
2016-11-01 10:30:00,0.3139625
2016-11-02 10:30:00,0.3156875
2016-11-03 10:30:00,0.4164
2016-11-04 10:30:00,0.6852625
2016-11-05 10:30:00,0.6802375
2016-11-06 10:30:00,0.6560375
2016-11-07 10:30:00,0.728075
2016-11-08 10:30:00,0.51551247
2016-11-09 10:30:00,0.571275
2016-11-10 10:30:00,0.7851
2016-11-11 10:30:00,0.54442495
2016-11-12 10:30:00,0.6176125
2016-11-13 10:30:00,0.74276245
2016-11-14 10:30:00,0.48955
2016-11-15 10:30:00,0.569075
2016-11-16 10:30:00,0.6116625
2016-11-17 10:30:00,0.67515
2016-11-18 10:30:00,0.6152
2016-11-19 10:30:00,0.6003375
2016-11-20 10:30:00,0.39052498
2016-11-21 10:30:00,0.4115125
2016-11-22 10:30:00,0.4460125
2016-11-23 10:30:00,0.452025
2016-11-24 10:30:00,0.538975
2016-11-25 10:30:00,0.6227
2016-11-26 10:30:00,0.6848124
2016-11-27 10:30:00,0.53415
2016-11-28 10:30:00,0.4930875
2016-11-29 10:30:00,0.55513746
2016-11-30 10:30:00,0.5178
2016-12-01 10:30:00,0.47101247
2016-12-02 10:30:00,0.5923375
2016-12-03 10:30:00,0.42143747
2016-12-04 10:30:00,0.35694999
2016-12-05 10:30:00,0.45295
2016-12-06 10:30:00,0.6059125
2016-12-07 10:30:00,0.58265
2016-12-08 10:30:00,0.6213
2016-12-09 10:30:00,0.47869998
2016-12-10 10:30:00,0.5554
2016-12-11 10:30:00,0.672375
2016-12-12 10:30:00,0.52175
2016-12-13 10:30:00,0.465875
2016-12-14 10:30:00,0.435325
2016-12-15 10:30:00,0.42153752
2016-12-16 10:30:00,0.58985
2016-12-17 10:30:00,0.51965
2016-12-18 10:30:00,0.6311375
2016-12-19 10:30:00,0.6721625
2016-12-20 10:30:00,0.681575
2016-12-21 10:30:00,0.6060625
2016-12-22 10:30:00,0.3969625
2016-12-23 10:30:00,0.4921875
2016-12-24 10:30:00,0.60985
2016-12-25 10:30:00,0.450775
2016-12-26 10:30:00,0.34631246
2016-12-27 10:30:00,0.44033748
2016-12-28 10:30:00,0.41809997
2016-12-29 10:30:00,0.40927497
2016-12-30 10:30:00,0.4712625
2016-12-31 10:30:00,0.563925
2017-01-01 10:30:00,0.6297875
2017-01-02 10:30:00,0.56502503
2017-01-03 10:30:00,0.53870004
2017-01-04 10:30:00,0.60096246
2017-01-05 10:30:00,0.5701625
2017-01-06 10:30:00,0.6225
2017-01-07 10:30:00,0.6281625
2017-01-08 10:30:00,0.45673752
2017-01-09 10:30:00,0.3188625
2017-01-10 10:30:00,0.3615
2017-01-11 10:30:00,0.3871125
2017-01-12 10:30:00,0.3440375
2017-01-13 10:30:00,0.44382498
2017-01-14 10:30:00,0.41208747
2017-01-15 10:30:00,0.4528625
2017-01-16 10:30:00,0.56995
2017-01-17 10:30:00,0.6279875
2017-01-18 10:30:00,0.50925
2017-01-19 10:30:00,0.4550125
2017-01-20 10:30:00,0.453025
2017-01-21 10:30:00,0.62605
2017-01-22 10:30:00,0.40606248
2017-01-23 10:30:00,0.35892498
2017-01-24 10:30:00,0.3951875
2017-01-25 10:30:00,0.36857498
2017-01-26 10:30:00,0.35483748
2017-01-27 10:30:00,0.35959998
2017-01-28 10:30:00,0.4259375
2017-01-29 10:30:00,0.36131248
2017-01-30 10:30:00,0.3545375
2017-01-31 10:30:00,0.308725
2017-02-01 10:30:00,0.2904625
2017-02-02 10:30:00,0.383325
2017-02-03 10:30:00,0.4039375
2017-02-04 10:30:00,0.5509125
2017-02-05 10:30:00,0.4426
2017-02-06 10:30:00,0.3221625
2017-02-07 10:30:00,0.40775
2017-02-08 10:30:00,0.3597625
2017-02-09 10:30:00,0.37939999
2017-02-10 10:30:00,0.38318747
2017-02-11 10:30:00,0.344625
2017-02-12 10:30:00,0.40156248
2017-02-13 10:30:00,0.370175
2017-02-14 10:30:00,0.3599625
2017-02-15 10:30:00,0.48616248
2017-02-16 10:30:00,0.2617625
2017-02-17 10:30:00,0.2065
2017-02-18 10:30:00,0.2300625
2017-02-19 10:30:00,0.6360875
2017-02-20 10:30:00,0.3974875
2017-02-21 10:30:00,0.53833747
2017-02-22 10:30:00,0.38137498
2017-02-23 10:30:00,0.3850625
2017-02-24 10:30:00,0.4740875
2017-02-25 10:30:00,0.4087875
2017-02-26 10:30:00,0.4496125
2017-02-27 10:30:00,0.39159998
2017-02-28 10:30:00,0.3199375
2017-03-01 10:30:00,0.2656625
2017-03-02 10:30:00,0.39459997
2017-03-03 10:30:00,0.401575
2017-03-04 10:30:00,0.34919998
2017-03-05 10:30:00,0.259
2017-03-06 10:30:00,0.32881248
2017-03-07 10:30:00,0.3019875
2017-03-08 10:30:00,0.27932498
2017-03-09 10:30:00,0.308225
2017-03-10 10:30:00,0.244675
2017-03-11 10:30:00,0.311625
2017-03-12 10:30:00,0.26122501
2017-03-13 10:30:00,0.28112498
2017-03-14 10:30:00,0.292525
2017-03-15 10:30:00,0.2890625
2017-03-16 10:30:00,0.259175
2017-03-17 10:30:00,0.36038747
2017-03-18 10:30:00,0.21932499
2017-03-19 10:30:00,0.22136249
2017-03-20 10:30:00,0.31033748
2017-03-21 10:30:00,0.26909998
2017-03-22 10:30:00,0.2583125
2017-03-23 10:30:00,0.2774
2017-03-24 10:30:00,0.25384998
2017-03-25 10:30:00,0.28428748
2017-03-26 10:30:00,0.365875
2017-03-27 10:30:00,0.31046247
2017-03-28 10:30:00,0.28235
2017-03-29 10:30:00,0.54856247
2017-03-30 10:30:00,0.32868746
2017-03-31 10:30:00,0.24018751
2017-04-01 10:30:00,0.1945125
2017-04-02 10:30:00,0.16679999
2017-04-03 10:30:00,0.1134
2017-04-04 10:30:00,0.19362499
2017-04-05 10:30:00,0.325675
2017-04-06 10:30:00,0.33116248
2017-04-07 10:30:00,0.42216247
2017-04-08 10:30:00,0.14721249
2017-04-09 10:30:00,0.131875
2017-04-10 10:30:00,0.1292
2017-04-11 10:30:00,0.1324625
2017-04-12 10:30:00,0.0986375
2017-04-13 10:30:00,0.1620125
2017-04-14 10:30:00,0.1425875
2017-04-15 10:30:00,0.0971125
2017-04-16 10:30:00,0.23362498
2017-04-17 10:30:00,0.4607625
2017-04-18 10:30:00,0.47597498
2017-04-19 10:30:00,0.2942125
2017-04-20 10:30:00,0.31057498
2017-04-21 10:30:00,0.17879999
2017-04-22 10:30:00,0.2059625
2017-04-23 10:30:00,0.3116375
2017-04-24 10:30:00,0.48616248
2017-04-25 10:30:00,0.5720625
2017-04-26 10:30:00,0.36021248
2017-04-27 10:30:00,0.24687499
2017-04-28 10:30:00,0.2045375
2017-04-29 10:30:00,0.20754999
2017-04-30 10:30:00,0.257475
2017-05-01 10:30:00,0.1883
2017-05-02 10:30:00,0.2111375
2017-05-03 10:30:00,0.354
2017-05-04 10:30:00,0.22094999
2017-05-05 10:30:00,0.4455875
2017-05-06 10:30:00,0.1960875
2017-05-07 10:30:00,0.2964875
2017-05-08 10:30:00,0.22616251
2017-05-09 10:30:00,0.19514999
2017-05-10 10:30:00,0.3977875
2017-05-11 10:30:00,0.3266625
2017-05-12 10:30:00,0.2891875
2017-05-13 10:30:00,0.38428748
2017-05-14 10:30:00,0.3840375
2017-05-15 10:30:00,0.251625
2017-05-16 10:30:00,0.2981625
2017-05-17 10:30:00,0.29358748
2017-05-18 10:30:00,0.1471625
2017-05-19 10:30:00,0.14935
2017-05-20 10:30:00,0.4435625
2017-05-21 10:30:00,0.65999997
2017-05-22 10:30:00,0.53735
2017-05-23 10:30:00,0.3594625
2017-05-24 10:30:00,0.314475
2017-05-25 10:30:00,0.2405875
2017-05-26 10:30:00,0.23192501
2017-05-27 10:30:00,0.2474125
2017-05-28 10:30:00,0.16352499
2017-05-29 10:30:00,0.18280001
2017-05-30 10:30:00,0.1726
2017-05-31 10:30:00,0.3326625
2017-06-01 10:30:00,0.40706247
2017-06-02 10:30:00,0.44178748
2017-06-03 10:30:00,0.4374
2017-06-04 10:30:00,0.3569125
2017-06-05 10:30:00,0.22323748
2017-06-06 10:30:00,0.5629
2017-06-07 10:30:00,0.33118752
2017-06-08 10:30:00,0.42794997
2017-06-09 10:30:00,0.2837125
2017-06-10 10:30:00,0.40601248
2017-06-11 10:30:00,0.44097498
2017-06-12 10:30:00,0.3447
2017-06-13 10:30:00,0.22315
2017-06-14 10:30:00,0.2743
2017-06-15 10:30:00,0.34125
2017-06-16 10:30:00,0.46973747
2017-06-17 10:30:00,0.5842375
2017-06-18 10:30:00,0.719525
2017-06-19 10:30:00,0.573775
2017-06-20 10:30:00,0.7345875
2017-06-21 10:30:00,0.718
2017-06-22 10:30:00,0.43139997
2017-06-23 10:30:00,0.37669998
2017-06-24 10:30:00,0.3955125
2017-06-25 10:30:00,0.46691248
2017-06-26 10:30:00,0.40507498
2017-06-27 10:30:00,0.39337498
2017-06-28 10:30:00,0.4260625
2017-06-29 10:30:00,0.5785375
2017-06-30 10:30:00,0.6547125
2017-07-01 10:30:00,0.56838745
2017-07-02 10:30:00,0.7201874
2017-07-03 10:30:00,0.52735
2017-07-04 10:30:00,0.378025
2017-07-05 10:30:00,0.433475
2017-07-06 10:30:00,0.50185
2017-07-07 10:30:00,0.6818625
2017-07-08 10:30:00,0.78065
2017-07-09 10:30:00,0.6209
2017-07-10 10:30:00,0.6265625
2017-07-11 10:30:00,0.38478747
2017-07-12 10:30:00,0.36630002
2017-07-13 10:30:00,0.39058748
2017-07-14 10:30:00,0.3315625
2017-07-15 10:30:00,0.48385
2017-07-16 10:30:00,0.3662625
2017-07-17 10:30:00,0.54281247
2017-07-18 10:30:00,0.39919996
2017-07-19 10:30:00,0.43826246
2017-07-20 10:30:00,0.7317375
2017-07-21 10:30:00,0.49229997
2017-07-22 10:30:00,0.3842125
2017-07-23 10:30:00,0.6226125
2017-07-24 10:30:00,0.3978125
2017-07-25 10:30:00,0.3488375
2017-07-26 10:30:00,0.8275875
2017-07-27 10:30:00,0.76654994
2017-07-28 10:30:00,0.57345
2017-07-29 10:30:00,0.5570375
2017-07-30 10:30:00,0.68042505
2017-07-31 10:30:00,0.6382
2017-08-01 10:30:00,0.8251625
2017-08-02 10:30:00,0.8149875
2017-08-03 10:30:00,0.91718745
2017-08-04 10:30:00,0.7388625
2017-08-05 10:30:00,0.7211875
2017-08-06 10:30:00,0.75301254
2017-08-07 10:30:00,0.8076875
2017-08-08 10:30:00,0.7780375
2017-08-09 10:30:00,0.7469
2017-08-10 10:30:00,0.84845
2017-08-11 10:30:00,0.8054375
2017-08-12 10:30:00,0.77385
2017-08-13 10:30:00,0.82643753
2017-08-14 10:30:00,0.8506375
2017-08-15 10:30:00,0.79786247
2017-08-16 10:30:00,0.78075
2017-08-17 10:30:00,0.77238744
2017-08-18 10:30:00,0.7238375
2017-08-19 10:30:00,0.71207505
2017-08-20 10:30:00,0.7129875
2017-08-21 10:30:00,0.58415
2017-08-22 10:30:00,0.4510625
2017-08-23 10:30:00,0.5944875
2017-08-24 10:30:00,0.4394
2017-08-25 10:30:00,0.4593875
2017-08-26 10:30:00,0.4687625
2017-08-27 10:30:00,0.4585625
2017-08-28 10:30:00,0.304425
2017-08-29 10:30:00,0.334225
2017-08-30 10:30:00,0.44358748
2017-08-31 10:30:00,0.50936246
2017-09-01 10:30:00,0.61583745
2017-09-02 10:30:00,0.54995
2017-09-03 10:30:00,0.8306375
2017-09-04 10:30:00,0.78537494
2017-09-05 10:30:00,0.7465875
2017-09-06 10:30:00,0.49509996
2017-09-07 10:30:00,0.4968
2017-09-08 10:30:00,0.5116375
2017-09-09 10:30:00,0.520125
2017-09-10 10:30:00,0.609725
2017-09-11 10:30:00,0.3936125
2017-09-12 10:30:00,0.545725
2017-09-13 10:30:00,0.55171245
2017-09-14 10:30:00,0.5763
2017-09-15 10:30:00,0.86421245
2017-09-16 10:30:00,0.8005625
2017-09-17 10:30:00,0.77108747
2017-09-18 10:30:00,0.6244125
2017-09-19 10:30:00,0.74433744
2017-09-20 10:30:00,0.64867496
2017-09-21 10:30:00,0.59125
2017-09-22 10:30:00,0.4133125
2017-09-23 10:30:00,0.3978875
2017-09-24 10:30:00,0.4505625
2017-09-25 10:30:00,0.44131246
2017-09-26 10:30:00,0.32198748
2017-09-27 10:30:00,0.2619375
2017-09-28 10:30:00,0.2970875
2017-09-29 10:30:00,0.2926125
2017-09-30 10:30:00,0.28035
2017-10-01 10:30:00,0.27993748
2017-10-02 10:30:00,0.24043751
2017-10-03 10:30:00,0.27124998
2017-10-04 10:30:00,0.271325
2017-10-05 10:30:00,0.3498875
2017-10-06 10:30:00,0.46372497
2017-10-07 10:30:00,0.5262625
2017-10-08 10:30:00,0.8764875
2017-10-09 10:30:00,0.6601
2017-10-10 10:30:00,0.49029997
2017-10-11 10:30:00,0.51077497
2017-10-12 10:30:00,0.37391248
2017-10-13 10:30:00,0.3498875
2017-10-14 10:30:00,0.34655
2017-10-15 10:30:00,0.53017503
2017-10-16 10:30:00,0.27719998
2017-10-17 10:30:00,0.23386249
2017-10-18 10:30:00,0.2973625
2017-10-19 10:30:00,0.3597
2017-10-20 10:30:00,0.45659998
2017-10-21 10:30:00,0.3219125
2017-10-22 10:30:00,0.356125
2017-10-23 10:30:00,0.2841125
2017-10-24 10:30:00,0.32982498
2017-10-25 10:30:00,0.2688375
2017-10-26 10:30:00,0.42584997
2017-10-27 10:30:00,0.66854995
2017-10-28 10:30:00,0.3057
2017-10-29 10:30:00,0.287325
2017-10-30 10:30:00,0.2273625
2017-10-31 10:30:00,0.214225
2017-11-01 10:30:00,0.2888375
2017-11-02 10:30:00,0.360775
2017-11-03 10:30:00,0.2951625
2017-11-04 10:30:00,0.3696125
2017-11-05 10:30:00,0.310475
2017-11-06 10:30:00,0.3948875
2017-11-07 10:30:00,0.8128625
2017-11-08 10:30:00,0.6760875
2017-11-09 10:30:00,0.70106244
2017-11-10 10:30:00,0.4706375
2017-11-11 10:30:00,0.36145
2017-11-12 10:30:00,0.449875
2017-11-13 10:30:00,0.39576247
2017-11-14 10:30:00,0.37506247
2017-11-15 10:30:00,0.354775
2017-11-16 10:30:00,0.40287498
2017-11-17 10:30:00,0.32505
2017-11-18 10:30:00,0.3808625
2017-11-19 10:30:00,0.43978748
2017-11-20 10:30:00,0.408375
2017-11-21 10:30:00,0.42201248
2017-11-22 10:30:00,0.35147497
2017-11-23 10:30:00,0.3415
2017-11-24 10:30:00,0.39369997
2017-11-25 10:30:00,0.40725
2017-11-26 10:30:00,0.295575
2017-11-27 10:30:00,0.32643747
2017-11-28 10:30:00,0.2619
2017-11-29 10:30:00,0.26123747
2017-11-30 10:30:00,0.35935
2017-12-01 10:30:00,0.43915
2017-12-02 10:30:00,0.6394625
2017-12-03 10:30:00,0.4463125
2017-12-04 10:30:00,0.376775
2017-12-05 10:30:00,0.5364625
2017-12-06 10:30:00,0.54917496
2017-12-07 10:30:00,0.46179998
2017-12-08 10:30:00,0.5827875
2017-12-09 10:30:00,0.714725
2017-12-10 10:30:00,0.5362
2017-12-11 10:30:00,0.40717497
2017-12-12 10:30:00,0.4241875
2017-12-13 10:30:00,0.45513752
2017-12-14 10:30:00,0.4458625
2017-12-15 10:30:00,0.41775
2017-12-16 10:30:00,0.40556252
2017-12-17 10:30:00,0.48749998
2017-12-18 10:30:00,0.48978752
2017-12-19 10:30:00,0.45873746
2017-12-20 10:30:00,0.56325
2017-12-21 10:30:00,0.46074998
2017-12-22 10:30:00,0.41744998
2017-12-23 10:30:00,0.42103747
2017-12-24 10:30:00,0.4445375
2017-12-25 10:30:00,0.47345
2017-12-26 10:30:00,0.28057498
2017-12-27 10:30:00,0.3502375
2017-12-28 10:30:00,0.48561248
2017-12-29 10:30:00,0.39644998
2017-12-30 10:30:00,0.5015625
2017-12-31 10:30:00,0.5678375
2018-01-01 10:30:00,0.4245375
2018-01-02 10:30:00,0.407625
2018-01-03 10:30:00,0.39979997
2018-01-04 10:30:00,0.3357875
2018-01-05 10:30:00,0.39755002
2018-01-06 10:30:00,0.36511248
2018-01-07 10:30:00,0.3557875
2018-01-08 10:30:00,0.558175
2018-01-09 10:30:00,0.6071625
2018-01-10 10:30:00,0.42238748
2018-01-11 10:30:00,0.3619125
2018-01-12 10:30:00,0.6012125
2018-01-13 10:30:00,0.62322503
2018-01-14 10:30:00,0.6246125
2018-01-15 10:30:00,0.5927625
2018-01-16 10:30:00,0.74512494
2018-01-17 10:30:00,0.5153125
2018-01-18 10:30:00,0.5273
2018-01-19 10:30:00,0.36088747
2018-01-20 10:30:00,0.3206375
2018-01-21 10:30:00,0.32628748
2018-01-22 10:30:00,0.3209
2018-01-23 10:30:00,0.3001
2018-01-24 10:30:00,0.35572496
2018-01-25 10:30:00,0.32705
2018-01-26 10:30:00,0.31597498
2018-01-27 10:30:00,0.30815
2018-01-28 10:30:00,0.36895
2018-01-29 10:30:00,0.39064997
2018-01-30 10:30:00,0.37767497
2018-01-31 10:30:00,0.41062498
2018-02-01 10:30:00,0.4043375
2018-02-02 10:30:00,0.557575
2018-02-03 10:30:00,0.4571125
2018-02-04 10:30:00,0.44132498
2018-02-05 10:30:00,0.38724998
2018-02-06 10:30:00,0.4359875
2018-02-07 10:30:00,0.38799998
2018-02-08 10:30:00,0.35523748
2018-02-09 10:30:00,0.3204625
2018-02-10 10:30:00,0.2851125
2018-02-11 10:30:00,0.2902375
2018-02-12 10:30:00,0.303775
2018-02-13 10:30:00,0.300825
2018-02-14 10:30:00,0.309275
2018-02-15 10:30:00,0.32555
2018-02-16 10:30:00,0.26003748
2018-02-17 10:30:00,0.24459998
2018-02-18 10:30:00,0.28655002
2018-02-19 10:30:00,0.31031248
2018-02-20 10:30:00,0.32448748
2018-02-21 10:30:00,0.36353752
2018-02-22 10:30:00,0.34845
2018-02-23 10:30:00,0.27873752
2018-02-24 10:30:00,0.23468749
2018-02-25 10:30:00,0.5032125
2018-02-26 10:30:00,0.4037
2018-02-27 10:30:00,0.2941875
2018-02-28 10:30:00,0.6597625
2018-03-01 10:30:00,0.361925
2018-03-02 10:30:00,0.37376252
2018-03-03 10:30:00,0.5963375
2018-03-04 10:30:00,0.34232497
2018-03-05 10:30:00,0.27298748
2018-03-06 10:30:00,0.32337502
2018-03-07 10:30:00,0.48718747
2018-03-08 10:30:00,0.3093375
2018-03-09 10:30:00,0.59432495
2018-03-10 10:30:00,0.614475
2018-03-11 10:30:00,0.46772498
2018-03-12 10:30:00,0.4944375
2018-03-13 10:30:00,0.64863753
2018-03-14 10:30:00,0.6486
2018-03-15 10:30:00,0.273175
2018-03-16 10:30:00,0.274975
2018-03-17 10:30:00,0.2652125
2018-03-18 10:30:00,0.2933625
2018-03-19 10:30:00,0.20223749
2018-03-20 10:30:00,0.20661251
2018-03-21 10:30:00,0.29962498
2018-03-22 10:30:00,0.20333749
2018-03-23 10:30:00,0.209775
2018-03-24 10:30:00,0.2593875
2018-03-25 10:30:00,0.27605
2018-03-26 10:30:00,0.22463751
2018-03-27 10:30:00,0.2666375
2018-03-28 10:30:00,0.23536249
2018-03-29 10:30:00,0.1475875
2018-03-30 10:30:00,0.34922498
2018-03-31 10:30:00,0.5521375
2018-04-01 10:30:00,0.26268747
2018-04-02 10:30:00,0.1554125
2018-04-03 10:30:00,0.1195
2018-04-04 10:30:00,0.096
2018-04-05 10:30:00,0.21495001
2018-04-06 10:30:00,0.12709999
2018-04-07 10:30:00,0.12302499
2018-04-08 10:30:00,0.18151249
2018-04-09 10:30:00,0.2114875
2018-04-10 10:30:00,0.6301625
2018-04-11 10:30:00,0.2320375
2018-04-12 10:30:00,0.33596247
2018-04-13 10:30:00,0.6788375
2018-04-14 10:30:00,0.67667496
2018-04-15 10:30:00,0.30005
2018-04-16 10:30:00,0.25963748
2018-04-17 10:30:00,0.29694998
2018-04-18 10:30:00,0.3277375
2018-04-19 10:30:00,0.25469998
2018-04-20 10:30:00,0.66669995
2018-04-21 10:30:00,0.488925
2018-04-22 10:30:00,0.341
2018-04-23 10:30:00,0.33596247
2018-04-24 10:30:00,0.23893748
2018-04-25 10:30:00,0.22983749
2018-04-26 10:30:00,0.2487375
2018-04-27 10:30:00,0.16579999
2018-04-28 10:30:00,0.29185
2018-04-29 10:30:00,0.4295125
2018-04-30 10:30:00,0.32073748
2018-05-01 10:30:00,0.4245
2018-05-02 10:30:00,0.2868625
2018-05-03 10:30:00,0.192
2018-05-04 10:30:00,0.15556249
2018-05-05 10:30:00,0.13125
2018-05-06 10:30:00,0.24976249
2018-05-07 10:30:00,0.35088748
2018-05-08 10:30:00,0.35195
2018-05-09 10:30:00,0.2173875
2018-05-10 10:30:00,0.27124998
2018-05-11 10:30:00,0.37092498
2018-05-12 10:30:00,0.46252498
2018-05-13 10:30:00,0.4738
2018-05-14 10:30:00,0.2282125
2018-05-15 10:30:00,0.61075
2018-05-16 10:30:00,0.5508
2018-05-17 10:30:00,0.382625
2018-05-18 10:30:00,0.27043748
2018-05-19 10:30:00,0.19857499
2018-05-20 10:30:00,0.34445
2018-05-21 10:30:00,0.391875
2018-05-22 10:30:00,0.6426
2018-05-23 10:30:00,0.39838752
2018-05-24 10:30:00,0.4835125
2018-05-25 10:30:00,0.3493375
2018-05-26 10:30:00,0.4645375
2018-05-27 10:30:00,0.770625
2018-05-28 10:30:00,0.77108747
2018-05-29 10:30:00,0.76395005
2018-05-30 10:30:00,0.45951247
2018-05-31 10:30:00,0.3912625
2018-06-01 10:30:00,0.1551375
2018-06-02 10:30:00,0.1503375
2018-06-03 10:30:00,0.267875
2018-06-04 10:30:00,0.4480125
2018-06-05 10:30:00,0.4280375
2018-06-06 10:30:00,0.46835
2018-06-07 10:30:00,0.42761248
2018-06-08 10:30:00,0.46675
2018-06-09 10:30:00,0.63546246
2018-06-10 10:30:00,0.66417503
2018-06-11 10:30:00,0.7360875
2018-06-12 10:30:00,0.81020004
2018-06-13 10:30:00,0.6547625
2018-06-14 10:30:00,0.7409375
2018-06-15 10:30:00,0.6974375
2018-06-16 10:30:00,0.54302496
2018-06-17 10:30:00,0.44722497
2018-06-18 10:30:00,0.7623125
2018-06-19 10:30:00,0.55622494
2018-06-20 10:30:00,0.5939125
2018-06-21 10:30:00,0.45537502
2018-06-22 10:30:00,0.47147498
2018-06-23 10:30:00,0.48756248
2018-06-24 10:30:00,0.63315
2018-06-25 10:30:00,0.87466246
2018-06-26 10:30:00,0.84832495
2018-06-27 10:30:00,0.83707494
2018-06-28 10:30:00,0.6073125
2018-06-29 10:30:00,0.58635
2018-06-30 10:30:00,0.547425
2018-07-01 10:30:00,0.53248745
2018-07-02 10:30:00,0.6106875
2018-07-03 10:30:00,0.62036246
2018-07-04 10:30:00,0.8869875
2018-07-05 10:30:00,0.82348746
2018-07-06 10:30:00,0.71808743
2018-07-07 10:30:00,0.9101875
2018-07-08 10:30:00,0.800475
2018-07-09 10:30:00,0.7895749
2018-07-10 10:30:00,0.7932125
2018-07-11 10:30:00,0.7976125
2018-07-12 10:30:00,0.5759625
2018-07-13 10:30:00,0.49544996
2018-07-14 10:30:00,0.53354996
2018-07-15 10:30:00,0.5268625
2018-07-16 10:30:00,0.92841244
2018-07-17 10:30:00,0.8629875
2018-07-18 10:30:00,0.81552494
2018-07-19 10:30:00,0.746475
2018-07-20 10:30:00,0.874875
2018-07-21 10:30:00,0.9111625
2018-07-22 10:30:00,0.64661247
2018-07-23 10:30:00,0.6110375
2018-07-24 10:30:00,0.850875
2018-07-25 10:30:00,0.81238747
2018-07-26 10:30:00,0.68334997
2018-07-27 10:30:00,0.64277494
2018-07-28 10:30:00,0.6924625
2018-07-29 10:30:00,0.687575
2018-07-30 10:30:00,0.77082497
2018-07-31 10:30:00,0.49966246
2018-08-01 10:30:00,0.5880125
2018-08-02 10:30:00,0.6367
2018-08-03 10:30:00,0.75793743
2018-08-04 10:30:00,0.8099
2018-08-05 10:30:00,0.6746
2018-08-06 10:30:00,0.76086247
2018-08-07 10:30:00,0.7404875
2018-08-08 10:30:00,0.72952497
2018-08-09 10:30:00,0.55066246
2018-08-10 10:30:00,0.6088
2018-08-11 10:30:00,0.7488625
2018-08-12 10:30:00,0.71405
2018-08-13 10:30:00,0.87175
2018-08-14 10:30:00,0.8199
2018-08-15 10:30:00,0.7199624
2018-08-16 10:30:00,0.602775
2018-08-17 10:30:00,0.7165125
2018-08-18 10:30:00,0.50804996
2018-08-19 10:30:00,0.54732496
2018-08-20 10:30:00,0.69355
2018-08-21 10:30:00,0.6292875
2018-08-22 10:30:00,0.5944625
2018-08-23 10:30:00,0.6217125
2018-08-24 10:30:00,0.6875875
2018-08-25 10:30:00,0.85833746
2018-08-26 10:30:00,0.7297125
2018-08-27 10:30:00,0.6435125
2018-08-28 10:30:00,0.891
2018-08-29 10:30:00,0.769325
2018-08-30 10:30:00,0.80364996
2018-08-31 10:30:00,0.646425
2018-09-01 10:30:00,0.59
2018-09-02 10:30:00,0.8364125
2018-09-03 10:30:00,0.73004997
2018-09-04 10:30:00,0.629975
2018-09-05 10:30:00,0.60459995
2018-09-06 10:30:00,0.45018747
2018-09-07 10:30:00,0.5106125
2018-09-08 10:30:00,0.4412125
2018-09-09 10:30:00,0.5359375
2018-09-10 10:30:00,0.6322375
2018-09-11 10:30:00,0.63694996
2018-09-12 10:30:00,0.5326
2018-09-13 10:30:00,0.46295002
2018-09-14 10:30:00,0.55595
2018-09-15 10:30:00,0.4018375
2018-09-16 10:30:00,0.43704998
2018-09-17 10:30:00,0.47167498
2018-09-18 10:30:00,0.5372
2018-09-19 10:30:00,0.5272125
2018-09-20 10:30:00,0.6120125
2018-09-21 10:30:00,0.466925
2018-09-22 10:30:00,0.601675
2018-09-23 10:30:00,0.72699994
2018-09-24 10:30:00,0.55365
2018-09-25 10:30:00,0.52905
2018-09-26 10:30:00,0.519225
2018-09-27 10:30:00,0.4674
2018-09-28 10:30:00,0.7002625
2018-09-29 10:30:00,0.8117375
2018-09-30 10:30:00,0.77059996
2018-10-01 10:30:00,0.4863625
2018-10-02 10:30:00,0.536425
2018-10-03 10:30:00,0.547075
2018-10-04 10:30:00,0.49054998
2018-10-05 10:30:00,0.37768748
2018-10-06 10:30:00,0.33004996
2018-10-07 10:30:00,0.48986247
2018-10-08 10:30:00,0.42259997
2018-10-09 10:30:00,0.4480125
2018-10-10 10:30:00,0.5013875
2018-10-11 10:30:00,0.46596247
2018-10-12 10:30:00,0.37713748
2018-10-13 10:30:00,0.288725
2018-10-14 10:30:00,0.405325
2018-10-15 10:30:00,0.3536875
2018-10-16 10:30:00,0.3966875
2018-10-17 10:30:00,0.377525
2018-10-18 10:30:00,0.307775
2018-10-19 10:30:00,0.37182498
2018-10-20 10:30:00,0.3158375
2018-10-21 10:30:00,0.3059
2018-10-22 10:30:00,0.35958746
2018-10-23 10:30:00,0.5200125
2018-10-24 10:30:00,0.47597498
2018-10-25 10:30:00,0.60171247
2018-10-26 10:30:00,0.53846246
2018-10-27 10:30:00,0.30346248
2018-10-28 10:30:00,0.4095375
2018-10-29 10:30:00,0.51858747
2018-10-30 10:30:00,0.40645
2018-10-31 10:30:00,0.35733747
2018-11-01 10:30:00,0.38388747
2018-11-02 10:30:00,0.306025
2018-11-03 10:30:00,0.3283
2018-11-04 10:30:00,0.4094625
2018-11-05 10:30:00,0.4005875
2018-11-06 10:30:00,0.33494997
2018-11-07 10:30:00,0.3447875
2018-11-08 10:30:00,0.46432498
2018-11-09 10:30:00,0.43552497
2018-11-10 10:30:00,0.39505
2018-11-11 10:30:00,0.4975375
2018-11-12 10:30:00,0.5371875
2018-11-13 10:30:00,0.47432497
2018-11-14 10:30:00,0.6348125
2018-11-15 10:30:00,0.35033748
2018-11-16 10:30:00,0.38377497
2018-11-17 10:30:00,0.481725
2018-11-18 10:30:00,0.501225
2018-11-19 10:30:00,0.394075
2018-11-20 10:30:00,0.35645
2018-11-21 10:30:00,0.29195
2018-11-22 10:30:00,0.35038748
2018-11-23 10:30:00,0.3116
2018-11-24 10:30:00,0.3505625
2018-11-25 10:30:00,0.3376875
2018-11-26 10:30:00,0.2330875
2018-11-27 10:30:00,0.24687499
2018-11-28 10:30:00,0.2798875
2018-11-29 10:30:00,0.2554625
2018-11-30 10:30:00,0.292375
2018-12-01 10:30:00,0.2907875
2018-12-02 10:30:00,0.30278748
2018-12-03 10:30:00,0.2636625
2018-12-04 10:30:00,0.26459998
2018-12-05 10:30:00,0.2908375
2018-12-06 10:30:00,0.2590375
2018-12-07 10:30:00,0.2577375
2018-12-08 10:30:00,0.29005
2018-12-09 10:30:00,0.3980625
2018-12-10 10:30:00,0.439425
2018-12-11 10:30:00,0.45689997
2018-12-12 10:30:00,0.6023875
2018-12-13 10:30:00,0.49546248
2018-12-14 10:30:00,0.4282125
2018-12-15 10:30:00,0.3655375
2018-12-16 10:30:00,0.42900002
2018-12-17 10:30:00,0.35893747
2018-12-18 10:30:00,0.46424997
2018-12-19 10:30:00,0.4438
2018-12-20 10:30:00,0.510975
2018-12-21 10:30:00,0.64199996
2018-12-22 10:30:00,0.2610375
2018-12-23 10:30:00,0.247875
2018-12-24 10:30:00,0.28983748
2018-12-25 10:30:00,0.209125
2018-12-26 10:30:00,0.23069999
2018-12-27 10:30:00,0.23968749
2018-12-28 10:30:00,0.27118748
2018-12-29 10:30:00,0.28986248
2018-12-30 10:30:00,0.37505
2018-12-31 10:30:00,0.328475
2019-01-01 10:30:00,0.2554375
2019-01-02 10:30:00,0.37061247
2019-01-03 10:30:00,0.41445
2019-01-04 10:30:00,0.31165
2019-01-05 10:30:00,0.30485
2019-01-06 10:30:00,0.38338748
2019-01-07 10:30:00,0.319425
2019-01-08 10:30:00,0.2367625
2019-01-09 10:30:00,0.2264875
2019-01-10 10:30:00,0.37884998
2019-01-11 10:30:00,0.4398875
2019-01-12 10:30:00,0.49835
2019-01-13 10:30:00,0.4863
2019-01-14 10:30:00,0.3514875
2019-01-15 10:30:00,0.2433625
2019-01-16 10:30:00,0.3222625
2019-01-17 10:30:00,0.31972498
2019-01-18 10:30:00,0.34355
2019-01-19 10:30:00,0.3307125
2019-01-20 10:30:00,0.2810125
2019-01-21 10:30:00,0.33726248
2019-01-22 10:30:00,0.26293752
2019-01-23 10:30:00,0.2595375
2019-01-24 10:30:00,0.34965
2019-01-25 10:30:00,0.2733625
2019-01-26 10:30:00,0.23395
2019-01-27 10:30:00,0.28815
2019-01-28 10:30:00,0.2849625
2019-01-29 10:30:00,0.2467625
2019-01-30 10:30:00,0.2202
2019-01-31 10:30:00,0.21698749
2019-02-01 10:30:00,0.1941125
2019-02-02 10:30:00,0.32073748
2019-02-03 10:30:00,0.221225
2019-02-04 10:30:00,0.31788749
2019-02-05 10:30:00,0.23748748
2019-02-06 10:30:00,0.21786249
2019-02-07 10:30:00,0.2104375
2019-02-08 10:30:00,0.253875
2019-02-09 10:30:00,0.24464999
2019-02-10 10:30:00,0.2605
2019-02-11 10:30:00,0.2435
2019-02-12 10:30:00,0.20716248
2019-02-13 10:30:00,0.20185
2019-02-14 10:30:00,0.14226249
2019-02-15 10:30:00,0.13859999
2019-02-16 10:30:00,0.212625
2019-02-17 10:30:00,0.19777499
2019-02-18 10:30:00,0.129875
2019-02-19 10:30:00,0.22914998
2019-02-20 10:30:00,0.1972125
2019-02-21 10:30:00,0.202375
2019-02-22 10:30:00,0.2846625
2019-02-23 10:30:00,0.226975
2019-02-24 10:30:00,0.2303375
2019-02-25 10:30:00,0.2831625
2019-02-26 10:30:00,0.257775
2019-02-27 10:30:00,0.2800375
2019-02-28 10:30:00,0.22403748
2019-03-01 10:30:00,0.20865
2019-03-02 10:30:00,0.19967501
2019-03-03 10:30:00,0.2346375
2019-03-04 10:30:00,0.2634
2019-03-05 10:30:00,0.406575
2019-03-06 10:30:00,0.264125
2019-03-07 10:30:00,0.20261249
2019-03-08 10:30:00,0.13797499
2019-03-09 10:30:00,0.18334998
2019-03-10 10:30:00,0.13505
2019-03-11 10:30:00,0.187225
2019-03-12 10:30:00,0.172025
2019-03-13 10:30:00,0.1803
2019-03-14 10:30:00,0.285025
2019-03-15 10:30:00,0.27493748
2019-03-16 10:30:00,0.3324875
2019-03-17 10:30:00,0.2152375
2019-03-18 10:30:00,0.17819999
2019-03-19 10:30:00,0.341725
2019-03-20 10:30:00,0.2815875
2019-03-21 10:30:00,0.18855
2019-03-22 10:30:00,0.210475
2019-03-23 10:30:00,0.159525
2019-03-24 10:30:00,0.18795
2019-03-25 10:30:00,0.0944375
2019-03-26 10:30:00,0.090537496
2019-03-27 10:30:00,0.1114
2019-03-28 10:30:00,0.12615
2019-03-29 10:30:00,0.3204
2019-03-30 10:30:00,0.1787
2019-03-31 10:30:00,0.193775
2019-04-01 10:30:00,0.1487875
2019-04-02 10:30:00,0.135925
2019-04-03 10:30:00,0.1372125
2019-04-04 10:30:00,0.3529875
2019-04-05 10:30:00,0.2443125
2019-04-06 10:30:00,0.274375
2019-04-07 10:30:00,0.37614998
2019-04-08 10:30:00,0.2765125
2019-04-09 10:30:00,0.18062499
2019-04-10 10:30:00,0.1187
2019-04-11 10:30:00,0.118675
2019-04-12 10:30:00,0.091787495
2019-04-13 10:30:00,0.17173749
2019-04-14 10:30:00,0.1711
2019-04-15 10:30:00,0.091787495
2019-04-16 10:30:00,0.1377125
2019-04-17 10:30:00,0.48709998
2019-04-18 10:30:00,0.1366
2019-04-19 10:30:00,0.1069375
2019-04-20 10:30:00,0.0838875
2019-04-21 10:30:00,0.0674875
2019-04-22 10:30:00,0.1497875
2019-04-23 10:30:00,0.09827499
2019-04-24 10:30:00,0.15127501
2019-04-25 10:30:00,0.17196248
2019-04-26 10:30:00,0.1176
2019-04-27 10:30:00,0.0882125
2019-04-28 10:30:00,0.3380375
2019-04-29 10:30:00,0.48401248
2019-04-30 10:30:00,0.1986625
2019-05-01 10:30:00,0.18276249
2019-05-02 10:30:00,0.21517499
2019-05-03 10:30:00,0.18327498
2019-05-04 10:30:00,0.4096875
2019-05-05 10:30:00,0.20753749
2019-05-06 10:30:00,0.16589999
2019-05-07 10:30:00,0.15505
2019-05-08 10:30:00,0.1544125
2019-05-09 10:30:00,0.2252125
2019-05-10 10:30:00,0.21247499
2019-05-11 10:30:00,0.3659125
2019-05-12 10:30:00,0.55052495
2019-05-13 10:30:00,0.60947496
2019-05-14 10:30:00,0.40261248
2019-05-15 10:30:00,0.3308875
2019-05-16 10:30:00,0.1648875
2019-05-17 10:30:00,0.20102498
2019-05-18 10:30:00,0.22997499
2019-05-19 10:30:00,0.865425
2019-05-20 10:30:00,0.6192875
2019-05-21 10:30:00,0.547625
2019-05-22 10:30:00,0.462975
2019-05-23 10:30:00,0.36755002
2019-05-24 10:30:00,0.23746249
2019-05-25 10:30:00,0.54908746
2019-05-26 10:30:00,0.65638745
2019-05-27 10:30:00,0.34454998
2019-05-28 10:30:00,0.1843375
2019-05-29 10:30:00,0.2120125
2019-05-30 10:30:00,0.537475
2019-05-31 10:30:00,0.4547
2019-06-01 10:30:00,0.45284998
2019-06-02 10:30:00,0.48678747
2019-06-03 10:30:00,0.51757497
2019-06-04 10:30:00,0.4382
2019-06-05 10:30:00,0.3695875
2019-06-06 10:30:00,0.6011625
2019-06-07 10:30:00,0.8078875
2019-06-08 10:30:00,0.79779994
2019-06-09 10:30:00,0.745175
2019-06-10 10:30:00,0.68593746
2019-06-11 10:30:00,0.6168125
2019-06-12 10:30:00,0.64846253
2019-06-13 10:30:00,0.42448747
2019-06-14 10:30:00,0.6262125
2019-06-15 10:30:00,0.5259625
2019-06-16 10:30:00,0.4472875
2019-06-17 10:30:00,0.38375
2019-06-18 10:30:00,0.42595
2019-06-19 10:30:00,0.39349997
2019-06-20 10:30:00,0.46842498
2019-06-21 10:30:00,0.45165
2019-06-22 10:30:00,0.5019625
2019-06-23 10:30:00,0.38564998
2019-06-24 10:30:00,0.37405
2019-06-25 10:30:00,0.70129997
2019-06-26 10:30:00,0.78765
2019-06-27 10:30:00,0.7467
2019-06-28 10:30:00,0.84035003
2019-06-29 10:30:00,0.74015
2019-06-30 10:30:00,0.71
2019-07-01 10:30:00,0.508525
2019-07-02 10:30:00,0.6625375
2019-07-03 10:30:00,0.62557495
2019-07-04 10:30:00,0.68445
2019-07-05 10:30:00,0.8617875
2019-07-06 10:30:00,0.911525
2019-07-07 10:30:00,0.6881
2019-07-08 10:30:00,0.695525
2019-07-09 10:30:00,0.64848745
2019-07-10 10:30:00,0.74724996
2019-07-11 10:30:00,0.7401124
2019-07-12 10:30:00,0.686675
2019-07-13 10:30:00,0.7585499
2019-07-14 10:30:00,0.707625
2019-07-15 10:30:00,0.6654625
2019-07-16 10:30:00,0.8085875
2019-07-17 10:30:00,0.689175
2019-07-18 10:30:00,0.61361253
2019-07-19 10:30:00,0.718225
2019-07-20 10:30:00,0.7466625
2019-07-21 10:30:00,0.59788746
2019-07-22 10:30:00,0.5604375
2019-07-23 10:30:00,0.86496246
2019-07-24 10:30:00,0.708375
2019-07-25 10:30:00,0.77051246
2019-07-26 10:30:00,0.69777495
2019-07-27 10:30:00,0.8311875
2019-07-28 10:30:00,0.6909125
2019-07-29 10:30:00,0.657025
2019-07-30 10:30:00,0.7229875
2019-07-31 10:30:00,0.58345
2019-08-01 10:30:00,0.5919375
2019-08-02 10:30:00,0.64176255
2019-08-03 10:30:00,0.66841245
2019-08-04 10:30:00,0.59357494
2019-08-05 10:30:00,0.69783753
2019-08-06 10:30:00,0.903625
2019-08-07 10:30:00,0.8277375
2019-08-08 10:30:00,0.8666625
2019-08-09 10:30:00,0.78089994
2019-08-10 10:30:00,0.8554875
2019-08-11 10:30:00,0.8391375
2019-08-12 10:30:00,0.7421375
2019-08-13 10:30:00,0.7361125
2019-08-14 10:30:00,0.6534625
2019-08-15 10:30:00,0.6316875
2019-08-16 10:30:00,0.7137375
2019-08-17 10:30:00,0.706275
2019-08-18 10:30:00,0.69427496
2019-08-19 10:30:00,0.6876875
2019-08-20 10:30:00,0.890625
2019-08-21 10:30:00,0.6413125
2019-08-22 10:30:00,0.73230004
2019-08-23 10:30:00,0.7491
2019-08-24 10:30:00,0.77757496
2019-08-25 10:30:00,0.77371246
2019-08-26 10:30:00,0.92245
2019-08-27 10:30:00,0.700925
2019-08-28 10:30:00,0.7805
2019-08-29 10:30:00,0.7612125
2019-08-30 10:30:00,0.6097
2019-08-31 10:30:00,0.60377496
2019-09-01 10:30:00,0.658125
2019-09-02 10:30:00,0.6888875
2019-09-03 10:30:00,0.6190125
2019-09-04 10:30:00,0.64327496
2019-09-05 10:30:00,0.5564625
2019-09-06 10:30:00,0.7032
2019-09-07 10:30:00,0.72052497
2019-09-08 10:30:00,0.43835
2019-09-09 10:30:00,0.42093748
2019-09-10 10:30:00,0.5010375
2019-09-11 10:30:00,0.4734375
2019-09-12 10:30:00,0.485625
2019-09-13 10:30:00,0.6138375
2019-09-14 10:30:00,0.46197498
2019-09-15 10:30:00,0.35077497
2019-09-16 10:30:00,0.3675125
2019-09-17 10:30:00,0.450475
2019-09-18 10:30:00,0.3834875
2019-09-19 10:30:00,0.54080003
2019-09-20 10:30:00,0.648225
2019-09-21 10:30:00,0.5370375
2019-09-22 10:30:00,0.5086
2019-09-23 10:30:00,0.3642875
2019-09-24 10:30:00,0.37948748
2019-09-25 10:30:00,0.5548125
2019-09-26 10:30:00,0.4919875
2019-09-27 10:30:00,0.42767498
2019-09-28 10:30:00,0.3675875
2019-09-29 10:30:00,0.407525
2019-09-30 10:30:00,0.554025
2019-10-01 10:30:00,0.525525
2019-10-02 10:30:00,0.6429375
2019-10-03 10:30:00,0.61601245
2019-10-04 10:30:00,0.5067375
2019-10-05 10:30:00,0.4960625
2019-10-06 10:30:00,0.4139
2019-10-07 10:30:00,0.40815
2019-10-08 10:30:00,0.45525
2019-10-09 10:30:00,0.36537498
2019-10-10 10:30:00,0.281425
2019-10-11 10:30:00,0.2672875
2019-10-12 10:30:00,0.2652125
2019-10-13 10:30:00,0.29253748
2019-10-14 10:30:00,0.2707875
2019-10-15 10:30:00,0.2367
2019-10-16 10:30:00,0.36111248
2019-10-17 10:30:00,0.37675
2019-10-18 10:30:00,0.39979997
2019-10-19 10:30:00,0.489525
2019-10-20 10:30:00,0.42583752
2019-10-21 10:30:00,0.29125
2019-10-22 10:30:00,0.2949875
2019-10-23 10:30:00,0.3306625
2019-10-24 10:30:00,0.70457494
2019-10-25 10:30:00,0.5136875
2019-10-26 10:30:00,0.597575
2019-10-27 10:30:00,0.5408875
2019-10-28 10:30:00,0.592075
2019-10-29 10:30:00,0.35768747
2019-10-30 10:30:00,0.390475
2019-10-31 10:30:00,0.24827498
2019-11-01 10:30:00,0.22737499
2019-11-02 10:30:00,0.34638748
2019-11-03 10:30:00,0.37226248
2019-11-04 10:30:00,0.36994997
2019-11-05 10:30:00,0.220475
2019-11-06 10:30:00,0.3453625
2019-11-07 10:30:00,0.32638747
2019-11-08 10:30:00,0.39970002
2019-11-09 10:30:00,0.48131248
2019-11-10 10:30:00,0.4311875
2019-11-11 10:30:00,0.2048875
2019-11-12 10:30:00,0.671025
2019-11-13 10:30:00,0.4389125
2019-11-14 10:30:00,0.44053748
2019-11-15 10:30:00,0.39178747
2019-11-16 10:30:00,0.3623125
2019-11-17 10:30:00,0.52945
2019-11-18 10:30:00,0.3126375
2019-11-19 10:30:00,0.34285
2019-11-20 10:30:00,0.424025
2019-11-21 10:30:00,0.5418875
2019-11-22 10:30:00,0.53958744
2019-11-23 10:30:00,0.27853748
2019-11-24 10:30:00,0.31702498
2019-11-25 10:30:00,0.2870625
2019-11-26 10:30:00,0.2924125
2019-11-27 10:30:00,0.30319998
2019-11-28 10:30:00,0.37972498
2019-11-29 10:30:00,0.36755002
2019-11-30 10:30:00,0.564525
2019-12-01 10:30:00,0.42824998
2019-12-02 10:30:00,0.290125
2019-12-03 10:30:00,0.294225
2019-12-04 10:30:00,0.3114625
2019-12-05 10:30:00,0.3188875
2019-12-06 10:30:00,0.4147875
2019-12-07 10:30:00,0.50285
2019-12-08 10:30:00,0.64585
2019-12-09 10:30:00,0.59788746
2019-12-10 10:30:00,0.62018746
2019-12-11 10:30:00,0.53725
2019-12-12 10:30:00,0.568125
2019-12-13 10:30:00,0.54202497
2019-12-14 10:30:00,0.6054125
2019-12-15 10:30:00,0.5921125
2019-12-16 10:30:00,0.51194996
2019-12-17 10:30:00,0.45866248
2019-12-18 10:30:00,0.4860625
2019-12-19 10:30:00,0.50413746
2019-12-20 10:30:00,0.49397498
2019-12-21 10:30:00,0.5861625
2019-12-22 10:30:00,0.645525
2019-12-23 10:30:00,0.5624875
2019-12-24 10:30:00,0.64286244
2019-12-25 10:30:00,0.6452125
2019-12-26 10:30:00,0.52648747
2019-12-27 10:30:00,0.641625
2019-12-28 10:30:00,0.658125
2019-12-29 10:30:00,0.668175
2019-12-30 10:30:00,0.49447498
2019-12-31 10:30:00,0.4756875
2020-01-01 10:30:00,0.5252
2020-01-02 10:30:00,0.498525
2020-01-03 10:30:00,0.5812875
2020-01-04 10:30:00,0.59195
2020-01-05 10:30:00,0.65989995
2020-01-06 10:30:00,0.805475
2020-01-07 10:30:00,0.71505004
2020-01-08 10:30:00,0.654725
2020-01-09 10:30:00,0.64585
2020-01-10 10:30:00,0.609675
2020-01-11 10:30:00,0.592825
2020-01-12 10:30:00,0.52442497
2020-01-13 10:30:00,0.63825
2020-01-14 10:30:00,0.604225
2020-01-15 10:30:00,0.6165
2020-01-16 10:30:00,0.5589
2020-01-17 10:30:00,0.6151
2020-01-18 10:30:00,0.73129994
2020-01-19 10:30:00,0.73631245
2020-01-20 10:30:00,0.5696125
2020-01-21 10:30:00,0.580975
2020-01-22 10:30:00,0.57954997
2020-01-23 10:30:00,0.4530125
2020-01-24 10:30:00,0.529075
2020-01-25 10:30:00,0.62207496
2020-01-26 10:30:00,0.6057625
2020-01-27 10:30:00,0.6304875
2020-01-28 10:30:00,0.60989994
2020-01-29 10:30:00,0.58568746
2020-01-30 10:30:00,0.5918875
2020-01-31 10:30:00,0.6079
2020-02-01 10:30:00,0.40092498
2020-02-02 10:30:00,0.40783748
2020-02-03 10:30:00,0.4323125
2020-02-04 10:30:00,0.42554998
2020-02-05 10:30:00,0.42755
2020-02-06 10:30:00,0.40441248
2020-02-07 10:30:00,0.5438125
2020-02-08 10:30:00,0.5868875
2020-02-09 10:30:00,0.6039875
2020-02-10 10:30:00,0.65927494
2020-02-11 10:30:00,0.5398875
2020-02-12 10:30:00,0.64256245
2020-02-13 10:30:00,0.692275
2020-02-14 10:30:00,0.51555
2020-02-15 10:30:00,0.484225
2020-02-16 10:30:00,0.57105
2020-02-17 10:30:00,0.4307875
2020-02-18 10:30:00,0.45055
2020-02-19 10:30:00,0.4581375
2020-02-20 10:30:00,0.594275
2020-02-21 10:30:00,0.75466245
2020-02-22 10:30:00,0.54803747
2020-02-23 10:30:00,0.4824625
2020-02-24 10:30:00,0.4551125
2020-02-25 10:30:00,0.5414375
2020-02-26 10:30:00,0.4251625
2020-02-27 10:30:00,0.4777625
2020-02-28 10:30:00,0.658975
2020-02-29 10:30:00,0.596525
2020-03-01 10:30:00,0.602025
2020-03-02 10:30:00,0.5962125
2020-03-03 10:30:00,0.76946247
2020-03-04 10:30:00,0.570525
2020-03-05 10:30:00,0.54991245
2020-03-06 10:30:00,0.703125
2020-03-07 10:30:00,0.473875
2020-03-08 10:30:00,0.4909875
2020-03-09 10:30:00,0.34302497
2020-03-10 10:30:00,0.5654375
2020-03-11 10:30:00,0.37371248
2020-03-12 10:30:00,0.2050625
2020-03-13 10:30:00,0.44236252
2020-03-14 10:30:00,0.36471248
2020-03-15 10:30:00,0.2662875
2020-03-16 10:30:00,0.39956248
2020-03-17 10:30:00,0.373875
2020-03-18 10:30:00,0.3985625
2020-03-19 10:30:00,0.3929375
2020-03-20 10:30:00,0.30985
2020-03-21 10:30:00,0.2458375
2020-03-22 10:30:00,0.38157502
2020-03-23 10:30:00,0.328075
2020-03-24 10:30:00,0.36704996
2020-03-25 10:30:00,0.334075
2020-03-26 10:30:00,0.21077499
2020-03-27 10:30:00,0.28535
2020-03-28 10:30:00,0.2561375
2020-03-29 10:30:00,0.17505
2020-03-30 10:30:00,0.15708749
2020-03-31 10:30:00,0.1877
2020-04-01 10:30:00,0.1985375
2020-04-02 10:30:00,0.223025
2020-04-03 10:30:00,0.23004998
2020-04-04 10:30:00,0.1400625
2020-04-05 10:30:00,0.13876249
2020-04-06 10:30:00,0.2667
2020-04-07 10:30:00,0.30374998
2020-04-08 10:30:00,0.32944998
2020-04-09 10:30:00,0.27104998
2020-04-10 10:30:00,0.143475
2020-04-11 10:30:00,0.1732875
2020-04-12 10:30:00,0.1087875
2020-04-13 10:30:00,0.1330625
2020-04-14 10:30:00,0.2782875
2020-04-15 10:30:00,0.25457498
2020-04-16 10:30:00,0.3855125
2020-04-17 10:30:00,0.21112499
2020-04-18 10:30:00,0.16081248
2020-04-19 10:30:00,0.54421246
2020-04-20 10:30:00,0.7758125
2020-04-21 10:30:00,0.7828375
2020-04-22 10:30:00,0.501725
2020-04-23 10:30:00,0.43745
2020-04-24 10:30:00,0.6219625
2020-04-25 10:30:00,0.4962625
2020-04-26 10:30:00,0.46856248
2020-04-27 10:30:00,0.3507
2020-04-28 10:30:00,0.5342375
2020-04-29 10:30:00,0.41073748
2020-04-30 10:30:00,0.34685
2020-05-01 10:30:00,0.2828125
2020-05-02 10:30:00,0.329975
2020-05-03 10:30:00,0.6676125
2020-05-04 10:30:00,0.4874
2020-05-05 10:30:00,0.41465
2020-05-06 10:30:00,0.2820375
2020-05-07 10:30:00,0.3991125
2020-05-08 10:30:00,0.260575
2020-05-09 10:30:00,0.36369997
2020-05-10 10:30:00,0.51796246
2020-05-11 10:30:00,0.5262
2020-05-12 10:30:00,0.39009997
2020-05-13 10:30:00,0.31684998
2020-05-14 10:30:00,0.2505875
2020-05-15 10:30:00,0.47447497
2020-05-16 10:30:00,0.77445
2020-05-17 10:30:00,0.83327496
2020-05-18 10:30:00,0.62308747
2020-05-19 10:30:00,0.64625
2020-05-20 10:30:00,0.6749875
2020-05-21 10:30:00,0.65911245
2020-05-22 10:30:00,0.8091625
2020-05-23 10:30:00,0.67351246
2020-05-24 10:30:00,0.4221625
2020-05-25 10:30:00,0.4702
2020-05-26 10:30:00,0.35506248
2020-05-27 10:30:00,0.4002125
2020-05-28 10:30:00,0.44547498
2020-05-29 10:30:00,0.4845
2020-05-30 10:30:00,0.4998375
2020-05-31 10:30:00,0.6981375
2020-06-01 10:30:00,0.5684375
2020-06-02 10:30:00,0.598575
2020-06-03 10:30:00,0.634925
2020-06-04 10:30:00,0.65012497
2020-06-05 10:30:00,0.5369375
2020-06-06 10:30:00,0.5614375
2020-06-07 10:30:00,0.6185
2020-06-08 10:30:00,0.61834997
2020-06-09 10:30:00,0.42478746
2020-06-10 10:30:00,0.7113375
2020-06-11 10:30:00,0.5213625
2020-06-12 10:30:00,0.6447375
2020-06-13 10:30:00,0.6697
2020-06-14 10:30:00,0.528325
2020-06-15 10:30:00,0.4850125
2020-06-16 10:30:00,0.57221246
2020-06-17 10:30:00,0.5991125
2020-06-18 10:30:00,0.62195
2020-06-19 10:30:00,0.66832495
2020-06-20 10:30:00,0.80504996
2020-06-21 10:30:00,0.64014995
2020-06-22 10:30:00,0.721875
2020-06-23 10:30:00,0.84854996
2020-06-24 10:30:00,0.7347875
2020-06-25 10:30:00,0.7114875
2020-06-26 10:30:00,0.65957505
2020-06-27 10:30:00,0.59645
2020-06-28 10:30:00,0.7132875
2020-06-29 10:30:00,0.6641625
2020-06-30 10:30:00,0.65695
2020-07-01 10:30:00,0.5653375
2020-07-02 10:30:00,0.5979
2020-07-03 10:30:00,0.62915
2020-07-04 10:30:00,0.751275
2020-07-05 10:30:00,0.7183
2020-07-06 10:30:00,0.75964993
2020-07-07 10:30:00,0.5090375
2020-07-08 10:30:00,0.5422375
2020-07-09 10:30:00,0.60534996
2020-07-10 10:30:00,0.658425
2020-07-11 10:30:00,0.7257625
2020-07-12 10:30:00,0.7269125
2020-07-13 10:30:00,0.61169994
2020-07-14 10:30:00,0.65621245
2020-07-15 10:30:00,0.6021875
2020-07-16 10:30:00,0.61176246
2020-07-17 10:30:00,0.7045625
2020-07-18 10:30:00,0.61329997
2020-07-19 10:30:00,0.6550375
2020-07-20 10:30:00,0.6004
2020-07-21 10:30:00,0.45654997
2020-07-22 10:30:00,0.697125
2020-07-23 10:30:00,0.5910625
2020-07-24 10:30:00,0.58717495
2020-07-25 10:30:00,0.6699375
2020-07-26 10:30:00,0.62075
2020-07-27 10:30:00,0.664625
2020-07-28 10:30:00,0.74747497
2020-07-29 10:30:00,0.83222497
2020-07-30 10:30:00,0.736275
2020-07-31 10:30:00,0.69372493
2020-08-01 10:30:00,0.671725
2020-08-02 10:30:00,0.892225
2020-08-03 10:30:00,0.81612504
2020-08-04 10:30:00,0.8216125
2020-08-05 10:30:00,0.745075
2020-08-06 10:30:00,0.6746
2020-08-07 10:30:00,0.84775
2020-08-08 10:30:00,0.91805
2020-08-09 10:30:00,0.81663746
2020-08-10 10:30:00,0.707625
2020-08-11 10:30:00,0.67141247
2020-08-12 10:30:00,0.645725
2020-08-13 10:30:00,0.9940625
2020-08-14 10:30:00,0.82261246
2020-08-15 10:30:00,0.731075
2020-08-16 10:30:00,0.7457375
2020-08-17 10:30:00,0.80982494
2020-08-18 10:30:00,0.6723625
2020-08-19 10:30:00,0.6352375
2020-08-20 10:30:00,0.537
2020-08-21 10:30:00,0.5766375
2020-08-22 10:30:00,0.636175
2020-08-23 10:30:00,0.758275
2020-08-24 10:30:00,0.90086246
2020-08-25 10:30:00,0.5891
2020-08-26 10:30:00,0.7266
2020-08-27 10:30:00,0.96955
2020-08-28 10:30:00,0.9553125
2020-08-29 10:30:00,0.6917125
2020-08-30 10:30:00,0.9005625
2020-08-31 10:30:00,0.8135875
2020-09-01 10:30:00,0.65089995
2020-09-02 10:30:00,0.55555
2020-09-03 10:30:00,0.7659125
2020-09-04 10:30:00,0.7302375
2020-09-05 10:30:00,0.6851
2020-09-06 10:30:00,0.714475
2020-09-07 10:30:00,0.732275
2020-09-08 10:30:00,0.67372495
2020-09-09 10:30:00,0.78515
2020-09-10 10:30:00,0.66295
2020-09-11 10:30:00,0.71402496
2020-09-12 10:30:00,0.73349994
2020-09-13 10:30:00,0.79588753
2020-09-14 10:30:00,0.88324994
2020-09-15 10:30:00,0.87826246
2020-09-16 10:30:00,0.8319
2020-09-17 10:30:00,0.7786125
2020-09-18 10:30:00,0.75192493
2020-09-19 10:30:00,0.70067495
2020-09-20 10:30:00,0.73733747
2020-09-21 10:30:00,0.82686245
2020-09-22 10:30:00,0.663575
2020-09-23 10:30:00,0.6184875
2020-09-24 10:30:00,0.7247
2020-09-25 10:30:00,0.738475
2020-09-26 10:30:00,0.72178745
2020-09-27 10:30:00,0.5365625
2020-09-28 10:30:00,0.57326245
2020-09-29 10:30:00,0.5065
2020-09-30 10:30:00,0.6002
2020-10-01 10:30:00,0.7299375
2020-10-02 10:30:00,0.74104995
2020-10-03 10:30:00,0.51739997
2020-10-04 10:30:00,0.63659996
2020-10-05 10:30:00,0.510525
2020-10-06 10:30:00,0.53078747
2020-10-07 10:30:00,0.50434995
2020-10-08 10:30:00,0.645325
2020-10-09 10:30:00,0.5789
2020-10-10 10:30:00,0.3215875
2020-10-11 10:30:00,0.40893748
2020-10-12 10:30:00,0.47259998
2020-10-13 10:30:00,0.527075
2020-10-14 10:30:00,0.46034998
2020-10-15 10:30:00,0.373375
2020-10-16 10:30:00,0.4265375
2020-10-17 10:30:00,0.41667497
2020-10-18 10:30:00,0.3991125
2020-10-19 10:30:00,0.43605
2020-10-20 10:30:00,0.332375
2020-10-21 10:30:00,0.4664375
2020-10-22 10:30:00,0.387225
2020-10-23 10:30:00,0.39059997
2020-10-24 10:30:00,0.34892502
2020-10-25 10:30:00,0.51559997
2020-10-26 10:30:00,0.46034998
2020-10-27 10:30:00,0.3785125
2020-10-28 10:30:00,0.432075
2020-10-29 10:30:00,0.4501625
2020-10-30 10:30:00,0.37362498
2020-10-31 10:30:00,0.5000125
2020-11-01 10:30:00,0.4874625
2020-11-02 10:30:00,0.35215
2020-11-03 10:30:00,0.303875
2020-11-04 10:30:00,0.38185
2020-11-05 10:30:00,0.4598375
2020-11-06 10:30:00,0.42494997
2020-11-07 10:30:00,0.44948748
2020-11-08 10:30:00,0.38958752
2020-11-09 10:30:00,0.42368752
2020-11-10 10:30:00,0.54676247
2020-11-11 10:30:00,0.46026248
2020-11-12 10:30:00,0.4627875
2020-11-13 10:30:00,0.395125
2020-11-14 10:30:00,0.39233747
2020-11-15 10:30:00,0.5056875
2020-11-16 10:30:00,0.539325
2020-11-17 10:30:00,0.7211375
2020-11-18 10:30:00,0.56264997
2020-11-19 10:30:00,0.34463748
2020-11-20 10:30:00,0.352625
2020-11-21 10:30:00,0.41795
2020-11-22 10:30:00,0.4621625
2020-11-23 10:30:00,0.52494997
2020-11-24 10:30:00,0.6451375
2020-11-25 10:30:00,0.46119997
2020-11-26 10:30:00,0.4774375
2020-11-27 10:30:00,0.42904997
2020-11-28 10:30:00,0.466525
2020-11-29 10:30:00,0.503325
2020-11-30 10:30:00,0.46954998
2020-12-01 10:30:00,0.50869995
2020-12-02 10:30:00,0.504875
2020-12-03 10:30:00,0.456875
2020-12-04 10:30:00,0.47091252
2020-12-05 10:30:00,0.47742498
2020-12-06 10:30:00,0.48163748
2020-12-07 10:30:00,0.4579375
2020-12-08 10:30:00,0.42428747
2020-12-09 10:30:00,0.44885
2020-12-10 10:30:00,0.46451247
2020-12-11 10:30:00,0.42338747
2020-12-12 10:30:00,0.41353747
2020-12-13 10:30:00,0.405325
2020-12-14 10:30:00,0.3813
2020-12-15 10:30:00,0.338125
2020-12-16 10:30:00,0.4326625
2020-12-17 10:30:00,0.38163748
2020-12-18 10:30:00,0.354725
2020-12-19 10:30:00,0.4267625
2020-12-20 10:30:00,0.4333875
2020-12-21 10:30:00,0.38608748
2020-12-22 10:30:00,0.49917498
2020-12-23 10:30:00,0.6408
2020-12-24 10:30:00,0.567625
2020-12-25 10:30:00,0.5278125
2020-12-26 10:30:00,0.63935
2020-12-27 10:30:00,0.6304125
2020-12-28 10:30:00,0.4747
2020-12-29 10:30:00,0.37829998
2020-12-30 10:30:00,0.4067375
2020-12-31 10:30:00,0.37835
2021-01-01 10:30:00,0.42404997
2021-01-02 10:30:00,0.418325
2021-01-03 10:30:00,0.43717498
2021-01-04 10:30:00,0.4091125
2021-01-05 10:30:00,0.40716252
2021-01-06 10:30:00,0.4245
2021-01-07 10:30:00,0.39541247
2021-01-08 10:30:00,0.4119125
2021-01-09 10:30:00,0.4721
2021-01-10 10:30:00,0.43151248
2021-01-11 10:30:00,0.434575
2021-01-12 10:30:00,0.7380875
2021-01-13 10:30:00,0.48857498
2021-01-14 10:30:00,0.5459875
2021-01-15 10:30:00,0.532125
2021-01-16 10:30:00,0.54165
2021-01-17 10:30:00,0.49996248
2021-01-18 10:30:00,0.385325
2021-01-19 10:30:00,0.4896625
2021-01-20 10:30:00,0.5590375
2021-01-21 10:30:00,0.65349996
2021-01-22 10:30:00,0.47983748
2021-01-23 10:30:00,0.55382496
2021-01-24 10:30:00,0.5719875
2021-01-25 10:30:00,0.5447625
2021-01-26 10:30:00,0.4103625
2021-01-27 10:30:00,0.387475
2021-01-28 10:30:00,0.3554
2021-01-29 10:30:00,0.605125
2021-01-30 10:30:00,0.6045
2021-01-31 10:30:00,0.73595
2021-02-01 10:30:00,0.5530125
2021-02-02 10:30:00,0.4431
2021-02-03 10:30:00,0.4504125
2021-02-04 10:30:00,0.61335
2021-02-05 10:30:00,0.56686246
2021-02-06 10:30:00,0.5202875
2021-02-07 10:30:00,0.45755
2021-02-08 10:30:00,0.51275
2021-02-09 10:30:00,0.5018
2021-02-10 10:30:00,0.52005
2021-02-11 10:30:00,0.48303747
2021-02-12 10:30:00,0.3787125
2021-02-13 10:30:00,0.3653375
2021-02-14 10:30:00,0.3298875
2021-02-15 10:30:00,0.31505
2021-02-16 10:30:00,0.32361248
2021-02-17 10:30:00,0.26459998
2021-02-18 10:30:00,0.3742
2021-02-19 10:30:00,0.37426248
2021-02-20 10:30:00,0.67183745
2021-02-21 10:30:00,0.5792375
2021-02-22 10:30:00,0.37085
2021-02-23 10:30:00,0.388675
2021-02-24 10:30:00,0.418975
2021-02-25 10:30:00,0.32923752
2021-02-26 10:30:00,0.5317375
2021-02-27 10:30:00,0.51669997
2021-02-28 10:30:00,0.3294125
2021-03-01 10:30:00,0.4398875
2021-03-02 10:30:00,0.5624
2021-03-03 10:30:00,0.4302125
2021-03-04 10:30:00,0.38347498
2021-03-05 10:30:00,0.27401248
2021-03-06 10:30:00,0.2989625
2021-03-07 10:30:00,0.33131248
2021-03-08 10:30:00,0.36221248
2021-03-09 10:30:00,0.17776251
2021-03-10 10:30:00,0.3206
2021-03-11 10:30:00,0.38638747
2021-03-12 10:30:00,0.3032625
2021-03-13 10:30:00,0.32135
2021-03-14 10:30:00,0.47436252
2021-03-15 10:30:00,0.3162875
2021-03-16 10:30:00,0.1539875
2021-03-17 10:30:00,0.2697125
2021-03-18 10:30:00,0.25915
2021-03-19 10:30:00,0.38302496
2021-03-20 10:30:00,0.74294996
2021-03-21 10:30:00,0.4412625
2021-03-22 10:30:00,0.37392497
2021-03-23 10:30:00,0.3264625
2021-03-24 10:30:00,0.32763746
2021-03-25 10:30:00,0.38924998
2021-03-26 10:30:00,0.73553747
2021-03-27 10:30:00,0.3502875
2021-03-28 10:30:00,0.469575
2021-03-29 10:30:00,0.35683748
2021-03-30 10:30:00,0.2541625
2021-03-31 10:30:00,0.3848
2021-04-01 10:30:00,0.34826252
2021-04-02 10:30:00,0.33294997
2021-04-03 10:30:00,0.2597375
2021-04-04 10:30:00,0.22802499
2021-04-05 10:30:00,0.230125
2021-04-06 10:30:00,0.17979999
2021-04-07 10:30:00,0.2645125
2021-04-08 10:30:00,0.25542498
2021-04-09 10:30:00,0.2554875
2021-04-10 10:30:00,0.2608625
2021-04-11 10:30:00,0.43836248
2021-04-12 10:30:00,0.64809996
2021-04-13 10:30:00,0.3859125
2021-04-14 10:30:00,0.3202625
2021-04-15 10:30:00,0.5684125
2021-04-16 10:30:00,0.9076125
2021-04-17 10:30:00,0.51635
2021-04-18 10:30:00,0.39084998
2021-04-19 10:30:00,0.2308375
2021-04-20 10:30:00,0.2667
2021-04-21 10:30:00,0.311575
2021-04-22 10:30:00,0.4881625
2021-04-23 10:30:00,0.582125
2021-04-24 10:30:00,0.23401248
2021-04-25 10:30:00,0.274225
2021-04-26 10:30:00,0.32474998
2021-04-27 10:30:00,0.3100625
2021-04-28 10:30:00,0.30269998
2021-04-29 10:30:00,0.5126375
2021-04-30 10:30:00,0.5879375
2021-05-01 10:30:00,0.6092375
2021-05-02 10:30:00,0.328825
2021-05-03 10:30:00,0.4168875
2021-05-04 10:30:00,0.4705
2021-05-05 10:30:00,0.4750125
2021-05-06 10:30:00,0.5199625
2021-05-07 10:30:00,0.857825
2021-05-08 10:30:00,0.6350875
2021-05-09 10:30:00,0.5334875
2021-05-10 10:30:00,0.387825
2021-05-11 10:30:00,0.3825625
2021-05-12 10:30:00,0.28405
2021-05-13 10:30:00,0.31902498
2021-05-14 10:30:00,0.7851
2021-05-15 10:30:00,0.3404375
2021-05-16 10:30:00,0.26956248
2021-05-17 10:30:00,0.300075
2021-05-18 10:30:00,0.40475
2021-05-19 10:30:00,0.4641375
2021-05-20 10:30:00,0.6041625
2021-05-21 10:30:00,0.4702
2021-05-22 10:30:00,0.3371625
2021-05-23 10:30:00,0.41843748
2021-05-24 10:30:00,0.396325
2021-05-25 10:30:00,0.3137625
2021-05-26 10:30:00,0.3566125
2021-05-27 10:30:00,0.57502496
2021-05-28 10:30:00,0.666725
2021-05-29 10:30:00,0.4518
2021-05-30 10:30:00,0.632825
2021-05-31 10:30:00,0.62145
2021-06-01 10:30:00,0.44335
2021-06-02 10:30:00,0.94412494
2021-06-03 10:30:00,0.74474996
2021-06-04 10:30:00,0.839525
2021-06-05 10:30:00,0.8419
2021-06-06 10:30:00,0.59537494
2021-06-07 10:30:00,0.53905004
2021-06-08 10:30:00,0.623325
2021-06-09 10:30:00,0.6776625
2021-06-10 10:30:00,0.52795
2021-06-11 10:30:00,0.49767497
2021-06-12 10:30:00,0.64511245
2021-06-13 10:30:00,0.6148625
2021-06-14 10:30:00,0.96178746
2021-06-15 10:30:00,0.713625
2021-06-16 10:30:00,0.79599994
2021-06-17 10:30:00,0.538225
2021-06-18 10:30:00,0.66636246
2021-06-19 10:30:00,0.7562625
2021-06-20 10:30:00,0.851575
2021-06-21 10:30:00,0.83278745
2021-06-22 10:30:00,0.6516625
2021-06-23 10:30:00,0.4905375
2021-06-24 10:30:00,0.53851247
2021-06-25 10:30:00,0.7071875
2021-06-26 10:30:00,0.8083
2021-06-27 10:30:00,0.8139
2021-06-28 10:30:00,0.74842495
2021-06-29 10:30:00,0.69357497
2021-06-30 10:30:00,0.8797
2021-07-01 10:30:00,0.8876
2021-07-02 10:30:00,0.881875
2021-07-03 10:30:00,0.9014375
2021-07-04 10:30:00,0.93755
2021-07-05 10:30:00,0.79281247
2021-07-06 10:30:00,0.869475
2021-07-07 10:30:00,0.9460499
2021-07-08 10:30:00,0.9542375
2021-07-09 10:30:00,0.89599997
2021-07-10 10:30:00,0.8244625
2021-07-11 10:30:00,0.787525
2021-07-12 10:30:00,0.95277494
2021-07-13 10:30:00,0.951575
2021-07-14 10:30:00,0.99755
2021-07-15 10:30:00,0.93485
2021-07-16 10:30:00,0.92679995
2021-07-17 10:30:00,0.90055
2021-07-18 10:30:00,0.8683625
2021-07-19 10:30:00,0.89927495
2021-07-20 10:30:00,0.88167495
2021-07-21 10:30:00,0.86731243
2021-07-22 10:30:00,0.91809994
2021-07-23 10:30:00,0.834525
2021-07-24 10:30:00,0.95371246
2021-07-25 10:30:00,0.9405
2021-07-26 10:30:00,0.99843746
2021-07-27 10:30:00,0.91113746
2021-07-28 10:30:00,0.85152495
2021-07-29 10:30:00,0.8461625
2021-07-30 10:30:00,0.9281375
2021-07-31 10:30:00,0.9922
2021-08-01 10:30:00,0.9085375
2021-08-02 10:30:00,0.8817125
2021-08-03 10:30:00,0.9940124
2021-08-04 10:30:00,0.91239995
2021-08-05 10:30:00,0.7394875
2021-08-06 10:30:00,0.74410003
2021-08-07 10:30:00,0.789225
2021-08-08 10:30:00,0.9194874
2021-08-09 10:30:00,0.96165
2021-08-10 10:30:00,0.86955
2021-08-11 10:30:00,0.9973124
2021-08-12 10:30:00,0.84705
2021-08-13 10:30:00,0.9730625
2021-08-14 10:30:00,0.92522496
2021-08-15 10:30:00,0.856775
2021-08-16 10:30:00,0.80873746
2021-08-17 10:30:00,0.822325
2021-08-18 10:30:00,0.79934996
2021-08-19 10:30:00,0.8513375
2021-08-20 10:30:00,0.953825
2021-08-21 10:30:00,0.8679249
2021-08-22 10:30:00,0.831975
2021-08-23 10:30:00,0.8725875
2021-08-24 10:30:00,0.83696246
2021-08-25 10:30:00,0.95334995
2021-08-26 10:30:00,0.8983125
2021-08-27 10:30:00,0.8242
2021-08-28 10:30:00,0.9157125
2021-08-29 10:30:00,0.71608746
2021-08-30 10:30:00,0.702525
2021-08-31 10:30:00,0.81434995
2021-09-01 10:30:00,0.7465625
2021-09-02 10:30:00,0.84381247
2021-09-03 10:30:00,0.926575
2021-09-04 10:30:00,0.8019
2021-09-05 10:30:00,0.84027493
2021-09-06 10:30:00,0.9913625
2021-09-07 10:30:00,0.73235
2021-09-08 10:30:00,0.9455
2021-09-09 10:30:00,0.99205
2021-09-10 10:30:00,0.687875
2021-09-11 10:30:00,0.72147495
2021-09-12 10:30:00,0.69686246
2021-09-13 10:30:00,0.77231246
2021-09-14 10:30:00,0.7925875
2021-09-15 10:30:00,0.9439375
2021-09-16 10:30:00,0.62843746
2021-09-17 10:30:00,0.6591625
2021-09-18 10:30:00,0.7074125
2021-09-19 10:30:00,0.837675
2021-09-20 10:30:00,0.9062375
2021-09-21 10:30:00,0.81927496
2021-09-22 10:30:00,0.7778125
2021-09-23 10:30:00,0.67620003
2021-09-24 10:30:00,0.76114994
2021-09-25 10:30:00,0.931575
2021-09-26 10:30:00,0.99831253
2021-09-27 10:30:00,0.609325
2021-09-28 10:30:00,0.5890625
2021-09-29 10:30:00,0.4809
2021-09-30 10:30:00,0.66175
2021-10-01 10:30:00,0.6013375
2021-10-02 10:30:00,0.62275
2021-10-03 10:30:00,0.82856244
2021-10-04 10:30:00,0.725025
2021-10-05 10:30:00,0.543675
2021-10-06 10:30:00,0.7078875
2021-10-07 10:30:00,0.5901625
2021-10-08 10:30:00,0.48042497
2021-10-09 10:30:00,0.4607625
2021-10-10 10:30:00,0.423325
2021-10-11 10:30:00,0.4354
2021-10-12 10:30:00,0.398475
2021-10-13 10:30:00,0.690475
2021-10-14 10:30:00,0.5141875
2021-10-15 10:30:00,0.42548752
2021-10-16 10:30:00,0.3920625
2021-10-17 10:30:00,0.489
2021-10-18 10:30:00,0.5876
2021-10-19 10:30:00,0.494975
2021-10-20 10:30:00,0.4828125
2021-10-21 10:30:00,0.5477
2021-10-22 10:30:00,0.4671625
2021-10-23 10:30:00,0.40706247
2021-10-24 10:30:00,0.3579625
2021-10-25 10:30:00,0.31844997
2021-10-26 10:30:00,0.41365
2021-10-27 10:30:00,0.38938752
2021-10-28 10:30:00,0.4797
2021-10-29 10:30:00,0.5237
2021-10-30 10:30:00,0.6274
2021-10-31 10:30:00,0.4763
2021-11-01 10:30:00,0.5038125
2021-11-02 10:30:00,0.6302125
2021-11-03 10:30:00,0.6775375
2021-11-04 10:30:00,0.88223743
2021-11-05 10:30:00,0.9494
2021-11-06 10:30:00,0.56616247
2021-11-07 10:30:00,0.5560375
2021-11-08 10:30:00,0.92606246
2021-11-09 10:30:00,0.94527495
2021-11-10 10:30:00,0.6966
2021-11-11 10:30:00,0.3644625
2021-11-12 10:30:00,0.4043125
2021-11-13 10:30:00,0.45971248
2021-11-14 10:30:00,0.6783875
2021-11-15 10:30:00,0.6567625
2021-11-16 10:30:00,0.818125
2021-11-17 10:30:00,0.574575
2021-11-18 10:30:00,0.4714875
2021-11-19 10:30:00,0.63404995
2021-11-20 10:30:00,0.8396125
2021-11-21 10:30:00,0.9175375
2021-11-22 10:30:00,0.6027125
2021-11-23 10:30:00,0.4503625
2021-11-24 10:30:00,0.47978747
2021-11-25 10:30:00,0.52221245
2021-11-26 10:30:00,0.571225
2021-11-27 10:30:00,0.8699
2021-11-28 10:30:00,0.94396245
2021-11-29 10:30:00,0.8061125
2021-11-30 10:30:00,0.6235125
2021-12-01 10:30:00,0.5742875
2021-12-02 10:30:00,0.5449375
2021-12-03 10:30:00,0.4808
2021-12-04 10:30:00,0.6222625
2021-12-05 10:30:00,0.52326244
2021-12-06 10:30:00,0.461875
2021-12-07 10:30:00,0.6867125
2021-12-08 10:30:00,0.86762494
2021-12-09 10:30:00,0.87839997
2021-12-10 10:30:00,0.7129125
2021-12-11 10:30:00,0.525025
2021-12-12 10:30:00,0.4855625
2021-12-13 10:30:00,0.60209996
2021-12-14 10:30:00,0.53776246
2021-12-15 10:30:00,0.8528625
2021-12-16 10:30:00,0.622225
2021-12-17 10:30:00,0.517125
2021-12-18 10:30:00,0.60244995
2021-12-19 10:30:00,0.56943744
2021-12-20 10:30:00,0.4591375
2021-12-21 10:30:00,0.49350002
2021-12-22 10:30:00,0.59354997
2021-12-23 10:30:00,0.51757497
2021-12-24 10:30:00,0.47755
2021-12-25 10:30:00,0.49546248
2021-12-26 10:30:00,0.553625
2021-12-27 10:30:00,0.6324625
2021-12-28 10:30:00,0.6779875
2021-12-29 10:30:00,0.6247625
2021-12-30 10:30:00,0.5046
2021-12-31 10:30:00,0.5344125
2022-01-01 10:30:00,0.55171245
2022-01-02 10:30:00,0.48288748
2022-01-03 10:30:00,0.47917497
2022-01-04 10:30:00,0.5811875
2022-01-05 10:30:00,0.6375375
2022-01-06 10:30:00,0.73169994
2022-01-07 10:30:00,0.79522496
2022-01-08 10:30:00,0.71718746
2022-01-09 10:30:00,0.6086625
2022-01-10 10:30:00,0.72809994
2022-01-11 10:30:00,0.5252
2022-01-12 10:30:00,0.5501625
2022-01-13 10:30:00,0.564275
2022-01-14 10:30:00,0.68918747
2022-01-15 10:30:00,0.52225
2022-01-16 10:30:00,0.5199625
2022-01-17 10:30:00,0.5420875
2022-01-18 10:30:00,0.71745
2022-01-19 10:30:00,0.48997498
2022-01-20 10:30:00,0.630275
2022-01-21 10:30:00,0.73885
2022-01-22 10:30:00,0.7279875
2022-01-23 10:30:00,0.74332505
2022-01-24 10:30:00,0.6869
2022-01-25 10:30:00,0.87953746
2022-01-26 10:30:00,0.6003625
2022-01-27 10:30:00,0.49763748
2022-01-28 10:30:00,0.43807498
2022-01-29 10:30:00,0.40882498
2022-01-30 10:30:00,0.458775
2022-01-31 10:30:00,0.519875
2022-02-01 10:30:00,0.4456625
2022-02-02 10:30:00,0.46439996
2022-02-03 10:30:00,0.41756248
2022-02-04 10:30:00,0.41348746
2022-02-05 10:30:00,0.45505
2022-02-06 10:30:00,0.429175
2022-02-07 10:30:00,0.52288747
2022-02-08 10:30:00,0.618025
2022-02-09 10:30:00,0.7245625
2022-02-10 10:30:00,0.857425
2022-02-11 10:30:00,0.891975
2022-02-12 10:30:00,0.7399625
2022-02-13 10:30:00,0.74845
2022-02-14 10:30:00,0.630275
2022-02-15 10:30:00,0.5710625
2022-02-16 10:30:00,0.72933745
2022-02-17 10:30:00,0.62093747
2022-02-18 10:30:00,0.8457625
2022-02-19 10:30:00,0.6069875
2022-02-20 10:30:00,0.46294996
2022-02-21 10:30:00,0.46818748
2022-02-22 10:30:00,0.4887125
2022-02-23 10:30:00,0.44417498
2022-02-24 10:30:00,0.4394625
2022-02-25 10:30:00,0.44605
2022-02-26 10:30:00,0.46831247
2022-02-27 10:30:00,0.48235
2022-02-28 10:30:00,0.4561
2022-03-01 10:30:00,0.44614998
2022-03-02 10:30:00,0.4798125
2022-03-03 10:30:00,0.490775
2022-03-04 10:30:00,0.37232497
2022-03-05 10:30:00,0.3055125
2022-03-06 10:30:00,0.38182497
2022-03-07 10:30:00,0.426075
2022-03-08 10:30:00,0.4094875
2022-03-09 10:30:00,0.47151247
2022-03-10 10:30:00,0.20807499
2022-03-11 10:30:00,0.2139125
2022-03-12 10:30:00,0.883275
2022-03-13 10:30:00,0.8279875
2022-03-14 10:30:00,0.7576
2022-03-15 10:30:00,0.811875
2022-03-16 10:30:00,0.3747375
2022-03-17 10:30:00,0.4725375
2022-03-18 10:30:00,0.50614995
2022-03-19 10:30:00,0.34855
2022-03-20 10:30:00,0.3439125
2022-03-21 10:30:00,0.329025
2022-03-22 10:30:00,0.31278747
2022-03-23 10:30:00,0.5165375
2022-03-24 10:30:00,0.7493875
2022-03-25 10:30:00,0.719225
2022-03-26 10:30:00,0.48256248
2022-03-27 10:30:00,0.36877498
2022-03-28 10:30:00,0.332375
2022-03-29 10:30:00,0.2501
2022-03-30 10:30:00,0.23893748
2022-03-31 10:30:00,0.23611249
2022-04-01 10:30:00,0.2653125
2022-04-02 10:30:00,0.30214998
2022-04-03 10:30:00,0.2719125
2022-04-04 10:30:00,0.3443
2022-04-05 10:30:00,0.2782625
2022-04-06 10:30:00,0.26015
2022-04-07 10:30:00,0.2980875
2022-04-08 10:30:00,0.3121
2022-04-09 10:30:00,0.2415125
2022-04-10 10:30:00,0.3060625
2022-04-11 10:30:00,0.35549998
2022-04-12 10:30:00,0.27875
2022-04-13 10:30:00,0.32
2022-04-14 10:30:00,0.37436247
2022-04-15 10:30:00,0.26455
2022-04-16 10:30:00,0.2519875
2022-04-17 10:30:00,0.288125
2022-04-18 10:30:00,0.31307498
2022-04-19 10:30:00,0.205975
2022-04-20 10:30:00,0.32076252
2022-04-21 10:30:00,0.87146246
2022-04-22 10:30:00,0.34708747
2022-04-23 10:30:00,0.40998748
2022-04-24 10:30:00,0.5175125
2022-04-25 10:30:00,0.64004993
2022-04-26 10:30:00,0.51739997
2022-04-27 10:30:00,0.313175
2022-04-28 10:30:00,0.27956247
2022-04-29 10:30:00,0.75162494
2022-04-30 10:30:00,0.494975
2022-05-01 10:30:00,0.59143746
2022-05-02 10:30:00,0.389625
2022-05-03 10:30:00,0.62939996
2022-05-04 10:30:00,0.57735
2022-05-05 10:30:00,0.8062124
2022-05-06 10:30:00,0.332075
2022-05-07 10:30:00,0.28862497
2022-05-08 10:30:00,0.26745
2022-05-09 10:30:00,0.2272625
2022-05-10 10:30:00,0.69963753
2022-05-11 10:30:00,0.45479998
2022-05-12 10:30:00,0.549225
2022-05-13 10:30:00,0.59325
2022-05-14 10:30:00,0.40693748
2022-05-15 10:30:00,0.37281248
2022-05-16 10:30:00,0.3001875
2022-05-17 10:30:00,0.520575
2022-05-18 10:30:00,0.3378625
2022-05-19 10:30:00,0.416175
2022-05-20 10:30:00,0.366475
2022-05-21 10:30:00,0.4588375
2022-05-22 10:30:00,0.365325
2022-05-23 10:30:00,0.4169375
2022-05-24 10:30:00,0.8893875
2022-05-25 10:30:00,0.55632496
2022-05-26 10:30:00,0.4407875
2022-05-27 10:30:00,0.3078875
2022-05-28 10:30:00,0.4470375
2022-05-29 10:30:00,0.9962124
2022-05-30 10:30:00,0.61281246
2022-05-31 10:30:00,0.69264996
2022-06-01 10:30:00,0.7075499
2022-06-02 10:30:00,0.5423625
2022-06-03 10:30:00,0.5868375
2022-06-04 10:30:00,0.83717495
2022-06-05 10:30:00,0.99284995
2022-06-06 10:30:00,0.79635
2022-06-07 10:30:00,0.996575
2022-06-08 10:30:00,0.8574375
2022-06-09 10:30:00,0.70647496
2022-06-10 10:30:00,0.64545
2022-06-11 10:30:00,0.6405375
2022-06-12 10:30:00,0.8071875
2022-06-13 10:30:00,0.8220125
2022-06-14 10:30:00,0.82833743
2022-06-15 10:30:00,0.667425
2022-06-16 10:30:00,0.6610375
2022-06-17 10:30:00,0.587425
2022-06-18 10:30:00,0.5730375
2022-06-19 10:30:00,0.56607497
2022-06-20 10:30:00,0.68848747
2022-06-21 10:30:00,0.501825
2022-06-22 10:30:00,0.678925
2022-06-23 10:30:00,0.764375
2022-06-24 10:30:00,0.853975
2022-06-25 10:30:00,0.71675
2022-06-26 10:30:00,0.65665
2022-06-27 10:30:00,0.7039875
2022-06-28 10:30:00,0.7220749
2022-06-29 10:30:00,0.6791625
2022-06-30 10:30:00,0.8359875
2022-07-01 10:30:00,0.7938375
2022-07-02 10:30:00,0.69606245
2022-07-03 10:30:00,0.7671125
2022-07-04 10:30:00,0.83474994
2022-07-05 10:30:00,0.9003125
2022-07-06 10:30:00,0.9022875
2022-07-07 10:30:00,0.82984996
2022-07-08 10:30:00,0.82216245
2022-07-09 10:30:00,0.599
2022-07-10 10:30:00,0.7265125
2022-07-11 10:30:00,0.69385
2022-07-12 10:30:00,0.6369875
2022-07-13 10:30:00,0.9902875
2022-07-14 10:30:00,0.99455
2022-07-15 10:30:00,0.9319625
2022-07-16 10:30:00,0.8678375
2022-07-17 10:30:00,0.8680124
2022-07-18 10:30:00,0.906425
2022-07-19 10:30:00,0.78232497
2022-07-20 10:30:00,0.83264995
2022-07-21 10:30:00,0.82339996
2022-07-22 10:30:00,0.71566254
2022-07-23 10:30:00,0.9112375
2022-07-24 10:30:00,0.91898745
2022-07-25 10:30:00,0.83935
2022-07-26 10:30:00,0.899125
2022-07-27 10:30:00,0.8622875
2022-07-28 10:30:00,0.97159994
2022-07-29 10:30:00,0.92941254
2022-07-30 10:30:00,0.88927495
2022-07-31 10:30:00,0.903925
2022-08-01 10:30:00,0.82472503
2022-08-02 10:30:00,0.75023746
2022-08-03 10:30:00,0.80667496
2022-08-04 10:30:00,0.94729996
2022-08-05 10:30:00,0.60986245
2022-08-06 10:30:00,0.66375
2022-08-07 10:30:00,0.7948625
2022-08-08 10:30:00,0.5847125
2022-08-09 10:30:00,0.523475
2022-08-10 10:30:00,0.62611246
2022-08-11 10:30:00,0.7072
2022-08-12 10:30:00,0.5987125
2022-08-13 10:30:00,0.60625
2022-08-14 10:30:00,0.82879996
2022-08-15 10:30:00,0.9121125
2022-08-16 10:30:00,0.6202875
2022-08-17 10:30:00,0.6909125
2022-08-18 10:30:00,0.833825
2022-08-19 10:30:00,0.62097496
2022-08-20 10:30:00,0.6331625
2022-08-21 10:30:00,0.764775
2022-08-22 10:30:00,0.73632497
2022-08-23 10:30:00,0.549075
2022-08-24 10:30:00,0.71089995
2022-08-25 10:30:00,0.6342
2022-08-26 10:30:00,0.728825
2022-08-27 10:30:00,0.523025
2022-08-28 10:30:00,0.6084375
2022-08-29 10:30:00,0.69708747
2022-08-30 10:30:00,0.82809997
2022-08-31 10:30:00,0.70385003
2022-09-01 10:30:00,0.54309994
2022-09-02 10:30:00,0.541475
2022-09-03 10:30:00,0.668925
2022-09-04 10:30:00,0.7904125
2022-09-05 10:30:00,0.59075
2022-09-06 10:30:00,0.83867496
2022-09-07 10:30:00,0.58638746
2022-09-08 10:30:00,0.67644995
2022-09-09 10:30:00,0.6727375
2022-09-10 10:30:00,0.7142125
2022-09-11 10:30:00,0.60875
2022-09-12 10:30:00,0.75918746
2022-09-13 10:30:00,0.60456246
2022-09-14 10:30:00,0.6709375
2022-09-15 10:30:00,0.69925004
2022-09-16 10:30:00,0.762975
2022-09-17 10:30:00,0.5165875
2022-09-18 10:30:00,0.438925
2022-09-19 10:30:00,0.32185
2022-09-20 10:30:00,0.43737498
2022-09-21 10:30:00,0.4332625
2022-09-22 10:30:00,0.985325
2022-09-23 10:30:00,0.8300125
2022-09-24 10:30:00,0.546025
2022-09-25 10:30:00,0.48189998
2022-09-26 10:30:00,0.5680125
2022-09-27 10:30:00,0.47697502
2022-09-28 10:30:00,0.502675
2022-09-29 10:30:00,0.3472375
2022-09-30 10:30:00,0.7846625
2022-10-01 10:30:00,0.7269375
2022-10-02 10:30:00,0.73272496
2022-10-03 10:30:00,0.5642125
2022-10-04 10:30:00,0.4181125
2022-10-05 10:30:00,0.46337497
2022-10-06 10:30:00,0.6318875
2022-10-07 10:30:00,0.5179125
2022-10-08 10:30:00,0.7409625
2022-10-09 10:30:00,0.30470002
2022-10-10 10:30:00,0.37812498
2022-10-11 10:30:00,0.423325
2022-10-12 10:30:00,0.4900375
2022-10-13 10:30:00,0.3147625
2022-10-14 10:30:00,0.49447498
2022-10-15 10:30:00,0.341775
2022-10-16 10:30:00,0.4472625
2022-10-17 10:30:00,0.4083
2022-10-18 10:30:00,0.458075
2022-10-19 10:30:00,0.2692
2022-10-20 10:30:00,0.5243875
2022-10-21 10:30:00,0.62093747
2022-10-22 10:30:00,0.4931875
2022-10-23 10:30:00,0.41145
2022-10-24 10:30:00,0.4655375
2022-10-25 10:30:00,0.5757375
2022-10-26 10:30:00,0.6429125
2022-10-27 10:30:00,0.48578748
2022-10-28 10:30:00,0.4122
2022-10-29 10:30:00,0.49289998
2022-10-30 10:30:00,0.56255
2022-10-31 10:30:00,0.481
2022-11-01 10:30:00,0.4167375
2022-11-02 10:30:00,0.283775
2022-11-03 10:30:00,0.3892
2022-11-04 10:30:00,0.40336248
2022-11-05 10:30:00,0.4357125
2022-11-06 10:30:00,0.4992875
2022-11-07 10:30:00,0.4804375
2022-11-08 10:30:00,0.4299375
2022-11-09 10:30:00,0.454175
2022-11-10 10:30:00,0.48413748
2022-11-11 10:30:00,0.46781248
2022-11-12 10:30:00,0.36354998
2022-11-13 10:30:00,0.5586625
2022-11-14 10:30:00,0.556
2022-11-15 10:30:00,0.42224997
2022-11-16 10:30:00,0.53631246
2022-11-17 10:30:00,0.5287625
2022-11-18 10:30:00,0.50699997
2022-11-19 10:30:00,0.5509
2022-11-20 10:30:00,0.44497502
2022-11-21 10:30:00,0.45845
2022-11-22 10:30:00,0.55795
2022-11-23 10:30:00,0.59503746
2022-11-24 10:30:00,0.9878875
2022-11-25 10:30:00,0.72113746
2022-11-26 10:30:00,0.4920875
2022-11-27 10:30:00,0.886225
2022-11-28 10:30:00,0.82944995
2022-11-29 10:30:00,0.455675
2022-11-30 10:30:00,0.4655375
2022-12-01 10:30:00,0.515
2022-12-02 10:30:00,0.52642494
2022-12-03 10:30:00,0.47015
2022-12-04 10:30:00,0.5125375
2022-12-05 10:30:00,0.514825
2022-12-06 10:30:00,0.5293
2022-12-07 10:30:00,0.56581247
2022-12-08 10:30:00,0.5860625
2022-12-09 10:30:00,0.57665
2022-12-10 10:30:00,0.56798744
2022-12-11 10:30:00,0.5269875
2022-12-12 10:30:00,0.44275
2022-12-13 10:30:00,0.3886125
2022-12-14 10:30:00,0.3785125
2022-12-15 10:30:00,0.4430125
2022-12-16 10:30:00,0.470325
2022-12-17 10:30:00,0.48328748
2022-12-18 10:30:00,0.44595
2022-12-19 10:30:00,0.512625
2022-12-20 10:30:00,0.6819625
2022-12-21 10:30:00,0.85065
2022-12-22 10:30:00,0.5999375
2022-12-23 10:30:00,0.5395375
2022-12-24 10:30:00,0.5097375
2022-12-25 10:30:00,0.6936125
2022-12-26 10:30:00,0.7089125
2022-12-27 10:30:00,0.84935
2022-12-28 10:30:00,0.6202
2022-12-29 10:30:00,0.5184375
2022-12-30 10:30:00,0.54139996
2022-12-31 10:30:00,0.48811248
