time,rhum
2012-01-01 10:30:00,0.5583125
2012-01-02 10:30:00,0.6285625
2012-01-03 10:30:00,0.6511625
2012-01-04 10:30:00,0.530825
2012-01-05 10:30:00,0.57345
2012-01-06 10:30:00,0.539975
2012-01-07 10:30:00,0.5309125
2012-01-08 10:30:00,0.535825
2012-01-09 10:30:00,0.6168125
2012-01-10 10:30:00,0.6213625
2012-01-11 10:30:00,0.60372496
2012-01-12 10:30:00,0.6861
2012-01-13 10:30:00,0.65705
2012-01-14 10:30:00,0.54891247
2012-01-15 10:30:00,0.635575
2012-01-16 10:30:00,0.71269995
2012-01-17 10:30:00,0.672225
2012-01-18 10:30:00,0.67153746
2012-01-19 10:30:00,0.64044994
2012-01-20 10:30:00,0.370625
2012-01-21 10:30:00,0.3312125
2012-01-22 10:30:00,0.37905
2012-01-23 10:30:00,0.42064998
2012-01-24 10:30:00,0.41605
2012-01-25 10:30:00,0.4761
2012-01-26 10:30:00,0.3849
2012-01-27 10:30:00,0.403725
2012-01-28 10:30:00,0.3847375
2012-01-29 10:30:00,0.3874125
2012-01-30 10:30:00,0.3455125
2012-01-31 10:30:00,0.37373748
2012-02-01 10:30:00,0.3521125
2012-02-02 10:30:00,0.32614997
2012-02-03 10:30:00,0.35673752
2012-02-04 10:30:00,0.43076247
2012-02-05 10:30:00,0.3327375
2012-02-06 10:30:00,0.2898125
2012-02-07 10:30:00,0.32232502
2012-02-08 10:30:00,0.37046248
2012-02-09 10:30:00,0.3717375
2012-02-10 10:30:00,0.36194998
2012-02-11 10:30:00,0.3463
2012-02-12 10:30:00,0.43971246
2012-02-13 10:30:00,0.35889998
2012-02-14 10:30:00,0.3567125
2012-02-15 10:30:00,0.34992498
2012-02-16 10:30:00,0.34376252
2012-02-17 10:30:00,0.3554875
2012-02-18 10:30:00,0.3786625
2012-02-19 10:30:00,0.34649998
2012-02-20 10:30:00,0.22882499
2012-02-21 10:30:00,0.24116248
2012-02-22 10:30:00,0.2423875
2012-02-23 10:30:00,0.366475
2012-02-24 10:30:00,0.3478
2012-02-25 10:30:00,0.3026875
2012-02-26 10:30:00,0.382625
2012-02-27 10:30:00,0.45596248
2012-02-28 10:30:00,0.34105
2012-02-29 10:30:00,0.34902498
2012-03-01 10:30:00,0.252175
2012-03-02 10:30:00,0.2694
2012-03-03 10:30:00,0.313725
2012-03-04 10:30:00,0.5401375
2012-03-05 10:30:00,0.8219125
2012-03-06 10:30:00,0.60991246
2012-03-07 10:30:00,0.6193375
2012-03-08 10:30:00,0.3822
2012-03-09 10:30:00,0.4138375
2012-03-10 10:30:00,0.57998747
2012-03-11 10:30:00,0.4425
2012-03-12 10:30:00,0.46296248
2012-03-13 10:30:00,0.38235
2012-03-14 10:30:00,0.4414
2012-03-15 10:30:00,0.43781248
2012-03-16 10:30:00,0.22899999
2012-03-17 10:30:00,0.1767375
2012-03-18 10:30:00,0.274775
2012-03-19 10:30:00,0.20693749
2012-03-20 10:30:00,0.26308748
2012-03-21 10:30:00,0.3453875
2012-03-22 10:30:00,0.22731249
2012-03-23 10:30:00,0.45398748
2012-03-24 10:30:00,0.33214998
2012-03-25 10:30:00,0.29892498
2012-03-26 10:30:00,0.3076
2012-03-27 10:30:00,0.21743749
2012-03-28 10:30:00,0.21768749
2012-03-29 10:30:00,0.6457
2012-03-30 10:30:00,0.44303748
2012-03-31 10:30:00,0.4324375
2012-04-01 10:30:00,0.2564
2012-04-02 10:30:00,0.2471125
2012-04-03 10:30:00,0.3519625
2012-04-04 10:30:00,0.41297498
2012-04-05 10:30:00,0.33755
2012-04-06 10:30:00,0.2420875
2012-04-07 10:30:00,0.2527
2012-04-08 10:30:00,0.42113748
2012-04-09 10:30:00,0.1841375
2012-04-10 10:30:00,0.2104375
2012-04-11 10:30:00,0.26526248
2012-04-12 10:30:00,0.28626248
2012-04-13 10:30:00,0.2345375
2012-04-14 10:30:00,0.53021246
2012-04-15 10:30:00,0.27575
2012-04-16 10:30:00,0.2294
2012-04-17 10:30:00,0.230125
2012-04-18 10:30:00,0.32123747
2012-04-19 10:30:00,0.3376875
2012-04-20 10:30:00,0.19141251
2012-04-21 10:30:00,0.4280375
2012-04-22 10:30:00,0.4499375
2012-04-23 10:30:00,0.4257875
2012-04-24 10:30:00,0.21635
2012-04-25 10:30:00,0.23791249
2012-04-26 10:30:00,0.1950375
2012-04-27 10:30:00,0.6256125
2012-04-28 10:30:00,0.2855
2012-04-29 10:30:00,0.2111875
2012-04-30 10:30:00,0.2337125
2012-05-01 10:30:00,0.17969999
2012-05-02 10:30:00,0.2725
2012-05-03 10:30:00,0.16879998
2012-05-04 10:30:00,0.1705
2012-05-05 10:30:00,0.13114999
2012-05-06 10:30:00,0.32638747
2012-05-07 10:30:00,0.31788749
2012-05-08 10:30:00,0.4075
2012-05-09 10:30:00,0.3654375
2012-05-10 10:30:00,0.4355
2012-05-11 10:30:00,0.38279998
2012-05-12 10:30:00,0.7036875
2012-05-13 10:30:00,0.5188125
2012-05-14 10:30:00,0.5862625
2012-05-15 10:30:00,0.6363125
2012-05-16 10:30:00,0.78691244
2012-05-17 10:30:00,0.44713748
2012-05-18 10:30:00,0.3004125
2012-05-19 10:30:00,0.1819375
2012-05-20 10:30:00,0.281375
2012-05-21 10:30:00,0.30695
2012-05-22 10:30:00,0.296675
2012-05-23 10:30:00,0.266475
2012-05-24 10:30:00,0.238925
2012-05-25 10:30:00,0.3133625
2012-05-26 10:30:00,0.39513746
2012-05-27 10:30:00,0.32538748
2012-05-28 10:30:00,0.46357498
2012-05-29 10:30:00,0.566975
2012-05-30 10:30:00,0.641275
2012-05-31 10:30:00,0.64795
2012-06-01 10:30:00,0.59275
2012-06-02 10:30:00,0.8361
2012-06-03 10:30:00,0.74294996
2012-06-04 10:30:00,0.712425
2012-06-05 10:30:00,0.5528125
2012-06-06 10:30:00,0.727225
2012-06-07 10:30:00,0.63981247
2012-06-08 10:30:00,0.71697503
2012-06-09 10:30:00,0.63904995
2012-06-10 10:30:00,0.5943625
2012-06-11 10:30:00,0.74445
2012-06-12 10:30:00,0.8727875
2012-06-13 10:30:00,0.884325
2012-06-14 10:30:00,0.7549
2012-06-15 10:30:00,0.853925
2012-06-16 10:30:00,0.8146875
2012-06-17 10:30:00,0.8147625
2012-06-18 10:30:00,0.7091375
2012-06-19 10:30:00,0.6391125
2012-06-20 10:30:00,0.6303
2012-06-21 10:30:00,0.62619996
2012-06-22 10:30:00,0.5881
2012-06-23 10:30:00,0.6887875
2012-06-24 10:30:00,0.80419993
2012-06-25 10:30:00,0.7811625
2012-06-26 10:30:00,0.76296246
2012-06-27 10:30:00,0.86635
2012-06-28 10:30:00,0.77761245
2012-06-29 10:30:00,0.7044375
2012-06-30 10:30:00,0.516
2012-07-01 10:30:00,0.7993
2012-07-02 10:30:00,0.8122125
2012-07-03 10:30:00,0.7526
2012-07-04 10:30:00,0.71407497
2012-07-05 10:30:00,0.7137875
2012-07-06 10:30:00,0.64736253
2012-07-07 10:30:00,0.65025
2012-07-08 10:30:00,0.7872125
2012-07-09 10:30:00,0.7908625
2012-07-10 10:30:00,0.8541
2012-07-11 10:30:00,0.857275
2012-07-12 10:30:00,0.81874996
2012-07-13 10:30:00,0.6775875
2012-07-14 10:30:00,0.6547875
2012-07-15 10:30:00,0.661725
2012-07-16 10:30:00,0.6151875
2012-07-17 10:30:00,0.58455
2012-07-18 10:30:00,0.7229125
2012-07-19 10:30:00,0.69315
2012-07-20 10:30:00,0.729225
2012-07-21 10:30:00,0.8420375
2012-07-22 10:30:00,0.89411247
2012-07-23 10:30:00,0.6446125
2012-07-24 10:30:00,0.7429
2012-07-25 10:30:00,0.8178375
2012-07-26 10:30:00,0.719725
2012-07-27 10:30:00,0.6541625
2012-07-28 10:30:00,0.8934
2012-07-29 10:30:00,0.86553746
2012-07-30 10:30:00,0.80973744
2012-07-31 10:30:00,0.69904995
2012-08-01 10:30:00,0.739325
2012-08-02 10:30:00,0.773825
2012-08-03 10:30:00,0.815975
2012-08-04 10:30:00,0.768725
2012-08-05 10:30:00,0.6815875
2012-08-06 10:30:00,0.6951249
2012-08-07 10:30:00,0.67371255
2012-08-08 10:30:00,0.6012375
2012-08-09 10:30:00,0.5693
2012-08-10 10:30:00,0.7376625
2012-08-11 10:30:00,0.591575
2012-08-12 10:30:00,0.5814
2012-08-13 10:30:00,0.62635
2012-08-14 10:30:00,0.64977497
2012-08-15 10:30:00,0.5533875
2012-08-16 10:30:00,0.55562496
2012-08-17 10:30:00,0.6739875
2012-08-18 10:30:00,0.55974996
2012-08-19 10:30:00,0.54066247
2012-08-20 10:30:00,0.5684625
2012-08-21 10:30:00,0.5231375
2012-08-22 10:30:00,0.416025
2012-08-23 10:30:00,0.4632375
2012-08-24 10:30:00,0.62058747
2012-08-25 10:30:00,0.5924625
2012-08-26 10:30:00,0.58603746
2012-08-27 10:30:00,0.708375
2012-08-28 10:30:00,0.5935625
2012-08-29 10:30:00,0.49989995
2012-08-30 10:30:00,0.5743875
2012-08-31 10:30:00,0.6458875
2012-09-01 10:30:00,0.52645
2012-09-02 10:30:00,0.91952497
2012-09-03 10:30:00,0.765
2012-09-04 10:30:00,0.8297125
2012-09-05 10:30:00,0.6999375
2012-09-06 10:30:00,0.5617625
2012-09-07 10:30:00,0.6273625
2012-09-08 10:30:00,0.74254996
2012-09-09 10:30:00,0.6855
2012-09-10 10:30:00,0.64896244
2012-09-11 10:30:00,0.90067494
2012-09-12 10:30:00,0.8011
2012-09-13 10:30:00,0.76918745
2012-09-14 10:30:00,0.60921246
2012-09-15 10:30:00,0.6057375
2012-09-16 10:30:00,0.63817495
2012-09-17 10:30:00,0.6510125
2012-09-18 10:30:00,0.6388625
2012-09-19 10:30:00,0.68918747
2012-09-20 10:30:00,0.5262375
2012-09-21 10:30:00,0.601375
2012-09-22 10:30:00,0.7189125
2012-09-23 10:30:00,0.72408754
2012-09-24 10:30:00,0.6534625
2012-09-25 10:30:00,0.92215
2012-09-26 10:30:00,0.6700625
2012-09-27 10:30:00,0.85628754
2012-09-28 10:30:00,0.484225
2012-09-29 10:30:00,0.63787496
2012-09-30 10:30:00,0.603675
2012-10-01 10:30:00,0.6125625
2012-10-02 10:30:00,0.6005625
2012-10-03 10:30:00,0.90599996
2012-10-04 10:30:00,0.53195
2012-10-05 10:30:00,0.4749625
2012-10-06 10:30:00,0.57254994
2012-10-07 10:30:00,0.6532125
2012-10-08 10:30:00,0.6203375
2012-10-09 10:30:00,0.5938375
2012-10-10 10:30:00,0.5349625
2012-10-11 10:30:00,0.606775
2012-10-12 10:30:00,0.68893754
2012-10-13 10:30:00,0.687125
2012-10-14 10:30:00,0.5522
2012-10-15 10:30:00,0.6321
2012-10-16 10:30:00,0.8081875
2012-10-17 10:30:00,0.5208
2012-10-18 10:30:00,0.4839125
2012-10-19 10:30:00,0.388975
2012-10-20 10:30:00,0.38502496
2012-10-21 10:30:00,0.5154
2012-10-22 10:30:00,0.6050125
2012-10-23 10:30:00,0.636275
2012-10-24 10:30:00,0.66459996
2012-10-25 10:30:00,0.569125
2012-10-26 10:30:00,0.59991246
2012-10-27 10:30:00,0.366575
2012-10-28 10:30:00,0.38042498
2012-10-29 10:30:00,0.421625
2012-10-30 10:30:00,0.6446875
2012-10-31 10:30:00,0.58865
2012-11-01 10:30:00,0.55377495
2012-11-02 10:30:00,0.458925
2012-11-03 10:30:00,0.55415
2012-11-04 10:30:00,0.730375
2012-11-05 10:30:00,0.71591246
2012-11-06 10:30:00,0.60945
2012-11-07 10:30:00,0.55663747
2012-11-08 10:30:00,0.5745125
2012-11-09 10:30:00,0.6354
2012-11-10 10:30:00,0.6954
2012-11-11 10:30:00,0.671725
2012-11-12 10:30:00,0.63151246
2012-11-13 10:30:00,0.5572875
2012-11-14 10:30:00,0.59743744
2012-11-15 10:30:00,0.4848625
2012-11-16 10:30:00,0.5343625
2012-11-17 10:30:00,0.5890125
2012-11-18 10:30:00,0.8150375
2012-11-19 10:30:00,0.61377496
2012-11-20 10:30:00,0.5674
2012-11-21 10:30:00,0.5201875
2012-11-22 10:30:00,0.5268125
2012-11-23 10:30:00,0.592775
2012-11-24 10:30:00,0.6940875
2012-11-25 10:30:00,0.5627125
2012-11-26 10:30:00,0.5375375
2012-11-27 10:30:00,0.71085
2012-11-28 10:30:00,0.53573745
2012-11-29 10:30:00,0.485625
2012-11-30 10:30:00,0.4530125
2012-12-01 10:30:00,0.6217875
2012-12-02 10:30:00,0.6613625
2012-12-03 10:30:00,0.5022625
2012-12-04 10:30:00,0.45618752
2012-12-05 10:30:00,0.38117498
2012-12-06 10:30:00,0.4055875
2012-12-07 10:30:00,0.5100375
2012-12-08 10:30:00,0.51716244
2012-12-09 10:30:00,0.64933753
2012-12-10 10:30:00,0.672775
2012-12-11 10:30:00,0.68885
2012-12-12 10:30:00,0.71398747
2012-12-13 10:30:00,0.5162875
2012-12-14 10:30:00,0.588025
2012-12-15 10:30:00,0.73120004
2012-12-16 10:30:00,0.561575
2012-12-17 10:30:00,0.47747502
2012-12-18 10:30:00,0.4950875
2012-12-19 10:30:00,0.5387625
2012-12-20 10:30:00,0.574925
2012-12-21 10:30:00,0.4494625
2012-12-22 10:30:00,0.39451247
2012-12-23 10:30:00,0.38022497
2012-12-24 10:30:00,0.4263375
2012-12-25 10:30:00,0.34665
2012-12-26 10:30:00,0.5276125
2012-12-27 10:30:00,0.5762625
2012-12-28 10:30:00,0.6690625
2012-12-29 10:30:00,0.59776247
2012-12-30 10:30:00,0.4741875
2012-12-31 10:30:00,0.5244125
2013-01-01 10:30:00,0.4169
2013-01-02 10:30:00,0.40851247
2013-01-03 10:30:00,0.3786
2013-01-04 10:30:00,0.37245
2013-01-05 10:30:00,0.42053747
2013-01-06 10:30:00,0.61625
2013-01-07 10:30:00,0.551025
2013-01-08 10:30:00,0.4595375
2013-01-09 10:30:00,0.54209995
2013-01-10 10:30:00,0.6023
2013-01-11 10:30:00,0.60991246
2013-01-12 10:30:00,0.6672125
2013-01-13 10:30:00,0.6608
2013-01-14 10:30:00,0.60609996
2013-01-15 10:30:00,0.680475
2013-01-16 10:30:00,0.5530625
2013-01-17 10:30:00,0.5568
2013-01-18 10:30:00,0.6777375
2013-01-19 10:30:00,0.633125
2013-01-20 10:30:00,0.705275
2013-01-21 10:30:00,0.662975
2013-01-22 10:30:00,0.63995
2013-01-23 10:30:00,0.621
2013-01-24 10:30:00,0.36735
2013-01-25 10:30:00,0.44042498
2013-01-26 10:30:00,0.5373
2013-01-27 10:30:00,0.656875
2013-01-28 10:30:00,0.7317875
2013-01-29 10:30:00,0.685375
2013-01-30 10:30:00,0.761175
2013-01-31 10:30:00,0.6766375
2013-02-01 10:30:00,0.3380375
2013-02-02 10:30:00,0.3929625
2013-02-03 10:30:00,0.6551625
2013-02-04 10:30:00,0.52735
2013-02-05 10:30:00,0.53814995
2013-02-06 10:30:00,0.363375
2013-02-07 10:30:00,0.3789125
2013-02-08 10:30:00,0.40601248
2013-02-09 10:30:00,0.38042498
2013-02-10 10:30:00,0.42058748
2013-02-11 10:30:00,0.5064875
2013-02-12 10:30:00,0.4983875
2013-02-13 10:30:00,0.42368752
2013-02-14 10:30:00,0.40678748
2013-02-15 10:30:00,0.5091125
2013-02-16 10:30:00,0.66565
2013-02-17 10:30:00,0.41333747
2013-02-18 10:30:00,0.29735
2013-02-19 10:30:00,0.308675
2013-02-20 10:30:00,0.328425
2013-02-21 10:30:00,0.396675
2013-02-22 10:30:00,0.41015
2013-02-23 10:30:00,0.2408375
2013-02-24 10:30:00,0.40112498
2013-02-25 10:30:00,0.54069996
2013-02-26 10:30:00,0.7124375
2013-02-27 10:30:00,0.41653746
2013-02-28 10:30:00,0.6849875
2013-03-01 10:30:00,0.31975
2013-03-02 10:30:00,0.53534997
2013-03-03 10:30:00,0.59335
2013-03-04 10:30:00,0.48233747
2013-03-05 10:30:00,0.5374375
2013-03-06 10:30:00,0.33845
2013-03-07 10:30:00,0.22518748
2013-03-08 10:30:00,0.5059625
2013-03-09 10:30:00,0.616275
2013-03-10 10:30:00,0.5521375
2013-03-11 10:30:00,0.5532125
2013-03-12 10:30:00,0.3434
2013-03-13 10:30:00,0.392925
2013-03-14 10:30:00,0.504525
2013-03-15 10:30:00,0.68123746
2013-03-16 10:30:00,0.4496125
2013-03-17 10:30:00,0.2364125
2013-03-18 10:30:00,0.3035875
2013-03-19 10:30:00,0.279025
2013-03-20 10:30:00,0.3361375
2013-03-21 10:30:00,0.35898748
2013-03-22 10:30:00,0.3244125
2013-03-23 10:30:00,0.3941375
2013-03-24 10:30:00,0.39424998
2013-03-25 10:30:00,0.33221248
2013-03-26 10:30:00,0.3924625
2013-03-27 10:30:00,0.41027498
2013-03-28 10:30:00,0.36945
2013-03-29 10:30:00,0.34735
2013-03-30 10:30:00,0.3062875
2013-03-31 10:30:00,0.2697125
2013-04-01 10:30:00,0.3064625
2013-04-02 10:30:00,0.2725125
2013-04-03 10:30:00,0.2642625
2013-04-04 10:30:00,0.36548752
2013-04-05 10:30:00,0.5671125
2013-04-06 10:30:00,0.400125
2013-04-07 10:30:00,0.3677125
2013-04-08 10:30:00,0.46807498
2013-04-09 10:30:00,0.28966248
2013-04-10 10:30:00,0.4347
2013-04-11 10:30:00,0.39013746
2013-04-12 10:30:00,0.2924375
2013-04-13 10:30:00,0.2561
2013-04-14 10:30:00,0.22463751
2013-04-15 10:30:00,0.23553748
2013-04-16 10:30:00,0.263575
2013-04-17 10:30:00,0.2406625
2013-04-18 10:30:00,0.2941
2013-04-19 10:30:00,0.2427
2013-04-20 10:30:00,0.2607125
2013-04-21 10:30:00,0.2940625
2013-04-22 10:30:00,0.38396248
2013-04-23 10:30:00,0.39229998
2013-04-24 10:30:00,0.6271375
2013-04-25 10:30:00,0.69198745
2013-04-26 10:30:00,0.3507875
2013-04-27 10:30:00,0.3796125
2013-04-28 10:30:00,0.65245
2013-04-29 10:30:00,0.90738744
2013-04-30 10:30:00,0.593375
2013-05-01 10:30:00,0.6350375
2013-05-02 10:30:00,0.5646375
2013-05-03 10:30:00,0.425625
2013-05-04 10:30:00,0.2872875
2013-05-05 10:30:00,0.312825
2013-05-06 10:30:00,0.4161875
2013-05-07 10:30:00,0.25885
2013-05-08 10:30:00,0.41283748
2013-05-09 10:30:00,0.450075
2013-05-10 10:30:00,0.29315
2013-05-11 10:30:00,0.50651246
2013-05-12 10:30:00,0.66363746
2013-05-13 10:30:00,0.663825
2013-05-14 10:30:00,0.8121875
2013-05-15 10:30:00,0.590675
2013-05-16 10:30:00,0.46665
2013-05-17 10:30:00,0.4955125
2013-05-18 10:30:00,0.326425
2013-05-19 10:30:00,0.43947497
2013-05-20 10:30:00,0.551025
2013-05-21 10:30:00,0.644925
2013-05-22 10:30:00,0.36201248
2013-05-23 10:30:00,0.3157125
2013-05-24 10:30:00,0.3066375
2013-05-25 10:30:00,0.2821125
2013-05-26 10:30:00,0.41568747
2013-05-27 10:30:00,0.60889995
2013-05-28 10:30:00,0.47625
2013-05-29 10:30:00,0.3192375
2013-05-30 10:30:00,0.352075
2013-05-31 10:30:00,0.344425
2013-06-01 10:30:00,0.3822625
2013-06-02 10:30:00,0.49477497
2013-06-03 10:30:00,0.73277503
2013-06-04 10:30:00,0.61847496
2013-06-05 10:30:00,0.5704
2013-06-06 10:30:00,0.8618875
2013-06-07 10:30:00,0.6356375
2013-06-08 10:30:00,0.70858747
2013-06-09 10:30:00,0.7815375
2013-06-10 10:30:00,0.56025
2013-06-11 10:30:00,0.6580375
2013-06-12 10:30:00,0.7681125
2013-06-13 10:30:00,0.58855
2013-06-14 10:30:00,0.65638745
2013-06-15 10:30:00,0.5622875
2013-06-16 10:30:00,0.629475
2013-06-17 10:30:00,0.5795375
2013-06-18 10:30:00,0.5582375
2013-06-19 10:30:00,0.6796
2013-06-20 10:30:00,0.709525
2013-06-21 10:30:00,0.6350375
2013-06-22 10:30:00,0.5226
2013-06-23 10:30:00,0.53113747
2013-06-24 10:30:00,0.5635625
2013-06-25 10:30:00,0.7662
2013-06-26 10:30:00,0.916975
2013-06-27 10:30:00,0.9153375
2013-06-28 10:30:00,0.6614375
2013-06-29 10:30:00,0.9431125
2013-06-30 10:30:00,0.94902503
2013-07-01 10:30:00,0.81403744
2013-07-02 10:30:00,0.84858745
2013-07-03 10:30:00,0.7514
2013-07-04 10:30:00,0.65177494
2013-07-05 10:30:00,0.5616625
2013-07-06 10:30:00,0.69213754
2013-07-07 10:30:00,0.658625
2013-07-08 10:30:00,0.80224997
2013-07-09 10:30:00,0.5649125
2013-07-10 10:30:00,0.48498747
2013-07-11 10:30:00,0.63934994
2013-07-12 10:30:00,0.68263745
2013-07-13 10:30:00,0.616175
2013-07-14 10:30:00,0.6479125
2013-07-15 10:30:00,0.90315
2013-07-16 10:30:00,0.63645
2013-07-17 10:30:00,0.7293875
2013-07-18 10:30:00,0.830475
2013-07-19 10:30:00,0.75633746
2013-07-20 10:30:00,0.6702625
2013-07-21 10:30:00,0.64418745
2013-07-22 10:30:00,0.8316125
2013-07-23 10:30:00,0.8659625
2013-07-24 10:30:00,0.803675
2013-07-25 10:30:00,0.74083745
2013-07-26 10:30:00,0.7740125
2013-07-27 10:30:00,0.8739125
2013-07-28 10:30:00,0.6672625
2013-07-29 10:30:00,0.77835
2013-07-30 10:30:00,0.7325875
2013-07-31 10:30:00,0.8576
2013-08-01 10:30:00,0.89555
2013-08-02 10:30:00,0.8731625
2013-08-03 10:30:00,0.8827125
2013-08-04 10:30:00,0.77989995
2013-08-05 10:30:00,0.82717496
2013-08-06 10:30:00,0.79996246
2013-08-07 10:30:00,0.68872494
2013-08-08 10:30:00,0.6688625
2013-08-09 10:30:00,0.6806875
2013-08-10 10:30:00,0.6712625
2013-08-11 10:30:00,0.6976625
2013-08-12 10:30:00,0.78795
2013-08-13 10:30:00,0.61303747
2013-08-14 10:30:00,0.5784375
2013-08-15 10:30:00,0.63081247
2013-08-16 10:30:00,0.852675
2013-08-17 10:30:00,0.8187625
2013-08-18 10:30:00,0.6523625
2013-08-19 10:30:00,0.683375
2013-08-20 10:30:00,0.6400125
2013-08-21 10:30:00,0.89003754
2013-08-22 10:30:00,0.701575
2013-08-23 10:30:00,0.6836
2013-08-24 10:30:00,0.58889997
2013-08-25 10:30:00,0.726975
2013-08-26 10:30:00,0.7005625
2013-08-27 10:30:00,0.692025
2013-08-28 10:30:00,0.92085
2013-08-29 10:30:00,0.6872625
2013-08-30 10:30:00,0.69902503
2013-08-31 10:30:00,0.7204
2013-09-01 10:30:00,0.7291874
2013-09-02 10:30:00,0.74214995
2013-09-03 10:30:00,0.659525
2013-09-04 10:30:00,0.701725
2013-09-05 10:30:00,0.7504125
2013-09-06 10:30:00,0.9061125
2013-09-07 10:30:00,0.81176245
2013-09-08 10:30:00,0.70371246
2013-09-09 10:30:00,0.79269993
2013-09-10 10:30:00,0.61478746
2013-09-11 10:30:00,0.6268
2013-09-12 10:30:00,0.7114875
2013-09-13 10:30:00,0.7274375
2013-09-14 10:30:00,0.379
2013-09-15 10:30:00,0.5300125
2013-09-16 10:30:00,0.4723125
2013-09-17 10:30:00,0.62479997
2013-09-18 10:30:00,0.6071875
2013-09-19 10:30:00,0.63163745
2013-09-20 10:30:00,0.6298125
2013-09-21 10:30:00,0.69871247
2013-09-22 10:30:00,0.52384996
2013-09-23 10:30:00,0.43509996
2013-09-24 10:30:00,0.47274998
2013-09-25 10:30:00,0.474
2013-09-26 10:30:00,0.4661375
2013-09-27 10:30:00,0.36805
2013-09-28 10:30:00,0.49682498
2013-09-29 10:30:00,0.47843748
2013-09-30 10:30:00,0.4333375
2013-10-01 10:30:00,0.37005
2013-10-02 10:30:00,0.33557498
2013-10-03 10:30:00,0.3686125
2013-10-04 10:30:00,0.357625
2013-10-05 10:30:00,0.34085
2013-10-06 10:30:00,0.4090625
2013-10-07 10:30:00,0.3767375
2013-10-08 10:30:00,0.3061
2013-10-09 10:30:00,0.4823125
2013-10-10 10:30:00,0.86372495
2013-10-11 10:30:00,0.65958744
2013-10-12 10:30:00,0.51226246
2013-10-13 10:30:00,0.50364995
2013-10-14 10:30:00,0.3601125
2013-10-15 10:30:00,0.43568748
2013-10-16 10:30:00,0.5191625
2013-10-17 10:30:00,0.502375
2013-10-18 10:30:00,0.601925
2013-10-19 10:30:00,0.68913746
2013-10-20 10:30:00,0.76554996
2013-10-21 10:30:00,0.8837
2013-10-22 10:30:00,0.79705
2013-10-23 10:30:00,0.94934994
2013-10-24 10:30:00,0.79426247
2013-10-25 10:30:00,0.60155
2013-10-26 10:30:00,0.73723745
2013-10-27 10:30:00,0.77839994
2013-10-28 10:30:00,0.6643625
2013-10-29 10:30:00,0.555825
2013-10-30 10:30:00,0.5550125
2013-10-31 10:30:00,0.618725
2013-11-01 10:30:00,0.6264125
2013-11-02 10:30:00,0.60368747
2013-11-03 10:30:00,0.5263625
2013-11-04 10:30:00,0.5206
2013-11-05 10:30:00,0.65678746
2013-11-06 10:30:00,0.65729994
2013-11-07 10:30:00,0.78397495
2013-11-08 10:30:00,0.72058755
2013-11-09 10:30:00,0.35938752
2013-11-10 10:30:00,0.3536625
2013-11-11 10:30:00,0.48791248
2013-11-12 10:30:00,0.5373375
2013-11-13 10:30:00,0.5427125
2013-11-14 10:30:00,0.52643746
2013-11-15 10:30:00,0.54419994
2013-11-16 10:30:00,0.6026125
2013-11-17 10:30:00,0.5345375
2013-11-18 10:30:00,0.3182
2013-11-19 10:30:00,0.21833749
2013-11-20 10:30:00,0.4440375
2013-11-21 10:30:00,0.597625
2013-11-22 10:30:00,0.59671247
2013-11-23 10:30:00,0.5513
2013-11-24 10:30:00,0.399275
2013-11-25 10:30:00,0.391875
2013-11-26 10:30:00,0.40621248
2013-11-27 10:30:00,0.34565
2013-11-28 10:30:00,0.34466252
2013-11-29 10:30:00,0.38785
2013-11-30 10:30:00,0.33549997
2013-12-01 10:30:00,0.3785625
2013-12-02 10:30:00,0.5599125
2013-12-03 10:30:00,0.49061248
2013-12-04 10:30:00,0.36561248
2013-12-05 10:30:00,0.3491125
2013-12-06 10:30:00,0.4588375
2013-12-07 10:30:00,0.64536244
2013-12-08 10:30:00,0.796975
2013-12-09 10:30:00,0.613325
2013-12-10 10:30:00,0.6980625
2013-12-11 10:30:00,0.660075
2013-12-12 10:30:00,0.4407375
2013-12-13 10:30:00,0.4093875
2013-12-14 10:30:00,0.475175
2013-12-15 10:30:00,0.6734625
2013-12-16 10:30:00,0.7663624
2013-12-17 10:30:00,0.74491245
2013-12-18 10:30:00,0.71661246
2013-12-19 10:30:00,0.6936
2013-12-20 10:30:00,0.569925
2013-12-21 10:30:00,0.6468125
2013-12-22 10:30:00,0.58704996
2013-12-23 10:30:00,0.660875
2013-12-24 10:30:00,0.66635
2013-12-25 10:30:00,0.72921246
2013-12-26 10:30:00,0.51775
2013-12-27 10:30:00,0.5681625
2013-12-28 10:30:00,0.48748747
2013-12-29 10:30:00,0.506425
2013-12-30 10:30:00,0.60943747
2013-12-31 10:30:00,0.46627498
2014-01-01 10:30:00,0.34986252
2014-01-02 10:30:00,0.532675
2014-01-03 10:30:00,0.54202497
2014-01-04 10:30:00,0.6355375
2014-01-05 10:30:00,0.66912496
2014-01-06 10:30:00,0.5712875
2014-01-07 10:30:00,0.38482496
2014-01-08 10:30:00,0.37526247
2014-01-09 10:30:00,0.43805
2014-01-10 10:30:00,0.4924375
2014-01-11 10:30:00,0.3684
2014-01-12 10:30:00,0.3216875
2014-01-13 10:30:00,0.4621375
2014-01-14 10:30:00,0.5802625
2014-01-15 10:30:00,0.58924997
2014-01-16 10:30:00,0.560125
2014-01-17 10:30:00,0.5429875
2014-01-18 10:30:00,0.5073125
2014-01-19 10:30:00,0.6940875
2014-01-20 10:30:00,0.58042496
2014-01-21 10:30:00,0.56763744
2014-01-22 10:30:00,0.62285
2014-01-23 10:30:00,0.6279875
2014-01-24 10:30:00,0.52181244
2014-01-25 10:30:00,0.40237498
2014-01-26 10:30:00,0.536325
2014-01-27 10:30:00,0.32638747
2014-01-28 10:30:00,0.3887125
2014-01-29 10:30:00,0.48912498
2014-01-30 10:30:00,0.41756248
2014-01-31 10:30:00,0.40765
2014-02-01 10:30:00,0.44347498
2014-02-02 10:30:00,0.2681125
2014-02-03 10:30:00,0.3379875
2014-02-04 10:30:00,0.4018
2014-02-05 10:30:00,0.4261
2014-02-06 10:30:00,0.4365375
2014-02-07 10:30:00,0.43229997
2014-02-08 10:30:00,0.6243
2014-02-09 10:30:00,0.4670875
2014-02-10 10:30:00,0.52924997
2014-02-11 10:30:00,0.57576245
2014-02-12 10:30:00,0.47972497
2014-02-13 10:30:00,0.5150375
2014-02-14 10:30:00,0.72231245
2014-02-15 10:30:00,0.6765625
2014-02-16 10:30:00,0.606925
2014-02-17 10:30:00,0.500825
2014-02-18 10:30:00,0.5479
2014-02-19 10:30:00,0.5262875
2014-02-20 10:30:00,0.568875
2014-02-21 10:30:00,0.6176125
2014-02-22 10:30:00,0.515175
2014-02-23 10:30:00,0.534625
2014-02-24 10:30:00,0.5313625
2014-02-25 10:30:00,0.59718746
2014-02-26 10:30:00,0.5006625
2014-02-27 10:30:00,0.287125
2014-02-28 10:30:00,0.3867375
2014-03-01 10:30:00,0.36904997
2014-03-02 10:30:00,0.389425
2014-03-03 10:30:00,0.35265
2014-03-04 10:30:00,0.360875
2014-03-05 10:30:00,0.3273125
2014-03-06 10:30:00,0.328725
2014-03-07 10:30:00,0.28614998
2014-03-08 10:30:00,0.25935
2014-03-09 10:30:00,0.2458625
2014-03-10 10:30:00,0.21869999
2014-03-11 10:30:00,0.35282502
2014-03-12 10:30:00,0.44577497
2014-03-13 10:30:00,0.34685
2014-03-14 10:30:00,0.2676625
2014-03-15 10:30:00,0.36776248
2014-03-16 10:30:00,0.3741
2014-03-17 10:30:00,0.553025
2014-03-18 10:30:00,0.3511625
2014-03-19 10:30:00,0.483675
2014-03-20 10:30:00,0.3497875
2014-03-21 10:30:00,0.34947497
2014-03-22 10:30:00,0.26
2014-03-23 10:30:00,0.27285
2014-03-24 10:30:00,0.292025
2014-03-25 10:30:00,0.300975
2014-03-26 10:30:00,0.44265
2014-03-27 10:30:00,0.3509
2014-03-28 10:30:00,0.31094998
2014-03-29 10:30:00,0.32218748
2014-03-30 10:30:00,0.18079999
2014-03-31 10:30:00,0.26834998
2014-04-01 10:30:00,0.4776
2014-04-02 10:30:00,0.3729375
2014-04-03 10:30:00,0.33583748
2014-04-04 10:30:00,0.56941247
2014-04-05 10:30:00,0.3490125
2014-04-06 10:30:00,0.28196248
2014-04-07 10:30:00,0.27403748
2014-04-08 10:30:00,0.31487498
2014-04-09 10:30:00,0.2987
2014-04-10 10:30:00,0.2441375
2014-04-11 10:30:00,0.20455
2014-04-12 10:30:00,0.2590625
2014-04-13 10:30:00,0.26025
2014-04-14 10:30:00,0.1837375
2014-04-15 10:30:00,0.1365125
2014-04-16 10:30:00,0.1807375
2014-04-17 10:30:00,0.5160875
2014-04-18 10:30:00,0.31415
2014-04-19 10:30:00,0.6068125
2014-04-20 10:30:00,0.6632375
2014-04-21 10:30:00,0.34176248
2014-04-22 10:30:00,0.3136625
2014-04-23 10:30:00,0.283675
2014-04-24 10:30:00,0.29105
2014-04-25 10:30:00,0.2694625
2014-04-26 10:30:00,0.3589125
2014-04-27 10:30:00,0.3153125
2014-04-28 10:30:00,0.260475
2014-04-29 10:30:00,0.22368751
2014-04-30 10:30:00,0.17636248
2014-05-01 10:30:00,0.4752625
2014-05-02 10:30:00,0.4249
2014-05-03 10:30:00,0.2837
2014-05-04 10:30:00,0.296675
2014-05-05 10:30:00,0.33592498
2014-05-06 10:30:00,0.41503748
2014-05-07 10:30:00,0.3826
2014-05-08 10:30:00,0.4101375
2014-05-09 10:30:00,0.357775
2014-05-10 10:30:00,0.7336375
2014-05-11 10:30:00,0.81769997
2014-05-12 10:30:00,0.81912494
2014-05-13 10:30:00,0.766825
2014-05-14 10:30:00,0.848775
2014-05-15 10:30:00,0.793525
2014-05-16 10:30:00,0.8326375
2014-05-17 10:30:00,0.67205
2014-05-18 10:30:00,0.8142875
2014-05-19 10:30:00,0.8056625
2014-05-20 10:30:00,0.7642875
2014-05-21 10:30:00,0.6061625
2014-05-22 10:30:00,0.5189875
2014-05-23 10:30:00,0.45747498
2014-05-24 10:30:00,0.69154996
2014-05-25 10:30:00,0.6742875
2014-05-26 10:30:00,0.729975
2014-05-27 10:30:00,0.53499997
2014-05-28 10:30:00,0.3772625
2014-05-29 10:30:00,0.3102
2014-05-30 10:30:00,0.338025
2014-05-31 10:30:00,0.42479998
2014-06-01 10:30:00,0.38385
2014-06-02 10:30:00,0.41382498
2014-06-03 10:30:00,0.51375
2014-06-04 10:30:00,0.454925
2014-06-05 10:30:00,0.49521247
2014-06-06 10:30:00,0.407975
2014-06-07 10:30:00,0.6146375
2014-06-08 10:30:00,0.9348875
2014-06-09 10:30:00,0.86934996
2014-06-10 10:30:00,0.77958745
2014-06-11 10:30:00,0.77317494
2014-06-12 10:30:00,0.6751875
2014-06-13 10:30:00,0.55451244
2014-06-14 10:30:00,0.513175
2014-06-15 10:30:00,0.60609996
2014-06-16 10:30:00,0.664725
2014-06-17 10:30:00,0.6789
2014-06-18 10:30:00,0.61083746
2014-06-19 10:30:00,0.6143375
2014-06-20 10:30:00,0.7197
2014-06-21 10:30:00,0.72886246
2014-06-22 10:30:00,0.5887375
2014-06-23 10:30:00,0.5703875
2014-06-24 10:30:00,0.57925
2014-06-25 10:30:00,0.71213746
2014-06-26 10:30:00,0.7700875
2014-06-27 10:30:00,0.5868125
2014-06-28 10:30:00,0.6118875
2014-06-29 10:30:00,0.5273875
2014-06-30 10:30:00,0.5410625
2014-07-01 10:30:00,0.587375
2014-07-02 10:30:00,0.6551625
2014-07-03 10:30:00,0.8032875
2014-07-04 10:30:00,0.55165
2014-07-05 10:30:00,0.61442494
2014-07-06 10:30:00,0.6565875
2014-07-07 10:30:00,0.8491625
2014-07-08 10:30:00,0.6068625
2014-07-09 10:30:00,0.6278625
2014-07-10 10:30:00,0.78347504
2014-07-11 10:30:00,0.8234624
2014-07-12 10:30:00,0.78059995
2014-07-13 10:30:00,0.7937375
2014-07-14 10:30:00,0.70393753
2014-07-15 10:30:00,0.8219625
2014-07-16 10:30:00,0.89207494
2014-07-17 10:30:00,0.81357497
2014-07-18 10:30:00,0.7798625
2014-07-19 10:30:00,0.84573746
2014-07-20 10:30:00,0.85699993
2014-07-21 10:30:00,0.64476246
2014-07-22 10:30:00,0.695625
2014-07-23 10:30:00,0.59744996
2014-07-24 10:30:00,0.7000125
2014-07-25 10:30:00,0.7079375
2014-07-26 10:30:00,0.715225
2014-07-27 10:30:00,0.6705375
2014-07-28 10:30:00,0.662425
2014-07-29 10:30:00,0.7079
2014-07-30 10:30:00,0.7791375
2014-07-31 10:30:00,0.602675
2014-08-01 10:30:00,0.55395
2014-08-02 10:30:00,0.73059994
2014-08-03 10:30:00,0.565525
2014-08-04 10:30:00,0.59655
2014-08-05 10:30:00,0.71607494
2014-08-06 10:30:00,0.6981125
2014-08-07 10:30:00,0.6272875
2014-08-08 10:30:00,0.5827375
2014-08-09 10:30:00,0.741525
2014-08-10 10:30:00,0.89951247
2014-08-11 10:30:00,0.7308625
2014-08-12 10:30:00,0.57432497
2014-08-13 10:30:00,0.660325
2014-08-14 10:30:00,0.82112503
2014-08-15 10:30:00,0.917225
2014-08-16 10:30:00,0.8648875
2014-08-17 10:30:00,0.7803125
2014-08-18 10:30:00,0.7659375
2014-08-19 10:30:00,0.774925
2014-08-20 10:30:00,0.7870625
2014-08-21 10:30:00,0.70665
2014-08-22 10:30:00,0.740825
2014-08-23 10:30:00,0.73345
2014-08-24 10:30:00,0.7038375
2014-08-25 10:30:00,0.91569996
2014-08-26 10:30:00,0.7922125
2014-08-27 10:30:00,0.743575
2014-08-28 10:30:00,0.70415
2014-08-29 10:30:00,0.6888625
2014-08-30 10:30:00,0.6778375
2014-08-31 10:30:00,0.73965
2014-09-01 10:30:00,0.9048625
2014-09-02 10:30:00,0.86692494
2014-09-03 10:30:00,0.79464996
2014-09-04 10:30:00,0.71349996
2014-09-05 10:30:00,0.7166
2014-09-06 10:30:00,0.72754997
2014-09-07 10:30:00,0.74193746
2014-09-08 10:30:00,0.47472498
2014-09-09 10:30:00,0.504825
2014-09-10 10:30:00,0.633375
2014-09-11 10:30:00,0.6796125
2014-09-12 10:30:00,0.67059994
2014-09-13 10:30:00,0.6150625
2014-09-14 10:30:00,0.4318875
2014-09-15 10:30:00,0.47948748
2014-09-16 10:30:00,0.5476875
2014-09-17 10:30:00,0.60034996
2014-09-18 10:30:00,0.5922
2014-09-19 10:30:00,0.5440375
2014-09-20 10:30:00,0.70845
2014-09-21 10:30:00,0.673375
2014-09-22 10:30:00,0.71275
2014-09-23 10:30:00,0.6051375
2014-09-24 10:30:00,0.5568125
2014-09-25 10:30:00,0.45178747
2014-09-26 10:30:00,0.899575
2014-09-27 10:30:00,0.53368753
2014-09-28 10:30:00,0.5578375
2014-09-29 10:30:00,0.45548746
2014-09-30 10:30:00,0.4772625
2014-10-01 10:30:00,0.5741375
2014-10-02 10:30:00,0.557225
2014-10-03 10:30:00,0.463325
2014-10-04 10:30:00,0.54174995
2014-10-05 10:30:00,0.4438625
2014-10-06 10:30:00,0.40915
2014-10-07 10:30:00,0.4526625
2014-10-08 10:30:00,0.6508375
2014-10-09 10:30:00,0.657675
2014-10-10 10:30:00,0.8012999
2014-10-11 10:30:00,0.61132497
2014-10-12 10:30:00,0.3983375
2014-10-13 10:30:00,0.43612498
2014-10-14 10:30:00,0.4282125
2014-10-15 10:30:00,0.35042498
2014-10-16 10:30:00,0.4050125
2014-10-17 10:30:00,0.4655875
2014-10-18 10:30:00,0.3814875
2014-10-19 10:30:00,0.23091249
2014-10-20 10:30:00,0.22715
2014-10-21 10:30:00,0.35292497
2014-10-22 10:30:00,0.37765
2014-10-23 10:30:00,0.42693746
2014-10-24 10:30:00,0.569475
2014-10-25 10:30:00,0.4928375
2014-10-26 10:30:00,0.3331875
2014-10-27 10:30:00,0.37147498
2014-10-28 10:30:00,0.33359998
2014-10-29 10:30:00,0.3653125
2014-10-30 10:30:00,0.7657875
2014-10-31 10:30:00,0.83385
2014-11-01 10:30:00,0.567525
2014-11-02 10:30:00,0.4703875
2014-11-03 10:30:00,0.6119375
2014-11-04 10:30:00,0.5876125
2014-11-05 10:30:00,0.4832125
2014-11-06 10:30:00,0.370725
2014-11-07 10:30:00,0.3321625
2014-11-08 10:30:00,0.4321875
2014-11-09 10:30:00,0.3943875
2014-11-10 10:30:00,0.400325
2014-11-11 10:30:00,0.3181875
2014-11-12 10:30:00,0.28187498
2014-11-13 10:30:00,0.3667375
2014-11-14 10:30:00,0.4132
2014-11-15 10:30:00,0.5275625
2014-11-16 10:30:00,0.5429375
2014-11-17 10:30:00,0.51079994
2014-11-18 10:30:00,0.45874998
2014-11-19 10:30:00,0.5831375
2014-11-20 10:30:00,0.6153625
2014-11-21 10:30:00,0.41947496
2014-11-22 10:30:00,0.49467498
2014-11-23 10:30:00,0.4002875
2014-11-24 10:30:00,0.4623125
2014-11-25 10:30:00,0.414775
2014-11-26 10:30:00,0.285525
2014-11-27 10:30:00,0.38018748
2014-11-28 10:30:00,0.4152375
2014-11-29 10:30:00,0.4699375
2014-11-30 10:30:00,0.478175
2014-12-01 10:30:00,0.21635
2014-12-02 10:30:00,0.24473749
2014-12-03 10:30:00,0.321525
2014-12-04 10:30:00,0.34987497
2014-12-05 10:30:00,0.35753748
2014-12-06 10:30:00,0.4637875
2014-12-07 10:30:00,0.51252496
2014-12-08 10:30:00,0.508175
2014-12-09 10:30:00,0.561225
2014-12-10 10:30:00,0.75027496
2014-12-11 10:30:00,0.5877
2014-12-12 10:30:00,0.4719625
2014-12-13 10:30:00,0.55478746
2014-12-14 10:30:00,0.6641375
2014-12-15 10:30:00,0.54214996
2014-12-16 10:30:00,0.47708747
2014-12-17 10:30:00,0.5406375
2014-12-18 10:30:00,0.6981375
2014-12-19 10:30:00,0.6579125
2014-12-20 10:30:00,0.55136245
2014-12-21 10:30:00,0.61013746
2014-12-22 10:30:00,0.70986253
2014-12-23 10:30:00,0.60139996
2014-12-24 10:30:00,0.5273125
2014-12-25 10:30:00,0.482
2014-12-26 10:30:00,0.710625
2014-12-27 10:30:00,0.59573746
2014-12-28 10:30:00,0.6250625
2014-12-29 10:30:00,0.75192493
2014-12-30 10:30:00,0.53908753
2014-12-31 10:30:00,0.42288747
2015-01-01 10:30:00,0.4181125
2015-01-02 10:30:00,0.5596625
2015-01-03 10:30:00,0.638525
2015-01-04 10:30:00,0.6247
2015-01-05 10:30:00,0.3286375
2015-01-06 10:30:00,0.2588625
2015-01-07 10:30:00,0.4461875
2015-01-08 10:30:00,0.512775
2015-01-09 10:30:00,0.599975
2015-01-10 10:30:00,0.6326625
2015-01-11 10:30:00,0.55544996
2015-01-12 10:30:00,0.5839875
2015-01-13 10:30:00,0.67559993
2015-01-14 10:30:00,0.6895875
2015-01-15 10:30:00,0.7259625
2015-01-16 10:30:00,0.3814
2015-01-17 10:30:00,0.4992375
2015-01-18 10:30:00,0.6337625
2015-01-19 10:30:00,0.60162497
2015-01-20 10:30:00,0.661975
2015-01-21 10:30:00,0.6405625
2015-01-22 10:30:00,0.6365
2015-01-23 10:30:00,0.669175
2015-01-24 10:30:00,0.5681375
2015-01-25 10:30:00,0.36814997
2015-01-26 10:30:00,0.3227
2015-01-27 10:30:00,0.40189996
2015-01-28 10:30:00,0.454725
2015-01-29 10:30:00,0.3866
2015-01-30 10:30:00,0.3837625
2015-01-31 10:30:00,0.447075
2015-02-01 10:30:00,0.4802125
2015-02-02 10:30:00,0.519525
2015-02-03 10:30:00,0.5463375
2015-02-04 10:30:00,0.49116248
2015-02-05 10:30:00,0.47096252
2015-02-06 10:30:00,0.2998625
2015-02-07 10:30:00,0.23072499
2015-02-08 10:30:00,0.278225
2015-02-09 10:30:00,0.3560625
2015-02-10 10:30:00,0.33339998
2015-02-11 10:30:00,0.43876252
2015-02-12 10:30:00,0.360875
2015-02-13 10:30:00,0.4414
2015-02-14 10:30:00,0.5080375
2015-02-15 10:30:00,0.4799125
2015-02-16 10:30:00,0.5686375
2015-02-17 10:30:00,0.33537498
2015-02-18 10:30:00,0.3030875
2015-02-19 10:30:00,0.37541246
2015-02-20 10:30:00,0.415475
2015-02-21 10:30:00,0.8207249
2015-02-22 10:30:00,0.4866875
2015-02-23 10:30:00,0.31261247
2015-02-24 10:30:00,0.48838747
2015-02-25 10:30:00,0.46846247
2015-02-26 10:30:00,0.49485
2015-02-27 10:30:00,0.40967497
2015-02-28 10:30:00,0.4434125
2015-03-01 10:30:00,0.37581247
2015-03-02 10:30:00,0.3526125
2015-03-03 10:30:00,0.56804997
2015-03-04 10:30:00,0.4068
2015-03-05 10:30:00,0.4876625
2015-03-06 10:30:00,0.32388747
2015-03-07 10:30:00,0.275475
2015-03-08 10:30:00,0.2984375
2015-03-09 10:30:00,0.26473752
2015-03-10 10:30:00,0.28681248
2015-03-11 10:30:00,0.2657625
2015-03-12 10:30:00,0.39921248
2015-03-13 10:30:00,0.38342497
2015-03-14 10:30:00,0.35314998
2015-03-15 10:30:00,0.2704375
2015-03-16 10:30:00,0.21477498
2015-03-17 10:30:00,0.23843749
2015-03-18 10:30:00,0.30185
2015-03-19 10:30:00,0.258225
2015-03-20 10:30:00,0.21087499
2015-03-21 10:30:00,0.152875
2015-03-22 10:30:00,0.17508751
2015-03-23 10:30:00,0.1608625
2015-03-24 10:30:00,0.2698375
2015-03-25 10:30:00,0.1593625
2015-03-26 10:30:00,0.14147499
2015-03-27 10:30:00,0.3351625
2015-03-28 10:30:00,0.41033748
2015-03-29 10:30:00,0.238025
2015-03-30 10:30:00,0.2601625
2015-03-31 10:30:00,0.15644999
2015-04-01 10:30:00,0.156275
2015-04-02 10:30:00,0.77995
2015-04-03 10:30:00,0.453075
2015-04-04 10:30:00,0.8348625
2015-04-05 10:30:00,0.503675
2015-04-06 10:30:00,0.43331248
2015-04-07 10:30:00,0.46424997
2015-04-08 10:30:00,0.536725
2015-04-09 10:30:00,0.402775
2015-04-10 10:30:00,0.4403125
2015-04-11 10:30:00,0.37955
2015-04-12 10:30:00,0.284275
2015-04-13 10:30:00,0.227
2015-04-14 10:30:00,0.33900002
2015-04-15 10:30:00,0.37022498
2015-04-16 10:30:00,0.27139997
2015-04-17 10:30:00,0.1779625
2015-04-18 10:30:00,0.2030125
2015-04-19 10:30:00,0.18052499
2015-04-20 10:30:00,0.193425
2015-04-21 10:30:00,0.226925
2015-04-22 10:30:00,0.2118125
2015-04-23 10:30:00,0.30563748
2015-04-24 10:30:00,0.2018
2015-04-25 10:30:00,0.30107498
2015-04-26 10:30:00,0.21491249
2015-04-27 10:30:00,0.263325
2015-04-28 10:30:00,0.3043625
2015-04-29 10:30:00,0.1652875
2015-04-30 10:30:00,0.0862625
2015-05-01 10:30:00,0.3922375
2015-05-02 10:30:00,0.3736
2015-05-03 10:30:00,0.2421125
2015-05-04 10:30:00,0.2150875
2015-05-05 10:30:00,0.34166253
2015-05-06 10:30:00,0.333475
2015-05-07 10:30:00,0.87332493
2015-05-08 10:30:00,0.660075
2015-05-09 10:30:00,0.37565
2015-05-10 10:30:00,0.4425875
2015-05-11 10:30:00,0.8866625
2015-05-12 10:30:00,0.80512494
2015-05-13 10:30:00,0.6501375
2015-05-14 10:30:00,0.23647499
2015-05-15 10:30:00,0.2337
2015-05-16 10:30:00,0.35638753
2015-05-17 10:30:00,0.57467496
2015-05-18 10:30:00,0.7139375
2015-05-19 10:30:00,0.6327125
2015-05-20 10:30:00,0.35187498
2015-05-21 10:30:00,0.31536248
2015-05-22 10:30:00,0.247525
2015-05-23 10:30:00,0.3659375
2015-05-24 10:30:00,0.3172125
2015-05-25 10:30:00,0.62084997
2015-05-26 10:30:00,0.5501125
2015-05-27 10:30:00,0.4461
2015-05-28 10:30:00,0.73885
2015-05-29 10:30:00,0.49209997
2015-05-30 10:30:00,0.4368
2015-05-31 10:30:00,0.49811247
2015-06-01 10:30:00,0.4213375
2015-06-02 10:30:00,0.483525
2015-06-03 10:30:00,0.3521625
2015-06-04 10:30:00,0.59533745
2015-06-05 10:30:00,0.9310875
2015-06-06 10:30:00,0.8010875
2015-06-07 10:30:00,0.61385
2015-06-08 10:30:00,0.639775
2015-06-09 10:30:00,0.6167375
2015-06-10 10:30:00,0.756675
2015-06-11 10:30:00,0.91412497
2015-06-12 10:30:00,0.91535
2015-06-13 10:30:00,0.75183743
2015-06-14 10:30:00,0.5947875
2015-06-15 10:30:00,0.496175
2015-06-16 10:30:00,0.598275
2015-06-17 10:30:00,0.890925
2015-06-18 10:30:00,0.8812625
2015-06-19 10:30:00,0.65498745
2015-06-20 10:30:00,0.5984
2015-06-21 10:30:00,0.53538746
2015-06-22 10:30:00,0.6161625
2015-06-23 10:30:00,0.69708747
2015-06-24 10:30:00,0.76286244
2015-06-25 10:30:00,0.7057125
2015-06-26 10:30:00,0.5553125
2015-06-27 10:30:00,0.645625
2015-06-28 10:30:00,0.6861125
2015-06-29 10:30:00,0.526675
2015-06-30 10:30:00,0.766975
2015-07-01 10:30:00,0.77295
2015-07-02 10:30:00,0.81286246
2015-07-03 10:30:00,0.68144995
2015-07-04 10:30:00,0.61526245
2015-07-05 10:30:00,0.5868
2015-07-06 10:30:00,0.57439995
2015-07-07 10:30:00,0.5678125
2015-07-08 10:30:00,0.57722497
2015-07-09 10:30:00,0.5926875
2015-07-10 10:30:00,0.58715
2015-07-11 10:30:00,0.7068125
2015-07-12 10:30:00,0.6486375
2015-07-13 10:30:00,0.58559996
2015-07-14 10:30:00,0.6747999
2015-07-15 10:30:00,0.772625
2015-07-16 10:30:00,0.71872497
2015-07-17 10:30:00,0.72652495
2015-07-18 10:30:00,0.6421875
2015-07-19 10:30:00,0.60456246
2015-07-20 10:30:00,0.8926875
2015-07-21 10:30:00,0.87927496
2015-07-22 10:30:00,0.871975
2015-07-23 10:30:00,0.81544995
2015-07-24 10:30:00,0.76294994
2015-07-25 10:30:00,0.83498746
2015-07-26 10:30:00,0.66148746
2015-07-27 10:30:00,0.5577125
2015-07-28 10:30:00,0.62022495
2015-07-29 10:30:00,0.80265
2015-07-30 10:30:00,0.6759625
2015-07-31 10:30:00,0.68590003
2015-08-01 10:30:00,0.62623745
2015-08-02 10:30:00,0.628825
2015-08-03 10:30:00,0.595725
2015-08-04 10:30:00,0.6282625
2015-08-05 10:30:00,0.6843
2015-08-06 10:30:00,0.81778747
2015-08-07 10:30:00,0.7439
2015-08-08 10:30:00,0.77042496
2015-08-09 10:30:00,0.8680625
2015-08-10 10:30:00,0.745075
2015-08-11 10:30:00,0.725225
2015-08-12 10:30:00,0.71619993
2015-08-13 10:30:00,0.6713375
2015-08-14 10:30:00,0.8373375
2015-08-15 10:30:00,0.83411247
2015-08-16 10:30:00,0.87565
2015-08-17 10:30:00,0.7978875
2015-08-18 10:30:00,0.8599875
2015-08-19 10:30:00,0.7515625
2015-08-20 10:30:00,0.90755
2015-08-21 10:30:00,0.827225
2015-08-22 10:30:00,0.81807494
2015-08-23 10:30:00,0.83512497
2015-08-24 10:30:00,0.8774875
2015-08-25 10:30:00,0.86581254
2015-08-26 10:30:00,0.7599875
2015-08-27 10:30:00,0.692
2015-08-28 10:30:00,0.8731375
2015-08-29 10:30:00,0.86526245
2015-08-30 10:30:00,0.91683745
2015-08-31 10:30:00,0.9375125
2015-09-01 10:30:00,0.79375
2015-09-02 10:30:00,0.7808875
2015-09-03 10:30:00,0.6761999
2015-09-04 10:30:00,0.723825
2015-09-05 10:30:00,0.7144125
2015-09-06 10:30:00,0.64036244
2015-09-07 10:30:00,0.90832496
2015-09-08 10:30:00,0.8422875
2015-09-09 10:30:00,0.61623746
2015-09-10 10:30:00,0.5664875
2015-09-11 10:30:00,0.56483746
2015-09-12 10:30:00,0.65871245
2015-09-13 10:30:00,0.7078125
2015-09-14 10:30:00,0.6167375
2015-09-15 10:30:00,0.6623375
2015-09-16 10:30:00,0.6607375
2015-09-17 10:30:00,0.827725
2015-09-18 10:30:00,0.84419996
2015-09-19 10:30:00,0.6607375
2015-09-20 10:30:00,0.69785005
2015-09-21 10:30:00,0.626675
2015-09-22 10:30:00,0.97305
2015-09-23 10:30:00,0.74623746
2015-09-24 10:30:00,0.7738375
2015-09-25 10:30:00,0.70698744
2015-09-26 10:30:00,0.68637496
2015-09-27 10:30:00,0.60736245
2015-09-28 10:30:00,0.57329994
2015-09-29 10:30:00,0.6168125
2015-09-30 10:30:00,0.7037625
2015-10-01 10:30:00,0.4851625
2015-10-02 10:30:00,0.3616375
2015-10-03 10:30:00,0.429375
2015-10-04 10:30:00,0.46925
2015-10-05 10:30:00,0.56438744
2015-10-06 10:30:00,0.5312625
2015-10-07 10:30:00,0.37675
2015-10-08 10:30:00,0.4469625
2015-10-09 10:30:00,0.49781248
2015-10-10 10:30:00,0.8844875
2015-10-11 10:30:00,0.5077875
2015-10-12 10:30:00,0.563425
2015-10-13 10:30:00,0.5742
2015-10-14 10:30:00,0.6335625
2015-10-15 10:30:00,0.5078375
2015-10-16 10:30:00,0.3678875
2015-10-17 10:30:00,0.304725
2015-10-18 10:30:00,0.3089
2015-10-19 10:30:00,0.325825
2015-10-20 10:30:00,0.3797125
2015-10-21 10:30:00,0.397725
2015-10-22 10:30:00,0.402225
2015-10-23 10:30:00,0.2131875
2015-10-24 10:30:00,0.26337498
2015-10-25 10:30:00,0.3805625
2015-10-26 10:30:00,0.48389998
2015-10-27 10:30:00,0.3463625
2015-10-28 10:30:00,0.3458375
2015-10-29 10:30:00,0.35799998
2015-10-30 10:30:00,0.364025
2015-10-31 10:30:00,0.4034375
2015-11-01 10:30:00,0.275
2015-11-02 10:30:00,0.45956248
2015-11-03 10:30:00,0.29825
2015-11-04 10:30:00,0.302925
2015-11-05 10:30:00,0.26685
2015-11-06 10:30:00,0.42671248
2015-11-07 10:30:00,0.46241248
2015-11-08 10:30:00,0.4922
2015-11-09 10:30:00,0.62055
2015-11-10 10:30:00,0.6229125
2015-11-11 10:30:00,0.66155
2015-11-12 10:30:00,0.77475
2015-11-13 10:30:00,0.8104249
2015-11-14 10:30:00,0.65006244
2015-11-15 10:30:00,0.23975
2015-11-16 10:30:00,0.6446875
2015-11-17 10:30:00,0.58791244
2015-11-18 10:30:00,0.6901875
2015-11-19 10:30:00,0.72498745
2015-11-20 10:30:00,0.7289125
2015-11-21 10:30:00,0.64246243
2015-11-22 10:30:00,0.62396246
2015-11-23 10:30:00,0.586975
2015-11-24 10:30:00,0.604325
2015-11-25 10:30:00,0.61903745
2015-11-26 10:30:00,0.63229996
2015-11-27 10:30:00,0.74551255
2015-11-28 10:30:00,0.64411247
2015-11-29 10:30:00,0.67894995
2015-11-30 10:30:00,0.7489375
2015-12-01 10:30:00,0.829625
2015-12-02 10:30:00,0.7983875
2015-12-03 10:30:00,0.5452875
2015-12-04 10:30:00,0.49311247
2015-12-05 10:30:00,0.5503875
2015-12-06 10:30:00,0.6714375
2015-12-07 10:30:00,0.7160125
2015-12-08 10:30:00,0.69205
2015-12-09 10:30:00,0.74522495
2015-12-10 10:30:00,0.68223745
2015-12-11 10:30:00,0.6972
2015-12-12 10:30:00,0.65956247
2015-12-13 10:30:00,0.7060375
2015-12-14 10:30:00,0.77497494
2015-12-15 10:30:00,0.5632875
2015-12-16 10:30:00,0.507775
2015-12-17 10:30:00,0.5570875
2015-12-18 10:30:00,0.64995
2015-12-19 10:30:00,0.64318746
2015-12-20 10:30:00,0.74411243
2015-12-21 10:30:00,0.75107497
2015-12-22 10:30:00,0.6605375
2015-12-23 10:30:00,0.54057497
2015-12-24 10:30:00,0.55615
2015-12-25 10:30:00,0.627375
2015-12-26 10:30:00,0.389025
2015-12-27 10:30:00,0.3887625
2015-12-28 10:30:00,0.51147497
2015-12-29 10:30:00,0.7240625
2015-12-30 10:30:00,0.6774875
2015-12-31 10:30:00,0.6912875
2016-01-01 10:30:00,0.625875
2016-01-02 10:30:00,0.707825
2016-01-03 10:30:00,0.5361125
2016-01-04 10:30:00,0.44312498
2016-01-05 10:30:00,0.569225
2016-01-06 10:30:00,0.47045
2016-01-07 10:30:00,0.49310002
2016-01-08 10:30:00,0.5011875
2016-01-09 10:30:00,0.47997501
2016-01-10 10:30:00,0.37451246
2016-01-11 10:30:00,0.395925
2016-01-12 10:30:00,0.455225
2016-01-13 10:30:00,0.48994997
2016-01-14 10:30:00,0.6274
2016-01-15 10:30:00,0.69864994
2016-01-16 10:30:00,0.631125
2016-01-17 10:30:00,0.449025
2016-01-18 10:30:00,0.49234998
2016-01-19 10:30:00,0.534875
2016-01-20 10:30:00,0.5817125
2016-01-21 10:30:00,0.47884998
2016-01-22 10:30:00,0.39985
2016-01-23 10:30:00,0.44788748
2016-01-24 10:30:00,0.3614875
2016-01-25 10:30:00,0.37565
2016-01-26 10:30:00,0.406975
2016-01-27 10:30:00,0.4426625
2016-01-28 10:30:00,0.40333748
2016-01-29 10:30:00,0.406525
2016-01-30 10:30:00,0.45677498
2016-01-31 10:30:00,0.46577498
2016-02-01 10:30:00,0.4325375
2016-02-02 10:30:00,0.410875
2016-02-03 10:30:00,0.383875
2016-02-04 10:30:00,0.40958747
2016-02-05 10:30:00,0.468525
2016-02-06 10:30:00,0.5120125
2016-02-07 10:30:00,0.6199375
2016-02-08 10:30:00,0.59989995
2016-02-09 10:30:00,0.60833746
2016-02-10 10:30:00,0.64055
2016-02-11 10:30:00,0.6704
2016-02-12 10:30:00,0.37426248
2016-02-13 10:30:00,0.340875
2016-02-14 10:30:00,0.35474998
2016-02-15 10:30:00,0.454
2016-02-16 10:30:00,0.416875
2016-02-17 10:30:00,0.48319998
2016-02-18 10:30:00,0.4339125
2016-02-19 10:30:00,0.4096875
2016-02-20 10:30:00,0.38127497
2016-02-21 10:30:00,0.3413375
2016-02-22 10:30:00,0.35448748
2016-02-23 10:30:00,0.3690375
2016-02-24 10:30:00,0.4029
2016-02-25 10:30:00,0.4147
2016-02-26 10:30:00,0.4052375
2016-02-27 10:30:00,0.3363375
2016-02-28 10:30:00,0.47114998
2016-02-29 10:30:00,0.4085875
2016-03-01 10:30:00,0.4415625
2016-03-02 10:30:00,0.6388375
2016-03-03 10:30:00,0.6199625
2016-03-04 10:30:00,0.7110499
2016-03-05 10:30:00,0.521325
2016-03-06 10:30:00,0.379
2016-03-07 10:30:00,0.3270375
2016-03-08 10:30:00,0.34759998
2016-03-09 10:30:00,0.35555
2016-03-10 10:30:00,0.3949625
2016-03-11 10:30:00,0.43965
2016-03-12 10:30:00,0.318725
2016-03-13 10:30:00,0.3704
2016-03-14 10:30:00,0.45779997
2016-03-15 10:30:00,0.35798752
2016-03-16 10:30:00,0.33691248
2016-03-17 10:30:00,0.3758375
2016-03-18 10:30:00,0.52283746
2016-03-19 10:30:00,0.3654875
2016-03-20 10:30:00,0.3002
2016-03-21 10:30:00,0.673275
2016-03-22 10:30:00,0.3125
2016-03-23 10:30:00,0.29213747
2016-03-24 10:30:00,0.300475
2016-03-25 10:30:00,0.2649125
2016-03-26 10:30:00,0.26401252
2016-03-27 10:30:00,0.2218625
2016-03-28 10:30:00,0.242775
2016-03-29 10:30:00,0.40807498
2016-03-30 10:30:00,0.3043
2016-03-31 10:30:00,0.27868748
2016-04-01 10:30:00,0.42148748
2016-04-02 10:30:00,0.29556248
2016-04-03 10:30:00,0.32122502
2016-04-04 10:30:00,0.3661375
2016-04-05 10:30:00,0.2947
2016-04-06 10:30:00,0.285575
2016-04-07 10:30:00,0.19077499
2016-04-08 10:30:00,0.1641125
2016-04-09 10:30:00,0.19642499
2016-04-10 10:30:00,0.2679125
2016-04-11 10:30:00,0.37336248
2016-04-12 10:30:00,0.3204875
2016-04-13 10:30:00,0.74912494
2016-04-14 10:30:00,0.5168375
2016-04-15 10:30:00,0.67917496
2016-04-16 10:30:00,0.78855
2016-04-17 10:30:00,0.35132498
2016-04-18 10:30:00,0.421575
2016-04-19 10:30:00,0.2462875
2016-04-20 10:30:00,0.23303749
2016-04-21 10:30:00,0.257525
2016-04-22 10:30:00,0.39884996
2016-04-23 10:30:00,0.2993625
2016-04-24 10:30:00,0.49612498
2016-04-25 10:30:00,0.34296247
2016-04-26 10:30:00,0.3355125
2016-04-27 10:30:00,0.47192496
2016-04-28 10:30:00,0.28312498
2016-04-29 10:30:00,0.3604125
2016-04-30 10:30:00,0.44357497
2016-05-01 10:30:00,0.5335125
2016-05-02 10:30:00,0.38605
2016-05-03 10:30:00,0.24561249
2016-05-04 10:30:00,0.17622499
2016-05-05 10:30:00,0.6665125
2016-05-06 10:30:00,0.68925
2016-05-07 10:30:00,0.22974999
2016-05-08 10:30:00,0.333125
2016-05-09 10:30:00,0.33296248
2016-05-10 10:30:00,0.1936
2016-05-11 10:30:00,0.58143747
2016-05-12 10:30:00,0.513525
2016-05-13 10:30:00,0.29805
2016-05-14 10:30:00,0.422575
2016-05-15 10:30:00,0.32037497
2016-05-16 10:30:00,0.373875
2016-05-17 10:30:00,0.1528625
2016-05-18 10:30:00,0.27673748
2016-05-19 10:30:00,0.2498125
2016-05-20 10:30:00,0.29944998
2016-05-21 10:30:00,0.3231625
2016-05-22 10:30:00,0.25446248
2016-05-23 10:30:00,0.61852497
2016-05-24 10:30:00,0.84583753
2016-05-25 10:30:00,0.4925375
2016-05-26 10:30:00,0.3751875
2016-05-27 10:30:00,0.38895
2016-05-28 10:30:00,0.3139
2016-05-29 10:30:00,0.308475
2016-05-30 10:30:00,0.4118375
2016-05-31 10:30:00,0.38678747
2016-06-01 10:30:00,0.3380375
2016-06-02 10:30:00,0.38242498
2016-06-03 10:30:00,0.3766875
2016-06-04 10:30:00,0.4034125
2016-06-05 10:30:00,0.3686375
2016-06-06 10:30:00,0.6285625
2016-06-07 10:30:00,0.55062497
2016-06-08 10:30:00,0.38895
2016-06-09 10:30:00,0.654225
2016-06-10 10:30:00,0.7658875
2016-06-11 10:30:00,0.643925
2016-06-12 10:30:00,0.7010875
2016-06-13 10:30:00,0.627725
2016-06-14 10:30:00,0.484125
2016-06-15 10:30:00,0.695525
2016-06-16 10:30:00,0.6998375
2016-06-17 10:30:00,0.848125
2016-06-18 10:30:00,0.7493125
2016-06-19 10:30:00,0.66205
2016-06-20 10:30:00,0.7015875
2016-06-21 10:30:00,0.6428125
2016-06-22 10:30:00,0.816
2016-06-23 10:30:00,0.67035
2016-06-24 10:30:00,0.61123747
2016-06-25 10:30:00,0.4943375
2016-06-26 10:30:00,0.48861247
2016-06-27 10:30:00,0.58436245
2016-06-28 10:30:00,0.6778
2016-06-29 10:30:00,0.82911247
2016-06-30 10:30:00,0.7425
2016-07-01 10:30:00,0.54775
2016-07-02 10:30:00,0.53029996
2016-07-03 10:30:00,0.57310003
2016-07-04 10:30:00,0.46386248
2016-07-05 10:30:00,0.4692
2016-07-06 10:30:00,0.458175
2016-07-07 10:30:00,0.52959996
2016-07-08 10:30:00,0.60165
2016-07-09 10:30:00,0.6725125
2016-07-10 10:30:00,0.43423748
2016-07-11 10:30:00,0.603625
2016-07-12 10:30:00,0.7231749
2016-07-13 10:30:00,0.54940003
2016-07-14 10:30:00,0.5050875
2016-07-15 10:30:00,0.4711
2016-07-16 10:30:00,0.5578875
2016-07-17 10:30:00,0.61083746
2016-07-18 10:30:00,0.44553748
2016-07-19 10:30:00,0.6143125
2016-07-20 10:30:00,0.66539997
2016-07-21 10:30:00,0.6292875
2016-07-22 10:30:00,0.8954125
2016-07-23 10:30:00,0.8308375
2016-07-24 10:30:00,0.52213746
2016-07-25 10:30:00,0.6969625
2016-07-26 10:30:00,0.6037625
2016-07-27 10:30:00,0.54202497
2016-07-28 10:30:00,0.6179
2016-07-29 10:30:00,0.5414125
2016-07-30 10:30:00,0.631125
2016-07-31 10:30:00,0.763225
2016-08-01 10:30:00,0.5981375
2016-08-02 10:30:00,0.50308746
2016-08-03 10:30:00,0.5549125
2016-08-04 10:30:00,0.54625
2016-08-05 10:30:00,0.6178375
2016-08-06 10:30:00,0.8814875
2016-08-07 10:30:00,0.5164875
2016-08-08 10:30:00,0.523825
2016-08-09 10:30:00,0.674275
2016-08-10 10:30:00,0.637075
2016-08-11 10:30:00,0.4743875
2016-08-12 10:30:00,0.38467497
2016-08-13 10:30:00,0.46489996
2016-08-14 10:30:00,0.4991375
2016-08-15 10:30:00,0.510875
2016-08-16 10:30:00,0.582825
2016-08-17 10:30:00,0.482825
2016-08-18 10:30:00,0.62027496
2016-08-19 10:30:00,0.5916875
2016-08-20 10:30:00,0.75551254
2016-08-21 10:30:00,0.6158625
2016-08-22 10:30:00,0.5838
2016-08-23 10:30:00,0.749075
2016-08-24 10:30:00,0.51855
2016-08-25 10:30:00,0.36506248
2016-08-26 10:30:00,0.4343
2016-08-27 10:30:00,0.3994875
2016-08-28 10:30:00,0.39904997
2016-08-29 10:30:00,0.3991875
2016-08-30 10:30:00,0.51731247
2016-08-31 10:30:00,0.89835
2016-09-01 10:30:00,0.90095
2016-09-02 10:30:00,0.85398746
2016-09-03 10:30:00,0.84168744
2016-09-04 10:30:00,0.92991245
2016-09-05 10:30:00,0.861725
2016-09-06 10:30:00,0.817075
2016-09-07 10:30:00,0.669225
2016-09-08 10:30:00,0.7858125
2016-09-09 10:30:00,0.9196625
2016-09-10 10:30:00,0.789725
2016-09-11 10:30:00,0.7096375
2016-09-12 10:30:00,0.7622374
2016-09-13 10:30:00,0.7716375
2016-09-14 10:30:00,0.878775
2016-09-15 10:30:00,0.56646246
2016-09-16 10:30:00,0.6783625
2016-09-17 10:30:00,0.659
2016-09-18 10:30:00,0.582425
2016-09-19 10:30:00,0.53363746
2016-09-20 10:30:00,0.53177494
2016-09-21 10:30:00,0.5275625
2016-09-22 10:30:00,0.58972496
2016-09-23 10:30:00,0.73595
2016-09-24 10:30:00,0.710725
2016-09-25 10:30:00,0.5787625
2016-09-26 10:30:00,0.7708875
2016-09-27 10:30:00,0.70855004
2016-09-28 10:30:00,0.599525
2016-09-29 10:30:00,0.6172375
2016-09-30 10:30:00,0.6346375
2016-10-01 10:30:00,0.47904998
2016-10-02 10:30:00,0.5994625
2016-10-03 10:30:00,0.6015875
2016-10-04 10:30:00,0.702375
2016-10-05 10:30:00,0.50764996
2016-10-06 10:30:00,0.4316125
2016-10-07 10:30:00,0.80302495
2016-10-08 10:30:00,0.582825
2016-10-09 10:30:00,0.5726625
2016-10-10 10:30:00,0.4455625
2016-10-11 10:30:00,0.4611375
2016-10-12 10:30:00,0.5367
2016-10-13 10:30:00,0.57145
2016-10-14 10:30:00,0.6354125
2016-10-15 10:30:00,0.5947625
2016-10-16 10:30:00,0.5528375
2016-10-17 10:30:00,0.46415
2016-10-18 10:30:00,0.47917497
2016-10-19 10:30:00,0.6546625
2016-10-20 10:30:00,0.402775
2016-10-21 10:30:00,0.71485
2016-10-22 10:30:00,0.53674996
2016-10-23 10:30:00,0.52475
2016-10-24 10:30:00,0.5176
2016-10-25 10:30:00,0.541475
2016-10-26 10:30:00,0.4445
2016-10-27 10:30:00,0.47048748
2016-10-28 10:30:00,0.371225
2016-10-29 10:30:00,0.44062498
2016-10-30 10:30:00,0.35665
2016-10-31 10:30:00,0.3495375
2016-11-01 10:30:00,0.374775
2016-11-02 10:30:00,0.37706247
2016-11-03 10:30:00,0.5131125
2016-11-04 10:30:00,0.7495875
2016-11-05 10:30:00,0.66638744
2016-11-06 10:30:00,0.6618125
2016-11-07 10:30:00,0.643925
2016-11-08 10:30:00,0.5494625
2016-11-09 10:30:00,0.644075
2016-11-10 10:30:00,0.774825
2016-11-11 10:30:00,0.5534
2016-11-12 10:30:00,0.668375
2016-11-13 10:30:00,0.763125
2016-11-14 10:30:00,0.51441246
2016-11-15 10:30:00,0.6341125
2016-11-16 10:30:00,0.68275
2016-11-17 10:30:00,0.7162375
2016-11-18 10:30:00,0.71995
2016-11-19 10:30:00,0.6048
2016-11-20 10:30:00,0.41462502
2016-11-21 10:30:00,0.44755
2016-11-22 10:30:00,0.4975875
2016-11-23 10:30:00,0.4807
2016-11-24 10:30:00,0.606875
2016-11-25 10:30:00,0.6694625
2016-11-26 10:30:00,0.64035004
2016-11-27 10:30:00,0.5560125
2016-11-28 10:30:00,0.5237875
2016-11-29 10:30:00,0.63123745
2016-11-30 10:30:00,0.5105125
2016-12-01 10:30:00,0.5105375
2016-12-02 10:30:00,0.66012496
2016-12-03 10:30:00,0.46400002
2016-12-04 10:30:00,0.41529998
2016-12-05 10:30:00,0.5290625
2016-12-06 10:30:00,0.674775
2016-12-07 10:30:00,0.64466244
2016-12-08 10:30:00,0.6383
2016-12-09 10:30:00,0.518475
2016-12-10 10:30:00,0.60342497
2016-12-11 10:30:00,0.6980625
2016-12-12 10:30:00,0.5263
2016-12-13 10:30:00,0.4716375
2016-12-14 10:30:00,0.48494998
2016-12-15 10:30:00,0.4398875
2016-12-16 10:30:00,0.62923753
2016-12-17 10:30:00,0.522375
2016-12-18 10:30:00,0.672075
2016-12-19 10:30:00,0.6871125
2016-12-20 10:30:00,0.67412496
2016-12-21 10:30:00,0.6117375
2016-12-22 10:30:00,0.4307375
2016-12-23 10:30:00,0.57575
2016-12-24 10:30:00,0.6580375
2016-12-25 10:30:00,0.47825
2016-12-26 10:30:00,0.38279998
2016-12-27 10:30:00,0.49835
2016-12-28 10:30:00,0.419175
2016-12-29 10:30:00,0.41297498
2016-12-30 10:30:00,0.51485
2016-12-31 10:30:00,0.58125
2017-01-01 10:30:00,0.62197495
2017-01-02 10:30:00,0.6002
2017-01-03 10:30:00,0.5404875
2017-01-04 10:30:00,0.6300375
2017-01-05 10:30:00,0.61185
2017-01-06 10:30:00,0.62518746
2017-01-07 10:30:00,0.6344875
2017-01-08 10:30:00,0.433925
2017-01-09 10:30:00,0.32166252
2017-01-10 10:30:00,0.37693748
2017-01-11 10:30:00,0.4220625
2017-01-12 10:30:00,0.34902498
2017-01-13 10:30:00,0.4474375
2017-01-14 10:30:00,0.4432875
2017-01-15 10:30:00,0.5175125
2017-01-16 10:30:00,0.609675
2017-01-17 10:30:00,0.66999996
2017-01-18 10:30:00,0.5543875
2017-01-19 10:30:00,0.49746248
2017-01-20 10:30:00,0.53148746
2017-01-21 10:30:00,0.6329125
2017-01-22 10:30:00,0.4604
2017-01-23 10:30:00,0.440475
2017-01-24 10:30:00,0.47507498
2017-01-25 10:30:00,0.53713745
2017-01-26 10:30:00,0.41025
2017-01-27 10:30:00,0.42369998
2017-01-28 10:30:00,0.5136875
2017-01-29 10:30:00,0.4192375
2017-01-30 10:30:00,0.3790625
2017-01-31 10:30:00,0.32263747
2017-02-01 10:30:00,0.3131375
2017-02-02 10:30:00,0.41353747
2017-02-03 10:30:00,0.47013748
2017-02-04 10:30:00,0.542825
2017-02-05 10:30:00,0.4903125
2017-02-06 10:30:00,0.37475
2017-02-07 10:30:00,0.47392496
2017-02-08 10:30:00,0.39779997
2017-02-09 10:30:00,0.41599998
2017-02-10 10:30:00,0.41279998
2017-02-11 10:30:00,0.3653875
2017-02-12 10:30:00,0.456175
2017-02-13 10:30:00,0.43174997
2017-02-14 10:30:00,0.4834125
2017-02-15 10:30:00,0.5127
2017-02-16 10:30:00,0.3120125
2017-02-17 10:30:00,0.2526125
2017-02-18 10:30:00,0.31071252
2017-02-19 10:30:00,0.64269996
2017-02-20 10:30:00,0.417975
2017-02-21 10:30:00,0.5831625
2017-02-22 10:30:00,0.37307498
2017-02-23 10:30:00,0.40017498
2017-02-24 10:30:00,0.5094375
2017-02-25 10:30:00,0.4434875
2017-02-26 10:30:00,0.566025
2017-02-27 10:30:00,0.45846248
2017-02-28 10:30:00,0.3621125
2017-03-01 10:30:00,0.32353753
2017-03-02 10:30:00,0.4278375
2017-03-03 10:30:00,0.42916247
2017-03-04 10:30:00,0.39268747
2017-03-05 10:30:00,0.3173
2017-03-06 10:30:00,0.35677502
2017-03-07 10:30:00,0.3469875
2017-03-08 10:30:00,0.31129998
2017-03-09 10:30:00,0.343175
2017-03-10 10:30:00,0.35038748
2017-03-11 10:30:00,0.3604625
2017-03-12 10:30:00,0.255125
2017-03-13 10:30:00,0.31913748
2017-03-14 10:30:00,0.36609998
2017-03-15 10:30:00,0.3146625
2017-03-16 10:30:00,0.3244125
2017-03-17 10:30:00,0.3814125
2017-03-18 10:30:00,0.24764998
2017-03-19 10:30:00,0.2621125
2017-03-20 10:30:00,0.3577625
2017-03-21 10:30:00,0.30267498
2017-03-22 10:30:00,0.29021248
2017-03-23 10:30:00,0.3291125
2017-03-24 10:30:00,0.2852625
2017-03-25 10:30:00,0.301675
2017-03-26 10:30:00,0.3850125
2017-03-27 10:30:00,0.36419997
2017-03-28 10:30:00,0.3465
2017-03-29 10:30:00,0.56175
2017-03-30 10:30:00,0.36616248
2017-03-31 10:30:00,0.27758747
2017-04-01 10:30:00,0.25655
2017-04-02 10:30:00,0.23134999
2017-04-03 10:30:00,0.2060625
2017-04-04 10:30:00,0.2218625
2017-04-05 10:30:00,0.334225
2017-04-06 10:30:00,0.296625
2017-04-07 10:30:00,0.35875
2017-04-08 10:30:00,0.19768749
2017-04-09 10:30:00,0.16876249
2017-04-10 10:30:00,0.15008749
2017-04-11 10:30:00,0.1635
2017-04-12 10:30:00,0.1457625
2017-04-13 10:30:00,0.2014125
2017-04-14 10:30:00,0.1779
2017-04-15 10:30:00,0.11439999
2017-04-16 10:30:00,0.2967375
2017-04-17 10:30:00,0.4467125
2017-04-18 10:30:00,0.420075
2017-04-19 10:30:00,0.3117875
2017-04-20 10:30:00,0.295325
2017-04-21 10:30:00,0.1862125
2017-04-22 10:30:00,0.23120001
2017-04-23 10:30:00,0.35305
2017-04-24 10:30:00,0.60475
2017-04-25 10:30:00,0.6063375
2017-04-26 10:30:00,0.39365
2017-04-27 10:30:00,0.274575
2017-04-28 10:30:00,0.21427499
2017-04-29 10:30:00,0.20491248
2017-04-30 10:30:00,0.26979998
2017-05-01 10:30:00,0.18014999
2017-05-02 10:30:00,0.17972499
2017-05-03 10:30:00,0.35145
2017-05-04 10:30:00,0.260525
2017-05-05 10:30:00,0.53017503
2017-05-06 10:30:00,0.224075
2017-05-07 10:30:00,0.36124998
2017-05-08 10:30:00,0.2702125
2017-05-09 10:30:00,0.1791375
2017-05-10 10:30:00,0.422075
2017-05-11 10:30:00,0.40925
2017-05-12 10:30:00,0.35689998
2017-05-13 10:30:00,0.4894125
2017-05-14 10:30:00,0.42118752
2017-05-15 10:30:00,0.2831625
2017-05-16 10:30:00,0.3386875
2017-05-17 10:30:00,0.3024
2017-05-18 10:30:00,0.15005
2017-05-19 10:30:00,0.19382499
2017-05-20 10:30:00,0.5245
2017-05-21 10:30:00,0.61013746
2017-05-22 10:30:00,0.51425
2017-05-23 10:30:00,0.3584
2017-05-24 10:30:00,0.40476248
2017-05-25 10:30:00,0.28774998
2017-05-26 10:30:00,0.2833125
2017-05-27 10:30:00,0.2815125
2017-05-28 10:30:00,0.1811375
2017-05-29 10:30:00,0.20975
2017-05-30 10:30:00,0.20985
2017-05-31 10:30:00,0.2990625
2017-06-01 10:30:00,0.44167498
2017-06-02 10:30:00,0.51893747
2017-06-03 10:30:00,0.50294995
2017-06-04 10:30:00,0.3852375
2017-06-05 10:30:00,0.2472625
2017-06-06 10:30:00,0.663775
2017-06-07 10:30:00,0.39412498
2017-06-08 10:30:00,0.4406
2017-06-09 10:30:00,0.295425
2017-06-10 10:30:00,0.42947498
2017-06-11 10:30:00,0.46873748
2017-06-12 10:30:00,0.39018747
2017-06-13 10:30:00,0.24305
2017-06-14 10:30:00,0.2760875
2017-06-15 10:30:00,0.44771248
2017-06-16 10:30:00,0.53835
2017-06-17 10:30:00,0.54185003
2017-06-18 10:30:00,0.6088875
2017-06-19 10:30:00,0.5292125
2017-06-20 10:30:00,0.666025
2017-06-21 10:30:00,0.667475
2017-06-22 10:30:00,0.42388746
2017-06-23 10:30:00,0.3875625
2017-06-24 10:30:00,0.39233747
2017-06-25 10:30:00,0.49526247
2017-06-26 10:30:00,0.44597498
2017-06-27 10:30:00,0.465
2017-06-28 10:30:00,0.43752497
2017-06-29 10:30:00,0.574
2017-06-30 10:30:00,0.6333375
2017-07-01 10:30:00,0.60249996
2017-07-02 10:30:00,0.71771246
2017-07-03 10:30:00,0.569975
2017-07-04 10:30:00,0.44061247
2017-07-05 10:30:00,0.49611247
2017-07-06 10:30:00,0.59525
2017-07-07 10:30:00,0.71849996
2017-07-08 10:30:00,0.8280625
2017-07-09 10:30:00,0.67683744
2017-07-10 10:30:00,0.6981
2017-07-11 10:30:00,0.4615375
2017-07-12 10:30:00,0.44428748
2017-07-13 10:30:00,0.3839875
2017-07-14 10:30:00,0.3728
2017-07-15 10:30:00,0.478175
2017-07-16 10:30:00,0.38292497
2017-07-17 10:30:00,0.5373875
2017-07-18 10:30:00,0.44666252
2017-07-19 10:30:00,0.420375
2017-07-20 10:30:00,0.765225
2017-07-21 10:30:00,0.53851247
2017-07-22 10:30:00,0.4186875
2017-07-23 10:30:00,0.62654996
2017-07-24 10:30:00,0.3684375
2017-07-25 10:30:00,0.3666125
2017-07-26 10:30:00,0.87917495
2017-07-27 10:30:00,0.72057503
2017-07-28 10:30:00,0.60241246
2017-07-29 10:30:00,0.68252504
2017-07-30 10:30:00,0.747275
2017-07-31 10:30:00,0.70264995
2017-08-01 10:30:00,0.8234125
2017-08-02 10:30:00,0.81693745
2017-08-03 10:30:00,0.83661246
2017-08-04 10:30:00,0.765125
2017-08-05 10:30:00,0.73405
2017-08-06 10:30:00,0.7285375
2017-08-07 10:30:00,0.80632496
2017-08-08 10:30:00,0.7772375
2017-08-09 10:30:00,0.76525
2017-08-10 10:30:00,0.8275
2017-08-11 10:30:00,0.8100375
2017-08-12 10:30:00,0.7723
2017-08-13 10:30:00,0.80526245
2017-08-14 10:30:00,0.83427495
2017-08-15 10:30:00,0.7494
2017-08-16 10:30:00,0.7545875
2017-08-17 10:30:00,0.76369995
2017-08-18 10:30:00,0.72482497
2017-08-19 10:30:00,0.731725
2017-08-20 10:30:00,0.74513745
2017-08-21 10:30:00,0.6505749
2017-08-22 10:30:00,0.56745
2017-08-23 10:30:00,0.5968625
2017-08-24 10:30:00,0.464725
2017-08-25 10:30:00,0.4792375
2017-08-26 10:30:00,0.56979996
2017-08-27 10:30:00,0.5114
2017-08-28 10:30:00,0.34527498
2017-08-29 10:30:00,0.33701247
2017-08-30 10:30:00,0.46240002
2017-08-31 10:30:00,0.5716875
2017-09-01 10:30:00,0.64909995
2017-09-02 10:30:00,0.588375
2017-09-03 10:30:00,0.8939375
2017-09-04 10:30:00,0.79262495
2017-09-05 10:30:00,0.71697503
2017-09-06 10:30:00,0.5226125
2017-09-07 10:30:00,0.54701245
2017-09-08 10:30:00,0.58537495
2017-09-09 10:30:00,0.6420375
2017-09-10 10:30:00,0.683075
2017-09-11 10:30:00,0.432775
2017-09-12 10:30:00,0.57327497
2017-09-13 10:30:00,0.59275
2017-09-14 10:30:00,0.66347504
2017-09-15 10:30:00,0.90113753
2017-09-16 10:30:00,0.78785
2017-09-17 10:30:00,0.7719375
2017-09-18 10:30:00,0.6454875
2017-09-19 10:30:00,0.68055
2017-09-20 10:30:00,0.6976125
2017-09-21 10:30:00,0.5718875
2017-09-22 10:30:00,0.5427875
2017-09-23 10:30:00,0.4431625
2017-09-24 10:30:00,0.50194997
2017-09-25 10:30:00,0.563825
2017-09-26 10:30:00,0.33815002
2017-09-27 10:30:00,0.29745
2017-09-28 10:30:00,0.3315875
2017-09-29 10:30:00,0.3052
2017-09-30 10:30:00,0.2982375
2017-10-01 10:30:00,0.2920875
2017-10-02 10:30:00,0.2535625
2017-10-03 10:30:00,0.3123375
2017-10-04 10:30:00,0.3402
2017-10-05 10:30:00,0.389025
2017-10-06 10:30:00,0.4766125
2017-10-07 10:30:00,0.55745
2017-10-08 10:30:00,0.8713375
2017-10-09 10:30:00,0.6925125
2017-10-10 10:30:00,0.5372375
2017-10-11 10:30:00,0.5673125
2017-10-12 10:30:00,0.5161375
2017-10-13 10:30:00,0.400675
2017-10-14 10:30:00,0.4051
2017-10-15 10:30:00,0.65248746
2017-10-16 10:30:00,0.33921248
2017-10-17 10:30:00,0.2958375
2017-10-18 10:30:00,0.3114125
2017-10-19 10:30:00,0.45956248
2017-10-20 10:30:00,0.3863
2017-10-21 10:30:00,0.36153752
2017-10-22 10:30:00,0.3923875
2017-10-23 10:30:00,0.397125
2017-10-24 10:30:00,0.36456248
2017-10-25 10:30:00,0.3382875
2017-10-26 10:30:00,0.4633625
2017-10-27 10:30:00,0.55877495
2017-10-28 10:30:00,0.32125
2017-10-29 10:30:00,0.30322498
2017-10-30 10:30:00,0.32337496
2017-10-31 10:30:00,0.2497875
2017-11-01 10:30:00,0.36104998
2017-11-02 10:30:00,0.38849998
2017-11-03 10:30:00,0.3101
2017-11-04 10:30:00,0.44318748
2017-11-05 10:30:00,0.3364125
2017-11-06 10:30:00,0.47226247
2017-11-07 10:30:00,0.87205
2017-11-08 10:30:00,0.74281245
2017-11-09 10:30:00,0.7419999
2017-11-10 10:30:00,0.49755
2017-11-11 10:30:00,0.52582496
2017-11-12 10:30:00,0.56935
2017-11-13 10:30:00,0.43745
2017-11-14 10:30:00,0.4418875
2017-11-15 10:30:00,0.4150875
2017-11-16 10:30:00,0.4768625
2017-11-17 10:30:00,0.3834625
2017-11-18 10:30:00,0.4597
2017-11-19 10:30:00,0.5462
2017-11-20 10:30:00,0.55005
2017-11-21 10:30:00,0.48686248
2017-11-22 10:30:00,0.42939997
2017-11-23 10:30:00,0.4009125
2017-11-24 10:30:00,0.48311248
2017-11-25 10:30:00,0.4690375
2017-11-26 10:30:00,0.421675
2017-11-27 10:30:00,0.36906248
2017-11-28 10:30:00,0.2945
2017-11-29 10:30:00,0.2864625
2017-11-30 10:30:00,0.43943748
2017-12-01 10:30:00,0.50906247
2017-12-02 10:30:00,0.6843875
2017-12-03 10:30:00,0.5060875
2017-12-04 10:30:00,0.44607496
2017-12-05 10:30:00,0.606775
2017-12-06 10:30:00,0.59068745
2017-12-07 10:30:00,0.4887875
2017-12-08 10:30:00,0.59613746
2017-12-09 10:30:00,0.6821
2017-12-10 10:30:00,0.53183746
2017-12-11 10:30:00,0.41483748
2017-12-12 10:30:00,0.405125
2017-12-13 10:30:00,0.46369997
2017-12-14 10:30:00,0.45213747
2017-12-15 10:30:00,0.405625
2017-12-16 10:30:00,0.4301875
2017-12-17 10:30:00,0.50444996
2017-12-18 10:30:00,0.451225
2017-12-19 10:30:00,0.507025
2017-12-20 10:30:00,0.6039875
2017-12-21 10:30:00,0.51642495
2017-12-22 10:30:00,0.46798748
2017-12-23 10:30:00,0.4595375
2017-12-24 10:30:00,0.4709875
2017-12-25 10:30:00,0.4294875
2017-12-26 10:30:00,0.31147498
2017-12-27 10:30:00,0.402225
2017-12-28 10:30:00,0.548275
2017-12-29 10:30:00,0.47085
2017-12-30 10:30:00,0.564475
2017-12-31 10:30:00,0.5944
2018-01-01 10:30:00,0.43299997
2018-01-02 10:30:00,0.4410125
2018-01-03 10:30:00,0.43124998
2018-01-04 10:30:00,0.377875
2018-01-05 10:30:00,0.43357497
2018-01-06 10:30:00,0.40127498
2018-01-07 10:30:00,0.39921248
2018-01-08 10:30:00,0.58915
2018-01-09 10:30:00,0.56294996
2018-01-10 10:30:00,0.39659998
2018-01-11 10:30:00,0.3516875
2018-01-12 10:30:00,0.6258625
2018-01-13 10:30:00,0.6429
2018-01-14 10:30:00,0.58563745
2018-01-15 10:30:00,0.5866375
2018-01-16 10:30:00,0.696975
2018-01-17 10:30:00,0.53455
2018-01-18 10:30:00,0.560025
2018-01-19 10:30:00,0.35549998
2018-01-20 10:30:00,0.345475
2018-01-21 10:30:00,0.34502497
2018-01-22 10:30:00,0.32259998
2018-01-23 10:30:00,0.327075
2018-01-24 10:30:00,0.3918
2018-01-25 10:30:00,0.3361125
2018-01-26 10:30:00,0.3307375
2018-01-27 10:30:00,0.31325
2018-01-28 10:30:00,0.37873748
2018-01-29 10:30:00,0.44346252
2018-01-30 10:30:00,0.4142625
2018-01-31 10:30:00,0.47595
2018-02-01 10:30:00,0.429875
2018-02-02 10:30:00,0.5089875
2018-02-03 10:30:00,0.46548748
2018-02-04 10:30:00,0.44709998
2018-02-05 10:30:00,0.39189997
2018-02-06 10:30:00,0.4515375
2018-02-07 10:30:00,0.4287875
2018-02-08 10:30:00,0.4403875
2018-02-09 10:30:00,0.33107498
2018-02-10 10:30:00,0.30548748
2018-02-11 10:30:00,0.3099125
2018-02-12 10:30:00,0.34725
2018-02-13 10:30:00,0.3599625
2018-02-14 10:30:00,0.3481125
2018-02-15 10:30:00,0.36826247
2018-02-16 10:30:00,0.30087498
2018-02-17 10:30:00,0.289575
2018-02-18 10:30:00,0.3298875
2018-02-19 10:30:00,0.36421248
2018-02-20 10:30:00,0.38114998
2018-02-21 10:30:00,0.42604998
2018-02-22 10:30:00,0.4280125
2018-02-23 10:30:00,0.313675
2018-02-24 10:30:00,0.3136125
2018-02-25 10:30:00,0.55235
2018-02-26 10:30:00,0.56506246
2018-02-27 10:30:00,0.47255
2018-02-28 10:30:00,0.7179875
2018-03-01 10:30:00,0.40150002
2018-03-02 10:30:00,0.4071
2018-03-03 10:30:00,0.581025
2018-03-04 10:30:00,0.34436247
2018-03-05 10:30:00,0.2933375
2018-03-06 10:30:00,0.40465
2018-03-07 10:30:00,0.4711
2018-03-08 10:30:00,0.3543
2018-03-09 10:30:00,0.6220125
2018-03-10 10:30:00,0.59615
2018-03-11 10:30:00,0.5051
2018-03-12 10:30:00,0.47682497
2018-03-13 10:30:00,0.62775
2018-03-14 10:30:00,0.72459996
2018-03-15 10:30:00,0.3707375
2018-03-16 10:30:00,0.3446125
2018-03-17 10:30:00,0.35669997
2018-03-18 10:30:00,0.2691625
2018-03-19 10:30:00,0.2595375
2018-03-20 10:30:00,0.32678747
2018-03-21 10:30:00,0.37475
2018-03-22 10:30:00,0.26001248
2018-03-23 10:30:00,0.243525
2018-03-24 10:30:00,0.2980125
2018-03-25 10:30:00,0.29115
2018-03-26 10:30:00,0.2715625
2018-03-27 10:30:00,0.2957875
2018-03-28 10:30:00,0.25079998
2018-03-29 10:30:00,0.2199
2018-03-30 10:30:00,0.291425
2018-03-31 10:30:00,0.5432625
2018-04-01 10:30:00,0.2938375
2018-04-02 10:30:00,0.16014999
2018-04-03 10:30:00,0.1445625
2018-04-04 10:30:00,0.144875
2018-04-05 10:30:00,0.260175
2018-04-06 10:30:00,0.1551
2018-04-07 10:30:00,0.138
2018-04-08 10:30:00,0.17731251
2018-04-09 10:30:00,0.236775
2018-04-10 10:30:00,0.57629997
2018-04-11 10:30:00,0.24762501
2018-04-12 10:30:00,0.2801375
2018-04-13 10:30:00,0.7982625
2018-04-14 10:30:00,0.6941
2018-04-15 10:30:00,0.37131247
2018-04-16 10:30:00,0.3107
2018-04-17 10:30:00,0.28733748
2018-04-18 10:30:00,0.3934375
2018-04-19 10:30:00,0.283
2018-04-20 10:30:00,0.736975
2018-04-21 10:30:00,0.5841625
2018-04-22 10:30:00,0.466525
2018-04-23 10:30:00,0.4081375
2018-04-24 10:30:00,0.3204375
2018-04-25 10:30:00,0.2595875
2018-04-26 10:30:00,0.266125
2018-04-27 10:30:00,0.2283375
2018-04-28 10:30:00,0.32381248
2018-04-29 10:30:00,0.3923625
2018-04-30 10:30:00,0.342225
2018-05-01 10:30:00,0.46996248
2018-05-02 10:30:00,0.3388
2018-05-03 10:30:00,0.23842499
2018-05-04 10:30:00,0.1881125
2018-05-05 10:30:00,0.1474125
2018-05-06 10:30:00,0.27815
2018-05-07 10:30:00,0.4036
2018-05-08 10:30:00,0.3717875
2018-05-09 10:30:00,0.2300125
2018-05-10 10:30:00,0.30206248
2018-05-11 10:30:00,0.3202
2018-05-12 10:30:00,0.3633875
2018-05-13 10:30:00,0.48538747
2018-05-14 10:30:00,0.261475
2018-05-15 10:30:00,0.5706625
2018-05-16 10:30:00,0.6044
2018-05-17 10:30:00,0.41718748
2018-05-18 10:30:00,0.34858748
2018-05-19 10:30:00,0.2326
2018-05-20 10:30:00,0.509475
2018-05-21 10:30:00,0.452125
2018-05-22 10:30:00,0.70177495
2018-05-23 10:30:00,0.4853625
2018-05-24 10:30:00,0.51471245
2018-05-25 10:30:00,0.40076247
2018-05-26 10:30:00,0.49087498
2018-05-27 10:30:00,0.84973747
2018-05-28 10:30:00,0.7322875
2018-05-29 10:30:00,0.85815
2018-05-30 10:30:00,0.4946375
2018-05-31 10:30:00,0.37702498
2018-06-01 10:30:00,0.18229999
2018-06-02 10:30:00,0.15689999
2018-06-03 10:30:00,0.2958625
2018-06-04 10:30:00,0.53985
2018-06-05 10:30:00,0.45005
2018-06-06 10:30:00,0.5043125
2018-06-07 10:30:00,0.448825
2018-06-08 10:30:00,0.4794125
2018-06-09 10:30:00,0.67195
2018-06-10 10:30:00,0.62831247
2018-06-11 10:30:00,0.7747875
2018-06-12 10:30:00,0.80404997
2018-06-13 10:30:00,0.7028375
2018-06-14 10:30:00,0.76274997
2018-06-15 10:30:00,0.7905
2018-06-16 10:30:00,0.531775
2018-06-17 10:30:00,0.46805
2018-06-18 10:30:00,0.7908
2018-06-19 10:30:00,0.5206375
2018-06-20 10:30:00,0.61552495
2018-06-21 10:30:00,0.48849997
2018-06-22 10:30:00,0.52645
2018-06-23 10:30:00,0.491575
2018-06-24 10:30:00,0.6918
2018-06-25 10:30:00,0.8742
2018-06-26 10:30:00,0.904625
2018-06-27 10:30:00,0.78129995
2018-06-28 10:30:00,0.6670375
2018-06-29 10:30:00,0.599025
2018-06-30 10:30:00,0.5651625
2018-07-01 10:30:00,0.58432496
2018-07-02 10:30:00,0.6145875
2018-07-03 10:30:00,0.662125
2018-07-04 10:30:00,0.9580375
2018-07-05 10:30:00,0.89105004
2018-07-06 10:30:00,0.7785375
2018-07-07 10:30:00,0.9619375
2018-07-08 10:30:00,0.7733
2018-07-09 10:30:00,0.6856125
2018-07-10 10:30:00,0.75535
2018-07-11 10:30:00,0.8540125
2018-07-12 10:30:00,0.6739375
2018-07-13 10:30:00,0.5768125
2018-07-14 10:30:00,0.5739625
2018-07-15 10:30:00,0.57757497
2018-07-16 10:30:00,0.93892497
2018-07-17 10:30:00,0.9148625
2018-07-18 10:30:00,0.8633125
2018-07-19 10:30:00,0.789425
2018-07-20 10:30:00,0.9119874
2018-07-21 10:30:00,0.97262496
2018-07-22 10:30:00,0.70371246
2018-07-23 10:30:00,0.6781
2018-07-24 10:30:00,0.92555
2018-07-25 10:30:00,0.848
2018-07-26 10:30:00,0.73394996
2018-07-27 10:30:00,0.769475
2018-07-28 10:30:00,0.7934874
2018-07-29 10:30:00,0.7663625
2018-07-30 10:30:00,0.861075
2018-07-31 10:30:00,0.56575
2018-08-01 10:30:00,0.67730004
2018-08-02 10:30:00,0.724625
2018-08-03 10:30:00,0.82568747
2018-08-04 10:30:00,0.9010375
2018-08-05 10:30:00,0.7471
2018-08-06 10:30:00,0.8213625
2018-08-07 10:30:00,0.8072875
2018-08-08 10:30:00,0.7648375
2018-08-09 10:30:00,0.609275
2018-08-10 10:30:00,0.6543375
2018-08-11 10:30:00,0.81826246
2018-08-12 10:30:00,0.810075
2018-08-13 10:30:00,0.956125
2018-08-14 10:30:00,0.92601246
2018-08-15 10:30:00,0.8103375
2018-08-16 10:30:00,0.74833745
2018-08-17 10:30:00,0.8419625
2018-08-18 10:30:00,0.6286125
2018-08-19 10:30:00,0.6709875
2018-08-20 10:30:00,0.721875
2018-08-21 10:30:00,0.600125
2018-08-22 10:30:00,0.6648874
2018-08-23 10:30:00,0.69238746
2018-08-24 10:30:00,0.72129995
2018-08-25 10:30:00,0.95224994
2018-08-26 10:30:00,0.78833747
2018-08-27 10:30:00,0.7355625
2018-08-28 10:30:00,0.9526875
2018-08-29 10:30:00,0.872175
2018-08-30 10:30:00,0.9141375
2018-08-31 10:30:00,0.731375
2018-09-01 10:30:00,0.74396247
2018-09-02 10:30:00,0.94313747
2018-09-03 10:30:00,0.7260625
2018-09-04 10:30:00,0.6280625
2018-09-05 10:30:00,0.65668744
2018-09-06 10:30:00,0.49717498
2018-09-07 10:30:00,0.6217875
2018-09-08 10:30:00,0.6032375
2018-09-09 10:30:00,0.666875
2018-09-10 10:30:00,0.7572125
2018-09-11 10:30:00,0.65295
2018-09-12 10:30:00,0.580675
2018-09-13 10:30:00,0.5444625
2018-09-14 10:30:00,0.6236625
2018-09-15 10:30:00,0.4475
2018-09-16 10:30:00,0.510475
2018-09-17 10:30:00,0.59595
2018-09-18 10:30:00,0.6178125
2018-09-19 10:30:00,0.63326246
2018-09-20 10:30:00,0.6257375
2018-09-21 10:30:00,0.5838125
2018-09-22 10:30:00,0.656625
2018-09-23 10:30:00,0.70724994
2018-09-24 10:30:00,0.56149995
2018-09-25 10:30:00,0.5731375
2018-09-26 10:30:00,0.5634
2018-09-27 10:30:00,0.489775
2018-09-28 10:30:00,0.78147495
2018-09-29 10:30:00,0.94734997
2018-09-30 10:30:00,0.94943744
2018-10-01 10:30:00,0.532025
2018-10-02 10:30:00,0.6055375
2018-10-03 10:30:00,0.6363875
2018-10-04 10:30:00,0.5486
2018-10-05 10:30:00,0.373125
2018-10-06 10:30:00,0.4562125
2018-10-07 10:30:00,0.5994875
2018-10-08 10:30:00,0.4650875
2018-10-09 10:30:00,0.54842496
2018-10-10 10:30:00,0.5732875
2018-10-11 10:30:00,0.5124125
2018-10-12 10:30:00,0.4296125
2018-10-13 10:30:00,0.3469
2018-10-14 10:30:00,0.3992875
2018-10-15 10:30:00,0.3489
2018-10-16 10:30:00,0.39354998
2018-10-17 10:30:00,0.44257498
2018-10-18 10:30:00,0.384775
2018-10-19 10:30:00,0.41863748
2018-10-20 10:30:00,0.32838747
2018-10-21 10:30:00,0.4250875
2018-10-22 10:30:00,0.401725
2018-10-23 10:30:00,0.582975
2018-10-24 10:30:00,0.52185
2018-10-25 10:30:00,0.76568747
2018-10-26 10:30:00,0.5984625
2018-10-27 10:30:00,0.3123
2018-10-28 10:30:00,0.39268747
2018-10-29 10:30:00,0.473875
2018-10-30 10:30:00,0.4377875
2018-10-31 10:30:00,0.39912498
2018-11-01 10:30:00,0.491225
2018-11-02 10:30:00,0.3705875
2018-11-03 10:30:00,0.38558748
2018-11-04 10:30:00,0.4572375
2018-11-05 10:30:00,0.4755625
2018-11-06 10:30:00,0.4268875
2018-11-07 10:30:00,0.4662375
2018-11-08 10:30:00,0.59138745
2018-11-09 10:30:00,0.4829
2018-11-10 10:30:00,0.42464998
2018-11-11 10:30:00,0.52035
2018-11-12 10:30:00,0.57827497
2018-11-13 10:30:00,0.575525
2018-11-14 10:30:00,0.58108747
2018-11-15 10:30:00,0.32688752
2018-11-16 10:30:00,0.36561248
2018-11-17 10:30:00,0.51186246
2018-11-18 10:30:00,0.4605375
2018-11-19 10:30:00,0.4552125
2018-11-20 10:30:00,0.41802502
2018-11-21 10:30:00,0.3245
2018-11-22 10:30:00,0.423725
2018-11-23 10:30:00,0.402825
2018-11-24 10:30:00,0.379075
2018-11-25 10:30:00,0.3487125
2018-11-26 10:30:00,0.22747499
2018-11-27 10:30:00,0.2668125
2018-11-28 10:30:00,0.313425
2018-11-29 10:30:00,0.3364625
2018-11-30 10:30:00,0.35105
2018-12-01 10:30:00,0.3439125
2018-12-02 10:30:00,0.2988
2018-12-03 10:30:00,0.2811125
2018-12-04 10:30:00,0.3082625
2018-12-05 10:30:00,0.325825
2018-12-06 10:30:00,0.2820125
2018-12-07 10:30:00,0.278725
2018-12-08 10:30:00,0.3265
2018-12-09 10:30:00,0.449075
2018-12-10 10:30:00,0.52529997
2018-12-11 10:30:00,0.506525
2018-12-12 10:30:00,0.6895
2018-12-13 10:30:00,0.51054996
2018-12-14 10:30:00,0.581125
2018-12-15 10:30:00,0.4297875
2018-12-16 10:30:00,0.49702498
2018-12-17 10:30:00,0.4334
2018-12-18 10:30:00,0.547875
2018-12-19 10:30:00,0.5413375
2018-12-20 10:30:00,0.5926625
2018-12-21 10:30:00,0.6176125
2018-12-22 10:30:00,0.2903125
2018-12-23 10:30:00,0.28237498
2018-12-24 10:30:00,0.345675
2018-12-25 10:30:00,0.2444875
2018-12-26 10:30:00,0.25986248
2018-12-27 10:30:00,0.2667625
2018-12-28 10:30:00,0.2984375
2018-12-29 10:30:00,0.3114875
2018-12-30 10:30:00,0.3962875
2018-12-31 10:30:00,0.355625
2019-01-01 10:30:00,0.2842125
2019-01-02 10:30:00,0.3960875
2019-01-03 10:30:00,0.41542497
2019-01-04 10:30:00,0.32794997
2019-01-05 10:30:00,0.32693747
2019-01-06 10:30:00,0.40755
2019-01-07 10:30:00,0.35228747
2019-01-08 10:30:00,0.249875
2019-01-09 10:30:00,0.24778749
2019-01-10 10:30:00,0.45764998
2019-01-11 10:30:00,0.5417875
2019-01-12 10:30:00,0.53816247
2019-01-13 10:30:00,0.5119375
2019-01-14 10:30:00,0.36389998
2019-01-15 10:30:00,0.29681247
2019-01-16 10:30:00,0.3946875
2019-01-17 10:30:00,0.4050375
2019-01-18 10:30:00,0.44046247
2019-01-19 10:30:00,0.36935002
2019-01-20 10:30:00,0.33961248
2019-01-21 10:30:00,0.348175
2019-01-22 10:30:00,0.31852502
2019-01-23 10:30:00,0.2865625
2019-01-24 10:30:00,0.36560002
2019-01-25 10:30:00,0.29744998
2019-01-26 10:30:00,0.2972375
2019-01-27 10:30:00,0.3256625
2019-01-28 10:30:00,0.357375
2019-01-29 10:30:00,0.28167498
2019-01-30 10:30:00,0.276875
2019-01-31 10:30:00,0.2581375
2019-02-01 10:30:00,0.24636249
2019-02-02 10:30:00,0.32122502
2019-02-03 10:30:00,0.25452498
2019-02-04 10:30:00,0.312325
2019-02-05 10:30:00,0.2702375
2019-02-06 10:30:00,0.24251251
2019-02-07 10:30:00,0.2341625
2019-02-08 10:30:00,0.2786125
2019-02-09 10:30:00,0.29021248
2019-02-10 10:30:00,0.2965625
2019-02-11 10:30:00,0.276025
2019-02-12 10:30:00,0.228675
2019-02-13 10:30:00,0.217075
2019-02-14 10:30:00,0.16652499
2019-02-15 10:30:00,0.16123751
2019-02-16 10:30:00,0.2295875
2019-02-17 10:30:00,0.2062
2019-02-18 10:30:00,0.1392875
2019-02-19 10:30:00,0.22514999
2019-02-20 10:30:00,0.21813749
2019-02-21 10:30:00,0.22729999
2019-02-22 10:30:00,0.31634998
2019-02-23 10:30:00,0.2574375
2019-02-24 10:30:00,0.2475375
2019-02-25 10:30:00,0.32525
2019-02-26 10:30:00,0.28255
2019-02-27 10:30:00,0.2892375
2019-02-28 10:30:00,0.2667125
2019-03-01 10:30:00,0.250375
2019-03-02 10:30:00,0.22421248
2019-03-03 10:30:00,0.289475
2019-03-04 10:30:00,0.257475
2019-03-05 10:30:00,0.45198748
2019-03-06 10:30:00,0.29398748
2019-03-07 10:30:00,0.2314625
2019-03-08 10:30:00,0.16452499
2019-03-09 10:30:00,0.2026
2019-03-10 10:30:00,0.1559375
2019-03-11 10:30:00,0.2269875
2019-03-12 10:30:00,0.1977375
2019-03-13 10:30:00,0.2409625
2019-03-14 10:30:00,0.2918625
2019-03-15 10:30:00,0.3441875
2019-03-16 10:30:00,0.38459998
2019-03-17 10:30:00,0.24542499
2019-03-18 10:30:00,0.19036251
2019-03-19 10:30:00,0.299375
2019-03-20 10:30:00,0.37441248
2019-03-21 10:30:00,0.2246125
2019-03-22 10:30:00,0.226825
2019-03-23 10:30:00,0.1836375
2019-03-24 10:30:00,0.22629999
2019-03-25 10:30:00,0.0980875
2019-03-26 10:30:00,0.0950875
2019-03-27 10:30:00,0.120037496
2019-03-28 10:30:00,0.15865
2019-03-29 10:30:00,0.3607875
2019-03-30 10:30:00,0.21723749
2019-03-31 10:30:00,0.2115875
2019-04-01 10:30:00,0.17056249
2019-04-02 10:30:00,0.14234999
2019-04-03 10:30:00,0.13385
2019-04-04 10:30:00,0.34655
2019-04-05 10:30:00,0.26973748
2019-04-06 10:30:00,0.295725
2019-04-07 10:30:00,0.36499998
2019-04-08 10:30:00,0.305175
2019-04-09 10:30:00,0.20695
2019-04-10 10:30:00,0.1367
2019-04-11 10:30:00,0.15305
2019-04-12 10:30:00,0.106337495
2019-04-13 10:30:00,0.22135
2019-04-14 10:30:00,0.21653749
2019-04-15 10:30:00,0.110975
2019-04-16 10:30:00,0.123487495
2019-04-17 10:30:00,0.50304997
2019-04-18 10:30:00,0.1640125
2019-04-19 10:30:00,0.12309999
2019-04-20 10:30:00,0.1040625
2019-04-21 10:30:00,0.096475
2019-04-22 10:30:00,0.158425
2019-04-23 10:30:00,0.10007499
2019-04-24 10:30:00,0.16194999
2019-04-25 10:30:00,0.1826375
2019-04-26 10:30:00,0.1298625
2019-04-27 10:30:00,0.1054625
2019-04-28 10:30:00,0.3002875
2019-04-29 10:30:00,0.45588747
2019-04-30 10:30:00,0.1899875
2019-05-01 10:30:00,0.185025
2019-05-02 10:30:00,0.22709998
2019-05-03 10:30:00,0.18628749
2019-05-04 10:30:00,0.521375
2019-05-05 10:30:00,0.2169375
2019-05-06 10:30:00,0.1640875
2019-05-07 10:30:00,0.17182499
2019-05-08 10:30:00,0.18956248
2019-05-09 10:30:00,0.266825
2019-05-10 10:30:00,0.2410375
2019-05-11 10:30:00,0.4431125
2019-05-12 10:30:00,0.564725
2019-05-13 10:30:00,0.68865
2019-05-14 10:30:00,0.51264995
2019-05-15 10:30:00,0.3610625
2019-05-16 10:30:00,0.2125875
2019-05-17 10:30:00,0.2514375
2019-05-18 10:30:00,0.2138625
2019-05-19 10:30:00,0.885
2019-05-20 10:30:00,0.54763746
2019-05-21 10:30:00,0.54452497
2019-05-22 10:30:00,0.45919997
2019-05-23 10:30:00,0.490475
2019-05-24 10:30:00,0.3111
2019-05-25 10:30:00,0.5220875
2019-05-26 10:30:00,0.5724125
2019-05-27 10:30:00,0.29157498
2019-05-28 10:30:00,0.1937625
2019-05-29 10:30:00,0.2424625
2019-05-30 10:30:00,0.506975
2019-05-31 10:30:00,0.5617875
2019-06-01 10:30:00,0.53104997
2019-06-02 10:30:00,0.52715
2019-06-03 10:30:00,0.55439997
2019-06-04 10:30:00,0.5144625
2019-06-05 10:30:00,0.4264875
2019-06-06 10:30:00,0.67238754
2019-06-07 10:30:00,0.92425
2019-06-08 10:30:00,0.8677375
2019-06-09 10:30:00,0.80370003
2019-06-10 10:30:00,0.67394996
2019-06-11 10:30:00,0.65558743
2019-06-12 10:30:00,0.71315
2019-06-13 10:30:00,0.4567625
2019-06-14 10:30:00,0.6589625
2019-06-15 10:30:00,0.60985
2019-06-16 10:30:00,0.53315
2019-06-17 10:30:00,0.4559875
2019-06-18 10:30:00,0.5114125
2019-06-19 10:30:00,0.47483748
2019-06-20 10:30:00,0.52437496
2019-06-21 10:30:00,0.5060625
2019-06-22 10:30:00,0.5602125
2019-06-23 10:30:00,0.45491248
2019-06-24 10:30:00,0.37425
2019-06-25 10:30:00,0.78738755
2019-06-26 10:30:00,0.88513744
2019-06-27 10:30:00,0.77448744
2019-06-28 10:30:00,0.867475
2019-06-29 10:30:00,0.7664125
2019-06-30 10:30:00,0.74352497
2019-07-01 10:30:00,0.5348
2019-07-02 10:30:00,0.7897999
2019-07-03 10:30:00,0.74111253
2019-07-04 10:30:00,0.76537496
2019-07-05 10:30:00,0.8938375
2019-07-06 10:30:00,0.9549375
2019-07-07 10:30:00,0.730775
2019-07-08 10:30:00,0.7501625
2019-07-09 10:30:00,0.73901254
2019-07-10 10:30:00,0.76589996
2019-07-11 10:30:00,0.8231875
2019-07-12 10:30:00,0.8053875
2019-07-13 10:30:00,0.7725875
2019-07-14 10:30:00,0.76193744
2019-07-15 10:30:00,0.709175
2019-07-16 10:30:00,0.8657625
2019-07-17 10:30:00,0.69724995
2019-07-18 10:30:00,0.65625
2019-07-19 10:30:00,0.72098744
2019-07-20 10:30:00,0.87343746
2019-07-21 10:30:00,0.6671625
2019-07-22 10:30:00,0.6409375
2019-07-23 10:30:00,0.8786
2019-07-24 10:30:00,0.7693
2019-07-25 10:30:00,0.7983
2019-07-26 10:30:00,0.67942494
2019-07-27 10:30:00,0.82815003
2019-07-28 10:30:00,0.75933754
2019-07-29 10:30:00,0.7749624
2019-07-30 10:30:00,0.7893625
2019-07-31 10:30:00,0.6466375
2019-08-01 10:30:00,0.67305
2019-08-02 10:30:00,0.728925
2019-08-03 10:30:00,0.7005625
2019-08-04 10:30:00,0.68055
2019-08-05 10:30:00,0.76098746
2019-08-06 10:30:00,0.915175
2019-08-07 10:30:00,0.7986625
2019-08-08 10:30:00,0.90817505
2019-08-09 10:30:00,0.83358747
2019-08-10 10:30:00,0.89599997
2019-08-11 10:30:00,0.8717
2019-08-12 10:30:00,0.7837
2019-08-13 10:30:00,0.7553875
2019-08-14 10:30:00,0.6569625
2019-08-15 10:30:00,0.644225
2019-08-16 10:30:00,0.75535
2019-08-17 10:30:00,0.7453125
2019-08-18 10:30:00,0.756575
2019-08-19 10:30:00,0.73870003
2019-08-20 10:30:00,0.9342375
2019-08-21 10:30:00,0.6814375
2019-08-22 10:30:00,0.77807504
2019-08-23 10:30:00,0.78935
2019-08-24 10:30:00,0.83797497
2019-08-25 10:30:00,0.85231245
2019-08-26 10:30:00,0.9389125
2019-08-27 10:30:00,0.7329875
2019-08-28 10:30:00,0.808075
2019-08-29 10:30:00,0.80333745
2019-08-30 10:30:00,0.70497495
2019-08-31 10:30:00,0.6982875
2019-09-01 10:30:00,0.6877
2019-09-02 10:30:00,0.75256246
2019-09-03 10:30:00,0.76003754
2019-09-04 10:30:00,0.71489996
2019-09-05 10:30:00,0.63774997
2019-09-06 10:30:00,0.783225
2019-09-07 10:30:00,0.78168744
2019-09-08 10:30:00,0.5287875
2019-09-09 10:30:00,0.49188745
2019-09-10 10:30:00,0.58332497
2019-09-11 10:30:00,0.586025
2019-09-12 10:30:00,0.520325
2019-09-13 10:30:00,0.62193745
2019-09-14 10:30:00,0.5396625
2019-09-15 10:30:00,0.4038
2019-09-16 10:30:00,0.497825
2019-09-17 10:30:00,0.487525
2019-09-18 10:30:00,0.39807498
2019-09-19 10:30:00,0.5933875
2019-09-20 10:30:00,0.67004997
2019-09-21 10:30:00,0.629375
2019-09-22 10:30:00,0.574775
2019-09-23 10:30:00,0.36691248
2019-09-24 10:30:00,0.42755
2019-09-25 10:30:00,0.544925
2019-09-26 10:30:00,0.4827875
2019-09-27 10:30:00,0.41482502
2019-09-28 10:30:00,0.30735
2019-09-29 10:30:00,0.44399998
2019-09-30 10:30:00,0.6155875
2019-10-01 10:30:00,0.5459
2019-10-02 10:30:00,0.67873746
2019-10-03 10:30:00,0.7112875
2019-10-04 10:30:00,0.5243375
2019-10-05 10:30:00,0.586225
2019-10-06 10:30:00,0.47814998
2019-10-07 10:30:00,0.44379997
2019-10-08 10:30:00,0.55275
2019-10-09 10:30:00,0.41457498
2019-10-10 10:30:00,0.3171
2019-10-11 10:30:00,0.3611125
2019-10-12 10:30:00,0.34086248
2019-10-13 10:30:00,0.33159998
2019-10-14 10:30:00,0.2972625
2019-10-15 10:30:00,0.291675
2019-10-16 10:30:00,0.469
2019-10-17 10:30:00,0.406925
2019-10-18 10:30:00,0.47727498
2019-10-19 10:30:00,0.58756244
2019-10-20 10:30:00,0.49095
2019-10-21 10:30:00,0.392175
2019-10-22 10:30:00,0.4121625
2019-10-23 10:30:00,0.3873125
2019-10-24 10:30:00,0.74343747
2019-10-25 10:30:00,0.4984125
2019-10-26 10:30:00,0.65068746
2019-10-27 10:30:00,0.618675
2019-10-28 10:30:00,0.565375
2019-10-29 10:30:00,0.442475
2019-10-30 10:30:00,0.421575
2019-10-31 10:30:00,0.2926
2019-11-01 10:30:00,0.32697502
2019-11-02 10:30:00,0.45471248
2019-11-03 10:30:00,0.53923744
2019-11-04 10:30:00,0.39825
2019-11-05 10:30:00,0.25682497
2019-11-06 10:30:00,0.3766375
2019-11-07 10:30:00,0.36145
2019-11-08 10:30:00,0.4713375
2019-11-09 10:30:00,0.60394996
2019-11-10 10:30:00,0.47932497
2019-11-11 10:30:00,0.23955
2019-11-12 10:30:00,0.7357625
2019-11-13 10:30:00,0.4173125
2019-11-14 10:30:00,0.4959875
2019-11-15 10:30:00,0.4354
2019-11-16 10:30:00,0.42634997
2019-11-17 10:30:00,0.52402496
2019-11-18 10:30:00,0.3202375
2019-11-19 10:30:00,0.366525
2019-11-20 10:30:00,0.54165
2019-11-21 10:30:00,0.570725
2019-11-22 10:30:00,0.46255
2019-11-23 10:30:00,0.3002875
2019-11-24 10:30:00,0.36912498
2019-11-25 10:30:00,0.3728875
2019-11-26 10:30:00,0.32372501
2019-11-27 10:30:00,0.327
2019-11-28 10:30:00,0.3814625
2019-11-29 10:30:00,0.4696875
2019-11-30 10:30:00,0.57511246
2019-12-01 10:30:00,0.44629997
2019-12-02 10:30:00,0.3206625
2019-12-03 10:30:00,0.2988
2019-12-04 10:30:00,0.314825
2019-12-05 10:30:00,0.340275
2019-12-06 10:30:00,0.4405875
2019-12-07 10:30:00,0.54447496
2019-12-08 10:30:00,0.6927125
2019-12-09 10:30:00,0.632575
2019-12-10 10:30:00,0.6689875
2019-12-11 10:30:00,0.519875
2019-12-12 10:30:00,0.6036625
2019-12-13 10:30:00,0.5313
2019-12-14 10:30:00,0.59405
2019-12-15 10:30:00,0.5996125
2019-12-16 10:30:00,0.5145625
2019-12-17 10:30:00,0.46632499
2019-12-18 10:30:00,0.5074
2019-12-19 10:30:00,0.52072495
2019-12-20 10:30:00,0.507025
2019-12-21 10:30:00,0.5774625
2019-12-22 10:30:00,0.6323875
2019-12-23 10:30:00,0.5432875
2019-12-24 10:30:00,0.628625
2019-12-25 10:30:00,0.5855125
2019-12-26 10:30:00,0.52437496
2019-12-27 10:30:00,0.59723747
2019-12-28 10:30:00,0.6378875
2019-12-29 10:30:00,0.6270625
2019-12-30 10:30:00,0.45145
2019-12-31 10:30:00,0.44382498
2020-01-01 10:30:00,0.55732495
2020-01-02 10:30:00,0.47968748
2020-01-03 10:30:00,0.552175
2020-01-04 10:30:00,0.5900875
2020-01-05 10:30:00,0.68826246
2020-01-06 10:30:00,0.7835625
2020-01-07 10:30:00,0.6841124
2020-01-08 10:30:00,0.63173753
2020-01-09 10:30:00,0.67803746
2020-01-10 10:30:00,0.59007496
2020-01-11 10:30:00,0.5780625
2020-01-12 10:30:00,0.5213
2020-01-13 10:30:00,0.6201625
2020-01-14 10:30:00,0.621475
2020-01-15 10:30:00,0.6083125
2020-01-16 10:30:00,0.57935
2020-01-17 10:30:00,0.6555375
2020-01-18 10:30:00,0.747875
2020-01-19 10:30:00,0.71779996
2020-01-20 10:30:00,0.6105875
2020-01-21 10:30:00,0.5683625
2020-01-22 10:30:00,0.60842496
2020-01-23 10:30:00,0.4720375
2020-01-24 10:30:00,0.59688747
2020-01-25 10:30:00,0.6567375
2020-01-26 10:30:00,0.63895
2020-01-27 10:30:00,0.66059995
2020-01-28 10:30:00,0.67201245
2020-01-29 10:30:00,0.66185
2020-01-30 10:30:00,0.63193744
2020-01-31 10:30:00,0.627
2020-02-01 10:30:00,0.391775
2020-02-02 10:30:00,0.44002497
2020-02-03 10:30:00,0.43822497
2020-02-04 10:30:00,0.4148
2020-02-05 10:30:00,0.46651247
2020-02-06 10:30:00,0.419375
2020-02-07 10:30:00,0.5767125
2020-02-08 10:30:00,0.60798746
2020-02-09 10:30:00,0.5877375
2020-02-10 10:30:00,0.675575
2020-02-11 10:30:00,0.518175
2020-02-12 10:30:00,0.6289875
2020-02-13 10:30:00,0.7456875
2020-02-14 10:30:00,0.5736875
2020-02-15 10:30:00,0.497975
2020-02-16 10:30:00,0.5537
2020-02-17 10:30:00,0.428125
2020-02-18 10:30:00,0.4497
2020-02-19 10:30:00,0.4567625
2020-02-20 10:30:00,0.57835
2020-02-21 10:30:00,0.731375
2020-02-22 10:30:00,0.560125
2020-02-23 10:30:00,0.5103125
2020-02-24 10:30:00,0.45771247
2020-02-25 10:30:00,0.53819996
2020-02-26 10:30:00,0.4368
2020-02-27 10:30:00,0.4521125
2020-02-28 10:30:00,0.5079
2020-02-29 10:30:00,0.54996246
2020-03-01 10:30:00,0.61635
2020-03-02 10:30:00,0.5688375
2020-03-03 10:30:00,0.76336247
2020-03-04 10:30:00,0.569875
2020-03-05 10:30:00,0.5678875
2020-03-06 10:30:00,0.67021245
2020-03-07 10:30:00,0.490175
2020-03-08 10:30:00,0.45398748
2020-03-09 10:30:00,0.34202498
2020-03-10 10:30:00,0.5236125
2020-03-11 10:30:00,0.3858625
2020-03-12 10:30:00,0.2012875
2020-03-13 10:30:00,0.4784625
2020-03-14 10:30:00,0.35555
2020-03-15 10:30:00,0.2661125
2020-03-16 10:30:00,0.41985
2020-03-17 10:30:00,0.4043
2020-03-18 10:30:00,0.413175
2020-03-19 10:30:00,0.39061248
2020-03-20 10:30:00,0.3171875
2020-03-21 10:30:00,0.26549998
2020-03-22 10:30:00,0.4414
2020-03-23 10:30:00,0.36901248
2020-03-24 10:30:00,0.370425
2020-03-25 10:30:00,0.26295
2020-03-26 10:30:00,0.2268375
2020-03-27 10:30:00,0.2963375
2020-03-28 10:30:00,0.3220375
2020-03-29 10:30:00,0.2249875
2020-03-30 10:30:00,0.17619999
2020-03-31 10:30:00,0.20786248
2020-04-01 10:30:00,0.20815
2020-04-02 10:30:00,0.2275125
2020-04-03 10:30:00,0.2043
2020-04-04 10:30:00,0.15905
2020-04-05 10:30:00,0.1809375
2020-04-06 10:30:00,0.2454
2020-04-07 10:30:00,0.3402875
2020-04-08 10:30:00,0.334325
2020-04-09 10:30:00,0.2800875
2020-04-10 10:30:00,0.159925
2020-04-11 10:30:00,0.19171248
2020-04-12 10:30:00,0.12763749
2020-04-13 10:30:00,0.1246875
2020-04-14 10:30:00,0.2624875
2020-04-15 10:30:00,0.2273625
2020-04-16 10:30:00,0.332775
2020-04-17 10:30:00,0.21357499
2020-04-18 10:30:00,0.1481
2020-04-19 10:30:00,0.62017494
2020-04-20 10:30:00,0.67894995
2020-04-21 10:30:00,0.64762497
2020-04-22 10:30:00,0.42142498
2020-04-23 10:30:00,0.46350002
2020-04-24 10:30:00,0.6808625
2020-04-25 10:30:00,0.6134875
2020-04-26 10:30:00,0.50273746
2020-04-27 10:30:00,0.3547625
2020-04-28 10:30:00,0.55904996
2020-04-29 10:30:00,0.467625
2020-04-30 10:30:00,0.37805
2020-05-01 10:30:00,0.306675
2020-05-02 10:30:00,0.34997502
2020-05-03 10:30:00,0.74635
2020-05-04 10:30:00,0.51541245
2020-05-05 10:30:00,0.479775
2020-05-06 10:30:00,0.2883125
2020-05-07 10:30:00,0.40458748
2020-05-08 10:30:00,0.26767498
2020-05-09 10:30:00,0.3754875
2020-05-10 10:30:00,0.57037497
2020-05-11 10:30:00,0.5809
2020-05-12 10:30:00,0.4007125
2020-05-13 10:30:00,0.355775
2020-05-14 10:30:00,0.2951
2020-05-15 10:30:00,0.4717375
2020-05-16 10:30:00,0.7972125
2020-05-17 10:30:00,0.84396243
2020-05-18 10:30:00,0.57385
2020-05-19 10:30:00,0.60864997
2020-05-20 10:30:00,0.7311375
2020-05-21 10:30:00,0.665725
2020-05-22 10:30:00,0.7725375
2020-05-23 10:30:00,0.68146247
2020-05-24 10:30:00,0.40355
2020-05-25 10:30:00,0.4379
2020-05-26 10:30:00,0.4133125
2020-05-27 10:30:00,0.44983748
2020-05-28 10:30:00,0.47858748
2020-05-29 10:30:00,0.52033746
2020-05-30 10:30:00,0.48935
2020-05-31 10:30:00,0.7501
2020-06-01 10:30:00,0.537825
2020-06-02 10:30:00,0.6632875
2020-06-03 10:30:00,0.66108745
2020-06-04 10:30:00,0.58792496
2020-06-05 10:30:00,0.5539
2020-06-06 10:30:00,0.63175
2020-06-07 10:30:00,0.65569997
2020-06-08 10:30:00,0.58016247
2020-06-09 10:30:00,0.4589125
2020-06-10 10:30:00,0.7504875
2020-06-11 10:30:00,0.5352125
2020-06-12 10:30:00,0.63691247
2020-06-13 10:30:00,0.79402494
2020-06-14 10:30:00,0.4980875
2020-06-15 10:30:00,0.55095
2020-06-16 10:30:00,0.592125
2020-06-17 10:30:00,0.6074375
2020-06-18 10:30:00,0.6547
2020-06-19 10:30:00,0.7467875
2020-06-20 10:30:00,0.82112503
2020-06-21 10:30:00,0.6805124
2020-06-22 10:30:00,0.91038746
2020-06-23 10:30:00,0.8655625
2020-06-24 10:30:00,0.770875
2020-06-25 10:30:00,0.72129995
2020-06-26 10:30:00,0.713075
2020-06-27 10:30:00,0.641425
2020-06-28 10:30:00,0.7307625
2020-06-29 10:30:00,0.70385003
2020-06-30 10:30:00,0.73305
2020-07-01 10:30:00,0.6522625
2020-07-02 10:30:00,0.6055375
2020-07-03 10:30:00,0.63261247
2020-07-04 10:30:00,0.795075
2020-07-05 10:30:00,0.7515249
2020-07-06 10:30:00,0.80385
2020-07-07 10:30:00,0.57111245
2020-07-08 10:30:00,0.5949
2020-07-09 10:30:00,0.62409997
2020-07-10 10:30:00,0.66911244
2020-07-11 10:30:00,0.726575
2020-07-12 10:30:00,0.73901254
2020-07-13 10:30:00,0.6226125
2020-07-14 10:30:00,0.63449997
2020-07-15 10:30:00,0.6211375
2020-07-16 10:30:00,0.60833746
2020-07-17 10:30:00,0.72183746
2020-07-18 10:30:00,0.72788745
2020-07-19 10:30:00,0.676475
2020-07-20 10:30:00,0.5839
2020-07-21 10:30:00,0.47884998
2020-07-22 10:30:00,0.6715625
2020-07-23 10:30:00,0.598925
2020-07-24 10:30:00,0.5954
2020-07-25 10:30:00,0.70013744
2020-07-26 10:30:00,0.62478745
2020-07-27 10:30:00,0.6793375
2020-07-28 10:30:00,0.8024875
2020-07-29 10:30:00,0.88824993
2020-07-30 10:30:00,0.77706254
2020-07-31 10:30:00,0.74254996
2020-08-01 10:30:00,0.65552497
2020-08-02 10:30:00,0.8892
2020-08-03 10:30:00,0.8789125
2020-08-04 10:30:00,0.83355004
2020-08-05 10:30:00,0.79445
2020-08-06 10:30:00,0.70906246
2020-08-07 10:30:00,0.85762495
2020-08-08 10:30:00,0.9210375
2020-08-09 10:30:00,0.82013744
2020-08-10 10:30:00,0.74448746
2020-08-11 10:30:00,0.66802496
2020-08-12 10:30:00,0.68083745
2020-08-13 10:30:00,0.99162495
2020-08-14 10:30:00,0.85074997
2020-08-15 10:30:00,0.7376875
2020-08-16 10:30:00,0.77919996
2020-08-17 10:30:00,0.83427495
2020-08-18 10:30:00,0.6949
2020-08-19 10:30:00,0.67445
2020-08-20 10:30:00,0.62452495
2020-08-21 10:30:00,0.66676253
2020-08-22 10:30:00,0.70748746
2020-08-23 10:30:00,0.77167493
2020-08-24 10:30:00,0.85458744
2020-08-25 10:30:00,0.6304375
2020-08-26 10:30:00,0.7280625
2020-08-27 10:30:00,0.9497875
2020-08-28 10:30:00,0.9498875
2020-08-29 10:30:00,0.7099125
2020-08-30 10:30:00,0.8867
2020-08-31 10:30:00,0.8160125
2020-09-01 10:30:00,0.68312496
2020-09-02 10:30:00,0.639125
2020-09-03 10:30:00,0.7776125
2020-09-04 10:30:00,0.76318747
2020-09-05 10:30:00,0.7024375
2020-09-06 10:30:00,0.7227375
2020-09-07 10:30:00,0.7235625
2020-09-08 10:30:00,0.665725
2020-09-09 10:30:00,0.72659993
2020-09-10 10:30:00,0.6162125
2020-09-11 10:30:00,0.74128747
2020-09-12 10:30:00,0.7584625
2020-09-13 10:30:00,0.797225
2020-09-14 10:30:00,0.90341246
2020-09-15 10:30:00,0.8704625
2020-09-16 10:30:00,0.8513375
2020-09-17 10:30:00,0.7829125
2020-09-18 10:30:00,0.7309874
2020-09-19 10:30:00,0.66099995
2020-09-20 10:30:00,0.77375
2020-09-21 10:30:00,0.82598746
2020-09-22 10:30:00,0.70955
2020-09-23 10:30:00,0.6509375
2020-09-24 10:30:00,0.73871243
2020-09-25 10:30:00,0.755225
2020-09-26 10:30:00,0.739075
2020-09-27 10:30:00,0.49424997
2020-09-28 10:30:00,0.5451
2020-09-29 10:30:00,0.515025
2020-09-30 10:30:00,0.6633625
2020-10-01 10:30:00,0.80983746
2020-10-02 10:30:00,0.730275
2020-10-03 10:30:00,0.512825
2020-10-04 10:30:00,0.5634125
2020-10-05 10:30:00,0.51555
2020-10-06 10:30:00,0.5522375
2020-10-07 10:30:00,0.5734375
2020-10-08 10:30:00,0.5907125
2020-10-09 10:30:00,0.6351625
2020-10-10 10:30:00,0.33761248
2020-10-11 10:30:00,0.4045375
2020-10-12 10:30:00,0.47042498
2020-10-13 10:30:00,0.54096246
2020-10-14 10:30:00,0.4730875
2020-10-15 10:30:00,0.3761375
2020-10-16 10:30:00,0.487325
2020-10-17 10:30:00,0.43478748
2020-10-18 10:30:00,0.46973747
2020-10-19 10:30:00,0.4833375
2020-10-20 10:30:00,0.3306625
2020-10-21 10:30:00,0.4747
2020-10-22 10:30:00,0.397425
2020-10-23 10:30:00,0.390475
2020-10-24 10:30:00,0.390275
2020-10-25 10:30:00,0.546075
2020-10-26 10:30:00,0.47662497
2020-10-27 10:30:00,0.36502498
2020-10-28 10:30:00,0.4064875
2020-10-29 10:30:00,0.49650002
2020-10-30 10:30:00,0.37335
2020-10-31 10:30:00,0.4825
2020-11-01 10:30:00,0.47853747
2020-11-02 10:30:00,0.34491247
2020-11-03 10:30:00,0.2943625
2020-11-04 10:30:00,0.43546247
2020-11-05 10:30:00,0.4757125
2020-11-06 10:30:00,0.4666
2020-11-07 10:30:00,0.46721247
2020-11-08 10:30:00,0.39108747
2020-11-09 10:30:00,0.46715
2020-11-10 10:30:00,0.58928746
2020-11-11 10:30:00,0.48119998
2020-11-12 10:30:00,0.47051248
2020-11-13 10:30:00,0.4614875
2020-11-14 10:30:00,0.4382875
2020-11-15 10:30:00,0.44237497
2020-11-16 10:30:00,0.54669994
2020-11-17 10:30:00,0.68195
2020-11-18 10:30:00,0.573875
2020-11-19 10:30:00,0.3661375
2020-11-20 10:30:00,0.3950875
2020-11-21 10:30:00,0.42932498
2020-11-22 10:30:00,0.4711375
2020-11-23 10:30:00,0.569525
2020-11-24 10:30:00,0.66175
2020-11-25 10:30:00,0.463775
2020-11-26 10:30:00,0.48058748
2020-11-27 10:30:00,0.42493752
2020-11-28 10:30:00,0.47753748
2020-11-29 10:30:00,0.5294125
2020-11-30 10:30:00,0.4964375
2020-12-01 10:30:00,0.539425
2020-12-02 10:30:00,0.501975
2020-12-03 10:30:00,0.4576
2020-12-04 10:30:00,0.4742125
2020-12-05 10:30:00,0.5093
2020-12-06 10:30:00,0.481175
2020-12-07 10:30:00,0.4547
2020-12-08 10:30:00,0.4492125
2020-12-09 10:30:00,0.44988748
2020-12-10 10:30:00,0.4914625
2020-12-11 10:30:00,0.43150002
2020-12-12 10:30:00,0.4403625
2020-12-13 10:30:00,0.40305
2020-12-14 10:30:00,0.37221247
2020-12-15 10:30:00,0.3466125
2020-12-16 10:30:00,0.45561248
2020-12-17 10:30:00,0.40636247
2020-12-18 10:30:00,0.36224997
2020-12-19 10:30:00,0.4883625
2020-12-20 10:30:00,0.45038748
2020-12-21 10:30:00,0.4076
2020-12-22 10:30:00,0.542975
2020-12-23 10:30:00,0.6082625
2020-12-24 10:30:00,0.56022495
2020-12-25 10:30:00,0.552975
2020-12-26 10:30:00,0.66122496
2020-12-27 10:30:00,0.633475
2020-12-28 10:30:00,0.4758125
2020-12-29 10:30:00,0.3834
2020-12-30 10:30:00,0.41854998
2020-12-31 10:30:00,0.386475
2021-01-01 10:30:00,0.4269625
2021-01-02 10:30:00,0.4355875
2021-01-03 10:30:00,0.43807498
2021-01-04 10:30:00,0.418675
2021-01-05 10:30:00,0.4217125
2021-01-06 10:30:00,0.36853752
2021-01-07 10:30:00,0.408525
2021-01-08 10:30:00,0.41854998
2021-01-09 10:30:00,0.51388747
2021-01-10 10:30:00,0.4719875
2021-01-11 10:30:00,0.4816875
2021-01-12 10:30:00,0.7368875
2021-01-13 10:30:00,0.4938375
2021-01-14 10:30:00,0.587375
2021-01-15 10:30:00,0.5344375
2021-01-16 10:30:00,0.56215
2021-01-17 10:30:00,0.49761248
2021-01-18 10:30:00,0.38415
2021-01-19 10:30:00,0.5682125
2021-01-20 10:30:00,0.5761375
2021-01-21 10:30:00,0.65177494
2021-01-22 10:30:00,0.5519125
2021-01-23 10:30:00,0.5820625
2021-01-24 10:30:00,0.59534997
2021-01-25 10:30:00,0.56745
2021-01-26 10:30:00,0.420875
2021-01-27 10:30:00,0.4022
2021-01-28 10:30:00,0.3811625
2021-01-29 10:30:00,0.5931625
2021-01-30 10:30:00,0.52432495
2021-01-31 10:30:00,0.72419995
2021-02-01 10:30:00,0.50699997
2021-02-02 10:30:00,0.43735
2021-02-03 10:30:00,0.45645
2021-02-04 10:30:00,0.61305
2021-02-05 10:30:00,0.55555
2021-02-06 10:30:00,0.50976247
2021-02-07 10:30:00,0.47327498
2021-02-08 10:30:00,0.566575
2021-02-09 10:30:00,0.51037496
2021-02-10 10:30:00,0.55733746
2021-02-11 10:30:00,0.485525
2021-02-12 10:30:00,0.36615002
2021-02-13 10:30:00,0.3603625
2021-02-14 10:30:00,0.34491247
2021-02-15 10:30:00,0.3175
2021-02-16 10:30:00,0.33935001
2021-02-17 10:30:00,0.281975
2021-02-18 10:30:00,0.41685
2021-02-19 10:30:00,0.389825
2021-02-20 10:30:00,0.67263746
2021-02-21 10:30:00,0.560375
2021-02-22 10:30:00,0.39249998
2021-02-23 10:30:00,0.46408752
2021-02-24 10:30:00,0.441725
2021-02-25 10:30:00,0.36009997
2021-02-26 10:30:00,0.59059995
2021-02-27 10:30:00,0.4778625
2021-02-28 10:30:00,0.28625
2021-03-01 10:30:00,0.41846249
2021-03-02 10:30:00,0.5557125
2021-03-03 10:30:00,0.562975
2021-03-04 10:30:00,0.3753875
2021-03-05 10:30:00,0.28397498
2021-03-06 10:30:00,0.343325
2021-03-07 10:30:00,0.3778375
2021-03-08 10:30:00,0.39194998
2021-03-09 10:30:00,0.2139875
2021-03-10 10:30:00,0.35893747
2021-03-11 10:30:00,0.3916875
2021-03-12 10:30:00,0.35445
2021-03-13 10:30:00,0.35955
2021-03-14 10:30:00,0.42093748
2021-03-15 10:30:00,0.3118375
2021-03-16 10:30:00,0.17085
2021-03-17 10:30:00,0.30389997
2021-03-18 10:30:00,0.26848748
2021-03-19 10:30:00,0.4515125
2021-03-20 10:30:00,0.7612875
2021-03-21 10:30:00,0.4786375
2021-03-22 10:30:00,0.40603748
2021-03-23 10:30:00,0.33541247
2021-03-24 10:30:00,0.34045
2021-03-25 10:30:00,0.36494997
2021-03-26 10:30:00,0.71555
2021-03-27 10:30:00,0.355075
2021-03-28 10:30:00,0.47077498
2021-03-29 10:30:00,0.3522375
2021-03-30 10:30:00,0.2543125
2021-03-31 10:30:00,0.37521246
2021-04-01 10:30:00,0.35568747
2021-04-02 10:30:00,0.322625
2021-04-03 10:30:00,0.2968375
2021-04-04 10:30:00,0.2864
2021-04-05 10:30:00,0.25911248
2021-04-06 10:30:00,0.1962125
2021-04-07 10:30:00,0.274775
2021-04-08 10:30:00,0.28557497
2021-04-09 10:30:00,0.27515
2021-04-10 10:30:00,0.255675
2021-04-11 10:30:00,0.480475
2021-04-12 10:30:00,0.5427
2021-04-13 10:30:00,0.34375
2021-04-14 10:30:00,0.326875
2021-04-15 10:30:00,0.59968746
2021-04-16 10:30:00,0.84552497
2021-04-17 10:30:00,0.50623745
2021-04-18 10:30:00,0.4060875
2021-04-19 10:30:00,0.24772501
2021-04-20 10:30:00,0.29498747
2021-04-21 10:30:00,0.3024
2021-04-22 10:30:00,0.4752625
2021-04-23 10:30:00,0.5494875
2021-04-24 10:30:00,0.257275
2021-04-25 10:30:00,0.2645
2021-04-26 10:30:00,0.3154625
2021-04-27 10:30:00,0.3113
2021-04-28 10:30:00,0.27899998
2021-04-29 10:30:00,0.484175
2021-04-30 10:30:00,0.69503754
2021-05-01 10:30:00,0.565025
2021-05-02 10:30:00,0.29256248
2021-05-03 10:30:00,0.4027125
2021-05-04 10:30:00,0.4843875
2021-05-05 10:30:00,0.4868875
2021-05-06 10:30:00,0.4933625
2021-05-07 10:30:00,0.8075875
2021-05-08 10:30:00,0.63936245
2021-05-09 10:30:00,0.50334996
2021-05-10 10:30:00,0.44015
2021-05-11 10:30:00,0.4295875
2021-05-12 10:30:00,0.3422
2021-05-13 10:30:00,0.362725
2021-05-14 10:30:00,0.67155
2021-05-15 10:30:00,0.3695125
2021-05-16 10:30:00,0.28955
2021-05-17 10:30:00,0.35803747
2021-05-18 10:30:00,0.48964998
2021-05-19 10:30:00,0.5111
2021-05-20 10:30:00,0.5784
2021-05-21 10:30:00,0.455975
2021-05-22 10:30:00,0.32758752
2021-05-23 10:30:00,0.4466
2021-05-24 10:30:00,0.44872501
2021-05-25 10:30:00,0.3536
2021-05-26 10:30:00,0.404025
2021-05-27 10:30:00,0.642925
2021-05-28 10:30:00,0.6238
2021-05-29 10:30:00,0.47345
2021-05-30 10:30:00,0.65895
2021-05-31 10:30:00,0.70153755
2021-06-01 10:30:00,0.45662498
2021-06-02 10:30:00,0.9491625
2021-06-03 10:30:00,0.828675
2021-06-04 10:30:00,0.8261125
2021-06-05 10:30:00,0.802925
2021-06-06 10:30:00,0.58968747
2021-06-07 10:30:00,0.6022125
2021-06-08 10:30:00,0.66765
2021-06-09 10:30:00,0.643325
2021-06-10 10:30:00,0.5231375
2021-06-11 10:30:00,0.536325
2021-06-12 10:30:00,0.61315
2021-06-13 10:30:00,0.6270125
2021-06-14 10:30:00,0.98018754
2021-06-15 10:30:00,0.6981875
2021-06-16 10:30:00,0.8197
2021-06-17 10:30:00,0.5295375
2021-06-18 10:30:00,0.68576247
2021-06-19 10:30:00,0.8107125
2021-06-20 10:30:00,0.7980625
2021-06-21 10:30:00,0.80973744
2021-06-22 10:30:00,0.69084996
2021-06-23 10:30:00,0.57826245
2021-06-24 10:30:00,0.586975
2021-06-25 10:30:00,0.7240125
2021-06-26 10:30:00,0.792175
2021-06-27 10:30:00,0.784775
2021-06-28 10:30:00,0.7765625
2021-06-29 10:30:00,0.728825
2021-06-30 10:30:00,0.87576246
2021-07-01 10:30:00,0.8621375
2021-07-02 10:30:00,0.89114994
2021-07-03 10:30:00,0.92934996
2021-07-04 10:30:00,0.91531247
2021-07-05 10:30:00,0.81895
2021-07-06 10:30:00,0.8687999
2021-07-07 10:30:00,0.90339994
2021-07-08 10:30:00,0.93883747
2021-07-09 10:30:00,0.8662999
2021-07-10 10:30:00,0.8451625
2021-07-11 10:30:00,0.78145003
2021-07-12 10:30:00,0.9319
2021-07-13 10:30:00,0.9621499
2021-07-14 10:30:00,0.96835
2021-07-15 10:30:00,0.8971499
2021-07-16 10:30:00,0.85765
2021-07-17 10:30:00,0.92302495
2021-07-18 10:30:00,0.8548
2021-07-19 10:30:00,0.8827125
2021-07-20 10:30:00,0.8343375
2021-07-21 10:30:00,0.86123747
2021-07-22 10:30:00,0.9202749
2021-07-23 10:30:00,0.85421246
2021-07-24 10:30:00,0.9173625
2021-07-25 10:30:00,0.9174375
2021-07-26 10:30:00,0.98078746
2021-07-27 10:30:00,0.8937
2021-07-28 10:30:00,0.8265875
2021-07-29 10:30:00,0.83247495
2021-07-30 10:30:00,0.89614993
2021-07-31 10:30:00,0.93646246
2021-08-01 10:30:00,0.87455
2021-08-02 10:30:00,0.81743747
2021-08-03 10:30:00,0.96582496
2021-08-04 10:30:00,0.89652497
2021-08-05 10:30:00,0.744275
2021-08-06 10:30:00,0.7495875
2021-08-07 10:30:00,0.797525
2021-08-08 10:30:00,0.89094996
2021-08-09 10:30:00,0.9494249
2021-08-10 10:30:00,0.827975
2021-08-11 10:30:00,0.95857495
2021-08-12 10:30:00,0.84225
2021-08-13 10:30:00,0.93312496
2021-08-14 10:30:00,0.89068747
2021-08-15 10:30:00,0.83845
2021-08-16 10:30:00,0.79239994
2021-08-17 10:30:00,0.80308753
2021-08-18 10:30:00,0.79152495
2021-08-19 10:30:00,0.8597875
2021-08-20 10:30:00,0.8479625
2021-08-21 10:30:00,0.78855
2021-08-22 10:30:00,0.80021244
2021-08-23 10:30:00,0.83863753
2021-08-24 10:30:00,0.8046
2021-08-25 10:30:00,0.90561247
2021-08-26 10:30:00,0.9195625
2021-08-27 10:30:00,0.82717496
2021-08-28 10:30:00,0.85522497
2021-08-29 10:30:00,0.709825
2021-08-30 10:30:00,0.72415
2021-08-31 10:30:00,0.7770375
2021-09-01 10:30:00,0.76654994
2021-09-02 10:30:00,0.8052375
2021-09-03 10:30:00,0.9118625
2021-09-04 10:30:00,0.80904996
2021-09-05 10:30:00,0.857975
2021-09-06 10:30:00,0.9545625
2021-09-07 10:30:00,0.7790875
2021-09-08 10:30:00,0.94633746
2021-09-09 10:30:00,0.94527495
2021-09-10 10:30:00,0.702025
2021-09-11 10:30:00,0.7338875
2021-09-12 10:30:00,0.7476875
2021-09-13 10:30:00,0.73945
2021-09-14 10:30:00,0.77007496
2021-09-15 10:30:00,0.944775
2021-09-16 10:30:00,0.6834
2021-09-17 10:30:00,0.7033
2021-09-18 10:30:00,0.70105004
2021-09-19 10:30:00,0.8561625
2021-09-20 10:30:00,0.88643754
2021-09-21 10:30:00,0.802825
2021-09-22 10:30:00,0.74955
2021-09-23 10:30:00,0.7378875
2021-09-24 10:30:00,0.8207875
2021-09-25 10:30:00,0.93183744
2021-09-26 10:30:00,0.9827625
2021-09-27 10:30:00,0.691575
2021-09-28 10:30:00,0.550775
2021-09-29 10:30:00,0.52564996
2021-09-30 10:30:00,0.6824125
2021-10-01 10:30:00,0.65534997
2021-10-02 10:30:00,0.6057125
2021-10-03 10:30:00,0.8174
2021-10-04 10:30:00,0.704075
2021-10-05 10:30:00,0.5586625
2021-10-06 10:30:00,0.723125
2021-10-07 10:30:00,0.62412494
2021-10-08 10:30:00,0.495525
2021-10-09 10:30:00,0.45174998
2021-10-10 10:30:00,0.4325
2021-10-11 10:30:00,0.50705
2021-10-12 10:30:00,0.489575
2021-10-13 10:30:00,0.7039499
2021-10-14 10:30:00,0.5135625
2021-10-15 10:30:00,0.42143747
2021-10-16 10:30:00,0.3938375
2021-10-17 10:30:00,0.57619995
2021-10-18 10:30:00,0.5816125
2021-10-19 10:30:00,0.523875
2021-10-20 10:30:00,0.55378747
2021-10-21 10:30:00,0.5419375
2021-10-22 10:30:00,0.53318745
2021-10-23 10:30:00,0.4658875
2021-10-24 10:30:00,0.44755
2021-10-25 10:30:00,0.387975
2021-10-26 10:30:00,0.4236375
2021-10-27 10:30:00,0.42168748
2021-10-28 10:30:00,0.562325
2021-10-29 10:30:00,0.55195
2021-10-30 10:30:00,0.6433
2021-10-31 10:30:00,0.460625
2021-11-01 10:30:00,0.63264996
2021-11-02 10:30:00,0.6765625
2021-11-03 10:30:00,0.7055625
2021-11-04 10:30:00,0.81943744
2021-11-05 10:30:00,0.8201875
2021-11-06 10:30:00,0.5480625
2021-11-07 10:30:00,0.581225
2021-11-08 10:30:00,0.712675
2021-11-09 10:30:00,0.8543625
2021-11-10 10:30:00,0.5996125
2021-11-11 10:30:00,0.360025
2021-11-12 10:30:00,0.42493752
2021-11-13 10:30:00,0.5399625
2021-11-14 10:30:00,0.67483747
2021-11-15 10:30:00,0.69275
2021-11-16 10:30:00,0.801025
2021-11-17 10:30:00,0.537625
2021-11-18 10:30:00,0.42619997
2021-11-19 10:30:00,0.6322
2021-11-20 10:30:00,0.81153744
2021-11-21 10:30:00,0.9234874
2021-11-22 10:30:00,0.574275
2021-11-23 10:30:00,0.44097498
2021-11-24 10:30:00,0.466175
2021-11-25 10:30:00,0.50513744
2021-11-26 10:30:00,0.6597125
2021-11-27 10:30:00,0.831275
2021-11-28 10:30:00,0.889725
2021-11-29 10:30:00,0.77809995
2021-11-30 10:30:00,0.62224996
2021-12-01 10:30:00,0.61372495
2021-12-02 10:30:00,0.49737498
2021-12-03 10:30:00,0.455675
2021-12-04 10:30:00,0.722925
2021-12-05 10:30:00,0.532325
2021-12-06 10:30:00,0.49217498
2021-12-07 10:30:00,0.6568
2021-12-08 10:30:00,0.78155
2021-12-09 10:30:00,0.8536875
2021-12-10 10:30:00,0.659775
2021-12-11 10:30:00,0.48444998
2021-12-12 10:30:00,0.474825
2021-12-13 10:30:00,0.566925
2021-12-14 10:30:00,0.5582
2021-12-15 10:30:00,0.87882495
2021-12-16 10:30:00,0.556975
2021-12-17 10:30:00,0.5220375
2021-12-18 10:30:00,0.63444996
2021-12-19 10:30:00,0.62595
2021-12-20 10:30:00,0.42666247
2021-12-21 10:30:00,0.47974998
2021-12-22 10:30:00,0.618225
2021-12-23 10:30:00,0.46406248
2021-12-24 10:30:00,0.46081248
2021-12-25 10:30:00,0.4953875
2021-12-26 10:30:00,0.5639875
2021-12-27 10:30:00,0.6615125
2021-12-28 10:30:00,0.60961246
2021-12-29 10:30:00,0.57906246
2021-12-30 10:30:00,0.49179998
2021-12-31 10:30:00,0.5708625
2022-01-01 10:30:00,0.5395
2022-01-02 10:30:00,0.486125
2022-01-03 10:30:00,0.4774625
2022-01-04 10:30:00,0.6268375
2022-01-05 10:30:00,0.6215625
2022-01-06 10:30:00,0.6989
2022-01-07 10:30:00,0.7076
2022-01-08 10:30:00,0.6856
2022-01-09 10:30:00,0.56396246
2022-01-10 10:30:00,0.6461375
2022-01-11 10:30:00,0.5029
2022-01-12 10:30:00,0.5277125
2022-01-13 10:30:00,0.5821125
2022-01-14 10:30:00,0.6474125
2022-01-15 10:30:00,0.498875
2022-01-16 10:30:00,0.51537496
2022-01-17 10:30:00,0.552
2022-01-18 10:30:00,0.655475
2022-01-19 10:30:00,0.49528748
2022-01-20 10:30:00,0.5962625
2022-01-21 10:30:00,0.6982875
2022-01-22 10:30:00,0.69404995
2022-01-23 10:30:00,0.6920875
2022-01-24 10:30:00,0.73028743
2022-01-25 10:30:00,0.8044625
2022-01-26 10:30:00,0.60033745
2022-01-27 10:30:00,0.5251625
2022-01-28 10:30:00,0.434575
2022-01-29 10:30:00,0.39799997
2022-01-30 10:30:00,0.46791252
2022-01-31 10:30:00,0.5127875
2022-02-01 10:30:00,0.449075
2022-02-02 10:30:00,0.4518
2022-02-03 10:30:00,0.42478752
2022-02-04 10:30:00,0.402525
2022-02-05 10:30:00,0.438175
2022-02-06 10:30:00,0.4430625
2022-02-07 10:30:00,0.549575
2022-02-08 10:30:00,0.616175
2022-02-09 10:30:00,0.6768
2022-02-10 10:30:00,0.8305
2022-02-11 10:30:00,0.8125125
2022-02-12 10:30:00,0.69972503
2022-02-13 10:30:00,0.73410004
2022-02-14 10:30:00,0.6214375
2022-02-15 10:30:00,0.5336125
2022-02-16 10:30:00,0.6585125
2022-02-17 10:30:00,0.6155
2022-02-18 10:30:00,0.80281246
2022-02-19 10:30:00,0.57825
2022-02-20 10:30:00,0.489275
2022-02-21 10:30:00,0.4632125
2022-02-22 10:30:00,0.519475
2022-02-23 10:30:00,0.47472498
2022-02-24 10:30:00,0.453675
2022-02-25 10:30:00,0.47628748
2022-02-26 10:30:00,0.48343748
2022-02-27 10:30:00,0.52683747
2022-02-28 10:30:00,0.51537496
2022-03-01 10:30:00,0.49971247
2022-03-02 10:30:00,0.4627125
2022-03-03 10:30:00,0.49505
2022-03-04 10:30:00,0.39814997
2022-03-05 10:30:00,0.323625
2022-03-06 10:30:00,0.371525
2022-03-07 10:30:00,0.41075
2022-03-08 10:30:00,0.40066248
2022-03-09 10:30:00,0.46239996
2022-03-10 10:30:00,0.18362498
2022-03-11 10:30:00,0.21705
2022-03-12 10:30:00,0.85528743
2022-03-13 10:30:00,0.79499996
2022-03-14 10:30:00,0.77058744
2022-03-15 10:30:00,0.7907125
2022-03-16 10:30:00,0.3675375
2022-03-17 10:30:00,0.486975
2022-03-18 10:30:00,0.555025
2022-03-19 10:30:00,0.3852875
2022-03-20 10:30:00,0.3900125
2022-03-21 10:30:00,0.35743752
2022-03-22 10:30:00,0.3464125
2022-03-23 10:30:00,0.57535
2022-03-24 10:30:00,0.751875
2022-03-25 10:30:00,0.6735875
2022-03-26 10:30:00,0.4739125
2022-03-27 10:30:00,0.402275
2022-03-28 10:30:00,0.3744875
2022-03-29 10:30:00,0.26395
2022-03-30 10:30:00,0.234575
2022-03-31 10:30:00,0.2661375
2022-04-01 10:30:00,0.2746125
2022-04-02 10:30:00,0.346225
2022-04-03 10:30:00,0.2701875
2022-04-04 10:30:00,0.324125
2022-04-05 10:30:00,0.2821125
2022-04-06 10:30:00,0.26714998
2022-04-07 10:30:00,0.34015
2022-04-08 10:30:00,0.3187875
2022-04-09 10:30:00,0.23803748
2022-04-10 10:30:00,0.3180625
2022-04-11 10:30:00,0.307775
2022-04-12 10:30:00,0.3143625
2022-04-13 10:30:00,0.3414375
2022-04-14 10:30:00,0.3878625
2022-04-15 10:30:00,0.2507625
2022-04-16 10:30:00,0.2810375
2022-04-17 10:30:00,0.311275
2022-04-18 10:30:00,0.3457
2022-04-19 10:30:00,0.24834998
2022-04-20 10:30:00,0.28779998
2022-04-21 10:30:00,0.85279995
2022-04-22 10:30:00,0.418725
2022-04-23 10:30:00,0.442275
2022-04-24 10:30:00,0.4673375
2022-04-25 10:30:00,0.64165
2022-04-26 10:30:00,0.43955
2022-04-27 10:30:00,0.31814998
2022-04-28 10:30:00,0.2587125
2022-04-29 10:30:00,0.70245004
2022-04-30 10:30:00,0.487575
2022-05-01 10:30:00,0.5284875
2022-05-02 10:30:00,0.40022498
2022-05-03 10:30:00,0.5731125
2022-05-04 10:30:00,0.551475
2022-05-05 10:30:00,0.78317493
2022-05-06 10:30:00,0.3170625
2022-05-07 10:30:00,0.2713
2022-05-08 10:30:00,0.282825
2022-05-09 10:30:00,0.2230125
2022-05-10 10:30:00,0.74803746
2022-05-11 10:30:00,0.481725
2022-05-12 10:30:00,0.5634
2022-05-13 10:30:00,0.67702496
2022-05-14 10:30:00,0.41898748
2022-05-15 10:30:00,0.37202498
2022-05-16 10:30:00,0.32686248
2022-05-17 10:30:00,0.4932375
2022-05-18 10:30:00,0.39123747
2022-05-19 10:30:00,0.451275
2022-05-20 10:30:00,0.3446875
2022-05-21 10:30:00,0.4671875
2022-05-22 10:30:00,0.3597
2022-05-23 10:30:00,0.4033875
2022-05-24 10:30:00,0.8776
2022-05-25 10:30:00,0.5479
2022-05-26 10:30:00,0.461675
2022-05-27 10:30:00,0.306375
2022-05-28 10:30:00,0.45459998
2022-05-29 10:30:00,0.9476
2022-05-30 10:30:00,0.65608746
2022-05-31 10:30:00,0.6718125
2022-06-01 10:30:00,0.6965875
2022-06-02 10:30:00,0.51345
2022-06-03 10:30:00,0.56935
2022-06-04 10:30:00,0.7883125
2022-06-05 10:30:00,0.893375
2022-06-06 10:30:00,0.7421375
2022-06-07 10:30:00,0.97015
2022-06-08 10:30:00,0.8214875
2022-06-09 10:30:00,0.690475
2022-06-10 10:30:00,0.65975
2022-06-11 10:30:00,0.6696375
2022-06-12 10:30:00,0.8476125
2022-06-13 10:30:00,0.83817494
2022-06-14 10:30:00,0.85882497
2022-06-15 10:30:00,0.6804625
2022-06-16 10:30:00,0.71848744
2022-06-17 10:30:00,0.63792497
2022-06-18 10:30:00,0.63509995
2022-06-19 10:30:00,0.62224996
2022-06-20 10:30:00,0.71137494
2022-06-21 10:30:00,0.525325
2022-06-22 10:30:00,0.64206254
2022-06-23 10:30:00,0.7502625
2022-06-24 10:30:00,0.82584995
2022-06-25 10:30:00,0.74504995
2022-06-26 10:30:00,0.6767
2022-06-27 10:30:00,0.69058746
2022-06-28 10:30:00,0.6871375
2022-06-29 10:30:00,0.658275
2022-06-30 10:30:00,0.8404375
2022-07-01 10:30:00,0.8182875
2022-07-02 10:30:00,0.74581254
2022-07-03 10:30:00,0.756575
2022-07-04 10:30:00,0.7983875
2022-07-05 10:30:00,0.87972504
2022-07-06 10:30:00,0.91421247
2022-07-07 10:30:00,0.77968746
2022-07-08 10:30:00,0.7321875
2022-07-09 10:30:00,0.646275
2022-07-10 10:30:00,0.6966
2022-07-11 10:30:00,0.69836247
2022-07-12 10:30:00,0.6126125
2022-07-13 10:30:00,0.9452625
2022-07-14 10:30:00,0.9566375
2022-07-15 10:30:00,0.91348755
2022-07-16 10:30:00,0.8525125
2022-07-17 10:30:00,0.839925
2022-07-18 10:30:00,0.90858746
2022-07-19 10:30:00,0.78741246
2022-07-20 10:30:00,0.8008
2022-07-21 10:30:00,0.7700499
2022-07-22 10:30:00,0.72819996
2022-07-23 10:30:00,0.91095
2022-07-24 10:30:00,0.8950875
2022-07-25 10:30:00,0.84737504
2022-07-26 10:30:00,0.88473755
2022-07-27 10:30:00,0.88307494
2022-07-28 10:30:00,0.92669994
2022-07-29 10:30:00,0.90055
2022-07-30 10:30:00,0.860025
2022-07-31 10:30:00,0.8317125
2022-08-01 10:30:00,0.78525
2022-08-02 10:30:00,0.7430124
2022-08-03 10:30:00,0.76827496
2022-08-04 10:30:00,0.9283999
2022-08-05 10:30:00,0.6196875
2022-08-06 10:30:00,0.7014
2022-08-07 10:30:00,0.708225
2022-08-08 10:30:00,0.595225
2022-08-09 10:30:00,0.5593125
2022-08-10 10:30:00,0.5934
2022-08-11 10:30:00,0.67525
2022-08-12 10:30:00,0.64489996
2022-08-13 10:30:00,0.6863625
2022-08-14 10:30:00,0.8458375
2022-08-15 10:30:00,0.90951246
2022-08-16 10:30:00,0.690175
2022-08-17 10:30:00,0.6890875
2022-08-18 10:30:00,0.78305
2022-08-19 10:30:00,0.6242
2022-08-20 10:30:00,0.648425
2022-08-21 10:30:00,0.751175
2022-08-22 10:30:00,0.7047875
2022-08-23 10:30:00,0.5950625
2022-08-24 10:30:00,0.7266749
2022-08-25 10:30:00,0.6099
2022-08-26 10:30:00,0.71375
2022-08-27 10:30:00,0.60669994
2022-08-28 10:30:00,0.6453875
2022-08-29 10:30:00,0.73415
2022-08-30 10:30:00,0.82769996
2022-08-31 10:30:00,0.6663375
2022-09-01 10:30:00,0.596625
2022-09-02 10:30:00,0.616775
2022-09-03 10:30:00,0.68583745
2022-09-04 10:30:00,0.8134
2022-09-05 10:30:00,0.61557496
2022-09-06 10:30:00,0.77505
2022-09-07 10:30:00,0.61045
2022-09-08 10:30:00,0.6507
2022-09-09 10:30:00,0.6762999
2022-09-10 10:30:00,0.71897495
2022-09-11 10:30:00,0.6807375
2022-09-12 10:30:00,0.73222494
2022-09-13 10:30:00,0.66333747
2022-09-14 10:30:00,0.69997495
2022-09-15 10:30:00,0.71147496
2022-09-16 10:30:00,0.7405875
2022-09-17 10:30:00,0.4846625
2022-09-18 10:30:00,0.4346625
2022-09-19 10:30:00,0.3058
2022-09-20 10:30:00,0.4982125
2022-09-21 10:30:00,0.4343875
2022-09-22 10:30:00,0.8812625
2022-09-23 10:30:00,0.7103375
2022-09-24 10:30:00,0.5638875
2022-09-25 10:30:00,0.47628748
2022-09-26 10:30:00,0.5907125
2022-09-27 10:30:00,0.4437
2022-09-28 10:30:00,0.5411625
2022-09-29 10:30:00,0.42951247
2022-09-30 10:30:00,0.820075
2022-10-01 10:30:00,0.7404625
2022-10-02 10:30:00,0.74175
2022-10-03 10:30:00,0.522125
2022-10-04 10:30:00,0.4445
2022-10-05 10:30:00,0.4960625
2022-10-06 10:30:00,0.6275375
2022-10-07 10:30:00,0.5743375
2022-10-08 10:30:00,0.78529996
2022-10-09 10:30:00,0.41277498
2022-10-10 10:30:00,0.40658748
2022-10-11 10:30:00,0.481925
2022-10-12 10:30:00,0.44482502
2022-10-13 10:30:00,0.4458
2022-10-14 10:30:00,0.46935
2022-10-15 10:30:00,0.34191248
2022-10-16 10:30:00,0.4491875
2022-10-17 10:30:00,0.44283748
2022-10-18 10:30:00,0.538525
2022-10-19 10:30:00,0.33423752
2022-10-20 10:30:00,0.51857495
2022-10-21 10:30:00,0.56833744
2022-10-22 10:30:00,0.53749996
2022-10-23 10:30:00,0.45588747
2022-10-24 10:30:00,0.52967495
2022-10-25 10:30:00,0.5134375
2022-10-26 10:30:00,0.55721253
2022-10-27 10:30:00,0.46651247
2022-10-28 10:30:00,0.5147875
2022-10-29 10:30:00,0.568075
2022-10-30 10:30:00,0.60144997
2022-10-31 10:30:00,0.5031125
2022-11-01 10:30:00,0.4031375
2022-11-02 10:30:00,0.28042498
2022-11-03 10:30:00,0.40805
2022-11-04 10:30:00,0.4163
2022-11-05 10:30:00,0.4919875
2022-11-06 10:30:00,0.51696247
2022-11-07 10:30:00,0.5829
2022-11-08 10:30:00,0.51182497
2022-11-09 10:30:00,0.4781125
2022-11-10 10:30:00,0.5501625
2022-11-11 10:30:00,0.46154997
2022-11-12 10:30:00,0.4040875
2022-11-13 10:30:00,0.5929625
2022-11-14 10:30:00,0.5639375
2022-11-15 10:30:00,0.4698375
2022-11-16 10:30:00,0.5561375
2022-11-17 10:30:00,0.52395
2022-11-18 10:30:00,0.5059625
2022-11-19 10:30:00,0.5220375
2022-11-20 10:30:00,0.463825
2022-11-21 10:30:00,0.4779
2022-11-22 10:30:00,0.5519625
2022-11-23 10:30:00,0.584925
2022-11-24 10:30:00,0.9425
2022-11-25 10:30:00,0.65197504
2022-11-26 10:30:00,0.4881
2022-11-27 10:30:00,0.83792496
2022-11-28 10:30:00,0.77888745
2022-11-29 10:30:00,0.4421875
2022-11-30 10:30:00,0.43896246
2022-12-01 10:30:00,0.513025
2022-12-02 10:30:00,0.52547497
2022-12-03 10:30:00,0.45768747
2022-12-04 10:30:00,0.506375
2022-12-05 10:30:00,0.498375
2022-12-06 10:30:00,0.529025
2022-12-07 10:30:00,0.5716625
2022-12-08 10:30:00,0.584775
2022-12-09 10:30:00,0.575325
2022-12-10 10:30:00,0.5947125
2022-12-11 10:30:00,0.5609625
2022-12-12 10:30:00,0.44025
2022-12-13 10:30:00,0.3868625
2022-12-14 10:30:00,0.35192502
2022-12-15 10:30:00,0.4636875
2022-12-16 10:30:00,0.45685
2022-12-17 10:30:00,0.47478747
2022-12-18 10:30:00,0.4613875
2022-12-19 10:30:00,0.55474997
2022-12-20 10:30:00,0.75364995
2022-12-21 10:30:00,0.704775
2022-12-22 10:30:00,0.559025
2022-12-23 10:30:00,0.5047625
2022-12-24 10:30:00,0.49330002
2022-12-25 10:30:00,0.6765625
2022-12-26 10:30:00,0.6958125
2022-12-27 10:30:00,0.7949875
2022-12-28 10:30:00,0.59209996
2022-12-29 10:30:00,0.5565625
2022-12-30 10:30:00,0.5508
2022-12-31 10:30:00,0.5116125
