time,rhum
2012-01-01 10:30:00,0.5969125
2012-01-02 10:30:00,0.66178745
2012-01-03 10:30:00,0.6177875
2012-01-04 10:30:00,0.5924125
2012-01-05 10:30:00,0.5852625
2012-01-06 10:30:00,0.585225
2012-01-07 10:30:00,0.5832125
2012-01-08 10:30:00,0.6055125
2012-01-09 10:30:00,0.619475
2012-01-10 10:30:00,0.55474997
2012-01-11 10:30:00,0.6061125
2012-01-12 10:30:00,0.6450375
2012-01-13 10:30:00,0.6243
2012-01-14 10:30:00,0.56795
2012-01-15 10:30:00,0.642675
2012-01-16 10:30:00,0.68067497
2012-01-17 10:30:00,0.6973125
2012-01-18 10:30:00,0.600775
2012-01-19 10:30:00,0.534925
2012-01-20 10:30:00,0.4026875
2012-01-21 10:30:00,0.39214998
2012-01-22 10:30:00,0.4535625
2012-01-23 10:30:00,0.45403752
2012-01-24 10:30:00,0.46412498
2012-01-25 10:30:00,0.52138746
2012-01-26 10:30:00,0.46404997
2012-01-27 10:30:00,0.43591246
2012-01-28 10:30:00,0.40816247
2012-01-29 10:30:00,0.444075
2012-01-30 10:30:00,0.41158748
2012-01-31 10:30:00,0.398025
2012-02-01 10:30:00,0.4052
2012-02-02 10:30:00,0.4170125
2012-02-03 10:30:00,0.43456247
2012-02-04 10:30:00,0.48205
2012-02-05 10:30:00,0.4059
2012-02-06 10:30:00,0.3700125
2012-02-07 10:30:00,0.3974375
2012-02-08 10:30:00,0.45865
2012-02-09 10:30:00,0.450675
2012-02-10 10:30:00,0.4365375
2012-02-11 10:30:00,0.42553747
2012-02-12 10:30:00,0.510575
2012-02-13 10:30:00,0.44533747
2012-02-14 10:30:00,0.40755
2012-02-15 10:30:00,0.4378
2012-02-16 10:30:00,0.401075
2012-02-17 10:30:00,0.429025
2012-02-18 10:30:00,0.46451247
2012-02-19 10:30:00,0.43279997
2012-02-20 10:30:00,0.3318375
2012-02-21 10:30:00,0.30205
2012-02-22 10:30:00,0.3291125
2012-02-23 10:30:00,0.45608747
2012-02-24 10:30:00,0.44165
2012-02-25 10:30:00,0.42244998
2012-02-26 10:30:00,0.5002
2012-02-27 10:30:00,0.455175
2012-02-28 10:30:00,0.4516125
2012-02-29 10:30:00,0.47733748
2012-03-01 10:30:00,0.3685875
2012-03-02 10:30:00,0.392825
2012-03-03 10:30:00,0.44332498
2012-03-04 10:30:00,0.67162496
2012-03-05 10:30:00,0.82192504
2012-03-06 10:30:00,0.63396245
2012-03-07 10:30:00,0.6391875
2012-03-08 10:30:00,0.4515375
2012-03-09 10:30:00,0.4944375
2012-03-10 10:30:00,0.60781246
2012-03-11 10:30:00,0.5067
2012-03-12 10:30:00,0.5146625
2012-03-13 10:30:00,0.461525
2012-03-14 10:30:00,0.52111244
2012-03-15 10:30:00,0.4164
2012-03-16 10:30:00,0.2913875
2012-03-17 10:30:00,0.2029125
2012-03-18 10:30:00,0.35185
2012-03-19 10:30:00,0.29256248
2012-03-20 10:30:00,0.312475
2012-03-21 10:30:00,0.41451252
2012-03-22 10:30:00,0.29661247
2012-03-23 10:30:00,0.5874625
2012-03-24 10:30:00,0.4101375
2012-03-25 10:30:00,0.39145
2012-03-26 10:30:00,0.34465
2012-03-27 10:30:00,0.2920625
2012-03-28 10:30:00,0.28663749
2012-03-29 10:30:00,0.68733746
2012-03-30 10:30:00,0.4535625
2012-03-31 10:30:00,0.36945
2012-04-01 10:30:00,0.2938
2012-04-02 10:30:00,0.31
2012-04-03 10:30:00,0.4424625
2012-04-04 10:30:00,0.46475002
2012-04-05 10:30:00,0.4433625
2012-04-06 10:30:00,0.3470375
2012-04-07 10:30:00,0.29256248
2012-04-08 10:30:00,0.486575
2012-04-09 10:30:00,0.21466249
2012-04-10 10:30:00,0.2639875
2012-04-11 10:30:00,0.3154625
2012-04-12 10:30:00,0.3815
2012-04-13 10:30:00,0.30284998
2012-04-14 10:30:00,0.6791875
2012-04-15 10:30:00,0.37335
2012-04-16 10:30:00,0.3575
2012-04-17 10:30:00,0.3373
2012-04-18 10:30:00,0.295675
2012-04-19 10:30:00,0.388675
2012-04-20 10:30:00,0.2642625
2012-04-21 10:30:00,0.385
2012-04-22 10:30:00,0.4070375
2012-04-23 10:30:00,0.3747875
2012-04-24 10:30:00,0.20625
2012-04-25 10:30:00,0.2618
2012-04-26 10:30:00,0.24091248
2012-04-27 10:30:00,0.65747494
2012-04-28 10:30:00,0.3766875
2012-04-29 10:30:00,0.2575625
2012-04-30 10:30:00,0.2729375
2012-05-01 10:30:00,0.24036251
2012-05-02 10:30:00,0.303075
2012-05-03 10:30:00,0.2164875
2012-05-04 10:30:00,0.2245125
2012-05-05 10:30:00,0.17128749
2012-05-06 10:30:00,0.2588
2012-05-07 10:30:00,0.3448375
2012-05-08 10:30:00,0.3816125
2012-05-09 10:30:00,0.38549998
2012-05-10 10:30:00,0.44256246
2012-05-11 10:30:00,0.4209
2012-05-12 10:30:00,0.6175875
2012-05-13 10:30:00,0.4695
2012-05-14 10:30:00,0.596325
2012-05-15 10:30:00,0.5804375
2012-05-16 10:30:00,0.70724994
2012-05-17 10:30:00,0.46281248
2012-05-18 10:30:00,0.2734
2012-05-19 10:30:00,0.23799999
2012-05-20 10:30:00,0.31254998
2012-05-21 10:30:00,0.3183375
2012-05-22 10:30:00,0.27465
2012-05-23 10:30:00,0.3006
2012-05-24 10:30:00,0.248925
2012-05-25 10:30:00,0.3442
2012-05-26 10:30:00,0.38427502
2012-05-27 10:30:00,0.3583125
2012-05-28 10:30:00,0.460825
2012-05-29 10:30:00,0.62649995
2012-05-30 10:30:00,0.7370875
2012-05-31 10:30:00,0.5983
2012-06-01 10:30:00,0.66539997
2012-06-02 10:30:00,0.90046245
2012-06-03 10:30:00,0.794775
2012-06-04 10:30:00,0.7894
2012-06-05 10:30:00,0.63792497
2012-06-06 10:30:00,0.788825
2012-06-07 10:30:00,0.6080375
2012-06-08 10:30:00,0.77116245
2012-06-09 10:30:00,0.707775
2012-06-10 10:30:00,0.677925
2012-06-11 10:30:00,0.708525
2012-06-12 10:30:00,0.83691245
2012-06-13 10:30:00,0.9113625
2012-06-14 10:30:00,0.803275
2012-06-15 10:30:00,0.7905625
2012-06-16 10:30:00,0.74862504
2012-06-17 10:30:00,0.8412625
2012-06-18 10:30:00,0.7133375
2012-06-19 10:30:00,0.660375
2012-06-20 10:30:00,0.6704125
2012-06-21 10:30:00,0.63233745
2012-06-22 10:30:00,0.636225
2012-06-23 10:30:00,0.6744625
2012-06-24 10:30:00,0.8191625
2012-06-25 10:30:00,0.8465125
2012-06-26 10:30:00,0.812175
2012-06-27 10:30:00,0.7669875
2012-06-28 10:30:00,0.7882125
2012-06-29 10:30:00,0.696025
2012-06-30 10:30:00,0.60644996
2012-07-01 10:30:00,0.82054996
2012-07-02 10:30:00,0.836825
2012-07-03 10:30:00,0.792375
2012-07-04 10:30:00,0.77161247
2012-07-05 10:30:00,0.771675
2012-07-06 10:30:00,0.7367375
2012-07-07 10:30:00,0.693525
2012-07-08 10:30:00,0.821875
2012-07-09 10:30:00,0.7811
2012-07-10 10:30:00,0.873575
2012-07-11 10:30:00,0.8732125
2012-07-12 10:30:00,0.822075
2012-07-13 10:30:00,0.69423753
2012-07-14 10:30:00,0.70446247
2012-07-15 10:30:00,0.7238749
2012-07-16 10:30:00,0.6564375
2012-07-17 10:30:00,0.616225
2012-07-18 10:30:00,0.7614
2012-07-19 10:30:00,0.72438747
2012-07-20 10:30:00,0.7761875
2012-07-21 10:30:00,0.8332125
2012-07-22 10:30:00,0.8654875
2012-07-23 10:30:00,0.68106246
2012-07-24 10:30:00,0.7841625
2012-07-25 10:30:00,0.8317375
2012-07-26 10:30:00,0.739
2012-07-27 10:30:00,0.71205
2012-07-28 10:30:00,0.90865
2012-07-29 10:30:00,0.8275
2012-07-30 10:30:00,0.77356243
2012-07-31 10:30:00,0.73275
2012-08-01 10:30:00,0.7687375
2012-08-02 10:30:00,0.82464993
2012-08-03 10:30:00,0.85442495
2012-08-04 10:30:00,0.8033999
2012-08-05 10:30:00,0.71706253
2012-08-06 10:30:00,0.7162
2012-08-07 10:30:00,0.7044125
2012-08-08 10:30:00,0.6761875
2012-08-09 10:30:00,0.6105875
2012-08-10 10:30:00,0.78335
2012-08-11 10:30:00,0.76976246
2012-08-12 10:30:00,0.6596625
2012-08-13 10:30:00,0.620475
2012-08-14 10:30:00,0.73895
2012-08-15 10:30:00,0.66965
2012-08-16 10:30:00,0.6059625
2012-08-17 10:30:00,0.7222375
2012-08-18 10:30:00,0.655925
2012-08-19 10:30:00,0.61982495
2012-08-20 10:30:00,0.63699996
2012-08-21 10:30:00,0.6253875
2012-08-22 10:30:00,0.5042125
2012-08-23 10:30:00,0.6185125
2012-08-24 10:30:00,0.65021247
2012-08-25 10:30:00,0.670325
2012-08-26 10:30:00,0.6419875
2012-08-27 10:30:00,0.7425125
2012-08-28 10:30:00,0.5613625
2012-08-29 10:30:00,0.580325
2012-08-30 10:30:00,0.599875
2012-08-31 10:30:00,0.58226246
2012-09-01 10:30:00,0.59427494
2012-09-02 10:30:00,0.89013743
2012-09-03 10:30:00,0.80653745
2012-09-04 10:30:00,0.8191125
2012-09-05 10:30:00,0.6936875
2012-09-06 10:30:00,0.60319996
2012-09-07 10:30:00,0.6682625
2012-09-08 10:30:00,0.73433745
2012-09-09 10:30:00,0.63374996
2012-09-10 10:30:00,0.658625
2012-09-11 10:30:00,0.88037497
2012-09-12 10:30:00,0.81716245
2012-09-13 10:30:00,0.7179875
2012-09-14 10:30:00,0.6119875
2012-09-15 10:30:00,0.66865
2012-09-16 10:30:00,0.65159994
2012-09-17 10:30:00,0.64886254
2012-09-18 10:30:00,0.6888625
2012-09-19 10:30:00,0.74373746
2012-09-20 10:30:00,0.564575
2012-09-21 10:30:00,0.66008747
2012-09-22 10:30:00,0.75497496
2012-09-23 10:30:00,0.749675
2012-09-24 10:30:00,0.70729995
2012-09-25 10:30:00,0.902525
2012-09-26 10:30:00,0.57575
2012-09-27 10:30:00,0.8456375
2012-09-28 10:30:00,0.539925
2012-09-29 10:30:00,0.6039875
2012-09-30 10:30:00,0.618225
2012-10-01 10:30:00,0.580525
2012-10-02 10:30:00,0.6203
2012-10-03 10:30:00,0.891275
2012-10-04 10:30:00,0.5731625
2012-10-05 10:30:00,0.52362496
2012-10-06 10:30:00,0.6179375
2012-10-07 10:30:00,0.6306125
2012-10-08 10:30:00,0.6347375
2012-10-09 10:30:00,0.579425
2012-10-10 10:30:00,0.54459995
2012-10-11 10:30:00,0.5936125
2012-10-12 10:30:00,0.754175
2012-10-13 10:30:00,0.657825
2012-10-14 10:30:00,0.5827
2012-10-15 10:30:00,0.65985
2012-10-16 10:30:00,0.7492375
2012-10-17 10:30:00,0.5482625
2012-10-18 10:30:00,0.5026125
2012-10-19 10:30:00,0.432
2012-10-20 10:30:00,0.44544998
2012-10-21 10:30:00,0.5934375
2012-10-22 10:30:00,0.60835
2012-10-23 10:30:00,0.62593746
2012-10-24 10:30:00,0.5361
2012-10-25 10:30:00,0.6200125
2012-10-26 10:30:00,0.5664375
2012-10-27 10:30:00,0.4311875
2012-10-28 10:30:00,0.42603752
2012-10-29 10:30:00,0.51998746
2012-10-30 10:30:00,0.64395005
2012-10-31 10:30:00,0.6095375
2012-11-01 10:30:00,0.56537503
2012-11-02 10:30:00,0.494375
2012-11-03 10:30:00,0.63834995
2012-11-04 10:30:00,0.81442493
2012-11-05 10:30:00,0.7599875
2012-11-06 10:30:00,0.6817
2012-11-07 10:30:00,0.59037495
2012-11-08 10:30:00,0.5711125
2012-11-09 10:30:00,0.6024375
2012-11-10 10:30:00,0.687
2012-11-11 10:30:00,0.6987875
2012-11-12 10:30:00,0.519175
2012-11-13 10:30:00,0.5784
2012-11-14 10:30:00,0.5803875
2012-11-15 10:30:00,0.507125
2012-11-16 10:30:00,0.585225
2012-11-17 10:30:00,0.5620875
2012-11-18 10:30:00,0.7711
2012-11-19 10:30:00,0.6073125
2012-11-20 10:30:00,0.6022125
2012-11-21 10:30:00,0.57955
2012-11-22 10:30:00,0.5840375
2012-11-23 10:30:00,0.57124996
2012-11-24 10:30:00,0.6696375
2012-11-25 10:30:00,0.56558746
2012-11-26 10:30:00,0.5318
2012-11-27 10:30:00,0.6731875
2012-11-28 10:30:00,0.5779
2012-11-29 10:30:00,0.50194997
2012-11-30 10:30:00,0.4459
2012-12-01 10:30:00,0.5625375
2012-12-02 10:30:00,0.653225
2012-12-03 10:30:00,0.51581246
2012-12-04 10:30:00,0.51105
2012-12-05 10:30:00,0.439275
2012-12-06 10:30:00,0.42119998
2012-12-07 10:30:00,0.473875
2012-12-08 10:30:00,0.465325
2012-12-09 10:30:00,0.58077496
2012-12-10 10:30:00,0.61242497
2012-12-11 10:30:00,0.63787496
2012-12-12 10:30:00,0.661275
2012-12-13 10:30:00,0.5337
2012-12-14 10:30:00,0.6149875
2012-12-15 10:30:00,0.6629
2012-12-16 10:30:00,0.575
2012-12-17 10:30:00,0.4930125
2012-12-18 10:30:00,0.5158875
2012-12-19 10:30:00,0.52599996
2012-12-20 10:30:00,0.5330375
2012-12-21 10:30:00,0.47287497
2012-12-22 10:30:00,0.43835
2012-12-23 10:30:00,0.47399998
2012-12-24 10:30:00,0.4675125
2012-12-25 10:30:00,0.4396375
2012-12-26 10:30:00,0.5414875
2012-12-27 10:30:00,0.61987495
2012-12-28 10:30:00,0.68112504
2012-12-29 10:30:00,0.5482625
2012-12-30 10:30:00,0.4882125
2012-12-31 10:30:00,0.5457625
2013-01-01 10:30:00,0.39857498
2013-01-02 10:30:00,0.43465
2013-01-03 10:30:00,0.389825
2013-01-04 10:30:00,0.41235
2013-01-05 10:30:00,0.46862498
2013-01-06 10:30:00,0.5924625
2013-01-07 10:30:00,0.461175
2013-01-08 10:30:00,0.4471125
2013-01-09 10:30:00,0.4963
2013-01-10 10:30:00,0.57006246
2013-01-11 10:30:00,0.60849994
2013-01-12 10:30:00,0.5702375
2013-01-13 10:30:00,0.6325
2013-01-14 10:30:00,0.596725
2013-01-15 10:30:00,0.634
2013-01-16 10:30:00,0.471175
2013-01-17 10:30:00,0.507125
2013-01-18 10:30:00,0.56721246
2013-01-19 10:30:00,0.650925
2013-01-20 10:30:00,0.689175
2013-01-21 10:30:00,0.6033125
2013-01-22 10:30:00,0.60889995
2013-01-23 10:30:00,0.56675
2013-01-24 10:30:00,0.38192502
2013-01-25 10:30:00,0.41053748
2013-01-26 10:30:00,0.5454625
2013-01-27 10:30:00,0.63269997
2013-01-28 10:30:00,0.6816625
2013-01-29 10:30:00,0.67835
2013-01-30 10:30:00,0.7177
2013-01-31 10:30:00,0.6232375
2013-02-01 10:30:00,0.3767375
2013-02-02 10:30:00,0.425125
2013-02-03 10:30:00,0.6284125
2013-02-04 10:30:00,0.5066125
2013-02-05 10:30:00,0.49647498
2013-02-06 10:30:00,0.39221248
2013-02-07 10:30:00,0.38989997
2013-02-08 10:30:00,0.4098
2013-02-09 10:30:00,0.432775
2013-02-10 10:30:00,0.43057498
2013-02-11 10:30:00,0.507275
2013-02-12 10:30:00,0.5121375
2013-02-13 10:30:00,0.46805
2013-02-14 10:30:00,0.474625
2013-02-15 10:30:00,0.5506375
2013-02-16 10:30:00,0.6025625
2013-02-17 10:30:00,0.43987498
2013-02-18 10:30:00,0.372
2013-02-19 10:30:00,0.41605
2013-02-20 10:30:00,0.37861252
2013-02-21 10:30:00,0.4473125
2013-02-22 10:30:00,0.450625
2013-02-23 10:30:00,0.2980875
2013-02-24 10:30:00,0.4917375
2013-02-25 10:30:00,0.5648125
2013-02-26 10:30:00,0.660875
2013-02-27 10:30:00,0.42478752
2013-02-28 10:30:00,0.60876244
2013-03-01 10:30:00,0.35443747
2013-03-02 10:30:00,0.49741247
2013-03-03 10:30:00,0.44924998
2013-03-04 10:30:00,0.518
2013-03-05 10:30:00,0.53725
2013-03-06 10:30:00,0.4233125
2013-03-07 10:30:00,0.2979
2013-03-08 10:30:00,0.49249998
2013-03-09 10:30:00,0.57809997
2013-03-10 10:30:00,0.5716625
2013-03-11 10:30:00,0.4681
2013-03-12 10:30:00,0.38349998
2013-03-13 10:30:00,0.45822498
2013-03-14 10:30:00,0.49342498
2013-03-15 10:30:00,0.6345875
2013-03-16 10:30:00,0.46669996
2013-03-17 10:30:00,0.3623625
2013-03-18 10:30:00,0.40515
2013-03-19 10:30:00,0.36499998
2013-03-20 10:30:00,0.46371248
2013-03-21 10:30:00,0.41447496
2013-03-22 10:30:00,0.389025
2013-03-23 10:30:00,0.4278125
2013-03-24 10:30:00,0.44355
2013-03-25 10:30:00,0.4479375
2013-03-26 10:30:00,0.4438625
2013-03-27 10:30:00,0.437775
2013-03-28 10:30:00,0.42033747
2013-03-29 10:30:00,0.3943125
2013-03-30 10:30:00,0.365175
2013-03-31 10:30:00,0.3518375
2013-04-01 10:30:00,0.36791247
2013-04-02 10:30:00,0.30827498
2013-04-03 10:30:00,0.333175
2013-04-04 10:30:00,0.35062498
2013-04-05 10:30:00,0.5002625
2013-04-06 10:30:00,0.36435
2013-04-07 10:30:00,0.3849625
2013-04-08 10:30:00,0.521675
2013-04-09 10:30:00,0.34623748
2013-04-10 10:30:00,0.38666248
2013-04-11 10:30:00,0.41472498
2013-04-12 10:30:00,0.33013752
2013-04-13 10:30:00,0.29435
2013-04-14 10:30:00,0.281575
2013-04-15 10:30:00,0.28617498
2013-04-16 10:30:00,0.2944
2013-04-17 10:30:00,0.2742625
2013-04-18 10:30:00,0.33976248
2013-04-19 10:30:00,0.288775
2013-04-20 10:30:00,0.2968375
2013-04-21 10:30:00,0.2827625
2013-04-22 10:30:00,0.4172
2013-04-23 10:30:00,0.40919998
2013-04-24 10:30:00,0.511025
2013-04-25 10:30:00,0.6288125
2013-04-26 10:30:00,0.37805
2013-04-27 10:30:00,0.392125
2013-04-28 10:30:00,0.6633
2013-04-29 10:30:00,0.8364125
2013-04-30 10:30:00,0.7044
2013-05-01 10:30:00,0.69495
2013-05-02 10:30:00,0.66201246
2013-05-03 10:30:00,0.4647875
2013-05-04 10:30:00,0.32037497
2013-05-05 10:30:00,0.34772497
2013-05-06 10:30:00,0.44347498
2013-05-07 10:30:00,0.2708375
2013-05-08 10:30:00,0.48963746
2013-05-09 10:30:00,0.41695
2013-05-10 10:30:00,0.32107496
2013-05-11 10:30:00,0.647375
2013-05-12 10:30:00,0.71875
2013-05-13 10:30:00,0.6736375
2013-05-14 10:30:00,0.79574996
2013-05-15 10:30:00,0.604225
2013-05-16 10:30:00,0.46693748
2013-05-17 10:30:00,0.5043875
2013-05-18 10:30:00,0.25079998
2013-05-19 10:30:00,0.4082375
2013-05-20 10:30:00,0.4454625
2013-05-21 10:30:00,0.576275
2013-05-22 10:30:00,0.3528125
2013-05-23 10:30:00,0.349075
2013-05-24 10:30:00,0.35314998
2013-05-25 10:30:00,0.39976248
2013-05-26 10:30:00,0.48018748
2013-05-27 10:30:00,0.583825
2013-05-28 10:30:00,0.5
2013-05-29 10:30:00,0.403375
2013-05-30 10:30:00,0.45306247
2013-05-31 10:30:00,0.41382498
2013-06-01 10:30:00,0.45354998
2013-06-02 10:30:00,0.5452875
2013-06-03 10:30:00,0.77823746
2013-06-04 10:30:00,0.6565125
2013-06-05 10:30:00,0.61106247
2013-06-06 10:30:00,0.92055
2013-06-07 10:30:00,0.70635
2013-06-08 10:30:00,0.7715375
2013-06-09 10:30:00,0.79201245
2013-06-10 10:30:00,0.69463754
2013-06-11 10:30:00,0.73983747
2013-06-12 10:30:00,0.74311244
2013-06-13 10:30:00,0.689675
2013-06-14 10:30:00,0.6657875
2013-06-15 10:30:00,0.65765
2013-06-16 10:30:00,0.70918745
2013-06-17 10:30:00,0.7043125
2013-06-18 10:30:00,0.682125
2013-06-19 10:30:00,0.708825
2013-06-20 10:30:00,0.7243375
2013-06-21 10:30:00,0.7205
2013-06-22 10:30:00,0.6657625
2013-06-23 10:30:00,0.68815
2013-06-24 10:30:00,0.67731243
2013-06-25 10:30:00,0.764525
2013-06-26 10:30:00,0.93013746
2013-06-27 10:30:00,0.91964996
2013-06-28 10:30:00,0.68396246
2013-06-29 10:30:00,0.90676254
2013-06-30 10:30:00,0.92434996
2013-07-01 10:30:00,0.8046875
2013-07-02 10:30:00,0.81997496
2013-07-03 10:30:00,0.68886244
2013-07-04 10:30:00,0.71296245
2013-07-05 10:30:00,0.62689996
2013-07-06 10:30:00,0.7490875
2013-07-07 10:30:00,0.6964
2013-07-08 10:30:00,0.75622493
2013-07-09 10:30:00,0.7075125
2013-07-10 10:30:00,0.6491749
2013-07-11 10:30:00,0.7365
2013-07-12 10:30:00,0.8024875
2013-07-13 10:30:00,0.7058375
2013-07-14 10:30:00,0.714925
2013-07-15 10:30:00,0.8837
2013-07-16 10:30:00,0.66425
2013-07-17 10:30:00,0.78371245
2013-07-18 10:30:00,0.9086875
2013-07-19 10:30:00,0.78285
2013-07-20 10:30:00,0.6917875
2013-07-21 10:30:00,0.71137494
2013-07-22 10:30:00,0.85225
2013-07-23 10:30:00,0.845525
2013-07-24 10:30:00,0.8242125
2013-07-25 10:30:00,0.7617125
2013-07-26 10:30:00,0.7914875
2013-07-27 10:30:00,0.91535
2013-07-28 10:30:00,0.6993125
2013-07-29 10:30:00,0.83028746
2013-07-30 10:30:00,0.763075
2013-07-31 10:30:00,0.86903745
2013-08-01 10:30:00,0.8763
2013-08-02 10:30:00,0.915325
2013-08-03 10:30:00,0.81302494
2013-08-04 10:30:00,0.8392125
2013-08-05 10:30:00,0.8402125
2013-08-06 10:30:00,0.82888746
2013-08-07 10:30:00,0.7385875
2013-08-08 10:30:00,0.7017875
2013-08-09 10:30:00,0.705525
2013-08-10 10:30:00,0.723275
2013-08-11 10:30:00,0.75137496
2013-08-12 10:30:00,0.7535875
2013-08-13 10:30:00,0.67301255
2013-08-14 10:30:00,0.6375
2013-08-15 10:30:00,0.7172375
2013-08-16 10:30:00,0.9270375
2013-08-17 10:30:00,0.83341247
2013-08-18 10:30:00,0.730875
2013-08-19 10:30:00,0.7797125
2013-08-20 10:30:00,0.714525
2013-08-21 10:30:00,0.88906246
2013-08-22 10:30:00,0.723125
2013-08-23 10:30:00,0.72349995
2013-08-24 10:30:00,0.66839993
2013-08-25 10:30:00,0.7975125
2013-08-26 10:30:00,0.76226246
2013-08-27 10:30:00,0.7451625
2013-08-28 10:30:00,0.9148375
2013-08-29 10:30:00,0.71166253
2013-08-30 10:30:00,0.75513744
2013-08-31 10:30:00,0.79535
2013-09-01 10:30:00,0.7914625
2013-09-02 10:30:00,0.771125
2013-09-03 10:30:00,0.7242375
2013-09-04 10:30:00,0.766225
2013-09-05 10:30:00,0.8079875
2013-09-06 10:30:00,0.8937875
2013-09-07 10:30:00,0.76746255
2013-09-08 10:30:00,0.69995004
2013-09-09 10:30:00,0.7778125
2013-09-10 10:30:00,0.6424375
2013-09-11 10:30:00,0.64565
2013-09-12 10:30:00,0.76554996
2013-09-13 10:30:00,0.76584995
2013-09-14 10:30:00,0.45178747
2013-09-15 10:30:00,0.5955875
2013-09-16 10:30:00,0.55435
2013-09-17 10:30:00,0.6954
2013-09-18 10:30:00,0.6757625
2013-09-19 10:30:00,0.6673874
2013-09-20 10:30:00,0.7442625
2013-09-21 10:30:00,0.73711246
2013-09-22 10:30:00,0.5869875
2013-09-23 10:30:00,0.5129375
2013-09-24 10:30:00,0.56198746
2013-09-25 10:30:00,0.5527875
2013-09-26 10:30:00,0.5477875
2013-09-27 10:30:00,0.49366248
2013-09-28 10:30:00,0.54917496
2013-09-29 10:30:00,0.48125
2013-09-30 10:30:00,0.5192125
2013-10-01 10:30:00,0.4176625
2013-10-02 10:30:00,0.4326875
2013-10-03 10:30:00,0.4077875
2013-10-04 10:30:00,0.40083748
2013-10-05 10:30:00,0.33165
2013-10-06 10:30:00,0.44112498
2013-10-07 10:30:00,0.4501125
2013-10-08 10:30:00,0.38338748
2013-10-09 10:30:00,0.5104375
2013-10-10 10:30:00,0.90747494
2013-10-11 10:30:00,0.723925
2013-10-12 10:30:00,0.5407875
2013-10-13 10:30:00,0.5789375
2013-10-14 10:30:00,0.43693748
2013-10-15 10:30:00,0.5150125
2013-10-16 10:30:00,0.54575
2013-10-17 10:30:00,0.5476625
2013-10-18 10:30:00,0.61410004
2013-10-19 10:30:00,0.715425
2013-10-20 10:30:00,0.77143747
2013-10-21 10:30:00,0.890125
2013-10-22 10:30:00,0.93445
2013-10-23 10:30:00,0.887525
2013-10-24 10:30:00,0.7330874
2013-10-25 10:30:00,0.69283754
2013-10-26 10:30:00,0.73964995
2013-10-27 10:30:00,0.7032875
2013-10-28 10:30:00,0.6803875
2013-10-29 10:30:00,0.58393747
2013-10-30 10:30:00,0.5886
2013-10-31 10:30:00,0.650325
2013-11-01 10:30:00,0.7210375
2013-11-02 10:30:00,0.614775
2013-11-03 10:30:00,0.61983746
2013-11-04 10:30:00,0.5905
2013-11-05 10:30:00,0.7215625
2013-11-06 10:30:00,0.5373125
2013-11-07 10:30:00,0.80053747
2013-11-08 10:30:00,0.7509
2013-11-09 10:30:00,0.4188375
2013-11-10 10:30:00,0.3890625
2013-11-11 10:30:00,0.5515375
2013-11-12 10:30:00,0.58612496
2013-11-13 10:30:00,0.58305
2013-11-14 10:30:00,0.58739996
2013-11-15 10:30:00,0.5976625
2013-11-16 10:30:00,0.6086
2013-11-17 10:30:00,0.48929998
2013-11-18 10:30:00,0.32698748
2013-11-19 10:30:00,0.31237498
2013-11-20 10:30:00,0.5592
2013-11-21 10:30:00,0.63028747
2013-11-22 10:30:00,0.609475
2013-11-23 10:30:00,0.58757496
2013-11-24 10:30:00,0.4878125
2013-11-25 10:30:00,0.4923625
2013-11-26 10:30:00,0.4872625
2013-11-27 10:30:00,0.4215
2013-11-28 10:30:00,0.45768747
2013-11-29 10:30:00,0.45866248
2013-11-30 10:30:00,0.40577498
2013-12-01 10:30:00,0.44842497
2013-12-02 10:30:00,0.583925
2013-12-03 10:30:00,0.551475
2013-12-04 10:30:00,0.471175
2013-12-05 10:30:00,0.50088745
2013-12-06 10:30:00,0.55465
2013-12-07 10:30:00,0.6897625
2013-12-08 10:30:00,0.75264996
2013-12-09 10:30:00,0.64016247
2013-12-10 10:30:00,0.6558
2013-12-11 10:30:00,0.642825
2013-12-12 10:30:00,0.47637498
2013-12-13 10:30:00,0.4616375
2013-12-14 10:30:00,0.5181625
2013-12-15 10:30:00,0.70434994
2013-12-16 10:30:00,0.76053745
2013-12-17 10:30:00,0.74171245
2013-12-18 10:30:00,0.70417494
2013-12-19 10:30:00,0.700025
2013-12-20 10:30:00,0.5861125
2013-12-21 10:30:00,0.668625
2013-12-22 10:30:00,0.588125
2013-12-23 10:30:00,0.6982125
2013-12-24 10:30:00,0.6834625
2013-12-25 10:30:00,0.7523625
2013-12-26 10:30:00,0.6005375
2013-12-27 10:30:00,0.5875
2013-12-28 10:30:00,0.5288375
2013-12-29 10:30:00,0.61303747
2013-12-30 10:30:00,0.6516625
2013-12-31 10:30:00,0.54127496
2014-01-01 10:30:00,0.4269625
2014-01-02 10:30:00,0.5210125
2014-01-03 10:30:00,0.56735
2014-01-04 10:30:00,0.67551243
2014-01-05 10:30:00,0.6975875
2014-01-06 10:30:00,0.5720625
2014-01-07 10:30:00,0.46897498
2014-01-08 10:30:00,0.4632125
2014-01-09 10:30:00,0.5002875
2014-01-10 10:30:00,0.55904996
2014-01-11 10:30:00,0.42118746
2014-01-12 10:30:00,0.386525
2014-01-13 10:30:00,0.4877
2014-01-14 10:30:00,0.6284625
2014-01-15 10:30:00,0.65987504
2014-01-16 10:30:00,0.63105
2014-01-17 10:30:00,0.57194996
2014-01-18 10:30:00,0.552825
2014-01-19 10:30:00,0.70919997
2014-01-20 10:30:00,0.6398375
2014-01-21 10:30:00,0.572625
2014-01-22 10:30:00,0.68506247
2014-01-23 10:30:00,0.52099997
2014-01-24 10:30:00,0.56642497
2014-01-25 10:30:00,0.489325
2014-01-26 10:30:00,0.5862125
2014-01-27 10:30:00,0.395075
2014-01-28 10:30:00,0.43986252
2014-01-29 10:30:00,0.4758
2014-01-30 10:30:00,0.5236125
2014-01-31 10:30:00,0.500575
2014-02-01 10:30:00,0.46717498
2014-02-02 10:30:00,0.36169997
2014-02-03 10:30:00,0.4184875
2014-02-04 10:30:00,0.4818625
2014-02-05 10:30:00,0.5203875
2014-02-06 10:30:00,0.490125
2014-02-07 10:30:00,0.497275
2014-02-08 10:30:00,0.625475
2014-02-09 10:30:00,0.5508375
2014-02-10 10:30:00,0.62232494
2014-02-11 10:30:00,0.6122125
2014-02-12 10:30:00,0.504875
2014-02-13 10:30:00,0.6182
2014-02-14 10:30:00,0.7174125
2014-02-15 10:30:00,0.70871246
2014-02-16 10:30:00,0.638775
2014-02-17 10:30:00,0.5502125
2014-02-18 10:30:00,0.5681625
2014-02-19 10:30:00,0.612
2014-02-20 10:30:00,0.6360625
2014-02-21 10:30:00,0.66043746
2014-02-22 10:30:00,0.54798746
2014-02-23 10:30:00,0.62315
2014-02-24 10:30:00,0.669275
2014-02-25 10:30:00,0.68927497
2014-02-26 10:30:00,0.5856625
2014-02-27 10:30:00,0.39604998
2014-02-28 10:30:00,0.4705
2014-03-01 10:30:00,0.43419996
2014-03-02 10:30:00,0.457275
2014-03-03 10:30:00,0.41625
2014-03-04 10:30:00,0.4293125
2014-03-05 10:30:00,0.42595
2014-03-06 10:30:00,0.44439998
2014-03-07 10:30:00,0.3996125
2014-03-08 10:30:00,0.35889998
2014-03-09 10:30:00,0.33439997
2014-03-10 10:30:00,0.22612499
2014-03-11 10:30:00,0.44622502
2014-03-12 10:30:00,0.4421
2014-03-13 10:30:00,0.4495875
2014-03-14 10:30:00,0.3737875
2014-03-15 10:30:00,0.435375
2014-03-16 10:30:00,0.3925875
2014-03-17 10:30:00,0.5479625
2014-03-18 10:30:00,0.4064375
2014-03-19 10:30:00,0.433675
2014-03-20 10:30:00,0.4542
2014-03-21 10:30:00,0.39415
2014-03-22 10:30:00,0.3095125
2014-03-23 10:30:00,0.369175
2014-03-24 10:30:00,0.3889125
2014-03-25 10:30:00,0.3960875
2014-03-26 10:30:00,0.536775
2014-03-27 10:30:00,0.44492498
2014-03-28 10:30:00,0.3956
2014-03-29 10:30:00,0.3261
2014-03-30 10:30:00,0.239
2014-03-31 10:30:00,0.32494998
2014-04-01 10:30:00,0.48857498
2014-04-02 10:30:00,0.4243875
2014-04-03 10:30:00,0.44091251
2014-04-04 10:30:00,0.5986875
2014-04-05 10:30:00,0.41888747
2014-04-06 10:30:00,0.3106125
2014-04-07 10:30:00,0.3635125
2014-04-08 10:30:00,0.3508
2014-04-09 10:30:00,0.472625
2014-04-10 10:30:00,0.3396
2014-04-11 10:30:00,0.2530625
2014-04-12 10:30:00,0.3029
2014-04-13 10:30:00,0.31632498
2014-04-14 10:30:00,0.26411247
2014-04-15 10:30:00,0.21573749
2014-04-16 10:30:00,0.204725
2014-04-17 10:30:00,0.6503375
2014-04-18 10:30:00,0.41552496
2014-04-19 10:30:00,0.70356244
2014-04-20 10:30:00,0.5941875
2014-04-21 10:30:00,0.3621125
2014-04-22 10:30:00,0.4238625
2014-04-23 10:30:00,0.29556248
2014-04-24 10:30:00,0.23786248
2014-04-25 10:30:00,0.28719997
2014-04-26 10:30:00,0.432975
2014-04-27 10:30:00,0.39639997
2014-04-28 10:30:00,0.3350375
2014-04-29 10:30:00,0.2529125
2014-04-30 10:30:00,0.2723875
2014-05-01 10:30:00,0.6145375
2014-05-02 10:30:00,0.5618875
2014-05-03 10:30:00,0.47822502
2014-05-04 10:30:00,0.315125
2014-05-05 10:30:00,0.36354998
2014-05-06 10:30:00,0.43316248
2014-05-07 10:30:00,0.39458752
2014-05-08 10:30:00,0.4020375
2014-05-09 10:30:00,0.3757375
2014-05-10 10:30:00,0.79386246
2014-05-11 10:30:00,0.781625
2014-05-12 10:30:00,0.758725
2014-05-13 10:30:00,0.7044
2014-05-14 10:30:00,0.6670375
2014-05-15 10:30:00,0.70207494
2014-05-16 10:30:00,0.8686625
2014-05-17 10:30:00,0.672575
2014-05-18 10:30:00,0.8078375
2014-05-19 10:30:00,0.831325
2014-05-20 10:30:00,0.72421247
2014-05-21 10:30:00,0.63449997
2014-05-22 10:30:00,0.55611247
2014-05-23 10:30:00,0.542525
2014-05-24 10:30:00,0.7115875
2014-05-25 10:30:00,0.7230125
2014-05-26 10:30:00,0.6812124
2014-05-27 10:30:00,0.590625
2014-05-28 10:30:00,0.4195
2014-05-29 10:30:00,0.35482496
2014-05-30 10:30:00,0.4083375
2014-05-31 10:30:00,0.48163748
2014-06-01 10:30:00,0.4524625
2014-06-02 10:30:00,0.4723
2014-06-03 10:30:00,0.637025
2014-06-04 10:30:00,0.544775
2014-06-05 10:30:00,0.574075
2014-06-06 10:30:00,0.51888746
2014-06-07 10:30:00,0.6339
2014-06-08 10:30:00,0.93081254
2014-06-09 10:30:00,0.8881375
2014-06-10 10:30:00,0.8167125
2014-06-11 10:30:00,0.82028747
2014-06-12 10:30:00,0.71178746
2014-06-13 10:30:00,0.59758747
2014-06-14 10:30:00,0.58314997
2014-06-15 10:30:00,0.62146246
2014-06-16 10:30:00,0.73192495
2014-06-17 10:30:00,0.7750375
2014-06-18 10:30:00,0.72319996
2014-06-19 10:30:00,0.6550375
2014-06-20 10:30:00,0.82054996
2014-06-21 10:30:00,0.8685
2014-06-22 10:30:00,0.75635
2014-06-23 10:30:00,0.7391625
2014-06-24 10:30:00,0.73021245
2014-06-25 10:30:00,0.81182504
2014-06-26 10:30:00,0.84566253
2014-06-27 10:30:00,0.69013745
2014-06-28 10:30:00,0.65357494
2014-06-29 10:30:00,0.64546245
2014-06-30 10:30:00,0.64416254
2014-07-01 10:30:00,0.65055
2014-07-02 10:30:00,0.7569875
2014-07-03 10:30:00,0.76123744
2014-07-04 10:30:00,0.6298625
2014-07-05 10:30:00,0.7094375
2014-07-06 10:30:00,0.74012494
2014-07-07 10:30:00,0.8075875
2014-07-08 10:30:00,0.6093625
2014-07-09 10:30:00,0.6862124
2014-07-10 10:30:00,0.79873747
2014-07-11 10:30:00,0.8343
2014-07-12 10:30:00,0.84515
2014-07-13 10:30:00,0.8215249
2014-07-14 10:30:00,0.775225
2014-07-15 10:30:00,0.8287625
2014-07-16 10:30:00,0.88786244
2014-07-17 10:30:00,0.8372125
2014-07-18 10:30:00,0.8083625
2014-07-19 10:30:00,0.88037497
2014-07-20 10:30:00,0.8753
2014-07-21 10:30:00,0.7110125
2014-07-22 10:30:00,0.6779625
2014-07-23 10:30:00,0.67495
2014-07-24 10:30:00,0.77577496
2014-07-25 10:30:00,0.743275
2014-07-26 10:30:00,0.7742125
2014-07-27 10:30:00,0.75677496
2014-07-28 10:30:00,0.70058745
2014-07-29 10:30:00,0.73195
2014-07-30 10:30:00,0.7365875
2014-07-31 10:30:00,0.69474995
2014-08-01 10:30:00,0.6688875
2014-08-02 10:30:00,0.8058625
2014-08-03 10:30:00,0.6820625
2014-08-04 10:30:00,0.662975
2014-08-05 10:30:00,0.7492375
2014-08-06 10:30:00,0.75843745
2014-08-07 10:30:00,0.6972
2014-08-08 10:30:00,0.6128375
2014-08-09 10:30:00,0.81112504
2014-08-10 10:30:00,0.85741246
2014-08-11 10:30:00,0.6533
2014-08-12 10:30:00,0.66179997
2014-08-13 10:30:00,0.7762625
2014-08-14 10:30:00,0.90183747
2014-08-15 10:30:00,0.95257497
2014-08-16 10:30:00,0.88277495
2014-08-17 10:30:00,0.8766124
2014-08-18 10:30:00,0.81455
2014-08-19 10:30:00,0.87043744
2014-08-20 10:30:00,0.838725
2014-08-21 10:30:00,0.7407375
2014-08-22 10:30:00,0.7743125
2014-08-23 10:30:00,0.81863743
2014-08-24 10:30:00,0.8286125
2014-08-25 10:30:00,0.922575
2014-08-26 10:30:00,0.7386
2014-08-27 10:30:00,0.76516247
2014-08-28 10:30:00,0.71095
2014-08-29 10:30:00,0.6925125
2014-08-30 10:30:00,0.72521245
2014-08-31 10:30:00,0.80036247
2014-09-01 10:30:00,0.91232497
2014-09-02 10:30:00,0.7707875
2014-09-03 10:30:00,0.78418744
2014-09-04 10:30:00,0.7751625
2014-09-05 10:30:00,0.7534625
2014-09-06 10:30:00,0.75083745
2014-09-07 10:30:00,0.76042503
2014-09-08 10:30:00,0.52825
2014-09-09 10:30:00,0.582275
2014-09-10 10:30:00,0.66551244
2014-09-11 10:30:00,0.7197625
2014-09-12 10:30:00,0.7113125
2014-09-13 10:30:00,0.684075
2014-09-14 10:30:00,0.51060003
2014-09-15 10:30:00,0.545525
2014-09-16 10:30:00,0.60666245
2014-09-17 10:30:00,0.65386254
2014-09-18 10:30:00,0.635875
2014-09-19 10:30:00,0.67059994
2014-09-20 10:30:00,0.73841244
2014-09-21 10:30:00,0.737375
2014-09-22 10:30:00,0.8521625
2014-09-23 10:30:00,0.732825
2014-09-24 10:30:00,0.5700875
2014-09-25 10:30:00,0.43461248
2014-09-26 10:30:00,0.9191874
2014-09-27 10:30:00,0.64287496
2014-09-28 10:30:00,0.569275
2014-09-29 10:30:00,0.495675
2014-09-30 10:30:00,0.4809125
2014-10-01 10:30:00,0.60025
2014-10-02 10:30:00,0.61705
2014-10-03 10:30:00,0.4378875
2014-10-04 10:30:00,0.53346246
2014-10-05 10:30:00,0.50623745
2014-10-06 10:30:00,0.54365003
2014-10-07 10:30:00,0.56583744
2014-10-08 10:30:00,0.695225
2014-10-09 10:30:00,0.72037494
2014-10-10 10:30:00,0.8734
2014-10-11 10:30:00,0.641325
2014-10-12 10:30:00,0.48294997
2014-10-13 10:30:00,0.4735125
2014-10-14 10:30:00,0.4433
2014-10-15 10:30:00,0.4131
2014-10-16 10:30:00,0.479075
2014-10-17 10:30:00,0.5044625
2014-10-18 10:30:00,0.465175
2014-10-19 10:30:00,0.305
2014-10-20 10:30:00,0.3142375
2014-10-21 10:30:00,0.4125375
2014-10-22 10:30:00,0.453475
2014-10-23 10:30:00,0.543875
2014-10-24 10:30:00,0.5396375
2014-10-25 10:30:00,0.53209996
2014-10-26 10:30:00,0.4721125
2014-10-27 10:30:00,0.44263747
2014-10-28 10:30:00,0.43737498
2014-10-29 10:30:00,0.50755
2014-10-30 10:30:00,0.8903375
2014-10-31 10:30:00,0.91235
2014-11-01 10:30:00,0.6523625
2014-11-02 10:30:00,0.5884
2014-11-03 10:30:00,0.70708746
2014-11-04 10:30:00,0.69603753
2014-11-05 10:30:00,0.562025
2014-11-06 10:30:00,0.49209997
2014-11-07 10:30:00,0.4209
2014-11-08 10:30:00,0.489225
2014-11-09 10:30:00,0.44357502
2014-11-10 10:30:00,0.4722
2014-11-11 10:30:00,0.4296375
2014-11-12 10:30:00,0.40741247
2014-11-13 10:30:00,0.47315
2014-11-14 10:30:00,0.503425
2014-11-15 10:30:00,0.6189
2014-11-16 10:30:00,0.6345625
2014-11-17 10:30:00,0.57229996
2014-11-18 10:30:00,0.54174995
2014-11-19 10:30:00,0.6909125
2014-11-20 10:30:00,0.6615625
2014-11-21 10:30:00,0.5787
2014-11-22 10:30:00,0.624325
2014-11-23 10:30:00,0.5153
2014-11-24 10:30:00,0.607225
2014-11-25 10:30:00,0.53072494
2014-11-26 10:30:00,0.38795
2014-11-27 10:30:00,0.47498748
2014-11-28 10:30:00,0.60381246
2014-11-29 10:30:00,0.666275
2014-11-30 10:30:00,0.46400002
2014-12-01 10:30:00,0.305425
2014-12-02 10:30:00,0.3403875
2014-12-03 10:30:00,0.3849
2014-12-04 10:30:00,0.4443
2014-12-05 10:30:00,0.455375
2014-12-06 10:30:00,0.50979996
2014-12-07 10:30:00,0.55207497
2014-12-08 10:30:00,0.56023747
2014-12-09 10:30:00,0.6032875
2014-12-10 10:30:00,0.7581875
2014-12-11 10:30:00,0.61992496
2014-12-12 10:30:00,0.5388375
2014-12-13 10:30:00,0.6161375
2014-12-14 10:30:00,0.7210125
2014-12-15 10:30:00,0.58432496
2014-12-16 10:30:00,0.5485375
2014-12-17 10:30:00,0.692775
2014-12-18 10:30:00,0.751725
2014-12-19 10:30:00,0.6039625
2014-12-20 10:30:00,0.5619125
2014-12-21 10:30:00,0.6540625
2014-12-22 10:30:00,0.7769625
2014-12-23 10:30:00,0.6128
2014-12-24 10:30:00,0.64449996
2014-12-25 10:30:00,0.59575
2014-12-26 10:30:00,0.73665
2014-12-27 10:30:00,0.64356244
2014-12-28 10:30:00,0.64911246
2014-12-29 10:30:00,0.751
2014-12-30 10:30:00,0.5939625
2014-12-31 10:30:00,0.50159997
2015-01-01 10:30:00,0.5215625
2015-01-02 10:30:00,0.641
2015-01-03 10:30:00,0.60877496
2015-01-04 10:30:00,0.6994
2015-01-05 10:30:00,0.39576247
2015-01-06 10:30:00,0.35253748
2015-01-07 10:30:00,0.56501245
2015-01-08 10:30:00,0.64981246
2015-01-09 10:30:00,0.683375
2015-01-10 10:30:00,0.6217875
2015-01-11 10:30:00,0.64926255
2015-01-12 10:30:00,0.6607125
2015-01-13 10:30:00,0.6672999
2015-01-14 10:30:00,0.76433754
2015-01-15 10:30:00,0.76145005
2015-01-16 10:30:00,0.50255
2015-01-17 10:30:00,0.595525
2015-01-18 10:30:00,0.7312625
2015-01-19 10:30:00,0.68004996
2015-01-20 10:30:00,0.72638744
2015-01-21 10:30:00,0.70208746
2015-01-22 10:30:00,0.70114994
2015-01-23 10:30:00,0.6225375
2015-01-24 10:30:00,0.6402625
2015-01-25 10:30:00,0.47105
2015-01-26 10:30:00,0.4169
2015-01-27 10:30:00,0.4513
2015-01-28 10:30:00,0.49081248
2015-01-29 10:30:00,0.47417498
2015-01-30 10:30:00,0.473875
2015-01-31 10:30:00,0.51441246
2015-02-01 10:30:00,0.5878375
2015-02-02 10:30:00,0.5583375
2015-02-03 10:30:00,0.581225
2015-02-04 10:30:00,0.5432875
2015-02-05 10:30:00,0.571675
2015-02-06 10:30:00,0.3779875
2015-02-07 10:30:00,0.302275
2015-02-08 10:30:00,0.36805
2015-02-09 10:30:00,0.49901247
2015-02-10 10:30:00,0.4080125
2015-02-11 10:30:00,0.4768375
2015-02-12 10:30:00,0.4528125
2015-02-13 10:30:00,0.553325
2015-02-14 10:30:00,0.59295
2015-02-15 10:30:00,0.5288625
2015-02-16 10:30:00,0.6523
2015-02-17 10:30:00,0.4495125
2015-02-18 10:30:00,0.43882498
2015-02-19 10:30:00,0.47146252
2015-02-20 10:30:00,0.5163625
2015-02-21 10:30:00,0.84456253
2015-02-22 10:30:00,0.545825
2015-02-23 10:30:00,0.42694998
2015-02-24 10:30:00,0.51656246
2015-02-25 10:30:00,0.5158
2015-02-26 10:30:00,0.543275
2015-02-27 10:30:00,0.47257498
2015-02-28 10:30:00,0.51673746
2015-03-01 10:30:00,0.506375
2015-03-02 10:30:00,0.441975
2015-03-03 10:30:00,0.51336247
2015-03-04 10:30:00,0.395275
2015-03-05 10:30:00,0.374575
2015-03-06 10:30:00,0.30368748
2015-03-07 10:30:00,0.3522125
2015-03-08 10:30:00,0.39154997
2015-03-09 10:30:00,0.3399875
2015-03-10 10:30:00,0.317825
2015-03-11 10:30:00,0.35342497
2015-03-12 10:30:00,0.48233747
2015-03-13 10:30:00,0.460975
2015-03-14 10:30:00,0.392225
2015-03-15 10:30:00,0.34947497
2015-03-16 10:30:00,0.31436247
2015-03-17 10:30:00,0.32279998
2015-03-18 10:30:00,0.4201
2015-03-19 10:30:00,0.3340375
2015-03-20 10:30:00,0.30045
2015-03-21 10:30:00,0.2280125
2015-03-22 10:30:00,0.25555
2015-03-23 10:30:00,0.3105875
2015-03-24 10:30:00,0.3427875
2015-03-25 10:30:00,0.22323748
2015-03-26 10:30:00,0.1970375
2015-03-27 10:30:00,0.378
2015-03-28 10:30:00,0.4048
2015-03-29 10:30:00,0.3137625
2015-03-30 10:30:00,0.39264998
2015-03-31 10:30:00,0.2253875
2015-04-01 10:30:00,0.2273625
2015-04-02 10:30:00,0.8271875
2015-04-03 10:30:00,0.560875
2015-04-04 10:30:00,0.85088754
2015-04-05 10:30:00,0.57147497
2015-04-06 10:30:00,0.5610125
2015-04-07 10:30:00,0.5802875
2015-04-08 10:30:00,0.65355
2015-04-09 10:30:00,0.537275
2015-04-10 10:30:00,0.4659
2015-04-11 10:30:00,0.4363875
2015-04-12 10:30:00,0.3472625
2015-04-13 10:30:00,0.29036248
2015-04-14 10:30:00,0.3780125
2015-04-15 10:30:00,0.434425
2015-04-16 10:30:00,0.35055
2015-04-17 10:30:00,0.2557875
2015-04-18 10:30:00,0.2353625
2015-04-19 10:30:00,0.23145
2015-04-20 10:30:00,0.253575
2015-04-21 10:30:00,0.27182502
2015-04-22 10:30:00,0.31028748
2015-04-23 10:30:00,0.3863625
2015-04-24 10:30:00,0.29874998
2015-04-25 10:30:00,0.3362125
2015-04-26 10:30:00,0.3128625
2015-04-27 10:30:00,0.2851375
2015-04-28 10:30:00,0.360725
2015-04-29 10:30:00,0.1895375
2015-04-30 10:30:00,0.0770875
2015-05-01 10:30:00,0.4138
2015-05-02 10:30:00,0.37596253
2015-05-03 10:30:00,0.30996248
2015-05-04 10:30:00,0.224675
2015-05-05 10:30:00,0.360825
2015-05-06 10:30:00,0.354925
2015-05-07 10:30:00,0.88974994
2015-05-08 10:30:00,0.6450499
2015-05-09 10:30:00,0.4619875
2015-05-10 10:30:00,0.4646375
2015-05-11 10:30:00,0.87125
2015-05-12 10:30:00,0.827975
2015-05-13 10:30:00,0.6131875
2015-05-14 10:30:00,0.20899999
2015-05-15 10:30:00,0.2290625
2015-05-16 10:30:00,0.29015
2015-05-17 10:30:00,0.5557
2015-05-18 10:30:00,0.6768
2015-05-19 10:30:00,0.63513744
2015-05-20 10:30:00,0.3613625
2015-05-21 10:30:00,0.3547875
2015-05-22 10:30:00,0.26271248
2015-05-23 10:30:00,0.36679998
2015-05-24 10:30:00,0.35252497
2015-05-25 10:30:00,0.63827497
2015-05-26 10:30:00,0.5809
2015-05-27 10:30:00,0.52375
2015-05-28 10:30:00,0.7497625
2015-05-29 10:30:00,0.64019996
2015-05-30 10:30:00,0.530775
2015-05-31 10:30:00,0.5919875
2015-06-01 10:30:00,0.50177497
2015-06-02 10:30:00,0.51919997
2015-06-03 10:30:00,0.436025
2015-06-04 10:30:00,0.6398625
2015-06-05 10:30:00,0.93095
2015-06-06 10:30:00,0.79246247
2015-06-07 10:30:00,0.6149
2015-06-08 10:30:00,0.671825
2015-06-09 10:30:00,0.68293744
2015-06-10 10:30:00,0.80903745
2015-06-11 10:30:00,0.925725
2015-06-12 10:30:00,0.93732494
2015-06-13 10:30:00,0.805775
2015-06-14 10:30:00,0.6736
2015-06-15 10:30:00,0.5623125
2015-06-16 10:30:00,0.7461
2015-06-17 10:30:00,0.9426
2015-06-18 10:30:00,0.965125
2015-06-19 10:30:00,0.77348745
2015-06-20 10:30:00,0.6683125
2015-06-21 10:30:00,0.624675
2015-06-22 10:30:00,0.7229125
2015-06-23 10:30:00,0.812975
2015-06-24 10:30:00,0.8637999
2015-06-25 10:30:00,0.62505
2015-06-26 10:30:00,0.6210625
2015-06-27 10:30:00,0.7461125
2015-06-28 10:30:00,0.7468
2015-06-29 10:30:00,0.55315
2015-06-30 10:30:00,0.88955
2015-07-01 10:30:00,0.82264996
2015-07-02 10:30:00,0.9005875
2015-07-03 10:30:00,0.75839996
2015-07-04 10:30:00,0.70738745
2015-07-05 10:30:00,0.6942875
2015-07-06 10:30:00,0.66926247
2015-07-07 10:30:00,0.67415
2015-07-08 10:30:00,0.676075
2015-07-09 10:30:00,0.7485875
2015-07-10 10:30:00,0.70926243
2015-07-11 10:30:00,0.8107375
2015-07-12 10:30:00,0.75224996
2015-07-13 10:30:00,0.72449994
2015-07-14 10:30:00,0.8171375
2015-07-15 10:30:00,0.8809625
2015-07-16 10:30:00,0.87755
2015-07-17 10:30:00,0.87595
2015-07-18 10:30:00,0.819475
2015-07-19 10:30:00,0.80702496
2015-07-20 10:30:00,0.8350375
2015-07-21 10:30:00,0.92695
2015-07-22 10:30:00,0.8769
2015-07-23 10:30:00,0.8712625
2015-07-24 10:30:00,0.8743
2015-07-25 10:30:00,0.8884625
2015-07-26 10:30:00,0.77217495
2015-07-27 10:30:00,0.661175
2015-07-28 10:30:00,0.7021499
2015-07-29 10:30:00,0.90089995
2015-07-30 10:30:00,0.781725
2015-07-31 10:30:00,0.74522495
2015-08-01 10:30:00,0.7129875
2015-08-02 10:30:00,0.65505
2015-08-03 10:30:00,0.69927496
2015-08-04 10:30:00,0.73115
2015-08-05 10:30:00,0.7726
2015-08-06 10:30:00,0.76794994
2015-08-07 10:30:00,0.8167375
2015-08-08 10:30:00,0.805025
2015-08-09 10:30:00,0.923375
2015-08-10 10:30:00,0.75136244
2015-08-11 10:30:00,0.77925
2015-08-12 10:30:00,0.7781125
2015-08-13 10:30:00,0.7033875
2015-08-14 10:30:00,0.77888745
2015-08-15 10:30:00,0.8594125
2015-08-16 10:30:00,0.8915875
2015-08-17 10:30:00,0.84737504
2015-08-18 10:30:00,0.8659875
2015-08-19 10:30:00,0.8475625
2015-08-20 10:30:00,0.95234996
2015-08-21 10:30:00,0.8767375
2015-08-22 10:30:00,0.87474996
2015-08-23 10:30:00,0.90741247
2015-08-24 10:30:00,0.923975
2015-08-25 10:30:00,0.90472496
2015-08-26 10:30:00,0.833025
2015-08-27 10:30:00,0.7661374
2015-08-28 10:30:00,0.8799
2015-08-29 10:30:00,0.88243747
2015-08-30 10:30:00,0.9348124
2015-08-31 10:30:00,0.939775
2015-09-01 10:30:00,0.83476245
2015-09-02 10:30:00,0.780025
2015-09-03 10:30:00,0.7296875
2015-09-04 10:30:00,0.8289875
2015-09-05 10:30:00,0.79699993
2015-09-06 10:30:00,0.73429996
2015-09-07 10:30:00,0.936
2015-09-08 10:30:00,0.8787875
2015-09-09 10:30:00,0.6881375
2015-09-10 10:30:00,0.66138744
2015-09-11 10:30:00,0.65973747
2015-09-12 10:30:00,0.77841246
2015-09-13 10:30:00,0.7664875
2015-09-14 10:30:00,0.654125
2015-09-15 10:30:00,0.70485
2015-09-16 10:30:00,0.731375
2015-09-17 10:30:00,0.95323753
2015-09-18 10:30:00,0.8326375
2015-09-19 10:30:00,0.71692497
2015-09-20 10:30:00,0.79305
2015-09-21 10:30:00,0.7147125
2015-09-22 10:30:00,0.9777375
2015-09-23 10:30:00,0.8608874
2015-09-24 10:30:00,0.92762494
2015-09-25 10:30:00,0.74785
2015-09-26 10:30:00,0.72293746
2015-09-27 10:30:00,0.7078499
2015-09-28 10:30:00,0.66339993
2015-09-29 10:30:00,0.697025
2015-09-30 10:30:00,0.7827375
2015-10-01 10:30:00,0.5872375
2015-10-02 10:30:00,0.44875
2015-10-03 10:30:00,0.49510002
2015-10-04 10:30:00,0.541775
2015-10-05 10:30:00,0.5521
2015-10-06 10:30:00,0.5495375
2015-10-07 10:30:00,0.436175
2015-10-08 10:30:00,0.5448125
2015-10-09 10:30:00,0.613275
2015-10-10 10:30:00,0.911325
2015-10-11 10:30:00,0.5027625
2015-10-12 10:30:00,0.6091875
2015-10-13 10:30:00,0.6634375
2015-10-14 10:30:00,0.68395
2015-10-15 10:30:00,0.5031625
2015-10-16 10:30:00,0.4402875
2015-10-17 10:30:00,0.333025
2015-10-18 10:30:00,0.3426875
2015-10-19 10:30:00,0.37592497
2015-10-20 10:30:00,0.45363748
2015-10-21 10:30:00,0.39264998
2015-10-22 10:30:00,0.4369625
2015-10-23 10:30:00,0.24788749
2015-10-24 10:30:00,0.31088752
2015-10-25 10:30:00,0.36904997
2015-10-26 10:30:00,0.5106625
2015-10-27 10:30:00,0.43886247
2015-10-28 10:30:00,0.4472875
2015-10-29 10:30:00,0.48685
2015-10-30 10:30:00,0.47395
2015-10-31 10:30:00,0.456725
2015-11-01 10:30:00,0.33276248
2015-11-02 10:30:00,0.49092498
2015-11-03 10:30:00,0.32701248
2015-11-04 10:30:00,0.3889625
2015-11-05 10:30:00,0.34362498
2015-11-06 10:30:00,0.52857494
2015-11-07 10:30:00,0.52715
2015-11-08 10:30:00,0.66365
2015-11-09 10:30:00,0.74382496
2015-11-10 10:30:00,0.74083745
2015-11-11 10:30:00,0.79055
2015-11-12 10:30:00,0.82256246
2015-11-13 10:30:00,0.79372495
2015-11-14 10:30:00,0.68502504
2015-11-15 10:30:00,0.38268748
2015-11-16 10:30:00,0.70832497
2015-11-17 10:30:00,0.630075
2015-11-18 10:30:00,0.79088753
2015-11-19 10:30:00,0.77535003
2015-11-20 10:30:00,0.7391375
2015-11-21 10:30:00,0.664325
2015-11-22 10:30:00,0.659625
2015-11-23 10:30:00,0.62874997
2015-11-24 10:30:00,0.66701245
2015-11-25 10:30:00,0.66335
2015-11-26 10:30:00,0.6908625
2015-11-27 10:30:00,0.74632496
2015-11-28 10:30:00,0.7215625
2015-11-29 10:30:00,0.6926249
2015-11-30 10:30:00,0.7507875
2015-12-01 10:30:00,0.82256246
2015-12-02 10:30:00,0.8130124
2015-12-03 10:30:00,0.58215
2015-12-04 10:30:00,0.5729375
2015-12-05 10:30:00,0.5945375
2015-12-06 10:30:00,0.6775875
2015-12-07 10:30:00,0.73004997
2015-12-08 10:30:00,0.6971125
2015-12-09 10:30:00,0.75036246
2015-12-10 10:30:00,0.629925
2015-12-11 10:30:00,0.6611875
2015-12-12 10:30:00,0.59166247
2015-12-13 10:30:00,0.7147625
2015-12-14 10:30:00,0.7413625
2015-12-15 10:30:00,0.609675
2015-12-16 10:30:00,0.5920375
2015-12-17 10:30:00,0.624225
2015-12-18 10:30:00,0.7176125
2015-12-19 10:30:00,0.6253125
2015-12-20 10:30:00,0.7486875
2015-12-21 10:30:00,0.7392375
2015-12-22 10:30:00,0.6724875
2015-12-23 10:30:00,0.55939996
2015-12-24 10:30:00,0.6339
2015-12-25 10:30:00,0.63414997
2015-12-26 10:30:00,0.42345
2015-12-27 10:30:00,0.4785625
2015-12-28 10:30:00,0.5399625
2015-12-29 10:30:00,0.75722504
2015-12-30 10:30:00,0.69623744
2015-12-31 10:30:00,0.699525
2016-01-01 10:30:00,0.63191247
2016-01-02 10:30:00,0.72815
2016-01-03 10:30:00,0.5930875
2016-01-04 10:30:00,0.53319997
2016-01-05 10:30:00,0.6382875
2016-01-06 10:30:00,0.560125
2016-01-07 10:30:00,0.584275
2016-01-08 10:30:00,0.6121625
2016-01-09 10:30:00,0.5825875
2016-01-10 10:30:00,0.47277498
2016-01-11 10:30:00,0.514375
2016-01-12 10:30:00,0.57019997
2016-01-13 10:30:00,0.5870375
2016-01-14 10:30:00,0.654025
2016-01-15 10:30:00,0.71497494
2016-01-16 10:30:00,0.637375
2016-01-17 10:30:00,0.537
2016-01-18 10:30:00,0.5478875
2016-01-19 10:30:00,0.5721875
2016-01-20 10:30:00,0.6010625
2016-01-21 10:30:00,0.530125
2016-01-22 10:30:00,0.4827875
2016-01-23 10:30:00,0.4867
2016-01-24 10:30:00,0.45413747
2016-01-25 10:30:00,0.48037496
2016-01-26 10:30:00,0.50065
2016-01-27 10:30:00,0.5236375
2016-01-28 10:30:00,0.482275
2016-01-29 10:30:00,0.49101248
2016-01-30 10:30:00,0.49419996
2016-01-31 10:30:00,0.545775
2016-02-01 10:30:00,0.5146125
2016-02-02 10:30:00,0.5056125
2016-02-03 10:30:00,0.5024
2016-02-04 10:30:00,0.52215
2016-02-05 10:30:00,0.55987495
2016-02-06 10:30:00,0.59134996
2016-02-07 10:30:00,0.571675
2016-02-08 10:30:00,0.595625
2016-02-09 10:30:00,0.68044996
2016-02-10 10:30:00,0.66445
2016-02-11 10:30:00,0.6540375
2016-02-12 10:30:00,0.46299997
2016-02-13 10:30:00,0.43465
2016-02-14 10:30:00,0.43941247
2016-02-15 10:30:00,0.5318
2016-02-16 10:30:00,0.53319997
2016-02-17 10:30:00,0.5528875
2016-02-18 10:30:00,0.51731247
2016-02-19 10:30:00,0.524125
2016-02-20 10:30:00,0.47342497
2016-02-21 10:30:00,0.4420875
2016-02-22 10:30:00,0.438225
2016-02-23 10:30:00,0.4783
2016-02-24 10:30:00,0.47933748
2016-02-25 10:30:00,0.506725
2016-02-26 10:30:00,0.4636
2016-02-27 10:30:00,0.43580002
2016-02-28 10:30:00,0.515175
2016-02-29 10:30:00,0.5035
2016-03-01 10:30:00,0.53865
2016-03-02 10:30:00,0.68434995
2016-03-03 10:30:00,0.701275
2016-03-04 10:30:00,0.7463
2016-03-05 10:30:00,0.5892375
2016-03-06 10:30:00,0.5091875
2016-03-07 10:30:00,0.4438125
2016-03-08 10:30:00,0.4751125
2016-03-09 10:30:00,0.4901875
2016-03-10 10:30:00,0.5414625
2016-03-11 10:30:00,0.53078747
2016-03-12 10:30:00,0.41248748
2016-03-13 10:30:00,0.46109998
2016-03-14 10:30:00,0.5486
2016-03-15 10:30:00,0.45478746
2016-03-16 10:30:00,0.4477125
2016-03-17 10:30:00,0.460475
2016-03-18 10:30:00,0.54737496
2016-03-19 10:30:00,0.4678
2016-03-20 10:30:00,0.35513747
2016-03-21 10:30:00,0.628625
2016-03-22 10:30:00,0.3840625
2016-03-23 10:30:00,0.367275
2016-03-24 10:30:00,0.36471248
2016-03-25 10:30:00,0.3646375
2016-03-26 10:30:00,0.3323875
2016-03-27 10:30:00,0.309
2016-03-28 10:30:00,0.3173
2016-03-29 10:30:00,0.4897375
2016-03-30 10:30:00,0.3495
2016-03-31 10:30:00,0.37456247
2016-04-01 10:30:00,0.5257625
2016-04-02 10:30:00,0.3739875
2016-04-03 10:30:00,0.4269625
2016-04-04 10:30:00,0.4441875
2016-04-05 10:30:00,0.37566248
2016-04-06 10:30:00,0.37812498
2016-04-07 10:30:00,0.22308749
2016-04-08 10:30:00,0.2056125
2016-04-09 10:30:00,0.229125
2016-04-10 10:30:00,0.32904997
2016-04-11 10:30:00,0.52643746
2016-04-12 10:30:00,0.35117498
2016-04-13 10:30:00,0.8837249
2016-04-14 10:30:00,0.5822875
2016-04-15 10:30:00,0.72278744
2016-04-16 10:30:00,0.86585
2016-04-17 10:30:00,0.492825
2016-04-18 10:30:00,0.5245375
2016-04-19 10:30:00,0.306425
2016-04-20 10:30:00,0.320975
2016-04-21 10:30:00,0.37252498
2016-04-22 10:30:00,0.5307125
2016-04-23 10:30:00,0.37421247
2016-04-24 10:30:00,0.55466247
2016-04-25 10:30:00,0.38415
2016-04-26 10:30:00,0.46846247
2016-04-27 10:30:00,0.6054875
2016-04-28 10:30:00,0.36764997
2016-04-29 10:30:00,0.49034998
2016-04-30 10:30:00,0.4697
2016-05-01 10:30:00,0.6704125
2016-05-02 10:30:00,0.358825
2016-05-03 10:30:00,0.2673375
2016-05-04 10:30:00,0.1876625
2016-05-05 10:30:00,0.5764
2016-05-06 10:30:00,0.600975
2016-05-07 10:30:00,0.21514998
2016-05-08 10:30:00,0.40055
2016-05-09 10:30:00,0.35018748
2016-05-10 10:30:00,0.1835625
2016-05-11 10:30:00,0.6097375
2016-05-12 10:30:00,0.38938752
2016-05-13 10:30:00,0.311725
2016-05-14 10:30:00,0.3876625
2016-05-15 10:30:00,0.304675
2016-05-16 10:30:00,0.32709998
2016-05-17 10:30:00,0.12426249
2016-05-18 10:30:00,0.25845
2016-05-19 10:30:00,0.2309625
2016-05-20 10:30:00,0.3401625
2016-05-21 10:30:00,0.393525
2016-05-22 10:30:00,0.35809997
2016-05-23 10:30:00,0.6572
2016-05-24 10:30:00,0.851025
2016-05-25 10:30:00,0.570225
2016-05-26 10:30:00,0.45305
2016-05-27 10:30:00,0.4065
2016-05-28 10:30:00,0.3532
2016-05-29 10:30:00,0.402975
2016-05-30 10:30:00,0.51866245
2016-05-31 10:30:00,0.503375
2016-06-01 10:30:00,0.44053748
2016-06-02 10:30:00,0.4759375
2016-06-03 10:30:00,0.43676248
2016-06-04 10:30:00,0.4614375
2016-06-05 10:30:00,0.46239996
2016-06-06 10:30:00,0.50861245
2016-06-07 10:30:00,0.5520125
2016-06-08 10:30:00,0.4616125
2016-06-09 10:30:00,0.7066375
2016-06-10 10:30:00,0.82606244
2016-06-11 10:30:00,0.674175
2016-06-12 10:30:00,0.7236125
2016-06-13 10:30:00,0.65569997
2016-06-14 10:30:00,0.6257125
2016-06-15 10:30:00,0.6170875
2016-06-16 10:30:00,0.7248375
2016-06-17 10:30:00,0.7590249
2016-06-18 10:30:00,0.74466246
2016-06-19 10:30:00,0.6743125
2016-06-20 10:30:00,0.754925
2016-06-21 10:30:00,0.597675
2016-06-22 10:30:00,0.854775
2016-06-23 10:30:00,0.68694997
2016-06-24 10:30:00,0.6523375
2016-06-25 10:30:00,0.6285
2016-06-26 10:30:00,0.5575375
2016-06-27 10:30:00,0.65769994
2016-06-28 10:30:00,0.8032625
2016-06-29 10:30:00,0.84989995
2016-06-30 10:30:00,0.7515
2016-07-01 10:30:00,0.58893746
2016-07-02 10:30:00,0.6723375
2016-07-03 10:30:00,0.6485375
2016-07-04 10:30:00,0.5113375
2016-07-05 10:30:00,0.498925
2016-07-06 10:30:00,0.56549996
2016-07-07 10:30:00,0.6368125
2016-07-08 10:30:00,0.7308625
2016-07-09 10:30:00,0.6925
2016-07-10 10:30:00,0.4264125
2016-07-11 10:30:00,0.6583125
2016-07-12 10:30:00,0.71082497
2016-07-13 10:30:00,0.57695
2016-07-14 10:30:00,0.5920625
2016-07-15 10:30:00,0.5464625
2016-07-16 10:30:00,0.55513746
2016-07-17 10:30:00,0.6249
2016-07-18 10:30:00,0.45794997
2016-07-19 10:30:00,0.65888745
2016-07-20 10:30:00,0.73856246
2016-07-21 10:30:00,0.71326244
2016-07-22 10:30:00,0.93464994
2016-07-23 10:30:00,0.797575
2016-07-24 10:30:00,0.631575
2016-07-25 10:30:00,0.7183625
2016-07-26 10:30:00,0.659075
2016-07-27 10:30:00,0.66011244
2016-07-28 10:30:00,0.70466244
2016-07-29 10:30:00,0.6313375
2016-07-30 10:30:00,0.71955
2016-07-31 10:30:00,0.79635
2016-08-01 10:30:00,0.63857496
2016-08-02 10:30:00,0.58537495
2016-08-03 10:30:00,0.5668125
2016-08-04 10:30:00,0.5731625
2016-08-05 10:30:00,0.65481246
2016-08-06 10:30:00,0.86043745
2016-08-07 10:30:00,0.5803125
2016-08-08 10:30:00,0.5554625
2016-08-09 10:30:00,0.775575
2016-08-10 10:30:00,0.63194996
2016-08-11 10:30:00,0.55195
2016-08-12 10:30:00,0.46592498
2016-08-13 10:30:00,0.5657875
2016-08-14 10:30:00,0.61829996
2016-08-15 10:30:00,0.57392496
2016-08-16 10:30:00,0.68885
2016-08-17 10:30:00,0.5344125
2016-08-18 10:30:00,0.69229996
2016-08-19 10:30:00,0.63019997
2016-08-20 10:30:00,0.8440125
2016-08-21 10:30:00,0.7175625
2016-08-22 10:30:00,0.627625
2016-08-23 10:30:00,0.7822625
2016-08-24 10:30:00,0.56114995
2016-08-25 10:30:00,0.438225
2016-08-26 10:30:00,0.5236375
2016-08-27 10:30:00,0.48573747
2016-08-28 10:30:00,0.47167498
2016-08-29 10:30:00,0.5029125
2016-08-30 10:30:00,0.47077498
2016-08-31 10:30:00,0.88363755
2016-09-01 10:30:00,0.9103624
2016-09-02 10:30:00,0.861175
2016-09-03 10:30:00,0.8376875
2016-09-04 10:30:00,0.90182495
2016-09-05 10:30:00,0.8672375
2016-09-06 10:30:00,0.80781245
2016-09-07 10:30:00,0.69476247
2016-09-08 10:30:00,0.8076999
2016-09-09 10:30:00,0.8844625
2016-09-10 10:30:00,0.83286244
2016-09-11 10:30:00,0.7662
2016-09-12 10:30:00,0.803275
2016-09-13 10:30:00,0.75497496
2016-09-14 10:30:00,0.8830625
2016-09-15 10:30:00,0.60728747
2016-09-16 10:30:00,0.7364625
2016-09-17 10:30:00,0.8564625
2016-09-18 10:30:00,0.6715
2016-09-19 10:30:00,0.55022496
2016-09-20 10:30:00,0.59463745
2016-09-21 10:30:00,0.6190125
2016-09-22 10:30:00,0.77187496
2016-09-23 10:30:00,0.7671375
2016-09-24 10:30:00,0.689225
2016-09-25 10:30:00,0.6186875
2016-09-26 10:30:00,0.7513
2016-09-27 10:30:00,0.7384375
2016-09-28 10:30:00,0.5941125
2016-09-29 10:30:00,0.6326375
2016-09-30 10:30:00,0.65271246
2016-10-01 10:30:00,0.5345875
2016-10-02 10:30:00,0.6148625
2016-10-03 10:30:00,0.598125
2016-10-04 10:30:00,0.6852875
2016-10-05 10:30:00,0.50756246
2016-10-06 10:30:00,0.44125
2016-10-07 10:30:00,0.8704875
2016-10-08 10:30:00,0.6329375
2016-10-09 10:30:00,0.62838745
2016-10-10 10:30:00,0.535425
2016-10-11 10:30:00,0.5242625
2016-10-12 10:30:00,0.58783746
2016-10-13 10:30:00,0.6186875
2016-10-14 10:30:00,0.596125
2016-10-15 10:30:00,0.6096625
2016-10-16 10:30:00,0.58547497
2016-10-17 10:30:00,0.55625
2016-10-18 10:30:00,0.4378
2016-10-19 10:30:00,0.612125
2016-10-20 10:30:00,0.40585
2016-10-21 10:30:00,0.78388745
2016-10-22 10:30:00,0.48921248
2016-10-23 10:30:00,0.5072875
2016-10-24 10:30:00,0.56444997
2016-10-25 10:30:00,0.6096875
2016-10-26 10:30:00,0.54735
2016-10-27 10:30:00,0.52678746
2016-10-28 10:30:00,0.49026248
2016-10-29 10:30:00,0.495125
2016-10-30 10:30:00,0.46066248
2016-10-31 10:30:00,0.42886248
2016-11-01 10:30:00,0.48561248
2016-11-02 10:30:00,0.5399
2016-11-03 10:30:00,0.65622497
2016-11-04 10:30:00,0.81165
2016-11-05 10:30:00,0.66058755
2016-11-06 10:30:00,0.7014875
2016-11-07 10:30:00,0.66358745
2016-11-08 10:30:00,0.59842503
2016-11-09 10:30:00,0.672125
2016-11-10 10:30:00,0.735425
2016-11-11 10:30:00,0.624
2016-11-12 10:30:00,0.653375
2016-11-13 10:30:00,0.77722496
2016-11-14 10:30:00,0.59688747
2016-11-15 10:30:00,0.688775
2016-11-16 10:30:00,0.705175
2016-11-17 10:30:00,0.645475
2016-11-18 10:30:00,0.757525
2016-11-19 10:30:00,0.604925
2016-11-20 10:30:00,0.501275
2016-11-21 10:30:00,0.52475
2016-11-22 10:30:00,0.5965
2016-11-23 10:30:00,0.5506875
2016-11-24 10:30:00,0.6663375
2016-11-25 10:30:00,0.6990125
2016-11-26 10:30:00,0.64573747
2016-11-27 10:30:00,0.5944375
2016-11-28 10:30:00,0.60232496
2016-11-29 10:30:00,0.70436245
2016-11-30 10:30:00,0.57156247
2016-12-01 10:30:00,0.54302496
2016-12-02 10:30:00,0.6845125
2016-12-03 10:30:00,0.54561245
2016-12-04 10:30:00,0.522725
2016-12-05 10:30:00,0.624225
2016-12-06 10:30:00,0.70226246
2016-12-07 10:30:00,0.6706625
2016-12-08 10:30:00,0.62735
2016-12-09 10:30:00,0.5628625
2016-12-10 10:30:00,0.66085
2016-12-11 10:30:00,0.66108745
2016-12-12 10:30:00,0.5498875
2016-12-13 10:30:00,0.5423875
2016-12-14 10:30:00,0.5500125
2016-12-15 10:30:00,0.50925
2016-12-16 10:30:00,0.6336
2016-12-17 10:30:00,0.52889997
2016-12-18 10:30:00,0.68004996
2016-12-19 10:30:00,0.71718746
2016-12-20 10:30:00,0.6961374
2016-12-21 10:30:00,0.67419994
2016-12-22 10:30:00,0.520325
2016-12-23 10:30:00,0.5866
2016-12-24 10:30:00,0.69315
2016-12-25 10:30:00,0.53265
2016-12-26 10:30:00,0.4445125
2016-12-27 10:30:00,0.5473
2016-12-28 10:30:00,0.5038375
2016-12-29 10:30:00,0.5287
2016-12-30 10:30:00,0.588175
2016-12-31 10:30:00,0.64607495
2017-01-01 10:30:00,0.6547125
2017-01-02 10:30:00,0.63796246
2017-01-03 10:30:00,0.61135
2017-01-04 10:30:00,0.69724995
2017-01-05 10:30:00,0.68576247
2017-01-06 10:30:00,0.649
2017-01-07 10:30:00,0.6929
2017-01-08 10:30:00,0.4880875
2017-01-09 10:30:00,0.4364375
2017-01-10 10:30:00,0.48471248
2017-01-11 10:30:00,0.4980875
2017-01-12 10:30:00,0.42569998
2017-01-13 10:30:00,0.49314997
2017-01-14 10:30:00,0.59139997
2017-01-15 10:30:00,0.549025
2017-01-16 10:30:00,0.62857497
2017-01-17 10:30:00,0.68003744
2017-01-18 10:30:00,0.53195
2017-01-19 10:30:00,0.5327
2017-01-20 10:30:00,0.514175
2017-01-21 10:30:00,0.5435625
2017-01-22 10:30:00,0.49830002
2017-01-23 10:30:00,0.4748875
2017-01-24 10:30:00,0.4924625
2017-01-25 10:30:00,0.6107375
2017-01-26 10:30:00,0.48974997
2017-01-27 10:30:00,0.5056
2017-01-28 10:30:00,0.588875
2017-01-29 10:30:00,0.47715
2017-01-30 10:30:00,0.44715
2017-01-31 10:30:00,0.40897498
2017-02-01 10:30:00,0.4210125
2017-02-02 10:30:00,0.46580002
2017-02-03 10:30:00,0.54271245
2017-02-04 10:30:00,0.533125
2017-02-05 10:30:00,0.573675
2017-02-06 10:30:00,0.502675
2017-02-07 10:30:00,0.554025
2017-02-08 10:30:00,0.4799375
2017-02-09 10:30:00,0.49226248
2017-02-10 10:30:00,0.47702497
2017-02-11 10:30:00,0.4483
2017-02-12 10:30:00,0.51506245
2017-02-13 10:30:00,0.5154875
2017-02-14 10:30:00,0.538625
2017-02-15 10:30:00,0.49829996
2017-02-16 10:30:00,0.4035875
2017-02-17 10:30:00,0.3494125
2017-02-18 10:30:00,0.3812125
2017-02-19 10:30:00,0.59318745
2017-02-20 10:30:00,0.47131246
2017-02-21 10:30:00,0.6177375
2017-02-22 10:30:00,0.45119998
2017-02-23 10:30:00,0.49224997
2017-02-24 10:30:00,0.602925
2017-02-25 10:30:00,0.5721875
2017-02-26 10:30:00,0.6507
2017-02-27 10:30:00,0.569175
2017-02-28 10:30:00,0.4473875
2017-03-01 10:30:00,0.4150125
2017-03-02 10:30:00,0.44779998
2017-03-03 10:30:00,0.47823748
2017-03-04 10:30:00,0.433175
2017-03-05 10:30:00,0.4294375
2017-03-06 10:30:00,0.4381
2017-03-07 10:30:00,0.4437625
2017-03-08 10:30:00,0.43330002
2017-03-09 10:30:00,0.48498747
2017-03-10 10:30:00,0.48665
2017-03-11 10:30:00,0.454525
2017-03-12 10:30:00,0.3753375
2017-03-13 10:30:00,0.44467497
2017-03-14 10:30:00,0.4787625
2017-03-15 10:30:00,0.43627498
2017-03-16 10:30:00,0.3860625
2017-03-17 10:30:00,0.3799125
2017-03-18 10:30:00,0.341
2017-03-19 10:30:00,0.3414875
2017-03-20 10:30:00,0.4441875
2017-03-21 10:30:00,0.3907125
2017-03-22 10:30:00,0.38971248
2017-03-23 10:30:00,0.42318746
2017-03-24 10:30:00,0.3716
2017-03-25 10:30:00,0.34798747
2017-03-26 10:30:00,0.53894997
2017-03-27 10:30:00,0.4225875
2017-03-28 10:30:00,0.432
2017-03-29 10:30:00,0.547925
2017-03-30 10:30:00,0.50045
2017-03-31 10:30:00,0.323325
2017-04-01 10:30:00,0.309425
2017-04-02 10:30:00,0.298525
2017-04-03 10:30:00,0.31061247
2017-04-04 10:30:00,0.3001375
2017-04-05 10:30:00,0.398925
2017-04-06 10:30:00,0.3791
2017-04-07 10:30:00,0.34853747
2017-04-08 10:30:00,0.3005875
2017-04-09 10:30:00,0.24562499
2017-04-10 10:30:00,0.21065
2017-04-11 10:30:00,0.225625
2017-04-12 10:30:00,0.23159999
2017-04-13 10:30:00,0.2361375
2017-04-14 10:30:00,0.23295
2017-04-15 10:30:00,0.1675875
2017-04-16 10:30:00,0.3135375
2017-04-17 10:30:00,0.52685
2017-04-18 10:30:00,0.4164125
2017-04-19 10:30:00,0.32936248
2017-04-20 10:30:00,0.3462
2017-04-21 10:30:00,0.24122499
2017-04-22 10:30:00,0.27763748
2017-04-23 10:30:00,0.3983625
2017-04-24 10:30:00,0.71147496
2017-04-25 10:30:00,0.66621244
2017-04-26 10:30:00,0.4393875
2017-04-27 10:30:00,0.324425
2017-04-28 10:30:00,0.24174999
2017-04-29 10:30:00,0.22992499
2017-04-30 10:30:00,0.310625
2017-05-01 10:30:00,0.177425
2017-05-02 10:30:00,0.19337499
2017-05-03 10:30:00,0.37
2017-05-04 10:30:00,0.32994998
2017-05-05 10:30:00,0.633325
2017-05-06 10:30:00,0.313775
2017-05-07 10:30:00,0.49026248
2017-05-08 10:30:00,0.2656375
2017-05-09 10:30:00,0.22901249
2017-05-10 10:30:00,0.40886247
2017-05-11 10:30:00,0.53585
2017-05-12 10:30:00,0.4895
2017-05-13 10:30:00,0.6165125
2017-05-14 10:30:00,0.53435
2017-05-15 10:30:00,0.3007125
2017-05-16 10:30:00,0.3986375
2017-05-17 10:30:00,0.35678747
2017-05-18 10:30:00,0.1624625
2017-05-19 10:30:00,0.2931
2017-05-20 10:30:00,0.62023747
2017-05-21 10:30:00,0.76458746
2017-05-22 10:30:00,0.54995
2017-05-23 10:30:00,0.4091875
2017-05-24 10:30:00,0.469
2017-05-25 10:30:00,0.3712
2017-05-26 10:30:00,0.35022497
2017-05-27 10:30:00,0.324975
2017-05-28 10:30:00,0.22045
2017-05-29 10:30:00,0.26494998
2017-05-30 10:30:00,0.2800375
2017-05-31 10:30:00,0.3301875
2017-06-01 10:30:00,0.4729375
2017-06-02 10:30:00,0.664675
2017-06-03 10:30:00,0.561025
2017-06-04 10:30:00,0.4396875
2017-06-05 10:30:00,0.2734125
2017-06-06 10:30:00,0.5557125
2017-06-07 10:30:00,0.4915375
2017-06-08 10:30:00,0.4076625
2017-06-09 10:30:00,0.34377497
2017-06-10 10:30:00,0.456875
2017-06-11 10:30:00,0.54478747
2017-06-12 10:30:00,0.48833752
2017-06-13 10:30:00,0.3084625
2017-06-14 10:30:00,0.31055
2017-06-15 10:30:00,0.5548625
2017-06-16 10:30:00,0.516525
2017-06-17 10:30:00,0.5164625
2017-06-18 10:30:00,0.57234997
2017-06-19 10:30:00,0.5606375
2017-06-20 10:30:00,0.784725
2017-06-21 10:30:00,0.7703875
2017-06-22 10:30:00,0.51065
2017-06-23 10:30:00,0.4550125
2017-06-24 10:30:00,0.4960375
2017-06-25 10:30:00,0.556125
2017-06-26 10:30:00,0.5819
2017-06-27 10:30:00,0.56194997
2017-06-28 10:30:00,0.50065
2017-06-29 10:30:00,0.5729875
2017-06-30 10:30:00,0.66989994
2017-07-01 10:30:00,0.61465
2017-07-02 10:30:00,0.75996244
2017-07-03 10:30:00,0.5880125
2017-07-04 10:30:00,0.4802125
2017-07-05 10:30:00,0.5106875
2017-07-06 10:30:00,0.65161246
2017-07-07 10:30:00,0.78758746
2017-07-08 10:30:00,0.868275
2017-07-09 10:30:00,0.72341245
2017-07-10 10:30:00,0.80496246
2017-07-11 10:30:00,0.58346254
2017-07-12 10:30:00,0.54846245
2017-07-13 10:30:00,0.4764125
2017-07-14 10:30:00,0.44483748
2017-07-15 10:30:00,0.5990625
2017-07-16 10:30:00,0.53349996
2017-07-17 10:30:00,0.57044995
2017-07-18 10:30:00,0.559625
2017-07-19 10:30:00,0.4964125
2017-07-20 10:30:00,0.8645875
2017-07-21 10:30:00,0.59805
2017-07-22 10:30:00,0.51185
2017-07-23 10:30:00,0.65481246
2017-07-24 10:30:00,0.4452875
2017-07-25 10:30:00,0.398925
2017-07-26 10:30:00,0.8624875
2017-07-27 10:30:00,0.72061247
2017-07-28 10:30:00,0.591925
2017-07-29 10:30:00,0.796825
2017-07-30 10:30:00,0.8524375
2017-07-31 10:30:00,0.7115875
2017-08-01 10:30:00,0.8558625
2017-08-02 10:30:00,0.8894
2017-08-03 10:30:00,0.8750875
2017-08-04 10:30:00,0.79693747
2017-08-05 10:30:00,0.7564
2017-08-06 10:30:00,0.79219997
2017-08-07 10:30:00,0.8462
2017-08-08 10:30:00,0.79214996
2017-08-09 10:30:00,0.824125
2017-08-10 10:30:00,0.879225
2017-08-11 10:30:00,0.8182125
2017-08-12 10:30:00,0.7565
2017-08-13 10:30:00,0.82033753
2017-08-14 10:30:00,0.82023746
2017-08-15 10:30:00,0.87775
2017-08-16 10:30:00,0.84417504
2017-08-17 10:30:00,0.833125
2017-08-18 10:30:00,0.79309994
2017-08-19 10:30:00,0.773725
2017-08-20 10:30:00,0.768325
2017-08-21 10:30:00,0.62953746
2017-08-22 10:30:00,0.670675
2017-08-23 10:30:00,0.610075
2017-08-24 10:30:00,0.5070625
2017-08-25 10:30:00,0.538675
2017-08-26 10:30:00,0.62369996
2017-08-27 10:30:00,0.5653
2017-08-28 10:30:00,0.4136375
2017-08-29 10:30:00,0.3809
2017-08-30 10:30:00,0.55114996
2017-08-31 10:30:00,0.5872375
2017-09-01 10:30:00,0.6607625
2017-09-02 10:30:00,0.6110875
2017-09-03 10:30:00,0.85771245
2017-09-04 10:30:00,0.788925
2017-09-05 10:30:00,0.75404996
2017-09-06 10:30:00,0.6253375
2017-09-07 10:30:00,0.596975
2017-09-08 10:30:00,0.6538624
2017-09-09 10:30:00,0.67522496
2017-09-10 10:30:00,0.77044994
2017-09-11 10:30:00,0.4629
2017-09-12 10:30:00,0.6061125
2017-09-13 10:30:00,0.657225
2017-09-14 10:30:00,0.6744875
2017-09-15 10:30:00,0.90807503
2017-09-16 10:30:00,0.826575
2017-09-17 10:30:00,0.7601625
2017-09-18 10:30:00,0.668275
2017-09-19 10:30:00,0.72508746
2017-09-20 10:30:00,0.6934
2017-09-21 10:30:00,0.51401246
2017-09-22 10:30:00,0.6059875
2017-09-23 10:30:00,0.44428748
2017-09-24 10:30:00,0.51182497
2017-09-25 10:30:00,0.5934875
2017-09-26 10:30:00,0.38898748
2017-09-27 10:30:00,0.354575
2017-09-28 10:30:00,0.37873748
2017-09-29 10:30:00,0.34768748
2017-09-30 10:30:00,0.33374998
2017-10-01 10:30:00,0.37206247
2017-10-02 10:30:00,0.31276247
2017-10-03 10:30:00,0.3849
2017-10-04 10:30:00,0.390675
2017-10-05 10:30:00,0.44103748
2017-10-06 10:30:00,0.504575
2017-10-07 10:30:00,0.55333745
2017-10-08 10:30:00,0.882025
2017-10-09 10:30:00,0.7278375
2017-10-10 10:30:00,0.6038375
2017-10-11 10:30:00,0.65248746
2017-10-12 10:30:00,0.54760003
2017-10-13 10:30:00,0.44265
2017-10-14 10:30:00,0.47556245
2017-10-15 10:30:00,0.62095
2017-10-16 10:30:00,0.3902
2017-10-17 10:30:00,0.38924998
2017-10-18 10:30:00,0.347075
2017-10-19 10:30:00,0.4774125
2017-10-20 10:30:00,0.43745
2017-10-21 10:30:00,0.38755
2017-10-22 10:30:00,0.4808375
2017-10-23 10:30:00,0.46805
2017-10-24 10:30:00,0.423475
2017-10-25 10:30:00,0.4372375
2017-10-26 10:30:00,0.51958746
2017-10-27 10:30:00,0.5223375
2017-10-28 10:30:00,0.403725
2017-10-29 10:30:00,0.38913748
2017-10-30 10:30:00,0.382
2017-10-31 10:30:00,0.32643747
2017-11-01 10:30:00,0.4368
2017-11-02 10:30:00,0.506025
2017-11-03 10:30:00,0.387025
2017-11-04 10:30:00,0.42791247
2017-11-05 10:30:00,0.3611375
2017-11-06 10:30:00,0.5606875
2017-11-07 10:30:00,0.8641375
2017-11-08 10:30:00,0.74385
2017-11-09 10:30:00,0.72068745
2017-11-10 10:30:00,0.55271244
2017-11-11 10:30:00,0.6408125
2017-11-12 10:30:00,0.5974
2017-11-13 10:30:00,0.5141875
2017-11-14 10:30:00,0.4979
2017-11-15 10:30:00,0.5074
2017-11-16 10:30:00,0.54276246
2017-11-17 10:30:00,0.47982496
2017-11-18 10:30:00,0.5261125
2017-11-19 10:30:00,0.56378746
2017-11-20 10:30:00,0.6119
2017-11-21 10:30:00,0.5305375
2017-11-22 10:30:00,0.5339625
2017-11-23 10:30:00,0.4646375
2017-11-24 10:30:00,0.5466
2017-11-25 10:30:00,0.51568747
2017-11-26 10:30:00,0.53358746
2017-11-27 10:30:00,0.4584125
2017-11-28 10:30:00,0.3728
2017-11-29 10:30:00,0.35132498
2017-11-30 10:30:00,0.49182498
2017-12-01 10:30:00,0.566925
2017-12-02 10:30:00,0.6647
2017-12-03 10:30:00,0.549475
2017-12-04 10:30:00,0.50229996
2017-12-05 10:30:00,0.65981245
2017-12-06 10:30:00,0.58252496
2017-12-07 10:30:00,0.497675
2017-12-08 10:30:00,0.5823875
2017-12-09 10:30:00,0.62032497
2017-12-10 10:30:00,0.48302495
2017-12-11 10:30:00,0.44427496
2017-12-12 10:30:00,0.4111375
2017-12-13 10:30:00,0.439575
2017-12-14 10:30:00,0.4943125
2017-12-15 10:30:00,0.4650125
2017-12-16 10:30:00,0.48729998
2017-12-17 10:30:00,0.540425
2017-12-18 10:30:00,0.447
2017-12-19 10:30:00,0.5624875
2017-12-20 10:30:00,0.6271
2017-12-21 10:30:00,0.51775
2017-12-22 10:30:00,0.4677125
2017-12-23 10:30:00,0.530925
2017-12-24 10:30:00,0.54755
2017-12-25 10:30:00,0.46961248
2017-12-26 10:30:00,0.39284998
2017-12-27 10:30:00,0.5185625
2017-12-28 10:30:00,0.609725
2017-12-29 10:30:00,0.5689875
2017-12-30 10:30:00,0.655325
2017-12-31 10:30:00,0.57923746
2018-01-01 10:30:00,0.469975
2018-01-02 10:30:00,0.5159375
2018-01-03 10:30:00,0.4913
2018-01-04 10:30:00,0.42798752
2018-01-05 10:30:00,0.5152375
2018-01-06 10:30:00,0.468125
2018-01-07 10:30:00,0.4720875
2018-01-08 10:30:00,0.6225375
2018-01-09 10:30:00,0.5113125
2018-01-10 10:30:00,0.37471247
2018-01-11 10:30:00,0.3490625
2018-01-12 10:30:00,0.5620875
2018-01-13 10:30:00,0.64339995
2018-01-14 10:30:00,0.5201875
2018-01-15 10:30:00,0.5968625
2018-01-16 10:30:00,0.702825
2018-01-17 10:30:00,0.57724994
2018-01-18 10:30:00,0.599425
2018-01-19 10:30:00,0.40872496
2018-01-20 10:30:00,0.41314998
2018-01-21 10:30:00,0.386175
2018-01-22 10:30:00,0.3804625
2018-01-23 10:30:00,0.40261248
2018-01-24 10:30:00,0.42498747
2018-01-25 10:30:00,0.3803125
2018-01-26 10:30:00,0.37085
2018-01-27 10:30:00,0.3677875
2018-01-28 10:30:00,0.43169996
2018-01-29 10:30:00,0.5251625
2018-01-30 10:30:00,0.49365002
2018-01-31 10:30:00,0.5393875
2018-02-01 10:30:00,0.4734875
2018-02-02 10:30:00,0.4664375
2018-02-03 10:30:00,0.4645875
2018-02-04 10:30:00,0.4668875
2018-02-05 10:30:00,0.42463747
2018-02-06 10:30:00,0.44454998
2018-02-07 10:30:00,0.491975
2018-02-08 10:30:00,0.510675
2018-02-09 10:30:00,0.41799998
2018-02-10 10:30:00,0.386675
2018-02-11 10:30:00,0.395075
2018-02-12 10:30:00,0.44272497
2018-02-13 10:30:00,0.457575
2018-02-14 10:30:00,0.433325
2018-02-15 10:30:00,0.44747502
2018-02-16 10:30:00,0.375675
2018-02-17 10:30:00,0.35152498
2018-02-18 10:30:00,0.400075
2018-02-19 10:30:00,0.4380875
2018-02-20 10:30:00,0.45558748
2018-02-21 10:30:00,0.51796246
2018-02-22 10:30:00,0.50444996
2018-02-23 10:30:00,0.4025
2018-02-24 10:30:00,0.390225
2018-02-25 10:30:00,0.49421248
2018-02-26 10:30:00,0.668525
2018-02-27 10:30:00,0.65627503
2018-02-28 10:30:00,0.7205625
2018-03-01 10:30:00,0.49765
2018-03-02 10:30:00,0.4491
2018-03-03 10:30:00,0.572425
2018-03-04 10:30:00,0.4409375
2018-03-05 10:30:00,0.41152498
2018-03-06 10:30:00,0.47115
2018-03-07 10:30:00,0.490975
2018-03-08 10:30:00,0.45035
2018-03-09 10:30:00,0.5839875
2018-03-10 10:30:00,0.5868
2018-03-11 10:30:00,0.5213375
2018-03-12 10:30:00,0.5502875
2018-03-13 10:30:00,0.583525
2018-03-14 10:30:00,0.7086875
2018-03-15 10:30:00,0.4117125
2018-03-16 10:30:00,0.38795
2018-03-17 10:30:00,0.39534998
2018-03-18 10:30:00,0.3111125
2018-03-19 10:30:00,0.33755
2018-03-20 10:30:00,0.4928375
2018-03-21 10:30:00,0.43941247
2018-03-22 10:30:00,0.323075
2018-03-23 10:30:00,0.292
2018-03-24 10:30:00,0.3231625
2018-03-25 10:30:00,0.3011
2018-03-26 10:30:00,0.29715
2018-03-27 10:30:00,0.3394625
2018-03-28 10:30:00,0.29225
2018-03-29 10:30:00,0.2910125
2018-03-30 10:30:00,0.291125
2018-03-31 10:30:00,0.455775
2018-04-01 10:30:00,0.3114625
2018-04-02 10:30:00,0.1943875
2018-04-03 10:30:00,0.20668748
2018-04-04 10:30:00,0.1847125
2018-04-05 10:30:00,0.38808748
2018-04-06 10:30:00,0.2385
2018-04-07 10:30:00,0.20618749
2018-04-08 10:30:00,0.2244
2018-04-09 10:30:00,0.2719875
2018-04-10 10:30:00,0.48255
2018-04-11 10:30:00,0.29935
2018-04-12 10:30:00,0.2677875
2018-04-13 10:30:00,0.7625875
2018-04-14 10:30:00,0.7402875
2018-04-15 10:30:00,0.4016125
2018-04-16 10:30:00,0.29518747
2018-04-17 10:30:00,0.3557
2018-04-18 10:30:00,0.5364625
2018-04-19 10:30:00,0.343675
2018-04-20 10:30:00,0.71999997
2018-04-21 10:30:00,0.604675
2018-04-22 10:30:00,0.5248
2018-04-23 10:30:00,0.4393375
2018-04-24 10:30:00,0.31617498
2018-04-25 10:30:00,0.269725
2018-04-26 10:30:00,0.3116125
2018-04-27 10:30:00,0.3480875
2018-04-28 10:30:00,0.35685
2018-04-29 10:30:00,0.362475
2018-04-30 10:30:00,0.389025
2018-05-01 10:30:00,0.520175
2018-05-02 10:30:00,0.3938625
2018-05-03 10:30:00,0.26598752
2018-05-04 10:30:00,0.22105
2018-05-05 10:30:00,0.17424999
2018-05-06 10:30:00,0.34822497
2018-05-07 10:30:00,0.47206247
2018-05-08 10:30:00,0.39694998
2018-05-09 10:30:00,0.2836625
2018-05-10 10:30:00,0.36834997
2018-05-11 10:30:00,0.3009125
2018-05-12 10:30:00,0.33310002
2018-05-13 10:30:00,0.4848125
2018-05-14 10:30:00,0.32673752
2018-05-15 10:30:00,0.5894625
2018-05-16 10:30:00,0.6245125
2018-05-17 10:30:00,0.46572497
2018-05-18 10:30:00,0.407125
2018-05-19 10:30:00,0.276275
2018-05-20 10:30:00,0.64177495
2018-05-21 10:30:00,0.5288375
2018-05-22 10:30:00,0.7393375
2018-05-23 10:30:00,0.5721
2018-05-24 10:30:00,0.5554875
2018-05-25 10:30:00,0.4692375
2018-05-26 10:30:00,0.54641247
2018-05-27 10:30:00,0.7843125
2018-05-28 10:30:00,0.776225
2018-05-29 10:30:00,0.845325
2018-05-30 10:30:00,0.5209625
2018-05-31 10:30:00,0.36866248
2018-06-01 10:30:00,0.21625
2018-06-02 10:30:00,0.21437499
2018-06-03 10:30:00,0.3707
2018-06-04 10:30:00,0.6244625
2018-06-05 10:30:00,0.551075
2018-06-06 10:30:00,0.59029996
2018-06-07 10:30:00,0.639
2018-06-08 10:30:00,0.569425
2018-06-09 10:30:00,0.691675
2018-06-10 10:30:00,0.5948125
2018-06-11 10:30:00,0.7466625
2018-06-12 10:30:00,0.73989993
2018-06-13 10:30:00,0.7277749
2018-06-14 10:30:00,0.77638745
2018-06-15 10:30:00,0.8809125
2018-06-16 10:30:00,0.61205
2018-06-17 10:30:00,0.5302
2018-06-18 10:30:00,0.7693875
2018-06-19 10:30:00,0.5327375
2018-06-20 10:30:00,0.56368744
2018-06-21 10:30:00,0.47712502
2018-06-22 10:30:00,0.5328625
2018-06-23 10:30:00,0.51691246
2018-06-24 10:30:00,0.73382497
2018-06-25 10:30:00,0.84508747
2018-06-26 10:30:00,0.81242496
2018-06-27 10:30:00,0.8263625
2018-06-28 10:30:00,0.6014125
2018-06-29 10:30:00,0.594725
2018-06-30 10:30:00,0.5898
2018-07-01 10:30:00,0.59435
2018-07-02 10:30:00,0.58379996
2018-07-03 10:30:00,0.70393753
2018-07-04 10:30:00,0.95379996
2018-07-05 10:30:00,0.9169375
2018-07-06 10:30:00,0.79115
2018-07-07 10:30:00,0.9772875
2018-07-08 10:30:00,0.725025
2018-07-09 10:30:00,0.7666
2018-07-10 10:30:00,0.75677496
2018-07-11 10:30:00,0.873075
2018-07-12 10:30:00,0.70255005
2018-07-13 10:30:00,0.63194996
2018-07-14 10:30:00,0.62488747
2018-07-15 10:30:00,0.6423875
2018-07-16 10:30:00,0.9442375
2018-07-17 10:30:00,0.9054
2018-07-18 10:30:00,0.839875
2018-07-19 10:30:00,0.7632125
2018-07-20 10:30:00,0.8703
2018-07-21 10:30:00,0.9456125
2018-07-22 10:30:00,0.689625
2018-07-23 10:30:00,0.662975
2018-07-24 10:30:00,0.953525
2018-07-25 10:30:00,0.89976245
2018-07-26 10:30:00,0.77186245
2018-07-27 10:30:00,0.81354994
2018-07-28 10:30:00,0.81201243
2018-07-29 10:30:00,0.78113747
2018-07-30 10:30:00,0.9027
2018-07-31 10:30:00,0.6334375
2018-08-01 10:30:00,0.6976625
2018-08-02 10:30:00,0.75871253
2018-08-03 10:30:00,0.8254249
2018-08-04 10:30:00,0.90427494
2018-08-05 10:30:00,0.83935
2018-08-06 10:30:00,0.8470375
2018-08-07 10:30:00,0.84205
2018-08-08 10:30:00,0.73153746
2018-08-09 10:30:00,0.701875
2018-08-10 10:30:00,0.6816625
2018-08-11 10:30:00,0.8717375
2018-08-12 10:30:00,0.8576
2018-08-13 10:30:00,0.9844874
2018-08-14 10:30:00,0.9576875
2018-08-15 10:30:00,0.8266
2018-08-16 10:30:00,0.78695
2018-08-17 10:30:00,0.86153746
2018-08-18 10:30:00,0.6944249
2018-08-19 10:30:00,0.7198625
2018-08-20 10:30:00,0.8115625
2018-08-21 10:30:00,0.62598747
2018-08-22 10:30:00,0.735725
2018-08-23 10:30:00,0.730025
2018-08-24 10:30:00,0.75574994
2018-08-25 10:30:00,0.9622
2018-08-26 10:30:00,0.812175
2018-08-27 10:30:00,0.7819375
2018-08-28 10:30:00,0.97583747
2018-08-29 10:30:00,0.87314993
2018-08-30 10:30:00,0.93581253
2018-08-31 10:30:00,0.78246254
2018-09-01 10:30:00,0.79272497
2018-09-02 10:30:00,0.926725
2018-09-03 10:30:00,0.68263745
2018-09-04 10:30:00,0.67356247
2018-09-05 10:30:00,0.73966247
2018-09-06 10:30:00,0.5500125
2018-09-07 10:30:00,0.73693746
2018-09-08 10:30:00,0.672675
2018-09-09 10:30:00,0.7226125
2018-09-10 10:30:00,0.74455
2018-09-11 10:30:00,0.6841124
2018-09-12 10:30:00,0.63439995
2018-09-13 10:30:00,0.62783754
2018-09-14 10:30:00,0.69864994
2018-09-15 10:30:00,0.4994625
2018-09-16 10:30:00,0.57465
2018-09-17 10:30:00,0.58959997
2018-09-18 10:30:00,0.66498744
2018-09-19 10:30:00,0.6810875
2018-09-20 10:30:00,0.55988747
2018-09-21 10:30:00,0.67724997
2018-09-22 10:30:00,0.71807504
2018-09-23 10:30:00,0.70629996
2018-09-24 10:30:00,0.60749996
2018-09-25 10:30:00,0.5935625
2018-09-26 10:30:00,0.5525125
2018-09-27 10:30:00,0.49420002
2018-09-28 10:30:00,0.82177496
2018-09-29 10:30:00,0.98592496
2018-09-30 10:30:00,0.955225
2018-10-01 10:30:00,0.5770375
2018-10-02 10:30:00,0.60033745
2018-10-03 10:30:00,0.62915
2018-10-04 10:30:00,0.56127495
2018-10-05 10:30:00,0.3898625
2018-10-06 10:30:00,0.51046246
2018-10-07 10:30:00,0.67011243
2018-10-08 10:30:00,0.542925
2018-10-09 10:30:00,0.6406125
2018-10-10 10:30:00,0.6342
2018-10-11 10:30:00,0.5144625
2018-10-12 10:30:00,0.45049998
2018-10-13 10:30:00,0.4247
2018-10-14 10:30:00,0.4509125
2018-10-15 10:30:00,0.39069998
2018-10-16 10:30:00,0.42049998
2018-10-17 10:30:00,0.4791875
2018-10-18 10:30:00,0.3691375
2018-10-19 10:30:00,0.4144625
2018-10-20 10:30:00,0.3468875
2018-10-21 10:30:00,0.5878125
2018-10-22 10:30:00,0.4583
2018-10-23 10:30:00,0.6199375
2018-10-24 10:30:00,0.5838375
2018-10-25 10:30:00,0.80036247
2018-10-26 10:30:00,0.60952497
2018-10-27 10:30:00,0.394225
2018-10-28 10:30:00,0.4228625
2018-10-29 10:30:00,0.538725
2018-10-30 10:30:00,0.51936245
2018-10-31 10:30:00,0.4621875
2018-11-01 10:30:00,0.5318875
2018-11-02 10:30:00,0.3868875
2018-11-03 10:30:00,0.515575
2018-11-04 10:30:00,0.51985
2018-11-05 10:30:00,0.5276625
2018-11-06 10:30:00,0.48455
2018-11-07 10:30:00,0.53134996
2018-11-08 10:30:00,0.6873625
2018-11-09 10:30:00,0.58634996
2018-11-10 10:30:00,0.48166248
2018-11-11 10:30:00,0.55325
2018-11-12 10:30:00,0.605725
2018-11-13 10:30:00,0.6812124
2018-11-14 10:30:00,0.53982496
2018-11-15 10:30:00,0.3604625
2018-11-16 10:30:00,0.36799997
2018-11-17 10:30:00,0.5436
2018-11-18 10:30:00,0.505925
2018-11-19 10:30:00,0.513025
2018-11-20 10:30:00,0.47847497
2018-11-21 10:30:00,0.3992375
2018-11-22 10:30:00,0.4618375
2018-11-23 10:30:00,0.4116875
2018-11-24 10:30:00,0.3989125
2018-11-25 10:30:00,0.3477875
2018-11-26 10:30:00,0.29363748
2018-11-27 10:30:00,0.34912497
2018-11-28 10:30:00,0.41959998
2018-11-29 10:30:00,0.4154375
2018-11-30 10:30:00,0.4000875
2018-12-01 10:30:00,0.3610625
2018-12-02 10:30:00,0.34682497
2018-12-03 10:30:00,0.3618
2018-12-04 10:30:00,0.39471248
2018-12-05 10:30:00,0.39104998
2018-12-06 10:30:00,0.36193746
2018-12-07 10:30:00,0.3638375
2018-12-08 10:30:00,0.407975
2018-12-09 10:30:00,0.5412875
2018-12-10 10:30:00,0.5612
2018-12-11 10:30:00,0.55017495
2018-12-12 10:30:00,0.69918746
2018-12-13 10:30:00,0.5332125
2018-12-14 10:30:00,0.65415
2018-12-15 10:30:00,0.4938375
2018-12-16 10:30:00,0.5394625
2018-12-17 10:30:00,0.49967498
2018-12-18 10:30:00,0.5571125
2018-12-19 10:30:00,0.59255
2018-12-20 10:30:00,0.64256245
2018-12-21 10:30:00,0.6188875
2018-12-22 10:30:00,0.3695875
2018-12-23 10:30:00,0.368675
2018-12-24 10:30:00,0.41222498
2018-12-25 10:30:00,0.3226
2018-12-26 10:30:00,0.3387625
2018-12-27 10:30:00,0.3585625
2018-12-28 10:30:00,0.38763747
2018-12-29 10:30:00,0.3990375
2018-12-30 10:30:00,0.4646875
2018-12-31 10:30:00,0.404025
2019-01-01 10:30:00,0.393525
2019-01-02 10:30:00,0.4443625
2019-01-03 10:30:00,0.45831248
2019-01-04 10:30:00,0.3977375
2019-01-05 10:30:00,0.40041247
2019-01-06 10:30:00,0.486475
2019-01-07 10:30:00,0.42509997
2019-01-08 10:30:00,0.294175
2019-01-09 10:30:00,0.32255
2019-01-10 10:30:00,0.51735
2019-01-11 10:30:00,0.56334996
2019-01-12 10:30:00,0.5987
2019-01-13 10:30:00,0.56603754
2019-01-14 10:30:00,0.427775
2019-01-15 10:30:00,0.358575
2019-01-16 10:30:00,0.4860125
2019-01-17 10:30:00,0.4948875
2019-01-18 10:30:00,0.494125
2019-01-19 10:30:00,0.45991248
2019-01-20 10:30:00,0.3932375
2019-01-21 10:30:00,0.372075
2019-01-22 10:30:00,0.40057498
2019-01-23 10:30:00,0.3562125
2019-01-24 10:30:00,0.4231
2019-01-25 10:30:00,0.3850125
2019-01-26 10:30:00,0.34752497
2019-01-27 10:30:00,0.429025
2019-01-28 10:30:00,0.4168625
2019-01-29 10:30:00,0.35514998
2019-01-30 10:30:00,0.3669375
2019-01-31 10:30:00,0.33436248
2019-02-01 10:30:00,0.2964125
2019-02-02 10:30:00,0.34092498
2019-02-03 10:30:00,0.34561247
2019-02-04 10:30:00,0.37061247
2019-02-05 10:30:00,0.34345
2019-02-06 10:30:00,0.313925
2019-02-07 10:30:00,0.307325
2019-02-08 10:30:00,0.339175
2019-02-09 10:30:00,0.3903625
2019-02-10 10:30:00,0.3822375
2019-02-11 10:30:00,0.36627498
2019-02-12 10:30:00,0.310475
2019-02-13 10:30:00,0.291625
2019-02-14 10:30:00,0.258925
2019-02-15 10:30:00,0.26378748
2019-02-16 10:30:00,0.30415002
2019-02-17 10:30:00,0.25928748
2019-02-18 10:30:00,0.18968749
2019-02-19 10:30:00,0.28715
2019-02-20 10:30:00,0.25419998
2019-02-21 10:30:00,0.30135
2019-02-22 10:30:00,0.389675
2019-02-23 10:30:00,0.304925
2019-02-24 10:30:00,0.34013748
2019-02-25 10:30:00,0.4559125
2019-02-26 10:30:00,0.390375
2019-02-27 10:30:00,0.3641375
2019-02-28 10:30:00,0.3439
2019-03-01 10:30:00,0.3008875
2019-03-02 10:30:00,0.2896125
2019-03-03 10:30:00,0.37997496
2019-03-04 10:30:00,0.31565
2019-03-05 10:30:00,0.47713748
2019-03-06 10:30:00,0.34170002
2019-03-07 10:30:00,0.278425
2019-03-08 10:30:00,0.2182875
2019-03-09 10:30:00,0.27107498
2019-03-10 10:30:00,0.2391
2019-03-11 10:30:00,0.31075
2019-03-12 10:30:00,0.26935
2019-03-13 10:30:00,0.3523
2019-03-14 10:30:00,0.3836375
2019-03-15 10:30:00,0.42569998
2019-03-16 10:30:00,0.4897375
2019-03-17 10:30:00,0.3141625
2019-03-18 10:30:00,0.24786249
2019-03-19 10:30:00,0.300475
2019-03-20 10:30:00,0.58145
2019-03-21 10:30:00,0.32623747
2019-03-22 10:30:00,0.31131247
2019-03-23 10:30:00,0.26955
2019-03-24 10:30:00,0.290625
2019-03-25 10:30:00,0.15257499
2019-03-26 10:30:00,0.16407499
2019-03-27 10:30:00,0.16866249
2019-03-28 10:30:00,0.257625
2019-03-29 10:30:00,0.48909998
2019-03-30 10:30:00,0.290625
2019-03-31 10:30:00,0.26712498
2019-04-01 10:30:00,0.23184998
2019-04-02 10:30:00,0.1818125
2019-04-03 10:30:00,0.17396249
2019-04-04 10:30:00,0.3857125
2019-04-05 10:30:00,0.3141125
2019-04-06 10:30:00,0.3684
2019-04-07 10:30:00,0.4416
2019-04-08 10:30:00,0.408025
2019-04-09 10:30:00,0.272525
2019-04-10 10:30:00,0.19934998
2019-04-11 10:30:00,0.19479999
2019-04-12 10:30:00,0.1310375
2019-04-13 10:30:00,0.2989625
2019-04-14 10:30:00,0.2498
2019-04-15 10:30:00,0.12618749
2019-04-16 10:30:00,0.1497625
2019-04-17 10:30:00,0.501275
2019-04-18 10:30:00,0.23625
2019-04-19 10:30:00,0.149175
2019-04-20 10:30:00,0.1452375
2019-04-21 10:30:00,0.16264999
2019-04-22 10:30:00,0.2081875
2019-04-23 10:30:00,0.12744999
2019-04-24 10:30:00,0.23141249
2019-04-25 10:30:00,0.24762501
2019-04-26 10:30:00,0.16046248
2019-04-27 10:30:00,0.1584625
2019-04-28 10:30:00,0.302075
2019-04-29 10:30:00,0.384425
2019-04-30 10:30:00,0.23344998
2019-05-01 10:30:00,0.2129125
2019-05-02 10:30:00,0.23368749
2019-05-03 10:30:00,0.19469999
2019-05-04 10:30:00,0.5905375
2019-05-05 10:30:00,0.27621248
2019-05-06 10:30:00,0.1890125
2019-05-07 10:30:00,0.20258749
2019-05-08 10:30:00,0.24052499
2019-05-09 10:30:00,0.2885625
2019-05-10 10:30:00,0.298325
2019-05-11 10:30:00,0.473525
2019-05-12 10:30:00,0.64879996
2019-05-13 10:30:00,0.7500125
2019-05-14 10:30:00,0.5788
2019-05-15 10:30:00,0.42697498
2019-05-16 10:30:00,0.25635
2019-05-17 10:30:00,0.2848625
2019-05-18 10:30:00,0.22316249
2019-05-19 10:30:00,0.9399625
2019-05-20 10:30:00,0.40717497
2019-05-21 10:30:00,0.4691125
2019-05-22 10:30:00,0.40376246
2019-05-23 10:30:00,0.512325
2019-05-24 10:30:00,0.36712497
2019-05-25 10:30:00,0.51559997
2019-05-26 10:30:00,0.6421875
2019-05-27 10:30:00,0.2696625
2019-05-28 10:30:00,0.22507499
2019-05-29 10:30:00,0.2877625
2019-05-30 10:30:00,0.5427125
2019-05-31 10:30:00,0.65068746
2019-06-01 10:30:00,0.51605
2019-06-02 10:30:00,0.5699625
2019-06-03 10:30:00,0.5473125
2019-06-04 10:30:00,0.538475
2019-06-05 10:30:00,0.47401252
2019-06-06 10:30:00,0.6809625
2019-06-07 10:30:00,0.90938747
2019-06-08 10:30:00,0.8719875
2019-06-09 10:30:00,0.82693744
2019-06-10 10:30:00,0.73237497
2019-06-11 10:30:00,0.660925
2019-06-12 10:30:00,0.706525
2019-06-13 10:30:00,0.4806375
2019-06-14 10:30:00,0.64599997
2019-06-15 10:30:00,0.6088
2019-06-16 10:30:00,0.5488875
2019-06-17 10:30:00,0.46829996
2019-06-18 10:30:00,0.54802495
2019-06-19 10:30:00,0.53263754
2019-06-20 10:30:00,0.63191247
2019-06-21 10:30:00,0.53055
2019-06-22 10:30:00,0.58068746
2019-06-23 10:30:00,0.49836248
2019-06-24 10:30:00,0.4130125
2019-06-25 10:30:00,0.824125
2019-06-26 10:30:00,0.8834875
2019-06-27 10:30:00,0.79271245
2019-06-28 10:30:00,0.88888747
2019-06-29 10:30:00,0.810475
2019-06-30 10:30:00,0.7303625
2019-07-01 10:30:00,0.632225
2019-07-02 10:30:00,0.790725
2019-07-03 10:30:00,0.7252
2019-07-04 10:30:00,0.7212125
2019-07-05 10:30:00,0.93531245
2019-07-06 10:30:00,0.97205
2019-07-07 10:30:00,0.74205
2019-07-08 10:30:00,0.7751
2019-07-09 10:30:00,0.7853125
2019-07-10 10:30:00,0.7531125
2019-07-11 10:30:00,0.85058755
2019-07-12 10:30:00,0.88013744
2019-07-13 10:30:00,0.79746246
2019-07-14 10:30:00,0.7652125
2019-07-15 10:30:00,0.7224375
2019-07-16 10:30:00,0.85957503
2019-07-17 10:30:00,0.69152504
2019-07-18 10:30:00,0.66448754
2019-07-19 10:30:00,0.70385003
2019-07-20 10:30:00,0.87904996
2019-07-21 10:30:00,0.6826
2019-07-22 10:30:00,0.7108
2019-07-23 10:30:00,0.88976246
2019-07-24 10:30:00,0.8505375
2019-07-25 10:30:00,0.75123745
2019-07-26 10:30:00,0.672875
2019-07-27 10:30:00,0.86845
2019-07-28 10:30:00,0.73873746
2019-07-29 10:30:00,0.78269994
2019-07-30 10:30:00,0.81558746
2019-07-31 10:30:00,0.707375
2019-08-01 10:30:00,0.7393625
2019-08-02 10:30:00,0.7475
2019-08-03 10:30:00,0.7117125
2019-08-04 10:30:00,0.6751875
2019-08-05 10:30:00,0.7668374
2019-08-06 10:30:00,0.9323999
2019-08-07 10:30:00,0.860375
2019-08-08 10:30:00,0.91246253
2019-08-09 10:30:00,0.879075
2019-08-10 10:30:00,0.90905
2019-08-11 10:30:00,0.8611125
2019-08-12 10:30:00,0.8451375
2019-08-13 10:30:00,0.7847125
2019-08-14 10:30:00,0.7449
2019-08-15 10:30:00,0.7566625
2019-08-16 10:30:00,0.77176255
2019-08-17 10:30:00,0.7688125
2019-08-18 10:30:00,0.83636254
2019-08-19 10:30:00,0.76019996
2019-08-20 10:30:00,0.87342495
2019-08-21 10:30:00,0.6879
2019-08-22 10:30:00,0.78427494
2019-08-23 10:30:00,0.83106244
2019-08-24 10:30:00,0.83887494
2019-08-25 10:30:00,0.85092497
2019-08-26 10:30:00,0.87551254
2019-08-27 10:30:00,0.7675
2019-08-28 10:30:00,0.823525
2019-08-29 10:30:00,0.8208625
2019-08-30 10:30:00,0.70637494
2019-08-31 10:30:00,0.71425
2019-09-01 10:30:00,0.7314625
2019-09-02 10:30:00,0.7662
2019-09-03 10:30:00,0.8042875
2019-09-04 10:30:00,0.6255625
2019-09-05 10:30:00,0.7147875
2019-09-06 10:30:00,0.7786
2019-09-07 10:30:00,0.76224995
2019-09-08 10:30:00,0.56979996
2019-09-09 10:30:00,0.57115
2019-09-10 10:30:00,0.63095
2019-09-11 10:30:00,0.6275375
2019-09-12 10:30:00,0.4950375
2019-09-13 10:30:00,0.6451375
2019-09-14 10:30:00,0.5702375
2019-09-15 10:30:00,0.48838747
2019-09-16 10:30:00,0.5218875
2019-09-17 10:30:00,0.5275875
2019-09-18 10:30:00,0.44259998
2019-09-19 10:30:00,0.6741875
2019-09-20 10:30:00,0.68392503
2019-09-21 10:30:00,0.57345
2019-09-22 10:30:00,0.5885375
2019-09-23 10:30:00,0.452925
2019-09-24 10:30:00,0.4805125
2019-09-25 10:30:00,0.5293
2019-09-26 10:30:00,0.42389998
2019-09-27 10:30:00,0.3339875
2019-09-28 10:30:00,0.3249125
2019-09-29 10:30:00,0.426025
2019-09-30 10:30:00,0.579
2019-10-01 10:30:00,0.504325
2019-10-02 10:30:00,0.71038747
2019-10-03 10:30:00,0.752425
2019-10-04 10:30:00,0.5344375
2019-10-05 10:30:00,0.5900625
2019-10-06 10:30:00,0.4785625
2019-10-07 10:30:00,0.48217496
2019-10-08 10:30:00,0.60305
2019-10-09 10:30:00,0.4369625
2019-10-10 10:30:00,0.3847625
2019-10-11 10:30:00,0.39485
2019-10-12 10:30:00,0.39815003
2019-10-13 10:30:00,0.3637375
2019-10-14 10:30:00,0.3206125
2019-10-15 10:30:00,0.342475
2019-10-16 10:30:00,0.5025125
2019-10-17 10:30:00,0.38474998
2019-10-18 10:30:00,0.47425
2019-10-19 10:30:00,0.61026245
2019-10-20 10:30:00,0.5743
2019-10-21 10:30:00,0.48623747
2019-10-22 10:30:00,0.4893125
2019-10-23 10:30:00,0.47046247
2019-10-24 10:30:00,0.8190875
2019-10-25 10:30:00,0.5771
2019-10-26 10:30:00,0.69523746
2019-10-27 10:30:00,0.66592497
2019-10-28 10:30:00,0.5717875
2019-10-29 10:30:00,0.510175
2019-10-30 10:30:00,0.473725
2019-10-31 10:30:00,0.3467625
2019-11-01 10:30:00,0.39982498
2019-11-02 10:30:00,0.55702496
2019-11-03 10:30:00,0.62232494
2019-11-04 10:30:00,0.4431375
2019-11-05 10:30:00,0.3701375
2019-11-06 10:30:00,0.5001375
2019-11-07 10:30:00,0.449225
2019-11-08 10:30:00,0.5545875
2019-11-09 10:30:00,0.651625
2019-11-10 10:30:00,0.54952496
2019-11-11 10:30:00,0.33975002
2019-11-12 10:30:00,0.7571
2019-11-13 10:30:00,0.514525
2019-11-14 10:30:00,0.5828
2019-11-15 10:30:00,0.546875
2019-11-16 10:30:00,0.5137375
2019-11-17 10:30:00,0.5543
2019-11-18 10:30:00,0.4268125
2019-11-19 10:30:00,0.45099998
2019-11-20 10:30:00,0.5464
2019-11-21 10:30:00,0.5710625
2019-11-22 10:30:00,0.47505
2019-11-23 10:30:00,0.41695
2019-11-24 10:30:00,0.443725
2019-11-25 10:30:00,0.39214998
2019-11-26 10:30:00,0.40611252
2019-11-27 10:30:00,0.40142497
2019-11-28 10:30:00,0.427
2019-11-29 10:30:00,0.54662496
2019-11-30 10:30:00,0.6204625
2019-12-01 10:30:00,0.5264125
2019-12-02 10:30:00,0.4182875
2019-12-03 10:30:00,0.3494125
2019-12-04 10:30:00,0.3831125
2019-12-05 10:30:00,0.41487497
2019-12-06 10:30:00,0.535175
2019-12-07 10:30:00,0.573925
2019-12-08 10:30:00,0.6813375
2019-12-09 10:30:00,0.64827496
2019-12-10 10:30:00,0.65755
2019-12-11 10:30:00,0.5857625
2019-12-12 10:30:00,0.635825
2019-12-13 10:30:00,0.5671125
2019-12-14 10:30:00,0.5838375
2019-12-15 10:30:00,0.62798744
2019-12-16 10:30:00,0.5528125
2019-12-17 10:30:00,0.5254
2019-12-18 10:30:00,0.53319997
2019-12-19 10:30:00,0.5568
2019-12-20 10:30:00,0.5459125
2019-12-21 10:30:00,0.60197496
2019-12-22 10:30:00,0.60135
2019-12-23 10:30:00,0.57194996
2019-12-24 10:30:00,0.65449995
2019-12-25 10:30:00,0.551075
2019-12-26 10:30:00,0.5902125
2019-12-27 10:30:00,0.5794375
2019-12-28 10:30:00,0.6654625
2019-12-29 10:30:00,0.62873745
2019-12-30 10:30:00,0.47061247
2019-12-31 10:30:00,0.4793625
2020-01-01 10:30:00,0.6235875
2020-01-02 10:30:00,0.55271244
2020-01-03 10:30:00,0.59499997
2020-01-04 10:30:00,0.64957494
2020-01-05 10:30:00,0.7186625
2020-01-06 10:30:00,0.731425
2020-01-07 10:30:00,0.69612503
2020-01-08 10:30:00,0.6228
2020-01-09 10:30:00,0.7054875
2020-01-10 10:30:00,0.59898746
2020-01-11 10:30:00,0.613975
2020-01-12 10:30:00,0.557275
2020-01-13 10:30:00,0.6390375
2020-01-14 10:30:00,0.6827625
2020-01-15 10:30:00,0.60059994
2020-01-16 10:30:00,0.5876125
2020-01-17 10:30:00,0.68410003
2020-01-18 10:30:00,0.75677496
2020-01-19 10:30:00,0.6931
2020-01-20 10:30:00,0.6299625
2020-01-21 10:30:00,0.5739125
2020-01-22 10:30:00,0.6053625
2020-01-23 10:30:00,0.5116375
2020-01-24 10:30:00,0.63463753
2020-01-25 10:30:00,0.67733747
2020-01-26 10:30:00,0.66949993
2020-01-27 10:30:00,0.71827495
2020-01-28 10:30:00,0.71928746
2020-01-29 10:30:00,0.72485
2020-01-30 10:30:00,0.74293745
2020-01-31 10:30:00,0.607325
2020-02-01 10:30:00,0.43474996
2020-02-02 10:30:00,0.5031125
2020-02-03 10:30:00,0.4884125
2020-02-04 10:30:00,0.465475
2020-02-05 10:30:00,0.52073747
2020-02-06 10:30:00,0.45334998
2020-02-07 10:30:00,0.62338746
2020-02-08 10:30:00,0.648
2020-02-09 10:30:00,0.635675
2020-02-10 10:30:00,0.73099995
2020-02-11 10:30:00,0.567
2020-02-12 10:30:00,0.67335
2020-02-13 10:30:00,0.79019994
2020-02-14 10:30:00,0.6499125
2020-02-15 10:30:00,0.547225
2020-02-16 10:30:00,0.54575
2020-02-17 10:30:00,0.47947502
2020-02-18 10:30:00,0.5031375
2020-02-19 10:30:00,0.5315875
2020-02-20 10:30:00,0.595025
2020-02-21 10:30:00,0.705425
2020-02-22 10:30:00,0.5428875
2020-02-23 10:30:00,0.56165
2020-02-24 10:30:00,0.5362375
2020-02-25 10:30:00,0.5508625
2020-02-26 10:30:00,0.546
2020-02-27 10:30:00,0.45388746
2020-02-28 10:30:00,0.5883375
2020-02-29 10:30:00,0.57864994
2020-03-01 10:30:00,0.64565
2020-03-02 10:30:00,0.592375
2020-03-03 10:30:00,0.7467625
2020-03-04 10:30:00,0.58033746
2020-03-05 10:30:00,0.5728625
2020-03-06 10:30:00,0.6428125
2020-03-07 10:30:00,0.523825
2020-03-08 10:30:00,0.4779
2020-03-09 10:30:00,0.3634375
2020-03-10 10:30:00,0.576425
2020-03-11 10:30:00,0.45518747
2020-03-12 10:30:00,0.2571125
2020-03-13 10:30:00,0.548675
2020-03-14 10:30:00,0.39075
2020-03-15 10:30:00,0.301575
2020-03-16 10:30:00,0.502775
2020-03-17 10:30:00,0.4492625
2020-03-18 10:30:00,0.459525
2020-03-19 10:30:00,0.4045875
2020-03-20 10:30:00,0.40471247
2020-03-21 10:30:00,0.3515125
2020-03-22 10:30:00,0.52503747
2020-03-23 10:30:00,0.417775
2020-03-24 10:30:00,0.3529375
2020-03-25 10:30:00,0.286075
2020-03-26 10:30:00,0.2763125
2020-03-27 10:30:00,0.33540002
2020-03-28 10:30:00,0.34787503
2020-03-29 10:30:00,0.2932875
2020-03-30 10:30:00,0.23272498
2020-03-31 10:30:00,0.2521
2020-04-01 10:30:00,0.20879999
2020-04-02 10:30:00,0.2448625
2020-04-03 10:30:00,0.220475
2020-04-04 10:30:00,0.2397125
2020-04-05 10:30:00,0.2557625
2020-04-06 10:30:00,0.266075
2020-04-07 10:30:00,0.3806625
2020-04-08 10:30:00,0.357125
2020-04-09 10:30:00,0.3413
2020-04-10 10:30:00,0.22178748
2020-04-11 10:30:00,0.24485
2020-04-12 10:30:00,0.1773625
2020-04-13 10:30:00,0.185875
2020-04-14 10:30:00,0.29424998
2020-04-15 10:30:00,0.25614998
2020-04-16 10:30:00,0.467225
2020-04-17 10:30:00,0.3306625
2020-04-18 10:30:00,0.1868
2020-04-19 10:30:00,0.7314625
2020-04-20 10:30:00,0.57322496
2020-04-21 10:30:00,0.6255125
2020-04-22 10:30:00,0.3955125
2020-04-23 10:30:00,0.4540625
2020-04-24 10:30:00,0.7225625
2020-04-25 10:30:00,0.714
2020-04-26 10:30:00,0.49912497
2020-04-27 10:30:00,0.36389998
2020-04-28 10:30:00,0.58967495
2020-04-29 10:30:00,0.52147496
2020-04-30 10:30:00,0.370675
2020-05-01 10:30:00,0.3400375
2020-05-02 10:30:00,0.4210125
2020-05-03 10:30:00,0.82263744
2020-05-04 10:30:00,0.56535
2020-05-05 10:30:00,0.4639125
2020-05-06 10:30:00,0.3026
2020-05-07 10:30:00,0.44255
2020-05-08 10:30:00,0.2611875
2020-05-09 10:30:00,0.49891248
2020-05-10 10:30:00,0.498575
2020-05-11 10:30:00,0.58498746
2020-05-12 10:30:00,0.37515
2020-05-13 10:30:00,0.340625
2020-05-14 10:30:00,0.30595
2020-05-15 10:30:00,0.46998748
2020-05-16 10:30:00,0.8175875
2020-05-17 10:30:00,0.90647495
2020-05-18 10:30:00,0.56855
2020-05-19 10:30:00,0.551625
2020-05-20 10:30:00,0.80746245
2020-05-21 10:30:00,0.71607494
2020-05-22 10:30:00,0.7616125
2020-05-23 10:30:00,0.747975
2020-05-24 10:30:00,0.4398125
2020-05-25 10:30:00,0.5130375
2020-05-26 10:30:00,0.6058625
2020-05-27 10:30:00,0.50296247
2020-05-28 10:30:00,0.4814125
2020-05-29 10:30:00,0.5626125
2020-05-30 10:30:00,0.550325
2020-05-31 10:30:00,0.88317496
2020-06-01 10:30:00,0.546075
2020-06-02 10:30:00,0.66175
2020-06-03 10:30:00,0.74662495
2020-06-04 10:30:00,0.68091244
2020-06-05 10:30:00,0.57862496
2020-06-06 10:30:00,0.628375
2020-06-07 10:30:00,0.6974
2020-06-08 10:30:00,0.55233747
2020-06-09 10:30:00,0.48263747
2020-06-10 10:30:00,0.77559996
2020-06-11 10:30:00,0.5519625
2020-06-12 10:30:00,0.713025
2020-06-13 10:30:00,0.911725
2020-06-14 10:30:00,0.5015375
2020-06-15 10:30:00,0.5585
2020-06-16 10:30:00,0.5990375
2020-06-17 10:30:00,0.6441375
2020-06-18 10:30:00,0.70323753
2020-06-19 10:30:00,0.7846375
2020-06-20 10:30:00,0.84157497
2020-06-21 10:30:00,0.7404875
2020-06-22 10:30:00,0.93372494
2020-06-23 10:30:00,0.916125
2020-06-24 10:30:00,0.841025
2020-06-25 10:30:00,0.734475
2020-06-26 10:30:00,0.6715625
2020-06-27 10:30:00,0.65442497
2020-06-28 10:30:00,0.72151244
2020-06-29 10:30:00,0.7606
2020-06-30 10:30:00,0.785025
2020-07-01 10:30:00,0.73950005
2020-07-02 10:30:00,0.668375
2020-07-03 10:30:00,0.74092495
2020-07-04 10:30:00,0.87448746
2020-07-05 10:30:00,0.776275
2020-07-06 10:30:00,0.74525
2020-07-07 10:30:00,0.65805
2020-07-08 10:30:00,0.64555
2020-07-09 10:30:00,0.62852496
2020-07-10 10:30:00,0.6475
2020-07-11 10:30:00,0.72131246
2020-07-12 10:30:00,0.77905
2020-07-13 10:30:00,0.71419996
2020-07-14 10:30:00,0.65525
2020-07-15 10:30:00,0.6246875
2020-07-16 10:30:00,0.6966625
2020-07-17 10:30:00,0.7575
2020-07-18 10:30:00,0.831
2020-07-19 10:30:00,0.70294994
2020-07-20 10:30:00,0.6372
2020-07-21 10:30:00,0.565675
2020-07-22 10:30:00,0.702775
2020-07-23 10:30:00,0.62041247
2020-07-24 10:30:00,0.618325
2020-07-25 10:30:00,0.7425375
2020-07-26 10:30:00,0.62382495
2020-07-27 10:30:00,0.702425
2020-07-28 10:30:00,0.8418875
2020-07-29 10:30:00,0.94247496
2020-07-30 10:30:00,0.81621253
2020-07-31 10:30:00,0.75488746
2020-08-01 10:30:00,0.67902493
2020-08-02 10:30:00,0.86169994
2020-08-03 10:30:00,0.8558
2020-08-04 10:30:00,0.8183
2020-08-05 10:30:00,0.8200125
2020-08-06 10:30:00,0.82278746
2020-08-07 10:30:00,0.8720625
2020-08-08 10:30:00,0.9100125
2020-08-09 10:30:00,0.79442495
2020-08-10 10:30:00,0.7889125
2020-08-11 10:30:00,0.71472496
2020-08-12 10:30:00,0.70143753
2020-08-13 10:30:00,0.953225
2020-08-14 10:30:00,0.847925
2020-08-15 10:30:00,0.7517375
2020-08-16 10:30:00,0.81714994
2020-08-17 10:30:00,0.87826246
2020-08-18 10:30:00,0.77046245
2020-08-19 10:30:00,0.764325
2020-08-20 10:30:00,0.73695
2020-08-21 10:30:00,0.72973746
2020-08-22 10:30:00,0.7529875
2020-08-23 10:30:00,0.82097495
2020-08-24 10:30:00,0.81112504
2020-08-25 10:30:00,0.71747494
2020-08-26 10:30:00,0.732675
2020-08-27 10:30:00,0.823925
2020-08-28 10:30:00,0.932975
2020-08-29 10:30:00,0.807975
2020-08-30 10:30:00,0.8596375
2020-08-31 10:30:00,0.80675
2020-09-01 10:30:00,0.7598625
2020-09-02 10:30:00,0.729325
2020-09-03 10:30:00,0.77183753
2020-09-04 10:30:00,0.76827496
2020-09-05 10:30:00,0.7571875
2020-09-06 10:30:00,0.7522
2020-09-07 10:30:00,0.85025
2020-09-08 10:30:00,0.653125
2020-09-09 10:30:00,0.62102497
2020-09-10 10:30:00,0.64037496
2020-09-11 10:30:00,0.7635125
2020-09-12 10:30:00,0.77375
2020-09-13 10:30:00,0.74602497
2020-09-14 10:30:00,0.66499996
2020-09-15 10:30:00,0.765625
2020-09-16 10:30:00,0.90253747
2020-09-17 10:30:00,0.702025
2020-09-18 10:30:00,0.75066245
2020-09-19 10:30:00,0.6458
2020-09-20 10:30:00,0.76123744
2020-09-21 10:30:00,0.7996875
2020-09-22 10:30:00,0.74701244
2020-09-23 10:30:00,0.6327125
2020-09-24 10:30:00,0.68332505
2020-09-25 10:30:00,0.75927496
2020-09-26 10:30:00,0.7467
2020-09-27 10:30:00,0.488125
2020-09-28 10:30:00,0.5670125
2020-09-29 10:30:00,0.595225
2020-09-30 10:30:00,0.69043744
2020-10-01 10:30:00,0.9087
2020-10-02 10:30:00,0.63325
2020-10-03 10:30:00,0.6061375
2020-10-04 10:30:00,0.571025
2020-10-05 10:30:00,0.598325
2020-10-06 10:30:00,0.5570625
2020-10-07 10:30:00,0.61157495
2020-10-08 10:30:00,0.57299995
2020-10-09 10:30:00,0.64848745
2020-10-10 10:30:00,0.37353748
2020-10-11 10:30:00,0.45912498
2020-10-12 10:30:00,0.5022625
2020-10-13 10:30:00,0.5437125
2020-10-14 10:30:00,0.43419996
2020-10-15 10:30:00,0.39283746
2020-10-16 10:30:00,0.5154
2020-10-17 10:30:00,0.5070875
2020-10-18 10:30:00,0.5010625
2020-10-19 10:30:00,0.49248752
2020-10-20 10:30:00,0.36906248
2020-10-21 10:30:00,0.52221245
2020-10-22 10:30:00,0.4580875
2020-10-23 10:30:00,0.45278752
2020-10-24 10:30:00,0.47268748
2020-10-25 10:30:00,0.58537495
2020-10-26 10:30:00,0.49173746
2020-10-27 10:30:00,0.3932375
2020-10-28 10:30:00,0.3946375
2020-10-29 10:30:00,0.58366245
2020-10-30 10:30:00,0.366025
2020-10-31 10:30:00,0.5554
2020-11-01 10:30:00,0.50483745
2020-11-02 10:30:00,0.41924998
2020-11-03 10:30:00,0.3566875
2020-11-04 10:30:00,0.48318747
2020-11-05 10:30:00,0.46691248
2020-11-06 10:30:00,0.4637625
2020-11-07 10:30:00,0.5344125
2020-11-08 10:30:00,0.4747875
2020-11-09 10:30:00,0.5488875
2020-11-10 10:30:00,0.5759375
2020-11-11 10:30:00,0.46432498
2020-11-12 10:30:00,0.50817496
2020-11-13 10:30:00,0.4729
2020-11-14 10:30:00,0.43083748
2020-11-15 10:30:00,0.4643875
2020-11-16 10:30:00,0.5345
2020-11-17 10:30:00,0.6573625
2020-11-18 10:30:00,0.582625
2020-11-19 10:30:00,0.41735
2020-11-20 10:30:00,0.492925
2020-11-21 10:30:00,0.5090375
2020-11-22 10:30:00,0.53122497
2020-11-23 10:30:00,0.65705
2020-11-24 10:30:00,0.6849625
2020-11-25 10:30:00,0.5470375
2020-11-26 10:30:00,0.55162495
2020-11-27 10:30:00,0.5025
2020-11-28 10:30:00,0.5460875
2020-11-29 10:30:00,0.567375
2020-11-30 10:30:00,0.56584996
2020-12-01 10:30:00,0.583425
2020-12-02 10:30:00,0.551
2020-12-03 10:30:00,0.5121375
2020-12-04 10:30:00,0.5193375
2020-12-05 10:30:00,0.505075
2020-12-06 10:30:00,0.535725
2020-12-07 10:30:00,0.47302496
2020-12-08 10:30:00,0.474775
2020-12-09 10:30:00,0.46346247
2020-12-10 10:30:00,0.552275
2020-12-11 10:30:00,0.45949998
2020-12-12 10:30:00,0.505175
2020-12-13 10:30:00,0.45169997
2020-12-14 10:30:00,0.423975
2020-12-15 10:30:00,0.4094
2020-12-16 10:30:00,0.4829
2020-12-17 10:30:00,0.46937498
2020-12-18 10:30:00,0.4093375
2020-12-19 10:30:00,0.5402125
2020-12-20 10:30:00,0.49522498
2020-12-21 10:30:00,0.4504
2020-12-22 10:30:00,0.574525
2020-12-23 10:30:00,0.6238375
2020-12-24 10:30:00,0.57294995
2020-12-25 10:30:00,0.5854375
2020-12-26 10:30:00,0.6817125
2020-12-27 10:30:00,0.5687125
2020-12-28 10:30:00,0.51941246
2020-12-29 10:30:00,0.4453125
2020-12-30 10:30:00,0.48709998
2020-12-31 10:30:00,0.4655375
2021-01-01 10:30:00,0.458525
2021-01-02 10:30:00,0.5100125
2021-01-03 10:30:00,0.49566248
2021-01-04 10:30:00,0.4865625
2021-01-05 10:30:00,0.48599997
2021-01-06 10:30:00,0.3995
2021-01-07 10:30:00,0.4584375
2021-01-08 10:30:00,0.47735
2021-01-09 10:30:00,0.5742875
2021-01-10 10:30:00,0.541675
2021-01-11 10:30:00,0.55939996
2021-01-12 10:30:00,0.726275
2021-01-13 10:30:00,0.52975
2021-01-14 10:30:00,0.61325
2021-01-15 10:30:00,0.54597497
2021-01-16 10:30:00,0.5930125
2021-01-17 10:30:00,0.518
2021-01-18 10:30:00,0.43731248
2021-01-19 10:30:00,0.6484375
2021-01-20 10:30:00,0.634025
2021-01-21 10:30:00,0.65558743
2021-01-22 10:30:00,0.64942497
2021-01-23 10:30:00,0.62102497
2021-01-24 10:30:00,0.651925
2021-01-25 10:30:00,0.6475875
2021-01-26 10:30:00,0.47226247
2021-01-27 10:30:00,0.4512625
2021-01-28 10:30:00,0.44843748
2021-01-29 10:30:00,0.5782
2021-01-30 10:30:00,0.5344375
2021-01-31 10:30:00,0.71933746
2021-02-01 10:30:00,0.4966625
2021-02-02 10:30:00,0.461575
2021-02-03 10:30:00,0.4837625
2021-02-04 10:30:00,0.6504125
2021-02-05 10:30:00,0.592275
2021-02-06 10:30:00,0.5721875
2021-02-07 10:30:00,0.5577875
2021-02-08 10:30:00,0.6240375
2021-02-09 10:30:00,0.536125
2021-02-10 10:30:00,0.6057625
2021-02-11 10:30:00,0.537825
2021-02-12 10:30:00,0.46107498
2021-02-13 10:30:00,0.46246248
2021-02-14 10:30:00,0.41715
2021-02-15 10:30:00,0.39482498
2021-02-16 10:30:00,0.4131375
2021-02-17 10:30:00,0.35869998
2021-02-18 10:30:00,0.50203747
2021-02-19 10:30:00,0.4073
2021-02-20 10:30:00,0.6444
2021-02-21 10:30:00,0.63729995
2021-02-22 10:30:00,0.49785
2021-02-23 10:30:00,0.5842625
2021-02-24 10:30:00,0.5022
2021-02-25 10:30:00,0.4723125
2021-02-26 10:30:00,0.582075
2021-02-27 10:30:00,0.514125
2021-02-28 10:30:00,0.33304998
2021-03-01 10:30:00,0.463125
2021-03-02 10:30:00,0.55325
2021-03-03 10:30:00,0.6743875
2021-03-04 10:30:00,0.4599375
2021-03-05 10:30:00,0.33006248
2021-03-06 10:30:00,0.3729
2021-03-07 10:30:00,0.433475
2021-03-08 10:30:00,0.428125
2021-03-09 10:30:00,0.3051
2021-03-10 10:30:00,0.41033748
2021-03-11 10:30:00,0.357725
2021-03-12 10:30:00,0.3536875
2021-03-13 10:30:00,0.36561248
2021-03-14 10:30:00,0.37255
2021-03-15 10:30:00,0.3683375
2021-03-16 10:30:00,0.2454875
2021-03-17 10:30:00,0.37755
2021-03-18 10:30:00,0.324925
2021-03-19 10:30:00,0.574575
2021-03-20 10:30:00,0.7553
2021-03-21 10:30:00,0.54693747
2021-03-22 10:30:00,0.47031248
2021-03-23 10:30:00,0.3961375
2021-03-24 10:30:00,0.38584998
2021-03-25 10:30:00,0.38552502
2021-03-26 10:30:00,0.66135
2021-03-27 10:30:00,0.34522498
2021-03-28 10:30:00,0.4755125
2021-03-29 10:30:00,0.39058748
2021-03-30 10:30:00,0.264875
2021-03-31 10:30:00,0.39491248
2021-04-01 10:30:00,0.3748
2021-04-02 10:30:00,0.3790625
2021-04-03 10:30:00,0.3516875
2021-04-04 10:30:00,0.32678747
2021-04-05 10:30:00,0.3184375
2021-04-06 10:30:00,0.24661249
2021-04-07 10:30:00,0.30372497
2021-04-08 10:30:00,0.3797375
2021-04-09 10:30:00,0.3130625
2021-04-10 10:30:00,0.2864
2021-04-11 10:30:00,0.52647495
2021-04-12 10:30:00,0.4087125
2021-04-13 10:30:00,0.34245
2021-04-14 10:30:00,0.3532625
2021-04-15 10:30:00,0.6195375
2021-04-16 10:30:00,0.808975
2021-04-17 10:30:00,0.5287625
2021-04-18 10:30:00,0.40154997
2021-04-19 10:30:00,0.263625
2021-04-20 10:30:00,0.29795
2021-04-21 10:30:00,0.294425
2021-04-22 10:30:00,0.4572
2021-04-23 10:30:00,0.51791245
2021-04-24 10:30:00,0.32154998
2021-04-25 10:30:00,0.2356
2021-04-26 10:30:00,0.2805875
2021-04-27 10:30:00,0.3452375
2021-04-28 10:30:00,0.261475
2021-04-29 10:30:00,0.4341125
2021-04-30 10:30:00,0.74843746
2021-05-01 10:30:00,0.52717495
2021-05-02 10:30:00,0.2595625
2021-05-03 10:30:00,0.3585625
2021-05-04 10:30:00,0.43606248
2021-05-05 10:30:00,0.501025
2021-05-06 10:30:00,0.39485
2021-05-07 10:30:00,0.62067497
2021-05-08 10:30:00,0.562325
2021-05-09 10:30:00,0.4864125
2021-05-10 10:30:00,0.4615125
2021-05-11 10:30:00,0.4262625
2021-05-12 10:30:00,0.3946875
2021-05-13 10:30:00,0.3670875
2021-05-14 10:30:00,0.361575
2021-05-15 10:30:00,0.3947
2021-05-16 10:30:00,0.30365
2021-05-17 10:30:00,0.35202497
2021-05-18 10:30:00,0.44963747
2021-05-19 10:30:00,0.558525
2021-05-20 10:30:00,0.56815
2021-05-21 10:30:00,0.40397498
2021-05-22 10:30:00,0.30315
2021-05-23 10:30:00,0.45798752
2021-05-24 10:30:00,0.51493746
2021-05-25 10:30:00,0.39624998
2021-05-26 10:30:00,0.4431375
2021-05-27 10:30:00,0.664375
2021-05-28 10:30:00,0.64168745
2021-05-29 10:30:00,0.4885125
2021-05-30 10:30:00,0.5928625
2021-05-31 10:30:00,0.632475
2021-06-01 10:30:00,0.4666125
2021-06-02 10:30:00,0.9085375
2021-06-03 10:30:00,0.72705
2021-06-04 10:30:00,0.6929875
2021-06-05 10:30:00,0.68824995
2021-06-06 10:30:00,0.535875
2021-06-07 10:30:00,0.58858746
2021-06-08 10:30:00,0.7143875
2021-06-09 10:30:00,0.59467494
2021-06-10 10:30:00,0.516
2021-06-11 10:30:00,0.509775
2021-06-12 10:30:00,0.58125
2021-06-13 10:30:00,0.5865875
2021-06-14 10:30:00,0.87773746
2021-06-15 10:30:00,0.6926
2021-06-16 10:30:00,0.7065125
2021-06-17 10:30:00,0.486125
2021-06-18 10:30:00,0.6080625
2021-06-19 10:30:00,0.6692375
2021-06-20 10:30:00,0.7644625
2021-06-21 10:30:00,0.794975
2021-06-22 10:30:00,0.6921125
2021-06-23 10:30:00,0.6573625
2021-06-24 10:30:00,0.6029125
2021-06-25 10:30:00,0.68555
2021-06-26 10:30:00,0.74511254
2021-06-27 10:30:00,0.75308746
2021-06-28 10:30:00,0.762625
2021-06-29 10:30:00,0.74815
2021-06-30 10:30:00,0.803675
2021-07-01 10:30:00,0.77888745
2021-07-02 10:30:00,0.86501247
2021-07-03 10:30:00,0.85963744
2021-07-04 10:30:00,0.8739875
2021-07-05 10:30:00,0.77559996
2021-07-06 10:30:00,0.83506244
2021-07-07 10:30:00,0.82926244
2021-07-08 10:30:00,0.8889875
2021-07-09 10:30:00,0.8314499
2021-07-10 10:30:00,0.85165
2021-07-11 10:30:00,0.7798
2021-07-12 10:30:00,0.83555
2021-07-13 10:30:00,0.8933375
2021-07-14 10:30:00,0.8068
2021-07-15 10:30:00,0.86020005
2021-07-16 10:30:00,0.75553745
2021-07-17 10:30:00,0.920675
2021-07-18 10:30:00,0.87333745
2021-07-19 10:30:00,0.75302494
2021-07-20 10:30:00,0.7922999
2021-07-21 10:30:00,0.84511244
2021-07-22 10:30:00,0.9153625
2021-07-23 10:30:00,0.86974996
2021-07-24 10:30:00,0.810725
2021-07-25 10:30:00,0.7863375
2021-07-26 10:30:00,0.897825
2021-07-27 10:30:00,0.8263625
2021-07-28 10:30:00,0.763225
2021-07-29 10:30:00,0.8019874
2021-07-30 10:30:00,0.790575
2021-07-31 10:30:00,0.8182
2021-08-01 10:30:00,0.88217497
2021-08-02 10:30:00,0.73421246
2021-08-03 10:30:00,0.76888746
2021-08-04 10:30:00,0.85934997
2021-08-05 10:30:00,0.743675
2021-08-06 10:30:00,0.76121247
2021-08-07 10:30:00,0.78728753
2021-08-08 10:30:00,0.8117375
2021-08-09 10:30:00,0.8357125
2021-08-10 10:30:00,0.885875
2021-08-11 10:30:00,0.7993125
2021-08-12 10:30:00,0.8142
2021-08-13 10:30:00,0.78278744
2021-08-14 10:30:00,0.850875
2021-08-15 10:30:00,0.8223125
2021-08-16 10:30:00,0.8199125
2021-08-17 10:30:00,0.746875
2021-08-18 10:30:00,0.76574993
2021-08-19 10:30:00,0.884125
2021-08-20 10:30:00,0.7247625
2021-08-21 10:30:00,0.6958875
2021-08-22 10:30:00,0.75163746
2021-08-23 10:30:00,0.8064875
2021-08-24 10:30:00,0.7867625
2021-08-25 10:30:00,0.85475
2021-08-26 10:30:00,0.90639997
2021-08-27 10:30:00,0.79641247
2021-08-28 10:30:00,0.71317494
2021-08-29 10:30:00,0.71389997
2021-08-30 10:30:00,0.7920375
2021-08-31 10:30:00,0.73121244
2021-09-01 10:30:00,0.79239994
2021-09-02 10:30:00,0.74111253
2021-09-03 10:30:00,0.8345375
2021-09-04 10:30:00,0.794275
2021-09-05 10:30:00,0.89292496
2021-09-06 10:30:00,0.95841247
2021-09-07 10:30:00,0.8088625
2021-09-08 10:30:00,0.8678375
2021-09-09 10:30:00,0.87502503
2021-09-10 10:30:00,0.638325
2021-09-11 10:30:00,0.73389995
2021-09-12 10:30:00,0.7794625
2021-09-13 10:30:00,0.68195
2021-09-14 10:30:00,0.71718746
2021-09-15 10:30:00,0.89677495
2021-09-16 10:30:00,0.64006245
2021-09-17 10:30:00,0.72167504
2021-09-18 10:30:00,0.69287497
2021-09-19 10:30:00,0.88213754
2021-09-20 10:30:00,0.8538375
2021-09-21 10:30:00,0.74591243
2021-09-22 10:30:00,0.6797625
2021-09-23 10:30:00,0.755975
2021-09-24 10:30:00,0.8675375
2021-09-25 10:30:00,0.9350375
2021-09-26 10:30:00,0.91975
2021-09-27 10:30:00,0.6668375
2021-09-28 10:30:00,0.556925
2021-09-29 10:30:00,0.550325
2021-09-30 10:30:00,0.63525
2021-10-01 10:30:00,0.6709625
2021-10-02 10:30:00,0.55658746
2021-10-03 10:30:00,0.7826
2021-10-04 10:30:00,0.63414997
2021-10-05 10:30:00,0.56764996
2021-10-06 10:30:00,0.67794997
2021-10-07 10:30:00,0.58898747
2021-10-08 10:30:00,0.49307498
2021-10-09 10:30:00,0.48401248
2021-10-10 10:30:00,0.479925
2021-10-11 10:30:00,0.52863747
2021-10-12 10:30:00,0.53161246
2021-10-13 10:30:00,0.6290875
2021-10-14 10:30:00,0.567975
2021-10-15 10:30:00,0.464425
2021-10-16 10:30:00,0.4447375
2021-10-17 10:30:00,0.6111
2021-10-18 10:30:00,0.581075
2021-10-19 10:30:00,0.560325
2021-10-20 10:30:00,0.6002
2021-10-21 10:30:00,0.5815
2021-10-22 10:30:00,0.55422497
2021-10-23 10:30:00,0.4941875
2021-10-24 10:30:00,0.506525
2021-10-25 10:30:00,0.466625
2021-10-26 10:30:00,0.49665
2021-10-27 10:30:00,0.5170625
2021-10-28 10:30:00,0.62032497
2021-10-29 10:30:00,0.5482
2021-10-30 10:30:00,0.6174375
2021-10-31 10:30:00,0.51871246
2021-11-01 10:30:00,0.6729
2021-11-02 10:30:00,0.6854
2021-11-03 10:30:00,0.7016125
2021-11-04 10:30:00,0.5973625
2021-11-05 10:30:00,0.57616246
2021-11-06 10:30:00,0.513125
2021-11-07 10:30:00,0.577075
2021-11-08 10:30:00,0.37156248
2021-11-09 10:30:00,0.53811246
2021-11-10 10:30:00,0.42929998
2021-11-11 10:30:00,0.42213747
2021-11-12 10:30:00,0.45886248
2021-11-13 10:30:00,0.58385
2021-11-14 10:30:00,0.5792625
2021-11-15 10:30:00,0.6451375
2021-11-16 10:30:00,0.6602375
2021-11-17 10:30:00,0.43722498
2021-11-18 10:30:00,0.47241247
2021-11-19 10:30:00,0.63322496
2021-11-20 10:30:00,0.65309995
2021-11-21 10:30:00,0.8126
2021-11-22 10:30:00,0.54625
2021-11-23 10:30:00,0.50763744
2021-11-24 10:30:00,0.5174
2021-11-25 10:30:00,0.514925
2021-11-26 10:30:00,0.73811245
2021-11-27 10:30:00,0.71682495
2021-11-28 10:30:00,0.6214375
2021-11-29 10:30:00,0.66957504
2021-11-30 10:30:00,0.62855
2021-12-01 10:30:00,0.64785004
2021-12-02 10:30:00,0.45886248
2021-12-03 10:30:00,0.4962875
2021-12-04 10:30:00,0.74122494
2021-12-05 10:30:00,0.553575
2021-12-06 10:30:00,0.50088745
2021-12-07 10:30:00,0.5223375
2021-12-08 10:30:00,0.586325
2021-12-09 10:30:00,0.67792493
2021-12-10 10:30:00,0.53183746
2021-12-11 10:30:00,0.5103875
2021-12-12 10:30:00,0.5087875
2021-12-13 10:30:00,0.5221
2021-12-14 10:30:00,0.55537504
2021-12-15 10:30:00,0.79235
2021-12-16 10:30:00,0.5050375
2021-12-17 10:30:00,0.53284997
2021-12-18 10:30:00,0.6497375
2021-12-19 10:30:00,0.6555625
2021-12-20 10:30:00,0.43966252
2021-12-21 10:30:00,0.48804998
2021-12-22 10:30:00,0.56193745
2021-12-23 10:30:00,0.459425
2021-12-24 10:30:00,0.469925
2021-12-25 10:30:00,0.51105
2021-12-26 10:30:00,0.57686245
2021-12-27 10:30:00,0.68632495
2021-12-28 10:30:00,0.5614125
2021-12-29 10:30:00,0.5684125
2021-12-30 10:30:00,0.52305
2021-12-31 10:30:00,0.600575
2022-01-01 10:30:00,0.548375
2022-01-02 10:30:00,0.5200125
2022-01-03 10:30:00,0.54739994
2022-01-04 10:30:00,0.66638744
2022-01-05 10:30:00,0.579225
2022-01-06 10:30:00,0.69528747
2022-01-07 10:30:00,0.53411245
2022-01-08 10:30:00,0.6519625
2022-01-09 10:30:00,0.531025
2022-01-10 10:30:00,0.4996
2022-01-11 10:30:00,0.491125
2022-01-12 10:30:00,0.544675
2022-01-13 10:30:00,0.612575
2022-01-14 10:30:00,0.626375
2022-01-15 10:30:00,0.5179
2022-01-16 10:30:00,0.5468625
2022-01-17 10:30:00,0.54775
2022-01-18 10:30:00,0.5686375
2022-01-19 10:30:00,0.4932375
2022-01-20 10:30:00,0.49046248
2022-01-21 10:30:00,0.5309875
2022-01-22 10:30:00,0.60845
2022-01-23 10:30:00,0.612875
2022-01-24 10:30:00,0.7183125
2022-01-25 10:30:00,0.569025
2022-01-26 10:30:00,0.57651246
2022-01-27 10:30:00,0.59161246
2022-01-28 10:30:00,0.49676248
2022-01-29 10:30:00,0.4557125
2022-01-30 10:30:00,0.51827496
2022-01-31 10:30:00,0.50369996
2022-02-01 10:30:00,0.5249
2022-02-02 10:30:00,0.5042625
2022-02-03 10:30:00,0.484725
2022-02-04 10:30:00,0.45639998
2022-02-05 10:30:00,0.49189997
2022-02-06 10:30:00,0.50299996
2022-02-07 10:30:00,0.6079
2022-02-08 10:30:00,0.588775
2022-02-09 10:30:00,0.5004
2022-02-10 10:30:00,0.73199993
2022-02-11 10:30:00,0.5585625
2022-02-12 10:30:00,0.59148747
2022-02-13 10:30:00,0.6079625
2022-02-14 10:30:00,0.59147495
2022-02-15 10:30:00,0.53575
2022-02-16 10:30:00,0.502375
2022-02-17 10:30:00,0.5869875
2022-02-18 10:30:00,0.6288
2022-02-19 10:30:00,0.5142
2022-02-20 10:30:00,0.550325
2022-02-21 10:30:00,0.51299995
2022-02-22 10:30:00,0.56123745
2022-02-23 10:30:00,0.51669997
2022-02-24 10:30:00,0.47707498
2022-02-25 10:30:00,0.55845
2022-02-26 10:30:00,0.55869997
2022-02-27 10:30:00,0.591025
2022-02-28 10:30:00,0.57835
2022-03-01 10:30:00,0.5205125
2022-03-02 10:30:00,0.4743375
2022-03-03 10:30:00,0.5046125
2022-03-04 10:30:00,0.48499998
2022-03-05 10:30:00,0.4205625
2022-03-06 10:30:00,0.39166248
2022-03-07 10:30:00,0.42302498
2022-03-08 10:30:00,0.50159997
2022-03-09 10:30:00,0.43336248
2022-03-10 10:30:00,0.170075
2022-03-11 10:30:00,0.20838751
2022-03-12 10:30:00,0.68883747
2022-03-13 10:30:00,0.64928746
2022-03-14 10:30:00,0.67410004
2022-03-15 10:30:00,0.64426255
2022-03-16 10:30:00,0.393825
2022-03-17 10:30:00,0.48491248
2022-03-18 10:30:00,0.53548753
2022-03-19 10:30:00,0.429725
2022-03-20 10:30:00,0.46862498
2022-03-21 10:30:00,0.3973875
2022-03-22 10:30:00,0.35047498
2022-03-23 10:30:00,0.57717496
2022-03-24 10:30:00,0.69474995
2022-03-25 10:30:00,0.5259625
2022-03-26 10:30:00,0.46966246
2022-03-27 10:30:00,0.42846248
2022-03-28 10:30:00,0.3572375
2022-03-29 10:30:00,0.28878748
2022-03-30 10:30:00,0.30746248
2022-03-31 10:30:00,0.308875
2022-04-01 10:30:00,0.289025
2022-04-02 10:30:00,0.3231
2022-04-03 10:30:00,0.284475
2022-04-04 10:30:00,0.30908749
2022-04-05 10:30:00,0.32057497
2022-04-06 10:30:00,0.2894125
2022-04-07 10:30:00,0.3728625
2022-04-08 10:30:00,0.32084998
2022-04-09 10:30:00,0.24848749
2022-04-10 10:30:00,0.38968748
2022-04-11 10:30:00,0.35549998
2022-04-12 10:30:00,0.4265
2022-04-13 10:30:00,0.3834625
2022-04-14 10:30:00,0.3799125
2022-04-15 10:30:00,0.2583
2022-04-16 10:30:00,0.3505875
2022-04-17 10:30:00,0.3641875
2022-04-18 10:30:00,0.33435002
2022-04-19 10:30:00,0.2699625
2022-04-20 10:30:00,0.2868875
2022-04-21 10:30:00,0.79800004
2022-04-22 10:30:00,0.44747502
2022-04-23 10:30:00,0.47834998
2022-04-24 10:30:00,0.5131625
2022-04-25 10:30:00,0.65929997
2022-04-26 10:30:00,0.4017875
2022-04-27 10:30:00,0.356175
2022-04-28 10:30:00,0.24247499
2022-04-29 10:30:00,0.50326246
2022-04-30 10:30:00,0.4277125
2022-05-01 10:30:00,0.34057498
2022-05-02 10:30:00,0.3756
2022-05-03 10:30:00,0.48235
2022-05-04 10:30:00,0.40822497
2022-05-05 10:30:00,0.6916
2022-05-06 10:30:00,0.3491125
2022-05-07 10:30:00,0.2793625
2022-05-08 10:30:00,0.23065
2022-05-09 10:30:00,0.2417125
2022-05-10 10:30:00,0.5525125
2022-05-11 10:30:00,0.5309125
2022-05-12 10:30:00,0.57177496
2022-05-13 10:30:00,0.7043125
2022-05-14 10:30:00,0.44717497
2022-05-15 10:30:00,0.40697497
2022-05-16 10:30:00,0.33517498
2022-05-17 10:30:00,0.40899998
2022-05-18 10:30:00,0.433925
2022-05-19 10:30:00,0.45669997
2022-05-20 10:30:00,0.2949375
2022-05-21 10:30:00,0.40157497
2022-05-22 10:30:00,0.386375
2022-05-23 10:30:00,0.40136248
2022-05-24 10:30:00,0.78165
2022-05-25 10:30:00,0.5095625
2022-05-26 10:30:00,0.50107497
2022-05-27 10:30:00,0.346025
2022-05-28 10:30:00,0.4776125
2022-05-29 10:30:00,0.68021244
2022-05-30 10:30:00,0.7502625
2022-05-31 10:30:00,0.5831375
2022-06-01 10:30:00,0.6433875
2022-06-02 10:30:00,0.47149998
2022-06-03 10:30:00,0.58722496
2022-06-04 10:30:00,0.67018753
2022-06-05 10:30:00,0.58471245
2022-06-06 10:30:00,0.56479996
2022-06-07 10:30:00,0.8208
2022-06-08 10:30:00,0.6746
2022-06-09 10:30:00,0.678375
2022-06-10 10:30:00,0.6441375
2022-06-11 10:30:00,0.7332625
2022-06-12 10:30:00,0.89068747
2022-06-13 10:30:00,0.83608747
2022-06-14 10:30:00,0.8583625
2022-06-15 10:30:00,0.7903625
2022-06-16 10:30:00,0.8507625
2022-06-17 10:30:00,0.692575
2022-06-18 10:30:00,0.63153744
2022-06-19 10:30:00,0.65849996
2022-06-20 10:30:00,0.6885125
2022-06-21 10:30:00,0.56165
2022-06-22 10:30:00,0.599075
2022-06-23 10:30:00,0.6994
2022-06-24 10:30:00,0.8094
2022-06-25 10:30:00,0.790075
2022-06-26 10:30:00,0.727425
2022-06-27 10:30:00,0.77778745
2022-06-28 10:30:00,0.728575
2022-06-29 10:30:00,0.74315
2022-06-30 10:30:00,0.80311245
2022-07-01 10:30:00,0.79035
2022-07-02 10:30:00,0.814775
2022-07-03 10:30:00,0.698375
2022-07-04 10:30:00,0.76511246
2022-07-05 10:30:00,0.8351375
2022-07-06 10:30:00,0.7996625
2022-07-07 10:30:00,0.703075
2022-07-08 10:30:00,0.64059997
2022-07-09 10:30:00,0.6636125
2022-07-10 10:30:00,0.66839993
2022-07-11 10:30:00,0.69664997
2022-07-12 10:30:00,0.62953746
2022-07-13 10:30:00,0.83247495
2022-07-14 10:30:00,0.722425
2022-07-15 10:30:00,0.85762495
2022-07-16 10:30:00,0.81913745
2022-07-17 10:30:00,0.80871254
2022-07-18 10:30:00,0.77639997
2022-07-19 10:30:00,0.6677375
2022-07-20 10:30:00,0.7501875
2022-07-21 10:30:00,0.81874996
2022-07-22 10:30:00,0.77308744
2022-07-23 10:30:00,0.87885
2022-07-24 10:30:00,0.863775
2022-07-25 10:30:00,0.8295625
2022-07-26 10:30:00,0.886425
2022-07-27 10:30:00,0.88058746
2022-07-28 10:30:00,0.8008999
2022-07-29 10:30:00,0.8247125
2022-07-30 10:30:00,0.7936625
2022-07-31 10:30:00,0.74055
2022-08-01 10:30:00,0.70584995
2022-08-02 10:30:00,0.8013375
2022-08-03 10:30:00,0.7332375
2022-08-04 10:30:00,0.8762625
2022-08-05 10:30:00,0.6078625
2022-08-06 10:30:00,0.73131245
2022-08-07 10:30:00,0.671425
2022-08-08 10:30:00,0.6091625
2022-08-09 10:30:00,0.57124996
2022-08-10 10:30:00,0.5723375
2022-08-11 10:30:00,0.70497495
2022-08-12 10:30:00,0.6591375
2022-08-13 10:30:00,0.731725
2022-08-14 10:30:00,0.85485
2022-08-15 10:30:00,0.88616246
2022-08-16 10:30:00,0.7222625
2022-08-17 10:30:00,0.6772625
2022-08-18 10:30:00,0.76966244
2022-08-19 10:30:00,0.6317
2022-08-20 10:30:00,0.668225
2022-08-21 10:30:00,0.7636875
2022-08-22 10:30:00,0.666025
2022-08-23 10:30:00,0.62853754
2022-08-24 10:30:00,0.609675
2022-08-25 10:30:00,0.5924625
2022-08-26 10:30:00,0.6792875
2022-08-27 10:30:00,0.67832494
2022-08-28 10:30:00,0.6976875
2022-08-29 10:30:00,0.6970125
2022-08-30 10:30:00,0.63065
2022-08-31 10:30:00,0.6111
2022-09-01 10:30:00,0.5797
2022-09-02 10:30:00,0.61031246
2022-09-03 10:30:00,0.66793746
2022-09-04 10:30:00,0.6764625
2022-09-05 10:30:00,0.5890625
2022-09-06 10:30:00,0.6611
2022-09-07 10:30:00,0.587325
2022-09-08 10:30:00,0.6349875
2022-09-09 10:30:00,0.642975
2022-09-10 10:30:00,0.632425
2022-09-11 10:30:00,0.651125
2022-09-12 10:30:00,0.63586247
2022-09-13 10:30:00,0.6788875
2022-09-14 10:30:00,0.6603375
2022-09-15 10:30:00,0.698825
2022-09-16 10:30:00,0.6739
2022-09-17 10:30:00,0.4773
2022-09-18 10:30:00,0.4329
2022-09-19 10:30:00,0.2878125
2022-09-20 10:30:00,0.4288
2022-09-21 10:30:00,0.4439
2022-09-22 10:30:00,0.7827749
2022-09-23 10:30:00,0.5717125
2022-09-24 10:30:00,0.51369995
2022-09-25 10:30:00,0.48904997
2022-09-26 10:30:00,0.58858746
2022-09-27 10:30:00,0.45768747
2022-09-28 10:30:00,0.55622494
2022-09-29 10:30:00,0.5417375
2022-09-30 10:30:00,0.82613754
2022-10-01 10:30:00,0.8049375
2022-10-02 10:30:00,0.80591244
2022-10-03 10:30:00,0.5001625
2022-10-04 10:30:00,0.4784125
2022-10-05 10:30:00,0.518325
2022-10-06 10:30:00,0.61286247
2022-10-07 10:30:00,0.6069875
2022-10-08 10:30:00,0.8096374
2022-10-09 10:30:00,0.56022495
2022-10-10 10:30:00,0.435975
2022-10-11 10:30:00,0.49011248
2022-10-12 10:30:00,0.4019875
2022-10-13 10:30:00,0.50163746
2022-10-14 10:30:00,0.40937498
2022-10-15 10:30:00,0.35933748
2022-10-16 10:30:00,0.48694998
2022-10-17 10:30:00,0.48009998
2022-10-18 10:30:00,0.5447
2022-10-19 10:30:00,0.35703748
2022-10-20 10:30:00,0.4924625
2022-10-21 10:30:00,0.5566
2022-10-22 10:30:00,0.57722497
2022-10-23 10:30:00,0.5405
2022-10-24 10:30:00,0.5717125
2022-10-25 10:30:00,0.40075
2022-10-26 10:30:00,0.508325
2022-10-27 10:30:00,0.52204996
2022-10-28 10:30:00,0.55612504
2022-10-29 10:30:00,0.59578747
2022-10-30 10:30:00,0.64825
2022-10-31 10:30:00,0.55518746
2022-11-01 10:30:00,0.43796247
2022-11-02 10:30:00,0.36103746
2022-11-03 10:30:00,0.48424998
2022-11-04 10:30:00,0.45831248
2022-11-05 10:30:00,0.545075
2022-11-06 10:30:00,0.5532
2022-11-07 10:30:00,0.5868125
2022-11-08 10:30:00,0.52235
2022-11-09 10:30:00,0.4729375
2022-11-10 10:30:00,0.59357494
2022-11-11 10:30:00,0.5168125
2022-11-12 10:30:00,0.523775
2022-11-13 10:30:00,0.603225
2022-11-14 10:30:00,0.5808375
2022-11-15 10:30:00,0.509975
2022-11-16 10:30:00,0.5935625
2022-11-17 10:30:00,0.55325
2022-11-18 10:30:00,0.5193375
2022-11-19 10:30:00,0.56221247
2022-11-20 10:30:00,0.50775
2022-11-21 10:30:00,0.5668125
2022-11-22 10:30:00,0.60627496
2022-11-23 10:30:00,0.679575
2022-11-24 10:30:00,0.81775
2022-11-25 10:30:00,0.5938375
2022-11-26 10:30:00,0.530425
2022-11-27 10:30:00,0.75966245
2022-11-28 10:30:00,0.66903746
2022-11-29 10:30:00,0.46232498
2022-11-30 10:30:00,0.453125
2022-12-01 10:30:00,0.533725
2022-12-02 10:30:00,0.554725
2022-12-03 10:30:00,0.478
2022-12-04 10:30:00,0.534175
2022-12-05 10:30:00,0.5280125
2022-12-06 10:30:00,0.58454996
2022-12-07 10:30:00,0.5969625
2022-12-08 10:30:00,0.6145875
2022-12-09 10:30:00,0.606075
2022-12-10 10:30:00,0.63894993
2022-12-11 10:30:00,0.58037496
2022-12-12 10:30:00,0.48077497
2022-12-13 10:30:00,0.43522498
2022-12-14 10:30:00,0.38267502
2022-12-15 10:30:00,0.520175
2022-12-16 10:30:00,0.47562498
2022-12-17 10:30:00,0.48794997
2022-12-18 10:30:00,0.45553747
2022-12-19 10:30:00,0.59669995
2022-12-20 10:30:00,0.72108746
2022-12-21 10:30:00,0.5364625
2022-12-22 10:30:00,0.4968125
2022-12-23 10:30:00,0.4786875
2022-12-24 10:30:00,0.41783747
2022-12-25 10:30:00,0.65749997
2022-12-26 10:30:00,0.7133875
2022-12-27 10:30:00,0.6761875
2022-12-28 10:30:00,0.566175
2022-12-29 10:30:00,0.56238747
2022-12-30 10:30:00,0.501725
2022-12-31 10:30:00,0.5002125
