time,rhum
2012-01-01 10:30:00,0.62918746
2012-01-02 10:30:00,0.6348125
2012-01-03 10:30:00,0.5957125
2012-01-04 10:30:00,0.607175
2012-01-05 10:30:00,0.5703875
2012-01-06 10:30:00,0.56409997
2012-01-07 10:30:00,0.57147497
2012-01-08 10:30:00,0.632625
2012-01-09 10:30:00,0.6413375
2012-01-10 10:30:00,0.52215
2012-01-11 10:30:00,0.639125
2012-01-12 10:30:00,0.67775
2012-01-13 10:30:00,0.65535
2012-01-14 10:30:00,0.622125
2012-01-15 10:30:00,0.6389
2012-01-16 10:30:00,0.6842625
2012-01-17 10:30:00,0.6831625
2012-01-18 10:30:00,0.5677125
2012-01-19 10:30:00,0.5437375
2012-01-20 10:30:00,0.459075
2012-01-21 10:30:00,0.4723875
2012-01-22 10:30:00,0.51902497
2012-01-23 10:30:00,0.5184125
2012-01-24 10:30:00,0.50726247
2012-01-25 10:30:00,0.5620125
2012-01-26 10:30:00,0.53311247
2012-01-27 10:30:00,0.48523748
2012-01-28 10:30:00,0.460425
2012-01-29 10:30:00,0.500475
2012-01-30 10:30:00,0.46951246
2012-01-31 10:30:00,0.452275
2012-02-01 10:30:00,0.4708375
2012-02-02 10:30:00,0.5088625
2012-02-03 10:30:00,0.5380875
2012-02-04 10:30:00,0.5500875
2012-02-05 10:30:00,0.48955
2012-02-06 10:30:00,0.4925375
2012-02-07 10:30:00,0.5084375
2012-02-08 10:30:00,0.56067497
2012-02-09 10:30:00,0.5431875
2012-02-10 10:30:00,0.519225
2012-02-11 10:30:00,0.5000375
2012-02-12 10:30:00,0.530425
2012-02-13 10:30:00,0.49926248
2012-02-14 10:30:00,0.47612497
2012-02-15 10:30:00,0.51895
2012-02-16 10:30:00,0.4815
2012-02-17 10:30:00,0.52305
2012-02-18 10:30:00,0.54319996
2012-02-19 10:30:00,0.49658749
2012-02-20 10:30:00,0.464275
2012-02-21 10:30:00,0.32938752
2012-02-22 10:30:00,0.409
2012-02-23 10:30:00,0.5466875
2012-02-24 10:30:00,0.5366125
2012-02-25 10:30:00,0.4963375
2012-02-26 10:30:00,0.5768375
2012-02-27 10:30:00,0.5164
2012-02-28 10:30:00,0.5505875
2012-02-29 10:30:00,0.576975
2012-03-01 10:30:00,0.5035625
2012-03-02 10:30:00,0.5089125
2012-03-03 10:30:00,0.553725
2012-03-04 10:30:00,0.731875
2012-03-05 10:30:00,0.79583746
2012-03-06 10:30:00,0.59739995
2012-03-07 10:30:00,0.6374625
2012-03-08 10:30:00,0.5298375
2012-03-09 10:30:00,0.49068746
2012-03-10 10:30:00,0.5962
2012-03-11 10:30:00,0.5736375
2012-03-12 10:30:00,0.529225
2012-03-13 10:30:00,0.541975
2012-03-14 10:30:00,0.5638625
2012-03-15 10:30:00,0.464525
2012-03-16 10:30:00,0.4749125
2012-03-17 10:30:00,0.27563748
2012-03-18 10:30:00,0.42697498
2012-03-19 10:30:00,0.3843625
2012-03-20 10:30:00,0.3499375
2012-03-21 10:30:00,0.49401248
2012-03-22 10:30:00,0.35077497
2012-03-23 10:30:00,0.61099994
2012-03-24 10:30:00,0.4821625
2012-03-25 10:30:00,0.48142502
2012-03-26 10:30:00,0.356675
2012-03-27 10:30:00,0.394525
2012-03-28 10:30:00,0.3031625
2012-03-29 10:30:00,0.5832875
2012-03-30 10:30:00,0.5200375
2012-03-31 10:30:00,0.426575
2012-04-01 10:30:00,0.3401625
2012-04-02 10:30:00,0.38875
2012-04-03 10:30:00,0.52771246
2012-04-04 10:30:00,0.572375
2012-04-05 10:30:00,0.5314125
2012-04-06 10:30:00,0.4268125
2012-04-07 10:30:00,0.316975
2012-04-08 10:30:00,0.5343625
2012-04-09 10:30:00,0.24672501
2012-04-10 10:30:00,0.335625
2012-04-11 10:30:00,0.37943748
2012-04-12 10:30:00,0.436775
2012-04-13 10:30:00,0.34742498
2012-04-14 10:30:00,0.696625
2012-04-15 10:30:00,0.433725
2012-04-16 10:30:00,0.386375
2012-04-17 10:30:00,0.39822498
2012-04-18 10:30:00,0.26982498
2012-04-19 10:30:00,0.44097498
2012-04-20 10:30:00,0.2937375
2012-04-21 10:30:00,0.38553748
2012-04-22 10:30:00,0.3670125
2012-04-23 10:30:00,0.3882125
2012-04-24 10:30:00,0.23761249
2012-04-25 10:30:00,0.293175
2012-04-26 10:30:00,0.2751875
2012-04-27 10:30:00,0.665375
2012-04-28 10:30:00,0.45428747
2012-04-29 10:30:00,0.28399998
2012-04-30 10:30:00,0.3116125
2012-05-01 10:30:00,0.2633125
2012-05-02 10:30:00,0.35509998
2012-05-03 10:30:00,0.27135
2012-05-04 10:30:00,0.26049998
2012-05-05 10:30:00,0.1939375
2012-05-06 10:30:00,0.264125
2012-05-07 10:30:00,0.31617498
2012-05-08 10:30:00,0.33636248
2012-05-09 10:30:00,0.4128125
2012-05-10 10:30:00,0.430075
2012-05-11 10:30:00,0.47318748
2012-05-12 10:30:00,0.562675
2012-05-13 10:30:00,0.37307498
2012-05-14 10:30:00,0.55505
2012-05-15 10:30:00,0.5880375
2012-05-16 10:30:00,0.59625
2012-05-17 10:30:00,0.41791248
2012-05-18 10:30:00,0.257125
2012-05-19 10:30:00,0.3014875
2012-05-20 10:30:00,0.29215
2012-05-21 10:30:00,0.3412375
2012-05-22 10:30:00,0.29782498
2012-05-23 10:30:00,0.30389997
2012-05-24 10:30:00,0.2864625
2012-05-25 10:30:00,0.37752497
2012-05-26 10:30:00,0.3805
2012-05-27 10:30:00,0.33952498
2012-05-28 10:30:00,0.45279998
2012-05-29 10:30:00,0.580275
2012-05-30 10:30:00,0.70739996
2012-05-31 10:30:00,0.5605625
2012-06-01 10:30:00,0.67851245
2012-06-02 10:30:00,0.9500875
2012-06-03 10:30:00,0.7805
2012-06-04 10:30:00,0.7801125
2012-06-05 10:30:00,0.68067497
2012-06-06 10:30:00,0.7621374
2012-06-07 10:30:00,0.56558746
2012-06-08 10:30:00,0.7485875
2012-06-09 10:30:00,0.66195
2012-06-10 10:30:00,0.708525
2012-06-11 10:30:00,0.7757875
2012-06-12 10:30:00,0.80826247
2012-06-13 10:30:00,0.8842875
2012-06-14 10:30:00,0.836225
2012-06-15 10:30:00,0.7413875
2012-06-16 10:30:00,0.72973746
2012-06-17 10:30:00,0.8521625
2012-06-18 10:30:00,0.70568746
2012-06-19 10:30:00,0.660075
2012-06-20 10:30:00,0.670775
2012-06-21 10:30:00,0.6297875
2012-06-22 10:30:00,0.672275
2012-06-23 10:30:00,0.7
2012-06-24 10:30:00,0.8591874
2012-06-25 10:30:00,0.86091244
2012-06-26 10:30:00,0.8140875
2012-06-27 10:30:00,0.7549
2012-06-28 10:30:00,0.8232374
2012-06-29 10:30:00,0.71538746
2012-06-30 10:30:00,0.619075
2012-07-01 10:30:00,0.8108625
2012-07-02 10:30:00,0.8232875
2012-07-03 10:30:00,0.77966243
2012-07-04 10:30:00,0.77823746
2012-07-05 10:30:00,0.805575
2012-07-06 10:30:00,0.7812875
2012-07-07 10:30:00,0.6954125
2012-07-08 10:30:00,0.8235625
2012-07-09 10:30:00,0.75563747
2012-07-10 10:30:00,0.89887494
2012-07-11 10:30:00,0.92405
2012-07-12 10:30:00,0.8526625
2012-07-13 10:30:00,0.7424375
2012-07-14 10:30:00,0.718425
2012-07-15 10:30:00,0.75885
2012-07-16 10:30:00,0.65545
2012-07-17 10:30:00,0.6172625
2012-07-18 10:30:00,0.789475
2012-07-19 10:30:00,0.7986125
2012-07-20 10:30:00,0.8340375
2012-07-21 10:30:00,0.79989994
2012-07-22 10:30:00,0.84665
2012-07-23 10:30:00,0.70989996
2012-07-24 10:30:00,0.804875
2012-07-25 10:30:00,0.84615
2012-07-26 10:30:00,0.75607497
2012-07-27 10:30:00,0.73356247
2012-07-28 10:30:00,0.8998749
2012-07-29 10:30:00,0.81683743
2012-07-30 10:30:00,0.75988746
2012-07-31 10:30:00,0.72788745
2012-08-01 10:30:00,0.7597125
2012-08-02 10:30:00,0.8012625
2012-08-03 10:30:00,0.85684997
2012-08-04 10:30:00,0.81703746
2012-08-05 10:30:00,0.732475
2012-08-06 10:30:00,0.701575
2012-08-07 10:30:00,0.73653746
2012-08-08 10:30:00,0.728275
2012-08-09 10:30:00,0.61615
2012-08-10 10:30:00,0.77985
2012-08-11 10:30:00,0.8005874
2012-08-12 10:30:00,0.65778744
2012-08-13 10:30:00,0.6411875
2012-08-14 10:30:00,0.76525
2012-08-15 10:30:00,0.6136375
2012-08-16 10:30:00,0.6104875
2012-08-17 10:30:00,0.7507375
2012-08-18 10:30:00,0.7019
2012-08-19 10:30:00,0.61943746
2012-08-20 10:30:00,0.65675
2012-08-21 10:30:00,0.6433875
2012-08-22 10:30:00,0.47823748
2012-08-23 10:30:00,0.600025
2012-08-24 10:30:00,0.62979996
2012-08-25 10:30:00,0.677275
2012-08-26 10:30:00,0.673375
2012-08-27 10:30:00,0.7597249
2012-08-28 10:30:00,0.588825
2012-08-29 10:30:00,0.619375
2012-08-30 10:30:00,0.6090625
2012-08-31 10:30:00,0.51885
2012-09-01 10:30:00,0.6224875
2012-09-02 10:30:00,0.87241244
2012-09-03 10:30:00,0.83925
2012-09-04 10:30:00,0.72996247
2012-09-05 10:30:00,0.728525
2012-09-06 10:30:00,0.5907125
2012-09-07 10:30:00,0.6571625
2012-09-08 10:30:00,0.6829625
2012-09-09 10:30:00,0.6277875
2012-09-10 10:30:00,0.6746625
2012-09-11 10:30:00,0.91522497
2012-09-12 10:30:00,0.84152496
2012-09-13 10:30:00,0.728675
2012-09-14 10:30:00,0.6439499
2012-09-15 10:30:00,0.63191247
2012-09-16 10:30:00,0.6631625
2012-09-17 10:30:00,0.64348745
2012-09-18 10:30:00,0.65749997
2012-09-19 10:30:00,0.6912
2012-09-20 10:30:00,0.5487
2012-09-21 10:30:00,0.6101625
2012-09-22 10:30:00,0.7253375
2012-09-23 10:30:00,0.73356247
2012-09-24 10:30:00,0.729275
2012-09-25 10:30:00,0.85139996
2012-09-26 10:30:00,0.53842497
2012-09-27 10:30:00,0.85178745
2012-09-28 10:30:00,0.5123625
2012-09-29 10:30:00,0.5723125
2012-09-30 10:30:00,0.62006253
2012-10-01 10:30:00,0.5756375
2012-10-02 10:30:00,0.5773875
2012-10-03 10:30:00,0.903075
2012-10-04 10:30:00,0.5809
2012-10-05 10:30:00,0.58776253
2012-10-06 10:30:00,0.64998746
2012-10-07 10:30:00,0.604275
2012-10-08 10:30:00,0.59783745
2012-10-09 10:30:00,0.58867496
2012-10-10 10:30:00,0.5565125
2012-10-11 10:30:00,0.5830125
2012-10-12 10:30:00,0.7494
2012-10-13 10:30:00,0.69903743
2012-10-14 10:30:00,0.6128875
2012-10-15 10:30:00,0.695175
2012-10-16 10:30:00,0.71358746
2012-10-17 10:30:00,0.616175
2012-10-18 10:30:00,0.51005
2012-10-19 10:30:00,0.4608375
2012-10-20 10:30:00,0.52365
2012-10-21 10:30:00,0.63303745
2012-10-22 10:30:00,0.5964125
2012-10-23 10:30:00,0.631
2012-10-24 10:30:00,0.5338625
2012-10-25 10:30:00,0.63815004
2012-10-26 10:30:00,0.48869997
2012-10-27 10:30:00,0.51294994
2012-10-28 10:30:00,0.49326247
2012-10-29 10:30:00,0.60025
2012-10-30 10:30:00,0.6485499
2012-10-31 10:30:00,0.6589625
2012-11-01 10:30:00,0.56518745
2012-11-02 10:30:00,0.51862496
2012-11-03 10:30:00,0.710625
2012-11-04 10:30:00,0.82095
2012-11-05 10:30:00,0.7216625
2012-11-06 10:30:00,0.6217125
2012-11-07 10:30:00,0.6011375
2012-11-08 10:30:00,0.59679997
2012-11-09 10:30:00,0.5854625
2012-11-10 10:30:00,0.70815
2012-11-11 10:30:00,0.76406246
2012-11-12 10:30:00,0.59365
2012-11-13 10:30:00,0.6245625
2012-11-14 10:30:00,0.6114875
2012-11-15 10:30:00,0.5735125
2012-11-16 10:30:00,0.6188
2012-11-17 10:30:00,0.62694997
2012-11-18 10:30:00,0.7428375
2012-11-19 10:30:00,0.627275
2012-11-20 10:30:00,0.601125
2012-11-21 10:30:00,0.6354875
2012-11-22 10:30:00,0.615775
2012-11-23 10:30:00,0.5614
2012-11-24 10:30:00,0.64455
2012-11-25 10:30:00,0.61412495
2012-11-26 10:30:00,0.5800875
2012-11-27 10:30:00,0.66057503
2012-11-28 10:30:00,0.6106375
2012-11-29 10:30:00,0.5297375
2012-11-30 10:30:00,0.4613375
2012-12-01 10:30:00,0.55385
2012-12-02 10:30:00,0.6475375
2012-12-03 10:30:00,0.5591875
2012-12-04 10:30:00,0.5834125
2012-12-05 10:30:00,0.5161875
2012-12-06 10:30:00,0.4710375
2012-12-07 10:30:00,0.482725
2012-12-08 10:30:00,0.50018746
2012-12-09 10:30:00,0.5626625
2012-12-10 10:30:00,0.58285
2012-12-11 10:30:00,0.5960125
2012-12-12 10:30:00,0.6493875
2012-12-13 10:30:00,0.5703
2012-12-14 10:30:00,0.644
2012-12-15 10:30:00,0.6490125
2012-12-16 10:30:00,0.597875
2012-12-17 10:30:00,0.5361125
2012-12-18 10:30:00,0.508275
2012-12-19 10:30:00,0.52635
2012-12-20 10:30:00,0.54875
2012-12-21 10:30:00,0.5236
2012-12-22 10:30:00,0.47206247
2012-12-23 10:30:00,0.4989
2012-12-24 10:30:00,0.50944996
2012-12-25 10:30:00,0.45534998
2012-12-26 10:30:00,0.5298
2012-12-27 10:30:00,0.66921246
2012-12-28 10:30:00,0.68055
2012-12-29 10:30:00,0.54881245
2012-12-30 10:30:00,0.5064625
2012-12-31 10:30:00,0.5185125
2013-01-01 10:30:00,0.43785
2013-01-02 10:30:00,0.4779875
2013-01-03 10:30:00,0.4476625
2013-01-04 10:30:00,0.48499998
2013-01-05 10:30:00,0.53279996
2013-01-06 10:30:00,0.5813125
2013-01-07 10:30:00,0.48183748
2013-01-08 10:30:00,0.48229998
2013-01-09 10:30:00,0.4653875
2013-01-10 10:30:00,0.5519625
2013-01-11 10:30:00,0.5859125
2013-01-12 10:30:00,0.532
2013-01-13 10:30:00,0.582325
2013-01-14 10:30:00,0.6157375
2013-01-15 10:30:00,0.6118875
2013-01-16 10:30:00,0.4696875
2013-01-17 10:30:00,0.5551625
2013-01-18 10:30:00,0.5542
2013-01-19 10:30:00,0.6252625
2013-01-20 10:30:00,0.66419995
2013-01-21 10:30:00,0.5599
2013-01-22 10:30:00,0.6191
2013-01-23 10:30:00,0.56084996
2013-01-24 10:30:00,0.44035
2013-01-25 10:30:00,0.4444625
2013-01-26 10:30:00,0.5733875
2013-01-27 10:30:00,0.6253
2013-01-28 10:30:00,0.6754625
2013-01-29 10:30:00,0.7071
2013-01-30 10:30:00,0.65067494
2013-01-31 10:30:00,0.6090625
2013-02-01 10:30:00,0.4180125
2013-02-02 10:30:00,0.46278748
2013-02-03 10:30:00,0.62455
2013-02-04 10:30:00,0.500025
2013-02-05 10:30:00,0.518375
2013-02-06 10:30:00,0.45373747
2013-02-07 10:30:00,0.43620002
2013-02-08 10:30:00,0.4478625
2013-02-09 10:30:00,0.48858747
2013-02-10 10:30:00,0.48093748
2013-02-11 10:30:00,0.540475
2013-02-12 10:30:00,0.52959996
2013-02-13 10:30:00,0.53919995
2013-02-14 10:30:00,0.5396625
2013-02-15 10:30:00,0.57299995
2013-02-16 10:30:00,0.6551875
2013-02-17 10:30:00,0.50013745
2013-02-18 10:30:00,0.42494997
2013-02-19 10:30:00,0.48013747
2013-02-20 10:30:00,0.42525
2013-02-21 10:30:00,0.51049995
2013-02-22 10:30:00,0.5159
2013-02-23 10:30:00,0.3874375
2013-02-24 10:30:00,0.6003625
2013-02-25 10:30:00,0.5857625
2013-02-26 10:30:00,0.63635
2013-02-27 10:30:00,0.4804625
2013-02-28 10:30:00,0.6130625
2013-03-01 10:30:00,0.44494998
2013-03-02 10:30:00,0.5309125
2013-03-03 10:30:00,0.46525002
2013-03-04 10:30:00,0.5201875
2013-03-05 10:30:00,0.57485
2013-03-06 10:30:00,0.4884125
2013-03-07 10:30:00,0.40502498
2013-03-08 10:30:00,0.5452875
2013-03-09 10:30:00,0.6034
2013-03-10 10:30:00,0.613925
2013-03-11 10:30:00,0.49989995
2013-03-12 10:30:00,0.47417498
2013-03-13 10:30:00,0.5179375
2013-03-14 10:30:00,0.5238875
2013-03-15 10:30:00,0.60725
2013-03-16 10:30:00,0.537
2013-03-17 10:30:00,0.46549997
2013-03-18 10:30:00,0.509
2013-03-19 10:30:00,0.47167498
2013-03-20 10:30:00,0.5386375
2013-03-21 10:30:00,0.51441246
2013-03-22 10:30:00,0.45068747
2013-03-23 10:30:00,0.4440375
2013-03-24 10:30:00,0.4668
2013-03-25 10:30:00,0.5272
2013-03-26 10:30:00,0.483625
2013-03-27 10:30:00,0.5526875
2013-03-28 10:30:00,0.4955125
2013-03-29 10:30:00,0.456425
2013-03-30 10:30:00,0.4426
2013-03-31 10:30:00,0.44537497
2013-04-01 10:30:00,0.3994625
2013-04-02 10:30:00,0.36423752
2013-04-03 10:30:00,0.45468748
2013-04-04 10:30:00,0.3559125
2013-04-05 10:30:00,0.516275
2013-04-06 10:30:00,0.3728
2013-04-07 10:30:00,0.42618752
2013-04-08 10:30:00,0.52248746
2013-04-09 10:30:00,0.425425
2013-04-10 10:30:00,0.48921248
2013-04-11 10:30:00,0.48686248
2013-04-12 10:30:00,0.3805625
2013-04-13 10:30:00,0.356625
2013-04-14 10:30:00,0.36264998
2013-04-15 10:30:00,0.333975
2013-04-16 10:30:00,0.34576246
2013-04-17 10:30:00,0.310825
2013-04-18 10:30:00,0.4165125
2013-04-19 10:30:00,0.34246248
2013-04-20 10:30:00,0.3575125
2013-04-21 10:30:00,0.26093748
2013-04-22 10:30:00,0.45096248
2013-04-23 10:30:00,0.4201
2013-04-24 10:30:00,0.52437496
2013-04-25 10:30:00,0.5865375
2013-04-26 10:30:00,0.4209
2013-04-27 10:30:00,0.36169997
2013-04-28 10:30:00,0.51345
2013-04-29 10:30:00,0.6140125
2013-04-30 10:30:00,0.72309995
2013-05-01 10:30:00,0.67195
2013-05-02 10:30:00,0.6954125
2013-05-03 10:30:00,0.4743375
2013-05-04 10:30:00,0.3242625
2013-05-05 10:30:00,0.3249125
2013-05-06 10:30:00,0.3711875
2013-05-07 10:30:00,0.23149998
2013-05-08 10:30:00,0.4578125
2013-05-09 10:30:00,0.449175
2013-05-10 10:30:00,0.365975
2013-05-11 10:30:00,0.750175
2013-05-12 10:30:00,0.701425
2013-05-13 10:30:00,0.6558375
2013-05-14 10:30:00,0.76205
2013-05-15 10:30:00,0.5434375
2013-05-16 10:30:00,0.44662496
2013-05-17 10:30:00,0.45323747
2013-05-18 10:30:00,0.218525
2013-05-19 10:30:00,0.44103748
2013-05-20 10:30:00,0.4177875
2013-05-21 10:30:00,0.610375
2013-05-22 10:30:00,0.301125
2013-05-23 10:30:00,0.37693748
2013-05-24 10:30:00,0.2880125
2013-05-25 10:30:00,0.4006875
2013-05-26 10:30:00,0.47547498
2013-05-27 10:30:00,0.62684995
2013-05-28 10:30:00,0.48849997
2013-05-29 10:30:00,0.4765125
2013-05-30 10:30:00,0.421325
2013-05-31 10:30:00,0.42690003
2013-06-01 10:30:00,0.4982125
2013-06-02 10:30:00,0.5692
2013-06-03 10:30:00,0.7492375
2013-06-04 10:30:00,0.652425
2013-06-05 10:30:00,0.6177
2013-06-06 10:30:00,0.91824996
2013-06-07 10:30:00,0.6802375
2013-06-08 10:30:00,0.77206254
2013-06-09 10:30:00,0.7426999
2013-06-10 10:30:00,0.7461875
2013-06-11 10:30:00,0.71585
2013-06-12 10:30:00,0.67473745
2013-06-13 10:30:00,0.6275125
2013-06-14 10:30:00,0.6218625
2013-06-15 10:30:00,0.70934993
2013-06-16 10:30:00,0.68654996
2013-06-17 10:30:00,0.641025
2013-06-18 10:30:00,0.6484
2013-06-19 10:30:00,0.6457499
2013-06-20 10:30:00,0.6756375
2013-06-21 10:30:00,0.721125
2013-06-22 10:30:00,0.63825
2013-06-23 10:30:00,0.7025374
2013-06-24 10:30:00,0.66559994
2013-06-25 10:30:00,0.7224375
2013-06-26 10:30:00,0.91302496
2013-06-27 10:30:00,0.87653744
2013-06-28 10:30:00,0.67996246
2013-06-29 10:30:00,0.8854125
2013-06-30 10:30:00,0.91765
2013-07-01 10:30:00,0.7963875
2013-07-02 10:30:00,0.7429
2013-07-03 10:30:00,0.648925
2013-07-04 10:30:00,0.67475
2013-07-05 10:30:00,0.6637375
2013-07-06 10:30:00,0.73162496
2013-07-07 10:30:00,0.7076875
2013-07-08 10:30:00,0.75533754
2013-07-09 10:30:00,0.6838875
2013-07-10 10:30:00,0.61693746
2013-07-11 10:30:00,0.70746243
2013-07-12 10:30:00,0.8348625
2013-07-13 10:30:00,0.7215875
2013-07-14 10:30:00,0.693675
2013-07-15 10:30:00,0.86230004
2013-07-16 10:30:00,0.649125
2013-07-17 10:30:00,0.72949994
2013-07-18 10:30:00,0.87413746
2013-07-19 10:30:00,0.7598
2013-07-20 10:30:00,0.70357496
2013-07-21 10:30:00,0.69754994
2013-07-22 10:30:00,0.82565
2013-07-23 10:30:00,0.79991245
2013-07-24 10:30:00,0.7781125
2013-07-25 10:30:00,0.7660875
2013-07-26 10:30:00,0.7775
2013-07-27 10:30:00,0.9147625
2013-07-28 10:30:00,0.71832496
2013-07-29 10:30:00,0.82194996
2013-07-30 10:30:00,0.74284995
2013-07-31 10:30:00,0.85255
2013-08-01 10:30:00,0.83717495
2013-08-02 10:30:00,0.8900125
2013-08-03 10:30:00,0.7287
2013-08-04 10:30:00,0.79185
2013-08-05 10:30:00,0.79281247
2013-08-06 10:30:00,0.80162495
2013-08-07 10:30:00,0.70503753
2013-08-08 10:30:00,0.63228744
2013-08-09 10:30:00,0.642425
2013-08-10 10:30:00,0.745275
2013-08-11 10:30:00,0.7716375
2013-08-12 10:30:00,0.69479996
2013-08-13 10:30:00,0.67912495
2013-08-14 10:30:00,0.638425
2013-08-15 10:30:00,0.75504994
2013-08-16 10:30:00,0.9150125
2013-08-17 10:30:00,0.6231875
2013-08-18 10:30:00,0.72855
2013-08-19 10:30:00,0.8095
2013-08-20 10:30:00,0.7461875
2013-08-21 10:30:00,0.8054
2013-08-22 10:30:00,0.72788745
2013-08-23 10:30:00,0.72639996
2013-08-24 10:30:00,0.7032125
2013-08-25 10:30:00,0.7478125
2013-08-26 10:30:00,0.76484996
2013-08-27 10:30:00,0.76356244
2013-08-28 10:30:00,0.8953125
2013-08-29 10:30:00,0.70417494
2013-08-30 10:30:00,0.74224997
2013-08-31 10:30:00,0.7955125
2013-09-01 10:30:00,0.81176245
2013-09-02 10:30:00,0.7587625
2013-09-03 10:30:00,0.7500875
2013-09-04 10:30:00,0.77648747
2013-09-05 10:30:00,0.8180625
2013-09-06 10:30:00,0.8849875
2013-09-07 10:30:00,0.7393
2013-09-08 10:30:00,0.67552495
2013-09-09 10:30:00,0.7412875
2013-09-10 10:30:00,0.65845
2013-09-11 10:30:00,0.6451875
2013-09-12 10:30:00,0.7309874
2013-09-13 10:30:00,0.7136125
2013-09-14 10:30:00,0.507675
2013-09-15 10:30:00,0.56425
2013-09-16 10:30:00,0.56654996
2013-09-17 10:30:00,0.66585
2013-09-18 10:30:00,0.7026
2013-09-19 10:30:00,0.7234
2013-09-20 10:30:00,0.784475
2013-09-21 10:30:00,0.73425
2013-09-22 10:30:00,0.6278
2013-09-23 10:30:00,0.5922125
2013-09-24 10:30:00,0.6108
2013-09-25 10:30:00,0.5965125
2013-09-26 10:30:00,0.5761
2013-09-27 10:30:00,0.48275
2013-09-28 10:30:00,0.5632
2013-09-29 10:30:00,0.43491247
2013-09-30 10:30:00,0.5485375
2013-10-01 10:30:00,0.51696247
2013-10-02 10:30:00,0.5200125
2013-10-03 10:30:00,0.4483
2013-10-04 10:30:00,0.43842497
2013-10-05 10:30:00,0.342325
2013-10-06 10:30:00,0.4686875
2013-10-07 10:30:00,0.4807
2013-10-08 10:30:00,0.4021625
2013-10-09 10:30:00,0.48415
2013-10-10 10:30:00,0.815325
2013-10-11 10:30:00,0.7815875
2013-10-12 10:30:00,0.60667497
2013-10-13 10:30:00,0.585875
2013-10-14 10:30:00,0.5539
2013-10-15 10:30:00,0.55869997
2013-10-16 10:30:00,0.5479375
2013-10-17 10:30:00,0.56273746
2013-10-18 10:30:00,0.5998125
2013-10-19 10:30:00,0.67746246
2013-10-20 10:30:00,0.70046246
2013-10-21 10:30:00,0.82554996
2013-10-22 10:30:00,0.9159625
2013-10-23 10:30:00,0.7930125
2013-10-24 10:30:00,0.753125
2013-10-25 10:30:00,0.732425
2013-10-26 10:30:00,0.77753747
2013-10-27 10:30:00,0.70256245
2013-10-28 10:30:00,0.6858
2013-10-29 10:30:00,0.6500375
2013-10-30 10:30:00,0.6520375
2013-10-31 10:30:00,0.72981244
2013-11-01 10:30:00,0.7429
2013-11-02 10:30:00,0.66561246
2013-11-03 10:30:00,0.6949125
2013-11-04 10:30:00,0.595625
2013-11-05 10:30:00,0.6938
2013-11-06 10:30:00,0.6185
2013-11-07 10:30:00,0.7834375
2013-11-08 10:30:00,0.75995
2013-11-09 10:30:00,0.534875
2013-11-10 10:30:00,0.5354
2013-11-11 10:30:00,0.6629125
2013-11-12 10:30:00,0.62544996
2013-11-13 10:30:00,0.65707505
2013-11-14 10:30:00,0.689875
2013-11-15 10:30:00,0.6812625
2013-11-16 10:30:00,0.659075
2013-11-17 10:30:00,0.561525
2013-11-18 10:30:00,0.48396248
2013-11-19 10:30:00,0.447425
2013-11-20 10:30:00,0.675975
2013-11-21 10:30:00,0.68341243
2013-11-22 10:30:00,0.67895
2013-11-23 10:30:00,0.6685625
2013-11-24 10:30:00,0.60248744
2013-11-25 10:30:00,0.5933625
2013-11-26 10:30:00,0.58557504
2013-11-27 10:30:00,0.5298375
2013-11-28 10:30:00,0.5553375
2013-11-29 10:30:00,0.4902125
2013-11-30 10:30:00,0.5084125
2013-12-01 10:30:00,0.55235
2013-12-02 10:30:00,0.6565625
2013-12-03 10:30:00,0.59695
2013-12-04 10:30:00,0.56658745
2013-12-05 10:30:00,0.59959996
2013-12-06 10:30:00,0.6192125
2013-12-07 10:30:00,0.7276
2013-12-08 10:30:00,0.7148375
2013-12-09 10:30:00,0.70928746
2013-12-10 10:30:00,0.64888746
2013-12-11 10:30:00,0.62195
2013-12-12 10:30:00,0.5280125
2013-12-13 10:30:00,0.5375125
2013-12-14 10:30:00,0.60943747
2013-12-15 10:30:00,0.704525
2013-12-16 10:30:00,0.7290625
2013-12-17 10:30:00,0.7204
2013-12-18 10:30:00,0.63119996
2013-12-19 10:30:00,0.69036245
2013-12-20 10:30:00,0.630125
2013-12-21 10:30:00,0.667425
2013-12-22 10:30:00,0.6195625
2013-12-23 10:30:00,0.71327496
2013-12-24 10:30:00,0.71436244
2013-12-25 10:30:00,0.711925
2013-12-26 10:30:00,0.6560625
2013-12-27 10:30:00,0.64708745
2013-12-28 10:30:00,0.585925
2013-12-29 10:30:00,0.6826625
2013-12-30 10:30:00,0.6839875
2013-12-31 10:30:00,0.622225
2014-01-01 10:30:00,0.5282625
2014-01-02 10:30:00,0.6028875
2014-01-03 10:30:00,0.6668875
2014-01-04 10:30:00,0.7129875
2014-01-05 10:30:00,0.70261246
2014-01-06 10:30:00,0.58889997
2014-01-07 10:30:00,0.53037494
2014-01-08 10:30:00,0.5181125
2014-01-09 10:30:00,0.54821247
2014-01-10 10:30:00,0.59052503
2014-01-11 10:30:00,0.500125
2014-01-12 10:30:00,0.47101247
2014-01-13 10:30:00,0.540125
2014-01-14 10:30:00,0.6592375
2014-01-15 10:30:00,0.7072
2014-01-16 10:30:00,0.7100499
2014-01-17 10:30:00,0.6200875
2014-01-18 10:30:00,0.60665
2014-01-19 10:30:00,0.68677497
2014-01-20 10:30:00,0.6479875
2014-01-21 10:30:00,0.589675
2014-01-22 10:30:00,0.63783747
2014-01-23 10:30:00,0.51535
2014-01-24 10:30:00,0.61908746
2014-01-25 10:30:00,0.5557875
2014-01-26 10:30:00,0.5664125
2014-01-27 10:30:00,0.47562498
2014-01-28 10:30:00,0.44111246
2014-01-29 10:30:00,0.50519997
2014-01-30 10:30:00,0.57392496
2014-01-31 10:30:00,0.55447495
2014-02-01 10:30:00,0.52178746
2014-02-02 10:30:00,0.44718748
2014-02-03 10:30:00,0.4880625
2014-02-04 10:30:00,0.55768746
2014-02-05 10:30:00,0.566025
2014-02-06 10:30:00,0.5435375
2014-02-07 10:30:00,0.561575
2014-02-08 10:30:00,0.609825
2014-02-09 10:30:00,0.5842125
2014-02-10 10:30:00,0.6109875
2014-02-11 10:30:00,0.5704875
2014-02-12 10:30:00,0.55085
2014-02-13 10:30:00,0.6018125
2014-02-14 10:30:00,0.6981625
2014-02-15 10:30:00,0.6957374
2014-02-16 10:30:00,0.605325
2014-02-17 10:30:00,0.56453747
2014-02-18 10:30:00,0.587425
2014-02-19 10:30:00,0.5974625
2014-02-20 10:30:00,0.62412494
2014-02-21 10:30:00,0.68005
2014-02-22 10:30:00,0.53455
2014-02-23 10:30:00,0.65138745
2014-02-24 10:30:00,0.70495003
2014-02-25 10:30:00,0.6848124
2014-02-26 10:30:00,0.6410125
2014-02-27 10:30:00,0.49310002
2014-02-28 10:30:00,0.525925
2014-03-01 10:30:00,0.49025
2014-03-02 10:30:00,0.50724995
2014-03-03 10:30:00,0.47216246
2014-03-04 10:30:00,0.4833125
2014-03-05 10:30:00,0.50425
2014-03-06 10:30:00,0.4946125
2014-03-07 10:30:00,0.49744996
2014-03-08 10:30:00,0.4384
2014-03-09 10:30:00,0.4637875
2014-03-10 10:30:00,0.23091249
2014-03-11 10:30:00,0.56755
2014-03-12 10:30:00,0.488625
2014-03-13 10:30:00,0.5608625
2014-03-14 10:30:00,0.44584998
2014-03-15 10:30:00,0.5279125
2014-03-16 10:30:00,0.36409998
2014-03-17 10:30:00,0.5610625
2014-03-18 10:30:00,0.4601875
2014-03-19 10:30:00,0.494425
2014-03-20 10:30:00,0.5500125
2014-03-21 10:30:00,0.44912496
2014-03-22 10:30:00,0.37327498
2014-03-23 10:30:00,0.39329997
2014-03-24 10:30:00,0.48108748
2014-03-25 10:30:00,0.5093125
2014-03-26 10:30:00,0.641
2014-03-27 10:30:00,0.49689996
2014-03-28 10:30:00,0.46772498
2014-03-29 10:30:00,0.379975
2014-03-30 10:30:00,0.3205125
2014-03-31 10:30:00,0.3795
2014-04-01 10:30:00,0.4981375
2014-04-02 10:30:00,0.4923875
2014-04-03 10:30:00,0.4674375
2014-04-04 10:30:00,0.5671
2014-04-05 10:30:00,0.4232875
2014-04-06 10:30:00,0.37632498
2014-04-07 10:30:00,0.436
2014-04-08 10:30:00,0.3428875
2014-04-09 10:30:00,0.5231375
2014-04-10 10:30:00,0.42483747
2014-04-11 10:30:00,0.26319999
2014-04-12 10:30:00,0.317275
2014-04-13 10:30:00,0.2903
2014-04-14 10:30:00,0.30895
2014-04-15 10:30:00,0.284425
2014-04-16 10:30:00,0.2427
2014-04-17 10:30:00,0.7086
2014-04-18 10:30:00,0.537975
2014-04-19 10:30:00,0.73550004
2014-04-20 10:30:00,0.6637625
2014-04-21 10:30:00,0.44837502
2014-04-22 10:30:00,0.42561248
2014-04-23 10:30:00,0.2762375
2014-04-24 10:30:00,0.2118375
2014-04-25 10:30:00,0.33896247
2014-04-26 10:30:00,0.52297497
2014-04-27 10:30:00,0.4605875
2014-04-28 10:30:00,0.3490375
2014-04-29 10:30:00,0.22273749
2014-04-30 10:30:00,0.30665
2014-05-01 10:30:00,0.6751875
2014-05-02 10:30:00,0.4150625
2014-05-03 10:30:00,0.64028746
2014-05-04 10:30:00,0.321375
2014-05-05 10:30:00,0.325825
2014-05-06 10:30:00,0.41885
2014-05-07 10:30:00,0.45651248
2014-05-08 10:30:00,0.4191625
2014-05-09 10:30:00,0.4152625
2014-05-10 10:30:00,0.7552
2014-05-11 10:30:00,0.820325
2014-05-12 10:30:00,0.74613744
2014-05-13 10:30:00,0.7004
2014-05-14 10:30:00,0.65029997
2014-05-15 10:30:00,0.63338745
2014-05-16 10:30:00,0.86230004
2014-05-17 10:30:00,0.5869125
2014-05-18 10:30:00,0.8315
2014-05-19 10:30:00,0.8483874
2014-05-20 10:30:00,0.5848
2014-05-21 10:30:00,0.6975125
2014-05-22 10:30:00,0.5490625
2014-05-23 10:30:00,0.5798625
2014-05-24 10:30:00,0.6904125
2014-05-25 10:30:00,0.69043744
2014-05-26 10:30:00,0.63533753
2014-05-27 10:30:00,0.6432875
2014-05-28 10:30:00,0.4448875
2014-05-29 10:30:00,0.4192125
2014-05-30 10:30:00,0.4143875
2014-05-31 10:30:00,0.45833752
2014-06-01 10:30:00,0.456675
2014-06-02 10:30:00,0.483975
2014-06-03 10:30:00,0.66982496
2014-06-04 10:30:00,0.5990875
2014-06-05 10:30:00,0.631475
2014-06-06 10:30:00,0.5366
2014-06-07 10:30:00,0.6409
2014-06-08 10:30:00,0.9065625
2014-06-09 10:30:00,0.88677496
2014-06-10 10:30:00,0.7818875
2014-06-11 10:30:00,0.8198
2014-06-12 10:30:00,0.69254994
2014-06-13 10:30:00,0.596975
2014-06-14 10:30:00,0.58965
2014-06-15 10:30:00,0.61443746
2014-06-16 10:30:00,0.6774875
2014-06-17 10:30:00,0.765025
2014-06-18 10:30:00,0.73754996
2014-06-19 10:30:00,0.6664875
2014-06-20 10:30:00,0.8139125
2014-06-21 10:30:00,0.870075
2014-06-22 10:30:00,0.80224997
2014-06-23 10:30:00,0.74211246
2014-06-24 10:30:00,0.7342875
2014-06-25 10:30:00,0.80644995
2014-06-26 10:30:00,0.8505874
2014-06-27 10:30:00,0.66138744
2014-06-28 10:30:00,0.685325
2014-06-29 10:30:00,0.6264625
2014-06-30 10:30:00,0.6363375
2014-07-01 10:30:00,0.658275
2014-07-02 10:30:00,0.8074875
2014-07-03 10:30:00,0.65832496
2014-07-04 10:30:00,0.6461875
2014-07-05 10:30:00,0.6886875
2014-07-06 10:30:00,0.74061245
2014-07-07 10:30:00,0.7702624
2014-07-08 10:30:00,0.570625
2014-07-09 10:30:00,0.712825
2014-07-10 10:30:00,0.8308375
2014-07-11 10:30:00,0.8460375
2014-07-12 10:30:00,0.8389125
2014-07-13 10:30:00,0.8221125
2014-07-14 10:30:00,0.74492496
2014-07-15 10:30:00,0.8659375
2014-07-16 10:30:00,0.90147495
2014-07-17 10:30:00,0.87012494
2014-07-18 10:30:00,0.81076247
2014-07-19 10:30:00,0.8559375
2014-07-20 10:30:00,0.78889996
2014-07-21 10:30:00,0.75303745
2014-07-22 10:30:00,0.705875
2014-07-23 10:30:00,0.72645
2014-07-24 10:30:00,0.76294994
2014-07-25 10:30:00,0.7354125
2014-07-26 10:30:00,0.74171245
2014-07-27 10:30:00,0.71146244
2014-07-28 10:30:00,0.70318747
2014-07-29 10:30:00,0.73901254
2014-07-30 10:30:00,0.6736125
2014-07-31 10:30:00,0.6815
2014-08-01 10:30:00,0.68412495
2014-08-02 10:30:00,0.7711
2014-08-03 10:30:00,0.7584125
2014-08-04 10:30:00,0.72265
2014-08-05 10:30:00,0.763425
2014-08-06 10:30:00,0.7794875
2014-08-07 10:30:00,0.72411245
2014-08-08 10:30:00,0.6230625
2014-08-09 10:30:00,0.84578747
2014-08-10 10:30:00,0.7133625
2014-08-11 10:30:00,0.6805625
2014-08-12 10:30:00,0.70028746
2014-08-13 10:30:00,0.8319375
2014-08-14 10:30:00,0.9599375
2014-08-15 10:30:00,0.92421246
2014-08-16 10:30:00,0.8456375
2014-08-17 10:30:00,0.869625
2014-08-18 10:30:00,0.81949997
2014-08-19 10:30:00,0.8322
2014-08-20 10:30:00,0.77867496
2014-08-21 10:30:00,0.73179996
2014-08-22 10:30:00,0.753275
2014-08-23 10:30:00,0.84868747
2014-08-24 10:30:00,0.82574993
2014-08-25 10:30:00,0.8397125
2014-08-26 10:30:00,0.73050004
2014-08-27 10:30:00,0.776975
2014-08-28 10:30:00,0.7054
2014-08-29 10:30:00,0.6865124
2014-08-30 10:30:00,0.703125
2014-08-31 10:30:00,0.7749125
2014-09-01 10:30:00,0.84785
2014-09-02 10:30:00,0.70427495
2014-09-03 10:30:00,0.7486
2014-09-04 10:30:00,0.7706375
2014-09-05 10:30:00,0.743575
2014-09-06 10:30:00,0.7162875
2014-09-07 10:30:00,0.686075
2014-09-08 10:30:00,0.5778875
2014-09-09 10:30:00,0.61205
2014-09-10 10:30:00,0.629075
2014-09-11 10:30:00,0.6800875
2014-09-12 10:30:00,0.6677625
2014-09-13 10:30:00,0.703475
2014-09-14 10:30:00,0.5420125
2014-09-15 10:30:00,0.603925
2014-09-16 10:30:00,0.58182496
2014-09-17 10:30:00,0.6322875
2014-09-18 10:30:00,0.56467503
2014-09-19 10:30:00,0.8017375
2014-09-20 10:30:00,0.74058753
2014-09-21 10:30:00,0.72481245
2014-09-22 10:30:00,0.8725125
2014-09-23 10:30:00,0.7161125
2014-09-24 10:30:00,0.5762375
2014-09-25 10:30:00,0.42673752
2014-09-26 10:30:00,0.8311125
2014-09-27 10:30:00,0.6313375
2014-09-28 10:30:00,0.5254
2014-09-29 10:30:00,0.5493625
2014-09-30 10:30:00,0.5001625
2014-10-01 10:30:00,0.6015875
2014-10-02 10:30:00,0.5848625
2014-10-03 10:30:00,0.4885625
2014-10-04 10:30:00,0.5907875
2014-10-05 10:30:00,0.538275
2014-10-06 10:30:00,0.62686247
2014-10-07 10:30:00,0.6372
2014-10-08 10:30:00,0.7261625
2014-10-09 10:30:00,0.759525
2014-10-10 10:30:00,0.82955
2014-10-11 10:30:00,0.6794124
2014-10-12 10:30:00,0.539875
2014-10-13 10:30:00,0.421775
2014-10-14 10:30:00,0.411575
2014-10-15 10:30:00,0.5098625
2014-10-16 10:30:00,0.4961875
2014-10-17 10:30:00,0.469025
2014-10-18 10:30:00,0.377525
2014-10-19 10:30:00,0.34254998
2014-10-20 10:30:00,0.38853747
2014-10-21 10:30:00,0.4503125
2014-10-22 10:30:00,0.43825
2014-10-23 10:30:00,0.51245
2014-10-24 10:30:00,0.54781246
2014-10-25 10:30:00,0.59288746
2014-10-26 10:30:00,0.62488747
2014-10-27 10:30:00,0.56525
2014-10-28 10:30:00,0.4819625
2014-10-29 10:30:00,0.6271375
2014-10-30 10:30:00,0.91285
2014-10-31 10:30:00,0.89747494
2014-11-01 10:30:00,0.7354125
2014-11-02 10:30:00,0.669375
2014-11-03 10:30:00,0.7412999
2014-11-04 10:30:00,0.7230375
2014-11-05 10:30:00,0.6225125
2014-11-06 10:30:00,0.6101125
2014-11-07 10:30:00,0.5434625
2014-11-08 10:30:00,0.57575
2014-11-09 10:30:00,0.53069997
2014-11-10 10:30:00,0.5366375
2014-11-11 10:30:00,0.54971254
2014-11-12 10:30:00,0.5482
2014-11-13 10:30:00,0.5903375
2014-11-14 10:30:00,0.5722125
2014-11-15 10:30:00,0.67162496
2014-11-16 10:30:00,0.65808743
2014-11-17 10:30:00,0.598575
2014-11-18 10:30:00,0.60069996
2014-11-19 10:30:00,0.6974125
2014-11-20 10:30:00,0.6808625
2014-11-21 10:30:00,0.67974997
2014-11-22 10:30:00,0.6485125
2014-11-23 10:30:00,0.60408753
2014-11-24 10:30:00,0.6519625
2014-11-25 10:30:00,0.5091125
2014-11-26 10:30:00,0.49061248
2014-11-27 10:30:00,0.535875
2014-11-28 10:30:00,0.6375375
2014-11-29 10:30:00,0.69083744
2014-11-30 10:30:00,0.581325
2014-12-01 10:30:00,0.466175
2014-12-02 10:30:00,0.48033747
2014-12-03 10:30:00,0.514425
2014-12-04 10:30:00,0.55971247
2014-12-05 10:30:00,0.5633125
2014-12-06 10:30:00,0.5650125
2014-12-07 10:30:00,0.615525
2014-12-08 10:30:00,0.6504
2014-12-09 10:30:00,0.6286125
2014-12-10 10:30:00,0.7110375
2014-12-11 10:30:00,0.66854995
2014-12-12 10:30:00,0.59705
2014-12-13 10:30:00,0.65739995
2014-12-14 10:30:00,0.7511125
2014-12-15 10:30:00,0.65349996
2014-12-16 10:30:00,0.5959375
2014-12-17 10:30:00,0.7179125
2014-12-18 10:30:00,0.7339875
2014-12-19 10:30:00,0.64145005
2014-12-20 10:30:00,0.61525
2014-12-21 10:30:00,0.68222505
2014-12-22 10:30:00,0.763225
2014-12-23 10:30:00,0.6708125
2014-12-24 10:30:00,0.71107495
2014-12-25 10:30:00,0.67171246
2014-12-26 10:30:00,0.7485875
2014-12-27 10:30:00,0.7031625
2014-12-28 10:30:00,0.71208745
2014-12-29 10:30:00,0.7558249
2014-12-30 10:30:00,0.6482
2014-12-31 10:30:00,0.5979875
2015-01-01 10:30:00,0.577625
2015-01-02 10:30:00,0.67312497
2015-01-03 10:30:00,0.6141375
2015-01-04 10:30:00,0.6772999
2015-01-05 10:30:00,0.4956375
2015-01-06 10:30:00,0.4784875
2015-01-07 10:30:00,0.6259125
2015-01-08 10:30:00,0.73521245
2015-01-09 10:30:00,0.7564875
2015-01-10 10:30:00,0.681475
2015-01-11 10:30:00,0.6847875
2015-01-12 10:30:00,0.72999996
2015-01-13 10:30:00,0.6512875
2015-01-14 10:30:00,0.77567506
2015-01-15 10:30:00,0.78057504
2015-01-16 10:30:00,0.620525
2015-01-17 10:30:00,0.68062496
2015-01-18 10:30:00,0.7462124
2015-01-19 10:30:00,0.6912625
2015-01-20 10:30:00,0.73746246
2015-01-21 10:30:00,0.73525
2015-01-22 10:30:00,0.702725
2015-01-23 10:30:00,0.6788375
2015-01-24 10:30:00,0.681425
2015-01-25 10:30:00,0.5884375
2015-01-26 10:30:00,0.527275
2015-01-27 10:30:00,0.5173625
2015-01-28 10:30:00,0.5096125
2015-01-29 10:30:00,0.5785375
2015-01-30 10:30:00,0.5479625
2015-01-31 10:30:00,0.569325
2015-02-01 10:30:00,0.65098745
2015-02-02 10:30:00,0.5719625
2015-02-03 10:30:00,0.6512125
2015-02-04 10:30:00,0.61777496
2015-02-05 10:30:00,0.5963625
2015-02-06 10:30:00,0.4638875
2015-02-07 10:30:00,0.400875
2015-02-08 10:30:00,0.44568747
2015-02-09 10:30:00,0.51937497
2015-02-10 10:30:00,0.4909875
2015-02-11 10:30:00,0.53854996
2015-02-12 10:30:00,0.51441246
2015-02-13 10:30:00,0.63511246
2015-02-14 10:30:00,0.64345
2015-02-15 10:30:00,0.5485
2015-02-16 10:30:00,0.655825
2015-02-17 10:30:00,0.5739375
2015-02-18 10:30:00,0.5262375
2015-02-19 10:30:00,0.46144998
2015-02-20 10:30:00,0.570925
2015-02-21 10:30:00,0.780825
2015-02-22 10:30:00,0.605425
2015-02-23 10:30:00,0.48614997
2015-02-24 10:30:00,0.511525
2015-02-25 10:30:00,0.5621375
2015-02-26 10:30:00,0.581825
2015-02-27 10:30:00,0.5163125
2015-02-28 10:30:00,0.57686245
2015-03-01 10:30:00,0.6066
2015-03-02 10:30:00,0.518075
2015-03-03 10:30:00,0.544625
2015-03-04 10:30:00,0.45744997
2015-03-05 10:30:00,0.35572496
2015-03-06 10:30:00,0.38538748
2015-03-07 10:30:00,0.45999998
2015-03-08 10:30:00,0.47689998
2015-03-09 10:30:00,0.4269625
2015-03-10 10:30:00,0.37080002
2015-03-11 10:30:00,0.421375
2015-03-12 10:30:00,0.535825
2015-03-13 10:30:00,0.5724875
2015-03-14 10:30:00,0.460075
2015-03-15 10:30:00,0.41612497
2015-03-16 10:30:00,0.432575
2015-03-17 10:30:00,0.31585
2015-03-18 10:30:00,0.47884998
2015-03-19 10:30:00,0.41564998
2015-03-20 10:30:00,0.33995
2015-03-21 10:30:00,0.326725
2015-03-22 10:30:00,0.330625
2015-03-23 10:30:00,0.44463748
2015-03-24 10:30:00,0.365625
2015-03-25 10:30:00,0.23460001
2015-03-26 10:30:00,0.21557501
2015-03-27 10:30:00,0.4089875
2015-03-28 10:30:00,0.46522498
2015-03-29 10:30:00,0.3604
2015-03-30 10:30:00,0.5149125
2015-03-31 10:30:00,0.30243748
2015-04-01 10:30:00,0.28465
2015-04-02 10:30:00,0.8117125
2015-04-03 10:30:00,0.625025
2015-04-04 10:30:00,0.86513746
2015-04-05 10:30:00,0.6877
2015-04-06 10:30:00,0.68912494
2015-04-07 10:30:00,0.592375
2015-04-08 10:30:00,0.6953875
2015-04-09 10:30:00,0.6185875
2015-04-10 10:30:00,0.513325
2015-04-11 10:30:00,0.462125
2015-04-12 10:30:00,0.36474997
2015-04-13 10:30:00,0.326175
2015-04-14 10:30:00,0.332025
2015-04-15 10:30:00,0.47623748
2015-04-16 10:30:00,0.40955
2015-04-17 10:30:00,0.32123747
2015-04-18 10:30:00,0.2592
2015-04-19 10:30:00,0.26964998
2015-04-20 10:30:00,0.317475
2015-04-21 10:30:00,0.3264125
2015-04-22 10:30:00,0.38427496
2015-04-23 10:30:00,0.463825
2015-04-24 10:30:00,0.3718875
2015-04-25 10:30:00,0.303525
2015-04-26 10:30:00,0.3523
2015-04-27 10:30:00,0.2718375
2015-04-28 10:30:00,0.3808375
2015-04-29 10:30:00,0.1959
2015-04-30 10:30:00,0.0725625
2015-05-01 10:30:00,0.51966244
2015-05-02 10:30:00,0.42014998
2015-05-03 10:30:00,0.34897497
2015-05-04 10:30:00,0.22365
2015-05-05 10:30:00,0.4021625
2015-05-06 10:30:00,0.36985
2015-05-07 10:30:00,0.85882497
2015-05-08 10:30:00,0.6509375
2015-05-09 10:30:00,0.5328
2015-05-10 10:30:00,0.50745
2015-05-11 10:30:00,0.8285875
2015-05-12 10:30:00,0.7731125
2015-05-13 10:30:00,0.47471246
2015-05-14 10:30:00,0.22276251
2015-05-15 10:30:00,0.255325
2015-05-16 10:30:00,0.256975
2015-05-17 10:30:00,0.5633125
2015-05-18 10:30:00,0.6336375
2015-05-19 10:30:00,0.60891247
2015-05-20 10:30:00,0.35345
2015-05-21 10:30:00,0.34435
2015-05-22 10:30:00,0.2808375
2015-05-23 10:30:00,0.260825
2015-05-24 10:30:00,0.3466
2015-05-25 10:30:00,0.6275
2015-05-26 10:30:00,0.5753625
2015-05-27 10:30:00,0.5988749
2015-05-28 10:30:00,0.71137494
2015-05-29 10:30:00,0.7168875
2015-05-30 10:30:00,0.46443748
2015-05-31 10:30:00,0.525325
2015-06-01 10:30:00,0.547575
2015-06-02 10:30:00,0.4299875
2015-06-03 10:30:00,0.3697
2015-06-04 10:30:00,0.5923875
2015-06-05 10:30:00,0.89731246
2015-06-06 10:30:00,0.73555
2015-06-07 10:30:00,0.653375
2015-06-08 10:30:00,0.6736
2015-06-09 10:30:00,0.614625
2015-06-10 10:30:00,0.784775
2015-06-11 10:30:00,0.9392875
2015-06-12 10:30:00,0.9261125
2015-06-13 10:30:00,0.79963744
2015-06-14 10:30:00,0.7571
2015-06-15 10:30:00,0.508725
2015-06-16 10:30:00,0.73109996
2015-06-17 10:30:00,0.90635
2015-06-18 10:30:00,0.988625
2015-06-19 10:30:00,0.82747495
2015-06-20 10:30:00,0.69453746
2015-06-21 10:30:00,0.6209125
2015-06-22 10:30:00,0.73590004
2015-06-23 10:30:00,0.7568125
2015-06-24 10:30:00,0.8746125
2015-06-25 10:30:00,0.6672625
2015-06-26 10:30:00,0.6125375
2015-06-27 10:30:00,0.7747375
2015-06-28 10:30:00,0.76537496
2015-06-29 10:30:00,0.6019125
2015-06-30 10:30:00,0.9135625
2015-07-01 10:30:00,0.7905625
2015-07-02 10:30:00,0.916125
2015-07-03 10:30:00,0.7616625
2015-07-04 10:30:00,0.70135003
2015-07-05 10:30:00,0.74988747
2015-07-06 10:30:00,0.691625
2015-07-07 10:30:00,0.6670625
2015-07-08 10:30:00,0.6669375
2015-07-09 10:30:00,0.78037494
2015-07-10 10:30:00,0.76856244
2015-07-11 10:30:00,0.8423375
2015-07-12 10:30:00,0.7237625
2015-07-13 10:30:00,0.7155625
2015-07-14 10:30:00,0.8221
2015-07-15 10:30:00,0.879675
2015-07-16 10:30:00,0.8893374
2015-07-17 10:30:00,0.89208746
2015-07-18 10:30:00,0.8671875
2015-07-19 10:30:00,0.8786249
2015-07-20 10:30:00,0.78125
2015-07-21 10:30:00,0.92910004
2015-07-22 10:30:00,0.89007497
2015-07-23 10:30:00,0.8822875
2015-07-24 10:30:00,0.9055625
2015-07-25 10:30:00,0.8665875
2015-07-26 10:30:00,0.83072495
2015-07-27 10:30:00,0.70035005
2015-07-28 10:30:00,0.7258625
2015-07-29 10:30:00,0.9168625
2015-07-30 10:30:00,0.780225
2015-07-31 10:30:00,0.72985
2015-08-01 10:30:00,0.730775
2015-08-02 10:30:00,0.68025
2015-08-03 10:30:00,0.741875
2015-08-04 10:30:00,0.76957494
2015-08-05 10:30:00,0.801875
2015-08-06 10:30:00,0.7282875
2015-08-07 10:30:00,0.81426245
2015-08-08 10:30:00,0.84279996
2015-08-09 10:30:00,0.90741247
2015-08-10 10:30:00,0.77615
2015-08-11 10:30:00,0.836275
2015-08-12 10:30:00,0.7850125
2015-08-13 10:30:00,0.6809625
2015-08-14 10:30:00,0.80433744
2015-08-15 10:30:00,0.8391
2015-08-16 10:30:00,0.8612874
2015-08-17 10:30:00,0.84648746
2015-08-18 10:30:00,0.772675
2015-08-19 10:30:00,0.88425
2015-08-20 10:30:00,0.9360375
2015-08-21 10:30:00,0.89519995
2015-08-22 10:30:00,0.86305
2015-08-23 10:30:00,0.9160625
2015-08-24 10:30:00,0.926575
2015-08-25 10:30:00,0.8951
2015-08-26 10:30:00,0.8397375
2015-08-27 10:30:00,0.77981246
2015-08-28 10:30:00,0.85513747
2015-08-29 10:30:00,0.8764875
2015-08-30 10:30:00,0.915075
2015-08-31 10:30:00,0.9224375
2015-09-01 10:30:00,0.802825
2015-09-02 10:30:00,0.7641
2015-09-03 10:30:00,0.7772
2015-09-04 10:30:00,0.8464125
2015-09-05 10:30:00,0.8183
2015-09-06 10:30:00,0.77485
2015-09-07 10:30:00,0.90371245
2015-09-08 10:30:00,0.8669625
2015-09-09 10:30:00,0.7213375
2015-09-10 10:30:00,0.69304997
2015-09-11 10:30:00,0.71021247
2015-09-12 10:30:00,0.8214875
2015-09-13 10:30:00,0.74456245
2015-09-14 10:30:00,0.61286247
2015-09-15 10:30:00,0.661925
2015-09-16 10:30:00,0.71737504
2015-09-17 10:30:00,0.93553746
2015-09-18 10:30:00,0.8274625
2015-09-19 10:30:00,0.6974375
2015-09-20 10:30:00,0.76033753
2015-09-21 10:30:00,0.71646243
2015-09-22 10:30:00,0.98621243
2015-09-23 10:30:00,0.9247125
2015-09-24 10:30:00,0.96215004
2015-09-25 10:30:00,0.7677625
2015-09-26 10:30:00,0.732275
2015-09-27 10:30:00,0.7770375
2015-09-28 10:30:00,0.7512
2015-09-29 10:30:00,0.6503125
2015-09-30 10:30:00,0.85555
2015-10-01 10:30:00,0.64128745
2015-10-02 10:30:00,0.5233
2015-10-03 10:30:00,0.49752498
2015-10-04 10:30:00,0.5224625
2015-10-05 10:30:00,0.574475
2015-10-06 10:30:00,0.48998746
2015-10-07 10:30:00,0.4363875
2015-10-08 10:30:00,0.57645
2015-10-09 10:30:00,0.6812625
2015-10-10 10:30:00,0.89046246
2015-10-11 10:30:00,0.55651253
2015-10-12 10:30:00,0.60108745
2015-10-13 10:30:00,0.67308754
2015-10-14 10:30:00,0.61405
2015-10-15 10:30:00,0.47793746
2015-10-16 10:30:00,0.4643
2015-10-17 10:30:00,0.3724875
2015-10-18 10:30:00,0.35778752
2015-10-19 10:30:00,0.41077498
2015-10-20 10:30:00,0.4881375
2015-10-21 10:30:00,0.43826246
2015-10-22 10:30:00,0.43138748
2015-10-23 10:30:00,0.286225
2015-10-24 10:30:00,0.35035
2015-10-25 10:30:00,0.3174875
2015-10-26 10:30:00,0.538525
2015-10-27 10:30:00,0.5440625
2015-10-28 10:30:00,0.55665
2015-10-29 10:30:00,0.63338745
2015-10-30 10:30:00,0.6138375
2015-10-31 10:30:00,0.4803125
2015-11-01 10:30:00,0.418125
2015-11-02 10:30:00,0.4973
2015-11-03 10:30:00,0.3303625
2015-11-04 10:30:00,0.4676875
2015-11-05 10:30:00,0.4287375
2015-11-06 10:30:00,0.5593375
2015-11-07 10:30:00,0.508275
2015-11-08 10:30:00,0.6884625
2015-11-09 10:30:00,0.7616375
2015-11-10 10:30:00,0.7706375
2015-11-11 10:30:00,0.8261374
2015-11-12 10:30:00,0.7683125
2015-11-13 10:30:00,0.766275
2015-11-14 10:30:00,0.7601625
2015-11-15 10:30:00,0.4898625
2015-11-16 10:30:00,0.7330625
2015-11-17 10:30:00,0.6807
2015-11-18 10:30:00,0.822825
2015-11-19 10:30:00,0.769325
2015-11-20 10:30:00,0.7339375
2015-11-21 10:30:00,0.7143125
2015-11-22 10:30:00,0.677275
2015-11-23 10:30:00,0.6497874
2015-11-24 10:30:00,0.6718125
2015-11-25 10:30:00,0.65872496
2015-11-26 10:30:00,0.69425
2015-11-27 10:30:00,0.72568744
2015-11-28 10:30:00,0.74255
2015-11-29 10:30:00,0.7432875
2015-11-30 10:30:00,0.75927496
2015-12-01 10:30:00,0.8252125
2015-12-02 10:30:00,0.79613745
2015-12-03 10:30:00,0.6766625
2015-12-04 10:30:00,0.6577749
2015-12-05 10:30:00,0.66985
2015-12-06 10:30:00,0.63796246
2015-12-07 10:30:00,0.7529125
2015-12-08 10:30:00,0.7200125
2015-12-09 10:30:00,0.79779994
2015-12-10 10:30:00,0.66851246
2015-12-11 10:30:00,0.709225
2015-12-12 10:30:00,0.60095
2015-12-13 10:30:00,0.67464995
2015-12-14 10:30:00,0.7235625
2015-12-15 10:30:00,0.66722494
2015-12-16 10:30:00,0.68167496
2015-12-17 10:30:00,0.71708745
2015-12-18 10:30:00,0.74763745
2015-12-19 10:30:00,0.69873744
2015-12-20 10:30:00,0.7632125
2015-12-21 10:30:00,0.70436245
2015-12-22 10:30:00,0.6868
2015-12-23 10:30:00,0.6076875
2015-12-24 10:30:00,0.65456253
2015-12-25 10:30:00,0.6409375
2015-12-26 10:30:00,0.4754
2015-12-27 10:30:00,0.519075
2015-12-28 10:30:00,0.6121875
2015-12-29 10:30:00,0.7470375
2015-12-30 10:30:00,0.7191375
2015-12-31 10:30:00,0.7217375
2016-01-01 10:30:00,0.691175
2016-01-02 10:30:00,0.7069375
2016-01-03 10:30:00,0.65152496
2016-01-04 10:30:00,0.62796247
2016-01-05 10:30:00,0.66565
2016-01-06 10:30:00,0.6457499
2016-01-07 10:30:00,0.66878754
2016-01-08 10:30:00,0.6805875
2016-01-09 10:30:00,0.634525
2016-01-10 10:30:00,0.5550375
2016-01-11 10:30:00,0.5862125
2016-01-12 10:30:00,0.6430625
2016-01-13 10:30:00,0.625525
2016-01-14 10:30:00,0.66975
2016-01-15 10:30:00,0.6906875
2016-01-16 10:30:00,0.636625
2016-01-17 10:30:00,0.5682125
2016-01-18 10:30:00,0.542675
2016-01-19 10:30:00,0.5282875
2016-01-20 10:30:00,0.5731125
2016-01-21 10:30:00,0.571425
2016-01-22 10:30:00,0.53634995
2016-01-23 10:30:00,0.5512625
2016-01-24 10:30:00,0.563675
2016-01-25 10:30:00,0.5743875
2016-01-26 10:30:00,0.5776375
2016-01-27 10:30:00,0.578175
2016-01-28 10:30:00,0.58152497
2016-01-29 10:30:00,0.54983747
2016-01-30 10:30:00,0.5443625
2016-01-31 10:30:00,0.5949375
2016-02-01 10:30:00,0.58261245
2016-02-02 10:30:00,0.568075
2016-02-03 10:30:00,0.59508747
2016-02-04 10:30:00,0.59279996
2016-02-05 10:30:00,0.648425
2016-02-06 10:30:00,0.63923746
2016-02-07 10:30:00,0.6118375
2016-02-08 10:30:00,0.67031246
2016-02-09 10:30:00,0.7297625
2016-02-10 10:30:00,0.678175
2016-02-11 10:30:00,0.62535
2016-02-12 10:30:00,0.57906246
2016-02-13 10:30:00,0.533075
2016-02-14 10:30:00,0.5423875
2016-02-15 10:30:00,0.6161375
2016-02-16 10:30:00,0.61794996
2016-02-17 10:30:00,0.61158746
2016-02-18 10:30:00,0.597625
2016-02-19 10:30:00,0.6048625
2016-02-20 10:30:00,0.56436247
2016-02-21 10:30:00,0.4795875
2016-02-22 10:30:00,0.47782502
2016-02-23 10:30:00,0.5527875
2016-02-24 10:30:00,0.5536875
2016-02-25 10:30:00,0.5739
2016-02-26 10:30:00,0.50053746
2016-02-27 10:30:00,0.54816246
2016-02-28 10:30:00,0.5526625
2016-02-29 10:30:00,0.5591
2016-03-01 10:30:00,0.632825
2016-03-02 10:30:00,0.6930125
2016-03-03 10:30:00,0.65255
2016-03-04 10:30:00,0.73620003
2016-03-05 10:30:00,0.68322504
2016-03-06 10:30:00,0.5483625
2016-03-07 10:30:00,0.51581246
2016-03-08 10:30:00,0.5777625
2016-03-09 10:30:00,0.5838
2016-03-10 10:30:00,0.60283744
2016-03-11 10:30:00,0.59885
2016-03-12 10:30:00,0.55061245
2016-03-13 10:30:00,0.5372
2016-03-14 10:30:00,0.60349995
2016-03-15 10:30:00,0.5201
2016-03-16 10:30:00,0.4142
2016-03-17 10:30:00,0.49334997
2016-03-18 10:30:00,0.623325
2016-03-19 10:30:00,0.5673125
2016-03-20 10:30:00,0.4549625
2016-03-21 10:30:00,0.5782125
2016-03-22 10:30:00,0.41858748
2016-03-23 10:30:00,0.422875
2016-03-24 10:30:00,0.397925
2016-03-25 10:30:00,0.43159997
2016-03-26 10:30:00,0.38035
2016-03-27 10:30:00,0.306525
2016-03-28 10:30:00,0.3690875
2016-03-29 10:30:00,0.5642625
2016-03-30 10:30:00,0.357425
2016-03-31 10:30:00,0.4405125
2016-04-01 10:30:00,0.64156246
2016-04-02 10:30:00,0.46595
2016-04-03 10:30:00,0.5216125
2016-04-04 10:30:00,0.5146875
2016-04-05 10:30:00,0.4651875
2016-04-06 10:30:00,0.427475
2016-04-07 10:30:00,0.259275
2016-04-08 10:30:00,0.2473875
2016-04-09 10:30:00,0.276175
2016-04-10 10:30:00,0.40301248
2016-04-11 10:30:00,0.44865
2016-04-12 10:30:00,0.36255
2016-04-13 10:30:00,0.89676243
2016-04-14 10:30:00,0.56438744
2016-04-15 10:30:00,0.7144125
2016-04-16 10:30:00,0.8436
2016-04-17 10:30:00,0.58466244
2016-04-18 10:30:00,0.5862625
2016-04-19 10:30:00,0.3347375
2016-04-20 10:30:00,0.37693748
2016-04-21 10:30:00,0.4750875
2016-04-22 10:30:00,0.60631245
2016-04-23 10:30:00,0.42990002
2016-04-24 10:30:00,0.5557375
2016-04-25 10:30:00,0.423275
2016-04-26 10:30:00,0.55241245
2016-04-27 10:30:00,0.745375
2016-04-28 10:30:00,0.4416375
2016-04-29 10:30:00,0.5897375
2016-04-30 10:30:00,0.47847497
2016-05-01 10:30:00,0.78248745
2016-05-02 10:30:00,0.43491247
2016-05-03 10:30:00,0.2848625
2016-05-04 10:30:00,0.17758748
2016-05-05 10:30:00,0.3427375
2016-05-06 10:30:00,0.5957625
2016-05-07 10:30:00,0.22121249
2016-05-08 10:30:00,0.386525
2016-05-09 10:30:00,0.33995
2016-05-10 10:30:00,0.1690625
2016-05-11 10:30:00,0.63471246
2016-05-12 10:30:00,0.33842498
2016-05-13 10:30:00,0.20715
2016-05-14 10:30:00,0.425175
2016-05-15 10:30:00,0.355425
2016-05-16 10:30:00,0.297
2016-05-17 10:30:00,0.097899996
2016-05-18 10:30:00,0.199475
2016-05-19 10:30:00,0.20605
2016-05-20 10:30:00,0.38865
2016-05-21 10:30:00,0.34392497
2016-05-22 10:30:00,0.35838747
2016-05-23 10:30:00,0.6454125
2016-05-24 10:30:00,0.8195125
2016-05-25 10:30:00,0.61636245
2016-05-26 10:30:00,0.4433375
2016-05-27 10:30:00,0.340975
2016-05-28 10:30:00,0.373025
2016-05-29 10:30:00,0.452175
2016-05-30 10:30:00,0.5804875
2016-05-31 10:30:00,0.53625
2016-06-01 10:30:00,0.4964125
2016-06-02 10:30:00,0.4964375
2016-06-03 10:30:00,0.44772497
2016-06-04 10:30:00,0.40531248
2016-06-05 10:30:00,0.5063625
2016-06-06 10:30:00,0.47342497
2016-06-07 10:30:00,0.59405
2016-06-08 10:30:00,0.54174995
2016-06-09 10:30:00,0.7280625
2016-06-10 10:30:00,0.87933743
2016-06-11 10:30:00,0.66075
2016-06-12 10:30:00,0.7387625
2016-06-13 10:30:00,0.6472
2016-06-14 10:30:00,0.615375
2016-06-15 10:30:00,0.544
2016-06-16 10:30:00,0.73671246
2016-06-17 10:30:00,0.74083745
2016-06-18 10:30:00,0.7287
2016-06-19 10:30:00,0.68448746
2016-06-20 10:30:00,0.5969125
2016-06-21 10:30:00,0.604975
2016-06-22 10:30:00,0.89746255
2016-06-23 10:30:00,0.718125
2016-06-24 10:30:00,0.645475
2016-06-25 10:30:00,0.61896247
2016-06-26 10:30:00,0.5183
2016-06-27 10:30:00,0.6626375
2016-06-28 10:30:00,0.80207497
2016-06-29 10:30:00,0.9063624
2016-06-30 10:30:00,0.7782125
2016-07-01 10:30:00,0.5978125
2016-07-02 10:30:00,0.662175
2016-07-03 10:30:00,0.6090125
2016-07-04 10:30:00,0.47924998
2016-07-05 10:30:00,0.4766625
2016-07-06 10:30:00,0.55995
2016-07-07 10:30:00,0.63565
2016-07-08 10:30:00,0.70425004
2016-07-09 10:30:00,0.696025
2016-07-10 10:30:00,0.4388
2016-07-11 10:30:00,0.67559993
2016-07-12 10:30:00,0.60697496
2016-07-13 10:30:00,0.55803746
2016-07-14 10:30:00,0.60842496
2016-07-15 10:30:00,0.5613875
2016-07-16 10:30:00,0.5500375
2016-07-17 10:30:00,0.5827625
2016-07-18 10:30:00,0.4372
2016-07-19 10:30:00,0.698375
2016-07-20 10:30:00,0.72885
2016-07-21 10:30:00,0.7715875
2016-07-22 10:30:00,0.96456254
2016-07-23 10:30:00,0.76256245
2016-07-24 10:30:00,0.648025
2016-07-25 10:30:00,0.67972505
2016-07-26 10:30:00,0.68502504
2016-07-27 10:30:00,0.69052494
2016-07-28 10:30:00,0.7255375
2016-07-29 10:30:00,0.6515
2016-07-30 10:30:00,0.75673753
2016-07-31 10:30:00,0.7601625
2016-08-01 10:30:00,0.62095
2016-08-02 10:30:00,0.5430375
2016-08-03 10:30:00,0.53735
2016-08-04 10:30:00,0.55597496
2016-08-05 10:30:00,0.69593745
2016-08-06 10:30:00,0.7526875
2016-08-07 10:30:00,0.5570375
2016-08-08 10:30:00,0.515575
2016-08-09 10:30:00,0.7386375
2016-08-10 10:30:00,0.6199
2016-08-11 10:30:00,0.4662375
2016-08-12 10:30:00,0.43596247
2016-08-13 10:30:00,0.54440004
2016-08-14 10:30:00,0.63651246
2016-08-15 10:30:00,0.5777875
2016-08-16 10:30:00,0.7021875
2016-08-17 10:30:00,0.588475
2016-08-18 10:30:00,0.6292625
2016-08-19 10:30:00,0.62965
2016-08-20 10:30:00,0.782725
2016-08-21 10:30:00,0.71927494
2016-08-22 10:30:00,0.61025
2016-08-23 10:30:00,0.8022999
2016-08-24 10:30:00,0.6141
2016-08-25 10:30:00,0.47548747
2016-08-26 10:30:00,0.5949625
2016-08-27 10:30:00,0.548875
2016-08-28 10:30:00,0.5133875
2016-08-29 10:30:00,0.5463375
2016-08-30 10:30:00,0.42706248
2016-08-31 10:30:00,0.8475625
2016-09-01 10:30:00,0.86698747
2016-09-02 10:30:00,0.86434996
2016-09-03 10:30:00,0.8354375
2016-09-04 10:30:00,0.9179124
2016-09-05 10:30:00,0.85035
2016-09-06 10:30:00,0.800075
2016-09-07 10:30:00,0.6989
2016-09-08 10:30:00,0.81584996
2016-09-09 10:30:00,0.902425
2016-09-10 10:30:00,0.84636253
2016-09-11 10:30:00,0.7551
2016-09-12 10:30:00,0.7995625
2016-09-13 10:30:00,0.7746499
2016-09-14 10:30:00,0.836575
2016-09-15 10:30:00,0.60445
2016-09-16 10:30:00,0.74574995
2016-09-17 10:30:00,0.87633747
2016-09-18 10:30:00,0.66065
2016-09-19 10:30:00,0.58753747
2016-09-20 10:30:00,0.603575
2016-09-21 10:30:00,0.5919375
2016-09-22 10:30:00,0.80375
2016-09-23 10:30:00,0.7865125
2016-09-24 10:30:00,0.7082875
2016-09-25 10:30:00,0.628275
2016-09-26 10:30:00,0.771425
2016-09-27 10:30:00,0.7826375
2016-09-28 10:30:00,0.6223125
2016-09-29 10:30:00,0.63664997
2016-09-30 10:30:00,0.63081247
2016-10-01 10:30:00,0.5560625
2016-10-02 10:30:00,0.64739996
2016-10-03 10:30:00,0.61486244
2016-10-04 10:30:00,0.65737504
2016-10-05 10:30:00,0.5535875
2016-10-06 10:30:00,0.52288747
2016-10-07 10:30:00,0.8578375
2016-10-08 10:30:00,0.68565
2016-10-09 10:30:00,0.6442125
2016-10-10 10:30:00,0.59683746
2016-10-11 10:30:00,0.5781625
2016-10-12 10:30:00,0.63862497
2016-10-13 10:30:00,0.63263744
2016-10-14 10:30:00,0.5833875
2016-10-15 10:30:00,0.5535
2016-10-16 10:30:00,0.637425
2016-10-17 10:30:00,0.590875
2016-10-18 10:30:00,0.474975
2016-10-19 10:30:00,0.6034375
2016-10-20 10:30:00,0.44627497
2016-10-21 10:30:00,0.7669125
2016-10-22 10:30:00,0.53405
2016-10-23 10:30:00,0.52288747
2016-10-24 10:30:00,0.574825
2016-10-25 10:30:00,0.6199125
2016-10-26 10:30:00,0.59748745
2016-10-27 10:30:00,0.596375
2016-10-28 10:30:00,0.620375
2016-10-29 10:30:00,0.55733746
2016-10-30 10:30:00,0.56165
2016-10-31 10:30:00,0.5299125
2016-11-01 10:30:00,0.53249997
2016-11-02 10:30:00,0.61517495
2016-11-03 10:30:00,0.72052497
2016-11-04 10:30:00,0.79641247
2016-11-05 10:30:00,0.69036245
2016-11-06 10:30:00,0.71997494
2016-11-07 10:30:00,0.68895
2016-11-08 10:30:00,0.61251247
2016-11-09 10:30:00,0.6573375
2016-11-10 10:30:00,0.728275
2016-11-11 10:30:00,0.631575
2016-11-12 10:30:00,0.6410375
2016-11-13 10:30:00,0.7829875
2016-11-14 10:30:00,0.63465
2016-11-15 10:30:00,0.70275
2016-11-16 10:30:00,0.67055
2016-11-17 10:30:00,0.64895
2016-11-18 10:30:00,0.76224995
2016-11-19 10:30:00,0.6211125
2016-11-20 10:30:00,0.57033753
2016-11-21 10:30:00,0.5908
2016-11-22 10:30:00,0.64457494
2016-11-23 10:30:00,0.6043625
2016-11-24 10:30:00,0.6832
2016-11-25 10:30:00,0.702125
2016-11-26 10:30:00,0.64919996
2016-11-27 10:30:00,0.65787494
2016-11-28 10:30:00,0.6553375
2016-11-29 10:30:00,0.70106244
2016-11-30 10:30:00,0.62021244
2016-12-01 10:30:00,0.5787875
2016-12-02 10:30:00,0.6726625
2016-12-03 10:30:00,0.596275
2016-12-04 10:30:00,0.595825
2016-12-05 10:30:00,0.679175
2016-12-06 10:30:00,0.66777503
2016-12-07 10:30:00,0.6883124
2016-12-08 10:30:00,0.6456125
2016-12-09 10:30:00,0.61522496
2016-12-10 10:30:00,0.64867496
2016-12-11 10:30:00,0.6318125
2016-12-12 10:30:00,0.61281246
2016-12-13 10:30:00,0.59994996
2016-12-14 10:30:00,0.5710875
2016-12-15 10:30:00,0.5760625
2016-12-16 10:30:00,0.6367375
2016-12-17 10:30:00,0.606975
2016-12-18 10:30:00,0.71195
2016-12-19 10:30:00,0.7300875
2016-12-20 10:30:00,0.65708745
2016-12-21 10:30:00,0.7274375
2016-12-22 10:30:00,0.5827875
2016-12-23 10:30:00,0.6214375
2016-12-24 10:30:00,0.665325
2016-12-25 10:30:00,0.5856125
2016-12-26 10:30:00,0.4936375
2016-12-27 10:30:00,0.573575
2016-12-28 10:30:00,0.5433125
2016-12-29 10:30:00,0.5866875
2016-12-30 10:30:00,0.6329875
2016-12-31 10:30:00,0.6673874
2017-01-01 10:30:00,0.6859625
2017-01-02 10:30:00,0.678575
2017-01-03 10:30:00,0.6010625
2017-01-04 10:30:00,0.664325
2017-01-05 10:30:00,0.6858
2017-01-06 10:30:00,0.60034996
2017-01-07 10:30:00,0.68425
2017-01-08 10:30:00,0.56825
2017-01-09 10:30:00,0.5202
2017-01-10 10:30:00,0.5473625
2017-01-11 10:30:00,0.53311247
2017-01-12 10:30:00,0.48896247
2017-01-13 10:30:00,0.5403375
2017-01-14 10:30:00,0.6143125
2017-01-15 10:30:00,0.5432375
2017-01-16 10:30:00,0.62415
2017-01-17 10:30:00,0.66168743
2017-01-18 10:30:00,0.570425
2017-01-19 10:30:00,0.5588375
2017-01-20 10:30:00,0.545425
2017-01-21 10:30:00,0.5452125
2017-01-22 10:30:00,0.53505
2017-01-23 10:30:00,0.4722875
2017-01-24 10:30:00,0.56168747
2017-01-25 10:30:00,0.611025
2017-01-26 10:30:00,0.5596375
2017-01-27 10:30:00,0.57615
2017-01-28 10:30:00,0.6110875
2017-01-29 10:30:00,0.5201875
2017-01-30 10:30:00,0.5189
2017-01-31 10:30:00,0.48974997
2017-02-01 10:30:00,0.497625
2017-02-02 10:30:00,0.5456
2017-02-03 10:30:00,0.614725
2017-02-04 10:30:00,0.561
2017-02-05 10:30:00,0.5962375
2017-02-06 10:30:00,0.5447
2017-02-07 10:30:00,0.5803
2017-02-08 10:30:00,0.53631246
2017-02-09 10:30:00,0.55097497
2017-02-10 10:30:00,0.509125
2017-02-11 10:30:00,0.45002496
2017-02-12 10:30:00,0.4671
2017-02-13 10:30:00,0.537625
2017-02-14 10:30:00,0.5285625
2017-02-15 10:30:00,0.5358625
2017-02-16 10:30:00,0.50041246
2017-02-17 10:30:00,0.434575
2017-02-18 10:30:00,0.418725
2017-02-19 10:30:00,0.588825
2017-02-20 10:30:00,0.5516125
2017-02-21 10:30:00,0.634875
2017-02-22 10:30:00,0.53225
2017-02-23 10:30:00,0.5643125
2017-02-24 10:30:00,0.648125
2017-02-25 10:30:00,0.6269125
2017-02-26 10:30:00,0.658
2017-02-27 10:30:00,0.61544997
2017-02-28 10:30:00,0.5349
2017-03-01 10:30:00,0.49677497
2017-03-02 10:30:00,0.5074
2017-03-03 10:30:00,0.5504375
2017-03-04 10:30:00,0.45169997
2017-03-05 10:30:00,0.49171248
2017-03-06 10:30:00,0.50967497
2017-03-07 10:30:00,0.551975
2017-03-08 10:30:00,0.54417497
2017-03-09 10:30:00,0.58025
2017-03-10 10:30:00,0.5171
2017-03-11 10:30:00,0.566975
2017-03-12 10:30:00,0.4866875
2017-03-13 10:30:00,0.5104375
2017-03-14 10:30:00,0.550525
2017-03-15 10:30:00,0.54237497
2017-03-16 10:30:00,0.50995
2017-03-17 10:30:00,0.37635
2017-03-18 10:30:00,0.43932498
2017-03-19 10:30:00,0.4066
2017-03-20 10:30:00,0.5377875
2017-03-21 10:30:00,0.4702875
2017-03-22 10:30:00,0.484275
2017-03-23 10:30:00,0.483375
2017-03-24 10:30:00,0.41474998
2017-03-25 10:30:00,0.4283625
2017-03-26 10:30:00,0.511225
2017-03-27 10:30:00,0.4839125
2017-03-28 10:30:00,0.472675
2017-03-29 10:30:00,0.45604998
2017-03-30 10:30:00,0.5125
2017-03-31 10:30:00,0.37221247
2017-04-01 10:30:00,0.3592625
2017-04-02 10:30:00,0.36549997
2017-04-03 10:30:00,0.34542498
2017-04-04 10:30:00,0.3028
2017-04-05 10:30:00,0.39526248
2017-04-06 10:30:00,0.500025
2017-04-07 10:30:00,0.4281375
2017-04-08 10:30:00,0.38787502
2017-04-09 10:30:00,0.2684375
2017-04-10 10:30:00,0.277175
2017-04-11 10:30:00,0.2854
2017-04-12 10:30:00,0.2729375
2017-04-13 10:30:00,0.27057502
2017-04-14 10:30:00,0.2642125
2017-04-15 10:30:00,0.19867499
2017-04-16 10:30:00,0.358475
2017-04-17 10:30:00,0.5806875
2017-04-18 10:30:00,0.528
2017-04-19 10:30:00,0.430775
2017-04-20 10:30:00,0.384375
2017-04-21 10:30:00,0.2328125
2017-04-22 10:30:00,0.31344998
2017-04-23 10:30:00,0.42018747
2017-04-24 10:30:00,0.70815
2017-04-25 10:30:00,0.6913125
2017-04-26 10:30:00,0.43761247
2017-04-27 10:30:00,0.32915
2017-04-28 10:30:00,0.26091248
2017-04-29 10:30:00,0.2432375
2017-04-30 10:30:00,0.3380125
2017-05-01 10:30:00,0.1534
2017-05-02 10:30:00,0.19415
2017-05-03 10:30:00,0.3535125
2017-05-04 10:30:00,0.3845625
2017-05-05 10:30:00,0.66683745
2017-05-06 10:30:00,0.3375
2017-05-07 10:30:00,0.52849996
2017-05-08 10:30:00,0.20163749
2017-05-09 10:30:00,0.2673375
2017-05-10 10:30:00,0.26685
2017-05-11 10:30:00,0.58427495
2017-05-12 10:30:00,0.566575
2017-05-13 10:30:00,0.5980125
2017-05-14 10:30:00,0.5227375
2017-05-15 10:30:00,0.34286252
2017-05-16 10:30:00,0.43174997
2017-05-17 10:30:00,0.37192497
2017-05-18 10:30:00,0.1445
2017-05-19 10:30:00,0.31643748
2017-05-20 10:30:00,0.64315003
2017-05-21 10:30:00,0.7992875
2017-05-22 10:30:00,0.6035875
2017-05-23 10:30:00,0.45204997
2017-05-24 10:30:00,0.42929998
2017-05-25 10:30:00,0.386325
2017-05-26 10:30:00,0.34646246
2017-05-27 10:30:00,0.3094875
2017-05-28 10:30:00,0.2457125
2017-05-29 10:30:00,0.300475
2017-05-30 10:30:00,0.2908125
2017-05-31 10:30:00,0.3412375
2017-06-01 10:30:00,0.4617375
2017-06-02 10:30:00,0.68385
2017-06-03 10:30:00,0.49191248
2017-06-04 10:30:00,0.42614996
2017-06-05 10:30:00,0.24495
2017-06-06 10:30:00,0.61557496
2017-06-07 10:30:00,0.502675
2017-06-08 10:30:00,0.39886248
2017-06-09 10:30:00,0.39038748
2017-06-10 10:30:00,0.458175
2017-06-11 10:30:00,0.5478875
2017-06-12 10:30:00,0.5387875
2017-06-13 10:30:00,0.34501252
2017-06-14 10:30:00,0.32353747
2017-06-15 10:30:00,0.49779996
2017-06-16 10:30:00,0.39861247
2017-06-17 10:30:00,0.49574995
2017-06-18 10:30:00,0.5618875
2017-06-19 10:30:00,0.5650875
2017-06-20 10:30:00,0.770025
2017-06-21 10:30:00,0.774875
2017-06-22 10:30:00,0.49625
2017-06-23 10:30:00,0.4265375
2017-06-24 10:30:00,0.5286875
2017-06-25 10:30:00,0.54029995
2017-06-26 10:30:00,0.60335
2017-06-27 10:30:00,0.536675
2017-06-28 10:30:00,0.5038625
2017-06-29 10:30:00,0.54487497
2017-06-30 10:30:00,0.5944875
2017-07-01 10:30:00,0.5641625
2017-07-02 10:30:00,0.66208744
2017-07-03 10:30:00,0.5015
2017-07-04 10:30:00,0.3956625
2017-07-05 10:30:00,0.5213125
2017-07-06 10:30:00,0.6337625
2017-07-07 10:30:00,0.781575
2017-07-08 10:30:00,0.85195
2017-07-09 10:30:00,0.71117496
2017-07-10 10:30:00,0.77248746
2017-07-11 10:30:00,0.58365
2017-07-12 10:30:00,0.5349625
2017-07-13 10:30:00,0.480825
2017-07-14 10:30:00,0.464175
2017-07-15 10:30:00,0.6036125
2017-07-16 10:30:00,0.5637625
2017-07-17 10:30:00,0.5319
2017-07-18 10:30:00,0.54855
2017-07-19 10:30:00,0.5478375
2017-07-20 10:30:00,0.8506625
2017-07-21 10:30:00,0.5790375
2017-07-22 10:30:00,0.52853745
2017-07-23 10:30:00,0.6443
2017-07-24 10:30:00,0.491475
2017-07-25 10:30:00,0.43812498
2017-07-26 10:30:00,0.86271256
2017-07-27 10:30:00,0.6773625
2017-07-28 10:30:00,0.536725
2017-07-29 10:30:00,0.7889125
2017-07-30 10:30:00,0.85903746
2017-07-31 10:30:00,0.6789375
2017-08-01 10:30:00,0.8527
2017-08-02 10:30:00,0.90747494
2017-08-03 10:30:00,0.8584625
2017-08-04 10:30:00,0.81112504
2017-08-05 10:30:00,0.7551625
2017-08-06 10:30:00,0.7599125
2017-08-07 10:30:00,0.78518754
2017-08-08 10:30:00,0.7812375
2017-08-09 10:30:00,0.84963745
2017-08-10 10:30:00,0.88186246
2017-08-11 10:30:00,0.8189125
2017-08-12 10:30:00,0.76839995
2017-08-13 10:30:00,0.84565
2017-08-14 10:30:00,0.787875
2017-08-15 10:30:00,0.9164375
2017-08-16 10:30:00,0.87334996
2017-08-17 10:30:00,0.82364994
2017-08-18 10:30:00,0.7983875
2017-08-19 10:30:00,0.777525
2017-08-20 10:30:00,0.7789375
2017-08-21 10:30:00,0.62775
2017-08-22 10:30:00,0.677525
2017-08-23 10:30:00,0.61817497
2017-08-24 10:30:00,0.515575
2017-08-25 10:30:00,0.555075
2017-08-26 10:30:00,0.57048744
2017-08-27 10:30:00,0.5493875
2017-08-28 10:30:00,0.4257875
2017-08-29 10:30:00,0.41843748
2017-08-30 10:30:00,0.57866246
2017-08-31 10:30:00,0.630025
2017-09-01 10:30:00,0.63960004
2017-09-02 10:30:00,0.64106244
2017-09-03 10:30:00,0.8472625
2017-09-04 10:30:00,0.7693125
2017-09-05 10:30:00,0.77648747
2017-09-06 10:30:00,0.65982497
2017-09-07 10:30:00,0.62817496
2017-09-08 10:30:00,0.635075
2017-09-09 10:30:00,0.6511125
2017-09-10 10:30:00,0.7828375
2017-09-11 10:30:00,0.4761125
2017-09-12 10:30:00,0.653625
2017-09-13 10:30:00,0.6597
2017-09-14 10:30:00,0.64146245
2017-09-15 10:30:00,0.89397496
2017-09-16 10:30:00,0.773025
2017-09-17 10:30:00,0.7069375
2017-09-18 10:30:00,0.6916625
2017-09-19 10:30:00,0.71248746
2017-09-20 10:30:00,0.62233746
2017-09-21 10:30:00,0.43897498
2017-09-22 10:30:00,0.5275
2017-09-23 10:30:00,0.3935125
2017-09-24 10:30:00,0.5321125
2017-09-25 10:30:00,0.53534997
2017-09-26 10:30:00,0.41638747
2017-09-27 10:30:00,0.3539125
2017-09-28 10:30:00,0.41288748
2017-09-29 10:30:00,0.405875
2017-09-30 10:30:00,0.3552
2017-10-01 10:30:00,0.450925
2017-10-02 10:30:00,0.36607498
2017-10-03 10:30:00,0.44744998
2017-10-04 10:30:00,0.31167498
2017-10-05 10:30:00,0.44553748
2017-10-06 10:30:00,0.51084995
2017-10-07 10:30:00,0.53538746
2017-10-08 10:30:00,0.887725
2017-10-09 10:30:00,0.6863
2017-10-10 10:30:00,0.5823375
2017-10-11 10:30:00,0.697425
2017-10-12 10:30:00,0.560875
2017-10-13 10:30:00,0.5115
2017-10-14 10:30:00,0.523525
2017-10-15 10:30:00,0.58762497
2017-10-16 10:30:00,0.44502497
2017-10-17 10:30:00,0.37095
2017-10-18 10:30:00,0.35502502
2017-10-19 10:30:00,0.4828625
2017-10-20 10:30:00,0.495125
2017-10-21 10:30:00,0.43735
2017-10-22 10:30:00,0.5291
2017-10-23 10:30:00,0.4974375
2017-10-24 10:30:00,0.4521625
2017-10-25 10:30:00,0.46825
2017-10-26 10:30:00,0.5049125
2017-10-27 10:30:00,0.4930375
2017-10-28 10:30:00,0.486925
2017-10-29 10:30:00,0.494775
2017-10-30 10:30:00,0.32938752
2017-10-31 10:30:00,0.411025
2017-11-01 10:30:00,0.50553745
2017-11-02 10:30:00,0.5956375
2017-11-03 10:30:00,0.46485
2017-11-04 10:30:00,0.42073748
2017-11-05 10:30:00,0.41022497
2017-11-06 10:30:00,0.591375
2017-11-07 10:30:00,0.769075
2017-11-08 10:30:00,0.729
2017-11-09 10:30:00,0.66448754
2017-11-10 10:30:00,0.541775
2017-11-11 10:30:00,0.5215375
2017-11-12 10:30:00,0.564525
2017-11-13 10:30:00,0.5500625
2017-11-14 10:30:00,0.5074125
2017-11-15 10:30:00,0.522325
2017-11-16 10:30:00,0.5219125
2017-11-17 10:30:00,0.55015
2017-11-18 10:30:00,0.540175
2017-11-19 10:30:00,0.60845
2017-11-20 10:30:00,0.638675
2017-11-21 10:30:00,0.567375
2017-11-22 10:30:00,0.5825375
2017-11-23 10:30:00,0.4662875
2017-11-24 10:30:00,0.5549625
2017-11-25 10:30:00,0.5537125
2017-11-26 10:30:00,0.50173753
2017-11-27 10:30:00,0.4707875
2017-11-28 10:30:00,0.4180625
2017-11-29 10:30:00,0.41603747
2017-11-30 10:30:00,0.52629995
2017-12-01 10:30:00,0.5823
2017-12-02 10:30:00,0.6199
2017-12-03 10:30:00,0.5535875
2017-12-04 10:30:00,0.5507625
2017-12-05 10:30:00,0.6775375
2017-12-06 10:30:00,0.5887375
2017-12-07 10:30:00,0.547575
2017-12-08 10:30:00,0.6300875
2017-12-09 10:30:00,0.5846875
2017-12-10 10:30:00,0.468175
2017-12-11 10:30:00,0.4771625
2017-12-12 10:30:00,0.43746248
2017-12-13 10:30:00,0.48325
2017-12-14 10:30:00,0.54214996
2017-12-15 10:30:00,0.5535375
2017-12-16 10:30:00,0.53875
2017-12-17 10:30:00,0.6021125
2017-12-18 10:30:00,0.51025003
2017-12-19 10:30:00,0.615125
2017-12-20 10:30:00,0.6111875
2017-12-21 10:30:00,0.5118
2017-12-22 10:30:00,0.5343125
2017-12-23 10:30:00,0.59735
2017-12-24 10:30:00,0.6193
2017-12-25 10:30:00,0.55798745
2017-12-26 10:30:00,0.44974998
2017-12-27 10:30:00,0.62326247
2017-12-28 10:30:00,0.6303625
2017-12-29 10:30:00,0.570625
2017-12-30 10:30:00,0.6501375
2017-12-31 10:30:00,0.582875
2018-01-01 10:30:00,0.544925
2018-01-02 10:30:00,0.57551247
2018-01-03 10:30:00,0.5404125
2018-01-04 10:30:00,0.4825875
2018-01-05 10:30:00,0.60225
2018-01-06 10:30:00,0.55759996
2018-01-07 10:30:00,0.58486253
2018-01-08 10:30:00,0.630625
2018-01-09 10:30:00,0.517475
2018-01-10 10:30:00,0.4373
2018-01-11 10:30:00,0.45453748
2018-01-12 10:30:00,0.5792125
2018-01-13 10:30:00,0.6226375
2018-01-14 10:30:00,0.5595375
2018-01-15 10:30:00,0.6474125
2018-01-16 10:30:00,0.67574996
2018-01-17 10:30:00,0.5896125
2018-01-18 10:30:00,0.5825125
2018-01-19 10:30:00,0.4785125
2018-01-20 10:30:00,0.458075
2018-01-21 10:30:00,0.44617498
2018-01-22 10:30:00,0.4652
2018-01-23 10:30:00,0.4753125
2018-01-24 10:30:00,0.4667875
2018-01-25 10:30:00,0.42970002
2018-01-26 10:30:00,0.42364997
2018-01-27 10:30:00,0.44075
2018-01-28 10:30:00,0.5010625
2018-01-29 10:30:00,0.580725
2018-01-30 10:30:00,0.54623747
2018-01-31 10:30:00,0.5739375
2018-02-01 10:30:00,0.5322625
2018-02-02 10:30:00,0.4982375
2018-02-03 10:30:00,0.506225
2018-02-04 10:30:00,0.5009625
2018-02-05 10:30:00,0.47255
2018-02-06 10:30:00,0.48209998
2018-02-07 10:30:00,0.5311875
2018-02-08 10:30:00,0.54711246
2018-02-09 10:30:00,0.50575
2018-02-10 10:30:00,0.46619996
2018-02-11 10:30:00,0.4962375
2018-02-12 10:30:00,0.500975
2018-02-13 10:30:00,0.53212494
2018-02-14 10:30:00,0.514575
2018-02-15 10:30:00,0.5176375
2018-02-16 10:30:00,0.44382498
2018-02-17 10:30:00,0.40857497
2018-02-18 10:30:00,0.45589998
2018-02-19 10:30:00,0.5176375
2018-02-20 10:30:00,0.53458744
2018-02-21 10:30:00,0.579475
2018-02-22 10:30:00,0.56294996
2018-02-23 10:30:00,0.48739997
2018-02-24 10:30:00,0.4887125
2018-02-25 10:30:00,0.535375
2018-02-26 10:30:00,0.67371243
2018-02-27 10:30:00,0.64576244
2018-02-28 10:30:00,0.6901625
2018-03-01 10:30:00,0.57194996
2018-03-02 10:30:00,0.47947496
2018-03-03 10:30:00,0.61312497
2018-03-04 10:30:00,0.530225
2018-03-05 10:30:00,0.52075
2018-03-06 10:30:00,0.50920004
2018-03-07 10:30:00,0.53318745
2018-03-08 10:30:00,0.498725
2018-03-09 10:30:00,0.51822495
2018-03-10 10:30:00,0.60534996
2018-03-11 10:30:00,0.5423875
2018-03-12 10:30:00,0.6465375
2018-03-13 10:30:00,0.591375
2018-03-14 10:30:00,0.659625
2018-03-15 10:30:00,0.44904998
2018-03-16 10:30:00,0.4416875
2018-03-17 10:30:00,0.41593748
2018-03-18 10:30:00,0.41497502
2018-03-19 10:30:00,0.3887625
2018-03-20 10:30:00,0.5985
2018-03-21 10:30:00,0.505275
2018-03-22 10:30:00,0.3581
2018-03-23 10:30:00,0.335275
2018-03-24 10:30:00,0.3611125
2018-03-25 10:30:00,0.2608875
2018-03-26 10:30:00,0.2519
2018-03-27 10:30:00,0.35744998
2018-03-28 10:30:00,0.3486
2018-03-29 10:30:00,0.325475
2018-03-30 10:30:00,0.3950875
2018-03-31 10:30:00,0.4298375
2018-04-01 10:30:00,0.32963753
2018-04-02 10:30:00,0.24985
2018-04-03 10:30:00,0.274425
2018-04-04 10:30:00,0.21094999
2018-04-05 10:30:00,0.51423746
2018-04-06 10:30:00,0.32958746
2018-04-07 10:30:00,0.310325
2018-04-08 10:30:00,0.32723752
2018-04-09 10:30:00,0.34056252
2018-04-10 10:30:00,0.4612625
2018-04-11 10:30:00,0.35498747
2018-04-12 10:30:00,0.3228625
2018-04-13 10:30:00,0.727875
2018-04-14 10:30:00,0.79379994
2018-04-15 10:30:00,0.44025
2018-04-16 10:30:00,0.24995
2018-04-17 10:30:00,0.425975
2018-04-18 10:30:00,0.60991246
2018-04-19 10:30:00,0.3626625
2018-04-20 10:30:00,0.74184996
2018-04-21 10:30:00,0.5812625
2018-04-22 10:30:00,0.47718748
2018-04-23 10:30:00,0.42263752
2018-04-24 10:30:00,0.286725
2018-04-25 10:30:00,0.2606125
2018-04-26 10:30:00,0.311
2018-04-27 10:30:00,0.3136125
2018-04-28 10:30:00,0.34388748
2018-04-29 10:30:00,0.384375
2018-04-30 10:30:00,0.38843748
2018-05-01 10:30:00,0.4647375
2018-05-02 10:30:00,0.42596248
2018-05-03 10:30:00,0.3026375
2018-05-04 10:30:00,0.2456375
2018-05-05 10:30:00,0.1786375
2018-05-06 10:30:00,0.37486246
2018-05-07 10:30:00,0.47248748
2018-05-08 10:30:00,0.3640875
2018-05-09 10:30:00,0.30765
2018-05-10 10:30:00,0.44085
2018-05-11 10:30:00,0.305525
2018-05-12 10:30:00,0.3160125
2018-05-13 10:30:00,0.44593748
2018-05-14 10:30:00,0.319275
2018-05-15 10:30:00,0.5271625
2018-05-16 10:30:00,0.5851
2018-05-17 10:30:00,0.44552496
2018-05-18 10:30:00,0.37461248
2018-05-19 10:30:00,0.25824997
2018-05-20 10:30:00,0.66214997
2018-05-21 10:30:00,0.555025
2018-05-22 10:30:00,0.70915
2018-05-23 10:30:00,0.5162625
2018-05-24 10:30:00,0.5507
2018-05-25 10:30:00,0.47311246
2018-05-26 10:30:00,0.570125
2018-05-27 10:30:00,0.70757496
2018-05-28 10:30:00,0.7601875
2018-05-29 10:30:00,0.79429996
2018-05-30 10:30:00,0.5277125
2018-05-31 10:30:00,0.3211125
2018-06-01 10:30:00,0.2074
2018-06-02 10:30:00,0.2035
2018-06-03 10:30:00,0.4049375
2018-06-04 10:30:00,0.6192375
2018-06-05 10:30:00,0.61987495
2018-06-06 10:30:00,0.61855
2018-06-07 10:30:00,0.70661247
2018-06-08 10:30:00,0.61373746
2018-06-09 10:30:00,0.7160375
2018-06-10 10:30:00,0.579225
2018-06-11 10:30:00,0.7306375
2018-06-12 10:30:00,0.762575
2018-06-13 10:30:00,0.7494875
2018-06-14 10:30:00,0.7529875
2018-06-15 10:30:00,0.8682375
2018-06-16 10:30:00,0.67641246
2018-06-17 10:30:00,0.56215
2018-06-18 10:30:00,0.72879994
2018-06-19 10:30:00,0.52005
2018-06-20 10:30:00,0.56014997
2018-06-21 10:30:00,0.460725
2018-06-22 10:30:00,0.5388
2018-06-23 10:30:00,0.5217625
2018-06-24 10:30:00,0.7479
2018-06-25 10:30:00,0.74773747
2018-06-26 10:30:00,0.72192496
2018-06-27 10:30:00,0.72552496
2018-06-28 10:30:00,0.57142496
2018-06-29 10:30:00,0.5740375
2018-06-30 10:30:00,0.5606125
2018-07-01 10:30:00,0.5488375
2018-07-02 10:30:00,0.54943746
2018-07-03 10:30:00,0.77775
2018-07-04 10:30:00,0.935775
2018-07-05 10:30:00,0.8623625
2018-07-06 10:30:00,0.7911625
2018-07-07 10:30:00,0.95216244
2018-07-08 10:30:00,0.71757495
2018-07-09 10:30:00,0.63158745
2018-07-10 10:30:00,0.74512494
2018-07-11 10:30:00,0.87415
2018-07-12 10:30:00,0.67271245
2018-07-13 10:30:00,0.621175
2018-07-14 10:30:00,0.62703747
2018-07-15 10:30:00,0.6338125
2018-07-16 10:30:00,0.91559994
2018-07-17 10:30:00,0.84708744
2018-07-18 10:30:00,0.7862625
2018-07-19 10:30:00,0.6974
2018-07-20 10:30:00,0.85095
2018-07-21 10:30:00,0.8604875
2018-07-22 10:30:00,0.65235
2018-07-23 10:30:00,0.6317875
2018-07-24 10:30:00,0.9367
2018-07-25 10:30:00,0.9172875
2018-07-26 10:30:00,0.793925
2018-07-27 10:30:00,0.8119124
2018-07-28 10:30:00,0.80026245
2018-07-29 10:30:00,0.75723743
2018-07-30 10:30:00,0.830925
2018-07-31 10:30:00,0.650525
2018-08-01 10:30:00,0.70256245
2018-08-02 10:30:00,0.755325
2018-08-03 10:30:00,0.751725
2018-08-04 10:30:00,0.88943744
2018-08-05 10:30:00,0.85043746
2018-08-06 10:30:00,0.86155
2018-08-07 10:30:00,0.870375
2018-08-08 10:30:00,0.7451875
2018-08-09 10:30:00,0.7039875
2018-08-10 10:30:00,0.66815
2018-08-11 10:30:00,0.8771
2018-08-12 10:30:00,0.87223744
2018-08-13 10:30:00,0.96905
2018-08-14 10:30:00,0.93716246
2018-08-15 10:30:00,0.8363375
2018-08-16 10:30:00,0.78497493
2018-08-17 10:30:00,0.8121125
2018-08-18 10:30:00,0.69193745
2018-08-19 10:30:00,0.686275
2018-08-20 10:30:00,0.7886625
2018-08-21 10:30:00,0.64498746
2018-08-22 10:30:00,0.710925
2018-08-23 10:30:00,0.70946246
2018-08-24 10:30:00,0.744175
2018-08-25 10:30:00,0.86529994
2018-08-26 10:30:00,0.78643745
2018-08-27 10:30:00,0.76696247
2018-08-28 10:30:00,0.9528875
2018-08-29 10:30:00,0.83738744
2018-08-30 10:30:00,0.90828747
2018-08-31 10:30:00,0.764825
2018-09-01 10:30:00,0.7648625
2018-09-02 10:30:00,0.90337497
2018-09-03 10:30:00,0.6450875
2018-09-04 10:30:00,0.72058743
2018-09-05 10:30:00,0.76113755
2018-09-06 10:30:00,0.589575
2018-09-07 10:30:00,0.73591244
2018-09-08 10:30:00,0.66045
2018-09-09 10:30:00,0.70428747
2018-09-10 10:30:00,0.659325
2018-09-11 10:30:00,0.73235
2018-09-12 10:30:00,0.6565625
2018-09-13 10:30:00,0.63647497
2018-09-14 10:30:00,0.70607495
2018-09-15 10:30:00,0.48819998
2018-09-16 10:30:00,0.58713746
2018-09-17 10:30:00,0.5695625
2018-09-18 10:30:00,0.64826244
2018-09-19 10:30:00,0.63226247
2018-09-20 10:30:00,0.455675
2018-09-21 10:30:00,0.67675
2018-09-22 10:30:00,0.81162494
2018-09-23 10:30:00,0.66138744
2018-09-24 10:30:00,0.6619
2018-09-25 10:30:00,0.5552125
2018-09-26 10:30:00,0.5477875
2018-09-27 10:30:00,0.508575
2018-09-28 10:30:00,0.802825
2018-09-29 10:30:00,0.94107497
2018-09-30 10:30:00,0.9022125
2018-10-01 10:30:00,0.57546246
2018-10-02 10:30:00,0.6242
2018-10-03 10:30:00,0.5897875
2018-10-04 10:30:00,0.5513
2018-10-05 10:30:00,0.38943747
2018-10-06 10:30:00,0.47325
2018-10-07 10:30:00,0.6875
2018-10-08 10:30:00,0.6474624
2018-10-09 10:30:00,0.6924875
2018-10-10 10:30:00,0.64846253
2018-10-11 10:30:00,0.5456375
2018-10-12 10:30:00,0.46801248
2018-10-13 10:30:00,0.46049997
2018-10-14 10:30:00,0.51972497
2018-10-15 10:30:00,0.4419625
2018-10-16 10:30:00,0.43510002
2018-10-17 10:30:00,0.4651875
2018-10-18 10:30:00,0.34075
2018-10-19 10:30:00,0.45956248
2018-10-20 10:30:00,0.37193748
2018-10-21 10:30:00,0.622275
2018-10-22 10:30:00,0.47617498
2018-10-23 10:30:00,0.6561625
2018-10-24 10:30:00,0.5909375
2018-10-25 10:30:00,0.7498
2018-10-26 10:30:00,0.62936246
2018-10-27 10:30:00,0.5011375
2018-10-28 10:30:00,0.50786245
2018-10-29 10:30:00,0.62193745
2018-10-30 10:30:00,0.59807503
2018-10-31 10:30:00,0.54461247
2018-11-01 10:30:00,0.52415
2018-11-02 10:30:00,0.3963375
2018-11-03 10:30:00,0.5894875
2018-11-04 10:30:00,0.514575
2018-11-05 10:30:00,0.5988749
2018-11-06 10:30:00,0.4995875
2018-11-07 10:30:00,0.52125
2018-11-08 10:30:00,0.6611375
2018-11-09 10:30:00,0.65426254
2018-11-10 10:30:00,0.5672
2018-11-11 10:30:00,0.634775
2018-11-12 10:30:00,0.6431125
2018-11-13 10:30:00,0.6782625
2018-11-14 10:30:00,0.58787495
2018-11-15 10:30:00,0.4305125
2018-11-16 10:30:00,0.4225875
2018-11-17 10:30:00,0.60196245
2018-11-18 10:30:00,0.55677503
2018-11-19 10:30:00,0.5747875
2018-11-20 10:30:00,0.50165
2018-11-21 10:30:00,0.4302875
2018-11-22 10:30:00,0.514775
2018-11-23 10:30:00,0.4327125
2018-11-24 10:30:00,0.449725
2018-11-25 10:30:00,0.37162498
2018-11-26 10:30:00,0.37756246
2018-11-27 10:30:00,0.4159125
2018-11-28 10:30:00,0.49529997
2018-11-29 10:30:00,0.4572375
2018-11-30 10:30:00,0.4662875
2018-12-01 10:30:00,0.3543625
2018-12-02 10:30:00,0.41634998
2018-12-03 10:30:00,0.461275
2018-12-04 10:30:00,0.4689875
2018-12-05 10:30:00,0.4485
2018-12-06 10:30:00,0.463175
2018-12-07 10:30:00,0.45381248
2018-12-08 10:30:00,0.47265
2018-12-09 10:30:00,0.58495
2018-12-10 10:30:00,0.58465
2018-12-11 10:30:00,0.5603625
2018-12-12 10:30:00,0.63025
2018-12-13 10:30:00,0.55202496
2018-12-14 10:30:00,0.596425
2018-12-15 10:30:00,0.53309995
2018-12-16 10:30:00,0.5503
2018-12-17 10:30:00,0.56009996
2018-12-18 10:30:00,0.565125
2018-12-19 10:30:00,0.60305
2018-12-20 10:30:00,0.67114997
2018-12-21 10:30:00,0.65775
2018-12-22 10:30:00,0.4352375
2018-12-23 10:30:00,0.4510625
2018-12-24 10:30:00,0.4611125
2018-12-25 10:30:00,0.38795
2018-12-26 10:30:00,0.4289875
2018-12-27 10:30:00,0.460625
2018-12-28 10:30:00,0.47366247
2018-12-29 10:30:00,0.46669996
2018-12-30 10:30:00,0.4763625
2018-12-31 10:30:00,0.4442125
2019-01-01 10:30:00,0.4764875
2019-01-02 10:30:00,0.4775125
2019-01-03 10:30:00,0.5494
2019-01-04 10:30:00,0.4709875
2019-01-05 10:30:00,0.46415
2019-01-06 10:30:00,0.48154998
2019-01-07 10:30:00,0.49908748
2019-01-08 10:30:00,0.35693747
2019-01-09 10:30:00,0.38936248
2019-01-10 10:30:00,0.5733375
2019-01-11 10:30:00,0.60284996
2019-01-12 10:30:00,0.60208744
2019-01-13 10:30:00,0.58849996
2019-01-14 10:30:00,0.5105125
2019-01-15 10:30:00,0.3908125
2019-01-16 10:30:00,0.54025
2019-01-17 10:30:00,0.55277497
2019-01-18 10:30:00,0.5326125
2019-01-19 10:30:00,0.52775
2019-01-20 10:30:00,0.4327
2019-01-21 10:30:00,0.44013748
2019-01-22 10:30:00,0.4774375
2019-01-23 10:30:00,0.4111875
2019-01-24 10:30:00,0.49686247
2019-01-25 10:30:00,0.4604
2019-01-26 10:30:00,0.35623747
2019-01-27 10:30:00,0.5236
2019-01-28 10:30:00,0.41448748
2019-01-29 10:30:00,0.3941125
2019-01-30 10:30:00,0.41294998
2019-01-31 10:30:00,0.36691248
2019-02-01 10:30:00,0.3077375
2019-02-02 10:30:00,0.39634997
2019-02-03 10:30:00,0.4284375
2019-02-04 10:30:00,0.45458746
2019-02-05 10:30:00,0.40366247
2019-02-06 10:30:00,0.39163747
2019-02-07 10:30:00,0.38085
2019-02-08 10:30:00,0.39897498
2019-02-09 10:30:00,0.4269875
2019-02-10 10:30:00,0.42525
2019-02-11 10:30:00,0.4182875
2019-02-12 10:30:00,0.371625
2019-02-13 10:30:00,0.3626125
2019-02-14 10:30:00,0.31989998
2019-02-15 10:30:00,0.35325
2019-02-16 10:30:00,0.3835125
2019-02-17 10:30:00,0.312675
2019-02-18 10:30:00,0.26655
2019-02-19 10:30:00,0.37847498
2019-02-20 10:30:00,0.31719998
2019-02-21 10:30:00,0.37605
2019-02-22 10:30:00,0.44892496
2019-02-23 10:30:00,0.33759996
2019-02-24 10:30:00,0.40866247
2019-02-25 10:30:00,0.5279875
2019-02-26 10:30:00,0.46372497
2019-02-27 10:30:00,0.4366
2019-02-28 10:30:00,0.40081248
2019-03-01 10:30:00,0.3141
2019-03-02 10:30:00,0.3434375
2019-03-03 10:30:00,0.4456
2019-03-04 10:30:00,0.3684875
2019-03-05 10:30:00,0.47765
2019-03-06 10:30:00,0.3956875
2019-03-07 10:30:00,0.32639998
2019-03-08 10:30:00,0.23378749
2019-03-09 10:30:00,0.343375
2019-03-10 10:30:00,0.3029375
2019-03-11 10:30:00,0.3604625
2019-03-12 10:30:00,0.33897498
2019-03-13 10:30:00,0.43676248
2019-03-14 10:30:00,0.47035
2019-03-15 10:30:00,0.4834125
2019-03-16 10:30:00,0.5632125
2019-03-17 10:30:00,0.3678625
2019-03-18 10:30:00,0.24329999
2019-03-19 10:30:00,0.31257498
2019-03-20 10:30:00,0.7147625
2019-03-21 10:30:00,0.393725
2019-03-22 10:30:00,0.4080125
2019-03-23 10:30:00,0.34347498
2019-03-24 10:30:00,0.33076248
2019-03-25 10:30:00,0.22655
2019-03-26 10:30:00,0.29354998
2019-03-27 10:30:00,0.23005001
2019-03-28 10:30:00,0.325575
2019-03-29 10:30:00,0.49849996
2019-03-30 10:30:00,0.333125
2019-03-31 10:30:00,0.32553747
2019-04-01 10:30:00,0.312075
2019-04-02 10:30:00,0.25045
2019-04-03 10:30:00,0.2026
2019-04-04 10:30:00,0.46693748
2019-04-05 10:30:00,0.32881248
2019-04-06 10:30:00,0.45373747
2019-04-07 10:30:00,0.5167
2019-04-08 10:30:00,0.52348745
2019-04-09 10:30:00,0.3244625
2019-04-10 10:30:00,0.28239998
2019-04-11 10:30:00,0.241175
2019-04-12 10:30:00,0.153525
2019-04-13 10:30:00,0.361525
2019-04-14 10:30:00,0.294525
2019-04-15 10:30:00,0.1312875
2019-04-16 10:30:00,0.15879999
2019-04-17 10:30:00,0.497975
2019-04-18 10:30:00,0.2987375
2019-04-19 10:30:00,0.16757499
2019-04-20 10:30:00,0.18530001
2019-04-21 10:30:00,0.16375
2019-04-22 10:30:00,0.24143748
2019-04-23 10:30:00,0.15537499
2019-04-24 10:30:00,0.2981625
2019-04-25 10:30:00,0.27049997
2019-04-26 10:30:00,0.17012501
2019-04-27 10:30:00,0.2144625
2019-04-28 10:30:00,0.2845125
2019-04-29 10:30:00,0.2765875
2019-04-30 10:30:00,0.260875
2019-05-01 10:30:00,0.252925
2019-05-02 10:30:00,0.20171249
2019-05-03 10:30:00,0.17286249
2019-05-04 10:30:00,0.5150375
2019-05-05 10:30:00,0.317675
2019-05-06 10:30:00,0.21045
2019-05-07 10:30:00,0.21675001
2019-05-08 10:30:00,0.26811248
2019-05-09 10:30:00,0.22389999
2019-05-10 10:30:00,0.32535
2019-05-11 10:30:00,0.53494996
2019-05-12 10:30:00,0.665575
2019-05-13 10:30:00,0.6758625
2019-05-14 10:30:00,0.5935125
2019-05-15 10:30:00,0.480325
2019-05-16 10:30:00,0.2619625
2019-05-17 10:30:00,0.2296875
2019-05-18 10:30:00,0.1842
2019-05-19 10:30:00,0.88856244
2019-05-20 10:30:00,0.38502496
2019-05-21 10:30:00,0.3722375
2019-05-22 10:30:00,0.33630002
2019-05-23 10:30:00,0.43905
2019-05-24 10:30:00,0.3644625
2019-05-25 10:30:00,0.65246254
2019-05-26 10:30:00,0.6666625
2019-05-27 10:30:00,0.25786248
2019-05-28 10:30:00,0.2461125
2019-05-29 10:30:00,0.2986875
2019-05-30 10:30:00,0.59783745
2019-05-31 10:30:00,0.6012125
2019-06-01 10:30:00,0.463525
2019-06-02 10:30:00,0.547175
2019-06-03 10:30:00,0.50273746
2019-06-04 10:30:00,0.527075
2019-06-05 10:30:00,0.4464
2019-06-06 10:30:00,0.6396875
2019-06-07 10:30:00,0.79155
2019-06-08 10:30:00,0.84848744
2019-06-09 10:30:00,0.8176249
2019-06-10 10:30:00,0.71848744
2019-06-11 10:30:00,0.6126125
2019-06-12 10:30:00,0.6693625
2019-06-13 10:30:00,0.42830002
2019-06-14 10:30:00,0.60254997
2019-06-15 10:30:00,0.50796247
2019-06-16 10:30:00,0.48197502
2019-06-17 10:30:00,0.395075
2019-06-18 10:30:00,0.5056
2019-06-19 10:30:00,0.4770125
2019-06-20 10:30:00,0.62044996
2019-06-21 10:30:00,0.5061125
2019-06-22 10:30:00,0.534525
2019-06-23 10:30:00,0.424425
2019-06-24 10:30:00,0.425025
2019-06-25 10:30:00,0.8111999
2019-06-26 10:30:00,0.8135125
2019-06-27 10:30:00,0.795625
2019-06-28 10:30:00,0.83816254
2019-06-29 10:30:00,0.79550004
2019-06-30 10:30:00,0.72238743
2019-07-01 10:30:00,0.69583744
2019-07-02 10:30:00,0.66915
2019-07-03 10:30:00,0.64706254
2019-07-04 10:30:00,0.64455
2019-07-05 10:30:00,0.89287496
2019-07-06 10:30:00,0.87525
2019-07-07 10:30:00,0.7212375
2019-07-08 10:30:00,0.7263625
2019-07-09 10:30:00,0.7836
2019-07-10 10:30:00,0.77989995
2019-07-11 10:30:00,0.83555
2019-07-12 10:30:00,0.847525
2019-07-13 10:30:00,0.827125
2019-07-14 10:30:00,0.78749996
2019-07-15 10:30:00,0.73195
2019-07-16 10:30:00,0.7793625
2019-07-17 10:30:00,0.67015
2019-07-18 10:30:00,0.6646125
2019-07-19 10:30:00,0.7379
2019-07-20 10:30:00,0.85254997
2019-07-21 10:30:00,0.693775
2019-07-22 10:30:00,0.698025
2019-07-23 10:30:00,0.83796245
2019-07-24 10:30:00,0.86482495
2019-07-25 10:30:00,0.6832875
2019-07-26 10:30:00,0.67069995
2019-07-27 10:30:00,0.85165
2019-07-28 10:30:00,0.6847125
2019-07-29 10:30:00,0.6568
2019-07-30 10:30:00,0.77955
2019-07-31 10:30:00,0.73510003
2019-08-01 10:30:00,0.74597496
2019-08-02 10:30:00,0.7356375
2019-08-03 10:30:00,0.6829125
2019-08-04 10:30:00,0.6087
2019-08-05 10:30:00,0.7480625
2019-08-06 10:30:00,0.9256375
2019-08-07 10:30:00,0.91065
2019-08-08 10:30:00,0.9007125
2019-08-09 10:30:00,0.887125
2019-08-10 10:30:00,0.919675
2019-08-11 10:30:00,0.86431247
2019-08-12 10:30:00,0.85660005
2019-08-13 10:30:00,0.7253625
2019-08-14 10:30:00,0.7527125
2019-08-15 10:30:00,0.8232125
2019-08-16 10:30:00,0.79069996
2019-08-17 10:30:00,0.7441625
2019-08-18 10:30:00,0.76886255
2019-08-19 10:30:00,0.7198625
2019-08-20 10:30:00,0.8593875
2019-08-21 10:30:00,0.558725
2019-08-22 10:30:00,0.804
2019-08-23 10:30:00,0.84795
2019-08-24 10:30:00,0.82944995
2019-08-25 10:30:00,0.815
2019-08-26 10:30:00,0.77371246
2019-08-27 10:30:00,0.73372495
2019-08-28 10:30:00,0.7696
2019-08-29 10:30:00,0.7989375
2019-08-30 10:30:00,0.6865875
2019-08-31 10:30:00,0.6974125
2019-09-01 10:30:00,0.6476125
2019-09-02 10:30:00,0.74135
2019-09-03 10:30:00,0.71765
2019-09-04 10:30:00,0.5894625
2019-09-05 10:30:00,0.6736875
2019-09-06 10:30:00,0.70411247
2019-09-07 10:30:00,0.6294375
2019-09-08 10:30:00,0.5579375
2019-09-09 10:30:00,0.5567625
2019-09-10 10:30:00,0.6345125
2019-09-11 10:30:00,0.56834996
2019-09-12 10:30:00,0.43901247
2019-09-13 10:30:00,0.6617375
2019-09-14 10:30:00,0.49151248
2019-09-15 10:30:00,0.4740625
2019-09-16 10:30:00,0.44289997
2019-09-17 10:30:00,0.5048875
2019-09-18 10:30:00,0.471975
2019-09-19 10:30:00,0.64511245
2019-09-20 10:30:00,0.65517503
2019-09-21 10:30:00,0.5826375
2019-09-22 10:30:00,0.5648625
2019-09-23 10:30:00,0.46099997
2019-09-24 10:30:00,0.4410125
2019-09-25 10:30:00,0.4504625
2019-09-26 10:30:00,0.346975
2019-09-27 10:30:00,0.28042498
2019-09-28 10:30:00,0.37957498
2019-09-29 10:30:00,0.3772
2019-09-30 10:30:00,0.47818747
2019-10-01 10:30:00,0.4270375
2019-10-02 10:30:00,0.6765999
2019-10-03 10:30:00,0.786425
2019-10-04 10:30:00,0.485425
2019-10-05 10:30:00,0.55097497
2019-10-06 10:30:00,0.3966375
2019-10-07 10:30:00,0.4968375
2019-10-08 10:30:00,0.53155
2019-10-09 10:30:00,0.41502497
2019-10-10 10:30:00,0.41791248
2019-10-11 10:30:00,0.4097625
2019-10-12 10:30:00,0.391675
2019-10-13 10:30:00,0.3726875
2019-10-14 10:30:00,0.33240002
2019-10-15 10:30:00,0.30153748
2019-10-16 10:30:00,0.52572495
2019-10-17 10:30:00,0.3361
2019-10-18 10:30:00,0.420325
2019-10-19 10:30:00,0.56558746
2019-10-20 10:30:00,0.5874625
2019-10-21 10:30:00,0.51862496
2019-10-22 10:30:00,0.4955375
2019-10-23 10:30:00,0.46831247
2019-10-24 10:30:00,0.7844874
2019-10-25 10:30:00,0.59125
2019-10-26 10:30:00,0.6706875
2019-10-27 10:30:00,0.59561247
2019-10-28 10:30:00,0.5893
2019-10-29 10:30:00,0.505075
2019-10-30 10:30:00,0.456375
2019-10-31 10:30:00,0.3184875
2019-11-01 10:30:00,0.41392496
2019-11-02 10:30:00,0.538625
2019-11-03 10:30:00,0.6224625
2019-11-04 10:30:00,0.486425
2019-11-05 10:30:00,0.4668
2019-11-06 10:30:00,0.5727625
2019-11-07 10:30:00,0.4858625
2019-11-08 10:30:00,0.61065
2019-11-09 10:30:00,0.62738746
2019-11-10 10:30:00,0.59865
2019-11-11 10:30:00,0.45005
2019-11-12 10:30:00,0.7485375
2019-11-13 10:30:00,0.5897
2019-11-14 10:30:00,0.611775
2019-11-15 10:30:00,0.5845125
2019-11-16 10:30:00,0.5064625
2019-11-17 10:30:00,0.5340625
2019-11-18 10:30:00,0.5184375
2019-11-19 10:30:00,0.513125
2019-11-20 10:30:00,0.57182497
2019-11-21 10:30:00,0.5873875
2019-11-22 10:30:00,0.531575
2019-11-23 10:30:00,0.52253747
2019-11-24 10:30:00,0.50759995
2019-11-25 10:30:00,0.39915
2019-11-26 10:30:00,0.4893375
2019-11-27 10:30:00,0.48599997
2019-11-28 10:30:00,0.493675
2019-11-29 10:30:00,0.5153625
2019-11-30 10:30:00,0.638475
2019-12-01 10:30:00,0.5751375
2019-12-02 10:30:00,0.4838
2019-12-03 10:30:00,0.4144125
2019-12-04 10:30:00,0.45936248
2019-12-05 10:30:00,0.5002
2019-12-06 10:30:00,0.5901875
2019-12-07 10:30:00,0.5925125
2019-12-08 10:30:00,0.65838754
2019-12-09 10:30:00,0.667125
2019-12-10 10:30:00,0.6525375
2019-12-11 10:30:00,0.61732495
2019-12-12 10:30:00,0.6408
2019-12-13 10:30:00,0.61724997
2019-12-14 10:30:00,0.5557125
2019-12-15 10:30:00,0.6484375
2019-12-16 10:30:00,0.621975
2019-12-17 10:30:00,0.5894125
2019-12-18 10:30:00,0.57425
2019-12-19 10:30:00,0.5837125
2019-12-20 10:30:00,0.5733
2019-12-21 10:30:00,0.6357125
2019-12-22 10:30:00,0.5986625
2019-12-23 10:30:00,0.6096875
2019-12-24 10:30:00,0.68535
2019-12-25 10:30:00,0.5635
2019-12-26 10:30:00,0.6096875
2019-12-27 10:30:00,0.5697125
2019-12-28 10:30:00,0.6703875
2019-12-29 10:30:00,0.63645
2019-12-30 10:30:00,0.5141
2019-12-31 10:30:00,0.51327497
2020-01-01 10:30:00,0.6224
2020-01-02 10:30:00,0.60585
2020-01-03 10:30:00,0.65481246
2020-01-04 10:30:00,0.70708746
2020-01-05 10:30:00,0.69733745
2020-01-06 10:30:00,0.6896875
2020-01-07 10:30:00,0.6795
2020-01-08 10:30:00,0.6333375
2020-01-09 10:30:00,0.68595
2020-01-10 10:30:00,0.6318125
2020-01-11 10:30:00,0.6536625
2020-01-12 10:30:00,0.61055
2020-01-13 10:30:00,0.6361375
2020-01-14 10:30:00,0.69972503
2020-01-15 10:30:00,0.63584995
2020-01-16 10:30:00,0.6054625
2020-01-17 10:30:00,0.6658625
2020-01-18 10:30:00,0.6994875
2020-01-19 10:30:00,0.66008747
2020-01-20 10:30:00,0.6561125
2020-01-21 10:30:00,0.59709996
2020-01-22 10:30:00,0.59994996
2020-01-23 10:30:00,0.546575
2020-01-24 10:30:00,0.6454
2020-01-25 10:30:00,0.68343747
2020-01-26 10:30:00,0.6810875
2020-01-27 10:30:00,0.739975
2020-01-28 10:30:00,0.71765
2020-01-29 10:30:00,0.71186244
2020-01-30 10:30:00,0.7487
2020-01-31 10:30:00,0.642275
2020-02-01 10:30:00,0.488975
2020-02-02 10:30:00,0.534725
2020-02-03 10:30:00,0.543575
2020-02-04 10:30:00,0.5322875
2020-02-05 10:30:00,0.5802125
2020-02-06 10:30:00,0.491875
2020-02-07 10:30:00,0.6295
2020-02-08 10:30:00,0.63715
2020-02-09 10:30:00,0.6836
2020-02-10 10:30:00,0.73604995
2020-02-11 10:30:00,0.6126625
2020-02-12 10:30:00,0.70735
2020-02-13 10:30:00,0.794325
2020-02-14 10:30:00,0.63495
2020-02-15 10:30:00,0.55768746
2020-02-16 10:30:00,0.568375
2020-02-17 10:30:00,0.5599125
2020-02-18 10:30:00,0.5869125
2020-02-19 10:30:00,0.6234625
2020-02-20 10:30:00,0.6392875
2020-02-21 10:30:00,0.63888747
2020-02-22 10:30:00,0.57665
2020-02-23 10:30:00,0.61925
2020-02-24 10:30:00,0.61982495
2020-02-25 10:30:00,0.5573875
2020-02-26 10:30:00,0.626825
2020-02-27 10:30:00,0.5047625
2020-02-28 10:30:00,0.6919875
2020-02-29 10:30:00,0.62693745
2020-03-01 10:30:00,0.6932875
2020-03-02 10:30:00,0.6229875
2020-03-03 10:30:00,0.7133874
2020-03-04 10:30:00,0.6115875
2020-03-05 10:30:00,0.564475
2020-03-06 10:30:00,0.65575
2020-03-07 10:30:00,0.5735625
2020-03-08 10:30:00,0.523525
2020-03-09 10:30:00,0.39996248
2020-03-10 10:30:00,0.673075
2020-03-11 10:30:00,0.52631253
2020-03-12 10:30:00,0.3738375
2020-03-13 10:30:00,0.5944
2020-03-14 10:30:00,0.4843
2020-03-15 10:30:00,0.3890125
2020-03-16 10:30:00,0.5368375
2020-03-17 10:30:00,0.4889625
2020-03-18 10:30:00,0.549675
2020-03-19 10:30:00,0.47443748
2020-03-20 10:30:00,0.51902497
2020-03-21 10:30:00,0.4598125
2020-03-22 10:30:00,0.57745
2020-03-23 10:30:00,0.46151248
2020-03-24 10:30:00,0.32978752
2020-03-25 10:30:00,0.3450375
2020-03-26 10:30:00,0.3204625
2020-03-27 10:30:00,0.37086248
2020-03-28 10:30:00,0.32445
2020-03-29 10:30:00,0.308375
2020-03-30 10:30:00,0.279475
2020-03-31 10:30:00,0.268275
2020-04-01 10:30:00,0.18421249
2020-04-02 10:30:00,0.23605
2020-04-03 10:30:00,0.23278749
2020-04-04 10:30:00,0.25983748
2020-04-05 10:30:00,0.275575
2020-04-06 10:30:00,0.27075
2020-04-07 10:30:00,0.3618375
2020-04-08 10:30:00,0.341975
2020-04-09 10:30:00,0.38625
2020-04-10 10:30:00,0.27557498
2020-04-11 10:30:00,0.2467625
2020-04-12 10:30:00,0.196925
2020-04-13 10:30:00,0.2362625
2020-04-14 10:30:00,0.2998875
2020-04-15 10:30:00,0.2962375
2020-04-16 10:30:00,0.6137125
2020-04-17 10:30:00,0.38187498
2020-04-18 10:30:00,0.22303748
2020-04-19 10:30:00,0.75513744
2020-04-20 10:30:00,0.6049875
2020-04-21 10:30:00,0.6505
2020-04-22 10:30:00,0.423675
2020-04-23 10:30:00,0.4036875
2020-04-24 10:30:00,0.7126
2020-04-25 10:30:00,0.7621875
2020-04-26 10:30:00,0.47474998
2020-04-27 10:30:00,0.393075
2020-04-28 10:30:00,0.63787496
2020-04-29 10:30:00,0.5214125
2020-04-30 10:30:00,0.33513752
2020-05-01 10:30:00,0.37546247
2020-05-02 10:30:00,0.49263752
2020-05-03 10:30:00,0.86945
2020-05-04 10:30:00,0.5700375
2020-05-05 10:30:00,0.4086875
2020-05-06 10:30:00,0.294325
2020-05-07 10:30:00,0.463675
2020-05-08 10:30:00,0.2681
2020-05-09 10:30:00,0.51858747
2020-05-10 10:30:00,0.4668875
2020-05-11 10:30:00,0.5681625
2020-05-12 10:30:00,0.38939998
2020-05-13 10:30:00,0.3021375
2020-05-14 10:30:00,0.30921248
2020-05-15 10:30:00,0.45146248
2020-05-16 10:30:00,0.8564375
2020-05-17 10:30:00,0.9035624
2020-05-18 10:30:00,0.5547125
2020-05-19 10:30:00,0.574825
2020-05-20 10:30:00,0.8501625
2020-05-21 10:30:00,0.7023375
2020-05-22 10:30:00,0.7618125
2020-05-23 10:30:00,0.772225
2020-05-24 10:30:00,0.48283753
2020-05-25 10:30:00,0.5444875
2020-05-26 10:30:00,0.6385125
2020-05-27 10:30:00,0.4772875
2020-05-28 10:30:00,0.4245
2020-05-29 10:30:00,0.5268875
2020-05-30 10:30:00,0.531675
2020-05-31 10:30:00,0.8447875
2020-06-01 10:30:00,0.5639125
2020-06-02 10:30:00,0.605075
2020-06-03 10:30:00,0.803075
2020-06-04 10:30:00,0.66731244
2020-06-05 10:30:00,0.541925
2020-06-06 10:30:00,0.5757
2020-06-07 10:30:00,0.6876124
2020-06-08 10:30:00,0.5522
2020-06-09 10:30:00,0.5129375
2020-06-10 10:30:00,0.75263745
2020-06-11 10:30:00,0.55417496
2020-06-12 10:30:00,0.625525
2020-06-13 10:30:00,0.9070375
2020-06-14 10:30:00,0.5300625
2020-06-15 10:30:00,0.59888744
2020-06-16 10:30:00,0.550425
2020-06-17 10:30:00,0.69958746
2020-06-18 10:30:00,0.7242625
2020-06-19 10:30:00,0.74425
2020-06-20 10:30:00,0.8023875
2020-06-21 10:30:00,0.736375
2020-06-22 10:30:00,0.94614995
2020-06-23 10:30:00,0.9277875
2020-06-24 10:30:00,0.8843125
2020-06-25 10:30:00,0.7523125
2020-06-26 10:30:00,0.672975
2020-06-27 10:30:00,0.64239997
2020-06-28 10:30:00,0.6741875
2020-06-29 10:30:00,0.81247497
2020-06-30 10:30:00,0.82063746
2020-07-01 10:30:00,0.76396245
2020-07-02 10:30:00,0.70237494
2020-07-03 10:30:00,0.7822
2020-07-04 10:30:00,0.89287496
2020-07-05 10:30:00,0.76334995
2020-07-06 10:30:00,0.6789125
2020-07-07 10:30:00,0.673675
2020-07-08 10:30:00,0.64515
2020-07-09 10:30:00,0.593525
2020-07-10 10:30:00,0.61777496
2020-07-11 10:30:00,0.70264995
2020-07-12 10:30:00,0.76661247
2020-07-13 10:30:00,0.75589997
2020-07-14 10:30:00,0.662675
2020-07-15 10:30:00,0.58384997
2020-07-16 10:30:00,0.7459625
2020-07-17 10:30:00,0.79208744
2020-07-18 10:30:00,0.84569997
2020-07-19 10:30:00,0.75175
2020-07-20 10:30:00,0.69247496
2020-07-21 10:30:00,0.5865
2020-07-22 10:30:00,0.6863625
2020-07-23 10:30:00,0.619325
2020-07-24 10:30:00,0.6231875
2020-07-25 10:30:00,0.725875
2020-07-26 10:30:00,0.61335
2020-07-27 10:30:00,0.723375
2020-07-28 10:30:00,0.8749375
2020-07-29 10:30:00,0.9547875
2020-07-30 10:30:00,0.78849995
2020-07-31 10:30:00,0.728125
2020-08-01 10:30:00,0.69163746
2020-08-02 10:30:00,0.83147496
2020-08-03 10:30:00,0.8260125
2020-08-04 10:30:00,0.78615
2020-08-05 10:30:00,0.78537494
2020-08-06 10:30:00,0.77885
2020-08-07 10:30:00,0.85961246
2020-08-08 10:30:00,0.8766
2020-08-09 10:30:00,0.7904125
2020-08-10 10:30:00,0.77628744
2020-08-11 10:30:00,0.751425
2020-08-12 10:30:00,0.6716375
2020-08-13 10:30:00,0.94966245
2020-08-14 10:30:00,0.791175
2020-08-15 10:30:00,0.7725499
2020-08-16 10:30:00,0.80826247
2020-08-17 10:30:00,0.88577497
2020-08-18 10:30:00,0.78315
2020-08-19 10:30:00,0.7983625
2020-08-20 10:30:00,0.754625
2020-08-21 10:30:00,0.7251625
2020-08-22 10:30:00,0.73434997
2020-08-23 10:30:00,0.85428745
2020-08-24 10:30:00,0.82224995
2020-08-25 10:30:00,0.7480625
2020-08-26 10:30:00,0.722225
2020-08-27 10:30:00,0.82794994
2020-08-28 10:30:00,0.94345
2020-08-29 10:30:00,0.82177496
2020-08-30 10:30:00,0.85622495
2020-08-31 10:30:00,0.823775
2020-09-01 10:30:00,0.79101247
2020-09-02 10:30:00,0.74562496
2020-09-03 10:30:00,0.756975
2020-09-04 10:30:00,0.79469997
2020-09-05 10:30:00,0.79138744
2020-09-06 10:30:00,0.77356243
2020-09-07 10:30:00,0.89217496
2020-09-08 10:30:00,0.75324994
2020-09-09 10:30:00,0.721125
2020-09-10 10:30:00,0.66625
2020-09-11 10:30:00,0.747075
2020-09-12 10:30:00,0.7481
2020-09-13 10:30:00,0.72608745
2020-09-14 10:30:00,0.62855
2020-09-15 10:30:00,0.6996
2020-09-16 10:30:00,0.87966245
2020-09-17 10:30:00,0.7084375
2020-09-18 10:30:00,0.7185624
2020-09-19 10:30:00,0.6447
2020-09-20 10:30:00,0.6831375
2020-09-21 10:30:00,0.78629994
2020-09-22 10:30:00,0.68874997
2020-09-23 10:30:00,0.44052497
2020-09-24 10:30:00,0.5885625
2020-09-25 10:30:00,0.769925
2020-09-26 10:30:00,0.7180375
2020-09-27 10:30:00,0.5215375
2020-09-28 10:30:00,0.5962375
2020-09-29 10:30:00,0.6654875
2020-09-30 10:30:00,0.6325125
2020-10-01 10:30:00,0.9162625
2020-10-02 10:30:00,0.5575
2020-10-03 10:30:00,0.707525
2020-10-04 10:30:00,0.6579125
2020-10-05 10:30:00,0.6715
2020-10-06 10:30:00,0.638575
2020-10-07 10:30:00,0.5900125
2020-10-08 10:30:00,0.5677625
2020-10-09 10:30:00,0.64167494
2020-10-10 10:30:00,0.421375
2020-10-11 10:30:00,0.52787495
2020-10-12 10:30:00,0.58117497
2020-10-13 10:30:00,0.6230625
2020-10-14 10:30:00,0.47779998
2020-10-15 10:30:00,0.4481375
2020-10-16 10:30:00,0.51485
2020-10-17 10:30:00,0.574025
2020-10-18 10:30:00,0.52468747
2020-10-19 10:30:00,0.449725
2020-10-20 10:30:00,0.4012375
2020-10-21 10:30:00,0.5963
2020-10-22 10:30:00,0.55587494
2020-10-23 10:30:00,0.516675
2020-10-24 10:30:00,0.54671246
2020-10-25 10:30:00,0.566875
2020-10-26 10:30:00,0.541775
2020-10-27 10:30:00,0.4434875
2020-10-28 10:30:00,0.4491
2020-10-29 10:30:00,0.62275
2020-10-30 10:30:00,0.3263
2020-10-31 10:30:00,0.66288745
2020-11-01 10:30:00,0.570625
2020-11-02 10:30:00,0.5168
2020-11-03 10:30:00,0.4785625
2020-11-04 10:30:00,0.5592875
2020-11-05 10:30:00,0.44555
2020-11-06 10:30:00,0.4917375
2020-11-07 10:30:00,0.61776245
2020-11-08 10:30:00,0.5319625
2020-11-09 10:30:00,0.5854375
2020-11-10 10:30:00,0.56635
2020-11-11 10:30:00,0.4646375
2020-11-12 10:30:00,0.56058747
2020-11-13 10:30:00,0.484175
2020-11-14 10:30:00,0.42018747
2020-11-15 10:30:00,0.5687875
2020-11-16 10:30:00,0.52683747
2020-11-17 10:30:00,0.656525
2020-11-18 10:30:00,0.58715
2020-11-19 10:30:00,0.4461625
2020-11-20 10:30:00,0.572375
2020-11-21 10:30:00,0.58955
2020-11-22 10:30:00,0.5904875
2020-11-23 10:30:00,0.70696247
2020-11-24 10:30:00,0.6993875
2020-11-25 10:30:00,0.63801247
2020-11-26 10:30:00,0.6189
2020-11-27 10:30:00,0.59607494
2020-11-28 10:30:00,0.64076245
2020-11-29 10:30:00,0.628425
2020-11-30 10:30:00,0.65271246
2020-12-01 10:30:00,0.61812496
2020-12-02 10:30:00,0.61878747
2020-12-03 10:30:00,0.5831875
2020-12-04 10:30:00,0.5814125
2020-12-05 10:30:00,0.5404125
2020-12-06 10:30:00,0.6082625
2020-12-07 10:30:00,0.51765
2020-12-08 10:30:00,0.4921625
2020-12-09 10:30:00,0.49756247
2020-12-10 10:30:00,0.5873
2020-12-11 10:30:00,0.500575
2020-12-12 10:30:00,0.5681625
2020-12-13 10:30:00,0.5196875
2020-12-14 10:30:00,0.50295
2020-12-15 10:30:00,0.4914875
2020-12-16 10:30:00,0.5219
2020-12-17 10:30:00,0.54031247
2020-12-18 10:30:00,0.48982498
2020-12-19 10:30:00,0.5758
2020-12-20 10:30:00,0.5516375
2020-12-21 10:30:00,0.490625
2020-12-22 10:30:00,0.6279875
2020-12-23 10:30:00,0.64136255
2020-12-24 10:30:00,0.6029375
2020-12-25 10:30:00,0.58528745
2020-12-26 10:30:00,0.670675
2020-12-27 10:30:00,0.540725
2020-12-28 10:30:00,0.54955
2020-12-29 10:30:00,0.5287375
2020-12-30 10:30:00,0.55575
2020-12-31 10:30:00,0.54763746
2021-01-01 10:30:00,0.5177125
2021-01-02 10:30:00,0.5754
2021-01-03 10:30:00,0.555025
2021-01-04 10:30:00,0.5397125
2021-01-05 10:30:00,0.562175
2021-01-06 10:30:00,0.49711248
2021-01-07 10:30:00,0.526275
2021-01-08 10:30:00,0.5627
2021-01-09 10:30:00,0.623525
2021-01-10 10:30:00,0.6061375
2021-01-11 10:30:00,0.630075
2021-01-12 10:30:00,0.7004374
2021-01-13 10:30:00,0.58256245
2021-01-14 10:30:00,0.604725
2021-01-15 10:30:00,0.5601875
2021-01-16 10:30:00,0.6170875
2021-01-17 10:30:00,0.5611875
2021-01-18 10:30:00,0.52349997
2021-01-19 10:30:00,0.65999997
2021-01-20 10:30:00,0.6623
2021-01-21 10:30:00,0.659325
2021-01-22 10:30:00,0.678925
2021-01-23 10:30:00,0.659725
2021-01-24 10:30:00,0.66838753
2021-01-25 10:30:00,0.691725
2021-01-26 10:30:00,0.5607125
2021-01-27 10:30:00,0.5306625
2021-01-28 10:30:00,0.53644997
2021-01-29 10:30:00,0.574875
2021-01-30 10:30:00,0.52447504
2021-01-31 10:30:00,0.70089996
2021-02-01 10:30:00,0.5494875
2021-02-02 10:30:00,0.5143375
2021-02-03 10:30:00,0.5235125
2021-02-04 10:30:00,0.65248746
2021-02-05 10:30:00,0.6385875
2021-02-06 10:30:00,0.63339996
2021-02-07 10:30:00,0.64165
2021-02-08 10:30:00,0.651825
2021-02-09 10:30:00,0.595475
2021-02-10 10:30:00,0.64005005
2021-02-11 10:30:00,0.615425
2021-02-12 10:30:00,0.62193745
2021-02-13 10:30:00,0.5896125
2021-02-14 10:30:00,0.52715
2021-02-15 10:30:00,0.54281247
2021-02-16 10:30:00,0.53885
2021-02-17 10:30:00,0.47415
2021-02-18 10:30:00,0.6231125
2021-02-19 10:30:00,0.47437498
2021-02-20 10:30:00,0.7140875
2021-02-21 10:30:00,0.68233746
2021-02-22 10:30:00,0.6162625
2021-02-23 10:30:00,0.64792496
2021-02-24 10:30:00,0.58529997
2021-02-25 10:30:00,0.5202375
2021-02-26 10:30:00,0.50485
2021-02-27 10:30:00,0.582625
2021-02-28 10:30:00,0.42834997
2021-03-01 10:30:00,0.5043875
2021-03-02 10:30:00,0.5632875
2021-03-03 10:30:00,0.68576247
2021-03-04 10:30:00,0.564175
2021-03-05 10:30:00,0.4134875
2021-03-06 10:30:00,0.3793
2021-03-07 10:30:00,0.47687498
2021-03-08 10:30:00,0.44631252
2021-03-09 10:30:00,0.390375
2021-03-10 10:30:00,0.47311246
2021-03-11 10:30:00,0.3960875
2021-03-12 10:30:00,0.32665
2021-03-13 10:30:00,0.3243875
2021-03-14 10:30:00,0.32568747
2021-03-15 10:30:00,0.4782625
2021-03-16 10:30:00,0.336925
2021-03-17 10:30:00,0.4482
2021-03-18 10:30:00,0.39509997
2021-03-19 10:30:00,0.65975
2021-03-20 10:30:00,0.744975
2021-03-21 10:30:00,0.55457497
2021-03-22 10:30:00,0.48533747
2021-03-23 10:30:00,0.45263746
2021-03-24 10:30:00,0.4804125
2021-03-25 10:30:00,0.424425
2021-03-26 10:30:00,0.603625
2021-03-27 10:30:00,0.292175
2021-03-28 10:30:00,0.5075375
2021-03-29 10:30:00,0.45971248
2021-03-30 10:30:00,0.32232496
2021-03-31 10:30:00,0.44654998
2021-04-01 10:30:00,0.4042875
2021-04-02 10:30:00,0.46845
2021-04-03 10:30:00,0.40505
2021-04-04 10:30:00,0.36278751
2021-04-05 10:30:00,0.3733375
2021-04-06 10:30:00,0.297775
2021-04-07 10:30:00,0.335675
2021-04-08 10:30:00,0.41259998
2021-04-09 10:30:00,0.326925
2021-04-10 10:30:00,0.335125
2021-04-11 10:30:00,0.58255
2021-04-12 10:30:00,0.46925
2021-04-13 10:30:00,0.38936248
2021-04-14 10:30:00,0.36845002
2021-04-15 10:30:00,0.59335
2021-04-16 10:30:00,0.73597497
2021-04-17 10:30:00,0.5137625
2021-04-18 10:30:00,0.34687498
2021-04-19 10:30:00,0.2839
2021-04-20 10:30:00,0.2449125
2021-04-21 10:30:00,0.2623125
2021-04-22 10:30:00,0.45778745
2021-04-23 10:30:00,0.48733747
2021-04-24 10:30:00,0.355475
2021-04-25 10:30:00,0.19434999
2021-04-26 10:30:00,0.29665
2021-04-27 10:30:00,0.3840125
2021-04-28 10:30:00,0.2951
2021-04-29 10:30:00,0.496375
2021-04-30 10:30:00,0.707675
2021-05-01 10:30:00,0.500675
2021-05-02 10:30:00,0.2420625
2021-05-03 10:30:00,0.35728753
2021-05-04 10:30:00,0.40751252
2021-05-05 10:30:00,0.562625
2021-05-06 10:30:00,0.41472498
2021-05-07 10:30:00,0.6872125
2021-05-08 10:30:00,0.6265625
2021-05-09 10:30:00,0.51182497
2021-05-10 10:30:00,0.3865625
2021-05-11 10:30:00,0.41428748
2021-05-12 10:30:00,0.425975
2021-05-13 10:30:00,0.32666248
2021-05-14 10:30:00,0.40145
2021-05-15 10:30:00,0.42616248
2021-05-16 10:30:00,0.3090125
2021-05-17 10:30:00,0.3194375
2021-05-18 10:30:00,0.4439625
2021-05-19 10:30:00,0.489925
2021-05-20 10:30:00,0.5639125
2021-05-21 10:30:00,0.32095
2021-05-22 10:30:00,0.2843375
2021-05-23 10:30:00,0.4788125
2021-05-24 10:30:00,0.5402375
2021-05-25 10:30:00,0.4445375
2021-05-26 10:30:00,0.488725
2021-05-27 10:30:00,0.5994375
2021-05-28 10:30:00,0.63215
2021-05-29 10:30:00,0.51028746
2021-05-30 10:30:00,0.50756246
2021-05-31 10:30:00,0.5266
2021-06-01 10:30:00,0.4501375
2021-06-02 10:30:00,0.85989994
2021-06-03 10:30:00,0.6185125
2021-06-04 10:30:00,0.60365
2021-06-05 10:30:00,0.60429996
2021-06-06 10:30:00,0.488125
2021-06-07 10:30:00,0.5448625
2021-06-08 10:30:00,0.75302494
2021-06-09 10:30:00,0.540075
2021-06-10 10:30:00,0.5657875
2021-06-11 10:30:00,0.49272498
2021-06-12 10:30:00,0.591025
2021-06-13 10:30:00,0.56184995
2021-06-14 10:30:00,0.78332496
2021-06-15 10:30:00,0.6097
2021-06-16 10:30:00,0.59113747
2021-06-17 10:30:00,0.46346247
2021-06-18 10:30:00,0.49496248
2021-06-19 10:30:00,0.5521
2021-06-20 10:30:00,0.7349375
2021-06-21 10:30:00,0.7183875
2021-06-22 10:30:00,0.65555
2021-06-23 10:30:00,0.629025
2021-06-24 10:30:00,0.59042495
2021-06-25 10:30:00,0.6452
2021-06-26 10:30:00,0.75628746
2021-06-27 10:30:00,0.74832493
2021-06-28 10:30:00,0.7578875
2021-06-29 10:30:00,0.76309997
2021-06-30 10:30:00,0.81275
2021-07-01 10:30:00,0.74794996
2021-07-02 10:30:00,0.8634375
2021-07-03 10:30:00,0.84801245
2021-07-04 10:30:00,0.77116245
2021-07-05 10:30:00,0.72146255
2021-07-06 10:30:00,0.9012
2021-07-07 10:30:00,0.7748875
2021-07-08 10:30:00,0.8433625
2021-07-09 10:30:00,0.83446246
2021-07-10 10:30:00,0.851875
2021-07-11 10:30:00,0.7804125
2021-07-12 10:30:00,0.8444125
2021-07-13 10:30:00,0.8677375
2021-07-14 10:30:00,0.7879
2021-07-15 10:30:00,0.87558746
2021-07-16 10:30:00,0.75334996
2021-07-17 10:30:00,0.9237625
2021-07-18 10:30:00,0.86555
2021-07-19 10:30:00,0.77591246
2021-07-20 10:30:00,0.755975
2021-07-21 10:30:00,0.82387495
2021-07-22 10:30:00,0.87448746
2021-07-23 10:30:00,0.8493625
2021-07-24 10:30:00,0.77305
2021-07-25 10:30:00,0.73662496
2021-07-26 10:30:00,0.9433875
2021-07-27 10:30:00,0.80309993
2021-07-28 10:30:00,0.7505875
2021-07-29 10:30:00,0.79592496
2021-07-30 10:30:00,0.7915625
2021-07-31 10:30:00,0.84275
2021-08-01 10:30:00,0.91739994
2021-08-02 10:30:00,0.68668747
2021-08-03 10:30:00,0.66499996
2021-08-04 10:30:00,0.7833625
2021-08-05 10:30:00,0.721425
2021-08-06 10:30:00,0.7815625
2021-08-07 10:30:00,0.7540625
2021-08-08 10:30:00,0.82263744
2021-08-09 10:30:00,0.91615
2021-08-10 10:30:00,0.92246246
2021-08-11 10:30:00,0.76366246
2021-08-12 10:30:00,0.8479625
2021-08-13 10:30:00,0.7629374
2021-08-14 10:30:00,0.84577495
2021-08-15 10:30:00,0.85059994
2021-08-16 10:30:00,0.85849994
2021-08-17 10:30:00,0.70801246
2021-08-18 10:30:00,0.7427625
2021-08-19 10:30:00,0.8617375
2021-08-20 10:30:00,0.73812497
2021-08-21 10:30:00,0.68324995
2021-08-22 10:30:00,0.7643125
2021-08-23 10:30:00,0.8326
2021-08-24 10:30:00,0.83036244
2021-08-25 10:30:00,0.85355
2021-08-26 10:30:00,0.8945625
2021-08-27 10:30:00,0.67035
2021-08-28 10:30:00,0.72316253
2021-08-29 10:30:00,0.7279875
2021-08-30 10:30:00,0.68773746
2021-08-31 10:30:00,0.73881245
2021-09-01 10:30:00,0.77987504
2021-09-02 10:30:00,0.73503745
2021-09-03 10:30:00,0.8252375
2021-09-04 10:30:00,0.773925
2021-09-05 10:30:00,0.8887625
2021-09-06 10:30:00,0.96265
2021-09-07 10:30:00,0.80654997
2021-09-08 10:30:00,0.842325
2021-09-09 10:30:00,0.89864993
2021-09-10 10:30:00,0.57857496
2021-09-11 10:30:00,0.76665
2021-09-12 10:30:00,0.7758
2021-09-13 10:30:00,0.73190004
2021-09-14 10:30:00,0.68824995
2021-09-15 10:30:00,0.7891375
2021-09-16 10:30:00,0.631325
2021-09-17 10:30:00,0.679475
2021-09-18 10:30:00,0.7250375
2021-09-19 10:30:00,0.82145
2021-09-20 10:30:00,0.83042496
2021-09-21 10:30:00,0.6996
2021-09-22 10:30:00,0.559025
2021-09-23 10:30:00,0.72738755
2021-09-24 10:30:00,0.9184625
2021-09-25 10:30:00,0.93334997
2021-09-26 10:30:00,0.86483747
2021-09-27 10:30:00,0.59037495
2021-09-28 10:30:00,0.56848747
2021-09-29 10:30:00,0.57149994
2021-09-30 10:30:00,0.628825
2021-10-01 10:30:00,0.6444125
2021-10-02 10:30:00,0.554375
2021-10-03 10:30:00,0.761875
2021-10-04 10:30:00,0.63974994
2021-10-05 10:30:00,0.61175
2021-10-06 10:30:00,0.64426255
2021-10-07 10:30:00,0.59398746
2021-10-08 10:30:00,0.467775
2021-10-09 10:30:00,0.56941247
2021-10-10 10:30:00,0.5416625
2021-10-11 10:30:00,0.53853744
2021-10-12 10:30:00,0.46686247
2021-10-13 10:30:00,0.537525
2021-10-14 10:30:00,0.65089995
2021-10-15 10:30:00,0.5625125
2021-10-16 10:30:00,0.5300875
2021-10-17 10:30:00,0.63191247
2021-10-18 10:30:00,0.5969625
2021-10-19 10:30:00,0.5788375
2021-10-20 10:30:00,0.56607497
2021-10-21 10:30:00,0.5977375
2021-10-22 10:30:00,0.57825
2021-10-23 10:30:00,0.5305375
2021-10-24 10:30:00,0.5459375
2021-10-25 10:30:00,0.510525
2021-10-26 10:30:00,0.5461
2021-10-27 10:30:00,0.59148747
2021-10-28 10:30:00,0.60954994
2021-10-29 10:30:00,0.55541253
2021-10-30 10:30:00,0.6678875
2021-10-31 10:30:00,0.644225
2021-11-01 10:30:00,0.66311246
2021-11-02 10:30:00,0.637275
2021-11-03 10:30:00,0.6701125
2021-11-04 10:30:00,0.523525
2021-11-05 10:30:00,0.58463746
2021-11-06 10:30:00,0.561175
2021-11-07 10:30:00,0.61259997
2021-11-08 10:30:00,0.44998747
2021-11-09 10:30:00,0.54066247
2021-11-10 10:30:00,0.54235
2021-11-11 10:30:00,0.5142125
2021-11-12 10:30:00,0.5071875
2021-11-13 10:30:00,0.62775
2021-11-14 10:30:00,0.6279
2021-11-15 10:30:00,0.64713746
2021-11-16 10:30:00,0.6053375
2021-11-17 10:30:00,0.4788625
2021-11-18 10:30:00,0.56659997
2021-11-19 10:30:00,0.6896
2021-11-20 10:30:00,0.703825
2021-11-21 10:30:00,0.78249997
2021-11-22 10:30:00,0.612075
2021-11-23 10:30:00,0.60889995
2021-11-24 10:30:00,0.5889125
2021-11-25 10:30:00,0.5767
2021-11-26 10:30:00,0.77292496
2021-11-27 10:30:00,0.6382
2021-11-28 10:30:00,0.6128375
2021-11-29 10:30:00,0.6771875
2021-11-30 10:30:00,0.67351246
2021-12-01 10:30:00,0.6595625
2021-12-02 10:30:00,0.5458875
2021-12-03 10:30:00,0.60144997
2021-12-04 10:30:00,0.65955
2021-12-05 10:30:00,0.562775
2021-12-06 10:30:00,0.51895
2021-12-07 10:30:00,0.550325
2021-12-08 10:30:00,0.5785875
2021-12-09 10:30:00,0.6804875
2021-12-10 10:30:00,0.6317
2021-12-11 10:30:00,0.57725
2021-12-12 10:30:00,0.57905
2021-12-13 10:30:00,0.5423
2021-12-14 10:30:00,0.619075
2021-12-15 10:30:00,0.72208744
2021-12-16 10:30:00,0.5731375
2021-12-17 10:30:00,0.58075
2021-12-18 10:30:00,0.655025
2021-12-19 10:30:00,0.659
2021-12-20 10:30:00,0.5055
2021-12-21 10:30:00,0.494175
2021-12-22 10:30:00,0.5357125
2021-12-23 10:30:00,0.52305
2021-12-24 10:30:00,0.5170375
2021-12-25 10:30:00,0.5413
2021-12-26 10:30:00,0.6027125
2021-12-27 10:30:00,0.654625
2021-12-28 10:30:00,0.6106125
2021-12-29 10:30:00,0.60592496
2021-12-30 10:30:00,0.5564125
2021-12-31 10:30:00,0.58547497
2022-01-01 10:30:00,0.5738875
2022-01-02 10:30:00,0.57998747
2022-01-03 10:30:00,0.6201625
2022-01-04 10:30:00,0.66302496
2022-01-05 10:30:00,0.61185
2022-01-06 10:30:00,0.67351246
2022-01-07 10:30:00,0.5497125
2022-01-08 10:30:00,0.6722
2022-01-09 10:30:00,0.5865625
2022-01-10 10:30:00,0.5483625
2022-01-11 10:30:00,0.5361625
2022-01-12 10:30:00,0.614725
2022-01-13 10:30:00,0.66859996
2022-01-14 10:30:00,0.6410125
2022-01-15 10:30:00,0.5904625
2022-01-16 10:30:00,0.61291254
2022-01-17 10:30:00,0.5996125
2022-01-18 10:30:00,0.5372625
2022-01-19 10:30:00,0.5182625
2022-01-20 10:30:00,0.5091625
2022-01-21 10:30:00,0.4678875
2022-01-22 10:30:00,0.6243125
2022-01-23 10:30:00,0.6259
2022-01-24 10:30:00,0.72138745
2022-01-25 10:30:00,0.59095
2022-01-26 10:30:00,0.6367875
2022-01-27 10:30:00,0.666025
2022-01-28 10:30:00,0.59677494
2022-01-29 10:30:00,0.55237496
2022-01-30 10:30:00,0.5735
2022-01-31 10:30:00,0.561675
2022-02-01 10:30:00,0.62333745
2022-02-02 10:30:00,0.58606243
2022-02-03 10:30:00,0.56635
2022-02-04 10:30:00,0.5613125
2022-02-05 10:30:00,0.5892375
2022-02-06 10:30:00,0.5948125
2022-02-07 10:30:00,0.65819997
2022-02-08 10:30:00,0.5743125
2022-02-09 10:30:00,0.56203747
2022-02-10 10:30:00,0.6875125
2022-02-11 10:30:00,0.56264997
2022-02-12 10:30:00,0.5966125
2022-02-13 10:30:00,0.561925
2022-02-14 10:30:00,0.5930875
2022-02-15 10:30:00,0.572425
2022-02-16 10:30:00,0.5227625
2022-02-17 10:30:00,0.5429
2022-02-18 10:30:00,0.6210875
2022-02-19 10:30:00,0.5617875
2022-02-20 10:30:00,0.58503747
2022-02-21 10:30:00,0.5824125
2022-02-22 10:30:00,0.5632375
2022-02-23 10:30:00,0.5489875
2022-02-24 10:30:00,0.5326
2022-02-25 10:30:00,0.63495
2022-02-26 10:30:00,0.6501625
2022-02-27 10:30:00,0.6692625
2022-02-28 10:30:00,0.62062496
2022-03-01 10:30:00,0.56689996
2022-03-02 10:30:00,0.6079125
2022-03-03 10:30:00,0.4979375
2022-03-04 10:30:00,0.593675
2022-03-05 10:30:00,0.530725
2022-03-06 10:30:00,0.38407502
2022-03-07 10:30:00,0.464725
2022-03-08 10:30:00,0.5769625
2022-03-09 10:30:00,0.393525
2022-03-10 10:30:00,0.18966249
2022-03-11 10:30:00,0.23385
2022-03-12 10:30:00,0.61525
2022-03-13 10:30:00,0.571275
2022-03-14 10:30:00,0.6252125
2022-03-15 10:30:00,0.5934875
2022-03-16 10:30:00,0.4294375
2022-03-17 10:30:00,0.4390875
2022-03-18 10:30:00,0.47397497
2022-03-19 10:30:00,0.40591252
2022-03-20 10:30:00,0.48119998
2022-03-21 10:30:00,0.428375
2022-03-22 10:30:00,0.316575
2022-03-23 10:30:00,0.6026125
2022-03-24 10:30:00,0.6249625
2022-03-25 10:30:00,0.5497625
2022-03-26 10:30:00,0.51226246
2022-03-27 10:30:00,0.42369998
2022-03-28 10:30:00,0.3630875
2022-03-29 10:30:00,0.31155
2022-03-30 10:30:00,0.2983375
2022-03-31 10:30:00,0.3260125
2022-04-01 10:30:00,0.284975
2022-04-02 10:30:00,0.265925
2022-04-03 10:30:00,0.3205125
2022-04-04 10:30:00,0.334125
2022-04-05 10:30:00,0.40287498
2022-04-06 10:30:00,0.33048752
2022-04-07 10:30:00,0.3743
2022-04-08 10:30:00,0.35467497
2022-04-09 10:30:00,0.24901249
2022-04-10 10:30:00,0.47305
2022-04-11 10:30:00,0.42313752
2022-04-12 10:30:00,0.5121
2022-04-13 10:30:00,0.4691875
2022-04-14 10:30:00,0.36726248
2022-04-15 10:30:00,0.288075
2022-04-16 10:30:00,0.42464998
2022-04-17 10:30:00,0.41863748
2022-04-18 10:30:00,0.3035625
2022-04-19 10:30:00,0.20893748
2022-04-20 10:30:00,0.3169125
2022-04-21 10:30:00,0.72269994
2022-04-22 10:30:00,0.46926248
2022-04-23 10:30:00,0.48077497
2022-04-24 10:30:00,0.5673875
2022-04-25 10:30:00,0.68845
2022-04-26 10:30:00,0.453525
2022-04-27 10:30:00,0.393475
2022-04-28 10:30:00,0.2420125
2022-04-29 10:30:00,0.55295
2022-04-30 10:30:00,0.4425
2022-05-01 10:30:00,0.32392502
2022-05-02 10:30:00,0.385825
2022-05-03 10:30:00,0.46397498
2022-05-04 10:30:00,0.310375
2022-05-05 10:30:00,0.75436246
2022-05-06 10:30:00,0.40783748
2022-05-07 10:30:00,0.3339875
2022-05-08 10:30:00,0.242875
2022-05-09 10:30:00,0.299225
2022-05-10 10:30:00,0.5095875
2022-05-11 10:30:00,0.599
2022-05-12 10:30:00,0.6433
2022-05-13 10:30:00,0.7044375
2022-05-14 10:30:00,0.47663748
2022-05-15 10:30:00,0.4535125
2022-05-16 10:30:00,0.38163748
2022-05-17 10:30:00,0.3660875
2022-05-18 10:30:00,0.4636375
2022-05-19 10:30:00,0.46214998
2022-05-20 10:30:00,0.33404997
2022-05-21 10:30:00,0.36967498
2022-05-22 10:30:00,0.38873747
2022-05-23 10:30:00,0.4000875
2022-05-24 10:30:00,0.73379993
2022-05-25 10:30:00,0.52884996
2022-05-26 10:30:00,0.4855125
2022-05-27 10:30:00,0.40701246
2022-05-28 10:30:00,0.52081245
2022-05-29 10:30:00,0.7101875
2022-05-30 10:30:00,0.77511245
2022-05-31 10:30:00,0.66699994
2022-06-01 10:30:00,0.6283875
2022-06-02 10:30:00,0.47772497
2022-06-03 10:30:00,0.6271375
2022-06-04 10:30:00,0.7747
2022-06-05 10:30:00,0.65402496
2022-06-06 10:30:00,0.57855
2022-06-07 10:30:00,0.78499997
2022-06-08 10:30:00,0.661875
2022-06-09 10:30:00,0.6594125
2022-06-10 10:30:00,0.648225
2022-06-11 10:30:00,0.7463
2022-06-12 10:30:00,0.86521244
2022-06-13 10:30:00,0.87964994
2022-06-14 10:30:00,0.87145
2022-06-15 10:30:00,0.833425
2022-06-16 10:30:00,0.82344997
2022-06-17 10:30:00,0.7194
2022-06-18 10:30:00,0.66529995
2022-06-19 10:30:00,0.64895004
2022-06-20 10:30:00,0.677475
2022-06-21 10:30:00,0.5995375
2022-06-22 10:30:00,0.6039875
2022-06-23 10:30:00,0.6519375
2022-06-24 10:30:00,0.7365625
2022-06-25 10:30:00,0.78505
2022-06-26 10:30:00,0.78691244
2022-06-27 10:30:00,0.7607374
2022-06-28 10:30:00,0.75105
2022-06-29 10:30:00,0.73856246
2022-06-30 10:30:00,0.79660004
2022-07-01 10:30:00,0.7915625
2022-07-02 10:30:00,0.79403746
2022-07-03 10:30:00,0.7238375
2022-07-04 10:30:00,0.78638744
2022-07-05 10:30:00,0.79496247
2022-07-06 10:30:00,0.8382
2022-07-07 10:30:00,0.6833
2022-07-08 10:30:00,0.6188875
2022-07-09 10:30:00,0.6968125
2022-07-10 10:30:00,0.693375
2022-07-11 10:30:00,0.69112504
2022-07-12 10:30:00,0.675175
2022-07-13 10:30:00,0.799
2022-07-14 10:30:00,0.71867496
2022-07-15 10:30:00,0.86312497
2022-07-16 10:30:00,0.79095
2022-07-17 10:30:00,0.83415
2022-07-18 10:30:00,0.7114125
2022-07-19 10:30:00,0.731025
2022-07-20 10:30:00,0.761025
2022-07-21 10:30:00,0.727475
2022-07-22 10:30:00,0.8135125
2022-07-23 10:30:00,0.8683875
2022-07-24 10:30:00,0.886275
2022-07-25 10:30:00,0.8592375
2022-07-26 10:30:00,0.88984996
2022-07-27 10:30:00,0.8714125
2022-07-28 10:30:00,0.784075
2022-07-29 10:30:00,0.8010875
2022-07-30 10:30:00,0.7904125
2022-07-31 10:30:00,0.74754995
2022-08-01 10:30:00,0.638475
2022-08-02 10:30:00,0.8214125
2022-08-03 10:30:00,0.738875
2022-08-04 10:30:00,0.83655
2022-08-05 10:30:00,0.62552494
2022-08-06 10:30:00,0.6998375
2022-08-07 10:30:00,0.6836375
2022-08-08 10:30:00,0.6026125
2022-08-09 10:30:00,0.533825
2022-08-10 10:30:00,0.5840375
2022-08-11 10:30:00,0.69918746
2022-08-12 10:30:00,0.63785
2022-08-13 10:30:00,0.7262625
2022-08-14 10:30:00,0.842725
2022-08-15 10:30:00,0.87065
2022-08-16 10:30:00,0.6743625
2022-08-17 10:30:00,0.62122494
2022-08-18 10:30:00,0.785475
2022-08-19 10:30:00,0.6100375
2022-08-20 10:30:00,0.639125
2022-08-21 10:30:00,0.7219125
2022-08-22 10:30:00,0.680175
2022-08-23 10:30:00,0.6931875
2022-08-24 10:30:00,0.50142497
2022-08-25 10:30:00,0.5868
2022-08-26 10:30:00,0.738775
2022-08-27 10:30:00,0.71871245
2022-08-28 10:30:00,0.66169995
2022-08-29 10:30:00,0.6700125
2022-08-30 10:30:00,0.65793747
2022-08-31 10:30:00,0.68042505
2022-09-01 10:30:00,0.5429375
2022-09-02 10:30:00,0.56458753
2022-09-03 10:30:00,0.63345
2022-09-04 10:30:00,0.604
2022-09-05 10:30:00,0.5691625
2022-09-06 10:30:00,0.56453747
2022-09-07 10:30:00,0.547625
2022-09-08 10:30:00,0.64911246
2022-09-09 10:30:00,0.5804
2022-09-10 10:30:00,0.541075
2022-09-11 10:30:00,0.58608747
2022-09-12 10:30:00,0.58655
2022-09-13 10:30:00,0.6515
2022-09-14 10:30:00,0.588775
2022-09-15 10:30:00,0.65245
2022-09-16 10:30:00,0.64867496
2022-09-17 10:30:00,0.50763744
2022-09-18 10:30:00,0.4442
2022-09-19 10:30:00,0.3288
2022-09-20 10:30:00,0.3540625
2022-09-21 10:30:00,0.4593875
2022-09-22 10:30:00,0.85385
2022-09-23 10:30:00,0.58855
2022-09-24 10:30:00,0.412
2022-09-25 10:30:00,0.50478745
2022-09-26 10:30:00,0.5081625
2022-09-27 10:30:00,0.4089
2022-09-28 10:30:00,0.47834998
2022-09-29 10:30:00,0.57815
2022-09-30 10:30:00,0.75443745
2022-10-01 10:30:00,0.83419997
2022-10-02 10:30:00,0.8154
2022-10-03 10:30:00,0.559025
2022-10-04 10:30:00,0.529425
2022-10-05 10:30:00,0.58165
2022-10-06 10:30:00,0.6105875
2022-10-07 10:30:00,0.5645625
2022-10-08 10:30:00,0.82388747
2022-10-09 10:30:00,0.607
2022-10-10 10:30:00,0.45826247
2022-10-11 10:30:00,0.5166625
2022-10-12 10:30:00,0.4421625
2022-10-13 10:30:00,0.51019996
2022-10-14 10:30:00,0.42908752
2022-10-15 10:30:00,0.3931375
2022-10-16 10:30:00,0.55338746
2022-10-17 10:30:00,0.5272375
2022-10-18 10:30:00,0.5473625
2022-10-19 10:30:00,0.36341247
2022-10-20 10:30:00,0.4693
2022-10-21 10:30:00,0.6151
2022-10-22 10:30:00,0.65405
2022-10-23 10:30:00,0.60566247
2022-10-24 10:30:00,0.5509375
2022-10-25 10:30:00,0.41553748
2022-10-26 10:30:00,0.5364875
2022-10-27 10:30:00,0.5169875
2022-10-28 10:30:00,0.5539
2022-10-29 10:30:00,0.552
2022-10-30 10:30:00,0.6744999
2022-10-31 10:30:00,0.6278625
2022-11-01 10:30:00,0.5130625
2022-11-02 10:30:00,0.49239996
2022-11-03 10:30:00,0.5866875
2022-11-04 10:30:00,0.53423744
2022-11-05 10:30:00,0.62624997
2022-11-06 10:30:00,0.61915
2022-11-07 10:30:00,0.57075
2022-11-08 10:30:00,0.48468748
2022-11-09 10:30:00,0.54821247
2022-11-10 10:30:00,0.574875
2022-11-11 10:30:00,0.616875
2022-11-12 10:30:00,0.6207125
2022-11-13 10:30:00,0.61671245
2022-11-14 10:30:00,0.62931246
2022-11-15 10:30:00,0.5351
2022-11-16 10:30:00,0.595425
2022-11-17 10:30:00,0.5672625
2022-11-18 10:30:00,0.561175
2022-11-19 10:30:00,0.625175
2022-11-20 10:30:00,0.578425
2022-11-21 10:30:00,0.62326247
2022-11-22 10:30:00,0.6218375
2022-11-23 10:30:00,0.7458875
2022-11-24 10:30:00,0.8092875
2022-11-25 10:30:00,0.6168625
2022-11-26 10:30:00,0.5445875
2022-11-27 10:30:00,0.7450875
2022-11-28 10:30:00,0.6700125
2022-11-29 10:30:00,0.5104
2022-11-30 10:30:00,0.5209125
2022-12-01 10:30:00,0.5640625
2022-12-02 10:30:00,0.5724875
2022-12-03 10:30:00,0.5268125
2022-12-04 10:30:00,0.5760625
2022-12-05 10:30:00,0.5827375
2022-12-06 10:30:00,0.62931246
2022-12-07 10:30:00,0.62593746
2022-12-08 10:30:00,0.656325
2022-12-09 10:30:00,0.6344875
2022-12-10 10:30:00,0.6477375
2022-12-11 10:30:00,0.5812375
2022-12-12 10:30:00,0.5478375
2022-12-13 10:30:00,0.5134375
2022-12-14 10:30:00,0.46491247
2022-12-15 10:30:00,0.58888745
2022-12-16 10:30:00,0.54515
2022-12-17 10:30:00,0.54815
2022-12-18 10:30:00,0.546225
2022-12-19 10:30:00,0.6620375
2022-12-20 10:30:00,0.69707495
2022-12-21 10:30:00,0.5812875
2022-12-22 10:30:00,0.55276245
2022-12-23 10:30:00,0.53924996
2022-12-24 10:30:00,0.5206125
2022-12-25 10:30:00,0.65067494
2022-12-26 10:30:00,0.69783753
2022-12-27 10:30:00,0.64591247
2022-12-28 10:30:00,0.61066246
2022-12-29 10:30:00,0.60556245
2022-12-30 10:30:00,0.57229996
2022-12-31 10:30:00,0.59814996
