time,rhum
2012-01-01 10:30:00,0.639
2012-01-02 10:30:00,0.636725
2012-01-03 10:30:00,0.60052496
2012-01-04 10:30:00,0.61321247
2012-01-05 10:30:00,0.574875
2012-01-06 10:30:00,0.568125
2012-01-07 10:30:00,0.5763625
2012-01-08 10:30:00,0.64253753
2012-01-09 10:30:00,0.6505625
2012-01-10 10:30:00,0.52865
2012-01-11 10:30:00,0.6488125
2012-01-12 10:30:00,0.68815
2012-01-13 10:30:00,0.66769993
2012-01-14 10:30:00,0.6369875
2012-01-15 10:30:00,0.6444
2012-01-16 10:30:00,0.6902125
2012-01-17 10:30:00,0.687425
2012-01-18 10:30:00,0.5743125
2012-01-19 10:30:00,0.5570875
2012-01-20 10:30:00,0.47504997
2012-01-21 10:30:00,0.49339998
2012-01-22 10:30:00,0.5335625
2012-01-23 10:30:00,0.535725
2012-01-24 10:30:00,0.5195125
2012-01-25 10:30:00,0.571875
2012-01-26 10:30:00,0.548725
2012-01-27 10:30:00,0.5011875
2012-01-28 10:30:00,0.47591245
2012-01-29 10:30:00,0.5131125
2012-01-30 10:30:00,0.48459998
2012-01-31 10:30:00,0.46825
2012-02-01 10:30:00,0.48894998
2012-02-02 10:30:00,0.5281375
2012-02-03 10:30:00,0.55895
2012-02-04 10:30:00,0.56383747
2012-02-05 10:30:00,0.5104125
2012-02-06 10:30:00,0.52107495
2012-02-07 10:30:00,0.5319375
2012-02-08 10:30:00,0.580725
2012-02-09 10:30:00,0.56318754
2012-02-10 10:30:00,0.5379625
2012-02-11 10:30:00,0.5164125
2012-02-12 10:30:00,0.5407375
2012-02-13 10:30:00,0.514525
2012-02-14 10:30:00,0.4938
2012-02-15 10:30:00,0.5390125
2012-02-16 10:30:00,0.5032
2012-02-17 10:30:00,0.545375
2012-02-18 10:30:00,0.561125
2012-02-19 10:30:00,0.51511246
2012-02-20 10:30:00,0.48713747
2012-02-21 10:30:00,0.3375875
2012-02-22 10:30:00,0.424775
2012-02-23 10:30:00,0.56576246
2012-02-24 10:30:00,0.5584875
2012-02-25 10:30:00,0.5135125
2012-02-26 10:30:00,0.5917125
2012-02-27 10:30:00,0.530575
2012-02-28 10:30:00,0.5681375
2012-02-29 10:30:00,0.593175
2012-03-01 10:30:00,0.52787495
2012-03-02 10:30:00,0.5272125
2012-03-03 10:30:00,0.57336247
2012-03-04 10:30:00,0.7397999
2012-03-05 10:30:00,0.79635
2012-03-06 10:30:00,0.6112
2012-03-07 10:30:00,0.64568746
2012-03-08 10:30:00,0.5457375
2012-03-09 10:30:00,0.4963
2012-03-10 10:30:00,0.60144997
2012-03-11 10:30:00,0.595625
2012-03-12 10:30:00,0.5361625
2012-03-13 10:30:00,0.5598625
2012-03-14 10:30:00,0.57385004
2012-03-15 10:30:00,0.484675
2012-03-16 10:30:00,0.5157875
2012-03-17 10:30:00,0.297
2012-03-18 10:30:00,0.4456375
2012-03-19 10:30:00,0.403725
2012-03-20 10:30:00,0.3616125
2012-03-21 10:30:00,0.511925
2012-03-22 10:30:00,0.365325
2012-03-23 10:30:00,0.6192375
2012-03-24 10:30:00,0.49998748
2012-03-25 10:30:00,0.496325
2012-03-26 10:30:00,0.3611375
2012-03-27 10:30:00,0.414775
2012-03-28 10:30:00,0.3111375
2012-03-29 10:30:00,0.5726625
2012-03-30 10:30:00,0.533125
2012-03-31 10:30:00,0.44245
2012-04-01 10:30:00,0.3478625
2012-04-02 10:30:00,0.40017498
2012-04-03 10:30:00,0.542925
2012-04-04 10:30:00,0.58937496
2012-04-05 10:30:00,0.544575
2012-04-06 10:30:00,0.440325
2012-04-07 10:30:00,0.323075
2012-04-08 10:30:00,0.5415875
2012-04-09 10:30:00,0.255175
2012-04-10 10:30:00,0.3478125
2012-04-11 10:30:00,0.3926125
2012-04-12 10:30:00,0.4448875
2012-04-13 10:30:00,0.3580125
2012-04-14 10:30:00,0.6979249
2012-04-15 10:30:00,0.44347498
2012-04-16 10:30:00,0.39198747
2012-04-17 10:30:00,0.40677497
2012-04-18 10:30:00,0.26712498
2012-04-19 10:30:00,0.4339375
2012-04-20 10:30:00,0.29796252
2012-04-21 10:30:00,0.393475
2012-04-22 10:30:00,0.3636375
2012-04-23 10:30:00,0.393975
2012-04-24 10:30:00,0.24563749
2012-04-25 10:30:00,0.30124998
2012-04-26 10:30:00,0.2835625
2012-04-27 10:30:00,0.6699375
2012-04-28 10:30:00,0.4661875
2012-04-29 10:30:00,0.29087502
2012-04-30 10:30:00,0.31934997
2012-05-01 10:30:00,0.2709625
2012-05-02 10:30:00,0.3658375
2012-05-03 10:30:00,0.28004998
2012-05-04 10:30:00,0.2680625
2012-05-05 10:30:00,0.19882499
2012-05-06 10:30:00,0.2674
2012-05-07 10:30:00,0.311575
2012-05-08 10:30:00,0.3349625
2012-05-09 10:30:00,0.41948748
2012-05-10 10:30:00,0.42424998
2012-05-11 10:30:00,0.484725
2012-05-12 10:30:00,0.54415
2012-05-13 10:30:00,0.36284998
2012-05-14 10:30:00,0.55387497
2012-05-15 10:30:00,0.5965375
2012-05-16 10:30:00,0.587125
2012-05-17 10:30:00,0.412125
2012-05-18 10:30:00,0.25815
2012-05-19 10:30:00,0.30978748
2012-05-20 10:30:00,0.29268748
2012-05-21 10:30:00,0.3479
2012-05-22 10:30:00,0.3042625
2012-05-23 10:30:00,0.30566248
2012-05-24 10:30:00,0.29497498
2012-05-25 10:30:00,0.3848
2012-05-26 10:30:00,0.38182497
2012-05-27 10:30:00,0.338175
2012-05-28 10:30:00,0.452725
2012-05-29 10:30:00,0.5784625
2012-05-30 10:30:00,0.68574995
2012-05-31 10:30:00,0.5591
2012-06-01 10:30:00,0.6840625
2012-06-02 10:30:00,0.9520625
2012-06-03 10:30:00,0.77489996
2012-06-04 10:30:00,0.7815875
2012-06-05 10:30:00,0.68694997
2012-06-06 10:30:00,0.75726247
2012-06-07 10:30:00,0.5627
2012-06-08 10:30:00,0.7442375
2012-06-09 10:30:00,0.654525
2012-06-10 10:30:00,0.7210125
2012-06-11 10:30:00,0.78842497
2012-06-12 10:30:00,0.78319997
2012-06-13 10:30:00,0.873
2012-06-14 10:30:00,0.842825
2012-06-15 10:30:00,0.7435875
2012-06-16 10:30:00,0.7340625
2012-06-17 10:30:00,0.85441244
2012-06-18 10:30:00,0.70481247
2012-06-19 10:30:00,0.6621125
2012-06-20 10:30:00,0.66991246
2012-06-21 10:30:00,0.6281125
2012-06-22 10:30:00,0.67833745
2012-06-23 10:30:00,0.70826244
2012-06-24 10:30:00,0.868375
2012-06-25 10:30:00,0.86255
2012-06-26 10:30:00,0.8096875
2012-06-27 10:30:00,0.75734997
2012-06-28 10:30:00,0.82684994
2012-06-29 10:30:00,0.72311246
2012-06-30 10:30:00,0.6258375
2012-07-01 10:30:00,0.80662495
2012-07-02 10:30:00,0.82447493
2012-07-03 10:30:00,0.78201246
2012-07-04 10:30:00,0.7746375
2012-07-05 10:30:00,0.80567497
2012-07-06 10:30:00,0.78482497
2012-07-07 10:30:00,0.6937625
2012-07-08 10:30:00,0.82343745
2012-07-09 10:30:00,0.7500875
2012-07-10 10:30:00,0.89959997
2012-07-11 10:30:00,0.92849994
2012-07-12 10:30:00,0.8589875
2012-07-13 10:30:00,0.749775
2012-07-14 10:30:00,0.7229
2012-07-15 10:30:00,0.7619625
2012-07-16 10:30:00,0.6535375
2012-07-17 10:30:00,0.6174
2012-07-18 10:30:00,0.79082495
2012-07-19 10:30:00,0.80957496
2012-07-20 10:30:00,0.84239995
2012-07-21 10:30:00,0.79940003
2012-07-22 10:30:00,0.8382499
2012-07-23 10:30:00,0.71231246
2012-07-24 10:30:00,0.79896253
2012-07-25 10:30:00,0.846975
2012-07-26 10:30:00,0.76216245
2012-07-27 10:30:00,0.734175
2012-07-28 10:30:00,0.8946
2012-07-29 10:30:00,0.8157375
2012-07-30 10:30:00,0.754675
2012-07-31 10:30:00,0.72319996
2012-08-01 10:30:00,0.7540875
2012-08-02 10:30:00,0.7967375
2012-08-03 10:30:00,0.8562375
2012-08-04 10:30:00,0.81593746
2012-08-05 10:30:00,0.731775
2012-08-06 10:30:00,0.70004994
2012-08-07 10:30:00,0.7430625
2012-08-08 10:30:00,0.73347497
2012-08-09 10:30:00,0.617625
2012-08-10 10:30:00,0.77731246
2012-08-11 10:30:00,0.79045
2012-08-12 10:30:00,0.6550125
2012-08-13 10:30:00,0.6429875
2012-08-14 10:30:00,0.7669
2012-08-15 10:30:00,0.61355
2012-08-16 10:30:00,0.6082125
2012-08-17 10:30:00,0.7529125
2012-08-18 10:30:00,0.70626247
2012-08-19 10:30:00,0.612225
2012-08-20 10:30:00,0.658525
2012-08-21 10:30:00,0.64589995
2012-08-22 10:30:00,0.46521246
2012-08-23 10:30:00,0.59287494
2012-08-24 10:30:00,0.62544996
2012-08-25 10:30:00,0.6765875
2012-08-26 10:30:00,0.67652494
2012-08-27 10:30:00,0.76567495
2012-08-28 10:30:00,0.5962875
2012-08-29 10:30:00,0.6229875
2012-08-30 10:30:00,0.6127875
2012-08-31 10:30:00,0.528425
2012-09-01 10:30:00,0.6293
2012-09-02 10:30:00,0.87153745
2012-09-03 10:30:00,0.831925
2012-09-04 10:30:00,0.7059
2012-09-05 10:30:00,0.734875
2012-09-06 10:30:00,0.5893625
2012-09-07 10:30:00,0.658425
2012-09-08 10:30:00,0.67561245
2012-09-09 10:30:00,0.62955
2012-09-10 10:30:00,0.679175
2012-09-11 10:30:00,0.9185375
2012-09-12 10:30:00,0.8383125
2012-09-13 10:30:00,0.72872496
2012-09-14 10:30:00,0.65279996
2012-09-15 10:30:00,0.62303746
2012-09-16 10:30:00,0.6624625
2012-09-17 10:30:00,0.64044994
2012-09-18 10:30:00,0.64573747
2012-09-19 10:30:00,0.68081254
2012-09-20 10:30:00,0.546575
2012-09-21 10:30:00,0.5912125
2012-09-22 10:30:00,0.71605
2012-09-23 10:30:00,0.72552496
2012-09-24 10:30:00,0.73510003
2012-09-25 10:30:00,0.836325
2012-09-26 10:30:00,0.543125
2012-09-27 10:30:00,0.85518754
2012-09-28 10:30:00,0.51292497
2012-09-29 10:30:00,0.567175
2012-09-30 10:30:00,0.614425
2012-10-01 10:30:00,0.562025
2012-10-02 10:30:00,0.5731
2012-10-03 10:30:00,0.9024125
2012-10-04 10:30:00,0.584925
2012-10-05 10:30:00,0.599275
2012-10-06 10:30:00,0.65528744
2012-10-07 10:30:00,0.59835
2012-10-08 10:30:00,0.5897
2012-10-09 10:30:00,0.59714997
2012-10-10 10:30:00,0.5656
2012-10-11 10:30:00,0.5858125
2012-10-12 10:30:00,0.74852496
2012-10-13 10:30:00,0.7166625
2012-10-14 10:30:00,0.6252125
2012-10-15 10:30:00,0.7059625
2012-10-16 10:30:00,0.7185624
2012-10-17 10:30:00,0.6348875
2012-10-18 10:30:00,0.5170375
2012-10-19 10:30:00,0.4698875
2012-10-20 10:30:00,0.53842497
2012-10-21 10:30:00,0.6413125
2012-10-22 10:30:00,0.597025
2012-10-23 10:30:00,0.6349875
2012-10-24 10:30:00,0.54031247
2012-10-25 10:30:00,0.6423375
2012-10-26 10:30:00,0.48189998
2012-10-27 10:30:00,0.53072494
2012-10-28 10:30:00,0.506725
2012-10-29 10:30:00,0.61333746
2012-10-30 10:30:00,0.6519625
2012-10-31 10:30:00,0.671075
2012-11-01 10:30:00,0.5696
2012-11-02 10:30:00,0.52889997
2012-11-03 10:30:00,0.7248625
2012-11-04 10:30:00,0.8243374
2012-11-05 10:30:00,0.715025
2012-11-06 10:30:00,0.6084875
2012-11-07 10:30:00,0.607775
2012-11-08 10:30:00,0.60873747
2012-11-09 10:30:00,0.589575
2012-11-10 10:30:00,0.72429997
2012-11-11 10:30:00,0.7791125
2012-11-12 10:30:00,0.6200875
2012-11-13 10:30:00,0.6421375
2012-11-14 10:30:00,0.6253375
2012-11-15 10:30:00,0.5939125
2012-11-16 10:30:00,0.63053745
2012-11-17 10:30:00,0.64573747
2012-11-18 10:30:00,0.743075
2012-11-19 10:30:00,0.63484997
2012-11-20 10:30:00,0.60881245
2012-11-21 10:30:00,0.65255
2012-11-22 10:30:00,0.6274125
2012-11-23 10:30:00,0.571875
2012-11-24 10:30:00,0.64955
2012-11-25 10:30:00,0.6327375
2012-11-26 10:30:00,0.600075
2012-11-27 10:30:00,0.6674375
2012-11-28 10:30:00,0.62523746
2012-11-29 10:30:00,0.54345
2012-11-30 10:30:00,0.4746875
2012-12-01 10:30:00,0.562125
2012-12-02 10:30:00,0.6507875
2012-12-03 10:30:00,0.5719625
2012-12-04 10:30:00,0.6023
2012-12-05 10:30:00,0.5383625
2012-12-06 10:30:00,0.488275
2012-12-07 10:30:00,0.49785
2012-12-08 10:30:00,0.5259
2012-12-09 10:30:00,0.5699875
2012-12-10 10:30:00,0.5887625
2012-12-11 10:30:00,0.6015625
2012-12-12 10:30:00,0.6564375
2012-12-13 10:30:00,0.5859375
2012-12-14 10:30:00,0.6538375
2012-12-15 10:30:00,0.65308744
2012-12-16 10:30:00,0.60755
2012-12-17 10:30:00,0.551875
2012-12-18 10:30:00,0.5168
2012-12-19 10:30:00,0.53615
2012-12-20 10:30:00,0.560825
2012-12-21 10:30:00,0.54201245
2012-12-22 10:30:00,0.487425
2012-12-23 10:30:00,0.510225
2012-12-24 10:30:00,0.5284
2012-12-25 10:30:00,0.46726248
2012-12-26 10:30:00,0.53384995
2012-12-27 10:30:00,0.680875
2012-12-28 10:30:00,0.6849125
2012-12-29 10:30:00,0.562075
2012-12-30 10:30:00,0.51752496
2012-12-31 10:30:00,0.5234125
2013-01-01 10:30:00,0.4580625
2013-01-02 10:30:00,0.49505
2013-01-03 10:30:00,0.46612498
2013-01-04 10:30:00,0.5040625
2013-01-05 10:30:00,0.55146253
2013-01-06 10:30:00,0.5901125
2013-01-07 10:30:00,0.49560001
2013-01-08 10:30:00,0.4982
2013-01-09 10:30:00,0.47302496
2013-01-10 10:30:00,0.564
2013-01-11 10:30:00,0.5943875
2013-01-12 10:30:00,0.5395
2013-01-13 10:30:00,0.5861875
2013-01-14 10:30:00,0.62686247
2013-01-15 10:30:00,0.6166625
2013-01-16 10:30:00,0.48183748
2013-01-17 10:30:00,0.5715875
2013-01-18 10:30:00,0.564925
2013-01-19 10:30:00,0.630875
2013-01-20 10:30:00,0.6707625
2013-01-21 10:30:00,0.5688
2013-01-22 10:30:00,0.6310125
2013-01-23 10:30:00,0.575225
2013-01-24 10:30:00,0.4626875
2013-01-25 10:30:00,0.459925
2013-01-26 10:30:00,0.583175
2013-01-27 10:30:00,0.64136255
2013-01-28 10:30:00,0.6956125
2013-01-29 10:30:00,0.71857494
2013-01-30 10:30:00,0.65915
2013-01-31 10:30:00,0.634025
2013-02-01 10:30:00,0.44046247
2013-02-02 10:30:00,0.48433748
2013-02-03 10:30:00,0.63685
2013-02-04 10:30:00,0.5159125
2013-02-05 10:30:00,0.533625
2013-02-06 10:30:00,0.47482497
2013-02-07 10:30:00,0.4534625
2013-02-08 10:30:00,0.46435001
2013-02-09 10:30:00,0.5061
2013-02-10 10:30:00,0.49881247
2013-02-11 10:30:00,0.555775
2013-02-12 10:30:00,0.541325
2013-02-13 10:30:00,0.5586875
2013-02-14 10:30:00,0.5589625
2013-02-15 10:30:00,0.5925125
2013-02-16 10:30:00,0.66808754
2013-02-17 10:30:00,0.5209375
2013-02-18 10:30:00,0.44397497
2013-02-19 10:30:00,0.49841246
2013-02-20 10:30:00,0.4465
2013-02-21 10:30:00,0.52849996
2013-02-22 10:30:00,0.5334125
2013-02-23 10:30:00,0.413175
2013-02-24 10:30:00,0.620375
2013-02-25 10:30:00,0.59244996
2013-02-26 10:30:00,0.6529125
2013-02-27 10:30:00,0.50058746
2013-02-28 10:30:00,0.6346
2013-03-01 10:30:00,0.47065
2013-03-02 10:30:00,0.548175
2013-03-03 10:30:00,0.4987875
2013-03-04 10:30:00,0.5327
2013-03-05 10:30:00,0.60314995
2013-03-06 10:30:00,0.50745
2013-03-07 10:30:00,0.4275125
2013-03-08 10:30:00,0.56002504
2013-03-09 10:30:00,0.62067497
2013-03-10 10:30:00,0.624225
2013-03-11 10:30:00,0.5222125
2013-03-12 10:30:00,0.49704996
2013-03-13 10:30:00,0.5331375
2013-03-14 10:30:00,0.54592496
2013-03-15 10:30:00,0.61381245
2013-03-16 10:30:00,0.5573875
2013-03-17 10:30:00,0.49048746
2013-03-18 10:30:00,0.5340625
2013-03-19 10:30:00,0.4994875
2013-03-20 10:30:00,0.56122494
2013-03-21 10:30:00,0.5445375
2013-03-22 10:30:00,0.4788
2013-03-23 10:30:00,0.4611875
2013-03-24 10:30:00,0.4898375
2013-03-25 10:30:00,0.5428375
2013-03-26 10:30:00,0.50357497
2013-03-27 10:30:00,0.5863125
2013-03-28 10:30:00,0.5329
2013-03-29 10:30:00,0.49272498
2013-03-30 10:30:00,0.47846252
2013-03-31 10:30:00,0.47582498
2013-04-01 10:30:00,0.4182125
2013-04-02 10:30:00,0.384725
2013-04-03 10:30:00,0.4877375
2013-04-04 10:30:00,0.3720875
2013-04-05 10:30:00,0.5354375
2013-04-06 10:30:00,0.38428748
2013-04-07 10:30:00,0.44085
2013-04-08 10:30:00,0.539875
2013-04-09 10:30:00,0.45308748
2013-04-10 10:30:00,0.52673745
2013-04-11 10:30:00,0.5178
2013-04-12 10:30:00,0.40024996
2013-04-13 10:30:00,0.3754
2013-04-14 10:30:00,0.38255
2013-04-15 10:30:00,0.3534625
2013-04-16 10:30:00,0.363425
2013-04-17 10:30:00,0.3295
2013-04-18 10:30:00,0.43667498
2013-04-19 10:30:00,0.3588625
2013-04-20 10:30:00,0.37237498
2013-04-21 10:30:00,0.2670125
2013-04-22 10:30:00,0.4618125
2013-04-23 10:30:00,0.446025
2013-04-24 10:30:00,0.5588875
2013-04-25 10:30:00,0.593075
2013-04-26 10:30:00,0.4302375
2013-04-27 10:30:00,0.36759996
2013-04-28 10:30:00,0.5105375
2013-04-29 10:30:00,0.5837625
2013-04-30 10:30:00,0.72879994
2013-05-01 10:30:00,0.6674875
2013-05-02 10:30:00,0.70275
2013-05-03 10:30:00,0.47654998
2013-05-04 10:30:00,0.32715
2013-05-05 10:30:00,0.32638747
2013-05-06 10:30:00,0.35938752
2013-05-07 10:30:00,0.2312625
2013-05-08 10:30:00,0.45658746
2013-05-09 10:30:00,0.46054998
2013-05-10 10:30:00,0.37665
2013-05-11 10:30:00,0.7703375
2013-05-12 10:30:00,0.6986125
2013-05-13 10:30:00,0.6541375
2013-05-14 10:30:00,0.7582875
2013-05-15 10:30:00,0.53728753
2013-05-16 10:30:00,0.4466125
2013-05-17 10:30:00,0.4452
2013-05-18 10:30:00,0.21637501
2013-05-19 10:30:00,0.4554375
2013-05-20 10:30:00,0.4156125
2013-05-21 10:30:00,0.6194625
2013-05-22 10:30:00,0.2953625
2013-05-23 10:30:00,0.3865625
2013-05-24 10:30:00,0.2793
2013-05-25 10:30:00,0.39807498
2013-05-26 10:30:00,0.47557497
2013-05-27 10:30:00,0.638575
2013-05-28 10:30:00,0.49524996
2013-05-29 10:30:00,0.48818746
2013-05-30 10:30:00,0.4186
2013-05-31 10:30:00,0.43495
2013-06-01 10:30:00,0.503775
2013-06-02 10:30:00,0.572275
2013-06-03 10:30:00,0.7456375
2013-06-04 10:30:00,0.65199995
2013-06-05 10:30:00,0.6196
2013-06-06 10:30:00,0.91775
2013-06-07 10:30:00,0.68
2013-06-08 10:30:00,0.7729
2013-06-09 10:30:00,0.730375
2013-06-10 10:30:00,0.753975
2013-06-11 10:30:00,0.70845
2013-06-12 10:30:00,0.66225
2013-06-13 10:30:00,0.6134125
2013-06-14 10:30:00,0.614375
2013-06-15 10:30:00,0.71396244
2013-06-16 10:30:00,0.679475
2013-06-17 10:30:00,0.6298125
2013-06-18 10:30:00,0.64125
2013-06-19 10:30:00,0.648525
2013-06-20 10:30:00,0.67162496
2013-06-21 10:30:00,0.71975
2013-06-22 10:30:00,0.63116246
2013-06-23 10:30:00,0.69726247
2013-06-24 10:30:00,0.66089994
2013-06-25 10:30:00,0.72255
2013-06-26 10:30:00,0.9118125
2013-06-27 10:30:00,0.8659375
2013-06-28 10:30:00,0.6806375
2013-06-29 10:30:00,0.8894625
2013-06-30 10:30:00,0.91248745
2013-07-01 10:30:00,0.79466254
2013-07-02 10:30:00,0.73300004
2013-07-03 10:30:00,0.6587625
2013-07-04 10:30:00,0.673475
2013-07-05 10:30:00,0.662975
2013-07-06 10:30:00,0.729075
2013-07-07 10:30:00,0.7121125
2013-07-08 10:30:00,0.76156247
2013-07-09 10:30:00,0.678175
2013-07-10 10:30:00,0.60094994
2013-07-11 10:30:00,0.70121247
2013-07-12 10:30:00,0.83716244
2013-07-13 10:30:00,0.722675
2013-07-14 10:30:00,0.6911125
2013-07-15 10:30:00,0.8623625
2013-07-16 10:30:00,0.64625
2013-07-17 10:30:00,0.7198625
2013-07-18 10:30:00,0.86452496
2013-07-19 10:30:00,0.75223744
2013-07-20 10:30:00,0.7039875
2013-07-21 10:30:00,0.6912875
2013-07-22 10:30:00,0.820625
2013-07-23 10:30:00,0.78838754
2013-07-24 10:30:00,0.7746499
2013-07-25 10:30:00,0.76519996
2013-07-26 10:30:00,0.7735499
2013-07-27 10:30:00,0.9127375
2013-07-28 10:30:00,0.72008747
2013-07-29 10:30:00,0.80913746
2013-07-30 10:30:00,0.74114996
2013-07-31 10:30:00,0.8464375
2013-08-01 10:30:00,0.8426375
2013-08-02 10:30:00,0.8798625
2013-08-03 10:30:00,0.7178624
2013-08-04 10:30:00,0.7834625
2013-08-05 10:30:00,0.78315
2013-08-06 10:30:00,0.790575
2013-08-07 10:30:00,0.7017125
2013-08-08 10:30:00,0.634525
2013-08-09 10:30:00,0.6443875
2013-08-10 10:30:00,0.7339375
2013-08-11 10:30:00,0.77402496
2013-08-12 10:30:00,0.6883625
2013-08-13 10:30:00,0.67832494
2013-08-14 10:30:00,0.638075
2013-08-15 10:30:00,0.762025
2013-08-16 10:30:00,0.9086125
2013-08-17 10:30:00,0.5917625
2013-08-18 10:30:00,0.72980005
2013-08-19 10:30:00,0.8133249
2013-08-20 10:30:00,0.7483625
2013-08-21 10:30:00,0.790475
2013-08-22 10:30:00,0.73279995
2013-08-23 10:30:00,0.72847503
2013-08-24 10:30:00,0.7070375
2013-08-25 10:30:00,0.7435375
2013-08-26 10:30:00,0.7657125
2013-08-27 10:30:00,0.7645625
2013-08-28 10:30:00,0.88675
2013-08-29 10:30:00,0.70059997
2013-08-30 10:30:00,0.738225
2013-08-31 10:30:00,0.79725
2013-09-01 10:30:00,0.8120875
2013-09-02 10:30:00,0.7579875
2013-09-03 10:30:00,0.752425
2013-09-04 10:30:00,0.775525
2013-09-05 10:30:00,0.82193744
2013-09-06 10:30:00,0.8851249
2013-09-07 10:30:00,0.73138744
2013-09-08 10:30:00,0.669475
2013-09-09 10:30:00,0.731425
2013-09-10 10:30:00,0.66055
2013-09-11 10:30:00,0.64426255
2013-09-12 10:30:00,0.72165
2013-09-13 10:30:00,0.70485
2013-09-14 10:30:00,0.516925
2013-09-15 10:30:00,0.5562125
2013-09-16 10:30:00,0.5680625
2013-09-17 10:30:00,0.659525
2013-09-18 10:30:00,0.7032
2013-09-19 10:30:00,0.73527503
2013-09-20 10:30:00,0.78725
2013-09-21 10:30:00,0.7327375
2013-09-22 10:30:00,0.63124996
2013-09-23 10:30:00,0.60574996
2013-09-24 10:30:00,0.6177
2013-09-25 10:30:00,0.603175
2013-09-26 10:30:00,0.575525
2013-09-27 10:30:00,0.4777125
2013-09-28 10:30:00,0.5579625
2013-09-29 10:30:00,0.42389998
2013-09-30 10:30:00,0.5540875
2013-10-01 10:30:00,0.5318
2013-10-02 10:30:00,0.5368375
2013-10-03 10:30:00,0.45764998
2013-10-04 10:30:00,0.44541252
2013-10-05 10:30:00,0.34561247
2013-10-06 10:30:00,0.47768748
2013-10-07 10:30:00,0.48545
2013-10-08 10:30:00,0.404
2013-10-09 10:30:00,0.48288748
2013-10-10 10:30:00,0.8062875
2013-10-11 10:30:00,0.7933125
2013-10-12 10:30:00,0.61268747
2013-10-13 10:30:00,0.588175
2013-10-14 10:30:00,0.573075
2013-10-15 10:30:00,0.56373745
2013-10-16 10:30:00,0.54882497
2013-10-17 10:30:00,0.566125
2013-10-18 10:30:00,0.59573746
2013-10-19 10:30:00,0.67521244
2013-10-20 10:30:00,0.695225
2013-10-21 10:30:00,0.81692505
2013-10-22 10:30:00,0.90709996
2013-10-23 10:30:00,0.7437625
2013-10-24 10:30:00,0.76301247
2013-10-25 10:30:00,0.74092495
2013-10-26 10:30:00,0.7858375
2013-10-27 10:30:00,0.71287495
2013-10-28 10:30:00,0.693075
2013-10-29 10:30:00,0.663975
2013-10-30 10:30:00,0.66419995
2013-10-31 10:30:00,0.74135
2013-11-01 10:30:00,0.74581254
2013-11-02 10:30:00,0.6743125
2013-11-03 10:30:00,0.7060375
2013-11-04 10:30:00,0.59725
2013-11-05 10:30:00,0.68772495
2013-11-06 10:30:00,0.65341246
2013-11-07 10:30:00,0.78458744
2013-11-08 10:30:00,0.76474994
2013-11-09 10:30:00,0.5567125
2013-11-10 10:30:00,0.56408745
2013-11-11 10:30:00,0.68483746
2013-11-12 10:30:00,0.638425
2013-11-13 10:30:00,0.67034996
2013-11-14 10:30:00,0.7088
2013-11-15 10:30:00,0.6959625
2013-11-16 10:30:00,0.67823744
2013-11-17 10:30:00,0.589125
2013-11-18 10:30:00,0.52064997
2013-11-19 10:30:00,0.47653747
2013-11-20 10:30:00,0.699325
2013-11-21 10:30:00,0.69783753
2013-11-22 10:30:00,0.6943374
2013-11-23 10:30:00,0.683475
2013-11-24 10:30:00,0.6249625
2013-11-25 10:30:00,0.6132375
2013-11-26 10:30:00,0.6093375
2013-11-27 10:30:00,0.552275
2013-11-28 10:30:00,0.5738125
2013-11-29 10:30:00,0.4993875
2013-11-30 10:30:00,0.5290375
2013-12-01 10:30:00,0.571675
2013-12-02 10:30:00,0.67165
2013-12-03 10:30:00,0.6077
2013-12-04 10:30:00,0.5868375
2013-12-05 10:30:00,0.6183
2013-12-06 10:30:00,0.6347375
2013-12-07 10:30:00,0.7356875
2013-12-08 10:30:00,0.71956253
2013-12-09 10:30:00,0.7244
2013-12-10 10:30:00,0.65929997
2013-12-11 10:30:00,0.6334125
2013-12-12 10:30:00,0.547775
2013-12-13 10:30:00,0.55735
2013-12-14 10:30:00,0.63103753
2013-12-15 10:30:00,0.708225
2013-12-16 10:30:00,0.72755
2013-12-17 10:30:00,0.719925
2013-12-18 10:30:00,0.6224625
2013-12-19 10:30:00,0.68815
2013-12-20 10:30:00,0.6453375
2013-12-21 10:30:00,0.67364997
2013-12-22 10:30:00,0.628675
2013-12-23 10:30:00,0.71529996
2013-12-24 10:30:00,0.7224375
2013-12-25 10:30:00,0.710625
2013-12-26 10:30:00,0.66925
2013-12-27 10:30:00,0.66381246
2013-12-28 10:30:00,0.59975
2013-12-29 10:30:00,0.6943875
2013-12-30 10:30:00,0.69277495
2013-12-31 10:30:00,0.639175
2014-01-01 10:30:00,0.5496875
2014-01-02 10:30:00,0.6210625
2014-01-03 10:30:00,0.6874125
2014-01-04 10:30:00,0.72345
2014-01-05 10:30:00,0.710175
2014-01-06 10:30:00,0.6015125
2014-01-07 10:30:00,0.547175
2014-01-08 10:30:00,0.53375
2014-01-09 10:30:00,0.561725
2014-01-10 10:30:00,0.6030125
2014-01-11 10:30:00,0.5226125
2014-01-12 10:30:00,0.4907125
2014-01-13 10:30:00,0.5573125
2014-01-14 10:30:00,0.66981244
2014-01-15 10:30:00,0.719525
2014-01-16 10:30:00,0.72421247
2014-01-17 10:30:00,0.6373375
2014-01-18 10:30:00,0.62198746
2014-01-19 10:30:00,0.6929249
2014-01-20 10:30:00,0.6566625
2014-01-21 10:30:00,0.59728754
2014-01-22 10:30:00,0.633675
2014-01-23 10:30:00,0.5261
2014-01-24 10:30:00,0.6342875
2014-01-25 10:30:00,0.5721
2014-01-26 10:30:00,0.57002497
2014-01-27 10:30:00,0.494375
2014-01-28 10:30:00,0.44663748
2014-01-29 10:30:00,0.520325
2014-01-30 10:30:00,0.58845
2014-01-31 10:30:00,0.5673125
2014-02-01 10:30:00,0.5338875
2014-02-02 10:30:00,0.4660625
2014-02-03 10:30:00,0.5055625
2014-02-04 10:30:00,0.5735
2014-02-05 10:30:00,0.5779
2014-02-06 10:30:00,0.55654997
2014-02-07 10:30:00,0.575475
2014-02-08 10:30:00,0.61167496
2014-02-09 10:30:00,0.59284997
2014-02-10 10:30:00,0.61141247
2014-02-11 10:30:00,0.5671
2014-02-12 10:30:00,0.55873746
2014-02-13 10:30:00,0.6027
2014-02-14 10:30:00,0.7054375
2014-02-15 10:30:00,0.7031125
2014-02-16 10:30:00,0.60674995
2014-02-17 10:30:00,0.5760125
2014-02-18 10:30:00,0.60195
2014-02-19 10:30:00,0.60335
2014-02-20 10:30:00,0.6271875
2014-02-21 10:30:00,0.6818875
2014-02-22 10:30:00,0.534925
2014-02-23 10:30:00,0.65705
2014-02-24 10:30:00,0.7114499
2014-02-25 10:30:00,0.68842494
2014-02-26 10:30:00,0.65805
2014-02-27 10:30:00,0.50755
2014-02-28 10:30:00,0.538625
2014-03-01 10:30:00,0.50338745
2014-03-02 10:30:00,0.5187875
2014-03-03 10:30:00,0.4861
2014-03-04 10:30:00,0.497825
2014-03-05 10:30:00,0.52248746
2014-03-06 10:30:00,0.5051625
2014-03-07 10:30:00,0.5163625
2014-03-08 10:30:00,0.4561125
2014-03-09 10:30:00,0.48454997
2014-03-10 10:30:00,0.23421249
2014-03-11 10:30:00,0.592975
2014-03-12 10:30:00,0.50595
2014-03-13 10:30:00,0.5742875
2014-03-14 10:30:00,0.46094996
2014-03-15 10:30:00,0.5511625
2014-03-16 10:30:00,0.36368752
2014-03-17 10:30:00,0.5710375
2014-03-18 10:30:00,0.47276247
2014-03-19 10:30:00,0.515175
2014-03-20 10:30:00,0.5659125
2014-03-21 10:30:00,0.46104997
2014-03-22 10:30:00,0.3854375
2014-03-23 10:30:00,0.39906248
2014-03-24 10:30:00,0.4936125
2014-03-25 10:30:00,0.524875
2014-03-26 10:30:00,0.656325
2014-03-27 10:30:00,0.50256246
2014-03-28 10:30:00,0.47985
2014-03-29 10:30:00,0.3904
2014-03-30 10:30:00,0.3351625
2014-03-31 10:30:00,0.38993746
2014-04-01 10:30:00,0.504825
2014-04-02 10:30:00,0.50726247
2014-04-03 10:30:00,0.47261247
2014-04-04 10:30:00,0.56485
2014-04-05 10:30:00,0.42339998
2014-04-06 10:30:00,0.388625
2014-04-07 10:30:00,0.44658747
2014-04-08 10:30:00,0.34513748
2014-04-09 10:30:00,0.530125
2014-04-10 10:30:00,0.42916247
2014-04-11 10:30:00,0.2692375
2014-04-12 10:30:00,0.32743752
2014-04-13 10:30:00,0.2866625
2014-04-14 10:30:00,0.31829998
2014-04-15 10:30:00,0.29706252
2014-04-16 10:30:00,0.252325
2014-04-17 10:30:00,0.722825
2014-04-18 10:30:00,0.560475
2014-04-19 10:30:00,0.7421375
2014-04-20 10:30:00,0.67683744
2014-04-21 10:30:00,0.46092498
2014-04-22 10:30:00,0.42114997
2014-04-23 10:30:00,0.275425
2014-04-24 10:30:00,0.2126125
2014-04-25 10:30:00,0.34827498
2014-04-26 10:30:00,0.5376125
2014-04-27 10:30:00,0.467075
2014-04-28 10:30:00,0.354225
2014-04-29 10:30:00,0.21925
2014-04-30 10:30:00,0.3117
2014-05-01 10:30:00,0.67106247
2014-05-02 10:30:00,0.396175
2014-05-03 10:30:00,0.6628375
2014-05-04 10:30:00,0.324425
2014-05-05 10:30:00,0.3204875
2014-05-06 10:30:00,0.42193747
2014-05-07 10:30:00,0.46941248
2014-05-08 10:30:00,0.425775
2014-05-09 10:30:00,0.426875
2014-05-10 10:30:00,0.7439125
2014-05-11 10:30:00,0.82804996
2014-05-12 10:30:00,0.74887496
2014-05-13 10:30:00,0.71198744
2014-05-14 10:30:00,0.667475
2014-05-15 10:30:00,0.6474375
2014-05-16 10:30:00,0.85379994
2014-05-17 10:30:00,0.5793125
2014-05-18 10:30:00,0.8332125
2014-05-19 10:30:00,0.84995
2014-05-20 10:30:00,0.5697
2014-05-21 10:30:00,0.7004125
2014-05-22 10:30:00,0.54945
2014-05-23 10:30:00,0.584775
2014-05-24 10:30:00,0.6842125
2014-05-25 10:30:00,0.688925
2014-05-26 10:30:00,0.627975
2014-05-27 10:30:00,0.65271246
2014-05-28 10:30:00,0.44855
2014-05-29 10:30:00,0.425325
2014-05-30 10:30:00,0.4168875
2014-05-31 10:30:00,0.45369998
2014-06-01 10:30:00,0.45869997
2014-06-02 10:30:00,0.48819998
2014-06-03 10:30:00,0.672775
2014-06-04 10:30:00,0.6061875
2014-06-05 10:30:00,0.6413375
2014-06-06 10:30:00,0.5419875
2014-06-07 10:30:00,0.643525
2014-06-08 10:30:00,0.91029996
2014-06-09 10:30:00,0.8861125
2014-06-10 10:30:00,0.76747495
2014-06-11 10:30:00,0.81677496
2014-06-12 10:30:00,0.687675
2014-06-13 10:30:00,0.598825
2014-06-14 10:30:00,0.5906375
2014-06-15 10:30:00,0.61592495
2014-06-16 10:30:00,0.6673125
2014-06-17 10:30:00,0.7648
2014-06-18 10:30:00,0.73831254
2014-06-19 10:30:00,0.66690004
2014-06-20 10:30:00,0.81043744
2014-06-21 10:30:00,0.86952496
2014-06-22 10:30:00,0.80302495
2014-06-23 10:30:00,0.7399375
2014-06-24 10:30:00,0.7360375
2014-06-25 10:30:00,0.80451244
2014-06-26 10:30:00,0.84636253
2014-06-27 10:30:00,0.65621245
2014-06-28 10:30:00,0.688
2014-06-29 10:30:00,0.609925
2014-06-30 10:30:00,0.6348625
2014-07-01 10:30:00,0.6588375
2014-07-02 10:30:00,0.816275
2014-07-03 10:30:00,0.6621375
2014-07-04 10:30:00,0.64515
2014-07-05 10:30:00,0.6894875
2014-07-06 10:30:00,0.73089993
2014-07-07 10:30:00,0.74695
2014-07-08 10:30:00,0.5767625
2014-07-09 10:30:00,0.72512496
2014-07-10 10:30:00,0.83537495
2014-07-11 10:30:00,0.84808755
2014-07-12 10:30:00,0.8315125
2014-07-13 10:30:00,0.7961125
2014-07-14 10:30:00,0.73289996
2014-07-15 10:30:00,0.86891246
2014-07-16 10:30:00,0.89985
2014-07-17 10:30:00,0.873475
2014-07-18 10:30:00,0.8086
2014-07-19 10:30:00,0.8479625
2014-07-20 10:30:00,0.7638125
2014-07-21 10:30:00,0.760925
2014-07-22 10:30:00,0.711325
2014-07-23 10:30:00,0.73489994
2014-07-24 10:30:00,0.75606245
2014-07-25 10:30:00,0.7295375
2014-07-26 10:30:00,0.7321375
2014-07-27 10:30:00,0.699
2014-07-28 10:30:00,0.697825
2014-07-29 10:30:00,0.7396875
2014-07-30 10:30:00,0.66999996
2014-07-31 10:30:00,0.6704625
2014-08-01 10:30:00,0.68326247
2014-08-02 10:30:00,0.7669
2014-08-03 10:30:00,0.76647496
2014-08-04 10:30:00,0.7303375
2014-08-05 10:30:00,0.7724499
2014-08-06 10:30:00,0.78349996
2014-08-07 10:30:00,0.7276
2014-08-08 10:30:00,0.62417495
2014-08-09 10:30:00,0.8462375
2014-08-10 10:30:00,0.6961
2014-08-11 10:30:00,0.6864125
2014-08-12 10:30:00,0.7034
2014-08-13 10:30:00,0.8356624
2014-08-14 10:30:00,0.964925
2014-08-15 10:30:00,0.872275
2014-08-16 10:30:00,0.8386875
2014-08-17 10:30:00,0.8550125
2014-08-18 10:30:00,0.77357495
2014-08-19 10:30:00,0.7870749
2014-08-20 10:30:00,0.7702125
2014-08-21 10:30:00,0.728175
2014-08-22 10:30:00,0.7486125
2014-08-23 10:30:00,0.85372496
2014-08-24 10:30:00,0.8205875
2014-08-25 10:30:00,0.83154994
2014-08-26 10:30:00,0.733775
2014-08-27 10:30:00,0.77757496
2014-08-28 10:30:00,0.7003125
2014-08-29 10:30:00,0.6843625
2014-08-30 10:30:00,0.6982875
2014-08-31 10:30:00,0.7718125
2014-09-01 10:30:00,0.80982494
2014-09-02 10:30:00,0.6989125
2014-09-03 10:30:00,0.7436375
2014-09-04 10:30:00,0.7713624
2014-09-05 10:30:00,0.74041253
2014-09-06 10:30:00,0.7078875
2014-09-07 10:30:00,0.68025
2014-09-08 10:30:00,0.58627504
2014-09-09 10:30:00,0.6167
2014-09-10 10:30:00,0.6253875
2014-09-11 10:30:00,0.674375
2014-09-12 10:30:00,0.6604125
2014-09-13 10:30:00,0.7092125
2014-09-14 10:30:00,0.5475625
2014-09-15 10:30:00,0.6123125
2014-09-16 10:30:00,0.5790375
2014-09-17 10:30:00,0.6260875
2014-09-18 10:30:00,0.55502504
2014-09-19 10:30:00,0.8163
2014-09-20 10:30:00,0.74091244
2014-09-21 10:30:00,0.721175
2014-09-22 10:30:00,0.8763
2014-09-23 10:30:00,0.71168745
2014-09-24 10:30:00,0.5731625
2014-09-25 10:30:00,0.42822498
2014-09-26 10:30:00,0.819475
2014-09-27 10:30:00,0.6285875
2014-09-28 10:30:00,0.52225
2014-09-29 10:30:00,0.56017494
2014-09-30 10:30:00,0.50653744
2014-10-01 10:30:00,0.600475
2014-10-02 10:30:00,0.5799
2014-10-03 10:30:00,0.50035
2014-10-04 10:30:00,0.60213745
2014-10-05 10:30:00,0.5397
2014-10-06 10:30:00,0.6386875
2014-10-07 10:30:00,0.648925
2014-10-08 10:30:00,0.72621244
2014-10-09 10:30:00,0.763675
2014-10-10 10:30:00,0.8199
2014-10-11 10:30:00,0.688075
2014-10-12 10:30:00,0.5482875
2014-10-13 10:30:00,0.41443747
2014-10-14 10:30:00,0.406375
2014-10-15 10:30:00,0.5267
2014-10-16 10:30:00,0.5016625
2014-10-17 10:30:00,0.46346247
2014-10-18 10:30:00,0.36264998
2014-10-19 10:30:00,0.3527625
2014-10-20 10:30:00,0.401175
2014-10-21 10:30:00,0.45698747
2014-10-22 10:30:00,0.4359375
2014-10-23 10:30:00,0.50659996
2014-10-24 10:30:00,0.559775
2014-10-25 10:30:00,0.6098
2014-10-26 10:30:00,0.64778745
2014-10-27 10:30:00,0.58416253
2014-10-28 10:30:00,0.48901248
2014-10-29 10:30:00,0.6401375
2014-10-30 10:30:00,0.9152624
2014-10-31 10:30:00,0.8955875
2014-11-01 10:30:00,0.75055
2014-11-02 10:30:00,0.681675
2014-11-03 10:30:00,0.7452625
2014-11-04 10:30:00,0.7270625
2014-11-05 10:30:00,0.6345875
2014-11-06 10:30:00,0.62799996
2014-11-07 10:30:00,0.5647875
2014-11-08 10:30:00,0.59131247
2014-11-09 10:30:00,0.546875
2014-11-10 10:30:00,0.55111253
2014-11-11 10:30:00,0.56965
2014-11-12 10:30:00,0.5705875
2014-11-13 10:30:00,0.61036247
2014-11-14 10:30:00,0.5826375
2014-11-15 10:30:00,0.68122494
2014-11-16 10:30:00,0.66098744
2014-11-17 10:30:00,0.6030625
2014-11-18 10:30:00,0.60985
2014-11-19 10:30:00,0.692825
2014-11-20 10:30:00,0.685175
2014-11-21 10:30:00,0.69415
2014-11-22 10:30:00,0.65047497
2014-11-23 10:30:00,0.61742496
2014-11-24 10:30:00,0.6572
2014-11-25 10:30:00,0.50734997
2014-11-26 10:30:00,0.5080375
2014-11-27 10:30:00,0.5457
2014-11-28 10:30:00,0.64485
2014-11-29 10:30:00,0.687125
2014-11-30 10:30:00,0.60924995
2014-12-01 10:30:00,0.49831247
2014-12-02 10:30:00,0.5084625
2014-12-03 10:30:00,0.5439875
2014-12-04 10:30:00,0.5845125
2014-12-05 10:30:00,0.5868875
2014-12-06 10:30:00,0.58166254
2014-12-07 10:30:00,0.63229996
2014-12-08 10:30:00,0.667575
2014-12-09 10:30:00,0.6347
2014-12-10 10:30:00,0.70857495
2014-12-11 10:30:00,0.68092495
2014-12-12 10:30:00,0.613525
2014-12-13 10:30:00,0.66842496
2014-12-14 10:30:00,0.75799996
2014-12-15 10:30:00,0.669775
2014-12-16 10:30:00,0.61237496
2014-12-17 10:30:00,0.7241375
2014-12-18 10:30:00,0.730575
2014-12-19 10:30:00,0.6584625
2014-12-20 10:30:00,0.6320625
2014-12-21 10:30:00,0.69519997
2014-12-22 10:30:00,0.7685
2014-12-23 10:30:00,0.6865875
2014-12-24 10:30:00,0.72705
2014-12-25 10:30:00,0.6896875
2014-12-26 10:30:00,0.753975
2014-12-27 10:30:00,0.7183375
2014-12-28 10:30:00,0.72741246
2014-12-29 10:30:00,0.761925
2014-12-30 10:30:00,0.66371244
2014-12-31 10:30:00,0.62303746
2015-01-01 10:30:00,0.592625
2015-01-02 10:30:00,0.68151253
2015-01-03 10:30:00,0.6196375
2015-01-04 10:30:00,0.6778625
2015-01-05 10:30:00,0.5182375
2015-01-06 10:30:00,0.5080125
2015-01-07 10:30:00,0.6429375
2015-01-08 10:30:00,0.74925
2015-01-09 10:30:00,0.768625
2015-01-10 10:30:00,0.6973625
2015-01-11 10:30:00,0.69546247
2015-01-12 10:30:00,0.7414875
2015-01-13 10:30:00,0.6578625
2015-01-14 10:30:00,0.7796125
2015-01-15 10:30:00,0.788375
2015-01-16 10:30:00,0.64526254
2015-01-17 10:30:00,0.69827497
2015-01-18 10:30:00,0.75002503
2015-01-19 10:30:00,0.7028125
2015-01-20 10:30:00,0.74211246
2015-01-21 10:30:00,0.73873746
2015-01-22 10:30:00,0.70428747
2015-01-23 10:30:00,0.69404995
2015-01-24 10:30:00,0.68964994
2015-01-25 10:30:00,0.6129
2015-01-26 10:30:00,0.5522375
2015-01-27 10:30:00,0.5363125
2015-01-28 10:30:00,0.523725
2015-01-29 10:30:00,0.60209996
2015-01-30 10:30:00,0.5681375
2015-01-31 10:30:00,0.5868875
2015-02-01 10:30:00,0.66811246
2015-02-02 10:30:00,0.57686245
2015-02-03 10:30:00,0.6706625
2015-02-04 10:30:00,0.6378625
2015-02-05 10:30:00,0.60779995
2015-02-06 10:30:00,0.4871125
2015-02-07 10:30:00,0.4249625
2015-02-08 10:30:00,0.46625
2015-02-09 10:30:00,0.52775
2015-02-10 10:30:00,0.5138
2015-02-11 10:30:00,0.557925
2015-02-12 10:30:00,0.5320625
2015-02-13 10:30:00,0.6507
2015-02-14 10:30:00,0.65718746
2015-02-15 10:30:00,0.558375
2015-02-16 10:30:00,0.6650125
2015-02-17 10:30:00,0.601875
2015-02-18 10:30:00,0.5408375
2015-02-19 10:30:00,0.4646875
2015-02-20 10:30:00,0.582025
2015-02-21 10:30:00,0.7664
2015-02-22 10:30:00,0.6210875
2015-02-23 10:30:00,0.4991375
2015-02-24 10:30:00,0.516225
2015-02-25 10:30:00,0.5771625
2015-02-26 10:30:00,0.595225
2015-02-27 10:30:00,0.5274625
2015-02-28 10:30:00,0.5901125
2015-03-01 10:30:00,0.6228375
2015-03-02 10:30:00,0.53459996
2015-03-03 10:30:00,0.5614875
2015-03-04 10:30:00,0.4684125
2015-03-05 10:30:00,0.3579625
2015-03-06 10:30:00,0.407625
2015-03-07 10:30:00,0.479925
2015-03-08 10:30:00,0.496525
2015-03-09 10:30:00,0.4477125
2015-03-10 10:30:00,0.38799998
2015-03-11 10:30:00,0.43831247
2015-03-12 10:30:00,0.551775
2015-03-13 10:30:00,0.5925875
2015-03-14 10:30:00,0.473925
2015-03-15 10:30:00,0.43307498
2015-03-16 10:30:00,0.45482498
2015-03-17 10:30:00,0.3185375
2015-03-18 10:30:00,0.49359998
2015-03-19 10:30:00,0.43057498
2015-03-20 10:30:00,0.34652498
2015-03-21 10:30:00,0.347625
2015-03-22 10:30:00,0.345475
2015-03-23 10:30:00,0.464575
2015-03-24 10:30:00,0.3704
2015-03-25 10:30:00,0.23951249
2015-03-26 10:30:00,0.2211375
2015-03-27 10:30:00,0.420725
2015-03-28 10:30:00,0.4794625
2015-03-29 10:30:00,0.3669625
2015-03-30 10:30:00,0.5387
2015-03-31 10:30:00,0.3178
2015-04-01 10:30:00,0.2966875
2015-04-02 10:30:00,0.8119875
2015-04-03 10:30:00,0.64305
2015-04-04 10:30:00,0.87396246
2015-04-05 10:30:00,0.70757496
2015-04-06 10:30:00,0.7061375
2015-04-07 10:30:00,0.5949375
2015-04-08 10:30:00,0.7043
2015-04-09 10:30:00,0.629525
2015-04-10 10:30:00,0.5222375
2015-04-11 10:30:00,0.47116247
2015-04-12 10:30:00,0.36802498
2015-04-13 10:30:00,0.331875
2015-04-14 10:30:00,0.3314125
2015-04-15 10:30:00,0.48818746
2015-04-16 10:30:00,0.4193
2015-04-17 10:30:00,0.3332375
2015-04-18 10:30:00,0.26639998
2015-04-19 10:30:00,0.276625
2015-04-20 10:30:00,0.3285125
2015-04-21 10:30:00,0.3356875
2015-04-22 10:30:00,0.39525
2015-04-23 10:30:00,0.47628748
2015-04-24 10:30:00,0.38382497
2015-04-25 10:30:00,0.2992875
2015-04-26 10:30:00,0.35893747
2015-04-27 10:30:00,0.2724
2015-04-28 10:30:00,0.386875
2015-04-29 10:30:00,0.20067498
2015-04-30 10:30:00,0.0730125
2015-05-01 10:30:00,0.5382875
2015-05-02 10:30:00,0.4328875
2015-05-03 10:30:00,0.35608748
2015-05-04 10:30:00,0.22784999
2015-05-05 10:30:00,0.41442496
2015-05-06 10:30:00,0.37425
2015-05-07 10:30:00,0.8522625
2015-05-08 10:30:00,0.66178745
2015-05-09 10:30:00,0.5450125
2015-05-10 10:30:00,0.51905
2015-05-11 10:30:00,0.827675
2015-05-12 10:30:00,0.7631125
2015-05-13 10:30:00,0.4528125
2015-05-14 10:30:00,0.2286875
2015-05-15 10:30:00,0.2620625
2015-05-16 10:30:00,0.25788748
2015-05-17 10:30:00,0.567725
2015-05-18 10:30:00,0.63054997
2015-05-19 10:30:00,0.60487497
2015-05-20 10:30:00,0.35419998
2015-05-21 10:30:00,0.34561247
2015-05-22 10:30:00,0.2853125
2015-05-23 10:30:00,0.25347498
2015-05-24 10:30:00,0.3488375
2015-05-25 10:30:00,0.627525
2015-05-26 10:30:00,0.578225
2015-05-27 10:30:00,0.60522497
2015-05-28 10:30:00,0.703775
2015-05-29 10:30:00,0.725325
2015-05-30 10:30:00,0.452475
2015-05-31 10:30:00,0.5136
2015-06-01 10:30:00,0.5552875
2015-06-02 10:30:00,0.4192375
2015-06-03 10:30:00,0.35828748
2015-06-04 10:30:00,0.5893875
2015-06-05 10:30:00,0.884475
2015-06-06 10:30:00,0.726425
2015-06-07 10:30:00,0.6602625
2015-06-08 10:30:00,0.6687375
2015-06-09 10:30:00,0.608525
2015-06-10 10:30:00,0.7817375
2015-06-11 10:30:00,0.937275
2015-06-12 10:30:00,0.92205
2015-06-13 10:30:00,0.799375
2015-06-14 10:30:00,0.7601125
2015-06-15 10:30:00,0.49986252
2015-06-16 10:30:00,0.72445
2015-06-17 10:30:00,0.8968
2015-06-18 10:30:00,0.9897625
2015-06-19 10:30:00,0.833825
2015-06-20 10:30:00,0.697675
2015-06-21 10:30:00,0.61913747
2015-06-22 10:30:00,0.7300375
2015-06-23 10:30:00,0.74764997
2015-06-24 10:30:00,0.87472504
2015-06-25 10:30:00,0.67653745
2015-06-26 10:30:00,0.6134125
2015-06-27 10:30:00,0.7779
2015-06-28 10:30:00,0.76818746
2015-06-29 10:30:00,0.60952497
2015-06-30 10:30:00,0.914
2015-07-01 10:30:00,0.78421247
2015-07-02 10:30:00,0.9152625
2015-07-03 10:30:00,0.76214993
2015-07-04 10:30:00,0.6988375
2015-07-05 10:30:00,0.7540125
2015-07-06 10:30:00,0.693
2015-07-07 10:30:00,0.662825
2015-07-08 10:30:00,0.6675875
2015-07-09 10:30:00,0.787575
2015-07-10 10:30:00,0.77779996
2015-07-11 10:30:00,0.83979994
2015-07-12 10:30:00,0.711225
2015-07-13 10:30:00,0.7036875
2015-07-14 10:30:00,0.81976247
2015-07-15 10:30:00,0.877675
2015-07-16 10:30:00,0.8878125
2015-07-17 10:30:00,0.893775
2015-07-18 10:30:00,0.87058747
2015-07-19 10:30:00,0.88353753
2015-07-20 10:30:00,0.8025875
2015-07-21 10:30:00,0.92513746
2015-07-22 10:30:00,0.891425
2015-07-23 10:30:00,0.8826625
2015-07-24 10:30:00,0.9052375
2015-07-25 10:30:00,0.8606875
2015-07-26 10:30:00,0.83809996
2015-07-27 10:30:00,0.7046499
2015-07-28 10:30:00,0.72265
2015-07-29 10:30:00,0.916825
2015-07-30 10:30:00,0.7782
2015-07-31 10:30:00,0.73055
2015-08-01 10:30:00,0.730875
2015-08-02 10:30:00,0.688925
2015-08-03 10:30:00,0.7472375
2015-08-04 10:30:00,0.77538747
2015-08-05 10:30:00,0.80483747
2015-08-06 10:30:00,0.72982496
2015-08-07 10:30:00,0.81653744
2015-08-08 10:30:00,0.85158753
2015-08-09 10:30:00,0.901625
2015-08-10 10:30:00,0.78052497
2015-08-11 10:30:00,0.8416
2015-08-12 10:30:00,0.77455
2015-08-13 10:30:00,0.675775
2015-08-14 10:30:00,0.8216625
2015-08-15 10:30:00,0.84183747
2015-08-16 10:30:00,0.85991246
2015-08-17 10:30:00,0.8483375
2015-08-18 10:30:00,0.770925
2015-08-19 10:30:00,0.88427496
2015-08-20 10:30:00,0.9321875
2015-08-21 10:30:00,0.8989125
2015-08-22 10:30:00,0.85911244
2015-08-23 10:30:00,0.9168625
2015-08-24 10:30:00,0.926275
2015-08-25 10:30:00,0.89654994
2015-08-26 10:30:00,0.83937496
2015-08-27 10:30:00,0.7818875
2015-08-28 10:30:00,0.85402495
2015-08-29 10:30:00,0.8770625
2015-08-30 10:30:00,0.9126
2015-08-31 10:30:00,0.921175
2015-09-01 10:30:00,0.810575
2015-09-02 10:30:00,0.76856244
2015-09-03 10:30:00,0.7814375
2015-09-04 10:30:00,0.84682494
2015-09-05 10:30:00,0.8192875
2015-09-06 10:30:00,0.78191245
2015-09-07 10:30:00,0.89867496
2015-09-08 10:30:00,0.8644124
2015-09-09 10:30:00,0.725875
2015-09-10 10:30:00,0.6957875
2015-09-11 10:30:00,0.71435
2015-09-12 10:30:00,0.825925
2015-09-13 10:30:00,0.7388625
2015-09-14 10:30:00,0.608675
2015-09-15 10:30:00,0.6550625
2015-09-16 10:30:00,0.7150875
2015-09-17 10:30:00,0.926425
2015-09-18 10:30:00,0.827025
2015-09-19 10:30:00,0.68733746
2015-09-20 10:30:00,0.7486125
2015-09-21 10:30:00,0.7113375
2015-09-22 10:30:00,0.9876875
2015-09-23 10:30:00,0.93567497
2015-09-24 10:30:00,0.96389997
2015-09-25 10:30:00,0.772925
2015-09-26 10:30:00,0.73340005
2015-09-27 10:30:00,0.78479993
2015-09-28 10:30:00,0.7627
2015-09-29 10:30:00,0.63664997
2015-09-30 10:30:00,0.8636375
2015-10-01 10:30:00,0.6487125
2015-10-02 10:30:00,0.534625
2015-10-03 10:30:00,0.4993
2015-10-04 10:30:00,0.519125
2015-10-05 10:30:00,0.576325
2015-10-06 10:30:00,0.47647497
2015-10-07 10:30:00,0.43847498
2015-10-08 10:30:00,0.58428746
2015-10-09 10:30:00,0.69512504
2015-10-10 10:30:00,0.8881125
2015-10-11 10:30:00,0.5688
2015-10-12 10:30:00,0.60214996
2015-10-13 10:30:00,0.67662495
2015-10-14 10:30:00,0.60307497
2015-10-15 10:30:00,0.47081247
2015-10-16 10:30:00,0.47086248
2015-10-17 10:30:00,0.38375
2015-10-18 10:30:00,0.3664625
2015-10-19 10:30:00,0.42253748
2015-10-20 10:30:00,0.49517497
2015-10-21 10:30:00,0.45523748
2015-10-22 10:30:00,0.43353748
2015-10-23 10:30:00,0.2980375
2015-10-24 10:30:00,0.359425
2015-10-25 10:30:00,0.3170375
2015-10-26 10:30:00,0.5567375
2015-10-27 10:30:00,0.565325
2015-10-28 10:30:00,0.5795125
2015-10-29 10:30:00,0.65825003
2015-10-30 10:30:00,0.6385375
2015-10-31 10:30:00,0.48553747
2015-11-01 10:30:00,0.4328625
2015-11-02 10:30:00,0.497625
2015-11-03 10:30:00,0.3331625
2015-11-04 10:30:00,0.48419997
2015-11-05 10:30:00,0.4429
2015-11-06 10:30:00,0.55725
2015-11-07 10:30:00,0.506325
2015-11-08 10:30:00,0.6968125
2015-11-09 10:30:00,0.769875
2015-11-10 10:30:00,0.77599996
2015-11-11 10:30:00,0.8328
2015-11-12 10:30:00,0.76006246
2015-11-13 10:30:00,0.76344997
2015-11-14 10:30:00,0.7731125
2015-11-15 10:30:00,0.5065
2015-11-16 10:30:00,0.73971254
2015-11-17 10:30:00,0.69143754
2015-11-18 10:30:00,0.8289875
2015-11-19 10:30:00,0.77223754
2015-11-20 10:30:00,0.7381375
2015-11-21 10:30:00,0.72763747
2015-11-22 10:30:00,0.6857125
2015-11-23 10:30:00,0.65921247
2015-11-24 10:30:00,0.675875
2015-11-25 10:30:00,0.66609997
2015-11-26 10:30:00,0.6992125
2015-11-27 10:30:00,0.7311875
2015-11-28 10:30:00,0.7504125
2015-11-29 10:30:00,0.7563
2015-11-30 10:30:00,0.76323754
2015-12-01 10:30:00,0.831925
2015-12-02 10:30:00,0.79735
2015-12-03 10:30:00,0.696725
2015-12-04 10:30:00,0.67910004
2015-12-05 10:30:00,0.6891625
2015-12-06 10:30:00,0.64059997
2015-12-07 10:30:00,0.7608
2015-12-08 10:30:00,0.7292625
2015-12-09 10:30:00,0.81105
2015-12-10 10:30:00,0.68403745
2015-12-11 10:30:00,0.72078747
2015-12-12 10:30:00,0.6150125
2015-12-13 10:30:00,0.6729125
2015-12-14 10:30:00,0.7283625
2015-12-15 10:30:00,0.68522495
2015-12-16 10:30:00,0.6993374
2015-12-17 10:30:00,0.7341874
2015-12-18 10:30:00,0.75536245
2015-12-19 10:30:00,0.71458745
2015-12-20 10:30:00,0.768625
2015-12-21 10:30:00,0.70796245
2015-12-22 10:30:00,0.69616246
2015-12-23 10:30:00,0.622275
2015-12-24 10:30:00,0.66685
2015-12-25 10:30:00,0.64845
2015-12-26 10:30:00,0.4924875
2015-12-27 10:30:00,0.5299125
2015-12-28 10:30:00,0.62857497
2015-12-29 10:30:00,0.7450625
2015-12-30 10:30:00,0.7287
2015-12-31 10:30:00,0.72841245
2016-01-01 10:30:00,0.70446247
2016-01-02 10:30:00,0.7068875
2016-01-03 10:30:00,0.666925
2016-01-04 10:30:00,0.64959997
2016-01-05 10:30:00,0.677975
2016-01-06 10:30:00,0.6651625
2016-01-07 10:30:00,0.68803746
2016-01-08 10:30:00,0.69686246
2016-01-09 10:30:00,0.65115
2016-01-10 10:30:00,0.5768125
2016-01-11 10:30:00,0.605425
2016-01-12 10:30:00,0.661575
2016-01-13 10:30:00,0.640025
2016-01-14 10:30:00,0.6800625
2016-01-15 10:30:00,0.6918125
2016-01-16 10:30:00,0.64294994
2016-01-17 10:30:00,0.5805
2016-01-18 10:30:00,0.5490375
2016-01-19 10:30:00,0.52963746
2016-01-20 10:30:00,0.58402497
2016-01-21 10:30:00,0.585925
2016-01-22 10:30:00,0.55135
2016-01-23 10:30:00,0.565625
2016-01-24 10:30:00,0.5850125
2016-01-25 10:30:00,0.59243745
2016-01-26 10:30:00,0.5955125
2016-01-27 10:30:00,0.58744997
2016-01-28 10:30:00,0.599225
2016-01-29 10:30:00,0.5622625
2016-01-30 10:30:00,0.5590625
2016-01-31 10:30:00,0.610325
2016-02-01 10:30:00,0.5984875
2016-02-02 10:30:00,0.5845
2016-02-03 10:30:00,0.615175
2016-02-04 10:30:00,0.61255
2016-02-05 10:30:00,0.67129993
2016-02-06 10:30:00,0.6550125
2016-02-07 10:30:00,0.630475
2016-02-08 10:30:00,0.6910125
2016-02-09 10:30:00,0.7456875
2016-02-10 10:30:00,0.689
2016-02-11 10:30:00,0.6308
2016-02-12 10:30:00,0.6077875
2016-02-13 10:30:00,0.55768746
2016-02-14 10:30:00,0.56839997
2016-02-15 10:30:00,0.64046246
2016-02-16 10:30:00,0.640475
2016-02-17 10:30:00,0.6311375
2016-02-18 10:30:00,0.61845
2016-02-19 10:30:00,0.62552494
2016-02-20 10:30:00,0.58896244
2016-02-21 10:30:00,0.49827498
2016-02-22 10:30:00,0.49534997
2016-02-23 10:30:00,0.57427496
2016-02-24 10:30:00,0.5773
2016-02-25 10:30:00,0.597825
2016-02-26 10:30:00,0.51795
2016-02-27 10:30:00,0.574525
2016-02-28 10:30:00,0.571275
2016-02-29 10:30:00,0.58116245
2016-03-01 10:30:00,0.65639997
2016-03-02 10:30:00,0.70705
2016-03-03 10:30:00,0.6558875
2016-03-04 10:30:00,0.7418625
2016-03-05 10:30:00,0.705475
2016-03-06 10:30:00,0.56839997
2016-03-07 10:30:00,0.542
2016-03-08 10:30:00,0.606025
2016-03-09 10:30:00,0.60345
2016-03-10 10:30:00,0.6169
2016-03-11 10:30:00,0.616525
2016-03-12 10:30:00,0.582725
2016-03-13 10:30:00,0.5574875
2016-03-14 10:30:00,0.6199375
2016-03-15 10:30:00,0.5352125
2016-03-16 10:30:00,0.4138875
2016-03-17 10:30:00,0.5033375
2016-03-18 10:30:00,0.6461
2016-03-19 10:30:00,0.58867496
2016-03-20 10:30:00,0.4775
2016-03-21 10:30:00,0.57827497
2016-03-22 10:30:00,0.43041247
2016-03-23 10:30:00,0.43693748
2016-03-24 10:30:00,0.409775
2016-03-25 10:30:00,0.44435
2016-03-26 10:30:00,0.392725
2016-03-27 10:30:00,0.3092
2016-03-28 10:30:00,0.38041252
2016-03-29 10:30:00,0.5787625
2016-03-30 10:30:00,0.3623875
2016-03-31 10:30:00,0.451925
2016-04-01 10:30:00,0.664
2016-04-02 10:30:00,0.48338747
2016-04-03 10:30:00,0.536725
2016-04-04 10:30:00,0.5269125
2016-04-05 10:30:00,0.4791875
2016-04-06 10:30:00,0.436175
2016-04-07 10:30:00,0.26929998
2016-04-08 10:30:00,0.25605
2016-04-09 10:30:00,0.288175
2016-04-10 10:30:00,0.41658747
2016-04-11 10:30:00,0.43544996
2016-04-12 10:30:00,0.3641875
2016-04-13 10:30:00,0.895575
2016-04-14 10:30:00,0.5609875
2016-04-15 10:30:00,0.71099997
2016-04-16 10:30:00,0.83875
2016-04-17 10:30:00,0.6019875
2016-04-18 10:30:00,0.598575
2016-04-19 10:30:00,0.34278747
2016-04-20 10:30:00,0.38678747
2016-04-21 10:30:00,0.4911375
2016-04-22 10:30:00,0.62198746
2016-04-23 10:30:00,0.43783748
2016-04-24 10:30:00,0.557825
2016-04-25 10:30:00,0.43337497
2016-04-26 10:30:00,0.569025
2016-04-27 10:30:00,0.7678875
2016-04-28 10:30:00,0.45183748
2016-04-29 10:30:00,0.606375
2016-04-30 10:30:00,0.4827
2016-05-01 10:30:00,0.79770005
2016-05-02 10:30:00,0.45208752
2016-05-03 10:30:00,0.29091248
2016-05-04 10:30:00,0.1813625
2016-05-05 10:30:00,0.32077497
2016-05-06 10:30:00,0.6165375
2016-05-07 10:30:00,0.227075
2016-05-08 10:30:00,0.3941125
2016-05-09 10:30:00,0.33947498
2016-05-10 10:30:00,0.16911249
2016-05-11 10:30:00,0.64371246
2016-05-12 10:30:00,0.33935001
2016-05-13 10:30:00,0.193925
2016-05-14 10:30:00,0.435875
2016-05-15 10:30:00,0.367275
2016-05-16 10:30:00,0.2964875
2016-05-17 10:30:00,0.097775
2016-05-18 10:30:00,0.19803749
2016-05-19 10:30:00,0.2115875
2016-05-20 10:30:00,0.4079
2016-05-21 10:30:00,0.3459875
2016-05-22 10:30:00,0.362975
2016-05-23 10:30:00,0.643475
2016-05-24 10:30:00,0.82084996
2016-05-25 10:30:00,0.62471247
2016-05-26 10:30:00,0.446375
2016-05-27 10:30:00,0.33884996
2016-05-28 10:30:00,0.3815
2016-05-29 10:30:00,0.4636
2016-05-30 10:30:00,0.5922125
2016-05-31 10:30:00,0.5427
2016-06-01 10:30:00,0.5103125
2016-06-02 10:30:00,0.5012625
2016-06-03 10:30:00,0.45363748
2016-06-04 10:30:00,0.40119997
2016-06-05 10:30:00,0.5176875
2016-06-06 10:30:00,0.47362497
2016-06-07 10:30:00,0.604775
2016-06-08 10:30:00,0.55645
2016-06-09 10:30:00,0.735175
2016-06-10 10:30:00,0.888675
2016-06-11 10:30:00,0.6624625
2016-06-12 10:30:00,0.74495
2016-06-13 10:30:00,0.65127504
2016-06-14 10:30:00,0.613875
2016-06-15 10:30:00,0.5567125
2016-06-16 10:30:00,0.74326247
2016-06-17 10:30:00,0.74402505
2016-06-18 10:30:00,0.73285
2016-06-19 10:30:00,0.6837625
2016-06-20 10:30:00,0.60994995
2016-06-21 10:30:00,0.6076875
2016-06-22 10:30:00,0.8970375
2016-06-23 10:30:00,0.72566247
2016-06-24 10:30:00,0.64449996
2016-06-25 10:30:00,0.612825
2016-06-26 10:30:00,0.5117
2016-06-27 10:30:00,0.66307503
2016-06-28 10:30:00,0.79847497
2016-06-29 10:30:00,0.911425
2016-06-30 10:30:00,0.78378755
2016-07-01 10:30:00,0.6017
2016-07-02 10:30:00,0.66268754
2016-07-03 10:30:00,0.6031
2016-07-04 10:30:00,0.47733748
2016-07-05 10:30:00,0.4772875
2016-07-06 10:30:00,0.56193745
2016-07-07 10:30:00,0.636075
2016-07-08 10:30:00,0.69123745
2016-07-09 10:30:00,0.69404995
2016-07-10 10:30:00,0.44412497
2016-07-11 10:30:00,0.6888875
2016-07-12 10:30:00,0.598475
2016-07-13 10:30:00,0.5618375
2016-07-14 10:30:00,0.61381245
2016-07-15 10:30:00,0.5653875
2016-07-16 10:30:00,0.557175
2016-07-17 10:30:00,0.5793375
2016-07-18 10:30:00,0.43972498
2016-07-19 10:30:00,0.7078875
2016-07-20 10:30:00,0.72728753
2016-07-21 10:30:00,0.7794
2016-07-22 10:30:00,0.96841246
2016-07-23 10:30:00,0.7592375
2016-07-24 10:30:00,0.6508375
2016-07-25 10:30:00,0.67261255
2016-07-26 10:30:00,0.6875875
2016-07-27 10:30:00,0.691425
2016-07-28 10:30:00,0.72375
2016-07-29 10:30:00,0.65248746
2016-07-30 10:30:00,0.7625125
2016-07-31 10:30:00,0.74631244
2016-08-01 10:30:00,0.612225
2016-08-02 10:30:00,0.5344
2016-08-03 10:30:00,0.5341125
2016-08-04 10:30:00,0.5534
2016-08-05 10:30:00,0.7073375
2016-08-06 10:30:00,0.74324995
2016-08-07 10:30:00,0.5565625
2016-08-08 10:30:00,0.50764996
2016-08-09 10:30:00,0.73061246
2016-08-10 10:30:00,0.62175
2016-08-11 10:30:00,0.452825
2016-08-12 10:30:00,0.433325
2016-08-13 10:30:00,0.5450875
2016-08-14 10:30:00,0.6416625
2016-08-15 10:30:00,0.5814125
2016-08-16 10:30:00,0.6985
2016-08-17 10:30:00,0.6012
2016-08-18 10:30:00,0.6158375
2016-08-19 10:30:00,0.63053745
2016-08-20 10:30:00,0.73645
2016-08-21 10:30:00,0.71927494
2016-08-22 10:30:00,0.6004625
2016-08-23 10:30:00,0.80974996
2016-08-24 10:30:00,0.629575
2016-08-25 10:30:00,0.48576248
2016-08-26 10:30:00,0.60254997
2016-08-27 10:30:00,0.558525
2016-08-28 10:30:00,0.52108747
2016-08-29 10:30:00,0.55615
2016-08-30 10:30:00,0.4267875
2016-08-31 10:30:00,0.84066254
2016-09-01 10:30:00,0.86445
2016-09-02 10:30:00,0.863525
2016-09-03 10:30:00,0.8348375
2016-09-04 10:30:00,0.9204875
2016-09-05 10:30:00,0.846575
2016-09-06 10:30:00,0.8036125
2016-09-07 10:30:00,0.7003375
2016-09-08 10:30:00,0.81974995
2016-09-09 10:30:00,0.90558743
2016-09-10 10:30:00,0.84748745
2016-09-11 10:30:00,0.74525
2016-09-12 10:30:00,0.80183744
2016-09-13 10:30:00,0.7822875
2016-09-14 10:30:00,0.83003753
2016-09-15 10:30:00,0.61155
2016-09-16 10:30:00,0.74606246
2016-09-17 10:30:00,0.85565
2016-09-18 10:30:00,0.65405
2016-09-19 10:30:00,0.59543747
2016-09-20 10:30:00,0.6061625
2016-09-21 10:30:00,0.5859875
2016-09-22 10:30:00,0.790875
2016-09-23 10:30:00,0.7743125
2016-09-24 10:30:00,0.71695
2016-09-25 10:30:00,0.62785
2016-09-26 10:30:00,0.7673625
2016-09-27 10:30:00,0.79214996
2016-09-28 10:30:00,0.6290625
2016-09-29 10:30:00,0.63756245
2016-09-30 10:30:00,0.62944996
2016-10-01 10:30:00,0.56357497
2016-10-02 10:30:00,0.62334996
2016-10-03 10:30:00,0.61982495
2016-10-04 10:30:00,0.6544125
2016-10-05 10:30:00,0.56092495
2016-10-06 10:30:00,0.5373375
2016-10-07 10:30:00,0.86109996
2016-10-08 10:30:00,0.6990125
2016-10-09 10:30:00,0.6488375
2016-10-10 10:30:00,0.60856247
2016-10-11 10:30:00,0.589925
2016-10-12 10:30:00,0.64771247
2016-10-13 10:30:00,0.63659996
2016-10-14 10:30:00,0.58576244
2016-10-15 10:30:00,0.5466875
2016-10-16 10:30:00,0.65449995
2016-10-17 10:30:00,0.59865
2016-10-18 10:30:00,0.4888
2016-10-19 10:30:00,0.6175125
2016-10-20 10:30:00,0.4587625
2016-10-21 10:30:00,0.7665875
2016-10-22 10:30:00,0.54697496
2016-10-23 10:30:00,0.5312125
2016-10-24 10:30:00,0.58205
2016-10-25 10:30:00,0.63116246
2016-10-26 10:30:00,0.6060625
2016-10-27 10:30:00,0.6082375
2016-10-28 10:30:00,0.6410875
2016-10-29 10:30:00,0.565675
2016-10-30 10:30:00,0.57783747
2016-10-31 10:30:00,0.54755
2016-11-01 10:30:00,0.5368625
2016-11-02 10:30:00,0.62413746
2016-11-03 10:30:00,0.7310875
2016-11-04 10:30:00,0.79870003
2016-11-05 10:30:00,0.7019375
2016-11-06 10:30:00,0.72948754
2016-11-07 10:30:00,0.699
2016-11-08 10:30:00,0.620125
2016-11-09 10:30:00,0.66232497
2016-11-10 10:30:00,0.7379
2016-11-11 10:30:00,0.6429375
2016-11-12 10:30:00,0.64879996
2016-11-13 10:30:00,0.78919995
2016-11-14 10:30:00,0.64998746
2016-11-15 10:30:00,0.71297497
2016-11-16 10:30:00,0.67805
2016-11-17 10:30:00,0.6571375
2016-11-18 10:30:00,0.76858747
2016-11-19 10:30:00,0.630575
2016-11-20 10:30:00,0.5880625
2016-11-21 10:30:00,0.6064125
2016-11-22 10:30:00,0.6555
2016-11-23 10:30:00,0.6184
2016-11-24 10:30:00,0.68823755
2016-11-25 10:30:00,0.706225
2016-11-26 10:30:00,0.65697503
2016-11-27 10:30:00,0.6742625
2016-11-28 10:30:00,0.670475
2016-11-29 10:30:00,0.70576245
2016-11-30 10:30:00,0.6366875
2016-12-01 10:30:00,0.593925
2016-12-02 10:30:00,0.6731375
2016-12-03 10:30:00,0.607975
2016-12-04 10:30:00,0.611775
2016-12-05 10:30:00,0.69581246
2016-12-06 10:30:00,0.67043746
2016-12-07 10:30:00,0.6976
2016-12-08 10:30:00,0.65758747
2016-12-09 10:30:00,0.63076246
2016-12-10 10:30:00,0.6557125
2016-12-11 10:30:00,0.635325
2016-12-12 10:30:00,0.63259995
2016-12-13 10:30:00,0.6165375
2016-12-14 10:30:00,0.581925
2016-12-15 10:30:00,0.59599996
2016-12-16 10:30:00,0.6464499
2016-12-17 10:30:00,0.6271375
2016-12-18 10:30:00,0.7203375
2016-12-19 10:30:00,0.73263747
2016-12-20 10:30:00,0.6624375
2016-12-21 10:30:00,0.74246246
2016-12-22 10:30:00,0.598225
2016-12-23 10:30:00,0.6376375
2016-12-24 10:30:00,0.66949993
2016-12-25 10:30:00,0.6026125
2016-12-26 10:30:00,0.51046246
2016-12-27 10:30:00,0.5859125
2016-12-28 10:30:00,0.5611625
2016-12-29 10:30:00,0.603225
2016-12-30 10:30:00,0.6446875
2016-12-31 10:30:00,0.67583746
2017-01-01 10:30:00,0.69857496
2017-01-02 10:30:00,0.69020003
2017-01-03 10:30:00,0.6068125
2017-01-04 10:30:00,0.6665625
2017-01-05 10:30:00,0.6913875
2017-01-06 10:30:00,0.602125
2017-01-07 10:30:00,0.68918747
2017-01-08 10:30:00,0.59239995
2017-01-09 10:30:00,0.5433125
2017-01-10 10:30:00,0.5682875
2017-01-11 10:30:00,0.55122495
2017-01-12 10:30:00,0.5096625
2017-01-13 10:30:00,0.5581
2017-01-14 10:30:00,0.61974996
2017-01-15 10:30:00,0.54354995
2017-01-16 10:30:00,0.62831247
2017-01-17 10:30:00,0.66620004
2017-01-18 10:30:00,0.5851125
2017-01-19 10:30:00,0.57348746
2017-01-20 10:30:00,0.55955
2017-01-21 10:30:00,0.5610375
2017-01-22 10:30:00,0.5495875
2017-01-23 10:30:00,0.480825
2017-01-24 10:30:00,0.579625
2017-01-25 10:30:00,0.61637497
2017-01-26 10:30:00,0.5795375
2017-01-27 10:30:00,0.59814996
2017-01-28 10:30:00,0.6195
2017-01-29 10:30:00,0.538025
2017-01-30 10:30:00,0.54004997
2017-01-31 10:30:00,0.5114625
2017-02-01 10:30:00,0.51805
2017-02-02 10:30:00,0.56325
2017-02-03 10:30:00,0.62721246
2017-02-04 10:30:00,0.573175
2017-02-05 10:30:00,0.6089375
2017-02-06 10:30:00,0.55903745
2017-02-07 10:30:00,0.594375
2017-02-08 10:30:00,0.5569625
2017-02-09 10:30:00,0.5699125
2017-02-10 10:30:00,0.5238
2017-02-11 10:30:00,0.4565625
2017-02-12 10:30:00,0.4679375
2017-02-13 10:30:00,0.55
2017-02-14 10:30:00,0.53870004
2017-02-15 10:30:00,0.55772495
2017-02-16 10:30:00,0.529225
2017-02-17 10:30:00,0.45956248
2017-02-18 10:30:00,0.43576252
2017-02-19 10:30:00,0.6042375
2017-02-20 10:30:00,0.5734625
2017-02-21 10:30:00,0.64357495
2017-02-22 10:30:00,0.5564875
2017-02-23 10:30:00,0.5839
2017-02-24 10:30:00,0.66255
2017-02-25 10:30:00,0.6415125
2017-02-26 10:30:00,0.6645375
2017-02-27 10:30:00,0.62974995
2017-02-28 10:30:00,0.56175
2017-03-01 10:30:00,0.522
2017-03-02 10:30:00,0.532825
2017-03-03 10:30:00,0.569925
2017-03-04 10:30:00,0.4651625
2017-03-05 10:30:00,0.51506245
2017-03-06 10:30:00,0.5369
2017-03-07 10:30:00,0.5833
2017-03-08 10:30:00,0.5705875
2017-03-09 10:30:00,0.6055375
2017-03-10 10:30:00,0.5310125
2017-03-11 10:30:00,0.5998875
2017-03-12 10:30:00,0.514125
2017-03-13 10:30:00,0.5295625
2017-03-14 10:30:00,0.56818753
2017-03-15 10:30:00,0.564325
2017-03-16 10:30:00,0.53526247
2017-03-17 10:30:00,0.38364998
2017-03-18 10:30:00,0.466025
2017-03-19 10:30:00,0.4282875
2017-03-20 10:30:00,0.56172496
2017-03-21 10:30:00,0.49330002
2017-03-22 10:30:00,0.5087875
2017-03-23 10:30:00,0.4998875
2017-03-24 10:30:00,0.4309875
2017-03-25 10:30:00,0.45113748
2017-03-26 10:30:00,0.50932497
2017-03-27 10:30:00,0.500425
2017-03-28 10:30:00,0.484125
2017-03-29 10:30:00,0.45971248
2017-03-30 10:30:00,0.5181625
2017-03-31 10:30:00,0.387375
2017-04-01 10:30:00,0.3680875
2017-04-02 10:30:00,0.3778
2017-04-03 10:30:00,0.34794998
2017-04-04 10:30:00,0.3059125
2017-04-05 10:30:00,0.3950375
2017-04-06 10:30:00,0.5154375
2017-04-07 10:30:00,0.44443747
2017-04-08 10:30:00,0.401375
2017-04-09 10:30:00,0.2725875
2017-04-10 10:30:00,0.292275
2017-04-11 10:30:00,0.2977375
2017-04-12 10:30:00,0.280025
2017-04-13 10:30:00,0.2769875
2017-04-14 10:30:00,0.27034998
2017-04-15 10:30:00,0.20616251
2017-04-16 10:30:00,0.37525
2017-04-17 10:30:00,0.59596246
2017-04-18 10:30:00,0.54921246
2017-04-19 10:30:00,0.45378748
2017-04-20 10:30:00,0.397625
2017-04-21 10:30:00,0.2374
2017-04-22 10:30:00,0.3214125
2017-04-23 10:30:00,0.4237625
2017-04-24 10:30:00,0.7076875
2017-04-25 10:30:00,0.6979875
2017-04-26 10:30:00,0.43682498
2017-04-27 10:30:00,0.32991248
2017-04-28 10:30:00,0.2652875
2017-04-29 10:30:00,0.24604999
2017-04-30 10:30:00,0.3412875
2017-05-01 10:30:00,0.151925
2017-05-02 10:30:00,0.1965875
2017-05-03 10:30:00,0.3504875
2017-05-04 10:30:00,0.39443746
2017-05-05 10:30:00,0.6729625
2017-05-06 10:30:00,0.342125
2017-05-07 10:30:00,0.533225
2017-05-08 10:30:00,0.19382499
2017-05-09 10:30:00,0.27636248
2017-05-10 10:30:00,0.2613875
2017-05-11 10:30:00,0.5923375
2017-05-12 10:30:00,0.579325
2017-05-13 10:30:00,0.5988125
2017-05-14 10:30:00,0.5190875
2017-05-15 10:30:00,0.34967497
2017-05-16 10:30:00,0.43298748
2017-05-17 10:30:00,0.37451246
2017-05-18 10:30:00,0.146975
2017-05-19 10:30:00,0.3216125
2017-05-20 10:30:00,0.64448744
2017-05-21 10:30:00,0.79311246
2017-05-22 10:30:00,0.6121875
2017-05-23 10:30:00,0.459725
2017-05-24 10:30:00,0.4234125
2017-05-25 10:30:00,0.3869625
2017-05-26 10:30:00,0.34561247
2017-05-27 10:30:00,0.3084375
2017-05-28 10:30:00,0.25055
2017-05-29 10:30:00,0.3078625
2017-05-30 10:30:00,0.2910125
2017-05-31 10:30:00,0.3444875
2017-06-01 10:30:00,0.4612875
2017-06-02 10:30:00,0.6805875
2017-06-03 10:30:00,0.4804375
2017-06-04 10:30:00,0.4277375
2017-06-05 10:30:00,0.24164999
2017-06-06 10:30:00,0.636925
2017-06-07 10:30:00,0.50525
2017-06-08 10:30:00,0.40377498
2017-06-09 10:30:00,0.397575
2017-06-10 10:30:00,0.4629375
2017-06-11 10:30:00,0.5462625
2017-06-12 10:30:00,0.545
2017-06-13 10:30:00,0.3520625
2017-06-14 10:30:00,0.32823747
2017-06-15 10:30:00,0.48468748
2017-06-16 10:30:00,0.38517496
2017-06-17 10:30:00,0.49420002
2017-06-18 10:30:00,0.564075
2017-06-19 10:30:00,0.5689125
2017-06-20 10:30:00,0.76694995
2017-06-21 10:30:00,0.77771246
2017-06-22 10:30:00,0.4906625
2017-06-23 10:30:00,0.41959998
2017-06-24 10:30:00,0.535975
2017-06-25 10:30:00,0.5388875
2017-06-26 10:30:00,0.605375
2017-06-27 10:30:00,0.5361625
2017-06-28 10:30:00,0.50554997
2017-06-29 10:30:00,0.54566246
2017-06-30 10:30:00,0.58276254
2017-07-01 10:30:00,0.562925
2017-07-02 10:30:00,0.65029997
2017-07-03 10:30:00,0.49342498
2017-07-04 10:30:00,0.38705
2017-07-05 10:30:00,0.531825
2017-07-06 10:30:00,0.6339875
2017-07-07 10:30:00,0.7824624
2017-07-08 10:30:00,0.84087497
2017-07-09 10:30:00,0.7144625
2017-07-10 10:30:00,0.7641125
2017-07-11 10:30:00,0.5812625
2017-07-12 10:30:00,0.5309
2017-07-13 10:30:00,0.47948748
2017-07-14 10:30:00,0.4663375
2017-07-15 10:30:00,0.599275
2017-07-16 10:30:00,0.56518745
2017-07-17 10:30:00,0.5244375
2017-07-18 10:30:00,0.54772496
2017-07-19 10:30:00,0.5489875
2017-07-20 10:30:00,0.83621246
2017-07-21 10:30:00,0.5761875
2017-07-22 10:30:00,0.52954996
2017-07-23 10:30:00,0.6423875
2017-07-24 10:30:00,0.4977
2017-07-25 10:30:00,0.4439875
2017-07-26 10:30:00,0.856575
2017-07-27 10:30:00,0.66885
2017-07-28 10:30:00,0.526925
2017-07-29 10:30:00,0.783225
2017-07-30 10:30:00,0.8559375
2017-07-31 10:30:00,0.6707125
2017-08-01 10:30:00,0.8526125
2017-08-02 10:30:00,0.899175
2017-08-03 10:30:00,0.8539625
2017-08-04 10:30:00,0.811175
2017-08-05 10:30:00,0.7529249
2017-08-06 10:30:00,0.74895
2017-08-07 10:30:00,0.7725
2017-08-08 10:30:00,0.770625
2017-08-09 10:30:00,0.8484375
2017-08-10 10:30:00,0.8799
2017-08-11 10:30:00,0.82034993
2017-08-12 10:30:00,0.77166253
2017-08-13 10:30:00,0.84775
2017-08-14 10:30:00,0.786025
2017-08-15 10:30:00,0.917875
2017-08-16 10:30:00,0.87466246
2017-08-17 10:30:00,0.8187125
2017-08-18 10:30:00,0.798625
2017-08-19 10:30:00,0.77785003
2017-08-20 10:30:00,0.77965
2017-08-21 10:30:00,0.62642497
2017-08-22 10:30:00,0.6729124
2017-08-23 10:30:00,0.61864996
2017-08-24 10:30:00,0.51895
2017-08-25 10:30:00,0.558525
2017-08-26 10:30:00,0.5579125
2017-08-27 10:30:00,0.54658747
2017-08-28 10:30:00,0.428675
2017-08-29 10:30:00,0.424475
2017-08-30 10:30:00,0.579875
2017-08-31 10:30:00,0.6331
2017-09-01 10:30:00,0.63366246
2017-09-02 10:30:00,0.6488375
2017-09-03 10:30:00,0.848125
2017-09-04 10:30:00,0.76595
2017-09-05 10:30:00,0.77981246
2017-09-06 10:30:00,0.65999997
2017-09-07 10:30:00,0.63374996
2017-09-08 10:30:00,0.6311
2017-09-09 10:30:00,0.64687496
2017-09-10 10:30:00,0.781325
2017-09-11 10:30:00,0.48459998
2017-09-12 10:30:00,0.664925
2017-09-13 10:30:00,0.6550875
2017-09-14 10:30:00,0.63546246
2017-09-15 10:30:00,0.891
2017-09-16 10:30:00,0.76536256
2017-09-17 10:30:00,0.699875
2017-09-18 10:30:00,0.68957496
2017-09-19 10:30:00,0.7189125
2017-09-20 10:30:00,0.6142375
2017-09-21 10:30:00,0.42569998
2017-09-22 10:30:00,0.51432496
2017-09-23 10:30:00,0.3891125
2017-09-24 10:30:00,0.541325
2017-09-25 10:30:00,0.5238125
2017-09-26 10:30:00,0.421525
2017-09-27 10:30:00,0.355075
2017-09-28 10:30:00,0.42197502
2017-09-29 10:30:00,0.41718748
2017-09-30 10:30:00,0.360625
2017-10-01 10:30:00,0.46345
2017-10-02 10:30:00,0.37568748
2017-10-03 10:30:00,0.45682502
2017-10-04 10:30:00,0.3015875
2017-10-05 10:30:00,0.441575
2017-10-06 10:30:00,0.51585
2017-10-07 10:30:00,0.5356625
2017-10-08 10:30:00,0.8874375
2017-10-09 10:30:00,0.6874875
2017-10-10 10:30:00,0.58059996
2017-10-11 10:30:00,0.7042375
2017-10-12 10:30:00,0.571375
2017-10-13 10:30:00,0.52517503
2017-10-14 10:30:00,0.531025
2017-10-15 10:30:00,0.585975
2017-10-16 10:30:00,0.45279998
2017-10-17 10:30:00,0.36849996
2017-10-18 10:30:00,0.357875
2017-10-19 10:30:00,0.4849625
2017-10-20 10:30:00,0.5088625
2017-10-21 10:30:00,0.45025
2017-10-22 10:30:00,0.5358375
2017-10-23 10:30:00,0.50264996
2017-10-24 10:30:00,0.45796248
2017-10-25 10:30:00,0.47527498
2017-10-26 10:30:00,0.4942625
2017-10-27 10:30:00,0.48748747
2017-10-28 10:30:00,0.5025375
2017-10-29 10:30:00,0.51291245
2017-10-30 10:30:00,0.32209998
2017-10-31 10:30:00,0.428175
2017-11-01 10:30:00,0.5193375
2017-11-02 10:30:00,0.61115
2017-11-03 10:30:00,0.4785625
2017-11-04 10:30:00,0.422775
2017-11-05 10:30:00,0.4208125
2017-11-06 10:30:00,0.595675
2017-11-07 10:30:00,0.76465005
2017-11-08 10:30:00,0.732775
2017-11-09 10:30:00,0.66065
2017-11-10 10:30:00,0.5472125
2017-11-11 10:30:00,0.50675
2017-11-12 10:30:00,0.568175
2017-11-13 10:30:00,0.5631375
2017-11-14 10:30:00,0.51954997
2017-11-15 10:30:00,0.52998745
2017-11-16 10:30:00,0.52279997
2017-11-17 10:30:00,0.56915
2017-11-18 10:30:00,0.551525
2017-11-19 10:30:00,0.62195
2017-11-20 10:30:00,0.6441375
2017-11-21 10:30:00,0.5782
2017-11-22 10:30:00,0.5939125
2017-11-23 10:30:00,0.472275
2017-11-24 10:30:00,0.5562625
2017-11-25 10:30:00,0.5661875
2017-11-26 10:30:00,0.498675
2017-11-27 10:30:00,0.47768748
2017-11-28 10:30:00,0.43044996
2017-11-29 10:30:00,0.43296248
2017-11-30 10:30:00,0.535825
2017-12-01 10:30:00,0.5879
2017-12-02 10:30:00,0.62452495
2017-12-03 10:30:00,0.5605625
2017-12-04 10:30:00,0.56545
2017-12-05 10:30:00,0.68513745
2017-12-06 10:30:00,0.6020375
2017-12-07 10:30:00,0.565125
2017-12-08 10:30:00,0.6461
2017-12-09 10:30:00,0.594225
2017-12-10 10:30:00,0.48283747
2017-12-11 10:30:00,0.4930625
2017-12-12 10:30:00,0.4514625
2017-12-13 10:30:00,0.4984125
2017-12-14 10:30:00,0.5577
2017-12-15 10:30:00,0.5787875
2017-12-16 10:30:00,0.5549125
2017-12-17 10:30:00,0.6208375
2017-12-18 10:30:00,0.532375
2017-12-19 10:30:00,0.6282
2017-12-20 10:30:00,0.61775
2017-12-21 10:30:00,0.519175
2017-12-22 10:30:00,0.5526125
2017-12-23 10:30:00,0.61295
2017-12-24 10:30:00,0.63664997
2017-12-25 10:30:00,0.5803125
2017-12-26 10:30:00,0.467075
2017-12-27 10:30:00,0.64004993
2017-12-28 10:30:00,0.6402625
2017-12-29 10:30:00,0.57164997
2017-12-30 10:30:00,0.655025
2017-12-31 10:30:00,0.5947125
2018-01-01 10:30:00,0.5659125
2018-01-02 10:30:00,0.5935125
2018-01-03 10:30:00,0.5566125
2018-01-04 10:30:00,0.5010625
2018-01-05 10:30:00,0.6210625
2018-01-06 10:30:00,0.57855
2018-01-07 10:30:00,0.61115
2018-01-08 10:30:00,0.642675
2018-01-09 10:30:00,0.5346125
2018-01-10 10:30:00,0.46186247
2018-01-11 10:30:00,0.48294997
2018-01-12 10:30:00,0.596375
2018-01-13 10:30:00,0.6257875
2018-01-14 10:30:00,0.57615
2018-01-15 10:30:00,0.6636125
2018-01-16 10:30:00,0.67770004
2018-01-17 10:30:00,0.597075
2018-01-18 10:30:00,0.5858375
2018-01-19 10:30:00,0.49927497
2018-01-20 10:30:00,0.47437498
2018-01-21 10:30:00,0.46533749
2018-01-22 10:30:00,0.4880625
2018-01-23 10:30:00,0.496225
2018-01-24 10:30:00,0.48439997
2018-01-25 10:30:00,0.4483125
2018-01-26 10:30:00,0.44224998
2018-01-27 10:30:00,0.4634375
2018-01-28 10:30:00,0.5234125
2018-01-29 10:30:00,0.59674996
2018-01-30 10:30:00,0.5639125
2018-01-31 10:30:00,0.5893125
2018-02-01 10:30:00,0.551125
2018-02-02 10:30:00,0.51525
2018-02-03 10:30:00,0.52357495
2018-02-04 10:30:00,0.5181375
2018-02-05 10:30:00,0.4905375
2018-02-06 10:30:00,0.5010125
2018-02-07 10:30:00,0.54526246
2018-02-08 10:30:00,0.5634125
2018-02-09 10:30:00,0.53029996
2018-02-10 10:30:00,0.489975
2018-02-11 10:30:00,0.52248746
2018-02-12 10:30:00,0.5183375
2018-02-13 10:30:00,0.551475
2018-02-14 10:30:00,0.5383875
2018-02-15 10:30:00,0.539
2018-02-16 10:30:00,0.467275
2018-02-17 10:30:00,0.428675
2018-02-18 10:30:00,0.4756625
2018-02-19 10:30:00,0.541725
2018-02-20 10:30:00,0.55721253
2018-02-21 10:30:00,0.5975125
2018-02-22 10:30:00,0.5850875
2018-02-23 10:30:00,0.5094625
2018-02-24 10:30:00,0.5146625
2018-02-25 10:30:00,0.5504375
2018-02-26 10:30:00,0.68176246
2018-02-27 10:30:00,0.6501625
2018-02-28 10:30:00,0.688775
2018-03-01 10:30:00,0.58755
2018-03-02 10:30:00,0.4918875
2018-03-03 10:30:00,0.6287625
2018-03-04 10:30:00,0.54676247
2018-03-05 10:30:00,0.5374375
2018-03-06 10:30:00,0.51545
2018-03-07 10:30:00,0.5382125
2018-03-08 10:30:00,0.50505
2018-03-09 10:30:00,0.5188125
2018-03-10 10:30:00,0.6142375
2018-03-11 10:30:00,0.553175
2018-03-12 10:30:00,0.6669625
2018-03-13 10:30:00,0.60461247
2018-03-14 10:30:00,0.6649625
2018-03-15 10:30:00,0.4625375
2018-03-16 10:30:00,0.45482498
2018-03-17 10:30:00,0.4267875
2018-03-18 10:30:00,0.44099998
2018-03-19 10:30:00,0.39814997
2018-03-20 10:30:00,0.612075
2018-03-21 10:30:00,0.51511246
2018-03-22 10:30:00,0.3691
2018-03-23 10:30:00,0.34553748
2018-03-24 10:30:00,0.37127498
2018-03-25 10:30:00,0.2571
2018-03-26 10:30:00,0.2525375
2018-03-27 10:30:00,0.3649625
2018-03-28 10:30:00,0.3626125
2018-03-29 10:30:00,0.3336125
2018-03-30 10:30:00,0.41763747
2018-03-31 10:30:00,0.43952498
2018-04-01 10:30:00,0.336325
2018-04-02 10:30:00,0.2618875
2018-04-03 10:30:00,0.28815
2018-04-04 10:30:00,0.2200875
2018-04-05 10:30:00,0.53706247
2018-04-06 10:30:00,0.3471875
2018-04-07 10:30:00,0.32924998
2018-04-08 10:30:00,0.34722498
2018-04-09 10:30:00,0.3554625
2018-04-10 10:30:00,0.463725
2018-04-11 10:30:00,0.3655125
2018-04-12 10:30:00,0.3358375
2018-04-13 10:30:00,0.72398746
2018-04-14 10:30:00,0.80279994
2018-04-15 10:30:00,0.4481125
2018-04-16 10:30:00,0.24657498
2018-04-17 10:30:00,0.43781248
2018-04-18 10:30:00,0.62264997
2018-04-19 10:30:00,0.36537498
2018-04-20 10:30:00,0.74213743
2018-04-21 10:30:00,0.58
2018-04-22 10:30:00,0.47079998
2018-04-23 10:30:00,0.4194625
2018-04-24 10:30:00,0.2852125
2018-04-25 10:30:00,0.2615125
2018-04-26 10:30:00,0.31373748
2018-04-27 10:30:00,0.30226249
2018-04-28 10:30:00,0.34665
2018-04-29 10:30:00,0.39319998
2018-04-30 10:30:00,0.39145
2018-05-01 10:30:00,0.4578875
2018-05-02 10:30:00,0.43346247
2018-05-03 10:30:00,0.309975
2018-05-04 10:30:00,0.2516
2018-05-05 10:30:00,0.18204999
2018-05-06 10:30:00,0.3792125
2018-05-07 10:30:00,0.47393748
2018-05-08 10:30:00,0.358675
2018-05-09 10:30:00,0.3144
2018-05-10 10:30:00,0.4451
2018-05-11 10:30:00,0.3090125
2018-05-12 10:30:00,0.3169625
2018-05-13 10:30:00,0.44108748
2018-05-14 10:30:00,0.3205
2018-05-15 10:30:00,0.51046246
2018-05-16 10:30:00,0.577475
2018-05-17 10:30:00,0.44435
2018-05-18 10:30:00,0.373125
2018-05-19 10:30:00,0.2618875
2018-05-20 10:30:00,0.6650875
2018-05-21 10:30:00,0.5592625
2018-05-22 10:30:00,0.7039374
2018-05-23 10:30:00,0.509525
2018-05-24 10:30:00,0.5490875
2018-05-25 10:30:00,0.47627497
2018-05-26 10:30:00,0.5705875
2018-05-27 10:30:00,0.6602749
2018-05-28 10:30:00,0.74442494
2018-05-29 10:30:00,0.78327495
2018-05-30 10:30:00,0.52753747
2018-05-31 10:30:00,0.3160625
2018-06-01 10:30:00,0.20593749
2018-06-02 10:30:00,0.203375
2018-06-03 10:30:00,0.41248748
2018-06-04 10:30:00,0.6165125
2018-06-05 10:30:00,0.6300125
2018-06-06 10:30:00,0.62154996
2018-06-07 10:30:00,0.7094875
2018-06-08 10:30:00,0.61846244
2018-06-09 10:30:00,0.7208875
2018-06-10 10:30:00,0.5712875
2018-06-11 10:30:00,0.7244625
2018-06-12 10:30:00,0.766275
2018-06-13 10:30:00,0.7522
2018-06-14 10:30:00,0.74732494
2018-06-15 10:30:00,0.85678744
2018-06-16 10:30:00,0.6850375
2018-06-17 10:30:00,0.5644125
2018-06-18 10:30:00,0.7212
2018-06-19 10:30:00,0.52355
2018-06-20 10:30:00,0.560975
2018-06-21 10:30:00,0.4531
2018-06-22 10:30:00,0.53986245
2018-06-23 10:30:00,0.521625
2018-06-24 10:30:00,0.74995
2018-06-25 10:30:00,0.7228375
2018-06-26 10:30:00,0.7155625
2018-06-27 10:30:00,0.721625
2018-06-28 10:30:00,0.5759625
2018-06-29 10:30:00,0.5699125
2018-06-30 10:30:00,0.5568625
2018-07-01 10:30:00,0.54026246
2018-07-02 10:30:00,0.545675
2018-07-03 10:30:00,0.7904875
2018-07-04 10:30:00,0.92992496
2018-07-05 10:30:00,0.8491
2018-07-06 10:30:00,0.79421246
2018-07-07 10:30:00,0.94535
2018-07-08 10:30:00,0.71433747
2018-07-09 10:30:00,0.6152
2018-07-10 10:30:00,0.7418
2018-07-11 10:30:00,0.870975
2018-07-12 10:30:00,0.6671875
2018-07-13 10:30:00,0.61707497
2018-07-14 10:30:00,0.623675
2018-07-15 10:30:00,0.6270625
2018-07-16 10:30:00,0.9023625
2018-07-17 10:30:00,0.83336246
2018-07-18 10:30:00,0.77818745
2018-07-19 10:30:00,0.6849
2018-07-20 10:30:00,0.8484
2018-07-21 10:30:00,0.84021246
2018-07-22 10:30:00,0.64716244
2018-07-23 10:30:00,0.62415
2018-07-24 10:30:00,0.92219996
2018-07-25 10:30:00,0.91615
2018-07-26 10:30:00,0.79411244
2018-07-27 10:30:00,0.81095
2018-07-28 10:30:00,0.7953375
2018-07-29 10:30:00,0.752
2018-07-30 10:30:00,0.81635
2018-07-31 10:30:00,0.65297496
2018-08-01 10:30:00,0.70146245
2018-08-02 10:30:00,0.756575
2018-08-03 10:30:00,0.7382625
2018-08-04 10:30:00,0.84375
2018-08-05 10:30:00,0.845325
2018-08-06 10:30:00,0.8664
2018-08-07 10:30:00,0.87247497
2018-08-08 10:30:00,0.75175
2018-08-09 10:30:00,0.702225
2018-08-10 10:30:00,0.66048753
2018-08-11 10:30:00,0.87614995
2018-08-12 10:30:00,0.87285
2018-08-13 10:30:00,0.96497494
2018-08-14 10:30:00,0.92051244
2018-08-15 10:30:00,0.8363624
2018-08-16 10:30:00,0.78068745
2018-08-17 10:30:00,0.8031875
2018-08-18 10:30:00,0.68845
2018-08-19 10:30:00,0.67536247
2018-08-20 10:30:00,0.7734375
2018-08-21 10:30:00,0.6485499
2018-08-22 10:30:00,0.708225
2018-08-23 10:30:00,0.70217496
2018-08-24 10:30:00,0.74122494
2018-08-25 10:30:00,0.8423375
2018-08-26 10:30:00,0.77278745
2018-08-27 10:30:00,0.763775
2018-08-28 10:30:00,0.9430625
2018-08-29 10:30:00,0.82686245
2018-08-30 10:30:00,0.90037495
2018-08-31 10:30:00,0.76128745
2018-09-01 10:30:00,0.7568875
2018-09-02 10:30:00,0.8964
2018-09-03 10:30:00,0.64987504
2018-09-04 10:30:00,0.7295625
2018-09-05 10:30:00,0.76147497
2018-09-06 10:30:00,0.59534997
2018-09-07 10:30:00,0.73289996
2018-09-08 10:30:00,0.65385
2018-09-09 10:30:00,0.69903743
2018-09-10 10:30:00,0.64086246
2018-09-11 10:30:00,0.7372999
2018-09-12 10:30:00,0.65669996
2018-09-13 10:30:00,0.6307875
2018-09-14 10:30:00,0.7058375
2018-09-15 10:30:00,0.486725
2018-09-16 10:30:00,0.588525
2018-09-17 10:30:00,0.56453747
2018-09-18 10:30:00,0.63831246
2018-09-19 10:30:00,0.61672497
2018-09-20 10:30:00,0.43496248
2018-09-21 10:30:00,0.68098754
2018-09-22 10:30:00,0.82694995
2018-09-23 10:30:00,0.65835
2018-09-24 10:30:00,0.6696625
2018-09-25 10:30:00,0.544325
2018-09-26 10:30:00,0.5511875
2018-09-27 10:30:00,0.5145875
2018-09-28 10:30:00,0.798925
2018-09-29 10:30:00,0.94153744
2018-09-30 10:30:00,0.88893753
2018-10-01 10:30:00,0.57619995
2018-10-02 10:30:00,0.62822497
2018-10-03 10:30:00,0.581225
2018-10-04 10:30:00,0.548775
2018-10-05 10:30:00,0.3905125
2018-10-06 10:30:00,0.46612498
2018-10-07 10:30:00,0.6907875
2018-10-08 10:30:00,0.665775
2018-10-09 10:30:00,0.69955
2018-10-10 10:30:00,0.65238744
2018-10-11 10:30:00,0.55338746
2018-10-12 10:30:00,0.4712875
2018-10-13 10:30:00,0.4655625
2018-10-14 10:30:00,0.5318
2018-10-15 10:30:00,0.45163748
2018-10-16 10:30:00,0.4379375
2018-10-17 10:30:00,0.46357498
2018-10-18 10:30:00,0.33888748
2018-10-19 10:30:00,0.46842498
2018-10-20 10:30:00,0.3771125
2018-10-21 10:30:00,0.62619996
2018-10-22 10:30:00,0.48113748
2018-10-23 10:30:00,0.66205
2018-10-24 10:30:00,0.59182495
2018-10-25 10:30:00,0.7343625
2018-10-26 10:30:00,0.6430375
2018-10-27 10:30:00,0.5241625
2018-10-28 10:30:00,0.5303125
2018-10-29 10:30:00,0.63794994
2018-10-30 10:30:00,0.6131375
2018-10-31 10:30:00,0.559925
2018-11-01 10:30:00,0.52358747
2018-11-02 10:30:00,0.4013375
2018-11-03 10:30:00,0.5994625
2018-11-04 10:30:00,0.515
2018-11-05 10:30:00,0.6114375
2018-11-06 10:30:00,0.50142497
2018-11-07 10:30:00,0.5193375
2018-11-08 10:30:00,0.6555125
2018-11-09 10:30:00,0.66473746
2018-11-10 10:30:00,0.58195
2018-11-11 10:30:00,0.648125
2018-11-12 10:30:00,0.65669996
2018-11-13 10:30:00,0.6779625
2018-11-14 10:30:00,0.6018625
2018-11-15 10:30:00,0.44564998
2018-11-16 10:30:00,0.433875
2018-11-17 10:30:00,0.611875
2018-11-18 10:30:00,0.565125
2018-11-19 10:30:00,0.5856625
2018-11-20 10:30:00,0.50839996
2018-11-21 10:30:00,0.438675
2018-11-22 10:30:00,0.52701247
2018-11-23 10:30:00,0.43932498
2018-11-24 10:30:00,0.4609375
2018-11-25 10:30:00,0.37849998
2018-11-26 10:30:00,0.3924625
2018-11-27 10:30:00,0.427125
2018-11-28 10:30:00,0.50699997
2018-11-29 10:30:00,0.464075
2018-11-30 10:30:00,0.4793125
2018-12-01 10:30:00,0.3573125
2018-12-02 10:30:00,0.4314375
2018-12-03 10:30:00,0.47987497
2018-12-04 10:30:00,0.4835625
2018-12-05 10:30:00,0.461175
2018-12-06 10:30:00,0.4862125
2018-12-07 10:30:00,0.47255
2018-12-08 10:30:00,0.48663747
2018-12-09 10:30:00,0.59187496
2018-12-10 10:30:00,0.5884125
2018-12-11 10:30:00,0.56294996
2018-12-12 10:30:00,0.62953746
2018-12-13 10:30:00,0.56079996
2018-12-14 10:30:00,0.58505
2018-12-15 10:30:00,0.5394375
2018-12-16 10:30:00,0.555375
2018-12-17 10:30:00,0.5730625
2018-12-18 10:30:00,0.57119995
2018-12-19 10:30:00,0.6079375
2018-12-20 10:30:00,0.6792875
2018-12-21 10:30:00,0.664775
2018-12-22 10:30:00,0.448825
2018-12-23 10:30:00,0.46625
2018-12-24 10:30:00,0.4703875
2018-12-25 10:30:00,0.40193748
2018-12-26 10:30:00,0.448525
2018-12-27 10:30:00,0.4807125
2018-12-28 10:30:00,0.4914625
2018-12-29 10:30:00,0.48185
2018-12-30 10:30:00,0.48395
2018-12-31 10:30:00,0.4579
2019-01-01 10:30:00,0.4952875
2019-01-02 10:30:00,0.4880625
2019-01-03 10:30:00,0.5707875
2019-01-04 10:30:00,0.48974997
2019-01-05 10:30:00,0.47908747
2019-01-06 10:30:00,0.48526248
2019-01-07 10:30:00,0.516775
2019-01-08 10:30:00,0.37246248
2019-01-09 10:30:00,0.40232497
2019-01-10 10:30:00,0.58151245
2019-01-11 10:30:00,0.60851246
2019-01-12 10:30:00,0.6027875
2019-01-13 10:30:00,0.59635
2019-01-14 10:30:00,0.5305875
2019-01-15 10:30:00,0.399625
2019-01-16 10:30:00,0.55207497
2019-01-17 10:30:00,0.5584
2019-01-18 10:30:00,0.5384875
2019-01-19 10:30:00,0.5422125
2019-01-20 10:30:00,0.44228747
2019-01-21 10:30:00,0.45293748
2019-01-22 10:30:00,0.497075
2019-01-23 10:30:00,0.42554998
2019-01-24 10:30:00,0.51406246
2019-01-25 10:30:00,0.47597498
2019-01-26 10:30:00,0.36013752
2019-01-27 10:30:00,0.54272497
2019-01-28 10:30:00,0.41497502
2019-01-29 10:30:00,0.4043125
2019-01-30 10:30:00,0.42339998
2019-01-31 10:30:00,0.371875
2019-02-01 10:30:00,0.31075
2019-02-02 10:30:00,0.41178748
2019-02-03 10:30:00,0.4446625
2019-02-04 10:30:00,0.471075
2019-02-05 10:30:00,0.4154
2019-02-06 10:30:00,0.40701252
2019-02-07 10:30:00,0.39474997
2019-02-08 10:30:00,0.411575
2019-02-09 10:30:00,0.43408749
2019-02-10 10:30:00,0.43281248
2019-02-11 10:30:00,0.42935002
2019-02-12 10:30:00,0.38347498
2019-02-13 10:30:00,0.3755875
2019-02-14 10:30:00,0.3297625
2019-02-15 10:30:00,0.3695375
2019-02-16 10:30:00,0.39900002
2019-02-17 10:30:00,0.32468748
2019-02-18 10:30:00,0.28237498
2019-02-19 10:30:00,0.3963125
2019-02-20 10:30:00,0.330425
2019-02-21 10:30:00,0.388825
2019-02-22 10:30:00,0.458475
2019-02-23 10:30:00,0.34411252
2019-02-24 10:30:00,0.41955
2019-02-25 10:30:00,0.5372125
2019-02-26 10:30:00,0.47236252
2019-02-27 10:30:00,0.44555
2019-02-28 10:30:00,0.40803748
2019-03-01 10:30:00,0.3153125
2019-03-02 10:30:00,0.35192502
2019-03-03 10:30:00,0.4553125
2019-03-04 10:30:00,0.375375
2019-03-05 10:30:00,0.484675
2019-03-06 10:30:00,0.4054
2019-03-07 10:30:00,0.3319625
2019-03-08 10:30:00,0.23719999
2019-03-09 10:30:00,0.35648748
2019-03-10 10:30:00,0.31285
2019-03-11 10:30:00,0.36776248
2019-03-12 10:30:00,0.35022497
2019-03-13 10:30:00,0.45354998
2019-03-14 10:30:00,0.484075
2019-03-15 10:30:00,0.4948125
2019-03-16 10:30:00,0.57159996
2019-03-17 10:30:00,0.3752375
2019-03-18 10:30:00,0.2451375
2019-03-19 10:30:00,0.31895
2019-03-20 10:30:00,0.7324875
2019-03-21 10:30:00,0.4045875
2019-03-22 10:30:00,0.42572498
2019-03-23 10:30:00,0.35395
2019-03-24 10:30:00,0.33654997
2019-03-25 10:30:00,0.23891251
2019-03-26 10:30:00,0.3149875
2019-03-27 10:30:00,0.2408625
2019-03-28 10:30:00,0.33541247
2019-03-29 10:30:00,0.4912625
2019-03-30 10:30:00,0.3395375
2019-03-31 10:30:00,0.3339375
2019-04-01 10:30:00,0.32544997
2019-04-02 10:30:00,0.2615125
2019-04-03 10:30:00,0.20764999
2019-04-04 10:30:00,0.47982496
2019-04-05 10:30:00,0.333025
2019-04-06 10:30:00,0.4661
2019-04-07 10:30:00,0.5278625
2019-04-08 10:30:00,0.540475
2019-04-09 10:30:00,0.33365002
2019-04-10 10:30:00,0.29685
2019-04-11 10:30:00,0.24983749
2019-04-12 10:30:00,0.157775
2019-04-13 10:30:00,0.3733375
2019-04-14 10:30:00,0.3034375
2019-04-15 10:30:00,0.13366249
2019-04-16 10:30:00,0.1631125
2019-04-17 10:30:00,0.50175
2019-04-18 10:30:00,0.310625
2019-04-19 10:30:00,0.170775
2019-04-20 10:30:00,0.192175
2019-04-21 10:30:00,0.1648875
2019-04-22 10:30:00,0.248225
2019-04-23 10:30:00,0.1608375
2019-04-24 10:30:00,0.310125
2019-04-25 10:30:00,0.26866248
2019-04-26 10:30:00,0.17040001
2019-04-27 10:30:00,0.226
2019-04-28 10:30:00,0.27835
2019-04-29 10:30:00,0.2638125
2019-04-30 10:30:00,0.2660625
2019-05-01 10:30:00,0.26056248
2019-05-02 10:30:00,0.19892499
2019-05-03 10:30:00,0.1713875
2019-05-04 10:30:00,0.516175
2019-05-05 10:30:00,0.32465
2019-05-06 10:30:00,0.21444999
2019-05-07 10:30:00,0.21966249
2019-05-08 10:30:00,0.273275
2019-05-09 10:30:00,0.21657498
2019-05-10 10:30:00,0.330425
2019-05-11 10:30:00,0.5508625
2019-05-12 10:30:00,0.6598
2019-05-13 10:30:00,0.66691244
2019-05-14 10:30:00,0.59517497
2019-05-15 10:30:00,0.48218748
2019-05-16 10:30:00,0.26181248
2019-05-17 10:30:00,0.2260625
2019-05-18 10:30:00,0.18214999
2019-05-19 10:30:00,0.8634375
2019-05-20 10:30:00,0.387875
2019-05-21 10:30:00,0.3555125
2019-05-22 10:30:00,0.32924998
2019-05-23 10:30:00,0.42659998
2019-05-24 10:30:00,0.36089998
2019-05-25 10:30:00,0.6700875
2019-05-26 10:30:00,0.66475
2019-05-27 10:30:00,0.2546125
2019-05-28 10:30:00,0.249025
2019-05-29 10:30:00,0.3002
2019-05-30 10:30:00,0.6064375
2019-05-31 10:30:00,0.59029996
2019-06-01 10:30:00,0.45596248
2019-06-02 10:30:00,0.5409375
2019-06-03 10:30:00,0.50041246
2019-06-04 10:30:00,0.52405
2019-06-05 10:30:00,0.4423125
2019-06-06 10:30:00,0.6318375
2019-06-07 10:30:00,0.7662375
2019-06-08 10:30:00,0.84458745
2019-06-09 10:30:00,0.811875
2019-06-10 10:30:00,0.69286245
2019-06-11 10:30:00,0.5926875
2019-06-12 10:30:00,0.647925
2019-06-13 10:30:00,0.42023748
2019-06-14 10:30:00,0.596575
2019-06-15 10:30:00,0.495125
2019-06-16 10:30:00,0.47236252
2019-06-17 10:30:00,0.3866125
2019-06-18 10:30:00,0.49891248
2019-06-19 10:30:00,0.4646875
2019-06-20 10:30:00,0.6145875
2019-06-21 10:30:00,0.5025
2019-06-22 10:30:00,0.5234125
2019-06-23 10:30:00,0.41165
2019-06-24 10:30:00,0.4229
2019-06-25 10:30:00,0.8048625
2019-06-26 10:30:00,0.8010375
2019-06-27 10:30:00,0.7953625
2019-06-28 10:30:00,0.83656245
2019-06-29 10:30:00,0.7922875
2019-06-30 10:30:00,0.72249997
2019-07-01 10:30:00,0.699225
2019-07-02 10:30:00,0.669175
2019-07-03 10:30:00,0.6396125
2019-07-04 10:30:00,0.64184994
2019-07-05 10:30:00,0.8792125
2019-07-06 10:30:00,0.8423625
2019-07-07 10:30:00,0.7135624
2019-07-08 10:30:00,0.71477497
2019-07-09 10:30:00,0.777425
2019-07-10 10:30:00,0.78257495
2019-07-11 10:30:00,0.8314125
2019-07-12 10:30:00,0.83779997
2019-07-13 10:30:00,0.8309375
2019-07-14 10:30:00,0.78639996
2019-07-15 10:30:00,0.73385
2019-07-16 10:30:00,0.76764995
2019-07-17 10:30:00,0.665375
2019-07-18 10:30:00,0.665075
2019-07-19 10:30:00,0.742525
2019-07-20 10:30:00,0.84161246
2019-07-21 10:30:00,0.694525
2019-07-22 10:30:00,0.69519997
2019-07-23 10:30:00,0.8204
2019-07-24 10:30:00,0.86183745
2019-07-25 10:30:00,0.6723625
2019-07-26 10:30:00,0.6717375
2019-07-27 10:30:00,0.84723747
2019-07-28 10:30:00,0.672675
2019-07-29 10:30:00,0.6359125
2019-07-30 10:30:00,0.7690375
2019-07-31 10:30:00,0.739325
2019-08-01 10:30:00,0.7418875
2019-08-02 10:30:00,0.7311875
2019-08-03 10:30:00,0.67536247
2019-08-04 10:30:00,0.59718746
2019-08-05 10:30:00,0.74224997
2019-08-06 10:30:00,0.9245375
2019-08-07 10:30:00,0.9177625
2019-08-08 10:30:00,0.89334995
2019-08-09 10:30:00,0.88214993
2019-08-10 10:30:00,0.9224375
2019-08-11 10:30:00,0.86120003
2019-08-12 10:30:00,0.857125
2019-08-13 10:30:00,0.709425
2019-08-14 10:30:00,0.7479875
2019-08-15 10:30:00,0.82524997
2019-08-16 10:30:00,0.795625
2019-08-17 10:30:00,0.7452
2019-08-18 10:30:00,0.75775
2019-08-19 10:30:00,0.7125875
2019-08-20 10:30:00,0.8435125
2019-08-21 10:30:00,0.545675
2019-08-22 10:30:00,0.80973744
2019-08-23 10:30:00,0.84199995
2019-08-24 10:30:00,0.8196125
2019-08-25 10:30:00,0.8112625
2019-08-26 10:30:00,0.755475
2019-08-27 10:30:00,0.723275
2019-08-28 10:30:00,0.7584625
2019-08-29 10:30:00,0.791425
2019-08-30 10:30:00,0.6823124
2019-08-31 10:30:00,0.6916625
2019-09-01 10:30:00,0.63275
2019-09-02 10:30:00,0.739325
2019-09-03 10:30:00,0.7005
2019-09-04 10:30:00,0.5779375
2019-09-05 10:30:00,0.6584375
2019-09-06 10:30:00,0.6895125
2019-09-07 10:30:00,0.60705
2019-09-08 10:30:00,0.556425
2019-09-09 10:30:00,0.553575
2019-09-10 10:30:00,0.6251
2019-09-11 10:30:00,0.55535
2019-09-12 10:30:00,0.4347
2019-09-13 10:30:00,0.6629625
2019-09-14 10:30:00,0.47614998
2019-09-15 10:30:00,0.47046247
2019-09-16 10:30:00,0.4279125
2019-09-17 10:30:00,0.5025375
2019-09-18 10:30:00,0.47685
2019-09-19 10:30:00,0.63303745
2019-09-20 10:30:00,0.64818746
2019-09-21 10:30:00,0.584575
2019-09-22 10:30:00,0.5600875
2019-09-23 10:30:00,0.46124998
2019-09-24 10:30:00,0.43632498
2019-09-25 10:30:00,0.4299625
2019-09-26 10:30:00,0.32889998
2019-09-27 10:30:00,0.27495
2019-09-28 10:30:00,0.390925
2019-09-29 10:30:00,0.37241247
2019-09-30 10:30:00,0.46465
2019-10-01 10:30:00,0.417925
2019-10-02 10:30:00,0.67175
2019-10-03 10:30:00,0.7889125
2019-10-04 10:30:00,0.4818625
2019-10-05 10:30:00,0.5427875
2019-10-06 10:30:00,0.3839
2019-10-07 10:30:00,0.5008375
2019-10-08 10:30:00,0.515175
2019-10-09 10:30:00,0.4129375
2019-10-10 10:30:00,0.421575
2019-10-11 10:30:00,0.41455
2019-10-12 10:30:00,0.39034998
2019-10-13 10:30:00,0.37583748
2019-10-14 10:30:00,0.3345375
2019-10-15 10:30:00,0.29424998
2019-10-16 10:30:00,0.5220625
2019-10-17 10:30:00,0.3330625
2019-10-18 10:30:00,0.4199125
2019-10-19 10:30:00,0.5574375
2019-10-20 10:30:00,0.5865375
2019-10-21 10:30:00,0.5228125
2019-10-22 10:30:00,0.487575
2019-10-23 10:30:00,0.46966252
2019-10-24 10:30:00,0.77935
2019-10-25 10:30:00,0.597425
2019-10-26 10:30:00,0.66870004
2019-10-27 10:30:00,0.58315
2019-10-28 10:30:00,0.602475
2019-10-29 10:30:00,0.5061
2019-10-30 10:30:00,0.45984998
2019-10-31 10:30:00,0.3197
2019-11-01 10:30:00,0.419025
2019-11-02 10:30:00,0.53709996
2019-11-03 10:30:00,0.6206625
2019-11-04 10:30:00,0.4961875
2019-11-05 10:30:00,0.48033747
2019-11-06 10:30:00,0.58701247
2019-11-07 10:30:00,0.49139997
2019-11-08 10:30:00,0.61987495
2019-11-09 10:30:00,0.6241125
2019-11-10 10:30:00,0.607625
2019-11-11 10:30:00,0.4700875
2019-11-12 10:30:00,0.752275
2019-11-13 10:30:00,0.60279995
2019-11-14 10:30:00,0.6172375
2019-11-15 10:30:00,0.5900875
2019-11-16 10:30:00,0.504075
2019-11-17 10:30:00,0.53447497
2019-11-18 10:30:00,0.53662497
2019-11-19 10:30:00,0.5242625
2019-11-20 10:30:00,0.5774375
2019-11-21 10:30:00,0.5872875
2019-11-22 10:30:00,0.54456246
2019-11-23 10:30:00,0.5406
2019-11-24 10:30:00,0.51971245
2019-11-25 10:30:00,0.40195
2019-11-26 10:30:00,0.50404996
2019-11-27 10:30:00,0.50105
2019-11-28 10:30:00,0.5043375
2019-11-29 10:30:00,0.5123125
2019-11-30 10:30:00,0.64599997
2019-12-01 10:30:00,0.5867625
2019-12-02 10:30:00,0.4968875
2019-12-03 10:30:00,0.43075
2019-12-04 10:30:00,0.47486252
2019-12-05 10:30:00,0.51498747
2019-12-06 10:30:00,0.602975
2019-12-07 10:30:00,0.599
2019-12-08 10:30:00,0.6593625
2019-12-09 10:30:00,0.67542493
2019-12-10 10:30:00,0.65989995
2019-12-11 10:30:00,0.6263875
2019-12-12 10:30:00,0.64363754
2019-12-13 10:30:00,0.6286
2019-12-14 10:30:00,0.5521875
2019-12-15 10:30:00,0.65105
2019-12-16 10:30:00,0.637825
2019-12-17 10:30:00,0.602275
2019-12-18 10:30:00,0.583
2019-12-19 10:30:00,0.5900125
2019-12-20 10:30:00,0.57967496
2019-12-21 10:30:00,0.6413125
2019-12-22 10:30:00,0.60349995
2019-12-23 10:30:00,0.61785
2019-12-24 10:30:00,0.6931375
2019-12-25 10:30:00,0.568675
2019-12-26 10:30:00,0.6134875
2019-12-27 10:30:00,0.57035
2019-12-28 10:30:00,0.6736999
2019-12-29 10:30:00,0.6421
2019-12-30 10:30:00,0.524125
2019-12-31 10:30:00,0.52117497
2020-01-01 10:30:00,0.6254375
2020-01-02 10:30:00,0.61597496
2020-01-03 10:30:00,0.6671625
2020-01-04 10:30:00,0.7158125
2020-01-05 10:30:00,0.696275
2020-01-06 10:30:00,0.69186246
2020-01-07 10:30:00,0.68201244
2020-01-08 10:30:00,0.6443
2020-01-09 10:30:00,0.687425
2020-01-10 10:30:00,0.64559996
2020-01-11 10:30:00,0.6638375
2020-01-12 10:30:00,0.6259
2020-01-13 10:30:00,0.64066243
2020-01-14 10:30:00,0.7016125
2020-01-15 10:30:00,0.6464
2020-01-16 10:30:00,0.61215
2020-01-17 10:30:00,0.665725
2020-01-18 10:30:00,0.69483745
2020-01-19 10:30:00,0.66298753
2020-01-20 10:30:00,0.6619
2020-01-21 10:30:00,0.6036625
2020-01-22 10:30:00,0.6066
2020-01-23 10:30:00,0.55525
2020-01-24 10:30:00,0.6471499
2020-01-25 10:30:00,0.68562496
2020-01-26 10:30:00,0.6832875
2020-01-27 10:30:00,0.7375
2020-01-28 10:30:00,0.7104
2020-01-29 10:30:00,0.7054125
2020-01-30 10:30:00,0.74952495
2020-01-31 10:30:00,0.6548375
2020-02-01 10:30:00,0.500975
2020-02-02 10:30:00,0.54206246
2020-02-03 10:30:00,0.5568125
2020-02-04 10:30:00,0.54765
2020-02-05 10:30:00,0.5898
2020-02-06 10:30:00,0.5021875
2020-02-07 10:30:00,0.6348375
2020-02-08 10:30:00,0.637825
2020-02-09 10:30:00,0.6934125
2020-02-10 10:30:00,0.7357875
2020-02-11 10:30:00,0.619725
2020-02-12 10:30:00,0.7113624
2020-02-13 10:30:00,0.79248744
2020-02-14 10:30:00,0.6305125
2020-02-15 10:30:00,0.561325
2020-02-16 10:30:00,0.577625
2020-02-17 10:30:00,0.57724994
2020-02-18 10:30:00,0.60385
2020-02-19 10:30:00,0.6376375
2020-02-20 10:30:00,0.650175
2020-02-21 10:30:00,0.639025
2020-02-22 10:30:00,0.58896244
2020-02-23 10:30:00,0.6314
2020-02-24 10:30:00,0.63379997
2020-02-25 10:30:00,0.56197494
2020-02-26 10:30:00,0.63654995
2020-02-27 10:30:00,0.5156
2020-02-28 10:30:00,0.70474994
2020-02-29 10:30:00,0.638375
2020-03-01 10:30:00,0.70466244
2020-03-02 10:30:00,0.63226247
2020-03-03 10:30:00,0.71086246
2020-03-04 10:30:00,0.61955
2020-03-05 10:30:00,0.56549996
2020-03-06 10:30:00,0.6601125
2020-03-07 10:30:00,0.58261245
2020-03-08 10:30:00,0.533575
2020-03-09 10:30:00,0.41131252
2020-03-10 10:30:00,0.68676245
2020-03-11 10:30:00,0.539375
2020-03-12 10:30:00,0.396475
2020-03-13 10:30:00,0.6022375
2020-03-14 10:30:00,0.5046125
2020-03-15 10:30:00,0.4083
2020-03-16 10:30:00,0.55
2020-03-17 10:30:00,0.50093746
2020-03-18 10:30:00,0.5698125
2020-03-19 10:30:00,0.49116248
2020-03-20 10:30:00,0.5379625
2020-03-21 10:30:00,0.4780125
2020-03-22 10:30:00,0.58785
2020-03-23 10:30:00,0.47178748
2020-03-24 10:30:00,0.3299
2020-03-25 10:30:00,0.35884997
2020-03-26 10:30:00,0.328575
2020-03-27 10:30:00,0.37732497
2020-03-28 10:30:00,0.32185
2020-03-29 10:30:00,0.311825
2020-03-30 10:30:00,0.2888875
2020-03-31 10:30:00,0.2725625
2020-04-01 10:30:00,0.18389998
2020-04-02 10:30:00,0.23796248
2020-04-03 10:30:00,0.23734999
2020-04-04 10:30:00,0.263025
2020-04-05 10:30:00,0.2764375
2020-04-06 10:30:00,0.275925
2020-04-07 10:30:00,0.35985
2020-04-08 10:30:00,0.34081247
2020-04-09 10:30:00,0.3908125
2020-04-10 10:30:00,0.2857125
2020-04-11 10:30:00,0.2497875
2020-04-12 10:30:00,0.20369999
2020-04-13 10:30:00,0.24732499
2020-04-14 10:30:00,0.3012875
2020-04-15 10:30:00,0.3053
2020-04-16 10:30:00,0.6346625
2020-04-17 10:30:00,0.390125
2020-04-18 10:30:00,0.23217501
2020-04-19 10:30:00,0.71617496
2020-04-20 10:30:00,0.615775
2020-04-21 10:30:00,0.65738744
2020-04-22 10:30:00,0.429775
2020-04-23 10:30:00,0.39589998
2020-04-24 10:30:00,0.71458745
2020-04-25 10:30:00,0.7661875
2020-04-26 10:30:00,0.469925
2020-04-27 10:30:00,0.39846247
2020-04-28 10:30:00,0.6455875
2020-04-29 10:30:00,0.52253747
2020-04-30 10:30:00,0.33049998
2020-05-01 10:30:00,0.37864998
2020-05-02 10:30:00,0.5007125
2020-05-03 10:30:00,0.8750875
2020-05-04 10:30:00,0.572025
2020-05-05 10:30:00,0.4127375
2020-05-06 10:30:00,0.297175
2020-05-07 10:30:00,0.470325
2020-05-08 10:30:00,0.27583748
2020-05-09 10:30:00,0.5222625
2020-05-10 10:30:00,0.4690375
2020-05-11 10:30:00,0.58121246
2020-05-12 10:30:00,0.396975
2020-05-13 10:30:00,0.2986
2020-05-14 10:30:00,0.3112
2020-05-15 10:30:00,0.45279998
2020-05-16 10:30:00,0.865025
2020-05-17 10:30:00,0.9007125
2020-05-18 10:30:00,0.54965
2020-05-19 10:30:00,0.5837375
2020-05-20 10:30:00,0.8514125
2020-05-21 10:30:00,0.702125
2020-05-22 10:30:00,0.765925
2020-05-23 10:30:00,0.7669
2020-05-24 10:30:00,0.49276248
2020-05-25 10:30:00,0.5424875
2020-05-26 10:30:00,0.6282875
2020-05-27 10:30:00,0.471775
2020-05-28 10:30:00,0.4181625
2020-05-29 10:30:00,0.5141875
2020-05-30 10:30:00,0.5276875
2020-05-31 10:30:00,0.82537496
2020-06-01 10:30:00,0.56009996
2020-06-02 10:30:00,0.59599996
2020-06-03 10:30:00,0.8154
2020-06-04 10:30:00,0.66205
2020-06-05 10:30:00,0.5330375
2020-06-06 10:30:00,0.5696125
2020-06-07 10:30:00,0.6818625
2020-06-08 10:30:00,0.5570875
2020-06-09 10:30:00,0.515675
2020-06-10 10:30:00,0.744075
2020-06-11 10:30:00,0.5515
2020-06-12 10:30:00,0.6063875
2020-06-13 10:30:00,0.8897374
2020-06-14 10:30:00,0.5345
2020-06-15 10:30:00,0.6036625
2020-06-16 10:30:00,0.5425375
2020-06-17 10:30:00,0.7101875
2020-06-18 10:30:00,0.7273874
2020-06-19 10:30:00,0.729375
2020-06-20 10:30:00,0.78278744
2020-06-21 10:30:00,0.73249996
2020-06-22 10:30:00,0.9389375
2020-06-23 10:30:00,0.9244125
2020-06-24 10:30:00,0.8888125
2020-06-25 10:30:00,0.75834996
2020-06-26 10:30:00,0.6782
2020-06-27 10:30:00,0.6392375
2020-06-28 10:30:00,0.6634749
2020-06-29 10:30:00,0.8176875
2020-06-30 10:30:00,0.8274375
2020-07-01 10:30:00,0.7605125
2020-07-02 10:30:00,0.6992
2020-07-03 10:30:00,0.7822125
2020-07-04 10:30:00,0.891275
2020-07-05 10:30:00,0.75123745
2020-07-06 10:30:00,0.6705375
2020-07-07 10:30:00,0.6739875
2020-07-08 10:30:00,0.6437375
2020-07-09 10:30:00,0.5839875
2020-07-10 10:30:00,0.61386245
2020-07-11 10:30:00,0.69914997
2020-07-12 10:30:00,0.7592
2020-07-13 10:30:00,0.7494625
2020-07-14 10:30:00,0.659075
2020-07-15 10:30:00,0.5725
2020-07-16 10:30:00,0.7470875
2020-07-17 10:30:00,0.79098743
2020-07-18 10:30:00,0.84405
2020-07-19 10:30:00,0.7593875
2020-07-20 10:30:00,0.695775
2020-07-21 10:30:00,0.5885125
2020-07-22 10:30:00,0.6801
2020-07-23 10:30:00,0.61807495
2020-07-24 10:30:00,0.622475
2020-07-25 10:30:00,0.72223747
2020-07-26 10:30:00,0.61083746
2020-07-27 10:30:00,0.72481245
2020-07-28 10:30:00,0.8796875
2020-07-29 10:30:00,0.9535375
2020-07-30 10:30:00,0.77935
2020-07-31 10:30:00,0.71918744
2020-08-01 10:30:00,0.69116247
2020-08-02 10:30:00,0.8226625
2020-08-03 10:30:00,0.8102875
2020-08-04 10:30:00,0.78519994
2020-08-05 10:30:00,0.7855375
2020-08-06 10:30:00,0.76871246
2020-08-07 10:30:00,0.85781246
2020-08-08 10:30:00,0.86761254
2020-08-09 10:30:00,0.78889996
2020-08-10 10:30:00,0.76836246
2020-08-11 10:30:00,0.7550125
2020-08-12 10:30:00,0.6654875
2020-08-13 10:30:00,0.94675
2020-08-14 10:30:00,0.7801875
2020-08-15 10:30:00,0.77347493
2020-08-16 10:30:00,0.8047
2020-08-17 10:30:00,0.88208747
2020-08-18 10:30:00,0.7856749
2020-08-19 10:30:00,0.7976999
2020-08-20 10:30:00,0.75272495
2020-08-21 10:30:00,0.72168744
2020-08-22 10:30:00,0.7286625
2020-08-23 10:30:00,0.8568875
2020-08-24 10:30:00,0.8240875
2020-08-25 10:30:00,0.74843746
2020-08-26 10:30:00,0.71863747
2020-08-27 10:30:00,0.82926244
2020-08-28 10:30:00,0.9323124
2020-08-29 10:30:00,0.819775
2020-08-30 10:30:00,0.85591245
2020-08-31 10:30:00,0.827325
2020-09-01 10:30:00,0.79419994
2020-09-02 10:30:00,0.7491625
2020-09-03 10:30:00,0.7517
2020-09-04 10:30:00,0.7929625
2020-09-05 10:30:00,0.7947875
2020-09-06 10:30:00,0.7733125
2020-09-07 10:30:00,0.8938125
2020-09-08 10:30:00,0.7678125
2020-09-09 10:30:00,0.73730004
2020-09-10 10:30:00,0.6680375
2020-09-11 10:30:00,0.7436625
2020-09-12 10:30:00,0.74302495
2020-09-13 10:30:00,0.7268125
2020-09-14 10:30:00,0.61637497
2020-09-15 10:30:00,0.69293755
2020-09-16 10:30:00,0.87128747
2020-09-17 10:30:00,0.71951246
2020-09-18 10:30:00,0.7186
2020-09-19 10:30:00,0.64796245
2020-09-20 10:30:00,0.670025
2020-09-21 10:30:00,0.77605003
2020-09-22 10:30:00,0.667375
2020-09-23 10:30:00,0.4075375
2020-09-24 10:30:00,0.56931245
2020-09-25 10:30:00,0.773525
2020-09-26 10:30:00,0.70808744
2020-09-27 10:30:00,0.522
2020-09-28 10:30:00,0.6001125
2020-09-29 10:30:00,0.67325
2020-09-30 10:30:00,0.6157375
2020-10-01 10:30:00,0.914475
2020-10-02 10:30:00,0.559925
2020-10-03 10:30:00,0.72061247
2020-10-04 10:30:00,0.6781875
2020-10-05 10:30:00,0.67992496
2020-10-06 10:30:00,0.648
2020-10-07 10:30:00,0.5875125
2020-10-08 10:30:00,0.56299996
2020-10-09 10:30:00,0.63827497
2020-10-10 10:30:00,0.42866248
2020-10-11 10:30:00,0.53678745
2020-10-12 10:30:00,0.58687496
2020-10-13 10:30:00,0.6357875
2020-10-14 10:30:00,0.483375
2020-10-15 10:30:00,0.4560125
2020-10-16 10:30:00,0.512725
2020-10-17 10:30:00,0.580175
2020-10-18 10:30:00,0.5242
2020-10-19 10:30:00,0.440875
2020-10-20 10:30:00,0.40546247
2020-10-21 10:30:00,0.609675
2020-10-22 10:30:00,0.571775
2020-10-23 10:30:00,0.52538747
2020-10-24 10:30:00,0.5536
2020-10-25 10:30:00,0.5566875
2020-10-26 10:30:00,0.5512
2020-10-27 10:30:00,0.4512125
2020-10-28 10:30:00,0.4604375
2020-10-29 10:30:00,0.62277496
2020-10-30 10:30:00,0.32105
2020-10-31 10:30:00,0.6801
2020-11-01 10:30:00,0.58727497
2020-11-02 10:30:00,0.53819996
2020-11-03 10:30:00,0.49908748
2020-11-04 10:30:00,0.5667
2020-11-05 10:30:00,0.4454
2020-11-06 10:30:00,0.49827498
2020-11-07 10:30:00,0.6316625
2020-11-08 10:30:00,0.54295
2020-11-09 10:30:00,0.5934375
2020-11-10 10:30:00,0.56469995
2020-11-11 10:30:00,0.465575
2020-11-12 10:30:00,0.5704
2020-11-13 10:30:00,0.48389998
2020-11-14 10:30:00,0.4193
2020-11-15 10:30:00,0.58806247
2020-11-16 10:30:00,0.52639997
2020-11-17 10:30:00,0.660025
2020-11-18 10:30:00,0.59244996
2020-11-19 10:30:00,0.45678747
2020-11-20 10:30:00,0.5866
2020-11-21 10:30:00,0.603675
2020-11-22 10:30:00,0.6036875
2020-11-23 10:30:00,0.71433747
2020-11-24 10:30:00,0.7053125
2020-11-25 10:30:00,0.65567493
2020-11-26 10:30:00,0.63331246
2020-11-27 10:30:00,0.6152
2020-11-28 10:30:00,0.660075
2020-11-29 10:30:00,0.645275
2020-11-30 10:30:00,0.66949993
2020-12-01 10:30:00,0.62729996
2020-12-02 10:30:00,0.63406247
2020-12-03 10:30:00,0.6001125
2020-12-04 10:30:00,0.5963375
2020-12-05 10:30:00,0.5508625
2020-12-06 10:30:00,0.62436247
2020-12-07 10:30:00,0.5319875
2020-12-08 10:30:00,0.499775
2020-12-09 10:30:00,0.5098125
2020-12-10 10:30:00,0.59629995
2020-12-11 10:30:00,0.51221246
2020-12-12 10:30:00,0.58226246
2020-12-13 10:30:00,0.536075
2020-12-14 10:30:00,0.521575
2020-12-15 10:30:00,0.5095875
2020-12-16 10:30:00,0.53349996
2020-12-17 10:30:00,0.5579875
2020-12-18 10:30:00,0.50990003
2020-12-19 10:30:00,0.5869875
2020-12-20 10:30:00,0.565375
2020-12-21 10:30:00,0.50189996
2020-12-22 10:30:00,0.6449375
2020-12-23 10:30:00,0.65135
2020-12-24 10:30:00,0.6137
2020-12-25 10:30:00,0.5906625
2020-12-26 10:30:00,0.67293745
2020-12-27 10:30:00,0.546725
2020-12-28 10:30:00,0.5606875
2020-12-29 10:30:00,0.5469125
2020-12-30 10:30:00,0.5720375
2020-12-31 10:30:00,0.5667125
2021-01-01 10:30:00,0.5328625
2021-01-02 10:30:00,0.5905875
2021-01-03 10:30:00,0.5702125
2021-01-04 10:30:00,0.553675
2021-01-05 10:30:00,0.58045
2021-01-06 10:30:00,0.51901245
2021-01-07 10:30:00,0.54305
2021-01-08 10:30:00,0.581675
2021-01-09 10:30:00,0.636525
2021-01-10 10:30:00,0.6196
2021-01-11 10:30:00,0.64358747
2021-01-12 10:30:00,0.70286244
2021-01-13 10:30:00,0.59505
2021-01-14 10:30:00,0.605375
2021-01-15 10:30:00,0.5684875
2021-01-16 10:30:00,0.6260875
2021-01-17 10:30:00,0.5742625
2021-01-18 10:30:00,0.54228747
2021-01-19 10:30:00,0.66455
2021-01-20 10:30:00,0.6704875
2021-01-21 10:30:00,0.66518754
2021-01-22 10:30:00,0.6839875
2021-01-23 10:30:00,0.66543746
2021-01-24 10:30:00,0.67253745
2021-01-25 10:30:00,0.698325
2021-01-26 10:30:00,0.58068746
2021-01-27 10:30:00,0.5492
2021-01-28 10:30:00,0.55627495
2021-01-29 10:30:00,0.5826
2021-01-30 10:30:00,0.529075
2021-01-31 10:30:00,0.7009625
2021-02-01 10:30:00,0.56659997
2021-02-02 10:30:00,0.53002495
2021-02-03 10:30:00,0.5375625
2021-02-04 10:30:00,0.658825
2021-02-05 10:30:00,0.6519125
2021-02-06 10:30:00,0.6474375
2021-02-07 10:30:00,0.65705
2021-02-08 10:30:00,0.6604625
2021-02-09 10:30:00,0.6111625
2021-02-10 10:30:00,0.6418
2021-02-11 10:30:00,0.6260625
2021-02-12 10:30:00,0.64776254
2021-02-13 10:30:00,0.61123747
2021-02-14 10:30:00,0.5511375
2021-02-15 10:30:00,0.573425
2021-02-16 10:30:00,0.5651125
2021-02-17 10:30:00,0.4973125
2021-02-18 10:30:00,0.6436
2021-02-19 10:30:00,0.4939625
2021-02-20 10:30:00,0.72842497
2021-02-21 10:30:00,0.69449997
2021-02-22 10:30:00,0.63584995
2021-02-23 10:30:00,0.66095
2021-02-24 10:30:00,0.604375
2021-02-25 10:30:00,0.52625
2021-02-26 10:30:00,0.49866247
2021-02-27 10:30:00,0.598275
2021-02-28 10:30:00,0.447775
2021-03-01 10:30:00,0.509875
2021-03-02 10:30:00,0.5694625
2021-03-03 10:30:00,0.6871375
2021-03-04 10:30:00,0.584775
2021-03-05 10:30:00,0.4327375
2021-03-06 10:30:00,0.3921625
2021-03-07 10:30:00,0.49201247
2021-03-08 10:30:00,0.4563375
2021-03-09 10:30:00,0.40792498
2021-03-10 10:30:00,0.4909875
2021-03-11 10:30:00,0.4157
2021-03-12 10:30:00,0.330275
2021-03-13 10:30:00,0.32634997
2021-03-14 10:30:00,0.32759997
2021-03-15 10:30:00,0.5014625
2021-03-16 10:30:00,0.35715
2021-03-17 10:30:00,0.46549997
2021-03-18 10:30:00,0.4114
2021-03-19 10:30:00,0.6732
2021-03-20 10:30:00,0.74637496
2021-03-21 10:30:00,0.5572
2021-03-22 10:30:00,0.4877375
2021-03-23 10:30:00,0.463375
2021-03-24 10:30:00,0.4959875
2021-03-25 10:30:00,0.42970002
2021-03-26 10:30:00,0.59665
2021-03-27 10:30:00,0.2894625
2021-03-28 10:30:00,0.5388875
2021-03-29 10:30:00,0.4747875
2021-03-30 10:30:00,0.3338875
2021-03-31 10:30:00,0.4603375
2021-04-01 10:30:00,0.4195625
2021-04-02 10:30:00,0.490225
2021-04-03 10:30:00,0.417075
2021-04-04 10:30:00,0.37341252
2021-04-05 10:30:00,0.38355
2021-04-06 10:30:00,0.309625
2021-04-07 10:30:00,0.34681252
2021-04-08 10:30:00,0.4199625
2021-04-09 10:30:00,0.33061248
2021-04-10 10:30:00,0.3466
2021-04-11 10:30:00,0.5914625
2021-04-12 10:30:00,0.4862125
2021-04-13 10:30:00,0.3998375
2021-04-14 10:30:00,0.3721
2021-04-15 10:30:00,0.5882875
2021-04-16 10:30:00,0.742975
2021-04-17 10:30:00,0.514925
2021-04-18 10:30:00,0.3427
2021-04-19 10:30:00,0.292575
2021-04-20 10:30:00,0.23962499
2021-04-21 10:30:00,0.2603375
2021-04-22 10:30:00,0.46555
2021-04-23 10:30:00,0.488975
2021-04-24 10:30:00,0.3567125
2021-04-25 10:30:00,0.1920125
2021-04-26 10:30:00,0.31015
2021-04-27 10:30:00,0.394075
2021-04-28 10:30:00,0.303325
2021-04-29 10:30:00,0.52205
2021-04-30 10:30:00,0.71535
2021-05-01 10:30:00,0.5056375
2021-05-02 10:30:00,0.24337499
2021-05-03 10:30:00,0.37026247
2021-05-04 10:30:00,0.4232125
2021-05-05 10:30:00,0.5784375
2021-05-06 10:30:00,0.42826247
2021-05-07 10:30:00,0.7064
2021-05-08 10:30:00,0.6396875
2021-05-09 10:30:00,0.5160875
2021-05-10 10:30:00,0.3771875
2021-05-11 10:30:00,0.42756248
2021-05-12 10:30:00,0.43131247
2021-05-13 10:30:00,0.3202375
2021-05-14 10:30:00,0.42479998
2021-05-15 10:30:00,0.43342498
2021-05-16 10:30:00,0.3136125
2021-05-17 10:30:00,0.31623748
2021-05-18 10:30:00,0.4546625
2021-05-19 10:30:00,0.48396248
2021-05-20 10:30:00,0.5717875
2021-05-21 10:30:00,0.31465
2021-05-22 10:30:00,0.29655
2021-05-23 10:30:00,0.503625
2021-05-24 10:30:00,0.54671246
2021-05-25 10:30:00,0.451825
2021-05-26 10:30:00,0.49941248
2021-05-27 10:30:00,0.59292495
2021-05-28 10:30:00,0.630325
2021-05-29 10:30:00,0.5134625
2021-05-30 10:30:00,0.50427496
2021-05-31 10:30:00,0.5310125
2021-06-01 10:30:00,0.4515125
2021-06-02 10:30:00,0.85038745
2021-06-03 10:30:00,0.62009996
2021-06-04 10:30:00,0.610825
2021-06-05 10:30:00,0.59345
2021-06-06 10:30:00,0.49299997
2021-06-07 10:30:00,0.5399625
2021-06-08 10:30:00,0.7323874
2021-06-09 10:30:00,0.5356
2021-06-10 10:30:00,0.57541245
2021-06-11 10:30:00,0.4925875
2021-06-12 10:30:00,0.5930375
2021-06-13 10:30:00,0.561675
2021-06-14 10:30:00,0.77871245
2021-06-15 10:30:00,0.60959995
2021-06-16 10:30:00,0.596175
2021-06-17 10:30:00,0.479775
2021-06-18 10:30:00,0.505325
2021-06-19 10:30:00,0.57124996
2021-06-20 10:30:00,0.74562496
2021-06-21 10:30:00,0.71049994
2021-06-22 10:30:00,0.65247494
2021-06-23 10:30:00,0.62885
2021-06-24 10:30:00,0.598375
2021-06-25 10:30:00,0.6493
2021-06-26 10:30:00,0.76902497
2021-06-27 10:30:00,0.75277495
2021-06-28 10:30:00,0.7632875
2021-06-29 10:30:00,0.7678375
2021-06-30 10:30:00,0.8278875
2021-07-01 10:30:00,0.750875
2021-07-02 10:30:00,0.86721253
2021-07-03 10:30:00,0.8598375
2021-07-04 10:30:00,0.7713375
2021-07-05 10:30:00,0.72905
2021-07-06 10:30:00,0.9131375
2021-07-07 10:30:00,0.7714375
2021-07-08 10:30:00,0.8405125
2021-07-09 10:30:00,0.837375
2021-07-10 10:30:00,0.84888744
2021-07-11 10:30:00,0.780225
2021-07-12 10:30:00,0.85145
2021-07-13 10:30:00,0.87466246
2021-07-14 10:30:00,0.78998744
2021-07-15 10:30:00,0.8756625
2021-07-16 10:30:00,0.743575
2021-07-17 10:30:00,0.9235375
2021-07-18 10:30:00,0.8590625
2021-07-19 10:30:00,0.7783874
2021-07-20 10:30:00,0.76198745
2021-07-21 10:30:00,0.819075
2021-07-22 10:30:00,0.85338753
2021-07-23 10:30:00,0.84025
2021-07-24 10:30:00,0.766625
2021-07-25 10:30:00,0.7364875
2021-07-26 10:30:00,0.94705
2021-07-27 10:30:00,0.799275
2021-07-28 10:30:00,0.746775
2021-07-29 10:30:00,0.7950625
2021-07-30 10:30:00,0.798875
2021-07-31 10:30:00,0.8490125
2021-08-01 10:30:00,0.9188375
2021-08-02 10:30:00,0.678175
2021-08-03 10:30:00,0.6626
2021-08-04 10:30:00,0.7509
2021-08-05 10:30:00,0.7176625
2021-08-06 10:30:00,0.78218746
2021-08-07 10:30:00,0.7479125
2021-08-08 10:30:00,0.81976247
2021-08-09 10:30:00,0.9273625
2021-08-10 10:30:00,0.930025
2021-08-11 10:30:00,0.76537496
2021-08-12 10:30:00,0.8532125
2021-08-13 10:30:00,0.7662375
2021-08-14 10:30:00,0.84918743
2021-08-15 10:30:00,0.85859996
2021-08-16 10:30:00,0.85921246
2021-08-17 10:30:00,0.701825
2021-08-18 10:30:00,0.738225
2021-08-19 10:30:00,0.8559375
2021-08-20 10:30:00,0.7442375
2021-08-21 10:30:00,0.6743
2021-08-22 10:30:00,0.77059996
2021-08-23 10:30:00,0.828775
2021-08-24 10:30:00,0.8350499
2021-08-25 10:30:00,0.8533
2021-08-26 10:30:00,0.89058745
2021-08-27 10:30:00,0.66268754
2021-08-28 10:30:00,0.7283
2021-08-29 10:30:00,0.7261375
2021-08-30 10:30:00,0.68955
2021-08-31 10:30:00,0.739325
2021-09-01 10:30:00,0.7756375
2021-09-02 10:30:00,0.73405
2021-09-03 10:30:00,0.821575
2021-09-04 10:30:00,0.773825
2021-09-05 10:30:00,0.8895625
2021-09-06 10:30:00,0.95761245
2021-09-07 10:30:00,0.80455
2021-09-08 10:30:00,0.8354375
2021-09-09 10:30:00,0.87732494
2021-09-10 10:30:00,0.5754375
2021-09-11 10:30:00,0.7742375
2021-09-12 10:30:00,0.7756125
2021-09-13 10:30:00,0.738275
2021-09-14 10:30:00,0.6830124
2021-09-15 10:30:00,0.7842625
2021-09-16 10:30:00,0.63194996
2021-09-17 10:30:00,0.64177495
2021-09-18 10:30:00,0.7315875
2021-09-19 10:30:00,0.80120003
2021-09-20 10:30:00,0.8266375
2021-09-21 10:30:00,0.68665
2021-09-22 10:30:00,0.548575
2021-09-23 10:30:00,0.7218125
2021-09-24 10:30:00,0.9282625
2021-09-25 10:30:00,0.93396246
2021-09-26 10:30:00,0.84585
2021-09-27 10:30:00,0.5778875
2021-09-28 10:30:00,0.5738375
2021-09-29 10:30:00,0.5739125
2021-09-30 10:30:00,0.63186246
2021-10-01 10:30:00,0.6353375
2021-10-02 10:30:00,0.55275
2021-10-03 10:30:00,0.76004994
2021-10-04 10:30:00,0.6438125
2021-10-05 10:30:00,0.6179375
2021-10-06 10:30:00,0.64196247
2021-10-07 10:30:00,0.5955875
2021-10-08 10:30:00,0.46284997
2021-10-09 10:30:00,0.5869625
2021-10-10 10:30:00,0.551825
2021-10-11 10:30:00,0.5380875
2021-10-12 10:30:00,0.4524625
2021-10-13 10:30:00,0.52897495
2021-10-14 10:30:00,0.662825
2021-10-15 10:30:00,0.583
2021-10-16 10:30:00,0.5407625
2021-10-17 10:30:00,0.6357125
2021-10-18 10:30:00,0.60061246
2021-10-19 10:30:00,0.5795
2021-10-20 10:30:00,0.5584875
2021-10-21 10:30:00,0.60166246
2021-10-22 10:30:00,0.58257496
2021-10-23 10:30:00,0.53255
2021-10-24 10:30:00,0.5474375
2021-10-25 10:30:00,0.51575
2021-10-26 10:30:00,0.552825
2021-10-27 10:30:00,0.6010625
2021-10-28 10:30:00,0.60144997
2021-10-29 10:30:00,0.555825
2021-10-30 10:30:00,0.6795625
2021-10-31 10:30:00,0.6681375
2021-11-01 10:30:00,0.66012496
2021-11-02 10:30:00,0.629575
2021-11-03 10:30:00,0.66999996
2021-11-04 10:30:00,0.52615
2021-11-05 10:30:00,0.5977875
2021-11-06 10:30:00,0.5728
2021-11-07 10:30:00,0.626175
2021-11-08 10:30:00,0.4779
2021-11-09 10:30:00,0.56041247
2021-11-10 10:30:00,0.57054996
2021-11-11 10:30:00,0.53108746
2021-11-12 10:30:00,0.51748747
2021-11-13 10:30:00,0.637825
2021-11-14 10:30:00,0.6421375
2021-11-15 10:30:00,0.6505
2021-11-16 10:30:00,0.603275
2021-11-17 10:30:00,0.4938375
2021-11-18 10:30:00,0.5836875
2021-11-19 10:30:00,0.70194995
2021-11-20 10:30:00,0.7184375
2021-11-21 10:30:00,0.79031247
2021-11-22 10:30:00,0.63339996
2021-11-23 10:30:00,0.630075
2021-11-24 10:30:00,0.6044125
2021-11-25 10:30:00,0.59325
2021-11-26 10:30:00,0.77959996
2021-11-27 10:30:00,0.6319625
2021-11-28 10:30:00,0.63002497
2021-11-29 10:30:00,0.68772495
2021-11-30 10:30:00,0.68974996
2021-12-01 10:30:00,0.668175
2021-12-02 10:30:00,0.569025
2021-12-03 10:30:00,0.62307495
2021-12-04 10:30:00,0.649825
2021-12-05 10:30:00,0.56955
2021-12-06 10:30:00,0.527125
2021-12-07 10:30:00,0.564075
2021-12-08 10:30:00,0.5870125
2021-12-09 10:30:00,0.69745
2021-12-10 10:30:00,0.657025
2021-12-11 10:30:00,0.59465
2021-12-12 10:30:00,0.5948875
2021-12-13 10:30:00,0.55291253
2021-12-14 10:30:00,0.63387495
2021-12-15 10:30:00,0.71788746
2021-12-16 10:30:00,0.594475
2021-12-17 10:30:00,0.595125
2021-12-18 10:30:00,0.6611
2021-12-19 10:30:00,0.6644625
2021-12-20 10:30:00,0.5243125
2021-12-21 10:30:00,0.50315
2021-12-22 10:30:00,0.543275
2021-12-23 10:30:00,0.54099995
2021-12-24 10:30:00,0.532025
2021-12-25 10:30:00,0.55136245
2021-12-26 10:30:00,0.612625
2021-12-27 10:30:00,0.65178746
2021-12-28 10:30:00,0.6270125
2021-12-29 10:30:00,0.6223125
2021-12-30 10:30:00,0.5691875
2021-12-31 10:30:00,0.5888875
2022-01-01 10:30:00,0.583125
2022-01-02 10:30:00,0.5960625
2022-01-03 10:30:00,0.635175
2022-01-04 10:30:00,0.66418743
2022-01-05 10:30:00,0.62415
2022-01-06 10:30:00,0.6741625
2022-01-07 10:30:00,0.5652125
2022-01-08 10:30:00,0.684675
2022-01-09 10:30:00,0.605175
2022-01-10 10:30:00,0.5694875
2022-01-11 10:30:00,0.55399996
2022-01-12 10:30:00,0.634475
2022-01-13 10:30:00,0.6825375
2022-01-14 10:30:00,0.65065
2022-01-15 10:30:00,0.609375
2022-01-16 10:30:00,0.6299
2022-01-17 10:30:00,0.61583745
2022-01-18 10:30:00,0.5424375
2022-01-19 10:30:00,0.5308
2022-01-20 10:30:00,0.519875
2022-01-21 10:30:00,0.46771246
2022-01-22 10:30:00,0.63379997
2022-01-23 10:30:00,0.642375
2022-01-24 10:30:00,0.72955
2022-01-25 10:30:00,0.6104
2022-01-26 10:30:00,0.654125
2022-01-27 10:30:00,0.6828
2022-01-28 10:30:00,0.61904997
2022-01-29 10:30:00,0.57364994
2022-01-30 10:30:00,0.5884375
2022-01-31 10:30:00,0.57885
2022-02-01 10:30:00,0.64366245
2022-02-02 10:30:00,0.6048
2022-02-03 10:30:00,0.5864125
2022-02-04 10:30:00,0.5841
2022-02-05 10:30:00,0.61242497
2022-02-06 10:30:00,0.6152125
2022-02-07 10:30:00,0.6717875
2022-02-08 10:30:00,0.5815
2022-02-09 10:30:00,0.588825
2022-02-10 10:30:00,0.6876625
2022-02-11 10:30:00,0.5819375
2022-02-12 10:30:00,0.61015
2022-02-13 10:30:00,0.5715375
2022-02-14 10:30:00,0.60279995
2022-02-15 10:30:00,0.5870125
2022-02-16 10:30:00,0.5387875
2022-02-17 10:30:00,0.5429125
2022-02-18 10:30:00,0.63286245
2022-02-19 10:30:00,0.578675
2022-02-20 10:30:00,0.5972125
2022-02-21 10:30:00,0.5996625
2022-02-22 10:30:00,0.5694875
2022-02-23 10:30:00,0.5609875
2022-02-24 10:30:00,0.5476625
2022-02-25 10:30:00,0.65168744
2022-02-26 10:30:00,0.6679125
2022-02-27 10:30:00,0.68527496
2022-02-28 10:30:00,0.6342625
2022-03-01 10:30:00,0.58345
2022-03-02 10:30:00,0.6349875
2022-03-03 10:30:00,0.5050375
2022-03-04 10:30:00,0.61671245
2022-03-05 10:30:00,0.55155
2022-03-06 10:30:00,0.387025
2022-03-07 10:30:00,0.47989997
2022-03-08 10:30:00,0.5917625
2022-03-09 10:30:00,0.39659998
2022-03-10 10:30:00,0.19963749
2022-03-11 10:30:00,0.2445875
2022-03-12 10:30:00,0.6196
2022-03-13 10:30:00,0.5736375
2022-03-14 10:30:00,0.6261375
2022-03-15 10:30:00,0.601475
2022-03-16 10:30:00,0.44015
2022-03-17 10:30:00,0.43327498
2022-03-18 10:30:00,0.4670375
2022-03-19 10:30:00,0.4073125
2022-03-20 10:30:00,0.48322496
2022-03-21 10:30:00,0.43435
2022-03-22 10:30:00,0.3140625
2022-03-23 10:30:00,0.6097375
2022-03-24 10:30:00,0.6181375
2022-03-25 10:30:00,0.558625
2022-03-26 10:30:00,0.5238875
2022-03-27 10:30:00,0.42243752
2022-03-28 10:30:00,0.3697875
2022-03-29 10:30:00,0.32013747
2022-03-30 10:30:00,0.2977125
2022-03-31 10:30:00,0.3297
2022-04-01 10:30:00,0.2853875
2022-04-02 10:30:00,0.2602375
2022-04-03 10:30:00,0.327125
2022-04-04 10:30:00,0.34463748
2022-04-05 10:30:00,0.41788748
2022-04-06 10:30:00,0.3362125
2022-04-07 10:30:00,0.3769125
2022-04-08 10:30:00,0.3633
2022-04-09 10:30:00,0.2530125
2022-04-10 10:30:00,0.48764998
2022-04-11 10:30:00,0.434925
2022-04-12 10:30:00,0.52572495
2022-04-13 10:30:00,0.48553747
2022-04-14 10:30:00,0.3704875
2022-04-15 10:30:00,0.29376248
2022-04-16 10:30:00,0.4341875
2022-04-17 10:30:00,0.42569998
2022-04-18 10:30:00,0.3010375
2022-04-19 10:30:00,0.2026
2022-04-20 10:30:00,0.32698748
2022-04-21 10:30:00,0.6876875
2022-04-22 10:30:00,0.4702
2022-04-23 10:30:00,0.48468748
2022-04-24 10:30:00,0.571125
2022-04-25 10:30:00,0.69906247
2022-04-26 10:30:00,0.46612498
2022-04-27 10:30:00,0.39221248
2022-04-28 10:30:00,0.24417499
2022-04-29 10:30:00,0.5724
2022-04-30 10:30:00,0.44627497
2022-05-01 10:30:00,0.328275
2022-05-02 10:30:00,0.3879
2022-05-03 10:30:00,0.45868745
2022-05-04 10:30:00,0.30135
2022-05-05 10:30:00,0.7683
2022-05-06 10:30:00,0.41912496
2022-05-07 10:30:00,0.343675
2022-05-08 10:30:00,0.2500875
2022-05-09 10:30:00,0.308725
2022-05-10 10:30:00,0.5244
2022-05-11 10:30:00,0.611225
2022-05-12 10:30:00,0.656325
2022-05-13 10:30:00,0.7011875
2022-05-14 10:30:00,0.48326248
2022-05-15 10:30:00,0.4614375
2022-05-16 10:30:00,0.38833746
2022-05-17 10:30:00,0.3586625
2022-05-18 10:30:00,0.47045
2022-05-19 10:30:00,0.465275
2022-05-20 10:30:00,0.34325
2022-05-21 10:30:00,0.3638
2022-05-22 10:30:00,0.3899625
2022-05-23 10:30:00,0.40011248
2022-05-24 10:30:00,0.73335
2022-05-25 10:30:00,0.5306375
2022-05-26 10:30:00,0.4772125
2022-05-27 10:30:00,0.4168625
2022-05-28 10:30:00,0.526575
2022-05-29 10:30:00,0.72145
2022-05-30 10:30:00,0.7787
2022-05-31 10:30:00,0.6799
2022-06-01 10:30:00,0.6261
2022-06-02 10:30:00,0.4804625
2022-06-03 10:30:00,0.6338125
2022-06-04 10:30:00,0.79679996
2022-06-05 10:30:00,0.67631245
2022-06-06 10:30:00,0.5862875
2022-06-07 10:30:00,0.7839375
2022-06-08 10:30:00,0.66653746
2022-06-09 10:30:00,0.660775
2022-06-10 10:30:00,0.6529125
2022-06-11 10:30:00,0.7473124
2022-06-12 10:30:00,0.85891247
2022-06-13 10:30:00,0.889075
2022-06-14 10:30:00,0.87113744
2022-06-15 10:30:00,0.8242
2022-06-16 10:30:00,0.80761254
2022-06-17 10:30:00,0.720025
2022-06-18 10:30:00,0.670875
2022-06-19 10:30:00,0.647225
2022-06-20 10:30:00,0.675
2022-06-21 10:30:00,0.6047375
2022-06-22 10:30:00,0.602775
2022-06-23 10:30:00,0.6587125
2022-06-24 10:30:00,0.7365125
2022-06-25 10:30:00,0.7838375
2022-06-26 10:30:00,0.77776253
2022-06-27 10:30:00,0.75403744
2022-06-28 10:30:00,0.7517
2022-06-29 10:30:00,0.71991247
2022-06-30 10:30:00,0.79934996
2022-07-01 10:30:00,0.787825
2022-07-02 10:30:00,0.7846125
2022-07-03 10:30:00,0.72991246
2022-07-04 10:30:00,0.7958874
2022-07-05 10:30:00,0.7911875
2022-07-06 10:30:00,0.846825
2022-07-07 10:30:00,0.6778
2022-07-08 10:30:00,0.6209625
2022-07-09 10:30:00,0.70004994
2022-07-10 10:30:00,0.69476247
2022-07-11 10:30:00,0.68822503
2022-07-12 10:30:00,0.6807375
2022-07-13 10:30:00,0.7994999
2022-07-14 10:30:00,0.73289996
2022-07-15 10:30:00,0.8667875
2022-07-16 10:30:00,0.794075
2022-07-17 10:30:00,0.838125
2022-07-18 10:30:00,0.72308743
2022-07-19 10:30:00,0.7527625
2022-07-20 10:30:00,0.7591125
2022-07-21 10:30:00,0.7222
2022-07-22 10:30:00,0.81694996
2022-07-23 10:30:00,0.86926246
2022-07-24 10:30:00,0.8833249
2022-07-25 10:30:00,0.868775
2022-07-26 10:30:00,0.8825125
2022-07-27 10:30:00,0.86457497
2022-07-28 10:30:00,0.79609996
2022-07-29 10:30:00,0.802825
2022-07-30 10:30:00,0.79488754
2022-07-31 10:30:00,0.74532497
2022-08-01 10:30:00,0.6314
2022-08-02 10:30:00,0.818825
2022-08-03 10:30:00,0.7504875
2022-08-04 10:30:00,0.835875
2022-08-05 10:30:00,0.6330625
2022-08-06 10:30:00,0.6505
2022-08-07 10:30:00,0.68625
2022-08-08 10:30:00,0.602675
2022-08-09 10:30:00,0.531025
2022-08-10 10:30:00,0.5942625
2022-08-11 10:30:00,0.7022125
2022-08-12 10:30:00,0.6462375
2022-08-13 10:30:00,0.7146375
2022-08-14 10:30:00,0.847225
2022-08-15 10:30:00,0.8731
2022-08-16 10:30:00,0.6907
2022-08-17 10:30:00,0.62259996
2022-08-18 10:30:00,0.79246247
2022-08-19 10:30:00,0.6175
2022-08-20 10:30:00,0.63874996
2022-08-21 10:30:00,0.7256749
2022-08-22 10:30:00,0.6902
2022-08-23 10:30:00,0.703225
2022-08-24 10:30:00,0.5022875
2022-08-25 10:30:00,0.5926875
2022-08-26 10:30:00,0.7563125
2022-08-27 10:30:00,0.72235
2022-08-28 10:30:00,0.65738744
2022-08-29 10:30:00,0.669225
2022-08-30 10:30:00,0.675175
2022-08-31 10:30:00,0.69554996
2022-09-01 10:30:00,0.5418875
2022-09-02 10:30:00,0.5658625
2022-09-03 10:30:00,0.6275125
2022-09-04 10:30:00,0.6012875
2022-09-05 10:30:00,0.5810625
2022-09-06 10:30:00,0.574575
2022-09-07 10:30:00,0.5500125
2022-09-08 10:30:00,0.6476375
2022-09-09 10:30:00,0.574025
2022-09-10 10:30:00,0.530125
2022-09-11 10:30:00,0.58525
2022-09-12 10:30:00,0.5939625
2022-09-13 10:30:00,0.65225
2022-09-14 10:30:00,0.58296245
2022-09-15 10:30:00,0.65108746
2022-09-16 10:30:00,0.64809996
2022-09-17 10:30:00,0.51818746
2022-09-18 10:30:00,0.4499625
2022-09-19 10:30:00,0.33732498
2022-09-20 10:30:00,0.35189998
2022-09-21 10:30:00,0.46471247
2022-09-22 10:30:00,0.85421246
2022-09-23 10:30:00,0.594925
2022-09-24 10:30:00,0.39741248
2022-09-25 10:30:00,0.50685
2022-09-26 10:30:00,0.4933625
2022-09-27 10:30:00,0.40006247
2022-09-28 10:30:00,0.461775
2022-09-29 10:30:00,0.58037496
2022-09-30 10:30:00,0.74246246
2022-10-01 10:30:00,0.834225
2022-10-02 10:30:00,0.8270375
2022-10-03 10:30:00,0.572425
2022-10-04 10:30:00,0.5398375
2022-10-05 10:30:00,0.59147495
2022-10-06 10:30:00,0.6094625
2022-10-07 10:30:00,0.5599625
2022-10-08 10:30:00,0.8291
2022-10-09 10:30:00,0.61544997
2022-10-10 10:30:00,0.4655625
2022-10-11 10:30:00,0.5232
2022-10-12 10:30:00,0.45033747
2022-10-13 10:30:00,0.5175875
2022-10-14 10:30:00,0.4364875
2022-10-15 10:30:00,0.40165
2022-10-16 10:30:00,0.56673753
2022-10-17 10:30:00,0.53575
2022-10-18 10:30:00,0.5460375
2022-10-19 10:30:00,0.36151248
2022-10-20 10:30:00,0.46264997
2022-10-21 10:30:00,0.6253875
2022-10-22 10:30:00,0.6658625
2022-10-23 10:30:00,0.6192125
2022-10-24 10:30:00,0.549625
2022-10-25 10:30:00,0.4274
2022-10-26 10:30:00,0.5472125
2022-10-27 10:30:00,0.5194375
2022-10-28 10:30:00,0.5550875
2022-10-29 10:30:00,0.54513747
2022-10-30 10:30:00,0.6794
2022-10-31 10:30:00,0.64346254
2022-11-01 10:30:00,0.5273125
2022-11-02 10:30:00,0.51425
2022-11-03 10:30:00,0.60375
2022-11-04 10:30:00,0.5472375
2022-11-05 10:30:00,0.6383375
2022-11-06 10:30:00,0.6282875
2022-11-07 10:30:00,0.5698875
2022-11-08 10:30:00,0.4786875
2022-11-09 10:30:00,0.56291246
2022-11-10 10:30:00,0.57325
2022-11-11 10:30:00,0.6378625
2022-11-12 10:30:00,0.634725
2022-11-13 10:30:00,0.61995
2022-11-14 10:30:00,0.63836247
2022-11-15 10:30:00,0.5397
2022-11-16 10:30:00,0.5962625
2022-11-17 10:30:00,0.5706875
2022-11-18 10:30:00,0.567225
2022-11-19 10:30:00,0.6382125
2022-11-20 10:30:00,0.5914125
2022-11-21 10:30:00,0.6327875
2022-11-22 10:30:00,0.625575
2022-11-23 10:30:00,0.75245
2022-11-24 10:30:00,0.81527495
2022-11-25 10:30:00,0.62839997
2022-11-26 10:30:00,0.550425
2022-11-27 10:30:00,0.75055
2022-11-28 10:30:00,0.680025
2022-11-29 10:30:00,0.523725
2022-11-30 10:30:00,0.5378125
2022-12-01 10:30:00,0.5741875
2022-12-02 10:30:00,0.578825
2022-12-03 10:30:00,0.5388
2022-12-04 10:30:00,0.5861375
2022-12-05 10:30:00,0.596775
2022-12-06 10:30:00,0.6388
2022-12-07 10:30:00,0.63432497
2022-12-08 10:30:00,0.6671875
2022-12-09 10:30:00,0.644125
2022-12-10 10:30:00,0.65105003
2022-12-11 10:30:00,0.5879375
2022-12-12 10:30:00,0.5644125
2022-12-13 10:30:00,0.5305125
2022-12-14 10:30:00,0.4825
2022-12-15 10:30:00,0.60228753
2022-12-16 10:30:00,0.562225
2022-12-17 10:30:00,0.56256247
2022-12-18 10:30:00,0.563325
2022-12-19 10:30:00,0.67305
2022-12-20 10:30:00,0.7001875
2022-12-21 10:30:00,0.59744996
2022-12-22 10:30:00,0.56829995
2022-12-23 10:30:00,0.554
2022-12-24 10:30:00,0.53714997
2022-12-25 10:30:00,0.6526875
2022-12-26 10:30:00,0.700875
2022-12-27 10:30:00,0.64902496
2022-12-28 10:30:00,0.62588745
2022-12-29 10:30:00,0.61521244
2022-12-30 10:30:00,0.58787495
2022-12-31 10:30:00,0.6186875
