time,rhum
2012-01-01 10:30:00,0.5772375
2012-01-02 10:30:00,0.6440875
2012-01-03 10:30:00,0.66307503
2012-01-04 10:30:00,0.5579625
2012-01-05 10:30:00,0.60464996
2012-01-06 10:30:00,0.56162494
2012-01-07 10:30:00,0.55735
2012-01-08 10:30:00,0.5566875
2012-01-09 10:30:00,0.66155
2012-01-10 10:30:00,0.6157875
2012-01-11 10:30:00,0.65176255
2012-01-12 10:30:00,0.7288375
2012-01-13 10:30:00,0.709225
2012-01-14 10:30:00,0.59143746
2012-01-15 10:30:00,0.68872494
2012-01-16 10:30:00,0.7467875
2012-01-17 10:30:00,0.7108375
2012-01-18 10:30:00,0.71012497
2012-01-19 10:30:00,0.681075
2012-01-20 10:30:00,0.39053747
2012-01-21 10:30:00,0.33741248
2012-01-22 10:30:00,0.38669997
2012-01-23 10:30:00,0.44614998
2012-01-24 10:30:00,0.440675
2012-01-25 10:30:00,0.4986875
2012-01-26 10:30:00,0.385625
2012-01-27 10:30:00,0.42368752
2012-01-28 10:30:00,0.40748748
2012-01-29 10:30:00,0.404775
2012-01-30 10:30:00,0.34415
2012-01-31 10:30:00,0.3810125
2012-02-01 10:30:00,0.34237498
2012-02-02 10:30:00,0.3185375
2012-02-03 10:30:00,0.3471125
2012-02-04 10:30:00,0.4359375
2012-02-05 10:30:00,0.34803748
2012-02-06 10:30:00,0.3043375
2012-02-07 10:30:00,0.3164
2012-02-08 10:30:00,0.36845002
2012-02-09 10:30:00,0.373475
2012-02-10 10:30:00,0.3506375
2012-02-11 10:30:00,0.3499
2012-02-12 10:30:00,0.46294996
2012-02-13 10:30:00,0.3575
2012-02-14 10:30:00,0.3467375
2012-02-15 10:30:00,0.34351248
2012-02-16 10:30:00,0.35935
2012-02-17 10:30:00,0.3743
2012-02-18 10:30:00,0.38938752
2012-02-19 10:30:00,0.32648748
2012-02-20 10:30:00,0.22326249
2012-02-21 10:30:00,0.24858749
2012-02-22 10:30:00,0.2435875
2012-02-23 10:30:00,0.37615
2012-02-24 10:30:00,0.3544125
2012-02-25 10:30:00,0.2956375
2012-02-26 10:30:00,0.38498747
2012-02-27 10:30:00,0.4494125
2012-02-28 10:30:00,0.3483375
2012-02-29 10:30:00,0.3423375
2012-03-01 10:30:00,0.25530002
2012-03-02 10:30:00,0.2582125
2012-03-03 10:30:00,0.332625
2012-03-04 10:30:00,0.548375
2012-03-05 10:30:00,0.8346
2012-03-06 10:30:00,0.596925
2012-03-07 10:30:00,0.6162125
2012-03-08 10:30:00,0.3790375
2012-03-09 10:30:00,0.40601248
2012-03-10 10:30:00,0.56549996
2012-03-11 10:30:00,0.40531248
2012-03-12 10:30:00,0.44772497
2012-03-13 10:30:00,0.3785125
2012-03-14 10:30:00,0.431175
2012-03-15 10:30:00,0.41335
2012-03-16 10:30:00,0.2344
2012-03-17 10:30:00,0.1829125
2012-03-18 10:30:00,0.2674875
2012-03-19 10:30:00,0.2093625
2012-03-20 10:30:00,0.25498748
2012-03-21 10:30:00,0.35202497
2012-03-22 10:30:00,0.2134625
2012-03-23 10:30:00,0.4440125
2012-03-24 10:30:00,0.3243
2012-03-25 10:30:00,0.28858748
2012-03-26 10:30:00,0.335975
2012-03-27 10:30:00,0.2244375
2012-03-28 10:30:00,0.21565
2012-03-29 10:30:00,0.6431125
2012-03-30 10:30:00,0.541525
2012-03-31 10:30:00,0.449025
2012-04-01 10:30:00,0.2692375
2012-04-02 10:30:00,0.26025
2012-04-03 10:30:00,0.37226248
2012-04-04 10:30:00,0.4276875
2012-04-05 10:30:00,0.3197125
2012-04-06 10:30:00,0.242525
2012-04-07 10:30:00,0.2840375
2012-04-08 10:30:00,0.46787497
2012-04-09 10:30:00,0.187725
2012-04-10 10:30:00,0.21579999
2012-04-11 10:30:00,0.27026248
2012-04-12 10:30:00,0.29025
2012-04-13 10:30:00,0.24167499
2012-04-14 10:30:00,0.55822504
2012-04-15 10:30:00,0.2830125
2012-04-16 10:30:00,0.24045
2012-04-17 10:30:00,0.2633625
2012-04-18 10:30:00,0.3206625
2012-04-19 10:30:00,0.356975
2012-04-20 10:30:00,0.18546249
2012-04-21 10:30:00,0.41108748
2012-04-22 10:30:00,0.4561375
2012-04-23 10:30:00,0.4380875
2012-04-24 10:30:00,0.22428748
2012-04-25 10:30:00,0.24437499
2012-04-26 10:30:00,0.20115
2012-04-27 10:30:00,0.65121245
2012-04-28 10:30:00,0.2931125
2012-04-29 10:30:00,0.23981251
2012-04-30 10:30:00,0.261
2012-05-01 10:30:00,0.18996249
2012-05-02 10:30:00,0.2851125
2012-05-03 10:30:00,0.17233749
2012-05-04 10:30:00,0.17795
2012-05-05 10:30:00,0.1395375
2012-05-06 10:30:00,0.35334998
2012-05-07 10:30:00,0.3635875
2012-05-08 10:30:00,0.43228748
2012-05-09 10:30:00,0.3925875
2012-05-10 10:30:00,0.45
2012-05-11 10:30:00,0.39298752
2012-05-12 10:30:00,0.7963375
2012-05-13 10:30:00,0.533575
2012-05-14 10:30:00,0.5967625
2012-05-15 10:30:00,0.6722625
2012-05-16 10:30:00,0.81796247
2012-05-17 10:30:00,0.4587625
2012-05-18 10:30:00,0.3118375
2012-05-19 10:30:00,0.18319999
2012-05-20 10:30:00,0.2740125
2012-05-21 10:30:00,0.3083
2012-05-22 10:30:00,0.278925
2012-05-23 10:30:00,0.2840875
2012-05-24 10:30:00,0.2615125
2012-05-25 10:30:00,0.34775
2012-05-26 10:30:00,0.42636248
2012-05-27 10:30:00,0.36720002
2012-05-28 10:30:00,0.4791875
2012-05-29 10:30:00,0.534175
2012-05-30 10:30:00,0.68512493
2012-05-31 10:30:00,0.67552495
2012-06-01 10:30:00,0.7489875
2012-06-02 10:30:00,0.8170125
2012-06-03 10:30:00,0.756975
2012-06-04 10:30:00,0.7350999
2012-06-05 10:30:00,0.579325
2012-06-06 10:30:00,0.75885
2012-06-07 10:30:00,0.6813375
2012-06-08 10:30:00,0.7282875
2012-06-09 10:30:00,0.61737496
2012-06-10 10:30:00,0.612475
2012-06-11 10:30:00,0.78311247
2012-06-12 10:30:00,0.89835
2012-06-13 10:30:00,0.9107625
2012-06-14 10:30:00,0.7780375
2012-06-15 10:30:00,0.875575
2012-06-16 10:30:00,0.8219249
2012-06-17 10:30:00,0.83591247
2012-06-18 10:30:00,0.72222495
2012-06-19 10:30:00,0.679775
2012-06-20 10:30:00,0.6862
2012-06-21 10:30:00,0.6485125
2012-06-22 10:30:00,0.5852875
2012-06-23 10:30:00,0.6679875
2012-06-24 10:30:00,0.8125875
2012-06-25 10:30:00,0.8082375
2012-06-26 10:30:00,0.79225
2012-06-27 10:30:00,0.84317505
2012-06-28 10:30:00,0.81364995
2012-06-29 10:30:00,0.746775
2012-06-30 10:30:00,0.5413
2012-07-01 10:30:00,0.7699375
2012-07-02 10:30:00,0.82792497
2012-07-03 10:30:00,0.79628754
2012-07-04 10:30:00,0.7434625
2012-07-05 10:30:00,0.7348874
2012-07-06 10:30:00,0.666825
2012-07-07 10:30:00,0.64925003
2012-07-08 10:30:00,0.76946247
2012-07-09 10:30:00,0.8093125
2012-07-10 10:30:00,0.855575
2012-07-11 10:30:00,0.8911
2012-07-12 10:30:00,0.8393125
2012-07-13 10:30:00,0.684775
2012-07-14 10:30:00,0.69176245
2012-07-15 10:30:00,0.7064
2012-07-16 10:30:00,0.63163745
2012-07-17 10:30:00,0.609425
2012-07-18 10:30:00,0.7359375
2012-07-19 10:30:00,0.69893754
2012-07-20 10:30:00,0.73120004
2012-07-21 10:30:00,0.83796245
2012-07-22 10:30:00,0.89415
2012-07-23 10:30:00,0.6584625
2012-07-24 10:30:00,0.782125
2012-07-25 10:30:00,0.8451874
2012-07-26 10:30:00,0.76037496
2012-07-27 10:30:00,0.69663745
2012-07-28 10:30:00,0.906825
2012-07-29 10:30:00,0.90077496
2012-07-30 10:30:00,0.8117
2012-07-31 10:30:00,0.67675
2012-08-01 10:30:00,0.764
2012-08-02 10:30:00,0.7872
2012-08-03 10:30:00,0.8376
2012-08-04 10:30:00,0.7929875
2012-08-05 10:30:00,0.6903125
2012-08-06 10:30:00,0.715525
2012-08-07 10:30:00,0.70625
2012-08-08 10:30:00,0.58998746
2012-08-09 10:30:00,0.5764125
2012-08-10 10:30:00,0.7666625
2012-08-11 10:30:00,0.55075
2012-08-12 10:30:00,0.58458745
2012-08-13 10:30:00,0.63345
2012-08-14 10:30:00,0.6151
2012-08-15 10:30:00,0.5523875
2012-08-16 10:30:00,0.58582497
2012-08-17 10:30:00,0.6747
2012-08-18 10:30:00,0.56315
2012-08-19 10:30:00,0.5429125
2012-08-20 10:30:00,0.5747
2012-08-21 10:30:00,0.509775
2012-08-22 10:30:00,0.4463
2012-08-23 10:30:00,0.49217498
2012-08-24 10:30:00,0.6209875
2012-08-25 10:30:00,0.59354997
2012-08-26 10:30:00,0.60029995
2012-08-27 10:30:00,0.71982497
2012-08-28 10:30:00,0.54686254
2012-08-29 10:30:00,0.5359875
2012-08-30 10:30:00,0.587375
2012-08-31 10:30:00,0.6086
2012-09-01 10:30:00,0.51515
2012-09-02 10:30:00,0.925875
2012-09-03 10:30:00,0.81172496
2012-09-04 10:30:00,0.825675
2012-09-05 10:30:00,0.7114875
2012-09-06 10:30:00,0.58112496
2012-09-07 10:30:00,0.66428745
2012-09-08 10:30:00,0.73051244
2012-09-09 10:30:00,0.72115
2012-09-10 10:30:00,0.6575375
2012-09-11 10:30:00,0.912975
2012-09-12 10:30:00,0.84087497
2012-09-13 10:30:00,0.7784625
2012-09-14 10:30:00,0.62221247
2012-09-15 10:30:00,0.6341125
2012-09-16 10:30:00,0.697025
2012-09-17 10:30:00,0.697025
2012-09-18 10:30:00,0.67281246
2012-09-19 10:30:00,0.673875
2012-09-20 10:30:00,0.5934
2012-09-21 10:30:00,0.64116246
2012-09-22 10:30:00,0.7368
2012-09-23 10:30:00,0.74387497
2012-09-24 10:30:00,0.6993374
2012-09-25 10:30:00,0.92669994
2012-09-26 10:30:00,0.7033
2012-09-27 10:30:00,0.82801247
2012-09-28 10:30:00,0.4998375
2012-09-29 10:30:00,0.653625
2012-09-30 10:30:00,0.64287496
2012-10-01 10:30:00,0.64481246
2012-10-02 10:30:00,0.6378375
2012-10-03 10:30:00,0.8783875
2012-10-04 10:30:00,0.54845
2012-10-05 10:30:00,0.4396125
2012-10-06 10:30:00,0.5845
2012-10-07 10:30:00,0.667525
2012-10-08 10:30:00,0.65285003
2012-10-09 10:30:00,0.65037495
2012-10-10 10:30:00,0.537125
2012-10-11 10:30:00,0.63379997
2012-10-12 10:30:00,0.7341375
2012-10-13 10:30:00,0.7109375
2012-10-14 10:30:00,0.57677495
2012-10-15 10:30:00,0.631475
2012-10-16 10:30:00,0.78565
2012-10-17 10:30:00,0.51511246
2012-10-18 10:30:00,0.4630125
2012-10-19 10:30:00,0.3834875
2012-10-20 10:30:00,0.387275
2012-10-21 10:30:00,0.5819375
2012-10-22 10:30:00,0.63513744
2012-10-23 10:30:00,0.686075
2012-10-24 10:30:00,0.74747497
2012-10-25 10:30:00,0.6021125
2012-10-26 10:30:00,0.59568745
2012-10-27 10:30:00,0.37315
2012-10-28 10:30:00,0.367
2012-10-29 10:30:00,0.43299997
2012-10-30 10:30:00,0.646975
2012-10-31 10:30:00,0.62465
2012-11-01 10:30:00,0.5925625
2012-11-02 10:30:00,0.4713
2012-11-03 10:30:00,0.55553746
2012-11-04 10:30:00,0.7690125
2012-11-05 10:30:00,0.72762495
2012-11-06 10:30:00,0.65889996
2012-11-07 10:30:00,0.58116245
2012-11-08 10:30:00,0.56616247
2012-11-09 10:30:00,0.65902495
2012-11-10 10:30:00,0.72248745
2012-11-11 10:30:00,0.70156246
2012-11-12 10:30:00,0.7081375
2012-11-13 10:30:00,0.5521375
2012-11-14 10:30:00,0.62752503
2012-11-15 10:30:00,0.51261246
2012-11-16 10:30:00,0.58467495
2012-11-17 10:30:00,0.6493
2012-11-18 10:30:00,0.83028746
2012-11-19 10:30:00,0.641925
2012-11-20 10:30:00,0.5825375
2012-11-21 10:30:00,0.5448
2012-11-22 10:30:00,0.5202625
2012-11-23 10:30:00,0.61321247
2012-11-24 10:30:00,0.735175
2012-11-25 10:30:00,0.580925
2012-11-26 10:30:00,0.56355
2012-11-27 10:30:00,0.72644997
2012-11-28 10:30:00,0.4986375
2012-11-29 10:30:00,0.47237498
2012-11-30 10:30:00,0.45548752
2012-12-01 10:30:00,0.6375875
2012-12-02 10:30:00,0.709
2012-12-03 10:30:00,0.5124
2012-12-04 10:30:00,0.42769998
2012-12-05 10:30:00,0.34096247
2012-12-06 10:30:00,0.402625
2012-12-07 10:30:00,0.5122
2012-12-08 10:30:00,0.5457875
2012-12-09 10:30:00,0.6740625
2012-12-10 10:30:00,0.67632496
2012-12-11 10:30:00,0.70746243
2012-12-12 10:30:00,0.71547496
2012-12-13 10:30:00,0.52432495
2012-12-14 10:30:00,0.6088
2012-12-15 10:30:00,0.73751247
2012-12-16 10:30:00,0.5588625
2012-12-17 10:30:00,0.467275
2012-12-18 10:30:00,0.42491248
2012-12-19 10:30:00,0.53349996
2012-12-20 10:30:00,0.5540875
2012-12-21 10:30:00,0.4461625
2012-12-22 10:30:00,0.4028625
2012-12-23 10:30:00,0.37803748
2012-12-24 10:30:00,0.44687498
2012-12-25 10:30:00,0.3542625
2012-12-26 10:30:00,0.5721
2012-12-27 10:30:00,0.6228
2012-12-28 10:30:00,0.71186244
2012-12-29 10:30:00,0.642525
2012-12-30 10:30:00,0.5056125
2012-12-31 10:30:00,0.535425
2013-01-01 10:30:00,0.430125
2013-01-02 10:30:00,0.38427502
2013-01-03 10:30:00,0.36943752
2013-01-04 10:30:00,0.3778125
2013-01-05 10:30:00,0.4138625
2013-01-06 10:30:00,0.59749997
2013-01-07 10:30:00,0.518525
2013-01-08 10:30:00,0.4285625
2013-01-09 10:30:00,0.5124875
2013-01-10 10:30:00,0.55083746
2013-01-11 10:30:00,0.57724994
2013-01-12 10:30:00,0.601175
2013-01-13 10:30:00,0.65419996
2013-01-14 10:30:00,0.58317494
2013-01-15 10:30:00,0.65811247
2013-01-16 10:30:00,0.54701245
2013-01-17 10:30:00,0.57619995
2013-01-18 10:30:00,0.67777497
2013-01-19 10:30:00,0.63269997
2013-01-20 10:30:00,0.7114375
2013-01-21 10:30:00,0.6516625
2013-01-22 10:30:00,0.63158745
2013-01-23 10:30:00,0.6440875
2013-01-24 10:30:00,0.3722375
2013-01-25 10:30:00,0.3941125
2013-01-26 10:30:00,0.524975
2013-01-27 10:30:00,0.66795
2013-01-28 10:30:00,0.73915
2013-01-29 10:30:00,0.70357496
2013-01-30 10:30:00,0.73992497
2013-01-31 10:30:00,0.6775
2013-02-01 10:30:00,0.3175
2013-02-02 10:30:00,0.3692625
2013-02-03 10:30:00,0.6365375
2013-02-04 10:30:00,0.5149625
2013-02-05 10:30:00,0.55495
2013-02-06 10:30:00,0.38035
2013-02-07 10:30:00,0.378725
2013-02-08 10:30:00,0.397275
2013-02-09 10:30:00,0.40232497
2013-02-10 10:30:00,0.41843748
2013-02-11 10:30:00,0.5148625
2013-02-12 10:30:00,0.5142
2013-02-13 10:30:00,0.42255
2013-02-14 10:30:00,0.37454998
2013-02-15 10:30:00,0.509375
2013-02-16 10:30:00,0.7005375
2013-02-17 10:30:00,0.4337875
2013-02-18 10:30:00,0.320125
2013-02-19 10:30:00,0.3287125
2013-02-20 10:30:00,0.37702498
2013-02-21 10:30:00,0.43127498
2013-02-22 10:30:00,0.4312875
2013-02-23 10:30:00,0.2755375
2013-02-24 10:30:00,0.45189998
2013-02-25 10:30:00,0.556075
2013-02-26 10:30:00,0.76247495
2013-02-27 10:30:00,0.44663748
2013-02-28 10:30:00,0.71405
2013-03-01 10:30:00,0.330775
2013-03-02 10:30:00,0.5440625
2013-03-03 10:30:00,0.6087625
2013-03-04 10:30:00,0.50699997
2013-03-05 10:30:00,0.574875
2013-03-06 10:30:00,0.36166248
2013-03-07 10:30:00,0.28217497
2013-03-08 10:30:00,0.585
2013-03-09 10:30:00,0.61881244
2013-03-10 10:30:00,0.522475
2013-03-11 10:30:00,0.49154997
2013-03-12 10:30:00,0.3507125
2013-03-13 10:30:00,0.39548746
2013-03-14 10:30:00,0.46206248
2013-03-15 10:30:00,0.699875
2013-03-16 10:30:00,0.4877375
2013-03-17 10:30:00,0.2682375
2013-03-18 10:30:00,0.34948748
2013-03-19 10:30:00,0.331975
2013-03-20 10:30:00,0.37371248
2013-03-21 10:30:00,0.43987498
2013-03-22 10:30:00,0.3747
2013-03-23 10:30:00,0.4628625
2013-03-24 10:30:00,0.43857497
2013-03-25 10:30:00,0.34135
2013-03-26 10:30:00,0.4593125
2013-03-27 10:30:00,0.455475
2013-03-28 10:30:00,0.38958746
2013-03-29 10:30:00,0.3505125
2013-03-30 10:30:00,0.324
2013-03-31 10:30:00,0.2935125
2013-04-01 10:30:00,0.3088375
2013-04-02 10:30:00,0.29227498
2013-04-03 10:30:00,0.2658375
2013-04-04 10:30:00,0.3469875
2013-04-05 10:30:00,0.5197875
2013-04-06 10:30:00,0.4114875
2013-04-07 10:30:00,0.37127498
2013-04-08 10:30:00,0.44652498
2013-04-09 10:30:00,0.2836625
2013-04-10 10:30:00,0.46114996
2013-04-11 10:30:00,0.38849998
2013-04-12 10:30:00,0.267575
2013-04-13 10:30:00,0.264925
2013-04-14 10:30:00,0.220825
2013-04-15 10:30:00,0.23806249
2013-04-16 10:30:00,0.27351248
2013-04-17 10:30:00,0.239925
2013-04-18 10:30:00,0.3018625
2013-04-19 10:30:00,0.23295
2013-04-20 10:30:00,0.2638875
2013-04-21 10:30:00,0.3108
2013-04-22 10:30:00,0.35549998
2013-04-23 10:30:00,0.38428748
2013-04-24 10:30:00,0.63019997
2013-04-25 10:30:00,0.68322504
2013-04-26 10:30:00,0.35167497
2013-04-27 10:30:00,0.4387
2013-04-28 10:30:00,0.67692494
2013-04-29 10:30:00,0.9280625
2013-04-30 10:30:00,0.5705125
2013-05-01 10:30:00,0.6327625
2013-05-02 10:30:00,0.563575
2013-05-03 10:30:00,0.39895
2013-05-04 10:30:00,0.29588747
2013-05-05 10:30:00,0.3023625
2013-05-06 10:30:00,0.422125
2013-05-07 10:30:00,0.2678875
2013-05-08 10:30:00,0.424225
2013-05-09 10:30:00,0.43452498
2013-05-10 10:30:00,0.30592498
2013-05-11 10:30:00,0.4617875
2013-05-12 10:30:00,0.67272496
2013-05-13 10:30:00,0.6873125
2013-05-14 10:30:00,0.7705125
2013-05-15 10:30:00,0.56584996
2013-05-16 10:30:00,0.47509998
2013-05-17 10:30:00,0.46064997
2013-05-18 10:30:00,0.27285
2013-05-19 10:30:00,0.462225
2013-05-20 10:30:00,0.607575
2013-05-21 10:30:00,0.6186375
2013-05-22 10:30:00,0.39839998
2013-05-23 10:30:00,0.3162
2013-05-24 10:30:00,0.3207875
2013-05-25 10:30:00,0.29407498
2013-05-26 10:30:00,0.43369997
2013-05-27 10:30:00,0.5339125
2013-05-28 10:30:00,0.50761247
2013-05-29 10:30:00,0.3413375
2013-05-30 10:30:00,0.4091875
2013-05-31 10:30:00,0.368025
2013-06-01 10:30:00,0.4265625
2013-06-02 10:30:00,0.50745
2013-06-03 10:30:00,0.727925
2013-06-04 10:30:00,0.6333
2013-06-05 10:30:00,0.5664375
2013-06-06 10:30:00,0.85209996
2013-06-07 10:30:00,0.6368
2013-06-08 10:30:00,0.747575
2013-06-09 10:30:00,0.823125
2013-06-10 10:30:00,0.58625
2013-06-11 10:30:00,0.68223745
2013-06-12 10:30:00,0.7819
2013-06-13 10:30:00,0.6546125
2013-06-14 10:30:00,0.69223744
2013-06-15 10:30:00,0.5984
2013-06-16 10:30:00,0.6650125
2013-06-17 10:30:00,0.622625
2013-06-18 10:30:00,0.5819625
2013-06-19 10:30:00,0.71305
2013-06-20 10:30:00,0.72129995
2013-06-21 10:30:00,0.70577496
2013-06-22 10:30:00,0.61452496
2013-06-23 10:30:00,0.6480375
2013-06-24 10:30:00,0.6662375
2013-06-25 10:30:00,0.78849995
2013-06-26 10:30:00,0.859925
2013-06-27 10:30:00,0.9397
2013-06-28 10:30:00,0.6644375
2013-06-29 10:30:00,0.9545625
2013-06-30 10:30:00,0.941175
2013-07-01 10:30:00,0.8407375
2013-07-02 10:30:00,0.84785
2013-07-03 10:30:00,0.7883874
2013-07-04 10:30:00,0.6638375
2013-07-05 10:30:00,0.5842625
2013-07-06 10:30:00,0.6788875
2013-07-07 10:30:00,0.67691255
2013-07-08 10:30:00,0.825475
2013-07-09 10:30:00,0.57028747
2013-07-10 10:30:00,0.5665375
2013-07-11 10:30:00,0.6153875
2013-07-12 10:30:00,0.70528746
2013-07-13 10:30:00,0.61864996
2013-07-14 10:30:00,0.640925
2013-07-15 10:30:00,0.9052749
2013-07-16 10:30:00,0.62985
2013-07-17 10:30:00,0.7901
2013-07-18 10:30:00,0.84419996
2013-07-19 10:30:00,0.73901254
2013-07-20 10:30:00,0.68873745
2013-07-21 10:30:00,0.66275
2013-07-22 10:30:00,0.871475
2013-07-23 10:30:00,0.90911245
2013-07-24 10:30:00,0.822975
2013-07-25 10:30:00,0.7688125
2013-07-26 10:30:00,0.80370003
2013-07-27 10:30:00,0.89084995
2013-07-28 10:30:00,0.7086375
2013-07-29 10:30:00,0.78661245
2013-07-30 10:30:00,0.7427875
2013-07-31 10:30:00,0.85265
2013-08-01 10:30:00,0.87372494
2013-08-02 10:30:00,0.8892625
2013-08-03 10:30:00,0.8892
2013-08-04 10:30:00,0.7736
2013-08-05 10:30:00,0.819
2013-08-06 10:30:00,0.8316375
2013-08-07 10:30:00,0.7114
2013-08-08 10:30:00,0.68022496
2013-08-09 10:30:00,0.67585
2013-08-10 10:30:00,0.710325
2013-08-11 10:30:00,0.70605004
2013-08-12 10:30:00,0.83865
2013-08-13 10:30:00,0.68775
2013-08-14 10:30:00,0.6165
2013-08-15 10:30:00,0.63581246
2013-08-16 10:30:00,0.80253744
2013-08-17 10:30:00,0.85605
2013-08-18 10:30:00,0.664975
2013-08-19 10:30:00,0.70186245
2013-08-20 10:30:00,0.667875
2013-08-21 10:30:00,0.912725
2013-08-22 10:30:00,0.7143875
2013-08-23 10:30:00,0.70332503
2013-08-24 10:30:00,0.6059
2013-08-25 10:30:00,0.7580125
2013-08-26 10:30:00,0.6349375
2013-08-27 10:30:00,0.70364994
2013-08-28 10:30:00,0.949375
2013-08-29 10:30:00,0.672875
2013-08-30 10:30:00,0.69906247
2013-08-31 10:30:00,0.70327497
2013-09-01 10:30:00,0.702
2013-09-02 10:30:00,0.74773747
2013-09-03 10:30:00,0.68753755
2013-09-04 10:30:00,0.74522495
2013-09-05 10:30:00,0.78438747
2013-09-06 10:30:00,0.8669124
2013-09-07 10:30:00,0.81373745
2013-09-08 10:30:00,0.73364997
2013-09-09 10:30:00,0.75092494
2013-09-10 10:30:00,0.5972
2013-09-11 10:30:00,0.5738875
2013-09-12 10:30:00,0.7629875
2013-09-13 10:30:00,0.718625
2013-09-14 10:30:00,0.389175
2013-09-15 10:30:00,0.52858746
2013-09-16 10:30:00,0.4754875
2013-09-17 10:30:00,0.638475
2013-09-18 10:30:00,0.5692875
2013-09-19 10:30:00,0.6296
2013-09-20 10:30:00,0.63111246
2013-09-21 10:30:00,0.7172125
2013-09-22 10:30:00,0.5669625
2013-09-23 10:30:00,0.4437
2013-09-24 10:30:00,0.4679
2013-09-25 10:30:00,0.4595875
2013-09-26 10:30:00,0.4959875
2013-09-27 10:30:00,0.3404875
2013-09-28 10:30:00,0.5130375
2013-09-29 10:30:00,0.5036
2013-09-30 10:30:00,0.45072502
2013-10-01 10:30:00,0.41515
2013-10-02 10:30:00,0.33331248
2013-10-03 10:30:00,0.3622625
2013-10-04 10:30:00,0.3732125
2013-10-05 10:30:00,0.35287496
2013-10-06 10:30:00,0.4498625
2013-10-07 10:30:00,0.37685
2013-10-08 10:30:00,0.31411248
2013-10-09 10:30:00,0.5170375
2013-10-10 10:30:00,0.86891246
2013-10-11 10:30:00,0.64582497
2013-10-12 10:30:00,0.5078625
2013-10-13 10:30:00,0.51334995
2013-10-14 10:30:00,0.389875
2013-10-15 10:30:00,0.4945
2013-10-16 10:30:00,0.5219
2013-10-17 10:30:00,0.5287625
2013-10-18 10:30:00,0.627675
2013-10-19 10:30:00,0.7144125
2013-10-20 10:30:00,0.77788746
2013-10-21 10:30:00,0.8783125
2013-10-22 10:30:00,0.82794994
2013-10-23 10:30:00,0.925325
2013-10-24 10:30:00,0.7187375
2013-10-25 10:30:00,0.5845625
2013-10-26 10:30:00,0.75673753
2013-10-27 10:30:00,0.80043745
2013-10-28 10:30:00,0.6031
2013-10-29 10:30:00,0.5808375
2013-10-30 10:30:00,0.56605
2013-10-31 10:30:00,0.6290375
2013-11-01 10:30:00,0.64276254
2013-11-02 10:30:00,0.61917496
2013-11-03 10:30:00,0.51725
2013-11-04 10:30:00,0.5417
2013-11-05 10:30:00,0.7023625
2013-11-06 10:30:00,0.6054375
2013-11-07 10:30:00,0.71665
2013-11-08 10:30:00,0.71847504
2013-11-09 10:30:00,0.396425
2013-11-10 10:30:00,0.3792625
2013-11-11 10:30:00,0.4927875
2013-11-12 10:30:00,0.536375
2013-11-13 10:30:00,0.5889625
2013-11-14 10:30:00,0.540425
2013-11-15 10:30:00,0.59607494
2013-11-16 10:30:00,0.59564996
2013-11-17 10:30:00,0.5304
2013-11-18 10:30:00,0.33403748
2013-11-19 10:30:00,0.2253
2013-11-20 10:30:00,0.46995
2013-11-21 10:30:00,0.6099
2013-11-22 10:30:00,0.6210375
2013-11-23 10:30:00,0.54241246
2013-11-24 10:30:00,0.4289875
2013-11-25 10:30:00,0.3946125
2013-11-26 10:30:00,0.40967497
2013-11-27 10:30:00,0.356375
2013-11-28 10:30:00,0.3204
2013-11-29 10:30:00,0.3800375
2013-11-30 10:30:00,0.3222125
2013-12-01 10:30:00,0.3966875
2013-12-02 10:30:00,0.592425
2013-12-03 10:30:00,0.48593748
2013-12-04 10:30:00,0.37342498
2013-12-05 10:30:00,0.33424997
2013-12-06 10:30:00,0.5073375
2013-12-07 10:30:00,0.67461246
2013-12-08 10:30:00,0.7817125
2013-12-09 10:30:00,0.61335
2013-12-10 10:30:00,0.6806
2013-12-11 10:30:00,0.652825
2013-12-12 10:30:00,0.42804998
2013-12-13 10:30:00,0.4081
2013-12-14 10:30:00,0.4483125
2013-12-15 10:30:00,0.68555
2013-12-16 10:30:00,0.7536
2013-12-17 10:30:00,0.76208746
2013-12-18 10:30:00,0.70037496
2013-12-19 10:30:00,0.686875
2013-12-20 10:30:00,0.56855
2013-12-21 10:30:00,0.6441125
2013-12-22 10:30:00,0.614025
2013-12-23 10:30:00,0.6484375
2013-12-24 10:30:00,0.67882496
2013-12-25 10:30:00,0.7252625
2013-12-26 10:30:00,0.5079125
2013-12-27 10:30:00,0.573125
2013-12-28 10:30:00,0.4853125
2013-12-29 10:30:00,0.4859875
2013-12-30 10:30:00,0.6008625
2013-12-31 10:30:00,0.46951246
2014-01-01 10:30:00,0.34724998
2014-01-02 10:30:00,0.5432375
2014-01-03 10:30:00,0.5436375
2014-01-04 10:30:00,0.6232875
2014-01-05 10:30:00,0.68662494
2014-01-06 10:30:00,0.60038745
2014-01-07 10:30:00,0.3691625
2014-01-08 10:30:00,0.36796248
2014-01-09 10:30:00,0.44195
2014-01-10 10:30:00,0.5031625
2014-01-11 10:30:00,0.37531248
2014-01-12 10:30:00,0.3277
2014-01-13 10:30:00,0.4759125
2014-01-14 10:30:00,0.612825
2014-01-15 10:30:00,0.60591245
2014-01-16 10:30:00,0.5731875
2014-01-17 10:30:00,0.57345
2014-01-18 10:30:00,0.5596875
2014-01-19 10:30:00,0.7085125
2014-01-20 10:30:00,0.60005
2014-01-21 10:30:00,0.6060875
2014-01-22 10:30:00,0.6271375
2014-01-23 10:30:00,0.65919995
2014-01-24 10:30:00,0.5182625
2014-01-25 10:30:00,0.38819999
2014-01-26 10:30:00,0.540075
2014-01-27 10:30:00,0.3392625
2014-01-28 10:30:00,0.4014625
2014-01-29 10:30:00,0.529175
2014-01-30 10:30:00,0.41737497
2014-01-31 10:30:00,0.4141
2014-02-01 10:30:00,0.43580002
2014-02-02 10:30:00,0.26345
2014-02-03 10:30:00,0.3343375
2014-02-04 10:30:00,0.4143875
2014-02-05 10:30:00,0.4366
2014-02-06 10:30:00,0.45229998
2014-02-07 10:30:00,0.4476625
2014-02-08 10:30:00,0.6264875
2014-02-09 10:30:00,0.4688375
2014-02-10 10:30:00,0.5227125
2014-02-11 10:30:00,0.577125
2014-02-12 10:30:00,0.4714875
2014-02-13 10:30:00,0.53278744
2014-02-14 10:30:00,0.7408
2014-02-15 10:30:00,0.67832494
2014-02-16 10:30:00,0.6498375
2014-02-17 10:30:00,0.51156247
2014-02-18 10:30:00,0.57822496
2014-02-19 10:30:00,0.5538375
2014-02-20 10:30:00,0.6170875
2014-02-21 10:30:00,0.6453125
2014-02-22 10:30:00,0.5455
2014-02-23 10:30:00,0.541525
2014-02-24 10:30:00,0.4869125
2014-02-25 10:30:00,0.62125
2014-02-26 10:30:00,0.51565
2014-02-27 10:30:00,0.2681
2014-02-28 10:30:00,0.40760002
2014-03-01 10:30:00,0.39509997
2014-03-02 10:30:00,0.3964125
2014-03-03 10:30:00,0.37556252
2014-03-04 10:30:00,0.3723875
2014-03-05 10:30:00,0.32514998
2014-03-06 10:30:00,0.30965
2014-03-07 10:30:00,0.2884625
2014-03-08 10:30:00,0.2686125
2014-03-09 10:30:00,0.2341125
2014-03-10 10:30:00,0.259325
2014-03-11 10:30:00,0.3947625
2014-03-12 10:30:00,0.4573875
2014-03-13 10:30:00,0.3591875
2014-03-14 10:30:00,0.296925
2014-03-15 10:30:00,0.3815625
2014-03-16 10:30:00,0.403525
2014-03-17 10:30:00,0.51256245
2014-03-18 10:30:00,0.35125
2014-03-19 10:30:00,0.50605
2014-03-20 10:30:00,0.35005
2014-03-21 10:30:00,0.38645
2014-03-22 10:30:00,0.27888748
2014-03-23 10:30:00,0.3206375
2014-03-24 10:30:00,0.30903748
2014-03-25 10:30:00,0.328575
2014-03-26 10:30:00,0.46505
2014-03-27 10:30:00,0.365825
2014-03-28 10:30:00,0.3712625
2014-03-29 10:30:00,0.323275
2014-03-30 10:30:00,0.18931249
2014-03-31 10:30:00,0.2879625
2014-04-01 10:30:00,0.52245
2014-04-02 10:30:00,0.35565
2014-04-03 10:30:00,0.3328375
2014-04-04 10:30:00,0.5815
2014-04-05 10:30:00,0.35986248
2014-04-06 10:30:00,0.295925
2014-04-07 10:30:00,0.2988375
2014-04-08 10:30:00,0.35963747
2014-04-09 10:30:00,0.32568747
2014-04-10 10:30:00,0.27423748
2014-04-11 10:30:00,0.26514998
2014-04-12 10:30:00,0.37175
2014-04-13 10:30:00,0.27827498
2014-04-14 10:30:00,0.1743
2014-04-15 10:30:00,0.1366375
2014-04-16 10:30:00,0.193925
2014-04-17 10:30:00,0.4738625
2014-04-18 10:30:00,0.3429375
2014-04-19 10:30:00,0.5912125
2014-04-20 10:30:00,0.68492496
2014-04-21 10:30:00,0.371375
2014-04-22 10:30:00,0.3688875
2014-04-23 10:30:00,0.32811248
2014-04-24 10:30:00,0.3578125
2014-04-25 10:30:00,0.26595
2014-04-26 10:30:00,0.360575
2014-04-27 10:30:00,0.3305625
2014-04-28 10:30:00,0.262575
2014-04-29 10:30:00,0.2254875
2014-04-30 10:30:00,0.189625
2014-05-01 10:30:00,0.47755
2014-05-02 10:30:00,0.40401247
2014-05-03 10:30:00,0.25376248
2014-05-04 10:30:00,0.28502497
2014-05-05 10:30:00,0.34737498
2014-05-06 10:30:00,0.4749625
2014-05-07 10:30:00,0.38785
2014-05-08 10:30:00,0.428375
2014-05-09 10:30:00,0.34785
2014-05-10 10:30:00,0.74535
2014-05-11 10:30:00,0.80324996
2014-05-12 10:30:00,0.7796125
2014-05-13 10:30:00,0.76699996
2014-05-14 10:30:00,0.8549375
2014-05-15 10:30:00,0.73775
2014-05-16 10:30:00,0.83757496
2014-05-17 10:30:00,0.7214375
2014-05-18 10:30:00,0.80455
2014-05-19 10:30:00,0.810775
2014-05-20 10:30:00,0.6725
2014-05-21 10:30:00,0.633675
2014-05-22 10:30:00,0.565125
2014-05-23 10:30:00,0.436225
2014-05-24 10:30:00,0.6680625
2014-05-25 10:30:00,0.6943875
2014-05-26 10:30:00,0.7107
2014-05-27 10:30:00,0.5473125
2014-05-28 10:30:00,0.3538375
2014-05-29 10:30:00,0.3333875
2014-05-30 10:30:00,0.34925
2014-05-31 10:30:00,0.4495
2014-06-01 10:30:00,0.3816
2014-06-02 10:30:00,0.401875
2014-06-03 10:30:00,0.5232
2014-06-04 10:30:00,0.48613748
2014-06-05 10:30:00,0.5167625
2014-06-06 10:30:00,0.4264875
2014-06-07 10:30:00,0.5821125
2014-06-08 10:30:00,0.9394
2014-06-09 10:30:00,0.853925
2014-06-10 10:30:00,0.8098124
2014-06-11 10:30:00,0.7958625
2014-06-12 10:30:00,0.6861875
2014-06-13 10:30:00,0.534375
2014-06-14 10:30:00,0.5089375
2014-06-15 10:30:00,0.5933125
2014-06-16 10:30:00,0.6678375
2014-06-17 10:30:00,0.699925
2014-06-18 10:30:00,0.6020375
2014-06-19 10:30:00,0.6265125
2014-06-20 10:30:00,0.67588747
2014-06-21 10:30:00,0.6748625
2014-06-22 10:30:00,0.6001875
2014-06-23 10:30:00,0.520975
2014-06-24 10:30:00,0.5869875
2014-06-25 10:30:00,0.69383746
2014-06-26 10:30:00,0.8019874
2014-06-27 10:30:00,0.6099375
2014-06-28 10:30:00,0.5909
2014-06-29 10:30:00,0.56325
2014-06-30 10:30:00,0.6087
2014-07-01 10:30:00,0.6209125
2014-07-02 10:30:00,0.6633625
2014-07-03 10:30:00,0.784075
2014-07-04 10:30:00,0.5794375
2014-07-05 10:30:00,0.66975
2014-07-06 10:30:00,0.653325
2014-07-07 10:30:00,0.88247496
2014-07-08 10:30:00,0.61015
2014-07-09 10:30:00,0.633375
2014-07-10 10:30:00,0.7403375
2014-07-11 10:30:00,0.801275
2014-07-12 10:30:00,0.7171125
2014-07-13 10:30:00,0.75536245
2014-07-14 10:30:00,0.6319625
2014-07-15 10:30:00,0.83915
2014-07-16 10:30:00,0.8385125
2014-07-17 10:30:00,0.80803746
2014-07-18 10:30:00,0.760625
2014-07-19 10:30:00,0.84365
2014-07-20 10:30:00,0.8447
2014-07-21 10:30:00,0.6306125
2014-07-22 10:30:00,0.7129375
2014-07-23 10:30:00,0.5789375
2014-07-24 10:30:00,0.601225
2014-07-25 10:30:00,0.72851247
2014-07-26 10:30:00,0.72411245
2014-07-27 10:30:00,0.684875
2014-07-28 10:30:00,0.64379996
2014-07-29 10:30:00,0.6722125
2014-07-30 10:30:00,0.76687497
2014-07-31 10:30:00,0.6824125
2014-08-01 10:30:00,0.574025
2014-08-02 10:30:00,0.7651125
2014-08-03 10:30:00,0.5520375
2014-08-04 10:30:00,0.609275
2014-08-05 10:30:00,0.73771244
2014-08-06 10:30:00,0.686725
2014-08-07 10:30:00,0.636325
2014-08-08 10:30:00,0.6077125
2014-08-09 10:30:00,0.74233747
2014-08-10 10:30:00,0.899525
2014-08-11 10:30:00,0.755975
2014-08-12 10:30:00,0.5874125
2014-08-13 10:30:00,0.6856875
2014-08-14 10:30:00,0.806825
2014-08-15 10:30:00,0.858525
2014-08-16 10:30:00,0.8988624
2014-08-17 10:30:00,0.7655375
2014-08-18 10:30:00,0.71999997
2014-08-19 10:30:00,0.698325
2014-08-20 10:30:00,0.82164997
2014-08-21 10:30:00,0.723525
2014-08-22 10:30:00,0.7632875
2014-08-23 10:30:00,0.7616
2014-08-24 10:30:00,0.7304375
2014-08-25 10:30:00,0.9016375
2014-08-26 10:30:00,0.837425
2014-08-27 10:30:00,0.74882495
2014-08-28 10:30:00,0.792675
2014-08-29 10:30:00,0.741275
2014-08-30 10:30:00,0.6985
2014-08-31 10:30:00,0.7623375
2014-09-01 10:30:00,0.7961875
2014-09-02 10:30:00,0.85746247
2014-09-03 10:30:00,0.83896244
2014-09-04 10:30:00,0.71555
2014-09-05 10:30:00,0.72145
2014-09-06 10:30:00,0.7321375
2014-09-07 10:30:00,0.734575
2014-09-08 10:30:00,0.495975
2014-09-09 10:30:00,0.516575
2014-09-10 10:30:00,0.66068745
2014-09-11 10:30:00,0.69887495
2014-09-12 10:30:00,0.6921
2014-09-13 10:30:00,0.62395
2014-09-14 10:30:00,0.44033748
2014-09-15 10:30:00,0.4948125
2014-09-16 10:30:00,0.6166
2014-09-17 10:30:00,0.623525
2014-09-18 10:30:00,0.6177375
2014-09-19 10:30:00,0.6244375
2014-09-20 10:30:00,0.75313747
2014-09-21 10:30:00,0.68724996
2014-09-22 10:30:00,0.73559994
2014-09-23 10:30:00,0.656575
2014-09-24 10:30:00,0.6211
2014-09-25 10:30:00,0.478525
2014-09-26 10:30:00,0.9102
2014-09-27 10:30:00,0.49496248
2014-09-28 10:30:00,0.6063375
2014-09-29 10:30:00,0.4401625
2014-09-30 10:30:00,0.4798625
2014-10-01 10:30:00,0.545
2014-10-02 10:30:00,0.5827
2014-10-03 10:30:00,0.48334998
2014-10-04 10:30:00,0.56756246
2014-10-05 10:30:00,0.4568125
2014-10-06 10:30:00,0.4366375
2014-10-07 10:30:00,0.439625
2014-10-08 10:30:00,0.68714994
2014-10-09 10:30:00,0.6683625
2014-10-10 10:30:00,0.82247496
2014-10-11 10:30:00,0.6541625
2014-10-12 10:30:00,0.3998375
2014-10-13 10:30:00,0.43513748
2014-10-14 10:30:00,0.44785
2014-10-15 10:30:00,0.36096248
2014-10-16 10:30:00,0.37346247
2014-10-17 10:30:00,0.46255
2014-10-18 10:30:00,0.375675
2014-10-19 10:30:00,0.22213751
2014-10-20 10:30:00,0.24164999
2014-10-21 10:30:00,0.36459997
2014-10-22 10:30:00,0.38503748
2014-10-23 10:30:00,0.4184
2014-10-24 10:30:00,0.6335125
2014-10-25 10:30:00,0.51621246
2014-10-26 10:30:00,0.344275
2014-10-27 10:30:00,0.43952498
2014-10-28 10:30:00,0.3548875
2014-10-29 10:30:00,0.3857125
2014-10-30 10:30:00,0.786725
2014-10-31 10:30:00,0.8630874
2014-11-01 10:30:00,0.600075
2014-11-02 10:30:00,0.4626875
2014-11-03 10:30:00,0.60846245
2014-11-04 10:30:00,0.590275
2014-11-05 10:30:00,0.48345
2014-11-06 10:30:00,0.3564625
2014-11-07 10:30:00,0.34948748
2014-11-08 10:30:00,0.45673746
2014-11-09 10:30:00,0.45499998
2014-11-10 10:30:00,0.42044997
2014-11-11 10:30:00,0.326375
2014-11-12 10:30:00,0.2933625
2014-11-13 10:30:00,0.3711125
2014-11-14 10:30:00,0.441025
2014-11-15 10:30:00,0.5708625
2014-11-16 10:30:00,0.55721253
2014-11-17 10:30:00,0.55045
2014-11-18 10:30:00,0.46260002
2014-11-19 10:30:00,0.610275
2014-11-20 10:30:00,0.6631375
2014-11-21 10:30:00,0.41775
2014-11-22 10:30:00,0.517725
2014-11-23 10:30:00,0.4322
2014-11-24 10:30:00,0.4815625
2014-11-25 10:30:00,0.4349375
2014-11-26 10:30:00,0.2820625
2014-11-27 10:30:00,0.4061
2014-11-28 10:30:00,0.46334997
2014-11-29 10:30:00,0.5270625
2014-11-30 10:30:00,0.52854997
2014-12-01 10:30:00,0.23188749
2014-12-02 10:30:00,0.24757499
2014-12-03 10:30:00,0.33404997
2014-12-04 10:30:00,0.3485125
2014-12-05 10:30:00,0.36255
2014-12-06 10:30:00,0.4559875
2014-12-07 10:30:00,0.52253747
2014-12-08 10:30:00,0.5280125
2014-12-09 10:30:00,0.56514996
2014-12-10 10:30:00,0.769825
2014-12-11 10:30:00,0.6164125
2014-12-12 10:30:00,0.48208746
2014-12-13 10:30:00,0.5352
2014-12-14 10:30:00,0.6669125
2014-12-15 10:30:00,0.564625
2014-12-16 10:30:00,0.468375
2014-12-17 10:30:00,0.5379
2014-12-18 10:30:00,0.691675
2014-12-19 10:30:00,0.669175
2014-12-20 10:30:00,0.5273625
2014-12-21 10:30:00,0.59954995
2014-12-22 10:30:00,0.719125
2014-12-23 10:30:00,0.614625
2014-12-24 10:30:00,0.5006625
2014-12-25 10:30:00,0.434375
2014-12-26 10:30:00,0.70956254
2014-12-27 10:30:00,0.627775
2014-12-28 10:30:00,0.6379
2014-12-29 10:30:00,0.755075
2014-12-30 10:30:00,0.5337875
2014-12-31 10:30:00,0.42673746
2015-01-01 10:30:00,0.3966375
2015-01-02 10:30:00,0.5574
2015-01-03 10:30:00,0.65459996
2015-01-04 10:30:00,0.6356625
2015-01-05 10:30:00,0.32763752
2015-01-06 10:30:00,0.23665
2015-01-07 10:30:00,0.43022498
2015-01-08 10:30:00,0.55025
2015-01-09 10:30:00,0.6218375
2015-01-10 10:30:00,0.6451375
2015-01-11 10:30:00,0.58146244
2015-01-12 10:30:00,0.6160625
2015-01-13 10:30:00,0.690225
2015-01-14 10:30:00,0.7082499
2015-01-15 10:30:00,0.74496245
2015-01-16 10:30:00,0.34721246
2015-01-17 10:30:00,0.4764125
2015-01-18 10:30:00,0.62247497
2015-01-19 10:30:00,0.597375
2015-01-20 10:30:00,0.66043746
2015-01-21 10:30:00,0.6357875
2015-01-22 10:30:00,0.6405875
2015-01-23 10:30:00,0.6768125
2015-01-24 10:30:00,0.563225
2015-01-25 10:30:00,0.33881247
2015-01-26 10:30:00,0.3195
2015-01-27 10:30:00,0.39325
2015-01-28 10:30:00,0.396875
2015-01-29 10:30:00,0.35683748
2015-01-30 10:30:00,0.37436247
2015-01-31 10:30:00,0.4673
2015-02-01 10:30:00,0.46601248
2015-02-02 10:30:00,0.53435
2015-02-03 10:30:00,0.55515
2015-02-04 10:30:00,0.498325
2015-02-05 10:30:00,0.45428747
2015-02-06 10:30:00,0.2996375
2015-02-07 10:30:00,0.2332
2015-02-08 10:30:00,0.27491248
2015-02-09 10:30:00,0.3386875
2015-02-10 10:30:00,0.32686248
2015-02-11 10:30:00,0.46339998
2015-02-12 10:30:00,0.34437498
2015-02-13 10:30:00,0.421075
2015-02-14 10:30:00,0.5512125
2015-02-15 10:30:00,0.49025
2015-02-16 10:30:00,0.543275
2015-02-17 10:30:00,0.33741248
2015-02-18 10:30:00,0.2635
2015-02-19 10:30:00,0.37678748
2015-02-20 10:30:00,0.3609125
2015-02-21 10:30:00,0.8640625
2015-02-22 10:30:00,0.510525
2015-02-23 10:30:00,0.3185625
2015-02-24 10:30:00,0.49197498
2015-02-25 10:30:00,0.50256246
2015-02-26 10:30:00,0.5094375
2015-02-27 10:30:00,0.38075
2015-02-28 10:30:00,0.47001252
2015-03-01 10:30:00,0.3747375
2015-03-02 10:30:00,0.37963748
2015-03-03 10:30:00,0.55931246
2015-03-04 10:30:00,0.41427502
2015-03-05 10:30:00,0.47303748
2015-03-06 10:30:00,0.31184998
2015-03-07 10:30:00,0.2719875
2015-03-08 10:30:00,0.297225
2015-03-09 10:30:00,0.256925
2015-03-10 10:30:00,0.274825
2015-03-11 10:30:00,0.2539
2015-03-12 10:30:00,0.36899996
2015-03-13 10:30:00,0.3741
2015-03-14 10:30:00,0.35009998
2015-03-15 10:30:00,0.263425
2015-03-16 10:30:00,0.23798749
2015-03-17 10:30:00,0.2500625
2015-03-18 10:30:00,0.29947498
2015-03-19 10:30:00,0.2585
2015-03-20 10:30:00,0.224275
2015-03-21 10:30:00,0.1552375
2015-03-22 10:30:00,0.18573749
2015-03-23 10:30:00,0.17441249
2015-03-24 10:30:00,0.2688125
2015-03-25 10:30:00,0.17573749
2015-03-26 10:30:00,0.144525
2015-03-27 10:30:00,0.36646247
2015-03-28 10:30:00,0.44392502
2015-03-29 10:30:00,0.2475625
2015-03-30 10:30:00,0.2655
2015-03-31 10:30:00,0.1735625
2015-04-01 10:30:00,0.18124999
2015-04-02 10:30:00,0.7085125
2015-04-03 10:30:00,0.40625
2015-04-04 10:30:00,0.8429125
2015-04-05 10:30:00,0.5271625
2015-04-06 10:30:00,0.390275
2015-04-07 10:30:00,0.462925
2015-04-08 10:30:00,0.56436247
2015-04-09 10:30:00,0.3538625
2015-04-10 10:30:00,0.46147498
2015-04-11 10:30:00,0.38497496
2015-04-12 10:30:00,0.262775
2015-04-13 10:30:00,0.21579999
2015-04-14 10:30:00,0.337025
2015-04-15 10:30:00,0.36916247
2015-04-16 10:30:00,0.29015
2015-04-17 10:30:00,0.18487498
2015-04-18 10:30:00,0.212625
2015-04-19 10:30:00,0.19999999
2015-04-20 10:30:00,0.21219999
2015-04-21 10:30:00,0.23848751
2015-04-22 10:30:00,0.21469998
2015-04-23 10:30:00,0.3286
2015-04-24 10:30:00,0.19887501
2015-04-25 10:30:00,0.2819
2015-04-26 10:30:00,0.218475
2015-04-27 10:30:00,0.277225
2015-04-28 10:30:00,0.294225
2015-04-29 10:30:00,0.1628375
2015-04-30 10:30:00,0.114412494
2015-05-01 10:30:00,0.45048746
2015-05-02 10:30:00,0.3907125
2015-05-03 10:30:00,0.264175
2015-05-04 10:30:00,0.2333125
2015-05-05 10:30:00,0.3847375
2015-05-06 10:30:00,0.38147497
2015-05-07 10:30:00,0.84898746
2015-05-08 10:30:00,0.6649625
2015-05-09 10:30:00,0.38237497
2015-05-10 10:30:00,0.3918375
2015-05-11 10:30:00,0.89496243
2015-05-12 10:30:00,0.81354994
2015-05-13 10:30:00,0.6604
2015-05-14 10:30:00,0.26358747
2015-05-15 10:30:00,0.24294999
2015-05-16 10:30:00,0.4091375
2015-05-17 10:30:00,0.5601125
2015-05-18 10:30:00,0.73122495
2015-05-19 10:30:00,0.5974375
2015-05-20 10:30:00,0.3451125
2015-05-21 10:30:00,0.3059
2015-05-22 10:30:00,0.258625
2015-05-23 10:30:00,0.3874
2015-05-24 10:30:00,0.33415002
2015-05-25 10:30:00,0.664475
2015-05-26 10:30:00,0.55672497
2015-05-27 10:30:00,0.4557125
2015-05-28 10:30:00,0.7250625
2015-05-29 10:30:00,0.492175
2015-05-30 10:30:00,0.45851249
2015-05-31 10:30:00,0.506475
2015-06-01 10:30:00,0.4531625
2015-06-02 10:30:00,0.5142375
2015-06-03 10:30:00,0.36749998
2015-06-04 10:30:00,0.6260125
2015-06-05 10:30:00,0.9188375
2015-06-06 10:30:00,0.8019875
2015-06-07 10:30:00,0.67644995
2015-06-08 10:30:00,0.65357494
2015-06-09 10:30:00,0.58295
2015-06-10 10:30:00,0.7399375
2015-06-11 10:30:00,0.90278745
2015-06-12 10:30:00,0.8866125
2015-06-13 10:30:00,0.74221253
2015-06-14 10:30:00,0.5527
2015-06-15 10:30:00,0.46737498
2015-06-16 10:30:00,0.656025
2015-06-17 10:30:00,0.910725
2015-06-18 10:30:00,0.863275
2015-06-19 10:30:00,0.6653875
2015-06-20 10:30:00,0.5795375
2015-06-21 10:30:00,0.51546246
2015-06-22 10:30:00,0.5951
2015-06-23 10:30:00,0.69484997
2015-06-24 10:30:00,0.75964993
2015-06-25 10:30:00,0.6299125
2015-06-26 10:30:00,0.544725
2015-06-27 10:30:00,0.6225
2015-06-28 10:30:00,0.480825
2015-06-29 10:30:00,0.492075
2015-06-30 10:30:00,0.704425
2015-07-01 10:30:00,0.7779875
2015-07-02 10:30:00,0.764325
2015-07-03 10:30:00,0.6428
2015-07-04 10:30:00,0.579925
2015-07-05 10:30:00,0.56733745
2015-07-06 10:30:00,0.5746375
2015-07-07 10:30:00,0.5680125
2015-07-08 10:30:00,0.56689996
2015-07-09 10:30:00,0.58526254
2015-07-10 10:30:00,0.568925
2015-07-11 10:30:00,0.67653745
2015-07-12 10:30:00,0.629825
2015-07-13 10:30:00,0.5684875
2015-07-14 10:30:00,0.6842625
2015-07-15 10:30:00,0.73531246
2015-07-16 10:30:00,0.7047375
2015-07-17 10:30:00,0.72845
2015-07-18 10:30:00,0.64379996
2015-07-19 10:30:00,0.6096625
2015-07-20 10:30:00,0.7696375
2015-07-21 10:30:00,0.87308747
2015-07-22 10:30:00,0.82778746
2015-07-23 10:30:00,0.7694125
2015-07-24 10:30:00,0.7000125
2015-07-25 10:30:00,0.8140625
2015-07-26 10:30:00,0.67051244
2015-07-27 10:30:00,0.53377503
2015-07-28 10:30:00,0.6277125
2015-07-29 10:30:00,0.7954625
2015-07-30 10:30:00,0.68654996
2015-07-31 10:30:00,0.69404995
2015-08-01 10:30:00,0.6114875
2015-08-02 10:30:00,0.64942497
2015-08-03 10:30:00,0.6045
2015-08-04 10:30:00,0.632425
2015-08-05 10:30:00,0.71021247
2015-08-06 10:30:00,0.81044996
2015-08-07 10:30:00,0.71375
2015-08-08 10:30:00,0.7884375
2015-08-09 10:30:00,0.83595
2015-08-10 10:30:00,0.7227
2015-08-11 10:30:00,0.73449993
2015-08-12 10:30:00,0.698475
2015-08-13 10:30:00,0.67375
2015-08-14 10:30:00,0.75616246
2015-08-15 10:30:00,0.8296
2015-08-16 10:30:00,0.8658999
2015-08-17 10:30:00,0.8285875
2015-08-18 10:30:00,0.8703875
2015-08-19 10:30:00,0.7507875
2015-08-20 10:30:00,0.8991375
2015-08-21 10:30:00,0.83866245
2015-08-22 10:30:00,0.79277503
2015-08-23 10:30:00,0.8391625
2015-08-24 10:30:00,0.88593745
2015-08-25 10:30:00,0.87786245
2015-08-26 10:30:00,0.764025
2015-08-27 10:30:00,0.6837124
2015-08-28 10:30:00,0.88663745
2015-08-29 10:30:00,0.89003754
2015-08-30 10:30:00,0.93448746
2015-08-31 10:30:00,0.9425374
2015-09-01 10:30:00,0.7514125
2015-09-02 10:30:00,0.7563125
2015-09-03 10:30:00,0.69433755
2015-09-04 10:30:00,0.718125
2015-09-05 10:30:00,0.73702496
2015-09-06 10:30:00,0.6394625
2015-09-07 10:30:00,0.89635
2015-09-08 10:30:00,0.8743875
2015-09-09 10:30:00,0.6132375
2015-09-10 10:30:00,0.56939995
2015-09-11 10:30:00,0.568975
2015-09-12 10:30:00,0.6561125
2015-09-13 10:30:00,0.7294
2015-09-14 10:30:00,0.6441
2015-09-15 10:30:00,0.6692375
2015-09-16 10:30:00,0.67440003
2015-09-17 10:30:00,0.85745
2015-09-18 10:30:00,0.84155
2015-09-19 10:30:00,0.67903745
2015-09-20 10:30:00,0.70498747
2015-09-21 10:30:00,0.622225
2015-09-22 10:30:00,0.95826244
2015-09-23 10:30:00,0.75487494
2015-09-24 10:30:00,0.7224375
2015-09-25 10:30:00,0.8285499
2015-09-26 10:30:00,0.72308755
2015-09-27 10:30:00,0.639375
2015-09-28 10:30:00,0.590925
2015-09-29 10:30:00,0.635125
2015-09-30 10:30:00,0.67451245
2015-10-01 10:30:00,0.49101248
2015-10-02 10:30:00,0.372975
2015-10-03 10:30:00,0.43316248
2015-10-04 10:30:00,0.47583747
2015-10-05 10:30:00,0.5447875
2015-10-06 10:30:00,0.55732495
2015-10-07 10:30:00,0.34818748
2015-10-08 10:30:00,0.43392497
2015-10-09 10:30:00,0.5234
2015-10-10 10:30:00,0.88533753
2015-10-11 10:30:00,0.45572498
2015-10-12 10:30:00,0.53538746
2015-10-13 10:30:00,0.58108747
2015-10-14 10:30:00,0.6084125
2015-10-15 10:30:00,0.452275
2015-10-16 10:30:00,0.34405
2015-10-17 10:30:00,0.2577875
2015-10-18 10:30:00,0.33334997
2015-10-19 10:30:00,0.338225
2015-10-20 10:30:00,0.411375
2015-10-21 10:30:00,0.40901247
2015-10-22 10:30:00,0.41568747
2015-10-23 10:30:00,0.21499999
2015-10-24 10:30:00,0.2699125
2015-10-25 10:30:00,0.3796875
2015-10-26 10:30:00,0.520575
2015-10-27 10:30:00,0.3515375
2015-10-28 10:30:00,0.33319998
2015-10-29 10:30:00,0.35815
2015-10-30 10:30:00,0.35799998
2015-10-31 10:30:00,0.4252375
2015-11-01 10:30:00,0.30049998
2015-11-02 10:30:00,0.45991248
2015-11-03 10:30:00,0.29588747
2015-11-04 10:30:00,0.29416248
2015-11-05 10:30:00,0.279625
2015-11-06 10:30:00,0.4453625
2015-11-07 10:30:00,0.4810125
2015-11-08 10:30:00,0.49802497
2015-11-09 10:30:00,0.666475
2015-11-10 10:30:00,0.6471125
2015-11-11 10:30:00,0.67401254
2015-11-12 10:30:00,0.76643753
2015-11-13 10:30:00,0.82103753
2015-11-14 10:30:00,0.6796
2015-11-15 10:30:00,0.2592125
2015-11-16 10:30:00,0.66660005
2015-11-17 10:30:00,0.62627494
2015-11-18 10:30:00,0.7061875
2015-11-19 10:30:00,0.7604875
2015-11-20 10:30:00,0.73138744
2015-11-21 10:30:00,0.65577495
2015-11-22 10:30:00,0.62895
2015-11-23 10:30:00,0.5738
2015-11-24 10:30:00,0.578175
2015-11-25 10:30:00,0.61246246
2015-11-26 10:30:00,0.631125
2015-11-27 10:30:00,0.74268746
2015-11-28 10:30:00,0.67671245
2015-11-29 10:30:00,0.6807125
2015-11-30 10:30:00,0.76285005
2015-12-01 10:30:00,0.84362495
2015-12-02 10:30:00,0.8072375
2015-12-03 10:30:00,0.5560875
2015-12-04 10:30:00,0.4751
2015-12-05 10:30:00,0.489025
2015-12-06 10:30:00,0.60905
2015-12-07 10:30:00,0.7055625
2015-12-08 10:30:00,0.72068745
2015-12-09 10:30:00,0.7162375
2015-12-10 10:30:00,0.64419997
2015-12-11 10:30:00,0.6753
2015-12-12 10:30:00,0.629625
2015-12-13 10:30:00,0.689775
2015-12-14 10:30:00,0.80055
2015-12-15 10:30:00,0.56761247
2015-12-16 10:30:00,0.4907375
2015-12-17 10:30:00,0.5595875
2015-12-18 10:30:00,0.6540625
2015-12-19 10:30:00,0.7059375
2015-12-20 10:30:00,0.7745375
2015-12-21 10:30:00,0.7925125
2015-12-22 10:30:00,0.66779995
2015-12-23 10:30:00,0.5678125
2015-12-24 10:30:00,0.5402625
2015-12-25 10:30:00,0.6079125
2015-12-26 10:30:00,0.37361246
2015-12-27 10:30:00,0.312775
2015-12-28 10:30:00,0.4862625
2015-12-29 10:30:00,0.6656375
2015-12-30 10:30:00,0.6795875
2015-12-31 10:30:00,0.69123745
2016-01-01 10:30:00,0.5965625
2016-01-02 10:30:00,0.6377125
2016-01-03 10:30:00,0.50413746
2016-01-04 10:30:00,0.40862498
2016-01-05 10:30:00,0.544375
2016-01-06 10:30:00,0.4408
2016-01-07 10:30:00,0.47235
2016-01-08 10:30:00,0.46325
2016-01-09 10:30:00,0.455975
2016-01-10 10:30:00,0.3570625
2016-01-11 10:30:00,0.39236248
2016-01-12 10:30:00,0.4487125
2016-01-13 10:30:00,0.4646625
2016-01-14 10:30:00,0.63409996
2016-01-15 10:30:00,0.68013746
2016-01-16 10:30:00,0.5979
2016-01-17 10:30:00,0.46772498
2016-01-18 10:30:00,0.5187875
2016-01-19 10:30:00,0.51535
2016-01-20 10:30:00,0.541175
2016-01-21 10:30:00,0.48436248
2016-01-22 10:30:00,0.42831248
2016-01-23 10:30:00,0.46955
2016-01-24 10:30:00,0.36581248
2016-01-25 10:30:00,0.3798875
2016-01-26 10:30:00,0.387625
2016-01-27 10:30:00,0.43496248
2016-01-28 10:30:00,0.4594625
2016-01-29 10:30:00,0.43706247
2016-01-30 10:30:00,0.50588745
2016-01-31 10:30:00,0.48759997
2016-02-01 10:30:00,0.46377498
2016-02-02 10:30:00,0.43445
2016-02-03 10:30:00,0.41387498
2016-02-04 10:30:00,0.4136875
2016-02-05 10:30:00,0.49814996
2016-02-06 10:30:00,0.52255
2016-02-07 10:30:00,0.67193747
2016-02-08 10:30:00,0.6609375
2016-02-09 10:30:00,0.63083744
2016-02-10 10:30:00,0.69473743
2016-02-11 10:30:00,0.69186246
2016-02-12 10:30:00,0.39627498
2016-02-13 10:30:00,0.3568625
2016-02-14 10:30:00,0.3495
2016-02-15 10:30:00,0.4570375
2016-02-16 10:30:00,0.41772497
2016-02-17 10:30:00,0.5072875
2016-02-18 10:30:00,0.41968748
2016-02-19 10:30:00,0.3815625
2016-02-20 10:30:00,0.40099996
2016-02-21 10:30:00,0.34132499
2016-02-22 10:30:00,0.361775
2016-02-23 10:30:00,0.3580125
2016-02-24 10:30:00,0.40986252
2016-02-25 10:30:00,0.41916248
2016-02-26 10:30:00,0.4341375
2016-02-27 10:30:00,0.40125
2016-02-28 10:30:00,0.546175
2016-02-29 10:30:00,0.470125
2016-03-01 10:30:00,0.48686248
2016-03-02 10:30:00,0.6241625
2016-03-03 10:30:00,0.63458747
2016-03-04 10:30:00,0.67992496
2016-03-05 10:30:00,0.492125
2016-03-06 10:30:00,0.393525
2016-03-07 10:30:00,0.34757498
2016-03-08 10:30:00,0.3555125
2016-03-09 10:30:00,0.34408748
2016-03-10 10:30:00,0.37792498
2016-03-11 10:30:00,0.41322502
2016-03-12 10:30:00,0.31954998
2016-03-13 10:30:00,0.35764998
2016-03-14 10:30:00,0.4364
2016-03-15 10:30:00,0.36304998
2016-03-16 10:30:00,0.3490625
2016-03-17 10:30:00,0.4176375
2016-03-18 10:30:00,0.50304997
2016-03-19 10:30:00,0.3733875
2016-03-20 10:30:00,0.31715
2016-03-21 10:30:00,0.6950875
2016-03-22 10:30:00,0.3136
2016-03-23 10:30:00,0.2998125
2016-03-24 10:30:00,0.3205
2016-03-25 10:30:00,0.26475
2016-03-26 10:30:00,0.2593
2016-03-27 10:30:00,0.2430625
2016-03-28 10:30:00,0.2448625
2016-03-29 10:30:00,0.43092498
2016-03-30 10:30:00,0.315475
2016-03-31 10:30:00,0.304475
2016-04-01 10:30:00,0.42358747
2016-04-02 10:30:00,0.289025
2016-04-03 10:30:00,0.32215
2016-04-04 10:30:00,0.39194998
2016-04-05 10:30:00,0.31136248
2016-04-06 10:30:00,0.302575
2016-04-07 10:30:00,0.19414999
2016-04-08 10:30:00,0.1830625
2016-04-09 10:30:00,0.20798749
2016-04-10 10:30:00,0.26178747
2016-04-11 10:30:00,0.401325
2016-04-12 10:30:00,0.35468748
2016-04-13 10:30:00,0.80632496
2016-04-14 10:30:00,0.565975
2016-04-15 10:30:00,0.7058
2016-04-16 10:30:00,0.76159996
2016-04-17 10:30:00,0.3749375
2016-04-18 10:30:00,0.421025
2016-04-19 10:30:00,0.2739375
2016-04-20 10:30:00,0.2445125
2016-04-21 10:30:00,0.28467497
2016-04-22 10:30:00,0.4179375
2016-04-23 10:30:00,0.34491247
2016-04-24 10:30:00,0.543275
2016-04-25 10:30:00,0.3799625
2016-04-26 10:30:00,0.3478875
2016-04-27 10:30:00,0.49076247
2016-04-28 10:30:00,0.3236875
2016-04-29 10:30:00,0.38634998
2016-04-30 10:30:00,0.44948748
2016-05-01 10:30:00,0.561575
2016-05-02 10:30:00,0.39802498
2016-05-03 10:30:00,0.23309998
2016-05-04 10:30:00,0.193225
2016-05-05 10:30:00,0.67262495
2016-05-06 10:30:00,0.74415
2016-05-07 10:30:00,0.2660875
2016-05-08 10:30:00,0.347975
2016-05-09 10:30:00,0.392
2016-05-10 10:30:00,0.20701249
2016-05-11 10:30:00,0.5859
2016-05-12 10:30:00,0.5756375
2016-05-13 10:30:00,0.30357498
2016-05-14 10:30:00,0.42533746
2016-05-15 10:30:00,0.35613748
2016-05-16 10:30:00,0.42073748
2016-05-17 10:30:00,0.1569875
2016-05-18 10:30:00,0.29552498
2016-05-19 10:30:00,0.2677125
2016-05-20 10:30:00,0.3229375
2016-05-21 10:30:00,0.34777498
2016-05-22 10:30:00,0.26532498
2016-05-23 10:30:00,0.6025625
2016-05-24 10:30:00,0.87171245
2016-05-25 10:30:00,0.4921375
2016-05-26 10:30:00,0.4256625
2016-05-27 10:30:00,0.4316375
2016-05-28 10:30:00,0.3634375
2016-05-29 10:30:00,0.34435
2016-05-30 10:30:00,0.44687498
2016-05-31 10:30:00,0.4459
2016-06-01 10:30:00,0.352625
2016-06-02 10:30:00,0.3868
2016-06-03 10:30:00,0.44393748
2016-06-04 10:30:00,0.447075
2016-06-05 10:30:00,0.3662375
2016-06-06 10:30:00,0.53591245
2016-06-07 10:30:00,0.57885
2016-06-08 10:30:00,0.4016
2016-06-09 10:30:00,0.62985
2016-06-10 10:30:00,0.74903744
2016-06-11 10:30:00,0.67013747
2016-06-12 10:30:00,0.693275
2016-06-13 10:30:00,0.6673625
2016-06-14 10:30:00,0.53884995
2016-06-15 10:30:00,0.6945625
2016-06-16 10:30:00,0.723275
2016-06-17 10:30:00,0.849
2016-06-18 10:30:00,0.7783
2016-06-19 10:30:00,0.6983125
2016-06-20 10:30:00,0.698725
2016-06-21 10:30:00,0.5703
2016-06-22 10:30:00,0.84122497
2016-06-23 10:30:00,0.66949993
2016-06-24 10:30:00,0.6041875
2016-06-25 10:30:00,0.4906625
2016-06-26 10:30:00,0.56127495
2016-06-27 10:30:00,0.6222625
2016-06-28 10:30:00,0.682
2016-06-29 10:30:00,0.83566254
2016-06-30 10:30:00,0.731475
2016-07-01 10:30:00,0.60452497
2016-07-02 10:30:00,0.562725
2016-07-03 10:30:00,0.590975
2016-07-04 10:30:00,0.4865
2016-07-05 10:30:00,0.4738625
2016-07-06 10:30:00,0.4741
2016-07-07 10:30:00,0.60275
2016-07-08 10:30:00,0.57084996
2016-07-09 10:30:00,0.6727625
2016-07-10 10:30:00,0.4621125
2016-07-11 10:30:00,0.63530004
2016-07-12 10:30:00,0.696425
2016-07-13 10:30:00,0.56645
2016-07-14 10:30:00,0.52815
2016-07-15 10:30:00,0.49268752
2016-07-16 10:30:00,0.578
2016-07-17 10:30:00,0.61955
2016-07-18 10:30:00,0.47915
2016-07-19 10:30:00,0.62506247
2016-07-20 10:30:00,0.69083744
2016-07-21 10:30:00,0.6490375
2016-07-22 10:30:00,0.8190249
2016-07-23 10:30:00,0.847675
2016-07-24 10:30:00,0.5731875
2016-07-25 10:30:00,0.7104
2016-07-26 10:30:00,0.653225
2016-07-27 10:30:00,0.58573747
2016-07-28 10:30:00,0.63046247
2016-07-29 10:30:00,0.602475
2016-07-30 10:30:00,0.66183746
2016-07-31 10:30:00,0.64582497
2016-08-01 10:30:00,0.5844
2016-08-02 10:30:00,0.52349997
2016-08-03 10:30:00,0.52085
2016-08-04 10:30:00,0.57362497
2016-08-05 10:30:00,0.6530375
2016-08-06 10:30:00,0.86948746
2016-08-07 10:30:00,0.5596125
2016-08-08 10:30:00,0.5437375
2016-08-09 10:30:00,0.72595
2016-08-10 10:30:00,0.65535
2016-08-11 10:30:00,0.49945
2016-08-12 10:30:00,0.41915
2016-08-13 10:30:00,0.50935
2016-08-14 10:30:00,0.53284997
2016-08-15 10:30:00,0.55285
2016-08-16 10:30:00,0.5913625
2016-08-17 10:30:00,0.44505
2016-08-18 10:30:00,0.65455
2016-08-19 10:30:00,0.6641375
2016-08-20 10:30:00,0.7642
2016-08-21 10:30:00,0.6146
2016-08-22 10:30:00,0.6326625
2016-08-23 10:30:00,0.76934993
2016-08-24 10:30:00,0.5316
2016-08-25 10:30:00,0.3920125
2016-08-26 10:30:00,0.4654
2016-08-27 10:30:00,0.4324375
2016-08-28 10:30:00,0.41337502
2016-08-29 10:30:00,0.4202875
2016-08-30 10:30:00,0.5458875
2016-08-31 10:30:00,0.92632496
2016-09-01 10:30:00,0.93412495
2016-09-02 10:30:00,0.90995
2016-09-03 10:30:00,0.854875
2016-09-04 10:30:00,0.9393
2016-09-05 10:30:00,0.887275
2016-09-06 10:30:00,0.8449375
2016-09-07 10:30:00,0.725175
2016-09-08 10:30:00,0.8269875
2016-09-09 10:30:00,0.86852497
2016-09-10 10:30:00,0.8009875
2016-09-11 10:30:00,0.7397625
2016-09-12 10:30:00,0.8375
2016-09-13 10:30:00,0.8280375
2016-09-14 10:30:00,0.8966625
2016-09-15 10:30:00,0.5989125
2016-09-16 10:30:00,0.69717497
2016-09-17 10:30:00,0.627225
2016-09-18 10:30:00,0.576225
2016-09-19 10:30:00,0.57084996
2016-09-20 10:30:00,0.54092497
2016-09-21 10:30:00,0.532375
2016-09-22 10:30:00,0.6825625
2016-09-23 10:30:00,0.69584996
2016-09-24 10:30:00,0.74775
2016-09-25 10:30:00,0.587125
2016-09-26 10:30:00,0.76263744
2016-09-27 10:30:00,0.71676254
2016-09-28 10:30:00,0.617525
2016-09-29 10:30:00,0.61663747
2016-09-30 10:30:00,0.6397125
2016-10-01 10:30:00,0.423475
2016-10-02 10:30:00,0.65332496
2016-10-03 10:30:00,0.64138746
2016-10-04 10:30:00,0.73375
2016-10-05 10:30:00,0.558275
2016-10-06 10:30:00,0.46838748
2016-10-07 10:30:00,0.8526625
2016-10-08 10:30:00,0.5828125
2016-10-09 10:30:00,0.5831125
2016-10-10 10:30:00,0.42235
2016-10-11 10:30:00,0.46461248
2016-10-12 10:30:00,0.5370375
2016-10-13 10:30:00,0.5966625
2016-10-14 10:30:00,0.6118
2016-10-15 10:30:00,0.5815375
2016-10-16 10:30:00,0.565625
2016-10-17 10:30:00,0.48232496
2016-10-18 10:30:00,0.4871625
2016-10-19 10:30:00,0.6945125
2016-10-20 10:30:00,0.4684875
2016-10-21 10:30:00,0.76915
2016-10-22 10:30:00,0.56553745
2016-10-23 10:30:00,0.5567125
2016-10-24 10:30:00,0.542425
2016-10-25 10:30:00,0.5212375
2016-10-26 10:30:00,0.46592498
2016-10-27 10:30:00,0.5205
2016-10-28 10:30:00,0.3986375
2016-10-29 10:30:00,0.463925
2016-10-30 10:30:00,0.38592502
2016-10-31 10:30:00,0.37595
2016-11-01 10:30:00,0.40405
2016-11-02 10:30:00,0.42505
2016-11-03 10:30:00,0.561975
2016-11-04 10:30:00,0.7693875
2016-11-05 10:30:00,0.6625375
2016-11-06 10:30:00,0.7057125
2016-11-07 10:30:00,0.6950875
2016-11-08 10:30:00,0.581425
2016-11-09 10:30:00,0.67522496
2016-11-10 10:30:00,0.79522496
2016-11-11 10:30:00,0.578175
2016-11-12 10:30:00,0.704125
2016-11-13 10:30:00,0.7857375
2016-11-14 10:30:00,0.537825
2016-11-15 10:30:00,0.61907494
2016-11-16 10:30:00,0.6774
2016-11-17 10:30:00,0.7183375
2016-11-18 10:30:00,0.67661244
2016-11-19 10:30:00,0.62307495
2016-11-20 10:30:00,0.4079875
2016-11-21 10:30:00,0.4501
2016-11-22 10:30:00,0.4771125
2016-11-23 10:30:00,0.46669996
2016-11-24 10:30:00,0.60569996
2016-11-25 10:30:00,0.67440003
2016-11-26 10:30:00,0.6582375
2016-11-27 10:30:00,0.578
2016-11-28 10:30:00,0.5222125
2016-11-29 10:30:00,0.66238743
2016-11-30 10:30:00,0.51138747
2016-12-01 10:30:00,0.49531248
2016-12-02 10:30:00,0.64866245
2016-12-03 10:30:00,0.44422498
2016-12-04 10:30:00,0.411925
2016-12-05 10:30:00,0.5194625
2016-12-06 10:30:00,0.6647999
2016-12-07 10:30:00,0.6557125
2016-12-08 10:30:00,0.678075
2016-12-09 10:30:00,0.53545
2016-12-10 10:30:00,0.6282125
2016-12-11 10:30:00,0.7159375
2016-12-12 10:30:00,0.5592125
2016-12-13 10:30:00,0.4999
2016-12-14 10:30:00,0.47777498
2016-12-15 10:30:00,0.42013747
2016-12-16 10:30:00,0.6561875
2016-12-17 10:30:00,0.5689875
2016-12-18 10:30:00,0.70199996
2016-12-19 10:30:00,0.73051244
2016-12-20 10:30:00,0.7157125
2016-12-21 10:30:00,0.63955003
2016-12-22 10:30:00,0.46568748
2016-12-23 10:30:00,0.6035875
2016-12-24 10:30:00,0.69063747
2016-12-25 10:30:00,0.497675
2016-12-26 10:30:00,0.38785
2016-12-27 10:30:00,0.5294375
2016-12-28 10:30:00,0.45158747
2016-12-29 10:30:00,0.47053748
2016-12-30 10:30:00,0.554025
2016-12-31 10:30:00,0.658
2017-01-01 10:30:00,0.681575
2017-01-02 10:30:00,0.67303747
2017-01-03 10:30:00,0.59994996
2017-01-04 10:30:00,0.71037495
2017-01-05 10:30:00,0.68445
2017-01-06 10:30:00,0.6776625
2017-01-07 10:30:00,0.68152505
2017-01-08 10:30:00,0.48603746
2017-01-09 10:30:00,0.34995
2017-01-10 10:30:00,0.39775002
2017-01-11 10:30:00,0.46755
2017-01-12 10:30:00,0.39822498
2017-01-13 10:30:00,0.5025
2017-01-14 10:30:00,0.47445
2017-01-15 10:30:00,0.54101247
2017-01-16 10:30:00,0.629075
2017-01-17 10:30:00,0.70956254
2017-01-18 10:30:00,0.6029625
2017-01-19 10:30:00,0.52107495
2017-01-20 10:30:00,0.575325
2017-01-21 10:30:00,0.65363747
2017-01-22 10:30:00,0.47775
2017-01-23 10:30:00,0.45005
2017-01-24 10:30:00,0.50796247
2017-01-25 10:30:00,0.5836375
2017-01-26 10:30:00,0.44255
2017-01-27 10:30:00,0.42243746
2017-01-28 10:30:00,0.54205
2017-01-29 10:30:00,0.45591247
2017-01-30 10:30:00,0.4195
2017-01-31 10:30:00,0.38599998
2017-02-01 10:30:00,0.3469875
2017-02-02 10:30:00,0.46432498
2017-02-03 10:30:00,0.54115003
2017-02-04 10:30:00,0.5888
2017-02-05 10:30:00,0.516275
2017-02-06 10:30:00,0.3864625
2017-02-07 10:30:00,0.5059375
2017-02-08 10:30:00,0.4456375
2017-02-09 10:30:00,0.460675
2017-02-10 10:30:00,0.43614995
2017-02-11 10:30:00,0.359425
2017-02-12 10:30:00,0.50415
2017-02-13 10:30:00,0.478525
2017-02-14 10:30:00,0.5435375
2017-02-15 10:30:00,0.5687125
2017-02-16 10:30:00,0.3368125
2017-02-17 10:30:00,0.2642125
2017-02-18 10:30:00,0.3748125
2017-02-19 10:30:00,0.6643875
2017-02-20 10:30:00,0.43811247
2017-02-21 10:30:00,0.6673375
2017-02-22 10:30:00,0.421375
2017-02-23 10:30:00,0.4117375
2017-02-24 10:30:00,0.5280125
2017-02-25 10:30:00,0.45857498
2017-02-26 10:30:00,0.573025
2017-02-27 10:30:00,0.4502125
2017-02-28 10:30:00,0.366175
2017-03-01 10:30:00,0.31652498
2017-03-02 10:30:00,0.4669875
2017-03-03 10:30:00,0.42561248
2017-03-04 10:30:00,0.38834998
2017-03-05 10:30:00,0.33715
2017-03-06 10:30:00,0.38062498
2017-03-07 10:30:00,0.3655875
2017-03-08 10:30:00,0.31562498
2017-03-09 10:30:00,0.34475
2017-03-10 10:30:00,0.36866248
2017-03-11 10:30:00,0.3768875
2017-03-12 10:30:00,0.262275
2017-03-13 10:30:00,0.3201125
2017-03-14 10:30:00,0.3786875
2017-03-15 10:30:00,0.2991625
2017-03-16 10:30:00,0.37092498
2017-03-17 10:30:00,0.387725
2017-03-18 10:30:00,0.2356875
2017-03-19 10:30:00,0.26905
2017-03-20 10:30:00,0.3705375
2017-03-21 10:30:00,0.3128875
2017-03-22 10:30:00,0.30528748
2017-03-23 10:30:00,0.3336375
2017-03-24 10:30:00,0.3047
2017-03-25 10:30:00,0.34283748
2017-03-26 10:30:00,0.469075
2017-03-27 10:30:00,0.37775
2017-03-28 10:30:00,0.37391248
2017-03-29 10:30:00,0.623325
2017-03-30 10:30:00,0.35213748
2017-03-31 10:30:00,0.2897625
2017-04-01 10:30:00,0.291275
2017-04-02 10:30:00,0.251725
2017-04-03 10:30:00,0.2326625
2017-04-04 10:30:00,0.24639998
2017-04-05 10:30:00,0.4059
2017-04-06 10:30:00,0.30595
2017-04-07 10:30:00,0.41683748
2017-04-08 10:30:00,0.2235375
2017-04-09 10:30:00,0.202925
2017-04-10 10:30:00,0.1738
2017-04-11 10:30:00,0.18315001
2017-04-12 10:30:00,0.15707499
2017-04-13 10:30:00,0.2145875
2017-04-14 10:30:00,0.18573749
2017-04-15 10:30:00,0.1289875
2017-04-16 10:30:00,0.3469875
2017-04-17 10:30:00,0.5710875
2017-04-18 10:30:00,0.46342498
2017-04-19 10:30:00,0.38643748
2017-04-20 10:30:00,0.3414875
2017-04-21 10:30:00,0.20611249
2017-04-22 10:30:00,0.2481875
2017-04-23 10:30:00,0.36435
2017-04-24 10:30:00,0.575875
2017-04-25 10:30:00,0.642075
2017-04-26 10:30:00,0.40715
2017-04-27 10:30:00,0.27525
2017-04-28 10:30:00,0.21622498
2017-04-29 10:30:00,0.21414998
2017-04-30 10:30:00,0.290725
2017-05-01 10:30:00,0.175075
2017-05-02 10:30:00,0.1849125
2017-05-03 10:30:00,0.353825
2017-05-04 10:30:00,0.3027125
2017-05-05 10:30:00,0.54701245
2017-05-06 10:30:00,0.2578625
2017-05-07 10:30:00,0.3709
2017-05-08 10:30:00,0.2757625
2017-05-09 10:30:00,0.18983749
2017-05-10 10:30:00,0.4444125
2017-05-11 10:30:00,0.41323748
2017-05-12 10:30:00,0.400175
2017-05-13 10:30:00,0.5212625
2017-05-14 10:30:00,0.437
2017-05-15 10:30:00,0.309375
2017-05-16 10:30:00,0.40987498
2017-05-17 10:30:00,0.3277125
2017-05-18 10:30:00,0.1629625
2017-05-19 10:30:00,0.2130625
2017-05-20 10:30:00,0.46766248
2017-05-21 10:30:00,0.49708748
2017-05-22 10:30:00,0.46985
2017-05-23 10:30:00,0.374225
2017-05-24 10:30:00,0.3701875
2017-05-25 10:30:00,0.2892375
2017-05-26 10:30:00,0.290875
2017-05-27 10:30:00,0.29334998
2017-05-28 10:30:00,0.1934
2017-05-29 10:30:00,0.25376248
2017-05-30 10:30:00,0.23159999
2017-05-31 10:30:00,0.33349997
2017-06-01 10:30:00,0.48252502
2017-06-02 10:30:00,0.58788747
2017-06-03 10:30:00,0.5208875
2017-06-04 10:30:00,0.42728752
2017-06-05 10:30:00,0.27205
2017-06-06 10:30:00,0.5844125
2017-06-07 10:30:00,0.434925
2017-06-08 10:30:00,0.5257
2017-06-09 10:30:00,0.3364375
2017-06-10 10:30:00,0.44245
2017-06-11 10:30:00,0.506175
2017-06-12 10:30:00,0.40861252
2017-06-13 10:30:00,0.2579625
2017-06-14 10:30:00,0.326575
2017-06-15 10:30:00,0.4961
2017-06-16 10:30:00,0.6175375
2017-06-17 10:30:00,0.6442375
2017-06-18 10:30:00,0.71059996
2017-06-19 10:30:00,0.58645
2017-06-20 10:30:00,0.7488625
2017-06-21 10:30:00,0.6971125
2017-06-22 10:30:00,0.47037497
2017-06-23 10:30:00,0.42404997
2017-06-24 10:30:00,0.43485
2017-06-25 10:30:00,0.558025
2017-06-26 10:30:00,0.498875
2017-06-27 10:30:00,0.5254875
2017-06-28 10:30:00,0.454675
2017-06-29 10:30:00,0.61055
2017-06-30 10:30:00,0.6662625
2017-07-01 10:30:00,0.6168125
2017-07-02 10:30:00,0.66785
2017-07-03 10:30:00,0.5746125
2017-07-04 10:30:00,0.45319998
2017-07-05 10:30:00,0.4957375
2017-07-06 10:30:00,0.604175
2017-07-07 10:30:00,0.73952496
2017-07-08 10:30:00,0.8484625
2017-07-09 10:30:00,0.71816254
2017-07-10 10:30:00,0.7204625
2017-07-11 10:30:00,0.47963747
2017-07-12 10:30:00,0.4423875
2017-07-13 10:30:00,0.4120625
2017-07-14 10:30:00,0.4126125
2017-07-15 10:30:00,0.47599998
2017-07-16 10:30:00,0.44413748
2017-07-17 10:30:00,0.61653745
2017-07-18 10:30:00,0.509325
2017-07-19 10:30:00,0.46713752
2017-07-20 10:30:00,0.79013747
2017-07-21 10:30:00,0.5285375
2017-07-22 10:30:00,0.40157497
2017-07-23 10:30:00,0.626275
2017-07-24 10:30:00,0.386175
2017-07-25 10:30:00,0.42866248
2017-07-26 10:30:00,0.90591246
2017-07-27 10:30:00,0.785125
2017-07-28 10:30:00,0.6214375
2017-07-29 10:30:00,0.77261245
2017-07-30 10:30:00,0.7836
2017-07-31 10:30:00,0.7367375
2017-08-01 10:30:00,0.84087497
2017-08-02 10:30:00,0.857425
2017-08-03 10:30:00,0.88122493
2017-08-04 10:30:00,0.8122875
2017-08-05 10:30:00,0.756175
2017-08-06 10:30:00,0.79249996
2017-08-07 10:30:00,0.86276245
2017-08-08 10:30:00,0.82147497
2017-08-09 10:30:00,0.7783125
2017-08-10 10:30:00,0.892125
2017-08-11 10:30:00,0.85919994
2017-08-12 10:30:00,0.83718747
2017-08-13 10:30:00,0.8306625
2017-08-14 10:30:00,0.8704875
2017-08-15 10:30:00,0.81273746
2017-08-16 10:30:00,0.83476245
2017-08-17 10:30:00,0.8082125
2017-08-18 10:30:00,0.78535
2017-08-19 10:30:00,0.76124996
2017-08-20 10:30:00,0.7822375
2017-08-21 10:30:00,0.70098746
2017-08-22 10:30:00,0.581625
2017-08-23 10:30:00,0.6503375
2017-08-24 10:30:00,0.4937625
2017-08-25 10:30:00,0.52
2017-08-26 10:30:00,0.6187625
2017-08-27 10:30:00,0.5872375
2017-08-28 10:30:00,0.39013746
2017-08-29 10:30:00,0.3677
2017-08-30 10:30:00,0.502925
2017-08-31 10:30:00,0.5875125
2017-09-01 10:30:00,0.7089375
2017-09-02 10:30:00,0.6257
2017-09-03 10:30:00,0.8700625
2017-09-04 10:30:00,0.80521244
2017-09-05 10:30:00,0.708225
2017-09-06 10:30:00,0.5647375
2017-09-07 10:30:00,0.61022496
2017-09-08 10:30:00,0.65335
2017-09-09 10:30:00,0.6794124
2017-09-10 10:30:00,0.723625
2017-09-11 10:30:00,0.49099997
2017-09-12 10:30:00,0.6168625
2017-09-13 10:30:00,0.599675
2017-09-14 10:30:00,0.710025
2017-09-15 10:30:00,0.895225
2017-09-16 10:30:00,0.849225
2017-09-17 10:30:00,0.80803746
2017-09-18 10:30:00,0.6915875
2017-09-19 10:30:00,0.7171125
2017-09-20 10:30:00,0.726975
2017-09-21 10:30:00,0.65387493
2017-09-22 10:30:00,0.565975
2017-09-23 10:30:00,0.51701254
2017-09-24 10:30:00,0.5431
2017-09-25 10:30:00,0.52752495
2017-09-26 10:30:00,0.3504875
2017-09-27 10:30:00,0.30651248
2017-09-28 10:30:00,0.353125
2017-09-29 10:30:00,0.30719998
2017-09-30 10:30:00,0.32488748
2017-10-01 10:30:00,0.3226375
2017-10-02 10:30:00,0.27952498
2017-10-03 10:30:00,0.33304998
2017-10-04 10:30:00,0.361375
2017-10-05 10:30:00,0.423325
2017-10-06 10:30:00,0.54029995
2017-10-07 10:30:00,0.6089875
2017-10-08 10:30:00,0.9179625
2017-10-09 10:30:00,0.71475
2017-10-10 10:30:00,0.55385
2017-10-11 10:30:00,0.60318744
2017-10-12 10:30:00,0.5642
2017-10-13 10:30:00,0.45499998
2017-10-14 10:30:00,0.4461875
2017-10-15 10:30:00,0.65848744
2017-10-16 10:30:00,0.35868752
2017-10-17 10:30:00,0.319825
2017-10-18 10:30:00,0.3422875
2017-10-19 10:30:00,0.48503748
2017-10-20 10:30:00,0.43746248
2017-10-21 10:30:00,0.3693875
2017-10-22 10:30:00,0.4545625
2017-10-23 10:30:00,0.4311375
2017-10-24 10:30:00,0.37075
2017-10-25 10:30:00,0.34416252
2017-10-26 10:30:00,0.5244375
2017-10-27 10:30:00,0.62845
2017-10-28 10:30:00,0.32158747
2017-10-29 10:30:00,0.3064625
2017-10-30 10:30:00,0.3688
2017-10-31 10:30:00,0.26285
2017-11-01 10:30:00,0.38337502
2017-11-02 10:30:00,0.42108747
2017-11-03 10:30:00,0.3157
2017-11-04 10:30:00,0.463025
2017-11-05 10:30:00,0.3820125
2017-11-06 10:30:00,0.519625
2017-11-07 10:30:00,0.8606625
2017-11-08 10:30:00,0.7964875
2017-11-09 10:30:00,0.82304996
2017-11-10 10:30:00,0.53398746
2017-11-11 10:30:00,0.61097497
2017-11-12 10:30:00,0.68752503
2017-11-13 10:30:00,0.4603375
2017-11-14 10:30:00,0.458425
2017-11-15 10:30:00,0.4268125
2017-11-16 10:30:00,0.53674996
2017-11-17 10:30:00,0.41823748
2017-11-18 10:30:00,0.4793125
2017-11-19 10:30:00,0.5654875
2017-11-20 10:30:00,0.5546625
2017-11-21 10:30:00,0.53064996
2017-11-22 10:30:00,0.43435
2017-11-23 10:30:00,0.43476248
2017-11-24 10:30:00,0.51485
2017-11-25 10:30:00,0.51687497
2017-11-26 10:30:00,0.47345
2017-11-27 10:30:00,0.38608748
2017-11-28 10:30:00,0.310175
2017-11-29 10:30:00,0.293675
2017-11-30 10:30:00,0.47685
2017-12-01 10:30:00,0.5337875
2017-12-02 10:30:00,0.7485375
2017-12-03 10:30:00,0.5367
2017-12-04 10:30:00,0.4710625
2017-12-05 10:30:00,0.6446499
2017-12-06 10:30:00,0.62934995
2017-12-07 10:30:00,0.50831246
2017-12-08 10:30:00,0.63165
2017-12-09 10:30:00,0.71345
2017-12-10 10:30:00,0.5733875
2017-12-11 10:30:00,0.43326247
2017-12-12 10:30:00,0.43576247
2017-12-13 10:30:00,0.50705
2017-12-14 10:30:00,0.48839998
2017-12-15 10:30:00,0.41415
2017-12-16 10:30:00,0.43871248
2017-12-17 10:30:00,0.50685
2017-12-18 10:30:00,0.4317625
2017-12-19 10:30:00,0.5161375
2017-12-20 10:30:00,0.61176246
2017-12-21 10:30:00,0.5867125
2017-12-22 10:30:00,0.51355
2017-12-23 10:30:00,0.50673753
2017-12-24 10:30:00,0.5015375
2017-12-25 10:30:00,0.463275
2017-12-26 10:30:00,0.32138747
2017-12-27 10:30:00,0.422975
2017-12-28 10:30:00,0.5608125
2017-12-29 10:30:00,0.511175
2017-12-30 10:30:00,0.627025
2017-12-31 10:30:00,0.6339875
2018-01-01 10:30:00,0.48205
2018-01-02 10:30:00,0.451525
2018-01-03 10:30:00,0.44864997
2018-01-04 10:30:00,0.40686247
2018-01-05 10:30:00,0.452125
2018-01-06 10:30:00,0.437075
2018-01-07 10:30:00,0.43555
2018-01-08 10:30:00,0.608575
2018-01-09 10:30:00,0.61202496
2018-01-10 10:30:00,0.4385875
2018-01-11 10:30:00,0.38663748
2018-01-12 10:30:00,0.690975
2018-01-13 10:30:00,0.67550004
2018-01-14 10:30:00,0.63226247
2018-01-15 10:30:00,0.6191875
2018-01-16 10:30:00,0.760575
2018-01-17 10:30:00,0.5476125
2018-01-18 10:30:00,0.569075
2018-01-19 10:30:00,0.38157502
2018-01-20 10:30:00,0.37079996
2018-01-21 10:30:00,0.405675
2018-01-22 10:30:00,0.3483375
2018-01-23 10:30:00,0.3378875
2018-01-24 10:30:00,0.4187125
2018-01-25 10:30:00,0.3499625
2018-01-26 10:30:00,0.364625
2018-01-27 10:30:00,0.3346125
2018-01-28 10:30:00,0.38427496
2018-01-29 10:30:00,0.46354997
2018-01-30 10:30:00,0.428525
2018-01-31 10:30:00,0.5060875
2018-02-01 10:30:00,0.46996248
2018-02-02 10:30:00,0.5323625
2018-02-03 10:30:00,0.49873748
2018-02-04 10:30:00,0.4769625
2018-02-05 10:30:00,0.41893747
2018-02-06 10:30:00,0.51787496
2018-02-07 10:30:00,0.4587625
2018-02-08 10:30:00,0.49171248
2018-02-09 10:30:00,0.3434875
2018-02-10 10:30:00,0.3091625
2018-02-11 10:30:00,0.33107498
2018-02-12 10:30:00,0.3568
2018-02-13 10:30:00,0.3664375
2018-02-14 10:30:00,0.3542375
2018-02-15 10:30:00,0.3847
2018-02-16 10:30:00,0.326275
2018-02-17 10:30:00,0.314075
2018-02-18 10:30:00,0.3482875
2018-02-19 10:30:00,0.3863
2018-02-20 10:30:00,0.38788748
2018-02-21 10:30:00,0.43420002
2018-02-22 10:30:00,0.46419996
2018-02-23 10:30:00,0.33326247
2018-02-24 10:30:00,0.3422375
2018-02-25 10:30:00,0.597675
2018-02-26 10:30:00,0.58428746
2018-02-27 10:30:00,0.4898125
2018-02-28 10:30:00,0.768
2018-03-01 10:30:00,0.42916247
2018-03-02 10:30:00,0.45353746
2018-03-03 10:30:00,0.673175
2018-03-04 10:30:00,0.4048875
2018-03-05 10:30:00,0.33135003
2018-03-06 10:30:00,0.4489625
2018-03-07 10:30:00,0.47037497
2018-03-08 10:30:00,0.377975
2018-03-09 10:30:00,0.68066245
2018-03-10 10:30:00,0.670875
2018-03-11 10:30:00,0.55562496
2018-03-12 10:30:00,0.5254875
2018-03-13 10:30:00,0.68513745
2018-03-14 10:30:00,0.7769625
2018-03-15 10:30:00,0.395225
2018-03-16 10:30:00,0.3805
2018-03-17 10:30:00,0.3794625
2018-03-18 10:30:00,0.268775
2018-03-19 10:30:00,0.2822875
2018-03-20 10:30:00,0.3815125
2018-03-21 10:30:00,0.4089
2018-03-22 10:30:00,0.28505
2018-03-23 10:30:00,0.26622498
2018-03-24 10:30:00,0.35119998
2018-03-25 10:30:00,0.31315
2018-03-26 10:30:00,0.264
2018-03-27 10:30:00,0.3201375
2018-03-28 10:30:00,0.29887497
2018-03-29 10:30:00,0.253425
2018-03-30 10:30:00,0.255175
2018-03-31 10:30:00,0.5042125
2018-04-01 10:30:00,0.3127
2018-04-02 10:30:00,0.1794875
2018-04-03 10:30:00,0.15796249
2018-04-04 10:30:00,0.17035
2018-04-05 10:30:00,0.2702375
2018-04-06 10:30:00,0.154925
2018-04-07 10:30:00,0.145075
2018-04-08 10:30:00,0.18473749
2018-04-09 10:30:00,0.2339875
2018-04-10 10:30:00,0.611575
2018-04-11 10:30:00,0.277825
2018-04-12 10:30:00,0.3186125
2018-04-13 10:30:00,0.83349997
2018-04-14 10:30:00,0.727025
2018-04-15 10:30:00,0.41779998
2018-04-16 10:30:00,0.3836625
2018-04-17 10:30:00,0.3286
2018-04-18 10:30:00,0.43068752
2018-04-19 10:30:00,0.29654998
2018-04-20 10:30:00,0.704
2018-04-21 10:30:00,0.5947625
2018-04-22 10:30:00,0.54662496
2018-04-23 10:30:00,0.4416375
2018-04-24 10:30:00,0.34092498
2018-04-25 10:30:00,0.2836125
2018-04-26 10:30:00,0.24684998
2018-04-27 10:30:00,0.23132499
2018-04-28 10:30:00,0.33396247
2018-04-29 10:30:00,0.40526247
2018-04-30 10:30:00,0.3661125
2018-05-01 10:30:00,0.458225
2018-05-02 10:30:00,0.3797875
2018-05-03 10:30:00,0.23916249
2018-05-04 10:30:00,0.1988875
2018-05-05 10:30:00,0.16088751
2018-05-06 10:30:00,0.32518747
2018-05-07 10:30:00,0.4336
2018-05-08 10:30:00,0.4155125
2018-05-09 10:30:00,0.255675
2018-05-10 10:30:00,0.3189125
2018-05-11 10:30:00,0.314075
2018-05-12 10:30:00,0.40272498
2018-05-13 10:30:00,0.5224
2018-05-14 10:30:00,0.269
2018-05-15 10:30:00,0.5924375
2018-05-16 10:30:00,0.60912496
2018-05-17 10:30:00,0.49645
2018-05-18 10:30:00,0.39205
2018-05-19 10:30:00,0.26326248
2018-05-20 10:30:00,0.4946125
2018-05-21 10:30:00,0.453275
2018-05-22 10:30:00,0.7194125
2018-05-23 10:30:00,0.53415
2018-05-24 10:30:00,0.53819996
2018-05-25 10:30:00,0.4762125
2018-05-26 10:30:00,0.5184875
2018-05-27 10:30:00,0.89559996
2018-05-28 10:30:00,0.72155
2018-05-29 10:30:00,0.8836
2018-05-30 10:30:00,0.45607498
2018-05-31 10:30:00,0.3764875
2018-06-01 10:30:00,0.1922125
2018-06-02 10:30:00,0.19928749
2018-06-03 10:30:00,0.32388747
2018-06-04 10:30:00,0.58292496
2018-06-05 10:30:00,0.5067875
2018-06-06 10:30:00,0.56536245
2018-06-07 10:30:00,0.50458753
2018-06-08 10:30:00,0.5294
2018-06-09 10:30:00,0.7602625
2018-06-10 10:30:00,0.6772999
2018-06-11 10:30:00,0.82474995
2018-06-12 10:30:00,0.8249375
2018-06-13 10:30:00,0.7341874
2018-06-14 10:30:00,0.77815
2018-06-15 10:30:00,0.81833744
2018-06-16 10:30:00,0.5365375
2018-06-17 10:30:00,0.51713747
2018-06-18 10:30:00,0.80277497
2018-06-19 10:30:00,0.5218875
2018-06-20 10:30:00,0.64871246
2018-06-21 10:30:00,0.524575
2018-06-22 10:30:00,0.5929125
2018-06-23 10:30:00,0.5187625
2018-06-24 10:30:00,0.7146375
2018-06-25 10:30:00,0.88726246
2018-06-26 10:30:00,0.9349875
2018-06-27 10:30:00,0.7747
2018-06-28 10:30:00,0.6998875
2018-06-29 10:30:00,0.6096375
2018-06-30 10:30:00,0.62479997
2018-07-01 10:30:00,0.6227125
2018-07-02 10:30:00,0.63075
2018-07-03 10:30:00,0.6684625
2018-07-04 10:30:00,0.962375
2018-07-05 10:30:00,0.93074995
2018-07-06 10:30:00,0.8225875
2018-07-07 10:30:00,0.97265
2018-07-08 10:30:00,0.8001875
2018-07-09 10:30:00,0.758825
2018-07-10 10:30:00,0.7615
2018-07-11 10:30:00,0.8717375
2018-07-12 10:30:00,0.713925
2018-07-13 10:30:00,0.5681125
2018-07-14 10:30:00,0.63549995
2018-07-15 10:30:00,0.61807495
2018-07-16 10:30:00,0.95208746
2018-07-17 10:30:00,0.919775
2018-07-18 10:30:00,0.89525
2018-07-19 10:30:00,0.84437495
2018-07-20 10:30:00,0.9275875
2018-07-21 10:30:00,0.9839875
2018-07-22 10:30:00,0.71455
2018-07-23 10:30:00,0.70098746
2018-07-24 10:30:00,0.962825
2018-07-25 10:30:00,0.87355
2018-07-26 10:30:00,0.77871245
2018-07-27 10:30:00,0.78981245
2018-07-28 10:30:00,0.81131244
2018-07-29 10:30:00,0.8207
2018-07-30 10:30:00,0.87996244
2018-07-31 10:30:00,0.56035
2018-08-01 10:30:00,0.70867497
2018-08-02 10:30:00,0.75403744
2018-08-03 10:30:00,0.86558753
2018-08-04 10:30:00,0.90827495
2018-08-05 10:30:00,0.79386246
2018-08-06 10:30:00,0.85660005
2018-08-07 10:30:00,0.81584996
2018-08-08 10:30:00,0.822525
2018-08-09 10:30:00,0.62864995
2018-08-10 10:30:00,0.678275
2018-08-11 10:30:00,0.83805
2018-08-12 10:30:00,0.83246243
2018-08-13 10:30:00,0.9544125
2018-08-14 10:30:00,0.9344999
2018-08-15 10:30:00,0.8447125
2018-08-16 10:30:00,0.77468747
2018-08-17 10:30:00,0.8761125
2018-08-18 10:30:00,0.66597503
2018-08-19 10:30:00,0.6906
2018-08-20 10:30:00,0.71647495
2018-08-21 10:30:00,0.62207496
2018-08-22 10:30:00,0.707625
2018-08-23 10:30:00,0.698
2018-08-24 10:30:00,0.74265
2018-08-25 10:30:00,0.97029996
2018-08-26 10:30:00,0.80887496
2018-08-27 10:30:00,0.74943745
2018-08-28 10:30:00,0.9517375
2018-08-29 10:30:00,0.894475
2018-08-30 10:30:00,0.9228375
2018-08-31 10:30:00,0.741775
2018-09-01 10:30:00,0.7696
2018-09-02 10:30:00,0.9631125
2018-09-03 10:30:00,0.760825
2018-09-04 10:30:00,0.67966247
2018-09-05 10:30:00,0.68948746
2018-09-06 10:30:00,0.544775
2018-09-07 10:30:00,0.6348625
2018-09-08 10:30:00,0.60166246
2018-09-09 10:30:00,0.692725
2018-09-10 10:30:00,0.7882125
2018-09-11 10:30:00,0.67302495
2018-09-12 10:30:00,0.593125
2018-09-13 10:30:00,0.565925
2018-09-14 10:30:00,0.64498746
2018-09-15 10:30:00,0.45005
2018-09-16 10:30:00,0.517475
2018-09-17 10:30:00,0.628825
2018-09-18 10:30:00,0.666275
2018-09-19 10:30:00,0.64865
2018-09-20 10:30:00,0.652525
2018-09-21 10:30:00,0.6126625
2018-09-22 10:30:00,0.70415
2018-09-23 10:30:00,0.7184
2018-09-24 10:30:00,0.5600125
2018-09-25 10:30:00,0.6361
2018-09-26 10:30:00,0.60767496
2018-09-27 10:30:00,0.52033746
2018-09-28 10:30:00,0.8379375
2018-09-29 10:30:00,0.9069375
2018-09-30 10:30:00,0.896025
2018-10-01 10:30:00,0.51465
2018-10-02 10:30:00,0.6295875
2018-10-03 10:30:00,0.6189625
2018-10-04 10:30:00,0.5656875
2018-10-05 10:30:00,0.395275
2018-10-06 10:30:00,0.46596247
2018-10-07 10:30:00,0.6494
2018-10-08 10:30:00,0.488925
2018-10-09 10:30:00,0.5689875
2018-10-10 10:30:00,0.58021253
2018-10-11 10:30:00,0.5266875
2018-10-12 10:30:00,0.42073748
2018-10-13 10:30:00,0.365525
2018-10-14 10:30:00,0.40202498
2018-10-15 10:30:00,0.38007498
2018-10-16 10:30:00,0.41698748
2018-10-17 10:30:00,0.45315
2018-10-18 10:30:00,0.40991247
2018-10-19 10:30:00,0.43546247
2018-10-20 10:30:00,0.3498625
2018-10-21 10:30:00,0.4610875
2018-10-22 10:30:00,0.4318875
2018-10-23 10:30:00,0.6115
2018-10-24 10:30:00,0.54851246
2018-10-25 10:30:00,0.80663747
2018-10-26 10:30:00,0.63869995
2018-10-27 10:30:00,0.33772498
2018-10-28 10:30:00,0.429625
2018-10-29 10:30:00,0.5031125
2018-10-30 10:30:00,0.4403625
2018-10-31 10:30:00,0.424575
2018-11-01 10:30:00,0.4835625
2018-11-02 10:30:00,0.35739997
2018-11-03 10:30:00,0.3806375
2018-11-04 10:30:00,0.504575
2018-11-05 10:30:00,0.4992875
2018-11-06 10:30:00,0.42644998
2018-11-07 10:30:00,0.49625
2018-11-08 10:30:00,0.6260875
2018-11-09 10:30:00,0.512525
2018-11-10 10:30:00,0.4657
2018-11-11 10:30:00,0.5875875
2018-11-12 10:30:00,0.6101625
2018-11-13 10:30:00,0.603575
2018-11-14 10:30:00,0.6082625
2018-11-15 10:30:00,0.3368375
2018-11-16 10:30:00,0.37411252
2018-11-17 10:30:00,0.55085
2018-11-18 10:30:00,0.46632499
2018-11-19 10:30:00,0.4884875
2018-11-20 10:30:00,0.458875
2018-11-21 10:30:00,0.3474375
2018-11-22 10:30:00,0.423425
2018-11-23 10:30:00,0.44557497
2018-11-24 10:30:00,0.4341875
2018-11-25 10:30:00,0.37245
2018-11-26 10:30:00,0.2440875
2018-11-27 10:30:00,0.2908625
2018-11-28 10:30:00,0.3349625
2018-11-29 10:30:00,0.367125
2018-11-30 10:30:00,0.365825
2018-12-01 10:30:00,0.35778752
2018-12-02 10:30:00,0.301025
2018-12-03 10:30:00,0.300825
2018-12-04 10:30:00,0.33529997
2018-12-05 10:30:00,0.34155
2018-12-06 10:30:00,0.30427498
2018-12-07 10:30:00,0.29433748
2018-12-08 10:30:00,0.35587502
2018-12-09 10:30:00,0.490125
2018-12-10 10:30:00,0.55276245
2018-12-11 10:30:00,0.5583125
2018-12-12 10:30:00,0.726425
2018-12-13 10:30:00,0.55022496
2018-12-14 10:30:00,0.6265625
2018-12-15 10:30:00,0.47184998
2018-12-16 10:30:00,0.532275
2018-12-17 10:30:00,0.42944998
2018-12-18 10:30:00,0.5867125
2018-12-19 10:30:00,0.59345
2018-12-20 10:30:00,0.627475
2018-12-21 10:30:00,0.6658625
2018-12-22 10:30:00,0.291875
2018-12-23 10:30:00,0.29018748
2018-12-24 10:30:00,0.3668375
2018-12-25 10:30:00,0.2588875
2018-12-26 10:30:00,0.2683375
2018-12-27 10:30:00,0.27291247
2018-12-28 10:30:00,0.3096375
2018-12-29 10:30:00,0.32228747
2018-12-30 10:30:00,0.40511248
2018-12-31 10:30:00,0.3761
2019-01-01 10:30:00,0.27395
2019-01-02 10:30:00,0.45083746
2019-01-03 10:30:00,0.4686
2019-01-04 10:30:00,0.34202498
2019-01-05 10:30:00,0.36548752
2019-01-06 10:30:00,0.4598875
2019-01-07 10:30:00,0.37902498
2019-01-08 10:30:00,0.2716875
2019-01-09 10:30:00,0.2728
2019-01-10 10:30:00,0.500425
2019-01-11 10:30:00,0.56466246
2019-01-12 10:30:00,0.583
2019-01-13 10:30:00,0.5519125
2019-01-14 10:30:00,0.4045
2019-01-15 10:30:00,0.32099998
2019-01-16 10:30:00,0.41291252
2019-01-17 10:30:00,0.4019875
2019-01-18 10:30:00,0.45093748
2019-01-19 10:30:00,0.3878625
2019-01-20 10:30:00,0.3739375
2019-01-21 10:30:00,0.39025
2019-01-22 10:30:00,0.33901247
2019-01-23 10:30:00,0.282975
2019-01-24 10:30:00,0.394375
2019-01-25 10:30:00,0.304375
2019-01-26 10:30:00,0.29598752
2019-01-27 10:30:00,0.3447625
2019-01-28 10:30:00,0.35793748
2019-01-29 10:30:00,0.2913875
2019-01-30 10:30:00,0.2931
2019-01-31 10:30:00,0.2797375
2019-02-01 10:30:00,0.309
2019-02-02 10:30:00,0.35673752
2019-02-03 10:30:00,0.26619998
2019-02-04 10:30:00,0.308325
2019-02-05 10:30:00,0.28893748
2019-02-06 10:30:00,0.26448748
2019-02-07 10:30:00,0.25062498
2019-02-08 10:30:00,0.29997498
2019-02-09 10:30:00,0.30905
2019-02-10 10:30:00,0.32427496
2019-02-11 10:30:00,0.2942625
2019-02-12 10:30:00,0.2316625
2019-02-13 10:30:00,0.22571251
2019-02-14 10:30:00,0.1830125
2019-02-15 10:30:00,0.18149999
2019-02-16 10:30:00,0.23663749
2019-02-17 10:30:00,0.23137501
2019-02-18 10:30:00,0.1586375
2019-02-19 10:30:00,0.231725
2019-02-20 10:30:00,0.2422875
2019-02-21 10:30:00,0.2516625
2019-02-22 10:30:00,0.344575
2019-02-23 10:30:00,0.27112502
2019-02-24 10:30:00,0.27475
2019-02-25 10:30:00,0.3530625
2019-02-26 10:30:00,0.296475
2019-02-27 10:30:00,0.28838748
2019-02-28 10:30:00,0.2855625
2019-03-01 10:30:00,0.2667125
2019-03-02 10:30:00,0.241125
2019-03-03 10:30:00,0.3070125
2019-03-04 10:30:00,0.27603748
2019-03-05 10:30:00,0.4994875
2019-03-06 10:30:00,0.30322498
2019-03-07 10:30:00,0.25507498
2019-03-08 10:30:00,0.20535
2019-03-09 10:30:00,0.2413625
2019-03-10 10:30:00,0.18511249
2019-03-11 10:30:00,0.24834998
2019-03-12 10:30:00,0.2206375
2019-03-13 10:30:00,0.2599625
2019-03-14 10:30:00,0.32217497
2019-03-15 10:30:00,0.36089998
2019-03-16 10:30:00,0.35898748
2019-03-17 10:30:00,0.26705
2019-03-18 10:30:00,0.24706249
2019-03-19 10:30:00,0.35005
2019-03-20 10:30:00,0.3814
2019-03-21 10:30:00,0.23605
2019-03-22 10:30:00,0.240725
2019-03-23 10:30:00,0.18251249
2019-03-24 10:30:00,0.2355125
2019-03-25 10:30:00,0.12006249
2019-03-26 10:30:00,0.110424995
2019-03-27 10:30:00,0.1337625
2019-03-28 10:30:00,0.181725
2019-03-29 10:30:00,0.41693747
2019-03-30 10:30:00,0.2429875
2019-03-31 10:30:00,0.235525
2019-04-01 10:30:00,0.1930625
2019-04-02 10:30:00,0.16803749
2019-04-03 10:30:00,0.1355
2019-04-04 10:30:00,0.35378748
2019-04-05 10:30:00,0.3051375
2019-04-06 10:30:00,0.34377497
2019-04-07 10:30:00,0.39854997
2019-04-08 10:30:00,0.3407875
2019-04-09 10:30:00,0.23711249
2019-04-10 10:30:00,0.16284999
2019-04-11 10:30:00,0.17897499
2019-04-12 10:30:00,0.12444999
2019-04-13 10:30:00,0.2592125
2019-04-14 10:30:00,0.2473875
2019-04-15 10:30:00,0.1431375
2019-04-16 10:30:00,0.14625
2019-04-17 10:30:00,0.5771
2019-04-18 10:30:00,0.2130875
2019-04-19 10:30:00,0.16157499
2019-04-20 10:30:00,0.12529999
2019-04-21 10:30:00,0.123362504
2019-04-22 10:30:00,0.190425
2019-04-23 10:30:00,0.11497499
2019-04-24 10:30:00,0.1965375
2019-04-25 10:30:00,0.21708749
2019-04-26 10:30:00,0.16219999
2019-04-27 10:30:00,0.14192499
2019-04-28 10:30:00,0.3224625
2019-04-29 10:30:00,0.46069998
2019-04-30 10:30:00,0.193525
2019-05-01 10:30:00,0.21282499
2019-05-02 10:30:00,0.2325375
2019-05-03 10:30:00,0.2082625
2019-05-04 10:30:00,0.533225
2019-05-05 10:30:00,0.2294375
2019-05-06 10:30:00,0.1880125
2019-05-07 10:30:00,0.1877
2019-05-08 10:30:00,0.207175
2019-05-09 10:30:00,0.30725
2019-05-10 10:30:00,0.2552125
2019-05-11 10:30:00,0.41717497
2019-05-12 10:30:00,0.6004125
2019-05-13 10:30:00,0.693525
2019-05-14 10:30:00,0.5288375
2019-05-15 10:30:00,0.4008375
2019-05-16 10:30:00,0.21517499
2019-05-17 10:30:00,0.259
2019-05-18 10:30:00,0.18432501
2019-05-19 10:30:00,0.8313624
2019-05-20 10:30:00,0.6332125
2019-05-21 10:30:00,0.5756625
2019-05-22 10:30:00,0.5077625
2019-05-23 10:30:00,0.5185
2019-05-24 10:30:00,0.3008625
2019-05-25 10:30:00,0.5282125
2019-05-26 10:30:00,0.57441247
2019-05-27 10:30:00,0.28
2019-05-28 10:30:00,0.20333749
2019-05-29 10:30:00,0.2573125
2019-05-30 10:30:00,0.53701246
2019-05-31 10:30:00,0.5755875
2019-06-01 10:30:00,0.57287496
2019-06-02 10:30:00,0.540325
2019-06-03 10:30:00,0.5567875
2019-06-04 10:30:00,0.53451246
2019-06-05 10:30:00,0.48705
2019-06-06 10:30:00,0.6609375
2019-06-07 10:30:00,0.92552495
2019-06-08 10:30:00,0.88133746
2019-06-09 10:30:00,0.8103125
2019-06-10 10:30:00,0.66445
2019-06-11 10:30:00,0.6836
2019-06-12 10:30:00,0.729025
2019-06-13 10:30:00,0.48193747
2019-06-14 10:30:00,0.70044994
2019-06-15 10:30:00,0.6144375
2019-06-16 10:30:00,0.54134995
2019-06-17 10:30:00,0.507075
2019-06-18 10:30:00,0.51278746
2019-06-19 10:30:00,0.49592498
2019-06-20 10:30:00,0.534625
2019-06-21 10:30:00,0.5203125
2019-06-22 10:30:00,0.58121246
2019-06-23 10:30:00,0.47022498
2019-06-24 10:30:00,0.38755
2019-06-25 10:30:00,0.7978875
2019-06-26 10:30:00,0.91973746
2019-06-27 10:30:00,0.8008
2019-06-28 10:30:00,0.9140625
2019-06-29 10:30:00,0.802875
2019-06-30 10:30:00,0.7508875
2019-07-01 10:30:00,0.52112496
2019-07-02 10:30:00,0.7988625
2019-07-03 10:30:00,0.72183746
2019-07-04 10:30:00,0.7990125
2019-07-05 10:30:00,0.92945
2019-07-06 10:30:00,0.97107494
2019-07-07 10:30:00,0.76866245
2019-07-08 10:30:00,0.76406246
2019-07-09 10:30:00,0.78585
2019-07-10 10:30:00,0.781725
2019-07-11 10:30:00,0.8221125
2019-07-12 10:30:00,0.8279125
2019-07-13 10:30:00,0.7747875
2019-07-14 10:30:00,0.7877625
2019-07-15 10:30:00,0.735425
2019-07-16 10:30:00,0.91368747
2019-07-17 10:30:00,0.7079
2019-07-18 10:30:00,0.681
2019-07-19 10:30:00,0.77576244
2019-07-20 10:30:00,0.892825
2019-07-21 10:30:00,0.7086125
2019-07-22 10:30:00,0.67029995
2019-07-23 10:30:00,0.92088753
2019-07-24 10:30:00,0.8134124
2019-07-25 10:30:00,0.83436245
2019-07-26 10:30:00,0.7273625
2019-07-27 10:30:00,0.8145875
2019-07-28 10:30:00,0.80567497
2019-07-29 10:30:00,0.8401625
2019-07-30 10:30:00,0.84598756
2019-07-31 10:30:00,0.69683754
2019-08-01 10:30:00,0.73988754
2019-08-02 10:30:00,0.78438747
2019-08-03 10:30:00,0.7564125
2019-08-04 10:30:00,0.73675
2019-08-05 10:30:00,0.7965625
2019-08-06 10:30:00,0.941275
2019-08-07 10:30:00,0.860475
2019-08-08 10:30:00,0.934
2019-08-09 10:30:00,0.856725
2019-08-10 10:30:00,0.918525
2019-08-11 10:30:00,0.92059994
2019-08-12 10:30:00,0.8031875
2019-08-13 10:30:00,0.79855
2019-08-14 10:30:00,0.70568746
2019-08-15 10:30:00,0.6884125
2019-08-16 10:30:00,0.7808375
2019-08-17 10:30:00,0.75544995
2019-08-18 10:30:00,0.77735
2019-08-19 10:30:00,0.77285004
2019-08-20 10:30:00,0.9474875
2019-08-21 10:30:00,0.713775
2019-08-22 10:30:00,0.82193744
2019-08-23 10:30:00,0.81455
2019-08-24 10:30:00,0.835875
2019-08-25 10:30:00,0.8763
2019-08-26 10:30:00,0.9517625
2019-08-27 10:30:00,0.73595
2019-08-28 10:30:00,0.79448754
2019-08-29 10:30:00,0.8039375
2019-08-30 10:30:00,0.7232625
2019-08-31 10:30:00,0.72278744
2019-09-01 10:30:00,0.7065
2019-09-02 10:30:00,0.7597875
2019-09-03 10:30:00,0.7514
2019-09-04 10:30:00,0.716525
2019-09-05 10:30:00,0.63829994
2019-09-06 10:30:00,0.81764996
2019-09-07 10:30:00,0.78912497
2019-09-08 10:30:00,0.52007496
2019-09-09 10:30:00,0.4979375
2019-09-10 10:30:00,0.6078625
2019-09-11 10:30:00,0.61803746
2019-09-12 10:30:00,0.56017494
2019-09-13 10:30:00,0.6212375
2019-09-14 10:30:00,0.58256245
2019-09-15 10:30:00,0.40713748
2019-09-16 10:30:00,0.54021245
2019-09-17 10:30:00,0.5421875
2019-09-18 10:30:00,0.426375
2019-09-19 10:30:00,0.66513747
2019-09-20 10:30:00,0.71551245
2019-09-21 10:30:00,0.67832494
2019-09-22 10:30:00,0.62365
2019-09-23 10:30:00,0.38701248
2019-09-24 10:30:00,0.4877375
2019-09-25 10:30:00,0.5907625
2019-09-26 10:30:00,0.525675
2019-09-27 10:30:00,0.41553748
2019-09-28 10:30:00,0.3412875
2019-09-29 10:30:00,0.4725125
2019-09-30 10:30:00,0.6572125
2019-10-01 10:30:00,0.5561875
2019-10-02 10:30:00,0.7023625
2019-10-03 10:30:00,0.6722125
2019-10-04 10:30:00,0.52603745
2019-10-05 10:30:00,0.5838
2019-10-06 10:30:00,0.48483747
2019-10-07 10:30:00,0.46542498
2019-10-08 10:30:00,0.573375
2019-10-09 10:30:00,0.4335625
2019-10-10 10:30:00,0.34155
2019-10-11 10:30:00,0.38482496
2019-10-12 10:30:00,0.38729998
2019-10-13 10:30:00,0.36537498
2019-10-14 10:30:00,0.2919125
2019-10-15 10:30:00,0.3147375
2019-10-16 10:30:00,0.51165
2019-10-17 10:30:00,0.44326252
2019-10-18 10:30:00,0.52182496
2019-10-19 10:30:00,0.603475
2019-10-20 10:30:00,0.5173875
2019-10-21 10:30:00,0.40224996
2019-10-22 10:30:00,0.4421625
2019-10-23 10:30:00,0.455475
2019-10-24 10:30:00,0.7644
2019-10-25 10:30:00,0.51836246
2019-10-26 10:30:00,0.66136247
2019-10-27 10:30:00,0.60003746
2019-10-28 10:30:00,0.602575
2019-10-29 10:30:00,0.50845
2019-10-30 10:30:00,0.47338748
2019-10-31 10:30:00,0.2994375
2019-11-01 10:30:00,0.35931247
2019-11-02 10:30:00,0.4879375
2019-11-03 10:30:00,0.5989625
2019-11-04 10:30:00,0.4159875
2019-11-05 10:30:00,0.285725
2019-11-06 10:30:00,0.41685
2019-11-07 10:30:00,0.38092497
2019-11-08 10:30:00,0.4668125
2019-11-09 10:30:00,0.64339995
2019-11-10 10:30:00,0.506825
2019-11-11 10:30:00,0.24091248
2019-11-12 10:30:00,0.745725
2019-11-13 10:30:00,0.4342375
2019-11-14 10:30:00,0.533175
2019-11-15 10:30:00,0.459775
2019-11-16 10:30:00,0.45069999
2019-11-17 10:30:00,0.59706247
2019-11-18 10:30:00,0.35235
2019-11-19 10:30:00,0.4013375
2019-11-20 10:30:00,0.6115125
2019-11-21 10:30:00,0.635
2019-11-22 10:30:00,0.52187496
2019-11-23 10:30:00,0.31698748
2019-11-24 10:30:00,0.3940625
2019-11-25 10:30:00,0.39784998
2019-11-26 10:30:00,0.367025
2019-11-27 10:30:00,0.348725
2019-11-28 10:30:00,0.4464
2019-11-29 10:30:00,0.52335
2019-11-30 10:30:00,0.6083125
2019-12-01 10:30:00,0.46214998
2019-12-02 10:30:00,0.340325
2019-12-03 10:30:00,0.3156625
2019-12-04 10:30:00,0.337475
2019-12-05 10:30:00,0.37815
2019-12-06 10:30:00,0.46249998
2019-12-07 10:30:00,0.58572495
2019-12-08 10:30:00,0.71477497
2019-12-09 10:30:00,0.6890625
2019-12-10 10:30:00,0.702325
2019-12-11 10:30:00,0.535225
2019-12-12 10:30:00,0.61239994
2019-12-13 10:30:00,0.542825
2019-12-14 10:30:00,0.57184994
2019-12-15 10:30:00,0.616525
2019-12-16 10:30:00,0.5406
2019-12-17 10:30:00,0.4626625
2019-12-18 10:30:00,0.51415
2019-12-19 10:30:00,0.51916254
2019-12-20 10:30:00,0.52788746
2019-12-21 10:30:00,0.5906375
2019-12-22 10:30:00,0.624325
2019-12-23 10:30:00,0.54891247
2019-12-24 10:30:00,0.618675
2019-12-25 10:30:00,0.60491246
2019-12-26 10:30:00,0.52875
2019-12-27 10:30:00,0.632375
2019-12-28 10:30:00,0.637275
2019-12-29 10:30:00,0.6313625
2019-12-30 10:30:00,0.4362875
2019-12-31 10:30:00,0.4403
2020-01-01 10:30:00,0.57643753
2020-01-02 10:30:00,0.4788375
2020-01-03 10:30:00,0.5611625
2020-01-04 10:30:00,0.61426246
2020-01-05 10:30:00,0.73231244
2020-01-06 10:30:00,0.80601245
2020-01-07 10:30:00,0.693425
2020-01-08 10:30:00,0.6342625
2020-01-09 10:30:00,0.699825
2020-01-10 10:30:00,0.6131375
2020-01-11 10:30:00,0.58226246
2020-01-12 10:30:00,0.5235625
2020-01-13 10:30:00,0.6427
2020-01-14 10:30:00,0.65458745
2020-01-15 10:30:00,0.642025
2020-01-16 10:30:00,0.6192
2020-01-17 10:30:00,0.6778875
2020-01-18 10:30:00,0.76848745
2020-01-19 10:30:00,0.7382375
2020-01-20 10:30:00,0.625625
2020-01-21 10:30:00,0.568425
2020-01-22 10:30:00,0.6020125
2020-01-23 10:30:00,0.466225
2020-01-24 10:30:00,0.60138744
2020-01-25 10:30:00,0.67741245
2020-01-26 10:30:00,0.65652496
2020-01-27 10:30:00,0.6792875
2020-01-28 10:30:00,0.6868
2020-01-29 10:30:00,0.65205
2020-01-30 10:30:00,0.65066254
2020-01-31 10:30:00,0.670325
2020-02-01 10:30:00,0.3949
2020-02-02 10:30:00,0.44265
2020-02-03 10:30:00,0.43885
2020-02-04 10:30:00,0.4193125
2020-02-05 10:30:00,0.4764
2020-02-06 10:30:00,0.46548748
2020-02-07 10:30:00,0.593325
2020-02-08 10:30:00,0.6284125
2020-02-09 10:30:00,0.58357495
2020-02-10 10:30:00,0.680025
2020-02-11 10:30:00,0.5518
2020-02-12 10:30:00,0.64951247
2020-02-13 10:30:00,0.76004994
2020-02-14 10:30:00,0.561825
2020-02-15 10:30:00,0.50685
2020-02-16 10:30:00,0.5631
2020-02-17 10:30:00,0.44007498
2020-02-18 10:30:00,0.46444997
2020-02-19 10:30:00,0.47538748
2020-02-20 10:30:00,0.58576244
2020-02-21 10:30:00,0.76565003
2020-02-22 10:30:00,0.58705
2020-02-23 10:30:00,0.5446375
2020-02-24 10:30:00,0.46645
2020-02-25 10:30:00,0.567075
2020-02-26 10:30:00,0.45894998
2020-02-27 10:30:00,0.46756247
2020-02-28 10:30:00,0.53638744
2020-02-29 10:30:00,0.6010625
2020-03-01 10:30:00,0.59858745
2020-03-02 10:30:00,0.58471245
2020-03-03 10:30:00,0.75533754
2020-03-04 10:30:00,0.569325
2020-03-05 10:30:00,0.5861875
2020-03-06 10:30:00,0.6903875
2020-03-07 10:30:00,0.4914625
2020-03-08 10:30:00,0.43111247
2020-03-09 10:30:00,0.3495625
2020-03-10 10:30:00,0.5614375
2020-03-11 10:30:00,0.39849997
2020-03-12 10:30:00,0.2053375
2020-03-13 10:30:00,0.491175
2020-03-14 10:30:00,0.3732375
2020-03-15 10:30:00,0.2694875
2020-03-16 10:30:00,0.4114
2020-03-17 10:30:00,0.4154625
2020-03-18 10:30:00,0.43031248
2020-03-19 10:30:00,0.39166248
2020-03-20 10:30:00,0.3245125
2020-03-21 10:30:00,0.27084997
2020-03-22 10:30:00,0.4400875
2020-03-23 10:30:00,0.39935002
2020-03-24 10:30:00,0.37625
2020-03-25 10:30:00,0.259475
2020-03-26 10:30:00,0.2287875
2020-03-27 10:30:00,0.3126375
2020-03-28 10:30:00,0.3227875
2020-03-29 10:30:00,0.2558125
2020-03-30 10:30:00,0.18958749
2020-03-31 10:30:00,0.2164625
2020-04-01 10:30:00,0.219275
2020-04-02 10:30:00,0.237875
2020-04-03 10:30:00,0.20185
2020-04-04 10:30:00,0.2037125
2020-04-05 10:30:00,0.1864375
2020-04-06 10:30:00,0.2492625
2020-04-07 10:30:00,0.357575
2020-04-08 10:30:00,0.34873748
2020-04-09 10:30:00,0.31121248
2020-04-10 10:30:00,0.18084998
2020-04-11 10:30:00,0.2110125
2020-04-12 10:30:00,0.1658625
2020-04-13 10:30:00,0.1463125
2020-04-14 10:30:00,0.2895375
2020-04-15 10:30:00,0.2652
2020-04-16 10:30:00,0.36009997
2020-04-17 10:30:00,0.2800375
2020-04-18 10:30:00,0.174925
2020-04-19 10:30:00,0.5764625
2020-04-20 10:30:00,0.7275125
2020-04-21 10:30:00,0.68963754
2020-04-22 10:30:00,0.439625
2020-04-23 10:30:00,0.49566248
2020-04-24 10:30:00,0.6976125
2020-04-25 10:30:00,0.6478375
2020-04-26 10:30:00,0.50971246
2020-04-27 10:30:00,0.3792
2020-04-28 10:30:00,0.544625
2020-04-29 10:30:00,0.47485
2020-04-30 10:30:00,0.37986252
2020-05-01 10:30:00,0.32413748
2020-05-02 10:30:00,0.3714625
2020-05-03 10:30:00,0.6982125
2020-05-04 10:30:00,0.52205
2020-05-05 10:30:00,0.5067625
2020-05-06 10:30:00,0.2879
2020-05-07 10:30:00,0.4127625
2020-05-08 10:30:00,0.2888875
2020-05-09 10:30:00,0.3761375
2020-05-10 10:30:00,0.5512125
2020-05-11 10:30:00,0.59956247
2020-05-12 10:30:00,0.4139625
2020-05-13 10:30:00,0.360775
2020-05-14 10:30:00,0.27945
2020-05-15 10:30:00,0.4546125
2020-05-16 10:30:00,0.76707494
2020-05-17 10:30:00,0.6971
2020-05-18 10:30:00,0.5251625
2020-05-19 10:30:00,0.5736125
2020-05-20 10:30:00,0.71025
2020-05-21 10:30:00,0.6305125
2020-05-22 10:30:00,0.73555
2020-05-23 10:30:00,0.66999996
2020-05-24 10:30:00,0.3995375
2020-05-25 10:30:00,0.430425
2020-05-26 10:30:00,0.3804625
2020-05-27 10:30:00,0.43283752
2020-05-28 10:30:00,0.4613375
2020-05-29 10:30:00,0.494375
2020-05-30 10:30:00,0.45149997
2020-05-31 10:30:00,0.7309375
2020-06-01 10:30:00,0.52564996
2020-06-02 10:30:00,0.6419875
2020-06-03 10:30:00,0.665475
2020-06-04 10:30:00,0.57396245
2020-06-05 10:30:00,0.5286625
2020-06-06 10:30:00,0.638825
2020-06-07 10:30:00,0.6415
2020-06-08 10:30:00,0.5876125
2020-06-09 10:30:00,0.4382875
2020-06-10 10:30:00,0.727425
2020-06-11 10:30:00,0.50326246
2020-06-12 10:30:00,0.5821625
2020-06-13 10:30:00,0.7522875
2020-06-14 10:30:00,0.47797498
2020-06-15 10:30:00,0.5040625
2020-06-16 10:30:00,0.596675
2020-06-17 10:30:00,0.59275
2020-06-18 10:30:00,0.65107495
2020-06-19 10:30:00,0.7635125
2020-06-20 10:30:00,0.7801
2020-06-21 10:30:00,0.6745625
2020-06-22 10:30:00,0.728225
2020-06-23 10:30:00,0.87160003
2020-06-24 10:30:00,0.73192495
2020-06-25 10:30:00,0.70247495
2020-06-26 10:30:00,0.699875
2020-06-27 10:30:00,0.6188375
2020-06-28 10:30:00,0.71709996
2020-06-29 10:30:00,0.6937
2020-06-30 10:30:00,0.716825
2020-07-01 10:30:00,0.632375
2020-07-02 10:30:00,0.61833745
2020-07-03 10:30:00,0.68845
2020-07-04 10:30:00,0.74903756
2020-07-05 10:30:00,0.72552496
2020-07-06 10:30:00,0.74913746
2020-07-07 10:30:00,0.5355875
2020-07-08 10:30:00,0.5861875
2020-07-09 10:30:00,0.6155875
2020-07-10 10:30:00,0.64726245
2020-07-11 10:30:00,0.6962125
2020-07-12 10:30:00,0.7208125
2020-07-13 10:30:00,0.6077875
2020-07-14 10:30:00,0.5937375
2020-07-15 10:30:00,0.6112625
2020-07-16 10:30:00,0.5747875
2020-07-17 10:30:00,0.727675
2020-07-18 10:30:00,0.70514995
2020-07-19 10:30:00,0.69654995
2020-07-20 10:30:00,0.55302495
2020-07-21 10:30:00,0.50906247
2020-07-22 10:30:00,0.683675
2020-07-23 10:30:00,0.61412495
2020-07-24 10:30:00,0.5912875
2020-07-25 10:30:00,0.72148746
2020-07-26 10:30:00,0.6228
2020-07-27 10:30:00,0.66981244
2020-07-28 10:30:00,0.82691246
2020-07-29 10:30:00,0.8912
2020-07-30 10:30:00,0.788225
2020-07-31 10:30:00,0.74195
2020-08-01 10:30:00,0.65845
2020-08-02 10:30:00,0.89083743
2020-08-03 10:30:00,0.8482125
2020-08-04 10:30:00,0.8542375
2020-08-05 10:30:00,0.783675
2020-08-06 10:30:00,0.6816875
2020-08-07 10:30:00,0.8196125
2020-08-08 10:30:00,0.8971375
2020-08-09 10:30:00,0.83769995
2020-08-10 10:30:00,0.73872495
2020-08-11 10:30:00,0.65538746
2020-08-12 10:30:00,0.6729875
2020-08-13 10:30:00,0.963625
2020-08-14 10:30:00,0.8811875
2020-08-15 10:30:00,0.70466244
2020-08-16 10:30:00,0.7756125
2020-08-17 10:30:00,0.8364
2020-08-18 10:30:00,0.675
2020-08-19 10:30:00,0.65591246
2020-08-20 10:30:00,0.61233747
2020-08-21 10:30:00,0.6572625
2020-08-22 10:30:00,0.71026254
2020-08-23 10:30:00,0.79394996
2020-08-24 10:30:00,0.840725
2020-08-25 10:30:00,0.65447503
2020-08-26 10:30:00,0.7093
2020-08-27 10:30:00,0.86621255
2020-08-28 10:30:00,0.9212125
2020-08-29 10:30:00,0.8040625
2020-08-30 10:30:00,0.87632495
2020-08-31 10:30:00,0.79231244
2020-09-01 10:30:00,0.6843125
2020-09-02 10:30:00,0.64528745
2020-09-03 10:30:00,0.75043744
2020-09-04 10:30:00,0.72207505
2020-09-05 10:30:00,0.7242375
2020-09-06 10:30:00,0.72045
2020-09-07 10:30:00,0.73381245
2020-09-08 10:30:00,0.6195875
2020-09-09 10:30:00,0.62237495
2020-09-10 10:30:00,0.62541246
2020-09-11 10:30:00,0.74705
2020-09-12 10:30:00,0.73591244
2020-09-13 10:30:00,0.7862625
2020-09-14 10:30:00,0.86635
2020-09-15 10:30:00,0.82135
2020-09-16 10:30:00,0.8199125
2020-09-17 10:30:00,0.81271243
2020-09-18 10:30:00,0.7262375
2020-09-19 10:30:00,0.65489995
2020-09-20 10:30:00,0.7744625
2020-09-21 10:30:00,0.8077875
2020-09-22 10:30:00,0.72269994
2020-09-23 10:30:00,0.64725
2020-09-24 10:30:00,0.74286246
2020-09-25 10:30:00,0.739175
2020-09-26 10:30:00,0.7522
2020-09-27 10:30:00,0.49476248
2020-09-28 10:30:00,0.54885
2020-09-29 10:30:00,0.522825
2020-09-30 10:30:00,0.661775
2020-10-01 10:30:00,0.8199
2020-10-02 10:30:00,0.7939125
2020-10-03 10:30:00,0.50888747
2020-10-04 10:30:00,0.56735
2020-10-05 10:30:00,0.51135004
2020-10-06 10:30:00,0.5674375
2020-10-07 10:30:00,0.6080375
2020-10-08 10:30:00,0.573225
2020-10-09 10:30:00,0.69229996
2020-10-10 10:30:00,0.35307497
2020-10-11 10:30:00,0.40757498
2020-10-12 10:30:00,0.463875
2020-10-13 10:30:00,0.5543375
2020-10-14 10:30:00,0.4776625
2020-10-15 10:30:00,0.38107497
2020-10-16 10:30:00,0.499375
2020-10-17 10:30:00,0.4336125
2020-10-18 10:30:00,0.46546248
2020-10-19 10:30:00,0.508725
2020-10-20 10:30:00,0.3374875
2020-10-21 10:30:00,0.4882875
2020-10-22 10:30:00,0.3937625
2020-10-23 10:30:00,0.392725
2020-10-24 10:30:00,0.37417498
2020-10-25 10:30:00,0.5762625
2020-10-26 10:30:00,0.48273748
2020-10-27 10:30:00,0.39374998
2020-10-28 10:30:00,0.4197625
2020-10-29 10:30:00,0.4973
2020-10-30 10:30:00,0.37075
2020-10-31 10:30:00,0.4817
2020-11-01 10:30:00,0.47542498
2020-11-02 10:30:00,0.343725
2020-11-03 10:30:00,0.298625
2020-11-04 10:30:00,0.44698748
2020-11-05 10:30:00,0.4786625
2020-11-06 10:30:00,0.5068875
2020-11-07 10:30:00,0.47827497
2020-11-08 10:30:00,0.4174625
2020-11-09 10:30:00,0.4756625
2020-11-10 10:30:00,0.62728745
2020-11-11 10:30:00,0.5266375
2020-11-12 10:30:00,0.48038748
2020-11-13 10:30:00,0.46822497
2020-11-14 10:30:00,0.43456247
2020-11-15 10:30:00,0.4396
2020-11-16 10:30:00,0.5510625
2020-11-17 10:30:00,0.68497497
2020-11-18 10:30:00,0.551225
2020-11-19 10:30:00,0.36814997
2020-11-20 10:30:00,0.397625
2020-11-21 10:30:00,0.42528751
2020-11-22 10:30:00,0.47705
2020-11-23 10:30:00,0.574825
2020-11-24 10:30:00,0.681975
2020-11-25 10:30:00,0.44053748
2020-11-26 10:30:00,0.4763875
2020-11-27 10:30:00,0.42314997
2020-11-28 10:30:00,0.4697875
2020-11-29 10:30:00,0.50958747
2020-11-30 10:30:00,0.48563752
2020-12-01 10:30:00,0.5286
2020-12-02 10:30:00,0.4914375
2020-12-03 10:30:00,0.458525
2020-12-04 10:30:00,0.481875
2020-12-05 10:30:00,0.569875
2020-12-06 10:30:00,0.49456248
2020-12-07 10:30:00,0.4687875
2020-12-08 10:30:00,0.47111246
2020-12-09 10:30:00,0.46763748
2020-12-10 10:30:00,0.48009998
2020-12-11 10:30:00,0.4454125
2020-12-12 10:30:00,0.4422
2020-12-13 10:30:00,0.3995375
2020-12-14 10:30:00,0.366575
2020-12-15 10:30:00,0.33325
2020-12-16 10:30:00,0.47178748
2020-12-17 10:30:00,0.40971246
2020-12-18 10:30:00,0.34687498
2020-12-19 10:30:00,0.50123745
2020-12-20 10:30:00,0.45804998
2020-12-21 10:30:00,0.41704997
2020-12-22 10:30:00,0.55095
2020-12-23 10:30:00,0.6209125
2020-12-24 10:30:00,0.569325
2020-12-25 10:30:00,0.5549375
2020-12-26 10:30:00,0.67864996
2020-12-27 10:30:00,0.64678746
2020-12-28 10:30:00,0.48013747
2020-12-29 10:30:00,0.3982875
2020-12-30 10:30:00,0.44467497
2020-12-31 10:30:00,0.3882125
2021-01-01 10:30:00,0.42956248
2021-01-02 10:30:00,0.43476248
2021-01-03 10:30:00,0.44802496
2021-01-04 10:30:00,0.4325875
2021-01-05 10:30:00,0.43737498
2021-01-06 10:30:00,0.38163748
2021-01-07 10:30:00,0.41885
2021-01-08 10:30:00,0.41697502
2021-01-09 10:30:00,0.5011125
2021-01-10 10:30:00,0.483125
2021-01-11 10:30:00,0.5081375
2021-01-12 10:30:00,0.7541125
2021-01-13 10:30:00,0.49482498
2021-01-14 10:30:00,0.57355
2021-01-15 10:30:00,0.52349997
2021-01-16 10:30:00,0.569475
2021-01-17 10:30:00,0.49866247
2021-01-18 10:30:00,0.3714125
2021-01-19 10:30:00,0.5695125
2021-01-20 10:30:00,0.592375
2021-01-21 10:30:00,0.67285
2021-01-22 10:30:00,0.5770125
2021-01-23 10:30:00,0.61817497
2021-01-24 10:30:00,0.615775
2021-01-25 10:30:00,0.57967496
2021-01-26 10:30:00,0.42756248
2021-01-27 10:30:00,0.409775
2021-01-28 10:30:00,0.3915
2021-01-29 10:30:00,0.64317495
2021-01-30 10:30:00,0.5473
2021-01-31 10:30:00,0.7283125
2021-02-01 10:30:00,0.5041875
2021-02-02 10:30:00,0.4307125
2021-02-03 10:30:00,0.46388748
2021-02-04 10:30:00,0.6263625
2021-02-05 10:30:00,0.58704996
2021-02-06 10:30:00,0.5093375
2021-02-07 10:30:00,0.47055
2021-02-08 10:30:00,0.57835
2021-02-09 10:30:00,0.5519125
2021-02-10 10:30:00,0.56663746
2021-02-11 10:30:00,0.5128625
2021-02-12 10:30:00,0.362725
2021-02-13 10:30:00,0.3777375
2021-02-14 10:30:00,0.35523748
2021-02-15 10:30:00,0.31995
2021-02-16 10:30:00,0.35427502
2021-02-17 10:30:00,0.2866625
2021-02-18 10:30:00,0.4347
2021-02-19 10:30:00,0.419075
2021-02-20 10:30:00,0.59462494
2021-02-21 10:30:00,0.5761125
2021-02-22 10:30:00,0.4036875
2021-02-23 10:30:00,0.4727875
2021-02-24 10:30:00,0.4693875
2021-02-25 10:30:00,0.4000125
2021-02-26 10:30:00,0.62
2021-02-27 10:30:00,0.47053748
2021-02-28 10:30:00,0.2936875
2021-03-01 10:30:00,0.41447502
2021-03-02 10:30:00,0.54978746
2021-03-03 10:30:00,0.550325
2021-03-04 10:30:00,0.3807125
2021-03-05 10:30:00,0.29532498
2021-03-06 10:30:00,0.348725
2021-03-07 10:30:00,0.3929625
2021-03-08 10:30:00,0.39115
2021-03-09 10:30:00,0.221275
2021-03-10 10:30:00,0.3523125
2021-03-11 10:30:00,0.38564998
2021-03-12 10:30:00,0.35041252
2021-03-13 10:30:00,0.36871248
2021-03-14 10:30:00,0.40397498
2021-03-15 10:30:00,0.3156125
2021-03-16 10:30:00,0.17619999
2021-03-17 10:30:00,0.3175125
2021-03-18 10:30:00,0.2694375
2021-03-19 10:30:00,0.45201248
2021-03-20 10:30:00,0.72781247
2021-03-21 10:30:00,0.47463748
2021-03-22 10:30:00,0.4161125
2021-03-23 10:30:00,0.363825
2021-03-24 10:30:00,0.37355
2021-03-25 10:30:00,0.38615
2021-03-26 10:30:00,0.761775
2021-03-27 10:30:00,0.35971248
2021-03-28 10:30:00,0.45888746
2021-03-29 10:30:00,0.3716
2021-03-30 10:30:00,0.2892875
2021-03-31 10:30:00,0.38255
2021-04-01 10:30:00,0.34376252
2021-04-02 10:30:00,0.3185625
2021-04-03 10:30:00,0.2976
2021-04-04 10:30:00,0.29036248
2021-04-05 10:30:00,0.2667875
2021-04-06 10:30:00,0.201175
2021-04-07 10:30:00,0.27638748
2021-04-08 10:30:00,0.31071252
2021-04-09 10:30:00,0.281975
2021-04-10 10:30:00,0.2203625
2021-04-11 10:30:00,0.44489998
2021-04-12 10:30:00,0.51783746
2021-04-13 10:30:00,0.3629
2021-04-14 10:30:00,0.35993752
2021-04-15 10:30:00,0.624575
2021-04-16 10:30:00,0.8387625
2021-04-17 10:30:00,0.5495875
2021-04-18 10:30:00,0.44021246
2021-04-19 10:30:00,0.245575
2021-04-20 10:30:00,0.280475
2021-04-21 10:30:00,0.30462497
2021-04-22 10:30:00,0.46246248
2021-04-23 10:30:00,0.512225
2021-04-24 10:30:00,0.24984998
2021-04-25 10:30:00,0.2676125
2021-04-26 10:30:00,0.2836875
2021-04-27 10:30:00,0.312075
2021-04-28 10:30:00,0.31446248
2021-04-29 10:30:00,0.48056248
2021-04-30 10:30:00,0.7331875
2021-05-01 10:30:00,0.563775
2021-05-02 10:30:00,0.2942375
2021-05-03 10:30:00,0.4122625
2021-05-04 10:30:00,0.486125
2021-05-05 10:30:00,0.503475
2021-05-06 10:30:00,0.5096
2021-05-07 10:30:00,0.797925
2021-05-08 10:30:00,0.62843746
2021-05-09 10:30:00,0.48979998
2021-05-10 10:30:00,0.43406248
2021-05-11 10:30:00,0.41303748
2021-05-12 10:30:00,0.36314997
2021-05-13 10:30:00,0.35388747
2021-05-14 10:30:00,0.6042875
2021-05-15 10:30:00,0.3636
2021-05-16 10:30:00,0.2907375
2021-05-17 10:30:00,0.3497125
2021-05-18 10:30:00,0.51805
2021-05-19 10:30:00,0.53248745
2021-05-20 10:30:00,0.5924625
2021-05-21 10:30:00,0.45055
2021-05-22 10:30:00,0.31524998
2021-05-23 10:30:00,0.4304375
2021-05-24 10:30:00,0.44567502
2021-05-25 10:30:00,0.3510625
2021-05-26 10:30:00,0.45009997
2021-05-27 10:30:00,0.65577495
2021-05-28 10:30:00,0.6192875
2021-05-29 10:30:00,0.507775
2021-05-30 10:30:00,0.66097504
2021-05-31 10:30:00,0.70135003
2021-06-01 10:30:00,0.5003125
2021-06-02 10:30:00,0.92491245
2021-06-03 10:30:00,0.80092496
2021-06-04 10:30:00,0.823825
2021-06-05 10:30:00,0.8217875
2021-06-06 10:30:00,0.598325
2021-06-07 10:30:00,0.6159
2021-06-08 10:30:00,0.6768375
2021-06-09 10:30:00,0.6542125
2021-06-10 10:30:00,0.525575
2021-06-11 10:30:00,0.516325
2021-06-12 10:30:00,0.594575
2021-06-13 10:30:00,0.6355375
2021-06-14 10:30:00,0.93576247
2021-06-15 10:30:00,0.671425
2021-06-16 10:30:00,0.8246
2021-06-17 10:30:00,0.5103375
2021-06-18 10:30:00,0.665875
2021-06-19 10:30:00,0.7757375
2021-06-20 10:30:00,0.8156875
2021-06-21 10:30:00,0.7569875
2021-06-22 10:30:00,0.7160125
2021-06-23 10:30:00,0.6268875
2021-06-24 10:30:00,0.5976875
2021-06-25 10:30:00,0.71021247
2021-06-26 10:30:00,0.7772375
2021-06-27 10:30:00,0.7756125
2021-06-28 10:30:00,0.69283754
2021-06-29 10:30:00,0.72305
2021-06-30 10:30:00,0.853375
2021-07-01 10:30:00,0.8521375
2021-07-02 10:30:00,0.91257495
2021-07-03 10:30:00,0.9358999
2021-07-04 10:30:00,0.940075
2021-07-05 10:30:00,0.7961875
2021-07-06 10:30:00,0.83765
2021-07-07 10:30:00,0.8835499
2021-07-08 10:30:00,0.93745
2021-07-09 10:30:00,0.85538745
2021-07-10 10:30:00,0.8262875
2021-07-11 10:30:00,0.76254994
2021-07-12 10:30:00,0.90735
2021-07-13 10:30:00,0.9615375
2021-07-14 10:30:00,0.961575
2021-07-15 10:30:00,0.89257497
2021-07-16 10:30:00,0.82527494
2021-07-17 10:30:00,0.928925
2021-07-18 10:30:00,0.8675375
2021-07-19 10:30:00,0.8695625
2021-07-20 10:30:00,0.8077875
2021-07-21 10:30:00,0.84749997
2021-07-22 10:30:00,0.9160375
2021-07-23 10:30:00,0.87584996
2021-07-24 10:30:00,0.90561247
2021-07-25 10:30:00,0.91498744
2021-07-26 10:30:00,0.9726375
2021-07-27 10:30:00,0.91104996
2021-07-28 10:30:00,0.8201125
2021-07-29 10:30:00,0.83217496
2021-07-30 10:30:00,0.89948744
2021-07-31 10:30:00,0.9220375
2021-08-01 10:30:00,0.86135
2021-08-02 10:30:00,0.8176125
2021-08-03 10:30:00,0.96217495
2021-08-04 10:30:00,0.8831
2021-08-05 10:30:00,0.746775
2021-08-06 10:30:00,0.74885
2021-08-07 10:30:00,0.7863625
2021-08-08 10:30:00,0.8844125
2021-08-09 10:30:00,0.932475
2021-08-10 10:30:00,0.86095
2021-08-11 10:30:00,0.96294993
2021-08-12 10:30:00,0.825525
2021-08-13 10:30:00,0.92819995
2021-08-14 10:30:00,0.8904
2021-08-15 10:30:00,0.8098
2021-08-16 10:30:00,0.79165
2021-08-17 10:30:00,0.80230004
2021-08-18 10:30:00,0.7887
2021-08-19 10:30:00,0.8365125
2021-08-20 10:30:00,0.83046246
2021-08-21 10:30:00,0.7785624
2021-08-22 10:30:00,0.79982495
2021-08-23 10:30:00,0.8350125
2021-08-24 10:30:00,0.8044875
2021-08-25 10:30:00,0.8973875
2021-08-26 10:30:00,0.93324995
2021-08-27 10:30:00,0.8318125
2021-08-28 10:30:00,0.8375375
2021-08-29 10:30:00,0.7021125
2021-08-30 10:30:00,0.68081254
2021-08-31 10:30:00,0.7812
2021-09-01 10:30:00,0.79074997
2021-09-02 10:30:00,0.80331254
2021-09-03 10:30:00,0.90201247
2021-09-04 10:30:00,0.8262
2021-09-05 10:30:00,0.85965
2021-09-06 10:30:00,0.945475
2021-09-07 10:30:00,0.75261253
2021-09-08 10:30:00,0.954125
2021-09-09 10:30:00,0.9485125
2021-09-10 10:30:00,0.7187625
2021-09-11 10:30:00,0.74684995
2021-09-12 10:30:00,0.74752504
2021-09-13 10:30:00,0.74162495
2021-09-14 10:30:00,0.77489996
2021-09-15 10:30:00,0.937375
2021-09-16 10:30:00,0.67591244
2021-09-17 10:30:00,0.6937125
2021-09-18 10:30:00,0.69506246
2021-09-19 10:30:00,0.87315
2021-09-20 10:30:00,0.89098746
2021-09-21 10:30:00,0.79623747
2021-09-22 10:30:00,0.73903745
2021-09-23 10:30:00,0.72805
2021-09-24 10:30:00,0.8444125
2021-09-25 10:30:00,0.942975
2021-09-26 10:30:00,0.9769874
2021-09-27 10:30:00,0.6924875
2021-09-28 10:30:00,0.5382625
2021-09-29 10:30:00,0.5262375
2021-09-30 10:30:00,0.6647999
2021-10-01 10:30:00,0.6846875
2021-10-02 10:30:00,0.5949
2021-10-03 10:30:00,0.84668744
2021-10-04 10:30:00,0.7142375
2021-10-05 10:30:00,0.5498
2021-10-06 10:30:00,0.7100375
2021-10-07 10:30:00,0.62553746
2021-10-08 10:30:00,0.49923748
2021-10-09 10:30:00,0.4422375
2021-10-10 10:30:00,0.439825
2021-10-11 10:30:00,0.5109375
2021-10-12 10:30:00,0.49537498
2021-10-13 10:30:00,0.676275
2021-10-14 10:30:00,0.5075375
2021-10-15 10:30:00,0.43522498
2021-10-16 10:30:00,0.3823875
2021-10-17 10:30:00,0.5657625
2021-10-18 10:30:00,0.5488375
2021-10-19 10:30:00,0.5275875
2021-10-20 10:30:00,0.5767
2021-10-21 10:30:00,0.5236375
2021-10-22 10:30:00,0.5359125
2021-10-23 10:30:00,0.4899625
2021-10-24 10:30:00,0.4552
2021-10-25 10:30:00,0.37345
2021-10-26 10:30:00,0.41904998
2021-10-27 10:30:00,0.4061375
2021-10-28 10:30:00,0.56974995
2021-10-29 10:30:00,0.56197494
2021-10-30 10:30:00,0.6409125
2021-10-31 10:30:00,0.44947496
2021-11-01 10:30:00,0.61597496
2021-11-02 10:30:00,0.6786
2021-11-03 10:30:00,0.73429996
2021-11-04 10:30:00,0.850225
2021-11-05 10:30:00,0.7939375
2021-11-06 10:30:00,0.5318125
2021-11-07 10:30:00,0.57474995
2021-11-08 10:30:00,0.6781
2021-11-09 10:30:00,0.84997493
2021-11-10 10:30:00,0.6099
2021-11-11 10:30:00,0.35623747
2021-11-12 10:30:00,0.43921247
2021-11-13 10:30:00,0.54074997
2021-11-14 10:30:00,0.661975
2021-11-15 10:30:00,0.7012625
2021-11-16 10:30:00,0.801025
2021-11-17 10:30:00,0.5835125
2021-11-18 10:30:00,0.4336125
2021-11-19 10:30:00,0.6216
2021-11-20 10:30:00,0.8177125
2021-11-21 10:30:00,0.920875
2021-11-22 10:30:00,0.5727375
2021-11-23 10:30:00,0.4389125
2021-11-24 10:30:00,0.47257498
2021-11-25 10:30:00,0.4940875
2021-11-26 10:30:00,0.6449375
2021-11-27 10:30:00,0.8183625
2021-11-28 10:30:00,0.88818747
2021-11-29 10:30:00,0.7696499
2021-11-30 10:30:00,0.613975
2021-12-01 10:30:00,0.6122625
2021-12-02 10:30:00,0.51154995
2021-12-03 10:30:00,0.44823748
2021-12-04 10:30:00,0.72969997
2021-12-05 10:30:00,0.539175
2021-12-06 10:30:00,0.506275
2021-12-07 10:30:00,0.6867875
2021-12-08 10:30:00,0.80434996
2021-12-09 10:30:00,0.8557625
2021-12-10 10:30:00,0.67105
2021-12-11 10:30:00,0.49189997
2021-12-12 10:30:00,0.47307497
2021-12-13 10:30:00,0.60135
2021-12-14 10:30:00,0.553
2021-12-15 10:30:00,0.8678
2021-12-16 10:30:00,0.545325
2021-12-17 10:30:00,0.519125
2021-12-18 10:30:00,0.63936245
2021-12-19 10:30:00,0.6268125
2021-12-20 10:30:00,0.41463748
2021-12-21 10:30:00,0.47185
2021-12-22 10:30:00,0.6239875
2021-12-23 10:30:00,0.4614875
2021-12-24 10:30:00,0.454875
2021-12-25 10:30:00,0.48569998
2021-12-26 10:30:00,0.55733746
2021-12-27 10:30:00,0.646225
2021-12-28 10:30:00,0.6052875
2021-12-29 10:30:00,0.5688375
2021-12-30 10:30:00,0.484375
2021-12-31 10:30:00,0.56125
2022-01-01 10:30:00,0.53725
2022-01-02 10:30:00,0.484925
2022-01-03 10:30:00,0.4627375
2022-01-04 10:30:00,0.6212125
2022-01-05 10:30:00,0.63177496
2022-01-06 10:30:00,0.6989125
2022-01-07 10:30:00,0.722575
2022-01-08 10:30:00,0.709725
2022-01-09 10:30:00,0.5681875
2022-01-10 10:30:00,0.64276254
2022-01-11 10:30:00,0.53685
2022-01-12 10:30:00,0.539675
2022-01-13 10:30:00,0.5987
2022-01-14 10:30:00,0.666825
2022-01-15 10:30:00,0.5001625
2022-01-16 10:30:00,0.509175
2022-01-17 10:30:00,0.551
2022-01-18 10:30:00,0.6451125
2022-01-19 10:30:00,0.50906247
2022-01-20 10:30:00,0.61983746
2022-01-21 10:30:00,0.70905
2022-01-22 10:30:00,0.70135003
2022-01-23 10:30:00,0.69885
2022-01-24 10:30:00,0.72305
2022-01-25 10:30:00,0.806575
2022-01-26 10:30:00,0.59491247
2022-01-27 10:30:00,0.52213746
2022-01-28 10:30:00,0.4195875
2022-01-29 10:30:00,0.385075
2022-01-30 10:30:00,0.44256246
2022-01-31 10:30:00,0.49444997
2022-02-01 10:30:00,0.4393375
2022-02-02 10:30:00,0.4477625
2022-02-03 10:30:00,0.41928747
2022-02-04 10:30:00,0.396825
2022-02-05 10:30:00,0.44888747
2022-02-06 10:30:00,0.438525
2022-02-07 10:30:00,0.5490375
2022-02-08 10:30:00,0.61342496
2022-02-09 10:30:00,0.65451247
2022-02-10 10:30:00,0.8275125
2022-02-11 10:30:00,0.80465
2022-02-12 10:30:00,0.6882125
2022-02-13 10:30:00,0.7202749
2022-02-14 10:30:00,0.6140375
2022-02-15 10:30:00,0.537375
2022-02-16 10:30:00,0.6410875
2022-02-17 10:30:00,0.60875
2022-02-18 10:30:00,0.803275
2022-02-19 10:30:00,0.5596
2022-02-20 10:30:00,0.47287497
2022-02-21 10:30:00,0.45663747
2022-02-22 10:30:00,0.5232125
2022-02-23 10:30:00,0.4743875
2022-02-24 10:30:00,0.47051248
2022-02-25 10:30:00,0.47361252
2022-02-26 10:30:00,0.465275
2022-02-27 10:30:00,0.5163375
2022-02-28 10:30:00,0.5123125
2022-03-01 10:30:00,0.4602375
2022-03-02 10:30:00,0.47654998
2022-03-03 10:30:00,0.4775625
2022-03-04 10:30:00,0.39075
2022-03-05 10:30:00,0.32548752
2022-03-06 10:30:00,0.353525
2022-03-07 10:30:00,0.3993875
2022-03-08 10:30:00,0.387375
2022-03-09 10:30:00,0.45679998
2022-03-10 10:30:00,0.1811375
2022-03-11 10:30:00,0.211475
2022-03-12 10:30:00,0.8185
2022-03-13 10:30:00,0.79461247
2022-03-14 10:30:00,0.763775
2022-03-15 10:30:00,0.7739375
2022-03-16 10:30:00,0.36283746
2022-03-17 10:30:00,0.4601875
2022-03-18 10:30:00,0.55473745
2022-03-19 10:30:00,0.3796625
2022-03-20 10:30:00,0.40139997
2022-03-21 10:30:00,0.3565
2022-03-22 10:30:00,0.342275
2022-03-23 10:30:00,0.5731875
2022-03-24 10:30:00,0.7520125
2022-03-25 10:30:00,0.7211375
2022-03-26 10:30:00,0.47448748
2022-03-27 10:30:00,0.4289875
2022-03-28 10:30:00,0.39616248
2022-03-29 10:30:00,0.25454998
2022-03-30 10:30:00,0.2500375
2022-03-31 10:30:00,0.2745125
2022-04-01 10:30:00,0.29271248
2022-04-02 10:30:00,0.3716375
2022-04-03 10:30:00,0.28698748
2022-04-04 10:30:00,0.33706248
2022-04-05 10:30:00,0.2942625
2022-04-06 10:30:00,0.268325
2022-04-07 10:30:00,0.347
2022-04-08 10:30:00,0.33389997
2022-04-09 10:30:00,0.24581249
2022-04-10 10:30:00,0.32849997
2022-04-11 10:30:00,0.2978875
2022-04-12 10:30:00,0.3056125
2022-04-13 10:30:00,0.352275
2022-04-14 10:30:00,0.36938748
2022-04-15 10:30:00,0.26001248
2022-04-16 10:30:00,0.3023125
2022-04-17 10:30:00,0.3134125
2022-04-18 10:30:00,0.3447375
2022-04-19 10:30:00,0.28542498
2022-04-20 10:30:00,0.307675
2022-04-21 10:30:00,0.8429875
2022-04-22 10:30:00,0.430075
2022-04-23 10:30:00,0.483375
2022-04-24 10:30:00,0.46217498
2022-04-25 10:30:00,0.735475
2022-04-26 10:30:00,0.4262625
2022-04-27 10:30:00,0.3138
2022-04-28 10:30:00,0.25305
2022-04-29 10:30:00,0.7288625
2022-04-30 10:30:00,0.50404996
2022-05-01 10:30:00,0.53265
2022-05-02 10:30:00,0.37076247
2022-05-03 10:30:00,0.6020125
2022-05-04 10:30:00,0.543175
2022-05-05 10:30:00,0.78265
2022-05-06 10:30:00,0.32072496
2022-05-07 10:30:00,0.2726625
2022-05-08 10:30:00,0.28155
2022-05-09 10:30:00,0.2300375
2022-05-10 10:30:00,0.746875
2022-05-11 10:30:00,0.4908
2022-05-12 10:30:00,0.57555
2022-05-13 10:30:00,0.61127496
2022-05-14 10:30:00,0.40408748
2022-05-15 10:30:00,0.33138746
2022-05-16 10:30:00,0.3096875
2022-05-17 10:30:00,0.479425
2022-05-18 10:30:00,0.38634998
2022-05-19 10:30:00,0.4464125
2022-05-20 10:30:00,0.3442625
2022-05-21 10:30:00,0.4604
2022-05-22 10:30:00,0.37285
2022-05-23 10:30:00,0.42990002
2022-05-24 10:30:00,0.8700875
2022-05-25 10:30:00,0.5403375
2022-05-26 10:30:00,0.47156247
2022-05-27 10:30:00,0.3081125
2022-05-28 10:30:00,0.44146252
2022-05-29 10:30:00,0.9507125
2022-05-30 10:30:00,0.6964125
2022-05-31 10:30:00,0.70366246
2022-06-01 10:30:00,0.69879997
2022-06-02 10:30:00,0.5518125
2022-06-03 10:30:00,0.57792497
2022-06-04 10:30:00,0.80644995
2022-06-05 10:30:00,0.84967494
2022-06-06 10:30:00,0.7219375
2022-06-07 10:30:00,0.9440625
2022-06-08 10:30:00,0.79278743
2022-06-09 10:30:00,0.6567375
2022-06-10 10:30:00,0.64885
2022-06-11 10:30:00,0.66789997
2022-06-12 10:30:00,0.85155
2022-06-13 10:30:00,0.84201247
2022-06-14 10:30:00,0.83151245
2022-06-15 10:30:00,0.6596625
2022-06-16 10:30:00,0.703425
2022-06-17 10:30:00,0.638425
2022-06-18 10:30:00,0.5716125
2022-06-19 10:30:00,0.610475
2022-06-20 10:30:00,0.6803375
2022-06-21 10:30:00,0.49284998
2022-06-22 10:30:00,0.61721253
2022-06-23 10:30:00,0.7979875
2022-06-24 10:30:00,0.7805625
2022-06-25 10:30:00,0.78832495
2022-06-26 10:30:00,0.6935125
2022-06-27 10:30:00,0.72945
2022-06-28 10:30:00,0.69826245
2022-06-29 10:30:00,0.66590005
2022-06-30 10:30:00,0.8015625
2022-07-01 10:30:00,0.8081875
2022-07-02 10:30:00,0.78223747
2022-07-03 10:30:00,0.77636254
2022-07-04 10:30:00,0.7648625
2022-07-05 10:30:00,0.8597125
2022-07-06 10:30:00,0.91522497
2022-07-07 10:30:00,0.76979995
2022-07-08 10:30:00,0.76656246
2022-07-09 10:30:00,0.6611875
2022-07-10 10:30:00,0.70304996
2022-07-11 10:30:00,0.68996245
2022-07-12 10:30:00,0.60802495
2022-07-13 10:30:00,0.9609375
2022-07-14 10:30:00,0.968325
2022-07-15 10:30:00,0.9161375
2022-07-16 10:30:00,0.85538745
2022-07-17 10:30:00,0.8452749
2022-07-18 10:30:00,0.894225
2022-07-19 10:30:00,0.7680875
2022-07-20 10:30:00,0.7938625
2022-07-21 10:30:00,0.7604
2022-07-22 10:30:00,0.742575
2022-07-23 10:30:00,0.9038375
2022-07-24 10:30:00,0.915825
2022-07-25 10:30:00,0.84348744
2022-07-26 10:30:00,0.89916253
2022-07-27 10:30:00,0.88981247
2022-07-28 10:30:00,0.93095
2022-07-29 10:30:00,0.9062875
2022-07-30 10:30:00,0.8590875
2022-07-31 10:30:00,0.83905
2022-08-01 10:30:00,0.77849996
2022-08-02 10:30:00,0.7372
2022-08-03 10:30:00,0.76598746
2022-08-04 10:30:00,0.9338875
2022-08-05 10:30:00,0.621175
2022-08-06 10:30:00,0.6989
2022-08-07 10:30:00,0.7117624
2022-08-08 10:30:00,0.5915125
2022-08-09 10:30:00,0.56798744
2022-08-10 10:30:00,0.60765
2022-08-11 10:30:00,0.65198743
2022-08-12 10:30:00,0.6431375
2022-08-13 10:30:00,0.63895
2022-08-14 10:30:00,0.8154875
2022-08-15 10:30:00,0.89199996
2022-08-16 10:30:00,0.5983625
2022-08-17 10:30:00,0.6686875
2022-08-18 10:30:00,0.75699997
2022-08-19 10:30:00,0.6041875
2022-08-20 10:30:00,0.63434994
2022-08-21 10:30:00,0.742875
2022-08-22 10:30:00,0.703625
2022-08-23 10:30:00,0.5983625
2022-08-24 10:30:00,0.73569995
2022-08-25 10:30:00,0.6062375
2022-08-26 10:30:00,0.7057875
2022-08-27 10:30:00,0.62242496
2022-08-28 10:30:00,0.6837875
2022-08-29 10:30:00,0.7294625
2022-08-30 10:30:00,0.8584874
2022-08-31 10:30:00,0.710875
2022-09-01 10:30:00,0.5944
2022-09-02 10:30:00,0.6284625
2022-09-03 10:30:00,0.67793745
2022-09-04 10:30:00,0.8441
2022-09-05 10:30:00,0.656025
2022-09-06 10:30:00,0.76722497
2022-09-07 10:30:00,0.61654997
2022-09-08 10:30:00,0.6296375
2022-09-09 10:30:00,0.6853125
2022-09-10 10:30:00,0.71725
2022-09-11 10:30:00,0.6384625
2022-09-12 10:30:00,0.7365
2022-09-13 10:30:00,0.65615
2022-09-14 10:30:00,0.70706254
2022-09-15 10:30:00,0.74195
2022-09-16 10:30:00,0.7426625
2022-09-17 10:30:00,0.5113125
2022-09-18 10:30:00,0.46345
2022-09-19 10:30:00,0.3170375
2022-09-20 10:30:00,0.498575
2022-09-21 10:30:00,0.4473875
2022-09-22 10:30:00,0.86526245
2022-09-23 10:30:00,0.72749996
2022-09-24 10:30:00,0.565675
2022-09-25 10:30:00,0.4576625
2022-09-26 10:30:00,0.56318754
2022-09-27 10:30:00,0.43426248
2022-09-28 10:30:00,0.5583625
2022-09-29 10:30:00,0.45358747
2022-09-30 10:30:00,0.83617496
2022-10-01 10:30:00,0.7501625
2022-10-02 10:30:00,0.79812497
2022-10-03 10:30:00,0.51612496
2022-10-04 10:30:00,0.45505
2022-10-05 10:30:00,0.50366247
2022-10-06 10:30:00,0.61636245
2022-10-07 10:30:00,0.6041125
2022-10-08 10:30:00,0.76946247
2022-10-09 10:30:00,0.4181125
2022-10-10 10:30:00,0.4028875
2022-10-11 10:30:00,0.5009125
2022-10-12 10:30:00,0.45193747
2022-10-13 10:30:00,0.46816248
2022-10-14 10:30:00,0.46676248
2022-10-15 10:30:00,0.346725
2022-10-16 10:30:00,0.44095
2022-10-17 10:30:00,0.44693747
2022-10-18 10:30:00,0.55763745
2022-10-19 10:30:00,0.356525
2022-10-20 10:30:00,0.46991247
2022-10-21 10:30:00,0.587375
2022-10-22 10:30:00,0.531175
2022-10-23 10:30:00,0.4486125
2022-10-24 10:30:00,0.52928746
2022-10-25 10:30:00,0.5075125
2022-10-26 10:30:00,0.57675
2022-10-27 10:30:00,0.53061247
2022-10-28 10:30:00,0.52185
2022-10-29 10:30:00,0.5658375
2022-10-30 10:30:00,0.6209875
2022-10-31 10:30:00,0.5222875
2022-11-01 10:30:00,0.3961375
2022-11-02 10:30:00,0.28788748
2022-11-03 10:30:00,0.4059375
2022-11-04 10:30:00,0.4211625
2022-11-05 10:30:00,0.48778751
2022-11-06 10:30:00,0.53389996
2022-11-07 10:30:00,0.58175
2022-11-08 10:30:00,0.5417
2022-11-09 10:30:00,0.4798125
2022-11-10 10:30:00,0.505225
2022-11-11 10:30:00,0.455625
2022-11-12 10:30:00,0.40678748
2022-11-13 10:30:00,0.56817496
2022-11-14 10:30:00,0.5723125
2022-11-15 10:30:00,0.47178748
2022-11-16 10:30:00,0.549275
2022-11-17 10:30:00,0.533
2022-11-18 10:30:00,0.50025
2022-11-19 10:30:00,0.5236
2022-11-20 10:30:00,0.45383748
2022-11-21 10:30:00,0.507275
2022-11-22 10:30:00,0.5577125
2022-11-23 10:30:00,0.584625
2022-11-24 10:30:00,0.930425
2022-11-25 10:30:00,0.6411125
2022-11-26 10:30:00,0.517975
2022-11-27 10:30:00,0.830625
2022-11-28 10:30:00,0.77428746
2022-11-29 10:30:00,0.428475
2022-11-30 10:30:00,0.42353746
2022-12-01 10:30:00,0.51385
2022-12-02 10:30:00,0.521625
2022-12-03 10:30:00,0.46401247
2022-12-04 10:30:00,0.51256245
2022-12-05 10:30:00,0.50434995
2022-12-06 10:30:00,0.5455875
2022-12-07 10:30:00,0.56755
2022-12-08 10:30:00,0.5698125
2022-12-09 10:30:00,0.564425
2022-12-10 10:30:00,0.5987875
2022-12-11 10:30:00,0.57514995
2022-12-12 10:30:00,0.440825
2022-12-13 10:30:00,0.388425
2022-12-14 10:30:00,0.356025
2022-12-15 10:30:00,0.46369997
2022-12-16 10:30:00,0.46662498
2022-12-17 10:30:00,0.4926625
2022-12-18 10:30:00,0.4526625
2022-12-19 10:30:00,0.5270125
2022-12-20 10:30:00,0.7507
2022-12-21 10:30:00,0.663225
2022-12-22 10:30:00,0.5390625
2022-12-23 10:30:00,0.48508748
2022-12-24 10:30:00,0.47803748
2022-12-25 10:30:00,0.640575
2022-12-26 10:30:00,0.69205
2022-12-27 10:30:00,0.77035004
2022-12-28 10:30:00,0.5836875
2022-12-29 10:30:00,0.5597
2022-12-30 10:30:00,0.58907497
2022-12-31 10:30:00,0.5128125
