time,rhum
2012-01-01 10:30:00,0.588475
2012-01-02 10:30:00,0.65819997
2012-01-03 10:30:00,0.6526625
2012-01-04 10:30:00,0.58559996
2012-01-05 10:30:00,0.6101875
2012-01-06 10:30:00,0.5803125
2012-01-07 10:30:00,0.57892495
2012-01-08 10:30:00,0.5909
2012-01-09 10:30:00,0.6438375
2012-01-10 10:30:00,0.5908125
2012-01-11 10:30:00,0.609625
2012-01-12 10:30:00,0.6614125
2012-01-13 10:30:00,0.66551244
2012-01-14 10:30:00,0.57229996
2012-01-15 10:30:00,0.63659996
2012-01-16 10:30:00,0.70897496
2012-01-17 10:30:00,0.7153125
2012-01-18 10:30:00,0.672775
2012-01-19 10:30:00,0.61355
2012-01-20 10:30:00,0.3920125
2012-01-21 10:30:00,0.361825
2012-01-22 10:30:00,0.4177
2012-01-23 10:30:00,0.4511
2012-01-24 10:30:00,0.45313752
2012-01-25 10:30:00,0.504
2012-01-26 10:30:00,0.42201248
2012-01-27 10:30:00,0.43902498
2012-01-28 10:30:00,0.40661252
2012-01-29 10:30:00,0.419425
2012-01-30 10:30:00,0.3782375
2012-01-31 10:30:00,0.3888625
2012-02-01 10:30:00,0.3735875
2012-02-02 10:30:00,0.36651248
2012-02-03 10:30:00,0.3800125
2012-02-04 10:30:00,0.4502875
2012-02-05 10:30:00,0.3732
2012-02-06 10:30:00,0.328875
2012-02-07 10:30:00,0.3457875
2012-02-08 10:30:00,0.3999375
2012-02-09 10:30:00,0.4045
2012-02-10 10:30:00,0.3927
2012-02-11 10:30:00,0.386925
2012-02-12 10:30:00,0.48838747
2012-02-13 10:30:00,0.40884998
2012-02-14 10:30:00,0.38252497
2012-02-15 10:30:00,0.39338747
2012-02-16 10:30:00,0.3857125
2012-02-17 10:30:00,0.4011
2012-02-18 10:30:00,0.424075
2012-02-19 10:30:00,0.3861125
2012-02-20 10:30:00,0.268425
2012-02-21 10:30:00,0.2830875
2012-02-22 10:30:00,0.286575
2012-02-23 10:30:00,0.41239998
2012-02-24 10:30:00,0.39714998
2012-02-25 10:30:00,0.3622
2012-02-26 10:30:00,0.44695
2012-02-27 10:30:00,0.4604
2012-02-28 10:30:00,0.39851248
2012-02-29 10:30:00,0.41603747
2012-03-01 10:30:00,0.309075
2012-03-02 10:30:00,0.31972498
2012-03-03 10:30:00,0.399425
2012-03-04 10:30:00,0.61246246
2012-03-05 10:30:00,0.83951247
2012-03-06 10:30:00,0.64446247
2012-03-07 10:30:00,0.6394875
2012-03-08 10:30:00,0.4101
2012-03-09 10:30:00,0.4666875
2012-03-10 10:30:00,0.5980625
2012-03-11 10:30:00,0.455825
2012-03-12 10:30:00,0.498925
2012-03-13 10:30:00,0.42198747
2012-03-14 10:30:00,0.4899375
2012-03-15 10:30:00,0.3676875
2012-03-16 10:30:00,0.2440875
2012-03-17 10:30:00,0.189125
2012-03-18 10:30:00,0.31475
2012-03-19 10:30:00,0.2559375
2012-03-20 10:30:00,0.2893875
2012-03-21 10:30:00,0.38643748
2012-03-22 10:30:00,0.25553748
2012-03-23 10:30:00,0.5480875
2012-03-24 10:30:00,0.370475
2012-03-25 10:30:00,0.3373125
2012-03-26 10:30:00,0.3508
2012-03-27 10:30:00,0.25393748
2012-03-28 10:30:00,0.25843748
2012-03-29 10:30:00,0.63796246
2012-03-30 10:30:00,0.491725
2012-03-31 10:30:00,0.39485
2012-04-01 10:30:00,0.3102625
2012-04-02 10:30:00,0.28483748
2012-04-03 10:30:00,0.4130625
2012-04-04 10:30:00,0.4382125
2012-04-05 10:30:00,0.3772
2012-04-06 10:30:00,0.3023875
2012-04-07 10:30:00,0.30455
2012-04-08 10:30:00,0.4994875
2012-04-09 10:30:00,0.209675
2012-04-10 10:30:00,0.2423875
2012-04-11 10:30:00,0.2945
2012-04-12 10:30:00,0.3422875
2012-04-13 10:30:00,0.2849875
2012-04-14 10:30:00,0.6492624
2012-04-15 10:30:00,0.3438375
2012-04-16 10:30:00,0.3162875
2012-04-17 10:30:00,0.31265
2012-04-18 10:30:00,0.299775
2012-04-19 10:30:00,0.3525125
2012-04-20 10:30:00,0.2604375
2012-04-21 10:30:00,0.40491247
2012-04-22 10:30:00,0.419225
2012-04-23 10:30:00,0.405125
2012-04-24 10:30:00,0.20969999
2012-04-25 10:30:00,0.2603375
2012-04-26 10:30:00,0.22632499
2012-04-27 10:30:00,0.64785004
2012-04-28 10:30:00,0.33905
2012-04-29 10:30:00,0.262175
2012-04-30 10:30:00,0.2656625
2012-05-01 10:30:00,0.2142375
2012-05-02 10:30:00,0.31806248
2012-05-03 10:30:00,0.19008748
2012-05-04 10:30:00,0.19319999
2012-05-05 10:30:00,0.149775
2012-05-06 10:30:00,0.2935375
2012-05-07 10:30:00,0.3495875
2012-05-08 10:30:00,0.4202
2012-05-09 10:30:00,0.3856
2012-05-10 10:30:00,0.4456375
2012-05-11 10:30:00,0.41313747
2012-05-12 10:30:00,0.71435
2012-05-13 10:30:00,0.5137625
2012-05-14 10:30:00,0.599575
2012-05-15 10:30:00,0.635
2012-05-16 10:30:00,0.7744
2012-05-17 10:30:00,0.47181252
2012-05-18 10:30:00,0.2885625
2012-05-19 10:30:00,0.206875
2012-05-20 10:30:00,0.30188748
2012-05-21 10:30:00,0.3072
2012-05-22 10:30:00,0.26905
2012-05-23 10:30:00,0.306625
2012-05-24 10:30:00,0.26146248
2012-05-25 10:30:00,0.33961248
2012-05-26 10:30:00,0.415
2012-05-27 10:30:00,0.39213747
2012-05-28 10:30:00,0.4671625
2012-05-29 10:30:00,0.5625
2012-05-30 10:30:00,0.73190004
2012-05-31 10:30:00,0.63616246
2012-06-01 10:30:00,0.7670375
2012-06-02 10:30:00,0.85859996
2012-06-03 10:30:00,0.794075
2012-06-04 10:30:00,0.76629996
2012-06-05 10:30:00,0.608925
2012-06-06 10:30:00,0.81203747
2012-06-07 10:30:00,0.674075
2012-06-08 10:30:00,0.78357494
2012-06-09 10:30:00,0.69717497
2012-06-10 10:30:00,0.66849995
2012-06-11 10:30:00,0.7520875
2012-06-12 10:30:00,0.9026375
2012-06-13 10:30:00,0.9091749
2012-06-14 10:30:00,0.8031875
2012-06-15 10:30:00,0.8233125
2012-06-16 10:30:00,0.78765
2012-06-17 10:30:00,0.8407
2012-06-18 10:30:00,0.7106125
2012-06-19 10:30:00,0.680875
2012-06-20 10:30:00,0.6946125
2012-06-21 10:30:00,0.64456254
2012-06-22 10:30:00,0.614275
2012-06-23 10:30:00,0.67122495
2012-06-24 10:30:00,0.8319
2012-06-25 10:30:00,0.8504875
2012-06-26 10:30:00,0.79675
2012-06-27 10:30:00,0.75612503
2012-06-28 10:30:00,0.7905
2012-06-29 10:30:00,0.73982495
2012-06-30 10:30:00,0.572575
2012-07-01 10:30:00,0.789
2012-07-02 10:30:00,0.8398375
2012-07-03 10:30:00,0.8178875
2012-07-04 10:30:00,0.7441875
2012-07-05 10:30:00,0.7403375
2012-07-06 10:30:00,0.7020625
2012-07-07 10:30:00,0.679275
2012-07-08 10:30:00,0.8001
2012-07-09 10:30:00,0.8071
2012-07-10 10:30:00,0.86312497
2012-07-11 10:30:00,0.86683744
2012-07-12 10:30:00,0.8216125
2012-07-13 10:30:00,0.6836125
2012-07-14 10:30:00,0.7114375
2012-07-15 10:30:00,0.69879997
2012-07-16 10:30:00,0.65411246
2012-07-17 10:30:00,0.62342495
2012-07-18 10:30:00,0.7382875
2012-07-19 10:30:00,0.6836875
2012-07-20 10:30:00,0.74591243
2012-07-21 10:30:00,0.80668753
2012-07-22 10:30:00,0.87051255
2012-07-23 10:30:00,0.6849875
2012-07-24 10:30:00,0.81106246
2012-07-25 10:30:00,0.8300875
2012-07-26 10:30:00,0.7588125
2012-07-27 10:30:00,0.6971
2012-07-28 10:30:00,0.91652495
2012-07-29 10:30:00,0.858875
2012-07-30 10:30:00,0.7736125
2012-07-31 10:30:00,0.71505
2012-08-01 10:30:00,0.77576244
2012-08-02 10:30:00,0.8185875
2012-08-03 10:30:00,0.85538745
2012-08-04 10:30:00,0.79879993
2012-08-05 10:30:00,0.7023
2012-08-06 10:30:00,0.7316874
2012-08-07 10:30:00,0.706925
2012-08-08 10:30:00,0.64065003
2012-08-09 10:30:00,0.6071875
2012-08-10 10:30:00,0.7681375
2012-08-11 10:30:00,0.65395004
2012-08-12 10:30:00,0.6411125
2012-08-13 10:30:00,0.64652497
2012-08-14 10:30:00,0.69084996
2012-08-15 10:30:00,0.6163
2012-08-16 10:30:00,0.60174996
2012-08-17 10:30:00,0.703625
2012-08-18 10:30:00,0.617875
2012-08-19 10:30:00,0.58845
2012-08-20 10:30:00,0.61373746
2012-08-21 10:30:00,0.5917125
2012-08-22 10:30:00,0.4953875
2012-08-23 10:30:00,0.568275
2012-08-24 10:30:00,0.6489875
2012-08-25 10:30:00,0.6328125
2012-08-26 10:30:00,0.6217875
2012-08-27 10:30:00,0.72991246
2012-08-28 10:30:00,0.530125
2012-08-29 10:30:00,0.56768745
2012-08-30 10:30:00,0.6026875
2012-08-31 10:30:00,0.6060625
2012-09-01 10:30:00,0.5702625
2012-09-02 10:30:00,0.90209997
2012-09-03 10:30:00,0.79628754
2012-09-04 10:30:00,0.8415375
2012-09-05 10:30:00,0.7118125
2012-09-06 10:30:00,0.5825125
2012-09-07 10:30:00,0.68172497
2012-09-08 10:30:00,0.7511
2012-09-09 10:30:00,0.6597
2012-09-10 10:30:00,0.66628754
2012-09-11 10:30:00,0.8704625
2012-09-12 10:30:00,0.82123744
2012-09-13 10:30:00,0.73565
2012-09-14 10:30:00,0.6062625
2012-09-15 10:30:00,0.666775
2012-09-16 10:30:00,0.67955
2012-09-17 10:30:00,0.64917505
2012-09-18 10:30:00,0.70581245
2012-09-19 10:30:00,0.7420875
2012-09-20 10:30:00,0.63495
2012-09-21 10:30:00,0.66415
2012-09-22 10:30:00,0.75691247
2012-09-23 10:30:00,0.75497496
2012-09-24 10:30:00,0.70213753
2012-09-25 10:30:00,0.90995
2012-09-26 10:30:00,0.616175
2012-09-27 10:30:00,0.81252503
2012-09-28 10:30:00,0.541425
2012-09-29 10:30:00,0.6250875
2012-09-30 10:30:00,0.6247125
2012-10-01 10:30:00,0.6104
2012-10-02 10:30:00,0.6416
2012-10-03 10:30:00,0.87595
2012-10-04 10:30:00,0.5611125
2012-10-05 10:30:00,0.487975
2012-10-06 10:30:00,0.60284996
2012-10-07 10:30:00,0.65168744
2012-10-08 10:30:00,0.6529875
2012-10-09 10:30:00,0.62815
2012-10-10 10:30:00,0.54026246
2012-10-11 10:30:00,0.6249125
2012-10-12 10:30:00,0.7641375
2012-10-13 10:30:00,0.71089995
2012-10-14 10:30:00,0.59634995
2012-10-15 10:30:00,0.650925
2012-10-16 10:30:00,0.728575
2012-10-17 10:30:00,0.53113747
2012-10-18 10:30:00,0.49897498
2012-10-19 10:30:00,0.41428748
2012-10-20 10:30:00,0.42334998
2012-10-21 10:30:00,0.595325
2012-10-22 10:30:00,0.63511246
2012-10-23 10:30:00,0.6530375
2012-10-24 10:30:00,0.6317875
2012-10-25 10:30:00,0.6242875
2012-10-26 10:30:00,0.600075
2012-10-27 10:30:00,0.40635
2012-10-28 10:30:00,0.40796247
2012-10-29 10:30:00,0.4842
2012-10-30 10:30:00,0.6454125
2012-10-31 10:30:00,0.600275
2012-11-01 10:30:00,0.57778746
2012-11-02 10:30:00,0.48113748
2012-11-03 10:30:00,0.5889125
2012-11-04 10:30:00,0.81186247
2012-11-05 10:30:00,0.74053746
2012-11-06 10:30:00,0.6607375
2012-11-07 10:30:00,0.59498745
2012-11-08 10:30:00,0.559275
2012-11-09 10:30:00,0.62983745
2012-11-10 10:30:00,0.7034375
2012-11-11 10:30:00,0.69533753
2012-11-12 10:30:00,0.5864125
2012-11-13 10:30:00,0.565225
2012-11-14 10:30:00,0.6129
2012-11-15 10:30:00,0.5153625
2012-11-16 10:30:00,0.58365
2012-11-17 10:30:00,0.581
2012-11-18 10:30:00,0.80132496
2012-11-19 10:30:00,0.61417496
2012-11-20 10:30:00,0.5919625
2012-11-21 10:30:00,0.5581375
2012-11-22 10:30:00,0.55593747
2012-11-23 10:30:00,0.6069
2012-11-24 10:30:00,0.7017625
2012-11-25 10:30:00,0.5668375
2012-11-26 10:30:00,0.53311247
2012-11-27 10:30:00,0.69425
2012-11-28 10:30:00,0.53845
2012-11-29 10:30:00,0.48083746
2012-11-30 10:30:00,0.4600875
2012-12-01 10:30:00,0.599075
2012-12-02 10:30:00,0.64186245
2012-12-03 10:30:00,0.49459997
2012-12-04 10:30:00,0.4618875
2012-12-05 10:30:00,0.387075
2012-12-06 10:30:00,0.407275
2012-12-07 10:30:00,0.493925
2012-12-08 10:30:00,0.5041625
2012-12-09 10:30:00,0.609275
2012-12-10 10:30:00,0.6680125
2012-12-11 10:30:00,0.6750625
2012-12-12 10:30:00,0.68775
2012-12-13 10:30:00,0.5352375
2012-12-14 10:30:00,0.61456245
2012-12-15 10:30:00,0.70849997
2012-12-16 10:30:00,0.5570875
2012-12-17 10:30:00,0.4738375
2012-12-18 10:30:00,0.4914125
2012-12-19 10:30:00,0.5371625
2012-12-20 10:30:00,0.535475
2012-12-21 10:30:00,0.45568746
2012-12-22 10:30:00,0.40726247
2012-12-23 10:30:00,0.40935
2012-12-24 10:30:00,0.4321625
2012-12-25 10:30:00,0.38365
2012-12-26 10:30:00,0.5647875
2012-12-27 10:30:00,0.63769996
2012-12-28 10:30:00,0.70254993
2012-12-29 10:30:00,0.5733875
2012-12-30 10:30:00,0.4802125
2012-12-31 10:30:00,0.534575
2013-01-01 10:30:00,0.3996875
2013-01-02 10:30:00,0.404475
2013-01-03 10:30:00,0.3712625
2013-01-04 10:30:00,0.38724998
2013-01-05 10:30:00,0.42659998
2013-01-06 10:30:00,0.5703
2013-01-07 10:30:00,0.4927875
2013-01-08 10:30:00,0.4429
2013-01-09 10:30:00,0.504475
2013-01-10 10:30:00,0.536875
2013-01-11 10:30:00,0.5879375
2013-01-12 10:30:00,0.5772375
2013-01-13 10:30:00,0.6368
2013-01-14 10:30:00,0.5738625
2013-01-15 10:30:00,0.6394625
2013-01-16 10:30:00,0.51705
2013-01-17 10:30:00,0.532075
2013-01-18 10:30:00,0.6160875
2013-01-19 10:30:00,0.6255125
2013-01-20 10:30:00,0.69427496
2013-01-21 10:30:00,0.64044994
2013-01-22 10:30:00,0.6104625
2013-01-23 10:30:00,0.6022125
2013-01-24 10:30:00,0.37095
2013-01-25 10:30:00,0.39055
2013-01-26 10:30:00,0.51995
2013-01-27 10:30:00,0.650925
2013-01-28 10:30:00,0.70037496
2013-01-29 10:30:00,0.6830625
2013-01-30 10:30:00,0.72732496
2013-01-31 10:30:00,0.6473
2013-02-01 10:30:00,0.34263748
2013-02-02 10:30:00,0.386925
2013-02-03 10:30:00,0.6127
2013-02-04 10:30:00,0.50974995
2013-02-05 10:30:00,0.51046246
2013-02-06 10:30:00,0.376
2013-02-07 10:30:00,0.3761375
2013-02-08 10:30:00,0.4040375
2013-02-09 10:30:00,0.4000875
2013-02-10 10:30:00,0.43139997
2013-02-11 10:30:00,0.51107496
2013-02-12 10:30:00,0.50761247
2013-02-13 10:30:00,0.4326875
2013-02-14 10:30:00,0.41628748
2013-02-15 10:30:00,0.4848625
2013-02-16 10:30:00,0.62619996
2013-02-17 10:30:00,0.42178747
2013-02-18 10:30:00,0.3299625
2013-02-19 10:30:00,0.3705375
2013-02-20 10:30:00,0.4174125
2013-02-21 10:30:00,0.450775
2013-02-22 10:30:00,0.43741247
2013-02-23 10:30:00,0.28178748
2013-02-24 10:30:00,0.44592497
2013-02-25 10:30:00,0.53284997
2013-02-26 10:30:00,0.7011125
2013-02-27 10:30:00,0.43627498
2013-02-28 10:30:00,0.66959995
2013-03-01 10:30:00,0.33697498
2013-03-02 10:30:00,0.49967498
2013-03-03 10:30:00,0.51568747
2013-03-04 10:30:00,0.51502496
2013-03-05 10:30:00,0.550175
2013-03-06 10:30:00,0.39165
2013-03-07 10:30:00,0.274225
2013-03-08 10:30:00,0.49851248
2013-03-09 10:30:00,0.56909996
2013-03-10 10:30:00,0.515925
2013-03-11 10:30:00,0.4524125
2013-03-12 10:30:00,0.353175
2013-03-13 10:30:00,0.4336
2013-03-14 10:30:00,0.46525002
2013-03-15 10:30:00,0.66889995
2013-03-16 10:30:00,0.45724997
2013-03-17 10:30:00,0.30249998
2013-03-18 10:30:00,0.3822375
2013-03-19 10:30:00,0.367925
2013-03-20 10:30:00,0.43658748
2013-03-21 10:30:00,0.44724998
2013-03-22 10:30:00,0.38224998
2013-03-23 10:30:00,0.44155
2013-03-24 10:30:00,0.43585
2013-03-25 10:30:00,0.37605
2013-03-26 10:30:00,0.45769998
2013-03-27 10:30:00,0.4291125
2013-03-28 10:30:00,0.409575
2013-03-29 10:30:00,0.3838
2013-03-30 10:30:00,0.35158747
2013-03-31 10:30:00,0.3255625
2013-04-01 10:30:00,0.35158747
2013-04-02 10:30:00,0.308525
2013-04-03 10:30:00,0.29523748
2013-04-04 10:30:00,0.3355875
2013-04-05 10:30:00,0.48549998
2013-04-06 10:30:00,0.3822375
2013-04-07 10:30:00,0.36287498
2013-04-08 10:30:00,0.4878625
2013-04-09 10:30:00,0.3077
2013-04-10 10:30:00,0.4004375
2013-04-11 10:30:00,0.40146247
2013-04-12 10:30:00,0.293225
2013-04-13 10:30:00,0.2831125
2013-04-14 10:30:00,0.24053751
2013-04-15 10:30:00,0.2755125
2013-04-16 10:30:00,0.29341248
2013-04-17 10:30:00,0.26438752
2013-04-18 10:30:00,0.3171
2013-04-19 10:30:00,0.262625
2013-04-20 10:30:00,0.28285
2013-04-21 10:30:00,0.3162
2013-04-22 10:30:00,0.37658748
2013-04-23 10:30:00,0.41292498
2013-04-24 10:30:00,0.608125
2013-04-25 10:30:00,0.6414
2013-04-26 10:30:00,0.3454625
2013-04-27 10:30:00,0.44021252
2013-04-28 10:30:00,0.66841245
2013-04-29 10:30:00,0.9139625
2013-04-30 10:30:00,0.6261875
2013-05-01 10:30:00,0.683675
2013-05-02 10:30:00,0.6153625
2013-05-03 10:30:00,0.4481375
2013-05-04 10:30:00,0.32073748
2013-05-05 10:30:00,0.340325
2013-05-06 10:30:00,0.4494375
2013-05-07 10:30:00,0.3005875
2013-05-08 10:30:00,0.45774996
2013-05-09 10:30:00,0.4247625
2013-05-10 10:30:00,0.31661248
2013-05-11 10:30:00,0.5365
2013-05-12 10:30:00,0.71433747
2013-05-13 10:30:00,0.6901625
2013-05-14 10:30:00,0.803925
2013-05-15 10:30:00,0.60847497
2013-05-16 10:30:00,0.48058748
2013-05-17 10:30:00,0.507475
2013-05-18 10:30:00,0.2541625
2013-05-19 10:30:00,0.40841252
2013-05-20 10:30:00,0.51194996
2013-05-21 10:30:00,0.6141875
2013-05-22 10:30:00,0.39249998
2013-05-23 10:30:00,0.335975
2013-05-24 10:30:00,0.36159998
2013-05-25 10:30:00,0.355225
2013-05-26 10:30:00,0.46737498
2013-05-27 10:30:00,0.49081248
2013-05-28 10:30:00,0.51481247
2013-05-29 10:30:00,0.37695
2013-05-30 10:30:00,0.46386248
2013-05-31 10:30:00,0.41207498
2013-06-01 10:30:00,0.46107498
2013-06-02 10:30:00,0.5277375
2013-06-03 10:30:00,0.7707125
2013-06-04 10:30:00,0.6608125
2013-06-05 10:30:00,0.59765
2013-06-06 10:30:00,0.899475
2013-06-07 10:30:00,0.70497495
2013-06-08 10:30:00,0.77778745
2013-06-09 10:30:00,0.801675
2013-06-10 10:30:00,0.64558744
2013-06-11 10:30:00,0.70153743
2013-06-12 10:30:00,0.78482497
2013-06-13 10:30:00,0.7137
2013-06-14 10:30:00,0.6994125
2013-06-15 10:30:00,0.62447494
2013-06-16 10:30:00,0.689925
2013-06-17 10:30:00,0.68735
2013-06-18 10:30:00,0.6307125
2013-06-19 10:30:00,0.73445
2013-06-20 10:30:00,0.72293746
2013-06-21 10:30:00,0.70787495
2013-06-22 10:30:00,0.65655
2013-06-23 10:30:00,0.6710375
2013-06-24 10:30:00,0.71256244
2013-06-25 10:30:00,0.79975
2013-06-26 10:30:00,0.9037625
2013-06-27 10:30:00,0.930075
2013-06-28 10:30:00,0.6750375
2013-06-29 10:30:00,0.95073754
2013-06-30 10:30:00,0.91379994
2013-07-01 10:30:00,0.8142375
2013-07-02 10:30:00,0.830475
2013-07-03 10:30:00,0.7475875
2013-07-04 10:30:00,0.70645005
2013-07-05 10:30:00,0.599575
2013-07-06 10:30:00,0.72925
2013-07-07 10:30:00,0.69647497
2013-07-08 10:30:00,0.79698753
2013-07-09 10:30:00,0.6587625
2013-07-10 10:30:00,0.62415
2013-07-11 10:30:00,0.69294995
2013-07-12 10:30:00,0.7663125
2013-07-13 10:30:00,0.655625
2013-07-14 10:30:00,0.6908
2013-07-15 10:30:00,0.891425
2013-07-16 10:30:00,0.669025
2013-07-17 10:30:00,0.811975
2013-07-18 10:30:00,0.89902496
2013-07-19 10:30:00,0.7565625
2013-07-20 10:30:00,0.6930125
2013-07-21 10:30:00,0.70119995
2013-07-22 10:30:00,0.88722503
2013-07-23 10:30:00,0.8834125
2013-07-24 10:30:00,0.8295125
2013-07-25 10:30:00,0.7529125
2013-07-26 10:30:00,0.8121375
2013-07-27 10:30:00,0.90678746
2013-07-28 10:30:00,0.70691246
2013-07-29 10:30:00,0.8273375
2013-07-30 10:30:00,0.75906247
2013-07-31 10:30:00,0.862525
2013-08-01 10:30:00,0.907925
2013-08-02 10:30:00,0.91115
2013-08-03 10:30:00,0.8547875
2013-08-04 10:30:00,0.83796245
2013-08-05 10:30:00,0.8461625
2013-08-06 10:30:00,0.8448625
2013-08-07 10:30:00,0.7442
2013-08-08 10:30:00,0.71279997
2013-08-09 10:30:00,0.71187496
2013-08-10 10:30:00,0.71012497
2013-08-11 10:30:00,0.72271246
2013-08-12 10:30:00,0.81425
2013-08-13 10:30:00,0.70715004
2013-08-14 10:30:00,0.642325
2013-08-15 10:30:00,0.689925
2013-08-16 10:30:00,0.89582497
2013-08-17 10:30:00,0.87551254
2013-08-18 10:30:00,0.71566254
2013-08-19 10:30:00,0.7371875
2013-08-20 10:30:00,0.6904875
2013-08-21 10:30:00,0.9166749
2013-08-22 10:30:00,0.72658753
2013-08-23 10:30:00,0.72028744
2013-08-24 10:30:00,0.64535004
2013-08-25 10:30:00,0.78898746
2013-08-26 10:30:00,0.6989
2013-08-27 10:30:00,0.730325
2013-08-28 10:30:00,0.94296247
2013-08-29 10:30:00,0.6828125
2013-08-30 10:30:00,0.7411625
2013-08-31 10:30:00,0.75273746
2013-09-01 10:30:00,0.71761245
2013-09-02 10:30:00,0.7294125
2013-09-03 10:30:00,0.70066243
2013-09-04 10:30:00,0.75698745
2013-09-05 10:30:00,0.80974996
2013-09-06 10:30:00,0.84519994
2013-09-07 10:30:00,0.79768753
2013-09-08 10:30:00,0.7335875
2013-09-09 10:30:00,0.7608
2013-09-10 10:30:00,0.6322125
2013-09-11 10:30:00,0.5984375
2013-09-12 10:30:00,0.78732497
2013-09-13 10:30:00,0.77348745
2013-09-14 10:30:00,0.42714998
2013-09-15 10:30:00,0.58065
2013-09-16 10:30:00,0.54057497
2013-09-17 10:30:00,0.65417504
2013-09-18 10:30:00,0.65529996
2013-09-19 10:30:00,0.6515375
2013-09-20 10:30:00,0.6898875
2013-09-21 10:30:00,0.73926246
2013-09-22 10:30:00,0.5779875
2013-09-23 10:30:00,0.4822
2013-09-24 10:30:00,0.525875
2013-09-25 10:30:00,0.5199625
2013-09-26 10:30:00,0.531325
2013-09-27 10:30:00,0.42229998
2013-09-28 10:30:00,0.51965
2013-09-29 10:30:00,0.49529997
2013-09-30 10:30:00,0.49037498
2013-10-01 10:30:00,0.403
2013-10-02 10:30:00,0.3866125
2013-10-03 10:30:00,0.395725
2013-10-04 10:30:00,0.38933748
2013-10-05 10:30:00,0.334025
2013-10-06 10:30:00,0.4496125
2013-10-07 10:30:00,0.4266125
2013-10-08 10:30:00,0.3625875
2013-10-09 10:30:00,0.5362875
2013-10-10 10:30:00,0.90459996
2013-10-11 10:30:00,0.6922249
2013-10-12 10:30:00,0.521325
2013-10-13 10:30:00,0.56146246
2013-10-14 10:30:00,0.41272497
2013-10-15 10:30:00,0.509625
2013-10-16 10:30:00,0.5380125
2013-10-17 10:30:00,0.5596375
2013-10-18 10:30:00,0.6308
2013-10-19 10:30:00,0.7119375
2013-10-20 10:30:00,0.7598125
2013-10-21 10:30:00,0.886325
2013-10-22 10:30:00,0.8418
2013-10-23 10:30:00,0.94395
2013-10-24 10:30:00,0.7240125
2013-10-25 10:30:00,0.6464125
2013-10-26 10:30:00,0.74272496
2013-10-27 10:30:00,0.7495
2013-10-28 10:30:00,0.673375
2013-10-29 10:30:00,0.585675
2013-10-30 10:30:00,0.5674875
2013-10-31 10:30:00,0.61852497
2013-11-01 10:30:00,0.7082499
2013-11-02 10:30:00,0.6095625
2013-11-03 10:30:00,0.5688375
2013-11-04 10:30:00,0.6062625
2013-11-05 10:30:00,0.73069996
2013-11-06 10:30:00,0.687575
2013-11-07 10:30:00,0.8209625
2013-11-08 10:30:00,0.7498
2013-11-09 10:30:00,0.4352
2013-11-10 10:30:00,0.4295375
2013-11-11 10:30:00,0.56409997
2013-11-12 10:30:00,0.59427494
2013-11-13 10:30:00,0.601425
2013-11-14 10:30:00,0.58033746
2013-11-15 10:30:00,0.5863125
2013-11-16 10:30:00,0.6031875
2013-11-17 10:30:00,0.513375
2013-11-18 10:30:00,0.3256
2013-11-19 10:30:00,0.27040002
2013-11-20 10:30:00,0.51642495
2013-11-21 10:30:00,0.62549996
2013-11-22 10:30:00,0.61166245
2013-11-23 10:30:00,0.569825
2013-11-24 10:30:00,0.4552125
2013-11-25 10:30:00,0.44701248
2013-11-26 10:30:00,0.44362497
2013-11-27 10:30:00,0.38303748
2013-11-28 10:30:00,0.3929625
2013-11-29 10:30:00,0.4345375
2013-11-30 10:30:00,0.3616375
2013-12-01 10:30:00,0.421525
2013-12-02 10:30:00,0.585925
2013-12-03 10:30:00,0.5287
2013-12-04 10:30:00,0.42857498
2013-12-05 10:30:00,0.42485
2013-12-06 10:30:00,0.5410625
2013-12-07 10:30:00,0.686075
2013-12-08 10:30:00,0.77885
2013-12-09 10:30:00,0.613625
2013-12-10 10:30:00,0.66929996
2013-12-11 10:30:00,0.64968747
2013-12-12 10:30:00,0.4576625
2013-12-13 10:30:00,0.43264997
2013-12-14 10:30:00,0.47112498
2013-12-15 10:30:00,0.6986875
2013-12-16 10:30:00,0.77059996
2013-12-17 10:30:00,0.7581875
2013-12-18 10:30:00,0.69551253
2013-12-19 10:30:00,0.68636245
2013-12-20 10:30:00,0.5798
2013-12-21 10:30:00,0.66012496
2013-12-22 10:30:00,0.6043375
2013-12-23 10:30:00,0.67305
2013-12-24 10:30:00,0.6812124
2013-12-25 10:30:00,0.757375
2013-12-26 10:30:00,0.55663747
2013-12-27 10:30:00,0.5797875
2013-12-28 10:30:00,0.5057
2013-12-29 10:30:00,0.5515625
2013-12-30 10:30:00,0.63014996
2013-12-31 10:30:00,0.5065375
2014-01-01 10:30:00,0.379275
2014-01-02 10:30:00,0.5146875
2014-01-03 10:30:00,0.5392875
2014-01-04 10:30:00,0.6593625
2014-01-05 10:30:00,0.696875
2014-01-06 10:30:00,0.59395
2014-01-07 10:30:00,0.425775
2014-01-08 10:30:00,0.425425
2014-01-09 10:30:00,0.4762625
2014-01-10 10:30:00,0.54529995
2014-01-11 10:30:00,0.393025
2014-01-12 10:30:00,0.3434
2014-01-13 10:30:00,0.4803125
2014-01-14 10:30:00,0.6203875
2014-01-15 10:30:00,0.6221875
2014-01-16 10:30:00,0.5973
2014-01-17 10:30:00,0.56505
2014-01-18 10:30:00,0.563425
2014-01-19 10:30:00,0.7230125
2014-01-20 10:30:00,0.6404
2014-01-21 10:30:00,0.59169996
2014-01-22 10:30:00,0.6829249
2014-01-23 10:30:00,0.5728375
2014-01-24 10:30:00,0.535625
2014-01-25 10:30:00,0.438675
2014-01-26 10:30:00,0.58805
2014-01-27 10:30:00,0.3676375
2014-01-28 10:30:00,0.4373875
2014-01-29 10:30:00,0.489625
2014-01-30 10:30:00,0.47509998
2014-01-31 10:30:00,0.4524
2014-02-01 10:30:00,0.4508
2014-02-02 10:30:00,0.3177125
2014-02-03 10:30:00,0.38985
2014-02-04 10:30:00,0.4505625
2014-02-05 10:30:00,0.4831
2014-02-06 10:30:00,0.46456248
2014-02-07 10:30:00,0.471
2014-02-08 10:30:00,0.6299
2014-02-09 10:30:00,0.51621246
2014-02-10 10:30:00,0.5883
2014-02-11 10:30:00,0.6034875
2014-02-12 10:30:00,0.4894625
2014-02-13 10:30:00,0.59845
2014-02-14 10:30:00,0.745175
2014-02-15 10:30:00,0.701925
2014-02-16 10:30:00,0.64503753
2014-02-17 10:30:00,0.5318125
2014-02-18 10:30:00,0.590275
2014-02-19 10:30:00,0.60109997
2014-02-20 10:30:00,0.6453375
2014-02-21 10:30:00,0.6519875
2014-02-22 10:30:00,0.56037503
2014-02-23 10:30:00,0.584975
2014-02-24 10:30:00,0.587125
2014-02-25 10:30:00,0.6809
2014-02-26 10:30:00,0.54728746
2014-02-27 10:30:00,0.32919997
2014-02-28 10:30:00,0.43802497
2014-03-01 10:30:00,0.42213747
2014-03-02 10:30:00,0.4323875
2014-03-03 10:30:00,0.3959125
2014-03-04 10:30:00,0.4080875
2014-03-05 10:30:00,0.3801625
2014-03-06 10:30:00,0.38513747
2014-03-07 10:30:00,0.34943748
2014-03-08 10:30:00,0.31571248
2014-03-09 10:30:00,0.27045
2014-03-10 10:30:00,0.250475
2014-03-11 10:30:00,0.405525
2014-03-12 10:30:00,0.43675
2014-03-13 10:30:00,0.39153752
2014-03-14 10:30:00,0.35142502
2014-03-15 10:30:00,0.40092498
2014-03-16 10:30:00,0.4037875
2014-03-17 10:30:00,0.530325
2014-03-18 10:30:00,0.38295
2014-03-19 10:30:00,0.45278746
2014-03-20 10:30:00,0.3974375
2014-03-21 10:30:00,0.396575
2014-03-22 10:30:00,0.2940125
2014-03-23 10:30:00,0.37803748
2014-03-24 10:30:00,0.3546625
2014-03-25 10:30:00,0.34658748
2014-03-26 10:30:00,0.50238746
2014-03-27 10:30:00,0.4085375
2014-03-28 10:30:00,0.39826247
2014-03-29 10:30:00,0.32463747
2014-03-30 10:30:00,0.2186375
2014-03-31 10:30:00,0.316825
2014-04-01 10:30:00,0.51695
2014-04-02 10:30:00,0.385475
2014-04-03 10:30:00,0.40974998
2014-04-04 10:30:00,0.6080875
2014-04-05 10:30:00,0.40535
2014-04-06 10:30:00,0.2892125
2014-04-07 10:30:00,0.3209125
2014-04-08 10:30:00,0.3684875
2014-04-09 10:30:00,0.39374998
2014-04-10 10:30:00,0.3322
2014-04-11 10:30:00,0.295925
2014-04-12 10:30:00,0.39003748
2014-04-13 10:30:00,0.3077125
2014-04-14 10:30:00,0.22073749
2014-04-15 10:30:00,0.1715875
2014-04-16 10:30:00,0.2056125
2014-04-17 10:30:00,0.5738625
2014-04-18 10:30:00,0.3744
2014-04-19 10:30:00,0.6589625
2014-04-20 10:30:00,0.633625
2014-04-21 10:30:00,0.38068748
2014-04-22 10:30:00,0.409425
2014-04-23 10:30:00,0.3469875
2014-04-24 10:30:00,0.3333625
2014-04-25 10:30:00,0.273375
2014-04-26 10:30:00,0.3950375
2014-04-27 10:30:00,0.34151247
2014-04-28 10:30:00,0.3244125
2014-04-29 10:30:00,0.26282498
2014-04-30 10:30:00,0.23728749
2014-05-01 10:30:00,0.54235
2014-05-02 10:30:00,0.52046245
2014-05-03 10:30:00,0.3362625
2014-05-04 10:30:00,0.2911625
2014-05-05 10:30:00,0.34132499
2014-05-06 10:30:00,0.46134996
2014-05-07 10:30:00,0.3705625
2014-05-08 10:30:00,0.4308875
2014-05-09 10:30:00,0.35587502
2014-05-10 10:30:00,0.7851
2014-05-11 10:30:00,0.7801125
2014-05-12 10:30:00,0.7477625
2014-05-13 10:30:00,0.73389995
2014-05-14 10:30:00,0.8020625
2014-05-15 10:30:00,0.79031247
2014-05-16 10:30:00,0.8785
2014-05-17 10:30:00,0.716025
2014-05-18 10:30:00,0.85279995
2014-05-19 10:30:00,0.815275
2014-05-20 10:30:00,0.72789997
2014-05-21 10:30:00,0.5993625
2014-05-22 10:30:00,0.5716875
2014-05-23 10:30:00,0.4902125
2014-05-24 10:30:00,0.70156246
2014-05-25 10:30:00,0.71367496
2014-05-26 10:30:00,0.6955
2014-05-27 10:30:00,0.57871246
2014-05-28 10:30:00,0.3968875
2014-05-29 10:30:00,0.36525002
2014-05-30 10:30:00,0.41458747
2014-05-31 10:30:00,0.47753748
2014-06-01 10:30:00,0.4582875
2014-06-02 10:30:00,0.46766248
2014-06-03 10:30:00,0.60627496
2014-06-04 10:30:00,0.54692495
2014-06-05 10:30:00,0.56285
2014-06-06 10:30:00,0.4594875
2014-06-07 10:30:00,0.5960125
2014-06-08 10:30:00,0.918925
2014-06-09 10:30:00,0.87733746
2014-06-10 10:30:00,0.805825
2014-06-11 10:30:00,0.7994625
2014-06-12 10:30:00,0.6868
2014-06-13 10:30:00,0.56453747
2014-06-14 10:30:00,0.55404997
2014-06-15 10:30:00,0.6263
2014-06-16 10:30:00,0.74193746
2014-06-17 10:30:00,0.76106244
2014-06-18 10:30:00,0.65355
2014-06-19 10:30:00,0.673675
2014-06-20 10:30:00,0.765625
2014-06-21 10:30:00,0.789375
2014-06-22 10:30:00,0.6727875
2014-06-23 10:30:00,0.6444125
2014-06-24 10:30:00,0.6982374
2014-06-25 10:30:00,0.7751625
2014-06-26 10:30:00,0.814475
2014-06-27 10:30:00,0.6615
2014-06-28 10:30:00,0.61356246
2014-06-29 10:30:00,0.57724994
2014-06-30 10:30:00,0.67386246
2014-07-01 10:30:00,0.67061245
2014-07-02 10:30:00,0.73184997
2014-07-03 10:30:00,0.79667497
2014-07-04 10:30:00,0.638775
2014-07-05 10:30:00,0.72218746
2014-07-06 10:30:00,0.6986125
2014-07-07 10:30:00,0.885525
2014-07-08 10:30:00,0.62985
2014-07-09 10:30:00,0.675075
2014-07-10 10:30:00,0.7751
2014-07-11 10:30:00,0.8097125
2014-07-12 10:30:00,0.77286243
2014-07-13 10:30:00,0.81216246
2014-07-14 10:30:00,0.6685625
2014-07-15 10:30:00,0.851825
2014-07-16 10:30:00,0.8861875
2014-07-17 10:30:00,0.82888746
2014-07-18 10:30:00,0.79735
2014-07-19 10:30:00,0.8594874
2014-07-20 10:30:00,0.84816253
2014-07-21 10:30:00,0.6803125
2014-07-22 10:30:00,0.69348747
2014-07-23 10:30:00,0.6238
2014-07-24 10:30:00,0.59919995
2014-07-25 10:30:00,0.73622495
2014-07-26 10:30:00,0.76565003
2014-07-27 10:30:00,0.7454625
2014-07-28 10:30:00,0.64841247
2014-07-29 10:30:00,0.71589994
2014-07-30 10:30:00,0.77857494
2014-07-31 10:30:00,0.71405
2014-08-01 10:30:00,0.6499125
2014-08-02 10:30:00,0.8036875
2014-08-03 10:30:00,0.6242375
2014-08-04 10:30:00,0.63075
2014-08-05 10:30:00,0.75427496
2014-08-06 10:30:00,0.71622497
2014-08-07 10:30:00,0.6847125
2014-08-08 10:30:00,0.62404996
2014-08-09 10:30:00,0.78215003
2014-08-10 10:30:00,0.91385
2014-08-11 10:30:00,0.6879125
2014-08-12 10:30:00,0.64335
2014-08-13 10:30:00,0.72961247
2014-08-14 10:30:00,0.8726625
2014-08-15 10:30:00,0.90265
2014-08-16 10:30:00,0.9008
2014-08-17 10:30:00,0.79359996
2014-08-18 10:30:00,0.76013744
2014-08-19 10:30:00,0.858625
2014-08-20 10:30:00,0.85885
2014-08-21 10:30:00,0.7450125
2014-08-22 10:30:00,0.785125
2014-08-23 10:30:00,0.78731245
2014-08-24 10:30:00,0.7902749
2014-08-25 10:30:00,0.9299875
2014-08-26 10:30:00,0.79623747
2014-08-27 10:30:00,0.764125
2014-08-28 10:30:00,0.84827495
2014-08-29 10:30:00,0.7415875
2014-08-30 10:30:00,0.71905
2014-08-31 10:30:00,0.804375
2014-09-01 10:30:00,0.7089125
2014-09-02 10:30:00,0.81616247
2014-09-03 10:30:00,0.82326245
2014-09-04 10:30:00,0.74044997
2014-09-05 10:30:00,0.7585
2014-09-06 10:30:00,0.7561875
2014-09-07 10:30:00,0.7756375
2014-09-08 10:30:00,0.52475
2014-09-09 10:30:00,0.5430375
2014-09-10 10:30:00,0.68065
2014-09-11 10:30:00,0.734075
2014-09-12 10:30:00,0.72771245
2014-09-13 10:30:00,0.66598755
2014-09-14 10:30:00,0.49281248
2014-09-15 10:30:00,0.5307625
2014-09-16 10:30:00,0.63976246
2014-09-17 10:30:00,0.65655
2014-09-18 10:30:00,0.65543747
2014-09-19 10:30:00,0.641175
2014-09-20 10:30:00,0.76495004
2014-09-21 10:30:00,0.73772496
2014-09-22 10:30:00,0.816425
2014-09-23 10:30:00,0.70207494
2014-09-24 10:30:00,0.603125
2014-09-25 10:30:00,0.48549998
2014-09-26 10:30:00,0.91928744
2014-09-27 10:30:00,0.6036375
2014-09-28 10:30:00,0.60704994
2014-09-29 10:30:00,0.48247495
2014-09-30 10:30:00,0.5098625
2014-10-01 10:30:00,0.5513375
2014-10-02 10:30:00,0.59045
2014-10-03 10:30:00,0.459725
2014-10-04 10:30:00,0.5203125
2014-10-05 10:30:00,0.4831625
2014-10-06 10:30:00,0.49674997
2014-10-07 10:30:00,0.4752125
2014-10-08 10:30:00,0.69873744
2014-10-09 10:30:00,0.696325
2014-10-10 10:30:00,0.8717875
2014-10-11 10:30:00,0.643125
2014-10-12 10:30:00,0.45315
2014-10-13 10:30:00,0.48434997
2014-10-14 10:30:00,0.4524625
2014-10-15 10:30:00,0.37967497
2014-10-16 10:30:00,0.4438125
2014-10-17 10:30:00,0.51175
2014-10-18 10:30:00,0.46706247
2014-10-19 10:30:00,0.276275
2014-10-20 10:30:00,0.2882625
2014-10-21 10:30:00,0.3957375
2014-10-22 10:30:00,0.44422498
2014-10-23 10:30:00,0.4969875
2014-10-24 10:30:00,0.5909
2014-10-25 10:30:00,0.5236375
2014-10-26 10:30:00,0.40162498
2014-10-27 10:30:00,0.46092498
2014-10-28 10:30:00,0.429825
2014-10-29 10:30:00,0.425925
2014-10-30 10:30:00,0.8594874
2014-10-31 10:30:00,0.90076244
2014-11-01 10:30:00,0.6036625
2014-11-02 10:30:00,0.5293625
2014-11-03 10:30:00,0.67335
2014-11-04 10:30:00,0.66639996
2014-11-05 10:30:00,0.5351875
2014-11-06 10:30:00,0.419775
2014-11-07 10:30:00,0.38775
2014-11-08 10:30:00,0.47867498
2014-11-09 10:30:00,0.458125
2014-11-10 10:30:00,0.462825
2014-11-11 10:30:00,0.3776625
2014-11-12 10:30:00,0.34655
2014-11-13 10:30:00,0.42299998
2014-11-14 10:30:00,0.4846625
2014-11-15 10:30:00,0.60565
2014-11-16 10:30:00,0.5981375
2014-11-17 10:30:00,0.57681245
2014-11-18 10:30:00,0.5109375
2014-11-19 10:30:00,0.68252504
2014-11-20 10:30:00,0.6760375
2014-11-21 10:30:00,0.506075
2014-11-22 10:30:00,0.60061246
2014-11-23 10:30:00,0.4812625
2014-11-24 10:30:00,0.5572
2014-11-25 10:30:00,0.50705
2014-11-26 10:30:00,0.330825
2014-11-27 10:30:00,0.45248747
2014-11-28 10:30:00,0.5617
2014-11-29 10:30:00,0.58959997
2014-11-30 10:30:00,0.4747375
2014-12-01 10:30:00,0.25507498
2014-12-02 10:30:00,0.2831375
2014-12-03 10:30:00,0.34682497
2014-12-04 10:30:00,0.39142498
2014-12-05 10:30:00,0.4053
2014-12-06 10:30:00,0.49191248
2014-12-07 10:30:00,0.544675
2014-12-08 10:30:00,0.54580003
2014-12-09 10:30:00,0.5926
2014-12-10 10:30:00,0.79403746
2014-12-11 10:30:00,0.61395
2014-12-12 10:30:00,0.5074
2014-12-13 10:30:00,0.5705125
2014-12-14 10:30:00,0.6881625
2014-12-15 10:30:00,0.553025
2014-12-16 10:30:00,0.5129
2014-12-17 10:30:00,0.610475
2014-12-18 10:30:00,0.7212375
2014-12-19 10:30:00,0.6295125
2014-12-20 10:30:00,0.5417875
2014-12-21 10:30:00,0.62175
2014-12-22 10:30:00,0.7533
2014-12-23 10:30:00,0.59645
2014-12-24 10:30:00,0.577275
2014-12-25 10:30:00,0.51756245
2014-12-26 10:30:00,0.73459995
2014-12-27 10:30:00,0.62286246
2014-12-28 10:30:00,0.6451375
2014-12-29 10:30:00,0.7495625
2014-12-30 10:30:00,0.5499
2014-12-31 10:30:00,0.46135002
2015-01-01 10:30:00,0.4432125
2015-01-02 10:30:00,0.60825
2015-01-03 10:30:00,0.6368625
2015-01-04 10:30:00,0.6658625
2015-01-05 10:30:00,0.3462
2015-01-06 10:30:00,0.2766375
2015-01-07 10:30:00,0.48523748
2015-01-08 10:30:00,0.5929625
2015-01-09 10:30:00,0.64935
2015-01-10 10:30:00,0.623625
2015-01-11 10:30:00,0.61526245
2015-01-12 10:30:00,0.6268125
2015-01-13 10:30:00,0.6958125
2015-01-14 10:30:00,0.74373746
2015-01-15 10:30:00,0.76489997
2015-01-16 10:30:00,0.41655
2015-01-17 10:30:00,0.53845
2015-01-18 10:30:00,0.66359997
2015-01-19 10:30:00,0.63116246
2015-01-20 10:30:00,0.6691375
2015-01-21 10:30:00,0.65697503
2015-01-22 10:30:00,0.662125
2015-01-23 10:30:00,0.6224125
2015-01-24 10:30:00,0.582
2015-01-25 10:30:00,0.38123748
2015-01-26 10:30:00,0.362925
2015-01-27 10:30:00,0.420425
2015-01-28 10:30:00,0.4439875
2015-01-29 10:30:00,0.4142125
2015-01-30 10:30:00,0.42665
2015-01-31 10:30:00,0.490225
2015-02-01 10:30:00,0.531775
2015-02-02 10:30:00,0.552925
2015-02-03 10:30:00,0.551475
2015-02-04 10:30:00,0.5221875
2015-02-05 10:30:00,0.51897496
2015-02-06 10:30:00,0.3327375
2015-02-07 10:30:00,0.2609625
2015-02-08 10:30:00,0.32108748
2015-02-09 10:30:00,0.403725
2015-02-10 10:30:00,0.36755002
2015-02-11 10:30:00,0.46901247
2015-02-12 10:30:00,0.3985625
2015-02-13 10:30:00,0.46037498
2015-02-14 10:30:00,0.5860125
2015-02-15 10:30:00,0.51647496
2015-02-16 10:30:00,0.61132497
2015-02-17 10:30:00,0.38595
2015-02-18 10:30:00,0.3283625
2015-02-19 10:30:00,0.43641248
2015-02-20 10:30:00,0.41155
2015-02-21 10:30:00,0.874575
2015-02-22 10:30:00,0.5306375
2015-02-23 10:30:00,0.387075
2015-02-24 10:30:00,0.515475
2015-02-25 10:30:00,0.51305
2015-02-26 10:30:00,0.5283375
2015-02-27 10:30:00,0.43641248
2015-02-28 10:30:00,0.4770375
2015-03-01 10:30:00,0.4467625
2015-03-02 10:30:00,0.4055
2015-03-03 10:30:00,0.5372625
2015-03-04 10:30:00,0.394375
2015-03-05 10:30:00,0.4047
2015-03-06 10:30:00,0.2873875
2015-03-07 10:30:00,0.30656248
2015-03-08 10:30:00,0.34111252
2015-03-09 10:30:00,0.29575
2015-03-10 10:30:00,0.2853
2015-03-11 10:30:00,0.3035
2015-03-12 10:30:00,0.43066248
2015-03-13 10:30:00,0.40614998
2015-03-14 10:30:00,0.3568625
2015-03-15 10:30:00,0.3022875
2015-03-16 10:30:00,0.2705125
2015-03-17 10:30:00,0.303275
2015-03-18 10:30:00,0.38057497
2015-03-19 10:30:00,0.292575
2015-03-20 10:30:00,0.2703
2015-03-21 10:30:00,0.18883748
2015-03-22 10:30:00,0.22307499
2015-03-23 10:30:00,0.2303125
2015-03-24 10:30:00,0.32052502
2015-03-25 10:30:00,0.2220375
2015-03-26 10:30:00,0.1795125
2015-03-27 10:30:00,0.38619998
2015-03-28 10:30:00,0.41595
2015-03-29 10:30:00,0.28225
2015-03-30 10:30:00,0.3309375
2015-03-31 10:30:00,0.2032625
2015-04-01 10:30:00,0.209675
2015-04-02 10:30:00,0.7989625
2015-04-03 10:30:00,0.5037625
2015-04-04 10:30:00,0.85055
2015-04-05 10:30:00,0.537625
2015-04-06 10:30:00,0.47158748
2015-04-07 10:30:00,0.523525
2015-04-08 10:30:00,0.613325
2015-04-09 10:30:00,0.43735
2015-04-10 10:30:00,0.461525
2015-04-11 10:30:00,0.41584998
2015-04-12 10:30:00,0.31724998
2015-04-13 10:30:00,0.2557625
2015-04-14 10:30:00,0.3868
2015-04-15 10:30:00,0.4121125
2015-04-16 10:30:00,0.3351625
2015-04-17 10:30:00,0.2305625
2015-04-18 10:30:00,0.234775
2015-04-19 10:30:00,0.22354999
2015-04-20 10:30:00,0.23781249
2015-04-21 10:30:00,0.26093748
2015-04-22 10:30:00,0.271
2015-04-23 10:30:00,0.36576247
2015-04-24 10:30:00,0.2551625
2015-04-25 10:30:00,0.34471247
2015-04-26 10:30:00,0.2805
2015-04-27 10:30:00,0.2987375
2015-04-28 10:30:00,0.3402875
2015-04-29 10:30:00,0.18071249
2015-04-30 10:30:00,0.0962875
2015-05-01 10:30:00,0.4402875
2015-05-02 10:30:00,0.387275
2015-05-03 10:30:00,0.2986375
2015-05-04 10:30:00,0.23306249
2015-05-05 10:30:00,0.3930625
2015-05-06 10:30:00,0.365125
2015-05-07 10:30:00,0.89292496
2015-05-08 10:30:00,0.66760004
2015-05-09 10:30:00,0.4034
2015-05-10 10:30:00,0.40877497
2015-05-11 10:30:00,0.89505005
2015-05-12 10:30:00,0.8071375
2015-05-13 10:30:00,0.66199994
2015-05-14 10:30:00,0.23898749
2015-05-15 10:30:00,0.2368
2015-05-16 10:30:00,0.34627497
2015-05-17 10:30:00,0.5560375
2015-05-18 10:30:00,0.79451245
2015-05-19 10:30:00,0.602925
2015-05-20 10:30:00,0.38187498
2015-05-21 10:30:00,0.35173747
2015-05-22 10:30:00,0.2894125
2015-05-23 10:30:00,0.428625
2015-05-24 10:30:00,0.3578625
2015-05-25 10:30:00,0.66375
2015-05-26 10:30:00,0.5795375
2015-05-27 10:30:00,0.48783746
2015-05-28 10:30:00,0.753975
2015-05-29 10:30:00,0.582825
2015-05-30 10:30:00,0.5290375
2015-05-31 10:30:00,0.5597
2015-06-01 10:30:00,0.499775
2015-06-02 10:30:00,0.555
2015-06-03 10:30:00,0.4388375
2015-06-04 10:30:00,0.6763875
2015-06-05 10:30:00,0.9461
2015-06-06 10:30:00,0.821575
2015-06-07 10:30:00,0.63885003
2015-06-08 10:30:00,0.66809994
2015-06-09 10:30:00,0.6641749
2015-06-10 10:30:00,0.80015
2015-06-11 10:30:00,0.9055625
2015-06-12 10:30:00,0.87842494
2015-06-13 10:30:00,0.763025
2015-06-14 10:30:00,0.6165
2015-06-15 10:30:00,0.55425
2015-06-16 10:30:00,0.710425
2015-06-17 10:30:00,0.9410875
2015-06-18 10:30:00,0.9292375
2015-06-19 10:30:00,0.7331875
2015-06-20 10:30:00,0.64434993
2015-06-21 10:30:00,0.605625
2015-06-22 10:30:00,0.68292505
2015-06-23 10:30:00,0.775875
2015-06-24 10:30:00,0.8314125
2015-06-25 10:30:00,0.543725
2015-06-26 10:30:00,0.6072125
2015-06-27 10:30:00,0.695575
2015-06-28 10:30:00,0.5984375
2015-06-29 10:30:00,0.5353125
2015-06-30 10:30:00,0.80665
2015-07-01 10:30:00,0.81653744
2015-07-02 10:30:00,0.8410624
2015-07-03 10:30:00,0.70917493
2015-07-04 10:30:00,0.6673375
2015-07-05 10:30:00,0.654225
2015-07-06 10:30:00,0.643775
2015-07-07 10:30:00,0.6509375
2015-07-08 10:30:00,0.65205
2015-07-09 10:30:00,0.70366246
2015-07-10 10:30:00,0.6700625
2015-07-11 10:30:00,0.69897497
2015-07-12 10:30:00,0.672975
2015-07-13 10:30:00,0.6588749
2015-07-14 10:30:00,0.77596253
2015-07-15 10:30:00,0.852525
2015-07-16 10:30:00,0.8251875
2015-07-17 10:30:00,0.8371375
2015-07-18 10:30:00,0.7668875
2015-07-19 10:30:00,0.73043746
2015-07-20 10:30:00,0.9266375
2015-07-21 10:30:00,0.92285
2015-07-22 10:30:00,0.87606245
2015-07-23 10:30:00,0.82826245
2015-07-24 10:30:00,0.81315
2015-07-25 10:30:00,0.864225
2015-07-26 10:30:00,0.7329125
2015-07-27 10:30:00,0.62245
2015-07-28 10:30:00,0.6675125
2015-07-29 10:30:00,0.86135
2015-07-30 10:30:00,0.750775
2015-07-31 10:30:00,0.7434625
2015-08-01 10:30:00,0.66525
2015-08-02 10:30:00,0.66169995
2015-08-03 10:30:00,0.6745625
2015-08-04 10:30:00,0.7034625
2015-08-05 10:30:00,0.7579125
2015-08-06 10:30:00,0.78348744
2015-08-07 10:30:00,0.78007495
2015-08-08 10:30:00,0.80473745
2015-08-09 10:30:00,0.88917494
2015-08-10 10:30:00,0.7166749
2015-08-11 10:30:00,0.75434995
2015-08-12 10:30:00,0.7203625
2015-08-13 10:30:00,0.7027375
2015-08-14 10:30:00,0.8768125
2015-08-15 10:30:00,0.85781246
2015-08-16 10:30:00,0.89777493
2015-08-17 10:30:00,0.8568125
2015-08-18 10:30:00,0.89775
2015-08-19 10:30:00,0.80244994
2015-08-20 10:30:00,0.93824995
2015-08-21 10:30:00,0.8725875
2015-08-22 10:30:00,0.84955
2015-08-23 10:30:00,0.874075
2015-08-24 10:30:00,0.91075
2015-08-25 10:30:00,0.9106375
2015-08-26 10:30:00,0.8101875
2015-08-27 10:30:00,0.7393375
2015-08-28 10:30:00,0.898625
2015-08-29 10:30:00,0.8932875
2015-08-30 10:30:00,0.941475
2015-08-31 10:30:00,0.9521
2015-09-01 10:30:00,0.8011
2015-09-02 10:30:00,0.7604875
2015-09-03 10:30:00,0.728375
2015-09-04 10:30:00,0.78788745
2015-09-05 10:30:00,0.7785125
2015-09-06 10:30:00,0.70208746
2015-09-07 10:30:00,0.9323625
2015-09-08 10:30:00,0.8874125
2015-09-09 10:30:00,0.66719997
2015-09-10 10:30:00,0.63755
2015-09-11 10:30:00,0.6218625
2015-09-12 10:30:00,0.73779994
2015-09-13 10:30:00,0.77168745
2015-09-14 10:30:00,0.6821875
2015-09-15 10:30:00,0.7082499
2015-09-16 10:30:00,0.71725
2015-09-17 10:30:00,0.92482495
2015-09-18 10:30:00,0.84903747
2015-09-19 10:30:00,0.70665
2015-09-20 10:30:00,0.76766247
2015-09-21 10:30:00,0.684
2015-09-22 10:30:00,0.97302496
2015-09-23 10:30:00,0.8260499
2015-09-24 10:30:00,0.84699994
2015-09-25 10:30:00,0.75418746
2015-09-26 10:30:00,0.7297875
2015-09-27 10:30:00,0.6704875
2015-09-28 10:30:00,0.6229375
2015-09-29 10:30:00,0.6958249
2015-09-30 10:30:00,0.6852875
2015-10-01 10:30:00,0.5489875
2015-10-02 10:30:00,0.419775
2015-10-03 10:30:00,0.49013746
2015-10-04 10:30:00,0.550875
2015-10-05 10:30:00,0.53695
2015-10-06 10:30:00,0.579525
2015-10-07 10:30:00,0.40436247
2015-10-08 10:30:00,0.5121125
2015-10-09 10:30:00,0.564275
2015-10-10 10:30:00,0.90047497
2015-10-11 10:30:00,0.46936247
2015-10-12 10:30:00,0.5813625
2015-10-13 10:30:00,0.633075
2015-10-14 10:30:00,0.6755875
2015-10-15 10:30:00,0.51635003
2015-10-16 10:30:00,0.4141
2015-10-17 10:30:00,0.292575
2015-10-18 10:30:00,0.3509375
2015-10-19 10:30:00,0.37948748
2015-10-20 10:30:00,0.438525
2015-10-21 10:30:00,0.41262498
2015-10-22 10:30:00,0.4497375
2015-10-23 10:30:00,0.23546249
2015-10-24 10:30:00,0.292325
2015-10-25 10:30:00,0.3899625
2015-10-26 10:30:00,0.5311875
2015-10-27 10:30:00,0.39103752
2015-10-28 10:30:00,0.38904998
2015-10-29 10:30:00,0.41693747
2015-10-30 10:30:00,0.4143875
2015-10-31 10:30:00,0.46186247
2015-11-01 10:30:00,0.3154
2015-11-02 10:30:00,0.48328748
2015-11-03 10:30:00,0.31702498
2015-11-04 10:30:00,0.34535
2015-11-05 10:30:00,0.3170375
2015-11-06 10:30:00,0.50479996
2015-11-07 10:30:00,0.5107375
2015-11-08 10:30:00,0.6136375
2015-11-09 10:30:00,0.73495
2015-11-10 10:30:00,0.71309996
2015-11-11 10:30:00,0.7482375
2015-11-12 10:30:00,0.81261253
2015-11-13 10:30:00,0.8108625
2015-11-14 10:30:00,0.6701625
2015-11-15 10:30:00,0.3211375
2015-11-16 10:30:00,0.695575
2015-11-17 10:30:00,0.61885
2015-11-18 10:30:00,0.7615875
2015-11-19 10:30:00,0.7728499
2015-11-20 10:30:00,0.74211246
2015-11-21 10:30:00,0.67073745
2015-11-22 10:30:00,0.6549375
2015-11-23 10:30:00,0.60739994
2015-11-24 10:30:00,0.635425
2015-11-25 10:30:00,0.65498745
2015-11-26 10:30:00,0.66098756
2015-11-27 10:30:00,0.75453746
2015-11-28 10:30:00,0.69833744
2015-11-29 10:30:00,0.6781625
2015-11-30 10:30:00,0.741
2015-12-01 10:30:00,0.8305
2015-12-02 10:30:00,0.81990004
2015-12-03 10:30:00,0.55755
2015-12-04 10:30:00,0.52145
2015-12-05 10:30:00,0.51611245
2015-12-06 10:30:00,0.62995
2015-12-07 10:30:00,0.6983125
2015-12-08 10:30:00,0.69544995
2015-12-09 10:30:00,0.73012495
2015-12-10 10:30:00,0.60214996
2015-12-11 10:30:00,0.6647999
2015-12-12 10:30:00,0.596575
2015-12-13 10:30:00,0.706825
2015-12-14 10:30:00,0.77692497
2015-12-15 10:30:00,0.5923125
2015-12-16 10:30:00,0.53201246
2015-12-17 10:30:00,0.5717125
2015-12-18 10:30:00,0.68572503
2015-12-19 10:30:00,0.65437496
2015-12-20 10:30:00,0.7425625
2015-12-21 10:30:00,0.77698743
2015-12-22 10:30:00,0.64977497
2015-12-23 10:30:00,0.55707496
2015-12-24 10:30:00,0.5777625
2015-12-25 10:30:00,0.6047375
2015-12-26 10:30:00,0.394675
2015-12-27 10:30:00,0.38455
2015-12-28 10:30:00,0.48576248
2015-12-29 10:30:00,0.68093747
2015-12-30 10:30:00,0.6854875
2015-12-31 10:30:00,0.67080003
2016-01-01 10:30:00,0.5901
2016-01-02 10:30:00,0.6949125
2016-01-03 10:30:00,0.543825
2016-01-04 10:30:00,0.45721248
2016-01-05 10:30:00,0.59888744
2016-01-06 10:30:00,0.49400002
2016-01-07 10:30:00,0.5208375
2016-01-08 10:30:00,0.529775
2016-01-09 10:30:00,0.51783746
2016-01-10 10:30:00,0.4053625
2016-01-11 10:30:00,0.43965
2016-01-12 10:30:00,0.5017
2016-01-13 10:30:00,0.515175
2016-01-14 10:30:00,0.64925003
2016-01-15 10:30:00,0.6985875
2016-01-16 10:30:00,0.6117
2016-01-17 10:30:00,0.46926248
2016-01-18 10:30:00,0.51572496
2016-01-19 10:30:00,0.5375375
2016-01-20 10:30:00,0.56576246
2016-01-21 10:30:00,0.501175
2016-01-22 10:30:00,0.45398748
2016-01-23 10:30:00,0.47727498
2016-01-24 10:30:00,0.41532502
2016-01-25 10:30:00,0.43546247
2016-01-26 10:30:00,0.45364997
2016-01-27 10:30:00,0.48924997
2016-01-28 10:30:00,0.49636248
2016-01-29 10:30:00,0.482725
2016-01-30 10:30:00,0.5153875
2016-01-31 10:30:00,0.5400875
2016-02-01 10:30:00,0.4928375
2016-02-02 10:30:00,0.47934997
2016-02-03 10:30:00,0.46269998
2016-02-04 10:30:00,0.483
2016-02-05 10:30:00,0.5323375
2016-02-06 10:30:00,0.5637625
2016-02-07 10:30:00,0.63318753
2016-02-08 10:30:00,0.6142875
2016-02-09 10:30:00,0.6399125
2016-02-10 10:30:00,0.6942125
2016-02-11 10:30:00,0.6811
2016-02-12 10:30:00,0.42859998
2016-02-13 10:30:00,0.3979125
2016-02-14 10:30:00,0.3953875
2016-02-15 10:30:00,0.49724996
2016-02-16 10:30:00,0.484625
2016-02-17 10:30:00,0.5353125
2016-02-18 10:30:00,0.466875
2016-02-19 10:30:00,0.457575
2016-02-20 10:30:00,0.43897498
2016-02-21 10:30:00,0.40177497
2016-02-22 10:30:00,0.41622502
2016-02-23 10:30:00,0.42308748
2016-02-24 10:30:00,0.44884998
2016-02-25 10:30:00,0.46831247
2016-02-26 10:30:00,0.45841247
2016-02-27 10:30:00,0.40936247
2016-02-28 10:30:00,0.537725
2016-02-29 10:30:00,0.494725
2016-03-01 10:30:00,0.5066625
2016-03-02 10:30:00,0.6588375
2016-03-03 10:30:00,0.69093746
2016-03-04 10:30:00,0.70536244
2016-03-05 10:30:00,0.528475
2016-03-06 10:30:00,0.450975
2016-03-07 10:30:00,0.38865
2016-03-08 10:30:00,0.40537497
2016-03-09 10:30:00,0.4030875
2016-03-10 10:30:00,0.460425
2016-03-11 10:30:00,0.4801375
2016-03-12 10:30:00,0.3575875
2016-03-13 10:30:00,0.41287497
2016-03-14 10:30:00,0.5108875
2016-03-15 10:30:00,0.42244998
2016-03-16 10:30:00,0.43774998
2016-03-17 10:30:00,0.4407125
2016-03-18 10:30:00,0.52111244
2016-03-19 10:30:00,0.42159998
2016-03-20 10:30:00,0.337675
2016-03-21 10:30:00,0.6788
2016-03-22 10:30:00,0.36325
2016-03-23 10:30:00,0.3442
2016-03-24 10:30:00,0.357575
2016-03-25 10:30:00,0.3204625
2016-03-26 10:30:00,0.2987375
2016-03-27 10:30:00,0.2987375
2016-03-28 10:30:00,0.2904875
2016-03-29 10:30:00,0.47303748
2016-03-30 10:30:00,0.34417498
2016-03-31 10:30:00,0.35793748
2016-04-01 10:30:00,0.47987497
2016-04-02 10:30:00,0.33169997
2016-04-03 10:30:00,0.38898748
2016-04-04 10:30:00,0.42607498
2016-04-05 10:30:00,0.34997502
2016-04-06 10:30:00,0.33627498
2016-04-07 10:30:00,0.21725
2016-04-08 10:30:00,0.20487499
2016-04-09 10:30:00,0.23200001
2016-04-10 10:30:00,0.2983
2016-04-11 10:30:00,0.5260625
2016-04-12 10:30:00,0.35432497
2016-04-13 10:30:00,0.86983746
2016-04-14 10:30:00,0.5959125
2016-04-15 10:30:00,0.73004997
2016-04-16 10:30:00,0.84597504
2016-04-17 10:30:00,0.423375
2016-04-18 10:30:00,0.4856625
2016-04-19 10:30:00,0.3044375
2016-04-20 10:30:00,0.2858375
2016-04-21 10:30:00,0.33540002
2016-04-22 10:30:00,0.486925
2016-04-23 10:30:00,0.36810002
2016-04-24 10:30:00,0.572725
2016-04-25 10:30:00,0.3835625
2016-04-26 10:30:00,0.4196625
2016-04-27 10:30:00,0.55892503
2016-04-28 10:30:00,0.34111252
2016-04-29 10:30:00,0.44108748
2016-04-30 10:30:00,0.4640875
2016-05-01 10:30:00,0.625475
2016-05-02 10:30:00,0.3460625
2016-05-03 10:30:00,0.249625
2016-05-04 10:30:00,0.2015
2016-05-05 10:30:00,0.6235375
2016-05-06 10:30:00,0.7336125
2016-05-07 10:30:00,0.24147499
2016-05-08 10:30:00,0.38529998
2016-05-09 10:30:00,0.38924998
2016-05-10 10:30:00,0.19687499
2016-05-11 10:30:00,0.594625
2016-05-12 10:30:00,0.5218375
2016-05-13 10:30:00,0.33206248
2016-05-14 10:30:00,0.3994375
2016-05-15 10:30:00,0.326875
2016-05-16 10:30:00,0.3875125
2016-05-17 10:30:00,0.1559125
2016-05-18 10:30:00,0.3144125
2016-05-19 10:30:00,0.263675
2016-05-20 10:30:00,0.34287497
2016-05-21 10:30:00,0.3879
2016-05-22 10:30:00,0.33662498
2016-05-23 10:30:00,0.6257
2016-05-24 10:30:00,0.8589375
2016-05-25 10:30:00,0.54333746
2016-05-26 10:30:00,0.48513752
2016-05-27 10:30:00,0.454675
2016-05-28 10:30:00,0.3836625
2016-05-29 10:30:00,0.38564998
2016-05-30 10:30:00,0.4816
2016-05-31 10:30:00,0.46491247
2016-06-01 10:30:00,0.4082875
2016-06-02 10:30:00,0.4484
2016-06-03 10:30:00,0.46406248
2016-06-04 10:30:00,0.49136248
2016-06-05 10:30:00,0.42706248
2016-06-06 10:30:00,0.4852
2016-06-07 10:30:00,0.5588375
2016-06-08 10:30:00,0.4346625
2016-06-09 10:30:00,0.6777375
2016-06-10 10:30:00,0.7770375
2016-06-11 10:30:00,0.67721254
2016-06-12 10:30:00,0.70277494
2016-06-13 10:30:00,0.66379994
2016-06-14 10:30:00,0.66372496
2016-06-15 10:30:00,0.69756246
2016-06-16 10:30:00,0.744375
2016-06-17 10:30:00,0.8036625
2016-06-18 10:30:00,0.7574875
2016-06-19 10:30:00,0.6833875
2016-06-20 10:30:00,0.73705
2016-06-21 10:30:00,0.569375
2016-06-22 10:30:00,0.85155
2016-06-23 10:30:00,0.6507875
2016-06-24 10:30:00,0.63401246
2016-06-25 10:30:00,0.5618
2016-06-26 10:30:00,0.6042
2016-06-27 10:30:00,0.66489995
2016-06-28 10:30:00,0.76216245
2016-06-29 10:30:00,0.817525
2016-06-30 10:30:00,0.70231247
2016-07-01 10:30:00,0.62305
2016-07-02 10:30:00,0.6750625
2016-07-03 10:30:00,0.65786254
2016-07-04 10:30:00,0.5222875
2016-07-05 10:30:00,0.5028875
2016-07-06 10:30:00,0.579925
2016-07-07 10:30:00,0.6228125
2016-07-08 10:30:00,0.64787495
2016-07-09 10:30:00,0.67345
2016-07-10 10:30:00,0.440125
2016-07-11 10:30:00,0.6554625
2016-07-12 10:30:00,0.7086125
2016-07-13 10:30:00,0.57756245
2016-07-14 10:30:00,0.5732375
2016-07-15 10:30:00,0.5274
2016-07-16 10:30:00,0.567925
2016-07-17 10:30:00,0.6486875
2016-07-18 10:30:00,0.4829
2016-07-19 10:30:00,0.6486375
2016-07-20 10:30:00,0.7536875
2016-07-21 10:30:00,0.6722
2016-07-22 10:30:00,0.8990875
2016-07-23 10:30:00,0.83028746
2016-07-24 10:30:00,0.6212125
2016-07-25 10:30:00,0.72475
2016-07-26 10:30:00,0.6531375
2016-07-27 10:30:00,0.6234625
2016-07-28 10:30:00,0.6908
2016-07-29 10:30:00,0.6493875
2016-07-30 10:30:00,0.70595
2016-07-31 10:30:00,0.74724996
2016-08-01 10:30:00,0.60627496
2016-08-02 10:30:00,0.5584625
2016-08-03 10:30:00,0.54812497
2016-08-04 10:30:00,0.57761246
2016-08-05 10:30:00,0.6490625
2016-08-06 10:30:00,0.86515
2016-08-07 10:30:00,0.58265
2016-08-08 10:30:00,0.5572625
2016-08-09 10:30:00,0.796075
2016-08-10 10:30:00,0.6399625
2016-08-11 10:30:00,0.5504
2016-08-12 10:30:00,0.4714875
2016-08-13 10:30:00,0.565075
2016-08-14 10:30:00,0.5936875
2016-08-15 10:30:00,0.5692
2016-08-16 10:30:00,0.66249996
2016-08-17 10:30:00,0.4909125
2016-08-18 10:30:00,0.6895625
2016-08-19 10:30:00,0.6379
2016-08-20 10:30:00,0.7971875
2016-08-21 10:30:00,0.6453125
2016-08-22 10:30:00,0.63443744
2016-08-23 10:30:00,0.788975
2016-08-24 10:30:00,0.54155
2016-08-25 10:30:00,0.4262875
2016-08-26 10:30:00,0.49206248
2016-08-27 10:30:00,0.45482498
2016-08-28 10:30:00,0.43952498
2016-08-29 10:30:00,0.4700875
2016-08-30 10:30:00,0.5020125
2016-08-31 10:30:00,0.90497494
2016-09-01 10:30:00,0.9033875
2016-09-02 10:30:00,0.89238745
2016-09-03 10:30:00,0.8218875
2016-09-04 10:30:00,0.90073746
2016-09-05 10:30:00,0.89858747
2016-09-06 10:30:00,0.8274125
2016-09-07 10:30:00,0.73278743
2016-09-08 10:30:00,0.77497494
2016-09-09 10:30:00,0.933225
2016-09-10 10:30:00,0.8143875
2016-09-11 10:30:00,0.75904995
2016-09-12 10:30:00,0.825125
2016-09-13 10:30:00,0.79800004
2016-09-14 10:30:00,0.88623744
2016-09-15 10:30:00,0.612875
2016-09-16 10:30:00,0.70364994
2016-09-17 10:30:00,0.7889375
2016-09-18 10:30:00,0.6150125
2016-09-19 10:30:00,0.565325
2016-09-20 10:30:00,0.6060625
2016-09-21 10:30:00,0.6093
2016-09-22 10:30:00,0.7318125
2016-09-23 10:30:00,0.7419875
2016-09-24 10:30:00,0.72558755
2016-09-25 10:30:00,0.6242625
2016-09-26 10:30:00,0.779325
2016-09-27 10:30:00,0.7419625
2016-09-28 10:30:00,0.6222
2016-09-29 10:30:00,0.647425
2016-09-30 10:30:00,0.664475
2016-10-01 10:30:00,0.4931375
2016-10-02 10:30:00,0.6299
2016-10-03 10:30:00,0.6294125
2016-10-04 10:30:00,0.724925
2016-10-05 10:30:00,0.5366375
2016-10-06 10:30:00,0.4386375
2016-10-07 10:30:00,0.8888125
2016-10-08 10:30:00,0.62413746
2016-10-09 10:30:00,0.62572503
2016-10-10 10:30:00,0.4821125
2016-10-11 10:30:00,0.50787497
2016-10-12 10:30:00,0.5680875
2016-10-13 10:30:00,0.62172496
2016-10-14 10:30:00,0.6002375
2016-10-15 10:30:00,0.61733747
2016-10-16 10:30:00,0.57
2016-10-17 10:30:00,0.52865
2016-10-18 10:30:00,0.4432875
2016-10-19 10:30:00,0.68277496
2016-10-20 10:30:00,0.4379
2016-10-21 10:30:00,0.769075
2016-10-22 10:30:00,0.5103125
2016-10-23 10:30:00,0.5436
2016-10-24 10:30:00,0.55877495
2016-10-25 10:30:00,0.5906375
2016-10-26 10:30:00,0.507675
2016-10-27 10:30:00,0.5213625
2016-10-28 10:30:00,0.4404875
2016-10-29 10:30:00,0.49019998
2016-10-30 10:30:00,0.424375
2016-10-31 10:30:00,0.403
2016-11-01 10:30:00,0.4583625
2016-11-02 10:30:00,0.49423748
2016-11-03 10:30:00,0.6146
2016-11-04 10:30:00,0.80411243
2016-11-05 10:30:00,0.66601247
2016-11-06 10:30:00,0.7129125
2016-11-07 10:30:00,0.67074996
2016-11-08 10:30:00,0.584925
2016-11-09 10:30:00,0.677475
2016-11-10 10:30:00,0.76985
2016-11-11 10:30:00,0.5857625
2016-11-12 10:30:00,0.65367496
2016-11-13 10:30:00,0.787575
2016-11-14 10:30:00,0.57565
2016-11-15 10:30:00,0.66088754
2016-11-16 10:30:00,0.7058875
2016-11-17 10:30:00,0.670725
2016-11-18 10:30:00,0.7148375
2016-11-19 10:30:00,0.5979125
2016-11-20 10:30:00,0.45013747
2016-11-21 10:30:00,0.4847
2016-11-22 10:30:00,0.536775
2016-11-23 10:30:00,0.4993
2016-11-24 10:30:00,0.6577625
2016-11-25 10:30:00,0.68775
2016-11-26 10:30:00,0.6325375
2016-11-27 10:30:00,0.572675
2016-11-28 10:30:00,0.56095
2016-11-29 10:30:00,0.6996
2016-11-30 10:30:00,0.54877496
2016-12-01 10:30:00,0.523875
2016-12-02 10:30:00,0.6749375
2016-12-03 10:30:00,0.5061375
2016-12-04 10:30:00,0.47252497
2016-12-05 10:30:00,0.56833744
2016-12-06 10:30:00,0.68160003
2016-12-07 10:30:00,0.6558875
2016-12-08 10:30:00,0.64456254
2016-12-09 10:30:00,0.53526247
2016-12-10 10:30:00,0.64488745
2016-12-11 10:30:00,0.6977625
2016-12-12 10:30:00,0.5480875
2016-12-13 10:30:00,0.5234625
2016-12-14 10:30:00,0.5328125
2016-12-15 10:30:00,0.46465
2016-12-16 10:30:00,0.64857495
2016-12-17 10:30:00,0.54205
2016-12-18 10:30:00,0.7009625
2016-12-19 10:30:00,0.74066246
2016-12-20 10:30:00,0.71285003
2016-12-21 10:30:00,0.65991247
2016-12-22 10:30:00,0.5072
2016-12-23 10:30:00,0.60015
2016-12-24 10:30:00,0.6722625
2016-12-25 10:30:00,0.51551247
2016-12-26 10:30:00,0.424525
2016-12-27 10:30:00,0.530525
2016-12-28 10:30:00,0.4758625
2016-12-29 10:30:00,0.4831625
2016-12-30 10:30:00,0.56803745
2016-12-31 10:30:00,0.65595
2017-01-01 10:30:00,0.6519625
2017-01-02 10:30:00,0.64995
2017-01-03 10:30:00,0.62364995
2017-01-04 10:30:00,0.6817375
2017-01-05 10:30:00,0.6856625
2017-01-06 10:30:00,0.682975
2017-01-07 10:30:00,0.68918747
2017-01-08 10:30:00,0.47794998
2017-01-09 10:30:00,0.3949625
2017-01-10 10:30:00,0.44021246
2017-01-11 10:30:00,0.48604998
2017-01-12 10:30:00,0.4136375
2017-01-13 10:30:00,0.49743748
2017-01-14 10:30:00,0.552975
2017-01-15 10:30:00,0.54529995
2017-01-16 10:30:00,0.632925
2017-01-17 10:30:00,0.72128755
2017-01-18 10:30:00,0.5944375
2017-01-19 10:30:00,0.54092497
2017-01-20 10:30:00,0.542675
2017-01-21 10:30:00,0.60045
2017-01-22 10:30:00,0.48971248
2017-01-23 10:30:00,0.4811
2017-01-24 10:30:00,0.5195625
2017-01-25 10:30:00,0.6195
2017-01-26 10:30:00,0.46982497
2017-01-27 10:30:00,0.469225
2017-01-28 10:30:00,0.570325
2017-01-29 10:30:00,0.4805625
2017-01-30 10:30:00,0.43139997
2017-01-31 10:30:00,0.39255
2017-02-01 10:30:00,0.3893125
2017-02-02 10:30:00,0.495325
2017-02-03 10:30:00,0.5454
2017-02-04 10:30:00,0.5601125
2017-02-05 10:30:00,0.55567497
2017-02-06 10:30:00,0.4427
2017-02-07 10:30:00,0.53991246
2017-02-08 10:30:00,0.46972498
2017-02-09 10:30:00,0.4772625
2017-02-10 10:30:00,0.4549625
2017-02-11 10:30:00,0.40545
2017-02-12 10:30:00,0.5195
2017-02-13 10:30:00,0.49689996
2017-02-14 10:30:00,0.564075
2017-02-15 10:30:00,0.5454625
2017-02-16 10:30:00,0.3709125
2017-02-17 10:30:00,0.308775
2017-02-18 10:30:00,0.3859875
2017-02-19 10:30:00,0.6401125
2017-02-20 10:30:00,0.4538
2017-02-21 10:30:00,0.65665
2017-02-22 10:30:00,0.44088748
2017-02-23 10:30:00,0.45142502
2017-02-24 10:30:00,0.55869997
2017-02-25 10:30:00,0.50221246
2017-02-26 10:30:00,0.5997125
2017-02-27 10:30:00,0.5211875
2017-02-28 10:30:00,0.410475
2017-03-01 10:30:00,0.37588748
2017-03-02 10:30:00,0.4575125
2017-03-03 10:30:00,0.43171248
2017-03-04 10:30:00,0.41292498
2017-03-05 10:30:00,0.39006248
2017-03-06 10:30:00,0.41666248
2017-03-07 10:30:00,0.40695
2017-03-08 10:30:00,0.3675375
2017-03-09 10:30:00,0.41863748
2017-03-10 10:30:00,0.4455625
2017-03-11 10:30:00,0.4074375
2017-03-12 10:30:00,0.31379998
2017-03-13 10:30:00,0.3800625
2017-03-14 10:30:00,0.4320875
2017-03-15 10:30:00,0.35217497
2017-03-16 10:30:00,0.390125
2017-03-17 10:30:00,0.3863375
2017-03-18 10:30:00,0.2889
2017-03-19 10:30:00,0.3121375
2017-03-20 10:30:00,0.4068875
2017-03-21 10:30:00,0.3555625
2017-03-22 10:30:00,0.34673747
2017-03-23 10:30:00,0.37978747
2017-03-24 10:30:00,0.34445
2017-03-25 10:30:00,0.3382125
2017-03-26 10:30:00,0.5362875
2017-03-27 10:30:00,0.41357502
2017-03-28 10:30:00,0.41553748
2017-03-29 10:30:00,0.5937125
2017-03-30 10:30:00,0.394725
2017-03-31 10:30:00,0.31399998
2017-04-01 10:30:00,0.28417498
2017-04-02 10:30:00,0.2851625
2017-04-03 10:30:00,0.3046375
2017-04-04 10:30:00,0.328875
2017-04-05 10:30:00,0.41927502
2017-04-06 10:30:00,0.3116625
2017-04-07 10:30:00,0.36476249
2017-04-08 10:30:00,0.2693375
2017-04-09 10:30:00,0.2462125
2017-04-10 10:30:00,0.20018749
2017-04-11 10:30:00,0.20972499
2017-04-12 10:30:00,0.2006125
2017-04-13 10:30:00,0.23713748
2017-04-14 10:30:00,0.2161375
2017-04-15 10:30:00,0.14864999
2017-04-16 10:30:00,0.3461375
2017-04-17 10:30:00,0.5248375
2017-04-18 10:30:00,0.4220625
2017-04-19 10:30:00,0.36985
2017-04-20 10:30:00,0.35843748
2017-04-21 10:30:00,0.2407625
2017-04-22 10:30:00,0.2688625
2017-04-23 10:30:00,0.39374998
2017-04-24 10:30:00,0.6666625
2017-04-25 10:30:00,0.66719997
2017-04-26 10:30:00,0.4316625
2017-04-27 10:30:00,0.304
2017-04-28 10:30:00,0.2313875
2017-04-29 10:30:00,0.222325
2017-04-30 10:30:00,0.310175
2017-05-01 10:30:00,0.18885
2017-05-02 10:30:00,0.1989875
2017-05-03 10:30:00,0.3621625
2017-05-04 10:30:00,0.33009997
2017-05-05 10:30:00,0.61241245
2017-05-06 10:30:00,0.29915
2017-05-07 10:30:00,0.43871248
2017-05-08 10:30:00,0.2855625
2017-05-09 10:30:00,0.1982375
2017-05-10 10:30:00,0.48178747
2017-05-11 10:30:00,0.4936375
2017-05-12 10:30:00,0.450975
2017-05-13 10:30:00,0.59502494
2017-05-14 10:30:00,0.488325
2017-05-15 10:30:00,0.304575
2017-05-16 10:30:00,0.4073375
2017-05-17 10:30:00,0.35893747
2017-05-18 10:30:00,0.18222499
2017-05-19 10:30:00,0.2590875
2017-05-20 10:30:00,0.5421375
2017-05-21 10:30:00,0.5386375
2017-05-22 10:30:00,0.48733747
2017-05-23 10:30:00,0.38065
2017-05-24 10:30:00,0.4273125
2017-05-25 10:30:00,0.33006248
2017-05-26 10:30:00,0.338
2017-05-27 10:30:00,0.3280125
2017-05-28 10:30:00,0.2144375
2017-05-29 10:30:00,0.2717625
2017-05-30 10:30:00,0.26532498
2017-05-31 10:30:00,0.33194998
2017-06-01 10:30:00,0.49324998
2017-06-02 10:30:00,0.6114875
2017-06-03 10:30:00,0.52709997
2017-06-04 10:30:00,0.45174998
2017-06-05 10:30:00,0.28175
2017-06-06 10:30:00,0.5410875
2017-06-07 10:30:00,0.47382498
2017-06-08 10:30:00,0.48224998
2017-06-09 10:30:00,0.34245
2017-06-10 10:30:00,0.462775
2017-06-11 10:30:00,0.53455
2017-06-12 10:30:00,0.453175
2017-06-13 10:30:00,0.2841875
2017-06-14 10:30:00,0.3225
2017-06-15 10:30:00,0.56473744
2017-06-16 10:30:00,0.570125
2017-06-17 10:30:00,0.553625
2017-06-18 10:30:00,0.6433125
2017-06-19 10:30:00,0.5590125
2017-06-20 10:30:00,0.76661247
2017-06-21 10:30:00,0.72845
2017-06-22 10:30:00,0.4975
2017-06-23 10:30:00,0.45894998
2017-06-24 10:30:00,0.46307498
2017-06-25 10:30:00,0.56462497
2017-06-26 10:30:00,0.576725
2017-06-27 10:30:00,0.58355
2017-06-28 10:30:00,0.48322496
2017-06-29 10:30:00,0.5895625
2017-06-30 10:30:00,0.67531246
2017-07-01 10:30:00,0.628425
2017-07-02 10:30:00,0.72037494
2017-07-03 10:30:00,0.6066
2017-07-04 10:30:00,0.48759997
2017-07-05 10:30:00,0.52775
2017-07-06 10:30:00,0.6444
2017-07-07 10:30:00,0.77779996
2017-07-08 10:30:00,0.866525
2017-07-09 10:30:00,0.7339375
2017-07-10 10:30:00,0.7989375
2017-07-11 10:30:00,0.55565
2017-07-12 10:30:00,0.52292496
2017-07-13 10:30:00,0.4695375
2017-07-14 10:30:00,0.4582375
2017-07-15 10:30:00,0.5491625
2017-07-16 10:30:00,0.4951375
2017-07-17 10:30:00,0.602275
2017-07-18 10:30:00,0.5671875
2017-07-19 10:30:00,0.479425
2017-07-20 10:30:00,0.8137625
2017-07-21 10:30:00,0.5721875
2017-07-22 10:30:00,0.4436375
2017-07-23 10:30:00,0.6458
2017-07-24 10:30:00,0.38915
2017-07-25 10:30:00,0.4192125
2017-07-26 10:30:00,0.8713875
2017-07-27 10:30:00,0.7505
2017-07-28 10:30:00,0.605775
2017-07-29 10:30:00,0.80031246
2017-07-30 10:30:00,0.8374125
2017-07-31 10:30:00,0.73429996
2017-08-01 10:30:00,0.860475
2017-08-02 10:30:00,0.8152625
2017-08-03 10:30:00,0.87581253
2017-08-04 10:30:00,0.79745
2017-08-05 10:30:00,0.75256246
2017-08-06 10:30:00,0.7944874
2017-08-07 10:30:00,0.84915
2017-08-08 10:30:00,0.79039997
2017-08-09 10:30:00,0.8064875
2017-08-10 10:30:00,0.89437497
2017-08-11 10:30:00,0.835625
2017-08-12 10:30:00,0.79440004
2017-08-13 10:30:00,0.80732495
2017-08-14 10:30:00,0.8550875
2017-08-15 10:30:00,0.854625
2017-08-16 10:30:00,0.83826244
2017-08-17 10:30:00,0.8268875
2017-08-18 10:30:00,0.79760003
2017-08-19 10:30:00,0.771625
2017-08-20 10:30:00,0.7710125
2017-08-21 10:30:00,0.6741375
2017-08-22 10:30:00,0.65569997
2017-08-23 10:30:00,0.62684995
2017-08-24 10:30:00,0.5155
2017-08-25 10:30:00,0.54385
2017-08-26 10:30:00,0.6383875
2017-08-27 10:30:00,0.594075
2017-08-28 10:30:00,0.423675
2017-08-29 10:30:00,0.3802625
2017-08-30 10:30:00,0.5376875
2017-08-31 10:30:00,0.61277497
2017-09-01 10:30:00,0.70116246
2017-09-02 10:30:00,0.61881244
2017-09-03 10:30:00,0.86411244
2017-09-04 10:30:00,0.80482495
2017-09-05 10:30:00,0.7197125
2017-09-06 10:30:00,0.5964625
2017-09-07 10:30:00,0.6153375
2017-09-08 10:30:00,0.66480005
2017-09-09 10:30:00,0.6908125
2017-09-10 10:30:00,0.74933743
2017-09-11 10:30:00,0.496075
2017-09-12 10:30:00,0.6138125
2017-09-13 10:30:00,0.5937375
2017-09-14 10:30:00,0.6994125
2017-09-15 10:30:00,0.8872875
2017-09-16 10:30:00,0.8383
2017-09-17 10:30:00,0.78457505
2017-09-18 10:30:00,0.67631245
2017-09-19 10:30:00,0.72859997
2017-09-20 10:30:00,0.733675
2017-09-21 10:30:00,0.6092
2017-09-22 10:30:00,0.6317
2017-09-23 10:30:00,0.5017625
2017-09-24 10:30:00,0.5639375
2017-09-25 10:30:00,0.54039997
2017-09-26 10:30:00,0.36726248
2017-09-27 10:30:00,0.342825
2017-09-28 10:30:00,0.37265
2017-09-29 10:30:00,0.32528752
2017-09-30 10:30:00,0.3334875
2017-10-01 10:30:00,0.3486625
2017-10-02 10:30:00,0.299125
2017-10-03 10:30:00,0.37263748
2017-10-04 10:30:00,0.42776248
2017-10-05 10:30:00,0.4164
2017-10-06 10:30:00,0.52081245
2017-10-07 10:30:00,0.57668746
2017-10-08 10:30:00,0.9068125
2017-10-09 10:30:00,0.73590004
2017-10-10 10:30:00,0.5734375
2017-10-11 10:30:00,0.64917505
2017-10-12 10:30:00,0.579025
2017-10-13 10:30:00,0.4560625
2017-10-14 10:30:00,0.48151252
2017-10-15 10:30:00,0.64586246
2017-10-16 10:30:00,0.37236252
2017-10-17 10:30:00,0.3616375
2017-10-18 10:30:00,0.3439375
2017-10-19 10:30:00,0.49109998
2017-10-20 10:30:00,0.4405
2017-10-21 10:30:00,0.3726
2017-10-22 10:30:00,0.4746625
2017-10-23 10:30:00,0.4771625
2017-10-24 10:30:00,0.4027
2017-10-25 10:30:00,0.4138625
2017-10-26 10:30:00,0.522525
2017-10-27 10:30:00,0.5676625
2017-10-28 10:30:00,0.359625
2017-10-29 10:30:00,0.3411
2017-10-30 10:30:00,0.42525
2017-10-31 10:30:00,0.2950875
2017-11-01 10:30:00,0.4199125
2017-11-02 10:30:00,0.47989997
2017-11-03 10:30:00,0.3505875
2017-11-04 10:30:00,0.46776247
2017-11-05 10:30:00,0.3736875
2017-11-06 10:30:00,0.5421875
2017-11-07 10:30:00,0.89867496
2017-11-08 10:30:00,0.7718875
2017-11-09 10:30:00,0.77937496
2017-11-10 10:30:00,0.54945
2017-11-11 10:30:00,0.660025
2017-11-12 10:30:00,0.660025
2017-11-13 10:30:00,0.4931875
2017-11-14 10:30:00,0.49724996
2017-11-15 10:30:00,0.48465
2017-11-16 10:30:00,0.5586625
2017-11-17 10:30:00,0.4600125
2017-11-18 10:30:00,0.52697504
2017-11-19 10:30:00,0.570875
2017-11-20 10:30:00,0.59341246
2017-11-21 10:30:00,0.536325
2017-11-22 10:30:00,0.5042125
2017-11-23 10:30:00,0.470675
2017-11-24 10:30:00,0.5452875
2017-11-25 10:30:00,0.52279997
2017-11-26 10:30:00,0.5436
2017-11-27 10:30:00,0.44843748
2017-11-28 10:30:00,0.35345
2017-11-29 10:30:00,0.32623747
2017-11-30 10:30:00,0.49575
2017-12-01 10:30:00,0.56365
2017-12-02 10:30:00,0.7255625
2017-12-03 10:30:00,0.5603375
2017-12-04 10:30:00,0.493625
2017-12-05 10:30:00,0.65192497
2017-12-06 10:30:00,0.62032497
2017-12-07 10:30:00,0.50291246
2017-12-08 10:30:00,0.59748745
2017-12-09 10:30:00,0.669975
2017-12-10 10:30:00,0.56088746
2017-12-11 10:30:00,0.45721248
2017-12-12 10:30:00,0.4257125
2017-12-13 10:30:00,0.478525
2017-12-14 10:30:00,0.485525
2017-12-15 10:30:00,0.43861252
2017-12-16 10:30:00,0.46987498
2017-12-17 10:30:00,0.5225875
2017-12-18 10:30:00,0.4393875
2017-12-19 10:30:00,0.5352
2017-12-20 10:30:00,0.6456624
2017-12-21 10:30:00,0.56963754
2017-12-22 10:30:00,0.4926875
2017-12-23 10:30:00,0.53107494
2017-12-24 10:30:00,0.5268
2017-12-25 10:30:00,0.4590625
2017-12-26 10:30:00,0.36185
2017-12-27 10:30:00,0.4882625
2017-12-28 10:30:00,0.58396244
2017-12-29 10:30:00,0.55515
2017-12-30 10:30:00,0.6731375
2017-12-31 10:30:00,0.61044997
2018-01-01 10:30:00,0.4750875
2018-01-02 10:30:00,0.494975
2018-01-03 10:30:00,0.482775
2018-01-04 10:30:00,0.4257875
2018-01-05 10:30:00,0.48381248
2018-01-06 10:30:00,0.4518125
2018-01-07 10:30:00,0.45108747
2018-01-08 10:30:00,0.6377625
2018-01-09 10:30:00,0.57603747
2018-01-10 10:30:00,0.4073875
2018-01-11 10:30:00,0.343875
2018-01-12 10:30:00,0.604025
2018-01-13 10:30:00,0.6769
2018-01-14 10:30:00,0.56553745
2018-01-15 10:30:00,0.5933625
2018-01-16 10:30:00,0.73223746
2018-01-17 10:30:00,0.55785
2018-01-18 10:30:00,0.58498746
2018-01-19 10:30:00,0.40287498
2018-01-20 10:30:00,0.40419996
2018-01-21 10:30:00,0.40475
2018-01-22 10:30:00,0.3723875
2018-01-23 10:30:00,0.37937498
2018-01-24 10:30:00,0.42443746
2018-01-25 10:30:00,0.3659125
2018-01-26 10:30:00,0.3732875
2018-01-27 10:30:00,0.35825
2018-01-28 10:30:00,0.4132
2018-01-29 10:30:00,0.49514997
2018-01-30 10:30:00,0.46412498
2018-01-31 10:30:00,0.53212494
2018-02-01 10:30:00,0.469025
2018-02-02 10:30:00,0.4922375
2018-02-03 10:30:00,0.4790625
2018-02-04 10:30:00,0.4682375
2018-02-05 10:30:00,0.42194998
2018-02-06 10:30:00,0.48534998
2018-02-07 10:30:00,0.4810625
2018-02-08 10:30:00,0.517025
2018-02-09 10:30:00,0.38357496
2018-02-10 10:30:00,0.35077497
2018-02-11 10:30:00,0.36166248
2018-02-12 10:30:00,0.40809998
2018-02-13 10:30:00,0.40831247
2018-02-14 10:30:00,0.402275
2018-02-15 10:30:00,0.4197
2018-02-16 10:30:00,0.362525
2018-02-17 10:30:00,0.33785
2018-02-18 10:30:00,0.38448748
2018-02-19 10:30:00,0.419675
2018-02-20 10:30:00,0.4288
2018-02-21 10:30:00,0.48768747
2018-02-22 10:30:00,0.491325
2018-02-23 10:30:00,0.37193748
2018-02-24 10:30:00,0.37373748
2018-02-25 10:30:00,0.529525
2018-02-26 10:30:00,0.64498746
2018-02-27 10:30:00,0.616
2018-02-28 10:30:00,0.75738746
2018-03-01 10:30:00,0.46561247
2018-03-02 10:30:00,0.4598375
2018-03-03 10:30:00,0.6168
2018-03-04 10:30:00,0.439975
2018-03-05 10:30:00,0.369925
2018-03-06 10:30:00,0.45576248
2018-03-07 10:30:00,0.4517625
2018-03-08 10:30:00,0.3867375
2018-03-09 10:30:00,0.643325
2018-03-10 10:30:00,0.608925
2018-03-11 10:30:00,0.53311247
2018-03-12 10:30:00,0.5069625
2018-03-13 10:30:00,0.6221875
2018-03-14 10:30:00,0.78145003
2018-03-15 10:30:00,0.42302498
2018-03-16 10:30:00,0.394975
2018-03-17 10:30:00,0.40103748
2018-03-18 10:30:00,0.268275
2018-03-19 10:30:00,0.34576252
2018-03-20 10:30:00,0.45673746
2018-03-21 10:30:00,0.4320375
2018-03-22 10:30:00,0.3165875
2018-03-23 10:30:00,0.2876125
2018-03-24 10:30:00,0.3576125
2018-03-25 10:30:00,0.32302502
2018-03-26 10:30:00,0.30671248
2018-03-27 10:30:00,0.34346247
2018-03-28 10:30:00,0.30315
2018-03-29 10:30:00,0.29645
2018-03-30 10:30:00,0.25338748
2018-03-31 10:30:00,0.47505
2018-04-01 10:30:00,0.315675
2018-04-02 10:30:00,0.1859375
2018-04-03 10:30:00,0.18455
2018-04-04 10:30:00,0.1891
2018-04-05 10:30:00,0.3191
2018-04-06 10:30:00,0.19397499
2018-04-07 10:30:00,0.1707875
2018-04-08 10:30:00,0.1969
2018-04-09 10:30:00,0.24697499
2018-04-10 10:30:00,0.54421246
2018-04-11 10:30:00,0.2971875
2018-04-12 10:30:00,0.2801
2018-04-13 10:30:00,0.824775
2018-04-14 10:30:00,0.735775
2018-04-15 10:30:00,0.42096248
2018-04-16 10:30:00,0.39128748
2018-04-17 10:30:00,0.3301625
2018-04-18 10:30:00,0.512975
2018-04-19 10:30:00,0.32555
2018-04-20 10:30:00,0.658275
2018-04-21 10:30:00,0.59365
2018-04-22 10:30:00,0.5642125
2018-04-23 10:30:00,0.45894998
2018-04-24 10:30:00,0.35349998
2018-04-25 10:30:00,0.2820625
2018-04-26 10:30:00,0.2886
2018-04-27 10:30:00,0.2979375
2018-04-28 10:30:00,0.336525
2018-04-29 10:30:00,0.37465
2018-04-30 10:30:00,0.3809875
2018-05-01 10:30:00,0.4760125
2018-05-02 10:30:00,0.384375
2018-05-03 10:30:00,0.2538125
2018-05-04 10:30:00,0.21643749
2018-05-05 10:30:00,0.1720125
2018-05-06 10:30:00,0.345725
2018-05-07 10:30:00,0.45745
2018-05-08 10:30:00,0.407825
2018-05-09 10:30:00,0.2626375
2018-05-10 10:30:00,0.3448875
2018-05-11 10:30:00,0.3061
2018-05-12 10:30:00,0.37687498
2018-05-13 10:30:00,0.507925
2018-05-14 10:30:00,0.3102125
2018-05-15 10:30:00,0.57946247
2018-05-16 10:30:00,0.61254996
2018-05-17 10:30:00,0.5046
2018-05-18 10:30:00,0.43475002
2018-05-19 10:30:00,0.28305
2018-05-20 10:30:00,0.58091253
2018-05-21 10:30:00,0.49435002
2018-05-22 10:30:00,0.741775
2018-05-23 10:30:00,0.5820875
2018-05-24 10:30:00,0.5494
2018-05-25 10:30:00,0.491125
2018-05-26 10:30:00,0.52385
2018-05-27 10:30:00,0.8645875
2018-05-28 10:30:00,0.7091375
2018-05-29 10:30:00,0.8607625
2018-05-30 10:30:00,0.45864996
2018-05-31 10:30:00,0.385825
2018-06-01 10:30:00,0.22876249
2018-06-02 10:30:00,0.22356251
2018-06-03 10:30:00,0.35674998
2018-06-04 10:30:00,0.58355
2018-06-05 10:30:00,0.5368375
2018-06-06 10:30:00,0.57625
2018-06-07 10:30:00,0.5238875
2018-06-08 10:30:00,0.56395
2018-06-09 10:30:00,0.75025
2018-06-10 10:30:00,0.6441375
2018-06-11 10:30:00,0.79293746
2018-06-12 10:30:00,0.75403744
2018-06-13 10:30:00,0.7182125
2018-06-14 10:30:00,0.80955
2018-06-15 10:30:00,0.8421375
2018-06-16 10:30:00,0.56235
2018-06-17 10:30:00,0.521425
2018-06-18 10:30:00,0.7853625
2018-06-19 10:30:00,0.53248745
2018-06-20 10:30:00,0.60295
2018-06-21 10:30:00,0.51678747
2018-06-22 10:30:00,0.538575
2018-06-23 10:30:00,0.5258625
2018-06-24 10:30:00,0.7329125
2018-06-25 10:30:00,0.86904997
2018-06-26 10:30:00,0.91171247
2018-06-27 10:30:00,0.81787497
2018-06-28 10:30:00,0.71886253
2018-06-29 10:30:00,0.55912495
2018-06-30 10:30:00,0.6264125
2018-07-01 10:30:00,0.62983745
2018-07-02 10:30:00,0.61395
2018-07-03 10:30:00,0.68292505
2018-07-04 10:30:00,0.966325
2018-07-05 10:30:00,0.937375
2018-07-06 10:30:00,0.81815
2018-07-07 10:30:00,0.9789125
2018-07-08 10:30:00,0.75637496
2018-07-09 10:30:00,0.706675
2018-07-10 10:30:00,0.75345
2018-07-11 10:30:00,0.86961246
2018-07-12 10:30:00,0.7230125
2018-07-13 10:30:00,0.6219625
2018-07-14 10:30:00,0.63796246
2018-07-15 10:30:00,0.6340375
2018-07-16 10:30:00,0.9524125
2018-07-17 10:30:00,0.917125
2018-07-18 10:30:00,0.8787875
2018-07-19 10:30:00,0.82153744
2018-07-20 10:30:00,0.9018375
2018-07-21 10:30:00,0.9793375
2018-07-22 10:30:00,0.7128125
2018-07-23 10:30:00,0.675175
2018-07-24 10:30:00,0.96215004
2018-07-25 10:30:00,0.88729995
2018-07-26 10:30:00,0.76245004
2018-07-27 10:30:00,0.80581254
2018-07-28 10:30:00,0.81703746
2018-07-29 10:30:00,0.814075
2018-07-30 10:30:00,0.902125
2018-07-31 10:30:00,0.60895
2018-08-01 10:30:00,0.7049499
2018-08-02 10:30:00,0.76796246
2018-08-03 10:30:00,0.8803125
2018-08-04 10:30:00,0.91217494
2018-08-05 10:30:00,0.8257125
2018-08-06 10:30:00,0.8554125
2018-08-07 10:30:00,0.81866246
2018-08-08 10:30:00,0.7751
2018-08-09 10:30:00,0.6767875
2018-08-10 10:30:00,0.68062496
2018-08-11 10:30:00,0.84599996
2018-08-12 10:30:00,0.8455375
2018-08-13 10:30:00,0.9797375
2018-08-14 10:30:00,0.9618125
2018-08-15 10:30:00,0.83617496
2018-08-16 10:30:00,0.7898874
2018-08-17 10:30:00,0.887025
2018-08-18 10:30:00,0.69598746
2018-08-19 10:30:00,0.72231245
2018-08-20 10:30:00,0.77378744
2018-08-21 10:30:00,0.63041246
2018-08-22 10:30:00,0.70686245
2018-08-23 10:30:00,0.719525
2018-08-24 10:30:00,0.74925
2018-08-25 10:30:00,0.9679875
2018-08-26 10:30:00,0.81769997
2018-08-27 10:30:00,0.76966244
2018-08-28 10:30:00,0.9691375
2018-08-29 10:30:00,0.89308745
2018-08-30 10:30:00,0.93882495
2018-08-31 10:30:00,0.78489995
2018-09-01 10:30:00,0.7989375
2018-09-02 10:30:00,0.96567506
2018-09-03 10:30:00,0.7225625
2018-09-04 10:30:00,0.6816875
2018-09-05 10:30:00,0.72778744
2018-09-06 10:30:00,0.55263746
2018-09-07 10:30:00,0.71169996
2018-09-08 10:30:00,0.6534749
2018-09-09 10:30:00,0.72548753
2018-09-10 10:30:00,0.784375
2018-09-11 10:30:00,0.678625
2018-09-12 10:30:00,0.6232125
2018-09-13 10:30:00,0.6205125
2018-09-14 10:30:00,0.68686247
2018-09-15 10:30:00,0.48964998
2018-09-16 10:30:00,0.56768745
2018-09-17 10:30:00,0.619725
2018-09-18 10:30:00,0.67644995
2018-09-19 10:30:00,0.6819875
2018-09-20 10:30:00,0.6214875
2018-09-21 10:30:00,0.66499996
2018-09-22 10:30:00,0.70326245
2018-09-23 10:30:00,0.7017625
2018-09-24 10:30:00,0.5505
2018-09-25 10:30:00,0.6343375
2018-09-26 10:30:00,0.59082496
2018-09-27 10:30:00,0.5111375
2018-09-28 10:30:00,0.84082496
2018-09-29 10:30:00,0.93716246
2018-09-30 10:30:00,0.93644994
2018-10-01 10:30:00,0.5586
2018-10-02 10:30:00,0.61576253
2018-10-03 10:30:00,0.643875
2018-10-04 10:30:00,0.5779125
2018-10-05 10:30:00,0.40412498
2018-10-06 10:30:00,0.5211
2018-10-07 10:30:00,0.678975
2018-10-08 10:30:00,0.5161375
2018-10-09 10:30:00,0.61447495
2018-10-10 10:30:00,0.6136125
2018-10-11 10:30:00,0.52362496
2018-10-12 10:30:00,0.45861247
2018-10-13 10:30:00,0.4125
2018-10-14 10:30:00,0.42493752
2018-10-15 10:30:00,0.36631247
2018-10-16 10:30:00,0.4129875
2018-10-17 10:30:00,0.4628875
2018-10-18 10:30:00,0.41573748
2018-10-19 10:30:00,0.42619997
2018-10-20 10:30:00,0.3695875
2018-10-21 10:30:00,0.5564375
2018-10-22 10:30:00,0.45916247
2018-10-23 10:30:00,0.6350125
2018-10-24 10:30:00,0.583175
2018-10-25 10:30:00,0.81933755
2018-10-26 10:30:00,0.6375375
2018-10-27 10:30:00,0.36607498
2018-10-28 10:30:00,0.431325
2018-10-29 10:30:00,0.51735
2018-10-30 10:30:00,0.4869125
2018-10-31 10:30:00,0.453675
2018-11-01 10:30:00,0.54057497
2018-11-02 10:30:00,0.39636248
2018-11-03 10:30:00,0.4437625
2018-11-04 10:30:00,0.535725
2018-11-05 10:30:00,0.51896244
2018-11-06 10:30:00,0.47982502
2018-11-07 10:30:00,0.540425
2018-11-08 10:30:00,0.69159997
2018-11-09 10:30:00,0.55934995
2018-11-10 10:30:00,0.465375
2018-11-11 10:30:00,0.538025
2018-11-12 10:30:00,0.6073375
2018-11-13 10:30:00,0.663125
2018-11-14 10:30:00,0.56256247
2018-11-15 10:30:00,0.34625
2018-11-16 10:30:00,0.371725
2018-11-17 10:30:00,0.5450125
2018-11-18 10:30:00,0.48584998
2018-11-19 10:30:00,0.5140875
2018-11-20 10:30:00,0.4878625
2018-11-21 10:30:00,0.39845002
2018-11-22 10:30:00,0.454
2018-11-23 10:30:00,0.43736252
2018-11-24 10:30:00,0.429025
2018-11-25 10:30:00,0.3602375
2018-11-26 10:30:00,0.26479998
2018-11-27 10:30:00,0.32993752
2018-11-28 10:30:00,0.38407502
2018-11-29 10:30:00,0.396925
2018-11-30 10:30:00,0.38908747
2018-12-01 10:30:00,0.37266248
2018-12-02 10:30:00,0.327075
2018-12-03 10:30:00,0.33179998
2018-12-04 10:30:00,0.372825
2018-12-05 10:30:00,0.37351248
2018-12-06 10:30:00,0.3316375
2018-12-07 10:30:00,0.32869998
2018-12-08 10:30:00,0.3935125
2018-12-09 10:30:00,0.5078875
2018-12-10 10:30:00,0.5602125
2018-12-11 10:30:00,0.567375
2018-12-12 10:30:00,0.758125
2018-12-13 10:30:00,0.550675
2018-12-14 10:30:00,0.6693875
2018-12-15 10:30:00,0.49616247
2018-12-16 10:30:00,0.55653745
2018-12-17 10:30:00,0.46675
2018-12-18 10:30:00,0.5758875
2018-12-19 10:30:00,0.601775
2018-12-20 10:30:00,0.64326245
2018-12-21 10:30:00,0.6314
2018-12-22 10:30:00,0.336725
2018-12-23 10:30:00,0.3334125
2018-12-24 10:30:00,0.3976875
2018-12-25 10:30:00,0.296525
2018-12-26 10:30:00,0.30081248
2018-12-27 10:30:00,0.3145125
2018-12-28 10:30:00,0.34905
2018-12-29 10:30:00,0.36534998
2018-12-30 10:30:00,0.4547625
2018-12-31 10:30:00,0.3972375
2019-01-01 10:30:00,0.3439125
2019-01-02 10:30:00,0.4728625
2019-01-03 10:30:00,0.4604375
2019-01-04 10:30:00,0.3737
2019-01-05 10:30:00,0.3943125
2019-01-06 10:30:00,0.498875
2019-01-07 10:30:00,0.4077375
2019-01-08 10:30:00,0.27695
2019-01-09 10:30:00,0.30348748
2019-01-10 10:30:00,0.52647495
2019-01-11 10:30:00,0.57981247
2019-01-12 10:30:00,0.592725
2019-01-13 10:30:00,0.55952495
2019-01-14 10:30:00,0.4161875
2019-01-15 10:30:00,0.3499375
2019-01-16 10:30:00,0.46316248
2019-01-17 10:30:00,0.4403
2019-01-18 10:30:00,0.46881247
2019-01-19 10:30:00,0.42669997
2019-01-20 10:30:00,0.4017375
2019-01-21 10:30:00,0.37596247
2019-01-22 10:30:00,0.3737
2019-01-23 10:30:00,0.32338747
2019-01-24 10:30:00,0.4152375
2019-01-25 10:30:00,0.345175
2019-01-26 10:30:00,0.33811247
2019-01-27 10:30:00,0.3891
2019-01-28 10:30:00,0.407075
2019-01-29 10:30:00,0.335825
2019-01-30 10:30:00,0.34501252
2019-01-31 10:30:00,0.3193375
2019-02-01 10:30:00,0.3240125
2019-02-02 10:30:00,0.3556125
2019-02-03 10:30:00,0.31002498
2019-02-04 10:30:00,0.3352375
2019-02-05 10:30:00,0.3195875
2019-02-06 10:30:00,0.28827497
2019-02-07 10:30:00,0.2786125
2019-02-08 10:30:00,0.3223875
2019-02-09 10:30:00,0.3657875
2019-02-10 10:30:00,0.36349997
2019-02-11 10:30:00,0.3409
2019-02-12 10:30:00,0.2756875
2019-02-13 10:30:00,0.260475
2019-02-14 10:30:00,0.22225
2019-02-15 10:30:00,0.22084999
2019-02-16 10:30:00,0.2683375
2019-02-17 10:30:00,0.24827498
2019-02-18 10:30:00,0.17028749
2019-02-19 10:30:00,0.235425
2019-02-20 10:30:00,0.24747498
2019-02-21 10:30:00,0.2843875
2019-02-22 10:30:00,0.37777498
2019-02-23 10:30:00,0.298275
2019-02-24 10:30:00,0.3140375
2019-02-25 10:30:00,0.4140375
2019-02-26 10:30:00,0.35178748
2019-02-27 10:30:00,0.3245625
2019-02-28 10:30:00,0.3204625
2019-03-01 10:30:00,0.2970375
2019-03-02 10:30:00,0.2677
2019-03-03 10:30:00,0.3382375
2019-03-04 10:30:00,0.2937125
2019-03-05 10:30:00,0.49061248
2019-03-06 10:30:00,0.3223875
2019-03-07 10:30:00,0.27763748
2019-03-08 10:30:00,0.2303875
2019-03-09 10:30:00,0.2510625
2019-03-10 10:30:00,0.2277125
2019-03-11 10:30:00,0.29
2019-03-12 10:30:00,0.2450875
2019-03-13 10:30:00,0.3163875
2019-03-14 10:30:00,0.3575125
2019-03-15 10:30:00,0.40096247
2019-03-16 10:30:00,0.4237625
2019-03-17 10:30:00,0.2978875
2019-03-18 10:30:00,0.2556875
2019-03-19 10:30:00,0.3240375
2019-03-20 10:30:00,0.48912498
2019-03-21 10:30:00,0.28431252
2019-03-22 10:30:00,0.2743375
2019-03-23 10:30:00,0.22157499
2019-03-24 10:30:00,0.275275
2019-03-25 10:30:00,0.13614999
2019-03-26 10:30:00,0.1169125
2019-03-27 10:30:00,0.15024999
2019-03-28 10:30:00,0.2262125
2019-03-29 10:30:00,0.4817625
2019-03-30 10:30:00,0.2761
2019-03-31 10:30:00,0.2526125
2019-04-01 10:30:00,0.2139125
2019-04-02 10:30:00,0.1705875
2019-04-03 10:30:00,0.15345
2019-04-04 10:30:00,0.37061247
2019-04-05 10:30:00,0.33330002
2019-04-06 10:30:00,0.3626125
2019-04-07 10:30:00,0.4361875
2019-04-08 10:30:00,0.38007498
2019-04-09 10:30:00,0.26003748
2019-04-10 10:30:00,0.18307501
2019-04-11 10:30:00,0.20505
2019-04-12 10:30:00,0.1335375
2019-04-13 10:30:00,0.2908625
2019-04-14 10:30:00,0.2730875
2019-04-15 10:30:00,0.15939999
2019-04-16 10:30:00,0.1569625
2019-04-17 10:30:00,0.5383
2019-04-18 10:30:00,0.23272498
2019-04-19 10:30:00,0.15735
2019-04-20 10:30:00,0.14265
2019-04-21 10:30:00,0.1597875
2019-04-22 10:30:00,0.21331249
2019-04-23 10:30:00,0.12418749
2019-04-24 10:30:00,0.213875
2019-04-25 10:30:00,0.2354375
2019-04-26 10:30:00,0.174475
2019-04-27 10:30:00,0.1488875
2019-04-28 10:30:00,0.30956247
2019-04-29 10:30:00,0.4472
2019-04-30 10:30:00,0.218525
2019-05-01 10:30:00,0.219525
2019-05-02 10:30:00,0.24591249
2019-05-03 10:30:00,0.2188
2019-05-04 10:30:00,0.599775
2019-05-05 10:30:00,0.256575
2019-05-06 10:30:00,0.193975
2019-05-07 10:30:00,0.21425001
2019-05-08 10:30:00,0.2436
2019-05-09 10:30:00,0.33781248
2019-05-10 10:30:00,0.28643748
2019-05-11 10:30:00,0.46176246
2019-05-12 10:30:00,0.6152
2019-05-13 10:30:00,0.72839993
2019-05-14 10:30:00,0.5768
2019-05-15 10:30:00,0.4145625
2019-05-16 10:30:00,0.25235
2019-05-17 10:30:00,0.2906125
2019-05-18 10:30:00,0.2106375
2019-05-19 10:30:00,0.88014996
2019-05-20 10:30:00,0.513675
2019-05-21 10:30:00,0.51985
2019-05-22 10:30:00,0.470175
2019-05-23 10:30:00,0.56335
2019-05-24 10:30:00,0.347625
2019-05-25 10:30:00,0.50897497
2019-05-26 10:30:00,0.59473747
2019-05-27 10:30:00,0.26003748
2019-05-28 10:30:00,0.21527499
2019-05-29 10:30:00,0.28347498
2019-05-30 10:30:00,0.537475
2019-05-31 10:30:00,0.64184994
2019-06-01 10:30:00,0.58895
2019-06-02 10:30:00,0.56909996
2019-06-03 10:30:00,0.56423753
2019-06-04 10:30:00,0.5458625
2019-06-05 10:30:00,0.505425
2019-06-06 10:30:00,0.6763875
2019-06-07 10:30:00,0.94002503
2019-06-08 10:30:00,0.87371254
2019-06-09 10:30:00,0.8079125
2019-06-10 10:30:00,0.69333744
2019-06-11 10:30:00,0.6654625
2019-06-12 10:30:00,0.73605
2019-06-13 10:30:00,0.50228745
2019-06-14 10:30:00,0.67881244
2019-06-15 10:30:00,0.6415125
2019-06-16 10:30:00,0.57182497
2019-06-17 10:30:00,0.5282625
2019-06-18 10:30:00,0.5592
2019-06-19 10:30:00,0.54185003
2019-06-20 10:30:00,0.5918875
2019-06-21 10:30:00,0.5498125
2019-06-22 10:30:00,0.60604995
2019-06-23 10:30:00,0.5097875
2019-06-24 10:30:00,0.402825
2019-06-25 10:30:00,0.804025
2019-06-26 10:30:00,0.93831253
2019-06-27 10:30:00,0.8071875
2019-06-28 10:30:00,0.923225
2019-06-29 10:30:00,0.82686245
2019-06-30 10:30:00,0.73275
2019-07-01 10:30:00,0.57595
2019-07-02 10:30:00,0.8343
2019-07-03 10:30:00,0.739375
2019-07-04 10:30:00,0.7859375
2019-07-05 10:30:00,0.934875
2019-07-06 10:30:00,0.9814375
2019-07-07 10:30:00,0.7638375
2019-07-08 10:30:00,0.7827749
2019-07-09 10:30:00,0.78819996
2019-07-10 10:30:00,0.78067493
2019-07-11 10:30:00,0.85348743
2019-07-12 10:30:00,0.871875
2019-07-13 10:30:00,0.7634125
2019-07-14 10:30:00,0.770925
2019-07-15 10:30:00,0.7399875
2019-07-16 10:30:00,0.901025
2019-07-17 10:30:00,0.68927497
2019-07-18 10:30:00,0.6743875
2019-07-19 10:30:00,0.7387875
2019-07-20 10:30:00,0.89397496
2019-07-21 10:30:00,0.69308746
2019-07-22 10:30:00,0.6855124
2019-07-23 10:30:00,0.929775
2019-07-24 10:30:00,0.84067494
2019-07-25 10:30:00,0.8003375
2019-07-26 10:30:00,0.6923
2019-07-27 10:30:00,0.8571625
2019-07-28 10:30:00,0.82934994
2019-07-29 10:30:00,0.84455
2019-07-30 10:30:00,0.8448625
2019-07-31 10:30:00,0.7079
2019-08-01 10:30:00,0.7499
2019-08-02 10:30:00,0.7811875
2019-08-03 10:30:00,0.748775
2019-08-04 10:30:00,0.72789997
2019-08-05 10:30:00,0.7916874
2019-08-06 10:30:00,0.93448746
2019-08-07 10:30:00,0.86803746
2019-08-08 10:30:00,0.9287875
2019-08-09 10:30:00,0.8771
2019-08-10 10:30:00,0.9146375
2019-08-11 10:30:00,0.89747494
2019-08-12 10:30:00,0.82044995
2019-08-13 10:30:00,0.79043746
2019-08-14 10:30:00,0.72426254
2019-08-15 10:30:00,0.70888746
2019-08-16 10:30:00,0.79101247
2019-08-17 10:30:00,0.76327497
2019-08-18 10:30:00,0.82364994
2019-08-19 10:30:00,0.77756244
2019-08-20 10:30:00,0.9376
2019-08-21 10:30:00,0.72305
2019-08-22 10:30:00,0.81495
2019-08-23 10:30:00,0.81238747
2019-08-24 10:30:00,0.8228
2019-08-25 10:30:00,0.8793
2019-08-26 10:30:00,0.93412495
2019-08-27 10:30:00,0.766625
2019-08-28 10:30:00,0.83771247
2019-08-29 10:30:00,0.8229125
2019-08-30 10:30:00,0.721625
2019-08-31 10:30:00,0.73025
2019-09-01 10:30:00,0.728375
2019-09-02 10:30:00,0.7801625
2019-09-03 10:30:00,0.813975
2019-09-04 10:30:00,0.74983746
2019-09-05 10:30:00,0.7236125
2019-09-06 10:30:00,0.81729996
2019-09-07 10:30:00,0.79108745
2019-09-08 10:30:00,0.55602497
2019-09-09 10:30:00,0.5606375
2019-09-10 10:30:00,0.6289875
2019-09-11 10:30:00,0.65348744
2019-09-12 10:30:00,0.543525
2019-09-13 10:30:00,0.63795
2019-09-14 10:30:00,0.6053375
2019-09-15 10:30:00,0.4760375
2019-09-16 10:30:00,0.5584625
2019-09-17 10:30:00,0.556175
2019-09-18 10:30:00,0.448475
2019-09-19 10:30:00,0.6797625
2019-09-20 10:30:00,0.7061875
2019-09-21 10:30:00,0.6392125
2019-09-22 10:30:00,0.63226247
2019-09-23 10:30:00,0.42273748
2019-09-24 10:30:00,0.5236625
2019-09-25 10:30:00,0.54877496
2019-09-26 10:30:00,0.48776248
2019-09-27 10:30:00,0.38362497
2019-09-28 10:30:00,0.32618746
2019-09-29 10:30:00,0.44666252
2019-09-30 10:30:00,0.64629996
2019-10-01 10:30:00,0.5681
2019-10-02 10:30:00,0.7163375
2019-10-03 10:30:00,0.7175625
2019-10-04 10:30:00,0.5568875
2019-10-05 10:30:00,0.60975
2019-10-06 10:30:00,0.510975
2019-10-07 10:30:00,0.48319998
2019-10-08 10:30:00,0.607975
2019-10-09 10:30:00,0.4601875
2019-10-10 10:30:00,0.37226248
2019-10-11 10:30:00,0.4131375
2019-10-12 10:30:00,0.4164125
2019-10-13 10:30:00,0.37706247
2019-10-14 10:30:00,0.3057375
2019-10-15 10:30:00,0.35618746
2019-10-16 10:30:00,0.5173625
2019-10-17 10:30:00,0.4424125
2019-10-18 10:30:00,0.523375
2019-10-19 10:30:00,0.62874997
2019-10-20 10:30:00,0.56518745
2019-10-21 10:30:00,0.4400375
2019-10-22 10:30:00,0.47597498
2019-10-23 10:30:00,0.47213748
2019-10-24 10:30:00,0.8169625
2019-10-25 10:30:00,0.5528375
2019-10-26 10:30:00,0.6873625
2019-10-27 10:30:00,0.6566749
2019-10-28 10:30:00,0.6035375
2019-10-29 10:30:00,0.53991246
2019-10-30 10:30:00,0.5086125
2019-10-31 10:30:00,0.3501125
2019-11-01 10:30:00,0.4037875
2019-11-02 10:30:00,0.5267625
2019-11-03 10:30:00,0.645
2019-11-04 10:30:00,0.432575
2019-11-05 10:30:00,0.337275
2019-11-06 10:30:00,0.47112498
2019-11-07 10:30:00,0.42669997
2019-11-08 10:30:00,0.53881246
2019-11-09 10:30:00,0.67183745
2019-11-10 10:30:00,0.53218746
2019-11-11 10:30:00,0.2850125
2019-11-12 10:30:00,0.75362504
2019-11-13 10:30:00,0.47877502
2019-11-14 10:30:00,0.5746375
2019-11-15 10:30:00,0.5191875
2019-11-16 10:30:00,0.503875
2019-11-17 10:30:00,0.5797375
2019-11-18 10:30:00,0.38892502
2019-11-19 10:30:00,0.4405
2019-11-20 10:30:00,0.5922375
2019-11-21 10:30:00,0.61193746
2019-11-22 10:30:00,0.49054998
2019-11-23 10:30:00,0.36705002
2019-11-24 10:30:00,0.4281625
2019-11-25 10:30:00,0.4139875
2019-11-26 10:30:00,0.388275
2019-11-27 10:30:00,0.38232496
2019-11-28 10:30:00,0.44268748
2019-11-29 10:30:00,0.5586625
2019-11-30 10:30:00,0.6190125
2019-12-01 10:30:00,0.4990375
2019-12-02 10:30:00,0.391025
2019-12-03 10:30:00,0.3353875
2019-12-04 10:30:00,0.36254996
2019-12-05 10:30:00,0.3906625
2019-12-06 10:30:00,0.50333744
2019-12-07 10:30:00,0.5911875
2019-12-08 10:30:00,0.73012495
2019-12-09 10:30:00,0.6668625
2019-12-10 10:30:00,0.6983125
2019-12-11 10:30:00,0.57184994
2019-12-12 10:30:00,0.6352125
2019-12-13 10:30:00,0.55018747
2019-12-14 10:30:00,0.5771125
2019-12-15 10:30:00,0.63018745
2019-12-16 10:30:00,0.551875
2019-12-17 10:30:00,0.4956375
2019-12-18 10:30:00,0.52785
2019-12-19 10:30:00,0.5412625
2019-12-20 10:30:00,0.5472375
2019-12-21 10:30:00,0.5916875
2019-12-22 10:30:00,0.6186375
2019-12-23 10:30:00,0.5507375
2019-12-24 10:30:00,0.63135
2019-12-25 10:30:00,0.57291245
2019-12-26 10:30:00,0.5581875
2019-12-27 10:30:00,0.61495
2019-12-28 10:30:00,0.6564125
2019-12-29 10:30:00,0.6408875
2019-12-30 10:30:00,0.4457875
2019-12-31 10:30:00,0.45413747
2020-01-01 10:30:00,0.60952497
2020-01-02 10:30:00,0.50598747
2020-01-03 10:30:00,0.55834997
2020-01-04 10:30:00,0.6096875
2020-01-05 10:30:00,0.740325
2020-01-06 10:30:00,0.7871625
2020-01-07 10:30:00,0.6974
2020-01-08 10:30:00,0.6397375
2020-01-09 10:30:00,0.71235
2020-01-10 10:30:00,0.6072375
2020-01-11 10:30:00,0.6051875
2020-01-12 10:30:00,0.54115003
2020-01-13 10:30:00,0.649725
2020-01-14 10:30:00,0.66830003
2020-01-15 10:30:00,0.62322503
2020-01-16 10:30:00,0.5992375
2020-01-17 10:30:00,0.698525
2020-01-18 10:30:00,0.76286244
2020-01-19 10:30:00,0.71988744
2020-01-20 10:30:00,0.6285
2020-01-21 10:30:00,0.5600875
2020-01-22 10:30:00,0.608525
2020-01-23 10:30:00,0.4975875
2020-01-24 10:30:00,0.6418125
2020-01-25 10:30:00,0.6744625
2020-01-26 10:30:00,0.667275
2020-01-27 10:30:00,0.6689625
2020-01-28 10:30:00,0.70436245
2020-01-29 10:30:00,0.694925
2020-01-30 10:30:00,0.7040375
2020-01-31 10:30:00,0.632125
2020-02-01 10:30:00,0.4109
2020-02-02 10:30:00,0.485125
2020-02-03 10:30:00,0.4645
2020-02-04 10:30:00,0.43697497
2020-02-05 10:30:00,0.5039625
2020-02-06 10:30:00,0.459575
2020-02-07 10:30:00,0.617875
2020-02-08 10:30:00,0.6455
2020-02-09 10:30:00,0.59648746
2020-02-10 10:30:00,0.70724994
2020-02-11 10:30:00,0.5596875
2020-02-12 10:30:00,0.66489995
2020-02-13 10:30:00,0.7833125
2020-02-14 10:30:00,0.6228625
2020-02-15 10:30:00,0.53505
2020-02-16 10:30:00,0.55295
2020-02-17 10:30:00,0.4589125
2020-02-18 10:30:00,0.4807625
2020-02-19 10:30:00,0.5043125
2020-02-20 10:30:00,0.58138746
2020-02-21 10:30:00,0.7418875
2020-02-22 10:30:00,0.579525
2020-02-23 10:30:00,0.5626
2020-02-24 10:30:00,0.50215
2020-02-25 10:30:00,0.578525
2020-02-26 10:30:00,0.509
2020-02-27 10:30:00,0.44979998
2020-02-28 10:30:00,0.5027
2020-02-29 10:30:00,0.58358747
2020-03-01 10:30:00,0.634925
2020-03-02 10:30:00,0.58575
2020-03-03 10:30:00,0.7496125
2020-03-04 10:30:00,0.5763
2020-03-05 10:30:00,0.58642495
2020-03-06 10:30:00,0.66021246
2020-03-07 10:30:00,0.5017875
2020-03-08 10:30:00,0.4477
2020-03-09 10:30:00,0.3486875
2020-03-10 10:30:00,0.5480625
2020-03-11 10:30:00,0.426375
2020-03-12 10:30:00,0.2232
2020-03-13 10:30:00,0.5301125
2020-03-14 10:30:00,0.365325
2020-03-15 10:30:00,0.273875
2020-03-16 10:30:00,0.456275
2020-03-17 10:30:00,0.43695
2020-03-18 10:30:00,0.4453625
2020-03-19 10:30:00,0.39589998
2020-03-20 10:30:00,0.35881248
2020-03-21 10:30:00,0.3064
2020-03-22 10:30:00,0.48935
2020-03-23 10:30:00,0.42644998
2020-03-24 10:30:00,0.37467498
2020-03-25 10:30:00,0.2633
2020-03-26 10:30:00,0.25448748
2020-03-27 10:30:00,0.32729998
2020-03-28 10:30:00,0.3538625
2020-03-29 10:30:00,0.3010625
2020-03-30 10:30:00,0.216875
2020-03-31 10:30:00,0.248675
2020-04-01 10:30:00,0.23143749
2020-04-02 10:30:00,0.254825
2020-04-03 10:30:00,0.2099375
2020-04-04 10:30:00,0.2209875
2020-04-05 10:30:00,0.23079999
2020-04-06 10:30:00,0.2691375
2020-04-07 10:30:00,0.38375
2020-04-08 10:30:00,0.3599
2020-04-09 10:30:00,0.329
2020-04-10 10:30:00,0.1958125
2020-04-11 10:30:00,0.2265875
2020-04-12 10:30:00,0.1743
2020-04-13 10:30:00,0.1720375
2020-04-14 10:30:00,0.3000875
2020-04-15 10:30:00,0.27229998
2020-04-16 10:30:00,0.37682498
2020-04-17 10:30:00,0.30565
2020-04-18 10:30:00,0.18715
2020-04-19 10:30:00,0.7144
2020-04-20 10:30:00,0.65021247
2020-04-21 10:30:00,0.6351625
2020-04-22 10:30:00,0.40846246
2020-04-23 10:30:00,0.48686248
2020-04-24 10:30:00,0.7345625
2020-04-25 10:30:00,0.687125
2020-04-26 10:30:00,0.5098625
2020-04-27 10:30:00,0.38803747
2020-04-28 10:30:00,0.57647496
2020-04-29 10:30:00,0.5184
2020-04-30 10:30:00,0.4020125
2020-05-01 10:30:00,0.34241247
2020-05-02 10:30:00,0.39143747
2020-05-03 10:30:00,0.77577496
2020-05-04 10:30:00,0.55492496
2020-05-05 10:30:00,0.50259995
2020-05-06 10:30:00,0.308325
2020-05-07 10:30:00,0.43731248
2020-05-08 10:30:00,0.285525
2020-05-09 10:30:00,0.4646625
2020-05-10 10:30:00,0.5276625
2020-05-11 10:30:00,0.59908754
2020-05-12 10:30:00,0.4150625
2020-05-13 10:30:00,0.3732875
2020-05-14 10:30:00,0.29635
2020-05-15 10:30:00,0.4632875
2020-05-16 10:30:00,0.79104996
2020-05-17 10:30:00,0.71526253
2020-05-18 10:30:00,0.53174996
2020-05-19 10:30:00,0.5524875
2020-05-20 10:30:00,0.7678125
2020-05-21 10:30:00,0.67737496
2020-05-22 10:30:00,0.7335875
2020-05-23 10:30:00,0.7159375
2020-05-24 10:30:00,0.41845
2020-05-25 10:30:00,0.44588748
2020-05-26 10:30:00,0.47025
2020-05-27 10:30:00,0.48436248
2020-05-28 10:30:00,0.493825
2020-05-29 10:30:00,0.53776246
2020-05-30 10:30:00,0.515575
2020-05-31 10:30:00,0.79018754
2020-06-01 10:30:00,0.51655
2020-06-02 10:30:00,0.674325
2020-06-03 10:30:00,0.71125
2020-06-04 10:30:00,0.64858747
2020-06-05 10:30:00,0.562625
2020-06-06 10:30:00,0.66652495
2020-06-07 10:30:00,0.6751
2020-06-08 10:30:00,0.5688375
2020-06-09 10:30:00,0.46991247
2020-06-10 10:30:00,0.75563747
2020-06-11 10:30:00,0.5403875
2020-06-12 10:30:00,0.67948747
2020-06-13 10:30:00,0.78859997
2020-06-14 10:30:00,0.4784125
2020-06-15 10:30:00,0.5485875
2020-06-16 10:30:00,0.61873746
2020-06-17 10:30:00,0.62009996
2020-06-18 10:30:00,0.6736
2020-06-19 10:30:00,0.79300004
2020-06-20 10:30:00,0.81474996
2020-06-21 10:30:00,0.7287
2020-06-22 10:30:00,0.86982495
2020-06-23 10:30:00,0.88918746
2020-06-24 10:30:00,0.7764375
2020-06-25 10:30:00,0.7115
2020-06-26 10:30:00,0.7381625
2020-06-27 10:30:00,0.64739996
2020-06-28 10:30:00,0.72389996
2020-06-29 10:30:00,0.7475
2020-06-30 10:30:00,0.76245004
2020-07-01 10:30:00,0.68747497
2020-07-02 10:30:00,0.6519375
2020-07-03 10:30:00,0.70778745
2020-07-04 10:30:00,0.78722495
2020-07-05 10:30:00,0.7372
2020-07-06 10:30:00,0.75223744
2020-07-07 10:30:00,0.59775
2020-07-08 10:30:00,0.63605
2020-07-09 10:30:00,0.62955
2020-07-10 10:30:00,0.645725
2020-07-11 10:30:00,0.71146244
2020-07-12 10:30:00,0.74602497
2020-07-13 10:30:00,0.65543747
2020-07-14 10:30:00,0.61625
2020-07-15 10:30:00,0.6368375
2020-07-16 10:30:00,0.64278746
2020-07-17 10:30:00,0.7552125
2020-07-18 10:30:00,0.79214996
2020-07-19 10:30:00,0.6949375
2020-07-20 10:30:00,0.5947125
2020-07-21 10:30:00,0.5421625
2020-07-22 10:30:00,0.7002125
2020-07-23 10:30:00,0.63834995
2020-07-24 10:30:00,0.6199625
2020-07-25 10:30:00,0.74593747
2020-07-26 10:30:00,0.6331625
2020-07-27 10:30:00,0.687825
2020-07-28 10:30:00,0.8520625
2020-07-29 10:30:00,0.92461246
2020-07-30 10:30:00,0.81252503
2020-07-31 10:30:00,0.76917493
2020-08-01 10:30:00,0.6832375
2020-08-02 10:30:00,0.87738746
2020-08-03 10:30:00,0.84247494
2020-08-04 10:30:00,0.86375
2020-08-05 10:30:00,0.85778743
2020-08-06 10:30:00,0.8140625
2020-08-07 10:30:00,0.83006245
2020-08-08 10:30:00,0.8825
2020-08-09 10:30:00,0.8020625
2020-08-10 10:30:00,0.77427495
2020-08-11 10:30:00,0.68805
2020-08-12 10:30:00,0.695975
2020-08-13 10:30:00,0.9230125
2020-08-14 10:30:00,0.8854125
2020-08-15 10:30:00,0.7127375
2020-08-16 10:30:00,0.80422497
2020-08-17 10:30:00,0.869625
2020-08-18 10:30:00,0.73723745
2020-08-19 10:30:00,0.70345
2020-08-20 10:30:00,0.7061875
2020-08-21 10:30:00,0.7207375
2020-08-22 10:30:00,0.75106245
2020-08-23 10:30:00,0.7825375
2020-08-24 10:30:00,0.8066875
2020-08-25 10:30:00,0.71295
2020-08-26 10:30:00,0.71625
2020-08-27 10:30:00,0.7755375
2020-08-28 10:30:00,0.8828
2020-08-29 10:30:00,0.81044996
2020-08-30 10:30:00,0.86521244
2020-08-31 10:30:00,0.78395
2020-09-01 10:30:00,0.73121244
2020-09-02 10:30:00,0.7089
2020-09-03 10:30:00,0.7531875
2020-09-04 10:30:00,0.70046246
2020-09-05 10:30:00,0.74202496
2020-09-06 10:30:00,0.73965
2020-09-07 10:30:00,0.7754375
2020-09-08 10:30:00,0.595325
2020-09-09 10:30:00,0.5315875
2020-09-10 10:30:00,0.6333
2020-09-11 10:30:00,0.764225
2020-09-12 10:30:00,0.7720125
2020-09-13 10:30:00,0.7628375
2020-09-14 10:30:00,0.8806875
2020-09-15 10:30:00,0.7797625
2020-09-16 10:30:00,0.8809125
2020-09-17 10:30:00,0.758825
2020-09-18 10:30:00,0.737925
2020-09-19 10:30:00,0.6549375
2020-09-20 10:30:00,0.775175
2020-09-21 10:30:00,0.78881246
2020-09-22 10:30:00,0.75495
2020-09-23 10:30:00,0.66408753
2020-09-24 10:30:00,0.73083746
2020-09-25 10:30:00,0.75302494
2020-09-26 10:30:00,0.75597495
2020-09-27 10:30:00,0.4815
2020-09-28 10:30:00,0.5581
2020-09-29 10:30:00,0.568775
2020-09-30 10:30:00,0.6929125
2020-10-01 10:30:00,0.86010003
2020-10-02 10:30:00,0.7294
2020-10-03 10:30:00,0.55772495
2020-10-04 10:30:00,0.5626625
2020-10-05 10:30:00,0.5689
2020-10-06 10:30:00,0.5560375
2020-10-07 10:30:00,0.63226247
2020-10-08 10:30:00,0.5713375
2020-10-09 10:30:00,0.6829
2020-10-10 10:30:00,0.37385002
2020-10-11 10:30:00,0.4343875
2020-10-12 10:30:00,0.4698
2020-10-13 10:30:00,0.54940003
2020-10-14 10:30:00,0.45741248
2020-10-15 10:30:00,0.3852875
2020-10-16 10:30:00,0.52685
2020-10-17 10:30:00,0.4764625
2020-10-18 10:30:00,0.49766248
2020-10-19 10:30:00,0.52248746
2020-10-20 10:30:00,0.35744998
2020-10-21 10:30:00,0.5140875
2020-10-22 10:30:00,0.42771247
2020-10-23 10:30:00,0.423725
2020-10-24 10:30:00,0.42193747
2020-10-25 10:30:00,0.6077875
2020-10-26 10:30:00,0.48599997
2020-10-27 10:30:00,0.4015875
2020-10-28 10:30:00,0.4115
2020-10-29 10:30:00,0.54021245
2020-10-30 10:30:00,0.386125
2020-10-31 10:30:00,0.4996625
2020-11-01 10:30:00,0.487125
2020-11-02 10:30:00,0.3772
2020-11-03 10:30:00,0.322825
2020-11-04 10:30:00,0.4674375
2020-11-05 10:30:00,0.47695
2020-11-06 10:30:00,0.50009996
2020-11-07 10:30:00,0.5071
2020-11-08 10:30:00,0.46064997
2020-11-09 10:30:00,0.5216375
2020-11-10 10:30:00,0.62277496
2020-11-11 10:30:00,0.5087875
2020-11-12 10:30:00,0.501875
2020-11-13 10:30:00,0.50198746
2020-11-14 10:30:00,0.46581247
2020-11-15 10:30:00,0.44669998
2020-11-16 10:30:00,0.5452
2020-11-17 10:30:00,0.673975
2020-11-18 10:30:00,0.566975
2020-11-19 10:30:00,0.4026625
2020-11-20 10:30:00,0.45273748
2020-11-21 10:30:00,0.46885
2020-11-22 10:30:00,0.5069625
2020-11-23 10:30:00,0.62627494
2020-11-24 10:30:00,0.69063747
2020-11-25 10:30:00,0.4929375
2020-11-26 10:30:00,0.5232875
2020-11-27 10:30:00,0.459225
2020-11-28 10:30:00,0.50724995
2020-11-29 10:30:00,0.535075
2020-11-30 10:30:00,0.521575
2020-12-01 10:30:00,0.5663375
2020-12-02 10:30:00,0.5186
2020-12-03 10:30:00,0.4876625
2020-12-04 10:30:00,0.50093746
2020-12-05 10:30:00,0.54943746
2020-12-06 10:30:00,0.5113125
2020-12-07 10:30:00,0.47535
2020-12-08 10:30:00,0.4886
2020-12-09 10:30:00,0.4700375
2020-12-10 10:30:00,0.5151375
2020-12-11 10:30:00,0.46325
2020-12-12 10:30:00,0.4753625
2020-12-13 10:30:00,0.42145
2020-12-14 10:30:00,0.3901625
2020-12-15 10:30:00,0.366675
2020-12-16 10:30:00,0.48267502
2020-12-17 10:30:00,0.4370375
2020-12-18 10:30:00,0.37355
2020-12-19 10:30:00,0.5293
2020-12-20 10:30:00,0.4768
2020-12-21 10:30:00,0.435175
2020-12-22 10:30:00,0.57885
2020-12-23 10:30:00,0.6231
2020-12-24 10:30:00,0.5599875
2020-12-25 10:30:00,0.5763625
2020-12-26 10:30:00,0.6924625
2020-12-27 10:30:00,0.61702496
2020-12-28 10:30:00,0.50065
2020-12-29 10:30:00,0.40986252
2020-12-30 10:30:00,0.456675
2020-12-31 10:30:00,0.41803747
2021-01-01 10:30:00,0.45608747
2021-01-02 10:30:00,0.47812498
2021-01-03 10:30:00,0.47785
2021-01-04 10:30:00,0.4713
2021-01-05 10:30:00,0.4611375
2021-01-06 10:30:00,0.37366247
2021-01-07 10:30:00,0.4374375
2021-01-08 10:30:00,0.4414875
2021-01-09 10:30:00,0.539
2021-01-10 10:30:00,0.5118375
2021-01-11 10:30:00,0.538975
2021-01-12 10:30:00,0.75153744
2021-01-13 10:30:00,0.5087375
2021-01-14 10:30:00,0.6023
2021-01-15 10:30:00,0.539725
2021-01-16 10:30:00,0.5848125
2021-01-17 10:30:00,0.508325
2021-01-18 10:30:00,0.389975
2021-01-19 10:30:00,0.6111
2021-01-20 10:30:00,0.6096875
2021-01-21 10:30:00,0.6760375
2021-01-22 10:30:00,0.617175
2021-01-23 10:30:00,0.60515
2021-01-24 10:30:00,0.6375625
2021-01-25 10:30:00,0.60324997
2021-01-26 10:30:00,0.44072497
2021-01-27 10:30:00,0.43310001
2021-01-28 10:30:00,0.41653746
2021-01-29 10:30:00,0.611375
2021-01-30 10:30:00,0.541825
2021-01-31 10:30:00,0.72319996
2021-02-01 10:30:00,0.49568748
2021-02-02 10:30:00,0.4482875
2021-02-03 10:30:00,0.4792375
2021-02-04 10:30:00,0.6423
2021-02-05 10:30:00,0.5805375
2021-02-06 10:30:00,0.54055
2021-02-07 10:30:00,0.507425
2021-02-08 10:30:00,0.60165
2021-02-09 10:30:00,0.5291125
2021-02-10 10:30:00,0.56804997
2021-02-11 10:30:00,0.52888745
2021-02-12 10:30:00,0.37632498
2021-02-13 10:30:00,0.42123747
2021-02-14 10:30:00,0.3827875
2021-02-15 10:30:00,0.3414
2021-02-16 10:30:00,0.3797875
2021-02-17 10:30:00,0.31722498
2021-02-18 10:30:00,0.459875
2021-02-19 10:30:00,0.41502497
2021-02-20 10:30:00,0.5956625
2021-02-21 10:30:00,0.6050375
2021-02-22 10:30:00,0.43838748
2021-02-23 10:30:00,0.53643745
2021-02-24 10:30:00,0.4939375
2021-02-25 10:30:00,0.464425
2021-02-26 10:30:00,0.6200125
2021-02-27 10:30:00,0.48363748
2021-02-28 10:30:00,0.3059625
2021-03-01 10:30:00,0.4484875
2021-03-02 10:30:00,0.53775
2021-03-03 10:30:00,0.6339875
2021-03-04 10:30:00,0.41845
2021-03-05 10:30:00,0.31575
2021-03-06 10:30:00,0.3770375
2021-03-07 10:30:00,0.4366
2021-03-08 10:30:00,0.424325
2021-03-09 10:30:00,0.26709998
2021-03-10 10:30:00,0.38055
2021-03-11 10:30:00,0.38445
2021-03-12 10:30:00,0.3792125
2021-03-13 10:30:00,0.398525
2021-03-14 10:30:00,0.3822
2021-03-15 10:30:00,0.3333875
2021-03-16 10:30:00,0.2067
2021-03-17 10:30:00,0.3575875
2021-03-18 10:30:00,0.29977497
2021-03-19 10:30:00,0.510525
2021-03-20 10:30:00,0.74613744
2021-03-21 10:30:00,0.5301
2021-03-22 10:30:00,0.452525
2021-03-23 10:30:00,0.38137498
2021-03-24 10:30:00,0.36958748
2021-03-25 10:30:00,0.396425
2021-03-26 10:30:00,0.7235625
2021-03-27 10:30:00,0.36158746
2021-03-28 10:30:00,0.4764125
2021-03-29 10:30:00,0.3857875
2021-03-30 10:30:00,0.277475
2021-03-31 10:30:00,0.3943125
2021-04-01 10:30:00,0.36505
2021-04-02 10:30:00,0.3424375
2021-04-03 10:30:00,0.3404375
2021-04-04 10:30:00,0.3286375
2021-04-05 10:30:00,0.304125
2021-04-06 10:30:00,0.22876249
2021-04-07 10:30:00,0.301325
2021-04-08 10:30:00,0.3345375
2021-04-09 10:30:00,0.2995125
2021-04-10 10:30:00,0.253375
2021-04-11 10:30:00,0.486525
2021-04-12 10:30:00,0.44072497
2021-04-13 10:30:00,0.355925
2021-04-14 10:30:00,0.371075
2021-04-15 10:30:00,0.6224375
2021-04-16 10:30:00,0.84255
2021-04-17 10:30:00,0.57215
2021-04-18 10:30:00,0.44228747
2021-04-19 10:30:00,0.261575
2021-04-20 10:30:00,0.31272498
2021-04-21 10:30:00,0.30827498
2021-04-22 10:30:00,0.47355
2021-04-23 10:30:00,0.51605
2021-04-24 10:30:00,0.26361248
2021-04-25 10:30:00,0.2596375
2021-04-26 10:30:00,0.28789997
2021-04-27 10:30:00,0.3333875
2021-04-28 10:30:00,0.28597498
2021-04-29 10:30:00,0.44462502
2021-04-30 10:30:00,0.7839625
2021-05-01 10:30:00,0.56333745
2021-05-02 10:30:00,0.28085
2021-05-03 10:30:00,0.3892625
2021-05-04 10:30:00,0.48158747
2021-05-05 10:30:00,0.52275
2021-05-06 10:30:00,0.46209997
2021-05-07 10:30:00,0.7190875
2021-05-08 10:30:00,0.572325
2021-05-09 10:30:00,0.4732
2021-05-10 10:30:00,0.46952498
2021-05-11 10:30:00,0.4431625
2021-05-12 10:30:00,0.40665
2021-05-13 10:30:00,0.37217498
2021-05-14 10:30:00,0.41021246
2021-05-15 10:30:00,0.388225
2021-05-16 10:30:00,0.31088752
2021-05-17 10:30:00,0.3827875
2021-05-18 10:30:00,0.50901246
2021-05-19 10:30:00,0.55834997
2021-05-20 10:30:00,0.5793875
2021-05-21 10:30:00,0.43908748
2021-05-22 10:30:00,0.30241248
2021-05-23 10:30:00,0.44787502
2021-05-24 10:30:00,0.4887875
2021-05-25 10:30:00,0.3765625
2021-05-26 10:30:00,0.4454125
2021-05-27 10:30:00,0.6662625
2021-05-28 10:30:00,0.58152497
2021-05-29 10:30:00,0.48955
2021-05-30 10:30:00,0.61803746
2021-05-31 10:30:00,0.7287625
2021-06-01 10:30:00,0.48436248
2021-06-02 10:30:00,0.86201245
2021-06-03 10:30:00,0.856875
2021-06-04 10:30:00,0.7561
2021-06-05 10:30:00,0.7059375
2021-06-06 10:30:00,0.5849125
2021-06-07 10:30:00,0.61298746
2021-06-08 10:30:00,0.6852625
2021-06-09 10:30:00,0.645
2021-06-10 10:30:00,0.51375
2021-06-11 10:30:00,0.5052875
2021-06-12 10:30:00,0.5616125
2021-06-13 10:30:00,0.6215125
2021-06-14 10:30:00,0.918375
2021-06-15 10:30:00,0.6654875
2021-06-16 10:30:00,0.7769
2021-06-17 10:30:00,0.5077125
2021-06-18 10:30:00,0.672375
2021-06-19 10:30:00,0.74555
2021-06-20 10:30:00,0.7941375
2021-06-21 10:30:00,0.75544995
2021-06-22 10:30:00,0.7369999
2021-06-23 10:30:00,0.6828375
2021-06-24 10:30:00,0.62659997
2021-06-25 10:30:00,0.71047497
2021-06-26 10:30:00,0.7578125
2021-06-27 10:30:00,0.764325
2021-06-28 10:30:00,0.74464995
2021-06-29 10:30:00,0.7475
2021-06-30 10:30:00,0.853575
2021-07-01 10:30:00,0.8534375
2021-07-02 10:30:00,0.9213375
2021-07-03 10:30:00,0.9254125
2021-07-04 10:30:00,0.918375
2021-07-05 10:30:00,0.80442494
2021-07-06 10:30:00,0.8031875
2021-07-07 10:30:00,0.8462625
2021-07-08 10:30:00,0.90265
2021-07-09 10:30:00,0.82914996
2021-07-10 10:30:00,0.83376247
2021-07-11 10:30:00,0.759475
2021-07-12 10:30:00,0.84467494
2021-07-13 10:30:00,0.93831253
2021-07-14 10:30:00,0.87882495
2021-07-15 10:30:00,0.86012495
2021-07-16 10:30:00,0.7499125
2021-07-17 10:30:00,0.9166375
2021-07-18 10:30:00,0.87106246
2021-07-19 10:30:00,0.7858
2021-07-20 10:30:00,0.7910375
2021-07-21 10:30:00,0.83409995
2021-07-22 10:30:00,0.929325
2021-07-23 10:30:00,0.8840125
2021-07-24 10:30:00,0.85402495
2021-07-25 10:30:00,0.86153746
2021-07-26 10:30:00,0.963075
2021-07-27 10:30:00,0.87413746
2021-07-28 10:30:00,0.7857125
2021-07-29 10:30:00,0.8163
2021-07-30 10:30:00,0.84457505
2021-07-31 10:30:00,0.85662496
2021-08-01 10:30:00,0.85249996
2021-08-02 10:30:00,0.7746499
2021-08-03 10:30:00,0.88726246
2021-08-04 10:30:00,0.881875
2021-08-05 10:30:00,0.7570125
2021-08-06 10:30:00,0.7539125
2021-08-07 10:30:00,0.79286253
2021-08-08 10:30:00,0.83199996
2021-08-09 10:30:00,0.87145
2021-08-10 10:30:00,0.8779875
2021-08-11 10:30:00,0.8738375
2021-08-12 10:30:00,0.8336875
2021-08-13 10:30:00,0.85568744
2021-08-14 10:30:00,0.8611875
2021-08-15 10:30:00,0.79693747
2021-08-16 10:30:00,0.79415
2021-08-17 10:30:00,0.7921875
2021-08-18 10:30:00,0.7811375
2021-08-19 10:30:00,0.862225
2021-08-20 10:30:00,0.7619
2021-08-21 10:30:00,0.735025
2021-08-22 10:30:00,0.7623
2021-08-23 10:30:00,0.80794996
2021-08-24 10:30:00,0.800675
2021-08-25 10:30:00,0.8469375
2021-08-26 10:30:00,0.9095749
2021-08-27 10:30:00,0.83652496
2021-08-28 10:30:00,0.74605
2021-08-29 10:30:00,0.70347494
2021-08-30 10:30:00,0.78401244
2021-08-31 10:30:00,0.75214994
2021-09-01 10:30:00,0.788775
2021-09-02 10:30:00,0.76348746
2021-09-03 10:30:00,0.8737625
2021-09-04 10:30:00,0.8212625
2021-09-05 10:30:00,0.866075
2021-09-06 10:30:00,0.93224996
2021-09-07 10:30:00,0.79332495
2021-09-08 10:30:00,0.9206625
2021-09-09 10:30:00,0.8826249
2021-09-10 10:30:00,0.697275
2021-09-11 10:30:00,0.731725
2021-09-12 10:30:00,0.7688624
2021-09-13 10:30:00,0.6976625
2021-09-14 10:30:00,0.74934995
2021-09-15 10:30:00,0.93518746
2021-09-16 10:30:00,0.668275
2021-09-17 10:30:00,0.7100875
2021-09-18 10:30:00,0.685325
2021-09-19 10:30:00,0.8869625
2021-09-20 10:30:00,0.875175
2021-09-21 10:30:00,0.77301246
2021-09-22 10:30:00,0.7183375
2021-09-23 10:30:00,0.7517375
2021-09-24 10:30:00,0.8734
2021-09-25 10:30:00,0.93705
2021-09-26 10:30:00,0.94076246
2021-09-27 10:30:00,0.7051
2021-09-28 10:30:00,0.5555875
2021-09-29 10:30:00,0.5451125
2021-09-30 10:30:00,0.65741247
2021-10-01 10:30:00,0.6785875
2021-10-02 10:30:00,0.5553375
2021-10-03 10:30:00,0.82808745
2021-10-04 10:30:00,0.6738375
2021-10-05 10:30:00,0.563625
2021-10-06 10:30:00,0.70317495
2021-10-07 10:30:00,0.6129875
2021-10-08 10:30:00,0.5089875
2021-10-09 10:30:00,0.4569125
2021-10-10 10:30:00,0.462225
2021-10-11 10:30:00,0.539975
2021-10-12 10:30:00,0.54737496
2021-10-13 10:30:00,0.6436125
2021-10-14 10:30:00,0.5363375
2021-10-15 10:30:00,0.43632498
2021-10-16 10:30:00,0.4118125
2021-10-17 10:30:00,0.5994375
2021-10-18 10:30:00,0.57119995
2021-10-19 10:30:00,0.5565125
2021-10-20 10:30:00,0.6082125
2021-10-21 10:30:00,0.564525
2021-10-22 10:30:00,0.5581125
2021-10-23 10:30:00,0.51366246
2021-10-24 10:30:00,0.5032375
2021-10-25 10:30:00,0.43756247
2021-10-26 10:30:00,0.4657
2021-10-27 10:30:00,0.46452498
2021-10-28 10:30:00,0.6122875
2021-10-29 10:30:00,0.5769875
2021-10-30 10:30:00,0.624375
2021-10-31 10:30:00,0.4841125
2021-11-01 10:30:00,0.66871244
2021-11-02 10:30:00,0.6939875
2021-11-03 10:30:00,0.721025
2021-11-04 10:30:00,0.741975
2021-11-05 10:30:00,0.6567625
2021-11-06 10:30:00,0.52564996
2021-11-07 10:30:00,0.5868125
2021-11-08 10:30:00,0.4630375
2021-11-09 10:30:00,0.689225
2021-11-10 10:30:00,0.4811
2021-11-11 10:30:00,0.37945
2021-11-12 10:30:00,0.45198748
2021-11-13 10:30:00,0.5730875
2021-11-14 10:30:00,0.6201125
2021-11-15 10:30:00,0.687775
2021-11-16 10:30:00,0.74566245
2021-11-17 10:30:00,0.506775
2021-11-18 10:30:00,0.4502625
2021-11-19 10:30:00,0.62189996
2021-11-20 10:30:00,0.74161243
2021-11-21 10:30:00,0.8773625
2021-11-22 10:30:00,0.5592875
2021-11-23 10:30:00,0.4660375
2021-11-24 10:30:00,0.49566248
2021-11-25 10:30:00,0.5123375
2021-11-26 10:30:00,0.69355
2021-11-27 10:30:00,0.7791375
2021-11-28 10:30:00,0.7665375
2021-11-29 10:30:00,0.704225
2021-11-30 10:30:00,0.61541253
2021-12-01 10:30:00,0.6435499
2021-12-02 10:30:00,0.47547498
2021-12-03 10:30:00,0.45874998
2021-12-04 10:30:00,0.75874996
2021-12-05 10:30:00,0.5599375
2021-12-06 10:30:00,0.51445
2021-12-07 10:30:00,0.637075
2021-12-08 10:30:00,0.71775
2021-12-09 10:30:00,0.77441245
2021-12-10 10:30:00,0.591275
2021-12-11 10:30:00,0.4935375
2021-12-12 10:30:00,0.4871625
2021-12-13 10:30:00,0.576
2021-12-14 10:30:00,0.55632496
2021-12-15 10:30:00,0.84089994
2021-12-16 10:30:00,0.51669997
2021-12-17 10:30:00,0.533825
2021-12-18 10:30:00,0.6583375
2021-12-19 10:30:00,0.6580625
2021-12-20 10:30:00,0.42153752
2021-12-21 10:30:00,0.4857125
2021-12-22 10:30:00,0.6226125
2021-12-23 10:30:00,0.45411247
2021-12-24 10:30:00,0.459875
2021-12-25 10:30:00,0.49871248
2021-12-26 10:30:00,0.56939995
2021-12-27 10:30:00,0.67492497
2021-12-28 10:30:00,0.5780875
2021-12-29 10:30:00,0.57752496
2021-12-30 10:30:00,0.511875
2021-12-31 10:30:00,0.5915625
2022-01-01 10:30:00,0.54064995
2022-01-02 10:30:00,0.51216245
2022-01-03 10:30:00,0.50173753
2022-01-04 10:30:00,0.65968746
2022-01-05 10:30:00,0.6040375
2022-01-06 10:30:00,0.70147496
2022-01-07 10:30:00,0.6289125
2022-01-08 10:30:00,0.68043745
2022-01-09 10:30:00,0.54365003
2022-01-10 10:30:00,0.562925
2022-01-11 10:30:00,0.522825
2022-01-12 10:30:00,0.535675
2022-01-13 10:30:00,0.59989995
2022-01-14 10:30:00,0.64956254
2022-01-15 10:30:00,0.50373745
2022-01-16 10:30:00,0.5228625
2022-01-17 10:30:00,0.53954995
2022-01-18 10:30:00,0.59964997
2022-01-19 10:30:00,0.496875
2022-01-20 10:30:00,0.58056253
2022-01-21 10:30:00,0.63789994
2022-01-22 10:30:00,0.6443375
2022-01-23 10:30:00,0.6476375
2022-01-24 10:30:00,0.72888744
2022-01-25 10:30:00,0.6754875
2022-01-26 10:30:00,0.5879625
2022-01-27 10:30:00,0.556825
2022-01-28 10:30:00,0.4437125
2022-01-29 10:30:00,0.40412498
2022-01-30 10:30:00,0.47248748
2022-01-31 10:30:00,0.50149995
2022-02-01 10:30:00,0.47768748
2022-02-02 10:30:00,0.47066247
2022-02-03 10:30:00,0.44959998
2022-02-04 10:30:00,0.4157625
2022-02-05 10:30:00,0.4612875
2022-02-06 10:30:00,0.45784998
2022-02-07 10:30:00,0.57138747
2022-02-08 10:30:00,0.611525
2022-02-09 10:30:00,0.54956245
2022-02-10 10:30:00,0.7866749
2022-02-11 10:30:00,0.6723375
2022-02-12 10:30:00,0.64046246
2022-02-13 10:30:00,0.6555375
2022-02-14 10:30:00,0.6111
2022-02-15 10:30:00,0.5373375
2022-02-16 10:30:00,0.5632875
2022-02-17 10:30:00,0.60342497
2022-02-18 10:30:00,0.71665
2022-02-19 10:30:00,0.5275
2022-02-20 10:30:00,0.5145125
2022-02-21 10:30:00,0.4794125
2022-02-22 10:30:00,0.54627496
2022-02-23 10:30:00,0.4986
2022-02-24 10:30:00,0.47632498
2022-02-25 10:30:00,0.51362497
2022-02-26 10:30:00,0.5108
2022-02-27 10:30:00,0.5515375
2022-02-28 10:30:00,0.5604875
2022-03-01 10:30:00,0.49871248
2022-03-02 10:30:00,0.4518
2022-03-03 10:30:00,0.49296248
2022-03-04 10:30:00,0.42958748
2022-03-05 10:30:00,0.3727375
2022-03-06 10:30:00,0.36431247
2022-03-07 10:30:00,0.40901247
2022-03-08 10:30:00,0.44818747
2022-03-09 10:30:00,0.45752499
2022-03-10 10:30:00,0.17521249
2022-03-11 10:30:00,0.20648749
2022-03-12 10:30:00,0.7693375
2022-03-13 10:30:00,0.7263375
2022-03-14 10:30:00,0.7304625
2022-03-15 10:30:00,0.71137494
2022-03-16 10:30:00,0.3784375
2022-03-17 10:30:00,0.47136247
2022-03-18 10:30:00,0.56065
2022-03-19 10:30:00,0.4234125
2022-03-20 10:30:00,0.44779998
2022-03-21 10:30:00,0.38272497
2022-03-22 10:30:00,0.36881247
2022-03-23 10:30:00,0.5940625
2022-03-24 10:30:00,0.7336625
2022-03-25 10:30:00,0.629375
2022-03-26 10:30:00,0.4733625
2022-03-27 10:30:00,0.45189998
2022-03-28 10:30:00,0.392425
2022-03-29 10:30:00,0.28277498
2022-03-30 10:30:00,0.30194998
2022-03-31 10:30:00,0.31118748
2022-04-01 10:30:00,0.309775
2022-04-02 10:30:00,0.387075
2022-04-03 10:30:00,0.310625
2022-04-04 10:30:00,0.312725
2022-04-05 10:30:00,0.30835
2022-04-06 10:30:00,0.2863375
2022-04-07 10:30:00,0.368125
2022-04-08 10:30:00,0.33181247
2022-04-09 10:30:00,0.2520375
2022-04-10 10:30:00,0.3568125
2022-04-11 10:30:00,0.32378748
2022-04-12 10:30:00,0.37061247
2022-04-13 10:30:00,0.37193748
2022-04-14 10:30:00,0.3695375
2022-04-15 10:30:00,0.2640625
2022-04-16 10:30:00,0.331825
2022-04-17 10:30:00,0.33555
2022-04-18 10:30:00,0.3726875
2022-04-19 10:30:00,0.32694998
2022-04-20 10:30:00,0.2957125
2022-04-21 10:30:00,0.82033753
2022-04-22 10:30:00,0.462475
2022-04-23 10:30:00,0.5146875
2022-04-24 10:30:00,0.4814125
2022-04-25 10:30:00,0.7223
2022-04-26 10:30:00,0.393475
2022-04-27 10:30:00,0.34086248
2022-04-28 10:30:00,0.24636249
2022-04-29 10:30:00,0.65409994
2022-04-30 10:30:00,0.4650375
2022-05-01 10:30:00,0.42752498
2022-05-02 10:30:00,0.38099998
2022-05-03 10:30:00,0.5359875
2022-05-04 10:30:00,0.49081248
2022-05-05 10:30:00,0.73338753
2022-05-06 10:30:00,0.336025
2022-05-07 10:30:00,0.2852875
2022-05-08 10:30:00,0.2934
2022-05-09 10:30:00,0.2345375
2022-05-10 10:30:00,0.7238375
2022-05-11 10:30:00,0.5223125
2022-05-12 10:30:00,0.5696875
2022-05-13 10:30:00,0.6575375
2022-05-14 10:30:00,0.4293375
2022-05-15 10:30:00,0.3540625
2022-05-16 10:30:00,0.3323375
2022-05-17 10:30:00,0.42791247
2022-05-18 10:30:00,0.4259375
2022-05-19 10:30:00,0.4712625
2022-05-20 10:30:00,0.321525
2022-05-21 10:30:00,0.432825
2022-05-22 10:30:00,0.39564997
2022-05-23 10:30:00,0.4317625
2022-05-24 10:30:00,0.8150875
2022-05-25 10:30:00,0.5231875
2022-05-26 10:30:00,0.50497496
2022-05-27 10:30:00,0.33544996
2022-05-28 10:30:00,0.4467125
2022-05-29 10:30:00,0.8334625
2022-05-30 10:30:00,0.729375
2022-05-31 10:30:00,0.65198743
2022-06-01 10:30:00,0.690925
2022-06-02 10:30:00,0.5164875
2022-06-03 10:30:00,0.579
2022-06-04 10:30:00,0.7316375
2022-06-05 10:30:00,0.6597625
2022-06-06 10:30:00,0.63605
2022-06-07 10:30:00,0.8853125
2022-06-08 10:30:00,0.70846254
2022-06-09 10:30:00,0.6660875
2022-06-10 10:30:00,0.65218747
2022-06-11 10:30:00,0.6965125
2022-06-12 10:30:00,0.89724994
2022-06-13 10:30:00,0.8177125
2022-06-14 10:30:00,0.83154994
2022-06-15 10:30:00,0.7454
2022-06-16 10:30:00,0.738525
2022-06-17 10:30:00,0.6754625
2022-06-18 10:30:00,0.5902875
2022-06-19 10:30:00,0.645225
2022-06-20 10:30:00,0.6873625
2022-06-21 10:30:00,0.5383
2022-06-22 10:30:00,0.5915375
2022-06-23 10:30:00,0.7465875
2022-06-24 10:30:00,0.812275
2022-06-25 10:30:00,0.798375
2022-06-26 10:30:00,0.71668744
2022-06-27 10:30:00,0.78248745
2022-06-28 10:30:00,0.701175
2022-06-29 10:30:00,0.7166125
2022-06-30 10:30:00,0.802975
2022-07-01 10:30:00,0.80522496
2022-07-02 10:30:00,0.83
2022-07-03 10:30:00,0.7811375
2022-07-04 10:30:00,0.7531875
2022-07-05 10:30:00,0.84145
2022-07-06 10:30:00,0.9267625
2022-07-07 10:30:00,0.729575
2022-07-08 10:30:00,0.71035004
2022-07-09 10:30:00,0.66699994
2022-07-10 10:30:00,0.68082494
2022-07-11 10:30:00,0.69474995
2022-07-12 10:30:00,0.61265
2022-07-13 10:30:00,0.8939499
2022-07-14 10:30:00,0.849625
2022-07-15 10:30:00,0.889225
2022-07-16 10:30:00,0.85482496
2022-07-17 10:30:00,0.8233125
2022-07-18 10:30:00,0.84627503
2022-07-19 10:30:00,0.7531875
2022-07-20 10:30:00,0.76106244
2022-07-21 10:30:00,0.79491246
2022-07-22 10:30:00,0.77248746
2022-07-23 10:30:00,0.87833744
2022-07-24 10:30:00,0.89257497
2022-07-25 10:30:00,0.82734996
2022-07-26 10:30:00,0.8931375
2022-07-27 10:30:00,0.897525
2022-07-28 10:30:00,0.89981246
2022-07-29 10:30:00,0.86190003
2022-07-30 10:30:00,0.83427495
2022-07-31 10:30:00,0.78371245
2022-08-01 10:30:00,0.75866246
2022-08-02 10:30:00,0.7687375
2022-08-03 10:30:00,0.767025
2022-08-04 10:30:00,0.9198375
2022-08-05 10:30:00,0.630275
2022-08-06 10:30:00,0.7496
2022-08-07 10:30:00,0.68277496
2022-08-08 10:30:00,0.6168125
2022-08-09 10:30:00,0.5954125
2022-08-10 10:30:00,0.60208744
2022-08-11 10:30:00,0.68084997
2022-08-12 10:30:00,0.66629994
2022-08-13 10:30:00,0.68154997
2022-08-14 10:30:00,0.8804875
2022-08-15 10:30:00,0.8816625
2022-08-16 10:30:00,0.727475
2022-08-17 10:30:00,0.66598743
2022-08-18 10:30:00,0.7624625
2022-08-19 10:30:00,0.6293875
2022-08-20 10:30:00,0.639425
2022-08-21 10:30:00,0.76974994
2022-08-22 10:30:00,0.7079875
2022-08-23 10:30:00,0.633025
2022-08-24 10:30:00,0.71525
2022-08-25 10:30:00,0.605775
2022-08-26 10:30:00,0.68382496
2022-08-27 10:30:00,0.664925
2022-08-28 10:30:00,0.71309996
2022-08-29 10:30:00,0.72732496
2022-08-30 10:30:00,0.8177125
2022-08-31 10:30:00,0.676425
2022-09-01 10:30:00,0.6268375
2022-09-02 10:30:00,0.65788746
2022-09-03 10:30:00,0.68803746
2022-09-04 10:30:00,0.7835375
2022-09-05 10:30:00,0.63836247
2022-09-06 10:30:00,0.72551244
2022-09-07 10:30:00,0.619075
2022-09-08 10:30:00,0.6236625
2022-09-09 10:30:00,0.6832875
2022-09-10 10:30:00,0.69606245
2022-09-11 10:30:00,0.678375
2022-09-12 10:30:00,0.663275
2022-09-13 10:30:00,0.68756247
2022-09-14 10:30:00,0.6975125
2022-09-15 10:30:00,0.7440124
2022-09-16 10:30:00,0.71945
2022-09-17 10:30:00,0.49256247
2022-09-18 10:30:00,0.45704997
2022-09-19 10:30:00,0.29565
2022-09-20 10:30:00,0.4785125
2022-09-21 10:30:00,0.44242498
2022-09-22 10:30:00,0.7943125
2022-09-23 10:30:00,0.6449375
2022-09-24 10:30:00,0.556525
2022-09-25 10:30:00,0.48131248
2022-09-26 10:30:00,0.5741875
2022-09-27 10:30:00,0.4587625
2022-09-28 10:30:00,0.5728125
2022-09-29 10:30:00,0.4982875
2022-09-30 10:30:00,0.856775
2022-10-01 10:30:00,0.78569996
2022-10-02 10:30:00,0.84047496
2022-10-03 10:30:00,0.5048125
2022-10-04 10:30:00,0.4775625
2022-10-05 10:30:00,0.51783746
2022-10-06 10:30:00,0.60103744
2022-10-07 10:30:00,0.6237
2022-10-08 10:30:00,0.7920375
2022-10-09 10:30:00,0.51388747
2022-10-10 10:30:00,0.4277625
2022-10-11 10:30:00,0.531475
2022-10-12 10:30:00,0.42854998
2022-10-13 10:30:00,0.5154
2022-10-14 10:30:00,0.44779998
2022-10-15 10:30:00,0.3524625
2022-10-16 10:30:00,0.46159998
2022-10-17 10:30:00,0.47827497
2022-10-18 10:30:00,0.56326246
2022-10-19 10:30:00,0.3743875
2022-10-20 10:30:00,0.4721125
2022-10-21 10:30:00,0.559725
2022-10-22 10:30:00,0.5576375
2022-10-23 10:30:00,0.5107375
2022-10-24 10:30:00,0.5667875
2022-10-25 10:30:00,0.4436
2022-10-26 10:30:00,0.5431
2022-10-27 10:30:00,0.5600375
2022-10-28 10:30:00,0.5652
2022-10-29 10:30:00,0.59964997
2022-10-30 10:30:00,0.6409375
2022-10-31 10:30:00,0.54171246
2022-11-01 10:30:00,0.41095
2022-11-02 10:30:00,0.3152
2022-11-03 10:30:00,0.4425125
2022-11-04 10:30:00,0.44021252
2022-11-05 10:30:00,0.521725
2022-11-06 10:30:00,0.54255
2022-11-07 10:30:00,0.610075
2022-11-08 10:30:00,0.55842495
2022-11-09 10:30:00,0.468875
2022-11-10 10:30:00,0.5600375
2022-11-11 10:30:00,0.49908748
2022-11-12 10:30:00,0.4835125
2022-11-13 10:30:00,0.5888375
2022-11-14 10:30:00,0.5941875
2022-11-15 10:30:00,0.5074125
2022-11-16 10:30:00,0.5720625
2022-11-17 10:30:00,0.5552625
2022-11-18 10:30:00,0.509875
2022-11-19 10:30:00,0.54675
2022-11-20 10:30:00,0.4908625
2022-11-21 10:30:00,0.5545625
2022-11-22 10:30:00,0.57831246
2022-11-23 10:30:00,0.626025
2022-11-24 10:30:00,0.86885
2022-11-25 10:30:00,0.5990875
2022-11-26 10:30:00,0.5408375
2022-11-27 10:30:00,0.79513747
2022-11-28 10:30:00,0.72037494
2022-11-29 10:30:00,0.4385625
2022-11-30 10:30:00,0.4294375
2022-12-01 10:30:00,0.5316125
2022-12-02 10:30:00,0.54295
2022-12-03 10:30:00,0.4691875
2022-12-04 10:30:00,0.52236253
2022-12-05 10:30:00,0.5132
2022-12-06 10:30:00,0.56589997
2022-12-07 10:30:00,0.5778125
2022-12-08 10:30:00,0.5923
2022-12-09 10:30:00,0.58814996
2022-12-10 10:30:00,0.6313375
2022-12-11 10:30:00,0.58727497
2022-12-12 10:30:00,0.4586875
2022-12-13 10:30:00,0.4018
2022-12-14 10:30:00,0.3604
2022-12-15 10:30:00,0.49011248
2022-12-16 10:30:00,0.46246248
2022-12-17 10:30:00,0.483275
2022-12-18 10:30:00,0.4456375
2022-12-19 10:30:00,0.564925
2022-12-20 10:30:00,0.732125
2022-12-21 10:30:00,0.5575625
2022-12-22 10:30:00,0.486725
2022-12-23 10:30:00,0.45779997
2022-12-24 10:30:00,0.4106375
2022-12-25 10:30:00,0.62272495
2022-12-26 10:30:00,0.71576244
2022-12-27 10:30:00,0.70275
2022-12-28 10:30:00,0.5524375
2022-12-29 10:30:00,0.5371125
2022-12-30 10:30:00,0.53255
2022-12-31 10:30:00,0.4838625
