time,rhum
2012-01-01 10:30:00,0.5808375
2012-01-02 10:30:00,0.65732497
2012-01-03 10:30:00,0.63537496
2012-01-04 10:30:00,0.57825
2012-01-05 10:30:00,0.59818745
2012-01-06 10:30:00,0.58871245
2012-01-07 10:30:00,0.56654996
2012-01-08 10:30:00,0.59411246
2012-01-09 10:30:00,0.6310875
2012-01-10 10:30:00,0.5634625
2012-01-11 10:30:00,0.60693747
2012-01-12 10:30:00,0.6634375
2012-01-13 10:30:00,0.66489995
2012-01-14 10:30:00,0.5759
2012-01-15 10:30:00,0.6388
2012-01-16 10:30:00,0.7152
2012-01-17 10:30:00,0.71367496
2012-01-18 10:30:00,0.67364997
2012-01-19 10:30:00,0.60905
2012-01-20 10:30:00,0.3859875
2012-01-21 10:30:00,0.35623747
2012-01-22 10:30:00,0.41099998
2012-01-23 10:30:00,0.4551625
2012-01-24 10:30:00,0.45388746
2012-01-25 10:30:00,0.49926248
2012-01-26 10:30:00,0.41893747
2012-01-27 10:30:00,0.43963748
2012-01-28 10:30:00,0.4159
2012-01-29 10:30:00,0.419875
2012-01-30 10:30:00,0.3679375
2012-01-31 10:30:00,0.379075
2012-02-01 10:30:00,0.3605875
2012-02-02 10:30:00,0.35834998
2012-02-03 10:30:00,0.37382498
2012-02-04 10:30:00,0.4505625
2012-02-05 10:30:00,0.3761
2012-02-06 10:30:00,0.3345125
2012-02-07 10:30:00,0.3418875
2012-02-08 10:30:00,0.39924997
2012-02-09 10:30:00,0.408
2012-02-10 10:30:00,0.3866875
2012-02-11 10:30:00,0.3936375
2012-02-12 10:30:00,0.49995
2012-02-13 10:30:00,0.40831247
2012-02-14 10:30:00,0.378725
2012-02-15 10:30:00,0.38648748
2012-02-16 10:30:00,0.393975
2012-02-17 10:30:00,0.41107497
2012-02-18 10:30:00,0.42599997
2012-02-19 10:30:00,0.37386248
2012-02-20 10:30:00,0.2728
2012-02-21 10:30:00,0.2945875
2012-02-22 10:30:00,0.289325
2012-02-23 10:30:00,0.41552502
2012-02-24 10:30:00,0.3993
2012-02-25 10:30:00,0.35834998
2012-02-26 10:30:00,0.45631248
2012-02-27 10:30:00,0.47415
2012-02-28 10:30:00,0.41702497
2012-02-29 10:30:00,0.42749998
2012-03-01 10:30:00,0.323875
2012-03-02 10:30:00,0.329875
2012-03-03 10:30:00,0.42174998
2012-03-04 10:30:00,0.5937875
2012-03-05 10:30:00,0.8295125
2012-03-06 10:30:00,0.61702496
2012-03-07 10:30:00,0.625475
2012-03-08 10:30:00,0.40568748
2012-03-09 10:30:00,0.4331875
2012-03-10 10:30:00,0.58797497
2012-03-11 10:30:00,0.4397875
2012-03-12 10:30:00,0.50053746
2012-03-13 10:30:00,0.4247
2012-03-14 10:30:00,0.49084997
2012-03-15 10:30:00,0.31575
2012-03-16 10:30:00,0.25575
2012-03-17 10:30:00,0.19337499
2012-03-18 10:30:00,0.3153
2012-03-19 10:30:00,0.267075
2012-03-20 10:30:00,0.28597498
2012-03-21 10:30:00,0.39098752
2012-03-22 10:30:00,0.25235
2012-03-23 10:30:00,0.53865
2012-03-24 10:30:00,0.3664125
2012-03-25 10:30:00,0.34542498
2012-03-26 10:30:00,0.3741875
2012-03-27 10:30:00,0.27401248
2012-03-28 10:30:00,0.2698125
2012-03-29 10:30:00,0.6336625
2012-03-30 10:30:00,0.52968746
2012-03-31 10:30:00,0.40162498
2012-04-01 10:30:00,0.3387625
2012-04-02 10:30:00,0.3032875
2012-04-03 10:30:00,0.43215
2012-04-04 10:30:00,0.458275
2012-04-05 10:30:00,0.3803
2012-04-06 10:30:00,0.3309875
2012-04-07 10:30:00,0.3459875
2012-04-08 10:30:00,0.5506875
2012-04-09 10:30:00,0.24925001
2012-04-10 10:30:00,0.260525
2012-04-11 10:30:00,0.3091
2012-04-12 10:30:00,0.35849997
2012-04-13 10:30:00,0.30017498
2012-04-14 10:30:00,0.64809996
2012-04-15 10:30:00,0.3635875
2012-04-16 10:30:00,0.33339998
2012-04-17 10:30:00,0.33715
2012-04-18 10:30:00,0.31346247
2012-04-19 10:30:00,0.3856375
2012-04-20 10:30:00,0.293525
2012-04-21 10:30:00,0.390575
2012-04-22 10:30:00,0.41597497
2012-04-23 10:30:00,0.4011875
2012-04-24 10:30:00,0.2242375
2012-04-25 10:30:00,0.2755875
2012-04-26 10:30:00,0.23130001
2012-04-27 10:30:00,0.621475
2012-04-28 10:30:00,0.36108747
2012-04-29 10:30:00,0.28257498
2012-04-30 10:30:00,0.277675
2012-05-01 10:30:00,0.22395
2012-05-02 10:30:00,0.32474998
2012-05-03 10:30:00,0.2012125
2012-05-04 10:30:00,0.20754999
2012-05-05 10:30:00,0.15808749
2012-05-06 10:30:00,0.292875
2012-05-07 10:30:00,0.3733375
2012-05-08 10:30:00,0.4406
2012-05-09 10:30:00,0.39116248
2012-05-10 10:30:00,0.45549998
2012-05-11 10:30:00,0.4177625
2012-05-12 10:30:00,0.7858625
2012-05-13 10:30:00,0.498725
2012-05-14 10:30:00,0.5977875
2012-05-15 10:30:00,0.6302625
2012-05-16 10:30:00,0.7635375
2012-05-17 10:30:00,0.4891875
2012-05-18 10:30:00,0.28591248
2012-05-19 10:30:00,0.223975
2012-05-20 10:30:00,0.31375
2012-05-21 10:30:00,0.31225
2012-05-22 10:30:00,0.27565
2012-05-23 10:30:00,0.33776248
2012-05-24 10:30:00,0.2907875
2012-05-25 10:30:00,0.364175
2012-05-26 10:30:00,0.4171125
2012-05-27 10:30:00,0.3932125
2012-05-28 10:30:00,0.4797125
2012-05-29 10:30:00,0.5237625
2012-05-30 10:30:00,0.74095
2012-05-31 10:30:00,0.63743746
2012-06-01 10:30:00,0.8227624
2012-06-02 10:30:00,0.849525
2012-06-03 10:30:00,0.7557125
2012-06-04 10:30:00,0.7672375
2012-06-05 10:30:00,0.63315
2012-06-06 10:30:00,0.81385
2012-06-07 10:30:00,0.69283754
2012-06-08 10:30:00,0.78638744
2012-06-09 10:30:00,0.69135
2012-06-10 10:30:00,0.6606749
2012-06-11 10:30:00,0.7679375
2012-06-12 10:30:00,0.9124624
2012-06-13 10:30:00,0.9082125
2012-06-14 10:30:00,0.8139875
2012-06-15 10:30:00,0.80044997
2012-06-16 10:30:00,0.77951247
2012-06-17 10:30:00,0.85288745
2012-06-18 10:30:00,0.7020625
2012-06-19 10:30:00,0.674725
2012-06-20 10:30:00,0.6958625
2012-06-21 10:30:00,0.64186245
2012-06-22 10:30:00,0.5863375
2012-06-23 10:30:00,0.64987504
2012-06-24 10:30:00,0.8407875
2012-06-25 10:30:00,0.86341244
2012-06-26 10:30:00,0.79069996
2012-06-27 10:30:00,0.7047875
2012-06-28 10:30:00,0.78833747
2012-06-29 10:30:00,0.7401999
2012-06-30 10:30:00,0.5371625
2012-07-01 10:30:00,0.75673753
2012-07-02 10:30:00,0.82261246
2012-07-03 10:30:00,0.80831254
2012-07-04 10:30:00,0.75644994
2012-07-05 10:30:00,0.741575
2012-07-06 10:30:00,0.70955
2012-07-07 10:30:00,0.671075
2012-07-08 10:30:00,0.80345
2012-07-09 10:30:00,0.7909375
2012-07-10 10:30:00,0.846975
2012-07-11 10:30:00,0.8732875
2012-07-12 10:30:00,0.82748747
2012-07-13 10:30:00,0.6923
2012-07-14 10:30:00,0.733125
2012-07-15 10:30:00,0.7442375
2012-07-16 10:30:00,0.6610375
2012-07-17 10:30:00,0.6366375
2012-07-18 10:30:00,0.7426625
2012-07-19 10:30:00,0.6956875
2012-07-20 10:30:00,0.75605
2012-07-21 10:30:00,0.79004997
2012-07-22 10:30:00,0.87605
2012-07-23 10:30:00,0.70432496
2012-07-24 10:30:00,0.78818744
2012-07-25 10:30:00,0.7920625
2012-07-26 10:30:00,0.761025
2012-07-27 10:30:00,0.7083125
2012-07-28 10:30:00,0.9276875
2012-07-29 10:30:00,0.85085
2012-07-30 10:30:00,0.772525
2012-07-31 10:30:00,0.7194125
2012-08-01 10:30:00,0.77316254
2012-08-02 10:30:00,0.8051999
2012-08-03 10:30:00,0.85741246
2012-08-04 10:30:00,0.79961246
2012-08-05 10:30:00,0.70577496
2012-08-06 10:30:00,0.7315125
2012-08-07 10:30:00,0.70936245
2012-08-08 10:30:00,0.6470125
2012-08-09 10:30:00,0.6166125
2012-08-10 10:30:00,0.8002625
2012-08-11 10:30:00,0.47932503
2012-08-12 10:30:00,0.653225
2012-08-13 10:30:00,0.676475
2012-08-14 10:30:00,0.6855625
2012-08-15 10:30:00,0.6211625
2012-08-16 10:30:00,0.61802495
2012-08-17 10:30:00,0.7133375
2012-08-18 10:30:00,0.640325
2012-08-19 10:30:00,0.591725
2012-08-20 10:30:00,0.62545
2012-08-21 10:30:00,0.5840375
2012-08-22 10:30:00,0.502075
2012-08-23 10:30:00,0.5821
2012-08-24 10:30:00,0.6483875
2012-08-25 10:30:00,0.6160625
2012-08-26 10:30:00,0.602975
2012-08-27 10:30:00,0.72349995
2012-08-28 10:30:00,0.5210625
2012-08-29 10:30:00,0.58762497
2012-08-30 10:30:00,0.6018875
2012-08-31 10:30:00,0.5804
2012-09-01 10:30:00,0.553775
2012-09-02 10:30:00,0.8909375
2012-09-03 10:30:00,0.802975
2012-09-04 10:30:00,0.8313375
2012-09-05 10:30:00,0.71622497
2012-09-06 10:30:00,0.60029995
2012-09-07 10:30:00,0.68442494
2012-09-08 10:30:00,0.7301125
2012-09-09 10:30:00,0.6647
2012-09-10 10:30:00,0.662175
2012-09-11 10:30:00,0.87293744
2012-09-12 10:30:00,0.77341247
2012-09-13 10:30:00,0.701175
2012-09-14 10:30:00,0.61101246
2012-09-15 10:30:00,0.6869
2012-09-16 10:30:00,0.6789
2012-09-17 10:30:00,0.672175
2012-09-18 10:30:00,0.7159375
2012-09-19 10:30:00,0.7346875
2012-09-20 10:30:00,0.6521125
2012-09-21 10:30:00,0.6775375
2012-09-22 10:30:00,0.77771246
2012-09-23 10:30:00,0.74885
2012-09-24 10:30:00,0.708525
2012-09-25 10:30:00,0.90366244
2012-09-26 10:30:00,0.65918744
2012-09-27 10:30:00,0.77529997
2012-09-28 10:30:00,0.52631253
2012-09-29 10:30:00,0.6303125
2012-09-30 10:30:00,0.6072125
2012-10-01 10:30:00,0.6002
2012-10-02 10:30:00,0.64318746
2012-10-03 10:30:00,0.8235
2012-10-04 10:30:00,0.56448746
2012-10-05 10:30:00,0.479075
2012-10-06 10:30:00,0.6072
2012-10-07 10:30:00,0.639025
2012-10-08 10:30:00,0.6548
2012-10-09 10:30:00,0.6353
2012-10-10 10:30:00,0.5448875
2012-10-11 10:30:00,0.62588745
2012-10-12 10:30:00,0.77998745
2012-10-13 10:30:00,0.71661246
2012-10-14 10:30:00,0.60394996
2012-10-15 10:30:00,0.645725
2012-10-16 10:30:00,0.70766246
2012-10-17 10:30:00,0.52262497
2012-10-18 10:30:00,0.492275
2012-10-19 10:30:00,0.41267502
2012-10-20 10:30:00,0.4415
2012-10-21 10:30:00,0.57542497
2012-10-22 10:30:00,0.6214
2012-10-23 10:30:00,0.64326245
2012-10-24 10:30:00,0.65597504
2012-10-25 10:30:00,0.631525
2012-10-26 10:30:00,0.5859375
2012-10-27 10:30:00,0.40686247
2012-10-28 10:30:00,0.42408746
2012-10-29 10:30:00,0.4980625
2012-10-30 10:30:00,0.630275
2012-10-31 10:30:00,0.6260875
2012-11-01 10:30:00,0.5834375
2012-11-02 10:30:00,0.48333746
2012-11-03 10:30:00,0.5840375
2012-11-04 10:30:00,0.82524997
2012-11-05 10:30:00,0.741175
2012-11-06 10:30:00,0.662725
2012-11-07 10:30:00,0.6070875
2012-11-08 10:30:00,0.548025
2012-11-09 10:30:00,0.63145
2012-11-10 10:30:00,0.6992625
2012-11-11 10:30:00,0.69246244
2012-11-12 10:30:00,0.59204996
2012-11-13 10:30:00,0.54732496
2012-11-14 10:30:00,0.61045
2012-11-15 10:30:00,0.52111244
2012-11-16 10:30:00,0.610275
2012-11-17 10:30:00,0.5781625
2012-11-18 10:30:00,0.7935375
2012-11-19 10:30:00,0.617975
2012-11-20 10:30:00,0.583925
2012-11-21 10:30:00,0.5539125
2012-11-22 10:30:00,0.545075
2012-11-23 10:30:00,0.60003746
2012-11-24 10:30:00,0.69216245
2012-11-25 10:30:00,0.55057496
2012-11-26 10:30:00,0.51217496
2012-11-27 10:30:00,0.67230004
2012-11-28 10:30:00,0.502525
2012-11-29 10:30:00,0.45548752
2012-11-30 10:30:00,0.45436248
2012-12-01 10:30:00,0.5747875
2012-12-02 10:30:00,0.6573625
2012-12-03 10:30:00,0.5068
2012-12-04 10:30:00,0.45401248
2012-12-05 10:30:00,0.36259997
2012-12-06 10:30:00,0.39291248
2012-12-07 10:30:00,0.47592497
2012-12-08 10:30:00,0.4924875
2012-12-09 10:30:00,0.6082875
2012-12-10 10:30:00,0.65981245
2012-12-11 10:30:00,0.6469375
2012-12-12 10:30:00,0.68497497
2012-12-13 10:30:00,0.5663
2012-12-14 10:30:00,0.642975
2012-12-15 10:30:00,0.71059996
2012-12-16 10:30:00,0.5487125
2012-12-17 10:30:00,0.459925
2012-12-18 10:30:00,0.45041248
2012-12-19 10:30:00,0.511375
2012-12-20 10:30:00,0.5154375
2012-12-21 10:30:00,0.44
2012-12-22 10:30:00,0.38963747
2012-12-23 10:30:00,0.3766375
2012-12-24 10:30:00,0.4159625
2012-12-25 10:30:00,0.3653375
2012-12-26 10:30:00,0.535825
2012-12-27 10:30:00,0.6356125
2012-12-28 10:30:00,0.70826244
2012-12-29 10:30:00,0.572425
2012-12-30 10:30:00,0.47597498
2012-12-31 10:30:00,0.523075
2013-01-01 10:30:00,0.39209998
2013-01-02 10:30:00,0.379975
2013-01-03 10:30:00,0.35428748
2013-01-04 10:30:00,0.37190002
2013-01-05 10:30:00,0.40701252
2013-01-06 10:30:00,0.5282
2013-01-07 10:30:00,0.45604998
2013-01-08 10:30:00,0.41417497
2013-01-09 10:30:00,0.4728
2013-01-10 10:30:00,0.49598747
2013-01-11 10:30:00,0.5432125
2013-01-12 10:30:00,0.53025
2013-01-13 10:30:00,0.5994375
2013-01-14 10:30:00,0.546125
2013-01-15 10:30:00,0.60760003
2013-01-16 10:30:00,0.49424997
2013-01-17 10:30:00,0.51575
2013-01-18 10:30:00,0.58366245
2013-01-19 10:30:00,0.58625
2013-01-20 10:30:00,0.66458744
2013-01-21 10:30:00,0.5883
2013-01-22 10:30:00,0.5730625
2013-01-23 10:30:00,0.5839
2013-01-24 10:30:00,0.36178747
2013-01-25 10:30:00,0.37757498
2013-01-26 10:30:00,0.512425
2013-01-27 10:30:00,0.62465
2013-01-28 10:30:00,0.66566247
2013-01-29 10:30:00,0.66638744
2013-01-30 10:30:00,0.677975
2013-01-31 10:30:00,0.61521244
2013-02-01 10:30:00,0.31645
2013-02-02 10:30:00,0.3728875
2013-02-03 10:30:00,0.572925
2013-02-04 10:30:00,0.4912875
2013-02-05 10:30:00,0.4915
2013-02-06 10:30:00,0.3732375
2013-02-07 10:30:00,0.37307498
2013-02-08 10:30:00,0.3843
2013-02-09 10:30:00,0.403725
2013-02-10 10:30:00,0.4274875
2013-02-11 10:30:00,0.4961375
2013-02-12 10:30:00,0.490125
2013-02-13 10:30:00,0.4219625
2013-02-14 10:30:00,0.39659998
2013-02-15 10:30:00,0.4205625
2013-02-16 10:30:00,0.6122625
2013-02-17 10:30:00,0.4132125
2013-02-18 10:30:00,0.32595
2013-02-19 10:30:00,0.3577
2013-02-20 10:30:00,0.4097
2013-02-21 10:30:00,0.44913748
2013-02-22 10:30:00,0.45318747
2013-02-23 10:30:00,0.282125
2013-02-24 10:30:00,0.4275875
2013-02-25 10:30:00,0.55101246
2013-02-26 10:30:00,0.69527495
2013-02-27 10:30:00,0.4449625
2013-02-28 10:30:00,0.6626125
2013-03-01 10:30:00,0.333275
2013-03-02 10:30:00,0.4792625
2013-03-03 10:30:00,0.47562498
2013-03-04 10:30:00,0.49965
2013-03-05 10:30:00,0.53835
2013-03-06 10:30:00,0.37825
2013-03-07 10:30:00,0.290375
2013-03-08 10:30:00,0.5495
2013-03-09 10:30:00,0.53494996
2013-03-10 10:30:00,0.4759875
2013-03-11 10:30:00,0.41872495
2013-03-12 10:30:00,0.33986253
2013-03-13 10:30:00,0.41028747
2013-03-14 10:30:00,0.41575
2013-03-15 10:30:00,0.61596245
2013-03-16 10:30:00,0.42921248
2013-03-17 10:30:00,0.3107
2013-03-18 10:30:00,0.387275
2013-03-19 10:30:00,0.37806252
2013-03-20 10:30:00,0.4156125
2013-03-21 10:30:00,0.46220002
2013-03-22 10:30:00,0.4057375
2013-03-23 10:30:00,0.47437498
2013-03-24 10:30:00,0.45243752
2013-03-25 10:30:00,0.39580002
2013-03-26 10:30:00,0.5402375
2013-03-27 10:30:00,0.46636248
2013-03-28 10:30:00,0.427475
2013-03-29 10:30:00,0.39665
2013-03-30 10:30:00,0.3669625
2013-03-31 10:30:00,0.3764125
2013-04-01 10:30:00,0.3866625
2013-04-02 10:30:00,0.31085
2013-04-03 10:30:00,0.2947
2013-04-04 10:30:00,0.3027375
2013-04-05 10:30:00,0.43989998
2013-04-06 10:30:00,0.361825
2013-04-07 10:30:00,0.34306252
2013-04-08 10:30:00,0.448825
2013-04-09 10:30:00,0.2902
2013-04-10 10:30:00,0.39213747
2013-04-11 10:30:00,0.38167498
2013-04-12 10:30:00,0.2771375
2013-04-13 10:30:00,0.289375
2013-04-14 10:30:00,0.23299998
2013-04-15 10:30:00,0.2701375
2013-04-16 10:30:00,0.30124998
2013-04-17 10:30:00,0.2550625
2013-04-18 10:30:00,0.314975
2013-04-19 10:30:00,0.2598
2013-04-20 10:30:00,0.28681248
2013-04-21 10:30:00,0.3190625
2013-04-22 10:30:00,0.34947497
2013-04-23 10:30:00,0.38895
2013-04-24 10:30:00,0.5862375
2013-04-25 10:30:00,0.636625
2013-04-26 10:30:00,0.347325
2013-04-27 10:30:00,0.47015
2013-04-28 10:30:00,0.65345
2013-04-29 10:30:00,0.8514375
2013-04-30 10:30:00,0.61595
2013-05-01 10:30:00,0.69135
2013-05-02 10:30:00,0.6054625
2013-05-03 10:30:00,0.4247
2013-05-04 10:30:00,0.322925
2013-05-05 10:30:00,0.3368875
2013-05-06 10:30:00,0.45295
2013-05-07 10:30:00,0.3009125
2013-05-08 10:30:00,0.47948748
2013-05-09 10:30:00,0.409475
2013-05-10 10:30:00,0.3276125
2013-05-11 10:30:00,0.509425
2013-05-12 10:30:00,0.7252375
2013-05-13 10:30:00,0.68392503
2013-05-14 10:30:00,0.81536245
2013-05-15 10:30:00,0.5938375
2013-05-16 10:30:00,0.472
2013-05-17 10:30:00,0.4816875
2013-05-18 10:30:00,0.2294
2013-05-19 10:30:00,0.39189997
2013-05-20 10:30:00,0.4987625
2013-05-21 10:30:00,0.604175
2013-05-22 10:30:00,0.41213748
2013-05-23 10:30:00,0.3272625
2013-05-24 10:30:00,0.36761248
2013-05-25 10:30:00,0.360575
2013-05-26 10:30:00,0.469775
2013-05-27 10:30:00,0.469425
2013-05-28 10:30:00,0.512975
2013-05-29 10:30:00,0.39607498
2013-05-30 10:30:00,0.48404998
2013-05-31 10:30:00,0.4199125
2013-06-01 10:30:00,0.5085
2013-06-02 10:30:00,0.5173375
2013-06-03 10:30:00,0.7569625
2013-06-04 10:30:00,0.6518125
2013-06-05 10:30:00,0.59631246
2013-06-06 10:30:00,0.8876875
2013-06-07 10:30:00,0.68341243
2013-06-08 10:30:00,0.78482497
2013-06-09 10:30:00,0.809575
2013-06-10 10:30:00,0.660375
2013-06-11 10:30:00,0.699925
2013-06-12 10:30:00,0.7853375
2013-06-13 10:30:00,0.72354996
2013-06-14 10:30:00,0.7237
2013-06-15 10:30:00,0.6485375
2013-06-16 10:30:00,0.6938875
2013-06-17 10:30:00,0.69934994
2013-06-18 10:30:00,0.66725
2013-06-19 10:30:00,0.73265
2013-06-20 10:30:00,0.72635
2013-06-21 10:30:00,0.731875
2013-06-22 10:30:00,0.66919994
2013-06-23 10:30:00,0.69603753
2013-06-24 10:30:00,0.734925
2013-06-25 10:30:00,0.8096
2013-06-26 10:30:00,0.856775
2013-06-27 10:30:00,0.92785
2013-06-28 10:30:00,0.647825
2013-06-29 10:30:00,0.9613125
2013-06-30 10:30:00,0.8611875
2013-07-01 10:30:00,0.8176625
2013-07-02 10:30:00,0.81114995
2013-07-03 10:30:00,0.73629993
2013-07-04 10:30:00,0.7149624
2013-07-05 10:30:00,0.60961246
2013-07-06 10:30:00,0.7111375
2013-07-07 10:30:00,0.69573754
2013-07-08 10:30:00,0.7541625
2013-07-09 10:30:00,0.67354995
2013-07-10 10:30:00,0.62119997
2013-07-11 10:30:00,0.6697625
2013-07-12 10:30:00,0.7626
2013-07-13 10:30:00,0.628025
2013-07-14 10:30:00,0.67260003
2013-07-15 10:30:00,0.87214994
2013-07-16 10:30:00,0.667575
2013-07-17 10:30:00,0.8162124
2013-07-18 10:30:00,0.89792496
2013-07-19 10:30:00,0.7508625
2013-07-20 10:30:00,0.7183125
2013-07-21 10:30:00,0.7062875
2013-07-22 10:30:00,0.8877375
2013-07-23 10:30:00,0.8834125
2013-07-24 10:30:00,0.8249875
2013-07-25 10:30:00,0.7489
2013-07-26 10:30:00,0.82607496
2013-07-27 10:30:00,0.89942497
2013-07-28 10:30:00,0.72667503
2013-07-29 10:30:00,0.815875
2013-07-30 10:30:00,0.7522625
2013-07-31 10:30:00,0.8579625
2013-08-01 10:30:00,0.900025
2013-08-02 10:30:00,0.9147625
2013-08-03 10:30:00,0.8392125
2013-08-04 10:30:00,0.82014996
2013-08-05 10:30:00,0.8444
2013-08-06 10:30:00,0.8383375
2013-08-07 10:30:00,0.73083746
2013-08-08 10:30:00,0.6875
2013-08-09 10:30:00,0.6817125
2013-08-10 10:30:00,0.729375
2013-08-11 10:30:00,0.71011245
2013-08-12 10:30:00,0.8154125
2013-08-13 10:30:00,0.72148746
2013-08-14 10:30:00,0.6542125
2013-08-15 10:30:00,0.692975
2013-08-16 10:30:00,0.8258875
2013-08-17 10:30:00,0.8705625
2013-08-18 10:30:00,0.71065
2013-08-19 10:30:00,0.7403875
2013-08-20 10:30:00,0.691675
2013-08-21 10:30:00,0.9133874
2013-08-22 10:30:00,0.71208745
2013-08-23 10:30:00,0.7309874
2013-08-24 10:30:00,0.6501125
2013-08-25 10:30:00,0.757825
2013-08-26 10:30:00,0.67792493
2013-08-27 10:30:00,0.7168125
2013-08-28 10:30:00,0.9475125
2013-08-29 10:30:00,0.66695
2013-08-30 10:30:00,0.740075
2013-08-31 10:30:00,0.7255625
2013-09-01 10:30:00,0.71386254
2013-09-02 10:30:00,0.72865
2013-09-03 10:30:00,0.710225
2013-09-04 10:30:00,0.75624996
2013-09-05 10:30:00,0.80781245
2013-09-06 10:30:00,0.8231875
2013-09-07 10:30:00,0.77617496
2013-09-08 10:30:00,0.74523747
2013-09-09 10:30:00,0.73992497
2013-09-10 10:30:00,0.63525
2013-09-11 10:30:00,0.61061245
2013-09-12 10:30:00,0.78028744
2013-09-13 10:30:00,0.76675004
2013-09-14 10:30:00,0.42978752
2013-09-15 10:30:00,0.5811
2013-09-16 10:30:00,0.5543375
2013-09-17 10:30:00,0.679275
2013-09-18 10:30:00,0.653
2013-09-19 10:30:00,0.6534625
2013-09-20 10:30:00,0.70905
2013-09-21 10:30:00,0.7452875
2013-09-22 10:30:00,0.59209996
2013-09-23 10:30:00,0.48553747
2013-09-24 10:30:00,0.5276625
2013-09-25 10:30:00,0.5196875
2013-09-26 10:30:00,0.54461247
2013-09-27 10:30:00,0.4194625
2013-09-28 10:30:00,0.518525
2013-09-29 10:30:00,0.5065625
2013-09-30 10:30:00,0.497975
2013-10-01 10:30:00,0.432575
2013-10-02 10:30:00,0.37436247
2013-10-03 10:30:00,0.36115
2013-10-04 10:30:00,0.3902
2013-10-05 10:30:00,0.3419
2013-10-06 10:30:00,0.463725
2013-10-07 10:30:00,0.43136248
2013-10-08 10:30:00,0.36795002
2013-10-09 10:30:00,0.5436625
2013-10-10 10:30:00,0.89113754
2013-10-11 10:30:00,0.6883875
2013-10-12 10:30:00,0.536175
2013-10-13 10:30:00,0.5624125
2013-10-14 10:30:00,0.44068748
2013-10-15 10:30:00,0.5423875
2013-10-16 10:30:00,0.5506375
2013-10-17 10:30:00,0.5819625
2013-10-18 10:30:00,0.63831246
2013-10-19 10:30:00,0.697075
2013-10-20 10:30:00,0.760025
2013-10-21 10:30:00,0.84989995
2013-10-22 10:30:00,0.8762
2013-10-23 10:30:00,0.7983999
2013-10-24 10:30:00,0.66999996
2013-10-25 10:30:00,0.638725
2013-10-26 10:30:00,0.7054875
2013-10-27 10:30:00,0.710975
2013-10-28 10:30:00,0.6471875
2013-10-29 10:30:00,0.59678745
2013-10-30 10:30:00,0.56374997
2013-10-31 10:30:00,0.61505
2013-11-01 10:30:00,0.7160125
2013-11-02 10:30:00,0.61843747
2013-11-03 10:30:00,0.5634
2013-11-04 10:30:00,0.60095
2013-11-05 10:30:00,0.72699994
2013-11-06 10:30:00,0.6485125
2013-11-07 10:30:00,0.8113375
2013-11-08 10:30:00,0.7425
2013-11-09 10:30:00,0.4639125
2013-11-10 10:30:00,0.44722497
2013-11-11 10:30:00,0.55895
2013-11-12 10:30:00,0.583825
2013-11-13 10:30:00,0.6336125
2013-11-14 10:30:00,0.577275
2013-11-15 10:30:00,0.612275
2013-11-16 10:30:00,0.5922875
2013-11-17 10:30:00,0.507125
2013-11-18 10:30:00,0.3397375
2013-11-19 10:30:00,0.278925
2013-11-20 10:30:00,0.5177
2013-11-21 10:30:00,0.6206
2013-11-22 10:30:00,0.61225
2013-11-23 10:30:00,0.5790375
2013-11-24 10:30:00,0.4618125
2013-11-25 10:30:00,0.44809997
2013-11-26 10:30:00,0.43485
2013-11-27 10:30:00,0.38253748
2013-11-28 10:30:00,0.38163748
2013-11-29 10:30:00,0.4189125
2013-11-30 10:30:00,0.357775
2013-12-01 10:30:00,0.43346247
2013-12-02 10:30:00,0.591575
2013-12-03 10:30:00,0.53445
2013-12-04 10:30:00,0.4321625
2013-12-05 10:30:00,0.41647497
2013-12-06 10:30:00,0.5570625
2013-12-07 10:30:00,0.68653744
2013-12-08 10:30:00,0.756725
2013-12-09 10:30:00,0.606425
2013-12-10 10:30:00,0.65068746
2013-12-11 10:30:00,0.6229625
2013-12-12 10:30:00,0.4411375
2013-12-13 10:30:00,0.42544997
2013-12-14 10:30:00,0.4496125
2013-12-15 10:30:00,0.683975
2013-12-16 10:30:00,0.74275
2013-12-17 10:30:00,0.7317875
2013-12-18 10:30:00,0.6673375
2013-12-19 10:30:00,0.69203746
2013-12-20 10:30:00,0.57355
2013-12-21 10:30:00,0.64248747
2013-12-22 10:30:00,0.5937375
2013-12-23 10:30:00,0.6554
2013-12-24 10:30:00,0.678375
2013-12-25 10:30:00,0.74106246
2013-12-26 10:30:00,0.5652625
2013-12-27 10:30:00,0.5879625
2013-12-28 10:30:00,0.49785
2013-12-29 10:30:00,0.54856247
2013-12-30 10:30:00,0.62866247
2013-12-31 10:30:00,0.5109875
2014-01-01 10:30:00,0.38513747
2014-01-02 10:30:00,0.502625
2014-01-03 10:30:00,0.5205
2014-01-04 10:30:00,0.6324625
2014-01-05 10:30:00,0.6832375
2014-01-06 10:30:00,0.60585
2014-01-07 10:30:00,0.40435
2014-01-08 10:30:00,0.41224998
2014-01-09 10:30:00,0.47306252
2014-01-10 10:30:00,0.5454375
2014-01-11 10:30:00,0.38729998
2014-01-12 10:30:00,0.33333752
2014-01-13 10:30:00,0.461725
2014-01-14 10:30:00,0.61637497
2014-01-15 10:30:00,0.6147625
2014-01-16 10:30:00,0.55742496
2014-01-17 10:30:00,0.5442375
2014-01-18 10:30:00,0.55915
2014-01-19 10:30:00,0.7151
2014-01-20 10:30:00,0.62195
2014-01-21 10:30:00,0.566025
2014-01-22 10:30:00,0.68675
2014-01-23 10:30:00,0.5858375
2014-01-24 10:30:00,0.5405625
2014-01-25 10:30:00,0.4311125
2014-01-26 10:30:00,0.60232496
2014-01-27 10:30:00,0.3877875
2014-01-28 10:30:00,0.44718748
2014-01-29 10:30:00,0.49386248
2014-01-30 10:30:00,0.4591875
2014-01-31 10:30:00,0.43022498
2014-02-01 10:30:00,0.4465
2014-02-02 10:30:00,0.31355
2014-02-03 10:30:00,0.3866125
2014-02-04 10:30:00,0.44663748
2014-02-05 10:30:00,0.48193747
2014-02-06 10:30:00,0.46252498
2014-02-07 10:30:00,0.4767625
2014-02-08 10:30:00,0.62307495
2014-02-09 10:30:00,0.4943125
2014-02-10 10:30:00,0.5607
2014-02-11 10:30:00,0.566525
2014-02-12 10:30:00,0.47051248
2014-02-13 10:30:00,0.5939625
2014-02-14 10:30:00,0.72139996
2014-02-15 10:30:00,0.6832875
2014-02-16 10:30:00,0.6779
2014-02-17 10:30:00,0.5382625
2014-02-18 10:30:00,0.5904
2014-02-19 10:30:00,0.61544997
2014-02-20 10:30:00,0.65248746
2014-02-21 10:30:00,0.64735
2014-02-22 10:30:00,0.55885
2014-02-23 10:30:00,0.5755625
2014-02-24 10:30:00,0.5880625
2014-02-25 10:30:00,0.68642503
2014-02-26 10:30:00,0.536675
2014-02-27 10:30:00,0.324325
2014-02-28 10:30:00,0.43951246
2014-03-01 10:30:00,0.428825
2014-03-02 10:30:00,0.4395
2014-03-03 10:30:00,0.40281248
2014-03-04 10:30:00,0.40745
2014-03-05 10:30:00,0.37985
2014-03-06 10:30:00,0.37588748
2014-03-07 10:30:00,0.3568125
2014-03-08 10:30:00,0.314975
2014-03-09 10:30:00,0.26438752
2014-03-10 10:30:00,0.2445125
2014-03-11 10:30:00,0.4125
2014-03-12 10:30:00,0.42053747
2014-03-13 10:30:00,0.394575
2014-03-14 10:30:00,0.39055
2014-03-15 10:30:00,0.402475
2014-03-16 10:30:00,0.3968125
2014-03-17 10:30:00,0.4946625
2014-03-18 10:30:00,0.38364998
2014-03-19 10:30:00,0.44747502
2014-03-20 10:30:00,0.395075
2014-03-21 10:30:00,0.396375
2014-03-22 10:30:00,0.3075125
2014-03-23 10:30:00,0.4121
2014-03-24 10:30:00,0.36816248
2014-03-25 10:30:00,0.35875
2014-03-26 10:30:00,0.525325
2014-03-27 10:30:00,0.4163875
2014-03-28 10:30:00,0.40193748
2014-03-29 10:30:00,0.32818747
2014-03-30 10:30:00,0.23132499
2014-03-31 10:30:00,0.3256125
2014-04-01 10:30:00,0.5406375
2014-04-02 10:30:00,0.37998748
2014-04-03 10:30:00,0.402575
2014-04-04 10:30:00,0.59045
2014-04-05 10:30:00,0.40017498
2014-04-06 10:30:00,0.2870375
2014-04-07 10:30:00,0.34136248
2014-04-08 10:30:00,0.400475
2014-04-09 10:30:00,0.3886625
2014-04-10 10:30:00,0.313975
2014-04-11 10:30:00,0.3171375
2014-04-12 10:30:00,0.41947502
2014-04-13 10:30:00,0.31024998
2014-04-14 10:30:00,0.2133375
2014-04-15 10:30:00,0.1865625
2014-04-16 10:30:00,0.2189875
2014-04-17 10:30:00,0.5468625
2014-04-18 10:30:00,0.379775
2014-04-19 10:30:00,0.64965004
2014-04-20 10:30:00,0.649075
2014-04-21 10:30:00,0.3893
2014-04-22 10:30:00,0.4023375
2014-04-23 10:30:00,0.34037498
2014-04-24 10:30:00,0.335825
2014-04-25 10:30:00,0.286425
2014-04-26 10:30:00,0.404375
2014-04-27 10:30:00,0.36208746
2014-04-28 10:30:00,0.3315625
2014-04-29 10:30:00,0.2522625
2014-04-30 10:30:00,0.23985
2014-05-01 10:30:00,0.55315
2014-05-02 10:30:00,0.4982
2014-05-03 10:30:00,0.326925
2014-05-04 10:30:00,0.2754375
2014-05-05 10:30:00,0.3506875
2014-05-06 10:30:00,0.49654996
2014-05-07 10:30:00,0.3754
2014-05-08 10:30:00,0.4281375
2014-05-09 10:30:00,0.33525002
2014-05-10 10:30:00,0.7869375
2014-05-11 10:30:00,0.76506245
2014-05-12 10:30:00,0.71665
2014-05-13 10:30:00,0.73885
2014-05-14 10:30:00,0.8252375
2014-05-15 10:30:00,0.717225
2014-05-16 10:30:00,0.8901
2014-05-17 10:30:00,0.72621244
2014-05-18 10:30:00,0.8279
2014-05-19 10:30:00,0.78147495
2014-05-20 10:30:00,0.68982494
2014-05-21 10:30:00,0.59765
2014-05-22 10:30:00,0.59388745
2014-05-23 10:30:00,0.49596247
2014-05-24 10:30:00,0.66458744
2014-05-25 10:30:00,0.7203625
2014-05-26 10:30:00,0.694825
2014-05-27 10:30:00,0.591575
2014-05-28 10:30:00,0.38529998
2014-05-29 10:30:00,0.3865125
2014-05-30 10:30:00,0.4348875
2014-05-31 10:30:00,0.47226247
2014-06-01 10:30:00,0.43711248
2014-06-02 10:30:00,0.4438375
2014-06-03 10:30:00,0.607325
2014-06-04 10:30:00,0.5436375
2014-06-05 10:30:00,0.5737875
2014-06-06 10:30:00,0.47482497
2014-06-07 10:30:00,0.562625
2014-06-08 10:30:00,0.93663746
2014-06-09 10:30:00,0.8712
2014-06-10 10:30:00,0.78818744
2014-06-11 10:30:00,0.7967875
2014-06-12 10:30:00,0.69003755
2014-06-13 10:30:00,0.55733746
2014-06-14 10:30:00,0.55562496
2014-06-15 10:30:00,0.6234625
2014-06-16 10:30:00,0.742675
2014-06-17 10:30:00,0.74974996
2014-06-18 10:30:00,0.646975
2014-06-19 10:30:00,0.670775
2014-06-20 10:30:00,0.77356243
2014-06-21 10:30:00,0.80541253
2014-06-22 10:30:00,0.6402625
2014-06-23 10:30:00,0.6335375
2014-06-24 10:30:00,0.68302494
2014-06-25 10:30:00,0.7786125
2014-06-26 10:30:00,0.8093875
2014-06-27 10:30:00,0.6827875
2014-06-28 10:30:00,0.6769625
2014-06-29 10:30:00,0.6123125
2014-06-30 10:30:00,0.6574375
2014-07-01 10:30:00,0.69
2014-07-02 10:30:00,0.73209995
2014-07-03 10:30:00,0.77985
2014-07-04 10:30:00,0.65117496
2014-07-05 10:30:00,0.7159375
2014-07-06 10:30:00,0.71217495
2014-07-07 10:30:00,0.8922875
2014-07-08 10:30:00,0.59218746
2014-07-09 10:30:00,0.65433747
2014-07-10 10:30:00,0.758125
2014-07-11 10:30:00,0.7934874
2014-07-12 10:30:00,0.74885
2014-07-13 10:30:00,0.79491246
2014-07-14 10:30:00,0.67661244
2014-07-15 10:30:00,0.8361
2014-07-16 10:30:00,0.8753625
2014-07-17 10:30:00,0.8216625
2014-07-18 10:30:00,0.790775
2014-07-19 10:30:00,0.71887493
2014-07-20 10:30:00,0.8087625
2014-07-21 10:30:00,0.67231244
2014-07-22 10:30:00,0.69285
2014-07-23 10:30:00,0.6301625
2014-07-24 10:30:00,0.6359125
2014-07-25 10:30:00,0.74066246
2014-07-26 10:30:00,0.76989996
2014-07-27 10:30:00,0.7583875
2014-07-28 10:30:00,0.642225
2014-07-29 10:30:00,0.69955
2014-07-30 10:30:00,0.7750375
2014-07-31 10:30:00,0.7376
2014-08-01 10:30:00,0.6551625
2014-08-02 10:30:00,0.811875
2014-08-03 10:30:00,0.634725
2014-08-04 10:30:00,0.6469125
2014-08-05 10:30:00,0.75893754
2014-08-06 10:30:00,0.720625
2014-08-07 10:30:00,0.69888747
2014-08-08 10:30:00,0.64832497
2014-08-09 10:30:00,0.7829875
2014-08-10 10:30:00,0.9039125
2014-08-11 10:30:00,0.690175
2014-08-12 10:30:00,0.6713625
2014-08-13 10:30:00,0.731025
2014-08-14 10:30:00,0.8694999
2014-08-15 10:30:00,0.79225
2014-08-16 10:30:00,0.93025
2014-08-17 10:30:00,0.798575
2014-08-18 10:30:00,0.67606246
2014-08-19 10:30:00,0.83054996
2014-08-20 10:30:00,0.88549995
2014-08-21 10:30:00,0.7540249
2014-08-22 10:30:00,0.7850625
2014-08-23 10:30:00,0.7914375
2014-08-24 10:30:00,0.78205
2014-08-25 10:30:00,0.9187375
2014-08-26 10:30:00,0.79599994
2014-08-27 10:30:00,0.76098746
2014-08-28 10:30:00,0.8633625
2014-08-29 10:30:00,0.7572249
2014-08-30 10:30:00,0.7163375
2014-08-31 10:30:00,0.80132496
2014-09-01 10:30:00,0.6168375
2014-09-02 10:30:00,0.775575
2014-09-03 10:30:00,0.82464993
2014-09-04 10:30:00,0.74091244
2014-09-05 10:30:00,0.7503375
2014-09-06 10:30:00,0.7528875
2014-09-07 10:30:00,0.75013745
2014-09-08 10:30:00,0.533725
2014-09-09 10:30:00,0.5749
2014-09-10 10:30:00,0.6862875
2014-09-11 10:30:00,0.73735
2014-09-12 10:30:00,0.73459995
2014-09-13 10:30:00,0.6642625
2014-09-14 10:30:00,0.50415
2014-09-15 10:30:00,0.548275
2014-09-16 10:30:00,0.654325
2014-09-17 10:30:00,0.6654625
2014-09-18 10:30:00,0.6447875
2014-09-19 10:30:00,0.668825
2014-09-20 10:30:00,0.7786125
2014-09-21 10:30:00,0.7392375
2014-09-22 10:30:00,0.8162625
2014-09-23 10:30:00,0.65677494
2014-09-24 10:30:00,0.6038375
2014-09-25 10:30:00,0.500025
2014-09-26 10:30:00,0.89495003
2014-09-27 10:30:00,0.584775
2014-09-28 10:30:00,0.6087125
2014-09-29 10:30:00,0.4884375
2014-09-30 10:30:00,0.492675
2014-10-01 10:30:00,0.55943745
2014-10-02 10:30:00,0.5777875
2014-10-03 10:30:00,0.4611375
2014-10-04 10:30:00,0.5010125
2014-10-05 10:30:00,0.5011
2014-10-06 10:30:00,0.51401246
2014-10-07 10:30:00,0.43705
2014-10-08 10:30:00,0.7077375
2014-10-09 10:30:00,0.6950875
2014-10-10 10:30:00,0.858875
2014-10-11 10:30:00,0.65058744
2014-10-12 10:30:00,0.4629
2014-10-13 10:30:00,0.487225
2014-10-14 10:30:00,0.4513375
2014-10-15 10:30:00,0.379075
2014-10-16 10:30:00,0.4103625
2014-10-17 10:30:00,0.51331246
2014-10-18 10:30:00,0.458375
2014-10-19 10:30:00,0.2665875
2014-10-20 10:30:00,0.315675
2014-10-21 10:30:00,0.41146246
2014-10-22 10:30:00,0.44332498
2014-10-23 10:30:00,0.488425
2014-10-24 10:30:00,0.60807496
2014-10-25 10:30:00,0.5301375
2014-10-26 10:30:00,0.41667497
2014-10-27 10:30:00,0.48984998
2014-10-28 10:30:00,0.4757875
2014-10-29 10:30:00,0.44912496
2014-10-30 10:30:00,0.86903745
2014-10-31 10:30:00,0.9060125
2014-11-01 10:30:00,0.615
2014-11-02 10:30:00,0.5300125
2014-11-03 10:30:00,0.66875
2014-11-04 10:30:00,0.6601375
2014-11-05 10:30:00,0.5328125
2014-11-06 10:30:00,0.4202875
2014-11-07 10:30:00,0.398175
2014-11-08 10:30:00,0.4874625
2014-11-09 10:30:00,0.4854
2014-11-10 10:30:00,0.46905
2014-11-11 10:30:00,0.38733748
2014-11-12 10:30:00,0.36194998
2014-11-13 10:30:00,0.42095
2014-11-14 10:30:00,0.49599996
2014-11-15 10:30:00,0.60676247
2014-11-16 10:30:00,0.6002
2014-11-17 10:30:00,0.598025
2014-11-18 10:30:00,0.528875
2014-11-19 10:30:00,0.6923
2014-11-20 10:30:00,0.700075
2014-11-21 10:30:00,0.50984997
2014-11-22 10:30:00,0.61345
2014-11-23 10:30:00,0.49185
2014-11-24 10:30:00,0.57189995
2014-11-25 10:30:00,0.5203625
2014-11-26 10:30:00,0.345
2014-11-27 10:30:00,0.4682375
2014-11-28 10:30:00,0.5775375
2014-11-29 10:30:00,0.6111375
2014-11-30 10:30:00,0.48709998
2014-12-01 10:30:00,0.2666875
2014-12-02 10:30:00,0.2868875
2014-12-03 10:30:00,0.348
2014-12-04 10:30:00,0.38555
2014-12-05 10:30:00,0.401925
2014-12-06 10:30:00,0.47795
2014-12-07 10:30:00,0.5428875
2014-12-08 10:30:00,0.5483
2014-12-09 10:30:00,0.5866125
2014-12-10 10:30:00,0.7693875
2014-12-11 10:30:00,0.6141125
2014-12-12 10:30:00,0.500875
2014-12-13 10:30:00,0.5427375
2014-12-14 10:30:00,0.65927494
2014-12-15 10:30:00,0.5418125
2014-12-16 10:30:00,0.4935375
2014-12-17 10:30:00,0.5691625
2014-12-18 10:30:00,0.69873744
2014-12-19 10:30:00,0.61611253
2014-12-20 10:30:00,0.5209
2014-12-21 10:30:00,0.5966
2014-12-22 10:30:00,0.73845
2014-12-23 10:30:00,0.59585
2014-12-24 10:30:00,0.5561375
2014-12-25 10:30:00,0.482975
2014-12-26 10:30:00,0.70154995
2014-12-27 10:30:00,0.614325
2014-12-28 10:30:00,0.64226246
2014-12-29 10:30:00,0.73434997
2014-12-30 10:30:00,0.54771245
2014-12-31 10:30:00,0.4660625
2015-01-01 10:30:00,0.424525
2015-01-02 10:30:00,0.6066375
2015-01-03 10:30:00,0.634125
2015-01-04 10:30:00,0.6619625
2015-01-05 10:30:00,0.33759996
2015-01-06 10:30:00,0.25835
2015-01-07 10:30:00,0.4785
2015-01-08 10:30:00,0.5948125
2015-01-09 10:30:00,0.6410125
2015-01-10 10:30:00,0.6211125
2015-01-11 10:30:00,0.6048
2015-01-12 10:30:00,0.64239997
2015-01-13 10:30:00,0.6829125
2015-01-14 10:30:00,0.74211246
2015-01-15 10:30:00,0.74714994
2015-01-16 10:30:00,0.390325
2015-01-17 10:30:00,0.5084375
2015-01-18 10:30:00,0.64059997
2015-01-19 10:30:00,0.60889995
2015-01-20 10:30:00,0.65135
2015-01-21 10:30:00,0.63444996
2015-01-22 10:30:00,0.65257496
2015-01-23 10:30:00,0.610125
2015-01-24 10:30:00,0.575175
2015-01-25 10:30:00,0.3680625
2015-01-26 10:30:00,0.3610625
2015-01-27 10:30:00,0.40506247
2015-01-28 10:30:00,0.4176
2015-01-29 10:30:00,0.3968125
2015-01-30 10:30:00,0.4095375
2015-01-31 10:30:00,0.4862625
2015-02-01 10:30:00,0.51177496
2015-02-02 10:30:00,0.5468875
2015-02-03 10:30:00,0.5365625
2015-02-04 10:30:00,0.5142375
2015-02-05 10:30:00,0.507375
2015-02-06 10:30:00,0.3227375
2015-02-07 10:30:00,0.25755
2015-02-08 10:30:00,0.31215
2015-02-09 10:30:00,0.38864997
2015-02-10 10:30:00,0.35904998
2015-02-11 10:30:00,0.47158748
2015-02-12 10:30:00,0.3832875
2015-02-13 10:30:00,0.4549625
2015-02-14 10:30:00,0.574525
2015-02-15 10:30:00,0.5109125
2015-02-16 10:30:00,0.58919996
2015-02-17 10:30:00,0.385625
2015-02-18 10:30:00,0.330875
2015-02-19 10:30:00,0.44312498
2015-02-20 10:30:00,0.38791248
2015-02-21 10:30:00,0.85818744
2015-02-22 10:30:00,0.525625
2015-02-23 10:30:00,0.39403751
2015-02-24 10:30:00,0.510475
2015-02-25 10:30:00,0.5147
2015-02-26 10:30:00,0.5132375
2015-02-27 10:30:00,0.44298747
2015-02-28 10:30:00,0.487075
2015-03-01 10:30:00,0.45334998
2015-03-02 10:30:00,0.40651247
2015-03-03 10:30:00,0.5170375
2015-03-04 10:30:00,0.40228748
2015-03-05 10:30:00,0.39769998
2015-03-06 10:30:00,0.2830625
2015-03-07 10:30:00,0.31838748
2015-03-08 10:30:00,0.33412498
2015-03-09 10:30:00,0.291625
2015-03-10 10:30:00,0.27511248
2015-03-11 10:30:00,0.29303747
2015-03-12 10:30:00,0.4108
2015-03-13 10:30:00,0.4054
2015-03-14 10:30:00,0.36108747
2015-03-15 10:30:00,0.29503748
2015-03-16 10:30:00,0.2919125
2015-03-17 10:30:00,0.30214998
2015-03-18 10:30:00,0.3847625
2015-03-19 10:30:00,0.29506248
2015-03-20 10:30:00,0.2787375
2015-03-21 10:30:00,0.19068749
2015-03-22 10:30:00,0.23227501
2015-03-23 10:30:00,0.260525
2015-03-24 10:30:00,0.3373125
2015-03-25 10:30:00,0.23664999
2015-03-26 10:30:00,0.1899
2015-03-27 10:30:00,0.40291247
2015-03-28 10:30:00,0.43235
2015-03-29 10:30:00,0.28692502
2015-03-30 10:30:00,0.34056252
2015-03-31 10:30:00,0.21564998
2015-04-01 10:30:00,0.21688749
2015-04-02 10:30:00,0.752275
2015-04-03 10:30:00,0.4771625
2015-04-04 10:30:00,0.8288125
2015-04-05 10:30:00,0.5475875
2015-04-06 10:30:00,0.4669625
2015-04-07 10:30:00,0.51466244
2015-04-08 10:30:00,0.61817497
2015-04-09 10:30:00,0.43351248
2015-04-10 10:30:00,0.4715
2015-04-11 10:30:00,0.4140125
2015-04-12 10:30:00,0.309
2015-04-13 10:30:00,0.24552499
2015-04-14 10:30:00,0.396375
2015-04-15 10:30:00,0.4125
2015-04-16 10:30:00,0.3577
2015-04-17 10:30:00,0.234
2015-04-18 10:30:00,0.233475
2015-04-19 10:30:00,0.2417
2015-04-20 10:30:00,0.261275
2015-04-21 10:30:00,0.2679
2015-04-22 10:30:00,0.2795125
2015-04-23 10:30:00,0.3802875
2015-04-24 10:30:00,0.258675
2015-04-25 10:30:00,0.3384375
2015-04-26 10:30:00,0.28544998
2015-04-27 10:30:00,0.30926248
2015-04-28 10:30:00,0.34865
2015-04-29 10:30:00,0.17702499
2015-04-30 10:30:00,0.0892
2015-05-01 10:30:00,0.46926248
2015-05-02 10:30:00,0.3913375
2015-05-03 10:30:00,0.31905
2015-05-04 10:30:00,0.2356125
2015-05-05 10:30:00,0.3986125
2015-05-06 10:30:00,0.385275
2015-05-07 10:30:00,0.8681875
2015-05-08 10:30:00,0.6608625
2015-05-09 10:30:00,0.39369997
2015-05-10 10:30:00,0.36779997
2015-05-11 10:30:00,0.887275
2015-05-12 10:30:00,0.8031625
2015-05-13 10:30:00,0.6472125
2015-05-14 10:30:00,0.2517625
2015-05-15 10:30:00,0.2547125
2015-05-16 10:30:00,0.34905
2015-05-17 10:30:00,0.524825
2015-05-18 10:30:00,0.83296245
2015-05-19 10:30:00,0.585875
2015-05-20 10:30:00,0.3724875
2015-05-21 10:30:00,0.34561247
2015-05-22 10:30:00,0.29569998
2015-05-23 10:30:00,0.42686248
2015-05-24 10:30:00,0.36846247
2015-05-25 10:30:00,0.67912495
2015-05-26 10:30:00,0.601175
2015-05-27 10:30:00,0.501775
2015-05-28 10:30:00,0.7412875
2015-05-29 10:30:00,0.5952125
2015-05-30 10:30:00,0.52463746
2015-05-31 10:30:00,0.5487125
2015-06-01 10:30:00,0.5329125
2015-06-02 10:30:00,0.57299995
2015-06-03 10:30:00,0.44826248
2015-06-04 10:30:00,0.6625875
2015-06-05 10:30:00,0.9691375
2015-06-06 10:30:00,0.81535
2015-06-07 10:30:00,0.67342496
2015-06-08 10:30:00,0.67511255
2015-06-09 10:30:00,0.64888746
2015-06-10 10:30:00,0.802275
2015-06-11 10:30:00,0.91699994
2015-06-12 10:30:00,0.9052624
2015-06-13 10:30:00,0.74985
2015-06-14 10:30:00,0.625825
2015-06-15 10:30:00,0.5444625
2015-06-16 10:30:00,0.7290625
2015-06-17 10:30:00,0.9330625
2015-06-18 10:30:00,0.89175004
2015-06-19 10:30:00,0.75293744
2015-06-20 10:30:00,0.6614125
2015-06-21 10:30:00,0.6022125
2015-06-22 10:30:00,0.67723745
2015-06-23 10:30:00,0.76044995
2015-06-24 10:30:00,0.810575
2015-06-25 10:30:00,0.49732497
2015-06-26 10:30:00,0.596325
2015-06-27 10:30:00,0.6878375
2015-06-28 10:30:00,0.56998754
2015-06-29 10:30:00,0.52695
2015-06-30 10:30:00,0.77801245
2015-07-01 10:30:00,0.80303746
2015-07-02 10:30:00,0.85525
2015-07-03 10:30:00,0.7029
2015-07-04 10:30:00,0.657925
2015-07-05 10:30:00,0.66952497
2015-07-06 10:30:00,0.6451875
2015-07-07 10:30:00,0.64775
2015-07-08 10:30:00,0.65287495
2015-07-09 10:30:00,0.7099125
2015-07-10 10:30:00,0.6742875
2015-07-11 10:30:00,0.686175
2015-07-12 10:30:00,0.6671625
2015-07-13 10:30:00,0.67238754
2015-07-14 10:30:00,0.7834375
2015-07-15 10:30:00,0.85089993
2015-07-16 10:30:00,0.8145125
2015-07-17 10:30:00,0.8414125
2015-07-18 10:30:00,0.7730125
2015-07-19 10:30:00,0.74161243
2015-07-20 10:30:00,0.8631875
2015-07-21 10:30:00,0.9176625
2015-07-22 10:30:00,0.8683999
2015-07-23 10:30:00,0.8105124
2015-07-24 10:30:00,0.7058375
2015-07-25 10:30:00,0.8444625
2015-07-26 10:30:00,0.7307125
2015-07-27 10:30:00,0.62659997
2015-07-28 10:30:00,0.67275
2015-07-29 10:30:00,0.857775
2015-07-30 10:30:00,0.74334997
2015-07-31 10:30:00,0.73231244
2015-08-01 10:30:00,0.660075
2015-08-02 10:30:00,0.66542494
2015-08-03 10:30:00,0.6900374
2015-08-04 10:30:00,0.710425
2015-08-05 10:30:00,0.762425
2015-08-06 10:30:00,0.7977875
2015-08-07 10:30:00,0.759475
2015-08-08 10:30:00,0.7936875
2015-08-09 10:30:00,0.872375
2015-08-10 10:30:00,0.72328746
2015-08-11 10:30:00,0.7612
2015-08-12 10:30:00,0.74315
2015-08-13 10:30:00,0.70137495
2015-08-14 10:30:00,0.87202495
2015-08-15 10:30:00,0.8543125
2015-08-16 10:30:00,0.887075
2015-08-17 10:30:00,0.8577375
2015-08-18 10:30:00,0.89857495
2015-08-19 10:30:00,0.77275
2015-08-20 10:30:00,0.9343625
2015-08-21 10:30:00,0.8788125
2015-08-22 10:30:00,0.83597493
2015-08-23 10:30:00,0.8637625
2015-08-24 10:30:00,0.911575
2015-08-25 10:30:00,0.911575
2015-08-26 10:30:00,0.8092625
2015-08-27 10:30:00,0.7375625
2015-08-28 10:30:00,0.885925
2015-08-29 10:30:00,0.8851125
2015-08-30 10:30:00,0.9335
2015-08-31 10:30:00,0.9429875
2015-09-01 10:30:00,0.76019996
2015-09-02 10:30:00,0.7574125
2015-09-03 10:30:00,0.7455124
2015-09-04 10:30:00,0.784475
2015-09-05 10:30:00,0.77998745
2015-09-06 10:30:00,0.7069875
2015-09-07 10:30:00,0.9166
2015-09-08 10:30:00,0.893775
2015-09-09 10:30:00,0.6785
2015-09-10 10:30:00,0.65345
2015-09-11 10:30:00,0.62485
2015-09-12 10:30:00,0.741125
2015-09-13 10:30:00,0.7729875
2015-09-14 10:30:00,0.67872494
2015-09-15 10:30:00,0.7044375
2015-09-16 10:30:00,0.72770005
2015-09-17 10:30:00,0.9211625
2015-09-18 10:30:00,0.85445
2015-09-19 10:30:00,0.7130625
2015-09-20 10:30:00,0.76474994
2015-09-21 10:30:00,0.6813375
2015-09-22 10:30:00,0.93815
2015-09-23 10:30:00,0.80461246
2015-09-24 10:30:00,0.7859
2015-09-25 10:30:00,0.8062124
2015-09-26 10:30:00,0.7459875
2015-09-27 10:30:00,0.690375
2015-09-28 10:30:00,0.63119996
2015-09-29 10:30:00,0.691725
2015-09-30 10:30:00,0.61291254
2015-10-01 10:30:00,0.5612125
2015-10-02 10:30:00,0.4300125
2015-10-03 10:30:00,0.49069998
2015-10-04 10:30:00,0.5481875
2015-10-05 10:30:00,0.54109997
2015-10-06 10:30:00,0.5824625
2015-10-07 10:30:00,0.393525
2015-10-08 10:30:00,0.514225
2015-10-09 10:30:00,0.56651247
2015-10-10 10:30:00,0.89257497
2015-10-11 10:30:00,0.4516625
2015-10-12 10:30:00,0.56939995
2015-10-13 10:30:00,0.622875
2015-10-14 10:30:00,0.66515
2015-10-15 10:30:00,0.4893375
2015-10-16 10:30:00,0.39154997
2015-10-17 10:30:00,0.2765
2015-10-18 10:30:00,0.3608
2015-10-19 10:30:00,0.38395
2015-10-20 10:30:00,0.447275
2015-10-21 10:30:00,0.4024875
2015-10-22 10:30:00,0.453275
2015-10-23 10:30:00,0.227075
2015-10-24 10:30:00,0.2870375
2015-10-25 10:30:00,0.3936
2015-10-26 10:30:00,0.5375625
2015-10-27 10:30:00,0.39494997
2015-10-28 10:30:00,0.38018748
2015-10-29 10:30:00,0.4243875
2015-10-30 10:30:00,0.41077498
2015-10-31 10:30:00,0.4630625
2015-11-01 10:30:00,0.32143748
2015-11-02 10:30:00,0.491875
2015-11-03 10:30:00,0.3158375
2015-11-04 10:30:00,0.33996248
2015-11-05 10:30:00,0.3310125
2015-11-06 10:30:00,0.5168875
2015-11-07 10:30:00,0.5127875
2015-11-08 10:30:00,0.5979
2015-11-09 10:30:00,0.73068744
2015-11-10 10:30:00,0.7305375
2015-11-11 10:30:00,0.7621
2015-11-12 10:30:00,0.8028875
2015-11-13 10:30:00,0.80723745
2015-11-14 10:30:00,0.67105
2015-11-15 10:30:00,0.34498748
2015-11-16 10:30:00,0.69308746
2015-11-17 10:30:00,0.643125
2015-11-18 10:30:00,0.77114993
2015-11-19 10:30:00,0.77677494
2015-11-20 10:30:00,0.72161245
2015-11-21 10:30:00,0.67165
2015-11-22 10:30:00,0.6457499
2015-11-23 10:30:00,0.5898625
2015-11-24 10:30:00,0.624225
2015-11-25 10:30:00,0.642625
2015-11-26 10:30:00,0.6480125
2015-11-27 10:30:00,0.739625
2015-11-28 10:30:00,0.682575
2015-11-29 10:30:00,0.66442496
2015-11-30 10:30:00,0.7287
2015-12-01 10:30:00,0.81352496
2015-12-02 10:30:00,0.804875
2015-12-03 10:30:00,0.54915
2015-12-04 10:30:00,0.501025
2015-12-05 10:30:00,0.48345
2015-12-06 10:30:00,0.583425
2015-12-07 10:30:00,0.64765
2015-12-08 10:30:00,0.68668747
2015-12-09 10:30:00,0.6860125
2015-12-10 10:30:00,0.573825
2015-12-11 10:30:00,0.6430375
2015-12-12 10:30:00,0.59596246
2015-12-13 10:30:00,0.6901249
2015-12-14 10:30:00,0.7682875
2015-12-15 10:30:00,0.57792497
2015-12-16 10:30:00,0.5203875
2015-12-17 10:30:00,0.56756246
2015-12-18 10:30:00,0.68354994
2015-12-19 10:30:00,0.64147496
2015-12-20 10:30:00,0.74852496
2015-12-21 10:30:00,0.7888625
2015-12-22 10:30:00,0.6568375
2015-12-23 10:30:00,0.550325
2015-12-24 10:30:00,0.54711246
2015-12-25 10:30:00,0.55588746
2015-12-26 10:30:00,0.37226248
2015-12-27 10:30:00,0.33299997
2015-12-28 10:30:00,0.469675
2015-12-29 10:30:00,0.66057503
2015-12-30 10:30:00,0.6637625
2015-12-31 10:30:00,0.6625875
2016-01-01 10:30:00,0.56874996
2016-01-02 10:30:00,0.65455
2016-01-03 10:30:00,0.5179
2016-01-04 10:30:00,0.43232498
2016-01-05 10:30:00,0.579125
2016-01-06 10:30:00,0.47123748
2016-01-07 10:30:00,0.5045375
2016-01-08 10:30:00,0.50315
2016-01-09 10:30:00,0.4865625
2016-01-10 10:30:00,0.38212502
2016-01-11 10:30:00,0.42218748
2016-01-12 10:30:00,0.48119998
2016-01-13 10:30:00,0.4808375
2016-01-14 10:30:00,0.627025
2016-01-15 10:30:00,0.67012495
2016-01-16 10:30:00,0.57605
2016-01-17 10:30:00,0.45846248
2016-01-18 10:30:00,0.4984875
2016-01-19 10:30:00,0.5067625
2016-01-20 10:30:00,0.5233875
2016-01-21 10:30:00,0.47724998
2016-01-22 10:30:00,0.438675
2016-01-23 10:30:00,0.45743752
2016-01-24 10:30:00,0.39311248
2016-01-25 10:30:00,0.41904998
2016-01-26 10:30:00,0.4385875
2016-01-27 10:30:00,0.47794998
2016-01-28 10:30:00,0.5030125
2016-01-29 10:30:00,0.4808625
2016-01-30 10:30:00,0.512325
2016-01-31 10:30:00,0.53433746
2016-02-01 10:30:00,0.47217497
2016-02-02 10:30:00,0.47367498
2016-02-03 10:30:00,0.4504875
2016-02-04 10:30:00,0.4861
2016-02-05 10:30:00,0.5668875
2016-02-06 10:30:00,0.56619996
2016-02-07 10:30:00,0.65367496
2016-02-08 10:30:00,0.634225
2016-02-09 10:30:00,0.62909997
2016-02-10 10:30:00,0.71159995
2016-02-11 10:30:00,0.67980003
2016-02-12 10:30:00,0.4287625
2016-02-13 10:30:00,0.39525
2016-02-14 10:30:00,0.3855625
2016-02-15 10:30:00,0.48706248
2016-02-16 10:30:00,0.48203748
2016-02-17 10:30:00,0.538125
2016-02-18 10:30:00,0.4477875
2016-02-19 10:30:00,0.4372875
2016-02-20 10:30:00,0.43943748
2016-02-21 10:30:00,0.38819999
2016-02-22 10:30:00,0.41823748
2016-02-23 10:30:00,0.41382498
2016-02-24 10:30:00,0.44377497
2016-02-25 10:30:00,0.46059996
2016-02-26 10:30:00,0.46256247
2016-02-27 10:30:00,0.4213375
2016-02-28 10:30:00,0.5620625
2016-02-29 10:30:00,0.4898875
2016-03-01 10:30:00,0.50804996
2016-03-02 10:30:00,0.639825
2016-03-03 10:30:00,0.6891
2016-03-04 10:30:00,0.7124125
2016-03-05 10:30:00,0.5029875
2016-03-06 10:30:00,0.43256247
2016-03-07 10:30:00,0.37545002
2016-03-08 10:30:00,0.3973375
2016-03-09 10:30:00,0.41588748
2016-03-10 10:30:00,0.4827625
2016-03-11 10:30:00,0.4831375
2016-03-12 10:30:00,0.357575
2016-03-13 10:30:00,0.40636247
2016-03-14 10:30:00,0.51154995
2016-03-15 10:30:00,0.41988748
2016-03-16 10:30:00,0.44587502
2016-03-17 10:30:00,0.4602375
2016-03-18 10:30:00,0.5111375
2016-03-19 10:30:00,0.430275
2016-03-20 10:30:00,0.33965
2016-03-21 10:30:00,0.697425
2016-03-22 10:30:00,0.36028752
2016-03-23 10:30:00,0.3524125
2016-03-24 10:30:00,0.3620125
2016-03-25 10:30:00,0.323875
2016-03-26 10:30:00,0.3134875
2016-03-27 10:30:00,0.31469998
2016-03-28 10:30:00,0.2965875
2016-03-29 10:30:00,0.49346247
2016-03-30 10:30:00,0.36028746
2016-03-31 10:30:00,0.358525
2016-04-01 10:30:00,0.477
2016-04-02 10:30:00,0.3328125
2016-04-03 10:30:00,0.40112498
2016-04-04 10:30:00,0.44022498
2016-04-05 10:30:00,0.35944998
2016-04-06 10:30:00,0.30089998
2016-04-07 10:30:00,0.22125
2016-04-08 10:30:00,0.22243749
2016-04-09 10:30:00,0.24679999
2016-04-10 10:30:00,0.3026875
2016-04-11 10:30:00,0.5310625
2016-04-12 10:30:00,0.37315
2016-04-13 10:30:00,0.8868875
2016-04-14 10:30:00,0.6066874
2016-04-15 10:30:00,0.74941254
2016-04-16 10:30:00,0.82613754
2016-04-17 10:30:00,0.43281248
2016-04-18 10:30:00,0.4840625
2016-04-19 10:30:00,0.3103875
2016-04-20 10:30:00,0.299875
2016-04-21 10:30:00,0.361575
2016-04-22 10:30:00,0.5057375
2016-04-23 10:30:00,0.4020375
2016-04-24 10:30:00,0.601975
2016-04-25 10:30:00,0.41077498
2016-04-26 10:30:00,0.4177875
2016-04-27 10:30:00,0.6109
2016-04-28 10:30:00,0.353
2016-04-29 10:30:00,0.4765125
2016-04-30 10:30:00,0.4623875
2016-05-01 10:30:00,0.6500125
2016-05-02 10:30:00,0.3371125
2016-05-03 10:30:00,0.2397125
2016-05-04 10:30:00,0.2089625
2016-05-05 10:30:00,0.627575
2016-05-06 10:30:00,0.736775
2016-05-07 10:30:00,0.26021248
2016-05-08 10:30:00,0.4021375
2016-05-09 10:30:00,0.4000375
2016-05-10 10:30:00,0.20468749
2016-05-11 10:30:00,0.5991875
2016-05-12 10:30:00,0.5341875
2016-05-13 10:30:00,0.331875
2016-05-14 10:30:00,0.3857
2016-05-15 10:30:00,0.3520875
2016-05-16 10:30:00,0.39466247
2016-05-17 10:30:00,0.17105
2016-05-18 10:30:00,0.32784998
2016-05-19 10:30:00,0.276725
2016-05-20 10:30:00,0.3461
2016-05-21 10:30:00,0.40592498
2016-05-22 10:30:00,0.3539
2016-05-23 10:30:00,0.614675
2016-05-24 10:30:00,0.85669994
2016-05-25 10:30:00,0.5465375
2016-05-26 10:30:00,0.47742498
2016-05-27 10:30:00,0.45663747
2016-05-28 10:30:00,0.4143875
2016-05-29 10:30:00,0.39339998
2016-05-30 10:30:00,0.50273746
2016-05-31 10:30:00,0.49965
2016-06-01 10:30:00,0.43521246
2016-06-02 10:30:00,0.47787496
2016-06-03 10:30:00,0.49775
2016-06-04 10:30:00,0.50756246
2016-06-05 10:30:00,0.4303375
2016-06-06 10:30:00,0.4367375
2016-06-07 10:30:00,0.582025
2016-06-08 10:30:00,0.467975
2016-06-09 10:30:00,0.64156246
2016-06-10 10:30:00,0.7272125
2016-06-11 10:30:00,0.69173753
2016-06-12 10:30:00,0.718375
2016-06-13 10:30:00,0.674275
2016-06-14 10:30:00,0.683575
2016-06-15 10:30:00,0.67660004
2016-06-16 10:30:00,0.7747875
2016-06-17 10:30:00,0.8369
2016-06-18 10:30:00,0.725075
2016-06-19 10:30:00,0.704
2016-06-20 10:30:00,0.7556
2016-06-21 10:30:00,0.56535
2016-06-22 10:30:00,0.85955
2016-06-23 10:30:00,0.63119996
2016-06-24 10:30:00,0.63263744
2016-06-25 10:30:00,0.57726246
2016-06-26 10:30:00,0.5943125
2016-06-27 10:30:00,0.67065
2016-06-28 10:30:00,0.7636125
2016-06-29 10:30:00,0.8078375
2016-06-30 10:30:00,0.64875
2016-07-01 10:30:00,0.64747494
2016-07-02 10:30:00,0.6920625
2016-07-03 10:30:00,0.67113745
2016-07-04 10:30:00,0.5412
2016-07-05 10:30:00,0.5009
2016-07-06 10:30:00,0.6388
2016-07-07 10:30:00,0.6598625
2016-07-08 10:30:00,0.6628625
2016-07-09 10:30:00,0.687275
2016-07-10 10:30:00,0.4569625
2016-07-11 10:30:00,0.63025
2016-07-12 10:30:00,0.6746375
2016-07-13 10:30:00,0.59055
2016-07-14 10:30:00,0.5838125
2016-07-15 10:30:00,0.547225
2016-07-16 10:30:00,0.579425
2016-07-17 10:30:00,0.65137494
2016-07-18 10:30:00,0.5032125
2016-07-19 10:30:00,0.64695
2016-07-20 10:30:00,0.742275
2016-07-21 10:30:00,0.6692375
2016-07-22 10:30:00,0.861775
2016-07-23 10:30:00,0.829125
2016-07-24 10:30:00,0.66176254
2016-07-25 10:30:00,0.726275
2016-07-26 10:30:00,0.67105
2016-07-27 10:30:00,0.649475
2016-07-28 10:30:00,0.66609997
2016-07-29 10:30:00,0.6611625
2016-07-30 10:30:00,0.7126625
2016-07-31 10:30:00,0.67394996
2016-08-01 10:30:00,0.595975
2016-08-02 10:30:00,0.552825
2016-08-03 10:30:00,0.5357625
2016-08-04 10:30:00,0.5911875
2016-08-05 10:30:00,0.6525375
2016-08-06 10:30:00,0.85342497
2016-08-07 10:30:00,0.60464996
2016-08-08 10:30:00,0.55838746
2016-08-09 10:30:00,0.8268
2016-08-10 10:30:00,0.63694996
2016-08-11 10:30:00,0.55415
2016-08-12 10:30:00,0.5067
2016-08-13 10:30:00,0.58687496
2016-08-14 10:30:00,0.610275
2016-08-15 10:30:00,0.596975
2016-08-16 10:30:00,0.6729125
2016-08-17 10:30:00,0.507825
2016-08-18 10:30:00,0.7001125
2016-08-19 10:30:00,0.647525
2016-08-20 10:30:00,0.80281246
2016-08-21 10:30:00,0.65575
2016-08-22 10:30:00,0.64004993
2016-08-23 10:30:00,0.77349997
2016-08-24 10:30:00,0.543325
2016-08-25 10:30:00,0.45572498
2016-08-26 10:30:00,0.54039997
2016-08-27 10:30:00,0.504025
2016-08-28 10:30:00,0.459075
2016-08-29 10:30:00,0.48153746
2016-08-30 10:30:00,0.49496248
2016-08-31 10:30:00,0.89606243
2016-09-01 10:30:00,0.88247496
2016-09-02 10:30:00,0.9071125
2016-09-03 10:30:00,0.80826247
2016-09-04 10:30:00,0.90964997
2016-09-05 10:30:00,0.911425
2016-09-06 10:30:00,0.8288624
2016-09-07 10:30:00,0.7419875
2016-09-08 10:30:00,0.7997625
2016-09-09 10:30:00,0.93535
2016-09-10 10:30:00,0.8178375
2016-09-11 10:30:00,0.77567506
2016-09-12 10:30:00,0.8196
2016-09-13 10:30:00,0.821425
2016-09-14 10:30:00,0.8842
2016-09-15 10:30:00,0.61421245
2016-09-16 10:30:00,0.7076875
2016-09-17 10:30:00,0.7263375
2016-09-18 10:30:00,0.61841244
2016-09-19 10:30:00,0.58951247
2016-09-20 10:30:00,0.61861247
2016-09-21 10:30:00,0.5944
2016-09-22 10:30:00,0.8057875
2016-09-23 10:30:00,0.7165125
2016-09-24 10:30:00,0.72527504
2016-09-25 10:30:00,0.61175
2016-09-26 10:30:00,0.75074995
2016-09-27 10:30:00,0.7173625
2016-09-28 10:30:00,0.6325625
2016-09-29 10:30:00,0.6571625
2016-09-30 10:30:00,0.6673625
2016-10-01 10:30:00,0.486725
2016-10-02 10:30:00,0.6534625
2016-10-03 10:30:00,0.6355875
2016-10-04 10:30:00,0.72192496
2016-10-05 10:30:00,0.56769997
2016-10-06 10:30:00,0.451275
2016-10-07 10:30:00,0.88379997
2016-10-08 10:30:00,0.62763745
2016-10-09 10:30:00,0.63184994
2016-10-10 10:30:00,0.476025
2016-10-11 10:30:00,0.5104875
2016-10-12 10:30:00,0.5443875
2016-10-13 10:30:00,0.61826247
2016-10-14 10:30:00,0.5944375
2016-10-15 10:30:00,0.610075
2016-10-16 10:30:00,0.55553746
2016-10-17 10:30:00,0.546425
2016-10-18 10:30:00,0.44928747
2016-10-19 10:30:00,0.6845875
2016-10-20 10:30:00,0.48017502
2016-10-21 10:30:00,0.75734997
2016-10-22 10:30:00,0.524575
2016-10-23 10:30:00,0.55675
2016-10-24 10:30:00,0.5651625
2016-10-25 10:30:00,0.5594125
2016-10-26 10:30:00,0.5273375
2016-10-27 10:30:00,0.541725
2016-10-28 10:30:00,0.45787498
2016-10-29 10:30:00,0.515
2016-10-30 10:30:00,0.44007498
2016-10-31 10:30:00,0.43031248
2016-11-01 10:30:00,0.4921875
2016-11-02 10:30:00,0.51893747
2016-11-03 10:30:00,0.64635
2016-11-04 10:30:00,0.81058747
2016-11-05 10:30:00,0.67183745
2016-11-06 10:30:00,0.72378755
2016-11-07 10:30:00,0.68856245
2016-11-08 10:30:00,0.5844
2016-11-09 10:30:00,0.6862124
2016-11-10 10:30:00,0.7609375
2016-11-11 10:30:00,0.57885
2016-11-12 10:30:00,0.64245003
2016-11-13 10:30:00,0.7748625
2016-11-14 10:30:00,0.5727125
2016-11-15 10:30:00,0.66178745
2016-11-16 10:30:00,0.6831125
2016-11-17 10:30:00,0.65951246
2016-11-18 10:30:00,0.6882125
2016-11-19 10:30:00,0.5906625
2016-11-20 10:30:00,0.4479375
2016-11-21 10:30:00,0.49107498
2016-11-22 10:30:00,0.5312625
2016-11-23 10:30:00,0.49956247
2016-11-24 10:30:00,0.65998745
2016-11-25 10:30:00,0.70296246
2016-11-26 10:30:00,0.6557125
2016-11-27 10:30:00,0.58341247
2016-11-28 10:30:00,0.55935
2016-11-29 10:30:00,0.702475
2016-11-30 10:30:00,0.5439375
2016-12-01 10:30:00,0.50895
2016-12-02 10:30:00,0.6742625
2016-12-03 10:30:00,0.49635002
2016-12-04 10:30:00,0.4648875
2016-12-05 10:30:00,0.5673125
2016-12-06 10:30:00,0.64294994
2016-12-07 10:30:00,0.6507125
2016-12-08 10:30:00,0.65739995
2016-12-09 10:30:00,0.536725
2016-12-10 10:30:00,0.62434995
2016-12-11 10:30:00,0.68163747
2016-12-12 10:30:00,0.55413747
2016-12-13 10:30:00,0.5265875
2016-12-14 10:30:00,0.5072
2016-12-15 10:30:00,0.4454125
2016-12-16 10:30:00,0.6119
2016-12-17 10:30:00,0.5532875
2016-12-18 10:30:00,0.7046875
2016-12-19 10:30:00,0.7315875
2016-12-20 10:30:00,0.6770875
2016-12-21 10:30:00,0.65065
2016-12-22 10:30:00,0.51511246
2016-12-23 10:30:00,0.59372497
2016-12-24 10:30:00,0.6757625
2016-12-25 10:30:00,0.5092125
2016-12-26 10:30:00,0.40623748
2016-12-27 10:30:00,0.51945
2016-12-28 10:30:00,0.4709375
2016-12-29 10:30:00,0.47592497
2016-12-30 10:30:00,0.55092496
2016-12-31 10:30:00,0.6552375
2017-01-01 10:30:00,0.632025
2017-01-02 10:30:00,0.62565
2017-01-03 10:30:00,0.602925
2017-01-04 10:30:00,0.6698375
2017-01-05 10:30:00,0.6954
2017-01-06 10:30:00,0.668225
2017-01-07 10:30:00,0.6704875
2017-01-08 10:30:00,0.47512498
2017-01-09 10:30:00,0.394175
2017-01-10 10:30:00,0.436025
2017-01-11 10:30:00,0.48135
2017-01-12 10:30:00,0.41805
2017-01-13 10:30:00,0.5013125
2017-01-14 10:30:00,0.54045
2017-01-15 10:30:00,0.5612125
2017-01-16 10:30:00,0.606175
2017-01-17 10:30:00,0.7052
2017-01-18 10:30:00,0.5961125
2017-01-19 10:30:00,0.5387375
2017-01-20 10:30:00,0.51616246
2017-01-21 10:30:00,0.59122497
2017-01-22 10:30:00,0.47575
2017-01-23 10:30:00,0.4623625
2017-01-24 10:30:00,0.51472497
2017-01-25 10:30:00,0.6230125
2017-01-26 10:30:00,0.46932498
2017-01-27 10:30:00,0.45014998
2017-01-28 10:30:00,0.56535
2017-01-29 10:30:00,0.4767625
2017-01-30 10:30:00,0.429725
2017-01-31 10:30:00,0.4051875
2017-02-01 10:30:00,0.37952498
2017-02-02 10:30:00,0.5122
2017-02-03 10:30:00,0.5587625
2017-02-04 10:30:00,0.60048753
2017-02-05 10:30:00,0.57079995
2017-02-06 10:30:00,0.4747
2017-02-07 10:30:00,0.56334996
2017-02-08 10:30:00,0.4876625
2017-02-09 10:30:00,0.512725
2017-02-10 10:30:00,0.4745375
2017-02-11 10:30:00,0.41786247
2017-02-12 10:30:00,0.53951246
2017-02-13 10:30:00,0.53005
2017-02-14 10:30:00,0.6022625
2017-02-15 10:30:00,0.58345
2017-02-16 10:30:00,0.3978125
2017-02-17 10:30:00,0.324125
2017-02-18 10:30:00,0.4264875
2017-02-19 10:30:00,0.634975
2017-02-20 10:30:00,0.45256248
2017-02-21 10:30:00,0.6601
2017-02-22 10:30:00,0.44437498
2017-02-23 10:30:00,0.45569998
2017-02-24 10:30:00,0.5820375
2017-02-25 10:30:00,0.5224375
2017-02-26 10:30:00,0.6281875
2017-02-27 10:30:00,0.5386375
2017-02-28 10:30:00,0.4192625
2017-03-01 10:30:00,0.37440002
2017-03-02 10:30:00,0.45419997
2017-03-03 10:30:00,0.43471247
2017-03-04 10:30:00,0.4003625
2017-03-05 10:30:00,0.3893125
2017-03-06 10:30:00,0.41815
2017-03-07 10:30:00,0.40671247
2017-03-08 10:30:00,0.36574998
2017-03-09 10:30:00,0.4152625
2017-03-10 10:30:00,0.44862497
2017-03-11 10:30:00,0.4009875
2017-03-12 10:30:00,0.3174125
2017-03-13 10:30:00,0.37415
2017-03-14 10:30:00,0.4235125
2017-03-15 10:30:00,0.3338875
2017-03-16 10:30:00,0.3841875
2017-03-17 10:30:00,0.374225
2017-03-18 10:30:00,0.2798375
2017-03-19 10:30:00,0.31309998
2017-03-20 10:30:00,0.41165
2017-03-21 10:30:00,0.36228752
2017-03-22 10:30:00,0.3557
2017-03-23 10:30:00,0.3834875
2017-03-24 10:30:00,0.358475
2017-03-25 10:30:00,0.34456247
2017-03-26 10:30:00,0.58121246
2017-03-27 10:30:00,0.4214125
2017-03-28 10:30:00,0.42694998
2017-03-29 10:30:00,0.627825
2017-03-30 10:30:00,0.411025
2017-03-31 10:30:00,0.315675
2017-04-01 10:30:00,0.29768747
2017-04-02 10:30:00,0.2951625
2017-04-03 10:30:00,0.31132498
2017-04-04 10:30:00,0.322775
2017-04-05 10:30:00,0.44597498
2017-04-06 10:30:00,0.3288625
2017-04-07 10:30:00,0.40211248
2017-04-08 10:30:00,0.2868375
2017-04-09 10:30:00,0.28710002
2017-04-10 10:30:00,0.222575
2017-04-11 10:30:00,0.222275
2017-04-12 10:30:00,0.208175
2017-04-13 10:30:00,0.249025
2017-04-14 10:30:00,0.2259125
2017-04-15 10:30:00,0.16212499
2017-04-16 10:30:00,0.3556125
2017-04-17 10:30:00,0.56715
2017-04-18 10:30:00,0.4473625
2017-04-19 10:30:00,0.3969125
2017-04-20 10:30:00,0.37713748
2017-04-21 10:30:00,0.249525
2017-04-22 10:30:00,0.27885
2017-04-23 10:30:00,0.40256247
2017-04-24 10:30:00,0.649075
2017-04-25 10:30:00,0.67886245
2017-04-26 10:30:00,0.43919998
2017-04-27 10:30:00,0.3076625
2017-04-28 10:30:00,0.2343375
2017-04-29 10:30:00,0.22792499
2017-04-30 10:30:00,0.31522498
2017-05-01 10:30:00,0.18765
2017-05-02 10:30:00,0.202325
2017-05-03 10:30:00,0.352625
2017-05-04 10:30:00,0.3635875
2017-05-05 10:30:00,0.617575
2017-05-06 10:30:00,0.30761248
2017-05-07 10:30:00,0.4511
2017-05-08 10:30:00,0.2806375
2017-05-09 10:30:00,0.2002125
2017-05-10 10:30:00,0.4485375
2017-05-11 10:30:00,0.49721247
2017-05-12 10:30:00,0.4695375
2017-05-13 10:30:00,0.5993125
2017-05-14 10:30:00,0.5025375
2017-05-15 10:30:00,0.3222125
2017-05-16 10:30:00,0.45053747
2017-05-17 10:30:00,0.3791875
2017-05-18 10:30:00,0.1837375
2017-05-19 10:30:00,0.27171248
2017-05-20 10:30:00,0.528225
2017-05-21 10:30:00,0.493325
2017-05-22 10:30:00,0.47529998
2017-05-23 10:30:00,0.4039375
2017-05-24 10:30:00,0.423625
2017-05-25 10:30:00,0.3556375
2017-05-26 10:30:00,0.362525
2017-05-27 10:30:00,0.340825
2017-05-28 10:30:00,0.222325
2017-05-29 10:30:00,0.299875
2017-05-30 10:30:00,0.29091248
2017-05-31 10:30:00,0.35127497
2017-06-01 10:30:00,0.515675
2017-06-02 10:30:00,0.6249625
2017-06-03 10:30:00,0.550025
2017-06-04 10:30:00,0.4755625
2017-06-05 10:30:00,0.2976625
2017-06-06 10:30:00,0.42831248
2017-06-07 10:30:00,0.48596248
2017-06-08 10:30:00,0.518775
2017-06-09 10:30:00,0.3641375
2017-06-10 10:30:00,0.4692
2017-06-11 10:30:00,0.5419625
2017-06-12 10:30:00,0.4714875
2017-06-13 10:30:00,0.29459998
2017-06-14 10:30:00,0.3210375
2017-06-15 10:30:00,0.5762625
2017-06-16 10:30:00,0.579475
2017-06-17 10:30:00,0.5613375
2017-06-18 10:30:00,0.6852875
2017-06-19 10:30:00,0.56546247
2017-06-20 10:30:00,0.78415
2017-06-21 10:30:00,0.7257625
2017-06-22 10:30:00,0.50645
2017-06-23 10:30:00,0.47345
2017-06-24 10:30:00,0.5262875
2017-06-25 10:30:00,0.5850875
2017-06-26 10:30:00,0.64426243
2017-06-27 10:30:00,0.63229996
2017-06-28 10:30:00,0.5035
2017-06-29 10:30:00,0.5991
2017-06-30 10:30:00,0.6776
2017-07-01 10:30:00,0.6311125
2017-07-02 10:30:00,0.69834995
2017-07-03 10:30:00,0.6064625
2017-07-04 10:30:00,0.5012375
2017-07-05 10:30:00,0.531125
2017-07-06 10:30:00,0.634225
2017-07-07 10:30:00,0.78077495
2017-07-08 10:30:00,0.872275
2017-07-09 10:30:00,0.7443125
2017-07-10 10:30:00,0.81792504
2017-07-11 10:30:00,0.56915
2017-07-12 10:30:00,0.5332625
2017-07-13 10:30:00,0.5021875
2017-07-14 10:30:00,0.48604998
2017-07-15 10:30:00,0.5745
2017-07-16 10:30:00,0.54029995
2017-07-17 10:30:00,0.618025
2017-07-18 10:30:00,0.5997625
2017-07-19 10:30:00,0.4861
2017-07-20 10:30:00,0.8121125
2017-07-21 10:30:00,0.562175
2017-07-22 10:30:00,0.45971248
2017-07-23 10:30:00,0.6593125
2017-07-24 10:30:00,0.422325
2017-07-25 10:30:00,0.458175
2017-07-26 10:30:00,0.8600875
2017-07-27 10:30:00,0.7714875
2017-07-28 10:30:00,0.6178375
2017-07-29 10:30:00,0.831025
2017-07-30 10:30:00,0.865875
2017-07-31 10:30:00,0.74682504
2017-08-01 10:30:00,0.8761249
2017-08-02 10:30:00,0.8459625
2017-08-03 10:30:00,0.862525
2017-08-04 10:30:00,0.812875
2017-08-05 10:30:00,0.7568875
2017-08-06 10:30:00,0.818475
2017-08-07 10:30:00,0.8532125
2017-08-08 10:30:00,0.79434997
2017-08-09 10:30:00,0.7737625
2017-08-10 10:30:00,0.85445
2017-08-11 10:30:00,0.84328747
2017-08-12 10:30:00,0.806075
2017-08-13 10:30:00,0.811675
2017-08-14 10:30:00,0.856175
2017-08-15 10:30:00,0.844325
2017-08-16 10:30:00,0.861375
2017-08-17 10:30:00,0.8394625
2017-08-18 10:30:00,0.80663747
2017-08-19 10:30:00,0.77488744
2017-08-20 10:30:00,0.771575
2017-08-21 10:30:00,0.69972503
2017-08-22 10:30:00,0.66315
2017-08-23 10:30:00,0.644825
2017-08-24 10:30:00,0.5248375
2017-08-25 10:30:00,0.5538375
2017-08-26 10:30:00,0.65652496
2017-08-27 10:30:00,0.61707497
2017-08-28 10:30:00,0.44582498
2017-08-29 10:30:00,0.38869998
2017-08-30 10:30:00,0.5598625
2017-08-31 10:30:00,0.6297625
2017-09-01 10:30:00,0.7105625
2017-09-02 10:30:00,0.6331875
2017-09-03 10:30:00,0.84372497
2017-09-04 10:30:00,0.79443747
2017-09-05 10:30:00,0.731875
2017-09-06 10:30:00,0.6106375
2017-09-07 10:30:00,0.6454875
2017-09-08 10:30:00,0.6759875
2017-09-09 10:30:00,0.69276243
2017-09-10 10:30:00,0.77476245
2017-09-11 10:30:00,0.520175
2017-09-12 10:30:00,0.6360625
2017-09-13 10:30:00,0.6275875
2017-09-14 10:30:00,0.7087
2017-09-15 10:30:00,0.88848746
2017-09-16 10:30:00,0.8319
2017-09-17 10:30:00,0.8027375
2017-09-18 10:30:00,0.6897625
2017-09-19 10:30:00,0.707125
2017-09-20 10:30:00,0.73394996
2017-09-21 10:30:00,0.647375
2017-09-22 10:30:00,0.649025
2017-09-23 10:30:00,0.513075
2017-09-24 10:30:00,0.575925
2017-09-25 10:30:00,0.5171375
2017-09-26 10:30:00,0.3697
2017-09-27 10:30:00,0.3518625
2017-09-28 10:30:00,0.3757375
2017-09-29 10:30:00,0.32105
2017-09-30 10:30:00,0.3439
2017-10-01 10:30:00,0.373175
2017-10-02 10:30:00,0.31788749
2017-10-03 10:30:00,0.3833
2017-10-04 10:30:00,0.44522497
2017-10-05 10:30:00,0.40586248
2017-10-06 10:30:00,0.5446625
2017-10-07 10:30:00,0.6037125
2017-10-08 10:30:00,0.9297625
2017-10-09 10:30:00,0.73731244
2017-10-10 10:30:00,0.569525
2017-10-11 10:30:00,0.677375
2017-10-12 10:30:00,0.57975
2017-10-13 10:30:00,0.5034125
2017-10-14 10:30:00,0.51754993
2017-10-15 10:30:00,0.63629997
2017-10-16 10:30:00,0.394875
2017-10-17 10:30:00,0.388425
2017-10-18 10:30:00,0.35303748
2017-10-19 10:30:00,0.5074
2017-10-20 10:30:00,0.45951247
2017-10-21 10:30:00,0.384225
2017-10-22 10:30:00,0.5075125
2017-10-23 10:30:00,0.5121
2017-10-24 10:30:00,0.406725
2017-10-25 10:30:00,0.4468
2017-10-26 10:30:00,0.54985
2017-10-27 10:30:00,0.58255
2017-10-28 10:30:00,0.359125
2017-10-29 10:30:00,0.3515
2017-10-30 10:30:00,0.465175
2017-10-31 10:30:00,0.303325
2017-11-01 10:30:00,0.44417498
2017-11-02 10:30:00,0.51785
2017-11-03 10:30:00,0.3615
2017-11-04 10:30:00,0.4908625
2017-11-05 10:30:00,0.3875125
2017-11-06 10:30:00,0.54274994
2017-11-07 10:30:00,0.9065375
2017-11-08 10:30:00,0.7815375
2017-11-09 10:30:00,0.7984625
2017-11-10 10:30:00,0.571
2017-11-11 10:30:00,0.69453746
2017-11-12 10:30:00,0.7187
2017-11-13 10:30:00,0.503475
2017-11-14 10:30:00,0.4914875
2017-11-15 10:30:00,0.4858125
2017-11-16 10:30:00,0.57712495
2017-11-17 10:30:00,0.46802497
2017-11-18 10:30:00,0.523125
2017-11-19 10:30:00,0.57011247
2017-11-20 10:30:00,0.6032125
2017-11-21 10:30:00,0.5490625
2017-11-22 10:30:00,0.5043375
2017-11-23 10:30:00,0.47747502
2017-11-24 10:30:00,0.55075
2017-11-25 10:30:00,0.53525
2017-11-26 10:30:00,0.562675
2017-11-27 10:30:00,0.45729998
2017-11-28 10:30:00,0.35805
2017-11-29 10:30:00,0.32788748
2017-11-30 10:30:00,0.507925
2017-12-01 10:30:00,0.567925
2017-12-02 10:30:00,0.7252625
2017-12-03 10:30:00,0.56127495
2017-12-04 10:30:00,0.4936375
2017-12-05 10:30:00,0.63584995
2017-12-06 10:30:00,0.619475
2017-12-07 10:30:00,0.5025375
2017-12-08 10:30:00,0.61281246
2017-12-09 10:30:00,0.6705625
2017-12-10 10:30:00,0.56595
2017-12-11 10:30:00,0.46287498
2017-12-12 10:30:00,0.43037498
2017-12-13 10:30:00,0.493175
2017-12-14 10:30:00,0.5033
2017-12-15 10:30:00,0.44842497
2017-12-16 10:30:00,0.4873875
2017-12-17 10:30:00,0.5498875
2017-12-18 10:30:00,0.438925
2017-12-19 10:30:00,0.5319625
2017-12-20 10:30:00,0.6471125
2017-12-21 10:30:00,0.596025
2017-12-22 10:30:00,0.5065625
2017-12-23 10:30:00,0.544825
2017-12-24 10:30:00,0.5322125
2017-12-25 10:30:00,0.4629375
2017-12-26 10:30:00,0.3507625
2017-12-27 10:30:00,0.498375
2017-12-28 10:30:00,0.56978744
2017-12-29 10:30:00,0.56245
2017-12-30 10:30:00,0.68025
2017-12-31 10:30:00,0.6039375
2018-01-01 10:30:00,0.48013747
2018-01-02 10:30:00,0.48729998
2018-01-03 10:30:00,0.47533748
2018-01-04 10:30:00,0.4187625
2018-01-05 10:30:00,0.4777125
2018-01-06 10:30:00,0.44862497
2018-01-07 10:30:00,0.4490625
2018-01-08 10:30:00,0.6222625
2018-01-09 10:30:00,0.5756625
2018-01-10 10:30:00,0.4132
2018-01-11 10:30:00,0.3537625
2018-01-12 10:30:00,0.5964625
2018-01-13 10:30:00,0.6852
2018-01-14 10:30:00,0.56909996
2018-01-15 10:30:00,0.58967495
2018-01-16 10:30:00,0.73742497
2018-01-17 10:30:00,0.5409375
2018-01-18 10:30:00,0.58285
2018-01-19 10:30:00,0.39499998
2018-01-20 10:30:00,0.3876625
2018-01-21 10:30:00,0.40084997
2018-01-22 10:30:00,0.36756247
2018-01-23 10:30:00,0.36900002
2018-01-24 10:30:00,0.41737497
2018-01-25 10:30:00,0.35468748
2018-01-26 10:30:00,0.3716875
2018-01-27 10:30:00,0.35323748
2018-01-28 10:30:00,0.4004375
2018-01-29 10:30:00,0.48888746
2018-01-30 10:30:00,0.4554
2018-01-31 10:30:00,0.534875
2018-02-01 10:30:00,0.471425
2018-02-02 10:30:00,0.48628747
2018-02-03 10:30:00,0.481675
2018-02-04 10:30:00,0.45974997
2018-02-05 10:30:00,0.4173
2018-02-06 10:30:00,0.48035
2018-02-07 10:30:00,0.4918875
2018-02-08 10:30:00,0.5340125
2018-02-09 10:30:00,0.38232496
2018-02-10 10:30:00,0.34823748
2018-02-11 10:30:00,0.3699875
2018-02-12 10:30:00,0.4110625
2018-02-13 10:30:00,0.40925
2018-02-14 10:30:00,0.4011125
2018-02-15 10:30:00,0.4252125
2018-02-16 10:30:00,0.36811247
2018-02-17 10:30:00,0.3407125
2018-02-18 10:30:00,0.394625
2018-02-19 10:30:00,0.430425
2018-02-20 10:30:00,0.435825
2018-02-21 10:30:00,0.5022125
2018-02-22 10:30:00,0.5038125
2018-02-23 10:30:00,0.3844125
2018-02-24 10:30:00,0.40314996
2018-02-25 10:30:00,0.52415
2018-02-26 10:30:00,0.63572496
2018-02-27 10:30:00,0.60736245
2018-02-28 10:30:00,0.754075
2018-03-01 10:30:00,0.4602875
2018-03-02 10:30:00,0.4746125
2018-03-03 10:30:00,0.63906246
2018-03-04 10:30:00,0.45505
2018-03-05 10:30:00,0.38573748
2018-03-06 10:30:00,0.4778125
2018-03-07 10:30:00,0.4616875
2018-03-08 10:30:00,0.444775
2018-03-09 10:30:00,0.67772496
2018-03-10 10:30:00,0.6201625
2018-03-11 10:30:00,0.567275
2018-03-12 10:30:00,0.5333375
2018-03-13 10:30:00,0.61737496
2018-03-14 10:30:00,0.816575
2018-03-15 10:30:00,0.4725375
2018-03-16 10:30:00,0.441
2018-03-17 10:30:00,0.417575
2018-03-18 10:30:00,0.28071252
2018-03-19 10:30:00,0.41369998
2018-03-20 10:30:00,0.4982375
2018-03-21 10:30:00,0.447825
2018-03-22 10:30:00,0.32373747
2018-03-23 10:30:00,0.30389997
2018-03-24 10:30:00,0.3860125
2018-03-25 10:30:00,0.34735
2018-03-26 10:30:00,0.30441248
2018-03-27 10:30:00,0.35057497
2018-03-28 10:30:00,0.32784998
2018-03-29 10:30:00,0.3125
2018-03-30 10:30:00,0.25222498
2018-03-31 10:30:00,0.45603752
2018-04-01 10:30:00,0.32775
2018-04-02 10:30:00,0.1986375
2018-04-03 10:30:00,0.19972499
2018-04-04 10:30:00,0.2032875
2018-04-05 10:30:00,0.3230125
2018-04-06 10:30:00,0.19645
2018-04-07 10:30:00,0.18067499
2018-04-08 10:30:00,0.204125
2018-04-09 10:30:00,0.2420375
2018-04-10 10:30:00,0.5667
2018-04-11 10:30:00,0.317125
2018-04-12 10:30:00,0.313375
2018-04-13 10:30:00,0.839025
2018-04-14 10:30:00,0.71698743
2018-04-15 10:30:00,0.44373748
2018-04-16 10:30:00,0.4117375
2018-04-17 10:30:00,0.3460625
2018-04-18 10:30:00,0.51420003
2018-04-19 10:30:00,0.3323625
2018-04-20 10:30:00,0.59963745
2018-04-21 10:30:00,0.5502375
2018-04-22 10:30:00,0.558525
2018-04-23 10:30:00,0.44663748
2018-04-24 10:30:00,0.3446125
2018-04-25 10:30:00,0.2694125
2018-04-26 10:30:00,0.2723625
2018-04-27 10:30:00,0.313225
2018-04-28 10:30:00,0.32025
2018-04-29 10:30:00,0.393425
2018-04-30 10:30:00,0.339075
2018-05-01 10:30:00,0.453025
2018-05-02 10:30:00,0.4127375
2018-05-03 10:30:00,0.2577625
2018-05-04 10:30:00,0.2206
2018-05-05 10:30:00,0.1760375
2018-05-06 10:30:00,0.3839
2018-05-07 10:30:00,0.4529625
2018-05-08 10:30:00,0.41735
2018-05-09 10:30:00,0.269375
2018-05-10 10:30:00,0.3508625
2018-05-11 10:30:00,0.2908625
2018-05-12 10:30:00,0.3748125
2018-05-13 10:30:00,0.49865
2018-05-14 10:30:00,0.33987498
2018-05-15 10:30:00,0.55097497
2018-05-16 10:30:00,0.60316247
2018-05-17 10:30:00,0.523175
2018-05-18 10:30:00,0.42799997
2018-05-19 10:30:00,0.2887125
2018-05-20 10:30:00,0.61326253
2018-05-21 10:30:00,0.5062125
2018-05-22 10:30:00,0.72698754
2018-05-23 10:30:00,0.618
2018-05-24 10:30:00,0.5409125
2018-05-25 10:30:00,0.5113375
2018-05-26 10:30:00,0.53288746
2018-05-27 10:30:00,0.9025375
2018-05-28 10:30:00,0.6769999
2018-05-29 10:30:00,0.84055
2018-05-30 10:30:00,0.46951246
2018-05-31 10:30:00,0.3982375
2018-06-01 10:30:00,0.2146125
2018-06-02 10:30:00,0.2414625
2018-06-03 10:30:00,0.3745375
2018-06-04 10:30:00,0.57927495
2018-06-05 10:30:00,0.570425
2018-06-06 10:30:00,0.6041375
2018-06-07 10:30:00,0.5542375
2018-06-08 10:30:00,0.5981375
2018-06-09 10:30:00,0.76559997
2018-06-10 10:30:00,0.6533125
2018-06-11 10:30:00,0.7807125
2018-06-12 10:30:00,0.7635875
2018-06-13 10:30:00,0.73231244
2018-06-14 10:30:00,0.8019625
2018-06-15 10:30:00,0.85318744
2018-06-16 10:30:00,0.5881
2018-06-17 10:30:00,0.573125
2018-06-18 10:30:00,0.79338753
2018-06-19 10:30:00,0.54575
2018-06-20 10:30:00,0.62514997
2018-06-21 10:30:00,0.54575
2018-06-22 10:30:00,0.551625
2018-06-23 10:30:00,0.53905
2018-06-24 10:30:00,0.738975
2018-06-25 10:30:00,0.8663625
2018-06-26 10:30:00,0.9120625
2018-06-27 10:30:00,0.8005625
2018-06-28 10:30:00,0.7323625
2018-06-29 10:30:00,0.5993875
2018-06-30 10:30:00,0.639775
2018-07-01 10:30:00,0.641225
2018-07-02 10:30:00,0.61303747
2018-07-03 10:30:00,0.6837
2018-07-04 10:30:00,0.96805
2018-07-05 10:30:00,0.95164996
2018-07-06 10:30:00,0.8272
2018-07-07 10:30:00,0.979225
2018-07-08 10:30:00,0.758925
2018-07-09 10:30:00,0.65545
2018-07-10 10:30:00,0.7489125
2018-07-11 10:30:00,0.8604625
2018-07-12 10:30:00,0.72818744
2018-07-13 10:30:00,0.632625
2018-07-14 10:30:00,0.66131246
2018-07-15 10:30:00,0.6402
2018-07-16 10:30:00,0.95395005
2018-07-17 10:30:00,0.9062375
2018-07-18 10:30:00,0.891275
2018-07-19 10:30:00,0.8384749
2018-07-20 10:30:00,0.89797497
2018-07-21 10:30:00,0.98429996
2018-07-22 10:30:00,0.707625
2018-07-23 10:30:00,0.6620749
2018-07-24 10:30:00,0.96117496
2018-07-25 10:30:00,0.890325
2018-07-26 10:30:00,0.773
2018-07-27 10:30:00,0.806575
2018-07-28 10:30:00,0.8151625
2018-07-29 10:30:00,0.836975
2018-07-30 10:30:00,0.898775
2018-07-31 10:30:00,0.62055
2018-08-01 10:30:00,0.7189375
2018-08-02 10:30:00,0.7748625
2018-08-03 10:30:00,0.8911
2018-08-04 10:30:00,0.8989875
2018-08-05 10:30:00,0.83865
2018-08-06 10:30:00,0.858975
2018-08-07 10:30:00,0.81433743
2018-08-08 10:30:00,0.78928745
2018-08-09 10:30:00,0.6771
2018-08-10 10:30:00,0.7022875
2018-08-11 10:30:00,0.85295
2018-08-12 10:30:00,0.848125
2018-08-13 10:30:00,0.97003746
2018-08-14 10:30:00,0.95985
2018-08-15 10:30:00,0.84535
2018-08-16 10:30:00,0.7968625
2018-08-17 10:30:00,0.8914125
2018-08-18 10:30:00,0.71135
2018-08-19 10:30:00,0.71982497
2018-08-20 10:30:00,0.7731375
2018-08-21 10:30:00,0.6386
2018-08-22 10:30:00,0.7039
2018-08-23 10:30:00,0.7204
2018-08-24 10:30:00,0.7535375
2018-08-25 10:30:00,0.9648625
2018-08-26 10:30:00,0.81383747
2018-08-27 10:30:00,0.77686244
2018-08-28 10:30:00,0.97115
2018-08-29 10:30:00,0.89779997
2018-08-30 10:30:00,0.9341124
2018-08-31 10:30:00,0.77747494
2018-09-01 10:30:00,0.80305
2018-09-02 10:30:00,0.95856255
2018-09-03 10:30:00,0.7151375
2018-09-04 10:30:00,0.71068746
2018-09-05 10:30:00,0.7357625
2018-09-06 10:30:00,0.5703125
2018-09-07 10:30:00,0.7017125
2018-09-08 10:30:00,0.66487503
2018-09-09 10:30:00,0.720925
2018-09-10 10:30:00,0.7869
2018-09-11 10:30:00,0.6968374
2018-09-12 10:30:00,0.6298125
2018-09-13 10:30:00,0.6351625
2018-09-14 10:30:00,0.68483746
2018-09-15 10:30:00,0.4905375
2018-09-16 10:30:00,0.5738375
2018-09-17 10:30:00,0.6093125
2018-09-18 10:30:00,0.6831125
2018-09-19 10:30:00,0.68396246
2018-09-20 10:30:00,0.62415
2018-09-21 10:30:00,0.6718625
2018-09-22 10:30:00,0.7083875
2018-09-23 10:30:00,0.6906
2018-09-24 10:30:00,0.58145
2018-09-25 10:30:00,0.6372
2018-09-26 10:30:00,0.595975
2018-09-27 10:30:00,0.52395
2018-09-28 10:30:00,0.8704125
2018-09-29 10:30:00,0.93402493
2018-09-30 10:30:00,0.89169997
2018-10-01 10:30:00,0.5473125
2018-10-02 10:30:00,0.6219625
2018-10-03 10:30:00,0.635775
2018-10-04 10:30:00,0.57895
2018-10-05 10:30:00,0.41369998
2018-10-06 10:30:00,0.5251375
2018-10-07 10:30:00,0.688275
2018-10-08 10:30:00,0.52486247
2018-10-09 10:30:00,0.62733746
2018-10-10 10:30:00,0.6076125
2018-10-11 10:30:00,0.51865
2018-10-12 10:30:00,0.4571875
2018-10-13 10:30:00,0.41715
2018-10-14 10:30:00,0.4339875
2018-10-15 10:30:00,0.3792375
2018-10-16 10:30:00,0.42055
2018-10-17 10:30:00,0.45894998
2018-10-18 10:30:00,0.425975
2018-10-19 10:30:00,0.442675
2018-10-20 10:30:00,0.38146248
2018-10-21 10:30:00,0.5798875
2018-10-22 10:30:00,0.472825
2018-10-23 10:30:00,0.6494875
2018-10-24 10:30:00,0.60531247
2018-10-25 10:30:00,0.83028746
2018-10-26 10:30:00,0.63944995
2018-10-27 10:30:00,0.38177502
2018-10-28 10:30:00,0.45165
2018-10-29 10:30:00,0.5295
2018-10-30 10:30:00,0.481375
2018-10-31 10:30:00,0.4458
2018-11-01 10:30:00,0.55912495
2018-11-02 10:30:00,0.41182497
2018-11-03 10:30:00,0.441775
2018-11-04 10:30:00,0.5786875
2018-11-05 10:30:00,0.53503746
2018-11-06 10:30:00,0.501725
2018-11-07 10:30:00,0.5615625
2018-11-08 10:30:00,0.69395
2018-11-09 10:30:00,0.5692125
2018-11-10 10:30:00,0.4888125
2018-11-11 10:30:00,0.55518746
2018-11-12 10:30:00,0.57972497
2018-11-13 10:30:00,0.6840875
2018-11-14 10:30:00,0.5663125
2018-11-15 10:30:00,0.3576625
2018-11-16 10:30:00,0.39118752
2018-11-17 10:30:00,0.5663
2018-11-18 10:30:00,0.488275
2018-11-19 10:30:00,0.5440125
2018-11-20 10:30:00,0.5078125
2018-11-21 10:30:00,0.4274
2018-11-22 10:30:00,0.45494998
2018-11-23 10:30:00,0.45464998
2018-11-24 10:30:00,0.455875
2018-11-25 10:30:00,0.37301248
2018-11-26 10:30:00,0.2799625
2018-11-27 10:30:00,0.3527375
2018-11-28 10:30:00,0.39967498
2018-11-29 10:30:00,0.428325
2018-11-30 10:30:00,0.4075375
2018-12-01 10:30:00,0.3929625
2018-12-02 10:30:00,0.34105
2018-12-03 10:30:00,0.3489125
2018-12-04 10:30:00,0.3905125
2018-12-05 10:30:00,0.3909
2018-12-06 10:30:00,0.33989996
2018-12-07 10:30:00,0.334625
2018-12-08 10:30:00,0.40507498
2018-12-09 10:30:00,0.52735
2018-12-10 10:30:00,0.5489
2018-12-11 10:30:00,0.5883125
2018-12-12 10:30:00,0.75182503
2018-12-13 10:30:00,0.550325
2018-12-14 10:30:00,0.6912875
2018-12-15 10:30:00,0.50941247
2018-12-16 10:30:00,0.5766
2018-12-17 10:30:00,0.47397497
2018-12-18 10:30:00,0.5879875
2018-12-19 10:30:00,0.60884994
2018-12-20 10:30:00,0.6672875
2018-12-21 10:30:00,0.6473
2018-12-22 10:30:00,0.33725002
2018-12-23 10:30:00,0.34132499
2018-12-24 10:30:00,0.41712502
2018-12-25 10:30:00,0.3044625
2018-12-26 10:30:00,0.3023625
2018-12-27 10:30:00,0.31809998
2018-12-28 10:30:00,0.3485125
2018-12-29 10:30:00,0.3598875
2018-12-30 10:30:00,0.44272497
2018-12-31 10:30:00,0.389925
2019-01-01 10:30:00,0.331525
2019-01-02 10:30:00,0.48533753
2019-01-03 10:30:00,0.466275
2019-01-04 10:30:00,0.36665002
2019-01-05 10:30:00,0.401975
2019-01-06 10:30:00,0.50764996
2019-01-07 10:30:00,0.4056
2019-01-08 10:30:00,0.27725
2019-01-09 10:30:00,0.3202625
2019-01-10 10:30:00,0.53636247
2019-01-11 10:30:00,0.58225
2019-01-12 10:30:00,0.6096625
2019-01-13 10:30:00,0.563525
2019-01-14 10:30:00,0.42388746
2019-01-15 10:30:00,0.3641875
2019-01-16 10:30:00,0.456325
2019-01-17 10:30:00,0.32127497
2019-01-18 10:30:00,0.40958747
2019-01-19 10:30:00,0.43299997
2019-01-20 10:30:00,0.4326625
2019-01-21 10:30:00,0.4037875
2019-01-22 10:30:00,0.3827125
2019-01-23 10:30:00,0.3095375
2019-01-24 10:30:00,0.425075
2019-01-25 10:30:00,0.34135
2019-01-26 10:30:00,0.33765
2019-01-27 10:30:00,0.398625
2019-01-28 10:30:00,0.4219
2019-01-29 10:30:00,0.35028747
2019-01-30 10:30:00,0.3639125
2019-01-31 10:30:00,0.3414875
2019-02-01 10:30:00,0.36537498
2019-02-02 10:30:00,0.36525002
2019-02-03 10:30:00,0.32017496
2019-02-04 10:30:00,0.3387
2019-02-05 10:30:00,0.32893747
2019-02-06 10:30:00,0.30197498
2019-02-07 10:30:00,0.2855
2019-02-08 10:30:00,0.3265625
2019-02-09 10:30:00,0.3752375
2019-02-10 10:30:00,0.380125
2019-02-11 10:30:00,0.345825
2019-02-12 10:30:00,0.2761625
2019-02-13 10:30:00,0.2664375
2019-02-14 10:30:00,0.23132499
2019-02-15 10:30:00,0.23112498
2019-02-16 10:30:00,0.272325
2019-02-17 10:30:00,0.26245
2019-02-18 10:30:00,0.181625
2019-02-19 10:30:00,0.2448125
2019-02-20 10:30:00,0.2630125
2019-02-21 10:30:00,0.30967498
2019-02-22 10:30:00,0.41303748
2019-02-23 10:30:00,0.3090125
2019-02-24 10:30:00,0.3354125
2019-02-25 10:30:00,0.4378375
2019-02-26 10:30:00,0.37774998
2019-02-27 10:30:00,0.340825
2019-02-28 10:30:00,0.34311247
2019-03-01 10:30:00,0.31675
2019-03-02 10:30:00,0.288575
2019-03-03 10:30:00,0.3489875
2019-03-04 10:30:00,0.3199625
2019-03-05 10:30:00,0.5023625
2019-03-06 10:30:00,0.33107498
2019-03-07 10:30:00,0.30389997
2019-03-08 10:30:00,0.2530125
2019-03-09 10:30:00,0.2731
2019-03-10 10:30:00,0.253175
2019-03-11 10:30:00,0.3033125
2019-03-12 10:30:00,0.26038748
2019-03-13 10:30:00,0.3318125
2019-03-14 10:30:00,0.385075
2019-03-15 10:30:00,0.40728748
2019-03-16 10:30:00,0.420825
2019-03-17 10:30:00,0.31897497
2019-03-18 10:30:00,0.2958375
2019-03-19 10:30:00,0.34645
2019-03-20 10:30:00,0.48755
2019-03-21 10:30:00,0.29883748
2019-03-22 10:30:00,0.2875625
2019-03-23 10:30:00,0.22809999
2019-03-24 10:30:00,0.28745002
2019-03-25 10:30:00,0.1593625
2019-03-26 10:30:00,0.1282625
2019-03-27 10:30:00,0.1623875
2019-03-28 10:30:00,0.2432125
2019-03-29 10:30:00,0.53126246
2019-03-30 10:30:00,0.29195
2019-03-31 10:30:00,0.274075
2019-04-01 10:30:00,0.236075
2019-04-02 10:30:00,0.18385
2019-04-03 10:30:00,0.15644999
2019-04-04 10:30:00,0.387825
2019-04-05 10:30:00,0.354375
2019-04-06 10:30:00,0.4023125
2019-04-07 10:30:00,0.453825
2019-04-08 10:30:00,0.4111
2019-04-09 10:30:00,0.2837
2019-04-10 10:30:00,0.2066
2019-04-11 10:30:00,0.23168749
2019-04-12 10:30:00,0.14326249
2019-04-13 10:30:00,0.3127625
2019-04-14 10:30:00,0.29067498
2019-04-15 10:30:00,0.18159999
2019-04-16 10:30:00,0.1651125
2019-04-17 10:30:00,0.5588375
2019-04-18 10:30:00,0.2692
2019-04-19 10:30:00,0.1806875
2019-04-20 10:30:00,0.157675
2019-04-21 10:30:00,0.19043751
2019-04-22 10:30:00,0.23815
2019-04-23 10:30:00,0.1349625
2019-04-24 10:30:00,0.24188751
2019-04-25 10:30:00,0.27412498
2019-04-26 10:30:00,0.18304999
2019-04-27 10:30:00,0.1711625
2019-04-28 10:30:00,0.32654998
2019-04-29 10:30:00,0.47877496
2019-04-30 10:30:00,0.2259
2019-05-01 10:30:00,0.23768748
2019-05-02 10:30:00,0.2604
2019-05-03 10:30:00,0.21129999
2019-05-04 10:30:00,0.5825
2019-05-05 10:30:00,0.2622375
2019-05-06 10:30:00,0.2077
2019-05-07 10:30:00,0.2255625
2019-05-08 10:30:00,0.2583125
2019-05-09 10:30:00,0.35625
2019-05-10 10:30:00,0.308725
2019-05-11 10:30:00,0.4533125
2019-05-12 10:30:00,0.626675
2019-05-13 10:30:00,0.7213624
2019-05-14 10:30:00,0.528475
2019-05-15 10:30:00,0.439575
2019-05-16 10:30:00,0.2624
2019-05-17 10:30:00,0.2773375
2019-05-18 10:30:00,0.19815
2019-05-19 10:30:00,0.78287494
2019-05-20 10:30:00,0.5341875
2019-05-21 10:30:00,0.5256375
2019-05-22 10:30:00,0.46971247
2019-05-23 10:30:00,0.561975
2019-05-24 10:30:00,0.33209997
2019-05-25 10:30:00,0.5642125
2019-05-26 10:30:00,0.60101247
2019-05-27 10:30:00,0.2676
2019-05-28 10:30:00,0.220275
2019-05-29 10:30:00,0.290925
2019-05-30 10:30:00,0.55416244
2019-05-31 10:30:00,0.64074993
2019-06-01 10:30:00,0.612
2019-06-02 10:30:00,0.56845
2019-06-03 10:30:00,0.5513
2019-06-04 10:30:00,0.54781246
2019-06-05 10:30:00,0.519825
2019-06-06 10:30:00,0.666825
2019-06-07 10:30:00,0.9362875
2019-06-08 10:30:00,0.850825
2019-06-09 10:30:00,0.79351246
2019-06-10 10:30:00,0.696725
2019-06-11 10:30:00,0.6466875
2019-06-12 10:30:00,0.753225
2019-06-13 10:30:00,0.5074
2019-06-14 10:30:00,0.688675
2019-06-15 10:30:00,0.63463753
2019-06-16 10:30:00,0.57105
2019-06-17 10:30:00,0.54085
2019-06-18 10:30:00,0.583175
2019-06-19 10:30:00,0.54515
2019-06-20 10:30:00,0.596825
2019-06-21 10:30:00,0.5732875
2019-06-22 10:30:00,0.6216
2019-06-23 10:30:00,0.515675
2019-06-24 10:30:00,0.40481248
2019-06-25 10:30:00,0.8272
2019-06-26 10:30:00,0.9453375
2019-06-27 10:30:00,0.80653745
2019-06-28 10:30:00,0.924625
2019-06-29 10:30:00,0.83481246
2019-06-30 10:30:00,0.73379993
2019-07-01 10:30:00,0.5926875
2019-07-02 10:30:00,0.8219249
2019-07-03 10:30:00,0.7342375
2019-07-04 10:30:00,0.81201243
2019-07-05 10:30:00,0.92925
2019-07-06 10:30:00,0.981975
2019-07-07 10:30:00,0.7717375
2019-07-08 10:30:00,0.77915
2019-07-09 10:30:00,0.797075
2019-07-10 10:30:00,0.7609125
2019-07-11 10:30:00,0.84879994
2019-07-12 10:30:00,0.8619874
2019-07-13 10:30:00,0.77896243
2019-07-14 10:30:00,0.7938625
2019-07-15 10:30:00,0.74684995
2019-07-16 10:30:00,0.91091245
2019-07-17 10:30:00,0.67441255
2019-07-18 10:30:00,0.68198746
2019-07-19 10:30:00,0.7561875
2019-07-20 10:30:00,0.89686245
2019-07-21 10:30:00,0.71705
2019-07-22 10:30:00,0.70846254
2019-07-23 10:30:00,0.9443875
2019-07-24 10:30:00,0.860675
2019-07-25 10:30:00,0.80654997
2019-07-26 10:30:00,0.69553745
2019-07-27 10:30:00,0.86035
2019-07-28 10:30:00,0.79385
2019-07-29 10:30:00,0.82364994
2019-07-30 10:30:00,0.85311246
2019-07-31 10:30:00,0.72368747
2019-08-01 10:30:00,0.77099997
2019-08-02 10:30:00,0.7894
2019-08-03 10:30:00,0.7717125
2019-08-04 10:30:00,0.740775
2019-08-05 10:30:00,0.8026999
2019-08-06 10:30:00,0.94123745
2019-08-07 10:30:00,0.88691247
2019-08-08 10:30:00,0.91253746
2019-08-09 10:30:00,0.8728375
2019-08-10 10:30:00,0.91207504
2019-08-11 10:30:00,0.90512496
2019-08-12 10:30:00,0.828475
2019-08-13 10:30:00,0.79679996
2019-08-14 10:30:00,0.7199375
2019-08-15 10:30:00,0.745025
2019-08-16 10:30:00,0.8008125
2019-08-17 10:30:00,0.7542375
2019-08-18 10:30:00,0.83217496
2019-08-19 10:30:00,0.7939125
2019-08-20 10:30:00,0.93333745
2019-08-21 10:30:00,0.7231375
2019-08-22 10:30:00,0.8267875
2019-08-23 10:30:00,0.82004994
2019-08-24 10:30:00,0.83512497
2019-08-25 10:30:00,0.8782374
2019-08-26 10:30:00,0.93574995
2019-08-27 10:30:00,0.75888747
2019-08-28 10:30:00,0.8210875
2019-08-29 10:30:00,0.81426245
2019-08-30 10:30:00,0.7291375
2019-08-31 10:30:00,0.7367375
2019-09-01 10:30:00,0.74768746
2019-09-02 10:30:00,0.77757496
2019-09-03 10:30:00,0.8011625
2019-09-04 10:30:00,0.6540125
2019-09-05 10:30:00,0.6777875
2019-09-06 10:30:00,0.818975
2019-09-07 10:30:00,0.775625
2019-09-08 10:30:00,0.5505625
2019-09-09 10:30:00,0.56869996
2019-09-10 10:30:00,0.6435125
2019-09-11 10:30:00,0.66381246
2019-09-12 10:30:00,0.5554375
2019-09-13 10:30:00,0.6432125
2019-09-14 10:30:00,0.6166625
2019-09-15 10:30:00,0.47588748
2019-09-16 10:30:00,0.565175
2019-09-17 10:30:00,0.570775
2019-09-18 10:30:00,0.4622875
2019-09-19 10:30:00,0.7096125
2019-09-20 10:30:00,0.73872495
2019-09-21 10:30:00,0.6584125
2019-09-22 10:30:00,0.6498625
2019-09-23 10:30:00,0.4312375
2019-09-24 10:30:00,0.5512625
2019-09-25 10:30:00,0.5754
2019-09-26 10:30:00,0.5138125
2019-09-27 10:30:00,0.3854625
2019-09-28 10:30:00,0.35355
2019-09-29 10:30:00,0.4680875
2019-09-30 10:30:00,0.64995
2019-10-01 10:30:00,0.5651625
2019-10-02 10:30:00,0.70896244
2019-10-03 10:30:00,0.71349996
2019-10-04 10:30:00,0.551075
2019-10-05 10:30:00,0.605025
2019-10-06 10:30:00,0.49846253
2019-10-07 10:30:00,0.4896125
2019-10-08 10:30:00,0.609325
2019-10-09 10:30:00,0.4466125
2019-10-10 10:30:00,0.39268747
2019-10-11 10:30:00,0.43037498
2019-10-12 10:30:00,0.45341247
2019-10-13 10:30:00,0.394625
2019-10-14 10:30:00,0.2994125
2019-10-15 10:30:00,0.36561248
2019-10-16 10:30:00,0.5087375
2019-10-17 10:30:00,0.46461248
2019-10-18 10:30:00,0.54104996
2019-10-19 10:30:00,0.62685
2019-10-20 10:30:00,0.5782
2019-10-21 10:30:00,0.43702498
2019-10-22 10:30:00,0.51572496
2019-10-23 10:30:00,0.47061247
2019-10-24 10:30:00,0.81956244
2019-10-25 10:30:00,0.58505
2019-10-26 10:30:00,0.68886244
2019-10-27 10:30:00,0.654125
2019-10-28 10:30:00,0.608775
2019-10-29 10:30:00,0.5609125
2019-10-30 10:30:00,0.51301247
2019-10-31 10:30:00,0.3436875
2019-11-01 10:30:00,0.41056252
2019-11-02 10:30:00,0.5262125
2019-11-03 10:30:00,0.63199997
2019-11-04 10:30:00,0.42859998
2019-11-05 10:30:00,0.35705
2019-11-06 10:30:00,0.48499998
2019-11-07 10:30:00,0.4479875
2019-11-08 10:30:00,0.5392875
2019-11-09 10:30:00,0.6933625
2019-11-10 10:30:00,0.536425
2019-11-11 10:30:00,0.2873625
2019-11-12 10:30:00,0.73066247
2019-11-13 10:30:00,0.491325
2019-11-14 10:30:00,0.58349997
2019-11-15 10:30:00,0.53999996
2019-11-16 10:30:00,0.5281125
2019-11-17 10:30:00,0.59596246
2019-11-18 10:30:00,0.39741248
2019-11-19 10:30:00,0.4625375
2019-11-20 10:30:00,0.619475
2019-11-21 10:30:00,0.61855
2019-11-22 10:30:00,0.51905
2019-11-23 10:30:00,0.37615
2019-11-24 10:30:00,0.44285
2019-11-25 10:30:00,0.43991247
2019-11-26 10:30:00,0.409775
2019-11-27 10:30:00,0.3989125
2019-11-28 10:30:00,0.47402498
2019-11-29 10:30:00,0.588875
2019-11-30 10:30:00,0.6193625
2019-12-01 10:30:00,0.49307498
2019-12-02 10:30:00,0.40272498
2019-12-03 10:30:00,0.3447375
2019-12-04 10:30:00,0.373725
2019-12-05 10:30:00,0.40815
2019-12-06 10:30:00,0.5028375
2019-12-07 10:30:00,0.604725
2019-12-08 10:30:00,0.7354875
2019-12-09 10:30:00,0.6775125
2019-12-10 10:30:00,0.6859
2019-12-11 10:30:00,0.573575
2019-12-12 10:30:00,0.6391375
2019-12-13 10:30:00,0.5506375
2019-12-14 10:30:00,0.564575
2019-12-15 10:30:00,0.6446875
2019-12-16 10:30:00,0.56075
2019-12-17 10:30:00,0.494375
2019-12-18 10:30:00,0.5337875
2019-12-19 10:30:00,0.545625
2019-12-20 10:30:00,0.563125
2019-12-21 10:30:00,0.6021125
2019-12-22 10:30:00,0.62235
2019-12-23 10:30:00,0.55925
2019-12-24 10:30:00,0.6212125
2019-12-25 10:30:00,0.5769875
2019-12-26 10:30:00,0.5468625
2019-12-27 10:30:00,0.6165625
2019-12-28 10:30:00,0.6553375
2019-12-29 10:30:00,0.6323625
2019-12-30 10:30:00,0.4371875
2019-12-31 10:30:00,0.44919997
2020-01-01 10:30:00,0.5863375
2020-01-02 10:30:00,0.48997498
2020-01-03 10:30:00,0.54307497
2020-01-04 10:30:00,0.6062875
2020-01-05 10:30:00,0.757725
2020-01-06 10:30:00,0.7858625
2020-01-07 10:30:00,0.6882875
2020-01-08 10:30:00,0.629275
2020-01-09 10:30:00,0.7071875
2020-01-10 10:30:00,0.5927875
2020-01-11 10:30:00,0.5926375
2020-01-12 10:30:00,0.5232125
2020-01-13 10:30:00,0.64678746
2020-01-14 10:30:00,0.66449994
2020-01-15 10:30:00,0.6151
2020-01-16 10:30:00,0.60458744
2020-01-17 10:30:00,0.68343747
2020-01-18 10:30:00,0.75466245
2020-01-19 10:30:00,0.710325
2020-01-20 10:30:00,0.63075
2020-01-21 10:30:00,0.546025
2020-01-22 10:30:00,0.5914625
2020-01-23 10:30:00,0.4941875
2020-01-24 10:30:00,0.6326375
2020-01-25 10:30:00,0.669275
2020-01-26 10:30:00,0.67245
2020-01-27 10:30:00,0.6895125
2020-01-28 10:30:00,0.6974125
2020-01-29 10:30:00,0.68915
2020-01-30 10:30:00,0.70024997
2020-01-31 10:30:00,0.610325
2020-02-01 10:30:00,0.4079375
2020-02-02 10:30:00,0.4919375
2020-02-03 10:30:00,0.4656
2020-02-04 10:30:00,0.43010002
2020-02-05 10:30:00,0.5019125
2020-02-06 10:30:00,0.4623125
2020-02-07 10:30:00,0.61566246
2020-02-08 10:30:00,0.64044994
2020-02-09 10:30:00,0.58665
2020-02-10 10:30:00,0.71082497
2020-02-11 10:30:00,0.58215
2020-02-12 10:30:00,0.68264997
2020-02-13 10:30:00,0.78217494
2020-02-14 10:30:00,0.61015
2020-02-15 10:30:00,0.53634995
2020-02-16 10:30:00,0.54945
2020-02-17 10:30:00,0.46226248
2020-02-18 10:30:00,0.4874625
2020-02-19 10:30:00,0.523475
2020-02-20 10:30:00,0.5844875
2020-02-21 10:30:00,0.74802494
2020-02-22 10:30:00,0.5913
2020-02-23 10:30:00,0.58465
2020-02-24 10:30:00,0.51551247
2020-02-25 10:30:00,0.5806125
2020-02-26 10:30:00,0.5245
2020-02-27 10:30:00,0.4607875
2020-02-28 10:30:00,0.5068
2020-02-29 10:30:00,0.57715
2020-03-01 10:30:00,0.639575
2020-03-02 10:30:00,0.5888875
2020-03-03 10:30:00,0.74195
2020-03-04 10:30:00,0.58072495
2020-03-05 10:30:00,0.596575
2020-03-06 10:30:00,0.6610375
2020-03-07 10:30:00,0.5198375
2020-03-08 10:30:00,0.44807497
2020-03-09 10:30:00,0.34867498
2020-03-10 10:30:00,0.5655625
2020-03-11 10:30:00,0.4407875
2020-03-12 10:30:00,0.23764999
2020-03-13 10:30:00,0.5436625
2020-03-14 10:30:00,0.37478748
2020-03-15 10:30:00,0.2858125
2020-03-16 10:30:00,0.45568746
2020-03-17 10:30:00,0.4454
2020-03-18 10:30:00,0.45096248
2020-03-19 10:30:00,0.40301248
2020-03-20 10:30:00,0.37162498
2020-03-21 10:30:00,0.3217
2020-03-22 10:30:00,0.49779996
2020-03-23 10:30:00,0.43103752
2020-03-24 10:30:00,0.3821625
2020-03-25 10:30:00,0.267875
2020-03-26 10:30:00,0.261475
2020-03-27 10:30:00,0.3406
2020-03-28 10:30:00,0.364975
2020-03-29 10:30:00,0.31614998
2020-03-30 10:30:00,0.223725
2020-03-31 10:30:00,0.25681248
2020-04-01 10:30:00,0.23485
2020-04-02 10:30:00,0.2586625
2020-04-03 10:30:00,0.20548749
2020-04-04 10:30:00,0.2440375
2020-04-05 10:30:00,0.235075
2020-04-06 10:30:00,0.26749998
2020-04-07 10:30:00,0.38143748
2020-04-08 10:30:00,0.35924998
2020-04-09 10:30:00,0.33354998
2020-04-10 10:30:00,0.2008875
2020-04-11 10:30:00,0.2260375
2020-04-12 10:30:00,0.19
2020-04-13 10:30:00,0.19567499
2020-04-14 10:30:00,0.3103625
2020-04-15 10:30:00,0.292875
2020-04-16 10:30:00,0.3484625
2020-04-17 10:30:00,0.30465
2020-04-18 10:30:00,0.1966625
2020-04-19 10:30:00,0.75958747
2020-04-20 10:30:00,0.6443875
2020-04-21 10:30:00,0.61915
2020-04-22 10:30:00,0.4131125
2020-04-23 10:30:00,0.4835125
2020-04-24 10:30:00,0.73565
2020-04-25 10:30:00,0.6857
2020-04-26 10:30:00,0.4910875
2020-04-27 10:30:00,0.3855625
2020-04-28 10:30:00,0.5804375
2020-04-29 10:30:00,0.51989996
2020-04-30 10:30:00,0.40081248
2020-05-01 10:30:00,0.3418
2020-05-02 10:30:00,0.40621248
2020-05-03 10:30:00,0.753825
2020-05-04 10:30:00,0.5509625
2020-05-05 10:30:00,0.520275
2020-05-06 10:30:00,0.30848747
2020-05-07 10:30:00,0.4454125
2020-05-08 10:30:00,0.2812
2020-05-09 10:30:00,0.467225
2020-05-10 10:30:00,0.5091125
2020-05-11 10:30:00,0.533275
2020-05-12 10:30:00,0.423975
2020-05-13 10:30:00,0.3698875
2020-05-14 10:30:00,0.293075
2020-05-15 10:30:00,0.4403625
2020-05-16 10:30:00,0.7698125
2020-05-17 10:30:00,0.4415625
2020-05-18 10:30:00,0.51261246
2020-05-19 10:30:00,0.5150125
2020-05-20 10:30:00,0.7766375
2020-05-21 10:30:00,0.65841246
2020-05-22 10:30:00,0.68885
2020-05-23 10:30:00,0.7234375
2020-05-24 10:30:00,0.41779998
2020-05-25 10:30:00,0.4560625
2020-05-26 10:30:00,0.50133747
2020-05-27 10:30:00,0.48479998
2020-05-28 10:30:00,0.48293748
2020-05-29 10:30:00,0.53403753
2020-05-30 10:30:00,0.51495
2020-05-31 10:30:00,0.77566254
2020-06-01 10:30:00,0.501175
2020-06-02 10:30:00,0.659925
2020-06-03 10:30:00,0.6971
2020-06-04 10:30:00,0.6396375
2020-06-05 10:30:00,0.5435875
2020-06-06 10:30:00,0.65879995
2020-06-07 10:30:00,0.66161245
2020-06-08 10:30:00,0.576275
2020-06-09 10:30:00,0.47373748
2020-06-10 10:30:00,0.702375
2020-06-11 10:30:00,0.506975
2020-06-12 10:30:00,0.65561247
2020-06-13 10:30:00,0.7226375
2020-06-14 10:30:00,0.4735125
2020-06-15 10:30:00,0.5530875
2020-06-16 10:30:00,0.5817625
2020-06-17 10:30:00,0.6122375
2020-06-18 10:30:00,0.67059994
2020-06-19 10:30:00,0.7940875
2020-06-20 10:30:00,0.79653746
2020-06-21 10:30:00,0.6919
2020-06-22 10:30:00,0.8052625
2020-06-23 10:30:00,0.8803125
2020-06-24 10:30:00,0.74927497
2020-06-25 10:30:00,0.6995625
2020-06-26 10:30:00,0.71091247
2020-06-27 10:30:00,0.6439
2020-06-28 10:30:00,0.709325
2020-06-29 10:30:00,0.749175
2020-06-30 10:30:00,0.75506246
2020-07-01 10:30:00,0.6711375
2020-07-02 10:30:00,0.643025
2020-07-03 10:30:00,0.7173625
2020-07-04 10:30:00,0.73475
2020-07-05 10:30:00,0.730175
2020-07-06 10:30:00,0.72973746
2020-07-07 10:30:00,0.6028625
2020-07-08 10:30:00,0.6440875
2020-07-09 10:30:00,0.6226125
2020-07-10 10:30:00,0.6274875
2020-07-11 10:30:00,0.69383746
2020-07-12 10:30:00,0.721875
2020-07-13 10:30:00,0.6324625
2020-07-14 10:30:00,0.59708744
2020-07-15 10:30:00,0.62763745
2020-07-16 10:30:00,0.6499125
2020-07-17 10:30:00,0.762025
2020-07-18 10:30:00,0.79458743
2020-07-19 10:30:00,0.6987625
2020-07-20 10:30:00,0.5905625
2020-07-21 10:30:00,0.54940003
2020-07-22 10:30:00,0.68355
2020-07-23 10:30:00,0.636175
2020-07-24 10:30:00,0.61597496
2020-07-25 10:30:00,0.7375
2020-07-26 10:30:00,0.62995
2020-07-27 10:30:00,0.671725
2020-07-28 10:30:00,0.8512375
2020-07-29 10:30:00,0.9230625
2020-07-30 10:30:00,0.8176875
2020-07-31 10:30:00,0.76686245
2020-08-01 10:30:00,0.6938625
2020-08-02 10:30:00,0.86091244
2020-08-03 10:30:00,0.81663746
2020-08-04 10:30:00,0.86198753
2020-08-05 10:30:00,0.86263746
2020-08-06 10:30:00,0.822275
2020-08-07 10:30:00,0.8074375
2020-08-08 10:30:00,0.8432375
2020-08-09 10:30:00,0.8172625
2020-08-10 10:30:00,0.76857495
2020-08-11 10:30:00,0.6812875
2020-08-12 10:30:00,0.6896
2020-08-13 10:30:00,0.8656375
2020-08-14 10:30:00,0.8936374
2020-08-15 10:30:00,0.700075
2020-08-16 10:30:00,0.7980625
2020-08-17 10:30:00,0.8721125
2020-08-18 10:30:00,0.70986253
2020-08-19 10:30:00,0.6993
2020-08-20 10:30:00,0.71205
2020-08-21 10:30:00,0.7260625
2020-08-22 10:30:00,0.75777495
2020-08-23 10:30:00,0.7983875
2020-08-24 10:30:00,0.797825
2020-08-25 10:30:00,0.7351625
2020-08-26 10:30:00,0.68277496
2020-08-27 10:30:00,0.64457494
2020-08-28 10:30:00,0.86097497
2020-08-29 10:30:00,0.83348745
2020-08-30 10:30:00,0.82863754
2020-08-31 10:30:00,0.75122494
2020-09-01 10:30:00,0.732125
2020-09-02 10:30:00,0.7131125
2020-09-03 10:30:00,0.73039997
2020-09-04 10:30:00,0.64826244
2020-09-05 10:30:00,0.73521245
2020-09-06 10:30:00,0.74623746
2020-09-07 10:30:00,0.7663625
2020-09-08 10:30:00,0.54725
2020-09-09 10:30:00,0.462675
2020-09-10 10:30:00,0.63444996
2020-09-11 10:30:00,0.755
2020-09-12 10:30:00,0.7591
2020-09-13 10:30:00,0.7458
2020-09-14 10:30:00,0.85940003
2020-09-15 10:30:00,0.67611253
2020-09-16 10:30:00,0.881425
2020-09-17 10:30:00,0.7494
2020-09-18 10:30:00,0.714025
2020-09-19 10:30:00,0.6601375
2020-09-20 10:30:00,0.76536244
2020-09-21 10:30:00,0.7801375
2020-09-22 10:30:00,0.7541625
2020-09-23 10:30:00,0.64345
2020-09-24 10:30:00,0.710225
2020-09-25 10:30:00,0.7361625
2020-09-26 10:30:00,0.762325
2020-09-27 10:30:00,0.5061125
2020-09-28 10:30:00,0.56818753
2020-09-29 10:30:00,0.602625
2020-09-30 10:30:00,0.693075
2020-10-01 10:30:00,0.8652625
2020-10-02 10:30:00,0.71145004
2020-10-03 10:30:00,0.5711
2020-10-04 10:30:00,0.5739125
2020-10-05 10:30:00,0.5823875
2020-10-06 10:30:00,0.579525
2020-10-07 10:30:00,0.62215
2020-10-08 10:30:00,0.55202496
2020-10-09 10:30:00,0.71827495
2020-10-10 10:30:00,0.3884875
2020-10-11 10:30:00,0.448875
2020-10-12 10:30:00,0.4815375
2020-10-13 10:30:00,0.5707875
2020-10-14 10:30:00,0.4832125
2020-10-15 10:30:00,0.40452498
2020-10-16 10:30:00,0.53989995
2020-10-17 10:30:00,0.4925125
2020-10-18 10:30:00,0.49996248
2020-10-19 10:30:00,0.5339625
2020-10-20 10:30:00,0.37241247
2020-10-21 10:30:00,0.529725
2020-10-22 10:30:00,0.43416247
2020-10-23 10:30:00,0.43611252
2020-10-24 10:30:00,0.4341375
2020-10-25 10:30:00,0.61265
2020-10-26 10:30:00,0.49421248
2020-10-27 10:30:00,0.42428747
2020-10-28 10:30:00,0.4282125
2020-10-29 10:30:00,0.5700125
2020-10-30 10:30:00,0.393975
2020-10-31 10:30:00,0.49564996
2020-11-01 10:30:00,0.479925
2020-11-02 10:30:00,0.3760875
2020-11-03 10:30:00,0.33259997
2020-11-04 10:30:00,0.487525
2020-11-05 10:30:00,0.4902375
2020-11-06 10:30:00,0.52503747
2020-11-07 10:30:00,0.52
2020-11-08 10:30:00,0.47913748
2020-11-09 10:30:00,0.5319875
2020-11-10 10:30:00,0.6391875
2020-11-11 10:30:00,0.53384995
2020-11-12 10:30:00,0.515325
2020-11-13 10:30:00,0.531575
2020-11-14 10:30:00,0.49104998
2020-11-15 10:30:00,0.45943746
2020-11-16 10:30:00,0.56286246
2020-11-17 10:30:00,0.6690875
2020-11-18 10:30:00,0.55022496
2020-11-19 10:30:00,0.4004875
2020-11-20 10:30:00,0.45819998
2020-11-21 10:30:00,0.47118747
2020-11-22 10:30:00,0.51603746
2020-11-23 10:30:00,0.63173753
2020-11-24 10:30:00,0.6951249
2020-11-25 10:30:00,0.4803625
2020-11-26 10:30:00,0.51224995
2020-11-27 10:30:00,0.4525125
2020-11-28 10:30:00,0.4947
2020-11-29 10:30:00,0.52076244
2020-11-30 10:30:00,0.51827496
2020-12-01 10:30:00,0.5661
2020-12-02 10:30:00,0.5127875
2020-12-03 10:30:00,0.48623747
2020-12-04 10:30:00,0.4998
2020-12-05 10:30:00,0.574725
2020-12-06 10:30:00,0.5129375
2020-12-07 10:30:00,0.47823748
2020-12-08 10:30:00,0.5018875
2020-12-09 10:30:00,0.47709998
2020-12-10 10:30:00,0.50651246
2020-12-11 10:30:00,0.47629997
2020-12-12 10:30:00,0.4729
2020-12-13 10:30:00,0.41518748
2020-12-14 10:30:00,0.38198748
2020-12-15 10:30:00,0.35693747
2020-12-16 10:30:00,0.4871625
2020-12-17 10:30:00,0.4343125
2020-12-18 10:30:00,0.3617125
2020-12-19 10:30:00,0.5248375
2020-12-20 10:30:00,0.47068748
2020-12-21 10:30:00,0.43236247
2020-12-22 10:30:00,0.5866125
2020-12-23 10:30:00,0.6201125
2020-12-24 10:30:00,0.5479875
2020-12-25 10:30:00,0.57083744
2020-12-26 10:30:00,0.701725
2020-12-27 10:30:00,0.6005375
2020-12-28 10:30:00,0.49124998
2020-12-29 10:30:00,0.40923747
2020-12-30 10:30:00,0.45901248
2020-12-31 10:30:00,0.40965
2021-01-01 10:30:00,0.45796248
2021-01-02 10:30:00,0.4761375
2021-01-03 10:30:00,0.47326252
2021-01-04 10:30:00,0.47329998
2021-01-05 10:30:00,0.45909998
2021-01-06 10:30:00,0.3712
2021-01-07 10:30:00,0.43400002
2021-01-08 10:30:00,0.4326625
2021-01-09 10:30:00,0.5219375
2021-01-10 10:30:00,0.5082125
2021-01-11 10:30:00,0.5531
2021-01-12 10:30:00,0.75235
2021-01-13 10:30:00,0.5081875
2021-01-14 10:30:00,0.58605
2021-01-15 10:30:00,0.53104997
2021-01-16 10:30:00,0.58647496
2021-01-17 10:30:00,0.507125
2021-01-18 10:30:00,0.38397497
2021-01-19 10:30:00,0.594225
2021-01-20 10:30:00,0.601925
2021-01-21 10:30:00,0.66667503
2021-01-22 10:30:00,0.62122494
2021-01-23 10:30:00,0.61311245
2021-01-24 10:30:00,0.64937496
2021-01-25 10:30:00,0.60494995
2021-01-26 10:30:00,0.44753748
2021-01-27 10:30:00,0.45401248
2021-01-28 10:30:00,0.4273625
2021-01-29 10:30:00,0.62013745
2021-01-30 10:30:00,0.5492875
2021-01-31 10:30:00,0.69823754
2021-02-01 10:30:00,0.483775
2021-02-02 10:30:00,0.4416125
2021-02-03 10:30:00,0.4808875
2021-02-04 10:30:00,0.63432497
2021-02-05 10:30:00,0.585325
2021-02-06 10:30:00,0.5397125
2021-02-07 10:30:00,0.50795
2021-02-08 10:30:00,0.604225
2021-02-09 10:30:00,0.5344125
2021-02-10 10:30:00,0.577775
2021-02-11 10:30:00,0.5569125
2021-02-12 10:30:00,0.38322496
2021-02-13 10:30:00,0.42767498
2021-02-14 10:30:00,0.39401248
2021-02-15 10:30:00,0.34463748
2021-02-16 10:30:00,0.38959998
2021-02-17 10:30:00,0.32077497
2021-02-18 10:30:00,0.4630625
2021-02-19 10:30:00,0.424875
2021-02-20 10:30:00,0.51998746
2021-02-21 10:30:00,0.59959996
2021-02-22 10:30:00,0.4473
2021-02-23 10:30:00,0.52775
2021-02-24 10:30:00,0.506125
2021-02-25 10:30:00,0.5089125
2021-02-26 10:30:00,0.63041246
2021-02-27 10:30:00,0.48165
2021-02-28 10:30:00,0.3143125
2021-03-01 10:30:00,0.498175
2021-03-02 10:30:00,0.541425
2021-03-03 10:30:00,0.6501625
2021-03-04 10:30:00,0.4248875
2021-03-05 10:30:00,0.32533747
2021-03-06 10:30:00,0.37948748
2021-03-07 10:30:00,0.461125
2021-03-08 10:30:00,0.430275
2021-03-09 10:30:00,0.2802
2021-03-10 10:30:00,0.38869998
2021-03-11 10:30:00,0.39775002
2021-03-12 10:30:00,0.3960875
2021-03-13 10:30:00,0.4158625
2021-03-14 10:30:00,0.362825
2021-03-15 10:30:00,0.34568748
2021-03-16 10:30:00,0.217825
2021-03-17 10:30:00,0.37576252
2021-03-18 10:30:00,0.3140125
2021-03-19 10:30:00,0.52357495
2021-03-20 10:30:00,0.7244625
2021-03-21 10:30:00,0.5376125
2021-03-22 10:30:00,0.46455002
2021-03-23 10:30:00,0.40585
2021-03-24 10:30:00,0.38323748
2021-03-25 10:30:00,0.4104875
2021-03-26 10:30:00,0.7433124
2021-03-27 10:30:00,0.3634125
2021-03-28 10:30:00,0.45818746
2021-03-29 10:30:00,0.4048875
2021-03-30 10:30:00,0.3055875
2021-03-31 10:30:00,0.407625
2021-04-01 10:30:00,0.35753748
2021-04-02 10:30:00,0.344475
2021-04-03 10:30:00,0.3520625
2021-04-04 10:30:00,0.33470002
2021-04-05 10:30:00,0.32
2021-04-06 10:30:00,0.23891251
2021-04-07 10:30:00,0.3139125
2021-04-08 10:30:00,0.3600875
2021-04-09 10:30:00,0.3015625
2021-04-10 10:30:00,0.233825
2021-04-11 10:30:00,0.46621248
2021-04-12 10:30:00,0.43014997
2021-04-13 10:30:00,0.37542498
2021-04-14 10:30:00,0.39901248
2021-04-15 10:30:00,0.62866247
2021-04-16 10:30:00,0.8022375
2021-04-17 10:30:00,0.58353746
2021-04-18 10:30:00,0.4405125
2021-04-19 10:30:00,0.2728
2021-04-20 10:30:00,0.31042498
2021-04-21 10:30:00,0.31295
2021-04-22 10:30:00,0.4643375
2021-04-23 10:30:00,0.50296247
2021-04-24 10:30:00,0.25635
2021-04-25 10:30:00,0.26165
2021-04-26 10:30:00,0.27275
2021-04-27 10:30:00,0.34005
2021-04-28 10:30:00,0.30244997
2021-04-29 10:30:00,0.42353746
2021-04-30 10:30:00,0.774925
2021-05-01 10:30:00,0.5761875
2021-05-02 10:30:00,0.2764
2021-05-03 10:30:00,0.392175
2021-05-04 10:30:00,0.46124998
2021-05-05 10:30:00,0.5484
2021-05-06 10:30:00,0.43101248
2021-05-07 10:30:00,0.70796245
2021-05-08 10:30:00,0.55557495
2021-05-09 10:30:00,0.48412502
2021-05-10 10:30:00,0.46294996
2021-05-11 10:30:00,0.4368
2021-05-12 10:30:00,0.43601248
2021-05-13 10:30:00,0.371425
2021-05-14 10:30:00,0.366875
2021-05-15 10:30:00,0.39704996
2021-05-16 10:30:00,0.3158875
2021-05-17 10:30:00,0.40024996
2021-05-18 10:30:00,0.5187875
2021-05-19 10:30:00,0.5626125
2021-05-20 10:30:00,0.5738125
2021-05-21 10:30:00,0.4446625
2021-05-22 10:30:00,0.3044625
2021-05-23 10:30:00,0.422525
2021-05-24 10:30:00,0.5175375
2021-05-25 10:30:00,0.39674997
2021-05-26 10:30:00,0.5104375
2021-05-27 10:30:00,0.690875
2021-05-28 10:30:00,0.6162625
2021-05-29 10:30:00,0.53482497
2021-05-30 10:30:00,0.637375
2021-05-31 10:30:00,0.72007495
2021-06-01 10:30:00,0.52015
2021-06-02 10:30:00,0.80525
2021-06-03 10:30:00,0.8248625
2021-06-04 10:30:00,0.737625
2021-06-05 10:30:00,0.7645625
2021-06-06 10:30:00,0.58077496
2021-06-07 10:30:00,0.6165125
2021-06-08 10:30:00,0.6800375
2021-06-09 10:30:00,0.64845
2021-06-10 10:30:00,0.5394625
2021-06-11 10:30:00,0.52196246
2021-06-12 10:30:00,0.5901875
2021-06-13 10:30:00,0.6230625
2021-06-14 10:30:00,0.86675
2021-06-15 10:30:00,0.6698625
2021-06-16 10:30:00,0.75182503
2021-06-17 10:30:00,0.47171247
2021-06-18 10:30:00,0.6353375
2021-06-19 10:30:00,0.7076125
2021-06-20 10:30:00,0.7977875
2021-06-21 10:30:00,0.74165
2021-06-22 10:30:00,0.7449875
2021-06-23 10:30:00,0.70037496
2021-06-24 10:30:00,0.64107496
2021-06-25 10:30:00,0.6975125
2021-06-26 10:30:00,0.7507374
2021-06-27 10:30:00,0.7646
2021-06-28 10:30:00,0.71205
2021-06-29 10:30:00,0.7318625
2021-06-30 10:30:00,0.83776253
2021-07-01 10:30:00,0.8351875
2021-07-02 10:30:00,0.9161625
2021-07-03 10:30:00,0.90915
2021-07-04 10:30:00,0.8915374
2021-07-05 10:30:00,0.7751
2021-07-06 10:30:00,0.75192493
2021-07-07 10:30:00,0.8327
2021-07-08 10:30:00,0.8974375
2021-07-09 10:30:00,0.818925
2021-07-10 10:30:00,0.83668745
2021-07-11 10:30:00,0.7442875
2021-07-12 10:30:00,0.809175
2021-07-13 10:30:00,0.933225
2021-07-14 10:30:00,0.8632625
2021-07-15 10:30:00,0.8557625
2021-07-16 10:30:00,0.64076245
2021-07-17 10:30:00,0.9075125
2021-07-18 10:30:00,0.88018745
2021-07-19 10:30:00,0.77169997
2021-07-20 10:30:00,0.735475
2021-07-21 10:30:00,0.8178
2021-07-22 10:30:00,0.92481244
2021-07-23 10:30:00,0.8766625
2021-07-24 10:30:00,0.852125
2021-07-25 10:30:00,0.794375
2021-07-26 10:30:00,0.95794994
2021-07-27 10:30:00,0.89871246
2021-07-28 10:30:00,0.79580003
2021-07-29 10:30:00,0.81422496
2021-07-30 10:30:00,0.82664996
2021-07-31 10:30:00,0.842125
2021-08-01 10:30:00,0.8343125
2021-08-02 10:30:00,0.7719
2021-08-03 10:30:00,0.83967495
2021-08-04 10:30:00,0.88903743
2021-08-05 10:30:00,0.75825006
2021-08-06 10:30:00,0.761325
2021-08-07 10:30:00,0.7822875
2021-08-08 10:30:00,0.8167875
2021-08-09 10:30:00,0.865675
2021-08-10 10:30:00,0.90982497
2021-08-11 10:30:00,0.8692875
2021-08-12 10:30:00,0.838925
2021-08-13 10:30:00,0.8398625
2021-08-14 10:30:00,0.866975
2021-08-15 10:30:00,0.7965875
2021-08-16 10:30:00,0.8119
2021-08-17 10:30:00,0.78662497
2021-08-18 10:30:00,0.7763375
2021-08-19 10:30:00,0.859925
2021-08-20 10:30:00,0.7656125
2021-08-21 10:30:00,0.72185
2021-08-22 10:30:00,0.74221253
2021-08-23 10:30:00,0.80232495
2021-08-24 10:30:00,0.79065
2021-08-25 10:30:00,0.871975
2021-08-26 10:30:00,0.90924996
2021-08-27 10:30:00,0.8137124
2021-08-28 10:30:00,0.7363875
2021-08-29 10:30:00,0.70296246
2021-08-30 10:30:00,0.70879996
2021-08-31 10:30:00,0.74715
2021-09-01 10:30:00,0.78819996
2021-09-02 10:30:00,0.77247494
2021-09-03 10:30:00,0.86249995
2021-09-04 10:30:00,0.82427496
2021-09-05 10:30:00,0.8743
2021-09-06 10:30:00,0.91988754
2021-09-07 10:30:00,0.7919
2021-09-08 10:30:00,0.9253875
2021-09-09 10:30:00,0.8767875
2021-09-10 10:30:00,0.70778745
2021-09-11 10:30:00,0.74315
2021-09-12 10:30:00,0.7654
2021-09-13 10:30:00,0.71065
2021-09-14 10:30:00,0.7498124
2021-09-15 10:30:00,0.911575
2021-09-16 10:30:00,0.6645625
2021-09-17 10:30:00,0.70765
2021-09-18 10:30:00,0.68
2021-09-19 10:30:00,0.8832
2021-09-20 10:30:00,0.87513745
2021-09-21 10:30:00,0.64985
2021-09-22 10:30:00,0.70905
2021-09-23 10:30:00,0.741075
2021-09-24 10:30:00,0.882025
2021-09-25 10:30:00,0.9244125
2021-09-26 10:30:00,0.9366625
2021-09-27 10:30:00,0.70332503
2021-09-28 10:30:00,0.5368625
2021-09-29 10:30:00,0.54760003
2021-09-30 10:30:00,0.64777493
2021-10-01 10:30:00,0.6829875
2021-10-02 10:30:00,0.5564
2021-10-03 10:30:00,0.84849995
2021-10-04 10:30:00,0.6870875
2021-10-05 10:30:00,0.57119995
2021-10-06 10:30:00,0.69027495
2021-10-07 10:30:00,0.6152875
2021-10-08 10:30:00,0.528825
2021-10-09 10:30:00,0.4571125
2021-10-10 10:30:00,0.4697375
2021-10-11 10:30:00,0.537975
2021-10-12 10:30:00,0.54636246
2021-10-13 10:30:00,0.599725
2021-10-14 10:30:00,0.5348375
2021-10-15 10:30:00,0.438325
2021-10-16 10:30:00,0.430325
2021-10-17 10:30:00,0.6182375
2021-10-18 10:30:00,0.57535
2021-10-19 10:30:00,0.57275003
2021-10-20 10:30:00,0.6121
2021-10-21 10:30:00,0.55875
2021-10-22 10:30:00,0.55767494
2021-10-23 10:30:00,0.5283125
2021-10-24 10:30:00,0.512075
2021-10-25 10:30:00,0.4412125
2021-10-26 10:30:00,0.4752
2021-10-27 10:30:00,0.4713375
2021-10-28 10:30:00,0.6161
2021-10-29 10:30:00,0.56159997
2021-10-30 10:30:00,0.609225
2021-10-31 10:30:00,0.5039
2021-11-01 10:30:00,0.6683625
2021-11-02 10:30:00,0.6875875
2021-11-03 10:30:00,0.709575
2021-11-04 10:30:00,0.75114995
2021-11-05 10:30:00,0.62935
2021-11-06 10:30:00,0.514775
2021-11-07 10:30:00,0.5825375
2021-11-08 10:30:00,0.4413375
2021-11-09 10:30:00,0.661275
2021-11-10 10:30:00,0.47443748
2021-11-11 10:30:00,0.3764375
2021-11-12 10:30:00,0.471925
2021-11-13 10:30:00,0.57963747
2021-11-14 10:30:00,0.621075
2021-11-15 10:30:00,0.6897875
2021-11-16 10:30:00,0.74055
2021-11-17 10:30:00,0.5356125
2021-11-18 10:30:00,0.46191248
2021-11-19 10:30:00,0.6182375
2021-11-20 10:30:00,0.73875
2021-11-21 10:30:00,0.85943747
2021-11-22 10:30:00,0.552475
2021-11-23 10:30:00,0.4617625
2021-11-24 10:30:00,0.4952375
2021-11-25 10:30:00,0.5048125
2021-11-26 10:30:00,0.67018753
2021-11-27 10:30:00,0.7783375
2021-11-28 10:30:00,0.7396375
2021-11-29 10:30:00,0.6919625
2021-11-30 10:30:00,0.60249996
2021-12-01 10:30:00,0.635475
2021-12-02 10:30:00,0.4784
2021-12-03 10:30:00,0.4543125
2021-12-04 10:30:00,0.74211246
2021-12-05 10:30:00,0.561075
2021-12-06 10:30:00,0.5230875
2021-12-07 10:30:00,0.6387375
2021-12-08 10:30:00,0.73571247
2021-12-09 10:30:00,0.774925
2021-12-10 10:30:00,0.5976125
2021-12-11 10:30:00,0.49166247
2021-12-12 10:30:00,0.492075
2021-12-13 10:30:00,0.586825
2021-12-14 10:30:00,0.56525
2021-12-15 10:30:00,0.8147125
2021-12-16 10:30:00,0.4919625
2021-12-17 10:30:00,0.5236625
2021-12-18 10:30:00,0.64826244
2021-12-19 10:30:00,0.6558
2021-12-20 10:30:00,0.4145625
2021-12-21 10:30:00,0.47248748
2021-12-22 10:30:00,0.607675
2021-12-23 10:30:00,0.4453625
2021-12-24 10:30:00,0.4491875
2021-12-25 10:30:00,0.483175
2021-12-26 10:30:00,0.553925
2021-12-27 10:30:00,0.64555
2021-12-28 10:30:00,0.5557375
2021-12-29 10:30:00,0.5656625
2021-12-30 10:30:00,0.49853748
2021-12-31 10:30:00,0.5785875
2022-01-01 10:30:00,0.5304125
2022-01-02 10:30:00,0.514375
2022-01-03 10:30:00,0.490025
2022-01-04 10:30:00,0.6530375
2022-01-05 10:30:00,0.5989125
2022-01-06 10:30:00,0.68473744
2022-01-07 10:30:00,0.6326
2022-01-08 10:30:00,0.6639875
2022-01-09 10:30:00,0.53388745
2022-01-10 10:30:00,0.5435375
2022-01-11 10:30:00,0.51902497
2022-01-12 10:30:00,0.523475
2022-01-13 10:30:00,0.5906625
2022-01-14 10:30:00,0.6472125
2022-01-15 10:30:00,0.49104998
2022-01-16 10:30:00,0.50673753
2022-01-17 10:30:00,0.54025
2022-01-18 10:30:00,0.58432496
2022-01-19 10:30:00,0.49304998
2022-01-20 10:30:00,0.544625
2022-01-21 10:30:00,0.601525
2022-01-22 10:30:00,0.6296875
2022-01-23 10:30:00,0.6259
2022-01-24 10:30:00,0.71448743
2022-01-25 10:30:00,0.64897496
2022-01-26 10:30:00,0.572025
2022-01-27 10:30:00,0.5436625
2022-01-28 10:30:00,0.42479998
2022-01-29 10:30:00,0.3874375
2022-01-30 10:30:00,0.45833752
2022-01-31 10:30:00,0.483375
2022-02-01 10:30:00,0.46801248
2022-02-02 10:30:00,0.4603375
2022-02-03 10:30:00,0.43615
2022-02-04 10:30:00,0.406375
2022-02-05 10:30:00,0.46234998
2022-02-06 10:30:00,0.43921247
2022-02-07 10:30:00,0.5635875
2022-02-08 10:30:00,0.60421246
2022-02-09 10:30:00,0.553725
2022-02-10 10:30:00,0.77297497
2022-02-11 10:30:00,0.650825
2022-02-12 10:30:00,0.6152375
2022-02-13 10:30:00,0.6264875
2022-02-14 10:30:00,0.59099996
2022-02-15 10:30:00,0.5246125
2022-02-16 10:30:00,0.5400125
2022-02-17 10:30:00,0.5807375
2022-02-18 10:30:00,0.6937875
2022-02-19 10:30:00,0.5079
2022-02-20 10:30:00,0.5059875
2022-02-21 10:30:00,0.4755875
2022-02-22 10:30:00,0.533875
2022-02-23 10:30:00,0.4870375
2022-02-24 10:30:00,0.47492498
2022-02-25 10:30:00,0.50869995
2022-02-26 10:30:00,0.506275
2022-02-27 10:30:00,0.54526246
2022-02-28 10:30:00,0.5573
2022-03-01 10:30:00,0.48755
2022-03-02 10:30:00,0.46351248
2022-03-03 10:30:00,0.4811625
2022-03-04 10:30:00,0.4241875
2022-03-05 10:30:00,0.37362498
2022-03-06 10:30:00,0.3405875
2022-03-07 10:30:00,0.402475
2022-03-08 10:30:00,0.452425
2022-03-09 10:30:00,0.4366
2022-03-10 10:30:00,0.17220001
2022-03-11 10:30:00,0.20663749
2022-03-12 10:30:00,0.7538
2022-03-13 10:30:00,0.713
2022-03-14 10:30:00,0.71529996
2022-03-15 10:30:00,0.67881244
2022-03-16 10:30:00,0.37937498
2022-03-17 10:30:00,0.456825
2022-03-18 10:30:00,0.5453875
2022-03-19 10:30:00,0.42412502
2022-03-20 10:30:00,0.452275
2022-03-21 10:30:00,0.3838125
2022-03-22 10:30:00,0.3752
2022-03-23 10:30:00,0.61233747
2022-03-24 10:30:00,0.73561245
2022-03-25 10:30:00,0.6573375
2022-03-26 10:30:00,0.4687
2022-03-27 10:30:00,0.47342497
2022-03-28 10:30:00,0.396175
2022-03-29 10:30:00,0.2847
2022-03-30 10:30:00,0.3135
2022-03-31 10:30:00,0.32838747
2022-04-01 10:30:00,0.3252625
2022-04-02 10:30:00,0.3964875
2022-04-03 10:30:00,0.31985
2022-04-04 10:30:00,0.31252497
2022-04-05 10:30:00,0.32195
2022-04-06 10:30:00,0.302725
2022-04-07 10:30:00,0.36178747
2022-04-08 10:30:00,0.3387375
2022-04-09 10:30:00,0.23611249
2022-04-10 10:30:00,0.3615625
2022-04-11 10:30:00,0.32669997
2022-04-12 10:30:00,0.38018748
2022-04-13 10:30:00,0.394925
2022-04-14 10:30:00,0.3492375
2022-04-15 10:30:00,0.276425
2022-04-16 10:30:00,0.35287496
2022-04-17 10:30:00,0.33978748
2022-04-18 10:30:00,0.3805625
2022-04-19 10:30:00,0.339775
2022-04-20 10:30:00,0.2932875
2022-04-21 10:30:00,0.77005005
2022-04-22 10:30:00,0.472825
2022-04-23 10:30:00,0.51006246
2022-04-24 10:30:00,0.487325
2022-04-25 10:30:00,0.71915
2022-04-26 10:30:00,0.385675
2022-04-27 10:30:00,0.3592625
2022-04-28 10:30:00,0.25527498
2022-04-29 10:30:00,0.6573375
2022-04-30 10:30:00,0.48058748
2022-05-01 10:30:00,0.4149375
2022-05-02 10:30:00,0.37998748
2022-05-03 10:30:00,0.5416125
2022-05-04 10:30:00,0.486525
2022-05-05 10:30:00,0.73653746
2022-05-06 10:30:00,0.342275
2022-05-07 10:30:00,0.2857625
2022-05-08 10:30:00,0.2907875
2022-05-09 10:30:00,0.23528749
2022-05-10 10:30:00,0.71568745
2022-05-11 10:30:00,0.54384995
2022-05-12 10:30:00,0.5761875
2022-05-13 10:30:00,0.6294625
2022-05-14 10:30:00,0.42971247
2022-05-15 10:30:00,0.35038748
2022-05-16 10:30:00,0.33006248
2022-05-17 10:30:00,0.39325
2022-05-18 10:30:00,0.40937498
2022-05-19 10:30:00,0.46717498
2022-05-20 10:30:00,0.33179998
2022-05-21 10:30:00,0.4238625
2022-05-22 10:30:00,0.4051
2022-05-23 10:30:00,0.4571875
2022-05-24 10:30:00,0.77308744
2022-05-25 10:30:00,0.5158875
2022-05-26 10:30:00,0.50713754
2022-05-27 10:30:00,0.3439125
2022-05-28 10:30:00,0.4463625
2022-05-29 10:30:00,0.8356624
2022-05-30 10:30:00,0.7553875
2022-05-31 10:30:00,0.66951245
2022-06-01 10:30:00,0.700175
2022-06-02 10:30:00,0.539675
2022-06-03 10:30:00,0.6039375
2022-06-04 10:30:00,0.7549125
2022-06-05 10:30:00,0.59077495
2022-06-06 10:30:00,0.614975
2022-06-07 10:30:00,0.8344125
2022-06-08 10:30:00,0.68165
2022-06-09 10:30:00,0.6398625
2022-06-10 10:30:00,0.63764995
2022-06-11 10:30:00,0.6832125
2022-06-12 10:30:00,0.9129125
2022-06-13 10:30:00,0.84998745
2022-06-14 10:30:00,0.82686245
2022-06-15 10:30:00,0.7554125
2022-06-16 10:30:00,0.7672125
2022-06-17 10:30:00,0.6588375
2022-06-18 10:30:00,0.61175
2022-06-19 10:30:00,0.64457494
2022-06-20 10:30:00,0.683
2022-06-21 10:30:00,0.535825
2022-06-22 10:30:00,0.594025
2022-06-23 10:30:00,0.75263745
2022-06-24 10:30:00,0.8028375
2022-06-25 10:30:00,0.8235875
2022-06-26 10:30:00,0.7019875
2022-06-27 10:30:00,0.79683745
2022-06-28 10:30:00,0.69112504
2022-06-29 10:30:00,0.7189375
2022-06-30 10:30:00,0.79169995
2022-07-01 10:30:00,0.8079625
2022-07-02 10:30:00,0.836825
2022-07-03 10:30:00,0.7550875
2022-07-04 10:30:00,0.71987504
2022-07-05 10:30:00,0.8183875
2022-07-06 10:30:00,0.9159
2022-07-07 10:30:00,0.72241247
2022-07-08 10:30:00,0.7241375
2022-07-09 10:30:00,0.67995
2022-07-10 10:30:00,0.70635
2022-07-11 10:30:00,0.68422496
2022-07-12 10:30:00,0.6069625
2022-07-13 10:30:00,0.8743125
2022-07-14 10:30:00,0.8643625
2022-07-15 10:30:00,0.867475
2022-07-16 10:30:00,0.84419996
2022-07-17 10:30:00,0.81815
2022-07-18 10:30:00,0.8668
2022-07-19 10:30:00,0.7138624
2022-07-20 10:30:00,0.7599375
2022-07-21 10:30:00,0.7961625
2022-07-22 10:30:00,0.78628755
2022-07-23 10:30:00,0.8810375
2022-07-24 10:30:00,0.9137625
2022-07-25 10:30:00,0.81702495
2022-07-26 10:30:00,0.8935375
2022-07-27 10:30:00,0.89296246
2022-07-28 10:30:00,0.887375
2022-07-29 10:30:00,0.85598755
2022-07-30 10:30:00,0.829325
2022-07-31 10:30:00,0.7528
2022-08-01 10:30:00,0.75863755
2022-08-02 10:30:00,0.75296247
2022-08-03 10:30:00,0.7627
2022-08-04 10:30:00,0.9166
2022-08-05 10:30:00,0.6405
2022-08-06 10:30:00,0.7379625
2022-08-07 10:30:00,0.678975
2022-08-08 10:30:00,0.6199375
2022-08-09 10:30:00,0.60005
2022-08-10 10:30:00,0.62067497
2022-08-11 10:30:00,0.6817375
2022-08-12 10:30:00,0.66707504
2022-08-13 10:30:00,0.6808
2022-08-14 10:30:00,0.83135
2022-08-15 10:30:00,0.8865249
2022-08-16 10:30:00,0.71315
2022-08-17 10:30:00,0.6222
2022-08-18 10:30:00,0.72128755
2022-08-19 10:30:00,0.61636245
2022-08-20 10:30:00,0.621475
2022-08-21 10:30:00,0.7538875
2022-08-22 10:30:00,0.68123746
2022-08-23 10:30:00,0.6504625
2022-08-24 10:30:00,0.7276125
2022-08-25 10:30:00,0.602375
2022-08-26 10:30:00,0.67922497
2022-08-27 10:30:00,0.67763746
2022-08-28 10:30:00,0.718125
2022-08-29 10:30:00,0.711225
2022-08-30 10:30:00,0.7998625
2022-08-31 10:30:00,0.66569996
2022-09-01 10:30:00,0.62185
2022-09-02 10:30:00,0.64886254
2022-09-03 10:30:00,0.6806625
2022-09-04 10:30:00,0.75703746
2022-09-05 10:30:00,0.63009995
2022-09-06 10:30:00,0.68864995
2022-09-07 10:30:00,0.6164375
2022-09-08 10:30:00,0.6358375
2022-09-09 10:30:00,0.6821
2022-09-10 10:30:00,0.6686875
2022-09-11 10:30:00,0.6063875
2022-09-12 10:30:00,0.6368125
2022-09-13 10:30:00,0.69076246
2022-09-14 10:30:00,0.68912494
2022-09-15 10:30:00,0.74817497
2022-09-16 10:30:00,0.71576244
2022-09-17 10:30:00,0.49706247
2022-09-18 10:30:00,0.469275
2022-09-19 10:30:00,0.30421248
2022-09-20 10:30:00,0.46741247
2022-09-21 10:30:00,0.44147497
2022-09-22 10:30:00,0.784925
2022-09-23 10:30:00,0.65217495
2022-09-24 10:30:00,0.539525
2022-09-25 10:30:00,0.47292498
2022-09-26 10:30:00,0.5595875
2022-09-27 10:30:00,0.4438125
2022-09-28 10:30:00,0.5749625
2022-09-29 10:30:00,0.51915
2022-09-30 10:30:00,0.84746253
2022-10-01 10:30:00,0.7785125
2022-10-02 10:30:00,0.831
2022-10-03 10:30:00,0.497475
2022-10-04 10:30:00,0.4913375
2022-10-05 10:30:00,0.530475
2022-10-06 10:30:00,0.600125
2022-10-07 10:30:00,0.60244995
2022-10-08 10:30:00,0.7675125
2022-10-09 10:30:00,0.508025
2022-10-10 10:30:00,0.4174125
2022-10-11 10:30:00,0.52437496
2022-10-12 10:30:00,0.4382125
2022-10-13 10:30:00,0.5075375
2022-10-14 10:30:00,0.451725
2022-10-15 10:30:00,0.35202497
2022-10-16 10:30:00,0.46287498
2022-10-17 10:30:00,0.4901875
2022-10-18 10:30:00,0.5762875
2022-10-19 10:30:00,0.37975
2022-10-20 10:30:00,0.44912496
2022-10-21 10:30:00,0.5746125
2022-10-22 10:30:00,0.573725
2022-10-23 10:30:00,0.517075
2022-10-24 10:30:00,0.5721125
2022-10-25 10:30:00,0.43425
2022-10-26 10:30:00,0.553625
2022-10-27 10:30:00,0.54421246
2022-10-28 10:30:00,0.5792125
2022-10-29 10:30:00,0.6079875
2022-10-30 10:30:00,0.65447503
2022-10-31 10:30:00,0.552925
2022-11-01 10:30:00,0.41162497
2022-11-02 10:30:00,0.33096248
2022-11-03 10:30:00,0.44893748
2022-11-04 10:30:00,0.4529
2022-11-05 10:30:00,0.53728753
2022-11-06 10:30:00,0.57315004
2022-11-07 10:30:00,0.6164
2022-11-08 10:30:00,0.570825
2022-11-09 10:30:00,0.4905625
2022-11-10 10:30:00,0.5502875
2022-11-11 10:30:00,0.5106375
2022-11-12 10:30:00,0.510975
2022-11-13 10:30:00,0.58858746
2022-11-14 10:30:00,0.6134375
2022-11-15 10:30:00,0.52323747
2022-11-16 10:30:00,0.59215
2022-11-17 10:30:00,0.5660125
2022-11-18 10:30:00,0.518475
2022-11-19 10:30:00,0.55207497
2022-11-20 10:30:00,0.506225
2022-11-21 10:30:00,0.57189995
2022-11-22 10:30:00,0.6080875
2022-11-23 10:30:00,0.63799995
2022-11-24 10:30:00,0.86375
2022-11-25 10:30:00,0.58806247
2022-11-26 10:30:00,0.547675
2022-11-27 10:30:00,0.77957493
2022-11-28 10:30:00,0.699525
2022-11-29 10:30:00,0.4301375
2022-11-30 10:30:00,0.4224625
2022-12-01 10:30:00,0.5389625
2022-12-02 10:30:00,0.53709996
2022-12-03 10:30:00,0.47489998
2022-12-04 10:30:00,0.5218875
2022-12-05 10:30:00,0.5089
2022-12-06 10:30:00,0.5760625
2022-12-07 10:30:00,0.5725875
2022-12-08 10:30:00,0.577825
2022-12-09 10:30:00,0.5748625
2022-12-10 10:30:00,0.62936246
2022-12-11 10:30:00,0.5833375
2022-12-12 10:30:00,0.454375
2022-12-13 10:30:00,0.4004
2022-12-14 10:30:00,0.3607125
2022-12-15 10:30:00,0.48451248
2022-12-16 10:30:00,0.4520125
2022-12-17 10:30:00,0.47215
2022-12-18 10:30:00,0.420875
2022-12-19 10:30:00,0.5462875
2022-12-20 10:30:00,0.7112375
2022-12-21 10:30:00,0.5105125
2022-12-22 10:30:00,0.459
2022-12-23 10:30:00,0.42971247
2022-12-24 10:30:00,0.402325
2022-12-25 10:30:00,0.6051625
2022-12-26 10:30:00,0.7112875
2022-12-27 10:30:00,0.6831875
2022-12-28 10:30:00,0.531825
2022-12-29 10:30:00,0.529075
2022-12-30 10:30:00,0.53908753
2022-12-31 10:30:00,0.46741247
