time,rhum
2012-01-01 10:30:00,0.5565125
2012-01-02 10:30:00,0.6364375
2012-01-03 10:30:00,0.63795
2012-01-04 10:30:00,0.5160125
2012-01-05 10:30:00,0.5799
2012-01-06 10:30:00,0.5130625
2012-01-07 10:30:00,0.5253125
2012-01-08 10:30:00,0.5500625
2012-01-09 10:30:00,0.636625
2012-01-10 10:30:00,0.623725
2012-01-11 10:30:00,0.6766375
2012-01-12 10:30:00,0.7276625
2012-01-13 10:30:00,0.70846254
2012-01-14 10:30:00,0.5808375
2012-01-15 10:30:00,0.7419625
2012-01-16 10:30:00,0.75943744
2012-01-17 10:30:00,0.6947
2012-01-18 10:30:00,0.7227625
2012-01-19 10:30:00,0.71745
2012-01-20 10:30:00,0.41693747
2012-01-21 10:30:00,0.34695
2012-01-22 10:30:00,0.39864996
2012-01-23 10:30:00,0.442825
2012-01-24 10:30:00,0.4393
2012-01-25 10:30:00,0.48333746
2012-01-26 10:30:00,0.4066
2012-01-27 10:30:00,0.42263746
2012-01-28 10:30:00,0.4184875
2012-01-29 10:30:00,0.4465
2012-01-30 10:30:00,0.3361375
2012-01-31 10:30:00,0.38392502
2012-02-01 10:30:00,0.3213125
2012-02-02 10:30:00,0.2923875
2012-02-03 10:30:00,0.3404875
2012-02-04 10:30:00,0.4332
2012-02-05 10:30:00,0.3783125
2012-02-06 10:30:00,0.3371875
2012-02-07 10:30:00,0.3073375
2012-02-08 10:30:00,0.361375
2012-02-09 10:30:00,0.33580002
2012-02-10 10:30:00,0.29573748
2012-02-11 10:30:00,0.31309998
2012-02-12 10:30:00,0.41365
2012-02-13 10:30:00,0.3118375
2012-02-14 10:30:00,0.30116248
2012-02-15 10:30:00,0.29975
2012-02-16 10:30:00,0.3368375
2012-02-17 10:30:00,0.3732375
2012-02-18 10:30:00,0.35118747
2012-02-19 10:30:00,0.263925
2012-02-20 10:30:00,0.1916
2012-02-21 10:30:00,0.23865
2012-02-22 10:30:00,0.2156125
2012-02-23 10:30:00,0.30973747
2012-02-24 10:30:00,0.32908747
2012-02-25 10:30:00,0.2594375
2012-02-26 10:30:00,0.32818747
2012-02-27 10:30:00,0.4016125
2012-02-28 10:30:00,0.32768747
2012-02-29 10:30:00,0.287625
2012-03-01 10:30:00,0.22125
2012-03-02 10:30:00,0.23050001
2012-03-03 10:30:00,0.275
2012-03-04 10:30:00,0.4483625
2012-03-05 10:30:00,0.7187375
2012-03-06 10:30:00,0.4654
2012-03-07 10:30:00,0.527
2012-03-08 10:30:00,0.3387625
2012-03-09 10:30:00,0.346925
2012-03-10 10:30:00,0.49397498
2012-03-11 10:30:00,0.32814997
2012-03-12 10:30:00,0.3501625
2012-03-13 10:30:00,0.325025
2012-03-14 10:30:00,0.3426
2012-03-15 10:30:00,0.38337502
2012-03-16 10:30:00,0.24862501
2012-03-17 10:30:00,0.16789998
2012-03-18 10:30:00,0.21477498
2012-03-19 10:30:00,0.1873875
2012-03-20 10:30:00,0.207325
2012-03-21 10:30:00,0.3217125
2012-03-22 10:30:00,0.18803748
2012-03-23 10:30:00,0.38587502
2012-03-24 10:30:00,0.2554125
2012-03-25 10:30:00,0.241525
2012-03-26 10:30:00,0.3380125
2012-03-27 10:30:00,0.22154999
2012-03-28 10:30:00,0.18608749
2012-03-29 10:30:00,0.66028744
2012-03-30 10:30:00,0.72237504
2012-03-31 10:30:00,0.4812625
2012-04-01 10:30:00,0.27688748
2012-04-02 10:30:00,0.2559
2012-04-03 10:30:00,0.3328875
2012-04-04 10:30:00,0.465325
2012-04-05 10:30:00,0.2705125
2012-04-06 10:30:00,0.2155625
2012-04-07 10:30:00,0.266125
2012-04-08 10:30:00,0.4816125
2012-04-09 10:30:00,0.18469998
2012-04-10 10:30:00,0.1933375
2012-04-11 10:30:00,0.2508125
2012-04-12 10:30:00,0.27737498
2012-04-13 10:30:00,0.209925
2012-04-14 10:30:00,0.45889997
2012-04-15 10:30:00,0.2520875
2012-04-16 10:30:00,0.19534999
2012-04-17 10:30:00,0.2199875
2012-04-18 10:30:00,0.381025
2012-04-19 10:30:00,0.43054998
2012-04-20 10:30:00,0.13141249
2012-04-21 10:30:00,0.44224998
2012-04-22 10:30:00,0.4798625
2012-04-23 10:30:00,0.4824
2012-04-24 10:30:00,0.225275
2012-04-25 10:30:00,0.18708749
2012-04-26 10:30:00,0.168125
2012-04-27 10:30:00,0.677975
2012-04-28 10:30:00,0.285475
2012-04-29 10:30:00,0.2291625
2012-04-30 10:30:00,0.3438375
2012-05-01 10:30:00,0.168125
2012-05-02 10:30:00,0.251075
2012-05-03 10:30:00,0.1528
2012-05-04 10:30:00,0.1866
2012-05-05 10:30:00,0.16255
2012-05-06 10:30:00,0.40421247
2012-05-07 10:30:00,0.40873748
2012-05-08 10:30:00,0.4416
2012-05-09 10:30:00,0.41027498
2012-05-10 10:30:00,0.4882125
2012-05-11 10:30:00,0.3695125
2012-05-12 10:30:00,0.8422375
2012-05-13 10:30:00,0.6679875
2012-05-14 10:30:00,0.63955003
2012-05-15 10:30:00,0.6745375
2012-05-16 10:30:00,0.83476245
2012-05-17 10:30:00,0.45936248
2012-05-18 10:30:00,0.34945
2012-05-19 10:30:00,0.16946249
2012-05-20 10:30:00,0.2499
2012-05-21 10:30:00,0.3037625
2012-05-22 10:30:00,0.3046875
2012-05-23 10:30:00,0.26288748
2012-05-24 10:30:00,0.2898125
2012-05-25 10:30:00,0.3949
2012-05-26 10:30:00,0.43915
2012-05-27 10:30:00,0.36006248
2012-05-28 10:30:00,0.5047375
2012-05-29 10:30:00,0.47772497
2012-05-30 10:30:00,0.6324125
2012-05-31 10:30:00,0.6964
2012-06-01 10:30:00,0.7666375
2012-06-02 10:30:00,0.74805
2012-06-03 10:30:00,0.6982
2012-06-04 10:30:00,0.73683745
2012-06-05 10:30:00,0.600875
2012-06-06 10:30:00,0.73991245
2012-06-07 10:30:00,0.6994875
2012-06-08 10:30:00,0.6050375
2012-06-09 10:30:00,0.5877375
2012-06-10 10:30:00,0.51124996
2012-06-11 10:30:00,0.77968746
2012-06-12 10:30:00,0.90735
2012-06-13 10:30:00,0.8732125
2012-06-14 10:30:00,0.75203747
2012-06-15 10:30:00,0.86378753
2012-06-16 10:30:00,0.82936245
2012-06-17 10:30:00,0.84788746
2012-06-18 10:30:00,0.7029
2012-06-19 10:30:00,0.63963753
2012-06-20 10:30:00,0.6227125
2012-06-21 10:30:00,0.620375
2012-06-22 10:30:00,0.5279875
2012-06-23 10:30:00,0.619275
2012-06-24 10:30:00,0.754225
2012-06-25 10:30:00,0.7316625
2012-06-26 10:30:00,0.70817494
2012-06-27 10:30:00,0.834125
2012-06-28 10:30:00,0.7721
2012-06-29 10:30:00,0.80807495
2012-06-30 10:30:00,0.529375
2012-07-01 10:30:00,0.73382497
2012-07-02 10:30:00,0.81973743
2012-07-03 10:30:00,0.8021875
2012-07-04 10:30:00,0.734275
2012-07-05 10:30:00,0.727575
2012-07-06 10:30:00,0.65076244
2012-07-07 10:30:00,0.6313125
2012-07-08 10:30:00,0.7376
2012-07-09 10:30:00,0.79371244
2012-07-10 10:30:00,0.832375
2012-07-11 10:30:00,0.8725375
2012-07-12 10:30:00,0.8280125
2012-07-13 10:30:00,0.678275
2012-07-14 10:30:00,0.6851
2012-07-15 10:30:00,0.71316254
2012-07-16 10:30:00,0.6237
2012-07-17 10:30:00,0.62413746
2012-07-18 10:30:00,0.73845
2012-07-19 10:30:00,0.719025
2012-07-20 10:30:00,0.7229875
2012-07-21 10:30:00,0.8388125
2012-07-22 10:30:00,0.8991
2012-07-23 10:30:00,0.668625
2012-07-24 10:30:00,0.80123746
2012-07-25 10:30:00,0.8524375
2012-07-26 10:30:00,0.7835625
2012-07-27 10:30:00,0.6742625
2012-07-28 10:30:00,0.83106244
2012-07-29 10:30:00,0.86565
2012-07-30 10:30:00,0.805025
2012-07-31 10:30:00,0.6747875
2012-08-01 10:30:00,0.72108746
2012-08-02 10:30:00,0.7690125
2012-08-03 10:30:00,0.77526253
2012-08-04 10:30:00,0.77617496
2012-08-05 10:30:00,0.69275
2012-08-06 10:30:00,0.72239995
2012-08-07 10:30:00,0.71316254
2012-08-08 10:30:00,0.5698125
2012-08-09 10:30:00,0.5273625
2012-08-10 10:30:00,0.7151
2012-08-11 10:30:00,0.58757496
2012-08-12 10:30:00,0.5606875
2012-08-13 10:30:00,0.59029996
2012-08-14 10:30:00,0.558375
2012-08-15 10:30:00,0.56373745
2012-08-16 10:30:00,0.60178745
2012-08-17 10:30:00,0.66889995
2012-08-18 10:30:00,0.5847625
2012-08-19 10:30:00,0.524
2012-08-20 10:30:00,0.5695875
2012-08-21 10:30:00,0.43206248
2012-08-22 10:30:00,0.409975
2012-08-23 10:30:00,0.44392502
2012-08-24 10:30:00,0.62598747
2012-08-25 10:30:00,0.6236
2012-08-26 10:30:00,0.5548875
2012-08-27 10:30:00,0.729875
2012-08-28 10:30:00,0.5765875
2012-08-29 10:30:00,0.5622625
2012-08-30 10:30:00,0.58111244
2012-08-31 10:30:00,0.6253125
2012-09-01 10:30:00,0.6016125
2012-09-02 10:30:00,0.9044125
2012-09-03 10:30:00,0.8046
2012-09-04 10:30:00,0.78458744
2012-09-05 10:30:00,0.714475
2012-09-06 10:30:00,0.66298753
2012-09-07 10:30:00,0.6643625
2012-09-08 10:30:00,0.73912495
2012-09-09 10:30:00,0.78307503
2012-09-10 10:30:00,0.62838745
2012-09-11 10:30:00,0.87612504
2012-09-12 10:30:00,0.78069997
2012-09-13 10:30:00,0.75107497
2012-09-14 10:30:00,0.6385125
2012-09-15 10:30:00,0.65305
2012-09-16 10:30:00,0.6905
2012-09-17 10:30:00,0.7233125
2012-09-18 10:30:00,0.64458746
2012-09-19 10:30:00,0.6222875
2012-09-20 10:30:00,0.543975
2012-09-21 10:30:00,0.5731375
2012-09-22 10:30:00,0.7333125
2012-09-23 10:30:00,0.7404875
2012-09-24 10:30:00,0.669225
2012-09-25 10:30:00,0.8753875
2012-09-26 10:30:00,0.73499995
2012-09-27 10:30:00,0.77278745
2012-09-28 10:30:00,0.451875
2012-09-29 10:30:00,0.631675
2012-09-30 10:30:00,0.6146375
2012-10-01 10:30:00,0.67955
2012-10-02 10:30:00,0.6688375
2012-10-03 10:30:00,0.80584997
2012-10-04 10:30:00,0.632225
2012-10-05 10:30:00,0.4075875
2012-10-06 10:30:00,0.5428875
2012-10-07 10:30:00,0.6715625
2012-10-08 10:30:00,0.66089994
2012-10-09 10:30:00,0.66695
2012-10-10 10:30:00,0.56892496
2012-10-11 10:30:00,0.61983746
2012-10-12 10:30:00,0.6599375
2012-10-13 10:30:00,0.7705
2012-10-14 10:30:00,0.59148747
2012-10-15 10:30:00,0.60162497
2012-10-16 10:30:00,0.8466625
2012-10-17 10:30:00,0.535475
2012-10-18 10:30:00,0.41767502
2012-10-19 10:30:00,0.38207498
2012-10-20 10:30:00,0.3801625
2012-10-21 10:30:00,0.51278746
2012-10-22 10:30:00,0.545475
2012-10-23 10:30:00,0.7095125
2012-10-24 10:30:00,0.857275
2012-10-25 10:30:00,0.5639375
2012-10-26 10:30:00,0.6496375
2012-10-27 10:30:00,0.3693375
2012-10-28 10:30:00,0.328325
2012-10-29 10:30:00,0.41518748
2012-10-30 10:30:00,0.5822375
2012-10-31 10:30:00,0.59741247
2012-11-01 10:30:00,0.620075
2012-11-02 10:30:00,0.47206247
2012-11-03 10:30:00,0.5326875
2012-11-04 10:30:00,0.69483745
2012-11-05 10:30:00,0.6747999
2012-11-06 10:30:00,0.6062875
2012-11-07 10:30:00,0.61370003
2012-11-08 10:30:00,0.58765
2012-11-09 10:30:00,0.666125
2012-11-10 10:30:00,0.73901254
2012-11-11 10:30:00,0.72371244
2012-11-12 10:30:00,0.83165
2012-11-13 10:30:00,0.63989997
2012-11-14 10:30:00,0.6432875
2012-11-15 10:30:00,0.554675
2012-11-16 10:30:00,0.62721246
2012-11-17 10:30:00,0.73802495
2012-11-18 10:30:00,0.84227496
2012-11-19 10:30:00,0.6588375
2012-11-20 10:30:00,0.556
2012-11-21 10:30:00,0.5704875
2012-11-22 10:30:00,0.44845
2012-11-23 10:30:00,0.613725
2012-11-24 10:30:00,0.75144994
2012-11-25 10:30:00,0.6191
2012-11-26 10:30:00,0.5674125
2012-11-27 10:30:00,0.7593
2012-11-28 10:30:00,0.468025
2012-11-29 10:30:00,0.48631248
2012-11-30 10:30:00,0.41864997
2012-12-01 10:30:00,0.67655
2012-12-02 10:30:00,0.7559625
2012-12-03 10:30:00,0.5439125
2012-12-04 10:30:00,0.450775
2012-12-05 10:30:00,0.34256247
2012-12-06 10:30:00,0.4595375
2012-12-07 10:30:00,0.5246125
2012-12-08 10:30:00,0.6599625
2012-12-09 10:30:00,0.7460125
2012-12-10 10:30:00,0.66499996
2012-12-11 10:30:00,0.6419
2012-12-12 10:30:00,0.741025
2012-12-13 10:30:00,0.5843125
2012-12-14 10:30:00,0.6502375
2012-12-15 10:30:00,0.7857125
2012-12-16 10:30:00,0.6065125
2012-12-17 10:30:00,0.4611375
2012-12-18 10:30:00,0.36028752
2012-12-19 10:30:00,0.5099875
2012-12-20 10:30:00,0.58725
2012-12-21 10:30:00,0.4440125
2012-12-22 10:30:00,0.39561248
2012-12-23 10:30:00,0.33099997
2012-12-24 10:30:00,0.5227375
2012-12-25 10:30:00,0.3325375
2012-12-26 10:30:00,0.51229995
2012-12-27 10:30:00,0.54851246
2012-12-28 10:30:00,0.70677495
2012-12-29 10:30:00,0.7143
2012-12-30 10:30:00,0.5485875
2012-12-31 10:30:00,0.5846125
2013-01-01 10:30:00,0.4884875
2013-01-02 10:30:00,0.39249998
2013-01-03 10:30:00,0.426425
2013-01-04 10:30:00,0.4113375
2013-01-05 10:30:00,0.453825
2013-01-06 10:30:00,0.6256125
2013-01-07 10:30:00,0.56769997
2013-01-08 10:30:00,0.4756625
2013-01-09 10:30:00,0.56163746
2013-01-10 10:30:00,0.6048375
2013-01-11 10:30:00,0.61123747
2013-01-12 10:30:00,0.65638745
2013-01-13 10:30:00,0.69104993
2013-01-14 10:30:00,0.6266125
2013-01-15 10:30:00,0.6845125
2013-01-16 10:30:00,0.565525
2013-01-17 10:30:00,0.6427375
2013-01-18 10:30:00,0.689775
2013-01-19 10:30:00,0.65468746
2013-01-20 10:30:00,0.728275
2013-01-21 10:30:00,0.6523625
2013-01-22 10:30:00,0.6943125
2013-01-23 10:30:00,0.7026375
2013-01-24 10:30:00,0.3991875
2013-01-25 10:30:00,0.4430625
2013-01-26 10:30:00,0.51467496
2013-01-27 10:30:00,0.69955
2013-01-28 10:30:00,0.75787497
2013-01-29 10:30:00,0.7183
2013-01-30 10:30:00,0.75223756
2013-01-31 10:30:00,0.7193125
2013-02-01 10:30:00,0.3439875
2013-02-02 10:30:00,0.37165
2013-02-03 10:30:00,0.6200375
2013-02-04 10:30:00,0.5462875
2013-02-05 10:30:00,0.6125
2013-02-06 10:30:00,0.4472625
2013-02-07 10:30:00,0.40636247
2013-02-08 10:30:00,0.430825
2013-02-09 10:30:00,0.49476248
2013-02-10 10:30:00,0.429225
2013-02-11 10:30:00,0.59924996
2013-02-12 10:30:00,0.60531247
2013-02-13 10:30:00,0.4346375
2013-02-14 10:30:00,0.3787625
2013-02-15 10:30:00,0.5044625
2013-02-16 10:30:00,0.727175
2013-02-17 10:30:00,0.466025
2013-02-18 10:30:00,0.314675
2013-02-19 10:30:00,0.3209625
2013-02-20 10:30:00,0.36208746
2013-02-21 10:30:00,0.4391
2013-02-22 10:30:00,0.42904997
2013-02-23 10:30:00,0.3155125
2013-02-24 10:30:00,0.4636375
2013-02-25 10:30:00,0.6091875
2013-02-26 10:30:00,0.8158125
2013-02-27 10:30:00,0.44915
2013-02-28 10:30:00,0.7404625
2013-03-01 10:30:00,0.35055
2013-03-02 10:30:00,0.5344
2013-03-03 10:30:00,0.68864995
2013-03-04 10:30:00,0.55875
2013-03-05 10:30:00,0.6565625
2013-03-06 10:30:00,0.42976248
2013-03-07 10:30:00,0.23726249
2013-03-08 10:30:00,0.482575
2013-03-09 10:30:00,0.6402125
2013-03-10 10:30:00,0.49807498
2013-03-11 10:30:00,0.597075
2013-03-12 10:30:00,0.3433625
2013-03-13 10:30:00,0.33400002
2013-03-14 10:30:00,0.4632125
2013-03-15 10:30:00,0.60318744
2013-03-16 10:30:00,0.528475
2013-03-17 10:30:00,0.2750125
2013-03-18 10:30:00,0.35413748
2013-03-19 10:30:00,0.32798752
2013-03-20 10:30:00,0.3251625
2013-03-21 10:30:00,0.4824375
2013-03-22 10:30:00,0.32805
2013-03-23 10:30:00,0.4146375
2013-03-24 10:30:00,0.365075
2013-03-25 10:30:00,0.3340375
2013-03-26 10:30:00,0.51687497
2013-03-27 10:30:00,0.53345
2013-03-28 10:30:00,0.39834997
2013-03-29 10:30:00,0.330125
2013-03-30 10:30:00,0.3190375
2013-03-31 10:30:00,0.27333748
2013-04-01 10:30:00,0.3105625
2013-04-02 10:30:00,0.2933375
2013-04-03 10:30:00,0.27976248
2013-04-04 10:30:00,0.423875
2013-04-05 10:30:00,0.51748747
2013-04-06 10:30:00,0.47928748
2013-04-07 10:30:00,0.40265
2013-04-08 10:30:00,0.42932498
2013-04-09 10:30:00,0.291475
2013-04-10 10:30:00,0.55311245
2013-04-11 10:30:00,0.4389375
2013-04-12 10:30:00,0.2666625
2013-04-13 10:30:00,0.25946248
2013-04-14 10:30:00,0.23775
2013-04-15 10:30:00,0.2323125
2013-04-16 10:30:00,0.2840125
2013-04-17 10:30:00,0.2531375
2013-04-18 10:30:00,0.307025
2013-04-19 10:30:00,0.22125
2013-04-20 10:30:00,0.258975
2013-04-21 10:30:00,0.2671375
2013-04-22 10:30:00,0.35858747
2013-04-23 10:30:00,0.33560002
2013-04-24 10:30:00,0.6276125
2013-04-25 10:30:00,0.69936246
2013-04-26 10:30:00,0.3684375
2013-04-27 10:30:00,0.44445
2013-04-28 10:30:00,0.6773875
2013-04-29 10:30:00,0.8892125
2013-04-30 10:30:00,0.5533125
2013-05-01 10:30:00,0.5689625
2013-05-02 10:30:00,0.489175
2013-05-03 10:30:00,0.35397497
2013-05-04 10:30:00,0.267
2013-05-05 10:30:00,0.3150625
2013-05-06 10:30:00,0.4281625
2013-05-07 10:30:00,0.27941248
2013-05-08 10:30:00,0.4334125
2013-05-09 10:30:00,0.454475
2013-05-10 10:30:00,0.3104375
2013-05-11 10:30:00,0.41635
2013-05-12 10:30:00,0.6137625
2013-05-13 10:30:00,0.616
2013-05-14 10:30:00,0.65725
2013-05-15 10:30:00,0.50149995
2013-05-16 10:30:00,0.44733748
2013-05-17 10:30:00,0.43715
2013-05-18 10:30:00,0.318025
2013-05-19 10:30:00,0.47713748
2013-05-20 10:30:00,0.729475
2013-05-21 10:30:00,0.615075
2013-05-22 10:30:00,0.3999375
2013-05-23 10:30:00,0.302825
2013-05-24 10:30:00,0.2719125
2013-05-25 10:30:00,0.224225
2013-05-26 10:30:00,0.38233748
2013-05-27 10:30:00,0.5887375
2013-05-28 10:30:00,0.49342498
2013-05-29 10:30:00,0.3343875
2013-05-30 10:30:00,0.3390875
2013-05-31 10:30:00,0.32569999
2013-06-01 10:30:00,0.4134
2013-06-02 10:30:00,0.3682875
2013-06-03 10:30:00,0.6406125
2013-06-04 10:30:00,0.5639625
2013-06-05 10:30:00,0.524225
2013-06-06 10:30:00,0.734675
2013-06-07 10:30:00,0.5615625
2013-06-08 10:30:00,0.70116246
2013-06-09 10:30:00,0.8755625
2013-06-10 10:30:00,0.53795
2013-06-11 10:30:00,0.6377375
2013-06-12 10:30:00,0.76514995
2013-06-13 10:30:00,0.59085
2013-06-14 10:30:00,0.66535
2013-06-15 10:30:00,0.63233745
2013-06-16 10:30:00,0.6164625
2013-06-17 10:30:00,0.5628375
2013-06-18 10:30:00,0.54206246
2013-06-19 10:30:00,0.675325
2013-06-20 10:30:00,0.65749997
2013-06-21 10:30:00,0.64436245
2013-06-22 10:30:00,0.501675
2013-06-23 10:30:00,0.5394875
2013-06-24 10:30:00,0.5335375
2013-06-25 10:30:00,0.71708745
2013-06-26 10:30:00,0.7756125
2013-06-27 10:30:00,0.91058743
2013-06-28 10:30:00,0.6802875
2013-06-29 10:30:00,0.926925
2013-06-30 10:30:00,0.854225
2013-07-01 10:30:00,0.8258875
2013-07-02 10:30:00,0.8356375
2013-07-03 10:30:00,0.8033
2013-07-04 10:30:00,0.6926249
2013-07-05 10:30:00,0.55439997
2013-07-06 10:30:00,0.624325
2013-07-07 10:30:00,0.6387875
2013-07-08 10:30:00,0.721325
2013-07-09 10:30:00,0.52814996
2013-07-10 10:30:00,0.480475
2013-07-11 10:30:00,0.60741246
2013-07-12 10:30:00,0.615
2013-07-13 10:30:00,0.57911247
2013-07-14 10:30:00,0.551875
2013-07-15 10:30:00,0.841725
2013-07-16 10:30:00,0.619475
2013-07-17 10:30:00,0.7429
2013-07-18 10:30:00,0.7773875
2013-07-19 10:30:00,0.68175
2013-07-20 10:30:00,0.67904997
2013-07-21 10:30:00,0.64567494
2013-07-22 10:30:00,0.7820375
2013-07-23 10:30:00,0.87334996
2013-07-24 10:30:00,0.80872494
2013-07-25 10:30:00,0.7599499
2013-07-26 10:30:00,0.7461625
2013-07-27 10:30:00,0.86863744
2013-07-28 10:30:00,0.7372125
2013-07-29 10:30:00,0.6837875
2013-07-30 10:30:00,0.6877875
2013-07-31 10:30:00,0.81554997
2013-08-01 10:30:00,0.89686245
2013-08-02 10:30:00,0.834075
2013-08-03 10:30:00,0.87125
2013-08-04 10:30:00,0.71625
2013-08-05 10:30:00,0.7520875
2013-08-06 10:30:00,0.78982496
2013-08-07 10:30:00,0.6676625
2013-08-08 10:30:00,0.642675
2013-08-09 10:30:00,0.626875
2013-08-10 10:30:00,0.6878375
2013-08-11 10:30:00,0.6889875
2013-08-12 10:30:00,0.83906245
2013-08-13 10:30:00,0.67162496
2013-08-14 10:30:00,0.63993746
2013-08-15 10:30:00,0.593875
2013-08-16 10:30:00,0.783125
2013-08-17 10:30:00,0.8419
2013-08-18 10:30:00,0.62808746
2013-08-19 10:30:00,0.6896125
2013-08-20 10:30:00,0.62193745
2013-08-21 10:30:00,0.8557375
2013-08-22 10:30:00,0.714
2013-08-23 10:30:00,0.689625
2013-08-24 10:30:00,0.57581246
2013-08-25 10:30:00,0.6630874
2013-08-26 10:30:00,0.5806625
2013-08-27 10:30:00,0.6974375
2013-08-28 10:30:00,0.909475
2013-08-29 10:30:00,0.65638745
2013-08-30 10:30:00,0.7762375
2013-08-31 10:30:00,0.667575
2013-09-01 10:30:00,0.7003375
2013-09-02 10:30:00,0.74312496
2013-09-03 10:30:00,0.6842
2013-09-04 10:30:00,0.7115125
2013-09-05 10:30:00,0.7478875
2013-09-06 10:30:00,0.806675
2013-09-07 10:30:00,0.7852625
2013-09-08 10:30:00,0.73574996
2013-09-09 10:30:00,0.72709996
2013-09-10 10:30:00,0.55241245
2013-09-11 10:30:00,0.4898125
2013-09-12 10:30:00,0.72801244
2013-09-13 10:30:00,0.6683625
2013-09-14 10:30:00,0.38627496
2013-09-15 10:30:00,0.4696875
2013-09-16 10:30:00,0.4375375
2013-09-17 10:30:00,0.61763746
2013-09-18 10:30:00,0.49654996
2013-09-19 10:30:00,0.62908745
2013-09-20 10:30:00,0.61908746
2013-09-21 10:30:00,0.6691874
2013-09-22 10:30:00,0.56299996
2013-09-23 10:30:00,0.41175
2013-09-24 10:30:00,0.41863748
2013-09-25 10:30:00,0.4088
2013-09-26 10:30:00,0.47197497
2013-09-27 10:30:00,0.2892625
2013-09-28 10:30:00,0.4334125
2013-09-29 10:30:00,0.469975
2013-09-30 10:30:00,0.41237497
2013-10-01 10:30:00,0.4197
2013-10-02 10:30:00,0.3149625
2013-10-03 10:30:00,0.3539125
2013-10-04 10:30:00,0.3693875
2013-10-05 10:30:00,0.35603747
2013-10-06 10:30:00,0.4363
2013-10-07 10:30:00,0.3225875
2013-10-08 10:30:00,0.27235
2013-10-09 10:30:00,0.44988748
2013-10-10 10:30:00,0.790375
2013-10-11 10:30:00,0.5730125
2013-10-12 10:30:00,0.47928748
2013-10-13 10:30:00,0.4624875
2013-10-14 10:30:00,0.4030375
2013-10-15 10:30:00,0.49255
2013-10-16 10:30:00,0.49701247
2013-10-17 10:30:00,0.497975
2013-10-18 10:30:00,0.61875
2013-10-19 10:30:00,0.670775
2013-10-20 10:30:00,0.758525
2013-10-21 10:30:00,0.7927625
2013-10-22 10:30:00,0.77849996
2013-10-23 10:30:00,0.91301244
2013-10-24 10:30:00,0.62252504
2013-10-25 10:30:00,0.5538625
2013-10-26 10:30:00,0.75503755
2013-10-27 10:30:00,0.829025
2013-10-28 10:30:00,0.57901245
2013-10-29 10:30:00,0.5535
2013-10-30 10:30:00,0.5563
2013-10-31 10:30:00,0.58585
2013-11-01 10:30:00,0.530325
2013-11-02 10:30:00,0.58126247
2013-11-03 10:30:00,0.4421875
2013-11-04 10:30:00,0.4776125
2013-11-05 10:30:00,0.612875
2013-11-06 10:30:00,0.61732495
2013-11-07 10:30:00,0.42493752
2013-11-08 10:30:00,0.5712125
2013-11-09 10:30:00,0.3150375
2013-11-10 10:30:00,0.292425
2013-11-11 10:30:00,0.362275
2013-11-12 10:30:00,0.43956247
2013-11-13 10:30:00,0.514175
2013-11-14 10:30:00,0.47809997
2013-11-15 10:30:00,0.5300625
2013-11-16 10:30:00,0.551275
2013-11-17 10:30:00,0.5006
2013-11-18 10:30:00,0.3250875
2013-11-19 10:30:00,0.22354999
2013-11-20 10:30:00,0.37545
2013-11-21 10:30:00,0.523175
2013-11-22 10:30:00,0.59139997
2013-11-23 10:30:00,0.5105875
2013-11-24 10:30:00,0.39514998
2013-11-25 10:30:00,0.3195
2013-11-26 10:30:00,0.3370375
2013-11-27 10:30:00,0.32654998
2013-11-28 10:30:00,0.22632499
2013-11-29 10:30:00,0.2823125
2013-11-30 10:30:00,0.22585
2013-12-01 10:30:00,0.42119998
2013-12-02 10:30:00,0.538375
2013-12-03 10:30:00,0.4592875
2013-12-04 10:30:00,0.309975
2013-12-05 10:30:00,0.2501
2013-12-06 10:30:00,0.4714125
2013-12-07 10:30:00,0.60348743
2013-12-08 10:30:00,0.7293375
2013-12-09 10:30:00,0.552275
2013-12-10 10:30:00,0.6424375
2013-12-11 10:30:00,0.6261
2013-12-12 10:30:00,0.405475
2013-12-13 10:30:00,0.38884997
2013-12-14 10:30:00,0.42413747
2013-12-15 10:30:00,0.697675
2013-12-16 10:30:00,0.7263625
2013-12-17 10:30:00,0.7765875
2013-12-18 10:30:00,0.6861625
2013-12-19 10:30:00,0.68277496
2013-12-20 10:30:00,0.52795
2013-12-21 10:30:00,0.6013
2013-12-22 10:30:00,0.58187497
2013-12-23 10:30:00,0.56659997
2013-12-24 10:30:00,0.6605
2013-12-25 10:30:00,0.6660625
2013-12-26 10:30:00,0.46513748
2013-12-27 10:30:00,0.528125
2013-12-28 10:30:00,0.4542625
2013-12-29 10:30:00,0.4412625
2013-12-30 10:30:00,0.57976246
2013-12-31 10:30:00,0.529925
2014-01-01 10:30:00,0.3526
2014-01-02 10:30:00,0.5590375
2014-01-03 10:30:00,0.46906248
2014-01-04 10:30:00,0.54459995
2014-01-05 10:30:00,0.6431375
2014-01-06 10:30:00,0.64175004
2014-01-07 10:30:00,0.3307125
2014-01-08 10:30:00,0.33650002
2014-01-09 10:30:00,0.415675
2014-01-10 10:30:00,0.483825
2014-01-11 10:30:00,0.45013747
2014-01-12 10:30:00,0.315675
2014-01-13 10:30:00,0.4336125
2014-01-14 10:30:00,0.51551247
2014-01-15 10:30:00,0.604725
2014-01-16 10:30:00,0.5455125
2014-01-17 10:30:00,0.5106
2014-01-18 10:30:00,0.49294996
2014-01-19 10:30:00,0.660475
2014-01-20 10:30:00,0.52862495
2014-01-21 10:30:00,0.5191
2014-01-22 10:30:00,0.5833375
2014-01-23 10:30:00,0.6741375
2014-01-24 10:30:00,0.4524125
2014-01-25 10:30:00,0.3263625
2014-01-26 10:30:00,0.4713
2014-01-27 10:30:00,0.3222625
2014-01-28 10:30:00,0.3367875
2014-01-29 10:30:00,0.563875
2014-01-30 10:30:00,0.423275
2014-01-31 10:30:00,0.3574625
2014-02-01 10:30:00,0.40853748
2014-02-02 10:30:00,0.2314625
2014-02-03 10:30:00,0.27261248
2014-02-04 10:30:00,0.37046248
2014-02-05 10:30:00,0.3909125
2014-02-06 10:30:00,0.3973875
2014-02-07 10:30:00,0.4094125
2014-02-08 10:30:00,0.52643746
2014-02-09 10:30:00,0.4009375
2014-02-10 10:30:00,0.44091251
2014-02-11 10:30:00,0.57234997
2014-02-12 10:30:00,0.44541252
2014-02-13 10:30:00,0.4732875
2014-02-14 10:30:00,0.71213746
2014-02-15 10:30:00,0.64004993
2014-02-16 10:30:00,0.6385875
2014-02-17 10:30:00,0.40311247
2014-02-18 10:30:00,0.4957875
2014-02-19 10:30:00,0.49401248
2014-02-20 10:30:00,0.56355
2014-02-21 10:30:00,0.58933747
2014-02-22 10:30:00,0.46916252
2014-02-23 10:30:00,0.4509875
2014-02-24 10:30:00,0.44011247
2014-02-25 10:30:00,0.59805
2014-02-26 10:30:00,0.5241875
2014-02-27 10:30:00,0.223475
2014-02-28 10:30:00,0.4136
2014-03-01 10:30:00,0.37155
2014-03-02 10:30:00,0.36439997
2014-03-03 10:30:00,0.3383375
2014-03-04 10:30:00,0.3147625
2014-03-05 10:30:00,0.2713125
2014-03-06 10:30:00,0.25614998
2014-03-07 10:30:00,0.2518375
2014-03-08 10:30:00,0.23028749
2014-03-09 10:30:00,0.21567501
2014-03-10 10:30:00,0.24987501
2014-03-11 10:30:00,0.4465
2014-03-12 10:30:00,0.46299997
2014-03-13 10:30:00,0.312475
2014-03-14 10:30:00,0.2179125
2014-03-15 10:30:00,0.4037625
2014-03-16 10:30:00,0.37896252
2014-03-17 10:30:00,0.447075
2014-03-18 10:30:00,0.309375
2014-03-19 10:30:00,0.5050375
2014-03-20 10:30:00,0.35608748
2014-03-21 10:30:00,0.3207125
2014-03-22 10:30:00,0.26372498
2014-03-23 10:30:00,0.25405
2014-03-24 10:30:00,0.2839
2014-03-25 10:30:00,0.34506246
2014-03-26 10:30:00,0.42233747
2014-03-27 10:30:00,0.29947498
2014-03-28 10:30:00,0.31312498
2014-03-29 10:30:00,0.2860125
2014-03-30 10:30:00,0.16077499
2014-03-31 10:30:00,0.252475
2014-04-01 10:30:00,0.51296246
2014-04-02 10:30:00,0.306
2014-04-03 10:30:00,0.2769
2014-04-04 10:30:00,0.4755875
2014-04-05 10:30:00,0.3075875
2014-04-06 10:30:00,0.28509998
2014-04-07 10:30:00,0.26744998
2014-04-08 10:30:00,0.364
2014-04-09 10:30:00,0.22585
2014-04-10 10:30:00,0.24985
2014-04-11 10:30:00,0.21302499
2014-04-12 10:30:00,0.26848748
2014-04-13 10:30:00,0.2470375
2014-04-14 10:30:00,0.14003749
2014-04-15 10:30:00,0.1171625
2014-04-16 10:30:00,0.17208749
2014-04-17 10:30:00,0.31838748
2014-04-18 10:30:00,0.2418125
2014-04-19 10:30:00,0.47993746
2014-04-20 10:30:00,0.71279997
2014-04-21 10:30:00,0.3211875
2014-04-22 10:30:00,0.2672
2014-04-23 10:30:00,0.2643375
2014-04-24 10:30:00,0.353
2014-04-25 10:30:00,0.28105
2014-04-26 10:30:00,0.323425
2014-04-27 10:30:00,0.308725
2014-04-28 10:30:00,0.2197875
2014-04-29 10:30:00,0.204725
2014-04-30 10:30:00,0.1406375
2014-05-01 10:30:00,0.3724875
2014-05-02 10:30:00,0.21668749
2014-05-03 10:30:00,0.1770875
2014-05-04 10:30:00,0.2633625
2014-05-05 10:30:00,0.36781248
2014-05-06 10:30:00,0.49781248
2014-05-07 10:30:00,0.366125
2014-05-08 10:30:00,0.36429998
2014-05-09 10:30:00,0.2814375
2014-05-10 10:30:00,0.66879994
2014-05-11 10:30:00,0.7725
2014-05-12 10:30:00,0.73510003
2014-05-13 10:30:00,0.76956254
2014-05-14 10:30:00,0.8188125
2014-05-15 10:30:00,0.7415
2014-05-16 10:30:00,0.69838744
2014-05-17 10:30:00,0.69083744
2014-05-18 10:30:00,0.74202496
2014-05-19 10:30:00,0.7514125
2014-05-20 10:30:00,0.688775
2014-05-21 10:30:00,0.670375
2014-05-22 10:30:00,0.57467496
2014-05-23 10:30:00,0.3714
2014-05-24 10:30:00,0.5417625
2014-05-25 10:30:00,0.7231375
2014-05-26 10:30:00,0.8242125
2014-05-27 10:30:00,0.5730875
2014-05-28 10:30:00,0.35218748
2014-05-29 10:30:00,0.4015375
2014-05-30 10:30:00,0.32018748
2014-05-31 10:30:00,0.39958748
2014-06-01 10:30:00,0.31524998
2014-06-02 10:30:00,0.3548125
2014-06-03 10:30:00,0.4191125
2014-06-04 10:30:00,0.45978752
2014-06-05 10:30:00,0.46169996
2014-06-06 10:30:00,0.37035
2014-06-07 10:30:00,0.53678745
2014-06-08 10:30:00,0.944225
2014-06-09 10:30:00,0.82848746
2014-06-10 10:30:00,0.7908
2014-06-11 10:30:00,0.7963875
2014-06-12 10:30:00,0.67471254
2014-06-13 10:30:00,0.49966246
2014-06-14 10:30:00,0.45505
2014-06-15 10:30:00,0.5551125
2014-06-16 10:30:00,0.598175
2014-06-17 10:30:00,0.6660625
2014-06-18 10:30:00,0.55995
2014-06-19 10:30:00,0.65589994
2014-06-20 10:30:00,0.608125
2014-06-21 10:30:00,0.5752625
2014-06-22 10:30:00,0.52155
2014-06-23 10:30:00,0.4304125
2014-06-24 10:30:00,0.4837625
2014-06-25 10:30:00,0.6345875
2014-06-26 10:30:00,0.77386254
2014-06-27 10:30:00,0.5566875
2014-06-28 10:30:00,0.5936
2014-06-29 10:30:00,0.5396125
2014-06-30 10:30:00,0.51329994
2014-07-01 10:30:00,0.5829
2014-07-02 10:30:00,0.61465
2014-07-03 10:30:00,0.82083744
2014-07-04 10:30:00,0.52221245
2014-07-05 10:30:00,0.661975
2014-07-06 10:30:00,0.64935
2014-07-07 10:30:00,0.81413746
2014-07-08 10:30:00,0.6054875
2014-07-09 10:30:00,0.6560625
2014-07-10 10:30:00,0.71028745
2014-07-11 10:30:00,0.747275
2014-07-12 10:30:00,0.70245004
2014-07-13 10:30:00,0.7317875
2014-07-14 10:30:00,0.56415
2014-07-15 10:30:00,0.80051243
2014-07-16 10:30:00,0.8366749
2014-07-17 10:30:00,0.801175
2014-07-18 10:30:00,0.7064
2014-07-19 10:30:00,0.7547625
2014-07-20 10:30:00,0.88397497
2014-07-21 10:30:00,0.59578747
2014-07-22 10:30:00,0.7008
2014-07-23 10:30:00,0.6421
2014-07-24 10:30:00,0.615
2014-07-25 10:30:00,0.7358625
2014-07-26 10:30:00,0.7195749
2014-07-27 10:30:00,0.67272496
2014-07-28 10:30:00,0.694525
2014-07-29 10:30:00,0.69275
2014-07-30 10:30:00,0.7469
2014-07-31 10:30:00,0.7064875
2014-08-01 10:30:00,0.50897497
2014-08-02 10:30:00,0.7312375
2014-08-03 10:30:00,0.5177375
2014-08-04 10:30:00,0.61667496
2014-08-05 10:30:00,0.774175
2014-08-06 10:30:00,0.7125125
2014-08-07 10:30:00,0.596825
2014-08-08 10:30:00,0.6249625
2014-08-09 10:30:00,0.73553747
2014-08-10 10:30:00,0.78239995
2014-08-11 10:30:00,0.8139125
2014-08-12 10:30:00,0.6528125
2014-08-13 10:30:00,0.5876375
2014-08-14 10:30:00,0.75427496
2014-08-15 10:30:00,0.84427494
2014-08-16 10:30:00,0.8972875
2014-08-17 10:30:00,0.7894625
2014-08-18 10:30:00,0.7425
2014-08-19 10:30:00,0.6396
2014-08-20 10:30:00,0.8172625
2014-08-21 10:30:00,0.714325
2014-08-22 10:30:00,0.74693745
2014-08-23 10:30:00,0.7469
2014-08-24 10:30:00,0.7592375
2014-08-25 10:30:00,0.78429997
2014-08-26 10:30:00,0.8837875
2014-08-27 10:30:00,0.7065875
2014-08-28 10:30:00,0.74979997
2014-08-29 10:30:00,0.7456375
2014-08-30 10:30:00,0.7441625
2014-08-31 10:30:00,0.72411245
2014-09-01 10:30:00,0.7040375
2014-09-02 10:30:00,0.8362875
2014-09-03 10:30:00,0.81472504
2014-09-04 10:30:00,0.7197
2014-09-05 10:30:00,0.6856125
2014-09-06 10:30:00,0.6999375
2014-09-07 10:30:00,0.7086375
2014-09-08 10:30:00,0.5703125
2014-09-09 10:30:00,0.5967375
2014-09-10 10:30:00,0.6577
2014-09-11 10:30:00,0.6458
2014-09-12 10:30:00,0.660075
2014-09-13 10:30:00,0.589625
2014-09-14 10:30:00,0.4072875
2014-09-15 10:30:00,0.47056252
2014-09-16 10:30:00,0.5962125
2014-09-17 10:30:00,0.6072875
2014-09-18 10:30:00,0.60342497
2014-09-19 10:30:00,0.6372875
2014-09-20 10:30:00,0.7120375
2014-09-21 10:30:00,0.62715
2014-09-22 10:30:00,0.72021246
2014-09-23 10:30:00,0.5820125
2014-09-24 10:30:00,0.615775
2014-09-25 10:30:00,0.509475
2014-09-26 10:30:00,0.837425
2014-09-27 10:30:00,0.4826625
2014-09-28 10:30:00,0.5835125
2014-09-29 10:30:00,0.44983748
2014-09-30 10:30:00,0.4213
2014-10-01 10:30:00,0.5121
2014-10-02 10:30:00,0.5577125
2014-10-03 10:30:00,0.5211375
2014-10-04 10:30:00,0.6026625
2014-10-05 10:30:00,0.47643748
2014-10-06 10:30:00,0.40025002
2014-10-07 10:30:00,0.42
2014-10-08 10:30:00,0.69254994
2014-10-09 10:30:00,0.63252497
2014-10-10 10:30:00,0.7371375
2014-10-11 10:30:00,0.6643875
2014-10-12 10:30:00,0.37461248
2014-10-13 10:30:00,0.41998747
2014-10-14 10:30:00,0.4713375
2014-10-15 10:30:00,0.40785
2014-10-16 10:30:00,0.286925
2014-10-17 10:30:00,0.4630625
2014-10-18 10:30:00,0.35525
2014-10-19 10:30:00,0.1954375
2014-10-20 10:30:00,0.2268
2014-10-21 10:30:00,0.32077497
2014-10-22 10:30:00,0.34510002
2014-10-23 10:30:00,0.4032
2014-10-24 10:30:00,0.7006375
2014-10-25 10:30:00,0.5229875
2014-10-26 10:30:00,0.3222875
2014-10-27 10:30:00,0.3679375
2014-10-28 10:30:00,0.33419997
2014-10-29 10:30:00,0.38628748
2014-10-30 10:30:00,0.697275
2014-10-31 10:30:00,0.78823745
2014-11-01 10:30:00,0.57958746
2014-11-02 10:30:00,0.43507499
2014-11-03 10:30:00,0.53634995
2014-11-04 10:30:00,0.584775
2014-11-05 10:30:00,0.45345
2014-11-06 10:30:00,0.32598752
2014-11-07 10:30:00,0.3455
2014-11-08 10:30:00,0.4670375
2014-11-09 10:30:00,0.498575
2014-11-10 10:30:00,0.37386248
2014-11-11 10:30:00,0.30427498
2014-11-12 10:30:00,0.26997498
2014-11-13 10:30:00,0.34112498
2014-11-14 10:30:00,0.3969375
2014-11-15 10:30:00,0.51215
2014-11-16 10:30:00,0.4968
2014-11-17 10:30:00,0.537375
2014-11-18 10:30:00,0.4285875
2014-11-19 10:30:00,0.5599625
2014-11-20 10:30:00,0.717125
2014-11-21 10:30:00,0.41117498
2014-11-22 10:30:00,0.4618125
2014-11-23 10:30:00,0.45877498
2014-11-24 10:30:00,0.471925
2014-11-25 10:30:00,0.4203125
2014-11-26 10:30:00,0.29837498
2014-11-27 10:30:00,0.33744997
2014-11-28 10:30:00,0.40998748
2014-11-29 10:30:00,0.51546246
2014-11-30 10:30:00,0.5727625
2014-12-01 10:30:00,0.2269875
2014-12-02 10:30:00,0.24038748
2014-12-03 10:30:00,0.3687875
2014-12-04 10:30:00,0.3413375
2014-12-05 10:30:00,0.3575125
2014-12-06 10:30:00,0.4319875
2014-12-07 10:30:00,0.5004875
2014-12-08 10:30:00,0.49229997
2014-12-09 10:30:00,0.5195
2014-12-10 10:30:00,0.7009375
2014-12-11 10:30:00,0.5697875
2014-12-12 10:30:00,0.49205002
2014-12-13 10:30:00,0.486025
2014-12-14 10:30:00,0.6275375
2014-12-15 10:30:00,0.62027496
2014-12-16 10:30:00,0.44805
2014-12-17 10:30:00,0.46104997
2014-12-18 10:30:00,0.648525
2014-12-19 10:30:00,0.70665
2014-12-20 10:30:00,0.5220125
2014-12-21 10:30:00,0.5798375
2014-12-22 10:30:00,0.66795
2014-12-23 10:30:00,0.66209996
2014-12-24 10:30:00,0.4623625
2014-12-25 10:30:00,0.39119998
2014-12-26 10:30:00,0.65275
2014-12-27 10:30:00,0.68455
2014-12-28 10:30:00,0.64357495
2014-12-29 10:30:00,0.73662496
2014-12-30 10:30:00,0.5576
2014-12-31 10:30:00,0.424375
2015-01-01 10:30:00,0.3732125
2015-01-02 10:30:00,0.50511247
2015-01-03 10:30:00,0.66731244
2015-01-04 10:30:00,0.6572875
2015-01-05 10:30:00,0.333925
2015-01-06 10:30:00,0.222625
2015-01-07 10:30:00,0.3793
2015-01-08 10:30:00,0.473375
2015-01-09 10:30:00,0.56513745
2015-01-10 10:30:00,0.66598743
2015-01-11 10:30:00,0.5360625
2015-01-12 10:30:00,0.6378375
2015-01-13 10:30:00,0.68067497
2015-01-14 10:30:00,0.6859875
2015-01-15 10:30:00,0.6678875
2015-01-16 10:30:00,0.29181248
2015-01-17 10:30:00,0.3849625
2015-01-18 10:30:00,0.5382125
2015-01-19 10:30:00,0.5492375
2015-01-20 10:30:00,0.63404995
2015-01-21 10:30:00,0.599075
2015-01-22 10:30:00,0.6518625
2015-01-23 10:30:00,0.6915125
2015-01-24 10:30:00,0.5453375
2015-01-25 10:30:00,0.35428748
2015-01-26 10:30:00,0.2929625
2015-01-27 10:30:00,0.342225
2015-01-28 10:30:00,0.37623748
2015-01-29 10:30:00,0.31875
2015-01-30 10:30:00,0.3412875
2015-01-31 10:30:00,0.43396246
2015-02-01 10:30:00,0.40197498
2015-02-02 10:30:00,0.53824997
2015-02-03 10:30:00,0.55864996
2015-02-04 10:30:00,0.47306252
2015-02-05 10:30:00,0.39839998
2015-02-06 10:30:00,0.30365
2015-02-07 10:30:00,0.22278748
2015-02-08 10:30:00,0.2472625
2015-02-09 10:30:00,0.290625
2015-02-10 10:30:00,0.30695
2015-02-11 10:30:00,0.4993125
2015-02-12 10:30:00,0.303525
2015-02-13 10:30:00,0.38233748
2015-02-14 10:30:00,0.5223
2015-02-15 10:30:00,0.4775125
2015-02-16 10:30:00,0.4792625
2015-02-17 10:30:00,0.31011248
2015-02-18 10:30:00,0.22972499
2015-02-19 10:30:00,0.3403625
2015-02-20 10:30:00,0.38942495
2015-02-21 10:30:00,0.80241245
2015-02-22 10:30:00,0.487175
2015-02-23 10:30:00,0.3027375
2015-02-24 10:30:00,0.46064997
2015-02-25 10:30:00,0.508825
2015-02-26 10:30:00,0.52377504
2015-02-27 10:30:00,0.38485
2015-02-28 10:30:00,0.6425125
2015-03-01 10:30:00,0.327975
2015-03-02 10:30:00,0.39526248
2015-03-03 10:30:00,0.5670375
2015-03-04 10:30:00,0.4378
2015-03-05 10:30:00,0.529075
2015-03-06 10:30:00,0.34737498
2015-03-07 10:30:00,0.26271248
2015-03-08 10:30:00,0.301
2015-03-09 10:30:00,0.2429
2015-03-10 10:30:00,0.294275
2015-03-11 10:30:00,0.2282875
2015-03-12 10:30:00,0.388475
2015-03-13 10:30:00,0.3729375
2015-03-14 10:30:00,0.41503748
2015-03-15 10:30:00,0.3116125
2015-03-16 10:30:00,0.2775125
2015-03-17 10:30:00,0.2583125
2015-03-18 10:30:00,0.2606625
2015-03-19 10:30:00,0.23764999
2015-03-20 10:30:00,0.20648749
2015-03-21 10:30:00,0.1371
2015-03-22 10:30:00,0.153225
2015-03-23 10:30:00,0.153725
2015-03-24 10:30:00,0.263025
2015-03-25 10:30:00,0.14025
2015-03-26 10:30:00,0.113562495
2015-03-27 10:30:00,0.37345
2015-03-28 10:30:00,0.5167125
2015-03-29 10:30:00,0.235875
2015-03-30 10:30:00,0.2185375
2015-03-31 10:30:00,0.15081249
2015-04-01 10:30:00,0.1541
2015-04-02 10:30:00,0.435175
2015-04-03 10:30:00,0.32195
2015-04-04 10:30:00,0.81936246
2015-04-05 10:30:00,0.6057375
2015-04-06 10:30:00,0.3690875
2015-04-07 10:30:00,0.4199625
2015-04-08 10:30:00,0.483925
2015-04-09 10:30:00,0.24620001
2015-04-10 10:30:00,0.50635
2015-04-11 10:30:00,0.3943875
2015-04-12 10:30:00,0.23233749
2015-04-13 10:30:00,0.1863125
2015-04-14 10:30:00,0.30159998
2015-04-15 10:30:00,0.3601625
2015-04-16 10:30:00,0.2796625
2015-04-17 10:30:00,0.16604999
2015-04-18 10:30:00,0.196475
2015-04-19 10:30:00,0.19442499
2015-04-20 10:30:00,0.2359875
2015-04-21 10:30:00,0.22138749
2015-04-22 10:30:00,0.17331249
2015-04-23 10:30:00,0.28687498
2015-04-24 10:30:00,0.15431249
2015-04-25 10:30:00,0.24088751
2015-04-26 10:30:00,0.1864
2015-04-27 10:30:00,0.257575
2015-04-28 10:30:00,0.294025
2015-04-29 10:30:00,0.1416875
2015-04-30 10:30:00,0.124425
2015-05-01 10:30:00,0.3850875
2015-05-02 10:30:00,0.42971247
2015-05-03 10:30:00,0.2522875
2015-05-04 10:30:00,0.24963748
2015-05-05 10:30:00,0.52715
2015-05-06 10:30:00,0.4734
2015-05-07 10:30:00,0.7779875
2015-05-08 10:30:00,0.682975
2015-05-09 10:30:00,0.34171247
2015-05-10 10:30:00,0.3323125
2015-05-11 10:30:00,0.89011246
2015-05-12 10:30:00,0.8044
2015-05-13 10:30:00,0.6537375
2015-05-14 10:30:00,0.34010002
2015-05-15 10:30:00,0.3499375
2015-05-16 10:30:00,0.482775
2015-05-17 10:30:00,0.53358746
2015-05-18 10:30:00,0.769125
2015-05-19 10:30:00,0.5606875
2015-05-20 10:30:00,0.29749998
2015-05-21 10:30:00,0.2661375
2015-05-22 10:30:00,0.2598
2015-05-23 10:30:00,0.37916252
2015-05-24 10:30:00,0.332
2015-05-25 10:30:00,0.66249996
2015-05-26 10:30:00,0.5762375
2015-05-27 10:30:00,0.46748748
2015-05-28 10:30:00,0.65942496
2015-05-29 10:30:00,0.4334875
2015-05-30 10:30:00,0.3514
2015-05-31 10:30:00,0.4466875
2015-06-01 10:30:00,0.40716252
2015-06-02 10:30:00,0.50325
2015-06-03 10:30:00,0.3335875
2015-06-04 10:30:00,0.5653
2015-06-05 10:30:00,0.84279996
2015-06-06 10:30:00,0.78485
2015-06-07 10:30:00,0.826025
2015-06-08 10:30:00,0.63616246
2015-06-09 10:30:00,0.5656125
2015-06-10 10:30:00,0.63502496
2015-06-11 10:30:00,0.88621247
2015-06-12 10:30:00,0.82645005
2015-06-13 10:30:00,0.698725
2015-06-14 10:30:00,0.53845
2015-06-15 10:30:00,0.4065875
2015-06-16 10:30:00,0.6225375
2015-06-17 10:30:00,0.78872496
2015-06-18 10:30:00,0.7695125
2015-06-19 10:30:00,0.598525
2015-06-20 10:30:00,0.55221254
2015-06-21 10:30:00,0.43905
2015-06-22 10:30:00,0.57549995
2015-06-23 10:30:00,0.69474995
2015-06-24 10:30:00,0.701025
2015-06-25 10:30:00,0.59978753
2015-06-26 10:30:00,0.5499375
2015-06-27 10:30:00,0.5821875
2015-06-28 10:30:00,0.35318747
2015-06-29 10:30:00,0.4718375
2015-06-30 10:30:00,0.5304625
2015-07-01 10:30:00,0.6856625
2015-07-02 10:30:00,0.66098744
2015-07-03 10:30:00,0.545625
2015-07-04 10:30:00,0.49901247
2015-07-05 10:30:00,0.486575
2015-07-06 10:30:00,0.482775
2015-07-07 10:30:00,0.5099625
2015-07-08 10:30:00,0.514075
2015-07-09 10:30:00,0.5071
2015-07-10 10:30:00,0.501525
2015-07-11 10:30:00,0.6955625
2015-07-12 10:30:00,0.59362495
2015-07-13 10:30:00,0.5269
2015-07-14 10:30:00,0.611175
2015-07-15 10:30:00,0.58291245
2015-07-16 10:30:00,0.5458875
2015-07-17 10:30:00,0.6011625
2015-07-18 10:30:00,0.56176245
2015-07-19 10:30:00,0.5676
2015-07-20 10:30:00,0.8068125
2015-07-21 10:30:00,0.7906375
2015-07-22 10:30:00,0.8083625
2015-07-23 10:30:00,0.6951249
2015-07-24 10:30:00,0.71589994
2015-07-25 10:30:00,0.82804996
2015-07-26 10:30:00,0.67561245
2015-07-27 10:30:00,0.4939125
2015-07-28 10:30:00,0.61635
2015-07-29 10:30:00,0.71775
2015-07-30 10:30:00,0.63226247
2015-07-31 10:30:00,0.6379
2015-08-01 10:30:00,0.58296245
2015-08-02 10:30:00,0.68161243
2015-08-03 10:30:00,0.544925
2015-08-04 10:30:00,0.55235
2015-08-05 10:30:00,0.68983746
2015-08-06 10:30:00,0.8446624
2015-08-07 10:30:00,0.672175
2015-08-08 10:30:00,0.794575
2015-08-09 10:30:00,0.78545
2015-08-10 10:30:00,0.7172625
2015-08-11 10:30:00,0.7303625
2015-08-12 10:30:00,0.6622625
2015-08-13 10:30:00,0.6528624
2015-08-14 10:30:00,0.74224997
2015-08-15 10:30:00,0.8514125
2015-08-16 10:30:00,0.8953375
2015-08-17 10:30:00,0.833225
2015-08-18 10:30:00,0.7817375
2015-08-19 10:30:00,0.71918744
2015-08-20 10:30:00,0.866875
2015-08-21 10:30:00,0.83396244
2015-08-22 10:30:00,0.76339996
2015-08-23 10:30:00,0.84059995
2015-08-24 10:30:00,0.85775
2015-08-25 10:30:00,0.7703125
2015-08-26 10:30:00,0.70946246
2015-08-27 10:30:00,0.6327625
2015-08-28 10:30:00,0.8485125
2015-08-29 10:30:00,0.9042375
2015-08-30 10:30:00,0.9054625
2015-08-31 10:30:00,0.892125
2015-09-01 10:30:00,0.7652375
2015-09-02 10:30:00,0.7653875
2015-09-03 10:30:00,0.63607496
2015-09-04 10:30:00,0.64006245
2015-09-05 10:30:00,0.66975
2015-09-06 10:30:00,0.5513
2015-09-07 10:30:00,0.79421246
2015-09-08 10:30:00,0.85372496
2015-09-09 10:30:00,0.59793746
2015-09-10 10:30:00,0.5226375
2015-09-11 10:30:00,0.532075
2015-09-12 10:30:00,0.60241246
2015-09-13 10:30:00,0.6745625
2015-09-14 10:30:00,0.65175
2015-09-15 10:30:00,0.6310125
2015-09-16 10:30:00,0.6444
2015-09-17 10:30:00,0.77296245
2015-09-18 10:30:00,0.8333875
2015-09-19 10:30:00,0.6405125
2015-09-20 10:30:00,0.62883747
2015-09-21 10:30:00,0.5961625
2015-09-22 10:30:00,0.91598743
2015-09-23 10:30:00,0.72015
2015-09-24 10:30:00,0.75223744
2015-09-25 10:30:00,0.8990375
2015-09-26 10:30:00,0.75146246
2015-09-27 10:30:00,0.667675
2015-09-28 10:30:00,0.60592496
2015-09-29 10:30:00,0.5921625
2015-09-30 10:30:00,0.65428746
2015-10-01 10:30:00,0.49816248
2015-10-02 10:30:00,0.392775
2015-10-03 10:30:00,0.422325
2015-10-04 10:30:00,0.420925
2015-10-05 10:30:00,0.601825
2015-10-06 10:30:00,0.6163125
2015-10-07 10:30:00,0.46054998
2015-10-08 10:30:00,0.37386248
2015-10-09 10:30:00,0.52639997
2015-10-10 10:30:00,0.8454625
2015-10-11 10:30:00,0.49537498
2015-10-12 10:30:00,0.512775
2015-10-13 10:30:00,0.5226125
2015-10-14 10:30:00,0.5882875
2015-10-15 10:30:00,0.48498747
2015-10-16 10:30:00,0.3312875
2015-10-17 10:30:00,0.2329875
2015-10-18 10:30:00,0.3236875
2015-10-19 10:30:00,0.3325375
2015-10-20 10:30:00,0.391725
2015-10-21 10:30:00,0.40034997
2015-10-22 10:30:00,0.41163749
2015-10-23 10:30:00,0.19545
2015-10-24 10:30:00,0.255525
2015-10-25 10:30:00,0.344
2015-10-26 10:30:00,0.54419994
2015-10-27 10:30:00,0.33686247
2015-10-28 10:30:00,0.295
2015-10-29 10:30:00,0.33474997
2015-10-30 10:30:00,0.3256125
2015-10-31 10:30:00,0.3951625
2015-11-01 10:30:00,0.308325
2015-11-02 10:30:00,0.4465
2015-11-03 10:30:00,0.303625
2015-11-04 10:30:00,0.2594375
2015-11-05 10:30:00,0.2436375
2015-11-06 10:30:00,0.38342497
2015-11-07 10:30:00,0.4346875
2015-11-08 10:30:00,0.3860375
2015-11-09 10:30:00,0.57827497
2015-11-10 10:30:00,0.58932495
2015-11-11 10:30:00,0.6512875
2015-11-12 10:30:00,0.7477625
2015-11-13 10:30:00,0.8475125
2015-11-14 10:30:00,0.728575
2015-11-15 10:30:00,0.23073749
2015-11-16 10:30:00,0.6199875
2015-11-17 10:30:00,0.5923375
2015-11-18 10:30:00,0.58895
2015-11-19 10:30:00,0.70905
2015-11-20 10:30:00,0.6177375
2015-11-21 10:30:00,0.583075
2015-11-22 10:30:00,0.5479375
2015-11-23 10:30:00,0.50614995
2015-11-24 10:30:00,0.4790375
2015-11-25 10:30:00,0.532
2015-11-26 10:30:00,0.593725
2015-11-27 10:30:00,0.68125
2015-11-28 10:30:00,0.58437496
2015-11-29 10:30:00,0.64636254
2015-11-30 10:30:00,0.72538745
2015-12-01 10:30:00,0.8344
2015-12-02 10:30:00,0.78561246
2015-12-03 10:30:00,0.57252496
2015-12-04 10:30:00,0.44697502
2015-12-05 10:30:00,0.36714998
2015-12-06 10:30:00,0.571525
2015-12-07 10:30:00,0.676125
2015-12-08 10:30:00,0.7510875
2015-12-09 10:30:00,0.71468747
2015-12-10 10:30:00,0.646575
2015-12-11 10:30:00,0.6807375
2015-12-12 10:30:00,0.6365375
2015-12-13 10:30:00,0.6871375
2015-12-14 10:30:00,0.808075
2015-12-15 10:30:00,0.5693875
2015-12-16 10:30:00,0.4636875
2015-12-17 10:30:00,0.598225
2015-12-18 10:30:00,0.6391125
2015-12-19 10:30:00,0.7703375
2015-12-20 10:30:00,0.775925
2015-12-21 10:30:00,0.7822
2015-12-22 10:30:00,0.752375
2015-12-23 10:30:00,0.6259
2015-12-24 10:30:00,0.5394
2015-12-25 10:30:00,0.61645
2015-12-26 10:30:00,0.3618
2015-12-27 10:30:00,0.29935
2015-12-28 10:30:00,0.47006246
2015-12-29 10:30:00,0.67522496
2015-12-30 10:30:00,0.690275
2015-12-31 10:30:00,0.7523125
2016-01-01 10:30:00,0.6351625
2016-01-02 10:30:00,0.6066875
2016-01-03 10:30:00,0.4832125
2016-01-04 10:30:00,0.38173747
2016-01-05 10:30:00,0.5277375
2016-01-06 10:30:00,0.4087875
2016-01-07 10:30:00,0.4352125
2016-01-08 10:30:00,0.426225
2016-01-09 10:30:00,0.405875
2016-01-10 10:30:00,0.334375
2016-01-11 10:30:00,0.35654998
2016-01-12 10:30:00,0.4037
2016-01-13 10:30:00,0.4428125
2016-01-14 10:30:00,0.5955875
2016-01-15 10:30:00,0.68093747
2016-01-16 10:30:00,0.602625
2016-01-17 10:30:00,0.4394
2016-01-18 10:30:00,0.5348875
2016-01-19 10:30:00,0.47987497
2016-01-20 10:30:00,0.48599997
2016-01-21 10:30:00,0.46177498
2016-01-22 10:30:00,0.41175
2016-01-23 10:30:00,0.44288749
2016-01-24 10:30:00,0.3405875
2016-01-25 10:30:00,0.34057498
2016-01-26 10:30:00,0.3348625
2016-01-27 10:30:00,0.36435
2016-01-28 10:30:00,0.34877497
2016-01-29 10:30:00,0.3554125
2016-01-30 10:30:00,0.468225
2016-01-31 10:30:00,0.40792498
2016-02-01 10:30:00,0.38955
2016-02-02 10:30:00,0.4202625
2016-02-03 10:30:00,0.3636375
2016-02-04 10:30:00,0.35283747
2016-02-05 10:30:00,0.439625
2016-02-06 10:30:00,0.45921248
2016-02-07 10:30:00,0.668625
2016-02-08 10:30:00,0.62595
2016-02-09 10:30:00,0.6324125
2016-02-10 10:30:00,0.72129995
2016-02-11 10:30:00,0.73452497
2016-02-12 10:30:00,0.40721247
2016-02-13 10:30:00,0.328625
2016-02-14 10:30:00,0.2825875
2016-02-15 10:30:00,0.39471248
2016-02-16 10:30:00,0.34658748
2016-02-17 10:30:00,0.5184375
2016-02-18 10:30:00,0.435475
2016-02-19 10:30:00,0.31446248
2016-02-20 10:30:00,0.41361248
2016-02-21 10:30:00,0.33072498
2016-02-22 10:30:00,0.3297625
2016-02-23 10:30:00,0.2985375
2016-02-24 10:30:00,0.35568747
2016-02-25 10:30:00,0.37992498
2016-02-26 10:30:00,0.38333747
2016-02-27 10:30:00,0.33107498
2016-02-28 10:30:00,0.45572498
2016-02-29 10:30:00,0.3758375
2016-03-01 10:30:00,0.44709998
2016-03-02 10:30:00,0.57855
2016-03-03 10:30:00,0.583475
2016-03-04 10:30:00,0.677275
2016-03-05 10:30:00,0.50822496
2016-03-06 10:30:00,0.3155625
2016-03-07 10:30:00,0.27522498
2016-03-08 10:30:00,0.30755
2016-03-09 10:30:00,0.293525
2016-03-10 10:30:00,0.3157125
2016-03-11 10:30:00,0.3666625
2016-03-12 10:30:00,0.27557498
2016-03-13 10:30:00,0.2871125
2016-03-14 10:30:00,0.37822497
2016-03-15 10:30:00,0.30545
2016-03-16 10:30:00,0.2603125
2016-03-17 10:30:00,0.474975
2016-03-18 10:30:00,0.501525
2016-03-19 10:30:00,0.334575
2016-03-20 10:30:00,0.2992625
2016-03-21 10:30:00,0.7462875
2016-03-22 10:30:00,0.292275
2016-03-23 10:30:00,0.271275
2016-03-24 10:30:00,0.2752375
2016-03-25 10:30:00,0.2107625
2016-03-26 10:30:00,0.22489999
2016-03-27 10:30:00,0.219975
2016-03-28 10:30:00,0.21466249
2016-03-29 10:30:00,0.4199125
2016-03-30 10:30:00,0.3218875
2016-03-31 10:30:00,0.320625
2016-04-01 10:30:00,0.3892125
2016-04-02 10:30:00,0.24948749
2016-04-03 10:30:00,0.25446248
2016-04-04 10:30:00,0.37057498
2016-04-05 10:30:00,0.2916875
2016-04-06 10:30:00,0.23761249
2016-04-07 10:30:00,0.169125
2016-04-08 10:30:00,0.1841125
2016-04-09 10:30:00,0.20673749
2016-04-10 10:30:00,0.251725
2016-04-11 10:30:00,0.2872875
2016-04-12 10:30:00,0.33284998
2016-04-13 10:30:00,0.73543745
2016-04-14 10:30:00,0.5155625
2016-04-15 10:30:00,0.69893754
2016-04-16 10:30:00,0.62448746
2016-04-17 10:30:00,0.303175
2016-04-18 10:30:00,0.3522
2016-04-19 10:30:00,0.24803749
2016-04-20 10:30:00,0.22694999
2016-04-21 10:30:00,0.24956249
2016-04-22 10:30:00,0.44197497
2016-04-23 10:30:00,0.3362375
2016-04-24 10:30:00,0.57264996
2016-04-25 10:30:00,0.35239998
2016-04-26 10:30:00,0.29755
2016-04-27 10:30:00,0.4735125
2016-04-28 10:30:00,0.260575
2016-04-29 10:30:00,0.3647125
2016-04-30 10:30:00,0.40701246
2016-05-01 10:30:00,0.5674
2016-05-02 10:30:00,0.45593747
2016-05-03 10:30:00,0.23331249
2016-05-04 10:30:00,0.175875
2016-05-05 10:30:00,0.61628747
2016-05-06 10:30:00,0.76836246
2016-05-07 10:30:00,0.32873747
2016-05-08 10:30:00,0.36726248
2016-05-09 10:30:00,0.3879
2016-05-10 10:30:00,0.23705
2016-05-11 10:30:00,0.5605625
2016-05-12 10:30:00,0.5778875
2016-05-13 10:30:00,0.26174998
2016-05-14 10:30:00,0.4268875
2016-05-15 10:30:00,0.45013747
2016-05-16 10:30:00,0.4293125
2016-05-17 10:30:00,0.186
2016-05-18 10:30:00,0.27328748
2016-05-19 10:30:00,0.2715875
2016-05-20 10:30:00,0.2935625
2016-05-21 10:30:00,0.286725
2016-05-22 10:30:00,0.2038375
2016-05-23 10:30:00,0.48045
2016-05-24 10:30:00,0.8877625
2016-05-25 10:30:00,0.4696875
2016-05-26 10:30:00,0.3547
2016-05-27 10:30:00,0.40737498
2016-05-28 10:30:00,0.33412498
2016-05-29 10:30:00,0.32443747
2016-05-30 10:30:00,0.4921625
2016-05-31 10:30:00,0.43746248
2016-06-01 10:30:00,0.33009997
2016-06-02 10:30:00,0.3733875
2016-06-03 10:30:00,0.4382375
2016-06-04 10:30:00,0.4214125
2016-06-05 10:30:00,0.29795
2016-06-06 10:30:00,0.5134375
2016-06-07 10:30:00,0.48213747
2016-06-08 10:30:00,0.3660875
2016-06-09 10:30:00,0.5330125
2016-06-10 10:30:00,0.7605
2016-06-11 10:30:00,0.67004997
2016-06-12 10:30:00,0.7114875
2016-06-13 10:30:00,0.690325
2016-06-14 10:30:00,0.61325
2016-06-15 10:30:00,0.63974994
2016-06-16 10:30:00,0.661425
2016-06-17 10:30:00,0.88553745
2016-06-18 10:30:00,0.77503747
2016-06-19 10:30:00,0.71418744
2016-06-20 10:30:00,0.67302495
2016-06-21 10:30:00,0.595875
2016-06-22 10:30:00,0.8561875
2016-06-23 10:30:00,0.6572125
2016-06-24 10:30:00,0.5897125
2016-06-25 10:30:00,0.489525
2016-06-26 10:30:00,0.506975
2016-06-27 10:30:00,0.6259125
2016-06-28 10:30:00,0.6268125
2016-06-29 10:30:00,0.833625
2016-06-30 10:30:00,0.71025
2016-07-01 10:30:00,0.56554997
2016-07-02 10:30:00,0.55791247
2016-07-03 10:30:00,0.5759
2016-07-04 10:30:00,0.5087625
2016-07-05 10:30:00,0.49932498
2016-07-06 10:30:00,0.46259996
2016-07-07 10:30:00,0.667875
2016-07-08 10:30:00,0.6044125
2016-07-09 10:30:00,0.6883875
2016-07-10 10:30:00,0.55822504
2016-07-11 10:30:00,0.65139997
2016-07-12 10:30:00,0.699775
2016-07-13 10:30:00,0.5798875
2016-07-14 10:30:00,0.4898375
2016-07-15 10:30:00,0.5018
2016-07-16 10:30:00,0.604675
2016-07-17 10:30:00,0.5814
2016-07-18 10:30:00,0.55165
2016-07-19 10:30:00,0.6037375
2016-07-20 10:30:00,0.658925
2016-07-21 10:30:00,0.65613747
2016-07-22 10:30:00,0.8264875
2016-07-23 10:30:00,0.8490625
2016-07-24 10:30:00,0.5909625
2016-07-25 10:30:00,0.68441254
2016-07-26 10:30:00,0.6655625
2016-07-27 10:30:00,0.5611
2016-07-28 10:30:00,0.5732
2016-07-29 10:30:00,0.5862875
2016-07-30 10:30:00,0.6409625
2016-07-31 10:30:00,0.5859375
2016-08-01 10:30:00,0.58415
2016-08-02 10:30:00,0.5021
2016-08-03 10:30:00,0.51902497
2016-08-04 10:30:00,0.5976875
2016-08-05 10:30:00,0.679675
2016-08-06 10:30:00,0.8529875
2016-08-07 10:30:00,0.54595
2016-08-08 10:30:00,0.49845
2016-08-09 10:30:00,0.6633625
2016-08-10 10:30:00,0.64396244
2016-08-11 10:30:00,0.44827497
2016-08-12 10:30:00,0.359825
2016-08-13 10:30:00,0.439075
2016-08-14 10:30:00,0.4826375
2016-08-15 10:30:00,0.55755
2016-08-16 10:30:00,0.5220625
2016-08-17 10:30:00,0.43967497
2016-08-18 10:30:00,0.6196875
2016-08-19 10:30:00,0.678575
2016-08-20 10:30:00,0.668375
2016-08-21 10:30:00,0.6720375
2016-08-22 10:30:00,0.610475
2016-08-23 10:30:00,0.7205125
2016-08-24 10:30:00,0.50436246
2016-08-25 10:30:00,0.3621625
2016-08-26 10:30:00,0.42798752
2016-08-27 10:30:00,0.40125
2016-08-28 10:30:00,0.3961375
2016-08-29 10:30:00,0.3832125
2016-08-30 10:30:00,0.57159996
2016-08-31 10:30:00,0.9181375
2016-09-01 10:30:00,0.87703747
2016-09-02 10:30:00,0.91995
2016-09-03 10:30:00,0.87286246
2016-09-04 10:30:00,0.94893754
2016-09-05 10:30:00,0.8872125
2016-09-06 10:30:00,0.82553744
2016-09-07 10:30:00,0.75753754
2016-09-08 10:30:00,0.91066253
2016-09-09 10:30:00,0.8539125
2016-09-10 10:30:00,0.790075
2016-09-11 10:30:00,0.767325
2016-09-12 10:30:00,0.88247496
2016-09-13 10:30:00,0.8522625
2016-09-14 10:30:00,0.89417493
2016-09-15 10:30:00,0.6538375
2016-09-16 10:30:00,0.729575
2016-09-17 10:30:00,0.62485
2016-09-18 10:30:00,0.57329994
2016-09-19 10:30:00,0.5720125
2016-09-20 10:30:00,0.54745
2016-09-21 10:30:00,0.51862496
2016-09-22 10:30:00,0.7495625
2016-09-23 10:30:00,0.7053
2016-09-24 10:30:00,0.77375
2016-09-25 10:30:00,0.5864875
2016-09-26 10:30:00,0.715625
2016-09-27 10:30:00,0.700525
2016-09-28 10:30:00,0.6131375
2016-09-29 10:30:00,0.6423375
2016-09-30 10:30:00,0.6401875
2016-10-01 10:30:00,0.44643748
2016-10-02 10:30:00,0.6440125
2016-10-03 10:30:00,0.6119625
2016-10-04 10:30:00,0.665625
2016-10-05 10:30:00,0.5729
2016-10-06 10:30:00,0.5275
2016-10-07 10:30:00,0.8265
2016-10-08 10:30:00,0.5681
2016-10-09 10:30:00,0.575525
2016-10-10 10:30:00,0.37501252
2016-10-11 10:30:00,0.4348375
2016-10-12 10:30:00,0.4878625
2016-10-13 10:30:00,0.517025
2016-10-14 10:30:00,0.689
2016-10-15 10:30:00,0.5777875
2016-10-16 10:30:00,0.6211875
2016-10-17 10:30:00,0.4765
2016-10-18 10:30:00,0.5620875
2016-10-19 10:30:00,0.75794995
2016-10-20 10:30:00,0.506
2016-10-21 10:30:00,0.797475
2016-10-22 10:30:00,0.590525
2016-10-23 10:30:00,0.5119875
2016-10-24 10:30:00,0.52582496
2016-10-25 10:30:00,0.4506375
2016-10-26 10:30:00,0.43013752
2016-10-27 10:30:00,0.487925
2016-10-28 10:30:00,0.384425
2016-10-29 10:30:00,0.4244125
2016-10-30 10:30:00,0.37536252
2016-10-31 10:30:00,0.3754
2016-11-01 10:30:00,0.407275
2016-11-02 10:30:00,0.36502498
2016-11-03 10:30:00,0.5035
2016-11-04 10:30:00,0.7077375
2016-11-05 10:30:00,0.6584625
2016-11-06 10:30:00,0.7103125
2016-11-07 10:30:00,0.7447
2016-11-08 10:30:00,0.5383875
2016-11-09 10:30:00,0.6453875
2016-11-10 10:30:00,0.80695
2016-11-11 10:30:00,0.5827125
2016-11-12 10:30:00,0.68654996
2016-11-13 10:30:00,0.79504997
2016-11-14 10:30:00,0.567475
2016-11-15 10:30:00,0.58564997
2016-11-16 10:30:00,0.622575
2016-11-17 10:30:00,0.7640125
2016-11-18 10:30:00,0.6083625
2016-11-19 10:30:00,0.6316875
2016-11-20 10:30:00,0.40713748
2016-11-21 10:30:00,0.4358875
2016-11-22 10:30:00,0.45005
2016-11-23 10:30:00,0.44108748
2016-11-24 10:30:00,0.5806375
2016-11-25 10:30:00,0.68816245
2016-11-26 10:30:00,0.7216
2016-11-27 10:30:00,0.629425
2016-11-28 10:30:00,0.4955375
2016-11-29 10:30:00,0.6590375
2016-11-30 10:30:00,0.5635375
2016-12-01 10:30:00,0.49224997
2016-12-02 10:30:00,0.6462375
2016-12-03 10:30:00,0.43781248
2016-12-04 10:30:00,0.37557498
2016-12-05 10:30:00,0.484875
2016-12-06 10:30:00,0.612475
2016-12-07 10:30:00,0.664
2016-12-08 10:30:00,0.7246125
2016-12-09 10:30:00,0.5702125
2016-12-10 10:30:00,0.6393875
2016-12-11 10:30:00,0.75573754
2016-12-12 10:30:00,0.60564995
2016-12-13 10:30:00,0.522075
2016-12-14 10:30:00,0.455075
2016-12-15 10:30:00,0.3863375
2016-12-16 10:30:00,0.5821
2016-12-17 10:30:00,0.62901247
2016-12-18 10:30:00,0.7172875
2016-12-19 10:30:00,0.7572125
2016-12-20 10:30:00,0.72325
2016-12-21 10:30:00,0.6452
2016-12-22 10:30:00,0.48739997
2016-12-23 10:30:00,0.60064995
2016-12-24 10:30:00,0.69308746
2016-12-25 10:30:00,0.515325
2016-12-26 10:30:00,0.3756
2016-12-27 10:30:00,0.5297375
2016-12-28 10:30:00,0.48888746
2016-12-29 10:30:00,0.49546248
2016-12-30 10:30:00,0.55721253
2016-12-31 10:30:00,0.65058744
2017-01-01 10:30:00,0.70086247
2017-01-02 10:30:00,0.6633
2017-01-03 10:30:00,0.6302875
2017-01-04 10:30:00,0.68963754
2017-01-05 10:30:00,0.7049125
2017-01-06 10:30:00,0.6556624
2017-01-07 10:30:00,0.6624625
2017-01-08 10:30:00,0.4866875
2017-01-09 10:30:00,0.3377125
2017-01-10 10:30:00,0.3774375
2017-01-11 10:30:00,0.4291125
2017-01-12 10:30:00,0.4072
2017-01-13 10:30:00,0.50654995
2017-01-14 10:30:00,0.43385002
2017-01-15 10:30:00,0.50834996
2017-01-16 10:30:00,0.60875
2017-01-17 10:30:00,0.7010125
2017-01-18 10:30:00,0.61155
2017-01-19 10:30:00,0.551
2017-01-20 10:30:00,0.59311247
2017-01-21 10:30:00,0.72091246
2017-01-22 10:30:00,0.4617375
2017-01-23 10:30:00,0.40185001
2017-01-24 10:30:00,0.4719625
2017-01-25 10:30:00,0.529525
2017-01-26 10:30:00,0.44353747
2017-01-27 10:30:00,0.39279997
2017-01-28 10:30:00,0.5260625
2017-01-29 10:30:00,0.42596248
2017-01-30 10:30:00,0.38303748
2017-01-31 10:30:00,0.3693125
2017-02-01 10:30:00,0.3044625
2017-02-02 10:30:00,0.46941248
2017-02-03 10:30:00,0.5684125
2017-02-04 10:30:00,0.5893125
2017-02-05 10:30:00,0.47349998
2017-02-06 10:30:00,0.3511
2017-02-07 10:30:00,0.453875
2017-02-08 10:30:00,0.429175
2017-02-09 10:30:00,0.4734
2017-02-10 10:30:00,0.4183125
2017-02-11 10:30:00,0.35529998
2017-02-12 10:30:00,0.53375
2017-02-13 10:30:00,0.43544996
2017-02-14 10:30:00,0.518
2017-02-15 10:30:00,0.6299375
2017-02-16 10:30:00,0.3327125
2017-02-17 10:30:00,0.22792499
2017-02-18 10:30:00,0.34597498
2017-02-19 10:30:00,0.67894995
2017-02-20 10:30:00,0.39779997
2017-02-21 10:30:00,0.6348625
2017-02-22 10:30:00,0.40775
2017-02-23 10:30:00,0.34146246
2017-02-24 10:30:00,0.431375
2017-02-25 10:30:00,0.3821
2017-02-26 10:30:00,0.5179375
2017-02-27 10:30:00,0.40336248
2017-02-28 10:30:00,0.310925
2017-03-01 10:30:00,0.28861248
2017-03-02 10:30:00,0.4719625
2017-03-03 10:30:00,0.46941248
2017-03-04 10:30:00,0.3339625
2017-03-05 10:30:00,0.32318747
2017-03-06 10:30:00,0.3811625
2017-03-07 10:30:00,0.324225
2017-03-08 10:30:00,0.29558748
2017-03-09 10:30:00,0.3011875
2017-03-10 10:30:00,0.34239998
2017-03-11 10:30:00,0.3848625
2017-03-12 10:30:00,0.27796248
2017-03-13 10:30:00,0.2916
2017-03-14 10:30:00,0.32525
2017-03-15 10:30:00,0.2792625
2017-03-16 10:30:00,0.376225
2017-03-17 10:30:00,0.4145375
2017-03-18 10:30:00,0.2125625
2017-03-19 10:30:00,0.23806249
2017-03-20 10:30:00,0.3503625
2017-03-21 10:30:00,0.3011375
2017-03-22 10:30:00,0.3022875
2017-03-23 10:30:00,0.330625
2017-03-24 10:30:00,0.29363748
2017-03-25 10:30:00,0.3337625
2017-03-26 10:30:00,0.4544625
2017-03-27 10:30:00,0.36263752
2017-03-28 10:30:00,0.36208752
2017-03-29 10:30:00,0.7160375
2017-03-30 10:30:00,0.33671248
2017-03-31 10:30:00,0.28321248
2017-04-01 10:30:00,0.24419999
2017-04-02 10:30:00,0.24424998
2017-04-03 10:30:00,0.1827375
2017-04-04 10:30:00,0.22094999
2017-04-05 10:30:00,0.4058
2017-04-06 10:30:00,0.3375125
2017-04-07 10:30:00,0.48809996
2017-04-08 10:30:00,0.2141625
2017-04-09 10:30:00,0.1948875
2017-04-10 10:30:00,0.1652875
2017-04-11 10:30:00,0.16667499
2017-04-12 10:30:00,0.13526249
2017-04-13 10:30:00,0.1993
2017-04-14 10:30:00,0.169925
2017-04-15 10:30:00,0.11479999
2017-04-16 10:30:00,0.28288752
2017-04-17 10:30:00,0.68714994
2017-04-18 10:30:00,0.5697
2017-04-19 10:30:00,0.4172
2017-04-20 10:30:00,0.37566248
2017-04-21 10:30:00,0.24482499
2017-04-22 10:30:00,0.2420625
2017-04-23 10:30:00,0.33142498
2017-04-24 10:30:00,0.47068748
2017-04-25 10:30:00,0.6399625
2017-04-26 10:30:00,0.3618125
2017-04-27 10:30:00,0.2499
2017-04-28 10:30:00,0.2102125
2017-04-29 10:30:00,0.2099375
2017-04-30 10:30:00,0.26857498
2017-05-01 10:30:00,0.1692625
2017-05-02 10:30:00,0.16977498
2017-05-03 10:30:00,0.3383375
2017-05-04 10:30:00,0.28765
2017-05-05 10:30:00,0.52951247
2017-05-06 10:30:00,0.32145
2017-05-07 10:30:00,0.37239996
2017-05-08 10:30:00,0.2784375
2017-05-09 10:30:00,0.195725
2017-05-10 10:30:00,0.4910625
2017-05-11 10:30:00,0.341225
2017-05-12 10:30:00,0.3438
2017-05-13 10:30:00,0.5062875
2017-05-14 10:30:00,0.4163625
2017-05-15 10:30:00,0.2987375
2017-05-16 10:30:00,0.41257498
2017-05-17 10:30:00,0.31913748
2017-05-18 10:30:00,0.15656249
2017-05-19 10:30:00,0.1849625
2017-05-20 10:30:00,0.37382498
2017-05-21 10:30:00,0.3775875
2017-05-22 10:30:00,0.3946625
2017-05-23 10:30:00,0.366375
2017-05-24 10:30:00,0.30673748
2017-05-25 10:30:00,0.251425
2017-05-26 10:30:00,0.2964875
2017-05-27 10:30:00,0.2764625
2017-05-28 10:30:00,0.18206249
2017-05-29 10:30:00,0.2548625
2017-05-30 10:30:00,0.20856251
2017-05-31 10:30:00,0.39205
2017-06-01 10:30:00,0.48035
2017-06-02 10:30:00,0.50338745
2017-06-03 10:30:00,0.49963748
2017-06-04 10:30:00,0.45651248
2017-06-05 10:30:00,0.26655
2017-06-06 10:30:00,0.5833375
2017-06-07 10:30:00,0.4321375
2017-06-08 10:30:00,0.586425
2017-06-09 10:30:00,0.34555
2017-06-10 10:30:00,0.44807497
2017-06-11 10:30:00,0.49897498
2017-06-12 10:30:00,0.41402498
2017-06-13 10:30:00,0.24522498
2017-06-14 10:30:00,0.35048747
2017-06-15 10:30:00,0.45215
2017-06-16 10:30:00,0.67132497
2017-06-17 10:30:00,0.70266247
2017-06-18 10:30:00,0.7948874
2017-06-19 10:30:00,0.66889995
2017-06-20 10:30:00,0.76474994
2017-06-21 10:30:00,0.6807125
2017-06-22 10:30:00,0.43173748
2017-06-23 10:30:00,0.35486248
2017-06-24 10:30:00,0.44427502
2017-06-25 10:30:00,0.5507375
2017-06-26 10:30:00,0.45035
2017-06-27 10:30:00,0.48764998
2017-06-28 10:30:00,0.4518875
2017-06-29 10:30:00,0.65917504
2017-06-30 10:30:00,0.7407375
2017-07-01 10:30:00,0.603
2017-07-02 10:30:00,0.63
2017-07-03 10:30:00,0.5448
2017-07-04 10:30:00,0.44568747
2017-07-05 10:30:00,0.4662625
2017-07-06 10:30:00,0.557625
2017-07-07 10:30:00,0.7023625
2017-07-08 10:30:00,0.83599997
2017-07-09 10:30:00,0.71718746
2017-07-10 10:30:00,0.69808745
2017-07-11 10:30:00,0.45624998
2017-07-12 10:30:00,0.357375
2017-07-13 10:30:00,0.360425
2017-07-14 10:30:00,0.3616125
2017-07-15 10:30:00,0.4278375
2017-07-16 10:30:00,0.47913748
2017-07-17 10:30:00,0.65029997
2017-07-18 10:30:00,0.4606875
2017-07-19 10:30:00,0.44645
2017-07-20 10:30:00,0.6836125
2017-07-21 10:30:00,0.49154997
2017-07-22 10:30:00,0.35893747
2017-07-23 10:30:00,0.58605003
2017-07-24 10:30:00,0.42830002
2017-07-25 10:30:00,0.42994997
2017-07-26 10:30:00,0.8852125
2017-07-27 10:30:00,0.8039375
2017-07-28 10:30:00,0.6539625
2017-07-29 10:30:00,0.7700875
2017-07-30 10:30:00,0.7385375
2017-07-31 10:30:00,0.7073375
2017-08-01 10:30:00,0.8397125
2017-08-02 10:30:00,0.86885
2017-08-03 10:30:00,0.8979375
2017-08-04 10:30:00,0.81769997
2017-08-05 10:30:00,0.7997875
2017-08-06 10:30:00,0.8037625
2017-08-07 10:30:00,0.8551
2017-08-08 10:30:00,0.79496247
2017-08-09 10:30:00,0.77879995
2017-08-10 10:30:00,0.9140125
2017-08-11 10:30:00,0.8870625
2017-08-12 10:30:00,0.8534625
2017-08-13 10:30:00,0.8583
2017-08-14 10:30:00,0.8857125
2017-08-15 10:30:00,0.8333
2017-08-16 10:30:00,0.8219
2017-08-17 10:30:00,0.8309
2017-08-18 10:30:00,0.79091245
2017-08-19 10:30:00,0.76911247
2017-08-20 10:30:00,0.80092496
2017-08-21 10:30:00,0.7151625
2017-08-22 10:30:00,0.54936254
2017-08-23 10:30:00,0.6746
2017-08-24 10:30:00,0.48831248
2017-08-25 10:30:00,0.558325
2017-08-26 10:30:00,0.6133625
2017-08-27 10:30:00,0.5945375
2017-08-28 10:30:00,0.38433748
2017-08-29 10:30:00,0.393625
2017-08-30 10:30:00,0.5402875
2017-08-31 10:30:00,0.616175
2017-09-01 10:30:00,0.7114875
2017-09-02 10:30:00,0.6526625
2017-09-03 10:30:00,0.8416625
2017-09-04 10:30:00,0.8609375
2017-09-05 10:30:00,0.754875
2017-09-06 10:30:00,0.536375
2017-09-07 10:30:00,0.6124875
2017-09-08 10:30:00,0.6256
2017-09-09 10:30:00,0.63792497
2017-09-10 10:30:00,0.76406246
2017-09-11 10:30:00,0.5047375
2017-09-12 10:30:00,0.65949994
2017-09-13 10:30:00,0.6703625
2017-09-14 10:30:00,0.72209996
2017-09-15 10:30:00,0.888
2017-09-16 10:30:00,0.8870375
2017-09-17 10:30:00,0.81943744
2017-09-18 10:30:00,0.7418625
2017-09-19 10:30:00,0.74452496
2017-09-20 10:30:00,0.7427375
2017-09-21 10:30:00,0.72518754
2017-09-22 10:30:00,0.577725
2017-09-23 10:30:00,0.5368375
2017-09-24 10:30:00,0.52779996
2017-09-25 10:30:00,0.4953875
2017-09-26 10:30:00,0.371325
2017-09-27 10:30:00,0.29872498
2017-09-28 10:30:00,0.34177497
2017-09-29 10:30:00,0.317175
2017-09-30 10:30:00,0.3243875
2017-10-01 10:30:00,0.34291247
2017-10-02 10:30:00,0.3055875
2017-10-03 10:30:00,0.3538
2017-10-04 10:30:00,0.3234
2017-10-05 10:30:00,0.45589998
2017-10-06 10:30:00,0.6113
2017-10-07 10:30:00,0.6271875
2017-10-08 10:30:00,0.927525
2017-10-09 10:30:00,0.69542503
2017-10-10 10:30:00,0.56348747
2017-10-11 10:30:00,0.624425
2017-10-12 10:30:00,0.505075
2017-10-13 10:30:00,0.4921875
2017-10-14 10:30:00,0.4463
2017-10-15 10:30:00,0.597425
2017-10-16 10:30:00,0.3342875
2017-10-17 10:30:00,0.34805
2017-10-18 10:30:00,0.37305
2017-10-19 10:30:00,0.47752497
2017-10-20 10:30:00,0.5565125
2017-10-21 10:30:00,0.3707
2017-10-22 10:30:00,0.4295875
2017-10-23 10:30:00,0.40259996
2017-10-24 10:30:00,0.342075
2017-10-25 10:30:00,0.3459875
2017-10-26 10:30:00,0.50699997
2017-10-27 10:30:00,0.76044995
2017-10-28 10:30:00,0.301475
2017-10-29 10:30:00,0.3069375
2017-10-30 10:30:00,0.38893747
2017-10-31 10:30:00,0.25605
2017-11-01 10:30:00,0.36384997
2017-11-02 10:30:00,0.42734998
2017-11-03 10:30:00,0.3219125
2017-11-04 10:30:00,0.45908746
2017-11-05 10:30:00,0.400425
2017-11-06 10:30:00,0.4980875
2017-11-07 10:30:00,0.77919996
2017-11-08 10:30:00,0.76507497
2017-11-09 10:30:00,0.86083746
2017-11-10 10:30:00,0.5484
2017-11-11 10:30:00,0.5629875
2017-11-12 10:30:00,0.7366875
2017-11-13 10:30:00,0.4660625
2017-11-14 10:30:00,0.42588747
2017-11-15 10:30:00,0.389375
2017-11-16 10:30:00,0.5261875
2017-11-17 10:30:00,0.38638747
2017-11-18 10:30:00,0.41513747
2017-11-19 10:30:00,0.4709
2017-11-20 10:30:00,0.49995
2017-11-21 10:30:00,0.56901246
2017-11-22 10:30:00,0.37759998
2017-11-23 10:30:00,0.42665
2017-11-24 10:30:00,0.4858
2017-11-25 10:30:00,0.53905
2017-11-26 10:30:00,0.4004875
2017-11-27 10:30:00,0.3692875
2017-11-28 10:30:00,0.27855
2017-11-29 10:30:00,0.2730875
2017-11-30 10:30:00,0.44695
2017-12-01 10:30:00,0.5175375
2017-12-02 10:30:00,0.7603875
2017-12-03 10:30:00,0.5495375
2017-12-04 10:30:00,0.44355
2017-12-05 10:30:00,0.576175
2017-12-06 10:30:00,0.63754994
2017-12-07 10:30:00,0.5260375
2017-12-08 10:30:00,0.6690875
2017-12-09 10:30:00,0.73324996
2017-12-10 10:30:00,0.5328125
2017-12-11 10:30:00,0.4020125
2017-12-12 10:30:00,0.361675
2017-12-13 10:30:00,0.47588748
2017-12-14 10:30:00,0.4994375
2017-12-15 10:30:00,0.43592498
2017-12-16 10:30:00,0.4193125
2017-12-17 10:30:00,0.537875
2017-12-18 10:30:00,0.39886248
2017-12-19 10:30:00,0.45779997
2017-12-20 10:30:00,0.58335
2017-12-21 10:30:00,0.6166125
2017-12-22 10:30:00,0.56125
2017-12-23 10:30:00,0.5259875
2017-12-24 10:30:00,0.52245
2017-12-25 10:30:00,0.5316
2017-12-26 10:30:00,0.29354998
2017-12-27 10:30:00,0.3945375
2017-12-28 10:30:00,0.4776125
2017-12-29 10:30:00,0.44425
2017-12-30 10:30:00,0.6387875
2017-12-31 10:30:00,0.6476625
2018-01-01 10:30:00,0.52215
2018-01-02 10:30:00,0.42069998
2018-01-03 10:30:00,0.4267625
2018-01-04 10:30:00,0.40651247
2018-01-05 10:30:00,0.44689998
2018-01-06 10:30:00,0.44362497
2018-01-07 10:30:00,0.41825
2018-01-08 10:30:00,0.591025
2018-01-09 10:30:00,0.647525
2018-01-10 10:30:00,0.45055
2018-01-11 10:30:00,0.43638748
2018-01-12 10:30:00,0.666775
2018-01-13 10:30:00,0.6718375
2018-01-14 10:30:00,0.6648375
2018-01-15 10:30:00,0.6431375
2018-01-16 10:30:00,0.79305
2018-01-17 10:30:00,0.52825
2018-01-18 10:30:00,0.5730125
2018-01-19 10:30:00,0.36114997
2018-01-20 10:30:00,0.31803748
2018-01-21 10:30:00,0.3657125
2018-01-22 10:30:00,0.3082
2018-01-23 10:30:00,0.3109125
2018-01-24 10:30:00,0.3979875
2018-01-25 10:30:00,0.35498747
2018-01-26 10:30:00,0.3698625
2018-01-27 10:30:00,0.3163125
2018-01-28 10:30:00,0.37151253
2018-01-29 10:30:00,0.4253625
2018-01-30 10:30:00,0.4120375
2018-01-31 10:30:00,0.4513375
2018-02-01 10:30:00,0.50095
2018-02-02 10:30:00,0.5778125
2018-02-03 10:30:00,0.5071125
2018-02-04 10:30:00,0.4950125
2018-02-05 10:30:00,0.4212625
2018-02-06 10:30:00,0.533875
2018-02-07 10:30:00,0.46612498
2018-02-08 10:30:00,0.46548748
2018-02-09 10:30:00,0.36069998
2018-02-10 10:30:00,0.2912125
2018-02-11 10:30:00,0.3379
2018-02-12 10:30:00,0.3250125
2018-02-13 10:30:00,0.32814997
2018-02-14 10:30:00,0.3293125
2018-02-15 10:30:00,0.3942625
2018-02-16 10:30:00,0.324175
2018-02-17 10:30:00,0.2931625
2018-02-18 10:30:00,0.32618752
2018-02-19 10:30:00,0.35502496
2018-02-20 10:30:00,0.3484375
2018-02-21 10:30:00,0.41076246
2018-02-22 10:30:00,0.44735
2018-02-23 10:30:00,0.32775
2018-02-24 10:30:00,0.28774998
2018-02-25 10:30:00,0.624025
2018-02-26 10:30:00,0.5221875
2018-02-27 10:30:00,0.3799375
2018-02-28 10:30:00,0.75132495
2018-03-01 10:30:00,0.3910625
2018-03-02 10:30:00,0.49421248
2018-03-03 10:30:00,0.7222
2018-03-04 10:30:00,0.34992498
2018-03-05 10:30:00,0.26624998
2018-03-06 10:30:00,0.38936248
2018-03-07 10:30:00,0.43645
2018-03-08 10:30:00,0.38993752
2018-03-09 10:30:00,0.710225
2018-03-10 10:30:00,0.69052494
2018-03-11 10:30:00,0.620375
2018-03-12 10:30:00,0.6204375
2018-03-13 10:30:00,0.79088753
2018-03-14 10:30:00,0.752775
2018-03-15 10:30:00,0.3364625
2018-03-16 10:30:00,0.38674998
2018-03-17 10:30:00,0.35843748
2018-03-18 10:30:00,0.295775
2018-03-19 10:30:00,0.277975
2018-03-20 10:30:00,0.34927502
2018-03-21 10:30:00,0.41272497
2018-03-22 10:30:00,0.2676
2018-03-23 10:30:00,0.27122498
2018-03-24 10:30:00,0.36616248
2018-03-25 10:30:00,0.35654998
2018-03-26 10:30:00,0.2592
2018-03-27 10:30:00,0.2992375
2018-03-28 10:30:00,0.3208125
2018-03-29 10:30:00,0.23438749
2018-03-30 10:30:00,0.25312498
2018-03-31 10:30:00,0.55737495
2018-04-01 10:30:00,0.3187125
2018-04-02 10:30:00,0.1866625
2018-04-03 10:30:00,0.1463625
2018-04-04 10:30:00,0.1534875
2018-04-05 10:30:00,0.2506125
2018-04-06 10:30:00,0.128825
2018-04-07 10:30:00,0.12592499
2018-04-08 10:30:00,0.22256249
2018-04-09 10:30:00,0.20876248
2018-04-10 10:30:00,0.70687497
2018-04-11 10:30:00,0.2874375
2018-04-12 10:30:00,0.40069997
2018-04-13 10:30:00,0.79004997
2018-04-14 10:30:00,0.6985375
2018-04-15 10:30:00,0.4228125
2018-04-16 10:30:00,0.3873625
2018-04-17 10:30:00,0.35843748
2018-04-18 10:30:00,0.35224998
2018-04-19 10:30:00,0.2901
2018-04-20 10:30:00,0.6909125
2018-04-21 10:30:00,0.5117375
2018-04-22 10:30:00,0.49560001
2018-04-23 10:30:00,0.3949
2018-04-24 10:30:00,0.3093
2018-04-25 10:30:00,0.28257498
2018-04-26 10:30:00,0.24235
2018-04-27 10:30:00,0.2025
2018-04-28 10:30:00,0.32253748
2018-04-29 10:30:00,0.4280375
2018-04-30 10:30:00,0.29997498
2018-05-01 10:30:00,0.41752496
2018-05-02 10:30:00,0.31579998
2018-05-03 10:30:00,0.2132625
2018-05-04 10:30:00,0.17795
2018-05-05 10:30:00,0.1458625
2018-05-06 10:30:00,0.314225
2018-05-07 10:30:00,0.4003875
2018-05-08 10:30:00,0.393775
2018-05-09 10:30:00,0.2369
2018-05-10 10:30:00,0.2690375
2018-05-11 10:30:00,0.332375
2018-05-12 10:30:00,0.42814997
2018-05-13 10:30:00,0.54416245
2018-05-14 10:30:00,0.2508375
2018-05-15 10:30:00,0.59395
2018-05-16 10:30:00,0.589825
2018-05-17 10:30:00,0.4472125
2018-05-18 10:30:00,0.3622
2018-05-19 10:30:00,0.2484375
2018-05-20 10:30:00,0.39575
2018-05-21 10:30:00,0.397475
2018-05-22 10:30:00,0.765125
2018-05-23 10:30:00,0.490575
2018-05-24 10:30:00,0.55105
2018-05-25 10:30:00,0.46366248
2018-05-26 10:30:00,0.5261125
2018-05-27 10:30:00,0.9166874
2018-05-28 10:30:00,0.72198755
2018-05-29 10:30:00,0.84823745
2018-05-30 10:30:00,0.488525
2018-05-31 10:30:00,0.45263746
2018-06-01 10:30:00,0.20146249
2018-06-02 10:30:00,0.2342625
2018-06-03 10:30:00,0.29381248
2018-06-04 10:30:00,0.565775
2018-06-05 10:30:00,0.54517496
2018-06-06 10:30:00,0.6166625
2018-06-07 10:30:00,0.53482497
2018-06-08 10:30:00,0.55506253
2018-06-09 10:30:00,0.7504249
2018-06-10 10:30:00,0.7261125
2018-06-11 10:30:00,0.79894996
2018-06-12 10:30:00,0.837375
2018-06-13 10:30:00,0.71975
2018-06-14 10:30:00,0.74805
2018-06-15 10:30:00,0.78565
2018-06-16 10:30:00,0.59678745
2018-06-17 10:30:00,0.54237497
2018-06-18 10:30:00,0.8304374
2018-06-19 10:30:00,0.600975
2018-06-20 10:30:00,0.7027375
2018-06-21 10:30:00,0.56635
2018-06-22 10:30:00,0.614975
2018-06-23 10:30:00,0.58271253
2018-06-24 10:30:00,0.67831254
2018-06-25 10:30:00,0.90287495
2018-06-26 10:30:00,0.95336246
2018-06-27 10:30:00,0.8039
2018-06-28 10:30:00,0.68302494
2018-06-29 10:30:00,0.664525
2018-06-30 10:30:00,0.678525
2018-07-01 10:30:00,0.66371244
2018-07-02 10:30:00,0.66191244
2018-07-03 10:30:00,0.6746625
2018-07-04 10:30:00,0.92551243
2018-07-05 10:30:00,0.89485
2018-07-06 10:30:00,0.8231125
2018-07-07 10:30:00,0.95652497
2018-07-08 10:30:00,0.85795
2018-07-09 10:30:00,0.7333999
2018-07-10 10:30:00,0.8062875
2018-07-11 10:30:00,0.861875
2018-07-12 10:30:00,0.7176
2018-07-13 10:30:00,0.55627495
2018-07-14 10:30:00,0.621575
2018-07-15 10:30:00,0.6415375
2018-07-16 10:30:00,0.95498747
2018-07-17 10:30:00,0.892525
2018-07-18 10:30:00,0.90951246
2018-07-19 10:30:00,0.86852497
2018-07-20 10:30:00,0.93101245
2018-07-21 10:30:00,0.9735125
2018-07-22 10:30:00,0.7222875
2018-07-23 10:30:00,0.7208125
2018-07-24 10:30:00,0.960325
2018-07-25 10:30:00,0.87273747
2018-07-26 10:30:00,0.76605004
2018-07-27 10:30:00,0.77089995
2018-07-28 10:30:00,0.8056625
2018-07-29 10:30:00,0.82374996
2018-07-30 10:30:00,0.85025
2018-07-31 10:30:00,0.54805
2018-08-01 10:30:00,0.7182125
2018-08-02 10:30:00,0.74764997
2018-08-03 10:30:00,0.85723746
2018-08-04 10:30:00,0.87592494
2018-08-05 10:30:00,0.7715375
2018-08-06 10:30:00,0.83067495
2018-08-07 10:30:00,0.80852497
2018-08-08 10:30:00,0.82278746
2018-08-09 10:30:00,0.6462
2018-08-10 10:30:00,0.6882875
2018-08-11 10:30:00,0.84199995
2018-08-12 10:30:00,0.8153875
2018-08-13 10:30:00,0.92059994
2018-08-14 10:30:00,0.8640875
2018-08-15 10:30:00,0.8357
2018-08-16 10:30:00,0.7339375
2018-08-17 10:30:00,0.8404375
2018-08-18 10:30:00,0.649625
2018-08-19 10:30:00,0.65417504
2018-08-20 10:30:00,0.70885
2018-08-21 10:30:00,0.6909625
2018-08-22 10:30:00,0.6897
2018-08-23 10:30:00,0.6916625
2018-08-24 10:30:00,0.74480003
2018-08-25 10:30:00,0.948625
2018-08-26 10:30:00,0.822575
2018-08-27 10:30:00,0.744975
2018-08-28 10:30:00,0.89124995
2018-08-29 10:30:00,0.8725375
2018-08-30 10:30:00,0.8597875
2018-08-31 10:30:00,0.7004125
2018-09-01 10:30:00,0.737525
2018-09-02 10:30:00,0.95925003
2018-09-03 10:30:00,0.87904996
2018-09-04 10:30:00,0.74286246
2018-09-05 10:30:00,0.6783
2018-09-06 10:30:00,0.5661
2018-09-07 10:30:00,0.571525
2018-09-08 10:30:00,0.5783
2018-09-09 10:30:00,0.6335625
2018-09-10 10:30:00,0.75778747
2018-09-11 10:30:00,0.6957
2018-09-12 10:30:00,0.6019375
2018-09-13 10:30:00,0.5590375
2018-09-14 10:30:00,0.57835
2018-09-15 10:30:00,0.436175
2018-09-16 10:30:00,0.48423752
2018-09-17 10:30:00,0.60354996
2018-09-18 10:30:00,0.62593746
2018-09-19 10:30:00,0.61255
2018-09-20 10:30:00,0.6616375
2018-09-21 10:30:00,0.55425
2018-09-22 10:30:00,0.785225
2018-09-23 10:30:00,0.76665
2018-09-24 10:30:00,0.615725
2018-09-25 10:30:00,0.6052375
2018-09-26 10:30:00,0.6176
2018-09-27 10:30:00,0.542175
2018-09-28 10:30:00,0.81233746
2018-09-29 10:30:00,0.90113753
2018-09-30 10:30:00,0.7061375
2018-10-01 10:30:00,0.5043
2018-10-02 10:30:00,0.61167496
2018-10-03 10:30:00,0.5980125
2018-10-04 10:30:00,0.5789
2018-10-05 10:30:00,0.4337625
2018-10-06 10:30:00,0.40002498
2018-10-07 10:30:00,0.6195375
2018-10-08 10:30:00,0.4803375
2018-10-09 10:30:00,0.5011
2018-10-10 10:30:00,0.54064995
2018-10-11 10:30:00,0.54342496
2018-10-12 10:30:00,0.428475
2018-10-13 10:30:00,0.330875
2018-10-14 10:30:00,0.39654997
2018-10-15 10:30:00,0.39208746
2018-10-16 10:30:00,0.4337625
2018-10-17 10:30:00,0.4025125
2018-10-18 10:30:00,0.40311247
2018-10-19 10:30:00,0.4418
2018-10-20 10:30:00,0.3603625
2018-10-21 10:30:00,0.4094125
2018-10-22 10:30:00,0.465825
2018-10-23 10:30:00,0.5818125
2018-10-24 10:30:00,0.48658746
2018-10-25 10:30:00,0.721725
2018-10-26 10:30:00,0.7532374
2018-10-27 10:30:00,0.3554375
2018-10-28 10:30:00,0.48483747
2018-10-29 10:30:00,0.5894375
2018-10-30 10:30:00,0.42372498
2018-10-31 10:30:00,0.40632498
2018-11-01 10:30:00,0.4388
2018-11-02 10:30:00,0.3215
2018-11-03 10:30:00,0.32686248
2018-11-04 10:30:00,0.45764998
2018-11-05 10:30:00,0.4659875
2018-11-06 10:30:00,0.387475
2018-11-07 10:30:00,0.47802496
2018-11-08 10:30:00,0.5716375
2018-11-09 10:30:00,0.51505
2018-11-10 10:30:00,0.52605
2018-11-11 10:30:00,0.588225
2018-11-12 10:30:00,0.545075
2018-11-13 10:30:00,0.60185
2018-11-14 10:30:00,0.61843747
2018-11-15 10:30:00,0.33990002
2018-11-16 10:30:00,0.40325
2018-11-17 10:30:00,0.53564996
2018-11-18 10:30:00,0.44143748
2018-11-19 10:30:00,0.44595
2018-11-20 10:30:00,0.42349997
2018-11-21 10:30:00,0.3366125
2018-11-22 10:30:00,0.37125
2018-11-23 10:30:00,0.4534
2018-11-24 10:30:00,0.46415
2018-11-25 10:30:00,0.38152498
2018-11-26 10:30:00,0.244225
2018-11-27 10:30:00,0.275875
2018-11-28 10:30:00,0.32177502
2018-11-29 10:30:00,0.3695875
2018-11-30 10:30:00,0.3744875
2018-12-01 10:30:00,0.3510625
2018-12-02 10:30:00,0.308525
2018-12-03 10:30:00,0.2836125
2018-12-04 10:30:00,0.32326248
2018-12-05 10:30:00,0.3297625
2018-12-06 10:30:00,0.3018875
2018-12-07 10:30:00,0.2945625
2018-12-08 10:30:00,0.3535625
2018-12-09 10:30:00,0.4619375
2018-12-10 10:30:00,0.4922375
2018-12-11 10:30:00,0.5397625
2018-12-12 10:30:00,0.68417495
2018-12-13 10:30:00,0.5871125
2018-12-14 10:30:00,0.63506246
2018-12-15 10:30:00,0.487575
2018-12-16 10:30:00,0.5455875
2018-12-17 10:30:00,0.404375
2018-12-18 10:30:00,0.535925
2018-12-19 10:30:00,0.53318745
2018-12-20 10:30:00,0.618575
2018-12-21 10:30:00,0.70506245
2018-12-22 10:30:00,0.27991247
2018-12-23 10:30:00,0.26595
2018-12-24 10:30:00,0.36235
2018-12-25 10:30:00,0.2465125
2018-12-26 10:30:00,0.2657875
2018-12-27 10:30:00,0.25268748
2018-12-28 10:30:00,0.3046125
2018-12-29 10:30:00,0.30581248
2018-12-30 10:30:00,0.3633
2018-12-31 10:30:00,0.35105
2019-01-01 10:30:00,0.24229999
2019-01-02 10:30:00,0.44724998
2019-01-03 10:30:00,0.50479996
2019-01-04 10:30:00,0.3433625
2019-01-05 10:30:00,0.3717375
2019-01-06 10:30:00,0.4424125
2019-01-07 10:30:00,0.370475
2019-01-08 10:30:00,0.2764
2019-01-09 10:30:00,0.2777625
2019-01-10 10:30:00,0.45178747
2019-01-11 10:30:00,0.5160625
2019-01-12 10:30:00,0.606025
2019-01-13 10:30:00,0.5628625
2019-01-14 10:30:00,0.4287875
2019-01-15 10:30:00,0.2898875
2019-01-16 10:30:00,0.3444875
2019-01-17 10:30:00,0.299025
2019-01-18 10:30:00,0.37201247
2019-01-19 10:30:00,0.3808375
2019-01-20 10:30:00,0.3752375
2019-01-21 10:30:00,0.44382498
2019-01-22 10:30:00,0.32674998
2019-01-23 10:30:00,0.24307498
2019-01-24 10:30:00,0.38433748
2019-01-25 10:30:00,0.29321247
2019-01-26 10:30:00,0.2899625
2019-01-27 10:30:00,0.34794998
2019-01-28 10:30:00,0.3592625
2019-01-29 10:30:00,0.2957875
2019-01-30 10:30:00,0.2699875
2019-01-31 10:30:00,0.2828125
2019-02-01 10:30:00,0.376175
2019-02-02 10:30:00,0.4128125
2019-02-03 10:30:00,0.2503875
2019-02-04 10:30:00,0.30225
2019-02-05 10:30:00,0.27455
2019-02-06 10:30:00,0.2681625
2019-02-07 10:30:00,0.249975
2019-02-08 10:30:00,0.29686248
2019-02-09 10:30:00,0.28127497
2019-02-10 10:30:00,0.3125375
2019-02-11 10:30:00,0.280475
2019-02-12 10:30:00,0.2121375
2019-02-13 10:30:00,0.2194
2019-02-14 10:30:00,0.18302499
2019-02-15 10:30:00,0.1830625
2019-02-16 10:30:00,0.2446125
2019-02-17 10:30:00,0.2723625
2019-02-18 10:30:00,0.17907499
2019-02-19 10:30:00,0.2823125
2019-02-20 10:30:00,0.23815
2019-02-21 10:30:00,0.2373875
2019-02-22 10:30:00,0.33982497
2019-02-23 10:30:00,0.26396248
2019-02-24 10:30:00,0.25643748
2019-02-25 10:30:00,0.3070375
2019-02-26 10:30:00,0.2899125
2019-02-27 10:30:00,0.273975
2019-02-28 10:30:00,0.27157497
2019-03-01 10:30:00,0.270125
2019-03-02 10:30:00,0.23102498
2019-03-03 10:30:00,0.2931125
2019-03-04 10:30:00,0.2843625
2019-03-05 10:30:00,0.47276247
2019-03-06 10:30:00,0.2877625
2019-03-07 10:30:00,0.2426125
2019-03-08 10:30:00,0.21157499
2019-03-09 10:30:00,0.2286
2019-03-10 10:30:00,0.172475
2019-03-11 10:30:00,0.212525
2019-03-12 10:30:00,0.2123625
2019-03-13 10:30:00,0.21495001
2019-03-14 10:30:00,0.34528747
2019-03-15 10:30:00,0.31028748
2019-03-16 10:30:00,0.324025
2019-03-17 10:30:00,0.261025
2019-03-18 10:30:00,0.22999999
2019-03-19 10:30:00,0.3704
2019-03-20 10:30:00,0.305675
2019-03-21 10:30:00,0.21778749
2019-03-22 10:30:00,0.25512502
2019-03-23 10:30:00,0.1716
2019-03-24 10:30:00,0.2033625
2019-03-25 10:30:00,0.1417125
2019-03-26 10:30:00,0.123212494
2019-03-27 10:30:00,0.134475
2019-03-28 10:30:00,0.17365
2019-03-29 10:30:00,0.40049997
2019-03-30 10:30:00,0.222625
2019-03-31 10:30:00,0.24622498
2019-04-01 10:30:00,0.1967125
2019-04-02 10:30:00,0.17792499
2019-04-03 10:30:00,0.172225
2019-04-04 10:30:00,0.3712
2019-04-05 10:30:00,0.32303748
2019-04-06 10:30:00,0.3757125
2019-04-07 10:30:00,0.44974998
2019-04-08 10:30:00,0.35107496
2019-04-09 10:30:00,0.22306249
2019-04-10 10:30:00,0.16624999
2019-04-11 10:30:00,0.1618375
2019-04-12 10:30:00,0.1238875
2019-04-13 10:30:00,0.22744998
2019-04-14 10:30:00,0.2419
2019-04-15 10:30:00,0.1491125
2019-04-16 10:30:00,0.14201249
2019-04-17 10:30:00,0.6044875
2019-04-18 10:30:00,0.23274998
2019-04-19 10:30:00,0.19251251
2019-04-20 10:30:00,0.1289125
2019-04-21 10:30:00,0.1249375
2019-04-22 10:30:00,0.18304999
2019-04-23 10:30:00,0.115875006
2019-04-24 10:30:00,0.2015
2019-04-25 10:30:00,0.19133751
2019-04-26 10:30:00,0.1561625
2019-04-27 10:30:00,0.14147499
2019-04-28 10:30:00,0.2901
2019-04-29 10:30:00,0.4809
2019-04-30 10:30:00,0.195375
2019-05-01 10:30:00,0.220025
2019-05-02 10:30:00,0.236925
2019-05-03 10:30:00,0.20122498
2019-05-04 10:30:00,0.4294875
2019-05-05 10:30:00,0.2058
2019-05-06 10:30:00,0.203825
2019-05-07 10:30:00,0.1790625
2019-05-08 10:30:00,0.18053749
2019-05-09 10:30:00,0.3125
2019-05-10 10:30:00,0.24011248
2019-05-11 10:30:00,0.3620375
2019-05-12 10:30:00,0.5927375
2019-05-13 10:30:00,0.62605
2019-05-14 10:30:00,0.44948748
2019-05-15 10:30:00,0.4278375
2019-05-16 10:30:00,0.19938749
2019-05-17 10:30:00,0.2654375
2019-05-18 10:30:00,0.16292499
2019-05-19 10:30:00,0.79597497
2019-05-20 10:30:00,0.78935
2019-05-21 10:30:00,0.62474996
2019-05-22 10:30:00,0.6303125
2019-05-23 10:30:00,0.53625
2019-05-24 10:30:00,0.29395
2019-05-25 10:30:00,0.532725
2019-05-26 10:30:00,0.5602625
2019-05-27 10:30:00,0.3689875
2019-05-28 10:30:00,0.21557498
2019-05-29 10:30:00,0.2496125
2019-05-30 10:30:00,0.57156247
2019-05-31 10:30:00,0.583525
2019-06-01 10:30:00,0.584475
2019-06-02 10:30:00,0.50958747
2019-06-03 10:30:00,0.517775
2019-06-04 10:30:00,0.4968125
2019-06-05 10:30:00,0.55338746
2019-06-06 10:30:00,0.63333744
2019-06-07 10:30:00,0.84925
2019-06-08 10:30:00,0.851025
2019-06-09 10:30:00,0.805025
2019-06-10 10:30:00,0.65568745
2019-06-11 10:30:00,0.6867125
2019-06-12 10:30:00,0.7495
2019-06-13 10:30:00,0.4754
2019-06-14 10:30:00,0.69283754
2019-06-15 10:30:00,0.58665
2019-06-16 10:30:00,0.5044625
2019-06-17 10:30:00,0.4975
2019-06-18 10:30:00,0.49221247
2019-06-19 10:30:00,0.4698875
2019-06-20 10:30:00,0.51919997
2019-06-21 10:30:00,0.50997496
2019-06-22 10:30:00,0.5516375
2019-06-23 10:30:00,0.47397497
2019-06-24 10:30:00,0.41077498
2019-06-25 10:30:00,0.810975
2019-06-26 10:30:00,0.83489996
2019-06-27 10:30:00,0.80261254
2019-06-28 10:30:00,0.8853875
2019-06-29 10:30:00,0.7850625
2019-06-30 10:30:00,0.7289375
2019-07-01 10:30:00,0.5227625
2019-07-02 10:30:00,0.7465625
2019-07-03 10:30:00,0.67241246
2019-07-04 10:30:00,0.8092
2019-07-05 10:30:00,0.871775
2019-07-06 10:30:00,0.93592495
2019-07-07 10:30:00,0.7670625
2019-07-08 10:30:00,0.76818746
2019-07-09 10:30:00,0.7761125
2019-07-10 10:30:00,0.79832494
2019-07-11 10:30:00,0.76077497
2019-07-12 10:30:00,0.7636374
2019-07-13 10:30:00,0.82483745
2019-07-14 10:30:00,0.79098743
2019-07-15 10:30:00,0.7618374
2019-07-16 10:30:00,0.8946125
2019-07-17 10:30:00,0.731975
2019-07-18 10:30:00,0.723975
2019-07-19 10:30:00,0.82095
2019-07-20 10:30:00,0.86277497
2019-07-21 10:30:00,0.701525
2019-07-22 10:30:00,0.68653744
2019-07-23 10:30:00,0.8903499
2019-07-24 10:30:00,0.7980625
2019-07-25 10:30:00,0.776225
2019-07-26 10:30:00,0.7880625
2019-07-27 10:30:00,0.79575
2019-07-28 10:30:00,0.86801255
2019-07-29 10:30:00,0.8466749
2019-07-30 10:30:00,0.8744875
2019-07-31 10:30:00,0.76058745
2019-08-01 10:30:00,0.7028
2019-08-02 10:30:00,0.79482496
2019-08-03 10:30:00,0.7986625
2019-08-04 10:30:00,0.75833744
2019-08-05 10:30:00,0.79425
2019-08-06 10:30:00,0.9495125
2019-08-07 10:30:00,0.8810375
2019-08-08 10:30:00,0.9087
2019-08-09 10:30:00,0.835925
2019-08-10 10:30:00,0.8921125
2019-08-11 10:30:00,0.91795
2019-08-12 10:30:00,0.80623746
2019-08-13 10:30:00,0.8003875
2019-08-14 10:30:00,0.6830625
2019-08-15 10:30:00,0.73091245
2019-08-16 10:30:00,0.78131247
2019-08-17 10:30:00,0.7596875
2019-08-18 10:30:00,0.7657
2019-08-19 10:30:00,0.76598746
2019-08-20 10:30:00,0.92955
2019-08-21 10:30:00,0.77979994
2019-08-22 10:30:00,0.8047625
2019-08-23 10:30:00,0.8253125
2019-08-24 10:30:00,0.84921247
2019-08-25 10:30:00,0.85165
2019-08-26 10:30:00,0.9572125
2019-08-27 10:30:00,0.711575
2019-08-28 10:30:00,0.76434994
2019-08-29 10:30:00,0.763525
2019-08-30 10:30:00,0.6930625
2019-08-31 10:30:00,0.72293746
2019-09-01 10:30:00,0.72951245
2019-09-02 10:30:00,0.74651253
2019-09-03 10:30:00,0.7123375
2019-09-04 10:30:00,0.750375
2019-09-05 10:30:00,0.6207625
2019-09-06 10:30:00,0.82804996
2019-09-07 10:30:00,0.7741
2019-09-08 10:30:00,0.49394998
2019-09-09 10:30:00,0.46533749
2019-09-10 10:30:00,0.5787625
2019-09-11 10:30:00,0.6035375
2019-09-12 10:30:00,0.59933746
2019-09-13 10:30:00,0.627925
2019-09-14 10:30:00,0.5774375
2019-09-15 10:30:00,0.37616247
2019-09-16 10:30:00,0.541225
2019-09-17 10:30:00,0.557275
2019-09-18 10:30:00,0.46805
2019-09-19 10:30:00,0.67239994
2019-09-20 10:30:00,0.7523
2019-09-21 10:30:00,0.65608746
2019-09-22 10:30:00,0.61381245
2019-09-23 10:30:00,0.4192
2019-09-24 10:30:00,0.47412497
2019-09-25 10:30:00,0.67864996
2019-09-26 10:30:00,0.6055625
2019-09-27 10:30:00,0.48427495
2019-09-28 10:30:00,0.396975
2019-09-29 10:30:00,0.507025
2019-09-30 10:30:00,0.64187497
2019-10-01 10:30:00,0.54655004
2019-10-02 10:30:00,0.651225
2019-10-03 10:30:00,0.56493753
2019-10-04 10:30:00,0.5094625
2019-10-05 10:30:00,0.52445
2019-10-06 10:30:00,0.4664625
2019-10-07 10:30:00,0.43495
2019-10-08 10:30:00,0.51318747
2019-10-09 10:30:00,0.38868752
2019-10-10 10:30:00,0.3326375
2019-10-11 10:30:00,0.3260125
2019-10-12 10:30:00,0.3205125
2019-10-13 10:30:00,0.348525
2019-10-14 10:30:00,0.29295
2019-10-15 10:30:00,0.30089998
2019-10-16 10:30:00,0.4487625
2019-10-17 10:30:00,0.45436248
2019-10-18 10:30:00,0.45541248
2019-10-19 10:30:00,0.531225
2019-10-20 10:30:00,0.48314998
2019-10-21 10:30:00,0.324675
2019-10-22 10:30:00,0.37158749
2019-10-23 10:30:00,0.42528751
2019-10-24 10:30:00,0.735375
2019-10-25 10:30:00,0.519125
2019-10-26 10:30:00,0.66168743
2019-10-27 10:30:00,0.5783375
2019-10-28 10:30:00,0.6476875
2019-10-29 10:30:00,0.49816248
2019-10-30 10:30:00,0.468375
2019-10-31 10:30:00,0.262
2019-11-01 10:30:00,0.3328875
2019-11-02 10:30:00,0.422225
2019-11-03 10:30:00,0.5188
2019-11-04 10:30:00,0.4131125
2019-11-05 10:30:00,0.23598748
2019-11-06 10:30:00,0.41794997
2019-11-07 10:30:00,0.36055
2019-11-08 10:30:00,0.4007375
2019-11-09 10:30:00,0.5886625
2019-11-10 10:30:00,0.50049996
2019-11-11 10:30:00,0.22844999
2019-11-12 10:30:00,0.600625
2019-11-13 10:30:00,0.4165375
2019-11-14 10:30:00,0.5013625
2019-11-15 10:30:00,0.4173875
2019-11-16 10:30:00,0.3848875
2019-11-17 10:30:00,0.631775
2019-11-18 10:30:00,0.36052498
2019-11-19 10:30:00,0.4070375
2019-11-20 10:30:00,0.6378875
2019-11-21 10:30:00,0.668225
2019-11-22 10:30:00,0.64981246
2019-11-23 10:30:00,0.315525
2019-11-24 10:30:00,0.3936
2019-11-25 10:30:00,0.431325
2019-11-26 10:30:00,0.395425
2019-11-27 10:30:00,0.36361247
2019-11-28 10:30:00,0.4927375
2019-11-29 10:30:00,0.5212875
2019-11-30 10:30:00,0.691
2019-12-01 10:30:00,0.4891875
2019-12-02 10:30:00,0.334325
2019-12-03 10:30:00,0.3133375
2019-12-04 10:30:00,0.35189998
2019-12-05 10:30:00,0.42041248
2019-12-06 10:30:00,0.508825
2019-12-07 10:30:00,0.62857497
2019-12-08 10:30:00,0.72061247
2019-12-09 10:30:00,0.7306625
2019-12-10 10:30:00,0.71647495
2019-12-11 10:30:00,0.6003125
2019-12-12 10:30:00,0.6267125
2019-12-13 10:30:00,0.57686245
2019-12-14 10:30:00,0.599025
2019-12-15 10:30:00,0.64716244
2019-12-16 10:30:00,0.550725
2019-12-17 10:30:00,0.45353746
2019-12-18 10:30:00,0.51325
2019-12-19 10:30:00,0.536825
2019-12-20 10:30:00,0.5696
2019-12-21 10:30:00,0.598875
2019-12-22 10:30:00,0.6272
2019-12-23 10:30:00,0.55259997
2019-12-24 10:30:00,0.600875
2019-12-25 10:30:00,0.6457
2019-12-26 10:30:00,0.53174996
2019-12-27 10:30:00,0.62735
2019-12-28 10:30:00,0.607875
2019-12-29 10:30:00,0.61295
2019-12-30 10:30:00,0.4514625
2019-12-31 10:30:00,0.46131247
2020-01-01 10:30:00,0.55195
2020-01-02 10:30:00,0.490075
2020-01-03 10:30:00,0.6001
2020-01-04 10:30:00,0.6525875
2020-01-05 10:30:00,0.73300004
2020-01-06 10:30:00,0.81763744
2020-01-07 10:30:00,0.72653747
2020-01-08 10:30:00,0.62413746
2020-01-09 10:30:00,0.6780875
2020-01-10 10:30:00,0.63304996
2020-01-11 10:30:00,0.565025
2020-01-12 10:30:00,0.5159125
2020-01-13 10:30:00,0.6224
2020-01-14 10:30:00,0.659025
2020-01-15 10:30:00,0.6725375
2020-01-16 10:30:00,0.6386375
2020-01-17 10:30:00,0.6580625
2020-01-18 10:30:00,0.76208746
2020-01-19 10:30:00,0.730275
2020-01-20 10:30:00,0.65455
2020-01-21 10:30:00,0.65347505
2020-01-22 10:30:00,0.6015125
2020-01-23 10:30:00,0.44152498
2020-01-24 10:30:00,0.581025
2020-01-25 10:30:00,0.66145
2020-01-26 10:30:00,0.64425004
2020-01-27 10:30:00,0.7158875
2020-01-28 10:30:00,0.6647
2020-01-29 10:30:00,0.61045
2020-01-30 10:30:00,0.6422
2020-01-31 10:30:00,0.71797496
2020-02-01 10:30:00,0.409075
2020-02-02 10:30:00,0.42639998
2020-02-03 10:30:00,0.44525
2020-02-04 10:30:00,0.4275125
2020-02-05 10:30:00,0.479425
2020-02-06 10:30:00,0.5105875
2020-02-07 10:30:00,0.5580125
2020-02-08 10:30:00,0.6324375
2020-02-09 10:30:00,0.66305
2020-02-10 10:30:00,0.69693744
2020-02-11 10:30:00,0.6487625
2020-02-12 10:30:00,0.6574375
2020-02-13 10:30:00,0.70418745
2020-02-14 10:30:00,0.4915875
2020-02-15 10:30:00,0.4925125
2020-02-16 10:30:00,0.58001244
2020-02-17 10:30:00,0.44042498
2020-02-18 10:30:00,0.47165
2020-02-19 10:30:00,0.4846625
2020-02-20 10:30:00,0.6019125
2020-02-21 10:30:00,0.79808754
2020-02-22 10:30:00,0.6091625
2020-02-23 10:30:00,0.60599995
2020-02-24 10:30:00,0.46935
2020-02-25 10:30:00,0.57705003
2020-02-26 10:30:00,0.43783748
2020-02-27 10:30:00,0.5290125
2020-02-28 10:30:00,0.73099995
2020-02-29 10:30:00,0.668775
2020-03-01 10:30:00,0.61321247
2020-03-02 10:30:00,0.63827497
2020-03-03 10:30:00,0.75633746
2020-03-04 10:30:00,0.57905
2020-03-05 10:30:00,0.6392625
2020-03-06 10:30:00,0.74305
2020-03-07 10:30:00,0.55588746
2020-03-08 10:30:00,0.438075
2020-03-09 10:30:00,0.3857875
2020-03-10 10:30:00,0.64606243
2020-03-11 10:30:00,0.406575
2020-03-12 10:30:00,0.21901248
2020-03-13 10:30:00,0.48224998
2020-03-14 10:30:00,0.4295375
2020-03-15 10:30:00,0.3274625
2020-03-16 10:30:00,0.4158125
2020-03-17 10:30:00,0.4321625
2020-03-18 10:30:00,0.43741247
2020-03-19 10:30:00,0.426225
2020-03-20 10:30:00,0.327875
2020-03-21 10:30:00,0.27511248
2020-03-22 10:30:00,0.4045375
2020-03-23 10:30:00,0.38899997
2020-03-24 10:30:00,0.3806875
2020-03-25 10:30:00,0.2991875
2020-03-26 10:30:00,0.21945
2020-03-27 10:30:00,0.322775
2020-03-28 10:30:00,0.29444999
2020-03-29 10:30:00,0.2430875
2020-03-30 10:30:00,0.18665001
2020-03-31 10:30:00,0.2007625
2020-04-01 10:30:00,0.20921248
2020-04-02 10:30:00,0.22774999
2020-04-03 10:30:00,0.2106375
2020-04-04 10:30:00,0.1559375
2020-04-05 10:30:00,0.15635
2020-04-06 10:30:00,0.244125
2020-04-07 10:30:00,0.310325
2020-04-08 10:30:00,0.3272
2020-04-09 10:30:00,0.274775
2020-04-10 10:30:00,0.1564875
2020-04-11 10:30:00,0.194125
2020-04-12 10:30:00,0.167875
2020-04-13 10:30:00,0.1662875
2020-04-14 10:30:00,0.30258748
2020-04-15 10:30:00,0.2779625
2020-04-16 10:30:00,0.324
2020-04-17 10:30:00,0.220175
2020-04-18 10:30:00,0.170275
2020-04-19 10:30:00,0.54955
2020-04-20 10:30:00,0.8459625
2020-04-21 10:30:00,0.76933753
2020-04-22 10:30:00,0.5223375
2020-04-23 10:30:00,0.46842498
2020-04-24 10:30:00,0.68893754
2020-04-25 10:30:00,0.570525
2020-04-26 10:30:00,0.4772375
2020-04-27 10:30:00,0.3552125
2020-04-28 10:30:00,0.50756246
2020-04-29 10:30:00,0.38971248
2020-04-30 10:30:00,0.3430875
2020-05-01 10:30:00,0.3031
2020-05-02 10:30:00,0.3435875
2020-05-03 10:30:00,0.562375
2020-05-04 10:30:00,0.519075
2020-05-05 10:30:00,0.4261125
2020-05-06 10:30:00,0.2508625
2020-05-07 10:30:00,0.35805
2020-05-08 10:30:00,0.220925
2020-05-09 10:30:00,0.29314998
2020-05-10 10:30:00,0.495875
2020-05-11 10:30:00,0.57369995
2020-05-12 10:30:00,0.37041247
2020-05-13 10:30:00,0.33145
2020-05-14 10:30:00,0.24052499
2020-05-15 10:30:00,0.4150875
2020-05-16 10:30:00,0.644425
2020-05-17 10:30:00,0.56593746
2020-05-18 10:30:00,0.457375
2020-05-19 10:30:00,0.5671
2020-05-20 10:30:00,0.612075
2020-05-21 10:30:00,0.595075
2020-05-22 10:30:00,0.69676244
2020-05-23 10:30:00,0.6168375
2020-05-24 10:30:00,0.470125
2020-05-25 10:30:00,0.512275
2020-05-26 10:30:00,0.331775
2020-05-27 10:30:00,0.3926125
2020-05-28 10:30:00,0.38467497
2020-05-29 10:30:00,0.42349997
2020-05-30 10:30:00,0.3984875
2020-05-31 10:30:00,0.65877503
2020-06-01 10:30:00,0.5405375
2020-06-02 10:30:00,0.5778125
2020-06-03 10:30:00,0.673475
2020-06-04 10:30:00,0.6289125
2020-06-05 10:30:00,0.483075
2020-06-06 10:30:00,0.58994997
2020-06-07 10:30:00,0.6437125
2020-06-08 10:30:00,0.6033
2020-06-09 10:30:00,0.4023875
2020-06-10 10:30:00,0.6552
2020-06-11 10:30:00,0.4777375
2020-06-12 10:30:00,0.5121
2020-06-13 10:30:00,0.642825
2020-06-14 10:30:00,0.49009997
2020-06-15 10:30:00,0.51516247
2020-06-16 10:30:00,0.52116245
2020-06-17 10:30:00,0.57191247
2020-06-18 10:30:00,0.6235375
2020-06-19 10:30:00,0.7206375
2020-06-20 10:30:00,0.781425
2020-06-21 10:30:00,0.64036244
2020-06-22 10:30:00,0.6499375
2020-06-23 10:30:00,0.8346875
2020-06-24 10:30:00,0.72872496
2020-06-25 10:30:00,0.69366246
2020-06-26 10:30:00,0.68076247
2020-06-27 10:30:00,0.62326247
2020-06-28 10:30:00,0.70175004
2020-06-29 10:30:00,0.662275
2020-06-30 10:30:00,0.65872496
2020-07-01 10:30:00,0.51614994
2020-07-02 10:30:00,0.561325
2020-07-03 10:30:00,0.62453747
2020-07-04 10:30:00,0.66695
2020-07-05 10:30:00,0.6951625
2020-07-06 10:30:00,0.6877
2020-07-07 10:30:00,0.5281
2020-07-08 10:30:00,0.5375875
2020-07-09 10:30:00,0.6002125
2020-07-10 10:30:00,0.62878746
2020-07-11 10:30:00,0.642975
2020-07-12 10:30:00,0.65655
2020-07-13 10:30:00,0.51511246
2020-07-14 10:30:00,0.55202496
2020-07-15 10:30:00,0.57261246
2020-07-16 10:30:00,0.5496375
2020-07-17 10:30:00,0.72021246
2020-07-18 10:30:00,0.62616247
2020-07-19 10:30:00,0.65627503
2020-07-20 10:30:00,0.5408625
2020-07-21 10:30:00,0.47125
2020-07-22 10:30:00,0.6647
2020-07-23 10:30:00,0.6239
2020-07-24 10:30:00,0.5663125
2020-07-25 10:30:00,0.6935875
2020-07-26 10:30:00,0.602775
2020-07-27 10:30:00,0.6338125
2020-07-28 10:30:00,0.8208875
2020-07-29 10:30:00,0.8332875
2020-07-30 10:30:00,0.7651125
2020-07-31 10:30:00,0.74036247
2020-08-01 10:30:00,0.677825
2020-08-02 10:30:00,0.88065
2020-08-03 10:30:00,0.74521244
2020-08-04 10:30:00,0.8006625
2020-08-05 10:30:00,0.709475
2020-08-06 10:30:00,0.631275
2020-08-07 10:30:00,0.808975
2020-08-08 10:30:00,0.8606625
2020-08-09 10:30:00,0.83367497
2020-08-10 10:30:00,0.74381244
2020-08-11 10:30:00,0.6372875
2020-08-12 10:30:00,0.62838745
2020-08-13 10:30:00,0.9122125
2020-08-14 10:30:00,0.85636246
2020-08-15 10:30:00,0.70945
2020-08-16 10:30:00,0.751875
2020-08-17 10:30:00,0.78658754
2020-08-18 10:30:00,0.66245
2020-08-19 10:30:00,0.56822497
2020-08-20 10:30:00,0.51778746
2020-08-21 10:30:00,0.5915375
2020-08-22 10:30:00,0.66705
2020-08-23 10:30:00,0.79161245
2020-08-24 10:30:00,0.8414125
2020-08-25 10:30:00,0.625425
2020-08-26 10:30:00,0.6822
2020-08-27 10:30:00,0.8149
2020-08-28 10:30:00,0.8268374
2020-08-29 10:30:00,0.84669995
2020-08-30 10:30:00,0.84301245
2020-08-31 10:30:00,0.759775
2020-09-01 10:30:00,0.683975
2020-09-02 10:30:00,0.6004
2020-09-03 10:30:00,0.70217496
2020-09-04 10:30:00,0.72565
2020-09-05 10:30:00,0.7092125
2020-09-06 10:30:00,0.7037375
2020-09-07 10:30:00,0.7192375
2020-09-08 10:30:00,0.6215
2020-09-09 10:30:00,0.6065125
2020-09-10 10:30:00,0.66241246
2020-09-11 10:30:00,0.73872495
2020-09-12 10:30:00,0.69074994
2020-09-13 10:30:00,0.77607495
2020-09-14 10:30:00,0.83246243
2020-09-15 10:30:00,0.8064875
2020-09-16 10:30:00,0.7729875
2020-09-17 10:30:00,0.81984997
2020-09-18 10:30:00,0.7347125
2020-09-19 10:30:00,0.6934125
2020-09-20 10:30:00,0.77121246
2020-09-21 10:30:00,0.8008875
2020-09-22 10:30:00,0.742975
2020-09-23 10:30:00,0.643325
2020-09-24 10:30:00,0.74144995
2020-09-25 10:30:00,0.69273746
2020-09-26 10:30:00,0.761875
2020-09-27 10:30:00,0.5686
2020-09-28 10:30:00,0.56262493
2020-09-29 10:30:00,0.52215
2020-09-30 10:30:00,0.626825
2020-10-01 10:30:00,0.78645
2020-10-02 10:30:00,0.809375
2020-10-03 10:30:00,0.53232497
2020-10-04 10:30:00,0.6267625
2020-10-05 10:30:00,0.465675
2020-10-06 10:30:00,0.5878125
2020-10-07 10:30:00,0.5490625
2020-10-08 10:30:00,0.646925
2020-10-09 10:30:00,0.773025
2020-10-10 10:30:00,0.38608748
2020-10-11 10:30:00,0.42153752
2020-10-12 10:30:00,0.46461248
2020-10-13 10:30:00,0.553225
2020-10-14 10:30:00,0.49995
2020-10-15 10:30:00,0.42041248
2020-10-16 10:30:00,0.5092625
2020-10-17 10:30:00,0.428175
2020-10-18 10:30:00,0.4716375
2020-10-19 10:30:00,0.514475
2020-10-20 10:30:00,0.3890625
2020-10-21 10:30:00,0.47095
2020-10-22 10:30:00,0.37861252
2020-10-23 10:30:00,0.389475
2020-10-24 10:30:00,0.36990002
2020-10-25 10:30:00,0.5078375
2020-10-26 10:30:00,0.47627497
2020-10-27 10:30:00,0.4163
2020-10-28 10:30:00,0.4450625
2020-10-29 10:30:00,0.504725
2020-10-30 10:30:00,0.4009
2020-10-31 10:30:00,0.5358625
2020-11-01 10:30:00,0.4723875
2020-11-02 10:30:00,0.3407125
2020-11-03 10:30:00,0.3125125
2020-11-04 10:30:00,0.4346375
2020-11-05 10:30:00,0.511175
2020-11-06 10:30:00,0.549675
2020-11-07 10:30:00,0.470175
2020-11-08 10:30:00,0.40281248
2020-11-09 10:30:00,0.435825
2020-11-10 10:30:00,0.672375
2020-11-11 10:30:00,0.62355
2020-11-12 10:30:00,0.48858747
2020-11-13 10:30:00,0.49441248
2020-11-14 10:30:00,0.4816125
2020-11-15 10:30:00,0.47718748
2020-11-16 10:30:00,0.5889625
2020-11-17 10:30:00,0.704625
2020-11-18 10:30:00,0.531675
2020-11-19 10:30:00,0.3441375
2020-11-20 10:30:00,0.3555125
2020-11-21 10:30:00,0.3997375
2020-11-22 10:30:00,0.474275
2020-11-23 10:30:00,0.5534875
2020-11-24 10:30:00,0.7076875
2020-11-25 10:30:00,0.4161125
2020-11-26 10:30:00,0.4355375
2020-11-27 10:30:00,0.40588748
2020-11-28 10:30:00,0.4512125
2020-11-29 10:30:00,0.48483747
2020-11-30 10:30:00,0.4713875
2020-12-01 10:30:00,0.50944996
2020-12-02 10:30:00,0.4952
2020-12-03 10:30:00,0.4616375
2020-12-04 10:30:00,0.50296247
2020-12-05 10:30:00,0.56576246
2020-12-06 10:30:00,0.49529997
2020-12-07 10:30:00,0.487825
2020-12-08 10:30:00,0.5107125
2020-12-09 10:30:00,0.49905
2020-12-10 10:30:00,0.46645
2020-12-11 10:30:00,0.45435
2020-12-12 10:30:00,0.44573748
2020-12-13 10:30:00,0.41971248
2020-12-14 10:30:00,0.374375
2020-12-15 10:30:00,0.3375375
2020-12-16 10:30:00,0.50906247
2020-12-17 10:30:00,0.41197497
2020-12-18 10:30:00,0.32895
2020-12-19 10:30:00,0.472825
2020-12-20 10:30:00,0.4757
2020-12-21 10:30:00,0.43447497
2020-12-22 10:30:00,0.54447496
2020-12-23 10:30:00,0.707125
2020-12-24 10:30:00,0.65465
2020-12-25 10:30:00,0.5504875
2020-12-26 10:30:00,0.6931125
2020-12-27 10:30:00,0.673525
2020-12-28 10:30:00,0.49805
2020-12-29 10:30:00,0.42125
2020-12-30 10:30:00,0.45303747
2020-12-31 10:30:00,0.3945125
2021-01-01 10:30:00,0.4392375
2021-01-02 10:30:00,0.42763746
2021-01-03 10:30:00,0.462625
2021-01-04 10:30:00,0.4419
2021-01-05 10:30:00,0.45198748
2021-01-06 10:30:00,0.4169125
2021-01-07 10:30:00,0.4264875
2021-01-08 10:30:00,0.42228752
2021-01-09 10:30:00,0.467275
2021-01-10 10:30:00,0.46775
2021-01-11 10:30:00,0.49061248
2021-01-12 10:30:00,0.75815
2021-01-13 10:30:00,0.5049375
2021-01-14 10:30:00,0.5402
2021-01-15 10:30:00,0.5074125
2021-01-16 10:30:00,0.55333745
2021-01-17 10:30:00,0.5167375
2021-01-18 10:30:00,0.38147497
2021-01-19 10:30:00,0.509
2021-01-20 10:30:00,0.584
2021-01-21 10:30:00,0.691175
2021-01-22 10:30:00,0.5674375
2021-01-23 10:30:00,0.6454125
2021-01-24 10:30:00,0.6055125
2021-01-25 10:30:00,0.5911
2021-01-26 10:30:00,0.4357125
2021-01-27 10:30:00,0.40127498
2021-01-28 10:30:00,0.387775
2021-01-29 10:30:00,0.63215
2021-01-30 10:30:00,0.65332496
2021-01-31 10:30:00,0.729925
2021-02-01 10:30:00,0.51495
2021-02-02 10:30:00,0.42073748
2021-02-03 10:30:00,0.463025
2021-02-04 10:30:00,0.6183375
2021-02-05 10:30:00,0.6286875
2021-02-06 10:30:00,0.49342498
2021-02-07 10:30:00,0.45334998
2021-02-08 10:30:00,0.5386625
2021-02-09 10:30:00,0.5566875
2021-02-10 10:30:00,0.58178747
2021-02-11 10:30:00,0.5861125
2021-02-12 10:30:00,0.396175
2021-02-13 10:30:00,0.4167375
2021-02-14 10:30:00,0.35514998
2021-02-15 10:30:00,0.330275
2021-02-16 10:30:00,0.3474
2021-02-17 10:30:00,0.2855875
2021-02-18 10:30:00,0.398675
2021-02-19 10:30:00,0.46389997
2021-02-20 10:30:00,0.4988375
2021-02-21 10:30:00,0.6048375
2021-02-22 10:30:00,0.40456247
2021-02-23 10:30:00,0.41881248
2021-02-24 10:30:00,0.48238748
2021-02-25 10:30:00,0.42128748
2021-02-26 10:30:00,0.63388747
2021-02-27 10:30:00,0.47396252
2021-02-28 10:30:00,0.2937625
2021-03-01 10:30:00,0.421625
2021-03-02 10:30:00,0.5586375
2021-03-03 10:30:00,0.4568875
2021-03-04 10:30:00,0.38948748
2021-03-05 10:30:00,0.289375
2021-03-06 10:30:00,0.33389997
2021-03-07 10:30:00,0.3530625
2021-03-08 10:30:00,0.370875
2021-03-09 10:30:00,0.2155625
2021-03-10 10:30:00,0.31614998
2021-03-11 10:30:00,0.3561875
2021-03-12 10:30:00,0.329
2021-03-13 10:30:00,0.33871248
2021-03-14 10:30:00,0.44125
2021-03-15 10:30:00,0.3131875
2021-03-16 10:30:00,0.17423749
2021-03-17 10:30:00,0.2919125
2021-03-18 10:30:00,0.25966248
2021-03-19 10:30:00,0.404725
2021-03-20 10:30:00,0.6439125
2021-03-21 10:30:00,0.4242625
2021-03-22 10:30:00,0.3797875
2021-03-23 10:30:00,0.45088747
2021-03-24 10:30:00,0.41345
2021-03-25 10:30:00,0.470675
2021-03-26 10:30:00,0.8210125
2021-03-27 10:30:00,0.39956248
2021-03-28 10:30:00,0.47823748
2021-03-29 10:30:00,0.4199375
2021-03-30 10:30:00,0.35268748
2021-03-31 10:30:00,0.40777498
2021-04-01 10:30:00,0.33174998
2021-04-02 10:30:00,0.31774998
2021-04-03 10:30:00,0.2763
2021-04-04 10:30:00,0.2760875
2021-04-05 10:30:00,0.253975
2021-04-06 10:30:00,0.2078
2021-04-07 10:30:00,0.2818375
2021-04-08 10:30:00,0.310275
2021-04-09 10:30:00,0.2911625
2021-04-10 10:30:00,0.22587499
2021-04-11 10:30:00,0.3959875
2021-04-12 10:30:00,0.57065
2021-04-13 10:30:00,0.42345
2021-04-14 10:30:00,0.35993752
2021-04-15 10:30:00,0.6253375
2021-04-16 10:30:00,0.83956254
2021-04-17 10:30:00,0.5590625
2021-04-18 10:30:00,0.4429
2021-04-19 10:30:00,0.23525
2021-04-20 10:30:00,0.2685625
2021-04-21 10:30:00,0.33169997
2021-04-22 10:30:00,0.4629875
2021-04-23 10:30:00,0.472625
2021-04-24 10:30:00,0.2149875
2021-04-25 10:30:00,0.28167498
2021-04-26 10:30:00,0.25485
2021-04-27 10:30:00,0.2868375
2021-04-28 10:30:00,0.337925
2021-04-29 10:30:00,0.5021375
2021-04-30 10:30:00,0.5672625
2021-05-01 10:30:00,0.57936245
2021-05-02 10:30:00,0.33026248
2021-05-03 10:30:00,0.42078748
2021-05-04 10:30:00,0.45654997
2021-05-05 10:30:00,0.50343746
2021-05-06 10:30:00,0.50764996
2021-05-07 10:30:00,0.77927494
2021-05-08 10:30:00,0.575625
2021-05-09 10:30:00,0.46676248
2021-05-10 10:30:00,0.37
2021-05-11 10:30:00,0.3327875
2021-05-12 10:30:00,0.345825
2021-05-13 10:30:00,0.3119375
2021-05-14 10:30:00,0.67193747
2021-05-15 10:30:00,0.3397375
2021-05-16 10:30:00,0.2719875
2021-05-17 10:30:00,0.31733748
2021-05-18 10:30:00,0.5027625
2021-05-19 10:30:00,0.51467496
2021-05-20 10:30:00,0.6147625
2021-05-21 10:30:00,0.46945
2021-05-22 10:30:00,0.3323375
2021-05-23 10:30:00,0.39759997
2021-05-24 10:30:00,0.39083752
2021-05-25 10:30:00,0.344025
2021-05-26 10:30:00,0.50294995
2021-05-27 10:30:00,0.6018125
2021-05-28 10:30:00,0.61805
2021-05-29 10:30:00,0.54255
2021-05-30 10:30:00,0.72015
2021-05-31 10:30:00,0.6641125
2021-06-01 10:30:00,0.52007496
2021-06-02 10:30:00,0.90442497
2021-06-03 10:30:00,0.7633
2021-06-04 10:30:00,0.826325
2021-06-05 10:30:00,0.84758747
2021-06-06 10:30:00,0.629375
2021-06-07 10:30:00,0.6064875
2021-06-08 10:30:00,0.6263
2021-06-09 10:30:00,0.68856245
2021-06-10 10:30:00,0.54034996
2021-06-11 10:30:00,0.4887625
2021-06-12 10:30:00,0.6568625
2021-06-13 10:30:00,0.61955
2021-06-14 10:30:00,0.9469
2021-06-15 10:30:00,0.7212
2021-06-16 10:30:00,0.81006247
2021-06-17 10:30:00,0.49604997
2021-06-18 10:30:00,0.6112625
2021-06-19 10:30:00,0.8125875
2021-06-20 10:30:00,0.84195
2021-06-21 10:30:00,0.7282625
2021-06-22 10:30:00,0.6716375
2021-06-23 10:30:00,0.567025
2021-06-24 10:30:00,0.558275
2021-06-25 10:30:00,0.67772496
2021-06-26 10:30:00,0.7581375
2021-06-27 10:30:00,0.776975
2021-06-28 10:30:00,0.70094997
2021-06-29 10:30:00,0.675325
2021-06-30 10:30:00,0.782975
2021-07-01 10:30:00,0.84318745
2021-07-02 10:30:00,0.8909625
2021-07-03 10:30:00,0.90468746
2021-07-04 10:30:00,0.9211875
2021-07-05 10:30:00,0.781525
2021-07-06 10:30:00,0.829625
2021-07-07 10:30:00,0.91959995
2021-07-08 10:30:00,0.9401249
2021-07-09 10:30:00,0.885925
2021-07-10 10:30:00,0.826125
2021-07-11 10:30:00,0.7637875
2021-07-12 10:30:00,0.9277875
2021-07-13 10:30:00,0.9294625
2021-07-14 10:30:00,0.9780375
2021-07-15 10:30:00,0.91621244
2021-07-16 10:30:00,0.8732125
2021-07-17 10:30:00,0.92845
2021-07-18 10:30:00,0.88817495
2021-07-19 10:30:00,0.9030625
2021-07-20 10:30:00,0.83059996
2021-07-21 10:30:00,0.848375
2021-07-22 10:30:00,0.9057375
2021-07-23 10:30:00,0.893525
2021-07-24 10:30:00,0.91995
2021-07-25 10:30:00,0.930375
2021-07-26 10:30:00,0.97485
2021-07-27 10:30:00,0.92562497
2021-07-28 10:30:00,0.838225
2021-07-29 10:30:00,0.85910004
2021-07-30 10:30:00,0.9112874
2021-07-31 10:30:00,0.95239997
2021-08-01 10:30:00,0.85891247
2021-08-02 10:30:00,0.8488624
2021-08-03 10:30:00,0.98015
2021-08-04 10:30:00,0.89278746
2021-08-05 10:30:00,0.7515625
2021-08-06 10:30:00,0.76077497
2021-08-07 10:30:00,0.78795
2021-08-08 10:30:00,0.8991375
2021-08-09 10:30:00,0.93315
2021-08-10 10:30:00,0.8525375
2021-08-11 10:30:00,0.98261243
2021-08-12 10:30:00,0.826125
2021-08-13 10:30:00,0.9372999
2021-08-14 10:30:00,0.88914996
2021-08-15 10:30:00,0.81012493
2021-08-16 10:30:00,0.7903625
2021-08-17 10:30:00,0.783825
2021-08-18 10:30:00,0.80272496
2021-08-19 10:30:00,0.83512497
2021-08-20 10:30:00,0.86911243
2021-08-21 10:30:00,0.8244
2021-08-22 10:30:00,0.826175
2021-08-23 10:30:00,0.86246246
2021-08-24 10:30:00,0.8099875
2021-08-25 10:30:00,0.9225125
2021-08-26 10:30:00,0.9186625
2021-08-27 10:30:00,0.8149875
2021-08-28 10:30:00,0.8766124
2021-08-29 10:30:00,0.70397496
2021-08-30 10:30:00,0.676725
2021-08-31 10:30:00,0.8090875
2021-09-01 10:30:00,0.79272497
2021-09-02 10:30:00,0.84481245
2021-09-03 10:30:00,0.92131245
2021-09-04 10:30:00,0.8484375
2021-09-05 10:30:00,0.8297
2021-09-06 10:30:00,0.97269994
2021-09-07 10:30:00,0.7433999
2021-09-08 10:30:00,0.9513375
2021-09-09 10:30:00,0.9643125
2021-09-10 10:30:00,0.7639
2021-09-11 10:30:00,0.7728125
2021-09-12 10:30:00,0.71747494
2021-09-13 10:30:00,0.78021246
2021-09-14 10:30:00,0.8113
2021-09-15 10:30:00,0.938
2021-09-16 10:30:00,0.67473745
2021-09-17 10:30:00,0.7283125
2021-09-18 10:30:00,0.71835
2021-09-19 10:30:00,0.85842496
2021-09-20 10:30:00,0.88396245
2021-09-21 10:30:00,0.7129
2021-09-22 10:30:00,0.7339625
2021-09-23 10:30:00,0.6831875
2021-09-24 10:30:00,0.79793745
2021-09-25 10:30:00,0.9517875
2021-09-26 10:30:00,0.9833
2021-09-27 10:30:00,0.658425
2021-09-28 10:30:00,0.5308625
2021-09-29 10:30:00,0.5166375
2021-09-30 10:30:00,0.6407
2021-10-01 10:30:00,0.6518125
2021-10-02 10:30:00,0.6313
2021-10-03 10:30:00,0.85878754
2021-10-04 10:30:00,0.71687496
2021-10-05 10:30:00,0.52622503
2021-10-06 10:30:00,0.6797375
2021-10-07 10:30:00,0.6193125
2021-10-08 10:30:00,0.52117497
2021-10-09 10:30:00,0.44166252
2021-10-10 10:30:00,0.44385
2021-10-11 10:30:00,0.4776625
2021-10-12 10:30:00,0.48197496
2021-10-13 10:30:00,0.67902493
2021-10-14 10:30:00,0.50198746
2021-10-15 10:30:00,0.495325
2021-10-16 10:30:00,0.378375
2021-10-17 10:30:00,0.4845625
2021-10-18 10:30:00,0.53999996
2021-10-19 10:30:00,0.51305
2021-10-20 10:30:00,0.50513744
2021-10-21 10:30:00,0.49189997
2021-10-22 10:30:00,0.51705
2021-10-23 10:30:00,0.5244625
2021-10-24 10:30:00,0.44785
2021-10-25 10:30:00,0.3393875
2021-10-26 10:30:00,0.41025
2021-10-27 10:30:00,0.369975
2021-10-28 10:30:00,0.52603745
2021-10-29 10:30:00,0.5634625
2021-10-30 10:30:00,0.59595
2021-10-31 10:30:00,0.4143125
2021-11-01 10:30:00,0.510325
2021-11-02 10:30:00,0.60702497
2021-11-03 10:30:00,0.7234625
2021-11-04 10:30:00,0.93974996
2021-11-05 10:30:00,0.86251247
2021-11-06 10:30:00,0.49986252
2021-11-07 10:30:00,0.54971254
2021-11-08 10:30:00,0.7695375
2021-11-09 10:30:00,0.9122
2021-11-10 10:30:00,0.662025
2021-11-11 10:30:00,0.3545
2021-11-12 10:30:00,0.47952497
2021-11-13 10:30:00,0.5189125
2021-11-14 10:30:00,0.68834996
2021-11-15 10:30:00,0.71226245
2021-11-16 10:30:00,0.8265125
2021-11-17 10:30:00,0.73211247
2021-11-18 10:30:00,0.4537625
2021-11-19 10:30:00,0.6160375
2021-11-20 10:30:00,0.8272
2021-11-21 10:30:00,0.9034375
2021-11-22 10:30:00,0.5777
2021-11-23 10:30:00,0.430075
2021-11-24 10:30:00,0.46831247
2021-11-25 10:30:00,0.46533749
2021-11-26 10:30:00,0.5613625
2021-11-27 10:30:00,0.84427494
2021-11-28 10:30:00,0.91839993
2021-11-29 10:30:00,0.7794
2021-11-30 10:30:00,0.6057375
2021-12-01 10:30:00,0.5808
2021-12-02 10:30:00,0.5835625
2021-12-03 10:30:00,0.47416246
2021-12-04 10:30:00,0.697325
2021-12-05 10:30:00,0.5517625
2021-12-06 10:30:00,0.5142375
2021-12-07 10:30:00,0.70835
2021-12-08 10:30:00,0.884875
2021-12-09 10:30:00,0.89178747
2021-12-10 10:30:00,0.72319996
2021-12-11 10:30:00,0.5297
2021-12-12 10:30:00,0.48768747
2021-12-13 10:30:00,0.6676625
2021-12-14 10:30:00,0.60845
2021-12-15 10:30:00,0.85482496
2021-12-16 10:30:00,0.58471245
2021-12-17 10:30:00,0.5178
2021-12-18 10:30:00,0.63033754
2021-12-19 10:30:00,0.6244
2021-12-20 10:30:00,0.42108747
2021-12-21 10:30:00,0.4754
2021-12-22 10:30:00,0.61434996
2021-12-23 10:30:00,0.48658752
2021-12-24 10:30:00,0.45839998
2021-12-25 10:30:00,0.49107498
2021-12-26 10:30:00,0.54375
2021-12-27 10:30:00,0.6255625
2021-12-28 10:30:00,0.67405
2021-12-29 10:30:00,0.58785
2021-12-30 10:30:00,0.47127497
2021-12-31 10:30:00,0.5287125
2022-01-01 10:30:00,0.5732625
2022-01-02 10:30:00,0.49915
2022-01-03 10:30:00,0.4623125
2022-01-04 10:30:00,0.6090125
2022-01-05 10:30:00,0.660775
2022-01-06 10:30:00,0.71661246
2022-01-07 10:30:00,0.7897999
2022-01-08 10:30:00,0.72195
2022-01-09 10:30:00,0.682275
2022-01-10 10:30:00,0.69054997
2022-01-11 10:30:00,0.56689996
2022-01-12 10:30:00,0.5602875
2022-01-13 10:30:00,0.601025
2022-01-14 10:30:00,0.69914997
2022-01-15 10:30:00,0.51322496
2022-01-16 10:30:00,0.49194998
2022-01-17 10:30:00,0.5434625
2022-01-18 10:30:00,0.65769994
2022-01-19 10:30:00,0.500825
2022-01-20 10:30:00,0.56665
2022-01-21 10:30:00,0.71015
2022-01-22 10:30:00,0.7331375
2022-01-23 10:30:00,0.71387494
2022-01-24 10:30:00,0.67832494
2022-01-25 10:30:00,0.861775
2022-01-26 10:30:00,0.5844625
2022-01-27 10:30:00,0.4978625
2022-01-28 10:30:00,0.4221625
2022-01-29 10:30:00,0.39607498
2022-01-30 10:30:00,0.422025
2022-01-31 10:30:00,0.4674375
2022-02-01 10:30:00,0.42253748
2022-02-02 10:30:00,0.449225
2022-02-03 10:30:00,0.4113375
2022-02-04 10:30:00,0.40485
2022-02-05 10:30:00,0.4758875
2022-02-06 10:30:00,0.4405
2022-02-07 10:30:00,0.51292497
2022-02-08 10:30:00,0.6266125
2022-02-09 10:30:00,0.72589993
2022-02-10 10:30:00,0.82848746
2022-02-11 10:30:00,0.8490125
2022-02-12 10:30:00,0.6793875
2022-02-13 10:30:00,0.73805
2022-02-14 10:30:00,0.6002
2022-02-15 10:30:00,0.5616625
2022-02-16 10:30:00,0.64496255
2022-02-17 10:30:00,0.598325
2022-02-18 10:30:00,0.82981247
2022-02-19 10:30:00,0.5746
2022-02-20 10:30:00,0.4433
2022-02-21 10:30:00,0.45798752
2022-02-22 10:30:00,0.50423753
2022-02-23 10:30:00,0.48244998
2022-02-24 10:30:00,0.517475
2022-02-25 10:30:00,0.47919998
2022-02-26 10:30:00,0.45991248
2022-02-27 10:30:00,0.486575
2022-02-28 10:30:00,0.47997501
2022-03-01 10:30:00,0.43702498
2022-03-02 10:30:00,0.5731625
2022-03-03 10:30:00,0.4947375
2022-03-04 10:30:00,0.38259998
2022-03-05 10:30:00,0.30932498
2022-03-06 10:30:00,0.37099996
2022-03-07 10:30:00,0.43151248
2022-03-08 10:30:00,0.417925
2022-03-09 10:30:00,0.462125
2022-03-10 10:30:00,0.18465
2022-03-11 10:30:00,0.22687499
2022-03-12 10:30:00,0.83898747
2022-03-13 10:30:00,0.8271125
2022-03-14 10:30:00,0.74653745
2022-03-15 10:30:00,0.767375
2022-03-16 10:30:00,0.3556375
2022-03-17 10:30:00,0.41494998
2022-03-18 10:30:00,0.5068875
2022-03-19 10:30:00,0.35427502
2022-03-20 10:30:00,0.37446252
2022-03-21 10:30:00,0.3453625
2022-03-22 10:30:00,0.3193
2022-03-23 10:30:00,0.5127125
2022-03-24 10:30:00,0.758125
2022-03-25 10:30:00,0.810725
2022-03-26 10:30:00,0.4741
2022-03-27 10:30:00,0.4408625
2022-03-28 10:30:00,0.421575
2022-03-29 10:30:00,0.24392499
2022-03-30 10:30:00,0.22977498
2022-03-31 10:30:00,0.259575
2022-04-01 10:30:00,0.2939125
2022-04-02 10:30:00,0.353325
2022-04-03 10:30:00,0.301375
2022-04-04 10:30:00,0.3895
2022-04-05 10:30:00,0.32764998
2022-04-06 10:30:00,0.2490625
2022-04-07 10:30:00,0.31035
2022-04-08 10:30:00,0.38325
2022-04-09 10:30:00,0.2425625
2022-04-10 10:30:00,0.32736248
2022-04-11 10:30:00,0.293125
2022-04-12 10:30:00,0.2701875
2022-04-13 10:30:00,0.3532875
2022-04-14 10:30:00,0.3413375
2022-04-15 10:30:00,0.26622498
2022-04-16 10:30:00,0.259575
2022-04-17 10:30:00,0.3247625
2022-04-18 10:30:00,0.33401248
2022-04-19 10:30:00,0.2538875
2022-04-20 10:30:00,0.3501625
2022-04-21 10:30:00,0.8174125
2022-04-22 10:30:00,0.4169375
2022-04-23 10:30:00,0.44755
2022-04-24 10:30:00,0.45654997
2022-04-25 10:30:00,0.7679375
2022-04-26 10:30:00,0.500675
2022-04-27 10:30:00,0.3155
2022-04-28 10:30:00,0.272325
2022-04-29 10:30:00,0.76793754
2022-04-30 10:30:00,0.53671247
2022-05-01 10:30:00,0.60263747
2022-05-02 10:30:00,0.4176625
2022-05-03 10:30:00,0.69168746
2022-05-04 10:30:00,0.5649875
2022-05-05 10:30:00,0.77621245
2022-05-06 10:30:00,0.3505875
2022-05-07 10:30:00,0.2894125
2022-05-08 10:30:00,0.31524998
2022-05-09 10:30:00,0.22094999
2022-05-10 10:30:00,0.673275
2022-05-11 10:30:00,0.43945
2022-05-12 10:30:00,0.59613746
2022-05-13 10:30:00,0.47422498
2022-05-14 10:30:00,0.37685
2022-05-15 10:30:00,0.333175
2022-05-16 10:30:00,0.2913
2022-05-17 10:30:00,0.5443875
2022-05-18 10:30:00,0.32166252
2022-05-19 10:30:00,0.42139998
2022-05-20 10:30:00,0.38355
2022-05-21 10:30:00,0.463125
2022-05-22 10:30:00,0.3851125
2022-05-23 10:30:00,0.44085
2022-05-24 10:30:00,0.871775
2022-05-25 10:30:00,0.5240125
2022-05-26 10:30:00,0.42435
2022-05-27 10:30:00,0.3310625
2022-05-28 10:30:00,0.4190625
2022-05-29 10:30:00,0.98059994
2022-05-30 10:30:00,0.71205
2022-05-31 10:30:00,0.693225
2022-06-01 10:30:00,0.710575
2022-06-02 10:30:00,0.627725
2022-06-03 10:30:00,0.66021246
2022-06-04 10:30:00,0.8329375
2022-06-05 10:30:00,0.87677497
2022-06-06 10:30:00,0.72685
2022-06-07 10:30:00,0.93785
2022-06-08 10:30:00,0.79521245
2022-06-09 10:30:00,0.598
2022-06-10 10:30:00,0.6015375
2022-06-11 10:30:00,0.62525
2022-06-12 10:30:00,0.81904995
2022-06-13 10:30:00,0.87223744
2022-06-14 10:30:00,0.81654996
2022-06-15 10:30:00,0.72316253
2022-06-16 10:30:00,0.71559995
2022-06-17 10:30:00,0.577375
2022-06-18 10:30:00,0.622175
2022-06-19 10:30:00,0.55628747
2022-06-20 10:30:00,0.69315
2022-06-21 10:30:00,0.4754625
2022-06-22 10:30:00,0.63685
2022-06-23 10:30:00,0.864475
2022-06-24 10:30:00,0.813975
2022-06-25 10:30:00,0.77147496
2022-06-26 10:30:00,0.6775875
2022-06-27 10:30:00,0.65428746
2022-06-28 10:30:00,0.68394995
2022-06-29 10:30:00,0.67551243
2022-06-30 10:30:00,0.743475
2022-07-01 10:30:00,0.78732497
2022-07-02 10:30:00,0.74183744
2022-07-03 10:30:00,0.78319997
2022-07-04 10:30:00,0.7745375
2022-07-05 10:30:00,0.8516625
2022-07-06 10:30:00,0.87764996
2022-07-07 10:30:00,0.80665
2022-07-08 10:30:00,0.8585875
2022-07-09 10:30:00,0.65927494
2022-07-10 10:30:00,0.70428747
2022-07-11 10:30:00,0.682975
2022-07-12 10:30:00,0.62593746
2022-07-13 10:30:00,0.9790125
2022-07-14 10:30:00,0.98518753
2022-07-15 10:30:00,0.91598755
2022-07-16 10:30:00,0.88659996
2022-07-17 10:30:00,0.8722875
2022-07-18 10:30:00,0.88558745
2022-07-19 10:30:00,0.78588754
2022-07-20 10:30:00,0.80433744
2022-07-21 10:30:00,0.7999375
2022-07-22 10:30:00,0.75465
2022-07-23 10:30:00,0.90739995
2022-07-24 10:30:00,0.90937495
2022-07-25 10:30:00,0.856475
2022-07-26 10:30:00,0.9148625
2022-07-27 10:30:00,0.863225
2022-07-28 10:30:00,0.9504125
2022-07-29 10:30:00,0.923925
2022-07-30 10:30:00,0.8861125
2022-07-31 10:30:00,0.8885499
2022-08-01 10:30:00,0.81953746
2022-08-02 10:30:00,0.76918745
2022-08-03 10:30:00,0.775825
2022-08-04 10:30:00,0.919375
2022-08-05 10:30:00,0.639375
2022-08-06 10:30:00,0.690325
2022-08-07 10:30:00,0.7623625
2022-08-08 10:30:00,0.594775
2022-08-09 10:30:00,0.57025
2022-08-10 10:30:00,0.641225
2022-08-11 10:30:00,0.66991246
2022-08-12 10:30:00,0.65555
2022-08-13 10:30:00,0.66342497
2022-08-14 10:30:00,0.7959874
2022-08-15 10:30:00,0.8602375
2022-08-16 10:30:00,0.6391875
2022-08-17 10:30:00,0.6721625
2022-08-18 10:30:00,0.7339625
2022-08-19 10:30:00,0.57731247
2022-08-20 10:30:00,0.62412494
2022-08-21 10:30:00,0.71348745
2022-08-22 10:30:00,0.727825
2022-08-23 10:30:00,0.59924996
2022-08-24 10:30:00,0.714125
2022-08-25 10:30:00,0.6173125
2022-08-26 10:30:00,0.72835
2022-08-27 10:30:00,0.58538747
2022-08-28 10:30:00,0.687075
2022-08-29 10:30:00,0.7132125
2022-08-30 10:30:00,0.8643875
2022-08-31 10:30:00,0.73675
2022-09-01 10:30:00,0.6011125
2022-09-02 10:30:00,0.626875
2022-09-03 10:30:00,0.6661875
2022-09-04 10:30:00,0.8133875
2022-09-05 10:30:00,0.6470125
2022-09-06 10:30:00,0.793275
2022-09-07 10:30:00,0.642525
2022-09-08 10:30:00,0.6793125
2022-09-09 10:30:00,0.6875
2022-09-10 10:30:00,0.72315
2022-09-11 10:30:00,0.65428746
2022-09-12 10:30:00,0.77817494
2022-09-13 10:30:00,0.60185
2022-09-14 10:30:00,0.6973625
2022-09-15 10:30:00,0.702225
2022-09-16 10:30:00,0.736825
2022-09-17 10:30:00,0.58046246
2022-09-18 10:30:00,0.4915625
2022-09-19 10:30:00,0.343525
2022-09-20 10:30:00,0.4895125
2022-09-21 10:30:00,0.44146252
2022-09-22 10:30:00,0.8946375
2022-09-23 10:30:00,0.8318875
2022-09-24 10:30:00,0.57638747
2022-09-25 10:30:00,0.44315
2022-09-26 10:30:00,0.57245
2022-09-27 10:30:00,0.43705
2022-09-28 10:30:00,0.52275
2022-09-29 10:30:00,0.41685
2022-09-30 10:30:00,0.78348744
2022-10-01 10:30:00,0.7137
2022-10-02 10:30:00,0.75254995
2022-10-03 10:30:00,0.504075
2022-10-04 10:30:00,0.43919998
2022-10-05 10:30:00,0.47342497
2022-10-06 10:30:00,0.61106247
2022-10-07 10:30:00,0.5261
2022-10-08 10:30:00,0.676
2022-10-09 10:30:00,0.32239997
2022-10-10 10:30:00,0.37612498
2022-10-11 10:30:00,0.36384997
2022-10-12 10:30:00,0.51291245
2022-10-13 10:30:00,0.41123748
2022-10-14 10:30:00,0.4622375
2022-10-15 10:30:00,0.3453125
2022-10-16 10:30:00,0.43072498
2022-10-17 10:30:00,0.40521252
2022-10-18 10:30:00,0.5312375
2022-10-19 10:30:00,0.344425
2022-10-20 10:30:00,0.44631252
2022-10-21 10:30:00,0.6600625
2022-10-22 10:30:00,0.49856248
2022-10-23 10:30:00,0.4269875
2022-10-24 10:30:00,0.4768125
2022-10-25 10:30:00,0.5628
2022-10-26 10:30:00,0.6582625
2022-10-27 10:30:00,0.4287125
2022-10-28 10:30:00,0.4678
2022-10-29 10:30:00,0.5274
2022-10-30 10:30:00,0.6245
2022-10-31 10:30:00,0.5151
2022-11-01 10:30:00,0.3814625
2022-11-02 10:30:00,0.287425
2022-11-03 10:30:00,0.3722875
2022-11-04 10:30:00,0.4131625
2022-11-05 10:30:00,0.4475125
2022-11-06 10:30:00,0.5291125
2022-11-07 10:30:00,0.5089625
2022-11-08 10:30:00,0.5208875
2022-11-09 10:30:00,0.4858
2022-11-10 10:30:00,0.4091875
2022-11-11 10:30:00,0.42588747
2022-11-12 10:30:00,0.34771246
2022-11-13 10:30:00,0.543975
2022-11-14 10:30:00,0.5468875
2022-11-15 10:30:00,0.44252497
2022-11-16 10:30:00,0.560775
2022-11-17 10:30:00,0.5824
2022-11-18 10:30:00,0.492475
2022-11-19 10:30:00,0.51986253
2022-11-20 10:30:00,0.399275
2022-11-21 10:30:00,0.4725
2022-11-22 10:30:00,0.5300625
2022-11-23 10:30:00,0.5634
2022-11-24 10:30:00,0.93224996
2022-11-25 10:30:00,0.6583375
2022-11-26 10:30:00,0.487525
2022-11-27 10:30:00,0.83605003
2022-11-28 10:30:00,0.813925
2022-11-29 10:30:00,0.4265
2022-11-30 10:30:00,0.40327498
2022-12-01 10:30:00,0.50013745
2022-12-02 10:30:00,0.49697497
2022-12-03 10:30:00,0.4653625
2022-12-04 10:30:00,0.52346253
2022-12-05 10:30:00,0.5208875
2022-12-06 10:30:00,0.566975
2022-12-07 10:30:00,0.5712125
2022-12-08 10:30:00,0.55031246
2022-12-09 10:30:00,0.55101246
2022-12-10 10:30:00,0.5792625
2022-12-11 10:30:00,0.6102
2022-12-12 10:30:00,0.45204997
2022-12-13 10:30:00,0.3973625
2022-12-14 10:30:00,0.38435
2022-12-15 10:30:00,0.4342375
2022-12-16 10:30:00,0.4449125
2022-12-17 10:30:00,0.48138747
2022-12-18 10:30:00,0.4476625
2022-12-19 10:30:00,0.47021246
2022-12-20 10:30:00,0.67272496
2022-12-21 10:30:00,0.7259375
2022-12-22 10:30:00,0.512125
2022-12-23 10:30:00,0.4720375
2022-12-24 10:30:00,0.44342497
2022-12-25 10:30:00,0.6181625
2022-12-26 10:30:00,0.669725
2022-12-27 10:30:00,0.7739
2022-12-28 10:30:00,0.62235
2022-12-29 10:30:00,0.54104996
2022-12-30 10:30:00,0.62014997
2022-12-31 10:30:00,0.47037497
