time,rhum
2012-01-01 10:30:00,0.55735
2012-01-02 10:30:00,0.6404375
2012-01-03 10:30:00,0.62395
2012-01-04 10:30:00,0.5199625
2012-01-05 10:30:00,0.5695625
2012-01-06 10:30:00,0.50624996
2012-01-07 10:30:00,0.5233625
2012-01-08 10:30:00,0.548525
2012-01-09 10:30:00,0.6490375
2012-01-10 10:30:00,0.61825
2012-01-11 10:30:00,0.6889125
2012-01-12 10:30:00,0.7236625
2012-01-13 10:30:00,0.70544994
2012-01-14 10:30:00,0.57485
2012-01-15 10:30:00,0.76597494
2012-01-16 10:30:00,0.75121254
2012-01-17 10:30:00,0.710425
2012-01-18 10:30:00,0.72179997
2012-01-19 10:30:00,0.7305625
2012-01-20 10:30:00,0.4296875
2012-01-21 10:30:00,0.3623125
2012-01-22 10:30:00,0.4176375
2012-01-23 10:30:00,0.452075
2012-01-24 10:30:00,0.43932498
2012-01-25 10:30:00,0.4901625
2012-01-26 10:30:00,0.4181375
2012-01-27 10:30:00,0.421275
2012-01-28 10:30:00,0.41845
2012-01-29 10:30:00,0.46634996
2012-01-30 10:30:00,0.34256247
2012-01-31 10:30:00,0.39396247
2012-02-01 10:30:00,0.32748747
2012-02-02 10:30:00,0.29604998
2012-02-03 10:30:00,0.34739998
2012-02-04 10:30:00,0.4211
2012-02-05 10:30:00,0.3943875
2012-02-06 10:30:00,0.37697497
2012-02-07 10:30:00,0.314925
2012-02-08 10:30:00,0.3670375
2012-02-09 10:30:00,0.3294125
2012-02-10 10:30:00,0.28768748
2012-02-11 10:30:00,0.3008625
2012-02-12 10:30:00,0.40495
2012-02-13 10:30:00,0.3164875
2012-02-14 10:30:00,0.2924875
2012-02-15 10:30:00,0.2975125
2012-02-16 10:30:00,0.3388
2012-02-17 10:30:00,0.3833125
2012-02-18 10:30:00,0.3474375
2012-02-19 10:30:00,0.25915
2012-02-20 10:30:00,0.1998625
2012-02-21 10:30:00,0.2382
2012-02-22 10:30:00,0.22155
2012-02-23 10:30:00,0.30366248
2012-02-24 10:30:00,0.3348125
2012-02-25 10:30:00,0.2660875
2012-02-26 10:30:00,0.3187
2012-02-27 10:30:00,0.384
2012-02-28 10:30:00,0.32819998
2012-02-29 10:30:00,0.28393748
2012-03-01 10:30:00,0.2244375
2012-03-02 10:30:00,0.23288749
2012-03-03 10:30:00,0.263925
2012-03-04 10:30:00,0.411575
2012-03-05 10:30:00,0.6286375
2012-03-06 10:30:00,0.41455
2012-03-07 10:30:00,0.48935
2012-03-08 10:30:00,0.32874998
2012-03-09 10:30:00,0.35709998
2012-03-10 10:30:00,0.46350002
2012-03-11 10:30:00,0.30728748
2012-03-12 10:30:00,0.3190125
2012-03-13 10:30:00,0.3137375
2012-03-14 10:30:00,0.315875
2012-03-15 10:30:00,0.3652125
2012-03-16 10:30:00,0.25195
2012-03-17 10:30:00,0.1631375
2012-03-18 10:30:00,0.207125
2012-03-19 10:30:00,0.191975
2012-03-20 10:30:00,0.19575
2012-03-21 10:30:00,0.32115
2012-03-22 10:30:00,0.1893625
2012-03-23 10:30:00,0.39322498
2012-03-24 10:30:00,0.23963751
2012-03-25 10:30:00,0.23299998
2012-03-26 10:30:00,0.34138748
2012-03-27 10:30:00,0.2253125
2012-03-28 10:30:00,0.181825
2012-03-29 10:30:00,0.647825
2012-03-30 10:30:00,0.7649375
2012-03-31 10:30:00,0.48401248
2012-04-01 10:30:00,0.2942375
2012-04-02 10:30:00,0.26378748
2012-04-03 10:30:00,0.32295
2012-04-04 10:30:00,0.47068748
2012-04-05 10:30:00,0.2703875
2012-04-06 10:30:00,0.21452498
2012-04-07 10:30:00,0.2656625
2012-04-08 10:30:00,0.49044997
2012-04-09 10:30:00,0.19428751
2012-04-10 10:30:00,0.1945125
2012-04-11 10:30:00,0.27061248
2012-04-12 10:30:00,0.29233748
2012-04-13 10:30:00,0.21427499
2012-04-14 10:30:00,0.46440002
2012-04-15 10:30:00,0.25948748
2012-04-16 10:30:00,0.19208749
2012-04-17 10:30:00,0.22719999
2012-04-18 10:30:00,0.40134996
2012-04-19 10:30:00,0.4407
2012-04-20 10:30:00,0.130575
2012-04-21 10:30:00,0.49029997
2012-04-22 10:30:00,0.49711248
2012-04-23 10:30:00,0.49879995
2012-04-24 10:30:00,0.236625
2012-04-25 10:30:00,0.18161249
2012-04-26 10:30:00,0.1699
2012-04-27 10:30:00,0.70077497
2012-04-28 10:30:00,0.31132498
2012-04-29 10:30:00,0.24392499
2012-04-30 10:30:00,0.3623875
2012-05-01 10:30:00,0.17616248
2012-05-02 10:30:00,0.23871249
2012-05-03 10:30:00,0.1582375
2012-05-04 10:30:00,0.20872499
2012-05-05 10:30:00,0.1821625
2012-05-06 10:30:00,0.4214125
2012-05-07 10:30:00,0.428725
2012-05-08 10:30:00,0.4524125
2012-05-09 10:30:00,0.4253125
2012-05-10 10:30:00,0.5162875
2012-05-11 10:30:00,0.37757498
2012-05-12 10:30:00,0.830425
2012-05-13 10:30:00,0.70247495
2012-05-14 10:30:00,0.6724875
2012-05-15 10:30:00,0.71941245
2012-05-16 10:30:00,0.815175
2012-05-17 10:30:00,0.44748747
2012-05-18 10:30:00,0.3547875
2012-05-19 10:30:00,0.1679125
2012-05-20 10:30:00,0.2443125
2012-05-21 10:30:00,0.29741248
2012-05-22 10:30:00,0.3131125
2012-05-23 10:30:00,0.25257498
2012-05-24 10:30:00,0.3078875
2012-05-25 10:30:00,0.4099625
2012-05-26 10:30:00,0.43357497
2012-05-27 10:30:00,0.36583748
2012-05-28 10:30:00,0.5086875
2012-05-29 10:30:00,0.46818748
2012-05-30 10:30:00,0.6477
2012-05-31 10:30:00,0.70129997
2012-06-01 10:30:00,0.7780749
2012-06-02 10:30:00,0.7423625
2012-06-03 10:30:00,0.69042504
2012-06-04 10:30:00,0.7248
2012-06-05 10:30:00,0.58591247
2012-06-06 10:30:00,0.73951244
2012-06-07 10:30:00,0.6949625
2012-06-08 10:30:00,0.56803745
2012-06-09 10:30:00,0.5991625
2012-06-10 10:30:00,0.4798125
2012-06-11 10:30:00,0.76356244
2012-06-12 10:30:00,0.8723124
2012-06-13 10:30:00,0.83458745
2012-06-14 10:30:00,0.7241
2012-06-15 10:30:00,0.8360375
2012-06-16 10:30:00,0.8146
2012-06-17 10:30:00,0.83727497
2012-06-18 10:30:00,0.6908125
2012-06-19 10:30:00,0.60991246
2012-06-20 10:30:00,0.6026875
2012-06-21 10:30:00,0.5991875
2012-06-22 10:30:00,0.52215
2012-06-23 10:30:00,0.60658747
2012-06-24 10:30:00,0.744275
2012-06-25 10:30:00,0.7119
2012-06-26 10:30:00,0.69303745
2012-06-27 10:30:00,0.8044625
2012-06-28 10:30:00,0.739275
2012-06-29 10:30:00,0.814175
2012-06-30 10:30:00,0.55983746
2012-07-01 10:30:00,0.74885
2012-07-02 10:30:00,0.8171
2012-07-03 10:30:00,0.7993
2012-07-04 10:30:00,0.7094
2012-07-05 10:30:00,0.71239996
2012-07-06 10:30:00,0.640975
2012-07-07 10:30:00,0.624375
2012-07-08 10:30:00,0.7320375
2012-07-09 10:30:00,0.7766625
2012-07-10 10:30:00,0.8167375
2012-07-11 10:30:00,0.8487625
2012-07-12 10:30:00,0.80592495
2012-07-13 10:30:00,0.66008747
2012-07-14 10:30:00,0.67917496
2012-07-15 10:30:00,0.6899
2012-07-16 10:30:00,0.60956246
2012-07-17 10:30:00,0.61877495
2012-07-18 10:30:00,0.72765
2012-07-19 10:30:00,0.71357495
2012-07-20 10:30:00,0.72005
2012-07-21 10:30:00,0.8181125
2012-07-22 10:30:00,0.88246244
2012-07-23 10:30:00,0.65905
2012-07-24 10:30:00,0.79162496
2012-07-25 10:30:00,0.835425
2012-07-26 10:30:00,0.7825999
2012-07-27 10:30:00,0.66356254
2012-07-28 10:30:00,0.84117496
2012-07-29 10:30:00,0.8502749
2012-07-30 10:30:00,0.778625
2012-07-31 10:30:00,0.66255
2012-08-01 10:30:00,0.7211625
2012-08-02 10:30:00,0.7577625
2012-08-03 10:30:00,0.7481
2012-08-04 10:30:00,0.77051246
2012-08-05 10:30:00,0.687275
2012-08-06 10:30:00,0.713725
2012-08-07 10:30:00,0.7082375
2012-08-08 10:30:00,0.5633625
2012-08-09 10:30:00,0.49732497
2012-08-10 10:30:00,0.68843746
2012-08-11 10:30:00,0.597475
2012-08-12 10:30:00,0.5585125
2012-08-13 10:30:00,0.5671125
2012-08-14 10:30:00,0.54943746
2012-08-15 10:30:00,0.5598125
2012-08-16 10:30:00,0.6051625
2012-08-17 10:30:00,0.6656625
2012-08-18 10:30:00,0.5844625
2012-08-19 10:30:00,0.52395
2012-08-20 10:30:00,0.5708625
2012-08-21 10:30:00,0.41471252
2012-08-22 10:30:00,0.39939997
2012-08-23 10:30:00,0.448675
2012-08-24 10:30:00,0.6303625
2012-08-25 10:30:00,0.633625
2012-08-26 10:30:00,0.5526625
2012-08-27 10:30:00,0.7369124
2012-08-28 10:30:00,0.594775
2012-08-29 10:30:00,0.56548744
2012-08-30 10:30:00,0.57787496
2012-08-31 10:30:00,0.64968747
2012-09-01 10:30:00,0.662525
2012-09-02 10:30:00,0.88761246
2012-09-03 10:30:00,0.79075
2012-09-04 10:30:00,0.7689499
2012-09-05 10:30:00,0.70254993
2012-09-06 10:30:00,0.65648746
2012-09-07 10:30:00,0.65938747
2012-09-08 10:30:00,0.75168747
2012-09-09 10:30:00,0.78178746
2012-09-10 10:30:00,0.6366875
2012-09-11 10:30:00,0.8564375
2012-09-12 10:30:00,0.75356245
2012-09-13 10:30:00,0.74955
2012-09-14 10:30:00,0.617825
2012-09-15 10:30:00,0.6469625
2012-09-16 10:30:00,0.672525
2012-09-17 10:30:00,0.69364995
2012-09-18 10:30:00,0.630525
2012-09-19 10:30:00,0.6138875
2012-09-20 10:30:00,0.5322125
2012-09-21 10:30:00,0.560825
2012-09-22 10:30:00,0.7275875
2012-09-23 10:30:00,0.73245
2012-09-24 10:30:00,0.6441
2012-09-25 10:30:00,0.8496375
2012-09-26 10:30:00,0.70665
2012-09-27 10:30:00,0.7275125
2012-09-28 10:30:00,0.4360375
2012-09-29 10:30:00,0.5879625
2012-09-30 10:30:00,0.589575
2012-10-01 10:30:00,0.67165
2012-10-02 10:30:00,0.67481244
2012-10-03 10:30:00,0.76606256
2012-10-04 10:30:00,0.6679625
2012-10-05 10:30:00,0.38915
2012-10-06 10:30:00,0.5044125
2012-10-07 10:30:00,0.64458746
2012-10-08 10:30:00,0.6517624
2012-10-09 10:30:00,0.660475
2012-10-10 10:30:00,0.5447125
2012-10-11 10:30:00,0.60455
2012-10-12 10:30:00,0.627425
2012-10-13 10:30:00,0.8338375
2012-10-14 10:30:00,0.60275
2012-10-15 10:30:00,0.5849
2012-10-16 10:30:00,0.8707125
2012-10-17 10:30:00,0.5545375
2012-10-18 10:30:00,0.41306245
2012-10-19 10:30:00,0.387575
2012-10-20 10:30:00,0.379075
2012-10-21 10:30:00,0.49686247
2012-10-22 10:30:00,0.5155625
2012-10-23 10:30:00,0.715825
2012-10-24 10:30:00,0.85451245
2012-10-25 10:30:00,0.5421625
2012-10-26 10:30:00,0.6533
2012-10-27 10:30:00,0.38627496
2012-10-28 10:30:00,0.323425
2012-10-29 10:30:00,0.4139125
2012-10-30 10:30:00,0.5332125
2012-10-31 10:30:00,0.562675
2012-11-01 10:30:00,0.61491245
2012-11-02 10:30:00,0.47868747
2012-11-03 10:30:00,0.529875
2012-11-04 10:30:00,0.6664875
2012-11-05 10:30:00,0.648525
2012-11-06 10:30:00,0.573175
2012-11-07 10:30:00,0.6121875
2012-11-08 10:30:00,0.58112496
2012-11-09 10:30:00,0.65677506
2012-11-10 10:30:00,0.75106245
2012-11-11 10:30:00,0.7305625
2012-11-12 10:30:00,0.84487504
2012-11-13 10:30:00,0.68966246
2012-11-14 10:30:00,0.6548
2012-11-15 10:30:00,0.58968747
2012-11-16 10:30:00,0.63465
2012-11-17 10:30:00,0.75084996
2012-11-18 10:30:00,0.84227496
2012-11-19 10:30:00,0.6548749
2012-11-20 10:30:00,0.5558625
2012-11-21 10:30:00,0.57809997
2012-11-22 10:30:00,0.4493
2012-11-23 10:30:00,0.62997496
2012-11-24 10:30:00,0.74764997
2012-11-25 10:30:00,0.6505625
2012-11-26 10:30:00,0.5787875
2012-11-27 10:30:00,0.778325
2012-11-28 10:30:00,0.488175
2012-11-29 10:30:00,0.5176
2012-11-30 10:30:00,0.43131247
2012-12-01 10:30:00,0.68707496
2012-12-02 10:30:00,0.763775
2012-12-03 10:30:00,0.5400875
2012-12-04 10:30:00,0.45787498
2012-12-05 10:30:00,0.358975
2012-12-06 10:30:00,0.47046247
2012-12-07 10:30:00,0.52295
2012-12-08 10:30:00,0.6823875
2012-12-09 10:30:00,0.7609125
2012-12-10 10:30:00,0.6491749
2012-12-11 10:30:00,0.6397
2012-12-12 10:30:00,0.732875
2012-12-13 10:30:00,0.5907875
2012-12-14 10:30:00,0.643225
2012-12-15 10:30:00,0.7765875
2012-12-16 10:30:00,0.6098375
2012-12-17 10:30:00,0.4463
2012-12-18 10:30:00,0.37877497
2012-12-19 10:30:00,0.521725
2012-12-20 10:30:00,0.5988
2012-12-21 10:30:00,0.44642502
2012-12-22 10:30:00,0.393475
2012-12-23 10:30:00,0.334075
2012-12-24 10:30:00,0.5341
2012-12-25 10:30:00,0.3465375
2012-12-26 10:30:00,0.5182625
2012-12-27 10:30:00,0.5499875
2012-12-28 10:30:00,0.691
2012-12-29 10:30:00,0.719
2012-12-30 10:30:00,0.5509125
2012-12-31 10:30:00,0.5996625
2013-01-01 10:30:00,0.4980375
2013-01-02 10:30:00,0.39720002
2013-01-03 10:30:00,0.45373747
2013-01-04 10:30:00,0.41849998
2013-01-05 10:30:00,0.46577498
2013-01-06 10:30:00,0.61915
2013-01-07 10:30:00,0.57505
2013-01-08 10:30:00,0.49037498
2013-01-09 10:30:00,0.5708625
2013-01-10 10:30:00,0.61947495
2013-01-11 10:30:00,0.6248125
2013-01-12 10:30:00,0.6685375
2013-01-13 10:30:00,0.69436246
2013-01-14 10:30:00,0.6361
2013-01-15 10:30:00,0.679325
2013-01-16 10:30:00,0.55448747
2013-01-17 10:30:00,0.65777504
2013-01-18 10:30:00,0.69066244
2013-01-19 10:30:00,0.663625
2013-01-20 10:30:00,0.7291874
2013-01-21 10:30:00,0.6447
2013-01-22 10:30:00,0.7100499
2013-01-23 10:30:00,0.71175003
2013-01-24 10:30:00,0.40443748
2013-01-25 10:30:00,0.4450125
2013-01-26 10:30:00,0.49239996
2013-01-27 10:30:00,0.70156246
2013-01-28 10:30:00,0.7506875
2013-01-29 10:30:00,0.7038375
2013-01-30 10:30:00,0.74733746
2013-01-31 10:30:00,0.7206375
2013-02-01 10:30:00,0.3682875
2013-02-02 10:30:00,0.376
2013-02-03 10:30:00,0.58932495
2013-02-04 10:30:00,0.554375
2013-02-05 10:30:00,0.6185
2013-02-06 10:30:00,0.47132498
2013-02-07 10:30:00,0.4091125
2013-02-08 10:30:00,0.4378
2013-02-09 10:30:00,0.5341625
2013-02-10 10:30:00,0.424425
2013-02-11 10:30:00,0.618225
2013-02-12 10:30:00,0.6392625
2013-02-13 10:30:00,0.43426248
2013-02-14 10:30:00,0.38502496
2013-02-15 10:30:00,0.51995
2013-02-16 10:30:00,0.72849995
2013-02-17 10:30:00,0.47197497
2013-02-18 10:30:00,0.3205125
2013-02-19 10:30:00,0.32779998
2013-02-20 10:30:00,0.34432498
2013-02-21 10:30:00,0.4301875
2013-02-22 10:30:00,0.4159
2013-02-23 10:30:00,0.3241
2013-02-24 10:30:00,0.4614875
2013-02-25 10:30:00,0.6344625
2013-02-26 10:30:00,0.8060375
2013-02-27 10:30:00,0.46284997
2013-02-28 10:30:00,0.7381375
2013-03-01 10:30:00,0.34865
2013-03-02 10:30:00,0.51455003
2013-03-03 10:30:00,0.691025
2013-03-04 10:30:00,0.5940625
2013-03-05 10:30:00,0.65569997
2013-03-06 10:30:00,0.4579375
2013-03-07 10:30:00,0.2674625
2013-03-08 10:30:00,0.4743375
2013-03-09 10:30:00,0.6319625
2013-03-10 10:30:00,0.500475
2013-03-11 10:30:00,0.5923375
2013-03-12 10:30:00,0.33447498
2013-03-13 10:30:00,0.3261
2013-03-14 10:30:00,0.48209998
2013-03-15 10:30:00,0.536875
2013-03-16 10:30:00,0.551875
2013-03-17 10:30:00,0.279575
2013-03-18 10:30:00,0.35088748
2013-03-19 10:30:00,0.330325
2013-03-20 10:30:00,0.3426625
2013-03-21 10:30:00,0.5283375
2013-03-22 10:30:00,0.35327497
2013-03-23 10:30:00,0.44439998
2013-03-24 10:30:00,0.3864125
2013-03-25 10:30:00,0.3766
2013-03-26 10:30:00,0.5540625
2013-03-27 10:30:00,0.576
2013-03-28 10:30:00,0.43311247
2013-03-29 10:30:00,0.36025
2013-03-30 10:30:00,0.34502497
2013-03-31 10:30:00,0.262725
2013-04-01 10:30:00,0.31016248
2013-04-02 10:30:00,0.30278748
2013-04-03 10:30:00,0.2978875
2013-04-04 10:30:00,0.45333752
2013-04-05 10:30:00,0.5035625
2013-04-06 10:30:00,0.4982375
2013-04-07 10:30:00,0.4121875
2013-04-08 10:30:00,0.4341125
2013-04-09 10:30:00,0.30229998
2013-04-10 10:30:00,0.578225
2013-04-11 10:30:00,0.4654375
2013-04-12 10:30:00,0.27717498
2013-04-13 10:30:00,0.26549998
2013-04-14 10:30:00,0.24959998
2013-04-15 10:30:00,0.2351
2013-04-16 10:30:00,0.295075
2013-04-17 10:30:00,0.2762375
2013-04-18 10:30:00,0.3127125
2013-04-19 10:30:00,0.224475
2013-04-20 10:30:00,0.26251248
2013-04-21 10:30:00,0.2560625
2013-04-22 10:30:00,0.3775
2013-04-23 10:30:00,0.32858747
2013-04-24 10:30:00,0.64466244
2013-04-25 10:30:00,0.6838375
2013-04-26 10:30:00,0.37260002
2013-04-27 10:30:00,0.45035
2013-04-28 10:30:00,0.6562625
2013-04-29 10:30:00,0.86044997
2013-04-30 10:30:00,0.54255
2013-05-01 10:30:00,0.53499997
2013-05-02 10:30:00,0.4524125
2013-05-03 10:30:00,0.33697498
2013-05-04 10:30:00,0.2423375
2013-05-05 10:30:00,0.3193
2013-05-06 10:30:00,0.42364997
2013-05-07 10:30:00,0.27985
2013-05-08 10:30:00,0.44898748
2013-05-09 10:30:00,0.47492498
2013-05-10 10:30:00,0.328975
2013-05-11 10:30:00,0.4085625
2013-05-12 10:30:00,0.611925
2013-05-13 10:30:00,0.59688747
2013-05-14 10:30:00,0.6099875
2013-05-15 10:30:00,0.47233748
2013-05-16 10:30:00,0.4310875
2013-05-17 10:30:00,0.433525
2013-05-18 10:30:00,0.33221248
2013-05-19 10:30:00,0.4723875
2013-05-20 10:30:00,0.7615
2013-05-21 10:30:00,0.6029375
2013-05-22 10:30:00,0.38936248
2013-05-23 10:30:00,0.30028751
2013-05-24 10:30:00,0.2549375
2013-05-25 10:30:00,0.20718749
2013-05-26 10:30:00,0.3714
2013-05-27 10:30:00,0.5736875
2013-05-28 10:30:00,0.48709998
2013-05-29 10:30:00,0.336525
2013-05-30 10:30:00,0.3148
2013-05-31 10:30:00,0.31934997
2013-06-01 10:30:00,0.39686248
2013-06-02 10:30:00,0.3114
2013-06-03 10:30:00,0.613275
2013-06-04 10:30:00,0.5389625
2013-06-05 10:30:00,0.5100125
2013-06-06 10:30:00,0.6915249
2013-06-07 10:30:00,0.5643875
2013-06-08 10:30:00,0.6999
2013-06-09 10:30:00,0.87792504
2013-06-10 10:30:00,0.535675
2013-06-11 10:30:00,0.629175
2013-06-12 10:30:00,0.7715375
2013-06-13 10:30:00,0.58346254
2013-06-14 10:30:00,0.66323745
2013-06-15 10:30:00,0.64095
2013-06-16 10:30:00,0.60289997
2013-06-17 10:30:00,0.5413375
2013-06-18 10:30:00,0.51586246
2013-06-19 10:30:00,0.67635
2013-06-20 10:30:00,0.6472875
2013-06-21 10:30:00,0.6225375
2013-06-22 10:30:00,0.48037496
2013-06-23 10:30:00,0.5118375
2013-06-24 10:30:00,0.4939875
2013-06-25 10:30:00,0.6762625
2013-06-26 10:30:00,0.755075
2013-06-27 10:30:00,0.90225
2013-06-28 10:30:00,0.6931
2013-06-29 10:30:00,0.9073875
2013-06-30 10:30:00,0.82577497
2013-07-01 10:30:00,0.8237
2013-07-02 10:30:00,0.8279125
2013-07-03 10:30:00,0.81273746
2013-07-04 10:30:00,0.705025
2013-07-05 10:30:00,0.5214
2013-07-06 10:30:00,0.611925
2013-07-07 10:30:00,0.62628746
2013-07-08 10:30:00,0.691
2013-07-09 10:30:00,0.5288625
2013-07-10 10:30:00,0.4707125
2013-07-11 10:30:00,0.6097625
2013-07-12 10:30:00,0.59674996
2013-07-13 10:30:00,0.57159996
2013-07-14 10:30:00,0.53218746
2013-07-15 10:30:00,0.81135
2013-07-16 10:30:00,0.62017494
2013-07-17 10:30:00,0.7206375
2013-07-18 10:30:00,0.76317495
2013-07-19 10:30:00,0.65285003
2013-07-20 10:30:00,0.66148746
2013-07-21 10:30:00,0.6392
2013-07-22 10:30:00,0.74812496
2013-07-23 10:30:00,0.85231245
2013-07-24 10:30:00,0.8078375
2013-07-25 10:30:00,0.74482495
2013-07-26 10:30:00,0.7178375
2013-07-27 10:30:00,0.8588375
2013-07-28 10:30:00,0.73781246
2013-07-29 10:30:00,0.68552494
2013-07-30 10:30:00,0.67841244
2013-07-31 10:30:00,0.78958744
2013-08-01 10:30:00,0.87333745
2013-08-02 10:30:00,0.8184125
2013-08-03 10:30:00,0.84848756
2013-08-04 10:30:00,0.726725
2013-08-05 10:30:00,0.73823744
2013-08-06 10:30:00,0.72956246
2013-08-07 10:30:00,0.7172125
2013-08-08 10:30:00,0.636375
2013-08-09 10:30:00,0.62425
2013-08-10 10:30:00,0.6671375
2013-08-11 10:30:00,0.68364996
2013-08-12 10:30:00,0.8258
2013-08-13 10:30:00,0.65275
2013-08-14 10:30:00,0.65585
2013-08-15 10:30:00,0.6004375
2013-08-16 10:30:00,0.78903747
2013-08-17 10:30:00,0.85379994
2013-08-18 10:30:00,0.62093747
2013-08-19 10:30:00,0.6746375
2013-08-20 10:30:00,0.602425
2013-08-21 10:30:00,0.83727497
2013-08-22 10:30:00,0.7215875
2013-08-23 10:30:00,0.68776244
2013-08-24 10:30:00,0.5761
2013-08-25 10:30:00,0.63345
2013-08-26 10:30:00,0.5996125
2013-08-27 10:30:00,0.704925
2013-08-28 10:30:00,0.87933755
2013-08-29 10:30:00,0.6455375
2013-08-30 10:30:00,0.79535
2013-08-31 10:30:00,0.66658753
2013-09-01 10:30:00,0.67692494
2013-09-02 10:30:00,0.71675
2013-09-03 10:30:00,0.6840625
2013-09-04 10:30:00,0.7052375
2013-09-05 10:30:00,0.7287625
2013-09-06 10:30:00,0.77786255
2013-09-07 10:30:00,0.770325
2013-09-08 10:30:00,0.728825
2013-09-09 10:30:00,0.7140875
2013-09-10 10:30:00,0.53358746
2013-09-11 10:30:00,0.4637875
2013-09-12 10:30:00,0.708
2013-09-13 10:30:00,0.66496253
2013-09-14 10:30:00,0.39115
2013-09-15 10:30:00,0.4509
2013-09-16 10:30:00,0.43908748
2013-09-17 10:30:00,0.5844125
2013-09-18 10:30:00,0.4891875
2013-09-19 10:30:00,0.6276125
2013-09-20 10:30:00,0.6050625
2013-09-21 10:30:00,0.64933753
2013-09-22 10:30:00,0.5525125
2013-09-23 10:30:00,0.40189996
2013-09-24 10:30:00,0.4133625
2013-09-25 10:30:00,0.3980875
2013-09-26 10:30:00,0.45929998
2013-09-27 10:30:00,0.2863875
2013-09-28 10:30:00,0.39775002
2013-09-29 10:30:00,0.4485625
2013-09-30 10:30:00,0.40967497
2013-10-01 10:30:00,0.402625
2013-10-02 10:30:00,0.33095
2013-10-03 10:30:00,0.3487
2013-10-04 10:30:00,0.37206247
2013-10-05 10:30:00,0.34553748
2013-10-06 10:30:00,0.42163748
2013-10-07 10:30:00,0.30781248
2013-10-08 10:30:00,0.2563375
2013-10-09 10:30:00,0.42904997
2013-10-10 10:30:00,0.76785004
2013-10-11 10:30:00,0.549225
2013-10-12 10:30:00,0.46089998
2013-10-13 10:30:00,0.4490125
2013-10-14 10:30:00,0.41147497
2013-10-15 10:30:00,0.47843748
2013-10-16 10:30:00,0.47252497
2013-10-17 10:30:00,0.48145
2013-10-18 10:30:00,0.605625
2013-10-19 10:30:00,0.65335
2013-10-20 10:30:00,0.73213744
2013-10-21 10:30:00,0.76926255
2013-10-22 10:30:00,0.758775
2013-10-23 10:30:00,0.902325
2013-10-24 10:30:00,0.6002
2013-10-25 10:30:00,0.56373745
2013-10-26 10:30:00,0.74612504
2013-10-27 10:30:00,0.838525
2013-10-28 10:30:00,0.5816625
2013-10-29 10:30:00,0.53183746
2013-10-30 10:30:00,0.5366875
2013-10-31 10:30:00,0.5551375
2013-11-01 10:30:00,0.467625
2013-11-02 10:30:00,0.5201625
2013-11-03 10:30:00,0.39322498
2013-11-04 10:30:00,0.44146252
2013-11-05 10:30:00,0.5574375
2013-11-06 10:30:00,0.57801247
2013-11-07 10:30:00,0.3456625
2013-11-08 10:30:00,0.49083745
2013-11-09 10:30:00,0.28733748
2013-11-10 10:30:00,0.26378748
2013-11-11 10:30:00,0.3139625
2013-11-12 10:30:00,0.384725
2013-11-13 10:30:00,0.4562125
2013-11-14 10:30:00,0.42706248
2013-11-15 10:30:00,0.45165
2013-11-16 10:30:00,0.5061375
2013-11-17 10:30:00,0.46314996
2013-11-18 10:30:00,0.29768747
2013-11-19 10:30:00,0.22639999
2013-11-20 10:30:00,0.3194625
2013-11-21 10:30:00,0.45468748
2013-11-22 10:30:00,0.5547625
2013-11-23 10:30:00,0.481325
2013-11-24 10:30:00,0.37502497
2013-11-25 10:30:00,0.28277498
2013-11-26 10:30:00,0.2979125
2013-11-27 10:30:00,0.30319998
2013-11-28 10:30:00,0.19235
2013-11-29 10:30:00,0.23468749
2013-11-30 10:30:00,0.17715
2013-12-01 10:30:00,0.42419997
2013-12-02 10:30:00,0.48783746
2013-12-03 10:30:00,0.44814998
2013-12-04 10:30:00,0.26915
2013-12-05 10:30:00,0.21469998
2013-12-06 10:30:00,0.45184997
2013-12-07 10:30:00,0.5804375
2013-12-08 10:30:00,0.7004374
2013-12-09 10:30:00,0.50787497
2013-12-10 10:30:00,0.60513747
2013-12-11 10:30:00,0.61061245
2013-12-12 10:30:00,0.407275
2013-12-13 10:30:00,0.38935
2013-12-14 10:30:00,0.4262625
2013-12-15 10:30:00,0.709775
2013-12-16 10:30:00,0.73394996
2013-12-17 10:30:00,0.77709997
2013-12-18 10:30:00,0.67833745
2013-12-19 10:30:00,0.68623745
2013-12-20 10:30:00,0.519175
2013-12-21 10:30:00,0.5965375
2013-12-22 10:30:00,0.5546375
2013-12-23 10:30:00,0.536675
2013-12-24 10:30:00,0.6511625
2013-12-25 10:30:00,0.6490875
2013-12-26 10:30:00,0.458175
2013-12-27 10:30:00,0.503425
2013-12-28 10:30:00,0.43511248
2013-12-29 10:30:00,0.4380875
2013-12-30 10:30:00,0.5635875
2013-12-31 10:30:00,0.6363125
2014-01-01 10:30:00,0.37755
2014-01-02 10:30:00,0.5660875
2014-01-03 10:30:00,0.44045
2014-01-04 10:30:00,0.5272625
2014-01-05 10:30:00,0.6393875
2014-01-06 10:30:00,0.6468875
2014-01-07 10:30:00,0.3359125
2014-01-08 10:30:00,0.3435875
2014-01-09 10:30:00,0.4168125
2014-01-10 10:30:00,0.48849997
2014-01-11 10:30:00,0.48538747
2014-01-12 10:30:00,0.312075
2014-01-13 10:30:00,0.42669997
2014-01-14 10:30:00,0.48705
2014-01-15 10:30:00,0.6020375
2014-01-16 10:30:00,0.5435375
2014-01-17 10:30:00,0.4955875
2014-01-18 10:30:00,0.47727498
2014-01-19 10:30:00,0.6489125
2014-01-20 10:30:00,0.51745
2014-01-21 10:30:00,0.499475
2014-01-22 10:30:00,0.5736875
2014-01-23 10:30:00,0.6632125
2014-01-24 10:30:00,0.433525
2014-01-25 10:30:00,0.31841248
2014-01-26 10:30:00,0.4646625
2014-01-27 10:30:00,0.3244625
2014-01-28 10:30:00,0.32337502
2014-01-29 10:30:00,0.5721
2014-01-30 10:30:00,0.4466
2014-01-31 10:30:00,0.3529
2014-02-01 10:30:00,0.4213
2014-02-02 10:30:00,0.2373875
2014-02-03 10:30:00,0.2649375
2014-02-04 10:30:00,0.35639998
2014-02-05 10:30:00,0.38213748
2014-02-06 10:30:00,0.37846246
2014-02-07 10:30:00,0.40542498
2014-02-08 10:30:00,0.47116247
2014-02-09 10:30:00,0.38265
2014-02-10 10:30:00,0.43096247
2014-02-11 10:30:00,0.5715125
2014-02-12 10:30:00,0.4394625
2014-02-13 10:30:00,0.4705875
2014-02-14 10:30:00,0.6951875
2014-02-15 10:30:00,0.6310375
2014-02-16 10:30:00,0.62242496
2014-02-17 10:30:00,0.375475
2014-02-18 10:30:00,0.46326247
2014-02-19 10:30:00,0.468875
2014-02-20 10:30:00,0.5345875
2014-02-21 10:30:00,0.5564125
2014-02-22 10:30:00,0.4256625
2014-02-23 10:30:00,0.4134125
2014-02-24 10:30:00,0.41435
2014-02-25 10:30:00,0.586075
2014-02-26 10:30:00,0.53482497
2014-02-27 10:30:00,0.2163875
2014-02-28 10:30:00,0.4129625
2014-03-01 10:30:00,0.3652875
2014-03-02 10:30:00,0.33765
2014-03-03 10:30:00,0.32225
2014-03-04 10:30:00,0.29128748
2014-03-05 10:30:00,0.26003748
2014-03-06 10:30:00,0.249875
2014-03-07 10:30:00,0.24642499
2014-03-08 10:30:00,0.22485
2014-03-09 10:30:00,0.2128375
2014-03-10 10:30:00,0.250825
2014-03-11 10:30:00,0.46454996
2014-03-12 10:30:00,0.44482496
2014-03-13 10:30:00,0.29413748
2014-03-14 10:30:00,0.2006625
2014-03-15 10:30:00,0.4147375
2014-03-16 10:30:00,0.3647
2014-03-17 10:30:00,0.43246248
2014-03-18 10:30:00,0.2918875
2014-03-19 10:30:00,0.482825
2014-03-20 10:30:00,0.362525
2014-03-21 10:30:00,0.3001375
2014-03-22 10:30:00,0.2606125
2014-03-23 10:30:00,0.24178751
2014-03-24 10:30:00,0.278625
2014-03-25 10:30:00,0.3626875
2014-03-26 10:30:00,0.40623748
2014-03-27 10:30:00,0.2756
2014-03-28 10:30:00,0.30063748
2014-03-29 10:30:00,0.26685
2014-03-30 10:30:00,0.15413749
2014-03-31 10:30:00,0.24472499
2014-04-01 10:30:00,0.5056625
2014-04-02 10:30:00,0.28715
2014-04-03 10:30:00,0.2797375
2014-04-04 10:30:00,0.44465
2014-04-05 10:30:00,0.28219998
2014-04-06 10:30:00,0.2732625
2014-04-07 10:30:00,0.2454375
2014-04-08 10:30:00,0.3522375
2014-04-09 10:30:00,0.1995375
2014-04-10 10:30:00,0.23619999
2014-04-11 10:30:00,0.193675
2014-04-12 10:30:00,0.23292498
2014-04-13 10:30:00,0.23711249
2014-04-14 10:30:00,0.1383625
2014-04-15 10:30:00,0.113524996
2014-04-16 10:30:00,0.1700375
2014-04-17 10:30:00,0.2773
2014-04-18 10:30:00,0.21546249
2014-04-19 10:30:00,0.4434375
2014-04-20 10:30:00,0.71116245
2014-04-21 10:30:00,0.29938748
2014-04-22 10:30:00,0.23876248
2014-04-23 10:30:00,0.2578125
2014-04-24 10:30:00,0.34805
2014-04-25 10:30:00,0.2893875
2014-04-26 10:30:00,0.3135125
2014-04-27 10:30:00,0.2786375
2014-04-28 10:30:00,0.20987499
2014-04-29 10:30:00,0.19789998
2014-04-30 10:30:00,0.1338875
2014-05-01 10:30:00,0.3332375
2014-05-02 10:30:00,0.2058875
2014-05-03 10:30:00,0.17361249
2014-05-04 10:30:00,0.267425
2014-05-05 10:30:00,0.37635002
2014-05-06 10:30:00,0.49965
2014-05-07 10:30:00,0.3583
2014-05-08 10:30:00,0.34182498
2014-05-09 10:30:00,0.261
2014-05-10 10:30:00,0.6455
2014-05-11 10:30:00,0.774825
2014-05-12 10:30:00,0.7333625
2014-05-13 10:30:00,0.7611125
2014-05-14 10:30:00,0.79964995
2014-05-15 10:30:00,0.7189625
2014-05-16 10:30:00,0.6594375
2014-05-17 10:30:00,0.65378743
2014-05-18 10:30:00,0.73841244
2014-05-19 10:30:00,0.72525
2014-05-20 10:30:00,0.70317495
2014-05-21 10:30:00,0.66277504
2014-05-22 10:30:00,0.5681875
2014-05-23 10:30:00,0.34226248
2014-05-24 10:30:00,0.5196625
2014-05-25 10:30:00,0.7678374
2014-05-26 10:30:00,0.84675
2014-05-27 10:30:00,0.60236245
2014-05-28 10:30:00,0.36049998
2014-05-29 10:30:00,0.39904997
2014-05-30 10:30:00,0.30581248
2014-05-31 10:30:00,0.38544998
2014-06-01 10:30:00,0.301675
2014-06-02 10:30:00,0.3481125
2014-06-03 10:30:00,0.3976625
2014-06-04 10:30:00,0.44873747
2014-06-05 10:30:00,0.455625
2014-06-06 10:30:00,0.3480875
2014-06-07 10:30:00,0.528
2014-06-08 10:30:00,0.9240125
2014-06-09 10:30:00,0.82834995
2014-06-10 10:30:00,0.76175004
2014-06-11 10:30:00,0.78307503
2014-06-12 10:30:00,0.6636125
2014-06-13 10:30:00,0.48915
2014-06-14 10:30:00,0.4343875
2014-06-15 10:30:00,0.52827495
2014-06-16 10:30:00,0.59325
2014-06-17 10:30:00,0.655225
2014-06-18 10:30:00,0.5490375
2014-06-19 10:30:00,0.65935
2014-06-20 10:30:00,0.5868125
2014-06-21 10:30:00,0.57045
2014-06-22 10:30:00,0.506375
2014-06-23 10:30:00,0.4357125
2014-06-24 10:30:00,0.49851248
2014-06-25 10:30:00,0.64997494
2014-06-26 10:30:00,0.760475
2014-06-27 10:30:00,0.5405375
2014-06-28 10:30:00,0.59555
2014-06-29 10:30:00,0.5593875
2014-06-30 10:30:00,0.50458753
2014-07-01 10:30:00,0.596825
2014-07-02 10:30:00,0.632725
2014-07-03 10:30:00,0.8210875
2014-07-04 10:30:00,0.50275
2014-07-05 10:30:00,0.6815
2014-07-06 10:30:00,0.63656247
2014-07-07 10:30:00,0.7985375
2014-07-08 10:30:00,0.614325
2014-07-09 10:30:00,0.6933
2014-07-10 10:30:00,0.716625
2014-07-11 10:30:00,0.73088753
2014-07-12 10:30:00,0.71115
2014-07-13 10:30:00,0.74051243
2014-07-14 10:30:00,0.577
2014-07-15 10:30:00,0.77106255
2014-07-16 10:30:00,0.8501625
2014-07-17 10:30:00,0.8150875
2014-07-18 10:30:00,0.69464993
2014-07-19 10:30:00,0.72917503
2014-07-20 10:30:00,0.90275
2014-07-21 10:30:00,0.597125
2014-07-22 10:30:00,0.687675
2014-07-23 10:30:00,0.6721875
2014-07-24 10:30:00,0.62845
2014-07-25 10:30:00,0.73275
2014-07-26 10:30:00,0.71739995
2014-07-27 10:30:00,0.67025
2014-07-28 10:30:00,0.7175125
2014-07-29 10:30:00,0.714225
2014-07-30 10:30:00,0.7557875
2014-07-31 10:30:00,0.71848744
2014-08-01 10:30:00,0.5094875
2014-08-02 10:30:00,0.71761245
2014-08-03 10:30:00,0.5262125
2014-08-04 10:30:00,0.622175
2014-08-05 10:30:00,0.77905
2014-08-06 10:30:00,0.71026254
2014-08-07 10:30:00,0.58314997
2014-08-08 10:30:00,0.633775
2014-08-09 10:30:00,0.74294996
2014-08-10 10:30:00,0.7933
2014-08-11 10:30:00,0.8207875
2014-08-12 10:30:00,0.6929875
2014-08-13 10:30:00,0.5733375
2014-08-14 10:30:00,0.76668745
2014-08-15 10:30:00,0.83956254
2014-08-16 10:30:00,0.88833743
2014-08-17 10:30:00,0.80473745
2014-08-18 10:30:00,0.73284996
2014-08-19 10:30:00,0.62021244
2014-08-20 10:30:00,0.8164125
2014-08-21 10:30:00,0.7212
2014-08-22 10:30:00,0.74413747
2014-08-23 10:30:00,0.7370875
2014-08-24 10:30:00,0.8097875
2014-08-25 10:30:00,0.797475
2014-08-26 10:30:00,0.89116246
2014-08-27 10:30:00,0.69112504
2014-08-28 10:30:00,0.7554125
2014-08-29 10:30:00,0.76194996
2014-08-30 10:30:00,0.753275
2014-08-31 10:30:00,0.7214625
2014-09-01 10:30:00,0.7108375
2014-09-02 10:30:00,0.857275
2014-09-03 10:30:00,0.79882497
2014-09-04 10:30:00,0.73019993
2014-09-05 10:30:00,0.6813375
2014-09-06 10:30:00,0.68802494
2014-09-07 10:30:00,0.71771246
2014-09-08 10:30:00,0.61254996
2014-09-09 10:30:00,0.6029125
2014-09-10 10:30:00,0.64927495
2014-09-11 10:30:00,0.6192875
2014-09-12 10:30:00,0.6483125
2014-09-13 10:30:00,0.585175
2014-09-14 10:30:00,0.40635002
2014-09-15 10:30:00,0.457275
2014-09-16 10:30:00,0.59568745
2014-09-17 10:30:00,0.61557496
2014-09-18 10:30:00,0.613725
2014-09-19 10:30:00,0.6388125
2014-09-20 10:30:00,0.6998
2014-09-21 10:30:00,0.61066246
2014-09-22 10:30:00,0.730875
2014-09-23 10:30:00,0.5850875
2014-09-24 10:30:00,0.6021625
2014-09-25 10:30:00,0.515275
2014-09-26 10:30:00,0.8247125
2014-09-27 10:30:00,0.504025
2014-09-28 10:30:00,0.5818125
2014-09-29 10:30:00,0.4556375
2014-09-30 10:30:00,0.41055
2014-10-01 10:30:00,0.483275
2014-10-02 10:30:00,0.52767503
2014-10-03 10:30:00,0.5299
2014-10-04 10:30:00,0.5945625
2014-10-05 10:30:00,0.465
2014-10-06 10:30:00,0.39127502
2014-10-07 10:30:00,0.42218748
2014-10-08 10:30:00,0.71166253
2014-10-09 10:30:00,0.6249125
2014-10-10 10:30:00,0.7197
2014-10-11 10:30:00,0.66232497
2014-10-12 10:30:00,0.37487498
2014-10-13 10:30:00,0.42193747
2014-10-14 10:30:00,0.489925
2014-10-15 10:30:00,0.44134998
2014-10-16 10:30:00,0.268675
2014-10-17 10:30:00,0.45771247
2014-10-18 10:30:00,0.367
2014-10-19 10:30:00,0.203225
2014-10-20 10:30:00,0.231975
2014-10-21 10:30:00,0.30695
2014-10-22 10:30:00,0.33695
2014-10-23 10:30:00,0.4173875
2014-10-24 10:30:00,0.7159625
2014-10-25 10:30:00,0.540675
2014-10-26 10:30:00,0.32802498
2014-10-27 10:30:00,0.356475
2014-10-28 10:30:00,0.3376875
2014-10-29 10:30:00,0.3965875
2014-10-30 10:30:00,0.68285
2014-10-31 10:30:00,0.77755
2014-11-01 10:30:00,0.615025
2014-11-02 10:30:00,0.45401248
2014-11-03 10:30:00,0.53735
2014-11-04 10:30:00,0.60807496
2014-11-05 10:30:00,0.4634375
2014-11-06 10:30:00,0.330575
2014-11-07 10:30:00,0.34757498
2014-11-08 10:30:00,0.45874998
2014-11-09 10:30:00,0.497875
2014-11-10 10:30:00,0.38265
2014-11-11 10:30:00,0.311125
2014-11-12 10:30:00,0.2753
2014-11-13 10:30:00,0.33333752
2014-11-14 10:30:00,0.38077497
2014-11-15 10:30:00,0.49766248
2014-11-16 10:30:00,0.47338748
2014-11-17 10:30:00,0.5226375
2014-11-18 10:30:00,0.41555
2014-11-19 10:30:00,0.5634
2014-11-20 10:30:00,0.737075
2014-11-21 10:30:00,0.43736252
2014-11-22 10:30:00,0.44924998
2014-11-23 10:30:00,0.4911875
2014-11-24 10:30:00,0.46987498
2014-11-25 10:30:00,0.42956248
2014-11-26 10:30:00,0.3170125
2014-11-27 10:30:00,0.3230125
2014-11-28 10:30:00,0.4238625
2014-11-29 10:30:00,0.53213745
2014-11-30 10:30:00,0.5712875
2014-12-01 10:30:00,0.2289625
2014-12-02 10:30:00,0.24893749
2014-12-03 10:30:00,0.39326248
2014-12-04 10:30:00,0.35915
2014-12-05 10:30:00,0.37025002
2014-12-06 10:30:00,0.43458748
2014-12-07 10:30:00,0.48768747
2014-12-08 10:30:00,0.485125
2014-12-09 10:30:00,0.51635003
2014-12-10 10:30:00,0.70147496
2014-12-11 10:30:00,0.5719375
2014-12-12 10:30:00,0.5229375
2014-12-13 10:30:00,0.48002496
2014-12-14 10:30:00,0.617175
2014-12-15 10:30:00,0.6464125
2014-12-16 10:30:00,0.4544125
2014-12-17 10:30:00,0.46920002
2014-12-18 10:30:00,0.64224994
2014-12-19 10:30:00,0.7048375
2014-12-20 10:30:00,0.53005
2014-12-21 10:30:00,0.5814875
2014-12-22 10:30:00,0.6605
2014-12-23 10:30:00,0.6746625
2014-12-24 10:30:00,0.47381246
2014-12-25 10:30:00,0.4000875
2014-12-26 10:30:00,0.6404375
2014-12-27 10:30:00,0.70808744
2014-12-28 10:30:00,0.65545
2014-12-29 10:30:00,0.74043745
2014-12-30 10:30:00,0.58678746
2014-12-31 10:30:00,0.4354
2015-01-01 10:30:00,0.38117498
2015-01-02 10:30:00,0.489575
2015-01-03 10:30:00,0.6753375
2015-01-04 10:30:00,0.6668875
2015-01-05 10:30:00,0.33967498
2015-01-06 10:30:00,0.22612499
2015-01-07 10:30:00,0.3644125
2015-01-08 10:30:00,0.46091247
2015-01-09 10:30:00,0.563275
2015-01-10 10:30:00,0.6639875
2015-01-11 10:30:00,0.51805
2015-01-12 10:30:00,0.6397
2015-01-13 10:30:00,0.670175
2015-01-14 10:30:00,0.67924994
2015-01-15 10:30:00,0.6405
2015-01-16 10:30:00,0.2858125
2015-01-17 10:30:00,0.367375
2015-01-18 10:30:00,0.51224995
2015-01-19 10:30:00,0.5382375
2015-01-20 10:30:00,0.63605
2015-01-21 10:30:00,0.60311246
2015-01-22 10:30:00,0.66859996
2015-01-23 10:30:00,0.69543743
2015-01-24 10:30:00,0.5436875
2015-01-25 10:30:00,0.38103747
2015-01-26 10:30:00,0.29271248
2015-01-27 10:30:00,0.3257125
2015-01-28 10:30:00,0.3822375
2015-01-29 10:30:00,0.325975
2015-01-30 10:30:00,0.34075
2015-01-31 10:30:00,0.4321125
2015-02-01 10:30:00,0.3954375
2015-02-02 10:30:00,0.538325
2015-02-03 10:30:00,0.5521375
2015-02-04 10:30:00,0.46811247
2015-02-05 10:30:00,0.38393748
2015-02-06 10:30:00,0.31202498
2015-02-07 10:30:00,0.227275
2015-02-08 10:30:00,0.24251251
2015-02-09 10:30:00,0.291175
2015-02-10 10:30:00,0.306725
2015-02-11 10:30:00,0.505825
2015-02-12 10:30:00,0.29376248
2015-02-13 10:30:00,0.38047498
2015-02-14 10:30:00,0.524475
2015-02-15 10:30:00,0.480475
2015-02-16 10:30:00,0.4737875
2015-02-17 10:30:00,0.3070375
2015-02-18 10:30:00,0.22854999
2015-02-19 10:30:00,0.3331375
2015-02-20 10:30:00,0.41802496
2015-02-21 10:30:00,0.782725
2015-02-22 10:30:00,0.5013875
2015-02-23 10:30:00,0.30354998
2015-02-24 10:30:00,0.44915
2015-02-25 10:30:00,0.501675
2015-02-26 10:30:00,0.52748746
2015-02-27 10:30:00,0.3872375
2015-02-28 10:30:00,0.68871254
2015-03-01 10:30:00,0.316725
2015-03-02 10:30:00,0.4001625
2015-03-03 10:30:00,0.5790375
2015-03-04 10:30:00,0.43217498
2015-03-05 10:30:00,0.52265
2015-03-06 10:30:00,0.34885
2015-03-07 10:30:00,0.26291248
2015-03-08 10:30:00,0.3220875
2015-03-09 10:30:00,0.2530625
2015-03-10 10:30:00,0.310675
2015-03-11 10:30:00,0.23682499
2015-03-12 10:30:00,0.431675
2015-03-13 10:30:00,0.38608748
2015-03-14 10:30:00,0.455775
2015-03-15 10:30:00,0.35903752
2015-03-16 10:30:00,0.3016625
2015-03-17 10:30:00,0.27805
2015-03-18 10:30:00,0.2619375
2015-03-19 10:30:00,0.23112498
2015-03-20 10:30:00,0.20753749
2015-03-21 10:30:00,0.1380375
2015-03-22 10:30:00,0.14712499
2015-03-23 10:30:00,0.15127501
2015-03-24 10:30:00,0.265725
2015-03-25 10:30:00,0.132325
2015-03-26 10:30:00,0.10784999
2015-03-27 10:30:00,0.3884875
2015-03-28 10:30:00,0.532575
2015-03-29 10:30:00,0.24679999
2015-03-30 10:30:00,0.21450001
2015-03-31 10:30:00,0.1451375
2015-04-01 10:30:00,0.1494375
2015-04-02 10:30:00,0.39787498
2015-04-03 10:30:00,0.32002497
2015-04-04 10:30:00,0.8193125
2015-04-05 10:30:00,0.6139375
2015-04-06 10:30:00,0.37351248
2015-04-07 10:30:00,0.4073375
2015-04-08 10:30:00,0.4789625
2015-04-09 10:30:00,0.2420375
2015-04-10 10:30:00,0.53697497
2015-04-11 10:30:00,0.41625
2015-04-12 10:30:00,0.23415
2015-04-13 10:30:00,0.1831125
2015-04-14 10:30:00,0.3001125
2015-04-15 10:30:00,0.36756247
2015-04-16 10:30:00,0.2858375
2015-04-17 10:30:00,0.1709
2015-04-18 10:30:00,0.200475
2015-04-19 10:30:00,0.2001875
2015-04-20 10:30:00,0.26624998
2015-04-21 10:30:00,0.22031249
2015-04-22 10:30:00,0.168475
2015-04-23 10:30:00,0.2744375
2015-04-24 10:30:00,0.14265
2015-04-25 10:30:00,0.22802499
2015-04-26 10:30:00,0.1903
2015-04-27 10:30:00,0.2626625
2015-04-28 10:30:00,0.2987125
2015-04-29 10:30:00,0.14093749
2015-04-30 10:30:00,0.122587495
2015-05-01 10:30:00,0.4049375
2015-05-02 10:30:00,0.45311248
2015-05-03 10:30:00,0.26215
2015-05-04 10:30:00,0.27345
2015-05-05 10:30:00,0.6089375
2015-05-06 10:30:00,0.5164
2015-05-07 10:30:00,0.761525
2015-05-08 10:30:00,0.6971
2015-05-09 10:30:00,0.3324625
2015-05-10 10:30:00,0.32108748
2015-05-11 10:30:00,0.889925
2015-05-12 10:30:00,0.8165125
2015-05-13 10:30:00,0.663675
2015-05-14 10:30:00,0.3783
2015-05-15 10:30:00,0.407625
2015-05-16 10:30:00,0.51985
2015-05-17 10:30:00,0.5332125
2015-05-18 10:30:00,0.7979625
2015-05-19 10:30:00,0.552175
2015-05-20 10:30:00,0.28524998
2015-05-21 10:30:00,0.2627875
2015-05-22 10:30:00,0.269225
2015-05-23 10:30:00,0.40244997
2015-05-24 10:30:00,0.3453
2015-05-25 10:30:00,0.6618125
2015-05-26 10:30:00,0.5754125
2015-05-27 10:30:00,0.47248748
2015-05-28 10:30:00,0.64706254
2015-05-29 10:30:00,0.42798752
2015-05-30 10:30:00,0.3316375
2015-05-31 10:30:00,0.45482498
2015-06-01 10:30:00,0.404975
2015-06-02 10:30:00,0.4983875
2015-06-03 10:30:00,0.3410875
2015-06-04 10:30:00,0.5519375
2015-06-05 10:30:00,0.83957505
2015-06-06 10:30:00,0.8187
2015-06-07 10:30:00,0.8495625
2015-06-08 10:30:00,0.63974994
2015-06-09 10:30:00,0.58537495
2015-06-10 10:30:00,0.6256125
2015-06-11 10:30:00,0.8833625
2015-06-12 10:30:00,0.82089996
2015-06-13 10:30:00,0.6874375
2015-06-14 10:30:00,0.52217495
2015-06-15 10:30:00,0.392225
2015-06-16 10:30:00,0.6208375
2015-06-17 10:30:00,0.75792503
2015-06-18 10:30:00,0.7880375
2015-06-19 10:30:00,0.57441247
2015-06-20 10:30:00,0.534675
2015-06-21 10:30:00,0.41924998
2015-06-22 10:30:00,0.595575
2015-06-23 10:30:00,0.709425
2015-06-24 10:30:00,0.719
2015-06-25 10:30:00,0.5716625
2015-06-26 10:30:00,0.5772875
2015-06-27 10:30:00,0.58506244
2015-06-28 10:30:00,0.34792498
2015-06-29 10:30:00,0.46726248
2015-06-30 10:30:00,0.4982375
2015-07-01 10:30:00,0.6586
2015-07-02 10:30:00,0.64795
2015-07-03 10:30:00,0.52846247
2015-07-04 10:30:00,0.4909875
2015-07-05 10:30:00,0.45643747
2015-07-06 10:30:00,0.4563
2015-07-07 10:30:00,0.51687497
2015-07-08 10:30:00,0.520275
2015-07-09 10:30:00,0.51818746
2015-07-10 10:30:00,0.5115
2015-07-11 10:30:00,0.716825
2015-07-12 10:30:00,0.60085
2015-07-13 10:30:00,0.5432875
2015-07-14 10:30:00,0.6182875
2015-07-15 10:30:00,0.5892375
2015-07-16 10:30:00,0.542925
2015-07-17 10:30:00,0.60115
2015-07-18 10:30:00,0.583825
2015-07-19 10:30:00,0.59898746
2015-07-20 10:30:00,0.8152625
2015-07-21 10:30:00,0.7930625
2015-07-22 10:30:00,0.8164875
2015-07-23 10:30:00,0.71567494
2015-07-24 10:30:00,0.755
2015-07-25 10:30:00,0.858925
2015-07-26 10:30:00,0.70958745
2015-07-27 10:30:00,0.5258375
2015-07-28 10:30:00,0.6493875
2015-07-29 10:30:00,0.717525
2015-07-30 10:30:00,0.6489375
2015-07-31 10:30:00,0.6518
2015-08-01 10:30:00,0.60666245
2015-08-02 10:30:00,0.7111875
2015-08-03 10:30:00,0.54451245
2015-08-04 10:30:00,0.55553746
2015-08-05 10:30:00,0.70317495
2015-08-06 10:30:00,0.84345
2015-08-07 10:30:00,0.7061
2015-08-08 10:30:00,0.8022625
2015-08-09 10:30:00,0.7844375
2015-08-10 10:30:00,0.73566246
2015-08-11 10:30:00,0.732275
2015-08-12 10:30:00,0.67141247
2015-08-13 10:30:00,0.667825
2015-08-14 10:30:00,0.74137497
2015-08-15 10:30:00,0.8799875
2015-08-16 10:30:00,0.91435
2015-08-17 10:30:00,0.85188746
2015-08-18 10:30:00,0.8108875
2015-08-19 10:30:00,0.73943746
2015-08-20 10:30:00,0.87912494
2015-08-21 10:30:00,0.852875
2015-08-22 10:30:00,0.7903375
2015-08-23 10:30:00,0.84818745
2015-08-24 10:30:00,0.8691625
2015-08-25 10:30:00,0.7812625
2015-08-26 10:30:00,0.7118125
2015-08-27 10:30:00,0.647425
2015-08-28 10:30:00,0.8462
2015-08-29 10:30:00,0.91214997
2015-08-30 10:30:00,0.900875
2015-08-31 10:30:00,0.88269997
2015-09-01 10:30:00,0.77456254
2015-09-02 10:30:00,0.77651244
2015-09-03 10:30:00,0.642375
2015-09-04 10:30:00,0.643625
2015-09-05 10:30:00,0.6408
2015-09-06 10:30:00,0.5516
2015-09-07 10:30:00,0.78964996
2015-09-08 10:30:00,0.85569996
2015-09-09 10:30:00,0.6021125
2015-09-10 10:30:00,0.518
2015-09-11 10:30:00,0.5322
2015-09-12 10:30:00,0.600075
2015-09-13 10:30:00,0.662525
2015-09-14 10:30:00,0.662475
2015-09-15 10:30:00,0.62688744
2015-09-16 10:30:00,0.639525
2015-09-17 10:30:00,0.7648625
2015-09-18 10:30:00,0.82778746
2015-09-19 10:30:00,0.63259995
2015-09-20 10:30:00,0.61885
2015-09-21 10:30:00,0.6051875
2015-09-22 10:30:00,0.902925
2015-09-23 10:30:00,0.7198625
2015-09-24 10:30:00,0.7657875
2015-09-25 10:30:00,0.90146244
2015-09-26 10:30:00,0.7573125
2015-09-27 10:30:00,0.678575
2015-09-28 10:30:00,0.6077375
2015-09-29 10:30:00,0.58998746
2015-09-30 10:30:00,0.6572625
2015-10-01 10:30:00,0.5245
2015-10-02 10:30:00,0.4199375
2015-10-03 10:30:00,0.4337375
2015-10-04 10:30:00,0.40515
2015-10-05 10:30:00,0.61085
2015-10-06 10:30:00,0.6440125
2015-10-07 10:30:00,0.530825
2015-10-08 10:30:00,0.37636247
2015-10-09 10:30:00,0.5464
2015-10-10 10:30:00,0.8674375
2015-10-11 10:30:00,0.5273
2015-10-12 10:30:00,0.52435
2015-10-13 10:30:00,0.51229995
2015-10-14 10:30:00,0.6030625
2015-10-15 10:30:00,0.5218
2015-10-16 10:30:00,0.3471875
2015-10-17 10:30:00,0.24049999
2015-10-18 10:30:00,0.321175
2015-10-19 10:30:00,0.34283748
2015-10-20 10:30:00,0.391325
2015-10-21 10:30:00,0.3803625
2015-10-22 10:30:00,0.39880002
2015-10-23 10:30:00,0.191925
2015-10-24 10:30:00,0.25825
2015-10-25 10:30:00,0.32575
2015-10-26 10:30:00,0.5680625
2015-10-27 10:30:00,0.344075
2015-10-28 10:30:00,0.2975375
2015-10-29 10:30:00,0.33825
2015-10-30 10:30:00,0.32142496
2015-10-31 10:30:00,0.384775
2015-11-01 10:30:00,0.30165
2015-11-02 10:30:00,0.4323375
2015-11-03 10:30:00,0.311925
2015-11-04 10:30:00,0.2622875
2015-11-05 10:30:00,0.23099999
2015-11-06 10:30:00,0.35959998
2015-11-07 10:30:00,0.42158747
2015-11-08 10:30:00,0.3793
2015-11-09 10:30:00,0.565025
2015-11-10 10:30:00,0.5759
2015-11-11 10:30:00,0.6603375
2015-11-12 10:30:00,0.7662375
2015-11-13 10:30:00,0.85457504
2015-11-14 10:30:00,0.7466625
2015-11-15 10:30:00,0.2278375
2015-11-16 10:30:00,0.61622494
2015-11-17 10:30:00,0.551025
2015-11-18 10:30:00,0.556525
2015-11-19 10:30:00,0.6734625
2015-11-20 10:30:00,0.5755375
2015-11-21 10:30:00,0.5464875
2015-11-22 10:30:00,0.517375
2015-11-23 10:30:00,0.48057497
2015-11-24 10:30:00,0.455675
2015-11-25 10:30:00,0.5135125
2015-11-26 10:30:00,0.586375
2015-11-27 10:30:00,0.66865
2015-11-28 10:30:00,0.54952496
2015-11-29 10:30:00,0.6348375
2015-11-30 10:30:00,0.696025
2015-12-01 10:30:00,0.83301246
2015-12-02 10:30:00,0.7791
2015-12-03 10:30:00,0.56593746
2015-12-04 10:30:00,0.43966252
2015-12-05 10:30:00,0.3232125
2015-12-06 10:30:00,0.552575
2015-12-07 10:30:00,0.670175
2015-12-08 10:30:00,0.749675
2015-12-09 10:30:00,0.71169996
2015-12-10 10:30:00,0.64598745
2015-12-11 10:30:00,0.67604995
2015-12-12 10:30:00,0.6374125
2015-12-13 10:30:00,0.67955
2015-12-14 10:30:00,0.8097125
2015-12-15 10:30:00,0.58809996
2015-12-16 10:30:00,0.457
2015-12-17 10:30:00,0.60491246
2015-12-18 10:30:00,0.6303125
2015-12-19 10:30:00,0.7587875
2015-12-20 10:30:00,0.7720375
2015-12-21 10:30:00,0.7697875
2015-12-22 10:30:00,0.78358746
2015-12-23 10:30:00,0.6206375
2015-12-24 10:30:00,0.53695
2015-12-25 10:30:00,0.60849994
2015-12-26 10:30:00,0.36025
2015-12-27 10:30:00,0.3077625
2015-12-28 10:30:00,0.43131247
2015-12-29 10:30:00,0.6629625
2015-12-30 10:30:00,0.67676246
2015-12-31 10:30:00,0.7569625
2016-01-01 10:30:00,0.63897496
2016-01-02 10:30:00,0.611425
2016-01-03 10:30:00,0.48593748
2016-01-04 10:30:00,0.3870125
2016-01-05 10:30:00,0.5338625
2016-01-06 10:30:00,0.409625
2016-01-07 10:30:00,0.43436247
2016-01-08 10:30:00,0.4318875
2016-01-09 10:30:00,0.4004375
2016-01-10 10:30:00,0.33965
2016-01-11 10:30:00,0.358175
2016-01-12 10:30:00,0.4052
2016-01-13 10:30:00,0.459325
2016-01-14 10:30:00,0.5905875
2016-01-15 10:30:00,0.68474996
2016-01-16 10:30:00,0.606075
2016-01-17 10:30:00,0.42595
2016-01-18 10:30:00,0.5415125
2016-01-19 10:30:00,0.4741875
2016-01-20 10:30:00,0.4668875
2016-01-21 10:30:00,0.45929998
2016-01-22 10:30:00,0.41603747
2016-01-23 10:30:00,0.431875
2016-01-24 10:30:00,0.34892502
2016-01-25 10:30:00,0.3399875
2016-01-26 10:30:00,0.33377498
2016-01-27 10:30:00,0.3502
2016-01-28 10:30:00,0.337075
2016-01-29 10:30:00,0.33925
2016-01-30 10:30:00,0.4620375
2016-01-31 10:30:00,0.41037497
2016-02-01 10:30:00,0.3680625
2016-02-02 10:30:00,0.43665
2016-02-03 10:30:00,0.36291248
2016-02-04 10:30:00,0.3520125
2016-02-05 10:30:00,0.41799998
2016-02-06 10:30:00,0.4439125
2016-02-07 10:30:00,0.6607625
2016-02-08 10:30:00,0.6219125
2016-02-09 10:30:00,0.63565
2016-02-10 10:30:00,0.73391247
2016-02-11 10:30:00,0.7629374
2016-02-12 10:30:00,0.4298375
2016-02-13 10:30:00,0.3433375
2016-02-14 10:30:00,0.2803
2016-02-15 10:30:00,0.38355
2016-02-16 10:30:00,0.3364875
2016-02-17 10:30:00,0.53249997
2016-02-18 10:30:00,0.4624375
2016-02-19 10:30:00,0.3135375
2016-02-20 10:30:00,0.43805
2016-02-21 10:30:00,0.3547625
2016-02-22 10:30:00,0.33005
2016-02-23 10:30:00,0.300575
2016-02-24 10:30:00,0.3475
2016-02-25 10:30:00,0.3791375
2016-02-26 10:30:00,0.37066248
2016-02-27 10:30:00,0.32518747
2016-02-28 10:30:00,0.4451625
2016-02-29 10:30:00,0.37355
2016-03-01 10:30:00,0.46095
2016-03-02 10:30:00,0.5899125
2016-03-03 10:30:00,0.584125
2016-03-04 10:30:00,0.69476247
2016-03-05 10:30:00,0.5343625
2016-03-06 10:30:00,0.317725
2016-03-07 10:30:00,0.273325
2016-03-08 10:30:00,0.3125375
2016-03-09 10:30:00,0.29475
2016-03-10 10:30:00,0.3123125
2016-03-11 10:30:00,0.35498747
2016-03-12 10:30:00,0.2654625
2016-03-13 10:30:00,0.2730625
2016-03-14 10:30:00,0.3614875
2016-03-15 10:30:00,0.2895
2016-03-16 10:30:00,0.24817498
2016-03-17 10:30:00,0.5141875
2016-03-18 10:30:00,0.511575
2016-03-19 10:30:00,0.33185
2016-03-20 10:30:00,0.2959875
2016-03-21 10:30:00,0.7601875
2016-03-22 10:30:00,0.29959998
2016-03-23 10:30:00,0.2707125
2016-03-24 10:30:00,0.2670375
2016-03-25 10:30:00,0.201975
2016-03-26 10:30:00,0.22321251
2016-03-27 10:30:00,0.22366248
2016-03-28 10:30:00,0.21922499
2016-03-29 10:30:00,0.4311875
2016-03-30 10:30:00,0.32445
2016-03-31 10:30:00,0.3382125
2016-04-01 10:30:00,0.4005375
2016-04-02 10:30:00,0.24348749
2016-04-03 10:30:00,0.236875
2016-04-04 10:30:00,0.3807875
2016-04-05 10:30:00,0.27917498
2016-04-06 10:30:00,0.23629999
2016-04-07 10:30:00,0.1636375
2016-04-08 10:30:00,0.1925625
2016-04-09 10:30:00,0.2147625
2016-04-10 10:30:00,0.2545625
2016-04-11 10:30:00,0.2787625
2016-04-12 10:30:00,0.33169997
2016-04-13 10:30:00,0.722425
2016-04-14 10:30:00,0.49252498
2016-04-15 10:30:00,0.70985
2016-04-16 10:30:00,0.605475
2016-04-17 10:30:00,0.2870125
2016-04-18 10:30:00,0.3372375
2016-04-19 10:30:00,0.24405
2016-04-20 10:30:00,0.22944999
2016-04-21 10:30:00,0.2437625
2016-04-22 10:30:00,0.4755
2016-04-23 10:30:00,0.3244625
2016-04-24 10:30:00,0.59929997
2016-04-25 10:30:00,0.3513
2016-04-26 10:30:00,0.294125
2016-04-27 10:30:00,0.47112498
2016-04-28 10:30:00,0.252825
2016-04-29 10:30:00,0.36669996
2016-04-30 10:30:00,0.3955875
2016-05-01 10:30:00,0.584925
2016-05-02 10:30:00,0.46776247
2016-05-03 10:30:00,0.25626248
2016-05-04 10:30:00,0.1701
2016-05-05 10:30:00,0.59888744
2016-05-06 10:30:00,0.799025
2016-05-07 10:30:00,0.3520375
2016-05-08 10:30:00,0.38057497
2016-05-09 10:30:00,0.39153752
2016-05-10 10:30:00,0.25665
2016-05-11 10:30:00,0.5675125
2016-05-12 10:30:00,0.5565
2016-05-13 10:30:00,0.25472498
2016-05-14 10:30:00,0.42483747
2016-05-15 10:30:00,0.47001252
2016-05-16 10:30:00,0.4474125
2016-05-17 10:30:00,0.200725
2016-05-18 10:30:00,0.2661125
2016-05-19 10:30:00,0.2668125
2016-05-20 10:30:00,0.28739998
2016-05-21 10:30:00,0.259325
2016-05-22 10:30:00,0.1852625
2016-05-23 10:30:00,0.4419625
2016-05-24 10:30:00,0.8833125
2016-05-25 10:30:00,0.4800125
2016-05-26 10:30:00,0.3477
2016-05-27 10:30:00,0.41002497
2016-05-28 10:30:00,0.3233375
2016-05-29 10:30:00,0.32874998
2016-05-30 10:30:00,0.5117375
2016-05-31 10:30:00,0.4407875
2016-06-01 10:30:00,0.34805
2016-06-02 10:30:00,0.36978748
2016-06-03 10:30:00,0.44146246
2016-06-04 10:30:00,0.4212125
2016-06-05 10:30:00,0.28315
2016-06-06 10:30:00,0.4972875
2016-06-07 10:30:00,0.44842497
2016-06-08 10:30:00,0.3574625
2016-06-09 10:30:00,0.51004994
2016-06-10 10:30:00,0.7718375
2016-06-11 10:30:00,0.6659625
2016-06-12 10:30:00,0.7358999
2016-06-13 10:30:00,0.7036875
2016-06-14 10:30:00,0.60914993
2016-06-15 10:30:00,0.6352125
2016-06-16 10:30:00,0.6487375
2016-06-17 10:30:00,0.8806875
2016-06-18 10:30:00,0.7783125
2016-06-19 10:30:00,0.71037495
2016-06-20 10:30:00,0.63944995
2016-06-21 10:30:00,0.6147125
2016-06-22 10:30:00,0.8432125
2016-06-23 10:30:00,0.64966244
2016-06-24 10:30:00,0.580725
2016-06-25 10:30:00,0.47373748
2016-06-26 10:30:00,0.5034875
2016-06-27 10:30:00,0.6194625
2016-06-28 10:30:00,0.6225375
2016-06-29 10:30:00,0.8325
2016-06-30 10:30:00,0.7163624
2016-07-01 10:30:00,0.573025
2016-07-02 10:30:00,0.5698875
2016-07-03 10:30:00,0.578075
2016-07-04 10:30:00,0.5300125
2016-07-05 10:30:00,0.52292496
2016-07-06 10:30:00,0.4661375
2016-07-07 10:30:00,0.690075
2016-07-08 10:30:00,0.6551375
2016-07-09 10:30:00,0.6863125
2016-07-10 10:30:00,0.59585
2016-07-11 10:30:00,0.653825
2016-07-12 10:30:00,0.71467495
2016-07-13 10:30:00,0.58924997
2016-07-14 10:30:00,0.48099998
2016-07-15 10:30:00,0.50544995
2016-07-16 10:30:00,0.61062497
2016-07-17 10:30:00,0.593725
2016-07-18 10:30:00,0.58963746
2016-07-19 10:30:00,0.609725
2016-07-20 10:30:00,0.6667375
2016-07-21 10:30:00,0.6772
2016-07-22 10:30:00,0.831975
2016-07-23 10:30:00,0.8562375
2016-07-24 10:30:00,0.5969875
2016-07-25 10:30:00,0.6783
2016-07-26 10:30:00,0.6692375
2016-07-27 10:30:00,0.56485
2016-07-28 10:30:00,0.5828875
2016-07-29 10:30:00,0.6017625
2016-07-30 10:30:00,0.6454125
2016-07-31 10:30:00,0.59655
2016-08-01 10:30:00,0.59405
2016-08-02 10:30:00,0.5066625
2016-08-03 10:30:00,0.5392375
2016-08-04 10:30:00,0.6172
2016-08-05 10:30:00,0.69033754
2016-08-06 10:30:00,0.83957493
2016-08-07 10:30:00,0.5252375
2016-08-08 10:30:00,0.4963875
2016-08-09 10:30:00,0.657825
2016-08-10 10:30:00,0.64161247
2016-08-11 10:30:00,0.48139998
2016-08-12 10:30:00,0.36033747
2016-08-13 10:30:00,0.4348125
2016-08-14 10:30:00,0.4843875
2016-08-15 10:30:00,0.56523746
2016-08-16 10:30:00,0.523525
2016-08-17 10:30:00,0.4746875
2016-08-18 10:30:00,0.61595
2016-08-19 10:30:00,0.66473746
2016-08-20 10:30:00,0.63616246
2016-08-21 10:30:00,0.6931375
2016-08-22 10:30:00,0.61995
2016-08-23 10:30:00,0.70956254
2016-08-24 10:30:00,0.49186248
2016-08-25 10:30:00,0.356125
2016-08-26 10:30:00,0.416575
2016-08-27 10:30:00,0.3969375
2016-08-28 10:30:00,0.3986
2016-08-29 10:30:00,0.383875
2016-08-30 10:30:00,0.57651246
2016-08-31 10:30:00,0.9229125
2016-09-01 10:30:00,0.8939375
2016-09-02 10:30:00,0.93434995
2016-09-03 10:30:00,0.88334996
2016-09-04 10:30:00,0.9430124
2016-09-05 10:30:00,0.9029125
2016-09-06 10:30:00,0.83418745
2016-09-07 10:30:00,0.7823625
2016-09-08 10:30:00,0.9358875
2016-09-09 10:30:00,0.8775375
2016-09-10 10:30:00,0.7781125
2016-09-11 10:30:00,0.7612
2016-09-12 10:30:00,0.89919996
2016-09-13 10:30:00,0.85037494
2016-09-14 10:30:00,0.8942375
2016-09-15 10:30:00,0.6921125
2016-09-16 10:30:00,0.74504995
2016-09-17 10:30:00,0.6221
2016-09-18 10:30:00,0.5718125
2016-09-19 10:30:00,0.5477875
2016-09-20 10:30:00,0.5325125
2016-09-21 10:30:00,0.5197
2016-09-22 10:30:00,0.753775
2016-09-23 10:30:00,0.71991247
2016-09-24 10:30:00,0.78945
2016-09-25 10:30:00,0.5866375
2016-09-26 10:30:00,0.69906247
2016-09-27 10:30:00,0.6778
2016-09-28 10:30:00,0.5944125
2016-09-29 10:30:00,0.6404
2016-09-30 10:30:00,0.6273125
2016-10-01 10:30:00,0.464075
2016-10-02 10:30:00,0.63836247
2016-10-03 10:30:00,0.5856625
2016-10-04 10:30:00,0.62483746
2016-10-05 10:30:00,0.54877496
2016-10-06 10:30:00,0.5153375
2016-10-07 10:30:00,0.79794997
2016-10-08 10:30:00,0.55737495
2016-10-09 10:30:00,0.57735
2016-10-10 10:30:00,0.372625
2016-10-11 10:30:00,0.42809996
2016-10-12 10:30:00,0.45994997
2016-10-13 10:30:00,0.48593748
2016-10-14 10:30:00,0.7187625
2016-10-15 10:30:00,0.57495
2016-10-16 10:30:00,0.6437375
2016-10-17 10:30:00,0.4848125
2016-10-18 10:30:00,0.57366246
2016-10-19 10:30:00,0.7743
2016-10-20 10:30:00,0.4961
2016-10-21 10:30:00,0.78671247
2016-10-22 10:30:00,0.5685625
2016-10-23 10:30:00,0.483325
2016-10-24 10:30:00,0.50914997
2016-10-25 10:30:00,0.43089998
2016-10-26 10:30:00,0.42158747
2016-10-27 10:30:00,0.471025
2016-10-28 10:30:00,0.38099998
2016-10-29 10:30:00,0.4016375
2016-10-30 10:30:00,0.37031248
2016-10-31 10:30:00,0.36881247
2016-11-01 10:30:00,0.40735
2016-11-02 10:30:00,0.35318747
2016-11-03 10:30:00,0.47239998
2016-11-04 10:30:00,0.68514997
2016-11-05 10:30:00,0.62773746
2016-11-06 10:30:00,0.690175
2016-11-07 10:30:00,0.7525
2016-11-08 10:30:00,0.5114
2016-11-09 10:30:00,0.62035
2016-11-10 10:30:00,0.817975
2016-11-11 10:30:00,0.59629995
2016-11-12 10:30:00,0.67992496
2016-11-13 10:30:00,0.8110875
2016-11-14 10:30:00,0.5863
2016-11-15 10:30:00,0.5771625
2016-11-16 10:30:00,0.6125875
2016-11-17 10:30:00,0.7799375
2016-11-18 10:30:00,0.5880375
2016-11-19 10:30:00,0.60943747
2016-11-20 10:30:00,0.41465
2016-11-21 10:30:00,0.43876252
2016-11-22 10:30:00,0.45389998
2016-11-23 10:30:00,0.45433748
2016-11-24 10:30:00,0.595825
2016-11-25 10:30:00,0.699875
2016-11-26 10:30:00,0.73856246
2016-11-27 10:30:00,0.6388125
2016-11-28 10:30:00,0.4900125
2016-11-29 10:30:00,0.66842496
2016-11-30 10:30:00,0.60314995
2016-12-01 10:30:00,0.493225
2016-12-02 10:30:00,0.64309996
2016-12-03 10:30:00,0.45233747
2016-12-04 10:30:00,0.37498748
2016-12-05 10:30:00,0.50124997
2016-12-06 10:30:00,0.613525
2016-12-07 10:30:00,0.6881125
2016-12-08 10:30:00,0.735725
2016-12-09 10:30:00,0.59293747
2016-12-10 10:30:00,0.6471375
2016-12-11 10:30:00,0.76246244
2016-12-12 10:30:00,0.6083625
2016-12-13 10:30:00,0.522325
2016-12-14 10:30:00,0.46041247
2016-12-15 10:30:00,0.395225
2016-12-16 10:30:00,0.57691246
2016-12-17 10:30:00,0.62796247
2016-12-18 10:30:00,0.71459997
2016-12-19 10:30:00,0.774625
2016-12-20 10:30:00,0.73378754
2016-12-21 10:30:00,0.653825
2016-12-22 10:30:00,0.501125
2016-12-23 10:30:00,0.5887125
2016-12-24 10:30:00,0.69553745
2016-12-25 10:30:00,0.523475
2016-12-26 10:30:00,0.37849998
2016-12-27 10:30:00,0.5297875
2016-12-28 10:30:00,0.5118875
2016-12-29 10:30:00,0.50799996
2016-12-30 10:30:00,0.5516375
2016-12-31 10:30:00,0.6656625
2017-01-01 10:30:00,0.7059625
2017-01-02 10:30:00,0.6778
2017-01-03 10:30:00,0.6821375
2017-01-04 10:30:00,0.7089375
2017-01-05 10:30:00,0.71648747
2017-01-06 10:30:00,0.6471125
2017-01-07 10:30:00,0.6818875
2017-01-08 10:30:00,0.48845
2017-01-09 10:30:00,0.346225
2017-01-10 10:30:00,0.38486248
2017-01-11 10:30:00,0.42241248
2017-01-12 10:30:00,0.41645
2017-01-13 10:30:00,0.5061125
2017-01-14 10:30:00,0.4398125
2017-01-15 10:30:00,0.495625
2017-01-16 10:30:00,0.6060375
2017-01-17 10:30:00,0.70902497
2017-01-18 10:30:00,0.616
2017-01-19 10:30:00,0.5697375
2017-01-20 10:30:00,0.6115125
2017-01-21 10:30:00,0.74242496
2017-01-22 10:30:00,0.4681375
2017-01-23 10:30:00,0.4125625
2017-01-24 10:30:00,0.4855125
2017-01-25 10:30:00,0.5578625
2017-01-26 10:30:00,0.4573625
2017-01-27 10:30:00,0.3988875
2017-01-28 10:30:00,0.53951246
2017-01-29 10:30:00,0.42158747
2017-01-30 10:30:00,0.37855
2017-01-31 10:30:00,0.36255
2017-02-01 10:30:00,0.308725
2017-02-02 10:30:00,0.454025
2017-02-03 10:30:00,0.5903125
2017-02-04 10:30:00,0.5851125
2017-02-05 10:30:00,0.47361252
2017-02-06 10:30:00,0.3540375
2017-02-07 10:30:00,0.45555
2017-02-08 10:30:00,0.44799998
2017-02-09 10:30:00,0.49076247
2017-02-10 10:30:00,0.41978747
2017-02-11 10:30:00,0.3661125
2017-02-12 10:30:00,0.5551
2017-02-13 10:30:00,0.4139625
2017-02-14 10:30:00,0.5203
2017-02-15 10:30:00,0.65445
2017-02-16 10:30:00,0.3407875
2017-02-17 10:30:00,0.2294875
2017-02-18 10:30:00,0.33435002
2017-02-19 10:30:00,0.68151253
2017-02-20 10:30:00,0.38779998
2017-02-21 10:30:00,0.6228
2017-02-22 10:30:00,0.4110625
2017-02-23 10:30:00,0.33647498
2017-02-24 10:30:00,0.42104998
2017-02-25 10:30:00,0.3773875
2017-02-26 10:30:00,0.5068
2017-02-27 10:30:00,0.39694998
2017-02-28 10:30:00,0.302275
2017-03-01 10:30:00,0.293275
2017-03-02 10:30:00,0.46310002
2017-03-03 10:30:00,0.4736375
2017-03-04 10:30:00,0.3144
2017-03-05 10:30:00,0.33650002
2017-03-06 10:30:00,0.3926125
2017-03-07 10:30:00,0.31879997
2017-03-08 10:30:00,0.3003125
2017-03-09 10:30:00,0.299675
2017-03-10 10:30:00,0.3398125
2017-03-11 10:30:00,0.4124
2017-03-12 10:30:00,0.295975
2017-03-13 10:30:00,0.2861375
2017-03-14 10:30:00,0.325475
2017-03-15 10:30:00,0.27685
2017-03-16 10:30:00,0.40315002
2017-03-17 10:30:00,0.42389998
2017-03-18 10:30:00,0.22153749
2017-03-19 10:30:00,0.2329875
2017-03-20 10:30:00,0.3471125
2017-03-21 10:30:00,0.30229998
2017-03-22 10:30:00,0.307725
2017-03-23 10:30:00,0.3202875
2017-03-24 10:30:00,0.29015
2017-03-25 10:30:00,0.3263
2017-03-26 10:30:00,0.46961248
2017-03-27 10:30:00,0.3703375
2017-03-28 10:30:00,0.36429998
2017-03-29 10:30:00,0.74635
2017-03-30 10:30:00,0.3344875
2017-03-31 10:30:00,0.28667498
2017-04-01 10:30:00,0.2336375
2017-04-02 10:30:00,0.23626249
2017-04-03 10:30:00,0.17171249
2017-04-04 10:30:00,0.221375
2017-04-05 10:30:00,0.4210625
2017-04-06 10:30:00,0.3504375
2017-04-07 10:30:00,0.49579996
2017-04-08 10:30:00,0.21655001
2017-04-09 10:30:00,0.19348748
2017-04-10 10:30:00,0.169525
2017-04-11 10:30:00,0.16687499
2017-04-12 10:30:00,0.13546251
2017-04-13 10:30:00,0.18945
2017-04-14 10:30:00,0.1676
2017-04-15 10:30:00,0.1107375
2017-04-16 10:30:00,0.2470875
2017-04-17 10:30:00,0.7239375
2017-04-18 10:30:00,0.61672497
2017-04-19 10:30:00,0.41537496
2017-04-20 10:30:00,0.39919996
2017-04-21 10:30:00,0.263975
2017-04-22 10:30:00,0.2442625
2017-04-23 10:30:00,0.32583752
2017-04-24 10:30:00,0.4635875
2017-04-25 10:30:00,0.6482875
2017-04-26 10:30:00,0.345475
2017-04-27 10:30:00,0.24697499
2017-04-28 10:30:00,0.205775
2017-04-29 10:30:00,0.2108125
2017-04-30 10:30:00,0.26358747
2017-05-01 10:30:00,0.16865
2017-05-02 10:30:00,0.16817501
2017-05-03 10:30:00,0.33455002
2017-05-04 10:30:00,0.2870875
2017-05-05 10:30:00,0.5518
2017-05-06 10:30:00,0.37958747
2017-05-07 10:30:00,0.3834625
2017-05-08 10:30:00,0.2827625
2017-05-09 10:30:00,0.20456249
2017-05-10 10:30:00,0.50892496
2017-05-11 10:30:00,0.333875
2017-05-12 10:30:00,0.3295375
2017-05-13 10:30:00,0.5351375
2017-05-14 10:30:00,0.41515
2017-05-15 10:30:00,0.2985875
2017-05-16 10:30:00,0.38685
2017-05-17 10:30:00,0.3180125
2017-05-18 10:30:00,0.16645
2017-05-19 10:30:00,0.18055
2017-05-20 10:30:00,0.3692375
2017-05-21 10:30:00,0.34385
2017-05-22 10:30:00,0.358625
2017-05-23 10:30:00,0.3608125
2017-05-24 10:30:00,0.289725
2017-05-25 10:30:00,0.23585
2017-05-26 10:30:00,0.3051875
2017-05-27 10:30:00,0.279925
2017-05-28 10:30:00,0.1812875
2017-05-29 10:30:00,0.257075
2017-05-30 10:30:00,0.20543748
2017-05-31 10:30:00,0.41732502
2017-06-01 10:30:00,0.4804875
2017-06-02 10:30:00,0.5125875
2017-06-03 10:30:00,0.49206248
2017-06-04 10:30:00,0.4661
2017-06-05 10:30:00,0.2684625
2017-06-06 10:30:00,0.59463745
2017-06-07 10:30:00,0.432975
2017-06-08 10:30:00,0.5827375
2017-06-09 10:30:00,0.3508375
2017-06-10 10:30:00,0.45205
2017-06-11 10:30:00,0.49986252
2017-06-12 10:30:00,0.4176625
2017-06-13 10:30:00,0.2431375
2017-06-14 10:30:00,0.35165
2017-06-15 10:30:00,0.4646875
2017-06-16 10:30:00,0.687
2017-06-17 10:30:00,0.707775
2017-06-18 10:30:00,0.8039
2017-06-19 10:30:00,0.6825625
2017-06-20 10:30:00,0.7641125
2017-06-21 10:30:00,0.6802375
2017-06-22 10:30:00,0.41858748
2017-06-23 10:30:00,0.3366375
2017-06-24 10:30:00,0.4456625
2017-06-25 10:30:00,0.55615
2017-06-26 10:30:00,0.4400375
2017-06-27 10:30:00,0.48478752
2017-06-28 10:30:00,0.4648625
2017-06-29 10:30:00,0.6802625
2017-06-30 10:30:00,0.7606875
2017-07-01 10:30:00,0.611725
2017-07-02 10:30:00,0.6309125
2017-07-03 10:30:00,0.5593625
2017-07-04 10:30:00,0.45713747
2017-07-05 10:30:00,0.4754
2017-07-06 10:30:00,0.548025
2017-07-07 10:30:00,0.667425
2017-07-08 10:30:00,0.836225
2017-07-09 10:30:00,0.7272
2017-07-10 10:30:00,0.71068746
2017-07-11 10:30:00,0.4749125
2017-07-12 10:30:00,0.3476125
2017-07-13 10:30:00,0.34667498
2017-07-14 10:30:00,0.36419997
2017-07-15 10:30:00,0.43766248
2017-07-16 10:30:00,0.519175
2017-07-17 10:30:00,0.66018754
2017-07-18 10:30:00,0.45424998
2017-07-19 10:30:00,0.437775
2017-07-20 10:30:00,0.63269997
2017-07-21 10:30:00,0.483825
2017-07-22 10:30:00,0.3536875
2017-07-23 10:30:00,0.5871125
2017-07-24 10:30:00,0.42142498
2017-07-25 10:30:00,0.43217498
2017-07-26 10:30:00,0.8829
2017-07-27 10:30:00,0.8022875
2017-07-28 10:30:00,0.65377504
2017-07-29 10:30:00,0.7715375
2017-07-30 10:30:00,0.7412124
2017-07-31 10:30:00,0.71975
2017-08-01 10:30:00,0.8676625
2017-08-02 10:30:00,0.8677375
2017-08-03 10:30:00,0.89731246
2017-08-04 10:30:00,0.8111875
2017-08-05 10:30:00,0.8148875
2017-08-06 10:30:00,0.80175
2017-08-07 10:30:00,0.8495749
2017-08-08 10:30:00,0.7732125
2017-08-09 10:30:00,0.7729375
2017-08-10 10:30:00,0.9097625
2017-08-11 10:30:00,0.88576245
2017-08-12 10:30:00,0.8686
2017-08-13 10:30:00,0.8605874
2017-08-14 10:30:00,0.8805125
2017-08-15 10:30:00,0.8464125
2017-08-16 10:30:00,0.83294994
2017-08-17 10:30:00,0.8278125
2017-08-18 10:30:00,0.79235
2017-08-19 10:30:00,0.7692125
2017-08-20 10:30:00,0.800725
2017-08-21 10:30:00,0.6924125
2017-08-22 10:30:00,0.549625
2017-08-23 10:30:00,0.6938
2017-08-24 10:30:00,0.48483747
2017-08-25 10:30:00,0.5960125
2017-08-26 10:30:00,0.6055875
2017-08-27 10:30:00,0.5936125
2017-08-28 10:30:00,0.39073747
2017-08-29 10:30:00,0.41795
2017-08-30 10:30:00,0.55455
2017-08-31 10:30:00,0.62057495
2017-09-01 10:30:00,0.71068746
2017-09-02 10:30:00,0.66964996
2017-09-03 10:30:00,0.8317125
2017-09-04 10:30:00,0.89317495
2017-09-05 10:30:00,0.7704125
2017-09-06 10:30:00,0.5179
2017-09-07 10:30:00,0.6107625
2017-09-08 10:30:00,0.611725
2017-09-09 10:30:00,0.624975
2017-09-10 10:30:00,0.789275
2017-09-11 10:30:00,0.5141125
2017-09-12 10:30:00,0.67683744
2017-09-13 10:30:00,0.67201245
2017-09-14 10:30:00,0.71987504
2017-09-15 10:30:00,0.87948745
2017-09-16 10:30:00,0.89044994
2017-09-17 10:30:00,0.8012874
2017-09-18 10:30:00,0.7810125
2017-09-19 10:30:00,0.7368
2017-09-20 10:30:00,0.7418
2017-09-21 10:30:00,0.734475
2017-09-22 10:30:00,0.5880875
2017-09-23 10:30:00,0.55031246
2017-09-24 10:30:00,0.50645
2017-09-25 10:30:00,0.498325
2017-09-26 10:30:00,0.3781
2017-09-27 10:30:00,0.30735
2017-09-28 10:30:00,0.341975
2017-09-29 10:30:00,0.3229875
2017-09-30 10:30:00,0.32252502
2017-10-01 10:30:00,0.35788748
2017-10-02 10:30:00,0.3159875
2017-10-03 10:30:00,0.3646125
2017-10-04 10:30:00,0.3157375
2017-10-05 10:30:00,0.454175
2017-10-06 10:30:00,0.62452495
2017-10-07 10:30:00,0.637825
2017-10-08 10:30:00,0.9305625
2017-10-09 10:30:00,0.67521244
2017-10-10 10:30:00,0.57264996
2017-10-11 10:30:00,0.6397
2017-10-12 10:30:00,0.49522498
2017-10-13 10:30:00,0.50245
2017-10-14 10:30:00,0.4490375
2017-10-15 10:30:00,0.55873746
2017-10-16 10:30:00,0.32798752
2017-10-17 10:30:00,0.3637125
2017-10-18 10:30:00,0.39546248
2017-10-19 10:30:00,0.46783748
2017-10-20 10:30:00,0.601475
2017-10-21 10:30:00,0.357175
2017-10-22 10:30:00,0.411375
2017-10-23 10:30:00,0.38728747
2017-10-24 10:30:00,0.338825
2017-10-25 10:30:00,0.3471
2017-10-26 10:30:00,0.4902875
2017-10-27 10:30:00,0.78323746
2017-10-28 10:30:00,0.3061625
2017-10-29 10:30:00,0.31039998
2017-10-30 10:30:00,0.41158748
2017-10-31 10:30:00,0.26358747
2017-11-01 10:30:00,0.35985
2017-11-02 10:30:00,0.4355625
2017-11-03 10:30:00,0.33114997
2017-11-04 10:30:00,0.42388752
2017-11-05 10:30:00,0.40009996
2017-11-06 10:30:00,0.4984375
2017-11-07 10:30:00,0.73762494
2017-11-08 10:30:00,0.7410375
2017-11-09 10:30:00,0.87027496
2017-11-10 10:30:00,0.5642625
2017-11-11 10:30:00,0.5503875
2017-11-12 10:30:00,0.74843746
2017-11-13 10:30:00,0.48025
2017-11-14 10:30:00,0.4336875
2017-11-15 10:30:00,0.39454997
2017-11-16 10:30:00,0.5251125
2017-11-17 10:30:00,0.395325
2017-11-18 10:30:00,0.4019625
2017-11-19 10:30:00,0.4451625
2017-11-20 10:30:00,0.47707498
2017-11-21 10:30:00,0.582375
2017-11-22 10:30:00,0.37671247
2017-11-23 10:30:00,0.43535
2017-11-24 10:30:00,0.475525
2017-11-25 10:30:00,0.546425
2017-11-26 10:30:00,0.37985
2017-11-27 10:30:00,0.3802375
2017-11-28 10:30:00,0.2753
2017-11-29 10:30:00,0.27605
2017-11-30 10:30:00,0.42544997
2017-12-01 10:30:00,0.513675
2017-12-02 10:30:00,0.7509
2017-12-03 10:30:00,0.5557875
2017-12-04 10:30:00,0.4361875
2017-12-05 10:30:00,0.5573
2017-12-06 10:30:00,0.64885
2017-12-07 10:30:00,0.53021246
2017-12-08 10:30:00,0.687975
2017-12-09 10:30:00,0.7417
2017-12-10 10:30:00,0.535075
2017-12-11 10:30:00,0.41224998
2017-12-12 10:30:00,0.358225
2017-12-13 10:30:00,0.45255
2017-12-14 10:30:00,0.494025
2017-12-15 10:30:00,0.4601625
2017-12-16 10:30:00,0.4223625
2017-12-17 10:30:00,0.56439996
2017-12-18 10:30:00,0.39044997
2017-12-19 10:30:00,0.4403125
2017-12-20 10:30:00,0.584525
2017-12-21 10:30:00,0.59498745
2017-12-22 10:30:00,0.5563625
2017-12-23 10:30:00,0.539675
2017-12-24 10:30:00,0.5358625
2017-12-25 10:30:00,0.5623625
2017-12-26 10:30:00,0.30842498
2017-12-27 10:30:00,0.384725
2017-12-28 10:30:00,0.4471625
2017-12-29 10:30:00,0.44365
2017-12-30 10:30:00,0.6562375
2017-12-31 10:30:00,0.6761875
2018-01-01 10:30:00,0.56093746
2018-01-02 10:30:00,0.44125
2018-01-03 10:30:00,0.43899998
2018-01-04 10:30:00,0.4152625
2018-01-05 10:30:00,0.4619375
2018-01-06 10:30:00,0.4459875
2018-01-07 10:30:00,0.4229375
2018-01-08 10:30:00,0.61101246
2018-01-09 10:30:00,0.66012496
2018-01-10 10:30:00,0.457375
2018-01-11 10:30:00,0.44489998
2018-01-12 10:30:00,0.66268754
2018-01-13 10:30:00,0.6857125
2018-01-14 10:30:00,0.6616375
2018-01-15 10:30:00,0.6334375
2018-01-16 10:30:00,0.79588753
2018-01-17 10:30:00,0.53534997
2018-01-18 10:30:00,0.5740875
2018-01-19 10:30:00,0.3713375
2018-01-20 10:30:00,0.332675
2018-01-21 10:30:00,0.37204996
2018-01-22 10:30:00,0.32415
2018-01-23 10:30:00,0.3190625
2018-01-24 10:30:00,0.39083752
2018-01-25 10:30:00,0.36506248
2018-01-26 10:30:00,0.369425
2018-01-27 10:30:00,0.3192125
2018-01-28 10:30:00,0.377825
2018-01-29 10:30:00,0.422575
2018-01-30 10:30:00,0.41572496
2018-01-31 10:30:00,0.4407875
2018-02-01 10:30:00,0.51906246
2018-02-02 10:30:00,0.58437496
2018-02-03 10:30:00,0.49587497
2018-02-04 10:30:00,0.5033625
2018-02-05 10:30:00,0.41805
2018-02-06 10:30:00,0.542775
2018-02-07 10:30:00,0.4738
2018-02-08 10:30:00,0.47722498
2018-02-09 10:30:00,0.39943752
2018-02-10 10:30:00,0.3115875
2018-02-11 10:30:00,0.366375
2018-02-12 10:30:00,0.335125
2018-02-13 10:30:00,0.31875
2018-02-14 10:30:00,0.32845
2018-02-15 10:30:00,0.411775
2018-02-16 10:30:00,0.3380625
2018-02-17 10:30:00,0.2870625
2018-02-18 10:30:00,0.32688752
2018-02-19 10:30:00,0.35169998
2018-02-20 10:30:00,0.33990002
2018-02-21 10:30:00,0.41712502
2018-02-22 10:30:00,0.4557875
2018-02-23 10:30:00,0.33741248
2018-02-24 10:30:00,0.28309998
2018-02-25 10:30:00,0.62127495
2018-02-26 10:30:00,0.52327496
2018-02-27 10:30:00,0.37912497
2018-02-28 10:30:00,0.7582125
2018-03-01 10:30:00,0.4042875
2018-03-02 10:30:00,0.5211375
2018-03-03 10:30:00,0.72769994
2018-03-04 10:30:00,0.35105
2018-03-05 10:30:00,0.27102497
2018-03-06 10:30:00,0.3759375
2018-03-07 10:30:00,0.42809996
2018-03-08 10:30:00,0.40452498
2018-03-09 10:30:00,0.7235375
2018-03-10 10:30:00,0.699925
2018-03-11 10:30:00,0.63616246
2018-03-12 10:30:00,0.6415
2018-03-13 10:30:00,0.81495
2018-03-14 10:30:00,0.74643743
2018-03-15 10:30:00,0.32314998
2018-03-16 10:30:00,0.3806
2018-03-17 10:30:00,0.35362497
2018-03-18 10:30:00,0.307625
2018-03-19 10:30:00,0.2827125
2018-03-20 10:30:00,0.344575
2018-03-21 10:30:00,0.419925
2018-03-22 10:30:00,0.268475
2018-03-23 10:30:00,0.2764375
2018-03-24 10:30:00,0.3628875
2018-03-25 10:30:00,0.37278748
2018-03-26 10:30:00,0.27217498
2018-03-27 10:30:00,0.30025
2018-03-28 10:30:00,0.31832498
2018-03-29 10:30:00,0.22899999
2018-03-30 10:30:00,0.240175
2018-03-31 10:30:00,0.57752496
2018-04-01 10:30:00,0.32343748
2018-04-02 10:30:00,0.18928748
2018-04-03 10:30:00,0.1474625
2018-04-04 10:30:00,0.15525
2018-04-05 10:30:00,0.2442125
2018-04-06 10:30:00,0.12691249
2018-04-07 10:30:00,0.121975
2018-04-08 10:30:00,0.248825
2018-04-09 10:30:00,0.20593749
2018-04-10 10:30:00,0.70683753
2018-04-11 10:30:00,0.2986375
2018-04-12 10:30:00,0.415675
2018-04-13 10:30:00,0.7701875
2018-04-14 10:30:00,0.69467497
2018-04-15 10:30:00,0.4076625
2018-04-16 10:30:00,0.37855
2018-04-17 10:30:00,0.33811247
2018-04-18 10:30:00,0.33310002
2018-04-19 10:30:00,0.2905
2018-04-20 10:30:00,0.68613744
2018-04-21 10:30:00,0.46276248
2018-04-22 10:30:00,0.45653751
2018-04-23 10:30:00,0.35327497
2018-04-24 10:30:00,0.280525
2018-04-25 10:30:00,0.2737625
2018-04-26 10:30:00,0.24084999
2018-04-27 10:30:00,0.20816249
2018-04-28 10:30:00,0.2999625
2018-04-29 10:30:00,0.41705
2018-04-30 10:30:00,0.29143748
2018-05-01 10:30:00,0.41163749
2018-05-02 10:30:00,0.29111248
2018-05-03 10:30:00,0.2034
2018-05-04 10:30:00,0.186275
2018-05-05 10:30:00,0.14271249
2018-05-06 10:30:00,0.3104125
2018-05-07 10:30:00,0.39424998
2018-05-08 10:30:00,0.38197497
2018-05-09 10:30:00,0.23942499
2018-05-10 10:30:00,0.2524875
2018-05-11 10:30:00,0.3338875
2018-05-12 10:30:00,0.442275
2018-05-13 10:30:00,0.555475
2018-05-14 10:30:00,0.250325
2018-05-15 10:30:00,0.5897125
2018-05-16 10:30:00,0.566875
2018-05-17 10:30:00,0.421175
2018-05-18 10:30:00,0.35642502
2018-05-19 10:30:00,0.2462875
2018-05-20 10:30:00,0.392375
2018-05-21 10:30:00,0.386475
2018-05-22 10:30:00,0.79851246
2018-05-23 10:30:00,0.487375
2018-05-24 10:30:00,0.552575
2018-05-25 10:30:00,0.44099998
2018-05-26 10:30:00,0.53302497
2018-05-27 10:30:00,0.917675
2018-05-28 10:30:00,0.70317495
2018-05-29 10:30:00,0.8119875
2018-05-30 10:30:00,0.46752498
2018-05-31 10:30:00,0.46521246
2018-06-01 10:30:00,0.20655
2018-06-02 10:30:00,0.250675
2018-06-03 10:30:00,0.2843
2018-06-04 10:30:00,0.5390375
2018-06-05 10:30:00,0.5749375
2018-06-06 10:30:00,0.639425
2018-06-07 10:30:00,0.5328625
2018-06-08 10:30:00,0.5598625
2018-06-09 10:30:00,0.7214625
2018-06-10 10:30:00,0.74387497
2018-06-11 10:30:00,0.78591245
2018-06-12 10:30:00,0.8099625
2018-06-13 10:30:00,0.70765
2018-06-14 10:30:00,0.763725
2018-06-15 10:30:00,0.77692497
2018-06-16 10:30:00,0.61812496
2018-06-17 10:30:00,0.5549
2018-06-18 10:30:00,0.83355004
2018-06-19 10:30:00,0.62761253
2018-06-20 10:30:00,0.702425
2018-06-21 10:30:00,0.56825
2018-06-22 10:30:00,0.611175
2018-06-23 10:30:00,0.59494996
2018-06-24 10:30:00,0.6774
2018-06-25 10:30:00,0.90718746
2018-06-26 10:30:00,0.9502125
2018-06-27 10:30:00,0.812675
2018-06-28 10:30:00,0.67882496
2018-06-29 10:30:00,0.662175
2018-06-30 10:30:00,0.7059125
2018-07-01 10:30:00,0.686025
2018-07-02 10:30:00,0.674875
2018-07-03 10:30:00,0.68974996
2018-07-04 10:30:00,0.91035
2018-07-05 10:30:00,0.904425
2018-07-06 10:30:00,0.8149875
2018-07-07 10:30:00,0.93315
2018-07-08 10:30:00,0.884775
2018-07-09 10:30:00,0.76525
2018-07-10 10:30:00,0.82734996
2018-07-11 10:30:00,0.8627875
2018-07-12 10:30:00,0.7258625
2018-07-13 10:30:00,0.56576246
2018-07-14 10:30:00,0.6206625
2018-07-15 10:30:00,0.65747494
2018-07-16 10:30:00,0.9540125
2018-07-17 10:30:00,0.8839125
2018-07-18 10:30:00,0.9131625
2018-07-19 10:30:00,0.87871253
2018-07-20 10:30:00,0.9295375
2018-07-21 10:30:00,0.96951246
2018-07-22 10:30:00,0.72179997
2018-07-23 10:30:00,0.7313375
2018-07-24 10:30:00,0.9613125
2018-07-25 10:30:00,0.8656875
2018-07-26 10:30:00,0.7562125
2018-07-27 10:30:00,0.7678375
2018-07-28 10:30:00,0.8061625
2018-07-29 10:30:00,0.8240875
2018-07-30 10:30:00,0.84669995
2018-07-31 10:30:00,0.5487875
2018-08-01 10:30:00,0.72411245
2018-08-02 10:30:00,0.7504125
2018-08-03 10:30:00,0.8615124
2018-08-04 10:30:00,0.869875
2018-08-05 10:30:00,0.7760375
2018-08-06 10:30:00,0.82146245
2018-08-07 10:30:00,0.80913746
2018-08-08 10:30:00,0.802275
2018-08-09 10:30:00,0.67412496
2018-08-10 10:30:00,0.7026
2018-08-11 10:30:00,0.8603875
2018-08-12 10:30:00,0.81192493
2018-08-13 10:30:00,0.9191625
2018-08-14 10:30:00,0.8655625
2018-08-15 10:30:00,0.82528746
2018-08-16 10:30:00,0.72238743
2018-08-17 10:30:00,0.83339995
2018-08-18 10:30:00,0.6373125
2018-08-19 10:30:00,0.65121245
2018-08-20 10:30:00,0.7464375
2018-08-21 10:30:00,0.73149997
2018-08-22 10:30:00,0.68200004
2018-08-23 10:30:00,0.703
2018-08-24 10:30:00,0.7578875
2018-08-25 10:30:00,0.9451249
2018-08-26 10:30:00,0.83701247
2018-08-27 10:30:00,0.7543125
2018-08-28 10:30:00,0.88958746
2018-08-29 10:30:00,0.86285
2018-08-30 10:30:00,0.839825
2018-08-31 10:30:00,0.7014875
2018-09-01 10:30:00,0.7290999
2018-09-02 10:30:00,0.9609
2018-09-03 10:30:00,0.9173625
2018-09-04 10:30:00,0.7675875
2018-09-05 10:30:00,0.68536246
2018-09-06 10:30:00,0.562625
2018-09-07 10:30:00,0.559725
2018-09-08 10:30:00,0.5824625
2018-09-09 10:30:00,0.6228125
2018-09-10 10:30:00,0.73875
2018-09-11 10:30:00,0.706625
2018-09-12 10:30:00,0.60351247
2018-09-13 10:30:00,0.5423125
2018-09-14 10:30:00,0.5655125
2018-09-15 10:30:00,0.43851247
2018-09-16 10:30:00,0.47872502
2018-09-17 10:30:00,0.57584995
2018-09-18 10:30:00,0.594025
2018-09-19 10:30:00,0.6079375
2018-09-20 10:30:00,0.6462125
2018-09-21 10:30:00,0.55088747
2018-09-22 10:30:00,0.80061245
2018-09-23 10:30:00,0.78528744
2018-09-24 10:30:00,0.60415
2018-09-25 10:30:00,0.58147496
2018-09-26 10:30:00,0.602
2018-09-27 10:30:00,0.548875
2018-09-28 10:30:00,0.831
2018-09-29 10:30:00,0.91749996
2018-09-30 10:30:00,0.669075
2018-10-01 10:30:00,0.513575
2018-10-02 10:30:00,0.5764125
2018-10-03 10:30:00,0.5821625
2018-10-04 10:30:00,0.578425
2018-10-05 10:30:00,0.4443875
2018-10-06 10:30:00,0.387775
2018-10-07 10:30:00,0.61263746
2018-10-08 10:30:00,0.49349996
2018-10-09 10:30:00,0.4826
2018-10-10 10:30:00,0.531425
2018-10-11 10:30:00,0.5364625
2018-10-12 10:30:00,0.4203625
2018-10-13 10:30:00,0.31986248
2018-10-14 10:30:00,0.3960375
2018-10-15 10:30:00,0.3698375
2018-10-16 10:30:00,0.4295875
2018-10-17 10:30:00,0.370375
2018-10-18 10:30:00,0.38163748
2018-10-19 10:30:00,0.422425
2018-10-20 10:30:00,0.34745
2018-10-21 10:30:00,0.397075
2018-10-22 10:30:00,0.4877
2018-10-23 10:30:00,0.5630125
2018-10-24 10:30:00,0.456525
2018-10-25 10:30:00,0.691575
2018-10-26 10:30:00,0.775525
2018-10-27 10:30:00,0.3707
2018-10-28 10:30:00,0.525
2018-10-29 10:30:00,0.6460375
2018-10-30 10:30:00,0.4288875
2018-10-31 10:30:00,0.389
2018-11-01 10:30:00,0.427125
2018-11-02 10:30:00,0.3148875
2018-11-03 10:30:00,0.31555
2018-11-04 10:30:00,0.44259998
2018-11-05 10:30:00,0.4475625
2018-11-06 10:30:00,0.38117498
2018-11-07 10:30:00,0.4704375
2018-11-08 10:30:00,0.5828125
2018-11-09 10:30:00,0.532175
2018-11-10 10:30:00,0.52451247
2018-11-11 10:30:00,0.57084996
2018-11-12 10:30:00,0.530275
2018-11-13 10:30:00,0.6118
2018-11-14 10:30:00,0.6052125
2018-11-15 10:30:00,0.34057498
2018-11-16 10:30:00,0.4084875
2018-11-17 10:30:00,0.528825
2018-11-18 10:30:00,0.42419997
2018-11-19 10:30:00,0.41654998
2018-11-20 10:30:00,0.39941248
2018-11-21 10:30:00,0.33865002
2018-11-22 10:30:00,0.3568
2018-11-23 10:30:00,0.44948748
2018-11-24 10:30:00,0.46144998
2018-11-25 10:30:00,0.37585
2018-11-26 10:30:00,0.2436875
2018-11-27 10:30:00,0.2776875
2018-11-28 10:30:00,0.31994998
2018-11-29 10:30:00,0.36374998
2018-11-30 10:30:00,0.37515
2018-12-01 10:30:00,0.3458625
2018-12-02 10:30:00,0.3186625
2018-12-03 10:30:00,0.280125
2018-12-04 10:30:00,0.32146248
2018-12-05 10:30:00,0.3273625
2018-12-06 10:30:00,0.3035875
2018-12-07 10:30:00,0.3044875
2018-12-08 10:30:00,0.35826248
2018-12-09 10:30:00,0.44026247
2018-12-10 10:30:00,0.47472498
2018-12-11 10:30:00,0.5274625
2018-12-12 10:30:00,0.68426245
2018-12-13 10:30:00,0.59302497
2018-12-14 10:30:00,0.6304375
2018-12-15 10:30:00,0.503925
2018-12-16 10:30:00,0.5471375
2018-12-17 10:30:00,0.40765
2018-12-18 10:30:00,0.52046245
2018-12-19 10:30:00,0.535925
2018-12-20 10:30:00,0.61592495
2018-12-21 10:30:00,0.70489997
2018-12-22 10:30:00,0.29521248
2018-12-23 10:30:00,0.26285
2018-12-24 10:30:00,0.3604
2018-12-25 10:30:00,0.25053748
2018-12-26 10:30:00,0.27386248
2018-12-27 10:30:00,0.25274998
2018-12-28 10:30:00,0.3119
2018-12-29 10:30:00,0.3054125
2018-12-30 10:30:00,0.3534875
2018-12-31 10:30:00,0.33423752
2019-01-01 10:30:00,0.2485375
2019-01-02 10:30:00,0.43482497
2019-01-03 10:30:00,0.5114125
2019-01-04 10:30:00,0.354175
2019-01-05 10:30:00,0.36955002
2019-01-06 10:30:00,0.42877498
2019-01-07 10:30:00,0.3668125
2019-01-08 10:30:00,0.274525
2019-01-09 10:30:00,0.2801
2019-01-10 10:30:00,0.43471247
2019-01-11 10:30:00,0.50519997
2019-01-12 10:30:00,0.6181875
2019-01-13 10:30:00,0.58507496
2019-01-14 10:30:00,0.4477375
2019-01-15 10:30:00,0.27952498
2019-01-16 10:30:00,0.3313625
2019-01-17 10:30:00,0.2891625
2019-01-18 10:30:00,0.374975
2019-01-19 10:30:00,0.38521248
2019-01-20 10:30:00,0.37837496
2019-01-21 10:30:00,0.4524125
2019-01-22 10:30:00,0.32125
2019-01-23 10:30:00,0.2363375
2019-01-24 10:30:00,0.38198748
2019-01-25 10:30:00,0.2936875
2019-01-26 10:30:00,0.287525
2019-01-27 10:30:00,0.3578125
2019-01-28 10:30:00,0.3643375
2019-01-29 10:30:00,0.30789998
2019-01-30 10:30:00,0.27045
2019-01-31 10:30:00,0.2862625
2019-02-01 10:30:00,0.4046375
2019-02-02 10:30:00,0.4428125
2019-02-03 10:30:00,0.2523875
2019-02-04 10:30:00,0.2971125
2019-02-05 10:30:00,0.26335
2019-02-06 10:30:00,0.2708875
2019-02-07 10:30:00,0.2547875
2019-02-08 10:30:00,0.2980875
2019-02-09 10:30:00,0.27778748
2019-02-10 10:30:00,0.30865
2019-02-11 10:30:00,0.2830125
2019-02-12 10:30:00,0.21397498
2019-02-13 10:30:00,0.2201
2019-02-14 10:30:00,0.185775
2019-02-15 10:30:00,0.1857
2019-02-16 10:30:00,0.255025
2019-02-17 10:30:00,0.2826875
2019-02-18 10:30:00,0.18317501
2019-02-19 10:30:00,0.2981875
2019-02-20 10:30:00,0.22526251
2019-02-21 10:30:00,0.2346375
2019-02-22 10:30:00,0.33299997
2019-02-23 10:30:00,0.260575
2019-02-24 10:30:00,0.24407499
2019-02-25 10:30:00,0.29073748
2019-02-26 10:30:00,0.284775
2019-02-27 10:30:00,0.27075002
2019-02-28 10:30:00,0.26282498
2019-03-01 10:30:00,0.2688625
2019-03-02 10:30:00,0.23546249
2019-03-03 10:30:00,0.28788748
2019-03-04 10:30:00,0.2832
2019-03-05 10:30:00,0.46281248
2019-03-06 10:30:00,0.27783749
2019-03-07 10:30:00,0.23593749
2019-03-08 10:30:00,0.21705
2019-03-09 10:30:00,0.21772501
2019-03-10 10:30:00,0.1723875
2019-03-11 10:30:00,0.203125
2019-03-12 10:30:00,0.2107875
2019-03-13 10:30:00,0.20558749
2019-03-14 10:30:00,0.360425
2019-03-15 10:30:00,0.2977125
2019-03-16 10:30:00,0.321925
2019-03-17 10:30:00,0.2615
2019-03-18 10:30:00,0.235575
2019-03-19 10:30:00,0.37937498
2019-03-20 10:30:00,0.294025
2019-03-21 10:30:00,0.2190875
2019-03-22 10:30:00,0.2592375
2019-03-23 10:30:00,0.17243749
2019-03-24 10:30:00,0.1956875
2019-03-25 10:30:00,0.1510875
2019-03-26 10:30:00,0.12671249
2019-03-27 10:30:00,0.1355
2019-03-28 10:30:00,0.17085
2019-03-29 10:30:00,0.38933748
2019-03-30 10:30:00,0.21786249
2019-03-31 10:30:00,0.24659999
2019-04-01 10:30:00,0.20205
2019-04-02 10:30:00,0.1799125
2019-04-03 10:30:00,0.19073749
2019-04-04 10:30:00,0.4143125
2019-04-05 10:30:00,0.34845
2019-04-06 10:30:00,0.3939875
2019-04-07 10:30:00,0.460675
2019-04-08 10:30:00,0.35803747
2019-04-09 10:30:00,0.21636249
2019-04-10 10:30:00,0.1615375
2019-04-11 10:30:00,0.15695
2019-04-12 10:30:00,0.123625
2019-04-13 10:30:00,0.22198749
2019-04-14 10:30:00,0.2355875
2019-04-15 10:30:00,0.1499625
2019-04-16 10:30:00,0.147375
2019-04-17 10:30:00,0.5997125
2019-04-18 10:30:00,0.2347
2019-04-19 10:30:00,0.1989625
2019-04-20 10:30:00,0.1280375
2019-04-21 10:30:00,0.1246125
2019-04-22 10:30:00,0.1874
2019-04-23 10:30:00,0.1177
2019-04-24 10:30:00,0.19950001
2019-04-25 10:30:00,0.17757499
2019-04-26 10:30:00,0.156775
2019-04-27 10:30:00,0.1405125
2019-04-28 10:30:00,0.2845
2019-04-29 10:30:00,0.47585
2019-04-30 10:30:00,0.2084625
2019-05-01 10:30:00,0.2245375
2019-05-02 10:30:00,0.2410625
2019-05-03 10:30:00,0.2065
2019-05-04 10:30:00,0.41451252
2019-05-05 10:30:00,0.1962625
2019-05-06 10:30:00,0.1977125
2019-05-07 10:30:00,0.17952499
2019-05-08 10:30:00,0.1761375
2019-05-09 10:30:00,0.3272125
2019-05-10 10:30:00,0.2346
2019-05-11 10:30:00,0.360325
2019-05-12 10:30:00,0.5742625
2019-05-13 10:30:00,0.6041875
2019-05-14 10:30:00,0.4584875
2019-05-15 10:30:00,0.4540625
2019-05-16 10:30:00,0.19807501
2019-05-17 10:30:00,0.26495
2019-05-18 10:30:00,0.15762499
2019-05-19 10:30:00,0.766575
2019-05-20 10:30:00,0.8204875
2019-05-21 10:30:00,0.6189375
2019-05-22 10:30:00,0.64896244
2019-05-23 10:30:00,0.54966253
2019-05-24 10:30:00,0.307275
2019-05-25 10:30:00,0.529625
2019-05-26 10:30:00,0.56018746
2019-05-27 10:30:00,0.37806246
2019-05-28 10:30:00,0.21395
2019-05-29 10:30:00,0.2508375
2019-05-30 10:30:00,0.5763625
2019-05-31 10:30:00,0.5992875
2019-06-01 10:30:00,0.5959
2019-06-02 10:30:00,0.49915
2019-06-03 10:30:00,0.4934375
2019-06-04 10:30:00,0.4844625
2019-06-05 10:30:00,0.6129375
2019-06-06 10:30:00,0.64044994
2019-06-07 10:30:00,0.844225
2019-06-08 10:30:00,0.8344875
2019-06-09 10:30:00,0.80404997
2019-06-10 10:30:00,0.6581625
2019-06-11 10:30:00,0.6682625
2019-06-12 10:30:00,0.74544996
2019-06-13 10:30:00,0.47092497
2019-06-14 10:30:00,0.679175
2019-06-15 10:30:00,0.575275
2019-06-16 10:30:00,0.49019998
2019-06-17 10:30:00,0.49045
2019-06-18 10:30:00,0.473175
2019-06-19 10:30:00,0.4615375
2019-06-20 10:30:00,0.51815003
2019-06-21 10:30:00,0.49792498
2019-06-22 10:30:00,0.5345
2019-06-23 10:30:00,0.48021248
2019-06-24 10:30:00,0.4217125
2019-06-25 10:30:00,0.82763743
2019-06-26 10:30:00,0.82153744
2019-06-27 10:30:00,0.812375
2019-06-28 10:30:00,0.89566255
2019-06-29 10:30:00,0.793675
2019-06-30 10:30:00,0.6986875
2019-07-01 10:30:00,0.518075
2019-07-02 10:30:00,0.7312375
2019-07-03 10:30:00,0.6607625
2019-07-04 10:30:00,0.81684995
2019-07-05 10:30:00,0.8798125
2019-07-06 10:30:00,0.94083744
2019-07-07 10:30:00,0.75343746
2019-07-08 10:30:00,0.77348745
2019-07-09 10:30:00,0.77547497
2019-07-10 10:30:00,0.8132
2019-07-11 10:30:00,0.7413375
2019-07-12 10:30:00,0.7629125
2019-07-13 10:30:00,0.833725
2019-07-14 10:30:00,0.79639995
2019-07-15 10:30:00,0.7752
2019-07-16 10:30:00,0.88583744
2019-07-17 10:30:00,0.7383625
2019-07-18 10:30:00,0.7397625
2019-07-19 10:30:00,0.82607496
2019-07-20 10:30:00,0.84911245
2019-07-21 10:30:00,0.68856245
2019-07-22 10:30:00,0.69595
2019-07-23 10:30:00,0.88893753
2019-07-24 10:30:00,0.80262494
2019-07-25 10:30:00,0.78235
2019-07-26 10:30:00,0.7910625
2019-07-27 10:30:00,0.8101625
2019-07-28 10:30:00,0.87123746
2019-07-29 10:30:00,0.8597125
2019-07-30 10:30:00,0.8760125
2019-07-31 10:30:00,0.79458743
2019-08-01 10:30:00,0.704575
2019-08-02 10:30:00,0.8005874
2019-08-03 10:30:00,0.81644994
2019-08-04 10:30:00,0.769225
2019-08-05 10:30:00,0.80251247
2019-08-06 10:30:00,0.9476
2019-08-07 10:30:00,0.91435
2019-08-08 10:30:00,0.90809995
2019-08-09 10:30:00,0.848375
2019-08-10 10:30:00,0.897725
2019-08-11 10:30:00,0.91275
2019-08-12 10:30:00,0.80351245
2019-08-13 10:30:00,0.795675
2019-08-14 10:30:00,0.6940625
2019-08-15 10:30:00,0.73995
2019-08-16 10:30:00,0.79551244
2019-08-17 10:30:00,0.75183743
2019-08-18 10:30:00,0.772025
2019-08-19 10:30:00,0.757575
2019-08-20 10:30:00,0.9200375
2019-08-21 10:30:00,0.8118875
2019-08-22 10:30:00,0.79911244
2019-08-23 10:30:00,0.8334
2019-08-24 10:30:00,0.8469875
2019-08-25 10:30:00,0.843625
2019-08-26 10:30:00,0.9549375
2019-08-27 10:30:00,0.7160375
2019-08-28 10:30:00,0.790875
2019-08-29 10:30:00,0.76967496
2019-08-30 10:30:00,0.68747497
2019-08-31 10:30:00,0.72177494
2019-09-01 10:30:00,0.74862504
2019-09-02 10:30:00,0.74001247
2019-09-03 10:30:00,0.71168745
2019-09-04 10:30:00,0.772825
2019-09-05 10:30:00,0.6500125
2019-09-06 10:30:00,0.84215
2019-09-07 10:30:00,0.77996254
2019-09-08 10:30:00,0.495425
2019-09-09 10:30:00,0.47068748
2019-09-10 10:30:00,0.5615375
2019-09-11 10:30:00,0.59765
2019-09-12 10:30:00,0.6091
2019-09-13 10:30:00,0.64245003
2019-09-14 10:30:00,0.57465
2019-09-15 10:30:00,0.38728747
2019-09-16 10:30:00,0.5393125
2019-09-17 10:30:00,0.5694875
2019-09-18 10:30:00,0.48729998
2019-09-19 10:30:00,0.66631246
2019-09-20 10:30:00,0.73723745
2019-09-21 10:30:00,0.63406247
2019-09-22 10:30:00,0.592275
2019-09-23 10:30:00,0.431925
2019-09-24 10:30:00,0.48049998
2019-09-25 10:30:00,0.6896
2019-09-26 10:30:00,0.61465
2019-09-27 10:30:00,0.485225
2019-09-28 10:30:00,0.40908748
2019-09-29 10:30:00,0.5158875
2019-09-30 10:30:00,0.6618625
2019-10-01 10:30:00,0.54575
2019-10-02 10:30:00,0.64285004
2019-10-03 10:30:00,0.53573745
2019-10-04 10:30:00,0.50455
2019-10-05 10:30:00,0.50589997
2019-10-06 10:30:00,0.454375
2019-10-07 10:30:00,0.429225
2019-10-08 10:30:00,0.488175
2019-10-09 10:30:00,0.38047498
2019-10-10 10:30:00,0.332625
2019-10-11 10:30:00,0.3077875
2019-10-12 10:30:00,0.2936875
2019-10-13 10:30:00,0.3364375
2019-10-14 10:30:00,0.28792498
2019-10-15 10:30:00,0.3015
2019-10-16 10:30:00,0.425475
2019-10-17 10:30:00,0.44791248
2019-10-18 10:30:00,0.43835
2019-10-19 10:30:00,0.5109875
2019-10-20 10:30:00,0.4943125
2019-10-21 10:30:00,0.2977375
2019-10-22 10:30:00,0.33842498
2019-10-23 10:30:00,0.4161125
2019-10-24 10:30:00,0.752175
2019-10-25 10:30:00,0.5364625
2019-10-26 10:30:00,0.6704875
2019-10-27 10:30:00,0.5906125
2019-10-28 10:30:00,0.67211246
2019-10-29 10:30:00,0.49366248
2019-10-30 10:30:00,0.48631248
2019-10-31 10:30:00,0.2652875
2019-11-01 10:30:00,0.33029997
2019-11-02 10:30:00,0.390025
2019-11-03 10:30:00,0.48353747
2019-11-04 10:30:00,0.416925
2019-11-05 10:30:00,0.2349875
2019-11-06 10:30:00,0.4138
2019-11-07 10:30:00,0.36248747
2019-11-08 10:30:00,0.3824375
2019-11-09 10:30:00,0.56619996
2019-11-10 10:30:00,0.50734997
2019-11-11 10:30:00,0.23054999
2019-11-12 10:30:00,0.507025
2019-11-13 10:30:00,0.41224998
2019-11-14 10:30:00,0.48244998
2019-11-15 10:30:00,0.4072875
2019-11-16 10:30:00,0.3542125
2019-11-17 10:30:00,0.6738375
2019-11-18 10:30:00,0.3899
2019-11-19 10:30:00,0.4174
2019-11-20 10:30:00,0.6298625
2019-11-21 10:30:00,0.673975
2019-11-22 10:30:00,0.68527496
2019-11-23 10:30:00,0.323525
2019-11-24 10:30:00,0.3986375
2019-11-25 10:30:00,0.4390375
2019-11-26 10:30:00,0.41297498
2019-11-27 10:30:00,0.3695375
2019-11-28 10:30:00,0.481875
2019-11-29 10:30:00,0.50965
2019-11-30 10:30:00,0.7194749
2019-12-01 10:30:00,0.5046
2019-12-02 10:30:00,0.34575
2019-12-03 10:30:00,0.315
2019-12-04 10:30:00,0.364125
2019-12-05 10:30:00,0.4317375
2019-12-06 10:30:00,0.52674997
2019-12-07 10:30:00,0.64088744
2019-12-08 10:30:00,0.72601247
2019-12-09 10:30:00,0.739
2019-12-10 10:30:00,0.723
2019-12-11 10:30:00,0.63664997
2019-12-12 10:30:00,0.6312625
2019-12-13 10:30:00,0.5870125
2019-12-14 10:30:00,0.604825
2019-12-15 10:30:00,0.6564625
2019-12-16 10:30:00,0.5584625
2019-12-17 10:30:00,0.45303747
2019-12-18 10:30:00,0.510275
2019-12-19 10:30:00,0.5429875
2019-12-20 10:30:00,0.5822
2019-12-21 10:30:00,0.6041875
2019-12-22 10:30:00,0.63053745
2019-12-23 10:30:00,0.555775
2019-12-24 10:30:00,0.59978753
2019-12-25 10:30:00,0.6497375
2019-12-26 10:30:00,0.5464375
2019-12-27 10:30:00,0.63105
2019-12-28 10:30:00,0.60179996
2019-12-29 10:30:00,0.6188
2019-12-30 10:30:00,0.460175
2019-12-31 10:30:00,0.46975
2020-01-01 10:30:00,0.5455375
2020-01-02 10:30:00,0.49735
2020-01-03 10:30:00,0.61386245
2020-01-04 10:30:00,0.6763375
2020-01-05 10:30:00,0.74286246
2020-01-06 10:30:00,0.8243875
2020-01-07 10:30:00,0.743475
2020-01-08 10:30:00,0.6264875
2020-01-09 10:30:00,0.6866625
2020-01-10 10:30:00,0.64445
2020-01-11 10:30:00,0.56514996
2020-01-12 10:30:00,0.5174375
2020-01-13 10:30:00,0.6152375
2020-01-14 10:30:00,0.67591244
2020-01-15 10:30:00,0.6932875
2020-01-16 10:30:00,0.659725
2020-01-17 10:30:00,0.67411244
2020-01-18 10:30:00,0.768525
2020-01-19 10:30:00,0.73934996
2020-01-20 10:30:00,0.6827875
2020-01-21 10:30:00,0.68886244
2020-01-22 10:30:00,0.6043375
2020-01-23 10:30:00,0.42819998
2020-01-24 10:30:00,0.5767125
2020-01-25 10:30:00,0.665825
2020-01-26 10:30:00,0.6562625
2020-01-27 10:30:00,0.73942494
2020-01-28 10:30:00,0.66293746
2020-01-29 10:30:00,0.60405
2020-01-30 10:30:00,0.6735875
2020-01-31 10:30:00,0.7466875
2020-02-01 10:30:00,0.4184875
2020-02-02 10:30:00,0.42305
2020-02-03 10:30:00,0.4484625
2020-02-04 10:30:00,0.43232498
2020-02-05 10:30:00,0.47855
2020-02-06 10:30:00,0.52748746
2020-02-07 10:30:00,0.56053746
2020-02-08 10:30:00,0.64356244
2020-02-09 10:30:00,0.6904875
2020-02-10 10:30:00,0.7123625
2020-02-11 10:30:00,0.69997495
2020-02-12 10:30:00,0.676875
2020-02-13 10:30:00,0.70247495
2020-02-14 10:30:00,0.47083747
2020-02-15 10:30:00,0.49101248
2020-02-16 10:30:00,0.5820625
2020-02-17 10:30:00,0.450125
2020-02-18 10:30:00,0.482825
2020-02-19 10:30:00,0.49174997
2020-02-20 10:30:00,0.6077875
2020-02-21 10:30:00,0.81606245
2020-02-22 10:30:00,0.6195875
2020-02-23 10:30:00,0.6387375
2020-02-24 10:30:00,0.4746625
2020-02-25 10:30:00,0.58395
2020-02-26 10:30:00,0.43765
2020-02-27 10:30:00,0.5521625
2020-02-28 10:30:00,0.7679
2020-02-29 10:30:00,0.694475
2020-03-01 10:30:00,0.63944995
2020-03-02 10:30:00,0.67253745
2020-03-03 10:30:00,0.7638625
2020-03-04 10:30:00,0.58528745
2020-03-05 10:30:00,0.67139995
2020-03-06 10:30:00,0.76979995
2020-03-07 10:30:00,0.59218746
2020-03-08 10:30:00,0.451125
2020-03-09 10:30:00,0.41285
2020-03-10 10:30:00,0.668175
2020-03-11 10:30:00,0.4194625
2020-03-12 10:30:00,0.2305125
2020-03-13 10:30:00,0.4813625
2020-03-14 10:30:00,0.454675
2020-03-15 10:30:00,0.35674998
2020-03-16 10:30:00,0.44207498
2020-03-17 10:30:00,0.4461
2020-03-18 10:30:00,0.45526248
2020-03-19 10:30:00,0.4519625
2020-03-20 10:30:00,0.34326246
2020-03-21 10:30:00,0.29428747
2020-03-22 10:30:00,0.40542498
2020-03-23 10:30:00,0.3978875
2020-03-24 10:30:00,0.3853125
2020-03-25 10:30:00,0.31527498
2020-03-26 10:30:00,0.22585
2020-03-27 10:30:00,0.330675
2020-03-28 10:30:00,0.2893625
2020-03-29 10:30:00,0.23593749
2020-03-30 10:30:00,0.1937125
2020-03-31 10:30:00,0.1998875
2020-04-01 10:30:00,0.20952499
2020-04-02 10:30:00,0.22577499
2020-04-03 10:30:00,0.2196125
2020-04-04 10:30:00,0.14815
2020-04-05 10:30:00,0.15685
2020-04-06 10:30:00,0.25075
2020-04-07 10:30:00,0.3045125
2020-04-08 10:30:00,0.3289625
2020-04-09 10:30:00,0.2603125
2020-04-10 10:30:00,0.15422499
2020-04-11 10:30:00,0.1855875
2020-04-12 10:30:00,0.1652875
2020-04-13 10:30:00,0.1859125
2020-04-14 10:30:00,0.316425
2020-04-15 10:30:00,0.2859625
2020-04-16 10:30:00,0.319675
2020-04-17 10:30:00,0.21383749
2020-04-18 10:30:00,0.1766625
2020-04-19 10:30:00,0.566225
2020-04-20 10:30:00,0.88597494
2020-04-21 10:30:00,0.80372494
2020-04-22 10:30:00,0.5592125
2020-04-23 10:30:00,0.4650375
2020-04-24 10:30:00,0.6903
2020-04-25 10:30:00,0.5605625
2020-04-26 10:30:00,0.47388747
2020-04-27 10:30:00,0.37085
2020-04-28 10:30:00,0.5014875
2020-04-29 10:30:00,0.3781625
2020-04-30 10:30:00,0.3535125
2020-05-01 10:30:00,0.300075
2020-05-02 10:30:00,0.3331875
2020-05-03 10:30:00,0.5331375
2020-05-04 10:30:00,0.5667875
2020-05-05 10:30:00,0.414775
2020-05-06 10:30:00,0.25472498
2020-05-07 10:30:00,0.34687498
2020-05-08 10:30:00,0.2127125
2020-05-09 10:30:00,0.3029
2020-05-10 10:30:00,0.511025
2020-05-11 10:30:00,0.5789375
2020-05-12 10:30:00,0.36185
2020-05-13 10:30:00,0.3409875
2020-05-14 10:30:00,0.23376249
2020-05-15 10:30:00,0.409425
2020-05-16 10:30:00,0.6012
2020-05-17 10:30:00,0.543025
2020-05-18 10:30:00,0.44030002
2020-05-19 10:30:00,0.5642
2020-05-20 10:30:00,0.58222497
2020-05-21 10:30:00,0.577725
2020-05-22 10:30:00,0.6747999
2020-05-23 10:30:00,0.5965625
2020-05-24 10:30:00,0.487175
2020-05-25 10:30:00,0.55805
2020-05-26 10:30:00,0.3144375
2020-05-27 10:30:00,0.376175
2020-05-28 10:30:00,0.36318752
2020-05-29 10:30:00,0.40361246
2020-05-30 10:30:00,0.3855125
2020-05-31 10:30:00,0.65872496
2020-06-01 10:30:00,0.5659125
2020-06-02 10:30:00,0.5754875
2020-06-03 10:30:00,0.691175
2020-06-04 10:30:00,0.665625
2020-06-05 10:30:00,0.4738375
2020-06-06 10:30:00,0.60165
2020-06-07 10:30:00,0.65705
2020-06-08 10:30:00,0.61651254
2020-06-09 10:30:00,0.3845625
2020-06-10 10:30:00,0.63897496
2020-06-11 10:30:00,0.4652
2020-06-12 10:30:00,0.5429
2020-06-13 10:30:00,0.650925
2020-06-14 10:30:00,0.4973125
2020-06-15 10:30:00,0.509175
2020-06-16 10:30:00,0.519
2020-06-17 10:30:00,0.5723375
2020-06-18 10:30:00,0.6084375
2020-06-19 10:30:00,0.713225
2020-06-20 10:30:00,0.8059875
2020-06-21 10:30:00,0.6458375
2020-06-22 10:30:00,0.7108125
2020-06-23 10:30:00,0.83696246
2020-06-24 10:30:00,0.73073745
2020-06-25 10:30:00,0.69783753
2020-06-26 10:30:00,0.6904875
2020-06-27 10:30:00,0.6328875
2020-06-28 10:30:00,0.7087375
2020-06-29 10:30:00,0.66155
2020-06-30 10:30:00,0.6470125
2020-07-01 10:30:00,0.4939375
2020-07-02 10:30:00,0.53395
2020-07-03 10:30:00,0.60314995
2020-07-04 10:30:00,0.654125
2020-07-05 10:30:00,0.70387495
2020-07-06 10:30:00,0.6890249
2020-07-07 10:30:00,0.5008625
2020-07-08 10:30:00,0.52783746
2020-07-09 10:30:00,0.59248745
2020-07-10 10:30:00,0.62272495
2020-07-11 10:30:00,0.635025
2020-07-12 10:30:00,0.6296875
2020-07-13 10:30:00,0.50575
2020-07-14 10:30:00,0.5412625
2020-07-15 10:30:00,0.5649
2020-07-16 10:30:00,0.543875
2020-07-17 10:30:00,0.72268754
2020-07-18 10:30:00,0.636725
2020-07-19 10:30:00,0.66839993
2020-07-20 10:30:00,0.5441625
2020-07-21 10:30:00,0.457075
2020-07-22 10:30:00,0.6779625
2020-07-23 10:30:00,0.6436
2020-07-24 10:30:00,0.56995
2020-07-25 10:30:00,0.6891125
2020-07-26 10:30:00,0.613775
2020-07-27 10:30:00,0.64191246
2020-07-28 10:30:00,0.8279875
2020-07-29 10:30:00,0.8276125
2020-07-30 10:30:00,0.77655
2020-07-31 10:30:00,0.75675
2020-08-01 10:30:00,0.69879997
2020-08-02 10:30:00,0.88213754
2020-08-03 10:30:00,0.742475
2020-08-04 10:30:00,0.80160004
2020-08-05 10:30:00,0.7455875
2020-08-06 10:30:00,0.66065
2020-08-07 10:30:00,0.81874996
2020-08-08 10:30:00,0.861875
2020-08-09 10:30:00,0.8350125
2020-08-10 10:30:00,0.75554997
2020-08-11 10:30:00,0.6444875
2020-08-12 10:30:00,0.6207
2020-08-13 10:30:00,0.899075
2020-08-14 10:30:00,0.84667504
2020-08-15 10:30:00,0.7106125
2020-08-16 10:30:00,0.74824995
2020-08-17 10:30:00,0.78085
2020-08-18 10:30:00,0.69043756
2020-08-19 10:30:00,0.54926246
2020-08-20 10:30:00,0.5124125
2020-08-21 10:30:00,0.58762497
2020-08-22 10:30:00,0.6603375
2020-08-23 10:30:00,0.7904625
2020-08-24 10:30:00,0.84636253
2020-08-25 10:30:00,0.6394625
2020-08-26 10:30:00,0.6811
2020-08-27 10:30:00,0.8075875
2020-08-28 10:30:00,0.83576244
2020-08-29 10:30:00,0.877575
2020-08-30 10:30:00,0.842325
2020-08-31 10:30:00,0.7538
2020-09-01 10:30:00,0.6996875
2020-09-02 10:30:00,0.6140125
2020-09-03 10:30:00,0.71629995
2020-09-04 10:30:00,0.7472249
2020-09-05 10:30:00,0.70849997
2020-09-06 10:30:00,0.7055
2020-09-07 10:30:00,0.7231375
2020-09-08 10:30:00,0.6588375
2020-09-09 10:30:00,0.61106247
2020-09-10 10:30:00,0.68567497
2020-09-11 10:30:00,0.744175
2020-09-12 10:30:00,0.69034994
2020-09-13 10:30:00,0.77816254
2020-09-14 10:30:00,0.828
2020-09-15 10:30:00,0.80913746
2020-09-16 10:30:00,0.78513753
2020-09-17 10:30:00,0.8415625
2020-09-18 10:30:00,0.7557
2020-09-19 10:30:00,0.707025
2020-09-20 10:30:00,0.77358747
2020-09-21 10:30:00,0.8034375
2020-09-22 10:30:00,0.76748747
2020-09-23 10:30:00,0.6509
2020-09-24 10:30:00,0.75203747
2020-09-25 10:30:00,0.6862
2020-09-26 10:30:00,0.766275
2020-09-27 10:30:00,0.59033746
2020-09-28 10:30:00,0.56291246
2020-09-29 10:30:00,0.5266625
2020-09-30 10:30:00,0.6190125
2020-10-01 10:30:00,0.80403745
2020-10-02 10:30:00,0.81434995
2020-10-03 10:30:00,0.5622625
2020-10-04 10:30:00,0.6601625
2020-10-05 10:30:00,0.4623625
2020-10-06 10:30:00,0.591375
2020-10-07 10:30:00,0.5429
2020-10-08 10:30:00,0.6752375
2020-10-09 10:30:00,0.80676246
2020-10-10 10:30:00,0.4109
2020-10-11 10:30:00,0.4313
2020-10-12 10:30:00,0.46389997
2020-10-13 10:30:00,0.5474875
2020-10-14 10:30:00,0.49801248
2020-10-15 10:30:00,0.4298625
2020-10-16 10:30:00,0.506675
2020-10-17 10:30:00,0.4271125
2020-10-18 10:30:00,0.4709375
2020-10-19 10:30:00,0.52415
2020-10-20 10:30:00,0.4147
2020-10-21 10:30:00,0.4682
2020-10-22 10:30:00,0.3729
2020-10-23 10:30:00,0.38888752
2020-10-24 10:30:00,0.37382498
2020-10-25 10:30:00,0.4894625
2020-10-26 10:30:00,0.48125
2020-10-27 10:30:00,0.424275
2020-10-28 10:30:00,0.4429
2020-10-29 10:30:00,0.50088745
2020-10-30 10:30:00,0.41026247
2020-10-31 10:30:00,0.5651
2020-11-01 10:30:00,0.4754875
2020-11-02 10:30:00,0.3479
2020-11-03 10:30:00,0.31895
2020-11-04 10:30:00,0.4127375
2020-11-05 10:30:00,0.52182496
2020-11-06 10:30:00,0.5672
2020-11-07 10:30:00,0.47224998
2020-11-08 10:30:00,0.40241247
2020-11-09 10:30:00,0.42343748
2020-11-10 10:30:00,0.67535
2020-11-11 10:30:00,0.64607495
2020-11-12 10:30:00,0.49255
2020-11-13 10:30:00,0.50343746
2020-11-14 10:30:00,0.49967498
2020-11-15 10:30:00,0.48267496
2020-11-16 10:30:00,0.59645
2020-11-17 10:30:00,0.7386375
2020-11-18 10:30:00,0.54185003
2020-11-19 10:30:00,0.3465375
2020-11-20 10:30:00,0.34958747
2020-11-21 10:30:00,0.3993
2020-11-22 10:30:00,0.4756
2020-11-23 10:30:00,0.5443625
2020-11-24 10:30:00,0.71318746
2020-11-25 10:30:00,0.41912496
2020-11-26 10:30:00,0.42319998
2020-11-27 10:30:00,0.402475
2020-11-28 10:30:00,0.45108747
2020-11-29 10:30:00,0.48075
2020-11-30 10:30:00,0.470375
2020-12-01 10:30:00,0.5005125
2020-12-02 10:30:00,0.497075
2020-12-03 10:30:00,0.46856248
2020-12-04 10:30:00,0.50616246
2020-12-05 10:30:00,0.55882496
2020-12-06 10:30:00,0.49665
2020-12-07 10:30:00,0.48705
2020-12-08 10:30:00,0.5211375
2020-12-09 10:30:00,0.50646245
2020-12-10 10:30:00,0.4602125
2020-12-11 10:30:00,0.451125
2020-12-12 10:30:00,0.45388752
2020-12-13 10:30:00,0.42658746
2020-12-14 10:30:00,0.37992498
2020-12-15 10:30:00,0.34526247
2020-12-16 10:30:00,0.51511246
2020-12-17 10:30:00,0.41842496
2020-12-18 10:30:00,0.3275125
2020-12-19 10:30:00,0.465875
2020-12-20 10:30:00,0.48334998
2020-12-21 10:30:00,0.43667498
2020-12-22 10:30:00,0.5581625
2020-12-23 10:30:00,0.75394994
2020-12-24 10:30:00,0.69873744
2020-12-25 10:30:00,0.552175
2020-12-26 10:30:00,0.70239997
2020-12-27 10:30:00,0.68323743
2020-12-28 10:30:00,0.510575
2020-12-29 10:30:00,0.4426375
2020-12-30 10:30:00,0.46603748
2020-12-31 10:30:00,0.4136625
2021-01-01 10:30:00,0.45581248
2021-01-02 10:30:00,0.4367
2021-01-03 10:30:00,0.47529998
2021-01-04 10:30:00,0.45165
2021-01-05 10:30:00,0.4756
2021-01-06 10:30:00,0.44105
2021-01-07 10:30:00,0.4427375
2021-01-08 10:30:00,0.43491247
2021-01-09 10:30:00,0.46693748
2021-01-10 10:30:00,0.4759625
2021-01-11 10:30:00,0.5004
2021-01-12 10:30:00,0.76378745
2021-01-13 10:30:00,0.521375
2021-01-14 10:30:00,0.547525
2021-01-15 10:30:00,0.5106375
2021-01-16 10:30:00,0.54952496
2021-01-17 10:30:00,0.532375
2021-01-18 10:30:00,0.39459997
2021-01-19 10:30:00,0.51656246
2021-01-20 10:30:00,0.60765
2021-01-21 10:30:00,0.713075
2021-01-22 10:30:00,0.59416246
2021-01-23 10:30:00,0.6812625
2021-01-24 10:30:00,0.6189125
2021-01-25 10:30:00,0.61649996
2021-01-26 10:30:00,0.442625
2021-01-27 10:30:00,0.39904997
2021-01-28 10:30:00,0.3954125
2021-01-29 10:30:00,0.6260875
2021-01-30 10:30:00,0.6829625
2021-01-31 10:30:00,0.7409625
2021-02-01 10:30:00,0.5177125
2021-02-02 10:30:00,0.41533747
2021-02-03 10:30:00,0.458475
2021-02-04 10:30:00,0.62202495
2021-02-05 10:30:00,0.660175
2021-02-06 10:30:00,0.490475
2021-02-07 10:30:00,0.45295
2021-02-08 10:30:00,0.5272875
2021-02-09 10:30:00,0.5674125
2021-02-10 10:30:00,0.5969875
2021-02-11 10:30:00,0.6178625
2021-02-12 10:30:00,0.41252497
2021-02-13 10:30:00,0.44166252
2021-02-14 10:30:00,0.36263746
2021-02-15 10:30:00,0.34136248
2021-02-16 10:30:00,0.35693747
2021-02-17 10:30:00,0.295325
2021-02-18 10:30:00,0.39857498
2021-02-19 10:30:00,0.5024625
2021-02-20 10:30:00,0.5164375
2021-02-21 10:30:00,0.63355
2021-02-22 10:30:00,0.4142625
2021-02-23 10:30:00,0.4305125
2021-02-24 10:30:00,0.49127498
2021-02-25 10:30:00,0.433525
2021-02-26 10:30:00,0.6403499
2021-02-27 10:30:00,0.4718375
2021-02-28 10:30:00,0.2969125
2021-03-01 10:30:00,0.4185625
2021-03-02 10:30:00,0.56215
2021-03-03 10:30:00,0.46689996
2021-03-04 10:30:00,0.41169998
2021-03-05 10:30:00,0.2875375
2021-03-06 10:30:00,0.33118752
2021-03-07 10:30:00,0.3404
2021-03-08 10:30:00,0.363975
2021-03-09 10:30:00,0.22308749
2021-03-10 10:30:00,0.3006125
2021-03-11 10:30:00,0.3389
2021-03-12 10:30:00,0.32002497
2021-03-13 10:30:00,0.326375
2021-03-14 10:30:00,0.4484
2021-03-15 10:30:00,0.3177625
2021-03-16 10:30:00,0.1806625
2021-03-17 10:30:00,0.29146248
2021-03-18 10:30:00,0.2586875
2021-03-19 10:30:00,0.40704998
2021-03-20 10:30:00,0.59534997
2021-03-21 10:30:00,0.4108375
2021-03-22 10:30:00,0.3673125
2021-03-23 10:30:00,0.4808125
2021-03-24 10:30:00,0.432575
2021-03-25 10:30:00,0.5164
2021-03-26 10:30:00,0.83194995
2021-03-27 10:30:00,0.44151247
2021-03-28 10:30:00,0.49945
2021-03-29 10:30:00,0.4554625
2021-03-30 10:30:00,0.376
2021-03-31 10:30:00,0.40776247
2021-04-01 10:30:00,0.3314875
2021-04-02 10:30:00,0.322825
2021-04-03 10:30:00,0.2678875
2021-04-04 10:30:00,0.2692
2021-04-05 10:30:00,0.25579998
2021-04-06 10:30:00,0.21284999
2021-04-07 10:30:00,0.28155
2021-04-08 10:30:00,0.3138625
2021-04-09 10:30:00,0.297425
2021-04-10 10:30:00,0.22526248
2021-04-11 10:30:00,0.39901248
2021-04-12 10:30:00,0.6079375
2021-04-13 10:30:00,0.4442375
2021-04-14 10:30:00,0.364375
2021-04-15 10:30:00,0.62735
2021-04-16 10:30:00,0.8257125
2021-04-17 10:30:00,0.558175
2021-04-18 10:30:00,0.45604998
2021-04-19 10:30:00,0.22952498
2021-04-20 10:30:00,0.2662875
2021-04-21 10:30:00,0.3449
2021-04-22 10:30:00,0.464375
2021-04-23 10:30:00,0.4603125
2021-04-24 10:30:00,0.213075
2021-04-25 10:30:00,0.2934875
2021-04-26 10:30:00,0.2559625
2021-04-27 10:30:00,0.282175
2021-04-28 10:30:00,0.333875
2021-04-29 10:30:00,0.533875
2021-04-30 10:30:00,0.532025
2021-05-01 10:30:00,0.58065
2021-05-02 10:30:00,0.34721246
2021-05-03 10:30:00,0.42546248
2021-05-04 10:30:00,0.4474625
2021-05-05 10:30:00,0.501525
2021-05-06 10:30:00,0.504625
2021-05-07 10:30:00,0.740775
2021-05-08 10:30:00,0.549325
2021-05-09 10:30:00,0.437775
2021-05-10 10:30:00,0.35485
2021-05-11 10:30:00,0.3251625
2021-05-12 10:30:00,0.352275
2021-05-13 10:30:00,0.29253748
2021-05-14 10:30:00,0.660225
2021-05-15 10:30:00,0.33581248
2021-05-16 10:30:00,0.2626375
2021-05-17 10:30:00,0.3005875
2021-05-18 10:30:00,0.489475
2021-05-19 10:30:00,0.52045
2021-05-20 10:30:00,0.622525
2021-05-21 10:30:00,0.4701875
2021-05-22 10:30:00,0.3378375
2021-05-23 10:30:00,0.39309996
2021-05-24 10:30:00,0.3802875
2021-05-25 10:30:00,0.34855
2021-05-26 10:30:00,0.5131625
2021-05-27 10:30:00,0.5884375
2021-05-28 10:30:00,0.5972
2021-05-29 10:30:00,0.5542875
2021-05-30 10:30:00,0.7556625
2021-05-31 10:30:00,0.6633
2021-06-01 10:30:00,0.5058375
2021-06-02 10:30:00,0.88483745
2021-06-03 10:30:00,0.77599996
2021-06-04 10:30:00,0.822025
2021-06-05 10:30:00,0.8427749
2021-06-06 10:30:00,0.631125
2021-06-07 10:30:00,0.5936875
2021-06-08 10:30:00,0.60915
2021-06-09 10:30:00,0.6890625
2021-06-10 10:30:00,0.524525
2021-06-11 10:30:00,0.47306252
2021-06-12 10:30:00,0.64897496
2021-06-13 10:30:00,0.620075
2021-06-14 10:30:00,0.94803745
2021-06-15 10:30:00,0.71886253
2021-06-16 10:30:00,0.8019625
2021-06-17 10:30:00,0.496175
2021-06-18 10:30:00,0.5913375
2021-06-19 10:30:00,0.84138745
2021-06-20 10:30:00,0.83919996
2021-06-21 10:30:00,0.7034375
2021-06-22 10:30:00,0.6567625
2021-06-23 10:30:00,0.5599875
2021-06-24 10:30:00,0.536025
2021-06-25 10:30:00,0.6611125
2021-06-26 10:30:00,0.745775
2021-06-27 10:30:00,0.77737504
2021-06-28 10:30:00,0.7167125
2021-06-29 10:30:00,0.66415
2021-06-30 10:30:00,0.7694
2021-07-01 10:30:00,0.8602375
2021-07-02 10:30:00,0.8885
2021-07-03 10:30:00,0.88856244
2021-07-04 10:30:00,0.9314
2021-07-05 10:30:00,0.7779875
2021-07-06 10:30:00,0.82443744
2021-07-07 10:30:00,0.92812496
2021-07-08 10:30:00,0.93386245
2021-07-09 10:30:00,0.8812625
2021-07-10 10:30:00,0.81856245
2021-07-11 10:30:00,0.762675
2021-07-12 10:30:00,0.92025
2021-07-13 10:30:00,0.914325
2021-07-14 10:30:00,0.96818745
2021-07-15 10:30:00,0.915625
2021-07-16 10:30:00,0.879
2021-07-17 10:30:00,0.9324625
2021-07-18 10:30:00,0.90059996
2021-07-19 10:30:00,0.9109375
2021-07-20 10:30:00,0.83146244
2021-07-21 10:30:00,0.8440625
2021-07-22 10:30:00,0.8965125
2021-07-23 10:30:00,0.90216243
2021-07-24 10:30:00,0.90988743
2021-07-25 10:30:00,0.9291625
2021-07-26 10:30:00,0.96177495
2021-07-27 10:30:00,0.9251625
2021-07-28 10:30:00,0.831725
2021-07-29 10:30:00,0.864275
2021-07-30 10:30:00,0.907025
2021-07-31 10:30:00,0.94786245
2021-08-01 10:30:00,0.8478375
2021-08-02 10:30:00,0.84477496
2021-08-03 10:30:00,0.9775625
2021-08-04 10:30:00,0.9023625
2021-08-05 10:30:00,0.758375
2021-08-06 10:30:00,0.7605625
2021-08-07 10:30:00,0.78842497
2021-08-08 10:30:00,0.89695
2021-08-09 10:30:00,0.9315625
2021-08-10 10:30:00,0.84617496
2021-08-11 10:30:00,0.97499996
2021-08-12 10:30:00,0.8227125
2021-08-13 10:30:00,0.92410004
2021-08-14 10:30:00,0.8725875
2021-08-15 10:30:00,0.8021375
2021-08-16 10:30:00,0.78332496
2021-08-17 10:30:00,0.7696375
2021-08-18 10:30:00,0.80122495
2021-08-19 10:30:00,0.83815
2021-08-20 10:30:00,0.86225
2021-08-21 10:30:00,0.83901244
2021-08-22 10:30:00,0.8133
2021-08-23 10:30:00,0.85448754
2021-08-24 10:30:00,0.80332494
2021-08-25 10:30:00,0.91148746
2021-08-26 10:30:00,0.91653746
2021-08-27 10:30:00,0.82426244
2021-08-28 10:30:00,0.86812496
2021-08-29 10:30:00,0.7016875
2021-08-30 10:30:00,0.68574995
2021-08-31 10:30:00,0.80910003
2021-09-01 10:30:00,0.794075
2021-09-02 10:30:00,0.8487375
2021-09-03 10:30:00,0.919875
2021-09-04 10:30:00,0.8530625
2021-09-05 10:30:00,0.8071
2021-09-06 10:30:00,0.9694
2021-09-07 10:30:00,0.73551255
2021-09-08 10:30:00,0.93873745
2021-09-09 10:30:00,0.94904995
2021-09-10 10:30:00,0.7765
2021-09-11 10:30:00,0.7800875
2021-09-12 10:30:00,0.70724994
2021-09-13 10:30:00,0.78377503
2021-09-14 10:30:00,0.8190875
2021-09-15 10:30:00,0.933925
2021-09-16 10:30:00,0.6729
2021-09-17 10:30:00,0.73878753
2021-09-18 10:30:00,0.7216
2021-09-19 10:30:00,0.857375
2021-09-20 10:30:00,0.8726875
2021-09-21 10:30:00,0.6876625
2021-09-22 10:30:00,0.72318745
2021-09-23 10:30:00,0.6730875
2021-09-24 10:30:00,0.7847125
2021-09-25 10:30:00,0.94638747
2021-09-26 10:30:00,0.97385
2021-09-27 10:30:00,0.64815
2021-09-28 10:30:00,0.52919996
2021-09-29 10:30:00,0.5125375
2021-09-30 10:30:00,0.63065
2021-10-01 10:30:00,0.6378625
2021-10-02 10:30:00,0.64927495
2021-10-03 10:30:00,0.8516625
2021-10-04 10:30:00,0.6977
2021-10-05 10:30:00,0.519975
2021-10-06 10:30:00,0.65765
2021-10-07 10:30:00,0.6109125
2021-10-08 10:30:00,0.52697504
2021-10-09 10:30:00,0.45044997
2021-10-10 10:30:00,0.4509875
2021-10-11 10:30:00,0.4668875
2021-10-12 10:30:00,0.47797498
2021-10-13 10:30:00,0.6752375
2021-10-14 10:30:00,0.515175
2021-10-15 10:30:00,0.5181125
2021-10-16 10:30:00,0.38396248
2021-10-17 10:30:00,0.4726625
2021-10-18 10:30:00,0.5251
2021-10-19 10:30:00,0.5046375
2021-10-20 10:30:00,0.49409997
2021-10-21 10:30:00,0.482275
2021-10-22 10:30:00,0.50373745
2021-10-23 10:30:00,0.52498746
2021-10-24 10:30:00,0.448125
2021-10-25 10:30:00,0.3500375
2021-10-26 10:30:00,0.4162125
2021-10-27 10:30:00,0.366125
2021-10-28 10:30:00,0.51902497
2021-10-29 10:30:00,0.571975
2021-10-30 10:30:00,0.5703
2021-10-31 10:30:00,0.4006875
2021-11-01 10:30:00,0.47178748
2021-11-02 10:30:00,0.5912625
2021-11-03 10:30:00,0.7239375
2021-11-04 10:30:00,0.95866245
2021-11-05 10:30:00,0.84757495
2021-11-06 10:30:00,0.4863125
2021-11-07 10:30:00,0.55291253
2021-11-08 10:30:00,0.72801244
2021-11-09 10:30:00,0.9120624
2021-11-10 10:30:00,0.66025
2021-11-11 10:30:00,0.36436248
2021-11-12 10:30:00,0.501525
2021-11-13 10:30:00,0.532025
2021-11-14 10:30:00,0.68201244
2021-11-15 10:30:00,0.70616245
2021-11-16 10:30:00,0.8215
2021-11-17 10:30:00,0.787825
2021-11-18 10:30:00,0.46014997
2021-11-19 10:30:00,0.61825
2021-11-20 10:30:00,0.8095
2021-11-21 10:30:00,0.8924375
2021-11-22 10:30:00,0.5757125
2021-11-23 10:30:00,0.42791247
2021-11-24 10:30:00,0.4762125
2021-11-25 10:30:00,0.4701
2021-11-26 10:30:00,0.55733746
2021-11-27 10:30:00,0.8441749
2021-11-28 10:30:00,0.916175
2021-11-29 10:30:00,0.76906246
2021-11-30 10:30:00,0.6032375
2021-12-01 10:30:00,0.571875
2021-12-02 10:30:00,0.605975
2021-12-03 10:30:00,0.47959998
2021-12-04 10:30:00,0.68943745
2021-12-05 10:30:00,0.55988747
2021-12-06 10:30:00,0.5089375
2021-12-07 10:30:00,0.70916253
2021-12-08 10:30:00,0.8907
2021-12-09 10:30:00,0.89621246
2021-12-10 10:30:00,0.73195
2021-12-11 10:30:00,0.55345
2021-12-12 10:30:00,0.491725
2021-12-13 10:30:00,0.6856
2021-12-14 10:30:00,0.64375
2021-12-15 10:30:00,0.8583625
2021-12-16 10:30:00,0.601125
2021-12-17 10:30:00,0.5144875
2021-12-18 10:30:00,0.6232625
2021-12-19 10:30:00,0.6214875
2021-12-20 10:30:00,0.41915
2021-12-21 10:30:00,0.47436246
2021-12-22 10:30:00,0.6200875
2021-12-23 10:30:00,0.493625
2021-12-24 10:30:00,0.466225
2021-12-25 10:30:00,0.4991875
2021-12-26 10:30:00,0.5332625
2021-12-27 10:30:00,0.629675
2021-12-28 10:30:00,0.69513744
2021-12-29 10:30:00,0.58348745
2021-12-30 10:30:00,0.47268748
2021-12-31 10:30:00,0.52217495
2022-01-01 10:30:00,0.5939125
2022-01-02 10:30:00,0.49611247
2022-01-03 10:30:00,0.462625
2022-01-04 10:30:00,0.6088875
2022-01-05 10:30:00,0.675
2022-01-06 10:30:00,0.72775
2022-01-07 10:30:00,0.79894996
2022-01-08 10:30:00,0.71715
2022-01-09 10:30:00,0.72301245
2022-01-10 10:30:00,0.6910125
2022-01-11 10:30:00,0.5771625
2022-01-12 10:30:00,0.57208747
2022-01-13 10:30:00,0.61855
2022-01-14 10:30:00,0.716725
2022-01-15 10:30:00,0.53075
2022-01-16 10:30:00,0.4986375
2022-01-17 10:30:00,0.5444625
2022-01-18 10:30:00,0.6562375
2022-01-19 10:30:00,0.4982
2022-01-20 10:30:00,0.54311246
2022-01-21 10:30:00,0.70677495
2022-01-22 10:30:00,0.73457503
2022-01-23 10:30:00,0.71348745
2022-01-24 10:30:00,0.67262495
2022-01-25 10:30:00,0.8613875
2022-01-26 10:30:00,0.5949375
2022-01-27 10:30:00,0.5080375
2022-01-28 10:30:00,0.4346625
2022-01-29 10:30:00,0.40445
2022-01-30 10:30:00,0.4298125
2022-01-31 10:30:00,0.47015
2022-02-01 10:30:00,0.424025
2022-02-02 10:30:00,0.45846248
2022-02-03 10:30:00,0.4233625
2022-02-04 10:30:00,0.4163125
2022-02-05 10:30:00,0.48889998
2022-02-06 10:30:00,0.4564125
2022-02-07 10:30:00,0.5113625
2022-02-08 10:30:00,0.6334125
2022-02-09 10:30:00,0.7436625
2022-02-10 10:30:00,0.823925
2022-02-11 10:30:00,0.8340875
2022-02-12 10:30:00,0.663925
2022-02-13 10:30:00,0.738675
2022-02-14 10:30:00,0.60735
2022-02-15 10:30:00,0.587875
2022-02-16 10:30:00,0.6313
2022-02-17 10:30:00,0.6005625
2022-02-18 10:30:00,0.8372875
2022-02-19 10:30:00,0.5938375
2022-02-20 10:30:00,0.4529
2022-02-21 10:30:00,0.4746625
2022-02-22 10:30:00,0.5101375
2022-02-23 10:30:00,0.4892625
2022-02-24 10:30:00,0.5310375
2022-02-25 10:30:00,0.49144998
2022-02-26 10:30:00,0.458925
2022-02-27 10:30:00,0.47815
2022-02-28 10:30:00,0.47829998
2022-03-01 10:30:00,0.435975
2022-03-02 10:30:00,0.61347497
2022-03-03 10:30:00,0.5147375
2022-03-04 10:30:00,0.40209997
2022-03-05 10:30:00,0.31715
2022-03-06 10:30:00,0.391375
2022-03-07 10:30:00,0.45643747
2022-03-08 10:30:00,0.44412497
2022-03-09 10:30:00,0.471175
2022-03-10 10:30:00,0.1885
2022-03-11 10:30:00,0.2356
2022-03-12 10:30:00,0.84067494
2022-03-13 10:30:00,0.8325125
2022-03-14 10:30:00,0.7343625
2022-03-15 10:30:00,0.762275
2022-03-16 10:30:00,0.3579125
2022-03-17 10:30:00,0.4126125
2022-03-18 10:30:00,0.49572498
2022-03-19 10:30:00,0.3672375
2022-03-20 10:30:00,0.3771125
2022-03-21 10:30:00,0.3495125
2022-03-22 10:30:00,0.31715
2022-03-23 10:30:00,0.49932498
2022-03-24 10:30:00,0.7583249
2022-03-25 10:30:00,0.834125
2022-03-26 10:30:00,0.4825875
2022-03-27 10:30:00,0.4472375
2022-03-28 10:30:00,0.435125
2022-03-29 10:30:00,0.248225
2022-03-30 10:30:00,0.22892499
2022-03-31 10:30:00,0.261825
2022-04-01 10:30:00,0.2897625
2022-04-02 10:30:00,0.33862498
2022-04-03 10:30:00,0.296125
2022-04-04 10:30:00,0.41428748
2022-04-05 10:30:00,0.3518625
2022-04-06 10:30:00,0.2444625
2022-04-07 10:30:00,0.2954875
2022-04-08 10:30:00,0.40725
2022-04-09 10:30:00,0.24722499
2022-04-10 10:30:00,0.3319875
2022-04-11 10:30:00,0.296625
2022-04-12 10:30:00,0.264475
2022-04-13 10:30:00,0.35239998
2022-04-14 10:30:00,0.3314625
2022-04-15 10:30:00,0.2650875
2022-04-16 10:30:00,0.241025
2022-04-17 10:30:00,0.3358375
2022-04-18 10:30:00,0.32212502
2022-04-19 10:30:00,0.237125
2022-04-20 10:30:00,0.36721247
2022-04-21 10:30:00,0.78279996
2022-04-22 10:30:00,0.4062875
2022-04-23 10:30:00,0.4554375
2022-04-24 10:30:00,0.4446625
2022-04-25 10:30:00,0.79295
2022-04-26 10:30:00,0.529925
2022-04-27 10:30:00,0.3163125
2022-04-28 10:30:00,0.2761125
2022-04-29 10:30:00,0.76568747
2022-04-30 10:30:00,0.55763745
2022-05-01 10:30:00,0.6160875
2022-05-02 10:30:00,0.43903747
2022-05-03 10:30:00,0.7096
2022-05-04 10:30:00,0.5710875
2022-05-05 10:30:00,0.76467496
2022-05-06 10:30:00,0.3705
2022-05-07 10:30:00,0.2847
2022-05-08 10:30:00,0.3253625
2022-05-09 10:30:00,0.211175
2022-05-10 10:30:00,0.646275
2022-05-11 10:30:00,0.42013747
2022-05-12 10:30:00,0.5883125
2022-05-13 10:30:00,0.43763748
2022-05-14 10:30:00,0.37211248
2022-05-15 10:30:00,0.3326625
2022-05-16 10:30:00,0.2918625
2022-05-17 10:30:00,0.5512125
2022-05-18 10:30:00,0.3133375
2022-05-19 10:30:00,0.4006875
2022-05-20 10:30:00,0.38277498
2022-05-21 10:30:00,0.46083745
2022-05-22 10:30:00,0.385325
2022-05-23 10:30:00,0.4454875
2022-05-24 10:30:00,0.8556625
2022-05-25 10:30:00,0.5134625
2022-05-26 10:30:00,0.4061375
2022-05-27 10:30:00,0.34510002
2022-05-28 10:30:00,0.3953125
2022-05-29 10:30:00,0.9752375
2022-05-30 10:30:00,0.72155
2022-05-31 10:30:00,0.6863125
2022-06-01 10:30:00,0.6890625
2022-06-02 10:30:00,0.64308745
2022-06-03 10:30:00,0.70199996
2022-06-04 10:30:00,0.8185875
2022-06-05 10:30:00,0.8262625
2022-06-06 10:30:00,0.717525
2022-06-07 10:30:00,0.90937495
2022-06-08 10:30:00,0.767825
2022-06-09 10:30:00,0.58353746
2022-06-10 10:30:00,0.62315
2022-06-11 10:30:00,0.62014997
2022-06-12 10:30:00,0.85389996
2022-06-13 10:30:00,0.88484997
2022-06-14 10:30:00,0.8221
2022-06-15 10:30:00,0.758775
2022-06-16 10:30:00,0.7251
2022-06-17 10:30:00,0.568425
2022-06-18 10:30:00,0.6210875
2022-06-19 10:30:00,0.542275
2022-06-20 10:30:00,0.71396244
2022-06-21 10:30:00,0.4739
2022-06-22 10:30:00,0.6322875
2022-06-23 10:30:00,0.88433754
2022-06-24 10:30:00,0.83678746
2022-06-25 10:30:00,0.76646245
2022-06-26 10:30:00,0.6894625
2022-06-27 10:30:00,0.65655
2022-06-28 10:30:00,0.6815
2022-06-29 10:30:00,0.6743
2022-06-30 10:30:00,0.7222125
2022-07-01 10:30:00,0.79440004
2022-07-02 10:30:00,0.7384375
2022-07-03 10:30:00,0.78636247
2022-07-04 10:30:00,0.77987504
2022-07-05 10:30:00,0.848925
2022-07-06 10:30:00,0.87497497
2022-07-07 10:30:00,0.81495
2022-07-08 10:30:00,0.87326247
2022-07-09 10:30:00,0.66428745
2022-07-10 10:30:00,0.719625
2022-07-11 10:30:00,0.6893125
2022-07-12 10:30:00,0.63629997
2022-07-13 10:30:00,0.9809874
2022-07-14 10:30:00,0.9847625
2022-07-15 10:30:00,0.9162
2022-07-16 10:30:00,0.8904
2022-07-17 10:30:00,0.87432504
2022-07-18 10:30:00,0.89177495
2022-07-19 10:30:00,0.8066875
2022-07-20 10:30:00,0.80582494
2022-07-21 10:30:00,0.7946375
2022-07-22 10:30:00,0.76327497
2022-07-23 10:30:00,0.90575
2022-07-24 10:30:00,0.891125
2022-07-25 10:30:00,0.86025
2022-07-26 10:30:00,0.913125
2022-07-27 10:30:00,0.8557125
2022-07-28 10:30:00,0.9554374
2022-07-29 10:30:00,0.92051244
2022-07-30 10:30:00,0.8917375
2022-07-31 10:30:00,0.90095
2022-08-01 10:30:00,0.82726246
2022-08-02 10:30:00,0.7841
2022-08-03 10:30:00,0.789375
2022-08-04 10:30:00,0.9144375
2022-08-05 10:30:00,0.64287496
2022-08-06 10:30:00,0.7223625
2022-08-07 10:30:00,0.76934993
2022-08-08 10:30:00,0.5922375
2022-08-09 10:30:00,0.571975
2022-08-10 10:30:00,0.63918746
2022-08-11 10:30:00,0.66091245
2022-08-12 10:30:00,0.66621244
2022-08-13 10:30:00,0.6670625
2022-08-14 10:30:00,0.83919996
2022-08-15 10:30:00,0.84638745
2022-08-16 10:30:00,0.65678746
2022-08-17 10:30:00,0.6756375
2022-08-18 10:30:00,0.726275
2022-08-19 10:30:00,0.5694625
2022-08-20 10:30:00,0.6204625
2022-08-21 10:30:00,0.704825
2022-08-22 10:30:00,0.7247375
2022-08-23 10:30:00,0.60087496
2022-08-24 10:30:00,0.69612503
2022-08-25 10:30:00,0.62193745
2022-08-26 10:30:00,0.7261625
2022-08-27 10:30:00,0.5769375
2022-08-28 10:30:00,0.69904995
2022-08-29 10:30:00,0.71865
2022-08-30 10:30:00,0.8635875
2022-08-31 10:30:00,0.73543745
2022-09-01 10:30:00,0.5949625
2022-09-02 10:30:00,0.629575
2022-09-03 10:30:00,0.66359997
2022-09-04 10:30:00,0.80242497
2022-09-05 10:30:00,0.6429875
2022-09-06 10:30:00,0.783125
2022-09-07 10:30:00,0.6449125
2022-09-08 10:30:00,0.676125
2022-09-09 10:30:00,0.6826625
2022-09-10 10:30:00,0.7222625
2022-09-11 10:30:00,0.66959995
2022-09-12 10:30:00,0.785075
2022-09-13 10:30:00,0.5888125
2022-09-14 10:30:00,0.6925875
2022-09-15 10:30:00,0.6992375
2022-09-16 10:30:00,0.7393875
2022-09-17 10:30:00,0.612625
2022-09-18 10:30:00,0.5073625
2022-09-19 10:30:00,0.35478747
2022-09-20 10:30:00,0.48235
2022-09-21 10:30:00,0.42658746
2022-09-22 10:30:00,0.8762
2022-09-23 10:30:00,0.84305
2022-09-24 10:30:00,0.5778
2022-09-25 10:30:00,0.4334125
2022-09-26 10:30:00,0.5780875
2022-09-27 10:30:00,0.44437498
2022-09-28 10:30:00,0.5191375
2022-09-29 10:30:00,0.4327875
2022-09-30 10:30:00,0.77278745
2022-10-01 10:30:00,0.71175003
2022-10-02 10:30:00,0.7524875
2022-10-03 10:30:00,0.4914375
2022-10-04 10:30:00,0.4387
2022-10-05 10:30:00,0.46447498
2022-10-06 10:30:00,0.59209996
2022-10-07 10:30:00,0.4989875
2022-10-08 10:30:00,0.637125
2022-10-09 10:30:00,0.31803748
2022-10-10 10:30:00,0.3667375
2022-10-11 10:30:00,0.359775
2022-10-12 10:30:00,0.51213753
2022-10-13 10:30:00,0.41302502
2022-10-14 10:30:00,0.44463748
2022-10-15 10:30:00,0.344275
2022-10-16 10:30:00,0.42744997
2022-10-17 10:30:00,0.3928625
2022-10-18 10:30:00,0.5074625
2022-10-19 10:30:00,0.33706248
2022-10-20 10:30:00,0.43561247
2022-10-21 10:30:00,0.68106246
2022-10-22 10:30:00,0.50546247
2022-10-23 10:30:00,0.4296375
2022-10-24 10:30:00,0.466725
2022-10-25 10:30:00,0.56087494
2022-10-26 10:30:00,0.66665
2022-10-27 10:30:00,0.4254375
2022-10-28 10:30:00,0.4596875
2022-10-29 10:30:00,0.5177375
2022-10-30 10:30:00,0.6325375
2022-10-31 10:30:00,0.518025
2022-11-01 10:30:00,0.373175
2022-11-02 10:30:00,0.2973875
2022-11-03 10:30:00,0.36076248
2022-11-04 10:30:00,0.40596247
2022-11-05 10:30:00,0.4303375
2022-11-06 10:30:00,0.520225
2022-11-07 10:30:00,0.4846125
2022-11-08 10:30:00,0.5099875
2022-11-09 10:30:00,0.48073748
2022-11-10 10:30:00,0.38639998
2022-11-11 10:30:00,0.423075
2022-11-12 10:30:00,0.34437498
2022-11-13 10:30:00,0.5408625
2022-11-14 10:30:00,0.5557625
2022-11-15 10:30:00,0.43845
2022-11-16 10:30:00,0.5686
2022-11-17 10:30:00,0.60994995
2022-11-18 10:30:00,0.4923875
2022-11-19 10:30:00,0.5225
2022-11-20 10:30:00,0.38184997
2022-11-21 10:30:00,0.4740625
2022-11-22 10:30:00,0.5290875
2022-11-23 10:30:00,0.56729996
2022-11-24 10:30:00,0.9149749
2022-11-25 10:30:00,0.6669625
2022-11-26 10:30:00,0.473175
2022-11-27 10:30:00,0.824925
2022-11-28 10:30:00,0.8215
2022-11-29 10:30:00,0.44657502
2022-11-30 10:30:00,0.39784998
2022-12-01 10:30:00,0.4939625
2022-12-02 10:30:00,0.4835125
2022-12-03 10:30:00,0.46029997
2022-12-04 10:30:00,0.5283
2022-12-05 10:30:00,0.526075
2022-12-06 10:30:00,0.57369995
2022-12-07 10:30:00,0.56334996
2022-12-08 10:30:00,0.54237497
2022-12-09 10:30:00,0.54886246
2022-12-10 10:30:00,0.5744375
2022-12-11 10:30:00,0.6245125
2022-12-12 10:30:00,0.4627875
2022-12-13 10:30:00,0.40965
2022-12-14 10:30:00,0.3979875
2022-12-15 10:30:00,0.4292625
2022-12-16 10:30:00,0.4446625
2022-12-17 10:30:00,0.49174997
2022-12-18 10:30:00,0.46478748
2022-12-19 10:30:00,0.47959998
2022-12-20 10:30:00,0.6599375
2022-12-21 10:30:00,0.7401
2022-12-22 10:30:00,0.5157
2022-12-23 10:30:00,0.4779875
2022-12-24 10:30:00,0.4406
2022-12-25 10:30:00,0.61036247
2022-12-26 10:30:00,0.67675
2022-12-27 10:30:00,0.77795
2022-12-28 10:30:00,0.6324
2022-12-29 10:30:00,0.56092495
2022-12-30 10:30:00,0.64805
2022-12-31 10:30:00,0.46760002
