time,rhum
2012-01-01 10:30:00,0.5583375
2012-01-02 10:30:00,0.64269996
2012-01-03 10:30:00,0.6221625
2012-01-04 10:30:00,0.52432495
2012-01-05 10:30:00,0.5699375
2012-01-06 10:30:00,0.505925
2012-01-07 10:30:00,0.52255
2012-01-08 10:30:00,0.54244995
2012-01-09 10:30:00,0.64729995
2012-01-10 10:30:00,0.623675
2012-01-11 10:30:00,0.693
2012-01-12 10:30:00,0.7245375
2012-01-13 10:30:00,0.7046
2012-01-14 10:30:00,0.57154995
2012-01-15 10:30:00,0.77436244
2012-01-16 10:30:00,0.753825
2012-01-17 10:30:00,0.7147125
2012-01-18 10:30:00,0.71753746
2012-01-19 10:30:00,0.742675
2012-01-20 10:30:00,0.43882498
2012-01-21 10:30:00,0.37035
2012-01-22 10:30:00,0.42456248
2012-01-23 10:30:00,0.4554375
2012-01-24 10:30:00,0.44117498
2012-01-25 10:30:00,0.4907125
2012-01-26 10:30:00,0.42128748
2012-01-27 10:30:00,0.4185375
2012-01-28 10:30:00,0.4170625
2012-01-29 10:30:00,0.46996248
2012-01-30 10:30:00,0.34526247
2012-01-31 10:30:00,0.4024375
2012-02-01 10:30:00,0.333275
2012-02-02 10:30:00,0.29645
2012-02-03 10:30:00,0.34814999
2012-02-04 10:30:00,0.41182497
2012-02-05 10:30:00,0.39525
2012-02-06 10:30:00,0.3934875
2012-02-07 10:30:00,0.3168125
2012-02-08 10:30:00,0.36743748
2012-02-09 10:30:00,0.32658747
2012-02-10 10:30:00,0.28527498
2012-02-11 10:30:00,0.2939
2012-02-12 10:30:00,0.39849997
2012-02-13 10:30:00,0.3195125
2012-02-14 10:30:00,0.28824997
2012-02-15 10:30:00,0.29865
2012-02-16 10:30:00,0.34155
2012-02-17 10:30:00,0.389075
2012-02-18 10:30:00,0.3458375
2012-02-19 10:30:00,0.25869998
2012-02-20 10:30:00,0.20355
2012-02-21 10:30:00,0.23775
2012-02-22 10:30:00,0.2259125
2012-02-23 10:30:00,0.304175
2012-02-24 10:30:00,0.3382375
2012-02-25 10:30:00,0.27212498
2012-02-26 10:30:00,0.312075
2012-02-27 10:30:00,0.3725
2012-02-28 10:30:00,0.3260625
2012-02-29 10:30:00,0.28347498
2012-03-01 10:30:00,0.22747499
2012-03-02 10:30:00,0.235825
2012-03-03 10:30:00,0.25625
2012-03-04 10:30:00,0.397925
2012-03-05 10:30:00,0.590975
2012-03-06 10:30:00,0.39679998
2012-03-07 10:30:00,0.47654998
2012-03-08 10:30:00,0.3281
2012-03-09 10:30:00,0.3649625
2012-03-10 10:30:00,0.451575
2012-03-11 10:30:00,0.3022875
2012-03-12 10:30:00,0.30925
2012-03-13 10:30:00,0.30936247
2012-03-14 10:30:00,0.30387497
2012-03-15 10:30:00,0.3703375
2012-03-16 10:30:00,0.2543625
2012-03-17 10:30:00,0.16302499
2012-03-18 10:30:00,0.20432499
2012-03-19 10:30:00,0.19324999
2012-03-20 10:30:00,0.19317499
2012-03-21 10:30:00,0.3213375
2012-03-22 10:30:00,0.1935
2012-03-23 10:30:00,0.40101248
2012-03-24 10:30:00,0.23878749
2012-03-25 10:30:00,0.2306125
2012-03-26 10:30:00,0.3412875
2012-03-27 10:30:00,0.2279
2012-03-28 10:30:00,0.1789625
2012-03-29 10:30:00,0.64254993
2012-03-30 10:30:00,0.7613125
2012-03-31 10:30:00,0.4991375
2012-04-01 10:30:00,0.30505002
2012-04-02 10:30:00,0.26729998
2012-04-03 10:30:00,0.31812498
2012-04-04 10:30:00,0.4647875
2012-04-05 10:30:00,0.2744875
2012-04-06 10:30:00,0.21401249
2012-04-07 10:30:00,0.264375
2012-04-08 10:30:00,0.491225
2012-04-09 10:30:00,0.1968375
2012-04-10 10:30:00,0.19467498
2012-04-11 10:30:00,0.279475
2012-04-12 10:30:00,0.2982625
2012-04-13 10:30:00,0.21527499
2012-04-14 10:30:00,0.46971253
2012-04-15 10:30:00,0.25942498
2012-04-16 10:30:00,0.19209999
2012-04-17 10:30:00,0.23591249
2012-04-18 10:30:00,0.411225
2012-04-19 10:30:00,0.45528752
2012-04-20 10:30:00,0.1476
2012-04-21 10:30:00,0.5049625
2012-04-22 10:30:00,0.50925
2012-04-23 10:30:00,0.51124996
2012-04-24 10:30:00,0.24302499
2012-04-25 10:30:00,0.18024999
2012-04-26 10:30:00,0.1709
2012-04-27 10:30:00,0.7140125
2012-04-28 10:30:00,0.3176125
2012-04-29 10:30:00,0.24889998
2012-04-30 10:30:00,0.37662497
2012-05-01 10:30:00,0.1801125
2012-05-02 10:30:00,0.23645
2012-05-03 10:30:00,0.165825
2012-05-04 10:30:00,0.225275
2012-05-05 10:30:00,0.1944625
2012-05-06 10:30:00,0.4285375
2012-05-07 10:30:00,0.4405875
2012-05-08 10:30:00,0.462075
2012-05-09 10:30:00,0.43645
2012-05-10 10:30:00,0.5303125
2012-05-11 10:30:00,0.38384998
2012-05-12 10:30:00,0.81943744
2012-05-13 10:30:00,0.72262496
2012-05-14 10:30:00,0.6875125
2012-05-15 10:30:00,0.7459625
2012-05-16 10:30:00,0.8053375
2012-05-17 10:30:00,0.44091246
2012-05-18 10:30:00,0.357475
2012-05-19 10:30:00,0.16784999
2012-05-20 10:30:00,0.24472499
2012-05-21 10:30:00,0.29741248
2012-05-22 10:30:00,0.3189875
2012-05-23 10:30:00,0.24447499
2012-05-24 10:30:00,0.315525
2012-05-25 10:30:00,0.4158625
2012-05-26 10:30:00,0.43147498
2012-05-27 10:30:00,0.36674997
2012-05-28 10:30:00,0.511725
2012-05-29 10:30:00,0.4623625
2012-05-30 10:30:00,0.65701246
2012-05-31 10:30:00,0.7089499
2012-06-01 10:30:00,0.7666625
2012-06-02 10:30:00,0.732275
2012-06-03 10:30:00,0.6775375
2012-06-04 10:30:00,0.7190125
2012-06-05 10:30:00,0.5697
2012-06-06 10:30:00,0.736575
2012-06-07 10:30:00,0.68583745
2012-06-08 10:30:00,0.54956245
2012-06-09 10:30:00,0.60574996
2012-06-10 10:30:00,0.45653751
2012-06-11 10:30:00,0.7504875
2012-06-12 10:30:00,0.854
2012-06-13 10:30:00,0.820975
2012-06-14 10:30:00,0.7076
2012-06-15 10:30:00,0.82664996
2012-06-16 10:30:00,0.80785
2012-06-17 10:30:00,0.825725
2012-06-18 10:30:00,0.67515
2012-06-19 10:30:00,0.5955375
2012-06-20 10:30:00,0.58889997
2012-06-21 10:30:00,0.5878625
2012-06-22 10:30:00,0.5153
2012-06-23 10:30:00,0.602675
2012-06-24 10:30:00,0.740475
2012-06-25 10:30:00,0.6984375
2012-06-26 10:30:00,0.6726625
2012-06-27 10:30:00,0.7873625
2012-06-28 10:30:00,0.7223
2012-06-29 10:30:00,0.81184995
2012-06-30 10:30:00,0.5639625
2012-07-01 10:30:00,0.7576249
2012-07-02 10:30:00,0.81205
2012-07-03 10:30:00,0.7934874
2012-07-04 10:30:00,0.698125
2012-07-05 10:30:00,0.704125
2012-07-06 10:30:00,0.6328
2012-07-07 10:30:00,0.6186375
2012-07-08 10:30:00,0.7219625
2012-07-09 10:30:00,0.76735
2012-07-10 10:30:00,0.80803746
2012-07-11 10:30:00,0.8329
2012-07-12 10:30:00,0.80053747
2012-07-13 10:30:00,0.64797497
2012-07-14 10:30:00,0.6743625
2012-07-15 10:30:00,0.6766375
2012-07-16 10:30:00,0.5973125
2012-07-17 10:30:00,0.61326253
2012-07-18 10:30:00,0.72104996
2012-07-19 10:30:00,0.70544994
2012-07-20 10:30:00,0.7143875
2012-07-21 10:30:00,0.806575
2012-07-22 10:30:00,0.8649375
2012-07-23 10:30:00,0.6526625
2012-07-24 10:30:00,0.7819625
2012-07-25 10:30:00,0.8243374
2012-07-26 10:30:00,0.7778125
2012-07-27 10:30:00,0.65525
2012-07-28 10:30:00,0.8484375
2012-07-29 10:30:00,0.84604996
2012-07-30 10:30:00,0.76976246
2012-07-31 10:30:00,0.670325
2012-08-01 10:30:00,0.71915
2012-08-02 10:30:00,0.7523125
2012-08-03 10:30:00,0.73381245
2012-08-04 10:30:00,0.7703
2012-08-05 10:30:00,0.68441254
2012-08-06 10:30:00,0.70785004
2012-08-07 10:30:00,0.70458746
2012-08-08 10:30:00,0.56194997
2012-08-09 10:30:00,0.485425
2012-08-10 10:30:00,0.67625
2012-08-11 10:30:00,0.60115
2012-08-12 10:30:00,0.55945
2012-08-13 10:30:00,0.554025
2012-08-14 10:30:00,0.54636246
2012-08-15 10:30:00,0.56079996
2012-08-16 10:30:00,0.60451245
2012-08-17 10:30:00,0.6647
2012-08-18 10:30:00,0.5866875
2012-08-19 10:30:00,0.5252375
2012-08-20 10:30:00,0.57005
2012-08-21 10:30:00,0.40725
2012-08-22 10:30:00,0.39209998
2012-08-23 10:30:00,0.45018747
2012-08-24 10:30:00,0.6322875
2012-08-25 10:30:00,0.6382
2012-08-26 10:30:00,0.5555125
2012-08-27 10:30:00,0.7389
2012-08-28 10:30:00,0.603
2012-08-29 10:30:00,0.5622625
2012-08-30 10:30:00,0.57514995
2012-08-31 10:30:00,0.664225
2012-09-01 10:30:00,0.6841124
2012-09-02 10:30:00,0.87479997
2012-09-03 10:30:00,0.78433746
2012-09-04 10:30:00,0.76364994
2012-09-05 10:30:00,0.69504994
2012-09-06 10:30:00,0.649325
2012-09-07 10:30:00,0.6536
2012-09-08 10:30:00,0.7577125
2012-09-09 10:30:00,0.77708745
2012-09-10 10:30:00,0.6382125
2012-09-11 10:30:00,0.847225
2012-09-12 10:30:00,0.7442875
2012-09-13 10:30:00,0.7371875
2012-09-14 10:30:00,0.6033
2012-09-15 10:30:00,0.65
2012-09-16 10:30:00,0.66403747
2012-09-17 10:30:00,0.6746375
2012-09-18 10:30:00,0.6203875
2012-09-19 10:30:00,0.5978625
2012-09-20 10:30:00,0.5211375
2012-09-21 10:30:00,0.5587125
2012-09-22 10:30:00,0.72552496
2012-09-23 10:30:00,0.72565
2012-09-24 10:30:00,0.6278125
2012-09-25 10:30:00,0.8236875
2012-09-26 10:30:00,0.69058746
2012-09-27 10:30:00,0.71027493
2012-09-28 10:30:00,0.4274875
2012-09-29 10:30:00,0.56154996
2012-09-30 10:30:00,0.5758
2012-10-01 10:30:00,0.67169994
2012-10-02 10:30:00,0.66989994
2012-10-03 10:30:00,0.7452875
2012-10-04 10:30:00,0.681275
2012-10-05 10:30:00,0.3854
2012-10-06 10:30:00,0.4849625
2012-10-07 10:30:00,0.6267625
2012-10-08 10:30:00,0.6450875
2012-10-09 10:30:00,0.65998745
2012-10-10 10:30:00,0.5304625
2012-10-11 10:30:00,0.5923625
2012-10-12 10:30:00,0.60625
2012-10-13 10:30:00,0.83617496
2012-10-14 10:30:00,0.60596246
2012-10-15 10:30:00,0.577125
2012-10-16 10:30:00,0.88154995
2012-10-17 10:30:00,0.559425
2012-10-18 10:30:00,0.4133125
2012-10-19 10:30:00,0.390275
2012-10-20 10:30:00,0.3787875
2012-10-21 10:30:00,0.486925
2012-10-22 10:30:00,0.50205
2012-10-23 10:30:00,0.7135375
2012-10-24 10:30:00,0.8476375
2012-10-25 10:30:00,0.518825
2012-10-26 10:30:00,0.6455875
2012-10-27 10:30:00,0.39456248
2012-10-28 10:30:00,0.31832498
2012-10-29 10:30:00,0.4061
2012-10-30 10:30:00,0.51140004
2012-10-31 10:30:00,0.54697496
2012-11-01 10:30:00,0.61066246
2012-11-02 10:30:00,0.48095
2012-11-03 10:30:00,0.52507496
2012-11-04 10:30:00,0.648725
2012-11-05 10:30:00,0.63944995
2012-11-06 10:30:00,0.563175
2012-11-07 10:30:00,0.6086
2012-11-08 10:30:00,0.5826375
2012-11-09 10:30:00,0.6547375
2012-11-10 10:30:00,0.7559625
2012-11-11 10:30:00,0.7393625
2012-11-12 10:30:00,0.8512375
2012-11-13 10:30:00,0.7154875
2012-11-14 10:30:00,0.67550004
2012-11-15 10:30:00,0.61614996
2012-11-16 10:30:00,0.64576244
2012-11-17 10:30:00,0.77146244
2012-11-18 10:30:00,0.8501
2012-11-19 10:30:00,0.6648625
2012-11-20 10:30:00,0.5802125
2012-11-21 10:30:00,0.6030875
2012-11-22 10:30:00,0.46775
2012-11-23 10:30:00,0.64729995
2012-11-24 10:30:00,0.75786245
2012-11-25 10:30:00,0.6855
2012-11-26 10:30:00,0.594525
2012-11-27 10:30:00,0.7931375
2012-11-28 10:30:00,0.5105125
2012-11-29 10:30:00,0.53249997
2012-11-30 10:30:00,0.4441125
2012-12-01 10:30:00,0.6875125
2012-12-02 10:30:00,0.7722125
2012-12-03 10:30:00,0.54873747
2012-12-04 10:30:00,0.47042498
2012-12-05 10:30:00,0.3719375
2012-12-06 10:30:00,0.47564998
2012-12-07 10:30:00,0.53069997
2012-12-08 10:30:00,0.6940125
2012-12-09 10:30:00,0.77066255
2012-12-10 10:30:00,0.65055
2012-12-11 10:30:00,0.6590375
2012-12-12 10:30:00,0.7381375
2012-12-13 10:30:00,0.607875
2012-12-14 10:30:00,0.6554875
2012-12-15 10:30:00,0.7725499
2012-12-16 10:30:00,0.61654997
2012-12-17 10:30:00,0.44445
2012-12-18 10:30:00,0.40966251
2012-12-19 10:30:00,0.54935
2012-12-20 10:30:00,0.60849994
2012-12-21 10:30:00,0.455675
2012-12-22 10:30:00,0.40119997
2012-12-23 10:30:00,0.36267498
2012-12-24 10:30:00,0.53438747
2012-12-25 10:30:00,0.36169997
2012-12-26 10:30:00,0.544725
2012-12-27 10:30:00,0.564425
2012-12-28 10:30:00,0.68677497
2012-12-29 10:30:00,0.72145003
2012-12-30 10:30:00,0.55861247
2012-12-31 10:30:00,0.60940003
2013-01-01 10:30:00,0.5082
2013-01-02 10:30:00,0.40515
2013-01-03 10:30:00,0.466425
2013-01-04 10:30:00,0.42259997
2013-01-05 10:30:00,0.4727375
2013-01-06 10:30:00,0.61698747
2013-01-07 10:30:00,0.57954997
2013-01-08 10:30:00,0.49811247
2013-01-09 10:30:00,0.569525
2013-01-10 10:30:00,0.61333746
2013-01-11 10:30:00,0.62705
2013-01-12 10:30:00,0.6700125
2013-01-13 10:30:00,0.69444996
2013-01-14 10:30:00,0.6382375
2013-01-15 10:30:00,0.67419994
2013-01-16 10:30:00,0.56194997
2013-01-17 10:30:00,0.66279995
2013-01-18 10:30:00,0.693125
2013-01-19 10:30:00,0.66058743
2013-01-20 10:30:00,0.72894996
2013-01-21 10:30:00,0.64897496
2013-01-22 10:30:00,0.71415
2013-01-23 10:30:00,0.7169
2013-01-24 10:30:00,0.4095375
2013-01-25 10:30:00,0.4485125
2013-01-26 10:30:00,0.47915
2013-01-27 10:30:00,0.6981125
2013-01-28 10:30:00,0.747875
2013-01-29 10:30:00,0.69778746
2013-01-30 10:30:00,0.7480124
2013-01-31 10:30:00,0.722675
2013-02-01 10:30:00,0.38372502
2013-02-02 10:30:00,0.37986252
2013-02-03 10:30:00,0.57845
2013-02-04 10:30:00,0.5599125
2013-02-05 10:30:00,0.6212625
2013-02-06 10:30:00,0.48338747
2013-02-07 10:30:00,0.4109375
2013-02-08 10:30:00,0.4415375
2013-02-09 10:30:00,0.5499
2013-02-10 10:30:00,0.4298375
2013-02-11 10:30:00,0.624075
2013-02-12 10:30:00,0.6518
2013-02-13 10:30:00,0.43552497
2013-02-14 10:30:00,0.3872
2013-02-15 10:30:00,0.519875
2013-02-16 10:30:00,0.72588754
2013-02-17 10:30:00,0.47465
2013-02-18 10:30:00,0.3255125
2013-02-19 10:30:00,0.33424997
2013-02-20 10:30:00,0.3448375
2013-02-21 10:30:00,0.434375
2013-02-22 10:30:00,0.4157125
2013-02-23 10:30:00,0.33625
2013-02-24 10:30:00,0.46972498
2013-02-25 10:30:00,0.64916253
2013-02-26 10:30:00,0.8032625
2013-02-27 10:30:00,0.4777375
2013-02-28 10:30:00,0.74146247
2013-03-01 10:30:00,0.3550125
2013-03-02 10:30:00,0.5096125
2013-03-03 10:30:00,0.702925
2013-03-04 10:30:00,0.6176125
2013-03-05 10:30:00,0.674775
2013-03-06 10:30:00,0.4906
2013-03-07 10:30:00,0.27188748
2013-03-08 10:30:00,0.49307498
2013-03-09 10:30:00,0.63444996
2013-03-10 10:30:00,0.53538746
2013-03-11 10:30:00,0.600025
2013-03-12 10:30:00,0.3391375
2013-03-13 10:30:00,0.335975
2013-03-14 10:30:00,0.50423753
2013-03-15 10:30:00,0.5226125
2013-03-16 10:30:00,0.5753
2013-03-17 10:30:00,0.2931875
2013-03-18 10:30:00,0.3630875
2013-03-19 10:30:00,0.34362498
2013-03-20 10:30:00,0.3688875
2013-03-21 10:30:00,0.5664875
2013-03-22 10:30:00,0.37908748
2013-03-23 10:30:00,0.47709998
2013-03-24 10:30:00,0.42354998
2013-03-25 10:30:00,0.4274375
2013-03-26 10:30:00,0.58825
2013-03-27 10:30:00,0.60800004
2013-03-28 10:30:00,0.46728748
2013-03-29 10:30:00,0.397775
2013-03-30 10:30:00,0.3789875
2013-03-31 10:30:00,0.27025
2013-04-01 10:30:00,0.31678748
2013-04-02 10:30:00,0.3058875
2013-04-03 10:30:00,0.30825
2013-04-04 10:30:00,0.46895
2013-04-05 10:30:00,0.50896245
2013-04-06 10:30:00,0.5060625
2013-04-07 10:30:00,0.41748747
2013-04-08 10:30:00,0.44092497
2013-04-09 10:30:00,0.3094625
2013-04-10 10:30:00,0.5903125
2013-04-11 10:30:00,0.4843875
2013-04-12 10:30:00,0.28327498
2013-04-13 10:30:00,0.2691875
2013-04-14 10:30:00,0.25635
2013-04-15 10:30:00,0.23658748
2013-04-16 10:30:00,0.29681247
2013-04-17 10:30:00,0.287525
2013-04-18 10:30:00,0.3162
2013-04-19 10:30:00,0.2272875
2013-04-20 10:30:00,0.264075
2013-04-21 10:30:00,0.2435
2013-04-22 10:30:00,0.38439998
2013-04-23 10:30:00,0.33131248
2013-04-24 10:30:00,0.6488624
2013-04-25 10:30:00,0.67114997
2013-04-26 10:30:00,0.36831248
2013-04-27 10:30:00,0.4391
2013-04-28 10:30:00,0.63923746
2013-04-29 10:30:00,0.83827496
2013-04-30 10:30:00,0.537375
2013-05-01 10:30:00,0.51151246
2013-05-02 10:30:00,0.4325125
2013-05-03 10:30:00,0.3253125
2013-05-04 10:30:00,0.2259
2013-05-05 10:30:00,0.3157875
2013-05-06 10:30:00,0.42
2013-05-07 10:30:00,0.27107498
2013-05-08 10:30:00,0.4555125
2013-05-09 10:30:00,0.48293748
2013-05-10 10:30:00,0.356875
2013-05-11 10:30:00,0.4110125
2013-05-12 10:30:00,0.6116625
2013-05-13 10:30:00,0.5878375
2013-05-14 10:30:00,0.59345
2013-05-15 10:30:00,0.46159998
2013-05-16 10:30:00,0.4267875
2013-05-17 10:30:00,0.42479998
2013-05-18 10:30:00,0.3448375
2013-05-19 10:30:00,0.469425
2013-05-20 10:30:00,0.77511245
2013-05-21 10:30:00,0.5895
2013-05-22 10:30:00,0.38143748
2013-05-23 10:30:00,0.2982125
2013-05-24 10:30:00,0.2441625
2013-05-25 10:30:00,0.20028749
2013-05-26 10:30:00,0.3667875
2013-05-27 10:30:00,0.57156247
2013-05-28 10:30:00,0.4843125
2013-05-29 10:30:00,0.3319375
2013-05-30 10:30:00,0.3040375
2013-05-31 10:30:00,0.3160375
2013-06-01 10:30:00,0.38038749
2013-06-02 10:30:00,0.2898125
2013-06-03 10:30:00,0.605725
2013-06-04 10:30:00,0.5299625
2013-06-05 10:30:00,0.5034625
2013-06-06 10:30:00,0.67351246
2013-06-07 10:30:00,0.5621625
2013-06-08 10:30:00,0.693475
2013-06-09 10:30:00,0.8697625
2013-06-10 10:30:00,0.5301375
2013-06-11 10:30:00,0.6224875
2013-06-12 10:30:00,0.77345
2013-06-13 10:30:00,0.5728625
2013-06-14 10:30:00,0.65192497
2013-06-15 10:30:00,0.6403125
2013-06-16 10:30:00,0.5984
2013-06-17 10:30:00,0.528
2013-06-18 10:30:00,0.5091375
2013-06-19 10:30:00,0.6731625
2013-06-20 10:30:00,0.64206254
2013-06-21 10:30:00,0.61662495
2013-06-22 10:30:00,0.46905
2013-06-23 10:30:00,0.4968
2013-06-24 10:30:00,0.478525
2013-06-25 10:30:00,0.6571375
2013-06-26 10:30:00,0.7475999
2013-06-27 10:30:00,0.896325
2013-06-28 10:30:00,0.712375
2013-06-29 10:30:00,0.896325
2013-06-30 10:30:00,0.81826246
2013-07-01 10:30:00,0.8152125
2013-07-02 10:30:00,0.8231625
2013-07-03 10:30:00,0.8118125
2013-07-04 10:30:00,0.7106375
2013-07-05 10:30:00,0.50589997
2013-07-06 10:30:00,0.6060625
2013-07-07 10:30:00,0.62172496
2013-07-08 10:30:00,0.68885
2013-07-09 10:30:00,0.534775
2013-07-10 10:30:00,0.4657125
2013-07-11 10:30:00,0.6098375
2013-07-12 10:30:00,0.584275
2013-07-13 10:30:00,0.57261246
2013-07-14 10:30:00,0.52771246
2013-07-15 10:30:00,0.8006375
2013-07-16 10:30:00,0.6159375
2013-07-17 10:30:00,0.706675
2013-07-18 10:30:00,0.7606625
2013-07-19 10:30:00,0.6441
2013-07-20 10:30:00,0.65441245
2013-07-21 10:30:00,0.6379875
2013-07-22 10:30:00,0.7275375
2013-07-23 10:30:00,0.8417375
2013-07-24 10:30:00,0.8037999
2013-07-25 10:30:00,0.737125
2013-07-26 10:30:00,0.7028375
2013-07-27 10:30:00,0.8524749
2013-07-28 10:30:00,0.7374875
2013-07-29 10:30:00,0.6941
2013-07-30 10:30:00,0.67996246
2013-07-31 10:30:00,0.78015
2013-08-01 10:30:00,0.8591375
2013-08-02 10:30:00,0.8164375
2013-08-03 10:30:00,0.84467494
2013-08-04 10:30:00,0.7256375
2013-08-05 10:30:00,0.73786247
2013-08-06 10:30:00,0.720175
2013-08-07 10:30:00,0.7233
2013-08-08 10:30:00,0.62896246
2013-08-09 10:30:00,0.6228625
2013-08-10 10:30:00,0.66095
2013-08-11 10:30:00,0.67951244
2013-08-12 10:30:00,0.82866246
2013-08-13 10:30:00,0.63925
2013-08-14 10:30:00,0.65857494
2013-08-15 10:30:00,0.6023625
2013-08-16 10:30:00,0.79513747
2013-08-17 10:30:00,0.8480125
2013-08-18 10:30:00,0.622
2013-08-19 10:30:00,0.67595
2013-08-20 10:30:00,0.5963625
2013-08-21 10:30:00,0.826325
2013-08-22 10:30:00,0.72735
2013-08-23 10:30:00,0.6910875
2013-08-24 10:30:00,0.58035
2013-08-25 10:30:00,0.6315625
2013-08-26 10:30:00,0.6110875
2013-08-27 10:30:00,0.7114125
2013-08-28 10:30:00,0.8608625
2013-08-29 10:30:00,0.6406375
2013-08-30 10:30:00,0.80130005
2013-08-31 10:30:00,0.6707375
2013-09-01 10:30:00,0.6736875
2013-09-02 10:30:00,0.70013744
2013-09-03 10:30:00,0.6828125
2013-09-04 10:30:00,0.7007374
2013-09-05 10:30:00,0.7182625
2013-09-06 10:30:00,0.76746255
2013-09-07 10:30:00,0.7668125
2013-09-08 10:30:00,0.72412497
2013-09-09 10:30:00,0.706725
2013-09-10 10:30:00,0.52525
2013-09-11 10:30:00,0.45604998
2013-09-12 10:30:00,0.69183743
2013-09-13 10:30:00,0.66459996
2013-09-14 10:30:00,0.39616248
2013-09-15 10:30:00,0.44467497
2013-09-16 10:30:00,0.44006246
2013-09-17 10:30:00,0.5717875
2013-09-18 10:30:00,0.4960625
2013-09-19 10:30:00,0.6274625
2013-09-20 10:30:00,0.59335
2013-09-21 10:30:00,0.6364625
2013-09-22 10:30:00,0.548325
2013-09-23 10:30:00,0.3952125
2013-09-24 10:30:00,0.4139625
2013-09-25 10:30:00,0.39389998
2013-09-26 10:30:00,0.44904998
2013-09-27 10:30:00,0.2854125
2013-09-28 10:30:00,0.3874125
2013-09-29 10:30:00,0.44454998
2013-09-30 10:30:00,0.40746248
2013-10-01 10:30:00,0.39728752
2013-10-02 10:30:00,0.348175
2013-10-03 10:30:00,0.33991247
2013-10-04 10:30:00,0.379
2013-10-05 10:30:00,0.34431252
2013-10-06 10:30:00,0.4194625
2013-10-07 10:30:00,0.30442497
2013-10-08 10:30:00,0.2515625
2013-10-09 10:30:00,0.4235125
2013-10-10 10:30:00,0.762325
2013-10-11 10:30:00,0.5423375
2013-10-12 10:30:00,0.4484125
2013-10-13 10:30:00,0.4362
2013-10-14 10:30:00,0.40825
2013-10-15 10:30:00,0.4661
2013-10-16 10:30:00,0.4565625
2013-10-17 10:30:00,0.46388748
2013-10-18 10:30:00,0.602075
2013-10-19 10:30:00,0.649075
2013-10-20 10:30:00,0.729675
2013-10-21 10:30:00,0.7601875
2013-10-22 10:30:00,0.7599
2013-10-23 10:30:00,0.897375
2013-10-24 10:30:00,0.60095
2013-10-25 10:30:00,0.5758
2013-10-26 10:30:00,0.7430625
2013-10-27 10:30:00,0.84555
2013-10-28 10:30:00,0.5786
2013-10-29 10:30:00,0.516175
2013-10-30 10:30:00,0.52612495
2013-10-31 10:30:00,0.5396125
2013-11-01 10:30:00,0.4342875
2013-11-02 10:30:00,0.49756247
2013-11-03 10:30:00,0.36549997
2013-11-04 10:30:00,0.41425
2013-11-05 10:30:00,0.5258
2013-11-06 10:30:00,0.55201244
2013-11-07 10:30:00,0.3131625
2013-11-08 10:30:00,0.46072498
2013-11-09 10:30:00,0.27765
2013-11-10 10:30:00,0.2557125
2013-11-11 10:30:00,0.29838747
2013-11-12 10:30:00,0.3579625
2013-11-13 10:30:00,0.4251125
2013-11-14 10:30:00,0.40732497
2013-11-15 10:30:00,0.4185625
2013-11-16 10:30:00,0.483325
2013-11-17 10:30:00,0.4499625
2013-11-18 10:30:00,0.2890375
2013-11-19 10:30:00,0.2316625
2013-11-20 10:30:00,0.3046
2013-11-21 10:30:00,0.43241248
2013-11-22 10:30:00,0.540125
2013-11-23 10:30:00,0.47263747
2013-11-24 10:30:00,0.3750375
2013-11-25 10:30:00,0.2703625
2013-11-26 10:30:00,0.284125
2013-11-27 10:30:00,0.2977375
2013-11-28 10:30:00,0.1792125
2013-11-29 10:30:00,0.21795
2013-11-30 10:30:00,0.1597
2013-12-01 10:30:00,0.4173125
2013-12-02 10:30:00,0.464425
2013-12-03 10:30:00,0.44478747
2013-12-04 10:30:00,0.25309998
2013-12-05 10:30:00,0.2036375
2013-12-06 10:30:00,0.44116247
2013-12-07 10:30:00,0.56194997
2013-12-08 10:30:00,0.6903125
2013-12-09 10:30:00,0.490075
2013-12-10 10:30:00,0.59139997
2013-12-11 10:30:00,0.61092496
2013-12-12 10:30:00,0.41425
2013-12-13 10:30:00,0.39408746
2013-12-14 10:30:00,0.43241248
2013-12-15 10:30:00,0.71209997
2013-12-16 10:30:00,0.73894995
2013-12-17 10:30:00,0.77625
2013-12-18 10:30:00,0.684775
2013-12-19 10:30:00,0.694125
2013-12-20 10:30:00,0.52415
2013-12-21 10:30:00,0.5946125
2013-12-22 10:30:00,0.54912496
2013-12-23 10:30:00,0.5319125
2013-12-24 10:30:00,0.657125
2013-12-25 10:30:00,0.65005
2013-12-26 10:30:00,0.4642875
2013-12-27 10:30:00,0.501525
2013-12-28 10:30:00,0.429425
2013-12-29 10:30:00,0.439925
2013-12-30 10:30:00,0.55925
2013-12-31 10:30:00,0.7062
2014-01-01 10:30:00,0.39338747
2014-01-02 10:30:00,0.5686875
2014-01-03 10:30:00,0.440825
2014-01-04 10:30:00,0.5236125
2014-01-05 10:30:00,0.6442125
2014-01-06 10:30:00,0.6508
2014-01-07 10:30:00,0.344775
2014-01-08 10:30:00,0.3496
2014-01-09 10:30:00,0.41614997
2014-01-10 10:30:00,0.4898375
2014-01-11 10:30:00,0.49866247
2014-01-12 10:30:00,0.3178125
2014-01-13 10:30:00,0.43241248
2014-01-14 10:30:00,0.48267502
2014-01-15 10:30:00,0.59658754
2014-01-16 10:30:00,0.540075
2014-01-17 10:30:00,0.4916625
2014-01-18 10:30:00,0.4718375
2014-01-19 10:30:00,0.6452375
2014-01-20 10:30:00,0.51875
2014-01-21 10:30:00,0.48923752
2014-01-22 10:30:00,0.57111245
2014-01-23 10:30:00,0.6607625
2014-01-24 10:30:00,0.4388375
2014-01-25 10:30:00,0.3181125
2014-01-26 10:30:00,0.4641875
2014-01-27 10:30:00,0.3269125
2014-01-28 10:30:00,0.3190375
2014-01-29 10:30:00,0.579625
2014-01-30 10:30:00,0.45976248
2014-01-31 10:30:00,0.35502496
2014-02-01 10:30:00,0.43025002
2014-02-02 10:30:00,0.2407875
2014-02-03 10:30:00,0.2618
2014-02-04 10:30:00,0.3472
2014-02-05 10:30:00,0.3801625
2014-02-06 10:30:00,0.3664625
2014-02-07 10:30:00,0.40412498
2014-02-08 10:30:00,0.4466125
2014-02-09 10:30:00,0.376425
2014-02-10 10:30:00,0.4303625
2014-02-11 10:30:00,0.5686
2014-02-12 10:30:00,0.43559995
2014-02-13 10:30:00,0.46685
2014-02-14 10:30:00,0.6908625
2014-02-15 10:30:00,0.63576245
2014-02-16 10:30:00,0.62469995
2014-02-17 10:30:00,0.36244997
2014-02-18 10:30:00,0.44933748
2014-02-19 10:30:00,0.45666248
2014-02-20 10:30:00,0.5190375
2014-02-21 10:30:00,0.54591244
2014-02-22 10:30:00,0.4046875
2014-02-23 10:30:00,0.3961375
2014-02-24 10:30:00,0.4114
2014-02-25 10:30:00,0.58401245
2014-02-26 10:30:00,0.5519625
2014-02-27 10:30:00,0.2139125
2014-02-28 10:30:00,0.4163125
2014-03-01 10:30:00,0.3664625
2014-03-02 10:30:00,0.32825
2014-03-03 10:30:00,0.3170375
2014-03-04 10:30:00,0.28195
2014-03-05 10:30:00,0.2562125
2014-03-06 10:30:00,0.2488875
2014-03-07 10:30:00,0.24567501
2014-03-08 10:30:00,0.2223
2014-03-09 10:30:00,0.2172125
2014-03-10 10:30:00,0.24983749
2014-03-11 10:30:00,0.47436246
2014-03-12 10:30:00,0.438525
2014-03-13 10:30:00,0.29003748
2014-03-14 10:30:00,0.19745
2014-03-15 10:30:00,0.42721248
2014-03-16 10:30:00,0.3598625
2014-03-17 10:30:00,0.43221247
2014-03-18 10:30:00,0.2873875
2014-03-19 10:30:00,0.478875
2014-03-20 10:30:00,0.3684
2014-03-21 10:30:00,0.2891625
2014-03-22 10:30:00,0.2595875
2014-03-23 10:30:00,0.23385
2014-03-24 10:30:00,0.2807375
2014-03-25 10:30:00,0.3786875
2014-03-26 10:30:00,0.398325
2014-03-27 10:30:00,0.2665375
2014-03-28 10:30:00,0.29556248
2014-03-29 10:30:00,0.2588
2014-03-30 10:30:00,0.14825
2014-03-31 10:30:00,0.23965
2014-04-01 10:30:00,0.49816248
2014-04-02 10:30:00,0.2803
2014-04-03 10:30:00,0.2809375
2014-04-04 10:30:00,0.4329875
2014-04-05 10:30:00,0.26935
2014-04-06 10:30:00,0.26247498
2014-04-07 10:30:00,0.23209998
2014-04-08 10:30:00,0.345825
2014-04-09 10:30:00,0.18834999
2014-04-10 10:30:00,0.22483748
2014-04-11 10:30:00,0.18177499
2014-04-12 10:30:00,0.21901248
2014-04-13 10:30:00,0.234225
2014-04-14 10:30:00,0.1400875
2014-04-15 10:30:00,0.11283749
2014-04-16 10:30:00,0.172
2014-04-17 10:30:00,0.26533747
2014-04-18 10:30:00,0.20809999
2014-04-19 10:30:00,0.4290375
2014-04-20 10:30:00,0.7158
2014-04-21 10:30:00,0.293375
2014-04-22 10:30:00,0.2304375
2014-04-23 10:30:00,0.26131248
2014-04-24 10:30:00,0.3476625
2014-04-25 10:30:00,0.2998375
2014-04-26 10:30:00,0.3119625
2014-04-27 10:30:00,0.27046248
2014-04-28 10:30:00,0.209125
2014-04-29 10:30:00,0.1961875
2014-04-30 10:30:00,0.1359375
2014-05-01 10:30:00,0.3262125
2014-05-02 10:30:00,0.21635
2014-05-03 10:30:00,0.17802499
2014-05-04 10:30:00,0.274925
2014-05-05 10:30:00,0.38397497
2014-05-06 10:30:00,0.49645
2014-05-07 10:30:00,0.35773748
2014-05-08 10:30:00,0.33557498
2014-05-09 10:30:00,0.2586375
2014-05-10 10:30:00,0.6356375
2014-05-11 10:30:00,0.78278744
2014-05-12 10:30:00,0.7255
2014-05-13 10:30:00,0.75426245
2014-05-14 10:30:00,0.78418744
2014-05-15 10:30:00,0.709125
2014-05-16 10:30:00,0.64757496
2014-05-17 10:30:00,0.64065003
2014-05-18 10:30:00,0.74202496
2014-05-19 10:30:00,0.716125
2014-05-20 10:30:00,0.71375
2014-05-21 10:30:00,0.6553125
2014-05-22 10:30:00,0.56072503
2014-05-23 10:30:00,0.327525
2014-05-24 10:30:00,0.516525
2014-05-25 10:30:00,0.7724125
2014-05-26 10:30:00,0.8458625
2014-05-27 10:30:00,0.6121875
2014-05-28 10:30:00,0.3548625
2014-05-29 10:30:00,0.38732502
2014-05-30 10:30:00,0.2909625
2014-05-31 10:30:00,0.37935
2014-06-01 10:30:00,0.297325
2014-06-02 10:30:00,0.345
2014-06-03 10:30:00,0.389975
2014-06-04 10:30:00,0.4418
2014-06-05 10:30:00,0.4511875
2014-06-06 10:30:00,0.3396625
2014-06-07 10:30:00,0.5298375
2014-06-08 10:30:00,0.911325
2014-06-09 10:30:00,0.824125
2014-06-10 10:30:00,0.75894994
2014-06-11 10:30:00,0.777925
2014-06-12 10:30:00,0.65448743
2014-06-13 10:30:00,0.48177502
2014-06-14 10:30:00,0.42491248
2014-06-15 10:30:00,0.50067496
2014-06-16 10:30:00,0.58727497
2014-06-17 10:30:00,0.647925
2014-06-18 10:30:00,0.5442375
2014-06-19 10:30:00,0.654225
2014-06-20 10:30:00,0.5722375
2014-06-21 10:30:00,0.57234997
2014-06-22 10:30:00,0.49329996
2014-06-23 10:30:00,0.44125
2014-06-24 10:30:00,0.5255875
2014-06-25 10:30:00,0.6505125
2014-06-26 10:30:00,0.752375
2014-06-27 10:30:00,0.53599995
2014-06-28 10:30:00,0.58935
2014-06-29 10:30:00,0.55106246
2014-06-30 10:30:00,0.49785
2014-07-01 10:30:00,0.6030625
2014-07-02 10:30:00,0.63787496
2014-07-03 10:30:00,0.81022495
2014-07-04 10:30:00,0.4843875
2014-07-05 10:30:00,0.6907374
2014-07-06 10:30:00,0.639925
2014-07-07 10:30:00,0.7907125
2014-07-08 10:30:00,0.615425
2014-07-09 10:30:00,0.70866245
2014-07-10 10:30:00,0.7174125
2014-07-11 10:30:00,0.7209625
2014-07-12 10:30:00,0.7152
2014-07-13 10:30:00,0.7478375
2014-07-14 10:30:00,0.597075
2014-07-15 10:30:00,0.76285005
2014-07-16 10:30:00,0.84942496
2014-07-17 10:30:00,0.82093745
2014-07-18 10:30:00,0.6946875
2014-07-19 10:30:00,0.7606625
2014-07-20 10:30:00,0.9088375
2014-07-21 10:30:00,0.5968625
2014-07-22 10:30:00,0.6753875
2014-07-23 10:30:00,0.682175
2014-07-24 10:30:00,0.62953746
2014-07-25 10:30:00,0.728225
2014-07-26 10:30:00,0.71255
2014-07-27 10:30:00,0.6654125
2014-07-28 10:30:00,0.7236625
2014-07-29 10:30:00,0.7287
2014-07-30 10:30:00,0.7586
2014-07-31 10:30:00,0.7175375
2014-08-01 10:30:00,0.50495
2014-08-02 10:30:00,0.7051
2014-08-03 10:30:00,0.5277125
2014-08-04 10:30:00,0.6236625
2014-08-05 10:30:00,0.77815
2014-08-06 10:30:00,0.708125
2014-08-07 10:30:00,0.570775
2014-08-08 10:30:00,0.635475
2014-08-09 10:30:00,0.745475
2014-08-10 10:30:00,0.7931375
2014-08-11 10:30:00,0.8254125
2014-08-12 10:30:00,0.70646244
2014-08-13 10:30:00,0.56493753
2014-08-14 10:30:00,0.76339996
2014-08-15 10:30:00,0.8217
2014-08-16 10:30:00,0.8810875
2014-08-17 10:30:00,0.80662495
2014-08-18 10:30:00,0.7248375
2014-08-19 10:30:00,0.60318744
2014-08-20 10:30:00,0.8090625
2014-08-21 10:30:00,0.719075
2014-08-22 10:30:00,0.738375
2014-08-23 10:30:00,0.7259625
2014-08-24 10:30:00,0.8263625
2014-08-25 10:30:00,0.8073124
2014-08-26 10:30:00,0.88785005
2014-08-27 10:30:00,0.6843875
2014-08-28 10:30:00,0.75362504
2014-08-29 10:30:00,0.767125
2014-08-30 10:30:00,0.75371253
2014-08-31 10:30:00,0.713775
2014-09-01 10:30:00,0.7167624
2014-09-02 10:30:00,0.86153746
2014-09-03 10:30:00,0.79399997
2014-09-04 10:30:00,0.737475
2014-09-05 10:30:00,0.67802495
2014-09-06 10:30:00,0.6782875
2014-09-07 10:30:00,0.7199375
2014-09-08 10:30:00,0.62794995
2014-09-09 10:30:00,0.60318744
2014-09-10 10:30:00,0.64143753
2014-09-11 10:30:00,0.60213745
2014-09-12 10:30:00,0.6361
2014-09-13 10:30:00,0.5785
2014-09-14 10:30:00,0.4041125
2014-09-15 10:30:00,0.44482496
2014-09-16 10:30:00,0.58675
2014-09-17 10:30:00,0.62135
2014-09-18 10:30:00,0.6154
2014-09-19 10:30:00,0.62848747
2014-09-20 10:30:00,0.69534993
2014-09-21 10:30:00,0.5991875
2014-09-22 10:30:00,0.7225125
2014-09-23 10:30:00,0.5892125
2014-09-24 10:30:00,0.5912
2014-09-25 10:30:00,0.509075
2014-09-26 10:30:00,0.81514996
2014-09-27 10:30:00,0.5098375
2014-09-28 10:30:00,0.58655
2014-09-29 10:30:00,0.4511
2014-09-30 10:30:00,0.3978875
2014-10-01 10:30:00,0.47537497
2014-10-02 10:30:00,0.5197
2014-10-03 10:30:00,0.53636247
2014-10-04 10:30:00,0.5963625
2014-10-05 10:30:00,0.4617875
2014-10-06 10:30:00,0.385325
2014-10-07 10:30:00,0.4282375
2014-10-08 10:30:00,0.71195
2014-10-09 10:30:00,0.61620003
2014-10-10 10:30:00,0.711825
2014-10-11 10:30:00,0.6611999
2014-10-12 10:30:00,0.37075
2014-10-13 10:30:00,0.4158
2014-10-14 10:30:00,0.494275
2014-10-15 10:30:00,0.45587498
2014-10-16 10:30:00,0.262575
2014-10-17 10:30:00,0.45381248
2014-10-18 10:30:00,0.3655625
2014-10-19 10:30:00,0.2068
2014-10-20 10:30:00,0.2326375
2014-10-21 10:30:00,0.2928125
2014-10-22 10:30:00,0.3289125
2014-10-23 10:30:00,0.418275
2014-10-24 10:30:00,0.7166375
2014-10-25 10:30:00,0.5459625
2014-10-26 10:30:00,0.33224997
2014-10-27 10:30:00,0.34412497
2014-10-28 10:30:00,0.3346375
2014-10-29 10:30:00,0.399025
2014-10-30 10:30:00,0.6846
2014-10-31 10:30:00,0.770325
2014-11-01 10:30:00,0.638175
2014-11-02 10:30:00,0.4618125
2014-11-03 10:30:00,0.539275
2014-11-04 10:30:00,0.6098125
2014-11-05 10:30:00,0.47011247
2014-11-06 10:30:00,0.3389
2014-11-07 10:30:00,0.34167498
2014-11-08 10:30:00,0.44838747
2014-11-09 10:30:00,0.48541248
2014-11-10 10:30:00,0.3856375
2014-11-11 10:30:00,0.316825
2014-11-12 10:30:00,0.2801
2014-11-13 10:30:00,0.332625
2014-11-14 10:30:00,0.3767375
2014-11-15 10:30:00,0.49701247
2014-11-16 10:30:00,0.4676875
2014-11-17 10:30:00,0.5171875
2014-11-18 10:30:00,0.4072375
2014-11-19 10:30:00,0.56544995
2014-11-20 10:30:00,0.7456625
2014-11-21 10:30:00,0.44775
2014-11-22 10:30:00,0.43888748
2014-11-23 10:30:00,0.507325
2014-11-24 10:30:00,0.46726248
2014-11-25 10:30:00,0.4341125
2014-11-26 10:30:00,0.326775
2014-11-27 10:30:00,0.31437498
2014-11-28 10:30:00,0.42686248
2014-11-29 10:30:00,0.533475
2014-11-30 10:30:00,0.5706875
2014-12-01 10:30:00,0.22983749
2014-12-02 10:30:00,0.2515125
2014-12-03 10:30:00,0.40722498
2014-12-04 10:30:00,0.37052497
2014-12-05 10:30:00,0.3784375
2014-12-06 10:30:00,0.43952498
2014-12-07 10:30:00,0.48483747
2014-12-08 10:30:00,0.47837496
2014-12-09 10:30:00,0.51976246
2014-12-10 10:30:00,0.7051375
2014-12-11 10:30:00,0.5745
2014-12-12 10:30:00,0.54875
2014-12-13 10:30:00,0.4842125
2014-12-14 10:30:00,0.614725
2014-12-15 10:30:00,0.66870004
2014-12-16 10:30:00,0.46641248
2014-12-17 10:30:00,0.4762625
2014-12-18 10:30:00,0.6443875
2014-12-19 10:30:00,0.70738745
2014-12-20 10:30:00,0.550025
2014-12-21 10:30:00,0.58692497
2014-12-22 10:30:00,0.661475
2014-12-23 10:30:00,0.6888125
2014-12-24 10:30:00,0.4860625
2014-12-25 10:30:00,0.4124125
2014-12-26 10:30:00,0.64455
2014-12-27 10:30:00,0.72771245
2014-12-28 10:30:00,0.6657625
2014-12-29 10:30:00,0.75083745
2014-12-30 10:30:00,0.61206245
2014-12-31 10:30:00,0.4472
2015-01-01 10:30:00,0.3918625
2015-01-02 10:30:00,0.4883625
2015-01-03 10:30:00,0.68235
2015-01-04 10:30:00,0.6715625
2015-01-05 10:30:00,0.34592497
2015-01-06 10:30:00,0.23355
2015-01-07 10:30:00,0.3643875
2015-01-08 10:30:00,0.45886248
2015-01-09 10:30:00,0.5716125
2015-01-10 10:30:00,0.670425
2015-01-11 10:30:00,0.5152125
2015-01-12 10:30:00,0.6436875
2015-01-13 10:30:00,0.66402495
2015-01-14 10:30:00,0.6789125
2015-01-15 10:30:00,0.6290875
2015-01-16 10:30:00,0.29
2015-01-17 10:30:00,0.36134997
2015-01-18 10:30:00,0.5086125
2015-01-19 10:30:00,0.53959996
2015-01-20 10:30:00,0.6415375
2015-01-21 10:30:00,0.6057125
2015-01-22 10:30:00,0.6782375
2015-01-23 10:30:00,0.699525
2015-01-24 10:30:00,0.54314995
2015-01-25 10:30:00,0.395225
2015-01-26 10:30:00,0.2932125
2015-01-27 10:30:00,0.32119998
2015-01-28 10:30:00,0.38674998
2015-01-29 10:30:00,0.3341625
2015-01-30 10:30:00,0.3377875
2015-01-31 10:30:00,0.4268875
2015-02-01 10:30:00,0.39299998
2015-02-02 10:30:00,0.5386875
2015-02-03 10:30:00,0.5522375
2015-02-04 10:30:00,0.47053748
2015-02-05 10:30:00,0.3782875
2015-02-06 10:30:00,0.3192625
2015-02-07 10:30:00,0.23087499
2015-02-08 10:30:00,0.240625
2015-02-09 10:30:00,0.291375
2015-02-10 10:30:00,0.3116
2015-02-11 10:30:00,0.5078125
2015-02-12 10:30:00,0.29354998
2015-02-13 10:30:00,0.3792375
2015-02-14 10:30:00,0.5266125
2015-02-15 10:30:00,0.4836875
2015-02-16 10:30:00,0.47635
2015-02-17 10:30:00,0.3073375
2015-02-18 10:30:00,0.2281875
2015-02-19 10:30:00,0.33471248
2015-02-20 10:30:00,0.44309998
2015-02-21 10:30:00,0.78045
2015-02-22 10:30:00,0.51544994
2015-02-23 10:30:00,0.3070375
2015-02-24 10:30:00,0.4475625
2015-02-25 10:30:00,0.50116247
2015-02-26 10:30:00,0.535525
2015-02-27 10:30:00,0.39669997
2015-02-28 10:30:00,0.71028745
2015-03-01 10:30:00,0.314075
2015-03-02 10:30:00,0.4064375
2015-03-03 10:30:00,0.6009375
2015-03-04 10:30:00,0.44652498
2015-03-05 10:30:00,0.5292
2015-03-06 10:30:00,0.357025
2015-03-07 10:30:00,0.2666625
2015-03-08 10:30:00,0.33645
2015-03-09 10:30:00,0.2636625
2015-03-10 10:30:00,0.3255125
2015-03-11 10:30:00,0.244675
2015-03-12 10:30:00,0.4603625
2015-03-13 10:30:00,0.398925
2015-03-14 10:30:00,0.48325
2015-03-15 10:30:00,0.38698748
2015-03-16 10:30:00,0.312425
2015-03-17 10:30:00,0.291025
2015-03-18 10:30:00,0.2658375
2015-03-19 10:30:00,0.2295125
2015-03-20 10:30:00,0.20833749
2015-03-21 10:30:00,0.1402375
2015-03-22 10:30:00,0.1470125
2015-03-23 10:30:00,0.1518125
2015-03-24 10:30:00,0.2649875
2015-03-25 10:30:00,0.1294
2015-03-26 10:30:00,0.106837496
2015-03-27 10:30:00,0.39345
2015-03-28 10:30:00,0.53215
2015-03-29 10:30:00,0.256575
2015-03-30 10:30:00,0.21485001
2015-03-31 10:30:00,0.14479999
2015-04-01 10:30:00,0.147525
2015-04-02 10:30:00,0.39775002
2015-04-03 10:30:00,0.32599998
2015-04-04 10:30:00,0.8226249
2015-04-05 10:30:00,0.61482495
2015-04-06 10:30:00,0.37735
2015-04-07 10:30:00,0.4008375
2015-04-08 10:30:00,0.46928748
2015-04-09 10:30:00,0.25417498
2015-04-10 10:30:00,0.543775
2015-04-11 10:30:00,0.4249
2015-04-12 10:30:00,0.2378
2015-04-13 10:30:00,0.18661249
2015-04-14 10:30:00,0.3029625
2015-04-15 10:30:00,0.3727875
2015-04-16 10:30:00,0.2861125
2015-04-17 10:30:00,0.17486249
2015-04-18 10:30:00,0.20459999
2015-04-19 10:30:00,0.2020375
2015-04-20 10:30:00,0.27754998
2015-04-21 10:30:00,0.2206375
2015-04-22 10:30:00,0.169975
2015-04-23 10:30:00,0.27177498
2015-04-24 10:30:00,0.14045
2015-04-25 10:30:00,0.223575
2015-04-26 10:30:00,0.19692498
2015-04-27 10:30:00,0.2665875
2015-04-28 10:30:00,0.3080375
2015-04-29 10:30:00,0.1457375
2015-04-30 10:30:00,0.1268625
2015-05-01 10:30:00,0.423075
2015-05-02 10:30:00,0.460975
2015-05-03 10:30:00,0.2652875
2015-05-04 10:30:00,0.2846875
2015-05-05 10:30:00,0.63014996
2015-05-06 10:30:00,0.528825
2015-05-07 10:30:00,0.76245004
2015-05-08 10:30:00,0.705925
2015-05-09 10:30:00,0.33351249
2015-05-10 10:30:00,0.324375
2015-05-11 10:30:00,0.89105004
2015-05-12 10:30:00,0.81676245
2015-05-13 10:30:00,0.67055
2015-05-14 10:30:00,0.3923125
2015-05-15 10:30:00,0.4238
2015-05-16 10:30:00,0.534675
2015-05-17 10:30:00,0.5360625
2015-05-18 10:30:00,0.8030625
2015-05-19 10:30:00,0.552
2015-05-20 10:30:00,0.27745
2015-05-21 10:30:00,0.2595375
2015-05-22 10:30:00,0.267725
2015-05-23 10:30:00,0.41451252
2015-05-24 10:30:00,0.3493625
2015-05-25 10:30:00,0.6566
2015-05-26 10:30:00,0.572075
2015-05-27 10:30:00,0.47236246
2015-05-28 10:30:00,0.6462625
2015-05-29 10:30:00,0.42677498
2015-05-30 10:30:00,0.3244625
2015-05-31 10:30:00,0.46364996
2015-06-01 10:30:00,0.40947497
2015-06-02 10:30:00,0.4994625
2015-06-03 10:30:00,0.3452875
2015-06-04 10:30:00,0.5461375
2015-06-05 10:30:00,0.8361
2015-06-06 10:30:00,0.82734996
2015-06-07 10:30:00,0.8436375
2015-06-08 10:30:00,0.6366375
2015-06-09 10:30:00,0.5839875
2015-06-10 10:30:00,0.6175125
2015-06-11 10:30:00,0.879
2015-06-12 10:30:00,0.8163125
2015-06-13 10:30:00,0.6818625
2015-06-14 10:30:00,0.505625
2015-06-15 10:30:00,0.3804
2015-06-16 10:30:00,0.6059
2015-06-17 10:30:00,0.7421
2015-06-18 10:30:00,0.7874625
2015-06-19 10:30:00,0.5630625
2015-06-20 10:30:00,0.5216625
2015-06-21 10:30:00,0.4066
2015-06-22 10:30:00,0.5982125
2015-06-23 10:30:00,0.7123375
2015-06-24 10:30:00,0.72479993
2015-06-25 10:30:00,0.5756875
2015-06-26 10:30:00,0.586025
2015-06-27 10:30:00,0.5816625
2015-06-28 10:30:00,0.35097498
2015-06-29 10:30:00,0.46025
2015-06-30 10:30:00,0.490325
2015-07-01 10:30:00,0.6446
2015-07-02 10:30:00,0.65012497
2015-07-03 10:30:00,0.52116245
2015-07-04 10:30:00,0.4864625
2015-07-05 10:30:00,0.44472498
2015-07-06 10:30:00,0.4460625
2015-07-07 10:30:00,0.5190125
2015-07-08 10:30:00,0.5270625
2015-07-09 10:30:00,0.525275
2015-07-10 10:30:00,0.5187875
2015-07-11 10:30:00,0.7264625
2015-07-12 10:30:00,0.6098
2015-07-13 10:30:00,0.54992497
2015-07-14 10:30:00,0.6307375
2015-07-15 10:30:00,0.60318744
2015-07-16 10:30:00,0.545175
2015-07-17 10:30:00,0.60702497
2015-07-18 10:30:00,0.59115
2015-07-19 10:30:00,0.6052375
2015-07-20 10:30:00,0.82036245
2015-07-21 10:30:00,0.79065
2015-07-22 10:30:00,0.821875
2015-07-23 10:30:00,0.72838753
2015-07-24 10:30:00,0.7718375
2015-07-25 10:30:00,0.870775
2015-07-26 10:30:00,0.725475
2015-07-27 10:30:00,0.5436125
2015-07-28 10:30:00,0.6626625
2015-07-29 10:30:00,0.72025
2015-07-30 10:30:00,0.6591375
2015-07-31 10:30:00,0.6594375
2015-08-01 10:30:00,0.620125
2015-08-02 10:30:00,0.72348744
2015-08-03 10:30:00,0.54080003
2015-08-04 10:30:00,0.5552375
2015-08-05 10:30:00,0.707825
2015-08-06 10:30:00,0.83788747
2015-08-07 10:30:00,0.718225
2015-08-08 10:30:00,0.7993375
2015-08-09 10:30:00,0.78692496
2015-08-10 10:30:00,0.7378375
2015-08-11 10:30:00,0.73152494
2015-08-12 10:30:00,0.6764375
2015-08-13 10:30:00,0.675675
2015-08-14 10:30:00,0.73952496
2015-08-15 10:30:00,0.88519996
2015-08-16 10:30:00,0.91318744
2015-08-17 10:30:00,0.8494874
2015-08-18 10:30:00,0.8163125
2015-08-19 10:30:00,0.74754995
2015-08-20 10:30:00,0.883075
2015-08-21 10:30:00,0.85489994
2015-08-22 10:30:00,0.79821247
2015-08-23 10:30:00,0.845175
2015-08-24 10:30:00,0.870975
2015-08-25 10:30:00,0.79239994
2015-08-26 10:30:00,0.7106125
2015-08-27 10:30:00,0.6542624
2015-08-28 10:30:00,0.8418875
2015-08-29 10:30:00,0.91432494
2015-08-30 10:30:00,0.89717495
2015-08-31 10:30:00,0.877125
2015-09-01 10:30:00,0.7747375
2015-09-02 10:30:00,0.77879995
2015-09-03 10:30:00,0.64199996
2015-09-04 10:30:00,0.6388125
2015-09-05 10:30:00,0.6196375
2015-09-06 10:30:00,0.5537625
2015-09-07 10:30:00,0.790375
2015-09-08 10:30:00,0.8460624
2015-09-09 10:30:00,0.596725
2015-09-10 10:30:00,0.51221246
2015-09-11 10:30:00,0.5303625
2015-09-12 10:30:00,0.59758747
2015-09-13 10:30:00,0.6529375
2015-09-14 10:30:00,0.6560375
2015-09-15 10:30:00,0.6217875
2015-09-16 10:30:00,0.632425
2015-09-17 10:30:00,0.753675
2015-09-18 10:30:00,0.8191125
2015-09-19 10:30:00,0.623625
2015-09-20 10:30:00,0.6069875
2015-09-21 10:30:00,0.6084125
2015-09-22 10:30:00,0.90077496
2015-09-23 10:30:00,0.716425
2015-09-24 10:30:00,0.7697125
2015-09-25 10:30:00,0.8923625
2015-09-26 10:30:00,0.7509125
2015-09-27 10:30:00,0.676025
2015-09-28 10:30:00,0.6014125
2015-09-29 10:30:00,0.5838875
2015-09-30 10:30:00,0.66104996
2015-10-01 10:30:00,0.52994996
2015-10-02 10:30:00,0.4321375
2015-10-03 10:30:00,0.4333375
2015-10-04 10:30:00,0.39485
2015-10-05 10:30:00,0.6157375
2015-10-06 10:30:00,0.64705
2015-10-07 10:30:00,0.5581625
2015-10-08 10:30:00,0.37864998
2015-10-09 10:30:00,0.55325
2015-10-10 10:30:00,0.870375
2015-10-11 10:30:00,0.5484
2015-10-12 10:30:00,0.5273875
2015-10-13 10:30:00,0.50299996
2015-10-14 10:30:00,0.60695
2015-10-15 10:30:00,0.5312125
2015-10-16 10:30:00,0.35467497
2015-10-17 10:30:00,0.24637501
2015-10-18 10:30:00,0.31684998
2015-10-19 10:30:00,0.3428
2015-10-20 10:30:00,0.38549998
2015-10-21 10:30:00,0.36278751
2015-10-22 10:30:00,0.38115
2015-10-23 10:30:00,0.18977499
2015-10-24 10:30:00,0.2583375
2015-10-25 10:30:00,0.3202875
2015-10-26 10:30:00,0.56782496
2015-10-27 10:30:00,0.3491
2015-10-28 10:30:00,0.30275
2015-10-29 10:30:00,0.34196252
2015-10-30 10:30:00,0.32053748
2015-10-31 10:30:00,0.37291253
2015-11-01 10:30:00,0.297575
2015-11-02 10:30:00,0.42381248
2015-11-03 10:30:00,0.3166625
2015-11-04 10:30:00,0.264425
2015-11-05 10:30:00,0.2289875
2015-11-06 10:30:00,0.352625
2015-11-07 10:30:00,0.4143625
2015-11-08 10:30:00,0.3761375
2015-11-09 10:30:00,0.5563875
2015-11-10 10:30:00,0.570975
2015-11-11 10:30:00,0.667125
2015-11-12 10:30:00,0.767925
2015-11-13 10:30:00,0.8575875
2015-11-14 10:30:00,0.7565125
2015-11-15 10:30:00,0.23075001
2015-11-16 10:30:00,0.6186
2015-11-17 10:30:00,0.53795
2015-11-18 10:30:00,0.5475125
2015-11-19 10:30:00,0.66148746
2015-11-20 10:30:00,0.561075
2015-11-21 10:30:00,0.5298875
2015-11-22 10:30:00,0.507525
2015-11-23 10:30:00,0.4778625
2015-11-24 10:30:00,0.4522625
2015-11-25 10:30:00,0.51077497
2015-11-26 10:30:00,0.58631253
2015-11-27 10:30:00,0.6686875
2015-11-28 10:30:00,0.5345375
2015-11-29 10:30:00,0.6359875
2015-11-30 10:30:00,0.6843125
2015-12-01 10:30:00,0.83586246
2015-12-02 10:30:00,0.77966243
2015-12-03 10:30:00,0.56873745
2015-12-04 10:30:00,0.4411875
2015-12-05 10:30:00,0.3156875
2015-12-06 10:30:00,0.5536875
2015-12-07 10:30:00,0.67482495
2015-12-08 10:30:00,0.74582505
2015-12-09 10:30:00,0.70906246
2015-12-10 10:30:00,0.6564125
2015-12-11 10:30:00,0.6836625
2015-12-12 10:30:00,0.64808744
2015-12-13 10:30:00,0.67631245
2015-12-14 10:30:00,0.8114
2015-12-15 10:30:00,0.6052875
2015-12-16 10:30:00,0.45653751
2015-12-17 10:30:00,0.61075
2015-12-18 10:30:00,0.627075
2015-12-19 10:30:00,0.7568
2015-12-20 10:30:00,0.77538747
2015-12-21 10:30:00,0.7649375
2015-12-22 10:30:00,0.793125
2015-12-23 10:30:00,0.62721246
2015-12-24 10:30:00,0.53776246
2015-12-25 10:30:00,0.60276246
2015-12-26 10:30:00,0.36650002
2015-12-27 10:30:00,0.3208625
2015-12-28 10:30:00,0.42514998
2015-12-29 10:30:00,0.665175
2015-12-30 10:30:00,0.6764875
2015-12-31 10:30:00,0.7612625
2016-01-01 10:30:00,0.65367496
2016-01-02 10:30:00,0.6237625
2016-01-03 10:30:00,0.500625
2016-01-04 10:30:00,0.39595
2016-01-05 10:30:00,0.5401625
2016-01-06 10:30:00,0.417225
2016-01-07 10:30:00,0.4422625
2016-01-08 10:30:00,0.43916252
2016-01-09 10:30:00,0.406225
2016-01-10 10:30:00,0.3493625
2016-01-11 10:30:00,0.36755002
2016-01-12 10:30:00,0.4147625
2016-01-13 10:30:00,0.47994998
2016-01-14 10:30:00,0.5962
2016-01-15 10:30:00,0.690325
2016-01-16 10:30:00,0.6157
2016-01-17 10:30:00,0.435325
2016-01-18 10:30:00,0.5535375
2016-01-19 10:30:00,0.486775
2016-01-20 10:30:00,0.48287496
2016-01-21 10:30:00,0.4765625
2016-01-22 10:30:00,0.4263375
2016-01-23 10:30:00,0.43693748
2016-01-24 10:30:00,0.362
2016-01-25 10:30:00,0.347625
2016-01-26 10:30:00,0.34562498
2016-01-27 10:30:00,0.35396248
2016-01-28 10:30:00,0.34735
2016-01-29 10:30:00,0.34458748
2016-01-30 10:30:00,0.47147498
2016-01-31 10:30:00,0.42654997
2016-02-01 10:30:00,0.3756375
2016-02-02 10:30:00,0.4496625
2016-02-03 10:30:00,0.3732375
2016-02-04 10:30:00,0.3603125
2016-02-05 10:30:00,0.41763747
2016-02-06 10:30:00,0.4421875
2016-02-07 10:30:00,0.6618125
2016-02-08 10:30:00,0.63233745
2016-02-09 10:30:00,0.6370375
2016-02-10 10:30:00,0.73925
2016-02-11 10:30:00,0.77277493
2016-02-12 10:30:00,0.44612497
2016-02-13 10:30:00,0.36143747
2016-02-14 10:30:00,0.2876375
2016-02-15 10:30:00,0.385125
2016-02-16 10:30:00,0.33670002
2016-02-17 10:30:00,0.54074997
2016-02-18 10:30:00,0.4792125
2016-02-19 10:30:00,0.3209625
2016-02-20 10:30:00,0.450625
2016-02-21 10:30:00,0.36760002
2016-02-22 10:30:00,0.33494997
2016-02-23 10:30:00,0.30345
2016-02-24 10:30:00,0.34847498
2016-02-25 10:30:00,0.3822875
2016-02-26 10:30:00,0.37215
2016-02-27 10:30:00,0.32615
2016-02-28 10:30:00,0.4427
2016-02-29 10:30:00,0.371925
2016-03-01 10:30:00,0.46525002
2016-03-02 10:30:00,0.598325
2016-03-03 10:30:00,0.58402497
2016-03-04 10:30:00,0.70308745
2016-03-05 10:30:00,0.5470375
2016-03-06 10:30:00,0.3240375
2016-03-07 10:30:00,0.27258748
2016-03-08 10:30:00,0.3152875
2016-03-09 10:30:00,0.2953375
2016-03-10 10:30:00,0.3126
2016-03-11 10:30:00,0.34838748
2016-03-12 10:30:00,0.262625
2016-03-13 10:30:00,0.2652
2016-03-14 10:30:00,0.3513375
2016-03-15 10:30:00,0.2805
2016-03-16 10:30:00,0.2405125
2016-03-17 10:30:00,0.5188375
2016-03-18 10:30:00,0.520475
2016-03-19 10:30:00,0.33145
2016-03-20 10:30:00,0.29653752
2016-03-21 10:30:00,0.7649125
2016-03-22 10:30:00,0.30636248
2016-03-23 10:30:00,0.27037498
2016-03-24 10:30:00,0.26236248
2016-03-25 10:30:00,0.20215
2016-03-26 10:30:00,0.2263875
2016-03-27 10:30:00,0.2246125
2016-03-28 10:30:00,0.22112499
2016-03-29 10:30:00,0.43169996
2016-03-30 10:30:00,0.3208125
2016-03-31 10:30:00,0.34235
2016-04-01 10:30:00,0.40638748
2016-04-02 10:30:00,0.2422625
2016-04-03 10:30:00,0.22995
2016-04-04 10:30:00,0.38863748
2016-04-05 10:30:00,0.2708375
2016-04-06 10:30:00,0.23683749
2016-04-07 10:30:00,0.16094999
2016-04-08 10:30:00,0.192225
2016-04-09 10:30:00,0.2187125
2016-04-10 10:30:00,0.2524125
2016-04-11 10:30:00,0.2712375
2016-04-12 10:30:00,0.3305375
2016-04-13 10:30:00,0.71604997
2016-04-14 10:30:00,0.47202498
2016-04-15 10:30:00,0.7097375
2016-04-16 10:30:00,0.6043625
2016-04-17 10:30:00,0.2756125
2016-04-18 10:30:00,0.3198125
2016-04-19 10:30:00,0.23788749
2016-04-20 10:30:00,0.2304375
2016-04-21 10:30:00,0.2395
2016-04-22 10:30:00,0.4793875
2016-04-23 10:30:00,0.3165125
2016-04-24 10:30:00,0.59999996
2016-04-25 10:30:00,0.34579998
2016-04-26 10:30:00,0.2933
2016-04-27 10:30:00,0.464075
2016-04-28 10:30:00,0.24495
2016-04-29 10:30:00,0.35991248
2016-04-30 10:30:00,0.39478746
2016-05-01 10:30:00,0.5897375
2016-05-02 10:30:00,0.4773
2016-05-03 10:30:00,0.27475
2016-05-04 10:30:00,0.1682625
2016-05-05 10:30:00,0.5897875
2016-05-06 10:30:00,0.80583745
2016-05-07 10:30:00,0.3629375
2016-05-08 10:30:00,0.38468748
2016-05-09 10:30:00,0.39038748
2016-05-10 10:30:00,0.27124998
2016-05-11 10:30:00,0.58015
2016-05-12 10:30:00,0.55013746
2016-05-13 10:30:00,0.25469998
2016-05-14 10:30:00,0.42491248
2016-05-15 10:30:00,0.47797498
2016-05-16 10:30:00,0.46746248
2016-05-17 10:30:00,0.20868748
2016-05-18 10:30:00,0.2598875
2016-05-19 10:30:00,0.272175
2016-05-20 10:30:00,0.2872125
2016-05-21 10:30:00,0.25454998
2016-05-22 10:30:00,0.1806875
2016-05-23 10:30:00,0.42729998
2016-05-24 10:30:00,0.8697
2016-05-25 10:30:00,0.48299998
2016-05-26 10:30:00,0.34292498
2016-05-27 10:30:00,0.4070375
2016-05-28 10:30:00,0.32029998
2016-05-29 10:30:00,0.326525
2016-05-30 10:30:00,0.51301247
2016-05-31 10:30:00,0.44667497
2016-06-01 10:30:00,0.35275
2016-06-02 10:30:00,0.362475
2016-06-03 10:30:00,0.4440125
2016-06-04 10:30:00,0.4199375
2016-06-05 10:30:00,0.279875
2016-06-06 10:30:00,0.50734997
2016-06-07 10:30:00,0.4375
2016-06-08 10:30:00,0.358475
2016-06-09 10:30:00,0.5022625
2016-06-10 10:30:00,0.7790875
2016-06-11 10:30:00,0.6654125
2016-06-12 10:30:00,0.74552494
2016-06-13 10:30:00,0.70474994
2016-06-14 10:30:00,0.60625
2016-06-15 10:30:00,0.63285
2016-06-16 10:30:00,0.6393
2016-06-17 10:30:00,0.87275
2016-06-18 10:30:00,0.7804125
2016-06-19 10:30:00,0.70345
2016-06-20 10:30:00,0.62953746
2016-06-21 10:30:00,0.62435
2016-06-22 10:30:00,0.83419997
2016-06-23 10:30:00,0.6434375
2016-06-24 10:30:00,0.580875
2016-06-25 10:30:00,0.46641248
2016-06-26 10:30:00,0.4969625
2016-06-27 10:30:00,0.6204375
2016-06-28 10:30:00,0.61855
2016-06-29 10:30:00,0.83065003
2016-06-30 10:30:00,0.7234625
2016-07-01 10:30:00,0.5718
2016-07-02 10:30:00,0.5703
2016-07-03 10:30:00,0.569625
2016-07-04 10:30:00,0.536575
2016-07-05 10:30:00,0.5328125
2016-07-06 10:30:00,0.4721125
2016-07-07 10:30:00,0.68753743
2016-07-08 10:30:00,0.67491245
2016-07-09 10:30:00,0.68506247
2016-07-10 10:30:00,0.6088125
2016-07-11 10:30:00,0.6554875
2016-07-12 10:30:00,0.72785
2016-07-13 10:30:00,0.59498745
2016-07-14 10:30:00,0.47522497
2016-07-15 10:30:00,0.505475
2016-07-16 10:30:00,0.61311245
2016-07-17 10:30:00,0.605125
2016-07-18 10:30:00,0.6043375
2016-07-19 10:30:00,0.61515
2016-07-20 10:30:00,0.6736
2016-07-21 10:30:00,0.69082505
2016-07-22 10:30:00,0.83967495
2016-07-23 10:30:00,0.85771245
2016-07-24 10:30:00,0.599475
2016-07-25 10:30:00,0.6752625
2016-07-26 10:30:00,0.67786247
2016-07-27 10:30:00,0.5625875
2016-07-28 10:30:00,0.5924125
2016-07-29 10:30:00,0.61316246
2016-07-30 10:30:00,0.64765
2016-07-31 10:30:00,0.6035875
2016-08-01 10:30:00,0.6009375
2016-08-02 10:30:00,0.5144625
2016-08-03 10:30:00,0.556775
2016-08-04 10:30:00,0.63019997
2016-08-05 10:30:00,0.6969875
2016-08-06 10:30:00,0.833425
2016-08-07 10:30:00,0.5150375
2016-08-08 10:30:00,0.5001125
2016-08-09 10:30:00,0.66069996
2016-08-10 10:30:00,0.6443
2016-08-11 10:30:00,0.503775
2016-08-12 10:30:00,0.3525
2016-08-13 10:30:00,0.43279997
2016-08-14 10:30:00,0.48517498
2016-08-15 10:30:00,0.57033753
2016-08-16 10:30:00,0.5231375
2016-08-17 10:30:00,0.49861246
2016-08-18 10:30:00,0.613375
2016-08-19 10:30:00,0.65627503
2016-08-20 10:30:00,0.6285625
2016-08-21 10:30:00,0.69536245
2016-08-22 10:30:00,0.62175
2016-08-23 10:30:00,0.70339996
2016-08-24 10:30:00,0.487925
2016-08-25 10:30:00,0.35279998
2016-08-26 10:30:00,0.40751252
2016-08-27 10:30:00,0.40049997
2016-08-28 10:30:00,0.4033875
2016-08-29 10:30:00,0.3866125
2016-08-30 10:30:00,0.5802625
2016-08-31 10:30:00,0.9251625
2016-09-01 10:30:00,0.903525
2016-09-02 10:30:00,0.93623745
2016-09-03 10:30:00,0.88904995
2016-09-04 10:30:00,0.93602496
2016-09-05 10:30:00,0.9067624
2016-09-06 10:30:00,0.8350499
2016-09-07 10:30:00,0.7909625
2016-09-08 10:30:00,0.9446
2016-09-09 10:30:00,0.88927495
2016-09-10 10:30:00,0.77025
2016-09-11 10:30:00,0.7540125
2016-09-12 10:30:00,0.90401244
2016-09-13 10:30:00,0.84183747
2016-09-14 10:30:00,0.888475
2016-09-15 10:30:00,0.6981625
2016-09-16 10:30:00,0.7481
2016-09-17 10:30:00,0.6215
2016-09-18 10:30:00,0.56374997
2016-09-19 10:30:00,0.5302875
2016-09-20 10:30:00,0.5171875
2016-09-21 10:30:00,0.51255
2016-09-22 10:30:00,0.74012494
2016-09-23 10:30:00,0.7328375
2016-09-24 10:30:00,0.7945625
2016-09-25 10:30:00,0.5789375
2016-09-26 10:30:00,0.6911125
2016-09-27 10:30:00,0.66278744
2016-09-28 10:30:00,0.572825
2016-09-29 10:30:00,0.626525
2016-09-30 10:30:00,0.6132
2016-10-01 10:30:00,0.46961248
2016-10-02 10:30:00,0.6272625
2016-10-03 10:30:00,0.56245
2016-10-04 10:30:00,0.59695
2016-10-05 10:30:00,0.52587503
2016-10-06 10:30:00,0.4984875
2016-10-07 10:30:00,0.77646244
2016-10-08 10:30:00,0.545025
2016-10-09 10:30:00,0.567425
2016-10-10 10:30:00,0.3683875
2016-10-11 10:30:00,0.41558748
2016-10-12 10:30:00,0.4425375
2016-10-13 10:30:00,0.46244997
2016-10-14 10:30:00,0.72991246
2016-10-15 10:30:00,0.5725
2016-10-16 10:30:00,0.6451875
2016-10-17 10:30:00,0.47345
2016-10-18 10:30:00,0.5715875
2016-10-19 10:30:00,0.77402496
2016-10-20 10:30:00,0.4746
2016-10-21 10:30:00,0.76933753
2016-10-22 10:30:00,0.543325
2016-10-23 10:30:00,0.46049997
2016-10-24 10:30:00,0.49232498
2016-10-25 10:30:00,0.4222625
2016-10-26 10:30:00,0.4130625
2016-10-27 10:30:00,0.46144998
2016-10-28 10:30:00,0.3772625
2016-10-29 10:30:00,0.38041252
2016-10-30 10:30:00,0.3639375
2016-10-31 10:30:00,0.362225
2016-11-01 10:30:00,0.3961875
2016-11-02 10:30:00,0.3491
2016-11-03 10:30:00,0.45488748
2016-11-04 10:30:00,0.66725
2016-11-05 10:30:00,0.6167875
2016-11-06 10:30:00,0.68095
2016-11-07 10:30:00,0.76046246
2016-11-08 10:30:00,0.50355
2016-11-09 10:30:00,0.60706246
2016-11-10 10:30:00,0.8227125
2016-11-11 10:30:00,0.604175
2016-11-12 10:30:00,0.672175
2016-11-13 10:30:00,0.81632495
2016-11-14 10:30:00,0.592775
2016-11-15 10:30:00,0.57164997
2016-11-16 10:30:00,0.6078375
2016-11-17 10:30:00,0.78543746
2016-11-18 10:30:00,0.5829875
2016-11-19 10:30:00,0.60494995
2016-11-20 10:30:00,0.4196625
2016-11-21 10:30:00,0.43568748
2016-11-22 10:30:00,0.4563625
2016-11-23 10:30:00,0.4649875
2016-11-24 10:30:00,0.6012875
2016-11-25 10:30:00,0.70687497
2016-11-26 10:30:00,0.74381244
2016-11-27 10:30:00,0.63862497
2016-11-28 10:30:00,0.49275002
2016-11-29 10:30:00,0.66702497
2016-11-30 10:30:00,0.61626244
2016-12-01 10:30:00,0.4916625
2016-12-02 10:30:00,0.63577497
2016-12-03 10:30:00,0.45769998
2016-12-04 10:30:00,0.3813625
2016-12-05 10:30:00,0.5199375
2016-12-06 10:30:00,0.615525
2016-12-07 10:30:00,0.70637494
2016-12-08 10:30:00,0.74592495
2016-12-09 10:30:00,0.6076875
2016-12-10 10:30:00,0.64911246
2016-12-11 10:30:00,0.7653125
2016-12-12 10:30:00,0.6115375
2016-12-13 10:30:00,0.53002495
2016-12-14 10:30:00,0.46818748
2016-12-15 10:30:00,0.41447502
2016-12-16 10:30:00,0.5834375
2016-12-17 10:30:00,0.628825
2016-12-18 10:30:00,0.71415
2016-12-19 10:30:00,0.7882125
2016-12-20 10:30:00,0.7426999
2016-12-21 10:30:00,0.65926254
2016-12-22 10:30:00,0.5072875
2016-12-23 10:30:00,0.5930375
2016-12-24 10:30:00,0.70542496
2016-12-25 10:30:00,0.5305
2016-12-26 10:30:00,0.38701248
2016-12-27 10:30:00,0.5347125
2016-12-28 10:30:00,0.5251
2016-12-29 10:30:00,0.51455003
2016-12-30 10:30:00,0.55272496
2016-12-31 10:30:00,0.67991245
2017-01-01 10:30:00,0.720475
2017-01-02 10:30:00,0.69103754
2017-01-03 10:30:00,0.71411246
2017-01-04 10:30:00,0.7259375
2017-01-05 10:30:00,0.7189625
2017-01-06 10:30:00,0.6529875
2017-01-07 10:30:00,0.69254994
2017-01-08 10:30:00,0.490825
2017-01-09 10:30:00,0.3488125
2017-01-10 10:30:00,0.3879
2017-01-11 10:30:00,0.420275
2017-01-12 10:30:00,0.41963747
2017-01-13 10:30:00,0.503825
2017-01-14 10:30:00,0.44112498
2017-01-15 10:30:00,0.49316248
2017-01-16 10:30:00,0.611775
2017-01-17 10:30:00,0.7162375
2017-01-18 10:30:00,0.6210625
2017-01-19 10:30:00,0.57827497
2017-01-20 10:30:00,0.6176375
2017-01-21 10:30:00,0.74992496
2017-01-22 10:30:00,0.4735375
2017-01-23 10:30:00,0.424925
2017-01-24 10:30:00,0.49998748
2017-01-25 10:30:00,0.5714
2017-01-26 10:30:00,0.4636375
2017-01-27 10:30:00,0.40272498
2017-01-28 10:30:00,0.5459375
2017-01-29 10:30:00,0.424225
2017-01-30 10:30:00,0.38545
2017-01-31 10:30:00,0.3635125
2017-02-01 10:30:00,0.31445
2017-02-02 10:30:00,0.45471248
2017-02-03 10:30:00,0.59775
2017-02-04 10:30:00,0.598725
2017-02-05 10:30:00,0.4789625
2017-02-06 10:30:00,0.36118752
2017-02-07 10:30:00,0.4629375
2017-02-08 10:30:00,0.4603375
2017-02-09 10:30:00,0.5009125
2017-02-10 10:30:00,0.425675
2017-02-11 10:30:00,0.3783125
2017-02-12 10:30:00,0.56963754
2017-02-13 10:30:00,0.4124375
2017-02-14 10:30:00,0.5166625
2017-02-15 10:30:00,0.66028744
2017-02-16 10:30:00,0.34385002
2017-02-17 10:30:00,0.23306249
2017-02-18 10:30:00,0.3280125
2017-02-19 10:30:00,0.68315
2017-02-20 10:30:00,0.38933748
2017-02-21 10:30:00,0.61957496
2017-02-22 10:30:00,0.41893747
2017-02-23 10:30:00,0.338175
2017-02-24 10:30:00,0.41829997
2017-02-25 10:30:00,0.37765
2017-02-26 10:30:00,0.49882498
2017-02-27 10:30:00,0.3953125
2017-02-28 10:30:00,0.3006
2017-03-01 10:30:00,0.29602498
2017-03-02 10:30:00,0.457725
2017-03-03 10:30:00,0.47768748
2017-03-04 10:30:00,0.31088752
2017-03-05 10:30:00,0.3417375
2017-03-06 10:30:00,0.39814997
2017-03-07 10:30:00,0.318525
2017-03-08 10:30:00,0.30405
2017-03-09 10:30:00,0.3073875
2017-03-10 10:30:00,0.33444998
2017-03-11 10:30:00,0.42249998
2017-03-12 10:30:00,0.3062875
2017-03-13 10:30:00,0.288225
2017-03-14 10:30:00,0.3196875
2017-03-15 10:30:00,0.276525
2017-03-16 10:30:00,0.4103
2017-03-17 10:30:00,0.42253748
2017-03-18 10:30:00,0.2257875
2017-03-19 10:30:00,0.2303125
2017-03-20 10:30:00,0.3444875
2017-03-21 10:30:00,0.3016125
2017-03-22 10:30:00,0.309925
2017-03-23 10:30:00,0.3176125
2017-03-24 10:30:00,0.289875
2017-03-25 10:30:00,0.3190375
2017-03-26 10:30:00,0.4637375
2017-03-27 10:30:00,0.36103752
2017-03-28 10:30:00,0.3621625
2017-03-29 10:30:00,0.74707496
2017-03-30 10:30:00,0.32909998
2017-03-31 10:30:00,0.277525
2017-04-01 10:30:00,0.2262
2017-04-02 10:30:00,0.22383748
2017-04-03 10:30:00,0.15985
2017-04-04 10:30:00,0.2199625
2017-04-05 10:30:00,0.42208752
2017-04-06 10:30:00,0.35318747
2017-04-07 10:30:00,0.49705002
2017-04-08 10:30:00,0.2122625
2017-04-09 10:30:00,0.18602498
2017-04-10 10:30:00,0.17091249
2017-04-11 10:30:00,0.1661875
2017-04-12 10:30:00,0.13238749
2017-04-13 10:30:00,0.18159999
2017-04-14 10:30:00,0.1654125
2017-04-15 10:30:00,0.1089125
2017-04-16 10:30:00,0.23458749
2017-04-17 10:30:00,0.7237125
2017-04-18 10:30:00,0.63577497
2017-04-19 10:30:00,0.40796247
2017-04-20 10:30:00,0.40605
2017-04-21 10:30:00,0.2656
2017-04-22 10:30:00,0.242875
2017-04-23 10:30:00,0.32072496
2017-04-24 10:30:00,0.455925
2017-04-25 10:30:00,0.6491
2017-04-26 10:30:00,0.33853748
2017-04-27 10:30:00,0.2475375
2017-04-28 10:30:00,0.20503749
2017-04-29 10:30:00,0.21315
2017-04-30 10:30:00,0.2639875
2017-05-01 10:30:00,0.17135
2017-05-02 10:30:00,0.1738
2017-05-03 10:30:00,0.3359875
2017-05-04 10:30:00,0.28399998
2017-05-05 10:30:00,0.54895
2017-05-06 10:30:00,0.40322497
2017-05-07 10:30:00,0.375875
2017-05-08 10:30:00,0.28445
2017-05-09 10:30:00,0.2127125
2017-05-10 10:30:00,0.5128125
2017-05-11 10:30:00,0.33028746
2017-05-12 10:30:00,0.31867498
2017-05-13 10:30:00,0.54377496
2017-05-14 10:30:00,0.41533747
2017-05-15 10:30:00,0.29143748
2017-05-16 10:30:00,0.36851248
2017-05-17 10:30:00,0.31917498
2017-05-18 10:30:00,0.1715875
2017-05-19 10:30:00,0.17862499
2017-05-20 10:30:00,0.37382498
2017-05-21 10:30:00,0.3373375
2017-05-22 10:30:00,0.34728748
2017-05-23 10:30:00,0.35658747
2017-05-24 10:30:00,0.28384998
2017-05-25 10:30:00,0.2285125
2017-05-26 10:30:00,0.3066625
2017-05-27 10:30:00,0.2831375
2017-05-28 10:30:00,0.17885
2017-05-29 10:30:00,0.253075
2017-05-30 10:30:00,0.20315
2017-05-31 10:30:00,0.43081248
2017-06-01 10:30:00,0.4787125
2017-06-02 10:30:00,0.5162375
2017-06-03 10:30:00,0.4836125
2017-06-04 10:30:00,0.46283752
2017-06-05 10:30:00,0.2689625
2017-06-06 10:30:00,0.6002125
2017-06-07 10:30:00,0.431175
2017-06-08 10:30:00,0.5752
2017-06-09 10:30:00,0.35222498
2017-06-10 10:30:00,0.453225
2017-06-11 10:30:00,0.50107497
2017-06-12 10:30:00,0.41568747
2017-06-13 10:30:00,0.2435375
2017-06-14 10:30:00,0.34945
2017-06-15 10:30:00,0.467275
2017-06-16 10:30:00,0.69076246
2017-06-17 10:30:00,0.7114499
2017-06-18 10:30:00,0.7995875
2017-06-19 10:30:00,0.68410003
2017-06-20 10:30:00,0.7591
2017-06-21 10:30:00,0.6845625
2017-06-22 10:30:00,0.41326252
2017-06-23 10:30:00,0.32944998
2017-06-24 10:30:00,0.43736246
2017-06-25 10:30:00,0.551125
2017-06-26 10:30:00,0.4365375
2017-06-27 10:30:00,0.48072502
2017-06-28 10:30:00,0.47187498
2017-06-29 10:30:00,0.68235
2017-06-30 10:30:00,0.76676244
2017-07-01 10:30:00,0.6172125
2017-07-02 10:30:00,0.6305125
2017-07-03 10:30:00,0.5652125
2017-07-04 10:30:00,0.4563625
2017-07-05 10:30:00,0.4808625
2017-07-06 10:30:00,0.5369875
2017-07-07 10:30:00,0.66034997
2017-07-08 10:30:00,0.833625
2017-07-09 10:30:00,0.73031247
2017-07-10 10:30:00,0.71505
2017-07-11 10:30:00,0.48318747
2017-07-12 10:30:00,0.3464125
2017-07-13 10:30:00,0.34555
2017-07-14 10:30:00,0.3697
2017-07-15 10:30:00,0.4547
2017-07-16 10:30:00,0.53725
2017-07-17 10:30:00,0.6659625
2017-07-18 10:30:00,0.4540625
2017-07-19 10:30:00,0.446375
2017-07-20 10:30:00,0.6229
2017-07-21 10:30:00,0.48604998
2017-07-22 10:30:00,0.35818747
2017-07-23 10:30:00,0.59362495
2017-07-24 10:30:00,0.422075
2017-07-25 10:30:00,0.4377375
2017-07-26 10:30:00,0.8797
2017-07-27 10:30:00,0.80331254
2017-07-28 10:30:00,0.65065
2017-07-29 10:30:00,0.76659995
2017-07-30 10:30:00,0.7367375
2017-07-31 10:30:00,0.718225
2017-08-01 10:30:00,0.87794995
2017-08-02 10:30:00,0.863675
2017-08-03 10:30:00,0.8976375
2017-08-04 10:30:00,0.806
2017-08-05 10:30:00,0.82434994
2017-08-06 10:30:00,0.79475
2017-08-07 10:30:00,0.84473747
2017-08-08 10:30:00,0.76371247
2017-08-09 10:30:00,0.7690125
2017-08-10 10:30:00,0.9089375
2017-08-11 10:30:00,0.884525
2017-08-12 10:30:00,0.8727875
2017-08-13 10:30:00,0.86092496
2017-08-14 10:30:00,0.87693745
2017-08-15 10:30:00,0.85058755
2017-08-16 10:30:00,0.833
2017-08-17 10:30:00,0.82292503
2017-08-18 10:30:00,0.788375
2017-08-19 10:30:00,0.76406246
2017-08-20 10:30:00,0.79622495
2017-08-21 10:30:00,0.67305
2017-08-22 10:30:00,0.5391
2017-08-23 10:30:00,0.69775
2017-08-24 10:30:00,0.4811125
2017-08-25 10:30:00,0.60706246
2017-08-26 10:30:00,0.59245
2017-08-27 10:30:00,0.5881125
2017-08-28 10:30:00,0.38958746
2017-08-29 10:30:00,0.42604998
2017-08-30 10:30:00,0.5560125
2017-08-31 10:30:00,0.61483747
2017-09-01 10:30:00,0.71106243
2017-09-02 10:30:00,0.66964996
2017-09-03 10:30:00,0.82264996
2017-09-04 10:30:00,0.89946246
2017-09-05 10:30:00,0.7703375
2017-09-06 10:30:00,0.507625
2017-09-07 10:30:00,0.6035875
2017-09-08 10:30:00,0.6013
2017-09-09 10:30:00,0.612225
2017-09-10 10:30:00,0.78521246
2017-09-11 10:30:00,0.509425
2017-09-12 10:30:00,0.6774375
2017-09-13 10:30:00,0.66881245
2017-09-14 10:30:00,0.7124125
2017-09-15 10:30:00,0.8744875
2017-09-16 10:30:00,0.8915374
2017-09-17 10:30:00,0.7789375
2017-09-18 10:30:00,0.79315
2017-09-19 10:30:00,0.7370625
2017-09-20 10:30:00,0.7351124
2017-09-21 10:30:00,0.73018754
2017-09-22 10:30:00,0.58181244
2017-09-23 10:30:00,0.54882497
2017-09-24 10:30:00,0.49311247
2017-09-25 10:30:00,0.4962375
2017-09-26 10:30:00,0.37595
2017-09-27 10:30:00,0.306725
2017-09-28 10:30:00,0.33781248
2017-09-29 10:30:00,0.3204125
2017-09-30 10:30:00,0.3159625
2017-10-01 10:30:00,0.3584125
2017-10-02 10:30:00,0.312825
2017-10-03 10:30:00,0.358175
2017-10-04 10:30:00,0.305
2017-10-05 10:30:00,0.44978747
2017-10-06 10:30:00,0.613725
2017-10-07 10:30:00,0.63935
2017-10-08 10:30:00,0.927825
2017-10-09 10:30:00,0.662725
2017-10-10 10:30:00,0.5707625
2017-10-11 10:30:00,0.63831246
2017-10-12 10:30:00,0.4769125
2017-10-13 10:30:00,0.49138746
2017-10-14 10:30:00,0.4382375
2017-10-15 10:30:00,0.53854996
2017-10-16 10:30:00,0.3213
2017-10-17 10:30:00,0.36636248
2017-10-18 10:30:00,0.3963375
2017-10-19 10:30:00,0.4493875
2017-10-20 10:30:00,0.60289997
2017-10-21 10:30:00,0.34216252
2017-10-22 10:30:00,0.397225
2017-10-23 10:30:00,0.3668875
2017-10-24 10:30:00,0.3343125
2017-10-25 10:30:00,0.34347498
2017-10-26 10:30:00,0.4794125
2017-10-27 10:30:00,0.78955
2017-10-28 10:30:00,0.308075
2017-10-29 10:30:00,0.306625
2017-10-30 10:30:00,0.40676248
2017-10-31 10:30:00,0.2618
2017-11-01 10:30:00,0.3509375
2017-11-02 10:30:00,0.43881246
2017-11-03 10:30:00,0.3325875
2017-11-04 10:30:00,0.401875
2017-11-05 10:30:00,0.39494997
2017-11-06 10:30:00,0.49638748
2017-11-07 10:30:00,0.7227375
2017-11-08 10:30:00,0.7274625
2017-11-09 10:30:00,0.86971253
2017-11-10 10:30:00,0.5741625
2017-11-11 10:30:00,0.5348
2017-11-12 10:30:00,0.74242496
2017-11-13 10:30:00,0.48518747
2017-11-14 10:30:00,0.4369
2017-11-15 10:30:00,0.39877498
2017-11-16 10:30:00,0.51954997
2017-11-17 10:30:00,0.40112498
2017-11-18 10:30:00,0.39689997
2017-11-19 10:30:00,0.4300375
2017-11-20 10:30:00,0.4578875
2017-11-21 10:30:00,0.5797875
2017-11-22 10:30:00,0.3752375
2017-11-23 10:30:00,0.4402
2017-11-24 10:30:00,0.461725
2017-11-25 10:30:00,0.543275
2017-11-26 10:30:00,0.361725
2017-11-27 10:30:00,0.37776247
2017-11-28 10:30:00,0.274425
2017-11-29 10:30:00,0.27470002
2017-11-30 10:30:00,0.40586248
2017-12-01 10:30:00,0.5032875
2017-12-02 10:30:00,0.7406625
2017-12-03 10:30:00,0.55555
2017-12-04 10:30:00,0.4318125
2017-12-05 10:30:00,0.5451625
2017-12-06 10:30:00,0.64486253
2017-12-07 10:30:00,0.52923745
2017-12-08 10:30:00,0.70248747
2017-12-09 10:30:00,0.746975
2017-12-10 10:30:00,0.540625
2017-12-11 10:30:00,0.419575
2017-12-12 10:30:00,0.3631375
2017-12-13 10:30:00,0.44327497
2017-12-14 10:30:00,0.49281248
2017-12-15 10:30:00,0.47757497
2017-12-16 10:30:00,0.42526248
2017-12-17 10:30:00,0.57234997
2017-12-18 10:30:00,0.391925
2017-12-19 10:30:00,0.429575
2017-12-20 10:30:00,0.579025
2017-12-21 10:30:00,0.573675
2017-12-22 10:30:00,0.543525
2017-12-23 10:30:00,0.5425125
2017-12-24 10:30:00,0.5412375
2017-12-25 10:30:00,0.5757125
2017-12-26 10:30:00,0.3179625
2017-12-27 10:30:00,0.38388747
2017-12-28 10:30:00,0.44272497
2017-12-29 10:30:00,0.44198748
2017-12-30 10:30:00,0.65877503
2017-12-31 10:30:00,0.6895
2018-01-01 10:30:00,0.5784375
2018-01-02 10:30:00,0.45129997
2018-01-03 10:30:00,0.44663748
2018-01-04 10:30:00,0.41587502
2018-01-05 10:30:00,0.46864995
2018-01-06 10:30:00,0.4361
2018-01-07 10:30:00,0.42159998
2018-01-08 10:30:00,0.6218
2018-01-09 10:30:00,0.66512495
2018-01-10 10:30:00,0.4628875
2018-01-11 10:30:00,0.44794998
2018-01-12 10:30:00,0.65735
2018-01-13 10:30:00,0.6911875
2018-01-14 10:30:00,0.66029996
2018-01-15 10:30:00,0.6282125
2018-01-16 10:30:00,0.7929625
2018-01-17 10:30:00,0.54272497
2018-01-18 10:30:00,0.5701875
2018-01-19 10:30:00,0.3752
2018-01-20 10:30:00,0.3365875
2018-01-21 10:30:00,0.372075
2018-01-22 10:30:00,0.3314875
2018-01-23 10:30:00,0.32545
2018-01-24 10:30:00,0.39045
2018-01-25 10:30:00,0.371925
2018-01-26 10:30:00,0.37064996
2018-01-27 10:30:00,0.32169998
2018-01-28 10:30:00,0.3817625
2018-01-29 10:30:00,0.419225
2018-01-30 10:30:00,0.419075
2018-01-31 10:30:00,0.43206248
2018-02-01 10:30:00,0.525325
2018-02-02 10:30:00,0.58783746
2018-02-03 10:30:00,0.49494997
2018-02-04 10:30:00,0.5063375
2018-02-05 10:30:00,0.419575
2018-02-06 10:30:00,0.5432375
2018-02-07 10:30:00,0.47037497
2018-02-08 10:30:00,0.4756625
2018-02-09 10:30:00,0.4183125
2018-02-10 10:30:00,0.31827497
2018-02-11 10:30:00,0.3743375
2018-02-12 10:30:00,0.34025002
2018-02-13 10:30:00,0.3157125
2018-02-14 10:30:00,0.32549998
2018-02-15 10:30:00,0.4159875
2018-02-16 10:30:00,0.3451
2018-02-17 10:30:00,0.2845
2018-02-18 10:30:00,0.3257625
2018-02-19 10:30:00,0.3485625
2018-02-20 10:30:00,0.334225
2018-02-21 10:30:00,0.41041246
2018-02-22 10:30:00,0.4551125
2018-02-23 10:30:00,0.34281248
2018-02-24 10:30:00,0.27853748
2018-02-25 10:30:00,0.62237495
2018-02-26 10:30:00,0.51595
2018-02-27 10:30:00,0.3764875
2018-02-28 10:30:00,0.7606
2018-03-01 10:30:00,0.4093875
2018-03-02 10:30:00,0.530975
2018-03-03 10:30:00,0.7271375
2018-03-04 10:30:00,0.35294998
2018-03-05 10:30:00,0.275575
2018-03-06 10:30:00,0.367225
2018-03-07 10:30:00,0.43377498
2018-03-08 10:30:00,0.40966251
2018-03-09 10:30:00,0.7233625
2018-03-10 10:30:00,0.7001625
2018-03-11 10:30:00,0.638075
2018-03-12 10:30:00,0.6490125
2018-03-13 10:30:00,0.82044995
2018-03-14 10:30:00,0.7354125
2018-03-15 10:30:00,0.310625
2018-03-16 10:30:00,0.36877498
2018-03-17 10:30:00,0.34351248
2018-03-18 10:30:00,0.322075
2018-03-19 10:30:00,0.2820625
2018-03-20 10:30:00,0.33048752
2018-03-21 10:30:00,0.41222498
2018-03-22 10:30:00,0.2683625
2018-03-23 10:30:00,0.27264997
2018-03-24 10:30:00,0.35549998
2018-03-25 10:30:00,0.38075
2018-03-26 10:30:00,0.27636248
2018-03-27 10:30:00,0.2984625
2018-03-28 10:30:00,0.3142875
2018-03-29 10:30:00,0.2155875
2018-03-30 10:30:00,0.23695
2018-03-31 10:30:00,0.589
2018-04-01 10:30:00,0.32314998
2018-04-02 10:30:00,0.1880125
2018-04-03 10:30:00,0.1457
2018-04-04 10:30:00,0.15123749
2018-04-05 10:30:00,0.24215
2018-04-06 10:30:00,0.1273
2018-04-07 10:30:00,0.1214875
2018-04-08 10:30:00,0.2578625
2018-04-09 10:30:00,0.20525
2018-04-10 10:30:00,0.700275
2018-04-11 10:30:00,0.30052498
2018-04-12 10:30:00,0.4143375
2018-04-13 10:30:00,0.75324994
2018-04-14 10:30:00,0.68396246
2018-04-15 10:30:00,0.387575
2018-04-16 10:30:00,0.36135
2018-04-17 10:30:00,0.33169997
2018-04-18 10:30:00,0.32213748
2018-04-19 10:30:00,0.2864625
2018-04-20 10:30:00,0.68232495
2018-04-21 10:30:00,0.43461248
2018-04-22 10:30:00,0.4367375
2018-04-23 10:30:00,0.33662498
2018-04-24 10:30:00,0.262575
2018-04-25 10:30:00,0.26955
2018-04-26 10:30:00,0.2415875
2018-04-27 10:30:00,0.21081251
2018-04-28 10:30:00,0.29405
2018-04-29 10:30:00,0.4129
2018-04-30 10:30:00,0.293525
2018-05-01 10:30:00,0.4069875
2018-05-02 10:30:00,0.2826375
2018-05-03 10:30:00,0.19872499
2018-05-04 10:30:00,0.1972125
2018-05-05 10:30:00,0.1427
2018-05-06 10:30:00,0.30619997
2018-05-07 10:30:00,0.392425
2018-05-08 10:30:00,0.3800375
2018-05-09 10:30:00,0.24527499
2018-05-10 10:30:00,0.24956249
2018-05-11 10:30:00,0.33982497
2018-05-12 10:30:00,0.45444998
2018-05-13 10:30:00,0.560375
2018-05-14 10:30:00,0.2504125
2018-05-15 10:30:00,0.5935125
2018-05-16 10:30:00,0.5550625
2018-05-17 10:30:00,0.408525
2018-05-18 10:30:00,0.3491875
2018-05-19 10:30:00,0.24475
2018-05-20 10:30:00,0.385
2018-05-21 10:30:00,0.3808625
2018-05-22 10:30:00,0.80896246
2018-05-23 10:30:00,0.48673746
2018-05-24 10:30:00,0.5469125
2018-05-25 10:30:00,0.4235625
2018-05-26 10:30:00,0.5318875
2018-05-27 10:30:00,0.905925
2018-05-28 10:30:00,0.69287497
2018-05-29 10:30:00,0.79045
2018-05-30 10:30:00,0.4558
2018-05-31 10:30:00,0.4613
2018-06-01 10:30:00,0.19674999
2018-06-02 10:30:00,0.2502375
2018-06-03 10:30:00,0.2777625
2018-06-04 10:30:00,0.52075
2018-06-05 10:30:00,0.583775
2018-06-06 10:30:00,0.6386875
2018-06-07 10:30:00,0.52529997
2018-06-08 10:30:00,0.55988747
2018-06-09 10:30:00,0.7001
2018-06-10 10:30:00,0.7414
2018-06-11 10:30:00,0.7727375
2018-06-12 10:30:00,0.79472494
2018-06-13 10:30:00,0.69943744
2018-06-14 10:30:00,0.76699996
2018-06-15 10:30:00,0.7662625
2018-06-16 10:30:00,0.62325
2018-06-17 10:30:00,0.5548125
2018-06-18 10:30:00,0.8309375
2018-06-19 10:30:00,0.631975
2018-06-20 10:30:00,0.6973
2018-06-21 10:30:00,0.5552625
2018-06-22 10:30:00,0.60522497
2018-06-23 10:30:00,0.590975
2018-06-24 10:30:00,0.6739625
2018-06-25 10:30:00,0.9086125
2018-06-26 10:30:00,0.9431625
2018-06-27 10:30:00,0.81703746
2018-06-28 10:30:00,0.6757375
2018-06-29 10:30:00,0.65925
2018-06-30 10:30:00,0.709825
2018-07-01 10:30:00,0.68943745
2018-07-02 10:30:00,0.6785875
2018-07-03 10:30:00,0.69607496
2018-07-04 10:30:00,0.8986375
2018-07-05 10:30:00,0.9055875
2018-07-06 10:30:00,0.80741245
2018-07-07 10:30:00,0.91615
2018-07-08 10:30:00,0.8912625
2018-07-09 10:30:00,0.776125
2018-07-10 10:30:00,0.8362125
2018-07-11 10:30:00,0.861075
2018-07-12 10:30:00,0.72147495
2018-07-13 10:30:00,0.56436247
2018-07-14 10:30:00,0.61351246
2018-07-15 10:30:00,0.65327495
2018-07-16 10:30:00,0.95296246
2018-07-17 10:30:00,0.87824994
2018-07-18 10:30:00,0.91069996
2018-07-19 10:30:00,0.88296247
2018-07-20 10:30:00,0.92531246
2018-07-21 10:30:00,0.96472496
2018-07-22 10:30:00,0.71832496
2018-07-23 10:30:00,0.7317375
2018-07-24 10:30:00,0.95928746
2018-07-25 10:30:00,0.85926247
2018-07-26 10:30:00,0.74842495
2018-07-27 10:30:00,0.76094997
2018-07-28 10:30:00,0.80316246
2018-07-29 10:30:00,0.818925
2018-07-30 10:30:00,0.8411125
2018-07-31 10:30:00,0.5493125
2018-08-01 10:30:00,0.7229875
2018-08-02 10:30:00,0.748
2018-08-03 10:30:00,0.8560625
2018-08-04 10:30:00,0.8648875
2018-08-05 10:30:00,0.77165
2018-08-06 10:30:00,0.81409997
2018-08-07 10:30:00,0.806275
2018-08-08 10:30:00,0.7855625
2018-08-09 10:30:00,0.6903875
2018-08-10 10:30:00,0.70836246
2018-08-11 10:30:00,0.8660375
2018-08-12 10:30:00,0.808075
2018-08-13 10:30:00,0.9175125
2018-08-14 10:30:00,0.86415
2018-08-15 10:30:00,0.8118125
2018-08-16 10:30:00,0.7121375
2018-08-17 10:30:00,0.8247125
2018-08-18 10:30:00,0.620775
2018-08-19 10:30:00,0.6447125
2018-08-20 10:30:00,0.7558625
2018-08-21 10:30:00,0.74764997
2018-08-22 10:30:00,0.6722375
2018-08-23 10:30:00,0.707675
2018-08-24 10:30:00,0.7599875
2018-08-25 10:30:00,0.9374
2018-08-26 10:30:00,0.838775
2018-08-27 10:30:00,0.7521875
2018-08-28 10:30:00,0.890725
2018-08-29 10:30:00,0.85029995
2018-08-30 10:30:00,0.830575
2018-08-31 10:30:00,0.69925004
2018-09-01 10:30:00,0.7174125
2018-09-02 10:30:00,0.95757496
2018-09-03 10:30:00,0.92412496
2018-09-04 10:30:00,0.76976246
2018-09-05 10:30:00,0.6888125
2018-09-06 10:30:00,0.55575
2018-09-07 10:30:00,0.55285
2018-09-08 10:30:00,0.57514995
2018-09-09 10:30:00,0.608975
2018-09-10 10:30:00,0.72195
2018-09-11 10:30:00,0.70729995
2018-09-12 10:30:00,0.6007125
2018-09-13 10:30:00,0.5268625
2018-09-14 10:30:00,0.55745
2018-09-15 10:30:00,0.43507499
2018-09-16 10:30:00,0.47016248
2018-09-17 10:30:00,0.5583125
2018-09-18 10:30:00,0.5805
2018-09-19 10:30:00,0.60179996
2018-09-20 10:30:00,0.632575
2018-09-21 10:30:00,0.541675
2018-09-22 10:30:00,0.800975
2018-09-23 10:30:00,0.79162496
2018-09-24 10:30:00,0.595925
2018-09-25 10:30:00,0.5677125
2018-09-26 10:30:00,0.58547497
2018-09-27 10:30:00,0.5475625
2018-09-28 10:30:00,0.83315
2018-09-29 10:30:00,0.9065125
2018-09-30 10:30:00,0.65597504
2018-10-01 10:30:00,0.512225
2018-10-02 10:30:00,0.5571875
2018-10-03 10:30:00,0.56831247
2018-10-04 10:30:00,0.5747375
2018-10-05 10:30:00,0.44537497
2018-10-06 10:30:00,0.3772625
2018-10-07 10:30:00,0.604425
2018-10-08 10:30:00,0.49926248
2018-10-09 10:30:00,0.47358748
2018-10-10 10:30:00,0.5248625
2018-10-11 10:30:00,0.5278625
2018-10-12 10:30:00,0.4045375
2018-10-13 10:30:00,0.31257498
2018-10-14 10:30:00,0.39755002
2018-10-15 10:30:00,0.3627
2018-10-16 10:30:00,0.4264875
2018-10-17 10:30:00,0.35811248
2018-10-18 10:30:00,0.36005
2018-10-19 10:30:00,0.4100875
2018-10-20 10:30:00,0.33776248
2018-10-21 10:30:00,0.39366248
2018-10-22 10:30:00,0.49124998
2018-10-23 10:30:00,0.55075
2018-10-24 10:30:00,0.44187498
2018-10-25 10:30:00,0.675425
2018-10-26 10:30:00,0.7716375
2018-10-27 10:30:00,0.376775
2018-10-28 10:30:00,0.5458875
2018-10-29 10:30:00,0.672875
2018-10-30 10:30:00,0.43510002
2018-10-31 10:30:00,0.3832125
2018-11-01 10:30:00,0.41408747
2018-11-02 10:30:00,0.31101248
2018-11-03 10:30:00,0.31138748
2018-11-04 10:30:00,0.44053748
2018-11-05 10:30:00,0.434775
2018-11-06 10:30:00,0.3763375
2018-11-07 10:30:00,0.46089998
2018-11-08 10:30:00,0.58986247
2018-11-09 10:30:00,0.54085
2018-11-10 10:30:00,0.5222
2018-11-11 10:30:00,0.5610875
2018-11-12 10:30:00,0.52717495
2018-11-13 10:30:00,0.6150375
2018-11-14 10:30:00,0.603
2018-11-15 10:30:00,0.34377497
2018-11-16 10:30:00,0.40697497
2018-11-17 10:30:00,0.5233125
2018-11-18 10:30:00,0.4222625
2018-11-19 10:30:00,0.40206248
2018-11-20 10:30:00,0.38858747
2018-11-21 10:30:00,0.3360875
2018-11-22 10:30:00,0.35228747
2018-11-23 10:30:00,0.43495
2018-11-24 10:30:00,0.45158747
2018-11-25 10:30:00,0.37116247
2018-11-26 10:30:00,0.24389999
2018-11-27 10:30:00,0.2791375
2018-11-28 10:30:00,0.31617498
2018-11-29 10:30:00,0.35396248
2018-11-30 10:30:00,0.365975
2018-12-01 10:30:00,0.3366875
2018-12-02 10:30:00,0.32175
2018-12-03 10:30:00,0.2799875
2018-12-04 10:30:00,0.3174125
2018-12-05 10:30:00,0.3236
2018-12-06 10:30:00,0.30487502
2018-12-07 10:30:00,0.30879998
2018-12-08 10:30:00,0.35326248
2018-12-09 10:30:00,0.426425
2018-12-10 10:30:00,0.46284997
2018-12-11 10:30:00,0.5181
2018-12-12 10:30:00,0.68356246
2018-12-13 10:30:00,0.5963625
2018-12-14 10:30:00,0.625175
2018-12-15 10:30:00,0.5063
2018-12-16 10:30:00,0.5409875
2018-12-17 10:30:00,0.4092625
2018-12-18 10:30:00,0.50734997
2018-12-19 10:30:00,0.52375
2018-12-20 10:30:00,0.6059125
2018-12-21 10:30:00,0.703375
2018-12-22 10:30:00,0.302625
2018-12-23 10:30:00,0.2640375
2018-12-24 10:30:00,0.357825
2018-12-25 10:30:00,0.25225
2018-12-26 10:30:00,0.2777125
2018-12-27 10:30:00,0.25457498
2018-12-28 10:30:00,0.31665
2018-12-29 10:30:00,0.30848747
2018-12-30 10:30:00,0.354775
2018-12-31 10:30:00,0.33214998
2019-01-01 10:30:00,0.2534125
2019-01-02 10:30:00,0.43305
2019-01-03 10:30:00,0.5184
2019-01-04 10:30:00,0.3618875
2019-01-05 10:30:00,0.37138748
2019-01-06 10:30:00,0.423375
2019-01-07 10:30:00,0.366225
2019-01-08 10:30:00,0.2740875
2019-01-09 10:30:00,0.27651247
2019-01-10 10:30:00,0.4209
2019-01-11 10:30:00,0.49915
2019-01-12 10:30:00,0.6250375
2019-01-13 10:30:00,0.5918625
2019-01-14 10:30:00,0.4584125
2019-01-15 10:30:00,0.27563748
2019-01-16 10:30:00,0.32689998
2019-01-17 10:30:00,0.285
2019-01-18 10:30:00,0.37099996
2019-01-19 10:30:00,0.38522497
2019-01-20 10:30:00,0.37811247
2019-01-21 10:30:00,0.44979998
2019-01-22 10:30:00,0.3179375
2019-01-23 10:30:00,0.23627499
2019-01-24 10:30:00,0.3799625
2019-01-25 10:30:00,0.2960375
2019-01-26 10:30:00,0.2826125
2019-01-27 10:30:00,0.3604375
2019-01-28 10:30:00,0.3643375
2019-01-29 10:30:00,0.31059998
2019-01-30 10:30:00,0.2673875
2019-01-31 10:30:00,0.282675
2019-02-01 10:30:00,0.4098125
2019-02-02 10:30:00,0.4513625
2019-02-03 10:30:00,0.25114998
2019-02-04 10:30:00,0.29495
2019-02-05 10:30:00,0.25745
2019-02-06 10:30:00,0.2704125
2019-02-07 10:30:00,0.2561125
2019-02-08 10:30:00,0.2988375
2019-02-09 10:30:00,0.27695
2019-02-10 10:30:00,0.306125
2019-02-11 10:30:00,0.28402498
2019-02-12 10:30:00,0.21618749
2019-02-13 10:30:00,0.2201
2019-02-14 10:30:00,0.187025
2019-02-15 10:30:00,0.18733749
2019-02-16 10:30:00,0.2586375
2019-02-17 10:30:00,0.2825
2019-02-18 10:30:00,0.1828375
2019-02-19 10:30:00,0.305825
2019-02-20 10:30:00,0.2200875
2019-02-21 10:30:00,0.23581249
2019-02-22 10:30:00,0.3300125
2019-02-23 10:30:00,0.25878748
2019-02-24 10:30:00,0.23946248
2019-02-25 10:30:00,0.2861625
2019-02-26 10:30:00,0.285125
2019-02-27 10:30:00,0.272675
2019-02-28 10:30:00,0.257325
2019-03-01 10:30:00,0.2666875
2019-03-02 10:30:00,0.2404875
2019-03-03 10:30:00,0.28564999
2019-03-04 10:30:00,0.28196248
2019-03-05 10:30:00,0.45506248
2019-03-06 10:30:00,0.27546248
2019-03-07 10:30:00,0.23295
2019-03-08 10:30:00,0.2184375
2019-03-09 10:30:00,0.21362498
2019-03-10 10:30:00,0.1713375
2019-03-11 10:30:00,0.19897498
2019-03-12 10:30:00,0.2103
2019-03-13 10:30:00,0.2011375
2019-03-14 10:30:00,0.3666625
2019-03-15 10:30:00,0.29325
2019-03-16 10:30:00,0.32041252
2019-03-17 10:30:00,0.2614125
2019-03-18 10:30:00,0.23906249
2019-03-19 10:30:00,0.39009997
2019-03-20 10:30:00,0.2922375
2019-03-21 10:30:00,0.219475
2019-03-22 10:30:00,0.26055
2019-03-23 10:30:00,0.1729375
2019-03-24 10:30:00,0.19215
2019-03-25 10:30:00,0.1536375
2019-03-26 10:30:00,0.12863751
2019-03-27 10:30:00,0.1370625
2019-03-28 10:30:00,0.1705
2019-03-29 10:30:00,0.38695
2019-03-30 10:30:00,0.21532498
2019-03-31 10:30:00,0.24518749
2019-04-01 10:30:00,0.2031875
2019-04-02 10:30:00,0.1789375
2019-04-03 10:30:00,0.2001
2019-04-04 10:30:00,0.44166246
2019-04-05 10:30:00,0.3613
2019-04-06 10:30:00,0.40057498
2019-04-07 10:30:00,0.4656375
2019-04-08 10:30:00,0.35838747
2019-04-09 10:30:00,0.2112625
2019-04-10 10:30:00,0.159275
2019-04-11 10:30:00,0.1534625
2019-04-12 10:30:00,0.124800004
2019-04-13 10:30:00,0.21481249
2019-04-14 10:30:00,0.22899999
2019-04-15 10:30:00,0.1475375
2019-04-16 10:30:00,0.1534125
2019-04-17 10:30:00,0.5990125
2019-04-18 10:30:00,0.23525
2019-04-19 10:30:00,0.20406249
2019-04-20 10:30:00,0.1273375
2019-04-21 10:30:00,0.124525
2019-04-22 10:30:00,0.19258751
2019-04-23 10:30:00,0.11925
2019-04-24 10:30:00,0.19985001
2019-04-25 10:30:00,0.173525
2019-04-26 10:30:00,0.161025
2019-04-27 10:30:00,0.139725
2019-04-28 10:30:00,0.287975
2019-04-29 10:30:00,0.48135
2019-04-30 10:30:00,0.2167625
2019-05-01 10:30:00,0.23139998
2019-05-02 10:30:00,0.2503375
2019-05-03 10:30:00,0.2169375
2019-05-04 10:30:00,0.4146625
2019-05-05 10:30:00,0.1977625
2019-05-06 10:30:00,0.1985375
2019-05-07 10:30:00,0.1816375
2019-05-08 10:30:00,0.17593749
2019-05-09 10:30:00,0.3304125
2019-05-10 10:30:00,0.23626249
2019-05-11 10:30:00,0.35721248
2019-05-12 10:30:00,0.5682
2019-05-13 10:30:00,0.5902625
2019-05-14 10:30:00,0.4645
2019-05-15 10:30:00,0.46214998
2019-05-16 10:30:00,0.1943625
2019-05-17 10:30:00,0.263075
2019-05-18 10:30:00,0.1549
2019-05-19 10:30:00,0.7548625
2019-05-20 10:30:00,0.82058746
2019-05-21 10:30:00,0.616775
2019-05-22 10:30:00,0.6482125
2019-05-23 10:30:00,0.547525
2019-05-24 10:30:00,0.311575
2019-05-25 10:30:00,0.51936245
2019-05-26 10:30:00,0.54917496
2019-05-27 10:30:00,0.37678748
2019-05-28 10:30:00,0.2103125
2019-05-29 10:30:00,0.25169998
2019-05-30 10:30:00,0.5771
2019-05-31 10:30:00,0.5915875
2019-06-01 10:30:00,0.596575
2019-06-02 10:30:00,0.49956247
2019-06-03 10:30:00,0.4786
2019-06-04 10:30:00,0.47705
2019-06-05 10:30:00,0.632775
2019-06-06 10:30:00,0.6417125
2019-06-07 10:30:00,0.8392125
2019-06-08 10:30:00,0.82333744
2019-06-09 10:30:00,0.799575
2019-06-10 10:30:00,0.658125
2019-06-11 10:30:00,0.6556375
2019-06-12 10:30:00,0.740125
2019-06-13 10:30:00,0.46685
2019-06-14 10:30:00,0.671375
2019-06-15 10:30:00,0.56385
2019-06-16 10:30:00,0.47948748
2019-06-17 10:30:00,0.4785625
2019-06-18 10:30:00,0.4597
2019-06-19 10:30:00,0.453575
2019-06-20 10:30:00,0.5199625
2019-06-21 10:30:00,0.492475
2019-06-22 10:30:00,0.5283
2019-06-23 10:30:00,0.4825125
2019-06-24 10:30:00,0.424625
2019-06-25 10:30:00,0.8275
2019-06-26 10:30:00,0.8191125
2019-06-27 10:30:00,0.81683743
2019-06-28 10:30:00,0.8933875
2019-06-29 10:30:00,0.7972625
2019-06-30 10:30:00,0.689225
2019-07-01 10:30:00,0.5160625
2019-07-02 10:30:00,0.72875
2019-07-03 10:30:00,0.661275
2019-07-04 10:30:00,0.8173875
2019-07-05 10:30:00,0.87995
2019-07-06 10:30:00,0.9391124
2019-07-07 10:30:00,0.7457
2019-07-08 10:30:00,0.7747125
2019-07-09 10:30:00,0.7744375
2019-07-10 10:30:00,0.815075
2019-07-11 10:30:00,0.7315625
2019-07-12 10:30:00,0.7592375
2019-07-13 10:30:00,0.84007496
2019-07-14 10:30:00,0.796075
2019-07-15 10:30:00,0.780875
2019-07-16 10:30:00,0.876
2019-07-17 10:30:00,0.740075
2019-07-18 10:30:00,0.7388375
2019-07-19 10:30:00,0.8268875
2019-07-20 10:30:00,0.83989996
2019-07-21 10:30:00,0.68184996
2019-07-22 10:30:00,0.69635
2019-07-23 10:30:00,0.8901125
2019-07-24 10:30:00,0.80536246
2019-07-25 10:30:00,0.7923625
2019-07-26 10:30:00,0.789975
2019-07-27 10:30:00,0.8140625
2019-07-28 10:30:00,0.8708625
2019-07-29 10:30:00,0.85604995
2019-07-30 10:30:00,0.86891246
2019-07-31 10:30:00,0.80441254
2019-08-01 10:30:00,0.70324993
2019-08-02 10:30:00,0.8001875
2019-08-03 10:30:00,0.82005
2019-08-04 10:30:00,0.77187496
2019-08-05 10:30:00,0.8095
2019-08-06 10:30:00,0.944875
2019-08-07 10:30:00,0.92515
2019-08-08 10:30:00,0.90779996
2019-08-09 10:30:00,0.8536625
2019-08-10 10:30:00,0.89747494
2019-08-11 10:30:00,0.9102624
2019-08-12 10:30:00,0.804375
2019-08-13 10:30:00,0.794775
2019-08-14 10:30:00,0.6976625
2019-08-15 10:30:00,0.742525
2019-08-16 10:30:00,0.79821247
2019-08-17 10:30:00,0.7461
2019-08-18 10:30:00,0.770925
2019-08-19 10:30:00,0.7524875
2019-08-20 10:30:00,0.9141
2019-08-21 10:30:00,0.8233875
2019-08-22 10:30:00,0.7931375
2019-08-23 10:30:00,0.83647496
2019-08-24 10:30:00,0.842225
2019-08-25 10:30:00,0.84025
2019-08-26 10:30:00,0.951675
2019-08-27 10:30:00,0.717225
2019-08-28 10:30:00,0.799275
2019-08-29 10:30:00,0.77278745
2019-08-30 10:30:00,0.6805124
2019-08-31 10:30:00,0.71577495
2019-09-01 10:30:00,0.7545875
2019-09-02 10:30:00,0.73354995
2019-09-03 10:30:00,0.70555
2019-09-04 10:30:00,0.77266246
2019-09-05 10:30:00,0.6610125
2019-09-06 10:30:00,0.84691244
2019-09-07 10:30:00,0.780875
2019-09-08 10:30:00,0.4965375
2019-09-09 10:30:00,0.4709875
2019-09-10 10:30:00,0.55044997
2019-09-11 10:30:00,0.58972496
2019-09-12 10:30:00,0.6130875
2019-09-13 10:30:00,0.6453375
2019-09-14 10:30:00,0.5671375
2019-09-15 10:30:00,0.39279997
2019-09-16 10:30:00,0.5275125
2019-09-17 10:30:00,0.57705003
2019-09-18 10:30:00,0.4926875
2019-09-19 10:30:00,0.6529625
2019-09-20 10:30:00,0.72167504
2019-09-21 10:30:00,0.6177375
2019-09-22 10:30:00,0.5780625
2019-09-23 10:30:00,0.4445625
2019-09-24 10:30:00,0.48293748
2019-09-25 10:30:00,0.6937625
2019-09-26 10:30:00,0.6133625
2019-09-27 10:30:00,0.4843125
2019-09-28 10:30:00,0.4169125
2019-09-29 10:30:00,0.518925
2019-09-30 10:30:00,0.67483747
2019-10-01 10:30:00,0.5459125
2019-10-02 10:30:00,0.6411
2019-10-03 10:30:00,0.523925
2019-10-04 10:30:00,0.49971247
2019-10-05 10:30:00,0.49451247
2019-10-06 10:30:00,0.4443125
2019-10-07 10:30:00,0.4255125
2019-10-08 10:30:00,0.474475
2019-10-09 10:30:00,0.37917498
2019-10-10 10:30:00,0.332375
2019-10-11 10:30:00,0.2999375
2019-10-12 10:30:00,0.28257498
2019-10-13 10:30:00,0.33204997
2019-10-14 10:30:00,0.283425
2019-10-15 10:30:00,0.297175
2019-10-16 10:30:00,0.40794998
2019-10-17 10:30:00,0.44081247
2019-10-18 10:30:00,0.428525
2019-10-19 10:30:00,0.5026875
2019-10-20 10:30:00,0.5011
2019-10-21 10:30:00,0.29053748
2019-10-22 10:30:00,0.32723752
2019-10-23 10:30:00,0.416575
2019-10-24 10:30:00,0.7583125
2019-10-25 10:30:00,0.549575
2019-10-26 10:30:00,0.677275
2019-10-27 10:30:00,0.5975125
2019-10-28 10:30:00,0.687425
2019-10-29 10:30:00,0.4903875
2019-10-30 10:30:00,0.49162498
2019-10-31 10:30:00,0.270075
2019-11-01 10:30:00,0.3255125
2019-11-02 10:30:00,0.376
2019-11-03 10:30:00,0.469
2019-11-04 10:30:00,0.42318746
2019-11-05 10:30:00,0.2408375
2019-11-06 10:30:00,0.41877496
2019-11-07 10:30:00,0.3638
2019-11-08 10:30:00,0.37646252
2019-11-09 10:30:00,0.5543875
2019-11-10 10:30:00,0.5089
2019-11-11 10:30:00,0.23315
2019-11-12 10:30:00,0.4748875
2019-11-13 10:30:00,0.41677502
2019-11-14 10:30:00,0.47193748
2019-11-15 10:30:00,0.40581247
2019-11-16 10:30:00,0.34611252
2019-11-17 10:30:00,0.69133747
2019-11-18 10:30:00,0.4058375
2019-11-19 10:30:00,0.4241875
2019-11-20 10:30:00,0.61903745
2019-11-21 10:30:00,0.67661244
2019-11-22 10:30:00,0.69972503
2019-11-23 10:30:00,0.3302375
2019-11-24 10:30:00,0.3993375
2019-11-25 10:30:00,0.43375
2019-11-26 10:30:00,0.42263746
2019-11-27 10:30:00,0.3679875
2019-11-28 10:30:00,0.47439998
2019-11-29 10:30:00,0.49982497
2019-11-30 10:30:00,0.7287625
2019-12-01 10:30:00,0.51112497
2019-12-02 10:30:00,0.3537125
2019-12-03 10:30:00,0.31733748
2019-12-04 10:30:00,0.37221247
2019-12-05 10:30:00,0.4359375
2019-12-06 10:30:00,0.5377375
2019-12-07 10:30:00,0.6441375
2019-12-08 10:30:00,0.7286625
2019-12-09 10:30:00,0.74216247
2019-12-10 10:30:00,0.7300375
2019-12-11 10:30:00,0.65526253
2019-12-12 10:30:00,0.6337625
2019-12-13 10:30:00,0.59099996
2019-12-14 10:30:00,0.6048
2019-12-15 10:30:00,0.6561875
2019-12-16 10:30:00,0.5606375
2019-12-17 10:30:00,0.45203748
2019-12-18 10:30:00,0.50541246
2019-12-19 10:30:00,0.5429625
2019-12-20 10:30:00,0.58537495
2019-12-21 10:30:00,0.606575
2019-12-22 10:30:00,0.637125
2019-12-23 10:30:00,0.5566625
2019-12-24 10:30:00,0.60461247
2019-12-25 10:30:00,0.64997494
2019-12-26 10:30:00,0.5517875
2019-12-27 10:30:00,0.63255
2019-12-28 10:30:00,0.60144997
2019-12-29 10:30:00,0.62885
2019-12-30 10:30:00,0.467625
2019-12-31 10:30:00,0.4772625
2020-01-01 10:30:00,0.54281247
2020-01-02 10:30:00,0.501425
2020-01-03 10:30:00,0.6195
2020-01-04 10:30:00,0.6854125
2020-01-05 10:30:00,0.74275
2020-01-06 10:30:00,0.827425
2020-01-07 10:30:00,0.75465
2020-01-08 10:30:00,0.6325875
2020-01-09 10:30:00,0.68802494
2020-01-10 10:30:00,0.65379995
2020-01-11 10:30:00,0.5702875
2020-01-12 10:30:00,0.52538747
2020-01-13 10:30:00,0.617525
2020-01-14 10:30:00,0.6819625
2020-01-15 10:30:00,0.707725
2020-01-16 10:30:00,0.66735
2020-01-17 10:30:00,0.6817375
2020-01-18 10:30:00,0.7738125
2020-01-19 10:30:00,0.74651253
2020-01-20 10:30:00,0.69566244
2020-01-21 10:30:00,0.70176244
2020-01-22 10:30:00,0.6032375
2020-01-23 10:30:00,0.425875
2020-01-24 10:30:00,0.5780375
2020-01-25 10:30:00,0.67403746
2020-01-26 10:30:00,0.66574997
2020-01-27 10:30:00,0.752175
2020-01-28 10:30:00,0.65981245
2020-01-29 10:30:00,0.60195
2020-01-30 10:30:00,0.68443745
2020-01-31 10:30:00,0.7564125
2020-02-01 10:30:00,0.4252
2020-02-02 10:30:00,0.4226
2020-02-03 10:30:00,0.45099998
2020-02-04 10:30:00,0.43901247
2020-02-05 10:30:00,0.4815375
2020-02-06 10:30:00,0.53358746
2020-02-07 10:30:00,0.56693745
2020-02-08 10:30:00,0.64936244
2020-02-09 10:30:00,0.7035499
2020-02-10 10:30:00,0.7186375
2020-02-11 10:30:00,0.7143
2020-02-12 10:30:00,0.68902504
2020-02-13 10:30:00,0.7038125
2020-02-14 10:30:00,0.4671875
2020-02-15 10:30:00,0.4943375
2020-02-16 10:30:00,0.58295
2020-02-17 10:30:00,0.455825
2020-02-18 10:30:00,0.49208745
2020-02-19 10:30:00,0.49671248
2020-02-20 10:30:00,0.613175
2020-02-21 10:30:00,0.8269125
2020-02-22 10:30:00,0.6246375
2020-02-23 10:30:00,0.65015
2020-02-24 10:30:00,0.48252496
2020-02-25 10:30:00,0.58705
2020-02-26 10:30:00,0.4463
2020-02-27 10:30:00,0.563425
2020-02-28 10:30:00,0.7877
2020-02-29 10:30:00,0.70397496
2020-03-01 10:30:00,0.65739995
2020-03-02 10:30:00,0.69014996
2020-03-03 10:30:00,0.77056247
2020-03-04 10:30:00,0.588725
2020-03-05 10:30:00,0.68382496
2020-03-06 10:30:00,0.78152496
2020-03-07 10:30:00,0.6088375
2020-03-08 10:30:00,0.46486247
2020-03-09 10:30:00,0.4264625
2020-03-10 10:30:00,0.67544997
2020-03-11 10:30:00,0.42513746
2020-03-12 10:30:00,0.235975
2020-03-13 10:30:00,0.4788625
2020-03-14 10:30:00,0.46326247
2020-03-15 10:30:00,0.3668375
2020-03-16 10:30:00,0.451725
2020-03-17 10:30:00,0.45075
2020-03-18 10:30:00,0.467625
2020-03-19 10:30:00,0.464275
2020-03-20 10:30:00,0.35334998
2020-03-21 10:30:00,0.3035625
2020-03-22 10:30:00,0.40763748
2020-03-23 10:30:00,0.399175
2020-03-24 10:30:00,0.38678747
2020-03-25 10:30:00,0.3289875
2020-03-26 10:30:00,0.23094998
2020-03-27 10:30:00,0.33064997
2020-03-28 10:30:00,0.2830875
2020-03-29 10:30:00,0.2309875
2020-03-30 10:30:00,0.20036249
2020-03-31 10:30:00,0.19995001
2020-04-01 10:30:00,0.20927499
2020-04-02 10:30:00,0.2278125
2020-04-03 10:30:00,0.22518748
2020-04-04 10:30:00,0.1478625
2020-04-05 10:30:00,0.15993749
2020-04-06 10:30:00,0.25835
2020-04-07 10:30:00,0.30627498
2020-04-08 10:30:00,0.3339125
2020-04-09 10:30:00,0.256175
2020-04-10 10:30:00,0.155325
2020-04-11 10:30:00,0.1848875
2020-04-12 10:30:00,0.1623375
2020-04-13 10:30:00,0.19138749
2020-04-14 10:30:00,0.3265125
2020-04-15 10:30:00,0.29183748
2020-04-16 10:30:00,0.3296875
2020-04-17 10:30:00,0.21392499
2020-04-18 10:30:00,0.1839875
2020-04-19 10:30:00,0.57689995
2020-04-20 10:30:00,0.898025
2020-04-21 10:30:00,0.820025
2020-04-22 10:30:00,0.575825
2020-04-23 10:30:00,0.46747497
2020-04-24 10:30:00,0.68592495
2020-04-25 10:30:00,0.5531875
2020-04-26 10:30:00,0.469975
2020-04-27 10:30:00,0.3770375
2020-04-28 10:30:00,0.4966375
2020-04-29 10:30:00,0.37603748
2020-04-30 10:30:00,0.36201248
2020-05-01 10:30:00,0.2959
2020-05-02 10:30:00,0.33502498
2020-05-03 10:30:00,0.529775
2020-05-04 10:30:00,0.5695125
2020-05-05 10:30:00,0.41465
2020-05-06 10:30:00,0.2656
2020-05-07 10:30:00,0.34666246
2020-05-08 10:30:00,0.2163375
2020-05-09 10:30:00,0.31401247
2020-05-10 10:30:00,0.5136875
2020-05-11 10:30:00,0.5743375
2020-05-12 10:30:00,0.357325
2020-05-13 10:30:00,0.34315
2020-05-14 10:30:00,0.2299625
2020-05-15 10:30:00,0.41108748
2020-05-16 10:30:00,0.58893746
2020-05-17 10:30:00,0.562075
2020-05-18 10:30:00,0.4431375
2020-05-19 10:30:00,0.56654996
2020-05-20 10:30:00,0.57287496
2020-05-21 10:30:00,0.5761375
2020-05-22 10:30:00,0.675
2020-05-23 10:30:00,0.5874125
2020-05-24 10:30:00,0.49197498
2020-05-25 10:30:00,0.5837625
2020-05-26 10:30:00,0.316225
2020-05-27 10:30:00,0.36976248
2020-05-28 10:30:00,0.360175
2020-05-29 10:30:00,0.4025125
2020-05-30 10:30:00,0.391475
2020-05-31 10:30:00,0.6685375
2020-06-01 10:30:00,0.5820125
2020-06-02 10:30:00,0.5792625
2020-06-03 10:30:00,0.7004374
2020-06-04 10:30:00,0.6883625
2020-06-05 10:30:00,0.47526252
2020-06-06 10:30:00,0.61105
2020-06-07 10:30:00,0.661275
2020-06-08 10:30:00,0.618575
2020-06-09 10:30:00,0.37364998
2020-06-10 10:30:00,0.6351
2020-06-11 10:30:00,0.46275002
2020-06-12 10:30:00,0.5429625
2020-06-13 10:30:00,0.66381246
2020-06-14 10:30:00,0.50506246
2020-06-15 10:30:00,0.50624996
2020-06-16 10:30:00,0.52393746
2020-06-17 10:30:00,0.574875
2020-06-18 10:30:00,0.6023875
2020-06-19 10:30:00,0.70775
2020-06-20 10:30:00,0.822675
2020-06-21 10:30:00,0.6552749
2020-06-22 10:30:00,0.732925
2020-06-23 10:30:00,0.84407496
2020-06-24 10:30:00,0.7297875
2020-06-25 10:30:00,0.70516247
2020-06-26 10:30:00,0.6948125
2020-06-27 10:30:00,0.6397875
2020-06-28 10:30:00,0.7132
2020-06-29 10:30:00,0.66451246
2020-06-30 10:30:00,0.64467496
2020-07-01 10:30:00,0.488225
2020-07-02 10:30:00,0.5287875
2020-07-03 10:30:00,0.60134995
2020-07-04 10:30:00,0.6608125
2020-07-05 10:30:00,0.713825
2020-07-06 10:30:00,0.6936875
2020-07-07 10:30:00,0.48543748
2020-07-08 10:30:00,0.5193875
2020-07-09 10:30:00,0.5889125
2020-07-10 10:30:00,0.62342495
2020-07-11 10:30:00,0.6330625
2020-07-12 10:30:00,0.623875
2020-07-13 10:30:00,0.5060875
2020-07-14 10:30:00,0.5457375
2020-07-15 10:30:00,0.573375
2020-07-16 10:30:00,0.55092496
2020-07-17 10:30:00,0.71848744
2020-07-18 10:30:00,0.63682497
2020-07-19 10:30:00,0.681175
2020-07-20 10:30:00,0.5473
2020-07-21 10:30:00,0.4556625
2020-07-22 10:30:00,0.69734997
2020-07-23 10:30:00,0.6574375
2020-07-24 10:30:00,0.5812875
2020-07-25 10:30:00,0.693
2020-07-26 10:30:00,0.6203
2020-07-27 10:30:00,0.65155
2020-07-28 10:30:00,0.82946247
2020-07-29 10:30:00,0.82747495
2020-07-30 10:30:00,0.7836875
2020-07-31 10:30:00,0.76757497
2020-08-01 10:30:00,0.712425
2020-08-02 10:30:00,0.886875
2020-08-03 10:30:00,0.749
2020-08-04 10:30:00,0.81131244
2020-08-05 10:30:00,0.7698
2020-08-06 10:30:00,0.67996246
2020-08-07 10:30:00,0.826325
2020-08-08 10:30:00,0.864675
2020-08-09 10:30:00,0.8357875
2020-08-10 10:30:00,0.757425
2020-08-11 10:30:00,0.65138745
2020-08-12 10:30:00,0.61845
2020-08-13 10:30:00,0.89875
2020-08-14 10:30:00,0.8422
2020-08-15 10:30:00,0.71152496
2020-08-16 10:30:00,0.74645
2020-08-17 10:30:00,0.7769375
2020-08-18 10:30:00,0.69747496
2020-08-19 10:30:00,0.5401375
2020-08-20 10:30:00,0.5079375
2020-08-21 10:30:00,0.5861625
2020-08-22 10:30:00,0.6575625
2020-08-23 10:30:00,0.78485
2020-08-24 10:30:00,0.8479875
2020-08-25 10:30:00,0.64637494
2020-08-26 10:30:00,0.6852625
2020-08-27 10:30:00,0.81756246
2020-08-28 10:30:00,0.84868747
2020-08-29 10:30:00,0.882525
2020-08-30 10:30:00,0.84341246
2020-08-31 10:30:00,0.748075
2020-09-01 10:30:00,0.7053125
2020-09-02 10:30:00,0.6235125
2020-09-03 10:30:00,0.721575
2020-09-04 10:30:00,0.755875
2020-09-05 10:30:00,0.7075875
2020-09-06 10:30:00,0.706725
2020-09-07 10:30:00,0.7262
2020-09-08 10:30:00,0.6701125
2020-09-09 10:30:00,0.62474996
2020-09-10 10:30:00,0.69656247
2020-09-11 10:30:00,0.74480003
2020-09-12 10:30:00,0.69253755
2020-09-13 10:30:00,0.7808625
2020-09-14 10:30:00,0.8250125
2020-09-15 10:30:00,0.81343746
2020-09-16 10:30:00,0.78638744
2020-09-17 10:30:00,0.8482625
2020-09-18 10:30:00,0.76467496
2020-09-19 10:30:00,0.7108875
2020-09-20 10:30:00,0.76981246
2020-09-21 10:30:00,0.8027375
2020-09-22 10:30:00,0.77297497
2020-09-23 10:30:00,0.64965
2020-09-24 10:30:00,0.75284994
2020-09-25 10:30:00,0.68105
2020-09-26 10:30:00,0.7659125
2020-09-27 10:30:00,0.59529996
2020-09-28 10:30:00,0.55732495
2020-09-29 10:30:00,0.522275
2020-09-30 10:30:00,0.60709995
2020-10-01 10:30:00,0.80345
2020-10-02 10:30:00,0.8153375
2020-10-03 10:30:00,0.572225
2020-10-04 10:30:00,0.67105
2020-10-05 10:30:00,0.46294996
2020-10-06 10:30:00,0.5816125
2020-10-07 10:30:00,0.5421875
2020-10-08 10:30:00,0.68445
2020-10-09 10:30:00,0.8107375
2020-10-10 10:30:00,0.4210625
2020-10-11 10:30:00,0.4330375
2020-10-12 10:30:00,0.455675
2020-10-13 10:30:00,0.54202497
2020-10-14 10:30:00,0.48984998
2020-10-15 10:30:00,0.4262125
2020-10-16 10:30:00,0.4973875
2020-10-17 10:30:00,0.42131248
2020-10-18 10:30:00,0.4560125
2020-10-19 10:30:00,0.52187496
2020-10-20 10:30:00,0.4172875
2020-10-21 10:30:00,0.4616875
2020-10-22 10:30:00,0.36729997
2020-10-23 10:30:00,0.38433748
2020-10-24 10:30:00,0.3720875
2020-10-25 10:30:00,0.47968748
2020-10-26 10:30:00,0.48253748
2020-10-27 10:30:00,0.42298746
2020-10-28 10:30:00,0.43845
2020-10-29 10:30:00,0.49528748
2020-10-30 10:30:00,0.40881246
2020-10-31 10:30:00,0.574975
2020-11-01 10:30:00,0.47902498
2020-11-02 10:30:00,0.35345
2020-11-03 10:30:00,0.31949997
2020-11-04 10:30:00,0.39779997
2020-11-05 10:30:00,0.5251
2020-11-06 10:30:00,0.5678875
2020-11-07 10:30:00,0.4739
2020-11-08 10:30:00,0.40279996
2020-11-09 10:30:00,0.41612497
2020-11-10 10:30:00,0.67139995
2020-11-11 10:30:00,0.643625
2020-11-12 10:30:00,0.4934375
2020-11-13 10:30:00,0.491375
2020-11-14 10:30:00,0.50216246
2020-11-15 10:30:00,0.48721248
2020-11-16 10:30:00,0.5991
2020-11-17 10:30:00,0.75345
2020-11-18 10:30:00,0.549075
2020-11-19 10:30:00,0.34917498
2020-11-20 10:30:00,0.34715
2020-11-21 10:30:00,0.40125
2020-11-22 10:30:00,0.4743875
2020-11-23 10:30:00,0.53595
2020-11-24 10:30:00,0.7159749
2020-11-25 10:30:00,0.42919996
2020-11-26 10:30:00,0.4225875
2020-11-27 10:30:00,0.404825
2020-11-28 10:30:00,0.4538625
2020-11-29 10:30:00,0.47915
2020-11-30 10:30:00,0.466425
2020-12-01 10:30:00,0.491725
2020-12-02 10:30:00,0.4960625
2020-12-03 10:30:00,0.46932498
2020-12-04 10:30:00,0.50053746
2020-12-05 10:30:00,0.5528625
2020-12-06 10:30:00,0.4974875
2020-12-07 10:30:00,0.47965
2020-12-08 10:30:00,0.5127125
2020-12-09 10:30:00,0.502325
2020-12-10 10:30:00,0.45558748
2020-12-11 10:30:00,0.4436
2020-12-12 10:30:00,0.4545
2020-12-13 10:30:00,0.430675
2020-12-14 10:30:00,0.38584998
2020-12-15 10:30:00,0.34893748
2020-12-16 10:30:00,0.5053375
2020-12-17 10:30:00,0.41861248
2020-12-18 10:30:00,0.328375
2020-12-19 10:30:00,0.45651248
2020-12-20 10:30:00,0.4804375
2020-12-21 10:30:00,0.431225
2020-12-22 10:30:00,0.56409997
2020-12-23 10:30:00,0.77248746
2020-12-24 10:30:00,0.7130625
2020-12-25 10:30:00,0.5536
2020-12-26 10:30:00,0.7079875
2020-12-27 10:30:00,0.6884625
2020-12-28 10:30:00,0.51862496
2020-12-29 10:30:00,0.453325
2020-12-30 10:30:00,0.47217497
2020-12-31 10:30:00,0.42665
2021-01-01 10:30:00,0.46443748
2021-01-02 10:30:00,0.44373748
2021-01-03 10:30:00,0.48055
2021-01-04 10:30:00,0.4561375
2021-01-05 10:30:00,0.486175
2021-01-06 10:30:00,0.457425
2021-01-07 10:30:00,0.451575
2021-01-08 10:30:00,0.44236252
2021-01-09 10:30:00,0.4692
2021-01-10 10:30:00,0.47838748
2021-01-11 10:30:00,0.501425
2021-01-12 10:30:00,0.76616246
2021-01-13 10:30:00,0.53341246
2021-01-14 10:30:00,0.5527875
2021-01-15 10:30:00,0.51506245
2021-01-16 10:30:00,0.544775
2021-01-17 10:30:00,0.54202497
2021-01-18 10:30:00,0.4052375
2021-01-19 10:30:00,0.5198
2021-01-20 10:30:00,0.6217125
2021-01-21 10:30:00,0.72099996
2021-01-22 10:30:00,0.595925
2021-01-23 10:30:00,0.69245
2021-01-24 10:30:00,0.6249125
2021-01-25 10:30:00,0.624625
2021-01-26 10:30:00,0.44402498
2021-01-27 10:30:00,0.39561248
2021-01-28 10:30:00,0.39787498
2021-01-29 10:30:00,0.62444997
2021-01-30 10:30:00,0.696825
2021-01-31 10:30:00,0.74705
2021-02-01 10:30:00,0.5228125
2021-02-02 10:30:00,0.4153125
2021-02-03 10:30:00,0.45349997
2021-02-04 10:30:00,0.62614995
2021-02-05 10:30:00,0.675075
2021-02-06 10:30:00,0.49101248
2021-02-07 10:30:00,0.4576
2021-02-08 10:30:00,0.5219875
2021-02-09 10:30:00,0.568825
2021-02-10 10:30:00,0.59955
2021-02-11 10:30:00,0.6195
2021-02-12 10:30:00,0.42017502
2021-02-13 10:30:00,0.45851249
2021-02-14 10:30:00,0.3667875
2021-02-15 10:30:00,0.34838748
2021-02-16 10:30:00,0.3625375
2021-02-17 10:30:00,0.3004125
2021-02-18 10:30:00,0.39669997
2021-02-19 10:30:00,0.5254125
2021-02-20 10:30:00,0.5259375
2021-02-21 10:30:00,0.6511
2021-02-22 10:30:00,0.420275
2021-02-23 10:30:00,0.4389125
2021-02-24 10:30:00,0.49371248
2021-02-25 10:30:00,0.43606248
2021-02-26 10:30:00,0.64266247
2021-02-27 10:30:00,0.47062498
2021-02-28 10:30:00,0.29665
2021-03-01 10:30:00,0.4154625
2021-03-02 10:30:00,0.5622625
2021-03-03 10:30:00,0.47215
2021-03-04 10:30:00,0.420725
2021-03-05 10:30:00,0.28585002
2021-03-06 10:30:00,0.32795
2021-03-07 10:30:00,0.335225
2021-03-08 10:30:00,0.35881248
2021-03-09 10:30:00,0.22362499
2021-03-10 10:30:00,0.2940125
2021-03-11 10:30:00,0.33061248
2021-03-12 10:30:00,0.311075
2021-03-13 10:30:00,0.31704998
2021-03-14 10:30:00,0.45198748
2021-03-15 10:30:00,0.31932497
2021-03-16 10:30:00,0.18372498
2021-03-17 10:30:00,0.29146248
2021-03-18 10:30:00,0.258525
2021-03-19 10:30:00,0.41145
2021-03-20 10:30:00,0.56965
2021-03-21 10:30:00,0.4027375
2021-03-22 10:30:00,0.3608125
2021-03-23 10:30:00,0.4807875
2021-03-24 10:30:00,0.44085
2021-03-25 10:30:00,0.5373125
2021-03-26 10:30:00,0.83076245
2021-03-27 10:30:00,0.45385
2021-03-28 10:30:00,0.51111245
2021-03-29 10:30:00,0.4678875
2021-03-30 10:30:00,0.38215
2021-03-31 10:30:00,0.40725002
2021-04-01 10:30:00,0.33279997
2021-04-02 10:30:00,0.32503748
2021-04-03 10:30:00,0.26163748
2021-04-04 10:30:00,0.2610625
2021-04-05 10:30:00,0.251025
2021-04-06 10:30:00,0.2118875
2021-04-07 10:30:00,0.27772498
2021-04-08 10:30:00,0.3080875
2021-04-09 10:30:00,0.29924998
2021-04-10 10:30:00,0.22792499
2021-04-11 10:30:00,0.39755002
2021-04-12 10:30:00,0.64138746
2021-04-13 10:30:00,0.451175
2021-04-14 10:30:00,0.36544997
2021-04-15 10:30:00,0.62307495
2021-04-16 10:30:00,0.815575
2021-04-17 10:30:00,0.5443875
2021-04-18 10:30:00,0.4650375
2021-04-19 10:30:00,0.223125
2021-04-20 10:30:00,0.2665375
2021-04-21 10:30:00,0.348025
2021-04-22 10:30:00,0.4675375
2021-04-23 10:30:00,0.46096247
2021-04-24 10:30:00,0.216625
2021-04-25 10:30:00,0.302725
2021-04-26 10:30:00,0.264525
2021-04-27 10:30:00,0.2832125
2021-04-28 10:30:00,0.335075
2021-04-29 10:30:00,0.5596375
2021-04-30 10:30:00,0.527975
2021-05-01 10:30:00,0.5817375
2021-05-02 10:30:00,0.35868752
2021-05-03 10:30:00,0.42763752
2021-05-04 10:30:00,0.44635
2021-05-05 10:30:00,0.4977875
2021-05-06 10:30:00,0.50595
2021-05-07 10:30:00,0.73411244
2021-05-08 10:30:00,0.5419375
2021-05-09 10:30:00,0.4252
2021-05-10 10:30:00,0.35217497
2021-05-11 10:30:00,0.33189997
2021-05-12 10:30:00,0.34667498
2021-05-13 10:30:00,0.2835875
2021-05-14 10:30:00,0.6645625
2021-05-15 10:30:00,0.3323375
2021-05-16 10:30:00,0.2561625
2021-05-17 10:30:00,0.2911
2021-05-18 10:30:00,0.4768125
2021-05-19 10:30:00,0.52305
2021-05-20 10:30:00,0.6248625
2021-05-21 10:30:00,0.47186247
2021-05-22 10:30:00,0.341225
2021-05-23 10:30:00,0.3918375
2021-05-24 10:30:00,0.37446252
2021-05-25 10:30:00,0.34623748
2021-05-26 10:30:00,0.5105625
2021-05-27 10:30:00,0.5822375
2021-05-28 10:30:00,0.5883125
2021-05-29 10:30:00,0.55422497
2021-05-30 10:30:00,0.76426244
2021-05-31 10:30:00,0.6569375
2021-06-01 10:30:00,0.49526247
2021-06-02 10:30:00,0.8799
2021-06-03 10:30:00,0.783825
2021-06-04 10:30:00,0.81764996
2021-06-05 10:30:00,0.83818746
2021-06-06 10:30:00,0.62864995
2021-06-07 10:30:00,0.58147496
2021-06-08 10:30:00,0.60499996
2021-06-09 10:30:00,0.6896374
2021-06-10 10:30:00,0.513425
2021-06-11 10:30:00,0.47537497
2021-06-12 10:30:00,0.64586246
2021-06-13 10:30:00,0.61917496
2021-06-14 10:30:00,0.947675
2021-06-15 10:30:00,0.7154875
2021-06-16 10:30:00,0.7957375
2021-06-17 10:30:00,0.4969875
2021-06-18 10:30:00,0.5915875
2021-06-19 10:30:00,0.84598744
2021-06-20 10:30:00,0.83555
2021-06-21 10:30:00,0.703225
2021-06-22 10:30:00,0.641925
2021-06-23 10:30:00,0.5486625
2021-06-24 10:30:00,0.5211375
2021-06-25 10:30:00,0.6550875
2021-06-26 10:30:00,0.74305
2021-06-27 10:30:00,0.77198744
2021-06-28 10:30:00,0.72223747
2021-06-29 10:30:00,0.6612375
2021-06-30 10:30:00,0.762925
2021-07-01 10:30:00,0.86701244
2021-07-02 10:30:00,0.8836875
2021-07-03 10:30:00,0.8807875
2021-07-04 10:30:00,0.93382496
2021-07-05 10:30:00,0.77247494
2021-07-06 10:30:00,0.8235875
2021-07-07 10:30:00,0.933375
2021-07-08 10:30:00,0.93067497
2021-07-09 10:30:00,0.8772125
2021-07-10 10:30:00,0.81584996
2021-07-11 10:30:00,0.7632125
2021-07-12 10:30:00,0.91722494
2021-07-13 10:30:00,0.90977496
2021-07-14 10:30:00,0.96437496
2021-07-15 10:30:00,0.91548747
2021-07-16 10:30:00,0.8845125
2021-07-17 10:30:00,0.9297
2021-07-18 10:30:00,0.90353745
2021-07-19 10:30:00,0.9129625
2021-07-20 10:30:00,0.83051246
2021-07-21 10:30:00,0.8437625
2021-07-22 10:30:00,0.892725
2021-07-23 10:30:00,0.90512496
2021-07-24 10:30:00,0.90737504
2021-07-25 10:30:00,0.92911243
2021-07-26 10:30:00,0.96156245
2021-07-27 10:30:00,0.9265625
2021-07-28 10:30:00,0.8293
2021-07-29 10:30:00,0.8640999
2021-07-30 10:30:00,0.9066
2021-07-31 10:30:00,0.947675
2021-08-01 10:30:00,0.8443375
2021-08-02 10:30:00,0.84409994
2021-08-03 10:30:00,0.97607493
2021-08-04 10:30:00,0.903525
2021-08-05 10:30:00,0.7593
2021-08-06 10:30:00,0.75874996
2021-08-07 10:30:00,0.78995
2021-08-08 10:30:00,0.89646244
2021-08-09 10:30:00,0.933375
2021-08-10 10:30:00,0.84467494
2021-08-11 10:30:00,0.97245
2021-08-12 10:30:00,0.82224995
2021-08-13 10:30:00,0.92011243
2021-08-14 10:30:00,0.866875
2021-08-15 10:30:00,0.79995
2021-08-16 10:30:00,0.7790125
2021-08-17 10:30:00,0.765475
2021-08-18 10:30:00,0.7997
2021-08-19 10:30:00,0.84125
2021-08-20 10:30:00,0.87411255
2021-08-21 10:30:00,0.85379994
2021-08-22 10:30:00,0.8108625
2021-08-23 10:30:00,0.85574996
2021-08-24 10:30:00,0.80223745
2021-08-25 10:30:00,0.9083875
2021-08-26 10:30:00,0.914075
2021-08-27 10:30:00,0.83051246
2021-08-28 10:30:00,0.867825
2021-08-29 10:30:00,0.699475
2021-08-30 10:30:00,0.6904875
2021-08-31 10:30:00,0.80635
2021-09-01 10:30:00,0.7913375
2021-09-02 10:30:00,0.850475
2021-09-03 10:30:00,0.92388743
2021-09-04 10:30:00,0.84787494
2021-09-05 10:30:00,0.797975
2021-09-06 10:30:00,0.967375
2021-09-07 10:30:00,0.72598743
2021-09-08 10:30:00,0.93113744
2021-09-09 10:30:00,0.9411125
2021-09-10 10:30:00,0.772925
2021-09-11 10:30:00,0.78061247
2021-09-12 10:30:00,0.7000875
2021-09-13 10:30:00,0.7841375
2021-09-14 10:30:00,0.82287496
2021-09-15 10:30:00,0.93151253
2021-09-16 10:30:00,0.66555
2021-09-17 10:30:00,0.73676246
2021-09-18 10:30:00,0.7201125
2021-09-19 10:30:00,0.85482496
2021-09-20 10:30:00,0.8666875
2021-09-21 10:30:00,0.6832875
2021-09-22 10:30:00,0.71951246
2021-09-23 10:30:00,0.66592497
2021-09-24 10:30:00,0.77402496
2021-09-25 10:30:00,0.94053745
2021-09-26 10:30:00,0.97057503
2021-09-27 10:30:00,0.632425
2021-09-28 10:30:00,0.53679997
2021-09-29 10:30:00,0.505275
2021-09-30 10:30:00,0.62221247
2021-10-01 10:30:00,0.6173625
2021-10-02 10:30:00,0.65451247
2021-10-03 10:30:00,0.8460125
2021-10-04 10:30:00,0.6822625
2021-10-05 10:30:00,0.5125625
2021-10-06 10:30:00,0.6476625
2021-10-07 10:30:00,0.6013
2021-10-08 10:30:00,0.52564996
2021-10-09 10:30:00,0.45573747
2021-10-10 10:30:00,0.44943747
2021-10-11 10:30:00,0.4558625
2021-10-12 10:30:00,0.46906248
2021-10-13 10:30:00,0.6732875
2021-10-14 10:30:00,0.5211875
2021-10-15 10:30:00,0.52512497
2021-10-16 10:30:00,0.38775
2021-10-17 10:30:00,0.46256247
2021-10-18 10:30:00,0.515875
2021-10-19 10:30:00,0.50135
2021-10-20 10:30:00,0.4829
2021-10-21 10:30:00,0.482125
2021-10-22 10:30:00,0.4914625
2021-10-23 10:30:00,0.512625
2021-10-24 10:30:00,0.4422
2021-10-25 10:30:00,0.35895
2021-10-26 10:30:00,0.4207125
2021-10-27 10:30:00,0.3668875
2021-10-28 10:30:00,0.5118
2021-10-29 10:30:00,0.570325
2021-10-30 10:30:00,0.571025
2021-10-31 10:30:00,0.4018
2021-11-01 10:30:00,0.4429625
2021-11-02 10:30:00,0.5890125
2021-11-03 10:30:00,0.72307503
2021-11-04 10:30:00,0.9655
2021-11-05 10:30:00,0.8505125
2021-11-06 10:30:00,0.484575
2021-11-07 10:30:00,0.5552
2021-11-08 10:30:00,0.72358745
2021-11-09 10:30:00,0.91388744
2021-11-10 10:30:00,0.6657875
2021-11-11 10:30:00,0.3737
2021-11-12 10:30:00,0.505175
2021-11-13 10:30:00,0.53403753
2021-11-14 10:30:00,0.6788375
2021-11-15 10:30:00,0.7001625
2021-11-16 10:30:00,0.81976247
2021-11-17 10:30:00,0.80238754
2021-11-18 10:30:00,0.46625
2021-11-19 10:30:00,0.623325
2021-11-20 10:30:00,0.79842496
2021-11-21 10:30:00,0.8879374
2021-11-22 10:30:00,0.57801247
2021-11-23 10:30:00,0.4298375
2021-11-24 10:30:00,0.4817125
2021-11-25 10:30:00,0.47841248
2021-11-26 10:30:00,0.55
2021-11-27 10:30:00,0.8437625
2021-11-28 10:30:00,0.9211125
2021-11-29 10:30:00,0.764925
2021-11-30 10:30:00,0.60345
2021-12-01 10:30:00,0.5684625
2021-12-02 10:30:00,0.6125375
2021-12-03 10:30:00,0.48194999
2021-12-04 10:30:00,0.6798875
2021-12-05 10:30:00,0.5581375
2021-12-06 10:30:00,0.500225
2021-12-07 10:30:00,0.70146245
2021-12-08 10:30:00,0.8896
2021-12-09 10:30:00,0.9004375
2021-12-10 10:30:00,0.7332875
2021-12-11 10:30:00,0.5668375
2021-12-12 10:30:00,0.494925
2021-12-13 10:30:00,0.6876875
2021-12-14 10:30:00,0.6522375
2021-12-15 10:30:00,0.86044997
2021-12-16 10:30:00,0.61505
2021-12-17 10:30:00,0.51046246
2021-12-18 10:30:00,0.6153
2021-12-19 10:30:00,0.61548746
2021-12-20 10:30:00,0.4206375
2021-12-21 10:30:00,0.47803748
2021-12-22 10:30:00,0.6204375
2021-12-23 10:30:00,0.5002875
2021-12-24 10:30:00,0.47432497
2021-12-25 10:30:00,0.50646245
2021-12-26 10:30:00,0.5291875
2021-12-27 10:30:00,0.6301375
2021-12-28 10:30:00,0.71386254
2021-12-29 10:30:00,0.58252496
2021-12-30 10:30:00,0.48002502
2021-12-31 10:30:00,0.5213
2022-01-01 10:30:00,0.5986125
2022-01-02 10:30:00,0.4894875
2022-01-03 10:30:00,0.4608625
2022-01-04 10:30:00,0.6061375
2022-01-05 10:30:00,0.6856125
2022-01-06 10:30:00,0.7359625
2022-01-07 10:30:00,0.8048625
2022-01-08 10:30:00,0.710325
2022-01-09 10:30:00,0.72949994
2022-01-10 10:30:00,0.69677496
2022-01-11 10:30:00,0.57967496
2022-01-12 10:30:00,0.57905
2022-01-13 10:30:00,0.6216875
2022-01-14 10:30:00,0.72415
2022-01-15 10:30:00,0.54174995
2022-01-16 10:30:00,0.50506246
2022-01-17 10:30:00,0.549325
2022-01-18 10:30:00,0.6604625
2022-01-19 10:30:00,0.5041625
2022-01-20 10:30:00,0.536875
2022-01-21 10:30:00,0.70608747
2022-01-22 10:30:00,0.7343125
2022-01-23 10:30:00,0.71199995
2022-01-24 10:30:00,0.67184997
2022-01-25 10:30:00,0.8600125
2022-01-26 10:30:00,0.60385
2022-01-27 10:30:00,0.5126375
2022-01-28 10:30:00,0.44342497
2022-01-29 10:30:00,0.4101625
2022-01-30 10:30:00,0.4407875
2022-01-31 10:30:00,0.4767625
2022-02-01 10:30:00,0.42849997
2022-02-02 10:30:00,0.467625
2022-02-03 10:30:00,0.43318748
2022-02-04 10:30:00,0.4254375
2022-02-05 10:30:00,0.495975
2022-02-06 10:30:00,0.4657
2022-02-07 10:30:00,0.5118125
2022-02-08 10:30:00,0.6331375
2022-02-09 10:30:00,0.7542125
2022-02-10 10:30:00,0.824875
2022-02-11 10:30:00,0.8298375
2022-02-12 10:30:00,0.6636375
2022-02-13 10:30:00,0.74135
2022-02-14 10:30:00,0.6147375
2022-02-15 10:30:00,0.6039125
2022-02-16 10:30:00,0.6350375
2022-02-17 10:30:00,0.604425
2022-02-18 10:30:00,0.8435375
2022-02-19 10:30:00,0.61215
2022-02-20 10:30:00,0.4633625
2022-02-21 10:30:00,0.4887875
2022-02-22 10:30:00,0.5152125
2022-02-23 10:30:00,0.4933875
2022-02-24 10:30:00,0.5312
2022-02-25 10:30:00,0.4975125
2022-02-26 10:30:00,0.457925
2022-02-27 10:30:00,0.471175
2022-02-28 10:30:00,0.4737875
2022-03-01 10:30:00,0.436175
2022-03-02 10:30:00,0.62649995
2022-03-03 10:30:00,0.5275125
2022-03-04 10:30:00,0.41161245
2022-03-05 10:30:00,0.32283747
2022-03-06 10:30:00,0.405325
2022-03-07 10:30:00,0.46847498
2022-03-08 10:30:00,0.46542498
2022-03-09 10:30:00,0.4810125
2022-03-10 10:30:00,0.19226249
2022-03-11 10:30:00,0.23979999
2022-03-12 10:30:00,0.84239995
2022-03-13 10:30:00,0.8356375
2022-03-14 10:30:00,0.7294125
2022-03-15 10:30:00,0.7641375
2022-03-16 10:30:00,0.3595625
2022-03-17 10:30:00,0.41553748
2022-03-18 10:30:00,0.48943746
2022-03-19 10:30:00,0.3703375
2022-03-20 10:30:00,0.3781625
2022-03-21 10:30:00,0.35232496
2022-03-22 10:30:00,0.313775
2022-03-23 10:30:00,0.4950875
2022-03-24 10:30:00,0.757525
2022-03-25 10:30:00,0.8422875
2022-03-26 10:30:00,0.4943375
2022-03-27 10:30:00,0.44608748
2022-03-28 10:30:00,0.44013748
2022-03-29 10:30:00,0.250175
2022-03-30 10:30:00,0.2322375
2022-03-31 10:30:00,0.26055
2022-04-01 10:30:00,0.28719997
2022-04-02 10:30:00,0.32935
2022-04-03 10:30:00,0.2915125
2022-04-04 10:30:00,0.42366248
2022-04-05 10:30:00,0.36296248
2022-04-06 10:30:00,0.24212499
2022-04-07 10:30:00,0.2890875
2022-04-08 10:30:00,0.41579998
2022-04-09 10:30:00,0.25149998
2022-04-10 10:30:00,0.33026248
2022-04-11 10:30:00,0.302425
2022-04-12 10:30:00,0.25931248
2022-04-13 10:30:00,0.34957498
2022-04-14 10:30:00,0.32814997
2022-04-15 10:30:00,0.2627625
2022-04-16 10:30:00,0.2303125
2022-04-17 10:30:00,0.3439
2022-04-18 10:30:00,0.3156875
2022-04-19 10:30:00,0.2236375
2022-04-20 10:30:00,0.37392497
2022-04-21 10:30:00,0.77037495
2022-04-22 10:30:00,0.3993125
2022-04-23 10:30:00,0.457675
2022-04-24 10:30:00,0.440875
2022-04-25 10:30:00,0.80052495
2022-04-26 10:30:00,0.5441625
2022-04-27 10:30:00,0.3125375
2022-04-28 10:30:00,0.2780875
2022-04-29 10:30:00,0.76348746
2022-04-30 10:30:00,0.56976247
2022-05-01 10:30:00,0.620775
2022-05-02 10:30:00,0.4482
2022-05-03 10:30:00,0.7157375
2022-05-04 10:30:00,0.5760375
2022-05-05 10:30:00,0.7593374
2022-05-06 10:30:00,0.38197497
2022-05-07 10:30:00,0.2839
2022-05-08 10:30:00,0.32834998
2022-05-09 10:30:00,0.2088875
2022-05-10 10:30:00,0.63414997
2022-05-11 10:30:00,0.4131375
2022-05-12 10:30:00,0.5851125
2022-05-13 10:30:00,0.4279375
2022-05-14 10:30:00,0.37096253
2022-05-15 10:30:00,0.34365
2022-05-16 10:30:00,0.2942375
2022-05-17 10:30:00,0.551525
2022-05-18 10:30:00,0.3158375
2022-05-19 10:30:00,0.39075
2022-05-20 10:30:00,0.3811875
2022-05-21 10:30:00,0.464275
2022-05-22 10:30:00,0.38412502
2022-05-23 10:30:00,0.4450875
2022-05-24 10:30:00,0.8495375
2022-05-25 10:30:00,0.5098625
2022-05-26 10:30:00,0.3975125
2022-05-27 10:30:00,0.3530625
2022-05-28 10:30:00,0.3836875
2022-05-29 10:30:00,0.97178745
2022-05-30 10:30:00,0.72148746
2022-05-31 10:30:00,0.67763746
2022-06-01 10:30:00,0.67824996
2022-06-02 10:30:00,0.6437
2022-06-03 10:30:00,0.71108747
2022-06-04 10:30:00,0.8115249
2022-06-05 10:30:00,0.81374997
2022-06-06 10:30:00,0.71718746
2022-06-07 10:30:00,0.8997375
2022-06-08 10:30:00,0.7567875
2022-06-09 10:30:00,0.5816125
2022-06-10 10:30:00,0.635975
2022-06-11 10:30:00,0.61868745
2022-06-12 10:30:00,0.862675
2022-06-13 10:30:00,0.887275
2022-06-14 10:30:00,0.822025
2022-06-15 10:30:00,0.770225
2022-06-16 10:30:00,0.72848743
2022-06-17 10:30:00,0.55904996
2022-06-18 10:30:00,0.61885
2022-06-19 10:30:00,0.53783745
2022-06-20 10:30:00,0.71646243
2022-06-21 10:30:00,0.4672375
2022-06-22 10:30:00,0.634225
2022-06-23 10:30:00,0.8895125
2022-06-24 10:30:00,0.842425
2022-06-25 10:30:00,0.7630625
2022-06-26 10:30:00,0.6954249
2022-06-27 10:30:00,0.6803
2022-06-28 10:30:00,0.6835125
2022-06-29 10:30:00,0.6706375
2022-06-30 10:30:00,0.717025
2022-07-01 10:30:00,0.7991375
2022-07-02 10:30:00,0.73636246
2022-07-03 10:30:00,0.788
2022-07-04 10:30:00,0.787275
2022-07-05 10:30:00,0.8521625
2022-07-06 10:30:00,0.8802625
2022-07-07 10:30:00,0.8187
2022-07-08 10:30:00,0.87452495
2022-07-09 10:30:00,0.66231245
2022-07-10 10:30:00,0.723275
2022-07-11 10:30:00,0.69597495
2022-07-12 10:30:00,0.64293754
2022-07-13 10:30:00,0.98069996
2022-07-14 10:30:00,0.98469996
2022-07-15 10:30:00,0.9178625
2022-07-16 10:30:00,0.88981247
2022-07-17 10:30:00,0.87512505
2022-07-18 10:30:00,0.8955125
2022-07-19 10:30:00,0.81415
2022-07-20 10:30:00,0.80492496
2022-07-21 10:30:00,0.79341245
2022-07-22 10:30:00,0.76123744
2022-07-23 10:30:00,0.90177494
2022-07-24 10:30:00,0.8815875
2022-07-25 10:30:00,0.86069995
2022-07-26 10:30:00,0.912125
2022-07-27 10:30:00,0.8510375
2022-07-28 10:30:00,0.95745003
2022-07-29 10:30:00,0.91772497
2022-07-30 10:30:00,0.8941625
2022-07-31 10:30:00,0.9043
2022-08-01 10:30:00,0.8316
2022-08-02 10:30:00,0.787425
2022-08-03 10:30:00,0.792525
2022-08-04 10:30:00,0.9138625
2022-08-05 10:30:00,0.63979995
2022-08-06 10:30:00,0.7316625
2022-08-07 10:30:00,0.77146244
2022-08-08 10:30:00,0.58862495
2022-08-09 10:30:00,0.5686
2022-08-10 10:30:00,0.63836247
2022-08-11 10:30:00,0.660075
2022-08-12 10:30:00,0.6686625
2022-08-13 10:30:00,0.66991246
2022-08-14 10:30:00,0.84982497
2022-08-15 10:30:00,0.8382375
2022-08-16 10:30:00,0.65911245
2022-08-17 10:30:00,0.67776245
2022-08-18 10:30:00,0.731575
2022-08-19 10:30:00,0.56343746
2022-08-20 10:30:00,0.62052494
2022-08-21 10:30:00,0.7017125
2022-08-22 10:30:00,0.71775
2022-08-23 10:30:00,0.59595
2022-08-24 10:30:00,0.6859625
2022-08-25 10:30:00,0.6258625
2022-08-26 10:30:00,0.72608745
2022-08-27 10:30:00,0.56997496
2022-08-28 10:30:00,0.69943744
2022-08-29 10:30:00,0.7208
2022-08-30 10:30:00,0.86129993
2022-08-31 10:30:00,0.73139995
2022-09-01 10:30:00,0.588
2022-09-02 10:30:00,0.6245625
2022-09-03 10:30:00,0.66235
2022-09-04 10:30:00,0.800075
2022-09-05 10:30:00,0.6328375
2022-09-06 10:30:00,0.77425003
2022-09-07 10:30:00,0.6396375
2022-09-08 10:30:00,0.67345
2022-09-09 10:30:00,0.67904997
2022-09-10 10:30:00,0.71951246
2022-09-11 10:30:00,0.6710875
2022-09-12 10:30:00,0.780625
2022-09-13 10:30:00,0.5787625
2022-09-14 10:30:00,0.6865
2022-09-15 10:30:00,0.6921875
2022-09-16 10:30:00,0.74205
2022-09-17 10:30:00,0.6225375
2022-09-18 10:30:00,0.5080125
2022-09-19 10:30:00,0.355675
2022-09-20 10:30:00,0.4716
2022-09-21 10:30:00,0.42268747
2022-09-22 10:30:00,0.8752875
2022-09-23 10:30:00,0.84345
2022-09-24 10:30:00,0.5726625
2022-09-25 10:30:00,0.4265375
2022-09-26 10:30:00,0.5813625
2022-09-27 10:30:00,0.4526125
2022-09-28 10:30:00,0.5142125
2022-09-29 10:30:00,0.4415375
2022-09-30 10:30:00,0.77007496
2022-10-01 10:30:00,0.71019995
2022-10-02 10:30:00,0.74081254
2022-10-03 10:30:00,0.48638746
2022-10-04 10:30:00,0.432475
2022-10-05 10:30:00,0.45103747
2022-10-06 10:30:00,0.5770875
2022-10-07 10:30:00,0.4900875
2022-10-08 10:30:00,0.624975
2022-10-09 10:30:00,0.3141875
2022-10-10 10:30:00,0.36185
2022-10-11 10:30:00,0.3725
2022-10-12 10:30:00,0.5089
2022-10-13 10:30:00,0.40461248
2022-10-14 10:30:00,0.43816248
2022-10-15 10:30:00,0.34415
2022-10-16 10:30:00,0.42595
2022-10-17 10:30:00,0.38715
2022-10-18 10:30:00,0.49049997
2022-10-19 10:30:00,0.32573748
2022-10-20 10:30:00,0.43408749
2022-10-21 10:30:00,0.6857875
2022-10-22 10:30:00,0.5084875
2022-10-23 10:30:00,0.428625
2022-10-24 10:30:00,0.46459997
2022-10-25 10:30:00,0.55988747
2022-10-26 10:30:00,0.66451246
2022-10-27 10:30:00,0.420825
2022-10-28 10:30:00,0.4484875
2022-10-29 10:30:00,0.51077497
2022-10-30 10:30:00,0.63579994
2022-10-31 10:30:00,0.5180875
2022-11-01 10:30:00,0.37186247
2022-11-02 10:30:00,0.30295
2022-11-03 10:30:00,0.35599998
2022-11-04 10:30:00,0.40101248
2022-11-05 10:30:00,0.42279997
2022-11-06 10:30:00,0.5133375
2022-11-07 10:30:00,0.46921247
2022-11-08 10:30:00,0.49776253
2022-11-09 10:30:00,0.4796125
2022-11-10 10:30:00,0.38197497
2022-11-11 10:30:00,0.42439997
2022-11-12 10:30:00,0.34505
2022-11-13 10:30:00,0.541025
2022-11-14 10:30:00,0.5696625
2022-11-15 10:30:00,0.43322498
2022-11-16 10:30:00,0.5723625
2022-11-17 10:30:00,0.616525
2022-11-18 10:30:00,0.4918125
2022-11-19 10:30:00,0.52388746
2022-11-20 10:30:00,0.3821875
2022-11-21 10:30:00,0.4734375
2022-11-22 10:30:00,0.5315875
2022-11-23 10:30:00,0.5711875
2022-11-24 10:30:00,0.91537493
2022-11-25 10:30:00,0.681
2022-11-26 10:30:00,0.47474998
2022-11-27 10:30:00,0.82334995
2022-11-28 10:30:00,0.82629997
2022-11-29 10:30:00,0.45653751
2022-11-30 10:30:00,0.402075
2022-12-01 10:30:00,0.49435002
2022-12-02 10:30:00,0.4788
2022-12-03 10:30:00,0.456275
2022-12-04 10:30:00,0.527825
2022-12-05 10:30:00,0.53029996
2022-12-06 10:30:00,0.57441247
2022-12-07 10:30:00,0.5561875
2022-12-08 10:30:00,0.53975
2022-12-09 10:30:00,0.5508
2022-12-10 10:30:00,0.5743
2022-12-11 10:30:00,0.628275
2022-12-12 10:30:00,0.470375
2022-12-13 10:30:00,0.418325
2022-12-14 10:30:00,0.40882498
2022-12-15 10:30:00,0.43244997
2022-12-16 10:30:00,0.44919997
2022-12-17 10:30:00,0.5027625
2022-12-18 10:30:00,0.4789
2022-12-19 10:30:00,0.49054998
2022-12-20 10:30:00,0.65701246
2022-12-21 10:30:00,0.75393754
2022-12-22 10:30:00,0.5199125
2022-12-23 10:30:00,0.48478752
2022-12-24 10:30:00,0.4483375
2022-12-25 10:30:00,0.611475
2022-12-26 10:30:00,0.686175
2022-12-27 10:30:00,0.78928745
2022-12-28 10:30:00,0.64037496
2022-12-29 10:30:00,0.5746875
2022-12-30 10:30:00,0.6657125
2022-12-31 10:30:00,0.4758125
