time,rhum
2012-01-01 10:30:00,0.599725
2012-01-02 10:30:00,0.6437375
2012-01-03 10:30:00,0.61636245
2012-01-04 10:30:00,0.573925
2012-01-05 10:30:00,0.57735
2012-01-06 10:30:00,0.5820875
2012-01-07 10:30:00,0.542525
2012-01-08 10:30:00,0.60552496
2012-01-09 10:30:00,0.603325
2012-01-10 10:30:00,0.511975
2012-01-11 10:30:00,0.58512497
2012-01-12 10:30:00,0.63740003
2012-01-13 10:30:00,0.626925
2012-01-14 10:30:00,0.57654995
2012-01-15 10:30:00,0.62175
2012-01-16 10:30:00,0.7062875
2012-01-17 10:30:00,0.69624996
2012-01-18 10:30:00,0.62375
2012-01-19 10:30:00,0.54895
2012-01-20 10:30:00,0.407825
2012-01-21 10:30:00,0.39510003
2012-01-22 10:30:00,0.43002498
2012-01-23 10:30:00,0.46496248
2012-01-24 10:30:00,0.46287498
2012-01-25 10:30:00,0.49326247
2012-01-26 10:30:00,0.45283747
2012-01-27 10:30:00,0.44402498
2012-01-28 10:30:00,0.4327125
2012-01-29 10:30:00,0.43275002
2012-01-30 10:30:00,0.3964375
2012-01-31 10:30:00,0.3971125
2012-02-01 10:30:00,0.3908625
2012-02-02 10:30:00,0.41147497
2012-02-03 10:30:00,0.437775
2012-02-04 10:30:00,0.48984998
2012-02-05 10:30:00,0.4162
2012-02-06 10:30:00,0.4030375
2012-02-07 10:30:00,0.405525
2012-02-08 10:30:00,0.46366248
2012-02-09 10:30:00,0.4654125
2012-02-10 10:30:00,0.4329125
2012-02-11 10:30:00,0.4311375
2012-02-12 10:30:00,0.513575
2012-02-13 10:30:00,0.44678748
2012-02-14 10:30:00,0.4280375
2012-02-15 10:30:00,0.42568746
2012-02-16 10:30:00,0.44713748
2012-02-17 10:30:00,0.46357498
2012-02-18 10:30:00,0.4705
2012-02-19 10:30:00,0.4143125
2012-02-20 10:30:00,0.3181375
2012-02-21 10:30:00,0.32553747
2012-02-22 10:30:00,0.35338748
2012-02-23 10:30:00,0.456725
2012-02-24 10:30:00,0.46568748
2012-02-25 10:30:00,0.3986125
2012-02-26 10:30:00,0.50721246
2012-02-27 10:30:00,0.5007375
2012-02-28 10:30:00,0.4679
2012-02-29 10:30:00,0.4863625
2012-03-01 10:30:00,0.394825
2012-03-02 10:30:00,0.39108747
2012-03-03 10:30:00,0.4835125
2012-03-04 10:30:00,0.537125
2012-03-05 10:30:00,0.79481244
2012-03-06 10:30:00,0.567325
2012-03-07 10:30:00,0.6229125
2012-03-08 10:30:00,0.43565
2012-03-09 10:30:00,0.4038375
2012-03-10 10:30:00,0.57745
2012-03-11 10:30:00,0.459275
2012-03-12 10:30:00,0.500225
2012-03-13 10:30:00,0.454675
2012-03-14 10:30:00,0.494825
2012-03-15 10:30:00,0.248125
2012-03-16 10:30:00,0.335225
2012-03-17 10:30:00,0.22418748
2012-03-18 10:30:00,0.35701248
2012-03-19 10:30:00,0.323875
2012-03-20 10:30:00,0.3003
2012-03-21 10:30:00,0.44757497
2012-03-22 10:30:00,0.292
2012-03-23 10:30:00,0.58037496
2012-03-24 10:30:00,0.42038748
2012-03-25 10:30:00,0.39971247
2012-03-26 10:30:00,0.42003748
2012-03-27 10:30:00,0.329125
2012-03-28 10:30:00,0.2826125
2012-03-29 10:30:00,0.5853625
2012-03-30 10:30:00,0.5897125
2012-03-31 10:30:00,0.427175
2012-04-01 10:30:00,0.4090375
2012-04-02 10:30:00,0.3699875
2012-04-03 10:30:00,0.5047625
2012-04-04 10:30:00,0.5426625
2012-04-05 10:30:00,0.44915
2012-04-06 10:30:00,0.420425
2012-04-07 10:30:00,0.4632375
2012-04-08 10:30:00,0.6315375
2012-04-09 10:30:00,0.34958747
2012-04-10 10:30:00,0.3223
2012-04-11 10:30:00,0.3785125
2012-04-12 10:30:00,0.4163125
2012-04-13 10:30:00,0.330475
2012-04-14 10:30:00,0.64801246
2012-04-15 10:30:00,0.419075
2012-04-16 10:30:00,0.3778125
2012-04-17 10:30:00,0.37757498
2012-04-18 10:30:00,0.283025
2012-04-19 10:30:00,0.43256247
2012-04-20 10:30:00,0.34491247
2012-04-21 10:30:00,0.345675
2012-04-22 10:30:00,0.38733748
2012-04-23 10:30:00,0.36729997
2012-04-24 10:30:00,0.23966248
2012-04-25 10:30:00,0.29872498
2012-04-26 10:30:00,0.2382
2012-04-27 10:30:00,0.61066246
2012-04-28 10:30:00,0.45088753
2012-04-29 10:30:00,0.326325
2012-04-30 10:30:00,0.30526248
2012-05-01 10:30:00,0.22709998
2012-05-02 10:30:00,0.3224625
2012-05-03 10:30:00,0.22702499
2012-05-04 10:30:00,0.2291125
2012-05-05 10:30:00,0.18052499
2012-05-06 10:30:00,0.2737
2012-05-07 10:30:00,0.3699875
2012-05-08 10:30:00,0.41808748
2012-05-09 10:30:00,0.3977375
2012-05-10 10:30:00,0.461175
2012-05-11 10:30:00,0.44628748
2012-05-12 10:30:00,0.759
2012-05-13 10:30:00,0.439575
2012-05-14 10:30:00,0.587475
2012-05-15 10:30:00,0.6306375
2012-05-16 10:30:00,0.6418875
2012-05-17 10:30:00,0.45967498
2012-05-18 10:30:00,0.2593625
2012-05-19 10:30:00,0.26732498
2012-05-20 10:30:00,0.292325
2012-05-21 10:30:00,0.3134
2012-05-22 10:30:00,0.29201248
2012-05-23 10:30:00,0.382
2012-05-24 10:30:00,0.32154998
2012-05-25 10:30:00,0.3994875
2012-05-26 10:30:00,0.38498747
2012-05-27 10:30:00,0.33444998
2012-05-28 10:30:00,0.48014998
2012-05-29 10:30:00,0.49151248
2012-05-30 10:30:00,0.729925
2012-05-31 10:30:00,0.5786875
2012-06-01 10:30:00,0.824825
2012-06-02 10:30:00,0.8559625
2012-06-03 10:30:00,0.7612
2012-06-04 10:30:00,0.7704
2012-06-05 10:30:00,0.6632375
2012-06-06 10:30:00,0.79379994
2012-06-07 10:30:00,0.69386244
2012-06-08 10:30:00,0.7766
2012-06-09 10:30:00,0.6817375
2012-06-10 10:30:00,0.68154997
2012-06-11 10:30:00,0.7890125
2012-06-12 10:30:00,0.92004997
2012-06-13 10:30:00,0.89076245
2012-06-14 10:30:00,0.8355375
2012-06-15 10:30:00,0.7420875
2012-06-16 10:30:00,0.754625
2012-06-17 10:30:00,0.8394625
2012-06-18 10:30:00,0.6921875
2012-06-19 10:30:00,0.66691244
2012-06-20 10:30:00,0.68592495
2012-06-21 10:30:00,0.64886254
2012-06-22 10:30:00,0.6039625
2012-06-23 10:30:00,0.6505375
2012-06-24 10:30:00,0.85811245
2012-06-25 10:30:00,0.8891625
2012-06-26 10:30:00,0.732475
2012-06-27 10:30:00,0.6135375
2012-06-28 10:30:00,0.80925
2012-06-29 10:30:00,0.74205
2012-06-30 10:30:00,0.5179875
2012-07-01 10:30:00,0.7273874
2012-07-02 10:30:00,0.83355004
2012-07-03 10:30:00,0.78488755
2012-07-04 10:30:00,0.7418125
2012-07-05 10:30:00,0.736575
2012-07-06 10:30:00,0.73485
2012-07-07 10:30:00,0.669375
2012-07-08 10:30:00,0.83426255
2012-07-09 10:30:00,0.7554125
2012-07-10 10:30:00,0.83224994
2012-07-11 10:30:00,0.893225
2012-07-12 10:30:00,0.85099995
2012-07-13 10:30:00,0.70388746
2012-07-14 10:30:00,0.7425
2012-07-15 10:30:00,0.7438875
2012-07-16 10:30:00,0.6425875
2012-07-17 10:30:00,0.6342125
2012-07-18 10:30:00,0.7409625
2012-07-19 10:30:00,0.72545
2012-07-20 10:30:00,0.7881749
2012-07-21 10:30:00,0.7184625
2012-07-22 10:30:00,0.8373625
2012-07-23 10:30:00,0.692575
2012-07-24 10:30:00,0.740775
2012-07-25 10:30:00,0.6782875
2012-07-26 10:30:00,0.77226245
2012-07-27 10:30:00,0.70546246
2012-07-28 10:30:00,0.9314
2012-07-29 10:30:00,0.83235
2012-07-30 10:30:00,0.73701245
2012-07-31 10:30:00,0.69896245
2012-08-01 10:30:00,0.755325
2012-08-02 10:30:00,0.80067503
2012-08-03 10:30:00,0.877275
2012-08-04 10:30:00,0.76584995
2012-08-05 10:30:00,0.6966125
2012-08-06 10:30:00,0.7039125
2012-08-07 10:30:00,0.71441245
2012-08-08 10:30:00,0.69264996
2012-08-09 10:30:00,0.6221375
2012-08-10 10:30:00,0.7986
2012-08-11 10:30:00,0.46144998
2012-08-12 10:30:00,0.671175
2012-08-13 10:30:00,0.6568875
2012-08-14 10:30:00,0.696425
2012-08-15 10:30:00,0.505625
2012-08-16 10:30:00,0.63111246
2012-08-17 10:30:00,0.732975
2012-08-18 10:30:00,0.6935125
2012-08-19 10:30:00,0.60171247
2012-08-20 10:30:00,0.65709996
2012-08-21 10:30:00,0.6001875
2012-08-22 10:30:00,0.5118875
2012-08-23 10:30:00,0.5886375
2012-08-24 10:30:00,0.6353625
2012-08-25 10:30:00,0.620725
2012-08-26 10:30:00,0.6023
2012-08-27 10:30:00,0.7114375
2012-08-28 10:30:00,0.53955
2012-08-29 10:30:00,0.60131246
2012-08-30 10:30:00,0.5783375
2012-08-31 10:30:00,0.46171248
2012-09-01 10:30:00,0.58125
2012-09-02 10:30:00,0.84025
2012-09-03 10:30:00,0.82928747
2012-09-04 10:30:00,0.76669997
2012-09-05 10:30:00,0.68756247
2012-09-06 10:30:00,0.57971245
2012-09-07 10:30:00,0.66073745
2012-09-08 10:30:00,0.68004996
2012-09-09 10:30:00,0.64707494
2012-09-10 10:30:00,0.67731243
2012-09-11 10:30:00,0.86791253
2012-09-12 10:30:00,0.73992497
2012-09-13 10:30:00,0.693775
2012-09-14 10:30:00,0.607975
2012-09-15 10:30:00,0.6322375
2012-09-16 10:30:00,0.6481125
2012-09-17 10:30:00,0.6382375
2012-09-18 10:30:00,0.6964374
2012-09-19 10:30:00,0.692375
2012-09-20 10:30:00,0.6146375
2012-09-21 10:30:00,0.6330625
2012-09-22 10:30:00,0.77466244
2012-09-23 10:30:00,0.70347494
2012-09-24 10:30:00,0.7122125
2012-09-25 10:30:00,0.85512495
2012-09-26 10:30:00,0.60842496
2012-09-27 10:30:00,0.660625
2012-09-28 10:30:00,0.494825
2012-09-29 10:30:00,0.5839125
2012-09-30 10:30:00,0.53725
2012-10-01 10:30:00,0.536075
2012-10-02 10:30:00,0.6008125
2012-10-03 10:30:00,0.76138747
2012-10-04 10:30:00,0.5722125
2012-10-05 10:30:00,0.482775
2012-10-06 10:30:00,0.6013
2012-10-07 10:30:00,0.59435
2012-10-08 10:30:00,0.6061375
2012-10-09 10:30:00,0.624775
2012-10-10 10:30:00,0.54249996
2012-10-11 10:30:00,0.58367497
2012-10-12 10:30:00,0.81264997
2012-10-13 10:30:00,0.7359875
2012-10-14 10:30:00,0.638875
2012-10-15 10:30:00,0.63923746
2012-10-16 10:30:00,0.6836125
2012-10-17 10:30:00,0.57269996
2012-10-18 10:30:00,0.5229625
2012-10-19 10:30:00,0.44198748
2012-10-20 10:30:00,0.503075
2012-10-21 10:30:00,0.57215
2012-10-22 10:30:00,0.5806375
2012-10-23 10:30:00,0.600625
2012-10-24 10:30:00,0.593325
2012-10-25 10:30:00,0.58625
2012-10-26 10:30:00,0.49499997
2012-10-27 10:30:00,0.447
2012-10-28 10:30:00,0.474425
2012-10-29 10:30:00,0.5433625
2012-10-30 10:30:00,0.6076625
2012-10-31 10:30:00,0.66152495
2012-11-01 10:30:00,0.5838375
2012-11-02 10:30:00,0.5175875
2012-11-03 10:30:00,0.62122494
2012-11-04 10:30:00,0.84385
2012-11-05 10:30:00,0.753375
2012-11-06 10:30:00,0.65978754
2012-11-07 10:30:00,0.60162497
2012-11-08 10:30:00,0.56401247
2012-11-09 10:30:00,0.605675
2012-11-10 10:30:00,0.7041625
2012-11-11 10:30:00,0.737975
2012-11-12 10:30:00,0.577775
2012-11-13 10:30:00,0.582125
2012-11-14 10:30:00,0.639875
2012-11-15 10:30:00,0.575925
2012-11-16 10:30:00,0.6383875
2012-11-17 10:30:00,0.5647
2012-11-18 10:30:00,0.76107496
2012-11-19 10:30:00,0.617525
2012-11-20 10:30:00,0.56815
2012-11-21 10:30:00,0.55373746
2012-11-22 10:30:00,0.5677625
2012-11-23 10:30:00,0.57415
2012-11-24 10:30:00,0.636625
2012-11-25 10:30:00,0.53455
2012-11-26 10:30:00,0.49873748
2012-11-27 10:30:00,0.64455
2012-11-28 10:30:00,0.525275
2012-11-29 10:30:00,0.488675
2012-11-30 10:30:00,0.4718875
2012-12-01 10:30:00,0.5573875
2012-12-02 10:30:00,0.61913747
2012-12-03 10:30:00,0.5178125
2012-12-04 10:30:00,0.49726248
2012-12-05 10:30:00,0.42463747
2012-12-06 10:30:00,0.4382375
2012-12-07 10:30:00,0.48768747
2012-12-08 10:30:00,0.4775625
2012-12-09 10:30:00,0.559275
2012-12-10 10:30:00,0.62572503
2012-12-11 10:30:00,0.6061875
2012-12-12 10:30:00,0.6714375
2012-12-13 10:30:00,0.5805
2012-12-14 10:30:00,0.66878754
2012-12-15 10:30:00,0.6796875
2012-12-16 10:30:00,0.5489
2012-12-17 10:30:00,0.4681
2012-12-18 10:30:00,0.4479875
2012-12-19 10:30:00,0.49139997
2012-12-20 10:30:00,0.518325
2012-12-21 10:30:00,0.4596375
2012-12-22 10:30:00,0.39669997
2012-12-23 10:30:00,0.40525
2012-12-24 10:30:00,0.4281375
2012-12-25 10:30:00,0.37305
2012-12-26 10:30:00,0.498125
2012-12-27 10:30:00,0.61895
2012-12-28 10:30:00,0.69213754
2012-12-29 10:30:00,0.5245375
2012-12-30 10:30:00,0.45088747
2012-12-31 10:30:00,0.4899625
2013-01-01 10:30:00,0.3767625
2013-01-02 10:30:00,0.38255
2013-01-03 10:30:00,0.3543625
2013-01-04 10:30:00,0.4018
2013-01-05 10:30:00,0.42831248
2013-01-06 10:30:00,0.499425
2013-01-07 10:30:00,0.430975
2013-01-08 10:30:00,0.41127497
2013-01-09 10:30:00,0.4445875
2013-01-10 10:30:00,0.49972498
2013-01-11 10:30:00,0.514775
2013-01-12 10:30:00,0.49298748
2013-01-13 10:30:00,0.551575
2013-01-14 10:30:00,0.5358125
2013-01-15 10:30:00,0.54632497
2013-01-16 10:30:00,0.4502625
2013-01-17 10:30:00,0.48663747
2013-01-18 10:30:00,0.5187625
2013-01-19 10:30:00,0.5563875
2013-01-20 10:30:00,0.614025
2013-01-21 10:30:00,0.5174625
2013-01-22 10:30:00,0.5380875
2013-01-23 10:30:00,0.536925
2013-01-24 10:30:00,0.3823625
2013-01-25 10:30:00,0.387
2013-01-26 10:30:00,0.518
2013-01-27 10:30:00,0.5752625
2013-01-28 10:30:00,0.57888746
2013-01-29 10:30:00,0.627725
2013-01-30 10:30:00,0.5844875
2013-01-31 10:30:00,0.534625
2013-02-01 10:30:00,0.3087
2013-02-02 10:30:00,0.36353752
2013-02-03 10:30:00,0.48724997
2013-02-04 10:30:00,0.462675
2013-02-05 10:30:00,0.45401248
2013-02-06 10:30:00,0.38277498
2013-02-07 10:30:00,0.38193747
2013-02-08 10:30:00,0.39831248
2013-02-09 10:30:00,0.41904998
2013-02-10 10:30:00,0.41928747
2013-02-11 10:30:00,0.4930875
2013-02-12 10:30:00,0.47331247
2013-02-13 10:30:00,0.4473625
2013-02-14 10:30:00,0.42846248
2013-02-15 10:30:00,0.42075
2013-02-16 10:30:00,0.57615
2013-02-17 10:30:00,0.4305875
2013-02-18 10:30:00,0.36334997
2013-02-19 10:30:00,0.3918375
2013-02-20 10:30:00,0.38341248
2013-02-21 10:30:00,0.45814997
2013-02-22 10:30:00,0.47867498
2013-02-23 10:30:00,0.30761248
2013-02-24 10:30:00,0.4155625
2013-02-25 10:30:00,0.51963747
2013-02-26 10:30:00,0.589975
2013-02-27 10:30:00,0.46695
2013-02-28 10:30:00,0.6311125
2013-03-01 10:30:00,0.3655875
2013-03-02 10:30:00,0.4299625
2013-03-03 10:30:00,0.393875
2013-03-04 10:30:00,0.48165
2013-03-05 10:30:00,0.47026247
2013-03-06 10:30:00,0.36775002
2013-03-07 10:30:00,0.3062625
2013-03-08 10:30:00,0.5105625
2013-03-09 10:30:00,0.501725
2013-03-10 10:30:00,0.46421248
2013-03-11 10:30:00,0.3672875
2013-03-12 10:30:00,0.37416252
2013-03-13 10:30:00,0.3938
2013-03-14 10:30:00,0.3554375
2013-03-15 10:30:00,0.50855
2013-03-16 10:30:00,0.39601249
2013-03-17 10:30:00,0.36374998
2013-03-18 10:30:00,0.42877498
2013-03-19 10:30:00,0.402
2013-03-20 10:30:00,0.43435
2013-03-21 10:30:00,0.48353752
2013-03-22 10:30:00,0.4002375
2013-03-23 10:30:00,0.4709375
2013-03-24 10:30:00,0.4425375
2013-03-25 10:30:00,0.44162497
2013-03-26 10:30:00,0.59147495
2013-03-27 10:30:00,0.53103745
2013-03-28 10:30:00,0.4727875
2013-03-29 10:30:00,0.429875
2013-03-30 10:30:00,0.394675
2013-03-31 10:30:00,0.46581247
2013-04-01 10:30:00,0.45561248
2013-04-02 10:30:00,0.3856625
2013-04-03 10:30:00,0.38853753
2013-04-04 10:30:00,0.32044998
2013-04-05 10:30:00,0.409775
2013-04-06 10:30:00,0.33294997
2013-04-07 10:30:00,0.3292125
2013-04-08 10:30:00,0.3987125
2013-04-09 10:30:00,0.2963875
2013-04-10 10:30:00,0.397675
2013-04-11 10:30:00,0.37535
2013-04-12 10:30:00,0.2936
2013-04-13 10:30:00,0.34489998
2013-04-14 10:30:00,0.256175
2013-04-15 10:30:00,0.29337502
2013-04-16 10:30:00,0.33752498
2013-04-17 10:30:00,0.27095
2013-04-18 10:30:00,0.3455125
2013-04-19 10:30:00,0.28395
2013-04-20 10:30:00,0.3198875
2013-04-21 10:30:00,0.2839
2013-04-22 10:30:00,0.34091252
2013-04-23 10:30:00,0.3552875
2013-04-24 10:30:00,0.5096
2013-04-25 10:30:00,0.572425
2013-04-26 10:30:00,0.35509998
2013-04-27 10:30:00,0.43842497
2013-04-28 10:30:00,0.47765
2013-04-29 10:30:00,0.5422375
2013-04-30 10:30:00,0.6711
2013-05-01 10:30:00,0.7137875
2013-05-02 10:30:00,0.57765
2013-05-03 10:30:00,0.4107
2013-05-04 10:30:00,0.307
2013-05-05 10:30:00,0.32784998
2013-05-06 10:30:00,0.4048
2013-05-07 10:30:00,0.2709375
2013-05-08 10:30:00,0.52638745
2013-05-09 10:30:00,0.38073748
2013-05-10 10:30:00,0.37136248
2013-05-11 10:30:00,0.541325
2013-05-12 10:30:00,0.76226246
2013-05-13 10:30:00,0.67911243
2013-05-14 10:30:00,0.8224375
2013-05-15 10:30:00,0.53697497
2013-05-16 10:30:00,0.4271375
2013-05-17 10:30:00,0.41402498
2013-05-18 10:30:00,0.19129999
2013-05-19 10:30:00,0.35388747
2013-05-20 10:30:00,0.44877496
2013-05-21 10:30:00,0.543675
2013-05-22 10:30:00,0.368675
2013-05-23 10:30:00,0.334275
2013-05-24 10:30:00,0.3436375
2013-05-25 10:30:00,0.3330125
2013-05-26 10:30:00,0.4648125
2013-05-27 10:30:00,0.4307125
2013-05-28 10:30:00,0.5159375
2013-05-29 10:30:00,0.4560125
2013-05-30 10:30:00,0.467
2013-05-31 10:30:00,0.4500875
2013-06-01 10:30:00,0.56502503
2013-06-02 10:30:00,0.49596247
2013-06-03 10:30:00,0.73690003
2013-06-04 10:30:00,0.632975
2013-06-05 10:30:00,0.59354997
2013-06-06 10:30:00,0.88285
2013-06-07 10:30:00,0.6528624
2013-06-08 10:30:00,0.796725
2013-06-09 10:30:00,0.7641125
2013-06-10 10:30:00,0.70136243
2013-06-11 10:30:00,0.69519997
2013-06-12 10:30:00,0.75693744
2013-06-13 10:30:00,0.71631247
2013-06-14 10:30:00,0.7215
2013-06-15 10:30:00,0.643475
2013-06-16 10:30:00,0.699725
2013-06-17 10:30:00,0.7017375
2013-06-18 10:30:00,0.678975
2013-06-19 10:30:00,0.7053125
2013-06-20 10:30:00,0.7114
2013-06-21 10:30:00,0.728
2013-06-22 10:30:00,0.66854995
2013-06-23 10:30:00,0.6843625
2013-06-24 10:30:00,0.72385
2013-06-25 10:30:00,0.8331125
2013-06-26 10:30:00,0.8700375
2013-06-27 10:30:00,0.8818875
2013-06-28 10:30:00,0.6361875
2013-06-29 10:30:00,0.93979996
2013-06-30 10:30:00,0.81443745
2013-07-01 10:30:00,0.78658754
2013-07-02 10:30:00,0.7674125
2013-07-03 10:30:00,0.6957125
2013-07-04 10:30:00,0.7363375
2013-07-05 10:30:00,0.594725
2013-07-06 10:30:00,0.68665
2013-07-07 10:30:00,0.68303746
2013-07-08 10:30:00,0.632275
2013-07-09 10:30:00,0.6825125
2013-07-10 10:30:00,0.5807875
2013-07-11 10:30:00,0.65207493
2013-07-12 10:30:00,0.7668875
2013-07-13 10:30:00,0.58011246
2013-07-14 10:30:00,0.6357875
2013-07-15 10:30:00,0.83042496
2013-07-16 10:30:00,0.65731245
2013-07-17 10:30:00,0.7945625
2013-07-18 10:30:00,0.8769124
2013-07-19 10:30:00,0.7160624
2013-07-20 10:30:00,0.6826625
2013-07-21 10:30:00,0.6873625
2013-07-22 10:30:00,0.8389125
2013-07-23 10:30:00,0.8480625
2013-07-24 10:30:00,0.79849994
2013-07-25 10:30:00,0.72068745
2013-07-26 10:30:00,0.8191125
2013-07-27 10:30:00,0.8707875
2013-07-28 10:30:00,0.7075
2013-07-29 10:30:00,0.76278746
2013-07-30 10:30:00,0.6944625
2013-07-31 10:30:00,0.8296
2013-08-01 10:30:00,0.88911253
2013-08-02 10:30:00,0.90222496
2013-08-03 10:30:00,0.758
2013-08-04 10:30:00,0.78489995
2013-08-05 10:30:00,0.808275
2013-08-06 10:30:00,0.806425
2013-08-07 10:30:00,0.7085375
2013-08-08 10:30:00,0.627125
2013-08-09 10:30:00,0.6270875
2013-08-10 10:30:00,0.71169996
2013-08-11 10:30:00,0.708525
2013-08-12 10:30:00,0.756175
2013-08-13 10:30:00,0.6915
2013-08-14 10:30:00,0.65409994
2013-08-15 10:30:00,0.7069
2013-08-16 10:30:00,0.7196625
2013-08-17 10:30:00,0.8178875
2013-08-18 10:30:00,0.71998745
2013-08-19 10:30:00,0.760725
2013-08-20 10:30:00,0.6821
2013-08-21 10:30:00,0.8565875
2013-08-22 10:30:00,0.6967
2013-08-23 10:30:00,0.72628754
2013-08-24 10:30:00,0.6512
2013-08-25 10:30:00,0.62618744
2013-08-26 10:30:00,0.6450125
2013-08-27 10:30:00,0.6901249
2013-08-28 10:30:00,0.91527504
2013-08-29 10:30:00,0.64261246
2013-08-30 10:30:00,0.7686375
2013-08-31 10:30:00,0.6997
2013-09-01 10:30:00,0.730325
2013-09-02 10:30:00,0.7126625
2013-09-03 10:30:00,0.6874625
2013-09-04 10:30:00,0.6997125
2013-09-05 10:30:00,0.78958744
2013-09-06 10:30:00,0.7953875
2013-09-07 10:30:00,0.70809996
2013-09-08 10:30:00,0.7320375
2013-09-09 10:30:00,0.7307625
2013-09-10 10:30:00,0.64427495
2013-09-11 10:30:00,0.6093125
2013-09-12 10:30:00,0.75523746
2013-09-13 10:30:00,0.7521125
2013-09-14 10:30:00,0.4659875
2013-09-15 10:30:00,0.58735
2013-09-16 10:30:00,0.58055
2013-09-17 10:30:00,0.6956875
2013-09-18 10:30:00,0.657225
2013-09-19 10:30:00,0.72419995
2013-09-20 10:30:00,0.7458
2013-09-21 10:30:00,0.73765
2013-09-22 10:30:00,0.6186
2013-09-23 10:30:00,0.52265
2013-09-24 10:30:00,0.5599125
2013-09-25 10:30:00,0.53625
2013-09-26 10:30:00,0.5557125
2013-09-27 10:30:00,0.41005
2013-09-28 10:30:00,0.4872625
2013-09-29 10:30:00,0.46157497
2013-09-30 10:30:00,0.50775
2013-10-01 10:30:00,0.49017498
2013-10-02 10:30:00,0.409825
2013-10-03 10:30:00,0.365125
2013-10-04 10:30:00,0.342825
2013-10-05 10:30:00,0.3061375
2013-10-06 10:30:00,0.462925
2013-10-07 10:30:00,0.431925
2013-10-08 10:30:00,0.34526247
2013-10-09 10:30:00,0.542775
2013-10-10 10:30:00,0.905425
2013-10-11 10:30:00,0.70748746
2013-10-12 10:30:00,0.53665
2013-10-13 10:30:00,0.59265
2013-10-14 10:30:00,0.528525
2013-10-15 10:30:00,0.5725
2013-10-16 10:30:00,0.538325
2013-10-17 10:30:00,0.5841125
2013-10-18 10:30:00,0.5974375
2013-10-19 10:30:00,0.70245004
2013-10-20 10:30:00,0.76488745
2013-10-21 10:30:00,0.7927375
2013-10-22 10:30:00,0.81754994
2013-10-23 10:30:00,0.66025
2013-10-24 10:30:00,0.6837124
2013-10-25 10:30:00,0.65938747
2013-10-26 10:30:00,0.695925
2013-10-27 10:30:00,0.62518746
2013-10-28 10:30:00,0.7107
2013-10-29 10:30:00,0.66615
2013-10-30 10:30:00,0.615425
2013-10-31 10:30:00,0.6476
2013-11-01 10:30:00,0.732275
2013-11-02 10:30:00,0.6371625
2013-11-03 10:30:00,0.59354997
2013-11-04 10:30:00,0.5666625
2013-11-05 10:30:00,0.6807375
2013-11-06 10:30:00,0.616575
2013-11-07 10:30:00,0.81373745
2013-11-08 10:30:00,0.7604125
2013-11-09 10:30:00,0.52145
2013-11-10 10:30:00,0.5022875
2013-11-11 10:30:00,0.59494996
2013-11-12 10:30:00,0.58475
2013-11-13 10:30:00,0.65881246
2013-11-14 10:30:00,0.624775
2013-11-15 10:30:00,0.66089994
2013-11-16 10:30:00,0.6040625
2013-11-17 10:30:00,0.55031246
2013-11-18 10:30:00,0.4250875
2013-11-19 10:30:00,0.362125
2013-11-20 10:30:00,0.557975
2013-11-21 10:30:00,0.62452495
2013-11-22 10:30:00,0.635175
2013-11-23 10:30:00,0.60891247
2013-11-24 10:30:00,0.5301375
2013-11-25 10:30:00,0.5068125
2013-11-26 10:30:00,0.48595
2013-11-27 10:30:00,0.4556
2013-11-28 10:30:00,0.4461625
2013-11-29 10:30:00,0.4246125
2013-11-30 10:30:00,0.401875
2013-12-01 10:30:00,0.4785625
2013-12-02 10:30:00,0.60877496
2013-12-03 10:30:00,0.5668125
2013-12-04 10:30:00,0.503425
2013-12-05 10:30:00,0.47615
2013-12-06 10:30:00,0.564475
2013-12-07 10:30:00,0.69472504
2013-12-08 10:30:00,0.7232625
2013-12-09 10:30:00,0.6069625
2013-12-10 10:30:00,0.6372875
2013-12-11 10:30:00,0.574125
2013-12-12 10:30:00,0.47417498
2013-12-13 10:30:00,0.48244998
2013-12-14 10:30:00,0.493375
2013-12-15 10:30:00,0.6980625
2013-12-16 10:30:00,0.7126125
2013-12-17 10:30:00,0.7086125
2013-12-18 10:30:00,0.6395125
2013-12-19 10:30:00,0.7055625
2013-12-20 10:30:00,0.602825
2013-12-21 10:30:00,0.6484
2013-12-22 10:30:00,0.5847
2013-12-23 10:30:00,0.6522625
2013-12-24 10:30:00,0.66921246
2013-12-25 10:30:00,0.7401999
2013-12-26 10:30:00,0.61085
2013-12-27 10:30:00,0.606275
2013-12-28 10:30:00,0.542
2013-12-29 10:30:00,0.6118625
2013-12-30 10:30:00,0.65367496
2013-12-31 10:30:00,0.5843
2014-01-01 10:30:00,0.470325
2014-01-02 10:30:00,0.5305875
2014-01-03 10:30:00,0.5404375
2014-01-04 10:30:00,0.6525625
2014-01-05 10:30:00,0.66171247
2014-01-06 10:30:00,0.614675
2014-01-07 10:30:00,0.46549997
2014-01-08 10:30:00,0.46349996
2014-01-09 10:30:00,0.5219375
2014-01-10 10:30:00,0.5734125
2014-01-11 10:30:00,0.44075
2014-01-12 10:30:00,0.3650125
2014-01-13 10:30:00,0.4479125
2014-01-14 10:30:00,0.616525
2014-01-15 10:30:00,0.636725
2014-01-16 10:30:00,0.49906248
2014-01-17 10:30:00,0.538475
2014-01-18 10:30:00,0.55303746
2014-01-19 10:30:00,0.69536245
2014-01-20 10:30:00,0.6012875
2014-01-21 10:30:00,0.523825
2014-01-22 10:30:00,0.6533125
2014-01-23 10:30:00,0.53447497
2014-01-24 10:30:00,0.55312496
2014-01-25 10:30:00,0.4627375
2014-01-26 10:30:00,0.611125
2014-01-27 10:30:00,0.4674375
2014-01-28 10:30:00,0.48573747
2014-01-29 10:30:00,0.5032
2014-01-30 10:30:00,0.49162498
2014-01-31 10:30:00,0.4466875
2014-02-01 10:30:00,0.48802498
2014-02-02 10:30:00,0.40853748
2014-02-03 10:30:00,0.456
2014-02-04 10:30:00,0.501175
2014-02-05 10:30:00,0.51862496
2014-02-06 10:30:00,0.49436247
2014-02-07 10:30:00,0.5309
2014-02-08 10:30:00,0.628275
2014-02-09 10:30:00,0.53482497
2014-02-10 10:30:00,0.59765
2014-02-11 10:30:00,0.56838745
2014-02-12 10:30:00,0.4961375
2014-02-13 10:30:00,0.61583745
2014-02-14 10:30:00,0.67873746
2014-02-15 10:30:00,0.65557504
2014-02-16 10:30:00,0.6784875
2014-02-17 10:30:00,0.541275
2014-02-18 10:30:00,0.55707496
2014-02-19 10:30:00,0.6265625
2014-02-20 10:30:00,0.66952497
2014-02-21 10:30:00,0.66487503
2014-02-22 10:30:00,0.5550625
2014-02-23 10:30:00,0.59723747
2014-02-24 10:30:00,0.6358
2014-02-25 10:30:00,0.7172625
2014-02-26 10:30:00,0.55768746
2014-02-27 10:30:00,0.3996125
2014-02-28 10:30:00,0.50965
2014-03-01 10:30:00,0.46319997
2014-03-02 10:30:00,0.470875
2014-03-03 10:30:00,0.421475
2014-03-04 10:30:00,0.4213375
2014-03-05 10:30:00,0.4141
2014-03-06 10:30:00,0.3987125
2014-03-07 10:30:00,0.4111875
2014-03-08 10:30:00,0.3596625
2014-03-09 10:30:00,0.29663748
2014-03-10 10:30:00,0.1967125
2014-03-11 10:30:00,0.4481375
2014-03-12 10:30:00,0.387425
2014-03-13 10:30:00,0.44393748
2014-03-14 10:30:00,0.4503625
2014-03-15 10:30:00,0.41215
2014-03-16 10:30:00,0.3515375
2014-03-17 10:30:00,0.4445375
2014-03-18 10:30:00,0.40017498
2014-03-19 10:30:00,0.4428
2014-03-20 10:30:00,0.4412
2014-03-21 10:30:00,0.40522498
2014-03-22 10:30:00,0.337225
2014-03-23 10:30:00,0.4437
2014-03-24 10:30:00,0.40691248
2014-03-25 10:30:00,0.40335
2014-03-26 10:30:00,0.5608375
2014-03-27 10:30:00,0.464925
2014-03-28 10:30:00,0.39194998
2014-03-29 10:30:00,0.3174125
2014-03-30 10:30:00,0.27206248
2014-03-31 10:30:00,0.336525
2014-04-01 10:30:00,0.583
2014-04-02 10:30:00,0.40476248
2014-04-03 10:30:00,0.4211625
2014-04-04 10:30:00,0.55873746
2014-04-05 10:30:00,0.398125
2014-04-06 10:30:00,0.2994125
2014-04-07 10:30:00,0.3831
2014-04-08 10:30:00,0.43606248
2014-04-09 10:30:00,0.3987125
2014-04-10 10:30:00,0.3086125
2014-04-11 10:30:00,0.305625
2014-04-12 10:30:00,0.3732375
2014-04-13 10:30:00,0.28862497
2014-04-14 10:30:00,0.23118751
2014-04-15 10:30:00,0.211925
2014-04-16 10:30:00,0.2325375
2014-04-17 10:30:00,0.537325
2014-04-18 10:30:00,0.38994998
2014-04-19 10:30:00,0.6336
2014-04-20 10:30:00,0.68013746
2014-04-21 10:30:00,0.38619998
2014-04-22 10:30:00,0.3456875
2014-04-23 10:30:00,0.2990625
2014-04-24 10:30:00,0.2279625
2014-04-25 10:30:00,0.36018747
2014-04-26 10:30:00,0.4603875
2014-04-27 10:30:00,0.40791252
2014-04-28 10:30:00,0.32564998
2014-04-29 10:30:00,0.1971125
2014-04-30 10:30:00,0.25530002
2014-05-01 10:30:00,0.509725
2014-05-02 10:30:00,0.4389875
2014-05-03 10:30:00,0.3865375
2014-05-04 10:30:00,0.2422875
2014-05-05 10:30:00,0.3557125
2014-05-06 10:30:00,0.527375
2014-05-07 10:30:00,0.3861125
2014-05-08 10:30:00,0.37362498
2014-05-09 10:30:00,0.3055125
2014-05-10 10:30:00,0.79599994
2014-05-11 10:30:00,0.7718125
2014-05-12 10:30:00,0.66347504
2014-05-13 10:30:00,0.74675
2014-05-14 10:30:00,0.76374996
2014-05-15 10:30:00,0.64037496
2014-05-16 10:30:00,0.875
2014-05-17 10:30:00,0.7110375
2014-05-18 10:30:00,0.69275
2014-05-19 10:30:00,0.7447625
2014-05-20 10:30:00,0.48194999
2014-05-21 10:30:00,0.6082625
2014-05-22 10:30:00,0.611075
2014-05-23 10:30:00,0.49359998
2014-05-24 10:30:00,0.621875
2014-05-25 10:30:00,0.6814875
2014-05-26 10:30:00,0.6851625
2014-05-27 10:30:00,0.594275
2014-05-28 10:30:00,0.3808
2014-05-29 10:30:00,0.371175
2014-05-30 10:30:00,0.4269875
2014-05-31 10:30:00,0.4246875
2014-06-01 10:30:00,0.4282625
2014-06-02 10:30:00,0.4422
2014-06-03 10:30:00,0.631175
2014-06-04 10:30:00,0.55845
2014-06-05 10:30:00,0.5796875
2014-06-06 10:30:00,0.4991
2014-06-07 10:30:00,0.5334875
2014-06-08 10:30:00,0.897375
2014-06-09 10:30:00,0.8506749
2014-06-10 10:30:00,0.7492875
2014-06-11 10:30:00,0.8102875
2014-06-12 10:30:00,0.675175
2014-06-13 10:30:00,0.5664375
2014-06-14 10:30:00,0.5796125
2014-06-15 10:30:00,0.6112875
2014-06-16 10:30:00,0.7531
2014-06-17 10:30:00,0.7756125
2014-06-18 10:30:00,0.656875
2014-06-19 10:30:00,0.6506125
2014-06-20 10:30:00,0.81264997
2014-06-21 10:30:00,0.84985
2014-06-22 10:30:00,0.65755
2014-06-23 10:30:00,0.664925
2014-06-24 10:30:00,0.6887625
2014-06-25 10:30:00,0.8177625
2014-06-26 10:30:00,0.780225
2014-06-27 10:30:00,0.675975
2014-06-28 10:30:00,0.704775
2014-06-29 10:30:00,0.6417375
2014-06-30 10:30:00,0.596475
2014-07-01 10:30:00,0.7174375
2014-07-02 10:30:00,0.7533625
2014-07-03 10:30:00,0.644075
2014-07-04 10:30:00,0.65758747
2014-07-05 10:30:00,0.7444
2014-07-06 10:30:00,0.71428746
2014-07-07 10:30:00,0.864325
2014-07-08 10:30:00,0.56493753
2014-07-09 10:30:00,0.6819625
2014-07-10 10:30:00,0.74896246
2014-07-11 10:30:00,0.784075
2014-07-12 10:30:00,0.71256244
2014-07-13 10:30:00,0.69566244
2014-07-14 10:30:00,0.640625
2014-07-15 10:30:00,0.82168746
2014-07-16 10:30:00,0.83816254
2014-07-17 10:30:00,0.82138747
2014-07-18 10:30:00,0.78262496
2014-07-19 10:30:00,0.740875
2014-07-20 10:30:00,0.72609997
2014-07-21 10:30:00,0.70253754
2014-07-22 10:30:00,0.6773875
2014-07-23 10:30:00,0.658825
2014-07-24 10:30:00,0.6777625
2014-07-25 10:30:00,0.7368125
2014-07-26 10:30:00,0.766425
2014-07-27 10:30:00,0.732125
2014-07-28 10:30:00,0.6399
2014-07-29 10:30:00,0.6883875
2014-07-30 10:30:00,0.73526245
2014-07-31 10:30:00,0.702025
2014-08-01 10:30:00,0.657725
2014-08-02 10:30:00,0.7467375
2014-08-03 10:30:00,0.67421246
2014-08-04 10:30:00,0.6761375
2014-08-05 10:30:00,0.7605
2014-08-06 10:30:00,0.74004996
2014-08-07 10:30:00,0.7154875
2014-08-08 10:30:00,0.6931375
2014-08-09 10:30:00,0.80495
2014-08-10 10:30:00,0.78677493
2014-08-11 10:30:00,0.66097504
2014-08-12 10:30:00,0.7133
2014-08-13 10:30:00,0.7413875
2014-08-14 10:30:00,0.86873746
2014-08-15 10:30:00,0.71576244
2014-08-16 10:30:00,0.9184749
2014-08-17 10:30:00,0.80571246
2014-08-18 10:30:00,0.663375
2014-08-19 10:30:00,0.701025
2014-08-20 10:30:00,0.84538746
2014-08-21 10:30:00,0.742275
2014-08-22 10:30:00,0.77086246
2014-08-23 10:30:00,0.8065875
2014-08-24 10:30:00,0.8095
2014-08-25 10:30:00,0.884125
2014-08-26 10:30:00,0.7463625
2014-08-27 10:30:00,0.7401625
2014-08-28 10:30:00,0.844625
2014-08-29 10:30:00,0.7199375
2014-08-30 10:30:00,0.6741375
2014-08-31 10:30:00,0.7923625
2014-09-01 10:30:00,0.5646375
2014-09-02 10:30:00,0.68382496
2014-09-03 10:30:00,0.81422496
2014-09-04 10:30:00,0.74992496
2014-09-05 10:30:00,0.736525
2014-09-06 10:30:00,0.739275
2014-09-07 10:30:00,0.7208125
2014-09-08 10:30:00,0.55948746
2014-09-09 10:30:00,0.605325
2014-09-10 10:30:00,0.66655
2014-09-11 10:30:00,0.7183375
2014-09-12 10:30:00,0.71819997
2014-09-13 10:30:00,0.68942493
2014-09-14 10:30:00,0.570225
2014-09-15 10:30:00,0.5771625
2014-09-16 10:30:00,0.62093747
2014-09-17 10:30:00,0.66335
2014-09-18 10:30:00,0.58175
2014-09-19 10:30:00,0.7137375
2014-09-20 10:30:00,0.7790125
2014-09-21 10:30:00,0.742825
2014-09-22 10:30:00,0.847925
2014-09-23 10:30:00,0.6041375
2014-09-24 10:30:00,0.5796
2014-09-25 10:30:00,0.5039
2014-09-26 10:30:00,0.822375
2014-09-27 10:30:00,0.58977497
2014-09-28 10:30:00,0.589125
2014-09-29 10:30:00,0.47416246
2014-09-30 10:30:00,0.44443747
2014-10-01 10:30:00,0.56294996
2014-10-02 10:30:00,0.5411375
2014-10-03 10:30:00,0.4204125
2014-10-04 10:30:00,0.44026247
2014-10-05 10:30:00,0.4905375
2014-10-06 10:30:00,0.5461125
2014-10-07 10:30:00,0.4587875
2014-10-08 10:30:00,0.7234375
2014-10-09 10:30:00,0.68455
2014-10-10 10:30:00,0.85295
2014-10-11 10:30:00,0.67702496
2014-10-12 10:30:00,0.48607498
2014-10-13 10:30:00,0.44963747
2014-10-14 10:30:00,0.41207498
2014-10-15 10:30:00,0.4361875
2014-10-16 10:30:00,0.4587625
2014-10-17 10:30:00,0.469625
2014-10-18 10:30:00,0.4265
2014-10-19 10:30:00,0.289875
2014-10-20 10:30:00,0.370075
2014-10-21 10:30:00,0.39177498
2014-10-22 10:30:00,0.39924997
2014-10-23 10:30:00,0.47405
2014-10-24 10:30:00,0.60073745
2014-10-25 10:30:00,0.56686246
2014-10-26 10:30:00,0.526325
2014-10-27 10:30:00,0.5055875
2014-10-28 10:30:00,0.4816125
2014-10-29 10:30:00,0.5504375
2014-10-30 10:30:00,0.8817
2014-10-31 10:30:00,0.9205125
2014-11-01 10:30:00,0.66341245
2014-11-02 10:30:00,0.6036375
2014-11-03 10:30:00,0.68354994
2014-11-04 10:30:00,0.65755
2014-11-05 10:30:00,0.60872495
2014-11-06 10:30:00,0.49706247
2014-11-07 10:30:00,0.4395
2014-11-08 10:30:00,0.48799998
2014-11-09 10:30:00,0.47902498
2014-11-10 10:30:00,0.5059625
2014-11-11 10:30:00,0.486825
2014-11-12 10:30:00,0.4670375
2014-11-13 10:30:00,0.4936875
2014-11-14 10:30:00,0.558675
2014-11-15 10:30:00,0.6401
2014-11-16 10:30:00,0.62132496
2014-11-17 10:30:00,0.6171
2014-11-18 10:30:00,0.57282495
2014-11-19 10:30:00,0.70546246
2014-11-20 10:30:00,0.72875
2014-11-21 10:30:00,0.5869
2014-11-22 10:30:00,0.60548747
2014-11-23 10:30:00,0.5600875
2014-11-24 10:30:00,0.572725
2014-11-25 10:30:00,0.5380875
2014-11-26 10:30:00,0.41747501
2014-11-27 10:30:00,0.49217498
2014-11-28 10:30:00,0.6177
2014-11-29 10:30:00,0.67785
2014-11-30 10:30:00,0.52643746
2014-12-01 10:30:00,0.351725
2014-12-02 10:30:00,0.3685375
2014-12-03 10:30:00,0.4098125
2014-12-04 10:30:00,0.4520625
2014-12-05 10:30:00,0.4687
2014-12-06 10:30:00,0.5004375
2014-12-07 10:30:00,0.5529875
2014-12-08 10:30:00,0.564075
2014-12-09 10:30:00,0.59658754
2014-12-10 10:30:00,0.72789997
2014-12-11 10:30:00,0.6263875
2014-12-12 10:30:00,0.53096247
2014-12-13 10:30:00,0.56275
2014-12-14 10:30:00,0.65669996
2014-12-15 10:30:00,0.558625
2014-12-16 10:30:00,0.5130625
2014-12-17 10:30:00,0.60034996
2014-12-18 10:30:00,0.7145375
2014-12-19 10:30:00,0.5980375
2014-12-20 10:30:00,0.5460375
2014-12-21 10:30:00,0.589475
2014-12-22 10:30:00,0.71318746
2014-12-23 10:30:00,0.623725
2014-12-24 10:30:00,0.60636246
2014-12-25 10:30:00,0.51655
2014-12-26 10:30:00,0.6845375
2014-12-27 10:30:00,0.64076245
2014-12-28 10:30:00,0.662975
2014-12-29 10:30:00,0.70695
2014-12-30 10:30:00,0.5747875
2014-12-31 10:30:00,0.52416253
2015-01-01 10:30:00,0.45096248
2015-01-02 10:30:00,0.6196875
2015-01-03 10:30:00,0.60381246
2015-01-04 10:30:00,0.6348625
2015-01-05 10:30:00,0.38951248
2015-01-06 10:30:00,0.2920625
2015-01-07 10:30:00,0.5063125
2015-01-08 10:30:00,0.62592494
2015-01-09 10:30:00,0.6432499
2015-01-10 10:30:00,0.6206875
2015-01-11 10:30:00,0.6124375
2015-01-12 10:30:00,0.64055
2015-01-13 10:30:00,0.66781247
2015-01-14 10:30:00,0.74021244
2015-01-15 10:30:00,0.71779996
2015-01-16 10:30:00,0.42915
2015-01-17 10:30:00,0.50761247
2015-01-18 10:30:00,0.66223747
2015-01-19 10:30:00,0.5971625
2015-01-20 10:30:00,0.6380625
2015-01-21 10:30:00,0.6102875
2015-01-22 10:30:00,0.632775
2015-01-23 10:30:00,0.58835
2015-01-24 10:30:00,0.5425875
2015-01-25 10:30:00,0.4156625
2015-01-26 10:30:00,0.42976248
2015-01-27 10:30:00,0.42014998
2015-01-28 10:30:00,0.41263747
2015-01-29 10:30:00,0.45073748
2015-01-30 10:30:00,0.43722498
2015-01-31 10:30:00,0.47276247
2015-02-01 10:30:00,0.52257496
2015-02-02 10:30:00,0.5265
2015-02-03 10:30:00,0.5418375
2015-02-04 10:30:00,0.5288875
2015-02-05 10:30:00,0.500825
2015-02-06 10:30:00,0.3515375
2015-02-07 10:30:00,0.30212498
2015-02-08 10:30:00,0.325425
2015-02-09 10:30:00,0.4154
2015-02-10 10:30:00,0.3971125
2015-02-11 10:30:00,0.5004875
2015-02-12 10:30:00,0.40531248
2015-02-13 10:30:00,0.4889875
2015-02-14 10:30:00,0.580875
2015-02-15 10:30:00,0.5068
2015-02-16 10:30:00,0.59174997
2015-02-17 10:30:00,0.4318375
2015-02-18 10:30:00,0.3902125
2015-02-19 10:30:00,0.44869998
2015-02-20 10:30:00,0.4028625
2015-02-21 10:30:00,0.82504994
2015-02-22 10:30:00,0.5836
2015-02-23 10:30:00,0.4540625
2015-02-24 10:30:00,0.508325
2015-02-25 10:30:00,0.53072494
2015-02-26 10:30:00,0.524625
2015-02-27 10:30:00,0.4659
2015-02-28 10:30:00,0.517825
2015-03-01 10:30:00,0.50763744
2015-03-02 10:30:00,0.4393875
2015-03-03 10:30:00,0.49835
2015-03-04 10:30:00,0.416875
2015-03-05 10:30:00,0.3501375
2015-03-06 10:30:00,0.2895125
2015-03-07 10:30:00,0.3687625
2015-03-08 10:30:00,0.37934998
2015-03-09 10:30:00,0.327025
2015-03-10 10:30:00,0.289275
2015-03-11 10:30:00,0.32869998
2015-03-12 10:30:00,0.44785
2015-03-13 10:30:00,0.44663748
2015-03-14 10:30:00,0.374225
2015-03-15 10:30:00,0.3150375
2015-03-16 10:30:00,0.362075
2015-03-17 10:30:00,0.3033875
2015-03-18 10:30:00,0.40945
2015-03-19 10:30:00,0.3218875
2015-03-20 10:30:00,0.31355
2015-03-21 10:30:00,0.243225
2015-03-22 10:30:00,0.27763748
2015-03-23 10:30:00,0.36429998
2015-03-24 10:30:00,0.3616375
2015-03-25 10:30:00,0.2571
2015-03-26 10:30:00,0.2180125
2015-03-27 10:30:00,0.4434
2015-03-28 10:30:00,0.45851249
2015-03-29 10:30:00,0.31504998
2015-03-30 10:30:00,0.3995875
2015-03-31 10:30:00,0.24995
2015-04-01 10:30:00,0.24011251
2015-04-02 10:30:00,0.71887493
2015-04-03 10:30:00,0.510825
2015-04-04 10:30:00,0.8395375
2015-04-05 10:30:00,0.6312125
2015-04-06 10:30:00,0.56057495
2015-04-07 10:30:00,0.5431875
2015-04-08 10:30:00,0.661875
2015-04-09 10:30:00,0.4777875
2015-04-10 10:30:00,0.5188625
2015-04-11 10:30:00,0.4438
2015-04-12 10:30:00,0.3275125
2015-04-13 10:30:00,0.2621125
2015-04-14 10:30:00,0.38509998
2015-04-15 10:30:00,0.4625125
2015-04-16 10:30:00,0.4336375
2015-04-17 10:30:00,0.25454998
2015-04-18 10:30:00,0.2395
2015-04-19 10:30:00,0.3025125
2015-04-20 10:30:00,0.3345875
2015-04-21 10:30:00,0.29
2015-04-22 10:30:00,0.33271247
2015-04-23 10:30:00,0.4428625
2015-04-24 10:30:00,0.28524998
2015-04-25 10:30:00,0.33014998
2015-04-26 10:30:00,0.29795
2015-04-27 10:30:00,0.34405
2015-04-28 10:30:00,0.3745
2015-04-29 10:30:00,0.18446249
2015-04-30 10:30:00,0.0884
2015-05-01 10:30:00,0.519625
2015-05-02 10:30:00,0.4261375
2015-05-03 10:30:00,0.3897
2015-05-04 10:30:00,0.25556248
2015-05-05 10:30:00,0.43487498
2015-05-06 10:30:00,0.39720002
2015-05-07 10:30:00,0.8379875
2015-05-08 10:30:00,0.6380625
2015-05-09 10:30:00,0.3934875
2015-05-10 10:30:00,0.3279625
2015-05-11 10:30:00,0.83019996
2015-05-12 10:30:00,0.7873625
2015-05-13 10:30:00,0.6026625
2015-05-14 10:30:00,0.27352497
2015-05-15 10:30:00,0.3029125
2015-05-16 10:30:00,0.2964125
2015-05-17 10:30:00,0.48714998
2015-05-18 10:30:00,0.8754625
2015-05-19 10:30:00,0.57049996
2015-05-20 10:30:00,0.34498748
2015-05-21 10:30:00,0.33888748
2015-05-22 10:30:00,0.300625
2015-05-23 10:30:00,0.36945
2015-05-24 10:30:00,0.3899625
2015-05-25 10:30:00,0.69355
2015-05-26 10:30:00,0.543475
2015-05-27 10:30:00,0.536475
2015-05-28 10:30:00,0.69708747
2015-05-29 10:30:00,0.69229996
2015-05-30 10:30:00,0.50413746
2015-05-31 10:30:00,0.59951246
2015-06-01 10:30:00,0.57931244
2015-06-02 10:30:00,0.5753625
2015-06-03 10:30:00,0.4473
2015-06-04 10:30:00,0.62979996
2015-06-05 10:30:00,0.9697875
2015-06-06 10:30:00,0.796425
2015-06-07 10:30:00,0.67715
2015-06-08 10:30:00,0.6850125
2015-06-09 10:30:00,0.661725
2015-06-10 10:30:00,0.81482494
2015-06-11 10:30:00,0.8772125
2015-06-12 10:30:00,0.8532625
2015-06-13 10:30:00,0.73802495
2015-06-14 10:30:00,0.629675
2015-06-15 10:30:00,0.50717497
2015-06-16 10:30:00,0.748775
2015-06-17 10:30:00,0.90827495
2015-06-18 10:30:00,0.8521125
2015-06-19 10:30:00,0.72205
2015-06-20 10:30:00,0.64455
2015-06-21 10:30:00,0.6005125
2015-06-22 10:30:00,0.6872875
2015-06-23 10:30:00,0.7707
2015-06-24 10:30:00,0.802875
2015-06-25 10:30:00,0.4919625
2015-06-26 10:30:00,0.6032625
2015-06-27 10:30:00,0.7025
2015-06-28 10:30:00,0.5987
2015-06-29 10:30:00,0.52025
2015-06-30 10:30:00,0.77085
2015-07-01 10:30:00,0.7626625
2015-07-02 10:30:00,0.8715
2015-07-03 10:30:00,0.7222875
2015-07-04 10:30:00,0.6571125
2015-07-05 10:30:00,0.70966244
2015-07-06 10:30:00,0.63441247
2015-07-07 10:30:00,0.64685
2015-07-08 10:30:00,0.67394996
2015-07-09 10:30:00,0.75804996
2015-07-10 10:30:00,0.7294125
2015-07-11 10:30:00,0.72781247
2015-07-12 10:30:00,0.6542125
2015-07-13 10:30:00,0.69137496
2015-07-14 10:30:00,0.83067495
2015-07-15 10:30:00,0.895225
2015-07-16 10:30:00,0.83756244
2015-07-17 10:30:00,0.88065
2015-07-18 10:30:00,0.82506245
2015-07-19 10:30:00,0.8110875
2015-07-20 10:30:00,0.742575
2015-07-21 10:30:00,0.92011243
2015-07-22 10:30:00,0.89614993
2015-07-23 10:30:00,0.8391625
2015-07-24 10:30:00,0.6240375
2015-07-25 10:30:00,0.825225
2015-07-26 10:30:00,0.78385
2015-07-27 10:30:00,0.6439
2015-07-28 10:30:00,0.6856125
2015-07-29 10:30:00,0.87167495
2015-07-30 10:30:00,0.73709995
2015-07-31 10:30:00,0.71731246
2015-08-01 10:30:00,0.67983747
2015-08-02 10:30:00,0.685275
2015-08-03 10:30:00,0.75707495
2015-08-04 10:30:00,0.75152504
2015-08-05 10:30:00,0.78052497
2015-08-06 10:30:00,0.7589875
2015-08-07 10:30:00,0.7598125
2015-08-08 10:30:00,0.78625
2015-08-09 10:30:00,0.85162497
2015-08-10 10:30:00,0.7269375
2015-08-11 10:30:00,0.7765
2015-08-12 10:30:00,0.69677496
2015-08-13 10:30:00,0.69393754
2015-08-14 10:30:00,0.7633875
2015-08-15 10:30:00,0.84356254
2015-08-16 10:30:00,0.87694997
2015-08-17 10:30:00,0.8706
2015-08-18 10:30:00,0.825925
2015-08-19 10:30:00,0.731875
2015-08-20 10:30:00,0.913125
2015-08-21 10:30:00,0.8713
2015-08-22 10:30:00,0.83747494
2015-08-23 10:30:00,0.85771245
2015-08-24 10:30:00,0.9211375
2015-08-25 10:30:00,0.9079875
2015-08-26 10:30:00,0.8122
2015-08-27 10:30:00,0.7444
2015-08-28 10:30:00,0.85333747
2015-08-29 10:30:00,0.86875
2015-08-30 10:30:00,0.92160004
2015-08-31 10:30:00,0.926025
2015-09-01 10:30:00,0.68224996
2015-09-02 10:30:00,0.75378746
2015-09-03 10:30:00,0.75482494
2015-09-04 10:30:00,0.8119875
2015-09-05 10:30:00,0.77044994
2015-09-06 10:30:00,0.75214994
2015-09-07 10:30:00,0.899625
2015-09-08 10:30:00,0.86531246
2015-09-09 10:30:00,0.6801875
2015-09-10 10:30:00,0.661575
2015-09-11 10:30:00,0.6533
2015-09-12 10:30:00,0.7803125
2015-09-13 10:30:00,0.7497249
2015-09-14 10:30:00,0.640325
2015-09-15 10:30:00,0.6736
2015-09-16 10:30:00,0.73260003
2015-09-17 10:30:00,0.9312625
2015-09-18 10:30:00,0.859575
2015-09-19 10:30:00,0.6720375
2015-09-20 10:30:00,0.75062495
2015-09-21 10:30:00,0.685375
2015-09-22 10:30:00,0.88143754
2015-09-23 10:30:00,0.8105
2015-09-24 10:30:00,0.84537494
2015-09-25 10:30:00,0.7826875
2015-09-26 10:30:00,0.76054996
2015-09-27 10:30:00,0.75051254
2015-09-28 10:30:00,0.649
2015-09-29 10:30:00,0.6705874
2015-09-30 10:30:00,0.5998
2015-10-01 10:30:00,0.64498746
2015-10-02 10:30:00,0.5111375
2015-10-03 10:30:00,0.472
2015-10-04 10:30:00,0.52605
2015-10-05 10:30:00,0.5251625
2015-10-06 10:30:00,0.5376
2015-10-07 10:30:00,0.40986252
2015-10-08 10:30:00,0.5311
2015-10-09 10:30:00,0.578475
2015-10-10 10:30:00,0.8738
2015-10-11 10:30:00,0.466575
2015-10-12 10:30:00,0.5438875
2015-10-13 10:30:00,0.61847496
2015-10-14 10:30:00,0.6414
2015-10-15 10:30:00,0.41713747
2015-10-16 10:30:00,0.38552496
2015-10-17 10:30:00,0.28823748
2015-10-18 10:30:00,0.35811248
2015-10-19 10:30:00,0.36119998
2015-10-20 10:30:00,0.401875
2015-10-21 10:30:00,0.348725
2015-10-22 10:30:00,0.41873747
2015-10-23 10:30:00,0.23274998
2015-10-24 10:30:00,0.29155
2015-10-25 10:30:00,0.35012498
2015-10-26 10:30:00,0.54615
2015-10-27 10:30:00,0.47864997
2015-10-28 10:30:00,0.4398
2015-10-29 10:30:00,0.51476246
2015-10-30 10:30:00,0.48029998
2015-10-31 10:30:00,0.44607502
2015-11-01 10:30:00,0.33951253
2015-11-02 10:30:00,0.4476625
2015-11-03 10:30:00,0.29405
2015-11-04 10:30:00,0.390175
2015-11-05 10:30:00,0.358625
2015-11-06 10:30:00,0.53585
2015-11-07 10:30:00,0.50579995
2015-11-08 10:30:00,0.59648746
2015-11-09 10:30:00,0.737225
2015-11-10 10:30:00,0.7720375
2015-11-11 10:30:00,0.79421246
2015-11-12 10:30:00,0.7560875
2015-11-13 10:30:00,0.7840875
2015-11-14 10:30:00,0.70473754
2015-11-15 10:30:00,0.42299998
2015-11-16 10:30:00,0.7057875
2015-11-17 10:30:00,0.65577495
2015-11-18 10:30:00,0.77825
2015-11-19 10:30:00,0.7172625
2015-11-20 10:30:00,0.6664125
2015-11-21 10:30:00,0.67812496
2015-11-22 10:30:00,0.6635625
2015-11-23 10:30:00,0.59604996
2015-11-24 10:30:00,0.6377375
2015-11-25 10:30:00,0.65389997
2015-11-26 10:30:00,0.66589993
2015-11-27 10:30:00,0.7138375
2015-11-28 10:30:00,0.68723756
2015-11-29 10:30:00,0.67272496
2015-11-30 10:30:00,0.708425
2015-12-01 10:30:00,0.78771245
2015-12-02 10:30:00,0.8019
2015-12-03 10:30:00,0.5942625
2015-12-04 10:30:00,0.55075
2015-12-05 10:30:00,0.5316625
2015-12-06 10:30:00,0.6054625
2015-12-07 10:30:00,0.6270125
2015-12-08 10:30:00,0.6814
2015-12-09 10:30:00,0.6845125
2015-12-10 10:30:00,0.6002125
2015-12-11 10:30:00,0.6271625
2015-12-12 10:30:00,0.638675
2015-12-13 10:30:00,0.6628625
2015-12-14 10:30:00,0.7282375
2015-12-15 10:30:00,0.600075
2015-12-16 10:30:00,0.5692125
2015-12-17 10:30:00,0.61035
2015-12-18 10:30:00,0.6931375
2015-12-19 10:30:00,0.6466
2015-12-20 10:30:00,0.7476124
2015-12-21 10:30:00,0.767025
2015-12-22 10:30:00,0.6486125
2015-12-23 10:30:00,0.5700125
2015-12-24 10:30:00,0.56673753
2015-12-25 10:30:00,0.5660375
2015-12-26 10:30:00,0.3865
2015-12-27 10:30:00,0.34832498
2015-12-28 10:30:00,0.48853752
2015-12-29 10:30:00,0.68522495
2015-12-30 10:30:00,0.6723875
2015-12-31 10:30:00,0.6562125
2016-01-01 10:30:00,0.6141
2016-01-02 10:30:00,0.66988754
2016-01-03 10:30:00,0.53886247
2016-01-04 10:30:00,0.47608748
2016-01-05 10:30:00,0.58555
2016-01-06 10:30:00,0.51299995
2016-01-07 10:30:00,0.546925
2016-01-08 10:30:00,0.5430875
2016-01-09 10:30:00,0.5170125
2016-01-10 10:30:00,0.41974998
2016-01-11 10:30:00,0.45616248
2016-01-12 10:30:00,0.514575
2016-01-13 10:30:00,0.50153744
2016-01-14 10:30:00,0.6082875
2016-01-15 10:30:00,0.639425
2016-01-16 10:30:00,0.5638125
2016-01-17 10:30:00,0.48685
2016-01-18 10:30:00,0.502825
2016-01-19 10:30:00,0.5152
2016-01-20 10:30:00,0.5200875
2016-01-21 10:30:00,0.49801248
2016-01-22 10:30:00,0.4602375
2016-01-23 10:30:00,0.4717
2016-01-24 10:30:00,0.4154
2016-01-25 10:30:00,0.464975
2016-01-26 10:30:00,0.46404997
2016-01-27 10:30:00,0.48799998
2016-01-28 10:30:00,0.5265
2016-01-29 10:30:00,0.494775
2016-01-30 10:30:00,0.511025
2016-01-31 10:30:00,0.52582496
2016-02-01 10:30:00,0.4629875
2016-02-02 10:30:00,0.47361252
2016-02-03 10:30:00,0.4904
2016-02-04 10:30:00,0.5368625
2016-02-05 10:30:00,0.583425
2016-02-06 10:30:00,0.58182496
2016-02-07 10:30:00,0.6289375
2016-02-08 10:30:00,0.62418747
2016-02-09 10:30:00,0.6211375
2016-02-10 10:30:00,0.7112625
2016-02-11 10:30:00,0.6426125
2016-02-12 10:30:00,0.504
2016-02-13 10:30:00,0.48087502
2016-02-14 10:30:00,0.460075
2016-02-15 10:30:00,0.53735
2016-02-16 10:30:00,0.5389625
2016-02-17 10:30:00,0.5752375
2016-02-18 10:30:00,0.49490002
2016-02-19 10:30:00,0.4977375
2016-02-20 10:30:00,0.4998875
2016-02-21 10:30:00,0.43915
2016-02-22 10:30:00,0.46785
2016-02-23 10:30:00,0.47268748
2016-02-24 10:30:00,0.49374998
2016-02-25 10:30:00,0.514925
2016-02-26 10:30:00,0.51986253
2016-02-27 10:30:00,0.455125
2016-02-28 10:30:00,0.57906246
2016-02-29 10:30:00,0.504075
2016-03-01 10:30:00,0.5528875
2016-03-02 10:30:00,0.668675
2016-03-03 10:30:00,0.7052125
2016-03-04 10:30:00,0.72165
2016-03-05 10:30:00,0.512425
2016-03-06 10:30:00,0.46487498
2016-03-07 10:30:00,0.4250375
2016-03-08 10:30:00,0.455675
2016-03-09 10:30:00,0.5082125
2016-03-10 10:30:00,0.56546247
2016-03-11 10:30:00,0.53528744
2016-03-12 10:30:00,0.43072498
2016-03-13 10:30:00,0.44337496
2016-03-14 10:30:00,0.5401
2016-03-15 10:30:00,0.4536
2016-03-16 10:30:00,0.4674375
2016-03-17 10:30:00,0.498725
2016-03-18 10:30:00,0.528725
2016-03-19 10:30:00,0.48048747
2016-03-20 10:30:00,0.362775
2016-03-21 10:30:00,0.6939875
2016-03-22 10:30:00,0.4007375
2016-03-23 10:30:00,0.40831247
2016-03-24 10:30:00,0.37963748
2016-03-25 10:30:00,0.366025
2016-03-26 10:30:00,0.37771246
2016-03-27 10:30:00,0.34847498
2016-03-28 10:30:00,0.3434375
2016-03-29 10:30:00,0.5748875
2016-03-30 10:30:00,0.38408747
2016-03-31 10:30:00,0.384725
2016-04-01 10:30:00,0.54144996
2016-04-02 10:30:00,0.40114996
2016-04-03 10:30:00,0.46916252
2016-04-04 10:30:00,0.50175
2016-04-05 10:30:00,0.4017375
2016-04-06 10:30:00,0.3186
2016-04-07 10:30:00,0.25695
2016-04-08 10:30:00,0.283775
2016-04-09 10:30:00,0.3077375
2016-04-10 10:30:00,0.36947498
2016-04-11 10:30:00,0.55415
2016-04-12 10:30:00,0.4016
2016-04-13 10:30:00,0.92669994
2016-04-14 10:30:00,0.65707505
2016-04-15 10:30:00,0.8050375
2016-04-16 10:30:00,0.83196247
2016-04-17 10:30:00,0.4606875
2016-04-18 10:30:00,0.502725
2016-04-19 10:30:00,0.3343375
2016-04-20 10:30:00,0.340625
2016-04-21 10:30:00,0.47146246
2016-04-22 10:30:00,0.6069
2016-04-23 10:30:00,0.44181252
2016-04-24 10:30:00,0.6593625
2016-04-25 10:30:00,0.4263
2016-04-26 10:30:00,0.45069999
2016-04-27 10:30:00,0.70257497
2016-04-28 10:30:00,0.38272497
2016-04-29 10:30:00,0.5517375
2016-04-30 10:30:00,0.47044998
2016-05-01 10:30:00,0.721975
2016-05-02 10:30:00,0.3518625
2016-05-03 10:30:00,0.234525
2016-05-04 10:30:00,0.1727
2016-05-05 10:30:00,0.6222625
2016-05-06 10:30:00,0.6508625
2016-05-07 10:30:00,0.28303748
2016-05-08 10:30:00,0.42313752
2016-05-09 10:30:00,0.36401248
2016-05-10 10:30:00,0.2008375
2016-05-11 10:30:00,0.5990125
2016-05-12 10:30:00,0.5315125
2016-05-13 10:30:00,0.3153375
2016-05-14 10:30:00,0.4058375
2016-05-15 10:30:00,0.39158747
2016-05-16 10:30:00,0.3440375
2016-05-17 10:30:00,0.149975
2016-05-18 10:30:00,0.2918
2016-05-19 10:30:00,0.2762375
2016-05-20 10:30:00,0.3721
2016-05-21 10:30:00,0.4002375
2016-05-22 10:30:00,0.35077497
2016-05-23 10:30:00,0.5749875
2016-05-24 10:30:00,0.8029125
2016-05-25 10:30:00,0.5620125
2016-05-26 10:30:00,0.49456248
2016-05-27 10:30:00,0.425825
2016-05-28 10:30:00,0.45741248
2016-05-29 10:30:00,0.41395
2016-05-30 10:30:00,0.56213754
2016-05-31 10:30:00,0.531525
2016-06-01 10:30:00,0.4754
2016-06-02 10:30:00,0.51585
2016-06-03 10:30:00,0.51695
2016-06-04 10:30:00,0.50123745
2016-06-05 10:30:00,0.45482498
2016-06-06 10:30:00,0.3653375
2016-06-07 10:30:00,0.5777
2016-06-08 10:30:00,0.5250875
2016-06-09 10:30:00,0.595575
2016-06-10 10:30:00,0.7273874
2016-06-11 10:30:00,0.6998125
2016-06-12 10:30:00,0.74471253
2016-06-13 10:30:00,0.66191244
2016-06-14 10:30:00,0.54943746
2016-06-15 10:30:00,0.53956246
2016-06-16 10:30:00,0.79421246
2016-06-17 10:30:00,0.84558743
2016-06-18 10:30:00,0.690775
2016-06-19 10:30:00,0.7124375
2016-06-20 10:30:00,0.682125
2016-06-21 10:30:00,0.58222497
2016-06-22 10:30:00,0.8712
2016-06-23 10:30:00,0.6161375
2016-06-24 10:30:00,0.636975
2016-06-25 10:30:00,0.598025
2016-06-26 10:30:00,0.5592875
2016-06-27 10:30:00,0.66911244
2016-06-28 10:30:00,0.7987874
2016-06-29 10:30:00,0.8222875
2016-06-30 10:30:00,0.5936625
2016-07-01 10:30:00,0.60556245
2016-07-02 10:30:00,0.67371243
2016-07-03 10:30:00,0.667825
2016-07-04 10:30:00,0.5514125
2016-07-05 10:30:00,0.49702498
2016-07-06 10:30:00,0.6597625
2016-07-07 10:30:00,0.63303745
2016-07-08 10:30:00,0.7665375
2016-07-09 10:30:00,0.73915
2016-07-10 10:30:00,0.471575
2016-07-11 10:30:00,0.5737625
2016-07-12 10:30:00,0.63175
2016-07-13 10:30:00,0.5951
2016-07-14 10:30:00,0.6059125
2016-07-15 10:30:00,0.56935
2016-07-16 10:30:00,0.5954625
2016-07-17 10:30:00,0.6346375
2016-07-18 10:30:00,0.4883125
2016-07-19 10:30:00,0.6651
2016-07-20 10:30:00,0.740325
2016-07-21 10:30:00,0.685875
2016-07-22 10:30:00,0.863575
2016-07-23 10:30:00,0.791025
2016-07-24 10:30:00,0.64275
2016-07-25 10:30:00,0.69888747
2016-07-26 10:30:00,0.6715125
2016-07-27 10:30:00,0.68417495
2016-07-28 10:30:00,0.642725
2016-07-29 10:30:00,0.642025
2016-07-30 10:30:00,0.696225
2016-07-31 10:30:00,0.51336247
2016-08-01 10:30:00,0.5789875
2016-08-02 10:30:00,0.46397498
2016-08-03 10:30:00,0.4993
2016-08-04 10:30:00,0.59955
2016-08-05 10:30:00,0.6661625
2016-08-06 10:30:00,0.8305375
2016-08-07 10:30:00,0.6122375
2016-08-08 10:30:00,0.544
2016-08-09 10:30:00,0.8096375
2016-08-10 10:30:00,0.6186
2016-08-11 10:30:00,0.5599625
2016-08-12 10:30:00,0.53029996
2016-08-13 10:30:00,0.6311375
2016-08-14 10:30:00,0.62985
2016-08-15 10:30:00,0.625825
2016-08-16 10:30:00,0.69264996
2016-08-17 10:30:00,0.54461247
2016-08-18 10:30:00,0.6807
2016-08-19 10:30:00,0.61646247
2016-08-20 10:30:00,0.8132375
2016-08-21 10:30:00,0.63839996
2016-08-22 10:30:00,0.62364995
2016-08-23 10:30:00,0.753925
2016-08-24 10:30:00,0.5227125
2016-08-25 10:30:00,0.48733747
2016-08-26 10:30:00,0.551475
2016-08-27 10:30:00,0.55361253
2016-08-28 10:30:00,0.50705
2016-08-29 10:30:00,0.5163375
2016-08-30 10:30:00,0.44623747
2016-08-31 10:30:00,0.8708999
2016-09-01 10:30:00,0.8661625
2016-09-02 10:30:00,0.8792
2016-09-03 10:30:00,0.81746244
2016-09-04 10:30:00,0.9196375
2016-09-05 10:30:00,0.90897495
2016-09-06 10:30:00,0.789225
2016-09-07 10:30:00,0.748
2016-09-08 10:30:00,0.8228125
2016-09-09 10:30:00,0.90907496
2016-09-10 10:30:00,0.82785004
2016-09-11 10:30:00,0.80050004
2016-09-12 10:30:00,0.79068744
2016-09-13 10:30:00,0.81255
2016-09-14 10:30:00,0.85661244
2016-09-15 10:30:00,0.6393375
2016-09-16 10:30:00,0.71755
2016-09-17 10:30:00,0.6743625
2016-09-18 10:30:00,0.63261247
2016-09-19 10:30:00,0.568525
2016-09-20 10:30:00,0.61845
2016-09-21 10:30:00,0.54601246
2016-09-22 10:30:00,0.83788747
2016-09-23 10:30:00,0.64266247
2016-09-24 10:30:00,0.73645
2016-09-25 10:30:00,0.569925
2016-09-26 10:30:00,0.74771243
2016-09-27 10:30:00,0.68752503
2016-09-28 10:30:00,0.6157375
2016-09-29 10:30:00,0.6391125
2016-09-30 10:30:00,0.63138753
2016-10-01 10:30:00,0.4896875
2016-10-02 10:30:00,0.6097
2016-10-03 10:30:00,0.57401246
2016-10-04 10:30:00,0.6688625
2016-10-05 10:30:00,0.539275
2016-10-06 10:30:00,0.3948375
2016-10-07 10:30:00,0.85755
2016-10-08 10:30:00,0.6218625
2016-10-09 10:30:00,0.62675
2016-10-10 10:30:00,0.48092496
2016-10-11 10:30:00,0.49915
2016-10-12 10:30:00,0.524225
2016-10-13 10:30:00,0.5644625
2016-10-14 10:30:00,0.5233375
2016-10-15 10:30:00,0.55619997
2016-10-16 10:30:00,0.5425125
2016-10-17 10:30:00,0.570325
2016-10-18 10:30:00,0.46476248
2016-10-19 10:30:00,0.6841
2016-10-20 10:30:00,0.4934875
2016-10-21 10:30:00,0.70198745
2016-10-22 10:30:00,0.5145
2016-10-23 10:30:00,0.4892625
2016-10-24 10:30:00,0.571375
2016-10-25 10:30:00,0.57366246
2016-10-26 10:30:00,0.5743125
2016-10-27 10:30:00,0.5713875
2016-10-28 10:30:00,0.53865
2016-10-29 10:30:00,0.56865
2016-10-30 10:30:00,0.5292625
2016-10-31 10:30:00,0.50124997
2016-11-01 10:30:00,0.5497375
2016-11-02 10:30:00,0.583375
2016-11-03 10:30:00,0.702825
2016-11-04 10:30:00,0.8029125
2016-11-05 10:30:00,0.68707496
2016-11-06 10:30:00,0.74915
2016-11-07 10:30:00,0.69693744
2016-11-08 10:30:00,0.60279995
2016-11-09 10:30:00,0.6856875
2016-11-10 10:30:00,0.71917504
2016-11-11 10:30:00,0.56685
2016-11-12 10:30:00,0.6234625
2016-11-13 10:30:00,0.7681125
2016-11-14 10:30:00,0.5738625
2016-11-15 10:30:00,0.67864996
2016-11-16 10:30:00,0.6849
2016-11-17 10:30:00,0.636875
2016-11-18 10:30:00,0.6622625
2016-11-19 10:30:00,0.5586
2016-11-20 10:30:00,0.4797625
2016-11-21 10:30:00,0.528675
2016-11-22 10:30:00,0.5642875
2016-11-23 10:30:00,0.537475
2016-11-24 10:30:00,0.67378753
2016-11-25 10:30:00,0.706425
2016-11-26 10:30:00,0.6565125
2016-11-27 10:30:00,0.600275
2016-11-28 10:30:00,0.59222496
2016-11-29 10:30:00,0.686
2016-11-30 10:30:00,0.573775
2016-12-01 10:30:00,0.510175
2016-12-02 10:30:00,0.6510375
2016-12-03 10:30:00,0.52695
2016-12-04 10:30:00,0.5237625
2016-12-05 10:30:00,0.60952497
2016-12-06 10:30:00,0.62541246
2016-12-07 10:30:00,0.64716244
2016-12-08 10:30:00,0.66379994
2016-12-09 10:30:00,0.566775
2016-12-10 10:30:00,0.631025
2016-12-11 10:30:00,0.6392125
2016-12-12 10:30:00,0.5742875
2016-12-13 10:30:00,0.558675
2016-12-14 10:30:00,0.52042496
2016-12-15 10:30:00,0.45956248
2016-12-16 10:30:00,0.571225
2016-12-17 10:30:00,0.57025
2016-12-18 10:30:00,0.70044994
2016-12-19 10:30:00,0.71698743
2016-12-20 10:30:00,0.64915
2016-12-21 10:30:00,0.6793125
2016-12-22 10:30:00,0.55408746
2016-12-23 10:30:00,0.6079
2016-12-24 10:30:00,0.65929997
2016-12-25 10:30:00,0.52645
2016-12-26 10:30:00,0.4141
2016-12-27 10:30:00,0.513125
2016-12-28 10:30:00,0.4820625
2016-12-29 10:30:00,0.47445
2016-12-30 10:30:00,0.57269996
2016-12-31 10:30:00,0.65075
2017-01-01 10:30:00,0.6009
2017-01-02 10:30:00,0.6166
2017-01-03 10:30:00,0.592275
2017-01-04 10:30:00,0.653375
2017-01-05 10:30:00,0.6923125
2017-01-06 10:30:00,0.60125
2017-01-07 10:30:00,0.6296
2017-01-08 10:30:00,0.49381247
2017-01-09 10:30:00,0.44552496
2017-01-10 10:30:00,0.4728125
2017-01-11 10:30:00,0.4821625
2017-01-12 10:30:00,0.4519625
2017-01-13 10:30:00,0.5118875
2017-01-14 10:30:00,0.547175
2017-01-15 10:30:00,0.55061245
2017-01-16 10:30:00,0.582375
2017-01-17 10:30:00,0.67448753
2017-01-18 10:30:00,0.576025
2017-01-19 10:30:00,0.5334875
2017-01-20 10:30:00,0.50223744
2017-01-21 10:30:00,0.5646875
2017-01-22 10:30:00,0.48928747
2017-01-23 10:30:00,0.44435
2017-01-24 10:30:00,0.5133
2017-01-25 10:30:00,0.5951875
2017-01-26 10:30:00,0.506975
2017-01-27 10:30:00,0.4538
2017-01-28 10:30:00,0.5444625
2017-01-29 10:30:00,0.4762125
2017-01-30 10:30:00,0.4334
2017-01-31 10:30:00,0.4389875
2017-02-01 10:30:00,0.392575
2017-02-02 10:30:00,0.506825
2017-02-03 10:30:00,0.5537125
2017-02-04 10:30:00,0.5872875
2017-02-05 10:30:00,0.5870375
2017-02-06 10:30:00,0.5082875
2017-02-07 10:30:00,0.59085
2017-02-08 10:30:00,0.5248875
2017-02-09 10:30:00,0.5656625
2017-02-10 10:30:00,0.5075125
2017-02-11 10:30:00,0.448475
2017-02-12 10:30:00,0.5467375
2017-02-13 10:30:00,0.55987495
2017-02-14 10:30:00,0.60807496
2017-02-15 10:30:00,0.6051375
2017-02-16 10:30:00,0.479925
2017-02-17 10:30:00,0.397925
2017-02-18 10:30:00,0.47728747
2017-02-19 10:30:00,0.6083875
2017-02-20 10:30:00,0.4652
2017-02-21 10:30:00,0.60179996
2017-02-22 10:30:00,0.47663748
2017-02-23 10:30:00,0.491925
2017-02-24 10:30:00,0.606375
2017-02-25 10:30:00,0.53947496
2017-02-26 10:30:00,0.64265
2017-02-27 10:30:00,0.5888625
2017-02-28 10:30:00,0.4894875
2017-03-01 10:30:00,0.4415375
2017-03-02 10:30:00,0.47326246
2017-03-03 10:30:00,0.4899625
2017-03-04 10:30:00,0.41597497
2017-03-05 10:30:00,0.45138747
2017-03-06 10:30:00,0.48218748
2017-03-07 10:30:00,0.46737498
2017-03-08 10:30:00,0.4273875
2017-03-09 10:30:00,0.4765375
2017-03-10 10:30:00,0.47959998
2017-03-11 10:30:00,0.44165
2017-03-12 10:30:00,0.3709875
2017-03-13 10:30:00,0.40471247
2017-03-14 10:30:00,0.4438125
2017-03-15 10:30:00,0.35416248
2017-03-16 10:30:00,0.34239998
2017-03-17 10:30:00,0.33475003
2017-03-18 10:30:00,0.316425
2017-03-19 10:30:00,0.3566
2017-03-20 10:30:00,0.4650375
2017-03-21 10:30:00,0.40651247
2017-03-22 10:30:00,0.4120625
2017-03-23 10:30:00,0.4201625
2017-03-24 10:30:00,0.40721247
2017-03-25 10:30:00,0.396375
2017-03-26 10:30:00,0.58287495
2017-03-27 10:30:00,0.43092498
2017-03-28 10:30:00,0.4539125
2017-03-29 10:30:00,0.6225875
2017-03-30 10:30:00,0.455925
2017-03-31 10:30:00,0.3311375
2017-04-01 10:30:00,0.3145
2017-04-02 10:30:00,0.3195625
2017-04-03 10:30:00,0.32439998
2017-04-04 10:30:00,0.27935
2017-04-05 10:30:00,0.4728625
2017-04-06 10:30:00,0.3907125
2017-04-07 10:30:00,0.44584998
2017-04-08 10:30:00,0.32287496
2017-04-09 10:30:00,0.34011248
2017-04-10 10:30:00,0.26356247
2017-04-11 10:30:00,0.268175
2017-04-12 10:30:00,0.23932499
2017-04-13 10:30:00,0.2438625
2017-04-14 10:30:00,0.239375
2017-04-15 10:30:00,0.17639999
2017-04-16 10:30:00,0.35654998
2017-04-17 10:30:00,0.6337
2017-04-18 10:30:00,0.4923125
2017-04-19 10:30:00,0.42436248
2017-04-20 10:30:00,0.3987625
2017-04-21 10:30:00,0.2658625
2017-04-22 10:30:00,0.300125
2017-04-23 10:30:00,0.428875
2017-04-24 10:30:00,0.690075
2017-04-25 10:30:00,0.72795
2017-04-26 10:30:00,0.44951248
2017-04-27 10:30:00,0.31905
2017-04-28 10:30:00,0.2440375
2017-04-29 10:30:00,0.251375
2017-04-30 10:30:00,0.30531248
2017-05-01 10:30:00,0.1899875
2017-05-02 10:30:00,0.2121625
2017-05-03 10:30:00,0.33224997
2017-05-04 10:30:00,0.42186248
2017-05-05 10:30:00,0.6887125
2017-05-06 10:30:00,0.34182498
2017-05-07 10:30:00,0.50135
2017-05-08 10:30:00,0.24554999
2017-05-09 10:30:00,0.22799999
2017-05-10 10:30:00,0.3205625
2017-05-11 10:30:00,0.5473125
2017-05-12 10:30:00,0.5229875
2017-05-13 10:30:00,0.601325
2017-05-14 10:30:00,0.4894875
2017-05-15 10:30:00,0.33921248
2017-05-16 10:30:00,0.41387498
2017-05-17 10:30:00,0.386025
2017-05-18 10:30:00,0.1787625
2017-05-19 10:30:00,0.293825
2017-05-20 10:30:00,0.5275125
2017-05-21 10:30:00,0.4788375
2017-05-22 10:30:00,0.4377375
2017-05-23 10:30:00,0.41842496
2017-05-24 10:30:00,0.403225
2017-05-25 10:30:00,0.38002497
2017-05-26 10:30:00,0.3740375
2017-05-27 10:30:00,0.34965
2017-05-28 10:30:00,0.24004999
2017-05-29 10:30:00,0.3393875
2017-05-30 10:30:00,0.3192125
2017-05-31 10:30:00,0.3813375
2017-06-01 10:30:00,0.51299995
2017-06-02 10:30:00,0.63581246
2017-06-03 10:30:00,0.566975
2017-06-04 10:30:00,0.46124998
2017-06-05 10:30:00,0.29749998
2017-06-06 10:30:00,0.42326248
2017-06-07 10:30:00,0.50914997
2017-06-08 10:30:00,0.540325
2017-06-09 10:30:00,0.4036
2017-06-10 10:30:00,0.48058748
2017-06-11 10:30:00,0.5469875
2017-06-12 10:30:00,0.50479996
2017-06-13 10:30:00,0.3102375
2017-06-14 10:30:00,0.3291375
2017-06-15 10:30:00,0.58911246
2017-06-16 10:30:00,0.5180875
2017-06-17 10:30:00,0.535475
2017-06-18 10:30:00,0.68081254
2017-06-19 10:30:00,0.5669625
2017-06-20 10:30:00,0.8358
2017-06-21 10:30:00,0.74153745
2017-06-22 10:30:00,0.50285
2017-06-23 10:30:00,0.467825
2017-06-24 10:30:00,0.56967497
2017-06-25 10:30:00,0.60454994
2017-06-26 10:30:00,0.69363743
2017-06-27 10:30:00,0.673525
2017-06-28 10:30:00,0.5045375
2017-06-29 10:30:00,0.5891875
2017-06-30 10:30:00,0.6373625
2017-07-01 10:30:00,0.60784996
2017-07-02 10:30:00,0.652925
2017-07-03 10:30:00,0.568175
2017-07-04 10:30:00,0.4801375
2017-07-05 10:30:00,0.504325
2017-07-06 10:30:00,0.61478746
2017-07-07 10:30:00,0.7826375
2017-07-08 10:30:00,0.877125
2017-07-09 10:30:00,0.743675
2017-07-10 10:30:00,0.7879625
2017-07-11 10:30:00,0.575225
2017-07-12 10:30:00,0.50583744
2017-07-13 10:30:00,0.50264996
2017-07-14 10:30:00,0.4758
2017-07-15 10:30:00,0.58115
2017-07-16 10:30:00,0.570975
2017-07-17 10:30:00,0.59748745
2017-07-18 10:30:00,0.618625
2017-07-19 10:30:00,0.45204997
2017-07-20 10:30:00,0.5869
2017-07-21 10:30:00,0.51318747
2017-07-22 10:30:00,0.4430875
2017-07-23 10:30:00,0.66359997
2017-07-24 10:30:00,0.44527498
2017-07-25 10:30:00,0.4731375
2017-07-26 10:30:00,0.7930625
2017-07-27 10:30:00,0.747575
2017-07-28 10:30:00,0.5685625
2017-07-29 10:30:00,0.8412125
2017-07-30 10:30:00,0.879675
2017-07-31 10:30:00,0.71647495
2017-08-01 10:30:00,0.8982875
2017-08-02 10:30:00,0.71015
2017-08-03 10:30:00,0.8647625
2017-08-04 10:30:00,0.83788747
2017-08-05 10:30:00,0.73499995
2017-08-06 10:30:00,0.796275
2017-08-07 10:30:00,0.830525
2017-08-08 10:30:00,0.7532
2017-08-09 10:30:00,0.7546
2017-08-10 10:30:00,0.85805
2017-08-11 10:30:00,0.8314
2017-08-12 10:30:00,0.7989625
2017-08-13 10:30:00,0.8159625
2017-08-14 10:30:00,0.83437496
2017-08-15 10:30:00,0.8790125
2017-08-16 10:30:00,0.8995375
2017-08-17 10:30:00,0.8015625
2017-08-18 10:30:00,0.8139375
2017-08-19 10:30:00,0.7628375
2017-08-20 10:30:00,0.7525875
2017-08-21 10:30:00,0.67721254
2017-08-22 10:30:00,0.66228753
2017-08-23 10:30:00,0.64911246
2017-08-24 10:30:00,0.59508747
2017-08-25 10:30:00,0.6144
2017-08-26 10:30:00,0.662275
2017-08-27 10:30:00,0.6306125
2017-08-28 10:30:00,0.49895
2017-08-29 10:30:00,0.41799998
2017-08-30 10:30:00,0.60375
2017-08-31 10:30:00,0.65379995
2017-09-01 10:30:00,0.7034625
2017-09-02 10:30:00,0.655225
2017-09-03 10:30:00,0.83541244
2017-09-04 10:30:00,0.7758625
2017-09-05 10:30:00,0.7347
2017-09-06 10:30:00,0.5721
2017-09-07 10:30:00,0.68693745
2017-09-08 10:30:00,0.65918744
2017-09-09 10:30:00,0.66139996
2017-09-10 10:30:00,0.8113375
2017-09-11 10:30:00,0.5732125
2017-09-12 10:30:00,0.6551875
2017-09-13 10:30:00,0.6453
2017-09-14 10:30:00,0.686175
2017-09-15 10:30:00,0.87770003
2017-09-16 10:30:00,0.8038875
2017-09-17 10:30:00,0.78612494
2017-09-18 10:30:00,0.6907
2017-09-19 10:30:00,0.69168746
2017-09-20 10:30:00,0.69873744
2017-09-21 10:30:00,0.60504997
2017-09-22 10:30:00,0.6485499
2017-09-23 10:30:00,0.48499998
2017-09-24 10:30:00,0.55422497
2017-09-25 10:30:00,0.5063875
2017-09-26 10:30:00,0.40331247
2017-09-27 10:30:00,0.38053748
2017-09-28 10:30:00,0.40713748
2017-09-29 10:30:00,0.33476248
2017-09-30 10:30:00,0.34452498
2017-10-01 10:30:00,0.430875
2017-10-02 10:30:00,0.34437498
2017-10-03 10:30:00,0.39139998
2017-10-04 10:30:00,0.41195
2017-10-05 10:30:00,0.371425
2017-10-06 10:30:00,0.5476
2017-10-07 10:30:00,0.6073125
2017-10-08 10:30:00,0.9148
2017-10-09 10:30:00,0.7183625
2017-10-10 10:30:00,0.566375
2017-10-11 10:30:00,0.71498746
2017-10-12 10:30:00,0.583075
2017-10-13 10:30:00,0.539475
2017-10-14 10:30:00,0.5554625
2017-10-15 10:30:00,0.59113747
2017-10-16 10:30:00,0.4094875
2017-10-17 10:30:00,0.40316248
2017-10-18 10:30:00,0.34452498
2017-10-19 10:30:00,0.4791875
2017-10-20 10:30:00,0.4629875
2017-10-21 10:30:00,0.398825
2017-10-22 10:30:00,0.52715
2017-10-23 10:30:00,0.52556247
2017-10-24 10:30:00,0.391525
2017-10-25 10:30:00,0.48064998
2017-10-26 10:30:00,0.54197496
2017-10-27 10:30:00,0.561125
2017-10-28 10:30:00,0.4143875
2017-10-29 10:30:00,0.41854998
2017-10-30 10:30:00,0.44542497
2017-10-31 10:30:00,0.34575
2017-11-01 10:30:00,0.49581248
2017-11-02 10:30:00,0.5910625
2017-11-03 10:30:00,0.4218125
2017-11-04 10:30:00,0.47201246
2017-11-05 10:30:00,0.374925
2017-11-06 10:30:00,0.5437
2017-11-07 10:30:00,0.92303747
2017-11-08 10:30:00,0.796425
2017-11-09 10:30:00,0.7922999
2017-11-10 10:30:00,0.6199625
2017-11-11 10:30:00,0.7158625
2017-11-12 10:30:00,0.7599125
2017-11-13 10:30:00,0.57726246
2017-11-14 10:30:00,0.5413875
2017-11-15 10:30:00,0.543225
2017-11-16 10:30:00,0.6272625
2017-11-17 10:30:00,0.5393625
2017-11-18 10:30:00,0.56488746
2017-11-19 10:30:00,0.5903625
2017-11-20 10:30:00,0.64089996
2017-11-21 10:30:00,0.6075625
2017-11-22 10:30:00,0.585925
2017-11-23 10:30:00,0.5362375
2017-11-24 10:30:00,0.58572495
2017-11-25 10:30:00,0.578675
2017-11-26 10:30:00,0.6026875
2017-11-27 10:30:00,0.52068746
2017-11-28 10:30:00,0.4445375
2017-11-29 10:30:00,0.40009996
2017-11-30 10:30:00,0.5498875
2017-12-01 10:30:00,0.6128
2017-12-02 10:30:00,0.6809
2017-12-03 10:30:00,0.588375
2017-12-04 10:30:00,0.5247125
2017-12-05 10:30:00,0.664775
2017-12-06 10:30:00,0.6200625
2017-12-07 10:30:00,0.5367625
2017-12-08 10:30:00,0.6364
2017-12-09 10:30:00,0.66719997
2017-12-10 10:30:00,0.5685625
2017-12-11 10:30:00,0.50151247
2017-12-12 10:30:00,0.46179998
2017-12-13 10:30:00,0.5508125
2017-12-14 10:30:00,0.5696375
2017-12-15 10:30:00,0.5085625
2017-12-16 10:30:00,0.542925
2017-12-17 10:30:00,0.58977497
2017-12-18 10:30:00,0.4923125
2017-12-19 10:30:00,0.5642
2017-12-20 10:30:00,0.6474624
2017-12-21 10:30:00,0.5792625
2017-12-22 10:30:00,0.5448
2017-12-23 10:30:00,0.59783745
2017-12-24 10:30:00,0.5796
2017-12-25 10:30:00,0.51095
2017-12-26 10:30:00,0.39776248
2017-12-27 10:30:00,0.5826
2017-12-28 10:30:00,0.5803625
2017-12-29 10:30:00,0.60305
2017-12-30 10:30:00,0.71587497
2017-12-31 10:30:00,0.5845
2018-01-01 10:30:00,0.5144625
2018-01-02 10:30:00,0.5303125
2018-01-03 10:30:00,0.509825
2018-01-04 10:30:00,0.4566125
2018-01-05 10:30:00,0.52615
2018-01-06 10:30:00,0.4950375
2018-01-07 10:30:00,0.48294997
2018-01-08 10:30:00,0.62953746
2018-01-09 10:30:00,0.5771625
2018-01-10 10:30:00,0.45103753
2018-01-11 10:30:00,0.39326248
2018-01-12 10:30:00,0.57371247
2018-01-13 10:30:00,0.6714875
2018-01-14 10:30:00,0.5803125
2018-01-15 10:30:00,0.60464996
2018-01-16 10:30:00,0.7151875
2018-01-17 10:30:00,0.5432875
2018-01-18 10:30:00,0.5819
2018-01-19 10:30:00,0.440325
2018-01-20 10:30:00,0.4264375
2018-01-21 10:30:00,0.43702498
2018-01-22 10:30:00,0.41695
2018-01-23 10:30:00,0.41494998
2018-01-24 10:30:00,0.4399375
2018-01-25 10:30:00,0.38889998
2018-01-26 10:30:00,0.4049375
2018-01-27 10:30:00,0.41272497
2018-01-28 10:30:00,0.44448748
2018-01-29 10:30:00,0.5207875
2018-01-30 10:30:00,0.48096249
2018-01-31 10:30:00,0.5514375
2018-02-01 10:30:00,0.49502498
2018-02-02 10:30:00,0.50409997
2018-02-03 10:30:00,0.49811247
2018-02-04 10:30:00,0.48252496
2018-02-05 10:30:00,0.44151247
2018-02-06 10:30:00,0.49830002
2018-02-07 10:30:00,0.5184375
2018-02-08 10:30:00,0.5582125
2018-02-09 10:30:00,0.44623747
2018-02-10 10:30:00,0.41915
2018-02-11 10:30:00,0.4415875
2018-02-12 10:30:00,0.46436247
2018-02-13 10:30:00,0.450475
2018-02-14 10:30:00,0.45575
2018-02-15 10:30:00,0.46551248
2018-02-16 10:30:00,0.430725
2018-02-17 10:30:00,0.36989996
2018-02-18 10:30:00,0.4424625
2018-02-19 10:30:00,0.49249998
2018-02-20 10:30:00,0.49144998
2018-02-21 10:30:00,0.56686246
2018-02-22 10:30:00,0.571575
2018-02-23 10:30:00,0.44577497
2018-02-24 10:30:00,0.48315
2018-02-25 10:30:00,0.51215
2018-02-26 10:30:00,0.65465003
2018-02-27 10:30:00,0.64503753
2018-02-28 10:30:00,0.74445
2018-03-01 10:30:00,0.51932496
2018-03-02 10:30:00,0.5293125
2018-03-03 10:30:00,0.6401
2018-03-04 10:30:00,0.50173753
2018-03-05 10:30:00,0.44663748
2018-03-06 10:30:00,0.5279125
2018-03-07 10:30:00,0.490775
2018-03-08 10:30:00,0.50205
2018-03-09 10:30:00,0.69347495
2018-03-10 10:30:00,0.608375
2018-03-11 10:30:00,0.6059875
2018-03-12 10:30:00,0.60069996
2018-03-13 10:30:00,0.5816
2018-03-14 10:30:00,0.8343125
2018-03-15 10:30:00,0.55205
2018-03-16 10:30:00,0.513675
2018-03-17 10:30:00,0.48791248
2018-03-18 10:30:00,0.3755125
2018-03-19 10:30:00,0.5319625
2018-03-20 10:30:00,0.587
2018-03-21 10:30:00,0.46771246
2018-03-22 10:30:00,0.33557498
2018-03-23 10:30:00,0.331425
2018-03-24 10:30:00,0.39729998
2018-03-25 10:30:00,0.3508625
2018-03-26 10:30:00,0.2959625
2018-03-27 10:30:00,0.389775
2018-03-28 10:30:00,0.3710375
2018-03-29 10:30:00,0.33456248
2018-03-30 10:30:00,0.27816248
2018-03-31 10:30:00,0.40211248
2018-04-01 10:30:00,0.34882498
2018-04-02 10:30:00,0.2431125
2018-04-03 10:30:00,0.24509999
2018-04-04 10:30:00,0.2241
2018-04-05 10:30:00,0.35123748
2018-04-06 10:30:00,0.24042499
2018-04-07 10:30:00,0.2349125
2018-04-08 10:30:00,0.23781249
2018-04-09 10:30:00,0.2862125
2018-04-10 10:30:00,0.5268125
2018-04-11 10:30:00,0.39028752
2018-04-12 10:30:00,0.3472875
2018-04-13 10:30:00,0.85175
2018-04-14 10:30:00,0.72176254
2018-04-15 10:30:00,0.454725
2018-04-16 10:30:00,0.3664625
2018-04-17 10:30:00,0.3810125
2018-04-18 10:30:00,0.534025
2018-04-19 10:30:00,0.3422875
2018-04-20 10:30:00,0.518325
2018-04-21 10:30:00,0.4345875
2018-04-22 10:30:00,0.4610625
2018-04-23 10:30:00,0.38923752
2018-04-24 10:30:00,0.30645
2018-04-25 10:30:00,0.24636249
2018-04-26 10:30:00,0.237025
2018-04-27 10:30:00,0.3230125
2018-04-28 10:30:00,0.3300125
2018-04-29 10:30:00,0.424775
2018-04-30 10:30:00,0.3070375
2018-05-01 10:30:00,0.4462125
2018-05-02 10:30:00,0.404375
2018-05-03 10:30:00,0.2588
2018-05-04 10:30:00,0.2273375
2018-05-05 10:30:00,0.186925
2018-05-06 10:30:00,0.4478625
2018-05-07 10:30:00,0.42419997
2018-05-08 10:30:00,0.38607502
2018-05-09 10:30:00,0.292525
2018-05-10 10:30:00,0.36271247
2018-05-11 10:30:00,0.25594997
2018-05-12 10:30:00,0.32038748
2018-05-13 10:30:00,0.45743752
2018-05-14 10:30:00,0.32308748
2018-05-15 10:30:00,0.4906125
2018-05-16 10:30:00,0.549325
2018-05-17 10:30:00,0.51315
2018-05-18 10:30:00,0.3839
2018-05-19 10:30:00,0.2715125
2018-05-20 10:30:00,0.6774625
2018-05-21 10:30:00,0.534525
2018-05-22 10:30:00,0.70014995
2018-05-23 10:30:00,0.62272495
2018-05-24 10:30:00,0.5111375
2018-05-25 10:30:00,0.5089625
2018-05-26 10:30:00,0.55381244
2018-05-27 10:30:00,0.8882875
2018-05-28 10:30:00,0.66265
2018-05-29 10:30:00,0.77125
2018-05-30 10:30:00,0.4728125
2018-05-31 10:30:00,0.359125
2018-06-01 10:30:00,0.1869375
2018-06-02 10:30:00,0.24347499
2018-06-03 10:30:00,0.4154875
2018-06-04 10:30:00,0.56205
2018-06-05 10:30:00,0.64226246
2018-06-06 10:30:00,0.66381246
2018-06-07 10:30:00,0.6108
2018-06-08 10:30:00,0.65747494
2018-06-09 10:30:00,0.70266247
2018-06-10 10:30:00,0.63065
2018-06-11 10:30:00,0.749075
2018-06-12 10:30:00,0.7437124
2018-06-13 10:30:00,0.74363744
2018-06-14 10:30:00,0.7990875
2018-06-15 10:30:00,0.8916625
2018-06-16 10:30:00,0.62853754
2018-06-17 10:30:00,0.6097125
2018-06-18 10:30:00,0.80335
2018-06-19 10:30:00,0.585625
2018-06-20 10:30:00,0.6111375
2018-06-21 10:30:00,0.519425
2018-06-22 10:30:00,0.5538875
2018-06-23 10:30:00,0.551575
2018-06-24 10:30:00,0.76213753
2018-06-25 10:30:00,0.82103753
2018-06-26 10:30:00,0.834325
2018-06-27 10:30:00,0.80775
2018-06-28 10:30:00,0.6796
2018-06-29 10:30:00,0.63035
2018-06-30 10:30:00,0.631525
2018-07-01 10:30:00,0.631375
2018-07-02 10:30:00,0.6001125
2018-07-03 10:30:00,0.6999
2018-07-04 10:30:00,0.9607375
2018-07-05 10:30:00,0.942575
2018-07-06 10:30:00,0.8497875
2018-07-07 10:30:00,0.9715625
2018-07-08 10:30:00,0.7533875
2018-07-09 10:30:00,0.6153875
2018-07-10 10:30:00,0.7336125
2018-07-11 10:30:00,0.8346875
2018-07-12 10:30:00,0.7060375
2018-07-13 10:30:00,0.63780004
2018-07-14 10:30:00,0.64146245
2018-07-15 10:30:00,0.6436
2018-07-16 10:30:00,0.944175
2018-07-17 10:30:00,0.849475
2018-07-18 10:30:00,0.8767875
2018-07-19 10:30:00,0.7423875
2018-07-20 10:30:00,0.84371245
2018-07-21 10:30:00,0.9719875
2018-07-22 10:30:00,0.66801244
2018-07-23 10:30:00,0.63252497
2018-07-24 10:30:00,0.9529249
2018-07-25 10:30:00,0.87373745
2018-07-26 10:30:00,0.76339996
2018-07-27 10:30:00,0.79232496
2018-07-28 10:30:00,0.7904875
2018-07-29 10:30:00,0.83106256
2018-07-30 10:30:00,0.88574994
2018-07-31 10:30:00,0.6371875
2018-08-01 10:30:00,0.7192624
2018-08-02 10:30:00,0.7774375
2018-08-03 10:30:00,0.863775
2018-08-04 10:30:00,0.85518754
2018-08-05 10:30:00,0.8626
2018-08-06 10:30:00,0.855175
2018-08-07 10:30:00,0.7978375
2018-08-08 10:30:00,0.76058745
2018-08-09 10:30:00,0.6848124
2018-08-10 10:30:00,0.7156125
2018-08-11 10:30:00,0.8527375
2018-08-12 10:30:00,0.8543625
2018-08-13 10:30:00,0.943925
2018-08-14 10:30:00,0.9559125
2018-08-15 10:30:00,0.84085
2018-08-16 10:30:00,0.79891247
2018-08-17 10:30:00,0.8728375
2018-08-18 10:30:00,0.709625
2018-08-19 10:30:00,0.6969625
2018-08-20 10:30:00,0.7548125
2018-08-21 10:30:00,0.645225
2018-08-22 10:30:00,0.69834995
2018-08-23 10:30:00,0.70393753
2018-08-24 10:30:00,0.72428745
2018-08-25 10:30:00,0.9211875
2018-08-26 10:30:00,0.765925
2018-08-27 10:30:00,0.78288746
2018-08-28 10:30:00,0.9655
2018-08-29 10:30:00,0.88958746
2018-08-30 10:30:00,0.90327495
2018-08-31 10:30:00,0.7589
2018-09-01 10:30:00,0.7938375
2018-09-02 10:30:00,0.948925
2018-09-03 10:30:00,0.714625
2018-09-04 10:30:00,0.791425
2018-09-05 10:30:00,0.78575003
2018-09-06 10:30:00,0.59169996
2018-09-07 10:30:00,0.72499996
2018-09-08 10:30:00,0.685075
2018-09-09 10:30:00,0.7122375
2018-09-10 10:30:00,0.7601
2018-09-11 10:30:00,0.74843746
2018-09-12 10:30:00,0.6396625
2018-09-13 10:30:00,0.61525
2018-09-14 10:30:00,0.686975
2018-09-15 10:30:00,0.4919875
2018-09-16 10:30:00,0.5741875
2018-09-17 10:30:00,0.59182495
2018-09-18 10:30:00,0.66292495
2018-09-19 10:30:00,0.68285
2018-09-20 10:30:00,0.60709995
2018-09-21 10:30:00,0.6744625
2018-09-22 10:30:00,0.7432375
2018-09-23 10:30:00,0.703075
2018-09-24 10:30:00,0.6238375
2018-09-25 10:30:00,0.6105
2018-09-26 10:30:00,0.5778
2018-09-27 10:30:00,0.5250625
2018-09-28 10:30:00,0.88864994
2018-09-29 10:30:00,0.92385
2018-09-30 10:30:00,0.82621247
2018-10-01 10:30:00,0.5355875
2018-10-02 10:30:00,0.5986625
2018-10-03 10:30:00,0.58717495
2018-10-04 10:30:00,0.544975
2018-10-05 10:30:00,0.4039625
2018-10-06 10:30:00,0.5188375
2018-10-07 10:30:00,0.71933746
2018-10-08 10:30:00,0.57455003
2018-10-09 10:30:00,0.6658
2018-10-10 10:30:00,0.61443746
2018-10-11 10:30:00,0.4930625
2018-10-12 10:30:00,0.433675
2018-10-13 10:30:00,0.4421625
2018-10-14 10:30:00,0.4621875
2018-10-15 10:30:00,0.39368746
2018-10-16 10:30:00,0.41404998
2018-10-17 10:30:00,0.42035
2018-10-18 10:30:00,0.3707125
2018-10-19 10:30:00,0.43901247
2018-10-20 10:30:00,0.3666125
2018-10-21 10:30:00,0.6076625
2018-10-22 10:30:00,0.49099997
2018-10-23 10:30:00,0.654
2018-10-24 10:30:00,0.61967504
2018-10-25 10:30:00,0.8308375
2018-10-26 10:30:00,0.6802375
2018-10-27 10:30:00,0.47239998
2018-10-28 10:30:00,0.547675
2018-10-29 10:30:00,0.60627496
2018-10-30 10:30:00,0.5407875
2018-10-31 10:30:00,0.47135
2018-11-01 10:30:00,0.530325
2018-11-02 10:30:00,0.41035
2018-11-03 10:30:00,0.4707875
2018-11-04 10:30:00,0.5873875
2018-11-05 10:30:00,0.57783747
2018-11-06 10:30:00,0.51655
2018-11-07 10:30:00,0.55865
2018-11-08 10:30:00,0.6820875
2018-11-09 10:30:00,0.63072497
2018-11-10 10:30:00,0.54786247
2018-11-11 10:30:00,0.561625
2018-11-12 10:30:00,0.57619995
2018-11-13 10:30:00,0.70606244
2018-11-14 10:30:00,0.5854625
2018-11-15 10:30:00,0.41443747
2018-11-16 10:30:00,0.4323125
2018-11-17 10:30:00,0.592525
2018-11-18 10:30:00,0.501625
2018-11-19 10:30:00,0.561975
2018-11-20 10:30:00,0.5161375
2018-11-21 10:30:00,0.49952498
2018-11-22 10:30:00,0.46616247
2018-11-23 10:30:00,0.46182498
2018-11-24 10:30:00,0.46972498
2018-11-25 10:30:00,0.37752497
2018-11-26 10:30:00,0.35315
2018-11-27 10:30:00,0.4584875
2018-11-28 10:30:00,0.47895
2018-11-29 10:30:00,0.4784
2018-11-30 10:30:00,0.46513748
2018-12-01 10:30:00,0.41187498
2018-12-02 10:30:00,0.4068875
2018-12-03 10:30:00,0.4394625
2018-12-04 10:30:00,0.4683
2018-12-05 10:30:00,0.46871248
2018-12-06 10:30:00,0.42048752
2018-12-07 10:30:00,0.41378748
2018-12-08 10:30:00,0.4719625
2018-12-09 10:30:00,0.5681875
2018-12-10 10:30:00,0.5291375
2018-12-11 10:30:00,0.620875
2018-12-12 10:30:00,0.72679996
2018-12-13 10:30:00,0.5596875
2018-12-14 10:30:00,0.69423753
2018-12-15 10:30:00,0.5572
2018-12-16 10:30:00,0.6082875
2018-12-17 10:30:00,0.5081875
2018-12-18 10:30:00,0.6064375
2018-12-19 10:30:00,0.629875
2018-12-20 10:30:00,0.6911875
2018-12-21 10:30:00,0.667975
2018-12-22 10:30:00,0.39267498
2018-12-23 10:30:00,0.4061875
2018-12-24 10:30:00,0.467225
2018-12-25 10:30:00,0.38773748
2018-12-26 10:30:00,0.37583748
2018-12-27 10:30:00,0.39554998
2018-12-28 10:30:00,0.41432497
2018-12-29 10:30:00,0.410325
2018-12-30 10:30:00,0.455025
2018-12-31 10:30:00,0.42023748
2019-01-01 10:30:00,0.38185
2019-01-02 10:30:00,0.505575
2019-01-03 10:30:00,0.4707
2019-01-04 10:30:00,0.418675
2019-01-05 10:30:00,0.4364375
2019-01-06 10:30:00,0.51954997
2019-01-07 10:30:00,0.4581625
2019-01-08 10:30:00,0.3131875
2019-01-09 10:30:00,0.3810625
2019-01-10 10:30:00,0.58235
2019-01-11 10:30:00,0.576075
2019-01-12 10:30:00,0.6103875
2019-01-13 10:30:00,0.59222496
2019-01-14 10:30:00,0.471725
2019-01-15 10:30:00,0.398175
2019-01-16 10:30:00,0.4459125
2019-01-17 10:30:00,0.24469998
2019-01-18 10:30:00,0.45119998
2019-01-19 10:30:00,0.4923625
2019-01-20 10:30:00,0.47205
2019-01-21 10:30:00,0.46261248
2019-01-22 10:30:00,0.43806246
2019-01-23 10:30:00,0.3379
2019-01-24 10:30:00,0.4943125
2019-01-25 10:30:00,0.39486247
2019-01-26 10:30:00,0.3632625
2019-01-27 10:30:00,0.4811125
2019-01-28 10:30:00,0.46506247
2019-01-29 10:30:00,0.4238625
2019-01-30 10:30:00,0.43174997
2019-01-31 10:30:00,0.398025
2019-02-01 10:30:00,0.41592497
2019-02-02 10:30:00,0.39259997
2019-02-03 10:30:00,0.3883
2019-02-04 10:30:00,0.391725
2019-02-05 10:30:00,0.3796875
2019-02-06 10:30:00,0.3764375
2019-02-07 10:30:00,0.35593748
2019-02-08 10:30:00,0.37577498
2019-02-09 10:30:00,0.42423752
2019-02-10 10:30:00,0.4271875
2019-02-11 10:30:00,0.4009125
2019-02-12 10:30:00,0.33456248
2019-02-13 10:30:00,0.3172875
2019-02-14 10:30:00,0.2838
2019-02-15 10:30:00,0.29453748
2019-02-16 10:30:00,0.33915
2019-02-17 10:30:00,0.298225
2019-02-18 10:30:00,0.2280875
2019-02-19 10:30:00,0.29604998
2019-02-20 10:30:00,0.2955125
2019-02-21 10:30:00,0.380325
2019-02-22 10:30:00,0.4734375
2019-02-23 10:30:00,0.35736248
2019-02-24 10:30:00,0.403175
2019-02-25 10:30:00,0.509025
2019-02-26 10:30:00,0.44544998
2019-02-27 10:30:00,0.393925
2019-02-28 10:30:00,0.4012375
2019-03-01 10:30:00,0.35213748
2019-03-02 10:30:00,0.3574125
2019-03-03 10:30:00,0.3795625
2019-03-04 10:30:00,0.39834997
2019-03-05 10:30:00,0.505225
2019-03-06 10:30:00,0.3654375
2019-03-07 10:30:00,0.35018748
2019-03-08 10:30:00,0.298175
2019-03-09 10:30:00,0.323525
2019-03-10 10:30:00,0.31896248
2019-03-11 10:30:00,0.364875
2019-03-12 10:30:00,0.32125
2019-03-13 10:30:00,0.405
2019-03-14 10:30:00,0.47862497
2019-03-15 10:30:00,0.4306125
2019-03-16 10:30:00,0.4679875
2019-03-17 10:30:00,0.35994998
2019-03-18 10:30:00,0.302725
2019-03-19 10:30:00,0.3536375
2019-03-20 10:30:00,0.5665375
2019-03-21 10:30:00,0.35596249
2019-03-22 10:30:00,0.35152498
2019-03-23 10:30:00,0.27745
2019-03-24 10:30:00,0.33345002
2019-03-25 10:30:00,0.228525
2019-03-26 10:30:00,0.1734
2019-03-27 10:30:00,0.208025
2019-03-28 10:30:00,0.3245
2019-03-29 10:30:00,0.60026246
2019-03-30 10:30:00,0.34556252
2019-03-31 10:30:00,0.3362375
2019-04-01 10:30:00,0.3019125
2019-04-02 10:30:00,0.2207
2019-04-03 10:30:00,0.184575
2019-04-04 10:30:00,0.50455
2019-04-05 10:30:00,0.40556252
2019-04-06 10:30:00,0.498575
2019-04-07 10:30:00,0.54319996
2019-04-08 10:30:00,0.5014375
2019-04-09 10:30:00,0.34167498
2019-04-10 10:30:00,0.26569998
2019-04-11 10:30:00,0.263225
2019-04-12 10:30:00,0.1676625
2019-04-13 10:30:00,0.37713748
2019-04-14 10:30:00,0.32015
2019-04-15 10:30:00,0.1832875
2019-04-16 10:30:00,0.171475
2019-04-17 10:30:00,0.5622625
2019-04-18 10:30:00,0.310175
2019-04-19 10:30:00,0.19924998
2019-04-20 10:30:00,0.1775375
2019-04-21 10:30:00,0.2272375
2019-04-22 10:30:00,0.273575
2019-04-23 10:30:00,0.15671249
2019-04-24 10:30:00,0.296625
2019-04-25 10:30:00,0.2863125
2019-04-26 10:30:00,0.174025
2019-04-27 10:30:00,0.209225
2019-04-28 10:30:00,0.27565
2019-04-29 10:30:00,0.47292498
2019-04-30 10:30:00,0.256625
2019-05-01 10:30:00,0.259525
2019-05-02 10:30:00,0.24858749
2019-05-03 10:30:00,0.1956875
2019-05-04 10:30:00,0.5618375
2019-05-05 10:30:00,0.29748747
2019-05-06 10:30:00,0.2369625
2019-05-07 10:30:00,0.25196248
2019-05-08 10:30:00,0.2949
2019-05-09 10:30:00,0.35498747
2019-05-10 10:30:00,0.3213
2019-05-11 10:30:00,0.5093125
2019-05-12 10:30:00,0.650425
2019-05-13 10:30:00,0.71627504
2019-05-14 10:30:00,0.49801248
2019-05-15 10:30:00,0.5312375
2019-05-16 10:30:00,0.2919375
2019-05-17 10:30:00,0.24045
2019-05-18 10:30:00,0.176775
2019-05-19 10:30:00,0.66066253
2019-05-20 10:30:00,0.50084996
2019-05-21 10:30:00,0.490475
2019-05-22 10:30:00,0.4168125
2019-05-23 10:30:00,0.4782875
2019-05-24 10:30:00,0.300625
2019-05-25 10:30:00,0.6225
2019-05-26 10:30:00,0.52712494
2019-05-27 10:30:00,0.27355
2019-05-28 10:30:00,0.23251249
2019-05-29 10:30:00,0.3072
2019-05-30 10:30:00,0.62655
2019-05-31 10:30:00,0.6355875
2019-06-01 10:30:00,0.6101
2019-06-02 10:30:00,0.551075
2019-06-03 10:30:00,0.5330375
2019-06-04 10:30:00,0.5415875
2019-06-05 10:30:00,0.5298875
2019-06-06 10:30:00,0.6635625
2019-06-07 10:30:00,0.9226
2019-06-08 10:30:00,0.810075
2019-06-09 10:30:00,0.8082125
2019-06-10 10:30:00,0.68403745
2019-06-11 10:30:00,0.61631244
2019-06-12 10:30:00,0.74011254
2019-06-13 10:30:00,0.52568746
2019-06-14 10:30:00,0.69163746
2019-06-15 10:30:00,0.596575
2019-06-16 10:30:00,0.54865
2019-06-17 10:30:00,0.53783745
2019-06-18 10:30:00,0.58416253
2019-06-19 10:30:00,0.52682495
2019-06-20 10:30:00,0.60447496
2019-06-21 10:30:00,0.59435
2019-06-22 10:30:00,0.617925
2019-06-23 10:30:00,0.513325
2019-06-24 10:30:00,0.42779997
2019-06-25 10:30:00,0.8483875
2019-06-26 10:30:00,0.95565003
2019-06-27 10:30:00,0.8104249
2019-06-28 10:30:00,0.9355625
2019-06-29 10:30:00,0.858275
2019-06-30 10:30:00,0.730375
2019-07-01 10:30:00,0.637975
2019-07-02 10:30:00,0.6494125
2019-07-03 10:30:00,0.69418746
2019-07-04 10:30:00,0.825625
2019-07-05 10:30:00,0.89304996
2019-07-06 10:30:00,0.962825
2019-07-07 10:30:00,0.7560125
2019-07-08 10:30:00,0.75815
2019-07-09 10:30:00,0.793975
2019-07-10 10:30:00,0.745
2019-07-11 10:30:00,0.83467495
2019-07-12 10:30:00,0.8281375
2019-07-13 10:30:00,0.77792495
2019-07-14 10:30:00,0.80723745
2019-07-15 10:30:00,0.762975
2019-07-16 10:30:00,0.83635
2019-07-17 10:30:00,0.6046375
2019-07-18 10:30:00,0.66835
2019-07-19 10:30:00,0.78028744
2019-07-20 10:30:00,0.9069125
2019-07-21 10:30:00,0.721825
2019-07-22 10:30:00,0.72357494
2019-07-23 10:30:00,0.92639995
2019-07-24 10:30:00,0.90657496
2019-07-25 10:30:00,0.794175
2019-07-26 10:30:00,0.703825
2019-07-27 10:30:00,0.88552505
2019-07-28 10:30:00,0.7505875
2019-07-29 10:30:00,0.76374996
2019-07-30 10:30:00,0.83898747
2019-07-31 10:30:00,0.7578875
2019-08-01 10:30:00,0.776275
2019-08-02 10:30:00,0.7906625
2019-08-03 10:30:00,0.776125
2019-08-04 10:30:00,0.71418744
2019-08-05 10:30:00,0.79945
2019-08-06 10:30:00,0.92961246
2019-08-07 10:30:00,0.9133
2019-08-08 10:30:00,0.87953746
2019-08-09 10:30:00,0.8757125
2019-08-10 10:30:00,0.91069996
2019-08-11 10:30:00,0.90456253
2019-08-12 10:30:00,0.8488624
2019-08-13 10:30:00,0.7725499
2019-08-14 10:30:00,0.70555
2019-08-15 10:30:00,0.78122497
2019-08-16 10:30:00,0.801875
2019-08-17 10:30:00,0.73691255
2019-08-18 10:30:00,0.82476246
2019-08-19 10:30:00,0.8106875
2019-08-20 10:30:00,0.869675
2019-08-21 10:30:00,0.72265
2019-08-22 10:30:00,0.841025
2019-08-23 10:30:00,0.83107495
2019-08-24 10:30:00,0.83928746
2019-08-25 10:30:00,0.869475
2019-08-26 10:30:00,0.8794
2019-08-27 10:30:00,0.76006246
2019-08-28 10:30:00,0.8327625
2019-08-29 10:30:00,0.797675
2019-08-30 10:30:00,0.7192624
2019-08-31 10:30:00,0.7164375
2019-09-01 10:30:00,0.66381246
2019-09-02 10:30:00,0.761425
2019-09-03 10:30:00,0.6929125
2019-09-04 10:30:00,0.5159875
2019-09-05 10:30:00,0.604
2019-09-06 10:30:00,0.78771245
2019-09-07 10:30:00,0.707275
2019-09-08 10:30:00,0.5629625
2019-09-09 10:30:00,0.5807125
2019-09-10 10:30:00,0.6462625
2019-09-11 10:30:00,0.6403499
2019-09-12 10:30:00,0.5455375
2019-09-13 10:30:00,0.6325125
2019-09-14 10:30:00,0.60412496
2019-09-15 10:30:00,0.464775
2019-09-16 10:30:00,0.5361375
2019-09-17 10:30:00,0.60951245
2019-09-18 10:30:00,0.47195
2019-09-19 10:30:00,0.7187375
2019-09-20 10:30:00,0.7474125
2019-09-21 10:30:00,0.6398875
2019-09-22 10:30:00,0.6407875
2019-09-23 10:30:00,0.4465
2019-09-24 10:30:00,0.5387125
2019-09-25 10:30:00,0.5617125
2019-09-26 10:30:00,0.45393747
2019-09-27 10:30:00,0.32521248
2019-09-28 10:30:00,0.3825
2019-09-29 10:30:00,0.454
2019-09-30 10:30:00,0.59538746
2019-10-01 10:30:00,0.50168747
2019-10-02 10:30:00,0.723
2019-10-03 10:30:00,0.73489994
2019-10-04 10:30:00,0.518775
2019-10-05 10:30:00,0.5536375
2019-10-06 10:30:00,0.4297375
2019-10-07 10:30:00,0.52367496
2019-10-08 10:30:00,0.60601246
2019-10-09 10:30:00,0.4379
2019-10-10 10:30:00,0.41415
2019-10-11 10:30:00,0.4359125
2019-10-12 10:30:00,0.45584998
2019-10-13 10:30:00,0.41483748
2019-10-14 10:30:00,0.29005
2019-10-15 10:30:00,0.36741248
2019-10-16 10:30:00,0.49099997
2019-10-17 10:30:00,0.4271875
2019-10-18 10:30:00,0.497825
2019-10-19 10:30:00,0.6009875
2019-10-20 10:30:00,0.61267495
2019-10-21 10:30:00,0.3986
2019-10-22 10:30:00,0.54405004
2019-10-23 10:30:00,0.46765
2019-10-24 10:30:00,0.8381375
2019-10-25 10:30:00,0.631875
2019-10-26 10:30:00,0.67012495
2019-10-27 10:30:00,0.65855
2019-10-28 10:30:00,0.64231247
2019-10-29 10:30:00,0.557625
2019-10-30 10:30:00,0.5283625
2019-10-31 10:30:00,0.3750375
2019-11-01 10:30:00,0.4107
2019-11-02 10:30:00,0.46756247
2019-11-03 10:30:00,0.58827496
2019-11-04 10:30:00,0.4588
2019-11-05 10:30:00,0.41986248
2019-11-06 10:30:00,0.54735
2019-11-07 10:30:00,0.5110875
2019-11-08 10:30:00,0.5868125
2019-11-09 10:30:00,0.68332505
2019-11-10 10:30:00,0.57625
2019-11-11 10:30:00,0.3674875
2019-11-12 10:30:00,0.7011125
2019-11-13 10:30:00,0.57240003
2019-11-14 10:30:00,0.6369875
2019-11-15 10:30:00,0.61167496
2019-11-16 10:30:00,0.5711
2019-11-17 10:30:00,0.625975
2019-11-18 10:30:00,0.484875
2019-11-19 10:30:00,0.5139875
2019-11-20 10:30:00,0.6016125
2019-11-21 10:30:00,0.62
2019-11-22 10:30:00,0.583875
2019-11-23 10:30:00,0.4617625
2019-11-24 10:30:00,0.5114625
2019-11-25 10:30:00,0.47158748
2019-11-26 10:30:00,0.498225
2019-11-27 10:30:00,0.46735
2019-11-28 10:30:00,0.52245
2019-11-29 10:30:00,0.59521246
2019-11-30 10:30:00,0.650325
2019-12-01 10:30:00,0.54434997
2019-12-02 10:30:00,0.49226248
2019-12-03 10:30:00,0.41715
2019-12-04 10:30:00,0.451275
2019-12-05 10:30:00,0.46526247
2019-12-06 10:30:00,0.5464625
2019-12-07 10:30:00,0.628375
2019-12-08 10:30:00,0.7384375
2019-12-09 10:30:00,0.68050003
2019-12-10 10:30:00,0.67099994
2019-12-11 10:30:00,0.6122625
2019-12-12 10:30:00,0.66144997
2019-12-13 10:30:00,0.5926125
2019-12-14 10:30:00,0.5448
2019-12-15 10:30:00,0.6723375
2019-12-16 10:30:00,0.6047625
2019-12-17 10:30:00,0.5539
2019-12-18 10:30:00,0.5731625
2019-12-19 10:30:00,0.578
2019-12-20 10:30:00,0.6096375
2019-12-21 10:30:00,0.62565
2019-12-22 10:30:00,0.62312496
2019-12-23 10:30:00,0.5896125
2019-12-24 10:30:00,0.66529995
2019-12-25 10:30:00,0.58994997
2019-12-26 10:30:00,0.5715375
2019-12-27 10:30:00,0.61698747
2019-12-28 10:30:00,0.6800875
2019-12-29 10:30:00,0.6317
2019-12-30 10:30:00,0.4862625
2019-12-31 10:30:00,0.4837625
2020-01-01 10:30:00,0.58086246
2020-01-02 10:30:00,0.5266625
2020-01-03 10:30:00,0.5724125
2020-01-04 10:30:00,0.6245875
2020-01-05 10:30:00,0.7280125
2020-01-06 10:30:00,0.74772495
2020-01-07 10:30:00,0.6916125
2020-01-08 10:30:00,0.62495
2020-01-09 10:30:00,0.69146246
2020-01-10 10:30:00,0.589275
2020-01-11 10:30:00,0.61274993
2020-01-12 10:30:00,0.5294375
2020-01-13 10:30:00,0.64379996
2020-01-14 10:30:00,0.6521375
2020-01-15 10:30:00,0.601075
2020-01-16 10:30:00,0.595275
2020-01-17 10:30:00,0.6721625
2020-01-18 10:30:00,0.735325
2020-01-19 10:30:00,0.68271244
2020-01-20 10:30:00,0.626475
2020-01-21 10:30:00,0.554375
2020-01-22 10:30:00,0.58121246
2020-01-23 10:30:00,0.51756245
2020-01-24 10:30:00,0.6164
2020-01-25 10:30:00,0.63761246
2020-01-26 10:30:00,0.6500125
2020-01-27 10:30:00,0.6916125
2020-01-28 10:30:00,0.66792494
2020-01-29 10:30:00,0.7098749
2020-01-30 10:30:00,0.720325
2020-01-31 10:30:00,0.586325
2020-02-01 10:30:00,0.46109998
2020-02-02 10:30:00,0.5393625
2020-02-03 10:30:00,0.51084995
2020-02-04 10:30:00,0.47185
2020-02-05 10:30:00,0.5186875
2020-02-06 10:30:00,0.458425
2020-02-07 10:30:00,0.62325
2020-02-08 10:30:00,0.6256125
2020-02-09 10:30:00,0.606475
2020-02-10 10:30:00,0.7046375
2020-02-11 10:30:00,0.58151245
2020-02-12 10:30:00,0.72185
2020-02-13 10:30:00,0.7908
2020-02-14 10:30:00,0.6032875
2020-02-15 10:30:00,0.56203747
2020-02-16 10:30:00,0.56404996
2020-02-17 10:30:00,0.5047625
2020-02-18 10:30:00,0.530425
2020-02-19 10:30:00,0.5693
2020-02-20 10:30:00,0.6091
2020-02-21 10:30:00,0.74253744
2020-02-22 10:30:00,0.6001
2020-02-23 10:30:00,0.6255
2020-02-24 10:30:00,0.575075
2020-02-25 10:30:00,0.6015125
2020-02-26 10:30:00,0.578425
2020-02-27 10:30:00,0.4816
2020-02-28 10:30:00,0.569875
2020-02-29 10:30:00,0.5959125
2020-03-01 10:30:00,0.6803875
2020-03-02 10:30:00,0.601825
2020-03-03 10:30:00,0.7422625
2020-03-04 10:30:00,0.600375
2020-03-05 10:30:00,0.5799375
2020-03-06 10:30:00,0.6387875
2020-03-07 10:30:00,0.56092495
2020-03-08 10:30:00,0.4952875
2020-03-09 10:30:00,0.36491248
2020-03-10 10:30:00,0.6200875
2020-03-11 10:30:00,0.500475
2020-03-12 10:30:00,0.31498748
2020-03-13 10:30:00,0.58867496
2020-03-14 10:30:00,0.4260875
2020-03-15 10:30:00,0.3175375
2020-03-16 10:30:00,0.48959997
2020-03-17 10:30:00,0.4859125
2020-03-18 10:30:00,0.5050375
2020-03-19 10:30:00,0.43625
2020-03-20 10:30:00,0.431575
2020-03-21 10:30:00,0.390875
2020-03-22 10:30:00,0.5677875
2020-03-23 10:30:00,0.47323748
2020-03-24 10:30:00,0.36064997
2020-03-25 10:30:00,0.30635
2020-03-26 10:30:00,0.3188125
2020-03-27 10:30:00,0.3871125
2020-03-28 10:30:00,0.37862498
2020-03-29 10:30:00,0.3501625
2020-03-30 10:30:00,0.26076248
2020-03-31 10:30:00,0.28564999
2020-04-01 10:30:00,0.23396249
2020-04-02 10:30:00,0.262575
2020-04-03 10:30:00,0.2174875
2020-04-04 10:30:00,0.2797875
2020-04-05 10:30:00,0.279575
2020-04-06 10:30:00,0.2737
2020-04-07 10:30:00,0.37716252
2020-04-08 10:30:00,0.362475
2020-04-09 10:30:00,0.3557
2020-04-10 10:30:00,0.2328375
2020-04-11 10:30:00,0.22883749
2020-04-12 10:30:00,0.21751249
2020-04-13 10:30:00,0.2533875
2020-04-14 10:30:00,0.3197375
2020-04-15 10:30:00,0.314825
2020-04-16 10:30:00,0.32523748
2020-04-17 10:30:00,0.333025
2020-04-18 10:30:00,0.21421249
2020-04-19 10:30:00,0.6088
2020-04-20 10:30:00,0.67120004
2020-04-21 10:30:00,0.62425
2020-04-22 10:30:00,0.41849998
2020-04-23 10:30:00,0.45209998
2020-04-24 10:30:00,0.7526875
2020-04-25 10:30:00,0.68432504
2020-04-26 10:30:00,0.43956247
2020-04-27 10:30:00,0.4025875
2020-04-28 10:30:00,0.5897625
2020-04-29 10:30:00,0.516525
2020-04-30 10:30:00,0.35369998
2020-05-01 10:30:00,0.31555
2020-05-02 10:30:00,0.46862498
2020-05-03 10:30:00,0.73737496
2020-05-04 10:30:00,0.548175
2020-05-05 10:30:00,0.51224995
2020-05-06 10:30:00,0.292275
2020-05-07 10:30:00,0.44849998
2020-05-08 10:30:00,0.2607
2020-05-09 10:30:00,0.46862498
2020-05-10 10:30:00,0.487025
2020-05-11 10:30:00,0.4680375
2020-05-12 10:30:00,0.4213
2020-05-13 10:30:00,0.3465375
2020-05-14 10:30:00,0.2816625
2020-05-15 10:30:00,0.4111
2020-05-16 10:30:00,0.76168746
2020-05-17 10:30:00,0.3372375
2020-05-18 10:30:00,0.48162496
2020-05-19 10:30:00,0.48092496
2020-05-20 10:30:00,0.844525
2020-05-21 10:30:00,0.6499375
2020-05-22 10:30:00,0.6425125
2020-05-23 10:30:00,0.736825
2020-05-24 10:30:00,0.463825
2020-05-25 10:30:00,0.48991248
2020-05-26 10:30:00,0.559
2020-05-27 10:30:00,0.4731375
2020-05-28 10:30:00,0.461575
2020-05-29 10:30:00,0.51936245
2020-05-30 10:30:00,0.52169997
2020-05-31 10:30:00,0.6845875
2020-06-01 10:30:00,0.493125
2020-06-02 10:30:00,0.6353625
2020-06-03 10:30:00,0.7054125
2020-06-04 10:30:00,0.555375
2020-06-05 10:30:00,0.52717495
2020-06-06 10:30:00,0.6433
2020-06-07 10:30:00,0.67495
2020-06-08 10:30:00,0.597075
2020-06-09 10:30:00,0.48444998
2020-06-10 10:30:00,0.58888745
2020-06-11 10:30:00,0.5157125
2020-06-12 10:30:00,0.61483747
2020-06-13 10:30:00,0.64371246
2020-06-14 10:30:00,0.490775
2020-06-15 10:30:00,0.571375
2020-06-16 10:30:00,0.51678747
2020-06-17 10:30:00,0.63827497
2020-06-18 10:30:00,0.69705
2020-06-19 10:30:00,0.797525
2020-06-20 10:30:00,0.7789375
2020-06-21 10:30:00,0.58905
2020-06-22 10:30:00,0.76606244
2020-06-23 10:30:00,0.866425
2020-06-24 10:30:00,0.757825
2020-06-25 10:30:00,0.6846375
2020-06-26 10:30:00,0.65305
2020-06-27 10:30:00,0.6296875
2020-06-28 10:30:00,0.6662375
2020-06-29 10:30:00,0.7862625
2020-06-30 10:30:00,0.7527
2020-07-01 10:30:00,0.6657125
2020-07-02 10:30:00,0.6293375
2020-07-03 10:30:00,0.74386245
2020-07-04 10:30:00,0.707225
2020-07-05 10:30:00,0.7192375
2020-07-06 10:30:00,0.67482495
2020-07-07 10:30:00,0.6254125
2020-07-08 10:30:00,0.6343
2020-07-09 10:30:00,0.61415
2020-07-10 10:30:00,0.604275
2020-07-11 10:30:00,0.67375
2020-07-12 10:30:00,0.700125
2020-07-13 10:30:00,0.65955
2020-07-14 10:30:00,0.58841246
2020-07-15 10:30:00,0.61701244
2020-07-16 10:30:00,0.675775
2020-07-17 10:30:00,0.783125
2020-07-18 10:30:00,0.84569997
2020-07-19 10:30:00,0.7136875
2020-07-20 10:30:00,0.6002875
2020-07-21 10:30:00,0.54631245
2020-07-22 10:30:00,0.6661625
2020-07-23 10:30:00,0.6176125
2020-07-24 10:30:00,0.61
2020-07-25 10:30:00,0.7275125
2020-07-26 10:30:00,0.63519996
2020-07-27 10:30:00,0.66963744
2020-07-28 10:30:00,0.87513745
2020-07-29 10:30:00,0.91989994
2020-07-30 10:30:00,0.8124
2020-07-31 10:30:00,0.73485
2020-08-01 10:30:00,0.71437496
2020-08-02 10:30:00,0.809075
2020-08-03 10:30:00,0.77877504
2020-08-04 10:30:00,0.836425
2020-08-05 10:30:00,0.85985
2020-08-06 10:30:00,0.82997495
2020-08-07 10:30:00,0.8374375
2020-08-08 10:30:00,0.78921247
2020-08-09 10:30:00,0.7703125
2020-08-10 10:30:00,0.75746244
2020-08-11 10:30:00,0.7272125
2020-08-12 10:30:00,0.66231245
2020-08-13 10:30:00,0.7389875
2020-08-14 10:30:00,0.87292504
2020-08-15 10:30:00,0.72275
2020-08-16 10:30:00,0.80375
2020-08-17 10:30:00,0.8939
2020-08-18 10:30:00,0.71257496
2020-08-19 10:30:00,0.71325
2020-08-20 10:30:00,0.727225
2020-08-21 10:30:00,0.72991246
2020-08-22 10:30:00,0.7570625
2020-08-23 10:30:00,0.809475
2020-08-24 10:30:00,0.76621246
2020-08-25 10:30:00,0.751175
2020-08-26 10:30:00,0.6742375
2020-08-27 10:30:00,0.5859
2020-08-28 10:30:00,0.78784996
2020-08-29 10:30:00,0.818925
2020-08-30 10:30:00,0.782275
2020-08-31 10:30:00,0.7372375
2020-09-01 10:30:00,0.7721499
2020-09-02 10:30:00,0.736775
2020-09-03 10:30:00,0.7125375
2020-09-04 10:30:00,0.6535375
2020-09-05 10:30:00,0.760125
2020-09-06 10:30:00,0.7415875
2020-09-07 10:30:00,0.7655375
2020-09-08 10:30:00,0.5867375
2020-09-09 10:30:00,0.47687498
2020-09-10 10:30:00,0.6531624
2020-09-11 10:30:00,0.74944997
2020-09-12 10:30:00,0.746675
2020-09-13 10:30:00,0.73951244
2020-09-14 10:30:00,0.6065625
2020-09-15 10:30:00,0.602475
2020-09-16 10:30:00,0.89466244
2020-09-17 10:30:00,0.7356875
2020-09-18 10:30:00,0.6992875
2020-09-19 10:30:00,0.6872875
2020-09-20 10:30:00,0.73765
2020-09-21 10:30:00,0.7553
2020-09-22 10:30:00,0.73035
2020-09-23 10:30:00,0.61175
2020-09-24 10:30:00,0.69058746
2020-09-25 10:30:00,0.709725
2020-09-26 10:30:00,0.76839995
2020-09-27 10:30:00,0.5253125
2020-09-28 10:30:00,0.5817625
2020-09-29 10:30:00,0.66765
2020-09-30 10:30:00,0.6909625
2020-10-01 10:30:00,0.8882875
2020-10-02 10:30:00,0.6354125
2020-10-03 10:30:00,0.6627625
2020-10-04 10:30:00,0.64051247
2020-10-05 10:30:00,0.65552497
2020-10-06 10:30:00,0.6142375
2020-10-07 10:30:00,0.624
2020-10-08 10:30:00,0.564575
2020-10-09 10:30:00,0.7229125
2020-10-10 10:30:00,0.43896246
2020-10-11 10:30:00,0.51145
2020-10-12 10:30:00,0.504475
2020-10-13 10:30:00,0.639675
2020-10-14 10:30:00,0.502225
2020-10-15 10:30:00,0.44187498
2020-10-16 10:30:00,0.5476125
2020-10-17 10:30:00,0.534925
2020-10-18 10:30:00,0.500975
2020-10-19 10:30:00,0.5173375
2020-10-20 10:30:00,0.3800375
2020-10-21 10:30:00,0.5963625
2020-10-22 10:30:00,0.5029
2020-10-23 10:30:00,0.4973625
2020-10-24 10:30:00,0.4981375
2020-10-25 10:30:00,0.63285
2020-10-26 10:30:00,0.5371875
2020-10-27 10:30:00,0.5123875
2020-10-28 10:30:00,0.4779
2020-10-29 10:30:00,0.61443746
2020-10-30 10:30:00,0.37653747
2020-10-31 10:30:00,0.56364995
2020-11-01 10:30:00,0.53424996
2020-11-02 10:30:00,0.4350875
2020-11-03 10:30:00,0.4101125
2020-11-04 10:30:00,0.54026246
2020-11-05 10:30:00,0.505375
2020-11-06 10:30:00,0.576225
2020-11-07 10:30:00,0.6159
2020-11-08 10:30:00,0.5729375
2020-11-09 10:30:00,0.582075
2020-11-10 10:30:00,0.6378125
2020-11-11 10:30:00,0.540875
2020-11-12 10:30:00,0.5738625
2020-11-13 10:30:00,0.5295875
2020-11-14 10:30:00,0.47637498
2020-11-15 10:30:00,0.51145
2020-11-16 10:30:00,0.57502496
2020-11-17 10:30:00,0.6877125
2020-11-18 10:30:00,0.5479
2020-11-19 10:30:00,0.4137125
2020-11-20 10:30:00,0.5157125
2020-11-21 10:30:00,0.54931253
2020-11-22 10:30:00,0.5883
2020-11-23 10:30:00,0.6775
2020-11-24 10:30:00,0.698125
2020-11-25 10:30:00,0.51836246
2020-11-26 10:30:00,0.5464375
2020-11-27 10:30:00,0.506775
2020-11-28 10:30:00,0.5436875
2020-11-29 10:30:00,0.5632875
2020-11-30 10:30:00,0.5749375
2020-12-01 10:30:00,0.6050875
2020-12-02 10:30:00,0.57014996
2020-12-03 10:30:00,0.5493375
2020-12-04 10:30:00,0.5453625
2020-12-05 10:30:00,0.60711247
2020-12-06 10:30:00,0.571
2020-12-07 10:30:00,0.5175
2020-12-08 10:30:00,0.529225
2020-12-09 10:30:00,0.49801248
2020-12-10 10:30:00,0.538625
2020-12-11 10:30:00,0.51261246
2020-12-12 10:30:00,0.5151375
2020-12-13 10:30:00,0.47505
2020-12-14 10:30:00,0.43666247
2020-12-15 10:30:00,0.40642497
2020-12-16 10:30:00,0.5145875
2020-12-17 10:30:00,0.4944625
2020-12-18 10:30:00,0.4073875
2020-12-19 10:30:00,0.548925
2020-12-20 10:30:00,0.520475
2020-12-21 10:30:00,0.459775
2020-12-22 10:30:00,0.59848744
2020-12-23 10:30:00,0.64895
2020-12-24 10:30:00,0.5607875
2020-12-25 10:30:00,0.5937875
2020-12-26 10:30:00,0.7339375
2020-12-27 10:30:00,0.574075
2020-12-28 10:30:00,0.52279997
2020-12-29 10:30:00,0.474475
2020-12-30 10:30:00,0.52666247
2020-12-31 10:30:00,0.45479998
2021-01-01 10:30:00,0.49404997
2021-01-02 10:30:00,0.522025
2021-01-03 10:30:00,0.510425
2021-01-04 10:30:00,0.5065625
2021-01-05 10:30:00,0.5056375
2021-01-06 10:30:00,0.4339
2021-01-07 10:30:00,0.49052498
2021-01-08 10:30:00,0.488075
2021-01-09 10:30:00,0.54580003
2021-01-10 10:30:00,0.53379995
2021-01-11 10:30:00,0.5914125
2021-01-12 10:30:00,0.74137497
2021-01-13 10:30:00,0.5425375
2021-01-14 10:30:00,0.58156246
2021-01-15 10:30:00,0.543125
2021-01-16 10:30:00,0.6021125
2021-01-17 10:30:00,0.5463375
2021-01-18 10:30:00,0.4195125
2021-01-19 10:30:00,0.5951875
2021-01-20 10:30:00,0.59631246
2021-01-21 10:30:00,0.6361875
2021-01-22 10:30:00,0.6220875
2021-01-23 10:30:00,0.61064994
2021-01-24 10:30:00,0.662575
2021-01-25 10:30:00,0.6525875
2021-01-26 10:30:00,0.53138745
2021-01-27 10:30:00,0.5335125
2021-01-28 10:30:00,0.4900375
2021-01-29 10:30:00,0.61095
2021-01-30 10:30:00,0.57689995
2021-01-31 10:30:00,0.69339997
2021-02-01 10:30:00,0.53305
2021-02-02 10:30:00,0.496775
2021-02-03 10:30:00,0.52825
2021-02-04 10:30:00,0.639925
2021-02-05 10:30:00,0.598375
2021-02-06 10:30:00,0.5724875
2021-02-07 10:30:00,0.559075
2021-02-08 10:30:00,0.61917496
2021-02-09 10:30:00,0.5569125
2021-02-10 10:30:00,0.6028875
2021-02-11 10:30:00,0.6040375
2021-02-12 10:30:00,0.46522498
2021-02-13 10:30:00,0.506325
2021-02-14 10:30:00,0.47512498
2021-02-15 10:30:00,0.4344625
2021-02-16 10:30:00,0.489775
2021-02-17 10:30:00,0.40568748
2021-02-18 10:30:00,0.52131253
2021-02-19 10:30:00,0.4985875
2021-02-20 10:30:00,0.53881246
2021-02-21 10:30:00,0.6490375
2021-02-22 10:30:00,0.536675
2021-02-23 10:30:00,0.58502495
2021-02-24 10:30:00,0.5717625
2021-02-25 10:30:00,0.58335
2021-02-26 10:30:00,0.63395
2021-02-27 10:30:00,0.54666245
2021-02-28 10:30:00,0.39311248
2021-03-01 10:30:00,0.5826625
2021-03-02 10:30:00,0.579775
2021-03-03 10:30:00,0.68716246
2021-03-04 10:30:00,0.5028
2021-03-05 10:30:00,0.379625
2021-03-06 10:30:00,0.405475
2021-03-07 10:30:00,0.46234998
2021-03-08 10:30:00,0.4339125
2021-03-09 10:30:00,0.31138748
2021-03-10 10:30:00,0.414775
2021-03-11 10:30:00,0.42333746
2021-03-12 10:30:00,0.43375
2021-03-13 10:30:00,0.4122375
2021-03-14 10:30:00,0.3197875
2021-03-15 10:30:00,0.4380875
2021-03-16 10:30:00,0.281775
2021-03-17 10:30:00,0.43635
2021-03-18 10:30:00,0.379775
2021-03-19 10:30:00,0.6216625
2021-03-20 10:30:00,0.7459625
2021-03-21 10:30:00,0.599075
2021-03-22 10:30:00,0.49509996
2021-03-23 10:30:00,0.46369997
2021-03-24 10:30:00,0.44362497
2021-03-25 10:30:00,0.4546125
2021-03-26 10:30:00,0.708825
2021-03-27 10:30:00,0.39849997
2021-03-28 10:30:00,0.47187498
2021-03-29 10:30:00,0.47933748
2021-03-30 10:30:00,0.354375
2021-03-31 10:30:00,0.41612497
2021-04-01 10:30:00,0.3604375
2021-04-02 10:30:00,0.37315002
2021-04-03 10:30:00,0.3698875
2021-04-04 10:30:00,0.34411252
2021-04-05 10:30:00,0.3575875
2021-04-06 10:30:00,0.2671125
2021-04-07 10:30:00,0.3461375
2021-04-08 10:30:00,0.3980375
2021-04-09 10:30:00,0.2841375
2021-04-10 10:30:00,0.2364
2021-04-11 10:30:00,0.40381247
2021-04-12 10:30:00,0.44085
2021-04-13 10:30:00,0.41783747
2021-04-14 10:30:00,0.4173125
2021-04-15 10:30:00,0.6497125
2021-04-16 10:30:00,0.75734997
2021-04-17 10:30:00,0.5553375
2021-04-18 10:30:00,0.40943748
2021-04-19 10:30:00,0.2925
2021-04-20 10:30:00,0.29955
2021-04-21 10:30:00,0.30136248
2021-04-22 10:30:00,0.4786125
2021-04-23 10:30:00,0.52384996
2021-04-24 10:30:00,0.28105
2021-04-25 10:30:00,0.2447125
2021-04-26 10:30:00,0.2857
2021-04-27 10:30:00,0.37939999
2021-04-28 10:30:00,0.3191625
2021-04-29 10:30:00,0.40809998
2021-04-30 10:30:00,0.72177494
2021-05-01 10:30:00,0.59335
2021-05-02 10:30:00,0.2683375
2021-05-03 10:30:00,0.3941875
2021-05-04 10:30:00,0.4339875
2021-05-05 10:30:00,0.60886246
2021-05-06 10:30:00,0.357925
2021-05-07 10:30:00,0.6606749
2021-05-08 10:30:00,0.54122496
2021-05-09 10:30:00,0.47916248
2021-05-10 10:30:00,0.43845
2021-05-11 10:30:00,0.4576625
2021-05-12 10:30:00,0.503775
2021-05-13 10:30:00,0.31931248
2021-05-14 10:30:00,0.3006
2021-05-15 10:30:00,0.41454998
2021-05-16 10:30:00,0.30485
2021-05-17 10:30:00,0.41197497
2021-05-18 10:30:00,0.481725
2021-05-19 10:30:00,0.5723875
2021-05-20 10:30:00,0.5620125
2021-05-21 10:30:00,0.3868125
2021-05-22 10:30:00,0.29378748
2021-05-23 10:30:00,0.41665
2021-05-24 10:30:00,0.58362496
2021-05-25 10:30:00,0.4122625
2021-05-26 10:30:00,0.562675
2021-05-27 10:30:00,0.70684993
2021-05-28 10:30:00,0.6423375
2021-05-29 10:30:00,0.5632
2021-05-30 10:30:00,0.6641375
2021-05-31 10:30:00,0.57937497
2021-06-01 10:30:00,0.52381253
2021-06-02 10:30:00,0.4893125
2021-06-03 10:30:00,0.654725
2021-06-04 10:30:00,0.6392375
2021-06-05 10:30:00,0.7092375
2021-06-06 10:30:00,0.559475
2021-06-07 10:30:00,0.6013375
2021-06-08 10:30:00,0.686075
2021-06-09 10:30:00,0.63467497
2021-06-10 10:30:00,0.54816246
2021-06-11 10:30:00,0.52725
2021-06-12 10:30:00,0.5839875
2021-06-13 10:30:00,0.632225
2021-06-14 10:30:00,0.7583125
2021-06-15 10:30:00,0.62342495
2021-06-16 10:30:00,0.6381625
2021-06-17 10:30:00,0.4344375
2021-06-18 10:30:00,0.57572496
2021-06-19 10:30:00,0.6188375
2021-06-20 10:30:00,0.8164375
2021-06-21 10:30:00,0.73971254
2021-06-22 10:30:00,0.7108875
2021-06-23 10:30:00,0.70757496
2021-06-24 10:30:00,0.626525
2021-06-25 10:30:00,0.65725
2021-06-26 10:30:00,0.76324993
2021-06-27 10:30:00,0.74403745
2021-06-28 10:30:00,0.67286247
2021-06-29 10:30:00,0.722425
2021-06-30 10:30:00,0.80122495
2021-07-01 10:30:00,0.8405
2021-07-02 10:30:00,0.90675
2021-07-03 10:30:00,0.8375125
2021-07-04 10:30:00,0.794925
2021-07-05 10:30:00,0.7222875
2021-07-06 10:30:00,0.61658746
2021-07-07 10:30:00,0.74604994
2021-07-08 10:30:00,0.87562495
2021-07-09 10:30:00,0.806275
2021-07-10 10:30:00,0.77979994
2021-07-11 10:30:00,0.70796245
2021-07-12 10:30:00,0.7613375
2021-07-13 10:30:00,0.91467494
2021-07-14 10:30:00,0.79749995
2021-07-15 10:30:00,0.8408
2021-07-16 10:30:00,0.4914375
2021-07-17 10:30:00,0.875775
2021-07-18 10:30:00,0.89275
2021-07-19 10:30:00,0.74315
2021-07-20 10:30:00,0.67161244
2021-07-21 10:30:00,0.78441244
2021-07-22 10:30:00,0.8968125
2021-07-23 10:30:00,0.86114997
2021-07-24 10:30:00,0.8043875
2021-07-25 10:30:00,0.6872
2021-07-26 10:30:00,0.9536875
2021-07-27 10:30:00,0.8845125
2021-07-28 10:30:00,0.7860125
2021-07-29 10:30:00,0.78999996
2021-07-30 10:30:00,0.7371375
2021-07-31 10:30:00,0.8088875
2021-08-01 10:30:00,0.8386125
2021-08-02 10:30:00,0.7300625
2021-08-03 10:30:00,0.6785
2021-08-04 10:30:00,0.87216246
2021-08-05 10:30:00,0.7675875
2021-08-06 10:30:00,0.7719875
2021-08-07 10:30:00,0.7686375
2021-08-08 10:30:00,0.80144995
2021-08-09 10:30:00,0.7817375
2021-08-10 10:30:00,0.94458747
2021-08-11 10:30:00,0.86065
2021-08-12 10:30:00,0.85365
2021-08-13 10:30:00,0.79973745
2021-08-14 10:30:00,0.8681375
2021-08-15 10:30:00,0.7916874
2021-08-16 10:30:00,0.83375
2021-08-17 10:30:00,0.75909996
2021-08-18 10:30:00,0.7587125
2021-08-19 10:30:00,0.8646875
2021-08-20 10:30:00,0.7372875
2021-08-21 10:30:00,0.6918875
2021-08-22 10:30:00,0.6949125
2021-08-23 10:30:00,0.7532
2021-08-24 10:30:00,0.76989996
2021-08-25 10:30:00,0.90895
2021-08-26 10:30:00,0.8880625
2021-08-27 10:30:00,0.752425
2021-08-28 10:30:00,0.72145
2021-08-29 10:30:00,0.7169
2021-08-30 10:30:00,0.6307125
2021-08-31 10:30:00,0.70988744
2021-09-01 10:30:00,0.7895375
2021-09-02 10:30:00,0.7744
2021-09-03 10:30:00,0.7966625
2021-09-04 10:30:00,0.828375
2021-09-05 10:30:00,0.85793746
2021-09-06 10:30:00,0.8961
2021-09-07 10:30:00,0.73851246
2021-09-08 10:30:00,0.89599997
2021-09-09 10:30:00,0.80051255
2021-09-10 10:30:00,0.7017125
2021-09-11 10:30:00,0.769525
2021-09-12 10:30:00,0.781325
2021-09-13 10:30:00,0.73144996
2021-09-14 10:30:00,0.7399375
2021-09-15 10:30:00,0.79499996
2021-09-16 10:30:00,0.6586125
2021-09-17 10:30:00,0.70476246
2021-09-18 10:30:00,0.69792503
2021-09-19 10:30:00,0.889
2021-09-20 10:30:00,0.85714996
2021-09-21 10:30:00,0.578675
2021-09-22 10:30:00,0.6526625
2021-09-23 10:30:00,0.72319996
2021-09-24 10:30:00,0.8954125
2021-09-25 10:30:00,0.9065
2021-09-26 10:30:00,0.9177375
2021-09-27 10:30:00,0.679175
2021-09-28 10:30:00,0.5343125
2021-09-29 10:30:00,0.5457875
2021-09-30 10:30:00,0.6285375
2021-10-01 10:30:00,0.6727625
2021-10-02 10:30:00,0.55747503
2021-10-03 10:30:00,0.8747625
2021-10-04 10:30:00,0.680075
2021-10-05 10:30:00,0.5621875
2021-10-06 10:30:00,0.62756246
2021-10-07 10:30:00,0.588525
2021-10-08 10:30:00,0.5337
2021-10-09 10:30:00,0.5112625
2021-10-10 10:30:00,0.5311125
2021-10-11 10:30:00,0.536725
2021-10-12 10:30:00,0.5088625
2021-10-13 10:30:00,0.50949997
2021-10-14 10:30:00,0.57431245
2021-10-15 10:30:00,0.51014996
2021-10-16 10:30:00,0.50575
2021-10-17 10:30:00,0.68112504
2021-10-18 10:30:00,0.6149375
2021-10-19 10:30:00,0.594
2021-10-20 10:30:00,0.61185
2021-10-21 10:30:00,0.57747495
2021-10-22 10:30:00,0.5556375
2021-10-23 10:30:00,0.5261375
2021-10-24 10:30:00,0.5187625
2021-10-25 10:30:00,0.4679
2021-10-26 10:30:00,0.5212
2021-10-27 10:30:00,0.51705
2021-10-28 10:30:00,0.5674375
2021-10-29 10:30:00,0.47951248
2021-10-30 10:30:00,0.62049997
2021-10-31 10:30:00,0.5511125
2021-11-01 10:30:00,0.636525
2021-11-02 10:30:00,0.65577495
2021-11-03 10:30:00,0.65129995
2021-11-04 10:30:00,0.6291125
2021-11-05 10:30:00,0.5760125
2021-11-06 10:30:00,0.5174375
2021-11-07 10:30:00,0.5916875
2021-11-08 10:30:00,0.42819998
2021-11-09 10:30:00,0.58
2021-11-10 10:30:00,0.504975
2021-11-11 10:30:00,0.4379
2021-11-12 10:30:00,0.5098875
2021-11-13 10:30:00,0.624775
2021-11-14 10:30:00,0.64503753
2021-11-15 10:30:00,0.68667495
2021-11-16 10:30:00,0.665075
2021-11-17 10:30:00,0.568175
2021-11-18 10:30:00,0.55373746
2021-11-19 10:30:00,0.643125
2021-11-20 10:30:00,0.712825
2021-11-21 10:30:00,0.814575
2021-11-22 10:30:00,0.5834625
2021-11-23 10:30:00,0.5232125
2021-11-24 10:30:00,0.55965
2021-11-25 10:30:00,0.5578375
2021-11-26 10:30:00,0.67018753
2021-11-27 10:30:00,0.72177494
2021-11-28 10:30:00,0.64866245
2021-11-29 10:30:00,0.6703875
2021-11-30 10:30:00,0.624025
2021-12-01 10:30:00,0.6606749
2021-12-02 10:30:00,0.53354996
2021-12-03 10:30:00,0.47924998
2021-12-04 10:30:00,0.7018875
2021-12-05 10:30:00,0.5943
2021-12-06 10:30:00,0.5532
2021-12-07 10:30:00,0.62412494
2021-12-08 10:30:00,0.6852125
2021-12-09 10:30:00,0.73289996
2021-12-10 10:30:00,0.6032875
2021-12-11 10:30:00,0.54855
2021-12-12 10:30:00,0.5575875
2021-12-13 10:30:00,0.593675
2021-12-14 10:30:00,0.5966125
2021-12-15 10:30:00,0.6972249
2021-12-16 10:30:00,0.513325
2021-12-17 10:30:00,0.53205
2021-12-18 10:30:00,0.64827496
2021-12-19 10:30:00,0.67155
2021-12-20 10:30:00,0.45874998
2021-12-21 10:30:00,0.503125
2021-12-22 10:30:00,0.6042875
2021-12-23 10:30:00,0.48663747
2021-12-24 10:30:00,0.4843
2021-12-25 10:30:00,0.512975
2021-12-26 10:30:00,0.571725
2021-12-27 10:30:00,0.6542375
2021-12-28 10:30:00,0.558625
2021-12-29 10:30:00,0.5845125
2021-12-30 10:30:00,0.5236625
2021-12-31 10:30:00,0.564225
2022-01-01 10:30:00,0.5688625
2022-01-02 10:30:00,0.55027497
2022-01-03 10:30:00,0.5224375
2022-01-04 10:30:00,0.65121245
2022-01-05 10:30:00,0.585525
2022-01-06 10:30:00,0.67612493
2022-01-07 10:30:00,0.60487497
2022-01-08 10:30:00,0.64616245
2022-01-09 10:30:00,0.5248375
2022-01-10 10:30:00,0.51858747
2022-01-11 10:30:00,0.49412498
2022-01-12 10:30:00,0.5361125
2022-01-13 10:30:00,0.58685
2022-01-14 10:30:00,0.63545
2022-01-15 10:30:00,0.51205003
2022-01-16 10:30:00,0.5156
2022-01-17 10:30:00,0.54592496
2022-01-18 10:30:00,0.547425
2022-01-19 10:30:00,0.49546248
2022-01-20 10:30:00,0.4639625
2022-01-21 10:30:00,0.47623748
2022-01-22 10:30:00,0.61875
2022-01-23 10:30:00,0.5745625
2022-01-24 10:30:00,0.688375
2022-01-25 10:30:00,0.5724875
2022-01-26 10:30:00,0.5697
2022-01-27 10:30:00,0.56901246
2022-01-28 10:30:00,0.46131247
2022-01-29 10:30:00,0.4235125
2022-01-30 10:30:00,0.47226247
2022-01-31 10:30:00,0.49607497
2022-02-01 10:30:00,0.511525
2022-02-02 10:30:00,0.49261248
2022-02-03 10:30:00,0.4707375
2022-02-04 10:30:00,0.4593125
2022-02-05 10:30:00,0.50581247
2022-02-06 10:30:00,0.457125
2022-02-07 10:30:00,0.586225
2022-02-08 10:30:00,0.575925
2022-02-09 10:30:00,0.54246247
2022-02-10 10:30:00,0.72357494
2022-02-11 10:30:00,0.58147496
2022-02-12 10:30:00,0.5649625
2022-02-13 10:30:00,0.55361253
2022-02-14 10:30:00,0.5764375
2022-02-15 10:30:00,0.536475
2022-02-16 10:30:00,0.50255
2022-02-17 10:30:00,0.5422
2022-02-18 10:30:00,0.6141
2022-02-19 10:30:00,0.49877498
2022-02-20 10:30:00,0.529575
2022-02-21 10:30:00,0.514975
2022-02-22 10:30:00,0.5200125
2022-02-23 10:30:00,0.48232496
2022-02-24 10:30:00,0.463725
2022-02-25 10:30:00,0.55175
2022-02-26 10:30:00,0.5586625
2022-02-27 10:30:00,0.57932496
2022-02-28 10:30:00,0.582775
2022-03-01 10:30:00,0.5020875
2022-03-02 10:30:00,0.5214625
2022-03-03 10:30:00,0.47919998
2022-03-04 10:30:00,0.50221246
2022-03-05 10:30:00,0.44792497
2022-03-06 10:30:00,0.31182498
2022-03-07 10:30:00,0.4027
2022-03-08 10:30:00,0.45318747
2022-03-09 10:30:00,0.384025
2022-03-10 10:30:00,0.1867
2022-03-11 10:30:00,0.223575
2022-03-12 10:30:00,0.72715
2022-03-13 10:30:00,0.689475
2022-03-14 10:30:00,0.6699875
2022-03-15 10:30:00,0.6139375
2022-03-16 10:30:00,0.4096
2022-03-17 10:30:00,0.4262625
2022-03-18 10:30:00,0.51068753
2022-03-19 10:30:00,0.439775
2022-03-20 10:30:00,0.4795375
2022-03-21 10:30:00,0.4107125
2022-03-22 10:30:00,0.3645
2022-03-23 10:30:00,0.644525
2022-03-24 10:30:00,0.73135
2022-03-25 10:30:00,0.69198745
2022-03-26 10:30:00,0.5204
2022-03-27 10:30:00,0.5439125
2022-03-28 10:30:00,0.43708748
2022-03-29 10:30:00,0.332475
2022-03-30 10:30:00,0.3532125
2022-03-31 10:30:00,0.3825625
2022-04-01 10:30:00,0.3668125
2022-04-02 10:30:00,0.3974875
2022-04-03 10:30:00,0.34321252
2022-04-04 10:30:00,0.3491875
2022-04-05 10:30:00,0.39048752
2022-04-06 10:30:00,0.35785
2022-04-07 10:30:00,0.37365
2022-04-08 10:30:00,0.3523875
2022-04-09 10:30:00,0.2246125
2022-04-10 10:30:00,0.4369625
2022-04-11 10:30:00,0.3691125
2022-04-12 10:30:00,0.4455625
2022-04-13 10:30:00,0.4094
2022-04-14 10:30:00,0.33421248
2022-04-15 10:30:00,0.313525
2022-04-16 10:30:00,0.4046375
2022-04-17 10:30:00,0.367575
2022-04-18 10:30:00,0.3757125
2022-04-19 10:30:00,0.32873747
2022-04-20 10:30:00,0.30171248
2022-04-21 10:30:00,0.640475
2022-04-22 10:30:00,0.5008
2022-04-23 10:30:00,0.5359375
2022-04-24 10:30:00,0.5166375
2022-04-25 10:30:00,0.66964996
2022-04-26 10:30:00,0.3971375
2022-04-27 10:30:00,0.3969375
2022-04-28 10:30:00,0.26049998
2022-04-29 10:30:00,0.5904625
2022-04-30 10:30:00,0.485275
2022-05-01 10:30:00,0.35494998
2022-05-02 10:30:00,0.38327497
2022-05-03 10:30:00,0.51221246
2022-05-04 10:30:00,0.404225
2022-05-05 10:30:00,0.7161625
2022-05-06 10:30:00,0.39810002
2022-05-07 10:30:00,0.28515
2022-05-08 10:30:00,0.2533875
2022-05-09 10:30:00,0.25968748
2022-05-10 10:30:00,0.5267
2022-05-11 10:30:00,0.6269625
2022-05-12 10:30:00,0.6378125
2022-05-13 10:30:00,0.625775
2022-05-14 10:30:00,0.44932497
2022-05-15 10:30:00,0.365325
2022-05-16 10:30:00,0.335225
2022-05-17 10:30:00,0.3300875
2022-05-18 10:30:00,0.41968748
2022-05-19 10:30:00,0.44512498
2022-05-20 10:30:00,0.3241125
2022-05-21 10:30:00,0.37411252
2022-05-22 10:30:00,0.4018
2022-05-23 10:30:00,0.4821625
2022-05-24 10:30:00,0.6070125
2022-05-25 10:30:00,0.4781625
2022-05-26 10:30:00,0.48529997
2022-05-27 10:30:00,0.38198748
2022-05-28 10:30:00,0.42624998
2022-05-29 10:30:00,0.75345
2022-05-30 10:30:00,0.79671246
2022-05-31 10:30:00,0.6654625
2022-06-01 10:30:00,0.7012625
2022-06-02 10:30:00,0.54791254
2022-06-03 10:30:00,0.68805
2022-06-04 10:30:00,0.78449994
2022-06-05 10:30:00,0.55939996
2022-06-06 10:30:00,0.5641625
2022-06-07 10:30:00,0.73496246
2022-06-08 10:30:00,0.62705
2022-06-09 10:30:00,0.6163375
2022-06-10 10:30:00,0.63612497
2022-06-11 10:30:00,0.72561246
2022-06-12 10:30:00,0.9245375
2022-06-13 10:30:00,0.8510375
2022-06-14 10:30:00,0.84137493
2022-06-15 10:30:00,0.74315
2022-06-16 10:30:00,0.78138745
2022-06-17 10:30:00,0.63476247
2022-06-18 10:30:00,0.6379375
2022-06-19 10:30:00,0.64818746
2022-06-20 10:30:00,0.7143875
2022-06-21 10:30:00,0.5538625
2022-06-22 10:30:00,0.5682625
2022-06-23 10:30:00,0.72418743
2022-06-24 10:30:00,0.78795
2022-06-25 10:30:00,0.83716244
2022-06-26 10:30:00,0.7301125
2022-06-27 10:30:00,0.8268125
2022-06-28 10:30:00,0.664325
2022-06-29 10:30:00,0.6753
2022-06-30 10:30:00,0.7797875
2022-07-01 10:30:00,0.78017503
2022-07-02 10:30:00,0.81723756
2022-07-03 10:30:00,0.7362874
2022-07-04 10:30:00,0.6797
2022-07-05 10:30:00,0.7948375
2022-07-06 10:30:00,0.68558747
2022-07-07 10:30:00,0.67803746
2022-07-08 10:30:00,0.72725
2022-07-09 10:30:00,0.726825
2022-07-10 10:30:00,0.7046499
2022-07-11 10:30:00,0.663125
2022-07-12 10:30:00,0.6381
2022-07-13 10:30:00,0.7778624
2022-07-14 10:30:00,0.752575
2022-07-15 10:30:00,0.84308743
2022-07-16 10:30:00,0.83519995
2022-07-17 10:30:00,0.8090124
2022-07-18 10:30:00,0.790475
2022-07-19 10:30:00,0.64347494
2022-07-20 10:30:00,0.71845
2022-07-21 10:30:00,0.7467125
2022-07-22 10:30:00,0.81754994
2022-07-23 10:30:00,0.87247497
2022-07-24 10:30:00,0.90512496
2022-07-25 10:30:00,0.8004125
2022-07-26 10:30:00,0.9063375
2022-07-27 10:30:00,0.87453747
2022-07-28 10:30:00,0.837675
2022-07-29 10:30:00,0.7808
2022-07-30 10:30:00,0.81801254
2022-07-31 10:30:00,0.708425
2022-08-01 10:30:00,0.68230003
2022-08-02 10:30:00,0.7179125
2022-08-03 10:30:00,0.751
2022-08-04 10:30:00,0.8634375
2022-08-05 10:30:00,0.6368125
2022-08-06 10:30:00,0.59244996
2022-08-07 10:30:00,0.66671246
2022-08-08 10:30:00,0.62022495
2022-08-09 10:30:00,0.59112495
2022-08-10 10:30:00,0.597675
2022-08-11 10:30:00,0.68714994
2022-08-12 10:30:00,0.646125
2022-08-13 10:30:00,0.696725
2022-08-14 10:30:00,0.6614125
2022-08-15 10:30:00,0.83425003
2022-08-16 10:30:00,0.6137875
2022-08-17 10:30:00,0.5120375
2022-08-18 10:30:00,0.6434375
2022-08-19 10:30:00,0.57879996
2022-08-20 10:30:00,0.6141125
2022-08-21 10:30:00,0.6536875
2022-08-22 10:30:00,0.6761625
2022-08-23 10:30:00,0.676125
2022-08-24 10:30:00,0.6918
2022-08-25 10:30:00,0.6080875
2022-08-26 10:30:00,0.697975
2022-08-27 10:30:00,0.69044995
2022-08-28 10:30:00,0.66871244
2022-08-29 10:30:00,0.6902
2022-08-30 10:30:00,0.71137494
2022-08-31 10:30:00,0.6498
2022-09-01 10:30:00,0.5821875
2022-09-02 10:30:00,0.6094875
2022-09-03 10:30:00,0.64768744
2022-09-04 10:30:00,0.6885375
2022-09-05 10:30:00,0.608375
2022-09-06 10:30:00,0.5848125
2022-09-07 10:30:00,0.59638745
2022-09-08 10:30:00,0.6260375
2022-09-09 10:30:00,0.642025
2022-09-10 10:30:00,0.57998747
2022-09-11 10:30:00,0.42103752
2022-09-12 10:30:00,0.5889625
2022-09-13 10:30:00,0.6804625
2022-09-14 10:30:00,0.630475
2022-09-15 10:30:00,0.7322875
2022-09-16 10:30:00,0.69723743
2022-09-17 10:30:00,0.533125
2022-09-18 10:30:00,0.50579995
2022-09-19 10:30:00,0.3328125
2022-09-20 10:30:00,0.42333746
2022-09-21 10:30:00,0.46704996
2022-09-22 10:30:00,0.79402494
2022-09-23 10:30:00,0.6574625
2022-09-24 10:30:00,0.4677375
2022-09-25 10:30:00,0.4477875
2022-09-26 10:30:00,0.541875
2022-09-27 10:30:00,0.42194998
2022-09-28 10:30:00,0.5458875
2022-09-29 10:30:00,0.54395
2022-09-30 10:30:00,0.8342125
2022-10-01 10:30:00,0.78578746
2022-10-02 10:30:00,0.67913747
2022-10-03 10:30:00,0.5238375
2022-10-04 10:30:00,0.50408745
2022-10-05 10:30:00,0.54491246
2022-10-06 10:30:00,0.62123746
2022-10-07 10:30:00,0.59415
2022-10-08 10:30:00,0.721175
2022-10-09 10:30:00,0.5236375
2022-10-10 10:30:00,0.4025125
2022-10-11 10:30:00,0.47181252
2022-10-12 10:30:00,0.40026248
2022-10-13 10:30:00,0.4835
2022-10-14 10:30:00,0.4352
2022-10-15 10:30:00,0.38432497
2022-10-16 10:30:00,0.52235
2022-10-17 10:30:00,0.49766248
2022-10-18 10:30:00,0.5666125
2022-10-19 10:30:00,0.35443747
2022-10-20 10:30:00,0.42295
2022-10-21 10:30:00,0.5972125
2022-10-22 10:30:00,0.6058125
2022-10-23 10:30:00,0.53328747
2022-10-24 10:30:00,0.556475
2022-10-25 10:30:00,0.395925
2022-10-26 10:30:00,0.55268747
2022-10-27 10:30:00,0.52151245
2022-10-28 10:30:00,0.5642625
2022-10-29 10:30:00,0.6008375
2022-10-30 10:30:00,0.6807125
2022-10-31 10:30:00,0.63105
2022-11-01 10:30:00,0.4799375
2022-11-02 10:30:00,0.430275
2022-11-03 10:30:00,0.53015
2022-11-04 10:30:00,0.5338
2022-11-05 10:30:00,0.59615
2022-11-06 10:30:00,0.63436246
2022-11-07 10:30:00,0.62553746
2022-11-08 10:30:00,0.579775
2022-11-09 10:30:00,0.51493746
2022-11-10 10:30:00,0.56936246
2022-11-11 10:30:00,0.6195875
2022-11-12 10:30:00,0.6036375
2022-11-13 10:30:00,0.61698747
2022-11-14 10:30:00,0.66311246
2022-11-15 10:30:00,0.5820875
2022-11-16 10:30:00,0.63892496
2022-11-17 10:30:00,0.6147625
2022-11-18 10:30:00,0.5338125
2022-11-19 10:30:00,0.6209625
2022-11-20 10:30:00,0.5809
2022-11-21 10:30:00,0.64239997
2022-11-22 10:30:00,0.65652496
2022-11-23 10:30:00,0.68474996
2022-11-24 10:30:00,0.83995
2022-11-25 10:30:00,0.58045
2022-11-26 10:30:00,0.5604
2022-11-27 10:30:00,0.7437625
2022-11-28 10:30:00,0.65569997
2022-11-29 10:30:00,0.4793625
2022-11-30 10:30:00,0.478875
2022-12-01 10:30:00,0.5786875
2022-12-02 10:30:00,0.5786125
2022-12-03 10:30:00,0.5365875
2022-12-04 10:30:00,0.567325
2022-12-05 10:30:00,0.5529375
2022-12-06 10:30:00,0.636
2022-12-07 10:30:00,0.60825
2022-12-08 10:30:00,0.6068625
2022-12-09 10:30:00,0.601775
2022-12-10 10:30:00,0.6535375
2022-12-11 10:30:00,0.57296246
2022-12-12 10:30:00,0.503325
2022-12-13 10:30:00,0.471375
2022-12-14 10:30:00,0.42935002
2022-12-15 10:30:00,0.54596245
2022-12-16 10:30:00,0.50198746
2022-12-17 10:30:00,0.5069625
2022-12-18 10:30:00,0.44807497
2022-12-19 10:30:00,0.56673753
2022-12-20 10:30:00,0.68091244
2022-12-21 10:30:00,0.50665
2022-12-22 10:30:00,0.4868875
2022-12-23 10:30:00,0.476225
2022-12-24 10:30:00,0.4237625
2022-12-25 10:30:00,0.6104
2022-12-26 10:30:00,0.718925
2022-12-27 10:30:00,0.6533375
2022-12-28 10:30:00,0.5499875
2022-12-29 10:30:00,0.534425
2022-12-30 10:30:00,0.551475
2022-12-31 10:30:00,0.504625
